crown_height,max_stress,mean_stress,cable_tension,boundary_reaction_mean
0.05054409,6855.88345231,5897.96635487,298.22300659,313.96531605
