crown_height,max_stress,mean_stress,cable_tension,boundary_reaction_mean
0.03691271,7806.23999263,7397.96775276,118.78069734,437.27596850
