crown_height,max_stress,mean_stress,cable_tension,boundary_reaction_mean
0.12813859,2288.41473083,1274.70392826,338.73434800,65.28099159
