crown_height,max_stress,mean_stress,cable_tension,boundary_reaction_mean
0.06171905,5114.93068512,4448.63821167,168.06854716,240.06507218
