crown_height,max_stress,mean_stress,cable_tension,boundary_reaction_mean
0.06817364,2289.10744694,2069.44007877,86.09542058,130.22767432
