crown_height,max_stress,mean_stress,cable_tension,boundary_reaction_mean
0.04157446,7365.16592993,7224.57237873,49.21208454,386.10764524
