crown_height,max_stress,mean_stress,cable_tension,boundary_reaction_mean
0.07942452,3449.60750414,2600.74931313,344.28772548,168.78094897
