crown_height,max_stress,mean_stress,cable_tension,boundary_reaction_mean
0.23089848,2660.58390717,1100.51642342,527.15344293,34.75895508
