crown_height,max_stress,mean_stress,cable_tension,boundary_reaction_mean
0.09876666,4129.27366100,2798.97472852,428.17434087,152.06316393
