crown_height,max_stress,mean_stress,cable_tension,boundary_reaction_mean
0.15574488,2240.92973394,1591.21888439,109.28392505,80.56091170
