crown_height,max_stress,mean_stress,cable_tension,boundary_reaction_mean
0.06329613,7408.83434256,5145.97712046,547.59314582,295.73023540
