crown_height,max_stress,mean_stress,cable_tension,boundary_reaction_mean
0.05101305,6797.32771120,6374.79431318,123.14659288,346.52352913
