crown_height,max_stress,mean_stress,cable_tension,boundary_reaction_mean
0.06540519,5870.34401856,3931.84619882,412.24219956,213.22103153
