crown_height,max_stress,mean_stress,cable_tension,boundary_reaction_mean
0.02553472,5382.53237606,5139.66735039,54.14272151,285.59677109
