crown_height,max_stress,mean_stress,cable_tension,boundary_reaction_mean
0.11023575,4266.92173334,2409.46907181,453.42756937,119.17328196
