crown_height,max_stress,mean_stress,cable_tension,boundary_reaction_mean
0.11943530,4149.10425695,2795.62586326,312.84046933,139.48853617
