crown_height,max_stress,mean_stress,cable_tension,boundary_reaction_mean
0.12762804,1925.85657171,1144.28497205,166.91845261,59.19158342
