crown_height,max_stress,mean_stress,cable_tension,boundary_reaction_mean
0.05379236,5973.67436892,5297.97114379,147.55894087,292.43248681
