crown_height,max_stress,mean_stress,cable_tension,boundary_reaction_mean
0.06477898,5476.28930512,3881.43834462,392.54444810,209.51260575
