crown_height,max_stress,mean_stress,cable_tension,boundary_reaction_mean
0.06286241,6280.05018991,6130.36640004,26.82224792,341.65810975
