crown_height,max_stress,mean_stress,cable_tension,boundary_reaction_mean
0.04795161,8085.60573808,7314.49570880,152.83462390,395.50168923
