crown_height,max_stress,mean_stress,cable_tension,boundary_reaction_mean
0.12588208,2929.31858937,2484.28682315,74.50207311,119.93716250
