crown_height,max_stress,mean_stress,cable_tension,boundary_reaction_mean
0.03693216,6464.46724034,5736.55893548,217.97552235,342.56660845
