crown_height,max_stress,mean_stress,cable_tension,boundary_reaction_mean
0.15543593,2500.69409603,1789.06048344,278.07940247,98.60924790
