crown_height,max_stress,mean_stress,cable_tension,boundary_reaction_mean
0.07909124,4187.15970040,3760.85163141,145.39549510,205.38956374
