crown_height,max_stress,mean_stress,cable_tension,boundary_reaction_mean
0.03315739,6531.03758061,5523.08854340,209.99248005,296.86061913
