crown_height,max_stress,mean_stress,cable_tension,boundary_reaction_mean
0.10494003,2102.61451928,1990.01920762,21.43394980,124.45092699
