crown_height,max_stress,mean_stress,cable_tension,boundary_reaction_mean
0.03657344,8942.15299548,7201.02831515,511.44867967,389.95371595
