crown_height,max_stress,mean_stress,cable_tension,boundary_reaction_mean
0.21027988,2581.57954248,1382.75884074,303.81735747,56.57718682
