crown_height,max_stress,mean_stress,cable_tension,boundary_reaction_mean
0.08467661,3166.96858745,1785.07711624,241.01758638,83.93614171
