crown_height,max_stress,mean_stress,cable_tension,boundary_reaction_mean
0.09102544,3640.08712445,3498.36687516,35.98536087,181.27567512
