crown_height,max_stress,mean_stress,cable_tension,boundary_reaction_mean
0.04123868,4054.88001133,2758.76363660,306.69157292,184.12474549
