crown_height,max_stress,mean_stress,cable_tension,boundary_reaction_mean
0.04167322,6931.08678768,6427.28219674,140.53123176,381.91631473
