crown_height,max_stress,mean_stress,cable_tension,boundary_reaction_mean
0.17491141,4301.34635244,2146.90696370,538.22186481,102.02156576
