crown_height,max_stress,mean_stress,cable_tension,boundary_reaction_mean
0.12604159,4143.77898440,3200.48220941,204.66073272,165.49694565
