crown_height,max_stress,mean_stress,cable_tension,boundary_reaction_mean
0.03639913,6846.70777838,6788.70171214,14.35856951,373.35417296
