crown_height,max_stress,mean_stress,cable_tension,boundary_reaction_mean
0.08789256,3878.51025204,2554.55695449,231.80760524,155.46537903
