crown_height,max_stress,mean_stress,cable_tension,boundary_reaction_mean
0.04677742,4426.62270364,3254.14960341,371.02492093,183.05082304
