crown_height,max_stress,mean_stress,cable_tension,boundary_reaction_mean
0.13905343,2330.50564813,2078.95359178,46.52755699,122.91785435
