crown_height,max_stress,mean_stress,cable_tension,boundary_reaction_mean
0.11030711,2199.54209065,1357.99255337,272.65415754,77.93274627
