crown_height,max_stress,mean_stress,cable_tension,boundary_reaction_mean
0.13083820,2973.23829750,2439.22086647,108.07671090,126.05906264
