crown_height,max_stress,mean_stress,cable_tension,boundary_reaction_mean
0.09756699,3144.38396240,1850.75799526,297.20842726,100.09624601
