crown_height,max_stress,mean_stress,cable_tension,boundary_reaction_mean
0.15467694,2755.57402455,1943.37466637,188.68531315,107.96253419
