crown_height,max_stress,mean_stress,cable_tension,boundary_reaction_mean
0.03317071,5099.39373604,3752.52983841,387.12152289,214.60726694
