crown_height,max_stress,mean_stress,cable_tension,boundary_reaction_mean
0.03704157,3171.57967710,3031.89882241,45.96559273,182.73760463
