crown_height,max_stress,mean_stress,cable_tension,boundary_reaction_mean
0.10232009,4599.67364113,3753.02945096,142.19840681,197.22330892
