crown_height,max_stress,mean_stress,cable_tension,boundary_reaction_mean
0.02446349,7764.27022014,7429.21264632,92.08309822,470.70765681
