crown_height,max_stress,mean_stress,cable_tension,boundary_reaction_mean
0.08889252,4079.32102810,3936.36672324,15.82557737,205.52234230
