crown_height,max_stress,mean_stress,cable_tension,boundary_reaction_mean
0.06933975,4545.95563429,3737.34166227,223.33878280,219.23010019
