crown_height,max_stress,mean_stress,cable_tension,boundary_reaction_mean
0.06010373,3772.50575060,3195.07287744,159.29431805,182.63649130
