crown_height,max_stress,mean_stress,cable_tension,boundary_reaction_mean
0.16778808,4103.01375064,1623.42174475,585.02429036,81.70571347
