crown_height,max_stress,mean_stress,cable_tension,boundary_reaction_mean
0.10118813,3350.16110593,3087.11188561,83.59078474,204.05958920
