crown_height,max_stress,mean_stress,cable_tension,boundary_reaction_mean
0.24202627,3678.76974101,1106.12238811,1314.58534280,33.66475519
