crown_height,max_stress,mean_stress,cable_tension,boundary_reaction_mean
0.02539883,7569.86573964,6946.58430001,210.77805121,377.88497624
