crown_height,max_stress,mean_stress,cable_tension,boundary_reaction_mean
0.14765143,2841.47862231,2361.29074924,136.50806040,142.42919314
