crown_height,max_stress,mean_stress,cable_tension,boundary_reaction_mean
0.05188710,6141.96765493,5590.92136751,116.30869320,300.93720019
