crown_height,max_stress,mean_stress,cable_tension,boundary_reaction_mean
0.05902377,7046.74982198,4827.89386034,512.63824354,257.88246148
