crown_height,max_stress,mean_stress,cable_tension,boundary_reaction_mean
0.07971883,5358.28448412,4452.60576814,212.56265266,255.10297416
