crown_height,max_stress,mean_stress,cable_tension,boundary_reaction_mean
0.07427459,3532.48185564,2970.77021224,104.35903665,152.23047919
