crown_height,max_stress,mean_stress,cable_tension,boundary_reaction_mean
0.03977345,7614.68149085,6302.20000167,349.50976020,338.43717484
