crown_height,max_stress,mean_stress,cable_tension,boundary_reaction_mean
0.08684421,4318.31633630,2756.36534113,376.23084367,163.40080483
