crown_height,max_stress,mean_stress,cable_tension,boundary_reaction_mean
0.08386008,3862.60003897,2935.52749687,362.01029418,176.41373981
