crown_height,max_stress,mean_stress,cable_tension,boundary_reaction_mean
0.09877762,3550.71403965,2250.17280331,295.67993156,138.88659089
