crown_height,max_stress,mean_stress,cable_tension,boundary_reaction_mean
0.04690278,4404.72745169,3694.57211236,168.78226620,195.01067689
