crown_height,max_stress,mean_stress,cable_tension,boundary_reaction_mean
0.06612571,6264.62265752,4950.13945154,250.26735000,264.30453851
