crown_height,max_stress,mean_stress,cable_tension,boundary_reaction_mean
0.21450982,2385.25787783,1285.26612392,430.99251698,54.15153562
