crown_height,max_stress,mean_stress,cable_tension,boundary_reaction_mean
0.04020194,7775.13517744,7546.42150568,39.98985657,419.46779724
