crown_height,max_stress,mean_stress,cable_tension,boundary_reaction_mean
0.04326917,7459.49473410,6249.10837751,245.17674782,358.06300099
