crown_height,max_stress,mean_stress,cable_tension,boundary_reaction_mean
0.03770470,5914.01059901,5805.79788205,22.72883825,333.26745780
