crown_height,max_stress,mean_stress,cable_tension,boundary_reaction_mean
0.07397137,4712.81788831,4348.28598628,79.34976754,231.65853549
