crown_height,max_stress,mean_stress,cable_tension,boundary_reaction_mean
0.06312166,5935.15245874,5588.29659663,73.56307864,298.39235424
