crown_height,max_stress,mean_stress,cable_tension,boundary_reaction_mean
0.10073556,2804.51588391,2174.18287959,143.70479386,111.86784291
