crown_height,max_stress,mean_stress,cable_tension,boundary_reaction_mean
0.06826879,2307.77875430,2232.50129811,24.01537008,143.90747031
