crown_height,max_stress,mean_stress,cable_tension,boundary_reaction_mean
0.03845088,5027.65226597,4417.31339332,174.54630852,256.58968813
