crown_height,max_stress,mean_stress,cable_tension,boundary_reaction_mean
0.09411094,3863.08045508,3584.10126445,46.19119903,183.81767558
