crown_height,max_stress,mean_stress,cable_tension,boundary_reaction_mean
0.16030477,2170.05819447,1533.96485703,101.86346047,71.00669964
