crown_height,max_stress,mean_stress,cable_tension,boundary_reaction_mean
0.09579747,3622.41633693,3008.92634880,243.22450280,184.08048539
