crown_height,max_stress,mean_stress,cable_tension,boundary_reaction_mean
0.05048106,5430.40517487,5007.52656334,96.42870839,264.97805494
