crown_height,max_stress,mean_stress,cable_tension,boundary_reaction_mean
0.02415655,6821.57221029,5542.21769683,384.66951357,309.93800905
