crown_height,max_stress,mean_stress,cable_tension,boundary_reaction_mean
0.02132690,6841.88222804,6743.17291702,36.41660395,362.83368358
