crown_height,max_stress,mean_stress,cable_tension,boundary_reaction_mean
0.15178939,3013.33502258,1776.03537106,590.17138522,91.78009936
