crown_height,max_stress,mean_stress,cable_tension,boundary_reaction_mean
0.03271568,8163.11870783,7632.47813218,119.87207402,446.89689390
