crown_height,max_stress,mean_stress,cable_tension,boundary_reaction_mean
0.07546628,5388.01298760,4278.01649254,217.08811462,223.46322877
