crown_height,max_stress,mean_stress,cable_tension,boundary_reaction_mean
0.06193959,5025.10284938,4314.82610728,163.06399336,248.06668846
