crown_height,max_stress,mean_stress,cable_tension,boundary_reaction_mean
0.19702044,2881.93711491,1273.33889130,634.67255868,55.77519878
