crown_height,max_stress,mean_stress,cable_tension,boundary_reaction_mean
0.15489963,2348.97799435,1769.80400586,133.35382694,88.36090274
