crown_height,max_stress,mean_stress,cable_tension,boundary_reaction_mean
0.04975052,3472.27794996,2831.48117821,337.30893370,179.01912841
