crown_height,max_stress,mean_stress,cable_tension,boundary_reaction_mean
0.18599652,2101.09910457,1379.27153107,178.32330716,66.55941670
