crown_height,max_stress,mean_stress,cable_tension,boundary_reaction_mean
0.12983325,2260.15052701,1249.22469384,395.82053763,67.12456218
