crown_height,max_stress,mean_stress,cable_tension,boundary_reaction_mean
0.10048421,3919.79350427,2721.18885248,553.79204558,172.66831311
