crown_height,max_stress,mean_stress,cable_tension,boundary_reaction_mean
0.16690782,2429.02772497,1595.21237094,394.77379420,81.41706345
