crown_height,max_stress,mean_stress,cable_tension,boundary_reaction_mean
0.03707619,3934.04628551,3487.40695391,205.99584749,217.56065483
