crown_height,max_stress,mean_stress,cable_tension,boundary_reaction_mean
0.13090595,3274.38084281,2004.09750774,363.69832350,103.26237506
