crown_height,max_stress,mean_stress,cable_tension,boundary_reaction_mean
0.07583345,5167.70910544,4782.94090109,98.10713828,289.58276097
