crown_height,max_stress,mean_stress,cable_tension,boundary_reaction_mean
0.15232965,2399.38691441,2154.15613556,46.57346676,126.31717066
