crown_height,max_stress,mean_stress,cable_tension,boundary_reaction_mean
0.22496371,1653.76178376,1005.09889889,157.03588142,41.22726048
