crown_height,max_stress,mean_stress,cable_tension,boundary_reaction_mean
0.08282024,4023.24693983,3448.69931795,152.07481966,193.23523054
