crown_height,max_stress,mean_stress,cable_tension,boundary_reaction_mean
0.07524604,4742.75166125,4228.66627712,142.35528945,240.27485706
