crown_height,max_stress,mean_stress,cable_tension,boundary_reaction_mean
0.20443020,2862.84959941,1013.49751562,539.37991205,42.10629063
