crown_height,max_stress,mean_stress,cable_tension,boundary_reaction_mean
0.17507340,2054.17933955,1697.41095484,107.42473825,91.16665641
