crown_height,max_stress,mean_stress,cable_tension,boundary_reaction_mean
0.15680730,2219.57369165,1996.12118483,23.33238664,110.08472641
