crown_height,max_stress,mean_stress,cable_tension,boundary_reaction_mean
0.04725580,4081.91390940,3976.38414653,23.79501282,238.04506843
