crown_height,max_stress,mean_stress,cable_tension,boundary_reaction_mean
0.07925463,3079.28990114,2725.54866514,95.74325587,174.91027896
