crown_height,max_stress,mean_stress,cable_tension,boundary_reaction_mean
0.08278117,3023.29829407,2849.43838345,40.07559754,184.02769031
