crown_height,max_stress,mean_stress,cable_tension,boundary_reaction_mean
0.12119922,2623.69170898,2304.29964834,102.41956824,139.12828721
