crown_height,max_stress,mean_stress,cable_tension,boundary_reaction_mean
0.03465838,4984.70878341,4868.47202799,33.75448943,283.66581741
