crown_height,max_stress,mean_stress,cable_tension,boundary_reaction_mean
0.16091028,2296.64787475,1645.93834448,171.84095114,83.01219436
