crown_height,max_stress,mean_stress,cable_tension,boundary_reaction_mean
0.27806338,2337.71926869,1095.04781301,447.43904374,36.81053112
