crown_height,max_stress,mean_stress,cable_tension,boundary_reaction_mean
0.05484647,3737.97517882,3337.05237969,184.41882695,210.34118736
