crown_height,max_stress,mean_stress,cable_tension,boundary_reaction_mean
0.03691619,4756.91110642,3959.38026970,198.14388938,229.62506410
