crown_height,max_stress,mean_stress,cable_tension,boundary_reaction_mean
0.08148891,2731.62053777,2291.22226239,195.12413195,140.76006152
