crown_height,max_stress,mean_stress,cable_tension,boundary_reaction_mean
0.23614925,1887.32283929,1195.53687044,147.33766080,54.12910883
