crown_height,max_stress,mean_stress,cable_tension,boundary_reaction_mean
0.10776037,3435.08954005,2519.12540759,383.36330055,144.63448816
