crown_height,max_stress,mean_stress,cable_tension,boundary_reaction_mean
0.05191946,4849.47573568,4425.33538620,143.20968315,255.56882304
