crown_height,max_stress,mean_stress,cable_tension,boundary_reaction_mean
0.04237582,3591.29872629,2845.26735885,249.12671220,164.84365372
