crown_height,max_stress,mean_stress,cable_tension,boundary_reaction_mean
0.06533505,5689.04455674,4850.81121770,177.44417795,299.95936407
