crown_height,max_stress,mean_stress,cable_tension,boundary_reaction_mean
0.07816900,3236.93804480,2700.87634820,129.47212318,147.87966420
