crown_height,max_stress,mean_stress,cable_tension,boundary_reaction_mean
0.04772538,2514.03655461,2128.98935439,144.08245916,129.34527886
