crown_height,max_stress,mean_stress,cable_tension,boundary_reaction_mean
0.09393066,2548.82369208,2194.14335587,186.76517097,134.28031421
