crown_height,max_stress,mean_stress,cable_tension,boundary_reaction_mean
0.10943689,2643.41557589,2015.99421798,141.96517403,115.96240605
