crown_height,max_stress,mean_stress,cable_tension,boundary_reaction_mean
0.13547237,2898.49408738,1366.14262031,464.64681276,67.24012949
