crown_height,max_stress,mean_stress,cable_tension,boundary_reaction_mean
0.05388316,4799.56720825,4568.10881106,61.33675006,277.87306998
