crown_height,max_stress,mean_stress,cable_tension,boundary_reaction_mean
0.03464896,4367.10732711,3536.50781183,223.89635540,204.00041258
