crown_height,max_stress,mean_stress,cable_tension,boundary_reaction_mean
0.07209171,4799.53806623,4361.88014234,91.14714904,252.31370955
