crown_height,max_stress,mean_stress,cable_tension,boundary_reaction_mean
0.21475359,2463.28033490,1111.94276541,481.31142714,43.57871222
