crown_height,max_stress,mean_stress,cable_tension,boundary_reaction_mean
0.09589917,3028.67893722,2889.04211523,30.79739417,168.77713000
