crown_height,max_stress,mean_stress,cable_tension,boundary_reaction_mean
0.08487768,3191.35122293,2896.15818354,73.36285707,159.95118000
