crown_height,max_stress,mean_stress,cable_tension,boundary_reaction_mean
0.04843774,4258.54396650,3250.53569709,265.16146578,185.31979991
