crown_height,max_stress,mean_stress,cable_tension,boundary_reaction_mean
0.06319502,3074.60490617,2472.28181967,257.44264522,144.57238533
