crown_height,max_stress,mean_stress,cable_tension,boundary_reaction_mean
0.14894084,1920.11630969,1407.35384933,165.02251652,76.91769882
