crown_height,max_stress,mean_stress,cable_tension,boundary_reaction_mean
0.04699216,3682.45889752,3592.19756499,26.39923955,212.82465395
