crown_height,max_stress,mean_stress,cable_tension,boundary_reaction_mean
0.07412701,5038.82042791,3500.34206056,451.09385861,210.96026671
