crown_height,max_stress,mean_stress,cable_tension,boundary_reaction_mean
0.04075239,5270.65776692,4808.26578651,92.63764008,291.37357535
