crown_height,max_stress,mean_stress,cable_tension,boundary_reaction_mean
0.12812539,3334.07320851,2247.95967991,248.06915008,119.88656522
