crown_height,max_stress,mean_stress,cable_tension,boundary_reaction_mean
0.27253932,1993.18906132,1017.48244329,433.54662271,27.99097748
