crown_height,max_stress,mean_stress,cable_tension,boundary_reaction_mean
0.05659227,3403.30608596,2852.17795805,239.38641318,183.29135784
