crown_height,max_stress,mean_stress,cable_tension,boundary_reaction_mean
0.07672199,4131.23497215,3791.72326978,126.01513710,213.84968956
