crown_height,max_stress,mean_stress,cable_tension,boundary_reaction_mean
0.08312361,4149.82460443,3113.35192973,257.04307147,173.86006596
