crown_height,max_stress,mean_stress,cable_tension,boundary_reaction_mean
0.21982088,2264.85274997,1001.00826181,481.85746783,39.13904892
