crown_height,max_stress,mean_stress,cable_tension,boundary_reaction_mean
0.04119257,4495.47008430,3601.36982956,230.11382015,208.25733485
