crown_height,max_stress,mean_stress,cable_tension,boundary_reaction_mean
0.16109144,2070.77742833,1370.11237618,281.92895782,71.12359889
