crown_height,max_stress,mean_stress,cable_tension,boundary_reaction_mean
0.10936034,2956.66633400,2122.97104506,324.58250694,120.80390007
