crown_height,max_stress,mean_stress,cable_tension,boundary_reaction_mean
0.15087557,2869.47584893,2129.16346147,258.45535407,120.70190517
