crown_height,max_stress,mean_stress,cable_tension,boundary_reaction_mean
0.04678441,5227.04928491,4767.85942475,131.38694833,313.13830065
