crown_height,max_stress,mean_stress,cable_tension,boundary_reaction_mean
0.13705329,2698.42882327,2208.66210859,184.38554680,117.63514033
