crown_height,max_stress,mean_stress,cable_tension,boundary_reaction_mean
0.07344554,4357.20506568,3492.03964288,271.20303201,197.13373078
