crown_height,max_stress,mean_stress,cable_tension,boundary_reaction_mean
0.10710071,2935.96272624,2620.27213709,67.00074428,141.07210889
