crown_height,max_stress,mean_stress,cable_tension,boundary_reaction_mean
0.14501513,2301.81487571,2018.58587214,68.09617082,117.41216913
