crown_height,max_stress,mean_stress,cable_tension,boundary_reaction_mean
0.17020675,1970.54169502,1341.19906206,109.59577775,63.64127664
