crown_height,max_stress,mean_stress,cable_tension,boundary_reaction_mean
0.13563391,2918.26725500,2439.78759574,131.15759762,148.06411239
