crown_height,max_stress,mean_stress,cable_tension,boundary_reaction_mean
0.10153871,3770.88773140,3099.93945256,156.52997365,174.07605496
