crown_height,max_stress,mean_stress,cable_tension,boundary_reaction_mean
0.06596014,2593.32532800,2080.21412983,258.80982448,128.51181709
