crown_height,max_stress,mean_stress,cable_tension,boundary_reaction_mean
0.18098420,2976.55442264,1676.33057434,454.97547546,80.22497799
