crown_height,max_stress,mean_stress,cable_tension,boundary_reaction_mean
0.11037338,3517.94440732,2286.75246908,286.37807266,121.85261974
