crown_height,max_stress,mean_stress,cable_tension,boundary_reaction_mean
0.14443263,2490.19967486,2024.38696821,153.57157083,114.54399578
