crown_height,max_stress,mean_stress,cable_tension,boundary_reaction_mean
0.05895481,2158.65345676,2062.22998030,24.53366791,129.53132987
