crown_height,max_stress,mean_stress,cable_tension,boundary_reaction_mean
0.06813980,2904.80862726,2242.12865582,311.45620174,138.95466471
