crown_height,max_stress,mean_stress,cable_tension,boundary_reaction_mean
0.18800437,2726.07178968,1331.89791527,699.08938088,57.51060247
