crown_height,max_stress,mean_stress,cable_tension,boundary_reaction_mean
0.12083136,3306.43560435,2581.52739473,200.75001984,158.12782406
