crown_height,max_stress,mean_stress,cable_tension,boundary_reaction_mean
0.04218378,5276.10833806,4746.25118570,113.55158393,280.27205327
