crown_height,max_stress,mean_stress,cable_tension,boundary_reaction_mean
0.06649789,4980.85300924,4156.88715264,237.24576572,239.79222024
