crown_height,max_stress,mean_stress,cable_tension,boundary_reaction_mean
0.22068925,2136.58304754,890.98132690,1136.91262578,30.46008594
