crown_height,max_stress,mean_stress,cable_tension,boundary_reaction_mean
0.11140050,3913.20778195,2756.74177543,461.07444371,172.82828653
