crown_height,max_stress,mean_stress,cable_tension,boundary_reaction_mean
0.12245781,2711.57864984,2541.30490571,39.72024016,158.29027601
