crown_height,max_stress,mean_stress,cable_tension,boundary_reaction_mean
0.09456364,3072.52823552,2462.69663340,186.98957827,141.22963326
