crown_height,max_stress,mean_stress,cable_tension,boundary_reaction_mean
0.04763897,5393.54783213,4526.04992617,177.49019797,285.27093183
