crown_height,max_stress,mean_stress,cable_tension,boundary_reaction_mean
0.08512518,3786.07336099,3446.99695620,88.46646439,194.01212711
