crown_height,max_stress,mean_stress,cable_tension,boundary_reaction_mean
0.06812439,3832.24042121,3643.96524481,66.06058401,218.34367768
