crown_height,max_stress,mean_stress,cable_tension,boundary_reaction_mean
0.05515643,4411.64564390,4334.08132604,19.73539890,251.77880210
