crown_height,max_stress,mean_stress,cable_tension,boundary_reaction_mean
0.03560969,4610.05856187,4413.32333670,58.68929500,261.60814000
