crown_height,max_stress,mean_stress,cable_tension,boundary_reaction_mean
0.14498075,2515.18686619,1461.76414487,101.30726332,65.39711406
