crown_height,max_stress,mean_stress,cable_tension,boundary_reaction_mean
0.00042618,7800.12169480,4638.31898032,3715.68306105,248.98127677
