crown_height,max_stress,mean_stress,cable_tension,boundary_reaction_mean
0.04680125,8396.33081205,7266.13600102,248.76084439,387.73819845
