crown_height,max_stress,mean_stress,cable_tension,boundary_reaction_mean
0.18952033,2614.45683109,1305.93936029,747.58682100,64.70065917
