crown_height,max_stress,mean_stress,cable_tension,boundary_reaction_mean
0.03208344,7160.55545099,3698.94171938,4728.91512149,200.40302820
