crown_height,max_stress,mean_stress,cable_tension,boundary_reaction_mean
0.00070584,6021.50445939,2145.21000282,9898.22193126,106.13160659
