crown_height,max_stress,mean_stress,cable_tension,boundary_reaction_mean
0.00026439,10305.41534721,7044.40759469,1131.99256398,455.19070504
