crown_height,max_stress,mean_stress,cable_tension,boundary_reaction_mean
0.07331603,5600.93137303,3520.29479176,937.54228142,182.21133137
