crown_height,max_stress,mean_stress,cable_tension,boundary_reaction_mean
0.07090152,3701.29518241,3476.93525190,40.28683473,200.58157871
