crown_height,max_stress,mean_stress,cable_tension,boundary_reaction_mean
0.00030376,6264.87257398,2811.75022930,3413.85331216,173.61212255
