crown_height,max_stress,mean_stress,cable_tension,boundary_reaction_mean
0.00005892,4686.23540745,1089.31704265,8460.68623362,39.80545045
