crown_height,max_stress,mean_stress,cable_tension,boundary_reaction_mean
0.06009544,5720.07167751,4130.76830419,658.46140000,217.63240830
