crown_height,max_stress,mean_stress,cable_tension,boundary_reaction_mean
0.05245609,6042.80756947,4592.74051972,476.97964721,244.38062585
