crown_height,max_stress,mean_stress,cable_tension,boundary_reaction_mean
0.05956323,6628.74706518,6349.00128316,38.88479082,367.54317906
