crown_height,max_stress,mean_stress,cable_tension,boundary_reaction_mean
0.03134582,6305.43534343,3871.60588354,6134.69919004,230.39777518
