crown_height,max_stress,mean_stress,cable_tension,boundary_reaction_mean
0.03142559,5026.12724047,4752.86601976,36.47228179,256.81802465
