crown_height,max_stress,mean_stress,cable_tension,boundary_reaction_mean
0.03756694,4408.05206341,4009.14096835,79.63627010,225.24294298
