crown_height,max_stress,mean_stress,cable_tension,boundary_reaction_mean
0.05958969,5405.93160488,2340.60879458,1595.74660194,119.72250804
