crown_height,max_stress,mean_stress,cable_tension,boundary_reaction_mean
0.00012198,8894.02797580,2960.76949782,20888.86166639,200.76050386
