crown_height,max_stress,mean_stress,cable_tension,boundary_reaction_mean
0.11110479,4096.48262161,3883.11242077,13.85547816,219.28130650
