crown_height,max_stress,mean_stress,cable_tension,boundary_reaction_mean
0.03539274,7783.58320751,5739.22010568,5188.80884914,352.31423178
