crown_height,max_stress,mean_stress,cable_tension,boundary_reaction_mean
0.10845120,3022.86262935,1068.18895698,8349.65520407,51.10170832
