crown_height,max_stress,mean_stress,cable_tension,boundary_reaction_mean
0.07818326,4336.79518162,3524.78441294,169.67584183,200.11833716
