crown_height,max_stress,mean_stress,cable_tension,boundary_reaction_mean
0.08759448,4819.51621546,3326.37799238,415.87087985,174.56810429
