crown_height,max_stress,mean_stress,cable_tension,boundary_reaction_mean
0.04632496,5293.47930637,4468.41643055,227.61838870,243.77182983
