crown_height,max_stress,mean_stress,cable_tension,boundary_reaction_mean
0.07918971,4035.68918067,2901.23243215,308.72593647,193.72751318
