crown_height,max_stress,mean_stress,cable_tension,boundary_reaction_mean
0.12029678,2662.52439360,2049.04433698,101.76133103,125.69279262
