crown_height,max_stress,mean_stress,cable_tension,boundary_reaction_mean
0.18288936,3283.39695793,2734.14709510,65.22183247,133.55434107
