crown_height,max_stress,mean_stress,cable_tension,boundary_reaction_mean
0.19660639,3538.08948361,2037.50357051,13.78007962,118.34564944
