crown_height,max_stress,mean_stress,cable_tension,boundary_reaction_mean
0.13601964,3346.42473383,3074.62178181,19.28757084,151.85749492
