crown_height,max_stress,mean_stress,cable_tension,boundary_reaction_mean
0.10174926,4182.27700692,3368.95192712,13.17099913,226.23555888
