crown_height,max_stress,mean_stress,cable_tension,boundary_reaction_mean
0.11688782,2889.73581791,2751.88405583,10.48376036,180.25222956
