crown_height,max_stress,mean_stress,cable_tension,boundary_reaction_mean
0.08854148,3312.06266420,3224.54911488,13.52197009,210.67017389
