crown_height,max_stress,mean_stress,cable_tension,boundary_reaction_mean
0.21776425,4384.31011378,2360.10803488,36.56472692,148.23539042
