crown_height,max_stress,mean_stress,cable_tension,boundary_reaction_mean
0.08894169,4444.47484545,4000.31099324,17.53073365,255.01287149
