crown_height,max_stress,mean_stress,cable_tension,boundary_reaction_mean
0.12080079,2005.01235859,1886.82491441,11.62839806,108.08137518
