crown_height,max_stress,mean_stress,cable_tension,boundary_reaction_mean
0.00702517,2796.27581181,2780.25986645,55.06876718,121.02714739
