crown_height,max_stress,mean_stress,cable_tension,boundary_reaction_mean
0.12903954,2196.89076066,2052.46257721,14.16913879,122.08523191
