crown_height,max_stress,mean_stress,cable_tension,boundary_reaction_mean
0.10669998,2036.21299651,1967.52514664,10.16337197,121.82911457
