crown_height,max_stress,mean_stress,cable_tension,boundary_reaction_mean
0.11116860,2926.93816721,2737.60988807,10.09911848,148.74192164
