crown_height,max_stress,mean_stress,cable_tension,boundary_reaction_mean
0.00280447,2928.42949178,2926.98656602,21.64476426,120.65537883
