crown_height,max_stress,mean_stress,cable_tension,boundary_reaction_mean
0.17679507,2982.41526567,2379.79450878,29.52807970,127.25481290
