crown_height,max_stress,mean_stress,cable_tension,boundary_reaction_mean
0.11660860,4358.06554748,3718.85477655,21.88559753,239.76330811
