crown_height,max_stress,mean_stress,cable_tension,boundary_reaction_mean
0.16111087,3740.97125647,2959.73365775,35.78193170,180.06033745
