crown_height,max_stress,mean_stress,cable_tension,boundary_reaction_mean
0.14703401,3149.13027232,2842.12444438,21.11475363,146.74062701
