crown_height,max_stress,mean_stress,cable_tension,boundary_reaction_mean
0.09036714,3915.20779065,3356.62777799,11.87602673,224.89134876
