crown_height,max_stress,mean_stress,cable_tension,boundary_reaction_mean
0.27480998,2782.87621219,2051.18625861,16.03884859,109.83831974
