crown_height,max_stress,mean_stress,cable_tension,boundary_reaction_mean
0.08287097,2824.66450137,2392.50089240,11.80141790,138.75706416
