crown_height,max_stress,mean_stress,cable_tension,boundary_reaction_mean
0.23713837,3396.67170632,2080.15811422,54.04300637,111.26941923
