crown_height,max_stress,mean_stress,cable_tension,boundary_reaction_mean
0.08625734,3327.15835554,2864.38336342,11.29643470,169.70412824
