crown_height,max_stress,mean_stress,cable_tension,boundary_reaction_mean
0.09871645,2907.44853700,2798.88766936,19.40331385,147.28067642
