crown_height,max_stress,mean_stress,cable_tension,boundary_reaction_mean
0.10147005,2642.75919885,2059.61710554,13.84229439,111.10626921
