crown_height,max_stress,mean_stress,cable_tension,boundary_reaction_mean
0.13293718,2800.42827412,2548.39058146,12.16910157,133.79402920
