crown_height,max_stress,mean_stress,cable_tension,boundary_reaction_mean
0.18871007,4375.95047886,2528.55902909,26.05988499,166.75672542
