crown_height,max_stress,mean_stress,cable_tension,boundary_reaction_mean
0.22574511,2797.61187659,2055.88388331,37.20142477,110.24343192
