crown_height,max_stress,mean_stress,cable_tension,boundary_reaction_mean
0.00553591,3438.35593250,3427.54857555,28.04908905,144.18496578
