crown_height,max_stress,mean_stress,cable_tension,boundary_reaction_mean
0.01901802,3134.95726371,2975.35853632,181.46805388,114.61795401
