crown_height,max_stress,mean_stress,cable_tension,boundary_reaction_mean
0.23471438,2547.73643598,2116.42752400,52.36182179,102.09470378
