crown_height,max_stress,mean_stress,cable_tension,boundary_reaction_mean
0.11621147,3760.88936532,1811.79330268,19.69783755,110.19864269
