crown_height,max_stress,mean_stress,cable_tension,boundary_reaction_mean
0.12155505,2229.98948815,2069.95209739,13.37415595,116.67595226
