crown_height,max_stress,mean_stress,cable_tension,boundary_reaction_mean
0.20631926,2932.82056279,1046.24513130,253.29659700,40.20074004
