crown_height,max_stress,mean_stress,cable_tension,boundary_reaction_mean
0.16699905,2558.79312962,897.66041674,1154.80492492,34.72175205
