crown_height,max_stress,mean_stress,cable_tension,boundary_reaction_mean
0.20499732,2935.70951922,1049.75966043,243.88841608,39.82545992
