crown_height,max_stress,mean_stress,cable_tension,boundary_reaction_mean
0.19969827,5383.37492466,1106.25940085,384.87802452,42.65044516
