crown_height,max_stress,mean_stress,cable_tension,boundary_reaction_mean
0.17165869,6154.59611806,1022.80983561,849.16552715,38.48458019
