crown_height,max_stress,mean_stress,cable_tension,boundary_reaction_mean
0.17592986,2299.86986343,768.89818722,1246.44949279,28.60639275
