crown_height,max_stress,mean_stress,cable_tension,boundary_reaction_mean
0.15324378,3080.22189690,592.17804345,2886.31844547,28.26770638
