crown_height,max_stress,mean_stress,cable_tension,boundary_reaction_mean
0.16558583,2843.71719747,840.72366343,1354.36149869,31.23698433
