crown_height,max_stress,mean_stress,cable_tension,boundary_reaction_mean
0.21094919,4720.28439354,1139.74895587,214.65705559,46.28652246
