crown_height,max_stress,mean_stress,cable_tension,boundary_reaction_mean
0.19775770,2939.56661081,1023.30439914,353.76828014,39.06756022
