crown_height,max_stress,mean_stress,cable_tension,boundary_reaction_mean
0.17880145,6116.51113094,1058.99865892,703.18913087,40.67370044
