crown_height,max_stress,mean_stress,cable_tension,boundary_reaction_mean
0.15639941,2542.76370460,710.74883355,2808.44730716,29.93336921
