crown_height,max_stress,mean_stress,cable_tension,boundary_reaction_mean
0.16434896,3077.35882447,894.55654259,1188.58278293,35.59830091
