crown_height,max_stress,mean_stress,cable_tension,boundary_reaction_mean
0.21621531,2639.84252543,1071.15573062,133.47845891,41.04260172
