crown_height,max_stress,mean_stress,cable_tension,boundary_reaction_mean
0.14937370,3858.91398888,1027.64744344,1384.03406808,38.78238760
