crown_height,max_stress,mean_stress,cable_tension,boundary_reaction_mean
0.18856009,6050.24322439,1078.21235985,529.75169358,44.47974976
