crown_height,max_stress,mean_stress,cable_tension,boundary_reaction_mean
0.21158121,4733.60793521,1138.34857898,218.54095639,45.56942286
