crown_height,max_stress,mean_stress,cable_tension,boundary_reaction_mean
0.13412337,4605.55727838,641.01973321,4825.69107675,29.93380115
