motif,knit_dir,sf_wale,sf_course,pressure,crown_height,mean_stress,max_stress,verts_path,stress_path,H_fit_x0,H_binned_x0,r_x0,span_x0,H_fit_y0,H_binned_y0,r_y0,span_y0,apex_k_min,apex_k_max,apex_k_ratio,apex_k_max_dir_deg,apex_k_x,apex_k_y,apex_k_wale,apex_k_course,apex_H_apex,apex_n_fit,apex_fit_rms_mm,von_mises_x0,von_mises_y0,T_wale_x0,T_course_y0,sim_failed
1,0.0,1.0,1.0,1000.0,0.36579063,1224.41387615,1568.92949193,/home/chaoyu/phd_simulation/sensitivity_analysis/data/knit_dir_sweep_ellipse/m1_th000.00_verts.csv,/home/chaoyu/phd_simulation/sensitivity_analysis/data/knit_dir_sweep_ellipse/m1_th000.00_stress.csv,1.4959880266517134,1.5934510371098356,0.05252071979111523,1195.4345774948351,0.4695081336848119,0.6331225747674981,0.057845988046269683,2389.3671555874303,0.3498682272766833,1.4739444112195756,4.212855859168797,89.97410706882044,0.34986833454090505,1.473944181652959,1.473944181652959,0.34986833454090505,0.9119063192481295,35,0.1617917590976676,1384.9266105263157,1291.5260658536583,1469.788394736842,1341.906580487805,False
1,1.0,1.0,1.0,1000.0,0.36575436,1224.63042529,1569.15371085,/home/chaoyu/phd_simulation/sensitivity_analysis/data/knit_dir_sweep_ellipse/m1_th001.00_verts.csv,/home/chaoyu/phd_simulation/sensitivity_analysis/data/knit_dir_sweep_ellipse/m1_th001.00_stress.csv,1.4959125881460533,1.5983200210369348,0.052528973767771305,1195.4345774948351,0.4694774256139589,0.638537950195498,0.05791610743147452,2389.3671555874303,0.34984435742606235,1.4738782064490228,4.212954061322881,90.08299279936654,0.3498472070686261,1.4738758480900875,1.4734766644499562,0.3502520331118938,0.9118612819375426,35,0.1619450750070409,1385.5832263157893,1291.5352512195122,1469.1982631578946,1341.9031853658537,False
1,2.0,1.0,1.0,1000.0,0.36564385,1225.39367283,1569.69428307,/home/chaoyu/phd_simulation/sensitivity_analysis/data/knit_dir_sweep_ellipse/m1_th002.00_verts.csv,/home/chaoyu/phd_simulation/sensitivity_analysis/data/knit_dir_sweep_ellipse/m1_th002.00_stress.csv,1.4956972646922062,1.6032719917057021,0.052537478193765474,1195.4345774948351,0.46936055309951663,0.6456003425670293,0.057991946727231736,2389.3671555874303,0.34973527320073416,1.473715877880722,4.213803956328041,90.19155089231577,0.34974894445340154,1.4737033154134125,1.472072248493205,0.35139133525684507,0.9117255755407281,35,0.16204993601231524,1394.9808555555555,1291.836612195122,1469.7791222222222,1342.166112195122,False
1,3.0,1.0,1.0,1000.0,0.36545941,1226.6995585,1570.54923496,/home/chaoyu/phd_simulation/sensitivity_analysis/data/knit_dir_sweep_ellipse/m1_th003.00_verts.csv,/home/chaoyu/phd_simulation/sensitivity_analysis/data/knit_dir_sweep_ellipse/m1_th003.00_stress.csv,1.495342395261694,1.6082956724794089,0.05254620884315554,1195.4345774948351,0.46915778777832484,0.6544794165387293,0.05807324071673115,2389.3671555874303,0.3495412167854648,1.4734567375665957,4.215401980679571,90.29947469244681,0.34957364871942204,1.4734260332990512,1.469733690580717,0.3532830000516584,0.9114989771760302,35,0.16210320951298435,1397.0273666666667,1292.4286609756095,1467.15,1342.6951292682927,False
1,4.0,1.0,1.0,1000.0,0.3652016,1228.54117466,1571.71543778,/home/chaoyu/phd_simulation/sensitivity_analysis/data/knit_dir_sweep_ellipse/m1_th004.00_verts.csv,/home/chaoyu/phd_simulation/sensitivity_analysis/data/knit_dir_sweep_ellipse/m1_th004.00_stress.csv,1.4948485855077307,1.6133760980311567,0.05255513722151288,1195.4345774948351,0.4688697022874447,0.6653869071382268,0.058159659188557006,2389.3671555874303,0.34926296824434,1.473101432328277,4.2177429795469,90.4064547581663,0.34932186832672835,1.4730448775659644,1.4664673158689423,0.35592209054455104,0.9111822002863085,35,0.16210997683390824,1399.7497166666667,1288.6382690476191,1463.511977777778,1338.5532833333334,False
1,5.0,1.0,1.0,1000.0,0.36487116,1230.90884372,1573.1886244,/home/chaoyu/phd_simulation/sensitivity_analysis/data/knit_dir_sweep_ellipse/m1_th005.00_verts.csv,/home/chaoyu/phd_simulation/sensitivity_analysis/data/knit_dir_sweep_ellipse/m1_th005.00_stress.csv,1.4942165921900676,1.6185026087727465,0.05256423282336784,1195.4345774948351,0.468497070951663,0.6785934681928736,0.058250829911685995,2389.3671555874303,0.34890146275829204,1.4726499975735174,4.220819213342545,90.51218304998474,0.3489942175392263,1.472560201882421,1.4622810495520266,0.35930161330079785,0.9107757301659047,35,0.16206694990021384,1403.1317555555554,1289.8458976190475,1458.8780499999998,1339.6446690476191,False
1,6.0,1.0,1.0,1000.0,0.36446907,1233.79022566,1574.96341202,/home/chaoyu/phd_simulation/sensitivity_analysis/data/knit_dir_sweep_ellipse/m1_th006.00_verts.csv,/home/chaoyu/phd_simulation/sensitivity_analysis/data/knit_dir_sweep_ellipse/m1_th006.00_stress.csv,1.4934474177861587,1.6236576339791828,0.05257346468891497,1195.4345774948351,0.46804087929909793,0.6944433754190752,0.058346345356968005,2389.3671555874303,0.3484581124620225,1.4721028043074509,4.2246191196593,90.61636464082791,0.3485917061419854,1.4719727769979427,1.4571852797199987,0.36341292505077105,0.9102804583847367,35,0.16197789642186414,1407.1535444444444,1291.3353142857145,1453.2646722222223,1341.001923809524,False
1,7.0,1.0,1.0,1000.0,0.36399648,1237.17045379,1577.03333108,/home/chaoyu/phd_simulation/sensitivity_analysis/data/knit_dir_sweep_ellipse/m1_th007.00_verts.csv,/home/chaoyu/phd_simulation/sensitivity_analysis/data/knit_dir_sweep_ellipse/m1_th007.00_stress.csv,1.4925422503634578,1.6288263419496245,0.052582798116516644,1195.4345774948351,0.46750239177248126,0.7133727997051812,0.05844574386415477,2389.3671555874303,0.3479343205871588,1.4714600799643693,4.229131743833714,90.71872325399384,0.34811526390394915,1.4712833012760005,1.451192267127405,0.3682453579685761,0.9096972002757641,35,0.16184147948711505,1411.791722222222,1293.0993666666666,1446.6916055555555,1342.6227904761904,False
1,8.0,1.0,1.0,1000.0,0.36345476,1241.03229608,1579.39086032,/home/chaoyu/phd_simulation/sensitivity_analysis/data/knit_dir_sweep_ellipse/m1_th008.00_verts.csv,/home/chaoyu/phd_simulation/sensitivity_analysis/data/knit_dir_sweep_ellipse/m1_th008.00_stress.csv,1.4915025733622203,1.6339879910517625,0.052592199727333984,1195.4345774948351,0.46688304346167875,0.7359433574903769,0.05854853942609567,2389.3671555874303,0.3473320310184689,1.470722017384995,4.234340302771534,90.81897562956775,0.3475662854113126,1.4704925142848304,1.444316308637834,0.37378671520750956,0.909027024201732,35,0.1616608625532932,1417.0197777777778,1296.6110097560972,1439.1817499999997,1346.1142512195122,False
1,9.0,1.0,1.0,1000.0,0.36284545,1245.35633918,1582.02746842,/home/chaoyu/phd_simulation/sensitivity_analysis/data/knit_dir_sweep_ellipse/m1_th009.00_verts.csv,/home/chaoyu/phd_simulation/sensitivity_analysis/data/knit_dir_sweep_ellipse/m1_th009.00_stress.csv,1.4903299453313226,1.6391295954767433,0.0526016339472465,1195.4345774948351,0.466184485747189,0.7628909120110582,0.05865422334033817,2389.3671555874303,0.3466532230452295,1.469889823344565,4.240231232907884,90.9168767317945,0.3469461551557527,1.4696022152676695,1.4365744310289885,0.3800231210203376,0.9082715231948972,35,0.1614352218883673,1422.8084333333334,1293.7732452380956,1430.7610611111113,1343.04285,False
1,10.0,1.0,1.0,1000.0,0.36217026,1250.12119204,1584.93366194,/home/chaoyu/phd_simulation/sensitivity_analysis/data/knit_dir_sweep_ellipse/m1_th010.00_verts.csv,/home/chaoyu/phd_simulation/sensitivity_analysis/data/knit_dir_sweep_ellipse/m1_th010.00_stress.csv,1.489026260079459,1.6442292161103347,0.05261106497018689,1195.4345774948351,0.4654085714239478,0.7951761649985407,0.05876224957627873,2389.3671555874303,0.345900157348346,1.4689634052731095,4.246784437839267,91.01217182868766,0.34625647637966206,1.468612966697549,1.427984300857056,0.386939043142956,0.9074317813107278,35,0.16116499389676733,1429.1260166666664,1296.4128976190477,1421.4581722222222,1345.5360547619046,False
1,11.0,1.0,1.0,1000.0,0.36143108,1255.30370536,1588.09903992,/home/chaoyu/phd_simulation/sensitivity_analysis/data/knit_dir_sweep_ellipse/m1_th011.00_verts.csv,/home/chaoyu/phd_simulation/sensitivity_analysis/data/knit_dir_sweep_ellipse/m1_th011.00_stress.csv,1.48759353415597,1.649269229659424,0.05262045754147359,1195.4345774948351,0.4645573457203233,0.5998556953515258,0.058872074742624333,2389.3671555874303,0.3450752947962188,1.467943728212363,4.253980943721991,91.10464471162642,0.34549902831609774,1.4675264131489365,1.418566114064634,0.39451768020824807,0.9065095115042909,35,0.1608553618864616,1435.938927777778,1299.2837142857145,1411.3043777777777,1348.276130952381,False
1,12.0,1.0,1.0,1000.0,0.36062992,1260.87920339,1591.51235479,/home/chaoyu/phd_simulation/sensitivity_analysis/data/knit_dir_sweep_ellipse/m1_th012.00_verts.csv,/home/chaoyu/phd_simulation/sensitivity_analysis/data/knit_dir_sweep_ellipse/m1_th012.00_stress.csv,1.4860339998123273,1.654228737048483,0.05262977258956669,1195.4345774948351,0.46363298098998745,0.6130104213520021,0.05898312617025415,2389.3671555874303,0.34418141328743923,1.4668315071605587,4.2617975594619075,91.194082161858,0.3446758700235283,1.4663439863941443,1.4083414448643778,0.40274092145446105,0.9055064602239989,35,0.16050670481823948,1443.2119555555553,1302.3727595238095,1400.3332555555558,1351.2578928571427,False
1,13.0,1.0,1.0,1000.0,0.35976897,1266.82172428,1595.16157944,/home/chaoyu/phd_simulation/sensitivity_analysis/data/knit_dir_sweep_ellipse/m1_th013.00_verts.csv,/home/chaoyu/phd_simulation/sensitivity_analysis/data/knit_dir_sweep_ellipse/m1_th013.00_stress.csv,1.4843501539337676,1.6590858147881666,0.05263897691248193,1195.4345774948351,0.4626378761754568,0.6292121579295727,0.05909483405004262,2389.3671555874303,0.34322109503733045,1.4656273889994411,4.2702136033918086,91.28029313855835,0.34378885018676036,1.4650670650182012,1.3973331513719798,0.41158911152588407,0.9044242420183858,35,0.16011893757805232,1450.9087166666666,1305.6663595238097,1388.580527777778,1354.4755404761906,False
1,14.0,1.0,1.0,1000.0,0.35885051,1273.10426509,1599.15639678,/home/chaoyu/phd_simulation/sensitivity_analysis/data/knit_dir_sweep_ellipse/m1_th014.00_verts.csv,/home/chaoyu/phd_simulation/sensitivity_analysis/data/knit_dir_sweep_ellipse/m1_th014.00_stress.csv,1.482544553734615,1.6638244753474944,0.05264803449123791,1195.4345774948351,0.46157452927727477,0.6492809247679732,0.059206640406991175,2389.3671555874303,0.342197580885794,1.4643327269147002,4.279202451181006,91.36311171963105,0.34284047505681314,1.463697735117749,1.3855659782105825,0.4210420755104044,0.9032651539002471,35,0.15969593487715897,1458.9920499999998,1309.1501690476189,1376.0837000000001,1357.9227595238094,False
1,15.0,1.0,1.0,1000.0,0.35787695,1279.69902795,1603.39883983,/home/chaoyu/phd_simulation/sensitivity_analysis/data/knit_dir_sweep_ellipse/m1_th015.00_verts.csv,/home/chaoyu/phd_simulation/sensitivity_analysis/data/knit_dir_sweep_ellipse/m1_th015.00_stress.csv,1.4806200270533842,1.6684167386701456,0.052656909117818396,1195.4345774948351,0.460445578025738,0.6743794638618716,0.05931797903238071,2389.3671555874303,0.34111382636590726,1.4629484418371905,4.288739795225743,91.442386143919,0.3418329649643701,1.4622376513710837,1.3730653961055947,0.4310781983031367,0.9020311341015489,35,0.15923860459754535,1467.4243055555555,1312.8093976190476,1362.8818999999999,1361.5926452380954,False
1,16.0,1.0,1.0,1000.0,0.3568508,1286.57766362,1607.84198095,/home/chaoyu/phd_simulation/sensitivity_analysis/data/knit_dir_sweep_ellipse/m1_th016.00_verts.csv,/home/chaoyu/phd_simulation/sensitivity_analysis/data/knit_dir_sweep_ellipse/m1_th016.00_stress.csv,1.478579602038302,1.6728469581086958,0.05266556864441876,1195.4345774948351,0.4592538013077819,0.7062119467223003,0.05942830703686085,2389.3671555874303,0.3399730318137413,1.4614760010512047,4.2987997996614435,91.51798231281856,0.34076879601416504,1.4606890039964924,1.3598583920192704,0.44167514262971214,0.900724516432473,35,0.15874880470473232,1476.1678111111114,1316.628811904762,1349.0156166666666,1365.477792857143,False
1,17.0,1.0,1.0,1000.0,0.35577464,1293.71150935,1612.47087379,/home/chaoyu/phd_simulation/sensitivity_analysis/data/knit_dir_sweep_ellipse/m1_th017.00_verts.csv,/home/chaoyu/phd_simulation/sensitivity_analysis/data/knit_dir_sweep_ellipse/m1_th017.00_stress.csv,1.476426495961728,1.677097334340862,0.05267398276990504,1195.4345774948351,0.45800203747061585,0.4893834533484865,0.05953709299005907,2389.3671555874303,0.33877852256757124,1.4599166345588481,4.309354157088455,91.58979236682038,0.33965059752346755,1.4590537179730962,1.3459725091798151,0.45280990572191376,0.8993475785632097,35,0.15822770541535497,1485.1850611111108,1320.5929238095239,1334.5263777777777,1369.570238095238,False
1,18.0,1.0,1.0,1000.0,0.35465116,1301.07181781,1617.27021606,/home/chaoyu/phd_simulation/sensitivity_analysis/data/knit_dir_sweep_ellipse/m1_th018.00_verts.csv,/home/chaoyu/phd_simulation/sensitivity_analysis/data/knit_dir_sweep_ellipse/m1_th018.00_stress.csv,1.474163929443788,1.4973026042699566,0.05268212032789302,1195.4345774948351,0.45669325820440737,0.4883713146212796,0.0596438358942478,2389.3671555874303,0.3375335546206164,1.4582722175981269,4.320377034032089,91.65771961434702,0.33848095095274117,1.4573343421784746,1.3314366661509773,0.4644586885740786,0.8979028861093716,35,0.15767875647453808,1494.4390666666668,1324.6860357142857,1319.456588888889,1373.8614857142857,False
1,19.0,1.0,1.0,1000.0,0.35348305,1308.62997443,1622.22444484,/home/chaoyu/phd_simulation/sensitivity_analysis/data/knit_dir_sweep_ellipse/m1_th019.00_verts.csv,/home/chaoyu/phd_simulation/sensitivity_analysis/data/knit_dir_sweep_ellipse/m1_th019.00_stress.csv,1.471795519920438,1.4981894912019162,0.05268995274838083,1195.4345774948351,0.4553304739372861,0.48610741008777836,0.05974805076221956,2389.3671555874303,0.33624166176927117,1.4565442021532333,4.331837388885834,91.72169011852307,0.3372627551644684,1.45553296290094,1.3162799716466866,0.47659736014774,0.8963929319612522,35,0.15710374194263702,1503.8936555555556,1328.8924523809524,1303.8491499999998,1378.3425904761907,False
1,20.0,1.0,1.0,1000.0,0.35227311,1316.35770076,1627.31783205,/home/chaoyu/phd_simulation/sensitivity_analysis/data/knit_dir_sweep_ellipse/m1_th020.00_verts.csv,/home/chaoyu/phd_simulation/sensitivity_analysis/data/knit_dir_sweep_ellipse/m1_th020.00_stress.csv,1.4693249567505102,1.4989571757414653,0.052697456925570124,1195.4345774948351,0.4539167915808707,0.4871311926191243,0.05984929106286505,2389.3671555874303,0.3349061755253204,1.4547345715900397,4.343707814011495,91.78164890041806,0.33599875014410135,1.4536521545567085,1.3005324433404921,0.48920121223170293,0.8948203735576801,35,0.15650607711605383,1513.5135333333335,1333.1964714285716,1287.747372222222,1383.0040833333335,False
1,21.0,1.0,1.0,1000.0,0.35102411,1324.22724192,1632.53457927,/home/chaoyu/phd_simulation/sensitivity_analysis/data/knit_dir_sweep_ellipse/m1_th021.00_verts.csv,/home/chaoyu/phd_simulation/sensitivity_analysis/data/knit_dir_sweep_ellipse/m1_th021.00_stress.csv,1.4667559735869395,1.4995990256703873,0.05270460528883805,1195.4345774948351,0.45245533642745844,0.48620181172449406,0.059947138876745104,2389.3671555874303,0.3335305638187478,1.4528455119287516,4.355959151972288,91.83756341254694,0.3346918654801954,1.4516946413215857,1.284224569236392,0.5022454093738093,0.8931880378737497,35,0.15588496628853038,1525.7083157894735,1337.5825761904762,1272.378342105263,1387.836126190476,False
1,22.0,1.0,1.0,1000.0,0.3497389,1332.21153656,1637.85891051,/home/chaoyu/phd_simulation/sensitivity_analysis/data/knit_dir_sweep_ellipse/m1_th022.00_verts.csv,/home/chaoyu/phd_simulation/sensitivity_analysis/data/knit_dir_sweep_ellipse/m1_th022.00_stress.csv,1.4640925700480802,1.5001126119697707,0.05271137956326381,1195.4345774948351,0.4509492543065834,0.4752642392559779,0.06004121369252864,2389.3671555874303,0.33211820219782884,1.4508791242226162,4.368562501607149,91.88940984873989,0.3333449792725617,1.4496630216147677,1.2673871022845242,0.5157046762874836,0.8914986632102225,35,0.15524313145367302,1535.4597947368422,1342.0354904761905,1255.4741368421053,1392.8284309523808,False
1,23.0,1.0,1.0,1000.0,0.34842029,1340.2843681,1643.29449544,/home/chaoyu/phd_simulation/sensitivity_analysis/data/knit_dir_sweep_ellipse/m1_th023.00_verts.csv,/home/chaoyu/phd_simulation/sensitivity_analysis/data/knit_dir_sweep_ellipse/m1_th023.00_stress.csv,1.4613388762765036,1.69773461943549,0.05271776211678274,1195.4345774948351,0.4494031190809229,0.4689171025520529,0.060100381942011394,2389.3671555874303,0.33067250635153633,1.4488375540728247,4.38148780513543,91.93718184846709,0.33196106461426705,1.447559883718104,1.2500509779622748,0.5295536426137335,0.8897550302121805,35,0.1545846457804895,1545.2765210526313,1346.5402428571429,1238.206010526316,1397.9704214285714,False
1,24.0,1.0,1.0,1000.0,0.34707111,1348.42049678,1648.89741191,/home/chaoyu/phd_simulation/sensitivity_analysis/data/knit_dir_sweep_ellipse/m1_th024.00_verts.csv,/home/chaoyu/phd_simulation/sensitivity_analysis/data/knit_dir_sweep_ellipse/m1_th024.00_stress.csv,1.4584990414799255,1.70021938928259,0.05272373491566171,1195.4345774948351,0.4478205714463361,0.4804471912134836,0.060113797166638526,2389.3671555874303,0.3291967866409147,1.4467237480953197,4.394707988669995,91.98089713109243,0.3305430575658337,1.4453885489267582,1.232247697346774,0.543767071983454,0.8879602673681172,35,0.15390939836937886,1555.1291894736844,1351.0823095238095,1220.6162842105264,1403.2511238095237,False
1,25.0,1.0,1.0,1000.0,0.34569418,1356.59577187,1654.55983578,/home/chaoyu/phd_simulation/sensitivity_analysis/data/knit_dir_sweep_ellipse/m1_th025.00_verts.csv,/home/chaoyu/phd_simulation/sensitivity_analysis/data/knit_dir_sweep_ellipse/m1_th025.00_stress.csv,1.4555774131212222,1.7023964597453922,0.052729282812772206,1195.4345774948351,0.4462007526744685,0.478947238293868,0.060122901159693744,2389.3671555874303,0.3276945452284732,1.4445400540716262,4.408190722443893,92.02056836746179,0.32909411547773737,1.4431517101886435,1.2140085655845885,0.558319518505344,0.8861172996500497,35,0.15322020463944422,1559.078235,1355.6475857142857,1194.9777200000003,1408.659380952381,False
1,26.0,1.0,1.0,1000.0,0.3442923,1364.78722449,1660.28494918,/home/chaoyu/phd_simulation/sensitivity_analysis/data/knit_dir_sweep_ellipse/m1_th026.00_verts.csv,/home/chaoyu/phd_simulation/sensitivity_analysis/data/knit_dir_sweep_ellipse/m1_th026.00_stress.csv,1.4525784778508928,1.704262292230079,0.05273440006182485,1195.4345774948351,0.4445407406599891,0.47747970485276825,0.06010790505253855,2389.3671555874303,0.32616882032846006,1.4422896120936737,4.4219113606299105,92.0562450268359,0.3276170214567965,1.4408527633861274,1.1953649700179818,0.5731857856995897,0.8842292162110669,35,0.15251947634517718,1569.147115,1360.2225833333332,1176.818785,1414.1837666666665,False
1,27.0,1.0,1.0,1000.0,0.34286822,1372.97314119,1666.37231139,/home/chaoyu/phd_simulation/sensitivity_analysis/data/knit_dir_sweep_ellipse/m1_th027.00_verts.csv,/home/chaoyu/phd_simulation/sensitivity_analysis/data/knit_dir_sweep_ellipse/m1_th027.00_stress.csv,1.4495067233485102,1.705805013940865,0.05273907482902618,1195.4345774948351,0.44285288729493677,0.4759807949089044,0.06009798691794889,2389.3671555874303,0.32462297309931865,1.4399752187433337,4.435838921057421,92.08796734306019,0.3261149068473868,1.4384947355951598,1.1763482477186682,0.5883407092620108,0.8822990959213262,35,0.15180741482195395,1579.1674300000002,1364.7943571428573,1158.464295,1419.812757142857,False
1,28.0,1.0,1.0,1000.0,0.34142466,1381.13311915,1672.46087035,/home/chaoyu/phd_simulation/sensitivity_analysis/data/knit_dir_sweep_ellipse/m1_th028.00_verts.csv,/home/chaoyu/phd_simulation/sensitivity_analysis/data/knit_dir_sweep_ellipse/m1_th028.00_stress.csv,1.446366817870137,1.7070234770940105,0.05274330212705734,1195.4345774948351,0.4411402933023501,0.4744840646649159,0.060092820984511526,2389.3671555874303,0.3230599321317893,1.437599741281864,4.449947512201571,92.11580307517144,0.3245905479656579,1.4360806472417125,1.1569892078446777,0.6037592926472911,0.8803298367068266,35,0.15108854352237477,1589.1163350000002,1369.3505952380954,1139.9530750000001,1425.5346738095238,False
1,29.0,1.0,1.0,1000.0,0.33996431,1389.24810407,1678.53673551,/home/chaoyu/phd_simulation/sensitivity_analysis/data/knit_dir_sweep_ellipse/m1_th029.00_verts.csv,/home/chaoyu/phd_simulation/sensitivity_analysis/data/knit_dir_sweep_ellipse/m1_th029.00_stress.csv,1.4431633877365613,1.7079140251870712,0.05274707942584609,1195.4345774948351,0.4394060252041436,0.47296220082578716,0.06009209040763989,2389.3671555874303,0.3214829288464265,1.435166818229627,4.464208483415962,92.13982054815737,0.3230470632294935,1.4336142507785303,1.137319179856591,0.6194170949795836,0.8783248735380268,35,0.1503606641432942,1598.9727300000002,1373.8797190476191,1121.3227999999997,1431.3377952380952,False
1,30.0,1.0,1.0,1000.0,0.33848978,1397.30041173,1684.58672726,/home/chaoyu/phd_simulation/sensitivity_analysis/data/knit_dir_sweep_ellipse/m1_th030.00_verts.csv,/home/chaoyu/phd_simulation/sensitivity_analysis/data/knit_dir_sweep_ellipse/m1_th030.00_stress.csv,1.4399011921763845,1.7084745776894048,0.052750407143051056,1195.4345774948351,0.4376530846654896,0.47141162781456436,0.06009551002503407,2389.3671555874303,0.3198947749053953,1.4326794503883644,4.478595972103829,92.16009169337731,0.3214871923020416,1.4310986199957096,1.1173686725229446,0.6352894407191289,0.8762871126468799,35,0.14962891304411435,1608.71732,1378.3708166666665,1102.6097100000002,1437.2104142857145,False
1,31.0,1.0,1.0,1000.0,0.33700363,1405.2737349,1691.00419589,/home/chaoyu/phd_simulation/sensitivity_analysis/data/knit_dir_sweep_ellipse/m1_th031.00_verts.csv,/home/chaoyu/phd_simulation/sensitivity_analysis/data/knit_dir_sweep_ellipse/m1_th031.00_stress.csv,1.4365850750915403,1.7087093333447114,0.05275328463698476,1195.4345774948351,0.43588441069270234,0.47832340146613306,0.06010278902681904,2389.3671555874303,0.31829828293556495,1.430141076870421,4.49308448566131,92.17670894268767,0.3199137410232325,1.4285372019349483,1.0971679311111695,0.6513523583635465,0.874219679902993,35,0.14889479927749588,1618.3325250000003,1382.8137047619048,1083.8487249999998,1443.1408714285715,False
1,32.0,1.0,1.0,1000.0,0.33550836,1413.15313677,1702.18581946,/home/chaoyu/phd_simulation/sensitivity_analysis/data/knit_dir_sweep_ellipse/m1_th032.00_verts.csv,/home/chaoyu/phd_simulation/sensitivity_analysis/data/knit_dir_sweep_ellipse/m1_th032.00_stress.csv,1.4332198795908573,1.4979490665113926,0.052755715989818645,1195.4345774948351,0.4341028959721214,0.47660651715728886,0.060113662022929226,2389.3671555874303,0.31669622001105346,1.4275555415758576,4.507649448818911,92.18976140856803,0.31832949835544827,1.425933819738632,1.076747236843268,0.6675822007318721,0.8721258807934555,35,0.14815843179329508,1627.8025549999998,1387.1989738095235,1065.0732400000002,1449.1176,False
1,33.0,1.0,1.0,1000.0,0.33400639,1420.92503256,1714.56289505,/home/chaoyu/phd_simulation/sensitivity_analysis/data/knit_dir_sweep_ellipse/m1_th033.00_verts.csv,/home/chaoyu/phd_simulation/sensitivity_analysis/data/knit_dir_sweep_ellipse/m1_th033.00_stress.csv,1.42981043377448,1.4970174264008855,0.052757707981675936,1195.4345774948351,0.4323113423519941,0.4748794066770954,0.06012789191060168,2389.3671555874303,0.31509121500440784,1.4249261503231911,4.5222655614288,92.19934750359378,0.31673715884951475,1.423291714765563,1.0561359576060967,0.6839555591825902,0.8700086826637995,35,0.14742107491570378,1637.113165,1391.5179357142856,1046.3152400000001,1455.1291952380955,False
1,34.0,1.0,1.0,1000.0,0.33250008,1428.57716086,1726.50724809,/home/chaoyu/phd_simulation/sensitivity_analysis/data/knit_dir_sweep_ellipse/m1_th034.00_verts.csv,/home/chaoyu/phd_simulation/sensitivity_analysis/data/knit_dir_sweep_ellipse/m1_th034.00_stress.csv,1.426361679015129,1.495966988549289,0.05275926768680383,1195.4345774948351,0.43051249095011346,0.4731421661427178,0.06014525594427842,2389.3671555874303,0.3134858502139066,1.4222568330268444,4.536909184438052,92.205569813304,0.3151394059579678,1.4206147170119077,1.0353634303409194,0.7004496345048135,0.8678713416203755,35,0.14668631862997267,1646.2517649999998,1395.7626666666667,1027.605035,1461.1644285714287,False
1,35.0,1.0,1.0,1000.0,0.33099171,1436.09854604,1738.01504399,/home/chaoyu/phd_simulation/sensitivity_analysis/data/knit_dir_sweep_ellipse/m1_th035.00_verts.csv,/home/chaoyu/phd_simulation/sensitivity_analysis/data/knit_dir_sweep_ellipse/m1_th035.00_stress.csv,1.4228784824245462,1.4947997972318556,0.052760403524064456,1195.4345774948351,0.42870901105961073,0.4714153705685014,0.06016553558428028,2389.3671555874303,0.3118824687983084,1.419551031516213,4.551557633187212,92.20853393530324,0.31353871392135557,1.41790613844927,1.0144581264645725,0.7170417657853888,0.8657167501572607,35,0.1459543490809426,1655.2072549999998,1399.9259904761905,1008.9715050000002,1467.2123428571429,False
1,36.0,1.0,1.0,1000.0,0.32948348,1443.47945342,1749.08409871,/home/chaoyu/phd_simulation/sensitivity_analysis/data/knit_dir_sweep_ellipse/m1_th036.00_verts.csv,/home/chaoyu/phd_simulation/sensitivity_analysis/data/knit_dir_sweep_ellipse/m1_th036.00_stress.csv,1.4193657820463035,1.4935190650578745,0.0527611274206456,1195.4345774948351,0.42690350023611007,0.46966281458807185,0.06018855559350464,2389.3671555874303,0.3102833580601041,1.4168127560384336,4.56618996550884,92.2083471379794,0.3119375278903173,1.415169832757786,0.9934484003805032,0.7337099228185774,0.8635480570492688,35,0.1452249720039411,1663.9700149999996,1404.0014690476191,990.4418750000001,1473.2622142857142,False
1,37.0,1.0,1.0,1000.0,0.32797749,1450.71133826,1759.71374878,/home/chaoyu/phd_simulation/sensitivity_analysis/data/knit_dir_sweep_ellipse/m1_th037.00_verts.csv,/home/chaoyu/phd_simulation/sensitivity_analysis/data/knit_dir_sweep_ellipse/m1_th037.00_stress.csv,1.4158284344714243,1.7035405732220414,0.05276144963170699,1195.4345774948351,0.42509845590680395,0.4679074201983906,0.06021413171751075,2389.3671555874303,0.3086907153302112,1.4140455019972682,4.580784039729352,92.20512094620477,0.3103382294632397,1.4124091123057336,0.9723617074503567,0.7504323694204829,0.8613681086637397,35,0.14450268161518676,1672.531755,1407.9833857142858,972.0418549999998,1479.3036761904764,False
1,38.0,1.0,1.0,1000.0,0.3264758,1457.78679015,1769.90472311,/home/chaoyu/phd_simulation/sensitivity_analysis/data/knit_dir_sweep_ellipse/m1_th038.00_verts.csv,/home/chaoyu/phd_simulation/sensitivity_analysis/data/knit_dir_sweep_ellipse/m1_th038.00_stress.csv,1.4122713117975427,1.7016639307610968,0.052761383922151996,1195.4345774948351,0.4232962817522143,0.466152581092648,0.06024210955701639,2389.3671555874303,0.3071067277675652,1.411253886376159,4.595320645154578,92.19896131885069,0.3087432017531612,1.4096283993581813,0.9512257989166686,0.7671881853069236,0.8591803070718621,35,0.14378452216055376,1680.8855500000002,1411.8667357142858,953.795555,1485.326676190476,False
1,39.0,1.0,1.0,1000.0,0.32498035,1464.69947369,1779.65901763,/home/chaoyu/phd_simulation/sensitivity_analysis/data/knit_dir_sweep_ellipse/m1_th039.00_verts.csv,/home/chaoyu/phd_simulation/sensitivity_analysis/data/knit_dir_sweep_ellipse/m1_th039.00_stress.csv,1.4086992785984156,1.6995269661599621,0.052760945789390244,1195.4345774948351,0.4214993377293817,0.4528010799482096,0.06027235975353367,2389.3671555874303,0.3055332094066674,1.4084410093066582,4.6097804295702955,92.18998681236174,0.3071544875074393,1.4068305665545515,0.930066619157271,0.7839563664201991,0.8569871093566628,35,0.14307553642018242,1689.0255650000004,1415.647169047619,935.7255799999999,1491.321557142857,False
1,40.0,1.0,1.0,1000.0,0.32349302,1471.44406677,1788.97977351,/home/chaoyu/phd_simulation/sensitivity_analysis/data/knit_dir_sweep_ellipse/m1_th040.00_verts.csv,/home/chaoyu/phd_simulation/sensitivity_analysis/data/knit_dir_sweep_ellipse/m1_th040.00_stress.csv,1.4051170512286875,1.6971448465132437,0.05276014844325303,1195.4345774948351,0.41970985546950995,0.45097040676618905,0.06030475110463973,2389.3671555874303,0.3039721346626738,1.4056112146004864,4.624144960393595,92.17830420226977,0.30557428742965825,1.404019732618209,0.9089106128491901,0.800716813015859,0.8547916746315801,35,0.1423748478045617,1696.94724,1419.3210428571429,917.8530200000001,1497.279057142857,False
1,41.0,1.0,1.0,1000.0,0.32201558,1478.01619716,1797.8711596,/home/chaoyu/phd_simulation/sensitivity_analysis/data/knit_dir_sweep_ellipse/m1_th041.00_verts.csv,/home/chaoyu/phd_simulation/sensitivity_analysis/data/knit_dir_sweep_ellipse/m1_th041.00_stress.csv,1.4015294367561764,1.6945268822193893,0.05275900685187588,1195.4345774948351,0.4179299798151606,0.4481936225831249,0.06033917388883997,2389.3671555874303,0.30242517466685914,1.4027681113772632,4.638397292561715,92.16402778145431,0.3040045204830174,1.4011992599799985,0.8877829895781807,0.8174496217016545,0.8525966430220612,35,0.14168290495407226,1704.6469700000002,1422.8852833333335,900.19753,1503.190288095238,False
1,42.0,1.0,1.0,1000.0,0.32054976,1484.41237843,1806.33825966,/home/chaoyu/phd_simulation/sensitivity_analysis/data/knit_dir_sweep_ellipse/m1_th042.00_verts.csv,/home/chaoyu/phd_simulation/sensitivity_analysis/data/knit_dir_sweep_ellipse/m1_th042.00_stress.csv,1.3979410835818251,1.6916922025458263,0.05275753820641618,1195.4345774948351,0.4161618365030813,0.456782546197115,0.06037552464127678,2389.3671555874303,0.3008941291444762,1.3999161355916947,4.652520604413375,92.14726774795307,0.302447238198482,1.3983733339316302,0.8667089894201079,0.8341358130753859,0.8504051323680855,35,0.14100186478748347,1712.122135,1426.3374380952382,882.777245,1509.0468619047617,False
1,43.0,1.0,1.0,1000.0,0.31909717,1490.6299459,1814.38696475,/home/chaoyu/phd_simulation/sensitivity_analysis/data/knit_dir_sweep_ellipse/m1_th043.00_verts.csv,/home/chaoyu/phd_simulation/sensitivity_analysis/data/knit_dir_sweep_ellipse/m1_th043.00_stress.csv,1.3943566070263944,1.688654986266447,0.05275576038173983,1195.4345774948351,0.4144073674566349,0.45503449840129107,0.060413719271728006,2389.3671555874303,0.2993803644879143,1.397058660466369,4.66650063325301,92.12813260850875,0.30090406235653444,1.3955450733730377,0.8457125523037566,0.8507562121048263,0.8482195124771417,35,0.14033159766497544,1719.3710949999997,1429.6756404761904,865.6090049999999,1514.8407690476192,False
1,44.0,1.0,1.0,1000.0,0.31765935,1496.66699318,1822.0238712,/home/chaoyu/phd_simulation/sensitivity_analysis/data/knit_dir_sweep_ellipse/m1_th044.00_verts.csv,/home/chaoyu/phd_simulation/sensitivity_analysis/data/knit_dir_sweep_ellipse/m1_th044.00_stress.csv,1.3907805839611174,1.6854292754261913,0.05275368814124908,1195.4345774948351,0.4126685252185326,0.4454646062506138,0.060453671416347325,2389.3671555874303,0.2978854295277247,1.394199307212207,4.680320583059759,92.1067288665615,0.2993767995639418,1.392717842762622,0.824817323837828,0.8672923669561106,0.8460423683699658,35,0.13967365502329826,1726.392925,1432.8985238095238,848.7082799999998,1520.5645333333334,False
1,45.0,1.0,1.0,1000.0,0.31623777,1502.52230992,1829.25618419,/home/chaoyu/phd_simulation/sensitivity_analysis/data/knit_dir_sweep_ellipse/m1_th045.00_verts.csv,/home/chaoyu/phd_simulation/sensitivity_analysis/data/knit_dir_sweep_ellipse/m1_th045.00_stress.csv,1.38721743370481,1.477786204203248,0.052751337368972605,1195.4345774948351,0.41094708249998335,0.4436762111120283,0.06049532634751137,2389.3671555874303,0.2964107749332814,1.3913427880784237,4.693968322816871,92.08316177954347,0.2978671615383259,1.3898960942832623,0.8040468742231677,0.883726893156817,0.8438767815058525,35,0.13902756166787333,1733.187475,1436.0052404761907,832.0892550000001,1526.211030952381,False
1,46.0,1.0,1.0,1000.0,0.31483383,1508.19532127,1836.09162731,/home/chaoyu/phd_simulation/sensitivity_analysis/data/knit_dir_sweep_ellipse/m1_th046.00_verts.csv,/home/chaoyu/phd_simulation/sensitivity_analysis/data/knit_dir_sweep_ellipse/m1_th046.00_stress.csv,1.3836715420117016,1.475669767673741,0.052748725867149925,1195.4345774948351,0.40924482455406,0.4419147017212096,0.060538608596577996,2389.3671555874303,0.2949575273909075,1.388492144715155,4.70743078502616,92.05753047378023,0.296376527556638,1.387082617932921,0.7834233311563619,0.9000418541827839,0.8417248360530313,35,0.138394120609933,1739.755355,1438.9953976190477,815.7649050000001,1531.7737166666666,False
1,47.0,1.0,1.0,1000.0,0.31344882,1513.68602931,1842.53835788,/home/chaoyu/phd_simulation/sensitivity_analysis/data/knit_dir_sweep_ellipse/m1_th047.00_verts.csv,/home/chaoyu/phd_simulation/sensitivity_analysis/data/knit_dir_sweep_ellipse/m1_th047.00_stress.csv,1.3801472319085917,1.4735014141801763,0.05274587193382563,1195.4345774948351,0.40756337730531317,0.4401860369882595,0.06058347379907772,2389.3671555874303,0.2935268889921796,1.3856513955210574,4.720696629459304,92.0299405965175,0.2949063629823224,1.38428116973046,0.7629686181381932,0.9162205676469579,0.8395891422566185,35,0.13777342755678668,1746.097655,1441.8690357142857,799.74699,1537.2464166666666,False
1,48.0,1.0,1.0,1000.0,0.312084,1518.99495694,1848.60488825,/home/chaoyu/phd_simulation/sensitivity_analysis/data/knit_dir_sweep_ellipse/m1_th048.00_verts.csv,/home/chaoyu/phd_simulation/sensitivity_analysis/data/knit_dir_sweep_ellipse/m1_th048.00_stress.csv,1.3766486246553264,1.4712866727091616,0.05274279150748277,1195.4345774948351,0.40589652199124426,0.43852472708359697,0.06060495704423669,2389.3671555874303,0.29212015569340366,1.382824333579154,4.733751871029758,92.00048398082717,0.293458206920856,1.3814953004173107,0.7427042799696479,0.9322465982186776,0.8374722446362788,35,0.13716806636987572,1752.2161199999998,1444.6266095238097,784.04623,1542.6234523809526,False
1,49.0,1.0,1.0,1000.0,0.31074053,1524.12309424,1855.23234968,/home/chaoyu/phd_simulation/sensitivity_analysis/data/knit_dir_sweep_ellipse/m1_th049.00_verts.csv,/home/chaoyu/phd_simulation/sensitivity_analysis/data/knit_dir_sweep_ellipse/m1_th049.00_stress.csv,1.3731798791128513,1.4690291155908288,0.05273949916555111,1195.4345774948351,0.40425288887471,0.4388172812062696,0.06062571639891744,2389.3671555874303,0.2907380271114066,1.3800140028699015,4.746589280325205,91.96926025116403,0.2920330106933308,1.3787278030632752,0.7226504767459287,0.948103548047606,0.8353760149906541,35,0.13657455772472335,1758.1129399999998,1447.2688976190475,768.672225,1547.8995785714285,False
1,50.0,1.0,1.0,1000.0,0.30941951,1529.07184775,1861.89586466,/home/chaoyu/phd_simulation/sensitivity_analysis/data/knit_dir_sweep_ellipse/m1_th050.00_verts.csv,/home/chaoyu/phd_simulation/sensitivity_analysis/data/knit_dir_sweep_ellipse/m1_th050.00_stress.csv,1.3697449752898978,1.6629405367357706,0.052736012037071685,1195.4345774948351,0.40263420491941715,0.43731854849513285,0.06064668285706095,2389.3671555874303,0.2893815853083306,1.3772246954931802,4.759199497873278,91.93636038399143,0.29063209458653205,1.3759827322591904,0.7028276747080985,0.9637763429806049,0.8333031404007554,35,0.1359964106354489,1763.7907000000002,1449.7970547619047,753.63362,1553.0700047619048,False
1,51.0,1.0,1.0,1000.0,0.30812198,1533.84299259,1868.76964906,/home/chaoyu/phd_simulation/sensitivity_analysis/data/knit_dir_sweep_ellipse/m1_th051.00_verts.csv,/home/chaoyu/phd_simulation/sensitivity_analysis/data/knit_dir_sweep_ellipse/m1_th051.00_stress.csv,1.3663477084047126,1.6588046011344328,0.05273234517700831,1195.4345774948351,0.4010418801449467,0.4217572069579167,0.060667904216503324,2389.3671555874303,0.28805179118239965,1.374459377021622,4.771570318586526,91.9018650536446,0.2892566396176405,1.3732628341143793,0.6832553450602146,0.9792494548368642,0.8312555841020108,35,0.13543257629427863,1769.2523900000003,1452.2125119047619,738.93814,1558.1303785714285,False
1,52.0,1.0,1.0,1000.0,0.30684891,1538.43862751,1875.40154957,/home/chaoyu/phd_simulation/sensitivity_analysis/data/knit_dir_sweep_ellipse/m1_th052.00_verts.csv,/home/chaoyu/phd_simulation/sensitivity_analysis/data/knit_dir_sweep_ellipse/m1_th052.00_stress.csv,1.3629919120225307,1.6545921539662274,0.05272851320421725,1195.4345774948351,0.39947806484929455,0.42015635747085717,0.06066516828414158,2389.3671555874303,0.2867493621298367,1.3717220404762192,4.783696920152589,91.86586401385873,0.28790759230629515,1.3705718731761516,0.6639524456849031,0.9945086516848733,0.8292357013030279,35,0.13488230209870286,1774.5013450000001,1454.516964285714,724.5925949999998,1563.0767166666667,False
1,53.0,1.0,1.0,1000.0,0.30560121,1542.86113303,1881.68792109,/home/chaoyu/phd_simulation/sensitivity_analysis/data/knit_dir_sweep_ellipse/m1_th053.00_verts.csv,/home/chaoyu/phd_simulation/sensitivity_analysis/data/knit_dir_sweep_ellipse/m1_th053.00_stress.csv,1.3596812798158742,1.650318810754901,0.052724533981177275,1195.4345774948351,0.3979442831212408,0.41860985107511967,0.0606306175529337,2389.3671555874303,0.28547494045956134,1.3690153264300169,4.795570932517432,91.82844203219935,0.28658581116615767,1.3679122743890901,0.644936906063494,1.009539300730493,0.8272451334447891,35,0.1343479561338649,1779.5411449999997,1456.7123690476192,710.602975,1567.9055071428568,False
1,54.0,1.0,1.0,1000.0,0.30437972,1547.11313238,1887.63542467,/home/chaoyu/phd_simulation/sensitivity_analysis/data/knit_dir_sweep_ellipse/m1_th054.00_verts.csv,/home/chaoyu/phd_simulation/sensitivity_analysis/data/knit_dir_sweep_ellipse/m1_th054.00_stress.csv,1.3564192927591767,1.6459942102587934,0.05272041535265803,1195.4345774948351,0.3964405653697138,0.41712465814166566,0.060594516524695975,2389.3671555874303,0.28422934373808095,1.3663429044540911,4.80718453093001,91.7896713014754,0.2852923102546271,1.3652875113258984,0.6262267869465908,1.0243278410967662,0.825286124096086,35,0.13382622063394695,1784.3756100000003,1458.8008595238095,696.974555,1572.6135595238095,False
1,55.0,1.0,1.0,1000.0,0.30318526,1551.19745541,1893.2508452,/home/chaoyu/phd_simulation/sensitivity_analysis/data/knit_dir_sweep_ellipse/m1_th055.00_verts.csv,/home/chaoyu/phd_simulation/sensitivity_analysis/data/knit_dir_sweep_ellipse/m1_th055.00_stress.csv,1.3532093994469556,1.641630659643708,0.05271617478382081,1195.4345774948351,0.39496807204316725,0.42048769600360003,0.060557041788449534,2389.3671555874303,0.2830130647394664,1.3637080714354577,4.818533987789036,91.74963525283064,0.2840277866214291,1.362700677113808,0.607839020081752,1.0388611424726293,0.823360568087462,35,0.13331864460891915,1791.2184421052632,1460.7848142857142,691.2961,1577.1980976190475,False
1,56.0,1.0,1.0,1000.0,0.30201855,1555.11710519,1898.54104773,/home/chaoyu/phd_simulation/sensitivity_analysis/data/knit_dir_sweep_ellipse/m1_th056.00_verts.csv,/home/chaoyu/phd_simulation/sensitivity_analysis/data/knit_dir_sweep_ellipse/m1_th056.00_stress.csv,1.3500549134197606,1.6372354910888245,0.052711825459622476,1195.4345774948351,0.39352784195705304,0.4189981707167832,0.06051835745461107,2389.3671555874303,0.28182672376094775,1.3611134512379115,4.829611021531233,91.70840370993862,0.2827930417593825,1.360154214851706,0.5897900935768745,1.0531259709438374,0.8214700874994296,35,0.13282437721185628,1795.6213894736843,1462.6667047619046,678.357594736842,1581.6566761904764,False
1,57.0,1.0,1.0,1000.0,0.30088028,1558.87522718,1903.51293817,/home/chaoyu/phd_simulation/sensitivity_analysis/data/knit_dir_sweep_ellipse/m1_th057.00_verts.csv,/home/chaoyu/phd_simulation/sensitivity_analysis/data/knit_dir_sweep_ellipse/m1_th057.00_stress.csv,1.3469590093831807,1.6328260093879008,0.052707378782330214,1195.4345774948351,0.39212081974696206,0.41757634451622905,0.06047861873883714,2389.3671555874303,0.2806708101027775,1.358562549514588,4.840412684942558,91.66604320900608,0.2815887374792797,1.3576514580730163,0.5720961600229247,1.0671101778505967,0.8196166798086828,35,0.13234515550773965,1799.8351315789473,1464.4491785714288,665.7914105263158,1585.9872047619046,False
1,58.0,1.0,1.0,1000.0,0.29977112,1562.47508092,1908.17342796,/home/chaoyu/phd_simulation/sensitivity_analysis/data/knit_dir_sweep_ellipse/m1_th058.00_verts.csv,/home/chaoyu/phd_simulation/sensitivity_analysis/data/knit_dir_sweep_ellipse/m1_th058.00_stress.csv,1.3439248548574996,1.6284060420162778,0.05270284664032042,1195.4345774948351,0.3907479925841474,0.4162251055803817,0.060437976489495226,2389.3671555874303,0.27954571137942863,1.3560577529706936,4.850933846486775,91.62262425168772,0.2804154310765551,1.3551946241381796,0.5547723536620129,1.0808014110821547,0.8178017321750611,35,0.1318767292442321,1803.8638210526317,1466.134988095238,653.6003789473684,1590.1878642857143,False
1,59.0,1.0,1.0,1000.0,0.29869164,1565.92001382,1912.52940252,/home/chaoyu/phd_simulation/sensitivity_analysis/data/knit_dir_sweep_ellipse/m1_th059.00_verts.csv,/home/chaoyu/phd_simulation/sensitivity_analysis/data/knit_dir_sweep_ellipse/m1_th059.00_stress.csv,1.3409553074171572,1.623986296715504,0.052698238722266984,1195.4345774948351,0.38941020356952516,0.6208051362041346,0.06039656718466217,2389.3671555874303,0.27845194659703165,1.3536023852530072,4.8611704884645865,91.57820214516732,0.27927378925194596,1.3527868893470405,0.5378338582067644,1.0941883361311087,0.8160271659250194,35,0.13142335124161536,1807.7116894736844,1467.726988095238,641.7869368421053,1594.2572023809525,False
1,60.0,1.0,1.0,1000.0,0.29764241,1569.2134372,1916.58769316,/home/chaoyu/phd_simulation/sensitivity_analysis/data/knit_dir_sweep_ellipse/m1_th060.00_verts.csv,/home/chaoyu/phd_simulation/sensitivity_analysis/data/knit_dir_sweep_ellipse/m1_th060.00_stress.csv,1.3380532824021065,1.619572172516292,0.05269356655782594,1195.4345774948351,0.38810827574456297,0.600108851644449,0.06035452664213005,2389.3671555874303,0.2773897855261873,1.351198802659541,4.871119533462343,91.53284742486035,0.27816423854705996,1.3504304534764244,0.5212946271520476,1.107259630460665,0.8142942940928641,35,0.13098072404718916,1811.3829736842106,1469.2280857142857,630.3529578947368,1598.1939642857144,False
1,61.0,1.0,1.0,1000.0,0.29662394,1572.35880403,1920.35505222,/home/chaoyu/phd_simulation/sensitivity_analysis/data/knit_dir_sweep_ellipse/m1_th061.00_verts.csv,/home/chaoyu/phd_simulation/sensitivity_analysis/data/knit_dir_sweep_ellipse/m1_th061.00_stress.csv,1.3352214953290016,1.6151792296273877,0.05268883925633626,1195.4345774948351,0.386843001805402,0.5805899228703357,0.06031196621785244,2389.3671555874303,0.2763596493148357,1.3488499791068533,4.880777575347877,91.48661869519934,0.2770873380072173,1.348128152855737,0.5051685375651426,1.1200048165189096,0.8126048142108445,35,0.13055076082180941,1814.8819684210528,1470.6412595238096,619.2999736842106,1601.9971904761903,False
1,62.0,1.0,1.0,1000.0,0.29563671,1575.35958856,1923.83813112,/home/chaoyu/phd_simulation/sensitivity_analysis/data/knit_dir_sweep_ellipse/m1_th062.00_verts.csv,/home/chaoyu/phd_simulation/sensitivity_analysis/data/knit_dir_sweep_ellipse/m1_th062.00_stress.csv,1.3324625884167378,1.4383184271136655,0.05268406673950346,1195.4345774948351,0.3856151061034414,0.5638221746161982,0.060269002736929506,2389.3671555874303,0.2753616492711346,1.3465578962746831,4.89014319836818,91.43956325131197,0.2760433190685612,1.3458818491807802,0.48946864528701695,1.132412934118965,0.8109597727729089,35,0.13013209164164144,1818.2129157894738,1471.9695428571426,608.6290578947369,1605.666169047619,False
1,63.0,1.0,1.0,1000.0,0.29468115,1578.21926744,1927.04346112,/home/chaoyu/phd_simulation/sensitivity_analysis/data/knit_dir_sweep_ellipse/m1_th063.00_verts.csv,/home/chaoyu/phd_simulation/sensitivity_analysis/data/knit_dir_sweep_ellipse/m1_th063.00_stress.csv,1.3297790739492916,1.4360130703413936,0.05267925906542326,1195.4345774948351,0.3844252670339697,0.5492863260606637,0.0602257433705863,2389.3671555874303,0.2743962736233849,1.344325608790703,4.899212336373854,91.39173523203912,0.27503279154110993,1.3436944757115037,0.4742078954308141,1.1444745827827945,0.8093609412070439,35,0.1297253459095144,1821.3800421052629,1472.901911627907,598.3410105263158,1608.7903488372094,False
1,64.0,1.0,1.0,1000.0,0.29375767,1580.94130237,1929.97743648,/home/chaoyu/phd_simulation/sensitivity_analysis/data/knit_dir_sweep_ellipse/m1_th064.00_verts.csv,/home/chaoyu/phd_simulation/sensitivity_analysis/data/knit_dir_sweep_ellipse/m1_th064.00_stress.csv,1.3271733137857817,1.433734143427028,0.05267442048148772,1195.4345774948351,0.383274129496639,0.89911667728168,0.060182280011766946,2389.3671555874303,0.2734636353078259,1.3421548530324188,4.907982926218378,91.3431939992872,0.27405598755968175,1.341567649828247,0.45939808363297513,1.1561798169348576,0.8078092441701223,35,0.1293275391363952,1824.3875421052635,1474.0974953488374,588.4362631578948,1612.2258093023256,False
1,65.0,1.0,1.0,1000.0,0.29286664,1583.52912407,1933.36405665,/home/chaoyu/phd_simulation/sensitivity_analysis/data/knit_dir_sweep_ellipse/m1_th065.00_verts.csv,/home/chaoyu/phd_simulation/sensitivity_analysis/data/knit_dir_sweep_ellipse/m1_th065.00_stress.csv,1.3246476577512067,1.4314881267782762,0.052669561095156144,1195.4345774948351,0.38216229174140204,0.8534004359796139,0.06013870423456505,2389.3671555874303,0.2725639175532504,1.3400484201629221,4.916455678331373,91.29397192001551,0.2731131800728874,1.339504073041099,0.44505113434582905,1.167519686067512,0.8063061688580863,35,0.12894141101608253,1827.2395105263158,1475.2170023255815,578.915,1615.5257372093024,False
1,66.0,1.0,1.0,1000.0,0.2920084,1585.98611761,1936.84958449,/home/chaoyu/phd_simulation/sensitivity_analysis/data/knit_dir_sweep_ellipse/m1_th066.00_verts.csv,/home/chaoyu/phd_simulation/sensitivity_analysis/data/knit_dir_sweep_ellipse/m1_th066.00_stress.csv,1.3222042205692806,1.429275980278036,0.05266468816202875,1195.4345774948351,0.38109029526057897,0.814057996220033,0.0600950953797385,2389.3671555874303,0.27169743037038274,1.3380081154428665,4.924625579339746,91.24412760030026,0.272204785700115,1.3375054441617986,0.43117802565503277,1.1784853258059513,0.8048527729066246,35,0.12856487137086545,1829.939947368421,1476.2634604651164,569.7771789473685,1618.6901558139534,False
1,67.0,1.0,1.0,1000.0,0.29118327,1588.31560896,1940.10013068,/home/chaoyu/phd_simulation/sensitivity_analysis/data/knit_dir_sweep_ellipse/m1_th067.00_verts.csv,/home/chaoyu/phd_simulation/sensitivity_analysis/data/knit_dir_sweep_ellipse/m1_th067.00_stress.csv,1.3198451598720125,1.4271005901495775,0.052659808018619525,1195.4345774948351,0.38005868806745585,0.7798948406654957,0.06005152699541027,2389.3671555874303,0.270864119283188,1.3360359278374905,4.932495050925025,91.19370118020464,0.27133083513083545,1.3355736670748497,0.4177892329502312,1.1890681929292322,0.8034500235603392,35,0.12819688391683284,1832.4928157894738,1477.239872093023,561.0225315789475,1621.7191953488373,False
1,68.0,1.0,1.0,1000.0,0.29039155,1590.52085276,1943.12177682,/home/chaoyu/phd_simulation/sensitivity_analysis/data/knit_dir_sweep_ellipse/m1_th068.00_verts.csv,/home/chaoyu/phd_simulation/sensitivity_analysis/data/knit_dir_sweep_ellipse/m1_th068.00_stress.csv,1.3175724134519657,1.4249656740558667,0.05265492735682351,1195.4345774948351,0.37906794752234513,0.7500041641819459,0.06000806476786066,2389.3671555874303,0.27006426712155807,1.3341342574931008,4.940062125629513,91.14273550348402,0.27049169334925516,1.3337110598431259,0.40489504312865704,1.199260680285651,0.8020992623073294,35,0.12783727470249417,1836.3675999999998,1478.1492372093023,549.6329944444445,1624.6131372093023,False
1,69.0,1.0,1.0,1000.0,0.28963348,1592.60503263,1945.92044958,/home/chaoyu/phd_simulation/sensitivity_analysis/data/knit_dir_sweep_ellipse/m1_th069.00_verts.csv,/home/chaoyu/phd_simulation/sensitivity_analysis/data/knit_dir_sweep_ellipse/m1_th069.00_stress.csv,1.3153878479202046,1.4228738955959754,0.05265004807665706,1195.4345774948351,0.3781185165702794,0.7236805571087819,0.059964776394239465,2389.3671555874303,0.26929807121733584,1.3323046585320266,4.947323434250652,91.09126313014755,0.26968762678432157,1.3319191075249965,0.3925051994902512,1.2090547915139707,0.8008013648746812,35,0.12748689680573158,1838.6844833333332,1478.9944976744187,541.6260888888888,1627.372362790698,False
1,70.0,1.0,1.0,1000.0,0.28890932,1594.57119472,1948.50169494,/home/chaoyu/phd_simulation/sensitivity_analysis/data/knit_dir_sweep_ellipse/m1_th070.00_verts.csv,/home/chaoyu/phd_simulation/sensitivity_analysis/data/knit_dir_sweep_ellipse/m1_th070.00_stress.csv,1.3132932643684114,1.577431419258768,0.05264517939171392,1195.4345774948351,0.3772108348582165,0.700362982021582,0.059921711806159385,2389.3671555874303,0.2685655323261982,1.3305488998872836,4.954280202536215,91.03932508902074,0.26891870709142235,1.3301995081909643,0.3806287250520076,1.2184432683700346,0.7995572161067409,35,0.12714320229227732,1840.8635333333332,1479.7785744186046,534.0010111111111,1629.9973604651161,False
1,71.0,1.0,1.0,1000.0,0.28821928,1596.42236179,1950.87113186,/home/chaoyu/phd_simulation/sensitivity_analysis/data/knit_dir_sweep_ellipse/m1_th071.00_verts.csv,/home/chaoyu/phd_simulation/sensitivity_analysis/data/knit_dir_sweep_ellipse/m1_th071.00_stress.csv,1.3112903474672044,1.5735295393084865,0.05264032426929936,1195.4345774948351,0.3763452707716336,0.6796116300503617,0.059878922981408296,2389.3671555874303,0.26786678123224306,1.3288685484105556,4.960930736903931,90.98695259728225,0.26818512427534014,1.3285537694777467,0.36927438243245264,1.2274190398296176,0.7983676648213993,35,0.12680659639046085,1842.9082777777776,1480.504339534884,526.7569555555556,1632.4886790697674,False
1,72.0,1.0,1.0,1000.0,0.28756356,1598.16136377,1953.03383151,/home/chaoyu/phd_simulation/sensitivity_analysis/data/knit_dir_sweep_ellipse/m1_th072.00_verts.csv,/home/chaoyu/phd_simulation/sensitivity_analysis/data/knit_dir_sweep_ellipse/m1_th072.00_stress.csv,1.3093806722242496,1.5697018854796343,0.05263548776233274,1195.4345774948351,0.37552219979894663,0.6610647363038017,0.05983645097169405,2389.3671555874303,0.2672019085730384,1.327265402713764,4.967275158332046,90.9341882243689,0.2674870312216119,1.3269836277968547,0.35845033532371845,1.2359758247066117,0.7972336556434012,35,0.12647848810242537,1844.8220166666667,1481.1745604651162,519.8929833333334,1634.8469511627904,False
1,73.0,1.0,1.0,1000.0,0.28694235,1599.79098436,1954.99489184,/home/chaoyu/phd_simulation/sensitivity_analysis/data/knit_dir_sweep_ellipse/m1_th073.00_verts.csv,/home/chaoyu/phd_simulation/sensitivity_analysis/data/knit_dir_sweep_ellipse/m1_th073.00_stress.csv,1.3075657003684724,1.565948780472713,0.05263067240111834,1195.4345774948351,0.37474195826932477,0.6444288987193963,0.05979433080749124,2389.3671555874303,0.26657091788947707,1.325740853944451,4.97331391001218,90.88105918985308,0.26682447926286273,1.3254904264635403,0.34816434285117503,1.2441072512276423,0.7961558859169641,35,0.12615593404743888,1846.607961111111,1481.792027906977,513.4080944444445,1637.072834883721,False
1,74.0,1.0,1.0,1000.0,0.28635581,1601.31384659,1956.75901932,/home/chaoyu/phd_simulation/sensitivity_analysis/data/knit_dir_sweep_ellipse/m1_th074.00_verts.csv,/home/chaoyu/phd_simulation/sensitivity_analysis/data/knit_dir_sweep_ellipse/m1_th074.00_stress.csv,1.3058468688944602,1.5622755336931002,0.052625882845760925,1195.4345774948351,0.37400485405400874,0.6294657607820482,0.05975260622358803,2389.3671555874303,0.265974031737938,1.3242963634240141,4.979043836613465,90.82759520357149,0.2661977366523181,1.3240755810854419,0.33842389239070775,1.2518075077756212,0.7951351975809761,35,0.12584157456827033,1848.2691222222222,1482.3594,507.30128333333334,1639.1670790697674,False
1,75.0,1.0,1.0,1000.0,0.28580408,1602.73245561,1958.3307076,/home/chaoyu/phd_simulation/sensitivity_analysis/data/knit_dir_sweep_ellipse/m1_th075.00_verts.csv,/home/chaoyu/phd_simulation/sensitivity_analysis/data/knit_dir_sweep_ellipse/m1_th075.00_stress.csv,1.3042254287457304,1.5586814567354552,0.05262112346637646,1195.4345774948351,0.3733111481922875,0.6159704945081181,0.0597113058290297,2389.3671555874303,0.2654112520408354,1.3229333238525447,4.984465856967519,90.77382801986445,0.26560684829372827,1.3227404413553052,0.3292358012025286,1.259071162984709,0.79417228794669,35,0.1255307480134112,1849.8083722222223,1482.8792627906976,501.57151666666664,1641.1304162790698,False
1,76.0,1.0,1.0,1000.0,0.28528732,1604.04918386,1959.71419575,/home/chaoyu/phd_simulation/sensitivity_analysis/data/knit_dir_sweep_ellipse/m1_th076.00_verts.csv,/home/chaoyu/phd_simulation/sensitivity_analysis/data/knit_dir_sweep_ellipse/m1_th076.00_stress.csv,1.3027026747180306,1.5551688135658182,0.05261639282400078,1195.4345774948351,0.37266112286911895,0.6037787482175366,0.059670455499294076,2389.3671555874303,0.2648826240732929,1.3216527023831945,4.989578712484719,90.71977927550502,0.26505189358888,1.321485940242217,0.3206065534351664,1.2658927357728262,0.7932676632282437,35,0.12522749880199854,1851.2284499999998,1483.3541255813952,496.21771111111116,1642.9635767441857,False
1,77.0,1.0,1.0,1000.0,0.28480563,1605.26626618,1960.91346419,/home/chaoyu/phd_simulation/sensitivity_analysis/data/knit_dir_sweep_ellipse/m1_th077.00_verts.csv,/home/chaoyu/phd_simulation/sensitivity_analysis/data/knit_dir_sweep_ellipse/m1_th077.00_stress.csv,1.3012797089715111,1.5517408387737495,0.05261169945304637,1195.4345774948351,0.37205500113188217,0.5927464366710803,0.05963008307302667,2389.3671555874303,0.26438820249881356,1.320455941318052,4.994382990004925,90.66548307228848,0.26453296416861427,1.320313483057441,0.31254213098758843,1.2722677313379949,0.7924220719084328,35,0.1249284126351916,1852.5318833333336,1483.7863790697675,491.2388444444445,1644.6673209302326,False
1,78.0,1.0,1.0,1000.0,0.28435913,1606.3857954,1961.93223122,/home/chaoyu/phd_simulation/sensitivity_analysis/data/knit_dir_sweep_ellipse/m1_th078.00_verts.csv,/home/chaoyu/phd_simulation/sensitivity_analysis/data/knit_dir_sweep_ellipse/m1_th078.00_stress.csv,1.2999575886462829,1.5483986017899634,0.05260704280538893,1195.4345774948351,0.3714930088948477,0.5827552919235846,0.05959019832197075,2389.3671555874303,0.26392804896968913,1.3193436358488209,4.998876174772698,90.61095684846416,0.2640501475574637,1.3192236390326209,0.3050481909770302,1.278191139108979,0.791635842409255,35,0.12463582141783358,1853.72105,1484.178288372093,486.63388888888886,1646.242411627907,False
1,79.0,1.0,1.0,1000.0,0.2839479,1607.40971814,1963.9826907,/home/chaoyu/phd_simulation/sensitivity_analysis/data/knit_dir_sweep_ellipse/m1_th079.00_verts.csv,/home/chaoyu/phd_simulation/sensitivity_analysis/data/knit_dir_sweep_ellipse/m1_th079.00_stress.csv,1.298737271418477,1.5451428802949916,0.052602425254674075,1195.4345774948351,0.37097533166130264,0.5737020907000526,0.05955083425622538,2389.3671555874303,0.2635023386442408,1.3183173979034413,5.003057675641069,90.55623131578548,0.263603647704086,1.318217991263515,0.2981300197861683,1.2836594489692812,0.790909868273841,35,0.12434954103042359,1854.7981722222223,1484.5320325581397,482.4018888888889,1647.6895860465115,False
1,80.0,1.0,1.0,1000.0,0.28357205,1608.33983662,1966.24636115,/home/chaoyu/phd_simulation/sensitivity_analysis/data/knit_dir_sweep_ellipse/m1_th080.00_verts.csv,/home/chaoyu/phd_simulation/sensitivity_analysis/data/knit_dir_sweep_ellipse/m1_th080.00_stress.csv,1.2976196126933321,1.5419727870639315,0.052597847257416744,1195.4345774948351,0.37050213309446006,0.5654992844953887,0.05951199454028763,2389.3671555874303,0.26311096571648207,1.3173776713764402,5.006928038096269,90.50132296382947,0.2631933789994616,1.3172969633571814,0.29179226937088765,1.2886683357459634,0.7902443185464612,35,0.12406793078560839,1859.6887368421055,1484.8495906976746,470.99726315789474,1649.0095348837206,False
1,81.0,1.0,1.0,1000.0,0.28323165,1609.1777785,1968.3497905,/home/chaoyu/phd_simulation/sensitivity_analysis/data/knit_dir_sweep_ellipse/m1_th081.00_verts.csv,/home/chaoyu/phd_simulation/sensitivity_analysis/data/knit_dir_sweep_ellipse/m1_th081.00_stress.csv,1.2966054886804865,1.5388925208561781,0.0525933123752006,1195.4345774948351,0.3700735845137415,0.5580722637763832,0.05947370168153191,2389.3671555874303,0.26275404242927936,1.3165255119485295,5.010486231826002,90.4462627416213,0.26281947628704583,1.3164615883473165,0.28603931881010425,1.2932145767400223,0.7896397771889044,35,0.12379141839495646,1860.5701789473685,1485.1327511627908,467.51643684210524,1650.2029255813957,False
1,82.0,1.0,1.0,1000.0,0.28292676,1609.92504864,1970.29557888,/home/chaoyu/phd_simulation/sensitivity_analysis/data/knit_dir_sweep_ellipse/m1_th082.00_verts.csv,/home/chaoyu/phd_simulation/sensitivity_analysis/data/knit_dir_sweep_ellipse/m1_th082.00_stress.csv,1.295695596005532,1.5359000250834705,0.05258882296593079,1195.4345774948351,0.3696897960346221,0.5513568214398645,0.05943596350341572,2389.3671555874303,0.26243167940617296,1.3157615980176463,5.01373005345595,90.39106222383647,0.26248206396595986,1.3157125307396995,0.2808752399613186,1.297294877204603,0.7890966387119096,35,0.12352204791334342,1861.342642105263,1485.3831813953489,464.4062263157894,1651.2704116279065,False
1,83.0,1.0,1.0,1000.0,0.28265745,1610.58297539,1972.08595065,/home/chaoyu/phd_simulation/sensitivity_analysis/data/knit_dir_sweep_ellipse/m1_th083.00_verts.csv,/home/chaoyu/phd_simulation/sensitivity_analysis/data/knit_dir_sweep_ellipse/m1_th083.00_stress.csv,1.2948905509367508,1.532998094461708,0.05258437877225275,1195.4345774948351,0.3693509322282898,0.5452959323524037,0.059398790270517476,2389.3671555874303,0.2621438189144727,1.3150863137500977,5.016659630563935,90.33574885986327,0.26218110046068493,1.3150501584833416,0.2763034406220409,1.3009061435821223,0.7886150663322852,35,0.12325757335576709,1862.0076736842104,1471.7266704545455,461.66578421052634,1637.0131409090907,False
1,84.0,1.0,1.0,1000.0,0.28242376,1611.15272624,1973.7228264,/home/chaoyu/phd_simulation/sensitivity_analysis/data/knit_dir_sweep_ellipse/m1_th084.00_verts.csv,/home/chaoyu/phd_simulation/sensitivity_analysis/data/knit_dir_sweep_ellipse/m1_th084.00_stress.csv,1.2941910017946279,1.5301843266651247,0.05257998025824772,1195.4345774948351,0.36905704441425585,0.515579031155693,0.0593621891462072,2389.3671555874303,0.2618906695780705,1.3145006684368865,5.0192726245446835,90.28033734257573,0.26191680489249625,1.3144754702693042,0.2723272600966696,1.304046241949511,0.7881956690074785,35,0.12299864577639896,1862.5666578947364,1471.925965909091,459.29443157894747,1637.8300545454547,False
1,85.0,1.0,1.0,1000.0,0.28222574,1611.63532327,1975.20789172,/home/chaoyu/phd_simulation/sensitivity_analysis/data/knit_dir_sweep_ellipse/m1_th085.00_verts.csv,/home/chaoyu/phd_simulation/sensitivity_analysis/data/knit_dir_sweep_ellipse/m1_th085.00_stress.csv,1.2935973469619766,1.52746273187638,0.05257563203386156,1195.4345774948351,0.36880824680775404,0.5099816106006011,0.05932616752392163,2389.3671555874303,0.261672231652065,1.31400461139997,5.021566878166686,90.22485116852067,0.26168918776750355,1.3139884050853163,0.26894937974480543,1.3067124279808955,0.7878384215260175,35,0.12274602303870744,1863.0207736842103,1472.0966204545455,457.2915421052632,1638.5245795454541,False
1,86.0,1.0,1.0,1000.0,0.28206343,1612.03162244,1976.54250432,/home/chaoyu/phd_simulation/sensitivity_analysis/data/knit_dir_sweep_ellipse/m1_th086.00_verts.csv,/home/chaoyu/phd_simulation/sensitivity_analysis/data/knit_dir_sweep_ellipse/m1_th086.00_stress.csv,1.2931100956298764,1.5248297917937923,0.05257133067349737,1195.4345774948351,0.3686045931572024,0.5048987930816135,0.05929073451658644,2389.3671555874303,0.2614885424830351,1.3135993804984671,5.023544695399766,90.16930861320346,0.26149829338370023,1.3135901937498284,0.2661721525927427,1.3089036109289454,0.7875439614907511,35,0.12250074395950898,1863.371031578947,1475.9455139534882,455.65656315789465,1643.2749348837208,False
1,87.0,1.0,1.0,1000.0,0.28193686,1612.34232478,1977.72774085,/home/chaoyu/phd_simulation/sensitivity_analysis/data/knit_dir_sweep_ellipse/m1_th087.00_verts.csv,/home/chaoyu/phd_simulation/sensitivity_analysis/data/knit_dir_sweep_ellipse/m1_th087.00_stress.csv,1.292729610406663,1.5222860712902515,0.05256708186093549,1195.4345774948351,0.3684461379779784,0.5002973324745967,0.05925590019390109,2389.3671555874303,0.2613396305110329,1.3132844503470935,5.02520206284462,90.11371795270293,0.26134415433473634,1.3132803065909902,0.2639975308609234,1.3106173287166707,0.7873120404290632,35,0.12226111884246435,1863.6182894736842,1476.0826162790697,454.38910000000004,1643.754634883721,False
1,88.0,1.0,1.0,1000.0,0.28184604,1612.56797523,1978.76438826,/home/chaoyu/phd_simulation/sensitivity_analysis/data/knit_dir_sweep_ellipse/m1_th088.00_verts.csv,/home/chaoyu/phd_simulation/sensitivity_analysis/data/knit_dir_sweep_ellipse/m1_th088.00_stress.csv,1.2924561107033068,1.5198331307484205,0.052562882554502366,1195.4345774948351,0.3683329230316941,0.49614628201822764,0.05922166068372629,2389.3671555874303,0.26122568039676763,1.3130608465782851,5.026538143508393,90.05810650083522,0.2612269596650677,1.3130597647933042,0.26242718667659287,1.3118531064537982,0.7871432634875264,35,0.12202995520237625,1863.7631736842104,1472.6761227272727,453.4888210526316,1640.1429613636362,False
1,89.0,1.0,1.0,1000.0,0.28179101,1612.70897753,1979.65300685,/home/chaoyu/phd_simulation/sensitivity_analysis/data/knit_dir_sweep_ellipse/m1_th089.00_verts.csv,/home/chaoyu/phd_simulation/sensitivity_analysis/data/knit_dir_sweep_ellipse/m1_th089.00_stress.csv,1.2922898016840234,1.5174686948996539,0.05255873297227759,1195.4345774948351,0.36826495915081225,0.49242010817056714,0.059188024814796396,2389.3671555874303,0.2611466715685309,1.3129282954246315,5.027551327913781,90.00249173876017,0.26114668985686756,1.3129282934354483,0.2614622167422035,1.3126095400169262,0.7870374834965812,35,0.12180399306642331,1863.806147368421,1472.771825,452.95551052631583,1640.3908454545456,False
1,90.0,1.0,1.0,1000.0,0.28177176,1612.76552459,1980.39361995,/home/chaoyu/phd_simulation/sensitivity_analysis/data/knit_dir_sweep_ellipse/m1_th090.00_verts.csv,/home/chaoyu/phd_simulation/sensitivity_analysis/data/knit_dir_sweep_ellipse/m1_th090.00_stress.csv,1.2922308943907164,1.5151921111090265,0.05255463671730934,1195.4345774948351,0.3682422822038496,0.48909588731227177,0.0591549960883868,2389.3671555874303,0.26110270384039347,1.312887042392048,5.028239934254331,89.9468864133387,0.2611034440619702,1.3128861385713966,0.2611034440619702,1.3128861385713966,0.7869948731162207,35,0.12158741926896802,1863.7474263157894,1472.8413181818182,452.7890210526316,1640.5173772727271,False
2,0.0,1.0,1.0,1000.0,0.37494731,1164.19079203,1422.29874017,/home/chaoyu/phd_simulation/sensitivity_analysis/data/knit_dir_sweep_ellipse/m2_th000.00_verts.csv,/home/chaoyu/phd_simulation/sensitivity_analysis/data/knit_dir_sweep_ellipse/m2_th000.00_stress.csv,1.5143333103230106,1.6020736312370452,0.0524623324879949,1195.4345774948351,0.4714719585017921,0.5965658263288056,0.05804919311003554,2389.3671555874303,0.3475022293632015,1.5156156631974897,4.361455942239157,89.96558746388355,0.3475024672383557,1.5156152418261695,1.5156152418261695,0.3475024672383557,0.9315589462803456,35,0.1685170581953021,1348.3732842105264,1139.4440875,1522.1731894736843,980.0246,False
2,1.0,1.0,1.0,1000.0,0.37493031,1164.27388822,1422.41057309,/home/chaoyu/phd_simulation/sensitivity_analysis/data/knit_dir_sweep_ellipse/m2_th001.00_verts.csv,/home/chaoyu/phd_simulation/sensitivity_analysis/data/knit_dir_sweep_ellipse/m2_th001.00_stress.csv,1.5142995079359356,1.604591206492966,0.052466690181441546,1195.4345774948351,0.4714585042843078,0.6005990536583973,0.05808569020905957,2389.3671555874303,0.3474951985362744,1.5155848918333659,4.361455635120543,90.01553477222315,0.34749540538670043,1.5155848059651722,1.5152179738926816,0.34786834946151085,0.9315400451848201,35,0.16861170616758753,1348.6051947368421,1139.4558124999999,1521.6956105263157,980.1083775,False
2,2.0,1.0,1.0,1000.0,0.37487813,1164.56190048,1422.67046111,/home/chaoyu/phd_simulation/sensitivity_analysis/data/knit_dir_sweep_ellipse/m2_th002.00_verts.csv,/home/chaoyu/phd_simulation/sensitivity_analysis/data/knit_dir_sweep_ellipse/m2_th002.00_stress.csv,1.5142020556691815,1.6071258531573367,0.05247112758031532,1195.4345774948351,0.4714053350581158,0.6050333451197646,0.058123983066535115,2389.3671555874303,0.3474520911882921,1.5155074315907395,4.361773810045805,90.06537429733625,0.3474540379199456,1.5155059109613436,1.5139902992248502,0.3489818972338096,0.9314797613895158,35,0.1686844811541189,1350.5667666666666,1139.5983625000001,1521.5378888888886,980.5386674999997,False
2,3.0,1.0,1.0,1000.0,0.37479088,1165.05391147,1423.07771002,/home/chaoyu/phd_simulation/sensitivity_analysis/data/knit_dir_sweep_ellipse/m2_th003.00_verts.csv,/home/chaoyu/phd_simulation/sensitivity_analysis/data/knit_dir_sweep_ellipse/m2_th003.00_stress.csv,1.514041101517983,1.4805756924733962,0.05247563650552068,1195.4345774948351,0.47131252818438274,0.6467492336604831,0.05816397998537862,2389.3671555874303,0.3473731320689446,1.515383412185619,4.362408235663011,90.11501966587757,0.3473785701413389,1.5153787052735932,1.51193441409507,0.3508412340846215,0.9313782721272817,35,0.16873484585232804,1351.279538888889,1145.9967902439025,1519.5188277777777,985.8331878048781,False
2,4.0,1.0,1.0,1000.0,0.37466873,1165.74835901,1423.63123015,/home/chaoyu/phd_simulation/sensitivity_analysis/data/knit_dir_sweep_ellipse/m2_th004.00_verts.csv,/home/chaoyu/phd_simulation/sensitivity_analysis/data/knit_dir_sweep_ellipse/m2_th004.00_stress.csv,1.5138168651216144,1.4815751412986309,0.05248020718684898,1195.4345774948351,0.4711802640685306,0.6508833470455966,0.05820558514454284,2389.3671555874303,0.3472584100571072,1.5152127937593887,4.363358092638302,90.16435908654088,0.34726905610202446,1.5152031830015515,1.5090537683266338,0.353442924280964,0.931235601908248,35,0.16876351544195575,1352.2292166666668,1146.4017024390243,1516.7326555555555,986.9611463414634,False
2,5.0,1.0,1.0,1000.0,0.37451193,1166.64304647,1424.32954207,/home/chaoyu/phd_simulation/sensitivity_analysis/data/knit_dir_sweep_ellipse/m2_th005.00_verts.csv,/home/chaoyu/phd_simulation/sensitivity_analysis/data/knit_dir_sweep_ellipse/m2_th005.00_stress.csv,1.5135296229118418,1.4825628368304864,0.052484830807961645,1195.4345774948351,0.4710088091303937,0.6555024826613933,0.05824869211864424,2389.3671555874303,0.347108227532948,1.5149962256268412,4.3646220557622355,90.2133012983546,0.3471257509658533,1.514980039929977,1.505353836455327,0.3567824104667652,0.9310522265798946,35,0.1687712451902557,1353.4126777777778,1146.9352292682927,1513.1858555555557,988.4336878048782,False
2,6.0,1.0,1.0,1000.0,0.37432078,1167.73515734,1425.17078428,/home/chaoyu/phd_simulation/sensitivity_analysis/data/knit_dir_sweep_ellipse/m2_th006.00_verts.csv,/home/chaoyu/phd_simulation/sensitivity_analysis/data/knit_dir_sweep_ellipse/m2_th006.00_stress.csv,1.5131797974094368,1.483540466464244,0.05248949341776322,1195.4345774948351,0.47079845998882025,0.6606238139257207,0.05829317358566549,2389.3671555874303,0.3469228542378282,1.514733332840815,4.3661964449376125,90.26175193002429,0.34694886412878023,1.5147089606789017,1.5008404300993956,0.3608537414637773,0.9308280935393216,35,0.168757058838215,1354.8261,1147.5957,1508.8866611111112,990.2480121951218,False
2,7.0,1.0,1.0,1000.0,0.37409567,1169.02127381,1426.15272281,/home/chaoyu/phd_simulation/sensitivity_analysis/data/knit_dir_sweep_ellipse/m2_th007.00_verts.csv,/home/chaoyu/phd_simulation/sensitivity_analysis/data/knit_dir_sweep_ellipse/m2_th007.00_stress.csv,1.5127678541952616,1.484505888763663,0.052494188098857524,1195.4345774948351,0.47054963079613615,0.6662655409732746,0.05833891298670517,2389.3671555874303,0.34670288061004606,1.514424954039002,4.368077217513376,90.3096210595483,0.34673891407271473,1.514390855099132,1.4955218809291275,0.365649981243866,0.930563917324524,35,0.16872145682322928,1356.4649166666668,1148.380992682927,1503.8449444444445,992.400712195122,False
2,8.0,1.0,1.0,1000.0,0.37383704,1170.49739916,1427.27276265,/home/chaoyu/phd_simulation/sensitivity_analysis/data/knit_dir_sweep_ellipse/m2_th008.00_verts.csv,/home/chaoyu/phd_simulation/sensitivity_analysis/data/knit_dir_sweep_ellipse/m2_th008.00_stress.csv,1.5122943174838919,1.48545431838897,0.0524989020858135,1195.4345774948351,0.4702627783852761,0.6724446059421462,0.05838577088055249,2389.3671555874303,0.3464485385800278,1.5140707685661083,4.370261669371614,90.35681257992941,0.3464960474610746,1.514025487004841,1.4894067127046346,0.3711624843371775,0.9302596535730681,35,0.1686645633033059,1358.3239111111109,1149.288668292683,1498.0722944444444,994.887712195122,False
2,9.0,1.0,1.0,1000.0,0.37354541,1172.1589836,1428.52796098,/home/chaoyu/phd_simulation/sensitivity_analysis/data/knit_dir_sweep_ellipse/m2_th009.00_verts.csv,/home/chaoyu/phd_simulation/sensitivity_analysis/data/knit_dir_sweep_ellipse/m2_th009.00_stress.csv,1.5117598251417093,1.4863845486039613,0.05250362493467014,1195.4345774948351,0.46993846327073957,0.6791759864335344,0.058433603659306,2389.3671555874303,0.3461604942491807,1.513671528777844,4.372744879686474,90.4032423173459,0.34622083658339214,1.5136137018564788,1.4825057364372403,0.37738182671563575,0.9299160115135123,35,0.16858613732772557,1360.397138888889,1150.3159097560977,1491.58195,997.7043341463412,False
2,10.0,1.0,1.0,1000.0,0.37322133,1174.00095348,1429.91504206,/home/chaoyu/phd_simulation/sensitivity_analysis/data/knit_dir_sweep_ellipse/m2_th010.00_verts.csv,/home/chaoyu/phd_simulation/sensitivity_analysis/data/knit_dir_sweep_ellipse/m2_th010.00_stress.csv,1.5111650955124434,1.487294279573819,0.05250834398118298,1195.4345774948351,0.4695772744868578,0.6864775520265386,0.05848226083943035,2389.3671555874303,0.3458393622755538,1.5132274263262386,4.375521098493547,90.44882408062406,0.34591379158147595,1.5131557950945382,1.4748304716917364,0.38429726461546215,0.9295333943008962,35,0.1684871673310882,1362.6780666666664,1147.9328214285713,1484.3885333333335,997.192307142857,False
2,11.0,1.0,1.0,1000.0,0.37286546,1176.01774332,1431.43041361,/home/chaoyu/phd_simulation/sensitivity_analysis/data/knit_dir_sweep_ellipse/m2_th011.00_verts.csv,/home/chaoyu/phd_simulation/sensitivity_analysis/data/knit_dir_sweep_ellipse/m2_th011.00_stress.csv,1.5105109420423424,1.4881799830367988,0.05251304834842061,1195.4345774948351,0.4691798881776933,0.6943642937070004,0.05853158805624245,2389.3671555874303,0.34548587122320185,1.5127392131725352,4.378584883418364,90.49347040927675,0.34557552630694566,1.512652632673734,1.466394219431528,0.391896948884346,0.9291125421978685,35,0.1683696449820371,1365.1596222222222,1149.2125547619046,1476.508283333333,1000.6749904761905,False
2,12.0,1.0,1.0,1000.0,0.37247846,1178.20333048,1433.09038637,/home/chaoyu/phd_simulation/sensitivity_analysis/data/knit_dir_sweep_ellipse/m2_th012.00_verts.csv,/home/chaoyu/phd_simulation/sensitivity_analysis/data/knit_dir_sweep_ellipse/m2_th012.00_stress.csv,1.50979816858552,1.4890406438010042,0.05251772827945208,1195.4345774948351,0.46874704915073706,0.7028501710964712,0.058581430835446764,2389.3671555874303,0.34510070962900175,1.5122071592386461,4.381930019397336,90.53710974518425,0.3452066113388989,1.5121046018413913,1.4572108723268147,0.4001679178584531,0.9286539344338239,35,0.16823138529207238,1367.8341611111111,1150.602157142857,1467.9587722222223,1004.4703880952379,False
2,13.0,1.0,1.0,1000.0,0.37206108,1180.55127196,1434.88927158,/home/chaoyu/phd_simulation/sensitivity_analysis/data/knit_dir_sweep_ellipse/m2_th013.00_verts.csv,/home/chaoyu/phd_simulation/sensitivity_analysis/data/knit_dir_sweep_ellipse/m2_th013.00_stress.csv,1.5090278148466456,1.4898726295597617,0.052522368339843306,1195.4345774948351,0.4682795490288905,0.7119478189035569,0.05863162541405189,2389.3671555874303,0.34468461205716516,1.5116317328458286,4.385550384231043,90.57966627309693,0.3448076546940598,1.5115122968264751,1.4472956804291126,0.4090960990002818,0.9281581724514969,35,0.16807216984120218,1370.6935888888888,1152.8632853658537,1458.7588777777778,1009.7173804878049,False
2,14.0,1.0,1.0,1000.0,0.37161413,1183.05474312,1436.80499884,/home/chaoyu/phd_simulation/sensitivity_analysis/data/knit_dir_sweep_ellipse/m2_th014.00_verts.csv,/home/chaoyu/phd_simulation/sensitivity_analysis/data/knit_dir_sweep_ellipse/m2_th014.00_stress.csv,1.5082008289412827,1.6371601854526314,0.0525269597856028,1195.4345774948351,0.4677782482830223,0.7216665254358438,0.058682009153527614,2389.3671555874303,0.34423857824491577,1.511013707304283,4.389437450642852,90.62106647405045,0.3443795238288825,1.5108766226177848,1.4366652746616668,0.4186666114396551,0.9276261427745994,35,0.16789615218172105,1373.7293888888887,1154.467043902439,1448.9287944444445,1014.1330756097561,False
2,15.0,1.0,1.0,1000.0,0.37113844,1185.70657771,1438.83279165,/home/chaoyu/phd_simulation/sensitivity_analysis/data/knit_dir_sweep_ellipse/m2_th015.00_verts.csv,/home/chaoyu/phd_simulation/sensitivity_analysis/data/knit_dir_sweep_ellipse/m2_th015.00_stress.csv,1.5073183568158028,1.6394514909617746,0.05253149150556964,1195.4345774948351,0.4672440724307574,0.7320110918679961,0.05873241508246919,2389.3671555874303,0.34376337169387816,1.5103536276658547,4.393585099609818,90.66124321254924,0.3439228470860706,1.5101982588482312,1.4253370470321867,0.4288633501222548,0.9270584996798664,35,0.16770065359887737,1376.932661111111,1156.1665536585363,1438.489788888889,1018.837180487805,False
2,16.0,1.0,1.0,1000.0,0.3706349,1188.49930904,1440.96765436,/home/chaoyu/phd_simulation/sensitivity_analysis/data/knit_dir_sweep_ellipse/m2_th016.00_verts.csv,/home/chaoyu/phd_simulation/sensitivity_analysis/data/knit_dir_sweep_ellipse/m2_th016.00_stress.csv,1.506381546600533,1.6416846704483565,0.05253595176766756,1195.4345774948351,0.4666779580632091,0.7429849987622674,0.058782680558510055,2389.3671555874303,0.34326006095723693,1.5096520293444462,4.397983339904252,90.70013563570005,0.3434385564511586,1.5094778769922663,1.4133293383318046,0.4396695593734464,0.9264560451508416,35,0.1674890556534726,1380.294222222222,1157.9569902439023,1427.4641944444445,1023.821036585366,False
2,17.0,1.0,1.0,1000.0,0.37010446,1191.42521162,1443.20439545,/home/chaoyu/phd_simulation/sensitivity_analysis/data/knit_dir_sweep_ellipse/m2_th017.00_verts.csv,/home/chaoyu/phd_simulation/sensitivity_analysis/data/knit_dir_sweep_ellipse/m2_th017.00_stress.csv,1.5053916544106498,1.6438519360552515,0.05254032799332595,1195.4345774948351,0.46608094972793057,0.7545843957183819,0.05883264344454395,2389.3671555874303,0.34272957349938626,1.5089099781369588,4.402625553232747,90.73768109386057,0.3429274386960234,1.5087166830303216,1.400661939393591,0.4510674252025892,0.9258197758181725,35,0.16726031279082915,1383.8045722222223,1159.8333170731707,1415.8753666666667,1029.075568292683,False
2,18.0,1.0,1.0,1000.0,0.36954807,1194.47634323,1445.53765128,/home/chaoyu/phd_simulation/sensitivity_analysis/data/knit_dir_sweep_ellipse/m2_th018.00_verts.csv,/home/chaoyu/phd_simulation/sensitivity_analysis/data/knit_dir_sweep_ellipse/m2_th018.00_stress.csv,1.5043499782107637,1.6459431670320055,0.052544611622641894,1195.4345774948351,0.46545408629468127,0.7667970821363506,0.05888213564455362,2389.3671555874303,0.3421729428899125,1.508127847598301,4.407501758791933,90.77382935062491,0.3423903906217889,1.5079151868698157,1.3873547743424546,0.4630384165672059,0.9251503952441068,35,0.16701501605792243,1387.4540444444444,1161.7904170731706,1403.7475055555556,1034.5912170731708,False
2,19.0,1.0,1.0,1000.0,0.36896676,1197.64458671,1447.96191012,/home/chaoyu/phd_simulation/sensitivity_analysis/data/knit_dir_sweep_ellipse/m2_th019.00_verts.csv,/home/chaoyu/phd_simulation/sensitivity_analysis/data/knit_dir_sweep_ellipse/m2_th019.00_stress.csv,1.5032579395412464,1.6479593578248835,0.052548791862082916,1195.4345774948351,0.4647984813175343,0.7796063851029642,0.05893101041598961,2389.3671555874303,0.34159127879128226,1.507306872858178,4.412603501447022,90.80853326375863,0.34182838605243454,1.507074759109835,1.3734293583119233,0.475563351927248,0.9244490758247301,35,0.1667534619237903,1391.2328277777776,1163.8229756097562,1391.1055722222222,1040.3580585365853,False
2,20.0,1.0,1.0,1000.0,0.36836156,1200.92169134,1450.47153631,/home/chaoyu/phd_simulation/sensitivity_analysis/data/knit_dir_sweep_ellipse/m2_th020.00_verts.csv,/home/chaoyu/phd_simulation/sensitivity_analysis/data/knit_dir_sweep_ellipse/m2_th020.00_stress.csv,1.5021169279274793,1.6498911373835958,0.05255285905032574,1195.4345774948351,0.4641152381102347,0.79298488929764,0.05897910968834733,2389.3671555874303,0.34098570978300424,1.5064478143690696,4.41792066690343,90.84174612713282,0.34124241768632274,1.506196295700586,1.3589075641170125,0.48862223794372545,0.9237167620760369,35,0.16647709537717637,1395.1309444444446,1161.6639023809523,1377.975227777778,1042.547257142857,False
2,21.0,1.0,1.0,1000.0,0.36773356,1204.29931332,1453.06079435,/home/chaoyu/phd_simulation/sensitivity_analysis/data/knit_dir_sweep_ellipse/m2_th021.00_verts.csv,/home/chaoyu/phd_simulation/sensitivity_analysis/data/knit_dir_sweep_ellipse/m2_th021.00_stress.csv,1.5009285171755948,1.6517339920923007,0.052556802917561415,1195.4345774948351,0.463405591147938,0.8068930845137231,0.05902627818316078,2389.3671555874303,0.3403573084170175,1.5055514119360522,4.423443759554588,90.87342279614177,0.34063342355417187,1.5052806706381419,1.34381197152714,0.5021943011548385,0.9229543601765349,35,0.16618721816615328,1399.1383944444442,1163.8614952380954,1364.382761111111,1048.8151142857143,False
2,22.0,1.0,1.0,1000.0,0.36708384,1207.76905521,1455.72387273,/home/chaoyu/phd_simulation/sensitivity_analysis/data/knit_dir_sweep_ellipse/m2_th022.00_verts.csv,/home/chaoyu/phd_simulation/sensitivity_analysis/data/knit_dir_sweep_ellipse/m2_th022.00_stress.csv,1.4996942198493162,1.653482870003882,0.05256061375474755,1195.4345774948351,0.4626707155648273,0.8212770602209548,0.05907237922539922,2389.3671555874303,0.33970726357291503,1.5046190667600432,4.429163659719895,90.90353224887606,0.3400024683057959,1.5043294091404902,1.328166238869064,0.5162584699503423,0.9221631651664791,35,0.16588191738173852,1403.2452111111113,1166.1175976190477,1350.3548833333336,1055.3009166666666,False
2,23.0,1.0,1.0,1000.0,0.36641354,1211.32250388,1458.45490741,/home/chaoyu/phd_simulation/sensitivity_analysis/data/knit_dir_sweep_ellipse/m2_th023.00_verts.csv,/home/chaoyu/phd_simulation/sensitivity_analysis/data/knit_dir_sweep_ellipse/m2_th023.00_stress.csv,1.4984157401080564,1.6551341492788698,0.052564287244452196,1195.4345774948351,0.46191184681744185,0.836075490856676,0.059117282957346896,2389.3671555874303,0.33903679197837655,1.5036514525178837,4.435068665390703,90.93204734453413,0.3393506494835986,1.5033433038692108,1.3119939674506116,0.5307930321418401,0.9213441222481301,35,0.16556498623222624,1407.4413555555557,1168.4266357142858,1335.9187388888888,1061.9933476190477,False
2,24.0,1.0,1.0,1000.0,0.36572381,1214.95126682,1461.24800472,/home/chaoyu/phd_simulation/sensitivity_analysis/data/knit_dir_sweep_ellipse/m2_th024.00_verts.csv,/home/chaoyu/phd_simulation/sensitivity_analysis/data/knit_dir_sweep_ellipse/m2_th024.00_stress.csv,1.4970946835716057,1.6566813043455433,0.05256780966972093,1195.4345774948351,0.4611302512757669,0.8512045288991489,0.05916084669339479,2389.3671555874303,0.3383471075965103,1.5026499176589694,4.441148997351345,90.95893258133242,0.33867905961340533,1.5023238244832184,1.2953200358308161,0.5457756728877441,0.9204985126277399,35,0.16523627382157502,1411.7169611111112,1170.783019047619,1321.1017944444443,1068.8808214285716,False
2,25.0,1.0,1.0,1000.0,0.3650158,1218.64700657,1464.09726365,/home/chaoyu/phd_simulation/sensitivity_analysis/data/knit_dir_sweep_ellipse/m2_th025.00_verts.csv,/home/chaoyu/phd_simulation/sensitivity_analysis/data/knit_dir_sweep_ellipse/m2_th025.00_stress.csv,1.4957328818235711,1.6581204459402028,0.052571179382891076,1195.4345774948351,0.46032722760100786,0.8665649223407261,0.05920295894187197,2389.3671555874303,0.33763944969372583,1.5016155178092023,4.4473935707789005,90.98417246578941,0.3379888336079648,1.501272130909553,1.2781692997703051,0.5611838362429207,0.9196274837514641,35,0.1648970700187196,1416.062233333333,1173.1812404761904,1305.9317055555557,1075.9515499999998,False
2,26.0,1.0,1.0,1000.0,0.36429069,1222.40147304,1466.99679726,/home/chaoyu/phd_simulation/sensitivity_analysis/data/knit_dir_sweep_ellipse/m2_th026.00_verts.csv,/home/chaoyu/phd_simulation/sensitivity_analysis/data/knit_dir_sweep_ellipse/m2_th026.00_stress.csv,1.4943320813719252,1.6594527995449273,0.05257438590447662,1195.4345774948351,0.4595040426427071,0.8820421492343387,0.05924350366271637,2389.3671555874303,0.3369148671645279,1.5005493361631155,4.453793769303574,91.00774549827435,0.33728091646916114,1.5001894100985127,1.260567162108256,0.5769942571232757,0.9187321016638217,35,0.16454634492706466,1420.4675166666666,1175.615807142857,1290.4362722222222,1083.1935833333332,False
2,27.0,1.0,1.0,1000.0,0.36354966,1226.20653368,1469.94075318,/home/chaoyu/phd_simulation/sensitivity_analysis/data/knit_dir_sweep_ellipse/m2_th027.00_verts.csv,/home/chaoyu/phd_simulation/sensitivity_analysis/data/knit_dir_sweep_ellipse/m2_th027.00_stress.csv,1.4928941156225222,1.6606707556137583,0.05257742430461634,1195.4345774948351,0.45866203067657013,0.8974993479997082,0.05928238331238882,2389.3671555874303,0.33617481492780965,1.4994527925809793,4.460336485655454,91.02963866435712,0.3365566701183624,1.4990771748988294,1.2425396561014068,0.5931837863659416,0.9178138037543945,35,0.1641855360961226,1424.923388888889,1178.0812976190475,1274.6433388888888,1090.5947619047618,False
2,28.0,1.0,1.0,1000.0,0.36279392,1230.05420127,1473.15013975,/home/chaoyu/phd_simulation/sensitivity_analysis/data/knit_dir_sweep_ellipse/m2_th028.00_verts.csv,/home/chaoyu/phd_simulation/sensitivity_analysis/data/knit_dir_sweep_ellipse/m2_th028.00_stress.csv,1.4914209033824037,1.6617702895797164,0.05258029103950226,1195.4345774948351,0.4578025185195981,0.9127881606947398,0.05931949917170465,2389.3671555874303,0.33542038743922675,1.4983269848502971,4.467012265680398,91.04984227853632,0.33581710384061764,1.4979366082641945,1.2241127952597124,0.6097286141064624,0.916873686144762,35,0.1638151573408485,1429.4205833333335,1180.572407142857,1258.5807388888888,1098.142864285714,False
2,29.0,1.0,1.0,1000.0,0.36202465,1233.93665926,1476.39858133,/home/chaoyu/phd_simulation/sensitivity_analysis/data/knit_dir_sweep_ellipse/m2_th029.00_verts.csv,/home/chaoyu/phd_simulation/sensitivity_analysis/data/knit_dir_sweep_ellipse/m2_th029.00_stress.csv,1.4899143733636049,1.6627508293434687,0.05258297845193686,1195.4345774948351,0.45692684271161,0.609895714523943,0.05935475864712662,2389.3671555874303,0.33465292309888794,1.4971735814365068,4.47380996278972,91.0683548638749,0.33506348293880117,1.4967694518375319,1.205313256413611,0.6266050839068623,0.9159132522676974,35,0.16343918945417105,1433.9500833333332,1183.083945238095,1242.2761333333335,1105.8255904761904,False
2,30.0,1.0,1.0,1000.0,0.36124307,1237.84628468,1480.73692482,/home/chaoyu/phd_simulation/sensitivity_analysis/data/knit_dir_sweep_ellipse/m2_th030.00_verts.csv,/home/chaoyu/phd_simulation/sensitivity_analysis/data/knit_dir_sweep_ellipse/m2_th030.00_stress.csv,1.4883764724262356,1.663611421586731,0.052585484282197455,1195.4345774948351,0.4560363389867345,0.6126990700726187,0.059388098653815204,2389.3671555874303,0.3338735794764174,1.4959936801763833,4.480718967108478,91.08517033308608,0.33429689434880216,1.4955768741356414,1.1861675791140263,0.6437889270429967,0.9149336298264004,35,0.1630532076979728,1438.503161111111,1185.6108023809525,1225.7570777777776,1113.6305499999999,False
2,31.0,1.0,1.0,1000.0,0.36045037,1241.77566853,1487.25426047,/home/chaoyu/phd_simulation/sensitivity_analysis/data/knit_dir_sweep_ellipse/m2_th031.00_verts.csv,/home/chaoyu/phd_simulation/sensitivity_analysis/data/knit_dir_sweep_ellipse/m2_th031.00_stress.csv,1.4868092551611358,1.664347368871857,0.05258780603986264,1195.4345774948351,0.455132350941074,0.6152688075813465,0.05941945012242512,2389.3671555874303,0.33308366889857277,1.4947889776791574,4.487728211419261,91.10028982554806,0.3335185916021266,1.4943606306744195,1.1667028811031166,0.6612560518005491,0.9139363232888651,35,0.16266339462743518,1443.0713666666668,1188.1480357142857,1209.0508055555556,1121.545338095238,False
2,32.0,1.0,1.0,1000.0,0.35964775,1245.7176337,1493.7560463,/home/chaoyu/phd_simulation/sensitivity_analysis/data/knit_dir_sweep_ellipse/m2_th032.00_verts.csv,/home/chaoyu/phd_simulation/sensitivity_analysis/data/knit_dir_sweep_ellipse/m2_th032.00_stress.csv,1.4852147228539592,1.6649621920369202,0.05258993879611821,1195.4345774948351,0.4542162382645639,0.617558687067878,0.05944875207543509,2389.3671555874303,0.33228428746996475,1.4935604347929403,4.494827143844241,91.11372089008348,0.3327296232522405,1.4931217300204187,1.146945740939828,0.6789819563261346,0.9129223611314525,35,0.16226515028477836,1447.6465444444448,1190.6908666666666,1192.1842944444443,1129.557580952381,False
2,33.0,1.0,1.0,1000.0,0.35883641,1249.66525036,1500.23186493,/home/chaoyu/phd_simulation/sensitivity_analysis/data/knit_dir_sweep_ellipse/m2_th033.00_verts.csv,/home/chaoyu/phd_simulation/sensitivity_analysis/data/knit_dir_sweep_ellipse/m2_th033.00_stress.csv,1.4835949694460715,1.6654496370188396,0.05259188232068309,1195.4345774948351,0.45328931858046234,0.6195233893185991,0.05947596281628954,2389.3671555874303,0.33147673867207783,1.4923097686913138,4.5020044986252294,91.12547238115555,0.33193125299504306,1.4918619293121942,1.126923443895888,0.6969423967802525,0.9118932536816958,35,0.16186224953630365,1452.220816666667,1193.2346666666667,1175.184111111111,1137.6549357142858,False
2,34.0,1.0,1.0,1000.0,0.35801752,1253.61184899,1506.67177453,/home/chaoyu/phd_simulation/sensitivity_analysis/data/knit_dir_sweep_ellipse/m2_th034.00_verts.csv,/home/chaoyu/phd_simulation/sensitivity_analysis/data/knit_dir_sweep_ellipse/m2_th034.00_stress.csv,1.4819520879281023,1.4977008166067536,0.052593633078392654,1195.4345774948351,0.45235292869539406,0.6211225312300361,0.05950104262274858,2389.3671555874303,0.3306623133513098,1.491039010392808,4.509249921108077,91.13555327077452,0.33112473858788,1.490583292853296,1.1066635533668188,0.7151131540951469,0.9108506618720589,35,0.1614536640790835,1456.7867055555557,1195.7749857142858,1158.0764000000001,1145.8250976190475,False
2,35.0,1.0,1.0,1000.0,0.35719226,1257.55103105,1513.06631797,/home/chaoyu/phd_simulation/sensitivity_analysis/data/knit_dir_sweep_ellipse/m2_th035.00_verts.csv,/home/chaoyu/phd_simulation/sensitivity_analysis/data/knit_dir_sweep_ellipse/m2_th035.00_stress.csv,1.480288211946269,1.497527637534513,0.05259519342771304,1195.4345774948351,0.45140840269229987,0.6223211231002341,0.05952396491514183,2389.3671555874303,0.3298420197162879,1.489749021141785,4.516553174223181,91.14398281870075,0.3303110695412556,1.489286700862465,1.0861925897259306,0.733469601366178,0.9097955204290364,35,0.16104215030534766,1461.3370166666666,1198.3075523809525,1140.8868666666667,1154.055895238095,False
2,36.0,1.0,1.0,1000.0,0.3563618,1261.47667741,1519.40652873,/home/chaoyu/phd_simulation/sensitivity_analysis/data/knit_dir_sweep_ellipse/m2_th036.00_verts.csv,/home/chaoyu/phd_simulation/sensitivity_analysis/data/knit_dir_sweep_ellipse/m2_th036.00_stress.csv,1.4786054576798238,1.4973033010471728,0.052596560741267694,1195.4345774948351,0.4504570539067631,0.6230900876972577,0.059544718535038114,2389.3671555874303,0.32901708523718676,1.4884418198097769,4.5239043399122165,91.15077233230151,0.3294914548575929,1.487974190875434,1.0655380759662745,0.751987486549662,0.9087294525234818,35,0.16062794709813613,1465.864922222222,1200.8282738095236,1123.6406333333334,1162.3352357142855,False
2,37.0,1.0,1.0,1000.0,0.35552727,1265.38295463,1525.68393373,/home/chaoyu/phd_simulation/sensitivity_analysis/data/knit_dir_sweep_ellipse/m2_th037.00_verts.csv,/home/chaoyu/phd_simulation/sensitivity_analysis/data/knit_dir_sweep_ellipse/m2_th037.00_stress.csv,1.476906011577368,1.4970274977099844,0.05259773667062944,1195.4345774948351,0.44950019250120626,0.6234050218811567,0.05956327982383243,2389.3671555874303,0.32818878710914823,1.4871191084181123,4.5312916431953845,91.15594463115389,0.32866716868891527,1.4866474682645057,1.0447270739325771,0.7706427527984209,0.9076539477636303,35,0.16020962931399485,1470.3638999999998,1203.33325,1106.3622888888888,1170.6512095238095,False
2,38.0,1.0,1.0,1000.0,0.35468982,1269.26431914,1531.89055341,/home/chaoyu/phd_simulation/sensitivity_analysis/data/knit_dir_sweep_ellipse/m2_th038.00_verts.csv,/home/chaoyu/phd_simulation/sensitivity_analysis/data/knit_dir_sweep_ellipse/m2_th038.00_stress.csv,1.4751920416587785,1.4967055383834098,0.052598720176392895,1195.4345774948351,0.4485390872770355,0.6232528168116728,0.05957966505952219,2389.3671555874303,0.32735807887817825,1.4857822912639231,4.538706655279573,91.15952295203442,0.3278391679113316,1.4853079343117388,1.0237862560617517,0.7894111127328759,0.9065701850710507,35,0.15979189045333053,1474.8278388888887,1205.8188238095238,1089.0758444444443,1178.9920690476192,False
2,39.0,1.0,1.0,1000.0,0.35385055,1273.11551966,1538.01889915,/home/chaoyu/phd_simulation/sensitivity_analysis/data/knit_dir_sweep_ellipse/m2_th039.00_verts.csv,/home/chaoyu/phd_simulation/sensitivity_analysis/data/knit_dir_sweep_ellipse/m2_th039.00_stress.csv,1.4734657182322315,1.4963333384310535,0.05259951362179578,1195.4345774948351,0.4475750421727076,0.6226255400344957,0.05959386389970081,2389.3671555874303,0.32652615230964743,1.4844332382700678,4.546138885875112,91.16152682908547,0.32700865036654264,1.4839574531230202,1.0027426341503642,0.8082686430847623,0.9054796952898576,35,0.15937054132864187,1479.2509333333333,1208.2814666666666,1071.8046555555552,1187.3462119047622,False
2,40.0,1.0,1.0,1000.0,0.35301057,1276.9315977,1544.06196836,/home/chaoyu/phd_simulation/sensitivity_analysis/data/knit_dir_sweep_ellipse/m2_th040.00_verts.csv,/home/chaoyu/phd_simulation/sensitivity_analysis/data/knit_dir_sweep_ellipse/m2_th040.00_stress.csv,1.4717292362333323,1.6654094792183753,0.05260012092742247,1195.4345774948351,0.44660928454148474,0.47786112401283704,0.05960590823023426,2389.3671555874303,0.3256940349038959,1.4830733508936407,4.553578487647949,91.16198366401997,0.32617666151304225,1.4825974085555795,0.9816225769900099,0.8271914323776457,0.9043836928987683,35,0.15894988559354914,1483.6277388888889,1210.7179166666665,1054.5714388888887,1195.702288095238,False
2,41.0,1.0,1.0,1000.0,0.35217094,1280.70788651,1550.01323741,/home/chaoyu/phd_simulation/sensitivity_analysis/data/knit_dir_sweep_ellipse/m2_th041.00_verts.csv,/home/chaoyu/phd_simulation/sensitivity_analysis/data/knit_dir_sweep_ellipse/m2_th041.00_stress.csv,1.4699847857455801,1.6649229548819513,0.052600539787004394,1195.4345774948351,0.44564307057016334,0.4769862225659294,0.05961580702092238,2389.3671555874303,0.32486290851584587,1.4817045111048737,4.561014730410814,91.16092623436563,0.32534441087067273,1.4812296552543622,0.960452519869411,0.8461561371268957,0.9032837098103598,35,0.15852900705852796,1487.9531611111113,1213.1250714285716,1037.398238888889,1204.0491547619047,False
2,42.0,1.0,1.0,1000.0,0.35133273,1284.44000848,1555.86665261,/home/chaoyu/phd_simulation/sensitivity_analysis/data/knit_dir_sweep_ellipse/m2_th042.00_verts.csv,/home/chaoyu/phd_simulation/sensitivity_analysis/data/knit_dir_sweep_ellipse/m2_th042.00_stress.csv,1.4682346047149764,1.6643268322977065,0.052600780421759544,1195.4345774948351,0.44467759514605226,0.47611721700961396,0.059623596191159894,2389.3671555874303,0.32403363659081186,1.4803286708530907,4.568441370555745,91.15837730541963,0.3245127863670552,1.4798561210214214,0.9392587783076096,0.8651392860140225,0.9021811537219513,35,0.15810760238768512,1492.2223944444443,1215.500045238095,1020.3063499999997,1212.375930952381,False
2,43.0,1.0,1.0,1000.0,0.35049695,1288.12387128,1561.61661947,/home/chaoyu/phd_simulation/sensitivity_analysis/data/knit_dir_sweep_ellipse/m2_th043.00_verts.csv,/home/chaoyu/phd_simulation/sensitivity_analysis/data/knit_dir_sweep_ellipse/m2_th043.00_stress.csv,1.4664808282157793,1.6636168605796406,0.0526008372536325,1195.4345774948351,0.4437140697414776,0.47748103527947405,0.05962931038097383,2389.3671555874303,0.32320735802455647,1.478947146943376,4.575846156420144,91.15437035506423,0.32368296432322297,1.478478085590173,0.9180669989661916,0.884117716228153,0.9010772524839662,35,0.1576873201966541,1496.4310500000001,1217.8401571428574,1003.3164555555554,1220.6719666666668,False
2,44.0,1.0,1.0,1000.0,0.34966463,1291.75566263,1567.25799045,/home/chaoyu/phd_simulation/sensitivity_analysis/data/knit_dir_sweep_ellipse/m2_th044.00_verts.csv,/home/chaoyu/phd_simulation/sensitivity_analysis/data/knit_dir_sweep_ellipse/m2_th044.00_stress.csv,1.4647256526195387,1.6628010543171021,0.05260072172379779,1195.4345774948351,0.44275364955185037,0.4766315286275335,0.05963299077341696,2389.3671555874303,0.3223850824283072,1.477562263020944,4.583221568105676,91.14893915818975,0.3228559966579296,1.4770978306766955,0.8969030359588027,0.9030689353672121,0.8999736727246256,35,0.15726954211727065,1500.5749777777776,1220.1429095238095,986.4484388888889,1228.9268952380953,False
2,45.0,1.0,1.0,1000.0,0.34883675,1295.33184415,1572.78605137,/home/chaoyu/phd_simulation/sensitivity_analysis/data/knit_dir_sweep_ellipse/m2_th045.00_verts.csv,/home/chaoyu/phd_simulation/sensitivity_analysis/data/knit_dir_sweep_ellipse/m2_th045.00_stress.csv,1.4629712820802085,1.6618832269076218,0.052600434604393155,1195.4345774948351,0.4417975072470495,0.8664078381040683,0.059634683443915266,2389.3671555874303,0.32156757729140173,1.4761751725347623,4.590559735433356,91.14211501961776,0.3220326945541932,1.475716466373755,0.87579178219595,0.9219699992975058,0.898871374913082,35,0.1568525133344168,1504.6504,1222.4060333333332,969.7214555555555,1237.1306452380952,False
2,46.0,1.0,1.0,1000.0,0.34801426,1298.84914415,1578.19650674,/home/chaoyu/phd_simulation/sensitivity_analysis/data/knit_dir_sweep_ellipse/m2_th046.00_verts.csv,/home/chaoyu/phd_simulation/sensitivity_analysis/data/knit_dir_sweep_ellipse/m2_th046.00_stress.csv,1.461219823915393,1.6608633753773059,0.052599978028247285,1195.4345774948351,0.44084673220832193,0.8582782857870873,0.059634439003075114,2389.3671555874303,0.32075595675840884,1.4747879288851142,4.59785047732072,91.13392673581934,0.32121421756113305,1.4743360010051851,0.8547585028919037,0.9407988379676665,0.8977719428217615,35,0.15643827578400013,1508.6538055555554,1224.627392857143,953.1540166666667,1245.2734071428572,False
2,47.0,1.0,1.0,1000.0,0.34719809,1302.30454965,1583.48546412,/home/chaoyu/phd_simulation/sensitivity_analysis/data/knit_dir_sweep_ellipse/m2_th047.00_verts.csv,/home/chaoyu/phd_simulation/sensitivity_analysis/data/knit_dir_sweep_ellipse/m2_th047.00_stress.csv,1.4594734842612083,1.6597479542621103,0.05259935777589782,1195.4345774948351,0.4399024206324245,0.8492184175729619,0.05963231217369146,2389.3671555874303,0.31995106838663134,1.473402508363765,4.6050870084399715,91.12441739426019,0.32040147333693286,1.4729583511829833,0.8338276542593023,0.9595338463218083,0.8966767883751982,35,0.15602562825934294,1512.5820111111111,1226.8050928571429,936.7637944444444,1253.3457095238095,False
2,48.0,1.0,1.0,1000.0,0.34638917,1305.69529768,1588.64941769,/home/chaoyu/phd_simulation/sensitivity_analysis/data/knit_dir_sweep_ellipse/m2_th048.00_verts.csv,/home/chaoyu/phd_simulation/sensitivity_analysis/data/knit_dir_sweep_ellipse/m2_th048.00_stress.csv,1.4577343717946465,1.6585415270922976,0.05259858152444953,1195.4345774948351,0.4389656487607473,0.8393826056229421,0.05962836961457542,2389.3671555874303,0.31915368078605155,1.4720199915102916,4.612260738728806,91.1136187025869,0.3195952837736438,1.4715845444849722,0.8130231216847399,0.9781530141474616,0.8955868361481716,35,0.15561747588891436,1516.4320833333331,1228.9373857142855,920.5677944444445,1261.3383714285715,False
2,49.0,1.0,1.0,1000.0,0.34558835,1309.018866,1593.68523124,/home/chaoyu/phd_simulation/sensitivity_analysis/data/knit_dir_sweep_ellipse/m2_th049.00_verts.csv,/home/chaoyu/phd_simulation/sensitivity_analysis/data/knit_dir_sweep_ellipse/m2_th049.00_stress.csv,1.4560045870605491,1.6572478801295432,0.05259765109525672,1195.4345774948351,0.43803747707863055,0.8289169987095261,0.05962266248347343,2389.3671555874303,0.31836472135253513,1.470642990922655,4.619365439345167,91.10157028907477,0.31879663876823117,1.4702171314104593,0.7923690229734804,0.9966357895572274,0.8945038561375951,35,0.15521213795658717,1520.2013833333333,1231.0227071428571,904.5822722222222,1269.2425285714285,False
2,50.0,1.0,1.0,1000.0,0.34479651,1312.27296339,1598.59012072,/home/chaoyu/phd_simulation/sensitivity_analysis/data/knit_dir_sweep_ellipse/m2_th050.00_verts.csv,/home/chaoyu/phd_simulation/sensitivity_analysis/data/knit_dir_sweep_ellipse/m2_th050.00_stress.csv,1.4542862143660578,1.6558697093605257,0.05259657191185759,1195.4345774948351,0.43711889593868825,0.8179678018608982,0.05961526732012136,2389.3671555874303,0.31758503140247907,1.4692724983978396,4.62639089729583,91.08829995694953,0.31800643429259884,1.4688570493813278,0.7718885758038547,1.0149608123942617,0.8934287649001593,35,0.1548122947647271,1523.887527777778,1233.0596809523809,888.8228166666668,1277.0496404761902,False
2,51.0,1.0,1.0,1000.0,0.34401447,1315.45551946,1603.36163638,/home/chaoyu/phd_simulation/sensitivity_analysis/data/knit_dir_sweep_ellipse/m2_th051.00_verts.csv,/home/chaoyu/phd_simulation/sensitivity_analysis/data/knit_dir_sweep_ellipse/m2_th051.00_stress.csv,1.4525813368620284,1.654410970662678,0.052595350744540914,1195.4345774948351,0.43621089663274465,0.8066633453207384,0.05960624179429758,2389.3671555874303,0.31681527636523454,1.467910737180894,4.6333331966247755,91.07384899602418,0.31722540322346515,1.4675064545675889,0.7516047304631452,1.0331080447951928,0.8923630067730642,35,0.15441455319003342,1527.4883777777777,1235.0470452380953,873.3042111111112,1284.7514904761906,False
2,52.0,1.0,1.0,1000.0,0.34324303,1318.56467427,1607.99764483,/home/chaoyu/phd_simulation/sensitivity_analysis/data/knit_dir_sweep_ellipse/m2_th052.00_verts.csv,/home/chaoyu/phd_simulation/sensitivity_analysis/data/knit_dir_sweep_ellipse/m2_th052.00_stress.csv,1.4508919641922982,1.6528797539802251,0.05259399100972038,1195.4345774948351,0.4353144285018494,0.8965806425265084,0.059595662593393536,2389.3671555874303,0.31605629858381734,1.4665592509102998,4.640183592232293,91.05825501608471,0.3164544534539113,1.4661668254122358,0.7315399141924964,1.0510574681928309,0.8913077747470586,35,0.15402158901311044,1531.0020055555556,1236.983730952381,858.04065,1292.3401714285715,False
2,53.0,1.0,1.0,1000.0,0.34248297,1321.59876774,1612.49631094,/home/chaoyu/phd_simulation/sensitivity_analysis/data/knit_dir_sweep_ellipse/m2_th053.00_verts.csv,/home/chaoyu/phd_simulation/sensitivity_analysis/data/knit_dir_sweep_ellipse/m2_th053.00_stress.csv,1.4492201319873161,1.651277639338531,0.05259250159895964,1195.4345774948351,0.43443044165442607,0.8816131396507279,0.05958360899485577,2389.3671555874303,0.3153087689522207,1.465219621300536,4.646935846946151,91.04155304819508,0.3156943205716988,1.4648396792386136,0.7117160842712142,1.0687893991186164,0.8902641951263783,35,0.15363455084973027,1534.426772222222,1238.8688333333334,843.0455611111112,1299.8081095238097,False
2,54.0,1.0,1.0,1000.0,0.34173502,1324.55632887,1616.85607982,/home/chaoyu/phd_simulation/sensitivity_analysis/data/knit_dir_sweep_ellipse/m2_th054.00_verts.csv,/home/chaoyu/phd_simulation/sensitivity_analysis/data/knit_dir_sweep_ellipse/m2_th054.00_stress.csv,1.4475677482781584,1.6496093815918516,0.052590884860558545,1195.4345774948351,0.43355980967268554,0.8666072431039338,0.0595701376512061,2389.3671555874303,0.3145735018883533,1.4638938893893763,4.653582964241322,91.02378375417618,0.3149458887042621,1.463526987730336,0.6921548895196613,1.0862850644172326,0.8892336956388648,35,0.15325167725543287,1537.7611444444444,1240.7015261904762,828.3317499999999,1307.1480452380952,False
2,55.0,1.0,1.0,1000.0,0.34099992,1327.43606502,1621.07565888,/home/chaoyu/phd_simulation/sensitivity_analysis/data/knit_dir_sweep_ellipse/m2_th055.00_verts.csv,/home/chaoyu/phd_simulation/sensitivity_analysis/data/knit_dir_sweep_ellipse/m2_th055.00_stress.csv,1.4459368163338944,1.6478783998835929,0.052589145603894535,1195.4345774948351,0.432703420003732,0.8516783653753066,0.05955532277384835,2389.3671555874303,0.3138510012401665,1.462583172476199,4.660119504786905,91.00497712125168,0.31420972385905505,1.4622298062929646,0.6728771988076859,1.103525235189173,0.8882170868581828,35,0.15287432804378354,1541.0038777777777,1242.4811714285713,813.9113777777778,1314.3530595238096,False
2,56.0,1.0,1.0,1000.0,0.34027836,1330.2368511,1625.15400013,/home/chaoyu/phd_simulation/sensitivity_analysis/data/knit_dir_sweep_ellipse/m2_th056.00_verts.csv,/home/chaoyu/phd_simulation/sensitivity_analysis/data/knit_dir_sweep_ellipse/m2_th056.00_stress.csv,1.4443291834856442,1.6460925277457812,0.052587293323549604,1195.4345774948351,0.43186210402344505,0.8369193234939281,0.059539251379620364,2389.3671555874303,0.3131419925250465,1.4612893068001362,4.666538955752656,90.98517445028293,0.3134866222871806,1.4609499007635205,0.6539035835826724,1.1204919191192624,0.8872156496625914,35,0.15250119010582708,1544.1538666666665,1244.2072285714287,799.7959222222222,1321.4165166666667,False
2,57.0,1.0,1.0,1000.0,0.339571,1332.95771887,1629.09028277,/home/chaoyu/phd_simulation/sensitivity_analysis/data/knit_dir_sweep_ellipse/m2_th057.00_verts.csv,/home/chaoyu/phd_simulation/sensitivity_analysis/data/knit_dir_sweep_ellipse/m2_th057.00_stress.csv,1.4427467404803782,1.483148018610377,0.05258533131782402,1195.4345774948351,0.4310366852729634,0.8224100429461952,0.05952198611941758,2389.3671555874303,0.3124470959897079,1.460014223212909,4.672836592025814,90.96441092139898,0.31277727051081644,1.4596891360087159,0.635254187278489,1.1371675400271342,0.8862306596013084,35,0.15213505566171462,1547.210188888889,1245.8792857142857,785.9962611111112,1328.332130952381,False
2,58.0,1.0,1.0,1000.0,0.33887848,1335.59784641,1632.88389607,/home/chaoyu/phd_simulation/sensitivity_analysis/data/knit_dir_sweep_ellipse/m2_th058.00_verts.csv,/home/chaoyu/phd_simulation/sensitivity_analysis/data/knit_dir_sweep_ellipse/m2_th058.00_stress.csv,1.4411912783620595,1.4821657589217943,0.05258326335788963,1195.4345774948351,0.43022795645543827,0.8082156236203171,0.059503608747844106,2389.3671555874303,0.3117668525627211,1.4587590574425144,4.67900626847122,90.94272117277663,0.31208227489593715,1.4584485825830473,0.6169483755749761,1.1535344232651583,0.8852629550026178,35,0.15177629040301152,1550.172077777778,1247.4970428571428,772.5227166666667,1335.0938952380955,False
2,59.0,1.0,1.0,1000.0,0.33820143,1338.15654766,1636.53442277,/home/chaoyu/phd_simulation/sensitivity_analysis/data/knit_dir_sweep_ellipse/m2_th059.00_verts.csv,/home/chaoyu/phd_simulation/sensitivity_analysis/data/knit_dir_sweep_ellipse/m2_th059.00_stress.csv,1.4396645776803052,1.4811745522720483,0.05258110075119997,1195.4345774948351,0.42943665317755325,0.7943835765813632,0.05948417995498568,2389.3671555874303,0.31110185303823923,1.457525676244747,4.685043377307028,90.92014367638016,0.3114022939161311,1.4572300398519598,0.5990051849023655,1.1695760030109073,0.8843137646414931,35,0.15141966893489311,1553.0389055555556,1249.0602785714286,759.3849833333334,1341.696123809524,False
2,60.0,1.0,1.0,1000.0,0.33754043,1340.63326226,1640.04162278,/home/chaoyu/phd_simulation/sensitivity_analysis/data/knit_dir_sweep_ellipse/m2_th060.00_verts.csv,/home/chaoyu/phd_simulation/sensitivity_analysis/data/knit_dir_sweep_ellipse/m2_th060.00_stress.csv,1.4381684259295435,1.4801699074577566,0.052578843738677945,1195.4345774948351,0.4286635202739447,0.7809622602658539,0.05946378451192749,2389.3671555874303,0.310452669949862,1.456315562704364,4.690942303506549,90.89670783933202,0.31073796103334195,1.4560349302028586,0.5814431736110599,1.1852757880877727,0.883384116327113,35,0.15107073793503994,1555.8102055555555,1250.5689023809523,746.5922111111112,1348.1334142857145,False
2,61.0,1.0,1.0,1000.0,0.33689604,1343.02754552,1643.40541753,/home/chaoyu/phd_simulation/sensitivity_analysis/data/knit_dir_sweep_ellipse/m2_th061.00_verts.csv,/home/chaoyu/phd_simulation/sensitivity_analysis/data/knit_dir_sweep_ellipse/m2_th061.00_stress.csv,1.436704401037344,1.4791573696183258,0.052576497836631354,1195.4345774948351,0.4279092455132215,0.7679775302139171,0.059442485846692365,2389.3671555874303,0.30981980527915365,1.4551300711624817,4.696698036626101,90.87245770814901,0.31008984758633024,1.4548645388986237,0.5642800471697932,1.2006179390059202,0.8824749382208177,35,0.15072877142075358,1558.4855888888887,1252.0228952380953,734.1529833333333,1354.4006642857144,False
2,62.0,1.0,1.0,1000.0,0.33626882,1345.33905875,1646.62587474,/home/chaoyu/phd_simulation/sensitivity_analysis/data/knit_dir_sweep_ellipse/m2_th062.00_verts.csv,/home/chaoyu/phd_simulation/sensitivity_analysis/data/knit_dir_sweep_ellipse/m2_th062.00_stress.csv,1.4352742354493984,1.4781357956852663,0.052574073652324055,1195.4345774948351,0.42717451345503366,0.7554527390186259,0.059420356760483045,2389.3671555874303,0.309203707241416,1.453970624517919,4.702306571579062,90.84742136432094,0.3094584599618856,1.453720230889296,0.5475332338093684,1.215586907328877,0.8815871658796675,35,0.15039264901652494,1561.0648388888887,1253.1766581395348,722.0754388888887,1360.0368488372092,False
2,63.0,1.0,1.0,1000.0,0.33565926,1347.56755981,1649.70319379,/home/chaoyu/phd_simulation/sensitivity_analysis/data/knit_dir_sweep_ellipse/m2_th063.00_verts.csv,/home/chaoyu/phd_simulation/sensitivity_analysis/data/knit_dir_sweep_ellipse/m2_th063.00_stress.csv,1.4338794865273115,1.4771087016259523,0.05257156886370616,1195.4345774948351,0.4264599741374543,0.7434044918652685,0.05939746795840667,2389.3671555874303,0.308604832686862,1.4528389559472243,4.7077647595409,90.82163509191679,0.30884431714622085,1.4526036774413817,0.5312195538690352,1.2301680694693737,0.8807218943170432,35,0.15006393198117465,1563.547811111111,1254.536423255814,710.3671444444444,1365.9778511627906,False
2,64.0,1.0,1.0,1000.0,0.33506788,1349.71289402,1652.63769166,/home/chaoyu/phd_simulation/sensitivity_analysis/data/knit_dir_sweep_ellipse/m2_th064.00_verts.csv,/home/chaoyu/phd_simulation/sensitivity_analysis/data/knit_dir_sweep_ellipse/m2_th064.00_stress.csv,1.43252171963153,1.4760784267308609,0.05256899486795941,1195.4345774948351,0.4257662198597825,0.7318425836240002,0.05937387631866023,2389.3671555874303,0.3080235866328622,1.4517358756169076,4.71306724100727,90.79513293316057,0.3082478832996787,1.4515156297948775,0.5153550979709152,1.2443465552552786,0.8798797311248849,35,0.1497411938452302,1565.934422222222,1255.841876744186,699.0352055555555,1371.7351627906976,False
2,65.0,1.0,1.0,1000.0,0.33449513,1351.77498535,1655.42978948,/home/chaoyu/phd_simulation/sensitivity_analysis/data/knit_dir_sweep_ellipse/m2_th065.00_verts.csv,/home/chaoyu/phd_simulation/sensitivity_analysis/data/knit_dir_sweep_ellipse/m2_th065.00_stress.csv,1.431202413355881,1.4750446039851146,0.05256635435713266,1195.4345774948351,0.4250938733036849,0.7207701510657533,0.0593496593503834,2389.3671555874303,0.3074605913224078,1.4506633707792533,4.718209135485809,90.76794141549657,0.30766983438611045,1.4504580216538963,0.4999559309991791,1.258108912840436,0.8790619810508306,35,0.1494247342980147,1568.2247166666666,1257.093265116279,688.0863166666667,1377.3047581395351,False
2,66.0,1.0,1.0,1000.0,0.33394147,1353.75382794,1658.07999964,/home/chaoyu/phd_simulation/sensitivity_analysis/data/knit_dir_sweep_ellipse/m2_th066.00_verts.csv,/home/chaoyu/phd_simulation/sensitivity_analysis/data/knit_dir_sweep_ellipse/m2_th066.00_stress.csv,1.429923001150118,1.626051622750731,0.05256365219853128,1195.4345774948351,0.42444347983851105,0.7101872411432584,0.059324876963803314,2389.3671555874303,0.3069159718161436,1.4496221687929787,4.723189087276849,90.74010234933931,0.30711035584627105,1.4494315202313697,0.48503669557020185,1.2714413541867917,0.8782690703045611,35,0.1491154054563944,1570.4188111111112,1258.2908604651163,677.5266777777778,1382.682811627907,False
2,67.0,1.0,1.0,1000.0,0.33340732,1355.64947804,1660.58891356,/home/chaoyu/phd_simulation/sensitivity_analysis/data/knit_dir_sweep_ellipse/m2_th067.00_verts.csv,/home/chaoyu/phd_simulation/sensitivity_analysis/data/knit_dir_sweep_ellipse/m2_th067.00_stress.csv,1.4286849135784574,1.623918412106435,0.052560894310406614,1195.4345774948351,0.42381557240742834,0.7000883282776497,0.05929958514668882,2389.3671555874303,0.3063903842734139,1.4486138882882273,4.728000494282895,90.71164148962467,0.306570153798401,1.4484376943549773,0.4706123194901289,1.2843312270473346,0.8775021362808206,35,0.14881264419613424,1572.5168388888887,1259.4350209302324,667.3621055555554,1387.8657558139535,False
2,68.0,1.0,1.0,1000.0,0.33289308,1357.4620462,1662.95719005,/home/chaoyu/phd_simulation/sensitivity_analysis/data/knit_dir_sweep_ellipse/m2_th068.00_verts.csv,/home/chaoyu/phd_simulation/sensitivity_analysis/data/knit_dir_sweep_ellipse/m2_th068.00_stress.csv,1.4274894747769857,1.6217771457207986,0.05255808464766039,1195.4345774948351,0.42321069322643107,0.6904682241591145,0.05927384893801936,2389.3671555874303,0.3058839014339356,1.4476392216403342,4.732642727695146,90.68259304228714,0.30604935359476987,1.447477183960191,0.4566964136850243,1.2967656846661015,0.8767615615371349,35,0.14851815095966894,1574.5190444444445,1260.5261325581394,657.5979833333333,1392.8502534883721,False
2,69.0,1.0,1.0,1000.0,0.33239913,1359.19168986,1665.9203656,/home/chaoyu/phd_simulation/sensitivity_analysis/data/knit_dir_sweep_ellipse/m2_th069.00_verts.csv,/home/chaoyu/phd_simulation/sensitivity_analysis/data/knit_dir_sweep_ellipse/m2_th069.00_stress.csv,1.4263379435011558,1.6196292049408123,0.052555228555000104,1195.4345774948351,0.42262929805183314,0.6813192273617261,0.059247721455210754,2389.3671555874303,0.3053970869654039,1.4467001590502782,4.737111848136795,90.65298889302888,0.3055485684644119,1.4465519298673497,0.44330266193780254,1.3087335947157468,0.876048623007841,35,0.14822986369132937,1576.4257000000002,1261.5645906976745,648.2393999999999,1397.6331906976745,False
2,70.0,1.0,1.0,1000.0,0.33192583,1360.83860637,1668.82281552,/home/chaoyu/phd_simulation/sensitivity_analysis/data/knit_dir_sweep_ellipse/m2_th070.00_verts.csv,/home/chaoyu/phd_simulation/sensitivity_analysis/data/knit_dir_sweep_ellipse/m2_th070.00_stress.csv,1.4252316093616757,1.61748023271852,0.05255232679257658,1195.4345774948351,0.4220718715512761,0.6726306906438355,0.059221262957018295,2389.3671555874303,0.304930198344038,1.4457971524031594,4.741403640094499,90.62285509356244,0.3050681006362727,1.4456623393272539,0.43044379070416033,1.3202229363871172,0.8753636753735987,35,0.1479481540793149,1578.2370833333334,1262.550858139535,639.2909500000001,1402.211669767442,False
2,71.0,1.0,1.0,1000.0,0.33147353,1362.40302621,1671.5990837,/home/chaoyu/phd_simulation/sensitivity_analysis/data/knit_dir_sweep_ellipse/m2_th071.00_verts.csv,/home/chaoyu/phd_simulation/sensitivity_analysis/data/knit_dir_sweep_ellipse/m2_th071.00_stress.csv,1.424171564883589,1.6153307636123122,0.052549388317259485,1195.4345774948351,0.4215388260971442,0.6643895769862084,0.059194520113106254,2389.3671555874303,0.30448351891865877,1.4449316170183673,4.745516677388287,90.59222471801404,0.30460827961673703,1.4448097816596457,0.41813201210543727,1.3312231910969419,0.874707567968513,35,0.14767311782715348,1579.9535555555556,1263.4853744186046,630.7570333333333,1406.5829790697676,False
2,72.0,1.0,1.0,1000.0,0.33104255,1363.88520675,1674.24948538,/home/chaoyu/phd_simulation/sensitivity_analysis/data/knit_dir_sweep_ellipse/m2_th072.00_verts.csv,/home/chaoyu/phd_simulation/sensitivity_analysis/data/knit_dir_sweep_ellipse/m2_th072.00_stress.csv,1.4231590179959668,1.6131869702066195,0.05254641483044702,1195.4345774948351,0.42103061194797786,0.6565868104028847,0.05916755433022413,2389.3671555874303,0.30405734047627164,1.4441042211247395,4.749446992013785,90.56112083185097,0.30416943695887166,1.4439948854258449,0.4063790157397219,1.3417236227836562,0.8740807808005056,35,0.14740730148692566,1581.5754944444445,1264.3686372093023,622.6416222222222,1410.7446279069768,False
2,73.0,1.0,1.0,1000.0,0.33063317,1365.28542622,1676.7743682,/home/chaoyu/phd_simulation/sensitivity_analysis/data/knit_dir_sweep_ellipse/m2_th073.00_verts.csv,/home/chaoyu/phd_simulation/sensitivity_analysis/data/knit_dir_sweep_ellipse/m2_th073.00_stress.csv,1.4221950229916573,1.6110480356990817,0.052543411887948865,1195.4345774948351,0.4205475926157271,0.6492082062210023,0.059140407121120425,2389.3671555874303,0.30365196459940047,1.4433164242995042,4.75319310449261,90.529583527502,0.303751918888216,1.443219065749504,0.395195808585189,1.3517149777049449,0.8734841944494524,35,0.1471454794776304,1583.103272222222,1268.9808976190477,614.9484,1418.7312023809525,False
2,74.0,1.0,1.0,1000.0,0.3302457,1366.60397817,1679.17410249,/home/chaoyu/phd_simulation/sensitivity_analysis/data/knit_dir_sweep_ellipse/m2_th074.00_verts.csv,/home/chaoyu/phd_simulation/sensitivity_analysis/data/knit_dir_sweep_ellipse/m2_th074.00_stress.csv,1.4212805514111515,1.6089184772550533,0.05254038063987773,1195.4345774948351,0.42009013135050427,0.6422403575831027,0.059113122610493084,2389.3671555874303,0.30326759331593833,1.4425688088269704,4.756752256493591,90.49763337883114,0.3033559619960208,1.4424828704155297,0.3845928789718734,1.3611875429641973,0.8729182010714543,35,0.14689443338588426,1584.5372666666667,1269.7733285714287,607.6808222222222,1422.495388095238,False
2,75.0,1.0,1.0,1000.0,0.32988039,1367.84116612,1681.44907233,/home/chaoyu/phd_simulation/sensitivity_analysis/data/knit_dir_sweep_ellipse/m2_th075.00_verts.csv,/home/chaoyu/phd_simulation/sensitivity_analysis/data/knit_dir_sweep_ellipse/m2_th075.00_stress.csv,1.4204166105151428,1.606800349535257,0.05253732827236216,1195.4345774948351,0.4196586012210514,0.6356717696866566,0.059085752766635705,2389.3671555874303,0.30290448892429467,1.4418621333379067,4.760121378386945,90.46530150483626,0.30298186515537934,1.4417870216071387,0.37458009944923004,1.3701324567127002,0.8723833111311007,35,0.14664940697734652,1585.8779166666666,1270.5161952380954,600.8419666666666,1426.043511904762,False
2,76.0,1.0,1.0,1000.0,0.32953748,1368.99729874,1683.5996671,/home/chaoyu/phd_simulation/sensitivity_analysis/data/knit_dir_sweep_ellipse/m2_th076.00_verts.csv,/home/chaoyu/phd_simulation/sensitivity_analysis/data/knit_dir_sweep_ellipse/m2_th076.00_stress.csv,1.4196040630089712,1.6046959316504625,0.05253425788487239,1195.4345774948351,0.41925328546214863,0.6294878269102081,0.05905833458097734,2389.3671555874303,0.3025628569772767,1.4411973629780646,4.763299029418877,90.43260772941818,0.3026298645772565,1.4411324538729176,0.3651668393853174,1.3785415089086102,0.8718801099776706,35,0.14641142630066978,1587.1256,1271.2100023809526,594.4347222222223,1429.3737238095237,False
2,77.0,1.0,1.0,1000.0,0.3292172,1370.07268522,1685.62627366,/home/chaoyu/phd_simulation/sensitivity_analysis/data/knit_dir_sweep_ellipse/m2_th077.00_verts.csv,/home/chaoyu/phd_simulation/sensitivity_analysis/data/knit_dir_sweep_ellipse/m2_th077.00_stress.csv,1.4188437854507936,1.6026080057540033,0.05253116985273725,1195.4345774948351,0.4188745027269689,0.6236771530962175,0.0590309072515605,2389.3671555874303,0.3022430205191655,1.4405756285698417,4.76628253018168,90.39958735943387,0.302300316814677,1.4405202646590274,0.35636185697516776,1.3864073827386332,0.8714093245445036,35,0.146181792685777,1588.2807166666666,1271.855192857143,588.4617055555556,1432.4843261904764,False
2,78.0,1.0,1.0,1000.0,0.32891977,1371.0676311,1687.52926914,/home/chaoyu/phd_simulation/sensitivity_analysis/data/knit_dir_sweep_ellipse/m2_th078.00_verts.csv,/home/chaoyu/phd_simulation/sensitivity_analysis/data/knit_dir_sweep_ellipse/m2_th078.00_stress.csv,1.4181365433608488,1.6005385453854737,0.05252806953369976,1195.4345774948351,0.41852252258480466,0.6182273769747794,0.05900352059763777,2389.3671555874303,0.30194498358520705,1.4399969730614246,4.769070696135828,90.36626292977154,0.3019932530844423,1.4399504697993586,0.3481730962574534,1.3937221678070442,0.8709709783233158,35,0.14595964020672603,1589.343705555556,1272.4522023809525,582.9253111111111,1435.373795238095,False
2,79.0,1.0,1.0,1000.0,0.32864538,1371.98243432,1689.30901421,/home/chaoyu/phd_simulation/sensitivity_analysis/data/knit_dir_sweep_ellipse/m2_th079.00_verts.csv,/home/chaoyu/phd_simulation/sensitivity_analysis/data/knit_dir_sweep_ellipse/m2_th079.00_stress.csv,1.4174830714322508,1.5984885657223087,0.05252496008392897,1195.4345774948351,0.41819759360310527,0.6131256352827098,0.05897619402138519,2389.3671555874303,0.3016690171737957,1.439462653966708,4.7716622258805375,90.3326587659696,0.30170897017741527,1.4394243010826404,0.3406082127995008,1.4004797226501393,0.8705658355702518,35,0.1457447350279799,1590.3148944444445,1273.0014738095238,577.8276833333333,1438.0407238095238,False
2,80.0,1.0,1.0,1000.0,0.3283942,1372.8173817,1690.96584706,/home/chaoyu/phd_simulation/sensitivity_analysis/data/knit_dir_sweep_ellipse/m2_th080.00_verts.csv,/home/chaoyu/phd_simulation/sensitivity_analysis/data/knit_dir_sweep_ellipse/m2_th080.00_stress.csv,1.4168840505417368,1.596462069225762,0.05252184448078481,1195.4345774948351,0.4178999640803831,0.6083613129227176,0.05894897085497374,2389.3671555874303,0.3014153267992774,1.4389729816271675,4.774053784549012,90.2988048775081,0.3014476985129874,1.4389420440378462,0.3336741379096744,1.40667361659974,0.8701941542132224,35,0.14553925132906662,1591.1946666666665,1273.5034071428572,573.1707666666666,1440.4838404761906,False
2,81.0,1.0,1.0,1000.0,0.3281664,1373.57274568,1692.50007775,/home/chaoyu/phd_simulation/sensitivity_analysis/data/knit_dir_sweep_ellipse/m2_th081.00_verts.csv,/home/chaoyu/phd_simulation/sensitivity_analysis/data/knit_dir_sweep_ellipse/m2_th081.00_stress.csv,1.416340073910455,1.5944589437039882,0.05251872642575504,1195.4345774948351,0.417629826073058,0.6039230720295489,0.05892188697218296,2389.3671555874303,0.301184046686938,1.4385286593998354,4.7762445429093265,90.26472371137811,0.3012095931920139,1.4385043812012388,0.32737722629835164,1.4122983164541627,0.8698563530433867,35,0.14534186499297297,1591.9834,1273.9583761904762,568.9563222222223,1442.7020571428573,False
2,82.0,1.0,1.0,1000.0,0.32796211,1374.24878138,1693.91198318,/home/chaoyu/phd_simulation/sensitivity_analysis/data/knit_dir_sweep_ellipse/m2_th082.00_verts.csv,/home/chaoyu/phd_simulation/sensitivity_analysis/data/knit_dir_sweep_ellipse/m2_th082.00_stress.csv,1.4158517351183977,1.5924792236155787,0.05251560585928218,1195.4345774948351,0.4173873616270052,0.5997993099555746,0.05889496136403524,2389.3671555874303,0.30097530333697065,1.4381300362138096,4.778232699723158,90.2304441221342,0.30099480068486045,1.4381116416096538,0.3217231932565452,1.417348565557718,0.8695526697753901,35,0.1451502901211959,1592.6813944444448,1274.3667357142858,565.1858833333332,1444.6943142857144,False
2,83.0,1.0,1.0,1000.0,0.32778147,1374.84572402,1695.20180261,/home/chaoyu/phd_simulation/sensitivity_analysis/data/knit_dir_sweep_ellipse/m2_th083.00_verts.csv,/home/chaoyu/phd_simulation/sensitivity_analysis/data/knit_dir_sweep_ellipse/m2_th083.00_stress.csv,1.4154195215157104,1.5905279962921854,0.0525124896680132,1195.4345774948351,0.417172773372548,0.5959813390115197,0.05886823915875702,2389.3671555874303,0.30078921722319185,1.4377778089449564,4.7800177885967745,90.1959819781911,0.3008034570368569,1.4377645065815432,0.31671724504949983,1.4218199575593589,0.8692835130840741,35,0.1449676355790975,1596.5473210526316,1274.7287904761906,551.7774,1446.4597380952382,False
2,84.0,1.0,1.0,1000.0,0.32762459,1375.36378655,1696.36973357,/home/chaoyu/phd_simulation/sensitivity_analysis/data/knit_dir_sweep_ellipse/m2_th084.00_verts.csv,/home/chaoyu/phd_simulation/sensitivity_analysis/data/knit_dir_sweep_ellipse/m2_th084.00_stress.csv,1.4150438458793368,1.58860534529505,0.05250937725825611,1195.4345774948351,0.4169861931418084,0.5924604716045102,0.0588417333607571,2389.3671555874303,0.3006258629559111,1.4374721453683978,4.781598400198899,90.16136748272177,0.3006356527270181,1.437463128101288,0.31236387092674045,1.4257082275941926,0.8690490041621545,35,0.14479550321804638,1597.0754315789472,1275.0448476190477,548.8879368421053,1447.9975642857144,False
2,85.0,1.0,1.0,1000.0,0.32749157,1375.80315767,1697.41592837,/home/chaoyu/phd_simulation/sensitivity_analysis/data/knit_dir_sweep_ellipse/m2_th085.00_verts.csv,/home/chaoyu/phd_simulation/sensitivity_analysis/data/knit_dir_sweep_ellipse/m2_th085.00_stress.csv,1.4147251649557442,1.5867137689662671,0.05250627356087587,1195.4345774948351,0.4168277224455341,0.5892256129013866,0.05881547008176276,2389.3671555874303,0.30048545018611716,1.4372135954863794,4.782972335586253,90.12662611279441,0.30049161008975633,1.437208043544475,0.3086671484976542,1.4290100390575724,0.8688495228362483,35,0.1446299277528854,1597.511989473684,1275.3151333333335,546.4488789473685,1449.307119047619,False
2,86.0,1.0,1.0,1000.0,0.32738249,1376.16400008,1698.34049104,/home/chaoyu/phd_simulation/sensitivity_analysis/data/knit_dir_sweep_ellipse/m2_th086.00_verts.csv,/home/chaoyu/phd_simulation/sensitivity_analysis/data/knit_dir_sweep_ellipse/m2_th086.00_stress.csv,1.4144637319140578,1.5848519240825258,0.0525031781052887,1195.4345774948351,0.41669750390055105,0.586268782842566,0.058789479520676854,2389.3671555874303,0.3003679768141707,1.4370022890145817,4.784139455397454,90.09177789744788,0.30037133700779467,1.4369993726673909,0.30563037722612874,1.4317222011596773,0.8686851329143762,35,0.14447308805080367,1597.8572421052631,1275.5398761904764,544.4610789473684,1450.3878309523811,False
2,87.0,1.0,1.0,1000.0,0.32729742,1376.44644899,1699.14347474,/home/chaoyu/phd_simulation/sensitivity_analysis/data/knit_dir_sweep_ellipse/m2_th087.00_verts.csv,/home/chaoyu/phd_simulation/sensitivity_analysis/data/knit_dir_sweep_ellipse/m2_th087.00_stress.csv,1.414259830176112,1.5830224249785168,0.05250009598535417,1195.4345774948351,0.41659559907926236,0.5835830238665888,0.05876377979478385,2389.3671555874303,0.3002736000515427,1.4368385621145299,4.785097863641336,90.0568478543732,0.3002749990922908,1.436837443282032,0.3032564129732583,1.433842331908431,0.8685560810830363,35,0.1443262403845719,1598.1113894736843,1275.7192309523812,542.9251736842104,1451.2392547619047,False
2,88.0,1.0,1.0,1000.0,0.3272364,1376.65061104,1699.82487959,/home/chaoyu/phd_simulation/sensitivity_analysis/data/knit_dir_sweep_ellipse/m2_th088.00_verts.csv,/home/chaoyu/phd_simulation/sensitivity_analysis/data/knit_dir_sweep_ellipse/m2_th088.00_stress.csv,1.4141137151409229,1.581226569567359,0.052497026348112534,1195.4345774948351,0.41652210230892645,0.5811593242551256,0.0587383875664282,2389.3671555874303,0.30020221789046087,1.436722417890541,4.78584877882141,90.0218634217689,0.3002025004750102,1.4367222524064032,0.30154726888204914,1.4353682996795147,0.8684623178905009,35,0.1441878246516237,1598.2745789473684,1278.5305975609756,541.8416894736841,1454.8614390243902,False
2,89.0,1.0,1.0,1000.0,0.32719949,1376.77656328,1700.38465107,/home/chaoyu/phd_simulation/sensitivity_analysis/data/knit_dir_sweep_ellipse/m2_th089.00_verts.csv,/home/chaoyu/phd_simulation/sensitivity_analysis/data/knit_dir_sweep_ellipse/m2_th089.00_stress.csv,1.41402547832707,1.579463694862711,0.052493974701454296,1195.4345774948351,0.4164770264444923,0.5789925411652678,0.05871333018504771,2389.3671555874303,0.3001541193733954,1.43665455837924,4.786389610039048,89.98683972581424,0.30015413385195533,1.4366544984218648,0.3005047840424334,1.4362992364442775,0.8684043388763177,35,0.14405814028242198,1598.3469210526316,1278.628363414634,541.2109947368422,1455.2674585365853,False
2,90.0,1.0,1.0,1000.0,0.32718669,1376.82435262,1700.82267871,/home/chaoyu/phd_simulation/sensitivity_analysis/data/knit_dir_sweep_ellipse/m2_th090.00_verts.csv,/home/chaoyu/phd_simulation/sensitivity_analysis/data/knit_dir_sweep_ellipse/m2_th090.00_stress.csv,1.413995276930146,1.5777365473839553,0.05249094071853595,1195.4345774948351,0.41646041798591277,0.5770748089140056,0.05868861573948837,2389.3671555874303,0.3001291947966065,1.4366340283403605,4.786718697306165,89.95180127293756,0.30012979154590674,1.4366332241004292,0.30012979154590674,1.4366332241004292,0.8683816115684835,35,0.1439375538389226,1598.3285157894736,1265.531492857143,541.0332789473684,1440.7010595238094,False
