motif,knit_dir,sf_wale,sf_course,pressure,crown_height,mean_stress,max_stress,verts_path,stress_path,H_mean_x0,H_mean_y0,r_x0,r_y0,von_mises_x0,von_mises_y0,T_wale_x0,T_course_y0,apex_k_min,apex_k_max,apex_k_ratio,apex_k_max_dir_deg,apex_k_x,apex_k_y,apex_k_wale,apex_k_course,apex_H_apex,apex_n_fit,apex_fit_rms_mm,sim_failed,H_fit_x0,H_fit_y0,H_binned_x0,H_binned_y0,fit_rms_resid_frac
1,0.0,1.0,1.0,1000.0,0.16961754,592.94657581,734.78330527,/home/chaoyu/phd_simulation/sensitivity_analysis/data/knit_dir_sweep/m1_th000.00_verts.csv,/home/chaoyu/phd_simulation/sensitivity_analysis/data/knit_dir_sweep/m1_th000.00_stress.csv,1.0421366625937665,1.1140193603324149,0.0530253143077175,0.057146842621541,700.0910795454546,566.4523739130435,797.0013545454544,384.8815760869565,0.7109744758283982,0.8294456766406936,1.16663214340326,89.99380695622867,0.7109744760241085,0.8294456752564271,0.8294456752564271,0.7109744760241085,0.7702100762345458,35,0.0656361579432105,False,0.8885384148242634,0.8987399950151038,1.0421366625937665,1.1140193603324147,0.0012645524809306802
1,1.0,1.0,1.0,1000.0,0.16961748,592.97142182,734.73548074,/home/chaoyu/phd_simulation/sensitivity_analysis/data/knit_dir_sweep/m1_th001.00_verts.csv,/home/chaoyu/phd_simulation/sensitivity_analysis/data/knit_dir_sweep/m1_th001.00_stress.csv,1.0409721491894406,1.1116011676243986,0.0530186552417317,0.0571337978491014,700.1397704545454,566.5422543478261,797.06195,384.8421782608696,0.7109457938680227,0.8294633285176809,1.1667040380179243,88.9371299259578,0.7109862842023965,0.829422544227953,0.8294631858021839,0.7109459201337366,0.7702045611928519,35,0.0655679914989493,False,0.8885463964765009,0.8987425079519438,1.0409721491894406,1.1116011676243986,0.0012621048179153051
1,2.0,1.0,1.0,1000.0,0.16961742,592.99743331,734.68420989,/home/chaoyu/phd_simulation/sensitivity_analysis/data/knit_dir_sweep/m1_th002.00_verts.csv,/home/chaoyu/phd_simulation/sensitivity_analysis/data/knit_dir_sweep/m1_th002.00_stress.csv,1.0398080932506713,1.1092307998962505,0.0530126270719138,0.0571197538145795,700.1215931818182,566.7407217391304,797.0368318181817,384.7547434782609,0.710912741773637,0.8294864723436218,1.16679083606542,87.88170963989347,0.7110741772529788,0.8293244546727745,0.829485966880657,0.7109132169441429,0.7701996070586294,35,0.0654981122043185,False,0.8885671179420634,0.8987474704371098,1.0398080932506713,1.1092307998962503,0.0012589501593781914
1,3.0,1.0,1.0,1000.0,0.16961736,593.02457339,734.62965126,/home/chaoyu/phd_simulation/sensitivity_analysis/data/knit_dir_sweep/m1_th003.00_verts.csv,/home/chaoyu/phd_simulation/sensitivity_analysis/data/knit_dir_sweep/m1_th003.00_stress.csv,1.0386487336323045,1.1069119285971942,0.0530072403554663,0.0571047417437091,700.0364931818181,567.0472065217391,796.925975,384.6194543478261,0.710874919025143,0.8295140833325131,1.166891757090074,86.82766425737381,0.7112374195040663,0.8291507172789886,0.8295130098816104,0.7108759498044442,0.770194501178828,35,0.0654221314680606,False,0.8886006301436286,0.8987548824568502,1.0386487336323045,1.1069119285971942,0.0012550844276242295
1,4.0,1.0,1.0,1000.0,0.16961731,593.05280326,734.57196944,/home/chaoyu/phd_simulation/sensitivity_analysis/data/knit_dir_sweep/m1_th004.00_verts.csv,/home/chaoyu/phd_simulation/sensitivity_analysis/data/knit_dir_sweep/m1_th004.00_stress.csv,1.0374937673071516,1.1046435743247711,0.053002494621218,0.0570887745544829,699.8845159090911,567.4608086956522,796.7293795454545,384.436595652174,0.7108329900247975,0.8295464919924753,1.167006179557784,85.77528257018014,0.7114761802496884,0.8289021580172043,0.8295446656679435,0.7108347628390443,0.7701897410086365,35,0.0653430115195261,False,0.8886468111353862,0.8987644836027275,1.0374937673071516,1.1046435743247711,0.0012505202548326398
1,5.0,1.0,1.0,1000.0,0.16961727,593.08208231,734.51133451,/home/chaoyu/phd_simulation/sensitivity_analysis/data/knit_dir_sweep/m1_th005.00_verts.csv,/home/chaoyu/phd_simulation/sensitivity_analysis/data/knit_dir_sweep/m1_th005.00_stress.csv,1.0363452718813724,1.1024265221198124,0.0529983993669927,0.0570718702263327,699.6657181818181,567.9803108695652,796.4471590909089,384.2065760869565,0.7107875805563689,0.8295832380910627,1.1671324327891417,84.72438113134169,0.7117906027514501,0.8285787993908232,0.8295804887829334,0.710790267008051,0.7701854093237158,35,0.0652627326932597,False,0.8887056563128524,0.8987761461015397,1.0363452718813724,1.1024265221198124,0.0012452850861951565
1,6.0,1.0,1.0,1000.0,0.16961724,593.11237501,734.44792318,/home/chaoyu/phd_simulation/sensitivity_analysis/data/knit_dir_sweep/m1_th006.00_verts.csv,/home/chaoyu/phd_simulation/sensitivity_analysis/data/knit_dir_sweep/m1_th006.00_stress.csv,1.035204229648059,1.1002609856212384,0.0529949589882628,0.0570540548303439,699.3802545454546,568.6041717391305,796.0794840909092,383.9299108695652,0.7107388284394378,0.8296237848641553,1.1672695393408463,83.67526328365969,0.7121800963267368,0.8281808334711819,0.8296199654651678,0.7107425771899629,0.7701813066517966,35,0.0651777716056705,False,0.8887770522978761,0.8987895384102295,1.035204229648059,1.1002609856212384,0.0012393853889193498
1,7.0,1.0,1.0,1000.0,0.16961721,593.14361714,734.38190938,/home/chaoyu/phd_simulation/sensitivity_analysis/data/knit_dir_sweep/m1_th007.00_verts.csv,/home/chaoyu/phd_simulation/sensitivity_analysis/data/knit_dir_sweep/m1_th007.00_stress.csv,1.0340712349142045,1.0981465405394637,0.0529921740952807,0.057035345538575,699.028225,569.3305434782608,795.6266068181819,383.607202173913,0.7106870759047133,0.8296683428619108,1.167417237475063,82.62786864091414,0.7126443018620107,0.8277091723552651,0.8296633231754044,0.7106920186720305,0.770177709383312,35,0.0650918256086582,False,0.8888607466570221,0.8988045182920844,1.0340712349142045,1.0981465405394637,0.0012328505385393997
1,8.0,1.0,1.0,1000.0,0.16961719,593.17578378,734.31348114,/home/chaoyu/phd_simulation/sensitivity_analysis/data/knit_dir_sweep/m1_th008.00_verts.csv,/home/chaoyu/phd_simulation/sensitivity_analysis/data/knit_dir_sweep/m1_th008.00_stress.csv,1.0329498040808711,1.0960826510796635,0.0529900463604972,0.0570157785976607,698.6099204545454,570.1573586956522,795.0888318181819,383.23916956521737,0.7106326337367014,0.8297163378465952,1.1675742126895003,81.58228223967205,0.7131826679143127,0.8271641042828273,0.8297100075567704,0.7106388823523985,0.7701744857916483,35,0.0650038852990685,False,0.8889567553967922,0.8988205813102454,1.0329498040808711,1.0960826510796635,0.0012257210621261626
1,9.0,1.0,1.0,1000.0,0.16961719,593.2088216,734.24282236,/home/chaoyu/phd_simulation/sensitivity_analysis/data/knit_dir_sweep/m1_th009.00_verts.csv,/home/chaoyu/phd_simulation/sensitivity_analysis/data/knit_dir_sweep/m1_th009.00_stress.csv,1.0318357245325678,1.0940669559262668,0.0529885805117023,0.0569953730028282,698.125584090909,571.0822586956522,794.4665795454547,382.8266173913044,0.7105759840575759,0.8297677675517994,1.1677396734035492,80.53849351106444,0.7137947735995619,0.8265465301879527,0.8297600335008911,0.7105836331622232,0.7701718758046876,35,0.0649147166405532,False,0.8890648260611684,0.8988374840043173,1.0318357245325678,1.0940669559262668,0.001218020446289203
1,10.0,1.0,1.0,1000.0,0.1696172,593.24268293,734.1777042,/home/chaoyu/phd_simulation/sensitivity_analysis/data/knit_dir_sweep/m1_th010.00_verts.csv,/home/chaoyu/phd_simulation/sensitivity_analysis/data/knit_dir_sweep/m1_th010.00_stress.csv,1.0307342927698049,1.0920997110253152,0.0529877737718354,0.0569741546641289,697.5755431818181,572.1026695652174,793.7603022727272,382.3704369565217,0.7105174446249686,0.8298218963748524,1.1679120655691375,79.49664645685613,0.7144798176293395,0.825856833735399,0.8298126874797858,0.7105265667739941,0.7701696704999105,35,0.0648243906508054,False,0.8891847260275925,0.8988548015570904,1.0307342927698047,1.0920997110253152,0.0012097822783805898
1,11.0,1.0,1.0,1000.0,0.16961723,593.27731906,734.12204984,/home/chaoyu/phd_simulation/sensitivity_analysis/data/knit_dir_sweep/m1_th011.00_verts.csv,/home/chaoyu/phd_simulation/sensitivity_analysis/data/knit_dir_sweep/m1_th011.00_stress.csv,1.1089508671075348,1.090178367664747,0.0529876269914402,0.0569521554369953,696.9601727272728,573.2158108695653,792.9705636363636,381.8716478260869,0.7104571922062975,0.8298787335014018,1.168091114574047,78.4564592973152,0.7152370987872673,0.825095902196337,0.8298679849289037,0.7104678536146003,0.7701679628538497,35,0.0647340182827951,False,0.8893162263922882,0.8988719393004049,1.1089508671075348,1.090178367664747,0.0012010534900570473
1,12.0,1.0,1.0,1000.0,0.16961727,593.31268029,734.0644217,/home/chaoyu/phd_simulation/sensitivity_analysis/data/knit_dir_sweep/m1_th012.00_verts.csv,/home/chaoyu/phd_simulation/sensitivity_analysis/data/knit_dir_sweep/m1_th012.00_stress.csv,1.1065314879970336,1.0882993756865391,0.0529881363947003,0.0569294113030682,696.279909090909,574.4187347826086,792.0979613636362,381.3313282608696,0.7103958067317793,0.8299382059663812,1.1682757669763908,77.41818006891087,0.7160658260128582,0.8242650338188312,0.8299258776903227,0.7104080488038481,0.7701670063490802,35,0.0646433231800137,False,0.8894591027328019,0.8988885812163414,1.1065314879970336,1.0882993756865391,0.0011918684715632197
1,13.0,1.0,1.0,1000.0,0.16961732,593.34871593,734.0049429,/home/chaoyu/phd_simulation/sensitivity_analysis/data/knit_dir_sweep/m1_th013.00_verts.csv,/home/chaoyu/phd_simulation/sensitivity_analysis/data/knit_dir_sweep/m1_th013.00_stress.csv,1.1041721081443872,1.0864631083856764,0.0529893008215729,0.056905940106382,695.5352227272728,575.7083282608696,791.1432090909092,380.7506086956522,0.7103336186953965,0.8299996489142459,1.1684645454886802,76.3816937939733,0.716965123643916,0.8233647700161575,0.8299857115587362,0.7103474721156856,0.7701666338048212,35,0.0645537097865597,False,0.8896129692691553,0.8989041378716717,1.1041721081443872,1.0864631083856764,0.001182283260230684
1,14.0,1.0,1.0,1000.0,0.1696174,593.38537423,733.9437416,/home/chaoyu/phd_simulation/sensitivity_analysis/data/knit_dir_sweep/m1_th014.00_verts.csv,/home/chaoyu/phd_simulation/sensitivity_analysis/data/knit_dir_sweep/m1_th014.00_stress.csv,1.1018711328595945,1.084663443710851,0.0529911154380621,0.0568817870675743,694.7266386363636,577.0813565217392,790.1070886363635,380.130745652174,0.7102709500160368,0.8300630312874689,1.168656878433121,75.34691601784976,0.7179340418251902,0.8223963516178373,0.830047465631453,0.7102864352498443,0.7701669906517529,35,0.0644631106083789,False,0.889777585106686,0.8989181542227231,1.1018711328595943,1.084663443710851,0.0011723314637453075
1,15.0,1.0,1.0,1000.0,0.16961749,593.42260226,733.88095067,/home/chaoyu/phd_simulation/sensitivity_analysis/data/knit_dir_sweep/m1_th015.00_verts.csv,/home/chaoyu/phd_simulation/sensitivity_analysis/data/knit_dir_sweep/m1_th015.00_stress.csv,1.0996325902234216,1.0829014632953118,0.0529935762263453,0.0568569796784878,693.8547477272728,578.5344695652174,788.9904272727273,379.4730369565217,0.7102075682216614,0.830127933024337,1.1688525582780716,74.31388043425964,0.7189708948319384,0.8213608119162135,0.8301107344410759,0.7102246910875956,0.7701677506229991,35,0.064375271415774,False,0.8899526141556622,0.8989300564845306,1.0996325902234216,1.0829014632953118,0.0011620741588209155
1,16.0,1.0,1.0,1000.0,0.1696176,593.46034574,733.81670721,/home/chaoyu/phd_simulation/sensitivity_analysis/data/knit_dir_sweep/m1_th016.00_verts.csv,/home/chaoyu/phd_simulation/sensitivity_analysis/data/knit_dir_sweep/m1_th016.00_stress.csv,1.0974537366790351,1.0811751865111825,0.0529966767747838,0.0568315577902778,692.9201704545453,580.0642326086956,787.7941840909091,378.7788217391304,0.7101443543426813,0.8301943145239855,1.169050080377565,73.28243756659815,0.7200751715748309,0.8202595035142689,0.8301754832237939,0.7101631157476518,0.7701693344333334,35,0.0642897141660164,False,0.8901376514807228,0.8989393337725027,1.0974537366790351,1.0811751865111825,0.001151553130942535
1,17.0,1.0,1.0,1000.0,0.16961772,593.49856074,733.75115526,/home/chaoyu/phd_simulation/sensitivity_analysis/data/knit_dir_sweep/m1_th017.00_verts.csv,/home/chaoyu/phd_simulation/sensitivity_analysis/data/knit_dir_sweep/m1_th017.00_stress.csv,1.0953354529726818,1.0794768852969303,0.0530004069150219,0.0568055484892857,691.923609090909,581.6671391304347,786.5193204545457,378.0495608695652,0.710081348337813,0.8302616722175944,1.1692486701151978,72.25259145459526,0.7212452968971239,0.8190935380380597,0.8302412196857568,0.710101737854787,0.7701715102777037,35,0.0642030047770878,False,0.8903323736594739,0.8989453926085996,1.0953354529726818,1.0794768852969305,0.0011408229474047958
1,18.0,1.0,1.0,1000.0,0.16961786,593.53715421,733.68442997,/home/chaoyu/phd_simulation/sensitivity_analysis/data/knit_dir_sweep/m1_th018.00_verts.csv,/home/chaoyu/phd_simulation/sensitivity_analysis/data/knit_dir_sweep/m1_th018.00_stress.csv,1.0932740414631286,1.077806054271662,0.0530047670318283,0.056778993981768,690.8657590909091,583.3396108695654,785.1669363636364,377.2866826086956,0.7100183914956424,0.830329946817474,1.1694485055075787,71.22416373007064,0.7224796997218773,0.817864268601772,0.8303078848776395,0.710040398284626,0.7701741691565582,35,0.0641209516224619,False,0.8905362756810059,0.8989477427771212,1.0932740414631286,1.0778060542716619,0.0011299363030462949
1,19.0,1.0,1.0,1000.0,0.16961802,593.57610227,733.61668773,/home/chaoyu/phd_simulation/sensitivity_analysis/data/knit_dir_sweep/m1_th019.00_verts.csv,/home/chaoyu/phd_simulation/sensitivity_analysis/data/knit_dir_sweep/m1_th019.00_stress.csv,1.091274221851773,1.0761594217588455,0.0530097421152722,0.0567519320895935,689.7474386363638,585.0780565217391,783.7381659090909,376.4917347826087,0.7099562903629353,0.8303989809680151,1.169648036421381,70.19721416683011,0.7237773085575797,0.8165734159653046,0.8303753340478578,0.7099798909244556,0.7701776356654753,35,0.0640412067054991,False,0.8907489720547096,0.8989457639371462,1.091274221851773,1.0761594217588457,0.0011189430950161571
1,20.0,1.0,1.0,1000.0,0.1696182,593.61533164,733.66511746,/home/chaoyu/phd_simulation/sensitivity_analysis/data/knit_dir_sweep/m1_th020.00_verts.csv,/home/chaoyu/phd_simulation/sensitivity_analysis/data/knit_dir_sweep/m1_th020.00_stress.csv,1.0893311227061448,1.0745347894294237,0.0530153282462484,0.0567243967929157,688.5694727272727,586.8788760869566,782.2342477272726,375.6662782608696,0.7098946332399229,0.830468047195944,1.169846915739777,69.17152262470223,0.7251361775310934,0.8152217868205635,0.8304428352675435,0.7099198084554155,0.7701813402179334,35,0.0639645761088992,False,0.8909701182128865,0.8989390285428545,1.0893311227061448,1.0745347894294237,0.0011078991889258024
1,21.0,1.0,1.0,1000.0,0.16961839,593.65477879,733.71694769,/home/chaoyu/phd_simulation/sensitivity_analysis/data/knit_dir_sweep/m1_th021.00_verts.csv,/home/chaoyu/phd_simulation/sensitivity_analysis/data/knit_dir_sweep/m1_th021.00_stress.csv,1.0874484496735106,1.0729287889825008,0.0530215116668733,0.0566964339069224,687.3327568181819,588.7384304347827,780.6564795454545,374.811897826087,0.709834009968273,0.8305381237675051,1.170045548824333,68.14703314280752,0.7265551857801976,0.8138120701303817,0.8305113704291834,0.7098607370334369,0.770186066867889,35,0.0638896595963945,False,0.8911990222371389,0.898926964231675,1.0874484496735106,1.0729287889825008,0.0010968525936097238
1,22.0,1.0,1.0,1000.0,0.16961859,593.69437805,733.76838925,/home/chaoyu/phd_simulation/sensitivity_analysis/data/knit_dir_sweep/m1_th022.00_verts.csv,/home/chaoyu/phd_simulation/sensitivity_analysis/data/knit_dir_sweep/m1_th022.00_stress.csv,1.085620239813821,1.0713375598183466,0.0530282800706945,0.0566680636664405,686.038225,590.653097826087,779.0062477272727,373.9302021739131,0.7097743699057211,0.8306084363631139,1.1702429273030006,67.12362642245688,0.7280324613596764,0.8123453129210906,0.8305801642765603,0.709802626893092,0.7701914031344175,35,0.0638195537957723,False,0.89143530894631,0.8989090561275387,1.085620239813821,1.0713375598183466,0.001085861650863058
1,23.0,1.0,1.0,1000.0,0.16961881,593.73406172,733.81932588,/home/chaoyu/phd_simulation/sensitivity_analysis/data/knit_dir_sweep/m1_th023.00_verts.csv,/home/chaoyu/phd_simulation/sensitivity_analysis/data/knit_dir_sweep/m1_th023.00_stress.csv,1.083852185205759,1.0697597497331552,0.0530356295126738,0.0566393448215915,684.6868636363636,592.6192369565216,777.285,373.0228630434784,0.7097153110681854,0.830678731719297,1.1704393561258395,66.10118127612226,0.7295658480904861,0.8108230160883818,0.8306489611972209,0.7097450783432036,0.7701970213937412,35,0.0637533560344467,False,0.8916785273801349,0.8988848528426254,1.083852185205759,1.0697597497331552,0.0010749713455601923
1,24.0,1.0,1.0,1000.0,0.16961905,593.77376019,733.86964134,/home/chaoyu/phd_simulation/sensitivity_analysis/data/knit_dir_sweep/m1_th024.00_verts.csv,/home/chaoyu/phd_simulation/sensitivity_analysis/data/knit_dir_sweep/m1_th024.00_stress.csv,1.0821386963125148,1.0681895876643357,0.0530435410527639,0.0566103098926575,683.2797227272727,594.6332760869566,775.4942659090909,372.09152608695655,0.7096573991421768,0.8307488683954187,1.170633702121073,65.07961015961918,0.731153917068107,0.8092470327914474,0.8307176188629227,0.7096886579069869,0.7702031337687978,35,0.0636909470449035,False,0.891928091726797,0.8988539055435781,1.0821386963125148,1.0681895876643357,0.001064233359581342
1,25.0,1.0,1.0,1000.0,0.16961929,593.81340219,733.91921972,/home/chaoyu/phd_simulation/sensitivity_analysis/data/knit_dir_sweep/m1_th025.00_verts.csv,/home/chaoyu/phd_simulation/sensitivity_analysis/data/knit_dir_sweep/m1_th025.00_stress.csv,1.0804824261026589,1.0666274983258508,0.0530520041158569,0.0565809917123839,681.287065116279,596.6916326086956,772.7461116279069,371.1378586956522,0.7096003400602948,0.830819107500317,1.170826817007616,64.05886410059325,0.7327944700722824,0.807619528199558,0.8307863991238833,0.7096330707241894,0.7702097237803058,35,0.0636316901248161,False,0.8921834308872273,0.8988158073065095,1.0804824261026587,1.0666274983258508,0.0010536952345895309
1,26.0,1.0,1.0,1000.0,0.16961955,593.85291499,733.96794577,/home/chaoyu/phd_simulation/sensitivity_analysis/data/knit_dir_sweep/m1_th026.00_verts.csv,/home/chaoyu/phd_simulation/sensitivity_analysis/data/knit_dir_sweep/m1_th026.00_stress.csv,1.0788788770686597,1.0650711288371593,0.0530610052874178,0.0565514336005584,679.758388372093,598.7907673913044,770.8024139534883,370.1635586956522,0.7095444150251151,0.8308894445597449,1.1710182293948923,63.0387392301007,0.7344859526839329,0.8059423334636469,0.8308552869960262,0.7095786084671586,0.77021692979243,35,0.0635781329852515,False,0.8924439807359932,0.8987701107881584,1.0788788770686595,1.0650711288371593,0.0010434032565340137
1,27.0,1.0,1.0,1000.0,0.16961981,593.89222481,734.01570525,/home/chaoyu/phd_simulation/sensitivity_analysis/data/knit_dir_sweep/m1_th027.00_verts.csv,/home/chaoyu/phd_simulation/sensitivity_analysis/data/knit_dir_sweep/m1_th027.00_stress.csv,1.077329023087772,1.0635142797597517,0.0530705319236806,0.0565216822812973,678.1769837209303,600.9271956521739,768.7937418604652,369.1703173913044,0.7094888383377012,0.8309595383059546,1.171208753971174,62.01915336630849,0.7362256496454554,0.8042170367981101,0.8309239379673491,0.7095244886402697,0.7702241883218279,35,0.0635286909666549,False,0.8927092391829761,0.8987165172981594,1.0773290230877721,1.0635142797597517,0.001033408701506666
1,28.0,1.0,1.0,1000.0,0.16962009,593.93125708,734.06238525,/home/chaoyu/phd_simulation/sensitivity_analysis/data/knit_dir_sweep/m1_th028.00_verts.csv,/home/chaoyu/phd_simulation/sensitivity_analysis/data/knit_dir_sweep/m1_th028.00_stress.csv,1.0758340714368275,1.0619605014860634,0.0530805720637397,0.056491769197603,676.5441186046512,603.0974434782609,766.7219488372093,368.1597826086957,0.7094342302828973,0.8310292822799112,1.1713972159879094,61.00011778658571,0.7380117878454592,0.8024459251230525,0.8309922490312373,0.7094713280354545,0.7702317562814043,35,0.0634838911832984,False,0.8929786030503235,0.8986546907549345,1.0758340714368275,1.0619605014860634,0.00102374916669787
1,29.0,1.0,1.0,1000.0,0.16962036,593.96993679,734.10787455,/home/chaoyu/phd_simulation/sensitivity_analysis/data/knit_dir_sweep/m1_th029.00_verts.csv,/home/chaoyu/phd_simulation/sensitivity_analysis/data/knit_dir_sweep/m1_th029.00_stress.csv,1.0743919638220505,1.0604028118287676,0.0530911074596657,0.0564617335126258,674.8610883720929,605.2981239130435,764.5889232558138,367.1336608695651,0.7093800335253867,0.8310992496158373,1.1715853426061993,59.98145783222069,0.7398421192743763,0.8006312621435826,0.831060782188722,0.7094185804220288,0.770239641570612,35,0.0634429627563692,False,0.89325146502446,0.898584351995799,1.0743919638220505,1.0604028118287676,0.0010144679696153045
1,30.0,1.0,1.0,1000.0,0.16962064,594.00818888,734.16387212,/home/chaoyu/phd_simulation/sensitivity_analysis/data/knit_dir_sweep/m1_th030.00_verts.csv,/home/chaoyu/phd_simulation/sensitivity_analysis/data/knit_dir_sweep/m1_th030.00_stress.csv,1.0730021076791334,1.0588418183280048,0.0531021239298728,0.0564316169805412,673.1292534883721,607.5258608695651,762.396665116279,366.0936152173913,0.7093262948758653,0.8311690247813746,1.1717724702801722,58.96301797950566,0.7417145816154386,0.7987747414011271,0.8311291116616863,0.7093663028349536,0.7702476598286199,35,0.063407217164973,False,0.893527233166694,0.8985052646899505,1.0730021076791334,1.0588418183280048,0.0010056048525116223
1,31.0,1.0,1.0,1000.0,0.16962092,594.04593848,734.23263093,/home/chaoyu/phd_simulation/sensitivity_analysis/data/knit_dir_sweep/m1_th031.00_verts.csv,/home/chaoyu/phd_simulation/sensitivity_analysis/data/knit_dir_sweep/m1_th031.00_stress.csv,1.0716643545359363,1.0572751018047877,0.0531136051362891,0.0564014631369303,671.3500023255814,609.7773608695652,760.1472348837209,365.04128260869567,0.7092726371541699,0.8312388782236547,1.1719596029516277,57.94484575362168,0.743626551989472,0.7968788789519925,0.8311975123048738,0.7093141136498204,0.7702557576889123,35,0.0633776444889663,False,0.8938052615878844,0.8984172775417534,1.0716643545359363,1.0572751018047877,0.0009971938908821837
1,32.0,1.0,1.0,1000.0,0.1696212,594.08311128,734.29994427,/home/chaoyu/phd_simulation/sensitivity_analysis/data/knit_dir_sweep/m1_th032.00_verts.csv,/home/chaoyu/phd_simulation/sensitivity_analysis/data/knit_dir_sweep/m1_th032.00_stress.csv,1.070376152736817,1.055702484560625,0.0531255347854155,0.05637130355991,669.5248046511628,612.0493760869567,757.8427534883722,363.9783065217392,0.7092184784340299,0.8313086608133776,1.1721474920519916,56.92686359066942,0.7455753645384949,0.7949456095420909,0.8312658297199287,0.7092614361859134,0.7702635696237037,35,0.0633505059708283,False,0.8940850659144259,0.8983202229696275,1.070376152736817,1.055702484560625,0.0009892678925477252
1,33.0,1.0,1.0,1000.0,0.16962148,594.11963529,734.36562546,/home/chaoyu/phd_simulation/sensitivity_analysis/data/knit_dir_sweep/m1_th033.00_verts.csv,/home/chaoyu/phd_simulation/sensitivity_analysis/data/knit_dir_sweep/m1_th033.00_stress.csv,1.0691388243794688,1.054122887177822,0.0531379017452605,0.0563411781473293,667.6551930232558,614.3387239130434,755.4854581395348,362.9062978260869,0.7091647580221865,0.8313789441767375,1.1723353914193344,55.90897411470477,0.7475596517800984,0.7929778114882281,0.8313346284779876,0.709209216786778,0.770271851099462,35,0.0633298797366788,False,0.8943659520338041,0.8982139595320652,1.0691388243794688,1.054122887177822,0.0009818658657682515
1,34.0,1.0,1.0,1000.0,0.16962175,594.15543348,734.42948552,/home/chaoyu/phd_simulation/sensitivity_analysis/data/knit_dir_sweep/m1_th034.00_verts.csv,/home/chaoyu/phd_simulation/sensitivity_analysis/data/knit_dir_sweep/m1_th034.00_stress.csv,1.0679503084772008,1.0525328770024869,0.0531506852177324,0.0563111303765083,665.7427186046511,616.6422630434782,753.0776186046511,361.8268630434783,0.7091097890528477,0.8314493553305176,1.1725255639765992,54.89115728559264,0.7495757616124404,0.7909770769572271,0.8314035337672621,0.7091557703905089,0.7702795721916826,35,0.0633134873515121,False,0.8946473215606752,0.8980984564484562,1.0679503084772008,1.0525328770024869,0.0009750112709040963
1,35.0,1.0,1.0,1000.0,0.16962201,594.19043933,734.49133813,/home/chaoyu/phd_simulation/sensitivity_analysis/data/knit_dir_sweep/m1_th035.00_verts.csv,/home/chaoyu/phd_simulation/sensitivity_analysis/data/knit_dir_sweep/m1_th035.00_stress.csv,1.0668119143053103,1.0509368563335488,0.0531638674442234,0.0562811909887202,663.7890209302325,618.9569326086956,750.621623255814,360.7415347826087,0.7090543362823948,0.8315203184103729,1.172717344583312,53.87329204509172,0.7516221696031107,0.7889461192302655,0.8314729598670956,0.7091018716023822,0.7702873273463838,35,0.0633011179467895,False,0.8949285072943571,0.8979736444506092,1.0668119143053105,1.0509368563335488,0.0009687290116012942
1,36.0,1.0,1.0,1000.0,0.16962226,594.22458179,734.55099665,/home/chaoyu/phd_simulation/sensitivity_analysis/data/knit_dir_sweep/m1_th036.00_verts.csv,/home/chaoyu/phd_simulation/sensitivity_analysis/data/knit_dir_sweep/m1_th036.00_stress.csv,1.0657204688734836,1.0493311129480565,0.053177434853934,0.0562514013077843,661.7957767441859,621.2797260869567,748.1198790697674,359.6518847826087,0.7089971079064907,0.831591602805558,1.17291254580863,52.85556170060468,0.7536951265249267,0.7868871649812398,0.8315426910952239,0.7090462136349172,0.7702943553560244,35,0.0632935352510156,False,0.8952089940872663,0.8978396566766833,1.0657204688734836,1.0493311129480563,0.0009630522123458453
1,37.0,1.0,1.0,1000.0,0.1696225,594.25779321,734.60827713,/home/chaoyu/phd_simulation/sensitivity_analysis/data/knit_dir_sweep/m1_th037.00_verts.csv,/home/chaoyu/phd_simulation/sensitivity_analysis/data/knit_dir_sweep/m1_th037.00_stress.csv,1.0646766961238097,1.047716699846427,0.0531913685409292,0.0562217976715099,659.7647255813954,623.6077065217391,745.574934883721,358.5593934782609,0.7089385941665862,0.8316638252863027,1.1731112287150762,51.83778762417811,0.7557930787841274,0.7848028747477942,0.8316133290728,0.7089893018792752,0.7703012097264444,35,0.0632908689150606,False,0.8954881386109976,0.8976964723599462,1.0646766961238097,1.0477166998464267,0.0009579910647259094
1,38.0,1.0,1.0,1000.0,0.16962272,594.29000807,734.66299891,/home/chaoyu/phd_simulation/sensitivity_analysis/data/knit_dir_sweep/m1_th038.00_verts.csv,/home/chaoyu/phd_simulation/sensitivity_analysis/data/knit_dir_sweep/m1_th038.00_stress.csv,1.0636810183183596,1.046093716352163,0.0532056529536611,0.0561924168060511,657.6976697674419,625.9379782608696,742.989369767442,357.46553695652176,0.708878503566517,0.831736759819588,1.1733135588608556,50.820132815006446,0.7579129380925966,0.7826958192500084,0.8316846617894255,0.7089308307618318,0.7703076316930525,35,0.0632923185433088,False,0.8957653702018648,0.8975442697408248,1.0636810183183596,1.046093716352163,0.0009535704760249401
1,39.0,1.0,1.0,1000.0,0.16962293,594.32116333,734.71498566,/home/chaoyu/phd_simulation/sensitivity_analysis/data/knit_dir_sweep/m1_th039.00_verts.csv,/home/chaoyu/phd_simulation/sensitivity_analysis/data/knit_dir_sweep/m1_th039.00_stress.csv,1.0627320716314193,1.044463391047975,0.0532202691722796,0.0561632978592632,655.5964558139535,628.267745652174,740.365841860465,356.3717673913044,0.7088160660132475,0.8318107603823522,1.1735213128857127,49.80245342004483,0.7600521886437699,0.7805680980336612,0.8317570301707446,0.7088700432391268,0.7703134131977999,35,0.0632973881071913,False,0.8960400751780417,0.8973831877258986,1.0627320716314193,1.044463391047975,0.0009498028891751022
1,40.0,1.0,1.0,1000.0,0.16962311,594.3511987,734.7640664,/home/chaoyu/phd_simulation/sensitivity_analysis/data/knit_dir_sweep/m1_th040.00_verts.csv,/home/chaoyu/phd_simulation/sensitivity_analysis/data/knit_dir_sweep/m1_th040.00_stress.csv,1.0618289037496838,1.0428274032759677,0.0532351978291382,0.0561344673079625,653.4630139534884,630.594252173913,737.7071139534884,355.2794717391304,0.7087513266528713,0.8318859556206208,1.173734601033146,48.78486730132472,0.7622081796130026,0.7784225357222744,0.8318305732556025,0.7088069740125261,0.7703186411367461,35,0.0633060729733026,False,0.8963116723409172,0.8972134085235842,1.0618289037496838,1.0428274032759675,0.0009467097614899899
1,41.0,1.0,1.0,1000.0,0.16962327,594.38005703,734.81007643,/home/chaoyu/phd_simulation/sensitivity_analysis/data/knit_dir_sweep/m1_th041.00_verts.csv,/home/chaoyu/phd_simulation/sensitivity_analysis/data/knit_dir_sweep/m1_th041.00_stress.csv,1.060971245225851,1.04118565477642,0.0532504239802966,0.0561059646338954,651.299288372093,632.9148108695653,735.0159813953488,354.19002391304343,0.7086837075621933,0.8319619536218874,1.173953831228546,47.767466330787165,0.7643777128950618,0.7762613604745142,0.8319049077330128,0.708741036505354,0.7703228305920404,35,0.0633190139120789,False,0.8965795967339436,0.8970352061228735,1.060971245225851,1.04118565477642,0.0009442886340427504
1,42.0,1.0,1.0,1000.0,0.16962341,594.40768458,734.85285831,/home/chaoyu/phd_simulation/sensitivity_analysis/data/knit_dir_sweep/m1_th042.00_verts.csv,/home/chaoyu/phd_simulation/sensitivity_analysis/data/knit_dir_sweep/m1_th042.00_stress.csv,1.0601605742228088,1.0395393746396735,0.053265931258705,0.0560778240143109,649.1073279069768,635.2267826086957,732.2953534883721,353.1047586956521,0.7086130150167778,0.8320397324825785,1.1741807091461316,46.75029270575912,0.7665585319761229,0.7740876130547076,0.8319810156695927,0.7086720329796672,0.7703263737496782,35,0.0633346256160907,False,0.896843402070075,0.8968488010049549,1.0601605742228088,1.0395393746396735,0.0009425603343020932
1,43.0,1.0,1.0,1000.0,0.16962352,594.43403141,734.89226274,/home/chaoyu/phd_simulation/sensitivity_analysis/data/knit_dir_sweep/m1_th043.00_verts.csv,/home/chaoyu/phd_simulation/sensitivity_analysis/data/knit_dir_sweep/m1_th043.00_stress.csv,1.059395169238268,1.037890263019587,0.0532816993529497,0.0560500795803491,646.8892348837209,637.5276543478262,729.5481581395348,352.0249586956522,0.7085388954773615,0.8321186660160899,1.1744149422530563,45.73347421348956,0.7687473962478156,0.7719035543511983,0.8320582838835583,0.7085995968230149,0.7703287807467256,35,0.0633548574858231,False,0.8971024643422703,0.8966545306138893,1.059395169238268,1.037890263019587,0.0009415201838587964
1,44.0,1.0,1.0,1000.0,0.1696236,594.45905165,734.92814936,/home/chaoyu/phd_simulation/sensitivity_analysis/data/knit_dir_sweep/m1_th044.00_verts.csv,/home/chaoyu/phd_simulation/sensitivity_analysis/data/knit_dir_sweep/m1_th044.00_stress.csv,1.05867534932197,1.0362425553715564,0.053297707322687,0.0560227614556556,644.647146511628,639.8148891304348,726.7774581395349,350.95189347826084,0.7084615046551862,0.8321997889686444,1.1746577386356123,44.717022519380976,0.7709423708346872,0.7697123095985435,0.832137749025258,0.7085238818004173,0.7703306468119153,35,0.0633761736570182,False,0.8973562239795361,0.8964527689605796,1.05867534932197,1.0362425553715564,0.0009411720440278907
1,45.0,1.0,1.0,1000.0,0.16962365,594.48270381,734.96038759,/home/chaoyu/phd_simulation/sensitivity_analysis/data/knit_dir_sweep/m1_th045.00_verts.csv,/home/chaoyu/phd_simulation/sensitivity_analysis/data/knit_dir_sweep/m1_th045.00_stress.csv,1.0580008926557911,1.0345942142758229,0.0533139460506446,0.0559959061086172,642.3832790697675,642.0860826086956,723.9863488372093,349.8867652173913,0.7083802161192079,0.8322821246266134,1.1749087646549337,43.701112536406896,0.773139795542639,0.7675159358598175,0.8322184529193003,0.7084442428527663,0.7703311703729107,35,0.0634015778126624,False,0.8976043262695115,0.8962438795948328,1.0580008926557913,1.0345942142758227,0.0009415240140017306
1,46.0,1.0,1.0,1000.0,0.16962367,594.504951,734.98885724,/home/chaoyu/phd_simulation/sensitivity_analysis/data/knit_dir_sweep/m1_th046.00_verts.csv,/home/chaoyu/phd_simulation/sensitivity_analysis/data/knit_dir_sweep/m1_th046.00_stress.csv,1.0573734396459868,1.0329522236751143,0.0533303894180771,0.0559695358406789,640.0999279069766,644.3388782608696,721.1779930232558,348.83074130434784,0.7082949820772694,0.8323662526699389,1.1751689249990116,42.685802999381934,0.7753373366401375,0.7653172986689626,0.8323009826396579,0.7083606247333071,0.7703306173736042,35,0.063429102845448,False,0.8978462804957319,0.8960282352080673,1.0573734396459868,1.0329522236751143,0.0009425708356621259
1,47.0,1.0,1.0,1000.0,0.16962365,594.52576116,735.01344922,/home/chaoyu/phd_simulation/sensitivity_analysis/data/knit_dir_sweep/m1_th047.00_verts.csv,/home/chaoyu/phd_simulation/sensitivity_analysis/data/knit_dir_sweep/m1_th047.00_stress.csv,1.056788938701362,1.031315685657298,0.0533470233430097,0.055943684106687,637.7994093023257,646.5709565217392,718.3556418604651,347.7849782608696,0.7082057693871876,0.8324521299168877,1.1754382213480283,41.67134088549565,0.7775319565496887,0.763119359239672,0.8323853218870617,0.7082729672986308,0.7703289496520376,35,0.0634578148837845,False,0.8980815502924446,0.8958062956867685,1.056788938701362,1.031315685657298,0.0009443021895970896
1,48.0,1.0,1.0,1000.0,0.1696236,594.54510722,735.03406602,/home/chaoyu/phd_simulation/sensitivity_analysis/data/knit_dir_sweep/m1_th048.00_verts.csv,/home/chaoyu/phd_simulation/sensitivity_analysis/data/knit_dir_sweep/m1_th048.00_stress.csv,1.056252502241,1.0296894116419668,0.0533638275639882,0.0559183884272445,635.4841441860466,648.7800869565216,715.5225953488372,346.75055,0.7081121351182489,0.832540238197494,1.1757180775590954,40.657677384116056,0.779721387631325,0.7609244240653908,0.8324719498883244,0.7081808301849363,0.7703261866578714,35,0.0634888284392039,False,0.8983098550666646,0.8955785080554545,1.0562525022409999,1.0296894116419668,0.000946715501480037
1,49.0,1.0,1.0,1000.0,0.16962351,594.56296724,735.08618588,/home/chaoyu/phd_simulation/sensitivity_analysis/data/knit_dir_sweep/m1_th049.00_verts.csv,/home/chaoyu/phd_simulation/sensitivity_analysis/data/knit_dir_sweep/m1_th049.00_stress.csv,1.055763029774764,1.0280761668556664,0.053380786017222,0.055893665933743,633.1565953488371,650.9641108695652,712.6822232558139,345.7285326086956,0.708014237465371,0.8326299154185296,1.1760073051627773,39.64508284828728,0.7819023156577042,0.7587353035169383,0.8325602353611716,0.7080843406389128,0.7703220764419503,35,0.0635214926235526,False,0.8985306971156579,0.8953454241554425,1.055763029774764,1.0280761668556664,0.0009498095299355254
1,50.0,1.0,1.0,1000.0,0.16962338,594.57932448,735.13538132,/home/chaoyu/phd_simulation/sensitivity_analysis/data/knit_dir_sweep/m1_th050.00_verts.csv,/home/chaoyu/phd_simulation/sensitivity_analysis/data/knit_dir_sweep/m1_th050.00_stress.csv,1.0553190101849446,1.0264786841079785,0.0533978794814275,0.0558695513172107,630.8192813953489,653.1208956521738,709.8379627906978,344.7199391304348,0.7079119910746904,0.8327212314004109,1.176306153729994,38.63359259625312,0.7840722413214741,0.756554481314759,0.8326502550248285,0.7079834063403122,0.7703166112375506,35,0.0635551881961662,False,0.8987437821100156,0.8951074954957359,1.0553190101849446,1.0264786841079785,0.0009535601611260836
1,51.0,1.0,1.0,1000.0,0.16962322,594.59416749,735.17248569,/home/chaoyu/phd_simulation/sensitivity_analysis/data/knit_dir_sweep/m1_th051.00_verts.csv,/home/chaoyu/phd_simulation/sensitivity_analysis/data/knit_dir_sweep/m1_th051.00_stress.csv,1.0549235713865046,1.0249001145905956,0.0534150908154996,0.0558460679226507,628.4748162790698,655.2484108695653,706.9932906976744,343.7257456521739,0.7078051893192405,0.8328145838671941,1.1766155383350414,37.62349736630293,0.7862283139088937,0.754384999261684,0.8327424399290551,0.7078777871875024,0.7703098865932173,35,0.0635897282496379,False,0.8989488464460194,0.8948652725537759,1.0549235713865046,1.0249001145905956,0.000957959817578275
1,52.0,1.0,1.0,1000.0,0.16962301,594.60749013,735.197445,/home/chaoyu/phd_simulation/sensitivity_analysis/data/knit_dir_sweep/m1_th052.00_verts.csv,/home/chaoyu/phd_simulation/sensitivity_analysis/data/knit_dir_sweep/m1_th052.00_stress.csv,1.0545718752967406,1.0233440098981612,0.0534323951686521,0.0558232458499648,626.1258441860465,657.3446652173915,704.1517627906977,342.74690434782605,0.7076944128480458,0.8329093820907215,1.1769336693485548,36.6148654283665,0.7883678694091559,0.7522295113206412,0.832836210947012,0.7077680521411973,0.7703018974693836,35,0.0636227725829096,False,0.8991455238678527,0.8946192419615112,1.0545718752967406,1.0233440098981612,0.0009629889931613385
1,53.0,1.0,1.0,1000.0,0.16962277,594.61929159,735.21023573,/home/chaoyu/phd_simulation/sensitivity_analysis/data/knit_dir_sweep/m1_th053.00_verts.csv,/home/chaoyu/phd_simulation/sensitivity_analysis/data/knit_dir_sweep/m1_th053.00_stress.csv,1.0542719426993508,1.02181438721083,0.0534497866833888,0.0558011056178228,623.7750953488372,659.4077347826087,701.3169744186047,341.7843152173913,0.7075793254590848,0.8330060935546515,1.1772617762880346,35.607834544628446,0.7904884380437173,0.750090618476139,0.8329320532343911,0.7076538472240173,0.7702927095068681,35,0.0636579675717356,False,0.8993336168257856,0.8943700287862694,1.0542719426993508,1.02181438721083,0.0009686360436522588
1,54.0,1.0,1.0,1000.0,0.16962248,594.62957639,735.21086484,/home/chaoyu/phd_simulation/sensitivity_analysis/data/knit_dir_sweep/m1_th054.00_verts.csv,/home/chaoyu/phd_simulation/sensitivity_analysis/data/knit_dir_sweep/m1_th054.00_stress.csv,1.0540224930796562,1.020314183582024,0.0534672350721083,0.0557796775181922,621.4253465116279,661.4357413043479,698.4925604651163,340.83882826086955,0.7074598347627106,0.8331040953273127,1.1775991432881054,34.60257243649127,0.7925869209730203,0.747970704370826,0.833029365413633,0.7075350583702844,0.7702819650450117,35,0.0636913291426753,False,0.8995128612013346,0.8941181457571126,1.0540224930796562,1.020314183582024,0.0009748744908925747
1,55.0,1.0,1.0,1000.0,0.16962215,594.63835427,735.19936958,/home/chaoyu/phd_simulation/sensitivity_analysis/data/knit_dir_sweep/m1_th055.00_verts.csv,/home/chaoyu/phd_simulation/sensitivity_analysis/data/knit_dir_sweep/m1_th055.00_stress.csv,1.0538201768044826,1.0188470685299775,0.0534847298539785,0.0557589778707822,619.079465116279,663.4268934782609,695.6822325581396,339.91131304347834,0.7073368975484724,0.8332038675445083,1.177944866770379,33.59914862997445,0.7946615169029223,0.745873007157121,0.8331286383936807,0.7074126315140785,0.7702703825464903,35,0.0637250663501215,False,0.8996831707307297,0.8938642154986659,1.0538201768044826,1.0188470685299775,0.0009816888016954772
1,56.0,1.0,1.0,1000.0,0.16962179,594.6456402,735.17581725,/home/chaoyu/phd_simulation/sensitivity_analysis/data/knit_dir_sweep/m1_th056.00_verts.csv,/home/chaoyu/phd_simulation/sensitivity_analysis/data/knit_dir_sweep/m1_th056.00_stress.csv,1.0536705494914165,1.0174161516418356,0.0535022501348344,0.0557390363239465,616.7403627906976,665.3794565217391,692.8897,339.0025326086956,0.7072098328116051,0.8333043267921879,1.1782985588298138,32.597802291537846,0.7967085127550891,0.7437994755692305,0.833228817194031,0.7072858570696334,0.7702570798018965,35,0.0637572668016694,False,0.8998443537616344,0.8936088504361687,1.0536705494914165,1.0174161516418356,0.0009890485364690345
1,57.0,1.0,1.0,1000.0,0.16962138,594.65145415,735.14030475,/home/chaoyu/phd_simulation/sensitivity_analysis/data/knit_dir_sweep/m1_th057.00_verts.csv,/home/chaoyu/phd_simulation/sensitivity_analysis/data/knit_dir_sweep/m1_th057.00_stress.csv,1.053575974036309,1.0160274153789466,0.0535197740349213,0.0557198684691342,614.4110093023256,667.291747826087,690.1187511627905,338.1132608695652,0.7070797165990235,0.8334058174013533,1.1786589232257216,31.598642142842635,0.7987260122545139,0.7417534262871212,0.8333302601364685,0.7071557969958694,0.7702427670001883,35,0.0637877030208368,False,0.8999962736704386,0.8933525341668045,1.0535759740363093,1.0160274153789466,0.0009969346225558288
1,58.0,1.0,1.0,1000.0,0.16962093,594.65582096,735.09295808,/home/chaoyu/phd_simulation/sensitivity_analysis/data/knit_dir_sweep/m1_th058.00_verts.csv,/home/chaoyu/phd_simulation/sensitivity_analysis/data/knit_dir_sweep/m1_th058.00_stress.csv,1.053533071143217,1.0146829013744385,0.0535372858924501,0.0557015016681425,612.0944488372093,669.1621152173914,687.3731744186045,337.24423260869565,0.7069462075671668,0.8335083857456694,1.1790266031895758,30.601683032201294,0.8007117264001187,0.7397368533706566,0.8334330158405899,0.7070221076451542,0.7702272966564181,35,0.0638195481616681,False,0.9001389822716798,0.8930959961845489,1.053533071143217,1.0146829013744385,0.0010053127889506147
1,59.0,1.0,1.0,1000.0,0.16962045,594.65877004,735.03393165,/home/chaoyu/phd_simulation/sensitivity_analysis/data/knit_dir_sweep/m1_th059.00_verts.csv,/home/chaoyu/phd_simulation/sensitivity_analysis/data/knit_dir_sweep/m1_th059.00_stress.csv,1.0535462851120865,1.013387743170682,0.0535547674778568,0.0556839466996752,609.7937744186046,670.9890260869565,684.6567953488371,336.39614130434785,0.7068097642749557,0.8336110314973577,1.1793994277264612,29.60711398168081,0.802662513808869,0.7377523564719624,0.8335361049827922,0.7068852264483054,0.7702103978861568,35,0.0638460817286346,False,0.9002724212669182,0.8928397563952544,1.0535462851120865,1.0133877431706821,0.0010141548122414691
1,60.0,1.0,1.0,1000.0,0.16961993,594.66033507,734.96340753,/home/chaoyu/phd_simulation/sensitivity_analysis/data/knit_dir_sweep/m1_th060.00_verts.csv,/home/chaoyu/phd_simulation/sensitivity_analysis/data/knit_dir_sweep/m1_th060.00_stress.csv,1.0536124424220428,1.0121440420784271,0.0535721986692628,0.055667227548766,607.5121674418606,672.77095,681.9734604651163,335.5696239130436,0.7066711660998085,0.833714350786101,1.1797769468753865,28.61503483988406,0.8045766957006525,0.7358029899376063,0.8336401329768637,0.7067459234175305,0.7701927584429548,35,0.0638721951401884,False,0.9003965635329397,0.8925844731506242,1.0536124424220428,1.0121440420784273,0.0010234261865389774
1,61.0,1.0,1.0,1000.0,0.16961937,594.6605535,734.91907977,/home/chaoyu/phd_simulation/sensitivity_analysis/data/knit_dir_sweep/m1_th061.00_verts.csv,/home/chaoyu/phd_simulation/sensitivity_analysis/data/knit_dir_sweep/m1_th061.00_stress.csv,1.0537412757035116,1.010958670029834,0.053589563165563,0.0556513649821789,605.252834883721,674.506456521739,679.3270186046512,334.76532608695646,0.7065303726981524,0.8338176124014965,1.1801581993103138,27.62550118794869,0.8064515186763521,0.733890735660572,0.833744371912935,0.7066041548441623,0.7701739925498245,35,0.0638958276845618,False,0.9005115509477633,0.8923306911073331,1.0537412757035116,1.010958670029834,0.0010331004850576554
1,62.0,1.0,1.0,1000.0,0.16961878,594.65947966,734.88096825,/home/chaoyu/phd_simulation/sensitivity_analysis/data/knit_dir_sweep/m1_th062.00_verts.csv,/home/chaoyu/phd_simulation/sensitivity_analysis/data/knit_dir_sweep/m1_th062.00_stress.csv,1.0539265296222824,1.0098318043509666,0.0536068380430148,0.0556363724374434,603.0190441860465,676.1941478260869,676.7213581395349,333.983852173913,0.7063880245375725,0.8339204781366558,1.1805416416601495,26.638625209171156,0.8082846108985123,0.7320182677755327,0.8338484913800883,0.706460553323718,0.7701542513371142,35,0.0639168797995816,False,0.9006174605026089,0.8920790250036564,1.0539265296222824,1.0098318043509666,0.0010431372593810925
1,63.0,1.0,1.0,1000.0,0.16961815,594.65711652,734.83895112,/home/chaoyu/phd_simulation/sensitivity_analysis/data/knit_dir_sweep/m1_th063.00_verts.csv,/home/chaoyu/phd_simulation/sensitivity_analysis/data/knit_dir_sweep/m1_th063.00_stress.csv,1.0541752850402517,1.008771235550136,0.0536240096115917,0.0556222739998592,602.1182,677.8326521739131,676.064765909091,333.2257565217392,0.7062444310138677,0.8340225120976452,1.180926143233926,25.654334535825317,0.8100738115424964,0.7301876207152116,0.8339520417862086,0.706315441949737,0.7701334715557564,35,0.063936290829349,False,0.9007144589314456,0.8918300374465815,1.0541752850402515,1.008771235550136,0.0010535029918592015
1,64.0,1.0,1.0,1000.0,0.1696175,594.65355024,734.79314299,/home/chaoyu/phd_simulation/sensitivity_analysis/data/knit_dir_sweep/m1_th064.00_verts.csv,/home/chaoyu/phd_simulation/sensitivity_analysis/data/knit_dir_sweep/m1_th064.00_stress.csv,1.0544867456076643,1.0077765984632925,0.0536410540671645,0.0556090704052466,599.9710931818181,679.4207369565218,673.5821886363636,332.49158695652176,0.7061002075436813,0.8341240296324807,1.1813111237201832,24.67281720465417,0.8118172097375173,0.7284016360902282,0.8340553501022573,0.7061694244269533,0.770112118588081,35,0.0639509747533908,False,0.9008027252830306,0.8915844043224777,1.0544867456076645,1.0077765984632925,0.0010641493609085473
1,65.0,1.0,1.0,1000.0,0.16961681,594.64881436,734.74365504,/home/chaoyu/phd_simulation/sensitivity_analysis/data/knit_dir_sweep/m1_th065.00_verts.csv,/home/chaoyu/phd_simulation/sensitivity_analysis/data/knit_dir_sweep/m1_th065.00_stress.csv,1.054861771595967,1.0068543397448224,0.0536579541815097,0.0555967837019257,597.8595886363636,680.9571500000002,671.1515659090909,331.7818521739131,0.7059561265209046,0.8342240678444316,1.1816939275754397,23.69399746913845,0.8135123757336656,0.7266625532885577,0.8341574361435062,0.7060232904535106,0.7700900971826681,35,0.0639641323997723,False,0.9008824447882247,0.8913425986153625,1.054861771595967,1.0068543397448224,0.001075043212128318
1,66.0,1.0,1.0,1000.0,0.1696161,594.64295661,734.69061185,/home/chaoyu/phd_simulation/sensitivity_analysis/data/knit_dir_sweep/m1_th066.00_verts.csv,/home/chaoyu/phd_simulation/sensitivity_analysis/data/knit_dir_sweep/m1_th066.00_stress.csv,1.0553062719371682,1.006008901330486,0.0536746901240687,0.0555854295096006,595.7870931818181,682.4407413043479,668.7766590909091,331.0970347826087,0.705811887941177,0.8343222088843295,1.1820744636619986,22.717905130831724,0.815156991238448,0.7249719727401033,0.8342578730359167,0.7058767490399407,0.7700670484127532,35,0.0639734947898009,False,0.9009538987587211,0.8911052307745398,1.0553062719371682,1.006008901330486,0.0010861432741908995
1,67.0,1.0,1.0,1000.0,0.16961536,594.63602478,734.63414737,/home/chaoyu/phd_simulation/sensitivity_analysis/data/knit_dir_sweep/m1_th067.00_verts.csv,/home/chaoyu/phd_simulation/sensitivity_analysis/data/knit_dir_sweep/m1_th067.00_stress.csv,1.0558172935058665,1.005241162128578,0.0536912419463674,0.0555750137610836,593.7570522727274,683.8703782608696,666.4612,330.4375826086957,0.705668979951474,0.8344189674707132,1.1824509666389087,21.74459054758205,0.8167498385839426,0.7233331150677123,0.834357166840823,0.7057312969754568,0.7700439737110936,35,0.0639808226714039,False,0.9010173901743923,0.8908728697206092,1.0558172935058663,1.005241162128578,0.001097404247831432
1,68.0,1.0,1.0,1000.0,0.16961459,594.62806602,734.57440428,/home/chaoyu/phd_simulation/sensitivity_analysis/data/knit_dir_sweep/m1_th068.00_verts.csv,/home/chaoyu/phd_simulation/sensitivity_analysis/data/knit_dir_sweep/m1_th068.00_stress.csv,1.056401356788832,1.0045574758731426,0.0537075916624385,0.0555655526478641,591.7729636363637,685.2449956521739,664.2088431818182,329.8039304347826,0.7055273199950964,0.8345134552328205,1.182822311173748,20.77392857138048,0.8182885879722209,0.7217473391720751,0.8344544011491413,0.7055868798148496,0.7700203876139584,35,0.0639830891388196,False,0.9010732033782765,0.8906460300903248,1.056401356788832,1.0045574758731426,0.001108779059316706
1,69.0,1.0,1.0,1000.0,0.16961381,594.61912629,734.51153329,/home/chaoyu/phd_simulation/sensitivity_analysis/data/knit_dir_sweep/m1_th069.00_verts.csv,/home/chaoyu/phd_simulation/sensitivity_analysis/data/knit_dir_sweep/m1_th069.00_stress.csv,1.0570578165048408,1.0039572869758595,0.0537237217015852,0.0555570556852853,589.8383227272726,686.5635934782609,662.0232159090908,329.1964869565217,0.7053878507719191,0.8346051961730259,1.1831862361390288,19.80590466051672,0.8197712584242638,0.7202170928192789,0.8345490817073439,0.7054444585438583,0.7699965234724725,35,0.0639830703214248,False,0.9011217762206843,0.8904252862550599,1.0570578165048408,1.0039572869758597,0.001120226512168978
1,70.0,1.0,1.0,1000.0,0.169613,594.60924988,734.44569249,/home/chaoyu/phd_simulation/sensitivity_analysis/data/knit_dir_sweep/m1_th070.00_verts.csv,/home/chaoyu/phd_simulation/sensitivity_analysis/data/knit_dir_sweep/m1_th070.00_stress.csv,1.057789723874966,1.0034500201889227,0.0537396116799933,0.0555495264517254,587.9566636363636,687.8252043478261,659.9078590909093,328.6156195652173,0.7052506674314885,0.8346943491394,1.183542799299068,18.84045632778421,0.8211964426017481,0.7187440373426994,0.8346413422988189,0.7053041534442746,0.7699725082854443,35,0.0639794059486928,False,0.9011633782532362,0.8902111083384473,1.057789723874966,1.0034500201889227,0.0011316962581790846
1,71.0,1.0,1.0,1000.0,0.16961218,594.59847904,734.37704656,/home/chaoyu/phd_simulation/sensitivity_analysis/data/knit_dir_sweep/m1_th071.00_verts.csv,/home/chaoyu/phd_simulation/sensitivity_analysis/data/knit_dir_sweep/m1_th071.00_stress.csv,1.0585990574220023,1.003033694263275,0.053755240368913,0.0555429834673958,586.1315295454547,689.0289369565218,657.8662477272728,328.0616804347826,0.7051164052336564,0.8347803572299372,1.1838901364850725,17.877582383995104,0.8225621377578282,0.7173302539047628,0.834730605746283,0.7051666200986089,0.7699483812317968,35,0.0639726334434198,False,0.9011984347561045,0.8900040073555673,1.0585990574220023,1.003033694263275,0.0011431463692842152
1,72.0,1.0,1.0,1000.0,0.16961135,594.58685378,734.30576613,/home/chaoyu/phd_simulation/sensitivity_analysis/data/knit_dir_sweep/m1_th072.00_verts.csv,/home/chaoyu/phd_simulation/sensitivity_analysis/data/knit_dir_sweep/m1_th072.00_stress.csv,1.0594866040743074,1.002714136307465,0.0537705890681851,0.0555374245946801,584.3664522727272,690.1739282608696,655.9018159090909,327.5350260869566,0.7049855971431702,0.8348627282582555,1.1842266446880467,16.91723818631226,0.8238664959848098,0.7159776312005661,0.8348163539431277,0.7050324174666144,0.7699241627007128,35,0.0639630644682032,False,0.9012273690817415,0.8898044921349849,1.0594866040743074,1.002714136307465,0.0011545225097110445
1,73.0,1.0,1.0,1000.0,0.16961051,594.57441176,734.23202694,/home/chaoyu/phd_simulation/sensitivity_analysis/data/knit_dir_sweep/m1_th073.00_verts.csv,/home/chaoyu/phd_simulation/sensitivity_analysis/data/knit_dir_sweep/m1_th073.00_stress.csv,1.060459505705075,1.002493124224125,0.0537856442183227,0.0555328576549324,582.6649727272726,691.2593760869566,654.0178386363636,327.0359456521739,0.7048590618783094,0.8349414392944594,1.184550904502109,15.95906624495558,0.8251085517421723,0.7146879306414023,0.8348985108834373,0.7049024175566045,0.7699002505863843,35,0.0639487151791836,False,0.9012506362882255,0.8896129693107865,1.060459505705075,1.002493124224125,0.0011657872307099862
1,74.0,1.0,1.0,1000.0,0.16960965,594.5611884,734.15600911,/home/chaoyu/phd_simulation/sensitivity_analysis/data/knit_dir_sweep/m1_th074.00_verts.csv,/home/chaoyu/phd_simulation/sensitivity_analysis/data/knit_dir_sweep/m1_th074.00_stress.csv,1.0615135409745329,1.0023737936715909,0.0538003796442046,0.055529289491753,581.0305818181819,692.2845347826087,652.2175295454546,326.5647304347826,0.7047368347825119,0.8350164673257453,1.184862811354878,15.003169846137808,0.8262867468312407,0.71346272272088,0.834977039730226,0.7047766695683425,0.7698766510541286,35,0.0639318212524336,False,0.9012686098029602,0.8894299273261874,1.0615135409745327,1.0023737936715909,0.0011768797118998854
1,75.0,1.0,1.0,1000.0,0.16960879,594.54721702,734.08366619,/home/chaoyu/phd_simulation/sensitivity_analysis/data/knit_dir_sweep/m1_th075.00_verts.csv,/home/chaoyu/phd_simulation/sensitivity_analysis/data/knit_dir_sweep/m1_th075.00_stress.csv,1.0626550614470498,1.0023588424587964,0.0538147833250924,0.0555267235786773,579.4667999999999,693.2486956521738,650.5039704545454,326.12164347826086,0.7046195698367353,0.8350872119771355,1.185160401052486,14.049391794528503,0.8273994237572746,0.7123037185497977,0.8350513041881961,0.7046558635507506,0.7698533909069354,35,0.0639125812799521,False,0.901281841435163,0.8892557764532083,1.0626550614470498,1.0023588424587964,0.001187765227244661
1,76.0,1.0,1.0,1000.0,0.16960793,594.53252918,734.04837231,/home/chaoyu/phd_simulation/sensitivity_analysis/data/knit_dir_sweep/m1_th076.00_verts.csv,/home/chaoyu/phd_simulation/sensitivity_analysis/data/knit_dir_sweep/m1_th076.00_stress.csv,1.0638830684170806,1.002452247606406,0.0538288298676736,0.0555251571918315,577.9770340909091,694.1511869565217,648.8801545454545,325.70695,0.7045075472523958,0.8351534933785288,1.1854429333449397,13.097520315387158,0.8284453854530888,0.711212215557398,0.8351210851847052,0.7045403190915804,0.7698305203154623,35,0.0638907669554541,False,0.9012907216727956,0.8890909522130477,1.0638830684170806,1.002452247606406,0.001198386622360009
1,77.0,1.0,1.0,1000.0,0.16960707,594.51715503,734.01295405,/home/chaoyu/phd_simulation/sensitivity_analysis/data/knit_dir_sweep/m1_th077.00_verts.csv,/home/chaoyu/phd_simulation/sensitivity_analysis/data/knit_dir_sweep/m1_th077.00_stress.csv,1.065201759850677,1.0026537690513808,0.0538425080476781,0.055524601530703,576.5646772727273,694.9914260869566,647.3488795454545,325.3208673913044,0.7044011660085706,0.8352151382336832,1.1857094771241774,12.147525913967684,0.8294233138370685,0.7101897574477504,0.8351861846864563,0.7044304600158182,0.7698081521211269,35,0.063864840750374,False,0.9012957454491096,0.8889358030814121,1.0652017598506773,1.0026537690513808,0.0012087094395075017
1,78.0,1.0,1.0,1000.0,0.16960621,594.50112459,733.97749862,/home/chaoyu/phd_simulation/sensitivity_analysis/data/knit_dir_sweep/m1_th078.00_verts.csv,/home/chaoyu/phd_simulation/sensitivity_analysis/data/knit_dir_sweep/m1_th078.00_stress.csv,1.066615204099617,1.0029697940082951,0.0538557952378336,0.0555250491681857,575.2330090909091,695.7688500000002,645.9128727272728,324.9636065217391,0.7043007491815065,0.835272033940478,1.1859593148398293,11.199237149062668,0.8303321560519469,0.7092376075316023,0.8352464557168834,0.7043266439428081,0.7697863915609923,35,0.0638353921764612,False,0.9012973310105362,0.8887906984353727,1.066615204099617,1.0029697940082951,0.0012186777793784791
1,79.0,1.0,1.0,1000.0,0.16960535,594.48446406,733.98130891,/home/chaoyu/phd_simulation/sensitivity_analysis/data/knit_dir_sweep/m1_th079.00_verts.csv,/home/chaoyu/phd_simulation/sensitivity_analysis/data/knit_dir_sweep/m1_th079.00_stress.csv,1.0681204590331117,1.0033993640567764,0.0538686751943135,0.0555265010526895,573.9852659090909,696.4829413043478,644.5746522727272,324.63534782608696,0.7042068819919356,0.8353242977100519,1.1861916136735764,10.252423317169187,0.8311711908098264,0.7083571894939611,0.835301979497366,0.7042294922790873,0.7697655898509937,35,0.0638058443904633,False,0.9012958631763246,0.8886559949757424,1.0681204590331115,1.0033993640567764,0.0012282519759272722
1,80.0,1.0,1.0,1000.0,0.1696045,594.46720444,734.01346471,/home/chaoyu/phd_simulation/sensitivity_analysis/data/knit_dir_sweep/m1_th080.00_verts.csv,/home/chaoyu/phd_simulation/sensitivity_analysis/data/knit_dir_sweep/m1_th080.00_stress.csv,1.06972562347964,1.0039459577085987,0.0538811323511091,0.0555289587471689,572.8245227272727,697.1332239130436,643.3366136363637,324.3362913043478,0.7041196557445196,0.8353715662469158,1.1864056903277518,9.306793972571455,0.8319392965399669,0.7075493528988898,0.8353523566271062,0.7041391326527385,0.7697456109957177,35,0.0637727471110215,False,0.9012918842539356,0.8885319506712686,1.06972562347964,1.0039459577085987,0.0012373930689953546
1,81.0,1.0,1.0,1000.0,0.16960365,594.4493737,734.04570337,/home/chaoyu/phd_simulation/sensitivity_analysis/data/knit_dir_sweep/m1_th081.00_verts.csv,/home/chaoyu/phd_simulation/sensitivity_analysis/data/knit_dir_sweep/m1_th081.00_stress.csv,1.0714260052203413,1.0046108532523697,0.0538931461587455,0.0555324128574542,571.7537727272728,697.719295652174,642.2009681818181,324.06656304347825,0.7040393180164509,0.8354138035050608,1.1866010635013144,8.362590733281053,0.8326353452212258,0.706815437101184,0.8353975466307954,0.7040558170863056,0.7697265607607559,35,0.0637360846716262,False,0.9012857594458507,0.8884189033391426,1.0714260052203413,1.0046108532523697,0.0012460674571527428
1,82.0,1.0,1.0,1000.0,0.16960282,594.43100118,734.07795575,/home/chaoyu/phd_simulation/sensitivity_analysis/data/knit_dir_sweep/m1_th082.00_verts.csv,/home/chaoyu/phd_simulation/sensitivity_analysis/data/knit_dir_sweep/m1_th082.00_stress.csv,1.0732267693003994,1.0053946400571212,0.0539047035371612,0.0555368639181192,570.7757954545455,698.2407739130434,641.1697454545455,323.8263130434783,0.7039658323575761,0.8354505383692953,1.1867771132746283,7.419216564581404,0.833258447188392,0.706155824229657,0.8354370302912456,0.7039795575674088,0.7697081853634358,35,0.0636987915755407,False,0.9012778476171879,0.8883170804969974,1.0732267693003994,1.0053946400571212,0.0012542268017300571
1,83.0,1.0,1.0,1000.0,0.169602,594.41211696,734.11014967,/home/chaoyu/phd_simulation/sensitivity_analysis/data/knit_dir_sweep/m1_th083.00_verts.csv,/home/chaoyu/phd_simulation/sensitivity_analysis/data/knit_dir_sweep/m1_th083.00_stress.csv,1.0751280937558485,1.0063026984891394,0.0539157938070269,0.055542305789275,569.8932295454545,698.6973413043479,640.2448159090909,323.6156826086957,0.7038993768105898,0.8354822516238013,1.186934211263862,6.47679716949304,0.8338082183616669,0.7055715569807157,0.8354712810376813,0.7039105395546704,0.7696908142171955,35,0.0636590021378526,False,0.9012685800485398,0.8882268137832117,1.0751280937558485,1.0063026984891394,0.001261844502112837
1,84.0,1.0,1.0,1000.0,0.1696012,594.39275194,734.14221021,/home/chaoyu/phd_simulation/sensitivity_analysis/data/knit_dir_sweep/m1_th084.00_verts.csv,/home/chaoyu/phd_simulation/sensitivity_analysis/data/knit_dir_sweep/m1_th084.00_stress.csv,1.077133568531097,1.007332464008702,0.0539263916273144,0.0555487332094251,569.1085295454546,699.0886891304348,639.4278136363636,323.43474565217394,0.7038406534277198,0.8355090659366684,1.1870713376212647,5.535022592004765,0.8342842733859331,0.70506384532948,0.8355003956034884,0.7038494912556752,0.7696748596821941,35,0.0636185033039002,False,0.9012581662950561,0.8881481583986275,1.077133568531097,1.007332464008702,0.001268884759099403
1,85.0,1.0,1.0,1000.0,0.16960042,594.37293781,734.1740601,/home/chaoyu/phd_simulation/sensitivity_analysis/data/knit_dir_sweep/m1_th085.00_verts.csv,/home/chaoyu/phd_simulation/sensitivity_analysis/data/knit_dir_sweep/m1_th085.00_stress.csv,1.0792432661643672,1.0084859779727349,0.0539364873425255,0.0555561301875328,568.4239045454545,699.4146086956521,638.7202113636363,323.2836217391304,0.7037892791234338,0.8355305176759877,1.1871884702714384,4.593687736573315,0.8346856156978314,0.7046328389907133,0.8355238934972296,0.7037960466186534,0.7696598983997107,35,0.0635758996004827,False,0.9012470618619548,0.888081406053281,1.0792432661643672,1.0084859779727349,0.0012753200788927798
1,86.0,1.0,1.0,1000.0,0.16959965,594.35270696,734.20562017,/home/chaoyu/phd_simulation/sensitivity_analysis/data/knit_dir_sweep/m1_th086.00_verts.csv,/home/chaoyu/phd_simulation/sensitivity_analysis/data/knit_dir_sweep/m1_th086.00_stress.csv,1.0814593077949168,1.0097661144173735,0.0539460684242765,0.0555644999051063,567.841340909091,699.6748847826087,638.1232704545454,323.16237173913044,0.7037454346701603,0.8355470074192557,1.187285865393741,3.652605827028424,0.8350121610471478,0.7042792033781149,0.8355421628428998,0.7037503990333251,0.7696462210447079,35,0.0635329061795519,False,0.9012354526344318,0.8880266918994856,1.0814593077949168,1.0097661144173737,0.001281130084185852
1,87.0,1.0,1.0,1000.0,0.16959891,594.33209227,734.23680974,/home/chaoyu/phd_simulation/sensitivity_analysis/data/knit_dir_sweep/m1_th087.00_verts.csv,/home/chaoyu/phd_simulation/sensitivity_analysis/data/knit_dir_sweep/m1_th087.00_stress.csv,1.083778109525822,1.0111716222831304,0.0539551193986605,0.055573829860324,567.3625636363636,699.8693782608697,637.6380386363636,323.0710478260869,0.7037087865066961,0.8355581463785463,1.1873635265041496,2.7118202802142832,0.8352630487827811,0.7040030765479915,0.8355548113890003,0.703712218478608,0.7696334664426212,35,0.0634880189096799,False,0.9012235861633349,0.8879841713698742,1.083778109525822,1.0111716222831304,0.001286289234385835
1,88.0,1.0,1.0,1000.0,0.16959819,594.31112676,734.26754716,/home/chaoyu/phd_simulation/sensitivity_analysis/data/knit_dir_sweep/m1_th088.00_verts.csv,/home/chaoyu/phd_simulation/sensitivity_analysis/data/knit_dir_sweep/m1_th088.00_stress.csv,1.0862055155498715,1.012704926164463,0.0539636307271435,0.0555841003402821,566.989,699.9979826086958,637.2653522727273,323.00971086956525,0.703679535692571,0.8355648338597422,1.1874223868644522,1.7709754389206296,0.8354388913809758,0.7038049462055342,0.8355627269334651,0.7036817177313773,0.7696221847761566,35,0.0634431237667694,False,0.9012116488748869,0.8879538985756021,1.0862055155498715,1.012704926164463,0.0012907830872537288
1,89.0,1.0,1.0,1000.0,0.1695975,594.28984328,734.29775029,/home/chaoyu/phd_simulation/sensitivity_analysis/data/knit_dir_sweep/m1_th089.00_verts.csv,/home/chaoyu/phd_simulation/sensitivity_analysis/data/knit_dir_sweep/m1_th089.00_stress.csv,1.0887411207124325,1.0143647536872396,0.0539715882910322,0.0555953052067704,568.3855688888889,700.0606173913044,639.28476,322.97837608695653,0.7036575585913571,0.8355664745992661,1.18746180496089,0.8299836911781142,0.835538800662635,0.7036849813764258,0.8355653133027766,0.7036587741709602,0.7696120165953116,35,0.0633973291580782,False,0.9011998129090323,0.8879359148330895,1.0887411207124325,1.0143647536872396,0.00129459317696951
1,90.0,1.0,1.0,1000.0,0.16959683,594.26827413,734.32733704,/home/chaoyu/phd_simulation/sensitivity_analysis/data/knit_dir_sweep/m1_th090.00_verts.csv,/home/chaoyu/phd_simulation/sensitivity_analysis/data/knit_dir_sweep/m1_th090.00_stress.csv,1.0913834032311645,1.0161521167360013,0.0539789792826611,0.0556074338694555,568.2401555555556,700.0572891304349,639.1543733333333,322.9770673913044,0.7036427894211406,0.8355634314084049,1.1874824043827557,179.8886914044773,0.8355629336063692,0.7036433218385806,0.8355629336063692,0.7036433218385806,0.7696031104147727,35,0.0633515366191175,False,0.9011881330566069,0.887930375731493,1.0913834032311645,1.0161521167360013,0.001297708915755853
2,0.0,1.0,1.0,1000.0,0.18705285,494.97982239,624.88942115,/home/chaoyu/phd_simulation/sensitivity_analysis/data/knit_dir_sweep/m2_th000.00_verts.csv,/home/chaoyu/phd_simulation/sensitivity_analysis/data/knit_dir_sweep/m2_th000.00_stress.csv,1.2064380232724576,1.1482964634585544,0.0531648546930921,0.0566018157663331,567.219234090909,498.4900304347826,642.0565227272727,448.9587456521738,0.8065190424285268,0.8704535285880781,1.0792721346876533,90.20869135243106,0.8065199292547403,0.8704526802741586,0.8704526802741586,0.8065199292547403,0.8384862855083024,35,0.072815895734608,False,0.9678387978536355,0.972085283679562,1.2064380232724576,1.1482964634585544,0.001138821025899427
2,1.0,1.0,1.0,1000.0,0.18705295,494.99219818,624.87459061,/home/chaoyu/phd_simulation/sensitivity_analysis/data/knit_dir_sweep/m2_th001.00_verts.csv,/home/chaoyu/phd_simulation/sensitivity_analysis/data/knit_dir_sweep/m2_th001.00_stress.csv,1.2044546316880465,1.1468627337594532,0.053160723014285,0.0565938967623144,567.2431522727273,498.5325782608695,642.1018,448.9124673913044,0.8065173974401207,0.8704549869621764,1.0792761442282497,89.10065882313373,0.8065329881590214,0.8704392331617681,0.8704547895942781,0.8065176129580771,0.8384861922011486,35,0.0727951183310604,False,0.9678435517021275,0.9720844205026186,1.2044546316880465,1.1468627337594532,0.0011374723646126006
2,2.0,1.0,1.0,1000.0,0.18705303,495.00513186,624.85855141,/home/chaoyu/phd_simulation/sensitivity_analysis/data/knit_dir_sweep/m2_th002.00_verts.csv,/home/chaoyu/phd_simulation/sensitivity_analysis/data/knit_dir_sweep/m2_th002.00_stress.csv,1.2024862669146097,1.145431716520213,0.0531569121905617,0.0565855278847252,567.2298477272728,498.62376739130434,642.0752772727272,448.8124826086956,0.806510807740356,0.8704614213481934,1.0792929406451617,87.99335306709847,0.8065888647241353,0.8703830014672718,0.8704614204873844,0.806510807841991,0.8384861145442747,35,0.0727744466677255,False,0.9678537177500923,0.9720826931921311,1.2024862669146097,1.145431716520213,0.0011359251376991376
2,3.0,1.0,1.0,1000.0,0.18705312,495.01860534,624.84132795,/home/chaoyu/phd_simulation/sensitivity_analysis/data/knit_dir_sweep/m2_th003.00_verts.csv,/home/chaoyu/phd_simulation/sensitivity_analysis/data/knit_dir_sweep/m2_th003.00_stress.csv,1.2005395875464426,1.1440044268155067,0.053153424376445,0.0565767140878072,567.1793136363636,498.7634326086956,641.9769386363636,448.6589521739131,0.8064999328804955,0.8704725382921393,1.0793212780355224,86.88683337038267,0.8066880798956555,0.8702838305539418,0.8704722886878109,0.8065001643263733,0.8384862355863174,35,0.0727513346228533,False,0.9678692382096571,0.9720801069106387,1.2005395875464426,1.1440044268155067,0.0011341902823302258
2,4.0,1.0,1.0,1000.0,0.18705321,495.03259953,624.82294728,/home/chaoyu/phd_simulation/sensitivity_analysis/data/knit_dir_sweep/m2_th004.00_verts.csv,/home/chaoyu/phd_simulation/sensitivity_analysis/data/knit_dir_sweep/m2_th004.00_stress.csv,1.1986111108825823,1.1425836312389148,0.0531502727721596,0.0565674749022891,567.0916,498.9513086956522,641.8068522727274,448.4521130434783,0.8064839969398605,0.8704880665294134,1.0793618594199157,85.78161631672954,0.8068296060438622,0.8701417011544209,0.870487136557109,0.8064848929888272,0.838486031734637,35,0.0727278197416548,False,0.9678901625790898,0.9720766602977948,1.1986111108825825,1.1425836312389148,0.0011322702637609722
2,5.0,1.0,1.0,1000.0,0.18705329,495.04709433,624.80343909,/home/chaoyu/phd_simulation/sensitivity_analysis/data/knit_dir_sweep/m2_th005.00_verts.csv,/home/chaoyu/phd_simulation/sensitivity_analysis/data/knit_dir_sweep/m2_th005.00_stress.csv,1.1967048990869968,1.1411696480367242,0.0531474514426285,0.0565578186349078,566.966781818182,499.18703695652175,641.5651590909091,448.1922847826087,0.8064640861440829,0.8705079225657293,1.0794131288943771,84.67758286828203,0.8070142823502158,0.8699567769971319,0.870505894251173,0.8064660664174317,0.8384860043549061,35,0.0727033321164396,False,0.9679163917957523,0.972072279306337,1.1967048990869968,1.1411696480367242,0.0011301565681869205
2,6.0,1.0,1.0,1000.0,0.18705337,495.0620687,624.78283555,/home/chaoyu/phd_simulation/sensitivity_analysis/data/knit_dir_sweep/m2_th006.00_verts.csv,/home/chaoyu/phd_simulation/sensitivity_analysis/data/knit_dir_sweep/m2_th006.00_stress.csv,1.1948232704215782,1.1397642644359038,0.053144966878261,0.0565477551785562,566.8049340909091,499.4701913043479,641.2520659090908,447.8798804347828,0.8064398701822781,0.8705324268404709,1.0794759275030712,83.57489051876404,0.8072414599844261,0.8697296972380536,0.8705288980196512,0.8064433385416986,0.8384861485113746,35,0.0726758639648009,False,0.9679479282863804,0.9720669167981548,1.1948232704215782,1.1397642644359038,0.0011278695984066095
2,7.0,1.0,1.0,1000.0,0.18705345,495.07750068,624.76117132,/home/chaoyu/phd_simulation/sensitivity_analysis/data/knit_dir_sweep/m2_th007.00_verts.csv,/home/chaoyu/phd_simulation/sensitivity_analysis/data/knit_dir_sweep/m2_th007.00_stress.csv,1.192967257864783,1.138366646758372,0.0531428215610582,0.0565372963703794,566.606209090909,499.80020869565226,640.8678431818181,447.5154173913043,0.8064115720838577,0.8705608138526998,1.079549009450687,82.47385926362666,0.8075109215308368,0.8694601370704785,0.8705554036500895,0.8064169111689804,0.8384861929682788,35,0.0726497059433658,False,0.9679846703394901,0.9720605657877627,1.192967257864783,1.138366646758372,0.001125417867111711
2,8.0,1.0,1.0,1000.0,0.18705353,495.09336747,624.7384834,/home/chaoyu/phd_simulation/sensitivity_analysis/data/knit_dir_sweep/m2_th008.00_verts.csv,/home/chaoyu/phd_simulation/sensitivity_analysis/data/knit_dir_sweep/m2_th008.00_stress.csv,1.191137413510056,1.136977922471194,0.0531410147719157,0.0565264589172258,566.3707454545455,500.176493478261,640.4128613636365,447.0994500000001,0.8063789829271871,0.8705932798031332,1.079632899958337,81.37442618450649,0.8078220730446591,0.8691486778732059,0.8705856237702098,0.8063865589538457,0.8384861313651601,35,0.0726214748206227,False,0.9680265784295888,0.9720531385206462,1.1911374135100559,1.136977922471194,0.001122802682849615
2,9.0,1.0,1.0,1000.0,0.18705361,495.10964542,624.71481108,/home/chaoyu/phd_simulation/sensitivity_analysis/data/knit_dir_sweep/m2_th009.00_verts.csv,/home/chaoyu/phd_simulation/sensitivity_analysis/data/knit_dir_sweep/m2_th009.00_stress.csv,1.1893348297515165,1.1356005078134457,0.0531395547716561,0.0565152554326706,566.0987636363636,500.5983108695653,639.8875272727272,446.6326652173913,0.8063425398427319,0.8706297809480766,1.0797269620896888,80.27679454612071,0.8081748303487762,0.8687957974079986,0.8706195371967566,0.8063526964993301,0.8384861603954042,35,0.0725927489683784,False,0.9680735661419874,0.9720445361642086,1.1893348297515163,1.1356005078134455,0.0011200326877773533
2,10.0,1.0,1.0,1000.0,0.18705369,495.12631008,624.69019583,/home/chaoyu/phd_simulation/sensitivity_analysis/data/knit_dir_sweep/m2_th010.00_verts.csv,/home/chaoyu/phd_simulation/sensitivity_analysis/data/knit_dir_sweep/m2_th010.00_stress.csv,1.1875616060614833,1.1342362811040223,0.0531384337335438,0.0565036940127166,565.7904795454547,501.0649021739131,639.2923227272727,446.1157847826087,0.8063027373311238,0.8706700412313217,1.0798301939458308,79.18122184570271,0.8085690582484312,0.8684018495347045,0.8706568949242514,0.8063157912861066,0.8384863892812228,35,0.0725642104375955,False,0.9681255039238562,0.972034752290028,1.1875616060614833,1.1342362811040223,0.001117116504877498
2,11.0,1.0,1.0,1000.0,0.18705376,495.14333631,624.66468117,/home/chaoyu/phd_simulation/sensitivity_analysis/data/knit_dir_sweep/m2_th011.00_verts.csv,/home/chaoyu/phd_simulation/sensitivity_analysis/data/knit_dir_sweep/m2_th011.00_stress.csv,1.1858188384784702,1.1328801560880295,0.0531376574397493,0.0564917896937043,565.4461750000002,501.5753630434782,638.6278181818182,445.5496413043479,0.8062592266589981,0.8707140732727106,1.0799430809378796,78.08744326921776,0.8090039690910293,0.8679672858859524,0.8706977210945561,0.8062754830201107,0.8384866499658543,35,0.0725338516165821,False,0.9681823448178206,0.9720236761121365,1.1858188384784702,1.1328801560880297,0.0011140634791003575
2,12.0,1.0,1.0,1000.0,0.18705384,495.16069822,624.63831259,/home/chaoyu/phd_simulation/sensitivity_analysis/data/knit_dir_sweep/m2_th012.00_verts.csv,/home/chaoyu/phd_simulation/sensitivity_analysis/data/knit_dir_sweep/m2_th012.00_stress.csv,1.1841068932900405,1.1315396478184705,0.0531372243472358,0.0564795647706251,565.0661318181818,502.1287847826087,637.8946681818182,444.93512826086953,0.8062124720416572,0.8707614969954002,1.0800645328523368,76.99597840541583,0.8094791610763438,0.8674925926472566,0.8707416739802907,0.8062321976105714,0.8384869845185288,35,0.0725042306888075,False,0.968243962848335,0.972011240331788,1.1841068932900403,1.1315396478184703,0.0011108895705905053
2,13.0,1.0,1.0,1000.0,0.18705391,495.17836931,624.61113741,/home/chaoyu/phd_simulation/sensitivity_analysis/data/knit_dir_sweep/m2_th013.00_verts.csv,/home/chaoyu/phd_simulation/sensitivity_analysis/data/knit_dir_sweep/m2_th013.00_stress.csv,1.1824275669964242,1.1302102315590217,0.053137131167575,0.0564670264546249,564.650675,502.724152173913,637.0935659090909,444.2732108695652,0.8061618679895479,0.8708122108121225,1.0801952379412378,75.9065506813199,0.8099935255957482,0.8669781714279399,0.8707886627574996,0.8061853187544615,0.8384870394008352,35,0.0724746156317857,False,0.9683101928473333,0.9719973126679212,1.1824275669964242,1.1302102315590217,0.0011076046909768598
2,14.0,1.0,1.0,1000.0,0.18705399,495.19632246,624.58359631,/home/chaoyu/phd_simulation/sensitivity_analysis/data/knit_dir_sweep/m2_th014.00_verts.csv,/home/chaoyu/phd_simulation/sensitivity_analysis/data/knit_dir_sweep/m2_th014.00_stress.csv,1.1807813736341384,1.1288943942877865,0.0531373793856385,0.0564541927891371,564.2001909090909,503.36038043478254,636.2252704545454,443.56492608695646,0.8061085738428462,0.8708665428299013,1.0803340531143883,74.81945727205621,0.8105473291504347,0.8664252433712967,0.8708390489578868,0.8061359723700044,0.8384875583363738,35,0.0724441582097463,False,0.968380925740695,0.9719818457041336,1.1807813736341384,1.1288943942877863,0.0011042170342151392
2,15.0,1.0,1.0,1000.0,0.18705406,495.21452997,624.57914881,/home/chaoyu/phd_simulation/sensitivity_analysis/data/knit_dir_sweep/m2_th015.00_verts.csv,/home/chaoyu/phd_simulation/sensitivity_analysis/data/knit_dir_sweep/m2_th015.00_stress.csv,1.1791702378417288,1.127591067317364,0.053137968970502,0.0564410789698097,563.7150454545454,504.0363391304347,635.2906499999999,442.8113891304348,0.8060523170924548,0.8709237389157702,1.0804804110697377,73.73460964846409,0.811139561109932,0.8658337925963279,0.8708920962140525,0.8060838681427853,0.8384880280041125,35,0.072414603440447,False,0.9684560429419846,0.971964722582954,1.1791702378417288,1.1275910673173641,0.0011007461454239182
2,16.0,1.0,1.0,1000.0,0.18705414,495.23296365,624.57507531,/home/chaoyu/phd_simulation/sensitivity_analysis/data/knit_dir_sweep/m2_th016.00_verts.csv,/home/chaoyu/phd_simulation/sensitivity_analysis/data/knit_dir_sweep/m2_th016.00_stress.csv,1.177592040498446,1.126300955612323,0.0531388933349413,0.0564276990358828,563.1956795454545,504.7508282608696,634.2906136363637,442.0137673913045,0.8059928538641175,0.870984044588302,1.0806349465911536,72.65219071132181,0.8117691125460925,0.8652049297921282,0.8709480801028694,0.806028732114122,0.8384884492262097,35,0.0723851555842293,False,0.9685353735778496,0.9719458499707037,1.177592040498446,1.1263009556123227,0.0010972021771417156
2,17.0,1.0,1.0,1000.0,0.18705421,495.25159486,624.57137627,/home/chaoyu/phd_simulation/sensitivity_analysis/data/knit_dir_sweep/m2_th017.00_verts.csv,/home/chaoyu/phd_simulation/sensitivity_analysis/data/knit_dir_sweep/m2_th017.00_stress.csv,1.1760490316696597,1.1250230034799509,0.0531401479261326,0.0564140691933294,562.6425522727272,505.50259565217374,633.2261522727273,441.1732999999999,0.8059310058932715,0.8710472707107771,1.080796326659914,71.57197684252486,0.8124360306180441,0.8645392405079653,0.8710068211916159,0.8059713762592392,0.8384891383020243,35,0.072355158324756,False,0.9686187708324425,0.9719251037941601,1.1760490316696597,1.1250230034799509,0.0010936026198820844
2,18.0,1.0,1.0,1000.0,0.18705429,495.27039451,624.56805199,/home/chaoyu/phd_simulation/sensitivity_analysis/data/knit_dir_sweep/m2_th018.00_verts.csv,/home/chaoyu/phd_simulation/sensitivity_analysis/data/knit_dir_sweep/m2_th018.00_stress.csv,1.1745412511306548,1.1237596462152248,0.0531417372205692,0.0564002107933778,562.0561636363636,506.2903391304347,632.0983181818182,440.2912739130435,0.8058660107133556,0.8711127413284725,1.080964738241485,70.49428220793544,0.813138471330439,0.8638371304593909,0.8710676814666181,0.8059110001398676,0.838489376020914,35,0.0723243725832858,False,0.9687060132949759,0.9719024567782991,1.1745412511306548,1.1237596462152248,0.0010899471444635257
2,19.0,1.0,1.0,1000.0,0.18705436,495.28933316,624.58636329,/home/chaoyu/phd_simulation/sensitivity_analysis/data/knit_dir_sweep/m2_th019.00_verts.csv,/home/chaoyu/phd_simulation/sensitivity_analysis/data/knit_dir_sweep/m2_th019.00_stress.csv,1.173071006900247,1.1225067580565675,0.0531436525010512,0.0563861348955172,561.4370250000001,507.1127152173913,630.9082477272727,439.3690478260871,0.8057988578222776,0.8711813727020545,1.081139994485072,69.41902482765828,0.81387654972284,0.8631003904632467,0.8711315937337737,0.805848576650764,0.838490115262166,35,0.0722946853239563,False,0.9687969951135819,0.9718777040886897,1.173071006900247,1.1225067580565677,0.0010862681518397223
2,20.0,1.0,1.0,1000.0,0.18705443,495.30838109,624.60951562,/home/chaoyu/phd_simulation/sensitivity_analysis/data/knit_dir_sweep/m2_th020.00_verts.csv,/home/chaoyu/phd_simulation/sensitivity_analysis/data/knit_dir_sweep/m2_th020.00_stress.csv,1.1716398040798444,1.1212706989240422,0.053145890371349,0.0563718626642631,560.7856840909091,507.9683413043478,629.6571250000001,438.40802608695657,0.8057292959836683,0.8712521452192866,1.0813211702270615,68.34618190452925,0.8146489774617712,0.8623290380975421,0.8711975578227449,0.8057838350532538,0.8384907206014774,35,0.0722662478235472,False,0.9688915027274518,0.9718507830628725,1.1716398040798444,1.1212706989240422,0.0010825779905343337
2,21.0,1.0,1.0,1000.0,0.1870545,495.32750827,624.63247309,/home/chaoyu/phd_simulation/sensitivity_analysis/data/knit_dir_sweep/m2_th021.00_verts.csv,/home/chaoyu/phd_simulation/sensitivity_analysis/data/knit_dir_sweep/m2_th021.00_stress.csv,1.1702437903231089,1.1200458324892286,0.0531484455726059,0.056357408256221,560.1027840909092,508.8558086956522,628.3462136363637,437.40965217391306,0.8056574109791681,0.8713255169317945,1.0815087220172352,67.2757497670461,0.8154548923365555,0.8615244794978029,0.8712660509033592,0.8057168419512645,0.8384914639554812,35,0.0722376773691303,False,0.9689893259114175,0.9718216325489444,1.1702437903231087,1.1200458324892286,0.001078882115485639
2,22.0,1.0,1.0,1000.0,0.18705457,495.34668451,624.65519255,/home/chaoyu/phd_simulation/sensitivity_analysis/data/knit_dir_sweep/m2_th022.00_verts.csv,/home/chaoyu/phd_simulation/sensitivity_analysis/data/knit_dir_sweep/m2_th022.00_stress.csv,1.1688863866738357,1.118833146940518,0.0531513143460682,0.0563427892439462,559.3888954545455,509.773647826087,626.9768636363636,436.37543478260864,0.8055833116695778,0.8714009351101039,1.0817018208881692,66.20787386211529,0.8162931516480825,0.8606874135955739,0.8713365503963363,0.8056476759889203,0.8384921233898408,35,0.0722104963110353,False,0.9690902666093801,0.9717901899384663,1.1688863866738355,1.118833146940518,0.001075198841860768
2,23.0,1.0,1.0,1000.0,0.18705463,495.36587947,624.67763107,/home/chaoyu/phd_simulation/sensitivity_analysis/data/knit_dir_sweep/m2_th023.00_verts.csv,/home/chaoyu/phd_simulation/sensitivity_analysis/data/knit_dir_sweep/m2_th023.00_stress.csv,1.1675649596105413,1.117633896636038,0.0531544902849326,0.0563280268903139,558.6447,510.7203782608696,625.55045,435.30691304347823,0.8055070601235581,0.8714783787222983,1.0819003604867483,65.14234643338256,0.8171628966936828,0.8598187401832577,0.871409039740639,0.8055763946910208,0.8384927194229281,35,0.0721835080179652,False,0.9691942107110224,0.9717562778237817,1.1675649596105413,1.117633896636038,0.0010715499972362098
2,24.0,1.0,1.0,1000.0,0.1870547,495.38506271,624.69974605,/home/chaoyu/phd_simulation/sensitivity_analysis/data/knit_dir_sweep/m2_th024.00_verts.csv,/home/chaoyu/phd_simulation/sensitivity_analysis/data/knit_dir_sweep/m2_th024.00_stress.csv,1.166284974577401,1.1164470465436285,0.0531579680013477,0.0563131352143973,557.8708659090909,511.6944847826088,624.06845,434.2056630434783,0.8054289186502959,0.8715584023321635,1.0821046800662244,64.07932547393084,0.8180632016406886,0.8589202020351344,0.8714841030077298,0.8055032307868494,0.8384936604912296,35,0.0721577440774024,False,0.9693008246649194,0.9717198561485602,1.166284974577401,1.1164470465436285,0.0010679458165573695
2,25.0,1.0,1.0,1000.0,0.18705476,495.4042038,624.7214954,/home/chaoyu/phd_simulation/sensitivity_analysis/data/knit_dir_sweep/m2_th025.00_verts.csv,/home/chaoyu/phd_simulation/sensitivity_analysis/data/knit_dir_sweep/m2_th025.00_stress.csv,1.1650432229625454,1.1152731753038836,0.0531617406863103,0.0562981312877534,557.0681363636364,512.694445652174,622.5324,433.07330869565214,0.8053485002681946,0.8716398869888964,1.0823139134159008,63.018724081583294,0.8189924824362521,0.8579918773607975,0.8715606334817739,0.8054277849829654,0.8384941936285455,35,0.0721325755354104,False,0.9694099740195831,0.9716808535122305,1.1650432229625454,1.1152731753038836,0.0010643966965770322
2,26.0,1.0,1.0,1000.0,0.18705482,495.42327233,624.74283761,/home/chaoyu/phd_simulation/sensitivity_analysis/data/knit_dir_sweep/m2_th026.00_verts.csv,/home/chaoyu/phd_simulation/sensitivity_analysis/data/knit_dir_sweep/m2_th026.00_stress.csv,1.1638410852386545,1.1141111302381594,0.0531658052975903,0.0562830417799028,556.2372477272727,513.7187304347825,620.9438886363636,431.911497826087,0.8052664243688095,0.8717231063812936,1.0825275710018267,61.96044318015575,0.8199501998447736,0.8570351985377075,0.8716389143499782,0.8053506670960361,0.8384947653750515,35,0.0721079810607794,False,0.969521408926462,0.971639186481047,1.1638410852386543,1.1141111302381594,0.0010609256735851337
2,27.0,1.0,1.0,1000.0,0.18705488,495.44223801,624.76373192,/home/chaoyu/phd_simulation/sensitivity_analysis/data/knit_dir_sweep/m2_th027.00_verts.csv,/home/chaoyu/phd_simulation/sensitivity_analysis/data/knit_dir_sweep/m2_th027.00_stress.csv,1.162678055834079,1.1129615329793066,0.0531701500733074,0.0562678715141497,555.3789954545454,514.7657586956522,619.304590909091,430.7219108695652,0.8051821503693155,0.8718086370629643,1.0827470984833545,60.90473739098292,0.820934615285433,0.8560519401148382,0.8717195583654144,0.8052713002529759,0.8384953937161399,35,0.0720838199599112,False,0.9696349411119646,0.9715948063601489,1.162678055834079,1.1129615329793066,0.0010575409757974505
2,28.0,1.0,1.0,1000.0,0.18705493,495.46107073,624.7841384,/home/chaoyu/phd_simulation/sensitivity_analysis/data/knit_dir_sweep/m2_th028.00_verts.csv,/home/chaoyu/phd_simulation/sensitivity_analysis/data/knit_dir_sweep/m2_th028.00_stress.csv,1.1615550415820426,1.1118244964382953,0.0531747741140179,0.0562526500845402,553.907711627907,515.8339717391304,616.714511627907,429.50624130434784,0.8050963394895099,0.8718957380993092,1.0829706897588869,59.85132481609943,0.8219451212644258,0.8550426299681723,0.8718018191013652,0.8051903510907464,0.8384960387944096,35,0.07206204130647,False,0.9697503162572269,0.9715475924894476,1.1615550415820426,1.1118244964382953,0.0010542561512373982
2,29.0,1.0,1.0,1000.0,0.18705498,495.47974061,624.80401812,/home/chaoyu/phd_simulation/sensitivity_analysis/data/knit_dir_sweep/m2_th029.00_verts.csv,/home/chaoyu/phd_simulation/sensitivity_analysis/data/knit_dir_sweep/m2_th029.00_stress.csv,1.1604712304867435,1.1106999778605156,0.0531796608711967,0.0562373920800381,552.9884162790696,516.9217760869565,614.961476744186,428.2662304347826,0.8050086356667668,0.871984117978078,1.0831984643939094,58.80045207340761,0.8229798560331479,0.8540084823232384,0.8718854419791084,0.8051074265131802,0.8384963768224224,35,0.0720408042052339,False,0.9698673413618941,0.9714976150060317,1.1604712304867435,1.1106999778605156,0.001051093579873637
2,30.0,1.0,1.0,1000.0,0.18705502,495.49821811,624.82333323,/home/chaoyu/phd_simulation/sensitivity_analysis/data/knit_dir_sweep/m2_th030.00_verts.csv,/home/chaoyu/phd_simulation/sensitivity_analysis/data/knit_dir_sweep/m2_th030.00_stress.csv,1.159427831333297,1.1095847478259098,0.0531848089562153,0.0562221088829006,552.0440860465117,518.0276217391304,613.1626255813953,427.0036173913045,0.804919289571262,0.8720745791088873,1.0834310848400657,57.75201276835498,0.8240380373636452,0.8529513324843407,0.8719712348571995,0.8050227716571009,0.8384969343400747,35,0.0720196925623596,False,0.9699857343059559,0.9714447599677036,1.159427831333297,1.1095847478259098,0.0010480512206798211
2,31.0,1.0,1.0,1000.0,0.18705506,495.51647405,624.84204712,/home/chaoyu/phd_simulation/sensitivity_analysis/data/knit_dir_sweep/m2_th031.00_verts.csv,/home/chaoyu/phd_simulation/sensitivity_analysis/data/knit_dir_sweep/m2_th031.00_stress.csv,1.158425727046957,1.1084843211587694,0.0531902151025098,0.0562068331433347,551.0756162790699,519.1498956521739,611.3198697674417,425.72016086956535,0.804828270738366,0.8721665158884389,1.0836678426918271,56.705869480227605,0.8251183229264785,0.8518718867534223,0.8720585948307883,0.804936353275993,0.8384973933134025,35,0.0720009385184258,False,0.9701053008852917,0.9713890120461213,1.1584257270469567,1.1084843211587694,0.0010451568587095561
2,32.0,1.0,1.0,1000.0,0.18705509,495.53447972,624.86012449,/home/chaoyu/phd_simulation/sensitivity_analysis/data/knit_dir_sweep/m2_th032.00_verts.csv,/home/chaoyu/phd_simulation/sensitivity_analysis/data/knit_dir_sweep/m2_th032.00_stress.csv,1.1574637002543613,1.107395177817736,0.0531958617683554,0.0561915696070531,550.0839674418604,520.2870239130434,609.4351906976743,424.4176369565217,0.8047354146304433,0.8722596497211293,1.083908616252082,55.66215846354503,0.8262190376613102,0.8507713771155021,0.8721472700131254,0.8048479800242436,0.8384975321757864,35,0.0719823198516195,False,0.9702258627981363,0.9713303182080274,1.1574637002543613,1.107395177817736,0.0010424163912817238
2,33.0,1.0,1.0,1000.0,0.18705512,495.55220694,624.87753149,/home/chaoyu/phd_simulation/sensitivity_analysis/data/knit_dir_sweep/m2_th033.00_verts.csv,/home/chaoyu/phd_simulation/sensitivity_analysis/data/knit_dir_sweep/m2_th033.00_stress.csv,1.1565411528623684,1.1063183133835903,0.0532017433290343,0.0561763437870378,549.0701186046512,521.4374217391304,607.5106418604651,423.0978282608695,0.8046409808333415,0.8723541671595483,1.084153290646567,54.62090233896277,0.8273390364760177,0.8496513948079164,0.8722374630795467,0.8047578952633874,0.8384975739964449,35,0.0719656043254085,False,0.9703470818153899,0.9712687508056564,1.1565411528623684,1.1063183133835903,0.0010398389846860956
2,34.0,1.0,1.0,1000.0,0.18705514,495.56962812,624.89423584,/home/chaoyu/phd_simulation/sensitivity_analysis/data/knit_dir_sweep/m2_th034.00_verts.csv,/home/chaoyu/phd_simulation/sensitivity_analysis/data/knit_dir_sweep/m2_th034.00_stress.csv,1.1556607449633298,1.105253353410368,0.0532078548408973,0.0561611683140612,548.0350697674419,522.5995391304347,605.5483046511628,421.7625304347827,0.8045446706408699,0.8724500494404211,1.0844022479764366,53.581931184613936,0.8284769374739411,0.8485130042444423,0.8723291511594975,0.8046658043180561,0.8384973600406456,35,0.0719495845621754,False,0.9704688615725053,0.9712042507510682,1.1556607449633298,1.105253353410368,0.001037436058739965
2,35.0,1.0,1.0,1000.0,0.18705515,495.58671635,624.91020688,/home/chaoyu/phd_simulation/sensitivity_analysis/data/knit_dir_sweep/m2_th035.00_verts.csv,/home/chaoyu/phd_simulation/sensitivity_analysis/data/knit_dir_sweep/m2_th035.00_stress.csv,1.1548225365062794,1.1042028765907217,0.0532141854044128,0.0561460739598453,546.9798534883721,523.7717760869565,603.5503651162791,420.4135282608696,0.8044470656908337,0.8725472083994096,1.0846545976895243,52.54560639112908,0.829631295158164,0.8473581444814291,0.8724222959286977,0.804572238851237,0.8384971370451216,35,0.0719351847597891,False,0.9705908363983686,0.9711368518804626,1.1548225365062794,1.1042028765907215,0.0010352181805240966
2,36.0,1.0,1.0,1000.0,0.18705516,495.60344546,624.92541573,/home/chaoyu/phd_simulation/sensitivity_analysis/data/knit_dir_sweep/m2_th036.00_verts.csv,/home/chaoyu/phd_simulation/sensitivity_analysis/data/knit_dir_sweep/m2_th036.00_stress.csv,1.1540246778779435,1.1031652924700006,0.053220725418173,0.0561310654735636,545.9055418604653,524.952597826087,601.5189976744185,419.0526173913042,0.8043479037209442,0.8726457757066215,1.0849108596786647,51.51156373098475,0.8308009958189451,0.8461877985832911,0.8725170039665091,0.8044769616317302,0.8384968397137829,35,0.0719206677139481,False,0.9707128580281867,0.9710665574253511,1.1540246778779437,1.1031652924700006,0.0010331982994341634
2,37.0,1.0,1.0,1000.0,0.18705516,495.61979007,624.93983534,/home/chaoyu/phd_simulation/sensitivity_analysis/data/knit_dir_sweep/m2_th037.00_verts.csv,/home/chaoyu/phd_simulation/sensitivity_analysis/data/knit_dir_sweep/m2_th037.00_stress.csv,1.1532675004203854,1.1021402830427356,0.0532274671197924,0.0561161680673657,544.8132348837208,526.14045,599.4564837209302,417.6815891304349,0.804246845509207,0.8727455921171343,1.08517129658688,50.48004137039671,0.8319840927725272,0.8450034147918074,0.8726131515172195,0.8043795978238878,0.8384962188131706,35,0.0719082939984917,False,0.9708347322734452,0.9709934348938136,1.1532675004203854,1.1021402830427356,0.0010313799634118859
2,38.0,1.0,1.0,1000.0,0.18705515,495.6357257,624.95344058,/home/chaoyu/phd_simulation/sensitivity_analysis/data/knit_dir_sweep/m2_th038.00_verts.csv,/home/chaoyu/phd_simulation/sensitivity_analysis/data/knit_dir_sweep/m2_th038.00_stress.csv,1.152552295949807,1.1011287312368627,0.0532344020029777,0.0561013931686512,543.7040604651163,527.3338152173914,597.3651488372093,416.3022260869565,0.8041443556852186,0.8728463410814206,1.085434891024834,49.45095205918609,0.8331794156268274,0.8438063115956689,0.8727104256746215,0.8042806083250913,0.8384953483833195,35,0.0718973047469902,False,0.9709561830627476,0.9709175205977864,1.1525522959498067,1.1011287312368627,0.0010297713863153383
2,39.0,1.0,1.0,1000.0,0.18705513,495.65124284,624.96621284,/home/chaoyu/phd_simulation/sensitivity_analysis/data/knit_dir_sweep/m2_th039.00_verts.csv,/home/chaoyu/phd_simulation/sensitivity_analysis/data/knit_dir_sweep/m2_th039.00_stress.csv,1.1518799122597418,1.1001333121009345,0.0532415179169905,0.0560867624967322,542.5791674418605,528.5311782608695,595.2473627906978,414.9163282608697,0.8040403040346621,0.8729483261524369,1.0857021989718618,48.42436756588891,0.834385486622838,0.8425981400988731,0.8728091473658787,0.8041798454363149,0.8384943150935495,35,0.0718865149118392,False,0.9710770400806329,0.9708388241276489,1.1518799122597418,1.1001333121009345,0.0010283870933138009
2,40.0,1.0,1.0,1000.0,0.1870551,495.66627681,624.97811757,/home/chaoyu/phd_simulation/sensitivity_analysis/data/knit_dir_sweep/m2_th040.00_verts.csv,/home/chaoyu/phd_simulation/sensitivity_analysis/data/knit_dir_sweep/m2_th040.00_stress.csv,1.1512470037256202,1.099152171632626,0.0532488056653024,0.056072298230953,541.4397302325582,529.7310086956522,593.1054837209302,413.5256239130433,0.8039348231803254,0.8730513296153715,1.0859727734664169,47.400445063976456,0.8356006526813247,0.8413804682977213,0.8729091269243968,0.8040774136115718,0.8384930763978484,35,0.0718764901203919,False,0.971197066884704,0.9707574867683048,1.1512470037256202,1.099152171632626,0.001027220877253751
2,41.0,1.0,1.0,1000.0,0.18705506,495.68084825,624.98914939,/home/chaoyu/phd_simulation/sensitivity_analysis/data/knit_dir_sweep/m2_th041.00_verts.csv,/home/chaoyu/phd_simulation/sensitivity_analysis/data/knit_dir_sweep/m2_th041.00_stress.csv,1.1506608910958755,1.0981874302542074,0.0532562603807765,0.0560580071965405,540.2869860465116,530.9318673913044,590.9420441860465,412.131904347826,0.8038280600876135,0.8731554168242961,1.086246499940704,46.37895432057967,0.8368238397291963,0.840154582565785,0.8730104145470737,0.8039734749053795,0.8384917384559548,35,0.071868010615064,False,0.9713160802285966,0.9706735822481827,1.1506608910958755,1.0981874302542074,0.001026288253931179
2,42.0,1.0,1.0,1000.0,0.18705501,495.69492275,624.99928709,/home/chaoyu/phd_simulation/sensitivity_analysis/data/knit_dir_sweep/m2_th042.00_verts.csv,/home/chaoyu/phd_simulation/sensitivity_analysis/data/knit_dir_sweep/m2_th042.00_stress.csv,1.1501126408898816,1.0972388171917005,0.0532638653201263,0.0560439130489246,539.1221697674417,532.1322652173914,588.7595023255815,410.73690434782617,0.8037193659874579,0.8732603030147402,1.0865239037034322,45.36005741833411,0.838052921268895,0.8389216758485212,0.8731127514100526,0.8038673544881119,0.838489834501099,35,0.0718594957180454,False,0.9714338561788657,0.9705871753462701,1.1501126408898816,1.0972388171917005,0.0010255840037555442
2,43.0,1.0,1.0,1000.0,0.18705495,495.70848111,625.0085162,/home/chaoyu/phd_simulation/sensitivity_analysis/data/knit_dir_sweep/m2_th043.00_verts.csv,/home/chaoyu/phd_simulation/sensitivity_analysis/data/knit_dir_sweep/m2_th043.00_stress.csv,1.149609107614348,1.0963080512184065,0.0532716191040557,0.0560300379115151,537.9465255813955,533.3307717391305,586.560434883721,409.3423347826089,0.8036093695504166,0.8733659200285191,1.0868040532144718,44.34394851625015,0.8392864903991407,0.8376837155876613,0.873216101205945,0.80375964904194,0.8384876447894678,35,0.0718533279626406,False,0.9715502057179779,0.970498373576876,1.149609107614348,1.0963080512184065,0.0010251216502958104
2,44.0,1.0,1.0,1000.0,0.18705488,495.72150533,625.01682455,/home/chaoyu/phd_simulation/sensitivity_analysis/data/knit_dir_sweep/m2_th044.00_verts.csv,/home/chaoyu/phd_simulation/sensitivity_analysis/data/knit_dir_sweep/m2_th044.00_stress.csv,1.1491493964362955,1.0953945909883782,0.0532795055954328,0.0560163898033323,536.7613883720929,534.5259652173913,584.3473953488373,407.9499347826087,0.8034983427613072,0.8734725754892649,1.0870869658392623,43.3305110332937,0.8405235024296887,0.836442326086986,0.8733207665656844,0.8036506354705049,0.838485459125286,35,0.0718477712492844,False,0.971665052736934,0.9704073218294879,1.1491493964362955,1.0953945909883782,0.0010248884235789638
2,45.0,1.0,1.0,1000.0,0.18705479,495.7339787,625.02420226,/home/chaoyu/phd_simulation/sensitivity_analysis/data/knit_dir_sweep/m2_th045.00_verts.csv,/home/chaoyu/phd_simulation/sensitivity_analysis/data/knit_dir_sweep/m2_th045.00_stress.csv,1.14873125919629,1.094500074751865,0.0532875166591542,0.0560029862660136,535.5680488372093,535.7164543478259,582.1230325581397,406.5613565217391,0.8033857415566598,0.8735800952910926,1.0873731634798778,42.31969386433923,0.8417622091056645,0.8351985373620058,0.8734265739032137,0.8035397691020504,0.8384829184238762,35,0.0718413677641289,False,0.9717780753549687,0.9703141039018123,1.14873125919629,1.094500074751865,0.0010248994700396503
2,46.0,1.0,1.0,1000.0,0.1870547,495.74588578,625.03064179,/home/chaoyu/phd_simulation/sensitivity_analysis/data/knit_dir_sweep/m2_th046.00_verts.csv,/home/chaoyu/phd_simulation/sensitivity_analysis/data/knit_dir_sweep/m2_th046.00_stress.csv,1.1483572605659556,1.0936258999468051,0.0532956451204214,0.0559898473378262,534.3678627906978,536.9008586956522,579.8899813953489,405.17829565217386,0.8032717577257797,0.8736881049019939,1.087661923251947,41.31169367082268,0.8430008010097495,0.8339539761096054,0.8735331788337523,0.8034272114447625,0.8384799313138869,35,0.0718377794558385,False,0.9718891509048422,0.97021891226875,1.1483572605659556,1.0936258999468051,0.001025153504652432
2,47.0,1.0,1.0,1000.0,0.18705459,495.75721246,625.03613792,/home/chaoyu/phd_simulation/sensitivity_analysis/data/knit_dir_sweep/m2_th047.00_verts.csv,/home/chaoyu/phd_simulation/sensitivity_analysis/data/knit_dir_sweep/m2_th047.00_stress.csv,1.1480270618687396,1.0927720356870565,0.0533038806206033,0.055976984116557,533.1621976744185,538.0778347826088,577.6509488372094,403.80234999999993,0.8031570323064018,0.8737965436752267,1.0879523038800665,40.306535198976576,0.8442380194042012,0.8327104815071128,0.8736405309659925,0.8033135931787468,0.8384767879908143,35,0.0718329750603028,False,0.9719981286616693,0.9701218111309667,1.1480270618687396,1.0927720356870563,0.001025642684737203
2,48.0,1.0,1.0,1000.0,0.18705447,495.767946,625.04068779,/home/chaoyu/phd_simulation/sensitivity_analysis/data/knit_dir_sweep/m2_th048.00_verts.csv,/home/chaoyu/phd_simulation/sensitivity_analysis/data/knit_dir_sweep/m2_th048.00_stress.csv,1.1477419070108756,1.0919413304419263,0.0533122150130431,0.0559644143694807,531.9524697674419,539.246056521739,575.4086627906977,402.4351695652175,0.8030409633316079,0.873905634370108,1.0882454000160853,39.30416817031559,0.8454723317432319,0.8314692067918191,0.8737488503385826,0.8031983149838903,0.838473298850858,35,0.0718309247468788,False,0.9721049006148917,0.970022977849073,1.1477419070108756,1.0919413304419265,0.0010263721342544875
2,49.0,1.0,1.0,1000.0,0.18705434,495.778075,625.04429084,/home/chaoyu/phd_simulation/sensitivity_analysis/data/knit_dir_sweep/m2_th049.00_verts.csv,/home/chaoyu/phd_simulation/sensitivity_analysis/data/knit_dir_sweep/m2_th049.00_stress.csv,1.1475000779849789,1.0911355790476271,0.0533206315834602,0.0559521572669023,530.7400744186046,540.4042456521738,573.165830232558,401.0783304347826,0.8029238226617016,0.8740151066204284,1.0885405090149878,38.30469815445187,0.846702119256854,0.8302317722454845,0.8738578840001148,0.8030816311904856,0.838469464641065,35,0.0718271352335601,False,0.9722093220884489,0.9699226326607657,1.1475000779849787,1.0911355790476271,0.0010273338177231193
2,50.0,1.0,1.0,1000.0,0.1870542,495.78759475,625.04695054,/home/chaoyu/phd_simulation/sensitivity_analysis/data/knit_dir_sweep/m2_th050.00_verts.csv,/home/chaoyu/phd_simulation/sensitivity_analysis/data/knit_dir_sweep/m2_th050.00_stress.csv,1.1473029110318085,1.0903525558612748,0.0533291307879997,0.0559402208298854,529.5264511627907,541.5511130434783,570.9252488372094,399.7334130434783,0.8028054961797462,0.8741247235876812,1.0888374927019269,37.30826827308704,0.8479255789509409,0.828999629882436,0.8739674151255317,0.8029634075526224,0.8384651098837137,35,0.0718249149295597,False,0.9723111794205047,0.9698208757958473,1.1473029110318083,1.0903525558612748,0.0010285297616544253
2,51.0,1.0,1.0,1000.0,0.18705404,495.79648084,625.04866585,/home/chaoyu/phd_simulation/sensitivity_analysis/data/knit_dir_sweep/m2_th051.00_verts.csv,/home/chaoyu/phd_simulation/sensitivity_analysis/data/knit_dir_sweep/m2_th051.00_stress.csv,1.14715078038756,1.0895948225542695,0.0533376912318051,0.0559286234083089,528.3130627906977,542.6854173913043,568.6896930232558,398.401904347826,0.8026865407024673,0.8742345251740763,1.0891356474085063,36.3148407341813,0.8491415531878436,0.8277745340765621,0.8740774823427904,0.802844202083242,0.8384605329382717,35,0.0718232961721053,False,0.9724104161728456,0.9697179202060928,1.14715078038756,1.0895948225542695,0.0010299482657815406
2,52.0,1.0,1.0,1000.0,0.18705387,495.80474184,625.04944811,/home/chaoyu/phd_simulation/sensitivity_analysis/data/knit_dir_sweep/m2_th052.00_verts.csv,/home/chaoyu/phd_simulation/sensitivity_analysis/data/knit_dir_sweep/m2_th052.00_stress.csv,1.1470447304004667,1.0888653582863073,0.0533463159023935,0.0559173788742734,527.1013976744186,543.805947826087,566.4619744186048,397.0853434782609,0.8025669896678225,0.8743444318220073,1.0894348298375605,35.32443208772813,0.850348551240292,0.8265579293904968,0.874188009076978,0.8027240451530255,0.8384557107449149,35,0.0718221545921553,False,0.9725069283516997,0.9696139299036712,1.1470447304004667,1.0888653582863073,0.001031598320399715
2,53.0,1.0,1.0,1000.0,0.18705369,495.81236667,625.04930412,/home/chaoyu/phd_simulation/sensitivity_analysis/data/knit_dir_sweep/m2_th053.00_verts.csv,/home/chaoyu/phd_simulation/sensitivity_analysis/data/knit_dir_sweep/m2_th053.00_stress.csv,1.1469842274648845,1.0881650943114165,0.0533549854713357,0.0559065039228823,525.8929511627907,544.9115195652173,564.244888372093,395.7851760869564,0.8024468506377953,0.8744543196054931,1.0897348764101515,34.33698912275446,0.8515451420307886,0.8253511305042267,0.8742988650743638,0.8026029505947232,0.8384505851216442,35,0.0718190576334479,False,0.9726006186391263,0.969509117085634,1.1469842274648845,1.0881650943114163,0.0010334583952598803
2,54.0,1.0,1.0,1000.0,0.18705349,495.81935084,625.04824447,/home/chaoyu/phd_simulation/sensitivity_analysis/data/knit_dir_sweep/m2_th054.00_verts.csv,/home/chaoyu/phd_simulation/sensitivity_analysis/data/knit_dir_sweep/m2_th054.00_stress.csv,1.1469701543961,1.0874937759707717,0.0533636922542748,0.05589599899582,524.6892418604651,546.0009739130436,562.0412906976745,394.5028478260869,0.8023261519451121,0.8745641063975612,1.0900356473203816,33.35276846597233,0.8527295848654938,0.8241558243211324,0.8744099967121075,0.8024809181024071,0.8384451291713366,35,0.0718173134529092,False,0.9726913364126432,0.9694036812790109,1.1469701543961,1.0874937759707717,0.0010355248875462452
2,55.0,1.0,1.0,1000.0,0.18705328,495.82569125,625.04628182,/home/chaoyu/phd_simulation/sensitivity_analysis/data/knit_dir_sweep/m2_th055.00_verts.csv,/home/chaoyu/phd_simulation/sensitivity_analysis/data/knit_dir_sweep/m2_th055.00_stress.csv,1.147003314480067,1.0868547957666117,0.053372432645679,0.0558858954386625,523.4918000000001,547.0731869565217,559.854,393.23974130434783,0.8022053150341029,0.8746735235219456,1.090336235786174,32.37157156873744,0.8539006729873757,0.8229733703389168,0.8745211105991366,0.8023583938179156,0.8384394192780242,35,0.0718163124269948,False,0.9727791191587082,0.9692977893858621,1.1470033144800673,1.0868547957666117,0.001037797686413315
2,56.0,1.0,1.0,1000.0,0.18705306,495.83138609,625.04343086,/home/chaoyu/phd_simulation/sensitivity_analysis/data/knit_dir_sweep/m2_th056.00_verts.csv,/home/chaoyu/phd_simulation/sensitivity_analysis/data/knit_dir_sweep/m2_th056.00_stress.csv,1.1470822934221638,1.0862479283976474,0.053381192337195,0.055876192453842,522.3021604651163,548.1270652173913,557.6858372093023,391.9972543478262,0.8020843088325219,0.8747822865337795,1.0906363294989196,31.393432198406828,0.855056778468868,0.8218050809616313,0.8746319223914656,0.8022353465010604,0.8384332976831508,35,0.07181526844568,False,0.9728638329925502,0.9691916990058449,1.1470822934221638,1.0862479283976474,0.0010402537688293566
2,57.0,1.0,1.0,1000.0,0.18705283,495.83643484,625.03970813,/home/chaoyu/phd_simulation/sensitivity_analysis/data/knit_dir_sweep/m2_th057.00_verts.csv,/home/chaoyu/phd_simulation/sensitivity_analysis/data/knit_dir_sweep/m2_th057.00_stress.csv,1.1472103820663566,1.085676164361373,0.0533899634973786,0.055866906467322,521.1218953488373,549.1615173913044,555.5396441860465,390.7766739130435,0.8019636554500954,0.8748905585474474,1.0909354215764582,30.41851928775182,0.8561966156883053,0.8206529270014971,0.8747426095455655,0.8021122838241174,0.8384271069987714,35,0.0718141216566526,False,0.97294534440452,0.9690855678155796,1.1472103820663566,1.085676164361373,0.0010429014270814218
2,58.0,1.0,1.0,1000.0,0.18705258,495.84083823,625.03513205,/home/chaoyu/phd_simulation/sensitivity_analysis/data/knit_dir_sweep/m2_th058.00_verts.csv,/home/chaoyu/phd_simulation/sensitivity_analysis/data/knit_dir_sweep/m2_th058.00_stress.csv,1.147385847074719,1.0851398784996042,0.0533987351439716,0.055858044982411,519.9525790697675,550.1755304347824,553.4182558139535,389.5793369565217,0.8018425427618333,0.874998168392721,1.091234402927679,29.446726711853103,0.8573186480304554,0.81951746169579,0.8748529799505208,0.8019884145892343,0.8384203555772771,35,0.0718120500773084,False,0.9730237767264449,0.9689796181437851,1.147385847074719,1.0851398784996042,0.0010457218196732228
2,59.0,1.0,1.0,1000.0,0.18705232,495.8445982,625.02972271,/home/chaoyu/phd_simulation/sensitivity_analysis/data/knit_dir_sweep/m2_th059.00_verts.csv,/home/chaoyu/phd_simulation/sensitivity_analysis/data/knit_dir_sweep/m2_th059.00_stress.csv,1.1476105297751218,1.0846392756915733,0.0534075004557622,0.0558496303121228,518.7957744186047,551.1680891304349,551.324458139535,388.4064804347826,0.801722220441078,0.875104932960345,1.0915313442090884,28.47822792029814,0.8584215631144608,0.8184010640080697,0.8749628640709712,0.8018649748024342,0.8384135767007115,35,0.0718098512331216,False,0.9730989631079403,0.9688741238016563,1.1476105297751218,1.0846392756915733,0.0010486982276195008
2,60.0,1.0,1.0,1000.0,0.18705205,495.84771782,625.02350184,/home/chaoyu/phd_simulation/sensitivity_analysis/data/knit_dir_sweep/m2_th060.00_verts.csv,/home/chaoyu/phd_simulation/sensitivity_analysis/data/knit_dir_sweep/m2_th060.00_stress.csv,1.1478837655439251,1.0841789978702436,0.0534162503985362,0.0558416574170978,518.5953386363636,552.1382108695652,550.8374000000001,387.2593326086957,0.8016025157974489,0.8752106432180227,1.091826218069372,27.51277662943193,0.8595041364811926,0.8173045766413266,0.875072014466634,0.8017418302189998,0.8384065795077358,35,0.0718084526503858,False,0.9731709530505254,0.9687692144527436,1.1478837655439253,1.0841789978702436,0.0010518325319463263
2,61.0,1.0,1.0,1000.0,0.18705177,495.85021531,625.01649719,/home/chaoyu/phd_simulation/sensitivity_analysis/data/knit_dir_sweep/m2_th061.00_verts.csv,/home/chaoyu/phd_simulation/sensitivity_analysis/data/knit_dir_sweep/m2_th061.00_stress.csv,1.148207105377743,1.0837583467182124,0.0534249728613139,0.055834145113633,517.4802340909092,553.0849717391304,548.8285022727273,386.1390717391304,0.8014832193160109,0.875314946075282,1.0921188678438951,26.550554261595835,0.8605645976079143,0.8162292074611804,0.8751800865559828,0.8016187627423809,0.8383990826956464,35,0.0718072649157157,False,0.9732396759307089,0.9686651722651068,1.148207105377743,1.0837583467182124,0.0010551017123080998
2,62.0,1.0,1.0,1000.0,0.18705148,495.85205376,625.0087199,/home/chaoyu/phd_simulation/sensitivity_analysis/data/knit_dir_sweep/m2_th062.00_verts.csv,/home/chaoyu/phd_simulation/sensitivity_analysis/data/knit_dir_sweep/m2_th062.00_stress.csv,1.1485801615506754,1.083380583807047,0.053433659803474,0.0558271051957829,516.3822772727273,554.0074195652174,546.8552136363635,385.0468326086957,0.8013651531984737,0.8754178714141142,1.0924082085676865,25.591430930321422,0.8616020434802135,0.815176711540534,0.8752870834928754,0.801496621320199,0.8383915123062939,35,0.0718035418966997,False,0.9733051924087774,0.9685621773872547,1.1485801615506754,1.083380583807047,0.001058495295756748
2,63.0,1.0,1.0,1000.0,0.18705118,495.85328151,625.00020936,/home/chaoyu/phd_simulation/sensitivity_analysis/data/knit_dir_sweep/m2_th063.00_verts.csv,/home/chaoyu/phd_simulation/sensitivity_analysis/data/knit_dir_sweep/m2_th063.00_stress.csv,1.0723421972711509,1.083046061637144,0.0534423037846866,0.0558205444857865,515.3030727272726,554.904697826087,544.9202704545455,383.9837326086957,0.8012482179405026,0.8755195113847025,1.0926944881513796,24.635399044134488,0.8626153322170698,0.8141482233619957,0.8753930811041214,0.8013753227706494,0.8383838646626025,35,0.0718008703900913,False,0.9733674571894448,0.9684604639122671,1.0723421972711509,1.083046061637144,0.001062006516519648
2,64.0,1.0,1.0,1000.0,0.18705087,495.85389164,624.99098812,/home/chaoyu/phd_simulation/sensitivity_analysis/data/knit_dir_sweep/m2_th064.00_verts.csv,/home/chaoyu/phd_simulation/sensitivity_analysis/data/knit_dir_sweep/m2_th064.00_stress.csv,1.0723505730122274,1.0827540075386213,0.0534508962045044,0.0558144632983858,514.2441522727274,555.7759630434782,543.0263136363637,382.95083478260864,0.8011328383527406,0.8756194323527217,1.0929765832007805,23.68232578370774,0.8636031394810584,0.8131450584176321,0.875497616535966,0.8012553211597162,0.8383761353527311,35,0.0717977652611994,False,0.9734264734844033,0.9683602067290239,1.0723505730122274,1.0827540075386213,0.0010656177063041983
2,65.0,1.0,1.0,1000.0,0.18705055,495.85389213,624.98108427,/home/chaoyu/phd_simulation/sensitivity_analysis/data/knit_dir_sweep/m2_th065.00_verts.csv,/home/chaoyu/phd_simulation/sensitivity_analysis/data/knit_dir_sweep/m2_th065.00_stress.csv,1.0723817599243832,1.082509330401731,0.0534594268191222,0.0558088761515165,513.2071159090909,556.6203782608695,541.1759568181817,381.9491804347826,0.8010187556217069,0.875717374402885,1.0932545190195966,22.73241658937985,0.8645638626570048,0.8121683004893336,0.8756004334236072,0.8011363540800397,0.838368065012296,35,0.0717929073810699,False,0.9734823657086754,0.968261714467097,1.0723817599243832,1.082509330401731,0.0010693056162889912
2,66.0,1.0,1.0,1000.0,0.18705022,495.85329174,624.97052678,/home/chaoyu/phd_simulation/sensitivity_analysis/data/knit_dir_sweep/m2_th066.00_verts.csv,/home/chaoyu/phd_simulation/sensitivity_analysis/data/knit_dir_sweep/m2_th066.00_stress.csv,1.0724396243155998,1.0823140498992194,0.053467889377943,0.0558037980877279,512.1934886363637,557.43715,539.3718,380.9797413043479,0.8009064708682345,0.875813065972434,1.0935272691991065,21.7853510521075,0.8654965388941753,0.8112191420022953,0.8757012085995872,0.8010189743619075,0.8383597684203343,35,0.0717874549351244,False,0.9735350680957534,0.968165131480058,1.0724396243155998,1.0823140498992194,0.00107307455720442
2,67.0,1.0,1.0,1000.0,0.18704989,495.8521,624.95934539,/home/chaoyu/phd_simulation/sensitivity_analysis/data/knit_dir_sweep/m2_th067.00_verts.csv,/home/chaoyu/phd_simulation/sensitivity_analysis/data/knit_dir_sweep/m2_th067.00_stress.csv,1.0725186365470014,1.0821651830969827,0.0534762724103589,0.0557992230024271,511.2047954545455,558.2255543478261,537.6163295454545,380.0434847826087,0.8007963852461965,0.8759066767802037,1.093794493728784,20.84135087094617,0.8664000840188074,0.8102992378886924,0.8758001139305304,0.8009035809799487,0.8383515310132001,35,0.0717842359643927,False,0.9735846531401444,0.9680707131370925,1.0725186365470014,1.0821651830969827,0.0010768999875317895
2,68.0,1.0,1.0,1000.0,0.18704954,495.85033047,624.94757154,/home/chaoyu/phd_simulation/sensitivity_analysis/data/knit_dir_sweep/m2_th068.00_verts.csv,/home/chaoyu/phd_simulation/sensitivity_analysis/data/knit_dir_sweep/m2_th068.00_stress.csv,1.0726257901588936,1.0820689128115446,0.0534845685470596,0.0557951607453078,510.2425886363637,558.984845652174,535.9120340909091,379.1413108695652,0.8006883149500651,0.8759982084751079,1.0940564413379,19.900021166897403,0.8672737845736012,0.8094091194235867,0.8758970896887244,0.8007900516606992,0.8383432617125866,35,0.0717775234099118,False,0.9736311575774149,0.9679785846197636,1.0726257901588936,1.0820689128115446,0.001080766397141542
2,69.0,1.0,1.0,1000.0,0.18704919,495.84798376,624.93523285,/home/chaoyu/phd_simulation/sensitivity_analysis/data/knit_dir_sweep/m2_th069.00_verts.csv,/home/chaoyu/phd_simulation/sensitivity_analysis/data/knit_dir_sweep/m2_th069.00_stress.csv,1.0727538517638944,1.0820220929278908,0.0534927705009765,0.0557916176007421,509.30834772727263,559.7143086956522,534.2613363636364,378.2740739130434,0.800582552524044,0.8760868730893742,1.0943117237907365,18.96163141204451,0.8681157452491549,0.8085501864077607,0.8759913529010722,0.8006786739176355,0.8383347128067091,35,0.0717714256887622,False,0.9736746643495015,0.9678891069624845,1.0727538517638944,1.0820220929278908,0.0010846608171040217
2,70.0,1.0,1.0,1000.0,0.18704884,495.8450814,624.92236381,/home/chaoyu/phd_simulation/sensitivity_analysis/data/knit_dir_sweep/m2_th070.00_verts.csv,/home/chaoyu/phd_simulation/sensitivity_analysis/data/knit_dir_sweep/m2_th070.00_stress.csv,1.0729110627319671,1.0820294287475938,0.0535008692636556,0.0557886048429488,508.40359545454544,560.4133217391305,532.6665931818181,377.4426347826087,0.8004796430018747,0.8761730612737301,1.094560078989639,18.025822731150896,0.8689256937011566,0.8077236468040478,0.8760832364408689,0.800570050725526,0.8383263521378024,35,0.0717653905900528,False,0.9737151915554807,0.9678023005402334,1.0729110627319671,1.0820294287475938,0.0010885739561704302
2,71.0,1.0,1.0,1000.0,0.18704847,495.84163184,624.91387411,/home/chaoyu/phd_simulation/sensitivity_analysis/data/knit_dir_sweep/m2_th071.00_verts.csv,/home/chaoyu/phd_simulation/sensitivity_analysis/data/knit_dir_sweep/m2_th071.00_stress.csv,1.0730930276427746,1.0820920199944857,0.0535088522482142,0.0557861095969166,507.5297204545454,561.0812369565217,531.1300727272727,376.6477608695652,0.8003793794051224,0.8762563244997282,1.0948012243281442,17.09265250216788,0.8697022198108416,0.8069302551553582,0.8761722733493883,0.8004639935817723,0.8383178519524253,35,0.0717574906033662,False,0.973752821006643,0.9677184046570975,1.0730930276427746,1.0820920199944857,0.0010924792188196876
2,72.0,1.0,1.0,1000.0,0.18704811,495.83764737,624.92860439,/home/chaoyu/phd_simulation/sensitivity_analysis/data/knit_dir_sweep/m2_th072.00_verts.csv,/home/chaoyu/phd_simulation/sensitivity_analysis/data/knit_dir_sweep/m2_th072.00_stress.csv,1.073300044718882,1.082206889592062,0.0535167183566215,0.0557841512964356,506.68819090909096,561.7174630434782,529.6540068181819,375.8902282608696,0.8002822035428806,0.8763367597587995,1.0950346713687027,16.162112466075058,0.8704445691817189,0.8061713045610395,0.8762585347719309,0.800360970215917,0.8383094816508401,35,0.0717499443074379,False,0.9737876589110614,0.9676377128271344,1.073300044718882,1.082206889592062,0.0010963718802618518
2,73.0,1.0,1.0,1000.0,0.18704774,495.83314068,624.94344984,/home/chaoyu/phd_simulation/sensitivity_analysis/data/knit_dir_sweep/m2_th073.00_verts.csv,/home/chaoyu/phd_simulation/sensitivity_analysis/data/knit_dir_sweep/m2_th073.00_stress.csv,1.073534867515375,1.0823799707008934,0.0535244561285904,0.0557827264999488,505.8803863636363,562.3214369565219,528.2405136363636,375.1707173913043,0.8001881335224261,0.8764139363997087,1.0952598516323115,15.23386015227706,0.8711517375663123,0.8054473866787146,0.8763415357008056,0.8002610532712967,0.8383010349610673,35,0.0717411250668296,False,0.9738197079110514,0.9675602385563185,1.073534867515375,1.0823799707008934,0.0011002354056890286
2,74.0,1.0,1.0,1000.0,0.18704737,495.8281248,624.9583895,/home/chaoyu/phd_simulation/sensitivity_analysis/data/knit_dir_sweep/m2_th074.00_verts.csv,/home/chaoyu/phd_simulation/sensitivity_analysis/data/knit_dir_sweep/m2_th074.00_stress.csv,1.0737954873680218,1.0826098139160656,0.0535320594426883,0.0557818383506696,505.1076704545456,562.8926260869565,526.891659090909,374.4899086956521,0.8000973147990174,0.8764879221062145,1.095476645020845,14.307939349897907,0.8718229455845102,0.8047594938903544,0.8764213226811154,0.8001644094203193,0.8382926184526159,35,0.0717326433101414,False,0.973849114829601,0.9674863178825105,1.0737954873680218,1.0826098139160656,0.0011040496471160157
2,75.0,1.0,1.0,1000.0,0.18704699,495.82261308,624.97340168,/home/chaoyu/phd_simulation/sensitivity_analysis/data/knit_dir_sweep/m2_th075.00_verts.csv,/home/chaoyu/phd_simulation/sensitivity_analysis/data/knit_dir_sweep/m2_th075.00_stress.csv,1.0740818494552862,1.0828975457758794,0.053539515532634,0.0557814911558975,504.3713363636362,563.4305195652174,525.6094113636364,373.84844347826095,0.8000104511158598,0.8765587035745318,1.095684065566771,13.384190287345715,0.872457553267195,0.804108956528093,0.8764978449233863,0.8000717800279293,0.8382845773451958,35,0.0717231714604002,False,0.9738759023499127,0.967416075199815,1.0740818494552862,1.0828975457758794,0.0011078087196823912
2,76.0,1.0,1.0,1000.0,0.18704662,495.81661911,624.98846397,/home/chaoyu/phd_simulation/sensitivity_analysis/data/knit_dir_sweep/m2_th076.00_verts.csv,/home/chaoyu/phd_simulation/sensitivity_analysis/data/knit_dir_sweep/m2_th076.00_stress.csv,1.074395305834939,1.0832451771762308,0.0535468225668622,0.0557816793720299,503.6726545454545,563.9346695652174,524.3956499999999,373.2468934782608,0.7999266282335439,0.8766256692675806,1.095882595136768,12.46263470636859,0.8730541889243799,0.8034956203583241,0.8765704668044415,0.7999822750377971,0.8382761487505622,35,0.0717126212374201,False,0.9739001984211711,0.9673495532207701,1.074395305834939,1.0832451771762308,0.0011114946780216872
2,77.0,1.0,1.0,1000.0,0.18704625,495.81015673,625.00355328,/home/chaoyu/phd_simulation/sensitivity_analysis/data/knit_dir_sweep/m2_th077.00_verts.csv,/home/chaoyu/phd_simulation/sensitivity_analysis/data/knit_dir_sweep/m2_th077.00_stress.csv,1.0747382206701084,1.0836526602343477,0.0535539696658531,0.0557824080061438,503.0128454545454,564.4046173913044,523.2521477272727,372.6858239130435,0.7998471010779445,0.8766897696303263,1.0960716972641669,11.543083856511458,0.8736132513700092,0.8029212918399097,0.8766400997125987,0.7998971885924647,0.8382684353541354,35,0.0717016658881989,False,0.9739219711840915,0.967287027702901,1.0747382206701084,1.0836526602343477,0.0011150954527078408
2,78.0,1.0,1.0,1000.0,0.18704587,495.80324349,625.01864706,/home/chaoyu/phd_simulation/sensitivity_analysis/data/knit_dir_sweep/m2_th078.00_verts.csv,/home/chaoyu/phd_simulation/sensitivity_analysis/data/knit_dir_sweep/m2_th078.00_stress.csv,1.0751077306852792,1.0841207519096805,0.0535609507590578,0.055783675054953,502.3930613636363,564.8399847826086,522.1806045454546,372.16575,0.7997714761707413,0.8767495510554967,1.0962500879042625,10.625422343530545,0.8741327504684432,0.80238611393151,0.8767052580951515,0.799816159296613,0.8382605136131189,35,0.071692208053647,False,0.9739414171499553,0.9672286125531845,1.0751077306852792,1.0841207519096805,0.0011186005012851939
2,79.0,1.0,1.0,1000.0,0.1870455,495.795883,625.03371768,/home/chaoyu/phd_simulation/sensitivity_analysis/data/knit_dir_sweep/m2_th079.00_verts.csv,/home/chaoyu/phd_simulation/sensitivity_analysis/data/knit_dir_sweep/m2_th079.00_stress.csv,1.0755018907254643,1.0846493164302071,0.0535677573228961,0.0557854811620772,501.8144068181818,565.2403586956522,521.1825863636363,371.6871260869565,0.7997001490861141,0.876805841231934,1.0964182540592686,9.709329881903784,0.8746130471500969,0.8018909488302624,0.8767667253718725,0.7997396272048317,0.8382529951590241,35,0.0716790927141647,False,0.9739585675854273,0.9671744009923242,1.0755018907254643,1.0846493164302073,0.001121987396610966
2,80.0,1.0,1.0,1000.0,0.18704513,495.7881001,625.04874376,/home/chaoyu/phd_simulation/sensitivity_analysis/data/knit_dir_sweep/m2_th080.00_verts.csv,/home/chaoyu/phd_simulation/sensitivity_analysis/data/knit_dir_sweep/m2_th080.00_stress.csv,1.075924051498898,1.0852388521532026,0.0535743845094076,0.0557878254297033,501.2779204545455,565.6054434782609,520.2596,371.250395652174,0.799633092449107,0.8768584721941773,1.0965760177690314,8.794909072143582,0.875053370562913,0.8014363718788907,0.8768243181565123,0.7996675804486016,0.8382457823216422,35,0.0716663838647937,False,0.9739735247116227,0.9671245940227043,1.075924051498898,1.0852388521532026,0.001125256231772271
2,81.0,1.0,1.0,1000.0,0.18704476,495.77990567,625.06369903,/home/chaoyu/phd_simulation/sensitivity_analysis/data/knit_dir_sweep/m2_th081.00_verts.csv,/home/chaoyu/phd_simulation/sensitivity_analysis/data/knit_dir_sweep/m2_th081.00_stress.csv,1.0763754373672934,1.0858927849959468,0.0535808216033581,0.055790702863991,500.7845886363637,565.9349,519.4129772727273,370.8559434782609,0.7995702376274233,0.8769067575304614,1.096722609551501,7.882016798049648,0.8754526078702284,0.8010227407448958,0.876877319853628,0.7995999807362735,0.8382384975789423,35,0.07165523679454,False,0.9739863095179194,0.9670792516324354,1.0763754373672934,1.0858927849959468,0.0011283925780491452
2,82.0,1.0,1.0,1000.0,0.1870444,495.77131414,625.07855795,/home/chaoyu/phd_simulation/sensitivity_analysis/data/knit_dir_sweep/m2_th082.00_verts.csv,/home/chaoyu/phd_simulation/sensitivity_analysis/data/knit_dir_sweep/m2_th082.00_stress.csv,1.0768505279252327,1.086606387023085,0.0535870637770728,0.0557941069146305,500.3353000000001,566.2284739130436,518.6439977272727,370.5041217391305,0.7995118888284901,0.8769517716488208,1.0968589509454347,6.970402843722525,0.8758114521640048,0.8006507407879201,0.8769267708900397,0.7995371664513784,0.8382318302386554,35,0.0716431311080404,False,0.9739970731103498,0.9670384536204756,1.0768505279252327,1.086606387023085,0.0011313786937883017
2,83.0,1.0,1.0,1000.0,0.18704404,495.76233997,625.09329474,/home/chaoyu/phd_simulation/sensitivity_analysis/data/knit_dir_sweep/m2_th083.00_verts.csv,/home/chaoyu/phd_simulation/sensitivity_analysis/data/knit_dir_sweep/m2_th083.00_stress.csv,1.0773536285230638,1.0873834954912056,0.0535931013665853,0.0557980411608632,499.9308840909091,566.485895652174,517.9537977272729,370.1952543478261,0.7994579947542035,0.8769921558447877,1.0969834082582692,6.060127381524694,0.8761281337760003,0.800320731505466,0.8769712970179527,0.7994791019380626,0.8382250752994956,35,0.0716299298362391,False,0.9740057995136314,0.9670023289795094,1.0773536285230638,1.0873834954912056,0.0011342151105082612
2,84.0,1.0,1.0,1000.0,0.18704369,495.7529976,625.1078834,/home/chaoyu/phd_simulation/sensitivity_analysis/data/knit_dir_sweep/m2_th084.00_verts.csv,/home/chaoyu/phd_simulation/sensitivity_analysis/data/knit_dir_sweep/m2_th084.00_stress.csv,1.0778838210243076,1.0882250642368647,0.0535989334261602,0.0558024984023822,499.5721022727272,566.7069586956522,517.3434090909091,369.9295891304348,0.7994089538504097,0.8770287571610753,1.0970964897713549,5.150844622966048,0.8764032300377764,0.8000333809094629,0.8770117116496782,0.7994262194891012,0.8382188555057425,35,0.0716172552723653,False,0.9740126058279452,0.9669709906985152,1.0778838210243076,1.0882250642368647,0.0011368902068814137
2,85.0,1.0,1.0,1000.0,0.18704335,495.74330145,625.12229784,/home/chaoyu/phd_simulation/sensitivity_analysis/data/knit_dir_sweep/m2_th085.00_verts.csv,/home/chaoyu/phd_simulation/sensitivity_analysis/data/knit_dir_sweep/m2_th085.00_stress.csv,1.0784393194147064,1.0891275684528954,0.0536045481106272,0.0558074695797729,499.2596090909091,566.8915021739131,516.8137181818182,369.7073934782608,0.7993643293914344,0.8770611767081257,1.0971982917674632,4.242457088106704,0.8766360384850311,0.799788555663907,0.8770475971757445,0.7993781012424105,0.83821275304978,35,0.0716039952687199,False,0.9740174904907839,0.9669444845487518,1.0784393194147064,1.0891275684528954,0.0011393938474050763
2,86.0,1.0,1.0,1000.0,0.18704301,495.73326583,625.13651194,/home/chaoyu/phd_simulation/sensitivity_analysis/data/knit_dir_sweep/m2_th086.00_verts.csv,/home/chaoyu/phd_simulation/sensitivity_analysis/data/knit_dir_sweep/m2_th086.00_stress.csv,1.0790206209608573,1.0900922174397485,0.0536099406390575,0.0558129548159028,498.99401818181815,567.0393478260869,516.3655,369.5288347826087,0.7993244607505736,0.8770894051840964,1.0972883331513472,3.3349522449823894,0.8768262832864623,0.7995868614599038,0.8770789300494598,0.7993351009366214,0.838206932967335,35,0.0715904972513837,False,0.9740205629275273,0.9669228343307776,1.0790206209608573,1.0900922174397485,0.0011417148900299714
2,87.0,1.0,1.0,1000.0,0.18704268,495.72290498,625.15049964,/home/chaoyu/phd_simulation/sensitivity_analysis/data/knit_dir_sweep/m2_th087.00_verts.csv,/home/chaoyu/phd_simulation/sensitivity_analysis/data/knit_dir_sweep/m2_th087.00_stress.csv,1.0796284244869805,1.0911201791139384,0.0536151051609647,0.0558189451754465,498.7758136363637,567.1503826086957,515.9994340909091,369.39408913043474,0.799289806321256,0.8771139550843858,1.0973666224036018,2.42821823648967,0.8769742819327825,0.7994289514968663,0.8771062060505803,0.7992976938243724,0.8382018807028209,35,0.0715769419224953,False,0.9740217929061216,0.9669061731299665,1.0796284244869805,1.0911201791139384,0.0011438529009388815
2,88.0,1.0,1.0,1000.0,0.18704236,495.71223298,625.16423505,/home/chaoyu/phd_simulation/sensitivity_analysis/data/knit_dir_sweep/m2_th088.00_verts.csv,/home/chaoyu/phd_simulation/sensitivity_analysis/data/knit_dir_sweep/m2_th088.00_stress.csv,1.0802600512206575,1.0922094505739002,0.0536200351294836,0.0558254327843081,498.6054181818183,567.2245347826087,515.7160181818182,369.303247826087,0.7992595707463472,0.877133941683081,1.097433141606318,1.521854320014825,0.877079022949292,0.7993141570184296,0.8771285193098334,0.799265105900109,0.8381967562147141,35,0.071563177528121,False,0.9740212519734347,0.9668944427049756,1.0802600512206577,1.0922094505739002,0.0011458030052439675
2,89.0,1.0,1.0,1000.0,0.18704204,495.70126374,625.17769254,/home/chaoyu/phd_simulation/sensitivity_analysis/data/knit_dir_sweep/m2_th089.00_verts.csv,/home/chaoyu/phd_simulation/sensitivity_analysis/data/knit_dir_sweep/m2_th089.00_stress.csv,1.0809174770146392,1.0933594108468672,0.0536247227514643,0.055832409997714,498.4831431818182,567.2617413043478,515.5156954545455,369.2563934782609,0.799234638740506,0.8771500822815804,1.0974875709389416,0.6160884202571708,0.8771410754163911,0.7992435106683119,0.8771465847513219,0.7992382243082331,0.8381923605110433,35,0.071550664072794,False,0.9740189876113682,0.9668877514253919,1.0809174770146392,1.0933594108468672,0.0011475609663664458
2,90.0,1.0,1.0,1000.0,0.18704174,495.69001096,625.19084681,/home/chaoyu/phd_simulation/sensitivity_analysis/data/knit_dir_sweep/m2_th090.00_verts.csv,/home/chaoyu/phd_simulation/sensitivity_analysis/data/knit_dir_sweep/m2_th090.00_stress.csv,1.0815971605103178,1.0945714576294086,0.053629166288095,0.0558398706550364,498.4092386363636,567.2619695652173,515.3986886363637,369.25358695652176,0.799214177455929,0.8771619062008961,1.097530462976885,179.71058283831988,0.877159917690091,0.7992162303878333,0.877159917690091,0.7992162303878333,0.8381880418284126,35,0.0715373593883781,False,0.9740150485193888,0.9668860861896375,1.0815971605103178,1.0945714576294086,0.0011491140611241794
