sample_id,group,motif,has_cable,sf_wale,sf_course,knit_dir,pressure,E1,r,nu,crown_height,max_stress,mean_stress,cable_wale_tension,cable_course_tension,boundary_reaction_mean,cable_wale_lrest,cable_course_lrest,verts_path,stress_path,H_mean_x0,r_x0,H_mean_y0,r_y0,vm_x0,vm_y0,H_anisotropy
1001,material_nocable,3,False,1.202367464978787,1.3242192136059874,42.85389197750292,1141.437735320245,6628.021027269474,4.886796237945981,0.4807653027697146,0.14875698,2888.66190132,2724.84319008,0.0,0.0,120.8740911,,,,,1.4902457289718853,0.0527511752987711,1.2803083270333873,0.055057647783114214,2781.783918181818,2771.535395652174,0.1515490387083056
1002,material_nocable,3,False,0.9821481633213888,0.8967432842294687,45.96215844229602,555.4439905510868,1516.6368250391504,4.310788526152491,0.8593887881255848,0.29918953,797.02847862,652.59896502,0.0,0.0,25.51568591,,,,,1.975291250931467,0.05372181680477033,1.7592978553924474,0.05543262593828084,697.9374,707.1554976190477,0.11567183933208085
1003,material_nocable,3,False,1.3144523033810145,1.180945312675617,65.79227411130628,466.58346471459777,2922.6891549653456,4.546916125774569,0.5427973421805135,0.09808016,1656.26095207,1618.0382408,0.0,0.0,83.28048336,,,,,1.2710721718488582,0.052807008626334445,1.0332257971203525,0.055040809420778755,1616.9324044444447,1643.178195744681,0.20643716909137613
1008,material_nocable,3,False,1.1659749649587867,1.0777538411583798,36.21424909180969,1024.463528881544,5860.689485923121,3.7146514334680942,0.8814480970098718,0.06077352,5214.48788848,5155.24342974,0.0,0.0,286.85942075,,,,,1.0659493707297283,0.052841898122003246,0.8527215774922404,0.055326715742417994,5181.84272,5167.694558333334,0.22226614046049528
1010,material_nocable,3,False,0.955681098634192,0.840676896437506,43.120361732707565,461.04018852880193,4671.172839924485,3.777118097843177,0.7535426105446195,0.28128084,727.28849416,590.61793746,0.0,0.0,24.76895918,,,,,1.9330852034070372,0.054599485509502776,1.7567703886615988,0.056310238466642654,643.29823,637.3193857142857,0.09556732524949102
1004,material_nocable,3,False,1.0088680059985011,0.8270408855552782,71.36236027972592,486.2039807946604,3753.832213263083,4.906836921994173,0.6244200227064723,0.27518633,788.1555081,664.46505275,0.0,0.0,31.50977968,,,,,2.2844443348173473,0.05555884673441994,1.5572287571475618,0.05460686369376099,639.7661575,761.1370785714286,0.37859315993898635
1005,material_nocable,3,False,1.352481587605508,0.936738954487585,50.014998805543335,348.81589247122315,3669.493168036632,4.320525312788669,0.8242508829100912,0.02440542,3927.64834111,3920.79122434,0.0,0.0,264.54681258,,,,,0.8794846588468881,0.05282326509196247,0.6602949846440488,0.05525635754524111,3922.2341022222217,3923.7416020833334,0.2847026522650992
1006,material_nocable,3,False,0.9993870528765976,0.8995774990069412,57.2483102153262,319.0452407543663,2364.580118601946,4.753212706011215,0.7863498360718504,0.23932486,549.70686913,458.85749973,0.0,0.0,19.55759192,,,,,1.902748616092846,0.05379395474690434,1.5492349246538837,0.05517221706379675,470.97312682926827,511.1885499999999,0.20481771553435077
1012,material_nocable,3,False,0.8797663442209922,1.2798139814301606,58.92338111761022,1113.8571198225495,3349.723839958888,4.956838129736864,0.4559563257091399,0.41183624,1410.61162013,989.712253,0.0,0.0,25.24890604,,,,,2.084414256929554,0.05354083857694396,1.9824383863451838,0.056061826656249966,1067.5332162162165,1143.249843902439,0.050149774053409715
1013,material_nocable,3,False,1.0680243010161052,1.007126675972507,51.65438432305471,946.0430482446498,4254.360042380042,4.407289129757732,0.4686633837670101,0.2941006,1480.39792698,1244.36967449,0.0,0.0,48.47364021,,,,,2.064604155057023,0.055311629314890025,1.740019964458822,0.0551395408828846,1293.9831975000002,1355.8395976190477,0.17062615407038198
1015,material_nocable,3,False,0.811368200159973,0.945928727206324,56.80469049043215,892.519311403164,3390.7269370423437,3.428546427887283,0.6761710616865642,0.4412472,1134.39690633,780.77028446,0.0,0.0,16.89055443,,,,,2.137602033233568,0.05310136560441816,1.9294145978289665,0.05500168038038785,855.2278025641025,915.752782926829,0.10237845294977871
1007,material_nocable,3,False,1.1672952697229484,1.2016389941165528,86.61107741306691,1021.3594422379458,6556.986259435128,3.312495464615435,0.5390596338854388,0.13886734,2512.72482328,2374.38976375,0.0,0.0,116.04653353,,,,,1.4618175972810294,0.05298584218879119,1.2131661290414173,0.055188406866546004,2365.9644111111106,2467.5172608695652,0.18590877080322044
1009,material_nocable,3,False,1.2093603025811732,0.902487759847243,50.86666669131102,771.1379768804086,4222.584193390746,3.4116780781699987,0.5209747285825754,0.17249068,1577.52304435,1468.52292034,0.0,0.0,81.38354336,,,,,1.6468495148547435,0.0533259741276826,1.3728833138252374,0.054941307209896276,1490.8545170731707,1520.6311363636362,0.18145062266933412
1011,material_nocable,3,False,1.1639595773546885,1.315191557211466,51.822956566239625,603.6896952500358,4035.3256034827054,4.982171448155135,0.6499148116548313,0.10855844,1973.7938265,1909.08302808,0.0,0.0,89.85720506,,,,,1.3060545695560255,0.05282613998926554,1.0888313017532578,0.055200396195251876,1924.0582822222218,1935.5286468085105,0.1814059453981511
1014,material_nocable,3,False,1.2873072937244974,1.0095818432829444,51.91829577064458,1043.3773648253868,1425.4127820514927,4.846435781458249,0.7359171222539966,0.24839379,1579.05587181,1410.64500152,0.0,0.0,71.95029207,,,,,1.9604620783178168,0.055786097932667984,1.6276894024971313,0.05467383433847868,1443.2801902439023,1489.9206372093022,0.1854841846003143
1016,material_nocable,3,False,0.8124630203129393,1.303469390085114,23.3341346382808,864.8201960311881,4070.2990962301474,4.15499757887762,0.8887494309272665,0.2009178,1354.89351927,1172.5555812,0.0,0.0,62.86228003,,,,,1.6994644726216535,0.05334332788889644,1.4500656959259468,0.05555630842761484,1220.9908577777778,1237.4029543478262,0.15837205128961596
1017,material_nocable,3,False,1.3805261416332373,1.0161856494607595,67.35401288094384,1138.5354036634135,5053.605095382775,4.770666890243442,0.4897377761390434,0.12219352,3120.11149012,3021.77590425,0.0,0.0,175.56651237,,,,,1.4202661899363478,0.05279346536341635,1.1403699937786382,0.05474263024750418,3008.256574418605,3093.1170434782607,0.2186145755010261
1020,material_nocable,3,False,0.8754785232133838,1.1201581544371182,52.916864994664685,232.86064513348649,5082.017154669516,3.8426200426448633,0.6723722934357822,0.2165064,431.9431879,318.44352683,0.0,0.0,15.97863393,,,,,1.737949106681862,0.05381843523037974,1.5753569761586022,0.05697279698339618,335.86335909090906,323.73169333333334,0.0981449503656307
1023,material_nocable,3,False,1.2311768959453555,0.9643994426012376,57.06419363821627,273.5589003598355,1199.5243736659409,3.753259462844612,0.8905840548739237,0.06171042,1284.40604018,1268.57490836,0.0,0.0,78.17359325,,,,,1.0751541677572418,0.05285998073226051,0.8551512956758224,0.05524938258133974,1270.101497777778,1277.2004166666668,0.22794617354513677
1024,material_nocable,3,False,1.337529803461377,1.3735152011171392,7.821894721360891,627.6559224739872,6516.093196491828,4.564753986619623,0.5275214084265403,0.05330722,4073.2675488,4044.96022826,0.0,0.0,201.45755343,,,,,1.0285625770369506,0.05281871919159796,0.8159961815739042,0.05528559026133093,4065.2815844444435,4043.4612541666665,0.2304793972767028
1018,material_nocable,3,False,1.1977309889910912,0.821821442960918,22.069191265372336,570.341840055944,6451.925809206224,4.666649355290729,0.8222235461785271,0.05628026,2918.31259548,2877.48614145,0.0,0.0,188.99424989,,,,,1.041297346012024,0.05282106115261249,0.8350499590665741,0.055456241587528474,2908.0614111111113,2873.9934708333335,0.21983924445886152
1026,material_nocable,3,False,0.9035229983668812,1.3800745288419467,11.565646961059404,1150.8350190382062,7066.062965731385,4.772466049685907,0.7508404781857313,0.1742284,2083.14127368,1864.5312114,0.0,0.0,98.96637275,,,,,1.5945272541021667,0.053086967391605615,1.3624806305821298,0.055437242438039804,1940.5157000000004,1924.2496956521736,0.15694690888171997
1019,material_nocable,3,False,1.0896772835894857,0.9924106355074934,36.59210159300525,935.2001412284474,7701.416838233902,3.937822495295489,0.7866546364142665,0.13080906,2441.52530471,2286.63172836,0.0,0.0,116.62189825,,,,,1.392942424066053,0.05292069357837502,1.2066677364633482,0.05569417941774727,2359.8439,2316.940159574468,0.14330970884093686
1025,material_nocable,3,False,1.3035702141459846,1.2490685452307695,42.663342075065984,659.9361924929578,4237.119617800165,4.507129758092692,0.6777351075484784,0.07037077,3144.39861587,3105.71986152,0.0,0.0,161.07485317,,,,,1.1186527854200177,0.05279238747044831,0.9027002312494675,0.05519875287743416,3119.2963933333335,3117.481760416667,0.21367129085286432
1021,material_nocable,3,False,0.8011327492720388,0.8668197225286802,75.50158640577126,1050.6085197723453,2524.4449863328477,3.218191475208382,0.584933861819874,0.5551812,1324.74357001,902.07728203,0.0,0.0,29.07358097,,,,,,0.15524377728141053,,0.0666787951839925,917.7563470588236,1090.7857756756755,
1022,material_nocable,3,False,1.3059976925758048,0.9915690908362308,82.88063290157662,725.2860751711954,1823.807792965414,3.152855796418073,0.8486794167257179,0.09527622,2181.20158122,2128.13467668,0.0,0.0,132.64931091,,,,,1.2557755845228422,0.0529373234972267,1.0137015351843843,0.05515966437551755,2118.4167555555555,2170.673322916667,0.21333024002435116
1027,material_nocable,3,False,1.2011410898210988,1.1307993252383506,19.73757715328848,841.0084069626805,7293.765087558644,4.396068265362827,0.6592086418237431,0.08692937,3285.09542724,3210.91244515,0.0,0.0,165.41524413,,,,,1.1930872527979957,0.0527863410001975,0.9940092058238892,0.055364092342366104,3261.7916222222225,3209.627420833333,0.1820477978365416
1028,material_nocable,3,False,1.344973645514242,1.2629022777232517,74.32071528430743,1055.1580036110968,1663.261481566161,4.518949422944571,0.5910078941310883,0.25009951,1729.96257323,1557.21372549,0.0,0.0,65.70997215,,,,,1.9905756519934026,0.05301147063807128,1.5776094167066022,0.054369982306169115,1543.8114658536583,1676.3924363636368,0.2314713095513604
1032,material_nocable,3,False,1.2219801945560624,1.2407515653849148,78.32760673802271,1168.2381096566287,1654.9460712595271,4.721323543334897,0.7623676696206588,0.23970486,1967.56070743,1766.74015991,0.0,0.0,71.2377089,,,,,1.9062795386923692,0.05292415543143689,1.551584383359101,0.05464253312799918,1752.3386809523806,1896.175822727273,0.20515275518582918
1029,material_nocable,3,False,0.9235770532043066,0.9378805756485566,35.76399174715985,806.043938795539,3801.115826723989,4.067934852955839,0.6158281077714529,0.36639333,1117.76707655,848.02012438,0.0,0.0,25.16869774,,,,,2.0396693012405303,0.05448509986579605,1.9672090149053967,0.05586010234160814,963.0001051282051,910.8152928571428,0.03616794951978004
1030,material_nocable,3,False,1.1204507802431494,1.1136602137189444,86.05854101297639,697.837012427216,1290.5000498998552,4.700197204835519,0.8666685498911062,0.19380393,1340.64602257,1226.16427007,0.0,0.0,54.71858957,,,,,1.7166437901385665,0.053218281333786976,1.4038518833423599,0.05503221649096395,1214.1637363636364,1306.6433086956524,0.2004757830330756
1031,material_nocable,3,False,0.8905663498573096,1.0921002825729065,68.50308148067964,666.6959968567126,4514.545972387816,3.760930252370142,0.5080101072275652,0.32555356,889.57200507,647.07588908,0.0,0.0,20.27194196,,,,,2.03039577207781,0.05323751680865797,1.8284924241767133,0.055604494157241245,682.6880874999999,748.5337840909091,0.10464327424519126
1034,material_nocable,3,False,0.8623305778338072,1.063439429492309,38.29750219150666,481.44961475918177,5374.783786998552,4.233779845850009,0.6667428671509776,0.29338299,674.12992634,490.49386137,0.0,0.0,17.53674801,,,,,1.9381352509000376,0.053522477465908005,1.7776443828595403,0.05647841388577514,544.1519536585365,532.4734666666666,0.08638341551924311
1033,material_nocable,3,False,1.2301914291511595,1.2481154203742166,54.61172353138292,1137.9753976441118,4339.040288576238,3.106794471345378,0.5866987954234995,0.15281274,2534.59065083,2393.16869668,0.0,0.0,116.5991997,,,,,1.5139032893866966,0.05279568232967991,1.286641446769576,0.055029175891007115,2421.345859090909,2453.4427369565215,0.16229831266972436
1037,material_nocable,3,False,0.9782932363671536,1.357220065366506,88.88421621363845,846.1451810527925,7979.528993890491,3.8117093274580327,0.757673322755362,0.09015613,2758.75663744,2678.80283468,0.0,0.0,151.05916,,,,,1.2106899266486582,0.05286147196063112,1.001654020235194,0.05535444415480651,2697.921277777778,2711.2588541666664,0.18897234013535466
1039,material_nocable,3,False,1.1574566046901718,1.2888778060515849,47.73518297863633,205.6797263643482,7560.2114352274675,4.288016432831402,0.4910033121441245,0.03108437,2170.56476393,2162.97692698,0.0,0.0,110.71538359,,,,,0.9143617703091094,0.052834843372570425,0.6959684231906382,0.05527499578858096,2165.0958066666667,2165.793610416667,0.2712404549079895
1038,material_nocable,3,False,0.9398627038925966,0.948872500996074,40.83809178965636,769.9172763713722,6310.719716825931,3.701129156171705,0.5684449848651258,0.30815602,1145.12936382,878.01022113,0.0,0.0,27.69202192,,,,,1.98158357258644,0.05361265615762685,1.8328289481946842,0.05565481728728443,978.8388775,957.2082119047618,0.07799608646486583
1036,material_nocable,3,False,0.807733203939742,1.1013781401370444,31.93038968110642,816.6479062447656,4462.384423040764,3.2963320662313254,0.4530916992156543,0.38605157,949.44075631,690.5450622,0.0,0.0,26.86836677,,,,,2.129224586952664,0.05497919936442813,1.895615026245604,0.05776886598421199,743.5845921052631,774.9843804878047,0.11608391049472222
1043,material_nocable,3,False,1.3217075373163445,0.9503525066134352,41.63239914691097,403.22451889948667,1257.9436058341246,4.29724379549161,0.8007176970015405,0.09793585,1206.33743089,1175.0242631,0.0,0.0,74.31676303,,,,,1.2621083642221236,0.05274622704176959,1.0462642954143562,0.05505774895838953,1186.9823295454548,1183.8132145833333,0.18700972558023476
1041,material_nocable,3,False,1.398786380623482,1.274615706218,29.787811087429557,731.8819314959925,1458.1528158512317,3.4038964280543325,0.4612701876791193,0.21889882,1269.85451707,1167.66109085,0.0,0.0,53.31391115,,,,,1.7475075755749296,0.05301847692715578,1.6050689627655659,0.05477289894783745,1222.9219219512195,1180.1274159090908,0.08497262399853814
1040,material_nocable,3,False,1.0301785189165524,0.8689158065044728,9.472646037022315,1191.834232588863,3294.5052648028445,3.113976186349339,0.5039379301967446,0.38910608,1518.19737078,1227.41644936,0.0,0.0,56.00021816,,,,,,0.05299757823259418,,0.10988688843389598,1441.2932897435896,1178.2845414634148,
1045,material_nocable,3,False,1.374830391443103,1.35205588828653,10.240413908080798,435.61481107100326,3816.158780942407,3.5663639816725747,0.7408054843627307,0.03046626,4485.21400437,4475.69916137,0.0,0.0,243.4594006,,,,,0.9107001962585423,0.05283011142293168,0.6932965321355468,0.055277021079295226,4481.90997111111,4475.8014416666665,0.27107744083824736
1044,material_nocable,3,False,0.9850277246521908,1.184956543447565,24.06196903341204,356.0576897234316,4089.581323859159,3.135204411461283,0.7074277176003289,0.13052666,826.81881141,766.15103113,0.0,0.0,41.7632144,,,,,1.396990463540728,0.052947139831704404,1.1938414570264209,0.055532429272316476,792.5383133333335,778.7179276595745,0.15682144789217864
1042,material_nocable,3,False,1.0487840986104469,0.947613966598558,43.94314954317729,944.870176022942,6282.254370141375,4.979068012782767,0.7472173304751614,0.2066108,1796.34033236,1568.06634836,0.0,0.0,70.2414397,,,,,1.7160745427492583,0.053119880048340826,1.5165145429328262,0.05554941346165612,1648.1720071428567,1645.9300355555558,0.12346759487639888
1048,material_nocable,3,False,1.11146856072205,1.1073076016789936,18.798588899439483,447.99796585654974,4131.332235966537,3.1943096135670834,0.6899334505079977,0.10794043,1349.73917166,1294.97795661,0.0,0.0,67.25114237,,,,,1.2889984394574492,0.052819544934980645,1.098025497833646,0.05550693994174734,1329.4029333333335,1297.0648645833335,0.1600092388185501
1046,material_nocable,3,False,1.0813113118571385,1.1862119056313851,11.209042162576663,1108.3340031779746,6222.373792104303,4.888604862966832,0.6855481549118005,0.17251833,2419.67165912,2213.6954295,0.0,0.0,96.8833239,,,,,1.5465033859041715,0.05275694399947803,1.4118333877349363,0.05569007425755236,2350.625559090909,2204.035480434782,0.09104439992717599
1047,material_nocable,3,False,0.9464738627870944,0.8749932782898493,85.59981117812235,681.0892158634505,1019.926161332689,4.568111600263897,0.7848129570299833,0.4410267,869.51339623,670.9535016,0.0,0.0,26.29473231,,,,,,0.12679804117072438,,0.053956451786263473,652.4501897435898,802.1584731707317,
1049,material_nocable,3,False,1.075272041411129,1.0624742866372423,76.47428036992025,974.0427082551946,6303.035302831584,3.4506781970243297,0.576568159636011,0.20494551,1796.14156422,1581.56228192,0.0,0.0,69.13894019,,,,,1.780411726880788,0.0532545674363906,1.4447394988010458,0.054967728989296194,1563.1791232558137,1728.3296652173917,0.2081590626862945
1052,material_nocable,3,False,1.1049180880757932,0.9184334870475512,39.426391043763125,1047.6819810845532,2407.8847116879315,3.2506096951896706,0.4712954355092375,0.37131243,1354.20413154,1122.57728992,0.0,0.0,52.18335332,,,,,2.164958227000225,0.062169510224497786,1.9910063282257677,0.05486434462302494,1213.0163305555552,1195.37971,0.08371192605852161
1053,material_nocable,3,False,1.2079743315347151,1.2024053765712048,41.1408997659528,1154.504636314046,2203.672497192256,4.838824713249162,0.5487098626019108,0.30612354,1754.80778616,1506.29524448,0.0,0.0,54.58854187,,,,,2.0224175743206736,0.05523905240844474,1.8286902964532863,0.05476277602555119,1596.8505475,1578.9611186046511,0.10060859595109384
1054,material_nocable,3,False,1.098246342722499,1.1938019820699537,8.164806717034438,694.2585124104158,3983.003038431655,3.9685450860107774,0.8197009744723927,0.09854755,2329.22916521,2261.81090658,0.0,0.0,114.07859158,,,,,1.2463162737949327,0.05282461513708558,1.0477951477428413,0.05544738024118781,2304.833004444444,2263.422958333333,0.17307016929371283
1057,material_nocable,3,False,1.066782119264134,1.2809614513579124,41.51706044422722,1081.35053892206,4943.798707412923,3.90902759934848,0.5475404623975842,0.2155939,1867.41739989,1637.79793396,0.0,0.0,68.84102608,,,,,1.7357944001634469,0.05281891620095465,1.5423316190427934,0.05522333280712677,1712.5123047619047,1702.3856934782607,0.11803254663620177
1058,material_nocable,3,False,0.9187661731104096,0.9978775450120284,43.87792673246778,1114.0469500398829,1110.9848020511556,3.8004489050159007,0.7763684640520485,0.49704263,1404.22848582,1043.72662531,0.0,0.0,27.85431757,,,,,2.154373602500399,0.05679394176451507,1.9792851694006932,0.054136577661123786,1138.4770970588236,1157.3774685714286,0.0847135396321945
1056,material_nocable,3,False,1.1266144153841229,0.9263015450717484,86.88900746897927,436.02230253974506,2226.3721651759706,3.277777713096309,0.5248815159810672,0.23080251,737.17630024,654.96762305,0.0,0.0,31.75338031,,,,,2.02369244766816,0.053636746807617465,1.473898577233271,0.05478054256958611,627.1655333333334,725.1442888888889,0.31438430995538325
1059,material_nocable,3,False,1.0725415117136985,1.0081786572046845,49.03323285631361,340.814050504776,5955.005862573537,3.950266004502096,0.5233019816110667,0.13831217,927.79507395,851.91124371,0.0,0.0,40.12004755,,,,,1.4549741803746612,0.05304537407403268,1.2290510103455219,0.05543168600445102,871.6633681818183,882.7879456521739,0.16834653475701483
1060,material_nocable,3,False,1.2227867170353286,1.3257308888292925,21.004664929753847,408.038338232523,1639.5418111032038,3.269504061832245,0.5515718356984518,0.15032048,926.33319865,875.33718445,0.0,0.0,42.00557526,,,,,1.4793286597208843,0.05274619581821729,1.295965128281091,0.05525376236907778,902.7442500000001,879.6711304347825,0.13213990694066508
1061,material_nocable,3,False,0.8702414596753478,1.0432507539517797,81.79604046792396,344.17768125277007,2076.9857311145925,4.787455359808309,0.5973848162845191,0.3616978,478.99877093,341.78077678,0.0,0.0,8.37124361,,,,,2.1519909049332773,0.053395414750687854,1.8140314524268266,0.055110375857012665,347.6157923076923,417.7521904761905,0.1704274066328794
1063,material_nocable,3,False,1.0765311544894112,1.2088552660330247,44.88741521985929,1172.0515607968125,5827.7122964322525,3.999272300619259,0.5402044026410164,0.21952426,2062.86512147,1803.28160207,0.0,0.0,73.61239886,,,,,1.7582916606652532,0.052824415819070415,1.5549685148934735,0.0551028166245651,1881.339157142857,1888.8021444444444,0.12273297899854338
1064,material_nocable,3,False,1.1122502049928986,1.1960223645216548,48.53807384528619,701.2188757440816,1073.161796527654,4.294447999302976,0.4695050132147035,0.42595871,943.49822181,742.32664901,0.0,0.0,20.62626132,,,,,2.2060689908759277,0.057322474447668165,1.9536414510375124,0.053810468787764784,790.5355400000001,823.4446459459458,0.12136784199926197
1062,material_nocable,3,False,0.9579491410151024,0.9307307182320146,28.32403264195167,388.25151619625,5063.688317281649,4.515710346973835,0.7774145824056242,0.23834864,686.77685737,547.70006824,0.0,0.0,21.1538292,,,,,1.7314235472350084,0.05295259803338734,1.723085413205898,0.05697727669329263,631.2925095238095,559.240011111111,0.004827391750662138
1066,material_nocable,3,False,0.937436868253852,1.0854910404381402,29.15015694857728,631.6662707772714,7310.432421659924,3.791827610407227,0.4728127632814299,0.25659417,955.31601291,725.45878045,0.0,0.0,28.19785375,,,,,1.8492418988987704,0.053042544775045386,1.708330341860535,0.05594984532557318,818.436204761905,763.1296955555556,0.07921781906425056
1067,material_nocable,3,False,1.1352470485078985,1.02643518108868,13.549438411493377,288.1572875854598,3626.025031576655,4.790050202637307,0.8132758701064717,0.06094179,1548.16344975,1526.00462992,0.0,0.0,82.23423762,,,,,1.064414358469814,0.05282579279566458,0.8571681524177066,0.055438036036894116,1543.1888933333332,1523.6134145833332,0.21570367639991342
1065,material_nocable,3,False,0.9720041232902722,1.1347143406693656,0.9507387530412688,254.56132382586156,7216.751682711915,3.3325062536652887,0.7191820552394013,0.09876427,741.2394455,693.8741757,0.0,0.0,40.43885361,,,,,1.2518319256117394,0.05291694698537494,1.0456116191876774,0.055553718620006624,718.6342,700.3433229166667,0.1795215441884266
1070,material_nocable,3,False,1.0822857326344095,1.1415459174419391,12.377982847270404,416.2673003625613,1921.0681626026635,3.665640099752779,0.5631567557336332,0.22946702,708.37117358,615.8198322,0.0,0.0,25.03438365,,,,,1.73012617124958,0.052683529572324146,1.656413410612362,0.05564831000858873,673.7929452380953,613.8836369565217,0.043532791426397634
1069,material_nocable,3,False,1.1043542467878231,1.3926174366818618,76.87216482897175,361.95302683095736,1952.4051121065745,3.3930555091615537,0.5440844936044875,0.14631958,790.57906008,740.87054348,0.0,0.0,37.64648502,,,,,1.4719039009356434,0.05288124022492809,1.2628357392843608,0.05531118051729564,749.2462733333334,763.287254347826,0.15289803722190057
1071,material_nocable,3,False,0.8389736412824571,1.2730998010687935,44.80009332330931,457.0291686279898,4921.628153135365,3.352782955785925,0.7498947213344187,0.17293332,728.02839526,655.76765227,0.0,0.0,43.06010276,,,,,1.5780726072886315,0.053361154795328374,1.380791522226777,0.056137278953681605,678.7764644444443,678.5345217391305,0.1333492018737369
1068,material_nocable,3,False,1.3115215711448318,1.209854810524882,63.79293783537955,1005.3724502773864,5277.858877920536,3.6411422348204,0.6450680743463534,0.08835898,3707.80795738,3637.12275714,0.0,0.0,193.97854761,,,,,1.2149075361381096,0.0528166539571172,0.987941542776719,0.05513213575012402,3640.165908888889,3679.2254625,0.20606585855913387
1074,material_nocable,3,False,1.1518671018785964,1.1313517544613143,17.12035903894261,779.9444314334763,5524.681342535584,4.65903791144573,0.8998419039431511,0.04384813,5747.51399758,5713.97655387,0.0,0.0,303.61291987,,,,,0.9794086946301337,0.05283190319010156,0.7645345692901799,0.0553213316396658,5736.683088888889,5713.604916666666,0.24642329803427832
1073,material_nocable,3,False,0.9219370064622489,1.198493173973057,57.44481801039693,1088.311023562104,4057.738618033316,4.920505578418611,0.8868945934344064,0.2109781,1988.24245566,1743.81368527,0.0,0.0,71.2326293,,,,,1.707043376478517,0.05315028605774599,1.5032676581014603,0.055595474763303794,1798.2490454545455,1842.0019652173912,0.12695076345069328
1072,material_nocable,3,False,0.9958526765217216,0.9541753548794398,35.38390944400597,552.0186051968644,1232.346033669167,3.055992719061994,0.7052005296786598,0.36212268,710.49310623,562.69669262,0.0,0.0,18.43033348,,,,,2.0380051548205618,0.0542425775411055,1.9512127959751988,0.055542899425215515,624.7840749999999,597.6858452380953,0.043513470517723814
1075,material_nocable,3,False,0.8498833433940202,0.8124836458451871,45.28771237168816,604.7535598218947,1540.1646177475486,4.683623644040258,0.855897463070769,0.43432212,790.8285831,590.68701171,0.0,0.0,21.6798198,,,,,2.110989298182688,0.05881513968125038,1.921950088401118,0.05485151374579702,649.998722857143,669.1763717948717,0.093747607717804
1077,material_nocable,3,False,1.331609044762264,1.0115974631599425,65.91463837345388,918.2274323567522,3237.9801344723514,4.19016897158465,0.8672775349832197,0.05747266,4604.46851853,4562.58684823,0.0,0.0,286.17043459,,,,,1.0562992187719744,0.05282974480709703,0.8326368489430152,0.05519483021369533,4560.79978,4590.799529166667,0.2368130649329169
1078,material_nocable,3,False,0.9737329162534644,1.328232056348674,13.852559116204707,364.7723243288007,5884.572525750634,3.5073249669530453,0.6600984889646464,0.07979436,1242.57583135,1208.35706662,0.0,0.0,74.63915663,,,,,1.1643227806016858,0.05289274427351056,0.9469079176729025,0.055329258866209256,1220.4944977777777,1218.5089895833335,0.20596030846507346
1076,material_nocable,3,False,1.1990834156875698,1.0798725025913962,44.432524889528366,343.0819986401001,2660.8856330554736,3.758495216581764,0.7345114094050214,0.08040823,1371.36581548,1344.22947036,0.0,0.0,73.13247602,,,,,1.1677295289214786,0.05282922280261669,0.9531998297585945,0.05526382412123972,1353.0775844444443,1353.2352749999998,0.20229782598359927
1079,material_nocable,3,False,0.826729306132503,1.36489092551546,85.25143847766986,1008.3032965136528,7999.920521876631,3.918634874765324,0.8354605546598834,0.14055074,1886.72051138,1736.93006052,0.0,0.0,116.22929268,,,,,1.4181186716514247,0.05285136202264438,1.265376313927206,0.05591628696362358,1807.1506311111116,1761.7907978723401,0.11383837759717925
1082,material_nocable,3,False,1.1380967568298288,0.8445930799839226,51.29107701372949,832.0030703755915,6176.3011590615815,4.640313083085338,0.7561228434707574,0.14004321,1981.90297832,1841.6955549,0.0,0.0,104.93996177,,,,,1.4794344689677854,0.053127707362082506,1.2309064159774987,0.05530816154310468,1870.344497727273,1906.7057130434785,0.1833924687265336
1081,material_nocable,3,False,1.3344471624704322,1.225423083105626,11.812937494562576,1196.41910058726,5767.472738423994,4.76511064617055,0.4575160091309839,0.13282172,3334.65255604,3208.12335544,0.0,0.0,155.78777706,,,,,1.3963918018227985,0.05268044079501547,1.2403040933363614,0.055244022678052236,3307.694359090908,3189.821155319149,0.11839644364980148
1084,material_nocable,3,False,1.0552937784746483,1.1927484043776198,44.61992155381772,1131.0573561453905,7378.544594811929,4.4128747327290565,0.5672715042421864,0.19943793,2158.69713548,1903.13204627,0.0,0.0,80.37207108,,,,,1.6856932469935857,0.052860614047389926,1.4829512023615847,0.05523846000795884,1984.9075046511625,1983.1900347826086,0.12796768326169233
1080,material_nocable,3,False,1.2830401192586425,0.9404291921293992,3.2001800145235344,1006.5679097428424,1760.414472864959,4.661091858197571,0.4786484066757439,0.31270299,1383.55294998,1206.01129998,0.0,0.0,66.48511431,,,,,1.8310861146767776,0.05236648687139438,2.3013395498186466,0.05460415441470156,1357.24707,1155.5947953488371,-0.22759196332659873
1086,material_nocable,3,False,1.0340507322381398,1.2501224601017888,89.34753317393326,528.8109333141149,2453.9404173518874,4.930143038431335,0.6040086601161856,0.23505747,913.38364051,784.47567543,0.0,0.0,29.87355094,,,,,1.8406239443939296,0.05311928429190469,1.561705611943749,0.05518541303700002,780.8695142857143,860.8189822222221,0.16395726976572653
1083,material_nocable,3,False,0.9879108586970488,0.82066004427526,33.48471142031843,970.8904047076998,2953.047388787182,3.346463004987841,0.8544980150802178,0.30573675,1303.06258022,1060.27683516,0.0,0.0,46.91260705,,,,,1.9072716642917114,0.05378025312682473,1.8818379726749725,0.0563793883590537,1185.06907,1105.6930071428571,0.013424626919531089
1088,material_nocable,3,False,1.1958486326960016,1.040893406762294,48.260015537398345,765.8019765149405,5213.451369209269,3.818456298771544,0.5122505411843856,0.14839849,1866.89178176,1758.43966317,0.0,0.0,88.00202002,,,,,1.5076770588517092,0.05287581480837225,1.2761895600141258,0.05501395384807098,1786.5275930232558,1800.2398891304347,0.16630645826838714
1085,material_nocable,3,False,1.3936045829115118,1.1647630848753878,4.761162170041593,1152.505123085068,6082.731269416193,4.953229095491737,0.7314712794300617,0.05861403,6261.54271153,6209.91057384,0.0,0.0,351.63784543,,,,,1.0543169413957123,0.05281142068749888,0.8462267682844063,0.055296931910181424,6251.854564444445,6202.3619,0.2189796236218421
1087,material_nocable,3,False,1.2414222335093985,1.075466939269207,42.12304653210175,791.868726703289,5479.138019820507,4.0490259432893145,0.7932637454280485,0.06100497,4053.31844165,4009.22681443,0.0,0.0,226.51515441,,,,,1.069715185533226,0.0528193699146291,0.8541700369473759,0.05525768338744288,4025.263255555555,4022.109329166667,0.22407277322701452
1090,material_nocable,3,False,1.0167313650754557,1.0106794137842772,5.992874329809148,703.9393121326266,3595.6425865470533,3.6252159200216383,0.7495911464564675,0.23324854,1174.06234983,998.59680728,0.0,0.0,41.23650803,,,,,1.706453826564263,0.05273296793731008,1.704560843048247,0.05651568722257208,1119.3485119047618,979.1228644444444,0.0011099239958595717
1089,material_nocable,3,False,1.2594646481012064,0.9212595218440256,21.93614843299344,474.5766012477876,6956.032280984853,3.4548891721126886,0.6881604079166052,0.04438521,3174.36363651,3153.65157678,0.0,0.0,197.85848568,,,,,0.9823165671809176,0.05281861419572188,0.7693492880850503,0.05531946810435636,3168.8005399999997,3152.288827083333,0.24315970817794014
1091,material_nocable,3,False,1.286724816671854,1.378783504045476,67.05205614328712,888.1979035863322,6828.918225338467,4.865560115800228,0.8430397540309151,0.02872371,10326.29821554,10306.59772046,0.0,0.0,523.54879965,,,,,0.9021059484772934,0.052834593462392096,0.6829834541827375,0.05526829228914126,10307.926004444444,10317.840133333333,0.2764796659757281
1093,material_nocable,3,False,1.2945840691150183,0.9591630601740528,27.302554502786407,1161.2575597606658,7160.447121248873,3.441123205591594,0.880339834884647,0.03582539,8937.79999441,8902.47797603,0.0,0.0,581.04770091,,,,,0.9384184500472701,0.0528267670385422,0.7222407176975408,0.05528836560546462,8924.38364,8904.002008333335,0.260351716413068
1092,material_nocable,3,False,0.8297360076093149,1.326919773929462,76.80750284045536,855.3301394913668,2287.25466375626,3.721340853246693,0.5984311713171262,0.35388529,967.89098108,724.01705151,0.0,0.0,31.39482854,,,,,1.9312403146411432,0.05359221531408631,2.026831618182899,0.056906507539799575,793.9554783783784,796.3050785714286,-0.04830195366032802
1094,material_nocable,3,False,0.834592315366235,1.3747045280667596,70.51467097074307,1149.690745841679,7315.802847394389,4.554006684326986,0.6108696562771567,0.24142349,1425.58130749,1180.50655076,0.0,0.0,73.81968104,,,,,1.7412117848577828,0.05336497996264914,1.7157918632322073,0.05687839562156448,1275.2881511627907,1228.7006266666665,0.014706331964457205
1095,material_nocable,3,False,0.9196599395942822,0.9343821105295336,84.78688861259046,592.8098782211578,7645.725041198671,3.8630160999478167,0.5783665236510235,0.29513523,914.65269544,690.80612683,0.0,0.0,20.82358491,,,,,2.1854887768104843,0.05423719054287026,1.6338672665841727,0.05511600890031467,662.1305952380952,846.6736590909092,0.288855767285853
1097,material_nocable,3,False,1.304057991372486,0.9314053111840774,56.2953922596798,476.902880058535,1220.1511904197082,3.414174782078586,0.5139325305818496,0.2203701,765.2032323,700.60140058,0.0,0.0,40.12464285,,,,,1.9021854607756457,0.05516150361391508,1.5273538698349762,0.05497602344019147,706.0834024390244,737.4052511627907,0.21859005236947174
1098,material_nocable,3,False,0.8354383375105995,1.0306953503480578,58.3244894258044,803.3075694739563,1321.9898311524996,3.546598263807391,0.4880544714443271,0.58855627,1022.42687254,684.85186212,0.0,0.0,20.31757853,,,,,,0.14701656128605034,,0.13557826566733042,721.3314625,802.9626971428572,
1096,material_nocable,3,False,1.3273882541010913,1.1923808747469482,12.712554416587375,922.010161625009,5893.03202866757,3.7299247799070128,0.8722384759415928,0.02719576,10234.83055127,10216.17451045,0.0,0.0,586.19724406,,,,,0.8933725278936525,0.05283139888889499,0.6757438163065101,0.05528080672183723,10229.135271111112,10215.622106249999,0.2773901532433222
1101,material_nocable,3,False,1.0709187609817543,0.8726252266117042,25.77257035121368,572.8099755950279,1306.0247591276056,3.865857998262309,0.5850048065473776,0.37112699,738.66695806,607.86123999,0.0,0.0,29.15529346,,,,,2.0013929429238,0.05898188742187808,2.1708117002439002,0.05503875801478438,688.4435621621622,621.2346074999999,-0.08121306206661566
1100,material_nocable,3,False,1.0572513042347205,1.1544249999465448,37.72761150180408,649.680675824128,7835.7439193160435,4.227616342146236,0.4796364662051391,0.15872956,1471.88280917,1325.58195939,0.0,0.0,61.14885854,,,,,1.522203995621181,0.052859351161758016,1.3305828736415783,0.05542995174044468,1387.2686772727275,1357.8178130434783,0.1343395989684452
1103,material_nocable,3,False,1.1013459161798351,1.2247703009364714,26.25958441416101,470.1500907164797,6908.61330438415,3.9455718350563815,0.8289818779552933,0.03639805,4115.10543179,4098.16861574,0.0,0.0,214.96189134,,,,,0.9414451746450527,0.05283660635284224,0.724319355377381,0.0552945368127731,4106.79556888889,4100.722729166667,0.26069209105412705
1099,material_nocable,3,False,0.9990175411686008,1.0203444889641702,37.9319310574719,756.7346343904834,5712.709654326892,3.090346144348904,0.8215089343984779,0.18338373,1444.66597728,1266.32169117,0.0,0.0,59.20947598,,,,,1.5987879160505005,0.05307204303370938,1.4268548147729265,0.055943882004997565,1340.7824133333334,1307.762245652174,0.1136506300139293
1104,material_nocable,3,False,0.9845103157197856,0.8245141518533274,33.80896901039328,657.3266607122248,3576.8838348490945,3.988476514751904,0.563778970669514,0.33686851,931.94819264,768.9255861,0.0,0.0,35.6619237,,,,,1.9836649635246837,0.05812639355704223,2.0102249453997563,0.05546931671423709,859.3975864864866,805.3644824999999,-0.0133003074600147
1102,material_nocable,3,False,0.914980835493389,1.1836646863579852,2.2655887821163434,747.8608837018112,5415.176809573139,4.443118541885481,0.4671513797115629,0.29305755,1031.40560568,772.10574191,0.0,0.0,28.56417393,,,,,1.9515664989900054,0.05305643173641302,1.778364001786332,0.055739496619630305,891.4213,805.4204911111112,0.09287170212293422
1108,material_nocable,3,False,1.3831655657628033,0.8847597987866308,60.45280681742721,378.2630865780105,7586.827121124908,4.531568811430029,0.6583419401106562,0.02054402,5085.70255899,5079.8534956,0.0,0.0,354.4630463,,,,,0.8593510254203723,0.052819035073910184,0.6392993708496879,0.055254771833135374,5079.795442222223,5083.5299395833335,0.2936664282989061
1105,material_nocable,3,False,1.3606590724843857,1.2822892381953734,59.5500769119586,1157.7776747673545,5833.9419704310985,4.000356781796313,0.6749564633415375,0.07264309,5210.42079588,5146.83451141,0.0,0.0,273.05922086,,,,,1.1333064874591696,0.052802371132112384,0.9113212801876777,0.05516585979260341,5153.451522222223,5180.97888125,0.21713997118113457
1106,material_nocable,3,False,1.2160179879603803,1.126549485701499,71.16729813585873,1174.9835868901175,5672.877775084366,4.572936095721238,0.6613240113649922,0.13577771,3062.49563568,2917.61855861,0.0,0.0,144.48152989,,,,,1.4610135087965854,0.05292626082284173,1.196541899471203,0.05498571603478515,2906.2512249999995,3017.7686891304356,0.19903374996630213
1109,material_nocable,3,False,1.2167020477913713,0.8543555568982522,9.566130157257916,939.684365301865,1380.5795020768496,4.223341684709991,0.625835248494296,0.33306597,1170.82306029,996.8915086,0.0,0.0,57.76910843,,,,,1.873587876956197,0.0534219562881128,2.3649010438014106,0.055310184326840484,1135.9498512820512,960.9868095238095,-0.23183411637060217
1107,material_nocable,3,False,1.355958015799233,0.9731345043648868,21.73982220317778,1074.7403545520824,5600.849386390319,3.196385417354602,0.8606959045446866,0.03747967,7725.5904381,7694.93315951,0.0,0.0,516.1509572,,,,,0.9470508490560516,0.05282134844659237,0.7315155126586016,0.05528116453616222,7716.201555555555,7694.08028125,0.2568088355795251
1110,material_nocable,3,False,1.1508425961090163,1.0570214745775433,46.88087175683909,591.6025258832184,3401.198030331156,3.003553886370036,0.4570704853162841,0.1965747,1125.29235135,1017.65288783,0.0,0.0,46.95697961,,,,,1.7022848220984719,0.05297849752298634,1.474409948886429,0.05500128483471453,1047.9257071428572,1058.0254066666666,0.14346664671305048
1113,material_nocable,3,False,1.1448679639305204,1.036223629787026,15.817786901241444,331.4293861727035,6121.735267610585,4.430870836930769,0.8692007590843838,0.02766427,3764.31507305,3753.71040026,0.0,0.0,208.94260829,,,,,0.8954448202742946,0.0528358793933385,0.6781075642215662,0.055307367603338806,3761.560555555555,3752.9401041666665,0.27623771308046996
1112,material_nocable,3,False,0.8062553901016846,1.0580211462209996,47.66931019248019,507.9915111693824,2689.723724127244,3.0380897470022554,0.5297750724910877,0.38887697,602.4875176,428.77057541,0.0,0.0,14.20876038,,,,,2.0642562084193354,0.05470942683895406,1.946747104598946,0.057677127641347505,470.50092162162144,481.1157476190477,0.05859337160804479
1111,material_nocable,3,False,0.906697543753958,1.284076081691614,40.540602982832006,439.975765874745,1337.806819171769,3.0252594187345787,0.5155200107596031,0.32575763,521.97702055,403.74176511,0.0,0.0,16.0572821,,,,,2.0045471094800713,0.054260454179598454,1.8272565694922343,0.056866242016827453,438.629912195122,442.08344761904766,0.0925363378926483
1114,material_nocable,3,False,0.8094416828979693,1.081762958826477,3.58354035028845,782.3802875575119,7198.728056450927,3.2556075454095463,0.5797799466291743,0.32532922,1057.49832244,761.28434994,0.0,0.0,33.68847717,,,,,2.154615367282046,0.053816558041696154,1.746317390023822,0.05595657859335316,748.372045,863.3198255813952,0.2093335120906877
1117,material_nocable,3,False,1.140351317831561,1.2752713022922926,61.89080456549583,277.66837146856767,2806.018930557003,4.141726262515078,0.8741380296686061,0.03023004,2966.75512678,2959.52544249,0.0,0.0,153.34699695,,,,,0.9096141943099816,0.05283919529953875,0.6910629663295316,0.05527642653793616,2960.5601911111107,2963.1372666666666,0.27307346334988997
1116,material_nocable,3,False,1.2814031388030942,0.9645386479636042,89.99899813029529,876.4304831989431,1930.0525622641287,3.422081743646169,0.5898899303920837,0.23312944,1350.09190883,1220.71896682,0.0,0.0,65.88617926,,,,,2.0076054437788584,0.05317097142577256,1.4918559961762308,0.05484941582729067,1186.5232386363637,1328.5722044444442,0.29475932594316373
1119,material_nocable,3,False,1.10629363637102,1.064436396337507,78.79137947963955,735.9230380445931,6680.4323289174135,4.246420709346253,0.635869061849476,0.14161517,1873.36551095,1747.40351468,0.0,0.0,83.8307202,,,,,1.492373218259449,0.05317666376184535,1.2128780032623525,0.05511591909868934,1729.7389044444442,1842.380597826087,0.20663161541046843
1120,material_nocable,3,False,0.817544969846352,0.927750544291553,47.90634097405501,253.4088997590376,6582.383479680233,4.804127104155072,0.5370848358705023,0.34474448,1039.67095929,294.61448894,0.0,0.0,7.65316852,,,,,2.308933760504465,0.054418335582767666,2.019575431486109,0.05703744727471415,303.0873675,304.05262857142856,0.13369884003193577
1118,material_nocable,3,False,0.9428303219879716,0.8859287104816324,88.27777795263212,982.6446242383842,4044.445798496234,4.989961573355976,0.7248833886090392,0.35187081,1393.06862116,1096.84194265,0.0,0.0,40.718496,,,,,2.398400689457574,0.05402587759294653,1.6691762718117429,0.05456535879052906,1040.4422794871793,1317.1238142857142,0.3585546995616138
1121,material_nocable,3,False,1.142596688630125,1.0208145603237568,16.155232951874748,429.9016736968,7942.057683782801,3.8680357975821136,0.8634290727026634,0.02965182,4459.4383898,4444.74027102,0.0,0.0,252.12583266,,,,,0.9057913023114723,0.05283623660267007,0.6887550798784325,0.05531314152857699,4455.491153333333,4443.8006,0.27222315369085515
1124,material_nocable,3,False,1.2639594080234111,1.1442946172273063,63.16672473254832,766.5849033368439,7183.220345206602,3.576534615254529,0.5562638251172177,0.07608945,3329.95648075,3277.04331878,0.0,0.0,174.8524573,,,,,1.1525021466543908,0.05283379928532295,0.9274264801321251,0.05517223312536917,3278.349975555556,3309.5047104166665,0.21642633658060367
1122,material_nocable,3,False,1.1263153124203091,1.3969475723415798,7.495737988088745,261.2080734320401,2081.481464064801,3.0214955410054274,0.6246232911606235,0.07859544,988.76542504,970.48626429,0.0,0.0,53.64984633,,,,,1.1568520719578417,0.05284444746093335,0.9432609451582137,0.05530181105154838,978.6544822222222,974.2917958333334,0.20340917375288534
1126,material_nocable,3,False,1.3713891338293378,1.0250061409471487,32.65040151715982,1121.6233862406589,7790.507928395904,4.487999754968048,0.8161341397378432,0.03493729,9277.44447962,9247.11266452,0.0,0.0,584.74580902,,,,,0.934641806649858,0.05281646167164455,0.7175813059865469,0.055253282929835,9263.443744444443,9250.786920833334,0.26274962382889544
1115,material_nocable,3,False,1.2374538982811325,1.263656751732789,34.31587931637161,926.381437321921,7880.191116650654,3.117233352433268,0.71310029066791,0.05205038,5518.79037812,5479.1108768,0.0,0.0,297.45058777,,,,,1.0229336766952017,0.052825423392805444,0.8072436270645539,0.05527293241305076,5496.361442222223,5487.922233333334,0.23570399347380516
1125,material_nocable,3,False,0.941655531534138,1.309920622750813,32.8248399826553,772.6638162145459,2801.195357901691,3.188830722768789,0.6146743910594948,0.25412922,1056.44701332,880.14250517,0.0,0.0,39.94826433,,,,,1.8556804032634988,0.05333450123393082,1.645852242135821,0.05584931000815601,935.667557142857,929.6648777777777,0.11984932449701531
1123,material_nocable,3,False,1.08736383348072,1.29892612028089,24.44937434069935,1023.5447325298138,5039.00539571334,4.078692431230891,0.5747481964524306,0.18749637,1978.21946646,1787.97933181,0.0,0.0,78.83873486,,,,,1.6239780065063083,0.052790841358014,1.4490366129160794,0.055355491711208515,1881.2287681818182,1813.4658673913043,0.11385653194393935
1127,material_nocable,3,False,1.33814044695605,1.2449243140409292,39.21523024164314,583.4168203948655,7103.540276901788,3.493288182157058,0.6120394135455252,0.03824048,4854.1514016,4836.38959942,0.0,0.0,264.20800921,,,,,0.9520060766373272,0.05282136986075394,0.7344870182916903,0.055256249372490886,4843.512268888889,4840.903089583334,0.25795428276543525
1128,material_nocable,3,False,1.3513770592028762,1.0746862032143834,79.19750921297704,821.6897569915346,2457.4076846753387,3.751779303111261,0.5459134877970605,0.16603762,1703.33167715,1610.51562417,0.0,0.0,86.92297479,,,,,1.6430942079650224,0.05288477010166451,1.3053349134637033,0.05473839995268072,1589.8219674418604,1685.6759108695653,0.22911135427779955
1129,material_nocable,3,False,1.2714703217881462,1.0181686302168529,78.60617788803408,398.6170152316711,3831.861484623591,4.687909166364215,0.4602250485871362,0.09260936,1509.78434969,1476.61707532,0.0,0.0,80.01426896,,,,,1.253216253280518,0.05290960422546561,0.9995997979203018,0.05508059593595717,1467.8302866666668,1505.6148234042555,0.22515505003174213
1132,material_nocable,3,False,1.0533253379775716,1.1725395825183684,31.25139343889416,595.9125795509508,2248.802175951409,4.490237690133328,0.7558176574795682,0.20455393,1119.26341071,1000.67232776,0.0,0.0,41.73691882,,,,,1.6758240563700646,0.05278880163948703,1.5179818949106088,0.055459730342253676,1056.3603069767444,1019.5559760869565,0.0988426747693693
1131,material_nocable,3,False,0.8583554837014663,1.1161572488988614,66.32190731587872,250.3788568664915,4277.839173955276,4.0240339519781685,0.6828451323742519,0.24401985,398.95261985,297.50979825,0.0,0.0,14.33454834,,,,,1.793537655704378,0.05375212600664835,1.6850620106148468,0.056997806646452806,324.35390454545455,302.2116355555555,0.06236742108603228
1136,material_nocable,3,False,0.9334551710165486,1.297378868066255,62.143935508232495,937.951518744792,1176.382119989791,3.462909014822813,0.6065316819974902,0.44873006,1130.28337788,834.50102685,0.0,0.0,18.60465446,,,,,2.0935225973443687,0.053358057477399065,2.0014685364943645,0.05572602501632111,889.7433166666667,943.0046474999999,0.044959345620712375
1133,material_nocable,3,False,1.0496926742982182,1.118119637288371,5.881122136469637,216.6668972098425,5986.985217672707,4.761091366894808,0.6412816190960158,0.0793052,919.7992156,888.30887844,0.0,0.0,44.76700861,,,,,1.1543891302614016,0.05283358331513625,0.9541466613448084,0.055543062309003764,911.7249177777777,885.78029375,0.18993509117913085
1134,material_nocable,3,False,0.8180835204493873,1.0050125957990748,87.21924410513378,354.3084316977048,1683.7811638427618,3.692444656111193,0.8050348356569716,0.36450512,465.52318986,329.63438131,0.0,0.0,8.73026661,,,,,2.0695561179576365,0.053548646250159454,1.8499205595882058,0.055675283167875796,343.157655,394.12143636363635,0.1120739202902742
1135,material_nocable,3,False,0.9049577333761174,1.110537845049568,11.945798239970502,550.1289036440373,2738.548168286523,3.15904068278742,0.6866974300906058,0.28919943,750.93693726,583.08539508,0.0,0.0,21.52013065,,,,,1.9230556288801366,0.053114675698152466,1.758916712284348,0.05586855079817758,656.0835585365854,609.2381533333332,0.08915814752909135
1130,material_nocable,3,False,1.3099418309171416,0.907832859326686,42.49260548446862,279.4287195060463,7013.707811856671,3.3666701604403797,0.4739157740806926,0.03106548,2809.42878463,2801.87260624,0.0,0.0,174.89690565,,,,,0.9149100495237805,0.052815695305104715,0.6965791034303651,0.055245428228761995,2804.5250266666667,2803.8922249999996,0.2709679375665372
1139,material_nocable,3,False,1.3394751593594072,1.153016522379792,45.79068936407391,1035.1883718254217,1697.6661883586098,3.735896535131504,0.7159381145569494,0.19101902,1886.9202611,1754.51452039,0.0,0.0,88.09683048,,,,,1.683948783201711,0.053000000656923944,1.4542269633320584,0.05474775903741775,1794.649553658537,1801.8057386363637,0.14640468757901076
1137,material_nocable,3,False,1.1731012173803983,1.311871441056398,60.83247552161598,228.5209676088799,6475.915678828752,4.948816747409755,0.48666903811378,0.03900766,2006.84878482,1996.41987708,0.0,0.0,98.42695191,,,,,0.9564508332956464,0.052837137372928625,0.7377061229636422,0.055265180910504974,1997.5134466666666,2002.0149604166666,0.25823429113084556
1140,material_nocable,3,False,1.0030673338617218,1.1498495081724711,6.787303481983615,262.58366878915365,2020.5019393961,3.912031117500172,0.608333069494067,0.20694194,466.61083053,398.93387254,0.0,0.0,17.30765974,,,,,1.6707725546145162,0.05285837606210687,1.5468309907107438,0.05588278071077443,439.7740204545455,399.79042608695653,0.0770396738801725
1141,material_nocable,3,False,1.052393681353039,0.8505692635706015,69.34566697704129,482.6909113682072,4094.18061064685,4.72653143418079,0.7190238130964445,0.20950747,904.57377636,787.6074241,0.0,0.0,38.67821339,,,,,1.9222133855471901,0.05424745269598023,1.4145748780520586,0.054789059959279,768.6022452380953,876.117751111111,0.30426773735266255
1142,material_nocable,3,False,1.208136504905121,0.9907961663736982,82.71414081606696,870.788549310827,6466.260173683581,3.981816089038295,0.4585592021934728,0.14596611,2187.11543219,2070.99182237,0.0,0.0,106.74368137,,,,,1.552659738423704,0.05315697146925093,1.2194426624151655,0.05495070452912091,2036.1721340909091,2173.4991043478267,0.2404074798302568
1143,material_nocable,3,False,0.962090449447634,0.8526168357796722,66.93912928122221,1163.7411018025557,2205.94372219108,3.8156548075358976,0.8227928542878047,0.37722362,1478.82127976,1168.51126718,0.0,0.0,45.85436744,,,,,2.3051225726113285,0.055848351487590486,1.7477448025250348,0.05490623975621364,1172.5936605263162,1353.8031219512195,0.27505354530262166
1138,material_nocable,3,False,1.0306641147770543,1.1007062112996642,17.737724480925184,515.1977030543978,1594.6172805547703,3.1638892847430227,0.7737538881775026,0.23432535,824.23353697,715.97545443,0.0,0.0,29.65072166,,,,,1.7477561393984093,0.05277178970501013,1.6415421801956256,0.05574272669943761,773.8638595238094,723.9618,0.06267607580527518
1144,material_nocable,3,False,1.3231704030246187,1.2929102516896145,16.631338972434193,575.4587179393807,6881.765071546436,3.2224514049574053,0.767180312272248,0.02331872,7553.95799468,7544.10158793,0.0,0.0,419.01395556,,,,,0.8730809885572834,0.052832643818112326,0.6547233416669512,0.05527721260372395,7550.096882222221,7544.640572916665,0.28584504254976684
1145,material_nocable,3,False,0.9976850613252336,0.8375978543147928,40.230773806397934,843.3218503799665,5386.909454870632,3.85022301851822,0.4999386965069695,0.3186408,1255.85296798,1049.12323671,0.0,0.0,48.63250767,,,,,2.0193206400404744,0.05843316386620878,1.8957068591602975,0.055186769380438996,1140.8191405405405,1118.3636575,0.06314835893510935
1146,material_nocable,3,False,1.123496664238409,0.8774041258246542,23.72465472674616,1135.900771709496,2092.2834518272075,3.837543797236204,0.5712619630740867,0.37382218,1430.68705437,1188.96796639,0.0,0.0,60.92581797,,,,,2.000971982491822,0.059192782668222074,2.235415300837691,0.05483985048972327,1346.4825628571427,1203.974175,-0.11068077711800343
1148,material_nocable,3,False,1.3541698668754898,1.2773812032067622,0.6925241608054995,321.56625750177443,6003.910058815734,3.478030783951091,0.5321813278061698,0.02790962,3721.50478575,3714.26628527,0.0,0.0,200.08751463,,,,,0.8973268580232668,0.05283180572111446,0.6797861588376105,0.055281046917372414,3719.678446666666,3713.6621229166667,0.2758720483059032
1150,material_nocable,3,False,1.1193570853798152,1.079191605112382,52.61981015599279,822.6602692958223,1745.5644085618194,3.5170860084825715,0.5790174279169693,0.32487714,1139.50195242,950.10139113,0.0,0.0,34.00822572,,,,,2.1083398699751315,0.05479976231077552,1.800025443827124,0.05505281161987843,988.7002049999999,1033.8827666666668,0.15777154968559665
1149,material_nocable,3,False,1.367569768718036,0.8236889740145685,34.17529351223676,881.2263503814717,7124.457267396121,4.335236670048841,0.8864733424477389,0.02030601,10678.08498418,10664.16985451,0.0,0.0,819.08686215,,,,,0.8572507703061315,0.05283029345133035,0.6387296585282366,0.05526935245306427,10671.551873333334,10665.93690625,0.2921443456959678
1152,material_nocable,3,False,1.1802043669150746,1.071549305726801,50.0665881713059,994.5966067626896,3743.994248472832,3.907780388017798,0.5377910324188586,0.22152424,1760.17206684,1580.46249099,0.0,0.0,70.77373209,,,,,1.815920338588607,0.053354600946346906,1.5520958309934039,0.05484578859968402,1623.7486390243903,1659.2071863636368,0.15666463241947268
1147,material_nocable,3,False,0.9915954007072548,0.9939538368281968,6.473377504955493,462.8787730843075,3696.769367114014,4.609581600833653,0.7962638780061302,0.21230287,860.51229703,728.29641528,0.0,0.0,30.40466705,,,,,1.6361805545856014,0.05275938286169833,1.6434056169887212,0.05703473033480465,827.3082181818182,709.0779652173912,-0.004406081758572315
1153,material_nocable,3,False,1.254394169927214,0.862596492150411,50.40902619476594,720.6497942220985,3702.440028505705,4.916861157053157,0.7730901514116448,0.09529331,2233.49543843,2168.33947499,0.0,0.0,139.65462358,,,,,1.2573707184376721,0.05281428454326469,1.027614506053693,0.05506644147270721,2181.5339840909087,2197.7099187500003,0.2011008298183833
1154,material_nocable,3,False,1.3197634157577758,0.819529247128852,60.08135504373056,511.8086194788962,6242.416322160659,4.2869924882429125,0.8469900842499756,0.02213386,5908.12862229,5898.19837394,0.0,0.0,437.0530758,,,,,0.8676326081102944,0.05282682785130168,0.6477752290945759,0.05525998814007377,5898.250331111111,5904.3658562499995,0.2901626527433561
1151,material_nocable,3,False,1.3857172306027667,0.9579616550226188,59.7305597912485,613.9220684979286,2896.4553257842863,3.671848865904692,0.5574706921071002,0.10105233,1844.72372882,1801.79601999,0.0,0.0,114.19549761,,,,,1.297839562711974,0.05276070031844147,1.050083958470442,0.05487064894007936,1802.2269045454545,1828.0091787234044,0.21104231207391472
1158,material_nocable,3,False,0.8944978742808016,1.3337666365032437,83.829848831994,744.8650337661536,4707.328607705882,4.800785207606371,0.6478894181139702,0.22870858,1092.26002159,902.34569012,0.0,0.0,45.16348188,,,,,1.7378361209240059,0.052982258514364236,1.6197282587561268,0.05587628593425246,945.8750813953488,969.65086,0.07035329709992391
1156,material_nocable,3,False,1.011548841854705,1.168999059118103,10.267509003266298,1107.9982574957407,4761.728586578685,3.8924887024227854,0.8272417087293191,0.17313602,2260.942079,2065.67931339,0.0,0.0,94.44126579,,,,,1.5536197165779555,0.05285426293058373,1.393307440321024,0.05572187424898457,2177.8632244444448,2074.7867304347824,0.10879961921123729
1159,material_nocable,3,False,1.214500757375434,0.9803621137443684,17.580573355852795,1133.8625042695871,3189.2082107875112,3.211083298454399,0.870617459042279,0.10964523,3090.97079939,2982.59680122,0.0,0.0,175.46351433,,,,,1.2930946536619603,0.05277194253332906,1.1135366258460158,0.05553965006260179,3060.2701155555565,2977.294545833333,0.1492193917238991
1160,material_nocable,3,False,1.0862845777299284,0.9395230654993564,29.174953777249108,422.64680782111634,2647.530230591657,4.798712538832192,0.5623708784689078,0.23087811,758.35555364,665.51233229,0.0,0.0,30.29084151,,,,,1.7504975008735528,0.053289783541702364,1.7115188174256695,0.05590007442031979,724.1381775,672.2332363636364,0.022517908562044175
1155,material_nocable,3,False,1.1881711796727636,1.2145280826855556,81.24275719376934,629.9474685683335,3853.3035506292968,3.806640202136136,0.8875466783038233,0.03942772,5027.19769996,5006.72863108,0.0,0.0,269.06698478,,,,,0.9583176328655616,0.05284839303512776,0.7392923375074787,0.05526932598583241,5006.115437777778,5020.2656354166675,0.2580395958795569
1157,material_nocable,3,False,1.042913015553797,0.9097358266606111,80.28558857668537,640.0288082182283,1989.7507352698728,4.0907725193701925,0.7715779114372949,0.27924913,942.52044733,793.31633015,0.0,0.0,34.03791134,,,,,2.158560291104733,0.053835676627761474,1.582829506456221,0.054494598417855394,767.9968195121951,906.300911627907,0.30776305907704987
1161,material_nocable,3,False,1.370897650668188,0.9868477999548064,14.489985480981238,1058.2898516148884,2134.6579144412835,4.999554214071743,0.8826323767508426,0.07803507,3888.189491,3825.79122227,0.0,0.0,245.97704706,,,,,1.15045494457222,0.05275663422254368,0.95229451449899,0.05526227987343595,3875.148084444443,3818.076191666667,0.18847745195545837
1162,material_nocable,3,False,1.100323663786011,0.946937835173768,7.256835604707604,909.0469828327224,1148.199711902644,4.859382284867397,0.554640871726476,0.477405,1167.79490695,921.83532452,0.0,0.0,45.41563561,,,,,,0.05359410952984206,,0.15211292669791807,1090.9204235294114,895.5381512820514,
1163,material_nocable,3,False,1.0223149872880213,1.0016580100464063,55.61421536519617,993.1508848264492,6368.237512383165,4.494112672867129,0.6962248155091559,0.23219738,1744.95897952,1483.21258863,0.0,0.0,60.15759872,,,,,1.8464920805440623,0.053293285767389405,1.5553794372206888,0.05509078553362565,1521.285711904762,1616.8632533333334,0.17114852327794747
1165,material_nocable,3,False,1.0922198398403524,1.166564875522306,75.29232265366089,270.23176021912667,5979.207596251842,4.451913785208281,0.7482253070448117,0.04516122,1960.89051954,1945.60881732,0.0,0.0,100.3087674,,,,,0.988131324440819,0.05286492631271172,0.7692394247115312,0.055274937222263024,1944.9707777777774,1955.9260625,0.24911294311102886
1167,material_nocable,3,False,1.1469642436541412,1.066083125009946,74.06655838390078,708.971513080427,6779.969295782646,4.8344626644201165,0.8531936604587474,0.0548134,4202.58219877,4159.15201705,0.0,0.0,223.41802336,,,,,1.0391494567080344,0.05289165294823473,0.8181918964329337,0.05526100307095188,4154.357551111111,4191.206920833333,0.23792886525832987
1169,material_nocable,3,False,1.1132611443221765,1.2358927174135113,73.23197193707419,395.2732230149065,2115.4101049729943,4.395724943751082,0.5261417362663335,0.19478452,778.32335376,700.57923644,0.0,0.0,29.56544946,,,,,1.7080452598365474,0.052965592236798004,1.4316416576017448,0.054985275536597066,700.2290744186047,747.9644717391303,0.17607080546765067
1170,material_nocable,3,False,1.0064228089358984,0.9886879918791726,59.92071992709789,878.4762713196021,6426.269291678848,4.144332630183832,0.8699908981056852,0.17763689,1804.42750643,1591.78510586,0.0,0.0,73.12713002,,,,,1.6184350037557995,0.05351196213396695,1.3606663623569113,0.055582936741781344,1614.0971466666667,1708.0081673913041,0.17305127266296305
1168,material_nocable,3,False,0.9695202766280288,1.0341852785007437,29.452132360781416,580.8981143648755,6623.5014682172105,4.325033727296862,0.5831977960286936,0.23880194,995.65016326,792.01005253,0.0,0.0,30.18521275,,,,,1.771198123074292,0.05290182628237671,1.6808966106290815,0.056062815109869796,898.2690761904762,819.1806133333333,0.0523169376341743
1173,material_nocable,3,False,0.8447663412208495,1.1972506476042093,68.31490825167556,1049.4513614069076,2356.4705549160644,4.342866115421687,0.8404347163777306,0.32872532,1435.99822464,1128.37564421,0.0,0.0,34.42519881,,,,,1.9746835598770702,0.05320730412872918,1.8362949645625257,0.0558313385909796,1192.5313075000001,1239.8101666666666,0.07262627927555405
1175,material_nocable,3,False,1.0199015223562615,1.270652004406977,80.72066239778397,284.4590878778407,4009.5642200828615,3.0164072102353314,0.7710401785582264,0.05625229,1461.0260734,1444.46456482,0.0,0.0,82.51783959,,,,,1.0441930536559205,0.052851556072700444,0.82820799039258,0.055300261186393904,1447.6434644444446,1451.9469208333333,0.2307038483554124
1174,material_nocable,3,False,1.2534182664137787,1.2591924674783133,45.58383210186481,1066.6253614926663,4201.440095959763,4.305564892134304,0.4549412153662692,0.18549293,2230.48677664,2066.99834699,0.0,0.0,90.50183342,,,,,1.6559461414856855,0.05283236900215468,1.4337073288031268,0.05481115464356936,2114.8363880952384,2122.964464444444,0.14386002496376038
1171,material_nocable,3,False,1.0631362989346602,1.239330433882191,87.93306930419755,743.2561508981745,6080.469431603544,3.224522459907556,0.6485983561417195,0.1221883,1917.83526381,1819.35523506,0.0,0.0,94.6632159,,,,,1.3681056091390813,0.05293532106052912,1.1490788962598335,0.05531054778796979,1827.2209777777778,1873.2411276595744,0.17402515581156192
1176,material_nocable,3,False,1.3949150658870026,0.9798191148179902,14.9142601203296,693.2253435132543,6660.254575952652,3.956188185557152,0.4851965417502782,0.05644488,3794.83704313,3765.86498641,0.0,0.0,235.13323253,,,,,1.0443392805619542,0.052782428942671426,0.8366433253821006,0.05524325572393563,3789.528668888889,3760.662635416667,0.2208377201612794
1172,material_nocable,3,False,1.3621090105571476,1.1649423816275963,44.24806742992927,599.5006189302642,1400.3580468645334,3.077967284655037,0.7123484034574059,0.1322197,1434.65668942,1380.1408292,0.0,0.0,75.89476019,,,,,1.4220661263139236,0.0527347990094189,1.2053821797464457,0.05496588485546505,1397.9583249999998,1396.6350804347828,0.16493869437330752
1177,material_nocable,3,False,0.9946654394489176,0.9747009218690432,70.00913477096283,950.5752516619182,7651.040840331566,3.083704002362541,0.8000651088860438,0.20790785,1685.37757882,1427.4553869,0.0,0.0,63.05289282,,,,,1.7692211897505106,0.05364922389395654,1.4504928512549071,0.05531277447197983,1428.5869954545456,1588.358643478261,0.19798549463484305
1178,material_nocable,3,False,1.2000835553097495,1.0945236487708214,56.9059013638414,588.7140676104458,1975.0102178604168,3.342595837613714,0.5238751735092775,0.22349241,1007.87098837,905.59211486,0.0,0.0,40.69501114,,,,,1.8394023763878216,0.05321495045302515,1.5384588507426784,0.054693175722609295,919.1410243902438,959.4572295454545,0.1781858432951642
1179,material_nocable,3,False,1.1182301054820596,1.1710421998295737,10.714488843818952,968.7521744706823,3373.907676404379,3.4808128589804515,0.8985522993646717,0.08486135,3622.96244701,3551.89222416,0.0,0.0,187.03915255,,,,,1.1824191420448824,0.0528275256598274,0.9775803418253529,0.055399613333608516,3595.8684133333336,3554.9876875000004,0.1896656010792227
1180,material_nocable,3,False,1.3591043114574617,1.2994642811013015,22.972747016454843,617.6591626038171,6435.149515687515,3.687838705500135,0.7976902407152224,0.02198788,8721.95304504,8712.15183906,0.0,0.0,481.37325723,,,,,0.8660278017370048,0.05283253724021183,0.6475608105081394,0.05527536175679248,8717.836824444445,8712.949956249999,0.2886742004550467
1181,material_nocable,3,False,1.3645716073141818,0.9086054796874226,8.979914842467691,465.3070299612752,3174.361708493805,4.455389339928048,0.5196353434362381,0.08204686,1730.06359269,1700.80867228,0.0,0.0,109.82550668,,,,,1.1677922100427445,0.05274406471929995,0.9804796729016543,0.055262868273120935,1726.0056533333332,1693.8254729166667,0.174384386471941
1182,material_nocable,3,False,1.3964028976819352,1.145237475159698,17.01223456315131,546.1056743762483,6530.260314201423,4.924721495900613,0.6532823894874039,0.03298911,5286.85151177,5272.90298201,0.0,0.0,301.21459031,,,,,0.923752885711629,0.05282256601704143,0.7076214021632757,0.055269397731906485,5283.470577777777,5271.662487500001,0.26496860365489144
1185,material_nocable,3,False,1.2606617814047616,0.8392611620630794,64.72335398272364,1036.1720868316684,6399.595619503545,3.309909284867272,0.552057970371203,0.1274525,2568.47717709,2458.65326783,0.0,0.0,155.10792318,,,,,1.4562840512862403,0.05301392733243967,1.1592082054099968,0.054823299951228824,2446.5154767441863,2534.945639130435,0.22716629736957833
1183,material_nocable,3,False,1.0886720176816864,0.8031288266792656,46.64928562342916,621.3282504763775,3904.859774613989,3.7706814213377378,0.8044729814882889,0.18976721,1135.43583653,1005.61440749,0.0,0.0,55.48747366,,,,,1.6768925214488746,0.05337165347652167,1.4452140430483265,0.055685408184936905,1047.3239441860467,1057.7005311111113,0.14841164041936455
1184,material_nocable,3,False,0.8301666201899057,0.8481919234548037,30.8040893367651,763.7291672004428,3359.178830180873,3.637396362434624,0.6010482927992915,0.46493828,993.17060953,706.18723093,0.0,0.0,21.36570768,,,,,2.057146794790915,0.05608672507251599,2.082853376381376,0.09293483786132445,823.4263705882353,753.1914162162162,-0.012418637936037574
1187,material_nocable,3,False,0.9268894334674032,1.2828813030685495,78.98157694492635,1071.4475831977202,4366.262378069256,4.2136130817240005,0.6387004675815384,0.27356606,1515.19889655,1223.05843739,0.0,0.0,48.10891886,,,,,1.8785030029114638,0.053033209773940625,1.730128878340566,0.055645946760274526,1272.5639357142857,1341.8645822222222,0.08223289570861898
1189,material_nocable,3,False,1.2682094958444643,1.25238089062183,32.52417189298311,851.5115473120679,2883.9045316723705,3.0951499218530647,0.7101223719856735,0.11445209,2394.4362687,2320.24841871,0.0,0.0,121.08432355,,,,,1.3273695918501853,0.05276611800324809,1.1242276453933047,0.05521090328123159,2354.487508888889,2333.7646148936165,0.16572212055948307
1186,material_nocable,3,False,1.3696711950745046,1.2848064700160071,69.80421866712422,916.0754920476844,3552.8484414001737,4.6880659144935874,0.5115085423956198,0.13271485,2516.26436241,2424.40561896,0.0,0.0,117.59734711,,,,,1.4491497670413718,0.05278548240333548,1.1881642094875897,0.0548807234075706,2418.5303590909093,2486.566093478261,0.19791769950521557
1188,material_nocable,3,False,1.1169406843421086,0.9175849070630236,14.742516706768162,235.5768707630308,5497.752230056478,4.823874805348377,0.4928816065457775,0.10114023,909.62978761,867.49785945,0.0,0.0,43.59821754,,,,,1.2448210255293881,0.05277137738659422,1.1022089099607932,0.05612804522746451,900.5429044444445,859.3882333333335,0.12152560426444675
1190,material_nocable,3,False,0.93638199050097,1.3714765012407817,72.05775438801787,532.4330829980129,2509.31894856498,3.821841684750289,0.6750644413183016,0.19881755,855.45521696,752.54191324,0.0,0.0,38.85389215,,,,,1.6499136482315604,0.05298554384577472,1.496850186392328,0.055755751316180054,782.8687933333334,785.9765913043477,0.09728309455897062
1191,material_nocable,3,False,1.2781561533110568,0.8905365989084593,65.38511799217692,875.4431773803891,3308.283097736281,3.57561699543027,0.7033024234024934,0.13341805,1985.50818085,1892.83596531,0.0,0.0,118.60484294,,,,,1.4731075536708396,0.052956485636616486,1.1856485438757802,0.05482951042214684,1885.2160255813956,1957.1764173913043,0.21623571267805536
1192,material_nocable,3,False,1.0009772395896634,1.1407120764446788,40.47260294060296,223.5410920940853,4513.964389324719,4.91465980099549,0.875163583119283,0.06244518,1169.5708193,1148.00141752,0.0,0.0,58.69834401,,,,,1.0729885601058438,0.05289202732464492,0.8599577497214814,0.05539955656112868,1156.1520466666666,1154.0767666666668,0.22042082524619414
1193,material_nocable,3,False,0.9939713141910044,1.1893124250961076,66.06521921117967,815.7691989727655,1158.6671696264098,3.901457637209588,0.7390371897071636,0.36831488,1089.1891376,869.5543915,0.0,0.0,22.25187318,,,,,2.1229146439044584,0.052850266921283674,1.8519571481848087,0.054575369121820656,901.442965,966.4148523809524,0.13633521275272595
1194,material_nocable,3,False,1.0364419321805745,1.0060147700324464,86.02971285592973,371.58193620213177,5797.324584221083,3.99370449759012,0.8173921283733487,0.1147876,1104.70369393,1031.50696089,0.0,0.0,52.00295714,,,,,1.3529049093280963,0.05332567176279994,1.0965136901288977,0.05524954007444807,1018.8099155555553,1089.2887479166666,0.20934863420734814
1196,material_nocable,3,False,1.0805969691895492,1.1027287541469832,42.04244884471287,691.5211061497172,3277.375081028339,4.0306157270997405,0.715370138550915,0.19087034,1346.26466218,1212.79944644,0.0,0.0,53.81137919,,,,,1.6475185782527966,0.052859764070502184,1.4538541809940522,0.055310185208588346,1260.8749255813955,1250.2233326086957,0.12488946817587623
1197,material_nocable,3,False,1.0463031037638286,1.3508167137590776,13.155597869010569,231.6031352974965,3440.9540565251923,4.634317079073082,0.5087965250498329,0.09993637,710.43874394,680.12531694,0.0,0.0,36.71555232,,,,,1.2599970846833013,0.052864133057748806,1.050683549619839,0.05536828881876051,695.7113755555556,684.5474333333333,0.18117045857060854
1195,material_nocable,3,False,1.0362680521904069,1.194970751668965,83.01051473187702,899.5876877741139,3858.903332077333,3.5035611858033064,0.7092901666828955,0.20010392,1613.44997362,1438.09574757,0.0,0.0,63.52098335,,,,,1.7005734152992802,0.05306835917082282,1.4555644069731881,0.055252398977752956,1448.0941295454545,1534.9479130434781,0.1552587511211293
1198,material_nocable,3,False,1.2062025067424584,1.0871247089217069,32.09135322518685,373.96247290501,2862.679151374844,4.194717309246179,0.7788722790262383,0.06807468,1763.09767091,1738.25018989,0.0,0.0,94.91921614,,,,,1.1033143218588986,0.052815329538011505,0.8924542430745105,0.05530770313004678,1751.308833333333,1741.6731395833333,0.21130714501600906
1199,material_nocable,3,False,1.179066055992957,1.0281580720635417,30.00937983851269,440.6532986072531,4917.957581350256,4.562112298930309,0.8800438842971028,0.03420072,3996.36092379,3980.30827325,0.0,0.0,226.23816691,,,,,0.9296066315851522,0.052836856930768936,0.7130353531592877,0.055305475024227065,3989.449724444444,3981.7963999999997,0.2636865250458802
1201,material_nocable,3,False,0.9660097388257722,0.8149908070422784,35.204292073963174,668.6154908714341,5640.311368535165,3.3263528115568217,0.4634811957028214,0.325696,1058.5758642,847.13018556,0.0,0.0,39.10759148,,,,,1.979447917338714,0.05796878692068794,1.9978762017389236,0.05563584395339804,936.3638216216215,880.6312975000001,-0.009266674703133377
1200,material_nocable,3,False,1.1090755370902052,1.0821551132116078,72.36046094591681,512.0225572703168,7276.437972170795,3.434832731326124,0.5363436667727036,0.11202031,1569.80633026,1492.83415885,0.0,0.0,74.8142404,,,,,1.3370945121160038,0.05302306140120812,1.0939540913579393,0.055205481244928016,1487.835273333333,1546.2027361702126,0.20002925520338785
1203,material_nocable,3,False,0.9868442035734736,1.1626611381682177,64.46972185041562,1167.5302472763058,6703.649943605119,4.621412341032027,0.6175585701256942,0.25068334,1907.08330678,1575.90826059,0.0,0.0,58.65893772,,,,,1.8811063028574773,0.0530808605750692,1.6178115691483392,0.05512734708508959,1606.5840809523809,1740.151602222222,0.1505006652575127
1205,material_nocable,3,False,1.1845968586616131,1.330120049665384,48.71311310800857,1073.0210224309983,4829.058423340554,4.006576165721074,0.5451231652675134,0.16091882,2396.60230424,2241.43903023,0.0,0.0,101.85211033,,,,,1.5416053564498233,0.05277944467395297,1.3260247670675356,0.055075203208601306,2283.8334,2296.3467086956525,0.15035452976610686
1204,material_nocable,3,False,0.9104780184518776,1.1324653666823037,1.9736030562840616,540.4065746245273,3636.2291236999695,3.537967003384896,0.6378840356467628,0.26935079,765.0156472,594.48849861,0.0,0.0,23.68846785,,,,,1.8828237376870713,0.05310110880606028,1.7110188272378564,0.055870642158552794,670.6804642857143,617.715611111111,0.0956107048906322
1202,material_nocable,3,False,0.9535453171019184,1.013422161391459,14.969114221272022,1164.7967876112714,4436.446774771213,4.270437818885014,0.7887292625494904,0.295036,1741.74420022,1402.92728803,0.0,0.0,46.83436257,,,,,1.851843258414598,0.052687003860491605,1.8825799085879786,0.056285679390919496,1605.5112170731709,1403.576804545455,-0.016461257227070623
1206,material_nocable,3,False,1.1865582987909895,1.3367270690238342,86.37262344916908,685.1214782905361,1483.8443261588836,3.554128285896541,0.892851373253716,0.08301189,2654.18530757,2612.78573275,0.0,0.0,134.49749923,,,,,1.1805738474219574,0.05286699866377238,0.9616931765149428,0.055257458477457826,2615.848868888889,2636.037804166667,0.20434490048282763
1208,material_nocable,3,False,1.2555354246854242,1.294432183222501,18.65139030203855,249.39997160481005,2043.5447261770744,4.423078126633662,0.5953796531878432,0.07629106,1121.20464727,1103.96167733,0.0,0.0,55.03186595,,,,,1.1435605817728625,0.05279662594053471,0.9364046814991052,0.05528624325086064,1115.0257555555556,1104.37681875,0.19919169221882382
1207,material_nocable,3,False,1.269418083290748,0.916061659227017,85.69634660989257,518.6109858824842,3101.627120097469,3.122925922842406,0.4750808231434206,0.13666777,1271.8552059,1215.16526412,0.0,0.0,70.98849429,,,,,1.508805672514253,0.053127404833360134,1.1803210481560256,0.055001239136555066,1196.7381533333332,1265.1038934782607,0.24430579773968472
1210,material_nocable,3,False,1.2046899425892534,1.2112240086096038,75.1011139122686,1198.3258810782395,7921.136069988403,4.471165875603278,0.4766232344223007,0.14228162,3128.67836593,2963.67666793,0.0,0.0,137.15870772,,,,,1.4912655988136496,0.05292177066371863,1.225036614679173,0.05500548993397243,2947.781390909091,3080.2205152173924,0.1960230955245144
1211,material_nocable,3,False,1.3743371726197773,0.9239199390175328,58.62802225276972,801.2537032179597,5190.006427505597,3.953063873046258,0.72935933638493,0.05304748,4188.53863036,4156.49520349,0.0,0.0,282.37743789,,,,,1.0347403149046532,0.05279290975435087,0.8111456064842045,0.0551588067093734,4157.863982222221,4175.451110416667,0.2422627593932939
1209,material_nocable,3,False,0.8029617459128862,0.8185021136616137,31.49495978874383,678.9933722130929,4331.73451584483,3.290961340610324,0.6094810537613734,0.456169,885.90110626,629.66839662,0.0,0.0,17.7968919,,,,,2.0469027636740624,0.05520437063598048,2.064940305243635,0.0954665335103874,722.4181264705884,671.7250435897434,-0.008773458163285473
1212,material_nocable,3,False,0.9093394934725828,0.9724904465552964,1.595932164234826,317.8103743983618,4687.99940108403,3.12497911867826,0.80721356505397,0.2508578,499.95705618,372.92157162,0.0,0.0,13.93360766,,,,,1.7653436978722343,0.053111145896202236,1.7570165451677808,0.05736055376203282,443.3368238095238,378.04617111111116,0.004728166416769825
1214,material_nocable,3,False,1.0738279953867942,1.2932744747701874,34.46160294501219,392.3492750793265,5591.951587008311,4.695621518702121,0.8382788240657872,0.0375886,3439.1521258,3424.32525392,0.0,0.0,172.70873119,,,,,0.9477566675971362,0.05283853660892264,0.7304529526038155,0.05529069448272556,3430.5018488888886,3427.8811729166664,0.25897088465897405
1213,material_nocable,3,False,1.2435791904374178,1.1069130394188242,60.13721208938964,596.1957097655352,2315.1042644137046,3.323972060300365,0.6973442959655461,0.13070123,1494.19668855,1430.06286496,0.0,0.0,75.73266635,,,,,1.4245139040442136,0.05285003567695909,1.1840459755753117,0.05502638608266126,1435.4844659090909,1464.640997826087,0.18436834082104775
1215,material_nocable,3,False,0.9825260221018712,1.2327587617963678,2.814607562312476,961.2110244837615,2755.2431931615765,3.679329932811543,0.6561999561425046,0.29142547,1361.31888284,1114.38273633,0.0,0.0,38.57337168,,,,,1.9173221564425456,0.05287683112728762,1.7785953845535303,0.05551683301820592,1229.7721333333332,1142.4201844444444,0.07507027435012927
1216,material_nocable,3,False,0.8207908113679842,1.0989528884885156,72.92502859222381,607.5372342580813,5456.574951631556,3.899035107837656,0.5560695501031752,0.33057113,755.77546408,567.743275,0.0,0.0,22.82832644,,,,,1.9527217158493066,0.05374890420099271,1.9295032848828912,0.05696471800250637,630.0903625,607.8344279069767,0.011961404072168072
1217,material_nocable,3,False,1.0604555060764955,0.8600680761619816,50.756694103099086,1079.396119752998,5216.720819995185,4.261276524648288,0.5530041294844745,0.2885548,1638.36564916,1399.25493429,0.0,0.0,67.37187173,,,,,2.0843511243983954,0.058212993470784055,1.7221275320649911,0.05471256489612611,1453.9020475,1515.329484090909,0.19031951839180813
1218,material_nocable,3,False,1.1751675742815513,0.9997467414741352,19.22769147136596,828.6087526841687,1118.6541630256556,4.5952921132133415,0.5948556543188577,0.38740941,1080.59950366,892.19052526,0.0,0.0,40.30214251,,,,,1.9944454337046444,0.057843848699135,2.2631732271422664,0.054198633648642004,1014.8221857142855,898.04175,-0.1262338479999839
1220,material_nocable,3,False,1.177116154179414,0.9689477873840444,41.87139203013589,1110.672960299883,5493.688664043589,4.827901437066217,0.4702888224639147,0.21407967,2088.23019925,1893.44736551,0.0,0.0,92.29130917,,,,,1.7823242492538183,0.05417928426544197,1.571673960316319,0.055354760637769264,1971.2755829268292,1954.6575636363634,0.1256114498430201
1221,material_nocable,3,False,1.1831966744695863,1.2611088281142089,20.584034457400325,955.3844910154828,4187.813968036273,3.5493261675829264,0.6269322508318989,0.14582058,2254.70802432,2132.61829904,0.0,0.0,102.32914696,,,,,1.4575142900528766,0.05275457105771689,1.2774742600394857,0.05532547387277015,2201.6599688888887,2139.820719565217,0.13165688025078628
1219,material_nocable,3,False,1.2276913221515542,1.0957395477982028,79.36103759660519,634.8620621489229,2488.237749361331,4.709041261936615,0.4536949414501798,0.21346345,1205.42591653,1099.95477509,0.0,0.0,49.98244334,,,,,1.8875152351792046,0.05305479217545769,1.4552775823614652,0.054552035946376705,1073.3938880952383,1185.6861022222222,0.25860870021597177
1223,material_nocable,3,False,1.3164321925874822,1.174903420704943,63.95285182556956,200.56565318030843,2551.5988284595464,4.264368579647216,0.7794909436673265,0.02520412,2494.82779308,2490.72696682,0.0,0.0,139.54162081,,,,,0.883613464921318,0.05283314699598986,0.6641578694767339,0.05526618665385174,2490.8244066666666,2493.2310208333333,0.28357625001490694
1225,material_nocable,3,False,1.343263876885212,1.1298255732456963,8.676347771635696,214.01092178810825,4605.204694621041,3.490327813231579,0.5267088102545677,0.02746891,2490.19053355,2485.35329085,0.0,0.0,140.48232467,,,,,0.8947382515225821,0.05283088109176919,0.6776501201016003,0.055282762434045105,2489.289146666667,2484.650977083333,0.2761253330775308
1224,material_nocable,3,False,1.2118025416031948,1.3409148634865844,37.26721442007596,241.2331860817477,2157.5677929110743,4.328522203879878,0.6280159658919146,0.0703363,1154.49326956,1138.77414139,0.0,0.0,56.7798741,,,,,1.116289960167128,0.05281545763369598,0.9022894881052873,0.055256986211324945,1145.1839844444444,1142.6940854166667,0.21203076474893387
1226,material_nocable,3,False,1.3015782280743282,1.2138139484310695,10.603538764091976,1180.654917430826,2398.8706176214864,4.201550360352595,0.686900610138282,0.18817652,2290.77328773,2130.34089175,0.0,0.0,100.07193686,,,,,1.600123727073726,0.052622856583601864,1.5004073605928792,0.055277418536040616,2242.31745,2115.3994347826088,0.06432212008936274
1229,material_nocable,3,False,1.1411284473711787,0.8535074433631243,61.73345287762905,347.68550713920456,5163.438762947547,4.362071359596881,0.5102939697284535,0.12327518,1061.77588621,1003.93702512,0.0,0.0,54.128984,,,,,1.4385766148187369,0.053270542235843814,1.1385520178901207,0.055071575254067376,1001.2632454545455,1040.385645652174,0.23283633817940697
1227,material_nocable,3,False,1.3770582158571254,1.0839924401363448,81.58343524241529,956.1518472469596,2723.1406899413287,4.734641351400137,0.760504592871782,0.10094179,2968.13069311,2897.2490164,0.0,0.0,168.71849769,,,,,1.291113970912696,0.05286300708854468,1.0401136871026058,0.05508557697027316,2883.135322222222,2954.9137276595748,0.2153374278544551
1230,material_nocable,3,False,1.3678492895114238,1.3197130124292455,68.78363402067666,719.9716232205653,1094.750453443193,4.501729879660538,0.4972592900070028,0.27886274,1132.27969693,1004.41873589,0.0,0.0,39.5729218,,,,,2.087892416306094,0.05364136293428701,1.6589701925326297,0.054404708110456404,999.1910125,1085.8399880952384,0.22895006759076314
1228,material_nocable,3,False,1.2339313026862162,1.038382686277643,56.00386404348178,275.3476991016867,1947.367823548679,3.6537890752453865,0.7420294989526317,0.07651477,1123.6141008,1103.91213394,0.0,0.0,62.8625765,,,,,1.1525571809510142,0.05284424918454827,0.9305683534572138,0.055204344740481394,1106.363848888889,1114.1822,0.21313053277594507
1222,material_nocable,3,False,1.0698873802938411,1.3475311969094503,1.2392804651843377,1085.243668661527,4592.080413203799,3.616558974625317,0.734030409000303,0.13887684,2567.11416516,2432.83246122,0.0,0.0,120.18821488,,,,,1.43187286713303,0.052859813937878426,1.2326993069407204,0.055386673364881255,2497.1953266666665,2451.6899717391307,0.14949759074290844
1231,material_nocable,3,False,0.8142005667140296,1.321264419186604,24.13110979888308,941.1327709154634,3726.182468972541,4.831982784001648,0.6890703775378264,0.31034206,1158.91046617,877.37348427,0.0,0.0,38.94036404,,,,,2.028213243586445,0.0541996478869414,1.7393894156092284,0.05644596045129845,964.5620906976743,966.5528418604649,0.15331968580724803
1234,material_nocable,3,False,1.02587666350254,1.2353546541489917,84.77279468529342,1018.6820931062916,6842.403952266598,4.601332462968761,0.667521798418661,0.17546706,2096.05532875,1889.55357273,0.0,0.0,84.67205767,,,,,1.606974990173881,0.05306576329094991,1.365897082534101,0.05527493142500024,1894.5772866666666,2011.7820913043477,0.16218518775359392
1232,material_nocable,3,False,0.9318604242419152,1.3231671383830317,72.34723989657418,414.76031835668175,1419.6651179281616,3.8876429512438753,0.7115483069358448,0.24445469,613.68622287,519.63961235,0.0,0.0,22.45494503,,,,,1.7941891882913763,0.05302833503588288,1.6471042274372352,0.05572867915177257,541.7808325581394,552.6671066666667,0.08548237135600331
1236,material_nocable,3,False,1.3085256933496463,1.3435250152532308,87.62225935100764,326.42302519669124,4736.4657803400505,3.359103772265131,0.5414636599759994,0.03741152,2793.74206914,2783.62640994,0.0,0.0,147.43929831,,,,,0.9484321118958197,0.05284204341996108,0.7288596213815756,0.055269230446126694,2783.1035466666667,2790.5106937500004,0.2618178891100879
1233,material_nocable,3,False,0.8321180495483163,1.1787333912418947,58.76595872197485,857.8910688848267,6258.214909641858,3.1004511000795265,0.669938782393311,0.26682839,1081.49138334,873.00990305,0.0,0.0,45.48511265,,,,,1.8294011204248553,0.05388728171875592,1.7541382490254411,0.05726977331500069,949.0717953488372,922.2408977272728,0.042004768827729785
1235,material_nocable,3,False,1.3631535072193623,1.308374759412047,0.1320029348048681,1060.869983821911,7520.784216452484,4.776832201522485,0.6706121833024722,0.05415571,6591.44657436,6545.8022849,0.0,0.0,339.53000594,,,,,1.0323495316848201,0.05282453889958135,0.8209434567018513,0.05530355965361791,6580.215506666667,6541.687702083334,0.2281410185088997
1238,material_nocable,3,False,0.9297481933566218,1.3597608978049092,39.85730322056809,990.4104000314564,7385.108844956786,3.878038883112668,0.5181985324242748,0.19731851,1490.67383181,1292.74471999,0.0,0.0,75.26477519,,,,,1.6745396184520993,0.053305934780165494,1.4696980586805992,0.05591795072443275,1353.3261711111113,1351.642348888889,0.1302964857022512
1240,material_nocable,3,False,1.2477751848291208,0.8564223204426623,13.05550997704205,686.6736300109485,4543.897615373213,4.963668346825316,0.6953839820224483,0.09834492,2131.49307429,2065.91737038,0.0,0.0,130.80518556,,,,,1.2404546719159826,0.05272116067865807,1.0734571983891303,0.055505896551984034,2121.616357777778,2052.916685416667,0.14434212095107313
1239,material_nocable,3,False,1.2977516223263308,1.2723383480002448,47.00419429021101,332.814764118463,1826.6604113895344,4.165014368463729,0.4718892297817073,0.12242864,975.6295238,941.33753084,0.0,0.0,45.44582898,,,,,1.379131740385064,0.05274576565708123,1.1587028654070644,0.055004748261824256,951.0956977272726,953.6606106382982,0.17371413761551865
1242,material_nocable,3,False,0.944440058268288,1.013730326071756,68.70504340181432,808.8889072900083,1367.179149044262,3.8304653476749055,0.72302023688867,0.42268288,1045.17486568,797.877809,0.0,0.0,20.11308584,,,,,2.2568438244171642,0.053701819682179346,1.84655752114941,0.054372178324109496,818.0025174999998,924.3944829268291,0.19997376260113506
1243,material_nocable,3,False,1.3067620601639076,0.9779840597320504,69.65373819723551,499.7184231416632,2960.9939979006017,4.464150270988684,0.5306488432591644,0.11298784,1471.8965511,1426.51148371,0.0,0.0,82.27284867,,,,,1.3672951857912365,0.052849575888620284,1.0961912939675154,0.054881313060026644,1419.2590772727272,1461.0629217391306,0.22009773063602953
1245,material_nocable,3,False,1.3876911186799492,1.1355091828460504,2.9547578158897694,405.1649316970287,4310.735012142372,3.179948544659976,0.558598282929651,0.04421387,2834.15049774,2820.68789449,0.0,0.0,164.41250454,,,,,0.9816008898151227,0.052824775105928284,0.7683337224729719,0.05529605086200485,2831.7182222222223,2818.6307708333334,0.24374301284697406
1244,material_nocable,3,False,0.8865171493108458,1.1045233997125292,57.774605243408175,501.1997201691034,5782.585477655919,4.8116108441547984,0.8280594958724448,0.23145766,810.92214184,629.40246997,0.0,0.0,27.17715988,,,,,1.7788478770865805,0.05355632478088563,1.5750311042790879,0.05609719908457835,666.606665909091,701.3404733333332,0.12154092257944284
1246,material_nocable,3,False,0.8401565106649249,1.2652964204240873,1.291651752227314,452.5726003134661,7204.038059239737,4.550054878495844,0.6719450275860557,0.19597734,732.05315417,633.80853601,0.0,0.0,39.78467636,,,,,1.7770527497845419,0.05380400466536562,1.4008823324564923,0.05552379968123351,615.2093545454546,674.3002217391304,0.23673889339663892
1241,material_nocable,3,False,0.8957169497285604,1.2317521727167542,0.4723366535229296,928.3818828918752,5960.305849124467,4.359673986785734,0.6071715837148172,0.26733678,1287.68589716,1005.11804024,0.0,0.0,43.14547707,,,,,1.9107146261642833,0.05315113751156017,1.6761233619654619,0.055591306611229165,1117.7387809523811,1056.200708888889,0.13080672446047245
1247,material_nocable,3,False,1.0149972599869754,0.8785404611413652,83.38348313513121,661.9880036896479,5173.743044810819,4.587007254106416,0.8340329754718931,0.21406515,1202.09521954,1024.86384724,0.0,0.0,46.94279348,,,,,1.9381314312132487,0.054754519388065956,1.4055384572641523,0.05492689872321886,979.2179727272727,1171.6618869565218,0.31856791592044514
1249,material_nocable,3,False,1.04766436714377,1.2378704921401789,66.67315171785758,792.2974337330132,7603.783682037963,4.371163056800879,0.4619695264139349,0.17339006,1614.47788674,1436.00361724,0.0,0.0,66.15650279,,,,,1.6021983440274565,0.052975135654782235,1.3671479418803734,0.05524100628733314,1453.5049568181817,1529.175934782609,0.15831794577992125
1248,material_nocable,3,False,1.2419270580606132,0.9618722651141436,22.4263475357806,761.7170892293886,6330.892656715822,3.144581933313164,0.8598392513681976,0.03949038,5444.2992232,5416.31338668,0.0,0.0,341.98571407,,,,,0.9569450921258348,0.05283012740971698,0.7418649190353827,0.055315332968389384,5435.384488888888,5415.890354166667,0.2532127450125333
1250,material_nocable,3,False,0.9202353106766112,1.1429351649950013,22.587181281486476,304.9543112780577,6744.4261847275175,4.160712196129561,0.6055281916421329,0.18563042,522.40967439,436.0453181,0.0,0.0,23.28417189,,,,,1.637021178071411,0.053308580918244634,1.433153456297106,0.05612081599711454,462.9200288888889,460.0680391304348,0.13280529354398574
1253,material_nocable,3,False,1.109857160266266,1.376205502159317,25.413499636008726,383.902238764418,4388.9113264948455,3.0643060088718324,0.6848118459749772,0.05183202,2185.85180298,2168.09212576,0.0,0.0,121.10743396,,,,,1.0220271434096744,0.05283950112067646,0.8054890928654632,0.05528888922407274,2175.2450177777773,2172.5755729166667,0.23697524130955055
1255,material_nocable,3,False,1.238250802860266,1.2277767520902962,61.265319350620246,221.80428820537733,3571.6146377598325,3.0865418435292136,0.5311159945634766,0.04642852,1515.47454027,1505.79281599,0.0,0.0,80.91251173,,,,,0.9955013741194687,0.05283556477799464,0.7765986118265337,0.05525470864278674,1506.779622222222,1511.0124437499999,0.24705464029003746
1254,material_nocable,3,False,0.8418973332196364,1.066420664094725,46.48687940528561,520.5576853470327,5434.316206122484,4.135666746311985,0.482831249830755,0.33371564,692.23465761,498.70172126,0.0,0.0,16.78132582,,,,,2.0297771547719288,0.05377710002140301,1.8739438349060087,0.05663163422392597,538.2308575,545.038830232558,0.07983834924574185
1251,material_nocable,3,False,1.2961756329394558,0.9963376815204272,61.063333891461895,784.9240363243478,1497.512967651202,3.5406785704071626,0.5997385250050034,0.24397255,1182.18857931,1063.02974353,0.0,0.0,55.71520363,,,,,1.9936230720268753,0.05479327926382623,1.577882518096486,0.05488748476117489,1065.9502463414633,1136.3339238095236,0.23280968960545825
1257,material_nocable,3,False,0.8994142247591105,0.9530799838802396,83.69247798595185,903.2055326778562,6268.733336438664,3.267890888971031,0.6394818042606332,0.33362293,1250.61399185,920.53561793,0.0,0.0,25.36701909,,,,,2.1627885118367476,0.053729247991236455,1.7386173453356795,0.0551452127227088,912.2419275,1115.137465909091,0.21744529127686774
1256,material_nocable,3,False,0.8609999564080051,1.331070785821037,7.1234363103817415,647.452090031216,5102.62776248074,3.719674680615605,0.6540447893715904,0.19453066,939.07710786,821.60537053,0.0,0.0,52.15554219,,,,,1.7224410931188565,0.05343761046759673,1.4117938305525868,0.05541539730513864,841.3239333333335,872.3897978260867,0.19822844817412566
1259,material_nocable,3,False,1.1944362096151275,1.3668277321383804,38.6487153643022,671.0097576453632,4843.627318590216,4.456172558843162,0.8569370909141881,0.03556789,6234.48593631,6215.30738457,0.0,0.0,314.5522705,,,,,0.9374995507823024,0.05283281642276654,0.7198257985149074,0.05527601938323505,6222.533862222222,6220.612627083334,0.2626807734036045
1258,material_nocable,3,False,1.0911080821958987,0.8101163307135177,77.50701996861758,600.9868407757123,6036.807071369625,3.7987565809620776,0.7398992009474588,0.16862164,1284.812635,1156.90613407,0.0,0.0,63.09304808,,,,,1.756722636020245,0.05443987534712422,1.268580764137173,0.05494668004773836,1120.9484181818182,1262.6272239130435,0.32270606105666777
1260,material_nocable,3,False,0.8858530276978369,1.0454284045237543,54.17749604505168,1184.839619990013,3420.8124637269643,3.0968446549248387,0.8015831795827335,0.33578178,1558.74063715,1200.12896593,0.0,0.0,35.82899306,,,,,2.0179331853647104,0.053136610461703905,1.826011328449624,0.05549108033892898,1280.7488875,1331.2935113636363,0.09985672593626642
1261,material_nocable,3,False,0.959635211773962,0.8335693566183107,53.08223280256704,852.8673869121862,5754.790534389856,4.444786656995082,0.5055181616752549,0.34493408,1254.72834683,1024.36474436,0.0,0.0,45.39217622,,,,,2.214332257427642,0.06042468244362861,1.797368422139185,0.0546637222775996,1054.6662342105265,1151.212405,0.20787385131309433
1263,material_nocable,3,False,1.26505306644528,1.188594204563166,81.52956559221383,306.2517927102899,5240.4445815146055,4.186872163163343,0.6517493761961202,0.03405744,2943.61976958,2934.10509412,0.0,0.0,156.66977468,,,,,0.9309028519146817,0.052845787084053374,0.7107602179870539,0.055265109702066786,2932.8085111111113,2941.3526395833337,0.26819465938379766
1264,material_nocable,3,False,1.2034820405568374,0.913115754556496,2.437402281079536,1093.2961842612244,3454.332359630526,3.726332009306968,0.8091600117247446,0.14897085,2305.57265814,2159.42948129,0.0,0.0,125.26540968,,,,,1.4377524867495313,0.05272954276615538,1.3455066339111268,0.0560586818179254,2282.4837533333334,2123.6502130434783,0.06628621255825308
1265,material_nocable,3,False,1.357341429554885,1.0547712104369804,43.20746074673831,619.0492903218042,3323.2275682757,3.182391922488136,0.8644266116637851,0.03348748,5163.98996087,5148.71808984,0.0,0.0,326.92342927,,,,,0.9270703426320179,0.05282452654811096,0.7089919940143233,0.055259428045838103,5153.945104444444,5153.429552083333,0.2665892903136189
1267,material_nocable,3,False,0.949122764846873,1.3066433828698756,58.23376517272103,748.408818687309,4876.199497242116,4.628313493726825,0.6344411951651667,0.20889016,1238.61904719,1058.56634222,0.0,0.0,49.72565897,,,,,1.7024684051683343,0.05306393770925742,1.5164205424901358,0.05565467398366827,1102.5480363636361,1123.6068799999998,0.11559756531118359
1268,material_nocable,3,False,1.3551729042899638,1.0237917700546952,28.147632007426843,247.83809767461668,1627.7436365975796,4.424254616454768,0.8501447306039166,0.03223408,2211.35012942,2205.05364808,0.0,0.0,139.22978688,,,,,0.9200528207407136,0.05282265083822826,0.703108893673732,0.0552675028133745,2208.884657777778,2205.3925333333336,0.2673103057328382
1269,material_nocable,3,False,1.3442988196203456,1.068490413721945,24.885140797476865,984.909360140585,4455.526807906148,3.013426246272337,0.8203946838452236,0.05292201,5305.61204514,5266.79178919,0.0,0.0,326.4482717,,,,,1.0268516017456368,0.0528089408305016,0.8136342492415045,0.05527265279097244,5290.8293555555565,5268.517075,0.23169681243653523
1262,material_nocable,3,False,0.9681855059351012,0.9562518733855624,20.244558646188104,966.666855299918,1037.3745515127237,3.645327787987656,0.553725843705055,0.59391445,1226.40045262,888.14494169,0.0,0.0,38.51843841,,,,,,0.07138833889954087,,0.1889546847132881,1053.6095806451613,923.3725588235294,
1266,material_nocable,3,False,1.180537214227572,0.881309019724556,36.385302303299504,387.3835421830756,4639.9357997705465,3.5335478227442345,0.5736894518423779,0.10612885,1245.11182072,1198.06854807,0.0,0.0,67.96964825,,,,,1.2930792543463325,0.05282981950940519,1.0980430414098528,0.055456126958570454,1221.9899704545453,1206.0335708333332,0.16313361577752356
1270,material_nocable,3,False,0.8263308584300495,1.3342177182562651,67.21326730617032,558.3664624743233,5718.359657094873,3.857774136134912,0.5991378373405715,0.1985108,808.5109811,736.46930447,0.0,0.0,50.19417995,,,,,1.6181460913442767,0.05335139360814435,1.5739730638559852,0.05713538032155601,773.6088159090909,729.88604,0.027676302381337756
1271,material_nocable,3,False,1.2211993392285303,1.267830328421103,80.1118183304449,1116.209880944396,5100.825102885679,4.5418407746855385,0.6924453609655994,0.11580941,3372.96477368,3259.98860195,0.0,0.0,157.69498273,,,,,1.3507341632754128,0.05290258826541981,1.1128412876932088,0.05515328858221771,3253.0763800000004,3337.2073127659573,0.19312814266652156
1272,material_nocable,3,False,0.989380052395232,1.254713720171649,64.86653118467403,432.00604168395313,5857.600467573668,3.8537194624150346,0.7812942427927358,0.08083238,1609.94370372,1567.69093591,0.0,0.0,85.93528717,,,,,1.1666845040660891,0.052887575767163686,0.9530698022678881,0.055342793411809414,1575.8987844444446,1586.82875,0.20154666147855446
1273,material_nocable,3,False,1.1308193444951622,1.310638652657262,38.39563751649087,639.4486297061082,4409.910996864912,4.177913933731307,0.5604459134332409,0.13310029,1658.08094654,1570.50756474,0.0,0.0,74.79224447,,,,,1.4132581185017137,0.05281016698295265,1.2086962199665217,0.055260840581282236,1604.514386666667,1592.9944170212761,0.15603772768575258
1274,material_nocable,3,False,1.0928255985267352,1.1204815110986164,8.33796908690228,568.0292775169246,7825.585256044455,4.272072804516065,0.4895046811898402,0.13040442,1574.32238522,1469.72569446,0.0,0.0,69.46391101,,,,,1.380965662663032,0.052787456676608675,1.2248897065278275,0.05573776279884449,1548.1252400000003,1458.1304680851063,0.11978865594806014
1275,material_nocable,3,False,1.3173986256977592,1.0561609305375534,15.233033675702949,489.7234843357143,1069.0518090349872,3.2841527852638324,0.4636507323132601,0.248324,757.79881886,684.1366181,0.0,0.0,34.20885027,,,,,1.7744871011217969,0.052901251868059725,1.822431637663796,0.05502844427919259,740.292905,675.3076818181818,-0.026658670948004948
1276,material_nocable,3,False,1.272360313560318,0.8409522118621056,71.55880786830765,1143.1178502534576,4973.218933436985,3.780886331670443,0.6931096809883736,0.12648506,2677.05618131,2559.36035232,0.0,0.0,167.40395521,,,,,1.449777075821299,0.05300071545035524,1.1481462884053746,0.054846961965368125,2537.0054863636365,2652.891436956522,0.23220914948406207
1278,material_nocable,3,False,0.8057778985164384,1.2298642593190714,66.50193579658311,835.7337391306918,4614.185875263747,3.846477923210847,0.6089124120225459,0.31401835,962.69559203,737.80583041,0.0,0.0,38.09445547,,,,,1.8901173364166488,0.054190656559973724,1.9210681347375071,0.05780578823387672,815.7618536585366,796.4927952380951,-0.016242084545670454
1279,material_nocable,3,False,0.9512160900291948,1.3951056080307933,70.26459797467321,930.288148569218,3216.65155884647,4.729764845188704,0.6913025752324253,0.23816034,1456.04329109,1245.75020665,0.0,0.0,52.34618342,,,,,1.7825403523770846,0.053005268374413474,1.6222744724361224,0.055628096099436856,1291.9995627906976,1322.9291355555556,0.0941407319851849
1282,material_nocable,3,False,1.1165002219808002,0.9953649388069306,48.228025718589066,459.19959485248256,6413.668840462151,4.96652751468735,0.7302502758015514,0.09030062,1757.66079997,1698.0221046,0.0,0.0,88.12282977,,,,,1.2177548839239616,0.052930499664968614,1.0015186992158058,0.055383414808574796,1713.4996066666665,1722.101225,0.1948711383318777
1280,material_nocable,3,False,1.3597144690626672,1.3026525490551832,16.832958721461708,713.5114438262202,2783.1581152273548,3.8741630880409983,0.7452573173708584,0.07270015,3159.22145212,3121.26514776,0.0,0.0,166.56531079,,,,,1.1257838557712005,0.05279426496815768,0.9177601489183789,0.05526455164130132,3145.6980088888895,3122.046485416667,0.2035911204999191
1281,material_nocable,3,False,1.2808370200548749,0.8657738647734892,11.36004561912112,538.1406163925444,5349.848865323388,3.1495542546653867,0.6770977546065964,0.06138833,2508.00588874,2477.53459899,0.0,0.0,164.57651333,,,,,1.0666541427258873,0.052798096323023624,0.8639643568588045,0.05539830918704726,2503.6879777777776,2471.4674604166667,0.20997393934708988
1284,material_nocable,3,False,0.975414366441379,0.9344182075669802,6.969719673535018,1000.593120867687,7241.895019763981,4.649413233028465,0.8791145871680639,0.22395763,1785.56764885,1481.61449751,0.0,0.0,61.69572214,,,,,1.6477361301836155,0.05274237233100984,1.7255969254486185,0.057816801500120744,1712.350331818182,1422.6142,-0.04616253063717139
1283,material_nocable,3,False,1.2939752098214543,1.0732982642408873,40.879311835816736,948.923186196812,2174.085064682424,3.3363540870823454,0.5894262528547634,0.21456346,1595.33914106,1457.97048318,0.0,0.0,72.76125788,,,,,1.765734774891595,0.05344554818451334,1.5620004809389518,0.054926918570547205,1512.1306487804877,1497.001065909091,0.12244621539269328
1286,material_nocable,3,False,1.044214140842436,1.349173212572112,68.15728675541074,505.16124521526064,3769.7470515954574,3.6322813978607673,0.7222291189038559,0.09738025,1597.95852485,1549.93095547,0.0,0.0,82.67050581,,,,,1.2473590836394388,0.052873166492105966,1.0353912423247928,0.055325483111013506,1559.9622422222224,1570.9215854166669,0.1857126807988613
1287,material_nocable,3,False,1.0254235978421702,1.380974155592946,82.10672911336258,1182.8677918411684,2238.09494889404,3.6011059515761783,0.8328717537638586,0.18720338,2208.2872995,2036.84284907,0.0,0.0,92.09968639,,,,,1.624195073068109,0.052903373078249674,1.4284987152917967,0.05536614387212538,2077.7297622222222,2102.0234630434784,0.12821224226452946
1289,material_nocable,3,False,1.1075121748318733,0.9419007128356752,3.331287080818036,786.6486833413899,5694.925844553238,4.868642098160284,0.5017034130128569,0.21101215,1533.8416337,1367.90651458,0.0,0.0,64.18630054,,,,,1.6192689938456404,0.05261238148611852,1.7486917128480415,0.056665764953577634,1512.0246666666667,1316.1801065217392,-0.07685524284483417
1290,material_nocable,3,False,0.8969662762420599,1.0970820110700366,43.509951723336016,1193.2671438023383,2320.3458391898234,3.9288567974352975,0.5814109981980903,0.47152598,1529.18719373,1096.70397811,0.0,0.0,22.58100765,,,,,2.1447783604447084,0.05289689750360701,1.989345356378764,0.05436289632881006,1224.5374815789476,1227.7502536585366,0.07519513914565389
1291,material_nocable,3,False,1.2895831119674297,1.1127457920575845,82.41004056206273,732.5577725823086,6340.850214698309,4.70674161888598,0.5470293120040828,0.08109388,3105.65491285,3052.78527081,0.0,0.0,161.82486106,,,,,1.184205821381561,0.05289114617914309,0.9471512984658487,0.055172266938024864,3040.9169288888884,3097.309491666667,0.2224446768758149
1293,material_nocable,3,False,0.856388382168016,0.9697323537306332,9.265533185362951,844.9720489821233,3616.151200410209,3.283007110789055,0.7058693505747499,0.38236378,1096.35302924,785.50188882,0.0,0.0,18.84350751,,,,,1.9984798631515563,0.052879815580081764,2.0015845651015813,0.056080032205124565,942.3183000000001,819.0739341463416,-0.0015523259715998325
1294,material_nocable,3,False,1.2247598021064638,0.9705478874084204,54.20897047472979,509.7971355299766,5129.1060975804,4.653727714628362,0.7836975169495175,0.05408581,2912.97334674,2884.03623821,0.0,0.0,170.2097166,,,,,1.0364094160323742,0.0528408111496281,0.8166008099071536,0.05524141915980448,2887.947464444444,2898.703295833333,0.2372448927137157
1295,material_nocable,3,False,1.0184758147584685,1.2262209321028614,31.690702067933763,683.0644943401967,1845.681860091673,4.975988957442594,0.6316124565661794,0.3150642,1022.37680931,833.9447028,0.0,0.0,24.64515009,,,,,1.9713514871509763,0.05276203932372796,1.8501213353348194,0.0549800971774175,913.7539700000001,868.8092071428572,0.06344682139453187
1296,material_nocable,3,False,0.9002123766977452,1.2336241404558956,31.59586420812369,952.0167546915126,2769.147246746638,3.965784760647426,0.7426124728892896,0.30017196,1309.73643007,1048.77797648,0.0,0.0,36.59321655,,,,,1.9495573055261781,0.053185844152653775,1.7672153535919914,0.05574263728414649,1139.594626829268,1112.3422333333333,0.09811843158437815
1297,material_nocable,3,False,0.9244243128240384,1.2437114768271011,89.54164286116108,1029.9374149417374,7577.524876330025,3.0573084232720698,0.5776885969720202,0.21086321,1529.40527011,1299.76466465,0.0,0.0,69.4758849,,,,,1.6852598715688263,0.0529387102842898,1.562269444443479,0.05586586496457523,1372.7840477272728,1366.0244347826085,0.07574399807196766
1298,material_nocable,3,False,1.1284835649633114,1.0422211029605075,19.460035974872973,964.1834916924448,1191.5933860249222,3.185010292765407,0.6790851391617535,0.37042594,1213.45994786,991.6248614,0.0,0.0,35.5845971,,,,,1.9878502996394285,0.053725280061399885,2.087681824015647,0.05527075274326551,1115.7972641025642,1001.5202585365854,-0.04899066985475574
1299,material_nocable,3,False,1.1155776190869373,1.211907835986226,12.184285129624424,213.8935929696304,1906.5566558058576,4.878106845330793,0.4835808068522916,0.15193048,527.71493328,488.94046479,0.0,0.0,21.85380816,,,,,1.4734675362646306,0.05274998063793125,1.322302479532372,0.055560295930951895,515.8408204545456,486.0511260869565,0.10813840614795017
1300,material_nocable,3,False,0.9798804007844828,1.3588010717432977,68.03816844145916,959.4203284134728,4301.612177787953,3.034335392109972,0.8628898242229852,0.08878043,3202.24142225,3130.64801289,0.0,0.0,174.22945689,,,,,1.203981125502501,0.05285803677093327,0.9940337429888547,0.05534949111603067,3153.742511111111,3154.0611124999996,0.19103363268670442
1301,material_nocable,3,False,0.9506274925748632,0.850393083646167,80.06622696148224,976.5688505784163,1700.8524115444309,4.350771315939678,0.4754463574508678,0.55699413,1266.45876808,953.32881631,0.0,0.0,49.87492148,,,,,,0.24413871107786156,,0.053274896667117495,881.6461281249999,1164.4164676470589,
1302,material_nocable,3,False,1.028114742094105,0.9856222920226512,20.39364448522345,813.7908492398836,7869.823219996918,4.5561130741108,0.8898318755748145,0.1324046,2144.25772081,1975.6819475,0.0,0.0,97.45368998,,,,,1.3771915721979087,0.05293184624909275,1.2310936938851247,0.05637853572355027,2092.7592266666666,1968.2280063829787,0.11202599670563261
1303,material_nocable,3,False,1.350113686169421,1.0500770167238356,61.92315326803496,566.0927335470657,5608.148434662098,4.240644780168234,0.6136211567190931,0.05090194,3483.10115305,3459.91398217,0.0,0.0,204.38149251,,,,,1.0223119502952955,0.0528089400719991,0.7995171331658398,0.05518808681727198,3459.8142488888893,3474.6727874999997,0.24458366501229314
1305,material_nocable,3,False,0.9293172598029348,0.8818357011745459,45.14681753872623,837.3671837641614,6870.314068246757,3.259086816094007,0.6349642550586045,0.32114603,1211.11636685,936.99531044,0.0,0.0,32.13006774,,,,,2.0317446661649394,0.054557730371533504,1.8286493833976807,0.055877273435584476,1025.6971975000001,1036.2954857142856,0.10521997503869808
1304,material_nocable,3,False,1.0841839358416454,0.9757575442019204,81.1515347792132,431.462692035743,7706.970580230573,3.8911117040693375,0.5593574671113823,0.12886487,1253.00252889,1165.85871406,0.0,0.0,56.42115268,,,,,1.4560527562864833,0.05346720117444999,1.1483748626495625,0.05515454528343479,1144.5622600000002,1239.7476760869565,0.23627294642391536
1306,material_nocable,3,False,1.1346340718221166,1.3044463559569937,20.8631623490103,799.2401795717601,7891.363061126507,4.525045243467961,0.5835165621796619,0.09674355,2811.31698428,2727.10123647,0.0,0.0,133.27016711,,,,,1.24215775781526,0.05281341433075975,1.0384194894131105,0.05533837585433513,2774.915151111111,2735.190785416667,0.17867254323418044
1308,material_nocable,3,False,1.2293280599304786,1.0694723001300273,4.055172485260343,665.3179737929602,4993.150976485284,4.78348463524758,0.8533046169145083,0.04485892,4655.6431596,4627.02801547,0.0,0.0,260.8058072,,,,,0.9845619863584668,0.05282594866607676,0.7711613521500305,0.05532916309588353,4650.146135555556,4622.961270833333,0.24309141369587545
1307,material_nocable,3,False,1.0387703752515145,0.8293351193053004,77.16288693761015,556.5395754622068,7808.465449057007,4.124511582318492,0.5497175847417415,0.21409663,1172.35200532,1010.94188519,0.0,0.0,49.48201844,,,,,2.1378725296046666,0.05501223093157212,1.3943282210802876,0.054656378708594584,961.7979268292684,1123.317282222222,0.421009088104742
1309,material_nocable,3,False,1.398907621644391,0.8317446688170667,55.303056165684566,374.9389060207148,3928.4818017938906,4.071226529957005,0.7906282854871123,0.02415814,3867.86994985,3861.30337056,0.0,0.0,296.30061708,,,,,0.878751804914316,0.05281482413670252,0.6588671375297405,0.055244471415535755,3861.9296888888884,3864.807960416667,0.28600670987451193
1310,material_nocable,3,False,0.9331142896978756,1.125729303068036,52.09882046622301,479.1490770812327,5359.985667255421,3.6587965061213694,0.5658138602260973,0.23096886,738.68230348,583.6633312,0.0,0.0,26.16658081,,,,,1.7896408742544925,0.053239122340859195,1.5937995470609094,0.055861418361603764,621.3194302325581,634.4462111111112,0.11576460809523849
1311,material_nocable,3,False,1.3421210200352798,1.1514303667047443,47.21879546807091,868.5950748001276,3201.507334802846,4.737775278464742,0.7332590807603847,0.0947892,2998.17762755,2933.95835767,0.0,0.0,160.28444028,,,,,1.2464129116221183,0.0527513082002136,1.0256244355505117,0.055055198264432496,2951.76794,2958.21288125,0.19435285810452038
1313,material_nocable,3,False,0.9068935638500324,0.8832482256255483,63.30829642065547,1063.670183568281,1783.681984665237,3.974584408898037,0.767774021611006,0.45880121,1346.47165784,1012.70890854,0.0,0.0,34.85349682,,,,,2.3113778149230613,0.09972659903810471,1.8304870727369489,0.05404153463755482,1037.7842142857144,1184.7705885714286,0.232209767932723
1312,material_nocable,3,False,1.012983514978632,0.8983260140139229,62.4854146604612,653.7848295692932,5398.30090182029,3.304208283241816,0.6230147763002957,0.25320664,1076.40738438,900.67399622,0.0,0.0,38.58383023,,,,,2.0099456942301375,0.0540719340503166,1.572393190761924,0.05491735950303318,907.019756097561,1015.7084204545455,0.24428314434533635
1314,material_nocable,3,False,1.2366620566889803,0.8443372801763595,52.45964881732747,211.81810519098883,7850.003647267979,3.072207880354522,0.5048788235850176,0.03072326,2241.51047155,2234.10337706,0.0,0.0,137.05649243,,,,,0.9133114158817212,0.05282722287397148,0.6939877370432936,0.05525899601666475,2235.005048888889,2237.5149875,0.27290959301421297
1316,material_nocable,3,False,1.372675300632519,1.1771522216489254,25.369266279055694,385.8261655824819,4796.256936556074,4.04750348742237,0.5339264771673178,0.04266014,2964.54250859,2951.55439736,0.0,0.0,162.65403383,,,,,0.9746092734387573,0.052810664556082354,0.7593684267892901,0.055253592504901215,2959.955026666667,2951.8077083333333,0.24826253142835616
1315,material_nocable,3,False,1.2323301610857804,1.0937755692585764,88.4061596181728,615.9899912895348,7050.339831913457,3.496729080806536,0.704444963135302,0.05183403,3725.08283267,3694.94199884,0.0,0.0,206.75568261,,,,,1.024945840632729,0.05287708745500515,0.8028269975042496,0.055258927367379376,3689.893404444444,3718.7088208333334,0.24304863109234276
1317,material_nocable,3,False,1.2447540061394846,0.8705163708662845,42.30500149929303,849.5151697011555,4711.925054906878,4.902253520711842,0.4801107888232607,0.1586136,1879.26142262,1769.27848628,0.0,0.0,103.4410288,,,,,1.5731079669031875,0.05347375457329885,1.3476088893408193,0.055033596907495416,1810.7377121951222,1800.7551022727273,0.1544135146686942
1318,material_nocable,3,False,1.1900310819975308,1.397740109848853,33.09339132820769,830.310871824822,3952.6323995375233,3.680413391998563,0.7240202500960446,0.08909029,3027.06083726,2967.0241331,0.0,0.0,150.59860225,,,,,1.2076190779333562,0.05282066203434857,0.9965266145717646,0.055271679760687226,2991.618133333333,2981.8178645833336,0.19154129790910016
1319,material_nocable,3,False,1.1541412585685134,1.3882669877984508,5.489231639683164,536.3300332051438,5318.597455329617,4.106746481433115,0.8617897064207956,0.0265226,6550.35680098,6539.02234031,0.0,0.0,335.14160838,,,,,0.8901018528856548,0.052833304370984664,0.6717040583875239,0.05528035435749388,6545.0654,6540.452391666666,0.2796734125818409
1321,material_nocable,3,False,0.8650436863214822,1.3625107984521585,59.23393259610501,1127.176402570264,7494.74421041335,3.2059308791188297,0.5917795209615799,0.19503517,1595.24180925,1421.26679987,0.0,0.0,93.76430128,,,,,1.6283918693902615,0.05336134806440336,1.5050659800787742,0.056515951828069275,1496.2667499999998,1453.9459866666668,0.07871552466064595
1320,material_nocable,3,False,1.265649410434846,1.1735948288700802,73.29623343198557,1077.6374204737267,6385.875931729657,3.473935543814584,0.7083541096716277,0.07764079,4412.40499647,4342.76465394,0.0,0.0,235.89477918,,,,,1.1590860980815916,0.052860027369936176,0.9336653246156545,0.055199903081825596,4339.444195555556,4390.096108333333,0.2154300515781307
1323,material_nocable,3,False,0.965198809754544,1.3557422838596975,12.433399614692323,1039.826100410262,5926.038702722207,3.651841763463798,0.7829027307608367,0.12616835,2510.32814869,2382.88550646,0.0,0.0,128.9821802,,,,,1.382317974450762,0.05293155638132276,1.1670704678416115,0.055361632059977815,2428.178731111111,2418.720329787234,0.16886207141945234
1322,material_nocable,3,False,0.8431988407078841,1.2690171793888176,40.05285667346293,530.3254077490365,1323.8901477276677,3.585000757162209,0.5869727216636254,0.38265116,614.01661349,449.11760755,0.0,0.0,15.59352264,,,,,2.068271372337404,0.054846785272526836,1.9033239483007198,0.0572957314888215,493.65313076923076,500.9435634146341,0.0830635604687851
1324,material_nocable,3,False,1.143377922590429,1.0862359083704929,80.93247482621122,737.2714587623927,4428.489786441451,3.1306781318400416,0.6795233341337483,0.13791937,1786.74179063,1685.76635632,0.0,0.0,85.66408925,,,,,1.4621069068267876,0.05306325807156762,1.2034132806696018,0.05515087866000626,1676.6687577777777,1756.8308021739124,0.19410367054857364
1325,material_nocable,3,False,0.8887918107752518,1.2038252507112903,78.11434146023126,516.4242231356119,3482.772319709836,3.0713989743204797,0.7517979990272845,0.2092872,782.50067752,663.68944451,0.0,0.0,34.72382441,,,,,1.6769001119420468,0.053048585327714164,1.543954604663367,0.05601719585621424,699.3934204545454,700.8155173913042,0.08255293639496807
1327,material_nocable,3,False,0.859880825032011,1.3956135909395542,60.61506985266432,350.6183904109852,5902.988826998615,3.5129466393912856,0.7879550487839715,0.06495722,1299.56589949,1275.68305738,0.0,0.0,92.99989074,,,,,1.0883848136325196,0.052853834011228895,0.8754940451429458,0.0553934839914956,1285.6713866666666,1281.2920125,0.21680641607631262
1326,material_nocable,3,False,0.863401656372801,1.3939710640684977,75.64627011698106,1041.3835208715404,6648.1218511188135,4.34735124313495,0.5399200001721658,0.2339232,1317.93824539,1109.44674583,0.0,0.0,69.3458121,,,,,1.723168954317248,0.05315819521267986,1.6955989080678096,0.05657730634390005,1193.0823372093023,1146.1278644444444,0.016128644797897745
1328,material_nocable,3,False,1.3883849762781986,1.2957644401259525,18.271044804172263,758.1831951020213,2587.466069898766,4.20577604859441,0.6688057688053999,0.09994785,2540.89212693,2485.57928144,0.0,0.0,129.13491146,,,,,1.2567730127441346,0.05274040967447167,1.0608159972940867,0.055205456958250534,2522.3069,2485.6728208333334,0.16910419802760124
1329,material_nocable,3,False,1.1458038390290854,0.9980358237289748,57.8812767772504,642.7719383009867,2571.101674382926,4.818505728330875,0.6572247020384228,0.21149266,1177.1456485,1056.62913445,0.0,0.0,49.34568412,,,,,1.8152558958796574,0.05340432705099278,1.4873556507200727,0.05477397009756073,1068.089736585366,1125.878725,0.19857027720815726
1330,material_nocable,3,False,1.066318793787268,1.218129265111576,54.97818612631365,611.0199189689286,3146.7697147988565,3.934172579854296,0.8451912144287005,0.10329195,1953.62363289,1892.70575203,0.0,0.0,94.71821123,,,,,1.2752873675459975,0.05289818132439104,1.0615246877878355,0.05532223404117292,1905.8889177777778,1919.1007854166667,0.1829523938566161
1331,material_nocable,3,False,1.1028278532166946,1.0397230780601738,65.68027893094533,455.4467041681903,2333.577834379564,4.300829183917615,0.8460660654668541,0.1260907,1222.66207956,1159.68142029,0.0,0.0,58.90043167,,,,,1.3966822971164121,0.05308309614789318,1.156056886451019,0.05524935058016229,1159.9860466666667,1199.3988489361702,0.18852330250920593
1332,material_nocable,3,False,1.0041541987818403,1.3691692479758406,30.546751553634383,448.2321661193054,3021.7557691107995,4.196106723127135,0.522499769131858,0.18286743,794.22619815,704.23892267,0.0,0.0,35.65542151,,,,,1.61974394258597,0.05299371023157944,1.4143644835330453,0.05550022799938179,738.1370244444444,726.2962869565216,0.13538043484861842
1335,material_nocable,3,False,1.2475764697081353,1.0187254333516802,77.9142746448113,323.30850915550553,3653.3701039228513,4.092652273371691,0.4773327426251459,0.08542105,1309.80254138,1283.42248592,0.0,0.0,69.4296744,,,,,1.2110943970854249,0.052923570856262835,0.9665670842478009,0.05513096934557556,1277.0262488888886,1306.0936208333333,0.22457789232504352
1334,material_nocable,3,False,0.9283864761455488,1.339998177592898,32.36834583409156,789.1845829194589,6999.377352526136,4.646648118213049,0.5730114969889405,0.19068923,1273.36436264,1095.9139894,0.0,0.0,60.86944057,,,,,1.6535662899988652,0.05319329961644036,1.4392696334586084,0.05573013344728465,1155.917731111111,1143.0305355555554,0.1385761558930001
1336,material_nocable,3,False,1.3152980038555129,0.9290368963037408,59.09915691712842,329.8040776535936,7271.068469553876,4.011721522600701,0.5336400949446243,0.03156961,3229.96636604,3220.90387408,0.0,0.0,200.58461804,,,,,0.9186141367396267,0.05281681587497071,0.6981817262496526,0.05523599938272097,3220.991455555556,3226.3853375,0.27267809812726584
1337,material_nocable,3,False,1.0953525886199351,0.9003069835139342,13.345551346425584,650.8789696516995,3074.8663241125723,4.597368869506477,0.8409021567624606,0.17122435,1321.21521406,1194.87155753,0.0,0.0,61.7995752,,,,,1.509857249580823,0.05270191066187124,1.469506371238576,0.056708738969349984,1295.667209090909,1170.6381521739129,0.027086910815638764
1333,material_nocable,3,False,1.1225684555031248,1.137951484993831,9.90964143653537,1026.0732727356794,2376.591640812292,4.698597299143559,0.7019910020692742,0.26259173,1654.03159047,1437.6069871,0.0,0.0,54.84578799,,,,,1.7937703103167826,0.052568480108371375,1.8074481228735884,0.05556448347310725,1580.0102609756095,1423.1280477272726,-0.00759621378739218
1338,material_nocable,3,False,1.3809541218618802,1.3379058549723113,71.07706738586978,825.0269347559457,3062.225517353638,4.316736245895953,0.5751390889844471,0.11545055,2502.055397,2431.20628685,0.0,0.0,120.23567672,,,,,1.3554454318054165,0.05279544140886708,1.1133881038513502,0.05501839383769092,2428.9356333333335,2477.8616191489364,0.19609044065392886
1339,material_nocable,3,False,1.157907590496761,1.2906823418358775,19.822133873768784,839.4854678545423,7457.684915089828,4.521615525728289,0.6288871085751677,0.09033002,3179.02882939,3101.21510233,0.0,0.0,151.77939659,,,,,1.211157705825915,0.052808599451622036,1.0067263726967592,0.0553314275049473,3147.199324444444,3106.917191666666,0.184348077619392
1341,material_nocable,3,False,0.8813680102271783,1.122845554639582,26.50664636630032,527.120963274268,7506.467116946254,3.042597381191747,0.8370920690738186,0.18839903,871.14448762,734.20137582,0.0,0.0,40.06927485,,,,,1.6467493903065638,0.053444867925947735,1.4242480322564703,0.05605797966342888,774.8207133333334,777.3210630434784,0.144904946135966
1340,material_nocable,3,False,0.8145510125767519,0.8463282630429577,13.925700548861291,295.87397626485625,1519.556478423969,3.7648596668881726,0.7946166437524209,0.42316519,390.06226073,276.18299462,0.0,0.0,7.24739195,,,,,,0.05288204489976341,,0.10500400502536125,338.1151225,284.31949268292686,
1342,material_nocable,3,False,1.161585442595819,1.048684224171191,34.79373170168934,1187.955038796971,2033.548900116473,3.046981400667929,0.7655551071243628,0.24887778,1772.80033575,1561.36514152,0.0,0.0,68.94366055,,,,,1.825331725877222,0.052958166605439595,1.6850098451135518,0.0551037128654314,1657.3424170731705,1606.7561704545456,0.07994770760958461
1343,material_nocable,3,False,1.16049923041112,1.1520625209166977,49.2373973191348,268.54677405827266,4897.4817282498725,4.861787813067508,0.6217501276244503,0.05760286,1607.87164599,1589.27900743,0.0,0.0,80.10390586,,,,,1.0528232978599585,0.05283955908634519,0.8354780876229578,0.05526666356731461,1593.8218444444447,1596.8324937500001,0.23020182255643115
1344,material_nocable,3,False,1.340637530337866,0.965733262876679,54.471226053714624,302.8423899215984,3475.91571453424,4.075805096892154,0.4592475216961315,0.05990721,1626.38731027,1611.82962572,0.0,0.0,97.05404938,,,,,1.0722528547039267,0.0527710631745618,0.8477343079290555,0.05511277000140776,1613.2831444444441,1619.369875,0.2338750499424974
1346,material_nocable,3,False,1.1493185627434124,1.1385057356636534,17.342926693213933,535.3594795907082,3965.366544117741,3.593073233455505,0.6560017326777797,0.1162872,1548.00200073,1483.57333537,0.0,0.0,74.95756282,,,,,1.3263046771700333,0.05278576492138845,1.1421202931320855,0.05546918581777928,1525.8675444444448,1482.8950106382981,0.1492323131177893
1348,material_nocable,3,False,1.124619950790751,0.8083729734972407,56.68135128004241,369.5583058174344,6855.783961947607,3.1691664146126017,0.6910270822431068,0.10909159,1220.32012892,1156.74302882,0.0,0.0,64.74181883,,,,,1.343908785698677,0.05341627812442468,1.0794267037910066,0.05551121246698606,1161.533893333333,1193.0160127659574,0.2182793781998103
1347,material_nocable,3,False,1.3234443433312506,1.2384823997507797,88.08212024211636,358.63027716174906,5545.231644986272,4.27955968162054,0.7001235423916623,0.02610067,4443.83564607,4436.18776549,0.0,0.0,239.37676253,,,,,0.8886122140653951,0.0528419499432384,0.668678218860047,0.05527232010702269,4435.120833333333,4442.024210416666,0.2824572610931565
1349,material_nocable,3,False,1.041863874341551,0.9202901080856009,57.98688746808278,1045.693545295551,4148.454354409658,3.73690446434141,0.6469193072413313,0.29275895,1534.22927043,1280.43485041,0.0,0.0,53.66248442,,,,,2.0923968770035093,0.054755256234751436,1.6882152626222104,0.05503713065942178,1307.527795,1422.924476190476,0.21381807995850788
1350,material_nocable,3,False,0.9169542988036162,1.117544677597207,85.02438882114197,315.94791048736624,6595.036847071812,4.082073260135713,0.6436908450874641,0.19662538,530.09144107,429.53089625,0.0,0.0,21.83882672,,,,,1.675749143094512,0.053389726900946274,1.474443710176451,0.05593683646679175,453.12671818181826,467.65192608695645,0.12780514863338482
1352,material_nocable,3,False,1.1717025210040464,0.8342691299667171,79.78804839092977,561.3478170416302,4810.695488081614,3.984533776564409,0.7380446503202338,0.11141795,1585.90214661,1513.02786069,0.0,0.0,91.69214061,,,,,1.3666395593791918,0.05333937314672592,1.0728728560901526,0.055100501200654385,1492.422924444444,1577.3742595744686,0.24084050683752772
1353,material_nocable,3,False,1.0111256145141878,0.8876680300115973,26.28909362200318,1118.095223335266,6977.088109424721,3.011930969155009,0.8247242335386816,0.23252343,1819.88962186,1529.79982696,0.0,0.0,68.47467281,,,,,1.7115793659227463,0.052841391629103035,1.6966120707526167,0.05678547754241234,1708.0590023809525,1546.8203800000001,0.008783130553681564
1351,material_nocable,3,False,1.1694202694655442,1.305787723135865,79.68107466583415,502.3365072184044,6493.594349594256,4.74674064810092,0.5608578299612305,0.07171548,2403.99411899,2365.11164799,0.0,0.0,115.90412328,,,,,1.1269674646923058,0.05286788697769273,0.9052392745341092,0.055245047072729245,2363.4478155555553,2391.32481875,0.2182142061418418
1354,material_nocable,3,False,0.8478608915297472,1.3505679288354115,28.769113248684583,1003.0984735774484,7029.453485134654,4.2550967776021205,0.5074757336349554,0.25073272,1213.8856164,1027.69309119,0.0,0.0,64.45893849,,,,,1.9009210014197524,0.054352966889169976,1.6081613688800844,0.056655289898229544,1066.9526659090907,1101.7730227272727,0.16685822767657224
1356,material_nocable,3,False,0.9347270371791114,1.2660088904577238,56.41300921542504,1053.0780574981216,7733.117198738023,4.022145907672163,0.6318042400981845,0.20704529,1680.13996933,1425.82449783,0.0,0.0,70.98768653,,,,,1.694092198534943,0.0531202646129222,1.5131933353025104,0.055784794619154573,1494.6381111111114,1511.4028377777781,0.11280496315274477
1355,material_nocable,3,False,0.9017886250125106,1.1765524399499052,36.004616780449275,608.200749157467,6717.27239408274,3.9202508177151296,0.8365670753829302,0.17000792,1126.45103251,980.54810637,0.0,0.0,52.15317782,,,,,1.5587937911057568,0.053166451763619144,1.3598934041896467,0.05583131329079665,1032.9886866666666,1019.0783282608696,0.13629441841983975
1357,material_nocable,3,False,1.0787016979473956,0.8888708948256674,70.70137792347046,741.9557245302818,6159.832005175815,3.397293383892413,0.6187013518843332,0.20337617,1404.56755395,1246.14567483,0.0,0.0,60.79765237,,,,,1.8692909004138942,0.05386547370293164,1.4081077062612548,0.05479979524006039,1216.8628452380954,1369.73546,0.28143247099290125
1358,material_nocable,3,False,0.967268666133033,1.3321654093060626,34.624926803805415,1104.6089021146245,6348.034242323381,3.580628028095566,0.8560410785871833,0.09524097,3541.72108544,3443.07029271,0.0,0.0,185.64377988,,,,,1.2360515964491936,0.052883795480210105,1.0237964691440682,0.05534925307288617,3476.006948888889,3474.4372874999995,0.18784902448687726
1360,material_nocable,3,False,0.9769355110659772,1.3912851859617832,16.46207022722543,706.3263844435636,7668.409677523722,4.158003745495643,0.6547660248951153,0.10444367,1932.35186546,1849.4129991,0.0,0.0,108.40622796,,,,,1.2840046883595746,0.0529171037683531,1.0671566299740567,0.055354399277344604,1880.145331111111,1872.804439583333,0.18446038278582041
1359,material_nocable,3,False,1.2502820392396186,1.1278274961221313,77.73163767499935,325.6789348750194,3890.24413293885,3.201454163231406,0.8105063570322921,0.02869434,3402.33104004,3394.53785387,0.0,0.0,195.46996849,,,,,0.9020346567815235,0.05284287283209159,0.6825305712566443,0.05527061198203063,3393.929351111111,3400.051483333333,0.2770527607710346
1361,material_nocable,3,False,1.1758591653120791,1.0524264077842975,37.58784668252408,623.9039690117048,6190.874690011183,4.855933396226071,0.6682067879412537,0.09279522,2319.39487538,2254.00186961,0.0,0.0,116.93052487,,,,,1.2275069055295114,0.052807304006642256,1.0203124395457501,0.055305743528126075,2283.87582,2267.9770583333334,0.184351528460419
1362,material_nocable,3,False,1.3773192942301402,0.984779569595438,26.98711934321538,860.3050574640739,1439.1426136120435,4.438553515754935,0.5283140629727813,0.25214811,1277.63616633,1156.0875585,0.0,0.0,65.53771845,,,,,1.8517375738064092,0.05646474001841572,1.8148781297120657,0.05426874684711839,1235.70884,1155.5102000000002,0.02010543077038222
1363,material_nocable,3,False,0.8682790879958516,1.3853196085961113,5.2112361795017055,654.7457354024468,7751.243231879099,4.10337389908922,0.7276506471281604,0.12080433,1375.19684441,1291.83355198,0.0,0.0,90.24061366,,,,,1.3741565234545747,0.05310566073868078,1.1310879089103334,0.05531581715504011,1306.5339555555556,1329.2207872340425,0.19404782336132262
1364,material_nocable,3,False,0.9087047592969708,1.1250910698051944,5.290966830882066,310.17710367200266,4879.102040533031,3.4264383052646323,0.6944782004385148,0.19724679,507.16700061,417.8904512,0.0,0.0,21.74169658,,,,,1.6820597994885595,0.053274161816041526,1.4658585077789925,0.05597140324395956,449.56672888888886,441.29032173913055,0.13736143737302606
1365,material_nocable,3,False,1.0337620320703476,1.059683250071665,8.008543023161668,644.6117452806814,2288.352095571181,4.5912330813653215,0.8941037609887559,0.17141397,1367.46333499,1248.73644628,0.0,0.0,57.06008704,,,,,1.5274475258361047,0.052792156865700095,1.4128595250558253,0.056178666235722596,1333.0268444444446,1237.1944043478259,0.07794288065630392
1366,material_nocable,3,False,1.1915525184679454,1.002954683693497,61.40245876995415,565.2605186725445,5930.743425613763,3.660664346704622,0.8142806987904039,0.05115442,3363.92675859,3333.62434225,0.0,0.0,193.91446275,,,,,1.0199032425412962,0.0528660401661944,0.8003783522102594,0.055266298154652366,3334.6524955555556,3351.9038479166666,0.24119882436211632
1367,material_nocable,3,False,0.8974642588959065,0.825353388896862,75.00316154912267,1012.1276841878448,2003.340844212893,3.384842772451503,0.8075571463459692,0.43406986,1245.28809982,940.35480697,0.0,0.0,34.60807696,,,,,2.3794081885270684,0.09135631664469555,1.7602584474760374,0.05438508631200594,931.0910769230768,1123.4758609756095,0.2991302418732088
1369,material_nocable,3,False,1.1491917927490274,0.9622440962508012,33.45180439954835,698.8984799829898,3526.6478889186114,4.21818512632615,0.4847299468656105,0.2251644,1251.22332395,1121.85421648,0.0,0.0,53.45103549,,,,,1.7676282116949305,0.05369402311248967,1.6587745011905157,0.05556223185352098,1194.2978575000002,1142.062418604651,0.06353818837176131
1368,material_nocable,3,False,1.131631833566261,1.1218704597588398,71.72933981645339,904.2647184171282,5029.212145388837,4.58147491748788,0.6808915735241081,0.15638876,2115.24145792,1970.55472078,0.0,0.0,91.787874,,,,,1.5526992200403886,0.053038634493948425,1.279227290141907,0.055030432223792905,1962.5680681818185,2067.466441304348,0.19313490580719747
1370,material_nocable,3,False,1.2354992982005235,1.111254230568187,18.4022673044782,542.4304187906995,2563.718482294831,3.2325150053397804,0.4945967108093081,0.16495936,1169.98243223,1095.51476114,0.0,0.0,53.93782531,,,,,1.5254286925976124,0.052663769961752024,1.394786514133081,0.05534005806079888,1147.584876744186,1089.852060869565,0.08947434981053388
1371,material_nocable,3,False,1.25670998610959,1.2700850950671467,84.23725472711173,291.6025038979526,5289.163370908157,3.439630444197228,0.7446308945877647,0.02133988,4263.14618019,4258.09460834,0.0,0.0,231.31824207,,,,,0.8630217252861397,0.05283786598722888,0.6434978333636854,0.055274697264375096,4257.906106666666,4261.467797916666,0.29143185119905957
1372,material_nocable,3,False,0.9588888719608244,1.1820650755363182,38.80510236389901,1096.1900599102205,5810.882555513637,4.035551238414704,0.4517752767897587,0.30301663,1536.97249617,1180.14058378,0.0,0.0,39.17122882,,,,,1.9733909022225893,0.05287637183753801,1.804041520743128,0.05531573933766681,1295.3824487804877,1272.6629386363636,0.08966375173245464
1374,material_nocable,3,False,0.9460056776767032,1.2174383596644307,24.55892542950739,921.6616698839176,3972.322766535716,3.3682759518104666,0.5161360878856058,0.29565774,1224.84310105,958.86726212,0.0,0.0,35.67635963,,,,,1.9597825171365466,0.05311098390219688,1.767772180714093,0.0556364355552257,1059.1746292682926,1014.5780399999996,0.1030221429255858
1375,material_nocable,3,False,0.8481698112873688,0.8142881286507244,19.32088407076003,980.8905123753192,1352.0208557002184,3.3893762820180733,0.798430587469745,0.52390665,1197.10956726,866.19989482,0.0,0.0,33.31167158,,,,,,0.056001179811602075,,0.15756726858923076,1021.656406060606,902.9385,
1377,material_nocable,3,False,1.213976892477578,0.8046150438794374,9.062529261052063,426.671367923788,7524.43891623342,4.461688822873398,0.5805309056280692,0.06344337,2135.8993673,2101.18321063,0.0,0.0,132.54494699,,,,,1.0746829581170367,0.052793411939924414,0.8801574013112187,0.05554313266267273,2130.0932511111114,2092.5468125,0.19901937860819713
1376,material_nocable,3,False,1.3656699542243027,0.9822632155779812,84.29437746741947,586.6154656613523,1239.980207464204,4.638376057997476,0.8731238341802843,0.08109581,2064.71656423,2029.11280195,0.0,0.0,130.72668592,,,,,1.1855190080194542,0.05288518523484837,0.9462962129648776,0.05516800802404781,2020.8862466666667,2059.23663125,0.22443107892260872
1378,material_nocable,3,False,0.9920755468015184,1.28711668677113,23.42445974137489,811.9650191193965,4265.880343879207,4.139067414474482,0.6368104754556777,0.20884659,1385.21172329,1205.76833699,0.0,0.0,53.71706764,,,,,1.70308615361747,0.05294297804219261,1.516565596762239,0.05552538413009022,1284.2650886363638,1238.7019108695654,0.11586380845893274
1381,material_nocable,3,False,1.378490528160531,1.229237453254297,49.52802286846759,752.4272096373821,4483.527747417677,3.6297358006640392,0.8299706494361847,0.03215409,7072.40388334,7055.27741251,0.0,0.0,405.23623152,,,,,0.9202155695858812,0.0528259518260237,0.7016168413624435,0.05525811397842173,7059.482555555556,7062.141404166668,0.26957005760615893
1383,material_nocable,3,False,1.273109179555628,1.146227114669688,86.44423257139732,866.7760675544556,6799.415685327464,3.1408227934806208,0.7283061928653616,0.05461753,4855.85087344,4816.68094801,0.0,0.0,272.59666218,,,,,1.039185450753437,0.052865562860862025,0.817498894809817,0.055255025419602255,4812.0282,4845.799083333332,0.23879832506086868
1382,material_nocable,3,False,1.0235916732617882,1.3704050895866784,62.317782904205735,932.956850665798,3157.39248605734,4.626478420123856,0.6300154351397851,0.23953929,1519.19544468,1311.3557819,0.0,0.0,51.4283091,,,,,1.8113190840403963,0.05291185468430004,1.6099935817207478,0.0552881413114901,1349.329292857143,1394.3296688888888,0.11768904042849843
1384,material_nocable,3,False,1.2931223267476055,0.9765330644014688,62.73289647029166,1083.4753695228392,5520.966575047796,3.469519390727466,0.7899783221553555,0.07112815,4421.63743209,4356.79923373,0.0,0.0,272.067106,,,,,1.1280627086731265,0.052841334449868584,0.9019620607569881,0.05517003248357082,4356.883137777778,4397.952372916667,0.22275654102448336
1385,material_nocable,3,False,1.3109254693350323,1.3680187412681726,83.9549005633537,1065.1118385659406,2122.387081500853,3.3624381536436583,0.6222684108448837,0.1886639,2024.59813391,1884.26503027,0.0,0.0,85.24447218,,,,,1.679164072100927,0.052869904699185864,1.4090636139681967,0.05500741648261389,1883.7240977272727,1969.6749978260868,0.1749226323895373
1386,material_nocable,3,False,0.891924211055486,0.9250170334763216,49.8179789837626,1146.8434131397476,2914.6507398010435,4.497182791761603,0.5933952203003279,0.48015251,1523.99986184,1116.70625191,0.0,0.0,36.1442148,,,,,2.2092132419973494,0.0792019027818073,1.937110284885151,0.05422392743311633,1202.162293939394,1277.2335486486486,0.1312502294372503
1387,material_nocable,3,False,1.2741106206619015,1.3780173011244825,64.09632016483492,625.4615602155177,7632.17377056288,4.38791829524155,0.5419169611415817,0.05158238,4121.83102191,4092.88189661,0.0,0.0,204.0363909,,,,,1.022718962912535,0.052829835661057964,0.8034560911843438,0.05524225555321226,4095.168875555555,4109.115152083333,0.24013346501069807
1388,material_nocable,3,False,0.8286854491101108,0.9828993423282644,54.78652652587196,420.4500716220112,6791.544943776444,4.612859152904466,0.5698065648267865,0.33924143,916.97039004,434.41115211,0.0,0.0,11.96435873,,,,,1.9562856124931791,0.05369857146591634,1.866999666945125,0.05631742704399973,467.8899871794873,463.73107727272725,0.04670639987459766
1389,material_nocable,3,False,1.129160772718192,1.0910083873498435,4.908249060251457,227.0819346332815,2630.003845215994,4.537316168860648,0.6740295435329108,0.09548407,822.4563955,795.48248806,0.0,0.0,40.01814364,,,,,1.2282979161233116,0.05280489530584025,1.0419445528709006,0.05558220820837802,816.6867155555555,792.1427895833334,0.16417044945421302
1390,material_nocable,3,False,1.0458857979676373,1.0708070972146606,85.44164538110091,313.4517360080555,1613.2324434118714,3.108297130690358,0.8147985708521912,0.16271846,651.3326147,597.36922596,0.0,0.0,29.06022062,,,,,1.5620693672754653,0.05321066732269125,1.3034174505224874,0.05523702855610012,595.5096333333333,632.3542891304348,0.18052912695075302
1391,material_nocable,3,False,1.246247381603367,1.2530696907154837,79.41112935841312,910.0758063341684,3325.7270801911973,4.375637844168043,0.5211895186103325,0.18329732,1902.12957612,1765.31129344,0.0,0.0,77.96534991,,,,,1.684451677073321,0.052911715059649284,1.3794667678242043,0.05486598113664739,1751.651215909091,1861.6042826086957,0.19908161051546347
1392,material_nocable,3,False,1.3267827436765958,0.9883632605778284,52.21381271797425,411.3067394942857,2716.629583526824,4.116622509478645,0.7263033049729761,0.06190981,1976.49564205,1955.51231756,0.0,0.0,121.3248406,,,,,1.0795523385211006,0.05279341944644445,0.8579919528479575,0.05516065360874675,1959.1428822222224,1965.39799375,0.22870226674053445
1393,material_nocable,3,False,1.173330660388933,1.3255387225647035,87.30563391995554,244.86050708172155,7412.746653947196,3.382547074239196,0.4983764198689364,0.02997682,2518.26055702,2510.58733057,0.0,0.0,135.34856676,,,,,0.9088256517061916,0.05283931085294131,0.6898114495872077,0.05527547581613272,2510.7538600000003,2515.2795333333333,0.2740011500318457
1394,material_nocable,3,False,1.2255441534686369,1.3139543141399428,70.13837788865358,242.4505906022501,1054.6305062414128,3.795581202706121,0.4665229318635318,0.16933647,523.34652038,487.85103014,0.0,0.0,21.96588847,,,,,1.5999060715810531,0.05283946654599903,1.3433750033758427,0.05495430221542735,488.89399090909086,508.66044347826085,0.17431639158619422
1395,material_nocable,3,False,1.390375010757305,0.8872923364469709,30.676967902420596,715.2018020768633,4777.311024158022,4.336613710773444,0.7622563294186,0.04358007,4374.07665269,4351.22482512,0.0,0.0,310.27180245,,,,,0.9806323008455601,0.052793506910715896,0.7650423362606269,0.055217908569146025,4364.8999977777785,4352.706558333332,0.2469990226154831
1396,material_nocable,3,False,1.0216753854577236,1.375673202217229,23.136703030058637,548.2672154146203,4356.045909419837,3.527137829244815,0.8516037487718666,0.05166309,3224.57606698,3200.10557388,0.0,0.0,173.68222862,,,,,1.0208553132471214,0.05284403177926228,0.8041504968225507,0.05529209119788194,3209.006551111111,3207.172139583334,0.23748397427435886
1397,material_nocable,3,False,0.9391345360469456,1.0323179284288777,84.48303702665173,999.0221817101722,3049.0858000539324,4.108664631423815,0.6645460435223529,0.36828897,1366.14712545,1047.71940927,0.0,0.0,27.12865143,,,,,2.219828031771038,0.05326576387413361,1.781243437125669,0.05469356583635586,1041.8516051282054,1237.9306738095238,0.2192335718343509
1399,material_nocable,3,False,1.217691690260167,1.3446603845674865,30.96720255108442,739.2324857607896,5652.506172561251,3.699224277214473,0.8316357493722382,0.03507005,6687.58997962,6667.59184209,0.0,0.0,351.26004716,,,,,0.934859024644624,0.05283187598581447,0.7173177774296586,0.055277464190140374,6676.4916066666665,6671.818839583332,0.2633389440426057
1398,material_nocable,3,False,1.335766129055039,1.105079254916323,18.99803788590845,576.2411951696686,2539.278337221258,4.1492294637402924,0.736798920178606,0.08093561,2231.29643982,2194.6352401,0.0,0.0,125.50625434,,,,,1.1656013601183417,0.0527634719379141,0.964276624617699,0.05526296962627919,2220.7133666666673,2193.0374333333334,0.18904813979340998
1400,material_nocable,3,False,1.302164617944444,1.158602460293514,49.47305188600907,677.0673762949646,1719.5551973965328,3.4656872894814983,0.5010209221453008,0.2170863,1179.2469841,1077.95194923,0.0,0.0,50.10529782,,,,,1.8013552825120946,0.05336761384860687,1.5419151949735166,0.054735649578522755,1102.9196341463414,1120.4435886363635,0.15520137499236755
1401,material_nocable,3,False,0.9480288369818084,0.8022742232761686,6.532275067637368,407.5096250210784,2997.651483942072,3.2935312240406063,0.760146871958381,0.31358317,583.89987753,471.66274738,0.0,0.0,20.74241673,,,,,1.786012391055853,0.05258537536510248,2.223368336814141,0.05788577802326584,560.137435,447.50108837209314,-0.21816633312877506
1402,material_nocable,3,False,0.9715675021993604,0.8000165540338292,33.21613397406861,296.1286489882734,2839.0353231441804,4.478980061262806,0.5666580203399836,0.30255498,485.65728591,396.60756896,0.0,0.0,18.88542394,,,,,1.9304788448633572,0.05792616213433575,1.9813002584299841,0.05602195993067012,440.0010763157895,409.74796904761905,-0.02598378498614107
1404,material_nocable,3,False,1.0619006840883043,0.8794854221124995,26.09871653246432,1057.644463867669,5009.578851772181,3.5634394084237995,0.8972644663040732,0.17651262,2028.18738762,1809.7759225,0.0,0.0,93.49217441,,,,,1.5388839228462659,0.05291990420095701,1.4535403774904037,0.056822355135056894,1952.848293333333,1809.8135760869563,0.057039735539014584
1403,material_nocable,3,False,1.1559063882999427,1.3541122470211624,75.84561880962349,337.4592624857936,3132.8406370945645,4.014715028540566,0.7213960597072118,0.05834118,1871.6517221,1853.8636147,0.0,0.0,95.0605897,,,,,1.0562986901492597,0.052848587917122714,0.83823397606214,0.05526696720886224,1855.1892311111112,1863.8884625,0.23020422711759897
1405,material_nocable,3,False,1.0142571307553578,0.8616914918241778,1.6325080778347107,777.2447794027051,1562.4017224507193,4.419259379677785,0.8853160427521016,0.29134303,1090.50639523,905.42429571,0.0,0.0,39.56907411,,,,,1.7701619243763933,0.05258088650115185,2.041268639634302,0.05751647197304477,1045.651119512195,869.7910636363636,-0.142259821190408
1407,material_nocable,3,False,1.1630932438999435,1.345838281786074,55.16905155735604,710.9117459171396,3925.075067569338,4.058980866304514,0.8109614393933455,0.0657672,3537.04194272,3498.12291412,0.0,0.0,177.56325896,,,,,1.0932863609847558,0.052839892281486216,0.8768294034113923,0.05526578071399922,3506.7074666666663,3514.7220270833336,0.21974034367438192
1408,material_nocable,3,False,1.0596165124849986,1.1702106320406478,4.6140766675782565,309.3832055370772,2186.7442511619206,3.2394357840355505,0.7784359206286635,0.11355762,870.63147357,833.49264349,0.0,0.0,43.05280984,,,,,1.3151839637016087,0.05284302702345668,1.1204885360765298,0.05549914492283459,855.6512222222223,835.1162468085106,0.15986995595082137
1409,material_nocable,3,False,1.0519171897252173,1.0891030084360234,72.63925754626318,1159.197482263558,6982.4142394862,4.757340231115159,0.8768728961635673,0.11871297,3379.25273301,3215.61807769,0.0,0.0,156.95856928,,,,,1.356956897351852,0.053110172451197216,1.1225607919577758,0.05528893967790471,3208.682191111112,3325.407136170212,0.18906588680909078
1410,material_nocable,3,False,0.9741399893964302,1.335313529173467,72.81772054101468,996.8398240751544,5555.646420639004,3.3193671839577434,0.8781199326143072,0.07756184,3867.6149657,3799.16993329,0.0,0.0,208.10383659,,,,,1.1497763905108784,0.05285565556518831,0.9373731618197041,0.05532956101959261,3819.022317777778,3823.711379166667,0.20353426849934894
1411,material_nocable,3,False,0.8735456591185303,1.317520277131576,27.14467430270964,376.8102246294453,3257.810306410888,4.037477730345211,0.4986527637423401,0.22785423,497.67765899,428.77726478,0.0,0.0,26.03253399,,,,,1.825599247102276,0.05386376712421615,1.5455475985775053,0.056206560245263645,442.6564227272727,455.9633755555555,0.16614621750082742
1412,material_nocable,3,False,1.1934020579156914,1.384033475666009,0.8817609133954843,781.6517615923996,6508.996024899881,4.576999188110295,0.6622380200852394,0.07055905,3747.22392452,3696.26016505,0.0,0.0,182.14493442,,,,,1.1150703759587135,0.052827274225684145,0.9049213729646068,0.05532159587242388,3728.050242222222,3698.12060625,0.2080691696944986
1413,material_nocable,3,False,1.2853021290057625,0.9015159405637868,39.03034363276846,545.4603997251788,6137.369432741418,4.717412868033809,0.5104876721713958,0.0715454,2456.72297187,2421.24935304,0.0,0.0,147.4517534,,,,,1.1295855762934937,0.05275288151290148,0.9140668166294763,0.05512239800465024,2436.6716511111113,2428.4939854166664,0.21091528129768472
1415,material_nocable,3,False,0.9541351373899856,1.033689386552716,47.50388462833954,897.3738069536009,2939.2274892295086,4.256098253138358,0.5026914400237714,0.3997876,1224.42689174,924.7447767,0.0,0.0,23.6218207,,,,,2.1636625594329164,0.05514421757580001,1.9315322825155377,0.05491893781690458,1006.4085236842103,1029.306705,0.11336714655898199
1416,material_nocable,3,False,1.348997973178129,1.3658668363606743,55.76044222168844,978.0512779171756,3428.597106534199,4.170050776506355,0.8448583106367464,0.05046285,6246.13089521,6211.15429219,0.0,0.0,327.74951315,,,,,1.0162935086836518,0.05282168104829299,0.7978730779756167,0.05523882434430275,6217.526133333333,6227.305660416668,0.24079423831771649
1417,material_nocable,3,False,1.2618680806743423,1.22100515712703,36.97372453266801,1145.9277333027749,7139.386992617209,4.740424530645925,0.5926100690962282,0.1037927,3901.21151389,3794.39444036,0.0,0.0,187.39284162,,,,,1.282534009645236,0.05275154535189852,1.0743235105455322,0.05515037310485193,3842.1878244444442,3817.6330249999996,0.1766848418421584
1418,material_nocable,3,False,0.8691719792397362,0.8950587183554161,88.56328357608136,1016.3859429395292,1874.9056638808768,3.173711876532556,0.5650289909206795,0.54755421,1266.89509461,894.31636606,0.0,0.0,31.07857416,,,,,,0.15450508793460851,,0.05413733987414241,868.8090529411764,1091.0715363636364,
1419,material_nocable,3,False,0.8439664986047809,1.2421891744826674,30.371250636459816,827.944755283957,4219.641507533734,4.390046905875394,0.5878976261746661,0.31922695,1022.09356716,758.16451113,0.0,0.0,31.33077335,,,,,2.020990103494514,0.054103964738350316,1.7892012553287866,0.05660814688072524,838.9060926829267,835.9236023255813,0.12166782522823776
1420,material_nocable,3,False,0.9251578478532768,1.0900703090388122,28.557882237475983,397.9352629538057,6561.355141169375,3.745276732946816,0.48732237112052,0.23355133,613.8189177,474.60693361,0.0,0.0,20.77703606,,,,,1.795841511059862,0.05324927584253686,1.6272331738662331,0.05620850111588328,519.4127904761905,504.26892,0.09851280074963902
1422,material_nocable,3,False,1.3291820199846,1.114679658842329,68.99143341389573,1090.8724394112585,4790.439605938825,3.979799891906645,0.5352400140862528,0.13031418,2877.0122206,2768.92882162,0.0,0.0,146.86773141,,,,,1.445101552902725,0.05283005349234628,1.1751519016393457,0.05486097335658689,2758.907431818182,2845.271115217391,0.20604850328157057
1423,material_nocable,3,False,1.1367261259199304,0.9041037965178174,9.791218665208932,863.7167090595743,2262.580777120429,4.128134935477018,0.6454836904694398,0.28317318,1240.55684643,1068.9003239,0.0,0.0,52.42272493,,,,,1.7967036936378074,0.05262443494152156,2.053139488031293,0.055824435031439565,1204.8383525000002,1039.0737840909094,-0.13321882595867598
1425,material_nocable,3,False,1.1964277522891291,1.1866056021614415,25.04746815736709,1014.0867285288484,7621.291385416708,3.5112826367884,0.5058682911761759,0.12168018,2871.45794634,2750.15685414,0.0,0.0,136.1196025,,,,,1.3564335401505887,0.05275436052638895,1.1674937798381133,0.055309820958153594,2821.756997777778,2757.340689361702,0.14971885982304844
1427,material_nocable,3,False,1.188954888674615,1.0005740728940011,74.41465837719124,705.2540115371919,7085.590032079275,4.510731199639485,0.7593429484967033,0.06939124,3269.91009682,3215.71773229,0.0,0.0,179.91339509,,,,,1.1188146912885926,0.052924269946507285,0.8904208270693401,0.05521842150292468,3207.210808888888,3258.05295625,0.22734404417249157
1428,material_nocable,3,False,1.00612610174488,1.076030703941283,43.61633486070152,425.7817871993084,7907.516886560254,4.355667939980096,0.7696676006378995,0.12064345,1196.39972582,1101.986507,0.0,0.0,54.79431116,,,,,1.3513730599029026,0.05305058895346952,1.1483916802854732,0.05568429830509578,1134.6248400000004,1131.6092,0.16240038620765024
1429,material_nocable,3,False,1.0321862622690212,0.8637339763467313,74.7672115705989,218.41919473817163,6766.395969040332,3.456055100353657,0.7918310277600159,0.15201627,629.6571649,547.26158987,0.0,0.0,25.64783558,,,,,1.717629700240385,0.055299983978569354,1.2004703820459617,0.05524799576765778,528.6909681818182,601.8926217391305,0.3544493359454802
1430,material_nocable,3,False,0.9640879290831322,1.0540605709742177,34.00999894095226,1068.6135449966637,4663.2862361397765,3.302129317063552,0.8024572423751719,0.24771535,1665.9012881,1389.96544236,0.0,0.0,55.00394649,,,,,1.8005943165479459,0.05296068371598892,1.6576960629691408,0.05581800533344891,1503.3029785714286,1443.6042044444443,0.08264098030932801
1431,material_nocable,3,False,1.3835276968727823,1.1472534760662274,18.078464755031813,895.8149546932565,4112.746813561809,4.6720873556942,0.8846846465430755,0.03111595,8659.75939107,8639.03120475,0.0,0.0,510.703156,,,,,0.9139296157699837,0.05282634061950234,0.697128322121106,0.05527432427086697,8653.644937777777,8638.224245833333,0.26914152315673434
1432,material_nocable,3,False,0.8463175012847832,1.3412418054391635,21.172892342154075,1128.9909491719925,5339.9060159862565,4.250124879803148,0.4655207288327369,0.31290721,1277.6095075,989.19136135,0.0,0.0,53.28084272,,,,,2.0893934923735453,0.05460729723127004,1.7336795763869024,0.05669151117035608,1054.7990268292683,1094.91585,0.1860879504989298
1433,material_nocable,3,False,1.0558596733233536,0.919004145914138,23.844529797369468,401.76647050919576,2429.59459305637,3.0608270425794832,0.6165849718546675,0.24385565,652.59952789,558.92741864,0.0,0.0,25.00033513,,,,,1.7545209201075185,0.05285999828761678,1.772356686029466,0.056190224229453516,621.772512195122,560.321465909091,-0.010114196132529315
1434,material_nocable,3,False,1.3954398476312195,1.200597817174648,53.51085626234376,1033.4436997208472,7337.787593626358,4.08660912693122,0.6330180673560638,0.05545686,5970.22172747,5927.25551076,0.0,0.0,330.55690789,,,,,1.0445556525052762,0.05279619239464325,0.8243278042712548,0.05518481587382496,5934.450731111111,5947.710149999999,0.23567852498825423
1435,material_nocable,3,False,0.9565792029678368,1.1597253199234665,1.982964838033675,884.6294865434805,7765.135578445661,4.473901621371912,0.7143195273286844,0.20046394,1597.68642844,1355.89993987,0.0,0.0,60.44760734,,,,,1.6526016444173026,0.052929603136992166,1.5087755732724448,0.05595570257220726,1497.2328477272729,1363.6299565217391,0.09098950314443156
1436,material_nocable,3,False,1.1386147084690372,1.2465769074959256,27.704235765186034,484.2092105343041,3871.738073457917,3.5981205104485907,0.6637499761955254,0.09513382,1656.51658274,1610.72317825,0.0,0.0,82.32926629,,,,,1.2349389243656412,0.05282177945650876,1.0287141445528842,0.05532867884749016,1633.5357533333336,1618.2062041666666,0.1822052881197755
1437,material_nocable,3,False,1.0949005031348105,0.8599297171831407,87.07081351790444,1178.3826369366695,2056.34516720087,4.713704841832705,0.6493176180936504,0.37900811,1500.05822138,1235.56999849,0.0,0.0,63.16705483,,,,,2.683107946631984,0.08448153266312759,1.6842862902580962,0.053936738913724636,1163.2454075,1444.7980390243902,0.4573993563196738
1438,material_nocable,3,False,0.8895603690526837,1.31846862806036,37.142467465819045,1171.6666631068083,3009.3188225054505,4.941651186514061,0.495596163404616,0.40986623,1484.70265494,1059.46504472,0.0,0.0,26.8943625,,,,,2.110586644483542,0.05380039242847075,1.94371649910415,0.05621135909930607,1181.5495297297298,1176.3388536585364,0.08231754729209871
1439,material_nocable,3,False,1.324596389192905,1.0441055197718496,16.290783511293995,987.8542377899728,4541.333069548176,3.6070520504620314,0.6430777084756447,0.10486666,2971.04803051,2890.35919196,0.0,0.0,167.27898359,,,,,1.2758677057376022,0.052719800724595936,1.094634805329924,0.05529150410636817,2951.993184444444,2882.666025,0.1529067356491112
1440,material_nocable,3,False,0.8768837897042829,1.2058498572584475,39.72152244213645,804.4054915557446,5263.095881058092,4.1142825869069135,0.8315456318398958,0.21315807,1288.22831981,1083.48502027,0.0,0.0,51.84526649,,,,,1.712130654088622,0.05324949059019234,1.520328261499727,0.05591047396557311,1152.1578022222225,1139.7916133333333,0.11867274888719473
1441,material_nocable,3,False,0.9122229835027308,1.3470594385183223,25.71177314590971,689.9754899354274,7358.584026619019,3.5234162854572584,0.7027352637983935,0.11910032,1544.59557198,1455.59075213,0.0,0.0,93.99646415,,,,,1.3558451185709663,0.05302150882908886,1.1330302570823603,0.05542809957968527,1479.808382222222,1487.7836234042554,0.17904862868444546
1442,material_nocable,3,False,1.2792411878940668,0.8679455148666341,5.712768461656177,282.95425826442886,5310.74543374414,4.2094101408725,0.6628602027526771,0.03445388,2402.1811987,2392.65723653,0.0,0.0,156.86643905,,,,,0.9307289489505406,0.05282702473273723,0.716375368164801,0.055318216988165664,2401.2285799999995,2390.33363125,0.260279301751996
1443,material_nocable,3,False,1.348088168220524,1.0483998689106446,14.131700423356865,1095.023812282651,6020.445318129273,4.993543743312091,0.6034567225299183,0.09283426,3860.61812062,3780.16130588,0.0,0.0,216.42563749,,,,,1.2206561156602842,0.05272478737946749,1.0339448812340784,0.055242077174858115,3845.812115555556,3768.0960020833336,0.16562685342851735
1444,material_nocable,3,False,0.9810783863580682,1.2078542186653216,3.8626224892248993,632.0654196780665,3536.185326748992,4.480678007940678,0.5191902030582177,0.26870109,965.45124699,775.31827305,0.0,0.0,28.14078087,,,,,1.8555414614503656,0.052858674163886725,1.7480258145734375,0.05572162937350202,879.572057142857,781.6517355555555,0.05967178556220071
1445,material_nocable,3,False,1.0180360522984195,1.108443111033513,78.15450098605059,925.830100039452,6047.39424667908,4.123062680872945,0.8393818835606865,0.14733226,2183.70409569,2021.14910608,0.0,0.0,96.13758325,,,,,1.4885197135344912,0.05317676913609063,1.2449234608358666,0.05528737342490276,2017.6355866666663,2125.417397826087,0.17823399804514792
1446,material_nocable,3,False,1.1856592277007754,1.3164240864111691,53.33103889362673,339.6320160151164,3114.01120624187,3.711023307696593,0.7662785700199402,0.0463951,2332.68522587,2319.32190643,0.0,0.0,121.49644117,,,,,0.9941949044228134,0.05283611053813661,0.7766738444959467,0.05527012481788508,2322.3898444444444,2324.90350625,0.24566593098407624
1447,material_nocable,3,False,1.262304813019794,0.8586518460524959,36.8388059772308,722.8696892660579,1007.801567966773,4.175766942107467,0.7003301278973613,0.2792615,941.03174132,823.94442324,0.0,0.0,48.91283253,,,,,1.9722103092946561,0.05929359087058558,1.8324425947656537,0.054569791035638165,878.5684,853.9650575,0.07347199234907492
1448,material_nocable,3,False,1.099852449703555,0.8284855920715815,4.143734938594895,202.67883900800115,6930.893362514359,3.3317371372440783,0.8059132307564723,0.07735123,956.00937763,915.91039906,0.0,0.0,49.77976065,,,,,1.1295046131366961,0.0528264212294483,0.9756615735941113,0.056703927828014714,949.1834444444446,905.5532020833334,0.14615761977584632
1449,material_nocable,3,False,1.0775259142921518,0.9387762496200532,35.06118629118252,1122.8552882284098,3796.582240040073,3.742023958418781,0.7579604601862628,0.24456321,1769.00050056,1529.0370777,0.0,0.0,68.74374164,,,,,1.8027541249399124,0.05309394735513828,1.6895892022079122,0.055585167245220224,1648.3137121951218,1577.7658022727273,0.06480744424656627
1450,material_nocable,3,False,1.2521061866855236,0.912660463199404,80.47265335053967,1101.358919385882,4571.554718574371,3.274532701303948,0.6990772392222291,0.13629039,2499.22085086,2375.52689124,0.0,0.0,143.09045533,,,,,1.4908715286566419,0.05310413450017014,1.1836474300844222,0.05496597898115349,2346.3863955555557,2479.444345652174,0.2297415746993505
1451,material_nocable,3,False,1.1663664121616906,1.2552150896610703,70.78013008623122,1011.4567203809008,6145.370514819571,3.785770749508736,0.8580368857193272,0.05045897,6387.06368197,6344.53241171,0.0,0.0,333.75763437,,,,,1.015447581676296,0.05284914250355557,0.7971356104231504,0.05526719437774318,6347.237917777777,6368.9853979166655,0.24088491188123964
1453,material_nocable,3,False,1.26695065125825,0.8368610167200571,61.01370810100544,890.4366587523357,1854.2542299650024,3.3782504655199874,0.601691453019211,0.24901666,1234.90298867,1105.23293883,0.0,0.0,68.21449505,,,,,2.0840853956782524,0.05722349444046819,1.5804641044553993,0.054389932025019655,1105.6167813953487,1189.8870302325583,0.2748612298480264
1454,material_nocable,3,False,1.039902400098597,0.9061226031957864,28.0352816623134,363.2757268292031,3681.297353686672,4.280565476279001,0.8923227478586373,0.14732338,866.69712007,778.74471117,0.0,0.0,39.17944148,,,,,1.4325097690224724,0.05306634131542376,1.3129355421351558,0.05689151889490782,834.1485511111111,780.6815934782609,0.08710734568367534
1456,material_nocable,3,False,1.1817429942486335,1.3860063943571324,12.818083943242025,1103.634936186675,2851.72182505819,4.841649538162311,0.848801663394081,0.10423426,3707.23656944,3615.14628361,0.0,0.0,170.93068642,,,,,1.2749721579143363,0.05280614146946738,1.0745861921565791,0.05533218885905494,3667.2386377777775,3623.9066500000004,0.17057330434182152
1457,material_nocable,3,False,1.169996208545975,1.245523638189609,53.96711271788128,381.0589085675162,4976.451700489688,3.213702240546294,0.6979317241700084,0.04687505,2521.89134232,2505.28784397,0.0,0.0,135.11262963,,,,,0.996732067328564,0.05283910225127265,0.7791747299873366,0.055272910230608784,2508.8842355555557,2512.4357854166665,0.2450098593800562
1459,material_nocable,3,False,1.0717998978542786,0.8301871284621437,27.772509059616805,675.6171485613245,5145.655447293181,4.969882476159279,0.7524901389748442,0.19585545,1286.8113476,1136.1994843,0.0,0.0,58.92449001,,,,,1.614645236558544,0.05290650041932384,1.5961257299081564,0.05668442575769462,1237.836457142857,1138.6233044444443,0.011535862784238033
1460,material_nocable,3,False,1.2998310630726255,1.2780486547251526,74.61962923237492,353.5908045374735,3504.8250566182896,3.530081257913288,0.8419045451470742,0.02139513,5094.72083753,5089.17659239,0.0,0.0,280.76606286,,,,,0.8632562337631473,0.05283635272684479,0.6437996342803277,0.05527342625786086,5089.196037777778,5092.67218125,0.2912388374396864
1461,material_nocable,3,False,1.041147171157387,0.8476864009070535,2.548410900185454,293.8012446561234,7440.641864638655,3.2401325407319645,0.7070430954079352,0.1643526,803.73060715,701.08533042,0.0,0.0,33.57787569,,,,,1.4435277131916429,0.05277911856135983,1.6809398164572784,0.05940004905839364,771.048434090909,664.1556608695653,-0.1519696402748741
1462,material_nocable,3,False,1.007638556622419,0.8937600686134405,55.9706889597056,943.8339854277314,7353.861509651148,4.4006002676830525,0.6294481080446273,0.26374074,1561.48358514,1302.84016315,0.0,0.0,55.55097203,,,,,2.0120810746202595,0.05456604309427223,1.6247174594084932,0.05519740875354735,1337.8533025000002,1449.9711880952382,0.21302451130426234
1463,material_nocable,3,False,1.3296406689849656,1.0605646171957548,82.57560702464576,1087.772633785039,1554.1140956618756,3.247735167119575,0.6204851382937235,0.26227508,1552.04771903,1383.1728548,0.0,0.0,68.63970125,,,,,2.0968819323082326,0.052924851587538554,1.5778613670233328,0.05436102833104247,1348.413692857143,1512.263723255814,0.2824799029523012
1464,material_nocable,3,False,0.8728753919341934,0.8559924633024211,53.23216931104341,367.3617064158513,7044.012037623426,4.792928253913024,0.4649851512525601,0.34258823,807.13232147,451.290718,0.0,0.0,13.33536688,,,,,2.1692496920455553,0.057772934276007236,1.8178965369622218,0.05548387210520153,464.1632621621622,498.1563166666666,0.1762429240879734
1465,material_nocable,3,False,0.9411756468842823,1.3005686561491276,21.29797660208702,209.10441184613464,1793.4348638239062,4.934260772390924,0.737126116877614,0.15965357,427.01784555,385.21594809,0.0,0.0,19.54302094,,,,,1.521606379451329,0.05299658443922882,1.3175050559351131,0.05555881091585793,403.3683577777778,393.16589999999997,0.1437783110393727
1466,material_nocable,3,False,1.0964037841375125,1.3612452895220637,87.71930218858932,298.3339056007135,4857.771475603245,3.0057912199409658,0.7435588876277855,0.03187537,2747.73059334,2739.44662247,0.0,0.0,153.9780653,,,,,0.918425199562063,0.052837030835659736,0.7000872229287659,0.05527908032832402,2740.979906666667,2743.2304645833333,0.2698008042437923
1467,material_nocable,3,False,1.058179856582738,1.354784952601348,16.015576417936018,287.4076526946007,1581.867914671573,4.8480972192005405,0.5719270469319518,0.18621477,563.96791398,507.38652632,0.0,0.0,22.21993171,,,,,1.6187985240369427,0.05283073362762481,1.4417642334036729,0.05542457761739494,536.7816340909092,513.1293804347825,0.1156874108873455
1468,material_nocable,3,False,1.1332958686634769,1.2220610159783836,50.27731448532557,585.217175451744,5254.613178172063,3.833501285643697,0.7207254630190584,0.07922196,2406.69459912,2359.90286183,0.0,0.0,121.28344188,,,,,1.1607335694375558,0.0528505790813866,0.9453056960470628,0.05527871051785131,2371.6710577777776,2378.6045,0.20458106068684437
1469,material_nocable,3,False,1.2904201879450818,1.1905399820090123,48.86672401732142,390.6114474644388,5136.017025628496,4.894199672955871,0.7255254905759707,0.03340998,3846.23091777,3834.76735052,0.0,0.0,205.30705732,,,,,0.9268820074931129,0.05282605855905889,0.7083532628568484,0.055257718539522424,3837.606564444444,3839.3406916666668,0.2672749892307503
1470,material_nocable,3,False,1.384420250200669,0.8050243282398891,4.401306714382764,1099.177804628102,3515.266433603239,3.5904309089082505,0.7752611724981572,0.08555185,3224.58758164,3158.18296211,0.0,0.0,243.42808183,,,,,1.1819220286846057,0.052766993994458854,1.0003241020767,0.055364897658640035,3217.358706666667,3142.4563916666666,0.166432121517432
1471,material_nocable,3,False,1.3906298106124366,0.9520571130946208,50.96689067213561,468.65322878440736,1730.7908190341798,3.2299150889050474,0.79214796091655,0.06725821,1884.16700729,1861.60504167,0.0,0.0,126.89841826,,,,,1.1079362057229838,0.05277638692318823,0.8859180418602,0.0551261211732287,1866.1094888888886,1871.6864999999998,0.22270250107990527
1472,material_nocable,3,False,0.9025298422172304,1.204931352151069,41.26935960198933,637.2521024309676,6736.26096915971,4.313105459700902,0.4917809467098046,0.24746563,890.53491922,703.48266158,0.0,0.0,33.87463064,,,,,1.8406332698659378,0.05345411452708284,1.6500093774887226,0.05620250749157404,757.1095428571429,753.6571355555556,0.10921994121722953
1473,material_nocable,3,False,1.2108847125007336,1.2877017049700172,7.613025928170501,887.4544467572289,3040.2167313472755,4.377706944443522,0.482262028193373,0.21483172,1657.31251314,1497.24678012,0.0,0.0,60.89711145,,,,,1.6883266550080716,0.052640861601831415,1.605614510102157,0.05537034312125005,1604.5081904761907,1486.1751586956523,0.05022077855063729
1474,material_nocable,3,False,0.9907082989508016,0.9677134991917224,27.464812259093627,906.634024803956,1801.0439116929117,4.606023928932277,0.7687558822953059,0.36259409,1238.88930858,991.21591464,0.0,0.0,33.43175396,,,,,1.9897302695262737,0.05432721983440271,2.0247401053949026,0.05590198281691502,1119.7108025641026,1023.0137095238094,-0.017441820513778853
1475,material_nocable,3,False,0.8044836205771234,1.2227881741733475,30.145520855005493,963.0341262993818,1271.16006615535,4.87476573655808,0.5692062824922475,0.58877326,1262.32189484,834.00852951,0.0,0.0,24.80779743,,,,,,0.14587377093214285,,0.11651253986941555,949.4966121212121,908.217058064516,
1476,material_nocable,3,False,1.2580782195900198,1.1617456788488334,14.287664567659908,912.3210517004094,6102.187587270449,3.673409215256251,0.8123926190779822,0.04846639,5830.97583044,5794.26929433,0.0,0.0,322.91997706,,,,,1.0034335272283872,0.052822882093123545,0.7896543372885292,0.05530174660912511,5819.50504888889,5793.457525000001,0.23844809188695634
1477,material_nocable,3,False,1.2989802140763211,1.1678648742605289,20.122545343386477,334.126357447755,6689.424523296332,3.4161542251142065,0.6193289322762617,0.02734255,3849.45972761,3841.63513836,0.0,0.0,213.94076152,,,,,0.8941487523754802,0.052830903679874974,0.676593040073424,0.05528003691920614,3846.8644911111105,3841.6189625,0.27701015322559225
1478,material_nocable,3,False,1.1538992079643264,1.136789706777853,26.811026504166588,662.0723215872704,2668.664111484393,3.571839059263612,0.6656990979348866,0.17610349,1342.15777199,1237.71238116,0.0,0.0,57.89391194,,,,,1.5749259884576954,0.05271978940616278,1.4191633931422742,0.0553537435586351,1295.2101093023257,1245.8297,0.10404672370347563
1479,material_nocable,3,False,1.0270372191106747,1.3823763812190897,71.9054420396663,257.55724375869664,5736.983012628717,3.136246280454939,0.5133360233164482,0.05321902,1273.01295423,1258.03265532,0.0,0.0,80.42403904,,,,,1.0291518564345286,0.052843824428633834,0.813729130728909,0.05531447039294941,1262.509426666667,1263.2671833333334,0.23378908047361024
1480,material_nocable,3,False,0.8709812864685688,1.2564200243293615,6.245390304547246,497.2106312504516,4166.942843752615,4.367017734047383,0.4524166259424832,0.27357227,623.00977715,499.05335235,0.0,0.0,25.85635186,,,,,2.0062506137339313,0.05351952763226345,1.6555931726188307,0.055618395699660914,520.763068292683,543.8878422222222,0.191519606828646
1481,material_nocable,3,False,1.3133576268605296,0.9323138845595036,15.5838730672565,794.7685001298133,2414.5644774010807,4.062223387323627,0.6837654085263172,0.14626805,1698.1460198,1612.46426646,0.0,0.0,98.30721468,,,,,1.4479813851813057,0.05264515498107328,1.3287141585654996,0.05526991633921435,1681.2237255813952,1596.3908304347826,0.08590587245648823
1482,material_nocable,3,False,1.1597878306088485,1.0224400999765335,46.18275246644576,819.7505539372204,6057.455613144269,3.404615713329419,0.6114268785443304,0.13864972,2042.86841609,1924.44162876,0.0,0.0,98.53293265,,,,,1.4507481023603084,0.05286764370191644,1.233619783094756,0.055215006562137584,1960.5517454545452,1965.2001652173913,0.16177240119883493
1483,material_nocable,3,False,1.2264272284063344,1.2574972758999272,11.056747652269262,524.6838648269384,3097.370510168134,3.623384207471775,0.7965398372299265,0.05855514,2843.60909601,2818.56027502,0.0,0.0,149.92379044,,,,,1.0548050433097942,0.05282312581404568,0.8423904883140989,0.05530710956988257,2834.460802222222,2819.2683375,0.22392478946424707
1484,material_nocable,3,False,1.2760813965508984,1.3899242758020147,73.78309384762952,973.514437650095,6937.608864093556,3.9603248721010895,0.6421155452771967,0.0651132,4940.68411464,4888.82903887,0.0,0.0,248.37369217,,,,,1.0925843786145504,0.052838973105961314,0.8725653460732338,0.055237461283430156,4890.546557777778,4920.102497916666,0.2239208847827332
1485,material_nocable,3,False,1.2772998722351714,1.027260838433573,76.0462543141044,1194.8469311094232,7437.275412383333,4.383392175532821,0.7803135185075369,0.0646388,5685.74887426,5617.31505947,0.0,0.0,329.93442182,,,,,1.0947097072214218,0.0528719367131394,0.8672748600023593,0.05520158877906116,5606.104913333334,5671.169729166667,0.23184162711420717
1486,material_nocable,3,False,1.332844517929162,1.0297401866814515,21.464569135215456,224.02879158850084,5576.653361685864,4.4355706302845705,0.4500764307644997,0.02946791,2526.61089385,2520.9553863,0.0,0.0,144.25536789,,,,,0.9052791429973853,0.05282500339081636,0.6887636061440767,0.05527595291145654,2525.1913622222223,2520.40418125,0.27165587242866857
1487,material_nocable,3,False,0.8644267199593391,1.046575474710271,73.61578364398036,915.6625294383724,2827.345632602541,4.908520584246476,0.7463258016807648,0.3911686,1265.242679,932.87042256,0.0,0.0,20.79849991,,,,,2.1694290943155474,0.053212298004714075,1.8385528546481906,0.054772162570516675,958.7807128205127,1104.8918523809525,0.16510864763395688
1489,material_nocable,3,False,0.8850843613915896,1.2154556693349887,89.653866361562,1031.825612251425,2980.258495423724,3.940512921577104,0.8169162459468613,0.2784924,1478.07669453,1210.47112659,0.0,0.0,44.96877623,,,,,1.8838839155474374,0.05304468956962139,1.7290373537163877,0.05562076197774046,1258.8778761904762,1316.3818488888885,0.08571820435079756
1488,material_nocable,3,False,0.8531549846194492,1.1482503435371345,89.00649206288234,1188.0686988815892,1130.5473626006687,4.944374354104347,0.4961320768540023,0.72384643,1717.04064236,1119.53475803,0.0,0.0,44.95939242,,,,,,0.25291502739528643,,0.21954488464738156,1095.1194677419353,1354.5819107142856,
1490,material_nocable,3,False,1.0642830047134224,1.0981897295876517,46.41655648016496,873.4473392076636,7409.386074002559,3.775259463740676,0.51728733400414,0.19124792,1721.54407781,1518.06392703,0.0,0.0,66.44041658,,,,,1.6657491361628847,0.05292531329137864,1.45220609601316,0.05525020842797911,1579.5725906976745,1588.3913760869564,0.13697633496853728
1491,material_nocable,3,False,1.08515874417305,1.1607126457903665,67.58120359790487,716.9753580671717,3245.004737530749,4.055795331133177,0.6027146642701524,0.21956953,1275.56002472,1122.87714662,0.0,0.0,45.98561576,,,,,1.803590464748069,0.0530132908917041,1.512588654111074,0.05490364583973049,1126.2606642857143,1209.9579804347823,0.17550427778889555
1492,material_nocable,3,False,0.9163629106979656,1.3135674278675629,0.2067074203304688,729.0208137951504,5451.371741087946,3.0290418546043445,0.8505827966094768,0.09320703,2185.21929079,2118.12673563,0.0,0.0,126.72995248,,,,,1.2295843637756338,0.0529239954295698,1.0102760355228824,0.05530350607722167,2135.3233666666665,2144.2658291666667,0.19582321141213524
1493,material_nocable,3,False,1.3191397571491357,1.1572720292379357,77.28448227077119,280.4610448694275,2613.2261125328023,3.6899773007353462,0.6507824619795045,0.05125642,1732.95067342,1721.19211992,0.0,0.0,96.06237823,,,,,1.0226065234328694,0.05284684445241498,0.8002521954752944,0.055235655941596816,1719.7171399999997,1730.0372166666666,0.243962217862675
1495,material_nocable,3,False,1.002599079859993,0.960727659060436,39.25366909302049,562.3467881458023,2705.547424970346,3.927775852336244,0.8650597342400845,0.21920153,975.99685067,837.00932619,0.0,0.0,36.11518537,,,,,1.7174901304415224,0.05306554663919135,1.5654754816445278,0.056048179314412035,895.6488534883722,871.2520673913042,0.09260812738175596
1496,material_nocable,3,False,1.2494335884075185,1.179858122670853,24.775788999382083,754.3833178644531,4749.547640644868,3.165110616147253,0.6819694924232604,0.0811681,2937.2876353,2885.34419278,0.0,0.0,156.37045649,,,,,1.1675498558168171,0.05279636440605045,0.9607286414105424,0.05529133195140277,2915.340895555556,2889.8334999999993,0.19435540477969737
1494,material_nocable,3,False,0.8823160173502144,1.2910039745392226,53.69066108915708,473.5012292307237,1464.6852956650323,3.0518504664533035,0.640702770807489,0.29192392,582.14610557,465.9588219,0.0,0.0,20.67323815,,,,,1.8997680826452628,0.05385452096865263,1.7855823366999626,0.05676702122025833,502.7104372093024,502.6159558139535,0.061967375121732664
1498,material_nocable,3,False,0.8515922938255495,1.3994722197817495,3.726258762989648,266.014718740282,4155.333148935981,3.26295179719199,0.6150341965864089,0.10050158,670.6801227,654.53005683,0.0,0.0,48.54997619,,,,,1.2857885889745635,0.05317028756707225,1.033245113508939,0.05527975985369648,650.8466244444444,667.818175,0.2178006082405531
1499,material_nocable,3,False,1.2396610160928343,0.8067584271346641,10.978259362446884,237.34074195973383,1888.9613369921176,4.2306686174347465,0.4936343115167992,0.12093829,645.41020183,616.98987368,0.0,0.0,38.757012,,,,,1.33370625192447,0.05266538006915925,1.2206810908445376,0.05564432701384351,639.6990068181818,609.2891680851064,0.08849492728648653
