sample_id,group,motif,has_cable,sf_wale,sf_course,knit_dir,pressure,E1,r,r_binary,E2,nu,crown_height,max_stress,mean_stress,cable_wale_tension,cable_course_tension,boundary_reaction_mean,cable_wale_frac,cable_course_frac,verts_path,stress_path,cable_wale_lrest,cable_wale_L_nocable,cable_course_lrest,cable_course_L_nocable,H_mean_x0,r_x0,H_mean_y0,r_y0,vm_x0,vm_y0,H_anisotropy
3800,material_r_cable,3,True,1.2755834021938894,1.3720163112418189,62.523922428547294,561.9331276284463,14024.58797669901,1.1732476088066623,0.8523349994440845,16454.314308160778,0.4602960678388088,0.01022869,15205.45678814,11137.07755489,2413.83675546,1449.63014151,689.96558866,0.9374684929265076,0.9477526923911908,/home/chaoyu/phd_simulation/sensitivity_analysis/data/03800_verts.csv,/home/chaoyu/phd_simulation/sensitivity_analysis/data/03800_stress.csv,1.2099623928230303,1.2906699285923466,1.2251295546659662,1.2926679760465256,,0.05809323511046324,,0.056654747976069474,10191.188302040817,10747.733142553192,
3801,material_r_cable,3,True,1.0700327912140524,1.188659875460504,7.178190044420198,1455.0452407032217,18725.37460394221,4.003875352998781,0.2497580248723353,74974.06585239354,0.4227418216382442,0.02002609,32374.98809008,18503.46518532,5476.7428297,642.50928078,963.76557503,0.932975550380836,0.9701194012016632,/home/chaoyu/phd_simulation/sensitivity_analysis/data/03801_verts.csv,/home/chaoyu/phd_simulation/sensitivity_analysis/data/03801_stress.csv,1.2054412866257078,1.2920395246516938,1.255429248125106,1.2940976611436044,0.9203690454597496,0.058308725756339545,0.6163263713080338,0.05814041524630717,14330.172454347827,18373.3524875,0.19785487145606617
3802,material_r_cable,3,True,1.0401941347087915,1.0880124290295168,83.68466189166583,1705.1083302308436,12514.426851977643,1.6659944648233074,0.6002420903037384,20848.965865830924,0.1792647284787006,0.16910282,3674.04618055,2940.61398357,95.61362949,99.5425547,139.45377781,0.9847882273562992,0.9858405642727588,/home/chaoyu/phd_simulation/sensitivity_analysis/data/03802_verts.csv,/home/chaoyu/phd_simulation/sensitivity_analysis/data/03802_stress.csv,1.3435527912361618,1.3643063086192442,1.3486562236420083,1.3680267099141876,1.338893345058745,0.05344786099475489,1.3587875745309075,0.05610704384664213,3163.8604733333327,2823.7909130434778,-0.00737456729137136
3803,material_r_cable,3,True,1.064828998211103,1.1315729669796657,78.31594335849793,1645.337595491772,15356.231331893094,2.103876877634992,0.4753129855793268,32307.62002678388,0.2381426020365459,0.09028266,6997.12821692,5130.56559793,377.03208855,362.61226314,261.5760415,0.966559136270301,0.9723282954387328,/home/chaoyu/phd_simulation/sensitivity_analysis/data/03803_verts.csv,/home/chaoyu/phd_simulation/sensitivity_analysis/data/03803_stress.csv,1.2718225677359616,1.315824888525282,1.2812713907740778,1.317735374754207,0.9433390792850502,0.05400681192217549,0.9490411741540159,0.05615444121772396,5274.034651111111,4908.210239583333,-0.0030131866249413245
3804,material_r_cable,3,True,1.2650453671449018,0.9578172679958348,28.24504998329096,1776.0130120908643,8995.926186744713,4.579471827331958,0.2183657936340246,41196.590532955226,0.2765930458966694,0.13643114,4762.36034722,3010.82781325,379.04718751,420.52209644,173.59487148,0.9621840687722693,0.9547394247812432,/home/chaoyu/phd_simulation/sensitivity_analysis/data/03804_verts.csv,/home/chaoyu/phd_simulation/sensitivity_analysis/data/03804_stress.csv,1.2992513551252391,1.3503147654305503,1.2913110063279425,1.352527163758653,1.1530665165630904,0.05434935957668126,1.1665946404066625,0.055701560049041296,3212.6475777777778,3079.7073369565214,-0.005831939636064893
3805,material_r_cable,3,True,1.335775000803738,1.1709191363259883,4.536065835731559,1499.2918484921206,8626.739270951854,1.3281571397211676,0.7529229562474357,11457.665355227684,0.4543094999990936,0.05779009,7791.4245181,5360.22178201,283.48791368,1420.96001086,330.59227003,0.9705215261707112,0.9330046585526776,/home/chaoyu/phd_simulation/sensitivity_analysis/data/03805_verts.csv,/home/chaoyu/phd_simulation/sensitivity_analysis/data/03805_stress.csv,1.264920581451846,1.303341087593096,1.2177597464794931,1.3052022144975586,0.9929836947500541,0.05617331585072912,0.9127290666118901,0.05419471465869313,5018.007286666668,5145.97972244898,0.04211265714608999
3807,material_r_cable,3,True,1.3336722709596538,1.3638016479743758,15.571526835663668,279.04693726877224,7665.185608655075,2.645130672182877,0.3780531565099415,20275.417561428312,0.1409582866453682,0.0075205,12513.69469091,8529.03271578,1224.31792493,1993.4374325,448.84371894,0.9505818141173528,0.9327168858756016,/home/chaoyu/phd_simulation/sensitivity_analysis/data/03807_verts.csv,/home/chaoyu/phd_simulation/sensitivity_analysis/data/03807_stress.csv,1.2267285605636458,1.2905028713416995,1.2055487535323084,1.2925130570575891,,0.059147585420837034,,0.055185018641844136,7405.970625531915,9020.990515999998,
3808,material_r_cable,3,True,1.2258361425408904,1.2856899919157507,18.27404165609525,537.3600050602715,8735.375117981792,2.654585597571661,0.3767066320689644,23188.80097758032,0.3982886148227524,0.01478578,12890.12168421,9373.96133061,899.00516578,865.00592165,515.36855027,0.9587000447122516,0.9498216258813496,/home/chaoyu/phd_simulation/sensitivity_analysis/data/03808_verts.csv,/home/chaoyu/phd_simulation/sensitivity_analysis/data/03808_stress.csv,1.2376698650446871,1.2909875949950194,1.2281245349622754,1.2930054459674842,,0.05584885122518199,,0.0550427267763375,8312.951204347824,9309.3362893617,
3809,material_r_cable,3,True,0.9093663463266848,1.3936280442441265,46.23074844582691,1094.8095394524198,5782.413920462912,4.524555239951557,0.2210161987127616,26162.85120339929,0.2624665518225775,0.02613845,15074.85727703,12501.83832607,181.94518824,553.40478764,784.01983653,0.985026992180791,0.9615145368600831,/home/chaoyu/phd_simulation/sensitivity_analysis/data/03809_verts.csv,/home/chaoyu/phd_simulation/sensitivity_analysis/data/03809_stress.csv,1.2728358461153837,1.2921837231052935,1.2444043038544232,1.2942126781755618,0.8804805172208221,0.054112898592734986,0.6448058531347164,0.055126864592269384,12393.118427659572,12415.882697872343,0.15451174852573477
3810,material_r_cable,3,True,1.26303973040234,0.8887442483346301,9.403663533582003,795.1302673900368,8319.158446071619,1.8937500557822544,0.5280527897262178,15754.40677130954,0.2006387045047675,0.11859086,3966.66534561,2938.34743381,164.13956426,109.64411862,152.50900529,0.9637966188920573,0.9607488437717396,/home/chaoyu/phd_simulation/sensitivity_analysis/data/03810_verts.csv,/home/chaoyu/phd_simulation/sensitivity_analysis/data/03810_stress.csv,1.2761353561968611,1.3240712108575938,1.3023257067938585,1.3555319012210776,2.6488399157870126,0.05407885410915672,2.9135037422656676,0.0718251813293258,3194.1004911111113,2810.8162187499997,-0.04758135109029043
3811,material_r_cable,3,True,1.3897084941702298,1.351682096727898,66.44987052080242,1183.0174466044857,10845.444114222242,4.453161063534971,0.2245595849179073,48296.50944619901,0.3423355721905315,0.01486083,31274.96309019,23665.38692947,1533.50019216,1720.49423479,1169.47295749,0.955107473183085,0.9561117705047396,/home/chaoyu/phd_simulation/sensitivity_analysis/data/03811_verts.csv,/home/chaoyu/phd_simulation/sensitivity_analysis/data/03811_stress.csv,1.2330173879737425,1.2909724011104922,1.2362105925422109,1.2929561487247507,,0.05492699630629493,,0.05541190908770471,23165.71371020408,22804.986365957448,
3812,material_r_cable,3,True,1.3483516916141518,1.1637005902927158,80.46700382088491,1550.0944705299196,15689.791855964726,2.883991566904996,0.3467416519089086,45249.22739909696,0.3908122887793909,0.03230176,15552.61496187,12941.12247904,214.92118692,626.84089671,738.2162578,0.9896166458461364,0.974996452536062,/home/chaoyu/phd_simulation/sensitivity_analysis/data/03812_verts.csv,/home/chaoyu/phd_simulation/sensitivity_analysis/data/03812_stress.csv,1.2796052952207977,1.2930312971107278,1.262627849517619,1.2950076343697452,0.9097502447099604,0.053774909220669576,0.6762847658659337,0.0545900826377849,12725.81300888889,12479.385377083332,0.1472007094971092
3813,material_r_cable,3,True,1.3325636900506943,0.9543284725315404,65.889515432693,1164.9446003845171,16051.989356256045,3.8251025828254814,0.2614308971712156,61400.50594610215,0.3124838226197395,0.04360087,14442.49650976,6192.07083149,647.23438184,1470.95934129,370.79848374,0.9670340592966732,0.94437625231836,/home/chaoyu/phd_simulation/sensitivity_analysis/data/03813_verts.csv,/home/chaoyu/phd_simulation/sensitivity_analysis/data/03813_stress.csv,1.2558218587237726,1.298632500738532,1.228265611343306,1.3006104381892525,0.9672416828609252,0.057409176178547565,0.8995811777015866,0.05419086513274915,5668.382,7479.898072340424,0.036243666492787124
3814,material_r_cable,3,True,1.107193418844843,1.1103332837795523,84.46355470810646,1215.2392009366745,3694.277958201092,2.2770281249405286,0.439168927711913,8411.974812171757,0.154613779066285,0.20807687,2272.43192617,1675.62506624,118.34742003,100.63442981,71.05676104,0.9605818455700544,0.9682142260865232,/home/chaoyu/phd_simulation/sensitivity_analysis/data/03814_verts.csv,/home/chaoyu/phd_simulation/sensitivity_analysis/data/03814_stress.csv,1.3557507955531496,1.4113849869279838,1.371592071517789,1.41662044882536,1.2024205765939575,0.05399826938212308,1.4478788190630425,0.05600420229056715,1815.4751704545454,1590.1214782608697,-0.09261528824679702
3815,material_r_cable,3,True,1.3147870073749672,1.3665141860275158,57.56360110935515,1346.819891906939,18593.254436342384,1.8238176584954435,0.5483004264938135,33910.705769899985,0.3293228623091194,0.02027924,21781.44602787,17402.52793067,1413.07410361,276.42226825,1008.35879368,0.9591511969392972,0.9887170241994364,/home/chaoyu/phd_simulation/sensitivity_analysis/data/03815_verts.csv,/home/chaoyu/phd_simulation/sensitivity_analysis/data/03815_stress.csv,1.2386739462489842,1.2914272016775443,1.2788239908015315,1.2934175901714595,0.8062982299917266,0.0542153812824207,0.6378621286223118,0.056648184858063,16570.566493478258,17217.400933333334,0.1166325473239433
3816,material_r_cable,3,True,1.1333821926593617,0.9850472182546128,54.317830451282674,1302.8814148255371,13768.372907565286,3.196920079896256,0.3128010632134574,44016.38781569505,0.3585370183569728,0.10500437,5846.04014348,2555.09962401,838.06337369,196.25748344,141.48795333,0.9421973188636372,0.9751993544120586,/home/chaoyu/phd_simulation/sensitivity_analysis/data/03816_verts.csv,/home/chaoyu/phd_simulation/sensitivity_analysis/data/03816_stress.csv,1.2537483973555108,1.3306643653662993,1.2994572246212197,1.3325041887508775,1.546525794861806,0.055567395850351864,0.977469314919506,0.058469582567807175,2790.0434155555554,2756.058659574468,0.225458630144337
3817,material_r_cable,3,True,1.0563606544158115,1.1515086365914526,68.80476251151059,284.3359007736394,8253.153196953659,2.408752543598517,0.4151526493070417,19879.80375587036,0.4557338319356007,0.01791967,6281.13742535,4020.68422713,778.20798372,114.6081452,219.89506642,0.9423080252027928,0.9856689213687098,/home/chaoyu/phd_simulation/sensitivity_analysis/data/03817_verts.csv,/home/chaoyu/phd_simulation/sensitivity_analysis/data/03817_stress.csv,1.2169563730697242,1.291463449871208,1.2749104353720475,1.2934469249590363,,0.057790201490568294,,0.059456047332871506,3913.325818,3954.948522916666,
3818,material_r_cable,3,True,0.9879581237868392,1.3543956037103482,22.978124849164058,209.2974154929297,12289.62504981528,3.327016750598397,0.3005695717703074,40887.7883993091,0.1331944644857979,0.00301975,28947.05185571,17033.75312577,4039.14683893,2276.17575302,954.72377428,0.9334993008713954,0.9338028659976942,/home/chaoyu/phd_simulation/sensitivity_analysis/data/03818_verts.csv,/home/chaoyu/phd_simulation/sensitivity_analysis/data/03818_stress.csv,1.204463639976518,1.290267318735199,1.2067287414097876,1.29227354653757,,0.06075874408894381,,0.05611449029269951,14907.075559183673,17450.766424,
3819,material_r_cable,3,True,1.0639447751109998,1.247258464706512,4.060049573800828,999.0722439503504,2982.2188621859723,4.357701908953922,0.2294787529971394,12995.620828666206,0.1147830378737898,0.08024645,6332.23696845,3769.06291013,914.46925483,64.72785775,183.79339855,0.9328869756505168,0.9746478724218876,/home/chaoyu/phd_simulation/sensitivity_analysis/data/03819_verts.csv,/home/chaoyu/phd_simulation/sensitivity_analysis/data/03819_stress.csv,1.2278978033764536,1.3162342657000017,1.2857643444776976,1.319209101932087,1.4343810320868327,0.05883910547444208,0.8435782898096261,0.057504558739481244,3027.5898195652176,3866.2567148936178,0.2593561424026432
3820,material_r_cable,3,True,0.8455862368779817,1.3496942790878828,73.02413205931755,1072.5294181979102,6925.788763401289,2.757212711748594,0.3626851115762523,19095.872817335607,0.3621891401072238,0.03518141,10916.31593258,8063.70080247,256.91777338,807.85066465,532.21362249,0.9651743416169042,0.952864520066047,/home/chaoyu/phd_simulation/sensitivity_analysis/data/03820_verts.csv,/home/chaoyu/phd_simulation/sensitivity_analysis/data/03820_stress.csv,1.249369895698056,1.2944499680804349,1.2350593506388854,1.2961542009700164,0.8267196636950354,0.05382523843460795,0.7188258611079751,0.05520430825281956,8154.494027999999,7815.559821276597,0.06980952735171746
3821,material_r_cable,3,True,1.253836031130865,1.380176407932055,19.305541317314454,1487.095684239942,1501.6920895656635,2.949521828388738,0.3390380062202418,4429.273597692621,0.4713322098319469,0.13470531,4065.20411362,2977.87589877,354.58659904,188.15081523,152.12735473,0.9396955657935292,0.9446196670371654,/home/chaoyu/phd_simulation/sensitivity_analysis/data/03821_verts.csv,/home/chaoyu/phd_simulation/sensitivity_analysis/data/03821_stress.csv,1.2682963186487564,1.3496885212794838,1.277267166863908,1.3521496655581011,1.1566080063722783,0.058032862209768374,0.9553588901921978,0.055534034576855386,2623.6546911111113,2997.0302255319143,0.09528990085377347
3822,material_r_cable,3,True,1.3456736552583912,1.113900637631631,39.67150883042951,1739.9377623944838,5077.944000115464,2.160354913485053,0.4628869051830075,10970.161271051387,0.1453937153095102,0.16028902,3421.5788791,2597.47106296,344.23171828,32.18102824,141.91727048,0.9516092244406764,0.9880784775495473,/home/chaoyu/phd_simulation/sensitivity_analysis/data/03822_verts.csv,/home/chaoyu/phd_simulation/sensitivity_analysis/data/03822_stress.csv,1.2990790199996722,1.3651391628356977,1.3505227432388671,1.3668172862019914,1.121447294818241,0.054021203521625934,1.3375388574548643,0.057060904204528765,2547.977113636364,2693.6109434782607,-0.08787831620640345
3824,material_r_cable,3,True,0.976935176858754,0.9785933657479722,17.016913483643194,838.269287880825,11979.9364232378,1.807455480605471,0.5532639728780565,21653.20174548627,0.3284699863316092,0.18827554,1787.19350369,1096.70598455,108.17550533,132.22644164,43.53935588,0.9781210578260536,0.970550041591842,/home/chaoyu/phd_simulation/sensitivity_analysis/data/03824_verts.csv,/home/chaoyu/phd_simulation/sensitivity_analysis/data/03824_stress.csv,1.3635211630045407,1.3940208648968948,1.349679972585922,1.3906340886578628,1.4426578867589064,0.05492635484638818,1.164868109084675,0.055536554443486694,961.6833888888888,1258.3898739130432,0.10653384783777056
3825,material_r_cable,3,True,0.8769491511680073,1.0966338108822289,70.33800908833005,1615.7058621297635,15116.742911834996,2.477729027599116,0.4035953846692371,37455.19271540675,0.2299538488888537,0.12820004,6467.270435,5227.89397634,269.17965412,147.33104852,246.15142122,0.960482223165883,0.9748843661636768,/home/chaoyu/phd_simulation/sensitivity_analysis/data/03825_verts.csv,/home/chaoyu/phd_simulation/sensitivity_analysis/data/03825_stress.csv,1.2909841783233078,1.344100023078037,1.3214250878066276,1.3554685393167634,2.0330840779160075,0.053045203945250925,1.7790492430337346,0.06206947444305285,5435.599791111112,5048.311185106383,0.06663849700277102
3826,material_r_cable,3,True,1.2241164216382292,0.8083914410734413,55.25304874352253,801.4553653329833,2162.2355533763243,2.7350094318983897,0.3656294520731845,5913.734632470281,0.2455979326253878,0.27682356,1462.57091319,1020.49854376,144.13394005,8.34530395,60.25236551,0.930624446431811,0.9852389418163872,/home/chaoyu/phd_simulation/sensitivity_analysis/data/03826_verts.csv,/home/chaoyu/phd_simulation/sensitivity_analysis/data/03826_stress.csv,1.413539156475401,1.5189147049544809,1.4876631701562677,1.5099516543810283,2.252903931176976,0.05595580262883445,1.6572832309825762,0.05738907847835847,990.1115452380952,1070.5058523809525,0.15232536845255382
3828,material_r_cable,3,True,1.2774191851419,1.1470498425369868,18.54061275322188,902.5469782771912,5623.440743185669,1.5600157215935813,0.6410191808698465,8772.655968819536,0.169621931297195,0.09791175,2642.4304763,2133.85777767,209.44764483,159.25588662,125.3652839,0.964193654384816,0.9681547230374244,/home/chaoyu/phd_simulation/sensitivity_analysis/data/03828_verts.csv,/home/chaoyu/phd_simulation/sensitivity_analysis/data/03828_stress.csv,1.272963701460949,1.3202365475772992,1.279962358751018,1.322063848157812,1.007998805751516,0.05425235030002776,0.9413798926556438,0.055573030397314316,2053.5236288888896,2142.615060416667,0.034174433705624514
3830,material_r_cable,3,True,1.1403805917069008,0.9784275075636776,12.103403725939016,1889.113510225319,8157.654482455434,1.403536111652222,0.7124861210894067,11449.56265250782,0.3034120483243539,0.22236834,3048.25781732,2216.53991499,252.34975749,25.72465338,102.70730005,0.9549008513696988,0.9896416575223684,/home/chaoyu/phd_simulation/sensitivity_analysis/data/03830_verts.csv,/home/chaoyu/phd_simulation/sensitivity_analysis/data/03830_stress.csv,1.3601923318928155,1.4244330497158648,1.4150122215444672,1.429822815954455,1.1762575183815918,0.053704662740509626,1.643169007811206,0.057439825557020346,2297.658543181818,2267.665934782609,-0.16560512752928747
3831,material_r_cable,3,True,1.1685913637606609,0.803973092212207,63.8830831807234,308.57675521825774,2196.414686670789,3.8043405036967695,0.2628576487904475,8355.909355416132,0.1891589605533773,0.21175181,1715.4274193,745.8025394,16.32588486,19.97493088,39.70059262,0.9694922050053948,0.9730341545722,/home/chaoyu/phd_simulation/sensitivity_analysis/data/03831_verts.csv,/home/chaoyu/phd_simulation/sensitivity_analysis/data/03831_stress.csv,1.43421499387865,1.4793465965728618,1.404619897716662,1.4435463453327708,3.6658427400213953,0.07786215181792444,5.019411681802436,0.0630662594793042,684.0824977272728,771.7992139534884,-0.15584678076670574
3832,material_r_cable,3,True,1.371525267527431,1.3791565613162735,71.87260233535338,1646.8366948166736,15497.266762486794,3.010083900031022,0.3322166534925136,46648.07317624738,0.3145810672251029,0.01791074,30605.20267548,24110.2798035,3889.20781076,748.06517545,1277.92701407,0.9357238310821908,0.9776837235729195,/home/chaoyu/phd_simulation/sensitivity_analysis/data/03832_verts.csv,/home/chaoyu/phd_simulation/sensitivity_analysis/data/03832_stress.csv,1.208406875627457,1.2914140214104632,1.264521892819747,1.293385439821566,,0.0574219016627864,,0.05840008905309209,23816.221698076923,23587.65163125,
3833,material_r_cable,3,True,1.3946288935758844,1.3267872934146985,29.144086623076927,375.1688614297631,5992.75865509237,1.7645572723639156,0.5667143910043424,10574.56586636504,0.2311227580758652,0.01838079,6642.5239727,4685.33786316,723.71690885,302.9273145,276.89711117,0.9502281803187504,0.9670774404111656,/home/chaoyu/phd_simulation/sensitivity_analysis/data/03833_verts.csv,/home/chaoyu/phd_simulation/sensitivity_analysis/data/03833_stress.csv,1.2271522567102149,1.2914290294974953,1.2508496094582324,1.293432725435532,,0.056034259392926174,,0.0564225286071267,4277.1427829787235,4643.645429166667,
3834,material_r_cable,3,True,0.8085157895189835,1.340929121146567,38.780097724570815,418.1003345172769,16723.302694453563,3.447534694692616,0.2900623455768182,57654.16624897517,0.3679764436050244,0.00429812,35312.05663747,23613.20915715,3345.16593109,1285.65633816,1603.1659851,0.9394368916631834,0.9552916690831036,/home/chaoyu/phd_simulation/sensitivity_analysis/data/03834_verts.csv,/home/chaoyu/phd_simulation/sensitivity_analysis/data/03834_stress.csv,1.2121445227636962,1.290288398848921,1.2345174497022433,1.2922937461468107,,0.05833997772213965,,0.057008904693208344,22270.812722448976,23421.15797234043,
3835,material_r_cable,3,True,1.3052929794107766,1.2377102186751694,55.154812512846426,1629.1696425075334,17599.096473971695,1.3305580683812048,0.7515643426345373,23416.61980966225,0.1371953605461282,0.03693208,11963.59647333,7718.06678234,2320.05350781,2557.93505196,462.68115303,0.9354599674747264,0.93161713553296,/home/chaoyu/phd_simulation/sensitivity_analysis/data/03835_verts.csv,/home/chaoyu/phd_simulation/sensitivity_analysis/data/03835_stress.csv,1.2146776315205303,1.2984816814764957,1.2115164329575483,1.3004445568344594,1.0424195844348239,0.05971580380796708,0.8688087997442174,0.0562281162053738,7681.284691836735,8307.32922244898,0.09083727833247938
3836,material_r_cable,3,True,1.0507533230056796,1.3179509464827164,12.801496489331347,1409.233702045383,4814.194525093935,3.818196237571576,0.261903772823372,18381.539422651345,0.1062976641283681,0.06447272,8855.86226139,6863.39149373,256.75718968,827.13738474,353.10637909,0.9765859027517586,0.9303535679487672,/home/chaoyu/phd_simulation/sensitivity_analysis/data/03836_verts.csv,/home/chaoyu/phd_simulation/sensitivity_analysis/data/03836_stress.csv,1.274326505890064,1.30487907136418,1.2167396566060185,1.3078250017234545,1.1386292361126196,0.059280618143688,1.2792136985911455,0.055333064775141924,6486.012458695653,7279.175780392157,-0.05814458022094409
3837,material_r_cable,3,True,0.9595216914120416,1.0696139507509097,76.92707309472753,1139.567942053237,1600.532430744723,2.1203185789850347,0.4716272403172005,3393.638649176114,0.4942644403627585,0.30725789,1694.86152372,1127.77356521,49.71887426,122.66078552,43.12218926,0.96246164624069,0.9391676730623912,/home/chaoyu/phd_simulation/sensitivity_analysis/data/03837_verts.csv,/home/chaoyu/phd_simulation/sensitivity_analysis/data/03837_stress.csv,1.480766907924955,1.5385204321738226,1.464487187593681,1.559345822475292,1.521781958691679,0.05480627018274742,1.7027431536332356,0.05554694481694473,1228.09509,1066.2947333333334,-0.05612026225191399
3838,material_r_cable,3,True,1.2648710639615903,1.1194803299010725,63.42873278786941,1608.881919854761,11624.547004782771,2.6575033538200934,0.3762930340473608,30892.27265184954,0.3503831020856079,0.06197567,8408.70203851,6367.6804657,472.19660176,482.64453424,365.50109485,0.968316226658608,0.9677745216446808,/home/chaoyu/phd_simulation/sensitivity_analysis/data/03838_verts.csv,/home/chaoyu/phd_simulation/sensitivity_analysis/data/03838_stress.csv,1.2608928551692609,1.3021498767197717,1.2620539427952224,1.3040784961464262,0.9541286186132197,0.05446890482769186,0.7803396153090516,0.05515105227888636,6016.412759999999,6176.329718749999,0.10019728231699418
3839,material_r_cable,3,True,1.0806378889934372,1.067723456790291,58.93504757299982,1342.1420333355554,10404.987030662862,2.265092346491386,0.4414831040107455,23568.25648849658,0.2119326970985225,0.12219479,4743.16246124,2548.42774913,562.18958999,226.88338839,126.79274697,0.9413328648052904,0.96532580095441,/home/chaoyu/phd_simulation/sensitivity_analysis/data/03839_verts.csv,/home/chaoyu/phd_simulation/sensitivity_analysis/data/03839_stress.csv,1.264677004590057,1.3434960701724237,1.2989838093231352,1.3456428990490463,1.3624110546682682,0.055484745986340955,1.0493279949544607,0.057639488499373184,2703.4723044444445,2569.69005106383,0.12981630817927148
3840,material_r_cable,3,True,0.9464266882920688,1.0941779488729266,84.21044480870461,1357.1486366149068,15220.244057214428,1.4140578215791284,0.7071846601599817,21522.30515544731,0.2423569883875648,0.15440541,4030.91357756,3070.47976368,102.43221726,183.52960857,142.73194829,0.9812412747567848,0.975376462440712,/home/chaoyu/phd_simulation/sensitivity_analysis/data/03840_verts.csv,/home/chaoyu/phd_simulation/sensitivity_analysis/data/03840_stress.csv,1.3300850840001135,1.3555127757235803,1.3287123131964464,1.3622558718216062,1.0686230219354789,0.05356378321322776,1.4205294577449192,0.05661959415025007,3286.078711111111,2824.865845652174,-0.1413760059627301
3841,material_r_cable,3,True,1.1218127864844132,1.1255124769711042,50.235310514973065,1503.1147420741522,6111.640724684701,4.047918713930375,0.2470405338325181,24739.424862270203,0.3800357009740309,0.09402174,7614.07729055,4587.46971494,628.77022611,131.41122347,221.82431176,0.9451044555529412,0.9786623388417952,/home/chaoyu/phd_simulation/sensitivity_analysis/data/03841_verts.csv,/home/chaoyu/phd_simulation/sensitivity_analysis/data/03841_stress.csv,1.247008312780844,1.319439671936867,1.2931643583478298,1.3213590704616611,1.0660432931245867,0.05594391164126293,1.0081392419706312,0.05756973927353193,4243.964364444444,4544.118965957446,0.027916564802864526
3842,material_r_cable,3,True,0.8875466250948069,1.389533775687098,25.41124385686277,1428.3061755323345,15066.93070690826,1.394568178685761,0.7170678460069254,21011.862114317624,0.3846908069321456,0.03930206,12035.64155374,9940.3268877,453.32501538,195.93096256,665.59962109,0.9746538741188462,0.9812362226756556,/home/chaoyu/phd_simulation/sensitivity_analysis/data/03842_verts.csv,/home/chaoyu/phd_simulation/sensitivity_analysis/data/03842_stress.csv,1.2615897172405484,1.2943976838763522,1.2722651968725005,1.296594201754253,0.9267396578916305,0.054276616899570924,0.7072706944008926,0.05533496468887556,9497.11929111111,9934.930352083333,0.1343130801973329
3844,material_r_cable,3,True,1.0830454418499382,1.362653259189198,42.34195439095512,357.00749976110694,8853.182311274319,2.2154666559871647,0.4513721735768671,19613.93021000364,0.4487487985641299,0.0098032,12809.00921376,9814.71546628,690.29092506,312.74458272,590.1122288,0.9612845631703164,0.9750549461299238,/home/chaoyu/phd_simulation/sensitivity_analysis/data/03844_verts.csv,/home/chaoyu/phd_simulation/sensitivity_analysis/data/03844_stress.csv,1.2405430198561376,1.290505504181641,1.2602684908235888,1.2925102280909415,,0.0544089020502297,,0.055741440977979013,9256.238406382978,9672.971691666668,
3845,material_r_cable,3,True,1.1285727059994153,0.9551015099167603,37.593648165952665,936.6172436500958,14236.842378512514,2.729604935474601,0.3663533821337146,38860.95522196172,0.4197692819231738,0.09552752,5061.58419501,2347.72847599,543.27875863,577.89406597,114.54752576,0.9509994681452508,0.9446750680405273,/home/chaoyu/phd_simulation/sensitivity_analysis/data/03845_verts.csv,/home/chaoyu/phd_simulation/sensitivity_analysis/data/03845_stress.csv,1.2625663752969607,1.327620485171631,1.256040052727551,1.3296000870784768,1.6505895828059272,0.05555926491049124,1.6336098337731633,0.05673174431338264,2646.5501000000004,2683.976638297872,0.0051701333807709065
3847,material_r_cable,3,True,0.836077808451117,1.3068792516341596,58.52707530015372,1366.491310473328,13933.115698664731,2.824533863275945,0.3540407190729099,39354.55711182022,0.2399824946044931,0.0283092,17531.61919724,14089.69841345,1300.16956938,186.73577564,861.5863543,0.9441362102042402,0.9873388103473,/home/chaoyu/phd_simulation/sensitivity_analysis/data/03847_verts.csv,/home/chaoyu/phd_simulation/sensitivity_analysis/data/03847_stress.csv,1.2207708294185586,1.2930028699508045,1.27851846062173,1.2949136073887408,0.8959310591132812,0.05543451216950293,0.7054294157826864,0.05946989868853105,14257.576859615387,13987.44825625,0.11896237375471053
3848,material_r_cable,3,True,1.354219138414153,1.149537025658661,61.83206458060527,1938.104495721387,5298.775603283048,4.780608695779704,0.2091783836821438,25331.372726040285,0.406257188036033,0.08522707,8498.39560935,6756.66182466,359.7843285,254.92662542,331.23353893,0.9671218533051368,0.9751437006630846,/home/chaoyu/phd_simulation/sensitivity_analysis/data/03848_verts.csv,/home/chaoyu/phd_simulation/sensitivity_analysis/data/03848_stress.csv,1.2679401644770416,1.3110448907176062,1.2802615947497953,1.3128953136642676,1.0354217559685008,0.05413791056065157,0.928497615913683,0.05554344678047882,6479.467882222221,6581.961791666666,0.05444426160547709
3849,material_r_cable,3,True,1.1456757493158654,0.9044254586570524,10.16133115050168,870.0697409248493,2760.842373657355,3.906263795228224,0.2559990959191159,10784.578608549677,0.3327219339522043,0.2470021,1517.15165293,871.35853921,48.36633169,175.92909183,38.68166872,0.9737905553607312,0.936499631252023,/home/chaoyu/phd_simulation/sensitivity_analysis/data/03849_verts.csv,/home/chaoyu/phd_simulation/sensitivity_analysis/data/03849_stress.csv,1.426244551671603,1.4646317360751813,1.375058266308695,1.468295576871029,1.4333357425824684,0.05446281696811717,1.6422028937818511,0.05439111879434617,909.5775904761906,870.8594022727273,-0.06791238085250993
3851,material_r_cable,3,True,1.026404253587025,1.3343211216589288,15.089272828935776,1045.9507234172906,3176.494264916446,4.870757900912038,0.2053068578532208,15471.934538043552,0.4950336972016242,0.037155,11342.29632317,7483.35993158,1310.7946764,210.0547347,434.07458197,0.9399388854132872,0.966237739547066,/home/chaoyu/phd_simulation/sensitivity_analysis/data/03851_verts.csv,/home/chaoyu/phd_simulation/sensitivity_analysis/data/03851_stress.csv,1.2173170596117129,1.2951023502729793,1.253623687451444,1.2974277821513092,0.8985703548891484,0.058589099058024764,0.6757113425732051,0.05671647118907188,6419.1701133333345,7395.865244680852,0.14156234724393893
3852,material_r_cable,3,True,0.9737704409299838,1.1583138864630462,85.00939629392464,1521.6693370975192,3057.826492349802,1.8583934185526945,0.5380991936458719,5682.644628458942,0.1711567575676849,0.27204305,2465.05958271,1838.15303877,110.43774018,134.78833366,84.74929849,0.949480669095264,0.9512345362491572,/home/chaoyu/phd_simulation/sensitivity_analysis/data/03852_verts.csv,/home/chaoyu/phd_simulation/sensitivity_analysis/data/03852_stress.csv,1.4197890954920924,1.4953322818514816,1.441937334809228,1.515858896897264,1.1507949256509697,0.054121627596864445,1.881014670566076,0.05603364900525887,2020.0443428571427,1687.3026272727272,-0.24085277183179357
3853,material_r_cable,3,True,1.2101259964670676,0.9320513723358872,81.32830748934488,790.9523464894817,8543.07189426263,3.1509319750576203,0.3173664198135262,26918.6383968482,0.1788335661466588,0.12625753,4972.23695343,2469.05295607,176.55164146,293.26056929,118.74006844,0.9679522832186132,0.9508728213592637,/home/chaoyu/phd_simulation/sensitivity_analysis/data/03853_verts.csv,/home/chaoyu/phd_simulation/sensitivity_analysis/data/03853_stress.csv,1.2992459004632633,1.342262343907119,1.2743740609617922,1.3402150448890595,2.055709093798645,0.057982380214619385,3.2364644077430254,0.056313871443911,2177.1597555555554,2886.8101042553194,-0.22311349270775283
3854,material_r_cable,3,True,1.340560619061889,1.071214256772414,28.406890234453986,446.4969831773013,11320.35939669561,3.685036891378475,0.2713677038999537,41715.9420004863,0.2303162974847317,0.01995371,6505.80417564,5319.7500458,276.28043563,314.58070997,336.43345617,0.9832374976291316,0.977543294405704,/home/chaoyu/phd_simulation/sensitivity_analysis/data/03854_verts.csv,/home/chaoyu/phd_simulation/sensitivity_analysis/data/03854_stress.csv,1.2697278956150233,1.291374564819489,1.2643260121026547,1.293370860746684,,0.05387948587394741,,0.05514112094937005,5015.125542222222,5271.01394375,
3855,material_r_cable,3,True,0.852653434970343,1.1287825695779972,40.80925229868046,1051.2138814340556,2803.074212504373,4.272396238744763,0.2340606872862994,11975.843722426123,0.3265567449156989,0.15669371,3530.88760888,2290.48430339,231.8369011,38.39208359,118.31976813,0.9448734785512998,0.9785506905644143,/home/chaoyu/phd_simulation/sensitivity_analysis/data/03855_verts.csv,/home/chaoyu/phd_simulation/sensitivity_analysis/data/03855_stress.csv,1.2902905863341592,1.3655696933228143,1.337335863965383,1.3666495531202645,1.3471650139275015,0.05756819576643144,1.2775902131242558,0.058430593447597254,2177.9979906976746,2335.078614893617,0.02650715772891146
3856,material_r_cable,3,True,0.9945171425687938,1.1028595922842706,67.51353139919858,1016.3098063796976,8378.730572968847,4.232981167276767,0.2362401249810749,35467.008721063205,0.1186150279307011,0.07782272,6520.81682336,4289.556637,531.05397994,361.55618383,190.96237189,0.9430840549647064,0.9634172707835172,/home/chaoyu/phd_simulation/sensitivity_analysis/data/03856_verts.csv,/home/chaoyu/phd_simulation/sensitivity_analysis/data/03856_stress.csv,1.2397455762828915,1.314565302802503,1.2684984208412944,1.3166656435478516,1.3146488953957989,0.05489540597691374,1.0023692846292696,0.05893074617877983,4784.59106122449,4136.501410416667,0.1347765043272775
3857,material_r_cable,3,True,1.0910425148412295,1.284000813873822,84.06668398903341,286.4229910927485,4012.939389715558,1.3523843370185604,0.7394347691164334,5427.036376056141,0.2056441159940836,0.04360859,2159.99530003,1730.98846357,161.62267499,102.13958951,98.1622141,0.9584902726667022,0.973816151777138,/home/chaoyu/phd_simulation/sensitivity_analysis/data/03857_verts.csv,/home/chaoyu/phd_simulation/sensitivity_analysis/data/03857_stress.csv,1.2428560300514744,1.2966809006768665,1.2645028406132406,1.298502636566073,0.8727244468957234,0.05422594919704407,0.7518888004023949,0.05678234624434457,1793.1895021739128,1677.9579666666668,0.07437809995350542
3860,material_r_cable,3,True,0.8158278191989329,1.213496431065251,6.663568522326703,1533.301199531105,16769.92171052925,2.099271395390735,0.4763557499976658,35204.61694985612,0.1362411782755964,0.07867655,12968.45546819,9329.77903469,615.52203594,687.47485995,505.61426339,0.9564675104097748,0.9488280186627231,/home/chaoyu/phd_simulation/sensitivity_analysis/data/03860_verts.csv,/home/chaoyu/phd_simulation/sensitivity_analysis/data/03860_stress.csv,1.266212601005352,1.323842772728239,1.22619411154142,1.2923249392124991,3.1722780794797996,0.09238510177666108,3.4063188422216903,0.06700339092147148,8754.516054347825,9954.260920754718,-0.03557609100047407
3862,material_r_cable,3,True,1.270183832219934,0.9706027102114502,70.52788215253271,1279.9371734511349,2658.8515245018943,3.3140546497613173,0.3017451749240228,8811.57925780047,0.2080608614987167,0.24296201,1769.82688086,1282.87295553,182.45952871,56.73111044,60.60385219,0.9463610210216304,0.9726446415548324,/home/chaoyu/phd_simulation/sensitivity_analysis/data/03862_verts.csv,/home/chaoyu/phd_simulation/sensitivity_analysis/data/03862_stress.csv,1.3802899884556123,1.4585237111367289,1.417342005057376,1.4572043524464058,1.4262922695832452,0.05423250864627552,1.4375813542449754,0.05579865727700984,1246.4839069767443,1363.0680954545455,-0.003941893443831414
3863,material_r_cable,3,True,1.0051241397530963,1.3729854954116003,25.26375331929639,1167.516376172035,6579.449674145407,1.7851428132825822,0.5601792711257457,11745.2573011551,0.2604744590832235,0.05980765,8206.18472824,5275.10023225,876.66176933,60.00364935,313.6542944,0.9431808139703194,0.9873849024205528,/home/chaoyu/phd_simulation/sensitivity_analysis/data/03863_verts.csv,/home/chaoyu/phd_simulation/sensitivity_analysis/data/03863_stress.csv,1.22823430689389,1.3022257118692206,1.2882093507348735,1.3046678631371171,0.9785842675074106,0.05777479451785751,0.8401463674849616,0.0572992543248028,4688.612776086958,5234.42829787234,0.0761178688910299
3864,material_r_cable,3,True,1.3161533006772,1.1613504519023967,56.53765387444519,1811.2926805460108,4592.502863780515,1.056486764542088,0.946533391200058,4851.918491705751,0.149511935828061,0.2012312,3241.71325629,2192.92538809,178.52964133,308.39411589,105.75608015,0.9529810395611896,0.9336844627219236,/home/chaoyu/phd_simulation/sensitivity_analysis/data/03864_verts.csv,/home/chaoyu/phd_simulation/sensitivity_analysis/data/03864_stress.csv,1.351005984181881,1.4176630259128409,1.3243190772608922,1.4183796883587108,1.3786805918179854,0.05492339851785954,1.2289820295176632,0.054075978773842744,2101.1310511627908,2278.4080933333335,0.057407181847644984
3865,material_r_cable,3,True,0.889432087692859,1.0220278442475537,11.819414451960482,1383.3621340913444,3624.833104787559,4.83733673057338,0.2067253233953526,17534.538319987205,0.1300946617405945,0.23852202,3512.64534243,2225.81373695,288.74184172,94.03752373,99.77957991,0.934811395040068,0.9540278602605584,/home/chaoyu/phd_simulation/sensitivity_analysis/data/03865_verts.csv,/home/chaoyu/phd_simulation/sensitivity_analysis/data/03865_stress.csv,1.388533952285981,1.4853626727843483,1.388342182169465,1.455242807888534,2.470586552320587,0.05918017283001403,1.1041769184428427,0.05561892889057452,1728.9290999999998,2475.040513333333,0.38223777462566844
3866,material_r_cable,3,True,1.1992522098582368,0.8816811750881302,49.95570050588168,1259.6655053235954,13117.77887391313,1.4748741271530612,0.6780239625806527,19347.072666849494,0.4971710837687185,0.12118067,4431.18953167,3318.53405684,270.48430263,62.76051167,181.12913255,0.9673488476786662,0.9885650685166,/home/chaoyu/phd_simulation/sensitivity_analysis/data/03866_verts.csv,/home/chaoyu/phd_simulation/sensitivity_analysis/data/03866_stress.csv,1.288620232707102,1.332115333366434,1.3183985136774956,1.333648695129224,1.200264467989913,0.053874312516273316,1.0946872858754855,0.056504975829747964,3255.214454545455,3393.7646702127663,0.046004096572663626
3867,material_r_cable,3,True,0.9186384956866152,1.3622693544971356,25.009765183612124,1946.4423496654304,6379.296669596743,3.304858590404304,0.3025848073813239,21082.673399254363,0.3494708680007076,0.06210058,10557.97472304,9536.83817042,181.37496702,130.98640942,593.33827128,0.9857258638328972,0.9821093557481996,/home/chaoyu/phd_simulation/sensitivity_analysis/data/03867_verts.csv,/home/chaoyu/phd_simulation/sensitivity_analysis/data/03867_stress.csv,1.2815062159601216,1.3000634993760962,1.2794020896735554,1.30270838189793,1.0597935594174044,0.054113716318296076,0.8118095003491573,0.055229560805975665,9303.65792888889,9574.993104166666,0.13249821204031223
3868,material_r_cable,3,True,1.2084662350455897,1.3925378661012822,56.260556362938416,1613.99664612115,9970.248078510263,3.06600534585124,0.326157291719386,30568.83390817553,0.2012707296445227,0.03344436,18088.78497777,14368.87405272,1046.41223054,720.53772164,756.65457173,0.9550400384361528,0.965854218604428,/home/chaoyu/phd_simulation/sensitivity_analysis/data/03868_verts.csv,/home/chaoyu/phd_simulation/sensitivity_analysis/data/03868_stress.csv,1.2357750444127726,1.2939510331276942,1.251644966489331,1.2958942896142698,0.833988926336124,0.05461826788641855,0.6883159098643516,0.0561150122783789,14207.620357142856,14124.909031914895,0.09569240864750714
3869,material_r_cable,3,True,0.9972802008209304,1.05428835339184,37.22623474193912,317.0930210396237,18702.55188999704,3.354356598213496,0.298119764765795,62735.02833564186,0.3683483831804174,0.02433747,7714.88838714,3882.92376727,503.85910919,445.13284153,180.41586401,0.971757031697296,0.966805839267724,/home/chaoyu/phd_simulation/sensitivity_analysis/data/03869_verts.csv,/home/chaoyu/phd_simulation/sensitivity_analysis/data/03869_stress.csv,1.256222757757772,1.2927333857966743,1.2517500443309366,1.2947274349098206,0.8563809405294097,0.05502669980473658,0.6521757306498287,0.055381475195415246,3522.3874326086966,4159.008766666667,0.135364626189319
3870,material_r_cable,3,True,0.9542077572210416,1.016165421422683,65.76504970272454,675.2424443761054,9160.666858809644,3.527829273212645,0.2834604292200745,32317.2687066576,0.4792764994010416,0.11703331,3710.74929285,1579.92461825,304.4178681,331.78004016,65.01783264,0.947799730111092,0.9515626728778596,/home/chaoyu/phd_simulation/sensitivity_analysis/data/03870_verts.csv,/home/chaoyu/phd_simulation/sensitivity_analysis/data/03870_stress.csv,1.269157937466882,1.3390570783535922,1.279263310487016,1.3443815598798916,1.7043082074205902,0.05542102271907216,1.731070118487797,0.058753217709586775,1668.05826,1738.8740541666666,-0.007790091375199674
3872,material_r_cable,3,True,1.1204167202836728,0.8409637795097895,4.334314675132008,1978.6244458723063,3349.0983737115434,3.243679567981172,0.3082918577627531,10863.401965967105,0.2763554122566366,0.20421695,4128.74605526,1233.30703918,2540.21994469,1624.73682652,53.65522672,0.9484997698699864,0.9687508033460528,/home/chaoyu/phd_simulation/sensitivity_analysis/data/03872_verts.csv,/home/chaoyu/phd_simulation/sensitivity_analysis/data/03872_stress.csv,1.2237725034904796,1.2902190831930571,1.251840623930611,1.2922215079530974,10.468404672237526,0.07126163825853461,7.204867417661382,0.07245306561204785,1998.688235,1376.0479895833334,0.1846594811631631
3873,material_r_cable,3,True,1.390711220885919,1.185155488400087,17.383091560101718,643.3268212186723,19107.372270098,3.9611659341268735,0.2524509239526269,75687.47212699267,0.134556959087611,0.00884812,32114.42654856,16252.21427029,6000.44120355,411.77014218,866.43138514,0.9317335369072576,0.9849771666578032,/home/chaoyu/phd_simulation/sensitivity_analysis/data/03873_verts.csv,/home/chaoyu/phd_simulation/sensitivity_analysis/data/03873_stress.csv,1.202488618078439,1.2905928255731898,1.2731797406500902,1.292598228413972,,0.05740189390260409,,0.06039725260601435,14876.304124489798,16534.279285416666,
3874,material_r_cable,3,True,0.979205382285554,1.1720805623622508,53.84096634922399,1555.4717434619388,2108.621328754175,2.889330704259838,0.3461009148332055,6092.5043488266165,0.1236170021119366,0.27716354,2823.21485505,2119.88148801,160.20638053,14.50648252,99.78380651,0.9429522870776788,0.9856103241816748,/home/chaoyu/phd_simulation/sensitivity_analysis/data/03874_verts.csv,/home/chaoyu/phd_simulation/sensitivity_analysis/data/03874_stress.csv,1.4168220695608147,1.5025384518146878,1.4876036069862388,1.5093222650862097,1.3152455075209117,0.05601524180907149,1.851620494056796,0.057222846771842605,2193.819105128205,2142.971676744186,-0.16937091315788746
3876,material_r_cable,3,True,1.257176767488601,1.1396557882382126,28.65658501946619,1140.5073706491148,4267.335875768629,2.0339841236495326,0.491645922095853,8679.693421593465,0.2724453662464507,0.12308083,3259.20742576,2133.98799757,381.05176663,107.6321518,115.94172266,0.9425105009931042,0.9694624201941624,/home/chaoyu/phd_simulation/sensitivity_analysis/data/03876_verts.csv,/home/chaoyu/phd_simulation/sensitivity_analysis/data/03876_stress.csv,1.263574850825696,1.3406480346842744,1.3014158512946257,1.3424097976216345,1.141295981666853,0.05553807833434194,1.0818596216684515,0.056911304483269906,1945.5532866666665,2182.5694717391307,0.026735132668730774
3877,material_r_cable,3,True,1.3570493209208336,1.0505527993477008,28.151350483818167,727.3181301825124,7442.803553181016,3.842141658238684,0.2602715071308485,28596.30558576368,0.1889580433733541,0.0537983,3694.58699047,3236.02075941,103.72289356,154.21033005,210.68060691,0.9894579855943966,0.9823033699256432,/home/chaoyu/phd_simulation/sensitivity_analysis/data/03877_verts.csv,/home/chaoyu/phd_simulation/sensitivity_analysis/data/03877_stress.csv,1.284390486506771,1.2980748098517794,1.2770186469475246,1.3000247032077172,0.986187253275102,0.05352419378563529,0.7824662585920974,0.05507508151273967,3147.6308333333322,3216.3176416666665,0.11518423100742481
3878,material_r_cable,3,True,0.9305608007635148,1.107332430401495,5.234368526614392,1208.9383585713836,3920.296980674646,3.4375155283785785,0.2909077767778649,13476.081746924752,0.2090450356315434,0.18394215,3536.74943476,2412.27704441,235.46797588,23.43419997,113.40031441,0.9547810446938736,0.9854823055234152,/home/chaoyu/phd_simulation/sensitivity_analysis/data/03878_verts.csv,/home/chaoyu/phd_simulation/sensitivity_analysis/data/03878_stress.csv,1.3298895882786717,1.3928738904793267,1.3652317450614544,1.385343742256584,1.7757033339049577,0.05515227226321854,1.194331707983723,0.05587058098953077,2000.671993181818,2629.407541304348,0.19574571266725982
3880,material_r_cable,3,True,1.0223203338817293,1.187675060887147,40.56496447346488,1263.6107709721325,11826.027221007338,1.56824678447347,0.637654742799772,18546.129162440484,0.4384050757692203,0.06911558,7195.37000652,4594.00631267,190.72988911,717.59779734,258.47808773,0.9786507108782512,0.9442709100195328,/home/chaoyu/phd_simulation/sensitivity_analysis/data/03880_verts.csv,/home/chaoyu/phd_simulation/sensitivity_analysis/data/03880_stress.csv,1.2788292051840713,1.3067268954788138,1.2357654780740135,1.308698028247477,1.0528487403326252,0.05571280107755715,0.8649730055244381,0.05443565151605737,4392.809037777777,4685.268904255319,0.09796308505419858
3881,material_r_cable,3,True,1.067765025969488,1.2966628931788753,22.63051464116944,596.604039654653,17182.721602491678,4.098677166275244,0.2439811576838022,70426.428686597,0.2466161784241621,0.0069925,32823.38862661,24509.99138541,1543.55816493,2991.08690419,1286.46018705,0.9653293092595152,0.9353488607550288,/home/chaoyu/phd_simulation/sensitivity_analysis/data/03881_verts.csv,/home/chaoyu/phd_simulation/sensitivity_analysis/data/03881_stress.csv,1.245668441510944,1.2904077702421273,1.208864267927815,1.2924207412323143,,0.05769118124890277,,0.05556400486236579,22761.923379166667,25230.55991458333,
3882,material_r_cable,3,True,1.1988137553079548,1.0186998507259293,64.99288326329192,604.8276504384962,1991.270878514942,2.18899104143948,0.4568314721573279,4358.874114148532,0.1811956187059841,0.2032936,1024.65370622,679.23321879,75.73754457,111.96019317,31.98054808,0.95278809304633,0.939070159646166,/home/chaoyu/phd_simulation/sensitivity_analysis/data/03882_verts.csv,/home/chaoyu/phd_simulation/sensitivity_analysis/data/03882_stress.csv,1.3530194278301957,1.4200633254181567,1.334164206178086,1.4207289971611796,1.3482157745698389,0.055085378201510625,1.2798373608174711,0.054485987576976716,659.8737499999999,732.2817911111111,0.026018657245410096
3883,material_r_cable,3,True,1.184622155901973,1.2535173609530506,85.23946855553721,1705.6836348222275,10057.682583878735,2.5300681847629267,0.3952462649119088,25446.622717915776,0.357486867153991,0.04438359,14802.77449019,8706.32746253,762.17398838,2495.09017619,474.01682439,0.951690213107056,0.9318153537605184,/home/chaoyu/phd_simulation/sensitivity_analysis/data/03883_verts.csv,/home/chaoyu/phd_simulation/sensitivity_analysis/data/03883_stress.csv,1.2367897150295657,1.2995717492898486,1.2126044129346558,1.3013355146392036,0.8702761191444222,0.05668266403375061,0.9156413652689132,0.055057421339321004,8518.081044680852,8199.8581125,-0.025401647343966317
3884,material_r_cable,3,True,1.2609150172700536,1.0256417057456897,77.48386427414185,467.3961957505614,9594.901618509595,2.8669329185260635,0.3488048128151237,27507.93930012416,0.4772733033067521,0.0205458,8262.35959259,4186.93290909,418.07653568,1831.35825592,258.98741055,0.9661098570929838,0.9332665353134064,/home/chaoyu/phd_simulation/sensitivity_analysis/data/03884_verts.csv,/home/chaoyu/phd_simulation/sensitivity_analysis/data/03884_stress.csv,1.248645268400504,1.2924464637568929,1.2080617343511673,1.294444500729344,0.8397663059115605,0.058450886621543394,0.765318003307315,0.05462002793498213,3613.9496911111105,4551.413970000001,0.04638279882037863
3885,material_r_cable,3,True,0.8609358748320634,1.255412497835649,72.19290844247398,1131.120480623832,15909.432670983222,2.5979340764259926,0.3849212376380664,41331.65727255231,0.1271517606475861,0.03366762,15715.64894595,12415.5485562,996.82352843,207.45802829,679.43811631,0.9395932025310914,0.9736307033727556,/home/chaoyu/phd_simulation/sensitivity_analysis/data/03885_verts.csv,/home/chaoyu/phd_simulation/sensitivity_analysis/data/03885_stress.csv,1.221156901700222,1.2996655344149466,1.2789014798819365,1.313538568013202,1.216773470279834,0.05395612966529367,0.8475976058946805,0.06365670946863479,13343.943765384614,12311.16168125,0.17883212405265494
3886,material_r_cable,3,True,1.315695220580964,1.310421715295824,49.118800594809954,484.0607982704234,1220.2615040141827,1.346417170580959,0.7427118591844121,1642.981041603642,0.4860531578954122,0.09750411,1419.93175274,1102.74389921,129.55911204,151.13486305,63.45715105,0.9457409789971144,0.9398989987373276,/home/chaoyu/phd_simulation/sensitivity_analysis/data/03886_verts.csv,/home/chaoyu/phd_simulation/sensitivity_analysis/data/03886_stress.csv,1.2521988862579698,1.3240400004511073,1.2462021111166146,1.325889391084338,1.004817197244034,0.05647128439682303,0.9168064787965433,0.05501149362921871,1006.8353777777777,1068.002304255319,0.045800184263358495
3887,material_r_cable,3,True,1.3583213811188424,1.3384443989603638,70.16825502108064,1285.7496931889127,8685.462949586723,3.428175879274334,0.2917003197081233,29775.294584104115,0.3923377526313023,0.02362561,19619.15954417,14984.27637474,1096.29362862,1217.13347405,783.80568589,0.9545373662265604,0.9557324918612192,/home/chaoyu/phd_simulation/sensitivity_analysis/data/03887_verts.csv,/home/chaoyu/phd_simulation/sensitivity_analysis/data/03887_stress.csv,1.2333879728442487,1.2921316823038889,1.2368034559082504,1.2940895767807012,0.808163755268597,0.055125752590042466,0.6332953192846853,0.05536256521196821,14573.711777551021,14381.68954042553,0.12131349343935037
3889,material_r_cable,3,True,0.8647919215120314,1.1052754425132925,61.66000581897928,328.387040459923,17988.34927863824,1.5241679941718356,0.6560956560063151,27417.26623848444,0.3643018025064697,0.05067695,6197.29732515,3431.25386221,493.79160942,539.73562455,157.71890701,0.9588697999357484,0.9591150855409828,/home/chaoyu/phd_simulation/sensitivity_analysis/data/03889_verts.csv,/home/chaoyu/phd_simulation/sensitivity_analysis/data/03889_stress.csv,1.2371521141746114,1.2902190831930571,1.239389142138333,1.2922215079530974,,0.09436467734556035,,0.14756429459220743,3828.872386956523,3715.302559574469,
3890,material_r_cable,3,True,1.14483148992102,1.3712371619939836,9.72417489832733,1309.504803037299,18299.13766218636,2.287552832908111,0.4371483734120903,41860.2441989099,0.2113241431714843,0.01955587,24271.85574339,18266.95295889,1871.84523978,1363.73807021,1009.09114888,0.9566764037043408,0.9509699126252784,/home/chaoyu/phd_simulation/sensitivity_analysis/data/03890_verts.csv,/home/chaoyu/phd_simulation/sensitivity_analysis/data/03890_stress.csv,1.2356116273090554,1.2915669525501527,1.2302062129803584,1.2936331598380555,,0.05640091213516613,,0.055032895988434374,16220.95225652174,18633.772548936176,
3891,material_r_cable,3,True,1.134892117397103,1.1388625763836209,20.317298428617544,1727.0687480486515,18663.82488864958,3.1788766730572338,0.3145765321679705,59329.99756855317,0.2959836058308095,0.04331721,16077.63413253,10239.76025523,248.33673189,2316.4063211,525.64339983,0.9886237108551128,0.933945686276652,/home/chaoyu/phd_simulation/sensitivity_analysis/data/03891_verts.csv,/home/chaoyu/phd_simulation/sensitivity_analysis/data/03891_stress.csv,1.2828988281153546,1.2976613994071693,1.2138805922830689,1.299733603484405,1.0099880871704203,0.0574907824567055,0.8806816975651589,0.054708004665202654,9764.146628888886,10967.145163265304,0.06839184221868
3892,material_r_cable,3,True,1.0851223329692226,1.204068641974506,66.66844161755414,939.915084818958,14359.043551674757,3.6042910914784447,0.2774470692348574,51754.17275545232,0.4418630109883484,0.02067357,17784.54097773,14084.47026178,411.22269764,669.90725309,743.73931488,0.9774085849721288,0.9722527941619956,/home/chaoyu/phd_simulation/sensitivity_analysis/data/03892_verts.csv,/home/chaoyu/phd_simulation/sensitivity_analysis/data/03892_stress.csv,1.2622803376314249,1.2914561597260976,1.2575409294816,1.2934299978695358,0.8311233118430961,0.054056501155230995,0.6306587566377971,0.05503600711645812,13773.934295652174,13661.850566666666,0.13713710102739515
3893,material_r_cable,3,True,1.1932573621627507,0.9468964048249986,69.88734336969627,1456.0701612036446,12896.480464014032,2.014830253829494,0.4963197262396405,25984.219006816504,0.2506508993664395,0.14538594,3950.35415101,3205.38269435,75.24026642,124.7726834,167.58669339,0.989539304830428,0.9825198641596647,/home/chaoyu/phd_simulation/sensitivity_analysis/data/03893_verts.csv,/home/chaoyu/phd_simulation/sensitivity_analysis/data/03893_stress.csv,1.333743516429056,1.3478428900382209,1.324338669402091,1.3479001470721197,1.471101907935353,0.05428311429751244,0.9741059087482214,0.054871105021929815,3042.059928888889,3360.708665217392,0.20325307149606822
3895,material_r_cable,3,True,1.1960860036508432,1.121033199484304,55.509509591992334,1483.19375646063,13474.20710924534,2.4686221000125568,0.4050842775793482,33262.72545002936,0.4905431346287449,0.0433267,13479.43043333,7864.20377432,1868.55477551,164.00495297,447.15421334,0.9384273785982244,0.9872370295699902,/home/chaoyu/phd_simulation/sensitivity_analysis/data/03895_verts.csv,/home/chaoyu/phd_simulation/sensitivity_analysis/data/03895_stress.csv,1.217421140804068,1.2972992567870203,1.2826781678687773,1.2992605923903322,1.0047060502165637,0.05772073776484372,0.7825514367196161,0.058855870154702,6970.42109375,7785.340570833334,0.12429916512912632
3896,material_r_cable,3,True,0.9126169089870448,1.0605254791115388,23.46061978387613,1834.9511393176588,18033.4600134414,3.5599435595586435,0.2809033298617741,64198.09983140904,0.1581314262418903,0.1005816,12417.88363913,5856.55206099,1206.13353953,1520.5178213,253.07707243,0.973168433391007,0.9458201150138392,/home/chaoyu/phd_simulation/sensitivity_analysis/data/03896_verts.csv,/home/chaoyu/phd_simulation/sensitivity_analysis/data/03896_stress.csv,1.2560478678972415,1.290678802147888,1.222377615928535,1.292399682058622,2.9201642371015533,0.06580236446128725,2.914696773102009,0.058500487126899495,5259.798606521738,7119.8401959183675,0.000937034145283558
3897,material_r_cable,3,True,1.2560520757614022,1.2020914933509284,13.505464030139256,807.3366314016049,2121.6063955266995,2.8131254521999587,0.3554765036226757,5968.344950806371,0.1914060513401314,0.13590274,2411.34362582,1637.58893605,227.32833203,35.00211307,78.91110459,0.947553619338861,0.979435650416031,/home/chaoyu/phd_simulation/sensitivity_analysis/data/03897_verts.csv,/home/chaoyu/phd_simulation/sensitivity_analysis/data/03897_stress.csv,1.2769104762900938,1.3475865114430523,1.3216261572084074,1.349375180132585,1.1211302905355902,0.0550643752293073,1.1565209340548603,0.05683366337169806,1396.5853022222223,1717.0305391304353,-0.015538218993838178
3898,material_r_cable,3,True,1.169910262483652,1.11258008819112,32.25616358952895,1515.1696086452932,14865.578045256092,1.716177417829443,0.5826903381963634,25511.969344249665,0.2517830904572884,0.08250679,5683.67912079,4345.29635162,344.67979604,374.64075493,252.10983615,0.9728065403228144,0.9676743859706486,/home/chaoyu/phd_simulation/sensitivity_analysis/data/03898_verts.csv,/home/chaoyu/phd_simulation/sensitivity_analysis/data/03898_stress.csv,1.2756280966734257,1.311286513606419,1.2707563220728453,1.3132065294858282,1.0210952416403614,0.05449657059401482,0.8429939345724635,0.05511848635763878,4053.0930866666677,4376.490752083333,0.09554334059797354
3899,material_r_cable,3,True,0.98141715297008,1.1686287448740194,37.82931911609483,370.8325299077462,1588.0086402807178,4.251247510923394,0.2352250715655919,6751.017779318245,0.3221072963293948,0.08639106,1882.99697628,1401.31372661,73.29321906,84.24451415,69.78098297,0.9691800118871806,0.9572441437987312,/home/chaoyu/phd_simulation/sensitivity_analysis/data/03899_verts.csv,/home/chaoyu/phd_simulation/sensitivity_analysis/data/03899_stress.csv,1.273314821398155,1.3138063164538083,1.2596789221211535,1.3159432003649971,1.068648054780598,0.055132392637941376,0.8369447856338764,0.055227704167478825,1331.0589369565216,1414.6414333333332,0.12159117322057383
3900,material_r_cable,3,True,0.9455752457506614,1.246551117080578,45.88299533381127,956.73119724126,16570.37160272922,3.0881129576654343,0.3238223516137132,51171.17925971946,0.2374500166520675,0.0198195,21682.17299474,14296.65828417,1767.48295626,748.51684842,770.78292668,0.9452565971194264,0.96351115085005,/home/chaoyu/phd_simulation/sensitivity_analysis/data/03900_verts.csv,/home/chaoyu/phd_simulation/sensitivity_analysis/data/03900_stress.csv,1.2210332451904398,1.291747922110689,1.246551989280495,1.2937597952869924,,0.05615023173634258,,0.05693405805401918,13996.108287755103,14224.78425744681,
3901,material_r_cable,3,True,1.1786146763857874,1.2359854091602354,57.86976210171206,401.1616080900727,16308.84963975563,4.586735607744003,0.2180199788083823,74804.3813640101,0.1608869168277868,0.00752138,22645.20366287,19463.31704365,287.55336841,454.78876594,926.40754532,0.9880662460561972,0.983443936957514,/home/chaoyu/phd_simulation/sensitivity_analysis/data/03901_verts.csv,/home/chaoyu/phd_simulation/sensitivity_analysis/data/03901_stress.csv,1.2749722046608036,1.2903711767806796,1.2709742829303012,1.2923708563015006,,0.053476422568535006,,0.05509860474621877,19319.20454222222,19182.506597916665,
3902,material_r_cable,3,True,0.9893143021884496,1.0524018217173068,79.47227700203278,1605.9378692766195,8115.398342689377,4.300594174833496,0.2325260090458818,34901.03483902334,0.1141973197359541,0.14918102,6212.1041233,3384.31520176,392.39098104,488.50779715,141.51098575,0.9380459364484656,0.9462341981494408,/home/chaoyu/phd_simulation/sensitivity_analysis/data/03902_verts.csv,/home/chaoyu/phd_simulation/sensitivity_analysis/data/03902_stress.csv,1.2831175314833392,1.367862150057756,1.3022366900176898,1.3762308449266434,1.5858269847247697,0.054833672049387744,1.735547008843172,0.05819897159952502,3836.378782222222,3135.3947276595745,-0.04507773722813055
3903,material_r_cable,3,True,0.8693800254400716,1.175541841845252,61.01302095252896,1060.6677933578765,16819.443977876603,4.190008014966343,0.2386630279531894,70473.60507458035,0.2683636095966307,0.02838814,18116.30224887,13600.09960302,239.30637954,702.03047454,714.33007243,0.9831008717177452,0.9689175627213548,/home/chaoyu/phd_simulation/sensitivity_analysis/data/03903_verts.csv,/home/chaoyu/phd_simulation/sensitivity_analysis/data/03903_stress.csv,1.2708071343023783,1.29265182328842,1.2543419774058515,1.294580700841915,0.8578216522971306,0.05356423411486472,0.6705793349860822,0.054898836655223035,13659.46146956522,13422.022582978718,0.12250863410123689
3904,material_r_cable,3,True,1.3070742870602663,0.9218157308374898,60.97130268673572,1954.220153178542,11462.244317402989,3.2845533152455704,0.3044554020050165,37648.352572880685,0.3840699373886881,0.11153669,6179.75227731,4335.42650115,705.66120701,357.6524278,260.91837484,0.9500832458614944,0.9644015092695792,/home/chaoyu/phd_simulation/sensitivity_analysis/data/03904_verts.csv,/home/chaoyu/phd_simulation/sensitivity_analysis/data/03904_stress.csv,1.2658105038612124,1.332315362232738,1.2861553688339185,1.3336306055846283,1.2472958820348001,0.05522759186776463,0.9305531337131675,0.055630060981239814,4133.413568181819,4579.642610869565,0.14543834124003746
3906,material_r_cable,3,True,1.262300630613725,1.3305068760253151,43.12568142976101,358.4330247236128,14799.62963192844,4.290370147643505,0.2330801225971731,63495.889169006005,0.4397089789012242,0.00372001,36607.82502068,31124.87738177,960.96326161,528.37850395,1604.64311156,0.9752683275448872,0.982930865491654,/home/chaoyu/phd_simulation/sensitivity_analysis/data/03906_verts.csv,/home/chaoyu/phd_simulation/sensitivity_analysis/data/03906_stress.csv,1.2583459020869732,1.2902560931663771,1.2702010108311366,1.2922587492415274,,0.05388592264972898,,0.05540164990324494,29939.15247826087,30785.237960416667,
3907,material_r_cable,3,True,1.2489092826529733,0.8896349968464963,15.05438048546409,851.7647682725029,2225.846929327233,2.560270684111942,0.390583701249097,5698.7706404771,0.3235133699478476,0.23311675,1356.6659694,921.622919,82.63263768,143.90705015,51.50154579,0.9519520315967274,0.9359452431080928,/home/chaoyu/phd_simulation/sensitivity_analysis/data/03907_verts.csv,/home/chaoyu/phd_simulation/sensitivity_analysis/data/03907_stress.csv,1.3806257989514783,1.4503102605240814,1.3683612466872856,1.4620099378284386,1.2207425666037968,0.05409751394286297,1.7443634457336885,0.05495829029009773,985.0298357142859,877.8475545454545,-0.1765943197144257
3908,material_r_cable,3,True,1.0717379523231003,1.066429803762458,46.35557241543946,1089.7681887459178,2349.018816024748,3.532913811712806,0.2830524754622264,8298.881019107095,0.2196790176157903,0.23380923,2347.48902344,1479.94268368,171.28117518,22.31858716,56.1248297,0.9444252860554416,0.9827983098012966,/home/chaoyu/phd_simulation/sensitivity_analysis/data/03908_verts.csv,/home/chaoyu/phd_simulation/sensitivity_analysis/data/03908_stress.csv,1.3651261539588175,1.4454570140328489,1.421919311041897,1.4468068339773423,1.2973087943665158,0.0572142372267681,1.6006125219452663,0.05866683926025619,1447.6116999999997,1557.228234883721,-0.10466251304737584
3909,material_r_cable,3,True,1.3003640372960508,1.097799943977325,45.67517007014803,1876.6352263709152,6543.062806418897,4.988305829346516,0.2004688634199084,32638.79833903976,0.134014487500643,0.10171067,9045.06706527,4355.9228345,1186.36733885,194.66834681,215.66073645,0.9313824755292796,0.9720017801551818,/home/chaoyu/phd_simulation/sensitivity_analysis/data/03909_verts.csv,/home/chaoyu/phd_simulation/sensitivity_analysis/data/03909_stress.csv,1.2395655623206785,1.3308877876580905,1.2954448323519447,1.3327597323382727,1.4374766289134973,0.0579560819089134,1.0440514055564578,0.058835447338021686,4351.5350127659585,4401.126202127659,0.15854151873044367
3910,material_r_cable,3,True,0.9103998618571106,1.2601116262090986,40.46627679666967,1076.5073226957786,2586.302668355418,4.128870136141323,0.242197009599958,10678.507850395305,0.4220975229515826,0.07741008,5613.83177313,3601.81806454,507.2407041,327.72465022,209.67603915,0.9372882296893156,0.9404442321499382,/home/chaoyu/phd_simulation/sensitivity_analysis/data/03910_verts.csv,/home/chaoyu/phd_simulation/sensitivity_analysis/data/03910_stress.csv,1.2313851736759716,1.313774284868744,1.2377476671675172,1.3161308505640117,1.0779117161806488,0.05929962972010568,0.8748537991764949,0.0568349283044541,3380.327734042553,3588.2595851063825,0.1039847925453643
3911,material_r_cable,3,True,1.302929857115901,0.970236784914024,66.33523373159389,1795.8342113385852,11948.55784951285,1.4526279179437993,0.6884075320647176,17356.808711368893,0.1138787964056904,0.120445,6481.14533214,4488.70992879,362.34565762,333.5076369,245.25646624,0.9631367535898402,0.958544253098148,/home/chaoyu/phd_simulation/sensitivity_analysis/data/03911_verts.csv,/home/chaoyu/phd_simulation/sensitivity_analysis/data/03911_stress.csv,1.2882591466677922,1.3375661782879154,1.2831801133280585,1.3386759236004413,1.2714942935893911,0.05524207131263839,0.932719462865639,0.05445764740257126,4144.5994,4751.7617717391295,0.1536941822142483
3912,material_r_cable,3,True,1.149266114374505,1.291878596512162,14.46990348743379,1472.1914446647306,16356.4047468129,1.6175221968240696,0.6182295377234723,26456.84773820845,0.3387295750060844,0.0357994,14902.12487779,9972.37507533,1710.27348718,418.88240414,581.31242282,0.9473167028482016,0.972794692241106,/home/chaoyu/phd_simulation/sensitivity_analysis/data/03912_verts.csv,/home/chaoyu/phd_simulation/sensitivity_analysis/data/03912_stress.csv,1.226518370153952,1.2947289607227477,1.261527261525095,1.296807303315782,0.8658620988055121,0.05644593004208591,0.6812334725584149,0.05658425392611989,8571.586230434783,9922.66644375,0.1193388628760198
3915,material_r_cable,3,True,0.9713268420958208,1.3820012317859505,42.110252949718095,1189.8480286669303,1782.5486016192108,1.9978810528789883,0.5005302986176174,3561.320077010957,0.1760416396027135,0.18248304,2723.79976498,1937.73468875,245.59054983,39.48362465,111.52132945,0.930009650621482,0.969756881243647,/home/chaoyu/phd_simulation/sensitivity_analysis/data/03915_verts.csv,/home/chaoyu/phd_simulation/sensitivity_analysis/data/03915_stress.csv,1.2984623295775863,1.3961815651158938,1.3562823609207042,1.398579775150824,1.3134244441827885,0.055797983515858254,1.3843492370531139,0.05856541398045034,1879.0886311111112,1961.4814204545457,-0.026290119650746006
3916,material_r_cable,3,True,1.0397484875684695,0.8094308864720826,63.32822632691544,1038.479641205215,11545.560720420362,1.135981938911249,0.8802956858261519,13115.548453000683,0.2863965212514062,0.24236234,3295.87914534,1985.80682178,250.67809252,29.65607119,99.05241087,0.938009225498288,0.9821664127026636,/home/chaoyu/phd_simulation/sensitivity_analysis/data/03916_verts.csv,/home/chaoyu/phd_simulation/sensitivity_analysis/data/03916_stress.csv,1.3869011749574869,1.4785581391491525,1.4450818377136796,1.4713207650190303,3.0046248921670404,0.05795392051433687,4.067708967733331,0.05854074032619733,1748.1319928571427,2128.9600911111115,-0.15031587826953444
3919,material_r_cable,3,True,1.185338130717769,1.0485839735188978,82.62899110311056,731.3459941795631,16849.490331551846,2.2005414890902806,0.454433604164131,37078.00254460538,0.2308883167793234,0.04302607,5573.26978667,3795.83788429,594.81609972,228.65094984,233.22944889,0.9630042837600978,0.9827226201573356,/home/chaoyu/phd_simulation/sensitivity_analysis/data/03919_verts.csv,/home/chaoyu/phd_simulation/sensitivity_analysis/data/03919_stress.csv,1.2485708158400213,1.2965371358109798,1.2760760426451152,1.29851090884711,0.8778286416386321,0.05434453077619455,0.7094909517846284,0.05646290931286795,3614.3499673913047,3846.0684979166667,0.10605154157453674
3921,material_r_cable,3,True,1.1017150010594858,1.1829505701503265,27.62218918710144,803.9920719515106,16656.65415247603,3.6340519100648905,0.2751749355121742,60531.1458380958,0.1289523927666299,0.01954538,18846.63532413,11885.89805237,1215.17052943,1519.2794801,570.70155837,0.9617351660785256,0.9444334544094416,/home/chaoyu/phd_simulation/sensitivity_analysis/data/03921_verts.csv,/home/chaoyu/phd_simulation/sensitivity_analysis/data/03921_stress.csv,1.2424276620753605,1.2918604891420975,1.2220072750633526,1.293905112486172,,0.05668222373074895,,0.05511991713265809,10678.188014583333,12592.218265957445,
3922,material_r_cable,3,True,1.3391946957395175,1.3119163715142483,89.53413222836585,1344.3690936278942,3844.894567699482,1.6385107713273064,0.6103102997546554,6299.901163793449,0.1870063446030094,0.12566379,3257.70935517,2721.75105013,203.9487032,141.52323885,146.91603226,0.9609281341815916,0.9702502575440356,/home/chaoyu/phd_simulation/sensitivity_analysis/data/03922_verts.csv,/home/chaoyu/phd_simulation/sensitivity_analysis/data/03922_stress.csv,1.2846686988909108,1.3369040339161724,1.2986911898506737,1.3385115641587255,1.0996077757055664,0.054174787826473794,1.0957711252155347,0.05554368570086222,2719.5815488888893,2667.290942553192,0.0017476028800413775
3923,material_r_cable,3,True,1.2472592724999831,1.0951135202097664,20.378153745181308,770.1773841829881,17509.91811950463,3.676518971856389,0.2719964204332852,64375.54616201072,0.3894886303302463,0.01894821,16601.31171324,10502.0308742,1257.33452058,226.45481113,584.4148564,0.9622837028481022,0.9878266666514408,/home/chaoyu/phd_simulation/sensitivity_analysis/data/03923_verts.csv,/home/chaoyu/phd_simulation/sensitivity_analysis/data/03923_stress.csv,1.2426400379250966,1.291344781426948,1.2776040828985076,1.2933484446510857,,0.05414543860943709,,0.056851777271588834,8925.457668888888,10409.084420833335,
3926,material_r_cable,3,True,1.0821528543581618,1.061994282872458,15.71427236166533,1299.8045432490462,1040.6245415394962,2.2399713315194623,0.4464342850859881,2330.9691399240555,0.362867007690587,0.40780324,1542.85174572,1135.81835167,13.78823516,97.69176029,27.3688051,0.9834703583868388,0.94030206056536,/home/chaoyu/phd_simulation/sensitivity_analysis/data/03926_verts.csv,/home/chaoyu/phd_simulation/sensitivity_analysis/data/03926_stress.csv,1.6969000252221913,1.7254206095296791,1.6018825258652616,1.7035829155815356,2.1650652397027694,0.05513510358753171,1.4099487819834196,0.054570827041115516,1123.6974243243244,1259.0190585365854,0.21122055833593403
3927,material_r_cable,3,True,0.9481276846054312,0.9931366613678512,39.29601961406389,1111.9567886663172,4206.697284545148,2.394772380952336,0.4175762205852429,10074.082472055912,0.3754431725834949,0.26626372,1846.32812494,1305.79603877,39.27795814,87.69631411,47.53046474,0.983870346238298,0.9666567553773528,/home/chaoyu/phd_simulation/sensitivity_analysis/data/03927_verts.csv,/home/chaoyu/phd_simulation/sensitivity_analysis/data/03927_stress.csv,1.4565166809956371,1.4803949387888775,1.4275261027535049,1.4767662821496996,1.7322767662699252,0.0555791424634385,1.3828900582822556,0.05628521960266249,1327.2788428571428,1409.9656738095237,0.11215666051460839
3928,material_r_cable,3,True,1.2128131705338614,1.1438524947752646,16.963399305266485,1223.310231200321,12745.835830955044,4.3400854311146535,0.2304102110135588,55318.01639730712,0.4335881373469933,0.02877598,17590.22267038,12237.98544324,1034.40265251,594.3515986,622.39040375,0.9650599516741576,0.9673594730161488,/home/chaoyu/phd_simulation/sensitivity_analysis/data/03928_verts.csv,/home/chaoyu/phd_simulation/sensitivity_analysis/data/03928_stress.csv,1.247670847808484,1.2928428390837912,1.252608257230492,1.2948736143813844,0.8460074492202234,0.054660199448968584,0.6440240187870012,0.05538394457025448,10555.283982222221,12072.64233125,0.13555648640317364
3929,material_r_cable,3,True,1.1252509231900385,1.3567716839244444,51.36168648559175,723.988471717996,12240.945962471897,2.826208010738596,0.3538309976478561,34595.45953815634,0.3580966366307583,0.01186359,22926.97047904,15955.89973689,2361.90460677,734.350991,899.29377537,0.9396332774917556,0.9672203171473592,/home/chaoyu/phd_simulation/sensitivity_analysis/data/03929_verts.csv,/home/chaoyu/phd_simulation/sensitivity_analysis/data/03929_stress.csv,1.2128307735444124,1.2907490641263009,1.250372021229541,1.2927478869729354,,0.058195984964199005,,0.057388067783188015,15243.703941176473,15686.390048936171,
3930,material_r_cable,3,True,1.1274308633423464,1.0123622110665442,58.61259520385436,661.0614286300467,10803.9012755511,3.7173671410668376,0.269007596519781,40162.06759706375,0.1994015901815873,0.06717499,5025.32039344,1859.3854166,768.39954086,307.11068812,102.73422737,0.9412634882381145,0.965066100350481,/home/chaoyu/phd_simulation/sensitivity_analysis/data/03930_verts.csv,/home/chaoyu/phd_simulation/sensitivity_analysis/data/03930_stress.csv,1.2350513902257048,1.3121207883432422,1.2681505559375053,1.314055643936673,1.4399665971407882,0.05674266302796417,0.9240695460101161,0.05855072450130634,2421.250093617021,2218.339210416667,0.21822722661213587
3931,material_r_cable,3,True,1.3231908671253596,1.008972818608039,86.81875097125258,1333.5131494910995,7558.775662974022,3.917094037616372,0.2552912925747679,29608.435081115284,0.1769928584412221,0.10699447,3868.85086685,2881.92305099,220.50474812,257.25685526,178.85826071,0.9734759989185124,0.9709779663264796,/home/chaoyu/phd_simulation/sensitivity_analysis/data/03931_verts.csv,/home/chaoyu/phd_simulation/sensitivity_analysis/data/03931_stress.csv,1.2898555319855125,1.3249998288796885,1.288183269253445,1.3266864068265671,1.1751284995250706,0.05496826349666334,0.8498408038246597,0.054837500963855465,2713.122886666667,3071.4335872340425,0.16063833420206214
3932,material_r_cable,3,True,1.347981359223708,1.1232034237393829,24.118638659026534,532.717534949107,19939.992153556672,2.40277623843231,0.4161852377283577,47911.33934109268,0.4801808182150761,0.00843588,19622.53879484,14911.02431589,665.82919182,1655.55633548,907.03924148,0.9778948451029884,0.9533395676458116,/home/chaoyu/phd_simulation/sensitivity_analysis/data/03932_verts.csv,/home/chaoyu/phd_simulation/sensitivity_analysis/data/03932_stress.csv,1.2619185279664389,1.290443992302197,1.2321389038992847,1.292444943769557,,0.05484056946977209,,0.05429449696136989,13865.635335555558,14477.844980851063,
3933,material_r_cable,3,True,0.9495333460836924,1.103621832350891,47.25978910834492,1102.9930350105578,17533.98965848221,3.380855334458995,0.2957831380146942,59279.88247122843,0.3155711672929017,0.04708039,14356.28890115,6993.10313692,471.4344459,1509.46585902,325.72043489,0.9687396883343604,0.937117744761301,/home/chaoyu/phd_simulation/sensitivity_analysis/data/03933_verts.csv,/home/chaoyu/phd_simulation/sensitivity_analysis/data/03933_stress.csv,1.260128442532583,1.300791593146383,1.220850065349634,1.3027712602546055,0.9252927956283674,0.05692021092411488,0.968844526518857,0.055283002818664315,6871.994077083335,7599.919740425532,-0.022992911010865168
3935,material_r_cable,3,True,1.1433977949537877,1.3858040099516593,80.25069127365452,203.88353445355992,7964.224445160721,2.335370431987144,0.428197593967613,18599.414282937567,0.2633190075906435,0.00558349,10901.2880277,8742.03994341,2302.73346906,521.24196868,493.3307601,0.9302339359058198,0.9671664489770668,/home/chaoyu/phd_simulation/sensitivity_analysis/data/03935_verts.csv,/home/chaoyu/phd_simulation/sensitivity_analysis/data/03935_stress.csv,1.20034000264874,1.2903635916914848,1.2499261314957364,1.2923588621356057,,0.05472783041851822,,0.061252330782605904,9209.200920754718,8499.343676595745,
3936,material_r_cable,3,True,1.280857784050774,1.0790842114952723,6.838215115995867,1135.3993016487375,13153.97961226703,3.364185333755259,0.2972487841161099,44252.42529210443,0.1904835950620885,0.04782228,7436.0554983,5336.15322775,534.72595881,625.89262648,321.85206971,0.9722517883012288,0.9614870072730984,/home/chaoyu/phd_simulation/sensitivity_analysis/data/03936_verts.csv,/home/chaoyu/phd_simulation/sensitivity_analysis/data/03936_stress.csv,1.2620605889690892,1.2980799872574469,1.2499972368938224,1.3000666961054173,0.8839439887650384,0.05457711816770326,0.717419853591012,0.0551071316948798,4891.903253333334,5497.994343750001,0.1039889441546421
3937,material_r_cable,3,True,1.3597460251103082,1.0462367609877892,45.62373281992837,1025.7014398617762,3878.1285349338777,2.7001197797935577,0.3703539404005465,10471.411565756776,0.1564245504475928,0.12013482,2698.87727986,1766.86139388,264.63127138,347.49547167,105.95596005,0.9479690284600966,0.9379598611320188,/home/chaoyu/phd_simulation/sensitivity_analysis/data/03937_verts.csv,/home/chaoyu/phd_simulation/sensitivity_analysis/data/03937_stress.csv,1.274423855762913,1.3443728829760582,1.262571197657704,1.3460823324933258,1.108484718566098,0.055398587802540915,1.148633428930522,0.05480113680399754,1734.2133111111111,1883.1316630434783,-0.017787598052389567
3938,material_r_cable,3,True,1.1604240141444913,1.1762408276450211,52.50561892284341,1080.242570591146,14770.40288678006,1.5773298601393126,0.6339827992045228,23297.79751960609,0.1384437493353611,0.04876058,8783.27862052,4699.1598835,453.02035351,1342.98786467,264.88206084,0.9660497893802028,0.9381800610211904,/home/chaoyu/phd_simulation/sensitivity_analysis/data/03938_verts.csv,/home/chaoyu/phd_simulation/sensitivity_analysis/data/03938_stress.csv,1.2569225587757749,1.3010950083454704,1.2224870034754858,1.303040913217483,0.9036824367877513,0.05653393524858708,0.9049767308067176,0.054621484140991966,4522.7958847826085,5140.273053191489,-0.0007156096859795444
3939,material_r_cable,3,True,0.9759164625797416,0.9835323841221004,52.85404729438653,572.5911744975058,14418.722425257676,1.4988381648023414,0.6671834381344797,21611.33145866758,0.2024160973938464,0.16937918,1521.20050805,845.54601232,39.10274913,145.02734787,32.88953094,0.9893808116932576,0.970746310283474,/home/chaoyu/phd_simulation/sensitivity_analysis/data/03939_verts.csv,/home/chaoyu/phd_simulation/sensitivity_analysis/data/03939_stress.csv,1.358733064078431,1.373316571354413,1.3355495682959084,1.3757966980125895,1.3677023958308898,0.05504284333788422,1.3528756057002846,0.05558979889416944,870.7825644444443,968.817193478261,0.005449867683360107
3940,material_r_cable,3,True,0.9178038282226292,1.0530922394422233,45.09047898912284,244.14044594386127,13554.94087474521,2.78898086405692,0.3585539122507192,37804.47071308736,0.1523633843656831,0.05402097,5019.40998723,2534.87180601,421.7370049,364.11644586,104.25832152,0.9353361702872836,0.9332203677998864,/home/chaoyu/phd_simulation/sensitivity_analysis/data/03940_verts.csv,/home/chaoyu/phd_simulation/sensitivity_analysis/data/03940_stress.csv,1.2451504571037075,1.3312330867320847,1.2475325618347937,1.3368038299205944,,0.0949012558017276,,0.10475592999771309,2720.6409702127658,2870.337093478261,
3941,material_r_cable,3,True,0.930301634274515,1.3599207800801385,53.47022891929951,1490.1739482622074,16245.260832864848,2.143818070544774,0.4664574917711586,34826.8837342089,0.3930005218008686,0.02762787,17786.18617996,15433.56215809,393.26971589,470.79555709,979.86648321,0.9793042277682024,0.976725677502384,/home/chaoyu/phd_simulation/sensitivity_analysis/data/03941_verts.csv,/home/chaoyu/phd_simulation/sensitivity_analysis/data/03941_stress.csv,1.265580995298825,1.292326694211294,1.264179006933397,1.2943030331362522,0.870616518338635,0.053939150841397644,0.668597131256505,0.05522288399004589,15212.057632608694,15253.905958333335,0.13124843788597326
3942,material_r_cable,3,True,0.96026750014736,1.1919546929273706,52.23742441729506,1370.8782657561576,9946.19877092331,4.778718745200303,0.2092611123022023,47530.08651009944,0.3309799327835232,0.0374392,17144.30284213,10650.74133564,1949.03117979,243.60649757,553.06118565,0.9339923555366496,0.9801512159854626,/home/chaoyu/phd_simulation/sensitivity_analysis/data/03942_verts.csv,/home/chaoyu/phd_simulation/sensitivity_analysis/data/03942_stress.csv,1.2104426127730616,1.2959877086762346,1.2721826932394256,1.2979453297523575,1.0427820542706197,0.05684709677473717,0.760394607908966,0.06007682441235571,10500.126665384614,10513.885641666666,0.15660553526703175
3943,material_r_cable,3,True,1.3857776788562357,1.039153646997355,51.62507613001839,1403.9139421630491,19314.21772723321,3.647504376433029,0.2741600548750872,70448.69368746353,0.4332329477451796,0.02488571,19564.83911945,12417.75582552,2044.21838449,405.53650047,795.25723825,0.9512272479912524,0.9842003147798362,/home/chaoyu/phd_simulation/sensitivity_analysis/data/03943_verts.csv,/home/chaoyu/phd_simulation/sensitivity_analysis/data/03943_stress.csv,1.2292649163384883,1.292293633234729,1.2738368135539335,1.2942861269444814,0.8229808899253246,0.055330533659104245,0.6547966892044264,0.057079506990653735,11169.50751521739,12251.543193750002,0.1138088729292674
3945,material_r_cable,3,True,0.8232203285381686,1.2569030372459324,57.07643905296304,1970.6647517199235,2921.167531443133,1.9466420157594235,0.5137051352556368,5686.46745177944,0.4449781510797613,0.23640964,2928.99818185,2557.66559926,27.13612208,63.56624011,159.09517869,0.9881898609135342,0.9790012788033776,/home/chaoyu/phd_simulation/sensitivity_analysis/data/03945_verts.csv,/home/chaoyu/phd_simulation/sensitivity_analysis/data/03945_stress.csv,1.4151813406293805,1.4320945767659596,1.4074363845095967,1.4376246640146275,1.6229296253982277,0.0565177728887402,1.6297685767382535,0.05734718925859699,2681.708475609756,2550.1053413043483,-0.002102547151633593
3946,material_r_cable,3,True,0.8497374601009257,1.0999507945637028,89.032859957281,749.0342779319252,4103.498683392412,1.14468582344197,0.8736021531157672,4697.216769392084,0.2645300650976209,0.25561023,1420.26810243,1114.50616179,11.88145878,73.06676406,57.32858807,0.9884127455227276,0.9606026705373192,/home/chaoyu/phd_simulation/sensitivity_analysis/data/03946_verts.csv,/home/chaoyu/phd_simulation/sensitivity_analysis/data/03946_stress.csv,1.4395748632287273,1.456451133142157,1.4287727163921915,1.487371168344763,1.5123165063031059,0.05333942617740396,2.225491023006512,0.05575363580352996,1218.7545292682928,982.3282590909092,-0.1908002247604042
3947,material_r_cable,3,True,1.099496391505257,1.2927768581539187,62.043767377697954,522.9054083123572,13620.940972928483,3.493178787029806,0.2862722067685187,47580.38206601892,0.3264273061878571,0.00998764,20424.1534906,17019.34671744,280.96442828,596.29280486,908.66960773,0.9848663991977112,0.9754605931599358,/home/chaoyu/phd_simulation/sensitivity_analysis/data/03947_verts.csv,/home/chaoyu/phd_simulation/sensitivity_analysis/data/03947_stress.csv,1.2709648982067316,1.2904947302924348,1.260772894787921,1.292489828526785,,0.05369139681694616,,0.054899886893637145,16874.90840652174,16679.416410416667,
3948,material_r_cable,3,True,1.3174145617475888,1.1557760792543856,32.48222981379413,1120.8512515460477,19825.699161582128,2.856144650822719,0.3501223230104777,56625.064609173256,0.1857234462718681,0.0190572,20654.18912369,11461.72756906,2932.41415668,2718.19054442,657.27745467,0.9416742664185436,0.938849762205496,/home/chaoyu/phd_simulation/sensitivity_analysis/data/03948_verts.csv,/home/chaoyu/phd_simulation/sensitivity_analysis/data/03948_stress.csv,1.216827706448921,1.2921959852177596,1.2150567995014556,1.2941972703354674,,0.058840126713026554,,0.05625123399048936,10906.895604166668,12197.906329787233,
3949,material_r_cable,3,True,0.9918091094210688,0.901235935588226,3.669607923825689,290.88874013858896,2629.477399198042,1.5410334406701924,0.6489151848418695,4052.112603650668,0.3397093878990262,0.24630331,632.93944701,318.64616826,71.61402997,20.76931671,10.66231074,0.9391119293779648,0.9739357361209392,/home/chaoyu/phd_simulation/sensitivity_analysis/data/03949_verts.csv,/home/chaoyu/phd_simulation/sensitivity_analysis/data/03949_stress.csv,1.3812836697923083,1.4708402977132051,1.4408200440955443,1.479378967891809,2.566084303963808,0.054132743468981295,1.679290253380875,0.05842297636682746,369.04072619047616,295.35231818181813,0.2088847611923289
3951,material_r_cable,3,True,1.3261058167456858,1.2081379557256735,12.961155568390986,216.91173244495903,14529.960744981783,4.263986754297623,0.2345223045057801,61955.56015706675,0.3740593278787669,0.003406,22483.75420662,18766.38738752,498.45051626,1425.39979083,950.01414036,0.9846556160306392,0.9539981554486356,/home/chaoyu/phd_simulation/sensitivity_analysis/data/03951_verts.csv,/home/chaoyu/phd_simulation/sensitivity_analysis/data/03951_stress.csv,1.2704560288989182,1.2902541845243345,1.2328109472060125,1.2922571602103985,,0.05481509876956222,,0.05439677964555393,17778.23352222222,18688.32201702128,
3952,material_r_cable,3,True,1.2093609184336096,1.1695297579845654,50.32684343296104,1199.0102193704,8617.229563560562,3.279393782853915,0.3049344074592174,28259.28905616546,0.1594390629224907,0.06110065,7881.79272386,5429.579908,461.09831232,451.9512366,274.05439363,0.9638680773280056,0.962802828772056,/home/chaoyu/phd_simulation/sensitivity_analysis/data/03952_verts.csv,/home/chaoyu/phd_simulation/sensitivity_analysis/data/03952_stress.csv,1.2558836646332303,1.3029621938665488,1.256372134488569,1.3049111375076938,0.915658278205591,0.05467060918946912,0.7708787245755973,0.05543375775905035,5239.376769565218,5375.876164583334,0.08584427936727426
3953,material_r_cable,3,True,1.161287226486329,1.286389331744214,4.878855821672071,691.2509770753187,5643.005658328898,4.4559282817308965,0.2244201290447053,25144.82850691521,0.2878452173070859,0.02542666,11179.44095205,8782.81316899,559.6530572,280.00708766,442.28060486,0.9672328351177985,0.968253331568106,/home/chaoyu/phd_simulation/sensitivity_analysis/data/03953_verts.csv,/home/chaoyu/phd_simulation/sensitivity_analysis/data/03953_stress.csv,1.24980925068101,1.292149320518877,1.2531623359562505,1.294250476708124,0.852438576725166,0.05498596672098706,0.614352289455572,0.05508098585101806,7926.505893333334,8787.465739583333,0.1623178141881455
3957,material_r_cable,3,True,1.2434649446834478,1.2419240325643486,79.68598431722374,866.2293248052573,2810.2729550089743,4.130708378630919,0.2420892274006135,11608.418041495444,0.4618371012621581,0.05158366,6764.2712343,4445.52231611,363.92956254,674.46575025,226.01269825,0.948762749597501,0.9422193165573456,/home/chaoyu/phd_simulation/sensitivity_analysis/data/03957_verts.csv,/home/chaoyu/phd_simulation/sensitivity_analysis/data/03957_stress.csv,1.234041791576744,1.3006853316071576,1.2271680070164552,1.302422891838226,0.8733335542740858,0.05622362334362761,0.8063793134638593,0.05514906554382195,4308.66908367347,4135.89230638298,0.03986052741287456
3959,material_r_cable,3,True,0.8835035351826587,1.2679367040066445,78.19206358828013,1443.6073070357656,18114.335966471324,3.9341981544677127,0.254181401326822,71265.3871286996,0.3449951308213953,0.02103047,24393.97431464,22187.16854668,379.45208231,373.04939968,1306.24357331,0.9781500423335956,0.9875900275318338,/home/chaoyu/phd_simulation/sensitivity_analysis/data/03959_verts.csv,/home/chaoyu/phd_simulation/sensitivity_analysis/data/03959_stress.csv,1.2632516262206828,1.2914701953157552,1.2773276954849055,1.293378486898231,0.8140900378727597,0.053487170216356884,0.6467869592287849,0.05621472645623221,22133.902580434784,21954.689591666665,0.11452235812865333
3960,material_r_cable,3,True,0.9077469737491805,1.1786101558831557,86.25788514146416,766.8451970904829,17464.617792478755,2.8497523684128208,0.3509076827461164,49769.83591754102,0.2662901589160112,0.02373984,15119.2973886,9877.95909241,1601.09188112,1057.54451954,506.37558765,0.9342400063826344,0.9598031440800292,/home/chaoyu/phd_simulation/sensitivity_analysis/data/03960_verts.csv,/home/chaoyu/phd_simulation/sensitivity_analysis/data/03960_stress.csv,1.2077399944448717,1.2927513125039738,1.242584760265886,1.294624598731548,1.244802070050354,0.054758893587429046,0.7714329262307243,0.05988635984061956,10990.6485754717,9398.677691489363,0.23477875579620103
3962,material_r_cable,3,True,1.216122149408957,1.197380940996278,5.53652431199907,1734.9133060251809,5107.500797050492,3.0327779690527072,0.3297306991162137,15489.915894213877,0.2539236299048524,0.11085292,6709.65011037,4149.39494634,925.98526142,38.01008135,203.28776485,0.934562256422278,0.9861517521452168,/home/chaoyu/phd_simulation/sensitivity_analysis/data/03962_verts.csv,/home/chaoyu/phd_simulation/sensitivity_analysis/data/03962_stress.csv,1.2462515017179985,1.3335136243239047,1.3170007088898552,1.335494974302818,1.3125577901012626,0.057539308391957186,1.1179950980672808,0.05823174288756967,3343.586602222223,4370.069915217391,0.08004873828546376
3963,material_r_cable,3,True,0.9152569408634668,0.8049731146131991,14.003938276045764,1817.283884147618,3573.988670036356,1.0004099020078652,0.9995902659429476,3575.453655168292,0.2980712848412723,0.51388621,2041.39066761,1387.80802544,104.851515,72.18827244,51.43973154,0.954855895697858,0.964504556420835,/home/chaoyu/phd_simulation/sensitivity_analysis/data/03963_verts.csv,/home/chaoyu/phd_simulation/sensitivity_analysis/data/03963_stress.csv,1.839663325051106,1.9266397509192577,1.91105063022466,1.9813806140184007,,0.05323355777311136,,0.1401607017130921,1498.248077142857,1383.3005447368419,
3965,material_r_cable,3,True,1.1212531039561306,0.9555262011297369,87.84788996358601,913.0037667733748,4905.972033922413,4.207715930346851,0.2376586291835456,20642.93668097148,0.4750699292621959,0.15889319,2743.39828291,1214.64957995,141.44077528,321.20396574,59.24199209,0.9619074584716648,0.9431582472470332,/home/chaoyu/phd_simulation/sensitivity_analysis/data/03965_verts.csv,/home/chaoyu/phd_simulation/sensitivity_analysis/data/03965_stress.csv,1.3190979260165476,1.3713355836874457,1.2967122073809498,1.3748617595890174,1.283416803223902,0.05597916052588332,1.4913675635612649,0.05462289931774988,1083.8727954545454,1448.8938717391302,-0.07494303443056091
3966,material_r_cable,3,True,1.1151166245630657,1.2184794824209122,1.1243746164659854,1666.0369866223334,5904.28323050016,2.6314575081767706,0.3800175366285352,15536.870437301845,0.361903623562176,0.09338864,7201.88254227,4651.10617847,833.75396639,269.1311197,242.09801174,0.941218569133588,0.9564585569778412,/home/chaoyu/phd_simulation/sensitivity_analysis/data/03966_verts.csv,/home/chaoyu/phd_simulation/sensitivity_analysis/data/03966_stress.csv,1.2439475825648414,1.321635190123716,1.2661365179373658,1.3237756186091596,1.1176136239302228,0.057246496360444016,0.8323147670385732,0.05605117703176617,3791.1203272727275,4736.405327083333,0.1463124790700148
3967,material_r_cable,3,True,1.2496135389499976,1.3484915460368017,47.08097593787381,457.7390692940332,19363.086222640653,2.106627892031856,0.4746922813385394,40790.81751243255,0.2475214408712405,0.00727523,21673.74856093,17316.0475188,1018.25435021,909.09035857,964.48798121,0.9681438475782804,0.968626177864344,/home/chaoyu/phd_simulation/sensitivity_analysis/data/03967_verts.csv,/home/chaoyu/phd_simulation/sensitivity_analysis/data/03967_stress.csv,1.2492744033046297,1.290380976369958,1.251836165902416,1.2923831654668905,,0.05432651767292203,,0.05524610718884998,16590.14825869565,17024.703400000002,
3968,material_r_cable,3,True,0.8622567184187594,1.2229860460867823,74.29902008589615,1656.6826735866732,6469.77756598498,3.207475629384088,0.3117716595689377,20751.653870432725,0.312594459769996,0.0901671,7845.35775367,5594.21754452,278.38621978,498.09249763,315.88784007,0.9519914739115104,0.954787302731942,/home/chaoyu/phd_simulation/sensitivity_analysis/data/03968_verts.csv,/home/chaoyu/phd_simulation/sensitivity_analysis/data/03968_stress.csv,1.2546387223669178,1.3179096207783252,1.259604773523531,1.319251701315478,1.0400829062643266,0.053870247600989116,1.0693284103643714,0.05671584963324668,5778.96355510204,5386.969172340426,-0.01386429657862342
3970,material_r_cable,3,True,0.9085400987021232,1.0141171983059292,54.19560327104694,1078.2385789870905,10003.216871351447,3.41511842212731,0.2928156146857977,34162.17021788704,0.1962342287962452,0.16478325,4904.69795113,2432.77712047,469.95936526,71.59576204,101.68413743,0.933211493878231,0.9800858058781984,/home/chaoyu/phd_simulation/sensitivity_analysis/data/03970_verts.csv,/home/chaoyu/phd_simulation/sensitivity_analysis/data/03970_stress.csv,1.289616062174326,1.3819118931068377,1.360010761070708,1.387644584702541,2.591852661007394,0.05724986031113554,1.530330904234044,0.0625523694227947,2770.9975522727277,2408.665211111111,0.25751443136210167
3971,material_r_cable,3,True,1.094648726532579,1.3991752878046615,19.537683410592702,924.3222282149252,7802.915205335045,2.6808030860957217,0.373022548797638,20918.079163005423,0.2279444116097661,0.02669065,14506.73442767,10016.95986533,1201.4195058,203.30536036,564.95175915,0.9505380229370368,0.9787319971669975,/home/chaoyu/phd_simulation/sensitivity_analysis/data/03971_verts.csv,/home/chaoyu/phd_simulation/sensitivity_analysis/data/03971_stress.csv,1.2285758876408512,1.2925057788269367,1.2671052831586007,1.294639683617495,0.844863165292619,0.05604745546786074,0.6480730098232071,0.056238663904297444,8965.696208510639,9944.106281249999,0.13181417849570448
3972,material_r_cable,3,True,1.1421055160358513,1.3880613490919251,67.07805574071274,1451.942293745641,12688.89569058848,4.798357779661833,0.2084046346519987,60885.86135225274,0.4685262665108411,0.01276352,43740.44801576,34831.21030554,597.50931391,1999.05869873,1930.32964777,0.979140790487856,0.9593011793606452,/home/chaoyu/phd_simulation/sensitivity_analysis/data/03972_verts.csv,/home/chaoyu/phd_simulation/sensitivity_analysis/data/03972_stress.csv,1.2637765384377138,1.29069950993262,1.2400707053488642,1.292681310133848,,0.054121950031031985,,0.05454717446180526,34438.59017608697,33949.2831,
3973,material_r_cable,3,True,1.2186054421740031,1.261352038502478,37.50048937405684,1683.6842453505803,7222.938651041654,4.486601588137287,0.2228858480868974,32406.44802278168,0.1626559061086932,0.06130925,12239.43951089,9737.67548093,396.33596847,115.63077011,459.15811337,0.9745988550911552,0.9886236322723388,/home/chaoyu/phd_simulation/sensitivity_analysis/data/03973_verts.csv,/home/chaoyu/phd_simulation/sensitivity_analysis/data/03973_stress.csv,1.267443133307792,1.3004767312077818,1.2878049494161732,1.3026240799607127,0.9884415578649999,0.05383895180500235,0.8402462151173703,0.05588694387088777,9266.20584222222,9705.827716666667,0.08103917187893742
3974,material_r_cable,3,True,1.010678092954659,0.9603518032317556,25.50014180975332,721.891056288932,8295.891646863425,4.43822362011576,0.2253153706513592,36819.02225703029,0.2813417694030861,0.16890062,2729.42646964,983.43469628,327.8344939,77.38947828,35.13175082,0.9506383533972002,0.9778366789312526,/home/chaoyu/phd_simulation/sensitivity_analysis/data/03974_verts.csv,/home/chaoyu/phd_simulation/sensitivity_analysis/data/03974_stress.csv,1.3176306808835725,1.386048307618653,1.3510915930701937,1.3817149859288342,2.2409008573269658,0.05500290105863354,1.1966219220118772,0.05879025081322587,1243.589284090909,1095.359897826087,0.30378822260952126
3975,material_r_cable,3,True,1.2274530518548774,1.084964817656767,61.46300873164199,645.6191337294699,8790.348784592632,4.900608553349348,0.2040562899716902,43078.058440698696,0.132473587216881,0.04142322,6445.42943313,4124.58572141,474.06224888,154.28912989,218.22573923,0.964416924775762,0.9862016708846972,/home/chaoyu/phd_simulation/sensitivity_analysis/data/03975_verts.csv,/home/chaoyu/phd_simulation/sensitivity_analysis/data/03975_stress.csv,1.249756730752146,1.2958676881813629,1.2799056695248046,1.297813324912168,0.8515336154545374,0.053989193520818636,0.7341692082611257,0.05696168213286555,4143.622189130435,4050.6486291666665,0.07401412511734079
3977,material_r_cable,3,True,1.073170733353462,1.205905132107559,6.920593229646382,1003.7901192130768,6438.586285640893,1.9555008664117075,0.5113779375792217,12590.661060037304,0.2403540035751576,0.08881191,4508.16496089,3101.28697358,421.29595739,164.89737182,161.96709249,0.9539798485181742,0.9651316588695414,/home/chaoyu/phd_simulation/sensitivity_analysis/data/03977_verts.csv,/home/chaoyu/phd_simulation/sensitivity_analysis/data/03977_stress.csv,1.2562291781005583,1.316829889071421,1.272953914003239,1.3189432781577697,1.0584002237243006,0.05545657991944301,0.8079354113194068,0.055614222022379055,2616.2656933333333,3190.272677083333,0.13420137712744698
3978,material_r_cable,3,True,1.3130994011319994,1.085491991919746,3.502470872745033,415.9905003825231,1800.918456930146,4.019834661023048,0.2487664504453772,7239.394434843944,0.1111472207078472,0.10301657,1438.16177702,901.6000255,64.74115985,179.12488913,50.07064945,0.9730180568420816,0.9411773940914075,/home/chaoyu/phd_simulation/sensitivity_analysis/data/03978_verts.csv,/home/chaoyu/phd_simulation/sensitivity_analysis/data/03978_stress.csv,1.2919292459007472,1.3277546462947336,1.2514389858610369,1.3296526177927903,1.1002223876965624,0.05535254900543743,1.028550280404666,0.054293299665376965,819.1712355555555,992.2610404255321,0.033668276733290085
3979,material_r_cable,3,True,1.3527020875215523,0.9378852622916471,63.92473528443832,1944.6246529486828,16427.801500748712,1.7224662637663235,0.5805628946330782,28296.33387288944,0.4464570276429502,0.06735498,8702.57075213,7107.57635448,426.82052802,329.31408646,475.11334026,0.9743017627693092,0.9753399422078616,/home/chaoyu/phd_simulation/sensitivity_analysis/data/03979_verts.csv,/home/chaoyu/phd_simulation/sensitivity_analysis/data/03979_stress.csv,1.2696843480061808,1.303173612657017,1.2729961536345482,1.3051820176182745,1.0326676136846749,0.05448792439502789,0.7864529875536941,0.05492212683728826,6709.092322222223,7153.348110416667,0.13534815996441896
3980,material_r_cable,3,True,0.87396610586294,1.17188293815299,62.991834849838256,211.83771595537223,12493.106808608834,2.640003834361268,0.3787873286335373,32981.84987781218,0.4421950220095226,0.01186817,7418.4049725,6237.09020386,185.99698,182.66950117,335.13157231,0.9789134974272669,0.9832526407465966,/home/chaoyu/phd_simulation/sensitivity_analysis/data/03980_verts.csv,/home/chaoyu/phd_simulation/sensitivity_analysis/data/03980_stress.csv,1.2634092644210058,1.2906240109482985,1.2709693939982287,1.2926173206442293,,0.0536244073768493,,0.05584053207721319,6192.1073913043465,6149.5693,
3981,material_r_cable,3,True,1.3276052912804268,1.0560216054477276,10.070183704579598,324.9456818937947,17008.161538785953,3.4438039084908803,0.2903765796694891,58572.77318351533,0.4182345681088831,0.00654122,16305.78966331,9930.86239271,2010.73677043,1790.15932588,610.46678409,0.9493651190196282,0.946072714191304,/home/chaoyu/phd_simulation/sensitivity_analysis/data/03981_verts.csv,/home/chaoyu/phd_simulation/sensitivity_analysis/data/03981_stress.csv,1.2250723676167483,1.2904122376876792,1.222716891454498,1.2924132290398709,,0.05658208348601676,,0.05601331469112765,8738.137208695653,9995.566314893618,
3982,material_r_cable,3,True,0.9004479813820802,1.3788426003747984,36.579141609815245,697.4937276326821,14070.60749101114,1.0940201893873738,0.914059913793709,15393.528672111408,0.1059037901835438,0.02884267,9807.68562006,7285.67272135,225.65197398,840.37296388,418.41691936,0.979931138546084,0.9435315416094906,/home/chaoyu/phd_simulation/sensitivity_analysis/data/03982_verts.csv,/home/chaoyu/phd_simulation/sensitivity_analysis/data/03982_stress.csv,1.2674937518418208,1.2934518579768688,1.222393314010091,1.2955510866387294,0.8966643468671526,0.05743359997134627,0.7282567894457574,0.054846659338249434,7206.836239583335,7702.006538297874,0.10364044977809003
3983,material_r_cable,3,True,0.9553809588114408,1.0105183449575723,10.742740145143276,1062.875441531815,12828.246880643212,3.8396558039033777,0.2604400110508354,49256.05258916711,0.4130309569525291,0.13765153,4638.69769373,2385.39025809,382.64747913,184.81184308,99.25074429,0.9648952015877076,0.9687972079424731,/home/chaoyu/phd_simulation/sensitivity_analysis/data/03983_verts.csv,/home/chaoyu/phd_simulation/sensitivity_analysis/data/03983_stress.csv,1.3063933895499495,1.3539225683787384,1.3060909080688237,1.3481571760953908,1.7881872484586037,0.05625064632738101,1.017649563772591,0.055495205694052,1806.5228911111112,2686.834939130435,0.27461956494657397
3984,material_r_cable,3,True,1.2988075412486957,1.17891001839363,55.45454646340397,1678.1248953268876,14844.83663613842,2.153156269395329,0.4644344742710337,31963.25307125091,0.1707494334103213,0.05147419,11208.7079769,7350.77366611,1333.65017145,419.70628427,429.67481805,0.9483490618642318,0.9743701229295636,/home/chaoyu/phd_simulation/sensitivity_analysis/data/03984_verts.csv,/home/chaoyu/phd_simulation/sensitivity_analysis/data/03984_stress.csv,1.2327287536489282,1.2998681637599478,1.2684514660173605,1.3018168724258552,0.9372512090629698,0.05560902379985136,0.7662142910523472,0.05705433774842811,7177.685352173913,7288.538160416666,0.1004052726627244
3985,material_r_cable,3,True,1.29066182337433,1.298250105922495,54.38739497531248,1520.383571424135,9841.192304560682,2.1683395353161776,0.4611823857439303,21339.046348628253,0.4694107549780687,0.03127893,16640.48566094,10907.70282171,3158.70918148,183.3006058,623.57608979,0.9303248704415258,0.9865918493664748,/home/chaoyu/phd_simulation/sensitivity_analysis/data/03985_verts.csv,/home/chaoyu/phd_simulation/sensitivity_analysis/data/03985_stress.csv,1.2040646717249897,1.2942410871522212,1.2788346723428297,1.2962145117700032,1.0049840101484369,0.056640481348088044,0.7292727411859095,0.06001407092303881,9916.752883999998,10782.81405625,0.1589794987105535
3986,material_r_cable,3,True,1.3530036779444492,0.9876806609337614,88.74489548064528,664.0818314837937,7263.351680773293,4.957692512050963,0.2017067411036968,36009.46424016253,0.2913102878895244,0.04490321,5054.34168055,2969.54635019,957.94385028,132.15653607,196.66234162,0.9417332620144736,0.985079681081388,/home/chaoyu/phd_simulation/sensitivity_analysis/data/03986_verts.csv,/home/chaoyu/phd_simulation/sensitivity_analysis/data/03986_stress.csv,1.2229079107515888,1.298571432143801,1.2811603245692686,1.300565171705555,1.047493649375055,0.058081761305089366,0.7171097435478682,0.05804711013652306,2890.16003125,3073.983054166667,0.1872284203647215
3987,material_r_cable,3,True,1.3396982416169276,1.3507478630449454,67.72352157578963,1497.9588443315954,18978.266241423007,2.806920272251401,0.3562623455627796,53270.48024523464,0.3812148713722024,0.01540132,34335.80387584,27280.85065614,1073.8929433,1759.52238063,1480.00485942,0.9709292587887906,0.961618996243942,/home/chaoyu/phd_simulation/sensitivity_analysis/data/03987_verts.csv,/home/chaoyu/phd_simulation/sensitivity_analysis/data/03987_stress.csv,1.253408182832242,1.290936668646526,1.2433007581817277,1.2929244982035786,,0.054344866953659095,,0.05478740139794788,26573.56557608696,26418.90564042553,
3988,material_r_cable,3,True,1.3513000426130668,1.290828078840717,6.981791699432671,1968.163965258764,3540.150138650259,1.4418776060594696,0.6935401422405859,5104.463207008135,0.1529059108134593,0.19248274,3257.90160853,2458.03472035,362.59415183,192.32944061,116.44331222,0.9347090187672312,0.9491168939553652,/home/chaoyu/phd_simulation/sensitivity_analysis/data/03988_verts.csv,/home/chaoyu/phd_simulation/sensitivity_analysis/data/03988_stress.csv,1.3168021412812274,1.4087829632990287,1.338305670500867,1.4100535761444408,1.2071871502048999,0.05545005526261694,1.2267031235963366,0.05567276214773176,2295.690575,2570.2729200000003,-0.008018427782677645
3989,material_r_cable,3,True,0.9621559122493948,0.9631768071732676,48.310560238120544,1860.3589812765688,5599.1548667950365,1.5866639620047462,0.6302531751817835,8883.97724482717,0.1670909945905873,0.34998707,2336.51504564,1620.26992874,140.13977628,115.71814964,36.98674101,0.9583370133810004,0.9616754892674266,/home/chaoyu/phd_simulation/sensitivity_analysis/data/03989_verts.csv,/home/chaoyu/phd_simulation/sensitivity_analysis/data/03989_stress.csv,1.5511408507553883,1.6185755418993824,1.5579352679780816,1.6200218112711455,1.5795405069037998,0.05513528129958068,1.6288703187558915,0.05633614860773723,1625.1082621621622,1729.2795261904762,-0.01537515440902082
3990,material_r_cable,3,True,1.289595512252632,1.1728420058546014,14.623966132698875,1415.1917101082358,17797.555626979676,3.562882618983932,0.2806716097442417,63410.60160376555,0.3394011347871387,0.01749118,29507.16680035,16034.05687659,5642.53629416,3663.07151241,851.65994832,0.9302078971065754,0.9320350140070526,/home/chaoyu/phd_simulation/sensitivity_analysis/data/03990_verts.csv,/home/chaoyu/phd_simulation/sensitivity_analysis/data/03990_stress.csv,1.201975724280608,1.292158159503236,1.2062196954611373,1.2941785204777831,,0.05894768772701744,,0.057268383605909495,13172.026889361701,16498.6999122449,
3991,material_r_cable,3,True,0.807985959454302,1.0340483558727611,11.043587889295807,1260.4871028534972,8137.985327825484,3.497929041768241,0.285883443620254,28466.0952196846,0.3630690652494162,0.19349149,3864.49399663,2922.91994323,29.30974057,114.68718524,141.63669474,0.9788498932006174,0.9595868071483856,/home/chaoyu/phd_simulation/sensitivity_analysis/data/03991_verts.csv,/home/chaoyu/phd_simulation/sensitivity_analysis/data/03991_stress.csv,1.4143590919186826,1.4449192892017884,1.336699660303583,1.3929950373910078,3.2433563889185293,0.06264643330205263,2.260231368014502,0.05527502951805717,2725.765659090909,2973.6982063829787,0.17863347771016383
3992,material_r_cable,3,True,0.9253066676178504,1.1200111503141996,19.455626329839983,760.8432912900943,11194.439819450934,3.663438402290036,0.2729676031607067,41010.14072670128,0.151726383604986,0.04948609,9495.48631029,5576.28268231,694.31366721,378.77641627,258.27180338,0.9571595968194312,0.954495551198068,/home/chaoyu/phd_simulation/sensitivity_analysis/data/03992_verts.csv,/home/chaoyu/phd_simulation/sensitivity_analysis/data/03992_stress.csv,1.2476422762057129,1.30348405882523,1.2431053253937645,1.3023689045312343,1.3302544078861807,0.05831076860607552,0.9702556028279707,0.05466764093969956,4778.114006521739,5891.565270212765,0.15648651967676283
3994,material_r_cable,3,True,1.1573432285304657,1.0894682235569255,17.9844317001328,547.6341902979307,3191.8103461184687,4.964189081638846,0.2014427701190355,15844.750070863209,0.3647000837625523,0.0021674,7568.68038504,2100.48014912,883.53387419,9222.93386225,108.6365702,0.9617089713378736,0.9348040180287496,/home/chaoyu/phd_simulation/sensitivity_analysis/data/03994_verts.csv,/home/chaoyu/phd_simulation/sensitivity_analysis/data/03994_stress.csv,1.2576623486880791,1.307736941393499,1.2243406021315244,1.3097297171586078,,0.07691316894421442,,0.18600326669836226,1842.1753159090906,2995.200851923077,
3996,material_r_cable,3,True,1.2302071447820553,1.1279132578361863,16.037061170672498,1314.4925486993052,1394.4360657812365,3.30598831324677,0.3024814080537122,4609.989337042572,0.4746096932745106,0.23503211,2234.28411904,1777.99950998,71.01610736,36.35385348,70.37883483,0.9727116860289836,0.979585161359527,/home/chaoyu/phd_simulation/sensitivity_analysis/data/03996_verts.csv,/home/chaoyu/phd_simulation/sensitivity_analysis/data/03996_stress.csv,1.3933186535847517,1.432406615029847,1.401831616515168,1.431046193645504,1.6217624776883555,0.05418112517998909,1.477057526208916,0.05536086580009675,1676.2954627906977,1908.5300511111113,0.04669679145527953
3998,material_r_cable,3,True,1.0044720019047155,1.334978970042975,10.42388132882698,383.25628217897895,14665.371200875335,2.459879654074892,0.4065239526427477,36075.04823648911,0.1649344903181108,0.00876193,16760.95401089,13842.04274952,743.79063178,491.35498036,765.87311542,0.9720411924212796,0.9660644389002034,/home/chaoyu/phd_simulation/sensitivity_analysis/data/03998_verts.csv,/home/chaoyu/phd_simulation/sensitivity_analysis/data/03998_stress.csv,1.2543703469044132,1.2904497841082985,1.248608147918056,1.292468801915024,,0.05562779959834354,,0.05482944487399541,12915.763813043479,14064.543012499998,
3999,material_r_cable,3,True,1.1858007899287355,1.1573544106370182,83.23424569195454,1129.0722407858198,7766.793491243189,4.720264569422727,0.2118525318427854,36661.32013473827,0.4490882623516973,0.03816873,12431.50935084,8715.13657334,501.09013834,688.38860584,434.14462757,0.9618185594335008,0.9632274546691174,/home/chaoyu/phd_simulation/sensitivity_analysis/data/03999_verts.csv,/home/chaoyu/phd_simulation/sensitivity_analysis/data/03999_stress.csv,1.2455868913209551,1.2950331214804074,1.2492307987055038,1.2969219187534815,0.845638184933969,0.05452860376554308,0.7025145373376563,0.055250287621254224,8387.529830434783,8263.521195744683,0.09244801597241997
4000,material_r_cable,3,True,1.0161776254241464,1.110948655105083,9.072678944711768,1852.9230570076152,14140.469675188016,4.970139006378274,0.2012016160346181,70280.09990116108,0.2203066057970842,0.05512521,19103.70436919,9112.5866286,3253.17797317,627.74452117,417.66198136,0.9316178769241812,0.9513084458612934,/home/chaoyu/phd_simulation/sensitivity_analysis/data/04000_verts.csv,/home/chaoyu/phd_simulation/sensitivity_analysis/data/04000_stress.csv,1.2172534462099784,1.306601640394502,1.244995066655772,1.3087186096919188,1.5754202657474259,0.059451734993375104,0.8818481036407503,0.05801094930276484,7452.120104347825,9665.56549375,0.28225332273306597
4001,material_r_cable,3,True,0.9038120908689846,1.130306257431955,7.551007834999228,510.35793741190633,4131.771886035251,4.419541242493345,0.226267828521459,18260.536254907303,0.1120849542728765,0.08128546,3090.54464097,2812.56463462,19.51271928,48.86474796,133.57027303,0.9836557064085316,0.978010145083855,/home/chaoyu/phd_simulation/sensitivity_analysis/data/04001_verts.csv,/home/chaoyu/phd_simulation/sensitivity_analysis/data/04001_stress.csv,1.31268343586548,1.3344948108503083,1.281959757925543,1.3107837013445574,2.013334953132101,0.07183483078543147,1.2645050038221797,0.055622353094942956,2745.87578,2870.0459297872335,0.22845226098400576
4003,material_r_cable,3,True,0.9933170597967502,0.916905209409254,39.39586368409677,306.6652385301284,10627.4980152996,1.0235770840473266,0.97696599072529,10878.063429219115,0.1934953375314677,0.17704711,1336.90694716,644.42927948,73.30341083,121.79590127,24.7372124,0.9663937966832424,0.9496824953962753,/home/chaoyu/phd_simulation/sensitivity_analysis/data/04003_verts.csv,/home/chaoyu/phd_simulation/sensitivity_analysis/data/04003_stress.csv,1.3451209667521715,1.3918973521650884,1.3292666603866483,1.3996958634390575,2.7140254345696344,0.05635962914363448,2.9072335536672003,0.058768904249961236,661.7262279069768,697.4328999999999,-0.03437096911952949
4004,material_r_cable,3,True,1.224563572894354,0.8788376563557125,43.24640800775568,829.2706459692963,10687.487068798086,1.4353619147806305,0.6966884029055712,15340.411903263248,0.1909900354355632,0.10412433,4955.97247911,3157.70977543,414.49173134,10.06934355,160.94995582,0.9319648317189368,0.9895098095929368,/home/chaoyu/phd_simulation/sensitivity_analysis/data/04004_verts.csv,/home/chaoyu/phd_simulation/sensitivity_analysis/data/04004_stress.csv,1.2567648527090294,1.3485110273861132,1.3300449719282934,1.344145312187906,2.368567077100168,0.059038207823415234,2.3830970280108272,0.06943246594695204,3390.3551808510642,3251.024317021276,-0.0030578657475031495
4005,material_r_cable,3,True,1.3871388409803558,1.1531372192801803,38.41505211750687,1719.2976714384265,4644.974201251378,4.470555541614304,0.223685846354322,20765.615156059823,0.214157321664089,0.09356158,7473.56662182,4494.67393936,378.4744281,839.15809444,224.90675027,0.9589370873367136,0.9341302261383256,/home/chaoyu/phd_simulation/sensitivity_analysis/data/04005_verts.csv,/home/chaoyu/phd_simulation/sensitivity_analysis/data/04005_stress.csv,1.2693417550274946,1.3236965926022088,1.238309719824836,1.325628574234218,1.0350948140409113,0.055971427745738635,1.0345799989486775,0.054663071142319414,4135.425504444444,4608.034417021277,0.00024874201927895965
4006,material_r_cable,3,True,1.0452699414323834,1.303639630221429,29.833460775322795,1988.7316854072824,5716.17555839093,4.5829748503173375,0.21819888449328,26197.088824104296,0.3299466907418905,0.06669178,11363.37391655,10019.27884886,209.96113065,196.3189211,535.87866661,0.9837580012452556,0.977197139470772,/home/chaoyu/phd_simulation/sensitivity_analysis/data/04006_verts.csv,/home/chaoyu/phd_simulation/sensitivity_analysis/data/04006_stress.csv,1.2808006533271092,1.3019468728140993,1.274667806241873,1.3044121342109172,1.0704980865135467,0.05423243650352253,0.8268559806809405,0.05518685803986031,9728.005384444443,10046.764708333334,0.12841151266661915
4007,material_r_cable,3,True,1.2200080512996363,0.9054001258284844,27.178271970314565,395.00899242661376,4182.452310149491,4.750002421309107,0.2105262084738893,19866.658600219947,0.2932265934930016,0.13548745,1948.05381748,1300.03365012,25.94888193,119.15936204,64.47538783,0.9875047083098422,0.9492720251706656,/home/chaoyu/phd_simulation/sensitivity_analysis/data/04007_verts.csv,/home/chaoyu/phd_simulation/sensitivity_analysis/data/04007_stress.csv,1.3256331820473577,1.3424069484349468,1.2865235711683711,1.3552738699289832,2.837320738716651,0.055480338803457964,3.0247641751028262,0.06718591862413148,1298.1937255813957,1233.2453260869565,-0.03197555803811196
4008,material_r_cable,3,True,0.9173009510810218,1.1642700685865228,38.12432111916856,992.4511577916442,19657.774741413643,1.2325887970284664,0.8113005751884221,24229.952920775613,0.2919492281386345,0.06988637,7599.10354746,4710.90179137,192.99705747,719.08055812,227.85829583,0.9791008820212026,0.9432417080135902,/home/chaoyu/phd_simulation/sensitivity_analysis/data/04008_verts.csv,/home/chaoyu/phd_simulation/sensitivity_analysis/data/04008_stress.csv,1.282420281605103,1.3097938171169288,1.2371487429911252,1.3115924926565063,1.099234815417477,0.057494986151516665,1.0928517273091356,0.05435349574375517,4616.541730434782,5214.496338297873,0.002911877785811209
4009,material_r_cable,3,True,0.888693707926588,1.345747709844948,31.661489842961736,1412.0256343841097,9712.344005044582,2.9424965030054944,0.3398474727084944,28578.53827083006,0.2495416636357067,0.03271476,16920.59502322,11720.69471459,1168.74691407,773.52102867,719.15916704,0.951339702381691,0.9493350026615276,/home/chaoyu/phd_simulation/sensitivity_analysis/data/04009_verts.csv,/home/chaoyu/phd_simulation/sensitivity_analysis/data/04009_stress.csv,1.2311055094586656,1.2940756139752996,1.230623747067716,1.2963008249117285,0.8825378217748238,0.056835606179107,0.6643704230003707,0.05598855532797405,10949.2248,11799.653544680852,0.14103447926619483
4010,material_r_cable,3,True,1.1356987364919982,1.3043580690769092,47.7418548656678,1941.527843261984,16635.379511383457,2.687071740828651,0.3721523265663222,44700.458182998416,0.1666818300784661,0.03597158,23281.24906951,15451.34046824,2128.41827378,584.24038488,804.0938517,0.9439614430947628,0.9732387003240676,/home/chaoyu/phd_simulation/sensitivity_analysis/data/04010_verts.csv,/home/chaoyu/phd_simulation/sensitivity_analysis/data/04010_stress.csv,1.2224346857082344,1.2950048909842136,1.2622966993003453,1.2970062728496388,0.9009512419989294,0.056344065856484854,0.7080613188181002,0.0573844260926622,15050.119169999998,15236.521697916667,0.1198809306267211
4012,material_r_cable,3,True,0.9961943066442748,1.353998665555706,35.88918776106159,1671.1794383051308,11047.041624378078,1.256114746254292,0.7961056129481634,13876.351886866272,0.3834677646261769,0.07537549,6953.54475041,6201.80564205,156.79689561,106.82722248,385.98435796,0.984725748784742,0.9865210936367474,/home/chaoyu/phd_simulation/sensitivity_analysis/data/04012_verts.csv,/home/chaoyu/phd_simulation/sensitivity_analysis/data/04012_stress.csv,1.2848942175594706,1.3048244337524115,1.2893689413405016,1.3069856789248415,1.1002064140711276,0.053798616715171506,0.8972959657970816,0.05537352782612601,6047.388806666665,6208.303783333334,0.10158208086211823
4013,material_r_cable,3,True,0.9211846495342308,1.1205265726734095,65.28060593561733,983.4160368393924,15396.026702955634,3.450015614481342,0.2898537606040183,53116.53252616863,0.3808373609636203,0.04810926,10262.23613225,7157.95858364,311.28689266,493.34426702,350.35818398,0.972434104771329,0.9696113858147232,/home/chaoyu/phd_simulation/sensitivity_analysis/data/04013_verts.csv,/home/chaoyu/phd_simulation/sensitivity_analysis/data/04013_stress.csv,1.2619789816789355,1.2977526965446096,1.2601870736435636,1.2996826275762865,0.8624506143062967,0.05385481019123182,0.7767860608496847,0.05578333168211562,7195.300734782611,6946.579002083334,0.05225880725762834
4015,material_r_cable,3,True,1.0143840982702343,1.135356840312001,81.57592792455719,1006.4901626757572,6274.420833552089,4.162249028117692,0.2402547260494486,26115.702016453582,0.3008589384302942,0.06080159,8790.27775166,4273.90780436,436.8209871,1303.6772376,206.2893765,0.9415135770585096,0.9315154931190808,/home/chaoyu/phd_simulation/sensitivity_analysis/data/04015_verts.csv,/home/chaoyu/phd_simulation/sensitivity_analysis/data/04015_stress.csv,1.2328555555175311,1.30944001824088,1.2213938427770508,1.3111900465416233,1.1406607968010207,0.056740027986506146,1.341027796542052,0.05797467345020138,4430.804282,4161.354917391304,-0.08073817169426474
4016,material_r_cable,3,True,1.1394268626589996,1.2259479694607176,51.1566114111585,610.624029103693,15194.362390241464,4.443790871794896,0.2250330919816865,67520.56889249869,0.4917973369517299,0.00872142,27567.17268746,22592.01356215,308.31455469,827.72645807,1171.45090578,0.9882746418402936,0.9719647419157648,/home/chaoyu/phd_simulation/sensitivity_analysis/data/04016_verts.csv,/home/chaoyu/phd_simulation/sensitivity_analysis/data/04016_stress.csv,1.2752936565036512,1.2904243441164207,1.2561920021517048,1.2924254841546223,,0.05372445399184797,,0.05472793182854942,22200.63189777778,22155.51013125,
4017,material_r_cable,3,True,1.0032188222170344,1.284946807749667,19.99224137390426,1271.9781776079892,17566.298267401125,4.091770377332836,0.2443929907552232,71877.25888994503,0.307717452751842,0.01436828,36839.22423417,24409.94322927,2869.28118727,2161.27586402,1339.77934033,0.9495623736111884,0.9406841586423684,/home/chaoyu/phd_simulation/sensitivity_analysis/data/04017_verts.csv,/home/chaoyu/phd_simulation/sensitivity_analysis/data/04017_stress.csv,1.2259144525976553,1.2910309913981732,1.216384244783566,1.2930846486658163,,0.05807146908642846,,0.05582839999971114,21652.06045434783,24687.91282553192,
4018,material_r_cable,3,True,0.9144165178350998,1.3391320448060888,49.54869801309012,1265.320207054059,2523.617437980827,1.269146743457941,0.7879309505813181,3202.84085314704,0.3374580283519882,0.20120261,2230.87981767,1660.00629498,106.665027,187.71985148,99.73902551,0.9509050532135874,0.9329014076978196,/home/chaoyu/phd_simulation/sensitivity_analysis/data/04018_verts.csv,/home/chaoyu/phd_simulation/sensitivity_analysis/data/04018_stress.csv,1.3466889072849502,1.4162180574535908,1.3235832590097245,1.418781500476042,1.3123308937098028,0.05794470895013938,1.2436960158135544,0.054869989458455205,1660.854825581395,1666.3215413043479,0.026852173441729275
4021,material_r_cable,3,True,0.9396277396479384,1.0009516397936935,42.55418700966569,1474.3323243589334,8388.465133957176,4.28774015722631,0.2332230879976851,35967.55881236096,0.4108061184031234,0.18852136,4761.27805497,2559.19920933,56.54604705,318.42334447,103.76545097,0.9877432211646068,0.9505345144852184,/home/chaoyu/phd_simulation/sensitivity_analysis/data/04021_verts.csv,/home/chaoyu/phd_simulation/sensitivity_analysis/data/04021_stress.csv,1.3774382888218768,1.3945307437268937,1.3249704630264418,1.3939214650653764,1.5530952819564963,0.05642645168986371,1.3118543504567137,0.055621245804205514,2636.3091909090913,2787.8256,0.0842042487485478
4023,material_r_cable,3,True,1.3780952798341075,0.8562704079497914,25.99546615428251,411.5240375971824,12673.452092812837,1.6925900971800325,0.5908104990488049,21450.95950938056,0.2993704926479255,0.03136432,8833.78028822,5960.00484243,804.59465198,55.72940478,354.06323051,0.9409092269859316,0.9831389121813668,/home/chaoyu/phd_simulation/sensitivity_analysis/data/04023_verts.csv,/home/chaoyu/phd_simulation/sensitivity_analysis/data/04023_stress.csv,1.2216442723148466,1.2983657055082876,1.286633187107611,1.3086992806060926,1.0814180417455572,0.059812042886553084,1.0896614298587546,0.08197182335460791,6759.850333333333,6044.911954166667,-0.003796907584919466
4024,material_r_cable,3,True,0.8136481782656219,1.0280494103230684,44.329046772563714,1847.309209045585,2357.671888148191,2.63520211484664,0.3794775339493065,6212.941945762584,0.3301616669099257,0.39105158,2426.70712711,1945.20662403,28.27053419,57.32106605,102.44565056,0.9861570727973168,0.9733493105284824,/home/chaoyu/phd_simulation/sensitivity_analysis/data/04024_verts.csv,/home/chaoyu/phd_simulation/sensitivity_analysis/data/04024_stress.csv,1.659860215004251,1.683160077426529,1.6336039102704092,1.67833263207783,1.938798094185939,0.05726217221129567,1.7561916009823801,0.05268776662374999,2060.522005882353,2041.965776923077,0.04942002773169861
4025,material_r_cable,3,True,0.999192430402525,1.1322899111604876,83.50392786808837,453.313990859657,3971.026695070052,1.911641863129176,0.5231105361770509,7591.180869899408,0.1157249418450568,0.10230839,2185.19718342,1235.01781987,182.39863783,233.47263384,57.41698199,0.936651431845522,0.9409696544574472,/home/chaoyu/phd_simulation/sensitivity_analysis/data/04025_verts.csv,/home/chaoyu/phd_simulation/sensitivity_analysis/data/04025_stress.csv,1.2505519246327537,1.3351305321433615,1.2592763090476164,1.3382751538079103,1.585403712001289,0.055217378558154145,1.5171377741159187,0.058193466986848484,1432.7548,1201.0817468085106,0.022003231283396717
4026,material_r_cable,3,True,1.3914479139697271,1.2393263023671603,13.130223512924667,1254.1950395723477,1167.8039259013533,2.0592628675975577,0.4856106598797907,2404.8152612433064,0.1221217491539193,0.28708028,1682.62684576,1199.05339469,146.24709788,97.03754026,39.78880666,0.930725742351853,0.940080572275114,/home/chaoyu/phd_simulation/sensitivity_analysis/data/04026_verts.csv,/home/chaoyu/phd_simulation/sensitivity_analysis/data/04026_stress.csv,1.4283719007416458,1.5346861440968524,1.4421686339840372,1.534090456197607,1.3935725904583969,0.055023848659851445,1.4444116554731736,0.05496327042081089,1114.4556976190477,1300.0217674418602,-0.01791379394993392
4028,material_r_cable,3,True,0.8507756230860908,1.1334583060726842,21.110720805289933,555.8469011048187,12138.461515386412,3.7603469535426326,0.265932907881784,45644.82678007778,0.3055425286315106,0.03645899,8793.3419169,6630.30946441,162.33142834,590.47981042,330.5900021,0.9699889222588264,0.941709908776759,/home/chaoyu/phd_simulation/sensitivity_analysis/data/04028_verts.csv,/home/chaoyu/phd_simulation/sensitivity_analysis/data/04028_stress.csv,1.2806108782852972,1.320232477813377,1.224124650733351,1.2998956890274591,1.4431710173458268,0.07443178256241656,1.0391332745325639,0.05693628264650459,6423.10455652174,7139.278452083333,0.1627672095380065
4029,material_r_cable,3,True,1.0114600745370894,0.9457630687753744,66.12892315590791,1105.2722740057743,1164.194536664997,1.972195576933831,0.5070491039000798,2296.019315901238,0.3050383214418818,0.46392186,1263.06637111,868.25525777,61.78918302,41.7556762,18.1686521,0.954631606425376,0.9640245576689002,/home/chaoyu/phd_simulation/sensitivity_analysis/data/04029_verts.csv,/home/chaoyu/phd_simulation/sensitivity_analysis/data/04029_stress.csv,1.7405079597433335,1.823224737195405,1.7693471203137587,1.8353755682243225,1.613897446152345,0.05468447992403429,1.821858133157678,0.05547982918547613,924.5935305555554,915.5782025641025,-0.060528370602863486
4030,material_r_cable,3,True,1.0037838661768703,1.28932770649595,36.08948490878135,1641.7464968029296,15233.33360944268,2.198931891994633,0.45476624521231,33497.06309519723,0.4129257889641543,0.03184522,20217.12337656,12266.40545995,2371.62760608,1144.88316704,720.77484332,0.938609554240327,0.948553676056935,/home/chaoyu/phd_simulation/sensitivity_analysis/data/04030_verts.csv,/home/chaoyu/phd_simulation/sensitivity_analysis/data/04030_stress.csv,1.2150657004784997,1.2945379630851137,1.22990375691873,1.2966095519563483,0.914458381213793,0.05917952810269377,0.6674776529540677,0.05678991067372359,11193.234510416665,12216.511014893616,0.15612560996478186
4033,material_r_cable,3,True,1.2550035518955391,1.1586380551234785,84.53307227573823,1926.0333442016288,11447.639190731506,1.2943858825302654,0.7725671405231955,14817.662556783054,0.1972519687930257,0.1087273,5551.22833134,4146.87325034,205.82269916,493.48602195,238.81127478,0.9763634485437128,0.9548963189468906,/home/chaoyu/phd_simulation/sensitivity_analysis/data/04033_verts.csv,/home/chaoyu/phd_simulation/sensitivity_analysis/data/04033_stress.csv,1.2953798766935232,1.3267394212940242,1.268668226253589,1.3285926451708838,1.2050256771210213,0.05485457514646919,0.8940700325813961,0.05433764712453142,3979.162264444444,4213.613004255319,0.14813790676734243
4034,material_r_cable,3,True,0.9196600047572864,1.057871346517913,35.74034685041125,1284.440626913154,14792.961587496156,4.567341059208385,0.2189457688919164,67564.50084586363,0.3096943121252159,0.08759919,11435.10326714,5161.40884925,919.08375271,235.80061289,226.11000505,0.9482180233493076,0.9709490113637448,/home/chaoyu/phd_simulation/sensitivity_analysis/data/04034_verts.csv,/home/chaoyu/phd_simulation/sensitivity_analysis/data/04034_stress.csv,1.2518794214919218,1.3202442799705678,1.2828362859281168,1.321219004205289,1.770452746673982,0.05722650538547164,0.9202896527744775,0.05727035420445218,4816.4943466666655,5288.91935319149,0.31595856001442885
4035,material_r_cable,3,True,1.3510217672980962,0.9663923107192524,25.59947347842896,1839.6157902348584,18524.23267097693,1.7948152857150903,0.5571603985986668,33247.57595401227,0.4518936184187828,0.04312231,14147.5283117,8273.60039631,941.30973711,2484.00117544,558.48298953,0.9562048363795792,0.9340851872935534,/home/chaoyu/phd_simulation/sensitivity_analysis/data/04035_verts.csv,/home/chaoyu/phd_simulation/sensitivity_analysis/data/04035_stress.csv,1.2417280555000847,1.2986004758160026,1.2147421854151064,1.3004618871376572,0.8815058642260923,0.056149256685413595,0.9098513201802768,0.05509705453169019,7919.315197777779,8036.419070212766,-0.01582345285514779
4036,material_r_cable,3,True,1.3196425922523392,1.075865356302958,87.36500033113872,261.3121309024638,8053.732689916691,3.018726000064044,0.331265573615752,24312.012268617247,0.1262760953599438,0.01945698,4165.22049791,3009.05083737,168.04363289,384.22061169,191.64661105,0.9819725185038468,0.966855722620124,/home/chaoyu/phd_simulation/sensitivity_analysis/data/04036_verts.csv,/home/chaoyu/phd_simulation/sensitivity_analysis/data/04036_stress.csv,1.2681927462117044,1.291474783982701,1.2506028943600096,1.2934741607268423,,0.05514089400534021,,0.05443976548074999,2842.877857777778,3179.1757166666666,
4038,material_r_cable,3,True,1.312553134355794,1.0771852395593728,35.63235315141965,1082.876791192131,1363.9571747411248,3.2502915988162004,0.3076647031805433,4433.258546206158,0.2390685892638461,0.25035072,1563.57893219,1150.71896379,81.55335259,140.37994709,43.6201572,0.955163673284428,0.9356687112936476,/home/chaoyu/phd_simulation/sensitivity_analysis/data/04038_verts.csv,/home/chaoyu/phd_simulation/sensitivity_analysis/data/04038_stress.csv,1.4073086790830796,1.473369139179995,1.379273124456414,1.4741041437085598,1.4736635526340751,0.05483385665492692,1.3009497595906037,0.05442888332678217,1116.178638095238,1213.7073666666665,0.06224787875215301
4039,material_r_cable,3,True,1.0119355257405978,1.1524847452489693,75.59878196562845,649.9435160853841,2955.0926518119527,4.954454989571382,0.2018385477524565,14640.873533415455,0.4813481912768433,0.06782356,3734.244127,3081.06561914,173.42797337,75.16848175,155.62138374,0.9581697809319588,0.9841184185754894,/home/chaoyu/phd_simulation/sensitivity_analysis/data/04039_verts.csv,/home/chaoyu/phd_simulation/sensitivity_analysis/data/04039_stress.csv,1.24940584385054,1.3039503736334828,1.2849621172913153,1.305698677148322,0.8719728058315098,0.05406791727928808,0.901205552664069,0.05716143702932619,2995.5412000000006,3016.064022916667,-0.01648607242046489
4040,material_r_cable,3,True,0.8704961385536503,1.325159315624156,45.470900270604105,1114.1602578182387,13808.44210297568,1.7459683175751737,0.5727480790652688,24109.10242686664,0.4978161723970906,0.02749904,13874.99723209,9837.6684742,1072.67556165,625.32658132,655.74718886,0.9503730964456488,0.9602823666011004,/home/chaoyu/phd_simulation/sensitivity_analysis/data/04040_verts.csv,/home/chaoyu/phd_simulation/sensitivity_analysis/data/04040_stress.csv,1.2286822759426577,1.292842022294057,1.2434282227358635,1.2948568733350294,0.8344493265963888,0.05557110845729268,0.6481979340075883,0.05612841812705625,9431.840042857142,9753.746427659577,0.12562083884532887
4041,material_r_cable,3,True,1.002279838208627,1.3561632345588264,5.111331877861478,421.3970137078078,9655.588049007682,3.851352951978072,0.2596490148965433,37187.07753562991,0.4152356210346112,0.005843,25997.5212574,17404.80187138,3507.9673389,1539.59090006,1041.11871438,0.9378327034822465,0.9387747368182304,/home/chaoyu/phd_simulation/sensitivity_analysis/data/04041_verts.csv,/home/chaoyu/phd_simulation/sensitivity_analysis/data/04041_stress.csv,1.2101443525060331,1.2903627139602536,1.213250459252613,1.2923765538947685,,0.060232143327889044,,0.056129671697662004,14800.712697826088,17287.63385,
4042,material_r_cable,3,True,1.0895225262038852,1.072519512267562,28.530215282499032,507.0373513850316,12615.8628200674,2.52378905487949,0.396229628647688,31839.776503147204,0.4432862967428371,0.02691264,8384.03639722,3796.90701063,1072.02768748,860.99609383,209.1878483,0.946631361424815,0.9437017082562524,/home/chaoyu/phd_simulation/sensitivity_analysis/data/04042_verts.csv,/home/chaoyu/phd_simulation/sensitivity_analysis/data/04042_stress.csv,1.225203441978388,1.2942772571302543,1.2232901786897006,1.296267843946224,0.9558527829550755,0.0578895701069599,0.7285198456464951,0.0562776385095163,3373.2024914893623,4085.9096702127663,0.13496594129371525
4044,material_r_cable,3,True,0.9831067452399442,1.1975078292541088,16.68932384554373,656.3541928451239,19174.57879445784,2.439818463734505,0.4098665596904088,46782.491377050326,0.2028987438229674,0.02039773,14338.3633684,10135.32899356,846.71745921,736.08456961,512.13465713,0.9679147618432976,0.9559309159983226,/home/chaoyu/phd_simulation/sensitivity_analysis/data/04044_verts.csv,/home/chaoyu/phd_simulation/sensitivity_analysis/data/04044_stress.csv,1.2502949152951734,1.2917407240634606,1.236784287442986,1.2938009083547166,0.8393613731863303,0.05650628273299802,0.6340931524525355,0.05470794141050779,9076.777406521742,10564.225997872341,0.13931086244062663
4045,material_r_cable,3,True,1.3856262888226571,1.1961438587492603,86.4244834655049,1766.8915707737176,4628.253225847552,4.667543521725488,0.214245458097051,21602.57336120984,0.127567191274164,0.10441235,7163.26019905,5130.28322032,120.59736576,418.57153483,240.67857237,0.9816378022356524,0.9624425562689324,/home/chaoyu/phd_simulation/sensitivity_analysis/data/04045_verts.csv,/home/chaoyu/phd_simulation/sensitivity_analysis/data/04045_stress.csv,1.2982053886001323,1.322489196772482,1.2743008591410616,1.3240279649323692,1.1980882155643173,0.05425415106758221,0.9422496068207675,0.054414156344219616,5244.952842222222,4852.104602127659,0.1195318823354979
4046,material_r_cable,3,True,1.1770625039299998,1.031921074231543,53.11918891547117,784.5493536864777,4309.591973953303,3.5060901062192875,0.2852179977423134,15109.817781719725,0.3183788506152025,0.1104562,3261.34735914,1484.3915317,484.28210749,93.75448738,79.52096416,0.9313420409917668,0.970421878788643,/home/chaoyu/phd_simulation/sensitivity_analysis/data/04046_verts.csv,/home/chaoyu/phd_simulation/sensitivity_analysis/data/04046_stress.csv,1.245110211543149,1.336898965945161,1.2991649289333165,1.338763023928352,1.5642479403359713,0.05787343291815556,1.0552386392044917,0.05883221200523615,1495.09644,1516.7780531914893,0.1943164378497313
4047,material_r_cable,3,True,1.0722944910653656,1.30530523875365,36.77349638356728,1324.8807017347413,9867.504379109652,4.156555954026141,0.2405837936648912,41014.83407836724,0.2368581742298827,0.02667631,21336.04261798,14754.50018297,1305.87179665,1096.98115357,773.23718472,0.9534083107369388,0.9495407228279992,/home/chaoyu/phd_simulation/sensitivity_analysis/data/04047_verts.csv,/home/chaoyu/phd_simulation/sensitivity_analysis/data/04047_stress.csv,1.2325956102384947,1.2928307802202368,1.2295676575302694,1.2949077674818108,0.8422437021186291,0.05604981716620417,0.6373864831852126,0.055720489890294565,13911.164508163267,14764.804959574467,0.1384516353938461
4049,material_r_cable,3,True,1.149979439027313,0.9910510672219572,56.97513607727021,1622.7341260356998,12279.867763506683,4.075280648102784,0.2453818733847305,50043.90745788,0.4032829009150053,0.11853845,5625.85446204,3114.93253014,119.23977949,514.66411801,174.20561451,0.9858017821054053,0.9593577499017498,/home/chaoyu/phd_simulation/sensitivity_analysis/data/04049_verts.csv,/home/chaoyu/phd_simulation/sensitivity_analysis/data/04049_stress.csv,1.3132553275133718,1.3321697640966064,1.2799084180252769,1.3341304827697025,1.2768140040509002,0.05483674162094865,0.9996213486700055,0.05454897792691064,3040.505875555555,3325.2459521739124,0.12176610025388183
4050,material_r_cable,3,True,1.25006688476671,1.1224893498643311,30.03772338942164,297.27934761207644,5765.192654430832,3.987393041854538,0.2507904261012854,22988.089075228392,0.2218003442920836,0.01831611,8102.75976019,3549.67253723,1422.33756172,159.22254603,186.88016323,0.9361518098930734,0.9773020267409082,/home/chaoyu/phd_simulation/sensitivity_analysis/data/04050_verts.csv,/home/chaoyu/phd_simulation/sensitivity_analysis/data/04050_stress.csv,1.2094740627384122,1.2919636003017048,1.264603931058608,1.2939745303463557,,0.05757654047547081,,0.06028822551485843,3401.430624489796,3586.619497916667,
4052,material_r_cable,3,True,1.3256868026981157,0.9966939714329716,77.17699324191082,1355.8646937635965,13024.81079791038,4.912730045949916,0.2035528088551102,63987.379349707226,0.4508369831523912,0.03623715,13946.58510077,6724.28109279,1598.0997302,2128.78912367,419.85935946,0.9435044707607366,0.9386542524953144,/home/chaoyu/phd_simulation/sensitivity_analysis/data/04052_verts.csv,/home/chaoyu/phd_simulation/sensitivity_analysis/data/04052_stress.csv,1.2239720354541923,1.2972615110846462,1.2195472394599776,1.2992507477784696,0.9548330722279035,0.0593129212325103,0.8402920162551907,0.0550565130800801,5839.806574468083,7627.462834042555,0.06380672673317801
4053,material_r_cable,3,True,1.2284671618463872,1.19429419657021,73.98265890495244,859.5658121226137,17238.689086858052,4.66460379499445,0.2143804798755024,80411.65453528748,0.2999548077296254,0.01328138,29389.27093211,19511.55542485,623.27785931,2166.58357603,955.59946851,0.9760661231361532,0.9534047340339572,/home/chaoyu/phd_simulation/sensitivity_analysis/data/04053_verts.csv,/home/chaoyu/phd_simulation/sensitivity_analysis/data/04053_stress.csv,1.2599250648065554,1.2908193768249514,1.2325665376301798,1.2928051368226996,,0.05476361596173323,,0.054351992469094564,19275.18451521739,18485.511519148935,
4054,material_r_cable,3,True,0.9101303254128142,1.23667814325795,23.231179405604685,1056.4711098100142,15952.293396897332,4.08553793995142,0.244765809227044,65173.69990226057,0.4967612937401783,0.01402311,29228.74903519,19704.35808526,1871.57986444,1974.79021013,1159.1958695,0.95674707692571,0.93932509877763,/home/chaoyu/phd_simulation/sensitivity_analysis/data/04054_verts.csv,/home/chaoyu/phd_simulation/sensitivity_analysis/data/04054_stress.csv,1.2351266979758788,1.290964694603174,1.2145503815593162,1.293003224485159,,0.0573580262591862,,0.0557701809461312,17776.433204347828,19738.0212625,
4055,material_r_cable,3,True,1.2527240161736863,1.389310322963404,66.55473478903205,1955.0840762071248,13635.90573417822,4.139210455154149,0.2415919680418276,56441.8835804069,0.1982750691380902,0.02507138,33640.19775461,26397.22520743,256.65377327,1446.83269794,1324.03175048,0.9890127551499088,0.963527694601948,/home/chaoyu/phd_simulation/sensitivity_analysis/data/04055_verts.csv,/home/chaoyu/phd_simulation/sensitivity_analysis/data/04055_stress.csv,1.277845419658997,1.2920413948203413,1.2467817065723916,1.2939759942110032,0.871145080358277,0.05379107874101204,0.647051210122576,0.054381186399538345,26443.765271111108,25735.23340638298,0.1476053338035258
4056,material_r_cable,3,True,1.3137787001935235,0.907217932920372,70.31109783308861,808.6302994824507,10971.195258195092,3.7793845238717183,0.2645933467959405,41464.36556719731,0.3153544707265992,0.08209138,6626.28982055,4419.0167489,505.52723418,226.48572251,233.63225094,0.9510602938473272,0.9725094518621946,/home/chaoyu/phd_simulation/sensitivity_analysis/data/04056_verts.csv,/home/chaoyu/phd_simulation/sensitivity_analysis/data/04056_stress.csv,1.2523332354687442,1.3167758590811067,1.2762391025685922,1.312315371459687,2.2073708170432687,0.06537421527964563,2.1140641427441347,0.060745883015812276,4135.410128888888,4763.8988875,0.021591595191733322
4057,material_r_cable,3,True,1.301169979360105,0.9883015357421032,35.31613836147515,650.0223095528177,11247.232069254393,4.811347234552177,0.2078419933648951,54114.33891277368,0.4956983442295336,0.02064764,14121.62105508,5417.77758156,2931.92394612,737.42349444,338.11450516,0.9322717213591069,0.9580139672136254,/home/chaoyu/phd_simulation/sensitivity_analysis/data/04057_verts.csv,/home/chaoyu/phd_simulation/sensitivity_analysis/data/04057_stress.csv,1.2052753452633411,1.2928369676452671,1.2404547709471556,1.294819087612059,1.0504433226032222,0.05752490926983803,0.6594529452253531,0.059762918120569886,5694.543889583333,5673.188655319148,0.22866321468400766
4058,material_r_cable,3,True,1.0974258598560076,0.9525598482587994,10.632514656925334,256.50382509136296,4199.491623316577,2.4617725280846923,0.4062113735496186,10338.193110202536,0.4101067310944849,0.10570874,1782.03691825,586.88423606,244.2719122,102.08021279,25.98631494,0.9328061072968464,0.9527893787479969,/home/chaoyu/phd_simulation/sensitivity_analysis/data/04058_verts.csv,/home/chaoyu/phd_simulation/sensitivity_analysis/data/04058_stress.csv,1.248036388569492,1.3379376258439637,1.2772887343941524,1.340578267226867,2.7912407597744555,0.05636039789239094,1.6848671638704036,0.05976712072533667,925.9465422222222,650.0709765957446,0.24717312781036357
4059,material_r_cable,3,True,0.8918168802015143,1.3767652253840352,43.76626357082572,834.4891479582434,16179.314861314606,1.6241648800583166,0.6157010364391664,26277.874981152778,0.4553190323008749,0.01491214,17847.67510163,12497.29348217,949.09210625,2114.54727688,850.60968162,0.9593533605331476,0.9370176360877096,/home/chaoyu/phd_simulation/sensitivity_analysis/data/04059_verts.csv,/home/chaoyu/phd_simulation/sensitivity_analysis/data/04059_stress.csv,1.2386205648415207,1.2910994173754438,1.211667681997112,1.293110860811689,,0.056259000026838785,,0.055634130667705124,12088.26655510204,12523.343762499999,
4060,material_r_cable,3,True,1.3283987693549493,1.0988719217988088,73.29165759773093,848.4361080734674,7534.276438666709,3.830036546355721,0.2610941143502925,28856.554110440327,0.1958376615834202,0.04312068,7378.40952877,4146.82024522,530.89377869,929.95782536,240.02024172,0.9578272107444652,0.946149448635214,/home/chaoyu/phd_simulation/sensitivity_analysis/data/04060_verts.csv,/home/chaoyu/phd_simulation/sensitivity_analysis/data/04060_stress.csv,1.2435195775413814,1.2982712994495778,1.2301929380598309,1.3002099613695688,0.8799400807576852,0.05616189638738569,0.7946264840144078,0.05466613216598228,4002.7656152173913,4351.600470212766,0.05094667392626964
4062,material_r_cable,3,True,0.997232059955991,1.3296750813165756,76.4290254139941,1667.0202796250765,13068.142305499572,4.37676001179254,0.2284795139111228,57196.1226711249,0.161648917252449,0.02611819,24185.53645187,21856.70224846,517.21594833,413.7464012,1188.79537196,0.9708298673743948,0.9848119232134732,/home/chaoyu/phd_simulation/sensitivity_analysis/data/04062_verts.csv,/home/chaoyu/phd_simulation/sensitivity_analysis/data/04062_stress.csv,1.254556582233218,1.2922517367807822,1.2744390958387444,1.2940938932585302,0.8024438653045847,0.05338133783036755,0.6760632582761918,0.056693965857569396,22070.478342553193,21578.986408333334,0.08547852425784282
4063,material_r_cable,3,True,1.3888894994461265,1.1993328261575238,50.50790230212265,1430.311989234522,19955.00166252946,1.507087157977226,0.663531631005452,30073.926743012344,0.1226795570721349,0.02593666,16004.2388569,9771.25790817,2029.19704221,3686.097875,604.9427569,0.9451967033595934,0.930071864685866,/home/chaoyu/phd_simulation/sensitivity_analysis/data/04063_verts.csv,/home/chaoyu/phd_simulation/sensitivity_analysis/data/04063_stress.csv,1.223190785125894,1.2941124114993232,1.2054628260206417,1.2960964327501614,0.8895365432110381,0.05930360834245976,0.7907701056652101,0.05522250019487635,9331.679389130435,10604.031729999999,0.058778817314018746
4064,material_r_cable,3,True,0.9657894988516186,1.2744045187309136,64.52044732461445,1786.6724863635473,6495.56496197336,4.0627185307762765,0.2461406057113503,26389.65213887027,0.4005293215381289,0.05394333,11871.46282925,9182.77962082,1136.96385662,321.19996817,520.00314063,0.9360848225324786,0.9729180913720864,/home/chaoyu/phd_simulation/sensitivity_analysis/data/04064_verts.csv,/home/chaoyu/phd_simulation/sensitivity_analysis/data/04064_stress.csv,1.2177873531376593,1.3009369704799445,1.2673151121607695,1.3025917838299226,1.0590968688185762,0.057033601304981425,0.8460112266157198,0.058942117764128714,9126.438567307692,8996.466525,0.11184963347409459
4065,material_r_cable,3,True,1.2725482105306782,0.8908124413995763,56.457688812126,490.3252472364912,10760.152447402455,3.5355831060858547,0.282838776517142,38043.41321194448,0.4085357840672938,0.0553853,5414.64847278,3692.65686423,382.17363621,211.31676237,188.56423665,0.9731122226805716,0.984659797018124,/home/chaoyu/phd_simulation/sensitivity_analysis/data/04065_verts.csv,/home/chaoyu/phd_simulation/sensitivity_analysis/data/04065_stress.csv,1.2555534248258895,1.2902452518449463,1.272429802889979,1.2922532297381468,2.463132528866608,0.08450364061679899,2.4747656846540766,0.06599057799435401,3771.0792478260873,3894.442125,-0.002355892180121334
4066,material_r_cable,3,True,0.9853318773022672,1.1946464687407723,53.22050392458015,1881.4030137430948,11265.914519274971,3.983554632188017,0.251032078716776,44878.38596909205,0.1067844600791429,0.0676258,13484.15216887,9974.95188119,733.09329217,219.87433106,483.37590426,0.9555787168725928,0.981678194681936,/home/chaoyu/phd_simulation/sensitivity_analysis/data/04066_verts.csv,/home/chaoyu/phd_simulation/sensitivity_analysis/data/04066_stress.csv,1.2472075652022558,1.3051855835426125,1.2831381866044258,1.307086368583508,0.9523742424694673,0.05431356102777235,0.8913053040721306,0.05756331182307233,10017.589382978724,9875.198027083334,0.0331234017928391
4067,material_r_cable,3,True,1.2319605722242253,1.2992545408796323,66.01941687962871,1846.534675782754,12816.58142462824,1.751044384811962,0.5710877512150476,22442.402936080576,0.1116414982202105,0.07076251,8389.5089064,7477.43927803,265.67867753,208.75559086,408.81470582,0.9804017792894548,0.9847304863278892,/home/chaoyu/phd_simulation/sensitivity_analysis/data/04067_verts.csv,/home/chaoyu/phd_simulation/sensitivity_analysis/data/04067_stress.csv,1.2783699425864985,1.3039245435815057,1.2857964924176075,1.3057344220268927,1.0225159410608327,0.053777898278431435,0.8841944250280511,0.055563633010424524,7470.4617800000005,7362.018250000001,0.07254458699803046
4068,material_r_cable,3,True,1.1367949810579048,1.2526523510550955,45.37870237065256,819.7568512220515,8562.414947776833,3.0611837121580368,0.3266710181516783,26211.12517487295,0.2900526317051873,0.02509,13236.22753141,8038.55884393,1531.96285028,1059.12388805,421.29969779,0.9390703243194576,0.94419164974996,/home/chaoyu/phd_simulation/sensitivity_analysis/data/04068_verts.csv,/home/chaoyu/phd_simulation/sensitivity_analysis/data/04068_stress.csv,1.2144233928117496,1.2932187945475118,1.2229421725694518,1.295226634225488,0.9041353683817074,0.059199374654071844,0.66917750913621,0.056953352319408464,7622.987905999999,7995.109059574469,0.14933956405172918
4069,material_r_cable,3,True,1.107896415198943,1.071845148727335,33.6465860383407,1891.3555454819243,11661.010074084548,1.9401856478085,0.5154145950566797,22624.52438468917,0.2818774316165421,0.12594859,5800.26446411,3130.66118394,731.10158409,590.5042877,160.60505151,0.9367458339678733,0.9375152690801788,/home/chaoyu/phd_simulation/sensitivity_analysis/data/04069_verts.csv,/home/chaoyu/phd_simulation/sensitivity_analysis/data/04069_stress.csv,1.2667501276670274,1.352287975812308,1.2691498386728968,1.3537377795650127,1.377509835040366,0.05651433944993902,1.179906282579986,0.05592085431203793,2930.474037777778,3398.217227659575,0.07726687538211344
4070,material_r_cable,3,True,1.0616720460681697,1.2455920645866247,19.78349135964355,955.6394619645756,13359.075113452269,2.781507864987001,0.35951722897777,37158.372497019605,0.4358515198765099,0.01871066,22189.58180199,12075.95751337,4244.3933147,149.4397732,676.0726901,0.9304380289066356,0.988912921794763,/home/chaoyu/phd_simulation/sensitivity_analysis/data/04070_verts.csv,/home/chaoyu/phd_simulation/sensitivity_analysis/data/04070_stress.csv,1.2019469944528036,1.2918076831674865,1.279508841774374,1.293853901162716,,0.05737969570788664,,0.05990228015641027,9687.962104347826,11953.060755319148,
4071,material_r_cable,3,True,0.901434800575062,1.153440163276576,67.4334301031745,246.4246837829025,7089.583049029743,2.443582409989193,0.4092352260812119,17323.98043276663,0.2436645481481152,0.03802642,3153.34546973,2937.3020874,37.25884877,25.99380523,142.71477992,0.9877832661365318,0.9884969819837952,/home/chaoyu/phd_simulation/sensitivity_analysis/data/04071_verts.csv,/home/chaoyu/phd_simulation/sensitivity_analysis/data/04071_stress.csv,1.2821821300296474,1.298039938502485,1.2907313306294277,1.3057514126538698,1.1991175073823914,0.05490600792642535,1.185629544648101,0.07097157293241073,2954.195097777778,2916.500908333333,0.005655930142698358
4072,material_r_cable,3,True,1.17778731848906,0.8513183534826643,14.135825501400772,1123.663073073551,3414.40144290521,3.247284050638187,0.3079496540511972,11087.5313480221,0.3029043362412899,0.28005492,1889.48881382,1296.43565064,58.70105615,30.03904218,68.8075936,0.9766578881502012,0.986061382596143,/home/chaoyu/phd_simulation/sensitivity_analysis/data/04072_verts.csv,/home/chaoyu/phd_simulation/sensitivity_analysis/data/04072_stress.csv,1.4545770130606788,1.489341386281803,1.487523596873204,1.5085507080267058,1.4259235251008793,0.0529389088401841,1.9282909583777623,0.056543598275610514,1410.0731524999999,1187.3080511627907,-0.14977200645674868
4074,material_r_cable,3,True,1.0169588126047546,1.2639264863369464,12.85238836807585,231.4933158315505,11187.119048258966,1.8034934634739204,0.5544794146765482,20175.89607863963,0.4646007016743584,0.00696238,11452.06916556,7021.49106635,1783.462169,1106.74308904,420.04237299,0.940327924175203,0.9389031429869472,/home/chaoyu/phd_simulation/sensitivity_analysis/data/04074_verts.csv,/home/chaoyu/phd_simulation/sensitivity_analysis/data/04074_stress.csv,1.213457896674366,1.2904624710988302,1.2135053243848126,1.2924712559000164,,0.060164215718238045,,0.055983942572125384,5792.30150212766,7053.0569187500005,
4075,material_r_cable,3,True,1.244707207843839,1.3425944636950329,30.85506762496703,669.9676234108397,16093.370623873216,2.0945385909945866,0.4774321200380234,33708.18583088108,0.2471432951781497,0.01239163,21085.5007274,14087.02252224,1927.83393461,492.75377347,785.98629977,0.949778364489986,0.975978193510309,/home/chaoyu/phd_simulation/sensitivity_analysis/data/04075_verts.csv,/home/chaoyu/phd_simulation/sensitivity_analysis/data/04075_stress.csv,1.2259181770129923,1.2907413169716582,1.2616971517016264,1.2927513750729098,,0.0556898583108828,,0.0566496386252269,12720.208778723403,13932.588312500002,
4076,material_r_cable,3,True,1.3981274325094573,1.055588498301559,6.207435170431733,693.2112933933284,19339.187017298507,2.4935542136493654,0.4010339917721221,48223.3112755378,0.417684354765933,0.01276141,16278.52469278,11615.70595889,782.86975767,1714.48005875,772.47425453,0.9718575942166464,0.9510015130970876,/home/chaoyu/phd_simulation/sensitivity_analysis/data/04076_verts.csv,/home/chaoyu/phd_simulation/sensitivity_analysis/data/04076_stress.csv,1.2544521103954471,1.2907777002108856,1.229427127835031,1.292770948209332,,0.05475290399926458,,0.05445950303213489,10757.924013333335,11308.47854893617,
4078,material_r_cable,3,True,0.9806550378680482,1.0440986093461757,38.65218112086445,747.5650567555857,18878.72764219388,2.3001929711307865,0.4347461332813285,43424.71662646684,0.2193139407047372,0.07848825,6724.92200525,2663.89203054,441.98690744,749.17516771,110.29055738,0.9607465212214348,0.9399202416736754,/home/chaoyu/phd_simulation/sensitivity_analysis/data/04078_verts.csv,/home/chaoyu/phd_simulation/sensitivity_analysis/data/04078_stress.csv,1.267608582660341,1.3193996071396443,1.2414471682575063,1.320800545849417,1.4190850986495578,0.057567408716582155,1.3150861417655058,0.055027513993268176,2618.4104456521736,3516.8492957446806,0.03803673864562498
4079,material_r_cable,3,True,1.3884004764125133,1.324229109665272,39.71815213851337,1566.3476530186254,1531.019142998764,4.1207774907098855,0.2426726515213347,6308.989222315247,0.3799153415835073,0.13700928,4620.11869892,3402.92027814,289.76647276,226.57287276,154.66817796,0.9456648321434564,0.9470612511863604,/home/chaoyu/phd_simulation/sensitivity_analysis/data/04079_verts.csv,/home/chaoyu/phd_simulation/sensitivity_analysis/data/04079_stress.csv,1.27710650698053,1.350485355457095,1.2809305808619242,1.3525319289088578,1.117108351892709,0.056398436463727136,1.0209483881311892,0.055538840204356794,3151.8134022222225,3393.1201297872335,0.04497540311322373
4080,material_r_cable,3,True,1.0125627344398174,1.1243349628697028,26.26199955666205,1578.3126940782504,4982.767793325195,1.90047552321945,0.526184098549176,9469.628229100725,0.1925146529622488,0.2215638,3278.32744813,2160.68324589,296.34981609,36.16266746,94.66959715,0.942528979220901,0.98041960582584,/home/chaoyu/phd_simulation/sensitivity_analysis/data/04080_verts.csv,/home/chaoyu/phd_simulation/sensitivity_analysis/data/04080_stress.csv,1.3528323762205994,1.4353217843114563,1.403283189888166,1.4313087799852124,1.4641589697217985,0.056716569432130305,1.460939594018521,0.05753174709882637,1906.9828023255811,2338.2808911111115,0.0011006041790129798
4082,material_r_cable,3,True,1.119871478415776,1.245070673590158,17.43937133519899,1358.77057428397,16155.30069654282,3.402561093978448,0.2938962658950376,54969.39761157952,0.3375740091786944,0.01947905,30611.22790644,16834.37094576,5415.63888459,926.14823785,886.55512244,0.9301005915292152,0.959236726861394,/home/chaoyu/phd_simulation/sensitivity_analysis/data/04082_verts.csv,/home/chaoyu/phd_simulation/sensitivity_analysis/data/04082_stress.csv,1.2017732866509176,1.2920895842836035,1.241399471933199,1.2941534004802304,,0.058063976291546374,,0.05833983990102322,13591.46516382979,16755.763138297873,
4084,material_r_cable,3,True,1.293788488831022,1.3679647874865624,27.27290914131491,1930.1874181734568,12033.081710905815,1.1126950371913202,0.8987188462026517,13389.150301842545,0.1108200005264856,0.06664476,8703.53997545,6072.08780499,534.24613189,1489.46744215,356.77271727,0.962354858575789,0.9334982343371347,/home/chaoyu/phd_simulation/sensitivity_analysis/data/04084_verts.csv,/home/chaoyu/phd_simulation/sensitivity_analysis/data/04084_stress.csv,1.2594053664798324,1.3086704506731075,1.2235391378469456,1.3107032159688712,0.9857150129491786,0.05670199190211978,0.9689819397348576,0.05453528073582047,5675.265471111111,6418.545370212766,0.008560443700157462
4086,material_r_cable,3,True,1.112201608444472,0.9033214962487072,18.21561750914112,893.3013645116839,5927.107914756543,2.760158403052551,0.3622980474215055,16359.756716714555,0.2743909719652643,0.22090364,1974.86992796,1321.26952377,76.95784128,52.70742889,61.99019506,0.9767411410724548,0.9822303317661076,/home/chaoyu/phd_simulation/sensitivity_analysis/data/04086_verts.csv,/home/chaoyu/phd_simulation/sensitivity_analysis/data/04086_stress.csv,1.387915189744558,1.42096521932171,1.4039967983439394,1.429396703540473,1.5019466446375775,0.053127399470910865,1.619849634426962,0.05684850667900146,1444.209442857143,1203.91972,-0.037767675802571773
4087,material_r_cable,3,True,0.8572126034476457,0.9609889417467616,85.86104618312258,1190.2669189815642,3547.0424631319056,4.495377930277346,0.2224507072619596,15945.296406519768,0.3826789668547926,0.27525203,2120.42457578,1570.99091415,186.00362154,65.75084361,66.11294713,0.9308730807552162,0.9703408819995152,/home/chaoyu/phd_simulation/sensitivity_analysis/data/04087_verts.csv,/home/chaoyu/phd_simulation/sensitivity_analysis/data/04087_stress.csv,1.3918337427306584,1.4951917415008555,1.501397413217174,1.547288629252997,1.8015903404341052,0.055603081929903334,2.2705128809873023,0.05952897090509299,1578.9960976190475,1412.9681488372091,-0.11515487576209209
4088,material_r_cable,3,True,1.361312544513943,0.9183412581448834,62.78479944027847,1159.2484076730218,14952.589794706531,2.9115508514754502,0.3434595688044543,43535.225548540926,0.210739903184176,0.0593856,13001.0899251,6953.28532615,164.00264344,935.51333556,378.23188597,0.9860524933042916,0.946428851489188,/home/chaoyu/phd_simulation/sensitivity_analysis/data/04088_verts.csv,/home/chaoyu/phd_simulation/sensitivity_analysis/data/04088_stress.csv,1.2857961732626448,1.3039834917448492,1.236553903498671,1.3065471340534225,1.1663241474575856,0.05727135440692822,1.7372618322578781,0.05627713089009896,6722.064562222223,7702.268421276595,-0.19663191956046067
4089,material_r_cable,3,True,1.2163215170510815,0.9477541785647344,30.65273876712673,1804.0449449562093,12989.22663997144,3.1843293416882514,0.3140378687933783,41361.97551549976,0.1085095485894806,0.13778085,8077.39553594,3932.39130395,649.67254097,624.36009165,191.00160415,0.942225165475993,0.9403797602979528,/home/chaoyu/phd_simulation/sensitivity_analysis/data/04089_verts.csv,/home/chaoyu/phd_simulation/sensitivity_analysis/data/04089_stress.csv,1.2829664367329834,1.361634653522393,1.2841583934442606,1.3655742580395225,2.0566791479039264,0.05435418921287349,1.9589726015246922,0.05715353325941832,4680.305286363637,3965.9789695652175,0.024331429236396477
4090,material_r_cable,3,True,1.34416479322892,0.984395691606412,7.781829542351589,1749.7867734797949,6025.688889427075,3.942048780664465,0.2536751967415891,23753.559539229416,0.4620719234861606,0.12141541,4580.73486099,3391.8755924,93.36455633,270.60127577,209.49494324,0.98667447578331,0.9663366466098342,/home/chaoyu/phd_simulation/sensitivity_analysis/data/04090_verts.csv,/home/chaoyu/phd_simulation/sensitivity_analysis/data/04090_stress.csv,1.312566736164795,1.3302935956894626,1.2872739087357723,1.3321174491848895,1.2707556804876785,0.053801192431122274,1.0471577020799372,0.054599660060514324,3295.734982222223,3383.094847826086,0.0964652001620767
4093,material_r_cable,3,True,1.28317847792689,1.0908197238860258,44.68139094086911,757.1602293606927,9026.408426171463,2.366421591821146,0.4225789704827793,21360.287796288485,0.201777318550398,0.04278758,5930.36528391,3434.42176092,984.67746355,479.53693546,210.14583447,0.9424178627863,0.9570090553673398,/home/chaoyu/phd_simulation/sensitivity_analysis/data/04093_verts.csv,/home/chaoyu/phd_simulation/sensitivity_analysis/data/04093_stress.csv,1.22394717158337,1.2987308707887986,1.244771267272558,1.300689121269352,1.0383576098746448,0.05774436270564174,0.7380389592441032,0.05718099172654696,3497.8604249999994,3587.4999531914896,0.16906058920138903
4094,material_r_cable,3,True,1.1227217707535058,0.9258990054786556,54.65797217615936,1673.1626984685208,5224.573107080082,3.145176378006058,0.3179471927211815,16432.20392155399,0.4743084128990801,0.22402706,3018.33832344,1660.63544799,216.65571016,366.35337937,70.9399308,0.9511300574612094,0.9314318098614668,/home/chaoyu/phd_simulation/sensitivity_analysis/data/04094_verts.csv,/home/chaoyu/phd_simulation/sensitivity_analysis/data/04094_stress.csv,1.3728465329601722,1.4433846582712606,1.345601848807298,1.4446595387454413,1.3926150782202278,0.05535570730410032,1.542794453555844,0.05459652714432817,1506.6671395348835,1777.5182954545453,-0.05116130260868576
4096,material_r_cable,3,True,1.283962839597018,1.2154179162021046,67.32306373764582,950.6353087133324,19406.256135429423,4.057437947263545,0.2464609472769458,78739.68005820733,0.2559545044387525,0.01118533,36199.47975541,21030.09557705,2405.85390131,4399.28324436,1055.06650545,0.9476502033330982,0.9367066664069283,/home/chaoyu/phd_simulation/sensitivity_analysis/data/04096_verts.csv,/home/chaoyu/phd_simulation/sensitivity_analysis/data/04096_stress.csv,1.2232411011075504,1.2908150041071451,1.210979557685095,1.2928055293235372,,0.056866406131678766,,0.05549366622596919,20942.85465102041,20166.832393617016,
4097,material_r_cable,3,True,1.363819331317337,0.8505954724701437,47.6114764178419,1600.7874780464792,1555.344406893637,2.3595511219473795,0.4238094231985456,3669.914640300464,0.4985842594974843,0.30842566,1777.51639982,1307.02652102,80.21469151,81.7093551,75.88704572,0.9626818144194252,0.96049645544756,/home/chaoyu/phd_simulation/sensitivity_analysis/data/04097_verts.csv,/home/chaoyu/phd_simulation/sensitivity_analysis/data/04097_stress.csv,1.4837151110402709,1.5412310576730597,1.480363446240292,1.54124821371724,1.7018640681017052,0.05526158968562862,1.6136043833453233,0.0552312643884971,1300.6967124999999,1376.343388095238,0.026620577468581003
4098,material_r_cable,3,True,0.9473294797652282,1.3700905836560455,89.59014393234224,1992.61751117107,6238.425911004484,4.388955312319581,0.2278446529617308,27380.17254261525,0.4170461003719116,0.04420211,16444.03471343,13309.07057077,172.93999509,566.70974069,824.66251786,0.9802614637827676,0.9715711592430908,/home/chaoyu/phd_simulation/sensitivity_analysis/data/04098_verts.csv,/home/chaoyu/phd_simulation/sensitivity_analysis/data/04098_stress.csv,1.270318758706065,1.2958978860639734,1.2604977896129244,1.2973808224144117,0.9156808595341152,0.05381910923927892,0.7672754147287381,0.05478248669273092,13238.062767391306,12991.665843750001,0.08818140261569168
4099,material_r_cable,3,True,0.9649135473272578,1.333054278611833,69.16641331372202,1957.317908442976,13322.76836754216,2.309640423804,0.4329678289718321,30770.8043786526,0.2610578931615486,0.04818807,13959.40879274,12106.12908988,818.94016398,228.54493159,702.66041866,0.952463446435992,0.9853891748447724,/home/chaoyu/phd_simulation/sensitivity_analysis/data/04099_verts.csv,/home/chaoyu/phd_simulation/sensitivity_analysis/data/04099_stress.csv,1.2359388724816422,1.2976234175772126,1.2803205883613584,1.299304499222905,0.8966516087153226,0.054215435910981775,0.8084927141052727,0.05809367250199824,12324.01799387755,11966.28833125,0.05170172015951134
4100,material_r_cable,3,True,0.8751580835535319,1.3193691562602647,32.08751355954556,654.0617677970451,9234.390753837197,1.3169171559647983,0.7593492084681522,12160.927608610911,0.2883224950936977,0.04070714,5844.12427898,4578.13756871,194.89330705,449.84729258,273.05125271,0.9759113325743652,0.9466433695111884,/home/chaoyu/phd_simulation/sensitivity_analysis/data/04100_verts.csv,/home/chaoyu/phd_simulation/sensitivity_analysis/data/04100_stress.csv,1.2648535990570229,1.296074301873772,1.2289781820910353,1.298248338997646,0.9431956273955359,0.0569255362226744,0.7516922039316856,0.054964740898337736,4448.727565957448,4779.063421276596,0.11298884794865102
4102,material_r_cable,3,True,1.0864373972305503,1.2723362811606345,64.05619279498245,273.9014008226927,5021.032639767509,2.426946025696889,0.4120404777905407,12185.775209978116,0.1831433456560314,0.02187575,4718.17287696,3698.23911084,325.54254778,190.73079205,194.39013864,0.9552216229797666,0.9720832884350508,/home/chaoyu/phd_simulation/sensitivity_analysis/data/04102_verts.csv,/home/chaoyu/phd_simulation/sensitivity_analysis/data/04102_stress.csv,1.234053516948357,1.2919028288940824,1.2577412125778442,1.2938615729138518,0.8196185190191309,0.05443516211766059,0.6400194431189088,0.05688047046194349,3777.5774571428574,3603.234860416667,0.1230435769409217
4103,material_r_cable,3,True,1.285544978764945,1.024892534201031,41.270572450978186,1842.5502008443711,17757.159437604325,4.518528920778641,0.2213109659211118,80236.23846969253,0.4511946913773915,0.0467206,15217.51228465,9296.26741434,371.16931343,1184.90365551,556.28981732,0.984429921565001,0.9573267272338196,/home/chaoyu/phd_simulation/sensitivity_analysis/data/04103_verts.csv,/home/chaoyu/phd_simulation/sensitivity_analysis/data/04103_stress.csv,1.2769261567052337,1.2971224550704796,1.243649831412012,1.299086086320308,0.9582762826407591,0.054609927281793584,0.7048970755550278,0.0543371260591026,8687.978226666668,9195.723836170213,0.1523468409574559
4104,material_r_cable,3,True,1.0786558623974585,1.3003294244247037,34.25357725531282,1832.6255732768773,1278.4512272585168,3.3585474627614214,0.2977477647964495,4293.739125573317,0.4584132952521509,0.21930018,3497.39981045,2500.86101028,286.11605237,88.51605064,121.25878936,0.9311155750634632,0.9550468502524811,/home/chaoyu/phd_simulation/sensitivity_analysis/data/04104_verts.csv,/home/chaoyu/phd_simulation/sensitivity_analysis/data/04104_stress.csv,1.3369287526868885,1.4358354521089025,1.3715194316175778,1.4360755509062153,1.3706411504556277,0.0565182051676078,1.3655684204380103,0.05684766163407482,2318.8163860465115,2595.930417777778,0.0018539259827092464
4105,material_r_cable,3,True,0.9051372511542134,1.1403859953977062,18.411790063936525,1799.356462179264,13875.57271317212,2.2954708809387334,0.4356404641434832,31850.973119434657,0.3557331284464037,0.09939533,8073.14352183,5588.53574229,493.80446175,637.14329466,279.70295379,0.962616545081236,0.9371617480378776,/home/chaoyu/phd_simulation/sensitivity_analysis/data/04105_verts.csv,/home/chaoyu/phd_simulation/sensitivity_analysis/data/04105_stress.csv,1.277661825976583,1.3272801433812464,1.244438201990928,1.327879850619587,1.2977107884682113,0.05796307865763486,1.319238342670312,0.05461492264514562,4931.8054555555545,5973.023559574468,-0.008226202774042844
4106,material_r_cable,3,True,0.9528360660287476,1.2974359381171277,56.74448513047473,1985.8761698703893,11479.57561328975,3.806456527841496,0.2627115251903491,43696.505530056806,0.2937832079041516,0.03792398,20399.44271216,15419.02442099,1625.00492159,275.42928299,875.64005804,0.9417879585634557,0.9832227814520113,/home/chaoyu/phd_simulation/sensitivity_analysis/data/04106_verts.csv,/home/chaoyu/phd_simulation/sensitivity_analysis/data/04106_stress.csv,1.2198068803090938,1.2952033090014343,1.2753349487938686,1.297096622304123,0.9194433741079182,0.05638782170181878,0.7520055324952098,0.05848332221071075,15274.205094230769,15252.819177083335,0.10017526766821185
4108,material_r_cable,3,True,1.031341478396573,1.040608467932398,55.8213299003765,1925.5671391005703,7613.958768569228,2.0162461376040324,0.4959711918845042,15351.61495900406,0.2211469964238544,0.23808621,3304.77763856,2311.94119841,39.56343071,226.76529436,90.44957573,0.9874030217192328,0.9588554480561944,/home/chaoyu/phd_simulation/sensitivity_analysis/data/04108_verts.csv,/home/chaoyu/phd_simulation/sensitivity_analysis/data/04108_stress.csv,1.4239042448965773,1.4420699689751035,1.3861789090272494,1.4456599395011327,1.710211136146921,0.054727776107991954,1.3445584233450993,0.0553363198551488,2510.5785302325585,2340.1641333333337,0.11969895132208477
4109,material_r_cable,3,True,0.821630827743481,0.973883579828516,16.614665032969125,977.0133700273464,5052.24015321592,1.0090214945966072,0.991059165097158,5097.818910458919,0.3219393262971914,0.33940412,1428.03036263,957.45425401,127.15152942,89.21962386,40.41564422,0.9392219284585528,0.9473738685473696,/home/chaoyu/phd_simulation/sensitivity_analysis/data/04109_verts.csv,/home/chaoyu/phd_simulation/sensitivity_analysis/data/04109_stress.csv,1.5413714965653762,1.64111532094983,1.517951781597786,1.6022732228463263,2.1573808934726038,0.058098625146938365,1.5044025804861298,0.0558556813110504,756.1910432432431,1078.116912195122,0.1783224807338329
4110,material_r_cable,3,True,0.915855225826343,1.0238392159714207,84.31023494527898,1419.8274031082524,5801.087896437985,1.1599934089276722,0.862073863785507,6729.223724478158,0.47274854824598,0.27806694,2337.90835546,1371.0442895,50.31789944,243.21275597,51.77771358,0.9758791867071764,0.9352118653901385,/home/chaoyu/phd_simulation/sensitivity_analysis/data/04110_verts.csv,/home/chaoyu/phd_simulation/sensitivity_analysis/data/04110_stress.csv,1.4623074524887358,1.4984513169328588,1.4158597043309444,1.5139454028850416,1.601161936936176,0.05454500248071384,1.7524801648329704,0.054738178925106344,1506.6254,1274.7409162790698,-0.045120565434507605
4111,material_r_cable,3,True,1.380086894668379,0.9636663123815996,77.11735666707906,1465.6254476233846,11900.091287053529,1.5570776497277787,0.6422287290391897,18529.366172791324,0.1020692420210351,0.07823074,8430.58439132,5554.54057472,430.57880398,432.92825127,317.5345217,0.9657108286618044,0.955523351243234,/home/chaoyu/phd_simulation/sensitivity_analysis/data/04111_verts.csv,/home/chaoyu/phd_simulation/sensitivity_analysis/data/04111_stress.csv,1.2663563509708824,1.31132044229605,1.2550234322783314,1.3134408810055944,1.1771503928706835,0.05666145099637274,0.9340816576484932,0.0541514790150388,5087.992744444446,6017.587397916665,0.11513122641465057
4114,material_r_cable,3,True,0.8711664135961872,1.353456032712863,12.355418462277717,1142.9562539908952,7168.82671031663,4.561404010293696,0.2192307451265674,32699.91490553884,0.3465784748384382,0.02316181,17898.27759765,14111.47547413,977.06276931,185.55242418,907.790482,0.9619602240615204,0.9798111492102684,/home/chaoyu/phd_simulation/sensitivity_analysis/data/04114_verts.csv,/home/chaoyu/phd_simulation/sensitivity_analysis/data/04114_stress.csv,1.242576422362718,1.291712891325589,1.267765529517983,1.293887633897417,0.8494510671987576,0.0550918609703746,0.6242512527969437,0.05547366977865398,13127.864878260869,14040.751985106383,0.15281228192846355
4115,material_r_cable,3,True,1.190760940187502,1.0038897190377525,82.73106659087526,346.5489188257907,6192.114442327432,1.915875630699373,0.5219545486023845,11863.321162556764,0.1731823252655174,0.06628502,2039.46028787,1292.40179615,262.94459998,115.76982773,70.31853952,0.954282915817622,0.9714284091731584,/home/chaoyu/phd_simulation/sensitivity_analysis/data/04115_verts.csv,/home/chaoyu/phd_simulation/sensitivity_analysis/data/04115_stress.csv,1.247720634607515,1.3074955172371263,1.2719496891004411,1.3093601927733145,1.093465780585239,0.055706783447518254,0.7813299814597059,0.05593889266520403,1182.2685999999999,1420.6218458333333,0.16649056150258687
4117,material_r_cable,3,True,1.2659419285915314,1.2284794093986544,71.12993265818837,1486.127668585024,8490.83083488458,3.922331048827728,0.2549504331866305,33303.849414011645,0.3668963330477949,0.04315076,12400.90500932,10607.36902796,502.53672441,284.62910923,535.17405823,0.9675768427020828,0.9819540511644532,/home/chaoyu/phd_simulation/sensitivity_analysis/data/04117_verts.csv,/home/chaoyu/phd_simulation/sensitivity_analysis/data/04117_stress.csv,1.2535732355971212,1.2955800307253702,1.2740556669986431,1.297469739533943,0.8849037338805795,0.0539024599560798,0.7514229986273679,0.055923483141802434,10334.199286956522,10378.04148125,0.08157340010489822
4118,material_r_cable,3,True,1.0949303771998218,1.22053964781982,55.75478783224186,1029.0849391410145,5431.793208527087,4.349399623606081,0.2299167900260453,23625.039336673777,0.2595197018167091,0.0542098,8252.8195681,6153.98576311,319.32288037,353.15729118,303.07167625,0.9647084404309644,0.964239416941993,/home/chaoyu/phd_simulation/sensitivity_analysis/data/04118_verts.csv,/home/chaoyu/phd_simulation/sensitivity_analysis/data/04118_stress.csv,1.2538161946207789,1.2996840724858396,1.2550276780834426,1.301572675864736,0.9012254343064465,0.0543278134816749,0.7705447542327143,0.055534720074815816,6057.707008510639,6052.933110638299,0.07816904558390568
4119,material_r_cable,3,True,1.052702531025935,1.3870663876782796,17.83947473466688,1101.0107081364708,19712.936790426385,3.422419028931039,0.2921909887557926,67465.92998767002,0.3707264379933093,0.00841722,46408.73280968,33827.07487177,3243.19289509,3379.27604591,1983.00194112,0.9521680739178006,0.9368640153173696,/home/chaoyu/phd_simulation/sensitivity_analysis/data/04119_verts.csv,/home/chaoyu/phd_simulation/sensitivity_analysis/data/04119_stress.csv,1.2287562675289168,1.2904825326405491,1.2108992041721796,1.292502630450566,,0.05787756124913475,,0.055672066013948585,30725.411921739134,33949.851743750005,
4121,material_r_cable,3,True,1.0655210985200103,1.3200550017636885,47.40685163411945,1612.5789405986495,7273.461761659183,3.950858847843945,0.2531095234003913,28736.42075550579,0.189900660022428,0.04522217,15877.27730206,10801.15225489,1411.61041148,257.7627286,566.05348341,0.9402374058002984,0.9770371130829606,/home/chaoyu/phd_simulation/sensitivity_analysis/data/04121_verts.csv,/home/chaoyu/phd_simulation/sensitivity_analysis/data/04121_stress.csv,1.2201142112640508,1.2976661040469142,1.2698492319567791,1.2996939573256068,0.9595365507541097,0.057770581913269975,0.773551558892077,0.057883896749496136,10475.199408,10670.1615125,0.10731421606718071
4122,material_r_cable,3,True,1.066815196026826,1.0937048357636372,15.41752010697957,740.4792691344718,4019.774843003474,1.382455224909264,0.7233507327990562,5557.1587346689685,0.1150543599029469,0.1964509,1466.17282482,957.48259949,15.53146963,156.34726336,42.81909758,0.986754075236668,0.9423970062157632,/home/chaoyu/phd_simulation/sensitivity_analysis/data/04122_verts.csv,/home/chaoyu/phd_simulation/sensitivity_analysis/data/04122_stress.csv,1.3870355839553823,1.405654781433468,1.3240409325646632,1.404971496971757,1.7203191534391622,0.05546187733740796,1.2458164919936348,0.05414243212536899,938.7428863636361,1081.8542799999998,0.15997335191873582
4123,material_r_cable,3,True,1.332046805235663,1.1373237039147426,53.35267160042739,218.2873535618104,14614.460089202514,2.180703272817871,0.4585676613892616,31869.800946990075,0.3199541059546029,0.00574907,11908.86316187,8016.63182322,921.61615638,1412.76261725,494.67443859,0.960329100403407,0.9475301225812484,/home/chaoyu/phd_simulation/sensitivity_analysis/data/04123_verts.csv,/home/chaoyu/phd_simulation/sensitivity_analysis/data/04123_stress.csv,1.2391598593198816,1.2903491717572086,1.224541478928344,1.29235097623331,,0.05575202426593161,,0.05469254049516562,7372.1862956521745,7959.248189361701,
4125,material_r_cable,3,True,1.2984886679668315,1.2714233706513451,45.13842181899948,1731.4428489566606,13857.999430012447,4.463955177150712,0.2240165862593378,61861.48830055569,0.2967287739953859,0.0222654,34719.72874776,21641.2130161,509.15282402,4187.59615146,1060.02912951,0.9822162510217626,0.9321671832030832,/home/chaoyu/phd_simulation/sensitivity_analysis/data/04125_verts.csv,/home/chaoyu/phd_simulation/sensitivity_analysis/data/04125_stress.csv,1.269202586798953,1.2921824348544928,1.2063996283629417,1.2941880492054545,0.8660696359940072,0.05655108468020992,0.6858132772974904,0.05478091923424245,21186.363380434785,21552.868636734693,0.11615332390908178
4126,material_r_cable,3,True,1.1261150064144645,1.1065060772420057,4.229047825000171,786.4208508191421,11720.473023116756,4.407474244426409,0.2268873156240396,51657.682981881626,0.1880677547893445,0.03514542,10946.64751397,6159.64494853,1130.059427,463.41302283,296.50532413,0.9565539784310751,0.9625880752583414,/home/chaoyu/phd_simulation/sensitivity_analysis/data/04126_verts.csv,/home/chaoyu/phd_simulation/sensitivity_analysis/data/04126_stress.csv,1.239021365537695,1.295296860894268,1.248849246552178,1.2973869910210647,0.9294629241012277,0.05555800879307132,0.6677550628210339,0.05604060657197515,4967.610831111111,6461.33305,0.1638523128483472
4127,material_r_cable,3,True,1.3344807087877302,1.0353817270041703,11.43020143607187,1153.6424194297629,8696.748665301102,4.906531192110712,0.20380997508136,42670.86859624706,0.2786868549107765,0.04585219,8417.55162514,4430.65291106,1177.74985404,1593.10008387,268.18700491,0.9455652122080108,0.9312807958605832,/home/chaoyu/phd_simulation/sensitivity_analysis/data/04127_verts.csv,/home/chaoyu/phd_simulation/sensitivity_analysis/data/04127_stress.csv,1.2314070284975849,1.3022973059913006,1.2146133560363686,1.3042396680304804,1.0878827334839989,0.05731490019110147,0.9691994692017798,0.05632248903649017,4498.5316130434785,4946.819893877551,0.057694954595039136
4128,material_r_cable,3,True,1.3033057385788442,1.3332923990487282,8.53916670478597,1478.618017981743,7530.97119963681,1.8747336101829584,0.5334091172038081,14118.564825279002,0.1242044035125882,0.06804084,7244.79358147,5458.83116415,605.50588227,457.06502774,299.07340159,0.9576964005251076,0.9565181770454304,/home/chaoyu/phd_simulation/sensitivity_analysis/data/04128_verts.csv,/home/chaoyu/phd_simulation/sensitivity_analysis/data/04128_stress.csv,1.2508704776164123,1.306124234079356,1.2514364523506862,1.3083247996564191,0.9634343609195445,0.0553653346152937,0.7600424636351896,0.05513415837907924,4831.515151111111,5613.71305625,0.11801255136511736
4129,material_r_cable,3,True,1.0555542159002085,1.3973689445547712,21.003056698857407,702.4615990412836,1411.155548413128,3.0936797166380816,0.3232396665439903,4365.663297146983,0.2940632620327597,0.09365752,2932.69519861,2251.12612924,158.53808557,49.76099906,128.03454422,0.960038410228112,0.972833612942075,/home/chaoyu/phd_simulation/sensitivity_analysis/data/04129_verts.csv,/home/chaoyu/phd_simulation/sensitivity_analysis/data/04129_stress.csv,1.2629863626687032,1.3155581581039124,1.282927617608459,1.318753382429486,1.1135501258366092,0.05526668531893318,0.9138703981516538,0.05558602945152259,2071.9462088888886,2268.0893425531913,0.09848954635822328
4130,material_r_cable,3,True,1.3736383765242062,1.1548012996337491,54.83724978384264,1880.4813608084607,19390.01770381975,3.889648957696396,0.2570926093526547,75420.36215137715,0.3115104064404808,0.02693228,25264.38107995,17553.85022327,1849.22552908,1415.91996338,958.55833004,0.9564941106818,0.9622687807675306,/home/chaoyu/phd_simulation/sensitivity_analysis/data/04130_verts.csv,/home/chaoyu/phd_simulation/sensitivity_analysis/data/04130_stress.csv,1.2364903717423577,1.292731819185978,1.245867163756275,1.2947184701997076,0.8226028437014438,0.05504297739230297,0.6387933144760611,0.055574229265376966,16366.440989130435,17079.074972340422,0.12577666103530064
4131,material_r_cable,3,True,1.2006155230230928,1.313524341757694,61.255633790488666,1295.379712888216,13989.573051947664,1.7565257193622317,0.5693056406615471,24573.044868642857,0.1919798746684503,0.03145177,15753.34205156,9014.43977325,623.91104957,2902.72192175,504.56080048,0.964533878234028,0.931065363704264,/home/chaoyu/phd_simulation/sensitivity_analysis/data/04131_verts.csv,/home/chaoyu/phd_simulation/sensitivity_analysis/data/04131_stress.csv,1.249138756208246,1.295069861615751,1.2075945142386837,1.2970029401955652,0.8507910791444172,0.057010936070142224,0.8173207562335925,0.05492203375038064,8939.695760416667,9067.674340816326,0.020064795537668528
4132,material_r_cable,3,True,1.3795119321519786,0.9822841296258764,61.97624188915719,404.9585187760416,17159.744798440363,4.383330224112074,0.2281370439532807,75216.82801305359,0.1508251327259679,0.01454499,13175.53399114,7448.44943727,732.60517889,768.83469385,440.48054424,0.9707828057355696,0.9684827964874732,/home/chaoyu/phd_simulation/sensitivity_analysis/data/04132_verts.csv,/home/chaoyu/phd_simulation/sensitivity_analysis/data/04132_stress.csv,1.2532818979989335,1.291001334793226,1.2522522398492086,1.2930041136413783,,0.0553227362732205,,0.054741728250486364,7165.727853333333,8193.8701375,
4133,material_r_cable,3,True,1.0533710443811164,1.31839263696036,76.2953535724303,503.741217781806,10453.385225790433,1.0821506358013082,0.9240857667283284,11312.13746836512,0.3489967792370138,0.0308036,5113.70623973,4369.34889718,126.47710666,187.81592832,268.96241744,0.9828362134129196,0.9788411243518628,/home/chaoyu/phd_simulation/sensitivity_analysis/data/04133_verts.csv,/home/chaoyu/phd_simulation/sensitivity_analysis/data/04133_stress.csv,1.2706637088164634,1.2928539785932966,1.267393398882751,1.294789692987156,0.873627739793562,0.05374782957745011,0.685310156921458,0.05513087155598651,4319.00554,4266.3628,0.12079864327432485
4135,material_r_cable,3,True,1.2899883226764222,0.9356446464454372,2.3927569303075087,386.89411469306833,1843.3376163343792,4.673463165135588,0.2139740840283241,8614.770450847558,0.3187629643398486,0.15114581,826.84768034,680.61280615,32.28673597,32.41064157,40.37316966,0.9827585409475812,0.9805001297115912,/home/chaoyu/phd_simulation/sensitivity_analysis/data/04135_verts.csv,/home/chaoyu/phd_simulation/sensitivity_analysis/data/04135_stress.csv,1.3282406754056912,1.351543253060914,1.3283253483012254,1.3547426543349317,1.1059698915677632,0.053349282536275716,1.29423830617917,0.056260040752254735,718.1680799999999,652.14775,-0.07843836829993904
4136,material_r_cable,3,True,1.1363867130853054,1.18569390782003,56.68386903251489,1516.9999642143027,7068.245569806859,3.0954015113600697,0.3230598668153444,21879.058019444263,0.4348515474119566,0.07242778,8862.68351885,5976.15424553,98.4763077,640.91824512,311.5513424,0.9867941298530702,0.9514435869600492,/home/chaoyu/phd_simulation/sensitivity_analysis/data/04136_verts.csv,/home/chaoyu/phd_simulation/sensitivity_analysis/data/04136_stress.csv,1.2890313574867454,1.3062819472575065,1.2446482959238263,1.3081682539903323,1.0974934631881499,0.05456132889771388,0.8053054774667864,0.05428294436178111,5938.455339999999,5826.123485106384,0.15355694155515637
4137,material_r_cable,3,True,1.0908214108063057,1.1935505996347069,58.37015452283024,1596.7570152156422,8784.510598194563,4.650448373270578,0.2150330290188164,40851.91302135206,0.2230136402065054,0.04908143,14514.6577253,9179.43047346,1381.46956344,1016.06647293,440.80325468,0.9370062731443636,0.9480049859975817,/home/chaoyu/phd_simulation/sensitivity_analysis/data/04137_verts.csv,/home/chaoyu/phd_simulation/sensitivity_analysis/data/04137_stress.csv,1.2192125081196918,1.3011785972662842,1.235271061532286,1.3030216926891114,1.0719368968069238,0.058074057086421514,0.7984571239406852,0.0575455219014929,9348.000784615384,8998.015574468085,0.14621505941134633
4138,material_r_cable,3,True,1.0082036093794695,0.8452362479975652,42.85009851806756,1758.6300039312357,1328.1803825194525,2.9019506015666607,0.3445958037535633,3854.313860041362,0.1160265924966639,0.58980537,2111.57183114,1396.21642865,43.06086891,102.09292047,47.13616597,0.9739467525975104,0.9501449415479712,/home/chaoyu/phd_simulation/sensitivity_analysis/data/04138_verts.csv,/home/chaoyu/phd_simulation/sensitivity_analysis/data/04138_stress.csv,2.0763089564380874,2.1318505872118605,2.0211641278106254,2.127216637619262,,0.13339970607870133,,0.12968948057574547,1497.7971125,1478.9387124999998,
4139,material_r_cable,3,True,1.3382266455847067,1.2693123941392663,5.904832094064398,1157.260253002023,15592.593405365273,1.491215452425827,0.6705939094000503,23251.91622947374,0.2670209178609612,0.03226293,10026.60053209,9238.10519426,228.86112237,278.06156905,558.85550562,0.9873496340539306,0.982974762705411,/home/chaoyu/phd_simulation/sensitivity_analysis/data/04139_verts.csv,/home/chaoyu/phd_simulation/sensitivity_analysis/data/04139_stress.csv,1.2765902720324729,1.2929465186419904,1.2728972403127348,1.2949439686624091,0.9022744718438737,0.053581524934615876,0.6862640104516821,0.05498452330893112,8936.126957777777,9152.7094125,0.1359806286090347
4141,material_r_cable,3,True,1.3620111941678048,1.211033403002954,74.19277053157339,933.1403007318088,15847.33700309844,1.825211845015756,0.5478816076779118,28924.747210011767,0.4633598390616013,0.01595802,18200.41041902,13127.6229215,399.3281223,2485.65710669,795.7301332,0.9820520631099192,0.9397729476689708,/home/chaoyu/phd_simulation/sensitivity_analysis/data/04141_verts.csv,/home/chaoyu/phd_simulation/sensitivity_analysis/data/04141_stress.csv,1.2679449235659443,1.29111782480317,1.2152351713773817,1.2931157194848737,,0.055777506239293256,,0.054108980297264686,12599.98658,12439.233102127659,
4142,material_r_cable,3,True,0.9338045563777192,1.3316924869033528,0.3511149250417675,985.6873026787454,17925.425935434596,2.89676229434904,0.3452129993374965,51925.697959913305,0.4922861247363738,0.01148379,31716.72597449,22902.16735665,2636.77885792,318.39255418,1454.84314849,0.951820535950378,0.983627483286286,/home/chaoyu/phd_simulation/sensitivity_analysis/data/04142_verts.csv,/home/chaoyu/phd_simulation/sensitivity_analysis/data/04142_stress.csv,1.2284311556622476,1.2906121577169778,1.2714769990241517,1.2926407818294834,,0.055667607030259275,,0.05584640706597031,20309.596082222222,22814.323077083332,
4143,material_r_cable,3,True,0.8558266529032419,1.0612498907811014,72.57134317846047,1500.841235615948,3962.570384742945,4.070603508937307,0.2456638181057003,16130.052912545683,0.3639239503420781,0.21125761,3791.7050328,2477.1709291,111.91343874,242.91992139,119.94291373,0.9569455548173036,0.9458828481967854,/home/chaoyu/phd_simulation/sensitivity_analysis/data/04143_verts.csv,/home/chaoyu/phd_simulation/sensitivity_analysis/data/04143_stress.csv,1.356910632984698,1.417960119208406,1.3585721203056087,1.4363006189355976,1.09460979182411,0.055040459638919764,1.9251538808807853,0.057492975187740485,2640.5714136363636,2282.0835954545455,-0.27503612172164826
4144,material_r_cable,3,True,1.0461132108323614,1.0654676518497177,7.972165544579051,295.4068599125615,17700.835399172847,2.8504282885909547,0.3508244722389868,50454.96195349444,0.20513590057559,0.01526887,11367.20586251,4021.73205709,2600.63109616,657.80091666,186.7850017,0.9364869233328752,0.954378781922226,/home/chaoyu/phd_simulation/sensitivity_analysis/data/04144_verts.csv,/home/chaoyu/phd_simulation/sensitivity_analysis/data/04144_stress.csv,1.2101897786955385,1.2922655389448243,1.2352383445836237,1.294285212518781,,0.06339355153487419,,0.060131584668564636,4847.88570625,4992.966385106383,
4145,material_r_cable,3,True,1.3365839418626,1.2385925633961303,75.77100908914157,288.4613240825743,10660.378274540624,4.33434262829851,0.2307154938493084,46205.73198912874,0.4589099255235414,0.00429327,27996.35974971,18164.67950404,414.22235011,3373.26597433,922.71755813,0.9803941933162306,0.9372099258509796,/home/chaoyu/phd_simulation/sensitivity_analysis/data/04145_verts.csv,/home/chaoyu/phd_simulation/sensitivity_analysis/data/04145_stress.csv,1.2649910659655987,1.2902882071207558,1.2111461129384398,1.2922890374200082,,0.05568942492585438,,0.054111280024901655,17760.841353333337,16803.4765893617,
4146,material_r_cable,3,True,1.2591963921628242,1.2943715470244337,0.0798865334256499,632.269572480074,2455.294060038558,4.87856347080343,0.2049783724214444,11978.307911384753,0.4933165710268308,0.03230119,6906.65991904,5708.1688377,88.4462385,716.71235377,287.68131622,0.9885134518257884,0.9359201307968692,/home/chaoyu/phd_simulation/sensitivity_analysis/data/04146_verts.csv,/home/chaoyu/phd_simulation/sensitivity_analysis/data/04146_stress.csv,1.278847622402618,1.2937078600605596,1.2127907930953323,1.2958272326750016,0.9442077223570587,0.05667465740880441,0.7288391970517502,0.05472434982894253,5526.241808888889,5590.481532000001,0.12872832363925074
4147,material_r_cable,3,True,1.104221457444324,1.2778337072003991,1.7000717261323082,1508.4072496013475,11361.01445158868,1.0646329820179783,0.9392908325125634,12095.310694344204,0.4902390087823809,0.0702865,6273.42423019,5447.62127146,148.2718392,228.99675368,332.33876124,0.9854637011506764,0.974472925449252,/home/chaoyu/phd_simulation/sensitivity_analysis/data/04147_verts.csv,/home/chaoyu/phd_simulation/sensitivity_analysis/data/04147_stress.csv,1.2844426774009217,1.303389131330908,1.272125249648492,1.3054495578335503,1.0876242143183583,0.054006114718369844,0.8227903422385572,0.054730891153988014,5233.102531111112,5387.507035416666,0.13862638931997226
4148,material_r_cable,3,True,0.8686666171630733,1.1145990022108336,86.63156170839805,1850.1180296186608,18053.48697230008,3.935938175854033,0.2540690314026634,71057.40858155931,0.35299632626358,0.06883566,15390.15446689,9302.71219746,712.71419128,1008.79070815,458.246075,0.945950035326017,0.9599795441822236,/home/chaoyu/phd_simulation/sensitivity_analysis/data/04148_verts.csv,/home/chaoyu/phd_simulation/sensitivity_analysis/data/04148_stress.csv,1.2367447364349278,1.3074102122198132,1.2574775465015835,1.3099003558172575,1.624335931876863,0.05380740410200771,1.5186033260593514,0.061753622329351276,9632.892408163265,8765.39415319149,0.03364131379584475
4149,material_r_cable,3,True,1.3591087882267323,0.9536127596150392,57.702526562209336,1109.02577710406,16394.207998778067,4.731880427707825,0.2113324745368536,77575.43195718901,0.4444227686812605,0.02784146,15115.92112573,7283.19801217,1717.19446782,2071.11818391,486.89816563,0.9484263169644868,0.9418343293393224,/home/chaoyu/phd_simulation/sensitivity_analysis/data/04149_verts.csv,/home/chaoyu/phd_simulation/sensitivity_analysis/data/04149_stress.csv,1.2275105919406712,1.2942603658125131,1.2208529347027752,1.2962501967402045,0.9229730255416194,0.057971903597993306,0.7655051597173481,0.055131701382026756,6814.67228695652,8520.686017021275,0.09326023113536401
4150,material_r_cable,3,True,1.2751109619911016,0.9822469253133626,3.334481872249801,1321.9418808822556,16873.895929969112,3.7554059741245736,0.2662827952264497,63368.32958216233,0.3703227307943443,0.05137462,9356.46484459,5456.35992868,538.94147353,1125.72197041,347.98736116,0.9735568179443336,0.9497895116885272,/home/chaoyu/phd_simulation/sensitivity_analysis/data/04150_verts.csv,/home/chaoyu/phd_simulation/sensitivity_analysis/data/04150_stress.csv,1.2658765240793348,1.3002595233755692,1.236794961499572,1.30217795235579,0.8737931165744816,0.05474083394805375,0.827055758813705,0.05496753714965968,5490.283577777778,5556.679121276596,0.027478842145872408
4151,material_r_cable,3,True,0.9369741714886054,0.8151296153573471,83.72086717436034,810.1467827559007,3085.9135898048435,2.446384588145089,0.4087664731236005,7549.331446446055,0.1174142791683898,0.38354643,1626.28620772,747.5296247,45.66294311,111.72632341,21.36107765,0.9677081303156057,0.9322263839858498,/home/chaoyu/phd_simulation/sensitivity_analysis/data/04151_verts.csv,/home/chaoyu/phd_simulation/sensitivity_analysis/data/04151_stress.csv,1.656768327555879,1.7120537439481318,1.5844717477357135,1.6996641319687902,1.919273056459985,0.054649534355059176,2.323704776827938,0.0564121447049827,641.2576421052632,814.2601690476191,-0.09531789612357117
4152,material_r_cable,3,True,1.1012381789321868,1.2191442423795202,13.43685546779818,407.9061489768548,3286.0858998481995,1.7058262314819417,0.5862261826817184,5605.491526864,0.257382624584669,0.0779882,1702.61542015,1468.21392034,50.23669078,90.17294593,79.86030457,0.9840111087278196,0.9665147335478208,/home/chaoyu/phd_simulation/sensitivity_analysis/data/04152_verts.csv,/home/chaoyu/phd_simulation/sensitivity_analysis/data/04152_stress.csv,1.2869117828665733,1.30782241323511,1.2661050487768712,1.3099697343767676,1.1159034290848615,0.05466468087536639,0.7724927962661434,0.05463661816811266,1386.1847622222224,1501.3468437500003,0.1818530603951439
4153,material_r_cable,3,True,0.8521883251867928,1.1348061162172058,72.68267320722943,671.7740876854023,4425.46940442384,4.548748983619707,0.2198406646752886,20130.349455413056,0.4778869116784302,0.02260677,5996.09984188,3029.89151905,130.18380691,8125.81036158,162.45572365,0.9688432259992626,0.9308935422841094,/home/chaoyu/phd_simulation/sensitivity_analysis/data/04153_verts.csv,/home/chaoyu/phd_simulation/sensitivity_analysis/data/04153_stress.csv,1.2645728589860283,1.3052399243249606,1.2168468325044832,1.3071815167164418,,0.0678291473046274,,0.10177653394740052,2997.0192666666667,2931.407232653062,
4154,material_r_cable,3,True,1.239536268515974,0.8107947697685808,65.52127757120313,265.5608442791719,15052.674593903408,1.0273316741507443,0.973395472135775,15464.089391001164,0.2730929127230808,0.06204341,6275.9088844,4440.70667798,110.27841299,284.54181696,242.21514187,0.9434150924173074,0.9350002479415336,/home/chaoyu/phd_simulation/sensitivity_analysis/data/04154_verts.csv,/home/chaoyu/phd_simulation/sensitivity_analysis/data/04154_stress.csv,1.3055332841723324,1.383837607290309,1.2518499588406289,1.338876606286107,,0.17036950002677517,,0.1466856872589456,4326.869182222222,4641.386443478261,
4155,material_r_cable,3,True,1.2672289633777338,1.025848705479166,70.78949387135201,344.7127474470034,15669.949065104403,3.519947132558383,0.2840951759616843,55157.39227905016,0.3872933633620435,0.01176947,10602.25062616,6094.28635609,588.07824967,1250.38647117,382.43270362,0.9701532458935556,0.9526646928018238,/home/chaoyu/phd_simulation/sensitivity_analysis/data/04155_verts.csv,/home/chaoyu/phd_simulation/sensitivity_analysis/data/04155_stress.csv,1.252243198408474,1.2907684468499618,1.2315754134754353,1.2927690327782846,,0.05586473209487353,,0.05433601690765642,5472.181154347825,6442.181742553193,
4157,material_r_cable,3,True,1.1137394313648985,1.2486579197037797,75.93992005697528,1963.8273133847224,1731.8877250305652,3.173400804592393,0.3151193503678602,5495.973900075685,0.4114395025966706,0.23195383,3513.56135126,2696.01951943,103.48105863,178.66781833,120.27860615,0.9587277395989368,0.951786504773261,/home/chaoyu/phd_simulation/sensitivity_analysis/data/04157_verts.csv,/home/chaoyu/phd_simulation/sensitivity_analysis/data/04157_stress.csv,1.3790902633674935,1.4384587056429667,1.3750584895423106,1.444713160615661,1.3608225088015926,0.0546376025191471,1.5421911001141724,0.05575171815884857,2831.268161363637,2549.9279555555554,-0.062475970059375094
4158,material_r_cable,3,True,1.2585772485485884,1.0212258052454883,23.801157411552364,1448.3839887191598,7138.959113711915,1.700980587024007,0.5878961862519402,12143.230863982077,0.2245292756910227,0.13794148,3715.15226371,2383.91925102,267.86157544,396.95429505,134.09649733,0.9533585508830912,0.942546295329472,/home/chaoyu/phd_simulation/sensitivity_analysis/data/04158_verts.csv,/home/chaoyu/phd_simulation/sensitivity_analysis/data/04158_stress.csv,1.291928268931846,1.3551336669033278,1.2793940551076155,1.3573805991783106,1.0843729433724596,0.05467094247456916,1.198382682618385,0.05499764074988715,2425.358846666667,2375.8458869565216,-0.04994390899658334
4159,material_r_cable,3,True,0.97097069213129,0.9038144393679446,87.93596693357057,1525.5761178420305,7343.748798023031,2.3423266790267765,0.4269259317899646,17201.458733680167,0.1193636582830745,0.3165274,2299.25075823,1474.88794837,53.52243779,145.5556894,33.00778625,0.983030097695199,0.9619121411376984,/home/chaoyu/phd_simulation/sensitivity_analysis/data/04159_verts.csv,/home/chaoyu/phd_simulation/sensitivity_analysis/data/04159_stress.csv,1.5308480364732109,1.5572748383415922,1.508515946815306,1.5682471218536798,1.7607447963359701,0.05408949897339418,1.4592866155966246,0.05538752515523608,1531.481215,1535.1290046511629,0.09361963974084857
4160,material_r_cable,3,True,1.387498191753633,1.347792596405462,17.613913498212746,1894.30810214608,4753.871350815165,3.293320001635506,0.3036449538773599,15656.019604841584,0.1716087646179004,0.08604728,8189.14847639,6700.2240397,335.45271427,320.87006642,328.02679602,0.971172966544097,0.9637264285186063,/home/chaoyu/phd_simulation/sensitivity_analysis/data/04160_verts.csv,/home/chaoyu/phd_simulation/sensitivity_analysis/data/04160_stress.csv,1.2742432464361122,1.3120662233530715,1.2667655443086134,1.314445164958093,1.096652871848846,0.054727750905248666,0.8403394756703707,0.05490686933041069,6194.4184888888885,6796.810966666667,0.1323254562707726
4161,material_r_cable,3,True,1.286998876579751,1.21436655517935,35.372798050306706,1256.4549911592685,15608.372118367788,3.021917533596839,0.330915714569401,47167.21337539965,0.2929149017625733,0.0229507,20465.71983651,13353.25087932,1147.43300709,2231.56673911,716.24242784,0.9627180855795414,0.9408529351281542,/home/chaoyu/phd_simulation/sensitivity_analysis/data/04161_verts.csv,/home/chaoyu/phd_simulation/sensitivity_analysis/data/04161_stress.csv,1.2441342579040031,1.2923142055184862,1.2177693923776087,1.2943249119074445,0.8240016576184075,0.05602484697246482,0.6546868548867711,0.05483911734803829,12180.703743478263,13441.293191489367,0.11450335976762609
4162,material_r_cable,3,True,1.2786023323988858,1.1626032213705886,30.229178586782112,641.2504783358605,11350.153870626198,3.5884283327067616,0.2786735326118934,40729.21372993637,0.4216642886495785,0.01407717,19795.59349073,10796.42536126,2830.32352387,431.03086982,577.17490899,0.9367740591983938,0.974290729603268,/home/chaoyu/phd_simulation/sensitivity_analysis/data/04162_verts.csv,/home/chaoyu/phd_simulation/sensitivity_analysis/data/04162_stress.csv,1.2094308457633045,1.2910592835995325,1.259820954644312,1.2930647047799706,,0.057668838231919026,,0.058418456305462746,9015.78774375,10612.478591666666,
4163,material_r_cable,3,True,1.3996444287068113,0.8601459511001855,28.05464386939605,1814.315266617013,6970.380127539736,2.4829774504518656,0.4027422801677134,17307.296677758965,0.3603365856582241,0.12708557,5525.62745101,3690.42794769,526.75926447,161.61314696,239.68535126,0.9388934176463336,0.97253038751275,/home/chaoyu/phd_simulation/sensitivity_analysis/data/04163_verts.csv,/home/chaoyu/phd_simulation/sensitivity_analysis/data/04163_stress.csv,1.2616298985715804,1.3437413393889792,1.30959476143087,1.3465849275724568,1.5748222811133883,0.05455733568867605,1.2574198166633563,0.05862680376453228,4098.949911111112,3657.467682608697,0.11206756113793617
4164,material_r_cable,3,True,0.9514357504575924,1.0859424395327288,41.41759532519549,232.6629564355729,9209.96522006265,2.801878221160746,0.3569034487108172,25805.200967741475,0.4363271296132338,0.02444045,6480.61574205,2533.73985663,834.09263065,209.69656469,118.70092454,0.9401234066796884,0.9670246054306402,/home/chaoyu/phd_simulation/sensitivity_analysis/data/04164_verts.csv,/home/chaoyu/phd_simulation/sensitivity_analysis/data/04164_stress.csv,1.2163902846583374,1.2938623546820982,1.2531184949700842,1.2958496484296171,1.1037351535327105,0.05895661099427445,0.6730650055044548,0.05980852991449298,2649.5184836734693,2603.8446875,0.242385248469154
4165,material_r_cable,3,True,1.2413962909859566,0.9961752084791946,44.82052515298171,241.5770068372265,19131.39266582344,1.2133287391996057,0.8241789448255121,23212.668542356136,0.2483849545089179,0.00950532,9241.47235627,5200.41453237,2340.70528298,844.64841975,289.56522051,0.9332812150411558,0.9522620315995912,/home/chaoyu/phd_simulation/sensitivity_analysis/data/04165_verts.csv,/home/chaoyu/phd_simulation/sensitivity_analysis/data/04165_stress.csv,1.204710794838278,1.2908336473751405,1.2311134799236765,1.292830585564433,,0.05776482239640773,,0.05802856699413503,5692.169489583334,5569.076540425532,
4166,material_r_cable,3,True,1.148014212849351,1.0458786816024352,77.04665013740195,403.7635035543868,19669.810424972275,3.86246498331314,0.2589020235316726,75973.95399486316,0.1863286192429328,0.01740221,11346.71453953,4844.40873078,595.23111716,1491.54354593,269.27857828,0.9692936872182562,0.9531694594192744,/home/chaoyu/phd_simulation/sensitivity_analysis/data/04166_verts.csv,/home/chaoyu/phd_simulation/sensitivity_analysis/data/04166_stress.csv,1.2520789575377698,1.2917436418378725,1.233140933074112,1.293726861355181,,0.05630758682146585,,0.054700997583139885,4674.85448478261,6052.848493617023,
4168,material_r_cable,3,True,0.8059697770684846,0.9508083304418442,10.491071044182217,776.2839514198397,8188.184911796862,1.6436516323278054,0.6084014278522998,13458.52349607682,0.1326231968203599,0.28810796,2633.01595737,1399.66507017,24.46431711,54.09129516,66.08616254,0.985623358061912,0.9727307947527538,/home/chaoyu/phd_simulation/sensitivity_analysis/data/04168_verts.csv,/home/chaoyu/phd_simulation/sensitivity_analysis/data/04168_stress.csv,1.5416749415629163,1.5641623435085794,1.4711560413391278,1.5123979309332574,,0.11578208577669012,,0.05782527768397349,1168.4820292682928,1434.2330095238094,
4169,material_r_cable,3,True,1.0300118341009654,1.177389160075461,89.8381698940308,1718.2745683195778,13585.711867791895,3.13359438135036,0.3191223490671022,42572.11037555759,0.4677265917758254,0.04955735,13999.25277073,10083.01516147,532.36326511,708.97409138,538.41818482,0.9635475051879506,0.9679289587698684,/home/chaoyu/phd_simulation/sensitivity_analysis/data/04169_verts.csv,/home/chaoyu/phd_simulation/sensitivity_analysis/data/04169_stress.csv,1.2507348628466426,1.298052100298545,1.258167723323896,1.2998554407576453,0.8576848149188026,0.054157144146965326,0.7717828070745459,0.05563231417529462,9797.903239130434,9647.886723404255,0.0527178366018538
4170,material_r_cable,3,True,1.2064108144880543,1.0825414256339108,28.7579301365058,1661.4023622368306,14460.51791712979,4.144098486203398,0.2413070064162849,59925.81041009467,0.1954457099974111,0.06013435,12359.91776491,6469.317245,330.27329134,1558.25924971,341.93547287,0.9810017540090294,0.9383691676845818,/home/chaoyu/phd_simulation/sensitivity_analysis/data/04170_verts.csv,/home/chaoyu/phd_simulation/sensitivity_analysis/data/04170_stress.csv,1.2799126650389705,1.3046996703200486,1.2261759204525289,1.3067095154864343,1.0221208468613225,0.05646990912015469,0.9389762459424797,0.0543868970042451,5956.001799999999,7208.087106382978,0.042396983415017984
4172,material_r_cable,3,True,1.3820170063306332,0.8299934061652365,73.7642278843838,269.77143443599755,18905.37745152849,1.657367531516473,0.6033664718199293,31333.15875922696,0.4454449796017444,0.00914883,10026.75246719,8609.02344563,475.25968565,160.84901754,565.76375417,0.9747056576231028,0.9864273515327266,/home/chaoyu/phd_simulation/sensitivity_analysis/data/04172_verts.csv,/home/chaoyu/phd_simulation/sensitivity_analysis/data/04172_stress.csv,1.2578102679289238,1.2904513871358805,1.274917895455825,1.2924600007033835,,0.054743434958271234,,0.05522587109796921,8256.653217777777,8751.918383333332,
4173,material_r_cable,3,True,1.3243046502001654,1.0831836531332006,49.226808535768825,1572.707019598411,6104.582062812491,1.5729390158936465,0.6357525561357267,9602.135302322284,0.4700476185458345,0.11433413,3912.95456642,3505.82646843,74.81438835,73.8845541,211.29623299,0.9876511723849676,0.986849191376803,/home/chaoyu/phd_simulation/sensitivity_analysis/data/04173_verts.csv,/home/chaoyu/phd_simulation/sensitivity_analysis/data/04173_stress.csv,1.3066970504997104,1.3230349814138476,1.307424542935108,1.3248473569817227,1.2779898708241368,0.05334103257899079,1.078247303335779,0.05503350965043647,3450.201677777778,3512.5457957446806,0.08477184286831117
4174,material_r_cable,3,True,0.8966524702836516,1.0233767444806523,47.98573897952234,772.6035576674666,5140.988024710327,2.399207999672016,0.4168042121136246,12334.299595103052,0.3979983927016576,0.20009874,2212.27365107,1269.67557687,82.1317075,164.90078746,55.13464671,0.9682450483250032,0.9459842297744864,/home/chaoyu/phd_simulation/sensitivity_analysis/data/04174_verts.csv,/home/chaoyu/phd_simulation/sensitivity_analysis/data/04174_stress.csv,1.366587230244407,1.4114063713607503,1.3372187894445324,1.4135740822691227,1.3930162526364518,0.056459175728429095,1.5204042475099846,0.05599414641411638,1264.7765113636365,1335.825546666667,-0.04372454812723736
4175,material_r_cable,3,True,1.3836498161042354,1.3811528502785992,79.21643467602699,1186.1495252275104,15017.244171453314,2.1742267626306497,0.4599336266057528,32650.894178532933,0.1795162668845315,0.01723786,23963.95417703,15211.96800893,1434.48294488,4105.47124274,844.71427394,0.9544205555508258,0.93295008057727,/home/chaoyu/phd_simulation/sensitivity_analysis/data/04175_verts.csv,/home/chaoyu/phd_simulation/sensitivity_analysis/data/04175_stress.csv,1.2327528804586765,1.2916244031932196,1.2068579874536427,1.293593314989469,,0.0566772157410537,,0.05489691177302355,15198.378208333335,14591.595828571428,
4176,material_r_cable,3,True,0.9317410245418952,1.2828730439666818,76.81378617148096,1685.5947088328562,4572.222380944855,1.1995204651032196,0.8336664768065872,5484.474316946323,0.4613305362791585,0.17969102,3199.86983726,2431.01378375,121.56170833,213.22544879,142.17521672,0.9608434647650528,0.9538060917667128,/home/chaoyu/phd_simulation/sensitivity_analysis/data/04176_verts.csv,/home/chaoyu/phd_simulation/sensitivity_analysis/data/04176_stress.csv,1.328231945084948,1.3823603883383124,1.3227161220203176,1.3867767604317576,1.1719399448649048,0.05430726139765873,1.3722752602451609,0.055692088960536124,2488.8602933333336,2328.0436555555557,-0.07874149756588272
4177,material_r_cable,3,True,0.8822544369775279,1.3221023543793662,26.163126027264475,472.4518303393253,4236.962024908096,1.9752275939980848,0.5062707725624096,8368.964306320473,0.4819363407283896,0.03456907,4664.42973797,3397.22365943,283.56344427,259.6613458,222.30411443,0.9616389062731868,0.9500800193463278,/home/chaoyu/phd_simulation/sensitivity_analysis/data/04177_verts.csv,/home/chaoyu/phd_simulation/sensitivity_analysis/data/04177_stress.csv,1.2445737657638358,1.294221518747778,1.2316676080471542,1.2963830235000249,0.8868053397862886,0.056072967828700075,0.6615549183522511,0.055371667751573,3152.8099765957445,3410.5593489361704,0.14547675209956418
4178,material_r_cable,3,True,0.8594114211351006,1.3752747916120054,33.3995630811272,1687.722388996693,3036.7493401298493,3.1241226870814782,0.3200898620707464,9487.17750847937,0.2282719242861949,0.09558181,6402.52487854,4522.57704896,466.51694177,462.25236405,289.42872929,0.9432921949646044,0.9309150947282588,/home/chaoyu/phd_simulation/sensitivity_analysis/data/04178_verts.csv,/home/chaoyu/phd_simulation/sensitivity_analysis/data/04178_stress.csv,1.2498079859303728,1.3249425709255125,1.2368284733922332,1.3286157678571888,1.136342039078677,0.05977612142732245,1.0289032351810927,0.05662206208561151,4251.639573913044,4577.86345625,0.049619692131328726
4179,material_r_cable,3,True,1.152667510423191,1.0804416109398525,3.827671212882606,614.593353446924,1348.4203615385943,2.4340473211170988,0.4108383560682185,3282.118968742766,0.2320358072388428,0.24362373,988.53567448,725.53476681,48.06309314,23.97537786,28.51092259,0.9675731035235678,0.976363058379322,/home/chaoyu/phd_simulation/sensitivity_analysis/data/04179_verts.csv,/home/chaoyu/phd_simulation/sensitivity_analysis/data/04179_stress.csv,1.4025132673427894,1.4495165918061583,1.4128650932663558,1.4470693879094414,1.5263405714471079,0.05412370783708587,1.468444694990667,0.055293780455459136,655.8715414634146,807.1383795454545,0.01933222962770434
4180,material_r_cable,3,True,0.9502000320285616,1.0900613167746287,60.84562224309983,1246.7699101302258,2553.8919083369847,3.6138715776828505,0.2767115484057079,9229.437380013243,0.2148784328011607,0.24209369,2459.93250344,1924.36248794,87.98253686,55.16900677,85.98717639,0.9632517903634588,0.9758102627312528,/home/chaoyu/phd_simulation/sensitivity_analysis/data/04180_verts.csv,/home/chaoyu/phd_simulation/sensitivity_analysis/data/04180_stress.csv,1.394750520451315,1.4479604755523383,1.4223592424172562,1.457618654712783,1.2685700502889472,0.05658840999876399,1.6776599427053658,0.05856719757430901,2030.9445785714288,1895.8936255813953,-0.13885198826607975
4181,material_r_cable,3,True,1.1030999621781814,1.164840477920244,18.65157143827942,1864.951679318341,2413.0652785166294,4.573414784395019,0.2186549978830057,11035.948420478237,0.2758788409915241,0.21166687,4227.80073902,3193.6750804,186.54714801,20.11558059,134.98101677,0.9636034514804744,0.9888135486007692,/home/chaoyu/phd_simulation/sensitivity_analysis/data/04181_verts.csv,/home/chaoyu/phd_simulation/sensitivity_analysis/data/04181_stress.csv,1.3603666633373563,1.4117494714732468,1.3936924763086134,1.409459324541793,1.54256190816141,0.0551296569149916,1.433684999389731,0.05664690521760245,2869.8809113636366,3450.320584444445,0.036581947719271396
4183,material_r_cable,3,True,0.9422814907522088,1.302268409956392,12.007661383147177,1013.4843051094028,16800.69781016047,4.433820190478881,0.2255391416520193,74491.27316482381,0.1175278926053825,0.01350656,32779.58736904,25877.20119143,1572.7077775,229.32089448,1420.66808254,0.9659074913500472,0.9867672211558272,/home/chaoyu/phd_simulation/sensitivity_analysis/data/04183_verts.csv,/home/chaoyu/phd_simulation/sensitivity_analysis/data/04183_stress.csv,1.2467242583129603,1.2907284284237368,1.275678222379091,1.2927853652098968,,0.05464664119327348,,0.05555223672806838,23877.439048888886,25801.203453191487,
4186,material_r_cable,3,True,1.228012458184872,1.0582953856853203,75.47877597419948,705.4942377228526,3736.7582169594825,2.97803652290762,0.3357917179013122,11128.202447380494,0.4658557770341576,0.07394907,3185.15111423,1909.97831112,485.51126842,348.5282714,108.48969841,0.9345971570372448,0.9437501285920749,/home/chaoyu/phd_simulation/sensitivity_analysis/data/04186_verts.csv,/home/chaoyu/phd_simulation/sensitivity_analysis/data/04186_stress.csv,1.228628376101761,1.314607440061792,1.2424721101060483,1.3165265597999114,1.1934722228063774,0.058703492213325346,0.9434122945269378,0.05639973130329726,1725.3483187499999,1874.2142319148943,0.11702079651524513
4187,material_r_cable,3,True,1.1110882918813203,1.0314819920080682,7.401561381370118,1808.027847516515,10978.264511742353,3.111941072438664,0.321342845742369,34163.71223818682,0.2335144037494412,0.14266131,4829.49080942,2938.46660022,419.18764489,393.01992634,144.33089428,0.960640538461817,0.9525135999911484,/home/chaoyu/phd_simulation/sensitivity_analysis/data/04187_verts.csv,/home/chaoyu/phd_simulation/sensitivity_analysis/data/04187_stress.csv,1.3035337585360025,1.3569422758519312,1.2929007770173977,1.3573567632309005,1.1860600893650737,0.05491917531599068,1.0550888367865325,0.055193926949906304,2563.650628888889,3294.990897826087,0.05843933486537137
4189,material_r_cable,3,True,0.8219879669249945,1.215955183550059,68.62407110716187,1318.76839565318,8345.496762149984,4.537413177368416,0.2203898919736409,37866.966980264784,0.4160685544105732,0.04091914,14372.78418879,9489.16677063,93.52662987,1202.59655421,567.91870661,0.9856722321948936,0.947142353678782,/home/chaoyu/phd_simulation/sensitivity_analysis/data/04189_verts.csv,/home/chaoyu/phd_simulation/sensitivity_analysis/data/04189_stress.csv,1.2772937363933914,1.2958605251048976,1.2289992622673784,1.2975866378415453,0.919275944972619,0.05395046566047204,0.7626979845132955,0.05448656222159642,9619.675941666666,9175.884582978722,0.09309178799648851
4191,material_r_cable,3,True,1.0358109985307045,1.129385344472191,0.7987187602299137,1855.293078302669,16581.159503557454,2.7654912912522507,0.3615994030294656,45855.05220595264,0.2888832126285156,0.0629928,13106.11332801,7178.85509158,1697.28215515,1207.26341484,354.59027991,0.9419507200216138,0.934456687647513,/home/chaoyu/phd_simulation/sensitivity_analysis/data/04191_verts.csv,/home/chaoyu/phd_simulation/sensitivity_analysis/data/04191_stress.csv,1.233927842137968,1.3099706979465493,1.2259453980865909,1.311933890882517,1.2487456710342801,0.05843974323748371,1.0280572711746094,0.05532579411813083,5694.504159999999,7825.40494680851,0.09692907355678533
4192,material_r_cable,3,True,1.1807765353591213,1.327276522811216,11.190649497559516,1553.990561895954,4850.399894737566,3.003178846751718,0.3329805020042727,14566.61836216262,0.1352941553120016,0.08565981,7988.08117429,5621.38568873,717.85224979,83.06597573,281.48024571,0.949057861995498,0.9824962488033184,/home/chaoyu/phd_simulation/sensitivity_analysis/data/04192_verts.csv,/home/chaoyu/phd_simulation/sensitivity_analysis/data/04192_stress.csv,1.2467062688756645,1.313625142153428,1.2933219627105756,1.316363257657058,1.0392737165244548,0.05573025113767771,0.9122921646631363,0.056532108869554225,4805.041331111111,5688.860489361703,0.06506649510804423
4193,material_r_cable,3,True,1.117006322218406,1.2097081728043038,77.91965686491676,995.7054727754668,3149.158251493515,2.690131335072637,0.3717290628016861,8471.649291445261,0.3437721746415523,0.1087871,3775.16600671,2462.0761467,150.30450844,355.68571836,125.16590772,0.9568069286721842,0.9428289768788716,/home/chaoyu/phd_simulation/sensitivity_analysis/data/04193_verts.csv,/home/chaoyu/phd_simulation/sensitivity_analysis/data/04193_stress.csv,1.2735545057264712,1.33104649178686,1.256577106403643,1.3327731086112764,0.9975190200866191,0.05493116690555191,1.054589270061548,0.05486135740664298,2470.781317777778,2319.781508510638,-0.02781054501310373
4194,material_r_cable,3,True,1.1234259869547647,1.1408085720158794,25.80319547684769,1983.237808586806,18774.63102132748,4.594798495804531,0.2176374004024531,86265.6463760806,0.2948345552900092,0.03857184,23060.9022802,14740.18212436,339.23445287,2678.86260844,710.94454413,0.9880239866099676,0.9345288809997928,/home/chaoyu/phd_simulation/sensitivity_analysis/data/04194_verts.csv,/home/chaoyu/phd_simulation/sensitivity_analysis/data/04194_stress.csv,1.2804577103815944,1.2959783646295906,1.2130817536439231,1.2980676983959285,0.9749559372615996,0.05736149877730943,0.8244585609752227,0.054939972331349174,14184.134332608692,15596.448395918365,0.08363685878592368
4195,material_r_cable,3,True,1.3655850199517614,1.0414487233660563,82.21852236601744,1871.152437432953,11410.93722562427,2.0356957076208406,0.4912325532035043,23229.19593013419,0.1458861093946029,0.08084756,8388.70217816,4861.83212291,1109.16202807,752.46095649,296.35597227,0.9400199904115332,0.9440346258774251,/home/chaoyu/phd_simulation/sensitivity_analysis/data/04195_verts.csv,/home/chaoyu/phd_simulation/sensitivity_analysis/data/04195_stress.csv,1.2392870398942526,1.3183624311560678,1.246445679311862,1.3203389421795446,1.164250479458699,0.058095215008504994,0.9454557086278258,0.055085413643475904,4363.68687111111,5439.112331914893,0.10370864533952812
4196,material_r_cable,3,True,1.3844882088920487,1.1443094631171955,41.53021640445378,965.3098691594304,15341.051709413956,2.616633841658168,0.3821703992662181,40141.915069480434,0.2252170141461546,0.02169316,15846.22608931,9123.30419528,3020.7914153,189.98852169,559.84897285,0.9360618757355652,0.9893053583784444,/home/chaoyu/phd_simulation/sensitivity_analysis/data/04196_verts.csv,/home/chaoyu/phd_simulation/sensitivity_analysis/data/04196_stress.csv,1.2095814385565151,1.2922024386539788,1.2803532900949293,1.2941942336120944,0.9255356330922401,0.05733300320900606,0.662519867819041,0.06001561789315556,8983.94007142857,9196.908993750001,0.16562126772160765
4197,material_r_cable,3,True,1.0958631373949412,1.2321005209096016,70.97974397106698,1784.825707939617,18686.252469429448,1.9851281351143564,0.5037458198850189,37094.60551691452,0.4311972796449296,0.03295817,17136.23525897,11831.36081834,2899.61490818,1471.00707657,676.05728691,0.9321464086598992,0.9512029002192224,/home/chaoyu/phd_simulation/sensitivity_analysis/data/04197_verts.csv,/home/chaoyu/phd_simulation/sensitivity_analysis/data/04197_stress.csv,1.2074742834094965,1.2953697747389517,1.2339733915467994,1.297276733767745,1.0308016771490247,0.05709489405805131,0.704714285146554,0.058207407605395785,11645.059540384615,11360.972761702129,0.1878907478160862
4198,material_r_cable,3,True,0.9676626382167096,1.0024278637919113,24.938362605117995,1126.261450269853,2862.7290406090647,2.585273490697543,0.3868062715988264,7400.937499736625,0.4165714601974408,0.27584578,1986.16312096,1225.12171193,158.45369015,35.44444735,43.48665621,0.9460225233747344,0.9766958664028764,/home/chaoyu/phd_simulation/sensitivity_analysis/data/04198_verts.csv,/home/chaoyu/phd_simulation/sensitivity_analysis/data/04198_stress.csv,1.4246490412277608,1.505935647436414,1.4591480027573924,1.4939635284127533,1.59045401286962,0.056720370721008065,1.5306739552144495,0.05710840891406237,1051.1380372093024,1394.214706976744,0.01915335041256481
4200,material_r_cable,3,True,1.099006834666964,0.8763408305975907,86.31392064542646,1167.1927801317777,8001.642101382978,1.0891264010393304,0.9181670732118156,8714.799664284028,0.3475698005367331,0.22336009,2425.56419945,1692.28589171,61.38007797,174.23787282,82.78264181,0.978731046500043,0.945665098920824,/home/chaoyu/phd_simulation/sensitivity_analysis/data/04200_verts.csv,/home/chaoyu/phd_simulation/sensitivity_analysis/data/04200_stress.csv,1.416932801914102,1.447724384529412,1.3535807197250334,1.4313531516281135,1.942198506959796,0.05643070848203854,1.3212653612156424,0.054126274392575086,1469.6831904761905,1840.6135822222222,0.1902681233272883
4201,material_r_cable,3,True,1.3491962543546538,0.974551629646565,32.71351470367304,1659.6232200553363,9051.49152375268,2.938962585024013,0.340256117956612,26601.99492697112,0.3250762217179948,0.08669093,6797.41575782,3859.53044251,306.26924154,1223.31735547,248.0267672,0.966227727481339,0.9302607413463144,/home/chaoyu/phd_simulation/sensitivity_analysis/data/04201_verts.csv,/home/chaoyu/phd_simulation/sensitivity_analysis/data/04201_stress.csv,1.2764032009425854,1.3210169452182658,1.2306107335181888,1.322866459716654,1.0381193069296197,0.05606323636750632,1.3127761989632203,0.054774369910981086,3726.894304444444,3979.842030434782,-0.11683075293867193
4202,material_r_cable,3,True,1.0317869135186335,1.0975667333694763,14.626553139994028,222.84154921384308,16373.68371222877,1.3082136838203715,0.7644011160926735,21420.27708688442,0.4376024765095236,0.0153534,5344.79745265,2863.67879426,662.64167436,880.88625129,161.20372874,0.95579583145604,0.9420456306487413,/home/chaoyu/phd_simulation/sensitivity_analysis/data/04202_verts.csv,/home/chaoyu/phd_simulation/sensitivity_analysis/data/04202_stress.csv,1.2345111342419284,1.291605480598612,1.2186364163139525,1.29360656922185,,0.05779958411171142,,0.05507377443110265,2425.9015086956515,3326.0102680851073,
4203,material_r_cable,3,True,1.2458899020192316,1.1262591290919184,1.9240844083421915,824.1105957568356,4140.853324067864,3.4874505567076515,0.2867424164843374,14441.021230265203,0.1503601897546158,0.09107866,3360.10783249,2280.62201395,158.4722295,321.83007533,117.30553819,0.9729170256906832,0.9463579516468144,/home/chaoyu/phd_simulation/sensitivity_analysis/data/04203_verts.csv,/home/chaoyu/phd_simulation/sensitivity_analysis/data/04203_stress.csv,1.2830387814666324,1.3187545778179706,1.249916054400734,1.3207645714031142,1.0833631445432073,0.05549125632125562,0.9100927115119858,0.05437066543505103,2014.824988888889,2440.8828148936173,0.08691962378043455
4204,material_r_cable,3,True,1.1129617089079331,1.2795678082898625,8.152233146329186,971.5423238666582,13699.959898687712,2.950956307541996,0.3388731976289245,40427.9830761049,0.139538333225502,0.02295072,19131.96145776,12570.21754789,2202.77438678,268.40625357,641.91088842,0.9461598401560488,0.9807082665227376,/home/chaoyu/phd_simulation/sensitivity_analysis/data/04204_verts.csv,/home/chaoyu/phd_simulation/sensitivity_analysis/data/04204_stress.csv,1.2225747632540558,1.2921440029122544,1.2692716000451116,1.2942397279320617,0.8606238767947889,0.05700190545886627,0.6214291080148608,0.056870086283643935,10395.836428888888,12589.285416666666,0.16139420873043178
4206,material_r_cable,3,True,1.0619062620575166,1.1464435802646047,65.14539009882222,834.6583612577214,14336.924015268403,1.4770226537534377,0.6770376862255845,21175.961555693128,0.2978818206440885,0.05262919,6422.4813739,3727.48815741,969.63900818,93.80621274,206.04744912,0.9407484784212504,0.98769094926575,/home/chaoyu/phd_simulation/sensitivity_analysis/data/04206_verts.csv,/home/chaoyu/phd_simulation/sensitivity_analysis/data/04206_stress.csv,1.2242014321464263,1.301305779628645,1.287178460429896,1.303219859802082,1.154593975011299,0.05746888001710832,0.8561880629891969,0.06021890678455647,3948.88901875,3721.616670833333,0.1484029130869074
4207,material_r_cable,3,True,1.237957331953791,1.229451407616289,72.81623009121411,1999.361333692921,12899.711356221493,3.609294079105694,0.2770624886980056,46558.85182018272,0.1586634301972794,0.04925713,16281.65749179,12028.27129192,832.82823064,900.04588918,591.06782874,0.9602490743931908,0.9643185552030232,/home/chaoyu/phd_simulation/sensitivity_analysis/data/04207_verts.csv,/home/chaoyu/phd_simulation/sensitivity_analysis/data/04207_stress.csv,1.2468886829625332,1.2985054776027545,1.2539063375559245,1.300303028278796,0.859213367892196,0.054391368417893965,0.7506060234577584,0.05574712099235896,12201.839029787237,11575.246310638298,0.06746554614636753
4208,material_r_cable,3,True,1.197508932489713,1.2405993267256232,81.75557303792436,1252.241257180003,13441.019789764838,4.7186938574135056,0.2119230512123407,63424.057519336704,0.1337138292281776,0.02358703,26364.51933419,16823.14819359,615.12185209,2146.03626541,794.32343836,0.969845517886864,0.950327742922874,/home/chaoyu/phd_simulation/sensitivity_analysis/data/04208_verts.csv,/home/chaoyu/phd_simulation/sensitivity_analysis/data/04208_stress.csv,1.253329294447624,1.2922978673742032,1.229915778068225,1.294201697495894,0.8082789482864905,0.05464554400030987,0.6604894399869119,0.05460724318258603,17084.23575744681,15757.194323404256,0.1006213842015699
4209,material_r_cable,3,True,0.9864637417430712,1.1592952282869575,89.75767931209931,1579.4010032034355,15821.52476181611,1.482295566099672,0.6746292864055956,23452.17600337619,0.437107153417531,0.0827682,7442.02909668,4813.14449491,507.94220526,661.39072048,262.74070546,0.9534962354344524,0.9542342539244468,/home/chaoyu/phd_simulation/sensitivity_analysis/data/04209_verts.csv,/home/chaoyu/phd_simulation/sensitivity_analysis/data/04209_stress.csv,1.253628770900912,1.314770551065371,1.2565565837583716,1.316821921441799,1.025374199197266,0.05468992021557337,0.9789307878999369,0.05612253928615668,4824.964604347827,4557.284385106382,0.02317182843744365
4210,material_r_cable,3,True,0.8119163211793181,1.1418488629731731,39.5710195254563,1367.975931762239,1926.723443173517,4.809699820184635,0.2079131832309676,9266.961398177187,0.2463966673265719,0.21464365,2983.36307695,2326.08814994,103.25394498,64.30119585,127.48343891,0.9634925913722926,0.9657435406118156,/home/chaoyu/phd_simulation/sensitivity_analysis/data/04210_verts.csv,/home/chaoyu/phd_simulation/sensitivity_analysis/data/04210_stress.csv,1.3700926195268204,1.4220063877973483,1.3733763548922313,1.4220921985376918,1.5760583854312296,0.05841371409526147,1.3464593085558942,0.05732385711911002,2289.8852025,2404.9286130434784,0.07856208273699057
4211,material_r_cable,3,True,0.9611335475915412,1.2728947656234677,5.729815732823918,1027.4218430313183,18567.210661068024,3.4583371883960625,0.2891563041785953,64211.67511395539,0.340574707087743,0.01285139,31377.29763803,20830.36798039,3547.93035402,1851.49496783,1180.58109134,0.9436413002444856,0.9399889441674124,/home/chaoyu/phd_simulation/sensitivity_analysis/data/04211_verts.csv,/home/chaoyu/phd_simulation/sensitivity_analysis/data/04211_stress.csv,1.218155567210167,1.2909095510068902,1.2153673447108455,1.292959190905535,,0.059866258971918655,,0.05559560014878387,17603.73506222222,21047.475908333334,
4212,material_r_cable,3,True,1.3681397282854495,1.0477707349516296,79.0209807789242,1290.1561357302485,5879.007874021559,2.7789180939637936,0.3598522756651743,16337.281355674124,0.4768459649329,0.07163133,5643.17286187,3916.30657367,721.44397857,164.59004599,244.79763442,0.9447060223596766,0.9768875201506514,/home/chaoyu/phd_simulation/sensitivity_analysis/data/04212_verts.csv,/home/chaoyu/phd_simulation/sensitivity_analysis/data/04212_stress.csv,1.235202021022603,1.3074988322158976,1.2792115097608037,1.309476765107542,0.9653124342477257,0.05658791822256165,0.8561975931539819,0.056823812315735134,3491.079526666667,3853.112735416666,0.059903508326764825
4213,material_r_cable,3,True,1.0409390012040998,1.1093709310395894,89.24693155707523,1339.964899116192,16966.51574621818,1.9907811723910995,0.5023153794441978,33776.62010864828,0.1643988903039373,0.07755262,7649.15364496,4294.24985623,930.11720694,609.04823493,209.46150989,0.938324783990562,0.9576555895288532,/home/chaoyu/phd_simulation/sensitivity_analysis/data/04213_verts.csv,/home/chaoyu/phd_simulation/sensitivity_analysis/data/04213_stress.csv,1.2355206104652434,1.3167302319467142,1.2629543053221812,1.318798030452189,1.4147291348800186,0.05591990459785315,1.0418831351624538,0.058685520911869134,5082.314522916667,4218.579059574468,0.15177242427072898
4215,material_r_cable,3,True,1.2305496653502708,1.2594327017261846,51.05620528596977,899.2544812218547,2518.850679845188,1.0702840482626177,0.934331406343289,2695.885702593754,0.3972472623514569,0.13843613,1924.01173336,1426.54262498,253.59579541,155.66170152,77.30596937,0.932336041482543,0.94310208130996,/home/chaoyu/phd_simulation/sensitivity_analysis/data/04215_verts.csv,/home/chaoyu/phd_simulation/sensitivity_analysis/data/04215_stress.csv,1.2659344070830665,1.35780914901676,1.2821616525139088,1.3595152401031694,1.181086768951357,0.05749636894367542,1.041849784992222,0.05597673231439483,1301.6937444444443,1417.0718717391305,0.06263650832144668
4217,material_r_cable,3,True,0.8004039228444162,1.3738956072937274,43.57882215781769,474.5124226743929,3128.328936314781,3.5791817057028634,0.2793934709731716,11196.857698278764,0.4069952874020893,0.02194524,7037.24759097,5208.52779925,501.21689841,284.14795954,371.19105607,0.9489053036023368,0.9575164571679016,/home/chaoyu/phd_simulation/sensitivity_analysis/data/04217_verts.csv,/home/chaoyu/phd_simulation/sensitivity_analysis/data/04217_stress.csv,1.2258582225671315,1.2918657087418486,1.238938553642261,1.2939083650914336,0.8271565726414435,0.05594023114600896,0.6225490706791647,0.05647869351795281,5000.898202083333,5156.428787234042,0.14113727355962916
4218,material_r_cable,3,True,1.270581106275565,0.9677547825550004,45.25204875753006,1494.571654167554,16494.726034110154,3.6431613113064114,0.2744868850293667,60092.94772806875,0.1723645250816093,0.07985365,10714.8558063,5304.87148132,1036.32167689,270.02552035,279.97974694,0.9508394048336684,0.977988149341996,/home/chaoyu/phd_simulation/sensitivity_analysis/data/04218_verts.csv,/home/chaoyu/phd_simulation/sensitivity_analysis/data/04218_stress.csv,1.2498303907049342,1.314449510980846,1.2873755801161346,1.316350899530121,1.4011758456810144,0.05475035515007957,0.9074503125769404,0.058270069731897585,6021.323746666668,5574.291499999999,0.21386118810878843
4220,material_r_cable,3,True,0.8027343572419552,1.3923519231878232,1.833440645432293,1682.1841665076977,9509.70657019004,1.0302319902076438,0.9706551626284188,9797.20392609759,0.3769662541102804,0.09243636,5832.44380653,4843.64709379,299.04232606,183.3363711,335.52842981,0.9685205826362232,0.9618175657918252,/home/chaoyu/phd_simulation/sensitivity_analysis/data/04220_verts.csv,/home/chaoyu/phd_simulation/sensitivity_analysis/data/04220_stress.csv,1.2739969068416006,1.3154050927589984,1.2678912629831034,1.3182242746204162,1.2050924064819188,0.05622718635669449,0.8346169085929375,0.054538565947786104,4540.694771111112,4962.351589583333,0.1816315173691233
4221,material_r_cable,3,True,0.8901917641262935,1.1157087278010438,6.473769924335581,578.0194756370213,18014.389497104312,1.3362462397425794,0.7483650619609187,24071.66022676385,0.2061568457554851,0.07814718,8126.81118418,3563.4300965,581.14146788,817.62847012,160.83674711,0.9659782947081832,0.9426064048123712,/home/chaoyu/phd_simulation/sensitivity_analysis/data/04221_verts.csv,/home/chaoyu/phd_simulation/sensitivity_analysis/data/04221_stress.csv,1.2471086730554866,1.2910317756489873,1.218081652395121,1.2922484360135276,3.7255858455928115,0.09677148566338788,4.8370677390947705,0.08335584504749435,3158.627595555555,4413.194641176471,-0.12980577603765256
4222,material_r_cable,3,True,1.0197222594178832,1.205619906429616,80.9016148216401,1395.8730445803674,12145.3210881822,4.25944388013983,0.234772432303339,51732.3135813909,0.2095525741281364,0.03451068,18349.96962722,11974.67423173,1317.22080629,1324.49554209,597.01346518,0.9393475818014548,0.954361643792931,/home/chaoyu/phd_simulation/sensitivity_analysis/data/04222_verts.csv,/home/chaoyu/phd_simulation/sensitivity_analysis/data/04222_stress.csv,1.2168469097765615,1.2954170887872265,1.2379510428287333,1.297150876588805,1.0487752924286584,0.056743128977799207,0.7630910948267927,0.05823417020250753,12736.21815384615,11338.294138297872,0.15767398722739687
4223,material_r_cable,3,True,1.0775081056464535,1.384818487260505,50.68762786948193,711.9606326488816,11671.089396017587,4.8684577528173065,0.205403856985575,56820.20565386568,0.2798233713488877,0.00872103,31497.23743902,26955.97659926,948.09291993,280.82167451,1482.26673973,0.96867149604883,0.98831337385733,/home/chaoyu/phd_simulation/sensitivity_analysis/data/04223_verts.csv,/home/chaoyu/phd_simulation/sensitivity_analysis/data/04223_stress.csv,1.2500036672592194,1.2904309379990342,1.277327977293099,1.2924321486288928,,0.05374297018201509,,0.056062808538750494,26258.529260869564,26761.32980625,
4224,material_r_cable,3,True,1.247969123411837,1.0503630078371198,60.15867627355429,1462.224797482521,9273.642723621831,2.1465674029104607,0.4658600510955922,19906.49917676441,0.2678264364415262,0.09941724,4729.02064175,3133.81858605,329.26092319,585.51160427,185.4467485,0.9621385798646912,0.9452249185204858,/home/chaoyu/phd_simulation/sensitivity_analysis/data/04224_verts.csv,/home/chaoyu/phd_simulation/sensitivity_analysis/data/04224_stress.csv,1.275311625389172,1.3254968172760762,1.2545979402776792,1.327300958423144,1.069921649814326,0.05549083399778994,1.0017276378339992,0.054427762626072504,2908.2418844444446,3298.592178723404,0.03291773969026322
4225,material_r_cable,3,True,0.8396916353221764,1.3993123677421293,44.109574585308245,391.441215870358,8012.294527213005,4.044707583482143,0.247236661578162,32407.38843531092,0.2905116555330185,0.00607106,22219.48489226,15766.22482355,2151.2921343,766.33296813,1070.8556617,0.9386772515634448,0.9586426268847024,/home/chaoyu/phd_simulation/sensitivity_analysis/data/04225_verts.csv,/home/chaoyu/phd_simulation/sensitivity_analysis/data/04225_stress.csv,1.2112295817513217,1.2903578729898038,1.2389149849502494,1.292363754965025,,0.057571075723674606,,0.05732313851343272,15090.998133333334,15595.0819893617,
4226,material_r_cable,3,True,0.9380744693512194,1.2606538619705323,25.896295793004622,1829.3975595639229,2044.828169833042,2.080014383267094,0.4807659062574811,4253.272004562456,0.2241753682121649,0.29552869,2531.63654741,2169.12037381,60.61892593,87.71511522,117.32431201,0.9741758252314012,0.9558062325681272,/home/chaoyu/phd_simulation/sensitivity_analysis/data/04226_verts.csv,/home/chaoyu/phd_simulation/sensitivity_analysis/data/04226_stress.csv,1.4942506699517644,1.5338613741485805,1.4545374064199312,1.521791087835636,2.007274824310675,0.06013537305503232,1.3047519307669833,0.055929853524487455,2102.491402564103,2332.03048372093,0.21211268673076267
4227,material_r_cable,3,True,1.241903038410246,1.1676554210112111,68.10487143256309,1975.616814447323,6941.97046422423,1.1226596138034195,0.890741937898821,7793.469880400721,0.2429307167724729,0.16049493,3944.47222975,2824.88145123,312.16298956,362.25052064,147.17074002,0.9499636257929231,0.9427329925643738,/home/chaoyu/phd_simulation/sensitivity_analysis/data/04227_verts.csv,/home/chaoyu/phd_simulation/sensitivity_analysis/data/04227_stress.csv,1.304858135892089,1.3735874726813246,1.2962848251356214,1.3750285980864358,1.1973613448231513,0.055092177480336596,1.0850688887078408,0.054706005158812264,2665.788395454546,2884.570484782608,0.04919863681510671
4228,material_r_cable,3,True,0.8855940661778451,1.3087768190936626,72.93091625730084,1917.8832685848165,16447.171697947233,4.917924658297766,0.2033378039480028,80885.95125259183,0.3607396852823687,0.01888347,37564.4467659,30118.83790142,708.38574454,1589.56261343,1845.56229293,0.9694371903767136,0.9652966379365449,/home/chaoyu/phd_simulation/sensitivity_analysis/data/04228_verts.csv,/home/chaoyu/phd_simulation/sensitivity_analysis/data/04228_stress.csv,1.2518648130643255,1.2913315328637882,1.248367923964363,1.2932479767389664,,0.05360081902358612,,0.05538179752099105,30135.76744081633,29462.65247659575,
4229,material_r_cable,3,True,1.1006676529863046,0.9388843703678842,34.1701486152868,758.9227918214175,7498.266790785165,3.029595145791364,0.3300771066355761,22716.712671211324,0.4205183063873806,0.15293205,2648.45783216,1221.10271487,71.62820169,353.64692832,58.10816045,0.9795609711903486,0.938441021119689,/home/chaoyu/phd_simulation/sensitivity_analysis/data/04229_verts.csv,/home/chaoyu/phd_simulation/sensitivity_analysis/data/04229_stress.csv,1.3382081559488663,1.366130537359706,1.2838789953315184,1.3680976922765742,1.323685400718289,0.05573029173216671,1.9247343408984496,0.05505229795670227,1173.4029837209303,1343.2054999999998,-0.18502810227382085
4230,material_r_cable,3,True,1.2535733249540824,1.30566864527778,22.45744826930681,688.7021003148702,1073.7402847070923,3.0414228869632467,0.3287934750167099,3265.698276562584,0.174862503120365,0.15554357,1655.5139207,1349.24339254,68.47493504,113.01540143,61.85223617,0.9649534752233608,0.9411010581869468,/home/chaoyu/phd_simulation/sensitivity_analysis/data/04230_verts.csv,/home/chaoyu/phd_simulation/sensitivity_analysis/data/04230_stress.csv,1.3177383822215367,1.36559784078348,1.287020499953777,1.3675688585806636,1.3650610400416676,0.05577146112631883,1.0057926103581962,0.05471954826209115,1255.7871318181817,1413.0224304347823,0.15153547315030508
4232,material_r_cable,3,True,1.294442868202364,0.8867821578409464,85.6953519574954,1565.4900234511222,9084.296033136225,3.3980234367922377,0.2942887294926983,30868.65082735564,0.46725097169427,0.11883186,7167.2308227,3456.29506675,233.20725043,639.55044465,201.88341467,0.9704344900195137,0.9376029460950296,/home/chaoyu/phd_simulation/sensitivity_analysis/data/04232_verts.csv,/home/chaoyu/phd_simulation/sensitivity_analysis/data/04232_stress.csv,1.3005840410547695,1.340207973264241,1.2562967473498974,1.3399027302358404,1.4577313048914713,0.05827433937187844,1.6841956572921482,0.05410989563944917,3135.751573333333,4135.30815652174,-0.07207817213016485
4233,material_r_cable,3,True,1.0009160328348536,1.223580846134401,62.5997333080123,319.2508275996426,18930.10879025019,1.954327386189996,0.5116849955981644,36995.63003234191,0.3044313619163986,0.00911488,16183.80867424,9383.030129,400.54601248,1855.38385514,510.22952,0.9745476389611482,0.9423557871134502,/home/chaoyu/phd_simulation/sensitivity_analysis/data/04233_verts.csv,/home/chaoyu/phd_simulation/sensitivity_analysis/data/04233_stress.csv,1.2577149824623366,1.2905628541700027,1.2180496256677866,1.2925581211729171,,0.05545416721673011,,0.05468805440733162,9421.574841666667,9305.173974468085,
4234,material_r_cable,3,True,1.3788532903386903,1.3114970047021282,69.7957337160219,544.3714533186567,13525.9953489647,4.63885980363083,0.2155702138739569,62745.19612840991,0.2924079899871757,0.0066755,33616.85266667,25513.62413613,951.93456963,1748.9699517,1239.30396827,0.9697998055745382,0.9596297989369172,/home/chaoyu/phd_simulation/sensitivity_analysis/data/04234_verts.csv,/home/chaoyu/phd_simulation/sensitivity_analysis/data/04234_stress.csv,1.251390916226342,1.2903600403229416,1.2401858412482003,1.2923586185236065,,0.05439978426968904,,0.054796390916696996,25118.075997826087,24549.726189361703,
4235,material_r_cable,3,True,1.2407397808409937,0.8457509125665985,78.67136186340824,1240.8814248692804,3215.515400923512,1.5838700585515086,0.6313649245409226,5092.958566334001,0.1824153972082845,0.28520614,1875.7239888,1507.90687267,75.01689626,36.9715426,89.59752275,0.9669131091635133,0.9766156943672568,/home/chaoyu/phd_simulation/sensitivity_analysis/data/04235_verts.csv,/home/chaoyu/phd_simulation/sensitivity_analysis/data/04235_stress.csv,1.4758286786311985,1.5263301993164136,1.4644373623652556,1.4995021796307046,2.210543727439088,0.05435756953616666,1.2853113283667295,0.05437840782806791,1327.7053824999998,1620.9542166666665,0.2646655494299624
4236,material_r_cable,3,True,0.9134460350869074,1.3465111515795063,2.766274282650829,1277.5043576173623,6859.89275964733,2.503955226222005,0.3993681634271116,17176.864326841427,0.4937184478865006,0.04134408,9265.6596221,7945.27890159,273.7788566,572.39604925,517.22353306,0.979738139716585,0.9453006722271614,/home/chaoyu/phd_simulation/sensitivity_analysis/data/04236_verts.csv,/home/chaoyu/phd_simulation/sensitivity_analysis/data/04236_stress.csv,1.2691568261786348,1.2954041235403695,1.226744923048691,1.297729874832774,0.9731796647516485,0.0564458896815106,0.7156733667888038,0.05493930021722183,7579.036748888888,7870.838966666667,0.15247407154663167
4237,material_r_cable,3,True,1.2677408170286042,1.1621973359276625,60.64424395156214,494.6015854329777,9979.364885404151,2.578127882246349,0.3878783542454417,25728.07885817059,0.2566195505181025,0.02069179,9491.50912422,5562.10229177,222.91045744,1147.37774617,316.27922518,0.9813653302305264,0.9450441792815952,/home/chaoyu/phd_simulation/sensitivity_analysis/data/04237_verts.csv,/home/chaoyu/phd_simulation/sensitivity_analysis/data/04237_stress.csv,1.2677702954295484,1.291843370023826,1.2227287460330143,1.293832365554074,0.8450167708802577,0.055816688513856724,0.6518071226279415,0.054123389422593655,5347.369611111111,5575.78725106383,0.12907974618141535
4238,material_r_cable,3,True,1.109903331021981,0.9920033963967886,57.948303889291736,1919.7186911550004,5405.994101037984,4.107414049142175,0.2434621852181783,22204.65612018314,0.2289071909504248,0.23615506,3429.37209341,2268.37451717,180.31841655,118.78285474,84.33610388,0.965658367813786,0.9741183404629932,/home/chaoyu/phd_simulation/sensitivity_analysis/data/04238_verts.csv,/home/chaoyu/phd_simulation/sensitivity_analysis/data/04238_stress.csv,1.3914382095188162,1.440921816551934,1.4074496530518883,1.4448446298454198,1.3576456556718917,0.054417459029517966,1.4720247508076458,0.05655648547893594,2390.144459090909,2299.628824444444,-0.040421349028438976
4239,material_r_cable,3,True,1.2056598440106154,1.0644229289944778,13.684660861020848,1034.2407462590645,11015.144714748005,4.493733704720144,0.2225321004112051,49499.12706703306,0.4538146931618524,0.03623277,10485.12555605,6584.59132294,765.85991695,1315.68068736,352.77563864,0.9644696616533128,0.9396009127010156,/home/chaoyu/phd_simulation/sensitivity_analysis/data/04239_verts.csv,/home/chaoyu/phd_simulation/sensitivity_analysis/data/04239_stress.csv,1.2497831688613232,1.2958242426401685,1.219432088078819,1.297819182160423,0.8681138073361498,0.05614958077925536,0.754894778107857,0.05484249718799897,5403.510704444445,6655.75633829787,0.06975873710324182
4241,material_r_cable,3,True,1.375071397949998,1.0384858661016154,44.57418581959944,252.8783311233092,17110.75715786565,3.037057588264833,0.3292660645830333,51966.35486725268,0.4324144405208289,0.0046046,18121.98264997,10166.3932491,3805.67035935,940.93692211,662.56035303,0.9337419460836298,0.9639574482386504,/home/chaoyu/phd_simulation/sensitivity_analysis/data/04241_verts.csv,/home/chaoyu/phd_simulation/sensitivity_analysis/data/04241_stress.csv,1.2048273070013538,1.2903214984126294,1.2457446210917076,1.292323248674452,,0.0572274753432608,,0.058744818392900425,9404.834522916666,10088.348466666665,
4242,material_r_cable,3,True,1.1697326347882506,1.3401970744912042,88.28634761245748,1244.4683156710323,12319.55038647166,4.148020051393041,0.2410788731997974,51101.742027231325,0.3762927851224438,0.01583276,33357.69104199,23156.54673434,611.63646961,2596.33002417,1231.33476255,0.9719426229467416,0.948209221517072,/home/chaoyu/phd_simulation/sensitivity_analysis/data/04242_verts.csv,/home/chaoyu/phd_simulation/sensitivity_analysis/data/04242_stress.csv,1.2548504916143055,1.2910746601582737,1.2260602311436677,1.29302711186678,,0.0545441362432894,,0.05415225404222525,22829.965302173914,21853.721457446805,
4243,material_r_cable,3,True,0.8713257411324591,1.3264638075705717,46.33528703415321,390.6349188275341,15745.448832193377,3.462770155108214,0.288786132260271,54522.87029490271,0.463688294766753,0.00410855,33920.3335976,22725.46511955,3851.41871329,1132.83918673,1484.01156094,0.9344519011548458,0.9610569161800728,/home/chaoyu/phd_simulation/sensitivity_analysis/data/04243_verts.csv,/home/chaoyu/phd_simulation/sensitivity_analysis/data/04243_stress.csv,1.2057098505351689,1.290285619885933,1.2419628529353026,1.292288554430003,,0.05755287041367998,,0.057688529972201315,21551.111609803924,22414.88825106383,
4244,material_r_cable,3,True,0.8337965987890885,1.2817185650997185,73.56510517592676,247.96518660485373,17790.65661252564,4.202161682708498,0.2379727567634787,74759.21552737981,0.3161281476244971,0.00309435,30939.62045037,24256.36912131,400.75402594,1436.79468317,1498.09005659,0.9770566937376364,0.9646208338484918,/home/chaoyu/phd_simulation/sensitivity_analysis/data/04244_verts.csv,/home/chaoyu/phd_simulation/sensitivity_analysis/data/04244_stress.csv,1.2606463264648384,1.2902489021822852,1.2465301889294005,1.2922488766453355,,0.053722823531097134,,0.054978534159341855,24397.35102291667,23705.370568085105,
4245,material_r_cable,3,True,0.8198649267260207,1.3369828423170973,50.84006672905976,1638.3395497597153,9753.150229793777,1.6311924732034997,0.6130484393641785,15909.265244862592,0.1579577223408031,0.07360782,8862.65916709,6803.90379703,676.96789431,193.49754687,411.55182152,0.930585567185612,0.9581351862352104,/home/chaoyu/phd_simulation/sensitivity_analysis/data/04245_verts.csv,/home/chaoyu/phd_simulation/sensitivity_analysis/data/04245_stress.csv,1.2350648599213556,1.3271910756757022,1.2762392467270078,1.3320033175503343,1.1304285003104766,0.0561391829390044,1.0251365984982872,0.0580452664559773,6906.162773469388,6757.632339583334,0.048846542315227295
4246,material_r_cable,3,True,1.001064737653684,1.234739660405646,31.04680605999302,1633.5061135066578,18451.576156280866,4.013140793219149,0.2491813897209043,74048.77297196053,0.4698331149982461,0.01993856,34757.73162003,22879.96409483,2284.37184975,1509.54560663,1266.30070344,0.9530770364085526,0.952177474992276,/home/chaoyu/phd_simulation/sensitivity_analysis/data/04246_verts.csv,/home/chaoyu/phd_simulation/sensitivity_analysis/data/04246_stress.csv,1.2310119072709065,1.291618473895548,1.2317933558821776,1.2936594156380037,,0.056060585029403136,,0.05566991038361937,20656.757043478257,22705.167634042555,
4247,material_r_cable,3,True,0.8345951802871068,1.235012014366199,86.8563839511253,455.13987875780913,4698.862524874205,1.845645127062564,0.5418159674018969,8672.432721770972,0.3169538788307079,0.06424898,2870.79823855,2385.72334636,135.39731227,84.18272143,134.16941717,0.9531499504682588,0.9799804282485448,/home/chaoyu/phd_simulation/sensitivity_analysis/data/04247_verts.csv,/home/chaoyu/phd_simulation/sensitivity_analysis/data/04247_stress.csv,1.2422446932104858,1.3033045772076073,1.2789216273317303,1.305048132050416,1.4665346602064713,0.05351625771300306,1.0143306829932133,0.05943927448101021,2484.8628469387754,2334.8370083333334,0.18227671181460822
4248,material_r_cable,3,True,0.8510756779827807,0.8611271323582523,52.71347080333548,1536.7621360277244,3352.87721071971,1.6874069191972054,0.5926252812070703,5657.668204587066,0.1414372600977355,0.48540948,1874.40251522,1270.72379902,122.66375821,37.81861218,35.82632645,0.9481093835002438,0.9768493797828384,/home/chaoyu/phd_simulation/sensitivity_analysis/data/04248_verts.csv,/home/chaoyu/phd_simulation/sensitivity_analysis/data/04248_stress.csv,1.7916388499764455,1.889696359044616,1.8551233605119188,1.899088435644324,,0.05794536055444488,,0.10201960382227132,1283.8733454545454,1332.7481647058823,
4249,material_r_cable,3,True,1.3559325263211848,1.1338178165858808,20.028950536095127,1898.71430212936,6308.928999893601,2.224115526520196,0.4496169322483796,14031.786944376889,0.4854217247954694,0.08288392,6895.25062716,5154.76282164,411.18552749,782.58919039,301.65214493,0.9607775287913586,0.9415009113929518,/home/chaoyu/phd_simulation/sensitivity_analysis/data/04249_verts.csv,/home/chaoyu/phd_simulation/sensitivity_analysis/data/04249_stress.csv,1.2623238477348175,1.3138565483757711,1.2387387952236877,1.315706421771777,1.0129954787792537,0.055309895364136004,0.8755867337757077,0.05446111631373695,4652.3759266666675,5026.085291489361,0.07275761896415038
4250,material_r_cable,3,True,1.3303798414837873,1.25608719434632,34.03123081473997,469.625052006248,5457.450464959786,3.295878946418707,0.3034092016900673,17987.09608858394,0.3792536163875806,0.01672032,10105.00850007,6831.85095446,626.2365875,1226.59504201,362.117409,0.9580804231328904,0.9377647810264564,/home/chaoyu/phd_simulation/sensitivity_analysis/data/04250_verts.csv,/home/chaoyu/phd_simulation/sensitivity_analysis/data/04250_stress.csv,1.2372449264363992,1.2913789871529264,1.2128941891864016,1.293388506080165,,0.056680953726628486,,0.054945480764300746,6202.834229787234,6777.244870833333,
4252,material_r_cable,3,True,1.221316219557457,0.991264407721963,84.70770675656223,788.604409471187,1194.3931234431973,4.69843784579025,0.2128366986691096,5611.781853937144,0.3317299837881203,0.26354472,1252.38545677,904.7438647,28.62675991,28.51466509,32.73895771,0.9801817206335643,0.9813927854581578,/home/chaoyu/phd_simulation/sensitivity_analysis/data/04252_verts.csv,/home/chaoyu/phd_simulation/sensitivity_analysis/data/04252_stress.csv,1.4348649078722144,1.4638764197160854,1.4417013425323737,1.4690360107541682,1.6719997449830297,0.053638941098250806,1.6143444740619441,0.05548906781536864,1008.6896951219511,890.7845522727272,0.01754389287250027
4253,material_r_cable,3,True,1.2353359993457642,1.2434463738938335,1.5036935692038988,1034.8870031599718,9775.747017868847,4.557276520875321,0.219429300684157,44550.78235855065,0.2256344544988976,0.02181236,22382.18420792,12856.57213873,3823.8514205,145.59198405,622.95450914,0.9336445384294848,0.989173494834636,/home/chaoyu/phd_simulation/sensitivity_analysis/data/04253_verts.csv,/home/chaoyu/phd_simulation/sensitivity_analysis/data/04253_stress.csv,1.2065774589234972,1.2923306561115029,1.2803953684700844,1.294409297414639,0.941879459078325,0.05772687133967319,0.6492770671281428,0.05955938242366691,10108.352241304348,12986.472102083331,0.18389290250896048
4255,material_r_cable,3,True,1.0350618754988403,0.9654694814929956,57.73034873532642,1593.5374363914989,15522.47236841309,2.54725789121808,0.392579017400475,39539.74023165484,0.2121561365637548,0.17417603,4633.80940111,1898.50090781,715.34550116,303.96367245,75.040377,0.9312373510648592,0.9565918856753058,/home/chaoyu/phd_simulation/sensitivity_analysis/data/04255_verts.csv,/home/chaoyu/phd_simulation/sensitivity_analysis/data/04255_stress.csv,1.3006132217898505,1.3966506179145566,1.3385071823639432,1.399245804201051,2.2940842647341193,0.05581652483721385,1.3777818637572494,0.05816202332278592,2364.9986999999996,2213.074956521739,0.24954678872057462
4256,material_r_cable,3,True,0.9549419581675668,1.1821576667831388,86.11134908582474,580.5745263971507,10557.797014542955,4.528003885186065,0.220847867041728,47805.745900856346,0.4590977726874879,0.01303838,20282.11101284,10847.52618563,1694.7206491,2498.27370573,587.24183794,0.9337829313872896,0.939545240075262,/home/chaoyu/phd_simulation/sensitivity_analysis/data/04256_verts.csv,/home/chaoyu/phd_simulation/sensitivity_analysis/data/04256_stress.csv,1.205652286864397,1.2911483454438395,1.2149306011569865,1.2931049504967582,,0.055697080360702096,,0.057900502080454476,10800.367260377356,9963.646674468086,
4257,material_r_cable,3,True,1.1879064156810362,1.0516723235138876,85.3126772323862,1823.4739964969065,13094.947195952447,3.878283179490664,0.2578460503576045,50785.9134463808,0.4316995744328945,0.06398543,13062.7533738,6206.29106921,475.14282694,1905.27028262,334.49356672,0.965200826726952,0.9365373104223054,/home/chaoyu/phd_simulation/sensitivity_analysis/data/04257_verts.csv,/home/chaoyu/phd_simulation/sensitivity_analysis/data/04257_stress.csv,1.2623226478369636,1.3078341966589146,1.2266609542776137,1.309783326971229,0.979138428856686,0.05673415287502662,1.0787363412064066,0.054371316789058856,5679.302182222222,6425.731368085106,-0.04839843210997092
4258,material_r_cable,3,True,0.9408993648590456,1.0219085180476135,55.98895982013576,1023.430913862092,3267.390330530586,1.0419384759480457,0.9597495659137778,3404.41970132042,0.3699382839836695,0.3256729,1276.67999254,903.86724569,84.31467288,43.03087456,27.35445634,0.9560101242973325,0.9713791342158592,/home/chaoyu/phd_simulation/sensitivity_analysis/data/04258_verts.csv,/home/chaoyu/phd_simulation/sensitivity_analysis/data/04258_stress.csv,1.4990160530033425,1.567991818188243,1.5277429974770618,1.5727566545994676,1.4705630551009619,0.055051754385361154,1.707986851335545,0.056727636176210725,910.3891775,952.8630357142855,-0.07469563267004371
4259,material_r_cable,3,True,1.310593925604996,0.9974420146580948,79.37638564765753,332.2593707351398,7424.263609766586,3.3228092639128124,0.3009501661321476,24669.41190026319,0.1076642003339439,0.02790119,4866.01852135,2649.74149415,1365.76736575,204.79021009,147.90966525,0.933431596393612,0.9747119159576476,/home/chaoyu/phd_simulation/sensitivity_analysis/data/04259_verts.csv,/home/chaoyu/phd_simulation/sensitivity_analysis/data/04259_stress.csv,1.208655354965024,1.2948515559519962,1.264063575528761,1.2968586459588187,1.2442593861025575,0.0578401908711881,0.6856887054321065,0.059502973936054616,2747.826589795918,2993.023639583333,0.2894226446402942
4260,material_r_cable,3,True,1.1920769274507437,0.8883163966372344,41.69279787401059,1773.9678171096234,10328.778954596586,1.9654625228755933,0.5087860940420976,20300.82794232574,0.3010648098630371,0.19378474,3878.24974202,3075.33993918,186.55768697,114.06480729,162.40609778,0.9702880998947804,0.9783879255295362,/home/chaoyu/phd_simulation/sensitivity_analysis/data/04260_verts.csv,/home/chaoyu/phd_simulation/sensitivity_analysis/data/04260_stress.csv,1.3531467976726366,1.3945824934051796,1.3676642741192395,1.397875258302083,1.4088364782589549,0.05340711671538125,1.382837182841283,0.05586060843936094,3124.0338928571427,3074.7814844444447,0.00931315711429719
4261,material_r_cable,3,True,1.062892763256789,1.2312774954064225,62.736759539921614,1755.1159072426942,19836.998710367057,4.739167320775655,0.2110075319806034,94010.85603044037,0.2844630892786214,0.01858657,42309.13998757,25679.61900129,3072.33365527,4039.31653621,1300.80301785,0.93877827684123,0.9382710430872204,/home/chaoyu/phd_simulation/sensitivity_analysis/data/04261_verts.csv,/home/chaoyu/phd_simulation/sensitivity_analysis/data/04261_stress.csv,1.212781506906992,1.2918721457719695,1.2139594421774638,1.2938259697146122,,0.05647100004782894,,0.05698126022869557,25985.06849230769,24965.981681249996,
4262,material_r_cable,3,True,1.3971635942814151,1.2550220831818095,24.38190665253253,428.2936902372024,12939.772723514525,1.1484409881419395,0.8707456546094703,14860.565372925135,0.1231873412595142,0.01262996,9074.96866823,6335.98693345,2775.07417301,531.63906506,389.68461548,0.9314442179869156,0.966220984417346,/home/chaoyu/phd_simulation/sensitivity_analysis/data/04262_verts.csv,/home/chaoyu/phd_simulation/sensitivity_analysis/data/04262_stress.csv,1.2025512843689226,1.291060979441085,1.2493734712620117,1.293051477261605,,0.05642539521831539,,0.060306717224820595,6792.201011538462,6393.086097916667,
4263,material_r_cable,3,True,1.0252959941391042,1.0931962036526843,65.13056758849454,448.43637697923816,7729.630029846776,2.8634495428050326,0.349229132572876,22133.4055750168,0.2583317494745902,0.0488192,5209.36663867,2396.03273979,259.02369467,597.33195754,114.35512368,0.9594824786928288,0.9441096080734892,/home/chaoyu/phd_simulation/sensitivity_analysis/data/04263_verts.csv,/home/chaoyu/phd_simulation/sensitivity_analysis/data/04263_stress.csv,1.2490178285948097,1.3017619980892567,1.2308333466268755,1.3036975114981224,0.9561795744843664,0.05560168879865352,0.9739641133016509,0.055674285832194664,2480.886475,2563.969276595745,-0.009214100965552642
4264,material_r_cable,3,True,1.1160128167624097,1.288261133341226,62.358290905454105,1481.052888802775,10186.90519317797,2.573958687338229,0.388506624025934,26220.67311907136,0.155534777440031,0.05150149,11922.98037411,8550.23698133,571.27880984,694.59583528,441.74034584,0.9596614954031508,0.9590579930934292,/home/chaoyu/phd_simulation/sensitivity_analysis/data/04264_verts.csv,/home/chaoyu/phd_simulation/sensitivity_analysis/data/04264_stress.csv,1.2470569445312658,1.2994758573775862,1.2480066689620757,1.301283840966328,0.8691815567143316,0.05444006338632679,0.7631982421247991,0.05569500786279649,8665.181370833334,8361.079902127658,0.0649256470001054
4266,material_r_cable,3,True,1.1320534660324342,1.3145810361372408,81.04033542465255,1709.0592000946208,10143.792194234917,4.066075809167467,0.2459373722805111,41245.428054200376,0.3611848095406563,0.02724821,26848.46740861,16843.08802569,646.50205398,3461.04609575,898.19453215,0.9633918616571974,0.9351564242916725,/home/chaoyu/phd_simulation/sensitivity_analysis/data/04266_verts.csv,/home/chaoyu/phd_simulation/sensitivity_analysis/data/04266_stress.csv,1.2459701719631449,1.2933160654065157,1.2111735890056607,1.2951561445167377,0.8176959708835786,0.05528349315422373,0.729502246241901,0.054732550601345784,16750.38885,15801.71564893617,0.057002214496815834
4267,material_r_cable,3,True,1.0646857204161428,1.1000482504760511,41.98041059487542,1624.4395684669332,2830.845161433197,1.1037517469601128,0.9060008310330112,3124.5502923054737,0.2970064106932704,0.35614462,1871.9241016,1428.75029365,37.83712648,38.4496859,40.76466568,0.9821590869991924,0.9808567176549264,/home/chaoyu/phd_simulation/sensitivity_analysis/data/04267_verts.csv,/home/chaoyu/phd_simulation/sensitivity_analysis/data/04267_stress.csv,1.5730802969085425,1.6016552895873537,1.5706892801291112,1.60134426553593,1.9006812184688784,0.05406721081464372,1.7827656014629332,0.05539667791954297,1483.4945108108109,1543.5358390243903,0.03201230335887626
4268,material_r_cable,3,True,0.9048229878368292,0.9189638254077876,10.905459356671066,1762.5747964971831,3773.1506968909785,1.2750852675055124,0.7842612768605899,4811.088865683844,0.2805924290985739,0.45157579,2022.26039748,1422.47321797,41.6921907,39.99735797,32.18348046,0.9823526202606948,0.98187288141964,/home/chaoyu/phd_simulation/sensitivity_analysis/data/04268_verts.csv,/home/chaoyu/phd_simulation/sensitivity_analysis/data/04268_stress.csv,1.7656171707037722,1.7973354315838403,1.74630250926701,1.7785423574812662,1.983833858020024,0.05381577507024782,1.795582013969489,0.05501151374493873,1440.5533750000002,1639.2267461538465,0.04980977231051263
4269,material_r_cable,3,True,1.170902712501401,1.3672887609954645,26.782833199415183,774.9625707668737,13600.754079140184,4.514450823192496,0.221510885634773,61399.9354486131,0.4821258068714228,0.00665542,46171.81414146,34110.8817909,2523.43633918,1321.46543567,1859.71028863,0.955659195390938,0.961408098018095,/home/chaoyu/phd_simulation/sensitivity_analysis/data/04269_verts.csv,/home/chaoyu/phd_simulation/sensitivity_analysis/data/04269_stress.csv,1.2331404405862063,1.290355857541618,1.2424890117009348,1.2923637883457368,,0.055361131814943176,,0.05548219714640061,31391.040397872337,33676.31737234043,
4270,material_r_cable,3,True,1.395618849837374,1.1186756359412753,42.9965487428432,666.3871261383297,19504.55168051637,4.29625126380876,0.2327610604211889,83796.45480744174,0.1471007740538276,0.01038526,23545.65534813,12913.57897925,2833.20208214,2632.88202082,753.48437689,0.946531836010045,0.9448443399398412,/home/chaoyu/phd_simulation/sensitivity_analysis/data/04270_verts.csv,/home/chaoyu/phd_simulation/sensitivity_analysis/data/04270_stress.csv,1.2217380110139868,1.2907521591286668,1.2214501135436535,1.292752744458864,,0.057179003815920025,,0.055972242697119534,12602.244372916664,13704.182544680853,
4273,material_r_cable,3,True,0.9793228998485204,1.0813456937992842,66.809354791361,627.1521713636321,9528.079482055788,3.4782564841246124,0.287500362484532,33141.10423971522,0.1598566919833313,0.07005688,4995.6664005,3150.52826281,418.75166901,79.40603086,138.36502632,0.9504200788012446,0.9876051768389772,/home/chaoyu/phd_simulation/sensitivity_analysis/data/04273_verts.csv,/home/chaoyu/phd_simulation/sensitivity_analysis/data/04273_stress.csv,1.2433786788610486,1.3082411731339996,1.2941700903766846,1.3104124205980048,1.2947949911622019,0.054411198039087824,0.9853472400575086,0.061400472958955205,3524.1928043478256,3099.7415875,0.135714231712274
4274,material_r_cable,3,True,1.1890011757118073,1.3752009334033055,29.394847484262343,734.0846133923227,3388.2014686520465,1.740238775361559,0.574633788281287,5896.279574485272,0.1050921812724184,0.06969235,4440.69268396,2553.11984511,742.8556208,81.36681456,138.3998619,0.9307848945300116,0.973101132538448,/home/chaoyu/phd_simulation/sensitivity_analysis/data/04274_verts.csv,/home/chaoyu/phd_simulation/sensitivity_analysis/data/04274_stress.csv,1.2203563969205082,1.3111046430729971,1.278100199213036,1.3134299781143632,1.2790967797277422,0.05734287210709865,0.8832204513583911,0.05877671873708391,2305.6445291666664,2556.7523276595743,0.1830796715107811
4277,material_r_cable,3,True,1.3578791247414252,1.049594378659335,51.75634604253456,1179.5043745263358,13279.36152562406,2.2818028837526163,0.4382499501251466,30300.88542356253,0.1356443661988615,0.05193494,7175.38882375,5257.33922761,805.44155375,299.68823354,330.01529466,0.957323400467708,0.9770244698000126,/home/chaoyu/phd_simulation/sensitivity_analysis/data/04277_verts.csv,/home/chaoyu/phd_simulation/sensitivity_analysis/data/04277_stress.csv,1.244101054537309,1.299561938974325,1.2716185900305026,1.3015217421225802,0.9159762122818048,0.054651584674318576,0.747580295748522,0.05657171751332582,5214.15914347826,5390.191660416666,0.10122644810705336
4278,material_r_cable,3,True,1.0877418116519335,1.0743541998854986,3.161781506956725,1107.414126174644,18178.166401048988,2.323953051282266,0.4303012917787815,42245.20527443456,0.2041600925540289,0.05716909,8262.82393311,4018.39849782,987.17797125,1021.00969811,210.88306471,0.952415719355543,0.9402658180572192,/home/chaoyu/phd_simulation/sensitivity_analysis/data/04278_verts.csv,/home/chaoyu/phd_simulation/sensitivity_analysis/data/04278_stress.csv,1.244795416500469,1.3069874753251307,1.2307311616149588,1.3089183271150922,1.1347353979858281,0.0567525627580902,0.9687626917961376,0.05523074527717349,3675.376853333333,4862.339110638297,0.07890318845352225
4279,material_r_cable,3,True,1.2154979219619402,0.8141729900019037,78.4602020313386,438.399603760367,13453.308651049889,1.1082917839700976,0.90228946425807,14910.19144517243,0.275252973749525,0.08069067,7732.68285668,3712.82726992,268.59300589,910.46438951,194.41792844,0.977385182852446,0.9338943681408414,/home/chaoyu/phd_simulation/sensitivity_analysis/data/04279_verts.csv,/home/chaoyu/phd_simulation/sensitivity_analysis/data/04279_stress.csv,1.2611571501873218,1.2903379059898394,1.2068247846908555,1.2922497724162885,,0.12325801241243506,,0.1093987544732241,3394.568222222223,4524.669363636364,
4280,material_r_cable,3,True,0.8067815321041197,0.9808385223321932,23.86203638588148,1557.925175493236,5170.436309734525,2.325700838783545,0.4299779160431695,12024.888062426482,0.4017246723135991,0.32285398,2587.51204968,1946.23527022,47.45879784,23.64978851,93.41434314,0.9841340669702136,0.989819837581397,/home/chaoyu/phd_simulation/sensitivity_analysis/data/04280_verts.csv,/home/chaoyu/phd_simulation/sensitivity_analysis/data/04280_stress.csv,1.5593500152287387,1.584489418224697,1.5289331217084932,1.5446579909374292,2.2113002254238876,0.05957142720453101,1.5732072608848822,0.056615049178876144,1817.6664432432433,2176.245668292683,0.16860660649964027
4281,material_r_cable,3,True,0.9205932875805902,1.3374115565092908,52.550995493859126,1586.0740939463492,14287.247140440804,2.3727534894447526,0.42145128200149,33900.11550704048,0.218921008801031,0.03480405,18105.22908706,13426.47133341,613.53189657,1053.07138774,790.59542209,0.9658296352291212,0.95364054660023,/home/chaoyu/phd_simulation/sensitivity_analysis/data/04281_verts.csv,/home/chaoyu/phd_simulation/sensitivity_analysis/data/04281_stress.csv,1.250092460218179,1.2943198413264914,1.2361839931694016,1.2962787683225625,0.861969955584789,0.05448573339619617,0.6848948537097798,0.05527663920448206,13367.88661875,13331.319980851062,0.1144735472751251
4282,material_r_cable,3,True,1.2951628091152163,1.226917142071545,21.26270027189706,1336.7007194077366,14573.062055324555,1.835537923121051,0.5447994222313061,26749.408058544628,0.4475098102792114,0.03180278,12439.52608013,11048.40670511,349.89885797,320.07620865,652.14142188,0.9825043755148364,0.9811350061858766,/home/chaoyu/phd_simulation/sensitivity_analysis/data/04282_verts.csv,/home/chaoyu/phd_simulation/sensitivity_analysis/data/04282_stress.csv,1.270272972998638,1.292892942418714,1.270467361329872,1.2948955580218908,0.8949893031346474,0.05378869261876446,0.6840328621526603,0.05506489940269207,10528.255744444443,10905.598375,0.13359941717069115
4283,material_r_cable,3,True,1.0239548573461847,1.1011772358137617,23.574280698190872,1626.5505893239197,15719.096031245896,2.420708122562869,0.41310226155695,38051.343442182704,0.287130901802628,0.08997897,9403.47619589,4891.48230539,930.35884348,332.53583383,238.48210115,0.9493325079741882,0.9644623387397336,/home/chaoyu/phd_simulation/sensitivity_analysis/data/04283_verts.csv,/home/chaoyu/phd_simulation/sensitivity_analysis/data/04283_stress.csv,1.253495206675869,1.320396379716042,1.2750002519548138,1.3219803415246478,1.2082571371634272,0.05568627858506749,0.848576632560797,0.056491850102894224,4112.818815555555,5089.573489583334,0.17487096424464843
4284,material_r_cable,3,True,1.1593512817477,0.9290567859154862,14.284775696311913,1325.3964175169756,7309.446074923003,4.863788748913044,0.2056010348359556,35551.601579997114,0.2715024178771007,0.17979996,3649.56610912,1876.99797311,307.00494276,326.36043796,89.0292642,0.9532730431371382,0.9459001043403242,/home/chaoyu/phd_simulation/sensitivity_analysis/data/04284_verts.csv,/home/chaoyu/phd_simulation/sensitivity_analysis/data/04284_stress.csv,1.330498101130832,1.3957156459100943,1.3226086488394049,1.3982540468814084,1.8360830777179518,0.054286773909312865,1.6182023771243992,0.05663241705621125,2267.2376409090907,1860.508051111111,0.06307547637330291
4285,material_r_cable,3,True,0.8354672362708215,1.34323282988397,15.231472656509618,1362.5594688116437,3720.9103077490927,1.4560340849829785,0.6867971088820289,5417.772235247183,0.3084870234338909,0.14973309,3511.09926529,2513.68303907,373.12637498,37.59196301,162.16952053,0.9387340835550548,0.976184054370422,/home/chaoyu/phd_simulation/sensitivity_analysis/data/04285_verts.csv,/home/chaoyu/phd_simulation/sensitivity_analysis/data/04285_stress.csv,1.277104973401597,1.3604544628496995,1.329696019180461,1.3621365901515696,1.4816507466273583,0.05815053030193682,1.1123635502864093,0.05646565271849817,2210.996586363636,2593.1800652173915,0.1423612802675409
4286,material_r_cable,3,True,1.1510651761601511,1.381497200376895,8.713510682860472,877.9045766654117,14223.549842650293,1.8828988320200788,0.5310959797702696,26781.505385905613,0.3289961250954731,0.01690446,18185.96709833,13048.14158774,2014.4345126,583.88488353,766.24162947,0.9473380525688117,0.9665690109622368,/home/chaoyu/phd_simulation/sensitivity_analysis/data/04286_verts.csv,/home/chaoyu/phd_simulation/sensitivity_analysis/data/04286_stress.csv,1.2232137696430354,1.2912114807656636,1.250015435885475,1.2932500646188336,,0.05696243148582095,,0.05603676079515353,11292.345102173913,13005.143806250002,
4287,material_r_cable,3,True,1.2038454381525354,1.258910405532126,2.8678479896934714,1364.9334076714767,10776.840065876077,4.597523626769766,0.2175083982553893,49546.77682478429,0.3995079016751911,0.0218894,25567.49324493,17703.6993936,2251.47281058,1181.0967952,894.39005045,0.9492690270949088,0.950318114642294,/home/chaoyu/phd_simulation/sensitivity_analysis/data/04287_verts.csv,/home/chaoyu/phd_simulation/sensitivity_analysis/data/04287_stress.csv,1.2264272854059368,1.2919701901148382,1.229746196414055,1.2940363626309908,0.8255170887645413,0.05705207504594234,0.6137927222181321,0.05544848803050034,14842.19480222222,17593.20634893617,0.14710131545748076
4288,material_r_cable,3,True,1.392343132694584,1.00995622286902,74.45146644564676,224.94022879830584,17451.143811964495,3.262935081451179,0.3064725393050889,56941.94935550861,0.473809331036374,0.00392462,17497.19629036,10710.94159402,1731.52561019,2700.90475396,715.27620216,0.9522158041206124,0.939278460429162,/home/chaoyu/phd_simulation/sensitivity_analysis/data/04288_verts.csv,/home/chaoyu/phd_simulation/sensitivity_analysis/data/04288_stress.csv,1.2286339045201404,1.290289343238537,1.2138219805959756,1.292291936558806,,0.057794187454760275,,0.05464136294510838,9293.468193333334,10922.610395744681,
4289,material_r_cable,3,True,0.966693575072256,1.1738654342750543,1.4376037037914309,519.8206852407109,18645.624900590512,3.727532486161986,0.2682739865346256,69502.17254174198,0.277772392192287,0.01330702,16678.18544744,13322.52817009,628.46199578,583.79034746,671.0322551,0.9792311706286478,0.9637831141403168,/home/chaoyu/phd_simulation/sensitivity_analysis/data/04289_verts.csv,/home/chaoyu/phd_simulation/sensitivity_analysis/data/04289_stress.csv,1.2639604388531966,1.2907681830039766,1.2459759344788817,1.2927970164638931,,0.05592456022121887,,0.0545444210005493,12261.33389333333,13518.316772916667,
4291,material_r_cable,3,True,1.068572663286627,1.083717134104328,14.372771319050935,382.1723699514304,11113.112611518609,2.294053099728788,0.4359097006595985,25494.070434089343,0.1247685871952665,0.04794643,3513.26702821,2229.74284433,247.80973396,94.25148011,115.30109608,0.9764577631973866,0.9851340000943354,/home/chaoyu/phd_simulation/sensitivity_analysis/data/04291_verts.csv,/home/chaoyu/phd_simulation/sensitivity_analysis/data/04291_stress.csv,1.267061622601492,1.297610270875957,1.2803234201240554,1.2996439266145043,0.9069795144881395,0.05411412094978614,0.7219701550242618,0.056052223099289866,1937.4890955555557,2287.03065,0.11357585990932255
4292,material_r_cable,3,True,0.8253259417292352,1.3832564919348471,80.18955785648987,1540.3547771008282,14681.922024833344,2.8345854293648745,0.3527852749260984,41617.16224666383,0.3755982888166428,0.02034661,25045.84445994,19494.77230326,697.18400032,1330.01926895,1355.6504666,0.9594531312454658,0.9622463592610596,/home/chaoyu/phd_simulation/sensitivity_analysis/data/04292_verts.csv,/home/chaoyu/phd_simulation/sensitivity_analysis/data/04292_stress.csv,1.23922001390709,1.291589941760322,1.2446286900590324,1.293461573619071,0.8003769379891035,0.05347213327364283,0.6432707542554126,0.05597478418246021,19591.141325490196,19022.008514893616,0.10882584759265575
4293,material_r_cable,3,True,1.210738067662351,1.0366718316141268,61.627607703491854,512.7722021969669,5565.368530669071,2.9566451876788467,0.338221171808939,16454.820083862003,0.4439472121442439,0.06050768,2753.97201815,2057.1713293,81.89279735,152.28885597,123.76032155,0.984584800557335,0.974219811105664,/home/chaoyu/phd_simulation/sensitivity_analysis/data/04293_verts.csv,/home/chaoyu/phd_simulation/sensitivity_analysis/data/04293_stress.csv,1.28063671975487,1.3006870703569176,1.2690605578119234,1.3026429388370149,1.0179003059889646,0.05414433993390029,0.7698066100355659,0.0547974591695758,1955.1803911111115,2006.3597895833334,0.1387776115478173
4295,material_r_cable,3,True,1.0894363816801511,1.2432169430470907,65.60802436857377,549.7704117930796,14976.125522431645,2.126836729422664,0.4701818367935808,31851.7738255518,0.3747261929868637,0.01638863,12399.83165725,9658.79874986,240.56002393,573.06929703,541.73291783,0.9833868437962188,0.9700495529988172,/home/chaoyu/phd_simulation/sensitivity_analysis/data/04295_verts.csv,/home/chaoyu/phd_simulation/sensitivity_analysis/data/04295_stress.csv,1.2695473436369336,1.290994842615582,1.2542563655315797,1.2929817468129992,,0.05398713776939878,,0.054715579777545716,9506.973846666668,9361.74365,
4296,material_r_cable,3,True,1.081437394298078,1.2088116589313942,58.421559153584,1400.2575712929618,15988.945976067607,1.0548978884480371,0.9479590498291708,16866.70534866346,0.1662558545194589,0.0804074,6554.71702496,4036.9895227,934.68642684,183.80728452,224.91071313,0.9405459709152868,0.977354795558234,/home/chaoyu/phd_simulation/sensitivity_analysis/data/04296_verts.csv,/home/chaoyu/phd_simulation/sensitivity_analysis/data/04296_stress.csv,1.2368280830540774,1.315010771722796,1.28707060041461,1.3168918864100687,1.2269978340082974,0.05634292361444218,0.9583744914889792,0.05874340929458061,4309.61505652174,4033.6659187499995,0.12291879941244956
4297,material_r_cable,3,True,1.1950172418276643,1.029815065907931,31.4508812783809,946.3834060908288,9473.232528119765,1.9602776089888847,0.5101318279688978,18570.165609618336,0.4120612399185863,0.07717301,4282.25022035,2715.41937923,98.06137795,520.76542094,164.87225304,0.9849305165080384,0.948615631695548,/home/chaoyu/phd_simulation/sensitivity_analysis/data/04297_verts.csv,/home/chaoyu/phd_simulation/sensitivity_analysis/data/04297_stress.csv,1.2902482091446836,1.309989067776187,1.2444643615800437,1.311874188026712,1.1066298862978865,0.055049412447031806,0.9009538312427017,0.05402420379750816,2577.732546666666,2710.305221276596,0.10244955329043537
4298,material_r_cable,3,True,1.3676205343411338,1.0153036306960836,4.766294133528578,1436.7492099276178,4953.251700976458,4.827411013566475,0.2071503746396774,23911.38181426063,0.1571964686723261,0.11414484,4892.71983932,2405.19129572,701.77364305,429.42082209,143.21447226,0.9326353608646222,0.9406041125626272,/home/chaoyu/phd_simulation/sensitivity_analysis/data/04298_verts.csv,/home/chaoyu/phd_simulation/sensitivity_analysis/data/04298_stress.csv,1.2545088975604068,1.3451225958207118,1.2671503398337027,1.3471664889720898,1.606883677605737,0.055809208092934506,1.164040515227188,0.057662731257572174,2917.453142222222,2644.7040127659575,0.1598178555458051
4299,material_r_cable,3,True,1.1539119447191462,1.0428511592601526,2.060327599395055,1425.9855768932575,2006.32086106424,2.026834802665971,0.4933801209080596,4066.480946519759,0.4390710406771216,0.29476916,1906.84210865,1400.56711529,73.586215,70.35089563,48.08831747,0.9674970968178253,0.9654437319852502,/home/chaoyu/phd_simulation/sensitivity_analysis/data/04299_verts.csv,/home/chaoyu/phd_simulation/sensitivity_analysis/data/04299_stress.csv,1.4667030409874304,1.5159766843864784,1.462039128747063,1.5143701080752363,1.6632158059190563,0.05416451098864212,1.562752521524527,0.054790299234972535,1332.2545324999999,1516.4522522727275,0.031142055407016752
4300,material_r_cable,3,True,0.8792463647458617,1.2648928140718658,87.14679823158922,418.3777294037012,7706.063871732843,3.6987369981366656,0.270362559031306,28502.703552382547,0.3191823391126074,0.01254353,15484.30343225,8720.11186191,203.55106998,2354.36049774,515.46179623,0.9710263700988568,0.935602428658438,/home/chaoyu/phd_simulation/sensitivity_analysis/data/04300_verts.csv,/home/chaoyu/phd_simulation/sensitivity_analysis/data/04300_stress.csv,1.2535319916710426,1.2909350665146455,1.2096177470881646,1.2928758092501296,,0.055159101786724146,,0.057104090464641856,8735.009377083332,8166.306935416666,
4302,material_r_cable,3,True,0.937991710236756,1.1807841673910708,15.358400066457056,535.1740170229032,17660.941155514814,2.178150308948009,0.4591051388381798,38468.1844341972,0.1004975145654759,0.02931722,10422.1255764,7865.34871621,489.86498938,174.50278543,377.48463871,0.9656163466450498,0.981518975322166,/home/chaoyu/phd_simulation/sensitivity_analysis/data/04302_verts.csv,/home/chaoyu/phd_simulation/sensitivity_analysis/data/04302_stress.csv,1.2600266949634849,1.304893707880297,1.2715858195959362,1.2955285140346482,0.966887381337423,0.05663266129715436,0.6343626170326383,0.055219663467411306,7190.793477777777,7957.9132,0.2076657390434143
4303,material_r_cable,3,True,0.9450459076737724,1.1746043873464938,60.30869229970129,953.2074776088942,1858.7192045666864,4.213722974854361,0.2373198252394755,7832.127816085671,0.3474318630237099,0.15307877,2731.70958731,2005.88365776,194.08180733,34.28735511,100.94077891,0.9368620494387538,0.9806341929342718,/home/chaoyu/phd_simulation/sensitivity_analysis/data/04303_verts.csv,/home/chaoyu/phd_simulation/sensitivity_analysis/data/04303_stress.csv,1.276158637935215,1.3621628058258135,1.338651636504485,1.365087660770778,1.224115963206902,0.05723476551419203,1.3894280603407894,0.05947849185514484,2008.549117391304,1985.6196425531912,-0.06325208056357452
4304,material_r_cable,3,True,1.0540095602997006,1.2623373963495157,3.947430010445622,427.05790023713496,19581.71228917507,1.9252791842877328,0.5194051897309404,37700.26306306005,0.1514706904313073,0.01216642,14246.59903592,10774.14472203,918.97369905,440.78172026,569.30193165,0.9671999316869124,0.9718737940715052,/home/chaoyu/phd_simulation/sensitivity_analysis/data/04304_verts.csv,/home/chaoyu/phd_simulation/sensitivity_analysis/data/04304_stress.csv,1.2483581787096645,1.2906929971886767,1.2563553147969884,1.2927144681344835,,0.05512483004592554,,0.05509605091428418,9558.924891111112,10996.666239583334,
4305,material_r_cable,3,True,1.364756911030323,0.989446380247196,30.395272463330755,1348.779918233209,9409.853143613318,4.689197163210922,0.2132561215052965,44124.65666726295,0.2793150293424086,0.07618458,5673.78423148,4026.61163706,105.76535977,542.30038372,267.5550629,0.9899362223703804,0.9600606487237364,/home/chaoyu/phd_simulation/sensitivity_analysis/data/04305_verts.csv,/home/chaoyu/phd_simulation/sensitivity_analysis/data/04305_stress.csv,1.2946227190677422,1.3077839660900543,1.2573674936140078,1.309675066138268,1.102381861200947,0.05422298179859071,0.8432743245219944,0.054251381889682614,3937.43886888889,4066.228587234042,0.13317231409139066
4306,material_r_cable,3,True,1.0963307817431838,1.1043760320565417,37.37485216562482,1430.8920418096309,11153.051087026755,1.817655339816337,0.5501593058346493,20272.402863578594,0.2985647964753016,0.10554132,4972.21161169,3165.83237146,373.32270363,455.68870043,168.83624376,0.9597407725012213,0.9498836763930104,/home/chaoyu/phd_simulation/sensitivity_analysis/data/04306_verts.csv,/home/chaoyu/phd_simulation/sensitivity_analysis/data/04306_stress.csv,1.2754600018249287,1.328963026652393,1.264041202374052,1.3307326294667896,1.0524071382184115,0.05522348299661538,0.9647043652409636,0.05503982817142739,2893.4187022222222,3307.486474468085,0.04347938764269421
4307,material_r_cable,3,True,0.8681837108542206,0.951979644792375,2.679531652403956,343.73355295610594,2235.7008356495694,3.434982019196464,0.2911223390432557,7679.592170758779,0.4084091055222774,0.2501569,959.26173675,491.18288882,87.3685887,16.48114438,19.58622181,0.93979800774541,0.979186839059125,/home/chaoyu/phd_simulation/sensitivity_analysis/data/04307_verts.csv,/home/chaoyu/phd_simulation/sensitivity_analysis/data/04307_stress.csv,1.4089051104974253,1.4991573709306008,1.428950920392739,1.459324067065465,2.718415180393963,0.05619603514001131,1.1310826100170024,0.05615711262163543,361.6958953488372,566.6452311111112,0.4123479624617475
4308,material_r_cable,3,True,1.2228019108595345,1.3320929055700832,8.26699391239416,1825.672895234988,18149.283408859104,3.332828505868978,0.300045441353805,60488.44910614052,0.1218562171482619,0.02090444,37082.67060821,22789.2640222,6030.30309502,1391.35670293,1145.05776772,0.9322144761876552,0.95491185278418,/home/chaoyu/phd_simulation/sensitivity_analysis/data/04308_verts.csv,/home/chaoyu/phd_simulation/sensitivity_analysis/data/04308_stress.csv,1.2046799904216423,1.2922777120435314,1.2360160670822051,1.294377133845838,0.913294705978148,0.05874041980100188,0.622343737230984,0.05731536573181434,18503.255617391304,23334.44514375,0.1894658016890637
4309,material_r_cable,3,True,1.1186867493570585,0.9299344426967664,56.04157205358512,1691.7092114311188,8578.904355186209,2.453461034037182,0.4075874799423634,21048.00755018124,0.3837325784762865,0.19564253,3400.23972379,1939.47214644,376.36062509,404.81680013,89.61924675,0.9408492122798136,0.935458827954308,/home/chaoyu/phd_simulation/sensitivity_analysis/data/04309_verts.csv,/home/chaoyu/phd_simulation/sensitivity_analysis/data/04309_stress.csv,1.3324854074651606,1.4162581953343574,1.325317468936988,1.416756600432363,1.5715881509127814,0.055370232556044556,1.5273289203959137,0.05501399807953858,1803.8906204545456,2176.8429866666675,0.014282160347768406
4310,material_r_cable,3,True,1.3058858124987966,1.2668019451276604,21.622978935365627,1398.415554606198,11864.599527572236,3.070037107471657,0.3257289618963447,36424.760814937465,0.1468277679218333,0.0339359,17826.95104157,10984.89670926,1816.04788034,489.75776775,564.95617514,0.9477418436273072,0.971101336154276,/home/chaoyu/phd_simulation/sensitivity_analysis/data/04310_verts.csv,/home/chaoyu/phd_simulation/sensitivity_analysis/data/04310_stress.csv,1.2268276123635542,1.2944744611761547,1.259081261142613,1.2965498185068776,0.8765175163085612,0.056195640278790836,0.67238426469416,0.05682292951135936,9517.886151063829,11009.820870833333,0.1317922505597807
4311,material_r_cable,3,True,1.2170577417502528,1.231054736635256,33.87156560071739,1469.490765630239,19642.61219548268,3.1268359578601976,0.319812108302712,61419.22611913847,0.1038779541245402,0.02709235,24147.0713527,15165.71764331,1825.8919648,1182.90513441,758.31636565,0.955523445290596,0.9594947618562482,/home/chaoyu/phd_simulation/sensitivity_analysis/data/04311_verts.csv,/home/chaoyu/phd_simulation/sensitivity_analysis/data/04311_stress.csv,1.235480783511004,1.292988455280934,1.2425713639833107,1.2950267300880514,0.8339702245749172,0.05541276446047871,0.6322808615702342,0.055724429109242635,13887.441595744682,15404.845336170214,0.13755445087848805
4314,material_r_cable,3,True,1.3547870821254928,1.283379708891056,63.70728834933384,1770.3854038903446,19025.876272342884,2.740532547628912,0.364892582963553,52141.03317151631,0.4193895961678963,0.0206127,29664.66202862,23699.72615056,743.38387663,1443.8480738,1301.880017,0.9778166113302104,0.964102777563508,/home/chaoyu/phd_simulation/sensitivity_analysis/data/04314_verts.csv,/home/chaoyu/phd_simulation/sensitivity_analysis/data/04314_stress.csv,1.2628028786870034,1.2914516526458892,1.2470079171283572,1.2934387765999498,0.8404008800178767,0.05438619402699371,0.621942586181854,0.05463032781905936,22989.555064444445,22981.928893617016,0.14938918173836532
4317,material_r_cable,3,True,1.0337559312145286,0.8359793861987227,73.66432819342866,1041.0599307458183,2600.12074202415,1.7702921650809555,0.5648785097313415,4602.973377869833,0.1743403251256388,0.39707324,1291.31914836,898.02430003,78.27585818,32.93657273,36.41571483,0.9561103989794546,0.9745769125505094,/home/chaoyu/phd_simulation/sensitivity_analysis/data/04317_verts.csv,/home/chaoyu/phd_simulation/sensitivity_analysis/data/04317_stress.csv,1.6434543902694283,1.7188960521961063,1.646822879246396,1.6897823640584613,1.944055063428316,0.053673604089728655,1.5741844072519893,0.054702122685965124,800.9408024999999,1019.598624390244,0.10512947150377078
4318,material_r_cable,3,True,1.0218069963341028,1.0014426848724025,20.59540473750799,1459.3664633179965,8820.038018286894,4.680818415682243,0.2136378537243998,41284.9963830148,0.17361889013681,0.18708763,3601.24824803,2482.06027932,128.06450249,66.10364457,97.954328,0.9838184091260176,0.9868566261696536,/home/chaoyu/phd_simulation/sensitivity_analysis/data/04318_verts.csv,/home/chaoyu/phd_simulation/sensitivity_analysis/data/04318_stress.csv,1.3652256855889862,1.3876805647515729,1.364478342704243,1.3826510422291791,1.5104082265974619,0.05473526099225488,1.256003622667073,0.056051072119367065,2200.3305090909093,2869.954131111111,0.09196194124097021
4319,material_r_cable,3,True,1.059981092096335,1.316655459410507,68.94565940334493,1534.4729873608012,18267.57467226993,1.6072867934373194,0.6221665007658124,29361.231518869525,0.226495267928377,0.04367568,12024.30696535,10617.79911427,351.71057316,295.14403928,599.86997428,0.9777079166264552,0.9834946790117038,/home/chaoyu/phd_simulation/sensitivity_analysis/data/04319_verts.csv,/home/chaoyu/phd_simulation/sensitivity_analysis/data/04319_stress.csv,1.266706709266176,1.2955880664615058,1.2760260735388709,1.2974407495738831,0.8973003746066779,0.05372383828844867,0.7582891315163451,0.05579667542043011,10638.551724444445,10440.316610416667,0.08396480080129425
4320,material_r_cable,3,True,0.9630163010159462,1.0117910308891045,57.42890003680114,397.7117802716228,16012.598960419804,1.285338176109032,0.7780053674490507,20581.60474255137,0.2527814416288004,0.11670576,2904.5642395,928.38665955,345.45184552,146.65044052,34.34311307,0.9432522314982408,0.96580539372967,/home/chaoyu/phd_simulation/sensitivity_analysis/data/04320_verts.csv,/home/chaoyu/phd_simulation/sensitivity_analysis/data/04320_stress.csv,1.2682177880653802,1.3445160750385627,1.3018176209814305,1.347908832807586,3.0285443901573212,0.05744771264355901,1.6417387547475,0.06088271567237113,1390.8792363636364,1035.9028851063829,0.29694251769783947
4321,material_r_cable,3,True,1.130748587362957,1.3028967765572117,71.5305949348625,1065.9523971447302,10344.572832846246,1.3769950124328998,0.7262190428948482,14244.425196578157,0.2698911900858247,0.05036185,7075.16972437,5221.66606044,424.20519861,549.09352535,304.14638684,0.9610091941604824,0.9578260763855476,/home/chaoyu/phd_simulation/sensitivity_analysis/data/04321_verts.csv,/home/chaoyu/phd_simulation/sensitivity_analysis/data/04321_stress.csv,1.2483457707444072,1.298994617668498,1.2459689341953135,1.3008300409789446,0.8674346386373056,0.054613567393784146,0.7517456644501259,0.05533918889639595,5183.739126086956,5066.078968085106,0.07144909925508945
4322,material_r_cable,3,True,0.8568404208890329,1.251303179157348,60.2661188484811,1372.6115347452346,17201.568472477164,1.714603903870256,0.5832250805814507,29493.876455600857,0.3942630621508256,0.04975277,10705.84072607,8564.55124958,572.33114959,111.57613317,500.84640245,0.9592011894842418,0.989974357030932,/home/chaoyu/phd_simulation/sensitivity_analysis/data/04322_verts.csv,/home/chaoyu/phd_simulation/sensitivity_analysis/data/04322_stress.csv,1.2448540412275864,1.2978028539528177,1.2866450426996998,1.2996751214430682,0.87591428339027,0.05394146883696441,0.814882794408888,0.05798807277748148,8609.85686521739,8505.778291666667,0.03609628250648754
4323,material_r_cable,3,True,0.9641417469607514,1.364660971290975,55.05521248622462,302.75263542359824,19459.60580421134,1.3950456545351102,0.716822418498729,27147.03851613124,0.4233310667186526,0.00666667,14403.65834804,12299.60687284,537.83239878,204.10700729,795.61007473,0.972350109422766,0.988041174881202,/home/chaoyu/phd_simulation/sensitivity_analysis/data/04323_verts.csv,/home/chaoyu/phd_simulation/sensitivity_analysis/data/04323_stress.csv,1.2546637301077812,1.290341532282657,1.2768874499602538,1.2923423460705286,,0.05370430339646951,,0.05596222510841513,11989.135569565216,12193.51866875,
4324,material_r_cable,3,True,1.164075252698315,1.020056207435427,32.97600762277875,1378.1755147105723,9138.020324360064,1.2496305805619106,0.8002364983340425,11419.149643116603,0.2133416045228083,0.16069238,3679.43130988,2120.18621477,39.14917559,404.01676071,109.06982202,0.9854043063417576,0.9416415829419283,/home/chaoyu/phd_simulation/sensitivity_analysis/data/04324_verts.csv,/home/chaoyu/phd_simulation/sensitivity_analysis/data/04324_stress.csv,1.3491159013066794,1.369098848690011,1.291374984350969,1.371408195798219,1.515894490863407,0.05483048825432254,1.305051358173885,0.05377762824362096,2132.048351162791,2143.3707347826085,0.07474199930547297
4325,material_r_cable,3,True,1.074945368839935,1.3653014472788103,29.253145610939537,752.2029180722458,16949.087466953155,3.2725132214142,0.3055755415918091,55466.11282650991,0.222011486038789,0.00899445,30903.21368731,24014.28254288,458.76052344,3124.42750239,1315.58352642,0.9862294695779515,0.9353071777218888,/home/chaoyu/phd_simulation/sensitivity_analysis/data/04325_verts.csv,/home/chaoyu/phd_simulation/sensitivity_analysis/data/04325_stress.csv,1.2727364044246716,1.2905073754988563,1.2089065617896535,1.2925235586603383,,0.0573323455323693,,0.055669177600644694,23566.223020833335,24764.3592375,
4327,material_r_cable,3,True,1.2578645306792728,1.219516935868301,21.92305281754928,1914.72814574894,19608.692866064,2.255081815658894,0.4434428910987507,44219.20671110121,0.1703452600972415,0.04835384,13270.68828486,11185.99237056,449.95221058,190.20240374,618.3977261,0.982443693154012,0.9897516472836796,/home/chaoyu/phd_simulation/sensitivity_analysis/data/04327_verts.csv,/home/chaoyu/phd_simulation/sensitivity_analysis/data/04327_stress.csv,1.2736511264567858,1.2964113214141455,1.2851529626712452,1.2984600391404033,0.9565587298839286,0.05361654508144731,0.7705001012962704,0.05553781704289254,10548.430733333335,11179.008560416667,0.10773149427718892
4329,material_r_cable,3,True,1.2638088775242955,1.0628903259274494,71.89963415133967,202.13816235415192,2381.405173243932,4.991282756721008,0.2003492987155357,11886.26657797864,0.3532404314230942,0.03123372,2603.32481231,1403.53290681,464.69588012,71.6699165,77.33767898,0.936390245757238,0.9798902093229308,/home/chaoyu/phd_simulation/sensitivity_analysis/data/04329_verts.csv,/home/chaoyu/phd_simulation/sensitivity_analysis/data/04329_stress.csv,1.2123554516361572,1.2947117477241044,1.2705988110379691,1.2966746671710374,1.034260956026323,0.057160010292529574,0.7001645878635011,0.05976242585457507,1399.6476939999995,1366.4355562499998,0.19262652659827562
4331,material_r_cable,3,True,1.179971416708419,0.9689173586816656,72.07658286754884,442.3388910595922,11072.90671525144,1.5140487835118523,0.6604806997569057,16764.920942166664,0.2714506916241694,0.00329902,9062.1897433,2296.33458199,98.57394249,10513.76351233,115.31873821,0.9842547727397204,0.9327887304407496,/home/chaoyu/phd_simulation/sensitivity_analysis/data/04331_verts.csv,/home/chaoyu/phd_simulation/sensitivity_analysis/data/04331_stress.csv,1.2822720588375718,1.302784700010451,1.2169893406713872,1.304678434629405,,0.11870414810324295,,0.07393702874795761,2291.4857533333334,3314.102303846154,
4332,material_r_cable,3,True,1.2260010268626995,0.8736174890753101,59.2656392430257,593.3443140801378,6778.849887974623,2.921550790722064,0.3422839689029843,19804.75425039844,0.3429067305865011,0.12522011,2850.18757467,2100.14359075,52.62438146,91.65923523,107.37809069,0.9736301061533216,0.9697206999123243,/home/chaoyu/phd_simulation/sensitivity_analysis/data/04332_verts.csv,/home/chaoyu/phd_simulation/sensitivity_analysis/data/04332_stress.csv,1.3219214095275524,1.357724459394833,1.309323009036556,1.350206311110958,2.7652909268993904,0.06939552332116967,3.174277255129585,0.060823755085738666,2033.581517777778,2142.4882510638295,-0.06885792294928815
4333,material_r_cable,3,True,1.2071107751483845,1.0107893125328693,73.12906136742089,885.7486141163031,9043.819064635203,1.5281210735907345,0.6543984094468569,13820.0504984107,0.4143993856980476,0.08264724,3697.98351009,2478.24848684,172.96673483,317.99358013,149.0365047,0.97404920089693,0.9567111332308246,/home/chaoyu/phd_simulation/sensitivity_analysis/data/04333_verts.csv,/home/chaoyu/phd_simulation/sensitivity_analysis/data/04333_stress.csv,1.2782287976612068,1.312283605883748,1.2572733902136282,1.3141619727658038,1.0827619810159692,0.055348302972663854,0.8374783494362262,0.054371126293414125,2252.744506666667,2536.3453446808508,0.127735902475281
4334,material_r_cable,3,True,1.020400723311802,1.210594915672696,79.77789884932432,1664.0234583169374,18605.92730261603,4.2479140004617575,0.2354096622227516,79036.3790803563,0.3770667199569182,0.02367715,35036.87011099,20272.09220928,194.16627177,4106.28019428,1066.75592834,0.9887259308218356,0.937892156432684,/home/chaoyu/phd_simulation/sensitivity_analysis/data/04334_verts.csv,/home/chaoyu/phd_simulation/sensitivity_analysis/data/04334_stress.csv,1.2778216068032917,1.2923921250261516,1.213907590408146,1.2942933599373507,0.8648121630902548,0.055102751642495854,0.7126348991594698,0.054189454878859955,20301.373308888888,18835.63721276596,0.0964705995989195
4335,material_r_cable,3,True,1.0571759850457676,1.20138328509053,9.652270541007036,1435.1223773871657,6613.606964664076,2.131845133183329,0.469077225373671,14099.185820406476,0.1659867798873024,0.10902468,5252.54353241,3461.35942752,529.81620292,490.47731573,171.02096918,0.9437137358783038,0.9300912081592144,/home/chaoyu/phd_simulation/sensitivity_analysis/data/04335_verts.csv,/home/chaoyu/phd_simulation/sensitivity_analysis/data/04335_stress.csv,1.2635426495508408,1.3389045867546645,1.24674214028316,1.3404514840546056,1.2364199405276841,0.057942542948259616,1.2062433375287092,0.05486878422752108,2874.52374,3746.0718680851055,0.012353975789485902
4336,material_r_cable,3,True,1.3428199701677082,0.8404685017516716,14.741217033218575,594.4273950083716,3430.1057097174803,4.804630449973576,0.2081325526306606,16480.39033953683,0.4705349887342279,0.13111453,3081.28953906,1699.56436425,201.39567089,28.5758656,95.16914106,0.9442711447954129,0.9840219540382692,/home/chaoyu/phd_simulation/sensitivity_analysis/data/04336_verts.csv,/home/chaoyu/phd_simulation/sensitivity_analysis/data/04336_stress.csv,1.264743824596425,1.3393862891685064,1.3415023924547098,1.3632850232145717,3.6325989058512334,0.05703505440656552,2.4681441110069793,0.07578730852448769,2075.373843478261,1650.0599541666663,0.19087097942439316
4337,material_r_cable,3,True,0.8180307443660504,1.2446598029852962,2.499517094889851,947.0507219273824,4047.091144737959,1.923136558224401,0.5199838751561577,7783.108934911811,0.1400970991257527,0.14077502,2896.75935668,2617.41882163,55.33293195,22.73898191,147.50588365,0.955412941941292,0.9802836088736469,/home/chaoyu/phd_simulation/sensitivity_analysis/data/04337_verts.csv,/home/chaoyu/phd_simulation/sensitivity_analysis/data/04337_stress.csv,1.3260933577655811,1.3879792700642175,1.3210482258128742,1.3476183972215638,2.4900282322017717,0.06288504382445896,1.3291098381230482,0.054768031623610096,2483.5330266666665,2662.64510212766,0.3039739262372326
4338,material_r_cable,3,True,1.3047415873426074,1.1079793591254992,71.09417842563921,1948.7634024646493,17686.43486755673,3.5015253009501675,0.2855898255907623,61929.49917235712,0.2171796907436846,0.04940808,14672.3693922,9458.70369508,451.20474932,1278.72870459,543.33661662,0.9789977402211112,0.9577872834809668,/home/chaoyu/phd_simulation/sensitivity_analysis/data/04338_verts.csv,/home/chaoyu/phd_simulation/sensitivity_analysis/data/04338_stress.csv,1.271058304005335,1.298326085735663,1.2453742041287654,1.3002617863150128,0.9566955808485033,0.0549813703466265,0.7243811228859566,0.05435397464686875,9153.047766666667,9405.222870212767,0.13819384769681675
4339,material_r_cable,3,True,1.2797515088545108,0.9769370824110402,13.92597665781935,1590.1261765163547,18950.41755773936,3.2898652951880645,0.3039638131879303,62344.32105252928,0.1204687120918183,0.07217742,15563.55477868,6305.73992232,1735.44770191,154.44503482,328.38258198,0.9398479403657416,0.987754310289715,/home/chaoyu/phd_simulation/sensitivity_analysis/data/04339_verts.csv,/home/chaoyu/phd_simulation/sensitivity_analysis/data/04339_stress.csv,1.2318819603221276,1.3107247538817193,1.296795106100381,1.312872130843977,1.8593244661199524,0.05578431013620751,1.1154003950582745,0.06503197477492674,9155.670886956523,6514.624952083333,0.2500816397409692
4340,material_r_cable,3,True,1.2825171162728817,1.039504102387696,74.65533373352382,1679.6823496832778,19271.65133592779,2.111812734648751,0.4735268348338309,40698.11870892292,0.3225131022329681,0.05565213,9748.83356196,6863.01503423,185.31658499,993.54530901,432.78779558,0.988472423637533,0.955498273883572,/home/chaoyu/phd_simulation/sensitivity_analysis/data/04340_verts.csv,/home/chaoyu/phd_simulation/sensitivity_analysis/data/04340_stress.csv,1.2851634743034663,1.3001510649878567,1.2442005125136,1.3021483622954262,1.043014458887066,0.05537748542265827,0.7573692586767015,0.05409554844489014,6542.542915555554,7086.087240425533,0.1586579557589491
4341,material_r_cable,3,True,1.0866566902370094,0.8642534730841932,68.43567329236738,612.6454288887822,11130.823881657034,1.1327091875582564,0.8828391355734182,12607.986475845775,0.3240396950769966,0.17176521,2482.85277969,1746.08039771,20.21436648,81.13315324,82.63391685,0.9835404855156384,0.9659803616777582,/home/chaoyu/phd_simulation/sensitivity_analysis/data/04341_verts.csv,/home/chaoyu/phd_simulation/sensitivity_analysis/data/04341_stress.csv,1.369009723728877,1.3919200519856074,1.3294905312984873,1.3763121736650714,3.0648784561860154,0.062192702484037875,3.1608442876418668,0.05741017422415529,1640.1469928571428,1759.9138956521742,-0.015414408158633614
4342,material_r_cable,3,True,1.0416024200229976,1.028813665283054,22.237985936692134,1412.775248136778,1688.228582031635,3.947821765591585,0.2533042420293128,6664.825541438307,0.4782687734029841,0.27947666,2390.04957409,1605.05880815,160.23868781,96.62671032,54.84379346,0.9443625181872354,0.9506178772008546,/home/chaoyu/phd_simulation/sensitivity_analysis/data/04342_verts.csv,/home/chaoyu/phd_simulation/sensitivity_analysis/data/04342_stress.csv,1.4315995068437284,1.515942743674088,1.4291875432728405,1.503430113771014,1.5895408038124408,0.05739675198621478,1.3181890605215074,0.055897174155921825,1394.834888095238,1770.2468355555557,0.09332082275568947
4343,material_r_cable,3,True,1.3271415270998197,1.390477916319082,13.224680547269369,634.6208857696288,9818.141362699584,1.2079135164320354,0.8278738389763405,11859.46565824527,0.3482999814292007,0.0208467,8758.21775663,7292.74490433,552.3870287,418.21641832,445.97384458,0.9654033398742684,0.9676235415075028,/home/chaoyu/phd_simulation/sensitivity_analysis/data/04343_verts.csv,/home/chaoyu/phd_simulation/sensitivity_analysis/data/04343_stress.csv,1.24685695184732,1.2915399194803985,1.2516686271907609,1.2935491681410851,0.8247334154005593,0.0545949370790895,0.6196076737479749,0.055143553679697234,6761.987723913044,7176.68254375,0.14202029090892226
4344,material_r_cable,3,True,0.8661333404743238,1.3246668511354676,24.516580889160625,968.8828299546236,10830.840084383808,1.2252162944113096,0.8161824198399832,13270.121753550206,0.4261774887613432,0.01822112,10687.20863269,5188.04585832,1137.66167366,9346.15175199,337.03810348,0.9392879132928514,0.930507079865259,/home/chaoyu/phd_simulation/sensitivity_analysis/data/04344_verts.csv,/home/chaoyu/phd_simulation/sensitivity_analysis/data/04344_stress.csv,1.2193080800149427,1.2981196316477954,1.2099847632750065,1.3003498731575658,,0.07492185495896249,,0.069052559477364,4594.626921739131,5875.385520754716,
4345,material_r_cable,3,True,1.2821306814361757,1.3522262046324829,32.32614744021302,921.6685501575588,18528.725531877928,2.6058301034545623,0.3837548728423602,48282.71076961465,0.3656659592646348,0.00922429,38039.03303311,23855.18805979,5152.59405745,1537.38907291,1318.30392233,0.9340972266454034,0.9579586963514954,/home/chaoyu/phd_simulation/sensitivity_analysis/data/04345_verts.csv,/home/chaoyu/phd_simulation/sensitivity_analysis/data/04345_stress.csv,1.2055203681573472,1.2905726874778314,1.238238222672043,1.2925799696667788,,0.058103160370713614,,0.057227683173224915,21145.897332653065,23496.12954255319,
4346,material_r_cable,3,True,1.0921925184240682,1.125297450758265,31.840995997216805,1965.00066503385,14492.531498107037,3.659040380853394,0.273295699395034,53028.757972363375,0.3567763331642369,0.06351371,14168.86642538,8707.28223148,920.97772579,705.41700174,433.98248266,0.9599899386349384,0.9571534274064912,/home/chaoyu/phd_simulation/sensitivity_analysis/data/04346_verts.csv,/home/chaoyu/phd_simulation/sensitivity_analysis/data/04346_stress.csv,1.2521986440969035,1.3043872583471785,1.250445587642074,1.3064212610409691,0.9464180534578304,0.05522788224484936,0.7603884072574639,0.05539935068706806,7679.837119565217,8813.69939574468,0.1089928181560811
4347,material_r_cable,3,True,1.1264173013110763,1.3760130758594409,7.312233410930039,863.972542440043,12871.009732730236,4.400363925966753,0.2272539309985143,56637.12691867311,0.440100551808256,0.00732695,45094.41357982,30220.98800852,6947.73976302,1130.15069138,1692.39558233,0.930458259068166,0.9598991341802524,/home/chaoyu/phd_simulation/sensitivity_analysis/data/04347_verts.csv,/home/chaoyu/phd_simulation/sensitivity_analysis/data/04347_stress.csv,1.2006944969592144,1.2904334882917632,1.2406218174990329,1.292450189111292,,0.05823254740072033,,0.05712106073207719,25294.655452173913,29813.405670833337,
4348,material_r_cable,3,True,1.2685109724455688,0.9588199550748572,29.605783296114986,499.8335569301132,5858.740229089565,1.487259892658802,0.6723774405106034,8713.46936423155,0.154488126786866,0.08203822,2932.18051276,1873.43560379,230.27365744,85.81123344,98.96986944,0.9526190027262916,0.9765510194532852,/home/chaoyu/phd_simulation/sensitivity_analysis/data/04348_verts.csv,/home/chaoyu/phd_simulation/sensitivity_analysis/data/04348_stress.csv,1.2518981119758654,1.3141645383863534,1.2852583473678132,1.3161200201166707,1.2856145675124995,0.05410958039734341,0.9921069545370065,0.05869146405980822,2073.309815217391,1878.1004395833334,0.12886018336051602
4350,material_r_cable,3,True,1.3239276961896231,1.1233049913865003,58.12592134902985,1779.5562700312328,9787.993712322184,2.6693897647579337,0.3746174549712796,26127.970233187843,0.1314491006335832,0.09077833,6447.8552206,4597.23029996,582.05970596,153.33056838,269.71234913,0.9590195049897065,0.983561751915259,/home/chaoyu/phd_simulation/sensitivity_analysis/data/04350_verts.csv,/home/chaoyu/phd_simulation/sensitivity_analysis/data/04350_stress.csv,1.2618142117119029,1.315733627050105,1.2959476001579018,1.3176067467389248,0.9839288300878054,0.05417555294300163,0.9675252352516918,0.05671871460682165,4504.193935555555,4608.217514583333,0.008405831901177694
4351,material_r_cable,3,True,1.2879877226848364,0.980466297328815,70.68343800530434,313.7575839183541,11611.410222579085,1.1857255079921916,0.8433655118825236,13767.945284673311,0.1945911055237831,0.02362559,5467.20852891,3731.04450645,473.35042236,274.38847944,208.10859266,0.9598161030750814,0.9655135320832188,/home/chaoyu/phd_simulation/sensitivity_analysis/data/04351_verts.csv,/home/chaoyu/phd_simulation/sensitivity_analysis/data/04351_stress.csv,1.240361182364608,1.2922904485460391,1.2496874800863698,1.2943241483006551,0.8544520569330533,0.05595698511577871,0.622665970208672,0.05499186545672852,3341.063246666667,3953.011202083333,0.15691778345762622
4353,material_r_cable,3,True,1.2716947802226797,1.3841007971657662,49.02909096296654,1466.8314356764715,4725.175663350868,1.8431473214992875,0.5425502282620368,8709.19486751877,0.3089556344217931,0.08463404,6053.71916221,4630.41582812,96.91543345,418.54192832,258.22307446,0.9839394210906532,0.9532355827461996,/home/chaoyu/phd_simulation/sensitivity_analysis/data/04353_verts.csv,/home/chaoyu/phd_simulation/sensitivity_analysis/data/04353_stress.csv,1.2903798566250015,1.3114423804614646,1.2519578490662695,1.3133771669113252,1.1488230795788947,0.05456526506551613,0.8376660958959985,0.05437761971738724,4573.403768888889,4576.518527659575,0.15663663689912158
4354,material_r_cable,3,True,1.3768142224520914,1.2414956131028427,27.994461905745453,821.4875429931706,14651.025526655516,1.0692781939438072,0.9352103181976532,15666.022114566827,0.4090728829445759,0.02000404,12557.17959152,9347.23778327,316.37998611,1372.07764137,583.67950644,0.9806307965918348,0.9468533975543122,/home/chaoyu/phd_simulation/sensitivity_analysis/data/04354_verts.csv,/home/chaoyu/phd_simulation/sensitivity_analysis/data/04354_stress.csv,1.2665180723322276,1.2915340582143542,1.224774607605203,1.2935208457494594,0.8415743079549045,0.05508179484820653,0.6155258028597399,0.05393438678400452,8941.413,8976.971925531912,0.15513587804806633
4356,material_r_cable,3,True,1.1066145328825656,1.1381140509279306,3.4064100484944446,843.2672387874713,6360.594196129409,4.968341130889218,0.2012744241297745,31601.601761524988,0.1773221965335079,0.04288301,10314.12219831,4987.79238434,1870.86195442,425.40930731,230.23543705,0.9333117524670222,0.9484727061835636,/home/chaoyu/phd_simulation/sensitivity_analysis/data/04356_verts.csv,/home/chaoyu/phd_simulation/sensitivity_analysis/data/04356_stress.csv,1.2140564434464312,1.3008048385090156,1.2359064473699024,1.3030490380085962,1.3240645648253633,0.0590486547688626,0.7977790467155895,0.05824812407258772,4072.908326086957,5355.599174468086,0.2480321901422169
4357,material_r_cable,3,True,1.0065374603191262,1.1867442207518324,36.21441436703754,587.3983014440576,17626.290247495548,3.991746209070551,0.2505169285882137,70359.67727541758,0.262766291065533,0.00944997,28871.28527386,15006.31607648,3616.36836451,3190.17393638,755.16031727,0.9349673731388152,0.9317174712658104,/home/chaoyu/phd_simulation/sensitivity_analysis/data/04357_verts.csv,/home/chaoyu/phd_simulation/sensitivity_analysis/data/04357_stress.csv,1.206847874622867,1.2907914321879612,1.2045296667562622,1.2928057097821888,,0.06014615279472743,,0.057134244386573385,13864.168350980393,15572.071256249998,
4358,material_r_cable,3,True,1.0188536528227337,1.1134772058669995,76.13417079159221,1714.2387818221553,4450.320309468955,1.6298723089740283,0.6135449964356287,7253.453838468178,0.2181547918502927,0.27018988,2799.22696671,1937.52352285,13.45490397,195.47533409,77.83151848,0.9888125770336764,0.9507069471594256,/home/chaoyu/phd_simulation/sensitivity_analysis/data/04358_verts.csv,/home/chaoyu/phd_simulation/sensitivity_analysis/data/04358_stress.csv,1.4643689729144709,1.4809368397269065,1.4184290430817783,1.491972944259888,1.7949719873952243,0.05419726838519321,1.5694478195607928,0.05491802977926993,2176.4181341463413,1831.4083840909093,0.06703211274887723
4359,material_r_cable,3,True,1.2122905982442895,1.3699356068567916,37.79328641105089,327.31979345368563,2741.504499936918,2.02264585615158,0.4944019225899813,5545.092716418317,0.4267711892520521,0.0261826,4558.68855355,3027.41297436,537.25076532,97.73121954,176.92693688,0.9421154541016192,0.97568137284012,/home/chaoyu/phd_simulation/sensitivity_analysis/data/04359_verts.csv,/home/chaoyu/phd_simulation/sensitivity_analysis/data/04359_stress.csv,1.2178510811539789,1.2926771085772022,1.2632141567167725,1.294699470422061,0.8525390647853527,0.05810160057719898,0.6623057472816724,0.05726450026137028,2741.069640816326,2977.1284166666665,0.12557940984337831
4360,material_r_cable,3,True,1.2926367436673485,1.2243060348312365,26.929954904837896,1012.2023215016249,10282.310161627944,3.5713471762128344,0.280006381530353,36721.699360674495,0.4138800153912502,0.02481994,15083.0606521,12486.25519591,463.08991709,157.65336838,650.83443011,0.978365381022501,0.989232464275338,/home/chaoyu/phd_simulation/sensitivity_analysis/data/04360_verts.csv,/home/chaoyu/phd_simulation/sensitivity_analysis/data/04360_stress.csv,1.263886895972816,1.291835259595871,1.279922129318984,1.2938537457488222,0.857497616062603,0.053823665747295454,0.6565131223243467,0.055551355472846564,11729.227597777779,12388.567604166667,0.13274971480875247
4362,material_r_cable,3,True,1.1472424550980604,0.9684711427445184,82.47454469484131,630.5765974665856,14254.355224379682,3.874585241702048,0.2580921408663382,55229.71438235999,0.1779311204886997,0.07734537,8205.04241012,2728.60662442,754.04793765,581.89668788,117.61792213,0.9418716888550404,0.9520434070737348,/home/chaoyu/phd_simulation/sensitivity_analysis/data/04362_verts.csv,/home/chaoyu/phd_simulation/sensitivity_analysis/data/04362_stress.csv,1.240490474818928,1.3170482662313538,1.2548718048967755,1.3180825533510436,2.387878544079982,0.06220680304901644,3.7698460550987063,0.06298952844241663,2782.963482608696,3831.3614212765947,-0.22442827521111444
4363,material_r_cable,3,True,1.1737312654242458,1.2575428529310826,0.2741239842934087,1981.64623163976,19439.797899221296,4.891253697801185,0.204446561512346,95084.98335907389,0.4576424599661312,0.01683026,51125.86202628,35524.16350996,4258.33488998,610.2324507,1817.09945828,0.9475401608342258,0.9805795996359736,/home/chaoyu/phd_simulation/sensitivity_analysis/data/04363_verts.csv,/home/chaoyu/phd_simulation/sensitivity_analysis/data/04363_stress.csv,1.2233884807406692,1.2911204519960222,1.268044311972896,1.2931579572363523,,0.055936542552079534,,0.056284239336428774,30147.089160000007,35343.38440833333,
4364,material_r_cable,3,True,0.8979704211672659,0.8149162442720594,23.70049950392777,1336.1955969560602,2073.908070257605,3.136372279382616,0.3188397010691749,6504.547781543846,0.2294805299305647,0.48107717,1705.73975449,1101.91935741,90.86113929,98.60963185,26.45570882,0.9507686376844148,0.9466977222987976,/home/chaoyu/phd_simulation/sensitivity_analysis/data/04364_verts.csv,/home/chaoyu/phd_simulation/sensitivity_analysis/data/04364_stress.csv,1.8184486555787789,1.9126090023410824,1.7766750706513414,1.8767078749668584,1.7488283084983727,0.08041367989038406,1.5715392258278305,0.05535654775970787,1031.5511212121212,1188.203005882353,0.05339441517775207
4365,material_r_cable,3,True,1.026514473291653,1.073671057252136,89.17276185838178,606.0664348834332,16068.086791176433,1.500475558928175,0.6664553741310678,24109.771508896883,0.2355808293686143,0.07527993,3394.89943108,2118.30852895,139.89430798,267.18969373,110.51931522,0.9805921035961914,0.9716833728933728,/home/chaoyu/phd_simulation/sensitivity_analysis/data/04365_verts.csv,/home/chaoyu/phd_simulation/sensitivity_analysis/data/04365_stress.csv,1.2831653114391262,1.308561742169132,1.273497449969197,1.3106094901851773,0.9464128525716256,0.05421707324971233,0.8804039463115833,0.055294980158868544,2172.9170066666666,2067.0182958333335,0.03613329278578763
4366,material_r_cable,3,True,0.961375539583088,1.1841950494018358,27.42649612146172,1438.347410537994,5257.6544638143205,4.428388957862204,0.2258157559138048,23282.93897181026,0.1866532309852577,0.10179373,6112.700567,5199.73582765,72.2864248,201.2462375,256.05315322,0.9898096646080938,0.9630784929014636,/home/chaoyu/phd_simulation/sensitivity_analysis/data/04366_verts.csv,/home/chaoyu/phd_simulation/sensitivity_analysis/data/04366_stress.csv,1.306379048071115,1.3198285435901094,1.2734703017938696,1.3222912890072849,1.2809793819460742,0.05547848790892908,0.8282835092241687,0.05504287565465018,5083.711615555555,5365.473735416666,0.2146227834458059
4367,material_r_cable,3,True,0.8415009430339302,1.147378525515149,77.62681998658842,981.9898933568358,17872.586667559972,3.995214541674053,0.250299449396023,71404.81815156541,0.4327137811954974,0.02763917,19838.97731634,11459.94192886,289.3014848,1657.46887749,612.76980536,0.9744719188990104,0.9518294752796462,/home/chaoyu/phd_simulation/sensitivity_analysis/data/04367_verts.csv,/home/chaoyu/phd_simulation/sensitivity_analysis/data/04367_stress.csv,1.2600354116902377,1.2930443527955795,1.2325610450973763,1.29493893297983,0.8215358629652643,0.054020677323817316,0.77888371004168,0.055665832571794,11534.717625,10937.724378723406,0.0266506069051926
4368,material_r_cable,3,True,1.3641461396689316,0.8599856447093414,22.120002970230946,1379.886250301753,5676.770304181894,3.255152541512828,0.3072052652670007,18478.75328324224,0.3901411255033213,0.14702268,3347.6030563,2806.38813998,99.38279958,164.41390309,175.63115165,0.97878604066306,0.9699489088898512,/home/chaoyu/phd_simulation/sensitivity_analysis/data/04368_verts.csv,/home/chaoyu/phd_simulation/sensitivity_analysis/data/04368_stress.csv,1.3214847876929705,1.350126312383609,1.3139726086887829,1.354682289598822,1.1400920671993973,0.053300542741832185,1.3701603109488039,0.055716998256788795,2912.7081909090907,2705.2800391304345,-0.09165143941388341
4369,material_r_cable,3,True,1.1147560783469557,1.0145460341072858,73.84119550907448,228.85826322955205,17606.19092834545,3.5435697917866023,0.2822012994686407,62388.76632211226,0.3361868750730755,0.01231152,13302.77150626,3348.1628099,750.66316597,2610.87064533,176.96146823,0.9577906038063556,0.9343223323865744,/home/chaoyu/phd_simulation/sensitivity_analysis/data/04369_verts.csv,/home/chaoyu/phd_simulation/sensitivity_analysis/data/04369_stress.csv,1.2369687610901632,1.2914814116721605,1.208523767387412,1.2934762720488917,,0.05865342887723843,,0.06339772068085742,3107.08618125,5583.7680224489795,
4370,material_r_cable,3,True,1.337056970771163,1.0275758205871253,33.79135582878772,1450.3999951180956,10917.742333478596,1.6728229575669222,0.5977918915307536,18263.450020243257,0.4654866841843516,0.0634881,6448.10636683,5308.20268036,385.08587198,264.38106704,346.38937891,0.9684602629505484,0.975617665315936,/home/chaoyu/phd_simulation/sensitivity_analysis/data/04370_verts.csv,/home/chaoyu/phd_simulation/sensitivity_analysis/data/04370_stress.csv,1.2609459155686746,1.3020110001488634,1.2720917059788912,1.303883428112126,0.9532676759057778,0.054092384630715716,0.8299093027689994,0.0554892773068708,5002.639597777777,5220.827027083334,0.06917898481868912
4372,material_r_cable,3,True,1.2968123199198551,1.1420785042909485,65.43065023801897,899.8854645333752,2286.642180231735,3.412349072546819,0.2930532541483648,7802.821322960197,0.3654865879586939,0.12401339,2686.74861616,2025.44529337,49.66076341,156.07805839,101.33876417,0.9819916465381956,0.961005400017823,/home/chaoyu/phd_simulation/sensitivity_analysis/data/04372_verts.csv,/home/chaoyu/phd_simulation/sensitivity_analysis/data/04372_stress.csv,1.3095813456270382,1.3335972360291364,1.283341617532198,1.3354156152591827,1.2950765414508203,0.05429064377763878,1.0009600722687766,0.05453698084142444,2032.88916,1966.551680434783,0.1280974647462493
4373,material_r_cable,3,True,1.3726181220479954,0.9154122289067842,56.86608012760636,624.2612351786825,19793.95180762085,4.027635632884765,0.2482846243178549,79722.82561597756,0.3495771487401184,0.01975696,17936.11541516,9037.92602453,849.61464539,1426.91875783,518.95957888,0.968077695473538,0.9521042080004952,/home/chaoyu/phd_simulation/sensitivity_analysis/data/04373_verts.csv,/home/chaoyu/phd_simulation/sensitivity_analysis/data/04373_stress.csv,1.2505429416466185,1.2917795208936318,1.2318130129553826,1.2937796121522254,,0.05586075835199072,,0.05545925960687373,8862.68392888889,10139.502929787235,
4374,material_r_cable,3,True,1.3501739381501574,1.0656366573817202,42.88687757668916,1301.3771095074276,19716.8825187984,4.507685610885694,0.2218433329922302,88877.50762151123,0.4284049252504966,0.02126723,24392.06254308,14872.037785,403.34876733,2152.07862573,859.06682627,0.9871161185205964,0.9493590853890458,/home/chaoyu/phd_simulation/sensitivity_analysis/data/04374_verts.csv,/home/chaoyu/phd_simulation/sensitivity_analysis/data/04374_stress.csv,1.2750664279403312,1.2917086490810117,1.2281895463747765,1.2937038948455066,0.8540133942822917,0.054957682712248546,0.6203887660182625,0.05409004417186448,14179.117439999998,14595.75364680851,0.15845380219492167
4375,material_r_cable,3,True,1.0073910017133143,0.993926497208266,32.85980768330567,839.211219174411,1660.3174621704527,1.3007696887167235,0.7687756016105755,2159.6906284384,0.272771812867583,0.37816807,982.6504263,681.51380851,33.15386895,63.25411074,15.17897186,0.9685810938540056,0.9489784063200972,/home/chaoyu/phd_simulation/sensitivity_analysis/data/04375_verts.csv,/home/chaoyu/phd_simulation/sensitivity_analysis/data/04375_stress.csv,1.6125004187586136,1.6648068282465012,1.5772447465586117,1.6620449275287257,1.7958957896246062,0.05452916168996458,1.5582771088170642,0.054538628338111836,691.4218513513514,728.0775209302326,0.07084270489393624
4376,material_r_cable,3,True,1.3018141356998745,0.8172507367390701,0.989552193160904,1171.043275777796,1096.973632886214,3.3934234478529106,0.2946876555098718,3722.496047512469,0.4239518519962389,0.36280605,1281.88144403,882.79613216,41.66878339,62.17819095,49.03720586,0.9689268063747534,0.9594608749114248,/home/chaoyu/phd_simulation/sensitivity_analysis/data/04376_verts.csv,/home/chaoyu/phd_simulation/sensitivity_analysis/data/04376_stress.csv,1.5651916911161536,1.6153869217142725,1.5821823602124414,1.6490327032444183,1.5503893946493106,0.05351206206214088,2.016239642608186,0.05482823317231925,935.0244075,893.3695906976743,-0.13061359706673717
4377,material_r_cable,3,True,1.0698319034287915,1.3952940300232055,48.23082317063609,221.92570540591475,7035.942392995804,2.527580310263548,0.3956353022451465,17783.90945668478,0.4048599023729435,0.00550045,13795.39986745,9399.56864689,1692.35073493,931.0639355,566.97560504,0.9372008654722184,0.9481160663864858,/home/chaoyu/phd_simulation/sensitivity_analysis/data/04377_verts.csv,/home/chaoyu/phd_simulation/sensitivity_analysis/data/04377_stress.csv,1.2093163340339554,1.2903491434833758,1.2252992350067893,1.2923515152282143,,0.057717740571287854,,0.057314294909366036,8924.06675576923,9218.989817021278,
4378,material_r_cable,3,True,1.0447671721944465,1.2735130679038875,29.036979227020552,558.991161936586,19761.09899855477,3.370354928019736,0.2967046561436049,66601.91739286494,0.1854347419000381,0.0092679,25720.97054776,20450.81273963,842.06447355,569.26502336,1059.66906365,0.9756903519726718,0.9745157835464994,/home/chaoyu/phd_simulation/sensitivity_analysis/data/04378_verts.csv,/home/chaoyu/phd_simulation/sensitivity_analysis/data/04378_stress.csv,1.2590956397733577,1.2904664243401514,1.2595412728798316,1.2924790897650271,,0.054511437975143434,,0.05517040790400455,19439.84612826087,20472.141060416663,
4379,material_r_cable,3,True,0.8541902715753493,1.3230287236345286,15.86596625492974,259.0040184986948,7597.56844358771,3.714210941259436,0.2692361892781766,28218.971840140897,0.3694440590984125,0.00592701,15414.88596509,10969.5442038,1172.13063788,1001.05098741,704.2773871,0.9538157851537472,0.9385155539950892,/home/chaoyu/phd_simulation/sensitivity_analysis/data/04379_verts.csv,/home/chaoyu/phd_simulation/sensitivity_analysis/data/04379_stress.csv,1.2307552856172193,1.290349043048005,1.212903987598153,1.2923642900056824,,0.058848245928901616,,0.05487839706925624,9960.224854347825,11049.837919230768,
4381,material_r_cable,3,True,0.8283116555588189,1.3594440498720528,87.63140900011169,1804.9208876666708,18369.790409263645,2.543577169039982,0.3931471048615475,46724.97948505264,0.1378577351666394,0.02697432,28628.98519389,20299.28760019,136.90651451,2076.44010569,1275.67583791,0.9878604364276652,0.9525936240065084,/home/chaoyu/phd_simulation/sensitivity_analysis/data/04381_verts.csv,/home/chaoyu/phd_simulation/sensitivity_analysis/data/04381_stress.csv,1.2769703293004566,1.2926626902057952,1.2330233095744612,1.2943854320465584,0.8327777141512704,0.05383766456915304,0.7458739812431464,0.05456604233924294,20479.642577777777,19510.753065957448,0.05504933935817403
4382,material_r_cable,3,True,0.9984692381533208,0.961714805732043,41.15020338815391,1116.440514390057,4404.127978509128,4.615069489898094,0.2166814610676818,20325.356663224047,0.2693511489573605,0.24396067,2462.79807711,1396.08522206,143.95887823,37.69113296,45.52061333,0.963945279528532,0.9849594059067176,/home/chaoyu/phd_simulation/sensitivity_analysis/data/04382_verts.csv,/home/chaoyu/phd_simulation/sensitivity_analysis/data/04382_stress.csv,1.4026724322268502,1.4551369896358648,1.4310289875056696,1.452881183654789,1.443487969501858,0.055581021520610015,1.541385332669885,0.05825872243696745,1339.5889395348838,1541.5727790697676,-0.03279782867058325
4384,material_r_cable,3,True,1.238806899979544,1.263336404335663,86.03186826569518,617.0329404218376,14893.709782951431,4.822053873546455,0.2073805117537051,71818.27095035769,0.3139732076318181,0.00793726,28014.46218125,23994.5955111,2227.68528536,673.48963166,1173.3142054,0.944615964621129,0.9808111579406824,/home/chaoyu/phd_simulation/sensitivity_analysis/data/04384_verts.csv,/home/chaoyu/phd_simulation/sensitivity_analysis/data/04384_stress.csv,1.218965579572179,1.2904350817965349,1.2676275791453104,1.2924277715262025,,0.056217507155200526,,0.0578701604691608,23942.277243999997,23474.79363125,
4385,material_r_cable,3,True,1.0085965558694676,1.1835452683533925,41.838507690912266,564.915239375873,2876.452192417173,4.533725972731563,0.2205691314416829,13041.046014082389,0.4525774157294617,0.01561553,5395.69211943,3101.71020255,150.34873566,8265.75669123,163.58376688,0.9762061162199932,0.934248276614213,/home/chaoyu/phd_simulation/sensitivity_analysis/data/04385_verts.csv,/home/chaoyu/phd_simulation/sensitivity_analysis/data/04385_stress.csv,1.2689523026157012,1.2998815327333353,1.2163332655554369,1.3019379280671743,,0.077710925150363,,0.07572084087168207,2941.60685,3307.936462745098,
4387,material_r_cable,3,True,1.1632151032460845,1.2278303059287072,55.63826563499708,299.8080083363599,14894.285774585474,3.6923422763173313,0.27083079659597,54994.801041053775,0.3513990046413838,0.00532257,23497.77759639,15985.93183512,1129.23707171,1538.0899077,823.58742859,0.95989303896637,0.9530633866712196,/home/chaoyu/phd_simulation/sensitivity_analysis/data/04387_verts.csv,/home/chaoyu/phd_simulation/sensitivity_analysis/data/04387_stress.csv,1.2385697591626212,1.290320597070206,1.2316646057664344,1.292321815098039,,0.055002013507483176,,0.05520724050848655,15407.766410416667,15582.171987234038,
4388,material_r_cable,3,True,1.3931995214708524,1.1672662978094557,32.79092424289977,1523.218043692592,12448.499721860124,3.639156498124013,0.2747889519221008,45302.03865470224,0.3722495622881483,0.03163308,17065.25280905,12721.2465,469.89234572,1109.79731004,697.53562113,0.9800982566204326,0.956955499480742,/home/chaoyu/phd_simulation/sensitivity_analysis/data/04388_verts.csv,/home/chaoyu/phd_simulation/sensitivity_analysis/data/04388_stress.csv,1.2675423589310757,1.2932809035920596,1.2395258860701237,1.2952805921933763,0.8900454210599676,0.054647594942756894,0.6471960963821491,0.054431437280412755,11993.861142222224,12542.12294255319,0.1579773392289756
4389,material_r_cable,3,True,1.2364939296874842,0.90799855374084,27.880768582929136,1327.641722105387,4086.556216648137,2.6749585758681693,0.373837564821147,10931.368597490316,0.4296863329347177,0.19979175,2309.7613348,1557.75065651,309.75545673,52.42991765,85.24076346,0.9349253370086076,0.977604665433348,/home/chaoyu/phd_simulation/sensitivity_analysis/data/04389_verts.csv,/home/chaoyu/phd_simulation/sensitivity_analysis/data/04389_stress.csv,1.3182655296822614,1.410022252579218,1.3829362117593549,1.4146170335084616,1.6338128866156216,0.05421941964207892,1.5370184213975657,0.057985635715349766,1631.6120431818183,1600.6736155555557,0.030526526268818254
4390,material_r_cable,3,True,0.9296597619834978,1.28690319498771,29.753473522967106,462.33058029921256,13233.9471733318,3.26897215230905,0.3059065520927262,43261.40477475072,0.3866657252294125,0.00914804,18634.62209473,14914.93190515,630.9141067,678.15555578,879.86732199,0.9741181986380194,0.960770901033124,/home/chaoyu/phd_simulation/sensitivity_analysis/data/04390_verts.csv,/home/chaoyu/phd_simulation/sensitivity_analysis/data/04390_stress.csv,1.2570695897907354,1.2904692588110247,1.2417801501283734,1.2924830974721218,,0.055063400127583886,,0.05510054238181194,14221.95735,14936.428102127662,
4392,material_r_cable,3,True,1.296111157982389,1.366067296725729,64.68308451738442,1306.9914728808124,3492.912813865892,2.086153506489944,0.4793511104954828,7286.752314509986,0.4146173624495812,0.07065148,5841.79989768,4243.5711964,630.27303049,576.36032112,237.6557431,0.9377728742168192,0.941451198236005,/home/chaoyu/phd_simulation/sensitivity_analysis/data/04392_verts.csv,/home/chaoyu/phd_simulation/sensitivity_analysis/data/04392_stress.csv,1.2286616175545375,1.310191040213926,1.2351235450006033,1.3119358149576437,1.012616460668797,0.058496126998717764,0.8491742427852323,0.056095748599147274,4064.3025,4072.457910638298,0.08778764314396008
4395,material_r_cable,3,True,1.3754076067597425,1.0787050786434738,31.990898123613007,435.5172818623526,6711.615737480798,3.3174426804464816,0.3014370092644415,22265.40050227509,0.2576206480950266,0.02606366,5862.91584692,3580.78344614,713.72173511,142.98139409,227.16707489,0.9518487447508456,0.9826173311191132,/home/chaoyu/phd_simulation/sensitivity_analysis/data/04395_verts.csv,/home/chaoyu/phd_simulation/sensitivity_analysis/data/04395_stress.csv,1.2304329988488254,1.292677019993236,1.2721571435368593,1.2946618212890528,0.8621452934122519,0.055354910228790334,0.6658502338870014,0.05770740265503734,3445.389563043479,3595.7626395833336,0.12846572913220752
4397,material_r_cable,3,True,1.3114203881768614,1.2214495680390287,1.662432385163447,1312.3248329068574,11228.84318662388,3.928485134534497,0.254551045951328,44112.34353667089,0.3994546529049406,0.02730983,16765.59391361,14634.62870746,341.76105995,610.71779328,747.97977642,0.985955899939138,0.9684349877583116,/home/chaoyu/phd_simulation/sensitivity_analysis/data/04397_verts.csv,/home/chaoyu/phd_simulation/sensitivity_analysis/data/04397_stress.csv,1.2741216440396117,1.2922704191113026,1.253450869961644,1.294305643441357,0.8829297184158921,0.054176102767233995,0.6398457412603838,0.05462361113291354,13946.386493333328,14496.8758125,0.15963218714280109
4398,material_r_cable,3,True,1.195409770100067,1.0538171079216614,48.5014058184293,930.0400237414068,3596.658363368224,3.88010543706105,0.2577249552160213,13955.413670956144,0.1923607452666333,0.1442076,2827.3746817,1555.40969469,99.49775081,281.24715125,75.55278337,0.969973680874349,0.9418608212554734,/home/chaoyu/phd_simulation/sensitivity_analysis/data/04398_verts.csv,/home/chaoyu/phd_simulation/sensitivity_analysis/data/04398_stress.csv,1.3173011501159488,1.3580792717267478,1.2808009039459192,1.3598621739448171,1.244495752498248,0.05546666015574948,1.1650778320668602,0.05455573678620865,1524.7261066666667,1671.7155043478263,0.03295932564172826
4399,material_r_cable,3,True,1.0207577780554358,1.0960435833623088,87.50853100082556,576.9666668349149,8099.796926866438,3.6717680567922346,0.2723483576665868,29740.57562257209,0.2376602729461634,0.05197857,5543.15986917,3243.6188647,414.03624053,409.74434111,151.571326,0.9485860113872294,0.9631544580254072,/home/chaoyu/phd_simulation/sensitivity_analysis/data/04399_verts.csv,/home/chaoyu/phd_simulation/sensitivity_analysis/data/04399_stress.csv,1.2347725306836232,1.3016980177452433,1.2555296732521075,1.3035600497827815,1.1083337394185528,0.054883896172778696,0.8904171708891198,0.057942546830242025,3517.8480122448987,3076.5536851063835,0.10902637612602195
4400,material_r_cable,3,True,0.9841437482977856,1.321811602778518,59.77325994074664,1527.5739338224548,9290.808948233956,3.824884909755361,0.2614457751263317,35536.274945520134,0.4869241599112089,0.02637771,20509.68246491,15738.50162691,1020.09186807,1026.26255614,941.40674506,0.9532150997665644,0.9582263605452132,/home/chaoyu/phd_simulation/sensitivity_analysis/data/04400_verts.csv,/home/chaoyu/phd_simulation/sensitivity_analysis/data/04400_stress.csv,1.2320784928972692,1.2925503311886233,1.2404142290151934,1.2944897782914473,0.8180737528647212,0.054651444372038276,0.6537957127629414,0.05590816144551515,15334.290602000001,15386.222165957448,0.1116118269575796
4401,material_r_cable,3,True,1.0517599455548057,1.2768306643235494,36.46282158373575,1997.291329028128,18817.39734136125,2.3804123865958373,0.4200952766130043,44793.1657148719,0.491318904353183,0.02665028,26065.83401669,17532.32658525,1368.79856011,3414.84767762,1023.17263667,0.960214453185876,0.9323246965733596,/home/chaoyu/phd_simulation/sensitivity_analysis/data/04401_verts.csv,/home/chaoyu/phd_simulation/sensitivity_analysis/data/04401_stress.csv,1.241730553430293,1.2931804445458828,1.2075623828117437,1.2952165562598363,0.8481250767926872,0.05712755247318649,0.7093660479398166,0.055231533385592696,16316.20693125,17447.300104081634,0.08909137692627443
4402,material_r_cable,3,True,1.1410478537840745,1.063359647414545,17.13310914666056,1099.433747817912,5334.878174772767,4.338520492885712,0.2304933217763511,23145.47828830037,0.4495187598364092,0.10268448,4112.61120641,3059.53610983,100.73800624,235.21916654,150.92522947,0.9851429083955952,0.9605751743209066,/home/chaoyu/phd_simulation/sensitivity_analysis/data/04402_verts.csv,/home/chaoyu/phd_simulation/sensitivity_analysis/data/04402_stress.csv,1.3010851991561012,1.320707065003442,1.2701825537506866,1.3223145753778842,1.2162522450831417,0.05458100286607071,0.8583699791233649,0.05457046705452852,2844.369408888889,3115.7894083333335,0.17250478751458387
4403,material_r_cable,3,True,0.9246693575473224,1.207702630610306,47.57387310067509,541.714246826394,7888.244315172929,2.559822150919603,0.3906521395014709,20192.5025298453,0.4644088748268943,0.03142004,6994.37342488,5030.02907341,373.17756648,245.79311085,284.75827924,0.9620820587988262,0.969238107472676,/home/chaoyu/phd_simulation/sensitivity_analysis/data/04403_verts.csv,/home/chaoyu/phd_simulation/sensitivity_analysis/data/04403_stress.csv,1.244365715890213,1.2934091271214665,1.255558009377682,1.2954071860129353,0.8438453597087469,0.05442524872926179,0.6724120545952124,0.05579230695312922,4807.050346808511,4965.029470833334,0.11306345709922301
4404,material_r_cable,3,True,1.0384914710988378,1.3736970702457931,46.88423846773665,553.4957418309102,7772.954331688202,1.2219594776777107,0.8183577428446837,9498.235215162416,0.4841944213051422,0.02229735,7716.04011717,5053.09173067,1164.42553722,590.29280551,329.79555877,0.937501636899404,0.9494457244506318,/home/chaoyu/phd_simulation/sensitivity_analysis/data/04404_verts.csv,/home/chaoyu/phd_simulation/sensitivity_analysis/data/04404_stress.csv,1.211624229467465,1.2923969215399622,1.2289596407190455,1.2943969403097224,0.8785072258649416,0.05825451744556028,0.6279587843934322,0.05715576064047792,4689.845388235294,4960.463976595745,0.1663153630851172
4406,material_r_cable,3,True,0.9122296862914664,1.321105742097784,58.7272807183511,562.8219549674124,15169.146729704227,2.7069626064426577,0.3694177369203283,41062.31296895127,0.2387972853228711,0.00902139,25312.9433336,15440.83401345,1196.32733441,3639.93477904,909.62176195,0.9498999219921538,0.9314199739956796,/home/chaoyu/phd_simulation/sensitivity_analysis/data/04406_verts.csv,/home/chaoyu/phd_simulation/sensitivity_analysis/data/04406_stress.csv,1.225963582324349,1.2906239425235744,1.2039665428185051,1.2926140478324013,,0.05587324608709015,,0.05669252356414139,15742.028825490197,15328.882477551022,
4407,material_r_cable,3,True,0.8274583667393571,1.3556179275588098,89.35462260613242,1228.432373269705,13792.80551350042,4.268876428344527,0.2342536770003906,58879.782337322365,0.231800666626107,0.0120492,40197.95661464,24846.06538847,1994.08334488,5225.70024682,1632.82430582,0.9358342600377044,0.9343746344413968,/home/chaoyu/phd_simulation/sensitivity_analysis/data/04407_verts.csv,/home/chaoyu/phd_simulation/sensitivity_analysis/data/04407_stress.csv,1.2080535297279615,1.2908840606875085,1.2079618264336829,1.2928024604989905,,0.056244745830397215,,0.057510634239070345,25543.881467272728,23588.86319574468,
4409,material_r_cable,3,True,1.278086663273765,1.2813578272086628,26.66919919763188,1018.1955551544748,12366.811037501637,4.677714460582834,0.2137796157560677,57848.41082141681,0.4625624645115488,0.01286177,31688.31494134,25224.65514095,1129.72929396,624.16646661,1267.98885075,0.9703870920477516,0.9752547685836214,/home/chaoyu/phd_simulation/sensitivity_analysis/data/04409_verts.csv,/home/chaoyu/phd_simulation/sensitivity_analysis/data/04409_stress.csv,1.252459890410794,1.290680699150481,1.260705263379967,1.29269325717926,,0.05422978892007061,,0.055273967740180244,23559.32998043478,24908.20552291667,
4410,material_r_cable,3,True,0.8372869435557097,1.117333729243903,51.259295242185935,1936.920650898172,4882.703884717224,2.716989198189961,0.3680544628834715,13266.25371273686,0.3021763858759448,0.22913527,4201.69075427,3109.96091944,23.18272066,202.46288923,163.23716082,0.9890846201762982,0.9536091029312976,/home/chaoyu/phd_simulation/sensitivity_analysis/data/04410_verts.csv,/home/chaoyu/phd_simulation/sensitivity_analysis/data/04410_stress.csv,1.418400886960187,1.4340541325042198,1.372083579399678,1.4388323005537933,1.6725939138088384,0.057277349755926764,1.3915206566000087,0.05613429057820685,3244.3543121951216,3131.447741304348,0.09173066174589087
4411,material_r_cable,3,True,1.165476473541364,1.1700298809273049,85.47120523570754,538.818070076276,19904.78799936521,2.838340339082671,0.3523185666744926,56496.56271948692,0.3823520050608366,0.0112981,18374.10827897,13011.17035593,600.1627356,1184.5172043,704.17054774,0.973377041958276,0.9636594015947834,/home/chaoyu/phd_simulation/sensitivity_analysis/data/04411_verts.csv,/home/chaoyu/phd_simulation/sensitivity_analysis/data/04411_stress.csv,1.2562696979345502,1.2906300886315754,1.245648651774398,1.2926233581210784,,0.05446072823789348,,0.05472588423664667,12624.419456521737,12353.632874468083,
4412,material_r_cable,3,True,1.104800495140961,0.8905358117710804,25.15046364903377,431.669138965457,5291.099363233981,2.2451821013293243,0.4453981703345672,11879.48158668792,0.1847144082955697,0.1848017,1762.746511,1084.3318075,49.47212801,26.22373824,50.88898168,0.974371184337164,0.982372064173195,/home/chaoyu/phd_simulation/sensitivity_analysis/data/04412_verts.csv,/home/chaoyu/phd_simulation/sensitivity_analysis/data/04412_stress.csv,1.355045567824189,1.3906872346045278,1.378016773906713,1.40274425969809,2.747664946405361,0.053287871378651507,2.042241547271425,0.05849400763846552,1131.4799139534882,1018.7447488888889,0.14727289563275908
4414,material_r_cable,3,True,1.2720549770812415,0.977518371509874,66.15362936259555,1201.4311359655446,17268.478041295355,3.653201250160504,0.2737325243048312,63085.2255688294,0.1839707667414305,0.05370619,15671.0590376,5461.97180597,529.5571531,1666.90471721,292.44652109,0.9690301765554208,0.9391434739385218,/home/chaoyu/phd_simulation/sensitivity_analysis/data/04414_verts.csv,/home/chaoyu/phd_simulation/sensitivity_analysis/data/04414_stress.csv,1.263996477739978,1.304393308197134,1.2267812949136547,1.306276760641114,1.0537544351838344,0.058016716889692045,1.264698102568856,0.05566322225550175,4896.680511111111,7192.7209,-0.0909846822180334
4416,material_r_cable,3,True,0.8099334168258343,1.2791769567777036,18.924908547330148,1530.6599904714446,6836.038585243014,3.1636121020601125,0.316094378115702,21626.574398424687,0.4719194668303326,0.0467194,12017.75133739,7458.10828053,1388.18992178,857.85897695,491.0492976,0.9406907234791828,0.933596720716493,/home/chaoyu/phd_simulation/sensitivity_analysis/data/04416_verts.csv,/home/chaoyu/phd_simulation/sensitivity_analysis/data/04416_stress.csv,1.222421341089498,1.2994933516175464,1.2156139817438183,1.3020761049919818,1.0112680268705014,0.06166589773884393,0.8932726895420664,0.05549049390994531,6510.642045652175,7465.758332653061,0.061954746523189844
4417,material_r_cable,3,True,1.369559783758033,1.0270038104907315,12.661192054333096,465.2838252908204,3921.516549284117,1.462148197696541,0.6839252009990463,5733.83835477293,0.4308642267411225,0.04913095,2992.17178746,1966.0666934,103.26310194,483.34513708,130.61953467,0.9722160853215992,0.9393956738414366,/home/chaoyu/phd_simulation/sensitivity_analysis/data/04417_verts.csv,/home/chaoyu/phd_simulation/sensitivity_analysis/data/04417_stress.csv,1.26334953876221,1.2994534423325312,1.2223944180466235,1.3012561714787665,0.9255857662837733,0.05537540418574533,0.8483772169913182,0.054194586691784334,1880.3852155555558,1868.1201956521738,0.043523202017390836
4418,material_r_cable,3,True,1.3175117063984296,1.1545759880248232,27.498833200462933,377.8645601460465,11508.22068210906,2.8412814205873014,0.3519538729089697,32698.093608095,0.1283520834326315,0.01524992,8187.88212891,5896.75900259,431.3500023,648.36965564,344.99619352,0.9756046764004196,0.9613308512794404,/home/chaoyu/phd_simulation/sensitivity_analysis/data/04418_verts.csv,/home/chaoyu/phd_simulation/sensitivity_analysis/data/04418_stress.csv,1.2595077318402794,1.2910021469837,1.2430056160699066,1.2930050194639895,,0.05477724265230181,,0.05476660995881743,5445.806028888889,6026.490083333333,
4419,material_r_cable,3,True,0.8728343333551006,1.0596445018544722,19.02247502084545,1576.768784289142,3456.4655636629927,3.38663935583043,0.2952779717386802,11705.802309973704,0.2353328504629838,0.26075857,3144.37665163,2255.04230081,197.70761252,86.40963343,107.83819691,0.947438530498745,0.9583874160480548,/home/chaoyu/phd_simulation/sensitivity_analysis/data/04419_verts.csv,/home/chaoyu/phd_simulation/sensitivity_analysis/data/04419_stress.csv,1.4242692514546926,1.5032840713211624,1.4166900731004255,1.4782018726228672,2.152429448801342,0.05921516618582482,1.1399567549519554,0.05599890903602811,1939.823535,2473.9217720930233,0.30751941940929495
4420,material_r_cable,3,True,1.073846126222218,1.1879726323992956,66.88619340053548,1794.315607460528,19148.46382760914,4.189825813644285,0.2386734065992605,80228.72803655063,0.1752994315041879,0.03558401,24795.25603048,16609.41579594,694.45311095,1481.54104434,798.07474635,0.969726617762519,0.9589786765978494,/home/chaoyu/phd_simulation/sensitivity_analysis/data/04420_verts.csv,/home/chaoyu/phd_simulation/sensitivity_analysis/data/04420_stress.csv,1.2554216280291008,1.2946139716426213,1.2433038758179442,1.296487509220528,0.8378411194163148,0.0543096411690825,0.7005027353299368,0.05513878916192138,16813.085278723407,16101.378931914893,0.0892767788311098
4421,material_r_cable,3,True,1.1590173276608882,1.1364058397936754,63.65889368959901,1154.3212630205949,5184.744260307962,3.144470299755524,0.318018586493804,16303.27433836631,0.2434063498766431,0.10528911,4897.22417644,2979.22876179,129.45103235,435.98387301,146.16875549,0.9728724952885064,0.9470183167699718,/home/chaoyu/phd_simulation/sensitivity_analysis/data/04421_verts.csv,/home/chaoyu/phd_simulation/sensitivity_analysis/data/04421_stress.csv,1.2911009011274572,1.3271018631733231,1.2585722209324577,1.3289840319299349,1.127461360637564,0.05514098645872869,0.9967881636767612,0.05452142415539263,2986.7359777777774,2936.312834042553,0.06151499410267361
4422,material_r_cable,3,True,1.1190092833239929,1.3955678044307342,49.6182873537189,339.07296123124456,4496.421346183124,2.997952123948997,0.3335610305486694,13480.055924959308,0.3782858423040621,0.01367634,9370.22464241,7063.14242881,154.71749883,576.94035749,405.59676423,0.9815442227834966,0.9523542661673152,/home/chaoyu/phd_simulation/sensitivity_analysis/data/04422_verts.csv,/home/chaoyu/phd_simulation/sensitivity_analysis/data/04422_stress.csv,1.2669726859547672,1.290795316752864,1.2311996496377973,1.292795856937436,,0.05459782078958143,,0.05463053765431528,6947.086363043478,6954.0559829787235,
4424,material_r_cable,3,True,0.9388343952906292,0.971826605347044,30.268838283169416,1542.2758794272982,8892.274708020634,1.678338015858975,0.5958275332804156,14924.242689932296,0.2412767359804747,0.2768674,2479.93988037,1628.87177385,164.50827293,92.2692405,51.54221188,0.9633696348647988,0.9734989459256436,/home/chaoyu/phd_simulation/sensitivity_analysis/data/04424_verts.csv,/home/chaoyu/phd_simulation/sensitivity_analysis/data/04424_stress.csv,1.4503280286740434,1.5054740944555365,1.457855145406814,1.497541575682575,1.6202001489682136,0.05520148824618033,1.4574982612468508,0.056735734198357396,1491.4314428571427,1826.4404093023256,0.05286479246353235
4426,material_r_cable,3,True,0.8121541634205145,1.3143104369222902,69.04191020874256,875.8532522831022,11303.771046257112,3.472348534649247,0.2879895235231659,39250.632828481466,0.4388617607956501,0.01481174,21801.51240862,15034.42633488,327.97631834,2118.21203028,1013.84230129,0.9736860707926144,0.9434980179188166,/home/chaoyu/phd_simulation/sensitivity_analysis/data/04426_verts.csv,/home/chaoyu/phd_simulation/sensitivity_analysis/data/04426_stress.csv,1.2570261934433888,1.2909974078402149,1.2198950568917355,1.2929492523816852,,0.0544384838052593,,0.05486241556994869,15124.489387999998,14528.073489361703,
4427,material_r_cable,3,True,1.3962824412976074,1.3688203237824803,6.580124968624975,1721.9904087656994,18145.44500967684,2.3616611835539123,0.4234307643127555,42853.39313766584,0.3673407416459764,0.01615886,34070.95393063,24026.44260145,5027.5960199,2564.44337111,1350.53397586,0.9359791983258224,0.945076533143906,/home/chaoyu/phd_simulation/sensitivity_analysis/data/04427_verts.csv,/home/chaoyu/phd_simulation/sensitivity_analysis/data/04427_stress.csv,1.2086579200511127,1.2913298951654355,1.2223137438937088,1.293348952203417,,0.0587830451279196,,0.05630127815786122,20312.982135416663,23894.709068085107,
4428,material_r_cable,3,True,1.2554655671299046,0.8972657574132956,82.30731099740134,585.2130944621078,9452.880719624723,2.41382133905212,0.4142808681908034,22817.56519654452,0.283133423639315,0.09491395,3823.91885917,3048.14995413,68.40530911,101.30365448,157.16911007,0.9690761140470244,0.979527401077279,/home/chaoyu/phd_simulation/sensitivity_analysis/data/04428_verts.csv,/home/chaoyu/phd_simulation/sensitivity_analysis/data/04428_stress.csv,1.2961065737250874,1.3374662267882436,1.2882149765680075,1.315139295900488,2.8511526879131326,0.07521216578036685,2.4710723519916282,0.05671794955690603,2909.1762111111116,3156.8454416666664,0.07141380401462802
4429,material_r_cable,3,True,0.9238870425701392,1.3777112637485258,1.315007122901708,639.6110810767532,8269.033460932427,1.8112418748461896,0.5521073766500235,14977.219668945125,0.1612178175595348,0.02966213,7908.12456355,6717.8163666,300.02146551,192.05744739,399.68921464,0.975540590524752,0.9692226429481512,/home/chaoyu/phd_simulation/sensitivity_analysis/data/04429_verts.csv,/home/chaoyu/phd_simulation/sensitivity_analysis/data/04429_stress.csv,1.2611398419944102,1.2927599878914642,1.255115068589404,1.294970848773853,0.8966262746257131,0.05611320169082926,0.6342433484595584,0.054576871753994054,6349.015737777778,6856.575631249999,0.17139469110201266
4430,material_r_cable,3,True,1.3083684089259855,1.1910323133487268,78.8269205693105,1743.3073348996793,17493.40885032627,3.167503930213974,0.3157060013284489,55410.441286248366,0.391027542160595,0.0285728,20289.77994975,16518.17786559,1426.65635436,422.51225181,895.45021424,0.957065073147254,0.9845328977228373,/home/chaoyu/phd_simulation/sensitivity_analysis/data/04430_verts.csv,/home/chaoyu/phd_simulation/sensitivity_analysis/data/04430_stress.csv,1.2372135016419117,1.2927161761043118,1.274655251780571,1.294680202894965,0.8199269040255126,0.054449495556287475,0.6785468588752827,0.05661654998440215,15807.112650000001,16190.830835416666,0.09434936309898531
4431,material_r_cable,3,True,0.8877896562248797,0.9761286078190512,23.968016099787107,1653.2409439735095,7388.871187672908,1.602389839450859,0.6240678612532273,11839.852116138269,0.3464319160109901,0.29892496,2405.77982357,1688.43169166,146.5241703,194.20580052,60.41795426,0.9600959174066312,0.9454484042289236,/home/chaoyu/phd_simulation/sensitivity_analysis/data/04431_verts.csv,/home/chaoyu/phd_simulation/sensitivity_analysis/data/04431_stress.csv,1.4920836651757865,1.5540985417437636,1.450514274972963,1.534207756324846,1.8283903233808227,0.056886618882036624,1.3642199527773762,0.05553206166826651,1480.6496902439026,1889.6528581395353,0.1453889859560316
4432,material_r_cable,3,True,1.3416654377980586,1.339756438260656,2.152739678219471,1904.701107416809,1008.6461540953076,2.746978039606511,0.3640364013041925,2770.728835033375,0.3854677404457449,0.29486611,2698.64318182,2221.78454779,62.2971509,49.80566646,80.28526408,0.9750401678473436,0.9740412915060987,/home/chaoyu/phd_simulation/sensitivity_analysis/data/04432_verts.csv,/home/chaoyu/phd_simulation/sensitivity_analysis/data/04432_stress.csv,1.4744472682160674,1.512191309483481,1.46786697617416,1.5069863967517123,1.9079479738679255,0.05389139219339191,1.5590523375188015,0.05453462809788278,2114.4323609756098,2416.424290909091,0.1006332867070246
4433,material_r_cable,3,True,1.2033567969511354,1.3582115051661334,5.7496899394816925,1883.1012748242465,13741.017757778014,1.1183585906803122,0.894167584827767,15367.385254101764,0.2895805148668584,0.06455423,8408.99279322,7370.79530867,364.19273314,323.48777458,443.40611835,0.9761925516119864,0.9737712163137756,/home/chaoyu/phd_simulation/sensitivity_analysis/data/04433_verts.csv,/home/chaoyu/phd_simulation/sensitivity_analysis/data/04433_stress.csv,1.2709188716829978,1.3019141250200383,1.2698310059778783,1.3040342379238126,1.027228971975159,0.054390290902483034,0.7972812001749345,0.054964318231997676,6936.906695555555,7358.392968749999,0.12603260607160255
4434,material_r_cable,3,True,1.0772883057378098,0.9798481283579096,30.036548714713184,1235.7183969516698,13836.67800553892,1.781927219704536,0.5611901479151384,24655.95316835687,0.2501066394937719,0.16032077,3017.31119573,1857.46364353,309.37509538,78.3252908,90.86563799,0.9614552323576958,0.983990129805114,/home/chaoyu/phd_simulation/sensitivity_analysis/data/04434_verts.csv,/home/chaoyu/phd_simulation/sensitivity_analysis/data/04434_stress.csv,1.3137028268568676,1.3663692105927645,1.3465945917763416,1.3685041658324804,1.2865383389432858,0.05381809709455517,1.2824589545498555,0.057611384860988275,2003.069925,1921.3919847826091,0.0015879286458427926
4435,material_r_cable,3,True,1.1665273760839947,1.2684178138696296,74.50567861914419,385.8245310402178,14442.42376373826,4.119078963909512,0.2427727190378688,59489.48391308111,0.204731280906513,0.00684778,26005.89579599,18246.99542633,335.97224118,1730.95647664,903.48900049,0.9826250525447398,0.9556818729142617,/home/chaoyu/phd_simulation/sensitivity_analysis/data/04435_verts.csv,/home/chaoyu/phd_simulation/sensitivity_analysis/data/04435_stress.csv,1.267952063456513,1.2903722128525537,1.2350926408506824,1.2923679687304146,,0.05434291807263927,,0.054232732856215084,18307.82362173913,17423.151938297873,
4436,material_r_cable,3,True,1.1892983089051017,1.1603579404147903,37.067568507120896,1176.8233103262037,1300.0554050325786,2.0702249006524487,0.4830393063501659,2691.407071726249,0.1255490988494898,0.34669091,1500.46070293,1143.7498776,43.88879556,34.31825639,32.92250026,0.972639304742379,0.974840501865481,/home/chaoyu/phd_simulation/sensitivity_analysis/data/04436_verts.csv,/home/chaoyu/phd_simulation/sensitivity_analysis/data/04436_stress.csv,1.5523140108362443,1.5959811651323332,1.5529379899903537,1.5930175110888498,1.819456517757049,0.05502852947720523,1.7188733487675054,0.0563275743133033,1151.2360999999999,1246.6348547619048,0.028426735998003244
4437,material_r_cable,3,True,0.8398829147904383,1.166251519290654,20.210531901673644,1511.9506429477408,2934.945408993416,4.325675492701489,0.2311777667296711,12695.621428099566,0.478590554207157,0.14664114,4536.61775738,3110.90346951,299.5493245,100.0440067,174.11199935,0.952676704553144,0.9608457956475508,/home/chaoyu/phd_simulation/sensitivity_analysis/data/04437_verts.csv,/home/chaoyu/phd_simulation/sensitivity_analysis/data/04437_stress.csv,1.2921060784366976,1.3562902002970294,1.303069992602784,1.356169739728731,1.416481539203542,0.05734172817904616,0.982739565740637,0.05571484402979701,2728.5172545454548,3245.839089130435,0.18078449400477262
4438,material_r_cable,3,True,1.1296348474619338,1.3080570842156998,54.98966456701403,1275.3513361816915,14188.80810190781,1.1541520952200088,0.8664369316154785,16376.042599491537,0.313202451700492,0.04729557,8493.5251908,6417.69482911,579.04922478,591.85251554,386.43309441,0.9613891215338608,0.96010886516974,/home/chaoyu/phd_simulation/sensitivity_analysis/data/04438_verts.csv,/home/chaoyu/phd_simulation/sensitivity_analysis/data/04438_stress.csv,1.247640988131036,1.2977481856050863,1.2478473279820763,1.2996935798123956,0.8793580889699923,0.05473842624413286,0.7237197936621855,0.055302001581737904,6146.191980434783,6322.8205276595745,0.09708717024543818
4439,material_r_cable,3,True,1.3551246306443407,1.2959871977747597,7.671617589210976,1819.3124266002635,19235.623251232184,3.9769719997936335,0.2514475837526365,76499.53506872979,0.4568790409357235,0.01368742,46116.46957174,36928.87162361,2523.39755238,3397.43813827,1895.32595201,0.961213832481786,0.942802164478622,/home/chaoyu/phd_simulation/sensitivity_analysis/data/04439_verts.csv,/home/chaoyu/phd_simulation/sensitivity_analysis/data/04439_stress.csv,1.240787875897874,1.2908552020045814,1.2189223922418788,1.2928718644976318,,0.05581398546736285,,0.05477927374264161,33051.33438,36393.51589361702,
4440,material_r_cable,3,True,1.3691481997142705,1.396865269715843,70.5458267609045,516.0052691259731,2696.155613771535,1.6106026663341102,0.6208855982314361,4342.435420392114,0.3715211140531638,0.04764608,3397.35268267,2737.95690991,65.30340661,239.31655498,161.03641858,0.9833202601647282,0.9576939997825884,/home/chaoyu/phd_simulation/sensitivity_analysis/data/04440_verts.csv,/home/chaoyu/phd_simulation/sensitivity_analysis/data/04440_stress.csv,1.2752829729178576,1.2969151807206931,1.2438788337145474,1.2988270094591046,0.9733919757035099,0.054385736867605096,0.71941103968467,0.054229859477439975,2685.0535600000003,2648.0528680851066,0.15003572991663122
4441,material_r_cable,3,True,1.0441531195281577,1.3603023334845366,39.005879990527966,729.3136441824205,5488.654561264812,3.2399102957703665,0.3086505207583921,17782.74842296885,0.1432083048609426,0.02837504,10831.20200522,7488.23728132,761.48812967,551.67322945,406.75593573,0.9498502344119516,0.9508251020954224,/home/chaoyu/phd_simulation/sensitivity_analysis/data/04441_verts.csv,/home/chaoyu/phd_simulation/sensitivity_analysis/data/04441_stress.csv,1.2284187772515285,1.2932762795095138,1.2316650829786473,1.2953645000161558,0.8533746899627979,0.05638959531486359,0.6476110189333489,0.05599363822469543,7157.8714125,7508.708157446808,0.13708569629271916
4442,material_r_cable,3,True,1.1834635727283491,1.0866968425039625,53.55075955003005,1960.3638520280624,13202.070428964757,3.7658235889031335,0.2655461617869542,49716.668243756,0.1678287267070514,0.07989532,11234.59828021,5620.39311229,1375.68116294,561.88610898,287.57181942,0.938544802765974,0.9611677886884296,/home/chaoyu/phd_simulation/sensitivity_analysis/data/04442_verts.csv,/home/chaoyu/phd_simulation/sensitivity_analysis/data/04442_stress.csv,1.2360234860623742,1.316957360394202,1.2676448715303126,1.3188590862580707,1.2508528038283135,0.05679426587643884,0.8741511326587093,0.05767085669672569,5895.682368085107,5699.64405,0.1772710462797323
4444,material_r_cable,3,True,1.2220773212988276,0.9127743050113052,52.052994333353,1031.6040147988017,7642.558674677952,2.061893122066852,0.4849911905218418,15758.139166310826,0.249455434893799,0.14192419,3471.24990717,2321.98014197,304.33030172,171.11959426,119.76481699,0.9488702434870534,0.960967690452846,/home/chaoyu/phd_simulation/sensitivity_analysis/data/04444_verts.csv,/home/chaoyu/phd_simulation/sensitivity_analysis/data/04444_stress.csv,1.288693805870679,1.3581349132994096,1.3059042389553128,1.3589470821229372,1.652706097296548,0.05479405497279199,1.195362165098327,0.05565098945014559,2300.981118181818,2404.5175934782606,0.1605803969788459
4445,material_r_cable,3,True,0.8322212715530966,1.3010171270744388,6.116654077169872,1632.538804167093,10693.99182413423,2.9881885024973114,0.3346509094604549,31955.663414678154,0.4761118520586113,0.0341108,14856.99077431,11969.86810325,695.26895033,1241.01149458,789.31403292,0.9702691129939748,0.935040511528187,/home/chaoyu/phd_simulation/sensitivity_analysis/data/04445_verts.csv,/home/chaoyu/phd_simulation/sensitivity_analysis/data/04445_stress.csv,1.2556863016428583,1.2941629129759349,1.2122530817085704,1.2964711868230394,0.9373287459889943,0.058189771777647586,0.8497575723554205,0.0548838354083402,11151.033415555556,11958.16776862745,0.04900220696373588
4448,material_r_cable,3,True,1.2616219248890548,1.1164480512864865,38.180767982017166,1493.61020597754,1701.5479741212237,1.662180549738474,0.601619360879502,2828.2799470312025,0.2964513069247328,0.32546786,1770.72149064,1381.06055016,46.9533628,43.41385299,44.952888,0.9760243489056544,0.9760844976994592,/home/chaoyu/phd_simulation/sensitivity_analysis/data/04448_verts.csv,/home/chaoyu/phd_simulation/sensitivity_analysis/data/04448_stress.csv,1.5168897177983065,1.5541515122026266,1.518097914012708,1.5552935402526362,1.8150663785672534,0.05332387865380998,1.7308452182651057,0.05458645202354502,1414.1217800000002,1464.3292139534883,0.023751624371398397
4449,material_r_cable,3,True,0.9720898740874716,0.8715699699893247,39.98815257153535,743.9489432972355,7112.472191841922,1.5489581085072754,0.6455952517422797,11016.92147308606,0.1025831668218388,0.27618813,1945.26925893,903.44252756,187.86273985,43.76213143,31.85367843,0.931946850160602,0.97335887021279,/home/chaoyu/phd_simulation/sensitivity_analysis/data/04449_verts.csv,/home/chaoyu/phd_simulation/sensitivity_analysis/data/04449_stress.csv,1.421293729986828,1.5250802443743403,1.4896742546094892,1.530447094280679,2.8601322460355725,0.05448227900158306,1.637567305703096,0.05809315709699283,1056.021225,930.811876190476,0.27182005517906854
4450,material_r_cable,3,True,1.1727144142450538,1.3075319769794609,67.82519151872867,1307.970909858949,8202.921206730705,3.369112190118537,0.2968140992552748,27636.56183217828,0.3888413451502611,0.03382373,13943.87874687,11472.68678481,833.79287958,213.70861925,612.28801361,0.9536398838530888,0.9852944301719598,/home/chaoyu/phd_simulation/sensitivity_analysis/data/04450_verts.csv,/home/chaoyu/phd_simulation/sensitivity_analysis/data/04450_stress.csv,1.233757429427017,1.293735140818713,1.276584431829986,1.2956375198499683,0.8200780512723741,0.05456320825124695,0.7144917759543444,0.05704719233205341,11203.313334693876,11315.770581249999,0.06880512925817502
4452,material_r_cable,3,True,1.2134804525861518,1.251734828363377,40.99197742415811,1792.5517506024908,12658.897252278508,4.1849073310557205,0.2389539172299262,52976.31191414144,0.4547259245447893,0.0260752,30707.83247902,19942.93108039,2566.958851,240.66429571,1025.36552405,0.9439311152699102,0.98823275196785,/home/chaoyu/phd_simulation/sensitivity_analysis/data/04452_verts.csv,/home/chaoyu/phd_simulation/sensitivity_analysis/data/04452_stress.csv,1.219992727103978,1.2924594892235648,1.2792424729473004,1.294474879930834,0.8310044835367775,0.056751450676603823,0.6724178295743767,0.057431845468131515,17886.63438958333,19690.773252083334,0.1054837703148256
4453,material_r_cable,3,True,1.042590128434138,1.0045219500991525,24.7894980399056,334.92258604119064,15635.641564641008,4.786364883192904,0.2089268211689111,74837.88571118908,0.4157126180030476,0.04509298,4642.83442028,1559.74349557,292.37420973,441.40435745,81.73266887,0.9808415127380936,0.9603062454835442,/home/chaoyu/phd_simulation/sensitivity_analysis/data/04453_verts.csv,/home/chaoyu/phd_simulation/sensitivity_analysis/data/04453_stress.csv,1.2742863837415217,1.2991766429055949,1.249340760397036,1.3009816048503922,0.976285087030885,0.05552824596886825,0.8637628087811001,0.05509781165321294,1446.1677533333332,2177.8190729166668,0.06115182029005311
4455,material_r_cable,3,True,1.1758991011787376,1.3154134949669736,43.72540940506188,1387.888874891253,17415.5824599286,3.684289889409909,0.2714227246000352,64164.05437529949,0.1493982696584989,0.01843198,34323.62455442,22987.27108812,2635.40254404,883.67095817,1149.62741986,0.9466717752768125,0.9701597927082772,/home/chaoyu/phd_simulation/sensitivity_analysis/data/04455_verts.csv,/home/chaoyu/phd_simulation/sensitivity_analysis/data/04455_stress.csv,1.222574448751538,1.2914449133059345,1.2548609435740683,1.2934579983685217,,0.05580117782771341,,0.0568446185145398,22036.703444897958,22683.95495,
4459,material_r_cable,3,True,1.1474989266745157,1.1434011318584236,3.145957577540015,1172.973933157739,8463.393404816965,4.279249162546687,0.2336858551617675,36216.96913986615,0.4607766725994419,0.04483418,9807.70004296,7846.75362754,161.81458549,619.88051968,395.4367138,0.9892074861291728,0.9529526280761076,/home/chaoyu/phd_simulation/sensitivity_analysis/data/04459_verts.csv,/home/chaoyu/phd_simulation/sensitivity_analysis/data/04459_stress.csv,1.2822984778850142,1.296288691569373,1.2372797426561546,1.298364374264929,0.9812882264888625,0.055136589251426914,0.6793465611787578,0.05434074696460414,7482.250364444445,7764.826372340424,0.18182303993172697
4462,material_r_cable,3,True,1.0390556166423992,1.1494695779451165,80.72469659967186,871.7801265633857,17052.16764514314,1.1939503164156942,0.8375557895926994,20359.440955492115,0.2178850274120003,0.05024004,6809.80434943,3517.9968779,1121.44439817,981.22217036,186.4011131,0.934185203050506,0.940150797266368,/home/chaoyu/phd_simulation/sensitivity_analysis/data/04462_verts.csv,/home/chaoyu/phd_simulation/sensitivity_analysis/data/04462_stress.csv,1.219590013384908,1.3055120220299314,1.2291530281114478,1.307399867856729,1.3371629636086744,0.05828506587084332,1.0575336103379624,0.05814422362586686,4244.501369999999,3745.730874468085,0.11677026488991134
4463,material_r_cable,3,True,1.2348551935473542,1.1898860566442062,31.359920636477693,1866.812388710643,19307.29590810029,3.707078596563456,0.2697541942938631,71573.66341843577,0.4680452717155227,0.02656519,24777.31296664,21775.35964852,469.55195722,452.85935971,1133.78009178,0.9862621475296184,0.9830590960571772,/home/chaoyu/phd_simulation/sensitivity_analysis/data/04463_verts.csv,/home/chaoyu/phd_simulation/sensitivity_analysis/data/04463_stress.csv,1.2742933034944983,1.2920432023943518,1.272135387355209,1.2940578978999835,0.8765966405081347,0.05360177782582965,0.6593312895773586,0.05508302512361287,20964.338564444446,21555.442658333337,0.1414554333409918
4464,material_r_cable,3,True,0.815224656787651,1.1567981036356332,71.42693156096276,1995.0123939125,4776.309553224421,1.0148566448816525,0.9853608438624504,4847.26948810152,0.1879164790237595,0.35246922,2681.19952464,2108.31424753,32.69288085,135.33622098,125.60637748,0.9809220527205909,0.9529280275658724,/home/chaoyu/phd_simulation/sensitivity_analysis/data/04464_verts.csv,/home/chaoyu/phd_simulation/sensitivity_analysis/data/04464_stress.csv,1.5721975107011623,1.6027751709125786,1.569342244760825,1.6468633510229524,1.6400767595182655,0.05702744097927104,2.184849296817922,0.08858735462757064,2317.546648571429,1914.0536414634144,-0.1424269461097719
4465,material_r_cable,3,True,0.803313808494193,1.2245226528013564,22.32813662995958,854.1191102811356,15977.213165161924,3.109084399829364,0.3216381002892308,49674.50420455327,0.3348464353748364,0.01929746,16522.79628989,12550.64690767,709.81024338,1967.83017994,736.52223711,0.971489523814237,0.9311771433671088,/home/chaoyu/phd_simulation/sensitivity_analysis/data/04465_verts.csv,/home/chaoyu/phd_simulation/sensitivity_analysis/data/04465_stress.csv,1.25485435961067,1.2916807941313595,1.2047414179849745,1.2937832791177255,,0.06021017112936674,,0.055781251327297464,11864.962147916667,13271.527779629629,
4466,material_r_cable,3,True,0.9846446751283776,1.0567079424682788,75.21855257148339,1175.696874693365,14554.579984974142,4.8983922808583005,0.2041486150277819,71294.04224953205,0.2523496872053964,0.0776491,7752.73411947,5122.71210568,706.89302574,157.51742414,223.34757272,0.9471137629524528,0.9869828788498918,/home/chaoyu/phd_simulation/sensitivity_analysis/data/04466_verts.csv,/home/chaoyu/phd_simulation/sensitivity_analysis/data/04466_stress.csv,1.242111227649075,1.3114699376524963,1.2969296407417406,1.3140345881714002,1.3874936392107293,0.054661093927845336,1.0432669849642706,0.06134094958855883,5647.0027717391295,4983.602341666667,0.14161273258377272
4467,material_r_cable,3,True,0.8425072416542253,1.2748703814054652,8.86098459192919,366.3540698383889,1638.6570825801705,1.3118026577106408,0.76230978350448,2149.5947160050328,0.3094721805098598,0.14479906,930.45056205,791.99774062,28.67065446,37.36888844,47.05488486,0.977509743602018,0.9542247563558776,/home/chaoyu/phd_simulation/sensitivity_analysis/data/04467_verts.csv,/home/chaoyu/phd_simulation/sensitivity_analysis/data/04467_stress.csv,1.3232442529252095,1.3536890671280646,1.2913155915786267,1.3532614648461616,1.5688807234831568,0.056717509141805844,1.0777051143155136,0.05456248991818944,743.9693977777777,827.0780957446808,0.18558839171306998
4468,material_r_cable,3,True,1.2995081527162369,1.0449051259979607,41.95311063598228,376.7874993738708,7026.184467957676,1.374860494850148,0.7273465226077315,9660.023454524717,0.148680269558359,0.04050046,3517.73110747,2295.37276831,471.25399164,51.87327118,133.81516491,0.9480290072192812,0.9890582130420136,/home/chaoyu/phd_simulation/sensitivity_analysis/data/04468_verts.csv,/home/chaoyu/phd_simulation/sensitivity_analysis/data/04468_stress.csv,1.2290039730972284,1.2963780261345497,1.284110614817238,1.298316517556375,0.9969467129667617,0.05608912989780608,0.7574625527982476,0.0589576402451266,2435.1297893617016,2362.83909375,0.13650415831797785
4469,material_r_cable,3,True,0.9066611747557553,1.0761568225514468,33.42593847828468,1800.0483489636215,18391.236561071448,1.0772798840239246,0.9282638753679648,19812.50918956761,0.2341406633619525,0.20046798,4541.70214083,3175.25120759,288.73270225,162.79684596,145.90958945,0.9615693326196868,0.9706321685768552,/home/chaoyu/phd_simulation/sensitivity_analysis/data/04469_verts.csv,/home/chaoyu/phd_simulation/sensitivity_analysis/data/04469_stress.csv,1.3576006684756157,1.4118593661644618,1.3660232115496629,1.407354151009163,1.7144229705647964,0.05584634769697453,1.2724850556707579,0.0566302590662389,2908.849597727273,3349.4274888888885,0.14795832714374524
4470,material_r_cable,3,True,1.15089824428749,0.8589182437378374,71.32028569761803,1745.1367183197904,5371.827571935404,2.620995888807218,0.3815343641973767,14079.537981423951,0.1267489551927939,0.29939299,3181.9363394,2009.71879299,212.02167608,68.7888016,103.73424738,0.949190358826526,0.9735302532264584,/home/chaoyu/phd_simulation/sensitivity_analysis/data/04470_verts.csv,/home/chaoyu/phd_simulation/sensitivity_analysis/data/04470_stress.csv,1.4738461679833883,1.5527403478955355,1.4916615835166482,1.5322190333305072,2.0167409408543855,0.054158815033952694,1.5651333917800014,0.055466283719596894,1701.643265,2194.7891785714287,0.12608134935382756
4471,material_r_cable,3,True,0.9743779557064788,1.0910141583859536,44.256276569991776,1892.9029042901548,10529.010368403378,1.6985431299244524,0.5887398337918436,17883.978226154886,0.2866122133039357,0.1791849,5395.70872243,2942.90364093,628.78045585,39.982124,133.73062069,0.931178062558103,0.9838974698280126,/home/chaoyu/phd_simulation/sensitivity_analysis/data/04471_verts.csv,/home/chaoyu/phd_simulation/sensitivity_analysis/data/04471_stress.csv,1.29694971845781,1.3928052760337488,1.3714207304662205,1.393865491600408,1.6856370122536222,0.05752640724748846,1.4761585983851768,0.05947297301633911,2854.8754977272724,3047.525963043479,0.06625299028298766
4472,material_r_cable,3,True,0.9028727010165604,0.9359155887368956,59.09785684306561,1096.075803076786,5744.933676074917,1.449433481798431,0.6899247275281775,8326.899220814325,0.4467258599929843,0.30214542,1615.43440316,1002.48025817,125.8288072,115.35963955,26.12485873,0.9540046569690256,0.9551777193942554,/home/chaoyu/phd_simulation/sensitivity_analysis/data/04472_verts.csv,/home/chaoyu/phd_simulation/sensitivity_analysis/data/04472_stress.csv,1.4705575816814662,1.541457445662356,1.480098559608959,1.5495530617564994,1.4861163154313264,0.05542627106963686,1.6394547334995777,0.05679959939416271,990.039063414634,1015.267865116279,-0.04905932889309954
4474,material_r_cable,3,True,1.1551801413820233,0.9565750618853892,81.88059437013216,530.4833901344355,16270.278827574688,2.3507772121937944,0.4253912258519722,38247.80070390175,0.3279416917836922,0.05817071,7833.50150758,2948.52766671,251.46912949,685.8776932,137.23584844,0.9749995325540088,0.9496408667889094,/home/chaoyu/phd_simulation/sensitivity_analysis/data/04474_verts.csv,/home/chaoyu/phd_simulation/sensitivity_analysis/data/04474_stress.csv,1.2714338819361557,1.3040353758997585,1.2399653753623463,1.3057203188349853,1.2834604064608823,0.05855857682098111,2.1550869365016867,0.05799027765321836,2604.68042,3827.0953,-0.253486848690538
4475,material_r_cable,3,True,1.3461135840115328,1.2339736430166184,89.97736260570822,1042.635681631546,3090.879134681671,1.6817920120328826,0.5946038468759524,5198.215838866743,0.4893653750350475,0.08396702,3991.83761141,2798.96204898,38.88359875,627.4609241,162.02397317,0.9870016495554704,0.9325487449733968,/home/chaoyu/phd_simulation/sensitivity_analysis/data/04475_verts.csv,/home/chaoyu/phd_simulation/sensitivity_analysis/data/04475_stress.csv,1.297790757808614,1.3148820555600065,1.2279260255300022,1.316741920622103,1.2222336944359231,0.055944405535252054,1.0224685505343505,0.05397662950642225,2757.4373311111112,2625.3995851063833,0.08899405003455953
4478,material_r_cable,3,True,0.9910942483354954,1.041986439207713,17.747484276867493,552.9968588871475,2681.873538006661,4.8172433043708285,0.2075876049467275,12919.237344131892,0.2838750461293193,0.13913489,2306.01760407,1123.43142223,225.74707233,139.0594931,47.4840523,0.9415985113049966,0.9363122804398316,/home/chaoyu/phd_simulation/sensitivity_analysis/data/04478_verts.csv,/home/chaoyu/phd_simulation/sensitivity_analysis/data/04478_stress.csv,1.285743076230773,1.36548970797417,1.275239509973805,1.361980972176038,1.8066540044755337,0.057695249929490586,1.2624884894889654,0.05541705388578768,886.4052795454546,1251.837808695652,0.17730213440942397
4479,material_r_cable,3,True,1.276638842376845,1.3443647920272734,69.21628721269693,1237.5553709831106,12771.062036068824,4.762437303073348,0.2099765175605921,60821.38224043803,0.4099314304474843,0.01190216,42208.98385837,30232.30112819,1634.15179547,3247.70376614,1534.59114266,0.9560526600116404,0.9448795402396728,/home/chaoyu/phd_simulation/sensitivity_analysis/data/04479_verts.csv,/home/chaoyu/phd_simulation/sensitivity_analysis/data/04479_stress.csv,1.2340063765217797,1.2907305508744205,1.2214603817531102,1.2927154517953487,,0.05505758940408681,,0.055026982695691215,29653.51361020408,28852.291810638308,
4480,material_r_cable,3,True,0.8148770971430664,1.0360495639754157,43.448031635695486,856.3111598917393,8967.287323446586,4.710258885511074,0.2123025558268222,42238.244794195096,0.2100343065101743,0.14200111,4565.38148671,3047.69716747,111.82173317,60.38993225,144.95239844,0.9496282237370256,0.9656958834889244,/home/chaoyu/phd_simulation/sensitivity_analysis/data/04480_verts.csv,/home/chaoyu/phd_simulation/sensitivity_analysis/data/04480_stress.csv,1.3340053090982604,1.4047658607371785,1.3621590058532456,1.4105465593701771,3.974563888443019,0.07050133120559357,4.821955285608816,0.07935010913003812,2954.724118181818,3003.497793617021,-0.09633258114930852
4481,material_r_cable,3,True,0.9434667990049064,0.9021838234682584,77.28767719622199,443.31678748468266,1963.1341867407,3.6170273912792967,0.2764701208542169,7100.710126197919,0.2333880868860381,0.29703638,704.36215551,442.95638629,72.28878614,39.05693279,8.93590272,0.944083467649017,0.9623396154785098,/home/chaoyu/phd_simulation/sensitivity_analysis/data/04481_verts.csv,/home/chaoyu/phd_simulation/sensitivity_analysis/data/04481_stress.csv,1.449767420634529,1.535634793229438,1.503722744437278,1.5625697209706713,1.6266554978687329,0.055055797139391884,1.7996460630503581,0.058051255983471224,453.17719999999997,438.2425953488372,-0.050489007492738394
4484,material_r_cable,3,True,1.0436195174453784,1.0130070255656265,44.059878005057016,1789.5008050895342,1757.8334669970282,2.9803959757666965,0.3355258858658046,5239.039791105963,0.1306604130889241,0.41746055,2329.57322758,1648.97324336,101.32762087,104.20778001,45.69480545,0.9543683792821036,0.950473883531845,/home/chaoyu/phd_simulation/sensitivity_analysis/data/04484_verts.csv,/home/chaoyu/phd_simulation/sensitivity_analysis/data/04484_stress.csv,1.6701090420831135,1.749962675145844,1.6598246176618627,1.7463127040315478,1.6879511756032508,0.0583125304424285,1.5996072555900833,0.05650124632130488,1698.0899085714284,1758.4789,0.026872197669533124
4485,material_r_cable,3,True,1.1438841598835618,1.131209005055917,9.497760992338224,1931.6755257412444,12008.84686439836,4.975031100026466,0.2010037685984878,59744.38662583715,0.4560948026471964,0.04380986,16711.62874729,11881.95724653,1027.60092846,1769.53062352,585.58644181,0.9643046383252968,0.935810593733062,/home/chaoyu/phd_simulation/sensitivity_analysis/data/04485_verts.csv,/home/chaoyu/phd_simulation/sensitivity_analysis/data/04485_stress.csv,1.25156263511199,1.2978913357562738,1.2165363467768653,1.2999813796977375,0.9196857290807531,0.05697562146946147,0.800561415619281,0.0548231350836262,10088.916000000001,11842.156910204081,0.06924837156596139
4486,material_r_cable,3,True,1.3708211499504448,0.8376789674855354,56.16917941845602,1906.316855423684,4477.175760672448,2.1934315123757293,0.4559066441590826,9820.378399903724,0.2700425244147022,0.21525064,3462.08000552,2596.81922092,80.53113187,237.52053436,168.68930268,0.9754572463946634,0.9452354858767228,/home/chaoyu/phd_simulation/sensitivity_analysis/data/04486_verts.csv,/home/chaoyu/phd_simulation/sensitivity_analysis/data/04486_stress.csv,1.3924896119593952,1.4275250064583591,1.3466288871273542,1.424649103052169,1.74496945360065,0.05549416868745588,1.2676500535667425,0.05442062801042646,2506.980648780488,2691.6840348837213,0.1584399884878611
4487,material_r_cable,3,True,1.0363948821009388,1.394056069506384,79.13837019173495,1058.9156439219332,3661.565751491492,1.0463500935766858,0.9557030731289472,3831.2796667103103,0.4413165999368184,0.11768886,2617.45134882,2225.11196665,121.30565919,105.58848988,139.33127593,0.9636910307327204,0.9717523033553188,/home/chaoyu/phd_simulation/sensitivity_analysis/data/04487_verts.csv,/home/chaoyu/phd_simulation/sensitivity_analysis/data/04487_stress.csv,1.2815014739292276,1.3297845814284144,1.2936375194474852,1.3312420407759709,1.0574885635340252,0.053976455228631856,1.1197743795001327,0.05584299767605644,2199.5826666666667,2171.697352083333,-0.028607392674082875
4488,material_r_cable,3,True,0.8168641522541359,1.3360090242858664,64.17628042838568,1772.5204631283375,6460.258083531465,1.9802957608100336,0.5049750748297079,12793.221696556113,0.2155302477690257,0.09540041,6863.98969454,5417.83547312,304.02720245,339.19684245,340.62142054,0.9501310570656694,0.9587704331915278,/home/chaoyu/phd_simulation/sensitivity_analysis/data/04488_verts.csv,/home/chaoyu/phd_simulation/sensitivity_analysis/data/04488_stress.csv,1.255001003147106,1.320871466956337,1.2674576125112855,1.3219615130310276,1.0366865246388066,0.05405189110957984,1.042925009920301,0.057407231344056876,5600.471477083333,5292.439591666666,-0.002999832025271437
4489,material_r_cable,3,True,0.8533379047764998,1.0178071381454643,80.053079625812,672.7325497141749,9482.237329413094,4.0815293251134666,0.2450062024170805,38702.02972768514,0.4723031616907513,0.14130491,3746.9223007,2051.26192052,110.0862955,224.06150856,91.26767002,0.9668806406735692,0.9367504517780452,/home/chaoyu/phd_simulation/sensitivity_analysis/data/04489_verts.csv,/home/chaoyu/phd_simulation/sensitivity_analysis/data/04489_stress.csv,1.30816455087554,1.3529741892072822,1.3070939000874269,1.3953491002928613,3.8339974184324546,0.05576785465200393,3.542079450622544,0.07099870972969195,1939.4451772727275,1939.7001260869567,0.03957631854876674
4490,material_r_cable,3,True,1.2337885769756949,1.1047914826820289,78.87661528936061,1940.0546761287724,18495.05004527576,1.3893552765603272,0.7197583057918296,25696.1953706512,0.335680162328503,0.06699718,9148.34455575,6335.6465511,1288.07138078,262.67387449,384.33608014,0.9458120520353778,0.979263447266202,/home/chaoyu/phd_simulation/sensitivity_analysis/data/04490_verts.csv,/home/chaoyu/phd_simulation/sensitivity_analysis/data/04490_stress.csv,1.2352037973086505,1.3059717251968874,1.28081531443372,1.3079374278794504,0.9980974926725589,0.05597244327524504,0.8441562265486386,0.05720482419137898,5744.20750888889,6360.036493750001,0.08356138164779932
4491,material_r_cable,3,True,1.11777040639158,1.275990223605957,36.26124850240858,1591.6636019018706,8879.786113294433,4.17541207824606,0.23949731936879,37076.76618969121,0.1318576446227168,0.04995965,14394.5791363,11557.34215874,443.2803909,142.38051324,564.34971102,0.9751911223963626,0.9874800553763816,/home/chaoyu/phd_simulation/sensitivity_analysis/data/04491_verts.csv,/home/chaoyu/phd_simulation/sensitivity_analysis/data/04491_stress.csv,1.2648811773689237,1.2970597745605992,1.282962293194129,1.2992285628544902,0.952253345419065,0.05388612753049973,0.7799064896798602,0.05577632019859611,11048.069359999998,11518.509004166668,0.09949824043192984
4492,material_r_cable,3,True,1.1580050214267392,0.9671324697543184,53.96236221908327,362.6263024409614,15549.680663408775,3.972334643135391,0.2517411270291904,61768.53518895119,0.4245182233136608,0.03199884,7732.7580967,2884.2649689,920.8852443,711.26630682,140.61682112,0.9511853387493292,0.9562113616143888,/home/chaoyu/phd_simulation/sensitivity_analysis/data/04492_verts.csv,/home/chaoyu/phd_simulation/sensitivity_analysis/data/04492_stress.csv,1.2325637052994778,1.295818653933544,1.2409630589293554,1.2977915853606,1.2876652107507067,0.055984211637863816,1.044143849465906,0.057861047941647425,3281.673713043478,3698.642606382979,0.10443452057870414
4493,material_r_cable,3,True,1.3668683805837945,1.037718202321968,75.91140545597071,1054.2163356340247,13345.081122300531,1.9350176261414336,0.5167911581219408,25822.967193938835,0.2269787768485409,0.04162717,7784.65292321,5618.66387688,928.55880801,529.55486582,359.58622585,0.9537366505833916,0.9628611924760396,/home/chaoyu/phd_simulation/sensitivity_analysis/data/04493_verts.csv,/home/chaoyu/phd_simulation/sensitivity_analysis/data/04493_stress.csv,1.236648527638163,1.2966352156873877,1.2504588636313094,1.2986906870923938,0.8958625557639539,0.05602923797792968,0.6804959723786069,0.05532881346954611,5062.4606088888895,5887.099997916666,0.13662284279903988
4494,material_r_cable,3,True,0.9276713732222774,1.2177062062350936,34.389699798404486,1119.6628831392388,14126.978893979473,1.4347974244902717,0.696962500023487,20269.352932910173,0.2617047262719735,0.06818304,7060.02962945,5128.39598281,365.73913973,451.36783429,269.04623814,0.9668236501659292,0.9533172002454976,/home/chaoyu/phd_simulation/sensitivity_analysis/data/04494_verts.csv,/home/chaoyu/phd_simulation/sensitivity_analysis/data/04494_stress.csv,1.263439180123778,1.306793829367892,1.247747581056849,1.308848283378848,1.028156749414216,0.05575472562236958,0.8489545913546065,0.05476782608967019,4877.282597826087,5358.4719978723415,0.09546698385307949
4497,material_r_cable,3,True,0.9776341686991304,1.1507937837692226,27.10847253757855,846.6319227118693,7388.092850308543,4.022618353007364,0.2485943015827953,29719.477893373634,0.3433160160865028,0.05186972,7185.89369862,5239.78031847,144.68008432,476.53202241,260.78926396,0.9853036255218772,0.947846612150515,/home/chaoyu/phd_simulation/sensitivity_analysis/data/04497_verts.csv,/home/chaoyu/phd_simulation/sensitivity_analysis/data/04497_stress.csv,1.2801352421690102,1.2992292010404125,1.2335089085210165,1.3013803000491595,1.0151248097574002,0.05637121056538293,0.7841214186041264,0.05478845044357881,5030.440686956521,5441.320361702127,0.1283889817368886
4498,material_r_cable,3,True,1.3989729109852114,1.192418627431039,78.08641921747885,350.96342989599543,11830.126676258957,4.601825609042581,0.2173050621551154,54440.17989702625,0.2238738316135776,0.00611802,23993.31902599,13324.77843612,1121.17947059,3831.76154719,679.16405293,0.9586058600840492,0.9339943106360924,/home/chaoyu/phd_simulation/sensitivity_analysis/data/04498_verts.csv,/home/chaoyu/phd_simulation/sensitivity_analysis/data/04498_stress.csv,1.236990222099891,1.2904054456660985,1.2070983047771169,1.2924043444708222,,0.057061296847323625,,0.05475154219245373,13121.509308333334,12856.454295918364,
4499,material_r_cable,3,True,0.8807407570459292,1.0050015688001932,75.13142729623527,816.9949501192099,6530.741011372705,1.865937499641248,0.535923630985638,12185.954553565338,0.3172522248211776,0.21937903,2038.22019924,1230.54139984,196.12492674,131.10004631,52.51316637,0.9320480855968868,0.9517441132913272,/home/chaoyu/phd_simulation/sensitivity_analysis/data/04499_verts.csv,/home/chaoyu/phd_simulation/sensitivity_analysis/data/04499_stress.csv,1.3401314720994788,1.4378351211796696,1.3909765138866048,1.461502618677957,2.659754878257743,0.0567022595133358,2.094618180861474,0.06013268635989465,1355.5447068181818,1088.345140909091,0.11886671289126075
4502,material_r_cable,3,True,1.07921962079431,0.9233753743534776,76.5277282685393,1292.7765023891095,3659.0223661609048,1.0978485818106831,0.9108724250029988,4017.0525155033192,0.3575568309467215,0.3124167,1820.66360274,1158.980637,33.7142618,175.11329703,41.98835125,0.9773236137161893,0.9301512400111126,/home/chaoyu/phd_simulation/sensitivity_analysis/data/04502_verts.csv,/home/chaoyu/phd_simulation/sensitivity_analysis/data/04502_stress.csv,1.5336433068086743,1.569227720772168,1.4462478197503938,1.5548523267389456,2.010351319602763,0.054823313183320364,1.381336500544373,0.05370584369472186,1117.7304749999998,1241.695159090909,0.18545775802889267
4504,material_r_cable,3,True,0.957547715159532,1.0325517187583548,88.47638526790185,1441.8524430332332,13179.230107973097,2.90986982682334,0.3436579845537917,38349.84403195263,0.3417660699756761,0.13574909,6983.58565846,2891.06056656,332.80153782,894.05402608,121.89953477,0.9486757597104044,0.930620551326276,/home/chaoyu/phd_simulation/sensitivity_analysis/data/04504_verts.csv,/home/chaoyu/phd_simulation/sensitivity_analysis/data/04504_stress.csv,1.2876216752562963,1.35728320458969,1.2714035550088,1.3661889942112888,1.4827526748768975,0.055254531889669806,2.746742181793599,0.05930086671307305,3012.3863044444447,3059.571754347826,-0.2988511748449618
4505,material_r_cable,3,True,1.1822519698956395,0.9273679075565238,26.46483631015645,1709.9568918368354,9899.69691637834,1.125612772271112,0.8884049867187743,11143.225290688404,0.331300772160977,0.1675549,4152.2507752,2635.59714393,402.96053592,358.47835431,137.22732081,0.9338371203440402,0.9413684884166322,/home/chaoyu/phd_simulation/sensitivity_analysis/data/04505_verts.csv,/home/chaoyu/phd_simulation/sensitivity_analysis/data/04505_stress.csv,1.293948790470377,1.3856257823566345,1.3094056857137466,1.3909597589315397,1.6041052590718547,0.054486899044713315,1.5005087683163478,0.05642186554189606,2795.6813704545457,2546.5921413043475,0.03336855719957525
4506,material_r_cable,3,True,0.9997740952422453,1.290007125877652,71.64302600841394,1477.5798801658505,4283.181095628743,2.516015882886516,0.3974537707817422,10776.551665881185,0.2451380860507722,0.11284751,4705.246571,3939.35909631,374.62351435,81.97024393,212.50475288,0.9389577233521654,0.981571733577844,/home/chaoyu/phd_simulation/sensitivity_analysis/data/04506_verts.csv,/home/chaoyu/phd_simulation/sensitivity_analysis/data/04506_stress.csv,1.2503135630343132,1.331597293401644,1.3083469938954049,1.3329102185190886,1.235811140536794,0.056237804665781724,1.2083612124057155,0.05927644822335128,4060.602376595745,3871.5910416666666,0.011230766151999002
4507,material_r_cable,3,True,1.2800485247650188,1.2707963185109432,14.957713355889869,1620.545038541259,6400.354287677846,3.046660172509077,0.3282282707547426,19499.7044982158,0.2656169542330718,0.06495188,10087.70722489,6776.57413941,964.8338281,287.25894663,348.32294777,0.9482690755100568,0.9678617208261974,/home/chaoyu/phd_simulation/sensitivity_analysis/data/04507_verts.csv,/home/chaoyu/phd_simulation/sensitivity_analysis/data/04507_stress.csv,1.2372071007384775,1.3047004618103848,1.2649302161368998,1.3069327869038103,0.9429414998244934,0.056062412197357844,0.7917739806477743,0.056314050753367914,5731.016088888889,6795.414872916666,0.08714254347667694
4509,material_r_cable,3,True,1.3437018955215492,0.8621776587162292,51.47120775122546,763.0194440058254,7003.55571489758,1.8302484258859764,0.5463739161616411,12818.24682279603,0.1103516368389093,0.09188625,4908.87325229,3302.83754777,127.00399427,262.93936222,184.15663667,0.952932696191324,0.9346667211426448,/home/chaoyu/phd_simulation/sensitivity_analysis/data/04509_verts.csv,/home/chaoyu/phd_simulation/sensitivity_analysis/data/04509_stress.csv,1.2912482731974293,1.355025678474758,1.262055603220927,1.3502733912233913,2.930247217751861,0.07406532637399321,2.6209133813838537,0.06961534293116582,3296.331326086957,3408.03880212766,0.05572417350277507
4510,material_r_cable,3,True,1.2425776597453817,1.2698134012395168,76.65725051116763,768.8629085365161,1239.220886876629,2.870360547081548,0.3483882890658996,3557.010742810082,0.4258089355376953,0.12218893,2184.81004545,1609.14392132,219.53278388,155.09305814,80.45209484,0.93099630221394,0.9455705223168716,/home/chaoyu/phd_simulation/sensitivity_analysis/data/04510_verts.csv,/home/chaoyu/phd_simulation/sensitivity_analysis/data/04510_stress.csv,1.2512482370281968,1.343988406884847,1.2723533902940132,1.3455933325591052,1.1956296284767558,0.0579626877726584,1.0642334816935535,0.056494432509545556,1569.9343255319152,1536.1294425531917,0.05814340974542478
4511,material_r_cable,3,True,1.2078201264486856,0.8698951452544835,21.536256707550898,988.9369785966404,6628.942082815805,1.7349443093310728,0.5763873771749833,11500.84534346655,0.2637794053759514,0.1676825,3447.53847258,2107.10070003,264.76418168,67.80964755,109.72717212,0.9352001838260232,0.9762561396839452,/home/chaoyu/phd_simulation/sensitivity_analysis/data/04511_verts.csv,/home/chaoyu/phd_simulation/sensitivity_analysis/data/04511_stress.csv,1.2891605475494736,1.3784861999014515,1.3558803143179992,1.3888571443524589,2.6247927001273923,0.0535314678840194,1.8166323285025172,0.06064304384453214,2423.671186363636,2019.9430711111113,0.18195970131554293
4513,material_r_cable,3,True,0.9485039030799332,0.9854563274091228,63.08714415816718,725.2924011459764,12106.199386922252,1.596516841764099,0.6263635771577785,19327.751210975588,0.4278358358047278,0.16561317,2466.66842806,985.63278753,312.93239241,324.18687329,33.95532852,0.9374133113809576,0.9362314412272632,/home/chaoyu/phd_simulation/sensitivity_analysis/data/04513_verts.csv,/home/chaoyu/phd_simulation/sensitivity_analysis/data/04513_stress.csv,1.3007512450484484,1.3875963027794396,1.3045611250197122,1.393417340598626,2.4448772032697823,0.0567010715920347,2.4045700460019206,0.058361257788739136,1172.2233272727271,1272.9926782608698,0.008311701353987323
4514,material_r_cable,3,True,1.1307857105398138,1.1089488312288975,33.22283090314884,251.27086416106064,7860.260959053605,1.8520432613187792,0.5399441907679483,14557.543341422312,0.3962717211371834,0.02559038,3483.89951283,2429.49055431,222.68108806,104.54788532,142.96420847,0.9716326381743012,0.9820082512228634,/home/chaoyu/phd_simulation/sensitivity_analysis/data/04514_verts.csv,/home/chaoyu/phd_simulation/sensitivity_analysis/data/04514_stress.csv,1.255560414379174,1.2922172074606029,1.2709301653739282,1.2942153630494242,0.8301782942573177,0.05403550280267358,0.649814104731433,0.05588278054127069,2179.2418066666664,2392.66875625,0.12186832151916725
4515,material_r_cable,3,True,1.29285605554616,0.8649031117917373,21.234926149090708,1008.8036220468156,19764.38617385606,1.2510407672792376,0.7993344630765303,24726.05284374404,0.2078961370960971,0.06943038,8724.61280988,7157.97159252,250.6560623,17.04640859,394.68726469,0.9718048800965932,0.9893923551120872,/home/chaoyu/phd_simulation/sensitivity_analysis/data/04515_verts.csv,/home/chaoyu/phd_simulation/sensitivity_analysis/data/04515_stress.csv,1.2753429231677436,1.3123446375788728,1.3373335334157666,1.351671585600903,,0.067517454951159,,0.13617345945822612,7436.54805,7059.708738775509,
4516,material_r_cable,3,True,1.1682472264066548,1.2539240375405856,12.191290631139976,825.6844961882618,4388.176215370354,4.352792737165354,0.2297375639923587,19100.821559665823,0.1435723697815986,0.04216147,9165.00126226,5496.44868476,1173.59200097,381.57849952,263.77313403,0.940143853660546,0.9499651067204736,/home/chaoyu/phd_simulation/sensitivity_analysis/data/04516_verts.csv,/home/chaoyu/phd_simulation/sensitivity_analysis/data/04516_stress.csv,1.2204860408833091,1.2981907355254434,1.235460000291074,1.3005319790704766,1.0331977799262424,0.05928932165055434,0.7265762296937514,0.05655009999637561,4483.921560869566,5632.523434042553,0.17423916284495133
4517,material_r_cable,3,True,1.2334928500752955,1.317483440254249,82.87893698084594,1693.491071563345,16134.77016381099,2.590364429552636,0.3860460669515536,41794.93471134315,0.1385231721041649,0.03163043,19886.6036304,14871.04799814,1382.42671021,1188.490088,773.58044159,0.9514811261457062,0.9626749274742524,/home/chaoyu/phd_simulation/sensitivity_analysis/data/04517_verts.csv,/home/chaoyu/phd_simulation/sensitivity_analysis/data/04517_stress.csv,1.2311183528966587,1.2938967669108865,1.2473979452200714,1.295762369643136,0.8526813828667814,0.054953493963811474,0.6823871608137864,0.0564488563626648,15443.66808979592,14265.401946808512,0.11093590755542937
4518,material_r_cable,3,True,1.335278476103019,0.8482262666068937,60.06399817652694,695.196809198828,5544.932104742623,3.342941368031166,0.2991377622004039,18536.38291586824,0.4341400736986679,0.09957433,3799.57430536,2512.48783422,439.61458714,123.93981457,139.72833879,0.9362764107991768,0.9648055518201448,/home/chaoyu/phd_simulation/sensitivity_analysis/data/04518_verts.csv,/home/chaoyu/phd_simulation/sensitivity_analysis/data/04518_stress.csv,1.2445184638445477,1.329221210200377,1.2829452240108623,1.3297448605996658,2.6230260571959905,0.06087176932296346,2.5184469757635735,0.057771841683758686,2530.3886227272724,2713.6948255319153,0.020340295623843544
4520,material_r_cable,3,True,0.8047043187125797,1.1455292345454906,18.80566846233258,1828.2701109335733,11961.625284913547,1.3244668785686415,0.755020768115172,15842.776503717185,0.2652026317059068,0.16493424,6002.37351995,3728.79128145,703.04532074,430.53664232,195.66350679,0.969335276907624,0.9837612274685524,/home/chaoyu/phd_simulation/sensitivity_analysis/data/04520_verts.csv,/home/chaoyu/phd_simulation/sensitivity_analysis/data/04520_stress.csv,1.2862447666388703,1.3269348565774393,1.27204838647594,1.2930458641363798,3.3936004679601295,0.06600973472064031,3.2404930360045667,0.054889436607607235,3351.9005431818177,4121.916506382979,0.023078877598584045
4521,material_r_cable,3,True,1.211466473407106,0.9954182204958296,48.89281668022999,451.8506400093247,17375.38967118437,1.645240756478663,0.6078137780517406,28586.69924673092,0.3711053236790951,0.02623425,6405.47169195,4154.43822023,392.62580367,481.19524113,249.91564368,0.9721207996356688,0.9652035656596136,/home/chaoyu/phd_simulation/sensitivity_analysis/data/04521_verts.csv,/home/chaoyu/phd_simulation/sensitivity_analysis/data/04521_stress.csv,1.2565993275785572,1.2926370138870655,1.2495776940360677,1.2946260648986667,0.8362309510028176,0.05474617711194513,0.6435881691714543,0.05490545210791357,3886.111013333333,4208.576,0.13017995186376333
4522,material_r_cable,3,True,0.9059497738945548,1.3878950515426032,59.672581561260536,1073.0145108016904,16704.78436946215,1.167994638299268,0.8561683137998928,19511.098577477213,0.4013897041825085,0.03071303,11599.79818047,9176.11920361,251.17107773,598.70426075,614.9380288,0.9798507039157404,0.9649500650309308,/home/chaoyu/phd_simulation/sensitivity_analysis/data/04522_verts.csv,/home/chaoyu/phd_simulation/sensitivity_analysis/data/04522_stress.csv,1.266943460726795,1.2929964286025992,1.2495493746984654,1.2949368262474927,0.8768930945577934,0.05408196272906278,0.6746751110343004,0.05478945707737203,9131.890582608698,9059.58360425532,0.13033135301088783
4523,material_r_cable,3,True,1.363051912083106,1.1814470227793428,38.568328367997566,844.4666333102476,18219.72575506184,4.642989338861032,0.2153784829162044,84593.99243772388,0.2004415151536199,0.01037248,36892.74324446,18722.60977119,5708.03862602,1676.53827805,947.61538015,0.931540981543614,0.9568047401052848,/home/chaoyu/phd_simulation/sensitivity_analysis/data/04523_verts.csv,/home/chaoyu/phd_simulation/sensitivity_analysis/data/04523_stress.csv,1.2024073571139673,1.290772366366011,1.2369345480828893,1.2927763588909262,,0.05771716230363463,,0.05849975496737782,17241.050303999997,18747.584961702127,
4524,material_r_cable,3,True,1.3744505392920383,0.9449087578074824,37.98459850502094,735.9350047455766,12714.692122503831,2.11858352740134,0.4720134878168352,26937.137286716195,0.4799059715919138,0.02341967,9394.57289476,6032.71356943,2261.71976102,261.81563477,417.85611232,0.9335341305422132,0.980217698608739,/home/chaoyu/phd_simulation/sensitivity_analysis/data/04524_verts.csv,/home/chaoyu/phd_simulation/sensitivity_analysis/data/04524_stress.csv,1.2067696793465263,1.292689404559438,1.2690483640481895,1.2946597126836203,1.0076310393772387,0.056810284948024196,0.6722003914945897,0.060368700544837554,6179.988249999999,6150.288837499999,0.1996811356890503
4526,material_r_cable,3,True,1.2515974180960558,1.0078344321958372,28.8763875596034,1138.2184180612448,4671.160211925278,1.4229437822538284,0.702768452606104,6646.798379470551,0.3001434774222323,0.15322417,2620.24970419,1650.16632989,255.48872475,278.19107442,90.70453301,0.9376908219377356,0.9361595002169532,/home/chaoyu/phd_simulation/sensitivity_analysis/data/04526_verts.csv,/home/chaoyu/phd_simulation/sensitivity_analysis/data/04526_stress.csv,1.2873322378893115,1.372874947447009,1.2875711850043936,1.375375867793898,1.2800547668873141,0.055135849243489396,1.2924412818049351,0.05537624660678027,1656.787647727273,1634.6016847826088,-0.004814979180985637
4527,material_r_cable,3,True,1.2194133614113745,1.213124660841402,88.79919355810421,1549.3873505611716,13377.40285552822,3.219847589018716,0.3105737064730945,43073.19833170463,0.4530857876290408,0.02523725,21433.52921526,14298.64749532,2711.05103867,1975.75887664,766.23996047,0.9347494521176074,0.9475648081441508,/home/chaoyu/phd_simulation/sensitivity_analysis/data/04527_verts.csv,/home/chaoyu/phd_simulation/sensitivity_analysis/data/04527_stress.csv,1.2087711371453438,1.2931498749819643,1.2271728697728197,1.2950806733486593,0.9191653570379203,0.057378654812552825,0.669821798576943,0.0570180378166023,13762.995123076922,13350.62491276596,0.15691980742568878
4528,material_r_cable,3,True,1.1627932220800667,1.2804478240895791,68.68354950488865,976.0058797042852,11568.775090348856,1.6512826421564402,0.6055898454150053,19103.31749770487,0.3882622071566717,0.03181459,10017.8098261,7408.77741081,1125.94723338,260.22011793,433.90395761,0.9450161034756748,0.9797296801354528,/home/chaoyu/phd_simulation/sensitivity_analysis/data/04528_verts.csv,/home/chaoyu/phd_simulation/sensitivity_analysis/data/04528_stress.csv,1.222617265523687,1.293752837678663,1.2694322218052772,1.295696402327805,0.8750011152380892,0.05659333950586881,0.7019244272641356,0.05762296671319295,7148.073336000001,7268.467141666667,0.10975577686396021
4529,material_r_cable,3,True,1.1419166070716464,0.9155789343970128,39.11300945645876,1509.61794414251,4339.530791882109,3.592828193169046,0.2783322625616429,15591.188574199236,0.1420181310989138,0.27480436,2257.84519985,1462.00795368,68.34629584,264.26986582,58.04342056,0.9740165215891218,0.9360612446512584,/home/chaoyu/phd_simulation/sensitivity_analysis/data/04529_verts.csv,/home/chaoyu/phd_simulation/sensitivity_analysis/data/04529_stress.csv,1.4677855224409242,1.5069410938186256,1.412693764910039,1.509189460606668,1.6520303408327814,0.05439856044002256,1.5677736384822027,0.05417764228661074,1480.334143902439,1551.6987340909093,0.026168270767993884
4530,material_r_cable,3,True,1.2449423452752195,1.350446377754237,77.56845631895786,315.6541339188783,4368.935254119979,2.377380880758836,0.420630959091759,10386.623142418084,0.1806087319018885,0.01931204,5835.03890216,4229.02996216,487.14949686,445.84773223,227.26435807,0.9478746993235726,0.9560741024535052,/home/chaoyu/phd_simulation/sensitivity_analysis/data/04530_verts.csv,/home/chaoyu/phd_simulation/sensitivity_analysis/data/04530_stress.csv,1.2243721323867198,1.291702514330705,1.2368288279507582,1.2936537291165735,,0.055991903519592934,,0.05646245120238074,4352.512484000001,4049.569659574468,
4532,material_r_cable,3,True,1.049750483569725,1.2067585179578462,54.01730827972506,1389.1628547475038,6672.624167892664,3.5671366436764944,0.2803368919922683,23802.1621787713,0.2125700625032739,0.07217468,8359.97936997,5761.74389287,629.91575448,463.34439628,283.83287974,0.945355441081043,0.9546312400372808,/home/chaoyu/phd_simulation/sensitivity_analysis/data/04532_verts.csv,/home/chaoyu/phd_simulation/sensitivity_analysis/data/04532_stress.csv,1.238428283432406,1.3100133871512127,1.252370500070709,1.311889290383793,1.0259181349949922,0.05579797023401945,0.8527492275505287,0.05673517569372772,5784.94963265306,5703.070714893617,0.09217646023819052
4533,material_r_cable,3,True,1.2297242642086026,1.0309394371246872,49.82663507371711,1350.226980771288,2168.050091120241,2.795348984375379,0.3577370859915904,6060.456620287914,0.113315844614711,0.2892974,1844.8299846,1257.15947707,158.31087094,60.12531755,42.2492208,0.9430413921235896,0.9667364875205426,/home/chaoyu/phd_simulation/sensitivity_analysis/data/04533_verts.csv,/home/chaoyu/phd_simulation/sensitivity_analysis/data/04533_stress.csv,1.4375502398896454,1.524376609442874,1.4747036074984754,1.5254452754553125,1.402187595764069,0.054257162547156,1.6106936998448738,0.05583498525208527,1251.4813675,1336.458340909091,-0.06920488516580037
4534,material_r_cable,3,True,1.1462456952550926,1.0806078234136265,18.09285849832949,745.7130044691486,8950.212980130189,1.3614809056613209,0.7344943258783814,12185.54407404936,0.1638185608727378,0.09378304,2514.92503341,1742.98272295,253.26751933,210.82965922,100.07863041,0.9611171320199056,0.9627715801721306,/home/chaoyu/phd_simulation/sensitivity_analysis/data/04534_verts.csv,/home/chaoyu/phd_simulation/sensitivity_analysis/data/04534_stress.csv,1.2693964563437297,1.3207510448554147,1.2733869410531768,1.322626225449563,1.0008482094923263,0.054528028137642216,0.898118824812614,0.055771047512070134,1738.4650866666664,1808.1483666666666,0.054097508184134106
4535,material_r_cable,3,True,0.8258951249188191,1.0069057941207398,11.564305637483226,683.4306044502077,14922.87508604373,3.008782872654318,0.3323603072486948,44899.69096964821,0.1205054777781855,0.15167954,4724.12668363,2335.19247442,35.11154539,180.63085936,105.60290537,0.9801428399387856,0.9560024361624216,/home/chaoyu/phd_simulation/sensitivity_analysis/data/04535_verts.csv,/home/chaoyu/phd_simulation/sensitivity_analysis/data/04535_stress.csv,1.4462431543544634,1.475543252904636,1.3205051064063265,1.3812779721640551,,0.11394054973974135,,0.0638835036186979,2161.2106204545453,2449.898167391304,
4536,material_r_cable,3,True,1.3810016408087145,0.9201652381925666,42.4949698874741,1393.0812153307184,7471.676854208149,4.694170034010165,0.2130302040094005,35073.32159283123,0.1651034264644429,0.10820349,8001.12216958,4032.26363695,735.21196146,625.66168252,218.55533595,0.9358701689079554,0.936628048036769,/home/chaoyu/phd_simulation/sensitivity_analysis/data/04536_verts.csv,/home/chaoyu/phd_simulation/sensitivity_analysis/data/04536_stress.csv,1.250395358170467,1.3360778019343469,1.2534090189541454,1.338214269347762,2.4848912445984315,0.05642186606155113,2.311664150824777,0.057857350563989544,4603.198481818182,4351.302010638298,0.03611489485536741
4537,material_r_cable,3,True,0.9902606551302112,1.0872563174070282,79.62611918735033,360.954440896298,5534.788091051163,3.622800801497514,0.2760295293041345,20051.43473237905,0.3732163531226729,0.04853887,4584.03535879,2104.10663192,119.86058832,519.62501016,99.8719012,0.9689053791112014,0.9463403351779016,/home/chaoyu/phd_simulation/sensitivity_analysis/data/04537_verts.csv,/home/chaoyu/phd_simulation/sensitivity_analysis/data/04537_stress.csv,1.260184536531787,1.3006270412986896,1.23269726119593,1.3025940196918655,0.8787431669618242,0.05530847843027314,1.064610515561506,0.05590186947346417,2086.539691304348,2111.5962659574466,-0.09564257410845771
4538,material_r_cable,3,True,1.0939580323219382,0.9901655783265412,39.84142628032896,1728.684609606809,11379.75423352438,2.9604219002268364,0.3377896913691177,33688.87365212463,0.3039730140249329,0.16718318,3775.91043288,2352.61161914,283.61671272,284.65942167,115.18465613,0.966365400713626,0.962524893910827,/home/chaoyu/phd_simulation/sensitivity_analysis/data/04538_verts.csv,/home/chaoyu/phd_simulation/sensitivity_analysis/data/04538_stress.csv,1.327196406172109,1.373389822516434,1.3230948448168396,1.3746084420123243,1.2216322332462395,0.05465479870982664,1.1240461919133968,0.05561210062677752,2255.3327355555552,2528.989915217391,0.041602480666633315
4539,material_r_cable,3,True,1.1868192879152633,1.3850190288551834,34.729395404104125,566.906631528054,1461.1091696778628,3.232374959869156,0.3093700490862852,4722.852693701938,0.1443702230522666,0.07865365,2932.20994857,2192.59824513,148.89647681,160.87331108,111.59265681,0.9592982834199864,0.9487882666357068,/home/chaoyu/phd_simulation/sensitivity_analysis/data/04539_verts.csv,/home/chaoyu/phd_simulation/sensitivity_analysis/data/04539_stress.csv,1.257815409453593,1.3111828001707306,1.246386918184834,1.3136618168818397,1.0241609473176312,0.055745474966633755,0.8137891616347943,0.05523865834488675,2073.8098361702127,2217.6888468085103,0.11446000882077385
4540,material_r_cable,3,True,1.0849469141827774,1.1907232919831596,11.016907154465391,891.5257588617263,1446.6034728652292,1.5398330500591957,0.6494210524716021,2227.527837848291,0.4734882660030871,0.23531503,1341.46389971,1033.19376099,26.72528054,106.89866712,45.44362134,0.9776772252387016,0.93896598363753,/home/chaoyu/phd_simulation/sensitivity_analysis/data/04540_verts.csv,/home/chaoyu/phd_simulation/sensitivity_analysis/data/04540_stress.csv,1.413918643969387,1.4462018828598326,1.3551468672202636,1.44323318505156,1.7763539927920493,0.055144494376617344,1.1176745267986015,0.05425018943213035,996.6006756097562,1072.7865955555556,0.2275995075841946
4542,material_r_cable,3,True,1.190401697498667,0.9421258592861764,74.04896394538001,1694.713133801465,17852.542621853943,2.251258765533644,0.4441959384277878,40190.69306451167,0.3064576060396081,0.11983512,6081.75094617,4226.9999077,450.33971632,290.95910779,219.27862345,0.9646125743409022,0.9714899118168,/home/chaoyu/phd_simulation/sensitivity_analysis/data/04542_verts.csv,/home/chaoyu/phd_simulation/sensitivity_analysis/data/04542_stress.csv,1.2886421165926751,1.3359167720503486,1.2982779332093504,1.3363781933478016,1.3103241806504489,0.05525801482801123,0.8912838895852633,0.055086240337387106,3777.202544444445,4549.130421276595,0.1903337368400551
4543,material_r_cable,3,True,1.2745155144140208,0.931427698064348,27.76519825438568,372.9971343075873,4834.415267666441,1.2834895924048524,0.7791259126038702,6204.921681412995,0.2228322892268055,0.07518411,2957.0740116,1583.2267023,33.4135697,450.6665577,86.28422516,0.9841587390473934,0.9324273021956556,/home/chaoyu/phd_simulation/sensitivity_analysis/data/04543_verts.csv,/home/chaoyu/phd_simulation/sensitivity_analysis/data/04543_stress.csv,1.288304189875054,1.3090410507577823,1.222321781738302,1.3109030364726668,1.0737027908195984,0.05698660990265218,2.019105495553285,0.06143732575922647,1542.2804066666667,1527.1786260869565,-0.3056777585921484
4544,material_r_cable,3,True,0.8851661782753525,0.9622266353221006,26.59737044354726,715.7027394815226,1907.7390724647205,3.2251067686793427,0.3100672541174482,6152.66219548002,0.2544590837984875,0.32614725,1127.90294961,855.40087275,20.0497754,34.25160088,33.66777616,0.9843421514476334,0.9718393227198916,/home/chaoyu/phd_simulation/sensitivity_analysis/data/04544_verts.csv,/home/chaoyu/phd_simulation/sensitivity_analysis/data/04544_stress.csv,1.5632234639417104,1.5880895292787565,1.5142518213565035,1.5581298121571776,2.076184931426277,0.058532166958446756,1.4097814403561209,0.056666206147630994,814.583057894737,963.795236585366,0.19116750421474077
4546,material_r_cable,3,True,1.199962116046323,0.9995109803161925,0.7586581557533391,1544.419163350795,7837.916517037024,2.2610400165358784,0.4422743483912735,17721.842891288226,0.3862464035844936,0.15372323,3189.33664961,2496.36128821,81.97952266,127.71176261,140.40218358,0.9858954061742944,0.9781469207641552,/home/chaoyu/phd_simulation/sensitivity_analysis/data/04546_verts.csv,/home/chaoyu/phd_simulation/sensitivity_analysis/data/04546_stress.csv,1.332753872221596,1.3518207548945422,1.3242912731774854,1.3538776691572187,1.3559331400868346,0.053580261663988535,1.2234184378900381,0.055212630579573437,2490.410222222222,2508.3086239130434,0.05137519961537585
4547,material_r_cable,3,True,0.8758450449739861,1.0751126497895158,46.54824684180529,739.7408444352765,1057.9475530185916,3.7373674598950535,0.2675680169881075,3953.938758927281,0.1043966019292693,0.31723676,1270.48952045,1044.49769756,12.66078928,21.91256154,52.13138749,0.9869279717420518,0.9782124410444268,/home/chaoyu/phd_simulation/sensitivity_analysis/data/04547_verts.csv,/home/chaoyu/phd_simulation/sensitivity_analysis/data/04547_stress.csv,1.532659471197993,1.552959805661052,1.5209804338283153,1.5548569717681988,1.8170595251995774,0.058269403095777876,1.74806645562729,0.05308158694116332,1092.7478783783786,1067.1877128205128,0.019352210817606404
4549,material_r_cable,3,True,1.2047749869643585,0.9262837433938546,45.92191529150137,1086.950716623697,16900.85046161928,2.5364331541133813,0.3942544270793343,42867.87744356359,0.378953274799591,0.08224148,8754.60460963,4250.63089962,515.05838499,928.74855187,209.62584043,0.9596102061090748,0.9405216969754068,/home/chaoyu/phd_simulation/sensitivity_analysis/data/04549_verts.csv,/home/chaoyu/phd_simulation/sensitivity_analysis/data/04549_stress.csv,1.2622715129474933,1.3154002582627973,1.2389545500833905,1.3173056550079647,1.5070005268808175,0.055059954680976186,2.044282731334644,0.058634815174931645,4273.235117777778,4689.380491489362,-0.15129241048595304
4550,material_r_cable,3,True,1.1242007979459896,1.2045871529769534,58.26514680917254,1989.031955927632,17838.49096183601,4.8338109389437385,0.206876109270942,86227.89274557192,0.4429624153310895,0.02709611,28787.7417567,24321.60212236,805.07103993,473.60504857,1227.84424786,0.9738440938628896,0.9844128985800132,/home/chaoyu/phd_simulation/sensitivity_analysis/data/04550_verts.csv,/home/chaoyu/phd_simulation/sensitivity_analysis/data/04550_stress.csv,1.2584411417413175,1.2922408727145775,1.2740394740219412,1.2942124954474956,0.8531732976962535,0.053779532328162565,0.6704047589526511,0.05570716133477681,23545.628045652178,23977.887072916667,0.11996007552484715
4551,material_r_cable,3,True,1.3934256312108064,1.1116823631126311,19.63441288166468,1407.467942575479,15104.784986555029,1.777905000504424,0.562459748814634,26854.87275914033,0.2894937030473168,0.0410781,9311.87331333,7854.99687643,650.32652712,456.89923753,508.1361434,0.9666463397845616,0.9736705457074546,/home/chaoyu/phd_simulation/sensitivity_analysis/data/04551_verts.csv,/home/chaoyu/phd_simulation/sensitivity_analysis/data/04551_stress.csv,1.2522269713535172,1.2954344518933405,1.2631930032795051,1.2973515619307228,0.8598858686104072,0.05411893923131608,0.7265820936862193,0.05573824845288266,7526.1854088888895,7732.216435416667,0.08402550703338041
4552,material_r_cable,3,True,0.8291986490437806,1.165517222799242,34.92251198268005,861.6283481770773,11785.871869819162,4.983378150147629,0.2006670916535554,58733.45635649639,0.1828903909846919,0.02811935,17107.04254292,10817.47439489,1019.21820132,221.13093429,570.64946628,0.9447772680969028,0.9708636986216124,/home/chaoyu/phd_simulation/sensitivity_analysis/data/04552_verts.csv,/home/chaoyu/phd_simulation/sensitivity_analysis/data/04552_stress.csv,1.234983794400779,1.3071692515299924,1.266404692435884,1.304410386580389,0.9212900826314686,0.05532277604368712,0.6598069094963337,0.055850223634462175,10141.544531914893,10769.869959574471,0.16538085546746703
4553,material_r_cable,3,True,1.076424571860458,1.019102264703739,11.307080669054672,1197.2572891064374,19065.73748653695,2.932372853254746,0.3410207535136823,55907.851032802326,0.2489390535971417,0.08221387,8417.49412916,2900.19350876,1431.55987735,203.32770918,148.36305136,0.9394892969714304,0.975565197326855,/home/chaoyu/phd_simulation/sensitivity_analysis/data/04553_verts.csv,/home/chaoyu/phd_simulation/sensitivity_analysis/data/04553_stress.csv,1.2408534074258857,1.3207743945843158,1.2899351984727951,1.3222439689395902,1.786621991607226,0.05637254637229313,0.9467079726077456,0.060485737864214496,3979.347453333333,3344.054833333333,0.30728599546915975
4554,material_r_cable,3,True,1.0179167522461814,1.2936222395842327,5.445357031652047,236.04120075316203,6885.541091889612,4.858552162068884,0.2058226332953842,33453.76055901442,0.4189401681894552,0.00538758,17130.58913894,12725.43764922,1152.5396221,602.01973476,710.18953868,0.9574869890385356,0.9535037874837342,/home/chaoyu/phd_simulation/sensitivity_analysis/data/04554_verts.csv,/home/chaoyu/phd_simulation/sensitivity_analysis/data/04554_stress.csv,1.2354584481698916,1.290313562809331,1.2322347153181927,1.2923228323717733,,0.05640887045980264,,0.05524505030627768,11311.982673333334,12609.731552083334,
4555,material_r_cable,3,True,0.9229160059717668,1.2401831917326211,72.29591910404115,282.19388890908124,18754.47163756232,4.648874244440319,0.2151058401280524,87187.1801639499,0.1017928638661002,0.00364322,39755.04505581,23779.82641327,605.43764105,4868.47074215,1251.94777855,0.9695323143676874,0.934578446043127,/home/chaoyu/phd_simulation/sensitivity_analysis/data/04555_verts.csv,/home/chaoyu/phd_simulation/sensitivity_analysis/data/04555_stress.csv,1.250966452667462,1.2902782446022143,1.207733572110096,1.2922762955035707,,0.05437639481161685,,0.056673120981927685,24703.825044000005,22884.85488541667,
4556,material_r_cable,3,True,1.0671977258724523,0.9485383387833156,59.03266292743286,424.2892068686736,5247.637746853392,4.411060096202212,0.2267028737289182,23147.64546446949,0.2825139336497174,0.14821763,2405.28354327,708.12839824,148.73867523,211.64657017,28.4303322,0.954483863907005,0.9422427339645258,/home/chaoyu/phd_simulation/sensitivity_analysis/data/04556_verts.csv,/home/chaoyu/phd_simulation/sensitivity_analysis/data/04556_stress.csv,1.307854725789208,1.3702219338059254,1.2934737719212928,1.3727606754566817,1.9485186785397894,0.056943984988780505,2.2007750194877307,0.05663805478163813,703.5894772727273,1000.9114977777779,-0.06079500736905131
4557,material_r_cable,3,True,1.0983578716832638,1.0169687285745934,8.049023851249254,1069.9431329667557,10939.545462801958,1.342913350081573,0.7446496826762923,14690.86164582105,0.2669385751205726,0.13225969,3458.96553638,1712.16257748,151.37938656,519.13889624,88.98743062,0.9674211967503497,0.9336444419761544,/home/chaoyu/phd_simulation/sensitivity_analysis/data/04557_verts.csv,/home/chaoyu/phd_simulation/sensitivity_analysis/data/04557_stress.csv,1.3088935403431146,1.3529717404785009,1.2652850937374076,1.3552108670612355,1.141274074112634,0.05574401567451933,1.4967497090742012,0.05443113607473471,1680.1051844444446,1886.420432608696,-0.1347507316754131
4558,material_r_cable,3,True,1.132755795955673,1.221869045714088,49.42486984529321,1316.1210447639914,3863.4020044289687,3.77356632254355,0.2650013050058057,14578.803694360402,0.4856980447296819,0.0829176,5795.18692301,5034.73607044,125.1157363,119.30808581,258.84152802,0.9807722067659972,0.9803543241016544,/home/chaoyu/phd_simulation/sensitivity_analysis/data/04558_verts.csv,/home/chaoyu/phd_simulation/sensitivity_analysis/data/04558_stress.csv,1.28321866524459,1.3083758454737224,1.2845781114428765,1.310320238164907,1.1071836465632026,0.05399088252911141,0.9335623281857197,0.05535435439832942,4912.746173333333,4989.94158125,0.08507737882410567
4559,material_r_cable,3,True,0.9924606520337372,1.0691905532329986,1.132456458597157,812.2654628072904,3313.097782211446,3.904647734701327,0.2561050491476644,12936.479750155911,0.3935675948585468,0.15709596,2209.06871073,1708.63151092,45.36757666,93.73654469,76.44265797,0.9864782198348016,0.9630732838956196,/home/chaoyu/phd_simulation/sensitivity_analysis/data/04559_verts.csv,/home/chaoyu/phd_simulation/sensitivity_analysis/data/04559_stress.csv,1.342960425996155,1.361368552283953,1.3085180462433634,1.3586900063829246,1.549535396027503,0.055260240715524246,0.9177788970628866,0.054462266505669904,1565.0411800000002,1819.9628847826084,0.25605027326021007
4560,material_r_cable,3,True,0.9445596056042106,1.398029213048685,64.27069945526101,1782.6271782823687,2308.905781229393,4.16565110984739,0.2400585103337267,9618.095930111278,0.1129789490804131,0.12048501,5826.20667165,4948.39397664,69.44893246,187.17489031,290.21528411,0.9784695514883488,0.968065486065908,/home/chaoyu/phd_simulation/sensitivity_analysis/data/04560_verts.csv,/home/chaoyu/phd_simulation/sensitivity_analysis/data/04560_stress.csv,1.3033944533949149,1.3320746173576103,1.2896610228661058,1.3322043202956448,1.195461226482607,0.05397540967487384,1.145048859838856,0.0558659726070661,5038.974399999999,4843.9081428571435,0.02153905122578781
4561,material_r_cable,3,True,0.8817217535136411,1.1486198631015705,88.61239879532314,780.9217469276256,14470.837342124098,2.877924876104806,0.3474725863426542,41645.9827649653,0.2591826637606924,0.0417586,11718.41074503,6902.15928899,158.90667197,1001.00222835,342.46395665,0.9782287056839252,0.9472848838900088,/home/chaoyu/phd_simulation/sensitivity_analysis/data/04561_verts.csv,/home/chaoyu/phd_simulation/sensitivity_analysis/data/04561_stress.csv,1.2688373213046649,1.2970763523214766,1.2387872296335865,1.307724055034562,0.9339189672066416,0.05381333151309255,1.6832158375047548,0.08265149986734481,6995.845741304348,6456.577638297873,-0.28630427020771737
4562,material_r_cable,3,True,0.9782970438306406,1.1270803846471145,83.42345519050997,340.1458799625117,8243.03338531256,4.886196241204722,0.2046581738914038,40277.07874343926,0.3857033703877388,0.01765173,10187.08124281,5912.39200903,389.15943282,736.10531603,292.61071159,0.9570801206612588,0.9588935195993872,/home/chaoyu/phd_simulation/sensitivity_analysis/data/04562_verts.csv,/home/chaoyu/phd_simulation/sensitivity_analysis/data/04562_stress.csv,1.2360286750173113,1.2914578919091155,1.2402464910426731,1.293414196355015,,0.05452381256090922,,0.056220854905303645,5890.656712244898,5550.6622276595745,
4564,material_r_cable,3,True,1.108927981949184,1.3468891982125708,20.73475231753676,511.0064766402676,5510.225789899114,4.154382646381617,0.2407096517387438,22891.586399201315,0.3523633390626272,0.01512203,11896.15636868,10180.53170505,224.18112743,717.54882849,552.10392064,0.984483053224082,0.9471971487005793,/home/chaoyu/phd_simulation/sensitivity_analysis/data/04564_verts.csv,/home/chaoyu/phd_simulation/sensitivity_analysis/data/04564_stress.csv,1.270892762843229,1.2909239612415715,1.2246935897211968,1.292965874529187,,0.05600162275061871,,0.05503515767840011,9863.497160869565,10254.64879574468,
4565,material_r_cable,3,True,1.0469976787563875,1.0778478690080158,42.28909676970038,1019.1876543060956,9637.017766886438,4.927744982373367,0.2029325794206108,47488.76594581764,0.2168829975690283,0.06587106,10674.65605469,4468.29885648,1183.41308741,84.16751601,202.04898228,0.9376230110161392,0.9859363219868552,/home/chaoyu/phd_simulation/sensitivity_analysis/data/04565_verts.csv,/home/chaoyu/phd_simulation/sensitivity_analysis/data/04565_stress.csv,1.2269917430373545,1.308619486319576,1.292147927923563,1.3105794959654506,1.3704422195600163,0.05824993119352577,0.9312977526339887,0.06046926928356414,4496.547716666667,4475.867121276596,0.19078804392810614
4566,material_r_cable,3,True,1.2230166176516928,1.1802321323012095,31.20319402955907,1619.1687776900658,16287.338753145412,4.317879662532231,0.2315951527499373,70326.76875897964,0.2855828679620138,0.03134288,21783.53638918,15716.8153133,983.1772095,795.21177586,776.07593214,0.970108993130369,0.9672983188358624,/home/chaoyu/phd_simulation/sensitivity_analysis/data/04566_verts.csv,/home/chaoyu/phd_simulation/sensitivity_analysis/data/04566_stress.csv,1.2546161264462543,1.2932733696219345,1.2529524447478877,1.2953113019526472,0.8619290968652097,0.05455992858820468,0.6541228602917933,0.055191617850138194,14395.983147826086,15617.653352083333,0.13707065618193442
4567,material_r_cable,3,True,1.329829487264061,1.2007918528480794,77.97717961608684,263.8348965079909,19990.587863714867,1.8980116607137607,0.5268671529783663,37942.3688698538,0.4043618238017851,0.00429062,17908.63934113,14025.82673418,1654.86845369,1215.84470532,846.1263455,0.9538746588876984,0.9612184123284828,/home/chaoyu/phd_simulation/sensitivity_analysis/data/04567_verts.csv,/home/chaoyu/phd_simulation/sensitivity_analysis/data/04567_stress.csv,1.2307681573156115,1.2902828960261885,1.242168034873784,1.2922848948187755,,0.055488553143921454,,0.055515076260850525,13036.583558695651,13530.67012340425,
4568,material_r_cable,3,True,1.0155621493215574,1.357257443841522,24.6663633996628,1837.5321604342407,9386.002195507786,1.0170868709866867,0.9832001852800336,9546.379604103186,0.3247903574979479,0.11241244,5086.93611869,4374.79549702,79.40584877,248.9919189,264.89159545,0.9882839412380832,0.963837427329044,/home/chaoyu/phd_simulation/sensitivity_analysis/data/04568_verts.csv,/home/chaoyu/phd_simulation/sensitivity_analysis/data/04568_stress.csv,1.309597404568669,1.325122619040087,1.279342574502973,1.327342701401674,1.3138730878419023,0.0547350630094601,0.8929985198847471,0.05472683874093146,4276.8792111111115,4468.102402083333,0.19071094416349305
4569,material_r_cable,3,True,0.8720549177174838,0.906463618505824,6.368859347747897,1270.3938593219173,1496.4660012365748,4.949807201200524,0.2020280708625298,7407.218189272549,0.2073296900231909,0.42957944,1886.662603,1368.32212075,53.31131184,43.70043562,55.24336865,0.9664738509444648,0.9693324605358874,/home/chaoyu/phd_simulation/sensitivity_analysis/data/04569_verts.csv,/home/chaoyu/phd_simulation/sensitivity_analysis/data/04569_stress.csv,1.7713798074660865,1.832827453877873,1.677470289548143,1.730541746864401,,0.1425565495262518,,0.05521191121846486,1143.9044,1641.0853216216217,
4571,material_r_cable,3,True,1.1523284929903232,0.9862241703068764,36.81250746812694,1643.1748365587564,7177.906365483304,2.918274887596808,0.3426681990275075,20947.103891911203,0.2087251662707029,0.19485168,3250.41916839,1974.27386108,384.34947283,46.74983543,93.40199802,0.9467842625360356,0.98422573488716,/home/chaoyu/phd_simulation/sensitivity_analysis/data/04571_verts.csv,/home/chaoyu/phd_simulation/sensitivity_analysis/data/04571_stress.csv,1.3280430402437038,1.4026881231490234,1.3819931343647796,1.4041424496212982,1.3988225666982894,0.05413762294830204,1.4585207198107553,0.057732351562024366,2033.8989909090915,2113.5078391304346,-0.020892887947461847
4572,material_r_cable,3,True,1.3834318709220588,1.1956342711787746,48.09906972292758,1737.454974654438,7328.115736008645,3.8586163687217696,0.2591602544648061,28276.38733085054,0.4304752275654288,0.05038147,13175.52332939,9724.75125048,250.00003227,770.92342925,506.18493548,0.9823312540213426,0.9569049042893616,/home/chaoyu/phd_simulation/sensitivity_analysis/data/04572_verts.csv,/home/chaoyu/phd_simulation/sensitivity_analysis/data/04572_stress.csv,1.2748224850955872,1.2977521379645425,1.24371236756506,1.2997241021443964,0.9840562402242488,0.05450518892636431,0.7180171086979112,0.05437265880979753,9413.65701111111,9476.617795744682,0.15630297701024878
4573,material_r_cable,3,True,1.3816817073375938,1.1765606404513027,34.44720606369618,1858.1952725673668,12550.257907213158,4.035564168750494,0.2477968279487483,50647.37111892699,0.4660875846794079,0.02881596,23566.96920466,16967.85328412,1225.05364656,1736.19893092,892.35549055,0.9628371885486936,0.948708654014089,/home/chaoyu/phd_simulation/sensitivity_analysis/data/04573_verts.csv,/home/chaoyu/phd_simulation/sensitivity_analysis/data/04573_stress.csv,1.2450018305944133,1.293055404799053,1.2286332936574935,1.2950585919702673,0.846492077375447,0.055247741333478644,0.6403103905198464,0.054771712792527225,15341.856699999998,16548.528510638298,0.1386745659276917
4575,material_r_cable,3,True,1.1383995902412305,1.2333532134697964,38.89613287734428,1674.2775852214725,4992.118923412309,1.2952491262739565,0.7720522482626183,6466.037673805477,0.3337876694580327,0.17039677,3254.42931792,2518.02577397,81.53036983,262.96140708,128.60782524,0.9771848326780112,0.9483013844530328,/home/chaoyu/phd_simulation/sensitivity_analysis/data/04575_verts.csv,/home/chaoyu/phd_simulation/sensitivity_analysis/data/04575_stress.csv,1.3425661999294898,1.3739122375141022,1.3043218943846404,1.375429705965214,1.4702921895123968,0.05494803410491213,1.0744571972279144,0.05453466559798326,2483.0199711111113,2557.91084,0.15554969552091177
4576,material_r_cable,3,True,0.8552607585406999,1.345031026360104,87.25721234336262,460.7943233632054,2479.5560294438965,4.771696210321782,0.2095690831777751,11831.688108977964,0.2608115074168621,0.02908411,6071.92958128,4839.28268144,27.41956457,222.74216454,306.88455992,0.9888853293371712,0.971207944852762,/home/chaoyu/phd_simulation/sensitivity_analysis/data/04576_verts.csv,/home/chaoyu/phd_simulation/sensitivity_analysis/data/04576_stress.csv,1.278354501327162,1.2927226882656009,1.2571614954572494,1.2944308189816538,0.8686219739764931,0.05349841047846261,0.6912443581228281,0.054432843786199586,4848.636795555556,4737.035789361702,0.11371334338304752
4577,material_r_cable,3,True,1.217958596594428,1.1167617522704796,69.53332068159796,1288.630951970371,18987.611464196634,3.376886559826405,0.2961307649171984,64119.00995665138,0.2273379175392775,0.02950149,18337.2130787,9546.28075688,1424.48666567,2347.72630935,514.39092413,0.9515805179622392,0.9425101800035046,/home/chaoyu/phd_simulation/sensitivity_analysis/data/04577_verts.csv,/home/chaoyu/phd_simulation/sensitivity_analysis/data/04577_stress.csv,1.2318053220082268,1.2944835447514988,1.2219017823199207,1.2964335115355223,0.8678190147176951,0.05654103798841338,0.7470380355437181,0.055276220948775774,9545.017614285714,9858.11544042553,0.07479360427254225
4579,material_r_cable,3,True,1.1544032142127971,1.2033718880599515,68.23866677230022,481.3448998358921,6139.766576191721,2.272176601226099,0.4401066358400072,13950.633951412909,0.4074252532416994,0.02766229,6402.71008662,4005.65570332,474.9717859,752.94081508,224.036709,0.9513936318242124,0.9439034034338912,/home/chaoyu/phd_simulation/sensitivity_analysis/data/04579_verts.csv,/home/chaoyu/phd_simulation/sensitivity_analysis/data/04579_stress.csv,1.2306240963404518,1.293496251368469,1.222778906075326,1.295449197054375,0.8349218996027542,0.05631597269763647,0.6935174684151153,0.05533767984884773,3858.339918367347,3838.6406765957454,0.09251556466450928
4580,material_r_cable,3,True,1.0479492508959671,0.9645104091290732,71.6694461085415,1873.318805170698,10901.498818717244,2.713390683823641,0.3685425788338101,29580.0253344218,0.4271886787753073,0.20665546,3353.57869597,2245.66327581,204.82618911,134.0265561,97.87926878,0.9709827214679548,0.979399686228262,/home/chaoyu/phd_simulation/sensitivity_analysis/data/04580_verts.csv,/home/chaoyu/phd_simulation/sensitivity_analysis/data/04580_stress.csv,1.3633274040615937,1.404069685195307,1.37930397308388,1.4083157187804276,1.3233493169620758,0.05417529710310526,1.3678958195783746,0.05641462275348173,2244.297204545455,2282.3514260869565,-0.016552376448903703
4581,material_r_cable,3,True,1.31879567615175,0.910743784083904,13.825779678388631,1092.9679596124856,10618.735828977648,4.21978309417152,0.236979005243475,44808.76193259328,0.4201768166680716,0.07479119,8828.17910658,4169.68023451,864.00119127,167.39996333,235.43555074,0.9462335443937052,0.9813024555258996,/home/chaoyu/phd_simulation/sensitivity_analysis/data/04581_verts.csv,/home/chaoyu/phd_simulation/sensitivity_analysis/data/04581_stress.csv,1.2397522138299804,1.3101968548624492,1.2878828991729454,1.3124219672748536,1.7326551355340278,0.05469099503664446,1.072777924082748,0.06199098864623209,5519.5609347826085,4248.191335416667,0.23521402843289355
4582,material_r_cable,3,True,1.3608573261183845,1.2654753144713844,16.231358494327218,526.2101321921898,1135.596628521763,1.864817974662685,0.5362453674229967,2117.6810048337275,0.1844567963007309,0.1511289,1115.08583171,846.12455658,100.98242694,69.09340568,43.26853275,0.9472458219638256,0.9524697145597506,/home/chaoyu/phd_simulation/sensitivity_analysis/data/04582_verts.csv,/home/chaoyu/phd_simulation/sensitivity_analysis/data/04582_stress.csv,1.2915408687337353,1.3634695860216297,1.3002744060794096,1.365160892995344,1.1401477813236922,0.05511973888796211,1.0690008049951205,0.05538305816915571,772.7123088888889,877.6357355555557,0.03220560933256489
4583,material_r_cable,3,True,1.1560781628146024,1.342023027610511,62.10414831938689,1223.9432674227212,4937.816639211516,4.39720647705939,0.2274171124820013,21712.59930847251,0.1369683023725511,0.04102106,13391.32012401,8677.49242364,768.96009424,1182.52851376,432.50160374,0.9445046633293124,0.940909091462187,/home/chaoyu/phd_simulation/sensitivity_analysis/data/04583_verts.csv,/home/chaoyu/phd_simulation/sensitivity_analysis/data/04583_stress.csv,1.2255155226235923,1.297521939493381,1.22252002550115,1.2992966446963916,0.9264984184579471,0.055996325210684504,0.780770024955428,0.05645424328093152,8897.775114,8411.727334042553,0.08535763316234059
4585,material_r_cable,3,True,1.0756552797528385,0.9284875452508444,44.93371132365296,1698.729234777784,6692.510237486517,1.8785633023982429,0.5323216943093497,12572.30413306672,0.4003658210470079,0.25025448,2614.72037968,1641.87737415,230.61271392,212.19271035,64.79765035,0.949042121150644,0.9491558626088226,/home/chaoyu/phd_simulation/sensitivity_analysis/data/04585_verts.csv,/home/chaoyu/phd_simulation/sensitivity_analysis/data/04585_stress.csv,1.3965577018407147,1.471544487559194,1.3980961091127986,1.4729889622870072,1.4291478338019197,0.05458693596120761,1.3903821240312682,0.05518094466987479,1551.966688095238,1720.0559533333335,0.01374899729756481
4586,material_r_cable,3,True,1.1790713717652892,1.230181195312051,21.9613206279074,1820.9730147462976,2720.045301916376,3.703145981285111,0.2700406640877192,10072.724828705072,0.350667731725986,0.1580363,4370.67384368,3655.77504134,148.42908417,189.55087469,167.98323357,0.971311784215168,0.9552471254489155,/home/chaoyu/phd_simulation/sensitivity_analysis/data/04586_verts.csv,/home/chaoyu/phd_simulation/sensitivity_analysis/data/04586_stress.csv,1.3225958983309185,1.3616594792984955,1.3022460563239977,1.3632556661314326,1.4092160559460125,0.055158666110850275,1.0237822093383928,0.05493408243753447,3425.4657977272727,3783.061067391304,0.15841928541719053
4587,material_r_cable,3,True,0.8959760320817453,1.3914348216221453,17.281011759844226,678.2706807915238,5366.171782265537,2.3460090297111944,0.4262558188546721,12589.087456176365,0.1727936160760778,0.03363315,6915.4173776,5918.95368697,213.42348413,302.12523061,365.16091103,0.9775941356717944,0.9519155466973376,/home/chaoyu/phd_simulation/sensitivity_analysis/data/04587_verts.csv,/home/chaoyu/phd_simulation/sensitivity_analysis/data/04587_stress.csv,1.264696311950203,1.29368238392829,1.2336954073403463,1.2960135083628388,0.9261054556694707,0.05705203285689236,0.7090843917787203,0.05529795213496625,5686.817126086958,6087.155904255318,0.13271918501048938
4588,material_r_cable,3,True,1.1870886080829202,1.328209888337567,8.418549836960915,1419.251931401925,10044.758758139724,4.198399527699562,0.2381860024045715,42171.91042602985,0.4408039822867774,0.01972074,26257.97301863,19988.78935087,1887.20815653,1619.15642473,1061.43688205,0.9541888759791431,0.9433461229070088,/home/chaoyu/phd_simulation/sensitivity_analysis/data/04588_verts.csv,/home/chaoyu/phd_simulation/sensitivity_analysis/data/04588_stress.csv,1.232421750576784,1.291590985392836,1.2203661740913054,1.2936568502880297,,0.056885793151136406,,0.055258244275724525,17695.48212826087,19783.53183191489,
4589,material_r_cable,3,True,1.232267638492085,0.9097968099392314,80.62804330554741,1607.6708635968205,17338.02209446029,1.0368402811760038,0.9644687018388032,17976.759703455977,0.484685882169889,0.07780638,7601.54413581,4954.92735585,706.66333717,748.71266959,291.38462785,0.952509693039394,0.9386032746008108,/home/chaoyu/phd_simulation/sensitivity_analysis/data/04589_verts.csv,/home/chaoyu/phd_simulation/sensitivity_analysis/data/04589_stress.csv,1.25184069232164,1.3142550689716352,1.2351256159081505,1.315918715959574,1.1262048921290924,0.05766179245487419,1.0436080952544642,0.05434236114683672,4235.702815555556,5275.937619148937,0.03806632062527497
4590,material_r_cable,3,True,1.3412320262517687,0.8130302439549669,0.5807710716576788,713.624208831222,2067.4967743903258,2.7336097069291365,0.3658166699749443,5651.729251518073,0.4999925375281447,0.18675711,1293.19037842,1021.33558195,23.40829056,106.11197839,68.73461218,0.9818921102625328,0.9538822255248364,/home/chaoyu/phd_simulation/sensitivity_analysis/data/04590_verts.csv,/home/chaoyu/phd_simulation/sensitivity_analysis/data/04590_stress.csv,1.3589352511516404,1.3839965073029217,1.3300333800552409,1.394337104167595,1.3036333928332644,0.05365281821499457,1.740360929940191,0.055244855459005766,1064.687915909091,958.7546466666669,-0.14347186321589908
4591,material_r_cable,3,True,1.1283329104251525,1.2659308095994453,23.08869436106757,238.53304015513973,15458.055284209264,2.3890721279618785,0.418572544669508,36930.40903199818,0.3342516640125255,0.00591367,15121.81228335,12072.72926857,591.00321292,207.75896901,663.99608501,0.9754045521075072,0.9862504051049747,/home/chaoyu/phd_simulation/sensitivity_analysis/data/04591_verts.csv,/home/chaoyu/phd_simulation/sensitivity_analysis/data/04591_stress.csv,1.2585784749935085,1.290314333959342,1.2745501137404636,1.292318976137508,,0.05396353871855556,,0.05553382576820957,11246.956862222223,11981.248504166666,
4592,material_r_cable,3,True,1.2469772047486756,1.277487073024798,41.36982093016528,798.5814626473566,10423.98902954089,4.939978459038903,0.2024300324974605,51494.28126318984,0.2326162512336087,0.01521289,24621.6354865,16999.57571837,1466.66974308,443.53727753,815.37569055,0.9547185244989655,0.977427213724591,/home/chaoyu/phd_simulation/sensitivity_analysis/data/04592_verts.csv,/home/chaoyu/phd_simulation/sensitivity_analysis/data/04592_stress.csv,1.232510248974627,1.2909671461768752,1.2637912083524565,1.2929773088030208,,0.05481101534360099,,0.05647321874605632,15853.333036170212,16756.439060416666,
4593,material_r_cable,3,True,0.8641474503717561,1.2881695414511196,46.10025398495216,277.63250609629074,6255.99042047474,4.368584086202465,0.228907119622203,27329.82019432101,0.1800891635762026,0.00911169,13147.56888272,9074.80247466,1131.9039471,103.7822089,531.10017228,0.9414235940049388,0.986694735498472,/home/chaoyu/phd_simulation/sensitivity_analysis/data/04593_verts.csv,/home/chaoyu/phd_simulation/sensitivity_analysis/data/04593_stress.csv,1.214922797986563,1.2905166236785324,1.2753255643792103,1.2925229237540463,,0.057632934199600326,,0.05813278869294438,8814.491148076922,8989.660089361701,
4594,material_r_cable,3,True,0.8405778824714674,1.1989195495949532,70.01695926307066,1867.572794273384,3780.329775193784,1.1847137049980108,0.8440857869553211,4478.608494084125,0.4945368766468822,0.26964079,2543.06413509,1916.33321674,114.99878933,168.06001208,109.09767821,0.95359728315989,0.9476446167135298,/home/chaoyu/phd_simulation/sensitivity_analysis/data/04594_verts.csv,/home/chaoyu/phd_simulation/sensitivity_analysis/data/04594_stress.csv,1.418072353151829,1.4870767547206407,1.425632240224537,1.5043954401056885,1.2515624970146042,0.05629710298681476,1.7290487406947894,0.05649162969997311,2012.5292488372093,1829.7819697674415,-0.16019742448771496
4595,material_r_cable,3,True,1.3700763054155498,1.043415214120884,50.89129309143264,1572.1016146160157,10860.006876426543,4.501144472962759,0.2221657194090854,48882.45992816489,0.4503971154515211,0.03974847,15323.4744974,8109.65122055,2162.80447218,837.61061212,482.61969793,0.937929294462925,0.9586906821972252,/home/chaoyu/phd_simulation/sensitivity_analysis/data/04595_verts.csv,/home/chaoyu/phd_simulation/sensitivity_analysis/data/04595_stress.csv,1.2166082141764871,1.2971214582578303,1.245424589807417,1.2990890731857596,1.0009617028017688,0.058155476525162834,0.7019185002759226,0.05725377780461473,7176.963095833334,7931.374268085105,0.17561024080576662
4596,material_r_cable,3,True,1.1927036230072754,1.3129428489448849,4.481457210834906,1084.6857237629238,5836.9497121056165,1.1615673241990372,0.860905759973537,6780.010058574861,0.2364600337859093,0.08886108,3699.0687331,2779.09899918,391.82294834,293.78287726,160.61239299,0.9502843838263204,0.9506618392526468,/home/chaoyu/phd_simulation/sensitivity_analysis/data/04596_verts.csv,/home/chaoyu/phd_simulation/sensitivity_analysis/data/04596_stress.csv,1.2527373075727208,1.3182762222489373,1.2552355674662838,1.3203807238681995,1.0182651940445324,0.0559272486394155,0.8459107659133053,0.05516885861547669,2468.2806644444445,2843.2924489361703,0.09245609418497454
4597,material_r_cable,3,True,0.8970839810765842,1.2165067599940815,20.545516921284072,1329.981894799138,10571.58331767693,3.1880505440508773,0.3136713129803005,33702.74194739912,0.3547440334759126,0.04154158,15822.84414626,8464.33540348,2296.35050523,257.86441871,473.06877723,0.9343727472390212,0.969143692253195,/home/chaoyu/phd_simulation/sensitivity_analysis/data/04597_verts.csv,/home/chaoyu/phd_simulation/sensitivity_analysis/data/04597_stress.csv,1.2126519858798428,1.2978246523810857,1.2600187311921778,1.300136131787349,1.1384282118566431,0.058735124912165745,0.7002374195577827,0.05788396288597416,7061.518317021276,8415.806070212766,0.23831999946709964
4598,material_r_cable,3,True,1.3209533744801738,1.0679049099146602,42.67896843889934,1267.0905325228634,6799.664327467928,3.0832214676697194,0.3243360914828457,20964.8710273971,0.2554478203637188,0.09641865,3780.99567385,3208.20848828,147.01375912,137.24217139,193.6856154,0.9817206621300664,0.9809839302176516,/home/chaoyu/phd_simulation/sensitivity_analysis/data/04598_verts.csv,/home/chaoyu/phd_simulation/sensitivity_analysis/data/04598_stress.csv,1.2914759215172722,1.315522807389142,1.292343024613057,1.31739469404593,1.1400962246755453,0.05374607967887521,0.9685531830341725,0.05524532941276059,3094.214333333333,3205.8473479166664,0.0813520924882871
4599,material_r_cable,3,True,1.202738280820005,1.047475711881236,81.54294270268387,906.3412127996504,10084.301202691844,3.581131493706257,0.279241352002146,36113.20862897964,0.3457797069868076,0.05190438,6679.58067868,3699.8300161,1333.40060957,0.0,214.4101442,0.9324519451045316,0.9883815900907972,,,,,,,1.2144589491052733,0.05740880790466806,0.8865315069043664,0.06105578107274705,3784.074563265306,3804.167579166666,0.1560823093045989
10601,material_r_cable,3,True,0.8918068968662582,1.331678632782372,21.55932685652073,1721.4651344220686,17725.37206824558,2.233963643534163,0.4476348587383389,39597.83676857658,0.2264033226106798,0.03178697,21090.20974039,15427.88035097,1250.89678599,951.71086177,922.30149662,0.9602288032481154,0.9501494044338772,,,,,,,0.8925810130514482,0.05694125628866396,0.684030070278711,0.055360166569279744,14329.697072340427,15800.320087234044,0.1322779885145996
10604,material_r_cable,3,True,1.2630180856130158,1.2768300375926709,34.062692644646944,1713.2968778308098,5196.096400686597,1.66014106241144,0.6023584517254508,8626.252999028107,0.176540340670426,0.14832435,3687.07932907,3247.41748517,98.43866535,62.22915484,168.55131097,0.9829293993624026,0.9865356668721026,,,,,,,1.3764901582539126,0.053768140809349406,1.2219375908184846,0.05546255543218766,3180.429468888889,3317.0757521739138,0.05947926298531916
10606,material_r_cable,3,True,1.1062881174601031,1.2934588991181526,45.01477414095088,481.959803561756,14544.155422235455,2.9731514445451346,0.3363434452135656,43241.976703308304,0.1895756628193734,0.00878402,22051.66404808,14500.00239744,1918.71199809,2046.73547305,755.97377908,0.9455837284594452,0.9412545066177326,,,,,,,,0.057255328640134856,,0.056138401204332174,14058.859904081633,14581.474127659572,
10607,material_r_cable,3,True,1.363249732034671,1.0586454668123149,19.95896342101066,1745.6034619334848,9100.819887316382,1.5796762544302445,0.6330411039575187,14376.34907184022,0.369779815229552,0.09645904,5077.54945064,4564.42065897,103.070422,115.04555079,288.779886,0.9872192821884216,0.986193846468356,,,,,,,1.1721118488629374,0.053305030539576755,1.014971352865496,0.05519073567860203,4528.865935555556,4525.026385416667,0.07184934522530034
10608,material_r_cable,3,True,1.3710993756227974,1.1341723494603069,26.362152532908656,1162.6213081765711,4848.730182578561,3.426152976075473,0.2918725483021081,16612.491345228507,0.3838780754688909,0.05804159,7114.24093054,4296.52863817,867.03736859,684.35027536,239.62616727,0.9408672531040506,0.940981532332675,,,,,,,1.0232658349761778,0.05827715482712118,0.8268328476621901,0.056039358876974976,3683.3563170212765,4285.399112765957,0.10617432959514396
10609,material_r_cable,3,True,1.020391299758686,1.2017746084731693,74.18916668557547,801.4557269503332,12080.953920359449,1.020060166955199,0.9803343296748104,12323.299872979922,0.1665590729367584,0.07168441,4572.48717156,2784.92301386,440.50066353,423.43032175,147.13145762,0.9475368491660991,0.9520752208568896,,,,,,,1.1681065375172814,0.05500495651445585,0.9595378768223413,0.057157764343237986,3143.5081217391303,2763.378063829787,0.09802796900142528
10610,material_r_cable,3,True,1.2639051525378369,1.293670575969133,2.8388851794311605,892.1849883787941,6614.73192478734,2.541545087645264,0.393461443930746,16811.639429533563,0.1127911605601192,0.04178036,8496.59216579,5480.67373452,1141.52955671,291.85981491,284.99074253,0.9439672233821488,0.9661744815999233,,,,,,,0.95789008499991,0.057718803411493394,0.6818793946199637,0.05685453923447694,4578.328665217392,5628.377412500001,0.1683228611157772
10611,material_r_cable,3,True,0.8724623268470363,1.227253065528452,62.4445774404618,1888.990078195796,9569.798387166547,1.649191515677296,0.6063577155799982,15782.43030685734,0.3864910527722706,0.11852764,6210.99450294,4609.65885458,563.62748541,114.37507055,262.10836456,0.9372377751954154,0.9792911583547754,,,,,,,1.3279184944750833,0.05707574724296455,1.23654470697386,0.05977151392665491,4735.831715217391,4537.281206382979,0.03563076570940706
10612,material_r_cable,3,True,0.9088308180792988,0.9026788569436052,8.8298595563691,473.8351264032382,8260.36123992676,1.1423545718531192,0.8753849502066661,9436.261427588635,0.1849307894841942,0.2644929,1133.85783026,539.412917,100.26415737,74.02067107,9.44900388,0.9524024330138916,0.9598795463070038,,,,,,,2.5320723390931863,0.05543463781249319,1.8273809762202362,0.05664015709455326,516.4862024390243,553.6303454545454,0.16164672767513885
10613,material_r_cable,3,True,1.1584189531648346,1.171736893335102,78.84188184229676,513.8744980848649,19326.30306923568,4.281432298627207,0.2335666969020247,82744.25817368375,0.4235355142597535,0.00698448,26743.44709029,19864.38052533,3012.27542391,1251.97538144,1009.46148665,0.9382091288369784,0.9680878615936198,,,,,,,,0.0575993267609636,,0.05795157725123032,19401.510447058823,18972.5181,
10614,material_r_cable,3,True,1.145129404760485,1.0750806604571943,79.14721270762827,308.76311282156155,5919.091525282413,2.7394869227741734,0.3650318574937157,16215.273828214607,0.2553859021657074,0.03814772,3099.54459931,1689.35647502,635.97823927,70.95267696,95.33986068,0.9374845349115132,0.9857420760908592,,,,,,,1.1397057347259925,0.057480807643298354,0.7580064884709314,0.06073414206068302,1907.0212299999996,1691.4844354166664,0.20113652722963593
10615,material_r_cable,3,True,0.9725987908912332,1.3888056580687174,1.143457074453028,793.0619315135625,10804.618181274687,4.247607293887391,0.235426660425758,45893.77499445069,0.3081835764496907,0.01070084,28340.95580516,21988.2196449,1661.18479081,336.82615424,1325.69941791,0.9593517868922844,0.977608069281228,,,,,,,,0.05534188450810061,,0.055306984572232494,20154.292233333337,21972.263120833333,
10616,material_r_cable,3,True,1.1532585600641048,0.9186277275441403,0.1728079608271274,1873.407396640644,4810.719774571355,1.930601011535527,0.5179734155451612,9287.58046300142,0.1195377680889627,0.3085882,2517.30053965,1754.01613849,62.27782019,251.29719533,77.82172852,0.973173217156967,0.9372447562702994,,,,,,,1.5619290368275427,0.05390898535781236,1.8246697017884161,0.05424666451197708,1941.1600275,1645.2681069767443,-0.07758246111798021
10617,material_r_cable,3,True,0.9714604663878186,0.8152515668724509,84.6112246267737,619.8684308704898,2782.824293337894,2.6169681468723307,0.3821215788182787,7282.562534007771,0.1470828884095084,0.35028568,1526.09837793,638.60251145,113.44298191,34.2362919,25.87040992,0.9307965706118272,0.9656748164152118,,,,,,,2.3150879994215856,0.06814521906422918,2.3665545443659237,0.05620012736248407,494.73962564102567,730.1548690476191,-0.010993266671466337
10619,material_r_cable,3,True,1.398926034570438,1.0374472238100625,23.02145110153789,320.9103362504915,18429.67282556112,4.772258856190798,0.2095443751343775,87951.16935848295,0.1891295904337851,0.00808735,11734.72362468,8715.97101945,896.57897615,594.38293517,586.36179049,0.9732682859913436,0.9765906030957342,,,,,,,,0.05394491086608715,,0.056103708371414325,8629.576313333335,8756.529352083335,
10621,material_r_cable,3,True,1.3321700068157376,1.172225639568361,10.535207679394016,1365.3195548263757,4750.671018849181,4.147326389471406,0.2411191948959325,19702.583284170218,0.297755710139296,0.07330348,7748.82012149,4890.14229588,863.92818882,185.53259088,245.21231177,0.944417270448594,0.9716591151218468,,,,,,,1.0350970545854605,0.05640890818914107,0.8601524882733836,0.05704470950619835,3965.3642888888885,4936.067241666667,0.09230687693409803
10622,material_r_cable,3,True,0.9704381637794866,1.196904428132002,54.80871823368499,715.8016360486563,17149.821120548397,2.3882359991605666,0.4187190882104979,40957.82017925789,0.2325652235707609,0.0274515,11144.4227627,8866.69758411,448.10714586,360.17085677,452.34002304,0.9713939862338048,0.9766792568179432,,,,,,,0.8292988323302347,0.053852424808081355,0.6637785865669646,0.05587516818912262,8810.597271739129,8746.149033333333,0.11085844824143469
10623,material_r_cable,3,True,0.8034670175838581,1.3795798676807038,21.71026499745293,838.5105765620508,7607.337127500535,1.7013134207243974,0.5877811741320496,12942.464750991649,0.2415276055286948,0.04124279,6907.16492576,5970.49430039,191.31889482,165.21572819,393.40923695,0.979584534575744,0.9686582257453924,,,,,,,0.9570158526881353,0.05577502928606508,0.6557115230492293,0.05513045144364213,5791.676489130435,6057.539420833334,0.18682905379537249
10624,material_r_cable,3,True,1.2978973230846664,1.161600118802904,84.83086053850946,1906.6010389026244,16892.285219397454,4.372614274043565,0.2286961385860482,73863.44747155244,0.3614020822583461,0.03081348,25355.83229912,17504.56792772,702.01006068,1696.78871875,893.06273092,0.973663697606618,0.9586531918904893,,,,,,,0.8685416918939546,0.05464998445157697,0.6591778322942471,0.05446389003275612,17046.7991,16462.41926808511,0.13704338805970231
10625,material_r_cable,3,True,1.3375927085002512,1.2291538384561598,32.986365117430545,1421.8695545883,18925.418117832876,3.369873164725307,0.2967470735894935,63776.25864649112,0.4029700146909174,0.01600841,32327.92737367,22835.89176332,1529.4815644,2970.68512386,1215.75492579,0.9650043731024446,0.9423087879856606,,,,,,,,0.05561929714532244,,0.054695687683917915,20924.433345652174,22494.187159574467,
10627,material_r_cable,3,True,0.9311681688691024,1.0335030639774194,48.30412074250378,1484.5747325701936,4239.711507783332,1.380070273599132,0.7246007823877448,5851.099820527931,0.1151094924618586,0.34550627,2044.86254082,1430.68185607,155.82754533,27.21109437,51.419588,0.9457726419294716,0.9815183457587568,,,,,,,1.501539696631075,0.05770493291421394,1.8543904598418504,0.058258365752108576,1441.9342,1521.4358875000003,-0.10514246326914643
10628,material_r_cable,3,True,1.3930022975248848,0.86121045183001,20.781743862284365,1932.3578255292928,13493.262785167166,2.255069628304309,0.4434452876525796,30428.247093559283,0.4243044530957619,0.07465541,9983.86035967,6530.26637118,165.63547842,1391.38402285,432.77127512,0.9824268555850622,0.9387547126871452,,,,,,,1.044787396114063,0.055046178181756895,1.363455287172909,0.05666225172120417,6499.085091111112,6309.162693478261,-0.1323238281882378
10629,material_r_cable,3,True,1.1107875135164431,1.213436768221145,76.27329643384974,590.6728925875063,4718.378848422653,3.1826563769152765,0.3142029429420304,15016.978530634517,0.3121225523700464,0.04273543,5230.48937828,3895.09007642,394.82015,268.87715443,201.11546886,0.9487759341263774,0.9665850171020884,,,,,,,0.9113916197183494,0.055316124997854536,0.739341395928744,0.056903678503488216,3930.648985714285,3752.7195553191486,0.10422656005469244
10630,material_r_cable,3,True,1.193498163129029,0.982143044367251,63.74581774820162,1123.4963179993215,14467.189521718832,2.27711069643549,0.4391530027790766,32943.39200726539,0.2425394819998299,0.07775463,6174.50272362,3257.10251366,1235.62229587,288.72330528,173.86221225,0.9329260150006689,0.9669990120600988,,,,,,,1.6856429045703183,0.05888503610744239,0.90863604366888,0.05868767963125253,3463.3783234042558,3614.5336416666673,0.2995078310406104
10631,material_r_cable,3,True,1.0054488808324713,0.9812920360661256,83.37088062222892,1942.8953423366395,12694.319142544146,2.126759956847416,0.4701988095931341,26997.769631804505,0.4073520010151327,0.2041527,4771.63177937,2264.56834163,84.43820141,558.43458705,90.98319211,0.981195541027,0.939634001359527,,,,,,,1.5448688217509103,0.05518806951708092,1.709263688840201,0.05458104977945572,2411.7257186046513,2390.9072755555553,-0.05051879926654508
10633,material_r_cable,3,True,1.3754049224661125,1.2067321892797995,17.31710014381115,1317.8232665229218,5343.557749711721,4.433075550163766,0.2255770263069525,23688.395211135143,0.1986840624198765,0.05909691,8728.80163348,6047.21888762,591.55729361,620.81955858,297.69130213,0.9597954551217088,0.9486332560366424,,,,,,,0.9311392956421615,0.0555091437559399,0.7612926857371213,0.054994506015693695,5246.545404347826,6197.474078723404,0.10035653531353157
10637,material_r_cable,3,True,1.3646336325749004,0.9422367948890304,3.130352386078576,1989.5822048271823,7419.197579354285,4.386341025483059,0.2279804498077921,32543.130718486304,0.3996678701412869,0.11876343,6057.62860025,3482.46967412,156.00230331,895.19574929,229.48502963,0.9776212605718848,0.9351825355979616,,,,,,,1.1570428057035544,0.054840628121551944,1.2712300501990412,0.054258934528069645,3465.6312022222232,3465.7780565217386,-0.047024058362272914
10639,material_r_cable,3,True,1.2461708728301355,1.35629120879168,53.24530100144083,650.6801534931903,5762.49997983263,1.3913288941121036,0.7187373195740064,8017.532724261552,0.2229778784166431,0.0393763,5377.54729072,3577.48656913,462.65817581,696.75959789,210.26055272,0.9514458861163824,0.9411189276699756,,,,,,,0.8629009206484307,0.056479907009804806,0.7544471015640564,0.05526725574561824,3452.3817541666667,3573.1020531914887,0.0670565750814797
10640,material_r_cable,3,True,1.144274089341198,1.222815301228124,0.3780855889544853,1015.9525237618736,14302.05196979386,2.1234040219209733,0.4709419355320487,30369.03467438306,0.3096845597236029,0.02792636,12002.48906889,8402.78960993,531.22255551,2174.11643184,463.15350716,0.9733925458024252,0.9317597073025364,,,,,,,0.89010549924059,0.05823153129138677,0.7883683075088683,0.05460054790378565,7537.694875555557,8776.914144,0.06061291592553744
10641,material_r_cable,3,True,0.853812999976302,1.2538573924750231,80.98819383949875,923.1530714221624,6253.241670147812,2.0427820959028127,0.4895284729613059,12774.010125131354,0.1393193019796997,0.07948795,5390.21772154,4012.07853605,390.0435015,204.35117014,220.42369625,0.9319131586857116,0.9572528813907566,,,,,,,2.49864100135778,0.05503950436997182,1.4659834492500987,0.061985452894821415,4440.058584615385,3897.9014645833327,0.2604679371205886
10642,material_r_cable,3,True,1.124861507276827,1.1062861298598157,46.08150116700915,296.82933763419453,11539.0118063087,3.086350636184813,0.324007255778348,35613.436429344925,0.2039647690714824,0.01559365,9777.25243931,4322.6235666,1428.26126379,344.85780981,224.14572975,0.9403867166150924,0.9708052833744416,,,,,,,,0.058210030572896046,,0.05938763928010875,4573.383532,4370.23988125,
10643,material_r_cable,3,True,1.3459463487549406,1.1418945115600974,84.56024527244848,361.1699829562044,1190.465636052108,2.21904083426751,0.450645154680127,2641.691858191872,0.4792730071380711,0.08900804,1208.96145847,969.27863826,96.08345562,59.30580014,56.00559151,0.9554852999667868,0.9662648515272588,,,,,,,1.0038047153012637,0.05493549389388997,0.9038847577562145,0.05548778457690242,902.0104866666668,938.7069770833333,0.05237747492777546
10645,material_r_cable,3,True,1.2092446500509435,1.315527564774111,71.64878876723499,235.5176044123835,10843.476873891072,3.223529668739397,0.3102189533720231,34954.2694152774,0.3927647064070071,0.00380884,22333.64895453,15249.26663333,1929.10329229,2340.39413841,823.44138741,0.9409182638976624,0.9420602158088623,,,,,,,,0.05821343595812651,,0.05636076179335714,14983.347265384617,14430.91910638298,
10646,material_r_cable,3,True,1.2148954964017844,1.0799075125797333,48.99193298682405,1456.4881485327026,1804.6475336959445,4.0085100569006125,0.2494692506205664,7233.94778798108,0.4622032865978338,0.21540896,2796.67847607,2002.31579231,77.25972782,201.21279725,78.98829666,0.96848639129176,0.941802718371363,,,,,,,1.525217150156814,0.05508265360305529,1.2153855859262308,0.0548714801464567,2012.0353090909093,2005.9173999999998,0.11305234434429708
10647,material_r_cable,3,True,1.131093086587307,0.9847119616385024,67.94629279586314,500.9389643316517,8750.975357485804,1.8930505852081536,0.5282479019915061,16566.039021630633,0.1191973811914147,0.09547029,4376.27065223,1404.24012826,36.16952249,487.179784,65.63612444,0.9870958813387356,0.9337161673667446,,,,,,,1.4384554786747918,0.06048130633942447,1.9975684863439387,0.056597496937765765,1239.7586555555556,1932.0554000000002,-0.16272092784023962
10648,material_r_cable,3,True,1.295648706770221,0.8951405884203381,9.367310899558904,1089.6724181211134,8327.005045061385,2.732858166710221,0.3659172701244818,22756.52374163322,0.2376461222087839,0.12277812,4748.33992945,3371.83946557,39.08562293,575.37163184,180.05947483,0.9866469842342788,0.9328272552220028,,,,,,,1.201280000988751,0.05398573263369875,3.02180554889172,0.06952177949032008,3418.90442,3081.735553191489,-0.4310889576827296
10650,material_r_cable,3,True,1.327116419396322,0.8943053701883358,16.081392111143767,1257.3409831356214,1749.717268430425,3.327786900281626,0.3005000109578445,5822.686205079318,0.2236214656656467,0.30785632,1413.72543699,1116.46937521,67.57544856,46.26861964,61.50860487,0.9660808437481974,0.9741505254116638,,,,,,,1.3967060443757995,0.05302040761458239,1.9051806645768503,0.055431293249222184,1182.8714949999999,1113.3127000000002,-0.15399517458378748
10651,material_r_cable,3,True,0.9278297529951052,1.282306971272703,87.08594008941218,1087.4005306796955,14837.97604599972,3.357141765176554,0.2978724373134744,49813.18909471492,0.4539049864455283,0.01705623,26696.36776001,17683.10379926,381.3429698,2077.09659458,1066.05342207,0.9752790695927812,0.9513102649290912,,,,,,,,0.054350018431067404,,0.05420217800150659,17433.34433695652,16806.775868085108,
10653,material_r_cable,3,True,1.1169333489346498,1.0624681884419998,15.25256425803912,684.2274751313105,14193.607828839356,1.6120155427243068,0.6203414132781869,22880.316427422444,0.4790409294461948,0.03725053,6838.50663975,3475.24328117,1226.11665479,536.44654762,206.34999729,0.9403255395964972,0.9548907707525308,,,,,,,1.0765213962856353,0.058263050203510976,0.735164956705942,0.05769180360470233,3228.8858791666667,3576.262512765958,0.1884191703580605
10654,material_r_cable,3,True,0.8852723049753273,1.2952153266718691,57.72242895586941,1321.9954036047586,5524.602646774647,2.9529493469377863,0.33864448133423,16313.87177788396,0.4154118460709112,0.05685818,7980.21319369,5988.40981779,672.82788708,439.61645563,369.55606865,0.9404468236798192,0.9553873066379108,,,,,,,0.9895700951905697,0.05656478101330419,0.8026129887416514,0.0572732278051802,5930.312017307691,5884.277772340427,0.1043180845333706
10655,material_r_cable,3,True,1.1204769898472284,1.3991899720338927,51.83178675017368,656.7625571658571,8399.829075891907,4.857980065691595,0.2058468718433568,40806.202205899535,0.4181330994799171,0.0086457,28714.8938038,22634.42598162,1536.5430554,596.47696951,1263.44762277,0.9519962234942756,0.9744242530061792,,,,,,,,0.05477410132845181,,0.056430714595883724,21798.54050612245,22286.757922916662,
10657,material_r_cable,3,True,1.38337521403296,1.1546961020404227,60.15511705718049,629.5471657754231,14326.316950168512,3.09597573939247,0.3229999470849317,44353.92971256883,0.4360199871857616,0.01108371,19178.34969559,13686.76281336,1651.70117984,897.7655246,786.33861217,0.9521235946004326,0.9664015749265414,,,,,,,,0.05554611791291976,,0.055949269079747406,12517.159754347826,13162.652225,
10658,material_r_cable,3,True,1.3960478165475314,0.8483717956992108,44.174993515584354,1169.9385657367138,2467.116886763115,3.358941586648643,0.2977128283429727,8286.901510071759,0.2464526622599201,0.2129126,2297.2500287,1558.22582018,94.17179949,216.17916774,99.96378631,0.9585082586526408,0.9321985490166332,,,,,,,1.5359948638554821,0.05468915332778193,1.6713579585066214,0.05454628625378149,1552.3356975609756,1589.6589181818183,-0.04220399255964895
10659,material_r_cable,3,True,0.9815313784741933,1.2627661279673124,72.70276541542776,791.100681429192,9538.478007595246,4.263690892623214,0.2345385782374939,40669.12181047067,0.3388977662376184,0.01623747,20494.43962378,12807.66088825,1002.62766314,2469.44182827,706.49291898,0.9454899335141976,0.9378287295935672,,,,,,,,0.055745267957836526,,0.05652350147206194,13014.793399999997,12273.435010638299,
10661,material_r_cable,3,True,1.3198070692645445,0.8743876585263597,5.203028731846262,1919.043948142455,2654.500214680773,1.4050750193695185,0.7117057710190573,3729.771940558978,0.1271291690685443,0.35579064,2257.50918556,1816.424973,17.68355547,137.76184464,115.76504825,0.984111288252948,0.9467968662636818,,,,,,,1.8013284716514428,0.05288653992875856,2.394981261215773,0.06621888951612656,2006.8084000000003,1656.3876333333333,-0.1414702029534661
10663,material_r_cable,3,True,0.8598505626362938,0.9870955727771336,77.40495239425191,317.2773164897076,8034.535552202016,1.506211035323516,0.6639175895993963,12101.706112425796,0.4785462561825059,0.18802982,1348.05862929,716.04579411,117.15078898,96.32863217,30.23347704,0.9406380208645534,0.946718989822236,,,,,,,3.967621113729971,0.05630107371935938,3.2673214208625074,0.06542623613305669,773.8979395348838,676.5712208333333,0.09679409193910195
10664,material_r_cable,3,True,0.8881248996418697,1.3445098487603593,33.82320140159908,1141.8877171713002,10533.847765797263,4.575285490240497,0.2185655959902593,48195.36083925451,0.2673882506035417,0.01613008,29143.75691849,19745.25842267,2163.41124554,616.21642335,1217.82982745,0.9459429591895796,0.9658492379886194,,,,,,,,0.056822246603101124,,0.056484651582649543,18507.063572340427,19605.33693695652,
10666,material_r_cable,3,True,1.1906400028838444,0.9759798398057749,30.379820249367505,804.1820584115579,11880.329001699896,4.633395216494716,0.2158244555612344,55046.25956685974,0.4515025201995934,0.0613867,6797.88196404,2817.07738205,836.66709064,81.68630179,167.63641588,0.9538561889670816,0.9893690068521274,,,,,,,1.226189210542174,0.05466559984441722,0.8867042636630031,0.05986976097130547,3337.533731111112,2981.9890479166666,0.16067300648314858
10667,material_r_cable,3,True,1.1780410768781913,1.0887520577984566,59.046803581513295,1722.2571598981915,2223.6885905512386,3.522676698771241,0.2838750431877027,7833.335983258312,0.2135474597528382,0.2826959,2733.44466957,2046.79555696,114.0520061,29.78157111,67.66411419,0.9636676550709408,0.9851975156930436,,,,,,,1.469617264121534,0.05485579517279233,1.7602587491779833,0.05744293033351311,2160.140311904762,2101.0542046511628,-0.08998533809337815
10669,material_r_cable,3,True,1.026026394869883,1.2089325677994458,74.47932564889325,453.74696384378353,12641.092118559834,2.499894749258908,0.4000168408275785,31601.399812085896,0.1004287461921373,0.01908131,11139.54102194,7166.65153927,1413.21652495,276.38548301,351.96166444,0.936495494289259,0.9802907393759916,,,,,,,,0.05689309257665295,,0.06253096609525229,8330.332003773585,7005.54230625,
10670,material_r_cable,3,True,1.1920366367517026,1.211485109714132,31.36921875524149,1951.0550781751256,18994.84215744281,4.508717967045067,0.2217925377699732,85642.3861164475,0.4834995491833943,0.02157421,35626.78974741,27893.46733193,642.40462825,1725.11634181,1415.60177876,0.9840259978401614,0.955855221295706,,,,,,,0.8544488194022187,0.05460204402477772,0.6066769679380536,0.054587809793150484,26884.826586956522,27597.062872340422,0.16957598969982665
10671,material_r_cable,3,True,0.948310860304406,1.0216305911682904,85.18615660970158,1719.965052129859,2976.3319346402022,2.0977161094622594,0.4767089290534865,6243.4994464017245,0.1453929593954305,0.37469755,2239.76933193,1662.76703126,114.66352479,71.42771907,60.21800673,0.9521544296752716,0.9667646276631656,,,,,,,1.3313846164223413,0.05407163990459874,2.075733706085479,0.05627134352806066,1901.5320973684215,1548.296645,-0.21846881123730896
10672,material_r_cable,3,True,1.162751079761802,1.080553352876089,59.38855709452024,1428.440798269644,5589.166745919616,3.8711498148983727,0.2583211830633458,21636.50181390286,0.129588219081449,0.15381635,3872.22245327,2723.57822143,215.49672269,55.59263208,123.43398592,0.9659321814238524,0.9872061058818338,,,,,,,1.1225682983580754,0.05394603977830463,1.2969405762695911,0.05714778354879041,2792.006717777778,2720.0677,-0.07206928634983807
10673,material_r_cable,3,True,0.968226053335202,1.2884384286993615,25.306073901264256,343.2338324938846,14798.185827807993,2.8225724009682542,0.3542867490863867,41768.9509019704,0.3475766379499144,0.00573864,26083.77031021,14408.49178019,4337.68748326,616.47634261,833.78195385,0.9312377208905076,0.9639035602776972,,,,,,,,0.05821848689455225,,0.05842659787892156,12447.827075510202,14296.259634782606,
10677,material_r_cable,3,True,0.9285064944347546,1.2448781878866355,24.26261372840741,1369.129781491629,2269.117604781648,4.567382802875743,0.2189437678335991,10363.928725782296,0.2468108216984207,0.11936905,5444.15228838,3283.1937045,562.05640729,198.16164408,177.35977235,0.9300073343976464,0.936813845476433,,,,,,,1.4456322782182298,0.05863392697365609,1.0119863960003395,0.0564626154320786,2836.4553133333334,3357.176080434783,0.176449620426071
10678,material_r_cable,3,True,1.275492271886622,1.184058162594776,52.418852626658605,1477.4091146128596,17850.59346231942,1.6866721103878977,0.5928834619610932,30108.098146766704,0.2247841136505443,0.03497992,12958.34372849,8036.84864197,1673.88787172,2180.10668638,480.44012194,0.9445429824896792,0.9366259329971366,,,,,,,0.9247734841321079,0.058133414384045665,0.7910857293108599,0.05548795379701569,7640.441870212765,8360.481608510638,0.07791300928063677
10679,material_r_cable,3,True,1.3590954251935066,1.2174724181458385,14.91247593031314,220.99798415943488,1649.507129035021,2.5138232413097423,0.3978004433911526,4146.569357674344,0.1340386660814655,0.05294958,1361.38918147,1066.47727914,79.21772095,48.54932767,60.53708446,0.9720001568901636,0.9767486278043908,,,,,,,0.927395551500544,0.05413795656980144,0.7671268202477755,0.055501991236881924,974.9338533333333,1071.706108333333,0.09458047525652415
10680,material_r_cable,3,True,1.1364512121878727,1.241488850366417,80.33066810761815,1026.4116148939593,16664.54844253738,1.1012868294045126,0.908028656386202,18352.4477177399,0.4331896330884888,0.03425356,9046.94718632,6862.13879726,556.82236401,775.54586249,420.09661181,0.964747448117983,0.957447531923362,,,,,,,0.8494613476446217,0.054767033098143084,0.6731853042821626,0.054901180415476196,6447.15697173913,6613.358868085107,0.1157695011770434
10681,material_r_cable,3,True,1.201363393494433,1.0287661166940207,83.74763100808867,223.45083079742344,3776.4033487815714,4.172410803767408,0.239669593199468,15756.706131839645,0.3149933581948959,0.03757349,2754.8642123,1200.87752169,110.27671288,416.31029401,69.40818048,0.9715318637946738,0.9460267302800944,,,,,,,0.8986127817925551,0.057185754394185474,0.8721392545618586,0.05425120240144628,1070.3354934782608,1477.2138042553192,0.014950442911927774
10682,material_r_cable,3,True,0.9923487052393938,1.2011610150963334,58.78594958718965,1944.101325148688,2235.224192922362,4.306916506609923,0.2321846728315436,9626.923972471164,0.3346283764724783,0.20423821,4107.76528269,3256.45013488,165.42154835,100.62021973,157.65828221,0.9537912587950708,0.9695809234885238,,,,,,,1.1965022293314462,0.057031914268157784,1.5006602389072754,0.05763807095021312,3325.192388372093,3222.8255348837206,-0.11276962851053161
10683,material_r_cable,3,True,1.399571703636753,1.388036275954278,38.27742911224202,1499.006471130829,9463.61235083052,4.382389553905465,0.2281860130642259,41473.23590849042,0.252226613199744,0.01958129,33016.25218603,20701.41215862,3973.49709566,1312.47360694,1013.4052073,0.9340500855041944,0.9550687248387656,,,,,,,,0.05808253702790931,,0.05742407282477065,18753.130893999998,20400.448385106385,
10684,material_r_cable,3,True,1.1916059416416185,1.0826444605135803,28.686125574942054,1531.2478198488782,2809.980677404585,4.122636094436363,0.2425632476631963,11584.527765336885,0.3824923588852077,0.18982714,3169.25730277,2440.31100737,119.46683662,127.41337836,102.84632225,0.97124798317068,0.963568538482366,,,,,,,1.4377465998205148,0.05466894501398891,1.2188220244239965,0.055210925931461007,2287.6768659090903,2564.0905586956524,0.08240877852676486
10687,material_r_cable,3,True,1.3748780521856694,1.2440718622988085,55.24825501640102,673.5098464845881,12495.223564811362,3.1000944387543616,0.3225708183270077,38736.37308426415,0.2543116169599747,0.01254429,20818.65953609,12397.0568112,1029.3558692,2847.4384311,670.00520302,0.9611435319578882,0.9363469538366872,,,,,,,,0.056470499139022655,,0.054727736270938104,11880.905874999999,12261.853833333333,
10689,material_r_cable,3,True,1.1082759202008827,1.285611846133388,21.109213872904014,897.8654494459539,4421.894388192908,4.27994545589499,0.2336478374093876,18925.466793193795,0.4744276434336513,0.03469337,9221.32499615,7784.03355045,217.71195098,466.52265465,417.96742598,0.9810562795963982,0.952220371466904,,,,,,,0.9193601964332518,0.05528854444233652,0.6410695944044577,0.05481193058191153,7459.349921739133,7748.5920319148945,0.17834227702061184
10690,material_r_cable,3,True,1.207043765190735,1.1372491472854949,0.6393637814305199,1698.326195663585,10971.55472884423,2.19439129671712,0.4557072394043999,24075.884208431336,0.3249029574800484,0.0729048,8365.16735058,5160.04681741,1300.18489184,289.79921595,288.80289926,0.9395729947280604,0.96922413669367,,,,,,,1.1540143522981363,0.05731662254953914,0.8562418900494471,0.0575918890204155,4427.443944444444,5266.8148270833335,0.1481266198685943
10692,material_r_cable,3,True,0.8702959090400929,1.10109245513599,72.82579430018924,661.0190623515851,19123.381966109457,3.814312834799279,0.262170420547748,72942.56127810037,0.1242069375276773,0.00768665,13378.77631226,8445.33860163,349.39326343,825.42455487,379.17774148,0.9722393951261672,0.9657478530261884,,,,,,,,0.08029974108851255,,0.17210595804274448,8977.101474468089,8253.001436170214,
10693,material_r_cable,3,True,0.8502806458718927,1.0211790816739692,47.5077550314986,1073.0085106798458,12880.524861203983,4.779876831669505,0.2092104117358024,61567.32236381199,0.4258773503136449,0.14120968,6051.45366875,3413.41030529,394.91709644,96.58161927,152.19374898,0.9404816723958525,0.9692873476747924,,,,,,,3.409313411731789,0.05965052212651009,3.233519150687988,0.06421144132628831,3348.575006818181,3366.7947456521747,0.02646375012345105
10695,material_r_cable,3,True,1.2509118438194506,0.8762985906997357,9.95112074144014,1885.8379665500584,2348.4406491310847,2.423407473468724,0.4126421210415178,5691.228620102012,0.2119157067352103,0.36589962,2097.47059455,1512.8464168,189.23441179,23.55080962,75.58061454,0.9334972811557924,0.9817681199062712,,,,,,,1.3188117062442426,0.05361718268102592,2.152603183736414,0.056390368867079745,1606.13171,1538.552807317073,-0.24018779198611365
10696,material_r_cable,3,True,1.1711158184437336,1.288989898505381,63.10370178796542,798.6792040460255,14423.08932231661,2.1171085086978345,0.4723423461252196,30535.245125985377,0.3426343854585916,0.01781952,15688.8271181,11376.65484625,1074.69391156,1078.29497836,641.32354899,0.9546633777852498,0.9569079280597284,,,,,,,,0.055116690486916704,,0.05563510174396752,11099.2827122449,11035.009934042555,
10697,material_r_cable,3,True,0.8660614116656239,1.3006433437109108,66.47997735173573,1819.3236252769,16757.557242549155,3.3746661000805687,0.2963256127698457,56551.16034659024,0.116488535678244,0.02821048,27468.42099459,20021.22035721,900.35096491,1583.01149226,1157.17924316,0.9563913599746297,0.9549433123619616,,,,,,,0.8645180320316616,0.05345479609149945,0.6951593368804295,0.05676379703498641,20715.615316,19582.545908510634,0.10858572325721659
10698,material_r_cable,3,True,1.2292905127830414,1.3636887242300784,69.144862084037,1810.440243067391,14287.68240122664,1.8238514951253528,0.5482902542628726,26058.6109093534,0.3835578952045718,0.03670921,15294.08682378,13441.83576911,622.51427225,283.14437802,782.12884683,0.9700578823341718,0.9854347834992206,,,,,,,0.8783639104473207,0.05379861905852675,0.7225430177289475,0.055886036702349505,13064.106404347824,13260.524618750002,0.09733288673807058
10700,material_r_cable,3,True,1.3973551550811072,1.2124338706429547,70.65521458567545,1265.6446438850398,10689.10268984205,3.011743769784199,0.332033558110972,32192.83843071532,0.2559797077025545,0.03177609,14451.25784265,9440.53289032,635.09607524,1596.91644971,527.39418644,0.9668980553923924,0.9452938894745884,,,,,,,0.8582419762924492,0.05551632467571981,0.6874290564355519,0.05436775471703634,9117.752489130435,9111.43184042553,0.11051052665160228
10701,material_r_cable,3,True,1.0578922956402692,1.3726940870141835,23.76527363886154,373.9632136371234,13644.824867519268,3.6065264478888586,0.2772751051320771,49210.42176151983,0.3832851569133838,0.003975,35540.06129637,23960.80978152,3022.23249803,2368.6342998,1389.73765071,0.9454417226330464,0.9392944857292428,,,,,,,,0.058554675619127965,,0.05600716816759106,21467.22769565218,23906.314580851067,
10702,material_r_cable,3,True,1.342990425957486,1.3148020872613162,25.11703863542937,1743.856742450232,2442.506763498614,1.89087639034432,0.5288552996411915,4618.478372355847,0.4595705528683513,0.14138866,4093.72018067,2983.01202053,448.96633264,209.87028027,154.61182014,0.9344009012652978,0.948952811960653,,,,,,,1.1072705721271852,0.05771583529400627,1.0573700766235086,0.05596516518214158,2632.890652272727,3001.7265260869563,0.023052554026681656
10703,material_r_cable,3,True,1.3788839678089664,1.0977084293055,19.27735023343933,1260.054253371216,6640.335558155934,3.305070361310408,0.30256541939504,21946.776242416785,0.1870864351182106,0.07172482,5958.58903691,3663.75795579,126.91875221,1010.27600779,223.37849535,0.9833048559171796,0.9354540667387689,,,,,,,1.1031740090489766,0.056014115114435194,1.0128749760425557,0.05417181508132884,3477.6807444444444,3884.456193617021,0.042673413348469746
10704,material_r_cable,3,True,1.1019354338649086,0.9565800987152442,82.73943258144074,735.0443414919429,10434.599887177848,2.1182971831146293,0.4720772930121421,22103.58354793706,0.3953915406913499,0.10951002,3793.96299639,1512.20456136,497.38074385,388.9905077,70.52158604,0.935167428572583,0.9409036655049414,,,,,,,2.087145548933037,0.05734086474074242,1.511604240253088,0.05537563622670637,1461.6333499999998,2009.9145659574474,0.15992812570893133
10705,material_r_cable,3,True,1.16158085104358,1.2924672675037072,38.45361961342845,633.1370815643609,16189.178207050796,2.494306771897857,0.4009129956533471,40380.77683330802,0.3318748689466542,0.01244818,18278.1666059,14825.76103587,464.69119251,775.11721467,813.29299471,0.9808092289580256,0.966132203196268,,,,,,,,0.054394422245192385,,0.054768596776339815,14306.113486956525,14675.14827916667,
10706,material_r_cable,3,True,1.3740440903860405,1.2486428621843806,60.2912713212969,1832.8233884766407,15475.856169056357,4.5269387275071145,0.2208998310323228,70058.25263303111,0.2507319916625563,0.01963126,36571.53696978,22196.25965169,4592.39247291,3895.84424082,1090.83297002,0.932582014264171,0.9373892359427428,,,,,,,,0.05845738974856319,,0.057160545866219624,21902.698938461537,21351.127727659576,
10707,material_r_cable,3,True,1.0094675709439878,0.9120317888656482,62.60159221378583,1491.8845783947638,5357.088718361908,3.760182307560468,0.2659445522067732,20143.630218816223,0.2681524983605159,0.29223665,2350.38461812,1472.34597604,99.37338878,133.5587206,38.7436832,0.9726932235015184,0.9646013287409816,,,,,,,1.543460994599381,0.05470988800351619,1.513146483983304,0.05643342374747353,1518.1807292682927,1501.7496511111115,0.009917698241755736
10709,material_r_cable,3,True,1.0707608047419443,1.186090125442353,21.07723283348844,602.1124175083029,18708.479882485088,3.1279459632903293,0.319698617474864,58519.11412771756,0.2919088820306966,0.01339942,18093.89040113,12559.38922909,1027.85581026,1484.97276164,643.31432614,0.9673891667203736,0.9450670135464267,,,,,,,,0.056547419286546316,,0.05487878226807718,11196.45052173913,13001.355099999999,
10710,material_r_cable,3,True,1.2890461253628742,1.0554548993881436,82.09159483524051,1448.0900419254183,19032.702012209866,4.169102786039463,0.2398597615171713,79349.29098496304,0.1225288258156399,0.03246901,19670.44354913,7501.79411747,2957.32540144,2879.20518234,439.76008004,0.9339513098306974,0.937715709065693,,,,,,,1.096136967023864,0.06011154371654239,0.878506399112352,0.05632751091157744,8176.395332000001,9969.832906382977,0.11021259415433067
10711,material_r_cable,3,True,1.269519761450954,1.2393009558176802,16.34770791200859,1339.1323233294152,2589.256498849909,4.775388191279665,0.2094070596870218,12364.704908801985,0.4491045830811859,0.08669111,5846.95923813,4806.37447632,206.69186326,276.50484365,230.28090286,0.971861903829382,0.953658629161986,,,,,,,1.1193743368072486,0.055092851607886684,0.8018487171366258,0.05471701374451578,4446.967606666667,4809.81129787234,0.16527264703533945
10712,material_r_cable,3,True,1.156059474155024,0.986475545001724,37.706855800438376,1183.2410170923208,9377.436646288015,1.998795278680168,0.500301361858486,18743.576094722877,0.1450979887724801,0.15018632,3771.85714064,1956.74329355,36.58104518,482.07923581,98.77860248,0.9860311290805862,0.9376556958121092,,,,,,,1.5217883750194305,0.055730327471652324,1.5615496710166823,0.05404496412569434,1919.9732227272725,2133.0566152173915,-0.012895535748462028
10713,material_r_cable,3,True,1.2271886818403597,1.0226048063019348,54.46757877274101,226.8284909664914,15116.062425049837,2.023002516309747,0.4943147583544021,30579.83232257103,0.4453561065568171,0.01050004,7089.59720116,4682.82787795,841.69538071,282.78329082,298.11040664,0.9558140133913824,0.978355065217174,,,,,,,,0.05506770278831005,,0.05679251858756494,4242.858763043479,4658.30830625,
10714,material_r_cable,3,True,1.329339207280547,1.3049199522110857,47.95910485193256,406.00090375799,10074.443108842486,1.827173130715657,0.5472935121415263,18407.751755400503,0.134364483065503,0.01248018,10385.19493973,6609.636438,1457.92378244,1405.39502605,379.7067239,0.9426445928140176,0.941406585188076,,,,,,,,0.05905701590958535,,0.05616467922152753,6465.6648159999995,6781.1249595744675,
10716,material_r_cable,3,True,1.0193988414671822,1.2549595380511611,71.38808522556334,1708.5181364452353,6867.112664561014,4.673851637600183,0.2139562993303433,32095.86577284345,0.4811464848703151,0.04778544,13132.34514433,11285.29512841,320.07669292,328.43809712,617.65381028,0.9709454978956816,0.9785491278447074,,,,,,,0.9069959229813849,0.05371515800192748,0.7813626260169204,0.05571832618745237,11090.515273913044,11059.077460416665,0.07441150284043757
10717,material_r_cable,3,True,1.2787931412642604,1.3160254790789363,43.15758757560094,1399.1595554483945,17101.251694160946,1.217554715380299,0.8213183254665097,20821.709639130982,0.3342292765841604,0.03329926,12455.43675942,10084.16355971,456.81902833,878.65147241,612.65167253,0.9767690186279356,0.959967780611286,,,,,,,0.8918124731706751,0.054686451428086084,0.658440875702564,0.05453230886195726,9607.024924444444,9893.131921276594,0.15053771542421185
10720,material_r_cable,3,True,1.1700169388141326,1.0311022088283777,14.059265666497367,1841.8367800098183,17034.634617594835,1.8381889807884,0.5440137061267224,31312.877645819444,0.2912833986598901,0.11343453,5075.69723717,3953.60888529,190.94650046,255.54964082,229.80251903,0.9831270071883864,0.9766215078726508,,,,,,,1.171753564489122,0.053753470926419376,1.0276690890826043,0.05522199537783158,3886.3420066666667,3933.6572851063825,0.06551013520413337
10721,material_r_cable,3,True,1.1151295956977665,1.3978999006360189,86.38448708480895,452.18023645701385,19370.6922719074,2.409053388610272,0.4151008046263671,46665.03185736532,0.1863287630892188,0.00578993,30947.84460011,21760.44123131,1132.11206983,2649.04998681,1214.9036566,0.9591369218754184,0.9490723058738144,,,,,,,,0.05451877002668858,,0.05530203115816359,22209.857900000003,20636.384097872342,
10722,material_r_cable,3,True,1.1110863756958884,0.8219667737386236,66.42589761039464,263.06859826717266,9416.00310501682,1.354004626511562,0.7385499136560454,12749.311767440007,0.232881194542123,0.11427818,2800.08235479,1480.10979555,8.78322869,23.99367946,74.03110894,0.988551786678378,0.9858020657890284,,,,,,,,0.14323050486487543,,0.09149236946438344,1398.741122727273,1465.7652,
10725,material_r_cable,3,True,1.266824707607422,1.1213266691537636,61.46711178182735,1353.1999153405748,8482.28708545602,1.8684535203777024,0.5352019673456223,15848.75916567462,0.2915660779907597,0.08523322,5002.11620686,3627.16937688,498.06329593,190.08541151,214.84733744,0.954444965276037,0.9748111292077132,,,,,,,0.9722777395188276,0.05470083620801108,0.9096409084565762,0.056362007041532644,3403.5345266666664,3603.9671020833325,0.03328349561211746
10726,material_r_cable,3,True,1.364997986640914,1.3430944927787958,31.170168346092822,351.5143461621854,11741.588630520511,4.682867905445404,0.2135443536293571,54984.30855680716,0.1504215653802615,0.00457277,37631.78510899,21963.48850966,4561.69528889,721.66921754,1041.23037506,0.9347129223797384,0.9717108233344782,,,,,,,,0.05794116873570816,,0.058022350802283795,19445.93632653061,21686.927014583332,
10727,material_r_cable,3,True,1.3955399068096237,1.0058749645146867,86.3241146445503,774.5517506386212,7516.59116408945,1.22185068930663,0.8184306059257331,9184.15209507882,0.1430379013074896,0.06104676,4886.14273925,3466.13278681,209.70955602,281.80939493,206.02817231,0.9728633246749616,0.9552424161820954,,,,,,,1.042555593361202,0.056609709652194404,0.8015771995571505,0.05429850421299822,3206.98678,3695.0067187500003,0.1306730159180683
10729,material_r_cable,3,True,1.3225219620628006,1.266897240877039,29.16394572458396,876.0155205283124,4689.752256762222,3.6440913945913898,0.2744168276032301,17089.885841632764,0.1449940497621415,0.0538446,6498.48545121,5177.48803843,231.95097322,129.14294168,254.39761167,0.9765360406393404,0.9813400860806174,,,,,,,0.9663859352697113,0.054063600878847956,0.7800472105184638,0.055423424456344954,4852.125433333334,5172.468829166667,0.10669674084040118
10730,material_r_cable,3,True,0.9266411054214,1.2276584540040056,26.044438555835203,1479.4680550922478,11573.100757363478,4.479710304823701,0.2232287205990109,51844.13872152416,0.3186434731332328,0.0302715,24570.45803798,13691.59296837,2719.15981088,458.08479968,751.62995222,0.9378362025349392,0.965859359354698,,,,,,,0.9489310019313336,0.058923339924244915,0.6488444224377687,0.05730983830959205,11842.459625531914,13611.676297826087,0.18781524294132704
10731,material_r_cable,3,True,1.0507295473403362,1.3206293526140027,4.494535772480361,760.2375844745011,18251.613589225966,3.7915575974797218,0.2637438504599555,69202.04417049384,0.3005079237240953,0.00945235,29028.05610391,26659.47546283,476.33306354,444.88129084,1456.67443535,0.9877116609434666,0.9791415206024112,,,,,,,,0.05418057018658408,,0.05490795293862789,25888.19594666666,26645.255266666663,
10732,material_r_cable,3,True,1.199350878149538,1.362665327384117,37.1866165593113,606.8378512407182,15872.615678824097,3.9571603996445446,0.2527064609485696,62810.48620301982,0.3999374522874322,0.00544642,42981.25108166,31610.64969823,694.59136891,3839.61614914,1689.16289663,0.9821248984547994,0.936899319711208,,,,,,,,0.05595470891351497,,0.05504367103145772,30853.530202127662,31457.859152083332,
10733,material_r_cable,3,True,1.3846932965571184,1.2694389834638662,12.920697317518655,1952.275029410672,17820.745582340416,1.4985909551865262,0.6672934976279317,26706.00814437559,0.4668103382171785,0.0295262,19062.09541708,15693.64978982,1292.33921895,874.69344954,957.23467082,0.960507473596321,0.967285966578244,,,,,,,0.8435505322830453,0.054628370562133266,0.6645231179798214,0.05536530829941708,14365.534976086961,15356.2023125,0.11871264660848513
10735,material_r_cable,3,True,0.9604402817803628,1.3004447097366238,82.29547411508238,886.3636491119435,13551.830117995356,1.509498746894637,0.6624715668411217,20456.47058124299,0.3749965236052334,0.03126811,10459.67232108,7298.36853383,508.92953461,874.94350774,440.46714284,0.957428475677068,0.9545412622322011,,,,,,,0.839992856826858,0.05445519731128906,0.7021709462027003,0.05581471856691227,7390.184695918369,6976.652778723403,0.08936917748517283
10736,material_r_cable,3,True,1.3861707695894148,1.086682741156882,85.04753208409406,408.01120567367377,2831.492618575421,3.892691748566099,0.2568916483994288,11022.12795245436,0.3861295258122781,0.04105666,3649.08975445,2207.13595906,147.1655555,442.53852333,129.28148209,0.9693194402058553,0.9448292532272964,,,,,,,0.9144117157068239,0.056049392584253274,0.76085051584,0.054150182353445084,2064.2589511111114,2135.9063553191486,0.09166397771949762
10737,material_r_cable,3,True,1.1401292483943437,1.2202326665179053,18.211161940434227,1386.799314296843,19870.521404130785,2.2098395331166234,0.4525215451230799,43910.66374248824,0.1885945024324695,0.03513182,15038.60497787,10737.93139291,952.389581,925.7211073,569.31516903,0.966806150447445,0.9575132868354668,,,,,,,0.8743632356406007,0.05533142508055675,0.658768514382018,0.05488192170654827,9574.84435,11063.851925531913,0.1406237404289631
10738,material_r_cable,3,True,0.9856841506937528,0.827523272758163,12.670656451749672,716.742928310791,1687.414303708003,1.8279900860119072,0.5470489187289204,3084.576618172915,0.404215275908899,0.4013184,858.59418136,576.92416812,31.88435146,36.17181497,16.66405896,0.9711531214449431,0.967158336544116,,,,,,,1.5862392971562327,0.053378661067237924,1.855578327114063,0.05485262106288097,614.3419820512819,592.1455,-0.078254881391321
10739,material_r_cable,3,True,1.0513872748029431,1.081149844246049,40.027982316039015,1695.465103499393,1997.923765480652,3.843648389763685,0.2601694792539236,7679.316464060305,0.2661385020378389,0.28162636,2961.87873102,1990.69164463,188.32401245,180.05217848,72.25976235,0.9368619046069696,0.9318067453326054,,,,,,,1.4876316172232047,0.05828597108954795,1.3085336796136169,0.05548610736248015,1913.4218125,2103.0073116279073,0.06405126972006749
10740,material_r_cable,3,True,1.2749570646245731,1.334934339129738,60.69566179317963,1757.7040980400318,19192.28395576016,3.828576519393503,0.2611936825435092,73479.12770655601,0.4727767461560018,0.0121129,51942.86393276,38957.16805971,4537.43373701,2752.43065127,2058.12349712,0.9389896982231646,0.954426721898104,,,,,,,,0.057483582373120574,,0.05652702587046876,37058.77336078432,37717.28521702128,
10741,material_r_cable,3,True,1.137805632766189,1.1502734912725978,1.789470390518975,1281.0320890212245,6713.447327690766,2.0711671601861807,0.4828195518077393,13904.671636752788,0.47178701476354,0.08302015,5373.33124367,3633.91075244,112.69204281,765.71625579,199.95572453,0.9822488065776592,0.9329966964181808,,,,,,,1.199280843342253,0.056561629139843424,1.0570103472559014,0.05430956088863768,3412.133551111111,3620.8736617021273,0.06305502440429023
10742,material_r_cable,3,True,1.047807763807266,1.1450850840354516,0.0810545171359813,1319.5701223360716,4454.59201111577,4.019148925317196,0.2488088942663598,17903.66869420251,0.1937850935133241,0.13848766,4261.74364229,3457.56571689,125.61884048,64.00540247,157.35117629,0.9809133224352848,0.9815489830708496,,,,,,,1.397867827442699,0.05426390795845644,1.0240524734916616,0.05498541775799936,3159.8248355555556,3660.8807086956526,0.15434667846288003
10743,material_r_cable,3,True,1.0568441561305,1.0431575009454477,72.9851893112253,1177.5503208542095,12787.63040906184,1.5759736972290097,0.6345283565063757,20152.9691745673,0.3607538842363564,0.1182542,4218.14188976,2108.77239802,719.46158249,55.93515511,111.6815925,0.93361251556753,0.9850228432492696,,,,,,,1.6710773251432254,0.056864834503630356,1.214747480239524,0.060195284656851734,2239.7663044444444,2191.1758553191494,0.15812804854006998
10744,material_r_cable,3,True,0.8124694316450922,1.1075300750404566,41.8153031256148,1530.0948623403065,17378.823495912184,4.832068176146514,0.2069507224538958,83975.65995346456,0.2101109921614824,0.08903672,12297.76988453,10476.07720205,62.02289122,103.0437676,531.3449526,0.9853080621301544,0.9802872033697494,,,,,,,,0.10202380521051069,,0.0983696440911874,10393.313075555556,10383.951964583333,
10745,material_r_cable,3,True,1.1835287118658824,0.9373655192501036,88.69446385790818,733.9727644694443,8173.153846837422,2.0274198866959896,0.4932377385474217,16570.414646104018,0.3859822569377412,0.09987957,3219.0618533,1855.80226269,622.04291116,95.54674823,97.25259728,0.9320484031712954,0.973162621043646,,,,,,,1.9269156406168688,0.059261901639554374,0.8966762194421084,0.05782888386734392,1684.0367795454542,2008.1495531914893,0.36486839183381176
10746,material_r_cable,3,True,1.247186457865571,1.3665693741318634,27.420602226107597,1926.865700739373,17787.02033509626,3.5114975493776663,0.2847787833932071,62459.07831742123,0.1105812944678965,0.02519106,33789.28624484,25954.60807817,1416.23525806,329.85201481,1289.33687025,0.9682872646985988,0.9871668004945778,,,,,,,0.8472604013066005,0.053999055570777,0.6544934999901931,0.05584301237445205,24157.22206666666,25800.3028375,0.12836117898541793
10748,material_r_cable,3,True,0.8114174697949408,1.1816259235419588,13.591133389620827,1008.9800249913806,12809.190890777849,4.736409610917383,0.2111303882364837,60669.574843155584,0.232320840251879,0.02769807,18062.47928148,12206.63746816,1287.70299552,233.13504275,673.94079733,0.9377921590792552,0.9730250261686172,,,,,,,0.960484562588136,0.0569697300369396,0.6372020223165613,0.05545365182096804,10828.936204347829,12212.91504680851,0.20234415393233
10750,material_r_cable,3,True,1.2604826214717717,1.2341621555086617,44.02826827819439,1649.477690636137,7261.774936636485,3.020614982224636,0.3310584122387937,21935.026171147525,0.4340371137336295,0.05164917,12018.68338667,8121.87542761,572.66889215,1141.55296551,432.58241753,0.961620537885463,0.9414890820988596,,,,,,,0.918407051170467,0.05568911065229455,0.7665597271513197,0.05480818376509377,7559.541839130434,7938.6059340425545,0.09011888303838604
10753,material_r_cable,3,True,1.1251334958392931,1.1308058055449752,28.08924267466837,756.4216941007867,12661.597079870664,4.376955191982362,0.2284693253958332,55419.24307752862,0.1465080214533443,0.02898751,12559.36652225,7770.6345233,206.63669162,1244.69983271,366.44972525,0.988639047885826,0.9430463120273324,,,,,,,0.9081013092651093,0.05687335212987772,0.7243330810412502,0.054614964612111655,7451.102443478261,8500.236391489361,0.11257311737311006
10754,material_r_cable,3,True,1.3078795364971147,1.3238817903274611,80.51465350583715,292.77004732347706,11042.433871703744,3.4651335763162043,0.2885891634408805,38263.50837309199,0.3281841860176032,0.00454002,24087.87942113,16616.91316629,1866.33867202,2240.21314965,865.0409469,0.9437714887405556,0.9457289790825734,,,,,,,,0.05733267311922901,,0.056000467372064815,16515.382878431374,15609.924810638295,
10755,material_r_cable,3,True,1.396454229556672,1.3482170117236183,44.39551210520575,448.4813549702105,11275.802619740678,3.03552410845774,0.3294324025342927,34227.97069443377,0.4122828590820178,0.00713617,21652.65899566,18647.21240989,622.17084243,383.95527025,999.12990187,0.976445743266862,0.9826871092607118,,,,,,,,0.05390533089708917,,0.05532475172634033,17880.78412,18406.229881249998,
10756,material_r_cable,3,True,0.9731404275058002,1.0962553405025366,19.77344058173648,1146.4673084776798,16129.85576696633,1.2150678997443038,0.8229992745347299,19598.869969946325,0.2084272908115343,0.12239869,4754.0405256,2588.84512341,521.49505487,296.17404072,119.41407135,0.9460796871548828,0.9530630554782,,,,,,,1.587441399468214,0.056580821801691855,1.125933355590595,0.05549225698600215,2235.5920266666662,2932.0272914893612,0.17008636312296502
10757,material_r_cable,3,True,1.0490254385490474,1.2503207317290284,4.294793142289388,462.2298360584284,16852.60504396881,2.4394438823855014,0.409929495497192,41110.98427676876,0.4085759280301101,0.00871029,20152.61337101,13062.70177271,2546.44239133,1101.59120594,736.94439241,0.9442890897294332,0.9499957778267464,,,,,,,,0.058702999582283845,,0.05581276340109425,10683.317979545454,13081.925523404256,
10758,material_r_cable,3,True,1.3055343429791524,1.164255492784282,1.8260406613775388,1948.562691988115,17553.188287885005,1.989809469842979,0.5025606798820355,34927.50028117045,0.4216380324528656,0.04334183,13201.16156334,11299.76351509,591.09626782,434.3005673,675.07065439,0.975327288954029,0.9779674819963216,,,,,,,0.9209467262294703,0.054042505102835585,0.7359425441704831,0.055251978081758586,10469.13732888889,11155.15876875,0.11165754125158246
10759,material_r_cable,3,True,0.9908479800722116,1.0870785515780674,89.1635848381998,1071.8937999326797,14258.183518818749,1.157484976530171,0.8639420988406531,16503.63321564279,0.4068303850428896,0.13095423,3015.75685116,2221.29535748,91.34239838,152.96822369,115.43555905,0.9837216256933172,0.9773410925302848,,,,,,,1.1932675791780192,0.0537160732004558,1.1311772238623146,0.05559796885755122,2288.357593333333,2112.6817893617026,0.02671190782181255
10760,material_r_cable,3,True,0.8603375543352559,1.1403064687656577,26.11433088867857,1537.7267335562526,9122.93793044746,1.5984319695281526,0.625613112765252,14582.39564404822,0.1576413194696039,0.16622562,4896.98062339,3318.14351013,362.33568906,306.52471397,165.72103129,0.9421656414590908,0.9300261845916308,,,,,,,2.3073118043804555,0.0619718197854402,1.9118615600531077,0.05470348293903422,2966.1675022727272,3610.7463062500005,0.09372694842569906
10763,material_r_cable,3,True,1.0786210380847834,1.0894946880039045,30.09396574256082,386.8464630288119,10773.844212868613,4.622184175946071,0.2163479346418124,49798.692234829454,0.109341249379957,0.02408208,10043.31662129,4658.54765604,855.92929058,370.01593317,213.95990717,0.9575318445636294,0.9663422064888858,,,,,,,0.8955825837292994,0.0554199589586547,0.6326251091495934,0.05657340833151654,4274.603117021276,4900.898729166667,0.17206919962844663
10764,material_r_cable,3,True,0.8732433605734666,1.198440954376009,49.62139683322726,467.21829264191234,12379.126085811658,2.9320132741551035,0.3410625759489996,36295.76200603949,0.208585500983954,0.00144085,14161.22586891,8178.13745028,3332.90788466,13714.00182492,433.14724055,0.9377476008120594,0.931853228238128,,,,,,,,0.09754938159374814,,0.336848782927809,8002.155453191491,8167.0827580000005,
10765,material_r_cable,3,True,1.2594631818028312,0.8845192041190355,39.49638260652177,1779.2315045649957,3868.947927761359,1.9813282990863708,0.5047119149618564,7665.656016965151,0.1646894362739004,0.29174431,2535.53352535,1902.40536163,30.89291586,168.69772169,108.01901946,0.9839080852827872,0.9514258351372524,,,,,,,1.8860646725278216,0.05551256829307779,1.6103205833044427,0.0548682478515191,1955.6546575,1890.4433976190473,0.07886547649845353
10766,material_r_cable,3,True,0.8945141362859588,1.1656593830939077,26.807539072487963,1847.1568622219884,19413.3700465954,4.1280684523867,0.2422440450137972,80139.72044385939,0.3200551511760012,0.03800996,22260.36482576,14895.12475721,1163.83392469,1511.80510547,773.6777417,0.96425479829831,0.9405521457541758,,,,,,,0.9252245398032573,0.05759233264313239,0.8002996104862845,0.055464268629120565,13685.617531249998,15509.83939574468,0.0723982502916638
10767,material_r_cable,3,True,1.3934869194299808,1.1881812951209476,30.3115952800472,359.0752147070812,10895.369397752656,4.744302798923422,0.2107791265403465,51690.93152906252,0.2618528059645523,0.00644387,21242.44195315,12925.94962869,1459.54466075,3318.75518948,656.05001181,0.956209057184884,0.931878703003954,,,,,,,,0.05771199544801265,,0.05503860717696862,11427.774748936172,13291.02707,
10768,material_r_cable,3,True,1.2529786398495206,1.373958977362912,82.53364911243082,1821.7779607864188,2423.501549889862,4.178433771791639,0.2393241234911849,10126.440722049178,0.4885053782814176,0.07256709,9408.9554337,6284.90392763,639.58449438,1211.65444086,328.35579078,0.9347501556021984,0.930865974518472,,,,,,,1.0492836739543723,0.058650193304615045,1.0179834511415542,0.05581403184977882,6132.204668627452,5888.850359574468,0.015140870007965547
10769,material_r_cable,3,True,0.9924175756870014,1.164945099855676,16.669478148470343,1924.7597634199208,15431.364063338871,2.7250244132751,0.3669691893872391,42050.84380273446,0.4698347220174274,0.06232051,12798.85711175,9026.51090212,758.72940956,395.18566449,482.99113657,0.9663173362397262,0.9681878822718044,,,,,,,0.9807402674198528,0.054897766647005374,0.7414849856188148,0.05526258807892974,7927.783017777779,9028.655814583333,0.13892217721166242
10771,material_r_cable,3,True,1.2909916588667865,1.1166582245039838,42.456294449855065,1387.809114427783,4662.820898510384,1.674208208820886,0.5972972744556554,7806.533024547664,0.3273320606960186,0.15053893,2789.17160488,2362.94240523,48.95570836,103.60480085,131.17445117,0.9875735721059544,0.9763954573530832,,,,,,,1.42913328149609,0.05355572583457256,1.1791888069079497,0.05470008312883001,2359.932662222222,2373.229430434783,0.09582577078932548
10772,material_r_cable,3,True,0.96740779671155,1.374647894044453,0.742337829904703,1285.499020815215,13481.203479292912,4.1419159776382255,0.2414341588286426,55838.01208867536,0.2302411832922621,0.01664031,29771.27573354,24924.64649311,1085.45106854,162.01099773,1462.10119413,0.972050665803892,0.98988160612303,,,,,,,,0.05429485960376574,,0.05538737631177547,23535.39838,24945.16346458333,
10774,material_r_cable,3,True,1.0614304160318635,1.0489693637529705,63.23068263650538,751.9122211488709,8361.496006233392,4.68916657260427,0.2132575127192847,39208.44756939373,0.2972766619101681,0.07328366,5539.871237,2743.69889995,556.15882237,158.09046785,130.00225991,0.9456695044776452,0.9784819550926578,,,,,,,1.2257962788891914,0.05544719895045258,0.9059043792194845,0.05902304337541798,2941.9790489361703,2691.0267729166667,0.1500641745607598
10775,material_r_cable,3,True,0.8441134269179577,0.9763052948373648,4.42521969807337,1174.4547381173295,4403.713380125713,2.703423842604293,0.3699013022821714,11905.103747827396,0.1481577115551912,0.29919234,2202.68721542,1592.23612747,103.46298183,115.4789399,72.22122099,0.9568794270204344,0.944632540577586,,,,,,,2.5110022060946418,0.09920795265277554,1.3791075117977878,0.05438346725840652,1245.556768292683,1753.464530232558,0.2909672930536489
10776,material_r_cable,3,True,1.03547854008143,1.0380986685555214,17.210276036347672,1191.310421378916,8667.92270299424,3.978892223591647,0.2513262344907963,34488.73023763727,0.4464767375960897,0.12094591,4467.46071166,2917.09697374,259.89345415,74.97822594,137.43182024,0.9740188001135291,0.9852400901817844,,,,,,,1.1687333700797486,0.05420182059734069,1.0491753150288006,0.05602328208435676,2430.6090355555552,3123.9044152173915,0.05390576079785569
10777,material_r_cable,3,True,0.8425253086224587,1.0367014061793476,43.05989973221517,1489.0887291782717,10366.627817811412,3.144941523924053,0.3179709359912884,32602.438287301306,0.4840270739875131,0.18335077,4555.71564221,3262.30699578,115.13446005,162.31644524,153.50972764,0.9808157520241504,0.9703642029686752,,,,,,,1.5441381679150792,0.056274523792152885,1.290618494370792,0.056902873691789126,3210.2764068181814,3361.405431818182,0.08943260524515564
10778,material_r_cable,3,True,1.369524218426988,1.1352167003794442,41.69324007955113,203.0383376485386,3262.7277793261146,4.151972947683093,0.24084935345208,13546.75747541616,0.4549459536974054,0.01497172,5062.51187687,3625.9067201,167.64654655,312.03695742,195.4391232,0.975630793773606,0.9581146559643048,,,,,,,,0.054774915322393015,,0.054554941629054776,3386.8214999999996,3526.641642553192,
10779,material_r_cable,3,True,0.910133920655027,1.372609995022286,75.44169723268752,668.6490149647526,1423.6897742438605,2.9866246247107004,0.3348261417676033,4252.026937705531,0.1351941692908576,0.10197057,2316.65954339,2004.43108536,108.28514075,68.18078191,119.51937116,0.9440518880496752,0.9732410250642084,,,,,,,1.2011750653266127,0.05407983206455301,1.1391859655975012,0.0586875944128835,2084.4064439999997,1957.2136125,0.026486981670787137
10780,material_r_cable,3,True,1.1348470093586225,1.2860181895222405,45.09302643738362,499.0554452521813,4939.005238963035,4.584737132048396,0.2181150131835833,22644.040714455383,0.1583998786640368,0.02435591,9223.6881789,7326.59144042,327.8899002,76.5303233,358.9727407,0.9697956168507428,0.9898319123623996,,,,,,,0.8368912131236885,0.05378420046668922,0.65827628841623,0.05621348283582444,7065.117786956524,7269.2019479166665,0.11946148142164514
10781,material_r_cable,3,True,1.3623068506421072,1.3302827121153826,73.50095245423415,894.4983661556195,17065.466463200413,4.643295064615607,0.2153643018770301,79239.99620394164,0.4372341021771976,0.00607736,54057.94377348,40845.26175827,4577.82912801,3308.18704904,2043.71432134,0.9378972172103666,0.9516841504691994,,,,,,,,0.057955813975387044,,0.05649413558505514,39559.13817254902,39042.028,
10782,material_r_cable,3,True,1.0331766611031523,1.112061659115314,9.676356557315422,527.7381093403455,4868.454381349167,1.0566490170804197,0.9463880473414492,5144.247536753461,0.1622405279828258,0.15796147,1324.46967701,845.28439695,144.04118804,16.45987627,41.99592072,0.9532106226789122,0.9863058460892477,,,,,,,1.2412892936925337,0.054269568467106,1.253102566929713,0.05720094514753605,759.1868688888889,917.9651130434784,-0.00473593320426898
10783,material_r_cable,3,True,0.9590766789805664,1.21367959565982,12.469851987003723,918.6277670782482,1979.82615868178,3.2151946489246748,0.3110231600859534,6365.526471194752,0.4712111656305168,0.14308583,2422.51949874,2053.7224579,71.62125392,15.82402838,110.22215269,0.9787560201658004,0.989927600972808,,,,,,,1.412911334829131,0.05423575868127811,1.1626992308297661,0.05556699958576242,1920.88964,2144.7706347826083,0.09714671438900357
10784,material_r_cable,3,True,1.0445302180566194,1.1270212294926445,81.53758357816906,1196.4235374480868,5458.258449270376,2.2820446244333423,0.4382035255985896,12455.989352925331,0.2486705143053994,0.14556857,3220.20297863,2300.28336011,380.23927629,45.89101584,108.1799188,0.9330666751102262,0.98392625126208,,,,,,,1.5491554944644974,0.05641691644135689,1.4118630330410622,0.06000507382885451,2467.435988888889,2237.6583369565215,0.046366633693134644
10785,material_r_cable,3,True,0.876435128371694,1.1788574918752557,56.18638438353843,1616.7740815833267,2302.334684302452,1.4868499139336002,0.672562839482841,3423.2261272014434,0.1370990009784069,0.37432652,2062.94432543,1680.53398529,31.6122526,75.52828326,94.6875508,0.9790101581407163,0.9619358850927152,,,,,,,1.7500911335878435,0.05784262365907906,1.8587899597448325,0.05291828817818038,1810.8243085714284,1638.1108794871793,-0.030119813689015014
10786,material_r_cable,3,True,1.0376560438592637,1.35994662225549,53.6225208703762,1755.380293905938,14765.055925666353,3.3090453688696626,0.302201961147964,48858.23993192781,0.462403041429778,0.01897956,35209.62025603,24383.35833392,713.37599536,3235.85875652,1452.60314053,0.9742317037636954,0.9390287540384654,,,,,,,,0.055270842171101904,,0.05500561873671426,23985.293204166668,23787.558089361708,
10788,material_r_cable,3,True,0.8911007152543431,1.185460532035688,72.43221552568161,1328.7107605635233,3439.0865090047423,3.189652763578833,0.3135137502798225,10969.49178763366,0.1663346931817881,0.15688423,3759.86183958,2873.10618625,193.85891102,183.69608027,148.96327215,0.9373205431078564,0.9565207815961044,,,,,,,1.4013744526683494,0.05532360564146421,1.5042156038492878,0.05872074232847726,3053.6986311111123,2730.662770833333,-0.03539423978625326
10789,material_r_cable,3,True,0.87903446997074,1.25295311835542,36.573684215615216,1478.8392398152914,19480.551960479985,1.3465197937972793,0.7426552543872605,26230.94880888269,0.2767801807457116,0.05226584,11750.115389,7866.99051865,881.1057715,1335.58716641,430.71029742,0.9516116404313056,0.933984616948358,,,,,,,1.059575792389464,0.05815322481862273,0.976192076827935,0.055251683528371606,7590.207933333334,8460.434489583333,0.04095934355894115
10792,material_r_cable,3,True,1.0101750666558504,1.1442419657405147,37.31812503655929,1691.746235967394,18050.58161743793,2.032073838321595,0.4921081021474873,36680.11467128432,0.1428432116401257,0.08494977,9778.83986681,6089.03005162,676.9525389,528.93803994,290.3445305,0.9587380573383844,0.9582689078620528,,,,,,,1.0594387257567415,0.05528077986095346,0.8806401140327642,0.05551180058981798,5700.829708888889,6342.899064583333,0.09216048753120595
10793,material_r_cable,3,True,1.320152828720058,1.202959591880938,62.358187006515976,658.2316590834726,17310.588786388416,3.816821904339312,0.2619980772126434,66071.43445689778,0.2639007306586472,0.01081319,24245.6708265,16987.25253192,927.58110907,1463.8119142,877.71715708,0.9697733138201547,0.9602900287960864,,,,,,,,0.054634252583035094,,0.05484246656932246,16476.40338478261,16437.602236170216,
10794,material_r_cable,3,True,0.997295964119891,1.0327846815260595,50.75321052017346,502.5520878768958,3662.086878807561,2.532820643482834,0.3948167441595543,9275.409244871413,0.131782745300341,0.18198535,1469.35641932,837.36991675,19.74166162,115.41908009,34.39687989,0.9859414933539186,0.9536864559944244,,,,,,,1.496498823973687,0.05542815325499565,1.2963390157502404,0.0553908026586009,886.2659340909092,898.2757217391306,0.07166896888049627
10798,material_r_cable,3,True,1.075239320984501,1.2880363051711616,6.162911890884836,686.5992627664257,11588.845866071248,4.22813508837376,0.2365108917048872,48999.20584009104,0.3619326902494099,0.01230589,19680.40793309,17668.14942027,353.47076378,811.23516702,942.70760667,0.9869984587357482,0.9567855541418492,,,,,,,,0.05538492575130596,,0.05465902423756008,17060.17176888889,17654.99889583333,
10799,material_r_cable,3,True,0.9961700660568562,1.0398384558426357,0.446671597057208,690.2205358484111,12773.585514192677,2.808252063954421,0.3560933909158628,35871.44788432988,0.4667266335033958,0.07667072,4881.54907394,2283.33211618,264.6503675,514.29029399,108.59301271,0.9741879347506752,0.943543131424722,,,,,,,1.1084033155137423,0.05722797174244687,1.130313211022498,0.054172957465974725,1796.5099755555552,2591.1170212765956,-0.009786810991499192
10800,material_r_cable,3,True,0.8606715220961462,1.3566358662390892,58.19583657791468,1060.186367470916,10741.794586162105,1.181784018884115,0.8461783067131315,12694.48117606228,0.2815553570972844,0.05164622,7315.54770929,5473.28697274,973.14633384,62.42103077,340.21576977,0.9346285665394692,0.9891161495863668,,,,,,,1.214141741853575,0.05757930114050551,0.8932416341907587,0.06199850731237308,5800.780821153846,5443.640504166667,0.15227419524641125
10801,material_r_cable,3,True,1.0035899379457456,1.0474569887901355,32.5758039405115,1252.0942968874622,19163.59623788748,3.290154202134794,0.3039371222634966,63051.18669010001,0.1710601282839131,0.0974255,7057.00589256,4149.44402486,181.49383866,480.03505512,181.07038415,0.9855437747084412,0.9613688205875152,,,,,,,1.16782398585995,0.05588947227377529,0.9702258111549398,0.05473943617612349,3916.934437777778,4658.387295833333,0.09241981874364831
10802,material_r_cable,3,True,1.3247543118580167,1.1756957643391273,83.07561454477202,1412.7612582261784,3378.142634718962,1.8862527716534805,0.5301516398162291,6372.030907779434,0.1138679129301166,0.18627518,2409.1790298,1897.84129284,251.19063379,16.8845604,93.75998392,0.9471092366881874,0.9880500209599652,,,,,,,1.1788746004021375,0.05431937307865625,1.4475157142519042,0.05705664245506478,1921.199859090909,1959.4466,-0.10228529718179115
10804,material_r_cable,3,True,1.1552746368679407,0.9967350043523812,11.209610190541188,879.6072524238654,13088.812280528193,2.131271768198195,0.4692034187856826,27895.81609273557,0.4197582151678849,0.07262236,4504.84613606,2635.5045101,308.12057275,465.78437074,156.82911425,0.9699190965439212,0.955620145244948,,,,,,,0.9375088641979646,0.054673686553477305,0.8986695229375994,0.055175358636186604,2563.614842222222,2664.4428553191487,0.02115227013479588
10805,material_r_cable,3,True,0.9844614427373308,0.9710026636423494,49.20124127733517,1782.3156321996564,9217.847258329622,3.962326222508767,0.2523769987234531,36524.11790676001,0.4088169325394369,0.20801101,4734.42251806,2262.06452399,371.56081484,230.503639,81.67984712,0.9506115331923092,0.9618638372800388,,,,,,,1.4666243361432245,0.05594422301595317,1.3282056029154297,0.05755287285169609,2189.6819068181817,2383.8372782608694,0.04952671047828285
10806,material_r_cable,3,True,1.2009958675255898,1.0517596243875338,53.93413898466845,1222.2936913105398,13857.597655518566,3.0044450884138656,0.3328401653457841,41634.391213338255,0.1288482437666609,0.07403806,6165.70554981,3574.09972856,674.13879843,283.07286351,211.61675047,0.9578615888811868,0.9757652532884054,,,,,,,1.0097875236756866,0.054438333855016,0.829102292564346,0.05691486617348065,3710.2979666666656,3705.192916666667,0.09825778005600502
10808,material_r_cable,3,True,0.8267286212924525,1.3950538086877042,61.49549604008711,1002.0449421854902,8557.787555410649,1.0707090672509103,0.9339605225979276,9162.900731185186,0.3410803786971602,0.06028247,6266.236906,4434.9660014,58.57035737,567.71524165,298.62181976,0.9861469981104825,0.9466254407022234,,,,,,,1.0148981777660309,0.05415213178722157,0.8381866981130238,0.054569829566157656,4497.224980434783,4392.593461702128,0.09536070471093763
10809,material_r_cable,3,True,0.9769428055745718,1.1512389697332963,35.73742718012194,435.2432732735491,18189.603800974328,3.283863205383919,0.3045193838648614,59732.17064253107,0.1933193693531753,0.01592232,15546.08644656,9725.46641106,916.0549303,190.22398841,466.88526564,0.9632983249829584,0.9861082109048876,,,,,,,,0.054156645824868406,,0.05658555554445768,9004.335617391307,9651.956354166667,
10810,material_r_cable,3,True,1.0137465723288157,1.2253769938255643,78.02167182596057,1232.8202490051372,10732.338409260785,3.186184143697044,0.3138550551066593,34195.206464377465,0.2330349628475966,0.04022369,11604.52435924,8775.1474987,1676.59548665,374.02182613,451.55761382,0.9312321865251422,0.9753282937565032,,,,,,,1.3152568061124714,0.055430812867149196,0.8091928602048368,0.0618624451015368,9520.06976981132,8533.819081250002,0.23820943086163415
10811,material_r_cable,3,True,0.9436496976491042,1.2001232455580353,72.76880486690695,1670.3169114155198,4365.754303498674,3.09786453281952,0.3228030113666237,13524.515415812726,0.3783296340698087,0.13430593,5636.65099608,3730.20164611,91.52709453,476.42467953,197.07153749,0.9710156804657472,0.9424797199793172,,,,,,,1.1663420000482023,0.054583281051289095,1.243995913905421,0.05501686975458905,3855.7921844444445,3537.995985106383,-0.03221702376570296
10812,material_r_cable,3,True,1.0772687974279966,1.3231182195318598,11.111947626396756,647.901707618767,12032.978881420822,3.5428781480661224,0.2822563910491387,42631.37793512696,0.1824394494588871,0.01342641,20563.34373594,15821.23386328,1183.42106567,263.01904781,832.98119998,0.9631897904909248,0.9810600731910598,,,,,,,,0.05472516386068108,,0.05558862598032594,14277.754633333334,15788.723599999998,
10813,material_r_cable,3,True,1.2694283186474384,1.2918631513239842,2.5986568389024334,210.89472702535053,12005.246050779271,1.993758403237445,0.501565284126808,23935.56019667432,0.467333951726647,0.00379048,17909.0954465,11819.77389852,3962.0440305,479.40117661,690.00364925,0.93153412433203,0.972190781097882,,,,,,,,0.05705466079278621,,0.058767653211734716,9610.393455319148,11718.81176875,
10815,material_r_cable,3,True,0.8325568240200456,1.0064433212768422,26.235901424333,365.45494955416825,5219.08523456635,2.746820161088047,0.3640573249629449,14335.888544743788,0.4333655615184827,0.1793949,1456.62082902,952.00952318,46.5156635,78.50452545,42.91572176,0.9723574840708832,0.9532602340203424,,,,,,,3.134669343686997,0.06617204756948235,3.1538924196537512,0.06028472387772458,879.4797261904761,1038.7576744680848,-0.0030568318623847507
10816,material_r_cable,3,True,1.000717616722463,1.3187633495040274,88.10512509939653,1917.903326244558,17076.22555596522,3.570849422960761,0.2800454126040556,60976.63017286619,0.1682269442244856,0.02799758,27282.37845822,22392.27217822,824.57510066,870.45716554,1214.60004855,0.9613092444136592,0.9750370907336268,,,,,,,0.8252736642333504,0.05361709107818697,0.6892844105757638,0.056822624813470425,22855.843485416666,21845.47767708333,0.08978807476545644
10819,material_r_cable,3,True,0.9124673943238572,1.1225791001525494,18.559752481459064,1231.927159423095,1853.2109905871,4.173133223531481,0.2396281034981571,7733.696355032714,0.2128839395860421,0.2348428,2450.715361,1914.02111318,113.94716075,99.6012603,92.67742351,0.9576093932751796,0.9418543159541994,,,,,,,1.9633942012076606,0.05928651260384053,1.0784804163897765,0.05513048674938846,1714.4724523809525,2069.9715260869566,0.2909106705774794
10820,material_r_cable,3,True,0.8964188396920099,0.950681695617452,32.456912000940555,1427.1446531930023,3853.3445562418046,2.742340619964528,0.3646520030079031,10567.18329930109,0.2537473821601568,0.33889205,2093.61428618,1511.32103135,83.07625752,91.03678792,52.87525301,0.9689196731859424,0.962449121873594,,,,,,,1.8513371423446832,0.058944768784239494,1.4376377485942684,0.05663094881346431,1439.3254447368417,1681.0878975609755,0.12578368867763232
10821,material_r_cable,3,True,0.9985450700969556,1.1345292255583646,31.953943522840337,562.7986505736355,16178.289649120508,4.230588401842413,0.2363737393040887,68443.68455121637,0.4379605439133731,0.01430136,22706.9123695,11291.23768752,2258.97767032,233.34869365,574.41005568,0.9437181211996144,0.9841391287733956,,,,,,,,0.05762700797765898,,0.058131439887688,9647.478554166666,11145.501065957447,
10822,material_r_cable,3,True,0.8037864921579655,1.2697570835130187,18.944496893664837,434.4366815780746,15397.222913241883,1.878534394072442,0.5323298860832233,28924.212815725165,0.4985068241863004,0.01328693,11384.76561583,9049.57757459,481.12854099,447.80432607,581.75387532,0.9744417493063724,0.9591244612664624,,,,,,,,0.0559431440430829,,0.054988276063422444,8565.436763043477,9133.577077083333,
10823,material_r_cable,3,True,0.93845158493624,1.3735006818307791,11.954816525825894,855.6815921561267,9273.727362109144,1.5511555430363089,0.6446806733788607,14384.993602343084,0.2644197021719002,0.03950806,8083.41565653,6350.88164006,506.02937962,74.84812752,390.32688913,0.9638258268944916,0.9877184308130014,,,,,,,0.911424636403377,0.0545242091044452,0.7024540219613723,0.05575600837578018,5828.671960000001,6337.875639583333,0.12948347346865757
10824,material_r_cable,3,True,1.3941820793555912,0.8756399447693436,56.11071620326391,287.15017838754875,13936.904554001942,4.444691830571357,0.2249874767743913,61945.24581462517,0.367816556740832,0.02855914,14836.34160443,7239.97322677,246.5422394,1039.16147961,406.21171783,0.971066830994819,0.9385207779538092,,,,,,,,0.1713858099643667,,0.23652773604146302,7140.059138636363,7973.185085106382,
10825,material_r_cable,3,True,1.0549613379076117,1.3169878267525468,6.330597186005596,338.2197817678274,7855.452286104502,4.622540936728614,0.2163312372324176,36312.149769036434,0.3308867294489152,0.00787654,16181.89590267,14160.71878183,426.77806494,247.72470292,767.65333936,0.980186166384446,0.9771969086946032,,,,,,,,0.05450777361882526,,0.0549809113633359,13500.90888888889,14118.149702083334,
10826,material_r_cable,3,True,1.1468492754694193,1.1740014948042314,42.787204959418375,1510.6037807911125,18375.463460162035,1.4237086384256072,0.7023909057023346,26161.306063306787,0.1421931168848145,0.059372,10101.93674433,5310.48653051,1810.96920681,350.04528624,300.15358406,0.9349061739181724,0.971424007654414,,,,,,,1.245834617149745,0.05796423640268274,0.8160526674317864,0.059156945328814846,5562.1500541666655,5418.805933333333,0.20844104958200207
10827,material_r_cable,3,True,1.2474234007845773,1.1144169546993312,68.86727712519045,961.4869336180832,8700.141362840894,1.5376142677311,0.6503581691366572,13377.461490781656,0.4196242867869639,0.06394273,4271.08565682,3713.47150094,177.80663682,133.52913324,226.41614916,0.9785950941505652,0.981988952169938,,,,,,,1.0159445705460024,0.05398766367985505,0.8280952188250095,0.05523566868805527,3522.576468888888,3659.7367520833336,0.10186838310309287
10829,material_r_cable,3,True,1.1804201803244263,1.1251691083948658,27.7295584291876,1506.019947220264,13766.143568916475,2.3363036597790527,0.4280265520341526,32161.89160110344,0.2993224656427502,0.05872433,10783.50494144,5745.68273742,1452.54028553,305.98170346,320.43310713,0.9420010216371824,0.9731474096082068,,,,,,,1.089023333062633,0.057019326337924336,0.8053132595231852,0.0578538149713087,5189.0341106382975,5792.660310416667,0.1497675094541548
10830,material_r_cable,3,True,0.95803312110562,1.1514655004528307,11.802940863941016,429.5539766592385,7504.745401578435,3.558817072935219,0.2809922453179719,26708.016063169413,0.2095176575092289,0.03563992,5751.94253744,4420.2759594,257.91188103,130.86880795,213.51428089,0.9769326048497998,0.9751449252128452,,,,,,,0.9084850216594204,0.05530442395007475,0.6368828581921844,0.054930811654371324,4001.5746755555565,4482.6437000000005,0.17575243216088898
10831,material_r_cable,3,True,1.2258570428173878,1.1900890717704673,10.807332485839328,803.2194902314365,6879.927086667407,4.005042553154775,0.2496852372298265,27554.400744705123,0.2122720495519286,0.03871723,7745.58913958,6088.87904551,268.4887342,601.8370002,299.37618229,0.979826141447113,0.950039157093444,,,,,,,0.924913539044883,0.05573391882215555,0.6885097534245561,0.05445429979899613,5581.182986666667,6290.402429787234,0.14652310198057017
10834,material_r_cable,3,True,1.1596879718962807,1.1750858668476287,18.16128134863903,283.41367714036744,18278.67629735391,3.158005795535272,0.3166555303393619,57724.16568175685,0.4133247490876963,0.00578148,19847.02552809,14019.44100872,1190.24939445,383.18023343,746.38992093,0.9655480757217112,0.980467635090465,,,,,,,,0.05425929062873155,,0.05583229302459092,12268.15247555556,13839.978491666669,
10835,material_r_cable,3,True,0.96556037317085,1.3090282370974191,34.134946341612924,404.1679380815834,14418.07977233198,1.2098996018995851,0.8265148599354563,17444.428976700925,0.2475802238120731,0.01856891,8969.45393623,6121.62699577,663.47886457,320.94423347,352.9732067,0.9580629198988636,0.968503955178334,,,,,,,,0.05509868172946239,,0.0556930291430509,5771.370410638299,6163.657960416666,
10836,material_r_cable,3,True,1.3443148761511776,1.0167798723710797,30.9923701616972,757.8731961363429,1728.3660087463704,4.001613863035299,0.2498991742400355,6916.253380998465,0.4917622324322087,0.14347338,1751.91950675,1353.71494352,27.0228907,98.6811037,73.57263362,0.9873521136696796,0.9635382462465616,,,,,,,1.404824112783911,0.05391355231336489,1.086266128962339,0.05443223846156258,1333.6457,1359.4059717391306,0.1278789417111856
10837,material_r_cable,3,True,1.002997690688618,1.2690381594667213,41.955547194611945,760.43260585186,2280.197703296638,2.793038075072091,0.3580330712012184,6368.679003999444,0.2164588081462608,0.11613695,2854.98219484,2136.60279279,145.57096932,41.04617297,112.11921255,0.9589817666584792,0.9800209835441052,,,,,,,1.1076615718388105,0.054970429818535345,1.0943274286544966,0.05677597087771958,2045.935571111111,2138.7892723404257,0.006055499451326368
10838,material_r_cable,3,True,1.1866176857586297,1.181318192302652,18.05756247327693,748.1513991362893,17945.81294979959,2.3273354061501266,0.4296759278260618,41765.92587021603,0.3819878911365708,0.01817755,13908.51927689,10681.84433537,362.37317288,1106.22497812,598.82648344,0.9843314174818316,0.9538967936196574,,,,,,,,0.054989729807070065,,0.05433605595663681,10059.209413333332,10682.547889361704,
10839,material_r_cable,3,True,1.3386451913485746,1.2684470936183816,1.6301775071581108,240.2905945890791,9006.04944489607,4.093829207591067,0.2442700829203449,36869.228262524855,0.2154793653974774,0.00652531,13281.04714073,11765.35926833,231.01799042,537.56716994,579.26728301,0.9887319294627316,0.9667418222468628,,,,,,,,0.05435674565999137,,0.05453908782153581,11288.378635555555,11828.54638125,
10841,material_r_cable,3,True,1.0286542133331982,0.928460346880342,65.09267129933654,444.437793951,1329.5455439388695,1.1247830862938546,0.8890603105483981,1495.4503402798036,0.2065494596105827,0.35656047,549.18895545,378.57888474,27.11485855,26.82686133,10.60130302,0.9629239171692112,0.9607613164267615,,,,,,,1.7402860336188382,0.053684690240636046,1.5468005739365698,0.054396817779748065,366.0976475,416.8622142857143,0.058862294421309046
10842,material_r_cable,3,True,1.137313548314915,1.1256187756530982,75.39575179604772,992.0624617637832,11515.72198778284,4.972471757977286,0.2011072256761861,57261.60235696823,0.2708828162589775,0.03480745,13457.09484326,8545.15469289,567.01673783,874.43599264,409.80016666,0.9631692480966974,0.9620218422088052,,,,,,,0.8291264229188926,0.054528599364098006,0.6942713697372247,0.05544670779525713,8545.020638297872,8138.412874468086,0.08852254731611606
10843,material_r_cable,3,True,0.8694625629504746,1.1940486767402518,53.35926577203325,902.8516011601816,10171.783218755618,1.5965812240042467,0.6263383190063997,16240.0781017067,0.2350133564446701,0.08807488,5782.34107273,3876.08833659,53.38402545,386.50114444,197.76727607,0.9813892914108177,0.939098547448704,,,,,,,1.4965516297305532,0.05644614210789499,1.4777740163413708,0.05526894216837063,3924.8396222222227,3955.364900000001,0.006313233863272921
10845,material_r_cable,3,True,1.3771447727201132,1.2636054955004292,47.14907395254062,1904.002233818604,4419.596670810937,4.070472715899491,0.2456717118122287,17989.847663816145,0.2825699212175175,0.08731927,8863.92126089,6541.91048397,235.21683154,507.72982638,314.56047679,0.9741189511089106,0.954240418653214,,,,,,,1.1057019869773412,0.05480484446347087,0.8493275567177484,0.05464367651849805,6345.448168888887,6464.423363829786,0.1311358342826033
10847,material_r_cable,3,True,0.8026507060963665,1.0675807574725722,17.10855877133785,1545.4689461212747,7965.8725705405,1.7029168795056755,0.5872277220543383,13565.218860364685,0.1955874377928155,0.25117027,3571.98905112,2790.02916294,48.07860619,83.19438016,145.94817252,0.982998260243769,0.9677441268977248,,,,,,,2.484062573396039,0.058220932009691535,1.5652974147105827,0.055676222702072835,2559.635119512195,2938.1939209302327,0.22689144985478252
10848,material_r_cable,3,True,0.8585149345560463,1.3245488696564895,0.5244497343906529,1467.4535024168326,4006.886801117866,2.900820583887948,0.3447300414076997,11623.25970999164,0.4677566021598196,0.08177488,6007.29738924,4960.48192282,237.52116524,105.76778281,324.50160047,0.9726312804514258,0.9724251000334588,,,,,,,1.137434376119534,0.05497677888458076,0.7773803869449792,0.05485752869481478,4655.417695555557,4993.15490625,0.18803593753283798
10849,material_r_cable,3,True,1.0883316884131515,0.9302269842206984,2.0107557698291894,374.8711369404247,4114.411763782335,1.298766347426744,0.7699614345423315,5343.65953825721,0.1919667635976289,0.18977171,1036.05041671,670.21156733,7.10538165,95.73333815,30.84056865,0.989974531506386,0.9517399405857556,,,,,,,1.4497814118207417,0.054120278523868755,1.8502335170973614,0.055068677103858724,725.9242139534883,606.8149888888889,-0.1213485738405148
10850,material_r_cable,3,True,1.117353599533344,1.3674412089094037,35.84001087367558,1450.0149523418006,9340.738986410628,2.228969637304841,0.4486377845905294,20820.22359069889,0.2481384576852538,0.04128097,13015.56407354,9225.70853401,296.39237918,1507.1132442,515.34569857,0.9787996939892202,0.9360678211376422,,,,,,,0.9581421209368216,0.05682674751176211,0.7932379063384538,0.05509588119769277,8956.327417391305,9452.468012244897,0.09415672899668664
10851,material_r_cable,3,True,1.0023117907654426,1.3547731057661492,74.92079559609917,1457.502101759607,15533.286100257928,3.803470678763869,0.2629177623435764,59080.39822718138,0.225354606714723,0.0166225,34583.44588191,24825.19424319,1705.44264478,2582.3648103,1405.75069924,0.9454037885335932,0.9489771501122494,,,,,,,,0.05464709231062048,,0.05673900801065402,25527.191771153844,23865.429759574465,
10852,material_r_cable,3,True,1.2807906837930585,0.92525522423648,32.92436251847569,253.8812458040295,17716.944502643448,3.6150045209714583,0.2766248269397102,64046.8344748565,0.3404189346874642,0.03129304,12051.83991388,6087.02277873,972.81049371,717.7051345,308.32766416,0.9548693659929404,0.9542906785140504,,,,,,,,0.08312720022723423,,0.126757289154486,7194.757317021277,6298.3469000000005,
10854,material_r_cable,3,True,1.1983824790312043,1.294456873875032,13.250030686669383,1335.927522715665,5188.531434843364,3.784938964323001,0.2642050530869965,19638.274795353373,0.2418141051502976,0.0630837,7718.28991182,7032.67858304,113.69122278,268.89613154,349.03263373,0.989194019228339,0.965949120322386,,,,,,,1.0736030040867401,0.054565462424800246,0.7291915257908437,0.054653268180898815,6816.57009111111,7123.559164583334,0.19104311256107662
10856,material_r_cable,3,True,0.9296109281879243,1.2700865645999897,74.94462349827636,1373.4021548896153,7364.978714067232,4.951657832772803,0.2019525649331923,36468.854537715975,0.3424305270989234,0.03623719,15907.5859889,11762.79445982,234.06337792,874.33823698,669.78893026,0.9741463353381355,0.9594420790908308,,,,,,,0.8598515512838804,0.05392241737499809,0.7144706259088696,0.05479996110489843,11814.861716666666,11382.692174468086,0.09234509141848371
10857,material_r_cable,3,True,1.1296783473379226,1.2537028711679272,75.90571585458744,1015.3210991105708,4054.700907857551,3.535949531933982,0.2828094663028325,14337.2177772712,0.1112406153967382,0.07346,5672.59136042,4155.11358185,682.20946701,125.88379049,199.84966779,0.9310549233602852,0.9783892437516042,,,,,,,1.4659021089829227,0.05685727153754095,1.0146482065641684,0.060997503201096086,4538.506539622641,4059.289147916667,0.18191685110778702
10859,material_r_cable,3,True,1.229518780941529,1.044471774255377,57.00491487902092,873.83569854848,13884.005196046368,4.890978938987164,0.2044580466353597,67906.37700265113,0.4418610447966404,0.03079043,10640.16956657,7348.19702527,455.53685189,508.05511019,409.63009119,0.9761254124543042,0.9739747714202458,,,,,,,0.862069129722146,0.05437037931518847,0.6585529240369385,0.05516824119486507,6768.000951111111,7108.161499999999,0.13383746814805236
10860,material_r_cable,3,True,0.8521219516343206,1.319014000189,48.80657000768271,479.0330690081283,18463.94884108349,4.904220121692961,0.2039060187320456,90551.26943235108,0.4946037374828048,0.0029351,55990.50174551,38248.25972548,2756.07355786,6205.70703106,2525.35245899,0.9506437198011012,0.9301960725037912,,,,,,,,0.056246761198495476,,0.056088056662200396,36960.75089387755,37626.76357916666,
10861,material_r_cable,3,True,1.0303501872816443,0.980895848820382,47.31367209365245,1459.7323482347597,5373.12657021187,2.039517660504555,0.4903120082581734,10958.586532073376,0.111690532303902,0.28286209,2306.80011336,1400.87288315,253.14277159,8.21190766,41.89003777,0.9394401377767791,0.9891773371055824,,,,,,,1.5202093467018112,0.05505656656677392,1.8026364753418933,0.05823605585356376,1428.1438878048782,1542.52435,-0.08499555614842712
10862,material_r_cable,3,True,1.2429370556712491,1.191934731190099,89.09878840271071,560.751060202776,13120.067353820445,4.091525267432713,0.2444076315401724,53681.0870885754,0.2133704826080636,0.01019596,21589.50955416,12171.33099231,3472.27430374,2636.34341354,605.37582573,0.9304532744962684,0.9416942456245756,,,,,,,,0.05657555566732991,,0.058101221736066494,13106.13599811321,11480.426497872342,
10863,material_r_cable,3,True,0.8931735941099792,1.0715053861012032,88.64009355755819,1824.565501246028,10636.691168098005,1.1775208830658257,0.8492418388337817,12524.925977157229,0.4619017318278824,0.21979147,3783.23574795,2274.81723842,206.67877092,383.08827073,106.65264927,0.952823097248642,0.9378635609486008,,,,,,,1.2026951946583369,0.05445360069999369,1.9189425562189195,0.05594963103414753,2406.5222363636367,2063.7605622222222,-0.22944602119810337
10864,material_r_cable,3,True,1.23524128933348,0.9078721975904096,40.92007360878517,1093.214976042235,3724.752720512435,3.709566181593253,0.2695733007708469,13817.216726810397,0.4854286371165782,0.175932,2193.11097178,1342.07612005,216.1752956,252.56591058,75.08550588,0.9471582332711388,0.9393085567529856,,,,,,,1.3370121772622927,0.05488971140387207,1.408531419382387,0.055063537135156354,1309.2221954545455,1405.5463133333333,-0.026049210148219006
10866,material_r_cable,3,True,1.0078814333587698,0.9719525745057138,12.395387775300822,277.54205825657834,16948.344569450233,2.892474224019669,0.3457247748988755,49022.64980693854,0.129416292258941,0.10685997,3760.51493613,790.21992192,124.09123773,369.16589213,25.57799989,0.9755838180712658,0.946984234271582,,,,,,,2.5204506814548533,0.05804075829092745,3.1478695618681534,0.06438900097521093,861.6865555555555,1424.4590375,-0.11068867909366406
10867,material_r_cable,3,True,1.0851177753362249,0.9516048642792034,29.26200369318356,1843.9477212635784,5549.934643414914,4.051872308585988,0.246799485235747,22487.62649611494,0.3413964983632972,0.24199446,3402.79304709,1940.55923602,22.81712064,407.66689796,69.74590948,0.9885156825006842,0.9319811572454276,,,,,,,1.8709602940288013,0.05558583911031297,1.5049904597871668,0.054451698764628624,1996.6032926829264,2140.0890488888886,0.10840496823834427
10868,material_r_cable,3,True,1.1210978399564828,0.9640328731273288,38.498502158404015,1811.4051202822395,10827.05131162244,4.293732857696897,0.232897581927439,46488.46596868355,0.131653842021225,0.19801669,3271.0563353,2351.23272724,177.52885886,74.47404633,108.90567779,0.9800544355349938,0.9884226470578654,,,,,,,1.357654666002725,0.053762937749300466,1.4102811002938154,0.05660357348826205,2383.647288888889,2450.1072739130436,-0.019012881343523264
10869,material_r_cable,3,True,1.0951129735940974,1.2413259527563285,61.61728689586914,1689.073631964215,18261.56507769017,2.598365899223936,0.3848572675228974,47450.22796432885,0.1724978614200025,0.03571993,20433.46080753,12781.53600711,1491.23166877,1748.44802902,654.92336049,0.94743955997022,0.947445378644684,,,,,,,0.9099738710618522,0.05575395772750805,0.7313668432392041,0.05631552417340004,13210.000473469388,12572.080021276595,0.10881776481046206
10870,material_r_cable,3,True,1.239432181114669,1.1041556817962477,82.29145971010858,1739.5074272240483,14448.182129054005,4.43776487528303,0.2253386621652014,64117.63516400784,0.2732177763560548,0.04463993,15008.75994313,9197.11172957,1705.01186668,1215.83232169,477.46363361,0.941631547801237,0.957139601567362,,,,,,,0.9879106615555997,0.0573744680692394,0.751602631596764,0.05677409412981741,9360.36009,8866.615574468085,0.13584721133725622
10871,material_r_cable,3,True,1.0289233455678877,1.1674415491610184,87.56718909073669,844.5184944761533,10187.21559951273,3.0450517555000745,0.3284016431555774,31020.598744953983,0.1140230228876935,0.04961217,7947.95235625,5654.99015473,582.51327442,188.5361705,268.45533241,0.9486796673838452,0.9838190358407892,,,,,,,1.1335271031514604,0.054712201326676466,0.8451084343444452,0.059939792253224544,6210.07481,5518.746212499999,0.14576644528078586
10872,material_r_cable,3,True,1.0995283611903848,0.9220136817116688,72.21181086771563,729.196996381735,7587.786909462457,1.0959459168547638,0.9124537850096496,8315.804081389408,0.3442178508042004,0.18087709,1722.60406884,1283.6519201,78.1194805,73.73634872,61.3348351,0.975524670563642,0.9725871219213228,,,,,,,1.5590710126208842,0.054699057743532294,0.9947011779445994,0.05478997594739329,1139.8624488372093,1385.1309711111112,0.22099458861728616
10873,material_r_cable,3,True,1.389691865100337,0.8479412619030429,29.86987938403165,1754.1274776100247,3843.696746315292,1.861860495887501,0.537097168240484,7156.427130135762,0.3695002278855132,0.19690711,2861.3648013,2221.76666585,307.8738607,38.86375244,149.89028739,0.9323426063587577,0.9827402107610934,,,,,,,1.5311931491800466,0.05423528400198043,1.619037519844523,0.0580908325877467,2346.623302272727,2235.1556954545454,-0.027885059823786307
10874,material_r_cable,3,True,0.9849998477265078,1.0002985488409522,43.354620539240855,561.7793526723709,1415.266142032633,1.523327780217366,0.6564575352635587,2155.9142305593664,0.2523901089378195,0.33811915,726.02955148,495.79113254,12.67874118,61.22971539,13.04303807,0.9799528311294788,0.9415595644878152,,,,,,,1.9006255553041158,0.055278788302758584,1.4684740818883004,0.05507961487558774,518.936645945946,527.3848707317073,0.12826912823983494
10875,material_r_cable,3,True,0.9562021091327896,1.0148355595387824,4.586092280579433,1706.9118380213142,13987.603262094635,1.7577964461560966,0.5688940845151746,24587.359304351376,0.4544529516114538,0.17800837,4611.31604333,2245.09946295,572.80596969,401.50850116,93.77336713,0.9382686057257116,0.9395460834262548,,,,,,,2.005338194539997,0.056575107015876494,1.4373171431748226,0.055335054320458904,1798.5372000000002,2630.6349466666666,0.1649950388998911
10876,material_r_cable,3,True,1.264522395157325,1.042626677779477,66.35354008352314,843.0141794993398,12430.838267070923,2.8031200925642072,0.3567453291254571,34845.13251384254,0.1074636243270561,0.04579798,10545.77597012,3708.16651427,132.61453268,1602.30347826,220.0519296,0.9867180144209704,0.9350112523848686,,,,,,,1.0511821808238389,0.059324250687558214,1.0669812397947143,0.0547954894584879,3343.758988888889,4945.344165957447,-0.007458847989293346
10877,material_r_cable,3,True,1.2589412614642628,1.267840768434593,30.06149366817783,1899.2867007205784,16225.657268454004,2.020652374995324,0.4948896764107257,32786.41289536171,0.3394781171196906,0.04181205,15403.49554982,12242.17235595,733.87837482,314.68484151,694.33427267,0.9708553084425632,0.9825764912184968,,,,,,,0.907356155292361,0.054000280246864256,0.7336124208904746,0.055613439917584565,11363.831291111112,12128.847391666664,0.10587876996769985
10878,material_r_cable,3,True,0.9568613183221534,1.2424250641694183,87.87277990805336,1037.8534951302013,10866.53474692928,3.394033606597098,0.2946346783532921,36881.38411833307,0.3567555323284689,0.02753281,14626.23849116,10557.10041762,1173.2422142,780.09572473,585.42355669,0.9388176496850876,0.9643414536645588,,,,,,,0.9915341099020746,0.056914923483450924,0.7012347815962683,0.058726268080392566,10777.159792452829,10160.584482978724,0.17149377553178557
10879,material_r_cable,3,True,1.3480897466718176,1.0014374747023298,19.13607472407843,1276.9732359390605,12143.197604291536,2.9940186036051664,0.3339992606578587,36356.95953450255,0.4851392248293158,0.04541529,7940.62516493,6293.02776885,476.43100498,433.64871962,418.32061674,0.9719492722857797,0.9713679369989524,,,,,,,0.8877505160154154,0.05409836409560839,0.7409348705273934,0.05539843476907892,5807.975442222223,6151.8279125,0.09014365002664258
10880,material_r_cable,3,True,0.8375449452233521,1.029993079844597,6.902212193955097,927.8809714614838,4998.6644856074845,4.589364029721098,0.2178951143391367,22940.690986891303,0.2672019121935339,0.17918584,3359.85233624,2111.40408517,231.24525414,80.18886572,98.51469314,0.9431456762303084,0.9591439378533896,,,,,,,2.81159630256727,0.061989569089709706,2.1114694428631644,0.054736047109049356,1689.386865909091,2188.023036956522,0.14221359126758767
10881,material_r_cable,3,True,1.2035867120547108,1.2345133000852833,17.842251129458237,981.9674345459812,19979.025569399008,1.1772708591376475,0.8494221973119265,23520.7245968194,0.1283181023531105,0.02966009,10369.38744076,6587.2974821,1598.73262811,1185.21805272,391.52483239,0.9453097431426318,0.9481996600293546,,,,,,,0.912139253482915,0.057611102226063166,0.6967364224380874,0.05602009078774123,6272.1745531914885,7069.871219148936,0.1338840746172137
10882,material_r_cable,3,True,0.8500444986250104,1.1048130989042035,6.743804689385562,1396.3373632952914,3391.029170407455,2.627487910116537,0.3805916655790233,8909.888148098098,0.1050453843304778,0.26273662,2675.16452545,2256.95173567,63.19709285,44.15885625,116.85290893,0.9752595221392416,0.973305716969087,,,,,,,2.5113692749434264,0.05590424613155705,1.0575000932156795,0.05503922060226792,2016.7433093023255,2434.4947044444443,0.4073752866100789
10883,material_r_cable,3,True,1.1188720706056772,1.0108455554746822,23.496197873274426,1592.240343981768,16350.488654909896,2.7350391712289506,0.3656254764170943,44719.226939913126,0.2676092507946463,0.10349841,7611.80577891,3057.01045031,1269.17101129,216.09528272,163.45549636,0.9351849898761408,0.9724768050613712,,,,,,,1.7795458327118459,0.05621353702313884,1.038061196021169,0.059925929874318246,3860.8083044444443,3338.3612744680854,0.2631611254263864
10886,material_r_cable,3,True,1.3912009124465268,1.2370214373760628,27.52347996867181,1058.677804335348,8221.141602782744,2.5648369962368376,0.3898883248593237,21085.88813411899,0.322860638746682,0.03319525,11571.09333459,7598.94727169,1316.44726201,278.03951743,431.62327689,0.9456890499104842,0.9769546130506788,,,,,,,0.8687356882506282,0.056742953754959045,0.6947595104209341,0.05715554594172801,6682.2693875,7518.50589375,0.11127388045547854
10887,material_r_cable,3,True,1.176611739935795,1.0648468191946985,8.202909516089392,1936.889243192929,4923.972311107091,4.613097361876502,0.2167740937497194,22714.763678321066,0.460498366557147,0.15077218,4872.11404956,3945.83813785,105.5677221,152.64020823,179.7825128,0.9853596642822136,0.9728908656463758,,,,,,,1.4286021509601192,0.05408146671647497,1.1139768582635559,0.054803056743679496,3692.970075555556,4143.253532608696,0.12374258245474457
10888,material_r_cable,3,True,1.116452290402102,1.28079891798193,8.597244867089797,754.8701817653101,12483.267840084976,2.7757229256875657,0.3602665059778231,34650.09273122217,0.2566481248099866,0.02139941,12383.56775972,11311.42134601,231.17410335,332.25482669,599.00827078,0.9884274411080488,0.9748491655377746,,,,,,,0.8578938088911727,0.05427739893566091,0.6083566562783193,0.054792691582282615,10911.903395555555,11363.989529166667,0.17018726236789847
10889,material_r_cable,3,True,1.0608043959848463,1.398814184875891,70.00603042813498,1699.4928340509905,9875.629316313778,1.9660787054741864,0.5086266369783076,19416.26450196112,0.3150489226293056,0.05149238,11161.0630546,9642.65087241,186.2399908,358.75853753,575.21945946,0.9822869257255188,0.975839122577984,,,,,,,0.9628324162451921,0.053771225858858206,0.7918934667943331,0.05506561306407246,9631.859664444444,9444.037408333334,0.09741632644909734
10890,material_r_cable,3,True,1.1930043761435474,0.9053070358319516,48.43085291134236,1535.695372310543,7123.23960303973,1.5945325550509015,0.6271430437919642,11358.237444474713,0.2572029492119723,0.20557633,3179.85062106,2187.69164303,324.93879322,93.56948262,113.99275977,0.9398057936811524,0.970255850233494,,,,,,,1.6240731601336824,0.054119144911264336,1.3523189635268071,0.0566232074681409,2188.8810953488373,2277.186768888889,0.09130322394236845
10891,material_r_cable,3,True,1.3242122218761203,0.8970694155686342,5.254721177731689,473.1000229157619,1381.122393250882,4.625104703011958,0.2162113215185767,6387.835676459786,0.461572087837139,0.16863122,957.6738098,632.04937132,91.40698413,46.94205124,39.25544511,0.9515540487052754,0.9669533845799596,,,,,,,1.3187214097028586,0.053903150351116154,1.3737654881172796,0.05732795999137417,691.1835681818183,624.0910666666667,-0.020443582644352046
10892,material_r_cable,3,True,1.2719067839955525,1.1924097778254628,8.927118840322855,984.1498003276456,11775.731474267885,2.68464074860932,0.3724893174321418,31613.608560500863,0.2631137116956885,0.03382078,10434.3010499,7817.58820957,701.99304494,174.93521107,431.19162123,0.9667067534235432,0.9860261601228186,,,,,,,0.8564147097666075,0.0540343171425104,0.6966783670370963,0.05616918190555087,6885.178211111111,7800.924097916667,0.10285046344952599
10893,material_r_cable,3,True,1.282298694263431,0.8336214547860497,21.15174157987453,332.27717033661787,1947.3029088885476,4.075238439345538,0.245384414895879,7935.723667351991,0.4024730999198845,0.1644964,1179.9720382,841.82935681,41.94104354,73.37541067,45.67606288,0.9670521371520322,0.931290015885152,,,,,,,2.8660791165939687,0.05538913395959641,3.574314177292129,0.0706324526450593,896.7294422222222,783.73474,-0.10996767252870908
10894,material_r_cable,3,True,0.8691166449716108,0.981570730772068,46.35571810915369,296.35921262380884,1560.110097684234,1.9496527282033635,0.5129118563189026,3041.6729082476827,0.3179494210670848,0.27885677,537.9161627,368.27534906,27.44370916,29.50630003,15.07165898,0.9639556209712812,0.9592815612535192,,,,,,,1.5877528695753882,0.05820357301936143,1.5742428586162345,0.057285503260372864,368.1187675,382.5439162790698,0.004272621508846955
10895,material_r_cable,3,True,1.0186300237591182,1.283548108529414,82.23231231432486,1893.0461331689069,7887.421548083154,4.390908260233672,0.2277433143061801,34632.94442742338,0.1554585184653255,0.05124712,17032.97185755,11370.06815767,626.53498248,1352.42714317,590.99481657,0.9490552504008618,0.9482630028932004,,,,,,,0.9873499149458663,0.05440032586559152,0.8725196804121377,0.05642895954206309,11835.220431372547,10746.520376595745,0.06174101389706579
10896,material_r_cable,3,True,1.0172302354883829,0.9939048614291744,88.86653009902341,1029.0992572840992,5816.09378002459,1.1434954297578894,0.8745115843722511,6650.676656501406,0.426921245659992,0.2415229,1555.63781386,1118.69756673,55.85913198,51.56587219,46.04052844,0.9796444262346428,0.97989933957364,,,,,,,1.577885778849541,0.05385584587393044,1.4795538492979434,0.055536363479335285,1115.3822333333333,1176.4643863636365,0.03216152778499092
10898,material_r_cable,3,True,1.2783258451626351,0.8476196902858268,21.97117026027052,615.2023790680892,5332.034505066427,2.958058979970943,0.3380595203716401,15772.472549226668,0.4799928946964459,0.12527217,2922.80014862,2000.833543,148.04589435,35.38686142,108.70171112,0.9610202286424496,0.978946430945918,,,,,,,2.28413860913626,0.05345093882411196,2.191798145442465,0.0644920533540713,2209.312771111111,1961.8303212765957,0.020630421910974046
10900,material_r_cable,3,True,1.0121277897983314,1.0862628217782726,0.8928218707285441,372.9886852022119,8858.747810305318,4.528703779004164,0.2208137358500171,40118.64468577456,0.2999133721781414,0.0309084,5490.03737889,3882.37110644,251.78436507,372.92267915,180.86853373,0.981012583483716,0.9546386453158056,,,,,,,0.891296416856306,0.05651260353209824,0.7054353916484853,0.054318291260846,3373.3109022222225,4061.40915,0.11640090353173606
10901,material_r_cable,3,True,0.9445905906039244,1.3420377836091582,61.38955805150846,1225.2137003546388,3636.4308965268583,4.20881630377329,0.2375964945544141,15305.069644847164,0.1455430232919469,0.0607843,8834.26213328,6264.17019162,160.38057292,581.67087817,356.36540242,0.9701951113314574,0.9480206701283204,,,,,,,0.9441823845361638,0.054345294803479695,0.8319616009591764,0.0553090342938779,6339.479345833333,6127.073661702129,0.06318225577060448
10903,material_r_cable,3,True,0.9790156186234076,1.368487964380996,86.72747362033259,652.1733874848521,6677.270481023543,2.3764379838472647,0.4207978524148479,15868.119199526443,0.4871267229834434,0.01812255,12660.32521944,8042.02918558,642.90742725,1775.52895287,516.51902466,0.9470671272709296,0.937941498952655,,,,,,,,0.05672727872232308,,0.055695285207703005,7868.968845098041,7587.023485106384,
10904,material_r_cable,3,True,1.2158475758767988,1.0969005868137611,12.08773252568782,1736.1626105054308,7271.656694382002,1.468791600662862,0.6808317800487846,10680.548275612156,0.4940204310853209,0.11105769,4768.42129496,3373.26600063,570.8091801,385.11642662,193.09090942,0.94122285828735,0.9491986120721172,,,,,,,1.0978610078328683,0.05618842933708392,0.9644357740123657,0.05594163813762214,2969.7395888888886,3333.4091500000004,0.06469739709389491
10905,material_r_cable,3,True,0.890378428245285,0.9903502142992634,7.217923134134577,1848.488207694072,6545.12835540505,1.293227381673729,0.7732592227561511,8464.339205778952,0.4248292920753169,0.31461101,2622.13269323,1672.60451938,131.40743174,250.3436019,56.44346168,0.960190349537076,0.9322831180741228,,,,,,,1.8505402066079881,0.05578996108922222,1.4199008402032611,0.05447028205225041,1425.955575,1847.462695348838,0.13167623578618234
10907,material_r_cable,3,True,0.8927853700358306,1.320280892821034,24.39005141496281,1354.756783955878,1929.708470730323,1.2896220072721598,0.7754210104674195,2488.594511473329,0.1570076100772624,0.31129259,1804.09428695,1524.13201317,72.00122524,14.87042764,93.07545422,0.964604943294308,0.9843180234007236,,,,,,,2.0973132103513326,0.057925085738611985,1.6187815006778379,0.05567395526384709,1441.0946789473685,1632.9827564102566,0.12877274313091056
10908,material_r_cable,3,True,1.3175783798098748,1.290526947020148,73.45699084844209,1912.562259453015,18367.402730146045,2.6189009924076894,0.3818395589978561,48102.40923793118,0.2904697125263979,0.02529763,28995.40920314,18478.80869503,458.76427645,4250.71072273,1005.2501137,0.9822018430516952,0.9345790177337024,,,,,,,0.8754760499683029,0.05600967511852808,0.7023108544976955,0.05415405929226485,18197.354744444445,17619.427945833333,0.10975195381610492
10909,material_r_cable,3,True,1.267294430895823,1.2872515460054943,60.12761732770925,1212.5288188083596,6900.214436355534,2.5822939273020418,0.3872525855508599,17818.38183608278,0.406467918003245,0.04387926,9410.96741998,7625.76838903,392.99332008,397.91717438,417.26027468,0.9679687541260512,0.9684327903024956,,,,,,,0.9034055598938117,0.054254462404287974,0.7318526728226643,0.05519687936900463,7333.970147826088,7408.326185416667,0.10490874385396934
10910,material_r_cable,3,True,0.975114710933676,1.075782885699395,88.07389274936003,578.7898053819716,6663.036842563225,3.770435640964344,0.2652213418352462,25122.55158825891,0.1799019497011592,0.07858248,5055.15115842,2350.49746098,151.44078212,558.58359764,102.83092117,0.9617239631677764,0.9448080107841844,,,,,,,1.1351020569012682,0.054763882498280736,1.9115844780219242,0.060061354973342015,2461.6183782608696,2360.272389361702,-0.25486127706939543
10912,material_r_cable,3,True,1.2838654347535234,1.3000576849809988,89.36846751088943,778.812118637813,16980.636153969055,4.362807148885249,0.2292102231141508,74083.24080515551,0.3570955778980607,0.00725306,42730.02165516,30223.284535,2568.2721495,3168.01653541,1519.9764243,0.946229186553117,0.9498084846663798,,,,,,,,0.056289276008128664,,0.05580535656297871,29758.801735999998,28425.922338297874,
10913,material_r_cable,3,True,1.1520153949160383,1.0417278684106066,6.785200313576732,269.38548084330705,4885.595977935333,2.404055510141065,0.4159637727921357,11745.243931078465,0.3027049628153504,0.05032236,2072.86315542,1096.28175131,296.66548198,113.0910398,64.63482331,0.9529225700955604,0.9686746112130998,,,,,,,1.066650584314135,0.055058953061103776,0.7536607372734052,0.05758797192699964,1143.197297777778,1150.1959,0.17194303157317248
10914,material_r_cable,3,True,0.8422265528751711,0.9856797162335164,49.73899626501272,695.944434745549,2667.1472392951787,2.8128618448421125,0.3555098171044837,7502.316703989383,0.3163421727681492,0.2796108,1406.96072351,943.09639346,52.39858682,76.6454369,42.21141393,0.9658952897382456,0.9526051481553652,,,,,,,1.542155327047131,0.05971877786057323,1.614076018630678,0.05774492596755776,964.441276923077,948.4155627906977,-0.022786888445942385
10915,material_r_cable,3,True,1.3174187394638064,1.3923945196257503,37.11556486281593,354.1427087335955,3292.498764862167,4.360997525936485,0.2293053353166622,14358.57896771284,0.3237027967069804,0.01416592,9860.5664814,7555.67787426,294.16225948,648.04770405,381.13579225,0.9719937860884348,0.9474324969566956,,,,,,,,0.05540949218207184,,0.05488714947802051,7254.62774375,7497.231723404256,
10917,material_r_cable,3,True,1.1636834153374285,1.3623185389798538,24.458060498634413,1678.20490721757,19359.09746528994,4.824887485257895,0.2072587191007935,93405.46708616526,0.1951194344682599,0.01332784,50701.39893094,40186.81844412,1813.88209958,2678.74654958,2036.61823687,0.969356104470194,0.9461290707075718,,,,,,,,0.05613026007453274,,0.055200963094209674,37973.9884680851,40728.30853617021,
10919,material_r_cable,3,True,1.0587336670748482,0.9280239916992146,10.368534223470114,837.6378880029052,15706.887651571353,1.246492142604838,0.8022513466553147,19578.512042460647,0.4053009664147362,0.15386101,2726.90796715,1726.13542203,206.64631642,151.15208498,76.72208269,0.9634056466250568,0.9716939479806532,,,,,,,1.6359384686268958,0.05360930884503631,1.5445965952983602,0.05829030513363517,1929.0396386363632,1582.6838666666665,0.028719027299704117
10920,material_r_cable,3,True,0.8526266509846421,1.339222546280741,31.44308469575776,1120.0395381463727,1879.9837169862449,2.0106058750529248,0.497362517640946,3779.9063063763774,0.4848424568119114,0.14614271,2821.76038281,1884.33096034,296.94625996,45.61451756,124.78686636,0.9345112089618056,0.969162072853586,,,,,,,1.2566168891373148,0.05697267538574843,1.186218440267682,0.05736621482455405,1710.1555209302328,1924.7455782608697,0.0288183358174944
10921,material_r_cable,3,True,1.3147710314587469,0.9535345632313026,49.92431158676554,786.2613027744312,6470.480651848252,3.609646716722928,0.2770354216015535,23356.149240563274,0.3767080896349387,0.06914606,3956.00278505,2410.97445071,528.51719276,371.73991246,150.70323419,0.9473957207385352,0.9534674759860824,,,,,,,1.1648258941844818,0.05608942703129926,0.9198774189326401,0.05597261628472928,2439.799493333333,2603.685972340426,0.11749800257456594
10922,material_r_cable,3,True,1.0464559966788924,1.298235909313973,9.403906797257845,1855.944421782084,18402.447565343136,2.76232498263159,0.3620138855086225,50833.54065131522,0.3086403792049122,0.02665528,28457.79629017,18212.59519099,4279.29990421,519.79833522,1013.42002541,0.9361603292616136,0.9726817897646702,,,,,,,0.9163509918389432,0.05851879105411927,0.635231197854117,0.057230518740738055,15022.509306521739,18122.8087125,0.1811826636399058
10923,material_r_cable,3,True,1.283287859536602,0.8653330805375197,44.51561281081487,497.883838403101,2695.7235986920814,1.983274316194532,0.5042166844164959,5346.3593768455,0.4129103877729279,0.14393499,1357.39665675,1015.54951154,68.4307645,72.38292551,60.07150106,0.9660691598046331,0.9632289138951364,,,,,,,1.2488600417896936,0.05405476426530438,1.140347926144084,0.05492579370247669,1011.3769522727272,1020.6820130434783,0.04541760997869615
10925,material_r_cable,3,True,1.333264912171995,1.0980564647413942,86.22297693333414,771.1559335963855,13608.298334316043,2.241810129223194,0.4460681067341365,30507.221047360825,0.2408045401167165,0.02320085,9821.28234694,6077.76725341,2537.81021395,605.65982231,384.87367311,0.9336700245260984,0.9649507487204774,,,,,,,0.9636892244391901,0.05751400542976029,0.634312747369242,0.05847825601973836,5949.0625285714295,6206.789960416667,0.2061176912674258
10926,material_r_cable,3,True,1.1749777300782316,0.8966810674163447,10.22341535307071,207.40531008716815,15551.567619607027,1.0184567131308733,0.9818777637842508,15838.598441897491,0.3300333228861128,0.0491921,4271.55239243,3116.90432454,194.29287504,288.50064005,151.37559655,0.966613684367528,0.9437262212430382,,,,,,,,0.05907562023438104,,0.14194934164673328,3315.4214553191496,2941.344220833333,
10927,material_r_cable,3,True,0.8885646344807082,1.3355783342376195,65.69165426277009,1333.5086069727606,8819.407632903378,1.4176861767192397,0.7053747270881666,12503.15228801927,0.4974720787761564,0.06431393,6380.23399773,5387.96920886,226.92451007,241.51900735,358.37688946,0.9693961173027732,0.9734193553744614,,,,,,,0.9428064283541079,0.05383542921128301,0.8590611219145348,0.055726568934144335,5329.089023913044,5281.612016666667,0.0464769491115412
10928,material_r_cable,3,True,1.0111195989690778,1.0543311519282297,43.13922119434476,274.36078558079646,4198.0627760848765,4.807578624343735,0.2080049185126964,20182.516865958773,0.3291785920124782,0.02345813,4422.358196,1320.04807464,217.23896858,3218.35449392,60.89017212,0.9526846937859068,0.9380013204515686,,,,,,,,0.057726417121896946,,0.5550828868497953,1225.0133239130432,1702.2718307692307,
10930,material_r_cable,3,True,1.0383881127404575,1.221291110645211,68.93669783125824,862.6518448362156,7680.335446424938,2.510516471058976,0.3983244131348734,19281.608641507897,0.1323305139757009,0.05434721,6705.84596037,4753.87154238,684.91011806,195.05880498,237.21244885,0.9402638636386718,0.9763538896277256,,,,,,,1.165224342609187,0.05664241581147628,0.8564793878946826,0.0599701809840564,5164.1269760000005,4639.954897916667,0.15271523223511882
10931,material_r_cable,3,True,1.0451788695326705,1.3488195302529924,61.35874313576096,1972.3987966593224,2917.997264096214,4.421851098902445,0.2261496322769013,12902.949408838173,0.430421403061741,0.09475863,7547.46336987,6424.92502131,184.78217688,231.6084884,359.29781959,0.9696429171307752,0.9698321633965596,,,,,,,1.0842075376548723,0.05399943632006461,1.0013375691160937,0.05566322295451862,6373.786344444444,6302.494039583333,0.03973539976178485
10932,material_r_cable,3,True,0.951962360205483,1.0372779259560552,27.07453333975002,746.89622141601,14606.998651733184,2.035035240161648,0.4913919819494464,29725.75700927071,0.1877454341346121,0.11588263,4649.73803161,2067.40851513,263.68642933,469.14378631,84.07068816,0.96263988968671,0.9356697209412808,,,,,,,1.8132658383556797,0.05869114484992498,2.009309063653007,0.054730779560827204,1795.4842681818182,2602.3110755102043,-0.05128564654006136
10933,material_r_cable,3,True,0.9679901936399714,1.0581213207812157,72.59350277583697,1956.685076833954,3414.0897756330096,4.81291975114018,0.2077740855253404,16431.740113309857,0.4299788590255869,0.22712469,3958.89150532,2987.29703283,121.52240188,135.62990173,126.58531938,0.9650679569392104,0.9693674388866363,,,,,,,1.2542192143879816,0.054553783236024736,1.6526380233436806,0.05762338986293309,3194.585325,2808.1578088888887,-0.13706170491764544
10934,material_r_cable,3,True,0.9867054468251844,1.3741871407084931,0.1431259960220069,792.5539351088228,16385.337464528864,3.392076874110621,0.2948046394916073,55580.32428792672,0.3985406806286612,0.00747198,35668.57171818,26847.84301793,2535.35085588,2761.46242028,1640.38052616,0.9547548334758648,0.934778100150968,,,,,,,,0.05838735394744895,,0.05518940714354187,24130.463048888887,26854.293384313725,
10935,material_r_cable,3,True,1.278987296836241,0.9574401304964576,81.60120505087261,264.88237085946537,1596.3515258950774,2.259245388099642,0.4426256684056561,3606.54982266428,0.4781320102728651,0.09459529,900.52875129,593.16197064,81.90662594,91.70171672,37.41747345,0.9553425119975502,0.9476846405057364,,,,,,,1.098295744265502,0.056224317847071596,0.948489887240274,0.05451417843151966,515.0173733333335,625.6197148936169,0.07319078985082524
10936,material_r_cable,3,True,1.073526455692341,1.394371586840485,27.599489334292404,1108.1554663407246,3530.7541193941424,1.445098467553272,0.6919943674794161,5102.287367243878,0.2809852493828583,0.10986994,3370.21804023,2614.10122566,33.99588482,351.53423439,152.06712595,0.9880759492151956,0.935323394620303,,,,,,,1.365304344065349,0.056446362425978495,1.066015359114197,0.05476474146780139,2577.958022222222,2705.2447875,0.1230973386839083
10937,material_r_cable,3,True,1.1718368867285325,1.2380393948701678,49.44379794712408,360.7988840878382,15176.609833200351,4.88398580444901,0.2047507998669983,74122.34698501178,0.1389691877876983,0.00655366,26703.45216757,19363.14841983,300.00594945,1232.43416624,911.23858486,0.98797696867062,0.960988641740023,,,,,,,,0.054277115228546585,,0.05452710321303825,19198.977365217394,19257.17880638298,
10938,material_r_cable,3,True,1.3354436254227753,0.9751009209570538,84.1371518952371,693.633764200913,14504.74002049901,2.532143591225036,0.3949223114618891,36728.08448529186,0.2789415614317717,0.03169155,7589.27364254,5438.59978954,900.86891152,195.43424105,339.54798866,0.9559292378639828,0.9845893915353828,,,,,,,0.8771190901470253,0.05534488153043655,0.6398450927044904,0.056272697347676454,4893.669248888888,5592.722141666666,0.1564137110979896
10939,material_r_cable,3,True,1.2218280310150265,0.99967674656141,30.464713528614304,933.9391025787362,6359.979349566739,3.317952575752642,0.3013906851194703,21102.10986462857,0.2946188526309883,0.09630192,3482.2799887,1869.29241927,503.20060154,412.74995294,108.15758881,0.9411736389923416,0.941176008457986,,,,,,,1.4052331038734964,0.05589953124871805,1.159157574244589,0.056659885478368366,2042.7168644444441,2056.2881170212763,0.0959586742100831
10940,material_r_cable,3,True,0.8218682662529093,0.8832914882689588,24.78706382161808,702.2282830544266,1736.4659391015853,1.2261079572558264,0.815588867262649,2129.094705436165,0.3501976852133893,0.45233663,806.15168957,534.77356463,67.7795337,61.37741689,14.97247396,0.9358552232529262,0.9369664635440872,,,,,,,1.7835421898251032,0.08328937627767352,1.5656951389956573,0.055395990969953075,475.06613529411766,585.8467675675677,0.06504377846109463
10941,material_r_cable,3,True,1.3712411915224507,1.1781416863012013,5.072687155300457,491.0471820357215,15761.711120624168,2.2721463302443805,0.4401124992211417,35812.91408109824,0.2874450442914057,0.01224871,11705.8317481,10098.45945302,504.38614869,295.97404962,612.89982426,0.9781965256266216,0.984038804114131,,,,,,,,0.053899340164682896,,0.055473012144338155,9431.56094888889,10006.93448125,
10942,material_r_cable,3,True,1.0682866161710711,1.1591245298406492,18.810300389096703,1197.6288882706672,1823.1803125982672,4.246652124106773,0.2354796132989906,7742.412547125082,0.2882907575439585,0.19351823,2936.1088277,2071.48036481,196.49414467,53.9547297,90.94002766,0.949157482899585,0.9681653147421304,,,,,,,1.4423232946331856,0.05647680935174573,1.2333464680796948,0.056122042997387815,1784.748897727273,2215.990910869565,0.07810262292668275
10943,material_r_cable,3,True,1.2480946759376466,1.2703197705374445,62.537156694753264,244.23571748738289,15090.803910895593,2.4022222676493588,0.416281213219511,36251.46519148343,0.3560559056992148,0.00505138,16294.32526324,13379.71083145,796.22314717,420.25036683,742.62596558,0.9667567623431044,0.9805275004170988,,,,,,,,0.05399389163554984,,0.05584502646874172,12858.073119565215,13102.995058333334,
10944,material_r_cable,3,True,1.270620234952323,1.1208838295413437,29.430669803344205,1286.489229431284,14004.144152691157,4.3580621479395205,0.2294597842008281,61030.9305461319,0.1906078500743842,0.03931741,13287.30203387,8843.45207438,757.02733415,544.93154828,463.68025548,0.9705138211191944,0.9707800291890132,,,,,,,0.8714953441791448,0.05438534032631734,0.6875034255467758,0.055465747375760106,7907.580302222222,8875.556472916665,0.11801928404646247
10945,material_r_cable,3,True,1.0677944257748817,1.2437433981997184,16.024826697571534,243.4775330735216,16311.1741122658,3.947476160687128,0.253326419031732,64387.97096098628,0.2479337362420467,0.00441715,20843.84246406,17927.97958495,369.24512383,1142.47658606,911.42778332,0.9880251501113712,0.9523735863056448,,,,,,,,0.05595754164558995,,0.05474398665927896,17331.39136521739,18353.509217021277,
10946,material_r_cable,3,True,1.3859111548688667,1.3537760067012057,72.13851285000999,745.3891365631406,19465.20351069726,4.270347243845425,0.2341729941145267,83123.17816279634,0.2965630353508605,0.00554913,57312.34673739,38925.61028034,945.39275222,5851.16211377,1928.99928857,0.9772808881253152,0.9371331320827194,,,,,,,,0.05530234357139884,,0.05419987516102651,38617.44726304347,36657.3326212766,
10948,material_r_cable,3,True,1.221396139106642,1.138705712749696,7.2664581422793075,1608.6770981871705,9443.702407510697,3.865787534920771,0.2586795034560778,36507.34705045613,0.1924471874194641,0.07273247,9380.26335175,6136.24219433,837.02473168,210.28781661,305.92017931,0.9576596638842824,0.9775733031742164,,,,,,,0.9648531224935417,0.05455083514109736,0.8436134730753636,0.056511132642391396,5090.892366666666,6265.050347916668,0.06704002701251922
10950,material_r_cable,3,True,0.904715378215821,1.2619806077882338,69.62105036419031,1205.8203154466391,7537.099414855011,1.2705312909715931,0.7870723114857611,9576.120649736977,0.499639344528679,0.0879982,4858.09579313,3250.41866737,318.34638451,519.66260831,199.5615924,0.9472753452996436,0.94257261938533,,,,,,,1.0204355508975693,0.055379940151026284,1.0188635621539384,0.05600792601921406,3260.8727617021277,3141.6500382978734,0.0007708475591296226
10952,material_r_cable,3,True,1.1763938012801614,1.3595248794649777,63.115853789185934,938.0159037281388,19266.984149381304,1.450858607412037,0.6892470395745495,27953.66979200115,0.3896524901548572,0.01411076,20162.08563423,14136.47411838,3508.20344652,1142.74038224,858.75477115,0.9332845916749364,0.9602108739892844,,,,,,,,0.057162596433552856,,0.058236042318702975,13635.61688076923,13780.416789361705,
10953,material_r_cable,3,True,1.00511449708912,1.329536191710369,51.543575987995055,1204.2041235812876,10583.589069401996,2.4175942515129973,0.4136343389194329,25586.82409456206,0.3550553291629792,0.03251574,13270.83153319,10345.15351982,640.30916416,624.94979365,607.11674613,0.9613520733441038,0.9617657749123107,,,,,,,0.8485855084174395,0.054493642742620675,0.6743243136709111,0.05551031688533117,10072.9248375,10213.36980212766,0.11442646978766338
10954,material_r_cable,3,True,1.031118026830706,1.172522233219407,51.75901251239839,776.828488125385,18862.00442612791,3.932255624202612,0.2543069666796602,74170.22298837603,0.1311610748927694,0.01740038,22847.44102176,13840.11098226,2193.64575986,641.75979324,657.17833334,0.9422040598840152,0.9722754146857644,,,,,,,,0.05666595301403939,,0.05861976857849881,14186.066706000001,13649.768847916666,
10955,material_r_cable,3,True,0.9618272970104672,0.9129856983344498,83.64462139855361,484.2161853970615,1610.1028938464676,4.025164878047678,0.2484370281212005,6480.929618353731,0.3927443570981755,0.28914957,770.47416083,483.69276947,91.98282612,19.65498939,11.74967327,0.9343256196855472,0.9777738339515636,,,,,,,1.686520828945165,0.0553808179987156,1.8341839494940346,0.058738173893108585,480.9617825,478.5752069767441,-0.04194135261018157
10956,material_r_cable,3,True,0.9367779975610768,1.3071118706507732,50.09334305054153,1968.1628801230677,15290.066672317109,4.457640634953767,0.2243339205405398,68157.62250967305,0.2283601297931575,0.02588155,31738.92645531,24358.66262801,415.6783773,1483.14184314,1382.65813352,0.9827957413446142,0.9557381113078344,,,,,,,0.8726314683933603,0.05427318058940257,0.6380719401545972,0.05492219832458658,24225.464125,24155.546251063828,0.15526510823472262
10957,material_r_cable,3,True,1.0084168874756203,1.3417198569943878,34.46786230595682,405.4954494265266,16523.58102474804,4.937565136469576,0.2025289737676277,81586.25759742616,0.1329127730541638,0.00373115,48078.6541515,32498.62435499,3260.92301418,2149.79042095,1758.34668423,0.946566239949714,0.9473740314771764,,,,,,,,0.05697398200259288,,0.05625848022666516,30583.174414583336,32581.598082978726,
10958,material_r_cable,3,True,1.0815598730914422,1.355642613181974,59.29834166860901,718.2850333278817,2329.237494429738,4.691853091174464,0.2131354031269722,10928.44013831963,0.3110165932031168,0.04061199,6486.65165259,4909.9149775,693.33820796,240.20125449,266.5082296,0.9353287442848416,0.9630060638255372,,,,,,,0.9976943719212368,0.056746368846852795,0.7481667979701723,0.05849519908082378,4856.100126923077,4814.069172340425,0.1429252097786131
10959,material_r_cable,3,True,1.279438344030992,1.1458217805712845,80.46360858113428,1590.5394784348352,8731.89478122706,2.898773031260931,0.344973541983386,25311.78110362907,0.2437734395625396,0.08106597,6227.02947059,5159.89092007,388.50998162,158.70567922,282.38594399,0.966411314870298,0.9844081386648308,,,,,,,0.985177004080017,0.053943943408683845,0.9301415019992444,0.056157292628957974,5094.05023111111,5064.016389583333,0.028734386425071718
10960,material_r_cable,3,True,1.3402508087873604,0.90954552468123,62.70930225786436,759.0354410119216,8594.819425936628,2.995604282626899,0.3338224630668114,25746.67788074063,0.4075682635896733,0.05388631,5290.14657591,3473.76056764,852.30690336,198.90614016,211.62481405,0.9429364636049016,0.9739051485863754,,,,,,,1.2253718264026914,0.05850095836025782,0.7468760076961525,0.057148309413312455,3414.0391652173907,3700.9146687499997,0.24261444755251685
10962,material_r_cable,3,True,0.939012619623317,1.1219476339251906,84.3405795164584,738.6007859933557,17357.364200513293,4.121893657557855,0.2426069382373346,71545.20941001752,0.4727078830574382,0.02021246,17654.2902526,10279.22123577,1434.6394417,1226.01521853,523.58779758,0.9396223970399956,0.9604637463437148,,,,,,,0.9524419858081979,0.05713392189703959,0.6820030375970273,0.05849718098443797,10316.030582692309,9695.279321276596,0.16546224824848157
10963,material_r_cable,3,True,1.3549916980239929,1.0477366592532606,49.27767877132307,1485.3695156974009,4502.105456886196,3.6691409390148766,0.2725433600456048,16518.85944362342,0.1335396874648686,0.13769731,3672.4679809,2231.81816342,244.74826623,519.73599941,127.57064451,0.9557742917420794,0.9325992072367136,,,,,,,1.169856552884166,0.05560780635642476,1.263207721559312,0.05434831590477736,2159.6159511111114,2456.8633673913046,-0.0383677363790558
10965,material_r_cable,3,True,1.2416640157498169,1.3383508282734538,88.42119321185645,306.8116003692363,12314.000370556983,2.312595730864518,0.4324145317115888,28477.304686814176,0.4509878772763174,0.00586174,16476.81360175,14756.8559173,509.53048255,371.76526156,839.66982471,0.9736328574597564,0.9828770449203336,,,,,,,,0.053815662642280875,,0.055511137863206376,14369.842804347829,14498.963314583334,
10966,material_r_cable,3,True,1.334305958922046,0.8117257821272926,25.77786170866113,543.2742633095896,8969.187761004425,2.5470539908090157,0.3926104446974727,22845.005480981697,0.4296797775451904,0.07408426,6852.78695457,3944.11151669,632.53832338,398.43565419,224.24408394,0.9508909298527868,0.9609595717805994,,,,,,,,0.0878828097100276,,0.12098927584572376,4767.292042553191,3883.4631520833336,
10967,material_r_cable,3,True,1.314943000222362,1.2098169802345562,17.469562745708046,1038.4193136551007,1012.0688662101168,1.2135545884005914,0.8240255605789877,1228.2008163666717,0.447668017730259,0.29263966,1324.12544123,1027.53504727,6.73637577,67.30483621,38.71482435,0.9893308800581374,0.956558804480806,,,,,,,1.9294981692719437,0.05341558381171896,1.536546679836841,0.05387797493271328,1073.2599585365851,1045.3671953488372,0.11337172672077261
10968,material_r_cable,3,True,0.8158365503721065,1.006862853062342,58.230919066619,637.6492361137973,1025.5135259996607,3.4405086698697858,0.2906546955563542,3528.288177270567,0.2881980242153462,0.33877286,1021.42283102,757.3046734,46.86397026,26.60909559,37.9723374,0.9504571286095004,0.9675398128674532,,,,,,,1.3507371779083732,0.05730444329786948,1.9197582484454139,0.05423412156857442,812.0380729729729,739.7675853658536,-0.17398619975183127
10969,material_r_cable,3,True,0.9031512123799924,1.084505711571538,50.43506578845773,237.18541525632676,18476.66194759176,3.796037838754519,0.2634325690304763,70138.10788693409,0.3597162596868887,0.02422398,8664.50677954,6162.86288195,147.86910633,312.22985432,278.23084501,0.9805546341574214,0.9656536134358908,,,,,,,1.50823192659564,0.08130429773590234,1.3155279886356992,0.09623894560192196,6094.017266666667,6175.270860416666,0.06824374017086131
10971,material_r_cable,3,True,1.2131639724863343,1.2167612998320498,55.96059881069341,224.2831774759607,14292.824084497734,3.901025078603448,0.256342879076798,55756.66519769302,0.2689841181130095,0.00478157,21261.28453723,14492.9005268,223.99904573,1286.27123363,724.83780662,0.9889273719369518,0.9570774451562044,,,,,,,,0.054382263885775,,0.05426963153395863,14366.922165217395,14204.95206595745,
10972,material_r_cable,3,True,1.2654799799400944,1.0535715853045882,23.40146032244766,867.9638302509236,15662.876092673643,2.7004622780431946,0.3703069685996942,42297.00605392976,0.4046455134467031,0.02511674,12116.33835564,6725.38760059,370.83216697,2482.3384778,418.2203293,0.9799887777241324,0.9332362339495188,,,,,,,0.8672213680149311,0.05695950464468756,0.7656597933313134,0.054507776108839355,6133.664833333333,6864.369316,0.06219777476021849
10973,material_r_cable,3,True,1.2961121915323714,0.9768415321801848,30.57293041120383,1692.6467887423523,5421.776770535102,3.5854346273546973,0.2789062147084219,19439.426174863875,0.4594375365457432,0.13474579,4422.04381587,2656.80873193,113.65298215,637.81409801,157.21499863,0.976576674057196,0.9331934802133904,,,,,,,1.3290327702052978,0.05527995984323939,1.2668576052463631,0.05400776009308318,2542.8587444444447,2668.632904347826,0.023951383135012667
10974,material_r_cable,3,True,1.0641346733101047,0.9999546181344462,68.24704020904507,849.5844553682371,4910.818841417561,3.273362399269991,0.3054962689810988,16074.889745122866,0.1606831312116478,0.19051048,1884.06276495,1108.85912914,91.35751556,145.1900136,46.72900458,0.9703009810015472,0.9615681067467324,,,,,,,1.264296435525843,0.054703543119242276,1.2840763006541576,0.05575484079271113,1200.9197,1137.8600369565218,-0.007761762966419294
10975,material_r_cable,3,True,1.022606495617986,0.8873017651450943,84.8948673284979,250.07792614582672,7994.536849337216,1.912249643595501,0.5229442731754173,15287.550240856192,0.3304830280408351,0.17719008,1759.50732815,722.79332368,70.50122437,56.6207599,31.02162258,0.9547186607367372,0.9640033301552544,,,,,,,3.306855268793682,0.06206573705700802,4.717886781788659,0.05671197366470272,598.2336727272727,764.9065369565218,-0.1758351239330591
10978,material_r_cable,3,True,1.2197158600978533,1.012556790970447,17.35644190842361,400.8244373459248,9688.852606251769,1.0688836897910414,0.9355554861123312,10356.256523611935,0.2291297193217916,0.00918961,5985.91861208,2397.71901198,819.85447044,7176.29294202,133.36765133,0.9348488774554552,0.9359535676746312,,,,,,,,0.060024190155994424,,0.16912821458415414,2844.5852361702127,2551.814920754717,
10979,material_r_cable,3,True,1.304931492482023,1.1188280038325742,2.4419373812683904,1801.6346261072415,10476.16931501318,4.783160065542843,0.209066806524801,50109.19470743636,0.2987925042611496,0.05717337,12828.29618223,8716.72739061,978.69655427,219.50577229,447.01680048,0.9615546862790194,0.9829877790188202,,,,,,,0.910083321925396,0.05421645738716568,0.8054341638950951,0.056530551148647266,7267.005673333331,8789.834152083333,0.06100151056184055
10980,material_r_cable,3,True,1.3355149771953203,1.2782543353064886,7.719204683929561,1358.9550335926542,17633.04138394287,2.6911454873354312,0.3715889775212875,47453.07974839676,0.1306293819362274,0.02462127,19065.97834562,14754.41884315,674.96566357,1577.08697162,786.5825264,0.9788920286204836,0.9512551989832227,,,,,,,0.8582598845056683,0.05542432556516988,0.6255325422612791,0.05437318848890197,13627.393582222223,15271.71902765957,0.15684629335349926
10981,material_r_cable,3,True,1.2908545250468637,1.3975707059593545,11.074807226971991,1658.5240587174285,17372.209005589666,2.614180996148214,0.3825289838283653,45414.098643527366,0.4757534674774308,0.01506913,35859.31942844,29405.43466928,1864.30717298,1848.58226573,1658.91244086,0.9634993331988522,0.953774882347552,,,,,,,,0.05524876440396481,,0.054841392191871015,27054.205767391304,28975.20573404255,
10982,material_r_cable,3,True,1.0298983659731418,1.1446202204468796,54.71816007187123,1772.6027194332603,14345.469214483262,4.048005082406867,0.2470352629610383,58070.53228973949,0.2053456230239975,0.06728026,12523.24037083,9511.08716323,210.16787711,441.34572883,448.94156971,0.9849023185065202,0.9737285383322356,,,,,,,1.027791871009421,0.05395253923949023,0.8333427654194702,0.055127977139430656,9497.994844444444,9378.482683333334,0.10447879577538566
10984,material_r_cable,3,True,1.2944273363861898,1.3633601522753205,11.457570742911187,684.9322525977848,7495.201249083169,3.481721770443258,0.2872142192662023,26096.20536278637,0.3936119362907916,0.01410599,17432.52033478,13623.24860158,1044.86768842,953.04531179,719.96624233,0.9603421010340928,0.9508400592070484,,,,,,,,0.055767134880387266,,0.054979717687724756,12279.431006521741,13525.946859574471,
10985,material_r_cable,3,True,1.1987058503787262,0.9541705768340134,21.740790433825037,1659.8910643842,6455.6769955248365,1.2327981273821114,0.8111628155402328,7958.546511066794,0.3382391722906886,0.2102241,3275.03060918,2099.05337201,17.0568666,324.37988525,108.4325376,0.9880906593785908,0.9405989288779938,,,,,,,1.6892204917314868,0.0540777795489943,1.4706137217039656,0.05359256361033278,2214.1488476190475,1995.6685386363636,0.06918298722699324
10987,material_r_cable,3,True,1.3362031020911969,1.3258320173805545,78.29835581505586,1264.9971021976562,3741.6323459111377,4.739942099244015,0.2109730412444262,17735.120676277347,0.2308891370633953,0.04680794,11857.80727876,7222.67418765,301.13997573,1933.30849559,344.82974867,0.9627002502812072,0.9301069112728056,,,,,,,0.8899160907126786,0.05637305347710415,0.9592796193080578,0.054886574652928725,7268.306341666666,6748.006962500001,-0.037510106809950025
10988,material_r_cable,3,True,1.300775561779331,1.268205510373105,56.697051062727546,1106.7964924962273,11336.39867055407,3.722299735690045,0.2686511218889305,42197.47377508039,0.3211108362696076,0.01970545,22766.03018175,15043.78677596,2879.56568311,296.79485918,767.40376152,0.9360006642730624,0.9848273362920932,,,,,,,,0.05741344180341595,,0.05905752997695435,14355.74954509804,14798.385385416666,
10989,material_r_cable,3,True,1.2305761718592576,1.000725004367861,0.2902756280393603,646.6045305633006,5251.368024756664,3.107455418758969,0.3218067084609606,16318.39202442768,0.3056702925206481,0.09396786,2283.75426112,1517.28153683,250.84498086,108.81753501,91.26728202,0.9598495231589044,0.9735197668745308,,,,,,,1.0837726086597068,0.05400119072075585,0.9754651859079304,0.05716760471012903,1601.0334666666665,1539.5814395833333,0.05259587942562841
10990,material_r_cable,3,True,1.22411918950866,1.0249598916669285,3.236789308485504,268.49681241367176,7553.960031510004,2.624655649642834,0.3810023612568304,19826.54387387889,0.3829510497648131,0.0231496,4258.3556569,2296.69768759,258.724018,637.67497171,144.14664585,0.970981668325238,0.9438753142498,,,,,,,0.8166084422998919,0.05559196732957101,0.6979091641207558,0.05471850615324003,2132.7077644444444,2371.764225531915,0.0783743138250241
10991,material_r_cable,3,True,1.194488133111233,1.1677346329842846,40.96068373924792,1909.5730982367832,12626.207231000191,3.7850539103152223,0.264197029604981,47790.87505214761,0.2221001332827012,0.06397205,11723.46715513,9501.98269529,248.0356952,378.1312497,467.44308189,0.9855816900122694,0.9760086361889952,,,,,,,1.0374103836448907,0.053964710435519966,0.8085762615508889,0.05499895502448759,9223.915262222223,9471.722337500001,0.123963043118187
10993,material_r_cable,3,True,1.1506169604749243,1.308184591107409,81.66390896625056,1184.9390362535596,17463.388116009235,2.0861789394464685,0.4793452666458864,36431.752498998205,0.1696584935892612,0.01990777,21013.855812,12805.30176813,3162.80380146,3206.16823701,693.29012096,0.9311623822244808,0.9361268990926735,,,,,,,,0.056148663805555735,,0.058150635740923405,14103.88971509434,12269.859329166668,
10994,material_r_cable,3,True,0.9736148561632596,0.9690497998192188,60.33986639630495,1057.9972733529532,6448.026789859152,3.9387987767219377,0.2538845106558729,25397.48003216751,0.2893743613666495,0.20997569,3012.63779335,1380.82697053,75.82910393,309.75488006,46.84340776,0.9757994040573382,0.9397154685156962,,,,,,,1.3482780204510252,0.055914426650251106,1.8663231816709074,0.05611697178998475,1495.8612386363636,1532.6594826086957,-0.16115378818309553
10996,material_r_cable,3,True,0.8242824871357101,0.8816209468763623,80.8834976334415,1096.4240309943852,2703.017775808634,3.055854472234075,0.3272407142048619,8260.028958733015,0.3723049243044443,0.38975975,1724.9714294,1060.21354596,61.41177423,116.81779916,38.41802366,0.962977020115192,0.9383430838533704,,,,,,,,0.05503728258753173,,0.11035007241889963,1189.1540837837838,936.9603625,
10997,material_r_cable,3,True,1.1328572721508268,1.1856093179926233,77.6835617064893,314.21060694750474,14024.48936478546,1.1265422587316694,0.887671982341667,15799.179926563686,0.1897581524226739,0.01815669,5704.38546643,3491.60864661,1138.28823618,318.28057338,206.95965647,0.9407659493893132,0.9704816182874356,,,,,,,,0.05783833212453595,,0.05914086943883758,3861.8131240000007,3506.538947916666,
10998,material_r_cable,3,True,1.226551021283223,1.3910738603439694,20.321753381197446,636.9924164489219,8090.82375504948,3.4587262117678272,0.289123781060681,27983.944196383432,0.3014001612730166,0.01335258,20293.32181926,14016.13937745,1661.39119312,235.49098543,746.85586732,0.9491806909148972,0.9822007874471418,,,,,,,,0.056046894355835826,,0.056511403443045866,12431.470393617023,13859.269891666665,
10999,material_r_cable,3,True,1.3776760901009624,0.9327937699220838,83.0999031158371,1704.441134478922,11599.470847093373,1.8639276699179144,0.5365015049344909,21620.57466830353,0.3154691836333096,0.06769801,8967.80176865,5306.59969719,1626.80880817,781.85521441,336.95369667,0.931692639015363,0.9381959229238004,,,,,,,1.3663257420851838,0.05937105181501345,1.0520647528187144,0.05533141927633522,4599.906946666667,5934.692578723404,0.1299463382479749
11000,material_r_cable,3,True,1.155008925892903,1.208154737966751,77.56357600897758,1896.201379627252,11983.360117514696,1.18536908051009,0.8436191026424262,14204.70456391968,0.3975489014255975,0.09287881,6227.35489387,4894.17991681,307.34215797,432.96303413,284.57879103,0.9691252158986848,0.9613925773135266,,,,,,,1.0666383577071903,0.054480274884765076,0.9009036754227211,0.054875228971840766,4682.8137822222225,4766.277872340424,0.08423437949166608
11002,material_r_cable,3,True,1.0990518940655374,0.9586287421088054,22.14649429250289,1629.538066445043,5845.298965227216,4.54819386947941,0.2198674965705586,26585.552918920763,0.2364208731895818,0.22600556,3035.10198018,1779.59413304,234.23756243,190.24833513,67.37156506,0.959521833368206,0.9584110825676248,,,,,,,1.4186318971361611,0.05474442912288002,1.2656412616321,0.055724010445056364,1666.3081348837204,2015.1706755555556,0.056995181360105805
11003,material_r_cable,3,True,1.2485422983822898,0.8862283730784437,21.88902455497164,1714.8595766721596,2601.217961312919,4.010923501737474,0.2493191404839345,10433.286254171626,0.3886898811923701,0.29092393,2240.54155405,1504.66402377,153.24400501,90.47806134,67.0506824,0.9546781207246852,0.9666876314690932,,,,,,,1.3551453657683996,0.053634689235900986,1.6952793476510521,0.05558874580497189,1468.0998878048779,1583.084406976744,-0.1115038113828322
11004,material_r_cable,3,True,1.300551155438127,1.0331668106614025,9.889411429189792,1899.9179826698269,11913.546130023262,4.936204919861469,0.2025847824867174,58807.70502001739,0.2268552439013369,0.07414983,10348.79646835,5222.87139426,1474.46109814,464.66489514,307.69824622,0.944932368372544,0.9651240639272616,,,,,,,1.250268172337173,0.05537380360446699,0.8708918119796027,0.05811043406803842,5626.627028888889,5576.40278125,0.17885325159939178
11005,material_r_cable,3,True,1.1528337697635591,1.3839320921263836,41.74623943746582,1996.4633347579595,14702.678021346626,4.028001743804762,0.2482620573682825,59222.41270858416,0.2805999236000001,0.0204168,41464.65275276,28390.88651854,3393.900945,1012.75247836,1518.41499012,0.9417333575105198,0.9674495307154968,,,,,,,0.8216168320815908,0.05701725453457068,0.6250817912559559,0.05684884207053932,26792.574561224486,28046.812338297885,0.13585071393254444
11007,material_r_cable,3,True,0.8337666391536064,0.9850191277259082,18.75315635064841,483.0839014194074,9391.438349703532,1.7461246143568228,0.5726968120017858,16398.621666631956,0.310210869460624,0.21480442,2303.68315777,1181.86234627,55.59983405,22.74384096,53.62767992,0.970156071967003,0.987659239329278,,,,,,,3.160406993153826,0.06304423637682274,2.886327868240171,0.05965373616499102,1087.019719047619,1246.8553047619048,0.045326797221346915
11008,material_r_cable,3,True,1.3567381858082557,1.3778482634244744,24.98857362463446,1759.7745493729335,11726.189694939285,1.8883258180667497,0.5295696274617432,22142.86674850211,0.1661145056892426,0.04318723,13039.04242988,10101.6936643,675.12803359,1205.3897607,567.00390082,0.9683949193479662,0.9481417699357964,,,,,,,0.9115556358724982,0.05545396785058275,0.7008799596876666,0.054576963947315905,9400.633534782608,10296.486623404255,0.1306568006591558
11009,material_r_cable,3,True,1.332560307772222,1.1506366393080651,18.320622390603265,959.7682912341312,6848.264469394403,2.372177733515074,0.4215535732721881,16245.300487519828,0.292602085101176,0.0505222,6082.43103975,4067.57696001,687.30615588,529.89241354,241.22484478,0.9498636246895412,0.9513699059694702,,,,,,,0.9237894441129663,0.05607909067188839,0.7429214469945628,0.0557914560308348,3636.957630434783,4103.1059808510645,0.10851791878447303
11010,material_r_cable,3,True,1.1429984883939863,1.0054264382853206,69.78942465882523,877.6201529641386,13902.156632267111,1.841826179973523,0.5429393994249639,25605.356043402116,0.4410457669559507,0.06757668,4987.24998879,2736.14416836,768.20581914,148.22565822,162.8676981,0.9458872246304112,0.9808367706830452,,,,,,,1.1620080463889821,0.05596741364876654,0.8325929449940803,0.0579607084838411,2507.4355022222226,2814.6817666666666,0.1651533829663267
11011,material_r_cable,3,True,0.8786802205810801,0.9562143200042884,83.0247876771219,836.5068803154799,8390.899938712242,2.9491478522505608,0.3390809990204043,24746.00453270257,0.1097978413270044,0.24130522,2597.9154603,1507.2728427,83.06303272,73.83087405,60.68785813,0.9718983483255336,0.9744970242523108,,,,,,,2.456425767434734,0.054618495327397494,2.250596881586332,0.05919822661195786,1584.3747720930232,1260.905911627907,0.043728042373284204
11012,material_r_cable,3,True,1.3585533977596145,0.9634071627893914,44.44023112513556,958.228505689066,1253.1127104548857,2.966371278044132,0.3371122176787482,3717.1975524454047,0.1881222284305841,0.28921301,1215.05229902,852.36551495,130.58876335,1.76131224,40.97571722,0.9359068088492044,0.9887319530654132,,,,,,,1.4071264910116912,0.05366024783000751,1.8155863196213655,0.05660667781879353,845.9652425,924.6821219512194,-0.12674409809710538
11013,material_r_cable,3,True,1.1426960982223748,1.3657770927964763,1.0378541363378813,529.33194491249,15016.727533184036,1.3312848962842936,0.7511540187912202,19991.54255654441,0.4924709790605049,0.01139676,13736.43624406,11507.97457811,760.30098224,459.88750986,720.53837523,0.9682010483186154,0.971963433763025,,,,,,,,0.054539534661946436,,0.05510502908233427,10592.730666666666,11327.665483333336,
11014,material_r_cable,3,True,0.8595538483043859,1.0819073464747817,41.13185089984069,228.10499242969695,13322.664757274635,1.462133453199744,0.6839320978612399,19479.513827376497,0.1333436150843289,0.08028269,3284.84140597,2124.61459904,78.4253227,101.52069996,98.42032595,0.9564357010808014,0.9538309991030988,,,,,,,,0.13516871206208964,,0.12532145377205675,2085.2211772727273,2116.4850425531913,
11015,material_r_cable,3,True,0.9897459105334482,0.8642614308325036,63.98157844876946,1588.76654041518,3171.09364956062,2.678897088315521,0.3732879491196862,8495.033544583785,0.3203105036222726,0.39380016,1981.82753227,1309.40128032,131.19855012,41.78337377,26.75732936,0.9540215618187572,0.978915839537725,,,,,,,1.6075543191294532,0.05413161702146523,1.8120004864073098,0.056043599979357636,1308.2295230769228,1414.8689292682927,-0.05978736382491315
11016,material_r_cable,3,True,1.2922827637249372,1.0684567179302151,14.646234775841805,1393.2924127911758,8188.85127020226,4.259478191132185,0.2347705411620375,34880.23339585162,0.438788304954264,0.06220946,8357.91754421,5767.91748344,539.9900487,229.36165515,318.18056118,0.9664865528424048,0.977284620554001,,,,,,,0.9286793941844077,0.054126463584765194,0.8203482316078186,0.05594650432225901,4940.013637777777,5737.684964583333,0.061937936816475546
11017,material_r_cable,3,True,1.379436935971639,1.0588668972362036,2.764132075160566,929.9252253361724,17534.8478530801,3.2656567909045098,0.3062171146659364,57262.7949688884,0.3891904489050952,0.01777631,16672.19548032,10730.91469044,1164.28394613,2112.91342169,686.19291531,0.9634703513405968,0.9439919021457622,,,,,,,,0.05529157838587972,,0.054773996890955655,9579.350593333334,10670.191195744681,
11019,material_r_cable,3,True,1.2996840846807596,0.9881136667473748,28.60733758636992,1663.418819329508,8471.112856034204,2.128711780204493,0.469767682642286,18032.557728081734,0.2963687850383715,0.11717374,5206.7410995,3176.20883329,224.38736831,661.07133721,191.86714662,0.9665811840884192,0.9384832037955804,,,,,,,1.0944421521930643,0.05506530644090112,1.209836052273964,0.05427030311624462,3128.3876488888895,3159.873352173913,-0.05007811116609068
11020,material_r_cable,3,True,0.8973221609802682,1.3804205967108307,33.96919380383411,1785.622029624237,3138.9234210299,1.3940991337208275,0.7173091036438825,4375.9704220738,0.3276908782153153,0.1946686,3256.36590646,2482.44498458,225.28982167,109.92461085,157.27929901,0.94681113609516,0.9560116555947988,,,,,,,1.4276468718268045,0.05795711112809856,1.230107484390218,0.056159217756594534,2344.440128571429,2556.697562222222,0.07432567534862734
11022,material_r_cable,3,True,0.9086825923228397,1.358323527243818,47.65387113881753,1428.5857292244486,10256.28402232302,1.039170302056285,0.9623061763997914,10658.025765452465,0.2860073489806455,0.07835808,6607.85164445,4659.54760593,640.15760487,387.23986237,287.00835683,0.9421192390953284,0.9527851385814872,,,,,,,1.0781886751923748,0.05672709858824297,0.8665983521346938,0.05663424306282311,4671.313376595745,4690.429414893616,0.10879871167615329
11023,material_r_cable,3,True,0.9115729758819062,1.0314730668030692,67.63026214545219,1016.9895878615414,3045.245813885698,2.6496815991670486,0.3774038361116139,8068.931797993418,0.4754056853902253,0.23663376,1989.35020935,1274.33846497,120.49057589,138.76597846,54.45644098,0.9467286159486596,0.94682371450918,,,,,,,1.2112987601339087,0.056228875445748804,1.633713937071175,0.057315200174215035,1319.1976795454543,1205.1510136363638,-0.1484756737121924
11024,material_r_cable,3,True,1.1909645873535688,1.2034253355936977,78.34765069106615,1324.6485052421745,16298.377261847125,3.793540562013313,0.2636059859260549,61828.55523781254,0.3719383070937148,0.01983712,22464.06640497,16896.06069211,4041.1890471,803.13692942,866.33401456,0.9301339421133532,0.9733320589218882,,,,,,,,0.056375592190733105,,0.060193641202441986,17018.951475471695,16324.049254166666,
11025,material_r_cable,3,True,1.2559159171294043,1.0946544778772558,1.716664358249483,1673.079975092934,9743.600055953231,4.85038649745473,0.206169137351169,47260.22614799471,0.2321706184383725,0.05766979,11715.79206352,6267.52000145,1547.2889419,1312.37088955,318.80262813,0.9425459856286216,0.9343511054084492,,,,,,,1.1433943125077675,0.05767848485325153,0.939136566136048,0.055949327722792125,5277.191064444443,6880.29590212766,0.0980814971179376
11026,material_r_cable,3,True,1.265355481179858,1.1340527409230563,34.40059169757316,927.3691651161135,16620.283007769496,2.183691699753278,0.4579401021275044,36293.5740516167,0.1167017689568717,0.0344893,8570.80895745,6040.45914251,710.69400849,611.08025848,364.74839701,0.9667231991003172,0.9664920588888288,,,,,,,0.8452063509323638,0.054578609484450306,0.6643278147122835,0.05548362892450805,5756.227052173913,6163.01210625,0.11982407575573889
11028,material_r_cable,3,True,1.1419780384870717,0.9105919007231744,78.68647753082422,1270.762872504451,7237.327782651689,2.1986621201011856,0.4548220442138597,15912.438446472172,0.1159745247141004,0.22115215,3138.36655671,1923.36550259,140.95478687,170.70686728,92.69900036,0.9650255108701188,0.9549029561636372,,,,,,,1.847160150113275,0.055580113103446405,1.4802632769683874,0.05467580150001039,1601.330673809524,2138.111302222222,0.11026455790349375
11029,material_r_cable,3,True,0.8830538007183562,1.2453822234370586,67.82210211616886,1748.6651475215724,13723.30974554916,1.4046899752489534,0.7119008589940067,19276.99562680917,0.1615203962227658,0.10396359,8340.79032709,6029.27736984,146.5182718,541.60308807,320.31392835,0.9751440890809432,0.952631227726895,,,,,,,1.0563796500705385,0.053625790856119536,1.3101394009138674,0.05619090513902001,6252.027984444445,5884.201842553191,-0.10722911811665828
11030,material_r_cable,3,True,0.807078861243808,1.130604349978185,55.38954112215152,1983.830641008131,5623.70829513714,4.911301555514562,0.2036120137801697,27619.727297667185,0.2935984493949917,0.14141268,6424.42356453,4992.36625044,205.49427646,211.8326051,266.52196916,0.9626930498402478,0.9657789919250632,,,,,,,1.1318433857783448,0.05492078799666496,1.2380694933521712,0.05729626382324787,5062.680565909091,4934.998491666666,-0.044822790115727436
11031,material_r_cable,3,True,0.9221023463741886,1.3359485530772897,82.93245007881274,1991.5004853679395,4831.024551180732,2.805172784450144,0.3564842798786867,13551.858591982658,0.1713593046601899,0.10957342,6763.73982707,5735.71542932,401.09437338,66.10055681,331.45589338,0.9366375002984204,0.9890375915307856,,,,,,,1.626007106087035,0.05559055870576937,1.2901645198095941,0.060567606269218054,5990.557541176471,5653.755402083334,0.11516557643419907
11033,material_r_cable,3,True,1.02767753345487,1.132778097880254,58.28790635702481,1135.664517925481,19013.36068088518,3.301067799683109,0.3029322815169069,62764.392707430976,0.188495195961625,0.03905289,14627.68051575,9069.15473625,1307.32680764,291.35463764,430.68358708,0.9480337926528798,0.9829215122038812,,,,,,,0.9844266691932038,0.055184940637997774,0.7512943693177653,0.05909437140749428,9550.591510204082,8928.826595833334,0.1343143827279047
11034,material_r_cable,3,True,1.1928323620848111,1.2147288079185206,67.23322962275658,1167.992938655379,2426.4606527970645,1.306477875956857,0.7654167119114862,3170.1171597591974,0.2939979659559457,0.22326493,1747.12928292,1387.88115962,141.39970981,22.28380145,62.1470471,0.9489921192556144,0.9832219606527928,,,,,,,1.2346723660264791,0.05447267881287852,1.5733487586548094,0.05682268800136056,1375.8919558139535,1422.8030866666666,-0.12061034358022152
11035,material_r_cable,3,True,1.2411221870884697,1.14870566486029,36.0152089146421,1217.0389575528748,16274.597936341132,2.0016911689556265,0.4995775649656013,32576.718967477507,0.495159995889453,0.03147927,11942.18355344,10021.90714254,229.19274802,490.06678727,592.50382456,0.9877864204066884,0.973572899616416,,,,,,,0.9018090825433853,0.05383414974939626,0.671366963325228,0.054674310683345044,9661.197633333331,9787.407564583335,0.1464820925943612
11036,material_r_cable,3,True,1.3068631661212184,1.27093683083375,22.574204022141828,1884.459592858836,7779.555905785662,3.080594440542681,0.3246126743719756,23965.656673254296,0.4203746961580442,0.04616013,16595.70743582,10179.7503917,2423.34175287,139.6985181,541.79978312,0.9345512664404584,0.9866355522355716,,,,,,,1.016672108103927,0.05739502686698162,0.7947600957054215,0.05858477464321935,8421.410223404255,10098.636664583333,0.12250638579342685
11037,material_r_cable,3,True,1.3051340796134607,1.0240505398172035,88.92859729818922,1988.088174578188,10286.68125693173,2.251371042007976,0.4441737862578662,23159.1363002223,0.2366642018186116,0.11362564,6323.87602663,3939.08598302,137.29487201,728.85651337,235.29685997,0.9816271844181208,0.9422398477639838,,,,,,,1.3568280381859215,0.05638298247208136,1.1062138519674027,0.054032285051064076,3727.6759133333326,4361.255217391304,0.10174986760087869
11038,material_r_cable,3,True,1.3012339338762864,0.8877930611580738,59.8410616452278,987.8642248645416,5322.040633634319,4.558109730511385,0.2193891896252808,24258.44519834557,0.1464544494007889,0.16046378,3816.15041968,2502.57341375,314.60366996,12.90085256,132.95386233,0.9414923018021506,0.9884329913165318,,,,,,,2.9509244367382204,0.05896110500133498,3.73284862160118,0.06288115845992845,2453.483621276596,2577.157223404255,-0.11698844021751251
11039,material_r_cable,3,True,1.3697117524733464,1.017563927270874,46.51587332033407,401.48523246368376,2109.032549659189,2.673588040834254,0.3740292014801071,5638.684202498984,0.1030539297836593,0.10508079,1521.41829246,912.76023881,195.99258619,12.46861423,54.76471371,0.943036014365104,0.9886421851436856,,,,,,,1.3356455527587416,0.05515426594596962,1.1125882706349375,0.05868889787898469,984.3515533333334,941.3798893617021,0.09110946838182632
11040,material_r_cable,3,True,1.1800717633576598,1.0900059537682212,74.20795187023687,1358.4645627216191,17052.224005936117,3.0707966602423293,0.3256483937692852,52363.91252713271,0.4315556805860775,0.038272,12996.68004316,8364.39002883,1045.96571974,1041.26801893,466.06707559,0.9550633426370584,0.9589106026246969,,,,,,,0.8530255491213042,0.05538235286741719,0.6931109459750623,0.05553121476455824,7769.966404347827,8055.085480851063,0.10342851595148131
11042,material_r_cable,3,True,0.9868100968241212,1.0162263530041282,4.772394161639681,539.450173635686,14648.781861736485,2.628947303396529,0.3803803897887291,38510.87557345611,0.1989047824023405,0.10718186,2803.25745444,1465.25102077,214.07063891,181.47024277,61.23305031,0.975681360254288,0.969663424614698,,,,,,,1.4189890809025465,0.056093096970415555,1.0355680260180349,0.054938148249833056,1177.3156155555555,1758.1765723404253,0.15620783635608337
11043,material_r_cable,3,True,1.049536467789599,1.0730573074031675,65.41182710202798,1931.2743096089575,4490.659242138063,4.282703583925104,0.2334973645510854,19232.16243049107,0.2115858290259471,0.20252896,4664.90680607,3049.13363831,186.28709253,331.68923331,122.25401909,0.9557126475641312,0.944469698933533,,,,,,,1.1801594342797148,0.05532339436546389,1.4223058213769402,0.0562930732304836,3257.1075522727274,2898.159721276596,-0.09304500283756022
11044,material_r_cable,3,True,0.96612656910305,1.3264229173492097,9.23896850357189,918.9732502796618,7177.650199633889,3.7179394059221993,0.2689661908978744,26686.068519144177,0.4805256567109669,0.02084829,13880.7751812,11793.56225989,470.47264584,1029.66271673,715.69266417,0.9759479942799552,0.9399321682761848,,,,,,,0.8610906744042839,0.05706995974262234,0.6534882505480712,0.05533945545984257,11180.092710869563,11708.543011999998,0.13706939957767028
11045,material_r_cable,3,True,0.8807321129878081,0.962050720149729,14.54440927234711,844.6508332104249,6175.402383582364,1.210882944747697,0.8258436575868717,7477.689423234159,0.3069337201153533,0.29130468,1580.65782452,890.86630165,186.05100548,14.1380057,31.09479579,0.9341046801004887,0.9866001855044252,,,,,,,2.245923524802146,0.05596091396304169,1.6077647787017773,0.057923272356985196,723.2915166666667,1052.6752488372092,0.16559687650922106
11048,material_r_cable,3,True,0.8963349971692114,1.1179008355166542,53.09780565243693,1445.8287842059522,12150.679664171465,4.604412848319583,0.2171829575110663,55946.74556152657,0.106443728745355,0.08537775,9086.39373714,7889.96081902,174.30106389,60.84336131,371.92850944,0.9780382335533396,0.9841822057935454,,,,,,,1.5198496135369928,0.05446035328239602,2.2183927482000096,0.06848497754936261,7883.786860000001,7841.372436170213,-0.18686405724064223
11050,material_r_cable,3,True,0.8231889033737138,1.163042525033562,72.89339799724651,1330.7810982593649,3354.298867226273,1.1471673863858,0.8717123689774191,3847.9422646728135,0.2142844631347795,0.31998153,1887.20346146,1529.79751873,25.25724361,84.26994562,89.11406138,0.9805466684447308,0.9589800408904396,,,,,,,1.5752387272116108,0.055862516802915096,2.1693507884430785,0.05740370760325428,1668.9754947368422,1393.7098325581394,-0.15865879524249948
11052,material_r_cable,3,True,1.3140619762767092,0.8909536065240236,11.615742500384837,861.0536263303649,2118.756579036344,4.836690897985681,0.2067529269684085,10247.770660872366,0.3313468290559812,0.21227457,1443.05834522,1012.33697498,69.32761782,140.20374574,60.29060571,0.9670970392062838,0.9468454830344466,,,,,,,1.1980027430054356,0.05383701888856307,1.6077128027714809,0.055089588273538964,1082.0470860465116,963.7950711111112,-0.1460269414633744
11053,material_r_cable,3,True,0.8146227760291979,0.936481490297078,74.60943993167587,1452.565390563404,3810.0866433413303,1.3396331564172186,0.7464730140559148,5104.118396242432,0.4167024556761266,0.40891062,1947.08744963,1221.45027463,22.87002573,166.46490151,46.33913587,0.9831670604725952,0.9330217770386464,,,,,,,1.79957586392477,0.055263605403312696,2.0134334727531256,0.08649146490656782,1416.824163888889,1119.93125,-0.05608630610243406
11055,material_r_cable,3,True,1.1772989061588532,1.2930298336120052,88.77387453799277,1093.9489662107694,5068.608150788992,1.482019114909385,0.6747551296334952,7511.774165454798,0.187374247391543,0.10072635,4166.26390518,2702.82941104,54.33716843,528.50965429,148.23613873,0.9825584268520664,0.9394488702137074,,,,,,,1.216948432205338,0.054986483881824796,1.0614328868905176,0.05375874606034612,2718.1833066666663,2580.2795695652176,0.06825703143341022
11057,material_r_cable,3,True,0.9800368054908508,0.9382662242534954,52.69042854155778,1024.5627572068795,10931.23448587966,1.110036526379545,0.9008712562473632,12134.06955774615,0.3336862130214433,0.22485486,2170.06139533,1042.36438825,254.27944421,231.5802016,33.18881565,0.9393323714564584,0.9398633392171571,,,,,,,2.025864462676698,0.05511427634986386,1.7507653969310528,0.05566377668735756,1016.1676348837209,1201.038611111111,0.07284247489750498
11059,material_r_cable,3,True,0.8378896930816655,1.2377383968437643,25.91436939039452,1394.922427506456,19575.562092036325,3.735633862794859,0.2676921873847235,73127.13263425427,0.2150430054796257,0.02564492,21580.34565849,19643.13408909,280.24092444,167.57151239,1115.52959604,0.9899227440052116,0.9885435019287336,,,,,,,0.8816391258478895,0.05382698611442805,0.6489401823350022,0.05526602470590693,19275.04796666667,19685.35688125,0.1520332479792558
11060,material_r_cable,3,True,1.2835178621668324,1.1428795793814108,48.915697508087305,939.970401315355,18306.54687949145,4.045259890700922,0.2472029058747892,74054.7398288429,0.2682676209940668,0.01721841,21707.62646814,13839.23089936,1638.82026838,1427.03757575,728.75320071,0.9562658718198692,0.9575459773511156,,,,,,,,0.05531345288210913,,0.05558458742563765,12919.657706382977,13674.667197872339,
11061,material_r_cable,3,True,1.001428616569459,1.3779482756002817,5.487270288012319,293.70851006354815,16028.878464169882,3.664941620701204,0.2728556423249854,58744.90381649738,0.2232933478017823,0.00324156,33796.85120149,26432.28508598,2044.33789448,1362.0688792,1521.62528758,0.9596637157916847,0.9492992501197062,,,,,,,,0.0571021115419684,,0.055143218905110855,24162.66292173913,26812.709774999996,
11062,material_r_cable,3,True,1.1406943963458511,1.0620559712906583,88.30209750015,1783.8874462813617,4560.442012349788,3.8616168029403743,0.2589588897682867,17610.679503725154,0.1783505839852257,0.19697085,4764.70029263,2534.84635825,53.3789895,479.41256084,101.76260879,0.9780123625788876,0.9345744037419202,,,,,,,1.5542380901063215,0.05477417442315521,1.5359647927061741,0.05401274643343234,2786.9426139534885,2396.1924355555557,0.005913300224325805
11063,material_r_cable,3,True,1.092391261291496,0.9843268312124542,15.122066209049851,670.0316994456314,16853.978687653867,4.0631769688667205,0.2461128342827053,68480.69803744575,0.1623215873118969,0.08224508,6108.34036817,2013.7446696,590.37108861,434.74137095,88.45229658,0.961272044098426,0.9581987410736896,,,,,,,1.8165374590741805,0.055198763373439534,1.4407252465457656,0.05822201373229471,3078.4484911111113,2506.54155625,0.1153766970898614
11064,material_r_cable,3,True,1.0039180271983512,1.006089179125417,3.0526676509003354,1836.6941795083108,16501.91280125924,1.5899371416798054,0.6289556824513683,26237.00407148351,0.2560297666654256,0.20675324,3318.51415365,2361.43461928,73.84004893,129.2447606,101.47405464,0.9894492965559232,0.9810836179814127,,,,,,,1.6379329072727244,0.05414089956065816,1.2797049978077775,0.05520926059579533,2248.8331590909092,2638.954782608696,0.12278011224119427
11065,material_r_cable,3,True,1.2284823904451856,1.3181906379194677,63.64089939899973,1051.3000110202952,2132.033896837718,2.476961420663964,0.4037204583234664,5280.965710014882,0.4477632852275272,0.10828107,3334.40697776,2751.38187756,170.90723596,57.60330844,146.199835,0.959004210258574,0.9820642018572888,,,,,,,1.0410025954840838,0.05429388343727666,1.0855397022903468,0.056420112149905347,2661.2117555555556,2720.80606875,-0.02094343801807943
11066,material_r_cable,3,True,0.8531642771149721,1.0047224240135646,49.23479466693473,706.4252592639841,8436.738750568502,4.95545673928407,0.2017977459216954,41807.89389908375,0.341913197692032,0.16144792,3062.07139189,2131.37109462,107.41706397,44.2147597,94.15306056,0.9642807565606234,0.9769435847909504,,,,,,,3.0692042673297326,0.05940428491223979,2.978256635554522,0.06517015215902747,2070.792511627907,2088.286840425532,0.015038978049752164
11067,material_r_cable,3,True,1.035764034881365,1.296070995676297,14.106169443441225,832.0071972335829,2071.960915255824,4.9968810251588645,0.2001248368662544,10353.34218231262,0.130782860915495,0.06707394,5710.726676,3630.58812616,641.34135971,230.01657693,186.32971152,0.9383559167397252,0.940642102142379,,,,,,,1.1760323480200772,0.060446415506807356,0.9232790732641493,0.05621019003611386,3081.4922869565225,3711.3094297872344,0.12039818018105641
11069,material_r_cable,3,True,0.8534866184435073,0.967327234659481,9.221645632899302,1706.1252446648482,5013.902571195017,3.2294547382985463,0.3096497957196498,16192.171415913012,0.2512660475228727,0.31250392,2950.32657231,2150.89345162,131.50234899,95.28856441,93.79180079,0.9617642373429408,0.9644274770746032,,,,,,,2.3922956539975138,0.08014312513948174,1.168559034276594,0.055426246881059855,1742.044255,2442.315107142857,0.3436637343699207
11071,material_r_cable,3,True,0.8716570490568889,0.8615069702025213,72.30103183168525,1420.7416230921351,2503.1714736921977,1.5428731070515955,0.6481414417229574,3862.075949098403,0.3740279449263655,0.49281914,1638.68513403,1129.1914712,31.92279104,24.72472424,28.78555413,0.982893453667507,0.985329353050342,,,,,,,,0.054056792984022196,,0.10316586229116197,1251.8732916666665,1205.5311194444446,
11072,material_r_cable,3,True,0.8912103362861412,0.9989625934059316,40.85226330100599,859.29169244055,11360.196680725809,1.0334399353814965,0.9676421103572392,11740.080923650368,0.1992064627238423,0.23609341,2260.82283792,1277.96361223,240.44333341,21.15845926,51.82782896,0.9401647679032388,0.9860824980465448,,,,,,,2.576770529368525,0.057491379127911704,1.8177547291949974,0.060015785483009225,1218.6051976190477,1322.5078558139535,0.172718497565681
11073,material_r_cable,3,True,1.1658234147878284,1.3453901831347066,76.92473613860992,1139.3661066163952,10672.016790974583,2.1138472799773966,0.4730710725756371,22559.013665474733,0.2711999274408888,0.03190444,11812.51188999,9485.90763759,937.22213871,561.72304843,530.25463277,0.9494697538028056,0.9682852860584262,,,,,,,0.8540318225810816,0.05520823192716951,0.6917904279650331,0.05679977230670979,9568.220068,9169.615047916666,0.10495475437666338
11074,material_r_cable,3,True,1.3082196250080944,1.1085734862160952,38.6511754256565,261.1452315082946,18544.23380147974,2.501609249797449,0.3997426856656243,46390.42680818823,0.2533100393276534,0.00673057,13538.98733766,8433.45459901,357.42960785,1736.58210575,522.16669465,0.983985104508632,0.9463711744610316,,,,,,,,0.05556180359336894,,0.05406386350906928,7935.33672,8649.011257446808,
11075,material_r_cable,3,True,1.229888195385263,1.3733362587638474,60.56381818825215,582.2543239114732,14063.755135123562,3.9823821240232906,0.2511059885407801,56007.24704675683,0.1953383266556202,0.00697801,38254.27134286,24911.05158292,645.48610679,3588.66566366,1260.57244884,0.9762096397712392,0.9391265555986272,,,,,,,,0.05526936356781315,,0.05468608705190792,24945.088025,24161.035770212766,
11076,material_r_cable,3,True,1.1322454993403115,1.3660435169661893,58.57334368246705,735.5229406311352,5382.286442945318,4.865697151974064,0.2055203948717378,26188.57581654765,0.2603794562618685,0.01978862,16578.33363063,11752.08833312,224.91878629,1081.54635331,616.14889359,0.9795404004857456,0.9486518059524882,,,,,,,,0.05455501715941925,,0.05463312760139672,11730.236304166667,11466.76574255319,
11077,material_r_cable,3,True,1.2682050290110731,0.9910020720377004,81.16077089330851,1010.6435911907416,14596.28333338442,4.486032466129867,0.2229141245744722,65479.40091839278,0.2361308782697558,0.05579011,6544.57251963,4268.98761862,825.1697208,155.91864517,261.03793048,0.9571677528181476,0.9888610632639596,,,,,,,0.9662505461236685,0.05469576553473276,0.7559889952061972,0.057041786057687664,4121.052765217391,4428.071772916667,0.12208612441630105
11078,material_r_cable,3,True,1.0780938689071502,0.992288157720108,2.0435155116431707,964.3835531158572,1463.679078256025,1.28525858494831,0.7780535463532559,1881.206100937785,0.1379516178336793,0.41344121,1068.10834266,731.4256262,91.72594738,53.84719652,14.54652767,0.9316233098169634,0.9492353721302677,,,,,,,1.4835867571373333,0.05421129109077832,1.7664619322986699,0.05473060787583779,742.0724333333334,783.546092857143,-0.08703721149802998
11079,material_r_cable,3,True,1.3260945955650525,1.3271494149461636,82.82721794528892,1876.419155080104,9944.459398742212,2.2383362922166423,0.4467603922955169,22259.044378679584,0.1134836685829033,0.06026901,11029.36065969,8266.00978552,558.37819136,754.5832244,441.95143137,0.963435813101984,0.9602279201227372,,,,,,,0.9012150084837013,0.054499386114641446,0.7874751582364372,0.055168513055924,8389.679171739132,7942.787982978724,0.06735388911997724
11080,material_r_cable,3,True,1.3230861755014334,1.1289379831227049,55.66375045564663,535.3312720379001,4510.769204312173,1.1878197679675997,0.8418785635391759,5357.98082962148,0.3621266676519928,0.06087102,2710.5283864,2071.48562811,124.73738129,174.90732107,128.38600032,0.9727495202830396,0.9623367395387952,,,,,,,0.9902611384025193,0.05466571163191588,0.753317799330958,0.0545947709000011,1945.937837777778,2034.9740291666667,0.13589481608419174
11084,material_r_cable,3,True,1.0387126189921414,1.2867141522035026,85.71914788567679,1606.6482621947168,6382.335754454367,1.6971129565858185,0.5892359704870551,10831.544702165427,0.2519104936617236,0.10902178,5015.77107636,3879.31782134,576.82139247,238.28198728,210.84356937,0.9308374336434482,0.964282371619188,,,,,,,1.4860331244696356,0.05734756742254712,1.1470898116418364,0.058870498729276126,4107.280736,3735.138033333333,0.12872293510470953
11085,material_r_cable,3,True,1.399775264005391,1.002784214190661,74.58017702877673,1913.9441244944387,15383.903975129466,1.1155807686058878,0.8963940829220943,17161.9874207341,0.1652435152295852,0.07176785,9671.83216461,7257.37511855,649.36708309,453.1458846,435.61620774,0.9620842285491564,0.9608580685043469,,,,,,,1.0479602849265912,0.05553456412418596,0.7521461202384978,0.05464531137403054,6618.715457777778,7583.69679375,0.16433148831608324
11086,material_r_cable,3,True,0.9327487538124272,1.260700571095844,24.331132465839502,1423.4140312586264,13043.466044973546,4.243394274264453,0.2356604018780081,55348.56913180356,0.2384597907938575,0.02953622,20269.30668216,16468.05531167,597.90206858,272.28680309,903.67765137,0.9771164310661432,0.9796958795414727,,,,,,,0.885510074193059,0.05446382965882366,0.6556405015080659,0.055282368648009415,15715.989284782607,16476.055891666667,0.14915451890897632
11087,material_r_cable,3,True,0.8083189511452171,1.0480265812020284,69.64654698347296,991.4363425515626,3117.321695311355,3.4428431666081165,0.2904576106454475,10732.449696821928,0.201281843366416,0.2299985,2300.75500255,1703.75140335,124.70550234,120.6205661,85.70948262,0.933126722771044,0.9479042648858256,,,,,,,1.8516795381650124,0.05651937061028735,2.182846702130027,0.060376256861144034,1825.7409068181814,1575.483588888889,-0.08208328419269294
11089,material_r_cable,3,True,1.0663335305552586,1.115560977530079,17.770440280752553,1310.2172411982576,11126.006728373724,2.5613112989324778,0.3904250140999211,28497.166745382387,0.3324078670617513,0.07536167,7973.94547904,4319.1208197,874.5834103,419.63429932,220.52831107,0.9472387310509748,0.9539659090606823,,,,,,,1.1273570457220754,0.056363658043982696,0.834760354674415,0.05605018950743522,3533.2098844444445,4492.948421276595,0.14912292760287157
11090,material_r_cable,3,True,1.125726692262255,0.9669356139951334,6.432653558785498,1585.8824920900872,14862.77202602343,2.458477180445892,0.4067558600721406,36539.78586414816,0.2959013909564263,0.15010764,3765.26521938,2646.65605738,293.91886349,167.21692413,137.0402921,0.97061609746509,0.978228233402368,,,,,,,1.1078262953295377,0.053749669785002674,1.2333678332524671,0.05697521454925484,2860.6800911111113,2590.9851282608693,-0.053622865524170095
11091,material_r_cable,3,True,1.0509631936908672,1.3183027218931107,45.49953857963035,1045.941538290641,19090.5434128932,3.659598705187277,0.2732540042115972,69863.72795514546,0.2833246655359375,0.01122908,37996.84063939,26617.7488737,2741.76535176,1679.30327086,1453.19310976,0.9463932887218348,0.9558901207950884,,,,,,,,0.05596313102213296,,0.05631221783391063,25567.03478163265,26325.729110638305,
11092,material_r_cable,3,True,1.1335962608084666,1.2816171751034156,8.657384129627628,1599.5375039411035,19539.37934127778,4.747569922655556,0.2106340751776962,92764.56966800772,0.3438998591216555,0.01512566,39906.36186476,32968.46062248,1574.69795069,1962.94064065,1686.64082551,0.9715102059183364,0.9496079282737252,,,,,,,,0.05592968851612057,,0.05481603499002681,30563.398556521734,33020.556502127656,
11093,material_r_cable,3,True,1.2574362904938825,1.078176901632068,30.508384143043106,524.5998072916589,1535.2604519581373,4.97902194270867,0.2008426577561904,7644.095478072395,0.3316044700912118,0.12308134,2006.35836594,1183.74116413,156.69974818,13.11002763,56.5894936,0.9527627741673234,0.9887214115959472,,,,,,,1.05756925608827,0.05463350962240476,1.159917825794596,0.057383268696169276,1014.8652333333333,1219.8837148936168,-0.04615520448462858
11094,material_r_cable,3,True,1.3561485618528029,1.135951536154659,35.14507693114069,767.6487950304111,5749.8161195553885,4.319911438336701,0.2314862270382632,24838.69642320007,0.3685432455268784,0.03443859,8587.15664569,5627.74550031,408.79316703,750.21656524,299.70696201,0.967651287878016,0.9475187232679312,,,,,,,0.865860380622654,0.05535316201152815,0.6785819812005606,0.05462197698635433,5099.7531500000005,5570.593142553192,0.12125955882290826
11095,material_r_cable,3,True,1.098525132222307,1.107365305188174,38.41009742190938,1939.983779957114,18693.829063507408,1.804122028937792,0.5542862311751536,33725.94881867124,0.3948220388876163,0.07912711,9816.80902444,5694.96124043,994.23623782,406.98935697,318.11201647,0.9507794593315124,0.9685478638917986,,,,,,,1.0191017144581311,0.05516669083111657,0.853953519538643,0.05669040226904651,5065.498795555556,5688.224185416667,0.08817048847357835
11096,material_r_cable,3,True,1.118389705066586,1.0084608296250126,62.644539971877705,1048.5461165774464,17578.918411207098,3.047557031564365,0.328131677157386,53572.75641137047,0.2231453693428247,0.08329128,7239.66342615,2707.65474446,86.74898656,812.6121156,151.91643537,0.9890538031667682,0.951652319637616,,,,,,,1.2073505539863285,0.0565410559906004,1.1396264579659074,0.054300595284889105,2505.2078311111113,3524.1288489361705,0.028855883835047693
11097,material_r_cable,3,True,1.363577195486248,0.8320797060803559,5.141593196724903,1230.5250121552442,5696.682663148518,2.5726802492330987,0.3886996840350037,14655.742973630802,0.2509437378380646,0.14857292,3631.64187882,3086.82786121,78.25402695,178.05147742,180.95186278,0.9717729107193722,0.9435025153127288,,,,,,,1.8664416839739983,0.05248779030737059,3.3752588463308713,0.06887110991780467,3237.2325688888886,2864.4785130434784,-0.28784879136716274
11098,material_r_cable,3,True,1.2389198979020335,1.353357699057928,50.04497458974256,352.3087675086521,3308.9817052531102,1.2305067131960374,0.8126733395892377,4071.724202156824,0.2497461930353799,0.03906413,2720.99387304,1879.71911747,366.02286278,293.83731685,112.64256488,0.9432211371966278,0.9462828971709952,,,,,,,0.9259025074250662,0.05815751154447724,0.7236047737418873,0.056148576338828166,1804.4916612244897,1874.495963829787,0.12264130991896091
11099,material_r_cable,3,True,1.2826740447463694,1.1667462179497718,5.432452615274681,270.6248918357581,6782.755755017175,1.9159423344584396,0.5219363766930178,12995.368895329022,0.4118914768112913,0.01569734,5692.51210006,4026.41736421,639.48929076,75.04343031,242.04702504,0.951819522333938,0.989151908468674,,,,,,,,0.05543446644993071,,0.057413262267147866,3508.547702173914,4019.258866666667,
11101,material_r_cable,3,True,0.8835910334373702,1.0690327979283742,66.81380680061315,507.85246314427775,1626.8834125843694,2.2143801911013714,0.4515936351032059,3602.538402058227,0.2310966575114072,0.25820856,925.05227747,725.17958505,48.52601807,17.27190157,34.38443937,0.9535652032411804,0.9796654831778504,,,,,,,1.1808537114005315,0.05697824731367919,1.8816338361092158,0.059931998020379976,771.6986642857142,698.3010232558139,-0.22882709360843656
11102,material_r_cable,3,True,1.3452189033167845,1.1809163163171137,66.65846525457901,999.3114564299824,5120.508562460804,2.936172948729708,0.3405793927883693,15034.698724836257,0.2182774374073671,0.06409432,5235.62271527,3657.40990895,571.93611807,312.51711714,202.2182805,0.94694993880399,0.9626090512402354,,,,,,,0.960008175794452,0.056001583314011436,0.7901017012667313,0.05643894415065507,3585.931352173914,3552.3879270833336,0.09708331845599931
11103,material_r_cable,3,True,1.2363687324020094,0.9437693229784094,17.54754388407353,1910.5701657795648,8601.003117100456,3.204287549411972,0.3120818542591513,27560.087200578542,0.1709559290676293,0.1811322,4969.20586354,2864.58228021,407.65576126,104.78475332,151.10357791,0.950494524270694,0.9791828436551406,,,,,,,1.5516240322102128,0.053586831139133186,1.4926749478201258,0.05830636185737969,3352.9013999999997,2771.714164444445,0.019363763144413494
11105,material_r_cable,3,True,1.3103127014779925,1.343497831348608,46.61447880991605,869.2041018907976,13297.023539613076,3.226423434696967,0.309940719263937,42901.82835992484,0.2636977376205676,0.01277091,27675.90304573,18551.9276604,775.20446209,2705.8226391,961.94451391,0.9724899598881008,0.939958632043019,,,,,,,,0.055810016198031616,,0.05473683095561213,18016.58104375,18351.892034042554,
11106,material_r_cable,3,True,1.114309507442853,1.251629450252192,28.899876732006703,1104.2575289522129,9844.46405293549,4.630110880109377,0.2159775491113891,45580.96012034226,0.3565633340786024,0.02096111,25425.16084917,14536.95372464,2902.29999688,568.8597883,745.97737312,0.9371666602693172,0.9654789584664124,,,,,,,0.8721139065967429,0.05837657131629045,0.6195781046328269,0.05750895829666501,12676.08176875,14350.0858680851,0.1692948678834555
11107,material_r_cable,3,True,0.9717520685037244,1.2639028036660052,25.23066452998813,899.9370888307308,18106.872089204517,3.5560854597945446,0.2812080899928023,64389.58455877984,0.3251921979708275,0.0125267,29611.07250651,19992.60907324,1922.53606777,1815.79053306,1108.78624383,0.9558711979167108,0.9429086980572344,,,,,,,,0.057051309116076386,,0.05566091831800665,18179.632621276596,20275.499221276597,
11109,material_r_cable,3,True,0.9201384688106532,1.219474650938153,16.937449583526732,1447.3469084443484,3967.5941196953545,3.419488155715936,0.2924414282086117,13567.14109898646,0.3332686020793778,0.11415305,5882.22970617,3822.51003307,539.91631696,85.1721912,207.85514565,0.9436247529355124,0.9705540740406804,,,,,,,1.2503403077192934,0.057748219640103376,0.9507000676285147,0.056255024276428665,3252.31945111111,3890.5668851063824,0.13613573083293834
11110,material_r_cable,3,True,0.9348298279021874,1.395140075147487,84.40872217413319,1486.4084393603634,1043.6957287410462,1.9536869385836797,0.5118527335423287,2039.054713096957,0.153607141892852,0.34318324,1919.21764659,1614.99490847,8.13760858,61.9399895,101.4836831,0.987667369554146,0.963728709790046,,,,,,,1.7667886914609277,0.05405097694396804,2.4454885961929285,0.054933919156835764,1794.4849333333334,1502.9690023809521,-0.1611242229283584
11111,material_r_cable,3,True,1.3639048760468455,1.039562894656958,9.819789524300928,1922.386088862143,6207.699057961944,3.464348619043645,0.2886545524035788,21505.633658889,0.4534184811568951,0.09115394,6775.94902771,4355.38496548,812.73776518,656.65379738,258.11558048,0.9415256149568064,0.9426276157700878,,,,,,,1.1159834623540235,0.05640448323179808,0.9396184391651717,0.056021545295079446,3756.3767488888884,4358.1456,0.08579726602632004
11112,material_r_cable,3,True,1.3110173974796968,0.9286717710342652,39.41313574864744,1789.4591084764131,9300.028416940337,2.955702892677019,0.3383289986546269,27488.120893929023,0.4158254324692592,0.12056432,5089.15566793,3610.83311766,209.66233026,366.70384161,227.21796968,0.9753416149009216,0.9614650130702636,,,,,,,1.1778827628732007,0.05418927553267049,1.0166983487826393,0.054689200414063145,3551.014135555555,3604.1242565217385,0.07344655125047789
11114,material_r_cable,3,True,1.008881376812529,1.3558578575325289,81.19010877757091,1846.535063613833,10413.023820788094,2.3165010448798995,0.4316855380705626,24121.780561214902,0.3592170676182437,0.0441411,15970.2488751,10753.55417825,494.21393121,1678.99565671,645.2658595,0.9604575025622956,0.943241022721371,,,,,,,0.8389245852027027,0.054672123120009776,0.7850784831845342,0.05486725528867952,10792.546877551018,10167.249617021276,0.03315640411421264
11115,material_r_cable,3,True,1.2354614090717255,0.9777380471790524,38.9080539421718,1849.483253769837,16739.75317507525,2.7487331954222176,0.3638039521861981,46013.11523550381,0.3184305964517142,0.07935365,8697.0932766,4732.88229863,1091.99396442,1255.69213559,273.48337619,0.9436542841555556,0.9367327137322214,,,,,,,1.315010192227626,0.05620971658903421,1.2408100770230046,0.056249074569474214,5029.9486755555545,5244.174172340425,0.029031820467711137
11116,material_r_cable,3,True,1.286019173803381,1.3340555874669948,64.52632247360368,1859.495261702454,11662.02438091092,4.126297085834844,0.2423480372833303,48120.97721788763,0.1402345500654307,0.03039629,24255.70392716,18461.56747116,2529.17534224,480.4462468,890.15194187,0.9384183615479932,0.9801091318706128,,,,,,,0.9304115901051316,0.05788098403560597,0.7083679208436279,0.05893862083096144,18878.71586346154,18108.02330416667,0.13549331546923796
11117,material_r_cable,3,True,1.3967388335097797,1.0244704320109823,33.53617084334434,551.9074538915277,6007.011561908548,1.090502664933393,0.917008304662033,6550.662116546977,0.4867467838970839,0.03777058,4319.87533786,3389.50208434,373.68216217,61.22114984,227.38252556,0.95362495051904,0.988906765634232,,,,,,,0.8388571328205396,0.055193479105306434,0.7331088757706431,0.057117245142337916,3214.9536739130435,3389.5101833333338,0.06727133822993385
11119,material_r_cable,3,True,1.0012087123790534,1.0338527071628916,32.29499079761906,1781.1725823454594,4656.224936044591,3.1234377926561923,0.3201600500420382,14543.428936349836,0.1970169368189415,0.24754949,3351.87401807,2188.70414231,203.46610987,270.2840131,81.07535809,0.9510034481851388,0.9328656743346828,,,,,,,1.5525806614743791,0.057623350033736385,1.3506480388463955,0.05525309797358957,2017.5393309523813,2423.5014217391304,0.06955450068596811
11120,material_r_cable,3,True,1.0132253811736394,1.274270018706215,27.325934619143823,1787.3385340127572,7751.122020420019,3.207816067199959,0.311738571991405,24864.173755930748,0.2271664978206218,0.0709245,9676.2334058,8062.5080537,269.68458171,463.38712069,425.75193252,0.9783789267407622,0.9543678340167778,,,,,,,1.0808770906552814,0.05572117759613824,0.7638148821836326,0.05490272448963685,7730.76872826087,8244.166010638299,0.17187813095088258
11121,material_r_cable,3,True,0.9396051156239218,1.360635712568739,0.4764840004984052,1798.546958527117,4694.387719317833,1.9080460499004075,0.5240963655212598,8957.107944545374,0.457889976799957,0.10787398,5804.90535721,4486.29464988,380.50788568,41.61079989,285.31116335,0.959417996860632,0.9878642216449453,,,,,,,1.1745525879207792,0.05459887537480466,1.005617599772778,0.05569563539273938,4064.1680711111117,4622.093869565218,0.07748706458862306
11122,material_r_cable,3,True,1.3719594396784958,1.0791538153174554,28.316905280792195,1850.4866967977955,14222.761790697845,1.193675797721918,0.8377484086621004,16977.36652632006,0.3576140726774569,0.0574773,11199.90503067,6982.93674568,137.15741426,1774.41769986,445.3944678,0.9868027173426732,0.9352678301296226,,,,,,,1.0607641391815592,0.05575985226365897,0.9298411724838722,0.05378358712221266,6767.021753333333,6680.003841304347,0.06577042969314235
11123,material_r_cable,3,True,1.2235257346213295,1.16221091924696,21.8253274533804,1052.7124832353702,5290.985671435494,2.660557662941377,0.3758610512107642,14076.97247265073,0.3921113793776353,0.06184855,6438.73773449,3659.55565393,947.43006147,505.58484881,198.99760198,0.9356131064703058,0.9421813999321228,,,,,,,1.1387142379088206,0.05887316879627346,0.8417060157226801,0.056779690186207224,3065.737816666667,3685.9424851063827,0.14997232109776495
11126,material_r_cable,3,True,1.2593262694186942,0.834838485293523,3.1533558102320534,1227.109783236763,2491.054414140335,3.191532732225015,0.3133290753696385,7950.281700482487,0.45741731504962,0.26426671,1656.61001836,1196.21183783,64.85064417,123.25833334,71.64375936,0.9692172321195396,0.953171623168319,,,,,,,1.2937691931481912,0.053715724661111325,1.8240188504452568,0.055302839440785886,1266.8990619047622,1128.096542222222,-0.17007238782207892
11127,material_r_cable,3,True,0.925424760381874,1.3632226823481708,36.8214779960602,248.16843562632684,19433.283134251484,3.774399475838601,0.2649428091545129,73348.97367574192,0.3703500291008875,0.00191776,52558.87561468,33219.7372823,6351.50535328,284.09581254,2082.75055948,0.9309740772263472,0.989307261840596,,,,,,,,0.058079658934457504,,0.05823583076475189,30595.97101020408,32846.882974468084,
11128,material_r_cable,3,True,1.0572755633676576,1.204723324018008,27.630288742419435,1679.690927537756,9698.71135810505,2.1473900480391768,0.4656815844485817,20826.91624919932,0.1286479398851932,0.10305333,6953.60519492,5005.49282302,65.27875159,603.7058241,245.45273486,0.9899259364579648,0.9423590922277892,,,,,,,1.3354239037120772,0.05657474445699013,1.053271055888378,0.05455643535782123,4918.46344888889,5405.24899787234,0.11812008339101342
11129,material_r_cable,3,True,0.8752340356921022,1.1786503759444484,35.98261586029678,1614.882402662197,6652.061280161694,2.529673215954928,0.3953079764188077,16827.541251315884,0.3457629518645292,0.13835546,5165.20843382,4003.6003368,200.57178323,63.96205581,214.29917856,0.9702663726221258,0.9834288024606036,,,,,,,1.3054765051778359,0.05481946167146168,1.1623772552447649,0.056604751280602245,3822.919538636364,4086.409808695651,0.05798530375988177
11131,material_r_cable,3,True,1.0590806204132823,1.231984962381259,57.931740931316135,795.9011177312593,3549.322389835345,2.106107911000821,0.4748094790284514,7475.25596392456,0.2969142077234671,0.10056416,3069.83186014,2189.77851156,170.39455838,197.7685965,115.31584364,0.9563120443416672,0.9544504294975196,,,,,,,0.9908052689646024,0.05487507185595245,0.9543987463967616,0.05564438472166719,2164.4357111111117,2155.802706382979,0.018716043294346955
11132,material_r_cable,3,True,0.8778432961746435,1.0673628554559842,24.705311938103733,1158.848732164587,7313.523921593876,4.341328676218146,0.2303442274430896,31750.41112502289,0.3044054221885051,0.12496392,6543.30107359,3256.09902889,580.05122236,122.2248532,150.78214058,0.9413021465676162,0.9653242084955024,,,,,,,2.3914167243419677,0.06088844022746951,1.010299943398785,0.05654098725048235,2701.820084090909,3416.964552173913,0.40600582465924484
11133,material_r_cable,3,True,1.0169542733719608,1.2321789244695391,38.85498320627913,1656.914126830118,17996.00710161485,4.144190632492217,0.2413016409427633,74578.88405277567,0.4184767616748627,0.0236293,27998.3630488,21829.30276814,649.419083,1236.65610995,1173.77968343,0.9792315670753696,0.9583832331914848,,,,,,,0.8573330729235616,0.05471680784877134,0.6187688090807412,0.05485166882123419,21080.14237173913,21737.33037234042,0.16161774925650088
11134,material_r_cable,3,True,0.9014338592871048,1.3221850933270631,6.5566403214751405,1644.0378889817125,19838.65623622375,4.223524013607015,0.236769104846635,83789.04101138558,0.4487321848454796,0.01241038,44608.9373697,34653.88442772,2675.95840101,2454.80769281,2177.22684136,0.959479533801602,0.940204315846929,,,,,,,,0.05742679542303099,,0.05523659582121383,31772.03367608695,34407.48947142858,
11135,material_r_cable,3,True,0.9808539293459624,1.2265909551666985,50.31410063223304,1583.153990728096,9580.406955415743,4.794682024136547,0.2085644042641358,45935.00501304462,0.2773628940409293,0.03862793,19076.0904711,12113.608551,672.36773885,1634.884749,631.4358046,0.960858530992331,0.939176611209152,,,,,,,0.868953660124465,0.05559144939641963,0.7575072899770323,0.05563091382849384,11938.764265306123,12037.790193617022,0.06852077828273588
11137,material_r_cable,3,True,1.2711393221880325,1.2368426069131273,45.87540057057339,1437.5647987429263,1003.4646837843792,3.626105763329739,0.2757779461682693,3638.669073168391,0.154084056252465,0.29569978,2280.0750433,1725.94068727,106.90858683,110.14899995,58.31767393,0.9466856340579792,0.9424889821599718,,,,,,,1.5050726479728456,0.05850160792603261,1.4471702939071658,0.0555446271823398,1731.5504230769234,1780.2577186046512,0.019613004486956995
11138,material_r_cable,3,True,1.3656104717168986,1.2963999511368458,77.22662110111362,989.1031558239496,14348.522173735597,1.0029051221290155,0.9971032931581318,14390.206383021188,0.4321279416269664,0.02201257,12596.72737372,9933.5871933,1491.20590481,686.5266415,614.60330392,0.947430333164568,0.9630682831225637,,,,,,,0.8086029160348943,0.05671070521799348,0.6231493273494432,0.05606654591581298,8937.64084347826,9700.235314583333,0.12952910640955653
11139,material_r_cable,3,True,1.2165517672536466,1.1324674160258947,11.87576804683731,1758.5267126307856,7406.768753623571,1.05274216827657,0.9499002036149902,7797.417797612825,0.1320652671758903,0.17633882,3119.89590195,2375.68544277,341.72969439,151.30232444,118.5105709,0.9438260626573504,0.9650175150857446,,,,,,,1.1630038383375758,0.05439031691231825,1.2947134206469522,0.056469742678553675,2446.4057636363636,2401.345026666667,-0.053590209300070475
11140,material_r_cable,3,True,0.9323489785705874,1.3642464771593108,67.21521425791968,1348.7415114630878,19153.160637651825,4.55482891329152,0.2195472144040106,87239.36985329358,0.1707075949992503,0.01059509,55382.74610481,37559.74462955,450.87356426,4988.94680693,2216.08068537,0.9819899202479156,0.9384167114380184,,,,,,,,0.0541553238697171,,0.054900049571050095,38126.59998163265,36328.28012553192,
11141,material_r_cable,3,True,1.0673422780705757,1.00408603035967,51.41344832955448,1461.4244711946062,11554.227300285174,4.4626060633058025,0.2240843098884739,51561.964807066055,0.2758194738563146,0.13869265,5097.86176874,2544.44422772,383.46104344,253.96938514,119.25539909,0.9620412125080812,0.9701041654269664,,,,,,,1.1593942726556148,0.05455174308432934,1.071201063628513,0.05676385933198831,2569.5011955555556,2678.0784739130436,0.039537968896689195
11142,material_r_cable,3,True,0.8289735127407907,1.02385999131025,30.994046675830667,970.4143876574424,14755.990588257097,4.882441942302883,0.2048155434959117,72045.26734833303,0.3762069762415668,0.01882123,4305.88014959,2312.44739553,0.0,0.0,91.4271651,0.9481262450781952,0.9740502700773928,,,,,,,,0.4437460232015973,,0.4866337622787834,2290.2172244444446,2287.035717021276,
11144,material_r_cable,3,True,1.120128788469503,0.9101233974749836,61.87702000263403,865.7551105593503,2607.1742776713468,3.455461239463574,0.2893969663382015,9008.98966101978,0.2971657634379131,0.26733977,1328.92278436,831.33289413,166.61796077,8.68691527,32.48279589,0.9385198138001414,0.9883255632782296,,,,,,,1.611798707877175,0.05424906954401429,1.699504382948046,0.057481686557366414,782.3209880952381,916.1622750000001,-0.026486755414773494
11145,material_r_cable,3,True,1.2177213757780212,1.2520541141048396,25.396155621871,699.3128370658392,16000.80328033797,4.326779127306026,0.2311188000536158,69231.94165349612,0.2736903971996197,0.01116015,24097.58948924,21077.62928514,327.84914527,728.96038436,1036.74403971,0.9898108195552786,0.9709044729392684,,,,,,,,0.05410165360831554,,0.05473983949098028,20520.659886666668,21080.428825,
11146,material_r_cable,3,True,1.2081381861222806,1.2062811566713378,87.71374699307233,1963.5339864938644,17255.22382844065,2.610538031145248,0.3830627970439098,45045.41804006802,0.203148426193695,0.05018294,13828.13562442,10774.09659403,783.42259139,661.25590806,569.3071825,0.9635329260461376,0.9726619003542832,,,,,,,0.8655440934081935,0.054166318904833775,0.7660165168539121,0.05591180697514292,10871.14799130435,10341.740243749999,0.061001458314375784
11147,material_r_cable,3,True,1.2101947435733305,0.9744884047473068,20.859659854962054,1460.9416492185958,4175.365471808456,3.568634665825821,0.2802192136887144,14900.353965187844,0.4750475597163001,0.17375307,2981.10686548,1875.79759431,184.50800462,329.73846096,95.53856486,0.9600880711117756,0.9384649755253296,,,,,,,1.2182445339250754,0.05499955402689324,1.2407859009450617,0.05462326660622944,1697.6518613636365,1930.8146847826088,-0.00916677024421487
11148,material_r_cable,3,True,1.2967776844395955,1.1408972641330684,46.1893340098905,1516.6849512588933,4023.5407632839056,2.1810725086614458,0.4584900300328455,8775.634146277216,0.4241101858162626,0.11398202,4224.41145397,2852.50395272,419.61340752,546.1178561,155.99017633,0.9397090724572064,0.9306506974819048,,,,,,,1.063374753462024,0.05688575062001764,1.1068694478727303,0.05505346983899303,2564.2788444444445,2807.6040695652173,-0.020041382616737824
11149,material_r_cable,3,True,0.8486317392294889,1.2735179946880544,21.655085069959643,1298.9041225431422,8918.135495680519,4.484807102852077,0.2229750303784655,39996.11741522522,0.2113869011405887,0.02776268,22228.83102081,12627.45616044,3006.28021922,231.5984413,749.45437834,0.9336757435630836,0.9750864443631484,,,,,,,0.9963387809041225,0.05901767470700904,0.6546842916751511,0.05783419455620196,10838.288710869567,12475.041104255315,0.206935017991741
11151,material_r_cable,3,True,0.9640216351281072,1.3492737855694092,75.99847700398843,347.08807017890325,1957.9582863061812,2.549893596252832,0.3921732269415237,4992.5852959823005,0.3349510477611153,0.04431984,2429.49285828,2133.80326336,235.64226011,43.23416042,128.1837996,0.9395411898877298,0.984496139903218,,,,,,,1.0689236343441157,0.05748661837297546,0.8186525871920854,0.059944447458268685,2178.104066037736,2107.8436937499996,0.13258857803810836
11152,material_r_cable,3,True,1.3700422967298782,1.3014522531914516,22.236145274504587,1344.0675659620897,5955.779841150664,3.689655343689883,0.271028024801888,21974.77491674203,0.1327458990748444,0.04506584,10671.21611693,7619.31491664,667.64816822,1550.99752914,373.53020333,0.9598964303662844,0.9320576982913116,,,,,,,0.9168670247206767,0.05756530835022781,0.8703438066772277,0.05493966473652734,6807.085367391305,8028.439108,0.02603118626304427
11153,material_r_cable,3,True,1.1646947762431732,1.1222939545116497,6.045211224646239,1966.5908936270828,16046.52768819803,1.7796796266319428,0.5618988862015056,28557.678404871403,0.4519234213519443,0.06302191,10327.24536645,6678.63542419,729.23829323,1391.22861439,388.19672929,0.9606026432264352,0.9381466037234288,,,,,,,0.9505602041914768,0.05606184392808487,0.8885474668552825,0.05459146230324072,5773.884833333333,6671.174895744682,0.03371892701687155
11154,material_r_cable,3,True,1.0000790929123913,1.2597129074730096,84.16391607125506,943.1579857126504,11049.821791252776,4.600973247339185,0.2173453194013496,50839.934449419576,0.1347048119944477,0.01795415,26702.07076167,14943.90172468,372.70232542,4224.93953828,772.04495225,0.97012234724224,0.9317626941811442,,,,,,,,0.05542743706035299,,0.05769671619617671,15269.947558333333,14004.738210416666,
11155,material_r_cable,3,True,1.3640419933697383,1.1278928212289658,39.779278256273045,721.5064105716434,15186.46285960486,1.7168936107481438,0.5824472720614562,26073.54105351957,0.3644921377943292,0.0166208,12461.96218576,8456.44864795,2676.45401197,638.20784705,539.25080818,0.935467079151664,0.9666650659237688,,,,,,,,0.05720252680102656,,0.058422074821955036,7867.588160416667,8380.777900000001,
11156,material_r_cable,3,True,1.3608088514305612,1.143362684684677,22.938710450666008,212.3033846731928,15543.265701534703,1.6276868122815848,0.6143688039090675,25299.568602176714,0.3065164378305315,0.00572608,10426.39630877,7938.72784685,1028.30258859,909.72645625,505.78663298,0.9565096119434666,0.9579606979898584,,,,,,,,0.055267633023101025,,0.05556270361057091,7441.308354347825,7818.631142553191,
11157,material_r_cable,3,True,1.1507121697975722,1.3702640083199755,66.5023031949089,631.7428030507865,7013.616966921259,3.247930323194191,0.3078883782877908,22779.739222132823,0.4676593937915794,0.0136859,15807.08439798,12432.11696355,1580.08542052,181.60763775,705.11411685,0.9393935325232564,0.9870847624358524,,,,,,,,0.05777679726641614,,0.05862794308272521,11976.928176923077,12299.995741666666,
11158,material_r_cable,3,True,1.004499561078894,0.887530679348409,19.68367709464997,968.0476102910436,4963.510861012736,3.0605458172462034,0.3267391046280016,15191.052404528633,0.1513329428568696,0.28968456,2028.36528324,979.50989638,140.90321149,85.67501491,28.37738775,0.9507020996507431,0.9650993002646298,,,,,,,2.29512866819858,0.0541836007332015,1.5966159280264147,0.05649006119260437,1058.6317725000001,946.509990909091,0.1794857609231924
11159,material_r_cable,3,True,0.9452152412408608,1.37199872600018,73.99210675566898,973.9564452268944,2857.1475486071777,1.312457126257542,0.761929650876665,3749.883660938757,0.4294297824245624,0.12180258,2329.79928129,1935.96429902,219.00495967,101.01470238,123.24203197,0.9371496250025424,0.9661883845180476,,,,,,,1.1827735120057512,0.056662421176353346,1.185735697474555,0.05775493098828446,1942.1081212765953,1883.9300833333334,-0.0012506539797047006
11160,material_r_cable,3,True,1.0558932373562144,1.232877637639485,13.974238520474067,1752.0858352359526,10037.587458091051,3.083912270990595,0.3242634394650877,30955.039133148293,0.4716147381030618,0.05147819,11579.03142515,9987.9027175,286.23286559,572.19195628,546.03211086,0.9833300591773332,0.9569818025739348,,,,,,,1.0024963235991036,0.055049854978089015,0.6848436601775346,0.054636537235508105,9503.754446666666,9950.094797916667,0.18825646667282334
11161,material_r_cable,3,True,1.293334542435837,1.3351931934054977,35.90178020727633,1502.8709077190658,9527.385663760606,2.451197021913215,0.4079639421312112,23353.499365628653,0.3649057941191329,0.03464935,16813.38551661,11140.51457745,1773.66724526,245.80025011,615.56867182,0.9430869641005248,0.9820991886686952,,,,,,,0.8679143796372337,0.057400832845611566,0.7113439779918496,0.05732378770695663,9962.258645833334,10993.275616666666,0.09914172743745421
11162,material_r_cable,3,True,0.9020475136776316,1.3152420484857363,79.61941490226856,1528.3287307058256,14828.960329347448,2.3797416514365706,0.4202136813449197,35289.094543248684,0.1426115367838061,0.03802359,18148.61437739,13086.65769852,148.21994695,1226.60112123,747.3616649,0.9847219581197711,0.9559832620899223,,,,,,,0.8530302708565658,0.05372509989580499,0.7705582698037318,0.054411353637519144,13325.88957826087,12586.498519148936,0.05079612166965251
11163,material_r_cable,3,True,1.040847287134246,1.083425869519777,12.813733885018696,1292.1331822330117,10601.286601189451,1.564582688414474,0.6391480663852838,16586.589491141338,0.4762518942809195,0.12564977,3509.84305436,2663.11174863,192.73251043,110.75651197,142.74441515,0.9748528934039982,0.9797590495105046,,,,,,,1.1992856342068248,0.054252733709624724,1.052710955395915,0.05548780620049786,2376.2582222222222,2762.06785,0.06508654564026936
11164,material_r_cable,3,True,1.1398814787112552,1.1475246348041948,77.98596824688289,732.7030043878598,12056.678550695831,1.7884697272139682,0.5591372248485157,21563.004598669475,0.3517520666576477,0.03861136,6835.93074764,4429.48031605,322.73980245,714.35858574,255.49555552,0.9700261627988316,0.9533789807853258,,,,,,,0.8697505119302779,0.05502564319408685,0.7118332804082764,0.05452664614252718,4234.7405326086955,4306.618159574467,0.0998475277041772
11166,material_r_cable,3,True,1.1600905516107958,1.120415675107421,12.265008299584776,1493.7003919109209,11757.145214758992,2.137703197807893,0.4677917874780043,25133.286922682066,0.310807091477582,0.07614586,7729.20965605,4488.88759007,1024.99717126,209.31500601,248.69831606,0.9446410791541048,0.9747156885810488,,,,,,,1.1170055863023194,0.05597501325703014,0.8790826870138523,0.05749017345263973,3880.758191111111,4582.06010625,0.11919457794980048
11167,material_r_cable,3,True,0.9500197883504816,1.059532323805482,17.063788245891622,1027.1057096734853,14902.322477259397,2.162439886203119,0.4624406007215451,32225.376521886985,0.2796530373650894,0.11638257,6027.89544953,2899.20743076,675.39199777,55.13954401,127.16881946,0.9462819290890612,0.9850824225022085,,,,,,,2.1186865981496705,0.05718462309363528,1.000364255766526,0.05794412216324416,2451.1441066666666,3044.3844680851066,0.358545722644762
11168,material_r_cable,3,True,0.9804763024249468,1.3514312213891215,62.13091026270517,1497.9579611172603,18388.694294270197,1.4899096440952124,0.6711816410902399,27397.492971351767,0.2165174106869082,0.03659813,17541.65530172,11209.86191988,204.83755533,1930.0888292,655.1884291,0.9843843080787916,0.9409466027376544,,,,,,,0.907309844546072,0.0548843164721668,0.7478735689547861,0.05447059834164704,11339.924941304349,11077.005746808512,0.09632544302390285
11169,material_r_cable,3,True,1.2454705062384628,1.3397906542243194,69.3845364098862,1652.3179925186364,16425.933364066328,3.545800884553852,0.2820237324538386,58243.08905192902,0.4493998262248837,0.01356075,44752.15983412,29974.84543032,2962.31949807,5625.67717842,1613.02368386,0.943117193328918,0.9327646099501335,,,,,,,,0.05730459269998943,,0.055589079912138725,29104.24784705883,28506.45731489362,
11170,material_r_cable,3,True,0.8516062575333468,1.1377487039530454,73.74273204881743,1508.9932555480743,10868.498234497209,4.454431169029073,0.224495555561131,48412.97729628182,0.4212674356746732,0.0630675,12662.9579928,7630.20154715,306.46656718,954.59766242,401.93574294,0.9623914427973828,0.9520147310966628,,,,,,,0.9413019226791152,0.053897736164010925,1.0076404413429727,0.05604815456423785,7770.397010204083,7320.746736170211,-0.034038214720189496
11171,material_r_cable,3,True,1.0238785259340129,1.2662569268765118,4.692449017317501,1938.4737046485784,17566.20769900705,3.932621834504533,0.2542832853202598,69081.25194655676,0.4605833606962269,0.02040449,40060.56112447,24634.63259401,6320.20989631,310.37449326,1383.10650878,0.931871847820124,0.9856413449654038,,,,,,,0.88829312115295,0.05795523475902111,0.6299991440658013,0.057915096205386506,19948.842865217393,24643.787304255322,0.17012138110967356
11172,material_r_cable,3,True,0.95484489905921,1.3957708952075327,69.94819311957868,1761.6792757355006,13756.71175823514,2.8960367792286816,0.3452994820964725,39839.94321309663,0.3601831761024729,0.02559681,22619.93498188,19727.77727275,571.74561757,636.93099793,1240.90908359,0.9698982218105244,0.976242968658836,,,,,,,0.8316125041646313,0.05360014058373032,0.6672521287109727,0.05577824188347136,19627.47724680851,19390.101747916666,0.1096565839560372
11174,material_r_cable,3,True,1.119460620813761,1.0705013161824886,76.06377992044257,568.6683841066949,16399.484024745736,4.8376562605407365,0.2067116690693157,79335.066561949,0.1170514038767427,0.0195937,14485.7494263,6253.76278647,2027.64056397,1766.73939823,297.14641155,0.936427176857172,0.9486867585493304,,,,,,,,0.05834704825857049,,0.058197643244353676,7903.179938461539,7221.533708510639,
11175,material_r_cable,3,True,1.1980039364263857,0.84359035422446,68.78340295333147,1032.2254505201704,1270.1750799863494,2.3937425789090643,0.4177558643150947,3040.4721716325507,0.2623717197594415,0.40016013,1110.15952421,806.84367093,24.8333669,58.97213834,39.51321651,0.9778334351236018,0.9561823504671878,,,,,,,2.148533678898871,0.05536547772248759,1.4866705939631841,0.054405684627185986,804.8049947368421,873.4252325,0.18207039694487134
11177,material_r_cable,3,True,1.2444849725782174,0.9372025012928592,17.77715963873625,979.2119270625778,8129.263395824879,4.76851132205174,0.2097090543490062,38764.484542931714,0.1774065351224672,0.12683244,5768.25838024,2768.79400462,395.81416845,74.75157214,136.01335519,0.9533189101334756,0.98492987350021,,,,,,,2.39266118619718,0.05387398558222988,1.4645272385363215,0.062047969537162066,3508.566731818182,2681.734344680851,0.24062447706971546
11178,material_r_cable,3,True,1.277876448485861,0.932139148117867,32.07402836963392,762.9106987293163,7256.2067488742205,3.8205500347555255,0.2617424169041119,27722.70094660468,0.3435625888551421,0.088994,4975.46436761,2454.99713683,454.62865259,51.45525921,134.0474344,0.9512303064350178,0.9882806005231404,,,,,,,1.5311005561159599,0.05435194804065199,1.0760615185918254,0.06051655689918697,2964.019831111111,2528.5915479166665,0.17453423472920682
11180,material_r_cable,3,True,0.9102985649886438,1.0941548428636811,27.18131592165679,431.8873250480268,2294.0176419186755,1.584310521828188,0.6311893951484127,3634.4362873512464,0.381412362736519,0.19056438,1129.00244388,652.16501615,118.14262247,43.40796439,31.06696295,0.9355380552983944,0.955799490709497,,,,,,,1.7477783616103302,0.05871796909121743,1.10810766495404,0.0566453970884378,553.2639386363637,698.3373217391305,0.22398327198855825
11181,material_r_cable,3,True,1.0673882326529762,1.0090628156304866,43.48135901852503,727.8526840929409,2091.9059653839213,4.3092531792353785,0.2320587717655144,9014.552431992117,0.4748136833091871,0.18736408,1859.21646,1035.73280699,76.0653288,161.69764507,42.6205345,0.9638641316279948,0.9378966913796576,,,,,,,1.3056198842116786,0.05571529353844204,1.288296615333094,0.05513962967647211,985.7000363636362,1085.5598377777778,0.006678421946745359
11182,material_r_cable,3,True,1.023258238843129,1.0392485325064929,27.049209357813265,1066.6593380792835,4244.409449818786,2.396600410793764,0.4172577103367831,10172.153431012635,0.4208584873201423,0.19429509,2295.52579427,1436.78307184,183.03897128,124.17001109,62.13102994,0.953041427524985,0.9561131554839404,,,,,,,1.334180609805008,0.05543771773752475,1.1426373849063327,0.05569666396055004,1240.8781613636363,1547.6802652173915,0.07733439651507319
11183,material_r_cable,3,True,1.2724471747233768,1.263225976787728,22.736133163411903,962.3287160809724,13112.02775746247,2.215049110579112,0.4514572589943866,29043.78542205588,0.3481739667424351,0.0204146,17945.46205152,10830.249478,2862.33958582,286.68821724,612.46407784,0.9365588313332452,0.9817082472201232,,,,,,,0.8786272940086249,0.057578917432568086,0.6410450293338109,0.058501245533587654,9220.709210416666,10737.502927083333,0.15633782429640153
11184,material_r_cable,3,True,1.1280897949321955,1.1467474270646183,83.78833941992359,1441.48755288836,9350.623828708418,2.479429980136806,0.4033185078873748,23184.217053881257,0.2315756262736673,0.09478085,5588.60429799,4245.43117453,284.10216889,264.77542349,217.15011155,0.9665338364587972,0.9732252952252448,,,,,,,0.97355569423092,0.054025642817625126,0.9708687395297647,0.05590225760634519,4326.8053222222225,4065.54411875,0.0013818766389180356
11185,material_r_cable,3,True,0.8805602068997994,1.228412956396466,4.872633816115281,1244.6034107071043,5492.765916099753,4.296467114054925,0.2327493667363879,23599.488123724364,0.1909636436004507,0.06601443,7771.13087474,6284.60302587,184.46242167,551.26211027,343.01701732,0.9835146875041084,0.9323019679987604,,,,,,,1.2286511945978609,0.06020799971855007,1.664267826948945,0.05520435213471032,5975.820159999999,6534.58802037037,-0.15058030629497732
11186,material_r_cable,3,True,1.3936623929156498,0.9855359028469988,35.365292261709406,1680.6102709772197,3192.8406733075008,2.6440353075821355,0.3782097754641786,8441.98347170935,0.4980943260607515,0.15773046,3197.59994451,2320.762288,246.18974262,270.44595821,138.91843765,0.9503784070640964,0.9465687439546744,,,,,,,1.154780679143422,0.05472313833263324,1.125604220939668,0.05479967045001016,2147.5847613636365,2299.6117804347823,0.012794532275095772
11187,material_r_cable,3,True,0.814772982831984,1.3426633208016503,67.04140306639836,333.97567444865507,8506.617142202074,2.8715546585059064,0.3482434147780799,24427.21608281657,0.4570547598894926,0.00882968,11340.26521664,10326.9311171,247.36492975,203.8381351,715.23804436,0.974641926374933,0.9848782899897844,,,,,,,,0.05352023678920261,,0.05592946677718101,10229.290425531915,10225.11555,
11188,material_r_cable,3,True,1.1208596574322702,0.8999653802514664,2.7117766445677915,271.1515768388381,11481.197053884578,1.463847751423918,0.6831311514652239,16806.724490983852,0.3372988923998414,0.08980967,2307.51304393,1712.58560195,94.6358652,19.76569751,78.51896771,0.9750713553985518,0.9831397674948336,,,,,,,,0.06568047728528874,,0.11568806610222568,1790.3168733333334,1662.3385124999998,
11189,material_r_cable,3,True,1.1094172286573802,1.188982118935919,36.44285977948908,563.6842958083628,13125.684168262314,4.65461943725082,0.214840335172629,61095.06465680913,0.1282326427151861,0.01219216,24223.81208718,12607.14583407,2694.84712725,1462.496741,592.4622634,0.9388779791524096,0.9454132478584164,,,,,,,,0.05977400094019012,,0.0572613487365996,11764.364402040814,12967.090912765958,
11190,material_r_cable,3,True,1.3826101514804456,0.8460045478916014,59.53934186182463,1061.575930441299,2635.8946704516334,1.0607070464913582,0.9427673770131282,2795.912050757064,0.4139353337763912,0.18464685,1870.71396353,1478.59338717,115.64928988,46.71654552,100.72525762,0.9573265344528288,0.9719240550822268,,,,,,,1.4522719912319102,0.053891702013865596,1.246931347603725,0.054959536782416725,1400.1153604651163,1538.3762244444445,0.07607453676193354
11191,material_r_cable,3,True,1.09026081188457,0.9663555724363976,42.71195886068296,649.3126491359023,2175.511230439963,3.6019687610376696,0.2776259502350364,7836.12349133137,0.1268749113159951,0.25629651,1026.67548918,676.94612868,32.66580236,72.61496902,23.41194114,0.978468853326978,0.9593924284315172,,,,,,,1.614790792620985,0.054841621137954044,1.3314820646625563,0.05536968033795711,694.5914642857143,731.4925044444444,0.09615834706485364
11192,material_r_cable,3,True,0.9177859004525142,1.1080307528370117,19.19350372722664,503.7364177777249,7462.881308721545,2.696247882604983,0.3708857803659539,20121.77792677277,0.2839133947871486,0.07841419,3339.55692844,2550.10947132,129.92457484,74.92052989,118.58242555,0.9802827773414522,0.9787934300210543,,,,,,,1.2314640190468678,0.055569914296031475,0.7777993612278323,0.05506912734608736,2337.3985,2613.3863875,0.22578655554704424
11193,material_r_cable,3,True,0.8129473790350545,1.3541540165798915,78.2002785877634,972.4235576028668,2867.321260858565,1.5465471574375322,0.6466016863377745,4434.447545441015,0.2446017763524478,0.13460431,2760.68276224,2090.34709784,58.46378137,198.49558104,135.29503188,0.9621179199424852,0.949842204499466,,,,,,,0.9734994316742674,0.05368347712079335,1.4104772756333301,0.05588861687884715,2177.9347222222223,2003.1581659574467,-0.18329786638417886
11194,material_r_cable,3,True,0.8826895832416725,1.330021873525959,60.59573476557633,1769.683395784799,14239.025638308238,1.2957852500880231,0.771732816014127,18450.71939774501,0.2393208830317201,0.07549832,9086.39635792,7377.91995341,263.66078613,361.39974105,437.55465259,0.9718371415230626,0.9692458325639596,,,,,,,0.9563033628923787,0.05377870148929578,0.9099795176869818,0.0557679151613538,7497.34354,7262.84178125,0.024821448927944047
11195,material_r_cable,3,True,1.017569026556902,1.3177824252211248,71.09433074177952,1259.629406116093,17594.52365575266,2.5566079216134026,0.3911432768184996,44982.29855531165,0.1026495696217956,0.0238907,23222.33647735,16299.2688911,799.61051802,1675.19631849,867.56578693,0.961057045025892,0.9529654402784202,,,,,,,0.8206472258268991,0.05399233157821192,0.6635118121152467,0.05577298109793514,16954.47724285714,15757.23975744681,0.1058750509174056
11197,material_r_cable,3,True,1.2154486008466343,1.3993360953594047,38.21601321787584,1394.4583865375082,19708.585083133,4.069341920234592,0.2457399794860077,80200.97146730327,0.3320249178418584,0.01041529,53102.36587154,42051.38895298,2103.57794652,1166.78428003,2226.17763514,0.9640914690727505,0.9722528486873518,,,,,,,,0.054318712394485415,,0.05545839045030419,39911.079776086954,41572.936802083335,
11198,material_r_cable,3,True,1.379960003586591,1.3904481825214412,62.93235425022941,1518.3467488383533,12401.833575200497,2.7153929111402784,0.3682708295721626,33675.850975240915,0.2949915648126577,0.02450998,21262.2891554,17631.84062287,1154.11485299,481.06633905,947.33472077,0.960408843799051,0.9802191584092104,,,,,,,0.8189393533240074,0.05418931407054029,0.6563087133521208,0.056181696763872316,17100.419236956517,17308.078314583334,0.11023952082737418
11199,material_r_cable,3,True,1.3660690319734257,1.1915702799352537,46.76881906610559,1565.8557262296392,5714.012708277986,2.06444549126333,0.484391573539708,11796.26777262586,0.2943793517943071,0.09337747,5417.38591422,3911.45873802,540.83613815,188.24373106,225.07462026,0.9490892168082028,0.9717789995731804,,,,,,,0.9798378421914208,0.055196918472230336,0.9564682650375349,0.05648321629650514,3628.1471622222225,3881.594466666667,0.012069154286421191
11200,material_r_cable,3,True,1.3261458184664354,1.3369871163089797,35.59729116509934,375.7023193866552,17326.43963210115,3.707361480689435,0.269733611143318,64235.37488954264,0.4563740421400893,0.00296304,52675.10161905,34431.07814805,5563.08042676,698.31226646,1807.52043236,0.9359928006127048,0.9803995451711788,,,,,,,,0.05801573077826507,,0.05747061645483314,30689.254071428575,33850.89871666667,
11201,material_r_cable,3,True,1.3578493549321613,1.3891405690869931,59.66280857759183,1312.8422061295755,8802.038632027987,3.1152866264654007,0.3209977507381394,27420.8732359886,0.4657469711532257,0.02152381,21415.2266614,17597.73369873,1097.21832334,313.66953572,949.52025755,0.9584685420221224,0.98435164092753,,,,,,,0.8144127621329692,0.05429493988544773,0.6437877345269089,0.056320899287600035,16748.430802173916,17362.4011875,0.11701067719897935
11202,material_r_cable,3,True,1.3210770749083576,0.8698805601656755,12.736478026707928,1920.6133232614516,1498.4228279424997,4.324279683234448,0.2312523872766773,6479.599391766457,0.4147286655706451,0.34914474,2460.01742464,1495.28349266,209.53602801,70.7951772,57.30900419,0.9306813981374158,0.9638091036801196,,,,,,,1.334246264957558,0.05395710854993162,1.8957596034764195,0.0558443199303292,1367.0443575000002,1661.3555714285712,-0.1738428230135394
11203,material_r_cable,3,True,1.1301404056195297,1.2455559470493562,40.62117976786213,813.8319433831399,19038.33373680726,1.8111206581597965,0.5521443287031236,34480.71952767222,0.2871352072299751,0.02046781,16009.88717982,10104.7018164,1566.88624398,354.8394211,569.47848529,0.9496553735349994,0.9795705373146644,,,,,,,0.8211378299605527,0.05558252610477402,0.630626205246836,0.05711401127039675,9342.920121276595,9975.203097916667,0.13122767894336326
11204,material_r_cable,3,True,1.368156195358334,1.3124632429884509,38.77604140272419,955.0608254160352,6962.670155851038,4.066903535381478,0.2458873172919257,28316.50787252569,0.1182227455203657,0.02927557,14046.01717434,9934.54280205,350.70577972,1007.02900674,476.65127578,0.9781523234063976,0.949239715686102,,,,,,,0.8770830940568446,0.05537739499615312,0.648660016230604,0.0545478013985741,9575.60900217391,10048.701295744682,0.14971267199968277
11205,material_r_cable,3,True,0.8105981030719039,1.2190750284984349,62.39210809973055,328.9204245867743,11312.840717259784,4.033688209766051,0.2479120715326677,45632.47222017211,0.4031338645195487,0.00758333,15542.72937742,11348.36927823,2309.55377242,373.14159315,681.79940602,0.9309073763592514,0.9761278383516628,,,,,,,,0.055816315243914005,,0.06293201433872046,11681.070928301886,11167.659283333332,
11206,material_r_cable,3,True,1.27637773916222,1.1036065332943163,70.32263248448221,398.0452215162826,5887.905418329458,1.2663026911257131,0.7897006039772557,7455.870476324261,0.2642185006734315,0.04564814,2819.67293543,2003.77285716,356.4293687,41.39946745,123.24222859,0.9524693036773748,0.9893546734244328,,,,,,,0.8934402981073892,0.05521492935356609,0.760554919641822,0.057362867427058074,1832.447458695652,2030.7520270833336,0.08034205724391408
11208,material_r_cable,3,True,1.301585699533177,0.8556714373963664,45.25950524961552,645.0583598091006,16333.716918543423,1.7836736380556988,0.5606406792500753,29134.020279070268,0.2503680242378839,0.01366424,11113.95821757,6603.40713457,1463.40427808,224.22865801,331.11252314,0.935287562987286,0.9794681015312724,,,,,,,,0.16097641206879262,,0.14749391906445836,7411.596826086957,7006.265029166668,
11209,material_r_cable,3,True,1.3033672367836386,1.0465069086431085,29.73177445660032,1715.7861686666538,19597.588460608396,2.447706924052013,0.4085456433422053,47969.15296975299,0.3585730948850554,0.04067397,13741.78615851,8316.59553346,2312.0790419,803.9964173,527.23506772,0.9404169660808246,0.9637082673088996,,,,,,,1.0302626633663532,0.05766443132305495,0.7181948081962103,0.057832502005156064,8187.739537499999,8373.656958333333,0.178481810536263
11210,material_r_cable,3,True,1.305959699289728,0.9126110373201892,15.153202715792377,1941.190803906244,6129.130114783826,2.3911547073197976,0.4182079883575923,14655.698325740876,0.180917813820192,0.1966882,3763.47379471,2762.61555453,200.67487735,386.97246097,158.93088373,0.9540977745937104,0.9377680269037588,,,,,,,1.2060294716787623,0.0538862542978208,1.7921377434932195,0.055362949373038525,3000.041655813953,2586.088175555556,-0.1954888536064646
11211,material_r_cable,3,True,1.2028745416487705,1.2374168300977852,27.347579881310487,1638.768616000256,10268.314598189165,1.8068701271062169,0.553443208229661,18553.51090319668,0.4977282383500452,0.04176003,12840.42452976,7844.18604568,2240.85949532,1206.81523208,458.94862134,0.9327834359377228,0.940074747204824,,,,,,,1.0346359000713174,0.058341461864511564,0.757410491291466,0.057028757104733055,6615.061865957447,7678.10239574468,0.15469767418745897
11212,material_r_cable,3,True,0.9473964340425776,1.3120986222479885,69.19184264279501,511.8347647720239,14745.10057064139,2.8675717871893527,0.348727102305658,42282.63439564088,0.3636981956054951,0.00925503,19717.46172145,15857.64377058,787.24860117,834.5640406,943.38404168,0.9595961347752764,0.967919983266031,,,,,,,,0.053860509318562205,,0.056181238760506916,15845.906553061226,15528.208138297876,
11213,material_r_cable,3,True,1.1490163126047397,1.3946113381771568,36.06424910656335,419.1579227647404,10244.299538822435,3.422583987517822,0.2921769060005552,35061.97556490987,0.3957369701687003,0.00653919,23287.06295813,18829.1035417,353.23494911,1227.19609466,1056.72345694,0.984890394110531,0.9528911136248892,,,,,,,,0.05473724265152971,,0.054749339870612514,18428.554580434782,18718.52548085106,
11214,material_r_cable,3,True,1.250607384165328,1.298878978981362,84.97544067777758,1236.4161431314872,18648.43093837624,3.354396443824702,0.2981162235134599,62554.2304225998,0.4192107115337754,0.0110256,38707.25741461,27346.92640167,4665.18936225,3202.67251202,1459.104652,0.93254006609383,0.947618294836576,,,,,,,,0.05708205889397215,,0.05724599004709722,26766.338700000004,25767.90462765958,
11215,material_r_cable,3,True,0.8095235190214447,1.0923910201722369,56.03359877187322,987.463509168063,18021.716617453505,4.635482692870939,0.215727264290714,83539.35547603032,0.4176533708617207,0.05961011,13445.97348515,8279.17222719,1011.22412609,624.92616868,406.58839373,0.950994983917888,0.970002399356832,,,,,,,3.1089858963285426,0.06678477687379052,2.217312725496773,0.09934786951246638,8720.693164,8423.145686666665,0.1674095341139912
11216,material_r_cable,3,True,1.264744350511135,1.3823163619640677,17.013724984801165,1313.9979345347826,9793.983084566731,3.7143710271936983,0.269224585449,36378.48701013985,0.4013574243846959,0.01626152,30271.98613539,20041.52385169,3684.30798769,2173.19571896,1069.35334163,0.9373011318152852,0.9386591102930136,,,,,,,,0.0597147524552276,,0.05618016515549747,17123.141312765954,19858.72802765957,
11217,material_r_cable,3,True,1.381943897575466,1.1737483717330195,61.305667582260114,1734.040462247399,3155.0046290736564,1.9866723320946635,0.5033542692697804,6267.96040421122,0.1290559506500747,0.19425412,2767.66278183,2075.11849901,342.396933,170.07838559,100.48685004,0.932742807347879,0.9506201030844196,,,,,,,1.2387023599823452,0.055334630636881696,1.2212262295256249,0.05577420453784258,2052.178220454545,2128.6789622222227,0.00710432430081879
11219,material_r_cable,3,True,1.3274763615156184,1.2208165694112398,34.166302204710306,726.861413869024,3323.5353113549054,3.6278310115670975,0.275646797442209,12057.224470571637,0.353903765922041,0.05442449,5028.17366416,3883.72678922,215.2789196,155.46626917,199.48488068,0.9703911245214876,0.9723170016955908,,,,,,,0.951360775159534,0.054277192939904455,0.7719311066008122,0.05527745657589662,3596.4584,3837.5942937500004,0.10412030048875644
11220,material_r_cable,3,True,1.2772280113333838,0.9887212345494976,54.10417042041771,708.4545426038486,3501.360455535036,1.515031760811511,0.6600521691138412,5304.67229618504,0.2068256692207882,0.13818347,1954.92967716,1230.57334968,191.37899589,177.88325589,68.22547593,0.941554634065033,0.9394888553296552,,,,,,,1.2910605972215452,0.05540347335629424,1.1908449446335492,0.054859035352550156,1169.5513318181818,1299.4259565217392,0.04037851195299322
11223,material_r_cable,3,True,1.340854099286206,0.8376360803970475,79.21379675546424,1377.5964008678325,5758.827841625264,2.386087948626808,0.4190960356576543,13741.069711118576,0.3089049489176538,0.15731054,4602.28369869,2863.3053284,47.76133516,294.58942108,171.03371805,0.9883589301885848,0.9344334800874634,,,,,,,2.0598009024535604,0.05956869146285517,2.665320775689716,0.05473721025599119,2695.234327906977,3132.4726391304353,-0.1281490540311531
11224,material_r_cable,3,True,0.8304329233596964,1.0512610486145448,48.63784010609453,1635.8504480643817,1234.448257964515,3.724153192312221,0.2685174181514075,4597.274420642809,0.1239658329639192,0.43653287,2354.75159195,1819.56326425,25.48109723,99.49354824,104.37295489,0.978647414620166,0.9443134333572129,,,,,,,1.9646852096152272,0.05803757129971266,1.7553339886965023,0.06958367447514627,1968.4828970588235,1848.370310526316,0.05627691948840898
11226,material_r_cable,3,True,0.8046963715583566,1.1277194030363855,18.57591149766877,1546.638509701507,9628.634014892246,3.0670089791766677,0.3260505615697441,29531.1069808804,0.127923476806304,0.11270619,7734.54914991,5199.08311528,569.60451911,583.94381335,267.92795028,0.9835557501688644,0.9537359607750964,,,,,,,3.1391835216681008,0.07736485072110925,3.352517173202791,0.05890516040730729,4742.182893333333,5753.220218367347,-0.03286252117311041
11227,material_r_cable,3,True,1.3737005774275013,1.3915460633814116,60.21181918162444,870.9320427685078,8876.777508780826,3.9496882135382574,0.253184541648711,35060.50350063312,0.4466330085694244,0.01060336,29476.93240352,21923.55007485,2529.02022349,1967.63231116,1138.57323852,0.9410848281536696,0.948779380050969,,,,,,,,0.05781263415750668,,0.056302653071129215,20930.723570588238,21122.82665744681,
11228,material_r_cable,3,True,1.308705251714263,1.18239708546878,50.6539255303145,709.4331944211026,9178.080325504625,1.1078443755747396,0.9026538582923338,10167.88466718347,0.3279985714248664,0.03596456,6334.89117141,4142.21119103,291.67745164,954.62427962,255.56197188,0.9696031882879472,0.9393688417274444,,,,,,,0.8909496798840993,0.05620643534938584,0.7560324398628239,0.054235490221982874,3830.731348888889,4095.3657872340427,0.08191785351137083
11229,material_r_cable,3,True,1.3977853823448108,1.191368433162832,28.02285631997885,1933.11967417588,19298.69866153789,4.963255161237823,0.2014806749831903,95784.3657370514,0.1671841756916612,0.01893423,43434.64900902,21911.61208783,6772.96371703,4474.5060663,1089.77074737,0.9301059965855926,0.9335195546385772,,,,,,,,0.05903042093915385,,0.05740027112713698,19458.329614285714,23088.317897916666,
11231,material_r_cable,3,True,1.377028529515794,0.9210294870936944,54.15952762157715,1702.8767291447527,7570.51864087951,3.476019146425052,0.2876854119254379,26315.26774406493,0.3916538676900029,0.11219035,5357.82299889,3545.89784575,204.42222247,481.3095204,232.92806876,0.9744046114483744,0.9515894852302018,,,,,,,1.2205662167982523,0.054982853044738815,1.0046009564896823,0.05414588589440255,3390.807306666667,3707.0860173913047,0.09705574614848243
11233,material_r_cable,3,True,1.3381395869071642,1.1668368593287668,60.95750681415839,627.7414808227177,18069.841664727297,1.5027495874504084,0.6654468637696436,27154.447106963147,0.1531176984305506,0.01673662,11133.21171967,7557.32306827,1317.05043024,1417.70842306,470.06935627,0.9525162979331568,0.9477703849829476,,,,,,,,0.056595878895407466,,0.05510404624011819,7124.284589130435,7916.170614893619,
11234,material_r_cable,3,True,0.9983545689215042,1.1806099086649104,54.9883571470324,533.2742678064276,17745.875923292977,3.700905713606967,0.2702041276878093,65675.8135974753,0.2317713490690265,0.0121079,21429.95721544,13127.76159331,2553.12436938,269.52688249,652.08919536,0.9363737730087568,0.9854678453488186,,,,,,,,0.05707404263456099,,0.06087871171149801,13538.684676923078,12967.186475,
11235,material_r_cable,3,True,1.2734166136754987,1.1711816419157297,53.14632090387121,670.8000193208569,19816.524609169654,4.677966117798263,0.2137681152061574,92701.0306942111,0.3408109253901635,0.00843945,33316.51528113,21730.0980103,2594.09234027,1760.51122854,1084.29668064,0.9489537022069578,0.9585006446930115,,,,,,,,0.05582023608832318,,0.05614017551130401,20524.001659183672,21143.938325531915,
11236,material_r_cable,3,True,1.3915419283496284,0.9584717852787332,55.84543600523151,1381.0495860059043,16545.387686355905,4.761687735841365,0.2100095712856116,78783.96963086165,0.1637433490541214,0.04551647,16942.0488021,8161.15537691,1547.25786073,1270.0192643,453.95777477,0.949413654263048,0.9519130788204964,,,,,,,1.2269228797782905,0.056555437180663644,0.980384250926866,0.055711192913359076,8393.333745652175,9393.24419574468,0.11169203660963309
11237,material_r_cable,3,True,0.9095803860185212,1.3041935467186376,52.229940968939246,697.4690984165208,1238.7549642244294,4.056731824460436,0.2465038467592085,5025.296686077591,0.3979021725636159,0.10199953,2482.446554,2025.4570862,99.1423604,63.05469567,120.98760828,0.9600158232920876,0.9710310658020536,,,,,,,1.0521104400765975,0.05468240089982097,1.0355221468978086,0.05645003020235763,1982.977782222222,2004.4356319148935,0.007945983063442292
11238,material_r_cable,3,True,0.8736336507823842,1.1761065174438337,45.34290067025678,696.6310721604484,5566.147055844169,4.595399609260543,0.217608931764024,25578.670005513013,0.3787027032002108,0.04421595,7192.114015,5133.33215949,140.54103981,367.13653441,277.98914235,0.9797190985949178,0.9547158577661716,,,,,,,0.9405861972472535,0.054758180580924666,0.7090303591954574,0.054928394791776344,5051.216100000001,5150.603834042554,0.14036949201766674
11239,material_r_cable,3,True,1.0884354640323473,0.9638365349226286,34.28195810330064,1245.2463653784723,10480.987536250856,3.966946882399191,0.2520830325298444,41577.52083139512,0.4487629279699585,0.14775681,4221.35923765,1841.33071977,448.59367292,103.45074238,92.35656774,0.9555462835956848,0.9811483600402774,,,,,,,1.5152843071089035,0.05423509080472897,1.1965336451004622,0.05795308760884917,1901.7985111111116,1971.3158913043478,0.1175413201128599
11240,material_r_cable,3,True,1.2972099067418692,1.133589963581925,38.595261679397886,744.3343500089213,14978.491073883732,2.4137778686701834,0.4142883290876005,36154.75026021444,0.3905866356352752,0.01806858,14051.38772591,9054.59688879,705.05302006,1728.22738548,539.68897006,0.9685307341490692,0.9431552955549508,,,,,,,,0.05570486787852372,,0.05443185111492937,8264.348423913045,8934.553674468085,
11241,material_r_cable,3,True,1.2688299659257667,1.2463762598689927,20.03372328938804,1805.600844524326,15066.441205021676,3.918076888691566,0.2552272526570932,59031.47508022573,0.2292781475828841,0.02878468,23690.82285133,17407.7450162,429.23068401,3115.56942478,860.00239795,0.9856570126011176,0.9334477817239994,,,,,,,0.9159064302848825,0.05717489670148523,0.7422481119695554,0.05482095670432699,16691.177676086958,18180.649098,0.10472987522575554
11242,material_r_cable,3,True,1.0372243600196367,1.2164186893624536,47.59761659787408,585.6193086918979,18354.514509151693,4.256476008701922,0.234936129783324,78125.55065957551,0.1152965323066923,0.01015305,27395.32034447,18545.9176752,1786.36094982,1358.74411114,899.35601721,0.9517777142993092,0.9566326318457544,,,,,,,,0.05523194015931541,,0.0562022111835226,18316.70557346939,18532.877814893614,
11244,material_r_cable,3,True,0.8260954113399087,1.227010030786752,2.663284443964988,208.7557824991892,2756.1305970271515,3.561251212931388,0.2808001851621318,9815.273431660253,0.1114590946985343,0.04817437,3017.6289769,2600.15127568,65.37758001,73.84189557,143.74107233,0.9380258578663644,0.957460325267158,,,,,,,1.9413034916807521,0.09329244941145444,1.3931075299710505,0.05731024781410557,2503.383508888889,2663.87897755102,0.16440563510317813
11245,material_r_cable,3,True,0.9779655528499112,1.2621301093231765,13.112689506279112,220.21762334411645,15623.060918681038,4.657151213654167,0.2147235410927025,72758.95711842839,0.1781873644052889,0.00299173,36016.58315782,21638.13940668,4779.15602872,403.38954495,1145.09090691,0.9362249343693292,0.9770462580747512,,,,,,,,0.0590019208531711,,0.05730583900072864,17870.059428260873,21458.38955744681,
11248,material_r_cable,3,True,1.1558173523372992,1.3496806033539035,83.95990452879875,1981.2491341813804,14706.95097160142,2.0742197796982818,0.4821089885399999,30505.448604348527,0.4690217378969238,0.03394981,20293.78791388,15941.98582845,193.6751242,1130.00146635,938.33789386,0.9887764575420904,0.9623683269502192,,,,,,,0.9153766473575848,0.05390402345662641,0.6872011334928686,0.05413451746403337,15783.364035555558,15363.240540425528,0.14238030539998403
11249,material_r_cable,3,True,1.036445116520159,1.1604022190549086,28.4406884820612,316.81164372387275,16603.183941503423,1.819059840574428,0.5497345264266937,30202.185133659117,0.1642331229661244,0.01957755,7543.3900118,5057.63029843,437.43788599,189.80523551,256.23670043,0.9724822275161245,0.9819094539018682,,,,,,,,0.05423854643681096,,0.055760670278675324,4586.053655555555,5080.008020833334,
11250,material_r_cable,3,True,0.9250931811591494,1.261093590930465,28.760766904537068,1090.4070057202453,5129.93879528924,3.0410946794063696,0.328828959772868,15600.62957603443,0.3909898028619173,0.02697194,9968.97811525,4898.52357367,809.65439451,10746.66872717,287.49827794,0.961945209706358,0.9361683216032588,,,,,,,1.0497904255470147,0.07372271063230634,2.381045859490438,0.07260754818827453,4537.964277777778,5255.992300000001,-0.38802651113062087
11251,material_r_cable,3,True,1.3887240698626964,1.1116994296716811,55.78689108425556,1095.4445982352572,19448.803847118223,2.261896385212389,0.442106900447653,43991.17911850152,0.3429727609564016,0.01867915,17870.20195677,11679.27486949,3171.43265574,868.15870777,746.90112392,0.9381738495425976,0.967483688882206,,,,,,,,0.057928440132922664,,0.05751438694608015,10824.78255625,11533.269916666666,
11252,material_r_cable,3,True,1.339397162416604,0.8605838709414612,23.646308477865936,632.3039323443987,3523.785319895223,4.574302385277687,0.2186125699119679,16118.859594003214,0.1821539856516327,0.14697725,3035.78589601,1849.97181749,151.20718371,61.09330757,100.47891053,0.9500869276006996,0.9426516661107038,,,,,,,3.1803845937428643,0.057634661103916913,3.63601600823507,0.07957967633737183,2116.121704347826,1809.8386565217393,-0.06684340329997535
11253,material_r_cable,3,True,0.9245535851856266,1.144829902681104,57.982543025818266,675.5309714387457,1911.7343107631043,3.769655254315573,0.2652762474380598,7206.579289423497,0.3771478285008788,0.14878281,1971.29616913,1525.78268496,76.62662489,45.25958047,76.46789872,0.9624344848404224,0.976492846836761,,,,,,,1.1006363608910457,0.054663359747413647,1.2825420516987354,0.057510433544072544,1536.506493181818,1506.4728108695651,-0.07632902759051692
11254,material_r_cable,3,True,1.260790990985773,1.3885581009379104,82.91117028650118,1603.9493651400214,1399.8925164048385,3.3215271423044213,0.3010663339954574,4649.780989547508,0.1403351615711883,0.21523316,3389.92546027,2678.56509696,11.38337632,156.15462057,119.74004498,0.9891358624360362,0.9583020487733764,,,,,,,1.639703368702438,0.05370323684535006,1.5065712167514413,0.05428325153383421,2860.9070071428573,2537.02538,0.042314219034315835
11255,material_r_cable,3,True,1.3317061521521816,1.3065949141685542,9.624355383906485,416.0347996167896,19672.656503051472,2.0329960578152075,0.4918848692085839,39994.43311745635,0.2703161724578972,0.0064028,19521.49747888,16198.34835446,732.94062677,1844.93234677,925.9851181,0.9775250732536216,0.9493285268237776,,,,,,,,0.055381774489572926,,0.05433439184402591,15100.929906666664,16303.175636170212,
11256,material_r_cable,3,True,0.8078578469622903,1.0189549399067384,19.70135967442997,925.9465017848462,2764.674565701446,4.993231678881888,0.2002710998228557,13804.660623259488,0.2952095591701539,0.23373711,2231.98688496,1638.64365894,109.92699474,37.6177558,80.56863633,0.9598730883552772,0.9729576640602516,,,,,,,2.448084095127194,0.0602052486392653,1.1282558772651716,0.0565047438877995,1428.859523076923,1769.9204441860463,0.36904439400349653
11257,material_r_cable,3,True,1.2209233296020972,1.2567750097854036,70.42124982611209,1803.184541024848,8908.187271046958,4.285642279235686,0.233337253751926,38177.30400014801,0.1569737231924416,0.04817819,14602.38330593,11184.45529908,1928.95528158,162.23670835,531.7611227,0.933848443014606,0.9880402168837252,,,,,,,1.1541202031734805,0.05713693742015162,0.8529245680136236,0.06082658469210934,11763.643973076927,11054.19613125,0.15006921593568098
11258,material_r_cable,3,True,1.3266234539813202,1.2072163527107942,87.22012473405303,833.7700134396053,2413.1176300446914,2.3628284808706854,0.4232215787544203,5701.783063960766,0.2786703260835647,0.0974765,2921.19215635,1823.91959157,296.5314113,404.52004292,98.08661961,0.9358493246728432,0.9305838380584344,,,,,,,1.108355656671871,0.05782973196056067,1.129415816801685,0.05525928240745552,1781.6758869565215,1756.7481978723408,-0.009411220215942574
11262,material_r_cable,3,True,0.8042292812413813,1.0296198838416462,63.40515884267561,1501.1167698364054,8321.5504115578,3.180789445149608,0.3143873611391983,26469.099716363427,0.3367296575618719,0.20246385,4388.84004776,3017.13424552,301.15061501,144.47637934,146.97572397,0.9335299797676618,0.9634471079196923,,,,,,,2.9045842729985867,0.056998221044597126,1.950286020357226,0.062305168712604816,3190.692238636364,2895.2389644444443,0.1965651387118161
11263,material_r_cable,3,True,0.830207500711474,1.1879307309750051,89.42241277989969,794.0103064431665,16092.121326690389,1.947235223316124,0.5135486396435501,31335.14546520812,0.1573770175766054,0.07325215,8056.0762324,7057.12448813,193.69299307,71.84346794,372.25617705,0.968802183168298,0.9671933730089092,,,,,,,,0.08113954866255885,,0.1780127456594068,7149.7384416666655,6923.530870833332,
11264,material_r_cable,3,True,0.974267809625655,0.9742941271508564,57.78144478218408,951.3243112196432,11440.32540170348,1.1721662722057813,0.8531212880901282,13409.963578935874,0.3416722862219442,0.21670527,1630.93984636,1077.3262327,133.00067182,69.89746853,41.53811453,0.9690871213806462,0.9800424979740242,,,,,,,1.3607342344843378,0.054235213258732984,1.3981825971981625,0.05673399390435792,1057.2984159090909,1130.9781622222224,-0.013573574340400517
11265,material_r_cable,3,True,1.220748499927606,0.9413481424925336,86.76763760270697,1163.9452091209312,12097.96144147082,2.211902597470728,0.4520994736131161,26759.51233649001,0.1700515738042896,0.11641276,5129.23535621,3469.11324315,621.85455311,47.66285782,173.89208844,0.9452841747221776,0.9870090429776394,,,,,,,1.946372141407962,0.0577374393316688,0.842325928846351,0.05680490069366936,3026.472128888889,3642.325540425532,0.3959002318457976
11267,material_r_cable,3,True,1.0005720533937843,1.2052015286480051,33.480117000333884,1212.071488655882,18612.71372616867,1.3968192220001774,0.7159122556804799,25998.596306298943,0.3782000170402128,0.04729568,9739.75787751,6349.44019754,748.21241076,849.75585813,357.32445995,0.9586749751952366,0.9483865719074396,,,,,,,0.907074584219501,0.055960399838865034,0.7635119785995903,0.055014895346034785,5799.959710638298,6573.898082978723,0.08593544855146618
11268,material_r_cable,3,True,0.9839414422454208,1.2428415944531948,56.76436336059649,672.4582976439779,9668.39875711074,4.89536208341468,0.2042749816990996,47330.31268289354,0.1446298394485567,0.01595987,18248.18796446,12926.59568417,1972.85540813,340.83790196,659.82356489,0.935722260555098,0.9781493763761138,,,,,,,,0.056869585783987736,,0.060585533394406796,13238.613890384617,12734.839077083334,
11269,material_r_cable,3,True,1.065682059751612,0.9038311402451495,83.99949601776895,891.5797703065188,3691.869404652792,1.0057001331155802,0.9943321742456952,3712.91355170465,0.4611456001538309,0.28133154,1235.15032908,924.65512939,46.76213132,33.31104408,38.85647197,0.97574511060624,0.9786077969762882,,,,,,,1.8159785499830332,0.05408418387334065,1.4429748383516627,0.054820220375407694,836.7671714285714,1032.7964272727274,0.11445506185099903
11270,material_r_cable,3,True,0.8922197797682714,1.2259647647570224,20.441762415626943,1576.4727063219393,2037.5571785499176,1.0109591081581468,0.989159691950238,2059.8869880480547,0.4314646900426372,0.36273054,1730.06986361,1340.08890186,71.80898267,38.94122042,68.17496364,0.964207327912004,0.9723940460406882,,,,,,,1.992417516771533,0.05881374738782968,1.5893061976362262,0.05643217306711782,1282.324692105263,1484.3762124999998,0.11254673762628886
11271,material_r_cable,3,True,1.0599378989219272,0.9471344489029374,59.93075761056494,1569.387305436094,4373.634423691096,4.607376430120077,0.217043259904409,20150.980157676164,0.3467723558020514,0.25828745,2860.26656905,1708.40184462,71.69718556,191.77424645,55.52144616,0.9785153355171786,0.9563791090615928,,,,,,,1.5993177688011202,0.05494131635822163,1.4180700904953754,0.05582573428513499,1867.6262499999998,1716.3995066666662,0.060067742947704034
11272,material_r_cable,3,True,1.2318628575630688,0.9698565909215728,19.351108385677843,397.0356061558768,13082.433987397848,4.919054586955101,0.203291096352521,64353.20691424669,0.2564189047198879,0.03425325,9160.31618385,3622.46228561,833.94047931,945.4161144,178.65433495,0.9597038848708076,0.9462361883950292,,,,,,,1.1262632465837987,0.05489636563643391,1.3533540264366273,0.07137805830364571,4984.228617777778,4090.613078723404,-0.09158299642598024
11273,material_r_cable,3,True,1.2039433548224645,1.3708090378091329,35.180841091767206,411.0177423583161,19179.006991991704,2.0477166500871324,0.4883488152315648,39273.17194963894,0.4761573111062834,0.0044387,31101.45262748,22792.95198471,400.32647891,3474.25764367,1344.15627796,0.9876311602025168,0.9370442353468856,,,,,,,,0.055868779293883335,,0.054639062682417056,22307.11348695652,22484.2372,
11275,material_r_cable,3,True,1.2311518987032517,0.9706900133282348,22.05203435529167,1309.1891443439165,15644.307406615391,3.636991196551766,0.2749525489498299,56898.208314009775,0.1512452394602109,0.09295022,8482.59786344,4295.80087332,612.97618181,124.03143724,219.63771676,0.962780923040357,0.9868948620565628,,,,,,,1.3983985846945801,0.053573525404794396,1.0888228840107332,0.06013935103583831,5244.558502222222,4321.479454166667,0.12446647979642599
11276,material_r_cable,3,True,1.178454196413707,1.3483423744853642,36.27149323861539,1735.220526982647,15226.014790548385,2.7991469895602146,0.3572516926512366,42619.85346396281,0.1840640588585151,0.02476816,25846.82742919,17375.55260713,1751.56506639,3718.76182897,914.91147163,0.9527237987746536,0.9302481066547252,,,,,,,0.8401615250681339,0.05815374304388924,0.733005794822073,0.055540598670168376,16384.54106734694,17870.635108163264,0.06811464291893596
11277,material_r_cable,3,True,0.98812089053026,1.2648844745298808,34.77360933593422,1412.138137185565,3828.565381268648,3.034867114912478,0.3295037186591409,11619.187172904572,0.1330609752943915,0.12041038,5834.16754012,3851.14853385,430.49279663,74.56795734,198.80587475,0.9443305538610454,0.975389183515052,,,,,,,1.1881683242835595,0.057528639905919055,1.0880692467374864,0.05720507380399688,3550.85635,3869.549427659574,0.04397567232016643
11278,material_r_cable,3,True,0.8022290054947406,1.3875664997869286,56.221787973869134,1078.5415383147783,7913.837329944902,3.727568252282795,0.268271412438281,29499.36878483306,0.4015739131159507,0.01987443,16445.81616093,14253.53599083,619.46867402,140.14252437,1022.3252395,0.9626069176584204,0.9897990898609972,,,,,,,,0.05376926740461869,,0.05674804544209962,14010.52085714286,14174.77998125,
11279,material_r_cable,3,True,1.3513071308620668,1.0848981151518249,65.99264282931925,1897.858520061832,18325.722903932605,2.842612304918588,0.3517890914176704,52092.92542324722,0.1059059387430211,0.0525672,13190.78628177,7640.03182749,491.9600874,1586.04047547,480.28493195,0.9769544266377714,0.948416485305974,,,,,,,0.9803704121848985,0.056093852033443865,0.8178018285678029,0.05411518943997718,7166.865817777778,8452.362117021277,0.09040768171854638
11280,material_r_cable,3,True,0.9293334888430728,0.8333390817848569,8.361022528728435,822.7933656991702,2935.7986023743606,1.2559778863490911,0.7961923620381771,3687.298123356765,0.49396616556209,0.37129215,1077.51649972,652.66125079,91.2263921,74.90894285,16.15254618,0.9422926726592112,0.9485172765004248,,,,,,,1.5468436066823734,0.05431176493612143,1.821110274141058,0.05542670617827438,647.9947128205127,637.6787186046512,-0.0814342111453228
11281,material_r_cable,3,True,0.9183460338263713,1.0987758241078336,51.517881209066616,916.4917212337012,16361.599965212028,1.3871016608556228,0.7209276927713848,22695.202486000904,0.3573946560183531,0.1113555,4431.01212424,2976.43065595,270.77318566,225.67848781,136.62873232,0.9639795910357172,0.9672095179859888,,,,,,,1.2591688946879884,0.05429911435177366,1.1058734142264202,0.056558588032905595,3007.7844066666667,2997.903770833333,0.06481722541865785
11282,material_r_cable,3,True,1.2381367197916142,0.8682539404121435,57.10882060466488,659.7504820414505,8292.347653793597,3.327315503435955,0.3005425842446708,27591.2569083482,0.396585135477368,0.00695134,4567.24539557,3343.01109629,0.0,107.86791351,126.31353996,0.9785497777854092,0.9435807772446304,,,,,,,,0.438393638399787,,0.2863173094248708,3345.2079622222222,3436.675364583333,
11283,material_r_cable,3,True,1.3651455405798265,1.1973722230529351,81.3446154434581,1954.5042718115656,12179.253137275264,2.344432264788441,0.4265425002970767,28553.434016053976,0.3599322027857878,0.0456513,12785.99803489,9679.00269817,1626.73486423,721.23305823,564.43212542,0.9436057537007808,0.964097880026724,,,,,,,0.9057802467899068,0.05714587658823965,0.7232107700150133,0.05652596459104741,9173.280643749998,9327.396216666666,0.11207518942184384
11284,material_r_cable,3,True,1.214294121221211,1.2311486658947142,44.06566107680504,731.7322118341881,14806.624841490748,1.3768382611579455,0.7263017220039936,20386.32760037616,0.4284773496462941,0.02213335,10787.24917009,7902.90835374,939.84262907,197.20611238,478.25705888,0.9560367658371725,0.9854027719780312,,,,,,,0.8082317153639881,0.054710372927095886,0.6439808542499533,0.05673423030590715,7172.105434782609,7804.177039583334,0.11310386960615516
11285,material_r_cable,3,True,1.2065310707985843,1.2612830631240686,35.63463239590066,1605.993825855444,4183.403100896143,2.412266855475626,0.4145478340135093,10091.484643385722,0.2004088874075003,0.13112625,4689.20253343,3441.04936968,164.46013316,357.61199021,168.79775786,0.969150807551511,0.9441217003821591,,,,,,,1.2590080073441015,0.05541119656992942,0.9772445621532174,0.05469633178957987,3293.8451799999993,3533.160227659575,0.1259980420074915
11287,material_r_cable,3,True,1.157642974212025,1.1863583869279823,55.566327191713945,749.4691267759058,8115.289020696011,1.496001499776806,0.6684485277248677,12140.48454608348,0.2922056806376014,0.05907126,4191.187324,3008.84376311,267.31978526,316.66205566,174.43732315,0.9657886540800822,0.9606595874759476,,,,,,,0.9211092463741382,0.05473219510081522,0.7605578683869301,0.055084446572600226,2860.4794804347825,2978.3241638297877,0.09547155711017116
11288,material_r_cable,3,True,1.2708863272660142,0.8352143757994205,68.22884328610245,248.8678840463007,5790.512034633232,3.454761253356216,0.2894556024757208,20004.83661434376,0.3247320122003454,0.08838545,3353.38297932,2106.03832717,79.04633858,50.2692155,113.1322952,0.9411052525358398,0.9774995278270224,,,,,,,,0.13502609237879706,,0.10189343148772878,2062.0166266666665,2107.740242,
11290,material_r_cable,3,True,1.1672902260386555,1.2304486138344957,25.47803592431533,1946.9622941797256,13383.720262206709,2.12217762244725,0.471214091328897,28402.631645548918,0.4070991843578898,0.05714344,11177.14655176,9374.52095109,300.1633194,491.73928387,522.80304587,0.9825366547107324,0.9676098083193712,,,,,,,1.0138227299290714,0.05433671794943609,0.7551279861489835,0.05473462023297068,8929.463653333336,9311.452854166666,0.14624191699
11292,material_r_cable,3,True,1.0695778603472044,1.255259806313528,37.44771386025895,1554.64883099374,10090.285082235998,1.3979014220223756,0.715358024711984,14105.223865068863,0.4443244354895296,0.06991939,7299.2627556,5107.81433491,571.13591761,708.31471441,300.79338592,0.954208905268982,0.9436485341667424,,,,,,,0.9574840180753493,0.05600560903409682,0.8361855864074386,0.05508003904238422,4650.090371739129,5098.698334042553,0.06762585002542187
11293,material_r_cable,3,True,1.3907182683152683,1.010342502949906,84.0503150665432,639.9980240723793,19691.303537610656,3.858373520185015,0.2591765661796394,75976.40414744246,0.1136836229771385,0.01828539,18092.15322765,8526.15841569,293.11493892,1413.15538046,528.38374184,0.987831472980818,0.9571703744533911,,,,,,,,0.05740033406218639,,0.054172632230491416,8011.924837777777,10174.155542553191,
11294,material_r_cable,3,True,1.050450913424592,0.8607931004165073,73.66160156608002,421.7504599058266,1869.1415514322416,4.238611156597239,0.2359263360224817,7922.564233160171,0.1982480812739158,0.29522149,1161.31678512,479.59649418,68.14861028,8.87960332,19.39131002,0.9517053882249218,0.9867202178318448,,,,,,,1.9237066838012684,0.05418680020152939,2.2230558268935816,0.05717904916206235,399.5162775,535.4514906976743,-0.07218863928673672
11295,material_r_cable,3,True,1.314465094262953,0.9053834253033648,30.815969122169697,890.2136446137959,19861.737517623733,2.7215906645403054,0.3674321833290483,54055.51940951469,0.3732928277140189,0.03732161,15094.34541804,7591.45477957,1918.58096707,942.85624607,419.13778718,0.9402056442448086,0.956473136317664,,,,,,,1.2272851337925297,0.057565040150769464,1.1114621280690509,0.0634136427356528,9408.44659787234,7848.473061702126,0.04952352381645838
11298,material_r_cable,3,True,1.2405016711911658,1.3059900446467865,27.14592334313068,701.7078358391667,13471.099434918684,1.2056366474573463,0.8294372953152774,16241.251160279917,0.1246849005946969,0.02691166,7943.46554537,5757.21964733,727.04249421,823.64198794,343.14085903,0.9593901718130928,0.951854195374602,,,,,,,0.8292867385079988,0.05563314488187324,0.6500584486428095,0.0549890995731361,5337.6525652173905,5969.231042553192,0.12115379927681365
11299,material_r_cable,3,True,0.8521507343032212,0.9906828645328648,43.88332566984175,1350.6808974824933,6230.182653313633,2.056226985336737,0.4863276316920018,12810.669695320326,0.1757477954462248,0.29453883,2594.14098636,1838.83989441,130.90091976,69.86225028,82.34427877,0.9605640998656868,0.9729768256948524,,,,,,,1.765955180493012,0.058230013481260105,1.6475076193023674,0.057337711173628826,1833.3009076923079,1901.3842720930238,0.03470011778002823
11300,material_r_cable,3,True,1.0317817804189713,1.3666812543624487,34.85123360309815,720.7089924211281,3469.689639727453,1.5023233034387649,0.6656356842172623,5212.595601462605,0.3700812517065669,0.08021351,2894.09959143,2470.01726554,55.3924979,113.82282297,150.08964862,0.9851655130482728,0.967683356192874,,,,,,,1.1351663126534774,0.054375137920924695,0.8530838588303774,0.054875380595141514,2415.147933333333,2474.96015,0.14187472877851107
11301,material_r_cable,3,True,1.3205987862723418,0.839301311713878,29.35544265023649,1924.3374858632387,1723.847135099198,1.2610203230670471,0.7930086309535481,2173.8062712209944,0.4036569692964487,0.39333573,1935.78805741,1503.33203375,72.61799519,32.18160408,96.22214421,0.9628380955113104,0.9799610673164096,,,,,,,1.6899256319138367,0.0607300909268884,2.1390255043866078,0.054956509045853016,1588.4694513513514,1554.1091099999999,-0.11729057292350145
11302,material_r_cable,3,True,0.9875742353659752,1.1652521748985227,40.53295357085834,1130.8797511736132,10061.272256719883,3.881435842999162,0.2576366170791337,39052.18276340562,0.3222443233319355,0.04629704,11615.35026697,7495.35672589,324.73564226,882.74966881,376.06728503,0.9749716202135854,0.9445957697040526,,,,,,,0.9318249996006172,0.055984649322549235,0.7730401868941553,0.05489981808442995,7239.792018750001,7673.396525531915,0.09313628664852129
11304,material_r_cable,3,True,0.8360918608264272,1.382915880169764,82.64058743318817,937.4811175410096,3674.4609585258418,2.9029263403973604,0.3444799773538577,10666.6895032664,0.2691038972976692,0.04769564,7543.21557486,4956.34647607,149.41054092,897.73233647,331.77191074,0.9599385882706636,0.9400172997312356,,,,,,,0.875811513706246,0.05405780393839085,0.9084101537059714,0.055662704767262504,5065.945836,4701.205465957448,-0.018270510102595918
11308,material_r_cable,3,True,1.360549839998478,1.25079180773813,53.534226977025824,488.3505130461358,17695.324138034382,1.6217297924210563,0.6166255344591746,28697.034341197806,0.24715945169001,0.00932823,16418.37107096,10731.50083393,3397.55331763,394.17871457,653.87199045,0.9346016962621776,0.980860169986552,,,,,,,,0.057107232249398863,,0.05935227511497417,10328.421716326531,10671.51253125,
11309,material_r_cable,3,True,1.2021090882537944,1.2161513059655582,86.90454279774214,1475.350200229392,16324.13475451495,4.671244623363097,0.2140757080026442,76254.02670308262,0.4657640866378989,0.01661917,33929.27341102,24897.18274536,2711.32662394,1734.40656633,1258.30253759,0.9412833111474196,0.9621745823676136,,,,,,,,0.05753266967538876,,0.05680417490874849,23959.887489999997,23785.914910638297,
11310,material_r_cable,3,True,1.3920060887385093,1.2131519601375378,42.877031844229045,1215.0425923204955,17936.07922936653,2.267508141189863,0.4410127495618406,40670.20567361501,0.434300989956306,0.01742359,21458.21292758,16870.42489657,1191.70045041,1387.33453355,996.42227046,0.9651610952710497,0.9586390353945976,,,,,,,,0.05478977860268537,,0.05485044900245463,15617.031986956523,16404.921585106382,
11311,material_r_cable,3,True,1.205865137418033,1.2626647076558393,43.73713919303617,1424.634231774363,11681.24483233648,2.938388102927793,0.3403226411799059,34324.03084272428,0.1123079042947291,0.03591117,16908.21484618,9942.2015187,1019.8935185,2220.81343134,497.83282432,0.9551113432221976,0.9338177107912934,,,,,,,0.8701326626097547,0.05715391943276997,0.8128243767164661,0.05530351793867305,9558.538727083333,10383.976485416666,0.034052138322100155
11312,material_r_cable,3,True,1.2931235312963434,1.0142086630800964,48.32718380763281,1409.415079822116,6953.319911599724,4.109487546940304,0.2433393430634786,28574.58158661112,0.1997344895040226,0.11362937,4416.28935506,2637.67884238,217.30444729,534.39040252,157.54565723,0.9703553238999196,0.9459075891029844,,,,,,,1.1384657565506435,0.055311694537816335,1.0821632820575358,0.05438236445688935,2519.47064,2901.6143195652176,0.025354290840219035
11313,material_r_cable,3,True,0.8850025327785991,1.2386448238324377,8.458336349060907,266.123945699929,18276.699546198943,3.0019799191555205,0.3331134874084392,54866.28502612804,0.2859428709639714,0.00464014,25601.91925568,14899.09619935,5183.49048393,567.81699617,840.07705094,0.9311897088199484,0.962677670862807,,,,,,,,0.05877840456293121,,0.05776340870063018,12026.545641304345,14922.882120833334,
11314,material_r_cable,3,True,1.234344636647905,1.2772077616801554,2.8703613939130257,1254.5389804534227,3750.592514971536,1.5598547947334316,0.6410853134383532,5850.379717569671,0.3244176504667993,0.11066189,3628.3476233,2486.60102562,583.6249424,240.04631309,136.11316731,0.9300604952688792,0.9449487840355032,,,,,,,1.2693367598285064,0.05827790021548011,0.929151785289044,0.05650291164116708,2119.4718954545456,2529.931565957447,0.15473584126465081
11315,material_r_cable,3,True,0.8819270613079696,1.14721058323741,37.01938768420062,433.0247824083975,12565.695031642184,1.3247945111878567,0.7548340452462815,16646.963807180087,0.4959916884665499,0.06052913,3748.99955457,2758.86425262,162.45696203,81.63375232,136.03870049,0.9767491517445848,0.9834909070593888,,,,,,,1.0629614412368726,0.05404503671294274,0.7854928752627642,0.05529879965226957,2647.040511111111,2775.9471770833334,0.15010842491338514
11316,material_r_cable,3,True,1.0534779271949104,0.9676667819828012,39.636701741666094,1348.618102846982,10453.812119355543,3.334969501201139,0.299852817136659,34863.144589337586,0.3147251112553657,0.18232629,3079.79795405,1710.12367853,129.52549948,294.82749526,75.91936286,0.9786890690322728,0.9573604418905676,,,,,,,1.3482163760136368,0.054943226293243747,1.2374214096220009,0.055172231255459184,1655.262915555556,1923.9190565217393,0.042850149780124254
11317,material_r_cable,3,True,1.113437749652585,1.0425679245831103,17.716467913286287,525.9440995911834,7820.243030220126,2.141380977053408,0.4669883643853157,16746.11966084787,0.3688481056020475,0.02337165,6788.62607912,1631.67980987,562.92448844,5757.89368648,94.12927114,0.9359480526557652,0.9313368231860591,,,,,,,,0.0844089319432072,,0.2079658044959568,1726.7049136363637,2154.797586538461,
11318,material_r_cable,3,True,0.98115043881773,1.074603607073572,62.97335149028903,821.2955915150542,9970.316272924683,2.362103771731647,0.4233514259481093,23550.92167363281,0.1061202383381188,0.10870412,4831.60903844,2401.81267369,198.56206425,453.42914542,103.30869863,0.9618672572785631,0.9446914881205084,,,,,,,1.1544479467456112,0.05493702728735775,1.4516436792291911,0.056127845391000485,2571.903473333333,2568.1829148936167,-0.11403886552623203
11319,material_r_cable,3,True,1.0346879119361403,1.158772799275557,30.8715130440361,276.13378147231066,6155.636070921112,1.9018093259253344,0.5258150679818784,11706.846086680156,0.1679236524806963,0.04464332,2665.50324592,1978.39718297,113.84197765,89.83756499,99.32272256,0.979103463826348,0.977789913602548,,,,,,,0.9201363760876222,0.054482618710627824,0.699668652938336,0.0552418523720193,1846.0175822222225,2005.7054770833336,0.13610756800888602
11320,material_r_cable,3,True,1.026956368687122,1.3718506795048064,40.827567722054575,626.2787756933167,7925.412664872363,1.2834116828041102,0.7791732094997861,10171.567205140847,0.3792477045384175,0.03330647,5977.5052636,4741.87919032,282.76342293,340.67381481,298.81206276,0.9692479958343788,0.9605342700293054,,,,,,,0.8769210155493864,0.05474865054056526,0.66013492196886,0.054981344864737026,4529.234671739131,4722.881423404255,0.14103982053545328
11321,material_r_cable,3,True,1.0827831082856394,1.092046895565933,52.63013050753664,1129.2307787543325,16590.987235731878,2.922067836169007,0.3422234034481059,48479.99017182267,0.4363217004418892,0.04387525,12496.56507817,6517.01580415,1291.36712882,192.20482685,346.64237551,0.9466211091965416,0.9853799028401397,,,,,,,0.9808051242926683,0.05602619916487422,0.7715543058327432,0.05840807136298219,6058.307859574468,6435.941824999999,0.11941090101871943
11322,material_r_cable,3,True,0.9504795938922264,1.136520825100942,44.91709582369148,826.2815740143242,15991.201261075048,1.313659712769498,0.7612321442756047,21006.996855463083,0.1704820276836887,0.08393203,5983.74622441,3481.38422931,71.66273843,521.39446935,159.70347954,0.9871212459916608,0.9478420939536244,,,,,,,1.1526652821374759,0.05650214089797047,1.1453465175548596,0.05438360461242034,3484.1539577777776,3836.8380127659575,0.0031848246312730527
11324,material_r_cable,3,True,1.3439905380380115,1.3024756428577389,53.18486325045666,278.1494487672732,9432.010854174832,3.695327371555488,0.2706120187611595,34854.36787824072,0.2019822823064795,0.0066698,17392.9767128,12492.28812369,1266.10630294,184.32935584,624.79811691,0.9523657611950698,0.9887674257276964,,,,,,,,0.05490615918514423,,0.057273876609763054,12006.166648936169,12326.587077083333,
11325,material_r_cable,3,True,0.80073550613062,0.9612892934529594,45.635340644505455,1813.699172458337,1580.0747884529706,4.418871882778268,0.2263021030089861,6982.148055381651,0.1011317531833676,0.45678003,2908.99512864,2029.33720718,173.99371364,5.94845782,112.48394576,0.9305763641989572,0.9873125438814032,,,,,,,1.8492752717923695,0.06471731416064787,2.1688340513119537,0.08653069255381982,2092.4980527777775,2171.6461833333333,-0.07952963790260902
11327,material_r_cable,3,True,1.2349386197356909,0.8570682692204065,8.703645756403294,519.30326967876,2878.361169805407,1.60369092195091,0.6235615518628037,4616.001678112933,0.1591819665742887,0.18530828,1385.35076531,1090.59777229,48.60259657,59.84520193,58.42863785,0.9587022835197676,0.9562464474400856,,,,,,,1.9685471856395989,0.05238432280387747,2.6314775168700617,0.06587253236394033,1172.6250325581395,981.9982577777777,-0.14411451548701126
11329,material_r_cable,3,True,1.2746892350781596,0.8464976640944301,64.41902985657897,903.5605436965684,3218.801388835532,4.494016047563321,0.2225181195207803,14465.345095345983,0.1007020789962355,0.22774809,2979.91000462,1733.79838144,68.77057469,88.24674742,96.52823607,0.9673083400698032,0.95532441986278,,,,,,,2.5475352393876087,0.05729471507002199,3.859616983439107,0.05618368848766667,1582.3756024390245,1803.624695555556,-0.20478391934827989
11330,material_r_cable,3,True,0.934188791314756,1.0931681675324958,75.65589660841115,1619.4087169489746,7788.563812436283,2.4350753047002227,0.4106649178650793,18965.73939874541,0.2528259285679323,0.18770394,4137.06987083,3116.94842971,52.21809183,184.01854759,144.8910515,0.985002144736888,0.9696324851221588,,,,,,,1.3541790854881042,0.05400249630986137,1.5618269353261365,0.05640240465904974,3367.023472727273,2892.388445652174,-0.07120967801707437
11331,material_r_cable,3,True,1.2103921466897871,1.112953089935899,85.1020508565998,511.13872681382105,10493.794231902568,4.568853577899574,0.2188732869088195,47944.60932216996,0.4280272133163885,0.01524633,12774.25354333,8611.64786863,1256.23594074,786.63094795,442.6063841,0.9451137396091772,0.9645192357056264,,,,,,,,0.05703792011471939,,0.056758982904852595,8251.713006,8144.454570212765,
11332,material_r_cable,3,True,0.8856780882213073,1.2655440005638772,47.3835491367635,1835.0423034924283,10163.889929314892,1.342187456840632,0.7450524104538234,13641.845575835265,0.2847780981748866,0.11932487,6682.77118656,4610.37899499,592.88004411,85.15348376,262.26318261,0.9407379609492152,0.9807453194997586,,,,,,,1.2414938176602466,0.05724356309266108,1.1695273831495334,0.05847008571456056,4583.278342222223,4583.215078723404,0.029848943048091853
11333,material_r_cable,3,True,1.1823334940641106,1.3552154424219889,59.104635795003375,1904.5091502129812,4536.261663542324,2.4288051542694404,0.4117250814632718,11017.695709526462,0.1038614303472532,0.12602365,6002.33179342,4795.67311932,194.33901215,261.69512608,239.16824297,0.9678849672335692,0.9635137856805116,,,,,,,1.1413271800990021,0.05433813223258068,1.0909816205913874,0.05559689895169885,4847.712377777778,4698.723035416667,0.0225531339983269
11334,material_r_cable,3,True,1.2614032969222086,0.8672807756775438,70.47890222708595,1034.6078067772507,1555.6170273147743,3.1360828782471293,0.3188691239432219,4878.543924471562,0.211183776013128,0.33345623,1206.74467651,900.29801731,100.59856936,8.89059901,48.6697875,0.9490325444344924,0.9873740451282478,,,,,,,1.8382803091453466,0.05364526841687058,1.7174533880066105,0.05526984719447611,826.9921099999999,1003.5063951219512,0.03398086904975899
11335,material_r_cable,3,True,1.2621665948846268,0.9554585122790876,64.8803174020973,425.508758590466,11389.362140493433,3.051666366895703,0.3276898191912265,34756.53338453906,0.4424545469747876,0.03243753,4216.12674948,3328.12350932,314.13023658,153.76559391,207.96135596,0.9733684648788488,0.9846896508101092,,,,,,,0.8701950467571854,0.05427142759312427,0.6570165098401105,0.055643944936888005,3104.104853333334,3387.3917937499996,0.13958677564753857
11336,material_r_cable,3,True,1.153733115902697,1.2819069147423512,22.86199096101071,1891.0308895165049,9597.39420293313,4.333958453992062,0.2307359451216907,41594.70774209644,0.4912766914133983,0.03176369,26129.91391065,17728.40753324,1937.3200282,160.53378071,938.82863484,0.9497954875438168,0.9894677794195216,,,,,,,0.8483328963594235,0.05568057317710074,0.6955941294857599,0.05671593636214766,15498.512064444441,17585.352146808513,0.09892874748406627
11338,material_r_cable,3,True,1.0115531367956376,1.2946704417445265,75.50289055140381,1106.431825879229,17346.844630356056,4.960095814173183,0.2016090086692597,86042.01144014164,0.1861936359953876,0.01330498,33683.31859425,29017.80601313,614.11573757,820.87078722,1529.57884276,0.9738220586341074,0.9789896467639904,,,,,,,,0.053509398688146685,,0.05599137075505684,29204.956885106385,28467.1561375,
11339,material_r_cable,3,True,0.9515109421217052,1.3036648725087758,54.44309748504393,1903.116620176918,2154.922280609265,1.7419242276742677,0.5740777837019647,3753.711329348365,0.4312267601573183,0.25065026,2729.84740768,2170.66707863,133.63525515,119.8110096,119.02242832,0.9512807288203082,0.954856284128928,,,,,,,1.365303969152382,0.058058942595991134,1.5191757726486743,0.05652470624799124,2196.9299333333333,2174.8415613636366,-0.05334473363304517
11340,material_r_cable,3,True,1.1580690480836209,0.8926163838832508,23.34643027090368,1391.3163288874348,6371.477894983464,1.689867855354069,0.5917622474631162,10766.955685831565,0.4099537152878924,0.22127607,2684.47957707,1776.73083378,20.56099006,220.79024811,92.74003151,0.9896352964406312,0.9514802748002948,,,,,,,1.6676756776258141,0.053887998892117976,1.5604054993578171,0.05416969048445569,1881.3722285714286,1679.8759886363637,0.03323032240726732
11341,material_r_cable,3,True,1.3405023481396785,0.8215929986664022,22.523637036951456,1007.1378593276144,3017.799662830282,3.825933595149269,0.2613741130446841,11545.901113452514,0.1960350013020592,0.21987099,2582.25927161,1871.86349095,61.36959084,18.96914698,111.40497493,0.9727587390832618,0.98212667224198,,,,,,,2.3761881451905302,0.053474798263361795,2.455766078992315,0.06028940231667194,1974.9176146341467,1743.076588095238,-0.016469099273232996
11343,material_r_cable,3,True,1.3524924070019844,1.1286990188870385,89.45674820147762,762.1941919030187,5733.389617861284,1.83306430369015,0.5455345990792007,10509.67184764923,0.4576898487546599,0.04880466,4358.85600913,3746.75297391,219.22409085,181.88233408,233.04623856,0.9722939440265844,0.9741894152139638,,,,,,,0.9472651108149975,0.05430456355890995,0.7434974864990281,0.05506390494319046,3525.564633333333,3651.1791729166666,0.12051817602286573
11344,material_r_cable,3,True,1.3278892621134633,0.9970462642265346,31.59865160572254,703.6091252792742,19649.79661021969,1.7741577667992332,0.5636477311733696,34861.83927204651,0.2542402643722569,0.02218861,11029.46819258,7248.85525703,1312.03996964,799.92844614,445.08290078,0.9496200919468644,0.961579602592156,,,,,,,0.8822649747796998,0.055921117207872205,0.6503991075701435,0.057136823588740136,7743.194097826085,7295.358649999999,0.15128290006905176
11345,material_r_cable,3,True,0.8663967752563073,1.380686087759846,7.012016919153471,1881.6650530928505,7424.743644075107,3.505167730983374,0.2852930520729889,26024.97183203597,0.2141822380356978,0.04428547,14016.00747544,11950.1246754,529.87512621,758.90126423,761.90622263,0.9728068574437576,0.93970681418396,,,,,,,1.005070412382323,0.0581912904299565,0.9615312693368606,0.05467056063853112,11349.566345652174,12212.071750909092,0.022139278863730547
11346,material_r_cable,3,True,1.1412822328123478,0.9233816940867208,83.18800333278917,1021.9036489273992,7320.571337919559,1.3078463695482645,0.7646158014304112,9574.182647317177,0.3168679868115255,0.1683165,2627.39072188,1592.02350858,358.40499433,197.51549465,78.70116481,0.9305098193843409,0.9401690108116956,,,,,,,1.9645783888654582,0.057399122504143175,1.3193690987129632,0.05504491018756839,1322.2394477272726,1815.3209666666671,0.19647369289338773
11347,material_r_cable,3,True,1.070164525218591,1.3379852105373309,20.550580946754227,1795.238445847924,13035.672951233588,1.66815850308696,0.5994634191831774,21745.568677061,0.301801742459879,0.0470123,15177.32212941,8968.58361787,2596.69029884,229.61260528,525.18870561,0.9329666501961112,0.9780135610063764,,,,,,,1.0800753549118878,0.05762259232972102,0.7654808799080187,0.05834548330235587,7592.32993695652,8929.87219787234,0.170460519743831
11348,material_r_cable,3,True,1.1001401015164884,0.9992027862394112,13.794943761633943,1537.059686427419,18735.261952205023,4.723795733452762,0.2116941663921336,88501.55047494595,0.4920409693939047,0.07473643,9662.23954923,4104.29987869,686.75760989,1306.06064772,222.57632168,0.9684431972573044,0.937446434747518,,,,,,,1.055694123754964,0.056290726020910814,1.1483004573061122,0.0549397165883634,3519.5297200000005,4821.503861702127,-0.04201749602604034
11349,material_r_cable,3,True,1.3304897859730969,0.9660926580270937,55.06099843138694,537.2381029383112,9722.67412997983,2.990183720836173,0.3344276115985143,29072.58190646069,0.3259696180340505,0.03067642,6437.88527159,3686.1425942,1302.49408193,237.49562356,231.0858762,0.939077296551704,0.9757138323614922,,,,,,,1.0682629398168526,0.05837991630473382,0.6745971492137778,0.05900405719142232,3863.513891666667,3906.011041666667,0.22587343245781116
11350,material_r_cable,3,True,0.8890719496659258,1.3504620884443708,61.98473717436677,389.8353681241655,18859.58581102256,3.3841358680623883,0.2954964100104401,63823.40079988192,0.1095032852519072,0.00463177,35878.99104476,26496.76370431,499.38681807,1970.10941168,1567.84978801,0.9776438300133028,0.9543278938696788,,,,,,,,0.053940838933169685,,0.05500048786302633,26772.82171666667,26028.297168085104,
11351,material_r_cable,3,True,0.9690715330243918,0.9604051306645096,66.05185128400822,811.4457193536508,9090.293505833968,4.024059085773862,0.2485052974334474,36579.87817450232,0.1835773177522734,0.20254103,1891.69411466,1205.27581686,99.23048756,51.86740502,39.23436045,0.9790707789925356,0.9876008143099624,,,,,,,1.2579000701142289,0.054243503761019635,1.56978322342538,0.05896698493560456,1308.064325,1148.5187045454547,-0.11029635250302203
11352,material_r_cable,3,True,1.3215185825315725,1.103137100768492,10.93048041055715,1042.7176044262687,2189.7583320017616,1.7805435145875297,0.5616262628839229,3898.959996559743,0.194961818691751,0.21570679,1712.44492395,1203.14678244,3.92957168,184.1691935,58.50189623,0.9892373593497816,0.9385808739882044,,,,,,,1.763835761715851,0.05418484997620139,1.2849505126391596,0.05359959982645078,1254.2854404761904,1220.871475555556,0.1570740635723974
11353,material_r_cable,3,True,1.1953034244469989,1.3966533656686044,89.28801190452361,1242.1532528169064,12416.520352212932,4.18796256337477,0.238779593863937,51999.92240244867,0.3806236769373965,0.0130489,38798.01691806,28177.241575,808.43745673,2611.37471312,1520.38788547,0.9685982218205108,0.9510948891150792,,,,,,,,0.05439775105305875,,0.054371609615974106,27769.876608695653,26849.134853191485,
11354,material_r_cable,3,True,1.291851933519209,1.1558784422224946,15.48865181350794,1113.8665625033752,1221.565652893884,1.5748164200219674,0.6349946490817329,1923.741648312144,0.4433372091912001,0.25809924,1508.99742807,1126.97626301,91.69616703,110.52231769,44.84667256,0.9465831938479722,0.938810350279438,,,,,,,1.419597208786723,0.05471977724624155,1.3621506229860088,0.054478445229461894,1076.4965285714286,1157.3521136363636,0.020651255712170406
11355,material_r_cable,3,True,0.8677883810681429,1.0269721043957505,25.36087844962257,724.260547414724,9422.43552803818,4.166667526211327,0.2399999504902377,39260.156132496566,0.3893818638838795,0.13714958,3475.17821842,2374.87674662,137.58619824,107.7641166,104.53520693,0.9721811527728792,0.9712129323690628,,,,,,,2.58941544065418,0.06446360543770893,1.9241183153302917,0.05549773626249496,2162.843281818182,2532.3677782608693,0.14740049843246972
11356,material_r_cable,3,True,0.8800600792466453,1.332187279034986,85.95769287690062,1684.6556025281657,4611.534462228146,2.9981522340972884,0.3335387671870802,13826.082350545954,0.2685014040818084,0.08784024,7026.85500364,5660.84389454,221.50024741,272.31621472,346.60685896,0.95429564979597,0.9695163936837946,,,,,,,1.0074638865488004,0.05364830302811979,1.0371352043763111,0.05677964387128121,5777.5039708333325,5509.3976,-0.014512046864935997
11357,material_r_cable,3,True,0.8017089287157237,1.1885798372337582,73.93020004612072,847.8653766260254,5486.7222204245645,2.0919528409146464,0.4780222481319314,11477.964136326684,0.3036043636534841,0.11285751,3186.71811215,2754.98925147,110.56454728,35.27286973,151.4915293,0.9577716768740958,0.9745197319767732,,,,,,,1.767301332353542,0.05345708504251994,1.9590405764738186,0.06589833502619688,2841.9116723404254,2706.769923404255,-0.05145508619755582
11358,material_r_cable,3,True,1.3364768065031614,1.013837573959507,7.686958752796405,486.442146383107,8657.672148464131,3.12156961301463,0.3203516576502864,27025.52629808872,0.2583572616747385,0.03184488,4981.60077384,3322.73240079,265.85680359,564.97347827,217.09333934,0.9757866790034938,0.9548049938706684,,,,,,,0.8292377656073205,0.05461106468605044,0.691983608669928,0.05483314694817422,3328.316353333333,3329.3046531914893,0.09022628741500803
11359,material_r_cable,3,True,1.3433839186496082,1.018332729659888,15.658464906272693,1300.8949637937085,18764.963119694658,3.212439366116365,0.3112899220908677,60281.30622942888,0.3681960393139909,0.03621859,9893.27029072,8375.48343606,485.60347452,349.8093968,556.60247919,0.9799083222887232,0.9825331576770402,,,,,,,0.8745061605602953,0.05373847375562818,0.7113648617098711,0.05565052031555673,7982.327995555555,8263.964247916667,0.10287173203838999
11360,material_r_cable,3,True,0.8871903757594786,1.1836870186334558,12.249852659892117,816.97220451835,14052.462487371136,3.7783851193481888,0.2646633332529402,53095.61515248173,0.3641605895112189,0.01964794,20200.62540346,11039.83895503,3210.56825232,637.08489841,599.49304778,0.9364834942077768,0.9527231474942142,,,,,,,,0.05968644168684237,,0.05718393591368834,8900.109846808511,11094.253502127658,
11363,material_r_cable,3,True,1.3556777037350514,1.1262319731607768,12.600975945391731,225.38828255474823,15807.51208691696,4.681138628196276,0.2136232398623318,73997.15544574651,0.1717870798325282,0.00418663,18468.29207005,11554.3105922,1673.28579084,2935.11909093,629.31187969,0.9592350972174436,0.9362794624002873,,,,,,,,0.056721651428121286,,0.05504793159703921,9915.363323913041,12560.72660612245,
11364,material_r_cable,3,True,0.9744038801369412,1.3144279449484009,68.62773774699234,1371.198840971875,5725.111507577877,2.6474040207532816,0.3777285190174577,15156.683224422552,0.4896200727003558,0.06003072,8062.73052251,6535.94167398,66.95739744,365.4581906,396.70510051,0.9885957223677264,0.9666075850470772,,,,,,,1.0316641286036732,0.05369926020803933,0.8187326888555932,0.054535135313073455,6545.4919599999985,6384.68305106383,0.11507339276580186
11365,material_r_cable,3,True,1.1961034879436718,0.9963250893626132,36.17402023370061,1982.262862396414,4634.602069829356,4.660824025885825,0.2145543351231636,21601.06467748084,0.3871729907558725,0.19378283,4335.89066049,2570.41045498,121.39454081,421.56721782,112.60793622,0.973579850544273,0.937551978318348,,,,,,,1.4771797331776624,0.05516520351885301,1.2462666666133555,0.05444925175798582,2491.221184090909,2716.685311111111,0.0847870795555315
11366,material_r_cable,3,True,0.854243154971627,1.247410239512778,40.42862594997136,370.7643805635208,13662.720045443806,3.877658845665018,0.2578875656165415,52979.36724005993,0.4473219474911581,0.00602183,26914.14485287,15722.0690816,3571.52046741,188.46786991,960.00412351,0.9323718671182036,0.9871306536287732,,,,,,,,0.05718141447170884,,0.05925050807860806,14597.325871428573,15549.893100000001,
11367,material_r_cable,3,True,1.027398550127881,1.2996679425412982,20.119065214011624,1774.9687942547089,18200.25526107651,1.7371101439897427,0.5756687354914812,31615.84803721869,0.4329671071324247,0.0350506,16303.87746529,12331.3675785,302.62289077,2235.20727614,737.83057325,0.9861188818186812,0.933873379775638,,,,,,,0.9601376222673104,0.057409616787322544,0.7903175455653717,0.055054123243505795,11915.928813043478,12601.817689999998,0.09701481067475758
11368,material_r_cable,3,True,1.2201074055315342,1.116336632123552,80.94269695469292,1539.3567833817328,5236.396630109445,4.8044334521105725,0.2081410867624159,25157.91913821689,0.4934288295968593,0.06813089,8345.67041313,5600.00384053,1166.50386257,532.06661746,276.66754014,0.9305297123386436,0.95552927920699,,,,,,,1.2329624545802287,0.057104898974725586,0.8612347525871147,0.05781441596480778,5283.453878,5277.042721276596,0.17750367573831358
11369,material_r_cable,3,True,1.1939206283192203,1.3516884480667914,83.91704703268078,1229.744580573627,18112.19148317994,1.2760092467308382,0.7836933804061534,23111.32381109714,0.1737130306675454,0.02901445,15339.84125013,9456.89556398,209.84298774,2862.00413853,556.76764588,0.9861939192865904,0.9345034559058806,,,,,,,0.8991645997237362,0.05617135574861774,0.770273799004162,0.05415989092107776,9316.652264444445,9229.281625000001,0.07720608368526095
11370,material_r_cable,3,True,1.136079953992525,1.2243818749991755,54.27177270374049,1144.3628873444964,7986.455276054085,2.317908168547775,0.4314234763780672,18511.86992210724,0.1509682768425411,0.07026645,7002.09678246,4662.75385637,633.88806786,69.38742582,238.35083356,0.9485339230715258,0.9888016951023806,,,,,,,1.007719274904063,0.05525579591821609,0.9272914855599635,0.05823406636979432,4649.276689130435,4628.113820833333,0.041564517876279156
11371,material_r_cable,3,True,1.0766410843100094,1.2777559202811506,46.84203405623181,740.8195503975605,1076.517730091558,1.4367254586391336,0.6960272012909133,1546.660429498953,0.2420015007699621,0.28187843,1010.80521013,812.73523228,8.16800578,55.75472604,35.96496141,0.9865081049259334,0.9539384065203984,,,,,,,1.8561072295881262,0.055963028577605975,1.4378196254944722,0.055085426916928595,848.5176650000001,833.2015255813953,0.12698752051771506
11373,material_r_cable,3,True,1.2312571307452198,1.209970649256132,71.57000709341781,1577.7565947672597,6748.537882692385,1.3741065696402393,0.7277455927321665,9273.210240073637,0.2099281380354163,0.13476841,3722.88245421,2938.68422671,78.888815,256.4492124,160.36500423,0.9834674317171532,0.9617619207187996,,,,,,,1.3464573428777438,0.054187624035525024,1.0268426572423632,0.054441578705060154,2944.0609288888886,2916.9239043478265,0.13467100055585288
11374,material_r_cable,3,True,1.1386468953167057,1.142601787042378,86.17249779717788,1378.9745509857291,17425.89466939179,1.7909400571694525,0.5583659799203339,31208.732795429387,0.2346617796098176,0.04380808,10885.53984202,5720.25934115,2060.09922231,1874.93685312,317.77585451,0.930236782080235,0.934693451047432,,,,,,,1.2482137799522328,0.05834040007468272,0.994400763459722,0.05790990392419603,6223.282825999999,6080.5386276595755,0.11317728106157517
11375,material_r_cable,3,True,0.9586418687310836,1.265844111366464,60.80346149074793,1685.847116968284,8202.347402224379,1.0850972304231006,0.9215764006789332,8900.344449121787,0.2622123377748761,0.15895567,3759.05850924,3149.89189045,152.0379059,140.56271259,174.0668236,0.9687124749027716,0.9721588932503982,,,,,,,1.1705545806784876,0.054237399543212717,1.2905103784028775,0.05651425199466763,3222.7433727272723,3086.4875217391304,-0.04874141874303289
11376,material_r_cable,3,True,0.9947460017282002,1.257703032752355,47.23453168578476,1717.4767531604034,19305.009410042192,1.1340138802669857,0.8818234215656741,21892.148629672614,0.3545544780816436,0.0622557,10815.19806882,6757.76768814,297.22263035,1287.47629361,393.3066769,0.9761030220979522,0.9396686334647504,,,,,,,1.008313112930795,0.05603424873294065,0.9004888818282464,0.05453681335509889,6600.646093478261,6976.470068085107,0.05648790780740976
11377,material_r_cable,3,True,1.2044020451329756,1.0077860646188088,33.30916502210982,1454.2627327243904,14037.984491821166,3.614954559798836,0.2766286500861708,50746.67604909427,0.3032085609846712,0.08174258,7395.76974901,3761.13115524,155.38724886,979.64718604,226.00691015,0.9855063045072868,0.9440750001585848,,,,,,,1.1330802221240899,0.05566986336336015,1.0509220045183885,0.05418651091340352,3541.340673333333,4136.356882978723,0.037618193151755755
11378,material_r_cable,3,True,1.375664257293152,1.3573075370727825,30.327235060604703,1180.5205491512636,7673.733617960322,3.886734886827356,0.2572853639668423,29825.768165146288,0.3376217356449653,0.02258218,20354.73895295,14806.82098129,1219.9786032,1196.71233014,749.76984831,0.956549337421043,0.949508707083642,,,,,,,0.8237302093295966,0.05576194026218083,0.6140397095804991,0.055196073302657155,13529.409136170214,14674.965997872338,0.14584426686854998
11379,material_r_cable,3,True,1.315946045944094,1.1315244615412634,32.25114001047372,1579.334492642056,15239.607110641296,4.516787753458182,0.2213962786350479,68834.07076485883,0.152258740097819,0.03759429,16884.37207025,10558.49515719,858.6091353,1475.3392324,556.1627343,0.970460576206596,0.9502223761148844,,,,,,,0.8698977809605707,0.055307969333487784,0.6964208963595869,0.054697652495138645,9611.307717391304,11001.559865957446,0.11075452723183282
11380,material_r_cable,3,True,0.8876202213632349,1.0324180942136614,80.10551899227076,1220.1901941340557,11074.63900421668,4.892575529635263,0.2043913259882876,54183.50779157475,0.216962999811775,0.13919047,6300.19911017,3758.9261003,68.01359667,394.49833372,165.14315115,0.9827608913114596,0.956261411659932,,,,,,,2.2091829163208763,0.05358235657417028,2.7533519642695787,0.06413517980762175,3942.627530232558,3416.5194,-0.10965546057460775
11381,material_r_cable,3,True,1.3869045950110044,1.101947846188053,19.457524172519545,367.4417495740128,9233.275029331568,1.83108622902482,0.5461239258691652,16906.922755007774,0.2340132782400531,0.01811428,6588.20747231,4378.89374128,144.81628323,932.11585671,285.06235371,0.9854474660965918,0.9455838188465966,,,,,,,,0.055185979645898296,,0.05389240593325699,4213.052691111111,4327.673074468086,
11382,material_r_cable,3,True,1.2449458716761037,1.2404559994198423,7.636249887941564,346.1698760188428,6244.28537007942,4.929449105294808,0.2028624251188398,30780.88693074346,0.2702244744150925,0.01277199,10297.63222319,8995.07572488,248.01417244,418.25354337,431.7203036,0.984185214028724,0.9626448045344294,,,,,,,,0.054775072788844636,,0.05461190039960387,8508.54855777778,9034.420891666667,
11383,material_r_cable,3,True,1.1225650033944758,1.0575766052449704,37.38625040365625,1710.7928600735077,4842.357236772049,2.801219529039747,0.3569873726900648,13564.505658232809,0.4721298713569699,0.17033328,3752.64280803,2546.47952103,242.80915075,289.72593513,118.53684238,0.9559736691696554,0.9458811360114892,,,,,,,1.227382520284456,0.05524441913930165,1.0980278414849438,0.05509003565283606,2308.829515555555,2613.377113333333,0.05562660291110358
11384,material_r_cable,3,True,1.1828697555549537,1.3294075456938077,66.82545852343243,1828.0193365386745,1280.1557836693798,3.7041452183613055,0.2699678174179128,4741.882924836503,0.4910077303948332,0.1928124,3627.44237798,3052.73736031,148.26538034,28.89209699,144.37616702,0.9553965592386908,0.9868449904134188,,,,,,,1.2144081769215025,0.05523076453370843,1.5234575676232434,0.05771241516123926,3063.2151477272723,3031.2656377777776,-0.11287967327014779
11385,material_r_cable,3,True,0.9054622599563286,1.2898341031397198,47.12824070482875,1444.719320482699,14625.56158297116,2.322447178892782,0.4305802986988691,33967.09423809402,0.4580431062973356,0.02602599,19483.25428368,12304.15548734,1376.813594,2951.97022572,764.1354503,0.947348620027886,0.9303320532649828,,,,,,,0.8510675782703526,0.05768704308377685,0.7387344373544542,0.05623084793974264,11880.563985714285,12307.983391836735,0.0706585724586281
11386,material_r_cable,3,True,1.2270508137158995,1.1105031476968432,81.24548364888824,1628.745855064739,12164.886117156488,2.0683577770992763,0.4834753498992947,25161.33680794764,0.2011522405469319,0.08154201,6207.14432787,4282.85508277,835.76418692,442.37425085,248.4309355,0.9459777735285916,0.9628918224986404,,,,,,,1.0573253426780826,0.05572789896579669,0.8445572767764566,0.05649155856121105,4260.6242304347825,4308.594139583333,0.11187234360585721
11387,material_r_cable,3,True,1.276893652184334,1.1628085223107183,84.2464400082837,329.5972687526776,11271.365559093498,3.7752353005711328,0.264884151684192,42552.057144331455,0.1601907662043562,0.01130703,12046.75197651,7758.52359736,454.1123151,973.74463177,404.84615316,0.9717182186602036,0.9596416817192968,,,,,,,,0.054799068652907804,,0.05463601232192113,7723.1639586956535,7423.8464957446795,
11389,material_r_cable,3,True,1.0395674115297815,0.9778041490715536,56.48845268987303,1635.138481047047,1920.6137342537984,2.425947996321536,0.4122099902868072,4659.309040320625,0.3845811359966312,0.37488653,2056.4139837,1392.26524861,162.23420745,74.76213148,30.14208213,0.9353830914336252,0.9587826064713156,,,,,,,1.4421449226954144,0.05725217825526276,1.727368112588214,0.05682702458810239,1392.9155894736843,1456.0041585365855,-0.0899895935803514
11390,material_r_cable,3,True,1.011413223985363,1.1683542965922014,25.72811396706874,1777.681821277782,10014.052241858855,1.727316909236798,0.5789325598866757,17297.441767343465,0.431872631027227,0.0980507,7339.52658815,4090.77938766,934.3630847,619.33303784,219.8543955,0.9340363305030898,0.9346389175347688,,,,,,,1.3009081646170058,0.05924634578843614,1.0604533677311563,0.05596026540054954,3441.2269733333333,4236.858831914893,0.10182887863288717
11391,material_r_cable,3,True,0.9337865374513624,1.3287134178553472,62.29833051990818,858.1692782640332,12537.5829894384,4.519899153436841,0.2212438742664468,56668.61074010677,0.3222745127236649,0.01058572,32565.127545,22495.25804457,1032.41809595,2511.96683098,1338.25577358,0.9580035462908648,0.9442533291267292,,,,,,,,0.05451534383751388,,0.05567227956148921,22508.148315999995,21877.22683617021,
11392,material_r_cable,3,True,0.9026982233713212,1.2970798470250222,7.921296276803225,1385.5405364526996,10560.08484784508,1.5475278697975858,0.6461919164860006,16342.02560946746,0.161145577439008,0.07137821,8449.53893552,5900.46347491,839.77737876,351.212055,329.71247984,0.947820059932178,0.9494510279096872,,,,,,,1.252730536186649,0.058187332508101125,1.1237062574889727,0.05460053773780649,5140.553866666668,6187.194347916667,0.05429316657655143
11393,material_r_cable,3,True,1.0720902604438796,1.1835267187404042,89.12468713434922,1289.855449389704,1358.8057104878485,2.3504746813009363,0.4254459781913166,3193.8384193088173,0.2389780858464767,0.31014491,1804.36959615,1382.98002537,106.61885129,68.42599549,54.61155536,0.9376664388407144,0.9578320860629996,,,,,,,1.1865992317902865,0.05417205242516794,1.9149774482459088,0.05582996184119436,1503.278735,1301.6873558139534,-0.23484127319629003
11394,material_r_cable,3,True,1.1119905089501785,1.1956625381474184,72.22847669200294,1768.769156217547,4344.510623201775,2.914071935879146,0.3431624276970054,12660.216482201113,0.3134138039315788,0.15192963,4909.8910793,3640.99216549,32.53644777,281.66544083,174.10233413,0.9886692475443932,0.9590085909033614,,,,,,,1.4275907558594643,0.05404046416524274,1.1690316120447946,0.05465426483226984,3807.2496399999995,3490.0751934782616,0.09957518159383087
11395,material_r_cable,3,True,1.255265236936132,1.3439988037672357,1.4981375348111712,258.0779169613322,12829.266329015354,2.0605370217856764,0.4853103775506992,26435.178233284558,0.4207182486848378,0.00486894,16846.43981575,13641.66232188,1038.46507564,840.71356772,787.24204144,0.9637521632519896,0.9600640588053524,,,,,,,,0.05509416530652112,,0.05492072012030031,12310.379995555557,13465.559414583331,
11396,material_r_cable,3,True,1.2369323888508077,1.077519974355151,1.2508480780709166,975.0263460618744,7814.513055481532,2.566247505700816,0.3896740270681374,20053.974636895942,0.2465230526027944,0.06483224,5147.22993736,2883.87325147,983.33750572,428.45361186,167.56758015,0.9363820889479366,0.9503297315559524,,,,,,,1.2967959902487347,0.05803647257974154,0.8701405755189231,0.057851293158373875,2957.296676595745,3083.8220510638303,0.19689335694912918
11397,material_r_cable,3,True,0.8121453409637923,1.0152754679210363,23.87609721305882,393.9294303331261,5989.123248992119,3.344270398031489,0.2990188833380883,20029.24759176652,0.2876635391796165,0.15775826,2098.70366329,1236.52038844,35.65719388,99.07193339,56.12514481,0.9636030494681128,0.9427810600538516,,,,,,,4.553288213727073,0.09069840922192184,3.7138332414420696,0.06188117286999911,1185.7132418604651,1359.5535083333334,0.10154138618105353
11398,material_r_cable,3,True,1.302406130833794,1.3407394746981265,38.95508952665442,548.2713184935135,10127.42197827118,1.2726509584604049,0.7857614009184061,12888.673287379788,0.2954637636632992,0.01616664,9662.50114433,6463.61482262,1770.88484968,1248.56231713,392.73113327,0.9371164540812904,0.941172896496038,,,,,,,,0.058602711834585604,,0.05672776290608198,5970.538369387754,6447.468621276596,
11399,material_r_cable,3,True,0.855282862647933,1.297993842368225,40.14047860007275,772.0455718317995,14275.00768139418,1.7648212769441378,0.5666296146041157,25192.837284665457,0.1048257793899232,0.0340988,12097.51952066,9233.67979526,579.51292624,721.40340842,513.96181806,0.942984123582326,0.932120245127815,,,,,,,1.0634921873732268,0.054956711965927926,1.3221457424495107,0.07598147228739399,9069.21904680851,9437.269723404255,-0.10842112788486007
11400,material_r_cable,3,True,0.989913901831286,1.0616139920582992,41.8821437029495,1251.0548268006849,9029.644597087785,3.0169765828739448,0.3314576605189984,27242.22630108808,0.1528195893372516,0.12749014,5443.35817712,2699.17676775,501.71065158,525.41040623,114.56476423,0.937693406505437,0.9300742315513884,,,,,,,1.63688556466241,0.057618095205575266,1.4750061631392333,0.056044818721347596,2688.684763636364,3077.4353659574463,0.05201961240391049
11403,material_r_cable,3,True,0.8811469529485079,1.3094856302027842,8.218386828890758,1258.4414343942915,12652.893016041498,1.1324231469283177,0.8830621333663892,14328.428926973043,0.4430414938125138,0.05380141,8104.69863784,5365.27366647,1293.9432568,439.03803913,341.54684559,0.9391328668067124,0.9488578790691072,,,,,,,1.1047550742301215,0.05974629394047666,0.8142563711855921,0.055806002202774346,4560.36398888889,5488.906729787234,0.15137934885093868
11404,material_r_cable,3,True,1.036244507495973,1.3847576818969092,35.47917172472003,545.2336378234788,12868.061859062947,4.538903614223653,0.220317522686818,58406.89248015435,0.35286256320805,0.00502828,45538.13067601,28841.34978188,5287.81618216,699.27719369,1672.96091916,0.9323011017957186,0.9729297560953082,,,,,,,,0.058171414808898605,,0.05772125394066705,26333.93258367347,28435.171719148944,
11405,material_r_cable,3,True,1.1702982999492797,0.9692053157441444,87.31551200266603,1944.8986421341797,8370.576279635728,1.092684686465316,0.9151770976445748,9146.400517647777,0.4627984584049474,0.19559883,3466.23433208,2603.59568625,215.32296489,81.45560196,134.39153232,0.9645135836673138,0.978864124877813,,,,,,,1.4372309294705032,0.054370376209616926,1.2801634295156858,0.055346401097016364,2337.9503454545456,2787.548326086957,0.05780077500912178
11406,material_r_cable,3,True,1.1007602664861498,1.369859036060477,10.271978603837193,1874.9092486840811,7905.983605607425,4.215732439333827,0.2372067047400239,33329.51155100064,0.2213809507055255,0.03647132,18940.03880228,14893.81293508,1054.22764174,1507.92582108,794.69723878,0.961510277679874,0.9353290388082338,,,,,,,0.9208998651627498,0.0580198263477766,0.8169123005709124,0.05523779939664329,13589.42936521739,15254.244542,0.059838207282854654
11407,material_r_cable,3,True,0.8859624529779805,1.1114956281230364,15.355074103124512,909.5798535658256,10001.890319064298,1.4382091057488755,0.6953091841810444,14384.8097315798,0.4823753884030978,0.13220136,3098.86106331,2276.43520047,69.72587663,255.42490924,111.91846646,0.9850530395958302,0.9452103245684382,,,,,,,1.570435344058906,0.05800718418188942,1.50425662962701,0.054592784108174135,2125.92776,2457.7554319148935,0.021523689201478496
11408,material_r_cable,3,True,1.3872635452439503,0.9806108452665822,77.2467217687475,1164.987629788834,17228.79048677278,1.835446473593596,0.5448265663896553,31622.522743229994,0.3405581890374206,0.03650399,9500.35639935,7825.65581368,421.31065989,479.52981292,520.38673229,0.9776935633754608,0.969963541887024,,,,,,,0.9153183129390088,0.054943644310535986,0.6397438219939395,0.05466323053039129,7357.034702222221,7954.835652083333,0.17721124111671047
11409,material_r_cable,3,True,1.186975804374098,1.3606136808034766,79.68864956135016,1070.739023051006,8162.182432046975,1.5606133544052567,0.6407737042472611,12738.010904544486,0.4264523607489044,0.03813499,9502.03325211,6810.03881486,141.67242591,1064.79815457,409.95710626,0.9840738841939888,0.9450994102827052,,,,,,,0.9301316890114609,0.0548264802811347,0.6995965551137652,0.05386912210045704,6693.8602200000005,6456.97970212766,0.14145618125519935
11410,material_r_cable,3,True,0.9373469694858292,0.9758303965855116,37.5893631726504,1080.595643611624,15305.688441984354,2.670558128063385,0.3744535606589369,40874.73067434713,0.1204516213281232,0.1869226,3635.35258246,1790.34952479,299.31514345,293.22115008,62.31336962,0.9573523547002945,0.9528275620472262,,,,,,,2.0787533702480414,0.0566927133354931,1.8572569478636884,0.05678077568233234,1735.8729181818185,2118.789597826087,0.05627435003539679
11411,material_r_cable,3,True,1.1879878018575811,1.020776228249033,29.518955980020177,994.492984214732,16875.363180366003,3.364044400075086,0.297261237092376,56769.47100614355,0.1912610359600621,0.05099262,8779.04313354,3819.01794383,1250.08388463,609.37068088,221.92747487,0.9489038848740856,0.9603515125969092,,,,,,,1.1864921090545428,0.055491928822412634,0.8243760191672471,0.05800699028360336,4777.003647826087,4313.5649875,0.1800794814961411
11412,material_r_cable,3,True,0.839728650558681,1.1540454138484622,5.385530946194177,348.5351956210999,11672.848355895028,3.091643483860687,0.3234525601739987,36088.2855575968,0.3950438310139014,0.02318857,9464.81387515,5995.29741856,853.67992774,72.7088086,314.1149569,0.946132178088302,0.9867997183948772,,,,,,,1.1006643579406905,0.061634327775877275,0.629165378164979,0.0554822679723009,5078.346551111111,5984.797057446807,0.27256958874876763
11413,material_r_cable,3,True,1.323174570772586,0.8138495697809568,0.6798562250924699,1974.3214353662315,17211.461158187827,1.772080710124259,0.5643083829572749,30500.098311477588,0.4787963843550017,0.08975692,8753.13736499,6985.01157083,403.43131893,199.72383244,425.12400868,0.961459296354026,0.983549624955465,,,,,,,1.5404269243580586,0.05328575399892058,1.3002351463001112,0.05945872197336121,7441.872177777777,6872.968610416666,0.08455485801670734
11415,material_r_cable,3,True,1.3098604540799017,1.3501238864460965,45.14945548732064,893.1682821560953,17492.72681596469,3.734666332455173,0.2677615377067967,65329.4979024191,0.4393769155855344,0.00792956,40428.15238288,34924.64720288,1026.16053148,1015.45539326,1826.28883907,0.976368843863974,0.9742232703903284,,,,,,,,0.05408550535548076,,0.055078431352475275,33714.80611086957,34379.09151041667,
11417,material_r_cable,3,True,1.2503621969506191,0.944508335116944,44.107779234265664,480.8271444690725,3793.29889803351,4.898507991948982,0.2041437926902569,18581.50496786841,0.1249761675974099,0.11592845,3079.92210603,1335.66671528,208.81533087,284.30352534,64.17095482,0.945480561168126,0.932512063197992,,,,,,,2.46614952089866,0.055857021482121044,2.783961136147076,0.05842135210343733,1465.7502772727273,1517.940538297872,-0.06053426984856168
11419,material_r_cable,3,True,1.1285063093404402,1.0641426126136777,37.1807534817582,390.2425351423252,2520.2588930456373,2.2968600981289686,0.4353769743375332,5788.682088391208,0.4152467070297737,0.10865242,1512.40100045,839.44145674,161.48590035,28.43103676,45.51213429,0.947960683939703,0.9807857943360002,,,,,,,1.1465350593989336,0.055116596222666396,1.0632476806070132,0.057525289975880925,743.438348888889,855.8349127659575,0.037690301984934615
11420,material_r_cable,3,True,0.944914821743602,1.1646316505454877,76.34477960846232,1216.2372042108368,2969.5103760668408,3.400884588249613,0.2940411454875879,10098.96207261303,0.3767841537390846,0.15336143,3441.87807433,2465.0336215,135.30747515,189.87513255,124.4411312,0.951831910874244,0.9564113080718556,,,,,,,1.007617981709876,0.05445757984871179,1.3345320563178822,0.056667315971534946,2539.513164444444,2317.404325531915,-0.1395786219072835
11421,material_r_cable,3,True,0.9094135079340354,1.3013273926180848,76.45817390105015,1368.2193840043146,10143.997016487336,2.147800694925891,0.465592548862875,21787.283841337667,0.4484741532069163,0.04389463,9564.67397036,8173.76826897,849.35045121,223.46241797,508.32951169,0.9420783857376316,0.9817306215206514,,,,,,,1.001499007546884,0.056395145970616185,0.8010508102770559,0.059178363945410525,8184.804005769232,8048.502181250001,0.11120258385524762
11422,material_r_cable,3,True,1.149247022859012,1.1690035514315775,4.259638680883826,1465.582355810586,3024.391148578229,2.109709930313537,0.4739988116998548,6380.588039307854,0.4033586589890111,0.17898366,2872.11869187,2119.60666168,183.86231562,235.6943907,99.53102675,0.9536581276319236,0.9373341097190964,,,,,,,1.3335747735034467,0.0554785631797482,1.095024941330986,0.05450778569884825,1875.1783727272725,2212.291995555556,0.09822525742523341
11423,material_r_cable,3,True,0.8294414373472,1.0232473987070363,59.60996499870231,677.99459146296,4799.410510685104,4.71129064465849,0.2122560621756095,22611.41783886636,0.3937699837166285,0.16606466,2960.0305478,1689.19611241,60.1810173,202.30534128,77.79194421,0.9681731314889102,0.934174430198417,,,,,,,2.158282620826382,0.05491867614007304,2.4469856379492994,0.05984181340770319,1720.6230860465118,1708.333376086957,-0.06268972856744494
11424,material_r_cable,3,True,0.9961164440308374,1.170730911777838,33.739276253212296,1344.7179391304123,3477.202685674036,4.659145623242859,0.2146316258095363,16200.793674086495,0.3209998679514386,0.11590423,5316.46458403,3701.755998,46.41978909,434.90384512,179.96636001,0.987326241414195,0.9333646738886736,,,,,,,1.3845113848319535,0.056902138409112284,1.1465822786108932,0.05526335729521629,3665.626131111111,3842.0678229166674,0.09400248977646448
11427,material_r_cable,3,True,1.1840004128757209,0.9499791574866432,83.55354068656634,662.8174603445734,10943.7936374047,4.676400941252524,0.2138396627155242,51177.56686683273,0.2108669208811287,0.09735975,6644.89882936,2694.77549082,504.82359811,394.44229644,121.56960977,0.9722028233891756,0.9803370542112376,,,,,,,2.5569067935745315,0.06315371660856299,3.7500410998211864,0.05936094824238421,2487.363786666667,3392.0502270833335,-0.18917776496870034
11428,material_r_cable,3,True,0.9458113262826406,0.9960778378388386,73.87649650746377,1662.023579412129,3488.5655824403834,1.0354127343946598,0.9657984364898088,3612.105228829696,0.1168280213847311,0.43515407,1903.69604199,1306.91295653,152.99983451,19.67845635,28.92130031,0.9401423090184016,0.9827913939994096,,,,,,,1.47763456076627,0.054606614753272435,2.0210689677014564,0.056511344489645315,1362.9036756756757,1413.8062850000001,-0.1553245087825964
11429,material_r_cable,3,True,1.394860645961784,0.8918680931132434,63.58244089473644,1388.2582655036092,15887.367107062824,1.4525891791432382,0.688425891062893,23077.81754479567,0.4960567816871356,0.03710831,11438.23320336,7852.73212585,1743.80024602,527.97548106,560.00450978,0.9418462945736356,0.9636232817997632,,,,,,,0.9324507287866802,0.058008893376554765,0.6656052274168046,0.056217605187896764,7103.246354347825,8016.952591666668,0.16698132523708542
11430,material_r_cable,3,True,1.3075824039490178,0.9654857313063644,17.99702156599985,1964.3255738757175,18901.11261296095,3.2542884996862456,0.3072868309298369,61509.67340763347,0.129750875008505,0.08458535,10575.26085972,7087.75639848,410.89805008,1106.96351702,382.47537591,0.9750271993402848,0.949713262213366,,,,,,,1.002550737260198,0.05415805096951449,1.4054520069128507,0.05713402858273938,7562.332202222222,6953.043985106384,-0.16731761233561887
11433,material_r_cable,3,True,0.8152532574653615,1.2281205547049396,59.20643718511423,587.0057950585963,16413.94023290348,1.5819243229236268,0.6321414909101684,25965.611289444714,0.202843243455149,0.04193392,12619.6955926,7282.83173247,815.98041675,1707.86205109,391.3271599,0.9477576862214724,0.9365102186668534,,,,,,,,0.08566431865263754,,0.14603179746308617,7969.876606122448,7618.430477083333,
11434,material_r_cable,3,True,1.206294344496022,0.994532928426158,75.22598749992711,279.167102484193,16154.501391858945,1.2633426925379876,0.791550864153141,20408.671284999746,0.3454555472651879,0.01802998,6874.80686508,3744.59076077,124.64241537,868.65552485,214.88458211,0.988402480631271,0.9442031019629528,,,,,,,,0.0579975801647657,,0.054209977418599564,3467.70323111111,4200.204674468085,
11436,material_r_cable,3,True,1.285208676177425,1.0721517143783097,20.25355664238473,1737.5390126455218,4318.065858546566,4.764294700043189,0.20989465659858,20572.53828431085,0.3508249926325774,0.14095498,4395.78514585,3484.54362051,135.04886302,210.55328464,166.90011614,0.9796558761884812,0.9648233557403134,,,,,,,1.3266573665153254,0.05428198648073794,1.0601967302805948,0.05480898127101317,3251.887133333334,3610.4931212765955,0.11163675089835766
11437,material_r_cable,3,True,0.8547110454430021,1.0019494063672032,38.73016209201492,233.47425871991345,6626.827514133397,3.303625586263735,0.3026977403728607,21892.556931447594,0.1485478182531746,0.13723299,1880.89509907,917.79006828,46.19041685,76.00241194,40.36850735,0.9481861102669724,0.9434621505706554,,,,,,,4.3790606146083935,0.08815312634703293,4.631743729363282,0.0816220705141672,877.493153488372,952.2059693877551,-0.028042237419563572
11438,material_r_cable,3,True,1.1585234387887398,1.113249574436146,23.835715883444152,700.2507611550254,7478.25986269926,3.550818163163082,0.28162523510052,26553.940949325995,0.2387252393081332,0.04760063,7195.73351644,3679.9512972,752.22139908,273.89836285,188.27688053,0.950336953770821,0.9647836051382358,,,,,,,0.9894820292547211,0.05585842839012947,0.7123905021358645,0.056884635149146975,3178.760645652174,3767.4663,0.16281567626715698
11439,material_r_cable,3,True,1.018199616515954,0.8622326335678739,74.98590987180802,1008.6852907796622,1692.693046636402,3.88960366090998,0.2570956033515374,6583.9050709938165,0.2050821213634683,0.39181435,1284.35085681,835.44946262,130.53413537,39.1514473,15.49812938,0.9318980996936932,0.9677104922443344,,,,,,,1.5999945670034381,0.05512932173381399,1.7422611069400726,0.056581882181102876,844.9875589743589,883.9556225,-0.04256602540785725
11440,material_r_cable,3,True,1.1242516007822452,0.8767348122282053,39.57441549027124,1151.6961816726323,3917.124712069167,4.502834127365787,0.2220823534055011,17638.16283465293,0.2370619591264402,0.02556922,3984.34646197,1970.28956534,127.66652548,86.38286227,72.88902641,0.9778726395552504,0.9737935044024466,,,,,,,,0.22795815956162896,,0.35837342906567,2168.1061644444444,2110.77549375,
11441,material_r_cable,3,True,1.0761918959217107,1.068868187317248,67.13357397843585,540.2317097577486,2545.9004301684326,3.798564388451622,0.2632573513931198,9670.766710581473,0.4947539690551865,0.10985944,2125.54862452,1343.66237114,163.95618983,69.89145908,65.53477845,0.9492765055446022,0.9736967255990762,,,,,,,1.0582774824796368,0.0550432684026035,1.0574617003394131,0.057210729012285945,1264.724171111111,1300.2480666666668,0.0003855778381609142
11442,material_r_cable,3,True,1.232260718933904,1.155437229240735,41.96611510255029,995.9252869184314,2958.597957211923,1.0162905755924077,0.9839705533204304,3006.7952208814268,0.4642054169708033,0.1601306,2031.24557614,1523.27675786,202.71153982,16.25277619,80.8213545,0.9444768948667356,0.987553986208269,,,,,,,1.110413702448118,0.05488062759530611,1.3335992159065284,0.057062302346091116,1400.7750136363638,1576.0709586956523,-0.0913192855006114
11443,material_r_cable,3,True,1.376319779898696,1.0284477044370637,69.91606082683447,617.2640692782143,3706.316057986145,3.6728262001868446,0.2722698939441044,13612.654723944735,0.125649327264761,0.07971564,3857.15264757,1634.40262205,39.63315587,491.61178972,101.8642143,0.9872442261704542,0.9367827253954112,,,,,,,1.2661405575470408,0.05788637315487647,1.1884799968052975,0.05414083102746797,1528.6653222222221,2009.6816808510637,0.031638519690565525
11444,material_r_cable,3,True,1.071483136217524,1.279091476656513,85.32837801674381,1560.1780307400584,10113.385381894912,3.497743275787947,0.2858986269581855,35374.02571497505,0.3060145912639215,0.03628986,16954.84110928,11946.50885425,1227.0826415,1124.87234605,636.22571684,0.9409655376146204,0.9561380803769368,,,,,,,0.9647672536787136,0.05703352516483872,0.7348810298253349,0.05722418866674182,12175.881235294115,11373.917502127659,0.13525517372302348
11445,material_r_cable,3,True,1.3518126933626338,1.2158256202069964,75.87888842501852,1201.643856964147,17778.85135549455,2.1631919081888915,0.4622798357438564,38459.06738909891,0.1201686149658544,0.02600757,15030.07449181,9990.94590095,1162.31743223,1827.73852486,589.13736014,0.9590567064127192,0.9479749154273596,,,,,,,0.8220941040486209,0.05572084200504446,0.6655377547451639,0.05476704710703975,9797.17020652174,10098.166710638297,0.10523863708484807
11446,material_r_cable,3,True,0.8575115006155587,1.3137575992961368,41.0235879632713,1562.079042749116,1160.790264476238,2.578721500680601,0.3877890651379261,2993.354812785596,0.2160820172701122,0.30975776,2118.83718753,1833.87795012,41.95994717,32.89507645,115.76084313,0.9762541599294684,0.975429273491492,,,,,,,1.8640775841199437,0.05632234161463013,1.7383681367414703,0.05261668456470254,1865.7920128205126,1899.31619,0.034895584033508745
11447,material_r_cable,3,True,0.9609575052611052,1.1420561410948011,56.54392318215827,1592.9137642558237,12124.07364846492,1.654511909111431,0.6044078585913945,20059.42423832929,0.3983101691156013,0.12553856,5433.71650986,3856.1626546,71.36105668,323.64489371,197.64174921,0.9872816806712036,0.9628247808769672,,,,,,,1.2934616167815611,0.05432845567760652,1.0436455946745118,0.054995084224309654,3928.9613,3806.325714893617,0.10689112629600252
11448,material_r_cable,3,True,0.9132771746326064,1.141592031895435,54.88043870126968,906.108489135642,14105.90545095729,1.744882616278003,0.5731044545180312,24613.1492082365,0.4529805049799946,0.07334425,6213.00503382,4083.86700329,97.48402221,388.48155963,207.90709428,0.9859646322645774,0.9612540079724744,,,,,,,1.0475070962224466,0.05433034293562858,0.861736507841305,0.05466957102193358,4090.5130933333344,4123.795836170212,0.09730062103428612
11451,material_r_cable,3,True,0.9943307512823903,1.1820047807190628,4.372583561251834,1802.308328172384,7078.769833491156,4.409256679810626,0.2267955967677865,31212.113173162827,0.4174073374667844,0.06721745,13156.09822189,7341.79400761,2058.11887411,52.47418406,381.20919929,0.932881287577027,0.9890922026231842,,,,,,,1.3235850619194747,0.058270678673583154,0.8774887690103091,0.058483803739625286,5712.092763043478,7492.226461702128,0.20267211696425663
11453,material_r_cable,3,True,1.3675191858457176,0.9069311084181512,43.76960015731059,1036.2444810343884,3249.2043364147958,2.6770681038270365,0.3735429810584338,8698.341291832541,0.3284996836366103,0.16503677,2101.70179998,1607.01182815,178.19990973,35.9246109,101.7919466,0.9543282328402756,0.9836621934520932,,,,,,,1.2268071161188197,0.05388787377703021,1.3230204021765102,0.05667125273293249,1625.465988372093,1642.3427066666666,-0.03773325268762229
11454,material_r_cable,3,True,1.3171184089429675,1.381645486701098,46.340930689056826,1372.7933104758354,15592.890067509825,4.196562168051713,0.2382902861806662,65436.53254790104,0.2049618078739944,0.01451447,40482.43215011,30212.18522942,2263.35553768,821.46755903,1488.07828582,0.95456365873167,0.976013407846457,,,,,,,,0.054628296312707464,,0.0563182845890751,28822.708808510644,29760.457270833333,
11455,material_r_cable,3,True,0.9286372796632276,1.0198592082055895,28.54802224927742,451.387586792716,18227.29154700273,2.153887851216432,0.4642767261235254,39259.54182366914,0.1495666945044583,0.10697546,4501.13795449,1847.30245899,489.49430647,48.01464371,74.03171541,0.9406848309235089,0.9844449952198188,,,,,,,3.798777343361333,0.07300104686040493,2.7160460254102894,0.060304167164063956,2101.70864,1942.256493478261,0.16619503809436262
11457,material_r_cable,3,True,1.2334946586780584,1.3800567074291576,73.02714210953316,1700.09679241121,5030.58412160079,3.80705411897054,0.2626702875110188,19151.706000968083,0.1483700806787312,0.06204352,10794.29468832,8666.16732715,544.85985591,465.01845184,429.85525157,0.952288843798382,0.9652099324776622,,,,,,,0.8992797924676508,0.05445473858557659,0.8414980353621736,0.05649539283070175,8869.727022448978,8414.077097872341,0.0331930681685623
11459,material_r_cable,3,True,0.9344304874353332,1.399944693343533,83.83455132316527,842.3255352928761,17964.173736359917,3.420903675510773,0.2923204202324377,61453.70796222774,0.2429408068978516,0.00773514,42978.08146336,29577.0005854,1096.43879575,3785.69872964,1834.9480412,0.9571096487420748,0.9443786018328972,,,,,,,,0.05399909864728916,,0.05551174518447918,30067.358078431374,28233.32531914894,
11460,material_r_cable,3,True,1.0938101495713242,1.3238675758393414,70.1362263655769,1948.173113428877,5009.863084592753,2.6947305374135877,0.3710946182247238,13500.23104231312,0.2510780863359253,0.09831457,8511.40582501,5514.16621797,77.57793945,1087.3604045,292.73397606,0.9799184324024638,0.9315355779374946,,,,,,,1.1835171798812654,0.0552111076731661,1.15149021151499,0.05448923800019753,5637.185817777778,5254.045924999999,0.013716002991803908
11461,material_r_cable,3,True,0.8117958202492466,1.131160686912832,78.56454334954826,861.7040033013342,13885.036269895623,2.845439834449428,0.3514395166234442,39509.0353051361,0.4915931129330237,0.06227214,7257.64214583,5672.82146891,683.00314859,116.11374462,291.87744436,0.935564043393755,0.9690526959807608,,,,,,,2.5933873975470054,0.055870450666360455,1.6717924349520301,0.0757675758058059,5917.810274,5626.728770833334,0.2160741161656948
11462,material_r_cable,3,True,1.2880606273218758,1.3308500903226832,10.784686740943966,1473.3947385100605,16463.51485915233,3.691148066906256,0.2709184193843929,60769.271046842536,0.367117418254021,0.01728219,29594.71748563,27695.29622163,399.28351753,487.90156406,1428.27375984,0.9895487477248964,0.981603105422283,,,,,,,,0.05364837037854211,,0.05491734275559053,26973.371968888896,27577.7206625,
11463,material_r_cable,3,True,0.9798869586359966,1.393911193570642,59.46611672678259,1468.954353570162,14498.298428400907,1.6337032397413156,0.6121062722250231,23685.91711321499,0.1946099699815501,0.03531012,14538.92644726,11042.45670927,1751.95428598,269.09184114,658.09638832,0.937032653274649,0.9812615517730308,,,,,,,1.0084005283501134,0.057800480065858244,0.752169221269809,0.06014244046161055,11474.471023076923,10916.913927083333,0.1455388558934518
11464,material_r_cable,3,True,1.1948882415029762,1.0400931622663363,18.260353095278628,532.6847440208873,15042.192292046491,1.1476508376812404,0.8713451575746156,17263.184584529456,0.4265895601709004,0.03032255,5525.8630753,3872.55872386,621.32377554,412.11536687,236.24219944,0.9543989899545698,0.9648689912432372,,,,,,,0.8693907311549424,0.05514487635989402,0.6681797705748928,0.056489539881929195,3734.0971782608704,3772.5642208333334,0.13086291675970524
11465,material_r_cable,3,True,1.3373409598115695,1.0822668944004443,31.221147616015045,1431.2246636894856,6933.73388233334,4.999583976747509,0.2000166423148176,34665.78481714507,0.3112559507883948,0.06044961,10643.32834033,5201.73610037,1379.40047171,490.97134411,280.37425438,0.938103769434179,0.9568706097720608,,,,,,,1.1527389619094275,0.05807566901487443,0.7902042025236333,0.05754431713879401,4648.745660416666,5281.38185319149,0.18659051176701796
11467,material_r_cable,3,True,1.2741572303333573,0.8687630205320384,56.9681085938276,1564.5365792811435,6823.270302436017,3.638322698875172,0.2748519256714533,24825.25922191382,0.3343984617848677,0.14116761,8104.59326475,2862.47706678,725.00537411,1145.19824994,148.42720074,0.9696793613708176,0.9480911600965968,,,,,,,3.358055659717899,0.05907339498792529,4.706672430762954,0.05844031904067236,2881.1629739130435,3621.94080212766,-0.16722408442224923
11468,material_r_cable,3,True,0.8112340616690512,1.2603836009177591,1.3020504591313784,828.4913469884656,14375.771966492775,4.05907321867427,0.2463616560054585,58352.31098695918,0.1500444125060049,0.01669404,19136.04491941,17486.67211513,313.62550702,151.45879042,1028.79205866,0.9784490904525348,0.9831227807158818,,,,,,,,0.055415739918174445,,0.054835439270232364,17043.440977777776,17581.71029375,
11470,material_r_cable,3,True,0.9532294115942472,1.392647559580655,33.09614526338143,979.7461273277464,4588.170855718845,3.891821720489462,0.2569490772753673,17856.34299360332,0.2728538013482295,0.03079903,12901.95754681,8579.81847846,1135.02560333,335.31914943,522.66950541,0.9429454585547258,0.96128465874213,,,,,,,0.8684775745121234,0.05840562152027855,0.6536822051614577,0.05668911375439239,7985.466982978723,8523.047989130433,0.1411122355346476
11471,material_r_cable,3,True,1.262583911165833,1.074345971308166,20.95425546776188,1656.1135064514167,15136.945194539525,2.3062274413584056,0.4336085773964183,34909.2383859853,0.208752778608279,0.07384264,6572.09554218,5134.61320325,479.6205486,386.954498,314.15446012,0.9708312863726548,0.9718747079554128,,,,,,,0.9501205907874309,0.054137824646940794,0.8479060969369878,0.05561549735614595,4926.5026311111105,5150.2695604166665,0.05684815166998756
11472,material_r_cable,3,True,0.9268544811235336,1.2490239582231697,34.671897387723114,1615.9719819928712,1521.8067600735335,1.5696257248075611,0.6370945533035283,2388.6670387974664,0.2379114470604413,0.36976157,1966.46770069,1492.43821477,136.19404908,72.93048026,81.29996565,0.934268737838554,0.9472569238549214,,,,,,,1.8208341171181994,0.05628380943901508,1.5233133824127527,0.05472938336607494,1456.6562405405405,1588.1559000000002,0.08896758732896105
11473,material_r_cable,3,True,0.9204684464873578,1.333873713085314,49.336999092779095,769.2457673165858,15196.431531900773,2.4210620008322428,0.4130418798263939,36791.502930133865,0.165425210843303,0.01513794,20444.48879829,14381.66097121,1988.2675538,611.47067915,829.85148903,0.9400461094207682,0.9675374895860156,,,,,,,,0.056607310146695164,,0.05784459891319001,14365.839965384615,14273.122591489364,
11476,material_r_cable,3,True,1.0977386812347223,1.2762817175443215,23.564735427668,1587.8520386287069,9642.644721102342,4.664352396615794,0.2143920345138474,44976.69301458834,0.1732641007563792,0.0310511,24426.08953438,14301.45171632,2563.57281454,1304.72556637,712.92381847,0.9395242020453644,0.9414471735734964,,,,,,,0.9406739008739856,0.06025792210755768,0.7084523900464569,0.05647306120703651,12297.943417391307,14570.043874468085,0.14081487397664175
11477,material_r_cable,3,True,0.9044719926715667,1.1214597354037927,76.39845281698246,358.36353287888403,12521.082856580746,2.440928162913337,0.4096802254132966,30563.06377479932,0.4114958279635554,0.02886408,6309.63381476,4074.57264204,1016.42801388,169.09700343,195.77563819,0.9338645198403528,0.9824923009052436,,,,,,,1.466871482897678,0.055904028865691985,0.7715855170792844,0.06637370243852171,4731.414233962265,3996.6063125,0.31060948047049797
11478,material_r_cable,3,True,0.8473379256437528,1.1608194789371329,28.84281448891054,882.6198367578686,16117.329072349265,3.5834415080009467,0.2790613430600848,57755.50599596674,0.3737182537666815,0.03051251,12918.34009606,10133.96103791,389.38244992,420.11399348,536.61024741,0.9801175890228806,0.9652540828003644,,,,,,,0.8975998819821677,0.05535657757932202,0.6367812398564147,0.054887994770190185,9680.963489130436,10291.091066666668,0.16998295821915832
11479,material_r_cable,3,True,1.1311598785093353,0.980062679681999,41.247185232499255,1397.1943998474364,16446.359982942122,1.5546739557868192,0.6432216840565138,25568.727532974677,0.42555517162121,0.1174006,4095.57271397,2962.93781822,272.40140395,186.09081669,165.10845763,0.9721271726170656,0.9776868445959388,,,,,,,1.0915846576798587,0.05406052964610239,1.0253609309171852,0.05584001516933654,2842.305408888889,2976.484906382979,0.03128267779738342
11480,material_r_cable,3,True,1.1215315236243764,1.1435185864363189,17.901424964883912,917.2824301374372,6189.505193621644,3.1745845334365312,0.3150018496806214,19649.107457296355,0.306428333277055,0.06910814,5954.94155418,3603.12636149,523.59031613,222.16513999,182.24919887,0.9541497319143828,0.9633100995173316,,,,,,,0.9767239348327549,0.05544257308706959,0.7682866523475365,0.05593102045566979,2984.892684444445,3650.6054416666666,0.11944757471186797
11481,material_r_cable,3,True,1.101750644889328,1.1534068897296983,70.79860167691632,586.3065831904735,2184.305501210807,2.758867625309655,0.3624675540160286,6026.209731076276,0.3049342896969254,0.13592837,1579.36934908,1328.02751719,52.35947956,43.89281056,64.31935357,0.9743431594427396,0.9804840691758426,,,,,,,1.1841157035673373,0.053875101918533355,1.1993236358757344,0.0560494137488991,1353.5240133333334,1290.8092086956524,-0.006380666819047592
11483,material_r_cable,3,True,1.0925092429001333,1.2248096812691571,76.57962538843934,1930.0727785222089,16559.84067129725,2.506389346633469,0.3989803105982633,41505.40824048707,0.4901644915464137,0.03298457,19349.42596909,13679.20234377,2656.52851343,1401.12464123,768.8356012,0.933906146263984,0.9550275461061968,,,,,,,0.9900400306410583,0.05714538294060453,0.7012877294324953,0.05785527331755881,13193.54954423077,13060.404925531911,0.1707252183905534
11484,material_r_cable,3,True,1.06367196333975,1.2530939490871738,77.59140011898045,1647.8596913648428,6394.723284127784,4.4953931169299,0.2224499557633668,28746.7950361394,0.2239528557032755,0.05809645,13787.41805999,8557.68070401,276.06973735,1417.20154794,431.33482649,0.96571385265707,0.9404036796632508,,,,,,,0.8747462705049636,0.05474597036222448,0.9291877122234604,0.05483862656524981,8729.269183333332,8020.515855319149,-0.03017928717998591
11485,material_r_cable,3,True,1.3595187437524148,0.9895350262131506,13.7416564080106,1570.867745617948,12271.551352780603,1.4782046941647755,0.6764962957752114,18139.86481436439,0.1786900629858314,0.08845956,6008.48598198,5160.15106952,212.98469372,151.85240488,306.26599237,0.976413227907915,0.9842449276906352,,,,,,,0.9498123915566802,0.05355971693097568,1.0071988140459736,0.056495028610640714,5344.597606666667,5070.955333333333,-0.029323502249248217
11486,material_r_cable,3,True,0.8589263786702629,1.0495816145498458,49.01238925100874,647.6920920598504,8279.21423564279,3.920220910145155,0.255087665445612,32456.3487661383,0.1468491165211564,0.12541208,3630.76811236,2625.77043463,89.2544604,64.28924325,120.22087814,0.9640445863466932,0.96208256069162,,,,,,,3.3745795936989804,0.06520518776708678,3.75349671275586,0.07481349003437601,2556.987230232558,2565.3409446808514,-0.053158398250275525
11488,material_r_cable,3,True,1.0433891637816084,0.9002689954798746,71.32132393066826,266.5374398507087,7301.818647314033,1.422393740837193,0.7030402140348422,10386.06114066778,0.1274963017722104,0.1627195,1653.66475562,785.83481754,82.96822407,88.8910894,33.85730154,0.9482870021713022,0.948068609225278,,,,,,,3.219655026262341,0.06227030706068237,4.242352714875636,0.058771457977004664,666.6490295454545,875.0626644444445,-0.1370539570704507
11491,material_r_cable,3,True,1.316612296956912,1.2562020442399795,19.97442977006492,1610.327002213796,5045.991682219747,4.13816981448378,0.2416527220560053,20881.17046349799,0.1816358779760416,0.07603019,8221.30880538,6438.7537857,344.75835071,501.157304,305.14539025,0.970786943510392,0.9513794836474064,,,,,,,1.0501141895459427,0.05532428613853488,0.78486785651453,0.05468725659095986,5888.6216,6598.853936170215,0.14454982467042157
11492,material_r_cable,3,True,0.9605485391730648,1.1027086272096525,23.186867924550047,1339.864445048958,3756.4351098198617,2.382670755689029,0.4196970973065964,8950.348081811291,0.2278729698122414,0.2437156,2400.31966896,1981.01110003,54.6293015,32.20545606,88.83342535,0.982856082970365,0.9851369115669476,,,,,,,1.821125933007623,0.055436139144055964,1.4338532784933826,0.05667134817784738,1873.5246255813954,2163.136913953488,0.1189785339168581
11493,material_r_cable,3,True,0.8896473443456814,1.1713916292478408,10.051902370654291,212.91383679087235,8928.769038774399,4.930497146783082,0.2028193040639833,44023.27026996229,0.3362409291797938,0.00828326,11606.93015035,8343.07207542,735.7257043,327.92259303,441.8004953,0.965359657733812,0.9608042993995878,,,,,,,,0.05615293528725609,,0.054995745521380146,7393.573602173913,8373.808291666666,
11494,material_r_cable,3,True,1.1435536753546809,1.1242552099291174,33.22802972331586,812.5663639038391,1427.9271387795968,3.548782355610016,0.2817867932698581,5067.402635197728,0.1433014062792763,0.22416727,1593.67555023,1167.25569553,49.14254844,101.86204534,44.95522754,0.9694376088905255,0.9439794447677028,,,,,,,1.5794759274404293,0.05586645700086823,1.1550096338038234,0.05529715850241121,1131.3597772727276,1251.1501711111111,0.15522711096103362
11496,material_r_cable,3,True,0.8657270144324712,1.0973281878844865,78.52020266084071,1526.5162883094565,15695.89740939719,4.6377160179424655,0.2156233792951498,72793.11483154299,0.1777135537679037,0.08428718,11795.76688039,8493.42879786,807.10340674,153.55801634,401.55975063,0.9325081561616144,0.9649073752391,,,,,,,3.122099666679817,0.055963309021911545,2.3419449345689554,0.08196502909017328,9192.81263265306,8397.2290125,0.1427797152191185
11497,material_r_cable,3,True,1.3803434282606202,1.2059055353554604,4.055594131918936,571.6004755198293,6762.488903245872,1.72406599467547,0.5800242004008874,11658.977157456422,0.3924340235335773,0.02982488,5448.40834185,4830.0698669,107.98929376,206.74725579,296.86325811,0.987527535928944,0.9761952923985588,,,,,,,0.8922138330888024,0.053715979915731724,0.6713539862883253,0.0547152859647466,4671.483624444445,4748.2633749999995,0.14125376850519994
11498,material_r_cable,3,True,1.2419917864101573,1.1992105411438327,61.58123881010428,1355.8623188116758,7597.587023134136,1.413851502158126,0.7072878576523657,10741.859825435282,0.446946404057449,0.06605184,6155.92804252,4287.88147905,882.88892057,516.58047931,254.42117401,0.9386229386361108,0.9497517463626166,,,,,,,1.0367766653785342,0.05820745875668988,0.7995157847607416,0.056396892995282444,3872.257577083333,4167.601827659574,0.12920647830349533
11499,material_r_cable,3,True,1.3944138824826016,0.8796425555479773,59.26854793468213,1451.1249352142154,8249.211954981216,3.649112091003222,0.2740392662821924,30102.29908617028,0.3004482548652893,0.10401326,7379.17750452,4455.70359369,270.99976984,444.72682942,258.54910255,0.9690601295748548,0.9523056698537414,,,,,,,1.4411624543067039,0.05597646149622677,1.4353790869513054,0.05443588708023033,4319.324743181819,4783.901430434783,0.002010528015134853
11501,material_r_cable,3,True,1.0733421101662088,1.276038003465373,8.427486887504783,1367.0699180634836,12445.04998098888,2.340802287250306,0.4272039571418397,29131.401460443147,0.1130746115056553,0.04728782,12152.06072663,8941.79333386,889.57410193,403.98269542,460.01441512,0.9608024027688898,0.9654072191707193,,,,,,,0.9383939237988105,0.05558173639739957,0.6794759888533596,0.05513294524597758,7815.835777777779,9173.246985416667,0.16003631251230044
11503,material_r_cable,3,True,1.2341438109722207,1.3159511459864512,57.37347674892926,642.7791533137506,7453.969073672943,1.0489005884559175,0.9533791962802654,7818.47254770776,0.4990147605726057,0.02662071,6647.35757701,4936.74543036,840.49757863,792.12426533,305.64114719,0.944124754111879,0.9438630391075884,,,,,,,0.8445397889331302,0.05839503527319816,0.6591099276630764,0.05566745142798974,4424.65535,4743.935287234043,0.12331985250514933
11504,material_r_cable,3,True,1.0342468139632248,1.111004491831429,27.27294669477948,1690.3453150821483,7936.672229651204,4.7078278813376215,0.2124121835388495,37364.48680778997,0.2285408078678476,0.11064295,7016.23036086,5359.91825562,239.80358802,231.62636057,242.14690043,0.9778067062805956,0.9679778092278954,,,,,,,1.2050392065553706,0.05502019066105371,0.8920619844074338,0.055192832332655664,4971.6623666666665,5554.160118750001,0.14924278499133617
11506,material_r_cable,3,True,1.0593710857813532,1.1239049865760844,62.19816371576831,494.38322792633215,10983.825940153009,4.968672348203056,0.2012610069492013,54575.03222631369,0.4740613269714823,0.01533648,15742.07464338,9266.53519406,621.46171955,1191.85436207,463.80260488,0.9620222352064844,0.9511180252546626,,,,,,,,0.055031473510821716,,0.05509396369356585,8940.731779591835,8962.715582978724,
11508,material_r_cable,3,True,1.2537390710789031,1.320988470387403,3.6454335567313056,1879.1040699197636,2457.221750736783,2.1663318464046952,0.4616097952211836,5323.1577322993935,0.1768912940480338,0.2096295,3501.29181163,2598.88359778,271.85734953,138.13116723,114.64297088,0.943325519357663,0.9518192593130076,,,,,,,1.4109013344408607,0.05531992022594022,1.17515300685376,0.05504436003043888,2280.437672727273,2792.452822222222,0.0911613974318426
11509,material_r_cable,3,True,0.9792730905962111,0.9882640106587064,37.659489141684055,1857.5845029611337,4126.513712023687,4.204504271510904,0.2378401674546631,17349.94452865191,0.2705308717650332,0.26799871,3604.68136112,2153.30309736,233.63698878,269.73003492,73.27402738,0.9447124914162986,0.9319338196489676,,,,,,,1.5486980106674575,0.05941806907669932,1.4119678611755402,0.055489607673153696,2014.761816666667,2363.164129545455,0.046182229069571964
11511,material_r_cable,3,True,1.2085670619597175,0.8494940624856048,61.82191465934199,1829.1261260972217,10204.773980723085,1.6061553207311985,0.6226047923838104,16390.452025997674,0.1147843325314323,0.14530149,7632.96882077,3535.32856432,2009.36844064,497.79094863,177.59675714,0.9483925437036348,0.9551548915193862,,,,,,,5.205349110779805,0.06832131150379119,5.6107223716005805,0.06255664444435635,3576.6064729166665,4190.982059574468,-0.037478788992947897
11512,material_r_cable,3,True,1.3350048661299927,1.157683632571663,50.92109400910356,1502.309774816208,2330.711627259192,4.757913425758071,0.2101761655826412,11089.32414290695,0.4836811925298787,0.12248604,5157.45626229,3735.90585318,299.10152428,56.06104869,172.97169634,0.9536797944780306,0.9844816728155016,,,,,,,1.0549276342663316,0.05475358078845528,1.1491507530499054,0.05676277958662512,3458.5526266666666,3734.069076595745,-0.0427494409118104
11513,material_r_cable,3,True,1.0689008388249914,1.3276649142067742,39.465607256495495,662.2121936163866,10032.911625048584,1.3555413120605937,0.7377126695459204,13600.02618800634,0.337000277376413,0.02953287,8238.73877222,5462.85688951,818.49727319,272.03021211,329.26885891,0.9488969948694764,0.9706215975909616,,,,,,,0.8444454652662816,0.05601769129680307,0.6631740064671833,0.05666348316008078,5067.903434042552,5400.863035416667,0.12023687820287433
11515,material_r_cable,3,True,1.0249088498872352,0.8024496371810801,36.99797846491129,246.91914930755988,2011.3766933869488,1.6002953506941844,0.6248846499280366,3218.796770921776,0.2878950770037993,0.27667602,730.72878293,391.51375697,39.94980744,16.10556401,19.54951717,0.9463452859388108,0.969535369692608,,,,,,,3.425542403604941,0.05676485938404963,2.0950314345038463,0.05737323361279101,416.6762268292683,385.0207476190476,0.24100954142058809
11516,material_r_cable,3,True,1.3112784427387234,0.947736699131298,28.46537019846813,878.9380868192543,16071.342979431927,4.806095437995658,0.2080691099253413,77240.40817591133,0.4025893107287859,0.03184704,12676.96447321,5888.32089345,1400.32275166,1643.14674567,353.75119142,0.9519461049697696,0.9419660642632672,,,,,,,1.041598014430444,0.05594449994541883,0.9492533827879676,0.05723818095912148,7128.270450000001,6516.170682978724,0.04638449246965343
11518,material_r_cable,3,True,1.039138957131682,1.0534860536750932,80.76174285001188,368.4592345003912,7980.791907786883,2.943288895570931,0.3397559789339071,23489.77620005148,0.2940718667971488,0.05635957,4005.04371599,1648.19822117,69.55880251,495.46445215,80.42037979,0.9830920145349972,0.9499550165383528,,,,,,,0.9666923464430973,0.05608255957687721,1.1150080845035226,0.05488071184021678,1598.1437488888885,1884.8933978723403,-0.07124739749080088
11519,material_r_cable,3,True,0.999224504399394,1.136081868407146,50.54344408931594,613.0081424365467,12795.958793359954,2.446379091754128,0.408767391517792,31303.76605102317,0.3232108316253732,0.03150051,10091.01553808,4888.11641058,446.57308077,1368.39269053,244.949152,0.9630818811672036,0.9358198255321756,,,,,,,0.8657497725092976,0.057083672847491794,0.841113791206338,0.05536110807419081,4790.231533333334,5279.639383333333,0.014433480113272836
11520,material_r_cable,3,True,0.9889898093734116,1.1946540850713672,68.71610812764038,1762.759111454443,6020.189933723146,1.1222674909695818,0.8910531651737066,6756.263452079808,0.3914962524837371,0.20844791,2970.75167447,2306.25043841,96.49048125,158.36482606,115.7495699,0.9720886026010164,0.9631029440769274,,,,,,,1.3993089583090668,0.054302787994337215,1.4181931802509944,0.05572336708594455,2390.9374159090908,2240.5610782608696,-0.006702469426191375
11521,material_r_cable,3,True,1.2686949851515037,1.1636029649778132,7.144184499967905,1495.4053843451122,11710.504645163956,1.7859002614927224,0.5599416840692786,20913.79330801005,0.4730155842098339,0.05290179,8337.59212217,7283.54683818,301.97156807,164.59887838,433.55064756,0.9792855402173306,0.9858381666772836,,,,,,,0.9728819775479594,0.05380842197053699,0.7937574229637521,0.05539638437357276,6842.781753333332,7227.574597916667,0.10139282217543853
11522,material_r_cable,3,True,1.041993342051082,1.1299248473088326,67.39070205145987,1719.7232106602014,8689.071335018463,3.962826003407307,0.2523451696188988,34433.27783187221,0.4117459405564444,0.0863746,9387.10276996,6139.27986932,140.1169777,649.58522976,301.92403962,0.9811746519013472,0.955297231554767,,,,,,,1.0975821787518831,0.054457839446271875,0.910375471547775,0.05457606266883684,6180.99396888889,5907.115972340425,0.09323239819135146
11523,material_r_cable,3,True,1.0158793370118244,0.9686997600678992,51.718378674034845,639.869722509298,10550.760680208185,1.13989917249068,0.877270572813032,12026.803368516512,0.4101705391133825,0.16067171,1790.14466248,858.68716199,220.9973554,159.70784851,37.58080145,0.9499219739438396,0.956829166263942,,,,,,,1.7480593665400792,0.05497345504657419,1.380220946634227,0.05632024991225843,867.0356840909091,980.5834600000001,0.1175848655111734
11524,material_r_cable,3,True,0.948593960199691,1.163781917159266,14.19950990990666,1661.2256641894633,17800.83564562954,2.590824021386654,0.3859775854111398,46118.83259145282,0.2812761263814842,0.06557275,11787.25896283,8621.13164081,647.39932179,284.2075182,432.42360213,0.9699832468489396,0.97348781080145,,,,,,,1.0345351541080763,0.055084480328906824,0.7267204948763566,0.05515218735097263,7676.382588888889,8761.7586625,0.17477000537043577
11525,material_r_cable,3,True,1.0802579051267296,1.1151003011356826,70.17846591030575,636.1796420965695,19254.720918000927,2.7194553797462517,0.3677206868138828,52362.3543859703,0.2744635189317269,0.02142428,13864.63438587,7061.54746595,983.3373893,1653.444892,363.30707875,0.9538246685988704,0.9464124201659572,,,,,,,0.853174680318361,0.05592578070531929,0.7020274824577883,0.05579936526737776,7268.427702040815,7245.841617021276,0.09718813507226857
11526,material_r_cable,3,True,1.1409179591752987,1.0772108317801576,10.713353955115558,1079.6596200573165,2480.833712730708,3.4164275142283413,0.2927034148493758,8475.588554398439,0.2765162025102126,0.20037622,2135.95352972,1533.10896628,115.35852638,133.38064841,63.19291281,0.9625286554887535,0.9487219928648958,,,,,,,1.4229371406568627,0.05510084397375884,1.0932094308918494,0.05472261869457662,1341.8269093023255,1680.958168888889,0.13104471476081886
11528,material_r_cable,3,True,1.106722699463779,1.0605594924209203,44.82985250951226,1449.2332115248926,12248.275545885672,3.527399606028007,0.2834949571041201,43204.56233507959,0.2981710652408484,0.07737641,9522.88028867,4097.41097789,555.5481968,1238.99714278,206.68704248,0.9565926262303918,0.9320044857861912,,,,,,,1.0297190698581873,0.056904608522627444,1.184043161038287,0.05510095574033036,3803.459628260869,4640.968334042553,-0.06971123141693744
11529,material_r_cable,3,True,0.9238339688253454,1.1680452821545213,26.76733501713412,1508.052490957724,1834.2408738010292,2.885044740906482,0.3466150752607738,5291.866986515371,0.4365873834140138,0.24551269,2446.82731284,1901.40604102,111.26763394,146.91376707,94.76410661,0.9572389833092628,0.9348895552407754,,,,,,,1.7042902362372845,0.05972960425941442,1.1068646408164782,0.05476756071443316,1776.0644071428574,2013.1481886363638,0.21251963038299035
11530,material_r_cable,3,True,0.9130697733217676,1.0633307580252245,79.88377786109233,1263.3345696732702,12234.877930846404,2.2775780933116305,0.4390628812845604,27865.8899496377,0.4808399442122701,0.13872798,4165.16883105,2996.52104071,321.19580909,106.51277231,138.57087042,0.9526130230040164,0.9833006750972794,,,,,,,1.4355912280545065,0.0541071163764756,1.4271915010525837,0.06015828339712504,3060.2684177777774,2851.1518510638293,0.002934112643799065
11531,material_r_cable,3,True,1.3116009681430438,1.12346197913881,39.06554762122935,907.404766562634,4708.04810714964,4.916120245546043,0.2034124370546042,23145.33061656307,0.2580498531345818,0.05491511,8142.37943254,3977.62712069,1113.15176914,150.89003912,201.5936225,0.935679729403786,0.9760958214702152,,,,,,,1.1709566097442812,0.05770324024370494,0.8249867969868295,0.059150515071274515,3617.8079999999995,3954.0695312500006,0.1733364841862272
11532,material_r_cable,3,True,1.2016895324496666,0.922588076424606,87.47875469400256,1543.5805543988522,15207.292778800276,3.3507189636804164,0.2984434119481044,50955.36430016634,0.4587411712081125,0.12171173,4985.27130225,3825.65522833,406.11262666,96.94334294,206.56818458,0.9676044565921756,0.9889181746506772,,,,,,,1.3230587140370123,0.05459324490142965,0.9282483086783312,0.056025645252024636,3435.870524444444,4038.1219673913047,0.17536941935289344
11533,material_r_cable,3,True,1.2245385460240312,0.948147894730465,67.0815109209124,569.2830762985384,4544.10154442567,4.488805534963053,0.2227764139504499,20397.588164052104,0.2240008863470081,0.11432802,3123.00977597,1353.46376229,319.72545156,217.62897119,66.75060362,0.938298341504518,0.9484505674238152,,,,,,,2.0118841245735313,0.05687226434257617,1.5070524731586041,0.05551127388448886,1312.4155363636364,1624.9537829787237,0.14346142290266845
11534,material_r_cable,3,True,0.9883385496658734,0.8777462079056499,5.614028982008183,1532.2576417034184,6115.927129511055,1.7670823043141426,0.5659045974025131,10807.346605033774,0.2450543836327363,0.34729233,1927.70675537,1411.57525525,51.59367732,46.46463014,39.12840796,0.982836713497643,0.9838680585003844,,,,,,,1.6177234631445618,0.05339477099003736,1.849818008318854,0.055663471159178975,1535.8549125000002,1411.8602837209303,-0.0669334590759316
11535,material_r_cable,3,True,1.2281022408509203,0.9202703750846314,67.76060159228543,516.3845336558769,10813.52982457662,3.9915060522661214,0.2505320014314557,43162.26974115778,0.4654828994318828,0.06941018,5383.33014262,3047.42716858,801.09441579,206.92782806,149.06862144,0.941893561954642,0.9743639914985364,,,,,,,2.372771353297397,0.06824727699769795,1.8339329654513132,0.06252727823243964,3018.7831723404256,3415.1117574468085,0.12809038787075053
11536,material_r_cable,3,True,1.3502320793183915,1.350544752890602,22.6962548450304,408.895383423026,9196.733596518432,3.974591289384671,0.2515981964411781,36553.25724351352,0.2443937755794849,0.00640575,25803.20776394,16093.16695153,2970.52927665,2138.34676939,803.72363876,0.9394724019044248,0.9381201416050116,,,,,,,,0.05980147629573024,,0.05614662014527675,13747.531963829786,16268.372212499999,
11537,material_r_cable,3,True,0.9707361944771544,1.0013022143187666,19.88999449588925,1401.7616959052052,4254.494772495802,3.731175845254307,0.2680120266301313,15874.268128897054,0.1019391324133176,0.25461787,2756.55914984,1800.61158616,184.78054927,194.43600303,66.46169983,0.950877405171675,0.9370956483870766,,,,,,,1.841590882645891,0.05745559347962906,1.3355396138325004,0.05538380442626855,1502.2890904761903,2090.658097777778,0.1592793463706669
11538,material_r_cable,3,True,1.0213071616900709,1.003900416253474,46.97213742986263,1808.6156579198964,14464.649226062822,3.1082190065524262,0.3217276510734614,44959.29764756231,0.3350471928755609,0.16068359,6304.61965628,2812.00855562,620.95384455,71.62287317,123.60906886,0.9484519875762628,0.9864882758265608,,,,,,,1.516188932406902,0.05498685453822805,1.3445708439640947,0.05886016985259239,2828.294175,2977.5302673913043,0.05999038781945986
11540,material_r_cable,3,True,1.026796119173167,1.313510563618856,42.27345235406007,1491.246084063766,4523.587999839092,1.2275713154913723,0.8146166233932566,5553.0268717034605,0.1103610210463271,0.20205788,2701.97696848,2427.19561073,38.93818697,47.42908896,127.59841827,0.9879233424397832,0.9842804052442146,,,,,,,1.6109778237925227,0.05473192321560323,1.414922918477526,0.0567907453731282,2437.2846227272726,2480.188843181819,0.06479224601660764
11541,material_r_cable,3,True,1.3432758242154472,1.3275035250446274,63.05113403283867,689.004680058247,18675.802027693517,4.269673450564515,0.23420994874158,79739.57608564192,0.3795650079710536,0.00522934,49978.11722988,37436.39417231,4781.08611594,1374.7865012,1883.37963243,0.937446734281804,0.971605431036088,,,,,,,,0.05787896583198923,,0.0574492320893818,36023.074226000004,36449.38997916666,
11542,material_r_cable,3,True,0.9041403684535688,1.173194017429334,40.56189698416298,299.89896567371613,14724.185417222276,2.299917830669,0.4347981422054195,33864.41658314598,0.2171358279289259,0.01760357,8595.20673384,6514.4825157,227.80489529,376.4743525,320.3725159,0.9790436556383872,0.9632793840364124,,,,,,,,0.05434238041965219,,0.053950697673384514,6376.8019065217395,6637.642854166667,
11543,material_r_cable,3,True,1.2055985828886402,1.284552280861288,5.882904187445709,1474.3448162925663,8960.150383111311,3.604453742939554,0.2774345493984523,32296.447585706843,0.45682097260612,0.02884008,19822.43769773,13764.78453482,2140.06467102,602.55909044,731.70180174,0.9443883508869028,0.9627185167887318,,,,,,,0.8464836933220017,0.05778143055118561,0.6363391166724147,0.05622284542409104,11480.04230681818,13602.294316666666,0.1417192770661373
11544,material_r_cable,3,True,0.8232688144822882,1.3409889851312662,24.51651073067069,1696.541469279524,9672.596550164822,4.206915444634792,0.2377038505195845,40691.79581660959,0.2280514517259083,0.02517073,27617.15147998,16450.90126598,3845.43296729,613.8721321,1066.96461048,0.9317447619874538,0.9578876842177656,,,,,,,0.9416633504657494,0.059322743398936846,0.6236655051605563,0.05782594061901624,14702.174604081632,16350.560826086956,0.20315082301217696
11545,material_r_cable,3,True,0.8684887788161788,1.0724448878864554,58.05884395364717,382.32022375738194,12293.553687510746,2.7667011661764924,0.3614412760674018,34012.5893236893,0.1417445646212554,0.06605047,5689.13813042,3186.08199343,331.93027466,374.13247166,142.02242413,0.9705840011065602,0.9694630698574428,,,,,,,,0.08518398426143291,,0.1309447405059999,3356.2700319148935,3421.998212765958,
11548,material_r_cable,3,True,1.1779259175676484,1.316388001171584,79.80581088609804,1310.4735391711663,13461.26673406465,1.3633583244591954,0.7334828871174942,18352.530059652687,0.3359831907215591,0.03537236,12244.13466537,7827.70236054,578.5402828,2215.5133425,468.31365239,0.9622591128490956,0.9343268868692552,,,,,,,0.8517601199880005,0.05614801475686365,0.7985356252893184,0.054612784604180516,7569.050967391305,7509.894795918368,0.03225148877163113
11549,material_r_cable,3,True,1.065264207251325,1.28505294603974,25.65512091428108,1458.429573511621,17743.724404649656,4.079247305059279,0.2451432642389079,72381.03995938167,0.2174511143881189,0.02054455,28884.29004765,23722.10299634,816.56971552,906.73770299,1224.71435916,0.9779631463986938,0.9642641023420404,,,,,,,0.8451800778858374,0.05502257474019267,0.5993123441972424,0.05495239527589376,22639.031263043482,23876.126012499997,0.17021046973305193
11550,material_r_cable,3,True,1.1669645687768158,1.0462139251498244,47.87380558249996,1797.111413969301,3423.612836620705,3.3170452826929004,0.3014731228475009,11356.278809479569,0.1243712192286567,0.25048086,3161.12439658,1922.55742022,303.50425376,156.10401872,65.89799311,0.9321681816156564,0.9506983197623304,,,,,,,1.3897410355887578,0.05637626270350546,1.3915407747269,0.05661198848204852,1928.8238186046513,2013.0827888888882,-0.0006470898171724182
11551,material_r_cable,3,True,1.2599573880094677,1.1527013566980933,85.74943392892662,945.7894179997828,9467.923503956546,4.4808632258036205,0.2231712841046727,42424.47025360065,0.2900315861470054,0.03464858,10706.99541658,8365.59207078,244.73264925,412.66865251,419.47806771,0.9809325993100276,0.976900693414193,,,,,,,0.8920424188036664,0.05404553741653783,0.6929298668681865,0.05497172385079336,8257.496031111114,8007.40285625,0.12562525776346825
11552,material_r_cable,3,True,1.2700813170303926,0.9090479428827888,31.493583921726245,680.2098571984563,7708.141445893166,1.0737306274207583,0.931332286201178,8276.46755094682,0.326451142375398,0.08606337,3299.41025341,2476.2018184,68.66644518,160.04588348,141.15571381,0.9821942042471796,0.9687533615944324,,,,,,,1.0795545561076323,0.053873177097149456,0.9559295293863628,0.05471756940577488,2482.048106666667,2411.2999000000004,0.06073495125915796
11553,material_r_cable,3,True,1.1218685914589863,1.342609440196302,41.61973444493832,468.8810430191683,11107.680950423026,3.1993764337109702,0.3125609070140258,35537.6526659637,0.2062447443225857,0.00914256,23124.22065315,14256.83040525,2882.85217186,204.7869403,757.6718474,0.9354345174815666,0.9864018041653492,,,,,,,,0.0577462447414661,,0.0590331355077151,13384.988291999998,14060.872168085107,
11555,material_r_cable,3,True,1.2188586611131995,1.3108514465819467,48.56130992818387,623.2131543197639,5941.32383753616,4.697883804978073,0.2128617993787668,27911.649036491297,0.3477584317486388,0.01803472,13703.8731416,11362.38619375,426.84835177,334.46973662,571.33939137,0.9713462990515848,0.9747610950855122,,,,,,,,0.0540581167557545,,0.055361149974447924,10956.323800000002,11185.375325,
11557,material_r_cable,3,True,0.8050700094359934,1.352449133410066,2.1012224210008927,1482.1245945094809,5516.692395476205,4.550114700590441,0.2197746794976917,25101.583167291777,0.4598889534550119,0.03339656,15090.72561239,11393.64818718,1022.32263933,196.48850409,803.67873418,0.9572005638287032,0.9736820640245064,,,,,,,0.8939013881159223,0.05586359993613069,0.6353324308967955,0.05524920555697541,10442.015668888891,11336.397452083334,0.1690839909531039
11558,material_r_cable,3,True,1.225496507001296,0.8394078395562111,13.212992941722415,750.4104258967315,8575.29450375677,1.1689195199657307,0.8554908895946207,10023.829134896132,0.4278760147044412,0.10790135,3612.1416046,2444.72462466,334.27197929,96.17207193,132.78627301,0.9342897387674282,0.9750689252646884,,,,,,,2.6189237212115852,0.055295051988324906,1.8253539809483137,0.06277211985194726,2751.9447,2407.229479166667,0.17855989059315538
11560,material_r_cable,3,True,0.9576304104584504,1.09040762052972,73.12033408780654,965.7879012069658,11501.712383231052,1.318432497982608,0.7584764495187613,15164.231388500812,0.4369619381623468,0.12588881,3388.06074145,2061.87418524,402.6557697,59.05854002,101.10299703,0.9422324981456304,0.9847908681759968,,,,,,,1.5473795913321347,0.05531603229537161,1.28945160790726,0.06041669418463073,2199.999864444444,2024.7782276595747,0.0909211600232082
11561,material_r_cable,3,True,1.3842073676879174,1.1463954690848113,3.46781256696879,1912.040991675917,4030.357556535151,2.7677220294706304,0.3613079598861543,11154.909395865758,0.3842117518218737,0.12880596,4866.88353506,3651.28400498,230.92721036,390.58175256,194.9238278,0.964879236911206,0.947238337140353,,,,,,,1.1956782582036591,0.05480853476431597,0.9841362788417586,0.05448794338380494,3342.5759355555547,3686.532493478261,0.09704586136425648
11563,material_r_cable,3,True,1.2900667548505096,1.2040677770271686,28.231945163439143,1788.3645541443211,12195.150174603858,2.432196399872157,0.4111510073991404,29661.00035057181,0.4108014715214589,0.04846478,12066.55268858,9986.87323277,172.96947606,571.6635471,560.79066242,0.989719607142704,0.9670554391926818,,,,,,,0.9913148351539987,0.054016697631916,0.7278567473574379,0.05449714997389358,9716.630315555558,9846.403995833332,0.15324711650461925
11564,material_r_cable,3,True,0.8197896689799494,1.307416980948081,74.73310855552009,1551.2229040703123,4604.759377508564,3.699221755427841,0.2703271298977162,17034.026067790044,0.4049191289710047,0.06660342,8396.35519819,6471.23219991,136.9498329,452.17920606,424.38312449,0.9713194668182236,0.9610205396063394,,,,,,,0.9289961846687962,0.053685037305879015,0.8765623346736673,0.05514940200124498,6522.732274468084,6293.603178723404,0.02904023848212016
11565,material_r_cable,3,True,0.8251286275576986,1.1039946586402969,13.280598678334716,1098.5246562755456,9160.869723765049,1.0235883121284273,0.9769552740599604,9376.959178177078,0.4224344598937376,0.20288665,2632.28839341,1928.67473952,244.23934108,125.39525937,98.63276793,0.9410478533875094,0.95097877888838,,,,,,,2.4553921586713483,0.06065265030289318,1.8386652694408938,0.05514974905641448,1601.7968909090907,2061.2295866666664,0.1436233444836765
11566,material_r_cable,3,True,1.0563498201099333,1.0349700643238573,41.50070738770541,1198.451480307293,3714.420007269549,1.2511871777906334,0.7992409271375497,4647.434686024651,0.1146618195238915,0.31924808,1488.85245881,1123.86365426,27.5304922,23.31753806,34.73373228,0.987055344955301,0.987915680884515,,,,,,,1.869576228642776,0.05342423089907241,1.7640286134007366,0.05538238228805684,1179.8209299999999,1215.6271909090908,0.029047631712941075
11568,material_r_cable,3,True,1.1754755292281134,1.3654036563023593,72.36240655716365,1294.9676424637846,15418.741941842176,4.702755767622504,0.2126412787337994,72510.57759648131,0.4560836727054291,0.00996832,48499.83459273,38805.67510739,1809.14173572,2172.46574293,2088.1664906,0.9567227046907628,0.960904396759366,,,,,,,,0.05427304903711863,,0.05556803267370746,38005.9568877551,37712.63426808511,
11569,material_r_cable,3,True,1.284658996637324,1.11254670429777,46.2833647354977,1352.000403426399,11371.072413653284,2.763556797660863,0.3618525231131209,31424.604465445445,0.3869241612053657,0.04029802,12369.62464132,6821.26366757,2073.06762525,689.39009305,397.03500769,0.9351161662595866,0.9581561380320957,,,,,,,1.0532296024321974,0.05776978188532715,0.7108396544909057,0.057849118843651924,6249.435359183674,6735.0777595744685,0.19409098968058075
11570,material_r_cable,3,True,1.173152231225651,1.383567384702263,32.2305319771341,911.8965639570004,13617.88916477562,2.8217910745520296,0.3543848476304199,38426.83809940264,0.3357225967879842,0.01266228,25359.67511952,19119.34680286,954.44158107,2410.94940934,1064.53421363,0.9692835924143338,0.9390481480692128,,,,,,,,0.056359981089014674,,0.05512332232334469,18193.332289583333,19177.96663829787,
11571,material_r_cable,3,True,1.068684323916833,1.2894652870209289,61.17856911895712,807.1587461949443,16782.281965088114,3.84950987552472,0.2597733301992612,64603.56015844709,0.3171064949504033,0.01034749,30382.82132121,22664.39825024,2879.73757939,484.72468656,1211.4203242,0.9386743185585136,0.9824484059579266,,,,,,,,0.0576819850118067,,0.0589005032763542,22459.775080769225,22335.089102083333,
11572,material_r_cable,3,True,1.366839097794071,1.0221366181719258,70.58947941724769,1235.6548104332471,6917.546365414084,2.631581584665207,0.3799996191747257,18204.08762629144,0.4442039257516493,0.07105151,5231.17999064,3851.15007761,111.26747068,527.60961618,250.28106125,0.9854909262771618,0.9520114352738244,,,,,,,1.1106658541344236,0.05514682048539317,0.7943847408629339,0.054050734861149516,3693.1728288888894,3803.999289361702,0.16602242171522405
11575,material_r_cable,3,True,1.10321011826262,1.3461469202224197,41.52646486204369,558.5132321951218,1637.6220908156151,2.191409827245675,0.4563272408323885,3588.701143127948,0.3384295679531999,0.09995152,1953.38635547,1652.00926632,38.04722189,68.05036213,91.88305504,0.9826545053660584,0.9688899554742716,,,,,,,1.2038615014509242,0.05440563516133829,0.9574532559353074,0.05506134223297986,1622.538653333333,1649.4231125,0.11400849629769272
11576,material_r_cable,3,True,1.182923315883086,1.3386705170694615,16.642907685898834,449.5994004978824,12221.622066826174,2.989855661798864,0.3344643063465961,36540.88593286617,0.4358738272100607,0.00723565,23723.07486498,17692.00428286,1540.33948146,363.81002487,983.10505647,0.9577203878379912,0.9798048251836982,,,,,,,,0.05481382304178072,,0.055862227145137784,15905.979904347823,17490.486537499997,
11577,material_r_cable,3,True,1.0630901546641804,1.0830105953072922,79.47011816137574,1976.0747638585265,8834.434442964359,4.104900327883634,0.2436112743608492,36264.47284159086,0.4078543462244051,0.10621289,9680.90103603,4936.80273729,355.23830736,1037.88225881,232.816533,0.9558848825683156,0.9382571577144944,,,,,,,0.9924878401175398,0.05532259109895562,1.2907262956751169,0.05507163168008879,4893.33024,4706.408180851064,-0.13062220090628449
11578,material_r_cable,3,True,1.2126756886089791,1.3326718867808374,53.76014615669883,1463.1363781030882,12393.606871260608,2.553730102563126,0.3915840593320025,31649.92694647141,0.4414794636570062,0.0265225,18996.68045356,15575.43038834,557.35152323,742.49746662,873.17136051,0.9744882395713114,0.9680311116018848,,,,,,,0.8603006572722004,0.05421841401492216,0.6530701833543707,0.05494844392249921,15064.612413043478,15214.5692375,0.13693304268505094
11580,material_r_cable,3,True,1.0166882111325692,1.2567182652801718,54.00976579618296,764.420411999446,3408.7573466495032,4.191765044763574,0.238562989414022,14288.709891766415,0.2357119400998716,0.05544002,5765.2946564,4298.51314278,358.42260857,217.63421577,222.83509186,0.9497386606869131,0.9638865130950468,,,,,,,0.9162846950362135,0.05510724343030537,0.7907961351637216,0.056759163572562873,4264.883924489795,4242.00960638298,0.07351061393958394
11581,material_r_cable,3,True,0.9165060456076002,1.2722698690893115,49.72087482951989,1767.9363959690204,2356.2119720786013,1.6184976524525134,0.6178569357111501,3813.5235454897233,0.2176772228480627,0.30586307,2403.17710667,2033.93885719,14.63484567,72.45582146,114.64492791,0.9898483935150812,0.9690839938445276,,,,,,,1.824334718174278,0.059999353036408125,1.6703797640548113,0.05482525606823656,2133.4171631578947,2050.727092857143,0.0440536572879817
11582,material_r_cable,3,True,0.9934593028229376,0.8853090570944732,82.79645807454011,1545.7907567881684,5934.114888985365,1.9508267123970129,0.5126031920955623,11576.429839865485,0.1423773345267512,0.34185118,2036.57868597,1384.59772845,157.30365973,67.97489502,36.4043179,0.9551501831974478,0.9734602226165944,,,,,,,1.705684571932968,0.05415330383798901,1.540856985172631,0.055790082297189784,1264.065995,1538.6477488372093,0.05077020696056833
11584,material_r_cable,3,True,1.1275770363072717,1.0181054937266274,6.687267532258066,1113.3833311487138,3242.182713967322,2.558393657459928,0.3908702623164093,8294.779691740212,0.3452305234555577,0.20862579,2037.02256539,1259.3105407,148.97240071,206.26080821,53.6972889,0.951129757065923,0.9344712162231188,,,,,,,1.3225751872465288,0.05519701414042477,1.304967205347966,0.0546701284447503,1114.752134090909,1365.8138155555557,0.006701312202683935
11585,material_r_cable,3,True,1.3038510195138384,0.879990408072273,85.90570456269256,1117.8735775023115,19549.88873845285,1.0410911132291156,0.960530723289276,20353.215430221226,0.4144661632250238,0.0456019,8526.20339263,6942.02499149,330.93686758,396.42006491,426.60098465,0.9780809263312634,0.9625728960305912,,,,,,,0.9782108745697322,0.05623669759084565,0.706618376927651,0.05440569366093605,6540.726817777778,7135.6428937499995,0.1611988261722693
11586,material_r_cable,3,True,1.3766983869432323,0.8084123574615987,45.1891873050722,1667.6182560184975,14944.62387579396,1.0079627316914572,0.992100172515213,15063.623905946652,0.1439196154458174,0.08116219,9132.18722256,7438.37055972,106.7538556,306.21815705,460.98718919,0.9706749195464148,0.9529418255426484,,,,,,,3.2409601627770006,0.07659780421794324,1.4103324838212705,0.05617092251056822,7382.501528260868,7454.963021276593,0.39357396277668355
11587,material_r_cable,3,True,1.318321625938077,1.0122008694272686,29.38434947338482,1776.9727549666347,6785.732856376062,2.3290358202128347,0.4293622241965419,15804.214888895003,0.4066368749588902,0.1240337,4290.89070708,3245.70289477,271.3547411,281.67110187,198.62000311,0.9644528953302992,0.9619641375904576,,,,,,,1.0983521243450693,0.054282045746701674,1.0378402289222262,0.05514201824581659,3084.3082133333332,3223.012086956522,0.02832698812459025
11588,material_r_cable,3,True,0.9153570746451346,1.1565543759697918,46.953165496657775,1793.2654617875764,18451.192055067517,2.585493964664992,0.3867732872969874,47705.44569925171,0.1801859409470177,0.06474881,14393.57081155,8800.08807767,1137.04718206,1157.51956949,424.44979397,0.9439420569518558,0.9408246071463272,,,,,,,1.2289319599722053,0.05639744612525866,1.0306635374553437,0.056063278914522084,9001.811753061225,9162.067619148937,0.08774509541313105
11589,material_r_cable,3,True,1.3901525957559555,0.952079901238288,11.50316517804486,1481.1046869085308,13741.542608702444,4.878601216183856,0.2049767865187843,67039.50648305802,0.2545897201946012,0.05904512,12097.72961579,6383.71518653,1010.66940686,491.15980331,387.02736969,0.956761622163662,0.9701641033084888,,,,,,,1.2085550502206472,0.05380274495195257,0.9036539316124251,0.05909089176713834,7997.636632608695,6430.22289375,0.1443517763775509
11590,material_r_cable,3,True,0.8570779830395533,1.0836331856437504,34.88472787443842,252.41707882666867,13275.752913679302,3.89683408429706,0.2566185725047074,51733.406448731504,0.3016162700979482,0.03901295,7199.80722966,4749.62847402,355.90721916,396.71908006,219.4842127,0.9327058958692688,0.9355653479686068,,,,,,,,0.16268963697659983,,0.14510628881354323,4510.104840000001,5005.421319565216,
11594,material_r_cable,3,True,1.293878978199955,1.3102500641500818,85.39491554563777,1594.8737474873265,3972.274958844237,4.447416687519874,0.2248496307544448,17666.361939381182,0.3293600707901131,0.05569823,11649.15011352,7467.35815868,845.31381396,1356.98038243,367.294081,0.9373873371929912,0.936079302434772,,,,,,,1.023129849771528,0.05845433218588939,0.9171275870282026,0.05608405542553648,7471.431354901961,6876.885846808512,0.05463309184278452
11595,material_r_cable,3,True,0.9901819447937014,1.0097774195919498,31.806149463180887,1791.3432673333332,8519.631767870686,3.9413380519496704,0.2537209411675123,33578.748875307974,0.4226954112768467,0.16996829,6336.46710191,2698.52188255,644.92011536,310.21594419,109.89935019,0.9348198651521458,0.9471665164509244,,,,,,,1.8602685553432392,0.05793865866256251,1.2110380178634523,0.05689348592546083,2342.0594272727276,2986.494976086957,0.2113857806132124
11596,material_r_cable,3,True,1.3287026237390032,1.0345333493448812,66.94855725122723,550.3925022155789,16511.738243695192,4.733450355244811,0.2112623826067952,78157.49325532833,0.1441751926462654,0.0134589,18141.0869384,6786.15486206,2901.53655806,2406.86277661,415.16011209,0.9367909075419696,0.9417739376319486,,,,,,,,0.05975620981620236,,0.05663548415253205,7475.57052,9001.830027659576,
11597,material_r_cable,3,True,0.9765608759578968,1.2711915786347032,16.55602705820471,1143.6047410935612,1857.1906352929109,3.1502388125252434,0.3174362515070393,5850.594021558142,0.4583795413306143,0.14042246,2935.88192634,2394.94767541,130.68966672,96.53167731,132.73070807,0.966235240718466,0.9576751569510276,,,,,,,1.3496420043115285,0.055579613394574644,0.9466367864596381,0.055059051639435294,2207.3465977272726,2465.475632608696,0.17550361021997152
11598,material_r_cable,3,True,1.312705430853687,1.0491315607589051,45.55189509802725,1149.949573187679,16368.461312050344,2.4953507177336185,0.4007452711530032,40845.0516832198,0.1587402279289609,0.04245608,9513.97148536,5754.17813433,593.97061293,1202.36978704,360.12721825,0.9689438786042688,0.9488179084735118,,,,,,,0.8874013239725816,0.05549624025157816,0.7810674323660184,0.054486396804368016,5499.478788888889,6200.31600212766,0.06373142511814815
11599,material_r_cable,3,True,0.9370477097731884,1.091647998363039,51.02853355319506,443.9600804360688,12009.706807321016,2.9772158215455944,0.3358842824773311,35755.48911887995,0.1561646321365926,0.05298181,6204.41021568,3736.02575923,436.02796221,238.239101,163.04280075,0.9530952086472554,0.962861766597406,,,,,,,1.4734037285937762,0.05583088904066768,1.1810421385146903,0.05965236388451542,3929.6844234042555,3762.43041875,0.1101403474456838
11600,material_r_cable,3,True,1.361224795306061,1.159484782826424,41.672119768386025,1678.7524773456832,3284.0179049663666,2.6082257591103564,0.3834023939480958,8565.460093112904,0.265482077997563,0.1658147,3512.10210192,2609.9824031,48.59300662,301.32148964,130.25969733,0.983742866455103,0.9464369190619618,,,,,,,1.51482179763217,0.05447560213911876,1.062607009521093,0.05407275114941978,2622.7940244444444,2643.3106500000004,0.1754519026310342
11601,material_r_cable,3,True,1.0919097735488297,1.1850680923316392,56.00979443470928,883.727958163446,4947.654763623026,1.150011531949443,0.8695564976682009,5689.860034271076,0.440651006910234,0.11982941,2471.60252606,1801.39977187,206.04022348,49.69587474,101.34951815,0.9549306770486145,0.9822797398231669,,,,,,,1.031000877307423,0.05447563383738832,1.1245315207583204,0.05684823785002699,1674.2182355555553,1805.1507340425526,-0.043390970850090964
11602,material_r_cable,3,True,0.8619570648493942,1.1965306320171545,59.74379219851575,1304.1035943035065,2376.9367784067736,3.6705285563830974,0.2724403269553609,8724.614321859304,0.3124019989642184,0.17111244,3213.25372719,2516.57541332,171.83568913,30.63393621,138.37384416,0.9449002934840656,0.9845391094884124,,,,,,,1.0926557636501153,0.056854493157460384,1.48536772117024,0.05997140252377152,2577.1816636363637,2501.2017295454552,-0.15233063617629927
11603,material_r_cable,3,True,1.0911106246143938,1.39066743774056,89.23861903208754,1406.2872833098395,6597.285377023166,4.868789933601655,0.2053898429871786,32120.79663274779,0.1517895863429654,0.03003142,19760.3983786,14917.02616755,655.54261983,977.13234256,792.94366751,0.9532471650094728,0.9610987571396866,,,,,,,0.8539691210908001,0.05426438273240275,0.7000021870410408,0.05636351598932803,15245.011564705881,14395.14552553192,0.09907965046977342
11605,material_r_cable,3,True,1.0872805976323936,1.3972798601514302,70.49024867736163,280.6341218970145,7392.849594360119,1.4903556267906757,0.670980792787957,11017.974990971768,0.2645429622280482,0.01366329,6389.81710734,5225.25215625,649.65797278,194.42297708,313.7778324,0.946199964925178,0.9780668850121844,,,,,,,,0.05592630810784543,,0.05806515650972647,5327.1253879999995,5128.495191666668,
11606,material_r_cable,3,True,1.357380313757647,1.2023662942399105,63.53845943420604,1033.2367152590152,3652.916993846573,1.1988076171933433,0.8341622005549205,4379.144717198281,0.2091670488568054,0.12153621,2541.94076693,1861.7611051,294.51361527,223.61635211,105.77998239,0.9417385194567368,0.945137543867968,,,,,,,1.0875154866177268,0.05599073980289685,0.9752124075038648,0.055257441235111907,1733.4976044444443,1895.0488021739131,0.05444396201452736
11607,material_r_cable,3,True,0.9380210911146696,1.0111693091102198,43.44730962244027,465.8085011996211,11421.54273055053,3.976414421058436,0.2514828421062364,45416.78722449628,0.402190312814383,0.11319356,3429.710108,1627.33835076,62.19017613,222.51023365,65.15075445,0.9882822064813568,0.964217594095729,,,,,,,1.3514838216066263,0.056316991495565134,1.5599903141449751,0.05561902810029599,1587.9663272727273,1834.7014734693878,-0.07161543699735551
11608,material_r_cable,3,True,1.3887776618452268,1.2543152797145507,66.19900734034967,1895.0850875712315,4266.168774878481,2.456471490981184,0.4070879730017026,10479.72197120311,0.3499513693003125,0.10981281,6106.63655504,4503.97472803,55.33210365,547.18788694,239.02561663,0.9878867381690952,0.946114928465488,,,,,,,1.297296546423885,0.05459686632847721,0.9126534006756428,0.05395216429543726,4526.458148888889,4344.407082978723,0.17405061424720103
11610,material_r_cable,3,True,1.3446323832599705,1.2746086993089696,8.998063243259264,1949.376454756865,18182.290569476165,3.1774695737142955,0.3147158381224253,57773.67506494289,0.4815761899509538,0.01811101,39832.90818743,27743.36896524,4633.04838201,806.99731178,1493.83532964,0.9399039249522528,0.9751946019351568,,,,,,,,0.05774584049219684,,0.056981360212132716,23282.573372916668,27407.503041666667,
11611,material_r_cable,3,True,0.9916023076418776,0.9878736786280856,82.5052819383294,1865.1175981550173,14047.349253067168,3.746532893748524,0.2669134446059723,52628.85604658991,0.1545274229996545,0.18524287,6159.04787207,2703.35250792,232.25008262,619.47282824,99.10946464,0.9658525425825852,0.9451582206341588,,,,,,,1.1774781429100853,0.05493335477035472,2.040160324620463,0.056062672013297545,3052.053662222223,2865.094021739131,-0.26811035186699
11613,material_r_cable,3,True,0.8613614361923349,1.1497413941833774,85.11113658101783,1454.414699479761,12456.649015003157,2.757186450404509,0.3626885660392278,34345.30388161138,0.109077730302003,0.1026143,8870.80098923,6504.77881629,508.2033391,75.17395465,322.60035343,0.9342142559041174,0.9655773780393508,,,,,,,,0.06373571302614715,,0.10174809325300893,6995.350523999998,6402.441514583334,
11615,material_r_cable,3,True,0.8414645997484086,0.9107342886897284,46.56093343982519,340.4295292474433,3113.4450311995183,2.7775773915736077,0.3600259719256501,8647.834528566966,0.3777292110620762,0.28963855,866.71829937,482.88818695,24.67929325,32.42107614,16.91752264,0.9775012422014464,0.9704211169600244,,,,,,,2.1574016646491305,0.059701615120429284,2.2103370009563763,0.05670308106417341,462.5617375,468.230623255814,-0.012119620783197034
11617,material_r_cable,3,True,1.1889535807904668,0.9435829768719984,12.8755682140499,1962.4497081583493,19898.30739782018,2.004414877537445,0.4988987116422551,39884.46338600418,0.4136200337898327,0.10794684,7948.38105676,4632.26426428,178.87086878,1001.48096627,256.43571066,0.9813479033083624,0.9433949224616826,,,,,,,1.1095759745284766,0.054727417299889905,1.3552680469402467,0.05474247603512077,4657.276591111112,4508.13462826087,-0.09967854771815134
11618,material_r_cable,3,True,1.075379439792595,1.1897590856345834,39.171985527624265,342.15881396289524,19107.42038831681,1.3339436579219703,0.7496568494937853,25488.22224624416,0.1847459802370448,0.0151644,9332.28463805,5237.21901861,1104.6796813,636.48276904,289.49456925,0.9502128388238572,0.9597106818495926,,,,,,,,0.05625380040185553,,0.05651717128621561,5092.3115595744675,5481.636380851062,
11619,material_r_cable,3,True,0.8981988685743563,1.0753365429987636,67.53582864649698,1104.955378051394,19136.993192153117,2.853600562258803,0.3504344697803246,54609.33453307101,0.1964882151087709,0.08206968,9427.14014951,5326.47428375,653.64503077,780.22792498,235.78958818,0.9648716904507276,0.9687912380695493,,,,,,,2.96351960612808,0.05799162570009136,2.708780011827953,0.07735579747744255,6028.254472916667,5523.449617021278,0.044909403849848206
11620,material_r_cable,3,True,0.9066926698444134,0.8985647086683404,86.57546123298583,1528.761865043062,7034.162420248894,1.11498054885793,0.8968766325334516,7842.954276084937,0.34972395340258,0.36088481,2023.91011157,1301.09247718,66.46879848,121.75671495,25.90942696,0.9756626772498546,0.9595389819542552,,,,,,,1.6950986908669288,0.054122219947520145,1.6370367876492005,0.05497671639478388,1332.8460200000002,1347.1491930232557,0.01742483269125195
11621,material_r_cable,3,True,0.948013571548468,1.0926154920557978,64.50675656793626,572.5621083188382,4757.071207563478,1.923562074314609,0.51986884819213,9150.521759683104,0.4496745915298135,0.12338428,2207.48612076,1266.15462474,130.91513866,209.37066499,61.2958167,0.953928638097292,0.945308990639471,,,,,,,1.1310809719858674,0.05512602423035672,1.2921469668256795,0.05608125577867986,1277.8919799999999,1263.9110021276597,-0.0664675378903091
11622,material_r_cable,3,True,0.8064480478005079,1.0626484230732862,52.73927189685935,886.0458614849922,10617.47741426716,4.084601066909643,0.2448219504473143,43368.15957420468,0.4106954210260564,0.01556233,3411.58541773,2668.63491147,233.53965998,0.0,104.15809088,0.9730560111013498,0.98848627113209,,,,,,,,0.1949778018445076,,0.3562402846253154,2698.511642222222,2640.6276875,
11623,material_r_cable,3,True,1.0816795927057683,1.2184949850192344,78.95289524683356,1965.829132348642,3571.036389866612,3.260226832083623,0.3067271240636027,11642.388656590165,0.2024548612386056,0.18934791,4306.74565599,3728.43520889,55.62613983,83.6909606,171.97673257,0.9836154093452544,0.9829602048137348,,,,,,,1.4170405594493756,0.0537885764340306,1.515652251514951,0.05613782926575767,3954.806484090909,3578.3609422222225,-0.03362496463894903
11624,material_r_cable,3,True,1.2981437930017,1.312644003161073,15.055036097928998,1753.19811230073,12549.010425162644,4.342879243495684,0.2302619861000502,54498.8369018498,0.3286363943143058,0.02239337,33575.2435531,22668.16307705,3095.32600977,921.09049414,1130.97849582,0.9452292791281608,0.9640464698051712,,,,,,,0.8222400779883409,0.057037810727823546,0.6154658892209269,0.05622824889741786,19375.91459574468,22472.377020833334,0.143822306843995
11625,material_r_cable,3,True,1.3691235911746351,0.8021607113573246,30.006220554765523,464.9829910955844,9606.767521959331,1.4700234349057013,0.6802612640417857,14122.173390971191,0.1917282152182052,0.06227778,5744.06054113,4633.56393786,210.68781409,20.5012414,283.74960607,0.948601219099317,0.9819413453118512,,,,,,,,0.11539345348238857,,0.20254149323120846,4771.861295652175,4613.743639583333,
11626,material_r_cable,3,True,0.8401302667850824,1.3854672267752204,8.032445427710387,429.4056010530141,5669.204170076561,1.6904892298594467,0.5915447329310365,9583.72859138869,0.1143004752017392,0.03321589,5537.37591814,4603.99564973,33.03120661,200.87909674,283.77816092,0.9772102888749364,0.95092976873113,,,,,,,,0.12767514811043382,,0.058774411464292395,4552.617384444445,4831.654044897959,
11627,material_r_cable,3,True,1.0252775240089245,1.190576242009934,11.837634385142506,1411.3233821908914,18665.004711641595,3.3362945296440247,0.2997337288763584,62271.9531152298,0.4898232699059847,0.02595333,19912.36747964,15932.22879906,810.35721689,948.91179364,862.17710192,0.9755268462904132,0.957192857544124,,,,,,,0.8640482567616294,0.05534992060753065,0.6139647538339004,0.05474066113564786,14612.198708888889,15774.94815625,0.16920250439944634
11628,material_r_cable,3,True,0.8987517139426319,1.2586222639846998,67.7136783554485,796.3691846870338,13180.619184060935,1.0892288121950409,0.9180807455733524,14356.710177849862,0.3034716556804119,0.05608381,5934.31135025,4332.92573004,415.43000901,220.18238167,239.08891332,0.9522614760477844,0.9730933224664076,,,,,,,1.0619294919982647,0.05410607781904786,0.8501842868040667,0.05868798296754304,4646.047927083334,4247.2284875,0.11073881038963405
11629,material_r_cable,3,True,1.0959979817821892,0.9754181937551862,20.666123760953518,1157.667686995348,17865.163073673295,4.213716325666908,0.2373201997269546,75278.72930423875,0.2551981399325276,0.11424211,5264.09636772,2342.08910837,276.17910763,600.23061617,115.55151861,0.9775511169816408,0.952528229260853,,,,,,,1.161078740446183,0.054872480019879696,1.3880557306737689,0.05547267721215502,2482.6995288888893,2789.449076595744,-0.08904080690881103
11630,material_r_cable,3,True,1.2026494105485626,1.035719956139447,24.962293487571987,325.65024858201906,15730.723619709684,2.7516346363280846,0.363420341784347,43285.203966497465,0.4202265378512415,0.01254537,10467.17726859,5111.61279682,1576.80633739,570.32691858,311.10461365,0.945847729830694,0.9647103472998872,,,,,,,,0.05711762659988279,,0.057908241303058466,5003.729745833333,5207.974441666666,
11631,material_r_cable,3,True,1.135178302146383,1.2224225953675,80.69489677971335,534.2471599441942,7151.784890281856,4.852698511548226,0.2060709103646654,34705.45589198386,0.1208200219838303,0.02147794,13159.54834997,8407.35586405,136.2189374,994.88922831,396.47311065,0.984145955890746,0.9540384699446496,,,,,,,0.8336335377519807,0.05446063902242978,0.6484010494604856,0.05411471952790418,8494.632215217393,7901.010644680851,0.12498526680129357
11632,material_r_cable,3,True,1.0718100845792695,1.0341399400932962,14.575407303408458,854.4881717188188,11349.049703222752,3.907632610714564,0.2559094212843966,44347.91672093368,0.3880193686083298,0.0761065,5457.00520595,2846.78870256,459.09053014,192.80648653,146.08275983,0.9673387264343212,0.9741128485645164,,,,,,,1.0158014447853982,0.05438104283438962,0.8067344219812864,0.05623427595877921,2347.002884444444,2968.695647916667,0.11471215827154743
11633,material_r_cable,3,True,0.9771738520939176,1.396085072812575,71.69526975365838,866.0710399146735,10339.592562016542,1.0666188588065304,0.9375420205104268,11028.404419022574,0.497137836819832,0.03286852,8329.57860635,5981.80442765,184.96578048,915.43126614,409.04449587,0.9777388312801504,0.9470973683944433,,,,,,,0.8824238044192267,0.05476208494010578,0.6821801408240625,0.054209644096758915,5878.817604347827,5752.502902127659,0.12798361157399943
11634,material_r_cable,3,True,0.9630633473284024,1.2093081672848145,65.94713889107868,242.57393763031573,18686.10867923438,2.0750372804447546,0.4819190524546452,38774.37213585364,0.1411344918086598,0.00920304,12152.15803854,8964.94543033,588.05329145,565.70640078,447.24889583,0.9629523951433206,0.970052059108076,,,,,,,,0.05358870361852755,,0.05701360466067109,9426.459885714286,8732.082877083334,
11635,material_r_cable,3,True,1.1129138940863852,1.040494828231732,70.24935877395184,537.745751219077,17266.798447321376,2.2427236516121107,0.4458864110525529,38724.65726542692,0.1721728200590412,0.03494303,8244.86512095,2770.43714874,823.99746721,1168.59687829,152.36411239,0.950032185648092,0.9432218916262692,,,,,,,1.0544495621039882,0.05768945716200791,0.9308821936095181,0.05601634454171327,3065.4810625000005,3984.281440425532,0.06224016119162985
11636,material_r_cable,3,True,0.9227404223461528,1.1066642052475804,73.54780409177087,381.5524529590363,10446.724962516006,4.004051351766007,0.2497470467153087,41829.2232076899,0.1748910963925793,0.03675518,6101.02619205,4859.25966155,116.16705467,181.43704429,221.64691331,0.9802898797774736,0.9760828186933282,,,,,,,1.2421681059885594,0.053242359076312536,0.8541696532962406,0.05827971059337242,4962.7183659574475,4738.34588125,0.1850839403020107
11637,material_r_cable,3,True,1.3103837332410266,1.0164095862534834,14.840257842489075,1161.5109258563734,12467.55123258172,2.680578659550773,0.3730537794282021,33420.251770914496,0.4237902107955621,0.04309641,8296.82343798,5429.68463934,811.52339708,950.24568385,352.50870696,0.9566761890187734,0.9493570830247362,,,,,,,0.8909231126460404,0.055257831643805926,0.7491499771850774,0.055500372360376936,5096.468095555555,5387.512270212766,0.08644318130697563
11638,material_r_cable,3,True,0.9956961915482668,1.066911404969598,51.26819990452474,593.6895224686564,19344.70741369537,1.873472568882896,0.533768156849115,36241.77869262387,0.1812362711842861,0.05609293,7650.22108307,2865.9389098,241.1583494,975.54252179,125.0319017,0.9743804284129136,0.9400973979829418,,,,,,,0.9866865238530224,0.05741223400912615,1.1932494823780195,0.05520701421080568,2857.2142130434777,3737.1375893617014,-0.09475643226891334
11639,material_r_cable,3,True,1.1422642196812849,1.0962237556352674,74.78395199143327,1213.7624154634696,15921.945747806782,4.833882330433317,0.2068730539227582,76964.81221644109,0.4536944036911264,0.03206723,14508.91425987,11431.97280368,674.16670717,439.38392012,573.93009956,0.9677370275050832,0.9818455159329318,,,,,,,0.8379822574780675,0.053953341635918486,0.690439742531418,0.05606526261234022,10879.314904347826,11063.499989583333,0.09653257735477101
11640,material_r_cable,3,True,0.8355067939996424,1.0502759533241102,78.3601142289676,1742.1558018261169,4735.3605700289245,2.8115592068469657,0.3556745301911866,13313.746608404916,0.2006742580272799,0.27730431,3376.71234886,2591.88217281,31.05467545,165.09219462,130.41355148,0.9834965771556176,0.954698899806828,,,,,,,1.4836787621970158,0.05447241055314411,2.336467867223519,0.05708398662566445,2877.02077,2315.1472279069767,-0.22323465242376314
11644,material_r_cable,3,True,1.2034393698237438,1.2143299308562256,86.65368215814803,1363.4895884594307,15913.054417284904,2.2857318275663387,0.4374966424056485,36372.97495538322,0.4857938704690002,0.02366637,21182.48762096,13057.55757597,641.82582417,3337.29932433,743.6441004,0.9698509017243404,0.9348289459389728,,,,,,,0.8441109871457919,0.05611588554129375,0.7039726939171324,0.05426171116352757,12390.388811111112,12121.546879591839,0.0905237197077355
11645,material_r_cable,3,True,0.8978307811797049,1.0414770048181134,88.32398875062776,1513.7911913333242,12114.202685326123,4.926182321519376,0.202996952758251,59676.77110775611,0.2784524753090481,0.13279322,6735.64156339,4536.95576011,272.58583236,304.3571706,200.52088461,0.9582289056165104,0.9712078689383984,,,,,,,1.8018689158180854,0.053148415776388486,2.1396166925555744,0.06290994960255498,4650.657293333334,4116.448608510637,-0.08569047569777906
11646,material_r_cable,3,True,1.3727856704292658,0.9668454955242534,64.62655456528495,427.6046591516352,8638.913365145161,3.014432934146639,0.3317373522138391,26041.424963133144,0.1489797419997973,0.02891347,7497.95141076,3861.48383382,697.48384868,509.2159417,218.65869045,0.9520391344984774,0.9560672633960527,,,,,,,0.9835535469117275,0.056971334821260836,0.7206487706783647,0.054815107931459287,3653.211793478261,4423.67920625,0.1542685240594765
11649,material_r_cable,3,True,1.10049688697928,1.3876593102602293,87.6666388424709,963.7510417998762,10237.898998233855,4.303687367456229,0.2323588854436394,44060.71658799183,0.1029627622177941,0.01523095,29024.46212454,19967.45801503,580.99244942,2275.95178622,1049.91209193,0.9654330324685318,0.9483119778575766,,,,,,,,0.054208629459032716,,0.05502265254612894,20351.207448979592,18892.890942553193,
11650,material_r_cable,3,True,0.8550121986910726,1.049761286376302,12.16874666800238,1831.2932111338189,2575.9588541601124,2.225201933340232,0.4493974164847629,5732.028622481971,0.1459425531884796,0.4024634,2519.90545659,1943.12574881,103.96897719,24.13897411,100.65231433,0.9569120073942472,0.982638804534622,,,,,,,,0.10605410198359803,,0.056556311393823146,1661.677082857143,2242.188372222222,
11651,material_r_cable,3,True,1.136904250005844,0.9985258163477806,5.018151325564852,1005.0069728945368,9323.635240262263,3.993147143188758,0.2504290385857012,37230.6474237873,0.2412742931342994,0.11080147,4782.34665757,1906.61636987,656.29487223,68.27324846,101.43709677,0.9469032025259024,0.9837377100443144,,,,,,,1.642952765534917,0.0545288620527193,1.1359832339067795,0.05995690768776316,2428.7396200000007,2122.7955148936167,0.18243296417405458
11654,material_r_cable,3,True,1.0620409131743227,1.2327246683439586,32.55144611072607,256.8091393485012,6740.461339183317,2.9693046277358945,0.336779187510479,20014.48304751191,0.4696742444803551,0.00927229,11525.44518907,6405.37616631,1621.41041795,638.54615458,356.96788114,0.936761477933544,0.9481785949964712,,,,,,,,0.0585900176707046,,0.05749226473083615,5558.156459183673,6328.150182978725,
11655,material_r_cable,3,True,1.1330133809636758,1.126655511574174,53.82320387515008,900.8817826800018,13714.205155479174,1.9142907797717448,0.5223866773882897,26252.97648103191,0.1054436308650484,0.06195672,6283.82931703,3628.96605774,92.60183184,588.17544988,199.38612034,0.9894239877408998,0.957018837164108,,,,,,,1.0492472204910681,0.055046388159198455,0.8034433057929042,0.05419157911563348,3571.3145377777782,3858.4323702127663,0.13267402796687489
11656,material_r_cable,3,True,0.8935390336339256,0.919606015359,84.280519996295,1808.854920903251,1769.5663959277706,2.865494136075486,0.3489799498838188,5070.682130927258,0.2498117556207915,0.49483017,2404.94694506,1585.31667819,58.94120017,123.5191642,60.54031628,0.9663492161517367,0.9422712118193654,,,,,,,,0.05430758220014879,,0.13411711460250655,1889.4048972222222,1450.8105552631578,
11657,material_r_cable,3,True,0.823897527131647,0.9786488491968304,89.65761157501406,300.4929111807212,6184.487048686713,3.044218187528484,0.3284915661094161,18826.92795414645,0.18434361457059,0.18469924,1864.00189677,881.68651177,85.91832734,31.78523026,39.02540145,0.9354985243058356,0.9576500343104436,,,,,,,7.569311988640196,0.0671464801735975,4.555404191260991,0.08254064471538056,793.0708068181818,809.8617022222223,0.24857553386488979
11658,material_r_cable,3,True,1.3321133219324983,1.3594431690060669,9.57427288047959,976.5915681099154,15096.375271662497,4.3213718728906265,0.2314079948252835,65237.0514815639,0.4662291669383763,0.00773657,42724.09851527,37523.52253413,624.43721956,3218.347248,1921.80202994,0.9869288610044296,0.9413037332473356,,,,,,,,0.05570909221122739,,0.05462864615168391,36379.26604888889,37074.363991489365,
11659,material_r_cable,3,True,0.8103160702824316,1.3288539549817304,54.17552926010814,1130.3460483548631,2645.791733006792,4.521260844161791,0.2211772411430937,11962.314564250575,0.1000907842279352,0.07309411,5630.77729618,4828.54889845,202.8822221,78.25655112,303.12120958,0.960302662695388,0.9817883269239284,,,,,,,0.9772980667991408,0.05415992491651631,0.9322185570594381,0.057280340731281285,4805.97869574468,4793.701925,0.02360781214285008
11660,material_r_cable,3,True,0.9422021462776556,1.21191343774895,62.02792828018826,1916.55392241384,11246.279416240552,3.427839021951439,0.2917289854033777,38550.43543475861,0.3265599199486868,0.05081201,16705.30114037,9661.52469809,1226.26970987,1966.56541121,518.24249128,0.9366302010019422,0.9333299018803,,,,,,,1.0837517893629875,0.0566233492333118,0.9647258422422516,0.05739867004456628,9924.740778846153,9566.454270212766,0.05810458717455666
11661,material_r_cable,3,True,1.35506050571006,0.9650611878125206,87.45033960167277,1136.055549602569,16945.933513242948,1.4838921151345372,0.673903439340895,25145.93712389532,0.47840677970849,0.03602232,9226.54646014,7685.1851648,499.11829106,187.84650877,521.44902154,0.9733173733696966,0.9849518605052372,,,,,,,0.9038984099676,0.05421428827702206,0.6875396600388209,0.05536220436824813,7127.124606666667,7664.1969687499995,0.13595172442236858
11662,material_r_cable,3,True,1.243995513314332,1.3252971857295457,33.3650214748582,580.3051512452356,6424.9669738900975,4.2545495528264565,0.2350425086330614,27335.340365688862,0.1582298924383015,0.02051608,11624.52580778,10176.5233224,219.11561771,125.71722129,493.55552216,0.9848586689156864,0.9877741624576712,,,,,,,0.8468324009812259,0.05362541879892468,0.6318946455283416,0.055305811931018946,9868.176773333333,10138.8228625,0.14535323199790653
11664,material_r_cable,3,True,1.186173943032387,1.3472204122686633,65.4882229398572,1056.4497840284223,7660.179508736492,4.798588762058921,0.208394602993846,36758.05130597696,0.1040355851119871,0.02601923,17470.57161365,14577.45923291,409.21114101,479.00086109,708.23950407,0.9726424708814888,0.9752281916806416,,,,,,,0.8343597822391906,0.05375761824260245,0.6636850630960257,0.05563360193457643,14629.912793617023,14265.02961875,0.11393164875846769
11665,material_r_cable,3,True,1.164444823127267,1.173081963936349,32.012764060776256,1014.1248051948692,17273.974317197324,3.432418577257633,0.291339758683791,59291.510349419324,0.3009740873186176,0.02102862,20031.44815838,12639.16651475,1403.93774633,1582.9616102,648.94965123,0.9583157580945318,0.9469191044959172,,,,,,,0.8162028928603496,0.055925639367344925,0.6318008271898428,0.05518054141912808,11279.070380851064,12834.70656595745,0.1273491656942117
11666,material_r_cable,3,True,0.9832316422174472,0.9527475391134548,64.09988201080657,1732.5126960890595,4043.5264569786304,3.624896852260067,0.2758699187196224,14657.366325932138,0.125466441816318,0.32570567,2636.97780422,1806.69429371,132.16090465,105.1141466,48.94946926,0.9602837763191656,0.9662301467921638,,,,,,,1.4198968290890501,0.056080411606690084,1.7585009880557738,0.0576091716460831,2005.2938282051282,1775.280666666667,-0.10653296989452819
11667,material_r_cable,3,True,1.042811589157267,1.2579902690025166,21.360907367192286,1611.3529237229277,2932.3474633775177,1.883073889822016,0.5310466070423385,5521.826944172024,0.3227272963496711,0.20190175,2815.25817577,2297.47323196,101.32433677,201.13528784,113.81185169,0.9680292345348904,0.9386059040106236,,,,,,,1.6011718649792572,0.056245102210145594,1.0707173020552108,0.054921565821051496,2165.4940477272726,2417.396797826087,0.19853164924232183
11671,material_r_cable,3,True,1.1892869300605151,0.9823388002909954,14.397102707712666,598.6415517100238,10221.915888865222,3.1715021917507165,0.315307995876864,32418.82864542753,0.4556922002898743,0.04909381,5169.56108637,2469.72767878,821.69152829,232.54286849,147.44643582,0.9474779725039624,0.970993090167752,,,,,,,1.2095081804461763,0.05562993782557742,0.7872118720624155,0.05941737743753541,2984.5322777777774,2584.60944375,0.21149500043994957
11672,material_r_cable,3,True,0.8344757429780087,1.2798431217767725,40.72008981752934,676.4549822863953,11170.59843350514,1.720544103680366,0.5812114887731904,19219.507269348403,0.4876097631592508,0.02929457,8363.16505012,6355.24143809,182.68560533,492.26390857,405.71091784,0.9819521531094662,0.9549865611519294,,,,,,,0.8870128417459104,0.05487342000874423,0.6397356210988462,0.054799264279190525,6222.384150000001,6409.234276595745,0.16196330087427635
11673,material_r_cable,3,True,0.9017805063029356,1.3689425357670575,63.89204578421703,1942.024016327049,19919.27416875372,4.273121715469203,0.234020949223113,85117.48300688628,0.4347035899593783,0.01252813,53085.49365355,40845.75349341,2040.61549389,2865.71319671,2651.20250753,0.9541841784107876,0.95452195443523,,,,,,,,0.05412742448262985,,0.05589711514370179,40404.972914,39923.818031914896,
11677,material_r_cable,3,True,0.9574000724198284,1.3133072605911535,68.01107426809403,1240.957339220051,10656.313249837773,2.8514762895383905,0.350695533983165,30386.2245658062,0.249231567505604,0.03028775,17816.91181792,11144.47526407,322.01752845,2233.87522176,637.54579151,0.9711230836065624,0.9364217926742876,,,,,,,0.8330903389768362,0.05505639605060101,0.7548507095700587,0.05520432591028315,11380.151630000002,10788.720908333335,0.04927111713521956
11678,material_r_cable,3,True,1.0469344428246437,1.0435551933534468,64.71281459056662,1272.1361583239989,5597.747972745281,4.629056048823232,0.2160267643020251,25912.28911302453,0.2650309644102106,0.16754552,3254.44812071,2577.67826316,74.65437717,54.11549861,108.95729724,0.9838857820761778,0.9890201674222466,,,,,,,1.3217475855473293,0.05393085407074207,1.3816568402355063,0.05700805624569756,2749.078211111111,2525.073197826087,-0.022160670492661794
11679,material_r_cable,3,True,1.0833852163233617,1.0558530601623946,53.468365623072565,1703.3316362985247,2543.5378690053767,2.889612473013138,0.3460671662166698,7349.8387518591935,0.2648868590245288,0.29109014,2553.89824027,1779.58313332,128.9619368,194.02730725,56.48007033,0.9510859949012372,0.9365668273087188,,,,,,,1.4491706870336,0.05651782893721207,1.4364021720303808,0.05543439735147632,1841.432985365854,1805.4138674418605,0.0044249497853126925
11680,material_r_cable,3,True,1.1687028253099658,1.2337347975986963,81.4148645536963,1626.828082628214,5613.632738895418,2.66970905596736,0.3745726515647051,14986.766159903951,0.1490238152307949,0.117328,5525.88491373,4235.48398947,192.1611837,269.41314439,205.93463483,0.9676233443152538,0.9667944048343506,,,,,,,1.0520752994586446,0.05403440258727768,1.0753627478178427,0.05548786817091318,4381.285542222222,4036.8329333333336,-0.010946240427076254
11681,material_r_cable,3,True,1.3724449583773062,1.2400858857239172,89.7480317379928,1574.7589553705404,1582.329632000487,4.535355073150729,0.220489902967023,7176.426723890135,0.4125683834982995,0.14635186,4814.46462875,3168.46312837,88.13062728,467.21692144,139.68705488,0.9669810559806576,0.932170555747658,,,,,,,1.32500068952855,0.055079026203771767,1.1891099921679722,0.053840298964103354,3211.4794933333333,2903.273752173913,0.05405119923713094
11682,material_r_cable,3,True,1.3478369099920269,1.2514905243454362,19.499162082963867,1433.9331762456,3985.406263843412,2.8593987050086103,0.3497238766487406,11395.865509767056,0.1563747337188485,0.10343612,5520.50280872,3589.38723661,570.74386043,171.44642213,180.91187954,0.943870511393792,0.9660531649968888,,,,,,,1.0696028722418953,0.055973023393759126,0.9591330176144738,0.0566427027565884,3101.533304444444,3657.7598875000003,0.05445255598807522
11683,material_r_cable,3,True,0.8262547631067638,1.285985760011482,21.317830153418303,1282.5324236507652,7166.080769874419,1.8220733179649813,0.5488253354792934,13057.12456517013,0.3738284869404075,0.07918636,5530.48864109,4528.71501397,78.12201486,541.17544721,280.42913828,0.9888432390741054,0.9326967119586684,,,,,,,1.266259236789215,0.05928548169056956,1.3002079937554831,0.056193816249986074,4435.799334782609,4778.141688,-0.01322781626129044
11684,material_r_cable,3,True,1.333986772631476,1.100580442617531,66.3172399128366,217.55109284078867,13402.498524760202,2.9153711921174565,0.3430094948814021,39073.2581014826,0.3385877661578132,0.00554171,14292.3952787,7817.80645044,440.16289872,2784.56177494,473.5678288,0.9763406103937616,0.9340193041181202,,,,,,,,0.05757769210925828,,0.0544052038028231,7250.866791111113,8065.975538,
11685,material_r_cable,3,True,1.3161481075697647,1.0228819825375364,61.81338272049417,1155.5122646987684,11207.73627934544,2.483101533743032,0.4027221546968312,27829.94714503008,0.3727249478764685,0.04414669,7561.95033467,4764.48341656,1291.23503719,1154.20714432,305.85141729,0.9405505625106318,0.9403664836976608,,,,,,,1.0309660464279515,0.05923472895455393,0.8416602421379369,0.05556561929532279,4341.303474468086,5085.703557446809,0.10109107484280301
11686,material_r_cable,3,True,1.272504703670489,1.3871306382757411,41.09141631550008,1288.5178767069915,7762.556308747016,4.2521107233859965,0.2351773189959857,33007.248921310806,0.3140380725555801,0.02394666,21415.36789555,16780.04370552,530.86435642,1100.388049,855.80697311,0.9751551099861768,0.953599691535855,,,,,,,0.856153423918204,0.054936168066222854,0.6189853115374151,0.05480261940304012,16230.230656521737,16623.99860425532,0.16077681826146065
11687,material_r_cable,3,True,1.2973493038485526,1.2505220476011292,26.481006910480644,1426.2416229015248,6806.249356068119,4.862129078665952,0.2056712160085999,33092.86291079021,0.2404777412966596,0.04556487,13600.51869271,10135.05250592,594.11816601,394.8785285,479.96888495,0.9683463089058152,0.9685961490275888,,,,,,,0.916849297635279,0.05457337349216146,0.713641917410917,0.05525172844784994,9294.409221739132,10111.55164375,0.12462954620617482
11688,material_r_cable,3,True,0.8578712824227449,1.2827778215282812,77.75979591480353,773.415593938487,2892.493831727524,3.0925392451548297,0.3233588713762416,8945.150690985636,0.4937117542369531,0.0577312,4709.61237141,3266.03912681,344.74505558,360.95076259,208.55108574,0.9362790534498512,0.9512785903259322,,,,,,,1.1433382328941197,0.05747550850585292,0.87255127508397,0.05758790180205715,3266.0046415094344,3134.522670212766,0.13432628958009976
11689,material_r_cable,3,True,1.2406872684439172,1.176737526392642,57.380961694913175,1867.5299769734645,15847.410649379117,4.200294220007734,0.2380785601248092,66563.78735267611,0.2538702451444303,0.03510827,22526.41979872,14411.72004683,2155.6364958,924.28419084,715.48197274,0.9440647285587248,0.9664217916069407,,,,,,,0.9039893847363053,0.056457882404179024,0.6880405647224043,0.0571199396148962,14086.924152000001,13971.797318749997,0.13564369193388834
11690,material_r_cable,3,True,0.8953719045990693,1.1907794399300444,72.56244154244422,1120.7045402832805,8348.103608407762,2.783788897311285,0.3592226411154406,23239.358138689804,0.2034062612074659,0.0623296,8328.03908771,5197.75306921,739.39021514,808.98085762,267.78079432,0.9302845359271747,0.9420849306778292,,,,,,,1.7119226207981335,0.05551013918419856,1.2278516939505082,0.06006575656420187,5808.835594339623,5021.710268085107,0.16466261522834436
11691,material_r_cable,3,True,1.385111856728694,1.2668211497420936,87.1643475834325,1091.9630201907603,17640.06147720417,2.8772447075223355,0.3475547274048595,50754.77352565433,0.442072591782173,0.01234266,28761.45532815,23263.07563932,1686.69961971,1442.88033661,1280.3451606,0.9580127419232676,0.9647450344853844,,,,,,,,0.05476071191433947,,0.055368150456133296,22226.700378260874,22261.866943749996,
11693,material_r_cable,3,True,0.8968641993456566,1.3046007855885091,75.37436142010911,1977.707016756941,1463.1232569416024,1.6363582804514831,0.6111131113194187,2394.1938568175347,0.1715123433573517,0.42181553,2283.67973619,1905.11812366,21.64934629,16.24898764,123.53323262,0.9857400159440352,0.9894078246952428,,,,,,,,0.05850243698414804,,0.10661303934010466,2140.104884848485,1791.4956189189188,
11694,material_r_cable,3,True,1.0627312400302291,1.005101032613357,13.704758381401025,476.3888410520044,15313.217152138688,1.6845770381751857,0.5936208183647379,25796.293995083244,0.353042686658051,0.0599208,3965.46014642,1480.27153548,537.22236917,605.62642707,75.52445886,0.9499959004983272,0.9407925908444968,,,,,,,1.4398200108146009,0.05652880795492653,1.3558134667353012,0.05742539989932908,1904.5056044444445,2066.510695744681,0.030049198063303743
11695,material_r_cable,3,True,0.8447499009797065,1.1876704759245291,89.97934422009442,1870.1869005759968,10281.802162658065,3.751714758599908,0.2665447840104953,38574.38891864872,0.4404595984037667,0.05844874,16161.99187215,8530.51531241,393.16709415,2083.76023499,489.0143407,0.9540388519718512,0.9363057754480596,,,,,,,0.9565312287743977,0.05526277186541605,1.3227492957852918,0.05831130544184412,8447.747612244897,7828.40159574468,-0.1606726609843867
11696,material_r_cable,3,True,1.288553708036947,0.955197348522746,47.757493307892,1845.6954197252985,5831.422877283092,4.531777412918208,0.2206639710832701,26426.710480446025,0.1900442971005371,0.18427526,4069.16353023,2365.3788927,487.94326024,62.55561944,129.87986757,0.9413828248735776,0.9816491896035662,,,,,,,1.52572242428993,0.05417592513532781,1.3977279021185824,0.05762106085734088,2529.8360613636364,2479.0198800000003,0.04378200683457146
11697,material_r_cable,3,True,1.0841222621704136,1.3111632342493054,80.31319745771289,1409.1804692590922,19944.826411382102,4.756812683452044,0.2102248010477248,94873.8032429117,0.4527133933177735,0.00899013,62446.5471655,41065.96258924,3604.88441831,6147.00748827,2258.72699359,0.9391561100039856,0.9373631225867248,,,,,,,,0.05728230556534845,,0.05627078086242104,40421.56225,38627.229289361705,
11698,material_r_cable,3,True,1.2180455222349564,1.3402264138443285,5.981018579169814,1109.6461550822885,12995.619609430876,2.7319230721023064,0.3660425178921551,35503.033047269375,0.2106343586968835,0.02290204,17505.97747843,14199.56455427,897.29486586,804.95764252,749.50159843,0.9690077529824906,0.959562695668128,,,,,,,0.8426687260103457,0.05526820702222818,0.6040970253914597,0.05479143788866695,12897.801044444444,14380.550360416668,0.1649000195005503
11699,material_r_cable,3,True,0.8651428845205598,1.3449525237478075,54.923652705644,835.4281070088812,5966.381690545532,1.3009264473652684,0.7686829659165384,7761.823736306584,0.1857796177574603,0.0807422,4456.27824904,3345.08988756,46.72585163,259.75837668,198.45247084,0.9857783134727176,0.9554805424137316,,,,,,,1.105019592152576,0.05410183096502628,0.9089361367204912,0.05474377713446741,3378.9762311111112,3345.3357382978716,0.09736234646121324
11700,material_r_cable,3,True,0.9757205270345272,1.2153349470628607,40.20472088312158,765.7412757981206,14406.082647194577,1.7394981242125978,0.5748784583787123,25059.35374204662,0.3843285573938513,0.0347342,9798.10787522,6278.81448641,756.94980961,128.43689863,350.92349608,0.9556108017005692,0.9862858930267664,,,,,,,0.8544962895408668,0.05470630001545634,0.708764178292459,0.05707222237513205,5826.580545652173,6217.224545833334,0.09322317953219406
11701,material_r_cable,3,True,1.1743174169464077,1.1158755184599964,40.31537717965256,1097.3765613156788,1130.7717521674858,3.685437483420543,0.2713382073359378,4167.388600631177,0.2892213610653829,0.27518965,1809.2598352,1317.32750438,20.78819678,139.39660577,44.4031169,0.9793517925367164,0.933089995440006,,,,,,,1.8447589494624128,0.05605635769754261,1.2655437940161582,0.05444418512528198,1361.8568166666666,1370.6139454545455,0.1862246871822062
11702,material_r_cable,3,True,1.151232420019919,1.1577993453179212,86.01788849451202,371.4920924227,14939.318975944912,3.996546453007784,0.2502160332072218,59705.68226366452,0.249297667113645,0.00833239,20604.51544714,11045.07174593,1379.46145336,2647.22111392,547.2920909,0.9470175009213282,0.941644165963344,,,,,,,,0.05710885099591848,,0.056176311986855916,11299.491016326529,10520.751014893616,
11703,material_r_cable,3,True,1.2857164471232954,0.8059238961892305,78.43622359697125,1404.007619186749,1091.5393737295212,2.605548010326305,0.3837964205751731,2844.058243413775,0.2886798038683639,0.44731369,1366.81043253,1007.67790751,47.58583929,46.939064,63.13323321,0.9678080419267496,0.9654401398591616,,,,,,,2.2209570138768555,0.08354736993697331,1.5542861144293045,0.05420706507055369,982.1677026315791,1113.8562894736842,0.1765901895030179
11705,material_r_cable,3,True,1.0020156641448514,1.3785016414846454,16.82765688507899,871.7817611798365,16165.501709404429,1.0252733553270663,0.9753496419313424,16574.058178146504,0.3156917158105365,0.03059652,10109.22996747,7427.74924508,798.62722308,137.36498548,469.98586186,0.9594622574396904,0.9861591575993564,,,,,,,0.8607285574950364,0.05463898796563607,0.6720043350368171,0.056075489878172395,6705.34183111111,7390.551627083333,0.12312923104721404
11706,material_r_cable,3,True,0.8749011192246481,1.109928020352431,70.90926292730347,1152.010452169122,11629.151250563353,3.630812914887584,0.2754204150535147,42223.27254972652,0.477470467259096,0.05982597,11452.51799969,5420.57729358,518.6396242,1453.00181116,269.35202017,0.9447998624528492,0.9342735054284922,,,,,,,1.2411850355207903,0.05537537672903572,1.432207972715457,0.059640929711911456,5601.964538,5506.541115217392,-0.07145336903558855
11707,material_r_cable,3,True,1.0327275056243357,1.1499966970493698,20.504879971438445,523.4425142506122,13228.236523517307,1.4349778025953828,0.6968748911595307,18982.22577872885,0.4559969385958001,0.02929014,6486.853808,3802.12064917,704.51587177,811.12085157,217.82557635,0.9533404216128532,0.9418291330056298,,,,,,,0.8811842509318876,0.057345177236178255,0.733388765616047,0.05513041769002895,3174.003480434783,4004.1619234042555,0.09153843387760634
11708,material_r_cable,3,True,0.8073735456789901,1.381135556620566,58.37367613268479,1542.1088118742057,17672.94018496344,3.214338310486184,0.3111060204016749,56806.80869545878,0.1551958651806274,0.01621883,32408.16502725,26120.89067166,1608.91427263,1330.2159461,1724.83018216,0.9503063975861328,0.9618117913006924,,,,,,,,0.054194773400052576,,0.05717391274825694,26305.150943137258,25789.678872340428,
11709,material_r_cable,3,True,0.9199224314941626,1.0291915176170023,23.2329209491198,1361.119459858543,3826.114921520479,4.84157243082353,0.2065444675852767,18524.41252119608,0.4450927552885907,0.2000846,3283.80440415,2196.98292569,136.05532379,239.74135368,95.0860936,0.9671682416728636,0.934233939598712,,,,,,,1.6763184379652663,0.05781915997203225,1.3096752748231708,0.05500902062823364,1955.8087,2377.830659574468,0.122787654097138
11710,material_r_cable,3,True,1.0307370372289175,1.187221017332526,17.244917985661576,635.2016811809827,12476.777784791191,4.4564317420261705,0.2243947754364881,55601.90855835044,0.2076402125797106,0.01328646,23016.06333465,11731.72313098,3509.69450947,2241.94644588,576.31884356,0.9350548595157392,0.9311149724703248,,,,,,,,0.06012511104069848,,0.05660892872637028,9437.378414893616,12386.17348235294,
11711,material_r_cable,3,True,1.3537978271752753,1.2547612893644602,86.92516796937102,1625.8824866631248,2735.513692140464,2.833156336509055,0.352963225895319,7750.1379504950355,0.1754416009830759,0.16787437,3855.35749398,2827.46829641,52.20222685,242.19143663,130.11935339,0.9817511118162218,0.9554146334181096,,,,,,,1.4682378616242933,0.05408384688069518,1.1657971798708577,0.05420868921599076,2947.6504955555556,2687.2025377777777,0.11482029547403508
11712,material_r_cable,3,True,0.936224097276502,1.101137881818778,59.72617304081287,1709.5865969978206,18778.28218582825,4.586864612772194,0.2180138470220997,86133.4380468261,0.1778528837308082,0.06145409,15564.30129313,9985.19098015,878.23861565,800.19130701,453.4430758,0.9534473566521028,0.9624039152633392,,,,,,,1.0864833960790492,0.054000966894784064,0.9094248232888885,0.05758837076331541,10572.589073469388,9838.307579166667,0.08871077891859748
11713,material_r_cable,3,True,1.182120686177087,0.9725556985997844,24.64297078549072,1608.4003478580096,1353.5631137528817,3.780173600779289,0.2645381153378375,5116.703549597256,0.3255813670130849,0.37709259,2113.6404526,1459.07553985,72.60482955,79.06135872,31.7479223,0.9653109244308063,0.9599319049559476,,,,,,,1.7635148731486996,0.0543891684766831,1.6388450166387611,0.05489686554977209,1387.3106621621623,1654.8606048780487,0.0366421720653797
11714,material_r_cable,3,True,1.0554695580003526,0.8960243839303889,29.849082658858432,1179.0764618862129,1298.6376801375482,3.8093682082299134,0.2625107223396151,4946.989092725425,0.2265244595884808,0.42549399,1458.23385831,1005.21091305,4.3736464,116.43941059,18.87391659,0.989699061483116,0.9363813807202904,,,,,,,2.168829808865233,0.055051801501813505,1.4987753604376968,0.05455421198974071,1050.6947194444444,1121.227128205128,0.18269536045912158
11715,material_r_cable,3,True,0.964261070201412,0.9929743018664272,54.621361137374365,546.9569242504386,1188.505078257038,2.5380084805539225,0.3940097157523087,3016.435967797765,0.4891526306333464,0.28989416,841.88565352,568.06708849,46.07551093,35.47117852,19.18785505,0.9572666000030404,0.9631858798764292,,,,,,,1.4095332354457668,0.056102513289825094,1.5719384057293995,0.057063554634669875,574.8775268292683,580.9447976190476,-0.05447147913156726
11716,material_r_cable,3,True,1.392755437048028,0.9952308455228406,63.34995515246464,1126.5885835993104,6558.498996141105,3.514445815358453,0.2845398826836105,23049.48935202072,0.3663193552204838,0.05888192,5773.71792336,3404.73055797,1234.00897484,542.81292367,227.75744509,0.932889084479532,0.9490304565763324,,,,,,,1.2322395067898835,0.05853197776324693,0.8483797478442949,0.05700222853376047,3212.974464583333,3604.647714893618,0.18449303402850614
11717,material_r_cable,3,True,1.3242764565969645,1.260049962752952,57.48087348283962,1041.2634195226588,13802.505201189864,1.411132622198716,0.7086506145977113,19477.165357466467,0.2078540923659583,0.03254212,9691.61620771,7102.73856838,1160.049093,445.84107094,431.19520345,0.9501457715024528,0.9713161525003972,,,,,,,0.849562483963322,0.055693181321936715,0.6758286001408523,0.05663931658797466,6769.030117391304,7020.9910375,0.1138946501214798
11718,material_r_cable,3,True,1.3837588768433255,1.2289351150524188,48.02705228978691,589.3843284156096,10766.655408065237,4.827862170211172,0.2071310167407409,51979.92834429768,0.4688277189565077,0.00744288,30933.39086534,20702.63256666,2629.84204826,2481.94213253,1031.45766667,0.9434925870879748,0.9427445423405494,,,,,,,,0.057875969292821086,,0.055820802299884995,18953.167999999998,19920.310506382975,
11719,material_r_cable,3,True,1.3571631081542987,0.8411091721713958,83.33247712677283,1287.4528622899604,2911.100105236992,2.787132261929389,0.3587917278485202,8113.62102101206,0.4614070807509114,0.19186571,2141.70997833,1534.57286965,283.13784618,133.49911737,102.73836714,0.9341874503039816,0.9473391814331398,,,,,,,1.6627213014680948,0.05673624866557763,1.0763772555152622,0.05482318651528932,1336.396959090909,1664.9630933333333,0.2140646032826906
11720,material_r_cable,3,True,1.2219010984859346,1.1300868831438815,60.39961373963213,624.8991487623969,12599.182953879945,3.9049880679311975,0.2560827287059508,49199.659100583325,0.2694546702959429,0.01878516,14806.053579,8156.03968916,864.38936877,1453.91005439,424.32387648,0.95876867682142,0.9475107677409802,,,,,,,,0.055694656961869815,,0.055041348684071796,7890.088489583333,8116.783104255319,
11721,material_r_cable,3,True,0.916923402446942,1.0879776470128424,26.39270498779514,1169.1781213632753,9114.63443215633,3.27932832316424,0.3049404943494938,29889.87884865826,0.1380347012590732,0.12293886,5900.64101782,3748.12757646,354.46472231,136.94217825,169.8609055,0.960948516971576,0.969797487406832,,,,,,,1.7744463567110706,0.056903728803400284,0.9675596063199228,0.055628162236889996,3294.0208749999993,3921.320736956522,0.2942687803272394
11722,material_r_cable,3,True,1.1315053143474636,1.0508720334747768,41.37892155952339,1000.5643139251762,9892.396591248204,1.66717358874743,0.5998175635395673,16492.34232634411,0.196792695098044,0.10286713,3775.87118027,1916.39882812,716.25157917,191.70282577,105.07566043,0.9316570688376096,0.962997277233528,,,,,,,1.6397269291690995,0.057214500394696395,0.9931100943121443,0.05876974970704524,2186.3825177777776,2056.3317895833334,0.24559698495958257
11723,material_r_cable,3,True,1.3922471414855369,1.2940897572230718,55.13673179289003,1223.5968629110796,14431.293749797462,2.7425584108773644,0.3646230454140419,39578.66605334897,0.3028801481884622,0.02070269,21400.12575591,16113.62052539,413.22826407,1298.42158385,880.91095522,0.9832020008949682,0.9588416343292544,,,,,,,0.8466792545554233,0.054429216212859094,0.6122964895853693,0.05436808717186564,15732.867106666667,15713.177042553196,0.16064884280038844
11725,material_r_cable,3,True,0.8656246322488764,1.2085580547037968,83.22322217473982,380.10935835758926,2209.362888816654,4.312151170546484,0.2319028161235054,9527.106767172696,0.4546637098472909,0.04657627,3649.11217905,2387.03275474,81.4410726,241.65985157,138.59125105,0.9630314867788284,0.9575895468223464,,,,,,,0.8373748954211104,0.05397704756748438,0.8047317190565828,0.055360511088767494,2370.3564653061226,2278.1504744680847,0.019878841042797017
11726,material_r_cable,3,True,1.062410505098151,1.3620081775112245,46.726207518594165,766.344443514011,10317.033034242211,2.2904621828675693,0.4365931066139843,23630.77400432724,0.2515357284040999,0.02031985,15320.69678221,10150.87022403,1738.76557889,158.91047623,578.51756093,0.9392047297272674,0.9863385381200124,,,,,,,0.8644639260230016,0.05804316340533706,0.6480866454071005,0.05859147188950012,9768.49557254902,10037.100806249999,0.14305457596126422
11727,material_r_cable,3,True,1.1924977189841992,0.9833341040860798,15.809339351929651,1345.5809205761436,7060.174551766087,1.6515711006380578,0.6054840748991467,11660.380255157124,0.2186497555596624,0.16899556,3164.09715529,1921.64115004,414.07257521,90.93981952,98.18366216,0.9322311132230904,0.9723378338089972,,,,,,,1.739714572994691,0.054651097417117975,1.425790472713368,0.058809391491770016,2204.686138636363,1913.8302666666666,0.0991703048165904
11728,material_r_cable,3,True,0.866915526521649,1.035882172762589,53.270369718905016,456.9702861523716,5466.529653899662,1.473182391605628,0.6788025744117778,8053.195229314989,0.1904550538694189,0.20670875,1525.60123566,1021.41749039,9.96409113,91.66742005,46.67642254,0.9892870552725592,0.9556972751870072,,,,,,,2.3490475891021982,0.054979237273454204,2.059465878817756,0.05657336934923855,1046.2372279069768,1036.0659355555556,0.06568692880075838
11729,material_r_cable,3,True,1.3311196141387742,1.0908307158282182,31.27973332558149,1341.0128280744948,17332.971935120026,3.478327502141374,0.2874944925066334,60289.75297577258,0.1516777343238967,0.02924701,18305.90499299,8273.21421418,4128.49374902,925.8723206,495.43497395,0.9307649920275816,0.961460346342766,,,,,,,1.1298572881843478,0.057394731376096596,0.6894396179122158,0.060185480535760685,9477.870642857144,8785.232810416666,0.24208125061735022
11730,material_r_cable,3,True,1.0845971298956605,1.0266203508624068,15.418779870542105,1363.1044862444205,9492.805634704366,1.3835070920675538,0.7228007761821954,13133.363919232326,0.365387888376082,0.17041755,2617.74805147,1908.89500772,206.85405202,104.93473177,96.78842135,0.9646761413360794,0.976222412600352,,,,,,,1.1893746161511634,0.05406496712188216,1.2601060605627865,0.05611111835577369,1819.0931000000003,1975.5774043478257,-0.028876098139509088
11732,material_r_cable,3,True,0.9614998301267428,0.9926695405671968,61.07153580267333,546.3356464256918,4388.895424630132,1.8764993934175425,0.532907179990486,8235.75960209147,0.4471380530412633,0.19749466,1351.67841283,668.58799042,69.46910276,156.62861451,26.29039971,0.9641873178768908,0.9402381622944338,,,,,,,1.27620168724952,0.0555140956962529,1.7248294922122107,0.0556316010760464,672.2634499999999,723.7358444444445,-0.14949121756314346
11733,material_r_cable,3,True,1.1964374293774047,1.3850481798157706,15.90697776867607,492.08953335912565,5873.31594539335,3.113483876982743,0.3211836127987576,18286.47450040785,0.4700505288566258,0.01355275,12773.24210607,10649.74628752,486.45299087,230.16648405,599.55077814,0.9715502984044015,0.9773670435476396,,,,,,,,0.0542978160600041,,0.05521991790948635,9981.367444444444,10546.461393750002,
11735,material_r_cable,3,True,1.148343754632797,1.31965779937845,30.67477049522396,783.4532638917733,1901.460911657148,2.355671370144149,0.4245074303122373,4479.217031038936,0.305298969064963,0.1156435,2507.81342834,1936.93918819,24.07568363,193.45597816,101.57536054,0.9881802280468466,0.9426962276808708,,,,,,,1.3496052311137212,0.05557115899830713,0.9353871956782294,0.05460280153158645,1913.6501999999998,1980.5650489361701,0.18127764038896158
11736,material_r_cable,3,True,1.368601943741442,1.0956557133836524,66.57480190646683,958.696197226173,1504.2222288231533,3.8977881151200218,0.2565557620027808,5863.139526006236,0.4651171487757601,0.15121912,2347.12549086,1716.85420318,62.94054675,154.79429415,83.37148718,0.972976472649701,0.9523946461167812,,,,,,,1.36328423704604,0.054699157675058376,1.0524095799106796,0.05442002412923813,1705.3036022222223,1656.6117195652178,0.12868959424957213
11737,material_r_cable,3,True,0.9556756815550416,1.053955043864769,52.09965134535796,1101.290576789861,2255.3218412374326,4.221658130150529,0.2368737517749556,9521.19778716607,0.3401144615540078,0.24205062,2126.24789462,1659.82647689,45.05185113,59.52887938,70.3286292,0.9789592280931664,0.9733630288399456,,,,,,,1.5459521591755336,0.05602642339296438,1.5235401386120542,0.05729945836661152,1739.2574926829268,1690.7436023255814,0.007301539925554945
11738,material_r_cable,3,True,1.0596302032364864,1.0419284636471262,43.58083260169884,1726.3100492414328,2048.084942905123,1.2684290657223505,0.7883767622673609,2597.8504706491585,0.4925732614067893,0.36126583,1981.17962162,1382.30215274,145.69912385,137.17730147,33.47327919,0.9368864668477584,0.9365478178706,,,,,,,1.5057649494726586,0.055302822153910094,1.534510847530116,0.05477513151088177,1329.0284692307691,1439.1500860465117,-0.009455029733090717
11739,material_r_cable,3,True,1.1787703437012893,1.0381958477612745,3.3152065080095685,1888.297328118974,1147.1575328842289,4.61692012312546,0.2165946070825765,5296.334697968154,0.3390953616671193,0.36297005,2756.5662518,1886.27547335,149.39062905,155.02053596,44.48202632,0.939896994344744,0.9307628249712496,,,,,,,1.7669060661077172,0.055163269754034155,1.3284122913715286,0.05418112987838314,1597.4972794871794,2145.5122395348835,0.14166354607003576
11740,material_r_cable,3,True,1.0316819544858071,1.383312727053204,35.38866836688806,1755.958989717113,7204.824840077814,1.6454489994213743,0.6077368550174768,11855.171824112302,0.3116548890278673,0.07957189,7612.9647576,5731.32449847,181.92157932,690.34223943,342.66924155,0.977923556865459,0.940483721545318,,,,,,,1.1268279270723474,0.05612425468460564,0.8843721285695689,0.054887123967653884,5581.373904347826,5841.105491489361,0.1205528002162836
11742,material_r_cable,3,True,0.9059663960889904,1.3693844321561617,79.51097444017755,681.8278225907897,11024.082564582332,2.353425709037739,0.4249124993237525,25944.359326042748,0.1976259363156648,0.01905002,12629.01332333,11295.30243194,215.73606277,268.42333189,684.73113351,0.9770083401239956,0.9832689547840578,,,,,,,,0.05342221877630771,,0.05634642615780342,11426.217519148937,11146.392185416667,
11743,material_r_cable,3,True,1.1959300218471478,1.2495459992983753,46.885182383554586,1655.0056529861831,13841.925961755393,4.719633164264712,0.2118808740415725,65328.81282639747,0.2611643546483713,0.02658495,26637.69451051,19560.5959539,1319.61662189,1189.88553794,950.74417136,0.9599988906786722,0.9598987372431796,,,,,,,0.8294638967393692,0.05479037524914792,0.6386754218133508,0.05547245832180597,18689.707320833335,19308.969642553187,0.12995256820319756
11744,material_r_cable,3,True,1.3616700551613252,1.0939409553534842,75.80281148517189,413.142821968948,15002.658452598816,4.24214672744713,0.2357297057949212,63643.47845769909,0.1219289098130891,0.0093246,18387.98965053,8165.50526556,1084.30194244,3679.03331247,481.79476938,0.960123898228484,0.9336231394419522,,,,,,,,0.058478207289464644,,0.05480390579519219,7783.395282978722,9892.70285510204,
11745,material_r_cable,3,True,1.007491675804311,1.3018495401668355,58.023307466860494,1568.4179992402342,19729.17503417833,4.267174495056915,0.2343471074731998,84187.83251435941,0.4771996656596812,0.01245071,47002.00797576,34740.68683287,2392.48211985,2627.67619084,2004.45032446,0.9508324153648812,0.9524466532827258,,,,,,,,0.054914457763488696,,0.05584285634737644,33735.289992000005,33893.78251276596,
11746,material_r_cable,3,True,1.3506650675782588,1.194392586236054,49.56651936866268,1319.2964007048172,17528.77638873306,3.7880858236521258,0.2639855712233815,66400.5093441278,0.4822356297072182,0.01603207,30573.16928699,23756.95665607,1380.74131171,558.02395772,1251.20031575,0.9657631763997372,0.982246472075674,,,,,,,,0.05405030384295723,,0.05579927498268812,22124.58832826087,23320.54118125,
11747,material_r_cable,3,True,1.0930549440644608,1.0898260677588238,51.19371414074152,674.6283436001506,1790.6592321297817,4.0356718105223495,0.2477902185684833,7226.512985357756,0.3564229581681843,0.16419576,1914.20428839,1252.82415374,32.97205177,130.32799998,54.80202425,0.9792700491597256,0.9485482370878426,,,,,,,1.4150451659649639,0.05511451214628313,1.1096020978983274,0.055048520875006425,1277.0518454545456,1248.105443478261,0.12098445293273893
11748,material_r_cable,3,True,1.2106330368988218,1.1662066631658623,87.85039260563764,1812.9706305373231,2679.7087537564767,3.589236677630053,0.2786107715416228,9618.108944349067,0.1866609896789522,0.22280429,3694.4063291,2765.04629219,21.58571427,149.3994327,109.81626743,0.989299608325472,0.9670467063960716,,,,,,,1.6615506421498392,0.053453331007566766,1.4928555236176784,0.05457474750981138,3028.30590952381,2607.9608533333335,0.053479200098860626
11749,material_r_cable,3,True,1.0952875361451393,1.026273072108775,4.832559851526033,752.9132635916163,15255.42417904298,3.4705634263034493,0.2881376529300649,52944.917208531886,0.1493816917834123,0.06730725,5493.21265589,2330.1132427,298.77075096,627.01998422,128.33108677,0.9782269122690722,0.9504620369199248,,,,,,,0.9791831160190915,0.055768588387393084,0.9776156644885033,0.05455298318783537,2114.300333333333,3000.121155319149,0.0008010284686407708
11750,material_r_cable,3,True,1.309009824958419,0.93767715576722,82.14798502817906,824.0470828531166,11019.253345731428,1.5341513197394474,0.651826183723412,16905.20206289719,0.3463520005021381,0.04549746,6917.51627514,3996.90255208,1106.48974093,638.51905484,241.10717472,0.9389532802392656,0.94173711878872,,,,,,,1.1573459284406429,0.05923674670233569,0.9107669094670451,0.05506966788868473,3417.7600086956522,4483.556763829789,0.11922899681966197
11751,material_r_cable,3,True,0.8673141949131462,1.202668990784105,5.776267427099307,743.3007295409433,14520.90609277979,3.312235848664168,0.3019108679725515,48096.66571559115,0.1839550895687919,0.0264304,12997.19377917,10968.06712759,243.03767856,401.76325067,577.15682916,0.975486990073118,0.9597864756908068,,,,,,,0.9326412193713451,0.05822324008411502,0.9212245596770785,0.05502022243880701,10577.369977777778,11304.933762499999,0.006158298957396328
11752,material_r_cable,3,True,1.1911914846136429,1.0530740866411763,79.82772506288252,1823.076056589057,8141.83393592109,4.451360950772857,0.2246503959258521,36242.24165003642,0.3902695832962326,0.11025992,6585.20201379,4449.8717408,231.42337497,365.82949929,224.64147069,0.9731060645935552,0.9684476346144636,,,,,,,1.1382274726202408,0.05442415293148612,0.9703796390137905,0.05510945057757204,4415.629633333334,4221.848195833333,0.0796012840326519
11753,material_r_cable,3,True,0.9738287065591716,0.9305182339297208,63.8282316515942,1921.7104791675563,6435.296845530561,3.969615980381668,0.2519135364584693,25545.65719651785,0.1231470318661235,0.31090478,3036.84020605,2126.46618651,41.01530294,98.72775103,53.29368364,0.9893907908824814,0.978265246417568,,,,,,,1.752592622302352,0.054874342487206,1.747368547873627,0.05762948484417387,2445.060069230769,2099.616473809524,0.0014926092532799187
11755,material_r_cable,3,True,1.138574588078478,0.8658917943115237,5.31706189077825,1110.7734054096222,12753.02402961904,1.3432751764056987,0.7444491028828317,17130.82060309263,0.1227754303540046,0.17339816,4159.83479556,2977.87420015,188.53807608,142.34016527,145.23654712,0.9506627637313269,0.9454011391045232,,,,,,,3.8346405162175667,0.05408529618773961,3.733067689861238,0.07061241013054323,3147.276604444445,2750.2659434782604,0.013421874045664146
11756,material_r_cable,3,True,1.2089766999101672,1.2007011218648174,74.65603691031158,889.0987964083574,11094.020375248709,2.0057546928463004,0.4985654544728662,22251.88343018757,0.4867957679577004,0.02716056,10996.08183364,7809.07644571,536.07762144,1024.80518161,453.53817119,0.9649625840907168,0.951044076673536,,,,,,,0.8381123744212127,0.05504612252494944,0.6444069066337531,0.054564867585355954,7346.824960869565,7414.279982978724,0.13065966174120722
11757,material_r_cable,3,True,0.8635114254508367,1.1612738421787974,64.35292621999997,985.498229296894,16642.742271808864,1.2247132029051049,0.8165176937979688,20382.58619283121,0.4219510762143256,0.08118493,6696.32319733,4004.45767118,746.71842354,204.70695193,198.81171047,0.930321038755031,0.964491660611118,,,,,,,2.4838640719915848,0.058685583546411256,1.3207564859936545,0.06476112634488408,4565.624676000001,3957.5597083333328,0.3057092207412823
11758,material_r_cable,3,True,1.374547687716687,1.0150059252036912,83.28822793866951,436.598039227317,14911.24921731348,4.511911429873944,0.2216355563584142,67278.2357772956,0.1175079041885545,0.01456706,16345.46241284,6275.61190276,923.71827959,1538.41312146,389.79058057,0.9622320751087222,0.950810823243632,,,,,,,,0.057487794233912065,,0.054074746283858374,5737.483658695653,8146.813299999998,
11759,material_r_cable,3,True,1.029822301765112,0.9738777006208796,42.176685471142505,784.4082667913708,9078.103092914876,3.4951991980924144,0.2861067262048392,31729.778650556334,0.4229508950781492,0.13662141,3269.8719051,1097.47863588,370.46133206,367.96776417,46.88498158,0.9452112401759016,0.9397931751166492,,,,,,,2.00295214144224,0.056335727217433046,1.710312164649625,0.056590966496705,1236.6622177777779,1507.8125456521739,0.07880935820068588
11760,material_r_cable,3,True,1.2580023078838838,1.1893780388000057,72.09421749861849,1806.9660534964385,2851.5316217751115,2.454882538597318,0.4073514656108086,7000.175186553813,0.4062113125702052,0.18908475,3293.45623309,2790.87581887,123.54276193,53.36163117,129.05349706,0.9695720674235264,0.9840100033555472,,,,,,,1.3795865302473724,0.05386094663742759,1.4268669735756363,0.05590927446557267,2820.3959044444446,2782.6750630434785,-0.016847043168132833
11761,material_r_cable,3,True,0.8369341713612299,1.1996686391661875,9.95758720254734,914.763442239086,8061.973895298516,2.040213252600629,0.4901448408519624,16448.145983308346,0.2627693882817068,0.0871637,4634.02352108,3971.38351615,155.10494358,115.59828864,212.61594098,0.9525911817107366,0.9663243767270098,,,,,,,2.0045547512022677,0.06167342687918338,1.3435507822582853,0.054723267948959604,3746.041895555556,4069.672806382979,0.1974262645959007
11764,material_r_cable,3,True,1.2532644335356489,1.238860666021415,82.59684009618714,1006.073214520493,13780.036119925104,3.534927620857247,0.2828912235995068,48711.43029673378,0.455379602066023,0.01474211,26274.16674282,18143.96993226,1277.37786689,2179.17724105,957.39719501,0.9560981465341156,0.949153217039722,,,,,,,,0.05534125936561133,,0.054895550923845585,17415.921112765955,17022.40795531915,
11765,material_r_cable,3,True,1.236080342545088,1.1975800578935425,30.74814842221229,1650.138598706947,14575.704741814145,1.8455098903361555,0.5418556710188381,26899.6072596376,0.4325923672538366,0.04559102,11912.74783986,9087.19365617,724.38116993,351.45347776,530.90320299,0.9655571547787708,0.9771314746812292,,,,,,,0.8996075815219261,0.05422695195261234,0.7444753591111876,0.0556675941361201,8252.098919999999,8949.6279,0.09435790529582362
11766,material_r_cable,3,True,0.8769070174081656,1.3346414606494483,85.79082036455264,654.4010683134583,5507.012215528726,2.224018333892217,0.4496365811202269,12247.696132304289,0.168871617113949,0.00176061,9074.53502352,4893.4680367,2875.19103772,10825.87044846,293.69627609,0.9349791605162854,0.934064994550544,,,,,,,,0.06758901503766758,,0.2059045100651858,5261.294514,4803.40929375,
11768,material_r_cable,3,True,1.307188292978528,1.275113543025168,63.480796557023545,420.20203387338415,19241.83237899585,4.260458422948986,0.2347165259525814,81979.02683206538,0.3712367435108977,0.00400052,40106.09565806,31504.27203019,1938.85644823,1650.75873231,1580.69703414,0.9586122056529964,0.9655465338995576,,,,,,,,0.05447984849171159,,0.0555875312216249,30464.033920833335,30612.208646808518,
11769,material_r_cable,3,True,0.8443430514424742,1.1454392186016444,32.67551937774166,255.02095248379723,3589.156394576805,4.346834980644418,0.2300524414781787,15601.470566950056,0.1056771782052933,0.05993667,3047.73535258,2617.32593456,28.12652367,71.16335369,131.72695206,0.9725669063461796,0.9605861046603916,,,,,,,,0.11716732692155137,,0.08000274657332745,2583.198975555555,2670.349363829787,
11771,material_r_cable,3,True,0.8168638806934722,1.1104791770726712,22.27642027139548,1247.0379483947877,1972.1299431960751,3.054612176165735,0.3273738014281204,6024.09213746777,0.1669601885385732,0.2845523,2086.7169742,1732.56528577,75.10110149,75.32405931,95.01617801,0.9621928224725932,0.9456143435119628,,,,,,,2.3020745949738473,0.060509786256610174,1.0739057694415006,0.05542953860880054,1621.313044736842,1874.4659659090905,0.3637961993138076
11772,material_r_cable,3,True,1.3791362820258972,0.8144452312396638,15.5436851413252,726.3604297018559,3935.369664778838,1.8541950416224728,0.5393175893324426,7296.942919384414,0.1392315404703763,0.13410664,3011.82199573,2183.01032281,137.26974583,20.44666389,131.38664438,0.9392756249400962,0.9752873430455998,,,,,,,,0.06974861087132712,,0.10138119580961644,2371.878934,2091.8134583333335,
11773,material_r_cable,3,True,0.9550803486565258,1.1196726625666256,13.646107606128153,368.8899621587288,5096.806949070979,1.02833062896974,0.972449883168292,5241.202695675501,0.319691456393368,0.12825788,1317.69630706,846.39008763,29.48830389,113.25853577,41.27149847,0.984276754406281,0.950065094421627,,,,,,,1.440331109287823,0.05690612575621164,1.2027859721911494,0.05432579468471064,782.3336133333333,949.2789478260873,0.08987310428327824
11774,material_r_cable,3,True,0.9787747336471624,0.9335605696827748,75.17247179372005,797.9931114973305,5979.471952970396,4.765989229525067,0.2098200293456497,28498.098926104125,0.1627454820845093,0.22205829,1961.07032196,920.48988126,207.06565817,174.63233487,23.52362909,0.9446034797516608,0.9510227722515704,,,,,,,1.9732840147303594,0.055330421389988074,1.8981502870463551,0.05875699792787761,1016.689240909091,1064.5236444444445,0.019407207207293487
11775,material_r_cable,3,True,0.8837908946006257,1.1141737315111615,51.38276955966936,1389.7430239218324,17564.365581949427,1.4324416078827975,0.6981087358095088,25159.928075648902,0.235286462709741,0.11051411,8504.80145568,4107.15927147,1598.88448243,346.12359005,188.33523417,0.9461173929223332,0.989487338264033,,,,,,,3.9355055480114003,0.06125161605933269,2.108009480187805,0.06548829749735645,4996.689035416667,4186.4643354166665,0.3023895960043863
11776,material_r_cable,3,True,1.236843153028511,1.0801972696499005,89.87212805049877,228.8182348199207,5098.111449421511,4.4161136176438704,0.2264434492818892,22513.839396056464,0.3472286203655335,0.01664585,6367.17961928,2997.05552183,262.20560635,980.02554964,160.74778176,0.964389238094858,0.9407017147033152,,,,,,,,0.05711539469233859,,0.05460298276423046,2770.401043478261,3096.5580999999997,
11777,material_r_cable,3,True,1.01239377383095,1.2409833980336862,71.23285011413944,1211.1715410751735,7044.905114670923,4.612093844851043,0.2168212602864539,32491.763516933395,0.3668714964266264,0.04197299,11234.63092215,9597.52736135,237.30144202,288.50386651,508.75110041,0.9746671049964516,0.9790860924855036,,,,,,,0.8891413368023308,0.05369089345176017,0.7506531081162169,0.05566508937244287,9532.304895652172,9397.8668375,0.08445462729506498
11778,material_r_cable,3,True,1.367228674250575,0.8540407925913814,36.74890249361459,946.171090096262,6993.446472071772,2.5507108353894137,0.3920475759641846,17838.259693029337,0.2982616302469226,0.09822153,5240.07286267,3454.20927551,377.498017,196.57981338,198.9393438,0.943545891902506,0.9570414768979418,,,,,,,2.1877030621043514,0.05614200334414182,1.6546323849492761,0.05897771285212356,3753.3477000000003,3508.761953191489,0.1387361110191052
11779,material_r_cable,3,True,0.8773412253069431,0.989082871021475,51.18660347023374,1153.400512756913,6692.439265223049,3.9255616001260254,0.2547406210535318,26271.58259073524,0.2851141259521396,0.21000873,3965.8789764,1952.12939697,163.98440087,335.89602417,81.21636654,0.9563601665331642,0.930267844569421,,,,,,,1.5560140765706405,0.05841942105501789,2.1060521535687386,0.056395157095298624,1966.1594738095234,2147.7690222222222,-0.15019883378164997
11780,material_r_cable,3,True,1.3893906010393966,1.1963480111234874,23.328041244725505,1784.2852843312205,3228.210967866813,2.6338345817996585,0.3796745653315537,8502.573684512558,0.4978149068168458,0.10858192,5379.52674401,3986.33754238,162.1774139,674.13495448,212.33381063,0.9705688527905298,0.93246967740679,,,,,,,1.2242430910288005,0.05577936802671455,1.0258040083534248,0.05427663313669598,3762.5574488888888,3914.85929347826,0.0881933017001552
11781,material_r_cable,3,True,1.2953312641486685,0.9980755245550336,72.45442248810211,1381.3391400953894,11947.10388600716,4.357307043303438,0.2294995487033345,52057.19990957687,0.4007052906199319,0.0594292,7644.34313569,4877.18657168,594.04837635,727.94521732,310.34524177,0.9633555251363274,0.9596707104904753,,,,,,,0.9490445083041565,0.055339169091194844,0.776453010302812,0.05478816453437216,4387.840913333333,5098.540406382977,0.10002419368338553
11784,material_r_cable,3,True,0.9892076459406204,1.2179021959349396,67.34686026062849,1030.5528335764125,14151.241707758383,1.9437258925890408,0.5144758341763926,27506.134919655924,0.319114801292235,0.04159942,10586.68887042,6886.91102249,477.32274371,886.0260665,373.77890887,0.961481990633142,0.9523443378713452,,,,,,,0.8530236598406065,0.05461325548512352,0.7472502803620165,0.055401291615297485,6987.4958875,6698.7623851063845,0.06609704552534126
11785,material_r_cable,3,True,0.9004071765698172,1.3845819773112653,55.10918349105347,1952.830001167741,11426.316736444429,4.954112667117984,0.2018524945218377,56607.260482521575,0.1262938721091255,0.02234848,31630.86807023,26039.04736534,1829.72698704,558.35865873,1583.86265136,0.947040274925305,0.977724079526216,,,,,,,0.830600742713496,0.054828644654749535,0.6537093949506965,0.05759851470217278,25859.039180392156,25749.4749375,0.11917411548584271
11787,material_r_cable,3,True,0.8995081001481854,1.367131851512406,50.159582075049904,1871.925771596189,1049.1847774435632,1.856938215345881,0.5385208790125177,1948.2713081941165,0.181452441062158,0.4108944,2197.88380926,1764.70134281,0.0,124.93227586,119.43952516,0.9883195734947678,0.9357395048529804,,,,,,,2.0048004840548526,0.05875558503095177,1.7036829703527763,0.05356086303688625,1895.4820305555554,1767.1297666666667,0.08119694139236089
11788,material_r_cable,3,True,1.1735639526531834,0.9828217808831328,13.441084462459427,1336.7330650208405,12912.404993477456,4.366415508434631,0.2290208062123941,56380.925414708734,0.1068268694377907,0.11924401,5243.76436711,2751.64207323,161.11221467,708.88947811,141.99978657,0.981243726878382,0.9438135901879614,,,,,,,1.0943698964625965,0.05500019422462401,1.4481766394460678,0.05493361555267396,2837.469986666667,3097.6004608695657,-0.1391544807485801
11789,material_r_cable,3,True,0.8568593531115731,1.0629825871158682,54.361722463991285,1266.5937958887732,14656.540439893726,4.821158886533574,0.2074190093160366,70661.51018763233,0.2960764754715316,0.08736534,12546.66354706,5753.68007063,281.33563012,1122.31346705,261.54722842,0.9890016709798288,0.9538758554860182,,,,,,,2.8012000313932037,0.06017875664382235,2.9388197409544543,0.07237668494637821,5737.004095744681,6286.693523404256,-0.023975476569650274
11790,material_r_cable,3,True,1.2401946367042782,0.8632339569191093,89.80215119844611,1326.2391822189795,8306.055587407272,2.1711078823077217,0.4605943390233913,18033.34275670602,0.4864929707168577,0.14946082,3356.44416296,2700.37939112,171.4687235,144.53188598,154.82029352,0.9718024159178472,0.9696916497286744,,,,,,,1.5662004645469245,0.056142180366234785,0.9454349458793077,0.054634201295773885,2450.9054,2870.865563043478,0.24715590331730156
11791,material_r_cable,3,True,1.2854924213809098,1.002226970034156,75.97666518816473,326.6121411476416,5634.669696221112,1.6822301171649254,0.5944489935094655,9478.811063259696,0.3041169223547832,0.04379969,2402.88406213,1821.16171917,193.60214927,140.24473011,112.04035826,0.9664359444045204,0.9693021868056408,,,,,,,0.9124693734210829,0.055060899735414226,0.672212846077565,0.05500839931401984,1639.309502222222,1882.6629666666668,0.15161180228268653
11794,material_r_cable,3,True,1.3296421107436036,0.8176401154226653,14.17195877619784,870.1006385021985,8106.284063263182,1.6936579050202334,0.5904380081927191,13729.272084085227,0.2009065773306974,0.1106167,5206.21823628,3638.92310827,272.05856518,19.04202596,210.7190539,0.9409077052987912,0.9805715775129814,,,,,,,,0.06940003914539697,,0.12639516030027856,4015.559983673469,3494.1669270833336,
11796,material_r_cable,3,True,1.2499919050593655,1.149019617409055,27.875931893279837,1800.440822250238,12722.978156776602,3.598774698061925,0.2778723548708224,45787.13187460218,0.3306015997200299,0.04908724,14133.46914213,9687.69095503,461.63818913,1211.92153402,507.10106372,0.977356070932381,0.9476361003498222,,,,,,,0.9552469934620617,0.05539788871243478,0.7293741347373226,0.05442329754993196,8962.404102222223,9795.136729787233,0.13407932201714956
11799,material_r_cable,3,True,1.0846537366411548,1.0857888315852413,10.075726081669371,1534.927389875825,16769.869194715164,1.679837949412782,0.5952955166595494,28170.6626799709,0.4637156441528022,0.08034916,6991.99004012,4454.97249145,672.07495498,301.37107778,253.33980814,0.9586152479984518,0.9709463379958182,,,,,,,0.981919037965021,0.054626176475595936,0.8457749639422417,0.05609367458647535,3760.4368733333326,4479.282833333334,0.07448953374071818
11800,material_r_cable,3,True,1.2565858549840905,1.365063671332996,81.48010974564806,463.81780949046856,12322.40528222532,4.347635039565883,0.2300101068510689,53573.320976734525,0.3958689209089828,0.00545623,31534.81859571,27477.06011211,706.03656145,741.40247746,1420.88681639,0.9729524122403664,0.9787724551402992,,,,,,,,0.0537700541929022,,0.05543715529971515,27052.434697826084,26931.683768750005,
11801,material_r_cable,3,True,1.258402031556365,1.0445551248205267,44.3558326969888,1189.1229867497996,4899.526498347937,3.2520816918281588,0.3074953505973737,15933.660423904255,0.1088911196012744,0.1642674,2191.61342312,1844.83752459,45.91306001,57.22462928,100.38190109,0.9898505614288252,0.9868811320199466,,,,,,,1.4625671118593773,0.053422618008154614,1.2690843593783157,0.05531851978616936,1873.7231133333332,1902.0136260869565,0.07082995562145997
11802,material_r_cable,3,True,1.0500718011963572,1.1929221800345655,36.64737034532268,769.9703768206311,1113.069290855061,3.986730152838326,0.2508321259937938,4437.506904050244,0.3537425897793738,0.19135799,1717.09845993,1418.45377463,43.20418281,11.48350135,65.92110919,0.97723104868324,0.9895555914150388,,,,,,,1.505237634546654,0.054961844323188715,1.4077965231793845,0.05722142663987159,1382.1346204545453,1475.9510613636362,0.033450040779244974
11803,material_r_cable,3,True,1.0769093920995028,0.9937743617746392,35.02745487308433,1558.8628118249428,17859.81507594719,1.8712389727562937,0.5344052868496117,33419.98201633279,0.1698103939500648,0.14223375,4935.32749793,2305.59365916,631.8716459,402.72603536,110.2590158,0.9441651917683233,0.9535281108960364,,,,,,,1.6827197446995203,0.054834180269743994,1.2701251191169871,0.05703630209688522,2745.4275755555554,2604.2012044444446,0.13972783692037952
11804,material_r_cable,3,True,1.2192890332815411,0.9451222697090124,47.7220498067116,718.6369859675603,8158.452094197381,3.665471808823856,0.2728161754218677,29904.576154920447,0.4775148382455738,0.07162731,4668.8468544,2157.64740008,727.39956489,294.55548451,122.17648439,0.939670934840196,0.9597722022157128,,,,,,,1.5567420257008686,0.05751277452956902,0.9896882342410823,0.0581559396263811,2429.716902173913,2378.783493617022,0.22268577324898461
11805,material_r_cable,3,True,1.2116430773769848,1.0851590208947262,52.4941125546324,377.1046769103463,13704.800544866268,3.763910571638576,0.2656811263091889,51583.64365302026,0.140670684580071,0.0159242,11458.91643882,5172.10675545,473.70078097,1367.31800445,287.06019176,0.9731428922106468,0.9464998909525392,,,,,,,,0.056335565430700583,,0.05451621254411157,4912.675104347826,5859.313336170213,
11806,material_r_cable,3,True,1.0200172462210608,1.298655396118028,9.48576205896726,622.6045929227523,7725.196953620295,3.7433129925914073,0.2671430366574086,28917.83012681441,0.4290228361855637,0.01362001,17276.86261792,11312.0012479,2530.71278307,790.68353456,647.19062419,0.9379977177804952,0.9468759417442724,,,,,,,,0.05940159879048975,,0.05660184788872158,9375.72511521739,11200.236691489363,
11808,material_r_cable,3,True,1.1882417543110952,1.2732211129411644,41.20967200253512,1622.9981864203762,11059.778241397751,4.874051186170643,0.2051681366903456,53905.92525626898,0.3624214807716602,0.02549489,29505.71633346,19367.55602837,2263.26185263,418.47475845,970.00130832,0.9451088555744162,0.9792466586406812,,,,,,,0.828858671267771,0.05641805996889951,0.6600221544932456,0.05705261045465919,17895.039520833332,19075.67059166667,0.11339827463237523
11809,material_r_cable,3,True,1.3540119334221032,1.291078595499905,51.345259046636365,553.5610771454981,10134.972078398016,2.200149876084527,0.4545144905217272,22298.457562407533,0.2146418252666605,0.01708452,11225.71141547,8110.85844939,945.78444515,358.85095763,459.20323266,0.9552332950936224,0.9758625085189658,,,,,,,,0.05487839412709611,,0.056486943729231465,7694.495945652175,7958.2954895833345,
11810,material_r_cable,3,True,1.053091349711697,1.3234477663882651,88.74965557469444,1275.3085535440257,5865.698932026585,4.022263832473668,0.2486162125732578,23593.38866646995,0.1267497017856033,0.04191362,14443.66274907,8855.39737436,262.11246363,1863.56823976,464.10501444,0.9653814769807092,0.9366610910529096,,,,,,,0.830841600028291,0.05496113953761116,0.9465898454783085,0.05571751076269951,9009.179914893615,8162.366674468083,-0.06512107442603908
11812,material_r_cable,3,True,1.362815113328165,1.105304932086898,63.17060730519925,1522.8388620932565,14370.61007403711,4.781204503725312,0.2091523169989575,68708.82560726657,0.4531612949122927,0.02603555,23461.26785715,15269.39948598,2219.51605633,284.68098999,815.33939969,0.9460380033118082,0.988239515236496,,,,,,,0.8342682265348803,0.05627863225499395,0.670666847455136,0.057547865467588465,13864.334364583336,15006.274285416666,0.10870992503749007
11813,material_r_cable,3,True,1.319373141166378,1.1381138061625145,0.9610601525162636,1205.6891659033386,16492.477032051473,2.796034422633677,0.35764938797072,46113.53349611122,0.1235216591199849,0.02586148,15237.15981514,8260.86536011,3939.53069878,1601.78910853,479.16484548,0.9312878758149996,0.9448840346860502,,,,,,,1.0757296970961632,0.05775032935744456,0.7197420357246651,0.05912204025449831,8804.23153877551,9190.909336170213,0.1982697108866277
11814,material_r_cable,3,True,1.3425771573050191,0.9681994873058668,33.045599421198645,449.75617150075664,6130.994967242473,3.4507776087445987,0.2897897556382378,21156.70015228615,0.2303848364284442,0.05326039,3266.61786161,2370.71707526,62.75757976,222.31126734,142.58004314,0.9897736427622128,0.9682348634157252,,,,,,,0.9804280319719971,0.0540119895761083,0.7826081428066248,0.054587803999822486,2360.0038777777777,2359.4902291666667,0.11220410108159683
11815,material_r_cable,3,True,0.9078807408762491,1.0127812863594932,60.46266862269048,1181.0198106106927,16242.952372396425,2.288745224075812,0.436920627722466,37175.9796672132,0.3883383047854291,0.15941441,4855.08956976,2455.19558926,399.92507715,423.66522225,100.26745367,0.9450737051508984,0.9456555273691032,,,,,,,2.3788728483286397,0.05627686244911006,2.178055518465281,0.05987858717215248,2638.8161590909094,2558.224214893617,0.04406857288490712
11816,material_r_cable,3,True,0.8365253707634507,1.317140717552188,73.23710281862938,1994.433626273376,17153.241719511112,2.9196484489012784,0.3425069892836995,50081.43557999931,0.4683680546982125,0.02311573,29089.38800549,19839.29382291,2213.87293432,2897.8227244,1327.78654191,0.9363370082267384,0.9428948239940228,,,,,,,0.9138193884316325,0.05588758337434419,0.6802713197354759,0.057607238531592934,19974.85825,19063.508585106385,0.14650864439495476
11818,material_r_cable,3,True,1.2524808910809089,1.1024270457179597,20.377864388050284,1483.6171095266775,5214.9188063457805,4.367705251895227,0.2289531784604928,22777.22825868365,0.4093115665607049,0.08674522,7383.22325932,4374.2909376,679.34562793,324.84103104,219.67613385,0.947728676362075,0.9566797067409462,,,,,,,1.0296328438402982,0.05583992183864684,0.8487267168186072,0.05612691167173267,3569.8246755555556,4402.978897872341,0.0963107015348176
11820,material_r_cable,3,True,1.3484778427893311,1.1173426441363992,51.87498956823834,1973.6765227043372,12947.484203640504,1.3878190209248185,0.7205550471081001,17968.764850935917,0.3445596611166694,0.07630298,7687.54293499,6369.4745924,170.60543533,347.27925958,396.56243662,0.9858202591250396,0.9726050069054346,,,,,,,1.1087415498882538,0.053888905688013265,0.8515487776377194,0.054571520593753656,6193.506742222223,6278.872835416667,0.13120136779694777
11821,material_r_cable,3,True,1.2913370395737287,1.3456471958570797,3.7722866718196135,815.2741312674269,13389.975367243616,3.593918062410841,0.2782478572505876,48122.47432757306,0.1119227967502331,0.01180896,30067.37283187,18807.46882806,4690.08335825,616.14281392,928.93032914,0.935095882553068,0.9717730069804572,,,,,,,,0.05823687838658275,,0.05779993674656014,15208.24604893617,19065.425097916668,
11822,material_r_cable,3,True,0.8258275505923878,0.8692809259014518,53.03913913686578,1970.7359994666915,1814.8750845197037,3.661639659660196,0.2731016956738995,6645.418586806497,0.4051308227964364,0.49847639,2671.79833954,1795.17927581,156.95891143,17.79009935,74.9275597,0.9427973544357052,0.9865682145219468,,,,,,,,0.055194826940862016,,0.11714666316870201,1896.4386333333334,1920.0504916666662,
11823,material_r_cable,3,True,0.9459530659462936,1.3590594612056426,62.23507815853018,788.8534783361442,17454.45151160609,4.715638310588455,0.2120603689546351,82308.88023843824,0.4336371640382246,0.00536952,58049.44984067,38938.90768149,474.31145255,6096.61433705,2412.73327969,0.9838172244147672,0.9332879450314252,,,,,,,,0.05468265097981094,,0.05499520043951764,39063.69284791666,37865.52769361701,
11824,material_r_cable,3,True,1.1975750767806306,1.2801250364614427,84.489963166612,456.2632339214871,19113.696234051244,3.445483829527158,0.290235000213957,65855.9312969177,0.375572287141921,0.00498819,35711.7135931,24675.16439284,1996.2202292,2886.49028477,1304.03394429,0.949969288562218,0.9493958540524826,,,,,,,,0.05564448538821414,,0.05553844493119661,24279.012920408164,23239.454021276593,
11825,material_r_cable,3,True,1.019374240564226,0.902035393648899,62.78589852542499,554.5584122912726,8042.177008924798,1.65849542192274,0.6029561413203494,13337.913751594093,0.4090936784074849,0.21384813,1471.8391225,882.61078647,36.03485771,60.86966983,36.48121239,0.986455896764378,0.9772205222434672,,,,,,,1.7065013605054966,0.05470208543200121,1.6436152559529362,0.056188000350264916,787.2234976190477,938.9745733333333,0.018771318062068023
11826,material_r_cable,3,True,1.3531163586175643,0.911617812955398,7.574865089826282,574.6937849073186,5915.024331100719,3.168749134518789,0.3155819402383399,18743.228229832985,0.1750416041941904,0.09120527,3536.22563056,2787.57979835,105.78109207,171.60190468,150.31567199,0.973528582624161,0.9522550059796956,,,,,,,1.8074733500243232,0.05246176669448854,2.7540112227034714,0.07748684235561086,2990.1047533333326,2643.6204666666667,-0.20750653818678008
11827,material_r_cable,3,True,1.1993902058389794,1.241882504514347,36.35994612983483,989.9827490146362,17511.12781365157,1.9907357289591188,0.5023268460263496,34860.02779300595,0.3520757467865893,0.01849528,18590.00784042,11545.74889948,2213.20715967,2007.56232608,658.65977961,0.943293050228386,0.9410218005853632,,,,,,,,0.05846043201302651,,0.05589106796480911,10428.132904166667,11552.520063829785,
11829,material_r_cable,3,True,1.3377785430124884,1.066204063268245,5.665848648635776,457.6833361257068,18171.155145102395,4.750123901499704,0.2105208244535013,86315.2383726102,0.458896308457942,0.00772427,22126.05404989,14738.77265133,1819.92774212,703.93658824,829.23414844,0.9595541455443136,0.973928547938304,,,,,,,,0.05450343767733463,,0.05634147463282723,12165.29718,14544.503618749999,
11830,material_r_cable,3,True,0.8983798285288006,0.8292882035134975,36.52897051936164,272.5140559606755,1208.9144130223176,3.5907846781103387,0.2784906614133858,4340.951351427292,0.147303231373587,0.37053652,742.56590692,274.73929771,35.84536496,4.8797518,5.72748507,0.9480967524268792,0.9883790954338996,,,,,,,2.4924013260822857,0.05669345726348434,1.7591919076876439,0.058797306979126066,257.4142605263158,287.0731214285714,0.17245521339408518
11831,material_r_cable,3,True,1.2867614902486055,1.1600703566391335,79.35788298176513,840.4755049094776,18344.470739472294,4.218995299931144,0.2370232552798341,77395.23582955799,0.4401384340214429,0.01035844,35061.05962268,20572.01532368,389.5057734,4942.01940079,1065.04065154,0.9858630469101288,0.9342784089613584,,,,,,,,0.05618201630194327,,0.05408670545615884,20050.168848888887,19146.061035416667,
11832,material_r_cable,3,True,1.0415169264903823,1.2234515486258877,83.61606516361486,609.9800212691437,9016.55117195939,1.6988310358846697,0.588640058297056,15317.596967566904,0.1338869972972555,0.04582869,6452.05722555,3746.99473511,80.30026458,834.93864696,193.76646235,0.9848217436301376,0.9434819872610402,,,,,,,0.9279259151486362,0.05519038178104648,0.9140498445042661,0.054373315529018945,3786.0063066666667,3589.7921595744688,0.0075332536661529715
11834,material_r_cable,3,True,1.1127426095783453,0.9714858070885664,45.563084117586776,1773.6662163801002,2384.863059087099,2.8784245367162136,0.3474122691925173,6864.648345984395,0.1155520943045315,0.38143923,2208.83877282,1535.53198038,46.73011999,120.95212551,32.44009445,0.9773113036187768,0.9545997488399252,,,,,,,1.9023629029431084,0.05453359492373789,1.5926091838175978,0.054962379512904384,1625.9857,1661.3520275000003,0.0886283814107952
11835,material_r_cable,3,True,0.8181638709210449,0.9912874532631306,82.03497359851264,1250.1050580976791,6281.495385216809,4.905738730261115,0.203842898080056,30815.375195214565,0.164268364708237,0.21493328,3865.16543319,2479.65268534,182.74699442,248.23689763,115.69932357,0.9328141725386948,0.9398394982536932,,,,,,,3.6338196475070452,0.05442770254561369,3.194791022519392,0.06409386393682767,2456.344935555556,2123.6601976744187,0.06429252540560398
11836,material_r_cable,3,True,1.1023940959569214,1.2967299095498874,16.504627344055105,260.50509134791207,7000.343925695375,3.48959752490549,0.2865659987614427,24428.38283659376,0.387440572809184,0.00884144,11439.88479354,9344.70286824,417.59918242,88.81809054,507.68792704,0.9742831554588576,0.9895904757180226,,,,,,,,0.053931439951239994,,0.055595551115722376,8733.087753333333,9281.109168750001,
11839,material_r_cable,3,True,0.8707197889282776,1.0728544908361697,35.07986956822953,1351.6109528257714,6668.047155372067,4.472816981548291,0.2235727516071637,29824.95455031296,0.3693847778703034,0.14749972,5028.05444957,3503.51736851,211.83585803,69.19381661,166.76519464,0.9695294256198148,0.9818807943533576,,,,,,,1.4515519306345315,0.0553644806795876,1.1557649351097043,0.056902410845487576,3275.2813772727272,3628.237510869564,0.11344497456790596
11841,material_r_cable,3,True,0.9711135933259444,1.1294011179184211,33.99477931705615,998.6479980422235,10693.088091409012,1.2595443117350569,0.7939379271400723,13468.418280416096,0.3493033678164258,0.11434293,4523.48842597,2298.27161858,585.39417684,36.40035154,116.22733983,0.9369425351231846,0.9856121688049446,,,,,,,1.5491624173497711,0.05731361105736757,1.1551775803768665,0.05913732275263835,2101.38178,2340.159738297872,0.1456861331430597
11842,material_r_cable,3,True,1.2631410653141557,1.3677580049374891,38.99463123449438,1173.0142312197718,8715.853974076883,3.6105804919775744,0.2769637741692565,31469.29232972721,0.4681615972390134,0.01739264,25536.31805183,18116.36893121,1873.27912728,1373.93209737,975.70528698,0.9479158374183632,0.9503161443803984,,,,,,,,0.05658855417502515,,0.055740482863578286,16765.444740816325,17748.43234255319,
11843,material_r_cable,3,True,0.9272266573939644,1.2737058175023128,77.33136515312538,818.1807281378206,18139.10272424177,2.650899069527872,0.3772305069985562,48084.930533762985,0.1940455469147157,0.01493672,25980.23101701,15071.25632328,221.03632594,4390.89479873,834.30704812,0.9826953666449691,0.931405104909396,,,,,,,,0.055360391617287084,,0.056864779362305544,15430.679593617017,14432.185554166668,
11844,material_r_cable,3,True,1.1791505908954163,0.9834192411052124,87.07042302470471,1727.5542356381882,3514.5336813845715,4.93484407999008,0.2026406475646967,17343.675731506395,0.3523879590441368,0.22610274,3019.16405878,2035.75765672,242.27165006,110.38286116,79.57269576,0.9478790138344012,0.9711513015517084,,,,,,,1.2507779588733832,0.05447017805457092,1.4610831341784587,0.0565229549611128,2132.2541409090913,1988.5074599999998,-0.07755012815512789
11845,material_r_cable,3,True,1.341491140714882,1.017178370211116,53.85683111469245,1718.5838656189096,15356.01257856449,1.4496066018805809,0.6898423328803109,22260.17721244833,0.3661835086395305,0.0527701,11339.45899557,6583.94232144,520.17505424,2024.23123525,421.63337314,0.9660285799897906,0.9304340379754794,,,,,,,0.9728384461314066,0.05738343144832815,1.00384918820149,0.05426966730011334,6044.136100000001,6784.285279591836,-0.015688235981983586
11848,material_r_cable,3,True,0.8060173143245161,1.357064485862608,3.5872141374295263,1986.5168640755112,11193.798422697651,2.951529417846916,0.338807397261004,33038.82534204052,0.3801552667490887,0.03678599,16562.27147559,14321.33387822,537.2456529,564.42628562,988.35460161,0.9774026632356314,0.9540999322106892,,,,,,,0.9462250423757449,0.056403784680046344,0.6907589540242958,0.054916472638894445,13698.605808888886,14365.51965,0.15605900174543869
11850,material_r_cable,3,True,1.3460916287929905,0.9947561664616992,64.84416961749574,1997.421504906408,12355.153137714373,2.2745809916701907,0.4396414124896537,28102.796476219428,0.3001524402470779,0.0936016,6988.43754177,5154.21309508,124.59253279,521.84661024,327.74284398,0.987940712850488,0.9605185049179412,,,,,,,1.225496365988603,0.054773146709483224,0.8298351669577089,0.054191522933232816,4976.247146666666,5286.297702127659,0.1925048064940233
11851,material_r_cable,3,True,0.97612933148368,1.179232018307285,21.996197672921515,313.5872072160243,7899.300036135229,2.135481659775439,0.4682784304994485,16868.810352230244,0.2435396712373796,0.0246427,7153.03599647,3366.16549359,1258.64019723,51.86397671,170.96623426,0.9356264794177358,0.9885779375492132,,,,,,,1.0889111872407733,0.058625277431004263,0.6708079186288454,0.060596350491927256,2866.7291586956517,3344.0670553191485,0.23759659551193513
11852,material_r_cable,3,True,0.968639177972478,0.9273990669344332,88.96486316958786,549.478900106215,5139.419689858018,3.911507574935381,0.2556559027030697,20102.879047651684,0.2996762790133335,0.21641337,1787.79887471,647.40436124,61.88381993,224.58337982,16.76388029,0.9707380584324488,0.9309755915872152,,,,,,,1.4911188319643878,0.0560552092521785,3.069191673464518,0.05529153134601545,561.9971595238095,904.8601444444446,-0.3460450422447078
11853,material_r_cable,3,True,1.2544460023431336,1.2231627353824654,54.52259149701448,746.1060500517756,9730.854883986683,2.6881454552735056,0.3720036793538223,26157.9533323148,0.2864647527461891,0.02776844,10439.72752119,7449.45731446,145.14179507,656.67411387,403.31539969,0.988212762711098,0.9603038305168808,,,,,,,0.8850819054333946,0.054337956401554185,0.6373097244627094,0.054303669686173915,7324.796526666666,7307.472174468085,0.16275193327724383
11856,material_r_cable,3,True,1.360089671962268,1.3444886602840211,32.86676371884543,1175.692035626571,9521.453997273684,3.8558154477876943,0.2593485122774115,36712.96940808776,0.4375163705649709,0.01850104,23793.57321384,19802.29876777,739.73685419,421.39750903,1018.90939663,0.973553353631368,0.9794498986834026,,,,,,,,0.05403468238353367,,0.05530147313626777,18748.94757333333,19576.636491666664,
11857,material_r_cable,3,True,0.8745549588410719,1.28912038878546,38.5739536552419,1400.4448631031544,17292.848590858302,4.082358610570846,0.244956432149445,70595.6093461883,0.2391501320396642,0.01691946,37216.1371939,23584.94882052,3569.76614331,425.57372261,1391.37775032,0.937563895334571,0.9793297671973168,,,,,,,,0.05855996093111036,,0.05758968964129161,22141.193736734695,23328.389689361702,
11858,material_r_cable,3,True,1.0722819475666898,1.358496112418945,42.6445937536149,1584.378376668121,6066.829227630429,3.1322308374539496,0.3192612715647916,19002.70959235096,0.3945527312540778,0.04949071,12745.19280211,9059.01803951,925.57304923,140.63284023,518.65774454,0.948416153974112,0.9839058091857046,,,,,,,0.8849867871698346,0.055815438136259936,0.7910696058264385,0.05694897185711037,8481.352529787233,8977.961136170215,0.05603461896380532
11859,material_r_cable,3,True,0.9063361710761256,1.291481791591072,24.045348176621253,241.1636575754326,7376.859919476794,1.8955465901746045,0.527552319306426,13983.181666559944,0.3057568114391849,0.01181749,8537.69783795,4740.87114391,1445.02497646,473.75384055,279.32531747,0.935273217002474,0.9449838873216724,,,,,,,,0.059806644911684616,,0.05745893593167129,4145.840387755102,4854.66364680851,
11860,material_r_cable,3,True,0.9376723047163124,1.168787804909306,7.051441341788268,908.2520785519616,3455.236235863545,2.237167663836044,0.4469937663435168,7729.942777788494,0.2778454659934654,0.14915558,2664.66523808,1821.28874378,224.93570998,147.89494605,91.95802313,0.9467099459568952,0.9386661512641312,,,,,,,1.4950862380512964,0.05731390768073564,1.1799195731603196,0.05465453364912316,1526.9276113636363,1951.7434933333334,0.11781905802598064
11862,material_r_cable,3,True,1.024564783999524,1.0133556949163285,50.26157753145946,1124.7031925930764,15839.39198851567,4.13154373959404,0.242040279137468,65441.14080912791,0.3961830196403589,0.08202544,9621.98881333,2761.66347072,1215.65413784,782.80035311,123.89111954,0.9320775179056812,0.9422117013425902,,,,,,,1.9289667943185245,0.05901067715528522,1.3568639659709227,0.058843916371290376,3467.832185106383,3577.2276085106387,0.174112080044319
11863,material_r_cable,3,True,0.9634975500050692,1.3763612231487947,81.9823651129317,808.5428738739914,19850.440063905902,3.3601032598585308,0.2976099014415713,66699.52836835661,0.4801525929372858,0.00639354,41265.52943721,34362.89877939,1432.27629789,1349.27220027,2179.64366723,0.957950439046252,0.9727767146323058,,,,,,,,0.05387344105643339,,0.056225480591862054,33739.777859183676,33644.00643958334,
11864,material_r_cable,3,True,0.9669932986407048,1.0036173435586326,72.62864829096812,1417.7732098890824,6816.589513217563,4.669428801655866,0.2141589565827369,31829.57940208343,0.3878875659088238,0.18642681,3677.46864202,2363.19605253,235.30245181,154.56897561,95.12443493,0.9549796340742296,0.972131862568212,,,,,,,1.2005986685326624,0.05457973444987488,1.5158544155572025,0.058581902714568805,2496.1464659090907,2184.2250826086956,-0.1160541843593684
11865,material_r_cable,3,True,1.3680427081024618,1.3311952207056297,31.70312860236,942.2363186878828,13566.781164466742,1.705939764602569,0.5861871683570077,23144.11146612496,0.3615083707995565,0.01980555,14833.17578803,12106.10812871,799.56899542,361.87940122,717.00065806,0.9672420546954228,0.9801870770215768,,,,,,,,0.05410740574298913,,0.05561418386644092,11259.147073333334,11944.953029166667,
11868,material_r_cable,3,True,1.094428313795694,0.8267475257555886,22.434195340986527,1862.8305907820693,2616.885095088446,1.415506242765381,0.7064610312465779,3704.217188697373,0.4416977631526662,0.40685561,2133.47261485,1382.87068001,99.43553694,176.16814407,60.20465503,0.9518718493128704,0.9311955405684365,,,,,,,1.503041633845354,0.05456732031882541,1.9358772947466019,0.05477544213763556,1464.270071794872,1377.705307317073,-0.1258638746329707
11869,material_r_cable,3,True,0.9854749079076972,0.8863312041788867,18.3488630511254,820.358937915891,1664.71238057878,4.352833962408411,0.2297353881715035,7246.21658782507,0.444768443160693,0.3353711,1188.93317915,763.70291175,33.26118582,96.76100604,16.3004432,0.9759933475061012,0.942416099048282,,,,,,,1.8008750519613812,0.05555711622390177,1.3788271163922632,0.05498510911620306,708.1015473684213,845.145069767442,0.13273190796597215
11870,material_r_cable,3,True,1.2003133348325656,1.2113260714309169,11.669642494226434,1653.8920804257275,13024.971952829485,1.958916815373008,0.5104861993895257,25514.836578159484,0.3799756291189792,0.05679477,8879.0869038,7879.4122145,202.03306102,361.07949955,446.48538486,0.986815113161807,0.9728348524063742,,,,,,,1.022370498410785,0.05400926977531759,0.7649395441717991,0.05471054380038904,7543.254666666666,7837.471568749999,0.14403262338693604
11871,material_r_cable,3,True,1.1167336780232793,0.9277159365572192,19.08273346177693,895.521822208938,2028.2299282192305,2.3376477544590104,0.4277804464306149,4741.287137228243,0.1362011412079275,0.31713408,1151.11904432,745.79914272,87.1908461,119.91819983,24.1693383,0.943523585787602,0.9304051349515232,,,,,,,1.4620730286795682,0.054353733250286,1.6630716716156084,0.05451473981562252,775.4628875000001,769.198723255814,-0.06431658761818466
11872,material_r_cable,3,True,1.04826626987049,0.9796606959789884,48.43836940916903,1224.4264091948128,6479.645866225807,2.480420842881431,0.403157392774659,16072.248661076996,0.279100852857366,0.2134154,2427.32733643,1367.67633188,54.77813667,297.14158877,54.79576487,0.9802392467815428,0.939404769277128,,,,,,,1.5903844406746934,0.055385249328961654,1.4734716244538992,0.054639263874509535,1392.442936585366,1522.3449133333336,0.038158716903004146
11873,material_r_cable,3,True,0.948940091905374,1.059480115806332,58.47286366276113,1858.4066699462264,18316.582047590276,3.833870462759244,0.2608330171072859,70223.40289096258,0.4827524111706679,0.09292541,10957.37113362,6051.74746122,771.61325277,599.88455956,278.16200374,0.9515023626703634,0.9616346070098064,,,,,,,1.200779892605771,0.05490176453838472,1.0130626537027232,0.057379480297029405,6011.597247826087,5996.021497916667,0.08479249764896772
11874,material_r_cable,3,True,0.8154399148836169,1.2483898960567787,77.01568205738957,1514.0074004415428,3887.278403834287,3.0598796408603346,0.3268102400651399,11894.60404624859,0.2487673567142742,0.12928118,4300.31165262,3824.80728815,125.0728336,89.52054707,226.58868863,0.95823783613101,0.9813330409000238,,,,,,,1.017610346225773,0.0535020829283199,1.323813052174185,0.05828936017148229,3948.381962222222,3729.0467604166665,-0.13077630733410267
11880,material_r_cable,3,True,1.1637642316046417,0.9646761619209232,89.56486720709358,1933.876795816658,12512.067231332505,4.92328210115287,0.2031165347534794,61600.43664844066,0.3352852012992474,0.13196824,8934.91246715,3042.08170709,331.76720728,1068.52843148,154.69328758,0.963744660247284,0.9359227342682565,,,,,,,1.3012494676069548,0.057457353437816265,1.5438870425860518,0.05421262764032459,2635.9745377777776,4331.519739130434,-0.08528152308679104
11881,material_r_cable,3,True,0.8712435659757949,1.378666137846874,41.451208959365495,910.2592992866196,12613.488250249447,1.613719266358002,0.6196864726396288,20354.629005407816,0.1086926409769964,0.028348,12824.59419161,9558.16637352,115.29650306,1131.48946159,570.18748066,0.9895587866526432,0.9410606689010226,,,,,,,0.9071596718449112,0.05655411733606367,0.7132274271887106,0.055323999105180585,9567.425458333333,9855.833191489362,0.1196826639584204
11882,material_r_cable,3,True,1.114131172491469,0.9214334662426434,81.68463963082627,596.9039400967947,3612.4692753471486,1.6225744125383823,0.6163045542149179,5861.500212259355,0.2148070169721234,0.21988892,1254.88056382,793.37813018,64.91023562,88.93788899,36.97699082,0.9644834914699496,0.9506256352126208,,,,,,,1.6993802919018473,0.055519926157370565,1.1786697279245046,0.0543901836724007,670.011106976744,895.8194644444444,0.18092477906577864
11883,material_r_cable,3,True,1.281803728256603,1.1369864074687484,58.539437211419646,827.4169565626169,16294.86012983401,2.600000045367282,0.3846153779042483,42366.63707682194,0.1997865396502858,0.02135058,14463.71966793,7761.53852938,3103.3688342,347.80081918,455.34841344,0.9333108705477342,0.9809247495521268,,,,,,,0.9681670825997901,0.057097186235161516,0.6523474868042496,0.060309997216441376,8133.6887367346935,7743.346360416667,0.19488846429297227
11885,material_r_cable,3,True,1.196783648548636,0.8584642813435196,88.2291051604451,255.7366319009349,19238.992116172347,1.291228850045429,0.7744560539867253,24841.94166619829,0.4386251391454335,0.05320227,6268.25658069,4375.88647779,177.06348503,293.69861966,222.40202159,0.9502062431387676,0.9622225468670488,,,,,,,,0.13685401764163602,,0.07375418657878799,4141.233362222221,4614.52017755102,
11886,material_r_cable,3,True,1.1067945955538552,1.2108561408241238,71.14305990192362,887.4023683053946,15444.654168528028,3.063436147995355,0.326430828549953,47313.7118731559,0.3802685925986494,0.02076668,15394.32797283,12651.04024366,818.85286148,410.09470802,670.6831777,0.9613993436732404,0.9809402322536576,,,,,,,0.7968003300131647,0.05403666670411454,0.6388845650047641,0.05653451628148449,12329.583584782607,12362.529243749997,0.10999333179334495
11887,material_r_cable,3,True,1.1472791301091578,1.1198815856825652,31.1581188252629,1864.0428860248992,14247.548034898393,3.6779168492169503,0.2718930419030288,52401.29697758064,0.4902562348440817,0.05230097,13347.65708637,10450.36588493,437.54507072,467.62220489,543.39787922,0.9795197940353384,0.9720732815149552,,,,,,,0.9700225831744512,0.054262490553898986,0.7509578203420469,0.05501517585872526,9714.166795555555,10321.086152083333,0.12729067825803644
11888,material_r_cable,3,True,1.132604878646299,1.3814421680947104,50.85766295724278,1314.9378982076196,8499.344905875454,2.69807627563202,0.3706344438930851,22931.880848956425,0.1825512918316532,0.03239349,15090.79593772,10358.42912117,1725.83565991,1180.45424198,560.97318746,0.9370029783564798,0.9448904527390468,,,,,,,0.933252253344349,0.05800740124175404,0.6992393933479302,0.057307055817651,10252.93053269231,10242.704742553191,0.14334704895462766
11890,material_r_cable,3,True,0.808104055739926,1.326777545058187,48.25361524560607,1915.0054106926543,11788.084140425375,1.2374839582531847,0.8080912833905227,14587.565022315184,0.4080209571772977,0.08293332,8315.88763672,5884.35992981,397.96944088,777.33055415,384.35431928,0.9575845269770008,0.9389694239014508,,,,,,,1.0145540375166646,0.055547038811812464,0.9716835933723411,0.05560754759423644,5852.959602127659,5957.9773354166655,0.021583743796624894
11891,material_r_cable,3,True,1.3390088154824735,1.229733056276206,36.69843810097306,1268.711378208708,13586.98508707916,4.441174045280383,0.2251656858759444,60342.16552234759,0.4994953492400161,0.01512678,35092.66566675,24622.59326191,2177.18238005,650.34468569,1244.6135712,0.9537501433222764,0.976992145773832,,,,,,,,0.054972136178485315,,0.05620865658316053,22054.236293478265,24157.38248541667,
11892,material_r_cable,3,True,1.2549217569757447,1.2248846391161032,27.79698630915729,1375.9120692955728,11221.300876077594,1.9624609338606709,0.5095642836735302,22021.3645963988,0.3420690970104734,0.03744267,11437.19072947,7325.67604904,1405.52039924,1908.09909661,421.35459082,0.9434429754631022,0.9325570491694274,,,,,,,0.9242209902613393,0.05897089313442343,0.8150272298279951,0.05541832469970599,6434.0233127659585,7422.798693877552,0.06278216022997313
11893,material_r_cable,3,True,1.0216291583596164,0.9594405658437504,50.99558784917301,1624.9198485496927,6272.306537893934,4.721228957639035,0.2118092574989361,29612.99525789348,0.4504628025134174,0.22057492,3422.18471236,2000.51578924,167.40190426,212.84534081,72.30731496,0.9686901109574326,0.9606246215266298,,,,,,,1.3513932109628874,0.055148846014447514,1.319179965685064,0.05639045980765982,1996.3876636363636,2074.798188888889,0.012062296423667684
11894,material_r_cable,3,True,0.9912209669151124,0.9266748090401628,65.43342024229628,489.21892058813074,19998.597979254027,1.0644898160773488,0.9394171601237162,21288.30388474096,0.2000063245500598,0.1680516,2643.00809096,1079.50481342,318.66289466,36.77557656,40.2305303,0.9433836663642288,0.9833408046087744,,,,,,,3.3823043631682066,0.058097918159133156,2.1787650909381897,0.060704225755535975,1261.689681395349,1218.3328088888888,0.21642226952251084
11895,material_r_cable,3,True,1.0439377372294885,1.3051893841998976,44.30865633655164,1879.6710324586893,9850.037933975353,3.818181634569332,0.2619047744994965,37609.23393931594,0.1685233176476177,0.04422469,17905.49100052,13303.7698043,743.7392894,1020.8933118,694.75157571,0.9625011210845144,0.9504073167922288,,,,,,,0.8998264358020732,0.055145424543397374,0.7099832024877106,0.05534411712050972,12925.617797916668,13302.350285106386,0.11792899532894252
11896,material_r_cable,3,True,1.2896227129730755,1.1492213121665042,58.70252031569527,1729.2885673289074,13148.444539109383,1.5368156818452514,0.6506961191333641,20206.735759575866,0.2405996032794695,0.07025702,7480.63887915,5409.91646697,958.37822106,308.59207221,327.04348946,0.9483618555926856,0.9730791434341302,,,,,,,0.9735635729048667,0.05549633121668822,0.839962756652001,0.05676407502511855,5119.756493478261,5413.094102083333,0.073669079999247
11897,material_r_cable,3,True,1.1104967078713937,0.9416778027436956,36.90000042725073,1262.277724776971,3884.9831958014415,4.379434419367569,0.2283399873685993,17014.02912635745,0.1630911297148918,0.24733831,2350.70751262,1228.11611371,274.78785025,127.44428145,42.1945079,0.9344518328583754,0.9551631924410044,,,,,,,1.7980578939488245,0.05506107485588292,1.3688692947884362,0.05692151636762446,1299.2849860465117,1332.1918113636364,0.13552209242029256
11899,material_r_cable,3,True,1.2428411713677163,1.3225008304422403,45.296169383149696,1471.7748452119877,7737.796610797735,4.157657542532179,0.2405200499969413,32171.108441463133,0.2339178999922517,0.0408183,14277.05539415,12532.69702997,295.61388006,163.30874433,618.23231452,0.9817163614201322,0.9877904408959552,,,,,,,0.9311526789034666,0.05373926722933925,0.738833980181135,0.055480119419996164,12224.441846666667,12451.190425,0.11516181741700295
11901,material_r_cable,3,True,1.015054694026882,1.0840489186870097,79.06853130325776,729.9062974288194,12985.987759272162,3.5664769665599323,0.2803887447966771,46314.2262314734,0.3024309789611547,0.05378917,6194.68325676,4489.46054553,235.40068952,248.83214464,212.95439233,0.9748116242240964,0.981269028719258,,,,,,,0.8582539030458698,0.05377086876730377,0.8003223242735712,0.05644088592529342,4540.4508844444445,4290.518525,0.03492849940694405
11902,material_r_cable,3,True,1.153236934632104,1.0448946530497545,49.9773701260359,344.5820906515672,3180.7310043921243,2.3324594316604355,0.4287320012627693,7418.92603076918,0.3119876461325135,0.08594491,1540.20352274,811.16155416,120.04296919,205.15102681,46.18884465,0.9576964656449728,0.9415973472664364,,,,,,,1.0133585811598005,0.055850735156817585,1.0733944016098163,0.05479558334314851,750.1665777777775,891.0844872340425,-0.028769969874601058
11903,material_r_cable,3,True,1.146488400628899,1.1954085748305954,26.69879133928728,1476.841171173943,19056.56806143449,3.873486261966328,0.258165366382986,73815.35458619279,0.4221158415272188,0.01967153,29023.80594775,19945.52584621,1142.7921729,3236.93207742,1028.4027018,0.9704737313112416,0.93505005058554,,,,,,,,0.05696560008197887,,0.05492924181685942,18315.43701304348,20086.76013265306,
11904,material_r_cable,3,True,1.040476645994588,0.9976732012398788,4.659109194359472,1145.0822416773417,14187.31623858952,2.752915650849677,0.3632512313595056,39056.48491676687,0.1234693597349824,0.15150259,3257.9597255,1698.61210351,329.97971113,175.1146841,78.46279578,0.9659778117053202,0.9725137535206744,,,,,,,1.3727532830602334,0.054438486087197056,1.059112410533908,0.05637074206458981,1695.0232399999995,1998.946097826087,0.12897129695628226
11905,material_r_cable,3,True,0.8562940395173039,1.027258720876196,57.64299438764082,1356.801823682167,8980.37318607208,3.6753111872778095,0.2720858041793922,33005.666036700386,0.4427774297482202,0.16773572,5293.24574633,2821.05045978,454.28724252,220.73066338,127.29616889,0.9315543042074436,0.9584576672242476,,,,,,,2.1992514326610397,0.05678000957842389,1.6190920210498185,0.060892235689314726,3008.235088636364,2781.8029652173914,0.1519400804679823
11906,material_r_cable,3,True,1.1661218234166766,1.0550912125712038,44.227464767489934,1064.0652007322046,19533.13045460122,1.7517018665505963,0.5708733998035709,34216.22107690126,0.4909134534849932,0.03743426,9503.44068469,5892.29877757,1064.09229319,850.03278408,360.12867904,0.9532577013466464,0.9560371230310484,,,,,,,0.8873616379958876,0.05576801209016222,0.6986055554460191,0.05571226602611385,5172.693221739131,5826.7029510638295,0.11901638528866744
11907,material_r_cable,3,True,1.0086559016881822,0.9598923845679512,71.0423505510433,810.4811751469482,8459.817656714144,1.4938566126487114,0.6694082896128368,12637.754548284747,0.3091976342362617,0.19425743,1732.61460008,888.58334815,289.50625241,147.28174972,33.74495168,0.933349101651831,0.9533160976164844,,,,,,,2.1556787940223723,0.05548434398207476,1.4216094244152828,0.057153025524057655,935.413281818182,1029.9607622222222,0.205202747104254
11910,material_r_cable,3,True,0.9493926170174184,1.176464786951333,89.03101495029729,424.83815500049445,19748.969484371075,4.101433120632955,0.2438172147606967,80999.07754156906,0.2188430808187759,0.00944631,24857.92639862,15606.56311297,203.29904445,1747.13343086,782.73178511,0.9862385778398164,0.9580493447938114,,,,,,,,0.054269429713492814,,0.05455652043680552,15624.137526666662,14668.1053,
11911,material_r_cable,3,True,1.37848025708558,1.1059383213024367,23.598989009308557,471.43216992413727,16116.87095682348,3.2185298782910814,0.3107008596517869,51872.63071909814,0.1595070066422829,0.00977412,15280.86508829,8533.07331899,1652.49483271,3345.50987698,530.92667546,0.95289007807408,0.932629266999017,,,,,,,,0.05749228412954192,,0.055515268523017476,8243.379154347826,9489.991668,
11912,material_r_cable,3,True,0.8135201810865642,1.3984173048664617,45.833648453864186,565.4963833470053,12574.554320805186,3.4327654219995485,0.2913103218738176,43165.49526951506,0.2462017029845364,0.00775166,23481.46792253,20635.4289491,639.54976229,441.1275951,1413.06025609,0.9732982213218327,0.977545124944209,,,,,,,,0.05402704918672412,,0.05558230828498967,20257.050227659573,20490.425529166667,
11913,material_r_cable,3,True,1.0789646027037003,1.140640019960297,77.48040868661374,714.7714906452957,16476.794739141016,2.664939772786329,0.3752430018163035,43909.66562837345,0.1013114361113468,0.03329655,10261.13956792,6388.39823965,404.18966056,778.50180003,312.0377841,0.9712772851800816,0.9634044538413564,,,,,,,0.8231186339583865,0.0544134737796321,0.701554211602485,0.055383527215682356,6665.18434130435,6181.486231914893,0.07973147991048687
11914,material_r_cable,3,True,1.1156591631816437,1.3096627573480573,12.147158008043078,231.51101695965104,17896.039463436042,4.972644495277912,0.2011002397114077,88990.6421251315,0.4272578758931179,0.00199326,40960.3346368,37523.3292631,651.93077172,1225.2449631,1992.09350343,0.9868890139123152,0.9631425733653116,,,,,,,,0.0546258480454224,,0.05475149709745965,36420.98117555556,37285.123933333336,
11915,material_r_cable,3,True,1.2804614724627057,0.9294875517626664,9.33243360304562,201.2004210430742,1706.0830313633578,4.134074842260009,0.2418920890782232,7053.074938765952,0.3659627131368624,0.08524753,1600.37402526,600.34248386,210.82619365,61.52820149,32.31571822,0.9311015062712126,0.960113658591196,,,,,,,2.2968757199964736,0.05676119241899125,1.2660139252533333,0.061561028569844134,906.9365212765958,623.7424489361701,0.28933306876836
11916,material_r_cable,3,True,1.160440408180405,0.946714889727376,33.75606801745298,1562.816628175684,11856.787810390508,4.370787047399405,0.2287917460071624,51823.49458541799,0.3630596032088938,0.14807397,3994.28635491,2612.14281537,253.79380038,360.74391856,136.8589763,0.9737587544884978,0.961528243837474,,,,,,,1.202820761319966,0.054224298576903605,1.1886898420720768,0.05538014645477561,2656.981384444444,2682.2945377777774,0.0059087838573018536
11918,material_r_cable,3,True,1.1874467481852733,1.389987954919305,81.89546400829741,517.3703623061724,9834.480980328402,2.0452480237703297,0.488938255105384,20113.95278982356,0.3330163328906333,0.01421623,12467.52022379,10158.21958605,303.24393237,573.49118092,586.99408163,0.9764738260962224,0.9688132400288024,,,,,,,,0.054045809891014866,,0.05486622243382464,10044.337078260869,9820.972410416667,
11920,material_r_cable,3,True,1.3280166173549457,1.3749127691499452,78.72908927180735,1234.74508165594,13973.44793129588,2.576384577659555,0.3881408112248607,36000.97574691952,0.4737780726827659,0.01586677,25599.67845215,22482.07641693,389.65665517,737.20327116,1255.29511097,0.9843474331776864,0.9764440739851264,,,,,,,,0.05371498633253246,,0.05478523756921418,22104.411722222223,21966.25596875,
11923,material_r_cable,3,True,1.0827413769577847,1.1825534728383376,57.04355671813529,1419.651789544395,13532.85982034455,3.145385355393177,0.3179260685134711,42566.059095500495,0.1215538647829803,0.05934962,10091.56991636,8430.7405975,312.20301071,164.9890844,405.31441409,0.978343385100388,0.9879728072212516,,,,,,,0.947948620113071,0.053727566010969834,0.8376510596584675,0.05614296298710494,8393.409651111111,8333.998668749999,0.06177059825005999
11925,material_r_cable,3,True,1.1498689860619655,1.2079683569482509,39.879704657590906,1278.183272405758,6488.21468422987,2.307871277336349,0.4332997294173873,14973.964310926043,0.1252173681532969,0.10333751,5171.00434084,3611.11095661,87.85583078,362.66656443,179.63177938,0.9845623600471484,0.9535026116962484,,,,,,,1.2288839692031739,0.0549987735367069,0.885362988083185,0.05450721032091425,3553.346322222222,3738.769670212765,0.16247911812577412
11926,material_r_cable,3,True,0.9995837062596916,1.3117177817929,86.4591957141197,440.4473552596101,18233.429043965283,1.6097590727954143,0.6212109730578862,29351.42783169453,0.438498552763664,0.00827123,19835.82274419,11677.36365731,221.72178825,4166.48040652,724.76467672,0.9846747247403048,0.9306202042569603,,,,,,,,0.05634066150269815,,0.054881422345392464,11479.73868,10933.418427083334,
11928,material_r_cable,3,True,1.2777126379532429,1.0117934830055555,86.53892795502561,1612.1858400608194,17011.18821408917,2.977526781872126,0.3358492041409105,50651.268498917954,0.4626591701994168,0.04222888,12645.39302467,7151.85877529,2933.06304822,414.71142382,456.90359182,0.9318186638750976,0.976867367851805,,,,,,,1.125537098545991,0.057441674105073934,0.7296215273573832,0.0590951996250457,6376.57360625,7139.898902083333,0.21341332523293835
11929,material_r_cable,3,True,1.3703932362546791,1.17047200417936,68.35413907466469,1360.8871829774537,3788.5359805006015,4.819455493252465,0.2074923197029335,18258.68054260824,0.3544661146537317,0.07754908,6753.73379614,4950.59581091,552.90706218,181.97280491,241.40024859,0.947192661992606,0.9753430511767782,,,,,,,0.9412431580948627,0.055644456675945135,0.9115095189317922,0.05684189492785398,4753.17349347826,4808.835608333334,0.01604835849477103
11930,material_r_cable,3,True,1.2927292554621028,1.0212981479388017,19.046500745200145,504.40835328306736,9182.735160191212,2.2046264119429777,0.4535915902044744,20244.500468034978,0.3963908536312542,0.03503919,4175.38779649,3437.90243674,142.00767044,200.79305858,223.99814943,0.98425754206393,0.9771464862980096,,,,,,,0.8910979595489803,0.05377875269867532,0.6958908916543176,0.05502833813054596,3309.457062222222,3357.5584458333337,0.12300468761746587
11931,material_r_cable,3,True,0.8139029272923836,1.223839908913863,46.661000080934826,1281.6148735301674,10194.936587248938,3.563117237726546,0.2806531285055476,36325.754291555735,0.450242365250545,0.04090528,12262.69038378,9444.19590701,233.29700344,528.66514369,574.09510891,0.980487616797166,0.9604061989644918,,,,,,,0.9331230261036861,0.05436033574252534,0.700394078081679,0.0549889494247649,9302.811068085108,9416.275536170213,0.14247108121838067
11933,material_r_cable,3,True,1.0659504042145902,1.2466428826436844,60.9009325893134,1668.5562361952714,17806.54824312343,1.4449929745523924,0.6920448871453957,25730.337112341604,0.2036064398443623,0.05903298,11949.82719653,7185.20123293,438.70180318,1334.89005465,392.9726669,0.9683012992424472,0.9428120177125124,,,,,,,0.9139377740261081,0.05531279169171759,0.8743377183652813,0.05465404118804048,7203.035093478261,7226.312751063831,0.022144270180581196
11934,material_r_cable,3,True,1.0570153883131552,1.3752771639955697,13.903164809610006,403.0868787782034,19572.16952095144,3.540538100875595,0.2824429427133391,69296.0119057246,0.321408976026965,0.00368155,40550.68075173,32346.53840457,1949.05562277,1267.84803662,1845.87215266,0.964815113777336,0.9595961649830728,,,,,,,,0.055478011185313036,,0.05508417266524045,30035.38213695653,32329.931583333335,
11935,material_r_cable,3,True,1.089076293978183,1.230795466049706,11.005675657310864,739.914976563261,10953.546838212593,4.788482085691029,0.2088344452594291,52450.8628095586,0.3943240077105104,0.01565579,19838.1623686,15471.60162874,935.68216425,241.85637975,794.14257041,0.9687407987416422,0.9825508570881816,,,,,,,,0.054279110110750976,,0.05554007252904267,14017.31774,15345.246283333332,
11937,material_r_cable,3,True,1.1836905972369909,1.1549532712296884,44.99102692085869,1683.7364052792104,15332.95469156993,1.8090391606184828,0.5527796311817348,27737.91548503889,0.1035202672063502,0.0778228,8015.74386935,4988.86163819,435.56370274,815.39040386,278.03134645,0.9686316871039372,0.9505721395215728,,,,,,,0.9884218808383609,0.05524139304887968,0.8762367838374078,0.05463580143237861,4772.130693333334,5290.120308510638,0.06016387831520905
11938,material_r_cable,3,True,1.1678213189052054,1.3964523035347698,20.174215365655865,363.171032180431,12054.04040343485,2.134587480723193,0.4684745924122081,25730.40373730358,0.2669327910426079,0.00751173,17259.44830367,12511.9255739,1260.89382394,1121.79841407,712.47502236,0.9566362976708688,0.9485917570471682,,,,,,,,0.056339925495532746,,0.05518227246643495,11318.609404255316,12645.611659574468,
11939,material_r_cable,3,True,1.232439079308849,1.1748200893380494,11.351174396549078,913.3700149974528,7351.232194083704,3.149280744173544,0.3175328213751953,23151.09399477644,0.2196897704647367,0.04282369,8914.81281177,4933.18911724,1397.45639319,394.10551322,257.10515268,0.9390184812305344,0.9587041572745014,,,,,,,1.0627538759943869,0.058365189002590724,0.7078599339367365,0.05757097537321934,4154.05214375,5087.637639583333,0.20043554391539262
11940,material_r_cable,3,True,1.2465487135768425,1.361650478650183,1.963073948080274,331.1610723969357,12909.752078610369,2.7281405721729435,0.3665500268571232,35219.61842235093,0.2771250539537402,0.00560684,19233.11647322,15949.51128473,523.06887416,2119.49479203,858.57310361,0.9809764063970294,0.9383175049479496,,,,,,,,0.056819690779514605,,0.054653125900124284,15069.641457777781,16208.544017999999,
11941,material_r_cable,3,True,1.209619753633281,0.987452485960439,2.393827498818053,1022.7717257926658,4771.374798069895,2.714856962470546,0.368343531104486,12953.600091096552,0.2820115223541083,0.14496605,2502.95947529,1434.49211447,309.31297301,314.77657405,77.42294419,0.937970924749414,0.9339116212322848,,,,,,,1.4848360111887087,0.05526660171854686,1.3793788605215063,0.05628474330832284,1566.6191577777777,1509.3378239130432,0.03681886848252912
11942,material_r_cable,3,True,1.079454389061126,1.1556348405606296,43.69761741854408,1066.0916516132447,15678.849768892162,4.561146116685301,0.2192431407408462,71513.52473747471,0.3047189565590661,0.02242244,23407.15807595,13169.87384951,2087.51379228,1353.30409437,643.33405347,0.9442479375812304,0.9504763620065376,,,,,,,0.8714844847655646,0.05721126916168246,0.6399485426695758,0.05665930009734617,12441.345534693877,13194.660725531914,0.1531896801864247
11943,material_r_cable,3,True,0.9966170707744536,0.8894090722130459,8.312829960073365,1076.4409802330704,4817.034442557813,2.9617292692236523,0.337640583962668,14266.751899381916,0.1221663338018551,0.30983189,1991.9911144,1045.4529936,92.2515756,95.25479323,26.82557172,0.9649224624307168,0.9640519914750268,,,,,,,2.0112081966436333,0.054484680596628636,1.5875489460780146,0.05552465636725085,1076.0541349999999,1036.7809116279068,0.11772376789093805
11944,material_r_cable,3,True,1.1441456303206532,1.078871008865037,74.27645979967221,1653.3719334025911,7287.876380467253,3.518313042197957,0.2842271247629747,25641.030519324377,0.2397460867738246,0.12362722,5842.20038026,3287.48361125,385.93606579,574.25781357,156.87033448,0.948667711594646,0.9436701902821872,,,,,,,1.0663311463407865,0.055366706099397735,1.1783838474239392,0.05538511459580503,3369.918188888889,3261.701036956522,-0.049918453520561824
11945,material_r_cable,3,True,1.085889467749558,1.324650340549496,10.585984903990864,1907.871536568841,5445.698694475907,3.2756496186763475,0.3052829564854645,17838.20085198629,0.4942919507022726,0.05886302,11907.77290281,8662.4332004,1074.45309053,398.56406267,492.17166303,0.9482231088074076,0.9574017648085744,,,,,,,0.9537689870226753,0.05702953190770337,0.7220471533705041,0.05563660893326366,7527.19064318182,8575.195677083333,0.13827401948629325
11946,material_r_cable,3,True,1.3026511865083124,1.2354075440526666,65.35381504160347,877.2053976133582,8290.87971119557,3.398798983745829,0.2942215779109997,28179.03353677042,0.3240310817503511,0.02949785,10842.95451265,8933.76048766,224.89419353,368.4619075,465.17028298,0.9825864903646396,0.9756469540370316,,,,,,,0.8803758565588667,0.053923633913613135,0.6703286112358843,0.05490736217862559,8767.004315555556,8684.363275,0.13545278915826534
11947,material_r_cable,3,True,1.130606201616425,1.2002765528342847,26.0209500144226,1041.865338268356,8540.931112499346,3.929644319034813,0.2544759573165687,33562.82142550074,0.3730133828999017,0.03366636,15184.05347936,8708.96508567,1531.59007539,194.75421152,444.46063695,0.9441993473429778,0.9805953158888504,,,,,,,0.8999847723896045,0.05740583594142332,0.6981348168899283,0.057439702859197764,7361.036648936169,8617.287625531912,0.12630466258828263
11948,material_r_cable,3,True,1.213250920664474,0.9343273291680328,76.88529471442068,467.958595425646,19755.28005686355,3.640204550162815,0.2747098373785817,71913.26035273541,0.3218634352095968,0.05896123,7729.5399712,5076.23375466,636.39354091,278.56623106,243.66319204,0.968412175955388,0.9872698791445852,,,,,,,2.3667470545197395,0.08865989059265027,2.297198846612294,0.06886210630142725,4623.053089130434,5483.58308125,0.014911881351489284
11949,material_r_cable,3,True,1.165067864755825,1.0482610255183706,7.330440113796954,580.2305418703321,9482.330199719465,1.8806999883100683,0.5317169172200428,17833.418295764604,0.475746476227659,0.0462686,4328.68340419,2738.97481969,239.66361489,437.81169967,167.23213572,0.9728498380413778,0.9540007449533766,,,,,,,0.8957549190160923,0.054963644641765196,0.7346632613238069,0.05457929386823358,2449.2131000000004,2696.56784893617,0.09880388947742354
11950,material_r_cable,3,True,1.090830575287715,1.056757823224255,64.14631659243582,1853.6045949555603,3040.5033666941617,2.1523297373054726,0.4646128251946711,6544.16581251325,0.221614503058342,0.32960156,2387.24120668,1831.62382838,69.26713379,28.18767264,54.58563251,0.9763003060212904,0.9874714114769876,,,,,,,1.6998284104750758,0.05415887397896441,1.863332410851661,0.05669106930368179,1978.337089189189,1896.9946523809526,-0.045887347940614324
11951,material_r_cable,3,True,0.8823445780353754,1.18469877374546,40.25026535758729,790.2589665689034,14533.661170092217,3.573811073928728,0.2798133363274543,51940.55923440351,0.2306906978478418,0.02357746,15795.50794449,10693.61297217,612.60348132,1208.10210919,554.71199838,0.9674941621204952,0.9431746998619231,,,,,,,0.847733050494812,0.05615804715074758,0.6771148323156786,0.055201188626685785,10358.253754166666,11029.389282978726,0.11189195991449459
11952,material_r_cable,3,True,0.9298268654895108,1.3364735757759982,25.16828773602024,1429.6777899837748,16575.529410721647,1.2026361160758747,0.8315067098291846,19934.33031241172,0.3743065630025447,0.04820083,11449.33285058,7999.7915653,888.21697921,128.41101271,502.58652422,0.956455241870204,0.986380168987232,,,,,,,0.9217518892492267,0.05485255745929255,0.7636380545904982,0.056310136766714786,7272.1974666666665,7953.675304255321,0.09381439306473317
11953,material_r_cable,3,True,1.3497862415470538,1.0655333686209807,73.85084412723118,1276.0777087692013,6858.080466158328,2.9072162517507816,0.3439716599677718,19937.922987030062,0.4803468184408562,0.0636985,6554.13447485,4747.76063809,97.75248901,562.95552528,287.67822717,0.9881566632987988,0.9547587475143288,,,,,,,1.0726323911316684,0.05473202171413547,0.7489860276983148,0.05406806146306216,4620.977053333333,4554.465040425532,0.17766968103080016
11955,material_r_cable,3,True,1.0936212069396485,0.8934690681249658,65.28754723305978,1886.5154344643367,7521.294756632255,1.173243016123821,0.8523383359261886,8824.306545427507,0.4778471522374993,0.25766697,2989.8288643,1962.05736951,192.82394165,173.1563873,88.53467988,0.9568207005907629,0.9556114952212046,,,,,,,1.605831747372815,0.05448635348202345,1.2485443122229776,0.05460318106107987,1759.5569902439026,2113.1608909090905,0.1251718160782335
11956,material_r_cable,3,True,0.9862348061830992,1.1321214440883158,73.38209317118177,1465.9116954211477,6028.261220694224,3.655408347300731,0.2735672474836995,22035.75638583496,0.3849740289394906,0.10236656,6165.60707505,3959.98124469,591.98598046,425.10762883,193.86325531,0.9302039205774492,0.9508748830465334,,,,,,,1.4640684110061206,0.05754778644549776,1.1202718590569136,0.0582732566382956,4073.219348,3775.1352021276593,0.1330306832779499
11957,material_r_cable,3,True,1.1261275499988708,1.2471230629344905,13.53962383340061,1521.2542665259457,13415.290921084172,1.5186289746396002,0.6584886872959336,20372.849495977996,0.2219235131101484,0.0603865,8784.42474888,5919.5738863,889.81031676,777.93569883,330.30735175,0.9521635363518806,0.9461914824881624,,,,,,,0.9523192969034397,0.05650049238232392,0.8109005810533074,0.05505790361226546,5134.561976086957,6202.320112765958,0.08020481031214952
11958,material_r_cable,3,True,1.3308987023766576,0.9629954820943248,10.460643970795244,446.4629061533147,3059.8888239033304,3.1117744615723884,0.3213600511055988,9521.683897473156,0.4713247226848299,0.06463827,2073.4185342,1341.59262713,309.81818777,198.27088493,88.69712853,0.9440065704891684,0.9528681883630176,,,,,,,1.1709576145385026,0.056120639914444034,0.8707534313607228,0.057298011675172,1401.0254130434785,1347.4598425531915,0.14703558751897805
11959,material_r_cable,3,True,1.098288264223568,1.1779460661454804,70.97903774004557,1463.4851718982893,5545.672553890894,2.5251604488690917,0.396014439576644,14003.71299546413,0.2588157685533003,0.11868346,4505.13113572,3300.74120566,464.22850405,263.63642332,162.09351867,0.9367017576090448,0.9580105849158652,,,,,,,1.2460543650883105,0.0563821433642367,1.079311611582703,0.057331284815842924,3407.917043478261,3165.108870833333,0.0717060261388686
11960,material_r_cable,3,True,1.3974934284917486,0.8748719543832723,43.3739207515253,1190.3004890042448,14999.362260700133,2.1889782758142253,0.4568341362949498,32833.27813974034,0.357883490019207,0.04635287,10754.68303574,7268.30743223,171.36806103,884.10727283,458.37202985,0.9866741568832657,0.952114217181293,,,,,,,0.9763572693601192,0.05501799940289944,0.8648186501218373,0.054557889873321934,7157.914553333331,7327.53319130435,0.06058009886945785
11961,material_r_cable,3,True,1.0349536724791806,1.215004260600687,85.58046998705352,1200.015250541711,8416.967847207674,2.933366815138748,0.3409051997312856,24690.05416708882,0.3461142087180591,0.04867498,11336.7487438,6455.68332942,233.62206238,1599.51353305,343.31970713,0.9697288687955614,0.9366772824275847,,,,,,,0.890352128647032,0.05550319695281221,0.968912002465843,0.0548726859065754,6412.949632608696,5961.863827659575,-0.042253207870894864
11962,material_r_cable,3,True,1.161437550735297,1.2363227911968966,70.05980789326009,1805.101538136105,1476.5292720378325,4.701308104607072,0.212706756874761,6941.619033321042,0.1527226014911805,0.24695732,3416.11296166,2825.53950041,171.1677491,15.82996569,116.33010649,0.9427726446448836,0.987846144280308,,,,,,,1.0882120898607825,0.05696507156523589,1.8361601198876583,0.0596510154277882,2985.3749069767446,2783.080511627907,-0.2557636225421577
11963,material_r_cable,3,True,1.2421538330790516,0.9838157895759082,24.013212215681104,975.4889104756022,9995.900625158323,1.3522662933086418,0.739499316775294,13517.119486664382,0.4230085387370766,0.07234196,4494.64812629,3035.23506954,701.20117464,142.95093393,182.90952538,0.9392427241482778,0.9774407486017428,,,,,,,1.2825659996847505,0.057215559875827465,0.93819352369861,0.05925655641127471,3164.759146808511,3050.8371625,0.1550696833043336
11964,material_r_cable,3,True,1.0402409295990709,1.1392169598451931,85.49428959728517,392.3730954347528,9068.736922745196,3.5386133744964927,0.2825965693814429,32090.75376461632,0.3079351453141583,0.02101263,7628.08369841,5125.3655131,896.77355176,450.91051572,254.7794936,0.939724806884596,0.9678848514318792,,,,,,,0.9510301553250796,0.05714884328231127,0.6587182610193745,0.05937593105527858,5456.310921568628,4885.902063829787,0.18158855839691423
11968,material_r_cable,3,True,0.9978529096490816,1.093474835196978,30.932570192552927,1487.0408155691655,12130.692535196402,2.365932700843865,0.4226662912446016,28700.40215290373,0.4186107134803561,0.11346029,5477.62051308,3934.18705428,122.99325743,290.4034319,194.07063921,0.9856365536883174,0.9645673205687304,,,,,,,1.265692189514837,0.05483646455079759,0.8922323615941571,0.05483779963118077,3762.977588888889,4074.77429375,0.17306435840342638
11969,material_r_cable,3,True,0.8633003169299567,1.239572103066793,14.495808600748887,691.6861114668352,2827.005586921485,1.328498142832153,0.7527296935983323,3755.6716720013137,0.1189379377901977,0.19008505,1607.18683918,1388.58597473,34.63641249,33.2940274,76.59316036,0.9806585707596356,0.9706719344598318,,,,,,,2.0876935889404176,0.056623669302796976,0.9505616888329057,0.0553056647026785,1302.8040136363636,1454.8700288888888,0.3742713485684761
11970,material_r_cable,3,True,0.9404029846678856,1.1695716444534725,41.33764671513479,505.2954768684112,4882.854985404402,4.155995497125051,0.2406162375998143,20293.123332455303,0.234389050284208,0.04206568,6262.83497654,3855.5805443,437.25045423,222.44413523,192.60002873,0.950956138551123,0.9607477746945602,,,,,,,0.944603545297548,0.055708784437236196,0.7007499257599027,0.05633057834622427,3706.7429244897953,3877.3395638297884,0.1482074361692769
11971,material_r_cable,3,True,1.1899525504646105,1.2314222650749893,16.142212401403754,1029.2076739157949,5650.628845376539,1.9376598900106805,0.5160864428042055,10948.996867023485,0.2225186370010997,0.08268663,4635.39381742,3133.01673579,438.12276459,199.71256145,169.27675008,0.9524273641550536,0.9634833879638544,,,,,,,0.9946085004381375,0.05539094144660605,0.8271712350815051,0.05583588079865206,2718.2354111111113,3187.2299729166666,0.09190862215232223
11972,material_r_cable,3,True,0.999117303832226,0.8510932219163652,54.30150234831135,261.88423566668286,3086.851753587977,2.708871071267548,0.3691574732392396,8361.883416585972,0.1727320805196752,0.24931238,1348.01021621,446.53428352,96.78715462,6.7633765,19.52009804,0.9304247109159146,0.9855495879090316,,,,,,,3.494672997103542,0.05642262151257988,3.595835758955617,0.06101717877322136,491.7629476190476,474.5916534883721,-0.014267348836658166
11973,material_r_cable,3,True,1.0481420843035392,1.0457092962564016,75.31558448434187,354.0603626844372,10845.548530547474,2.640641809066278,0.3786958142397952,28639.208892020997,0.1965719181494787,0.03838269,6323.1463634,1795.61635272,271.45754799,1304.74665734,84.17517778,0.961674345211266,0.9310700536060124,,,,,,,1.0313624593366804,0.05852957230930452,1.691279688788603,0.06413100974105397,1825.4202913043475,2856.518889583333,-0.24238118472760686
11974,material_r_cable,3,True,1.2433661984165665,1.0994415043414534,26.187703468783024,1133.747063417537,9335.810724710036,3.1660895091503187,0.3158470400504783,29558.01239491748,0.2131711745778912,0.06556492,6046.78744126,4106.62223675,332.72344797,507.91071749,231.58745791,0.9729341064005308,0.9567018835161208,,,,,,,0.9641226152497017,0.05490163860620026,0.7767345100579288,0.05475426026203617,3731.759753333333,4250.519395744682,0.10764128914867674
11975,material_r_cable,3,True,0.9118257179105416,1.1018560199915803,85.52595896975517,1437.1839012111625,5153.966494328357,4.693643506685204,0.213054101483355,24190.881369777395,0.3216634534977596,0.13398182,5385.75359523,3564.3990623,269.90410381,289.34643793,170.69502743,0.940711557387433,0.960102224272979,,,,,,,1.4570682625032305,0.05453510553496201,1.5054752671004439,0.05827043927325757,3687.869919565217,3330.2093127659577,-0.016339677075964922
11976,material_r_cable,3,True,1.1340469163039246,1.0760653095673631,3.942837765319182,1068.1737280716509,17969.93375458367,2.862976497477334,0.3492868351804962,51447.49800059769,0.1414202987775819,0.05203654,8329.67285606,4649.90339786,987.6896522,532.40334555,252.23100947,0.9592047654636874,0.9636625732508644,,,,,,,1.0003224657114016,0.054950946646094255,0.7455259138402142,0.05625535660652449,4319.367257777778,5111.594495833334,0.14594426117153803
11977,material_r_cable,3,True,1.1619494470232907,1.201367124481136,4.9051666391054205,608.655747821035,17130.127091060705,2.463865564876301,0.4058662997914845,42206.33026161912,0.1261177453622263,0.02039927,11119.92846874,8917.97920016,529.35674976,331.56768127,464.2525919,0.9779553910223628,0.9787294884650736,,,,,,,0.8322603403394464,0.05441736426394374,0.6096413017015343,0.05520435242759007,8059.591073333334,9024.959166666666,0.15439266600931228
11979,material_r_cable,3,True,0.839198425812506,1.3317546215614826,69.50967696235668,214.48578508990187,7138.155511072828,1.1627571298534578,0.8600248274771103,8299.941214502684,0.4893132660284303,0.01812605,3757.5239118,3269.28590163,81.47868023,115.40225928,219.57782357,0.980603581585872,0.9800965754538066,,,,,,,,0.05371336703403672,,0.05541929010866599,3261.00747826087,3221.6213208333334,
11980,material_r_cable,3,True,1.2875874432848953,1.2073115858319403,24.21194902912477,1780.0457229791998,4070.6807104055697,4.398337992694733,0.2273586071968355,17904.229624706404,0.1936790728808309,0.11638021,6292.54499076,4812.89440622,61.34895778,442.79365693,217.62047501,0.9888916583530762,0.946052546798056,,,,,,,1.3509555959866926,0.0553121847622084,0.9159723120376182,0.054385921265710624,4714.032673333333,5014.520863829787,0.19188227486606493
11982,material_r_cable,3,True,1.0163684666184127,1.3707269037252368,2.504983571716372,1731.1168349223362,7842.558601291071,2.4724358389735164,0.4044594339868374,19390.222955082056,0.3558235940078265,0.05324497,11717.76785829,9102.07650756,744.35254947,286.19176479,543.66542768,0.9607401227416668,0.9676223647438672,,,,,,,0.9626620883336757,0.05538981703016413,0.6936481594970391,0.05511903623444045,8245.602182222223,9131.377577083333,0.1624175960928617
11983,material_r_cable,3,True,1.1355391098325696,1.0453974030054605,9.144674148224352,947.5178890052974,1532.3647091041073,3.0795630300318417,0.3247213939925952,4719.013706682506,0.4482297923349232,0.24813196,1520.88218211,1146.92120022,41.75832924,59.43569731,43.59734839,0.977152904766816,0.9646457310617156,,,,,,,1.7031970072096754,0.05438168993813975,1.3648207199624114,0.05472042056343776,1067.8379121951218,1250.8793909090912,0.11029150328905002
11984,material_r_cable,3,True,1.1380727061102405,1.1598401289351727,34.75794819922446,1764.3493360669474,13446.453603272284,2.3341461580006726,0.4284221862338544,31385.988016812295,0.1023649093814954,0.08378173,9092.84265106,5577.59843929,724.94739496,458.41644,282.04937153,0.95679766904229,0.9620474970126812,,,,,,,0.9969697457467525,0.05500366055857541,0.8332041988697503,0.05582791911379502,5140.86884,5752.984322916666,0.0894808645695794
11985,material_r_cable,3,True,0.886409013987248,1.0610082863438666,47.81405552544224,414.2665353609606,16988.547805462676,3.242124770786097,0.308439702571205,55078.991659774336,0.1355770151719019,0.02288454,5461.14751003,4081.99896641,216.20448489,0.0,164.16038375,0.9428322401935124,0.987377942955154,,,,,,,,0.19795466043264692,,0.4030274158786078,4101.388666666667,4007.5844166666666,
11986,material_r_cable,3,True,1.2548491803129416,1.386179585268574,38.07909130040761,1035.1231786844578,13591.211245068946,3.906225174321282,0.2560016269860206,53090.33151500681,0.1353648471419631,0.01452665,29035.51765603,23755.52128817,909.00500648,1005.60465469,1178.5552383,0.9732074702315512,0.96533647707263,,,,,,,,0.05456771137094302,,0.055043140722090725,22853.339391304347,23645.994395833335,
11987,material_r_cable,3,True,0.9472483147084028,1.2334533026040355,12.52147534699758,690.6683741178949,8956.191440874823,1.0442082016182903,0.9576634223426156,9352.128557825026,0.237260155295795,0.08886785,3103.65506156,2566.94255149,71.71380126,116.96023907,136.36286377,0.986302463083408,0.9711310332296872,,,,,,,1.2089422456115968,0.055708390939186114,0.7846581169209483,0.05468657050587117,2446.0617222222218,2673.6519020833334,0.21282305955826797
11988,material_r_cable,3,True,1.0055750330821611,1.020135370878934,89.49922776156703,983.6691945174932,1342.3151846110582,1.975276087146184,0.5062583435841459,2651.443085575438,0.2722312163825994,0.39294149,1286.30846945,869.40455888,10.53512457,65.77388971,23.37338498,0.9860012827978124,0.9543989063215716,,,,,,,1.9254788733276582,0.05333197704217316,1.8488821371061201,0.05412501221915656,1018.3972648648651,822.9839186046512,0.020293961285048085
11989,material_r_cable,3,True,1.00996362031742,1.3464826113192538,9.055567579323188,1159.7866458044489,17671.05223790026,3.34651553199602,0.2988182754387376,59136.45078084624,0.138379825617872,0.01475564,33926.24520585,23776.92922941,3409.84517481,575.22373335,1306.56850225,0.945371020360366,0.9712737806653402,,,,,,,,0.0576593451964484,,0.055941698150477,20644.044615555555,23842.418775,
11990,material_r_cable,3,True,1.0185109850354583,1.248026337040798,29.105543118340652,521.2102820359162,10623.212214372945,1.278227068355105,0.7823336125144469,13578.87740529207,0.2658945004471719,0.03924185,5345.03729877,3765.80401394,338.88902613,136.38294347,211.75454265,0.9665129421308304,0.9791170250786042,,,,,,,0.8859294451000289,0.0543674152074769,0.6979828157489211,0.055749390621417594,3450.3848333333335,3766.3735,0.11865974776303054
11991,material_r_cable,3,True,1.143439617829928,0.9269357464342108,47.0329341020568,1599.3604678352117,1169.357480818081,1.4421043401693092,0.6934311007500301,1686.3354982972044,0.3465709254402015,0.51760305,1677.59289791,1168.15469863,55.1671036,57.74208027,39.44018619,0.9652264548357375,0.9627388108846202,,,,,,,1.8424030049031972,0.0943180085968625,1.8408859296693592,0.06423114358813195,1215.827176470588,1283.3545314285716,0.00041188059388941057
11992,material_r_cable,3,True,1.3665147997479823,0.8298493968644703,76.71691045434447,494.7520265602234,13284.461210131132,2.8736122366025896,0.3479940637997417,38174.390290105264,0.4692530237680897,0.04842316,6768.98481928,6068.91572843,44.28042824,102.67064711,363.31914715,0.98750319391344,0.986968856013387,,,,,,,,0.14992704622730976,,0.07366544269537321,5951.078015555557,6132.858714000001,
11993,material_r_cable,3,True,1.2938037014000785,1.1743404793543308,52.35601975207943,1883.1172410147683,17412.680712024212,1.348449450244685,0.7415925007930726,23480.11973341528,0.3207484207080792,0.05005297,11470.10530827,7998.02746169,600.87321254,1640.04978329,489.21957576,0.967794056776777,0.9407380021422946,,,,,,,0.9337987206184192,0.055831136512968234,0.8015707710969618,0.054247778917084516,7414.165051111111,7940.797344680853,0.07619584771583855
11994,material_r_cable,3,True,1.1714880774027878,1.0982063042169057,81.33344514595319,1798.6481357111595,14144.87298296064,1.1287610770237098,0.8859270755834141,15966.182062610224,0.301012475696137,0.12032521,4486.81106753,3735.84305406,237.78602827,113.36447149,212.37760819,0.9752098680450864,0.9847303113195228,,,,,,,1.1941444922525644,0.05394784919945154,1.0811144362653744,0.05559286683126383,3532.8200377777775,3800.470219148936,0.04967788701781543
11995,material_r_cable,3,True,1.0065681050361228,1.2843608636969983,2.9926935277775497,1392.1965789345168,16963.637404611174,4.152980539080938,0.2407909188568704,70449.65601337567,0.2572710020982715,0.02017599,27665.05859394,23234.85031445,914.46270573,396.81410921,1249.05957736,0.9766394126686476,0.9783296111297,,,,,,,0.8445892001437524,0.054738624843042344,0.5978265904061683,0.05501542184269454,21849.051479999995,23274.495985416666,0.17107592093366222
11997,material_r_cable,3,True,0.8681788567580622,1.389505662750387,78.99753150722707,1553.4093552515037,9647.067015688546,2.964857520383224,0.3372843359672625,28602.17919110513,0.4702700417054707,0.02479326,19191.38528709,14689.96802919,1441.03841983,1127.04748917,1017.97470087,0.9382217647238976,0.959031361672366,,,,,,,0.921346220482217,0.05690685508085698,0.6717993076784861,0.05783847741031761,14640.482064150947,14284.673910638297,0.15663786414530162
11999,material_r_cable,3,True,1.2961615470998185,1.1172408540247225,66.8897309544956,1416.670564451415,17165.676107775467,1.1054363680612385,0.9046201381576062,18975.56265189489,0.1828725044713908,0.05705463,8005.42040417,5844.18404545,680.66777045,534.93932359,349.01464896,0.9610121099804672,0.9623094285367294,,,,,,,0.9324062116533975,0.05506094585146535,0.7281921632677149,0.05510016829348849,5342.326168888889,5992.0080895833335,0.12297618224237031
12000,material_r_cable,3,True,1.207280738025334,1.1801196097125244,75.12918222909049,415.414291939741,18486.819342480245,1.9749619197980928,0.5063388767021053,36510.7642195853,0.160829741428162,0.01080022,14266.34579932,7684.01762284,1120.78829356,2629.35149598,434.4276668,0.9544928289121642,0.9368411141808974,,,,,,,,0.05718337113289249,,0.055220992638014346,7730.940741666668,8179.395029166667,
12001,material_r_cable,3,True,0.9699586363645658,1.087280356396014,58.12235558951305,1418.5332143392711,13910.26661153157,3.378914264967886,0.2959530552070709,47001.59828321052,0.3181798826975262,0.0833181,9815.23419313,5152.34120529,471.19845763,812.93140686,237.12428722,0.9574876365184298,0.946575187733832,,,,,,,1.0539721173168495,0.055103895111550116,1.100094606712426,0.055840231735242406,5252.979914893616,5308.026580851063,-0.021411820200862852
12002,material_r_cable,3,True,1.2077891547723112,1.0095171136020322,63.31274443826787,1383.337629954408,17410.121292579333,4.030727238170934,0.2480941877014185,70175.45011385928,0.2058970715190202,0.07336156,7487.32511814,4182.60234725,370.559921,651.26404461,251.91489453,0.976561389650013,0.965727924817454,,,,,,,1.01022009182264,0.055071821994612837,0.8357560860426058,0.05477126534998969,3932.403211111111,4696.5530874999995,0.09451043186363912
12003,material_r_cable,3,True,1.321876614077132,0.9259242259645376,21.77406703467925,1054.181792907225,13358.799812337746,2.519312446491493,0.3969336956964765,33654.9906374107,0.1125654375283347,0.09130637,7044.84898902,5606.76366268,188.43653718,361.64135965,294.61021592,0.9768970714147116,0.9502513949897236,,,,,,,2.0555855821288085,0.0587994546631543,2.6852622197893425,0.08123678675635679,5832.365165217391,5344.934223404255,-0.13281941626680493
12004,material_r_cable,3,True,1.1058356982027695,1.2525041327467392,6.246871657372208,1100.5161004326428,16265.370153872238,3.619832572667997,0.2762558709346466,58877.9166894886,0.416425419449541,0.01301922,32213.29887607,19925.33715191,5166.6442646,2322.32450094,1070.82023124,0.9338008678350416,0.9379822694631896,,,,,,,,0.05959629880418428,,0.056476576115905036,15875.192595652174,19842.080622916666,
12005,material_r_cable,3,True,1.1947867639574918,1.0680457929058793,73.28645089311654,309.3773068155161,15516.861641417378,4.7742187084368215,0.2094583556117438,74080.89114468053,0.2262357912664335,0.01164088,10954.0237402,6472.55912958,782.02008777,823.44402089,348.8105285,0.9625837585510696,0.9673900396013824,,,,,,,,0.05485722589381891,,0.055652191882974704,6432.524130434784,6435.077389583333,
12006,material_r_cable,3,True,1.2224063750668377,1.258964995933304,62.08747012271541,1533.1343426123938,9618.467679549998,4.845347790929113,0.2063835338862737,46604.82112323065,0.4234251308025414,0.02758247,22570.69923318,17283.19515605,1451.81137899,248.03046579,862.44348555,0.9492721367699702,0.9872622856287018,,,,,,,0.815954050867468,0.055215014351415896,0.6813292674654015,0.05730334248039196,16572.520268,17067.83319375,0.08991269838761226
12007,material_r_cable,3,True,1.096580160661739,0.9698977187399862,52.28282541526938,1860.5971885109836,5055.136233688045,4.313171043405822,0.2318479814355721,21803.66722361484,0.3125449748316689,0.24831411,3100.4446291,2146.13780899,109.42345714,102.90618477,77.55552461,0.9768532109928452,0.9767882727172762,,,,,,,1.5330152260346126,0.054384225227214616,1.4950099313897187,0.05626305106533662,2243.9711023255813,2222.8196022222223,0.01255118193179794
12010,material_r_cable,3,True,0.9070964778195048,1.376940148820417,31.510521408397288,1814.387318136291,8215.180679000032,1.5146894913076203,0.6602013189757509,12443.447843674749,0.1122127702542756,0.09918013,7447.64250053,5972.72966547,305.18720009,142.72225864,352.34001891,0.9679883180039894,0.9745538282345448,,,,,,,1.1946537860641586,0.054866814290278565,0.9374025273843161,0.05566429063095384,5716.5712955555555,6025.63604680851,0.12065875420699085
12011,material_r_cable,3,True,1.0704805258314467,1.352865359417735,79.70809692193937,1012.3393147255788,13520.312615290792,2.588893088257268,0.386265467869574,35002.64388080388,0.2369763307881903,0.01729655,23588.48782207,14615.11033346,857.93659958,3669.9082264,819.76877294,0.9557419813901123,0.9335645535778896,,,,,,,,0.05550789983891434,,0.055681648473642875,14991.203742000002,13838.955976595747,
12012,material_r_cable,3,True,1.159514833571767,1.2263570464628482,58.442219488130085,1542.148301418349,7211.648093071524,2.1789564194475077,0.4589352917180227,15713.866907194571,0.2927619227001765,0.08184756,7117.97472772,4623.69544307,519.98115904,672.24818032,246.037974,0.9488057699565592,0.943372327551572,,,,,,,0.9642366064344899,0.0558601136414976,0.9144868374716795,0.05541883428456598,4516.4954106382975,4543.846589361702,0.02648062391736203
12013,material_r_cable,3,True,1.0256412033384892,1.1476590307965462,79.30944567786554,1165.8040297451296,7442.187880506183,3.396097295608505,0.2944556392106611,25274.39413439744,0.2856481872846194,0.07374091,7228.68119967,4488.63911156,505.59726512,553.59495897,219.66000813,0.9427435436767758,0.9533279840456166,,,,,,,1.1547533304423498,0.055557528178050146,0.9724304238298164,0.057146178988021136,4699.503004081632,4242.502153191489,0.0857109341148183
12014,material_r_cable,3,True,1.0822849705723434,1.3759335259875014,48.69176789862891,1638.9122069038983,9711.751421203824,4.705519061310751,0.2125164061542328,45698.83143118637,0.282862990578394,0.02047273,31533.49675244,21380.23834438,1657.7435801,3412.07493423,1171.53970517,0.9495777098875592,0.9329478384183484,,,,,,,0.8167330718069605,0.056625007404631944,0.6578403068776139,0.05620161817984926,20829.570356,21141.421252083335,0.10775507494316117
12015,material_r_cable,3,True,0.817723061985322,1.3280168640080294,39.27576432422462,454.6726255728428,16402.28749028213,1.7278843772143984,0.578742428131763,28341.25630503766,0.1021412401549459,0.04239773,13188.83997375,11583.40216695,34.48304586,356.58036726,684.80369036,0.9815925577655632,0.9497767185665016,,,,,,,,0.15451804662585356,,0.15294493927474515,11554.328940909092,11679.283597916665,
12017,material_r_cable,3,True,1.1705494426373486,1.3579251242933756,10.68584465616347,1670.8130585937035,1672.883807261239,4.177305378504532,0.2393887708439449,6988.1465256855145,0.2824097704709434,0.15221452,4457.83731338,3586.15524581,225.79706442,129.46187899,175.22893517,0.9582859559520532,0.9554500604626674,,,,,,,1.3574147699302201,0.05574578044246686,0.9588728775742017,0.054975904170463975,3250.055956818181,3722.62435,0.172060621566328
12018,material_r_cable,3,True,0.8429744494231132,1.1186985892678023,28.695138330433856,1567.260511496382,2149.1673530768235,4.2361305039399415,0.2360644930721373,9104.153382440594,0.2482558894177554,0.24737267,2968.8326278,2362.83595738,28.90425661,153.14917793,124.05109938,0.985251296752913,0.934656215640938,,,,,,,1.9865714186136911,0.0625625373637594,1.157634802907547,0.05464093658288566,2324.8908666666666,2526.5355244444445,0.2636393917270114
12019,material_r_cable,3,True,1.3593991940593306,1.2057218503479783,88.54953769284128,392.6783172769332,11651.06507168827,1.4014964079661922,0.7135230560106599,16328.925846951475,0.3234418311566387,0.0147658,7583.15633832,6491.68796579,137.75524852,422.02999563,405.57716401,0.9890787064462612,0.9691261019527844,,,,,,,,0.05412170850447998,,0.05445795076077176,6314.468182222222,6339.052025,
12020,material_r_cable,3,True,1.1516537964240434,1.2126795636327754,71.7398180566565,1489.9774317433585,2101.2893464645736,4.980479199435459,0.2007838924642734,10465.427882062138,0.4003331442810981,0.14837035,3982.39770824,3558.91786454,53.18879848,57.61255923,163.11487267,0.9834006546711888,0.9859966717598672,,,,,,,1.3338177114925107,0.053792814563039235,1.293592476086134,0.05598057874875363,3657.005162222222,3488.357065217391,0.015309842215176672
12021,material_r_cable,3,True,1.2609609186710584,1.2219070847644933,31.6585141602066,1242.9735171033433,5896.71874108986,3.716021726092717,0.2691049928417586,21912.33495454801,0.4285979454826691,0.05188815,8628.39890853,7459.6138691,113.02174868,243.30648171,381.61772338,0.9895909577528283,0.9745976287567388,,,,,,,1.006853394814839,0.05378782464622819,0.7608986457727872,0.05477751291536579,7278.840133333334,7400.419364583334,0.13913419042655603
12022,material_r_cable,3,True,1.3878109601366098,1.095465046377127,63.71056138012843,442.6131707990427,1776.0415156568524,1.3678076519823434,0.7310969481350063,2429.2831753537616,0.1192844805939447,0.1230812,1290.34578018,839.32883506,200.92331047,13.74130007,48.74487899,0.9332394383414192,0.982700168685968,,,,,,,1.379301745351849,0.056860786578791296,1.1489504854656474,0.05790393191405818,793.1537318181819,876.5095106382979,0.09111086982477173
12023,material_r_cable,3,True,0.8959192302624144,1.299423985348834,73.76307674872994,1723.4544002804892,8454.747616562816,1.456246405157985,0.6866969741233538,12312.195823137645,0.3094468675146473,0.10282448,6192.50556098,4587.15639548,383.11292834,437.9885309,272.03206806,0.9434248234066736,0.9525423460575048,,,,,,,1.1835881647012525,0.05480438826046634,1.1155702506509768,0.057182073209619634,4825.96406122449,4432.708221276596,0.029583831020993562
12024,material_r_cable,3,True,0.8388949804801447,1.3936085512462846,68.8352860190708,1255.491298097944,8069.926908684287,2.3462685565664447,0.4262086695921165,18934.215759635397,0.2606500143613264,0.03994173,9940.02317833,8986.07118596,278.21179905,205.66059527,597.3053408,0.9672177518467572,0.9821750768282452,,,,,,,0.8440373744863805,0.05336946252660136,0.7534761662756029,0.05682395202759981,9073.110299999998,8882.111902083334,0.05668885170612179
12025,material_r_cable,3,True,1.3523252125884055,1.0883187527553866,25.962994411430447,289.7656824008013,13218.212334963537,4.337593921150559,0.2305425584271261,57335.23747261517,0.3434291583122681,0.0066533,18382.78601991,9546.31075666,2430.7550211,599.27833537,546.84270652,0.9428795172014198,0.970431393840083,,,,,,,,0.05776863439848452,,0.057929857238534825,8420.110456249999,9532.3255125,
12026,material_r_cable,3,True,0.8615283587934649,1.2792937715810428,58.97704125259281,1842.7992704949636,9209.812388614351,1.936076803036972,0.5165084352187777,17830.904125918776,0.2569386613135072,0.09478413,8757.1993528,6106.74474839,64.16597359,639.62394331,355.12538804,0.9863402700578662,0.9471335801489136,,,,,,,1.168779377076135,0.05430319864677582,1.0043727287741102,0.054920092611629376,6213.974537777779,6047.967908333333,0.07565353932632375
12027,material_r_cable,3,True,1.0412543954870015,1.108753056142343,16.39812924440705,630.2851479668021,17828.214009750325,3.4931014375106297,0.2862785458393825,62275.75998570601,0.1627670977942155,0.02114735,19169.8217916,7479.74904802,3768.65022619,148.39238478,346.77805235,0.9326118647361836,0.9875805236029086,,,,,,,1.1638981925109717,0.058825408565542824,0.6576343882122179,0.06214555066147044,7099.991289130435,7703.630540425531,0.277932884460269
12028,material_r_cable,3,True,1.2576582334143107,0.8885083662936397,75.555675993233,1766.3569011212626,4350.185890510109,4.184910180007787,0.2389537545577953,18205.137218122,0.2897523779337846,0.24443422,2744.68427564,1918.00189698,157.57509658,163.29052357,104.63756546,0.9639216131657448,0.9601765281124268,,,,,,,1.704042702647436,0.05468581182231353,1.1061773601724139,0.05462244716278169,1709.323092857143,2096.3122044444444,0.21274680598326814
12030,material_r_cable,3,True,0.9753378756982044,1.177143219375401,80.15834356211946,1969.3065813327987,3093.161557494208,1.7929844983788723,0.5577293060281058,5545.990723568564,0.4408860238536013,0.26009039,3054.19210944,2223.32421486,94.78981782,185.2522479,103.28637974,0.9621687911613912,0.9498813168815302,,,,,,,1.4114563493284928,0.054343018109100666,1.661953446919165,0.05559809617221416,2371.915614285714,2096.8770886363636,-0.08150462001406561
12031,material_r_cable,3,True,1.0940814689313378,1.3468377667931906,4.993286976916593,788.1028154333484,4094.164589803979,3.8831192129369,0.2575249291004061,15898.129179593754,0.3103328244810142,0.03645556,8632.72914184,6860.169232,447.02579499,86.55709902,372.66328495,0.965126946922112,0.9840864307039564,,,,,,,0.8978927475416723,0.054500185762600614,0.6888435491652986,0.05556034597809383,6263.272197777778,6852.829470833334,0.13174791476707468
12032,material_r_cable,3,True,1.294940703388407,1.02525046621985,23.065768909789675,1907.088948911344,11252.165481697462,1.922240581238872,0.5202262452265503,21629.3691157341,0.181869065940674,0.12105771,5006.02125102,3954.19734469,258.93475346,264.6090781,232.5524136,0.972380575039558,0.9714926389439263,,,,,,,1.078528316008394,0.05387307724874689,1.0798285581410991,0.055521115776397394,4030.97922888889,3891.0355617021282,-0.0006024222167696157
12035,material_r_cable,3,True,1.2467393879921618,0.9934780580038564,77.14671336594759,1693.5181187290927,19772.24721962037,1.5565414812725502,0.642449952045255,30776.322975314957,0.371658315665175,0.06593743,8610.22975021,5846.64646416,1116.51499084,471.00666557,354.67937993,0.9495117964832388,0.9660179321840278,,,,,,,1.0084867463983096,0.05603581496912382,0.7549363877036445,0.05586319813043818,5076.446784444444,6063.5911625,0.14378305115283005
12038,material_r_cable,3,True,1.3063072547326589,1.0521069900712408,7.507072546487857,1671.9614158129712,9805.369438160422,3.019760166334148,0.3311521263007965,29609.86404554708,0.2987386429352873,0.0742361,7017.7575964,4426.81942978,947.62093335,834.31235336,268.80215414,0.9449834833477276,0.9430717705330294,,,,,,,1.1197582741577727,0.05602830359237216,0.9287441695028754,0.056224459862030104,4280.784431111111,4603.675691489361,0.09324572945764102
12039,material_r_cable,3,True,1.354483080116175,1.0302621477670224,27.481610980058925,1334.405530400975,4989.237665884437,3.727446720381802,0.2682801593197743,18597.1175749063,0.4397995271982559,0.10115873,4129.33425456,3245.21369968,196.87099355,94.27183281,193.59711115,0.9745612405368774,0.9837224830515436,,,,,,,1.1012279683738528,0.05386588603150229,1.0237725807005464,0.05572180405958722,2999.6196911111106,3254.7819000000004,0.036449584781069425
12040,material_r_cable,3,True,0.9213748116914936,1.364587430143204,7.943842462295484,1119.04459935387,17761.06391019382,1.6424200892977707,0.6088576281525865,29171.128173403948,0.4647835412366007,0.01800103,20716.23226475,13627.1567879,3882.29229321,511.67654233,911.15287308,0.93437441937014,0.9673813548109588,,,,,,,,0.05833971957168417,,0.05714190908665368,11459.073197826088,13496.723962500002,
12041,material_r_cable,3,True,1.086610282014932,1.03531915736206,24.86677957477965,1316.5558049062536,1374.0275536512102,4.414194258795005,0.2265419103401629,6065.224538753318,0.1109072460498605,0.33550385,2215.82770919,1422.54876593,157.03417093,85.94260458,43.17210949,0.931973805483138,0.9445607671064302,,,,,,,1.739107094429892,0.057891581633511914,1.3709085753075931,0.05590129688404864,1234.551342105263,1628.5712487804876,0.1183912102775284
12042,material_r_cable,3,True,0.9029858315900812,1.2922894955974311,36.46599268443715,417.25870308638537,13681.844746128532,2.0821998689618493,0.4802612923506635,28488.335337545195,0.3816468489005168,0.01230317,12308.84602851,9754.62955763,473.54230857,508.97038974,589.81744256,0.9723180325525864,0.9627897264280654,,,,,,,,0.054803801344286605,,0.055057976541215595,9377.502776595746,9782.617789361702,
12044,material_r_cable,3,True,0.9529257404065598,1.308064987626212,35.81802506138208,856.3474654099701,8580.917388422973,1.0145598462983136,0.9856491005913192,8705.854226696938,0.2841284409805912,0.03830123,6451.0584473,3150.24927556,978.85383143,5819.539058,185.65412639,0.9380900101484768,0.9312119624804606,,,,,,,1.224166085156129,0.06601384923366804,2.3477418077611785,0.06399233001501015,2950.6354085106377,3586.034081132075,-0.3145589853626892
12045,material_r_cable,3,True,1.251982423912124,0.9355831634066608,2.5690041474605327,335.4228511726409,13870.02110862196,1.801063282150816,0.5552275757938986,24980.785741395768,0.3992728759930096,0.02066155,7491.61812656,3984.41517483,1026.13260998,446.04390309,225.71565319,0.941961146111704,0.9637827240293784,,,,,,,1.0505493905406886,0.056961714611038744,0.6885831421670474,0.05965071223806282,4917.675632,3963.254380851064,0.2081303417457663
12046,material_r_cable,3,True,0.963673664129648,1.1774795901203323,1.1204694102348267,712.3629970378943,19316.85386774887,4.331000022781141,0.2308935568552254,83661.29454128032,0.3399944908653388,0.0126142,29416.57024975,16954.43089475,3497.37706851,231.19927372,877.32776808,0.9437339641360432,0.9862166348559356,,,,,,,,0.0578791671905648,,0.057090716890002516,13534.013731818182,17012.234018749998,
12050,material_r_cable,3,True,0.9359320894401616,1.2446107195605942,18.711114130898377,1200.4468683711457,4784.022039085854,3.876422889741625,0.2579697903049615,18544.89253734081,0.4161982641003786,0.05696731,8939.61704999,5687.9265542,813.59863827,378.70794292,323.03118046,0.946522728575802,0.9462414899696168,,,,,,,0.9848498456689024,0.05836822167702578,0.771241029899282,0.05598353065771084,4943.9248391304345,5704.193285106383,0.12163881649946341
12051,material_r_cable,3,True,1.1136392548317,1.2559302601793354,16.180714636608595,656.0171058010365,3921.803168199288,2.838734957987633,0.3522695900813846,11132.959751913972,0.2764902153947883,0.0499599,5230.22095812,3434.73677362,478.84722728,385.67238576,180.13004423,0.9504153300769403,0.9419231308580456,,,,,,,0.9343906786268109,0.05752359663329096,0.7870836918307414,0.05539384291534929,2951.4689702127657,3519.9062872340423,0.08557024683261279
12053,material_r_cable,3,True,1.2335771985859647,1.2348507232835997,13.879705205106696,1548.849461598643,9911.699528790909,1.409020176479886,0.7097130450596321,13965.784619272566,0.4381320438070242,0.06358209,7342.83860371,5895.52337145,152.15016649,643.23517698,349.15020361,0.9851434922027692,0.9521438517564976,,,,,,,1.0596804521065348,0.05472712006102562,0.7458344874144917,0.05415478861364135,5668.045115555555,5787.193408510638,0.17382629067323108
12054,material_r_cable,3,True,1.0211684046802252,0.8930184974385756,64.19389095207517,222.1824183186848,2993.103580722125,4.467626472410559,0.2238324994659722,13372.068791901,0.352529786921161,0.20920344,1319.31055589,392.70563688,26.78540288,63.843283,16.0570747,0.9766847839332576,0.9532141011176648,,,,,,,1.9771507520645175,0.056839827647347796,3.547360979999444,0.05647546739198151,315.54393571428574,440.0383727272727,-0.28422606450838234
12055,material_r_cable,3,True,1.0611001115588343,1.198660538192927,84.66596611475912,1219.1545375192134,13833.112652404085,3.1254979996449093,0.3199490129616499,43235.36592395165,0.4338314998592402,0.0299967,14694.95483075,11232.17517424,1186.8523918,627.33934373,601.59499783,0.9462616404260682,0.971931023629521,,,,,,,0.8792716431046675,0.05590363293963143,0.6894974983298409,0.05735836089674024,11009.194098,10815.612062499999,0.12097009034821661
12056,material_r_cable,3,True,1.0807728331106712,0.8422431060636015,40.104580308271856,1977.038323254788,4108.56251091453,2.2316451683491696,0.4480999104081304,9168.853676342944,0.2103806900196022,0.39034774,2324.29125651,1697.78620929,100.08183198,28.22235383,68.73099282,0.9694806283064004,0.9875186718681066,,,,,,,1.6971840481510665,0.05414743806118177,1.936542440251334,0.05556278329891351,1756.8872794871795,1813.621397560976,-0.06587132874865977
12057,material_r_cable,3,True,1.346945165022515,1.297293345102474,6.479456013827945,484.7992361373482,4576.413762942194,1.4254595376678052,0.7015281553597097,6523.492646700161,0.3721521366290522,0.03449167,4164.95536137,3343.90612731,336.45858904,142.89629236,202.27551336,0.959079468224941,0.9748603444191748,,,,,,,0.8490368032627534,0.054674509248249764,0.6927000613525239,0.05588763631537588,3043.6027456521742,3301.975252083333,0.1014029991098653
12058,material_r_cable,3,True,1.3981437559966652,1.3413512498736333,64.79019047117238,574.4764558575869,16096.289491810325,1.6648234783401312,0.6006642824361318,26797.48066012537,0.4043037669732998,0.00864934,21001.56072002,15966.85706795,344.10363288,2087.04921643,954.99863572,0.9857173850243908,0.9467375685461968,,,,,,,,0.05485917971243902,,0.05398691847709091,15569.88885777778,15337.007165957448,
12059,material_r_cable,3,True,1.0106517714083254,1.3215574397506833,18.87922925679849,993.916033137866,16809.984108181285,1.7530057198115754,0.5704487947178442,29467.99829158348,0.3850827120526651,0.02162444,14407.39269327,11698.96625765,582.25289117,1336.72719099,703.43193361,0.9748283097894226,0.9430895748438592,,,,,,,0.8541023991317676,0.05677078703791254,0.6436529537926643,0.05491822026263811,11002.162254347826,11924.43534468085,0.14050989364063474
12060,material_r_cable,3,True,1.2328922346558675,1.0197089932359815,8.836970872421428,1273.8285095260887,9135.806087550643,2.433396771368118,0.4109481905155049,22231.04103729093,0.3198535534522068,0.11061229,3401.5227896,2850.9839679,92.39827061,118.34881144,171.77466622,0.9877960913607582,0.9830775829331098,,,,,,,1.202244531132726,0.05343917862776236,1.0563489348055666,0.055294885438796175,2816.92562,2841.9324191489363,0.0645957754360852
12062,material_r_cable,3,True,1.2007663400686273,1.139769466824629,3.7028709574133103,527.2421111000845,19025.534470367813,1.970805435423152,0.5074067597064902,37495.62674603143,0.3989164285891021,0.0127947,14608.06211971,8739.15788162,2636.13576026,383.06677077,514.8687353,0.939366451509137,0.9781500299733532,,,,,,,,0.057857767263342706,,0.058637007586478454,7531.257162500001,8783.56553125,
12063,material_r_cable,3,True,0.9953710503564576,1.2497791759421455,12.370920717211316,1565.6327973834166,2397.067676436824,3.989638338950992,0.2506492857352411,9563.433102972524,0.2895658264277025,0.16505525,3794.42378162,3388.27494645,60.66718291,26.91459309,173.4898162,0.9865477719541232,0.9880897032103632,,,,,,,1.5873113854756418,0.054434532798715816,1.2095462504300356,0.05549486013432551,3237.4521068181816,3553.7734822222224,0.13506770248006505
12064,material_r_cable,3,True,1.380764245206174,0.9790803000077984,21.415303536191143,567.4484256482,12759.59675672921,1.3714345606594176,0.7291634823021936,17498.951972256255,0.1081285497664868,0.02606535,10133.85809714,5752.76439876,1948.92496256,192.76907986,327.73330462,0.9306555440987414,0.9828473593182102,,,,,,,1.3083222412654933,0.05625762476501009,0.7483465135600262,0.06551941780695225,7165.964279245282,5814.301645833334,0.2722731730093179
12065,material_r_cable,3,True,1.0854994727534306,1.2105233191843188,14.33206819310016,1061.764306638257,13310.425511963624,4.393456418648727,0.227611225584335,58478.77440048235,0.3175415133535194,0.02162659,21524.28556777,14740.12924144,1478.88374984,950.1741418,742.01853704,0.9588062300200304,0.9530349709885196,,,,,,,0.8312187105364879,0.0560263862249576,0.6143339206901164,0.05522960864588477,12786.829299999998,14831.313414893619,0.15003589987750002
12066,material_r_cable,3,True,1.239548708907706,1.119229599111433,80.82960947809491,441.3227000287946,14684.484149786178,2.4434745881734723,0.4092532841716649,35881.16386043866,0.3534078186863899,0.01290918,11246.02750343,7129.1500333,1337.0930372,1253.97250322,418.83585093,0.9472963242312532,0.95071264161462,,,,,,,,0.057288695438372554,,0.055714017401212464,6727.221791489362,7006.162806382976,
12067,material_r_cable,3,True,1.346567822868626,1.2645135883067438,77.94626139791811,1687.4590221963986,15746.75092039758,4.412270773108124,0.2266406690393511,69478.9288574837,0.2157442982971406,0.02472516,26905.8579237,21964.4007988,749.69698887,928.09938164,1064.71637548,0.9740952619270868,0.974671471451015,,,,,,,0.838885676056403,0.05399362607558027,0.6511595106129642,0.055248023779923584,21854.5401826087,21201.52707291667,0.12598689430557128
12068,material_r_cable,3,True,0.8317277269806372,1.3767322953288863,2.312621347756291,800.1720073490133,15608.018157615148,1.5260240865137815,0.6552976514836739,23818.211651265174,0.2071456464573297,0.02137527,16213.16858609,10935.77732793,2328.08269445,148.94499528,694.67144561,0.9399833483792908,0.983399117442647,,,,,,,0.9788162653065443,0.05886558964902871,0.6222197541124822,0.05591110106941058,9604.209932608694,11022.042379166667,0.22272860002454006
12070,material_r_cable,3,True,1.0550414579681595,1.0997712860958495,20.87463237512257,245.524410385475,16061.67472761845,3.950753580120283,0.2531162674968846,63455.71893286607,0.4766843433419414,0.00664379,21365.81249514,8916.63611263,3538.20772117,159.65947939,455.00682627,0.9350230169262664,0.9886852438583116,,,,,,,,0.05805825153325314,,0.060588014960468325,7250.280967391305,8937.818714893618,
12071,material_r_cable,3,True,1.3986330177540534,1.152083553601991,74.08252339701644,1550.2476768403092,19962.065390698703,1.7696173457758806,0.5650939184038991,35325.21717289281,0.3876710995466782,0.0231108,19401.34272025,13221.69964879,4497.91521301,504.24912413,841.87221931,0.9313821125535596,0.9787072190574568,,,,,,,0.9207468867864849,0.05700854009203952,0.6532539907159102,0.05889784497422925,11976.381929166668,13102.914216666666,0.16994456603799935
12072,material_r_cable,3,True,1.3496247628733846,1.0259020987891472,86.27492953968684,200.56438469615097,13144.794816952672,3.50354321171468,0.2854253364583412,46053.35665031684,0.2739825183705217,0.00563356,10956.21424752,5834.61029591,3021.96004586,1357.19910255,377.20860506,0.932405284122949,0.9483441633282738,,,,,,,,0.05849651336819851,,0.05763087156662029,5682.914613999999,6795.305487234043,
12074,material_r_cable,3,True,1.0129013947850556,1.028111490475731,87.75514123844307,1980.3617470427168,6531.31476261941,4.959971872297436,0.2016140465604706,32395.13751171328,0.3990364658915822,0.17580002,6952.38528924,3326.55914427,53.28415267,697.35280737,137.30957274,0.98214688132448,0.9358606609627034,,,,,,,1.4727515067053396,0.05479266909491289,1.8903268221574938,0.054697265080553246,3675.4681727272723,3068.459097826087,-0.12416461188798716
12075,material_r_cable,3,True,1.1088079224384917,1.267607180653576,74.05900943752582,953.8237515896556,4169.461514529814,4.389128361092483,0.2278356698028064,18300.301783906427,0.332683118316704,0.04326477,7814.87393457,6159.55563366,972.95587414,324.29625085,316.10970782,0.933201621780236,0.9669029617574124,,,,,,,1.1212536721203517,0.055921412630628685,0.7844358624717563,0.05950175352730616,6264.385275471697,5982.178763829787,0.17674327509002533
12076,material_r_cable,3,True,1.109849968371255,1.1002906236729828,58.78036497758691,1322.8428788671538,12075.587804484956,4.801822115392214,0.2082542784736872,57984.82457593637,0.3473484006207695,0.05473699,10681.27193844,7611.84792564,514.24207847,216.5645508,368.68089787,0.967520286054716,0.9846725934383164,,,,,,,0.8893043983957603,0.05388741351012678,0.8080442312931255,0.0565535879397519,7325.723626086957,7469.236997916666,0.04787476519631047
12078,material_r_cable,3,True,1.3094528585252307,1.2359987886901735,33.16014985028001,1618.0492558910078,6055.160031703456,3.448656164154428,0.2899680201215968,20882.164968275647,0.3751865379633862,0.05635561,11975.96576022,7362.63933156,1317.41676127,372.71153661,380.23144504,0.9400601712123292,0.9644204158818164,,,,,,,0.9854597818145721,0.05809288115985924,0.7775518429381425,0.05700616702559503,6393.306904166667,7249.4631479166665,0.1179277186590255
12079,material_r_cable,3,True,1.3300690919776446,1.1246162337707837,35.29308589744997,1840.8688970098892,13056.091172153898,3.4033648629458804,0.293826856734491,44434.64194272647,0.1745041136287763,0.04767177,13741.01605273,7542.40807673,1543.01734376,2126.08477305,429.19635428,0.9457480941882032,0.9337578469597928,,,,,,,0.9972197878292111,0.057477043099179545,0.9014046653696637,0.05553425742954496,7124.665344680851,8170.316868085105,0.050465547464173026
12080,material_r_cable,3,True,0.9442344900047736,0.9508278143690356,44.63273674482917,1002.4090794252749,6289.505184279991,1.0978654966915822,0.9108583911357996,6905.030733083834,0.1363339725883988,0.31484651,1355.5542999,945.17890405,27.67850251,74.34066516,23.49789788,0.9859029347227426,0.9689887080600256,,,,,,,1.8172101522066046,0.05414739628947718,1.562803090971762,0.055251627983241805,986.0368275000001,996.0211659090907,0.07526806640426446
12081,material_r_cable,3,True,1.3124639968423717,1.076636235361807,52.921017289122986,1011.1562028095932,11913.070409068534,3.95930081040718,0.252569847022348,47167.42932506284,0.4096036057169895,0.02501018,16156.20947266,8116.63032845,2986.3702877,721.00638183,466.31124182,0.932469637633067,0.9633656573979038,,,,,,,0.9911933097116018,0.0572070058113999,0.6496724145593976,0.05903535849186809,7498.967602040816,7957.528578723404,0.20813457804655797
12085,material_r_cable,3,True,0.9233049868567208,1.0030030474930247,32.38450698289278,1681.964639008082,19516.819873177137,1.2003243478433008,0.8331081526395459,23426.51408624652,0.3900073747907571,0.20861063,3884.4303019,2161.19713023,222.64086146,431.38317108,83.22687637,0.9661395805757887,0.9421231899033508,,,,,,,1.5698748726705358,0.05639708144880821,1.6925372315349063,0.05531606355194316,1927.8028022727274,2535.932782222222,-0.03759867084426626
12086,material_r_cable,3,True,1.38430723462382,0.9391010157491048,9.553103175257236,383.8925543479416,9956.11831319298,1.776050287522512,0.5630471203576912,17682.56679275454,0.4551189427857406,0.01925795,6294.70830689,4658.83126296,105.42700852,587.17211685,324.41024224,0.9874414662325772,0.9573171002532058,,,,,,,,0.05423027002547818,,0.05397650654954309,4579.02251111111,4475.276865957448,
12087,material_r_cable,3,True,0.9541782250239031,1.3331973681336604,65.54791180056087,1099.4157346089758,4209.292592507396,4.301252793716666,0.2324904040657212,18105.2315230933,0.3107215617719646,0.04211338,10947.1703559,7362.79443042,177.41592365,1022.7724761,431.28838615,0.9716586635057114,0.941367599781818,,,,,,,0.8921256373139692,0.05471304503082511,0.7599968888525762,0.05506723644329678,7430.53703877551,7111.912746808512,0.07997515097622579
12088,material_r_cable,3,True,1.2288500761754138,0.949455768890166,76.19389801731023,477.3854383343877,17482.382623186095,1.3044879736126769,0.7665842999154517,22805.5578820415,0.4348092177428754,0.0253809,7101.40738882,4577.17439031,923.91485583,382.88150257,269.0763045,0.9513311441882508,0.9659753364685872,,,,,,,0.8902538257480876,0.05687811501014298,0.6336298632740262,0.055731416483082906,3905.550568888889,4805.636879166667,0.16840127912829017
12089,material_r_cable,3,True,1.1750936150402886,1.2216628080312275,56.902375885245206,1724.4722799132355,5264.103701798048,2.567819680976217,0.3894354449451943,13517.269088176785,0.3747388732772749,0.10075492,6442.73488404,4413.05818191,395.0348228,527.96813623,228.68782672,0.9513417662063176,0.944529369736652,,,,,,,0.9986982593022475,0.055552260219082154,0.9353775923211143,0.05524428489039311,4239.066330434783,4305.262680851063,0.032739495158881804
12091,material_r_cable,3,True,1.1075056937981191,1.1982489821558069,7.867982979568332,1897.4074228985887,3555.313197825113,3.923346079492226,0.2548844735434157,13948.724096054128,0.2602161352019357,0.15426291,4887.63488247,3984.00586033,55.64572142,376.08364724,181.31041357,0.9868696203644988,0.9340880898821494,,,,,,,1.6309568204356224,0.056382232437548904,1.170815207716044,0.054449667700610896,3821.4347088888894,4168.008699999999,0.16423235298809608
12092,material_r_cable,3,True,1.3581997271981974,1.0663300613583648,42.99151447742762,737.5124882447421,16912.84217586732,2.928542694264996,0.3414667650085188,49529.98039339314,0.1557655265243363,0.0214209,10574.81087234,7082.25304795,910.69001933,1318.34945019,457.43513032,0.9645485093939128,0.9521874795382768,,,,,,,0.8124322470544314,0.05526740686303891,0.6450814351070522,0.054858516639377346,6871.008163043478,7520.387653191489,0.11481937630883782
12093,material_r_cable,3,True,1.339801814328053,1.193570394030423,18.467826936482624,704.6355194295229,3612.535683983817,2.174106161765752,0.4599591398001587,7854.036090147872,0.4638473901415224,0.05216931,4348.47210753,3139.73134975,404.85771395,250.32082691,182.74728544,0.951586556782674,0.9585841113854152,,,,,,,0.8883640301929533,0.0557665734129846,0.7372130614942002,0.05568668018690623,2740.5846586956523,3084.6321510638295,0.09298295938821123
12094,material_r_cable,3,True,0.9307490891816904,1.1697512771173937,30.24583928435808,1414.4687504969395,10059.218756069897,1.8427278666917188,0.5426737273992156,18536.402718958005,0.2204834107557548,0.122749,5105.48742699,4022.77079719,124.42415394,251.66607068,200.20083472,0.9814821560871942,0.958744565540449,,,,,,,1.3380099243253811,0.05598887517432013,0.9465531812103332,0.05494210382794352,3873.6500822222224,4214.810827083334,0.17134862336107545
12095,material_r_cable,3,True,1.3820485535631948,0.9312812770408596,25.58581834810677,920.0327391974976,11960.623253797674,3.936974789877155,0.2540021344742222,47088.67222141992,0.2615550930039617,0.05589254,10050.44398548,5655.88940219,128.58589201,1764.64164355,329.27747155,0.9888333312838165,0.9343979155657236,,,,,,,0.9731385656953991,0.057622073552374385,1.911524772862434,0.0730481795554949,5538.029822222222,5642.829289361704,-0.3253018106564125
12096,material_r_cable,3,True,1.275812538846008,1.041087838507322,58.94245618238971,643.8249967826002,15264.969937923664,3.520999960724174,0.2840102275361363,53747.95855188493,0.2579183562655595,0.01871711,14061.70286925,5797.31843715,1081.37046436,3208.18165011,352.71974882,0.9550138734146176,0.9305151870770536,,,,,,,,0.05868364478557469,,0.055500416317460194,5351.216486956521,7217.6973960000005,
12097,material_r_cable,3,True,1.3020251665125564,1.025408420540608,8.547353371435984,426.5080129947256,7639.422806634396,3.5766051435439605,0.2795947441402847,27323.198903915614,0.3753817535219539,0.02939696,4851.69749485,3241.66870997,454.41558075,110.06615,207.37941937,0.964386155272924,0.9858972352241246,,,,,,,0.8298604138166576,0.05397531959250665,0.6839170043262098,0.05717700234045274,3041.020968888889,3251.85073125,0.09641008495786264
12098,material_r_cable,3,True,1.0369185856287368,0.9189988736243886,57.8653744784236,1928.105952777039,8239.914874372185,2.5249966379880746,0.3960401312838195,20805.757355097696,0.185737423440595,0.18667278,5948.67507478,1613.61242239,1801.89429825,1141.59097117,50.15909088,0.9670266305300348,0.9718350252717765,,,,,,,6.686463407711507,0.05995558312890395,4.733300109415261,0.05947375397286107,2283.341890196079,2487.741236956522,0.17103360287338643
12100,material_r_cable,3,True,1.3153188053662874,1.392086041744442,78.1735717611994,966.6179488638046,12587.235625144664,1.3259736191788616,0.7541628170696729,16690.342377330173,0.1304513396074718,0.02837067,10501.25232928,7760.04378646,767.44139186,1093.99902025,460.06800666,0.958923381249488,0.9514947077248278,,,,,,,0.8196412047470952,0.05519100715788731,0.6558786696626757,0.05506377673521176,7724.003554347827,7596.546319148937,0.11098632958090575
12101,material_r_cable,3,True,1.054199941801659,1.0319011749502678,47.46880939603117,1580.9627720917138,19356.65243742122,3.970172415925838,0.2518782297687194,76849.24757171336,0.4246383195264472,0.08437816,9226.40402434,4909.74305779,590.81496071,404.94564749,246.36386279,0.967437608022316,0.9727461981541848,,,,,,,0.9862028184599039,0.05438701767569582,0.867168941940061,0.05618316025015858,4499.491131111111,4969.72725625,0.06422558013625658
12102,material_r_cable,3,True,1.2516870486613498,1.2754174257330024,14.762997065258109,1299.8953376777931,18530.856240879173,1.934449533758411,0.5169429248728531,35847.00621531286,0.2197523551330117,0.02188052,19731.29401433,12119.04367192,3138.50248183,2419.69454576,683.83017927,0.9383713858692984,0.9371886028197914,,,,,,,0.8931692158594741,0.059617669809400725,0.6812036443408712,0.05609517001787971,10442.228860416668,12705.215241666665,0.13463492472274285
12103,material_r_cable,3,True,1.1270681250938126,0.990050007613888,69.85102631140508,477.9642062164992,7103.135253344863,1.5312416538278892,0.6530647840594855,10876.616572694971,0.3310099716016128,0.09820727,2124.54795902,1140.17605596,336.40581366,18.70152275,61.41733428,0.943249308136626,0.9895445037390712,,,,,,,1.4667013685116563,0.055675343265300055,1.046282723375571,0.059037865935128706,1099.5252422222225,1224.3065020833335,0.16729857005197157
12104,material_r_cable,3,True,1.0453736816793435,0.9918137091854043,6.824009481699327,1207.8794725326284,19614.34958495335,4.570293447535976,0.2188043309427186,89643.33338579228,0.4600244860937148,0.00161886,13130.30161431,1385.83344848,0.0,6889.68894702,69.46980604,0.973903756537884,0.9347400337011904,,,,,,,,0.10599452469058113,,0.17978692970389784,1142.3216666666667,3731.534642307692,
12105,material_r_cable,3,True,1.303028020558497,0.892714496812778,42.304976745472864,1701.6271351622258,5246.222743329526,2.110384209586457,0.473847366492548,11071.545637495974,0.4122180408400122,0.19352226,2787.30529407,2321.69330549,115.96023315,75.70517767,142.20155149,0.974319358255688,0.9806320001333202,,,,,,,1.4262206634007097,0.053343589799190516,1.3955486317097945,0.055315294176115505,2316.568804651163,2356.4898177777777,0.010869787173622959
12107,material_r_cable,3,True,1.1178804774535804,1.118020482074741,59.90476144779832,1866.1418276901877,2804.186465524745,1.8520642811445056,0.5399380627231998,5193.533590467238,0.363372579270526,0.28419296,2603.84418727,1923.69021652,74.64819622,145.28952634,68.91165149,0.9702344420205244,0.9537779998416008,,,,,,,1.6635580577877123,0.054651532501576366,1.499415982475933,0.05525572688610671,2018.5346833333333,1933.471122727273,0.05189485377442347
12108,material_r_cable,3,True,0.9648748491467972,1.3372266321342816,20.75213396180891,1553.2272319523404,6573.109114885902,1.0510452331432152,0.9514338379228824,6908.635002131046,0.1683714528662319,0.15449843,3903.85006536,3051.85761951,236.77701488,74.50934156,174.21797372,0.9607056352218444,0.975923947202358,,,,,,,1.3858201087243414,0.05527096338979462,1.107327540510608,0.05585571457572495,2795.6947795454544,3159.64762826087,0.11170319908618007
12109,material_r_cable,3,True,1.224998518897713,0.9973164150815594,57.49765633808179,600.5275111083031,10507.113718658826,3.4398700518947583,0.2907086561159999,36143.10581266706,0.219073312519846,0.05435031,5351.13827938,2574.55364455,236.80025776,474.36723511,150.28522232,0.9758560756988816,0.9595006722145216,,,,,,,0.9544288506678156,0.05564394001891337,0.8340342558823707,0.05452512158687837,2398.822148888889,2931.676865957447,0.06731734881446742
12110,material_r_cable,3,True,1.032288227154174,1.3521757368710143,53.58680096077848,595.017999311264,12738.15685933935,4.44931178801205,0.2247538602923575,56676.03147180512,0.2811410225704005,0.00708912,36150.4136825,24239.37937819,470.68359689,3384.6496136,1352.49648353,0.9800726796754632,0.9369334058019022,,,,,,,,0.055253190398575534,,0.05527141578019236,24171.684564583335,23873.830883333332,
12111,material_r_cable,3,True,0.8639707508431411,1.1091363803376395,87.62035678158593,1403.483621376732,11564.351438900036,4.786573281974212,0.2089177248713409,55353.61562079894,0.3038524659173223,0.06685161,15440.48716828,6980.73739342,99.68120778,2189.63016449,342.70232331,0.979866264819618,0.9308149172750172,,,,,,,0.9505703362155935,0.05567793751217485,3.1152835746606637,0.08507051081293994,6928.774335555555,6710.25909361702,-0.5324129410194524
12113,material_r_cable,3,True,0.9566005927225356,1.3069410222538371,50.799249442059725,665.2761765360008,15751.27511116663,1.6264739497110934,0.6148269390835479,25619.03864304523,0.2923406102488994,0.0212103,11922.46837095,9047.40300564,717.90893915,349.38974229,527.9023385,0.9592960617705985,0.9749467475391695,,,,,,,0.8118156250891275,0.054262044161155286,0.634622237954963,0.05634882394174088,8908.470504166666,8943.869200000001,0.12250328317681997
12115,material_r_cable,3,True,1.2227366553250976,1.0563243190148637,1.8971879644011227,1004.0769831701814,16256.56096409547,3.3319836795330424,0.3001215180442132,54166.59581770005,0.2888887079267778,0.03190371,11441.88862443,5898.58793284,1267.49732145,1891.87763949,346.50286081,0.9546205440945214,0.936260208711036,,,,,,,0.9273955380885083,0.0566685688767334,0.8084624110000622,0.055495263203670445,5501.0662,6590.211285416667,0.0685154722198859
12116,material_r_cable,3,True,1.172956402283596,1.2715954870932047,32.40346073344591,341.4491044020596,18752.313583293435,1.083166604392571,0.9232190098408638,20311.87982852064,0.206362661114624,0.01232297,8953.80977562,6573.84431214,245.36630094,845.13718205,397.19034116,0.9844316013809286,0.9558340194438696,,,,,,,,0.055039364446788454,,0.05425737518995648,6278.912393333332,6709.510353191491,
12117,material_r_cable,3,True,1.0747884151786615,0.995447457333234,85.86190416306444,1993.1942643138425,14821.096256656148,1.9409708468977336,0.5152060895702305,28767.315753234718,0.2121422168701013,0.17399311,4582.44504798,2449.00680985,344.61518516,595.3813562,111.92898014,0.9556736685337428,0.939769135413741,,,,,,,1.2882418327876697,0.05558862727248742,1.4656863219923317,0.05469419174656388,2354.639727272727,2923.209911111111,-0.06443323109089506
12118,material_r_cable,3,True,1.2669618139724417,1.0812827264613043,87.92507738673716,951.7713850248258,12705.334749655593,2.572442407758814,0.388735622217964,32683.74191478576,0.3602830463858061,0.03278297,10206.24738932,5782.56032169,663.42744863,1649.35919132,348.58632431,0.9604388673308608,0.9394733940611916,,,,,,,0.8621206540367995,0.05696658841538431,0.7821121490896231,0.05448132000423305,5250.255091304347,5995.398302127659,0.04866008316769036
12119,material_r_cable,3,True,1.0744518624568753,1.265076056839753,53.71801673632104,705.8342359457642,19940.57534744828,3.007609609347206,0.3324899604297539,59973.46603089744,0.3930379785783948,0.00774376,33460.98301109,20503.65994252,4174.65449123,4144.93672217,1130.86490341,0.9330217166780992,0.9336801207660774,,,,,,,,0.05804828663176313,,0.05734939813914275,19833.987190384614,20211.35295531915,
12120,material_r_cable,3,True,1.2051370712201763,1.038722374335097,77.07703758824618,1147.813263566827,3338.553858424073,3.259974014811483,0.3067509113436377,10883.598825511091,0.1984403346289402,0.18035422,2319.15994385,1424.94033782,267.8749964,201.22863977,65.83861736,0.9337251765918236,0.9443469583323376,,,,,,,1.327418376908118,0.05586600812301229,1.221591168422889,0.05586081533225664,1475.6690136363636,1452.5664288888888,0.04151699183672008
12122,material_r_cable,3,True,1.28016326521864,0.959333961513382,37.463451494895246,1524.6523066779894,18975.60990832233,2.302201094952156,0.4343669205060395,43685.66990832464,0.4795485894673302,0.05213415,9339.02954173,6537.62523925,1141.62373112,283.80160498,422.62456328,0.9529714292490524,0.9815782347250168,,,,,,,0.9689478733199745,0.05485654410250452,0.7930942316305933,0.05748375378741671,6444.712033333333,6604.934018750001,0.09980104402460603
12124,material_r_cable,3,True,1.2146357597523108,1.1395835636550855,31.880155390614423,1597.1569580767236,11722.864747801334,2.723524470033845,0.3671712925669337,31927.50899953407,0.1894814416771565,0.07508363,7835.99670574,5514.20912048,251.80174834,562.65692436,297.00396794,0.9807231098016036,0.9591753558421118,,,,,,,1.0631586951420253,0.054722046789099296,0.7877639348795686,0.05455851966516499,5202.022722222221,5653.4697166666665,0.14878782926720377
12125,material_r_cable,3,True,1.156705135350649,1.1094226651656596,47.57074378854831,312.44362461167907,12365.300165325008,4.887955672849492,0.2045845066792592,60441.03908958713,0.1599344616942747,0.01069714,17000.19584989,7273.96134881,2775.84181053,165.52840707,349.14910412,0.9335976476809278,0.9881733490506762,,,,,,,,0.05744612482669769,,0.06216267348429879,7779.864817647059,7226.355560416668,
12126,material_r_cable,3,True,1.3813245839281325,0.9862654629176164,48.08736142305206,618.5085840286954,16837.535167301387,2.710550727019765,0.3689287162315882,45638.99318894963,0.3706086300393765,0.01680292,10420.95543168,7722.88369651,1348.88935041,708.68005723,526.77271392,0.9531489565271992,0.9664783716631,,,,,,,,0.05563486917304226,,0.056205962553005376,7435.27886521739,7829.523012499999,
12128,material_r_cable,3,True,1.0809642674567173,1.2756050199392364,87.38525592421749,1312.1208032549496,9870.07420523404,4.871862303140946,0.2052603168515843,48085.64244968355,0.3625876003135816,0.02483708,23275.78196636,16682.1370253,424.87316825,1273.15164397,874.44762875,0.9715933756808112,0.9598289832767656,,,,,,,0.8247591606840523,0.05414107826008542,0.6563758370277222,0.05466428738802673,16503.07311304348,15960.045340425531,0.11368533180059064
12129,material_r_cable,3,True,1.1589332824282512,1.0797202965734112,56.25226106516367,952.8593659683556,17613.53459795076,4.11465151441094,0.2430339474673984,72473.55680758758,0.4988990065699541,0.02416024,17062.71462009,10677.26184988,523.8702968,1081.08246246,565.36850681,0.9768066649925812,0.960687201055678,,,,,,,0.842847644633586,0.054786233935199574,0.6260139784901811,0.05463716594723062,10005.989282608698,10362.556476595746,0.147620213320213
12130,material_r_cable,3,True,1.2161730762249765,0.938689549545821,58.66491359019346,1157.1722246040729,13510.296016648264,4.791513382189656,0.2087023285204754,64734.764161113766,0.3287841478392148,0.09834536,6951.32972309,3793.18357465,681.70130689,381.00432825,183.20157401,0.951461464425712,0.9649244295299636,,,,,,,1.9399807794542232,0.056256292811279356,1.3195878507712153,0.056358489687866296,3829.607497727273,4232.698660869565,0.19032976416885575
12131,material_r_cable,3,True,1.3329662426133204,1.0784230654849742,14.735401586084004,1338.2949688877352,5662.67289847502,4.986388193014783,0.2005459585759602,28236.28528186064,0.2867044705818853,0.07690531,6493.59154745,4006.17081985,93.09654835,1063.64305038,216.06701805,0.9867402543477974,0.9314272458743852,,,,,,,1.1782365722598698,0.05647392131664804,1.086068054334546,0.05431576454882673,3805.5513622222215,4245.543845833333,0.040704999160801114
12132,material_r_cable,3,True,1.2717353799442253,1.1537860387187535,21.01968498854618,864.641291333443,3373.935930148771,4.965486027346709,0.2013901548594925,16753.231718316747,0.481935800365155,0.05216594,7803.38763466,4594.45379436,808.86706455,82.42377489,226.55438392,0.9431955820120412,0.9831810581278924,,,,,,,0.9682823853542106,0.05763836004374694,0.8041663647525057,0.05761257218857451,3695.319191489362,4578.692085106382,0.09259281578202122
12134,material_r_cable,3,True,0.8993143715475649,1.2574532572347312,61.20225378887491,852.386373807518,2566.5369510557666,2.6549461962679746,0.3766554672202727,6814.0175157867125,0.4511648560663084,0.10450313,3152.64003404,2324.46649931,64.02728284,196.78947711,137.39950096,0.9734320486035664,0.9534275706764266,,,,,,,1.124677597554605,0.05444238864022023,0.9961239236023001,0.05519768206996381,2335.8630022222223,2275.622876595745,0.060615608141481564
12135,material_r_cable,3,True,1.3779568274891216,1.0577648006301017,3.3937545461604364,1269.6904751380875,7228.971315391031,4.857282291947853,0.2058764428120118,35113.154359247834,0.2713616841183326,0.05977615,7171.6920284,4464.71614912,580.00848316,835.53965379,268.01190073,0.961588326483404,0.9444191015132382,,,,,,,0.9084473137603518,0.05517955346897035,0.8329311204988751,0.05501611555602531,3975.6589466666674,4664.720089361702,0.04336575656146846
12136,material_r_cable,3,True,1.1758957699972958,1.2955029458956897,73.30920702120797,1228.346351117275,1096.7943751794012,1.6707348068731114,0.5985390355705612,1832.452538594872,0.4634926880927773,0.26929165,1622.19156645,1339.77419683,88.3132678,30.44264459,55.40138798,0.9516405378601464,0.9765208991339116,,,,,,,1.36010636621196,0.054878185314380636,1.733690967043113,0.056614715095393245,1366.5572255813952,1339.027088888889,-0.12075277097678992
12138,material_r_cable,3,True,1.1393730417347256,0.9317923484636051,60.98649554296416,1579.1271361712184,15977.84596136751,2.4689040592851503,0.4050380152437115,39447.768752653086,0.4662502729580622,0.13173642,5075.93546493,3050.48086017,719.30911874,245.42236511,154.7589066,0.945025485374638,0.97029384295295,,,,,,,1.718921661663186,0.05540016333670824,1.0321569138454303,0.057024351741958544,2912.577234090909,3336.2851543478255,0.24963472651477697
12139,material_r_cable,3,True,1.1721220439123872,1.0693158219862289,51.96482024549053,1958.6522255655248,11187.87294747383,4.741584021413239,0.2108999852125256,53048.23960134335,0.3075338269400385,0.07534479,12185.03192556,5906.92022251,1385.82983614,975.15784217,293.08978608,0.9361486332288336,0.9441697452964174,,,,,,,1.2472310819495769,0.058010789053264906,0.964692372378624,0.05697845576027339,5837.466377083333,6082.773482978724,0.12773439741691453
12140,material_r_cable,3,True,1.219157511306813,0.8713728258239557,16.878507693752773,1790.3160799392376,4439.091119028253,1.540942844998797,0.648953336099095,6840.385698164289,0.2180594358602027,0.29379592,2481.90733644,1937.12250209,33.12204054,164.87972654,109.09420238,0.9826313483866664,0.9518663535219762,,,,,,,1.6978944256443593,0.053525330639841925,1.9726188204741286,0.05434637566459017,2096.301675,1810.836246511628,-0.07484631614401233
12141,material_r_cable,3,True,1.3560014508777272,1.2187905719354664,0.9076855540888656,1020.878372358702,4468.301024528993,2.8283757896744004,0.353559807593714,12638.034438755123,0.4300191356949882,0.050831,6485.36608842,4888.93418005,526.89651268,530.58410586,268.89071168,0.955295784896412,0.9477831793814746,,,,,,,0.9003127438857405,0.055830395062439885,0.7257031524323988,0.054969597388939924,4205.646653333334,4832.421687234043,0.10738492277272195
12142,material_r_cable,3,True,0.8461372687529287,1.2719553114195492,13.382461787023717,713.5189057906862,17705.608174286222,2.0091003431262733,0.4977352193589015,35572.3434582178,0.2126099629955532,0.01949905,17024.11938186,11314.73554154,1743.53534664,396.82030652,644.79850809,0.9339891846101056,0.9638467820991587,,,,,,,,0.05889909405177677,,0.05529942000598369,10025.462839130434,11470.588116666666,
12143,material_r_cable,3,True,1.3455512010247928,1.3687319252696597,67.97946426825462,589.183629118279,9904.15718589516,3.134172406448059,0.31906349438297,31041.33616115687,0.2243771388524919,0.01191343,20631.86124375,14055.26649928,291.36889176,1881.894058,727.97719797,0.9830621417769632,0.9458164372341846,,,,,,,,0.05489005423489176,,0.05408200556518847,13995.009049999999,13457.631993617022,
12144,material_r_cable,3,True,1.2663839822007965,1.0736253430412943,8.080361432738224,1549.453451838442,10389.98291181049,4.085389576261467,0.2447746980632134,42447.12788544534,0.2575597727297474,0.06919919,8647.13825281,5196.50786673,906.16314092,364.37377264,289.19350053,0.9555095540161748,0.968290060749693,,,,,,,0.9933748280069802,0.054675916087719816,0.8156752796902498,0.05667542618837967,4557.925415555555,5353.961356249999,0.09822809636982756
12145,material_r_cable,3,True,1.1230531633962193,1.0440322542841067,24.567556026181855,324.6548333014398,11825.181398075654,2.942227377776944,0.3398785585210512,34792.37245659683,0.1160261079739934,0.02668897,6157.61681267,2188.03797311,727.81921437,881.31751868,118.83096995,0.9548121669099467,0.9410825990293232,,,,,,,1.0112319335875901,0.0571050835882974,0.8245313495853906,0.05643527994606589,2650.7829891304345,3092.819080851063,0.10170188374151451
12146,material_r_cable,3,True,1.3119087866296644,1.229829369372318,11.37538842612242,996.8672156895352,5179.282629233912,4.640786030223487,0.2154807382817093,24035.94247232791,0.3728508839629082,0.04198559,8773.45882308,7893.42466064,171.73341128,120.93964741,385.81268299,0.9862560234092552,0.985292466648882,,,,,,,0.9509622506843303,0.05361121971267352,0.7311288172665241,0.05512224125554195,7550.21564222222,7875.8992687499995,0.1306905658119986
12147,material_r_cable,3,True,1.2260833522649135,1.246038131943337,3.5157472689784712,667.3120839119067,15565.824024209627,2.0165735779682423,0.4958906587517276,31389.629446524432,0.1479916432230928,0.01764481,14178.82486467,8657.55848303,2512.41930365,386.01259365,478.41921473,0.9398554820883936,0.9757054416204428,,,,,,,,0.058010623927214594,,0.05819825654183256,7518.904177083333,8862.975508333335,
12148,material_r_cable,3,True,1.2658901151906232,1.0701528790702284,34.93710446148021,1862.3438106178269,7871.518716541473,2.3682063736958403,0.4222604968499399,18641.38079517961,0.4883898914537816,0.09736943,6268.23852591,4465.3675823,231.37919927,572.34241878,258.8074475,0.9739821278757762,0.9496501939563587,,,,,,,1.1380386476278845,0.05491986057533108,0.8840954200167094,0.05430792456370782,4170.465315555555,4369.901374468084,0.12558179582374146
12149,material_r_cable,3,True,1.1855462199590985,1.377352211097858,76.98037315867309,1795.518212614733,6298.58987634528,3.8544755170283302,0.259438669562744,24277.76047017538,0.3764606447091674,0.04093294,16284.89413455,12504.17860757,874.21699029,899.69926494,671.89328894,0.9485049802171316,0.9577894569601768,,,,,,,0.8584045705242574,0.055185214208311933,0.7288103646024212,0.05614639490057131,12403.132376470588,12056.407331914894,0.08164880701018169
12150,material_r_cable,3,True,1.313077286291522,1.379280941080806,69.3425271205464,421.1852850815524,17652.781752534083,1.5705064943971476,0.6367372586917309,27723.80838653024,0.2334368684295224,0.00736496,17339.5124883,13409.74472871,1972.38933077,819.13611574,788.5254193,0.9463818685185572,0.9690333414666906,,,,,,,,0.05623029716379628,,0.05684556350970879,13237.843695999998,13063.121116666667,
12151,material_r_cable,3,True,0.9234540688281008,1.007650170134481,72.03796882711532,1645.4115954980696,18032.880314669,3.349283930249295,0.2985712829445211,60397.23625402974,0.2556797199194411,0.17005321,6291.00951171,3668.49995842,126.36203032,419.08428798,152.28324524,0.9813040918918942,0.9622015488178124,,,,,,,1.169216087671023,0.05455827258228908,1.9287516795362283,0.05811064340581415,3983.8961681818178,3370.965147826086,-0.2451722060846068
12153,material_r_cable,3,True,1.1292760188107112,1.0912958198896594,76.63293680790419,1985.021089535027,8837.563283527728,1.9047238980408283,0.525010475811526,16833.11798658344,0.394023616359356,0.13383571,5742.8085782,3310.37987886,221.17234924,816.72871685,171.58262469,0.963130816055352,0.930479263440688,,,,,,,1.2105225939850544,0.055854840316515525,1.3318500821563395,0.054252094928916667,3210.802628888889,3286.8331608695653,-0.04772214919939516
12154,material_r_cable,3,True,1.042264676041739,1.2867523305548385,66.10734461391138,1840.1278044608564,8023.719246515382,4.472068849224678,0.2236101530890719,35882.624897265945,0.2255398669973609,0.04984655,14280.22123024,12088.96121265,728.52461822,303.31015586,628.23233002,0.952846565281236,0.9797736822227436,,,,,,,0.8772955226930524,0.054209378180971296,0.8048836170763317,0.05742894978179225,12193.74941836735,11884.978064583333,0.04304648886957897
12156,material_r_cable,3,True,1.087042847035899,1.2433929788118898,51.086321254882336,1187.3189860855537,12624.1203571887,2.8803937694487365,0.3471747545792618,36362.43762161729,0.4591957470108224,0.02893462,15001.72332415,12162.88890287,545.49355342,341.00944607,671.16968215,0.9714710033437524,0.9796262489745164,,,,,,,0.8579391843539201,0.053946452933388754,0.674294861022628,0.05556590855039685,11645.144582608695,11975.22188958333,0.11985396348908388
12158,material_r_cable,3,True,1.2118671776320162,1.0157234196357403,2.9786359752640323,570.8194493253811,1291.8247485182465,3.516393785944019,0.2843822566167849,4542.564518218257,0.4928900948757017,0.18055046,1196.24317944,811.79724867,53.48864101,73.18248891,38.36650439,0.9681298343944906,0.954207100645173,,,,,,,1.341305820796511,0.05466888946158097,1.146719202644114,0.05472302458954505,728.3312159090909,849.4545422222222,0.07820926892580374
12159,material_r_cable,3,True,0.987313321162658,1.217348040114336,69.12833207876841,1582.1962995217116,11001.333710055622,2.856658739871018,0.3500593144160969,31427.056093068044,0.1399880421789256,0.06673153,9973.67676252,7811.30992156,579.34569917,407.54584793,391.06641667,0.9519152795700412,0.9700417284799056,,,,,,,1.0238930049075181,0.054092881556963464,0.888685328445235,0.05773157103309715,8233.828726530612,7574.880302083334,0.07069392876853513
12160,material_r_cable,3,True,1.3486399726454328,1.3335922661424604,59.148126248837016,1504.033353978141,18944.74245705786,2.8152593849616325,0.3552070567073621,53334.36399791324,0.4155559953953516,0.01498156,34349.43470157,27541.52008454,1941.02461241,1187.35643358,1499.82950696,0.9578166840486094,0.97022042293319,,,,,,,,0.054528936254534595,,0.05571662349560085,26158.545582608695,26816.39650208334,
12161,material_r_cable,3,True,1.0459009914941728,1.28336783577273,19.5796236204101,1115.970035787405,14002.538371127135,3.0695289678487554,0.3257828841083844,42981.19715358847,0.4646183655078865,0.01991932,20341.09756212,16460.56460881,750.08532339,518.81474654,936.32068583,0.973929852527842,0.9705373456113492,,,,,,,,0.05460550891372494,,0.055059243982679695,15458.871841304348,16317.672529166666,
12162,material_r_cable,3,True,1.2372824780773282,1.3058116582444894,52.46326709804418,1155.052019719401,13334.465593577284,1.4279397229148767,0.700309672707111,19040.813104910703,0.4323398945101199,0.02540315,14597.83322614,9529.31389049,3033.43850143,232.16005302,574.80910031,0.9314872229986386,0.983807969988317,,,,,,,0.9606870076714762,0.056735228830492236,0.6867853175395956,0.05987463501348803,8693.124016,9428.045787500001,0.16625571546204193
12163,material_r_cable,3,True,1.2483669171348892,1.099065510608927,74.39338231438468,1557.570236137798,11132.945310759667,2.095057351677637,0.4773139022658451,23324.158919132115,0.3142771582378161,0.06597802,7935.49674957,4601.77109444,589.93697738,1449.49879339,271.31266453,0.9542624552948302,0.9320668502173176,,,,,,,0.9701970239401175,0.0571969832228313,1.063388284825979,0.0545927884335926,4214.433491111111,4828.033789361702,-0.045826088772448134
12164,material_r_cable,3,True,1.3252657634446527,1.2199620423801525,65.79497776105838,680.6129926394744,7631.262297500526,3.4100576993933527,0.2932501699833112,26023.04475368188,0.4847087142931949,0.01643104,15669.20460756,10259.53686146,698.81442062,1774.4890407,549.07907345,0.9605397408843848,0.940282467352726,,,,,,,,0.05583101842171432,,0.054654535435262906,9713.227891489361,9650.121591489364,
12165,material_r_cable,3,True,1.111364867195491,1.15236884769932,1.2360637034350277,1379.5726945931665,17439.689318557794,2.6038819010585184,0.3840419949896669,45410.891376676205,0.4039690183009611,0.03328717,17734.19200407,9520.50170495,3472.9476654,177.34619972,514.13754208,0.9337627860839148,0.9870515109414828,,,,,,,1.0693616845025629,0.05784082101633737,0.7161773657734822,0.05991481925572625,7644.107308695652,9709.167068749999,0.1978026292253189
12166,material_r_cable,3,True,1.256373459686844,1.3255652353539973,64.26265657862494,1209.4582973961765,16931.555216164365,2.4919501143170875,0.4012921423485427,42192.59095648686,0.3503114960498742,0.01568438,28569.12301554,18723.6694346,1418.2887633,3406.22848289,1035.57999651,0.9571285067723244,0.9380867813615538,,,,,,,,0.055786103396951815,,0.054915746966749605,18206.197758333336,17924.841082978724,
12167,material_r_cable,3,True,1.2993605285315644,1.393051163686254,39.67540352692892,664.4357171224683,18638.01951334784,1.8490825478140271,0.5408087384644851,34463.23660794878,0.3650660358991938,0.00765051,28003.27657846,19659.54238318,1578.77387268,3779.62156631,1148.1427078,0.9596471124388044,0.9349177210339038,,,,,,,,0.05646512376620513,,0.05484535675497346,18399.998163829787,19433.506960416667,
12168,material_r_cable,3,True,1.043023154551285,1.11475248581365,29.62128647185972,607.2597931432467,15722.95727763472,1.978969411138636,0.5053135204473078,31115.25150507872,0.3448546848388252,0.03469302,8546.26006688,4286.26155882,927.24029423,349.8815248,228.45375983,0.9517186174356778,0.967796511139979,,,,,,,0.94173293385123,0.05578139263359737,0.667795133340104,0.05689069337797025,3779.466176086957,4374.113422916666,0.17019759151460728
12169,material_r_cable,3,True,1.1813625234618617,1.2903820968274655,58.87702545371154,460.17118892538105,6085.49728552507,2.324571280889577,0.4301868513222427,14146.17221986306,0.202145309393192,0.02436225,8107.51365967,4739.7197441,182.35748834,1102.54011272,253.69976947,0.9761793134860932,0.937755072213094,,,,,,,0.8504102569869698,0.05632852969870105,0.7089228172881855,0.054628474604358136,4694.224073913045,4733.527033333333,0.09073586780973891
12170,material_r_cable,3,True,1.1041480523988327,0.9478821011537468,2.2021546289335765,1063.354459225935,7139.729775661655,2.773889801152997,0.3605045880280966,19804.82360769624,0.446082174442193,0.16090936,3192.74493134,1389.43472198,465.93909555,160.82006055,66.36568241,0.932686270042174,0.9593466658297648,,,,,,,2.0769596116108224,0.055186225982165944,1.2967252429820668,0.05868520134355899,1694.1694272727275,1446.889575555556,0.231270673538625
12172,material_r_cable,3,True,1.0154565291057187,1.2877645720175177,42.36502940304224,1526.0559379066017,2307.768263920532,2.0547380437675096,0.4866800432460131,4741.859248076815,0.4630664524182265,0.18224465,3105.04618835,2327.41574679,21.21450637,249.74420608,124.65815549,0.9865639178755122,0.9372084680342644,,,,,,,1.6066813298652594,0.05591951389040149,1.086288868739408,0.054502872360265624,2364.4247318181815,2339.0200791666666,0.19324107685836509
12173,material_r_cable,3,True,1.2171987281183512,1.1384157809576303,18.0355423741534,1875.448392448678,18979.60671215917,3.680598535339771,0.2716949404827402,69856.31266609793,0.3271547612698913,0.02992903,25890.6885048,13492.56938311,3741.79910932,2490.27181317,703.85595642,0.9370828012071654,0.9370546288565113,,,,,,,0.9822717703071489,0.05945215547199953,0.7367577430718366,0.0565800436387028,11189.109616666667,14017.478295744682,0.1428212984852838
12175,material_r_cable,3,True,1.3951310998241886,1.0698665748898204,57.29885570742991,1171.944598949997,11496.352989376262,1.5856741542179422,0.6306465911296902,18229.46980302012,0.2587245526803748,0.05048774,7346.45332391,5450.14222456,317.26458599,515.94342316,351.78635519,0.9750989754179687,0.9608721342462726,,,,,,,0.9578182418928459,0.054855618724590605,0.7056390934283334,0.05443586079342229,5159.597500000001,5469.42476875,0.15159940871932365
12176,material_r_cable,3,True,0.9936639951726858,1.2035875892671113,42.81891401073624,318.1836706945708,19656.76871329753,3.552751228247959,0.2814720017683733,69835.60918955386,0.313744081178909,0.00550021,29428.13805635,16327.77063442,3655.48160293,194.13582959,852.75257588,0.9346574690238412,0.9897308489176312,,,,,,,,0.05785632948867462,,0.0599249208308846,15435.466482000002,16116.863763829788,
12178,material_r_cable,3,True,1.1055726233594911,0.950360868426358,43.97161286176168,1507.1669998318523,2509.490382991129,2.825376078606065,0.3539351832034207,7090.254097595109,0.3852646825182128,0.31347117,1990.06190902,1354.04838686,119.39544153,106.42255172,39.45303352,0.9552405916756654,0.9559267912328752,,,,,,,1.5171407892237947,0.05450346149479829,1.5229793160430087,0.05520951765753818,1308.9445974999999,1434.8159860465116,-0.0019204921572339153
12179,material_r_cable,3,True,0.984732457197536,1.1068933963654752,50.37829599122247,1134.260669456412,2062.506607626565,3.5097406232699706,0.284921339591276,7238.863226549693,0.452254622946752,0.21033824,2485.34268501,1734.08968229,135.08718754,33.66011682,77.73219622,0.9525743969415232,0.9804218025745856,,,,,,,1.2421048854398982,0.05680809428713966,1.5135983863786378,0.058346188035218176,1699.8815767441863,1775.3770295454547,-0.09852058591184105
12180,material_r_cable,3,True,1.2729749628649332,1.3868124791048833,33.9183114408103,723.3009808185341,12936.1597177709,2.5046345454786128,0.3992598448365285,32400.352514957856,0.2202245828499281,0.0124929,20856.38790049,15203.19765459,959.87354637,2033.04107965,820.39864512,0.966156435007842,0.9415436911959,,,,,,,,0.05608137214057974,,0.054959047343437054,14345.120085106377,15376.86044468085,
12181,material_r_cable,3,True,0.8131879358542946,1.128163641229138,32.710452279464974,782.3199615182866,18891.40674658868,4.826363988543865,0.2071953135680726,91176.80521467022,0.3673673982505775,0.01935679,24728.96284543,12475.03798501,2195.92461028,1184.18693637,646.83393078,0.9309767790231,0.9374982033853598,,,,,,,,0.061231087502392555,,0.05601788748241903,11626.194416666665,12929.478723404252,
12183,material_r_cable,3,True,0.9665209657423994,1.0606296091237657,7.384482026703085,940.7908390234952,13344.770258609886,3.2899398832781843,0.303956921852193,43903.4919069852,0.452002306635857,0.07094968,6851.1824434,3578.3845601,680.36014258,669.58721199,164.1735839,0.9570102764566344,0.937516688739437,,,,,,,1.3552899610851563,0.05688138812884182,1.2365467031575188,0.05461131716893082,2799.0367533333333,3979.0850063829785,0.04581432910716766
12184,material_r_cable,3,True,1.2813771061600343,1.1330811271118308,6.395577182907289,1937.750765257282,10331.706991516809,2.1582950721544885,0.4633286768346108,22298.8722867348,0.33627018368899,0.08092993,7310.11344728,5482.17834401,581.41784981,580.86907856,318.43428785,0.9600534694073736,0.9550962026136324,,,,,,,0.9730304159223482,0.05488496292567163,0.8341426676767449,0.05510894614388548,4901.733495555556,5495.026514893617,0.07685359499102322
12185,material_r_cable,3,True,0.950992033193082,1.3088449579115,85.2229552436933,593.8028549095939,9157.860951271809,4.991773518810704,0.2003296015397452,45713.967785509216,0.122394171120155,0.01132222,22790.65842518,16276.05028894,904.35002995,1334.68523554,895.5887594,0.9459345631645608,0.9576135584565594,,,,,,,,0.05433725973634092,,0.05774745714641901,16984.01936153846,15650.883821276597,
12186,material_r_cable,3,True,0.93178432745252,1.1867000283087343,71.38081765022963,781.1178618011925,1996.108163432315,3.245723878350187,0.3080976809734978,6478.8159298220025,0.3379209918743056,0.15189491,2016.63056651,1708.95332311,84.44356332,29.62006752,88.40000488,0.957408764257531,0.9849821728449332,,,,,,,0.9777262113049413,0.054325775114080474,1.3932245262851652,0.058332904949819735,1752.7240844444439,1666.4084086956518,-0.17524544411350645
12187,material_r_cable,3,True,0.9281490792716828,1.2839170289073227,45.9194769798425,1815.5131316056795,17495.30947152636,4.901611691236021,0.2040145288921966,85755.21344742591,0.1257666374770916,0.0211819,38340.64928836,27943.02597714,2270.18828649,600.40751317,1528.52452139,0.9492367249576728,0.9772932379355808,,,,,,,0.8276255809056506,0.05505020921723283,0.6372334851849364,0.056854858948221045,27261.99923469388,27675.766027083333,0.12997297837588725
12188,material_r_cable,3,True,1.216849593587519,1.278732080910793,44.86203657589741,874.2204334895497,11605.284448791208,3.407493451153899,0.2934708501527315,39544.93075803423,0.4012279833504916,0.01580386,23171.18561543,15383.55494105,2038.73906975,356.91904355,813.28097752,0.9446905955838856,0.9809649607018672,,,,,,,,0.05666950628079774,,0.05722733073130774,14176.533424489797,15127.695235416666,
12189,material_r_cable,3,True,1.023590665138894,1.1582721466375228,74.8433696155678,229.75477457071025,9938.544041093795,3.84234915093243,0.2602574520739033,38187.35625780132,0.3485078146330674,0.00822074,14262.74233778,7143.37439635,241.08118246,2465.27615544,361.46656068,0.9749338292407554,0.9338534293664148,,,,,,,,0.05671403378979573,,0.05594686930187818,7138.380004166666,7034.246170833333,
12190,material_r_cable,3,True,1.145892626319357,1.157190981292034,38.01282152907995,1295.9836423842733,17907.95406921038,1.8140330579175143,0.5512578702110239,32485.620681216104,0.1889033564611103,0.0554372,8544.67457612,5888.13542555,580.1101617,390.48039493,329.55155085,0.9679282445155424,0.972811548400308,,,,,,,0.9121726492049808,0.05434830123114613,0.7556687794907053,0.055648418483063795,5477.037846666667,5907.2341187500015,0.09383618071933089
12191,material_r_cable,3,True,1.022351647687549,1.235275208555259,48.86694454504703,1994.1337078504253,18633.198323920693,1.079256730339821,0.9265635987140282,20110.004698848083,0.2910089955854713,0.08618247,8725.64201437,5686.90956454,507.71255748,847.59124909,319.86874071,0.9608809203111892,0.9457814449951416,,,,,,,0.9955500945210839,0.0553254702138505,0.9346537618225088,0.05492888612423408,5509.123242222222,5830.542699999998,0.03154917160611818
12192,material_r_cable,3,True,1.361866222437111,1.2775177690616126,11.54620627883444,1816.9972765773737,2718.222432479052,2.381691905963025,0.419869588294064,6473.968366042484,0.4130905243839375,0.13787062,4628.06851,3388.19986006,505.10310728,100.10265098,171.08433943,0.9379258786524272,0.9706972275722252,,,,,,,1.0988298875685631,0.056760012408777524,1.1581071693491942,0.05666466560137474,2914.366804545454,3488.2832456521737,-0.02626448158974561
12193,material_r_cable,3,True,1.3256733533034584,1.2206280556242126,6.627664011056573,1728.698702496066,19593.095538388032,2.348583233958257,0.4257886139784023,46016.015682800455,0.1349674119189223,0.0301246,18034.90637299,11981.06576765,2282.88133061,2466.53437984,678.87513846,0.9479952948075,0.9392543750344527,,,,,,,0.8831071155950797,0.057251060923861945,0.7206556065799772,0.055452144043571114,10562.931730434782,12845.762657446807,0.10129397994410443
12194,material_r_cable,3,True,1.3881800976996312,0.9733418038963184,50.45898093496493,399.9156512045229,10357.031061445612,3.154451914917444,0.317012281997702,32670.75646463656,0.2348053117618892,0.02082542,8229.21518741,4583.65209461,282.30734208,867.76635853,288.2615524,0.9781149031539068,0.949555030447532,,,,,,,0.8367003275328184,0.05600424368763746,0.682098689574627,0.054289233793307495,4388.542268888889,4945.012363829787,0.10179203187307191
12195,material_r_cable,3,True,1.3471548498586694,1.064478993572144,3.3327094315178254,1927.8963767807684,11894.837736239228,2.4602489732417183,0.4064629274826448,29264.262327459404,0.4745251916233118,0.05572229,10644.85061465,7460.12587941,759.17817166,1030.64856273,467.22171791,0.9601717603357908,0.949639682848374,,,,,,,0.896704740454921,0.05503007211893705,0.7615595885668951,0.05491448533670343,6637.99108888889,7281.340580851063,0.08149795513465932
12197,material_r_cable,3,True,1.1158075621187304,1.065484183264101,44.58347305081615,338.63157086239664,3273.210472182571,1.9188692874914184,0.5211402394726546,6280.863046566419,0.2752170532413607,0.10353717,1375.52410562,743.63227702,166.06263524,12.81114983,41.14428453,0.9488395352499364,0.9892661555804388,,,,,,,1.2086115310222076,0.05480721710733903,1.0966309123023381,0.058448471551420904,729.1139444444443,768.4632744680852,0.048576503978633466
12198,material_r_cable,3,True,1.2679045971993972,1.3031357302191346,36.28688110328879,1436.162735255619,9002.389074924458,4.513172421495115,0.2215736308316627,40629.33410051799,0.4427250639846677,0.02322519,26899.14502942,18517.56060118,1853.31177394,415.56004854,940.39100431,0.9493698700287476,0.9779571349334252,,,,,,,0.8158200933960162,0.05568462688363786,0.6453431602832652,0.0565612326241573,16767.109504255317,18230.42028541667,0.11667206431826263
12199,material_r_cable,3,True,0.8689766895854869,1.3199400218245416,28.252895158781666,1227.9730451230946,2729.688871777686,1.360522491294901,0.7350117373276444,3713.803104290945,0.4769736957499743,0.17257631,2280.46460928,1814.05630208,36.97579309,185.99926666,115.49101493,0.982382592401594,0.9354985672874776,,,,,,,1.6074797169781716,0.057053496869908786,1.0934885504609202,0.054859663457006554,1778.2595590909084,1873.534925,0.19029885419742057
