sample_id,group,motif,has_cable,sf_wale,sf_course,knit_dir,pressure,E1,r,r_binary,E2,nu,crown_height,max_stress,mean_stress,cable_wale_tension,cable_course_tension,boundary_reaction_mean,cable_wale_frac,cable_course_frac,verts_path,stress_path,cable_wale_lrest,cable_wale_L_nocable,cable_course_lrest,cable_course_L_nocable,H_mean_x0,r_x0,H_mean_y0,r_y0,vm_x0,vm_y0,H_anisotropy
3000,material_r_nocable,3,False,1.220804531558214,1.16499946122077,84.08820210819118,1570.2224317213645,6930.742695338102,4.997626196004445,0.2000949972607976,34637.26125198815,0.4116728210667985,0.06494146,8665.02958331,8532.05143012,0.0,0.0,411.06348739,,,,,,,,,0.35711701580390603,0.05283282585728153,0.36285389316136707,0.05538955015806465,8633.86544888889,8517.910927083332,-0.007968207167850646
3001,material_r_nocable,3,False,1.1042980791835513,1.223479212170793,81.96144361276077,1011.7005766534978,4469.47932975974,1.6511719471959148,0.605630444302448,7379.878887871281,0.370152908448456,0.1270483,2510.72354407,2390.56561046,0.0,0.0,129.32104028,,,,,,,,,0.6710078904557703,0.05285459893591089,0.7004648287481265,0.05562034593735533,2471.3294999999994,2385.7849723404256,-0.021478326094196944
3004,material_r_nocable,3,False,0.905576482704938,1.3613156338676071,70.74858804276805,1810.711459643814,13241.437092501026,3.332502991696311,0.3000747493675856,44127.12872511817,0.2550196398929765,0.03179589,18987.48879716,18934.0196755,0.0,0.0,1160.2373825,,,,,,,,,0.17959944682238074,0.052843690310580615,0.17808874347460155,0.05531198501212425,18966.845260000002,18924.767885416666,0.004223520341906971
3005,material_r_nocable,3,False,1.3109725455646737,1.3432756712749987,29.95364963457999,339.385747281669,11641.278704578814,2.277564444805733,0.4390655124076174,26513.762469622856,0.389444632222843,0.00764189,13410.2036256,13408.07549117,0.0,0.0,753.31539377,,,,,,,,,0.042820098619972144,0.052831360559824674,0.0426908052511864,0.05527465629795238,13408.364075555552,13409.131143749999,0.0015120103160241437
3006,material_r_nocable,3,False,1.291975724171517,1.2676275308777778,50.14744855416651,1159.2955743004336,8042.06998367027,1.4745910535954587,0.6781541211454694,11858.764450308756,0.4370342822326886,0.0549698,5858.46988087,5804.67729114,0.0,0.0,345.14256713,,,,,,,,,0.30525100768978236,0.052843932294322105,0.30508050015434235,0.05529579814247809,5822.649446666667,5821.402608333333,0.0002793687254362735
3007,material_r_nocable,3,False,0.949559849198812,1.1129074910302887,71.73922698037315,878.8263854108664,17498.754500060644,4.676452637472041,0.2138372988078784,81832.09663428435,0.4219871095223393,0.03315268,10598.24694544,10532.24852814,0.0,0.0,516.18808731,,,,,,,,,0.18585652481019385,0.05283617076985786,0.18666318529509962,0.05540015685392907,10583.109435555558,10521.8555375,-0.002165416924322648
3008,material_r_nocable,3,False,0.8589908847972249,0.8956935190284252,69.47879094423244,974.1296614734702,3795.7183446680224,2.4520655390737134,0.4078194420438524,9307.350148990376,0.2970180423522553,0.37028203,1410.40303447,1045.83916411,0.0,0.0,32.00434962,,,,,,,,,1.4263551050510541,0.05471650444063555,1.7372204922130312,0.05821014218980158,1229.107997297297,1033.922985,-0.09826393509635706
3009,material_r_nocable,3,False,0.9945774173286868,1.002519560505269,72.96886420177263,1314.9987109246572,9013.232026274613,1.1464362904368617,0.8722682702402411,10333.096289048985,0.3654146222766905,0.24722417,1924.86955528,1507.40817299,0.0,0.0,61.62615031,,,,,,,,,1.1994553077283854,0.05320467940833195,1.2283983168628536,0.05610268771604804,1656.0686285714287,1594.2925288888887,-0.011921233158914664
3010,material_r_nocable,3,False,0.9005864219289931,1.1305081099821506,66.09771471195342,1305.7871261859812,2966.5827129018016,4.7988769147413874,0.208382089761077,14236.265296615333,0.3911949321372895,0.16912362,3188.98300009,2920.13245213,0.0,0.0,146.33601415,,,,,,,,,0.8456154800797733,0.05378793302375718,0.9785095521122712,0.05772578732571719,3096.941204545455,2888.5123888888893,-0.07285359812907101
3011,material_r_nocable,3,False,1.3208637795089362,1.045725435342933,21.687500372928824,242.36029884549987,15190.339440171596,1.7210713447195751,0.5810334377294138,26143.65792704293,0.4597324191695882,0.00902797,6987.24313561,6985.12068595,0.0,0.0,457.109465,,,,,,,,,0.0503109161269633,0.05283613566247339,0.05049293070242179,0.0552779689174992,6986.048164444443,6985.583447916666,-0.001805631245071055
3012,material_r_nocable,3,False,1.2553512558758568,1.1951474565948963,70.2202777375042,1376.3995958999385,9691.4874532701,1.2271818771185306,0.814875136803713,11893.217764974688,0.3314946196278885,0.08722452,4378.51799489,4261.810112,0.0,0.0,252.73849447,,,,,,,,,0.47898066577067056,0.05285414691703358,0.4784054362250986,0.05530138489846223,4298.982426666667,4300.123835416667,0.0006008333987435232
3013,material_r_nocable,3,False,1.1952654501465534,1.132082966853086,56.0087723053505,1104.9994656712668,15084.342769336796,4.906873112941439,0.2037957731905864,74016.95596125133,0.3554906007122803,0.02938297,13168.77830028,13117.20089022,0.0,0.0,644.66118334,,,,,,,,,0.16453193745487205,0.05283809990502015,0.16418433349751127,0.05530013689601665,13142.168168888891,13125.526570833332,0.001057458933668448
3014,material_r_nocable,3,False,1.0493351382220455,0.9355894725166628,82.5067368957139,1665.918482841765,15128.81144061831,1.5152362218554265,0.6599631038225097,22923.72308844564,0.314361140791386,0.22763306,2759.26344812,2231.43843521,0.0,0.0,96.78993582,,,,,,,,,1.2148880984367347,0.05356773199366054,1.094977880599515,0.05571926429474469,2159.12224047619,2510.5724844444444,0.05191219703891659
3015,material_r_nocable,3,False,1.1611583985093774,0.9669263877702826,11.567195228785836,1638.4864457626488,7764.582621840795,3.820697722124792,0.2617322993675284,29666.12313651687,0.4680613086861752,0.17464383,2981.5022915,2510.92520154,0.0,0.0,132.55623745,,,,,,,,,0.9228339363203981,0.05315072988624598,0.9066883816933867,0.055624212336355394,2588.121375555556,2722.561689130435,0.00882501102503071
3016,material_r_nocable,3,False,1.387746225317089,1.0800884146133969,5.683905361738554,1292.8039779863295,10075.504004391823,3.2151004017824105,0.3110322773887909,32393.75697268044,0.2415351828379215,0.06236775,5479.30117585,5383.10837659,0.0,0.0,342.76311933,,,,,,,,,0.34470614047744697,0.052842707526366633,0.3463195379467568,0.05531424546552806,5408.689808888889,5419.429358333334,-0.002334786563921876
3018,material_r_nocable,3,False,1.2129206191938748,1.295206465567479,30.721462865924185,1326.5762163607774,8473.088833325774,3.11595285794976,0.3209291172196943,26401.74536586364,0.2091978091013809,0.05073973,9188.83417742,9125.92297193,0.0,0.0,463.45939104,,,,,,,,,0.28392969517375827,0.05288274354776986,0.28111594763283954,0.05533551343263935,9129.025095555553,9161.674395833334,0.004979681865951161
3019,material_r_nocable,3,False,1.0922083070082251,0.9607649048695112,46.38807691318543,1603.324853247819,13323.985449569018,1.0419285529975526,0.9597587062213362,13882.640879629893,0.2105922196085639,0.21861903,2783.0102194,2382.10860548,0.0,0.0,108.58002066,,,,,,,,,1.1076343161965765,0.05312576207138183,1.1010347718829083,0.05542512108291776,2482.8903619047624,2507.9115911111107,0.0029880185987511128
3020,material_r_nocable,3,False,0.8820941669916792,0.9995461938272404,27.837389487389817,1077.8111291602534,10281.380258835306,1.3395987423576758,0.7464921908182844,13772.924064436813,0.2585230286017996,0.26376149,2380.60558657,1651.93986243,0.0,0.0,70.00688774,,,,,,,,,1.4678552523023032,0.055449980134708005,1.209707780395261,0.05769242645721972,1593.858528571429,1826.6345690476187,0.0964113519475082
3021,material_r_nocable,3,False,0.8548870630679897,1.314392170256735,25.73281140994451,1865.318184953536,6692.399853824184,1.988366314533413,0.5029254381804685,13306.942432732343,0.2458912173583913,0.12119228,5539.3165191,5309.66833634,0.0,0.0,321.19726556,,,,,,,,,0.6911568912488463,0.05370780294208509,0.6356967208393418,0.056096638014685826,5279.106133333333,5405.432917777778,0.04179825860534972
3022,material_r_nocable,3,False,1.2903205728751257,1.352204767938689,27.30632478232401,634.3548703787385,1381.3344900270577,4.179149720605189,0.2392831238061479,5772.803648058889,0.4793423067928198,0.06499161,3357.01877876,3322.91773815,0.0,0.0,169.72053694,,,,,,,,,0.36239016508919625,0.05290709249063802,0.3579304563231673,0.05535810182142149,3324.122135555556,3343.0644604166664,0.006191282927989243
3023,material_r_nocable,3,False,1.294451401001692,1.085789817237994,79.58633384434444,664.6530138927085,12909.093186198665,3.8388164152376745,0.2604969583933819,49555.63882901225,0.3691872521319099,0.02437422,7863.27436479,7839.02997263,0.0,0.0,449.08638515,,,,,,,,,0.13602734598356286,0.05283559386126632,0.13610883097871776,0.05528445675325813,7852.380291111112,7841.5524374999995,-0.00029942727962328184
3024,material_r_nocable,3,False,1.3543114077275369,1.3549482258691512,8.182272460936908,228.47074411349263,19781.26854747772,3.0554392175491443,0.3272851884129866,60440.463692834826,0.2145331641260294,0.0029452,25912.33818421,25911.7523507,0.0,0.0,1340.26994304,,,,,,,,,0.016474185537735987,0.052834997913141085,0.01642658352075656,0.05527641165250296,25911.68461777778,25912.183547916666,0.0014468359962892187
3025,material_r_nocable,3,False,1.1850534731791291,1.0141077635425515,32.927988274067424,880.4978316202989,19468.336975079383,4.206348094848668,0.2377359118767789,81890.60214499704,0.2086588348996716,0.05785237,4136.59927143,4023.7904144,0.0,0.0,250.55494264,,,,,,,,,0.32091806512809395,0.052897577170665074,0.32126147229897417,0.05537629716726671,4054.0848155555555,4065.1886375,-0.0005347525899939115
3026,material_r_nocable,3,False,0.953418117433512,1.2080414283287384,19.48269915405796,302.40724862043004,13134.820896812733,1.4059897743386438,0.7112427261218061,18467.42386868824,0.4987735026165303,0.02066021,4623.20238911,4616.13143666,0.0,0.0,269.93158686,,,,,,,,,0.11586711100971553,0.05284879243897044,0.1149271291186844,0.05527828962705024,4615.151562222222,4621.419045833333,0.00407281347449651
3027,material_r_nocable,3,False,1.032867325066969,0.9043288058372894,84.20023523756169,508.7635998999096,1689.550476564069,3.40362235322512,0.2938046281933849,5750.591768935619,0.4740015360249202,0.29251499,720.36428161,528.74132645,0.0,0.0,17.51984528,,,,,,,,,1.314690292086164,0.053164040062056876,1.4088474298425322,0.056481303395982015,614.5384951219512,554.7481644444445,-0.034571629758698534
3028,material_r_nocable,3,False,0.8445428486054624,1.2769475722601802,31.11135530515589,1910.3498248782344,10634.458339426166,2.443600840337359,0.4092321395101263,25986.37133475441,0.1720252151149853,0.08248412,8926.60655731,8736.25543536,0.0,0.0,501.52330911,,,,,,,,,0.46834678628566884,0.05323840922794549,0.4477221633214888,0.055751892535058196,8721.6532,8802.068155319148,0.022514269229433666
3029,material_r_nocable,3,False,1.028962477275691,0.9573625927064376,77.06647763439267,1516.5786129581725,1217.814289455773,2.867920261294874,0.3486847293126962,3492.5942752246315,0.2571363200249581,0.49434129,1887.12725448,1352.65234182,0.0,0.0,36.04597984,,,,,,,,,1.5659117682517558,0.05391980461853572,1.7989720955783526,0.0983322932748584,1620.4533416666668,1373.7433135135136,-0.06926251744727789
3031,material_r_nocable,3,False,1.190301977107501,1.0064433150582772,74.94792177283256,1741.3147121111977,15513.370829177917,2.5473279143301424,0.3925682258551957,39517.64255851985,0.3350213127769429,0.11614239,4268.55808599,3973.57536937,0.0,0.0,236.17145038,,,,,,,,,0.6342421622695201,0.05297837928250126,0.6267117737635388,0.05543836242313077,4056.6242666666667,4075.937363829786,0.00597197747736273
3032,material_r_nocable,3,False,1.054079022721738,1.1323144295267686,60.74490903892247,957.872957763333,14248.838456517764,1.7121957487735442,0.5840453702307729,24396.800630210702,0.4896620081504316,0.05984855,4818.4921135,4739.07593617,0.0,0.0,268.79988622,,,,,,,,,0.3320996386772547,0.052859600564153175,0.33342515610658147,0.05538572282961419,4779.20836888889,4750.736847916666,-0.0019916875219611763
3033,material_r_nocable,3,False,0.9548255905975472,1.228552442247416,40.041578736402855,1900.248242359156,18921.779045091287,3.6820032300939327,0.2715912880865367,69670.05156314981,0.3069744631053266,0.03830621,18363.68953502,18270.30556015,0.0,0.0,979.40916312,,,,,,,,,0.21588878950544127,0.05288021855932356,0.21340727472547305,0.05536492945722465,18284.132477777777,18303.709789583332,0.005780427510822544
3034,material_r_nocable,3,False,1.0766927942408833,1.2292033329542211,36.61162728524853,621.0851675442,9404.87780037086,4.15882706264453,0.2404524124078668,39113.2603170471,0.4477941662935122,0.01799446,11993.24051955,11980.73852652,0.0,0.0,631.42292206,,,,,,,,,0.10114605220827584,0.05283329262241839,0.10047953360773458,0.05528271574602979,11982.50231111111,11986.783341666667,0.0033057243099567694
3035,material_r_nocable,3,False,0.9564718396215542,1.041971122551181,64.17051688246089,694.4443797281458,12519.933484907397,3.790530472178424,0.2638153174970516,47457.189384188496,0.2028281904296101,0.10861411,3279.73272495,2980.59356983,0.0,0.0,125.70325332,,,,,,,,,0.5790188807785477,0.05317837299457714,0.6643001444883009,0.057467115448140406,3125.639024444444,2955.2553702127652,-0.06859161806154267
3036,material_r_nocable,3,False,1.211478931355162,1.0950319991212194,3.1782273332040685,347.0628946541548,6095.137359809484,4.234318293623471,0.2361655243314883,25808.75162478916,0.1216246031623625,0.0408608,2671.56693395,2642.27648103,0.0,0.0,140.51199233,,,,,,,,,0.2283349474094139,0.052863374366717654,0.22675545597895133,0.05528311673287273,2639.7324444444444,2663.1271395833332,0.0034707201441790533
3037,material_r_nocable,3,False,0.8062587865413504,1.291111210378939,6.2275494374607945,768.4479758593483,9784.956590598544,4.6188964430004535,0.2165019312167986,45195.70119122946,0.1256396084955364,0.02068143,15492.33526218,15314.46149041,0.0,0.0,934.80134196,,,,,,,,,,0.16772173756991363,,0.05515268266808437,15297.425564444442,15324.401520833335,
3038,material_r_nocable,3,False,1.3933971728894183,1.2057146018292004,60.76839914790031,1592.3761581777298,7427.264502998926,4.053247992647991,0.2467157207784611,30104.54493764608,0.1831530587196622,0.06798988,7691.05710216,7560.50884042,0.0,0.0,383.33918502,,,,,,,,,0.3758464765487305,0.05286038288806052,0.3768361668208461,0.05534862122714649,7623.989217777778,7581.4018354166665,-0.0013148838768023046
3039,material_r_nocable,3,False,1.0498795619770855,1.1390773596436248,33.97954807612484,511.1800528134192,7139.030827322623,4.691744491202108,0.2131403365795357,33494.50855661294,0.3046093079130799,0.03671189,5391.6964825,5358.94557826,0.0,0.0,257.83772282,,,,,,,,,0.20646957282499503,0.05287602388217888,0.20421448448866006,0.05532607882718347,5361.361788888889,5376.156854166667,0.005491054001671847
3041,material_r_nocable,3,False,0.8111139729430344,1.151582632778578,43.67518813061099,1570.8391706060984,1881.9763179671013,3.1913330508084834,0.3133486803411705,6006.013224367267,0.1605553820529453,0.31016657,2562.41728559,2178.53754232,0.0,0.0,126.76474965,,,,,,,,,1.4229979830879844,0.057501728271195485,1.3867053896967052,0.05258071735349967,2250.6854805555554,2261.033180487805,0.012916877184551237
3042,material_r_nocable,3,False,1.0880706508292808,0.8563121665085107,41.34112822446627,1521.1693549899016,8293.502695779829,1.3245889412805374,0.7549511919020377,10985.481955310286,0.3297566653358457,0.27815745,2632.66609982,2015.00344325,0.0,0.0,99.79247217,,,,,,,,,1.2868842548113573,0.05426117262762094,1.3437055063829844,0.05587470862354852,2108.9996925,2066.893030952381,-0.02160019491060023
3044,material_r_nocable,3,False,0.8855468444464258,1.294892955269081,88.15823880825148,1823.8933546001635,16677.561893894203,4.595290156699591,0.2176141148654289,76638.23600876023,0.4345544343702775,0.02092171,28147.31247214,28109.40920585,0.0,0.0,1730.75259085,,,,,,,,,0.11688540611908695,0.05283549474800269,0.11717850397968173,0.05527857035204922,28142.238713333336,28098.77933125,-0.0012522129553039709
3045,material_r_nocable,3,False,1.176451504496566,1.259335083304829,35.23682340706308,238.3073276321044,1650.6874321201358,3.4262034196059217,0.2918682511019789,5655.590924630527,0.4554477898164721,0.03668698,2154.67863626,2146.11841673,0.0,0.0,113.71982173,,,,,,,,,0.2055439205777835,0.05285302083538743,0.20422484732403853,0.055304561715208,2147.372677777778,2150.2598375000002,0.003219067330336447
3046,material_r_nocable,3,False,1.0367073962697786,0.8466106885422618,85.31617134443364,1907.1291069875,2921.2262114889227,1.1881452581497147,0.8416479324735839,3470.841071163219,0.3456350883330272,0.4737633,2078.36175907,1524.69257849,0.0,0.0,59.39846509,,,,,,,,,,0.11724353868788705,,0.05415818771128158,1558.9748789473683,1768.7025567567566,
3047,material_r_nocable,3,False,1.3882574832092722,1.35664555567688,61.23214581876618,1217.9726206544296,7585.589699186902,4.168385563801642,0.2399010323526747,31619.66259501312,0.4123655773770855,0.02434502,17199.50048885,17174.11659515,0.0,0.0,863.18441577,,,,,,,,,0.1364158367248507,0.05283319543305452,0.13607369220359863,0.05528357501527025,17187.79708444445,17176.926829166667,0.001255624473342235
3048,material_r_nocable,3,False,1.037020028621515,1.3438817412752346,40.29711432358499,1199.322031406202,11847.235067870348,3.457170729873189,0.2892538662783022,40957.91430656858,0.3375787374172518,0.02328254,17417.7304823,17393.93486793,0.0,0.0,985.90918344,,,,,,,,,0.13109769840425528,0.05283740021431864,0.13000058541037063,0.05529875946457573,17398.24328,17403.26790625,0.004201915760823532
3049,material_r_nocable,3,False,1.1786557913227798,1.3607113826414574,88.28391309625314,345.93728980549054,5140.696617085364,4.130963931597215,0.2420742510848685,21236.03230846346,0.2376602643232637,0.01369712,9215.15728835,9211.12486804,0.0,0.0,473.11933785,,,,,,,,,0.0765295105369016,0.052834598120190944,0.07667575748260629,0.055270142821951376,9214.69099111111,9210.11455625,-0.0009545817033266898
3050,material_r_nocable,3,False,1.2476896712839185,1.1728592221408534,28.36545753750693,1224.2802930063324,8853.582001783683,2.046473594701216,0.488645444822365,18118.621785172243,0.4918218091538336,0.05588686,6276.97652264,6209.02017798,0.0,0.0,358.41541828,,,,,,,,,0.3106308566162448,0.05285294962105931,0.30971682242501386,0.05529590423226134,6222.492382222221,6238.900585416667,0.001473422440531347
3051,material_r_nocable,3,False,1.0139848458352525,0.992359952797881,28.57377911736449,1581.035028467742,2754.5523001761035,4.00580324845812,0.2496378224229838,11034.194552093222,0.3092600723703251,0.31420702,2411.76985518,1900.71182419,0.0,0.0,61.46955291,,,,,,,,,1.5312997311832817,0.05518141677544766,1.328263699997597,0.05723539222798833,1926.5236825,2196.484076190476,0.07100245756809088
3052,material_r_nocable,3,False,0.8863765005534536,1.096338441934658,78.34040111124845,1317.4352884421244,18354.19080572503,4.749314732137735,0.2105566921545933,87169.82879009684,0.4368116837002825,0.06033324,9562.52573326,9342.10392582,0.0,0.0,450.23219141,,,,,,,,,0.3311424149831471,0.0528638482567146,0.35418648112993584,0.05613754920302232,9515.394326666667,9288.251495833332,-0.0336248278417642
3054,material_r_nocable,3,False,0.9309220496651268,1.1238168702510452,23.697574849145568,1804.789715551828,8328.058958382175,2.9850303342224533,0.3350049708156423,24859.50861596384,0.2265151244542217,0.16261233,4991.28229422,4510.98966421,0.0,0.0,215.35065649,,,,,,,,,0.9645897098680569,0.05432305245186511,0.8070929640181339,0.0562335395147465,4455.783609090909,4739.308231111111,0.08889670152073761
3055,material_r_nocable,3,False,1.2620764945499472,1.2269076314428002,65.40274099187938,887.9979864262058,17903.868513322952,2.1165313036415667,0.4724711599018,37894.09816473063,0.1927579892847815,0.02606629,10090.16501504,10064.28212753,0.0,0.0,568.31281632,,,,,,,,,0.14568478073496072,0.05283466406543472,0.1456179319159114,0.05528409153774813,10077.29084888889,10068.059837499999,0.00022948230876733202
3056,material_r_nocable,3,False,0.9268713712663376,1.3534756506040198,46.64084907073413,1837.7028715641795,18132.14281790713,4.698011339618963,0.2128560209224837,85185.01257011824,0.1664243442893861,0.01838898,35354.70858383,35321.2648239,0.0,0.0,2064.16606775,,,,,,,,,0.10405648246343774,0.052821075178540074,0.1027817582778138,0.05529640638115083,35328.68584444444,35327.25092916667,0.006162903827917293
3057,material_r_nocable,3,False,1.3243193045100077,0.945118696814794,19.76880248747324,1943.5700812644595,19533.81569727061,2.352993292669922,0.4249905867199935,45962.93731592818,0.2389338928533925,0.08869081,7742.03474873,7482.19217272,0.0,0.0,432.11276494,,,,,,,,,0.47374703529001244,0.052831224498426685,0.5023933455880566,0.05568274333050065,7562.4083711111125,7426.885725,-0.029346506772187718
3058,material_r_nocable,3,False,0.817608578189956,1.010480716489081,52.25175536784705,1981.280081994412,10537.50720030568,3.5263243277958662,0.2835814029122645,37158.66799476203,0.2472621156863888,0.23859215,5400.94498393,4170.8430495,0.0,0.0,201.24218559,,,,,,,,,1.1961193943672714,0.05695224363064162,1.2861769956587599,0.05694184887365,4333.037614634146,4175.379057142857,-0.03627995498577187
3059,material_r_nocable,3,False,0.9815449685893808,1.1281316278112143,59.71231683102058,330.10010756094664,4163.822863332274,2.8791716751699106,0.3473221165045624,11988.360848531158,0.3908193822404499,0.06633784,1867.56466925,1831.16332041,0.0,0.0,91.78463376,,,,,,,,,0.36810231126003295,0.052903589597982324,0.37282522479681846,0.05560511946946823,1852.9513977777776,1832.7305791666665,-0.006374325837477189
3060,material_r_nocable,3,False,1.0251348699587293,1.0014630751074067,81.32055424400846,938.5613215606238,6986.698744919517,2.480014745747845,0.4032234089392285,17327.115911498364,0.2154867761938545,0.20737359,1680.33644251,1335.5299971,0.0,0.0,56.83066269,,,,,,,,,1.010243400910287,0.053078819241376966,1.1337238703765515,0.05669587070581834,1554.7530659090908,1314.1000555555559,-0.05759438174266061
3061,material_r_nocable,3,False,1.2522470235349703,1.1442670062689355,6.791535413156682,1219.6712976460449,17927.959169549522,4.9786857667316085,0.2008562192621521,89257.67514398163,0.1843911219609298,0.02935677,14565.77465716,14507.67720748,0.0,0.0,705.93082612,,,,,,,,,0.1641511132315512,0.05284914298895639,0.16324359153943435,0.05527798481465242,14499.41634888889,14551.887585416669,0.0027719498174280945
3063,material_r_nocable,3,False,0.9580220045506522,1.3512414725143158,58.18396362173626,1860.730846943652,7535.113921597578,1.7745491242170464,0.5635234248255667,13371.429810446656,0.1013440870108457,0.1162064,6111.3132785,5894.69296219,0.0,0.0,330.83550287,,,,,,,,,0.6305980144545645,0.053391704524178366,0.6463030602236798,0.05632162971762151,5963.455022222222,5882.647958333332,-0.012299344154810606
3064,material_r_nocable,3,False,1.2840291436679898,1.2377112684739513,83.24365237093218,851.0236646110842,4873.658608575679,4.877829506118304,0.2050092154196228,23772.875763657925,0.386841773304969,0.03776816,8055.1173634,8019.87156175,0.0,0.0,389.53576908,,,,,,,,,0.21016629348769894,0.05283282271883688,0.2111682417385818,0.05530228311832466,8046.745177777779,8016.257216666666,-0.0023780349511220793
3065,material_r_nocable,3,False,0.8539834712369618,1.1770489962933872,41.10219605844562,937.1332412075336,18157.77497045111,4.792371220258133,0.2086649706460212,87018.79819231338,0.467924689262143,0.01908436,17677.11581347,17647.38456625,0.0,0.0,993.40541911,,,,,,,,,0.10779974193950957,0.05283503541369115,0.10662377926944826,0.05530230830595752,17652.80308888889,17658.004858333334,0.0054842988466518435
3066,material_r_nocable,3,False,1.0906224038650294,1.3079238538448252,4.119773596163762,1126.4828872089051,4529.508633010029,2.6744355139498706,0.3739106793878538,12113.878748864554,0.1652845396534841,0.09230436,4506.91446449,4412.39227859,0.0,0.0,227.76393726,,,,,,,,,0.5185745469202849,0.052996328850218724,0.49242113458418907,0.055255900403681876,4383.3859533333325,4487.324761702128,0.02586896543136235
3067,material_r_nocable,3,False,1.2292024303071358,1.3122511251301172,86.87258708020057,517.8382585045887,2759.542913663916,3.6281954323280647,0.2756191111123087,10012.1609946687,0.2813512597079015,0.04660201,3921.95702364,3899.9160302,0.0,0.0,197.62271216,,,,,,,,,0.25827094134340695,0.05283024806763411,0.26063061289259,0.0553136445853424,3918.161564444444,3896.1915604166666,-0.004547435886287323
3070,material_r_nocable,3,False,0.98291770688306,0.827472701676935,87.15668267820989,566.1702721667087,2170.704448191959,1.2774973582893805,0.7827804836630267,2773.069198192234,0.4158567022701773,0.37219051,686.54453178,532.74043973,0.0,0.0,19.92302425,,,,,,,,,1.7331985585451433,0.053476120514317056,1.4083682990264093,0.0551580262088729,514.6769487179488,623.5530024390243,0.10339753194679087
3072,material_r_nocable,3,False,1.0717276761215833,0.9876043043141224,22.335814771800475,1250.890097263372,2399.664394925669,3.104925494067289,0.3220689198213425,7450.779157010266,0.3154397818255089,0.31198931,1759.67117801,1349.08280734,0.0,0.0,41.70115751,,,,,,,,,1.480659104321018,0.05385350863094951,1.3440812973882632,0.05611687014880755,1380.1751380952385,1566.671193023256,0.04835056943643744
3073,material_r_nocable,3,False,1.213570407376979,1.023263529807752,78.88851929266775,1450.8978905153062,2430.3760872606244,3.0388324860334657,0.3290737494073858,7385.505807246491,0.3440761145237541,0.26935861,2055.39700243,1653.82482928,0.0,0.0,64.12412027,,,,,,,,,1.261256915097362,0.052939335626641076,1.290327961562624,0.05557368561471815,1838.9325428571426,1699.6298555555557,-0.011393329193624869
3074,material_r_nocable,3,False,0.8648035617249769,1.1944592995450602,40.81181117847219,1525.910106807332,12616.606009765484,4.039982441930976,0.247525828236529,50970.86675621338,0.1430125467601657,0.06033268,11600.62888097,11377.03429259,0.0,0.0,595.89953471,,,,,,,,,0.5573558571526767,0.05447153493942395,0.9984107052596845,0.06284844382088933,11394.541993333334,11407.656976595747,-0.2834968039312473
3076,material_r_nocable,3,False,0.8713762992376591,1.1955417388172171,23.22476562991036,550.6667897714734,5365.648312157682,4.945478580608934,0.2022048996270995,26535.69879885629,0.1665427319936717,0.03854158,5843.57981194,5805.39109308,0.0,0.0,306.37104562,,,,,,,,,0.21847975180351065,0.05294402605600202,0.21259543570910686,0.05531817828309512,5799.5110955555565,5824.38754375,0.013650324270244752
3077,material_r_nocable,3,False,0.8596866179219745,1.0707153784520052,74.78024076896635,203.7203588237549,6139.196065830227,2.785522621343021,0.3589990590411564,17100.869518230174,0.1052772990526866,0.09465806,2261.28272833,1541.18468048,0.0,0.0,73.1355595,,,,,,,,,,0.06704037907035756,,0.15285717174176675,1578.8558760869566,1499.941913043478,
3078,material_r_nocable,3,False,0.8006183303926293,1.392082366785651,78.43612225519082,1469.652020875482,18473.97764359071,3.213054779988819,0.3112302990375657,59357.90217314571,0.4379745933746835,0.01388534,29354.97521955,29339.66613979,0.0,0.0,2137.69849258,,,,,,,,,0.0784006721240311,0.05283395684277443,0.07773075293174805,0.05525692746302973,29351.723511111104,29335.949945833334,0.0042907389850807285
3079,material_r_nocable,3,False,0.9448760859310524,0.9760843430090234,69.57175309069008,1370.6041409978832,9382.729234243998,2.1053288960996674,0.4749851682806426,19753.730981132994,0.3951345074160554,0.24927781,2239.58506295,1765.51666689,0.0,0.0,65.2780855,,,,,,,,,1.1546284400474924,0.05355784778695867,1.3320605226447675,0.05765515215801937,2064.621588372093,1751.950963636364,-0.07135274465736756
3080,material_r_nocable,3,False,1.3259774749669595,0.9328065882872234,59.62350557723635,1456.1069966078314,16436.457503431913,1.4470593895095996,0.691056640279909,23784.53016061666,0.2692031811464264,0.07791064,6430.37476557,6301.00587066,0.0,0.0,370.24902842,,,,,,,,,0.4339738709757958,0.0529145214827554,0.4250620234372124,0.05522944871064243,6288.981613333333,6341.957770833334,0.01037424349383331
3082,material_r_nocable,3,False,1.0248512843901432,0.9730166449205996,20.58638163945204,1062.7059947401283,12209.631728449956,1.254926085342864,0.7968596809642263,15322.185348461726,0.2346243284069821,0.21548183,1740.75365147,1388.61793562,0.0,0.0,60.26523884,,,,,,,,,1.0856765148220515,0.0532152460668122,1.1161164799826622,0.05614088326608856,1533.2740380952378,1439.7708333333333,-0.0138250803924056
3083,material_r_nocable,3,False,1.0379011722755602,1.3968988292162352,68.01769739912667,766.5156839765765,12461.31282333944,1.2626321748260656,0.7919962915072677,15734.054511321016,0.1797698026174644,0.03451312,7195.58014653,7173.68599095,0.0,0.0,424.43725092,,,,,,,,,0.19385918211580666,0.05283666653862592,0.19316037846150988,0.0553152450601485,7186.095577777776,7170.881404166667,0.0018056029345244896
3084,material_r_nocable,3,False,1.0737841841848097,0.99184837020877,7.492736024436393,308.3616672580611,9654.950969753478,3.5737774607683206,0.2798159681115151,34504.64616052822,0.3783172298225954,0.08584573,1037.29794107,943.01474241,0.0,0.0,55.67370508,,,,,,,,,0.4836818959319468,0.05316201602375054,0.4687116755015246,0.055540016076180324,962.0786088888888,984.8593583333333,0.015718523181430317
3085,material_r_nocable,3,False,1.307308091067838,0.9767880069101248,4.429898369007891,1495.3614330079156,1326.2589592223517,3.877377460830213,0.2579062807534562,5142.406595712883,0.2773308350656337,0.35743947,1878.58415294,1390.41953623,0.0,0.0,41.73155284,,,,,,,,,1.4875453612051301,0.05276648643719054,1.5198936247957529,0.05508729335607675,1454.9769125,1596.163074418605,-0.01075608307972277
3086,material_r_nocable,3,False,1.254806041558191,1.2410676291114198,67.93167642766794,416.9966310325286,14031.44409770803,4.041941382393276,0.2474058640127753,56714.27455326397,0.3706687224054884,0.00770265,18601.8862109,18598.41956219,0.0,0.0,939.05897082,,,,,,,,,0.0432122909546452,0.05282884448903447,0.043100144054920284,0.05526986735412562,18600.62667111111,18598.470629166666,0.001299313357484174
3087,material_r_nocable,3,False,0.8653032243595348,1.305218621685658,10.54979974080713,898.1994282717761,9285.146809190368,1.3155032855264106,0.7601653382415088,12214.641134084995,0.1764874058397204,0.07693181,4796.37840439,4579.04936567,0.0,0.0,261.29141041,,,,,,,,,2.1039158235018185,0.09889946867459219,0.4698882394821515,0.05561602009259923,4515.5370577777785,4631.698074468085,0.6348686784359326
3088,material_r_nocable,3,False,1.2585812519242086,0.9488791479105216,49.5473162224173,207.14665479099767,18544.13632469895,2.72841840451027,0.3665127014049343,50596.16284405605,0.3833706987268439,0.01332446,5221.71107411,5217.18147053,0.0,0.0,300.07067948,,,,,,,,,0.07393956719760711,0.05283387905039358,0.07441977256902436,0.05528128524104638,5217.326077777778,5217.917966666667,-0.0032367720978848805
3089,material_r_nocable,3,False,1.2684466538737544,1.380949826859945,75.85872690219773,370.2276225314053,19500.237989617475,3.981468481451485,0.2511636107779609,77639.58293646484,0.3477988203800631,0.00324019,39702.79187837,39701.80294647,0.0,0.0,2054.23563576,,,,,,,,,0.018183719723497995,0.05282939448224348,0.018136000488326653,0.05526474817960213,39702.559915555554,39701.692706249996,0.0013138657151826395
3090,material_r_nocable,3,False,0.934943006241336,1.0199297741682236,9.199006919770566,520.0721292609285,6067.496360813167,1.7506434129544062,0.5712185546183779,10622.022537182402,0.455975894752306,0.19103021,1127.11356903,934.71572703,0.0,0.0,40.64411782,,,,,,,,,1.1487897588721416,0.05438742240728263,0.9079419435050863,0.05568946045460306,884.927568888889,1063.755191111111,0.11710220399125307
3091,material_r_nocable,3,False,0.9224722439330824,0.9022672545103324,54.8203923011016,457.35741816480055,3178.249632012015,1.537723579191097,0.6503119374198836,4887.269399700303,0.1062671949641259,0.33509097,689.89063333,477.09113302,0.0,0.0,10.09572994,,,,,,,,,1.4793836254953576,0.05374864819699087,1.505251278706549,0.05675529776817016,510.51627435897444,512.6297261904762,-0.008666940527557915
3092,material_r_nocable,3,False,0.932361864671026,1.2130278122756548,24.837573815738526,1626.3531691504718,3714.1499465205,1.5336463264331517,0.6520408146027584,5696.192421303051,0.469164262825095,0.22595552,2488.34961628,2240.64267042,0.0,0.0,119.09057369,,,,,,,,,1.2187123655264294,0.054545277679005674,1.0614004455138089,0.05666562753458364,2242.3583386363634,2401.493402325582,0.06899304247181143
3093,material_r_nocable,3,False,1.1422347649074962,0.9399398507483876,22.83706897897642,676.1005084103208,2474.9709459900387,4.579755961934035,0.2183522459082512,11334.762945511398,0.1992029013159044,0.24840814,1001.37900672,780.31595736,0.0,0.0,33.07329866,,,,,,,,,1.232576943329933,0.05334959158896607,1.2079453487899934,0.0559318752321594,831.6778523809526,841.0089355555554,0.010092755398904255
3094,material_r_nocable,3,False,1.3122370571697468,1.1625353211680214,23.566334010018288,585.5910317846358,16301.82856925877,4.812047257916689,0.2078117579487231,78445.1694657296,0.3829884412430838,0.01032409,19078.27777794,19070.38571211,0.0,0.0,954.4351744,,,,,,,,,0.05780220604090239,0.0528333333241821,0.057652889595268625,0.05527582301607642,19070.687966666665,19075.021566666666,0.0012932858858330295
3095,material_r_nocable,3,False,1.2671108418224892,0.8057506019002897,11.65769215193037,1978.895275554681,18485.0505860593,1.4923742518635783,0.6700732063363235,27586.61353903065,0.494153499722755,0.12128546,6759.97099446,6352.92999112,0.0,0.0,368.38534874,,,,,,,,,0.6661820297034742,0.05233230911401202,1.6754448637315844,0.06480018834712965,6485.757749999999,6196.849229166667,-0.4310092427011582
3097,material_r_nocable,3,False,1.372467904756487,1.3403782794881642,75.56888729931316,543.6201316541574,14307.30956711366,2.6478777001733897,0.3776609470801908,37884.00595223765,0.4235318756856692,0.00811758,20544.04586841,20540.43037122,0.0,0.0,1128.69941036,,,,,,,,,0.04543401139199934,0.052831693304997436,0.04540910561097599,0.055272656960797646,20542.574328888888,20540.6559625,0.0002741625545778346
3099,material_r_nocable,3,False,1.1604529437260047,1.160470878208235,9.074380985723634,1006.8927353309912,10003.278773066324,3.0686028224764565,0.3258812097399328,30696.089477050147,0.3588047594764899,0.04969722,6624.85229627,6559.34383765,0.0,0.0,343.69789124,,,,,,,,,0.27775074274597245,0.052876894028551384,0.27459806411678767,0.055282619852527054,6552.39309111111,6607.004868750001,0.005707767609911961
3101,material_r_nocable,3,False,0.9180647560300296,1.1007669605791692,3.631319882175628,1992.1722108373303,16776.659247633306,3.693312589107197,0.2707596435106336,61961.44680244577,0.2116275896976749,0.11165268,8497.69576455,7995.77220758,0.0,0.0,369.15540459,,,,,,,,,0.710620772876102,0.05400281772969779,0.5529314487474837,0.055274068316024855,7828.791966666664,8317.240534042554,0.12479842259783883
3102,material_r_nocable,3,False,1.3144383415257126,1.1498886161504485,9.91243219924298,962.4649601719792,7687.539048078133,2.6995912664199864,0.3704264465657913,20753.213274454345,0.2720094956821509,0.05925544,4663.67872307,4595.01883713,0.0,0.0,264.28123693,,,,,,,,,0.3289697981888995,0.05285308691612834,0.32804082760969105,0.05529106431315417,4602.873437777778,4630.756002083333,0.0014139353957620957
3103,material_r_nocable,3,False,1.2748761337808414,1.127212397012682,66.9285426761628,659.9265767542213,14146.008496095734,2.883138931779489,0.3468441943527136,40784.90782437703,0.3810835857289807,0.02182204,8725.63024373,8707.36688273,0.0,0.0,499.01788269,,,,,,,,,0.12188580945998909,0.052834882633795384,0.12189279457753899,0.055281258700926955,8716.091784444447,8710.51613125,-2.86535300236032e-05
3104,material_r_nocable,3,False,1.3610222888287469,1.0161123990070875,79.76706978387537,798.0327630574152,10817.09849802409,2.1760045379952144,0.459557865132632,23538.05541964164,0.3169053130412754,0.04615146,4629.77006186,4598.75088332,0.0,0.0,303.62511759,,,,,,,,,0.25723590695862103,0.052863449665722526,0.2551207418832763,0.0552718963886975,4599.281455555556,4617.8535999999995,0.004128306093276446
3105,material_r_nocable,3,False,1.2851191119020096,1.1295291913741266,88.53858752800637,1676.0855096801758,4760.43828649599,2.798438170998612,0.3573421812078678,13321.7922116136,0.4661519343257136,0.12377675,4208.9251145,3994.32708295,0.0,0.0,210.54884973,,,,,,,,,0.6627202854237143,0.05285052593538954,0.6714938723533397,0.05540013668271425,4109.107984444446,4016.3690765957444,-0.006575846072749766
3107,material_r_nocable,3,False,1.1926964271179434,1.2526955412490368,13.524566054696516,1634.3884504986488,7310.469731950439,1.2952883675137383,0.7720288586544367,9469.16640485668,0.1880258767402105,0.14435143,3459.39566986,3239.94605169,0.0,0.0,174.63138669,,,,,,,,,0.7801126318985061,0.052979528808709576,0.7579898948592926,0.05534685331960906,3262.4214200000006,3351.521284782609,0.014383135489573992
3108,material_r_nocable,3,False,1.3462918335208072,1.1520619031084969,4.331087955298213,983.396996049654,17331.21201094747,4.062215549256049,0.2461710827194138,70403.118918324,0.3663282744230499,0.01824414,16822.6547721,16800.20855202,0.0,0.0,893.55270789,,,,,,,,,0.1019475627953276,0.052836074094727965,0.10181291298761977,0.05527654560177012,16800.17796888889,16814.382377083337,0.0006608239757511429
3109,material_r_nocable,3,False,0.8071848044314772,1.390083335889346,26.38719285309157,579.7998973678336,16880.5394375275,3.2798449907074567,0.3048924576720017,55365.55271461424,0.2203245430435891,0.00695759,25799.64139604,25796.08957583,0.0,0.0,1747.20977366,,,,,,,,,0.039091848908069424,0.05281567686609529,0.03875989327270403,0.05525777627487387,25795.655968888892,25797.72665625,0.004263946137449125
3111,material_r_nocable,3,False,1.2398762572022064,1.2388973211571266,12.456460935450858,1433.899261811354,13649.212290819743,1.2733565483093678,0.7853259963422636,17380.313849780032,0.1139275007755893,0.07852362,5127.84098712,5005.41071766,0.0,0.0,294.49327592,,,,,,,,,0.4338039646139109,0.052864869481469415,0.43156039868827023,0.05530034320625736,5028.7587111111125,5060.233479166666,0.0025926257433104343
3112,material_r_nocable,3,False,1.1209472877875957,0.9205013867250956,72.88009504904302,673.9480208552955,6048.899774297967,3.004102388420076,0.3328781348647447,18171.514259282183,0.1191127255255874,0.20727221,2182.94462275,1351.07358157,0.0,0.0,63.17242303,,,,,,,,,1.197670584156103,0.05389871207508281,1.4689204745433135,0.05662937972718802,1213.726357142857,1437.790891304348,-0.10172159300628118
3113,material_r_nocable,3,False,0.985680109945422,1.1837777537993726,16.098415802830807,409.3725263488332,3422.8708843901622,3.493081123825811,0.2862802106653469,11956.365675556235,0.2712891427230314,0.06252292,2553.79804889,2513.61245247,0.0,0.0,126.33487494,,,,,,,,,0.3538406656633641,0.05302017379834805,0.3402036427799455,0.05533896665173058,2504.9601777777784,2540.6925916666664,0.01964863441356561
3115,material_r_nocable,3,False,0.8356692588394421,1.358745158018627,31.20153148177312,590.0049722320831,16987.660585666075,3.049355870067533,0.3279381097549146,51801.42252561572,0.2761813313779172,0.00855155,21930.32927608,21925.71127096,0.0,0.0,1426.887775,,,,,,,,,0.04813152779176967,0.05281766860624426,0.04770671377388964,0.05526946591190375,21925.486222222222,21927.724954166668,0.004432614903404617
3116,material_r_nocable,3,False,1.11760035711212,1.21237178273287,58.668027123908885,1613.4088164838367,4456.77677204917,2.5558963190736765,0.3912521773819159,11391.059346613536,0.2336014600673789,0.16452549,3610.85147821,3371.35777052,0.0,0.0,160.66090295,,,,,,,,,0.8536104385717865,0.05335291595153689,0.8857210671241453,0.056286855332691094,3505.4800454545457,3386.6598288888895,-0.018461476979634697
3117,material_r_nocable,3,False,1.1329536624832477,1.3660490546657322,13.689544516676214,321.5725963915968,8890.188040718713,1.2188949934811852,0.8204152165265547,10836.205693938346,0.3821619516800395,0.01692439,5322.46518344,5318.20015349,0.0,0.0,329.42788027,,,,,,,,,0.09470927943524707,0.05283774601433352,0.09431974504816296,0.05527694496707628,5318.129664444444,5320.94494375,0.002060712042230842
3118,material_r_nocable,3,False,1.1834870055054436,1.1873816802158967,75.9656783636143,237.6316963099464,11459.490530117935,1.7440417280490872,0.5733807763410661,19985.82966670904,0.3258977386479068,0.01355404,5012.2135844,5008.44625403,0.0,0.0,292.63213617,,,,,,,,,0.07580026678362888,0.05283272274202893,0.07579425629541892,0.05527630950943726,5010.490633333334,5008.866579166667,3.9648452251966817e-05
3120,material_r_nocable,3,False,1.0174952642254218,0.9299403000795992,48.74236605701916,1446.3486002290329,13000.00743457576,2.159212829032053,0.4631317425287284,28069.78283024805,0.130891152656934,0.01535221,5047.76061656,1576.64717016,0.0,0.0,79.19324834,,,,,,,,,,0.52656582145633,,0.26924449521504973,1767.9698088888888,1739.5643479166665,
3121,material_r_nocable,3,False,1.338778372437073,1.3308145346285696,86.6153367067477,1996.5892423329071,1987.1178602788973,1.4792570829647629,0.6760150155886196,2939.4581695033426,0.2136257391493562,0.30642099,2489.85215091,2086.90368406,0.0,0.0,75.83220599,,,,,,,,,1.3476804157879452,0.05272130402162157,1.4139169344895286,0.05514098233820776,2263.786905,2138.260691111111,-0.023984857421350095
3122,material_r_nocable,3,False,0.8630910214240215,1.1909809472398811,74.224213365391,1773.8972397828315,9794.095023331163,2.771586538663216,0.3608041769759487,27145.181925053053,0.2777442084279961,0.10916368,6626.36363209,6353.65087498,0.0,0.0,339.68151262,,,,,,,,,0.5812443629196236,0.053028451267559076,0.6454953147113237,0.05655428623490257,6516.838642222222,6287.932510638298,-0.052375375936140084
3123,material_r_nocable,3,False,1.247980044017579,1.0193783569136547,69.99546811508839,818.6495082842597,9540.330352008805,1.1679850559530491,0.8561753379490141,11142.963280001575,0.2932633743522707,0.08779385,2838.80211691,2773.51908704,0.0,0.0,161.6701709,,,,,,,,,0.4876935695566952,0.052925713801343054,0.47582656180456745,0.05523602710648693,2770.7221199999994,2817.7171270833333,0.012316304938395016
3124,material_r_nocable,3,False,1.1647540830373702,1.3669278288111228,44.208615213941904,612.585888466062,3776.463749110389,3.8324880415222737,0.2609271024894829,14473.252157707935,0.3647388379544055,0.02982379,7040.9605616,7026.22634018,0.0,0.0,377.73128632,,,,,,,,,0.16762054237790613,0.05284400759937821,0.16646153168832906,0.05530838782625291,7030.4712266666675,7031.263591666667,0.003469239386209307
3125,material_r_nocable,3,False,1.0871661501157242,1.3023766392734086,50.50756908392393,553.4405728714391,17022.15668547083,3.5203554200617795,0.2840622268709591,59924.04154883809,0.1771390053064087,0.01007413,20512.94258297,20507.13382191,0.0,0.0,1057.22865896,,,,,,,,,0.05687843649029476,0.05281742690462325,0.05636319714225373,0.05527185903882916,20509.17476888889,20508.076493750003,0.0045499109427624375
3126,material_r_nocable,3,False,1.1300583046665116,1.395601579193467,22.11771066639892,1120.982990337422,17975.88500352868,2.129451359627484,0.469604527700945,38278.77276127145,0.3128639512459985,0.0186971,18908.03724439,18892.91856276,0.0,0.0,1094.23007097,,,,,,,,,0.10481836274334806,0.05283914452342491,0.10415236846675363,0.05527948655237425,18891.495813333335,18903.558166666666,0.003187021803186554
3127,material_r_nocable,3,False,1.1663554702159922,0.8236818145494286,59.8199914269601,486.45909151191466,1189.4051223640477,3.1652091164661766,0.3159348918836864,3764.715936478252,0.4280809721238722,0.31266291,657.2543471,491.51780865,0.0,0.0,26.01827123,,,,,,,,,1.4937343062622903,0.0541225120949141,1.3440368707933326,0.0551467894467033,494.2037,534.4814658536585,0.052751764017942716
3128,material_r_nocable,3,False,0.9468813195777112,0.929479467314695,27.954086524231947,1500.5835160638835,1933.40312567168,3.6642799766501577,0.2729049107525316,7084.530360191563,0.2492789639999687,0.42475823,2036.40594835,1522.33898605,0.0,0.0,46.89754312,,,,,,,,,1.7787167861374027,0.07150693975377286,1.5055793914543891,0.05576771885750119,1537.913182857143,1800.9853444444443,0.08316466600868239
3129,material_r_nocable,3,False,1.258032576366367,1.0889562654134088,69.20690597973629,1748.377560739708,11828.753775578669,1.1165566808856155,0.8956106009834032,13207.474054673312,0.1594713142569355,0.13533191,3948.2642532,3732.31716359,0.0,0.0,207.77333209,,,,,,,,,0.7371462911508246,0.05291584209204069,0.7131138696459441,0.055160499792790085,3747.5482711111104,3851.0870195652174,0.016571110587273633
3130,material_r_nocable,3,False,0.8890977847644841,0.9318605660172256,12.27241784451193,1352.3238255426868,2204.7062931620194,3.19728915169717,0.312764955734199,7049.083513805405,0.1690957437826253,0.42473979,1871.36096265,1429.75235724,0.0,0.0,54.14450432,,,,,,,,,,0.11277065545462274,,0.0565459916463864,1306.1860916666672,1728.508111111111,
3131,material_r_nocable,3,False,0.8766808728929943,1.0111604115487527,57.635454759668825,211.9319410197362,6471.224665091778,2.515350107971154,0.3975589707496368,16277.395660044198,0.353933318234736,0.14475079,1393.54549714,781.22097758,0.0,0.0,34.29345106,,,,,,,,,3.886778874201344,0.06251828701665717,3.6049891378151027,0.07890768794807432,777.579876744186,755.74051875,0.0376132490934401
3132,material_r_nocable,3,False,1.115183455262296,1.19907466570927,19.06527027001492,235.52689155551096,16604.36708434199,2.6397519706550128,0.3788234694458304,43831.410732371,0.3764347725900745,0.00695335,11020.66589419,11018.72791265,0.0,0.0,593.72911271,,,,,,,,,0.03895334082577883,0.05283382448384677,0.038792243917807,0.05527508507585251,11018.589135555558,11020.065864583334,0.0020721036249601293
3133,material_r_nocable,3,False,1.0180890749041345,0.9596684788683256,34.70988262382436,734.0279358411659,6027.131996401911,2.904220330263544,0.3443264925802839,17504.119277132333,0.1085351252994379,0.23236727,1209.80283986,922.27448654,0.0,0.0,33.95651825,,,,,,,,,1.2071307032658307,0.05395667470560734,1.1490181604335867,0.056676775930524746,982.5089409090909,1009.7119688888889,0.02466420680270634
3134,material_r_nocable,3,False,1.0702949181651993,1.334841984307681,52.45160529587833,1595.3447745728065,10227.847928324632,1.940234830178897,0.5154015299827374,19844.426788308527,0.4710293243691736,0.05043947,9460.12031144,9396.4629495,0.0,0.0,563.6601138,,,,,,,,,0.28188208097381284,0.05286693191657326,0.2809761515626332,0.055362132158542174,9424.26866,9409.825622916667,0.0016095161424523668
3135,material_r_nocable,3,False,1.3101823379279989,1.0008293171262015,56.59155376744306,1215.8232075271196,16321.08065906499,2.4466261156787232,0.4087261202648399,39931.58217656731,0.4768183002938706,0.04464847,7056.04621706,6996.95214601,0.0,0.0,462.63249647,,,,,,,,,0.2479544487232921,0.052847583912173306,0.2480251421187824,0.05528526629260051,7012.526768888889,7019.554147916667,-0.0001425328719076816
3136,material_r_nocable,3,False,1.1591016777023655,1.0496265218285803,15.85246274830902,447.8893970121902,8599.37191935748,2.7325399307171656,0.3659598854379947,23498.127148732223,0.1361531908157135,0.06902511,1794.19551042,1727.10063987,0.0,0.0,104.22330864,,,,,,,,,0.3831848720879172,0.05290845156947771,0.3813243031585866,0.055366266021150676,1738.7790999999997,1758.1956791666664,0.002433677697498729
3138,material_r_nocable,3,False,1.113394047992852,1.083099788407974,46.702572935898495,1295.2104639809293,12992.128458679606,2.5018615734698786,0.3997023698689617,32504.50694835495,0.488883999680709,0.07531139,5218.14333006,5065.4035136,0.0,0.0,279.63675135,,,,,,,,,0.41669898187163956,0.052894635574876114,0.41607478329566994,0.05539319940065114,5115.780993333333,5113.540675,0.000749541594702158
3139,material_r_nocable,3,False,1.375839973521895,1.0928216188639646,79.51339103856047,1080.091211289896,17290.869343788196,4.256752624586717,0.2349208629658362,73602.95346055641,0.1876530794918497,0.02983169,9871.70818274,9822.87292837,0.0,0.0,598.00595373,,,,,,,,,0.16633094937663256,0.05283836138481536,0.16633908004130368,0.055285489212417376,9846.853466666667,9830.73495625,-2.444062870750571e-05
3140,material_r_nocable,3,False,1.1078678462671572,0.995099535922327,29.63508536423732,355.8045558501051,14354.00200555455,2.606238635623923,0.3836947186383045,37409.954602699545,0.3322010814121545,0.06069402,1731.69660905,1684.00010513,0.0,0.0,97.75434787,,,,,,,,,0.3360915302356712,0.052924749851213544,0.3378849948376489,0.055450771822713345,1703.8160866666667,1695.141627083333,-0.00266101939052344
3141,material_r_nocable,3,False,0.8870238611105503,1.2068330776767398,80.4690386754276,1259.6801906456997,7885.4286726592545,4.192715465987672,0.2385089110177504,33061.3587518011,0.2192300346818048,0.06325469,7934.30209032,7815.52126106,0.0,0.0,416.47603048,,,,,,,,,0.3501804601860166,0.05286868269990069,0.36032827017798746,0.05563919122303287,7897.556884444445,7784.4380875,-0.014282456440432441
3142,material_r_nocable,3,False,1.0556791799374068,1.2238106749387474,0.1355007637759001,837.5417954015446,5876.593831140289,1.365175377057089,0.7325066191537251,8022.581199238306,0.102073838241015,0.13343194,2234.38890968,2128.42495798,0.0,0.0,108.54393273,,,,,,,,,0.7501256621594979,0.0531435961095139,0.6889123144205241,0.05521376899347742,2098.4324933333337,2212.2009782608693,0.04253768749345431
3144,material_r_nocable,3,False,1.1349634616998447,1.2386279655782249,66.1964034202299,741.0684110683659,8214.299047288376,1.249986809704296,0.8000084418783312,10267.765460077037,0.4936735204774475,0.0499317,4121.9178653,4087.07485856,0.0,0.0,246.70197885,,,,,,,,,0.27762149098693456,0.05284234436942022,0.27806148402525305,0.05531480940726256,4103.278275555555,4093.573733333333,-0.0007918058643218944
3145,material_r_nocable,3,False,0.9585718294879394,1.2891977118356843,46.52052919459592,787.1540862883464,12849.598000026705,4.115302134437035,0.2429955243460631,52879.97807616775,0.2936731693223005,0.01564995,17862.21912046,17848.9240215,0.0,0.0,1000.70454382,,,,,,,,,0.08842220512969108,0.052821565537204636,0.0875145976058309,0.05528613958979299,17852.51419777778,17851.9711375,0.00515871329789111
3146,material_r_nocable,3,False,1.1441896843000787,0.8923256023230149,58.9927427638386,396.9765791623311,10915.959067225664,2.463428426608707,0.4059383212430717,26890.68386990077,0.4096799540849938,0.11190468,3065.44693364,2002.80508245,0.0,0.0,95.7096025,,,,,,,,,2.892361878941712,0.08090274663139828,3.6421010410336705,0.06813577030056625,1946.2559760869567,1979.1307914893612,-0.11473615678498379
3147,material_r_nocable,3,False,1.027602537828726,1.0747999602797738,32.41567381806411,1308.3543940301283,2051.252304245245,4.027589897766972,0.2482874437028538,8261.60305834937,0.3969757190771917,0.25484752,2234.30945907,1910.55791344,0.0,0.0,76.28623993,,,,,,,,,1.3090860926155916,0.054871482263077906,1.1764844769067841,0.05756110116701975,1950.7898642857147,2093.6298790697674,0.05334856203028185
3148,material_r_nocable,3,False,1.319036540703146,1.333952323435477,87.37601524190245,1706.5740666554789,14888.756792503284,4.408478417342659,0.2268356347319444,65636.76298081463,0.2904020196245996,0.02189581,28122.47476504,28088.09591667,0.0,0.0,1377.90976229,,,,,,,,,0.12219760336539702,0.05283285183819084,0.12251642683447923,0.05527750381227033,28115.903704444445,28083.01465,-0.0013028409888137856
3149,material_r_nocable,3,False,1.1635263300824603,0.9772520368165064,1.2938013805752158,1532.100273293444,5673.023772947622,1.718758027880889,0.5818154642936747,9750.555152112856,0.428828806349975,0.21972367,2267.67666565,1928.63496386,0.0,0.0,95.62336841,,,,,,,,,1.07099086806796,0.05291913868710553,1.136057672399732,0.05583317915252945,2062.329358139535,1989.9779844444442,-0.029481365334168733
3150,material_r_nocable,3,False,1.2091404283096323,1.2967260000185143,78.23982331485578,633.218280075966,8390.19922989971,3.112281256980272,0.3213077217096574,26112.65980554718,0.3243761700030949,0.02155939,9861.07374106,9848.32131735,0.0,0.0,518.46491853,,,,,,,,,0.12062147957210012,0.05283210710016528,0.1206340077123154,0.055279636112775365,9857.991477777776,9847.024804166665,-5.1928933746954304e-05
3151,material_r_nocable,3,False,1.0686564446724791,1.1979942573855222,53.80325513958943,497.02764272947775,6623.633271040058,1.9979406224659764,0.5005153750594153,13233.625980528126,0.4266457745601523,0.04502666,3457.46933765,3432.05304489,0.0,0.0,192.06621493,,,,,,,,,0.251660264858948,0.05285229426304407,0.25114559893125726,0.055338057174108515,3443.4350577777777,3437.10680625,0.0010235877597192672
3153,material_r_nocable,3,False,1.3922652338787236,1.1204382966210782,18.605512351783773,1356.0584540350271,7329.94806468481,1.091378453848785,0.916272441034056,7999.747385627601,0.4488472157013974,0.08053841,4573.97169033,4492.05698077,0.0,0.0,282.28225161,,,,,,,,,0.4394925694962152,0.05280285861224157,0.4461496772743645,0.05529053189969048,4535.125722222222,4502.994333333333,-0.007516700792474506
3154,material_r_nocable,3,False,1.1559823808454543,1.286947382038737,79.31751537073757,1853.9396211148287,7497.609760698073,1.0309068606408256,0.970019735224564,7729.337340711262,0.1700747141754574,0.17291854,3341.85367859,3070.81369325,0.0,0.0,162.03163878,,,,,,,,,0.8848149687106076,0.05288559010529219,0.921671332780705,0.05560606603732263,3213.8983888888893,3092.79592173913,-0.02040223833398088
3155,material_r_nocable,3,False,0.9888244550616078,1.3700325690542687,57.26031739068265,982.5245630061668,4552.327108563968,2.006999972210646,0.4982561105362307,9136.520380381657,0.4869329029035312,0.06078203,4749.4883134,4706.68956445,0.0,0.0,298.55363088,,,,,,,,,0.3387587312013964,0.052900840906034224,0.3387855401318312,0.05545068304672144,4730.087471111111,4711.1551,-3.956779146265483e-05
3156,material_r_nocable,3,False,0.8761031233113007,1.082071493535436,37.5344028306271,697.7920602202352,15755.38912824916,2.7392588086520764,0.3650622558341159,43158.08845329766,0.2855109345129977,0.09702605,5163.66093684,4277.9351308,0.0,0.0,198.76088829,,,,,,,,,2.8405823489975615,0.09227205514892196,2.8999838121566737,0.08337787513278055,4244.999446666667,4327.32457173913,-0.010347666326202322
3157,material_r_nocable,3,False,0.9071428546680068,1.337040392499525,61.19046329105718,1643.2683377932683,11021.81648842942,2.7561133097683506,0.3628297851382784,30377.375121584588,0.3386720315715625,0.04325945,12366.41175418,12302.03387798,0.0,0.0,757.65877058,,,,,,,,,0.24332592732001979,0.0528651929782699,0.24214942335298775,0.055393949346630875,12336.283255555552,12299.69329375,0.0024234061840648813
3158,material_r_nocable,3,False,1.35379485994713,1.2229008708491975,43.04892994399823,1127.4238539617531,18442.03452469385,1.4448043751453112,0.6921352241194764,26645.13216785856,0.2037139767922028,0.03310733,9124.70328298,9088.63230651,0.0,0.0,561.84100979,,,,,,,,,0.18437123559714297,0.052834976365655824,0.1845658023189688,0.055277267946843525,9099.8766,9100.696858333335,-0.0005273710737333688
3159,material_r_nocable,3,False,1.2393939188316367,1.1888180579152836,3.322029445131872,1014.6974277958254,19445.2737590634,1.708704884063652,0.5852385683019727,33226.2342440664,0.2927985204537588,0.03178621,8884.3427793,8848.29524155,0.0,0.0,526.04413342,,,,,,,,,0.17736065397945316,0.052839478498726604,0.17710627848545404,0.05527942870315831,8853.211511111112,8866.36474375,0.0007176282770024086
3160,material_r_nocable,3,False,1.1669246559843924,0.985066995366636,62.48235081065239,570.2969609035794,2301.122054192449,4.916233172665663,0.2034077646194685,11312.852577173477,0.2486887094663701,0.19607557,1011.39353937,808.86402875,0.0,0.0,38.47224697,,,,,,,,,0.9953474216189191,0.05316280978828832,1.027547617466971,0.056108944528499946,898.5006377777777,836.0537422222221,-0.015917877707882805
3162,material_r_nocable,3,False,1.3592526566505034,1.397290594185402,53.23244195746605,1303.924739503084,16936.575509389368,3.903420244455235,0.2561855853006063,66110.57171509518,0.1075305312955465,0.01622635,29990.10807293,29972.57237457,0.0,0.0,1446.15641125,,,,,,,,,0.09126478924331466,0.05282703001202451,0.0907458423780938,0.055276754150258296,29980.51610222222,29975.609031250002,0.002851189848625414
3163,material_r_nocable,3,False,1.1617033293577708,0.9412147675166844,1.8704779506408509,255.57254917171352,10688.627156961626,3.2929230288530165,0.3036815592827014,35196.82651198268,0.3795301984470959,0.06995326,2350.62218428,2024.38020617,0.0,0.0,93.74806386,,,,,,,,,1.3949928229135848,0.055873675473456515,1.7272184356164577,0.0836865861931996,2064.0531822222224,1962.73105,-0.1064071535182686
3165,material_r_nocable,3,False,1.3832318020381402,1.2445530504624414,85.43708205280416,1710.2505693881876,9815.076397354023,2.2503428293378915,0.4443767353857926,22087.286790189213,0.224064931563009,0.0664146,7444.14969387,7332.18527465,0.0,0.0,418.37430367,,,,,,,,,0.36684760152795937,0.05283692781772346,0.3678811886293218,0.055297412806007015,7388.395802222223,7349.1950166666675,-0.0014067600388180841
3166,material_r_nocable,3,False,1.1164683692528152,1.0508658654256768,63.69035248130771,1210.6860412182218,3210.7302169439768,3.84470267852392,0.2600981359588319,12344.303065102196,0.2282521416844745,0.2235754,2187.94202957,1830.90467911,0.0,0.0,72.6658502,,,,,,,,,1.082781576223469,0.053449275093451036,1.1668034078145835,0.05668763324851646,2038.3048386363635,1845.5027000000002,-0.037349925513946836
3167,material_r_nocable,3,False,1.271145668579998,1.186713030109019,31.490080472939844,552.8548382871002,5389.486953341101,2.0525291715732115,0.487203794152911,11062.07919154584,0.4034980534971741,0.04479416,3513.69285721,3488.29217002,0.0,0.0,202.68008072,,,,,,,,,0.2495222214579846,0.052845093497984115,0.24904484911741498,0.055289739603652924,3493.829708888889,3498.96163125,0.0009574887086278946
3168,material_r_nocable,3,False,1.2592382127597466,1.0673656224942183,24.40912302723265,1109.5642868764105,2540.602641176565,3.653587364280456,0.2737035960263514,9282.313707460253,0.1018337837507864,0.22426833,1802.61682186,1489.40501638,0.0,0.0,64.18567458,,,,,,,,,1.1379188040390995,0.05316052773650805,1.1026908453082358,0.055602195329599806,1528.8561681818182,1634.3424244444443,0.015722488181341726
3169,material_r_nocable,3,False,1.0309294793770634,0.9625676686859184,1.1520310094008137,1782.9905591855345,12229.382579913992,3.967109783246156,0.2520726812812658,48515.30327583692,0.3665195416937329,0.20867509,3237.8453651,2475.55411073,0.0,0.0,101.71679743,,,,,,,,,1.1753156457850016,0.053946773629966076,0.9968301894662311,0.05559153346023959,2464.9119636363635,2950.460886666667,0.082170107283854
3170,material_r_nocable,3,False,0.8687799373516885,1.210160542693869,7.030026157587766,1364.9735698269253,19076.931243539064,4.65869101202612,0.2146525703075311,88873.5281213157,0.1790847936085078,0.02599585,20897.51947542,20841.53273911,0.0,0.0,1120.00866373,,,,,,,,,0.14508352270200725,0.05292947196494846,0.13998024024680353,0.05528111694935048,20824.14486222222,20878.987333333334,0.01790224896498025
3171,material_r_nocable,3,False,1.048453812315072,1.3215192819593755,24.529484245139905,1171.678039265983,18771.293188275704,2.983114668597535,0.3352201008317707,55996.92005849024,0.3226757846910682,0.01822864,21785.49291635,21766.05950749,0.0,0.0,1216.0968661,,,,,,,,,0.10230116976400677,0.05283963299136949,0.10153458069569066,0.05528027782860092,21764.071195555553,21778.716497916666,0.003760817553286293
3172,material_r_nocable,3,False,0.8852413750313499,1.1080083413037072,65.06585304889562,491.89510621634633,16242.37379300818,3.030312431337752,0.3299989762304949,49219.4672193872,0.1440255897840051,0.05928532,6870.81229094,6004.69944242,0.0,0.0,286.63472218,,,,,,,,,,0.10868955666635897,,0.17296171460742646,5999.326657446807,5929.155393617021,
3173,material_r_nocable,3,False,0.8755297197956708,1.1260073395719197,3.926874334328637,1421.7701660309413,10365.963669059069,2.072228526828453,0.4825722583457051,21480.645623091536,0.2520944725439521,0.15661623,4356.12679383,3967.41340649,0.0,0.0,195.32898038,,,,,,,,,1.0927103838576269,0.054611601092770065,0.7330925980175049,0.05528978864232277,3831.2405177777773,4156.51192173913,0.19696417927348775
3174,material_r_nocable,3,False,1.0806619312545964,1.3637223252192097,18.81139819063572,1193.440709498915,5835.506225078608,3.0284285954347494,0.3302042523001748,17672.413920865543,0.374649961206808,0.04657184,8412.37750333,8369.67389062,0.0,0.0,476.31085411,,,,,,,,,0.2609233064978218,0.052888132957440694,0.25716672902403964,0.055315794526313584,8362.519231111111,8402.501916666666,0.0072508197730501425
3175,material_r_nocable,3,False,1.1119583992033082,1.385775362149824,53.69763328334425,848.3848318794116,15871.901663534456,4.394365194459232,0.2275641544905918,69746.93224011539,0.3901999794322658,0.00800422,35966.67458356,35961.34091091,0.0,0.0,1999.01809389,,,,,,,,,0.045158992802179866,0.05281855979730223,0.04478889696421814,0.05526827222195761,35963.9026888889,35962.146468750005,0.004114558317297912
3176,material_r_nocable,3,False,1.189419093247469,1.2336677567816523,59.23511956176516,1337.4834496790345,2138.316522755623,3.959179989861557,0.2525775545847229,8465.979988884406,0.3962834002487386,0.14843134,3355.08958166,3172.81825323,0.0,0.0,148.76156962,,,,,,,,,0.7800469952584004,0.053231531557303695,0.8034980917724376,0.0560577121099252,3272.120697777778,3187.321634782609,-0.014809238275626387
3178,material_r_nocable,3,False,1.0974899265992728,1.3981030771243166,5.533786336811351,1484.356852521284,1769.0782196933817,1.1417060613120067,0.875882185341853,2019.767326358988,0.3766470189244951,0.27825451,1854.84956541,1622.48463234,0.0,0.0,78.76932454,,,,,,,,,1.4142318689471538,0.053237992124195097,1.2138480816210693,0.055231576045060925,1614.0900547619046,1763.6550799999998,0.07624721891841955
3179,material_r_nocable,3,False,1.3280687854247604,1.2694520753374523,73.33436413504265,618.2110315129296,15015.281626437669,2.263369507533115,0.4418191535547888,33985.13058030126,0.141989814678316,0.01789874,10343.69507808,10332.1467112,0.0,0.0,576.87615161,,,,,,,,,0.10008286794900616,0.05283274343553583,0.10006348956506948,0.055277093545637125,10338.612717777778,10333.19903125,9.682106722982331e-05
3180,material_r_nocable,3,False,1.112392523474258,0.9645970934767104,43.540253350137874,1144.9366869333878,5555.216011973044,1.6979875330982637,0.588932474772257,9432.687531998085,0.2306406850549944,0.24698386,1635.30750126,1347.95837934,0.0,0.0,59.69972761,,,,,,,,,1.2065928823352727,0.053002495678227256,1.2106114830201677,0.05544113473793581,1433.283480952381,1432.731256818182,-0.0016624993494516105
3183,material_r_nocable,3,False,1.078427312243377,0.817061154839977,30.57594982894911,1847.726583920845,4075.05431302761,3.479147256906285,0.2874267532122846,14177.714034914135,0.1326489693007971,0.00698029,2411.49411786,2381.73128848,0.0,0.0,94.59163719,,,,,,,,,,0.3694985534988991,,0.5482466776843121,2400.67266,2365.162925,
3184,material_r_nocable,3,False,1.0408598678035126,1.3326113082671895,56.093067501192365,713.3565924898687,17944.453539386148,1.661237026859026,0.601961059037279,29809.99064637977,0.1620660407661993,0.02221338,11128.65126539,11113.47581699,0.0,0.0,617.43500524,,,,,,,,,0.12531985248167962,0.0528247706807748,0.12427507000642112,0.05528947802885146,11119.660973333335,11114.065570833334,0.004185912376916708
3187,material_r_nocable,3,False,0.9638250773293492,1.1738172602037384,55.61359401654226,284.50435615072854,3609.48250021908,1.0653024073515789,0.9387005915870166,3845.190396776781,0.241432356817946,0.12503311,871.56265772,820.71903887,0.0,0.0,41.78318036,,,,,,,,,0.6754501192943749,0.0531588651657538,0.6948842757526342,0.05619008448573325,838.686,822.0445425531915,-0.014182054050823569
3188,material_r_nocable,3,False,1.35000644748523,0.9169599099383628,41.43634228505822,316.4763432817325,6125.3089177829015,2.163668156391183,0.4621780826445752,13253.135853465805,0.1971305727138433,0.0502244,2724.9655791,2636.81011387,0.0,0.0,146.60702619,,,,,,,,,1.57793324820712,0.0804048979757776,0.7774002521057592,0.06211702072902767,2624.9154608695653,2643.2714297872344,0.3398809535868356
3191,material_r_nocable,3,False,1.3407734683796204,1.3575085975419336,33.83094277427119,1582.414048273644,16508.607376282387,3.9940000726110254,0.2503755587931832,65935.37905957876,0.3110083832074802,0.01779071,31151.97527439,31127.48230216,0.0,0.0,1560.38425827,,,,,,,,,0.09980896230732492,0.05283348044512493,0.09932061197610396,0.055279860809116704,31130.476931111123,31139.8105125,0.002452424924716928
3194,material_r_nocable,3,False,1.3641031254333396,0.8256862968937329,34.25325827934589,1331.019751078824,7254.794778321378,2.8037189944703607,0.3566691248203731,20340.40592096404,0.3885591326654375,0.13645827,4071.2496586,3647.04400438,0.0,0.0,221.87184831,,,,,,,,,1.415094479756348,0.055927188505113946,1.1631972481000936,0.05620987132207047,3642.9580545454546,3627.548776086957,0.09769927465332967
3195,material_r_nocable,3,False,1.1809046886462085,1.0051432370801257,25.080238628251102,847.7895231168986,6857.758078536214,4.827632087270674,0.207140888518983,33106.732946681106,0.2717292312424881,0.1194937,2107.43642153,1877.18320415,0.0,0.0,107.67573575,,,,,,,,,0.6554190293242582,0.053081134443551635,0.6435351740368617,0.05554237637871795,1911.7479422222225,1984.305838297873,0.009148786967736338
3196,material_r_nocable,3,False,1.3662796316179928,1.0571167566014763,3.938066358676395,814.6193147241486,8799.937554040836,4.785683394492407,0.2089565726706551,42113.71502494336,0.1198228208901704,0.05351812,3988.3098549,3921.25931822,0.0,0.0,253.41142362,,,,,,,,,0.29697427270922117,0.05285111068626574,0.2976897542339387,0.055314826761589934,3934.6764511111114,3950.773639583333,-0.001203169339829426
3197,material_r_nocable,3,False,1.0638420423736847,1.0240580116142255,53.53972687944247,1397.58364479408,10961.57352502518,2.165033268276811,0.461886666894462,23732.17135434183,0.3740073252326871,0.16497163,2768.67905286,2366.06711669,0.0,0.0,119.45380365,,,,,,,,,0.8672290303313263,0.05313709223474799,0.8782975459159156,0.05593591260305882,2521.8970044444445,2459.7147826086957,-0.0063410753724448266
3198,material_r_nocable,3,False,0.9200891932714328,1.0997343847464678,35.048974641365284,1800.0258525045808,11969.015034248465,3.5157087184229674,0.28443767106183,42079.5705068429,0.4851862448898401,0.11562591,6197.98024968,5837.3703235,0.0,0.0,286.14547196,,,,,,,,,0.6593950967457287,0.05350597254345915,0.6171220388987101,0.055930933786889944,5874.3748911111115,6021.263274468087,0.03311593449599674
3199,material_r_nocable,3,False,1.0104312967273064,1.230794320439215,42.68831674270838,1877.5901525350805,9990.749360818283,2.147732881475458,0.4656072496841488,21457.46091280934,0.4360928817485208,0.09106854,6759.90579202,6596.63481894,0.0,0.0,366.72921562,,,,,,,,,0.50505967226985,0.053031192756920385,0.4996203174868327,0.0555899149898004,6640.674602222221,6658.660116666667,0.0054140172378019085
3200,material_r_nocable,3,False,0.8661743464013353,1.2408718736596462,50.05308076692759,1829.593923701868,14507.574379306783,4.8476515882401205,0.2062854522024421,70327.66598135821,0.1627604511699856,0.03638584,19328.7795336,19237.359871,0.0,0.0,1069.11009295,,,,,,,,,0.2057460382264914,0.05285172279985234,0.20324156479167463,0.05539577949090087,19262.371811111112,19247.75704375,0.006123592540054402
3201,material_r_nocable,3,False,1.356251374567803,0.8884359772970842,89.56003723368916,1417.2556085252493,14591.422841986108,2.949142078887798,0.3390816628194215,43032.1790941458,0.2703617451082907,0.095185,7263.90809231,6706.24439179,0.0,0.0,380.07236159,,,,,,,,,2.057341911039118,0.08072925335840579,2.213657052012082,0.05862992145360275,6509.5894288888885,6699.469626530612,-0.03659919899893693
3202,material_r_nocable,3,False,1.064487430269252,1.1877833971754743,74.33044240456921,1575.9427815579993,18668.4227943508,1.0220990270044872,0.9783787809002678,19080.976773814346,0.1768283718878419,0.11128862,4393.72083288,4192.02750312,0.0,0.0,231.41839522,,,,,,,,,0.5987878328156631,0.05289600737810229,0.6158431554699253,0.055625044741554115,4315.862062222222,4195.098872340425,-0.01404156720744896
3203,material_r_nocable,3,False,1.3224510561239486,1.0298710380397684,7.261230241534672,1226.8263819823624,16061.358521920054,1.763182446292138,0.5671562815878398,28319.10540945408,0.4182921479989252,0.0469029,6913.17980136,6858.58833849,0.0,0.0,447.26264614,,,,,,,,,0.25974061447302993,0.05283399580744221,0.2618761673821655,0.05531590969670521,6887.437828888889,6865.657991666667,-0.004094103148944372
3205,material_r_nocable,3,False,0.902657384423519,1.0990357756341886,0.4962195345134729,1703.8233985821332,4966.656836745264,1.6149507077695384,0.6192139457811272,8020.90597375018,0.2643557386246283,0.29333591,2564.61510431,2153.92443962,0.0,0.0,102.14422076,,,,,,,,,1.657642781378597,0.05366875704439791,1.1955606788405664,0.054907050687820556,2011.7818975609755,2429.0991840909087,0.16195203355828564
3206,material_r_nocable,3,False,0.9597766380777868,1.2632607589704663,55.00126960320255,1202.6846300776367,17588.77243261131,3.4248817356389822,0.2919808849438795,60239.4654567609,0.26728515743975,0.0242331,18137.206312,18102.76942743,0.0,0.0,988.55622171,,,,,,,,,0.13694947562023946,0.05282594391544263,0.13560745450548273,0.0553063269774957,18117.18895111111,18105.05952291667,0.004923819453564058
3207,material_r_nocable,3,False,0.92801531553267,0.9911462357173216,63.84230646877677,1661.1661776351507,5249.356541620984,1.280438652235775,0.7809823596420643,6721.479015258221,0.2829152182263031,0.36076399,2056.71545761,1559.29346613,0.0,0.0,45.80943505,,,,,,,,,1.4686300611514707,0.054177129198943325,1.5877225711330931,0.057356205344447686,1770.0265,1646.259411904762,-0.03896556592444084
3208,material_r_nocable,3,False,1.2452728327103444,1.3713100673871126,18.41268693355872,716.1129568710448,19518.861779202776,1.08128424773792,0.9248261981916696,21105.43777562572,0.1806951468564623,0.02096321,9455.4515038,9442.47404239,0.0,0.0,574.39941344,,,,,,,,,0.11725464009151995,0.052836035583157505,0.11692269674990137,0.05527753693366569,9444.136528888886,9449.038577083333,0.0014174870467647562
3210,material_r_nocable,3,False,1.0812620068218406,1.2145632803906905,11.864507613814869,591.9970219126842,17434.28313022159,1.4319288079752746,0.6983587413217733,24964.65226056164,0.4445311193378604,0.02343382,7313.7094205,7298.86541552,0.0,0.0,432.5047803,,,,,,,,,0.13108363806739098,0.05284285265731834,0.13049592300031132,0.05527827064434781,7298.555220000001,7308.489016666666,0.0022467927718846153
3211,material_r_nocable,3,False,0.8994566259890133,1.3314729939858418,24.64920540161688,1923.9514272571755,18813.09312831696,4.735739941493915,0.2111602436692384,89093.91655081534,0.4807590867942444,0.0152115,39196.68648837,39169.61695006,0.0,0.0,2485.31136947,,,,,,,,,0.0854048458652921,0.05283693445765292,0.08471638492383779,0.05527813888634495,39166.60423777778,39187.055260416666,0.004046884320438948
3213,material_r_nocable,3,False,0.8237497253403867,1.157606038551925,73.71325112510891,906.069080397986,11398.682569547304,2.814214354391739,0.3553389593224994,32078.336108374937,0.352127245886476,0.08009659,6095.4529035,5718.69112514,0.0,0.0,302.78250625,,,,,,,,,1.7884900126217533,0.05363537117570411,2.249860639455868,0.0977599828236137,5779.129404444444,5690.986120833334,-0.11424729217032004
3214,material_r_nocable,3,False,0.8057082051525127,1.3732720353778118,1.588903642102233,1385.9681080215375,7469.858885038182,2.05589175032232,0.4864069325844717,15357.221257821877,0.4927723112738406,0.05195304,7368.48425439,7313.74017818,0.0,0.0,530.22462681,,,,,,,,,0.29152730385663456,0.05292043581036824,0.2824340881451729,0.055257182409140945,7295.46893111111,7358.87240625,0.015842904833280182
3215,material_r_nocable,3,False,1.2153439787687963,1.1988953581979174,64.81995696437889,1858.0145125856584,17668.256599355,1.9006003147601715,0.5261495498206238,33580.29405399759,0.1902653481152596,0.06786551,8132.58348054,7984.72129476,0.0,0.0,448.85244558,,,,,,,,,0.37512010983809674,0.05285758943178545,0.37651908898282893,0.055355269683533166,8057.177806666667,8008.2538375,-0.001861237608318899
3216,material_r_nocable,3,False,1.3474392307464045,0.8308502769497675,39.73584256933455,1440.9859848856483,10783.703820707531,1.1802859041424236,0.8472523449533048,12727.853614027896,0.2753602855987512,0.10720283,5036.03358785,4833.36891868,0.0,0.0,294.75257011,,,,,,,,,0.5851213823779379,0.05290955956729365,0.6000211145649736,0.05529405707885829,4861.72753488372,4838.767130434782,-0.0125721018573461
3217,material_r_nocable,3,False,1.2921335259408298,1.1896475636245805,19.38611362769187,249.01350550769288,14984.055932515625,3.200679108687173,0.3124336948636414,47959.15478660285,0.2593262414574577,0.00679881,11418.37943784,11416.30435701,0.0,0.0,612.96169277,,,,,,,,,0.038048692960502825,0.05283306222629568,0.03797294413805865,0.055275630659295874,11416.378593333335,11417.53085625,0.000996411355177316
3218,material_r_nocable,3,False,0.873219780889926,1.0414762031544735,84.82815695580857,258.1796663302606,6356.496697220848,1.5797611449822169,0.6330070866575572,10041.746500477286,0.2953762815851851,0.1646238,1370.64626615,876.1319416,0.0,0.0,39.17434348,,,,,,,,,2.7691882537279673,0.05412573642061334,3.602882936394343,0.0733129417436912,1006.6945511627907,797.5494630434785,-0.1308357452061632
3220,material_r_nocable,3,False,1.1878917276092351,1.1803531993284166,35.63738920972648,1751.365128840657,11717.01401764833,2.9055275754700545,0.3441715743614034,34044.10733044639,0.4729370279648326,0.05517042,10029.85577453,9922.02789741,0.0,0.0,532.4985478,,,,,,,,,0.3076131125711909,0.05287001096523142,0.3057572618021907,0.05532124293305056,9941.975495555556,9970.571795833333,0.0030256609163690435
3221,material_r_nocable,3,False,1.126589189008819,1.3411834385272572,71.2311431143614,1118.5026151825782,9960.254225876795,1.1399418317044288,0.8772377433546857,11354.110446487774,0.3994492426746208,0.05720496,5470.80259683,5418.81282576,0.0,0.0,332.64256505,,,,,,,,,0.3172189268738629,0.05284487169624743,0.3186893227002407,0.055341034711949136,5448.214286666667,5423.454727083333,-0.002312276696146973
3222,material_r_nocable,3,False,0.9707732285542172,0.8844626180521262,41.83561158733431,1702.921415334382,2684.015364039734,2.466990556457527,0.4053521799596789,6621.440556472936,0.1855600850470464,0.46194974,2094.22858246,1470.27883828,0.0,0.0,32.95276234,,,,,,,,,1.6723387554571596,0.05411771810220866,1.6437056499281688,0.05680675998068918,1591.1890083333333,1654.609581081081,0.008634717159544064
3223,material_r_nocable,3,False,0.9185082015994488,1.1619713349528242,2.4330007492501693,1678.7302782226818,14472.930542931646,1.010904756421092,0.9892128745543762,14630.7543252017,0.1096981231728125,0.19143572,4316.04623792,3716.43059491,0.0,0.0,183.82850377,,,,,,,,,1.231765506469959,0.05414421787222749,0.8843402566337746,0.055247602333467254,3518.511124444444,3917.026664444443,0.16418142036842673
3224,material_r_nocable,3,False,1.35747817783739,1.148336405398492,44.92940226958834,865.9566777005418,1744.876400431138,3.054365396053056,0.3274002518795657,5329.490097866484,0.4640541687770071,0.13641046,2016.95563121,1903.57505828,0.0,0.0,97.58798418,,,,,,,,,0.7296479780041693,0.05290494132540516,0.72870039110223,0.055387540474108134,1938.5303622222225,1938.234573913044,0.0006497671763571373
3225,material_r_nocable,3,False,1.2177848285617,1.3284003023253157,17.33848457536804,1014.2043913650458,5605.026073611453,4.35024384739164,0.2298721715564494,24383.23019119795,0.4687186014051965,0.02861402,12148.14940087,12122.63763491,0.0,0.0,632.68654904,,,,,,,,,0.1602086342419055,0.05284887745506081,0.15904688060054667,0.05528436463326337,12119.65865777778,12141.35973125,0.0036389461962220153
3226,material_r_nocable,3,False,1.1473906520096662,1.179425703901657,79.71911118434468,1277.2894565023696,8437.090518152228,1.0887986490747867,0.9184434613780574,9186.29275828584,0.1788975302781251,0.14683437,2606.14411817,2396.43662868,0.0,0.0,130.7784785,,,,,,,,,0.776330001385681,0.0528957258964907,0.7872485425657829,0.05548318833189111,2484.054722222222,2437.855997826087,-0.0069830461810435705
3227,material_r_nocable,3,False,0.904146290245086,1.3749490993858298,24.86897852844248,1752.7315980489302,11600.638803649925,4.399362934931786,0.2273056382913553,51035.420374308895,0.2009177204768998,0.02599037,22788.27838702,22744.20075941,0.0,0.0,1389.84201109,,,,,,,,,0.14593907678118315,0.05284884178914597,0.1444071507266406,0.055297869807834125,22738.371277777776,22766.3741375,0.0052762044394094095
3228,material_r_nocable,3,False,1.3792914947818626,0.8605711706833804,63.46444872409476,1332.3749156883794,5904.75300497263,2.212794760636695,0.4519171943955012,13066.006512257218,0.4176766829968782,0.13565501,3050.05026476,2895.70654662,0.0,0.0,192.42807838,,,,,,,,,0.7620391999121212,0.05313167779275456,0.7028175924762378,0.05507086032367087,2873.019852272728,2948.764656521739,0.040428257385710896
3229,material_r_nocable,3,False,1.1993079946306997,0.89969653743772,42.482237065075125,1172.6015178154248,2281.976905770095,4.335924341023333,0.2306313305651425,9894.479211381664,0.204706061551993,0.31717235,1469.99129956,1124.86237472,0.0,0.0,45.6698797,,,,,,,,,1.4189300748287241,0.05296331639410233,1.4270429719900561,0.055225477968915214,1207.75874,1211.3607047619048,-0.0028506584664955213
3230,material_r_nocable,3,False,0.9175727808217302,1.3872037318509207,66.65433016335751,985.9112309276948,10065.167526900585,3.2268453549707825,0.3099001935309833,32478.739081181902,0.1582613904213533,0.02268107,14965.21248899,14944.06772931,0.0,0.0,901.8289321,,,,,,,,,0.12873573459514104,0.05282576759763343,0.12698173533377338,0.05528024037054191,14954.660408888887,14941.189139583332,0.0068591295770885
3231,material_r_nocable,3,False,1.1744449785906748,1.3600993544441198,77.19417421930541,544.8935465396255,11988.727222920992,1.675781935564916,0.5967363526107555,20090.49251058634,0.1264396432317637,0.0220728,7992.47904757,7983.04893987,0.0,0.0,442.99726139,,,,,,,,,0.12359146115999495,0.052831759943546344,0.12351221645827161,0.05527862490009396,7990.363446666666,7981.797854166667,0.0003206941413707245
3232,material_r_nocable,3,False,1.0773877607548954,1.3828008961909597,47.303921360976815,738.0572190540745,3310.988721130548,4.511454031584627,0.2216580271014652,14937.373414475638,0.2254652333979061,0.03856037,6935.33058838,6910.29187032,0.0,0.0,374.67228599,,,,,,,,,0.21710603734705036,0.05286909739350617,0.21510888313107435,0.055364961886197696,6917.513813333334,6915.765689583334,0.004620743341684559
3233,material_r_nocable,3,False,0.8418925363684339,0.867549311203868,72.78446626164805,720.6111310804488,2420.5464349082213,3.87297481204652,0.2581994586924746,9374.715373788542,0.3266489873665089,0.37895092,1146.93446106,824.28162064,0.0,0.0,26.3109681,,,,,,,,,,0.05494867257363724,,0.11662086276848843,975.5340421052631,809.199223076923,
3234,material_r_nocable,3,False,0.9328230989048332,1.0922017317937798,43.162071805298936,733.0846744301042,9214.867320826956,4.107855836076372,0.2434360016283221,37853.346502528446,0.3079942912837756,0.07847895,4219.27521294,4070.59414201,0.0,0.0,187.64688715,,,,,,,,,0.44560523611406005,0.053207714965960114,0.4355504314914322,0.05590298601450539,4103.5000199999995,4116.638560416667,0.011410928842972122
3235,material_r_nocable,3,False,0.8029085454363472,1.0789487749717293,52.62339564581417,641.0581869596494,3886.2064722391938,1.2676069566098391,0.7888880656465135,4926.182359032584,0.2209988335111141,0.268246,1525.8181459,1150.70270495,0.0,0.0,61.2123903,,,,,,,,,1.3147954747144386,0.0571973224857163,1.3871537274329628,0.056089335652795884,1179.5889975000002,1133.860038095238,-0.026780019646933703
3236,material_r_nocable,3,False,0.9314121957584144,1.2864981364647878,32.33234388558055,1719.717426941766,2082.3795234194413,3.2466616177297154,0.3080086925410069,6760.781672232197,0.4185171033268755,0.18750031,3269.08117341,3047.79600447,0.0,0.0,172.95976117,,,,,,,,,1.021804618232896,0.054814462600250385,0.9356920810263846,0.05723873942942282,3062.1934348837212,3175.504475,0.04399115321067793
3237,material_r_nocable,3,False,1.3629942812610554,1.265771556577529,82.0806202394754,997.7152909595956,15806.425873965052,1.498626908480418,0.6672774887073013,23687.935141625137,0.3212623177545005,0.02598032,10415.72717873,10392.99573725,0.0,0.0,632.51928053,,,,,,,,,0.14497952302504408,0.05283442371493702,0.14497968828008745,0.05527735156143641,10401.536619999999,10399.2163,-5.699251374974386e-07
3239,material_r_nocable,3,False,1.082725661016475,0.8490780734636565,39.07307513942502,1694.8440440425031,8412.487496523396,2.0807241248433828,0.4806019154871242,17504.065683959543,0.2003913325366475,0.02752517,4086.48856788,2423.88808313,0.0,0.0,96.45380232,,,,,,,,,,0.23321823717334803,,0.5201839920198732,2534.13436,2504.71751875,
3240,material_r_nocable,3,False,0.8600032571184695,0.9983352534004464,30.30537984333672,217.28930280594687,4214.099358773116,1.3724724788708718,0.7286120599100803,5783.735393143489,0.4466244943281126,0.21834314,789.20644935,494.28920892,0.0,0.0,22.03928619,,,,,,,,,1.5391380219019482,0.05655897762148768,2.6580667943765857,0.061073533620306916,475.9269142857143,524.8407644444445,-0.2665890328093971
3241,material_r_nocable,3,False,1.1737715458422198,1.0097604146028738,9.286707533272796,427.8316800835452,5319.568173691645,3.960193790087918,0.2525128953292458,21066.52084740298,0.1849998490757229,0.10126843,1199.0668343,1109.4815243,0.0,0.0,66.47894617,,,,,,,,,0.5577044294820482,0.05300732042015432,0.5531090726637526,0.05550210010674673,1130.0327422222222,1146.37855625,0.00413692920496426
3242,material_r_nocable,3,False,1.0312801735992616,1.3246412386338182,83.97878181229692,358.2025218157777,1513.8404907855515,3.3453505129128773,0.298922338971672,5064.327062317727,0.2744999348024931,0.06309756,2009.0230616,1988.69133871,0.0,0.0,109.17876485,,,,,,,,,0.34705514651082786,0.052839501417117324,0.354300840792341,0.055406068156590285,2005.4926022222228,1983.3492833333332,-0.010330979435099745
3243,material_r_nocable,3,False,1.1766555826809897,1.2848077773526194,76.45380527921282,728.9550854781197,5074.066912550373,1.9689176681899203,0.5078932533117686,9990.419993698308,0.2878726763306469,0.06365146,3592.60464582,3550.24088217,0.0,0.0,196.08468937,,,,,,,,,0.3514724437584814,0.05284435759433266,0.3548286429193514,0.0553668370194548,3579.255966666666,3548.9689229166665,-0.004751796682992874
3244,material_r_nocable,3,False,1.2908376432943334,1.2585058145984285,42.19158086825204,1808.134521071472,8484.427284372776,1.7371421616909974,0.5756581251971707,14738.656353485405,0.4242153440038729,0.07641409,6798.97172503,6679.94075347,0.0,0.0,384.19980727,,,,,,,,,0.4218586380805379,0.052863669549508135,0.4209673470269001,0.055322861226744346,6714.522364444443,6721.77678125,0.001057503054470036
3245,material_r_nocable,3,False,0.9160257118128212,1.3359105624067542,40.58957469771556,749.8944641023434,14855.706388187393,2.554613021460617,0.3914487210388692,37950.58098225919,0.3040417063469617,0.01657554,14984.13635613,14972.25490389,0.0,0.0,907.49786646,,,,,,,,,0.09354096703881508,0.05282688847444215,0.09261008931176332,0.05528893515498068,14973.82227777778,14975.941291666668,0.0050006577738599565
3246,material_r_nocable,3,False,1.3633943191886808,1.1111355534261242,55.1148408731954,555.755328921441,13740.043281694074,2.776149189270656,0.36021118888885,38144.41001701872,0.262608874241221,0.01997672,7390.2739274,7376.95852053,0.0,0.0,461.90167015,,,,,,,,,0.11140630403394008,0.052835988161461914,0.11151964508237744,0.05527898541164316,7381.459220000001,7381.0401083333345,-0.0005084246535077689
3247,material_r_nocable,3,False,1.3018811350251012,1.0646007267148945,61.03948309722416,1959.221863937809,13794.779268079532,1.0956769293318276,0.9126777914451718,15114.621389259735,0.4829016088956503,0.08254804,6532.43380783,6394.41789202,0.0,0.0,396.7010012,,,,,,,,,0.4551056783773483,0.05285198758052343,0.45152849867108064,0.05523277556691033,6417.641168888888,6460.252508333334,0.003945560179424564
3249,material_r_nocable,3,False,0.8976497850236671,1.349886281568042,52.11483083134763,679.5530565175991,4119.339236400738,2.965474418622751,0.3372141717764093,12215.795127175365,0.4085816884377565,0.03927988,5356.81625457,5334.59283351,0.0,0.0,341.37294788,,,,,,,,,0.22126051216772263,0.052867579277954505,0.2194351277061962,0.05537815044372005,5343.605282222222,5337.715875,0.004142052465163205
3250,material_r_nocable,3,False,0.9665669499193112,1.1726928166215655,52.339563230066645,501.21292184806464,5957.883419113439,4.1999429085990805,0.2380984746132077,25022.77021636553,0.1411291619764076,0.04481122,4802.46547705,4760.92391555,0.0,0.0,229.73313921,,,,,,,,,0.2527738868997246,0.052882987797956284,0.2509728400025297,0.05546499043449921,4774.846555555556,4764.869595833333,0.0035753024307875517
3251,material_r_nocable,3,False,1.2467214411484069,1.3059979849426795,45.68142851678926,1254.6342798903988,12552.869962230488,3.4998339303200816,0.2857278430661262,43932.96021671002,0.3026835023729637,0.02537143,17032.03469751,17002.52984131,0.0,0.0,872.07738367,,,,,,,,,0.14240680853149854,0.05283624455064801,0.1416892325330427,0.05529029955974802,17011.89509777778,17011.93631666667,0.002525821886735916
3252,material_r_nocable,3,False,0.9629514983071702,1.022055187825757,50.64436403535928,759.0861743059792,8992.603063164142,2.687321527114864,0.3721177350421519,24166.015796440068,0.127540521372714,0.17544309,2125.0985972,1740.93463856,0.0,0.0,72.29338394,,,,,,,,,0.9321494807240244,0.054035502183826224,0.9615193033277748,0.05759472011108736,1854.0687545454546,1787.0819711111114,-0.015509482360959196
3253,material_r_nocable,3,False,0.9758964577205866,1.0982461110974446,2.1030223089545395,336.3023289382429,12139.120443699794,4.371154414121243,0.2287725175686879,53061.96991102777,0.4783259410501026,0.02060143,6255.44527798,6238.62664723,0.0,0.0,307.34184423,,,,,,,,,0.1153774497759775,0.05287383691677854,0.11397635759311012,0.05527583035506055,6233.725564444444,6253.308727083334,0.006108868210819247
3254,material_r_nocable,3,False,1.2628924846638243,1.3813842380573376,37.38579060513893,306.1006873740585,15607.400564779326,4.570096265901798,0.2188137714868626,71327.3230415316,0.4751450252218469,0.00247373,42402.82859807,42402.20817613,0.0,0.0,2218.34669833,,,,,,,,,0.013901574925483075,0.0528256448149959,0.013826720830796904,0.05527140811923309,42402.31497777777,42402.49228958334,0.0026995562707534284
3255,material_r_nocable,3,False,1.3899470384213113,1.384384690664809,73.37762968772608,374.2451906723591,15364.154547866792,1.5011924452863048,0.6661371119605399,23064.55273546885,0.3503552694049271,0.0073983,14008.95797912,14006.83083432,0.0,0.0,839.32937196,,,,,,,,,0.041380613417570766,0.0528325017217146,0.04136918972912257,0.05527419717102428,14007.785246666668,14007.26158125,0.0001380509440964662
3256,material_r_nocable,3,False,1.205888774972426,1.0873557258148718,36.821652478841294,478.9144673845397,3923.628294966743,1.6004184151159342,0.6248365993261581,6279.44697733471,0.1237764650566696,0.12546325,1104.835088,1028.07152173,0.0,0.0,59.02798882,,,,,,,,,0.6753725284708743,0.05289233579346151,0.6782200773213435,0.05539627244130357,1053.210297777778,1051.4734723404256,-0.0021036971081876163
3257,material_r_nocable,3,False,1.0008863298726718,1.0430219173053394,63.59591394365288,1424.7906092194175,5859.140311186121,2.849468723683548,0.3509426131574752,16695.43706439834,0.3289619937522033,0.21605504,2652.13522476,2255.45881685,0.0,0.0,94.59176279,,,,,,,,,1.0454038551147138,0.05357422259312497,1.1627040627284824,0.05723631387061814,2506.9898295454545,2262.2617454545452,-0.053122497621558004
3258,material_r_nocable,3,False,0.8559075224035211,1.0693495549444705,5.26047140655911,464.30141740244176,3072.810779616582,3.4482527382110257,0.2900019447294939,10595.828184817236,0.1530560567093478,0.16813507,1680.49632184,1331.70672272,0.0,0.0,62.66183551,,,,,,,,,3.0161093690636096,0.07143778867497934,0.8436273597935965,0.0566420635528908,1247.1241288888891,1439.0374478260871,0.562857563063179
3259,material_r_nocable,3,False,1.1270238646225117,1.1240226381372431,52.83528756175329,1707.9057536924904,7042.332551676804,3.183858972935717,0.3140842633108016,22421.793685053475,0.4250537049112038,0.11901635,4906.48695484,4644.73226922,0.0,0.0,231.19955365,,,,,,,,,0.6434988774694759,0.05300531288419411,0.649291892125012,0.05566985313102837,4757.056277777779,4700.1412553191485,-0.00448101486472809
3260,material_r_nocable,3,False,1.3342430683126123,1.0472234429008866,83.40020315089706,871.0875279912138,5184.727216748664,3.609864005911376,0.2770187459589719,18716.16016021006,0.4168336939874493,0.07578207,3179.36372497,3092.95994485,0.0,0.0,186.43264563,,,,,,,,,0.4182105702684047,0.052864745655128956,0.41736709418894147,0.05532023180152272,3131.129882222222,3111.1658875,0.0010094526401815765
3261,material_r_nocable,3,False,0.9394561726326888,1.2465328066272288,79.0751941480593,924.4427917137136,2788.1662175960264,2.5714697533753705,0.3888826608547026,7169.685095931194,0.3726721552410758,0.13284381,2465.31896789,2358.08385013,0.0,0.0,130.77610808,,,,,,,,,0.6862493652728046,0.052958840534980685,0.7601688826178111,0.056190699098261805,2446.31406,2329.0963063829786,-0.05110521624903939
3262,material_r_nocable,3,False,1.3448248228183082,1.0617951581901712,43.32407820505895,1376.7615756860414,2034.388464334248,4.283147803855446,0.2334731477395799,8713.586483202085,0.1044227608636909,0.2573347,2048.9801152,1640.79638793,0.0,0.0,65.57977877,,,,,,,,,1.2398204731842095,0.05304258652886536,1.2350503936272652,0.055545954102120786,1751.3970121951218,1763.0619,0.0019274054339206343
3263,material_r_nocable,3,False,0.9900094293735268,1.0857166912111795,80.64848142260637,1442.8884161850417,11944.78050621299,4.287483406439498,0.2332370542817892,51213.04821395018,0.2868924534721205,0.10235428,5949.9818886,5640.25207714,0.0,0.0,256.79604317,,,,,,,,,0.5376907271434413,0.05287134234242152,0.6006357855277561,0.05637206674846519,5899.6018466666665,5563.542629166666,-0.05529613663886985
3264,material_r_nocable,3,False,1.2309770423935156,0.8891554524320275,29.364009738271463,1540.0058472306837,4440.862682514808,4.764078657670559,0.2099041749426025,21156.619127414426,0.1934838756931368,0.26630302,2950.04541508,1901.77121493,0.0,0.0,99.83128427,,,,,,,,,1.2304665808312587,0.053043546998209304,1.338677558323104,0.05576093960663439,2017.1109175000001,1834.4895813953488,-0.04211946532803845
3265,material_r_nocable,3,False,1.3769996676044796,1.15999675589405,76.72902726024701,1883.432554425678,14268.15310454057,2.843564528312526,0.351671287935722,40572.41405260381,0.4818038232411609,0.03796135,14328.1359055,14257.69188558,0.0,0.0,814.81031842,,,,,,,,,0.2114089296187113,0.05283630267099332,0.2115177876357858,0.05528450420222034,14290.73006444444,14270.616627083335,-0.00025739215006601816
3266,material_r_nocable,3,False,0.9505401882842598,1.0733020164077625,64.0433784565749,436.5532936878064,9486.346200702475,2.9338362060775123,0.3408506575549364,27831.38594700678,0.1547255221889365,0.08612596,2654.43612225,2499.28018943,0.0,0.0,108.04304337,,,,,,,,,1.1428652513902773,0.05494919917354148,0.92668697418379,0.06080916613128428,2559.2977422222225,2483.87496875,0.10445654597893621
3267,material_r_nocable,3,False,1.324068329036134,1.1477847908821817,45.78898274890273,1553.0945675914836,4747.62072531639,1.51099230785853,0.6618167377815845,7173.618396582801,0.1506522015229648,0.18621042,2554.45056873,2300.75241924,0.0,0.0,121.60692551,,,,,,,,,0.9589915359860925,0.05278613755434399,0.9585494967591345,0.05512659675596471,2376.364213953488,2378.9033,0.00023052399891814986
3268,material_r_nocable,3,False,0.8584997470264716,1.2776770381089555,9.387560392972071,1874.0865450342824,5635.031109423546,1.5233849537767004,0.6564328980149434,8584.321606159458,0.2499488293537062,0.19178051,3774.11691401,3461.44780925,0.0,0.0,204.20750735,,,,,,,,,1.1680138626498338,0.054043562243351405,0.8964684410242206,0.05568225785568359,3365.2859227272725,3628.3101622222216,0.13153196864044683
3270,material_r_nocable,3,False,0.9417274409342796,1.2538820181648194,45.04359982131066,532.709247725048,10892.751948552272,1.0189031306817369,0.9814475683580548,11098.6590621195,0.4998376498901976,0.04600434,3459.95730326,3437.27499915,0.0,0.0,212.14054399,,,,,,,,,0.2581230687185995,0.05286834289324297,0.2562905449358662,0.05535372288343628,3444.2913866666663,3444.7762854166663,0.003562354755183857
3272,material_r_nocable,3,False,1.3317380263518488,0.9856324758322302,39.01730691693192,1542.4687958778245,12073.45677814232,1.647417379632865,0.60701071408076,19890.022528557874,0.1740437304114956,0.10550009,4859.93508435,4696.67481514,0.0,0.0,273.33018848,,,,,,,,,0.5687635647077883,0.05282766257080079,0.5805813300442785,0.055329574072480237,4736.248268888889,4707.274593617022,-0.010282174994164343
3274,material_r_nocable,3,False,0.8099574158664885,0.9746350915993118,72.39140700748388,1944.947994749088,5761.268269227487,3.4837807697271828,0.2870444686673871,20070.995605574128,0.2321352127547361,0.32014771,3721.19881399,2870.53637546,0.0,0.0,140.14220906,,,,,,,,,,0.055689447417311536,,0.1046216141059012,3238.4789054054054,2692.2529285714286,
3275,material_r_nocable,3,False,0.9568097607064234,1.1665410570112935,67.05942796612555,1652.2256113973867,14537.282089093387,2.2211676196078765,0.4502136584255354,32289.740253399777,0.1291719127730291,0.10721798,6823.24413355,6509.24731865,0.0,0.0,312.95001747,,,,,,,,,0.5764776572931763,0.05305243345763459,0.6194079985232743,0.05638757969614686,6655.054911111109,6461.854361702127,-0.03589836622029615
3276,material_r_nocable,3,False,0.907756912326222,1.3947738340078009,38.10833691786495,800.072558532309,19607.75275090435,4.415272725028494,0.2264865756380986,86573.5759201704,0.4975327509500993,0.00494743,47597.9545696,47594.96459499,0.0,0.0,3169.02969706,,,,,,,,,0.02788407719945266,0.05281968912290302,0.027653116306093375,0.055271852746263325,47595.38086444445,47596.28336458333,0.004158670591379821
3277,material_r_nocable,3,False,0.8813474068274525,0.9540707890772716,59.41852819193819,807.6472006409809,5022.352021307533,1.0393875857427408,0.9621050065605752,5220.170342177011,0.4056171802663746,0.32883733,1065.37642491,811.23945602,0.0,0.0,24.50588143,,,,,,,,,1.4282515852570044,0.05418306763784641,1.508787972819867,0.05753487010616135,912.607102702703,860.6258047619049,-0.02742094070247955
3278,material_r_nocable,3,False,1.1082712091857632,1.2727015945290563,2.235323049974252,1590.2703754600268,17038.537887498118,1.842873861014212,0.5426307362402207,31399.87610277059,0.4141652136841282,0.04174623,11549.70180426,11489.26329353,0.0,0.0,662.83635713,,,,,,,,,0.233189141700718,0.05286071520440771,0.2310180442393838,0.05527214992215071,11481.239944444445,11534.923595833336,0.004677000975194614
3279,material_r_nocable,3,False,1.3056004632152334,0.9081039948458722,38.001983996589146,1871.5121673574647,16761.67453817938,3.81751025291818,0.2619508354261997,63987.86440557738,0.4964602685778279,0.09381402,6290.22935446,6046.52324228,0.0,0.0,375.17457351,,,,,,,,,0.5088709492376926,0.0529304725446236,0.5203872520377987,0.05556864637722845,6087.986513333333,6046.078647916666,-0.01118893469669193
3281,material_r_nocable,3,False,0.9785158255635976,1.114575566241609,8.6919142720753,394.4928022739993,16155.860343652756,2.855507182621102,0.3502004849037322,46133.17525272387,0.2217504329228927,0.03005439,5649.14291815,5619.09871343,0.0,0.0,261.06675436,,,,,,,,,0.16914148100029983,0.052928294157624935,0.16501167638004027,0.05528095223955008,5610.397691111111,5641.409850000001,0.012359017202279261
3282,material_r_nocable,3,False,1.022236494006757,1.342362509965746,10.012886250218832,1206.762060860092,12718.051114521788,4.294506658469382,0.2328556175429037,54617.755194067766,0.1706263682762958,0.02057329,21747.69756617,21722.39685499,0.0,0.0,1174.68959443,,,,,,,,,0.11510027555894949,0.052862153288247025,0.11360823067895191,0.0552773714673478,21715.067262222223,21740.21763541667,0.006523783940268297
3283,material_r_nocable,3,False,1.3958587421631083,1.101797451631604,87.92626933125298,1724.8155909132383,2227.764380099968,4.5639598727287325,0.2191079737522129,10167.427236670652,0.1066431943092817,0.24548582,2732.50329909,2251.87138536,0.0,0.0,89.00598262,,,,,,,,,1.176669160911581,0.052825954501270256,1.2133143117473213,0.05537805033769002,2514.9852595238094,2265.446677777778,-0.015332805123950063
3284,material_r_nocable,3,False,1.1451392693486837,1.1643154954485373,18.94440521500642,1930.297547636806,18690.0052641488,1.0625305310385642,0.9411494265699414,19858.701218429585,0.3505234907492264,0.09523297,5698.25723249,5487.08192263,0.0,0.0,321.84204599,,,,,,,,,0.5225932328824129,0.052889680283035964,0.5201717711521315,0.05534388994054937,5541.926788888889,5568.175202083333,0.002322154772084326
3285,material_r_nocable,3,False,1.2564643385602483,1.2222244791792258,12.060618723339964,350.23651682367216,1010.821093506583,1.4825259346392952,0.6745244562910828,1498.5684864039613,0.347418639123931,0.15839321,672.31717518,624.52109389,0.0,0.0,33.12307335,,,,,,,,,0.840019344293926,0.0529156115044111,0.8278779611012723,0.05531955042515277,633.6249266666666,644.7896869565218,0.007279454888127448
3286,material_r_nocable,3,False,0.9932244078758594,0.9860321587222252,48.917906808859634,1140.9311228834508,7980.823345250237,4.091226621758106,0.2444254724687614,32651.356933636354,0.279651357596872,0.20348752,2346.42971829,1874.04926099,0.0,0.0,72.78650154,,,,,,,,,1.048863768841175,0.05412639701193033,1.0691045071530207,0.05747918991259882,2073.791406818182,2001.0530136363639,-0.009556676812047379
3287,material_r_nocable,3,False,1.0601499345018506,1.166950589522178,65.56441793706078,1427.0937579172946,6513.054890307696,2.174983502712896,0.4597736023067219,14165.786938682788,0.1285252705741633,0.16269677,3363.50488377,3127.42628176,0.0,0.0,146.92010742,,,,,,,,,0.8359039165214661,0.053228896406973286,0.8963307300841002,0.05641084072967634,3284.808706666667,3105.4075622222213,-0.03488373453391239
3288,material_r_nocable,3,False,1.2198453623513936,1.3364983374513262,26.952022367420245,577.509138083733,17216.489991968156,4.632838626767303,0.2158503847343759,79761.21985214276,0.2031278247657215,0.00692405,31569.52448753,31565.8480135,0.0,0.0,1549.00926544,,,,,,,,,0.03887079916634149,0.05282970655940607,0.0386386284166075,0.055272875148984296,31565.64176222222,31568.204035416667,0.0029953872319018566
3290,material_r_nocable,3,False,0.8575293187282914,1.3156301498515015,8.885868432716432,1759.673089069308,6724.762571976771,1.1256238624880366,0.8883962337024711,7569.553220583476,0.288638804761597,0.17636006,3595.40649707,3334.5877939,0.0,0.0,204.59723422,,,,,,,,,1.0572327478512586,0.0538284781972817,0.8432921326952907,0.05553426921039162,3251.73316,3470.1469,0.11256922618894803
3292,material_r_nocable,3,False,1.3218898931850136,1.104034295883023,14.028570719986924,788.1204122696245,16144.50163086911,3.121138855907944,0.3203958702789269,50389.23134937475,0.1480077550726954,0.02993804,7068.52265084,7034.38766516,0.0,0.0,434.81245104,,,,,,,,,0.1669081158516871,0.052839113552722555,0.167057066789073,0.055283958495261666,7040.686975555555,7049.865041666667,-0.0004460073837880386
3293,material_r_nocable,3,False,1.222589869464422,1.0307249550973296,62.99488675808497,324.7533840142387,13802.29646759677,1.6171487517986582,0.6183723042717991,22320.36650452915,0.4649163526980391,0.02045874,4236.62959748,4228.60520924,0.0,0.0,267.92630675,,,,,,,,,0.11404176731718926,0.05283868516555324,0.1141167217654221,0.0552804305231177,4230.41191111111,4231.974635416666,-0.00032851921720827306
3294,material_r_nocable,3,False,0.838265094309886,1.037727422285954,27.59627718645524,736.6989493564519,8347.2010007563,4.034956173329663,0.2478341664798792,33680.590208025176,0.4315803701757398,0.1490432,3163.11182385,2464.3759376,0.0,0.0,114.60713389,,,,,,,,,3.299331803970004,0.07494184830231707,2.067427969028216,0.05970588252030874,2437.898045454546,2602.7218208333334,0.22954331608801762
3295,material_r_nocable,3,False,1.196412261150436,0.946889571433864,42.14471440492066,971.5860110149846,15376.895364743825,2.088378493867548,0.4788404031819261,32112.77758218257,0.3051770803846088,0.10127025,3776.10895229,3549.5712918,0.0,0.0,184.121107,,,,,,,,,0.5508115781205928,0.05300068387382439,0.5599540708893735,0.05564651596400683,3572.456982222222,3557.1518187500005,-0.008230802579220499
3296,material_r_nocable,3,False,1.1528187647074322,1.0288161773505369,11.442256137203898,772.6459857541494,16917.517863173594,3.933829378488128,0.2542052295070117,66550.62878125,0.2272644411731877,0.05808058,3696.36324321,3573.87775946,0.0,0.0,214.78933823,,,,,,,,,0.324143165634566,0.05291239093600217,0.321276321384053,0.05533791614302083,3582.1187422222224,3643.139220833333,0.004441830945879593
3297,material_r_nocable,3,False,1.2638721240874464,0.8671332601843039,67.67549808452576,1794.0691687936533,3488.749836117198,3.3620346210201872,0.297438935859785,11729.297733104524,0.4956327984451079,0.26523529,2216.15344598,1828.46745603,0.0,0.0,99.97167801,,,,,,,,,1.339872047553213,0.053272620574517815,1.2027604711376065,0.05494131436661209,1896.8481487804881,1988.5832930232552,0.053925046347713744
3298,material_r_nocable,3,False,1.3788599817921794,0.9888152880067844,1.763279163732458,1606.4876528163238,1028.0981926237257,1.572212626403596,0.6360462848383805,1616.3889596257377,0.1335980118251326,0.49857795,1635.54885734,1230.63595338,0.0,0.0,64.37032047,,,,,,,,,,0.05223188080038948,,0.1317827321918601,1406.4758363636363,1278.3259923076928,
3299,material_r_nocable,3,False,1.2365883411302745,1.0485221784918972,85.07679129659445,1029.1599354876316,3621.768942297545,2.8504320879871576,0.3508240046182448,10323.60640840023,0.3928442200080734,0.156353,2033.0759822,1833.98999706,0.0,0.0,97.43550541,,,,,,,,,0.8235844445672175,0.052921377782836225,0.8285651422896699,0.055484498461098555,1927.7584933333335,1863.312036956522,-0.003014677219347877
3300,material_r_nocable,3,False,1.1492249768985956,1.30402756091691,22.54355260267,1645.763137054137,9903.631703072298,1.8831639371667883,0.5310212139599995,18650.16207020745,0.1333293492130963,0.08518111,6557.10284103,6440.50466209,0.0,0.0,340.22280838,,,,,,,,,0.4750058484968259,0.052980489746327686,0.4631514448421012,0.055392374383939603,6430.746953333335,6520.851983333334,0.012635838082689302
3301,material_r_nocable,3,False,0.9540657629941974,1.2347909362358709,45.28748635107505,1901.690979988487,14461.01852485472,2.130485814008093,0.4693765118851907,30808.99482331122,0.2919439386370409,0.08024492,8666.01425477,8490.74566481,0.0,0.0,459.0333088,,,,,,,,,0.44847113366638586,0.053052440339627,0.4439565318687647,0.05567227493755719,8532.990371111111,8534.30864375,0.0050587873639192146
3302,material_r_nocable,3,False,1.3432847751065595,1.2707716579111572,50.55403318685036,979.9549914778916,13422.13210282894,1.4543827742276338,0.6875769004697275,19520.91772376214,0.4425363367991218,0.02563714,10408.1903004,10387.65824693,0.0,0.0,629.71978291,,,,,,,,,0.14310337991048772,0.05283459710260315,0.14307840699908014,0.0552777013363581,10394.343506666666,10394.225397916665,8.726240644889062e-05
3303,material_r_nocable,3,False,1.3290464677387033,1.3495950730866846,72.13500605053275,291.3953743522634,17534.00727075314,4.831452104598217,0.2069771113012326,84714.71633032069,0.3681566479082675,0.00254113,41244.75894656,41244.09426963,0.0,0.0,2032.22793528,,,,,,,,,0.01426446595075136,0.052828420963092385,0.014222401683645658,0.05526587157993677,41244.56568222223,41244.05684166667,0.0014766196004965624
3304,material_r_nocable,3,False,1.1109450713299052,0.952830679166784,75.11386870983793,884.8897552082784,6328.18664527692,2.5133826538123247,0.3978701764664404,15905.154544325818,0.2198945508522419,0.20804799,1521.07525627,1245.36073916,0.0,0.0,59.30438382,,,,,,,,,1.095585245710231,0.05332686913483402,1.0420073100447962,0.05575417489718619,1242.775453488372,1356.486388888889,0.025064615574744282
3305,material_r_nocable,3,False,1.242955317663409,1.0276059349113578,82.32696533169144,407.61785717198336,17368.25042419051,2.3286964749722605,0.4294247922593313,40445.38353924792,0.4312594373049329,0.01842087,5812.49683571,5802.47031522,0.0,0.0,371.44238101,,,,,,,,,0.10284825178068366,0.052838283518720795,0.10273933176494415,0.055280275195213724,5805.317442222222,5806.0981875,0.0005297986087536839
3306,material_r_nocable,3,False,1.0930911320654753,0.99764141351714,76.84156362639749,1615.8871084753555,11231.410047453044,3.657304295342742,0.2734254301107547,41076.68420930565,0.4840115483300651,0.14781408,3586.64136255,3076.06024181,0.0,0.0,157.73143258,,,,,,,,,0.7696014496908505,0.05296490574966786,0.8143230118396765,0.056067380495655496,3382.1820155555556,3083.999263043478,-0.02823465590373675
3307,material_r_nocable,3,False,1.250233476436462,1.0837808996710845,68.40255142274906,440.1298338889825,9951.836307087156,2.322825017543964,0.4305102590367951,23116.374344604377,0.3433363300900307,0.030435,3887.87954368,3869.82862589,0.0,0.0,238.46141195,,,,,,,,,0.16966265494848107,0.05283955038402556,0.1696982204434273,0.05528586758070306,3876.731175555556,3874.6254895833335,-0.00010480140029449628
3308,material_r_nocable,3,False,0.944594137217718,1.3210103741553465,80.0335885226865,378.1570060155005,6964.941502354867,4.202205728732075,0.2379702624178108,29268.11708147941,0.4802839792883266,0.00958166,12530.26666634,12527.07473351,0.0,0.0,763.64149424,,,,,,,,,0.053857737061357144,0.05283183483538723,0.053637718399644777,0.055260072880576855,12529.87154,12526.31759375,0.0020467717520596764
3309,material_r_nocable,3,False,1.3088792390229091,1.3109898050098137,55.74046113004424,1547.0249998925867,9560.869605412485,2.563614493602198,0.3900742496563418,24510.383891876176,0.3915638122070163,0.04215134,11384.87430092,11328.61289182,0.0,0.0,618.69676015,,,,,,,,,0.23523227136290326,0.05284379803122635,0.2349128685842571,0.05530524906581825,11353.20081111111,11340.360072916666,0.0006793705847561068
3310,material_r_nocable,3,False,1.1936454733367758,0.865376087612435,61.518918151136496,1186.504634880185,1280.3051124849446,1.6437926327983965,0.6083492406810449,2104.556111636874,0.3205362816314985,0.44147531,1235.32847184,936.6979117,0.0,0.0,44.61937189,,,,,,,,,1.7365568121303578,0.0582264516053899,1.5283588544965014,0.05384130267924784,980.9207857142856,1058.3318714285713,0.06376824974746
3311,material_r_nocable,3,False,1.3270924211315958,0.9078689620116032,42.94799518901396,1393.7641877685342,1442.0938508543547,2.662439222692893,0.3755954282361277,3839.487231318869,0.3498776742836872,0.35052738,1521.32203189,1182.78923419,0.0,0.0,55.5173258,,,,,,,,,1.4722486586752366,0.054399794930222345,1.493295333366082,0.055088977789127684,1280.066585,1284.3441829268293,-0.007097070469137748
3312,material_r_nocable,3,False,1.0014988152792692,1.2648315831676242,62.04159842148467,1472.2109507380949,8537.990006961038,4.55177994613102,0.2196942760490855,38863.0516939523,0.2285683273596213,0.04682402,11969.59649438,11888.52607132,0.0,0.0,622.37202846,,,,,,,,,0.2628666786664198,0.05287253814387538,0.2622232635727203,0.05541829455610638,11932.88728,11884.96868125,0.00122534263550309
3314,material_r_nocable,3,False,0.8968507952313624,1.334494834477271,74.61733253701873,1175.4930479111008,6255.805258190398,2.681470532496665,0.372929699536515,16774.75745687524,0.2356472426307345,0.06046681,6735.21067927,6665.7238306,0.0,0.0,399.00801567,,,,,,,,,0.3369173176574864,0.05288940252852853,0.3401449244629323,0.05548648505972195,6709.223602222223,6650.400539583333,-0.004767075469070215
3315,material_r_nocable,3,False,1.0835395257177265,1.03456784026963,49.85608034301971,537.4088074730289,2458.5850259357394,2.7936631547595505,0.3579529616146831,6868.458399800229,0.4703723631260018,0.17181105,1070.31584468,931.95893413,0.0,0.0,44.81557119,,,,,,,,,0.8981985197700979,0.05314998434151928,0.9054921860319357,0.05590658823685393,983.449268888889,967.4993543478259,-0.004043745548156265
3316,material_r_nocable,3,False,0.9611845654205012,1.2958558202031834,14.366129939917688,1402.9740808717368,10786.47739619208,4.780364920100881,0.2091890507762526,51563.29815621772,0.3638701164752714,0.0259714,18665.33533975,18626.07780313,0.0,0.0,1061.36671458,,,,,,,,,0.14554203106321492,0.05286453522848723,0.14373561314759356,0.05528474840973256,18616.680424444443,18654.6709,0.0062445818118767255
3317,material_r_nocable,3,False,0.9419751172402708,1.3235687447705604,72.26987368755485,1974.9884986097964,12509.252270527766,2.201895186070016,0.4541542242002985,27544.062355810504,0.4048679882698822,0.05595017,11168.39223093,11076.78360142,0.0,0.0,677.22477686,,,,,,,,,0.31102749852360656,0.05286417943937114,0.3139029935718977,0.05543845302077988,11146.640848888888,11061.348335416667,-0.004601303800442034
3319,material_r_nocable,3,False,1.0545621464541206,1.3592318222422444,87.46291209709887,1130.6248763628582,1415.2428404238258,3.3405925905651705,0.2993480865713162,4727.749746570238,0.4758555016756346,0.13530111,2792.39919861,2684.33362073,0.0,0.0,150.73924075,,,,,,,,,0.6992643895921538,0.05280189560597381,0.7569090499070075,0.05559694609780107,2777.5619800000004,2658.3674212765964,-0.039586397300777655
3320,material_r_nocable,3,False,0.8471412179023705,1.1398137344746566,53.94084377062335,1757.1925807909593,3358.824910459469,4.708090546332112,0.2124003330350264,15813.651807719029,0.2676393194909299,0.19493136,3970.38724083,3580.12008263,0.0,0.0,187.99769618,,,,,,,,,0.9877221437451844,0.05535963999761437,1.0595621294185995,0.05729407604828443,3733.6750804878043,3614.826502173914,-0.0350903812504732
3321,material_r_nocable,3,False,1.384853744041863,1.1557547122496925,49.03241969517831,251.5322844802509,8623.570324211414,3.5354503420905665,0.2828493977400018,30488.2046527753,0.2898639280482764,0.01050672,6994.64835799,6991.4102364,0.0,0.0,395.23161513,,,,,,,,,0.05873265549454057,0.052833611421488194,0.05871711621047542,0.0552762875601477,6992.512593333335,6992.382633333334,0.00013230578348143925
3322,material_r_nocable,3,False,1.1238350230577356,1.1459919506445888,81.73296759926541,422.4928787975375,12678.382525041608,1.12473924176926,0.889094967849579,14259.874348075931,0.4517946027156433,0.03150514,3639.32026412,3622.88869733,0.0,0.0,220.91875657,,,,,,,,,0.17568978438856683,0.05283789744315378,0.1758243610904426,0.05528926068571482,3629.5404688888893,3626.9400520833333,-0.0003828486096694316
3323,material_r_nocable,3,False,1.0998663584543924,1.1000269516686525,10.688567246969669,1682.9151052705606,15647.140986255505,2.285613259915598,0.4375193378239884,35763.31291795441,0.4567896580142569,0.08372232,6190.30706549,5982.0265639,0.0,0.0,326.98768156,,,,,,,,,0.4662748588561441,0.05295574705715175,0.45581950445408637,0.055313947268667826,5977.951886666667,6116.731064583332,0.011338703302039529
3324,material_r_nocable,3,False,0.9138949425131428,1.3724836565433591,1.4062322937256038,631.6358333573414,5265.727196793564,3.308176468608369,0.3022813351975338,17419.95480254358,0.2647446453709293,0.02681646,7758.69692865,7743.49728106,0.0,0.0,477.11401164,,,,,,,,,0.14975010716019582,0.0528733307944708,0.14705786545012298,0.05527056860302324,7738.596457777778,7754.541622916667,0.009070651594684447
3325,material_r_nocable,3,False,0.8681355809121721,1.3270522602591377,57.41621124867103,1237.5674688354045,17398.90399775248,2.8936529935385065,0.3455839391360983,50346.39063738556,0.1230653543035346,0.02323172,19487.33905773,19454.89433122,0.0,0.0,1142.81335827,,,,,,,,,0.1314894155028669,0.05275940273187882,0.13014905972768173,0.05525638040389122,19465.53594222222,19453.80422083333,0.005122930692835206
3326,material_r_nocable,3,False,0.8882227982380555,1.3478564769159789,31.97690247508615,1462.4196204509878,15472.2945849885,2.4852125507110863,0.4023800699517122,38451.9406909126,0.1950136330166272,0.03221742,15786.53268993,15738.38573449,0.0,0.0,945.3661632,,,,,,,,,0.1814185177403803,0.05286233469006581,0.1791346049954249,0.05533125896825191,15735.854515555553,15756.352966666667,0.00633446946077044
3327,material_r_nocable,3,False,0.9089073174015728,0.9804915612485378,62.55267414766693,1797.477155828696,8162.098809393963,1.8192430669436808,0.5496791595198957,14848.841670699245,0.114891239840059,0.32151815,2894.41721465,2140.89178367,0.0,0.0,79.35819231,,,,,,,,,1.3742929770425636,0.05474200096174144,1.5708556903343474,0.057947261299061435,2448.50673,2145.7079190476193,-0.06674118541759451
3328,material_r_nocable,3,False,1.2523265410234583,1.168067240331402,9.579089509083865,1826.931777631628,16461.490275644297,4.921178937080686,0.2032033406599139,81009.93921745925,0.3802849923861094,0.03299578,19390.45122896,19310.6768165,0.0,0.0,944.62398753,,,,,,,,,0.18449037243502642,0.05285140216169335,0.1833192486754865,0.055278418377489424,19301.120164444445,19369.72578958333,0.0031840487369634318
3329,material_r_nocable,3,False,1.0568740056508878,1.0809566619726172,72.65769056296533,1491.9518997666864,9882.25872157974,1.1638310924799842,0.8592312118669387,11501.279964106005,0.2392162925530991,0.20202593,2444.42061121,2067.89857493,0.0,0.0,99.24305324,,,,,,,,,1.0196821639402627,0.05303895395372141,1.048946608450201,0.055849071886645806,2228.183134090909,2130.6175422222223,-0.014146784043867374
3330,material_r_nocable,3,False,1.0604875885370342,1.3835896665670575,87.56061486531503,278.1076650248852,12857.101592172368,4.6428833644607055,0.215383398957332,59694.02309747834,0.2404662279055308,0.00359786,27594.30768562,27593.42566265,0.0,0.0,1519.48867305,,,,,,,,,0.02015057813061587,0.05283611452899335,0.02013698588084627,0.05526092157577808,27594.144582222216,27593.183789583334,0.0003373807799779977
3332,material_r_nocable,3,False,1.2409617892133056,1.2741643962083422,51.82644189236913,1778.7309008865502,11053.845958815167,1.950649597809737,0.5126497353101437,21562.1801738136,0.4543798057177467,0.05358698,9751.21570438,9668.27024233,0.0,0.0,552.75793384,,,,,,,,,0.2981331379984725,0.05285185143808771,0.2977776761951153,0.05531827054559801,9699.656628888888,9690.377364583333,0.000596501682618802
3333,material_r_nocable,3,False,1.2097255474838542,1.0744154708958036,48.20908765787548,1310.1127395818771,9292.229201064443,2.0939017793865022,0.4775773199318798,19457.01525857605,0.3137478541595429,0.10997879,3397.61249604,3206.91735291,0.0,0.0,186.20743698,,,,,,,,,0.5979377954500016,0.05290199760229158,0.5979324954041966,0.05539138704555141,3267.8183666666664,3265.9381829787235,4.4319570822572575e-06
3334,material_r_nocable,3,False,1.1975218952914446,0.855182616910208,23.42793745186412,1768.7078193024852,6213.831536690201,2.0215095989810368,0.4946798177481128,12561.320097870326,0.1597747991296616,0.27932225,3340.35426248,2494.82169764,0.0,0.0,139.28714138,,,,,,,,,1.1945216008528048,0.053512440495745744,1.5175856008234232,0.05615066939064669,2636.40439,2342.2575619047616,-0.11911918517488818
3336,material_r_nocable,3,False,1.226551539511067,0.9531053281796382,7.326538465915346,364.39668723509067,15995.425725014578,1.5277474407997884,0.6545584520675038,24436.970715894124,0.222657155964931,0.03678536,4095.40703027,4064.73937734,0.0,0.0,206.1806263,,,,,,,,,0.2026065523567119,0.052841415432348764,0.207197391235769,0.055458198409557936,4077.279817777778,4056.3151020833334,-0.01120252489229907
3337,material_r_nocable,3,False,1.3375760811000108,1.3649295174047025,62.81579333428155,221.1867267863272,10244.957635586004,4.733304579213002,0.2112688890530404,48492.50489036244,0.2738158534197532,0.00361796,22504.02050326,22503.31349603,0.0,0.0,1093.24687674,,,,,,,,,0.020347511926876467,0.05282483969410607,0.020246991244888306,0.05526591414826685,22503.74352,22503.339210416667,0.0024762141209816956
3338,material_r_nocable,3,False,0.8295338138874002,1.2025338569831276,73.50942283461201,1982.521770907398,18372.35743315648,3.6451310843168496,0.27433855652064,66969.6511717784,0.4050641600233513,0.04628048,15501.56544866,15365.9712882,0.0,0.0,884.48727331,,,,,,,,,0.2595026191967987,0.05286112318677278,0.2618118678626493,0.055515307187406084,15461.302482222223,15338.464939583331,-0.004429665246550695
3339,material_r_nocable,3,False,0.912254360898824,1.2756789252292569,0.890496180739973,1915.6694736437385,11309.334636646989,3.90656380515936,0.2559794361170577,44180.63735196018,0.3410906678399483,0.04573055,14538.53286001,14442.67670449,0.0,0.0,835.82838427,,,,,,,,,0.25645887818369956,0.052913909180992806,0.24919945245054362,0.055258970862352846,14411.395815555557,14518.408883333332,0.014356385118881557
3340,material_r_nocable,3,False,1.2157658681562742,1.0478229612802197,3.3934994836618304,496.94062422975776,3459.482760698731,2.273807959322198,0.4397908785129291,7866.199436414705,0.1915021033504964,0.13173711,1091.69257425,1003.62163883,0.0,0.0,58.00622234,,,,,,,,,0.7056773385864181,0.05291906758230381,0.7127602301304141,0.05550031985035623,1031.0134733333332,1030.3808173913042,-0.004993446098867378
3341,material_r_nocable,3,False,1.1654291724899792,0.8378347194456723,17.277012018210588,1468.2904658325028,4693.434815283046,3.987741025326896,0.2507685412991493,18716.202562601768,0.3217143294194858,0.02288757,2813.61390118,2095.46796445,0.0,0.0,88.7324811,,,,,,,,,,0.28903755495684175,,0.8200089223305971,2096.3867755555552,1265.2636306122452,
3344,material_r_nocable,3,False,0.9514084766627092,0.890652215785319,47.45198069746552,445.0618014209763,2549.9258720301177,3.486732961693904,0.2868014301600504,8890.910587883482,0.454940318529153,0.29530975,856.75191313,502.59257565,0.0,0.0,13.06043842,,,,,,,,,1.383848579245173,0.05439655310274187,1.3895435859990988,0.05767177706797617,538.0395146341464,537.8430023255816,-0.0020534444516339327
3345,material_r_nocable,3,False,0.9799715554929408,1.282018331204347,11.32495043307276,904.0093528679424,4295.748097915261,1.784349550568589,0.5604283082770115,7665.116187870964,0.2872575402388072,0.11323012,2772.4078596,2681.36279254,0.0,0.0,149.33776639,,,,,,,,,0.6423780658421125,0.05320797337301523,0.5924031915309692,0.055381664887188244,2656.6150555555555,2748.2516652173917,0.040472653769835866
3346,material_r_nocable,3,False,1.3356803730233875,1.3743824042475206,67.74132149412553,1605.6965420545737,9150.36686470848,3.864713205177844,0.2587514123066688,35363.54365426065,0.116227237378859,0.03942416,15200.82088282,15145.93164737,0.0,0.0,729.80727278,,,,,,,,,0.2204381510100969,0.052842447034971644,0.22028317155137364,0.055313732875890476,15183.137904444446,15143.233010416667,0.0003516495590059346
3347,material_r_nocable,3,False,1.301740850184797,1.0942911593258628,17.473862660507777,812.1471313712543,17760.683045464888,1.775040994816956,0.5633672703447172,31525.94050165064,0.4388095070665875,0.024647,8700.65069629,8680.10098277,0.0,0.0,548.44766749,,,,,,,,,0.137363592154238,0.052835349419767356,0.13767405447531184,0.055280825696929145,8687.177975555556,8686.352358333334,-0.0011287993657537706
3348,material_r_nocable,3,False,1.118310148940506,1.3151630936685277,89.06518504202008,386.3686399344808,6427.176332328785,4.34301234149758,0.2302549293827644,27913.306132285063,0.2163892108095624,0.0141159,10247.63270268,10242.21883457,0.0,0.0,522.38043507,,,,,,,,,0.07884542403057784,0.05283521060360473,0.07902570864386894,0.05527103424289051,10246.79768888889,10240.800708333334,-0.001141973267923999
3350,material_r_nocable,3,False,0.9844037671317476,0.83197005605611,11.123012389956664,1022.2003521024724,6571.268936391199,1.4563082245958348,0.6866678242358532,9569.792998097626,0.1751766661377254,0.3393835,2266.22437052,1265.47685478,0.0,0.0,54.37969936,,,,,,,,,1.8267634356171842,0.05304491962058747,1.7050753818115518,0.05625443340361028,1447.50614,1090.6104731707317,0.03445458869898946
3351,material_r_nocable,3,False,1.189029210815872,1.3259008132781225,0.0481001361416741,863.3940497548796,10991.569062422486,3.752451206373691,0.2664924725207511,41245.326588227,0.1679096430173409,0.02087829,15384.96261155,15368.23908174,0.0,0.0,767.91919651,,,,,,,,,0.11661956799333104,0.0528476829095875,0.11577786294321868,0.05527417246833565,15363.295379999996,15382.533435416668,0.003621834573301128
3353,material_r_nocable,3,False,0.9260081998019468,1.262097691364943,28.06353590753528,1248.37330858006,6713.07628446422,4.7146816417987445,0.2121033986970285,31650.017518357985,0.4017959444861404,0.04209612,10229.62224681,10171.26958314,0.0,0.0,583.21069155,,,,,,,,,0.23681152877927691,0.05290402557915089,0.23319972035783026,0.0553541833375651,10167.57065111111,10205.85319375,0.00768451484528841
3354,material_r_nocable,3,False,1.3302006346555135,1.325160828645943,34.91169033754736,681.5425224277387,6305.511059072298,4.114869973610062,0.2430210447506993,25946.35812524278,0.2175807735879554,0.02424118,10155.79686316,10140.26776044,0.0,0.0,494.43609271,,,,,,,,,0.13596828150308446,0.052838215125064356,0.1352390198557793,0.05528692133879517,10142.290846666665,10147.9276625,0.002688945480638804
3355,material_r_nocable,3,False,1.1246929467030116,1.163639211834517,34.38181308506661,841.8193842074617,8718.10022631444,1.3827361218443288,0.7232037871883858,12054.832096784194,0.1390867280508228,0.10443495,2437.01368354,2322.58990147,0.0,0.0,128.7308917,,,,,,,,,0.5740898445844859,0.05296578225191976,0.567532080836145,0.05544279664495175,2346.2416755555555,2370.5785404255316,0.005744251754734491
3356,material_r_nocable,3,False,1.3707005383923487,1.2801224560194857,81.42075218988126,700.2230756293225,17689.076616978226,1.62395849645324,0.6157792838819597,28726.32626655412,0.2063552297897997,0.01761579,10873.44211701,10861.88755996,0.0,0.0,655.69616537,,,,,,,,,0.09839721520614302,0.052833660059838056,0.09840870680604702,0.0552764768246434,10866.73761111111,10864.5583625,-5.8390518875199556e-05
3360,material_r_nocable,3,False,1.0108225214331623,1.2530356491309445,56.7413200641905,806.6637915237156,2592.213082528041,4.606756343401247,0.2170724747429734,11941.694061383752,0.1515455470196047,0.08942034,3657.85324437,3570.89184231,0.0,0.0,179.69247703,,,,,,,,,0.49352427710201097,0.05314135838848551,0.49861431077494817,0.05590495603271892,3608.246782222222,3573.720385416667,-0.005130365591191424
3361,material_r_nocable,3,False,1.1540578082684902,1.2011150061031848,49.69623116346924,1161.7874823396482,1084.0910066877043,1.5654983023029674,0.6387742474897122,1697.142630511516,0.3689370862576101,0.3576681,1375.71409848,1108.07199838,0.0,0.0,34.81851298,,,,,,,,,1.4939885706426774,0.05425978702364755,1.5100179737279957,0.05724373345372832,1189.197994736842,1188.1878309523809,-0.005336008044109104
3364,material_r_nocable,3,False,1.1063858516020706,1.196314714830575,10.380733244873454,1648.849247613688,2339.703423929581,4.314171232414573,0.2317942302536554,10093.881203898876,0.3364685561200194,0.18914375,3535.8181547,3256.93816739,0.0,0.0,145.80048741,,,,,,,,,1.0568285536305342,0.053523129531303865,0.9138858677263026,0.055514363450988924,3195.668148888889,3482.297544444444,0.07253343475601884
3366,material_r_nocable,3,False,1.3166987976464728,1.3025594548351862,64.53671580295737,1598.9065361572852,19265.53776575064,2.8266580927371545,0.3537746579854884,54457.08823649232,0.2614517826920057,0.02492422,20673.74344332,20636.33721414,0.0,0.0,1092.94451336,,,,,,,,,0.1395075423849866,0.052833344426191885,0.1393044089345362,0.05528335626861972,20657.159535555555,20639.79311458333,0.0007285679451295369
3367,material_r_nocable,3,False,0.9677302372298204,1.104787941338563,68.5950947137524,1103.744364145326,3805.866610022292,2.416401264112493,0.4138385519208394,9196.500887501395,0.2964671918299174,0.21546663,2091.09427775,1855.28155705,0.0,0.0,84.75960259,,,,,,,,,1.0246395654680425,0.053658320750787906,1.1939142697217213,0.05755400773269101,2022.2017954545458,1825.0207000000003,-0.07629957027353361
3368,material_r_nocable,3,False,1.2654216611060982,1.2322314520853923,36.26252183038417,1948.6596994307,12613.527339080998,2.299820747869481,0.4348164964275519,29008.851878237405,0.3282879526025369,0.06173258,9567.75380194,9446.80305401,0.0,0.0,521.37541139,,,,,,,,,0.34312437611926466,0.052867409072138584,0.3415647441512573,0.055321603062292765,9472.858964444444,9497.678275,0.002277868775527108
3370,material_r_nocable,3,False,1.1433410069076784,1.122321698398933,26.052399324746847,1272.610343865658,1727.2992460434502,4.967533766492624,0.2013071369026767,8580.41732955809,0.3016370780802959,0.22512374,2469.55470136,2175.20138531,0.0,0.0,85.39642943,,,,,,,,,1.19462413337332,0.05431995092939395,1.0690405113820818,0.056577870597963084,2183.2221863636364,2357.666372727273,0.055478015386333034
3371,material_r_nocable,3,False,1.355512277360064,1.3516090894031705,10.3068035965166,1298.411932396261,19189.748089958124,1.798172350526046,0.5561202182357298,34506.4744289227,0.4708144260104797,0.01673597,22004.00598086,21987.58125146,0.0,0.0,1291.55988615,,,,,,,,,0.09355260223937611,0.05283460649328811,0.09340313886088057,0.055276176989499194,21989.30369777778,21996.289270833327,0.0007994586184726567
3372,material_r_nocable,3,False,1.2253228898326405,1.0602025850248953,18.295191378371392,1289.0901980040649,12885.803964297487,3.9408008805998,0.2537555259193398,50780.38760973994,0.2959919898638466,0.06824109,5527.97885243,5364.23915966,0.0,0.0,304.51431715,,,,,,,,,0.37908971698327515,0.05289492512779813,0.3762811405177913,0.055326071432369076,5376.641344444444,5455.172839583333,0.003718142469482098
3373,material_r_nocable,3,False,1.1682074932827629,1.2782166459627415,26.88530859628224,1138.5516639675834,13333.551060039066,3.7425059301986927,0.2672006454100419,49900.89391280327,0.3426179214810994,0.02253371,17638.69560975,17613.51962727,0.0,0.0,909.48497737,,,,,,,,,0.12639183478120075,0.05284117489899892,0.12557670577032382,0.05528420929865067,17613.116655555557,17629.43242708333,0.0032350427918212744
3374,material_r_nocable,3,False,1.2740785274217563,0.9090358117758096,24.205667791333703,771.324434892014,12103.807131905269,1.0725176628338768,0.932385577089457,12981.54693650305,0.1801563840017976,0.08371969,4171.70910915,4041.62883996,0.0,0.0,215.05711245,,,,,,,,,1.1386352322961697,0.0533637942090836,1.0270833727020245,0.06519648626076943,4067.3461711111117,4015.24690625,0.051508011861143045
3375,material_r_nocable,3,False,0.8087907353718241,0.9947289300262192,83.07784705666253,1755.034722934484,5813.769015608619,4.980834615190336,0.2007695651950062,28957.421957664454,0.1344577368073086,0.26527982,4332.24399507,3386.52443942,0.0,0.0,165.9136669,,,,,,,,,,0.053536777512554486,,0.11542187639744149,3737.7611475,3104.2738238095235,
3376,material_r_nocable,3,False,1.2617723086445038,0.938346953624264,32.74692199808624,1735.47807041801,13450.244704555467,4.308758588681655,0.2320854091540015,57953.857390623314,0.2100156229838198,0.14184596,5545.21366734,4621.81436745,0.0,0.0,244.97112128,,,,,,,,,0.7393924974726979,0.0530352433017065,0.7913875221969575,0.05604161235971166,4677.017588636364,4498.8941347826085,-0.03396635967033347
3378,material_r_nocable,3,False,1.3512402214753712,1.2500071290291963,62.31097086133512,1939.94539764414,13280.938286076673,3.009615485498028,0.3322683594693563,39970.51752771999,0.3172650460625913,0.04338078,14015.24839407,13931.09029208,0.0,0.0,743.63029922,,,,,,,,,0.24168077139547597,0.052841130505085536,0.2417499749602139,0.055301994814868374,13972.501395555557,13944.2593375,-0.0001431509378739342
3379,material_r_nocable,3,False,1.153812070233828,0.8580484721243375,52.92372203342538,503.5612120699301,4267.863766628445,4.9523047463285845,0.2019261841148517,21135.76198815784,0.4341897270360376,0.01861631,2709.36123209,2429.94806189,0.0,0.0,79.59938819,,,,,,,,,,0.3010724187055424,,0.25410098386157537,2656.351695555556,2408.8072104166663,
3381,material_r_nocable,3,False,1.3737202660409782,1.1421886203660632,8.929907974327298,505.21489794309,19815.83377631677,4.8878422627448375,0.2045892535489546,96856.66980340773,0.1602682222466953,0.00988173,15932.58708937,15924.88192716,0.0,0.0,846.49386015,,,,,,,,,0.05524603009008899,0.052834146648533455,0.05519693854641825,0.05527621620035429,15924.784099999999,15929.813120833334,0.0004444967776293015
3382,material_r_nocable,3,False,0.8512655440876588,1.2789438032858875,20.838763965327512,298.6072679843897,3135.143948158259,3.7992371540529897,0.2632107340109605,11911.155371147235,0.2985332141306167,0.02682015,3832.08067863,3822.12970638,0.0,0.0,229.76285513,,,,,,,,,0.15066782462923556,0.052868810701786534,0.14860977007423623,0.05529229876559038,3820.3732822222223,3827.6824333333334,0.006876741164130497
3383,material_r_nocable,3,False,1.0479625044476333,1.193363652048626,86.03179339529967,867.1570338746802,14393.788748033305,3.531214936997161,0.2831886525860614,50827.56182703687,0.2850585816180441,0.02871027,11212.38705133,11179.70379148,0.0,0.0,564.34997777,,,,,,,,,0.15999423953809194,0.05283337197117835,0.16094788650795316,0.05531068477240716,11208.555453333332,11171.660260416667,-0.002971398555901643
3384,material_r_nocable,3,False,1.3980078407680814,1.3696299351219785,82.98211793100687,1057.4210803087915,8233.251554428685,4.899165592263369,0.204116391080794,40336.06272790591,0.1397427903530087,0.02347378,17347.9685078,17325.20560517,0.0,0.0,803.30469091,,,,,,,,,0.13115234908135456,0.05283269374451098,0.13133720553701522,0.055277265205632545,17343.722464444443,17321.435835416665,-0.0007042430923753122
3385,material_r_nocable,3,False,1.2271306381589326,1.1488954456190763,58.73127180517314,201.82442481430112,3152.918274478417,1.400348824513249,0.7141077869277269,4415.1853994521925,0.3882805092110583,0.04301351,1270.25979631,1260.82587732,0.0,0.0,76.91061896,,,,,,,,,0.23932407520741752,0.0528412763853176,0.23934323555581377,0.05528800594058638,1263.9170044444443,1263.8357833333332,-4.002852913790072e-05
3386,material_r_nocable,3,False,1.2648683310189406,0.9369616062685898,54.26966589957228,402.9894154235921,5607.771235182094,1.3639024846077297,0.7331902473127386,7648.453120776615,0.2568197651626787,0.08456505,1788.45324951,1738.83395415,0.0,0.0,95.17057086,,,,,,,,,0.4695278142766088,0.05294704982130055,0.46194054273218144,0.055307350586450775,1737.5863888888891,1750.2580749999997,0.008145495751237571
3387,material_r_nocable,3,False,1.1449966938201777,0.8006732415877008,58.94088043929078,1531.6422338453249,1822.016994112496,4.859916159094921,0.2057648665663881,8854.849831832873,0.463136546219025,0.39915702,1864.12474172,1282.98138448,0.0,0.0,45.02219843,,,,,,,,,1.6142558800500832,0.0533843709220115,1.5430452826532408,0.05495625515915555,1435.279565,1436.3031024390243,0.022554261924089294
3388,material_r_nocable,3,False,1.1046806145942782,0.9173104474274492,78.81079358960962,581.3368611973306,2986.85556651197,3.8009762523079496,0.2630903046007722,11352.967077385809,0.4607623530748903,0.22537085,898.47243591,723.66056383,0.0,0.0,33.42315355,,,,,,,,,1.1386968602403524,0.05329252326771144,1.1327823984467342,0.05615024863955603,759.1570095238095,782.7109711111109,0.002603793000089626
3389,material_r_nocable,3,False,1.168751449731009,1.150629182157201,58.11560718431167,964.867452897582,19332.0004168587,2.0282181466572813,0.4930436115306956,39209.51405665894,0.4671594982489381,0.02812112,9896.1563921,9864.01639872,0.0,0.0,570.37326674,,,,,,,,,0.15714553601484313,0.05283618742185767,0.15702242229777477,0.055287257653475114,9877.837206666665,9871.004214583334,0.00039187228936265637
3390,material_r_nocable,3,False,1.2439740205232943,1.0312150224346146,30.870758899707457,677.3810944835426,13992.80686886158,2.4041437637841114,0.4159485031901772,33640.71937160905,0.1630803252045703,0.05275494,3643.13564606,3600.99843232,0.0,0.0,220.3448039,,,,,,,,,0.2915327724319881,0.05285416839601903,0.29383929373403955,0.05533646499342385,3619.4835666666672,3610.2209624999996,-0.003940265406168616
3392,material_r_nocable,3,False,1.13827636609888,1.391424684245484,85.16335273864154,1074.9753410728952,8964.057348105176,3.704727474096653,0.2699253877625199,33209.38953690323,0.2548414381202837,0.02384684,15895.12459584,15874.69860617,0.0,0.0,854.0803168,,,,,,,,,0.13324791956372598,0.05283393059065534,0.13349298188759082,0.055275976523735365,15892.364888888887,15869.519516666667,-0.0009187279585975628
3395,material_r_nocable,3,False,1.342679310609506,1.0961910610686054,13.202830995714969,384.3785037676733,8681.598650147858,4.680006452791998,0.2136749190598701,40629.93770324228,0.2466423378096737,0.01988876,5629.04432111,5616.62023941,0.0,0.0,318.54489312,,,,,,,,,0.11110207143032995,0.05283691000847136,0.11104692393847829,0.05527835337709402,5617.312288888888,5623.760708333332,0.0002482455154033311
3396,material_r_nocable,3,False,1.0257585786031789,0.9673270662296504,86.81422089267274,1055.746321889798,1107.3086490862918,3.887470081778804,0.2572367063831977,4304.629244617864,0.367505654417228,0.38741974,1448.4742494,1094.02739511,0.0,0.0,29.39340451,,,,,,,,,1.419782679214874,0.052841412307886665,1.7491961237829987,0.05604977260836237,1320.3383270270272,1079.3652926829268,-0.10394939980554545
3397,material_r_nocable,3,False,0.8670835402349888,1.1652826560458354,89.93498199076049,685.8587545238292,11082.163321942651,2.180445415142837,0.4586218912223912,24164.05220519397,0.1500580039386166,0.08861103,5241.26662344,4734.32428337,0.0,0.0,238.64126003,,,,,,,,,,0.05811923386157942,,0.1300839439225113,4796.198544680851,4630.957722916667,
3398,material_r_nocable,3,False,1.012643495008728,1.0756611105598264,56.184351864412,1715.965399380557,3254.85091248168,4.272362819056466,0.2340625181783708,13905.904020058742,0.2848681511325854,0.24432813,3154.69467628,2734.89125917,0.0,0.0,112.17991478,,,,,,,,,1.1595191892844012,0.05465960218862804,1.2576044960963464,0.0578222280755345,2969.58903902439,2804.013911627907,-0.040579349499235355
3399,material_r_nocable,3,False,0.9804080069070752,1.3399328816785956,53.01780973338966,1511.660092540096,6636.3633427785535,1.2051240830120546,0.8297900723223678,7997.641288000818,0.1105390713079219,0.15245935,3735.84110904,3516.19507436,0.0,0.0,195.70505004,,,,,,,,,0.8101402778514988,0.05377320290847006,0.8277823204212723,0.05677961282730795,3571.2782500000003,3518.8073326086965,-0.010770986729395816
3400,material_r_nocable,3,False,0.879594619953547,1.3679526832412487,47.690151716577546,944.1826856865678,7017.099572760711,4.668748648629292,0.2141901557055533,32761.07414762376,0.4864902212347758,0.0171967,16297.63135415,16284.72881103,0.0,0.0,1084.85938979,,,,,,,,,0.09713436675773257,0.05282445829144263,0.09616202518095596,0.055290189543318206,16289.092155555556,16287.888810416667,0.005030314156536508
3401,material_r_nocable,3,False,1.3026189915633948,1.2263547385035602,5.395089732542987,696.8329201588581,17122.840088405723,3.8089487341552406,0.2625396322698953,65220.02007987558,0.4331128862987715,0.00997764,22961.093233,22953.84776256,0.0,0.0,1184.11783265,,,,,,,,,0.05578784482584856,0.05283531356793413,0.05566535364967156,0.055276523466206415,22953.298277777776,22958.931189583334,0.0010990368859077942
3402,material_r_nocable,3,False,0.8785015122582596,1.0718465730836926,2.7559466622060604,1453.5119261670663,16011.676099412138,3.351972733841988,0.2983317823274215,53670.70170833892,0.4431189596612931,0.12103912,5802.11019706,5352.31102459,0.0,0.0,248.84291052,,,,,,,,,0.9295107402666076,0.0554006445890843,0.5777115624647198,0.05529770355734288,5193.241688888888,5636.7495086956515,0.23340895179455054
3404,material_r_nocable,3,False,0.9515947194556664,0.9990610908932032,19.88749270979876,513.0939702873475,19683.014027033776,3.5792831879528184,0.2793855494211267,70451.08119520149,0.4163433129686286,0.12587775,2414.26651655,1846.12724558,0.0,0.0,73.01033269,,,,,,,,,0.8893128817031022,0.055795542799807835,0.6393659085902962,0.05619258216573375,1755.290608888889,2042.830439130435,0.16350522732433137
3405,material_r_nocable,3,False,1.181718466234915,0.9505345550479386,67.46187315668136,1413.350702755425,2097.779475130073,1.1096021779392122,0.9012238979714614,2327.700674440507,0.4066846874086229,0.36603927,1578.24004117,1254.51005996,0.0,0.0,48.98552808,,,,,,,,,1.6231318401433885,0.05372938664529975,1.4277307801116543,0.05441928568573575,1293.59475,1404.583536585366,0.0640478069167858
3406,material_r_nocable,3,False,1.3565081775933696,0.9716875930490076,38.30438786267326,1485.0051084504655,15221.97014932221,1.0077826514562425,0.992277450455218,15340.437437471712,0.2054599518497402,0.0770846,6483.85715808,6375.70484495,0.0,0.0,375.29198055,,,,,,,,,0.4202681515748332,0.05279714337632558,0.4280966301814748,0.055251060008213025,6405.217060000001,6383.286595833332,-0.009227727004926899
3407,material_r_nocable,3,False,0.9081684063486238,0.983712729515652,89.6861124476739,710.1568623835096,6196.0342638020575,2.99786623805041,0.3335705867418307,18574.88192925572,0.2453750225876518,0.22804109,1745.9228806,1311.31044678,0.0,0.0,53.27207448,,,,,,,,,0.9971723975332054,0.052894784310876304,1.4714447092375913,0.05846868233682503,1520.4290333333333,1166.226962222222,-0.19212064536196238
3408,material_r_nocable,3,False,1.0386598740094146,1.3989487156238742,87.64429136562133,687.392930258811,5503.255695382892,2.5378397955041154,0.3940359047767869,13966.381308577376,0.3572475058284377,0.03066692,7083.49630558,7068.456738,0.0,0.0,424.51284073,,,,,,,,,0.17080987835169475,0.05283295739500941,0.1717159980480204,0.05528786481701225,7081.926102222223,7064.572649999999,-0.0026454050883683846
3409,material_r_nocable,3,False,0.8343264925686291,0.8784679658529148,32.162965388801304,1833.4689024366417,2314.87098335035,3.273039598103648,0.3055263983299761,7576.664393006826,0.1247666752905595,0.51564571,2480.30125806,1843.75747181,0.0,0.0,81.20179886,,,,,,,,,,0.14648163335437875,,0.059644358959442444,1887.0702727272726,2162.6913971428567,
3410,material_r_nocable,3,False,1.162848552561082,1.1215870749518198,17.987247862159307,1195.3016047502615,8774.030085980925,1.5552226639741238,0.6429947448455126,13645.570444108364,0.1056968081206854,0.13999741,2568.87564835,2344.63924427,0.0,0.0,127.97741006,,,,,,,,,0.7546576060245342,0.05297608564780717,0.744525779132454,0.05543176879272145,2388.093382222222,2438.6420217391305,0.006758230508950905
3411,material_r_nocable,3,False,1.2067509789975213,1.1685218784998384,24.04885194416393,968.9557312967816,2697.5280237272564,2.479098410829071,0.4033724500938935,6687.437436789125,0.4921757438576026,0.12858229,2402.11793167,2280.46512449,0.0,0.0,118.29589354,,,,,,,,,0.6995587628011025,0.052992454929391204,0.6839694010343454,0.05539610329267852,2293.7794933333334,2341.895589130435,0.01126783116835142
3412,material_r_nocable,3,False,0.903148139703501,1.3902529572101945,47.09607405847601,708.3798776197216,19625.66025251502,2.9369269498602577,0.3404919553915296,57639.13050441263,0.223378233617688,0.00871787,26735.6314911,26730.13999259,0.0,0.0,1666.26054601,,,,,,,,,0.04934868697781284,0.05280963059744076,0.04875795884095659,0.055274147185843066,26731.363631111108,26731.04242083333,0.0060212856318366875
3415,material_r_nocable,3,False,1.3176490870714233,1.1166335982914302,81.63070411703761,670.7389843824568,18857.633241397514,3.25638714427386,0.307088793713743,61407.75445871827,0.2976891360851996,0.01699823,11151.00471565,11135.55922845,0.0,0.0,650.74745274,,,,,,,,,0.09494219471191778,0.05283436137889733,0.09496100404989549,0.05527887321664652,11143.607928888889,11137.614439583333,-9.904697814649016e-05
3416,material_r_nocable,3,False,1.2863600465702536,1.057755027294117,49.06645300250035,1263.3117131272818,2890.507096217992,2.269795257342288,0.4405683714269912,6560.859298309825,0.3733697567476162,0.2025244,1978.09179753,1733.08647327,0.0,0.0,87.7095173,,,,,,,,,1.0294110902979778,0.052859269688528644,1.0258525852105436,0.05525641190899569,1808.6538431818187,1805.946756521739,0.0017314104899721992
3417,material_r_nocable,3,False,1.075999182249074,1.3782041634981257,12.243501150094858,1148.4203493771706,4231.539642651198,1.8907869189695388,0.5288803248887456,8000.939803425922,0.2292724769969254,0.10067385,3819.22913545,3737.17599054,0.0,0.0,210.26605717,,,,,,,,,0.5635851477489582,0.053048116385126125,0.536516708183003,0.05537044781706251,3716.4491622222226,3801.1772595744683,0.02460539396420152
3418,material_r_nocable,3,False,1.3094474995421734,0.86246224425407,21.39232812708352,1135.9499707767725,6449.360682580347,3.1472079279433807,0.3177419550583918,20297.4790703832,0.2069676355430936,0.16276643,3803.2286639,3000.45803975,0.0,0.0,167.45542883,,,,,,,,,3.6588594678147297,0.05971953977039469,2.5126360980917655,0.0729276156764041,3014.8985395348836,2846.6525239130438,0.1857286224193539
3419,material_r_nocable,3,False,1.3418171911531642,0.9198398453914506,58.42576882851699,526.399540456434,18572.618371469936,1.6294199830238354,0.6137153161361295,30262.59551154872,0.4410057020108952,0.02069684,7383.62863066,7375.5152097,0.0,0.0,483.71896619,,,,,,,,,0.11503570139087287,0.052835294075765,0.11535186430910163,0.05527695103227924,7375.503215555553,7379.901843749999,-0.0013723089493488261
3420,material_r_nocable,3,False,0.8363547029424223,1.2160180774711185,43.83735199704215,1789.1615675875091,13163.770648915526,4.594556840834285,0.2176488472429952,60481.6924861484,0.3671193453028343,0.04251139,15004.04171246,14900.40355609,0.0,0.0,866.32148467,,,,,,,,,0.24015626213395477,0.05291227567234054,0.23703024503327946,0.055442667014634475,14922.829244444441,14929.226602083334,0.006550933552653386
3421,material_r_nocable,3,False,1.1259895738865682,1.299459277660445,12.673098846931063,1903.2623228823493,10724.213998721125,4.431895385403334,0.2256370949760117,47528.59453300998,0.4946700904671141,0.03044231,21235.58007025,21182.16685474,0.0,0.0,1136.82516895,,,,,,,,,0.17041669884013574,0.0528561381284229,0.16885096574885386,0.055282315743449065,21171.823751111115,21225.27170833333,0.004615037784926285
3422,material_r_nocable,3,False,0.928659475411426,1.0366159849002412,27.461409635487048,243.4351648936513,10465.51188202661,4.927525029084704,0.2029416378602853,51569.07174086948,0.1827241062168308,0.07153772,2789.64146152,2275.86262953,0.0,0.0,96.32345899,,,,,,,,,,0.11792458856308895,,0.07361662203935902,2270.2786911111107,2331.635185106383,
3423,material_r_nocable,3,False,1.315671316650468,1.1542453236282169,88.86370576727164,1846.6873507488071,3955.021525453829,3.092574527063962,0.3233551823080502,12231.198823608163,0.2697828053423819,0.17045087,3664.70029675,3333.98972596,0.0,0.0,159.21707155,,,,,,,,,0.8772038750734245,0.05283391253259088,0.9030494471160706,0.055449349641531795,3524.389364444444,3346.642093478261,-0.014517918163949407
3424,material_r_nocable,3,False,1.035098195082344,1.1153606732410348,30.13266158619048,1357.053274475666,1538.344425692523,3.604578334250933,0.2774249599455049,5545.082987466963,0.1996469816782816,0.31794768,2081.91353938,1768.56916218,0.0,0.0,71.33450616,,,,,,,,,1.5559787633880153,0.057256572745478615,1.332404703306259,0.05588263200524511,1781.398717948718,1955.3963261904757,0.07740456302280203
3425,material_r_nocable,3,False,1.1753436856531514,1.1342145831165058,51.879915989567785,1593.1004096853153,15076.493290890849,4.5867069051117575,0.2180213431308479,69151.45588220014,0.4490282222154252,0.03866782,14191.64484112,14101.10558389,0.0,0.0,704.71384681,,,,,,,,,0.21623797870461203,0.052846752064702573,0.21574683489116356,0.05531708538486176,14138.981377777773,14121.541139583334,0.0011369469434822689
3426,material_r_nocable,3,False,0.8425720570145155,1.258089772688043,38.867746829195006,663.1470030408638,4793.727144156976,1.1972035045259857,0.8352798803374156,5739.066936726076,0.3274988498134333,0.12802857,2003.38225704,1902.24979771,0.0,0.0,109.51127952,,,,,,,,,0.7228092902492081,0.05375903285158577,0.6831031811872038,0.05642006159663771,1904.8410866666663,1922.6435511111113,0.02824223404280414
3427,material_r_nocable,3,False,1.3320528320277076,1.1583949576916073,6.350410041641932,1312.8251175458036,14426.425811783887,3.5120507599231003,0.2847339256628216,50666.33973524984,0.4667846377553711,0.02649949,15187.79581712,15149.25908057,0.0,0.0,819.76692894,,,,,,,,,0.14798992175346704,0.05283834504161503,0.14772343455986217,0.05527706829327122,15150.512135555558,15172.349177083335,0.0009011672550985558
3428,material_r_nocable,3,False,0.9852449008566848,1.0033885921979604,41.64984588253808,1072.4483609873455,1250.6379074202491,1.635577914385482,0.6114046852825835,2045.5157402698344,0.4981720169208173,0.41210628,1242.41283387,932.54123224,0.0,0.0,23.57455043,,,,,,,,,1.60907247871507,0.05444753407188183,1.5757021040627257,0.05738599326016622,1000.0420583333333,1033.305592307692,0.010478096262385507
3429,material_r_nocable,3,False,1.3689952698513808,1.1470246525234078,67.31881299892132,352.4104980085307,12804.23691080626,4.769883213719236,0.2096487388042917,61074.71470533903,0.3374516115056657,0.00837966,13467.18141967,13463.21589575,0.0,0.0,698.37163007,,,,,,,,,0.046882727914509086,0.052832274658680164,0.04685528875912581,0.05527474483894602,13465.366635555554,13463.643789583335,0.0002927217404098383
3430,material_r_nocable,3,False,1.1598801018996543,1.0083019021585775,25.33020529505598,804.7147870109898,16085.094323073326,1.5979921984947962,0.6257852828955826,25703.855240324112,0.1687646072576391,0.09054498,2883.20064354,2795.46535203,0.0,0.0,151.95385151,,,,,,,,,0.4911056925334519,0.052892049060278924,0.5044586362997259,0.05556364831664981,2852.7117155555557,2797.1242479166663,-0.01341243692602358
3431,material_r_nocable,3,False,1.1199040915253813,1.0446678415744106,86.13195681516133,1319.0430518609714,19301.72421504417,4.455268402990871,0.2244533683601842,85994.36201853008,0.3873443267868899,0.06148662,6876.05656908,6663.68132283,0.0,0.0,351.26815406,,,,,,,,,0.3380812904801064,0.05284430952163596,0.34496211946027483,0.055475746011733176,6819.722031111111,6647.60373125,-0.010073779909199384
3432,material_r_nocable,3,False,1.0958343380983022,1.362733129591867,10.186107493014743,929.8780231993444,19866.91882559988,1.9747785877120403,0.5063858835732011,39232.76590060788,0.3490595197194398,0.01615235,17858.33996664,17847.03415154,0.0,0.0,1047.6579541,,,,,,,,,0.09037698124723054,0.052842505809827946,0.08982647379567783,0.05527656350223868,17844.69244,17856.307791666666,0.0030549217351111386
3433,material_r_nocable,3,False,1.072717253003158,1.1247799257455595,78.57466945459285,206.1275213438764,11405.7307138654,4.220592865738079,0.236933537967568,48138.94567947,0.2884505624919445,0.01137549,6781.58983855,6777.15631235,0.0,0.0,328.92449829,,,,,,,,,0.06377130040061475,0.05283084322156025,0.06369081837690772,0.05527283783815229,6780.77921111111,6776.399429166667,0.000631419157934333
3435,material_r_nocable,3,False,1.2123842320758262,1.3769743442208788,81.07510566219649,529.8496903533994,15934.917039793698,1.8788651773757548,0.532236166831682,29939.560730439924,0.2479162112660806,0.01206143,13625.87323309,13620.86972754,0.0,0.0,772.81618296,,,,,,,,,0.06751348548069906,0.05283193491864063,0.06749884804526851,0.055271068487037174,13624.595231111112,13620.435852083334,0.00010841554284916746
3436,material_r_nocable,3,False,1.235566329045353,1.2606074082758574,78.65290570404179,1241.4222956957285,3522.09381432643,4.332032141669282,0.2308385458134355,15257.823609636658,0.3467664972182497,0.08124505,5548.57622944,5447.7511768,0.0,0.0,264.65797754,,,,,,,,,0.4435653036967335,0.05285279277078853,0.4529790634147295,0.05544685525697072,5525.041128888888,5436.553264583333,-0.010500048924880028
3437,material_r_nocable,3,False,1.0619185296337723,1.0205851213761383,51.295802596808365,219.8182414985184,5219.133870802369,2.237209039177716,0.4469854995613413,11676.29347243764,0.2074905411608842,0.10405649,628.02934066,558.67767375,0.0,0.0,31.87180609,,,,,,,,,0.5707885446132167,0.05306862485555286,0.5736793759185426,0.05575758415462385,583.2015355555554,577.6141425531914,-0.002525917287382488
3438,material_r_nocable,3,False,1.300433663980907,0.9443690669992836,54.62303709186385,723.9432652818385,14174.794386897316,1.8899649723621927,0.5291103351773442,26789.86488167216,0.4027150710912488,0.04473166,4865.36417683,4838.94355818,0.0,0.0,302.01298774,,,,,,,,,0.24824868404320002,0.05285829302476551,0.24831770718602764,0.05528946305253214,4840.950631111112,4851.213825,-0.00013900083462505097
3439,material_r_nocable,3,False,1.218553301022284,0.9519173786184972,34.80535550563483,1864.787755469424,13144.58707263322,4.174986631612393,0.2395217250345534,54878.47530630878,0.4135870152716108,0.13688292,3983.00316734,3682.12226453,0.0,0.0,218.93794199,,,,,,,,,0.7306490932223513,0.05300833269313097,0.7411204156450758,0.055652883534469566,3790.3158444444434,3748.6745347826077,-0.007114784183008751
3440,material_r_nocable,3,False,0.8989363254764209,1.3856284076815104,76.2765595862877,597.8259787864747,10126.836949998074,4.98674000535422,0.2005318101457683,50499.90294625471,0.242996140381657,0.00838738,23357.50497249,23353.17484805,0.0,0.0,1459.83895204,,,,,,,,,0.04754878931452135,0.052831613105650266,0.04695282640922101,0.05524942649559932,23356.20836888889,23352.194372916667,0.0063063779464101995
3441,material_r_nocable,3,False,1.2992286419616437,1.0382358896697963,14.579737251142202,793.3310785790197,16458.465289236232,4.321311678408667,0.2314112182642314,71122.1582630602,0.3920435818825525,0.02617562,8232.91800979,8198.5574536,0.0,0.0,501.0155218,,,,,,,,,0.14601499373090027,0.052839762101465425,0.14612205363147093,0.05528303731686157,8203.163542222223,8215.789583333333,-0.00036647149527005234
3442,material_r_nocable,3,False,1.0239717396708157,1.3645695380229377,44.09910251274004,827.0265988903602,17561.48687382201,3.418212599825481,0.2925505569931653,60028.89570376819,0.447241474065955,0.00888002,29527.77065586,29522.02309298,0.0,0.0,1762.65853439,,,,,,,,,0.05005126800376016,0.05282124597247653,0.049659864569552285,0.05527333888703109,29523.643848888893,29523.980052083338,0.003925373467401925
3443,material_r_nocable,3,False,1.3129591764806714,0.934794984811331,49.31872700002188,1136.9215866433988,10572.19176453742,2.240851958448954,0.446258841968377,23690.716620661584,0.1725670030810472,0.10571329,4398.6608474,4163.73683528,0.0,0.0,226.83291541,,,,,,,,,0.5804047139813256,0.05296067122164558,0.5754282656198324,0.05539740207739571,4153.177599999999,4172.303119148936,0.004305508191339603
3444,material_r_nocable,3,False,1.3274189317628156,1.17757740310681,2.987519553093476,1916.8212929194472,16050.49724160836,2.494546462243231,0.4008744736310687,40038.71111129887,0.1969163380288883,0.05832518,9403.13857109,9271.85541227,0.0,0.0,535.10200681,,,,,,,,,0.32386851263549277,0.05284927379374863,0.3229528081818156,0.05528513451693009,9286.047664444444,9341.133358333333,0.001415699242133988
3445,material_r_nocable,3,False,1.0438163184107938,1.3926990768334655,11.017685022580428,303.78234115119074,10742.32296263704,3.5060766502453595,0.2852190923806582,37663.40770869628,0.2534271013734581,0.00585034,17821.19230798,17819.67925001,0.0,0.0,1014.35904209,,,,,,,,,0.032732892692371764,0.05284600057030299,0.032451992257744096,0.055273349112514185,17819.260286666668,17820.812035416668,0.0043092878792780395
3446,material_r_nocable,3,False,1.2323035831680136,1.2207948297097402,50.83447898501026,667.1672500534071,8937.194682172296,1.0547381313238675,0.9481026335369496,9426.400018352017,0.3932795565013914,0.04620809,3912.41511826,3882.96249765,0.0,0.0,236.38622904,,,,,,,,,0.2569767574061993,0.052839803851077546,0.25695487807004647,0.05528585208279754,3892.1908799999997,3892.787083333333,4.257246420052594e-05
3447,material_r_nocable,3,False,0.9747958496133218,1.1141906679677775,50.27464139281626,1893.175722034446,2511.3601424984963,2.5239993170606345,0.3961966206728481,6338.671284559502,0.4764299053847021,0.29209073,2671.99401028,2265.06846117,0.0,0.0,96.56075799,,,,,,,,,1.3301966684694857,0.055325429703205774,1.371242848617675,0.056952018324546966,2430.2778675,2374.5856045454548,-0.015194188094371114
3448,material_r_nocable,3,False,0.8276281611953686,1.3119987320584745,89.42039296131209,1969.1942786755017,8512.455918463324,4.582188372744882,0.218236335709823,39005.676533086,0.2529532401746837,0.0457135,14374.09591458,14283.89735945,0.0,0.0,897.79073229,,,,,,,,,0.25375658858785977,0.052829199905455794,0.25635852332472137,0.05530630698307839,14350.74462,14258.032158333333,-0.005100681544418735
3450,material_r_nocable,3,False,0.9097416478265768,1.2138481280154538,21.909408683438667,1019.5044231996228,11122.740792402796,4.253383046039195,0.2351069699521215,47309.27711189461,0.3839978077625056,0.03121914,11795.94757292,11748.89657575,0.0,0.0,649.66021101,,,,,,,,,0.17556786464494786,0.052881836007839675,0.1729527343631769,0.05530021966590576,11741.745544444444,11777.960922916667,0.007503517121264894
3451,material_r_nocable,3,False,0.8163074008936533,1.055515802346913,14.122847109914376,870.1549322630574,12735.044570079572,3.720081423282848,0.2688113205644658,47375.40272983212,0.3533616559540635,0.12833653,5317.5685363,3756.64321921,0.0,0.0,183.38615013,,,,,,,,,,0.12452769083677488,,0.05720567759714128,3654.018911363637,3925.9023955555567,
3452,material_r_nocable,3,False,1.3856680802952832,0.9810403339120208,23.36666587027593,762.692659106511,14715.375294074598,3.641933905141448,0.2745793927199679,53592.42421037108,0.3805370026376964,0.02877073,6765.80660276,6745.24175767,0.0,0.0,468.30652497,,,,,,,,,0.1596247044357789,0.05283936702698791,0.16083446264108303,0.055296164655326545,6754.662097777778,6749.320214583334,-0.0037750775436983528
3453,material_r_nocable,3,False,1.2163070807798035,1.1743024012363488,46.85998856652997,1287.831235608509,4026.1396580159367,1.6688242144210117,0.599224286991152,6718.919351937725,0.1323172263526802,0.19978109,2126.34778499,1872.37682438,0.0,0.0,89.75801868,,,,,,,,,1.0199916737365549,0.05305123401784833,1.0187747897543404,0.05561101480501995,1953.5709044444443,1943.879491111111,0.0005968726698254604
3454,material_r_nocable,3,False,1.15635286629245,0.9792037194379402,81.19424908158173,1088.6262370314166,9037.590922343768,3.9238979671251792,0.2548486246018889,35462.58464789368,0.2661631330072347,0.14932083,2215.82631962,1942.58736324,0.0,0.0,108.35070333,,,,,,,,,0.7981810892837087,0.053103691334923805,0.8006937825932394,0.055817169005260986,2023.339002222222,2028.7298304347828,-0.0015715384322608364
3455,material_r_nocable,3,False,1.272057356539261,0.8207187594289792,6.702115558435283,270.52831219327715,1372.5161867895697,3.707910564734677,0.2696936677790544,5089.167269266397,0.273090562770836,0.20026683,968.7755021,623.30842971,0.0,0.0,34.85333258,,,,,,,,,1.8392211733661243,0.05280967750611488,3.42812696426462,0.07266129941863314,641.7983024390243,546.0029630434782,-0.30165194123910444
3456,material_r_nocable,3,False,1.399090735579116,0.9724541793128711,42.33786532823103,1636.4807102575849,3672.145450694582,1.9620388951119403,0.5096738920371642,7204.892202771136,0.2384864685026589,0.21588757,2315.83730192,2133.87401935,0.0,0.0,128.50180176,,,,,,,,,1.0727462429151742,0.05305434957568279,1.0915192315180662,0.05495400398727741,2200.562856097561,2190.1753522727277,-0.00867406925105069
3457,material_r_nocable,3,False,1.1322427397670594,1.2882710590344248,29.069368106870325,368.1102524099777,2570.808885500229,1.81230355055423,0.5517839435309746,4659.086070988427,0.4739246693295552,0.0534961,2035.79266638,2018.8084078,0.0,0.0,117.84925062,,,,,,,,,0.29873089410470044,0.05287398788223083,0.29616620306792146,0.05531618234940646,2020.5116244444444,2027.8307708333334,0.004311150699790316
3458,material_r_nocable,3,False,1.032041703921025,1.3201729080095217,3.516462030091229,538.3310270494609,13536.298878046988,4.685915865628164,0.2134054534216325,63429.9576745251,0.377936947750822,0.00724637,25678.56239326,25674.92992106,0.0,0.0,1427.35739927,,,,,,,,,0.0404847936854219,0.0528480467780322,0.04016500169933586,0.055276281790559476,25673.79835333333,25678.08179375,0.003965192776502413
3459,material_r_nocable,3,False,0.9920270528202648,1.255475927844161,31.73694076011387,1117.7021900042996,4913.074143485809,4.660548730931359,0.2145670086792894,22897.62146439446,0.352557382659091,0.056032,7228.26703246,7160.79004054,0.0,0.0,384.92910953,,,,,,,,,0.31502031667667774,0.052954163245249465,0.3094772835289079,0.05542529180135969,7161.374733333334,7198.183666666667,0.008875987907631753
3460,material_r_nocable,3,False,1.289061196366704,1.1800030423361072,16.96696072246564,1563.195894454976,13495.166919714016,2.6775394472256018,0.3734772240372311,36133.84177442829,0.4779747199240548,0.03805679,12201.13589618,12140.40773835,0.0,0.0,678.34449309,,,,,,,,,0.21233077306299053,0.05284367955070225,0.2117158021070589,0.05528157628382253,12146.0415,12173.212364583334,0.0014502438928672369
3462,material_r_nocable,3,False,1.3352838124816953,1.309994036481393,75.43149389810463,1458.2948890270004,8368.279893555638,3.463207155437274,0.2887496921545651,28981.086806063755,0.3787680030328663,0.03710027,13040.91394158,12992.00797574,0.0,0.0,670.72788095,,,,,,,,,0.20684471082697176,0.052835267855071415,0.20722764078240274,0.055296061490149616,13024.491339999997,12991.584589583334,-0.0009247899647070253
3463,material_r_nocable,3,False,0.9860642001118234,1.3175572558333846,68.19136380277584,1919.153036693082,18387.91463199893,1.3097695172032695,0.7634931084174905,24083.93006992817,0.3560173764498811,0.06400154,9304.68011035,9210.42991157,0.0,0.0,555.40004282,,,,,,,,,0.3546906068284406,0.05287009343963541,0.3582634810942537,0.0554661188098586,9278.27019111111,9201.875864583333,-0.005011366547070706
3464,material_r_nocable,3,False,1.220180022339158,1.2807986691664826,36.67594291176422,726.9887457180726,16810.958955560054,4.861556585579274,0.2056954356895232,81727.42822030585,0.2941532761683051,0.00949589,28364.09882215,28357.02634327,0.0,0.0,1386.05160894,,,,,,,,,0.05336976534415404,0.05282732007721514,0.05306072500342393,0.05527429607118284,28358.039095555563,28360.402035416668,0.0029036823913979096
3465,material_r_nocable,3,False,0.8076743310009867,1.0533477039965589,76.08217854630541,959.8702851840952,9847.646686387734,2.8983780366841265,0.3450205554083084,28542.202868851426,0.1681573130040801,0.16866757,4530.16590577,2952.50137056,0.0,0.0,145.44452223,,,,,,,,,4.025192499831804,0.05626071244989641,4.700444859149927,0.09863316803599205,3153.4417166666667,2833.867397777778,-0.07738716743975756
3466,material_r_nocable,3,False,1.0666005827269318,1.308721353641769,55.20407185492038,1878.5271725798889,12784.39269741475,1.6715238469371192,0.5982564962099634,21369.41726233752,0.1385940769713781,0.0858192,7709.21166829,7564.64440225,0.0,0.0,405.97910392,,,,,,,,,0.47403350003742856,0.052983348606898586,0.47612432312811326,0.05562627641419815,7626.450751111111,7576.1588645833335,-0.002200500842816748
3467,material_r_nocable,3,False,1.096904366229256,1.1122756192889165,35.14519376053592,1518.565087049345,4950.330277428764,2.308009909072136,0.4332737030587616,11425.411333485405,0.3659456819310444,0.18710419,2853.45664022,2541.10439338,0.0,0.0,118.80250355,,,,,,,,,0.9857995088483141,0.05336999073220208,0.9521449522534868,0.055887948083662126,2601.265415555555,2674.8847,0.01736610995327147
3468,material_r_nocable,3,False,1.152104564065628,1.159200747658875,33.33116093705473,1208.5345470316634,11365.88356421988,1.544353528024118,0.647520131792248,17552.942381514313,0.4618027286425948,0.06876198,4988.78497068,4896.68598475,0.0,0.0,286.33008862,,,,,,,,,0.3812522078469752,0.05287275172679521,0.37957194437726477,0.055323436485886765,4917.791926666667,4934.521329166667,0.0022084780889227384
3469,material_r_nocable,3,False,1.053387313479428,1.2201063032987682,5.165871687193361,1395.140058558579,6960.831915204082,3.6669088757557216,0.2727092583651693,25524.736332505552,0.318420613857142,0.07340315,6986.28977481,6871.6746881,0.0,0.0,349.99212612,,,,,,,,,0.41321610177302875,0.05298228743360633,0.39680223891333255,0.05527042615527655,6838.504726666667,6970.142045833333,0.020263569397438674
3470,material_r_nocable,3,False,1.1916814357130074,1.2928977661324483,36.90557087584066,1346.7244742815728,14651.256895623546,3.897763869092958,0.2565573579070371,57107.13976456051,0.3308604889184646,0.02228881,21265.43287983,21236.82603135,0.0,0.0,1087.28730874,,,,,,,,,0.12517421678051804,0.05283666093205619,0.1244053737119792,0.05528728136810666,21241.22047111111,21250.34435,0.0030805526486427947
3471,material_r_nocable,3,False,1.137128191635131,1.2844298153015048,4.628498528023659,900.4362587108086,2816.9264858225683,1.5889900713405396,0.629330552806008,4476.0682176682585,0.4036506932821578,0.13462891,2069.82707865,1972.66507447,0.0,0.0,108.2068873,,,,,,,,,0.7388023295486472,0.05299898649770693,0.7041627928770552,0.05525433071013051,1968.1536888888886,2036.3333065217391,0.02400580314329503
3472,material_r_nocable,3,False,1.004810851336175,1.077843901885822,59.94420042231255,451.0612262576651,6488.432828961272,3.5565224347843163,0.281173539134625,23076.256922791832,0.3984023650761201,0.07279438,2363.81550581,2286.65545515,0.0,0.0,109.85229827,,,,,,,,,0.401731441590398,0.052922555540943904,0.4102869183543539,0.055710131604496185,2332.543977777778,2291.2229145833335,-0.010536063204947732
3474,material_r_nocable,3,False,1.3228357508718884,1.077162770870156,35.936289014534374,1182.173079742034,9716.993793764848,3.287985846451189,0.3041375622341339,31949.338063952862,0.2248347170501424,0.07023794,4577.65903753,4462.34046319,0.0,0.0,273.9330032,,,,,,,,,0.3876198931543738,0.05285961890533792,0.38827143177576506,0.055321021669376656,4493.549573333334,4504.85449375,-0.0008397292255457854
3475,material_r_nocable,3,False,0.8480246091869736,1.1265055766288852,5.952945759341946,1108.8676435815396,3275.063024038832,4.229269072130141,0.236447476607662,13851.122756844445,0.2687320863798051,0.17012253,2910.90249924,2653.75540851,0.0,0.0,136.20759924,,,,,,,,,1.1329819795321097,0.05430765733878066,0.7931438830228454,0.05537117384044822,2565.3200688888883,2819.801511111111,0.17643607986161297
3476,material_r_nocable,3,False,1.3696351880901585,0.9222278321351222,22.49707211271058,1632.6273386172993,11585.056171442548,3.5007757364435337,0.2856509743225963,40556.68355032149,0.3101637766444892,0.10090681,5463.14771338,5206.36893454,0.0,0.0,319.0630299,,,,,,,,,0.5350014260912561,0.052844482627468936,0.5710725389617185,0.05575447452253869,5264.1449,5154.4512625,-0.032611845147928045
3477,material_r_nocable,3,False,0.9982142902455928,1.3232555579680232,8.457627518582989,1772.3730956254717,16253.537254017294,4.358741373451244,0.2294240273329641,70844.9652940163,0.4770467633267802,0.01842069,31336.68015395,31308.04877055,0.0,0.0,1833.18031309,,,,,,,,,0.10305011958826495,0.05285149653770307,0.1021086919097049,0.05527662070670851,31299.885082222227,31333.10328125,0.004588775259937426
3478,material_r_nocable,3,False,0.904440498871646,1.017274926295145,37.24833471189268,802.0674384459055,16670.632487295657,4.186426798295316,0.2388671886982935,69790.38258934703,0.4291640090223655,0.13014115,4027.44019632,3187.80698276,0.0,0.0,135.19160994,,,,,,,,,1.416687587712274,0.057407938660374885,2.1435559143386946,0.06371169756639772,3171.7193840909094,3290.859043478261,-0.2041625316379876
3479,material_r_nocable,3,False,1.2316241590437456,1.3449574521671772,85.58635004890087,1361.276961655284,10178.478789311966,3.6128706240926407,0.2767882119363591,36773.52701585523,0.265335962896264,0.03071484,15655.96329815,15619.74436361,0.0,0.0,799.32776531,,,,,,,,,0.17118800614587665,0.05283260278166555,0.1718708055308409,0.05528740476686076,15650.101208888887,15613.053754166665,-0.0019903274940731644
3480,material_r_nocable,3,False,1.3395680374613166,1.1375763917685504,86.33978014627264,990.7181808822428,19419.52055481478,2.143891097698304,0.4664416028750746,41633.33723903663,0.4697520865972577,0.01958277,13744.76922824,13725.79450893,0.0,0.0,835.46493657,,,,,,,,,0.10935716318720967,0.05283486069113703,0.10932144493953311,0.05527768860953305,13733.188724444444,13730.746289583336,0.00016333672498894858
3481,material_r_nocable,3,False,1.3608248462096832,1.109416428709915,75.72086394020621,1731.9969770610785,17142.335048628665,2.540383985884912,0.3936412784666733,43548.11343820991,0.465703400842221,0.03736647,12636.7266048,12570.1953169,0.0,0.0,763.70589811,,,,,,,,,0.20811582474325838,0.052838704620374516,0.20802696295730636,0.05528146453031121,12595.821775555556,12587.756202083334,0.00021353676809595884
3482,material_r_nocable,3,False,1.178779447211237,0.9155989489302102,53.6130447831549,1438.9234302888424,7908.823112833793,1.9136403536511288,0.5225642310960107,15134.64305860748,0.1874270280225936,0.22218736,2880.76516062,2313.09426558,0.0,0.0,118.63511512,,,,,,,,,1.1572654214039542,0.05338081897175578,1.0905994525886036,0.055229330747894954,2302.6840219512196,2397.155638636364,0.029657462771301484
3483,material_r_nocable,3,False,1.2028962442195517,1.2073249820491676,85.74960661721171,627.8364526574327,8660.800047803874,3.162530138167789,0.3162025202325343,27390.04117182478,0.336595788462116,0.02810273,7354.88758596,7334.44975538,0.0,0.0,383.52939991,,,,,,,,,0.15668620538432063,0.052832863402973836,0.15719021206848832,0.05529014967052946,7349.643806666666,7332.75629375,-0.0016057488111335188
3484,material_r_nocable,3,False,0.825378532089807,1.1862489242638612,51.17482220889028,712.2104263385468,10845.309760884977,4.3499458910079625,0.2298879170122922,47176.51063107015,0.3519624435888638,0.02781397,9687.09639111,9653.48411945,0.0,0.0,540.75972119,,,,,,,,,0.15751623452124863,0.0528249752125842,0.1556830280428803,0.05535646434173526,9664.872708888888,9657.683477083332,0.005853163456899787
3485,material_r_nocable,3,False,1.1578190442036511,0.8973098041455245,42.023252266940816,1146.2773382288965,18873.25939011304,1.2885586926459636,0.7760608854739641,24319.302445692218,0.3232415831542914,0.13031279,4508.17064817,3949.26896854,0.0,0.0,193.04916352,,,,,,,,,1.2800108013993883,0.05219060186601054,0.7601404063147521,0.05548929070274912,3989.641290697674,3973.500347826087,0.2548195413746405
3486,material_r_nocable,3,False,1.3252712991563382,1.0594891616731796,66.49441791377728,1515.7609228625124,18730.84409165821,1.5638688000129737,0.6394398302413248,29292.582672851622,0.1376423330712016,0.06662951,6727.9287809,6649.38675802,0.0,0.0,400.45428665,,,,,,,,,0.3697675363352886,0.05286681694255024,0.36612437027289224,0.05524929107892313,6649.241737777777,6699.545566666668,0.004950680975944084
3487,material_r_nocable,3,False,0.9014666625386202,1.0128743215773286,59.09640990980335,1436.4643862090147,5965.579404210469,3.02089461193883,0.3310277677506245,18021.386679272666,0.3584756079363506,0.25006918,2709.61937676,2231.72818018,0.0,0.0,96.31582047,,,,,,,,,1.1627943680692383,0.05470883009008741,1.33655694460052,0.05857037264294018,2474.7900146341462,2264.707274418605,-0.06952307010640774
3488,material_r_nocable,3,False,1.1799066735360375,0.8875645014024902,55.34365585527861,1242.0579503998686,11150.034702891207,1.9557675142000497,0.5113082167176813,21806.875654117823,0.156938246033072,0.18175946,4272.83415287,3184.32752858,0.0,0.0,160.73974059,,,,,,,,,2.0292959487736244,0.05878055072460676,2.9293963423730123,0.058120954220054775,3106.853728888889,3193.2193958333337,-0.18151971139779088
3490,material_r_nocable,3,False,1.3441752643571547,1.0585374482670424,59.35211920211036,540.4653869108342,4997.119308822792,2.718362749155545,0.3678684900720657,13583.982982189784,0.4337347329120981,0.04988011,2871.48326469,2841.12678067,0.0,0.0,179.33688903,,,,,,,,,0.2768931059209108,0.05284422673876589,0.27686921242323015,0.05528472649129453,2851.010255555556,2850.8388916666663,4.314756871164112e-05
3491,material_r_nocable,3,False,1.2794114230533744,1.0255607611109403,36.0602504454261,1184.7442409144448,18092.179867107072,3.547015694161193,0.2819271427657109,64173.24593021595,0.3985263117691885,0.04199881,7463.29559904,7387.66415446,0.0,0.0,467.54433161,,,,,,,,,0.23336384767236598,0.05284703750529926,0.23388614413644113,0.05529915520348798,7408.560195555555,7415.26790625,-0.0011178094665197172
3492,material_r_nocable,3,False,0.9487117959117366,1.035018103055766,70.55369729176921,1280.0318698923822,10605.335944275195,3.2514189241999047,0.3075580302978262,34482.38998671384,0.2843008685573768,0.1713355,3480.09816612,2980.17966571,0.0,0.0,128.4114163,,,,,,,,,0.8430905704305199,0.0533052551348223,1.037000264301898,0.0580221249029698,3278.3100244444445,2885.4797444444443,-0.10313847091275041
3493,material_r_nocable,3,False,1.3203566927843524,1.2899392807659822,37.60455041987344,756.0473818961882,18116.222908751013,2.8724876907874544,0.3481302994638293,52038.62730894898,0.3958239868806532,0.01058325,22404.11987558,22396.85189778,0.0,0.0,1209.13847232,,,,,,,,,0.05931647127283154,0.052831028809224384,0.05913792555195672,0.0552748585302549,22398.418124444448,22399.896127083328,0.001507295006861722
3494,material_r_nocable,3,False,1.0651049274682598,0.9968579654485376,37.03838315694247,312.5425023530687,9465.835346866725,4.276660325494209,0.2338273147480891,40482.16247560563,0.4438504957138645,0.07795699,1170.3921669,1056.37599488,0.0,0.0,62.03229187,,,,,,,,,0.43626249469374234,0.05308522833502648,0.42990201287951296,0.055588095570588615,1080.798928888889,1103.6085,0.007343272275205118
3496,material_r_nocable,3,False,1.2444470281001152,1.2183580715405662,32.5691955884158,1359.047502270961,19065.01047076637,2.701915387164928,0.3701078149043307,51512.04514742412,0.2424367034320639,0.03172249,13562.07155429,13512.98967525,0.0,0.0,723.66619664,,,,,,,,,0.17749777786354773,0.05284369675196743,0.1767623759211905,0.05528910747068976,13520.036544444445,13536.819447916665,0.002075881056620538
3497,material_r_nocable,3,False,1.3765687035372058,1.210548095077668,11.72316026314264,1384.0699104053324,4418.51820910825,1.4659492554122426,0.6821518523291503,6477.323478667675,0.3719218458544607,0.12091136,3239.25593977,3103.42098777,0.0,0.0,179.71205728,,,,,,,,,0.6496103227800518,0.05282581276405591,0.6547201553570768,0.05529791110526352,3148.171513333333,3144.5679617021283,-0.0039175904133766665
3499,material_r_nocable,3,False,1.1104567346073568,1.0336630151586284,50.904358029387495,1690.397762418807,13707.624303921466,3.0718043638886665,0.3255415650019057,42107.1401553323,0.1034165685228336,0.15360845,3630.23722936,3091.42166615,0.0,0.0,156.53583856,,,,,,,,,0.816941246506512,0.053189959362367416,0.824306293863475,0.05597539705519741,3291.185073333333,3222.1509217391304,-0.004487468937990102
3500,material_r_nocable,3,False,0.9164291462052342,1.196760351909684,40.89143656441952,1066.9624114144765,5440.901387697062,4.13562138933022,0.2418016316919073,22501.508156196447,0.4912004360795398,0.06487686,5753.98410075,5665.12593071,0.0,0.0,315.11102495,,,,,,,,,0.36461423829246875,0.05299592309276829,0.3592442329704645,0.0555307744602858,5683.351077777777,5700.054914583333,0.00741858462005023
3501,material_r_nocable,3,False,0.81422439328753,1.0846408296734935,14.909113734287995,1668.893854483058,4195.827540627884,3.936690420523461,0.2540204824810761,16517.674085358307,0.1955538398970286,0.23239768,3721.59037694,3188.67806524,0.0,0.0,165.59093147,,,,,,,,,1.6287751929382914,0.05650583652607798,1.0087414403414747,0.05720977905615722,3053.7648380952382,3423.068871428571,0.23508240470347344
3502,material_r_nocable,3,False,1.298002201949658,0.8951532530990667,67.17616980811303,1693.033642994294,16365.953857640745,2.4212204833603885,0.4130148439071974,39625.582709850736,0.2908753139822804,0.11048411,6792.01966411,6317.00625139,0.0,0.0,343.38011623,,,,,,,,,0.6680295168251333,0.05277309059764671,1.4727227835413113,0.055424365184623445,6237.161415555556,6372.123845833335,-0.37589274881471996
3503,material_r_nocable,3,False,1.019948655659252,1.2429154781428242,74.87239150577446,1152.8613684643935,1920.7239210959776,2.386673603494465,0.4189931956074106,4584.141082080156,0.4538662921127847,0.19389681,2094.56728168,1928.64816102,0.0,0.0,99.05673852,,,,,,,,,0.945260350296929,0.05322626587593783,1.0645440102725956,0.05653848575020252,2053.560038636364,1901.7251199999998,-0.05935088126779903
3504,material_r_nocable,3,False,1.3869117905136237,1.248940240209048,80.86926955742905,1995.002083463228,19100.282668395823,3.947392048918223,0.2533318169585026,75396.30393731622,0.3948300909667598,0.02270497,28929.77263683,28884.17243796,0.0,0.0,1475.16778916,,,,,,,,,0.1268072739474308,0.05283284138680419,0.12692395099335715,0.055279484988497433,28913.666382222225,28884.656202083337,-0.0004598450425389461
3505,material_r_nocable,3,False,1.1972480021799383,1.2019984465153,55.39973238686817,1168.3581591892323,8721.16575108683,3.313063576438065,0.301835439293054,28893.776594004896,0.3405975561786155,0.05066949,7729.51518357,7660.8913591,0.0,0.0,394.36315575,,,,,,,,,0.282451235202056,0.05285765868217169,0.28226143335877785,0.055346121882972436,7692.953953333332,7673.188731249999,0.00033610339176889297
3507,material_r_nocable,3,False,1.0674249045333288,1.185164065602059,69.12762445460834,1664.1873566707245,2646.8775632511165,3.302764842771352,0.3027766273425932,8742.014159026094,0.2789979400579552,0.22134084,3086.67843831,2783.30112971,0.0,0.0,124.29684174,,,,,,,,,1.0505125568600981,0.053874513134686795,1.1931101761523855,0.05732127692233034,3000.5835113636367,2761.562369767442,-0.06355686149641714
3508,material_r_nocable,3,False,1.3806651137675727,0.9661615074335886,64.67258331206806,1507.872902770982,8283.719401507351,1.2928594449211877,0.7734792857246441,10709.684867315667,0.3318665623059914,0.10990953,4031.94601727,3936.28201687,0.0,0.0,250.59755226,,,,,,,,,0.608332974025925,0.052896179187603136,0.5860801910924095,0.05507237082014354,3929.1352199999997,4002.149155319149,0.018630724763746935
3510,material_r_nocable,3,False,0.8455012064357581,1.2722140943824751,68.3568869112695,1622.0434330110636,12952.312152350683,4.870499678354722,0.2053177427449917,63084.23217197397,0.4081904440070091,0.02575348,20593.96688493,20547.99939044,0.0,0.0,1273.48143063,,,,,,,,,0.14557814228671748,0.05283402746511973,0.14429989793284728,0.0553048747601444,20578.808753333335,20541.846347916664,0.004409593610133432
3511,material_r_nocable,3,False,0.834729199597413,1.0812546600074149,41.51637484248142,999.8667903778716,12930.68232548829,2.366824222404285,0.4225070837682117,30604.652140180657,0.2560542290140112,0.02350798,4272.70080842,3080.71360538,0.0,0.0,125.32974595,,,,,,,,,,0.21675335419702912,,0.2502822187011517,3107.9636733333336,3025.5906749999995,
3512,material_r_nocable,3,False,1.0435489625375876,0.9631220831683776,60.36375967233855,1746.623298470508,8880.347829881433,3.3943147881838422,0.2946102711160324,30142.69596318284,0.2791048014472549,0.23839659,2833.90555056,2152.43866844,0.0,0.0,83.10466683,,,,,,,,,1.1560308902797665,0.05349187624175975,1.221679381442707,0.056809327525058254,2442.835919047619,2243.3473933333335,-0.027609962384266037
3513,material_r_nocable,3,False,1.1826434137140005,0.8219430633130623,0.7333233895873571,1500.322402053666,7565.810218620197,2.1992833217852703,0.4546935768094895,16639.360229603968,0.4011133998419381,0.23637711,3311.31058481,2553.37472668,0.0,0.0,142.66450576,,,,,,,,,1.023448448273194,0.05285856763748014,1.508248932958786,0.05747720544004258,2706.2009500000004,2282.063386666667,-0.19149227244911765
3515,material_r_nocable,3,False,1.2004184805445424,1.3786843578060073,41.21992543798239,1886.670292135624,2732.8925732444864,1.802964225587424,0.554642175262346,4927.307541933368,0.2214200394320749,0.21621446,3106.82342854,2852.27586906,0.0,0.0,137.640992,,,,,,,,,1.0997072357212327,0.05415860851937613,1.0757239302264552,0.056949908819873205,2922.0099886363637,2952.932656818182,0.011024621633720899
3516,material_r_nocable,3,False,1.27328935173789,1.3301340985721284,7.821978234841612,1368.221468116937,10660.36376593948,3.396539765015506,0.2944172802862606,36208.3494405439,0.1564568403650825,0.03583288,13708.06211581,13664.46746009,0.0,0.0,679.61964318,,,,,,,,,0.20030959297892723,0.05285402272726595,0.19856636425813182,0.055277744468768306,13655.100355555556,13700.443725,0.004370352961031886
3517,material_r_nocable,3,False,1.2663760138419025,1.117799242412084,5.508156115568801,950.7188472201076,7527.945744499209,1.897479363542916,0.5270149542669229,14284.121700057962,0.1819785048341356,0.09277773,2844.08309252,2737.16445338,0.0,0.0,163.61272646,,,,,,,,,0.5076810944912132,0.052862752535247914,0.5093713533669377,0.05534696776750624,2766.9473866666667,2776.2712666666666,-0.001661919087146462
3518,material_r_nocable,3,False,1.0873421172317912,1.1083149819678415,48.47039901195307,567.2833511164313,13480.165224228558,1.9756818674635064,0.5061543644594245,26632.518003920493,0.3793296088060734,0.04373371,3899.86308608,3858.53645819,0.0,0.0,216.98861791,,,,,,,,,0.24418769552804565,0.05285534915666641,0.2436826551325084,0.05532525024713569,3873.053506666666,3870.5781,0.001035193868316557
3520,material_r_nocable,3,False,1.0629763274111217,1.230291189443698,85.68952245234519,1477.583139251159,10317.0152577709,2.528927606432462,0.3954245259755347,26090.98470136175,0.2507796330232786,0.0739632,7131.58315301,7018.14039645,0.0,0.0,363.48680911,,,,,,,,,0.4032223421983734,0.05283083319643606,0.41585764049645046,0.05549136014086157,7116.665537777777,6991.518025,-0.015426208142098854
3521,material_r_nocable,3,False,1.330935221546449,0.9599514190041862,89.27888280701798,354.6309342007878,13545.13822756925,4.911430207568065,0.2036066802820676,66526.00105656858,0.4229953340538106,0.0189208,5009.89566841,5003.79137521,0.0,0.0,336.85107083,,,,,,,,,0.10569030012625842,0.05284736301869847,0.10518097143219877,0.055282167029576244,5003.835588888889,5007.604125000001,0.0024153536434594488
3522,material_r_nocable,3,False,0.8839128286549248,1.3001339772322271,19.621843307466097,1699.4932242915156,18417.66517321819,4.327146516225117,0.2310991773101254,79695.93569129174,0.2340164440525931,0.02161236,27643.84283224,27599.92278164,0.0,0.0,1623.03181067,,,,,,,,,0.12128254522599394,0.052857360670265356,0.11983544073747088,0.055282023305824414,27591.57734,27624.433702083334,0.006001644724845749
3523,material_r_nocable,3,False,1.0035564725283312,0.8930687541140931,13.773487089366412,610.2149758836473,4714.88695110249,1.1730178942684244,0.8525019139828806,5530.646763095914,0.3713753836601344,0.28199686,941.4878104,709.97660618,0.0,0.0,27.00446135,,,,,,,,,1.2470337173670243,0.05302994418157233,1.440569473922912,0.05645562936950709,816.526956097561,688.8270488372092,-0.07201053979363625
3524,material_r_nocable,3,False,1.1225649816570753,1.2567514521483525,88.4715030575908,1503.842719085045,11236.326446475972,3.376294763247087,0.2961826706855029,37937.15013937157,0.4154617218319342,0.03865801,13138.54865047,13080.26770262,0.0,0.0,695.72579194,,,,,,,,,0.21464446870957532,0.05283071960853604,0.2164254644860051,0.05531217080704953,13128.937997777779,13070.195995833332,-0.004131570400252747
3525,material_r_nocable,3,False,1.2806297323789204,1.135576907567453,78.16548922789896,1461.2134928865066,17603.68356268972,4.3827009746065055,0.228169798896623,77151.68110686475,0.3481841167919185,0.03105233,15279.52670589,15214.63398848,0.0,0.0,784.36250685,,,,,,,,,0.17317160254058792,0.05283466824451439,0.17350725533970343,0.055294045287776594,15256.985935555555,15214.839537500002,-0.0009681951797343723
3526,material_r_nocable,3,False,1.0206805032884791,1.1388797276849951,60.421744880502914,1005.1397295355032,3297.9896720964025,4.299580523099204,0.2325808284383948,14179.97215952802,0.3343646306358409,0.13556637,2955.77795268,2784.02266516,0.0,0.0,130.93315234,,,,,,,,,0.715977480248666,0.05326618188893868,0.7559809018327871,0.056422433307981405,2889.983757777778,2784.570532608696,-0.02717700586585431
3527,material_r_nocable,3,False,1.233561446550182,0.8985455653658929,21.97402296071018,1388.6982692358365,12274.213500807848,2.123994406208795,0.4708110327771254,26070.360816328342,0.3334784516863008,0.14161144,4207.99631038,3790.28907932,0.0,0.0,202.92861258,,,,,,,,,0.7149095177588081,0.052860463614627116,0.8328547619661472,0.056413916078011134,3881.262640909091,3697.402641304348,-0.07620362205819772
3528,material_r_nocable,3,False,1.1718332433826428,1.3163457742477682,46.28268681653877,584.2165803252461,15981.990082713104,4.626927026283088,0.2161261663128761,73947.50184749355,0.4799582414713819,0.00575421,34862.17629612,34859.12152178,0.0,0.0,1840.29822605,,,,,,,,,0.03238346161360004,0.052823073654472495,0.03218396564171405,0.05527049716468973,34860.13325333334,34860.056970833335,0.0030897308498468966
3529,material_r_nocable,3,False,1.2567686215062377,1.2061192219309451,63.03899517400564,1487.3070774542248,15331.418008121518,4.935320757893557,0.2026210755198837,75665.46554342522,0.4074560068212477,0.02343764,22482.35674171,22440.96956935,0.0,0.0,1097.3228059,,,,,,,,,0.13133363501448253,0.05283254617813978,0.13105528807820707,0.05528570331809955,22465.05518666667,22443.78038541667,0.0010608181663870463
3531,material_r_nocable,3,False,1.2725739000771088,0.9256498216555406,5.050848935998362,1197.3481493172917,7374.522757956724,2.11045540945554,0.4738313804308153,15563.601446682756,0.4847601885317663,0.12685041,2727.36787518,2608.23204153,0.0,0.0,162.75234526,,,,,,,,,0.6617924930949812,0.05282976500067483,0.7125086481162198,0.055865434261105185,2696.5850333333337,2593.6183425531913,-0.03690323285080108
3532,material_r_nocable,3,False,1.2279309519641215,0.8712404517436954,8.620879271787247,1971.6128660994063,1555.6770793503397,1.68722448078549,0.5926893613672843,2624.776452476764,0.2365309699693709,0.5100054,2026.26853669,1487.1188113,0.0,0.0,79.38045042,,,,,,,,,,0.052878535697887995,,0.1455763081466643,1707.9557181818182,1512.4244710526314,
3533,material_r_nocable,3,False,0.9432794905430952,1.2367525760575542,84.69309670563632,922.1685834029456,12007.34186612398,2.9557095708720222,0.3383282342266701,35490.21527443498,0.2157371754279964,0.03754496,9489.88072926,9442.47775978,0.0,0.0,499.59408368,,,,,,,,,0.20946617034208576,0.052837795224859097,0.21106496365785324,0.05536143305545905,9476.348208888889,9429.496677083333,-0.0038018429231632457
3534,material_r_nocable,3,False,1.136185060038832,1.2980150190699196,25.46576901449152,522.0574941757525,14795.0093720956,1.847956880132896,0.5411381676438711,27340.539360794737,0.1371679272198922,0.01977146,8840.0421272,8830.80311986,0.0,0.0,476.76534444,,,,,,,,,0.11089120334488868,0.05283857886739738,0.11020346514534761,0.0552802032618381,8830.308762222221,8836.808583333333,0.0031106050825981018
3535,material_r_nocable,3,False,1.2170158210697275,1.2827051505058094,33.47413282037868,1097.267153288023,4503.058292714202,4.601123818938732,0.2173382067841534,20719.1287686769,0.2981940920819318,0.05435851,7464.65265839,7405.6089244,0.0,0.0,361.7013147,,,,,,,,,0.30420109725395844,0.05289908467560139,0.3009726817487403,0.05536416613342125,7410.861764444445,7436.974706249999,0.0053346916492952225
3537,material_r_nocable,3,False,1.3482170527957038,1.0633503305774556,32.70504497742128,933.6386546241916,19136.64375048025,3.2058723678216654,0.3119275770418404,61349.6374125118,0.3098986187475255,0.02588082,9432.33321646,9401.34005664,0.0,0.0,602.58702474,,,,,,,,,0.1441168830636652,0.0528376148477602,0.14449147119173353,0.05528267346174169,9410.119486666666,9412.475220833332,-0.001297911590379085
3539,material_r_nocable,3,False,1.107005658423552,1.231761132008097,49.39224749359959,752.5996103219946,13919.893473555232,2.7698992204672,0.3610239652803432,38556.7020813871,0.2659619420787421,0.02537232,10286.94934665,10266.08296107,0.0,0.0,536.00384905,,,,,,,,,0.14261012417186006,0.052834930753092084,0.14178911097452596,0.05529499379155089,10274.127004444445,10271.192695833333,0.0028868333521062774
3540,material_r_nocable,3,False,1.0915755673119345,1.3889048025512416,84.39710820081278,1812.0659611381643,13629.552101128516,1.855752954953604,0.5388648296804147,25293.08158636334,0.1008730325593034,0.05601357,11397.73902922,11309.15191578,0.0,0.0,619.86642073,,,,,,,,,0.30952702388454734,0.05283514800905732,0.31389787027253235,0.05535982332461285,11371.36248888889,11286.020329166668,-0.00701102318651351
3541,material_r_nocable,3,False,1.2786109813656246,1.215199229557799,54.53629040790199,747.9513455605871,5109.902392288836,2.784109434879434,0.35918128341938,14226.527461684342,0.1250042213003987,0.06914575,3476.08855297,3415.21245109,0.0,0.0,178.82040045,,,,,,,,,0.38278222778365745,0.052874658415773504,0.38310880523332513,0.055371787814808164,3441.207088888889,3428.384202083334,-0.0004264019757239345
3542,material_r_nocable,3,False,1.260909490499749,1.3689660592026067,71.95581551091847,382.16706668703534,7088.016533204952,3.265170068497972,0.3062627609042169,23143.579429239573,0.173733292114035,0.01369302,9927.2546187,9922.85242647,0.0,0.0,504.88553695,,,,,,,,,0.07689170208058768,0.05282878267352055,0.07663335146873564,0.05526919765334753,9926.089411111112,9922.405097916666,0.0016827912179756693
3543,material_r_nocable,3,False,1.2967240412827972,1.3073467182805023,39.538378484671945,1611.487667790226,3645.953691436308,1.3921538539370963,0.7183114116101024,5075.728482809239,0.11737245116432,0.20378666,2581.9203736,2318.09436755,0.0,0.0,111.83270309,,,,,,,,,1.0389936776001012,0.053066714914433294,1.0289488922547976,0.05556499805849219,2390.0824022222228,2404.737051111111,0.004857381192171324
3544,material_r_nocable,3,False,0.8381899679981741,1.3461142963735244,40.663650734275706,1573.1918049405438,14295.092009198226,3.759763777246513,0.2659741566882045,53746.16912858957,0.1345851583153045,0.02446012,22092.78529681,22054.47320612,0.0,0.0,1369.30300116,,,,,,,,,0.13827079789402721,0.05284203649458627,0.13634638616699146,0.05532508236711001,22057.798968888885,22063.73456458333,0.007007615832985006
3546,material_r_nocable,3,False,0.9339259232514404,1.254602135092263,34.47681092640112,1538.6674570045104,5042.194268718109,1.1551157511055332,0.8657141061776054,5824.318019930333,0.4208188248085344,0.19923722,2530.69047136,2333.13209821,0.0,0.0,131.49466847,,,,,,,,,1.0623428062552345,0.05423382543285653,0.9908892136179556,0.05673312210656101,2363.5700659090903,2434.8902113636364,0.03480054467575075
3547,material_r_nocable,3,False,0.8255779643923408,1.2560246609489365,34.64972625970782,836.4155344016244,15036.794942622051,3.727318733087549,0.268289371424816,56046.927475231285,0.3237222945945102,0.01775297,16293.1610017,16274.56784324,0.0,0.0,980.78183125,,,,,,,,,0.10010922868862847,0.05283183904297561,0.09901459382183077,0.05529357852573871,16274.920079999996,16282.060214583333,0.005497257199048612
3548,material_r_nocable,3,False,1.0465819164781447,1.0151195979517225,64.70823140709479,401.4388119919438,1804.530253977529,1.8092752580547804,0.5527074974070764,3264.891940932853,0.4521929319367669,0.22331877,628.09679094,515.41562926,0.0,0.0,22.97504051,,,,,,,,,1.101070653255068,0.05313455892175283,1.1375235068958967,0.05606092054374693,563.9413272727272,534.0819577777778,-0.016283815213013128
3549,material_r_nocable,3,False,1.1988055012939771,1.313209421766083,81.50984076146514,268.00761049498453,12570.49482770369,4.387035369872956,0.2279443669105769,55147.20542594114,0.1589503151429849,0.00523597,19620.91478411,19619.56245036,0.0,0.0,955.44382138,,,,,,,,,0.029366497217322683,0.05283188363193065,0.02930992847494722,0.0552625266871961,19620.7208,19619.25003125,0.0009640795550863883
3550,material_r_nocable,3,False,1.0512443774770608,0.9547146558224036,69.79933144065203,1938.555541891192,18631.27301684156,2.629803747478789,0.3802565119008241,48996.59159999038,0.4894430879115471,0.18591292,3474.78538723,2795.47680578,0.0,0.0,136.47255727,,,,,,,,,0.9626091212646344,0.053249059857018284,0.9845263522651851,0.05628008966102647,3018.4322613636364,2970.3755478260864,-0.01125614077628539
3551,material_r_nocable,3,False,1.3890003517504044,1.0329139709102098,83.52207258038253,456.1400652244536,6411.303992342754,3.237891603072943,0.3088429517068895,20759.10736155464,0.4381377543344243,0.03018636,3886.95338769,3871.3717953,0.0,0.0,254.2757537,,,,,,,,,0.16838225690674305,0.052841800049653775,0.1680232726528377,0.0552798082534542,3876.314044444444,3876.5084083333336,0.0010671175779284215
3552,material_r_nocable,3,False,1.0981587629546237,1.011938535142971,43.49741878896504,753.7723663431073,18575.15549137145,2.395385661270754,0.4174693103362317,44494.66111990588,0.3419931232441676,0.07958383,2654.96835455,2502.85210299,0.0,0.0,150.17837702,,,,,,,,,0.43974943060932375,0.052953866205126196,0.439749115013939,0.05548432289926828,2548.9576533333334,2553.92999375,3.588355959660475e-07
3553,material_r_nocable,3,False,0.9687608542875088,0.9694500221602276,50.34757805346532,791.3816526660146,19259.20240828073,1.3121289613609703,0.7621202103204681,25270.55725261809,0.2831661732410006,0.19700387,1476.5500099,1142.06493184,0.0,0.0,43.70062594,,,,,,,,,1.0438636339612597,0.05380449322547424,1.0475258515008565,0.056997932769433775,1239.5691409090907,1217.424871111111,-0.0017510930245437407
3554,material_r_nocable,3,False,1.1505887025616774,1.3222523887926534,13.927861281644866,718.7239092762626,7643.686029210482,2.4250717826632164,0.4123589277434909,18536.487304975384,0.3149252397881206,0.03148582,7428.14343609,7409.04479785,0.0,0.0,408.16511469,,,,,,,,,0.1762145437073686,0.052853216251750317,0.1747785335441757,0.05528254005503885,7406.060933333334,7423.759077083334,0.004091277738118412
3555,material_r_nocable,3,False,1.0136603533157762,1.3470140486200215,47.761357135754565,1009.0771707969748,17253.74698962162,2.761813765479008,0.3620808949898765,47651.635942028974,0.1635646468187193,0.01913162,19059.22388466,19039.67975717,0.0,0.0,1051.11464501,,,,,,,,,0.10809811956577965,0.05282347764756337,0.10697295772026486,0.055291583864746044,19044.415142222224,19042.855670833334,0.005231581390269094
3556,material_r_nocable,3,False,1.3902541592392077,1.3454634438946345,15.19167129847181,605.2799740110927,13225.509127505147,1.7306383870585909,0.5778214602645035,22888.573784454184,0.27066332689363,0.01546418,11035.65232298,11027.79776415,0.0,0.0,648.97436245,,,,,,,,,0.08645388276988457,0.05283398980893975,0.08634400908998031,0.05527611207710641,11028.913871111114,11031.67360625,0.0006358508123082854
3558,material_r_nocable,3,False,0.9890431160061028,1.1819721858300083,76.5368218506525,876.0429929900847,16118.258147334302,2.742459145160644,0.3646362432653207,44203.66446021701,0.1464514264751281,0.04114951,8831.23710499,8769.67609035,0.0,0.0,426.24274388,,,,,,,,,0.23021335688019637,0.05284313766879897,0.23174298953066114,0.05541609216665006,8811.103295555555,8755.768739583333,-0.003311206053015959
3559,material_r_nocable,3,False,1.3738610361584465,1.054173492463133,82.4040076208976,214.4952832180656,3549.0385938003915,2.6939657090237548,0.3711999735744157,9560.988271700142,0.3162564541270418,0.0318667,1734.65744089,1727.36099997,0.0,0.0,114.20496665,,,,,,,,,0.17772211178731143,0.052843690569997104,0.17723782080062417,0.055278950044652095,1729.131728888889,1730.2841583333332,0.0013643539516034892
3560,material_r_nocable,3,False,1.1023383550981,1.3550222635961138,23.13127341426585,896.2010563670317,5714.004841778411,1.2037117680554246,0.8307636649722904,6878.014870774347,0.1963442562787526,0.09453107,2953.28501383,2893.09884288,0.0,0.0,166.33586899,,,,,,,,,0.5259019005741725,0.053006669363439285,0.5113601922019023,0.055416460025684504,2890.110273333333,2932.729382978723,0.014019319199597395
3561,material_r_nocable,3,False,1.2854636129934536,1.3557800323741078,21.00164752508637,1060.255081844577,9715.759079592082,3.1867525137011063,0.3137990778074562,30961.71966940441,0.4589284613764134,0.01984259,17219.79894499,17202.6925307,0.0,0.0,927.18004183,,,,,,,,,0.11111907016409994,0.05283763237775425,0.11061078903823236,0.055278919823170465,17202.426382222227,17213.631222916665,0.002292344060904149
3564,material_r_nocable,3,False,1.2929009034442105,1.1034423134725455,63.17540079000009,1523.2675350522863,5734.564622253178,4.246501640860181,0.2354879579882695,24351.838078016863,0.4870512587882228,0.08440118,5821.56182491,5657.4965063,0.0,0.0,290.77251508,,,,,,,,,0.4629270744797399,0.05286554572131774,0.4656944179120405,0.05538673893188131,5738.749786666667,5683.048537499999,-0.0029800553346799883
3565,material_r_nocable,3,False,1.057697468403099,1.1554402653111004,31.89720366482732,855.9510702994439,19392.63493117321,2.8207132825609,0.3545202577598064,54701.06293421475,0.4732933993304555,0.02451049,11486.25214455,11457.1569801,0.0,0.0,615.57941572,,,,,,,,,0.13752409713156485,0.05284284782415438,0.13666902359268399,0.055285741030394395,11459.611217777776,11472.908570833335,0.003118508358715537
3566,material_r_nocable,3,False,1.0421512850766783,1.0685388569998735,27.05948322629425,1448.261109527056,14227.126411445226,4.464117884247161,0.2240084213566063,63511.56945477776,0.4579269450993666,0.07796312,6814.95827292,6555.33393959,0.0,0.0,317.3529463,,,,,,,,,0.4402255651000983,0.05306556980050333,0.4245867852678972,0.055408408350338285,6554.0103,6719.868906250001,0.018083437205246262
3567,material_r_nocable,3,False,1.340021650954541,1.2042713457697316,38.199278087604114,953.0833498688208,11028.290844569374,3.5887552887900305,0.2786481438630372,39577.83709476301,0.2131464268932085,0.03109195,9807.10593057,9771.18437793,0.0,0.0,510.99526197,,,,,,,,,0.17382279280962368,0.05284095988897518,0.17335941618208206,0.05528803706809324,9779.152255555557,9785.946977083333,0.0013346784931387067
3568,material_r_nocable,3,False,1.186181121227757,1.2919445458976777,30.946558120151074,1266.7168148128114,3408.898153525716,1.5083822885308904,0.6629619080014283,5141.921598183845,0.3080441425890957,0.16376224,2458.15103272,2294.0364369,0.0,0.0,119.74321666,,,,,,,,,0.8730018797076352,0.05316753304997957,0.8487949894700815,0.055637659833060106,2321.247957777778,2367.992213043478,0.014059085987950649
3569,material_r_nocable,3,False,1.2495465804642838,1.2185598556078705,77.32154033313385,411.86632451950766,1679.8931959921947,1.690742881543326,0.5914559871381452,2840.267462876871,0.4724799647637817,0.09526346,1251.29508455,1216.69990899,0.0,0.0,69.24103359,,,,,,,,,0.5193172339422029,0.05284996990798154,0.5230114475490251,0.05535389185639549,1233.0526177777779,1222.93344375,-0.0035441926068243723
3570,material_r_nocable,3,False,1.16976878939195,1.2751138375761462,21.0547749349774,1003.0579054818248,13393.962062538394,3.385721972446968,0.295357979225113,45348.23165325735,0.4534517297987875,0.01840022,17987.2388655,17969.64595327,0.0,0.0,962.86586497,,,,,,,,,0.1030965416905673,0.052838651361844305,0.10254702594316153,0.05527851065810136,17968.611973333336,17981.581370833333,0.00267217571514079
3571,material_r_nocable,3,False,0.8935551357486352,1.0360749832310985,6.95872580683288,1189.9793431724504,2005.4711007275,1.584983030571152,0.6309215813115979,3178.6376629539373,0.4822175338822323,0.37144117,1426.19714181,1124.32803741,0.0,0.0,43.15766918,,,,,,,,,1.7666409089948014,0.05398516698865452,1.3774557200399271,0.05557114055045373,1088.0862499999998,1312.4347585365852,0.12378283331398703
3573,material_r_nocable,3,False,1.186953598415358,1.0648567045711743,37.70253131891379,479.2620493900152,14805.842884346348,4.802004263508646,0.2082463790378514,71097.72065547032,0.1454165868041306,0.0280106,5206.70002794,5171.39941027,0.0,0.0,283.01555111,,,,,,,,,0.15664832271398663,0.052848275696058024,0.15626761450044463,0.055296927551578744,5178.6284377777765,5186.440002083334,0.0012166469273858364
3574,material_r_nocable,3,False,1.138153478168289,1.0283739724453405,45.38893551475292,1324.0085695330115,10497.29542921102,2.57744555672186,0.3879810370356983,27056.207461616632,0.1143017127944225,0.15715564,2611.27331685,2246.56802338,0.0,0.0,120.40521043,,,,,,,,,0.8357930444651565,0.05310183476728644,0.8346671651498582,0.05573357459050051,2356.5753799999998,2354.0424956521742,0.000673993495216364
3575,material_r_nocable,3,False,1.0585064573847442,1.2941151806593296,70.97906559593049,470.1543335083773,11747.414153045742,3.8476837328611695,0.2598966207797935,45200.33433985718,0.2484080039196687,0.01114943,15425.86433041,15420.39567502,0.0,0.0,812.16389932,,,,,,,,,0.06287593243777814,0.0528252117508962,0.06241463586019801,0.055262119278141855,15424.262857777778,15419.56955,0.0036818140730516652
3576,material_r_nocable,3,False,1.395480768013114,1.0021527396661731,69.07334737840186,857.6387235406023,4303.772362456437,2.580580886390406,0.3875096515183264,11106.232697930363,0.4090889728498297,0.09267329,2411.11656827,2340.20630235,0.0,0.0,156.35379851,,,,,,,,,0.5112050301592881,0.05288710547316256,0.502771388425396,0.055235370557914866,2352.862395555556,2372.9652270833335,0.008317394348937414
3577,material_r_nocable,3,False,1.2819505291686644,1.0318528269219227,15.128222013357028,917.7440009954504,1628.8225944215974,1.0010952541889142,0.9989059440804148,1630.6065691911358,0.4222514396677251,0.27345931,1161.42316644,999.28782517,0.0,0.0,46.80771292,,,,,,,,,1.2157635994758813,0.052617515098254575,1.3662585851762392,0.05514798032464772,1082.874087804878,1012.5724627906977,-0.058285705907145144
3578,material_r_nocable,3,False,1.2416099562404928,0.9209176043412104,54.36013385513338,1054.9571379045956,18242.13863779986,3.635182085356742,0.2750893838380764,66313.49557472409,0.402164290926251,0.08387614,5788.9193668,5374.97488862,0.0,0.0,273.89095017,,,,,,,,,0.770205351614832,0.05583740712418919,0.6815587162779089,0.05780137957641169,5315.5390355555555,5383.2671,0.06106132345980646
3579,material_r_nocable,3,False,1.139052220042753,1.2252917049455962,75.28540792829011,1889.9831785606823,14569.300011332143,3.1315791937672084,0.3193277059671053,45624.9167832401,0.2608922715131112,0.05437126,12246.50874413,12132.00264738,0.0,0.0,616.69149304,,,,,,,,,0.3014069277056808,0.05284496740439029,0.30422182496801037,0.05537969683988277,12219.519500000004,12118.668035416667,-0.004647892376150499
3580,material_r_nocable,3,False,0.8907176448393057,0.9901008998550098,40.12997235544151,1409.072232283466,7398.652059312101,1.6060035416160003,0.6226636331036826,11882.261410439747,0.3859401173106273,0.29247914,2112.37626771,1688.5682755,0.0,0.0,66.07875654,,,,,,,,,1.4194976356412574,0.055175707005621834,1.3345575768061393,0.0580173179027998,1780.5569974999999,1861.0534000000002,0.030841814082454785
3581,material_r_nocable,3,False,0.995450676950995,0.9702206882976656,0.2434781611565845,515.1344627961298,3846.253272175834,1.1329091771524036,0.8826832902117765,4357.455629700464,0.4247332886312995,0.24962925,752.5172488,582.29466471,0.0,0.0,23.39018781,,,,,,,,,1.2200469849964453,0.05326540731227077,1.2267153123976478,0.056043319327802814,633.4736547619046,626.61344,-0.0027253678905811755
3582,material_r_nocable,3,False,1.1014647457135218,1.0062303989876835,45.660446745930166,1889.6713315857533,13367.764800225768,4.974174373658721,0.2010383884601248,66493.59310238011,0.4002831304899306,0.13653805,4761.92242606,4097.08558537,0.0,0.0,202.8344277,,,,,,,,,0.7383595781307948,0.05318595275397949,0.7368498763354641,0.055900971955378444,4313.832346666667,4299.301956521738,0.0010233813176563058
3583,material_r_nocable,3,False,1.3488624363459452,1.399377468360528,28.948975108841864,1266.4425359345926,15680.115512899753,4.779166231020037,0.2092415186375649,74937.87855774393,0.4785606226833555,0.00903256,48773.2796717,48764.00138121,0.0,0.0,2476.974636,,,,,,,,,0.0506728161761552,0.05283069080294195,0.050434984235448996,0.055274738743930504,48764.48186222223,48769.318999999996,0.0023522610494739354
3584,material_r_nocable,3,False,1.1691686234661365,1.1916587713778055,63.28707077801083,1566.2569238642286,14898.90526636242,4.821330148553665,0.2074116414326006,71832.54114115812,0.324543163959514,0.03348631,17210.07998702,17141.63868619,0.0,0.0,831.48954849,,,,,,,,,0.18754630437126418,0.052838801266469476,0.18727469086897844,0.05531509674835299,17184.222491111108,17143.29103125,0.0007246485808823308
3586,material_r_nocable,3,False,1.0833500088695769,1.2733771616096567,53.15197334250538,1111.401424989696,17772.24054166488,3.4351890675252683,0.291104792296165,61051.00641415655,0.3488770052809357,0.0187802,20531.56669392,20511.2044917,0.0,0.0,1095.74185813,,,,,,,,,0.10576636746044563,0.05282689954592486,0.10504208937670252,0.05528352332092253,20520.69258444445,20514.61215416667,0.003435716453740835
3587,material_r_nocable,3,False,0.8699816501345061,1.08677218353506,6.483838455449372,1334.5375700150782,12331.180748187297,2.656781844746032,0.3763952249137687,32761.2571360658,0.3023987460678449,0.14437334,4839.49866065,4238.93707099,0.0,0.0,200.73404967,,,,,,,,,2.306103362844873,0.0674169449327832,0.6993048973422805,0.055974985311757944,4063.922222222223,4487.36619787234,0.5346356722272845
3589,material_r_nocable,3,False,1.000169485542807,1.1351241935475906,28.280544638832943,1092.1160075146854,13775.520854231976,4.428287290810795,0.2258209403159354,61001.963923094525,0.429650960099731,0.04020659,10176.61187199,10099.63203977,0.0,0.0,505.62666942,,,,,,,,,0.22632312116965636,0.05289830412383343,0.2229106045516028,0.05532199456740508,10097.464982222222,10147.90621875,0.007596305492368481
3590,material_r_nocable,3,False,1.0230083421877951,1.1119479860271684,16.049258135999157,1082.0527867830965,3865.144033982241,4.317900717903811,0.2315940234229065,16689.30819913355,0.1319028324157137,0.16294692,3010.89843272,2724.1052846,0.0,0.0,119.16179679,,,,,,,,,0.9560454810316582,0.053913692645400704,0.803046797511819,0.05575655424274473,2664.540735555556,2905.9386400000003,0.0869759280886172
3591,material_r_nocable,3,False,0.8721761662675386,1.249264757907374,75.61502919603312,1366.0562232949987,3736.001164739905,3.151227581181628,0.317336648730723,11772.989913655074,0.2805519781539896,0.13011303,3939.02472941,3756.72039617,0.0,0.0,214.00978224,,,,,,,,,0.6774109431034095,0.05315602943363315,0.7533906610700959,0.05645966680681178,3877.687755555556,3710.620878723405,-0.053102902418519164
3592,material_r_nocable,3,False,0.878861009095322,1.1763284251439765,58.341142868496085,913.9769134651614,15582.518438283054,4.6397667744968585,0.2155280747076864,72299.25131293038,0.1756476311256954,0.03642807,14378.76070503,14064.34161215,0.0,0.0,722.40354647,,,,,,,,,0.6412028975434938,0.060157323717736425,0.9902817172349195,0.09284479441732177,14072.424415555552,14049.260808333334,-0.2139639053469329
3593,material_r_nocable,3,False,1.3652725511496946,1.097707425753006,10.873433025183804,624.5208213550609,1964.0524646520887,4.884429766630678,0.2047321893809947,9593.276321571013,0.1777007682102527,0.12684521,1581.26649493,1464.75450404,0.0,0.0,75.57274688,,,,,,,,,0.6890341582504482,0.05294004105195399,0.6778700593036574,0.0553473568124206,1470.039266666667,1530.7756239130435,0.008167433243250578
3594,material_r_nocable,3,False,1.3517438757787743,0.9135923137083362,73.8559932224612,644.196466459013,7445.182705159111,1.0268605987539003,0.9738420202445242,7645.164770451868,0.2598780513559612,0.06955355,3163.07594314,3116.81761907,0.0,0.0,187.53785812,,,,,,,,,0.3908468328728619,0.05294393614279218,0.3764242633129863,0.0551860279221839,3105.209066666667,3139.2103812500004,0.018797227774604207
3596,material_r_nocable,3,False,1.125317495704887,1.1525444465066397,84.95267910647239,598.5193500063606,17837.671284398213,4.44255441845463,0.2250957232726158,79244.82537944456,0.4462540296445914,0.01245327,16817.0669755,16806.22009924,0.0,0.0,846.489399,,,,,,,,,0.06962677070501637,0.05283288048959092,0.06970740312029117,0.0552756684762855,16815.01611333334,16804.599152083334,-0.0005786980541894338
3597,material_r_nocable,3,False,1.205742560799216,1.3620634573434485,17.592972832972926,1231.1437265457257,11799.030829270954,2.749722276428707,0.3636730911235091,32444.05791151542,0.1180435460138288,0.03319474,13265.09704499,13229.88088752,0.0,0.0,680.79767814,,,,,,,,,0.18590226390987116,0.05285686433468954,0.18416643635541763,0.05528915936352413,13223.568422222226,13255.200531249999,0.004690554897534382
3598,material_r_nocable,3,False,1.3658603951922037,0.9262789574607286,48.60423300927189,1451.2091874294006,15168.578912494964,3.540296607887763,0.2824622088928947,53701.26847038377,0.3735552051448275,0.06839224,6567.76272294,6442.06115022,0.0,0.0,408.9404703,,,,,,,,,0.37731115530672027,0.05289224151966304,0.37823029096988003,0.05535062498725859,6444.84106,6456.263310416667,-0.0012165258010521812
3600,material_r_nocable,3,False,1.021523980953282,1.3670491908152127,35.438282234483005,639.9439175558405,16589.22845311665,2.215860517781294,0.4512919436830275,36759.41634971524,0.3541076362658458,0.01213273,16637.65991424,16631.79639263,0.0,0.0,997.62881699,,,,,,,,,0.06825694970791699,0.05282706712975904,0.06777015604757643,0.05527660615333663,16632.334315555552,16634.712291666667,0.003578651899096958
3601,material_r_nocable,3,False,0.936182410746414,1.1828706516867613,0.6434115504406024,844.8396889824288,7810.686241058862,1.869799703261892,0.534816642796277,14604.4188158036,0.1002078268563115,0.11090707,3501.09070916,3332.36227323,0.0,0.0,162.00129928,,,,,,,,,0.6698800727991826,0.05361095354516752,0.5536162985362977,0.05521739761265035,3278.144242222222,3414.9593723404255,0.09502584313836565
3602,material_r_nocable,3,False,1.229838016374618,1.0630620643350916,7.7562839872394,1826.469062896142,10097.395289206775,1.3573748235902112,0.7367161837841026,13705.950149407678,0.3107584351835735,0.14691359,3671.76847715,3402.07397304,0.0,0.0,192.00134823,,,,,,,,,0.7687727213919695,0.05283845998632261,0.795202486794124,0.05551577108660094,3529.264062222222,3440.7043717391316,-0.016899094860210635
3603,material_r_nocable,3,False,0.8910452317048975,0.935758749616076,34.165286949728525,1113.99367225776,1156.9458104772104,1.7572308546014428,0.5690771917539599,2033.020875272428,0.3462189826193075,0.53204142,1290.66279607,919.28747975,0.0,0.0,32.44628775,,,,,,,,,,0.11314233716578513,,0.08765066600533239,991.0133303030303,1060.6511363636362,
3604,material_r_nocable,3,False,1.177950187445866,1.0426657237728882,4.924694480764201,620.7425425218196,13940.495867676553,3.2304472929756995,0.3095546558442247,45034.03713847465,0.281676055148392,0.04641165,3666.11403848,3605.1749701,0.0,0.0,218.291651,,,,,,,,,0.2587281590433449,0.0528666759132747,0.2579206074090671,0.055306074505039,3611.2155911111113,3637.8832708333334,0.0015630573161393528
3606,material_r_nocable,3,False,1.0457035784992463,1.1158258882307148,43.93339891310252,295.8463139751053,8626.648604252929,4.648206685687878,0.2151367328563644,40098.445717368464,0.4931048367661979,0.01677017,6333.28541141,6324.12290128,0.0,0.0,317.63096845,,,,,,,,,0.09430256271727364,0.05283064965352403,0.09373824481946232,0.05528227975821124,6326.7336799999985,6327.310910416666,0.0030010395360649256
3607,material_r_nocable,3,False,0.96476692851083,1.3291010230629272,29.83214776616258,1908.1433203049064,2628.5229133197413,3.3172521909387536,0.3014543189485417,8719.473393142627,0.319603872506405,0.16132863,4269.91044638,4041.43270494,0.0,0.0,228.86532755,,,,,,,,,0.8913387330938003,0.054342685059631184,0.8244814191415387,0.05706038232604863,4039.128504545455,4169.75793409091,0.0389652224711087
3611,material_r_nocable,3,False,1.0404088452243478,1.388110613228199,77.78682600829343,1897.1911706343567,11920.913403173838,4.266119035918489,0.2344050861170359,50856.03559481577,0.1889221079281602,0.02904013,23550.75635818,23501.50666325,0.0,0.0,1301.9309662,,,,,,,,,0.16328053412725282,0.05283922045161381,0.16257999240686144,0.055283274055032694,23537.163242222217,23489.868520833334,0.0021498207464476214
3612,material_r_nocable,3,False,1.084707292616542,0.869952308349935,48.32160438678041,1478.904569756669,3016.732358574739,1.2227024960419548,0.817860438853383,3688.566184719866,0.1166795360739504,0.43130592,1702.85514854,1323.533499,0.0,0.0,60.43633949,,,,,,,,,1.6325744472087589,0.05799982271293848,1.6013177719919547,0.05399629205253245,1396.6246515151518,1447.1616285714285,0.009665342286679417
3613,material_r_nocable,3,False,1.293511672018601,1.009219915021219,62.71910148164593,454.1303005743775,12658.522628846273,1.1914303370281285,0.8393272933559616,15081.747881964504,0.2260060616250071,0.03552862,4090.19541425,4076.24953122,0.0,0.0,237.45999441,,,,,,,,,0.19762582615808627,0.052845978109547435,0.19728115236652405,0.05526935051714549,4075.3233022222216,4084.6091624999995,0.0008727974189008726
3614,material_r_nocable,3,False,1.1335373695929316,0.8754473168589352,39.9346882806442,1506.907391161771,12234.895533274785,1.0758328677833962,0.9295124084286072,13162.702748593276,0.128292669284168,0.22134809,3964.78549838,3113.94684079,0.0,0.0,156.63517769,,,,,,,,,1.1434417036565496,0.05468187626517669,1.1735618040774929,0.055900388396840785,3174.905165,3105.888211627907,-0.01299959206811896
3615,material_r_nocable,3,False,0.9552928507330838,1.1440593653555342,46.17734962110959,1489.4554270577964,18217.33495804259,3.737498683182799,0.2675586226958653,68087.26541678414,0.1179432699972311,0.0605823,11186.61207329,10991.01217331,0.0,0.0,513.93316389,,,,,,,,,0.34238297744515,0.05300512399905869,0.33800185177352926,0.0556477327458703,11032.741686666668,11028.007522916663,0.006439187770620658
3616,material_r_nocable,3,False,1.009199944078749,1.3759445174366247,6.025027498924263,573.0316371991557,7923.800372324198,1.348026336499211,0.7418252692280282,10681.491587055276,0.1784575614511335,0.04134918,4649.10063616,4627.41850498,0.0,0.0,269.65585024,,,,,,,,,0.2315246471999549,0.05289132979197921,0.22709459379399327,0.05527626385007184,4620.909848888889,4641.405133333333,0.009659545457274219
3617,material_r_nocable,3,False,1.2534171268684564,1.061696574723772,17.050598908798776,433.0523433377891,10558.632286696402,2.373382741038222,0.4213395432219903,25059.67563821418,0.4421545269414655,0.0258087,4481.0612436,4466.63509296,0.0,0.0,277.58566404,,,,,,,,,0.14391657979688913,0.05283758576227106,0.1441041194327617,0.05528281100510757,4470.209877777778,4472.330516666666,-0.0006511324928179218
3618,material_r_nocable,3,False,1.397350481199154,1.0130089526520494,38.72888068471872,1229.7351418670726,4395.587336647735,2.019651721787828,0.4951348736082003,8877.55553272937,0.375009605613786,0.13003886,2572.30845416,2448.79170928,0.0,0.0,157.13377785,,,,,,,,,0.6926768542049542,0.05278806510637814,0.70243038498896,0.05521633168358632,2494.1567795454544,2482.4796829787233,-0.006991240895317417
3619,material_r_nocable,3,False,1.1016097924440875,0.9565723990190746,28.86649765075668,1921.6414042333124,7623.12484672949,2.102138776663748,0.4757059862560907,16024.866339658947,0.3396297043191064,0.25489964,2691.48809309,2134.95043086,0.0,0.0,91.05311897,,,,,,,,,1.2271526575645284,0.053043585008573264,1.2434840189943654,0.055658665755437084,2292.665095238095,2285.812504444444,-0.006610183352650372
3620,material_r_nocable,3,False,1.367216910648879,1.044399683008116,9.732533111789287,784.0678243966211,4656.729606033165,3.129744402298379,0.3195149096730179,14574.373417499432,0.4194154652742888,0.07316156,2861.29237522,2795.70570412,0.0,0.0,175.98796889,,,,,,,,,0.4024831678210598,0.05284465445331144,0.4051169510709663,0.05532878356220799,2813.661437777778,2819.985960416667,-0.003261246733742265
3621,material_r_nocable,3,False,1.0611540517118725,1.118591196011914,35.37733193415711,910.7721103794588,1605.949648062644,2.586905401890043,0.3865622605563314,4154.439819736667,0.4395048036164846,0.24213137,1452.78022398,1257.61580602,0.0,0.0,53.12982126,,,,,,,,,1.222467111646675,0.05418928262274534,1.1549222408083728,0.05671219194444102,1297.7737613636364,1349.2484488372093,0.028411362559755276
3623,material_r_nocable,3,False,1.3776791441512763,1.2877833879767142,39.30494964724049,1232.9483856046163,12443.482219787502,4.744590758051275,0.2107663339146927,59039.230737979145,0.4967227425029844,0.01441617,29574.63931203,29557.98568953,0.0,0.0,1462.56501579,,,,,,,,,0.08083737822573961,0.05283138167904949,0.08054300980809148,0.05527645352925589,29561.761266666672,29564.78284375,0.0018240656205784898
3624,material_r_nocable,3,False,0.8155987138033994,1.319006136358414,61.85432133066292,1475.3012760389606,17871.60504572415,2.943787594277896,0.3396984218371562,52610.209223437,0.1943741744927627,0.02586052,19730.70996561,19689.5341568,0.0,0.0,1222.72444106,,,,,,,,,0.14681553741563472,0.05279294013017101,0.1450802638264919,0.055270185053768954,19706.753371111114,19686.008041666664,0.005944839157530133
3625,material_r_nocable,3,False,1.372096732696555,1.2457716264347662,19.17047378496348,494.0150339890868,8931.23929521798,2.437928621249477,0.4101842815592705,21773.723901039924,0.2615832011784575,0.01992421,7218.22577631,7208.34804885,0.0,0.0,410.23214709,,,,,,,,,0.11135856584524091,0.05283508090056704,0.11121158961035431,0.055277106164933296,7209.564271111111,7213.385308333333,0.0006603591329922326
3626,material_r_nocable,3,False,1.018816280550211,1.2713182157075462,55.80652126959145,258.68478605940766,4804.980745626344,1.3333151012644973,0.750010255678957,6406.553389428749,0.4258110980508865,0.03536397,2179.53908317,2171.19153133,0.0,0.0,130.81497562,,,,,,,,,0.19829103558887018,0.05284051028030046,0.19757607891064508,0.05531534981199879,2175.2777288888888,2172.5109604166664,0.00180605221307409
3630,material_r_nocable,3,False,1.3914164032333105,1.0658967891904831,27.422415182632644,262.46228408791563,15232.084073104126,1.9332866106543,0.5172538797346562,29447.98419089281,0.1187688758291983,0.01159221,6437.23445313,6435.12699015,0.0,0.0,407.259655,,,,,,,,,0.06439740506188779,0.05283879113317767,0.06484642131010772,0.05528232246123211,6436.369971111111,6435.289695833333,-0.0034741794701090645
3631,material_r_nocable,3,False,0.9355284938408188,1.3797312750724844,35.758479526584274,972.0793292972083,7994.452730324679,3.733508565682649,0.2678445709731902,29847.35774661223,0.2326262715502674,0.02420392,13533.09750263,13511.73261503,0.0,0.0,815.05549115,,,,,,,,,0.1363628316657055,0.052842305139514184,0.1349794953840651,0.05530988117326951,13512.53202888889,13519.8079125,0.005098121980013394
3632,material_r_nocable,3,False,1.236134558809231,1.3318376951694129,5.81362305736531,600.7173386981206,7844.740647074778,3.675876412509605,0.2720439666025869,28836.29710683751,0.1490413372689769,0.02043939,10870.33438244,10859.1570732,0.0,0.0,536.65542575,,,,,,,,,0.11427667286624912,0.052845580407688705,0.11351070272821433,0.05527613505126294,10856.20231111111,10868.595697916666,0.0033626540366243816
3634,material_r_nocable,3,False,1.2835911332938907,1.200221300387631,10.611010299890385,294.3535924972663,14038.80620044759,2.6320884194197984,0.3799264464756978,36951.379222676966,0.3073314675185176,0.0088033,10008.95965729,10006.0508637,0.0,0.0,557.35772145,,,,,,,,,0.049232630254111426,0.05283395753837222,0.04915961292410156,0.05527621361599961,10006.131895555556,10007.802091666666,0.0007421045364075662
3635,material_r_nocable,3,False,1.270740051229533,0.8798812060928815,73.22792399402859,794.1892721483271,19786.272141352,1.46219918615707,0.6839013517906443,28931.4710221672,0.3609463903954234,0.05779388,6455.61657829,6305.15181676,0.0,0.0,344.50043696,,,,,,,,,0.8763239894883009,0.07006458807278222,1.5849769493548558,0.05718695990184419,6272.323844444445,6331.799868085107,-0.2879180471932176
3636,material_r_nocable,3,False,1.3816216017790572,1.0390667986723887,7.98067388174491,392.55914242694655,17519.927434503246,2.258430630808705,0.4427853511896077,39567.54076762792,0.3566304825041205,0.01186622,8505.27240674,8500.9190011,0.0,0.0,571.75381536,,,,,,,,,0.06618026243451727,0.05283553641872107,0.06639296035045207,0.05527702517487145,8503.053646666665,8501.6427375,-0.0016043806695397987
3639,material_r_nocable,3,False,1.2514629688503065,0.9234011778138528,73.09944194703866,1223.4136625941353,4870.94138139036,2.4744099802258326,0.4041367469382469,12052.70596720731,0.3192031967939781,0.20251831,1987.77424408,1779.95976691,0.0,0.0,100.66765347,,,,,,,,,1.1062813694478593,0.053290691985036776,0.9806189641456203,0.055086552545618034,1750.8227418604654,1888.1963586956522,0.06021485706787831
3640,material_r_nocable,3,False,1.1468448232448316,1.22492879827214,71.62784665870419,1027.5794135141564,17234.809125695025,4.481361800163228,0.2231464551609236,77235.41524899428,0.231057549940352,0.01958178,19858.59814093,19834.06105373,0.0,0.0,962.85635335,,,,,,,,,0.10995174449656375,0.05282990014594095,0.10961628978137178,0.055280042551180304,19852.43687777778,19831.135697916667,0.0015277939536833753
3642,material_r_nocable,3,False,1.3046078857032248,1.3105393354004944,70.10873276232378,431.433155532009,5925.591495357061,4.210233304908954,0.2375165287952196,24948.122665037547,0.2804255554318912,0.01580402,9752.03691092,9745.47732778,0.0,0.0,480.5754556,,,,,,,,,0.08864226271778908,0.05282989955406957,0.08842549536218426,0.0552736566849339,9749.960204444447,9745.254754166666,0.0012242056823632019
3644,material_r_nocable,3,False,0.8320167479153665,1.2166508055034355,2.915163939086612,1961.2669832634845,6653.3822893174565,1.853492490491357,0.5395220132426337,12331.9941096181,0.4394687858996822,0.17029821,4138.98504521,3839.29186417,0.0,0.0,225.99238713,,,,,,,,,1.0468584103576832,0.05383136040694686,0.8087704733140257,0.055181007854668264,3733.736873333334,4054.3567511111114,0.1283057938678751
3645,material_r_nocable,3,False,0.8545925623926033,1.1535105353745072,9.808159526215526,761.251349428211,12041.668194387204,2.151399115604119,0.4648138008177981,25906.43430380288,0.3976843429134569,0.07168584,4763.20964598,4523.73101944,0.0,0.0,232.10436033,,,,,,,,,1.8119832203075734,0.09224496247534665,0.3791351061793523,0.05570541364573739,4461.387308888889,4593.98464680851,0.653934612662175
3646,material_r_nocable,3,False,1.396333955903741,1.0907743184125178,29.73793929411157,398.3744795418965,13681.91332188562,4.49853594562104,0.2222945447336969,61548.57888337383,0.2967739036557477,0.01137488,9796.9535686,9790.43900657,0.0,0.0,579.23706777,,,,,,,,,0.06351458802129431,0.05283480729538893,0.06357042470481342,0.055277062082802815,9791.739833333335,9793.277320833333,-0.00043936481825315314
3647,material_r_nocable,3,False,1.0079270324070069,1.3278977450827996,81.88220970566582,282.980953490374,19704.386895110296,3.1595144083219164,0.3165043328702909,62256.29430225053,0.1210117140649664,0.00457856,23304.1672235,23302.72973729,0.0,0.0,1251.08403941,,,,,,,,,0.02582006001355443,0.052834765621037914,0.025623547353606613,0.0552499572126546,23303.6858,23302.35679166667,0.0038199626737930046
3649,material_r_nocable,3,False,0.938089852209636,1.1103506146428894,47.87754855829585,651.318556432453,16847.429452290737,4.010241042772098,0.2493615693755768,67562.25305478375,0.1553089650929639,0.04181169,8260.39552354,8110.97382662,0.0,0.0,368.68077408,,,,,,,,,0.9021310497573536,0.06310778345601975,0.8728741657119464,0.0683749475648377,8127.395595555553,8120.55945625,0.016482703143873203
3652,material_r_nocable,3,False,1.148150657992068,0.9429363464564544,80.75827375519108,1101.4932710604317,10500.6537625826,2.2821172256507456,0.4381895849871822,23963.722832184067,0.2911715968276708,0.16725532,2557.92636614,2171.98240161,0.0,0.0,110.43934763,,,,,,,,,0.9443288595048345,0.05350910720858537,0.84216904399919,0.05549675543700106,2086.0910931818185,2313.9227347826086,0.05718440268262779
3653,material_r_nocable,3,False,0.9219188441745158,1.3800894012394784,88.67262583737124,946.5021006766308,9116.054458200624,2.247077001698094,0.4450225778842068,20484.476319250003,0.4591183587557309,0.02732041,10129.20506559,10110.29266376,0.0,0.0,667.83734889,,,,,,,,,0.15222172496431277,0.05283356956251476,0.15303658225896305,0.055288464939436635,10127.26212,10105.186889583334,-0.0026694025203195058
3654,material_r_nocable,3,False,1.066209222438569,1.3065299437380136,56.52203399416665,1322.0249672982625,14198.164982313689,2.207304817275654,0.4530411894965376,31339.677961935504,0.2512367901115057,0.04020716,11179.95867248,11134.85787097,0.0,0.0,612.59270967,,,,,,,,,0.22567206307253246,0.052850938697460485,0.22465024243209214,0.05534471746806801,11158.616535555557,11138.895081249999,0.0022690873357811606
3656,material_r_nocable,3,False,0.9978728762479756,1.1453912135360969,18.098105448828807,387.13540823373694,1335.8009722527256,1.8702925927592045,0.5346756993378883,2498.3386638048164,0.4042973403671319,0.19441723,712.06150047,642.67459557,0.0,0.0,31.23084199,,,,,,,,,1.0717382121088588,0.05367611298904535,0.9458543763587257,0.05572331628356766,636.9501799999999,690.2886511111111,0.06239308989816681
3657,material_r_nocable,3,False,0.8246934138952987,1.2363501981535965,44.77694107682274,375.96820197488125,6230.588311087861,4.021277097493039,0.2486772176489464,25054.92207928545,0.1497068161295948,0.03272384,6869.30818479,6761.51434201,0.0,0.0,383.50462241,,,,,,,,,,0.10566177653722433,,0.12848076865691507,6761.751808888891,6755.606725000001,
3658,material_r_nocable,3,False,0.8842303085234999,1.0158236915274963,29.21337063874584,1407.0966354821956,9317.545557337076,4.654067026972563,0.2148658354519859,43364.48155071717,0.3815479420111498,0.18688519,4065.47075812,3327.16346951,0.0,0.0,147.15600041,,,,,,,,,1.1664313217887552,0.05588100096221717,0.902306848468951,0.05733674522344833,3306.808259090909,3592.444422727273,0.1276741915033654
3659,material_r_nocable,3,False,1.1286169859467592,1.0713312676101032,80.26935449147386,1051.8637730361415,18886.581479800618,2.64361491319878,0.3782699193469134,49928.84845934479,0.2821455554733029,0.06063882,5123.320599,4993.33946209,0.0,0.0,282.25994412,,,,,,,,,0.33499739147849134,0.052854267115448314,0.338279565183452,0.05539891109518983,5072.40684,4999.53310625,-0.004874923569690274
3660,material_r_nocable,3,False,0.9458527570008894,1.184306488639748,70.47130133786875,608.9334766747883,5279.669517797655,1.7486176114592775,0.5718803204580948,9232.123101505693,0.1979145336653978,0.11588621,2193.36310891,2083.96275982,0.0,0.0,104.30429959,,,,,,,,,0.6149100618165726,0.053022966491649955,0.6709073543822632,0.056426348776552525,2139.0055577777775,2063.1950085106387,-0.043549956518112165
3661,material_r_nocable,3,False,1.1876456235439603,1.382725619542705,89.78151898340676,1279.1346246765158,3113.6716699047884,1.411313534684859,0.7085597745814122,4394.366970301436,0.4639354389766622,0.1252987,3002.65120935,2890.49012823,0.0,0.0,166.23364419,,,,,,,,,0.6634788782415451,0.0528023519405607,0.686268870320834,0.05540672941726129,2960.317428888889,2892.03540212766,-0.016884630556755948
3662,material_r_nocable,3,False,1.089375806747273,1.091056331737808,69.97378730525281,1261.8453744282888,19595.69262308692,1.993238367544252,0.5016961424598901,39058.8863749407,0.3644181915766027,0.07200496,5271.60009704,5114.17741017,0.0,0.0,285.94426462,,,,,,,,,0.3965809104435901,0.052868547088053615,0.4008906721647728,0.05544489689778199,5202.482679999999,5128.849147916667,-0.005404282503818333
3665,material_r_nocable,3,False,0.9991674217369544,1.24714572984397,12.014956866688845,688.7142792570558,3337.33968788793,3.1718940088860728,0.315269046569178,10585.68776162944,0.2303465922794722,0.08297891,3152.00180101,3085.09931706,0.0,0.0,160.49400337,,,,,,,,,0.46983687943861246,0.053081313899198394,0.444532262824208,0.055353304611719216,3067.3097933333333,3132.313779166667,0.02767439915107183
3667,material_r_nocable,3,False,1.2422277589719564,0.9752725735160588,9.53304834012493,1016.8983627829018,14616.547888272868,1.3898101010449475,0.7195227601584824,20314.225897528828,0.3632016018387212,0.07533822,4160.92674841,4092.58863421,0.0,0.0,241.44552944,,,,,,,,,0.4091983592171458,0.05283084319256759,0.4230841676042573,0.05550881418029286,4148.853455555555,4081.169760416666,-0.016684008061713423
3668,material_r_nocable,3,False,1.0521057103547355,1.2686595151455735,37.17145667138291,594.533728369569,11266.288406041947,1.550276946744086,0.6450460365163879,17465.867191257006,0.432627617682071,0.02910832,6093.37407792,6077.30556103,0.0,0.0,361.19894147,,,,,,,,,0.16330490628523583,0.05284274538015684,0.16231984186621473,0.055292852752046845,6080.220233333333,6084.553245833334,0.0030251521870289237
3669,material_r_nocable,3,False,1.114442521979015,1.118884864587875,82.64551455784648,1681.0373564030997,6595.363275991378,2.650604595492669,0.3772724161500707,17481.70020828633,0.4973454753309714,0.12824327,4310.37901253,4052.46702409,0.0,0.0,207.17412128,,,,,,,,,0.6761789874383086,0.05285332988883565,0.7074315713173076,0.05567892432626969,4225.905495555556,4042.6443127659572,-0.022587702645971968
3670,material_r_nocable,3,False,0.8498249376494481,1.1364665477259042,84.74996059670346,780.4253710584613,5461.680241783204,2.1926249043502546,0.4560743600129509,11975.416117731573,0.2396079126768609,0.14883795,2561.15255897,2317.60457806,0.0,0.0,116.70831424,,,,,,,,,0.7841812536056845,0.05318059711846958,2.400924479222766,0.06806912711698965,2425.3543272727275,2223.452426086956,-0.5075948371049444
3671,material_r_nocable,3,False,1.1724769937075057,1.303634759769543,44.46865507915967,441.1104034440409,18511.61645412335,3.884063953044021,0.2574622900367743,71900.30218203708,0.3032156339075131,0.00583054,26870.37249702,26867.9700403,0.0,0.0,1381.81879529,,,,,,,,,0.032817980049984936,0.05282278404662172,0.032607499169767296,0.05527083930428403,26868.669680000003,26868.776058333333,0.003217108727788971
3672,material_r_nocable,3,False,1.3039220439448012,0.8663133325057425,21.810173493504347,655.7629653928404,9612.00591423806,2.336633053093177,0.4279662134695153,22459.73072573575,0.2947509537310382,0.08614764,4238.69414687,3694.34705805,0.0,0.0,205.24252907,,,,,,,,,,0.07790140711642085,,0.11408474251850348,3694.6310844444442,3578.8754836734697,
3674,material_r_nocable,3,False,0.8527873421423035,1.105290441118735,18.73573061817142,263.8052149948553,9589.616578899711,1.2441546188452923,0.8037586203940681,11930.96575959347,0.1243030384597049,0.00138862,2025.13431202,2024.40576318,0.0,0.0,75.81302604,,,,,,,,,,0.17477086515349524,,0.11366349192365058,2024.3554844444443,2024.4783354166666,
3675,material_r_nocable,3,False,0.8302002080110548,1.089875735668957,71.00690414218155,1041.087364394251,12130.861360989114,1.3008660082837806,0.7687186794274761,15780.62519571386,0.4748245924735581,0.18535957,3129.40379269,2559.68680178,0.0,0.0,128.30661133,,,,,,,,,2.332626027212671,0.05342450970103489,1.548345816113789,0.06038459427530572,2670.7527545454545,2471.099046511628,0.20208345815430073
3676,material_r_nocable,3,False,1.0775396343159391,1.203179114014216,60.00575902285251,1123.8178896072952,18312.277479254582,4.163229278005371,0.2401981570611711,76238.20974859109,0.4878523289952214,0.01785156,21708.59695715,21684.43834548,0.0,0.0,1138.5457071,,,,,,,,,0.1003846125945111,0.052827323375479164,0.09988633815267645,0.05528042403365177,21698.46514222222,21686.055493750002,0.002488001579738126
3678,material_r_nocable,3,False,1.1344453139670794,1.079032630004363,76.65252062693037,1792.3487216244591,4631.107115064307,1.9240674609707047,0.5197322964421909,8910.562508365148,0.1671223254205757,0.26869575,2513.88604416,2035.89193638,0.0,0.0,78.72571343,,,,,,,,,1.2478847255101095,0.05299826102881738,1.3098163242065388,0.055783106676950085,2266.9718024390245,2081.299095555555,-0.02421377537585571
3682,material_r_nocable,3,False,1.19147106395248,1.007637743137173,71.44711899292412,1650.1931746020623,1866.720187466728,2.318581898112756,0.4312981140817,4328.143635502005,0.1644294166347581,0.39935388,1946.66417826,1430.37725568,0.0,0.0,35.83044623,,,,,,,,,1.5862935510947132,0.05270708773917523,1.5724357549287962,0.05482717383754498,1615.7613394736843,1544.4275804878048,0.004387142684082167
3683,material_r_nocable,3,False,1.3825624779345047,1.2509637119568924,48.0990177920018,615.2963799696322,4139.3041013709335,2.098603154145142,0.4765074321101675,8686.756643102966,0.3724950908258725,0.04742059,3689.7773164,3663.77843428,0.0,0.0,212.65342789,,,,,,,,,0.26376323130322005,0.052840396413025716,0.2636365640741913,0.05528808055619015,3672.2686644444448,3672.0012479166667,0.00024017307200151854
3684,material_r_nocable,3,False,1.3084824765207823,1.0669686125611282,17.86218253021339,1552.2014299186771,4594.727791503648,4.817929437461396,0.2075580418892368,22137.07428380742,0.4263119891356202,0.12005767,4234.08239024,3972.46419937,0.0,0.0,200.52443705,,,,,,,,,0.6546743545988909,0.052954581854205644,0.6437301557031173,0.05535480866919529,3990.524413333334,4117.236672340426,0.00842895939511791
3686,material_r_nocable,3,False,1.1512062851023923,1.17094597096942,77.98074536835873,839.678376247399,15276.502630597835,4.301768796551395,0.2324625165354473,65715.98233674107,0.2013246736593631,0.02517449,12443.657437,12412.35600757,0.0,0.0,596.28191738,,,,,,,,,0.14077383677580663,0.05283282875623864,0.14095745657627676,0.05529485669259898,12437.287442222221,12407.634677083333,-0.0006517550758575423
3687,material_r_nocable,3,False,0.8946359417820813,1.3764605249801178,51.6011339771801,873.9554904262593,10425.7254643379,4.672063142222803,0.214038203157553,48709.64767286682,0.3158224495572833,0.01247603,22349.65603301,22340.37544853,0.0,0.0,1418.11732079,,,,,,,,,0.0706287363550795,0.05281116536507304,0.06980036928221528,0.0552762305943668,22343.74168222222,22341.56515,0.0058988275194443
3689,material_r_nocable,3,False,1.246089515497509,1.3168446128074147,52.00994189483036,1933.458504156885,16389.435745482187,3.298823127861278,0.3031384106514158,54065.84968979299,0.4416649482331293,0.02472605,25579.57013761,25537.78577792,0.0,0.0,1362.48769951,,,,,,,,,0.13870113484158808,0.05283414612049017,0.13815090614072348,0.055287135883133914,25555.22396888888,25547.22901875,0.0019874467925622306
3690,material_r_nocable,3,False,0.843106718162336,1.171933047450867,57.09588199271623,831.4649556602265,12482.515898878404,4.488875488328185,0.2227729422658669,56032.45965114213,0.1821886516349371,0.04878763,11434.14087028,10710.87129824,0.0,0.0,565.31580671,,,,,,,,,,0.09358699192480863,,0.1497387071372829,10712.86455652174,10663.692191489363,
3691,material_r_nocable,3,False,1.034299743847227,1.2354589158653009,67.5912962582872,1726.789619421257,9264.875973836884,2.43175119649004,0.4112262806504991,22529.873234709663,0.4146475237797504,0.08090135,7099.25652379,6961.46789678,0.0,0.0,381.44331787,,,,,,,,,0.44360794002483445,0.05289730571468477,0.45225615172412753,0.05557142227742043,7056.758231111113,6955.561858333334,-0.009653486258623788
3692,material_r_nocable,3,False,1.1281132813774448,1.260023422288322,20.1236461813526,1640.588390005,17637.520700181736,2.835319187747756,0.3526939768620382,50008.00086552352,0.1524804862549432,0.0415043,14413.92951909,14340.19122519,0.0,0.0,724.97516116,,,,,,,,,0.23267421180682737,0.05287786701871513,0.22975852002573835,0.05530268422581831,14329.214008888886,14391.325381249999,0.006305115491142866
3693,material_r_nocable,3,False,1.0863046837646724,1.0464697818493014,12.96017630151098,1762.0914654954838,3904.559869650967,3.324645887549693,0.3007839131815066,12981.278913326652,0.4600696902278348,0.22670637,3018.06320192,2556.40395479,0.0,0.0,104.793617,,,,,,,,,1.2034549625004243,0.05351963548616554,1.068914155092268,0.055516960942705536,2539.3482044444445,2851.3145377777773,0.059207285632664454
3694,material_r_nocable,3,False,1.3524417469865213,0.9458320110982614,69.67546234101928,1236.858459238692,15504.19098423508,4.751578187432937,0.2104563916563172,73669.3756944858,0.3845837637790624,0.05743198,6220.95195746,6149.55242102,0.0,0.0,399.90799034,,,,,,,,,0.32005016706973305,0.05291355478069239,0.31602274714111417,0.05530698389625749,6135.996406666667,6182.243616666667,0.00633169537428827
3695,material_r_nocable,3,False,1.2812177011670185,1.217515729871303,52.69714864403578,1998.6743068432368,5788.323519702113,3.9112830100876095,0.2556705810908837,22639.7714395014,0.4483745278566901,0.08178255,8321.67746966,8154.33191857,0.0,0.0,406.33374896,,,,,,,,,0.4506862896519385,0.05290001393174279,0.4512420430232167,0.055421558860205944,8223.842326666667,8193.130404166666,-0.0006161835160780241
3696,material_r_nocable,3,False,1.2141933409119423,1.263671558211877,33.9270837103868,1090.2715553364708,12307.359181664702,2.3561157075331858,0.4244273729013858,28997.56228617298,0.2682003570305361,0.03705976,9348.35956363,9308.2286884,0.0,0.0,504.25140177,,,,,,,,,0.20740054331247806,0.052849744603641974,0.20628619212619795,0.05529824292805783,9314.138962222223,9327.558745833334,0.0026937078006585126
3697,material_r_nocable,3,False,1.1414573387526636,1.0760824362783377,39.21339586419036,1565.2068045994624,2361.255947866248,4.101068497828319,0.2438388923592815,9683.672383104016,0.3275886806966737,0.25222508,2646.71239802,2231.12672513,0.0,0.0,82.71329472,,,,,,,,,1.2471844028566166,0.05425940579825807,1.2016474995626931,0.0569173254078102,2337.648059090909,2407.011546511628,0.018595356932803567
3699,material_r_nocable,3,False,1.2219513488359923,1.24233919156277,16.407256582268158,1421.352801161143,12180.267205470667,3.7788565948239743,0.2646303120816316,46027.48305611102,0.1295117810979215,0.04287607,12266.47337693,12197.73917269,0.0,0.0,587.99212076,,,,,,,,,0.24001444186901313,0.05287141676056623,0.237325267831656,0.0552942153418217,12187.112526666668,12249.720352083334,0.005633669235361677
3700,material_r_nocable,3,False,1.288403673125015,0.8198412159967496,71.88099181138958,1745.303116356935,3046.911080198708,2.711281371144999,0.3688292962296609,8261.03325127804,0.3879369362650795,0.30176791,2037.15462722,1719.68898959,0.0,0.0,109.29604663,,,,,,,,,1.5775882520725593,0.05416736290227455,1.2487134874602936,0.054561413089281315,1674.6318124999998,1868.2364804878048,0.11636222700928738
3701,material_r_nocable,3,False,1.006489525334483,1.1070462978464366,70.83832028444432,1935.004414078994,11563.69380132612,4.086413787592663,0.2447133481773776,47254.03778523887,0.4213781325178394,0.10076825,7352.14716728,7020.73154279,0.0,0.0,338.21222436,,,,,,,,,0.5396104928386776,0.052920037193753246,0.573550231727534,0.056010375566377495,7268.028220000002,6985.399935416667,-0.030489522438085018
3702,material_r_nocable,3,False,1.383870414410699,0.9283511156073568,25.56325748133044,1351.3849785283564,11428.378197662629,2.9936508864409213,0.3340402865709153,34212.574522014824,0.1936567302086127,0.08974854,5793.80908284,5561.6125167,0.0,0.0,319.98283082,,,,,,,,,0.47817518040028406,0.05285883882839622,0.5115798395434585,0.055758319667028454,5592.263113333334,5514.400639583332,-0.033750431642239294
3703,material_r_nocable,3,False,1.304960175797592,0.9325446218696222,87.00068131069213,1859.140378589804,15906.771829173931,1.907097481460906,0.5243570450494034,30335.764493590897,0.4112297927354306,0.09369716,5930.62987734,5799.18686251,0.0,0.0,362.77432664,,,,,,,,,0.5286011869070263,0.053081807235238795,0.4990598914169801,0.055256024539612404,5759.184495555555,5904.355283333333,0.028746146091495995
3704,material_r_nocable,3,False,1.1219599616183005,0.9681752616711754,54.08795797861372,705.8147242540444,2248.4141898108546,1.4262265419548374,0.701150883526094,3206.747994816122,0.4103594894610679,0.26812383,935.49243065,761.97837105,0.0,0.0,32.56925611,,,,,,,,,1.2895449024141261,0.052978105727018436,1.2565765179078507,0.055140418441144715,804.6889285714284,821.7347363636363,0.012948473015912284
3707,material_r_nocable,3,False,0.972132692659388,0.8367468444010093,65.32289859147346,1151.2124594396191,1057.2988074975465,4.14412057596472,0.2413057201568531,4381.573743093544,0.2992194402810083,0.51285204,1523.22325468,1036.07792836,0.0,0.0,26.82670466,,,,,,,,,,0.054430457416854025,,0.12056481213061271,1235.723194117647,1087.8897771428572,
3708,material_r_nocable,3,False,0.977564611243214,1.2334826432325778,33.09537608480695,1179.4837095948656,19015.87355589313,4.85327490387111,0.206046436644743,92289.2619040024,0.3628651856061922,0.01674011,25616.42667246,25592.32538895,0.0,0.0,1372.36423311,,,,,,,,,0.09420149502503736,0.0528335432695486,0.09341506987105361,0.055283954315560456,25593.076008888893,25604.925416666665,0.004191661618041569
3710,material_r_nocable,3,False,1.2343620204313177,1.3944945105256998,16.769586259669012,1868.8401248569044,14751.524780441565,1.1111043936687135,0.9000054411612377,16390.483996861523,0.412974017200053,0.04905383,10410.09388143,10340.72105864,0.0,0.0,635.30681689,,,,,,,,,0.2733678258325525,0.0528502329076344,0.2719260652997606,0.05528508285799884,10350.050386666668,10375.507122916666,0.0026440063903852605
3711,material_r_nocable,3,False,1.3678868011495986,1.209163426662109,14.221377321906118,1132.7686835720483,15270.26669617688,1.6330573004213276,0.6123483846782356,24937.22050757232,0.2370462081384937,0.03646597,8328.59013622,8288.79086342,0.0,0.0,512.04651031,,,,,,,,,0.20301660688827317,0.05283487991224705,0.20329734225894103,0.05528012584503636,8300.720064444444,8302.549533333333,-0.0006909321505133624
3712,material_r_nocable,3,False,1.295276258888904,1.2617628838999797,26.62458360461769,1344.559592467253,9129.28134122751,1.8323501483923552,0.5457472202446502,16728.040020313787,0.1159392423778598,0.07698868,5161.73371461,5055.51110447,0.0,0.0,284.1335927,,,,,,,,,0.42604360433923005,0.05287719773444515,0.42320556031575673,0.055320302490042585,5071.992255555556,5106.240502083333,0.0033418272770704377
3714,material_r_nocable,3,False,1.0148123327388214,0.9929191696535574,56.89335337373914,828.6560282875562,4583.055068156469,1.981838902153456,0.5045818804512341,9082.876824784047,0.1074935265978275,0.26242979,1243.57011458,958.35561102,0.0,0.0,34.34712061,,,,,,,,,1.2526410444411205,0.05362485351634456,1.2978559332417534,0.056734626514172534,1073.67825,1011.8324886363637,-0.017727873899192257
3715,material_r_nocable,3,False,1.33303819572698,0.8052479665124068,35.78577321713791,1283.4837947403828,7276.019948529786,3.616359165088431,0.2765212066472239,26312.701426231943,0.313155233656849,0.01611518,4842.47201223,4693.77351903,0.0,0.0,186.77336153,,,,,,,,,,0.2657001232946323,,0.29997951838914,4551.71432,4821.3794625,
3716,material_r_nocable,3,False,1.1499560536189453,1.1695569129690455,54.74325934411252,252.56810596442165,14124.921603176745,3.329666523839854,0.3003303762824798,47031.27861395997,0.103550322868745,0.01120052,8163.62768044,8159.4143392,0.0,0.0,400.41240129,,,,,,,,,0.06297416331325854,0.05282611854347542,0.06265918525834667,0.05527329893702825,8161.42353111111,8160.061385416666,0.0025071213853091814
3717,material_r_nocable,3,False,1.0451487677460405,1.0264601546001737,82.83154331608006,955.4754059267506,7060.934000256717,3.381702341136289,0.295709053938789,23877.977039276964,0.2186534401407119,0.16799492,2148.67357268,1818.24407687,0.0,0.0,81.17573939,,,,,,,,,0.8383120913082033,0.05294851017702269,0.9576244164189417,0.05665667818457468,2068.5699999999997,1762.7340413043476,-0.06643460088783129
3718,material_r_nocable,3,False,1.2694119333268186,1.3722482152270388,3.723968759341084,941.1001205822898,6881.79688120772,3.086368598842165,0.324005370056948,21239.76179776945,0.4354316884226857,0.02554,11881.25728155,11862.2967299,0.0,0.0,643.83391215,,,,,,,,,0.14270732654877238,0.0528421681968333,0.14199039808306435,0.05527495431730552,11859.58014,11876.808916666667,0.0025182093275776807
3719,material_r_nocable,3,False,1.1952050929993945,1.1332401125388616,57.76951885133026,424.479283608415,4372.3021266146925,2.301938125645134,0.4344165418085436,10064.76896209366,0.1717058272686587,0.07570839,1669.35970362,1622.29313261,0.0,0.0,90.66459076,,,,,,,,,0.41763073870886674,0.052878506782078075,0.41887971941477786,0.05538905347289158,1642.5280622222222,1632.4805208333335,-0.0014930843885833476
3720,material_r_nocable,3,False,1.2772274432448127,1.2654408904454666,67.00783955610923,1401.147410557763,18314.98085711253,4.0991509656218845,0.243952957182266,75075.87146577916,0.2275369594317247,0.0212889,23601.21125088,23569.27871234,0.0,0.0,1153.59375496,,,,,,,,,0.11935788685005629,0.05283132303791362,0.11908218130788077,0.055281221317817354,23589.93138222222,23569.260464583334,0.0011562886401831301
3721,material_r_nocable,3,False,1.0733413729205874,0.8067469120169547,61.60464182348528,1817.401091330683,4660.540597026385,3.082223444102343,0.3244411114688789,14364.827490345451,0.1539715772167505,0.02960778,2740.53012502,2446.06092594,0.0,0.0,96.72408881,,,,,,,,,,0.48490299748618365,,0.2700208810207087,2537.0235599999996,2500.393452083333,
3722,material_r_nocable,3,False,1.3799300479518748,1.251986262036186,73.64921779843017,948.225048706295,12355.785734269815,4.127501605397803,0.2422773133975853,50998.52545414994,0.2405688087811642,0.02022298,15940.45134634,15919.33675109,0.0,0.0,793.04879588,,,,,,,,,0.11310552036461304,0.05283250151669854,0.11308001325389529,0.05527875709305558,15932.89878222222,15919.551731250001,0.00011277074315800218
3723,material_r_nocable,3,False,0.9473707518966764,1.2401373475175586,27.17956900740593,782.0700573417953,3383.8964094246608,1.7688760948790063,0.5653307220867844,5985.693466178185,0.4991487243229513,0.11834342,2104.42290154,2024.99673159,0.0,0.0,117.5328875,,,,,,,,,0.6627039380170704,0.05326687042514252,0.627132868092207,0.05562453383213368,2023.6416555555556,2075.978134042553,0.027577961612183764
3724,material_r_nocable,3,False,1.1194397784998815,1.1368052836674385,36.21962242585237,1191.1016018509088,9230.113550566932,2.363586753021373,0.4230858032698398,21816.174117003065,0.1114466663893674,0.11234305,3656.77689325,3467.35440872,0.0,0.0,172.68201327,,,,,,,,,0.6192122685433564,0.05308129042959321,0.6071508970891084,0.055585588183736837,3499.765886666667,3554.0490744680847,0.009835073159611475
3725,material_r_nocable,3,False,1.2699841689021514,1.0726857999718518,38.68928244234687,1952.916274205642,7356.802225529493,4.473597150325698,0.2235337618469279,32911.36947163849,0.2021000016977702,0.13766226,4652.32326267,4221.6494614,0.0,0.0,213.70951781,,,,,,,,,0.7410905339863418,0.05302772097440192,0.7348440311920145,0.055549714449639354,4324.804102222222,4382.301915217392,0.004232235589368776
3726,material_r_nocable,3,False,1.2880585734294852,1.1310364095957677,72.00455887291189,460.7993736929261,19224.010535028265,1.2124560285746495,0.8247721784810534,23308.267466577592,0.3346229911762038,0.01654073,7489.7207027,7482.16451608,0.0,0.0,467.24452111,,,,,,,,,0.09229618369759984,0.05283604937823118,0.09228728531752428,0.05527725613884995,7483.548277777778,7485.634943749999,4.8207892738392726e-05
3727,material_r_nocable,3,False,0.8130482968540833,1.2666409656086035,31.71985246769297,1380.1460176034827,13112.266268131614,4.93029982191189,0.2028274214796568,64647.40404663058,0.1380208233775272,0.0251665,19885.71689417,19843.12663153,0.0,0.0,1179.5536541,,,,,,,,,0.141688093751049,0.052829136345198154,0.13991895019990588,0.05531316005808058,19841.004875555554,19860.0043375,0.006282312850992538
3728,material_r_nocable,3,False,0.925387467793454,1.2434979395539063,47.00684569019479,1656.6155489941896,17806.716328699382,4.521046591236406,0.2211877227583541,80504.99415897999,0.2631429647722144,0.02770417,22318.95458058,22259.30360241,0.0,0.0,1214.10804402,,,,,,,,,0.1565642131772306,0.05284278505566111,0.15482438657362366,0.05533293256129617,22274.963806666663,22271.482610416668,0.005587316314723783
3729,material_r_nocable,3,False,1.146137816816413,1.2279145805210088,4.786794264101158,1347.7399840625883,4341.568949907716,2.31477482794716,0.4320074626381013,10049.754519043365,0.3759570030714049,0.12561002,3547.17302297,3390.68507725,0.0,0.0,175.71772939,,,,,,,,,0.6945393860043544,0.05301831352155802,0.6601999025566807,0.05525912393109808,3373.25476,3503.173478260869,0.025347669280447377
3730,material_r_nocable,3,False,1.2289529668839358,1.3383729572884493,14.797086626753954,1164.6444096363848,1474.8932202551257,3.01581348149784,0.3315854929805997,4448.002857415171,0.329323050235338,0.17178047,2473.43412375,2328.38225961,0.0,0.0,111.53182302,,,,,,,,,0.9343655373290425,0.05329514012772903,0.8632422578443699,0.055580517239097675,2312.316691111111,2431.375162222222,0.03956551572352934
3731,material_r_nocable,3,False,1.3587273998933895,1.3003035074127312,36.381449040619714,967.0847964999712,7209.938956213562,2.3430066805497107,0.426802026772447,16892.935140763984,0.4203074667573893,0.03446128,8345.44420254,8317.26346629,0.0,0.0,466.59604231,,,,,,,,,0.19248992953523172,0.05283994951664886,0.1920066931743927,0.055285603286428016,8323.69938,8328.778781250001,0.0012568026148931043
3732,material_r_nocable,3,False,1.1731772530753015,1.1698631619622029,33.21152086412285,560.3041669161596,3019.36088408984,2.9546589719835965,0.3384485348333296,8921.18172583237,0.1131566853372751,0.10910621,1826.17311673,1748.61388241,0.0,0.0,84.7877474,,,,,,,,,0.6023174678205402,0.05306748351750035,0.5890608750589257,0.055543285326094365,1757.6766644444447,1787.8302276595743,0.011127105709823785
3733,material_r_nocable,3,False,1.2486429250553703,1.3415807244945814,74.57806172218032,484.5343242671105,3970.727078142502,2.0346157471164474,0.4914932961750869,8078.903840690415,0.3423375440907582,0.03919028,3753.84316173,3738.13712418,0.0,0.0,211.16554244,,,,,,,,,0.21843474091603268,0.05283593840341991,0.21884872526569624,0.055299335559516306,3748.0976755555557,3738.4650791666663,-0.0009467185056832405
3734,material_r_nocable,3,False,0.9910632122417647,1.247922032640226,49.22819696745242,1297.1703282574583,2946.4951878373195,2.380485798631957,0.4200823212533721,7014.08995038414,0.1747464937026933,0.1941498,2714.82782376,2495.07735465,0.0,0.0,127.0127828,,,,,,,,,1.0015076713059567,0.0545618959598514,1.0143811030329721,0.057582595555191934,2564.2070930232558,2533.930545454545,-0.006385983140978089
3735,material_r_nocable,3,False,1.1712275655025066,0.8586541519907669,41.01944099906674,1050.360211531471,10950.608242075632,1.3295736295381413,0.7521208136080237,14559.639946066784,0.1422502575935171,0.17743958,3968.1049159,2866.41891299,0.0,0.0,146.64339975,,,,,,,,,3.1819738618326094,0.06320638711230893,2.456007272566548,0.06275203351351592,2908.176193023256,2911.875560869565,0.12876357191702947
3736,material_r_nocable,3,False,0.9112702166548752,1.1066786648702598,28.13612898691515,233.3454015000424,14694.073003849651,1.3791418332621652,0.7250885847140474,20265.2107806173,0.4900160370938896,0.05570753,2467.23226683,2355.00244391,0.0,0.0,108.37091859,,,,,,,,,1.287757353205276,0.0819141871443759,0.9961548411216932,0.062464181425208966,2347.40076,2370.809955319149,0.1276767613080297
3737,material_r_nocable,3,False,1.3378282340065826,1.2834654599847997,88.031685331498,1618.6649761458298,13203.036082605477,1.725967274129801,0.5793852612322445,22788.008197731982,0.1221972442856426,0.05976291,7725.62470026,7630.18241423,0.0,0.0,442.6254688,,,,,,,,,0.33074015222505687,0.05283440737749073,0.3318438640984186,0.05529462234121024,7678.515884444443,7644.302064583334,-0.0016657689382336201
3738,material_r_nocable,3,False,1.0394836260071645,1.3539572606828931,63.94444177690766,726.0786022286792,16207.240804379097,3.8915880184773983,0.2569645078697859,63071.90412689967,0.4133600371059616,0.00814832,29350.21619647,29345.34326318,0.0,0.0,1694.54569495,,,,,,,,,0.045982529127670924,0.052820241299809716,0.045609016873097985,0.055262461137104646,29348.58540666666,29345.167214583333,0.004078021071615092
3739,material_r_nocable,3,False,1.3941902082717266,1.2197396175134387,15.345704657864625,525.2266040277048,16735.025592067024,1.1528590837538182,0.8674087007615063,19293.12627066709,0.1352108693878649,0.01863231,7691.01289274,7682.54122264,0.0,0.0,476.04757976,,,,,,,,,0.1038431483268503,0.05283425596701506,0.10416596742799412,0.05527696075701837,7686.725017777777,7683.936822916668,-0.0015519468941173704
3741,material_r_nocable,3,False,0.9376175578108256,0.9708821528532552,6.155206341117566,334.014510103186,5576.756646861792,1.0484892646843795,0.9537532082419784,5847.169475991846,0.1922808155244848,0.24185867,643.8292734,437.06854643,0.0,0.0,14.52108099,,,,,,,,,1.2954604923220616,0.053971496437238385,1.1628475505687816,0.056331791297770765,416.80805853658535,505.1531888888889,0.053944802457438976
3743,material_r_nocable,3,False,1.0076475935996976,1.0518493319454487,62.38011236218526,911.3316848877306,18979.52070813192,3.998189617364595,0.2501132001486086,75883.72263780938,0.3850554535687032,0.06718467,5283.05091289,5080.46444101,0.0,0.0,238.49226488,,,,,,,,,0.3704763838489665,0.05291468665427965,0.381160947540077,0.05577017572813081,5207.967902222222,5084.570404166666,-0.014215051920538877
3744,material_r_nocable,3,False,1.3365876450529877,1.1229960486076829,22.655529921003904,604.2818531567909,12694.996565944848,1.058908316145111,0.944368822827303,13442.837437112625,0.4323392207559757,0.02583417,6298.81340671,6285.6387035,0.0,0.0,396.66091935,,,,,,,,,0.143711356708911,0.052833640941685536,0.1443417727351206,0.05527975989037615,6292.050084444445,6287.8969333333325,-0.0021885407994919966
3745,material_r_nocable,3,False,0.8506255417977192,1.1810882898109003,57.00521647156932,1788.1034446012711,18973.03309272993,3.3686271186722347,0.2968568395287859,63913.07379963578,0.4834998393686008,0.0477898,13490.84501306,13356.259653,0.0,0.0,753.70824679,,,,,,,,,0.26859144797010764,0.05288007283388728,0.26870401338038763,0.05551430604772386,13422.934466666666,13362.96509375,-0.00020950374305610505
3746,material_r_nocable,3,False,1.1405856893744497,1.0188874903480285,80.99990018588366,1985.9423718521043,3580.806856319787,2.5341233400349585,0.394613783868233,9074.20623075718,0.1908368090781071,0.32098666,2608.22169109,1996.15591593,0.0,0.0,62.48384242,,,,,,,,,1.3931097858535177,0.05294056256899724,1.463877923653981,0.05562623944845817,2285.8552474999997,2069.0855860465113,-0.024770193293082998
3748,material_r_nocable,3,False,1.399964205639202,0.8645003299550621,8.251313593373846,1167.280025022388,5528.570503362531,2.6025537416099813,0.3842379828749988,14388.401849280732,0.1025958345572778,0.15228396,3935.19677481,3286.54471414,0.0,0.0,192.64726568,,,,,,,,,2.6595414145248824,0.05755044489049804,3.8040198526659084,0.08400598789709393,3300.529197777778,3060.005776595744,-0.17706623188526566
3749,material_r_nocable,3,False,1.238304952516157,0.9111796099751226,57.99614097497814,587.2651480029124,7169.779171735299,1.1772427052165435,0.849442511360526,8440.570227938892,0.2861174780997153,0.10714184,2180.2980272,2085.36035573,0.0,0.0,111.96239789,,,,,,,,,0.602589461920912,0.05308645472252232,0.5728542838383432,0.05527509994619586,2077.987242222222,2110.8909531914896,0.02529698098258364
3751,material_r_nocable,3,False,1.0803823632397065,1.054510659674904,31.316469549236817,547.8220389868267,11524.886507049276,1.7015050021069538,0.5877149927632959,19609.652040459285,0.4562822165615809,0.06914512,2238.22433297,2164.96462385,0.0,0.0,127.48226003,,,,,,,,,0.3839615274595312,0.05290601402476035,0.3819322227311045,0.055367699072092866,2181.132093333333,2195.7050270833333,0.0026495904006549353
3752,material_r_nocable,3,False,1.0296457398460517,1.3012138415436607,60.2702930100796,773.8893666689195,13866.073012253017,3.7871745785965896,0.2640490896964589,52513.23921696886,0.481106366775731,0.01164701,21739.98444499,21731.72319884,0.0,0.0,1243.05985358,,,,,,,,,0.06566327182601038,0.05282172398025632,0.06518403572190375,0.05526943068435453,21736.689960000003,21732.052477083333,0.0036625599187904236
3753,material_r_nocable,3,False,0.8283654920699243,0.9184444780044296,0.3399225278803994,994.089243697075,1498.5825929155503,4.516918684718151,0.2213898610535643,6768.975714533624,0.3382373229125755,0.40028891,1475.29328841,1149.86015238,0.0,0.0,50.24632249,,,,,,,,,,0.16703752514741582,,0.05452166426797942,1043.5725394736844,1392.9741282051282,
3754,material_r_nocable,3,False,1.3927101102997756,0.9388153337251722,74.0223743466708,1820.3694847058275,1297.6681421714077,1.8265678903216616,0.5474748599811958,2370.2789607836585,0.3595802640304192,0.40312758,1845.66954459,1439.47049704,0.0,0.0,72.00209392,,,,,,,,,1.7628298997787226,0.0544026373408316,1.44462490738662,0.05425187735211856,1479.1311,1619.8750400000001,0.09920794259711586
3755,material_r_nocable,3,False,1.299683769787983,1.140613812134683,68.68126859112317,1245.4812730389046,19977.36541525107,3.68940685840784,0.2710462788133779,73704.6289759469,0.3548953067899337,0.02418678,15820.40717696,15780.75622576,0.0,0.0,853.22303917,,,,,,,,,0.1351075138674065,0.05283461892641658,0.13512567380507534,0.05528375140486102,15802.201204444447,15785.1365125,-6.720098972765178e-05
3756,material_r_nocable,3,False,1.3132451096722533,1.2453892754265674,20.675025622630653,418.4690177764599,14089.39029252957,2.0639648252764995,0.4845043809630015,29080.0059733732,0.2635941621651085,0.01275791,9431.05461231,9425.66424366,0.0,0.0,544.42235418,,,,,,,,,0.07135582041903661,0.05283373508520717,0.07125356298953683,0.05527617872959046,9426.364617777777,9428.3779625,0.0007170455902386989
3757,material_r_nocable,3,False,0.8310988951077085,1.0178925396589018,68.11547563270094,1405.5736864321043,1854.9564269881653,3.974906686637476,0.2515782328580744,7373.27870505642,0.3620553426852092,0.34531557,2113.5019116,1738.97366142,0.0,0.0,86.5581182,,,,,,,,,1.3238150195935385,0.05782068561595889,1.79291666311127,0.07557768108748959,1979.4151228571427,1691.9755307692308,-0.1505107565469443
3758,material_r_nocable,3,False,1.2242654634549524,1.024798941264049,4.603982423324858,1035.8184276768498,13968.216667854174,1.4860106322210755,0.6729426952385552,20756.918481598947,0.2767153028351153,0.08210577,3703.1225921,3611.24007673,0.0,0.0,213.91137965,,,,,,,,,0.44725909593499835,0.05284449584892647,0.45786374070872543,0.05546644458014293,3670.848746666666,3611.965635416667,-0.011716249269601955
3759,material_r_nocable,3,False,1.333526783783937,1.1906188593913516,0.9447883824472164,744.8121356025084,17194.435547936326,4.500849999934156,0.2221802548440026,77389.57523479706,0.3039732311102106,0.01277404,19622.3213874,19610.51950477,0.0,0.0,982.30586527,,,,,,,,,0.07139119740280937,0.05283588754284801,0.07126295774829966,0.055276510736468706,19609.478302222225,19618.951802083335,0.0008989549191460447
3761,material_r_nocable,3,False,1.0157684854855888,1.175553166292873,15.878393877746594,463.0349449120574,16285.574990895511,4.154190092239807,0.2407208090616845,67653.37427360652,0.1092434448886235,0.01545283,12723.26790696,12709.19587162,0.0,0.0,599.90598274,,,,,,,,,0.08662885660777023,0.05285521133384503,0.08567188477441445,0.05527397572615098,12706.10868888889,12717.863043749998,0.005554078442605714
3762,material_r_nocable,3,False,1.223414098946096,1.141252403169237,25.150803289320383,328.22707022169175,4092.364962658976,2.9770235521030965,0.3359059753805297,12183.066877637282,0.3056904221867838,0.04286283,2344.53553738,2325.15826515,0.0,0.0,126.86410692,,,,,,,,,0.2392924411049689,0.052855191030781644,0.23817196834483162,0.05529431507652454,2326.9255933333334,2335.5965625000003,0.002346714724618807
3763,material_r_nocable,3,False,1.3620796197987204,1.0684257100630188,27.745487974778307,1673.4059781084356,18604.168709270823,2.8051003660254668,0.3564934831251315,52186.56045597512,0.1525434169375573,0.05653442,7835.4597123,7733.782788,0.0,0.0,501.17187286,,,,,,,,,0.3121991134480845,0.05284025717839421,0.314414152631381,0.05530834084716132,7771.520262222222,7762.17011875,-0.0035349382197976216
3764,material_r_nocable,3,False,1.2541911328330728,0.9423249962464884,45.222985309696085,371.6382195407464,6799.07642395375,3.355977576739063,0.2979757692456575,22817.548021324,0.1612997555139525,0.08177572,2498.62413205,2136.28604098,0.0,0.0,106.98051344,,,,,,,,,1.9603789132984366,0.06767781291256149,1.4325776400950547,0.06304667744960832,2121.07262173913,2134.7738489361705,0.15555792268412558
3765,material_r_nocable,3,False,0.9873471189808428,1.1614120339189575,89.52768319704654,427.0757021105371,14960.965949895392,4.559602310345848,0.2193173728618778,68216.05491014858,0.2333929817662294,0.01457149,11980.38223745,11968.81457984,0.0,0.0,581.14206577,,,,,,,,,0.08139576698721848,0.05283660103388982,0.08162314306878614,0.055282440546926846,11978.10114,11965.724183333334,-0.0013947834732151163
3766,material_r_nocable,3,False,0.9293459213404768,1.192250100003403,79.19659944907079,267.11033367344146,7241.228066055167,2.566223260517444,0.3896777086333336,18582.60789782252,0.2296000058105959,0.02774581,3946.68139073,3933.95978783,0.0,0.0,199.77221125,,,,,,,,,0.15665243177619997,0.052840620481081554,0.15597566516151734,0.05534217365660056,3942.533775555556,3930.7660854166666,0.002164765807397858
3767,material_r_nocable,3,False,1.1638570769341543,1.0399734447723814,84.58351026831164,1548.5919272323956,4011.739592662354,2.077388947583941,0.48137350550701,8333.943490381676,0.2098825369602998,0.26503606,2132.07383186,1712.4626279,0.0,0.0,69.11700048,,,,,,,,,1.2594370237356454,0.052946669704706184,1.270587296086303,0.05549643375590683,1878.6097142857145,1786.451768888889,-0.004407179908627234
3768,material_r_nocable,3,False,0.8042362228403347,1.1292161564366787,49.75706300623229,1975.3065508122845,16977.88016836618,3.2846219779655783,0.3044490375782536,55765.91834028149,0.3390314123158853,0.00747629,7683.18304756,7636.26580984,0.0,0.0,380.18152804,,,,,,,,,,0.0902670988301122,,0.10566369957487536,7634.286353333335,7633.700777083333,
3769,material_r_nocable,3,False,1.079664314168707,1.004313174917928,68.75001676188539,657.881411786118,4836.99288159211,4.412101433166605,0.2266493676874267,21341.303225089214,0.3439722121205908,0.1526434,1518.04658229,1268.14976125,0.0,0.0,61.01650632,,,,,,,,,0.7885238376879927,0.053060864809537436,0.8504286628302226,0.05639931434132999,1420.530564444444,1269.936389130435,-0.03777096964229063
3770,material_r_nocable,3,False,0.9246322366151972,1.3878457594096345,48.56986905260609,469.8997537709392,13683.9128528932,2.615961501798261,0.3822686225743694,35796.589217131026,0.1355143897054911,0.00997115,16479.67880564,16475.11571145,0.0,0.0,981.1065206,,,,,,,,,0.056498322306819185,0.05280371228276946,0.055762413244656805,0.055273739595832455,16476.05679111111,16475.595941666663,0.006555355784435742
3771,material_r_nocable,3,False,0.9735365024554002,1.2041798177952998,41.9540285603015,1669.4718501401462,17351.850111405445,4.477022484592558,0.2233627379450178,77684.62309804207,0.4301040094573342,0.03059295,19570.16163588,19503.53712723,0.0,0.0,1044.36155689,,,,,,,,,0.17230177858285747,0.052853096456048104,0.17073850329639947,0.055324707467446055,19518.45604,19528.111095833334,0.0045571187088991475
3772,material_r_nocable,3,False,0.9936894198781272,0.92246255637158,77.47598948901602,1481.7376840207228,6762.733379983346,2.0431122704656257,0.4894493633343506,13817.023550531449,0.2517150109870458,0.31174249,1997.35467705,1481.68646945,0.0,0.0,43.3688689,,,,,,,,,1.3972231533951747,0.05325515320711767,1.4435966547872683,0.05621877290014067,1643.49364,1599.9732113636362,-0.016323985512394536
3773,material_r_nocable,3,False,1.3066918679834676,1.056447166283355,25.776307218514457,1372.6756934598272,6154.27406582636,2.7216444964252338,0.3674249158233039,16749.74614074886,0.1836846371289936,0.14097235,2791.83524473,2569.54529527,0.0,0.0,150.75096908,,,,,,,,,0.7478166184775527,0.05286742448732497,0.7576546849077616,0.05540557190804403,2638.77354,2636.0970521739127,-0.006534874765189013
3774,material_r_nocable,3,False,1.0518507076239894,1.088223673172018,86.47813720646448,1629.4391701260215,11340.905959595231,3.8501495590890777,0.259730170127883,43664.18408000627,0.1447654782692984,0.12358768,5392.53226382,5026.43288025,0.0,0.0,224.29333982,,,,,,,,,0.6387506210750903,0.05283780773740774,0.7149571446221045,0.056228170680269016,5340.805557777779,4927.329985106383,-0.056294663795302846
3775,material_r_nocable,3,False,1.1293752542829365,1.0499089145865368,13.470048956186083,1555.4655496730286,12380.271207301595,2.974109630689856,0.3362350834955759,36820.283828188,0.1699013072485181,0.13515139,3684.47025116,3276.59803132,0.0,0.0,171.15826456,,,,,,,,,0.7446794416377269,0.05314388208158372,0.7129826723617667,0.05547495432377704,3288.4725311111115,3514.0599934782613,0.02174493592962465
3776,material_r_nocable,3,False,0.9235064826528684,1.0268453227598886,66.72698256282531,988.3918199301548,13953.45290166428,1.2328423320030049,0.811133730600648,17202.407414781886,0.471748802226058,0.19709801,2093.05882948,1704.84673529,0.0,0.0,75.18987273,,,,,,,,,0.977574654677733,0.05345386796322104,1.1103255631514557,0.05759918906322788,1897.0818288888888,1665.666231111111,-0.0635810597365353
3777,material_r_nocable,3,False,1.3532448831709578,0.9104073561164686,15.444605609962016,1154.4641910414762,2863.143612087578,4.508114119586399,0.2218222461705885,12907.378144055612,0.2363839312289273,0.22343537,1833.12212336,1498.89751174,0.0,0.0,91.20528134,,,,,,,,,1.0521418779396532,0.052770957065278436,1.2084739727167817,0.05594628300460716,1589.4778238095237,1452.1001022222222,-0.06915464860238549
3778,material_r_nocable,3,False,0.9403326967531304,1.3186931660738694,2.667390700330188,1558.3691796732758,15823.996454768709,1.3421214790888891,0.7450890367084049,21237.72552697152,0.397424061041606,0.05845202,8246.16226527,8173.40681901,0.0,0.0,505.30300013,,,,,,,,,0.32826707065758015,0.05294024326397875,0.31839261778775363,0.055264013888635916,8150.050273333335,8235.45918125,0.015269937257982136
3779,material_r_nocable,3,False,1.0564072736399377,1.3484697532742247,71.13558951361654,1963.5706789626247,8114.236144162184,4.015822911099571,0.2490149645882144,32585.33541379874,0.357714638627627,0.04612135,14597.5930525,14522.71258373,0.0,0.0,810.08208812,,,,,,,,,0.2576960498340315,0.052856336709300594,0.25815150850445784,0.055360900566061515,14580.469064444445,14511.82973125,-0.0008829326863411882
3780,material_r_nocable,3,False,1.2250689760866722,1.1427563581251063,12.93629188089725,995.9811514122696,3504.2001467807154,4.531494851127007,0.2206777306061144,15879.264922455312,0.1713348717039943,0.12111332,3074.27717875,2906.52485693,0.0,0.0,132.73229957,,,,,,,,,0.6726908024963091,0.05307966947598856,0.63984968219718,0.05536403798256993,2886.8507222222224,3027.5031521739133,0.0250210341563661
3781,material_r_nocable,3,False,0.864210760889457,1.2925612911459283,85.8437271417646,906.8837754209438,18035.23756061517,1.397616682927607,0.7155037659576917,25206.34889527836,0.3604364274077456,0.03664565,8548.35293031,8509.81092624,0.0,0.0,509.659915,,,,,,,,,0.2045218695400032,0.05283781780172131,0.20613867805902508,0.055376038200547525,8535.173377777777,8498.7626625,-0.003937092395348727
3783,material_r_nocable,3,False,1.3495426907710404,1.2697090662896593,24.480316463043263,1988.877430367677,19910.701189906387,1.1029238367028866,0.9066809209504708,21959.986947816284,0.3004745483123999,0.04917575,10946.66730163,10862.92615597,0.0,0.0,663.43399509,,,,,,,,,0.27295595275880147,0.05283288571750577,0.2734101455794387,0.05527765545001761,10892.000682222222,10888.219722916667,-0.0008312975896906154
3784,material_r_nocable,3,False,0.9971948323999686,1.2794096703356304,29.326038784524773,446.0381259209584,2142.100316586617,4.238256203666968,0.2359460947959666,9078.769955650205,0.2784853312330255,0.05393453,3033.20144499,3007.46848057,0.0,0.0,161.77941052,,,,,,,,,0.3032375681157336,0.052945066068316254,0.2977683974140204,0.055407841741402765,3006.2308111111115,3021.649633333333,0.009100027313193863
3785,material_r_nocable,3,False,1.1096537867074812,1.3933536388475949,42.85634457640244,222.8940828445301,11493.158271406735,4.715959034668652,0.2120459471018838,54201.26358691734,0.3062433524743269,0.002924,26829.24511673,26828.71364577,0.0,0.0,1463.80312361,,,,,,,,,0.016488964443252634,0.052818380586124924,0.01635294113533472,0.05527002684075345,26828.837433333334,26828.894747916667,0.00414176051972459
3787,material_r_nocable,3,False,0.8395091222124365,1.285262247727442,16.623285018944955,276.33913228559413,7776.17114208918,2.9110076989059124,0.3435236534674384,22636.494062631584,0.2995559864516806,0.01284224,7394.61135959,7390.17909157,0.0,0.0,448.15702521,,,,,,,,,0.0720091228217485,0.05285952040847079,0.07111884228726778,0.055271632683438696,7389.184935555555,7392.721835416666,0.006220171814799553
3788,material_r_nocable,3,False,1.1352640997404275,1.093260377896461,56.36910764865481,330.63187052992635,11204.795047802552,4.435746831950645,0.2254411800053621,49701.63413594645,0.2433138989659506,0.02142788,5331.73116244,5316.19943419,0.0,0.0,265.25840421,,,,,,,,,0.12013707658080748,0.05283446377493192,0.11983268610389998,0.05529151482845122,5323.8887444444445,5318.51091875,0.0012684534647285338
3789,material_r_nocable,3,False,0.97282318604948,1.1569228601335095,20.014074191067344,1780.42260517799,9181.684936319863,4.217724368008771,0.2370946777804994,38725.81629529535,0.1474334616977142,0.102853,7612.23558417,7275.8074366,0.0,0.0,344.61723794,,,,,,,,,0.5959895888432966,0.05342751305713149,0.5413353551884481,0.055596120250069936,7216.274477777779,7459.212382978722,0.04805507339098944
3791,material_r_nocable,3,False,1.297514208804539,1.1782567405985898,47.15700637614926,1578.283027011677,18699.50579093157,4.9590310944142,0.201652294765078,92731.43066740806,0.4574660417057118,0.02000741,27125.60922373,27087.3158774,0.0,0.0,1337.30209587,,,,,,,,,0.11211183966683488,0.05283335782581066,0.11177932979011153,0.05528050681838682,27100.26363333333,27098.855158333332,0.0014851406490477774
3792,material_r_nocable,3,False,1.0332643918090685,1.2116225288024518,2.257961440534473,1626.9267573462516,15423.049980686304,3.5675088888671698,0.2803076407519592,55021.86789954102,0.3327974915713872,0.04266516,13867.7583627,13783.40085023,0.0,0.0,713.12579349,,,,,,,,,0.2391386939662927,0.05289644685467829,0.23454683938288085,0.0552686520437183,13758.127764444447,13856.456847916668,0.009693888160242808
3793,material_r_nocable,3,False,1.3148450168012056,1.339087610935385,83.83627824153909,435.4891092094646,1132.217213988175,1.6574481660832276,0.6033371181453802,1876.591344932562,0.2113301675543561,0.14422319,941.1456406,890.95354965,0.0,0.0,46.96075063,,,,,,,,,0.7575677592736512,0.052832135747003454,0.7774776899302959,0.05540596635866124,919.117328888889,893.5405152173912,-0.012970254833151494
3794,material_r_nocable,3,False,1.1403235814029329,1.0606963677617065,4.181345721206375,406.3229037516222,7663.450338483766,1.4385971052455104,0.6951216545297721,11024.617473135471,0.2624404227572083,0.0774061,1460.21313371,1408.517216,0.0,0.0,84.43347235,,,,,,,,,0.4264262427557476,0.05288121920930331,0.4283065358146012,0.055393218148853375,1427.13648,1423.465360416667,-0.0021998607120211947
3795,material_r_nocable,3,False,1.1031610994803391,0.8111719350947677,76.19455271341944,1070.023491740144,1588.8432162150852,3.780591675671841,0.2645088615189558,6006.767437170426,0.1084551060444056,0.44272307,1527.28989663,937.62182011,0.0,0.0,39.65265312,,,,,,,,,1.763377135609126,0.08279875824842224,1.541148471555931,0.05445544837435744,951.7008153846156,1067.6150878048782,0.06724979330508027
3796,material_r_nocable,3,False,1.2873599184854636,0.9377272312537746,62.19287691691356,1535.3658088714756,17100.880098087586,4.893500182071717,0.2043527051789418,83683.1598735782,0.4859972399370531,0.07733278,5703.40445837,5599.76543777,0.0,0.0,356.13054826,,,,,,,,,0.4289425837203301,0.05295564480404524,0.4239278782230975,0.055376842702388594,5596.939551111111,5653.730170833333,0.005879797367827274
3797,material_r_nocable,3,False,1.002035984495278,1.052122747246233,13.372440105089966,1512.678678080032,14555.413340486944,3.8142143227737497,0.2621771917821299,55517.46603717741,0.1128936186295436,0.13552236,5094.16043363,4533.33448352,0.0,0.0,193.0898231,,,,,,,,,0.8240773551985466,0.053967472034859965,0.6798992115291516,0.05555006928932481,4401.216775555555,4899.6215478260865,0.09586462107125315
3798,material_r_nocable,3,False,0.9132092607712812,1.2978361626478538,77.9040017973479,1497.143112237777,6907.200261362575,4.403601617721931,0.2270868454529544,30416.558244865577,0.3177268828012778,0.04754179,10882.88745926,10810.61059978,0.0,0.0,632.63373346,,,,,,,,,0.26543499688393846,0.05285658003253567,0.26695928762814697,0.0553805430927807,10865.748586666665,10793.31388125,-0.002863086228668764
3799,material_r_nocable,3,False,0.9660121779863964,0.9892951909261638,69.35506731632482,1432.6882402205624,15782.686628385369,3.855308623865281,0.2593826065726,60847.12786617737,0.4273552867139202,0.17579947,3453.81180696,2790.36942413,0.0,0.0,113.30330354,,,,,,,,,0.8632141876240331,0.0533320056074275,1.051945512728397,0.05820344433824293,3256.22973111111,2699.773911111111,-0.0985459985763241
9000,material_r_nocable,3,False,1.2816166164839653,1.057003470516209,58.54113657775359,1752.5102358530828,10368.465934379776,1.983806457096916,0.5040814321490771,20569.029670812004,0.1737120366162027,0.13072718,3858.64817416,3624.86961326,0.0,0.0,213.60142435,,,,,,,,,0.7066904848314114,0.05289762289553549,0.697858872565472,0.05527038022673681,3680.5924177777774,3713.93285652174,0.006287861810928071
9001,material_r_nocable,3,False,1.270261868921173,0.8447274782414844,34.81003617265608,1462.8539097541202,1548.2252153495044,3.2460581418801744,0.3080659545490403,5025.6290657494455,0.4217546468346103,0.36570998,1599.30624914,1200.49195428,0.0,0.0,57.1007819,,,,,,,,,1.4653009702894597,0.05428459900260161,1.5656035845737655,0.05536258292877949,1316.4943923076921,1309.6012024390243,-0.03309329359229264
9002,material_r_nocable,3,False,1.2546612770092138,1.007934419732993,0.3957453801383993,1376.850019966977,16805.625343072545,1.8297457208357977,0.5465240271436277,30750.021057456623,0.2279861933458517,0.08543063,4875.72013405,4771.39073732,0.0,0.0,281.07052619,,,,,,,,,0.4638395461627229,0.05284704587386095,0.477958259185479,0.05553173875192841,4852.820704444444,4757.890647916667,-0.014991235849754564
9004,material_r_nocable,3,False,1.2024659203436965,0.9708339400219412,74.58018364980288,1156.823769378319,5185.387709806772,3.908270959844134,0.2558676228630476,20265.900201770488,0.2581158465633864,0.19021098,1921.29807094,1626.50626475,0.0,0.0,86.52945728,,,,,,,,,0.9920045668880532,0.05311373792269623,0.97735072896472,0.05566791038687804,1713.7838500000005,1713.2691217391305,0.007440931534392205
9006,material_r_nocable,3,False,1.32394328149338,1.2923896520422355,85.08918173137079,1899.532372846522,6182.178670612359,1.249493884096854,0.8003240453816303,7724.594439324162,0.1992427946748207,0.1481334,3792.31425366,3554.58349122,0.0,0.0,194.25902749,,,,,,,,,0.783996225731743,0.052842988542493925,0.7871230489798902,0.05530478338479975,3644.106320000001,3611.6082108695655,-0.001990188331640877
9007,material_r_nocable,3,False,1.08929645203286,0.9990075941808548,78.66998821955656,1578.2614979174748,17663.529511112367,3.647432329701241,0.2741654702835595,64426.528595463205,0.3384616802471114,0.13254722,3741.07279399,3188.95044008,0.0,0.0,172.7119733,,,,,,,,,0.6998591306738762,0.052995360377203884,0.7379293801120321,0.05608638578511925,3503.868137777777,3225.7980276595745,-0.0264783374971792
9008,material_r_nocable,3,False,0.9658721961458532,1.1945618015360868,65.03281895600128,1096.8447952360723,16998.115998552967,4.124183111121266,0.2424722600951935,70103.34292211235,0.315996760757259,0.02697689,15489.85046267,15445.92748195,0.0,0.0,799.43348275,,,,,,,,,0.15212526621675404,0.052830417819469885,0.15119573736673214,0.05531842682530441,15473.314371111106,15442.4977125,0.003064505388813456
9009,material_r_nocable,3,False,1.272448116354371,1.287767201761297,22.172063898291743,1130.6692076238858,12484.776647548846,1.278866657746398,0.7819423502385986,15966.364583961073,0.3041380628851554,0.0457712,6800.56757821,6753.68770608,0.0,0.0,406.10965309,,,,,,,,,0.254920450003972,0.05284316512442485,0.2543276241602884,0.055284705385262256,6763.7101955555545,6773.651335416666,0.0011641199520616501
9010,material_r_nocable,3,False,0.9014312222198684,1.2502606954182072,65.97446899160826,476.74761345820986,11046.97170590981,4.141303470005244,0.2414698674566666,45748.86225873404,0.4307607231176863,0.01167818,13804.48785032,13798.00074374,0.0,0.0,807.45904311,,,,,,,,,0.06605603670708778,0.052819004181830456,0.065384046382081,0.05526439852861414,13802.28307777778,13797.404297916668,0.005112522064908506
9011,material_r_nocable,3,False,1.2517829744781588,1.1661410014015046,64.35882498604755,1973.364939139207,4529.239385308031,2.3092237071992447,0.4330459612390069,10459.02696413384,0.2928838919774074,0.18600651,3554.33908735,3200.6929487,0.0,0.0,152.86761301,,,,,,,,,0.9497743392074421,0.05298328168833937,0.9693003211335374,0.05563819101492985,3364.279853333333,3249.4903222222224,-0.010174685920049545
9012,material_r_nocable,3,False,1.3825974965553145,0.847179483869627,0.9324026385613418,1844.495988923051,4389.943043363212,2.421617953648844,0.4129470540525275,10630.7648893042,0.4608075669128212,0.19926259,2659.8017893,2465.09489211,0.0,0.0,170.20376874,,,,,,,,,0.9416565390887923,0.05273691217447269,1.1420548570573856,0.05642601698559163,2603.4098790697676,2407.41302826087,-0.09617373996189192
9013,material_r_nocable,3,False,1.0325443943786448,1.086195352653104,13.03518529690006,1572.2899035931932,4168.962604353015,1.5895373428935615,0.6291138767332262,6626.721740745915,0.1604859589859281,0.30416463,2117.53651949,1715.83338765,0.0,0.0,61.63841149,,,,,,,,,1.495020555079108,0.05366174516321397,1.3036601529447198,0.05572609015975878,1699.3309951219512,1956.447093181818,0.06837521750364635
9014,material_r_nocable,3,False,1.235594837055178,1.2371108459506683,63.65359325958598,1403.9623546862808,13505.07419579103,3.447200515101583,0.2900904648914894,46554.69872421594,0.3310174425866112,0.03279555,14408.68541815,14359.20131404,0.0,0.0,737.81973784,,,,,,,,,0.18343479885815756,0.05283716817510648,0.18324637272484584,0.05529998360550218,14387.89889333333,14362.64685625,0.0005138691264082575
9015,material_r_nocable,3,False,1.2120852839399916,1.265136727210055,52.72101091551095,1927.0388846570509,4686.520449611033,3.56581807846388,0.2804405547326156,16711.27934431369,0.4845998618930248,0.08779281,7429.11857553,7274.48131326,0.0,0.0,373.30272152,,,,,,,,,0.4829871393094131,0.05294049761438457,0.4839347778404352,0.055499013217684204,7341.107500000002,7308.34836875,-0.000980056935533532
9016,material_r_nocable,3,False,1.2175954086747312,1.3142939589927778,73.33049369050622,1765.1021078709573,13323.89722199788,2.3712680245238147,0.4217152973252843,31594.53144456525,0.1418053225721258,0.05329701,11225.66805277,11141.80475556,0.0,0.0,582.03035513,,,,,,,,,0.29597573404969096,0.05284542827079143,0.2975926904369342,0.05534730688809209,11202.459302222223,11135.29971875,-0.002724128037372842
9018,material_r_nocable,3,False,1.373116861445102,1.3482419082699326,82.36285454350941,1624.3192358044157,10573.537029890816,3.959835513811187,0.252535742081251,41869.4674375593,0.2108101269279573,0.03268782,17750.97247007,17702.71723862,0.0,0.0,865.47799652,,,,,,,,,0.18224657193706933,0.052832942762757296,0.18275511760332794,0.05528732326766844,17739.677177777776,17697.46548541667,-0.0013932693486952167
9019,material_r_nocable,3,False,0.9699141116257808,1.3702221946715871,8.31009456412466,911.2018787482014,8902.010619284503,2.4625904936174674,0.4060764477861001,21922.006725131763,0.2965289382766258,0.03054567,9751.37261758,9727.88689651,0.0,0.0,585.19295873,,,,,,,,,0.1709486456437252,0.05287167307623483,0.16842377108932996,0.05527954935455253,9720.814337777778,9745.716460416666,0.007439834323309957
9020,material_r_nocable,3,False,1.3379087271303185,1.0543171388888777,38.44978490880386,527.6950363047144,10299.83847564345,2.857663493507564,0.3499362336649989,29433.472400870887,0.4188512223506643,0.0251082,5511.06846234,5495.31772397,0.0,0.0,350.62357901,,,,,,,,,0.13983766713001844,0.052836993041896915,0.1401581308609934,0.05528126467651667,5500.047013333333,5500.7307645833325,-0.0011445305010800745
9021,material_r_nocable,3,False,1.3970376235649602,1.100716602071496,3.286433928089308,281.46211966364655,9375.494120829117,2.977273530245023,0.335877772008977,27913.41047891236,0.137056755603789,0.01622099,4492.17466793,4486.87464691,0.0,0.0,292.97717691,,,,,,,,,0.09055275362296011,0.05283460794504878,0.09071097423250979,0.055277062678150087,4488.551753333334,4488.625547916667,-0.0008728751825948981
9022,material_r_nocable,3,False,1.2048027385347375,1.0496297986018308,17.72027589177753,1736.115887163769,6836.719383366094,2.29247296306912,0.436210160865417,15672.994342457358,0.3526905663420158,0.16968712,3164.37294934,2811.34785182,0.0,0.0,148.271935,,,,,,,,,0.8893583787579067,0.052961426449016344,0.8868836675076199,0.055462071420405004,2889.1165933333336,2950.192491304348,0.0013932286174002746
9023,material_r_nocable,3,False,0.8178497590131104,1.2974964139127865,7.645716090163352,764.9261885488833,6940.263090537861,1.5005711079054649,0.6664129375353798,10414.358274923805,0.2653795935702351,0.07543236,3906.00571415,3756.49547728,0.0,0.0,225.01393798,,,,,,,,,1.9587331622321582,0.09591821442729824,0.48096505506494985,0.05561258778117208,3711.2809711111113,3797.26024893617,0.6057175828920339
9024,material_r_nocable,3,False,0.8596216716156204,1.3107013985409317,8.121058738443102,1134.0170334735103,2065.03430019108,1.803744324422398,0.5544022988514317,3724.7938987072384,0.4064384666016931,0.1986463,1909.28043261,1769.90300707,0.0,0.0,110.84361501,,,,,,,,,1.160785874289803,0.053801368104258784,0.9276771756190653,0.055589204661074934,1727.0865909090908,1878.881044444445,0.11161734399893242
9025,material_r_nocable,3,False,1.012319877662618,1.074874944313892,17.923311358068982,1140.9512141390996,12057.776365384085,1.3415138820324977,0.7454265016511961,16175.6743806061,0.2539641689124775,0.16595168,2350.28641143,2071.80312236,0.0,0.0,101.3880525,,,,,,,,,0.9166693858540066,0.05341305512171604,0.847320993022928,0.055644562594738656,2068.4706777777783,2243.4555782608695,0.03931336228445311
9026,material_r_nocable,3,False,1.018092678929074,0.9967396688981666,3.35545537564104,545.7117578359306,19122.90089509723,3.881988112405014,0.2575999645141799,74234.87394946665,0.3483706144744745,0.10388689,1778.5347553,1454.38195751,0.0,0.0,74.96000133,,,,,,,,,0.628784652889716,0.053892712978029014,0.5404225926178934,0.05555690511877667,1411.4001422222223,1695.6291936170214,0.07557433518423018
9027,material_r_nocable,3,False,0.980536038502596,1.0946762537509076,1.1969254474599855,956.1188898392046,4675.077398900245,2.1159589298198416,0.4725989648982188,9892.27176980189,0.2727922422755786,0.19793206,1912.97706049,1707.16587382,0.0,0.0,77.56431905,,,,,,,,,1.1468806909134495,0.05370099114715949,0.9335500211444052,0.05519498836767877,1641.707045454545,1878.9403844444444,0.1025415883992736
9029,material_r_nocable,3,False,0.9485843777772998,1.1118308501940355,79.53995618845775,1112.6112387178782,5578.37270952221,3.775881158248008,0.2648388437267436,21063.2724075698,0.2314319779638219,0.1405924,3513.02116777,3255.59422063,0.0,0.0,151.70447268,,,,,,,,,0.7086235896954636,0.05296384660949001,0.8497464990864471,0.057019711553563036,3439.481928888889,3177.8425326086954,-0.09055801982267976
9030,material_r_nocable,3,False,0.8366767667012046,1.0935951547456046,47.3047028816568,1047.3255521555377,17784.000830455396,3.988068873658698,0.2507479262971176,70923.8201610596,0.2896758021984208,0.01024299,7179.72360983,6991.55642388,0.0,0.0,317.95103651,,,,,,,,,,0.16540647942425846,,0.23514949928810172,6990.1647622222235,6993.142520833334,
9031,material_r_nocable,3,False,1.3950913376049154,1.0393054083882982,81.72464714395106,1599.2716679324692,11625.261791931522,2.2425779230974703,0.4459153859049813,26070.555444814167,0.2082584892708261,0.08074232,5432.27766151,5335.76339016,0.0,0.0,345.07215227,,,,,,,,,0.44879762749124114,0.05290687709018058,0.4390496931812368,0.05524875178167988,5333.673686666667,5398.31471875,0.010979291239648031
9033,material_r_nocable,3,False,0.875828777454005,1.0721577505054785,27.143720900814035,1583.9203347405655,3704.1628166565497,1.409562865515689,0.70943980184534,5221.250354183072,0.3716322422871478,0.34300365,1975.86318961,1639.6090259,0.0,0.0,74.68307565,,,,,,,,,1.6489053376656901,0.056595548615411204,1.3712780678276562,0.05634975445125784,1639.2209205128208,1844.6636875,0.09192397697870393
9034,material_r_nocable,3,False,0.8867085833163246,1.160574009498175,74.21570353429608,974.336900184632,6422.239003683306,3.681013793720189,0.2716642903392539,23640.35035912605,0.3705229455715896,0.0835291,4609.65499576,4478.72251398,0.0,0.0,234.10415049,,,,,,,,,0.4527499158733068,0.05291563315954838,0.4833981587881037,0.056079198036761264,4572.304666666666,4451.405420833334,-0.032738670029185145
9035,material_r_nocable,3,False,1.3667530296587975,0.8700378792457424,24.62428277003405,1692.507935161576,3341.237305913157,2.651795265296654,0.3771030188818633,8860.277268053056,0.4275554149915017,0.23094613,2154.28146472,1949.58254398,0.0,0.0,127.0181379,,,,,,,,,1.076338887948167,0.05285892579064632,1.223408519652249,0.05556389548309976,2067.774836585366,1962.5055090909088,-0.06395034133663238
9036,material_r_nocable,3,False,0.8926050597859547,0.9505004561593328,61.63336171576518,257.0618881082105,6966.007637096478,1.807183929919371,0.5533471073111057,12588.857057456366,0.1560641980542833,0.22856656,1270.11144536,545.88082242,0.0,0.0,20.27627998,,,,,,,,,2.2769650988694514,0.05560443543944782,1.4118417321666454,0.05978909393848913,581.1855976744187,518.909646511628,0.2345266115384561
9037,material_r_nocable,3,False,1.1084649358882714,0.8627611283455672,34.578356778759755,1231.1579516287516,2252.837612038841,1.4623719956320629,0.6838205347113355,3294.4866345522114,0.1496499580044304,0.42639702,1371.72935061,1075.44660644,0.0,0.0,50.06381599,,,,,,,,,1.5423521699033311,0.05722866844220348,1.6909169875062147,0.05424319535225205,1186.4955352941176,1142.6959837837837,-0.045948793734794345
9038,material_r_nocable,3,False,1.3558605186158317,1.1190481542203838,20.78136343774229,1293.288493523499,2557.137537377386,3.721679461549535,0.2686958966594201,9516.846253214771,0.2470947142473776,0.17784353,2471.61901694,2210.77156014,0.0,0.0,105.00488787,,,,,,,,,0.931845540286118,0.05298041859209633,0.9148873115009009,0.05539968294130797,2243.1866044444446,2337.6555608695653,0.009182827266438265
9039,material_r_nocable,3,False,0.8828309338882226,0.9774106360607476,35.65306506973372,959.2700342313756,13791.31251990379,1.7149735481889974,0.5830993726148106,23651.736166442744,0.1068126691972654,0.24261646,3294.46393834,1936.86454914,0.0,0.0,81.23437204,,,,,,,,,1.456280598519283,0.05543591881778382,2.3582334374927614,0.0599038057950883,1891.4184195121952,2042.8695674418607,-0.23645288245326315
9040,material_r_nocable,3,False,0.9287050137413676,1.257241211806201,62.23151346539013,236.4529164180445,9911.651783488303,4.366242480045894,0.2290298820026799,43276.67506448928,0.1211140307785296,0.00744145,12560.19154097,12557.7653541,0.0,0.0,667.54983217,,,,,,,,,0.04232384237773571,0.052794014547681754,0.041673271959987684,0.05524279037579962,12558.873397777777,12557.578941666667,0.007745151995725803
9041,material_r_nocable,3,False,1.3206785973416069,1.076459009359766,52.90794593173152,1170.3644452101248,13147.673102571143,1.6795759370716268,0.5953883822267181,22082.515371562356,0.2704897757253566,0.06077687,5220.19276904,5151.32171798,0.0,0.0,325.02940336,,,,,,,,,0.33621715086873893,0.052842167968860106,0.336282229954603,0.05527175317583147,5169.1374399999995,5178.1849624999995,-9.677196398959522e-05
9042,material_r_nocable,3,False,0.9150490792925804,1.2125152841630065,11.455496963528644,233.2701264177423,11133.28718267809,3.243235886417471,0.3083340327442589,36107.87652465324,0.2995686958028617,0.01035924,8536.32839607,8532.64569968,0.0,0.0,457.8308339,,,,,,,,,0.05797704499781434,0.052860201814448275,0.05724717947016751,0.05527255233937564,8531.635088888888,8535.208933333333,0.006334306271244592
9043,material_r_nocable,3,False,1.1505992848442446,1.305834890835286,44.8577967885508,1698.9102353304577,4697.966492324134,4.715131660979555,0.2120831552330933,22151.53055017859,0.3779638386718568,0.06647225,9244.35439262,9141.90391373,0.0,0.0,466.71760488,,,,,,,,,0.37086414510153753,0.05294929454418903,0.3681661823609806,0.055478449327576826,9173.028231111111,9175.928135416667,0.003650679329792162
9045,material_r_nocable,3,False,1.2040297979855636,0.894686422152032,35.01023190423788,1785.315384634995,4727.091489700882,3.3913005722325247,0.2948721231576624,16030.9880740181,0.3220350960614992,0.27320082,2300.59374249,1906.22462084,0.0,0.0,94.30203764,,,,,,,,,1.26701099181547,0.053027197768089694,1.3240531004341727,0.05544683378828528,2039.5609024999999,1987.5808209302331,-0.02201493540407833
9046,material_r_nocable,3,False,0.9180801062464944,1.2565430121258934,54.38615623161127,640.1728757721445,14758.755995559924,2.5406881034642885,0.3935941600373837,37497.39577985134,0.2370915110386896,0.02212697,10860.44983821,10841.80531514,0.0,0.0,594.96511536,,,,,,,,,0.12530215645583573,0.052814473851240634,0.12385372671037975,0.05530272553322827,10848.318008888888,10842.636172916667,0.00581334755996794
9047,material_r_nocable,3,False,0.8854474764246213,1.3601119988930543,81.02162753250803,1680.5986016324996,7513.472671313538,4.112761654176278,0.2431456242995643,30901.122292279728,0.1594168161545133,0.04373397,13310.66197456,13240.49676302,0.0,0.0,803.99995828,,,,,,,,,0.2459168835217755,0.05285608272951131,0.24511778387213184,0.05531302549604138,13286.852837777777,13222.131189583333,0.0016273792925553367
9048,material_r_nocable,3,False,1.05147605260609,1.1632747485586248,48.86243736696522,1743.6938584090517,7727.260044813405,4.355120180805525,0.2296147886819141,33653.14616349906,0.1619587526659883,0.10645702,6842.78071324,6575.9555618,0.0,0.0,303.91098646,,,,,,,,,0.5859210192448769,0.053230278521817005,0.586453121444318,0.056000355806928886,6667.849606666668,6630.542270212766,-0.0004538672263176208
9049,material_r_nocable,3,False,1.3807610570223277,0.999651435147494,64.62106726346843,1801.3011711718743,8426.569222169415,1.7065883405244362,0.5859643923810584,14380.684785176392,0.4175833277289021,0.10722167,4530.02313585,4384.81900929,0.0,0.0,286.82403365,,,,,,,,,0.5893887630191488,0.052878659714133594,0.5759027398566171,0.05516048493302942,4400.527704444445,4461.009889361702,0.011573089762733337
9051,material_r_nocable,3,False,0.9916492115328328,1.190860733740283,25.0144122493966,628.0970414545474,13534.818059031257,3.477407421095613,0.2875705601631614,47066.07676165421,0.3054308476782618,0.02337387,10134.47659193,10112.16417109,0.0,0.0,518.50153819,,,,,,,,,0.13133271434708288,0.05285287866580808,0.13001936267267766,0.05528650887769268,10109.856724444444,10125.7073375,0.005025219961446548
9052,material_r_nocable,3,False,1.1063266888274417,1.1878355789740351,76.5976803981438,1272.9530304290986,13015.323626402636,3.2167171525899985,0.3108759497846529,41866.61475555922,0.1374098261648066,0.05598942,8611.40319446,8517.51990451,0.0,0.0,412.71673614,,,,,,,,,0.3098978260928581,0.05284656756155542,0.31413788028834533,0.05542326449810702,8593.044997777779,8500.793906249999,-0.006794569849336662
9053,material_r_nocable,3,False,0.999598090748884,0.867587278544622,18.77609242929872,691.7460065953269,2656.6868343813344,3.2554917614460432,0.3071732546961858,8648.822102070602,0.2922594119866226,0.33460534,1172.82622948,702.35922405,0.0,0.0,19.50722348,,,,,,,,,1.4968168809982751,0.053518962023490935,1.455109202636314,0.05606891371804472,770.0894175000001,750.0061558139533,0.0141289711125179
9056,material_r_nocable,3,False,1.0527572480033496,1.0149811093979713,60.65934471877343,1963.1655491411009,11655.495101186643,2.1405811840188,0.4671628469248554,24949.533504023424,0.1966408472560553,0.21878189,3233.28483253,2588.58720194,0.0,0.0,111.86961923,,,,,,,,,1.0882789580311425,0.05329310341621193,1.1293582740626333,0.056334815665334985,2881.410572727272,2687.2062977777778,-0.01852391159247715
9057,material_r_nocable,3,False,1.3738271383455434,1.1143237643376358,62.50053149807079,1934.1093960164228,19884.89412701552,3.590742290576248,0.2784939489042302,71401.53028550587,0.120094166344722,0.04962923,10609.19296979,10473.94122399,0.0,0.0,639.51880983,,,,,,,,,0.275580218255607,0.052846693754757174,0.2757429772685209,0.05529797445347471,10528.098988888887,10507.07045625,-0.00029521524622071893
9058,material_r_nocable,3,False,1.1371779317786137,1.120605635013202,44.78919017041861,319.7324247906496,8971.113599372053,4.469563132897906,0.2237355129049571,40096.95860479236,0.1104507002769822,0.02414858,4955.60986873,4940.23588027,0.0,0.0,234.15131283,,,,,,,,,0.1356269341381934,0.05283960526215014,0.13490629676126853,0.05529663734002563,4944.756911111111,4945.280625,0.002663766571407586
9059,material_r_nocable,3,False,1.2233648787318128,0.9433333917813632,10.708024279209717,858.4224778753794,15680.622075604337,1.0187745429124588,0.98157144478818,15975.018587656818,0.4437951958667044,0.06626098,4168.79284156,4112.24426812,0.0,0.0,238.8436161,,,,,,,,,0.3604245940991777,0.05282773308227369,0.37359524000956223,0.05552213585716958,4159.878522222222,4100.095720833334,-0.017943174418953624
9061,material_r_nocable,3,False,0.902287945476016,1.364714686087918,32.695864749254135,923.4263931464642,3656.606726579483,1.5673558269807597,0.6380172152269515,5731.203859881394,0.3616547684843306,0.10589446,2731.20323464,2658.59925223,0.0,0.0,169.59535899,,,,,,,,,0.5925723801819,0.05333968766842417,0.5698309422646335,0.05586301301976648,2658.846657777778,2692.250265957447,0.01956415426394524
9063,material_r_nocable,3,False,1.2510419088297116,0.8438975084627365,41.20032473245909,870.877495874539,13632.6621020668,1.1520185989545455,0.8680415410892651,15705.080294843729,0.3250704508484279,0.09442189,4585.89881893,4182.07639569,0.0,0.0,232.27620998,,,,,,,,,2.7611979362380557,0.07956836517203354,1.7621816349877124,0.0707949626442927,4171.6294847826075,4208.570178723405,0.2208561730272007
9064,material_r_nocable,3,False,1.1069719905666218,0.9924129267970878,44.18222953491018,994.030265319132,14340.47723798191,3.348852920962831,0.298609710130981,48024.14908641671,0.1064001577087376,0.13702984,2248.83998323,1981.90827409,0.0,0.0,107.15872777,,,,,,,,,0.742631842764937,0.05323027619426602,0.7422726825305028,0.05595736052662843,2055.808744444444,2051.701076086956,0.000241874294485502
9065,material_r_nocable,3,False,1.3877064865351705,1.1141127151690051,67.07067452726352,1184.4252742356248,8206.81775146458,4.725505537201709,0.2116175702530585,38781.36272735115,0.3081203410934652,0.04961762,7245.42142526,7162.7649061,0.0,0.0,390.10607025,,,,,,,,,0.2755745436239839,0.05284351055767027,0.276002558057827,0.05530593449873623,7204.109619999999,7175.1031875,-0.0007759829632847204
9066,material_r_nocable,3,False,1.2241192715499154,1.1949058153521606,19.777574244307928,1856.815784658567,4438.668991938204,3.3131018600180293,0.3018319515218763,14705.762493194816,0.2423445934593886,0.1537599,4410.04273363,4115.69312658,0.0,0.0,190.11965306,,,,,,,,,0.8376683354430663,0.053186168357141766,0.7939298395524995,0.05552086044650789,4108.062893333333,4302.383397826087,0.02680714930971631
9067,material_r_nocable,3,False,1.1747625182711483,1.2581107621211851,73.61773805631222,516.108681419151,17605.289961584112,1.2808270119781469,0.7807455578685607,22549.330936504644,0.4095959101020113,0.01638243,8712.20464848,8704.19326559,0.0,0.0,527.12016326,,,,,,,,,0.09162435361497401,0.052832521295238404,0.09159808644302356,0.055276589623998826,8708.173273333332,8705.448162499999,0.00014336219920516125
9068,material_r_nocable,3,False,1.393093857460138,1.283097589734607,16.77434088758601,1940.84510833362,10984.02377180401,1.819932925895968,0.5494707995942717,19990.186521130137,0.2493862063204936,0.06604866,8290.82105881,8176.21030345,0.0,0.0,477.44361731,,,,,,,,,0.365702342868142,0.052845141394843254,0.36492389273502585,0.055284248049540366,8198.093082222222,8227.449191666667,0.0010654560364555237
9069,material_r_nocable,3,False,1.2241825871022305,1.3156045448949365,27.24154197699644,1051.7846153934818,17615.350045214782,4.490083868957072,0.2227129891523103,79094.39908405113,0.3764093545935104,0.01108125,33646.88781886,33636.09797045,0.0,0.0,1708.16635378,,,,,,,,,0.06217500587940213,0.052831983543755554,0.06184216119896179,0.05527550420673233,33636.03320666667,33642.83281666667,0.002683859729113341
9070,material_r_nocable,3,False,1.2743637862919397,0.921773243079183,81.60330561221795,1905.5746793513013,7778.693014756655,2.0002535300068303,0.4999366255319571,15559.358161606471,0.1859073041337177,0.20691091,3598.70835022,3109.32554559,0.0,0.0,174.6712965,,,,,,,,,1.1932596796228305,0.05348997300184014,0.9688250323322644,0.054943475148025646,2968.3735534883717,3277.2562413043484,0.10380474273259073
9074,material_r_nocable,3,False,1.340212285230912,1.2943654790607215,88.01954502287288,1064.0870656172565,2414.206705299096,4.179686531897761,0.23925239186441,10090.627251355898,0.1080659620482202,0.11255551,3646.65904351,3531.7964564,0.0,0.0,159.77945215,,,,,,,,,0.5997216585630009,0.052806917788805356,0.6235438545726234,0.055433678895769604,3623.945862222221,3511.671919148937,-0.01947426437990438
9075,material_r_nocable,3,False,1.0927485178220682,0.8855659786068605,67.95575038627798,947.6687789102724,2575.4204139034264,2.689579425206964,0.3718053427342268,6926.797756492659,0.1988252486615287,0.33979933,1212.87865215,904.76046526,0.0,0.0,32.83711749,,,,,,,,,1.5356255380106767,0.05309073548994798,1.434827052128542,0.055118763924309845,933.250525,1009.2767214285715,0.03393371307010508
9078,material_r_nocable,3,False,1.294187216695986,0.9469150449539808,79.96927946340817,1674.976946810514,1799.7936030262686,3.33985825631036,0.2994139042010512,6011.055524721853,0.1585809614248112,0.37239287,1940.10406895,1431.55775638,0.0,0.0,51.38211734,,,,,,,,,1.6170433169403169,0.05276740843994117,1.4694031662486244,0.05455923135122468,1575.6892743589742,1573.8755738095238,0.04783499454659245
9079,material_r_nocable,3,False,0.925834310269038,1.3083471160820412,17.95050265041096,1015.8710074683,15647.913442994686,3.301578863942587,0.3028853894484434,51662.82028819433,0.4321686228719695,0.01635727,19889.47957253,19872.75908106,0.0,0.0,1210.28515239,,,,,,,,,0.0916982517556207,0.05284629201091356,0.09088170561793184,0.055276693737069976,19869.486180000004,19884.408920833335,0.00447226601120426
9080,material_r_nocable,3,False,1.1056390386785564,1.2965153437817285,66.80868982942377,1060.1810399760595,16984.79412570544,4.204569940523379,0.2378364527515794,71413.75482691918,0.4805737122038264,0.01176474,30374.84265454,30363.06073236,0.0,0.0,1650.69704031,,,,,,,,,0.06618983921945454,0.05282576840528909,0.0658460940821069,0.05526840717190638,30371.13850666666,30362.60348333333,0.002603421119935194
9081,material_r_nocable,3,False,1.0453239850810203,1.2177623614334758,22.51847636833857,1917.5440108776531,10233.361754713678,2.882459386454816,0.3469259635362691,29497.249644862164,0.1272960887846967,0.09937342,7725.76607031,7467.69479862,0.0,0.0,364.09599105,,,,,,,,,0.5616018784251041,0.053199313956811475,0.5312030245980942,0.055537612689653834,7431.8203044444435,7609.75179148936,0.027817274376160623
9082,material_r_nocable,3,False,1.3019578817620492,1.1246864482223342,2.9811326980757187,341.1268258673749,3988.090572095116,3.0027563624612106,0.3330273519694916,11975.264339430178,0.4555001976797814,0.0326546,3032.37980223,3019.43506908,0.0,0.0,171.86417732,,,,,,,,,0.18217341490748934,0.05284004229359413,0.18194040642179005,0.05527927621145795,3020.5475244444447,3026.547583333333,0.0006399330979764604
9083,material_r_nocable,3,False,1.0467702375632069,0.8070083186674235,15.769703644818604,1162.4321972403536,3566.832760986408,1.2437507725615629,0.8040196010816968,4436.251002074738,0.1782285982168221,0.3955871,1695.7200552,1199.46044275,0.0,0.0,62.81518746,,,,,,,,,,0.053997943674353024,,0.10899155899009469,1362.1278051282052,1110.4765219512194,
9084,material_r_nocable,3,False,1.1168179955827393,0.9626874856408076,29.1064512383006,475.6055815586375,18279.10918062578,1.219897808944845,0.8197407952269001,22298.645238908983,0.4815280867124245,0.06588035,2496.55236201,2444.31109199,0.0,0.0,129.03078409,,,,,,,,,0.36042576949624816,0.05289913583117753,0.36971687003827924,0.05556253253487641,2475.801942222222,2445.72756875,-0.012725048557572593
9085,material_r_nocable,3,False,0.8285149549160818,1.1573513212425686,51.928263882135774,610.7896208126572,19018.67148472656,2.1397282849333488,0.4673490587760068,40694.78931772475,0.2685003269242086,0.00280141,7287.70400285,7283.74468004,0.0,0.0,350.19952426,,,,,,,,,,0.12436311379960509,,0.14807261526725815,7283.404344444445,7283.276752083332,
9086,material_r_nocable,3,False,0.9575930164500784,1.221251799842278,72.90005793456567,1757.1333617302205,4003.82562651012,2.324580959558091,0.4301850601882684,9307.21681677617,0.2276362418709733,0.20687799,3445.72851516,3133.21925016,0.0,0.0,161.04585759,,,,,,,,,0.9856066757726167,0.05377268828444377,1.170754919359807,0.05750404350689158,3334.015511363637,3063.8909799999997,-0.08586140840438229
9087,material_r_nocable,3,False,1.0715410864716703,0.869198408554171,60.39988498678815,496.6159603589732,3932.8785899838495,1.433381338210875,0.697651053032534,5637.31477633195,0.2491817842746224,0.25648506,1162.0725803,801.52508985,0.0,0.0,38.28983381,,,,,,,,,1.3812911936751715,0.0542323573058969,1.1815953521270761,0.055384499089487824,769.0734850000001,851.9524255813953,0.07791833074904438
9088,material_r_nocable,3,False,0.8842302447756727,0.9058877194179856,10.36578549969113,1237.148102097132,3849.747659797129,1.0601456699972946,0.9432665984501468,4081.293312116144,0.4487360259284461,0.41160628,1468.80439756,1047.48912475,0.0,0.0,23.90930376,,,,,,,,,1.6396374085887087,0.053312921634862225,1.5607431076425013,0.055644030310442655,1135.0834837837835,1204.3537925,0.024651537698746454
9089,material_r_nocable,3,False,1.100954231112906,1.1101644566225513,58.10973936495283,617.4275711637429,1319.6073918023749,2.2518484131245,0.4440796255075062,2971.5558111775376,0.4678975916371936,0.21995994,1006.80564152,878.16551381,0.0,0.0,38.98721544,,,,,,,,,1.0827464329197718,0.05329404545467468,1.1214941049140192,0.05620197806823661,938.1431022727272,898.4507044444442,-0.017578694942397968
9090,material_r_nocable,3,False,1.000482898605545,1.1790643799572362,40.47858462933937,750.2946196847809,12881.646049227182,3.874058538228623,0.2581272301727378,49904.25086344757,0.3219231431880635,0.0278465,10206.1265472,10175.28217929,0.0,0.0,515.83334275,,,,,,,,,0.15685742995306517,0.0528485767261931,0.15542272486501585,0.055313572430016694,10180.963737777778,10187.232683333334,0.004594288384688148
9091,material_r_nocable,3,False,1.0269600685821374,1.1610719973984764,75.97463719730882,709.5424977165467,18042.58202908933,1.4291855494194838,0.6996992100894014,25786.19751019014,0.1284561770636469,0.05895524,4445.15313988,4381.1412144,0.0,0.0,220.40971964,,,,,,,,,0.3258991758899662,0.05285198913491746,0.3317887686147687,0.055496416860725345,4428.086231111112,4368.755739583333,-0.008954995714932242
9092,material_r_nocable,3,False,1.3621794756340284,1.0220165800077103,11.761612172583671,1431.9356516584312,17775.526545853656,4.588846306234091,0.2179196977334954,81569.15933130657,0.4685177157773335,0.03334793,11545.37802108,11476.40577384,0.0,0.0,712.5486143,,,,,,,,,0.18573995873505109,0.05284009321003482,0.18605544965096193,0.055287138296279896,11488.21458888889,11508.628004166667,-0.0008485605491482922
9093,material_r_nocable,3,False,0.878180370034776,1.183064542907701,5.954509750813337,1970.445409346465,9670.12835840243,3.0958989849406384,0.3230079549960427,29937.740569023765,0.3641481693877143,0.10773401,7057.47863258,6772.53130797,0.0,0.0,364.46750573,,,,,,,,,0.6366089082295604,0.0534684908883317,0.5516945536800297,0.055293029879844996,6678.646811111113,6982.618665957447,0.07145847611440455
9094,material_r_nocable,3,False,0.8103318167110231,1.1724551961366645,48.82392565075682,1263.0498460515555,1322.2997956710265,2.183051351551507,0.4580744283863475,2886.6483560959155,0.1871891084503084,0.37956394,1722.57592337,1423.52043514,0.0,0.0,89.54379834,,,,,,,,,1.5103066547691577,0.057244552370821856,1.5880358490937128,0.05341860264770208,1507.547189189189,1471.3650725,-0.025087347259912643
9095,material_r_nocable,3,False,0.9187990972805972,1.3243633237411907,30.802011737119344,621.2566075152322,15520.446261600522,3.381931648232704,0.2956890038042519,52489.08840680176,0.4236175127814344,0.00927164,21240.0123353,21234.89569765,0.0,0.0,1313.00633178,,,,,,,,,0.052142446619109016,0.05282607540609273,0.05174883049244338,0.05527309827706897,21234.818248888892,21237.78698125,0.0037887312352796825
9097,material_r_nocable,3,False,1.1736636076988385,1.2805654885516895,49.58406365444437,1629.634463648903,14047.682272163702,2.027418897847202,0.4932379791181002,28480.536509537807,0.2751791018106498,0.05245305,9811.94414039,9732.52317708,0.0,0.0,536.01800541,,,,,,,,,0.29266476421501714,0.0528644143298043,0.2917505182246545,0.05534582615038504,9762.455206666666,9753.552360416666,0.0015643772807345047
9098,material_r_nocable,3,False,1.2161149526758797,1.3886457963488104,31.700218692866613,1074.4214064937128,1849.3741466068384,3.9818700373255504,0.2511382819193307,7363.96750217828,0.3247769254180823,0.09665612,3998.53285879,3919.88436603,0.0,0.0,200.24044762,,,,,,,,,0.5361778552655005,0.05311058229519523,0.5242179381885504,0.05562257185110956,3924.092991111111,3963.6597957446797,0.011278729273333678
9099,material_r_nocable,3,False,1.23345580437055,1.241294656485668,81.1610534346341,364.5150820161778,3397.1418181502486,4.9660086391394,0.2013689610039216,16870.235617315862,0.1177101744226464,0.03221614,4453.23591839,4439.13915304,0.0,0.0,204.86452129,,,,,,,,,0.17973933193319572,0.05283388780536226,0.18035502735556125,0.05530064262922764,4450.832359999999,4436.406241666667,-0.0017098169034961452
9100,material_r_nocable,3,False,1.0133705186059103,1.1387132155813289,31.58120228836949,1535.8820404954874,1618.1661823371371,1.990589109651855,0.5023638455325898,3221.103980167224,0.1179152881446251,0.41522895,1895.23195445,1541.38074123,0.0,0.0,63.68332712,,,,,,,,,1.734150672143958,0.05841993926202304,1.5140850365998315,0.05382673202749178,1578.2000117647058,1728.9437189189186,0.0677492815412813
9101,material_r_nocable,3,False,0.8550558406240008,1.1003683584321868,36.287311485517975,690.5797259028037,11772.87557388952,4.289730255353864,0.2331148907910782,50502.460541830354,0.4191216222651168,0.0673385,5841.43791392,5475.7682711,0.0,0.0,265.63686662,,,,,,,,,1.2057348172409557,0.06912143685379704,1.3461469875252767,0.0624589039332694,5476.1217866666675,5520.082812765957,-0.0550229912772875
9103,material_r_nocable,3,False,1.3028670859042448,1.2609127679737084,38.63602238692791,1924.4230103803727,10684.318373074952,1.5905953768308778,0.6286954020905131,16994.427408802225,0.1092999543891267,0.09955086,5609.36774629,5417.69322944,0.0,0.0,307.46016836,,,,,,,,,0.544750364703581,0.05288336479062214,0.5429649640718586,0.05534697156621741,5469.268611111112,5488.616825,0.0016414226999378694
9105,material_r_nocable,3,False,1.144359614500351,1.346557795802743,83.62671895171606,1176.5651381733462,6613.365099721561,1.2072453872790552,0.8283320114842979,7983.954511031143,0.4040274058311626,0.08126854,4111.6082457,4036.37003926,0.0,0.0,242.89324716,,,,,,,,,0.4442395431733893,0.05283502530098121,0.4511065434591522,0.055376167843005156,4082.83904,4039.3484958333333,-0.007669660244554295
9106,material_r_nocable,3,False,1.1817257820264286,0.9487720022360818,22.32045249989508,1142.6624721188612,13663.640896283456,4.465887134788193,0.2239196759385697,61020.27809307811,0.3570100816590539,0.12580524,3589.58520065,3024.25170846,0.0,0.0,160.14897963,,,,,,,,,0.6692650818229243,0.053083121186897765,0.7003203895793051,0.056020288911568315,3123.3198155555556,2939.8041744680845,-0.02267496874407207
9107,material_r_nocable,3,False,1.1580636924956975,1.226137235967789,75.70370129559973,1971.103908088049,1437.3670629452276,1.560115565902508,0.6409781569107748,2242.45872881642,0.1286192986057505,0.46502655,2232.56381753,1705.90390254,0.0,0.0,51.98106442,,,,,,,,,1.5551351833566252,0.05399998583831993,1.7770807609402797,0.08105064055304247,1958.0094333333336,1727.076792105263,-0.06660600071958568
9108,material_r_nocable,3,False,1.3146596660482142,1.3845444836015477,31.15050451422453,701.8608263067676,19200.411318553197,1.0912725396956848,0.9163613704408458,20952.88162279932,0.4213039196164546,0.01307499,14465.60346725,14458.66584752,0.0,0.0,889.48861274,,,,,,,,,0.07313570359061237,0.05283302051872139,0.07304297110307136,0.05527564378571884,14460.480842222227,14461.309743750002,0.000634377673318901
9109,material_r_nocable,3,False,1.06551151345947,0.802742003093075,44.73855025930441,852.3937107595378,1655.5321927843995,1.120934647137818,0.8921126691492577,1855.743394344079,0.2236170768297465,0.45275693,971.85256845,756.87277527,0.0,0.0,41.52339425,,,,,,,,,1.6169740326126103,0.06251981261709558,1.6418192775394775,0.055161689378936375,808.7711911764706,817.6809416666667,-0.007624062823949921
9110,material_r_nocable,3,False,1.0281818210654403,0.9305047158994496,23.21318988090172,1135.4100336400577,1097.456958893439,2.7268706626082864,0.3667207299973249,2992.623184681827,0.3002207115566969,0.47039582,1394.88785419,990.05634325,0.0,0.0,22.54223789,,,,,,,,,1.7317295406071647,0.06677778044638144,1.5905719782106702,0.05648173123465624,1012.9418944444444,1166.0768184210528,0.042487884256430214
9111,material_r_nocable,3,False,1.1546891309374998,1.1813723398739295,29.96723729250106,455.5304015881064,7403.931983514853,4.9587778780948,0.2016625919901473,36714.45413077201,0.2322534896612109,0.02293896,7577.39701296,7562.4074542,0.0,0.0,358.65892394,,,,,,,,,0.12876617588849112,0.05284287605342852,0.12787924029899556,0.05528708052800294,7562.662997777779,7571.183389583333,0.003455879332158566
9112,material_r_nocable,3,False,1.1322999158784228,0.9276356091640702,10.115308918349854,484.8568856394081,2273.425459321348,1.2742746440493264,0.7847601807584037,2896.9684179493875,0.1152635310861878,0.27284073,795.08880796,628.076083,0.0,0.0,29.67867936,,,,,,,,,1.1860982025476947,0.052677313268588474,1.463416115707549,0.05603940057322375,697.3510121951219,591.8904488372094,-0.10466745216250556
9113,material_r_nocable,3,False,0.8491330028874746,1.3840726699043226,89.33286258226265,343.869410481529,6883.324333781305,1.778171617041297,0.5623754143955474,12239.73196121961,0.4736092853342286,0.01628089,5906.31225736,5902.10469757,0.0,0.0,416.11658701,,,,,,,,,0.09094038825367748,0.052835947668823456,0.09115899169647784,0.05527420437546223,5905.684766666666,5900.92270625,-0.0012004623127228674
9114,material_r_nocable,3,False,1.2637518563055552,1.0574619503165497,30.41489812480063,301.1471559068447,14565.30985810564,4.895184878054323,0.2042823764395733,71299.88456157429,0.1713373002995304,0.0149013,5562.25435538,5552.44607887,0.0,0.0,333.63687212,,,,,,,,,0.08322074320744391,0.05283702191560806,0.08325445733673496,0.055279952283792615,5554.126095555556,5556.971504166667,-0.00020251742710534972
9115,material_r_nocable,3,False,1.0984017897753051,1.0035304268433027,62.94315032763114,952.4083153756422,18299.599745035448,1.7685326400139962,0.5654405111754601,32363.439448286998,0.4229179286156943,0.09778718,2798.8073051,2614.84090599,0.0,0.0,153.35362283,,,,,,,,,0.5375845556381746,0.052983297097370874,0.5350905778717961,0.055500946429525126,2665.1228555555554,2683.110025,0.0023250075334717494
9116,material_r_nocable,3,False,1.3979193290020615,1.3897708819221029,9.720810393659818,1326.961966857725,7742.591042343248,1.9990267328454507,0.500243435252405,15477.646475133875,0.3724178274691929,0.04134435,9412.28286434,9370.60248408,0.0,0.0,534.23745253,,,,,,,,,0.23053756130987849,0.052841746638997586,0.22965785701069838,0.055276744409475595,9373.142513333334,9394.409466666666,0.001911588564680788
9117,material_r_nocable,3,False,1.3295434898181917,0.9363714159502514,88.78233349015404,1634.3582733765716,16845.666699393667,4.062636452759163,0.2461455785247149,68437.81960398784,0.3378119982533164,0.08199263,6718.79551056,6466.29743076,0.0,0.0,386.28114293,,,,,,,,,0.4644997814249047,0.053120387388257535,0.43853368883273164,0.055318552315014785,6389.241108888889,6541.07514375,0.028754296986096134
9118,material_r_nocable,3,False,1.2990196374961929,0.8888774789057499,80.03704363234164,936.405391253092,3519.817615599452,3.0697191374651216,0.3257627018039731,10804.85149499249,0.2447047872072249,0.20567549,1914.26779596,1576.30717156,0.0,0.0,91.88341294,,,,,,,,,1.215828327136158,0.05366910008035221,0.9604140228316942,0.05501150550550858,1479.9917348837212,1645.4823347826089,0.11736482580087503
9119,material_r_nocable,3,False,1.3814371575663669,1.1431335249880723,38.19014953748694,1248.0294044999646,1754.271227005214,3.6003525374356977,0.2777505784786943,6315.994863498657,0.3623750022076569,0.18952934,2308.23601711,2076.26123248,0.0,0.0,94.33617052,,,,,,,,,0.9768399200191091,0.05299606787191773,0.9690661372708199,0.05548081202047262,2134.8431177777775,2157.633142222222,0.003994942468659455
9120,material_r_nocable,3,False,1.153367902372047,1.39597344995048,50.87276873375274,572.0002073152118,1442.8876401591772,1.9883964293695036,0.5029178212299888,2869.0326316738965,0.2268039721579709,0.12683138,1516.45173282,1469.1996243,0.0,0.0,79.5139687,,,,,,,,,0.6850603466282598,0.05327046490200519,0.6877618394415956,0.05596170281122977,1489.0658933333334,1478.3394586956524,-0.001967838836484543
9121,material_r_nocable,3,False,1.3202910260556964,0.9593760244102566,68.1020766509163,1022.5762981407588,2734.4705628277834,3.239042584429333,0.3087332055488193,8857.066598867636,0.4152639765961979,0.18695257,1609.22613791,1420.8144524,0.0,0.0,83.0147856,,,,,,,,,0.9869626129267421,0.05300241642276563,0.9429142027042886,0.05519479245300357,1467.7070840909091,1487.4092804347827,0.02282446727463825
9122,material_r_nocable,3,False,0.8648953090179463,1.2098076356250895,58.81384006673425,1497.3157838298753,5822.081909233728,4.2978855284873925,0.2326725533688055,25022.64158336389,0.2955902965246284,0.08894593,6418.91869802,6242.24750873,0.0,0.0,345.69643282,,,,,,,,,0.4899038255597082,0.05315946132459587,0.501570755946131,0.05608761490918456,6325.68914888889,6242.000214583332,-0.011767251126804698
9123,material_r_nocable,3,False,1.1454448683331104,1.100776439784735,16.672519688413523,1679.7497498603484,15612.07173349898,1.5806346875454018,0.6326572533675819,24676.98212641556,0.3780360147179017,0.09797711,4899.70671173,4681.55223409,0.0,0.0,270.61448827,,,,,,,,,0.5379277864564178,0.05291366425001072,0.534136414061429,0.055363212815508656,4724.788464444445,4777.934345833333,0.0035365161835993223
9124,material_r_nocable,3,False,0.8796772147675601,1.1402784702725337,76.80958323268533,1264.857061605393,13718.60262597507,2.1864813533223475,0.457355832685472,29995.46883533348,0.3727979511937286,0.10265376,5349.52970724,5110.63916541,0.0,0.0,255.77261632,,,,,,,,,0.5455119256784882,0.05293405177961494,0.6261843761972882,0.05687998847712926,5258.682391111111,5050.755341666667,-0.06885099013255479
9126,material_r_nocable,3,False,1.3632937288715192,1.1751793926361072,35.37485304374548,1876.4337547506304,18010.258489974633,3.1723745671149857,0.3152212889253547,57135.28598076227,0.2393468712687277,0.04097851,13507.07330468,13414.66017617,0.0,0.0,751.78687684,,,,,,,,,0.2283692272763846,0.05284366991838305,0.22807097367742024,0.05528978855964851,13435.340700000002,13452.685372916667,0.0006534341154462294
9129,material_r_nocable,3,False,1.3677736499501263,0.985460952822619,2.3823559448788663,860.2504722927429,3155.1853461020755,3.2697801607048698,0.3058309583065147,10316.762448031295,0.2042638578849908,0.15840562,1562.45769473,1467.88262142,0.0,0.0,90.76948366,,,,,,,,,0.810790996066096,0.05283243556523673,0.8703153122025132,0.05578308365537391,1527.918246666667,1462.3349304347826,-0.03540782390955517
9130,material_r_nocable,3,False,1.0330628650556075,1.3320832401766214,81.33691077187275,1263.6421207334738,9934.737017118508,4.31384909401026,0.2318115395803925,42856.95628052687,0.3191953619427348,0.02536894,17445.84719272,17416.84985574,0.0,0.0,964.58198846,,,,,,,,,0.14211711209999103,0.052835100182259676,0.14206293136753398,0.055281894910456,17441.39349111111,17409.595302083333,0.00019065635924306486
9131,material_r_nocable,3,False,1.0251053715230078,0.9256434043983152,45.93912150143535,1676.6387208343062,8459.507748283977,1.481088228457924,0.6751792234829777,12529.277344531996,0.4258811402076455,0.28045099,2274.74314396,1757.71780282,0.0,0.0,66.04373397,,,,,,,,,1.3239261832240043,0.053149969751288946,1.3182303732415073,0.05565357028471049,1899.0748,1913.5398886363635,0.0021557428035666923
9135,material_r_nocable,3,False,1.0444250315541568,1.1315254108466284,7.080891149659972,1207.3066462928848,4201.391265560616,2.198922415779774,0.4547682050189039,9238.533431302594,0.2318900126167441,0.20273685,2271.50569183,2033.97428193,0.0,0.0,91.76536838,,,,,,,,,1.1260174382180823,0.053491868433044834,0.9683155721674873,0.05535403704225678,1985.8475044444447,2219.878497777778,0.07529932693061162
9136,material_r_nocable,3,False,1.1640351121237589,0.8316382799396004,21.531417150354244,1627.1608088565797,6848.795312146333,1.6417695448100074,0.6090988855051056,11244.143562119398,0.2679834725270144,0.27204301,3047.89001674,2360.49739056,0.0,0.0,131.64605798,,,,,,,,,1.1595984180696657,0.053449737190861164,1.5295575223083722,0.056456474773968736,2505.6754124999998,2220.7234642857143,-0.13757443318318613
9137,material_r_nocable,3,False,0.9607104551754504,1.023445676686477,49.16212431126959,361.4654254550831,15380.68368617707,4.441943619983176,0.2251266755168287,68320.12977079356,0.2272752669742238,0.08377097,2668.66958945,2352.04428001,0.0,0.0,94.91423885,,,,,,,,,0.7900187439174499,0.05240743212083234,1.091556776574848,0.05643807147115253,2399.362402222222,2375.6385458333334,-0.16025826727300496
9138,material_r_nocable,3,False,1.2261578959066122,1.3316019358284714,64.1514487068226,1659.4368658499416,5876.122083259961,1.8273183545833984,0.5472500166660806,10737.545736513764,0.4300402717284469,0.08678031,5723.37914497,5610.14066436,0.0,0.0,317.78438929,,,,,,,,,0.4755754871008393,0.05288081076894642,0.47915702441228547,0.055418181098077675,5668.704895555556,5625.4556229166665,-0.0037513515757098366
9139,material_r_nocable,3,False,0.8968515254990673,1.281610733716854,69.64443426500782,1049.2744601539453,19766.782950764587,3.732190962485714,0.2679391301387162,73773.40868626029,0.3295285468922795,0.01492624,24168.69859266,24151.13824805,0.0,0.0,1419.24254968,,,,,,,,,0.08452768662642623,0.052824158867838145,0.0835832812047035,0.055266923729058406,24162.523220000003,24148.454310416666,0.005617750191477135
9140,material_r_nocable,3,False,1.0370698924249244,0.8213658206873174,47.75722416605754,1127.0138670256076,1738.977643499892,4.370185886890161,0.2288232184813546,7599.655555240737,0.3182975460210071,0.42347821,1446.26347381,997.46822491,0.0,0.0,24.68925499,,,,,,,,,1.6181380443260878,0.053064646615133694,1.6150262355711587,0.055454536915663676,1101.7378166666667,1110.681331707317,0.0009624654009316254
9142,material_r_nocable,3,False,1.0185937948729806,1.1628196110437974,28.92593585186152,541.5991580110795,14855.88036883689,1.7890185568159154,0.5589656944530492,26577.44565768646,0.3355032334015415,0.03737678,4915.71478032,4887.75917483,0.0,0.0,261.14365009,,,,,,,,,0.2098704344833444,0.052871739463233335,0.2076728892413711,0.05530658443477146,4887.999895555556,4904.648279166667,0.005263035275884641
9143,material_r_nocable,3,False,0.9854234763800712,0.981672349202644,42.67987192560562,1327.558483390202,10376.764743073449,3.7348487064411824,0.2677484628160126,38755.646377712335,0.3275767425954291,0.20320373,2682.64981168,2131.22204186,0.0,0.0,83.13939581,,,,,,,,,1.0764618969511393,0.05421510197973666,1.0414703535138239,0.05718044789725334,2302.6555659090905,2334.4793755555556,0.016521559379264115
9144,material_r_nocable,3,False,1.1827128016222286,0.9489127798136412,43.5303104755896,408.5514226616381,16840.498085589083,3.0887256241852774,0.3237581195849253,52015.67796100211,0.1941386919419775,0.00964881,4233.54303106,4094.38211454,0.0,0.0,171.60152536,,,,,,,,,,0.1699341777178191,,0.1957579399599317,4145.273595555555,4140.94634375,
9145,material_r_nocable,3,False,0.8631719818987086,1.0507471562552415,43.82996964826698,1884.0982762770811,6278.960481760371,4.221663873514059,0.2368734295200088,26507.66062907019,0.4839813626033187,0.20436915,4097.18962622,3582.81008552,0.0,0.0,171.14357438,,,,,,,,,1.0794544722543347,0.05518139339173579,1.0409545722340556,0.05828322230251117,3734.5293348837213,3761.636456818182,0.018156826919953194
9146,material_r_nocable,3,False,1.1561401376822291,1.3021405219200195,5.061162841884782,1794.6012301146206,16784.11341606466,1.3470111056576424,0.7423843766394016,22608.38717005653,0.3342399678837681,0.0572496,9065.75696099,8975.82301575,0.0,0.0,530.1120239,,,,,,,,,0.3190068203756579,0.05286727580455425,0.3156897785088408,0.055275805624932235,8974.214717777779,9033.924227083333,0.005226185034939457
9147,material_r_nocable,3,False,1.2752159933934326,1.0786858573953697,83.17045915884731,584.3924483401667,3185.953954933078,2.732105695742379,0.3660180503112914,8704.36294664562,0.3927961202406329,0.09556353,1746.72944523,1677.64387572,0.0,0.0,97.1634659,,,,,,,,,0.5225566782689764,0.05287134173315587,0.5231155420098338,0.055354354059549006,1709.0163200000004,1691.3880270833333,-0.0005344540382915874
9148,material_r_nocable,3,False,0.9857403926500816,1.204402359821355,77.30665285670118,605.8730692788082,14190.283068399056,4.112112788880655,0.2431839911356631,58352.04448340038,0.4200624678493863,0.01491245,14512.16423328,14500.63448349,0.0,0.0,774.15647085,,,,,,,,,0.08378920345818813,0.05283044913558843,0.0835117305112112,0.05527259855250082,14510.381722222219,14498.246052083334,0.0016585259890281323
9149,material_r_nocable,3,False,1.2015959917405443,1.3789583908153662,80.94129800235983,1602.1631904546405,6484.493712588624,4.116245469119264,0.2429398361934829,26691.767863975278,0.3871849821195016,0.03950892,14002.62327567,13951.52381547,0.0,0.0,738.91692763,,,,,,,,,0.22004536245250653,0.052836142160817515,0.22102601379146078,0.05530439734391822,13993.825555555553,13942.7205375,-0.002223339331845081
9150,material_r_nocable,3,False,1.3050907598869903,1.2189270881896384,76.86331010106299,1114.968556843182,19333.491991679995,4.867828697088696,0.2054304007448065,94112.12713203437,0.306802698084372,0.01489815,26646.52432783,26626.6481246,0.0,0.0,1287.88039166,,,,,,,,,0.08338766194114798,0.05283162657779282,0.08335443495023948,0.0552751026567657,26640.86487555555,26625.461362499995,0.00019927175876976495
9151,material_r_nocable,3,False,1.3647785935635754,1.0598207892029272,81.27884867788485,825.7282265478717,18432.688023218445,1.3295134075458162,0.7521548818721027,24506.50586397811,0.3189513062630945,0.0278319,8135.15683171,8116.92256292,0.0,0.0,521.54440055,,,,,,,,,0.15527544551066372,0.05284454141430662,0.1546338472960085,0.055273328311412344,8116.129697777778,8129.217972916667,0.002070277431323989
9153,material_r_nocable,3,False,1.111196462308956,1.0797924262985756,19.621587469461826,1151.2743891036837,13879.143709094344,4.798464628544698,0.2083999940421119,66598.58016257788,0.4733685261520362,0.04647185,8552.43910777,8443.51075093,0.0,0.0,421.9870044,,,,,,,,,0.2605890980677444,0.05289494376661651,0.25705075416864004,0.05529593540088978,8435.72382888889,8518.786016666667,0.006835532240837849
9154,material_r_nocable,3,False,1.3348483401812063,0.9478007697486835,37.11152592434725,397.18814942100266,8737.726405783162,1.5298247413115822,0.6536696478987903,13367.190038378609,0.4363397272154741,0.03220109,3474.31535753,3465.00108408,0.0,0.0,227.55418119,,,,,,,,,0.1782483232475441,0.05283768655151589,0.1798516197270513,0.055292596571405096,3469.348848888888,3466.794858333333,-0.004477231876076926
9155,material_r_nocable,3,False,1.0175881271576663,1.3539048622819705,27.92650262387533,876.8755363267678,10292.8661200672,1.3846256325904085,0.7222168768674051,14251.76626266643,0.1433863537260307,0.05243226,5821.83569956,5775.22287904,0.0,0.0,325.74550038,,,,,,,,,0.2945911356546032,0.05291742795101795,0.2895911694713776,0.055360074487122164,5770.625528888888,5795.034172916668,0.008558914125526902
9156,material_r_nocable,3,False,0.8916570144479434,1.0110369000737658,59.57703335372081,1308.454538692199,18877.37037923917,4.396432329638793,0.227457157308767,82993.08143385281,0.3368175861114543,0.15342987,5911.29750998,4268.55151101,0.0,0.0,184.2751283,,,,,,,,,2.537455287991887,0.05664091763599932,1.7395941788876663,0.06489946762760335,4479.923630232558,4228.954984782609,0.18654474662560389
9157,material_r_nocable,3,False,1.0077662504885776,1.1094557486678778,37.47023261980768,638.4230518240399,14636.447896769758,3.508996844299002,0.2849817324927722,51359.24948151185,0.1790864722636207,0.04432212,6083.90222631,6014.91841006,0.0,0.0,277.13349604,,,,,,,,,0.2502009831232268,0.052922276494922864,0.24642490341544854,0.05539505268204319,6022.257588888889,6043.049129166667,0.007603469352144215
9158,material_r_nocable,3,False,1.0393739259526666,0.9782701641483734,27.565482939977148,1161.4251191643127,5570.595751687779,2.8550363371920517,0.3502582390890013,15904.253290876277,0.4407597725662876,0.22347766,1927.51807309,1519.13990505,0.0,0.0,63.95467348,,,,,,,,,1.1648278477973384,0.053595045868716204,1.0895763438767652,0.05597110916773042,1576.087511111111,1708.4838777777775,0.03337977466440569
9159,material_r_nocable,3,False,1.235065717939234,0.8333189349146203,49.8590375592133,1165.8513135946473,8060.764672595433,1.9007120195960632,0.5261186280142105,15321.192300337463,0.2152930005417008,0.02673326,3358.39154602,2946.69190511,0.0,0.0,133.06121657,,,,,,,,,,0.35241170370454084,,0.20861573853667556,3023.043282222222,3055.564864583333,
9160,material_r_nocable,3,False,1.0551330409814634,1.3720230143317704,74.6512340278704,1952.5267708882309,13377.197935965196,3.784429885654361,0.2642405937524963,50625.06765518052,0.3962353456755622,0.02597755,24797.33617045,24757.20952936,0.0,0.0,1426.2181911,,,,,,,,,0.14582351377382033,0.05283442281583569,0.14541576015672425,0.055285913865564605,24789.786482222222,24750.1518875,0.0014000639803590548
9161,material_r_nocable,3,False,1.0426204424560923,1.0122863106208737,2.8073006082558907,1525.2942049196602,8786.785549895212,1.757681927058614,0.5689311499455684,15444.374157990602,0.3474932527134065,0.21955091,2428.34093526,1966.13415015,0.0,0.0,87.59580495,,,,,,,,,1.142780164607248,0.05330676037144951,1.075109453394237,0.055588542659558156,2016.3972068181813,2189.125224444445,0.030511307083888307
9162,material_r_nocable,3,False,0.9809403584296036,1.2839419161486378,14.74877565885431,348.38414699322,13785.118856729749,1.6606210005612922,0.6021843633568398,22891.85786871889,0.2774915980185304,0.01621381,7344.6958054,7338.44110484,0.0,0.0,414.97959077,,,,,,,,,0.0908339557178461,0.05284922651734321,0.09000964336730811,0.055275254358284474,7336.990502222223,7342.5628354166665,0.004558150549469188
9163,material_r_nocable,3,False,1.143454373082598,1.251573903576578,52.60195425862767,1793.9106082555757,7848.666851106433,2.423271720713629,0.4126652374359034,19019.452425588705,0.1903986567106613,0.10662296,5920.29568849,5741.97575789,0.0,0.0,290.33001493,,,,,,,,,0.5820331875073844,0.05304273063360946,0.5850805240118894,0.05569184840787756,5821.493166666667,5774.920878723404,-0.002611002230912121
9165,material_r_nocable,3,False,1.3793376105906767,1.21979318735445,87.22934476814362,812.1277867493117,3004.2556776594283,1.5540578405428267,0.6434766930236674,4668.787090861938,0.437178326219072,0.09227909,2446.31058755,2385.9759668,0.0,0.0,141.07459725,,,,,,,,,0.5059379281074625,0.05284953255201002,0.5041454989054585,0.0552800736946926,2405.7109133333333,2405.3047687499998,0.001774535799785116
9166,material_r_nocable,3,False,0.8542891594716127,1.2027872208710633,67.43145778021758,823.6889365087477,14655.055444626723,3.851767987578229,0.2596210372029034,56447.87341779725,0.3021960660393901,0.02481402,12708.52125557,12675.61397431,0.0,0.0,698.77599468,,,,,,,,,0.14102664665584616,0.05282822404190257,0.13929036797377634,0.0553246050242462,12694.696646666664,12671.19794375,0.006193982496438673
9167,material_r_nocable,3,False,1.2640380410851693,1.263971987861782,74.30950122967448,670.8513196481649,3021.963817585921,2.212185298160969,0.4520416986910266,6685.143928837972,0.4491592291700189,0.06799427,2971.88637563,2931.72786444,0.0,0.0,163.0974396,,,,,,,,,0.37510556857102695,0.05284384258988205,0.3774623974159388,0.055340230785952224,2954.537771111111,2935.2168562499996,-0.003131715607667334
9168,material_r_nocable,3,False,1.011273644702515,1.2355752696059996,7.40635005483165,1200.5837529107582,11145.109621467103,4.607313025437212,0.2170462467991535,51349.00872891099,0.3658393876510853,0.02971025,14679.00581604,14637.34199591,0.0,0.0,773.07874081,,,,,,,,,0.16638619023272283,0.05287287631489525,0.16406089424158468,0.05527740171263017,14624.92786,14673.003747916664,0.007036817997160881
9169,material_r_nocable,3,False,1.081149776166064,1.241578991686198,44.55140604995451,467.2230861720464,13477.237449339034,3.702371867429143,0.2700971257904412,49897.74478309534,0.1161009718329812,0.0141051,13104.24028755,13095.73184879,0.0,0.0,640.0077041,,,,,,,,,0.07956518983959071,0.052822992782363784,0.0788682422335801,0.055280394625338125,13097.655877777775,13097.974418749998,0.0043989932988936845
9171,material_r_nocable,3,False,1.218395339287356,1.224859031513981,34.859618131112555,560.1048947213261,18701.40555889982,3.2715827233464565,0.3056624528745261,61183.19532879203,0.1885461112450307,0.01257139,15344.96680234,15336.69856988,0.0,0.0,776.60075468,,,,,,,,,0.07054097135886792,0.05283106216035122,0.07022282902265568,0.055276132585208256,15337.810899999999,15340.739627083332,0.002260114712375945
9172,material_r_nocable,3,False,1.0480431513043165,1.379143021959344,60.30924306024599,928.9587585100294,5052.378426356829,3.2004176427653586,0.312459219896044,16169.721053639474,0.1577510026518959,0.04637722,7265.62845462,7226.33701199,0.0,0.0,396.59309591,,,,,,,,,0.2606039559296085,0.052872505769296224,0.2592193987306022,0.05539251401260133,7245.090666666669,7225.048335416667,0.0026635148009295463
9175,material_r_nocable,3,False,1.084658610416944,1.0156281696942608,55.35826886282472,1561.7129348595877,19081.32781749866,1.942182688865297,0.5148846222001088,37059.424567709735,0.3733824426613561,0.13155045,3549.17850305,3149.72615033,0.0,0.0,176.09339713,,,,,,,,,0.7092088367591061,0.05303901629908253,0.7117627907995255,0.055680301523633034,3287.9032444444447,3262.092655319149,-0.0017973293701911656
9176,material_r_nocable,3,False,0.992911847658813,0.8354190615607442,54.30197011000902,1182.079033019582,1377.9047696993186,3.099339407640516,0.3226493999123788,4270.594552704928,0.3022793803536417,0.49171738,1462.68130474,991.57261048,0.0,0.0,23.8270292,,,,,,,,,1.6614268315212806,0.06615067990163896,1.6781056967819972,0.08094680350153127,1125.5300057142856,1106.7644194444445,-0.004994371253868476
9177,material_r_nocable,3,False,1.3226739581673457,1.38604605404355,54.7531337018617,1300.1235462890356,17820.24557818969,3.366909716718295,0.2970082610277692,59999.1579915131,0.2112191999803517,0.01620933,28000.90521704,27983.6452463,0.0,0.0,1422.92746597,,,,,,,,,0.09109566460566058,0.052828018257402166,0.09064939318510294,0.05527633125567979,27991.818031111106,27986.50662291667,0.0024554803634408502
9178,material_r_nocable,3,False,1.3248848500039356,1.1527311904347228,59.94539855879779,435.86403854370656,5370.362179271321,3.89998735042826,0.2564110880744752,20944.344566376494,0.1613710980286334,0.03626493,3719.06936267,3696.09092928,0.0,0.0,198.38391046,,,,,,,,,0.2022514815544277,0.05284106473173404,0.20228728612095503,0.05529819922307145,3706.921311111111,3700.086466666666,-8.850713303219528e-05
9180,material_r_nocable,3,False,1.0969693879145923,1.1534818385949936,32.40095705567065,1306.2612174068393,8353.035001700518,2.71950081203382,0.3677145436305771,22716.08547007148,0.3505050011088026,0.09228893,4810.56538918,4655.84145633,0.0,0.0,238.5409199,,,,,,,,,0.5130724705672788,0.05301110298537932,0.5024123150925872,0.05545866488910876,4672.444444444444,4737.51078125,0.010497602352323337
9181,material_r_nocable,3,False,1.1797461525672903,1.263460575673136,78.11668945650715,461.1685560305961,11417.374307597504,3.4942656030640347,0.2861831679661457,39895.33832034501,0.1944699897770072,0.01411157,11848.16289404,11841.3092738,0.0,0.0,591.7153886,,,,,,,,,0.07910078279019979,0.05283099256817752,0.07898849887909813,0.055271211154057885,11846.837646666665,11840.193689583335,0.0007102563179238197
9182,material_r_nocable,3,False,1.2067351671257711,1.364820139715058,28.287662488697567,342.00184945367664,16248.727947148403,2.891127215936386,0.3458858518877445,46977.13959234692,0.370829718319564,0.00483334,22995.43409655,22994.10600219,0.0,0.0,1262.11031494,,,,,,,,,0.02712073441036409,0.052829626642326474,0.026989229072576004,0.05527324561174709,22994.143037777776,22994.894304166664,0.0024303349942113245
9183,material_r_nocable,3,False,1.043994189201477,1.3334628482535913,50.05490077097102,1353.2593590195702,8946.569570007901,2.734441139459332,0.3657054399780297,24463.86788926459,0.3824140844930679,0.04220476,10437.8299126,10391.74057432,0.0,0.0,598.15911281,,,,,,,,,0.2369323143633631,0.05286467614472222,0.2354466998840693,0.05535781126421085,10410.437015555555,10402.068997916665,0.0031449629100492376
9186,material_r_nocable,3,False,1.3217492929944146,1.106315055259318,11.038468860192816,1461.2296888763694,11448.493497111162,3.052696521772283,0.3275792378534362,34948.77627816384,0.4695225473780506,0.04765865,8786.11833356,8706.01013122,0.0,0.0,501.61353784,,,,,,,,,0.26510767914550837,0.05284529447124635,0.26481455783788205,0.05528663435339233,8716.903217777777,8746.115158333334,0.0005531402292059467
9187,material_r_nocable,3,False,0.8076569153839777,0.8600594991074146,44.51840438860766,1862.2410864047376,3240.833005672307,1.8485791476023132,0.5409560100778174,5990.936315147157,0.3328948904962945,0.51564966,2236.89013445,1609.29321718,0.0,0.0,60.31823555,,,,,,,,,,0.10340320749247355,,0.10188644115654708,1786.8243939393938,1802.4644428571428,
9188,material_r_nocable,3,False,0.982610858301028,1.0383147763660112,30.04480583159252,1935.123079175376,8125.071655910046,1.394528951935018,0.7170880164319442,11330.647660713155,0.4596755667489108,0.25405023,2800.47503232,2277.55757793,0.0,0.0,94.2689163,,,,,,,,,1.2728426785981954,0.05366658263294013,1.1972388460341818,0.056117234455661684,2372.8855279069767,2501.0818155555553,0.03060782885506815
9189,material_r_nocable,3,False,0.8452317916508667,1.189172522315166,55.10333575103348,441.58284861692346,12741.634115059323,3.3083973435544647,0.3022611543163746,42154.38845880521,0.1697530333689201,0.0408369,9671.54138319,8975.50476981,0.0,0.0,477.2209914,,,,,,,,,,0.13915273791150987,,0.20654756036566535,8958.421221739132,8911.257514285713,
9190,material_r_nocable,3,False,1.1932827025607498,0.995645676626632,63.96553396300504,844.6101870031206,16973.77395275067,1.9063229716712464,0.5245700832757181,32357.495202083654,0.1581165633477013,0.08060451,3655.59665937,3544.2750004,0.0,0.0,189.32822888,,,,,,,,,0.44918162343996876,0.05298792772316286,0.43977890391155716,0.055353860690932635,3532.2397288888887,3591.2965999999997,0.01057720701775708
9191,material_r_nocable,3,False,1.2093922637129264,1.0329154873718849,1.5957309393434622,1421.8507584941824,16368.507721464704,3.8434632932898367,0.2601820086966522,62911.75859338085,0.3939603971406422,0.06491778,6185.09022401,6009.28444073,0.0,0.0,353.86631254,,,,,,,,,0.3607849921410506,0.052889233559812086,0.35856622851003556,0.055318782518781875,6020.503802222222,6109.7022,0.003084395448730626
9192,material_r_nocable,3,False,1.177494292657722,0.98252588618321,40.390449538224615,1874.3583889644303,17723.993259173018,1.49347988682597,0.6695771458464419,26470.427446813974,0.4424306481960178,0.1218807,4568.39643177,4307.4352603,0.0,0.0,249.45270278,,,,,,,,,0.6555327824426388,0.0529121943369719,0.6623530237613319,0.055462374080107214,4403.441377777777,4381.013274468085,-0.005175138306055555
9193,material_r_nocable,3,False,1.389856708572955,0.8495663067952451,4.289755675788624,1049.8781642864797,5046.290620125426,4.271544296143894,0.2341073697638446,21555.4539150812,0.4474152750017951,0.13504367,2955.07343929,2679.62470925,0.0,0.0,166.752208,,,,,,,,,0.6801346347134276,0.052823794368522116,0.8215765953878805,0.05672949144107022,2723.091393333333,2588.5266042553194,-0.09418718981339108
9198,material_r_nocable,3,False,0.8753830787258612,1.322381486997727,23.103518948198403,1951.2393534278483,17926.204866807013,3.888504073970844,0.2571683045657258,69706.12065541504,0.2894774719483292,0.02464893,26438.16648657,26386.5516032,0.0,0.0,1617.76365072,,,,,,,,,0.13841596854232488,0.05285358281754637,0.1368780202328179,0.05529130320537448,26378.84956222222,26414.713779166665,0.0055865669873495375
9199,material_r_nocable,3,False,1.321167010124793,1.1940374967936416,12.383045378589102,1761.3141586361874,13133.716016620308,2.1604040653485352,0.4628763739336286,28374.133475439685,0.4099497722566898,0.05018889,9973.77439794,9887.98744617,0.0,0.0,574.26519265,,,,,,,,,0.27911823949930714,0.05284439353572156,0.27857215488421794,0.05528350027035585,9901.089157777777,9929.5471875,0.0009791895657318068
9200,material_r_nocable,3,False,1.1528492539200332,1.12233743759695,62.96921795067402,1790.7316282483284,1812.734029822377,2.782595933052088,0.3593766483023465,5044.1063390888685,0.2571925824012311,0.33889564,2424.0323026,1961.83915546,0.0,0.0,61.51653603,,,,,,,,,1.4110397567270123,0.05428495043981575,1.5316254814305643,0.05743470756688723,2189.620728205128,2026.748492857143,-0.040978403910820506
9201,material_r_nocable,3,False,1.3937387451407457,1.1499264420951447,79.0563205219342,623.9400286362466,9712.80366044625,4.626741806746416,0.2161348183600529,44938.63475650629,0.1323735883117451,0.02491608,7643.04631864,7619.76303945,0.0,0.0,412.94484775,,,,,,,,,0.13905775419011737,0.05283481110630867,0.13916521910646615,0.05528333116984613,7633.632037777778,7621.099687499999,-0.00038625464703886773
9202,material_r_nocable,3,False,1.269929064518878,1.3722553805206776,12.061130919417948,423.4015113298447,19639.948597393333,3.2278795709285784,0.3098009011879974,63395.38885161333,0.2562534189910572,0.00499418,29092.78951775,29091.06524428,0.0,0.0,1513.26128539,,,,,,,,,0.027952448606098475,0.052836134467356036,0.027829663935045934,0.05527553968027154,29090.771151111116,29092.4176,0.002201147741795827
9203,material_r_nocable,3,False,0.921326887351078,1.0693546913135026,66.29822271426877,811.3065180599081,4295.017791971868,3.767706714856748,0.2654134399731326,16182.367375241609,0.1010567824377412,0.17808742,2397.21214829,2102.74203199,0.0,0.0,94.50105303,,,,,,,,,0.885009739005587,0.05390490899005261,1.0872510533384867,0.058538316188675915,2229.300027272727,2066.2560659090905,-0.10254288637585886
9204,material_r_nocable,3,False,0.8962308389642636,1.362315323621236,89.86242044072223,576.1018357340702,14812.04002725626,1.6564723182239869,0.6036925513323192,24535.73428157566,0.1015320268233836,0.02001413,10784.12446727,10770.62185792,0.0,0.0,622.71910594,,,,,,,,,0.11368656311082992,0.052842934224491114,0.1114105363082685,0.05527342941469047,10777.274593333334,10766.77386875,0.010111311111671795
9205,material_r_nocable,3,False,1.3581733563501226,1.0416941712719523,3.625138092832387,219.0044581672705,1029.6085434394702,2.763617153771488,0.3618446204226614,2845.443832318996,0.3797312208103051,0.10104666,585.05377459,561.47770232,0.0,0.0,35.17195718,,,,,,,,,0.5477112318631138,0.052847613219678985,0.5556743593932213,0.055394471430795116,569.2555155555555,568.93506875,-0.007216994306623639
9206,material_r_nocable,3,False,1.1642555376557089,1.3488544310765564,25.2107831240407,1117.8291235166007,18862.84029580586,2.6200427971180664,0.3816731547667682,49421.44885021456,0.4336179708460813,0.01441045,24351.68974413,24338.66857806,0.0,0.0,1379.13618459,,,,,,,,,0.08080234392817746,0.052834441772714014,0.08038750390127997,0.055277047025425095,24338.58739111111,24346.8440125,0.002573611381136162
9207,material_r_nocable,3,False,1.0914429025442696,1.278025627990384,12.515609438139093,1564.240675763123,5474.876761793823,2.3847860357245563,0.4193248304123751,13056.409648838786,0.4866983373700703,0.08813752,5613.77753101,5495.51949606,0.0,0.0,307.51896195,,,,,,,,,0.49195105624897323,0.052974059670229404,0.47613131107089063,0.05531614795223349,5480.086002222222,5583.999022916666,0.016341321474410867
9209,material_r_nocable,3,False,1.3645591066962175,0.8650838961321732,16.64275846972626,1677.8734610726435,19567.40188077652,1.914464357939885,0.5223393143114343,37461.09347823251,0.3395484840667605,0.06812928,8973.03416365,8816.28045877,0.0,0.0,529.53155685,,,,,,,,,0.3663128053107057,0.052796066193468605,0.38939349627116415,0.055714463668647636,8862.382331111114,8776.479610416667,-0.030541879711926668
9210,material_r_nocable,3,False,1.2097511189255803,0.9054858798781448,86.47984515405888,1480.4922281918152,2434.8091023395928,3.5617208337079904,0.2807631610361031,8672.110305904778,0.2016047284505692,0.34038227,1774.55194068,1340.42091497,0.0,0.0,52.51434832,,,,,,,,,1.5563005486490185,0.053048230678460616,1.4128023188958605,0.05511035907167058,1427.4739725,1484.1316928571428,0.04833050121696025
9211,material_r_nocable,3,False,1.0541367264760453,1.079576880760282,36.92716360244781,1351.4254418910473,2824.3530851183323,1.352812078627383,0.739200969446281,3820.8189678565927,0.2105656271362158,0.34426457,1650.78600156,1282.04672239,0.0,0.0,39.24766396,,,,,,,,,1.5061543454391104,0.05383870999490975,1.460532220500486,0.05633159039311414,1355.4442783783784,1420.360430952381,0.015378141210605151
9212,material_r_nocable,3,False,1.283919716164825,1.3272464693637325,16.24036237503532,747.6861643805017,11920.8539824565,4.084319468260288,0.2448388300110003,48688.57599883527,0.491935747638024,0.00973018,25862.93335372,25856.60054693,0.0,0.0,1342.83682306,,,,,,,,,0.05448257453554657,0.05283492910857663,0.054264179114827435,0.05527581812711695,25856.08752222222,25861.047106249996,0.0020082937043002496
9216,material_r_nocable,3,False,1.1274644612199116,1.275325902143803,79.32110903162922,1853.8099021997475,16454.220081854288,1.7958934392735315,0.5568259107870656,29550.02589336491,0.2288819161626132,0.06263246,9543.1884486,9436.10018284,0.0,0.0,517.73127497,,,,,,,,,0.3455818672060672,0.052841367875206886,0.3499191538038018,0.05538311020582265,9517.436555555556,9424.805254166668,-0.006236204501090207
9218,material_r_nocable,3,False,1.3329592378969215,1.0160143565404265,30.60770260257508,929.4078133982218,6290.097520813639,2.7824425608932883,0.3593964576501285,17501.835054081224,0.4644264487032661,0.07422476,3297.01163073,3220.20327413,0.0,0.0,207.29233055,,,,,,,,,0.4077205436354965,0.0528441792316928,0.41059770300265647,0.05532176978384111,3245.2537488888897,3244.811783333333,-0.0035159418465615867
9220,material_r_nocable,3,False,1.3676811879432331,1.3552119598474557,12.13694028995417,550.1716526497555,19989.770148051502,2.8020921625684885,0.3568761989196556,56013.17826340066,0.2633129260461512,0.00695192,25417.80076163,25414.52222347,0.0,0.0,1350.89956872,,,,,,,,,0.038899093137488586,0.05283420809894371,0.038793059747479514,0.055276048492906196,25414.359051111103,25416.73053333333,0.0013647889274746492
9222,material_r_nocable,3,False,1.1953251294398002,0.9992602933469308,9.960825893274611,1607.1167407554867,15640.808601406205,1.126826137213894,0.8874483533657865,17624.4719392244,0.3212064226671768,0.12525406,4056.52406482,3857.7377101,0.0,0.0,214.17963621,,,,,,,,,0.6571918738839448,0.052818972144323864,0.6988590539619721,0.05571887261850719,4003.3069733333327,3837.742625531915,-0.030726854886059092
9223,material_r_nocable,3,False,0.9566347082851252,1.0903487829711238,70.15709908185633,1105.283179656502,19824.784457699632,2.6359924458491677,0.37936375787976,52257.98207108421,0.2327298973029632,0.08703087,5876.36477897,5606.66079063,0.0,0.0,252.37819803,,,,,,,,,0.4706486664893112,0.05294985868284934,0.5125529572263182,0.05645064304716124,5761.696351111111,5564.504839583334,-0.04262024159261048
9226,material_r_nocable,3,False,1.1934672464876417,1.3139469436589093,40.2397122789352,1383.9177899825297,4245.648427591241,3.1562785627771026,0.316828815996562,13400.449117094548,0.3165039754779342,0.08510926,5634.29280687,5534.31007576,0.0,0.0,285.26736273,,,,,,,,,0.4718799316577213,0.05299293554946296,0.46697562451241176,0.055513893353986765,5556.5775955555555,5575.804295833333,0.005223707856952612
9227,material_r_nocable,3,False,1.2340518933572089,1.098237787977146,72.7988393837149,1816.4635389671175,6642.62183286394,1.6153350828632451,0.6190666014802703,10730.060088818474,0.3833393139137521,0.16193291,3360.75537703,3071.29785762,0.0,0.0,166.44238142,,,,,,,,,0.8549134606436143,0.052908915648428825,0.8467641638341261,0.05533283473816266,3165.1387488888895,3155.9091978260867,0.004788978060394525
9228,material_r_nocable,3,False,1.0029413873378663,1.3761274796407466,22.040762312972955,1152.4705538111414,12945.309558906036,2.9162071996769106,0.3429111621803797,37751.20493772812,0.1054641987798022,0.0254529,16639.59549456,16607.56538549,0.0,0.0,922.65081383,,,,,,,,,0.142849568528325,0.052853059286593965,0.14127959054638567,0.05528785887048257,16602.175504444447,16622.611041666667,0.005525578532847858
9229,material_r_nocable,3,False,0.970802938246164,0.9172056046287332,43.9676755552883,604.8141125163561,3534.789357478738,2.4480230029949075,0.4084928935621117,8653.24565784954,0.3510445025724291,0.28801091,879.37175233,653.86535278,0.0,0.0,19.33698841,,,,,,,,,1.3684790413395418,0.05390991589119729,1.3519761117453872,0.05687287426144782,707.8281926829269,712.6414795454546,0.0060662384290513455
9230,material_r_nocable,3,False,1.3595321540784209,1.301054386419929,74.81299600092595,1518.640916785244,13275.776755362043,3.669996476465784,0.2724798256381441,48722.05391452506,0.3816830041681432,0.02354442,21465.7501382,21432.63528519,0.0,0.0,1098.45484243,,,,,,,,,0.13163526193083958,0.05283265820553158,0.13164024678949116,0.05528042514448744,21454.17871777778,21432.78811041667,-1.8934000643695253e-05
9231,material_r_nocable,3,False,0.9337768840181871,0.9812462373305252,50.60489565941853,1366.530335308607,11793.055587754448,2.786549819059464,0.3588667222671537,32861.93691421535,0.2650534959396277,0.22809862,2901.59438343,2227.2486122,0.0,0.0,85.51215301,,,,,,,,,1.1538155258370169,0.054667124062953265,1.1948524812052213,0.05848410447828331,2444.4795499999996,2342.7418363636366,-0.017472437673251108
9233,material_r_nocable,3,False,1.1442433173002973,1.3920189681336153,9.76871001687124,1701.255525642073,10057.53620929182,4.763986310999342,0.209908243793889,47913.96482344645,0.4637106283599893,0.02075995,27594.38448323,27566.63782679,0.0,0.0,1522.05655933,,,,,,,,,0.11614125381457473,0.05284697269990894,0.11524547111575185,0.05527796689385232,27559.951080000003,27590.19784791667,0.0038713659960077813
9236,material_r_nocable,3,False,0.9387446913030504,1.0754140947541395,83.89324127070654,1269.5802765056997,13084.309805443074,1.522854341477779,0.656661620723095,19925.49799245926,0.4931052864772218,0.15979373,2936.09874236,2663.18098948,0.0,0.0,129.01536533,,,,,,,,,0.794258026522994,0.0529142372911808,0.9344067632259675,0.05695331058288505,2897.320831111111,2583.3455543478262,-0.08107340274069329
9237,material_r_nocable,3,False,0.998177923209876,1.214913591051478,21.577477312257507,1575.410934151426,4489.198354885448,4.523044274658416,0.2210900312435082,20304.8429168706,0.3123300714872821,0.10630797,5739.18214867,5532.29627087,0.0,0.0,280.70951846,,,,,,,,,0.6028421534778692,0.053306202737740074,0.5633203936531751,0.05562524556840325,5502.012864444444,5663.845923404255,0.033890438277171774
9238,material_r_nocable,3,False,1.225047592400705,1.2000855102643233,55.69169357506777,1681.7578320494215,18933.29263044179,1.5442265877992587,0.647573359959526,29237.29387451197,0.3346502642755748,0.05282298,8894.37308007,8800.61260603,0.0,0.0,521.27863446,,,,,,,,,0.29350970186652325,0.05284635562709399,0.29350651370356146,0.055304937552557845,8835.269673333334,8826.519922916666,5.431132696567537e-06
9239,material_r_nocable,3,False,1.3909726318249238,1.338708066235574,55.23145617317316,1482.5368912297122,17109.4911926257,3.9970999589460594,0.2501813840711845,68388.34654363216,0.3895949521411591,0.01470231,34313.12177242,34293.90838218,0.0,0.0,1730.88704591,,,,,,,,,0.0824749468636749,0.052829831893526545,0.08220813500991832,0.05527520576717218,34302.60004222222,34297.60283125,0.001620153392328323
9240,material_r_nocable,3,False,0.8436952744546778,0.8636163884086001,8.181328737804083,1372.0158995769511,2263.4258658189333,1.173270047878092,0.8523186983325296,2655.609773957892,0.4278410748501501,0.53201891,1567.06164733,1074.95080713,0.0,0.0,31.57662425,,,,,,,,,,0.1233215733413106,,0.10050195753529562,1143.689732352941,1242.2364030303033,
9241,material_r_nocable,3,False,1.2781994842494486,1.2302211867190578,13.439496311633372,1925.385118107572,10013.901696566858,1.8161926113763809,0.5506023941162063,18187.17427235413,0.3675512440367854,0.0805943,6911.56682077,6766.65877127,0.0,0.0,386.31502555,,,,,,,,,0.4451030337993808,0.05286869281536483,0.44200517733173905,0.05529502682970189,6785.876906666668,6839.54985,0.003492084087116951
9242,material_r_nocable,3,False,0.8946069702746453,1.245804410733266,71.02536445012926,698.1480236881025,12469.377616955702,2.275682378047937,0.4394286345257866,28376.34290813147,0.221286033447747,0.0343011,7951.71143723,7916.85359736,0.0,0.0,429.85076621,,,,,,,,,0.1947445443704496,0.05284677815917026,0.19295327423799588,0.05538505307523829,7935.4674822222205,7910.335229166667,0.004620273951716027
9243,material_r_nocable,3,False,0.9993230252559282,1.0477075753732457,9.7992443588779,1051.002945630733,3899.19150681148,4.746895100441403,0.2106640190778625,18509.05305936615,0.426311366446066,0.17423086,2500.67804757,2207.4753066,0.0,0.0,95.34257317,,,,,,,,,1.0344162461261461,0.05399051965664786,0.8384636769521951,0.05542096542929333,2134.9791044444446,2449.512877777778,0.10462633869867931
9244,material_r_nocable,3,False,1.2476906466227005,1.3246371440469795,77.47258295854797,573.7577119251046,15900.315830396898,4.775113868899795,0.2094190897756337,75925.81864161519,0.1226483193948885,0.00811724,27756.32828589,27751.86005351,0.0,0.0,1313.35020455,,,,,,,,,0.04558559365591822,0.05282986143399176,0.04543705379928121,0.05526287730828444,27755.548544444453,27750.96412083333,0.0016318999808275678
9245,material_r_nocable,3,False,1.208270542797703,1.1319736662962996,75.19893179831895,1071.3330488311722,17172.770768709917,4.783949910401191,0.2090322889513987,82153.67518030999,0.2554447734201944,0.02870587,13045.15432691,12993.40462215,0.0,0.0,637.7081627,,,,,,,,,0.16030052219217042,0.05283440489842703,0.1605930936139384,0.05530035718459337,13030.257633333333,12990.331489583334,-0.0009117396151151583
9247,material_r_nocable,3,False,1.139870775843681,0.9474239408867644,50.26651743830061,1851.891817296586,6952.556804359561,4.636889441425359,0.2156618165328963,32238.237237044883,0.1441245806976528,0.24748575,2770.44811102,2151.9789353,0.0,0.0,89.80572826,,,,,,,,,1.2165271943151326,0.05336872421381892,1.220990101200635,0.056188775713003666,2301.5798619047623,2285.0341555555556,-0.00183092316666336
9248,material_r_nocable,3,False,1.0110029419529043,1.2157188837143282,45.32295313659031,413.8879240891737,17978.436663825833,2.004915521408183,0.4987741325368336,36045.24671795836,0.359079994538403,0.01548324,8983.78253699,8976.63375275,0.0,0.0,494.03220297,,,,,,,,,0.08717622503336625,0.05282655528265727,0.08656727812230579,0.05527977828667754,8978.830395555557,8978.908308333333,0.0035048614768337745
9251,material_r_nocable,3,False,1.3527384253838874,1.017185692059526,14.34141494653836,1202.2443260623518,15200.286785920049,1.452674503937162,0.6883854554407852,22081.06906643901,0.3768866630638435,0.04933119,6655.72324058,6608.74481327,0.0,0.0,430.03357358,,,,,,,,,0.2721384105111672,0.052827448773568576,0.27569502639066906,0.055320378338581375,6639.598004444444,6609.112645833334,-0.0064921482332578745
9252,material_r_nocable,3,False,1.3834974130239417,1.3610111058601024,61.48869594897569,1244.2651237944558,12373.829039648108,4.871480938060931,0.2052763857058311,60278.87229747056,0.1302985810242523,0.0191837,25030.3383118,25008.3493976,0.0,0.0,1160.18679686,,,,,,,,,0.1077842714889492,0.05282920930758119,0.10730390253266542,0.05527816615191398,25021.35438666667,25009.310064583333,0.0022333582888453456
9253,material_r_nocable,3,False,1.199234101967028,1.236479977062383,12.894975257967577,913.720069093148,9943.86320176989,1.469385333300051,0.6805566772291978,14611.366745022762,0.4443377433743659,0.04467158,5730.85907652,5692.64297106,0.0,0.0,338.38136899,,,,,,,,,0.24902453287835827,0.05284831031021579,0.248020694803888,0.05528285896274921,5697.2215444444455,5712.354810416667,0.0020196111310659425
9254,material_r_nocable,3,False,1.1781266628947495,0.8396109283537274,56.18392994576954,1832.7073659349464,1094.053799754244,3.009605337018345,0.3322694798882544,3292.670154725572,0.2638222258190779,0.55863141,2116.64334068,1399.37579829,0.0,0.0,55.41706937,,,,,,,,,,0.14387561572122212,,0.09501546076885133,1556.4429545454545,1575.7579029411766,
9255,material_r_nocable,3,False,0.9489464695188476,1.1452921777400804,46.04246531985683,736.1151073879963,8536.742687509504,4.319608233359794,0.2315024756821984,36875.38399904008,0.4215737025467724,0.04424844,6352.57662461,6295.96148585,0.0,0.0,321.03472703,,,,,,,,,0.2491965837390345,0.05289278522046326,0.24702396340517244,0.05541517304834378,6313.487211111112,6312.218889583334,0.0043783360974584485
9256,material_r_nocable,3,False,0.9633631795509008,0.8598930236107744,31.984213226700632,1770.3632195118505,2141.458670813042,2.0915774960333966,0.4781080318068371,4479.026764558148,0.3783575929684025,0.49804109,2080.30139063,1431.07135424,0.0,0.0,34.91988821,,,,,,,,,1.6857512649334117,0.07861075013372885,1.6532473914428263,0.055255217172212746,1553.972262857143,1659.6239594594597,0.00973461712196713
9257,material_r_nocable,3,False,1.0722620918560726,0.9283832985081788,5.4652908679637,1982.2853968793927,13715.587256062652,1.6699217578006804,0.5988304513841531,22903.95757991276,0.347971061248108,0.23568531,3042.31020728,2528.22999442,0.0,0.0,112.81930139,,,,,,,,,1.1208464123733304,0.053052772308560356,1.2384711776648314,0.05638254169938253,2826.144102380952,2479.9627155555554,-0.0498554182735519
9259,material_r_nocable,3,False,1.3555605661912913,0.9130711955923496,14.929796569439915,1457.9626909328535,8502.900699412365,3.65344667517996,0.2737141359674402,31064.89428965346,0.373803180062973,0.11849286,3929.90403582,3704.28974963,0.0,0.0,233.41066556,,,,,,,,,0.6183598004741007,0.052829982777596644,0.6727380119011291,0.05591214436629903,3779.1891866666674,3650.2191787234037,-0.042117809282775406
9260,material_r_nocable,3,False,1.1752761626869723,1.0241629182203564,83.00844678750998,542.5220584475339,16322.702861148817,3.976820555498876,0.2514571593172008,64912.46025951693,0.2070752618067704,0.0425857,3421.67238858,3364.56473977,0.0,0.0,209.54342248,,,,,,,,,0.23686068754087972,0.052856750508821576,0.23739347420938903,0.05534199545537971,3391.7340577777777,3374.7584062500005,-0.0011234201225415158
9261,material_r_nocable,3,False,0.8051855316019009,1.2750906179829329,24.49980559255804,965.8141645371372,11496.653046787427,1.525255094897421,0.6556280345139602,17535.328633880486,0.1087626578132251,0.09397414,6816.54658579,6091.50640139,0.0,0.0,356.04951714,,,,,,,,,,0.1565818632094997,,0.08365241226833257,5974.090579545456,6135.83840652174,
9264,material_r_nocable,3,False,1.0086091986184622,1.0710173432440884,17.109797985114,1276.2415108746584,19916.553149916348,2.5920224088753554,0.3857991337481866,51624.15207214022,0.3322411728345198,0.09395716,5064.11517932,4799.57302588,0.0,0.0,231.31792956,,,,,,,,,0.5385533169783959,0.053261071833463645,0.5010749368135833,0.055415886141564064,4757.122624444444,5002.65348125,0.036049789939925726
9267,material_r_nocable,3,False,1.3628064574643832,1.3065045545886156,39.58178630340207,1906.8827473490103,15428.09654748842,3.8350807706586343,0.2607507011718714,59167.99639713772,0.4326852249265206,0.0223375,28496.37442296,28457.93835671,0.0,0.0,1455.70667976,,,,,,,,,0.12516655587987607,0.05283503437493649,0.12470558961542705,0.055281841598519246,28466.86351111111,28473.41524375,0.0018448085261175706
9268,material_r_nocable,3,False,0.9452319326500146,1.278289032168951,18.37865400613052,466.208936650262,16599.96492868261,2.465625963813686,0.4055765208009322,40929.30452655644,0.2478520271093615,0.01306702,12905.94850031,12898.12793107,0.0,0.0,717.07324783,,,,,,,,,0.07326869283155506,0.05284543893729666,0.07256847484669686,0.05527162715088199,12896.56060222222,12902.55949375,0.004801368512607356
9270,material_r_nocable,3,False,1.186829129892233,1.1780950484682866,53.628511135476295,796.7475644770378,2053.9018606497443,3.01307918129008,0.3318863992056923,6188.568936736703,0.2220046627094373,0.16751471,1746.86023364,1608.78716052,0.0,0.0,73.74187971,,,,,,,,,0.8735800511780835,0.05327773549213592,0.888654525692532,0.05606110801905939,1670.038471111111,1632.4001555555558,-0.008554181555793705
9271,material_r_nocable,3,False,1.3365801430136726,1.389203179305652,54.98153540452909,427.4789856316902,16689.348902436683,3.517949657324008,0.2842564838635775,58712.289252287934,0.4043536731588731,0.00421566,33709.14998122,33707.70680419,0.0,0.0,1770.00798085,,,,,,,,,0.02368533235716415,0.052826005789342656,0.023584004187046762,0.055269398452216366,33708.37158222222,33707.97258541667,0.0021436342780613107
9273,material_r_nocable,3,False,1.3141467484638374,1.176192721111352,28.65346556299039,1478.5342421314413,5231.05624491787,2.8190105662215155,0.3547343922659922,14746.402826922518,0.2077846888208571,0.12112163,3845.48142326,3643.64595051,0.0,0.0,190.26820537,,,,,,,,,0.6581186021736982,0.05294006196937047,0.6508242184807572,0.055390453935466086,3676.470015555556,3736.562982978722,0.00557272905877882
9274,material_r_nocable,3,False,0.8499803600998144,1.1983473713581636,32.35403686725711,1649.5267058780728,7265.723343184724,4.678531559533782,0.2137422794471114,33992.91596393104,0.3105023860066681,0.07791598,8049.27402629,7866.41329378,0.0,0.0,436.89273214,,,,,,,,,0.44282220706389464,0.05322514407438555,0.42492656521199257,0.05571682340673809,7864.872077777779,7951.051372916666,0.020623067901284712
9275,material_r_nocable,3,False,1.0816186846835552,0.8020096662392474,11.702306833463668,1672.643473233511,6305.600435472234,2.1286776736623407,0.4697752094517546,13422.590866025275,0.2596972337135396,0.02406247,2628.87062612,1915.18202475,0.0,0.0,87.11840807,,,,,,,,,,0.27070861613698843,,0.8049855921774016,1955.8457777777778,1180.3400469387757,
9276,material_r_nocable,3,False,1.0035168148398657,1.311548886341446,18.099348767102352,1819.9042224143789,8288.380243094069,4.439260599475089,0.2252627386007126,36794.27984663526,0.2011835738017323,0.05031672,13527.33067281,13421.98879474,0.0,0.0,721.82995064,,,,,,,,,0.2825642242586847,0.05292706918952026,0.2764358695280815,0.055344378175695354,13400.877257777776,13485.173850000001,0.010963065657267826
9277,material_r_nocable,3,False,0.8007533702293009,1.0471116425254872,81.63802018031427,988.0259669704856,6722.896598834603,1.8006374194920958,0.555358890787724,12105.499183237724,0.2416132265924669,0.24527083,2776.81674842,2013.15459176,0.0,0.0,103.38735779,,,,,,,,,2.4274850177955676,0.053571594606383034,2.046190952353838,0.05909424519763236,2157.996875609756,1856.8067511627908,0.08523059514947288
9278,material_r_nocable,3,False,0.9254645138272608,1.265733894706131,89.49428283183875,1992.041357516596,10875.525788792957,1.6084045722549218,0.6217341191700532,17492.245404370908,0.2821992189929898,0.12003936,6028.2836382,5779.95988493,0.0,0.0,323.99785347,,,,,,,,,0.6215995746181711,0.05279169073460099,0.6933731412648282,0.05599397274363874,5946.199442222221,5704.408187234044,-0.05458179153052727
9279,material_r_nocable,3,False,1.091341541302031,1.3026077745116127,29.84868073661289,1910.1340447314235,12657.121326124448,3.184187328061845,0.3140518747710366,40302.645336386806,0.4169621105235123,0.0388113,16314.24174229,16248.30369647,0.0,0.0,897.65161133,,,,,,,,,0.21768764519885184,0.05286694301175931,0.2156285019887559,0.05531577187730299,16249.76829333333,16287.564424999999,0.004752057414570345
9280,material_r_nocable,3,False,1.1162133001682522,1.2050469206752457,69.76741137971133,1919.191081306384,16649.599549103703,1.1945231157363576,0.8371541637212732,19888.33152915801,0.3007280009770016,0.09890706,5679.97495337,5474.32013293,0.0,0.0,313.75576012,,,,,,,,,0.538080634648697,0.05287981799451131,0.5449486920500126,0.0554642473260888,5577.4864800000005,5505.3083875,-0.006341524861797408
9281,material_r_nocable,3,False,1.154231754055146,1.0809613652567809,86.91619235902331,953.0664562268234,3098.200106171576,3.1181056975061536,0.3207075375282484,9660.51540306776,0.4209672252901373,0.16088722,2030.28722853,1833.96539528,0.0,0.0,88.11635138,,,,,,,,,0.8258757657236864,0.05285663613571485,0.8728040881386989,0.05575174350995153,1961.1608666666664,1826.8837021739125,-0.027626348960523045
9282,material_r_nocable,3,False,0.9880977602720448,1.0513166803737564,12.251519350999097,1826.3363244251173,15232.165786395,4.218647366492875,0.2370428038007212,64259.13608075813,0.4586062095893792,0.11760969,6173.1083715,5678.80041826,0.0,0.0,260.53781337,,,,,,,,,0.6967932219200178,0.05366293211150343,0.6033039309615713,0.05538504320770558,5562.905504444445,6085.8145361702145,0.07190946518976137
9283,material_r_nocable,3,False,1.2388482546400008,1.049002690030441,23.87024883291838,1488.3396513000052,10338.839945421338,4.029891019761887,0.2481456682317644,41664.39825080893,0.1492455003904643,0.11019754,3950.48767057,3647.74035645,0.0,0.0,209.37669097,,,,,,,,,0.6030193025095579,0.052972072691207094,0.5974385737954906,0.05544330631738744,3694.762637777778,3788.657157446809,0.0046488334361590045
9284,material_r_nocable,3,False,1.2615960424248822,1.0390452978282858,56.94365280010416,547.0511401739075,11701.946544727503,4.578726302316705,0.2184013487536978,53580.0104326479,0.4166867949228549,0.02665269,5779.80542041,5752.81277671,0.0,0.0,337.87211438,,,,,,,,,0.1486721375417007,0.0528392276411654,0.14876218904272986,0.05528905604384798,5764.047137777777,5758.996764583334,-0.0003027609558831737
9285,material_r_nocable,3,False,0.9648433856913036,1.348285997244998,55.92671307124692,488.94453988092647,6358.103686943316,4.519699579488394,0.2212536436134533,28736.718560221318,0.35175222241362,0.01318418,12377.11160047,12371.38311034,0.0,0.0,731.9893865,,,,,,,,,0.07456447312865372,0.05281504642479079,0.07378140077655594,0.055272813226436256,12374.129075555555,12371.784964583334,0.0052786931748310464
9286,material_r_nocable,3,False,1.2126957249673682,1.1511672021764323,50.93150500589751,452.35350336663714,19222.41511579987,2.043481771469708,0.4893608614285718,39280.6548927608,0.4250726014630559,0.0128645,9941.79150216,9935.01036445,0.0,0.0,582.4379384,,,,,,,,,0.07196662561071772,0.052833062890456015,0.07189648787019479,0.05527636487199469,9937.41440888889,9936.97185,0.0004875310899776841
9287,material_r_nocable,3,False,0.8629411924570908,1.0154952074897428,19.042109682401783,866.3605104204106,8933.04401685016,4.812892645444337,0.2077752556867342,42993.78185012867,0.3890913447080069,0.16405997,3326.41684047,2603.88418276,0.0,0.0,115.68717767,,,,,,,,,2.047516532153327,0.05800699195076532,0.8184624059679617,0.056590785235446014,2523.9220318181815,2827.2514113636366,0.42884269309775075
9288,material_r_nocable,3,False,1.3770589615180495,1.189327949515638,68.75935964262604,1753.693186409685,15077.933088628988,1.2706724588495126,0.7869848701257097,19159.114312096623,0.1395114881574077,0.07030147,6885.9918707,6777.73370059,0.0,0.0,414.35003812,,,,,,,,,0.3889187296302249,0.05284065993536547,0.3867935737767105,0.05524483897927641,6796.186004444445,6828.861320833334,0.0027396185985199824
9289,material_r_nocable,3,False,1.3609134037496422,0.925207711112478,31.310221713014155,289.2809351653055,7331.147772435815,3.505981809713305,0.2852268078600707,25702.870734480184,0.2066829922754094,0.04756788,3483.71742537,3283.7038246,0.0,0.0,181.34406768,,,,,,,,,,0.09282905889564937,,0.1124312028179915,3260.7728866666666,3257.87332244898,
9290,material_r_nocable,3,False,0.9619400246371718,1.2111265769053765,38.77957968667021,1637.7651860952158,13909.53912003271,4.3525399326614185,0.2297509076243067,60541.82446485854,0.4074715732562992,0.03794221,15541.39627687,15462.1488851,0.0,0.0,832.70559062,,,,,,,,,0.21363724366674658,0.052877882651619176,0.21130744698533055,0.05535291913063616,15474.213731111113,15495.841454166666,0.005482588046554857
9292,material_r_nocable,3,False,1.1021099967263388,1.1899747206088906,24.27107293143154,1684.5743927075212,17735.578961413925,2.398089067217565,0.4169986901947189,42531.49800814059,0.4528710768171163,0.04639091,11454.98471318,11365.44113308,0.0,0.0,624.98562752,,,,,,,,,0.2595783572547556,0.052872688680065054,0.25707901522713306,0.055301199918238085,11366.629542222223,11420.231302083334,0.004837523203465262
9294,material_r_nocable,3,False,1.1516045094032736,1.117500529731125,60.94445923436362,591.3106844789475,14501.23844774746,4.84063384483178,0.2065845160066536,70195.18562214222,0.3164436058966054,0.02057228,10220.57392051,10198.41371422,0.0,0.0,499.1032287,,,,,,,,,0.11537001629850507,0.052831911995990945,0.11508200622240836,0.055287627881465254,10211.04424888889,10200.09219375,0.001249761546660241
9295,material_r_nocable,3,False,0.9471975162618088,1.3196025144645085,88.82007844573859,1596.6728632063923,5642.046773199019,2.433246762781022,0.4109735252897546,13728.492046345624,0.4869369180199157,0.08063658,6108.63958432,6007.02899982,0.0,0.0,370.22309507,,,,,,,,,0.4362898815898205,0.052814609456797855,0.4542223502381429,0.055491019388690645,6097.938935555557,5981.586427083334,-0.020137251356460557
9296,material_r_nocable,3,False,1.341605441308669,1.1461263040713576,60.22555816114669,1824.808461031713,11093.853410657986,4.82089530244966,0.2074303500206416,53482.305793506224,0.1919064440208429,0.06164697,9764.42354674,9597.99221256,0.0,0.0,485.06066974,,,,,,,,,0.34151933295829423,0.052860032565022544,0.342428962153732,0.05535153163499583,9680.022182222225,9623.559887500001,-0.0013299677796385957
9298,material_r_nocable,3,False,1.2696541737962184,1.375588560611662,56.61552363150759,1668.8483635451714,15750.662709008298,4.045812083369819,0.2471691663857715,63724.22150918819,0.2476302746236772,0.02042515,29531.84163217,29503.60939937,0.0,0.0,1484.02812263,,,,,,,,,0.11488170316190398,0.052829167591998,0.11422712252259606,0.0552824162264686,29518.352111111104,29506.88549375,0.0028570729973070546
9299,material_r_nocable,3,False,0.9584417406896076,0.9324865537813664,50.99098567218724,425.8598592825458,2460.9222383161323,2.503285718414231,0.3994749750873324,6160.391493304757,0.4334255444611431,0.27546177,643.46367539,480.93530373,0.0,0.0,15.18230702,,,,,,,,,1.3056399994178634,0.054023198136660525,1.3349702174550426,0.057296368944624185,536.2043209302326,517.8694977272727,-0.011107363688046715
9300,material_r_nocable,3,False,1.1360492698711129,1.1025537233969798,22.349035341854247,1798.406343641797,15807.724378777246,1.6895540716320243,0.5918721494566019,26708.00508739991,0.485992353208725,0.08696724,5922.19240032,5725.10313307,0.0,0.0,330.68220267,,,,,,,,,0.47976629550681793,0.052903429491609893,0.4761339135469156,0.055343094092686534,5760.862295555557,5815.233383333333,0.0037999593738954366
9301,material_r_nocable,3,False,1.3808861109232695,1.3275094391986366,32.90114332432933,507.17543150280346,6077.376000525255,3.6953169816868936,0.27061277962236,22457.83073883735,0.2840927797269567,0.01802672,9573.15373148,9564.73640333,0.0,0.0,482.49438194,,,,,,,,,0.10103591276989853,0.052833940230635486,0.10063694774728488,0.05527884206305425,9565.843331111111,9568.9091375,0.0019782781956407796
9302,material_r_nocable,3,False,1.307617459498508,1.007433774558279,50.487670613066456,391.0845672662626,5108.452475369148,1.647520624881485,0.606972674513216,8416.280814397549,0.3067477280416107,0.06149722,1825.89223291,1806.20783139,0.0,0.0,112.63249116,,,,,,,,,0.3398848696937457,0.05284901960214264,0.3402776679620457,0.055278289316627476,1810.7828577777782,1814.46981875,-0.0005775064731642182
9303,material_r_nocable,3,False,1.1706138174349423,1.2822838140023043,48.279502596826525,1319.1258121174533,16769.16275935142,3.6826376286072655,0.271544501753812,61754.74977782719,0.3353201815769846,0.02089299,22015.17577846,21988.38725997,0.0,0.0,1137.27215701,,,,,,,,,0.11745862755210892,0.05283138838306376,0.11677539981261857,0.05528581042538793,21998.179331111114,21995.58270625,0.0029168594639176555
9304,material_r_nocable,3,False,0.8514280615829195,1.1872964940879525,82.29201734093095,1519.9870707869757,3267.805101926725,2.759181948423685,0.3624262620923922,9016.46884820304,0.10275929717604,0.22422425,3222.61501671,2864.70127346,0.0,0.0,155.6472261,,,,,,,,,1.0188981511280901,0.053381762290768964,1.4566913590065143,0.05734214450165193,3044.527072093023,2751.0444674418604,-0.17684402284230885
9306,material_r_nocable,3,False,0.9137112695040236,1.223339608891454,43.402928975211424,660.9827094704887,19401.61360603133,1.3477391604427076,0.7419833372442175,26148.31443262648,0.2022331163109888,0.04642803,6790.63176916,6707.11347895,0.0,0.0,342.02541735,,,,,,,,,0.6076703839845763,0.056300912493173406,0.9502809304475031,0.06615391949789867,6711.493066666666,6707.820179166666,-0.21991094541219264
9307,material_r_nocable,3,False,0.8931370723500365,1.220857463526782,33.05105710676203,786.315695157028,3471.6938344036275,4.036922040283045,0.2477134782444017,14014.95735721876,0.2056694835726072,0.08362809,3730.75515886,3641.34588921,0.0,0.0,195.38390123,,,,,,,,,0.47393544119968345,0.053259744020708044,0.45530473549773465,0.0557777122921091,3640.33634,3677.947066666666,0.020049397528380208
9308,material_r_nocable,3,False,1.1906840475244511,1.3712702668369403,76.28943313787579,1814.402767727525,10146.65409828664,2.017404459617328,0.4956864228354513,20469.905228077907,0.2536467444968928,0.06158014,9429.33340687,9343.92247255,0.0,0.0,518.90672504,,,,,,,,,0.34047308724140607,0.05284693687876363,0.34359329268517147,0.05536383287629619,9407.246093333333,9336.364125,-0.004561261209914013
9309,material_r_nocable,3,False,0.9770681693748158,1.0868013180051204,47.85981531183613,1722.1133297293352,5121.096132810848,2.825368429556474,0.3539361414033283,14468.983338367518,0.1813034556748108,0.24016809,3232.41710922,2786.57662444,0.0,0.0,121.04018003,,,,,,,,,1.1899870823407308,0.054937595541071055,1.2004612616856856,0.05758952921495582,2938.0421707317073,2904.6195953488373,-0.004381679851450917
9311,material_r_nocable,3,False,1.0979640809890685,0.8436666361537055,20.44017465874945,740.4842662623565,3730.242602166759,1.5036970113231156,0.6650275903122874,5609.154652388317,0.1348935900739102,0.29847579,1578.34616013,1084.92636667,0.0,0.0,56.13245686,,,,,,,,,1.3656575038861465,0.053535462282334585,1.6410745056053593,0.05635102348722663,1166.182795,989.82155,-0.09160011628897746
9312,material_r_nocable,3,False,1.3113469214456046,0.909650579812992,53.799155891079245,1848.8126545586877,1570.9885528391992,2.560626959477391,0.3905293569993867,4022.715641430425,0.1945710663612916,0.42978287,1951.7002657,1449.83353579,0.0,0.0,67.00396886,,,,,,,,,1.6603200216499807,0.05696394888406707,1.5685744842165683,0.053937618848471945,1559.6104599999999,1612.474627027027,0.028413916052915565
9313,material_r_nocable,3,False,1.352029189600475,1.3361382745788415,21.853154210372377,1627.802635574178,18953.148987937348,3.4862430089632896,0.2868417369153425,66075.28315703623,0.2642766081065411,0.0197216,28095.34388253,28066.38834342,0.0,0.0,1425.71507714,,,,,,,,,0.11044130750000065,0.05283712841657219,0.10996003679268206,0.055278954541564077,28065.931080000006,28084.81038333333,0.002183610580339716
9315,material_r_nocable,3,False,1.0056295298770903,0.9571635776851382,83.35963853477145,1463.4959900595763,11586.112682222836,2.9542162289338,0.3384992575038787,34227.88211607842,0.4261108625896919,0.21720723,2528.04072918,1924.69527137,0.0,0.0,77.92715881,,,,,,,,,1.046039417068529,0.05315672918740837,1.1874790260586356,0.05709119920496567,2264.254320454545,1942.0207844444444,-0.06332591943681293
9316,material_r_nocable,3,False,1.3689507303865966,1.120190540181527,42.4382956755563,600.7335741402262,5090.597477072135,2.1081307690821047,0.4743538753221685,10731.645174427502,0.2611639269678404,0.06055772,2638.71180993,2601.45955167,0.0,0.0,163.86858055,,,,,,,,,0.33479549206823106,0.05283674534487377,0.3355986062110313,0.055280605580313655,2613.1287088888885,2613.8535833333335,-0.0011979731696052556
9317,material_r_nocable,3,False,1.3440661379657346,1.1443513286829765,41.54583297043565,1986.8120648687316,1896.7106432168343,4.617376323743267,0.2165732073554075,8757.826816981275,0.2963455559314107,0.24613574,3398.9600748,2924.56285848,0.0,0.0,106.81832548,,,,,,,,,1.2055599485728166,0.053633255830668136,1.1878484897830976,0.056233593191536424,3052.995169767442,3091.6891772727267,0.007400098748663772
9319,material_r_nocable,3,False,1.2933408944198497,1.2020455326377597,74.16971694952922,853.1958652252099,19844.46545576405,3.9849557419145873,0.2509438158827696,79079.31656317263,0.4115215702778724,0.01168122,24143.39694845,24132.09974293,0.0,0.0,1236.32604815,,,,,,,,,0.06538676827471523,0.05283156645666963,0.06534425435205365,0.055274027554977845,24139.359777777776,24132.23964375,0.0003252014847535872
9320,material_r_nocable,3,False,1.0640442774631875,1.165286433039424,29.69022615216245,1945.464271290804,1399.8287131673674,2.6132926263703284,0.3826590217678479,3658.1620543017466,0.3875492729463404,0.36879715,2483.7625984,2038.0595898,0.0,0.0,76.88651568,,,,,,,,,1.6409795263196831,0.0571365970148955,1.4395762081579342,0.055706733135106996,2080.981733333333,2264.355905263158,0.06537889118759987
9321,material_r_nocable,3,False,1.2467611729114567,1.352035724804867,18.57953616717532,1295.3703867522345,18330.07379932636,1.5753676021990992,0.6347724801526148,28876.6044093773,0.3631254836677379,0.02575193,14416.29362586,14389.36951647,0.0,0.0,850.73010058,,,,,,,,,0.14402375867217185,0.052838897563493976,0.14349352757655137,0.055279177189769484,14391.152493333338,14404.5672,0.0018441711889343158
9322,material_r_nocable,3,False,0.9121740047005004,1.300425393750786,66.52670655163493,760.2360703254776,5169.696904738753,4.019892051192104,0.2487628989199968,20781.623494431733,0.2467390675491107,0.03704808,7289.33776658,7258.41673668,0.0,0.0,419.08842377,,,,,,,,,0.20905194589777462,0.052850555482665436,0.20760896466768824,0.05535507074916119,7275.9974133333335,7254.697266666667,0.0034632027951171707
9323,material_r_nocable,3,False,1.1278400819751633,1.333943669613753,5.5404810496928985,292.9993543188381,9744.906585592662,2.0123545951369723,0.4969303135822016,19610.207546697937,0.2286693346566178,0.01271278,7550.4873506,7547.51187839,0.0,0.0,419.18025689,,,,,,,,,0.07107881998063725,0.05284185668377881,0.07069380099389558,0.05527643621113728,7546.764348888889,7550.073027083334,0.0027157499388463574
9324,material_r_nocable,3,False,1.2105776104266968,1.0671002000273204,65.28049829615266,454.0904091290337,4668.937191312942,2.345116181366856,0.4264181058258478,10949.2001571335,0.3386087540285543,0.07715917,1632.80554264,1581.89446615,0.0,0.0,94.59374856,,,,,,,,,0.42525215193021637,0.05287299632803365,0.425629380527891,0.055352225949968,1601.7151088888893,1595.0500499999998,-0.0004433385651053742
9325,material_r_nocable,3,False,1.239925373886953,1.1678417929654494,85.16827967123416,1987.921705009102,18752.955624632763,2.97363122027775,0.3362891784229369,55764.37431789122,0.1756695684253745,0.0575563,10938.70520973,10783.49080613,0.0,0.0,571.9185052,,,,,,,,,0.31820722760688647,0.05283673564253451,0.3208391049076209,0.055337618435032446,10887.649202222225,10781.287879166666,-0.004118445200019506
9326,material_r_nocable,3,False,1.0878586867033326,1.06846473108144,16.164724714795213,1727.6126388525988,15960.27140277028,3.937709934820264,0.2539547139207055,62846.919265116274,0.2847479108889893,0.09606237,6411.87758792,6052.37443005,0.0,0.0,294.04047959,,,,,,,,,0.5425461436763636,0.05313196323856203,0.5149723208694585,0.05538149385355501,6012.263197777777,6314.410252083333,0.026074081665086842
9327,material_r_nocable,3,False,1.1341224569709056,1.3517480851215202,73.55860782347987,366.9187703898822,1725.0731070422107,2.407091934973233,0.4154390555137314,4152.409563200522,0.3121077938709818,0.0645714,1866.02418575,1847.53805152,0.0,0.0,102.29984493,,,,,,,,,0.3568405887840541,0.0528602898851335,0.36063197862922,0.055405915186256885,1861.519288888889,1845.5209541666666,-0.005284369071886713
9329,material_r_nocable,3,False,1.0212884396190622,1.3856887209968471,5.443776925808052,1866.375602645341,15325.812537621268,1.5224296687747696,0.6568447925773715,23332.47170535496,0.3612456526037225,0.04948472,11305.8072591,11243.42983118,0.0,0.0,698.28229999,,,,,,,,,0.27686695940440814,0.052886587590169745,0.2719429153380396,0.05527432001065078,11226.302491111112,11297.934831249999,0.008972222062657591
9330,material_r_nocable,3,False,1.2027602328964957,1.1124652800521364,15.510500708426644,503.1391593596829,15299.646006807656,3.639329793796727,0.2747758671677707,55680.45754711823,0.4986629285984512,0.01378306,11411.02944023,11401.28950684,0.0,0.0,611.13528563,,,,,,,,,0.07710907238873553,0.05283565526994102,0.07693130327710494,0.05527656092295078,11401.216480000001,11407.47051875,0.0011540423143099974
9332,material_r_nocable,3,False,0.8736747365995892,1.1304363192926912,19.204935950635548,839.4923921186689,19723.826861977795,4.948473846741127,0.2020825068437133,97602.84138414724,0.3051913293797665,0.02718318,13683.06123869,13605.05662767,0.0,0.0,677.23515802,,,,,,,,,0.22761394927497242,0.05637393191751777,0.1454867101575564,0.055297804395274555,13592.679266666664,13640.610102083332,0.22012086293904778
9333,material_r_nocable,3,False,1.2678196168122515,0.9244124480136776,19.83003860727565,1257.6501222814215,4863.657002355147,1.4019165677237155,0.7133092104216263,6818.441331327143,0.3149565720432484,0.20313809,2080.22646068,1906.28271545,0.0,0.0,108.7785259,,,,,,,,,0.9710319545529434,0.05271770347263138,1.117341274055037,0.05573973809076385,2014.3369523809524,1881.7153266666664,-0.07005899017371386
9334,material_r_nocable,3,False,0.9093449482632672,1.2377183340317537,27.81386450268691,1542.6798565751424,10546.74471536936,2.647858746791788,0.3776636503784898,27926.290244770826,0.1180106736407598,0.07978,8087.68700613,7903.2838422,0.0,0.0,413.75682411,,,,,,,,,0.45490623560619087,0.053186376441642584,0.43228818820625997,0.05560702128169241,7882.4889466666655,7973.048110416666,0.025493901666713198
9335,material_r_nocable,3,False,1.279591945773933,0.9778427412011088,46.17932588585694,246.4523217497585,12242.540420816296,1.0206525584400326,0.97976533907719,12495.380202311666,0.3079402753877437,0.02085376,3823.44667027,3818.532929,0.0,0.0,223.20216403,,,,,,,,,0.1156761146005316,0.05283481180951795,0.11644369347592058,0.0552789532603607,3819.671786666666,3819.974141666667,-0.0033068219457435305
9336,material_r_nocable,3,False,1.3567523635614855,0.9318416067609206,10.187874725354716,873.6972267746642,6376.0408182098,1.9491730684154671,0.5130380755839837,12428.00704597226,0.3830485483403704,0.09126499,2789.50821876,2733.07923591,0.0,0.0,177.29162727,,,,,,,,,0.48850503935272616,0.05280555789412801,0.5142598650625928,0.055588978690746964,2774.904082222222,2720.23459375,-0.025683812423494698
9337,material_r_nocable,3,False,1.3369323645488655,1.2953644092308785,6.269723815139745,1863.7741498342607,17410.62967080496,1.7607013144600945,0.5679555026098463,30654.91854696421,0.497709772473437,0.02931544,17868.07958601,17825.05260478,0.0,0.0,1051.08926782,,,,,,,,,0.16362267635487734,0.05283664671730887,0.163372853538334,0.055276284336096666,17830.92591333333,17846.609245833333,0.0007639945922958934
9338,material_r_nocable,3,False,1.1496740933704168,1.033542671320778,50.642691744616606,672.6055798908578,17101.367574661876,2.7405589731894877,0.3648890645240124,46867.30636055135,0.3868606963731038,0.04524177,4056.83006583,3993.69933163,0.0,0.0,242.79254328,,,,,,,,,0.25167617741046433,0.05285863653922401,0.25187051738226585,0.05532462693651626,4015.473704444444,4012.5593729166667,-0.000385942304479846
9339,material_r_nocable,3,False,1.1420829845382063,0.979044941632912,87.78858149992878,1405.9002903255202,12401.440440068794,4.263088957645824,0.23457169435944,52868.44379895964,0.4035138917813055,0.13375027,3150.23490874,2745.66777509,0.0,0.0,156.42728204,,,,,,,,,0.7136311363452924,0.05301080697244694,0.731483956098486,0.05586547901982357,2937.1382577777777,2814.722678723404,-0.012353908589386762
9340,material_r_nocable,3,False,1.3328723985621913,1.262408708105236,52.40621033659243,1266.3000096712633,2725.9939612808284,1.7041180029510357,0.586813822909148,4645.4153853544685,0.3226433235036732,0.16466875,2380.97287966,2211.93136324,0.0,0.0,114.67190978,,,,,,,,,0.8617553224859955,0.05291510368876473,0.8634628586488994,0.055414679969129056,2270.6087933333333,2257.0498217391305,-0.0009897508509796734
9341,material_r_nocable,3,False,0.9001719960273211,1.3234782733589172,31.496405612223576,1818.3146054754643,6497.667567080026,4.432743529416284,0.2255939224464183,28802.49386427203,0.352888463903212,0.05225163,11519.39378275,11431.02847575,0.0,0.0,696.44724245,,,,,,,,,0.2937888369535956,0.052952157921861774,0.28893921899191827,0.05544345922788944,11429.730453333334,11476.370829166668,0.008322266127736896
9342,material_r_nocable,3,False,0.9673151585759596,1.168815648908734,70.86842330462716,258.99161499213824,7527.767268460196,4.229362695215439,0.2364422424993894,31837.658063489376,0.340699214861851,0.01646531,6059.59494816,6052.52031516,0.0,0.0,307.70739937,,,,,,,,,0.0928884364269144,0.0528262378421556,0.09224098422777881,0.055279110629580054,6057.63740888889,6051.452364583332,0.0034972950104091203
9343,material_r_nocable,3,False,1.0596108119896446,1.26652103907933,31.8404502049308,229.0044587014208,17524.542713374653,4.2621149042509066,0.2346253028051003,74691.61468885573,0.2447560467461827,0.00375627,22846.96860962,22846.00829513,0.0,0.0,1173.42618215,,,,,,,,,0.02112495614927868,0.052823894470958185,0.020977135057097394,0.0552704328705514,22846.012422222222,22846.517704166672,0.0035110154376108466
9344,material_r_nocable,3,False,1.3154891515304814,0.963341422474092,51.02836849623032,474.0498351542933,2601.7115935295096,2.4745970856438166,0.404106189973884,6438.187927033855,0.3057438897894567,0.13234245,1051.418852,1009.93881628,0.0,0.0,62.06058198,,,,,,,,,0.7149657727312564,0.05292405218646769,0.7071396413497364,0.05528261471953726,1018.9571909090909,1027.3632108695651,0.005503200609483283
9345,material_r_nocable,3,False,1.2290056814408756,1.1308557515997246,70.9060447470306,856.1581336593338,2346.396580168768,1.074550925757675,0.9306213191290972,2521.3226174149927,0.3569319292825974,0.21713625,1274.33102863,1121.55202842,0.0,0.0,54.26960303,,,,,,,,,1.1022694115055924,0.052870114580962156,1.0703370743234526,0.05511458414791998,1152.7113523809526,1178.2412111111112,0.01469770866948083
9346,material_r_nocable,3,False,0.9655035457385204,0.8913766159994586,57.46090806745514,1259.9161929592788,2508.10648821066,2.385651644677611,0.4191726827472904,5983.468368626347,0.3990987702286976,0.39777852,1574.54760294,1122.21439119,0.0,0.0,25.37776941,,,,,,,,,1.5559795433033794,0.05377444144688429,1.606742887391825,0.05660907520966618,1269.7081,1230.752207142857,-0.016050521410216588
9347,material_r_nocable,3,False,0.9884928335114916,1.2049137585242051,46.4576689218266,1455.2113217959975,3376.4558171284743,2.110766052537848,0.4737616462978761,7126.908316688723,0.4304440856813305,0.19288429,2671.90405721,2453.10068795,0.0,0.0,125.51912032,,,,,,,,,0.9981815117254762,0.05409836413887846,0.9959958397222038,0.05697512869415448,2534.8432840909086,2520.4105288888895,0.001096026891332237
9348,material_r_nocable,3,False,1.0397687865380534,1.0448591933581557,68.03161025202633,676.6071107134975,18302.25211074687,1.1822599484873002,0.8458376698622824,21638.01963765318,0.252178843302366,0.10761954,1854.77688402,1674.65417806,0.0,0.0,95.47847607,,,,,,,,,0.5873672676269349,0.05301177097475841,0.592889504558467,0.055695487019221356,1747.2049422222221,1716.138934042553,-0.004678843673404164
9349,material_r_nocable,3,False,1.3478025779554992,0.8143920585274704,74.61998085864136,1944.776724932867,15071.05507084298,2.165154093833836,0.4618608914940096,32631.156585030876,0.3838696925309475,0.02015825,7175.15785486,6966.49218784,0.0,0.0,378.03787562,,,,,,,,,,0.28665221280690206,,0.143166716608082,6846.498120000001,6931.00736875,
9351,material_r_nocable,3,False,1.3281333460903575,0.9144920871766702,20.52233390896365,1689.5698175078517,11847.515159351153,3.620973144012196,0.2761688530205325,42899.534215287895,0.2211875408395582,0.01027059,5400.50612492,5345.31757123,0.0,0.0,263.56559899,,,,,,,,,,0.10131731708385802,,0.24651524590338683,5335.719613333333,5294.793102083334,
9354,material_r_nocable,3,False,1.1180813956094755,0.8458942802152428,23.83602509081018,1111.5093182840544,16279.32520799697,1.0147275442067027,0.9854862083021344,16519.079689653037,0.4254229149214447,0.17266866,3656.51321083,3047.08691863,0.0,0.0,151.88839753,,,,,,,,,2.486660961974773,0.05441124662824923,2.0351994053562423,0.06053656522097253,3136.263572727273,2959.556175555556,0.09983978273194696
9355,material_r_nocable,3,False,1.1193526388645227,1.209449501612056,23.385037160296868,847.6886202929231,14576.079757615656,3.651161904665089,0.2738854167826138,53219.62713036622,0.1095281952246792,0.02774812,11890.4776003,11857.25083328,0.0,0.0,568.08377922,,,,,,,,,0.1557144929861433,0.05285532715219716,0.15426926054977785,0.055290046741123894,11853.463091111113,11878.065827083332,0.004662284458072284
9356,material_r_nocable,3,False,1.0638282628163875,1.3392572038305677,42.619923931939326,1020.647218107841,6661.049416804387,3.067431263118095,0.3260056751796561,20432.31122628033,0.2648243527537431,0.04273022,8324.56316342,8287.29458299,0.0,0.0,454.93140219,,,,,,,,,0.24012526948599136,0.05287735297132871,0.2379597876253892,0.05536552775530382,8295.568173333333,8299.934422916667,0.004529490784937193
9357,material_r_nocable,3,False,1.1124520894942411,0.9484397531348838,2.533828894205968,1727.9925427087048,10382.374589438028,3.2311365788698807,0.3094886197443746,33546.87031146237,0.3485969296189486,0.20583276,2811.95150505,2303.11878921,0.0,0.0,111.79558398,,,,,,,,,1.0574976547376895,0.05327145810654601,1.0552252716830686,0.05594433444480139,2475.253159090909,2434.8112260869566,0.0010755707841305492
9358,material_r_nocable,3,False,0.9725444405518214,1.0314107867511786,57.90821733041384,1029.5432735046998,4565.82279477381,2.379890973872274,0.4201873157125848,10866.16045758247,0.17348423358457,0.2516525,1777.60727711,1478.97598964,0.0,0.0,58.99171957,,,,,,,,,1.1898956197281532,0.054321744605907434,1.2982818751594072,0.058127997085200216,1640.606080487805,1513.7165488372093,-0.04356049986544547
9359,material_r_nocable,3,False,1.1871976684968026,1.300086611150467,0.6253860441592938,1773.1886619979873,12132.52317110358,2.0879599844886183,0.4789363816495359,25332.22289214524,0.4852387380611481,0.04374566,12109.51279717,12044.50931077,0.0,0.0,691.49373124,,,,,,,,,0.24404819545803402,0.052852385122642224,0.24225847254934701,0.05526968174635115,12039.835597777777,12089.9278875,0.0036802351816813753
9361,material_r_nocable,3,False,1.3766564021537686,1.08929044620796,10.920404708308157,1209.5637413540194,10071.53096265818,1.2222645197341635,0.8181535042983127,12310.074955061158,0.437748681556008,0.05761101,5608.8491129,5553.53507684,0.0,0.0,357.02496777,,,,,,,,,0.3176572505622869,0.05282377855932363,0.321041242477657,0.05530683515058523,5584.678488888889,5558.893289583332,-0.005298261937747292
9363,material_r_nocable,3,False,1.355149201656225,0.9769383375145296,54.49432692222412,510.3022834352105,7875.787806704306,1.8998764106299824,0.5263500269832861,14963.023469084756,0.4638631977531252,0.03730066,3574.56897094,3558.66341581,0.0,0.0,242.04576783,,,,,,,,,0.2071553535320072,0.05284076274094779,0.2074894398211074,0.055275302601016416,3561.872004444445,3565.731925,-0.0008057168315042342
9364,material_r_nocable,3,False,0.9223348108232295,1.3735603052525058,70.01598797207778,280.81919428228105,16794.98428350958,2.0873911201716178,0.4790669033399852,35057.70105681978,0.2674611953584808,0.0059524,15422.9362757,15421.39916708,0.0,0.0,950.7081162,,,,,,,,,0.03373008221237105,0.05282102094886967,0.03332226921948174,0.05525184038587808,15422.290164444446,15421.143368750001,0.00608200882117885
9365,material_r_nocable,3,False,1.329922224072368,0.9560396574361008,78.47819768380513,1846.1154785838287,11884.338928428871,3.795733661761956,0.2634536796071741,45109.78531842548,0.4405208717682471,0.09634979,5091.78385676,4912.9593597,0.0,0.0,326.55371452,,,,,,,,,0.5341440341352814,0.05297449018187678,0.5201305406716221,0.055311870453269886,4938.1528333333345,5000.7542812500005,0.013292071912315606
9366,material_r_nocable,3,False,1.0750374564278542,1.394655525085141,52.526305135183854,1498.54642835703,18414.357955505853,1.7103180565949685,0.5846865710994575,31494.408911904866,0.1076718705975849,0.03649437,14260.23915561,14211.27965195,0.0,0.0,793.42103199,,,,,,,,,0.20546970459255448,0.05284702159242402,0.20385588105049254,0.05533520636426392,14226.667424444446,14215.194289583334,0.0039426402811508455
9367,material_r_nocable,3,False,1.179097361985333,0.9199649256297592,6.506196300256282,1374.4989434128968,6871.937022146554,1.7637304179486573,0.5669800723645003,12120.244356187392,0.2434759408088604,0.22573111,2413.29100439,2009.77809248,0.0,0.0,103.69614076,,,,,,,,,1.0457895589650488,0.05277572495963234,1.2576779336576227,0.05642346622871371,2179.4032833333335,1913.541802173913,-0.09198670064639074
9368,material_r_nocable,3,False,0.9158650620501548,1.1723405396296576,85.31768438320785,1515.9352801785494,14487.29772082567,3.152773240439644,0.31718107321304,45675.16458050141,0.1842142468674279,0.07126014,9226.04669673,9031.9333069,0.0,0.0,448.23564489,,,,,,,,,0.38889194943675287,0.052845462139645624,0.4119996434193154,0.05588644301306346,9161.223906666664,8976.66478125,-0.02885246166732493
9369,material_r_nocable,3,False,0.826140255307423,1.3348159544970686,85.9133934131746,278.13713789430005,7008.3241382341785,4.398509097707379,0.2273497627914938,30826.17748170526,0.3812372089728272,0.00682391,12480.2147745,12478.50613421,0.0,0.0,828.75743059,,,,,,,,,0.03836063293564561,0.05283719790541618,0.03818153399075036,0.05525427735044416,12479.897944444443,12478.026099999997,0.002339872936540613
9370,material_r_nocable,3,False,1.3320823762639078,0.8992857668649099,53.14106399737639,1367.8138725057345,1293.9256040800187,4.087541596031749,0.2446458284291996,5288.974728847585,0.2796041445730526,0.36351655,1568.99323355,1152.00551531,0.0,0.0,48.40316961,,,,,,,,,1.5424528073876442,0.05353872735994105,1.4871525882746914,0.05464620292186821,1261.099435,1274.2749780487804,0.018253274565766673
9372,material_r_nocable,3,False,1.026070439343623,1.06476881140537,24.680568352787148,1446.6553126990475,14702.509954275038,3.287649529056876,0.3041686746600599,48336.69992712636,0.4922181589045339,0.09382189,5426.75759338,5140.48091226,0.0,0.0,256.16793743,,,,,,,,,0.5299473787355891,0.0531422614422666,0.5053289683972115,0.055426779566787564,5135.032037777778,5326.566614583334,0.0237795545185189
9373,material_r_nocable,3,False,1.252535652231647,1.1085121238479487,87.55647330082658,919.287628642458,15555.448399964507,3.085890353148112,0.3240555838219711,48002.408156343714,0.2726718756375078,0.03548552,7457.75832684,7408.51898837,0.0,0.0,425.68512957,,,,,,,,,0.1976346944014892,0.05283713771320361,0.1980021988319654,0.055295398324662695,7436.682411111111,7412.709374999999,-0.0009288932270008159
9374,material_r_nocable,3,False,0.8811303448334038,1.277279548104722,13.25794777573172,1106.9646558534696,6238.212836008388,3.263067328601224,0.306460118439747,20355.708494039754,0.2442565984933363,0.06026534,6667.1128662,6586.38512456,0.0,0.0,379.56860742,,,,,,,,,0.34036185404714747,0.053014545141387176,0.3265006712285243,0.05534768100149873,6565.388675555554,6635.771854166666,0.02078566765000504
9375,material_r_nocable,3,False,0.974709535184238,0.8305665982793936,80.81450177475374,223.5497728369794,3501.9670195863,2.3406126547769803,0.4272385684829524,8196.748322655318,0.1761925277205536,0.27922071,1475.95704607,469.73704714,0.0,0.0,21.89596807,,,,,,,,,1.716635583178474,0.08743799375777644,3.0565163667466697,0.05571960448631677,368.00789024390247,530.5397142857144,-0.28071194833619506
9376,material_r_nocable,3,False,0.9793550796103244,1.3770718993179925,46.52958508664938,1889.821356770648,1979.783350866178,2.576110939649264,0.388182040070118,5100.141548301839,0.1605356687038911,0.23351611,3278.40012118,2981.80622652,0.0,0.0,168.76151114,,,,,,,,,1.1687197547787656,0.05765977426842915,1.1614938217734099,0.05541805591499411,3056.185717073171,3042.2728477272726,0.0031009745536060666
9377,material_r_nocable,3,False,1.0222638397852486,0.9127366453470832,16.012300959044126,700.5459562524993,16032.302258943377,1.2859039895092128,0.777663035621864,20616.00143579285,0.2135010623961032,0.0147801,1912.74624774,1306.09145002,0.0,0.0,58.5995097,,,,,,,,,,0.3056998299555134,,0.7838721703852026,1332.7847533333331,708.3490937500001,
9378,material_r_nocable,3,False,1.2746726444330283,1.0738101666425828,59.30149916253904,1550.4484689425362,18150.31198481534,3.636216457211272,0.2750111308739115,65998.46314270452,0.1971070811571766,0.05735016,7490.08527134,7339.83528392,0.0,0.0,439.96525096,,,,,,,,,0.3178999470251755,0.05285912237660429,0.3183530207418541,0.05532910628158467,7400.920124444446,7375.663989583333,-0.0007120968225401329
9380,material_r_nocable,3,False,1.1620049760868891,1.117084939605983,32.466506113543126,468.5688353087519,15134.775513287925,1.3744814346117185,0.727547113273664,20802.46796003029,0.1961168368899146,0.03788768,3347.07135683,3319.75629416,0.0,0.0,202.7502077,,,,,,,,,0.21111208418550323,0.05284517216348879,0.21110188209565617,0.055294893958365364,3327.594537777777,3329.5118375,2.4163316853112875e-05
9381,material_r_nocable,3,False,0.9513196375751432,1.097913013479393,31.43886426345064,1006.6212444089213,2830.6464807125267,2.9445815415158894,0.3396068289843295,8335.06937766302,0.2870858355702949,0.22650953,1935.8444055,1691.00347999,0.0,0.0,77.0569053,,,,,,,,,1.230491188779765,0.05506642379442483,1.073668104003963,0.057624840371589776,1703.1918883720934,1818.908756818182,0.06806086943161768
9382,material_r_nocable,3,False,0.9197637762286932,1.2524390037366049,40.83830757066959,428.74501137175423,8313.894740339856,2.082825354243875,0.4801170669266356,17316.390757694648,0.3650499431536022,0.0295271,5028.76299922,5014.05788396,0.0,0.0,286.78395767,,,,,,,,,0.16651173658901292,0.05285136311358963,0.16477564454081506,0.05532315847410969,5016.322477777778,5018.91619375,0.0052404412213862776
9383,material_r_nocable,3,False,1.2146930734436254,1.095006687434885,7.4310166886862685,1700.5275928868073,16911.227334637715,3.4353548786913595,0.291090741804507,58096.06732870635,0.2093535537889194,0.06958328,7415.68130734,7210.79639031,0.0,0.0,395.48769187,,,,,,,,,0.38716662014360526,0.05289811496226207,0.38263693917902625,0.0553048751821053,7209.363537777778,7340.959458333334,0.005884203716289364
9384,material_r_nocable,3,False,0.958913856747608,1.1198731057526694,61.11924859267504,861.5272763839464,8816.272363045871,3.764910587448558,0.2656105574814433,33192.47716146152,0.2848058615500579,0.07674358,4739.31533996,4605.04989084,0.0,0.0,218.6369593,,,,,,,,,0.4233412313750723,0.052965861400291296,0.4360579337559883,0.05590733804216997,4679.748802222222,4603.009725,-0.014797201227181386
9385,material_r_nocable,3,False,0.9642369936092212,1.24538490436047,6.81729872706825,1206.7776687648966,9315.43859562632,3.470170989498163,0.2881702380160277,32326.164768993967,0.2502088535891772,0.04953251,9159.80853828,9085.45847318,0.0,0.0,483.72134971,,,,,,,,,0.27856499664803414,0.05294398484228233,0.26990627448213744,0.05528161489568011,9062.58733111111,9140.785270833332,0.01578701131976277
9387,material_r_nocable,3,False,1.2086761401651045,0.8851425391409259,56.64794689248016,1812.5372456517032,6461.966018778607,2.534236711599055,0.3945961304336953,16376.151513894334,0.3017557370672321,0.24861828,2925.99077346,2341.50257665,0.0,0.0,127.23153648,,,,,,,,,1.2686116063566941,0.0534991154996905,1.1722392886416488,0.05510588524563604,2335.816251219512,2466.1586931818183,0.03948308268748661
9388,material_r_nocable,3,False,1.0852644794664097,1.246251040881475,64.32091166847444,491.38671079833335,1687.451807060382,4.105507931595687,0.2435752205723617,6927.846778071873,0.1544329995406513,0.09552341,2066.66269049,2013.10723521,0.0,0.0,97.22152883,,,,,,,,,0.5209040783439156,0.053034064953869864,0.5341799424981616,0.055815317441162735,2044.8012133333334,2009.7629166666666,-0.012582755393878795
9389,material_r_nocable,3,False,1.2737778846609926,0.9918999788796734,75.06005262413827,573.385234442827,10943.479461939543,1.976013277689366,0.5060694739710156,21624.46072091342,0.2061752195246146,0.05666995,3291.53977332,3254.18857674,0.0,0.0,187.54835502,,,,,,,,,0.3165895739623259,0.05291621578867707,0.311009566082445,0.05527971462132275,3245.4565,3275.4763,0.008891038122650755
9390,material_r_nocable,3,False,1.328529224112324,0.9741339253465178,33.635871080588856,1566.3445636658062,11311.719142854095,4.806088383469946,0.2080694153356393,54365.1219695457,0.412192870139204,0.08391446,4894.03683898,4722.53305343,0.0,0.0,313.27995976,,,,,,,,,0.45924819204887557,0.05287837006282007,0.4632245403809553,0.055387171471142915,4776.265115555554,4778.412614583333,-0.004310532108202105
9391,material_r_nocable,3,False,1.3479289939558765,0.9621011022173316,0.7647160638047055,413.5626522146453,15873.197940671362,3.9473583668635297,0.2533339785904908,62657.20069999005,0.3720663013297588,0.01859195,6134.37440803,6128.92906314,0.0,0.0,407.08935128,,,,,,,,,0.10369934746732053,0.05283684062616865,0.10408509278029984,0.0552855865969478,6133.3701622222225,6128.102610416667,-0.0018564687159424277
9394,material_r_nocable,3,False,1.1288611768542387,1.3941022108895156,49.77140128086549,1396.1661834914769,2880.97508357144,1.8502731717728027,0.5404607358825129,5330.590905678144,0.1914950346251385,0.16446922,2952.15982023,2815.54193189,0.0,0.0,149.44896343,,,,,,,,,0.8658183081877634,0.05382770989520649,0.8714077907198583,0.05661706546510106,2872.9672545454546,2845.521568888889,-0.0032174755695931596
9395,material_r_nocable,3,False,1.078434717980019,1.1331418828223652,9.542765462512213,1485.399708451189,12530.232375447918,1.6923343770462125,0.5908997734510318,21205.343001347934,0.2927169427906794,0.11678146,4060.47115599,3832.72043718,0.0,0.0,203.54520215,,,,,,,,,0.648432300884805,0.05306506921538099,0.6205882208284355,0.05534824930799822,3822.1442799999995,3983.437019148936,0.02194139462676193
9396,material_r_nocable,3,False,1.1767020366904128,1.2099760060195428,54.821604087870135,223.96066359375547,13617.40181412884,3.9237961327644975,0.2548552386934163,53431.90857657899,0.4669857316824479,0.00455555,16591.03961963,16589.88383243,0.0,0.0,858.83874912,,,,,,,,,0.02559599167186344,0.052825924879538765,0.025485485118590907,0.055269530944679006,16590.424544444446,16590.08861875,0.0021633390460861195
9397,material_r_nocable,3,False,1.230888625417926,1.1147935242885585,64.18348290608624,1389.6137075015415,17083.051426412618,3.353163056958255,0.2982258789726519,57282.25694316481,0.377628649983273,0.04054617,10428.65897434,10347.61937141,0.0,0.0,565.86276624,,,,,,,,,0.22587635412729162,0.052841457801154304,0.22613666407471844,0.05530768847391554,10389.010400000001,10358.922635416666,-0.000575890376923795
9398,material_r_nocable,3,False,1.096254441200465,1.061469017791774,30.201233029402086,417.6765886336717,13493.238764226253,1.477607395625978,0.676769758299942,19937.709388967844,0.3950328921699266,0.04885379,2337.56442128,2298.65310078,0.0,0.0,139.24389094,,,,,,,,,0.2719538830118899,0.05286513820180447,0.27160114397324947,0.05532307546972503,2308.78256,2313.5392354166665,0.000648948167395127
9401,material_r_nocable,3,False,1.040923011015558,1.331295181112064,43.362100778762624,501.5398621674351,8299.94061759942,2.1328938498835277,0.4688465860851949,17702.89229767629,0.2005544709107319,0.02602958,6701.22280582,6689.25756611,0.0,0.0,370.60678855,,,,,,,,,0.14664695855007068,0.05283792495699765,0.14536893117833116,0.055303981574081645,6691.675400000001,6692.65763125,0.00437656790843876
9402,material_r_nocable,3,False,0.9321166560131784,0.9941126668029286,34.420270166486404,1027.7008924907002,8587.51360734929,1.4323140421295564,0.698170911257147,12300.01632678503,0.2953633397949077,0.25542045,1694.44614828,1319.72151128,0.0,0.0,49.80612208,,,,,,,,,1.3172589936432277,0.054426663382048684,1.2127936433467283,0.05702794242893108,1367.129593023256,1474.095143181818,0.04128979325140977
9403,material_r_nocable,3,False,0.8510585079341748,0.9868801878244028,84.48367240790071,948.4535576697396,2788.013597050583,4.845153239954602,0.2063918209549487,13508.353112787116,0.3150320551708579,0.27392866,1902.4046365,1529.90448036,0.0,0.0,69.5187768,,,,,,,,,1.1116932697897997,0.053165551633502506,1.7687027770641945,0.05866719722525064,1758.5993325,1412.0511093023251,-0.2280969340976527
9404,material_r_nocable,3,False,1.027696706318479,1.2714443549486585,19.509707117414187,1288.367396825604,9728.84774149164,3.4266222899515664,0.2918325731238194,33337.08652654021,0.2301733544234872,0.04563777,10483.8934951,10413.18880812,0.0,0.0,546.39983045,,,,,,,,,0.25634527541658275,0.05290822707631736,0.2516355930904426,0.05532146033011336,10400.65588,10457.118158333333,0.009271377365021828
9405,material_r_nocable,3,False,1.076090319395998,1.0727842805155274,1.1318345463108923,1067.885635613908,6554.387897507882,1.1566680153051931,0.864552306079065,7581.25084095082,0.1091639982440198,0.22307526,1630.67299958,1339.95917633,0.0,0.0,60.58024738,,,,,,,,,1.1327136321069116,0.05307616552048015,1.1070578348732716,0.05553020197682197,1397.9835880952382,1446.1419955555555,0.011454649553255949
9406,material_r_nocable,3,False,0.8905787989836881,1.342613778852106,59.17004201167064,539.8092106233504,2542.2816266628115,3.3866841877176674,0.2952740629393949,8609.904985744093,0.2035443098469054,0.0531444,3529.14261425,3500.95343023,0.0,0.0,210.60663431,,,,,,,,,0.2987546016149513,0.05291418057647906,0.2972149682587886,0.05548687245224676,3512.909131111112,3500.0740041666663,0.00258340934502558
9407,material_r_nocable,3,False,1.3801819666780673,1.1603255645743105,75.8997960270027,1783.4778249089738,14138.206153009049,1.0845228052156992,0.9220645201657252,15333.20699777923,0.3685309764734812,0.0620718,7827.37562714,7739.59082658,0.0,0.0,481.57982694,,,,,,,,,0.3444932948295949,0.05284564308211859,0.3420989132053823,0.055249189144725326,7748.836802222221,7786.374404166666,0.003487341679954798
9408,material_r_nocable,3,False,1.3424800403475905,1.2760845078680283,60.54858918946978,595.9138778542083,14785.853305211269,3.704254043752391,0.2699598861710373,54770.556896158494,0.1974953311492826,0.01154654,17691.04145358,17683.82839508,0.0,0.0,884.82214393,,,,,,,,,0.06476503433171267,0.05282931304576833,0.06458419198917335,0.055272984447336,17687.650186666666,17684.6597125,0.0013980937318533945
9410,material_r_nocable,3,False,1.185492995910865,1.0771103170303675,81.77390656746752,1343.7479018227757,6559.874432956776,3.513003771293433,0.2846566827429894,23044.863622188524,0.4875785740067689,0.10063246,4260.80860682,4065.95759576,0.0,0.0,212.19484432,,,,,,,,,0.5441703155910812,0.05285549531345763,0.5561323293161174,0.055501120956698506,4189.087157777777,4070.8773,-0.010871566818822963
9411,material_r_nocable,3,False,1.0203831313760456,1.2010302936971846,20.10453648297871,1655.232858529291,13354.404502425008,1.6228402895091754,0.6162035823638862,21672.065668938038,0.3683218379404717,0.0956855,5660.26040609,5496.54115955,0.0,0.0,300.63090992,,,,,,,,,0.5363664090555162,0.05306677099073219,0.5147772969403973,0.055393688898479176,5481.751433333334,5612.612579166666,0.02053868751910014
9413,material_r_nocable,3,False,1.333633140330843,1.3094814650525806,44.984378821845546,446.4334889851363,7459.799248112502,2.6964147563182173,0.3708628272623149,20114.71277178209,0.3206771706102058,0.01657796,8437.19644579,8430.51883611,0.0,0.0,455.87741745,,,,,,,,,0.09290767845826602,0.05283192663213567,0.09263213340542784,0.05527713118879148,8432.563059999999,8432.732647916668,0.0014850993437495155
9414,material_r_nocable,3,False,1.186444067916563,1.3389688449205517,56.263188435692726,1979.244935790163,14993.013537870916,4.824163894628693,0.2072898064498632,72328.75458107608,0.1723683594973558,0.02676242,28583.88016712,28534.33922134,0.0,0.0,1401.37910048,,,,,,,,,0.15075234642505722,0.052833803082470564,0.14965179744664617,0.05530137025093271,28559.047866666668,28538.25346875,0.003663561241955024
9415,material_r_nocable,3,False,1.366018397227401,1.3042471358688157,43.44652770879261,1964.644856778223,5282.644410658021,3.691825612931632,0.270868698807773,19502.601939277407,0.2819728986195359,0.08384673,8153.8803025,8002.03749589,0.0,0.0,392.12880914,,,,,,,,,0.46302250389394284,0.05292627850871755,0.4607729117407263,0.05542604002812794,8045.273615555556,8055.8222,0.002435162715838977
9416,material_r_nocable,3,False,1.2425176532619275,1.0956671140092065,76.70661646474385,1650.4467752731296,18023.2535295828,3.556846640702543,0.2811479102181592,64105.94877122683,0.4553403079512844,0.04126043,12062.23582409,11965.7054989,0.0,0.0,658.14654694,,,,,,,,,0.22955638271284093,0.05283823928890178,0.23013982902509933,0.05530671279167738,12021.880926666667,11972.789279166667,-0.001269199739655473
9418,material_r_nocable,3,False,1.2001811655469603,0.9984207420559484,14.051500669973011,1129.3335518964495,7247.468363462442,3.4100775617862142,0.2932484619136332,24714.429245998726,0.2367112796561021,0.14944345,2247.98142856,1995.2622495,0.0,0.0,113.56654924,,,,,,,,,0.7946664129392614,0.053016140678799895,0.79977663776873,0.055627983664448925,2068.123984444445,2075.789219565217,-0.0032050218583846053
9420,material_r_nocable,3,False,1.2923933250835575,1.1986910064801974,10.564722763529636,1870.729556129388,7601.819131261238,1.8404639787628567,0.5433412506514749,13990.874284156662,0.2085159477384013,0.12733896,4361.34430385,4120.50444842,0.0,0.0,226.88810125,,,,,,,,,0.6881913004858576,0.05289175213456679,0.6819528458922627,0.055316436784864365,4160.398726666667,4228.521441304349,0.004553137427245061
9421,material_r_nocable,3,False,1.3761565255987631,0.9756068741721424,68.57088972624214,403.2171325231864,18052.71093732727,2.3960697478176343,0.4173501213438426,43255.5545430264,0.1289107553860431,0.0181876,7862.59628232,7850.93977963,0.0,0.0,450.54918994,,,,,,,,,0.1011750941635945,0.052839095217980525,0.10113980120498708,0.055281906010171945,7848.341168888891,7853.808091666666,0.00017444567560447987
9422,material_r_nocable,3,False,0.8335144555167411,1.2532824892235606,13.125487580302572,737.0936027842612,19903.55747943699,1.5489173330797708,0.6456122471117696,30828.965169849467,0.432836139781357,0.02942144,8889.83326736,8859.17861832,0.0,0.0,523.62949184,,,,,,,,,0.16551564121160384,0.05292978237034447,0.16135900218359692,0.055284292861750475,8851.109204444445,8877.379316666666,0.012716309178443751
9423,material_r_nocable,3,False,0.856081683007722,1.1021659288688024,69.18959337941332,637.2682889510777,7476.355471413339,3.7462006276342734,0.2669371182694772,28007.927559425592,0.3661448007785335,0.09446815,3646.0697196,3335.47200643,0.0,0.0,162.41622136,,,,,,,,,1.941870858230094,0.054892557760122265,2.094858746985406,0.07740891379194685,3409.782506666666,3319.6899875,-0.03789896864968357
9425,material_r_nocable,3,False,1.1216072250483702,1.3921437938928591,58.22619678757519,629.3305547571039,7944.982416021161,1.1229181610257086,0.8905368482833769,8921.565043980074,0.1251473759143919,0.04972852,3931.75719223,3910.72008302,0.0,0.0,228.52626855,,,,,,,,,0.2779520814423853,0.05285632663089427,0.27735028281167146,0.05535294417463755,3922.2101533333343,3912.56138125,0.0010837314397576154
9426,material_r_nocable,3,False,0.9829951864531604,1.1692710448225516,6.6892508829123685,1003.4713115315265,11572.026068527031,2.7434278667340912,0.3645074879225631,31747.018790970407,0.2860284287009984,0.06232825,6197.39527293,6102.93008911,0.0,0.0,307.03858249,,,,,,,,,0.35304393530779604,0.053026225110198194,0.33745600287569044,0.0552828896688304,6074.2977155555545,6178.3295916666675,0.02257484985894875
9427,material_r_nocable,3,False,0.906331115648289,1.241779286669637,37.7527616261776,1171.7204991932797,10279.678182941583,2.691211664526564,0.3715798401074184,27664.789833511622,0.242505739224213,0.05764909,7763.80517306,7672.85130229,0.0,0.0,418.37917906,,,,,,,,,0.32556275797782563,0.05299105124898686,0.3191400913460152,0.05550763477730128,7678.402573333334,7702.067735416666,0.009962212263442762
9428,material_r_nocable,3,False,0.9540383443567144,1.359540222977514,46.97753014533917,1702.5452696067348,9104.61667744872,4.483374529210375,0.2230462776385811,40819.406509897584,0.368078471969574,0.03017107,18492.01268783,18448.34416517,0.0,0.0,1113.64228437,,,,,,,,,0.17016235063868212,0.052849793157478966,0.16850600631835905,0.05533405987195016,18461.644875555558,18458.9679,0.004890756063558601
9429,material_r_nocable,3,False,1.1778441962173036,1.3583609725160024,14.36095789929742,1837.042438678459,10906.241650049347,4.151046684657027,0.24090309648797,45272.31824350573,0.4641489592344006,0.02570992,24038.53107671,23999.5543452,0.0,0.0,1296.07609017,,,,,,,,,0.1439250934688645,0.05284805392547892,0.14284777273906685,0.055281592699346356,23992.956368888896,24030.098610416666,0.0037567038473455957
9430,material_r_nocable,3,False,0.9462449120050838,1.124014919326533,88.07882294696738,1270.8718271376454,16882.10039840169,2.131336879500535,0.4691890848500418,35981.4431825442,0.3957944865862404,0.08917885,5578.26710967,5378.85490488,0.0,0.0,266.74906582,,,,,,,,,0.47322468232763404,0.05283171060785147,0.5179885348122317,0.056097478404703714,5541.16570888889,5323.74124375,-0.04516066948114682
9431,material_r_nocable,3,False,0.8331878935047963,1.334023722628702,72.42747038496705,1714.5815640458409,3621.379779425472,1.8214907819214865,0.5490008568394195,6596.309886060362,0.4666328386772488,0.15763358,3332.96807532,3157.51405369,0.0,0.0,210.88984988,,,,,,,,,0.799085468658947,0.05345954432537007,0.8966789394301511,0.05681125057566693,3288.9275863636362,3115.11615,-0.05755131450198261
9432,material_r_nocable,3,False,1.2415217418537612,1.2237264394981813,89.19075878212774,1033.4640785414217,16559.080053959715,1.716804434186265,0.5824775263199867,28428.702062683373,0.3496874237655436,0.03127285,9343.42510689,9310.84344464,0.0,0.0,547.22827769,,,,,,,,,0.17429606052775656,0.05283409265889175,0.17459912902159824,0.05528429568868104,9328.08646888889,9315.002183333332,-0.0008686519703327904
9433,material_r_nocable,3,False,1.1696547499395002,1.0987843939043849,41.70456884213674,1725.3517535535489,12277.243321087895,2.176413278068888,0.4594715581258036,26720.35538209827,0.2787640618684669,0.11336027,4565.84213231,4289.17204292,0.0,0.0,236.67227571,,,,,,,,,0.6173364426346564,0.052950391894763894,0.6149566571526607,0.05545973664102155,4367.295188888889,4384.919265957447,0.0019311846202875102
9434,material_r_nocable,3,False,1.2929273656931008,1.0016692353004613,39.38676177820638,1261.7185866189027,5440.091383760408,4.6557573957519125,0.2147878239773484,25327.74569350877,0.3513610954012749,0.13158647,2773.53437032,2517.98529255,0.0,0.0,148.11148575,,,,,,,,,0.7066906599898856,0.05294117755450157,0.7077057054086218,0.0554561430053577,2588.221186666667,2605.3712382978724,-0.0007176527341048523
9435,material_r_nocable,3,False,1.2660548665715012,0.9162227029071828,68.86537242172173,1395.580444469176,4088.9345294601976,3.1080703882939837,0.3217430350890151,12708.696330688032,0.2919414034537571,0.23359156,1970.06748841,1717.11477408,0.0,0.0,95.65337726,,,,,,,,,1.2272247027517673,0.053226989376639416,1.1030491587974587,0.05502836300082631,1706.2160809523807,1837.9013644444449,0.05328796155819795
9436,material_r_nocable,3,False,1.3374964440057684,1.3563239243596232,44.41861277227973,758.564048280577,14174.191300030618,4.712431410869126,0.2122046800922175,66794.90430593217,0.2884402344870188,0.00906139,30636.70614976,30630.58614283,0.0,0.0,1490.35755692,,,,,,,,,0.05093976735462662,0.0528259973137668,0.05066567843625892,0.055272892374255304,30632.38440444444,30632.659585416666,0.002697580983324489
9437,material_r_nocable,3,False,0.9266677289346736,1.1846378856665014,48.69856720491877,1492.0056351650514,13595.430610567164,3.829748447330655,0.2611137555776027,52067.079271611256,0.2419273905042711,0.05526033,10946.14652328,10810.68496915,0.0,0.0,551.56786139,,,,,,,,,0.3113050133484349,0.052946937401816795,0.3087195163070927,0.05555552475486429,10849.436842222221,10833.466293750002,0.004169991536913301
9439,material_r_nocable,3,False,1.0406731442345163,1.387508293205442,45.51266161997927,1867.3103595914995,7953.084891804881,1.195793275121244,0.8362649471319429,9510.245430088644,0.279160675949318,0.11931982,4830.94830212,4695.24105459,0.0,0.0,280.35257474,,,,,,,,,0.6514788090019734,0.053215624136838266,0.6468587752556239,0.05586328835469783,4738.784135555555,4737.568202127659,0.003558422556943342
9440,material_r_nocable,3,False,0.9761292893832462,1.000130759797871,11.019751342735615,669.982336371701,10895.188194834498,3.1165382894670706,0.3208688317354189,33955.27118015133,0.3116837831412524,0.15787578,1810.87670571,1457.67093958,0.0,0.0,60.79351826,,,,,,,,,0.9895547896597402,0.0545592863864086,0.7721448918944428,0.055728646810432,1372.4825666666668,1701.2732195652177,0.12340917129161139
9441,material_r_nocable,3,False,1.272699486162209,1.0336936448439875,20.8984841448267,1328.8493886155638,9095.585709878716,2.209545266451577,0.4525818118249967,20097.108350867125,0.3632708142845188,0.10075837,3617.38529435,3465.55500515,0.0,0.0,213.61781912,,,,,,,,,0.5462866496440572,0.0528529411882503,0.5537114742744836,0.05539007383797977,3520.9454755555566,3508.6178145833333,-0.006749852085180759
9442,material_r_nocable,3,False,1.1966036065098469,0.969169818485768,33.68480196851424,1444.226848992699,19931.883276983965,2.5713450784960843,0.3889015163164623,51251.74996943112,0.340450085776125,0.09783936,4629.8659841,4473.23429555,0.0,0.0,255.49008962,,,,,,,,,0.5306318916801929,0.052930055475012054,0.5416404853222573,0.05557133720060345,4544.672122222222,4490.28019375,-0.010266601917732009
9443,material_r_nocable,3,False,1.322276212613252,1.2526785054728464,19.15101143352722,1465.9222971815664,10035.068974432814,3.303279959727369,0.3027294120364334,33148.6422377258,0.2837653224204602,0.04387277,10943.19968172,10876.80490061,0.0,0.0,562.2209525,,,,,,,,,0.2449726952266704,0.05285428452241723,0.2434504563396195,0.05528922253656714,10877.04211111111,10918.027097916667,0.0031166395003376177
9444,material_r_nocable,3,False,0.9480972427347116,1.064110544522637,63.688653986084574,1558.7077809136222,9495.06990447794,2.2136475437412155,0.4517430983208518,21018.73817169873,0.2188704156189514,0.20521117,3421.55110299,2921.61146121,0.0,0.0,129.69287791,,,,,,,,,1.0008478340442108,0.05381463456832688,1.1506359294661699,0.05789351290364376,3173.0349318181816,2884.657256818182,-0.06962083468274163
9445,material_r_nocable,3,False,0.9318676768166438,1.2259310596453887,65.86005512351022,1829.326206817609,16484.893805715074,3.4403448482380004,0.2906685358917312,56713.719478242376,0.4543890580323603,0.03950266,15839.34496319,15755.46027201,0.0,0.0,892.70485465,,,,,,,,,0.22160622780175426,0.05284635279085467,0.22153991637238776,0.05537679540849687,15813.636835555557,15748.8186375,0.0001496378344667305
9446,material_r_nocable,3,False,1.211142232506841,1.024279549414585,72.32044426974002,1607.7751200348798,2711.446841639169,3.827001924007701,0.2613011490082511,10376.712279797704,0.3390942579391013,0.25497586,2473.6234873,2002.64907861,0.0,0.0,77.18750923,,,,,,,,,1.202392245047999,0.05303265729949085,1.2580380259812665,0.05587258644491822,2244.4414560975606,2036.4631044444448,-0.022616280407731042
9447,material_r_nocable,3,False,1.386025914042158,1.0282627940857598,80.24267553420806,522.1176559959498,13433.016722845745,4.49409042614184,0.2225144367774763,60369.19184834429,0.313089786140297,0.01934065,6876.51170598,6862.7247396,0.0,0.0,457.46325121,,,,,,,,,0.1079364538262197,0.05283842733276411,0.10782151201544021,0.05528038146373027,6867.82872,6866.562904166666,0.0005327349575767034
9449,material_r_nocable,3,False,1.136913928388684,0.8788033474329977,46.7326673337569,1374.948151666432,9918.13930177167,2.1519595048248634,0.4646927592075598,21343.434140624577,0.2812781080170711,0.01303534,2752.74720809,2623.05274093,0.0,0.0,100.71842135,,,,,,,,,,0.5223681787029867,,0.27922231658036023,2682.725188888889,2667.8496416666662,
9451,material_r_nocable,3,False,1.17400761808328,1.0472759987283566,33.22863007975096,1394.4579194808136,11508.521271682286,2.07979575536491,0.4808164443169301,23935.373691371595,0.4502332140445452,0.09994886,3947.27346003,3753.27257463,0.0,0.0,219.9498181,,,,,,,,,0.5463080786838247,0.05290426073941534,0.546026843166942,0.0553891441644052,3805.70292,3825.431820833333,0.00025746271702650975
9453,material_r_nocable,3,False,1.3080407780336318,1.283438872744241,82.65957245182808,406.9317603818514,10138.026161216343,4.788307094255845,0.2088420772342737,48543.98258950357,0.4887602046563225,0.0062847,22543.56300639,22541.0976886,0.0,0.0,1124.36662109,,,,,,,,,0.03516986750379012,0.05283234093445297,0.03517165009106762,0.05527044185118898,22542.937286666667,22540.88741458333,-2.534189392619196e-05
9456,material_r_nocable,3,False,1.0474542532362854,1.1312341149986327,26.54250200527432,230.7906780990404,16383.41727099314,4.630733097441383,0.2159485288738687,75867.23260598071,0.4058839417396611,0.00698501,12220.57349586,12217.69048275,0.0,0.0,604.65346015,,,,,,,,,0.039204445081060364,0.05283107965818628,0.038980408959156936,0.055273299252263326,12217.567706666667,12219.558466666667,0.002865467035190567
9457,material_r_nocable,3,False,1.09898929582479,1.0279591321375383,33.86155893628465,1267.7758615236671,3312.7584216370983,4.164138007152804,0.2401457392339746,13794.783252054574,0.2354686108740273,0.23639448,2238.70488723,1828.77981441,0.0,0.0,69.21275333,,,,,,,,,1.2140889284315297,0.05406377680384762,1.1358205535534789,0.05656613591483957,1900.7172113636368,2026.9490795454549,0.03330697436564076
9458,material_r_nocable,3,False,1.3315381430391076,1.0259825586848552,67.68137794309956,351.54057242283363,17899.669584978634,1.810782432782404,0.5522474604877983,32412.407237088817,0.3883298154431504,0.01255635,7394.87477776,7390.77977064,0.0,0.0,486.74389218,,,,,,,,,0.06998842306348345,0.05283633719168687,0.07002655252685064,0.055278370650370626,7391.292935555555,7392.891522916666,-0.0002723241796559793
9459,material_r_nocable,3,False,0.8998398985060252,1.3699731136202435,55.52168196596107,719.3304321653993,12181.597160728898,1.209133465524778,0.8270385598549191,14729.17679057893,0.3029746935745473,0.03596213,6441.76699719,6417.74563501,0.0,0.0,403.52729236,,,,,,,,,0.20295597257829817,0.052841818040368756,0.20121229823514666,0.05535487923209293,6425.794084444443,6417.9358812499995,0.00431422867421562
9460,material_r_nocable,3,False,1.10661849776894,1.0611660770471256,51.45479749133199,896.1835451011657,8649.902538262075,2.829510149622101,0.3534180643011853,24474.987025254515,0.4356957407444242,0.09200613,3032.42948688,2881.44789058,0.0,0.0,155.42367225,,,,,,,,,0.5051249757094067,0.05293070779561882,0.5069234237972896,0.0555024472346497,2940.3290688888887,2920.725879166667,-0.0017770376285951295
9461,material_r_nocable,3,False,1.135044851371661,1.3204384980821229,13.978833600747633,1847.634689496608,4497.708788046881,1.259941039085866,0.7936879337826294,5666.847883917418,0.4286305112165218,0.16787343,3374.48681704,3148.5954445,0.0,0.0,171.25739597,,,,,,,,,0.9027923007350095,0.05310453169784496,0.8553789098378597,0.055399733184788046,3159.966517777777,3275.1376869565215,0.026967448114282894
9462,material_r_nocable,3,False,0.9027446823881636,1.1262096469037752,11.319855288150674,999.923374235925,7612.482490059139,2.220716328792789,0.4503051502051202,16905.16416832352,0.1537357709238135,0.14823443,3352.16612249,3048.31629099,0.0,0.0,145.54080719,,,,,,,,,1.3302366022821501,0.056086589583481755,0.7164098011034108,0.05577829509678584,2961.654757777778,3181.8847869565216,0.2999183445481093
9463,material_r_nocable,3,False,1.2136232036807533,1.2219390424801149,31.09129752208014,424.7907316830155,4900.835430124738,4.100378385669118,0.2438799315436386,20095.27966940489,0.1428203997815334,0.0324519,4878.31860151,4861.37528622,0.0,0.0,232.65914488,,,,,,,,,0.1819878577165006,0.0528524810406804,0.18066866797628928,0.05529963850005131,4862.156173333334,4870.864341666666,0.003637573424857752
9465,material_r_nocable,3,False,1.3823672424140432,1.035821655086739,71.59161919644866,481.9910160154869,11672.201605367414,3.5511312291546786,0.2816004071575926,41449.5196338096,0.2877782280452136,0.02207203,5567.98718028,5555.56750924,0.0,0.0,373.1548503,,,,,,,,,0.12305080620394261,0.05283916270009857,0.12300059043594894,0.05527990221109566,5559.0811,5560.0629375,0.00020408649850977336
9466,material_r_nocable,3,False,1.391610430387459,1.004843100858911,21.272515342490653,1705.458779756116,19318.42320637182,4.647763714639675,0.2151572371999394,89787.46640262798,0.4864578217519921,0.03474348,12818.98219779,12738.32489073,0.0,0.0,821.57784796,,,,,,,,,0.19320167713677,0.05283951196093322,0.1938484444943219,0.055289576281192916,12757.44515777778,12770.877754166666,-0.0016710170631811583
9467,material_r_nocable,3,False,0.8899663511977262,1.3296456368509912,64.28283696552005,437.2202728441527,19041.962942878374,2.9961834552540703,0.3337579340298446,57053.21432501329,0.228434989246695,0.00691565,21832.32191115,21829.14050575,0.0,0.0,1306.68161787,,,,,,,,,0.03929541116750422,0.05280673275045043,0.0387191269190255,0.055249804588264916,21830.71712888889,21828.815039583333,0.0073868827863793176
9468,material_r_nocable,3,False,1.1754860622682677,1.2852957486280188,36.39270280315284,668.7239807283792,14878.575264387466,3.1899203735657022,0.3134874488676333,47461.47036550028,0.3004006227692402,0.01383946,16555.53105045,16546.68917331,0.0,0.0,865.40622971,,,,,,,,,0.07773990430270217,0.05283004636156861,0.07730780878606744,0.05527714201243827,16547.98802444444,16550.916972916664,0.0027868551430187197
9469,material_r_nocable,3,False,0.824601402468772,1.1376773238299545,53.68711159824554,1885.1943954046328,16537.226567812595,3.0322264254232616,0.3297906751341672,50144.61540213298,0.4548606469554415,0.09367407,8438.60798095,8107.42992061,0.0,0.0,425.02878207,,,,,,,,,0.5168262553207246,0.053182333814506266,0.5344189388396665,0.05645269357304559,8233.786051111112,8137.433420833334,-0.016735090554200225
9470,material_r_nocable,3,False,0.8870591473356639,1.3653398108768666,43.80734041064951,352.25211144663524,4429.527691126276,3.2495611823184163,0.3077338581717501,14394.021241088469,0.2384082416164248,0.01875233,6220.60808637,6214.60546852,0.0,0.0,386.17038927,,,,,,,,,0.10601082596567228,0.052826517746515644,0.1047773607230157,0.055298608882786524,6215.651951111111,6215.99905625,0.0058516810739411935
9471,material_r_nocable,3,False,1.3117968941241291,1.2810689007294331,66.98298061696845,925.6459544656694,4907.480883082912,4.473595650026146,0.2235338368129349,21954.08513114619,0.132864603972752,0.04996323,6999.70004543,6950.71021005,0.0,0.0,325.38559603,,,,,,,,,0.2782508475503668,0.052851928778226545,0.278895718447858,0.055347492074409095,6982.930611111111,6949.791935416666,-0.0011574528801695367
9472,material_r_nocable,3,False,1.365656545542787,1.0802221541737669,25.326557248459803,1708.2600536412235,8258.878952201467,4.971167762635987,0.2011599784493583,41056.27280269681,0.3712655041019727,0.07299493,7128.43356766,6946.92236602,0.0,0.0,377.57017128,,,,,,,,,0.4036928907703026,0.05287184825386465,0.40228959101699574,0.0553150648804599,6971.997991111113,7036.75331875,0.0017411045339285943
9473,material_r_nocable,3,False,0.9602801578601958,0.950032592401264,85.53072356716514,411.8172315787566,5958.432020219603,1.611743201151238,0.6204462344160774,9603.462298110782,0.2568050345811331,0.23498988,682.21825848,524.10508959,0.0,0.0,17.25747451,,,,,,,,,1.1495583420312512,0.053484625139740165,1.2465921162824931,0.05714901264981205,585.578819047619,541.1973422222222,-0.04049569337959188
9474,material_r_nocable,3,False,1.0739183097887883,1.0286930883541034,55.678283224613445,1559.3006734184833,7504.878809478177,3.1731526422517686,0.31514399486637,23814.126024074983,0.4731081715680209,0.16730576,3261.10289095,2832.6520601,0.0,0.0,134.4077965,,,,,,,,,0.8705866512168409,0.053129911372880964,0.8949245660580588,0.056052698944590286,3027.2772866666664,2908.9475282608696,-0.013785194114361948
9475,material_r_nocable,3,False,1.3373015499012366,1.337806495109139,6.070417269970254,513.403104517254,19169.03721426521,1.4225057627308564,0.7029848498330504,27268.065903294508,0.3965885587134469,0.00910949,15482.86337512,15479.15375509,0.0,0.0,934.02805893,,,,,,,,,0.05092346631621917,0.052833662502196295,0.050882921923548076,0.05527603040748547,15479.769728888887,15480.908193750001,0.000398249985802524
9476,material_r_nocable,3,False,1.0449974743859571,1.081401598845633,40.33735563030332,795.7195607371692,12380.553930508782,2.7719770017282293,0.3607533537892037,34318.61076402638,0.4988257877166806,0.06043232,4309.49411101,4215.27808481,0.0,0.0,222.77791766,,,,,,,,,0.3376489035908881,0.0529077094593626,0.3349510147238337,0.05538118702025391,4237.462617777777,4253.566729166666,0.004011134693287338
9477,material_r_nocable,3,False,1.0475068994276306,0.973870390073704,43.117478025025264,1967.956145893374,18962.700884039965,2.6870056342995454,0.3721614823709449,50952.88411695236,0.3979554464023722,0.18147994,3642.96043346,2905.40634112,0.0,0.0,141.2362164,,,,,,,,,0.9578154571394738,0.053376386569835975,0.9498995618247786,0.05614945720859966,3110.471991111111,3123.9978934782607,0.004149411854498534
9478,material_r_nocable,3,False,1.2342743004001415,0.9080601924067606,37.45362395864143,699.4915569096283,8612.725855041477,3.891623746686984,0.2569621487306731,33517.488461184366,0.2712224734020233,0.12258586,3700.51726379,2676.95272228,0.0,0.0,135.66801453,,,,,,,,,3.095129376795267,0.061104631439372004,2.1446303184920437,0.06544354153048763,2648.3736047619045,2663.265380851064,0.18140126906165394
9479,material_r_nocable,3,False,1.3006719260135264,1.2859980155234414,86.65563920237011,1045.1347239131376,5323.037657966762,2.6781454463650327,0.373392715230336,14255.869064513272,0.3747545274620273,0.05468809,6007.08098536,5955.42204447,0.0,0.0,320.41456064,,,,,,,,,0.30263953598573085,0.05283093692974968,0.3047399155987065,0.05530881193560158,5989.741808888889,5955.167441666667,-0.003458101204274381
9480,material_r_nocable,3,False,1.129494132889474,0.8545551444220105,32.77445495582962,997.1888672817126,1307.7885498587002,1.6052444720177093,0.6229580711423051,2099.320340228735,0.3546270297818062,0.43355827,1065.94406314,799.16687443,0.0,0.0,33.9020517,,,,,,,,,1.5443519409025026,0.0560803791217186,1.6887275015044998,0.0544273425056411,890.2975,866.45335,-0.044655741739061845
9481,material_r_nocable,3,False,1.003743820751864,0.907545643173461,35.83869374490512,846.2442022822596,3708.834391560599,3.607552183553382,0.277196267474367,13379.813607712318,0.3548820083847622,0.29022714,1244.34281069,919.37612313,0.0,0.0,27.60950304,,,,,,,,,1.3955044079155057,0.05401311729979587,1.332737000034333,0.0567212416744616,981.1805904761904,1014.750240909091,0.02300654469149039
9482,material_r_nocable,3,False,1.150707458655157,1.2298526692830127,47.46342018197366,916.290245899444,9530.958440637654,3.83198298703564,0.2609614926222791,36522.470594667226,0.263210176559618,0.03364944,9887.86672725,9852.88559563,0.0,0.0,490.94358148,,,,,,,,,0.18890889715445533,0.05284694483858968,0.18782450742604845,0.05531567014887741,9865.103313333333,9862.694054166666,0.0028784007874596623
9483,material_r_nocable,3,False,1.3134463294435814,0.9559481410101548,56.20037321975232,1742.1479221230636,18420.73866929645,3.497948303926948,0.2858818693453407,64434.79158534706,0.2348513698604684,0.08766042,7015.7822417,6712.90662824,0.0,0.0,385.29656794,,,,,,,,,0.48615674895159244,0.05298301366511986,0.4784470825016402,0.055376863271328854,6682.936648888888,6750.818072916666,0.007992572907716091
9484,material_r_nocable,3,False,1.1553882493106915,1.1708675266809003,74.50095768529509,681.8122041255801,6905.452382893349,4.316104060434297,0.2316904286824302,29804.651068941672,0.3754274855609337,0.03590591,6719.85951056,6686.60607064,0.0,0.0,332.48685464,,,,,,,,,0.20031264905312707,0.05283560441428252,0.20093679003491144,0.05531892486205859,6711.157215555556,6683.796252083333,-0.0015554937178302894
9485,material_r_nocable,3,False,1.1263409417859087,0.9397381068373558,4.640646050632214,221.42433130318616,12620.108613328792,3.91987028258796,0.2551104827223477,49469.18871641988,0.3551337704773581,0.07249796,2968.45125492,1910.05974862,0.0,0.0,85.3023773,,,,,,,,,,0.06253020397029828,,0.11505408670256252,1887.4211266666664,1815.3478791666666,
9487,material_r_nocable,3,False,0.8392713486151037,1.0485902296548104,42.90892066669704,704.9730378975378,8381.370441941652,1.238842411480813,0.807205170514529,10383.197169809004,0.4925305719439741,0.21858103,1852.9061407,1461.27660529,0.0,0.0,70.41660564,,,,,,,,,1.2051310369748878,0.055601952261999765,1.2373306915338638,0.05773700175561358,1470.5762142857143,1490.2283627906977,-0.013183279059457582
9488,material_r_nocable,3,False,1.2869164092566567,1.2879168130837453,63.87357038031476,750.0790167215199,3493.541578608635,4.9305513251331465,0.2028170754257376,17225.08605981655,0.3361478298104358,0.04140612,6640.31039733,6609.25049171,0.0,0.0,319.05803747,,,,,,,,,0.23136075009170276,0.052845904116650994,0.23124738526789665,0.055324635815306056,6628.325002222224,6610.306508333334,0.00024505583698390736
9489,material_r_nocable,3,False,1.1409203405403363,0.8695466504300876,70.79964650274775,1742.7127377566462,10215.675464161754,1.287978908931913,0.7764102292864979,13157.574538333569,0.2746762996242933,0.24147256,3406.19986151,2771.05769963,0.0,0.0,144.03487928,,,,,,,,,1.393324958774976,0.054038814302185566,1.0827789816278732,0.054800945565166535,2631.1127195121953,2958.1525840909094,0.12541718143567862
9490,material_r_nocable,3,False,1.0285534687139242,1.2545003445700111,28.791715262648765,622.5894154153841,1389.0964133782218,3.369116650983449,0.2968137062597992,4680.027856133955,0.2451433610034267,0.14550519,1661.79371302,1576.82693104,0.0,0.0,79.68429299,,,,,,,,,0.8103953374492783,0.05380237848439269,0.7539525463457766,0.0562398882016565,1574.9406477272728,1623.4279533333333,0.03608071560564483
9491,material_r_nocable,3,False,1.1358059121575108,1.1796118333171943,74.93668204876398,349.29522262696577,2289.472490388975,4.680403996932325,0.2136567699402507,10715.656194883164,0.1055582741108805,0.06631262,2135.27981517,2102.52129453,0.0,0.0,96.1828695,,,,,,,,,0.365223152311578,0.05286226641116373,0.3725195016022278,0.055499268857723244,2128.496544444444,2096.7895937499998,-0.009890100907060047
9492,material_r_nocable,3,False,1.2136869075919514,1.2064822355590006,86.149056574329,757.2569234569219,12142.135671577336,1.253698162151776,0.7976401578858958,15222.573176054027,0.378968450037167,0.03939095,5239.83668747,5209.53185376,0.0,0.0,315.79256233,,,,,,,,,0.21930743237323688,0.05283724243738982,0.21950958058426068,0.05528769088887701,5221.828844444444,5216.975233333334,-0.000460666302934281
9493,material_r_nocable,3,False,1.1770493175117616,1.3796981255674008,62.56517279446202,969.3492569443767,11120.506470907629,3.594304827373336,0.2782179164060454,39970.4900912197,0.453818277258932,0.01430817,22184.21339902,22173.23530337,0.0,0.0,1227.93176612,,,,,,,,,0.08048208168584409,0.05282627917128152,0.08006071018181825,0.0552721782826582,22179.95575111111,22173.641079166668,0.002624667847891801
9494,material_r_nocable,3,False,0.9531888085469208,1.3743084911771015,47.97415590241858,248.7512531612474,16921.866181087862,4.734366512730291,0.2112215007670168,80114.31658064558,0.3900536862964979,0.00208567,38338.04891332,38337.62263565,0.0,0.0,2352.54930737,,,,,,,,,0.011788226164066747,0.05281235181930267,0.011668967543517093,0.05526768243175466,38337.763788888886,38337.7201,0.005084095823069275
9495,material_r_nocable,3,False,1.2439902045870723,1.2468293354754376,9.287866066918184,302.1953666619676,19967.454953812125,1.9964941651094212,0.5008779977802706,39864.90730737112,0.3358711389955913,0.00661203,13405.94076512,13403.96301754,0.0,0.0,767.09360078,,,,,,,,,0.0369805068895375,0.05283394330538926,0.03691570247211034,0.05527620154608863,13404.01194666667,13405.1606375,0.0008769653814042245
9496,material_r_nocable,3,False,0.8952958697450967,1.1058113820129325,29.46494156560606,927.1642954388384,11536.012661596871,4.03176274754056,0.2480304677178775,46510.466104182495,0.4076287279299303,0.06970897,5768.46411424,5603.88758645,0.0,0.0,271.08662891,,,,,,,,,0.4041679305483778,0.05326010683405144,0.3786856642241655,0.0555593745327892,5597.412646666668,5690.653839583333,0.03255048772129114
9497,material_r_nocable,3,False,0.995232137609329,1.1703208762681658,21.147798656066488,1015.3887544150864,10924.660048075826,1.670116774885356,0.5987605268312117,18245.4580062113,0.1950863612255768,0.10349817,3799.5023019,3636.45846519,0.0,0.0,180.86308484,,,,,,,,,0.5893411410443488,0.053253721780355145,0.5500784549463562,0.055491601735544994,3611.4280577777777,3726.0707574468083,0.03445849644516105
9498,material_r_nocable,3,False,1.346794139603274,1.3328452350104925,23.91585971640847,1767.6862576452113,3105.362539192261,4.326488461803363,0.2311343272560539,13435.315195531712,0.3237317158879816,0.09980461,6501.87358401,6348.9690224,0.0,0.0,301.08897566,,,,,,,,,0.5521060151029403,0.05300243636241455,0.5390034236209899,0.05544114471433027,6347.654862222223,6444.3602255319165,0.01200850347081056
9500,material_r_nocable,3,False,1.159864977679605,1.376512252729877,66.85067169046744,1359.8929831693126,6898.350286804766,1.538138296081413,0.650136598606001,10610.616755918609,0.1850983040872383,0.08917106,4852.69623136,4765.76513052,0.0,0.0,267.06097588,,,,,,,,,0.48785981011864926,0.05290867768071288,0.494581775999216,0.055511849806201385,4822.239006666667,4765.493114583333,-0.0068421023453706705
9501,material_r_nocable,3,False,0.9936945786992716,1.1293351606349409,36.50062826874299,220.6511311985521,19096.803348979804,2.3572734552303576,0.4242189202874122,45016.38761430429,0.3666239359739351,0.01251465,6462.153623,6457.14634463,0.0,0.0,328.46456113,,,,,,,,,0.07040912890281638,0.052829346139510895,0.06991391267429535,0.05527760224215503,6457.757308888889,6459.551475,0.0035291155533347814
9502,material_r_nocable,3,False,0.8787496529075616,1.2822398055017945,72.6780166872257,1998.2777736603475,11207.53179156876,2.949586793634197,0.3390305388396102,33057.587761646624,0.4833980855482572,0.05281293,11920.5266341,11819.60528405,0.0,0.0,737.59793677,,,,,,,,,0.29400857306620165,0.052863706649478315,0.29690372210769145,0.055453352032696065,11897.913908888888,11801.635822916665,-0.004899456425488347
9503,material_r_nocable,3,False,1.0987231120245062,1.0762557955610883,48.18156437239695,1013.2289021532314,16926.714851097862,1.4900647067922597,0.6711117949721475,25221.900401557323,0.3300723873601369,0.08524375,3373.05743119,3223.28778077,0.0,0.0,188.72969596,,,,,,,,,0.46960508919762944,0.052911929093674315,0.4694463194638542,0.055421489160198775,3272.156106666667,3271.06943125,0.0001690745919880733
9504,material_r_nocable,3,False,1.0458189614192526,1.0419412980594518,88.96863925393032,1363.327644703929,4118.712131244572,1.148312855201635,0.8708428155882724,4729.570087183067,0.3135986814585887,0.30524541,1728.43344601,1351.5497246,0.0,0.0,47.23215735,,,,,,,,,1.3734284929770768,0.05295237396268318,1.3973455121824552,0.055523696414705254,1476.3241524999999,1443.3625022727274,-0.008631891002601385
9505,material_r_nocable,3,False,0.9120336650622504,1.3420499053098425,82.82103842629779,953.7586937434406,8160.451546343377,2.720663060574564,0.3675574585074915,22201.839079745005,0.1134378927886385,0.03898223,9035.52593787,8994.97205029,0.0,0.0,516.93839571,,,,,,,,,0.21973733110295038,0.05284814764089301,0.2187815587506602,0.055325423941512214,9018.914246666665,8983.95130625,0.0021795465928714113
9506,material_r_nocable,3,False,1.1344068149126012,0.8043289203090943,64.87227899614369,1795.7114360053963,5932.121596972744,1.327473980100431,0.7533104339448855,7874.737066773133,0.4854966602565964,0.29657359,2376.30497823,2007.40986772,0.0,0.0,113.38530238,,,,,,,,,1.534105194587165,0.055296206656909805,1.2442761031323748,0.05497123350615977,1973.37287,2188.8745285714285,0.10431580852227818
9507,material_r_nocable,3,False,0.9495849363417788,1.231893269624954,22.497130046826577,1613.1579684450328,12171.134960866,4.658257429786159,0.2146725497834725,56696.27986038412,0.4152106064884586,0.03528945,16159.71276563,16086.34849234,0.0,0.0,888.20405623,,,,,,,,,0.19834485469704813,0.052884784388993585,0.19547005536713394,0.05530943853774486,16076.238202222223,16134.137172916666,0.007299874272016947
9508,material_r_nocable,3,False,1.3471962795372372,1.0433764300631192,81.45464267443069,1941.504202088232,12813.738954426331,3.451272241793726,0.2897482232465878,44223.701567002565,0.1899847580430975,0.09223172,5654.39212187,5441.00130236,0.0,0.0,346.69172006,,,,,,,,,0.5084404882659305,0.052907716000713194,0.5022097285857222,0.055314749018827554,5501.640011111111,5517.43986875,0.006165100027997945
9509,material_r_nocable,3,False,1.0594253297168137,1.3033528120276374,28.603987773194607,1880.980264614476,18131.177469908263,4.9434988724594096,0.202285876016089,89631.45537885294,0.3882400807742273,0.01898368,34903.59597637,34869.53920068,0.0,0.0,1882.47347745,,,,,,,,,0.10663637047372954,0.05283827144397185,0.10582419492656253,0.05528435418633606,34868.37102666666,34890.824606250004,0.0038227119730986463
9510,material_r_nocable,3,False,0.9955427832533136,1.1958842222063368,35.14373097276972,717.0312408938671,1645.0851960659447,1.814892108701062,0.5509969409232325,2985.652140481023,0.3921252397587784,0.22145605,1168.96651619,1051.20968133,0.0,0.0,51.67991198,,,,,,,,,1.152105032490743,0.0543980356350818,1.0777584590833236,0.05700154827474141,1072.3136,1110.5811395348835,0.03334131155936272
9511,material_r_nocable,3,False,0.8196979248304915,1.344693404333022,77.07827255706276,727.8007010178592,3047.7017539701296,3.483044523252327,0.2871051441703192,10615.28090267217,0.1625007335295086,0.05570675,4434.91047339,4396.13593182,0.0,0.0,278.68706687,,,,,,,,,0.3142826815594038,0.0528985913359584,0.31341037376180003,0.05542515530254843,4419.558406666667,4386.700191666667,0.0013897043948612733
9512,material_r_nocable,3,False,1.2986839047331638,1.2585829382998095,89.73013771897024,586.3316826457606,4383.492305141631,2.5434417889317515,0.3931680309538364,11149.157510357996,0.3330741356893499,0.04468247,4037.89974713,4012.56350656,0.0,0.0,219.06784268,,,,,,,,,0.24808130730589337,0.05283145866533063,0.2492422540201253,0.05529481476244633,4028.7894955555557,4013.0526374999995,-0.002334389127143858
9513,material_r_nocable,3,False,0.8978215839780419,1.2904237940286485,3.11673528442867,983.965239630781,5498.947741408058,3.5733703316139147,0.2798478487250297,19649.7767142429,0.4902028723715061,0.04164205,7450.05008588,7411.01184121,0.0,0.0,458.98311485,,,,,,,,,0.23339560914902757,0.05289793734104473,0.22827899683966704,0.055268874842606036,7398.422595555555,7445.074260416666,0.011082724158941123
9514,material_r_nocable,3,False,0.9740542277426564,1.3241957446770871,52.65397923771641,1004.5904283074284,13897.009241082558,2.749766317364396,0.3636672664455658,38213.52792323056,0.1949581516051741,0.02531766,14286.76212942,14259.93996917,0.0,0.0,797.75239161,,,,,,,,,0.14311335425047467,0.05282744057380588,0.14160458218695104,0.055309448028032615,14268.78127777778,14262.087670833333,0.0052991816476417
9515,material_r_nocable,3,False,1.219257256118442,1.1523552169475972,68.67462238120758,946.27052883846,4838.133481645937,1.6862776278419171,0.5930221592750364,8158.436250612465,0.4800739244107024,0.09678982,2799.57213135,2708.92943152,0.0,0.0,155.5314244,,,,,,,,,0.5282975277865056,0.05286422131185043,0.5300929779089028,0.055356900575595135,2746.1709266666667,2730.5924,-0.0016963966633633356
9516,material_r_nocable,3,False,1.0146116039269244,1.2487458593506646,34.14161311304615,1772.337874913496,12997.643714069196,3.9213213962462654,0.2550160772226583,50967.93839676533,0.3521510271542577,0.04120265,15402.53798854,15323.1364875,0.0,0.0,818.67458194,,,,,,,,,0.23163775143754217,0.052884853952972107,0.22894923740638848,0.05534782326982331,15328.08156888889,15364.146349999997,0.005837147154117055
9517,material_r_nocable,3,False,0.94136970756329,1.038700475172777,49.30902994517499,944.7426994958856,5814.64015020602,4.10351672676196,0.2436934138657914,23860.47311647208,0.2054510905791802,0.1790932,2620.99337597,2252.87027062,0.0,0.0,96.95099817,,,,,,,,,0.9460142276857739,0.05449545261335777,0.9689254121859568,0.05801105553328287,2367.7870704545453,2321.3240045454545,-0.011964442128169427
9519,material_r_nocable,3,False,0.808503961426202,1.3861309480033854,71.91557036796743,1424.7344738212173,17338.25958791576,1.0470357687202645,0.955077209274566,18153.777955904872,0.4611041273554197,0.04772131,8551.4550906,8495.59230097,0.0,0.0,603.7609765,,,,,,,,,0.26728776844982477,0.05285664607554398,0.2684007586351889,0.055436413581204595,8529.08024222222,8484.675885416667,-0.0020776815800416003
9520,material_r_nocable,3,False,1.3514886457177386,1.068092898130785,70.29494272420156,1148.938560390778,2097.101538112609,2.791068329857648,0.3582857464657638,5853.153687521865,0.107888781247405,0.24785438,1572.36586069,1304.17695694,0.0,0.0,60.80905654,,,,,,,,,1.2223963786830545,0.05284859006670468,1.1851251129938802,0.055063801365193545,1385.2638904761905,1374.0349133333332,0.015481176728027192
9521,material_r_nocable,3,False,0.9409401452636348,1.2331142113304825,24.24298397824598,239.75793649560728,13327.778148457264,4.829576476609905,0.2070574935179294,64367.52383126471,0.4172653624147123,0.00464273,18157.13368939,18155.6846701,0.0,0.0,1010.69265544,,,,,,,,,0.02606169964805573,0.0528296394493396,0.025877524622476108,0.055269021980549296,18155.516068888894,18156.601191666665,0.003545971819300288
9522,material_r_nocable,3,False,0.9735077987422072,1.3500129421163296,31.614983073102024,567.4822454795543,19578.97121513664,1.597961423773845,0.6257973347306081,31286.440718966875,0.2073336744201108,0.01546598,12579.62999337,12570.88952409,0.0,0.0,729.06520886,,,,,,,,,0.08701935927877247,0.052829710068065756,0.08628164394066207,0.055278711261708975,12570.467917777782,12574.386733333333,0.004256844013628139
9523,material_r_nocable,3,False,1.2077732047148544,0.9459303940318492,47.54911756493235,878.3062437639943,15214.038330980557,1.7181413748327754,0.5820242819641829,26139.868734749474,0.1233863154570157,0.10070826,4340.99896615,3943.88174771,0.0,0.0,191.48936477,,,,,,,,,1.1306691348773765,0.05773476729122202,0.8553218514968798,0.05713595130707552,3929.810588636364,3950.2115063829788,0.1386447799963016
9524,material_r_nocable,3,False,1.0802701876801524,1.227273576730037,71.81738945091799,511.0516685521907,17137.40326326579,4.825402228748162,0.2072366100472056,82694.86390151878,0.2499283883998636,0.00917087,21441.85645947,21436.01762589,0.0,0.0,1059.00109079,,,,,,,,,0.051664531090231766,0.05282585795410989,0.051339228462626264,0.055261980586813836,21440.434291111113,21435.123754166667,0.0031581626633595595
9526,material_r_nocable,3,False,1.225977809105549,0.9843386113287188,0.6840844855508458,1454.053128591611,8194.28679475576,4.740975753196301,0.2109270437263497,38848.91500867369,0.2192176586266826,0.15443754,2813.04162656,2475.38192343,0.0,0.0,141.91640734,,,,,,,,,0.8224359116939607,0.05306314776079365,0.8234989658447022,0.05567593859576198,2572.3918155555557,2584.970430434783,-0.0006458664709330285
9528,material_r_nocable,3,False,0.8312334131799849,1.28977990450633,19.705573088274065,577.5011988050235,5972.770942788948,2.9894239949439445,0.3345126023244994,17855.144772677246,0.3925239893000973,0.03060955,6091.66804315,6071.24190521,0.0,0.0,384.09328062,,,,,,,,,0.1719944755372335,0.05288174851720619,0.1693466930696808,0.05529843292724534,6067.424511111111,6083.397943749999,0.007756997136790854
9529,material_r_nocable,3,False,1.0602662341962328,1.371770151502031,68.46135016417313,1441.7286011285232,6928.018173553441,3.522022792476301,0.28392774803621,24400.63791394525,0.4100534070390427,0.03870105,12170.46937745,12126.66595165,0.0,0.0,700.90318388,,,,,,,,,0.2168633189744029,0.05284693349115032,0.21651591240121468,0.05533028418689749,12158.479997777778,12122.595002083332,0.0008016225698806276
9530,material_r_nocable,3,False,0.862201185234594,0.9819400581833468,82.29621838618512,630.1934855401363,8825.970181371606,3.27512230979246,0.3053321083643342,28906.131846573157,0.2037637584684334,0.2063054,2663.38923853,1676.36990758,0.0,0.0,73.50930912,,,,,,,,,2.1887789857202726,0.05409332235754014,1.6942328363886823,0.06004773552345066,1827.6945818181819,1546.9851636363637,0.1273614843291903
9531,material_r_nocable,3,False,0.8793282779191507,1.087513483245324,29.998839072803587,647.253329524565,15369.671243405906,3.043534265996053,0.3285653824149508,46778.12108640004,0.4909049498224322,0.07607346,4878.62647258,4528.48244193,0.0,0.0,211.06780636,,,,,,,,,1.291185279848817,0.06803875900783522,1.170021224776037,0.0564862016498383,4504.27262,4598.3394936170225,0.049229536345325155
9532,material_r_nocable,3,False,1.1311221665430475,1.3114785884002644,54.195661105526426,792.0603182946767,6159.353792420205,3.737444640556792,0.2675624915345965,23020.243820774045,0.4358648138587355,0.02677404,9950.65121042,9931.7178529,0.0,0.0,537.81224936,,,,,,,,,0.15048346305629848,0.052835306825230036,0.14965876338686904,0.05529782703563716,9940.800562222223,9934.814727083334,0.002747696247883998
9534,material_r_nocable,3,False,1.249754198069831,1.01322703376931,34.939999640618126,302.892816238989,5908.0446108065225,1.9385416878992456,0.5158516869883142,11452.99077201692,0.2663692856077414,0.05363865,1634.95501901,1618.34592678,0.0,0.0,98.51442459,,,,,,,,,0.2960770042910381,0.052849372889990365,0.2986993640607031,0.055329879544033136,1625.7520911111108,1621.9197791666666,-0.004408984467442963
9535,material_r_nocable,3,False,0.9596693018349036,0.9022285947617472,40.60099400826847,635.5815865448445,5684.982424937287,1.9737510870569008,0.5066494992998939,11220.740241119343,0.4080962615887566,0.27702686,1139.60303351,726.42907035,0.0,0.0,21.45727552,,,,,,,,,1.338388563467779,0.05377292845919942,1.3258516048774776,0.05671351290030061,781.0654634146341,770.6174955555555,0.004705641307888579
9537,material_r_nocable,3,False,1.0674401276191623,1.284513850530765,55.62909040347471,1271.45244561033,5342.54615835132,2.158132894719122,0.463363494642506,11529.92460589326,0.1517812108446328,0.11543594,4066.82842647,3934.32262866,0.0,0.0,202.79228449,,,,,,,,,0.6263762582049008,0.05318178631010263,0.6359452432149795,0.0559706633039378,3994.2033866666666,3943.15854680851,-0.007580465831656421
9538,material_r_nocable,3,False,1.0794693556396926,0.800413715629734,5.349714693761946,323.69056908409857,5078.800913431256,1.40510578506356,0.7116901877638807,7136.252544648351,0.2858319500104255,0.20066747,1649.54500918,876.02019698,0.0,0.0,43.79980665,,,,,,,,,2.9646067058774555,0.056644043510438315,4.797434383076001,0.09177344923677622,862.8957744186047,765.2660837209302,-0.2361270258936059
9539,material_r_nocable,3,False,1.1996609166525691,1.268665797658691,73.73508902937293,893.1665127310808,3742.880691375634,1.110425989752666,0.9005552906977059,4156.191996246931,0.4802940341326277,0.10978238,2307.5303628,2226.77966811,0.0,0.0,129.05414193,,,,,,,,,0.5939879746629669,0.05285978825610205,0.5986903710926393,0.05537521830772515,2260.156044444445,2244.634459574468,-0.003942719716851456
9542,material_r_nocable,3,False,0.8608275712727541,1.1079506316221237,34.08421055198819,1039.1170006068191,13287.249530857918,2.6034164104888817,0.3841106616563945,34592.2434788962,0.2209862445892567,0.12176992,5561.2268251,4753.04574666,0.0,0.0,229.27023079,,,,,,,,,3.028681556037724,0.0825241817290174,2.9882739422160625,0.06648819435326192,4727.236057777778,4814.655295833333,0.006715624510333922
9543,material_r_nocable,3,False,0.800688346508475,0.9630365159506016,25.524959291890035,1365.1254083304025,1528.1151998479395,1.1303581710277095,0.8846753406407553,1727.3175024197596,0.4924066584179781,0.54348238,1486.21542941,1055.68412394,0.0,0.0,46.2980089,,,,,,,,,,0.15067745615638742,,0.05450689990076901,1121.5852,1231.13546875,
9544,material_r_nocable,3,False,0.8743837187736181,1.28282375673214,15.912717555635115,1582.5101396683417,7668.451389328627,3.062375819067302,0.3265438532311057,23483.68010437304,0.1312481348508458,0.07537766,8121.28877843,7968.45685803,0.0,0.0,449.58625896,,,,,,,,,0.4288385862721722,0.05316077319451859,0.4042405934806045,0.05545738170799364,7932.165637777778,8044.504664583333,0.029526596498147244
9546,material_r_nocable,3,False,0.977711802297965,0.9911903567377198,69.96423868876589,941.2788238746524,9841.958347345377,3.1506716316654253,0.3173926441428002,31008.77896501381,0.3858807128434257,0.18382211,2043.80121694,1651.28129975,0.0,0.0,68.46066691,,,,,,,,,0.9051166351239434,0.053295944285928876,1.0650142615372622,0.057703376983156314,1927.5603977777778,1608.3982622222222,-0.08116091508655514
9547,material_r_nocable,3,False,0.8446860645897527,0.8428016243797953,87.87922934942019,1549.2873134257152,3126.043375231598,1.2833281967700936,0.7792238980775302,4011.739607761064,0.4387963388521415,0.50361295,1799.55370885,1239.25449895,0.0,0.0,32.80442243,,,,,,,,,,0.06161402695377113,,0.1032259461602437,1419.9971885714285,1377.2430567567567,
9548,material_r_nocable,3,False,1.2884157212767666,1.0017953783123463,75.75968020405581,1331.9984364908355,2749.1746121967963,3.1407272847786194,0.3183975905346672,8634.407715147157,0.1368127116759599,0.26091939,1770.9963834,1434.3322465,0.0,0.0,66.14309799,,,,,,,,,1.283616193099513,0.05295246497188449,1.2225674658861374,0.055140244892552794,1524.1596857142856,1530.8380066666664,0.024359239194019923
9549,material_r_nocable,3,False,1.0955065245746771,1.215915145373152,65.72290217823785,964.446133173964,1956.3800616775611,4.07513041258583,0.2453909197388018,7972.503887918772,0.226661544901337,0.15637696,2496.84909904,2353.83652844,0.0,0.0,109.25395223,,,,,,,,,0.8060616112891184,0.05341149115243965,0.8645465409466211,0.056538359566959316,2453.0632863636365,2337.9036466666666,-0.0350081672828147
9550,material_r_nocable,3,False,0.8397859624898527,1.3535831006637875,21.05883310261479,1731.5558289242222,18116.065061451118,2.520687932986577,0.3967170973104845,45664.946593599554,0.2007628305516225,0.03047645,19211.9193473,19155.4535945,0.0,0.0,1201.461203,,,,,,,,,0.1713477194853429,0.052879571723185526,0.16867748605615748,0.05529854359727537,19144.93769777778,19181.541372916665,0.007853045555646311
9551,material_r_nocable,3,False,1.0263810877064166,1.045023954827506,67.89293738770546,375.7846881913296,17483.968835672484,4.9899980719177,0.2004008790359494,87244.97077947485,0.4126171655632461,0.02834197,4978.98745409,4934.20259352,0.0,0.0,236.20003397,,,,,,,,,0.15855475361104085,0.05283763465594434,0.15923381607391215,0.055369345294589666,4965.170777777777,4931.833685416666,-0.002136837280033417
9553,material_r_nocable,3,False,1.1486483149753788,0.9518040580970196,61.71197243271888,1481.6172587678416,1519.1357638546274,3.241282628797108,0.3085198406073943,4923.948362166429,0.1355842158357992,0.43088525,1840.33642561,1300.15791225,0.0,0.0,28.29488165,,,,,,,,,1.6093413644606418,0.053112437331518714,1.6388593343866638,0.05543120477474602,1482.7676027777777,1423.151041025641,-0.009087483398577265
9554,material_r_nocable,3,False,1.379490780737061,0.9393524853223084,39.09241169777503,1766.1973114888858,15835.625462421584,2.4841053488797806,0.4025594165927604,39337.36191405831,0.452005539625377,0.06311731,7391.57407861,7312.46275428,0.0,0.0,505.78466328,,,,,,,,,0.3470368978075939,0.05284149034210962,0.35065641828270255,0.05531772394944559,7344.759217777777,7332.445995833333,-0.0051878388277983994
9555,material_r_nocable,3,False,1.1833345500262262,1.3889512147582566,73.09658606497709,1439.0883229681451,7784.575838963619,4.286731345994454,0.2332779731891539,33370.38526415642,0.2765267661896436,0.03178425,16283.88005731,16247.09719014,0.0,0.0,847.82547592,,,,,,,,,0.17816124438825687,0.052837669022824725,0.1778427207460382,0.055297133392479936,16275.87746666667,16241.446743749999,0.0008947193666747446
9556,material_r_nocable,3,False,0.8684793031011577,0.952834157470916,66.32920785535416,544.33948980793,1126.5727887702265,1.1879064391983665,0.8418171389615742,1338.2630700058132,0.2337984049080639,0.47352198,626.48335988,456.61157839,0.0,0.0,14.67500206,,,,,,,,,,0.054740481741364845,,0.1029451884005023,525.4451852941176,476.61881666666665,
9557,material_r_nocable,3,False,1.049909080447967,1.28712003122758,63.90135914792728,1508.3638634768731,8813.35871678948,2.6660564823789885,0.3750858268042675,23496.91213842796,0.2165935100248208,0.06862657,7963.50548763,7861.75165498,0.0,0.0,415.99209995,,,,,,,,,0.3805891024758628,0.05291016200017571,0.3837922247605661,0.0555278376515965,7922.46088,7856.025760416666,-0.004190476887084618
9558,material_r_nocable,3,False,0.890325346116007,1.1347118176594193,56.06101668804787,1567.3704075214855,17698.616376477148,1.9510330132903624,0.5125489897854307,34530.58484006837,0.3751839759315426,0.11154446,6119.25351614,5795.67921308,0.0,0.0,287.34926068,,,,,,,,,0.606650304366372,0.0532284974267491,0.6382587406047973,0.0566373287657963,5914.562104444443,5800.477036170213,-0.025390157109154314
9559,material_r_nocable,3,False,0.9232036808371028,1.0620895231455112,40.50229478137957,272.25442991868346,10265.56799221757,3.642285052320098,0.2745529209370942,37390.12485162969,0.166127260086242,0.07063762,3092.53379731,2664.41285364,0.0,0.0,116.52993158,,,,,,,,,2.645776622429157,0.09829280530964365,3.148273613096301,0.09593769165590328,2654.2387533333335,2655.9616812500003,-0.08672637796375149
9560,material_r_nocable,3,False,1.1335835961612222,1.3262913008475716,19.951638482305874,654.2268584306203,16152.455141596329,2.1002490242334013,0.4761340148056984,33924.178150111475,0.1767703814318864,0.01780453,12429.01582311,12419.15422234,0.0,0.0,672.54773928,,,,,,,,,0.0997896543146768,0.05284008897097447,0.09914412306733586,0.05527804763960444,12417.710875555555,12426.315600000002,0.003244955461240401
9561,material_r_nocable,3,False,1.2694479007253443,1.1851491593479544,76.6431505530654,1806.9047894265557,6631.352544112826,3.2981212379585942,0.3032029230735497,21871.004662129268,0.1983622172548931,0.11261211,5449.85661208,5210.04944073,0.0,0.0,257.09753183,,,,,,,,,0.6046399618342949,0.05287136836635297,0.6196868057501532,0.055509045545264264,5365.301773333333,5206.156931914893,-0.012289892138473117
9562,material_r_nocable,3,False,1.0198983823546528,0.957932297703117,72.18324852915214,902.745274036506,12515.343826319386,2.615369790311329,0.3823551085221343,32732.252158715124,0.2615854826729831,0.19483829,1766.75573622,1295.50951554,0.0,0.0,55.21623832,,,,,,,,,1.000826811271374,0.05344478199203842,1.051139127085417,0.05688991049655996,1377.2254522727274,1398.216577777778,-0.024519079422113996
9563,material_r_nocable,3,False,1.3843671919871006,0.9446267852743528,36.700332530490776,987.0992761028832,10606.975858769476,4.650018387399816,0.2150529130615281,49322.632777984014,0.1957625567867349,0.07303246,5308.86576361,5106.672156,0.0,0.0,287.84675147,,,,,,,,,0.3963629718969166,0.05293992613192415,0.40936992267650274,0.05556069280407537,5108.465566666666,5079.1347937499995,-0.016143005786641525
9564,material_r_nocable,3,False,1.0902444080005285,1.1587857889793176,6.194065852372919,716.1922481973396,7234.346323744518,4.427168269679807,0.2258780193309265,32027.66849635649,0.4243751681562953,0.03793982,6770.62913045,6732.0237528,0.0,0.0,337.19193718,,,,,,,,,0.2125224250805145,0.05287815767902937,0.20972855760387016,0.05527564406442432,6723.105973333332,6764.609793749999,0.006616603847509912
9565,material_r_nocable,3,False,0.9523137955072142,1.082849724173613,18.04822514872111,1370.2346160956558,9791.501333047192,2.711801195458841,0.3687585954584693,26552.60502029421,0.1609219664001882,0.16350345,4008.80792636,3530.33258962,0.0,0.0,158.26684142,,,,,,,,,1.0038886218175638,0.05432828390781105,0.7989691258905018,0.055876536105949365,3442.1817113636357,3764.5941644444447,0.11366370762616834
9566,material_r_nocable,3,False,1.3592015761670748,1.1013195274462768,35.738377932316354,785.3973759312703,7799.2172879735,1.592569552011198,0.6279160610204663,12420.795982345948,0.4749752842300155,0.04369013,4725.21548299,4695.17512535,0.0,0.0,300.22605457,,,,,,,,,0.24237971342033543,0.05283265501725431,0.24324345250117752,0.05527820468639783,4705.677162222222,4704.204433333333,-0.0017786200112654509
9567,material_r_nocable,3,False,1.1408502752873528,1.0459054300339594,32.92086958138845,1359.231341466612,19206.171750108093,2.3176617832039623,0.4314693400249231,44513.41026687709,0.3703936230746871,0.07862753,4864.80180118,4669.63371656,0.0,0.0,275.87300295,,,,,,,,,0.43455448187903184,0.05290859683430599,0.4331534570264349,0.05538128659481157,4716.043837777778,4748.034818749999,0.0016146272147333689
9568,material_r_nocable,3,False,0.916075606522588,0.9549203605639036,28.48582925744849,1787.7236600645451,5705.543225224993,3.28341008137195,0.3045614087845393,18733.63814540717,0.1439207140675393,0.32603068,3053.04551688,2235.73466169,0.0,0.0,80.21655609,,,,,,,,,1.6484544373055774,0.05663309400528262,1.3449552041315167,0.05656946148731593,2198.300548717949,2585.6722025000004,0.10138914132325536
9571,material_r_nocable,3,False,1.0630762219088812,1.13664693333233,87.34938664383203,1431.5366132895688,18076.947722663062,4.90575630053976,0.2038421680037335,88681.10018498219,0.2758829080757566,0.04029231,13916.84262245,13814.7051573,0.0,0.0,655.56452347,,,,,,,,,0.22322289728083264,0.052831937839474596,0.22648300050561568,0.055376946835264014,13904.361495555555,13790.338085416666,-0.007249411761842545
9572,material_r_nocable,3,False,1.28117949256882,1.084241505624018,27.308899392479496,724.5918822556397,15980.02515319848,4.259857005850504,0.2347496638095119,68072.62210251982,0.3071581711843324,0.02346421,9053.42208601,9024.70983275,0.0,0.0,508.87134266,,,,,,,,,0.13108482410276476,0.05283906160646934,0.13095168880380367,0.05528163021733363,9028.565282222222,9038.990454166667,0.0005080791889814042
9573,material_r_nocable,3,False,0.975772500358338,1.22893854197347,68.83066080657835,884.8240316190737,19472.48056197913,3.884410784491359,0.2574393017320757,75639.11349575009,0.1926465867902386,0.01808808,19238.22073371,19215.08261977,0.0,0.0,986.63794495,,,,,,,,,0.10237738906336581,0.05282441600705088,0.10131819833790594,0.0552777300022432,19228.928795555556,19211.780327083336,0.005199870743264129
9575,material_r_nocable,3,False,1.1483640332679523,1.1855652645104506,67.34564856674359,793.301643091194,16671.93184550012,3.469945100251301,0.2881889975514534,57850.68821901678,0.4273318374338258,0.01781656,14859.90386478,14842.48645169,0.0,0.0,775.24312898,,,,,,,,,0.09989028939157699,0.052830214780615975,0.09968021614642977,0.055279041232237924,14853.631213333336,14842.693660416664,0.001052626712453791
9576,material_r_nocable,3,False,1.1403029038674908,1.357088584426136,60.828496755446416,1720.341656173659,1855.7894745245803,3.604510357776972,0.2774301918268686,6689.212382777333,0.3061410259695463,0.17372557,3749.21727593,3545.92271158,0.0,0.0,177.00536224,,,,,,,,,0.8893103766299727,0.05401244991498687,0.9350370468506944,0.05701639562598528,3672.241547727273,3547.3217688888894,-0.025064672239611008
9577,material_r_nocable,3,False,1.2908075474839662,1.1841341610693563,72.07672351257888,270.9070833728674,15443.9823052294,4.359077668913514,0.2294063276576686,67321.51838582093,0.3168262896897005,0.00559158,16375.48254674,16373.54133529,0.0,0.0,821.77159102,,,,,,,,,0.03132004931850174,0.05283076870385349,0.0312833485337366,0.05527153913417438,16374.790459999997,16373.559560416665,0.0005862426964709899
9578,material_r_nocable,3,False,1.1076343796103272,1.344988334485568,46.34949175887033,1230.226059708786,4633.5154714088085,4.622103960622264,0.2163516892998166,21416.59021200319,0.1810409390203205,0.05327329,8808.22003727,8745.45937871,0.0,0.0,448.30107665,,,,,,,,,0.2989770318109682,0.05292133077822069,0.29634056639160433,0.05544740397756883,8762.357144444444,8760.336554166666,0.004428670389257881
9579,material_r_nocable,3,False,1.2788723976364476,1.3213851068630251,88.2187682221727,486.02592742710726,11471.27090143105,2.404599470868085,0.415869674810745,27583.811939765565,0.2805100381495732,0.01364172,11191.88195576,11185.98560736,0.0,0.0,611.04591638,,,,,,,,,0.0762083664797567,0.052833319806599076,0.07632166361858242,0.05527448293758287,11190.167095555555,11185.700993750002,-0.0007427857894780997
9581,material_r_nocable,3,False,1.3829018496292975,1.38661126278955,43.00893675445624,1588.8893933897589,12755.557260720776,2.984087591006398,0.335110806738332,38063.70013808843,0.4625765807657066,0.02042022,24566.81460327,24541.7285953,0.0,0.0,1325.02246463,,,,,,,,,0.11444104651775006,0.05283331353424698,0.11405038471085621,0.055279897059268834,24548.806537777775,24550.65617291666,0.0017097437956129994
9582,material_r_nocable,3,False,1.3253873182380314,1.1372886247889322,55.261332053874014,324.6670451808902,18812.16681917924,4.601890787225172,0.2173019843878076,86571.537172924,0.3214835168361877,0.00609563,17019.31316059,17016.49111343,0.0,0.0,886.47808499,,,,,,,,,0.034127897826278064,0.05283156756919541,0.03408220297667521,0.05527403802163907,17017.704431111113,17017.093704166666,0.0006699132396073781
9585,material_r_nocable,3,False,1.3605054764518805,1.2067375936012648,36.129624730797886,1203.2609156591277,2962.175147931316,4.95026289112666,0.2020094734347338,14663.545711822018,0.328593211543506,0.09427613,4604.46860788,4476.69378076,0.0,0.0,209.18629491,,,,,,,,,0.5194268075860633,0.05294837151373926,0.5142831303507993,0.05542540126836101,4500.331782222222,4534.261997916667,0.0049759386521232764
9586,material_r_nocable,3,False,1.3532215136054186,0.8254848094593095,75.82910579084655,688.2772525304288,6231.778942678766,3.82085614996488,0.2617214469090106,23810.7308983558,0.4603516658512142,0.00423516,3475.37589643,3471.87071731,0.0,0.0,154.8380337,,,,,,,,,,0.2143061783074369,,0.1059605674893769,3469.0578977777773,3472.34925625,
9587,material_r_nocable,3,False,1.3913143353987432,1.0292959840384408,30.44333234674499,1355.1233286225442,8573.40948962126,2.1806478133387244,0.4585793239436175,18695.586656400068,0.4651832444684906,0.06767736,5170.53540455,5087.79171118,0.0,0.0,337.54105698,,,,,,,,,0.37204611394899656,0.05282662018047362,0.3753298092197148,0.055295055175539204,5119.5926,5109.94705,-0.004393632667207291
9588,material_r_nocable,3,False,1.3864916118593724,0.8172805689780811,59.18315561365194,901.6945273760434,6790.048807705065,1.6033314558076484,0.6237013540636042,10886.698839862747,0.2626556784358533,0.10797582,3719.55601441,3479.31611329,0.0,0.0,215.16471032,,,,,,,,,2.1979835886660473,0.06961142703675843,2.7048496274724636,0.060274502158206636,3444.212636363636,3468.3406170212775,-0.10338227234366865
9589,material_r_nocable,3,False,0.9260502307122562,1.1711459474569443,26.132562444504337,415.0738612182882,8107.107529341532,4.096403586741683,0.2441165717256412,33209.98436129516,0.3787320133549577,0.02455571,6437.85320634,6420.01345993,0.0,0.0,335.76392766,,,,,,,,,0.13816698095411817,0.05286064545991986,0.13651359391653736,0.055291137484697744,6418.3396555555555,6430.501752083333,0.0060193082032079254
9590,material_r_nocable,3,False,1.0013997359481803,0.819804293573155,11.577722734909116,1169.4664822723826,6115.960945278992,1.927594100568536,0.5187814175738834,11789.090237427352,0.1929392031818439,0.34743849,2719.46449266,1417.33912187,0.0,0.0,63.59287111,,,,,,,,,1.8505096038585658,0.053268310769805316,1.7105127213140576,0.05615126556502389,1595.5509525000002,1215.9702707317074,0.03931367729847683
9592,material_r_nocable,3,False,0.9200263023302914,1.003661300542125,54.67126823127786,252.13324761660223,10791.072264606872,1.003925615508008,0.9960897346901328,10833.433865236848,0.4812749195270118,0.17436142,1039.22256517,638.12706762,0.0,0.0,26.16855858,,,,,,,,,1.4967265730671495,0.053638259710496634,1.0249746934589385,0.058323121759364445,674.1424555555556,631.649311111111,0.1870768301822283
9594,material_r_nocable,3,False,1.2073141975843376,1.0380162585384172,71.9841747545226,1172.676699340935,17216.722821056726,3.554972401424335,0.2812961359698152,61204.974471829184,0.2368682533822059,0.0650334,4936.42226848,4784.81753323,0.0,0.0,292.06646667,,,,,,,,,0.35963793450999165,0.05287455171089257,0.3607205476540713,0.055374849489764094,4853.574988888889,4814.624345833333,-0.0015028810944619098
9595,material_r_nocable,3,False,0.947699581607045,0.8748054409717704,38.88885436293332,949.554643896145,2084.3827858728773,1.682114171920876,0.5944899678587563,3506.169823824684,0.1198448596350873,0.46282632,1127.44212318,801.75405156,0.0,0.0,18.48947291,,,,,,,,,1.6638877063576838,0.05293276916681273,1.6544172192989677,0.05509652750000088,873.7194828571428,902.5185675675675,0.0028540135011377904
9598,material_r_nocable,3,False,0.9893437918947008,1.1264875510921324,85.389241005658,739.9104262679369,18039.56318574812,4.000038560051733,0.2499975900199989,72158.94834948216,0.357359732096299,0.02788378,10352.94162731,10312.61792113,0.0,0.0,505.35848968,,,,,,,,,0.15537403723412946,0.052833898921346274,0.15662077045211664,0.055341016086758094,10348.23413111111,10302.38919375,-0.003996006302902791
9599,material_r_nocable,3,False,0.9652172258676968,1.2222960736972612,77.93695311700957,1490.109927149394,17446.51440646453,2.831084507262678,0.3532215295709703,49392.55664187684,0.2882356087333794,0.04415302,12547.39761716,12464.30579263,0.0,0.0,661.01934555,,,,,,,,,0.24609912745855245,0.052842399421798684,0.24833406639214545,0.05540277649034861,12528.327148888886,12444.720743750002,-0.004520204066776059
9600,material_r_nocable,3,False,1.06641253416094,1.2171827686903676,85.81133603519214,1013.9867519944688,15498.12152610196,2.1247094414112766,0.4706525892480522,32929.00513064818,0.3398946134580148,0.03885626,8571.48104909,8528.03287282,0.0,0.0,465.4339741,,,,,,,,,0.2158907967389815,0.05283285056002572,0.21763350305824894,0.05532716979317781,8563.798902222223,8520.909095833333,-0.004019858448724866
9602,material_r_nocable,3,False,1.3953313643886944,0.8750613667030981,81.39184979685109,1657.9843392907285,10784.697702824116,2.505269811112752,0.3991586038215324,27018.5775768623,0.3415471649567319,0.10149674,5610.2452936,5399.54810884,0.0,0.0,339.16970798,,,,,,,,,0.5872202757908995,0.05327661394536611,0.5267934809007256,0.0551885437690094,5332.787835555555,5461.237510638298,0.0542424135493875
9605,material_r_nocable,3,False,1.256805051599143,1.229394526229021,70.11478398345987,1402.9254935958572,5760.057303139906,4.310998188518639,0.2319648388308935,24831.59659959969,0.3560096731050369,0.06248506,7952.29771636,7856.47960386,0.0,0.0,384.62232621,,,,,,,,,0.3456668133647242,0.05285490175024902,0.34829848230126254,0.05538133707937447,7920.045022222222,7855.453858333333,-0.003792219802595106
9606,material_r_nocable,3,False,1.1136568726608265,1.1820578997016804,40.040796867169234,1442.815437455857,3805.557517084265,4.127551465149882,0.2422743867504236,15707.634505353304,0.2800598105082376,0.13591573,4137.96814844,3924.27827501,0.0,0.0,181.93481132,,,,,,,,,0.7416304862821151,0.05340314589319181,0.7246615633821265,0.05602458802195055,3971.511475555556,4011.983684782608,0.011572676059911979
9607,material_r_nocable,3,False,0.8239492890750211,1.3019549681910465,38.93435306824209,1972.515613830323,14270.351291969417,2.7664915585042147,0.3614686612456824,39478.8063861231,0.2950856248515852,0.0474285,14030.99194002,13930.95556625,0.0,0.0,868.91259631,,,,,,,,,0.2676951254839744,0.052941201801585715,0.2634081894456372,0.055460710282466824,13938.88896,13961.246608333333,0.008071755377586644
9608,material_r_nocable,3,False,0.8574647227690774,1.233131182618898,35.21662438036985,377.665710595204,8400.589898794024,3.048838634878904,0.3279937444244958,25612.04303921668,0.4111031142258061,0.01914266,6835.70440453,6826.15546533,0.0,0.0,400.33040452,,,,,,,,,0.1079270860055889,0.052836743492902856,0.10680528272223602,0.055293797191161814,6826.595715555556,6830.2510875,0.005224192747460298
9609,material_r_nocable,3,False,1.3095336786001035,0.9313237921973376,65.53383041515607,1843.3512500445388,5894.531489566292,2.121383013090525,0.4713905946400294,12504.55897209312,0.4680498173898555,0.17664899,3003.25968821,2755.84358847,0.0,0.0,169.29011437,,,,,,,,,0.9511896104593349,0.053046445491119816,0.8902885554927427,0.05505334343194804,2781.101476744186,2880.7121717391306,0.03307183114772654
9610,material_r_nocable,3,False,1.0385873240703476,1.3558597771113274,1.946611791135044,1287.4562744966056,9074.803443337196,2.227624924492538,0.448908606204343,20215.258335248647,0.1565875829385464,0.05455725,8420.94111156,8354.12434993,0.0,0.0,460.38456799,,,,,,,,,0.30554522889440633,0.052906706990384536,0.2974072268942141,0.055259250981904706,8333.360675555556,8400.501858333335,0.01349692156000636
9612,material_r_nocable,3,False,1.1555194305544754,1.2025169421476636,61.77122570144816,1770.5244621629386,17689.426906607747,4.638134776709824,0.2156039115166409,82045.94611560389,0.369004519492192,0.02977318,21516.04315259,21450.79114645,0.0,0.0,1060.89957256,,,,,,,,,0.166954953653791,0.05283599922130725,0.16651303427198968,0.05530457187081772,21489.965215555552,21453.81771875,0.0013252228033944977
9613,material_r_nocable,3,False,1.3397834687011323,0.8964271517520845,3.81192230968949,548.6667799991723,7976.808794281149,1.6018020319797166,0.6242968731685707,12777.268535393216,0.2019802941048086,0.06899087,3473.64597328,3382.11240709,0.0,0.0,188.75393902,,,,,,,,,0.5847168096860254,0.053024209446596804,1.5434032550108001,0.07828142853965342,3405.7108977777775,3339.6352083333336,-0.4504851306222472
9614,material_r_nocable,3,False,0.8582750008956148,1.018566553362517,70.57526095154088,1011.5787454945698,4582.245104898815,3.194575298076429,0.3130306556249079,14638.327021841387,0.2780847928207475,0.24604659,2243.38138255,1823.15194166,0.0,0.0,84.82345467,,,,,,,,,1.098345247373251,0.054357496846121164,1.5119349507614295,0.05919248958390184,2012.3286899999998,1749.456288372093,-0.15844647777036805
9616,material_r_nocable,3,False,0.8064615085975588,1.1802797640219198,60.17536437330448,641.8190890739513,8845.320948842087,1.0869832232716086,0.9199774003780796,9614.715475844256,0.2033910075647633,0.13232601,3134.1768358,2346.95529506,0.0,0.0,129.0173349,,,,,,,,,,0.07598373801881948,,0.1093729366875104,2288.688552272727,2264.5879530612247,
9617,material_r_nocable,3,False,1.3785802860124403,0.9407415345249024,24.37720868679829,1061.7751344782978,14389.802752076914,2.8118534940916464,0.3556373054646093,40462.01714771706,0.4429230798817005,0.04348822,6470.28296421,6437.86591617,0.0,0.0,445.60232526,,,,,,,,,0.23987484820881835,0.0528388036896618,0.2431829042575825,0.05533204064192598,6458.022895555557,6439.293479166666,-0.006848158490105648
9618,material_r_nocable,3,False,0.8413732672510228,1.1186210668603127,47.40497576668826,634.577252265901,14206.393672441747,4.002995262857213,0.2498129361477763,56868.126573069,0.47656129553142,0.04254738,7300.95970475,7127.98871081,0.0,0.0,361.4768447,,,,,,,,,1.063598396822406,0.06714303569080778,1.077640599395765,0.07444684146322868,7146.042144444444,7139.56639375,-0.006557980028460169
9620,material_r_nocable,3,False,1.2053783661804816,1.0998919152038846,63.30259986272484,1533.6315593489442,3593.9242995549694,4.443832303923719,0.2250309938826993,15970.796900218797,0.2776680316831128,0.17594963,3332.89228459,2980.41617366,0.0,0.0,129.00869456,,,,,,,,,0.8992341338597714,0.053140377060116414,0.9403115287731146,0.05607091937566468,3177.555133333334,2996.8174955555555,-0.022330184973256083
9621,material_r_nocable,3,False,1.3781473254675514,1.1099191887065742,60.02139622402564,1735.1157000428532,9293.186393112866,1.1539586748272224,0.8665821591485726,10723.953055118898,0.4905607300816538,0.07844782,5956.12471689,5852.09527321,0.0,0.0,369.07407298,,,,,,,,,0.43244692560360837,0.05283153346679414,0.4302189077189959,0.05521994558744337,5872.291646666668,5899.028910416666,0.0025827125620950277
9622,material_r_nocable,3,False,1.3463018212604934,1.0533561429408025,77.89798512093759,366.05310516338494,16710.96203785918,4.780596732859662,0.2091789071281524,79888.37052113142,0.1503394035577578,0.0134618,7044.99233017,7036.90055027,0.0,0.0,456.96763652,,,,,,,,,0.0751483844195657,0.052836352050635194,0.07512489432061664,0.055279955575892284,7040.366902222222,7038.696702083333,0.00015631587429240773
9623,material_r_nocable,3,False,1.0931959696320337,1.372866684530913,87.51364266690487,868.3646773572223,3245.1913919011454,1.7710321807351854,0.5646424784810421,5747.338387701738,0.1131533154719634,0.11596058,2668.15598822,2587.33557838,0.0,0.0,139.32139749,,,,,,,,,0.6117454167091276,0.052808215937408996,0.6502719686336127,0.05557144009531561,2646.1550666666667,2564.559457446808,-0.030527750546021182
9625,material_r_nocable,3,False,0.8644157251875508,1.3660810720829906,48.73895036531622,1086.3422531956237,3337.985757144481,4.834833391186406,0.2068323598953661,16138.604997946772,0.4509030063241571,0.04171121,7816.84906946,7780.7572408,0.0,0.0,519.11740858,,,,,,,,,0.23494281447669826,0.05289396952443519,0.2326922173346359,0.055411643620091884,7793.392953333335,7788.510814583333,0.004812721436511949
9626,material_r_nocable,3,False,1.210044294696731,1.078127023122779,79.66592187221515,1196.719760245498,17322.668282785457,2.081188243630068,0.4804947380712527,36051.73357843654,0.4441684245134542,0.0480797,6799.35895254,6723.99776796,0.0,0.0,407.0258349,,,,,,,,,0.2672486886321912,0.05284680727216427,0.2673187522035222,0.05530294206608028,6755.387004444446,6741.692208333334,-0.00013106591606375814
9627,material_r_nocable,3,False,1.3670019553445,1.3567799052502614,76.50323821181648,1474.5113597182417,16357.696869585823,4.706512444501995,0.2124715512370884,76987.70388009702,0.3101088647351436,0.01467634,36456.90356405,36437.46516622,0.0,0.0,1769.84898271,,,,,,,,,0.08222143199459209,0.05283106729514051,0.08212465440937174,0.05527182314889917,36451.88651111111,36435.77432916666,0.0005888645561201297
9628,material_r_nocable,3,False,1.34129061974804,1.055186413933531,31.26454834569653,1153.132673851646,11251.084431668998,4.4514866145869405,0.2246440541285984,50084.05174716206,0.2193740314806913,0.0569652,5431.70300713,5327.16224312,0.0,0.0,332.78964782,,,,,,,,,0.31558685958482746,0.05285710536060485,0.3161735287555706,0.05531523905957458,5351.6086022222225,5369.292016666666,-0.0009286260765482236
9629,material_r_nocable,3,False,0.9612772057869728,1.00818353456246,22.11068605331376,815.9816465349345,4038.308558479203,1.2563724220502366,0.7959423356078844,5073.619504602716,0.1976920197836499,0.30166954,1105.12300452,858.4936473,0.0,0.0,28.72586194,,,,,,,,,1.4637093068199933,0.0538533026525517,1.3305147824636323,0.05619219355040024,876.3731853658537,979.9835113636362,0.04766780333302081
9630,material_r_nocable,3,False,1.0709209677700469,1.3532814498373305,34.651401967213005,603.3309284657231,11271.113561574102,2.9673180337706966,0.3370046582870855,33444.9785319363,0.4694399635810272,0.01142984,16564.94206721,16559.45575185,0.0,0.0,971.82913334,,,,,,,,,0.06424665547838762,0.052828294142355445,0.06384301427593589,0.05527578102138142,16560.042671111114,16562.298510416666,0.0031512393093519374
9632,material_r_nocable,3,False,1.2164778784655563,1.0715777032036549,52.54815230891685,1792.2771615928527,1491.336131814493,2.6563480120460143,0.376456697490388,3961.507769037821,0.1447083852972294,0.41645118,2203.31310199,1641.06625053,0.0,0.0,36.80752589,,,,,,,,,1.5930242062838222,0.053911397508933825,1.614749880156417,0.056329748527133384,1810.3126750000001,1770.2984538461537,-0.006772819184627944
9633,material_r_nocable,3,False,1.07560465610571,1.157524614122477,20.59950280754987,359.9013825268568,15181.041939312376,1.0804936814634043,0.925502867027982,16403.019893457968,0.4895639611574049,0.02436731,4051.28908905,4040.21117436,0.0,0.0,246.19459771,,,,,,,,,0.13625895267632873,0.052839889719462754,0.13588990468535764,0.0552811481529176,4042.06204888889,4045.4268083333336,0.0013560519582877714
9634,material_r_nocable,3,False,0.927657137129686,1.2307722795413154,26.24730381896815,1191.3371078098444,12909.014452764908,3.569646192307908,0.2801398082966489,46080.61428776001,0.2897621481734431,0.03660715,12137.00134922,12076.06451695,0.0,0.0,654.58002637,,,,,,,,,0.20611077600782723,0.05289173359058161,0.2028618169170976,0.05532432080399427,12069.736,12108.678091666667,0.007944197598898892
9635,material_r_nocable,3,False,0.901822306040932,1.3431127737188766,20.371346178013628,1960.5690286473823,4218.075211751549,2.039118620559736,0.4904079585745244,8601.155707204032,0.1145352861388899,0.17512019,4451.8351945,4124.6327059,0.0,0.0,240.73899284,,,,,,,,,1.0044129170277276,0.05450145023806138,0.8614037271106157,0.05687405124810876,4062.8939295454547,4258.450868181819,0.07664696869673132
9636,material_r_nocable,3,False,1.3873067562971078,0.8239005222101503,56.53847013891437,1088.6104414918386,6746.395825628292,3.147414230978594,0.3177211280795029,21233.70222939707,0.4763412150959711,0.11023141,3654.52979335,3458.63054814,0.0,0.0,216.09816813,,,,,,,,,0.8709920835335276,0.054696182053346455,0.6159353014985784,0.05573040605770334,3428.5043288888887,3472.4332276595746,0.1715327759798048
9637,material_r_nocable,3,False,1.117691744012992,1.099510151208943,70.05958901834558,1380.3989307425725,7043.291625165806,1.8330847175714975,0.5455285238124822,12910.950239490758,0.439837498012121,0.14364277,2983.21576438,2744.7963541,0.0,0.0,145.41893695,,,,,,,,,0.758285434835422,0.052928808333236134,0.775502539625878,0.05563096949934816,2862.326077777778,2774.362354347826,-0.01122521826819189
9639,material_r_nocable,3,False,1.3572299324001738,0.8443014103843374,1.6432105437661266,835.2516635632106,16620.23519181664,1.3763236736932014,0.7265732756863933,22874.823156846105,0.326023428924874,0.04178118,7270.84477607,7225.42673912,0.0,0.0,435.94229044,,,,,,,,,0.2359762903681257,0.052838996631647754,0.2509309185123474,0.055694710725282814,7243.953366666667,7211.88184375,-0.030713507361302548
9640,material_r_nocable,3,False,0.9990406156284188,0.9578046202282215,42.34588685912283,639.1553492741002,4603.08101904377,2.5101713196604107,0.3983791831926775,11554.521956076887,0.3732104065702725,0.23468099,1038.64901656,788.61296733,0.0,0.0,30.37648414,,,,,,,,,1.1894793679843707,0.05375670705440649,1.1667659673427884,0.05663607108931713,858.425915909091,862.8863044444446,0.009639658613235465
9641,material_r_nocable,3,False,0.8281477432467317,1.1441987068671802,24.00434528506825,454.6133164874802,17910.57469759534,4.551157794780783,0.2197243086466456,81513.8516439645,0.170760445694523,0.04305633,14012.69674434,13052.62774352,0.0,0.0,678.28326784,,,,,,,,,,0.26071554594652097,,0.11309199339394352,12973.804764444443,13084.314614583333,
9642,material_r_nocable,3,False,0.8048416363558367,0.9906356865776051,6.760374464513169,675.3537446268738,3434.389376602866,4.489265356221782,0.2227535956666218,15417.88524815937,0.2291168183610898,0.24327215,1902.43247999,1446.12544049,0.0,0.0,69.69597307,,,,,,,,,,0.1114900320993754,,0.056160933627119464,1325.3497909090909,1570.0688386363638,
9643,material_r_nocable,3,False,1.2617588194103162,1.1047895801621606,10.018391981270062,444.6490315594425,19060.02676224753,3.538583201636908,0.2825989790313285,67445.490523639,0.288540162267606,0.01289046,10089.39212105,10080.40719019,0.0,0.0,570.18287336,,,,,,,,,0.0720575640986775,0.05283504820489068,0.07199707646164517,0.055276784288395726,10080.702513333334,10085.775295833335,0.0004198937069784885
9644,material_r_nocable,3,False,0.8093576920166609,1.1409612868663432,41.50604528106795,313.3457910191311,4042.85527659266,2.554175950873315,0.3915157057437971,10326.163720334256,0.3886758489972862,0.09651855,1893.67417402,1681.37563846,0.0,0.0,88.30937327,,,,,,,,,2.49804036404153,0.08745685607609997,3.110721550903186,0.0879330956583697,1686.1569533333334,1690.493926086957,-0.10923644043958233
9645,material_r_nocable,3,False,0.8734828962852458,1.059406571210728,2.3144349868509315,1066.2714238027825,11634.510648803836,2.9637789278703783,0.3374070820857578,34482.11749700834,0.4194676040316463,0.14498977,3799.85389577,3396.66112843,0.0,0.0,156.44995122,,,,,,,,,1.3248551352298703,0.05665588449106571,0.664576670342148,0.055334365451677615,3247.1985155555553,3606.6248673913037,0.33189298725314864
9646,material_r_nocable,3,False,0.806214410020378,1.3374690090076855,48.973180550252806,274.60889318853754,17241.96411940798,4.761812967432277,0.2100040482142733,82103.00832779898,0.3765959358779063,0.00247249,33449.22321628,33448.61713923,0.0,0.0,2270.12382256,,,,,,,,,0.014001886528630722,0.05280509689833705,0.013832460673503338,0.055267073182826344,33448.80907333334,33448.72573958334,0.006086934746376763
9647,material_r_nocable,3,False,1.2267676467924256,1.2613985038899296,58.04025289422564,656.6767591440243,15690.822606262793,4.234391411014466,0.2361614463412163,66441.08447571077,0.4322934597614384,0.00904125,25061.5630682,25055.53785776,0.0,0.0,1276.54519159,,,,,,,,,0.05080294087404896,0.05282639505754878,0.05058264878603422,0.055270558014297505,25058.67922,25056.2980375,0.0021728145859122726
9649,material_r_nocable,3,False,0.9666049297193048,1.1284958343026694,81.06972117871666,807.3847820825906,19536.778115600417,2.6186496290196764,0.3818762116619482,51159.97676465676,0.2513941304331001,0.04704831,7246.08467571,7163.158657,0.0,0.0,340.48683843,,,,,,,,,0.2606727759646933,0.052842225903971536,0.26692152245681394,0.05555024502351982,7225.481226666666,7142.186291666666,-0.011843847651151799
9650,material_r_nocable,3,False,1.0103043980016144,1.332334145750719,13.054106249090232,1300.6465646757893,1475.7044953344532,1.5178789825325718,0.6588140500710447,2239.940837897002,0.1802589739281513,0.32570027,1657.46433847,1449.2498376,0.0,0.0,76.21502607,,,,,,,,,1.6935008966740093,0.05507631099714629,1.2922859666526045,0.056687534825507924,1394.8437925,1598.7054487804878,0.13437493980209667
9651,material_r_nocable,3,False,1.1729867840206711,1.1237979003999614,47.61972803314913,1500.3526014934578,15163.884078343845,3.925004122577173,0.2547768024619031,59518.30752178194,0.2116216388226434,0.05901673,8749.04428258,8599.40486414,0.0,0.0,428.52761519,,,,,,,,,0.32869436068299923,0.05288652489696576,0.32786465594835834,0.055384711639380954,8651.661404444445,8643.126425,0.0012637169144335278
9652,material_r_nocable,3,False,0.8180520814763113,1.370904930100362,24.56740094853983,745.6337800637001,7120.216322432022,1.8861839316520852,0.5301709887455739,13430.037617258184,0.2628501108722245,0.04023845,5995.93294751,5966.16192461,0.0,0.0,390.6887306,,,,,,,,,0.22641231727433114,0.052897170021502155,0.22245550556009097,0.055337137693212475,5961.609697777777,5978.7914645833325,0.00881509324783959
9653,material_r_nocable,3,False,1.2606400882039974,1.1370184303457922,22.838093014637067,1773.9793628294103,18764.490106420777,1.1425969839082055,0.875199229547711,21440.249800171747,0.1185691266736671,0.08814422,5752.70391824,5586.23738545,0.0,0.0,328.65297217,,,,,,,,,0.48089535088733276,0.052828241619884815,0.4864356274304278,0.05532574575998636,5663.086693333335,5618.913983333333,-0.005727384594598486
9654,material_r_nocable,3,False,1.1026696477953155,0.9744701633991728,38.32493167424503,369.80631715314325,2803.324741892874,2.9779911300242023,0.3357968363028243,8348.276215934366,0.3455475377562982,0.17754889,670.73756317,555.21585086,0.0,0.0,28.54088676,,,,,,,,,0.934988860793801,0.05322045058158448,0.9286828571375519,0.055876207646723186,586.6328022222222,590.1001652173913,0.003383645089194449
9655,material_r_nocable,3,False,1.1188379190045807,1.1696825050307826,5.7145899006146434,422.22707812924807,15721.97261444046,4.850174685675771,0.2061781409550759,76254.31358344684,0.3654608213386374,0.00958525,16159.63506206,16153.90340896,0.0,0.0,793.36991357,,,,,,,,,0.05360141404513867,0.0528407138175832,0.0533407154241226,0.0552765380378894,16152.523946666668,16158.7979,0.0024377541602161766
9656,material_r_nocable,3,False,1.331103737171616,0.9511682824378088,18.813355899390764,659.7988754627945,2312.1584741297293,3.374616857222138,0.296329936792636,7802.648963367202,0.2968302878709557,0.17422249,1105.11008701,1023.00683134,0.0,0.0,62.4805653,,,,,,,,,0.8789055693682767,0.052807399800822934,0.9455299688260044,0.05569871883714162,1069.3354590909091,1025.0190847826086,-0.03651781499699825
9657,material_r_nocable,3,False,1.3801244715970182,1.054730861207887,27.55227619311798,944.8234033371804,15100.048359179073,2.935986754809602,0.3406009915957028,44333.541979534224,0.4910519029859658,0.02368009,10517.11618597,10492.87354269,0.0,0.0,665.38069659,,,,,,,,,0.13192532407067864,0.052835810151322236,0.1322513520738785,0.05528001255227985,10499.872173333333,10501.482633333333,-0.0012341286443526185
9658,material_r_nocable,3,False,1.068670504774822,0.8513391998785651,33.95978560720867,1691.3050372009436,3668.020663267611,1.5328261580004072,0.6523897017157599,5622.4380207425975,0.2667050299797283,0.40320522,1904.05668299,1476.30881572,0.0,0.0,60.81131637,,,,,,,,,1.522217068185825,0.054860003536374664,1.648090454990892,0.05517651667119946,1641.538705263158,1562.6380949999998,-0.03970384131030265
9659,material_r_nocable,3,False,1.254877148982164,0.9640969426354574,52.45345746409381,395.31165767429616,13388.4914844953,1.094116139987518,0.9139797535674854,14648.564623271752,0.1461879867921087,0.0408896,3884.7403166,3857.20508564,0.0,0.0,199.45971977,,,,,,,,,0.22674221690674545,0.0528464778384749,0.22738814959172746,0.055288579710486424,3856.9865022222234,3862.6550229166664,-0.0014223507887446579
9660,material_r_nocable,3,False,1.2479365653157632,1.1809152194230024,88.64470581565735,293.7952432816542,2173.818312749723,3.4734672428344013,0.287896770025096,7550.686701209711,0.1779118085017623,0.06183929,1595.38433252,1571.43931684,0.0,0.0,79.48113419,,,,,,,,,0.34080899492038136,0.05283104050651325,0.34494741047768307,0.05534859441767412,1588.885902222222,1569.77144375,-0.006034818668444612
9661,material_r_nocable,3,False,1.2734335598370867,1.3836919019445375,58.96502086446793,322.1268372242054,6803.68025470363,2.136058032411366,0.4681520749092729,14533.055858018295,0.4517587048839946,0.01093604,8761.6795497,8759.00958277,0.0,0.0,504.91703683,,,,,,,,,0.061348115317626975,0.052829007209463826,0.0611674011406724,0.05527246900809719,8760.293517777776,8759.456533333332,0.0014750309363147824
9662,material_r_nocable,3,False,1.2210760229776008,1.1395003280191338,26.934324983963503,464.9765795877398,2186.650931603546,1.410621904189031,0.708907182732925,3084.5377009353124,0.4008326736348349,0.12892703,1043.4845581,984.22466176,0.0,0.0,55.59262212,,,,,,,,,0.6926886962678842,0.052880309926641264,0.6928701632513548,0.05535244834086323,1001.2887822222222,1004.5454042553191,-0.00013097024512802845
9663,material_r_nocable,3,False,1.1666772658921396,1.1193488842628725,7.877561395075712,1892.4449180100896,8646.662288765234,1.1024785525770973,0.9070471236492096,9532.759724740868,0.2830842605900989,0.18731623,3160.89421503,2801.04247059,0.0,0.0,142.8937817,,,,,,,,,0.9605717896686389,0.052898061596545566,0.9709603480480063,0.05544903646632135,2924.1367477272724,2897.940676086957,-0.005378403070035519
9664,material_r_nocable,3,False,0.9312437230052468,1.0055112651102258,0.32424718565035,328.36918487389744,2131.321968320003,3.2039459049178785,0.3121151323014086,6828.640292460386,0.157649862985876,0.22497961,771.39006866,607.86111074,0.0,0.0,25.07145172,,,,,,,,,1.4584694494998822,0.05462154651452416,0.9863588675429003,0.05518798007865957,549.5342906976745,698.0080800000001,0.19310582205953744
9665,material_r_nocable,3,False,0.8638061918102092,1.2553305894826554,15.30052309519227,917.5082391105244,1946.1538813331515,2.127163258181159,0.4701096618484539,4139.787031138535,0.3327478755214744,0.19759574,1738.15940623,1585.73734824,0.0,0.0,92.75076614,,,,,,,,,1.1655268301904265,0.05458304068611022,0.9288101261788282,0.056346961856256005,1551.1456136363634,1676.9419318181817,0.11302703860126247
9666,material_r_nocable,3,False,1.082388701987976,1.123462160373208,19.080672881911475,555.0610967517798,1568.073521497893,4.739567440832504,0.2109897184677153,7431.99020732298,0.1263824459015493,0.16817973,1461.34145367,1327.35532741,0.0,0.0,56.42698168,,,,,,,,,0.9573693913169778,0.05380907547744098,0.8354537750638423,0.05586878512778519,1308.4695227272728,1415.6551777777777,0.06800203084124973
9667,material_r_nocable,3,False,1.180726416991193,1.2921198381030106,21.605347259009868,587.2723390787053,12073.551309248043,4.7922468849468896,0.2086703844789671,57859.43865199038,0.1459057799585491,0.01213972,19000.9972364,18992.79180212,0.0,0.0,910.65914412,,,,,,,,,0.06808315078130674,0.05283614258330035,0.06762872916013163,0.0552750095842512,18991.637400000003,18998.065572916665,0.003348429196995852
9668,material_r_nocable,3,False,0.9975520536190364,1.1121846274621912,0.0322453169960253,1672.380494230825,4283.155985621828,3.292947161547305,0.3036793337218674,14104.206345317749,0.3412293034213115,0.20438607,3329.91272048,2989.64388449,0.0,0.0,134.51714483,,,,,,,,,1.183844597021127,0.05360563571971298,0.9501953972689776,0.05504673610536361,2883.591793181818,3283.0583822222225,0.1094867951759609
9670,material_r_nocable,3,False,0.8523763049281882,1.2981164936692648,74.38439009286967,643.7684120873901,9604.449674642805,2.581843971299953,0.3873200747667575,24797.19049013032,0.3790666255317138,0.02419125,8663.5945972,8647.48531402,0.0,0.0,539.84258543,,,,,,,,,0.13664180730175482,0.05283522780261109,0.13559622576535446,0.05529497833113756,8658.745506666666,8644.076914583333,0.0038406886966547127
9671,material_r_nocable,3,False,1.3455626507789935,1.374700589507999,7.188781963060707,685.0500687596218,17803.587691998408,1.2273427858830463,0.8147683039343584,21851.10491661044,0.2229250971065723,0.01683105,11112.34357426,11102.68830303,0.0,0.0,674.37137772,,,,,,,,,0.09405442281447754,0.05283422347320421,0.09395856450872137,0.055276051417208684,11104.433000000003,11107.1159625,0.0005098493839225683
9672,material_r_nocable,3,False,1.301477622389738,1.320051482682759,68.72865803361543,1868.846911443325,18490.2630887047,1.510067617627696,0.6622220014034815,27921.547531669632,0.4070555636748628,0.03540141,14735.90151336,14682.00925121,0.0,0.0,874.26933452,,,,,,,,,0.1974210200105478,0.052835423585348415,0.19747179547121493,0.05528545688695094,14706.282186666664,14692.802674999999,-0.00012858036073713067
9673,material_r_nocable,3,False,1.271796876921386,1.3670575406945265,1.5505017032255957,1781.0300328914343,3285.0577372455305,2.5020961234770027,0.3996649012070584,8219.530229760176,0.4795431513864691,0.10544314,5362.56431764,5225.0018645,0.0,0.0,281.12464217,,,,,,,,,0.5817959255646855,0.05290008403199993,0.5649977337149142,0.05522764494829837,5214.2774266666665,5320.741695744681,0.014647963662725227
9674,material_r_nocable,3,False,1.239810569668704,1.1546919191458933,62.2033122330172,1916.4170299301568,14766.361389117114,3.725001037639216,0.2684563010575072,55004.7114966169,0.3333661468615145,0.0528092,11892.61169376,11757.88596605,0.0,0.0,605.33334208,,,,,,,,,0.293490610837269,0.05285092533601056,0.29416612965827865,0.0553411344109628,11829.417895555556,11773.900804166668,-0.001149512588658469
9675,material_r_nocable,3,False,1.196283922540076,1.0296211350544358,46.84621378562333,1188.454782536159,8865.258302646882,2.499987808624645,0.400001950629569,22163.03767692562,0.103741762334457,0.14548208,2432.593006,2193.6673895,0.0,0.0,123.68841551,,,,,,,,,0.777197601447949,0.05298728232406627,0.7769593810720956,0.05552747380534969,2265.5231244444444,2265.915367391304,0.0001532794811159578
9676,material_r_nocable,3,False,1.3653936544347454,0.9971648775162604,53.02400449501381,1233.88622091423,4061.1173905899936,2.4893149267830346,0.4017169500093383,10109.40013981384,0.169614712521464,0.17815192,2071.05989086,1936.37464238,0.0,0.0,115.33495288,,,,,,,,,0.9369103997927255,0.0529019594324446,0.9154873236285032,0.05505835533106584,1962.9607000000003,1993.7862021739131,0.011565052090787316
9677,material_r_nocable,3,False,1.3906039583355887,0.9354543210479964,23.48652774214672,1647.2400310322898,1972.9223849308253,4.505821144594761,0.2219351296710062,8889.635398665638,0.3504361519224913,0.27682707,2076.95596654,1639.909868,0.0,0.0,80.38673428,,,,,,,,,1.2583252511145468,0.05274658748713986,1.3405940227880564,0.05518420854159841,1746.8255731707318,1778.619446511628,-0.03165499309640837
9679,material_r_nocable,3,False,1.0962045293595462,0.8493002673809061,21.818314369839182,1621.4893190132875,5133.96364780388,1.5125985502863764,0.6611139484502828,7765.625970891106,0.4565416515043635,0.31409171,1978.1427274,1635.62594411,0.0,0.0,76.83748936,,,,,,,,,1.3067936590810991,0.05309758265154817,1.5375489216138734,0.0558505518068427,1825.8322050000002,1647.1018268292682,-0.08112780229039522
9680,material_r_nocable,3,False,1.1144489759095224,1.2119129993335718,78.05659805690975,303.8350167903505,16613.677995690807,3.557730365373724,0.281078074306217,59106.98668581044,0.240629336617524,0.00786298,14112.62130082,14109.68055931,0.0,0.0,706.15136458,,,,,,,,,0.04411589411727501,0.052830270145082625,0.044015436742563,0.05526582607203305,14112.083217777776,14109.168045833334,0.0011398599536840616
9681,material_r_nocable,3,False,1.256725458472758,1.1613826445466695,87.09297343001462,798.3239878318046,13124.349916737154,4.934160711963685,0.2026687127509518,64757.65172922832,0.1320433245808163,0.02565451,11188.35682968,11156.02307351,0.0,0.0,533.86010874,,,,,,,,,0.1430549016700004,0.05283304410419741,0.1435442323152891,0.05529008702193369,11181.32203111111,11151.9988125,-0.0017073695879130254
9682,material_r_nocable,3,False,1.294825834962703,1.3548763778219612,61.29074204513826,1345.653120751174,4508.527156815359,4.786662360763094,0.2089138369560244,21580.797244006324,0.3585197905338175,0.04594185,10623.36796152,10569.5879086,0.0,0.0,522.15266471,,,,,,,,,0.2566711767258486,0.05285607640519415,0.2563659663466913,0.05534246309989536,10601.114846666665,10572.895904166668,0.0005949089325763733
9683,material_r_nocable,3,False,1.3068338351746642,1.328236774433985,14.599297611500454,963.1689738939762,14454.0935484596,2.2629795042675678,0.4418952969367076,32709.317452930147,0.3999135977085908,0.01796273,16123.90378526,16109.52462676,0.0,0.0,906.01589651,,,,,,,,,0.1004770664660388,0.052835965750977446,0.10018528943120088,0.05527687874592744,16109.797344444441,16118.292495833333,0.0014540696162629425
9684,material_r_nocable,3,False,1.3182530818143388,1.117872835953642,18.916028258436285,374.76579664716223,9283.06790405099,4.367597280876007,0.2289588383935046,40544.70213592043,0.2917204989048628,0.01678562,6825.64104939,6816.14678994,0.0,0.0,369.30320156,,,,,,,,,0.09384373110917343,0.05283583207447638,0.09372127602547922,0.05527754745702784,6816.6557044444435,6821.607304166668,0.0006528674274850288
9686,material_r_nocable,3,False,1.124874722411208,0.8146671236352085,36.24633110977827,1683.4408407230512,2216.5698160676466,3.2344074914405616,0.3091756380871519,7169.290018390224,0.4109808361925841,0.40970269,1928.18142392,1372.17493435,0.0,0.0,51.51866,,,,,,,,,1.5556287140207457,0.053832746400577704,1.622396049596168,0.05512639123058784,1515.145405128205,1525.7289292682926,-0.021009067122382766
9687,material_r_nocable,3,False,0.939485291997883,1.3255921550526757,47.07363039724845,1200.0150062125276,4879.885069328584,1.167198434863189,0.8567523482990389,5695.794215232568,0.3366400382987666,0.15009038,2588.06031335,2466.86644287,0.0,0.0,147.90935526,,,,,,,,,0.8056936704668762,0.053677008180337216,0.8034826091160145,0.056514396639413496,2506.0230000000006,2493.8836586956522,0.001374033024793784
9688,material_r_nocable,3,False,0.8676998323351455,1.3460704476311696,52.81365486768978,1687.846792236632,10161.607032584056,3.1780198374463424,0.314661346105233,32293.78872988639,0.4727935716593273,0.03465423,14475.34228163,14427.58225207,0.0,0.0,959.56007077,,,,,,,,,0.19536390265455697,0.05285491169982639,0.19370313290926627,0.05535451807048631,14448.61598,14434.218272916667,0.004268595366564436
9689,material_r_nocable,3,False,0.9305368019807146,1.233514090026119,32.17352588850924,1369.1343740141583,9353.70351584877,2.425641211092837,0.4122621249287996,22688.72872438674,0.3494969188289133,0.07635749,6417.7807596,6298.28295804,0.0,0.0,348.47771347,,,,,,,,,0.43070148701866695,0.0530825604335316,0.4176427699797169,0.055541997398426454,6298.44044,6357.714799999999,0.015393181401562714
9690,material_r_nocable,3,False,1.213113490978779,1.2251849505073964,39.90664519986144,1337.3890776164203,5847.03724285381,3.630169655032934,0.2754692190800453,21225.737170855336,0.349828543432667,0.07032817,6576.373254,6475.61376526,0.0,0.0,325.20774901,,,,,,,,,0.3911761930484993,0.05291468074026786,0.3881630598159535,0.055398395541429765,6498.326271111112,6517.07535625,0.0038662664833974156
9691,material_r_nocable,3,False,1.3260893754385017,1.3833945060731714,88.69703934128279,500.5733620811905,15677.155840293974,4.280469981997964,0.2336192063501488,67105.59497748243,0.2400807643412462,0.00573059,31856.23338911,31853.80314285,0.0,0.0,1569.69134368,,,,,,,,,0.03202800285229638,0.052834366102368455,0.03207681040937529,0.055269916928830355,31855.841255555555,31853.364510416664,-0.0007613711762902959
9692,material_r_nocable,3,False,1.3488689840206989,1.0208801166492618,25.609020897701654,1414.5725613471034,9336.03118630278,1.7855043401648594,0.5600658466658602,16669.524203058096,0.4757557683474142,0.07615013,4887.27243103,4792.02943569,0.0,0.0,313.37559419,,,,,,,,,0.41658724447966283,0.05282252020987697,0.42217053479753797,0.05532048467821825,4834.44674,4812.101841666667,-0.0066566182225892825
9694,material_r_nocable,3,False,0.978860771539516,0.8997620368882561,4.5852466598137225,1751.322469255818,8688.612889025182,1.338023684501153,0.7473709259285822,11625.569830977682,0.233274725986702,0.33900528,2245.84860493,1697.38601315,0.0,0.0,48.09129649,,,,,,,,,1.4341218267008546,0.05308560817598719,1.5368747338806832,0.05596908097633967,1930.9475324999999,1754.8557023255817,-0.03458533360257942
9697,material_r_nocable,3,False,1.289551232869583,1.2070274538711427,26.63078100546912,1988.983837389744,6271.293063208789,1.1829935057635192,0.8453131780758062,7418.898966515805,0.2463916122665089,0.17542513,3445.9381529,3147.26227777,0.0,0.0,165.84426029,,,,,,,,,0.9079888036874276,0.05281548273155655,0.9143423450776397,0.05526111782934429,3244.715606818182,3232.5309956521737,-0.003486491132260802
9698,material_r_nocable,3,False,1.3889390881488346,1.3997051792466777,35.47217537957118,1179.5153826685626,14704.532622728932,3.686646106263891,0.2712492523491539,54210.40793801398,0.3678947290358447,0.01278366,31193.61313674,31181.47621164,0.0,0.0,1601.68401112,,,,,,,,,0.07171940781997133,0.05283072182562442,0.0714116132371235,0.05527599431728128,31183.446864444435,31187.150172916667,0.002150439370687132
9699,material_r_nocable,3,False,1.3173417733016597,1.129232458185209,51.13947197619888,653.3330399279698,10823.39381434241,2.156882889843152,0.4636320333890357,23344.79292818935,0.2381216853972583,0.03559235,4910.5852124,4883.28380415,0.0,0.0,302.94316881,,,,,,,,,0.1981340651046374,0.05283884705903294,0.19830901542020707,0.05528325726818439,4892.0665733333335,4892.098685416667,-0.00044129995997924077
9701,material_r_nocable,3,False,1.117609185036908,1.0958887365961154,50.69655970185767,1215.4993053662004,12032.370280982555,3.5048982438771885,0.2853149878878595,42172.23346749583,0.1773395751315285,0.08548594,4983.92117068,4784.84952328,0.0,0.0,235.7163069,,,,,,,,,0.4717968887129101,0.05296301716453136,0.47307152695320787,0.05556668507763199,4865.556746666667,4833.738216666667,-0.001349011374667631
9703,material_r_nocable,3,False,0.8680045968533658,0.937950058825662,15.091030907386669,1697.3488926824264,4950.645303356375,1.3999030112607178,0.7143352017647457,6930.423267852319,0.3819836498700418,0.39834227,2068.25825254,1541.17321503,0.0,0.0,45.51453878,,,,,,,,,1.7420422751676963,0.054532954777790146,1.467565169923313,0.056505332255792136,1523.651589189189,1818.1395634146345,0.08551734439181562
9704,material_r_nocable,3,False,1.2472060698130447,1.0907457016671387,12.860704538738846,962.1956678642608,11943.387120029864,4.242000970412264,0.2357378055721693,50663.85975317602,0.1312886446923207,0.05358401,5410.91228672,5310.42662162,0.0,0.0,292.82086793,,,,,,,,,0.2987898087107762,0.05287531378618608,0.29665612764267646,0.05530144602571215,5310.530051111111,5373.283245833333,0.0035833329910126516
9706,material_r_nocable,3,False,1.2010346101363083,1.1562885508130574,89.38966953604127,1668.0939153253028,2947.314122030828,3.929537185777841,0.2544828952425482,11581.580440688307,0.429190131929687,0.1645834,3757.28889283,3470.62578695,0.0,0.0,156.95204835,,,,,,,,,0.834381284506506,0.052789992185341,0.8978267329475893,0.055689240968595365,3677.8786444444454,3437.735632608695,-0.03662692228750448
9707,material_r_nocable,3,False,1.1862306357235346,1.0201734025754203,9.634064111899033,1487.364509004307,7493.746763523321,2.6714888829901366,0.3743230998890486,20019.461170695868,0.14810685430723,0.18452421,2543.0014752,2169.77091099,0.0,0.0,113.06090916,,,,,,,,,0.9572279824757026,0.05302036001107481,0.9600285854398134,0.05561498399137237,2266.947506818182,2297.9833608695653,-0.0014607345782393926
9708,material_r_nocable,3,False,1.3819058422426012,1.3686182018108113,63.44615379163274,1093.1008674565587,13056.917369519424,1.693749989676444,0.5904059076576168,22115.153659829703,0.4788963237190717,0.01978526,15497.96716376,15482.11529405,0.0,0.0,916.90160619,,,,,,,,,0.11061905428494527,0.05283295978197245,0.11054562021239416,0.05527675569155794,15488.813117777776,15485.704870833333,0.0003320334620255936
9710,material_r_nocable,3,False,0.8719158466391584,1.1487340555962111,9.849031233078092,775.5829737811986,14924.76043667309,2.4576416159663896,0.4068941514919708,36679.71235749649,0.3905726980828041,0.05435923,6147.54049266,6042.51739662,0.0,0.0,305.42629224,,,,,,,,,0.8495312565329849,0.06895745510620604,0.3009901732983708,0.05541566507771491,6008.408246666667,6102.583108333333,0.4767760677999884
9711,material_r_nocable,3,False,1.0040555074411792,1.1569807811176285,27.671100831788543,1391.385310556601,8549.349481204088,1.1357001979939343,0.8805140667989394,9709.497898522824,0.4632787775696895,0.15840285,2766.4082566,2539.04122698,0.0,0.0,136.50329955,,,,,,,,,0.8602177502048334,0.053252845399456177,0.8199296224489219,0.0556302364337914,2566.643308888889,2652.8114891304353,0.02397892495125431
9712,material_r_nocable,3,False,0.9069154662239236,1.1030148004203086,11.678217175943857,1614.4172493335082,3640.0754146307927,1.6304022232612514,0.613345581680897,5934.787048852666,0.2252395408765368,0.32886768,2251.87125784,1863.97575582,0.0,0.0,87.85472415,,,,,,,,,1.7536987980198269,0.05492865192848446,1.2863237379007033,0.05654737752387442,1757.7137925,2112.404942857143,0.15374065639207526
9713,material_r_nocable,3,False,1.006027338587411,0.977023955406078,10.762141900262788,1143.466731168539,4156.3726129167535,4.646902953555552,0.2151970914810811,19314.260171040267,0.4396707825017732,0.2322816,2098.03544724,1660.75295065,0.0,0.0,61.86801611,,,,,,,,,1.3235782099492082,0.054267610530966785,1.0519533820759501,0.05562761694078837,1600.2642302325582,1982.3494644444443,0.1143427554426653
9714,material_r_nocable,3,False,1.1919390700526526,1.2734120625766066,33.881467309561266,645.1836411950374,19796.07939633822,2.26926705982162,0.4406709186879957,44922.59088772378,0.3274945876337168,0.0129459,15590.45248489,15582.44969363,0.0,0.0,861.77970759,,,,,,,,,0.07261078572000976,0.05283146999189874,0.07230898197815146,0.055275991158720054,15583.607395555555,15586.325358333333,0.0020825574499049493
9715,material_r_nocable,3,False,0.956955189397412,0.873505006684208,89.95957754061304,1805.10716018128,5548.631913051052,1.9319053570284288,0.5176237005409808,10719.431717002226,0.2551659861801341,0.39201641,2236.95853363,1615.82760841,0.0,0.0,36.60147516,,,,,,,,,1.5727864559287794,0.05309240749209617,1.589321704379431,0.055689336061080584,1792.8607210526316,1793.0992749999998,-0.005229184965336507
9716,material_r_nocable,3,False,1.0026275885189946,1.155863799226788,64.56574944497406,1455.598017745558,15315.889438159244,2.376292773966059,0.420823566420643,36395.0373987609,0.3674725335393558,0.07428214,6991.14834128,6843.13760182,0.0,0.0,353.71344853,,,,,,,,,0.40922264009923515,0.052895164242147755,0.4170564306263477,0.05561100120808628,6941.153677777779,6839.780566666667,-0.009480804736144918
9717,material_r_nocable,3,False,1.0170688780448929,1.2238811347663192,73.38505663679523,738.6148296118831,18349.456327827516,2.8131774924217305,0.3554699277574369,51620.277539619856,0.1034134675468514,0.02371456,12604.42620398,12577.76686491,0.0,0.0,621.35468488,,,,,,,,,0.1337481106454007,0.05283163633976372,0.13290796824265555,0.05529505363861377,12594.04038,12572.652987499998,0.0031506591045983817
9718,material_r_nocable,3,False,0.8212789339917161,1.243670668726948,8.044342210014687,1486.3032335859025,3171.8721153776773,1.5719339894943123,0.6361590287399396,4985.973588491396,0.284440972479583,0.25147975,2381.11824446,2106.02135592,0.0,0.0,128.22348376,,,,,,,,,1.580226693349221,0.054614898472783016,1.072756128624928,0.05591331965829757,2016.9096568181815,2256.3513209302323,0.19128301944551296
9719,material_r_nocable,3,False,0.8605006382404758,1.1391905779798832,1.2674910041313248,778.0007839505374,3119.631798627748,3.5225650182359605,0.2838840432534536,10989.105843622634,0.2933999498314317,0.1479618,2282.75032106,2114.76423413,0.0,0.0,108.43244921,,,,,,,,,0.955127655514769,0.054007647907493676,0.7079550492139387,0.055145801801936026,2056.1186911111113,2224.416567391304,0.14862315962882353
9720,material_r_nocable,3,False,0.9053230272822276,1.326120348359312,87.03271828960908,1222.4673265690128,15340.029170447584,4.537267615648997,0.2203969623812817,69601.81757818276,0.4550471739989424,0.01312144,29340.36973743,29325.90478991,0.0,0.0,1834.10023162,,,,,,,,,0.07345863572798293,0.052835713171636704,0.07345356243108371,0.055265708106596194,29338.603306666675,29321.938354166672,3.453284997974595e-05
9721,material_r_nocable,3,False,1.361683763513987,0.8812737323981689,14.899845260851126,607.2461082221407,13645.615399842229,3.5020426711934367,0.2855476343065851,47787.52740494177,0.359770076142834,0.05750763,6628.4904412,6165.19074883,0.0,0.0,352.18905103,,,,,,,,,,0.06380925752238675,,0.12173710896330102,6182.637573913043,6000.013480851064,
9722,material_r_nocable,3,False,1.2653346993309529,1.0138192310462195,30.35108192292275,1965.7877781345603,5011.22239914254,3.547813994323544,0.2818637058199745,17778.884956345508,0.2241349486498883,0.21736909,3022.56900112,2503.1032957,0.0,0.0,121.55759581,,,,,,,,,1.0906765101930311,0.052964601431969315,1.0928746351183687,0.05548297544414058,2613.2831452380956,2681.981113333333,-0.0010066743479114038
9724,material_r_nocable,3,False,0.8720424561225824,1.32671956626028,3.028267152496493,1745.274596257632,8853.027289832575,3.4026447417031136,0.293889040999171,30123.70675590298,0.3462876055927197,0.04741897,11928.03013855,11850.80650082,0.0,0.0,742.32617532,,,,,,,,,0.2657812109996971,0.0529122931002049,0.2580028812898928,0.055266441481449685,11825.458682222223,11910.467627083335,0.014850259533089856
9726,material_r_nocable,3,False,0.9562706095626976,1.320692980707009,87.59196242188779,1339.9655641926593,2337.0322503878506,4.700952362793184,0.2127228533338776,10986.277279384638,0.1465236100066941,0.1141819,4552.90030038,4402.74172333,0.0,0.0,242.15875768,,,,,,,,,0.6012768080459122,0.052814368138049954,0.6465634941328879,0.05551284201125505,4508.947524444445,4356.491610638298,-0.036292052763404574
9727,material_r_nocable,3,False,1.031194649491414,1.3476198811719216,16.534828084025364,1068.7753479639382,15712.042699455742,4.191554971106731,0.2385749457881884,65857.89068314494,0.2706067753061966,0.01376276,27419.20572552,27404.49465673,0.0,0.0,1519.64042875,,,,,,,,,0.07711126645657697,0.0528442629785041,0.07644834169721898,0.0552748682058346,27401.35850888889,27414.346895833336,0.004317051647423087
9728,material_r_nocable,3,False,1.0433566437516235,1.313693585746739,8.87462065821096,561.8843998290374,6503.819717223616,2.367524740423309,0.4223820697312763,15397.95408777984,0.3517086474518033,0.03095998,5923.25267904,5908.74258708,0.0,0.0,337.44539241,,,,,,,,,0.1732809793026131,0.05286247927859173,0.17136669698929638,0.055278741887705984,5904.869106666667,5921.266275000001,0.005554316610843374
9729,material_r_nocable,3,False,1.1041551240209944,1.0219764299620766,41.31111565394754,1622.688381092021,16163.635417377916,4.424950090328451,0.225991249525206,71523.28000016257,0.295989945177899,0.11435873,4673.06508385,4160.46668983,0.0,0.0,215.29886266,,,,,,,,,0.6288576373297352,0.05313207566837293,0.621421364464192,0.05571964627864858,4294.568868888889,4353.32564893617,0.005947690759321268
9730,material_r_nocable,3,False,1.3737265217689476,0.920811554398719,51.73701719736752,1101.7124384216663,2357.656947910956,4.5662950395682085,0.2189959236831443,10765.75722624932,0.4140548559115835,0.20201497,1589.64902088,1382.98223288,0.0,0.0,84.97756514,,,,,,,,,1.0382593500802004,0.05296256075554429,1.0186001323756722,0.055195805591904346,1435.3036785714287,1449.02375,0.009557880775139456
9731,material_r_nocable,3,False,1.1511804897112583,0.9960769160157936,61.14684988026172,1978.1077443457525,17557.181526065353,2.390476551473174,0.4183266300536318,41970.03074801722,0.2392027284192134,0.14931653,4027.15692694,3603.62244416,0.0,0.0,199.47776616,,,,,,,,,0.8021835988533417,0.05307010809471494,0.792186686219677,0.05558267950957907,3705.7117800000005,3757.3475652173915,0.00627013230694199
9732,material_r_nocable,3,False,1.1425574127325633,1.3235207767880073,13.9033448895934,269.00677152318667,5803.013130716827,3.400011108434268,0.2941166861247427,19730.309106827128,0.2823302830738978,0.01221075,7710.21159939,7707.34306343,0.0,0.0,406.79442212,,,,,,,,,0.06836990395613844,0.052840233562449566,0.06794225140088643,0.055275697598934345,7706.7171755555555,7709.6825312500005,0.003137303156361341
9733,material_r_nocable,3,False,0.829704723566061,1.0705650135470464,88.87734212218518,269.9156439698716,6442.261245356387,3.8133231462671975,0.2622384627903576,24566.42392121765,0.3980762841671224,0.09288627,2548.56345853,1998.72470779,0.0,0.0,96.72223047,,,,,,,,,,0.06309793570310337,,0.15258322453349768,2058.8120586956525,1938.3102604166668,
9734,material_r_nocable,3,False,0.9379700661517127,1.2427214719720474,59.35605225939254,999.407868197988,8448.689416353074,2.5937888283036843,0.3855363972147229,21914.11622194418,0.1229987465379802,0.06555179,6260.33312839,6166.98435827,0.0,0.0,319.92532262,,,,,,,,,0.3665043235114703,0.052934733977347555,0.3687274353048006,0.05566076486844292,6202.266251111111,6162.395106250001,-0.0030236884719310464
9735,material_r_nocable,3,False,1.075906319976439,1.2984192482879535,51.5006171281987,460.1409054962703,18337.511014536794,1.620451746165679,0.6171118654820823,29715.05174383852,0.1270791892261412,0.01658349,9617.00195973,9609.57421424,0.0,0.0,519.67363146,,,,,,,,,0.09346811913304179,0.052823614611101966,0.09275979668044466,0.05527902631871089,9612.273704444442,9610.652610416668,0.003803524565600211
9736,material_r_nocable,3,False,0.842784202690994,1.328475206938129,5.818559552949431,1326.102604053022,17362.911264110902,1.6262226218341729,0.6149219587611731,28235.959078596523,0.4475022593017055,0.03610088,11143.97117252,11100.29533385,0.0,0.0,733.52597763,,,,,,,,,0.20244181216403825,0.05290738984947505,0.1978011814527095,0.05527579576430061,11086.317582222224,11133.424108333333,0.011594533284378698
9737,material_r_nocable,3,False,1.3214515541449452,1.3437485903984474,13.700206904101435,1853.0008096919496,9237.088581262158,4.525861216769897,0.2209524225565403,41805.78096580247,0.2255028941247329,0.03910039,17629.16101989,17563.79910462,0.0,0.0,844.04755359,,,,,,,,,0.21868505696924478,0.052858759220639276,0.21663034515585725,0.05528756168004352,17552.719457777777,17614.702425,0.004720053100250862
9738,material_r_nocable,3,False,1.3601889668843632,0.9810464515506158,15.227676985103042,1350.8055867709288,11008.528983068914,1.006130693582808,0.993906662800459,11076.018901061572,0.1758446974608128,0.09522107,4850.47943139,4728.61362581,0.0,0.0,275.40357229,,,,,,,,,0.506560137561559,0.0527567799145267,0.5369241978237984,0.05547599040352555,4793.627911111111,4702.28850625,-0.029098721689028474
9739,material_r_nocable,3,False,1.313210048215316,1.165012198479288,0.2458169346845156,1663.8477784729473,19155.81172031379,1.3907077761312236,0.7190583220738693,26640.136317546025,0.4602282296945192,0.03982826,11193.13919612,11134.01372898,0.0,0.0,688.73185101,,,,,,,,,0.2216489979490864,0.05283559195205813,0.22198857977510367,0.05528573364683875,11154.680344444447,11151.719745833334,-0.0007654487425507909
9740,material_r_nocable,3,False,1.081630914091016,1.1977554187045067,73.81494296494556,744.6624967149443,3681.93098677734,2.6989969732266097,0.3705080109091472,9937.520588941305,0.2945671798659812,0.10307253,2564.53675383,2480.84700025,0.0,0.0,125.52428342,,,,,,,,,0.5541280793916834,0.05290118339279289,0.5767431631296808,0.05571057911245709,2543.969442222222,2471.8215104166666,-0.01999792981522397
9741,material_r_nocable,3,False,1.1418664034869888,1.3815768152515435,59.68503512949248,1477.438872820079,11175.001944175234,3.614527348873849,0.2766613455868753,40392.35015093982,0.4817652450853835,0.02071211,23023.32554346,22999.42896399,0.0,0.0,1301.99885241,,,,,,,,,0.11649870551807531,0.05282930061463459,0.11585568231607304,0.05528274169951722,23013.147446666666,23001.207343750004,0.002767424398549557
9742,material_r_nocable,3,False,0.9381979927352876,1.1701241300387937,3.221755355661191,1036.5950284356752,11835.007455251844,1.0484425194957268,0.9537957316734672,12408.325034634954,0.4719217796335831,0.11979279,2879.70769048,2755.45115055,0.0,0.0,151.39222061,,,,,,,,,0.6863849680156545,0.053332776172246514,0.6207529644820422,0.05529318713783779,2718.8024511111116,2864.8666148936163,0.050210465094683465
9743,material_r_nocable,3,False,1.3541857202347156,1.0529966157851085,69.0974314373927,599.8286931401096,7032.056682501202,2.6689740822054078,0.3746758002137237,18768.377030195046,0.4171964675603137,0.04057862,3856.99645469,3830.12095726,0.0,0.0,246.87994084,,,,,,,,,0.22579556691916297,0.05284336165976862,0.22554811067687144,0.055280406794363045,3838.3687555555553,3839.2256125000004,0.0005482656666634592
9744,material_r_nocable,3,False,0.9028292865665444,1.0002867041415473,25.82479765630598,1994.07300529856,13979.518748223529,1.1639642268285395,0.8591329329121273,16271.659731211072,0.3667688835932179,0.28156313,3036.45280654,2345.46130242,0.0,0.0,89.53567484,,,,,,,,,1.442835145258669,0.05460015157301959,1.26082996565975,0.056839691280151046,2356.2442697674414,2667.3638116279067,0.06731794513451889
9745,material_r_nocable,3,False,1.260300034687895,0.9361010529875288,2.4824254023902403,345.8903662728956,13189.01119134404,2.38231139778748,0.419760406187339,31420.33168668553,0.4752352310907625,0.02780079,3827.95213118,3817.59591615,0.0,0.0,232.93761306,,,,,,,,,0.15454216082509065,0.05283893792288845,0.15583810021596067,0.055323150380275174,3825.11358,3814.917770833333,-0.004175327988072746
9746,material_r_nocable,3,False,1.2953816798479236,1.0142361103255273,11.095785391993454,497.9180541979144,17200.403685066216,2.4600562502858656,0.4064947701434864,42313.96059288718,0.2373875296058798,0.02567346,5479.79023838,5467.94440469,0.0,0.0,343.98592905,,,,,,,,,0.1427096918417295,0.05283858010599513,0.1436496133236655,0.0552965890682918,5475.773811111111,5467.986285416667,-0.003282315136898111
9748,material_r_nocable,3,False,1.1005419918994883,0.976310815165874,63.491563823132495,1241.2750360052607,9755.17707898839,1.242048472887249,0.8051215567097906,12116.402793702224,0.4430879174754676,0.1827624,2190.86604075,1912.19106194,0.0,0.0,97.90801707,,,,,,,,,0.9714970754915336,0.05314472652440587,0.9304846432195006,0.05542641203081896,1959.2182204545454,2037.5746499999993,0.021563000247881964
9749,material_r_nocable,3,False,1.0729612621255755,0.8282718156720856,73.8761314221792,1648.7356389290785,5405.039235843569,1.552392658744641,0.6441669215368879,8390.743229950302,0.2736076944100725,0.3523785,2349.24324112,1717.53741568,0.0,0.0,84.63512637,,,,,,,,,1.7330520680784065,0.054111054503383375,1.357910261702129,0.05461530674773745,1612.20396,1938.158480487805,0.12136731747323277
9750,material_r_nocable,3,False,1.1589005771161631,1.225280390518832,4.112207290223761,1820.9632269045635,2971.7665869729017,4.955364447943026,0.2018015043101624,14726.186492670504,0.2486163825370499,0.15272435,4892.86104871,4625.68980219,0.0,0.0,207.15260324,,,,,,,,,0.8582145969637113,0.05317287608923271,0.7691207319934711,0.05522178631063165,4551.981033333333,4853.876967391304,0.05474831362957793
9751,material_r_nocable,3,False,1.2070127640307629,1.247378846682667,79.50466405523487,1686.9117796966186,9658.175601331995,3.967505677115749,0.2520475284428499,38318.8665288655,0.1413380401899056,0.05957944,10726.61632083,10615.82522989,0.0,0.0,505.99641005,,,,,,,,,0.3290439067731299,0.052842512855625606,0.3334007619415267,0.05538469631459679,10705.911404444445,10596.56676875,-0.006576934458315453
9752,material_r_nocable,3,False,1.2627636400629407,0.9864859823843176,67.6410502402779,754.082087423923,17654.521256565098,2.854648715483198,0.3503057993006796,50397.456427524376,0.2454868482103037,0.04710993,4988.83989981,4950.42693872,0.0,0.0,292.5447714,,,,,,,,,0.26236092111155723,0.05288493852462407,0.2605710701178664,0.05530188075590906,4944.695104444445,4971.62448125,0.0034227223113331767
9753,material_r_nocable,3,False,0.8362837790183969,1.20399723152576,33.27585259060976,981.0673375865564,10641.171001609093,3.54474729816536,0.2821075568680356,37720.26215726941,0.1670479688974385,0.06106597,9133.76493821,8822.75641083,0.0,0.0,476.43909584,,,,,,,,,1.3803668263908282,0.08367447170233644,1.5468636212806082,0.06578063176055864,8805.912393333334,8847.996389361702,-0.05687860859134798
9754,material_r_nocable,3,False,1.1878173709686797,1.0028062344491833,4.3753603593491945,1362.723772093398,13021.817821022032,4.345842262966474,0.2301049921948615,56590.76622724754,0.2303178695062997,0.11367248,3439.33147621,3129.97190001,0.0,0.0,186.0416675,,,,,,,,,0.6236759314443635,0.05303206665775343,0.6163381151509904,0.055515076008151615,3190.673986666666,3264.500395744681,0.0059175267518301435
9755,material_r_nocable,3,False,1.0705426787222598,1.3636506122899326,7.012313242791397,1334.2474962566494,17367.62445054648,1.2279345703226952,0.8143756387094835,21326.306467207723,0.4577562252046989,0.03411117,10872.03440787,10837.38411697,0.0,0.0,687.22417624,,,,,,,,,0.19066683330215678,0.05285287265354734,0.18921408806171447,0.055276683426909834,10834.058875555555,10862.326508333334,0.0038242121642397234
9757,material_r_nocable,3,False,1.3383874297321263,1.0587681077980733,12.31302162461368,391.57571988012,4322.95598171081,4.091234925555286,0.2444249763692741,17686.228494013405,0.4159123476724142,0.03865927,2826.94930878,2805.43386545,0.0,0.0,166.57461058,,,,,,,,,0.21531024699059934,0.05284294807844899,0.2153567978119417,0.055287186997516787,2808.286913333334,2816.2632812499996,-0.00010809004753011667
9758,material_r_nocable,3,False,0.9961435780402816,1.048005215444227,87.94965132232767,1570.2410210666517,3550.4441929288814,2.72838642426476,0.3665169974115664,9686.983736096814,0.2315041199377913,0.29363247,2386.47781409,1973.65454863,0.0,0.0,74.75734461,,,,,,,,,1.2283835806696457,0.052781540399130675,1.5514348795092046,0.056459876306006324,2295.5650575,1869.159886666667,-0.11621309213795714
9759,material_r_nocable,3,False,1.2901049991202322,1.2909584902387372,47.70711907714924,1057.4654201925791,18479.23320681784,4.611135486740145,0.2168663234631938,85210.24800770463,0.4715724168199831,0.00938409,39102.60637096,39093.16897635,0.0,0.0,1966.46179366,,,,,,,,,0.05271030661572581,0.05282727681546393,0.05247466634394342,0.055272823605071984,39096.481955555544,39095.892975,0.00224024654047058
9760,material_r_nocable,3,False,1.0117590242917849,1.3185788457332546,34.34150358428296,971.7655237922067,10798.113580847306,2.6063719171014976,0.3836750977243812,28143.89999479271,0.3916535359427654,0.02798927,11227.77094583,11204.76645073,0.0,0.0,653.75747023,,,,,,,,,0.15733037290437085,0.05284783359350599,0.15600451306934365,0.055302336937943564,11206.53126222222,11216.804572916668,0.004231446590784099
9761,material_r_nocable,3,False,1.099826109288443,1.1213958266822457,51.23476108304434,296.2588407991932,11905.97168595626,4.429355963552752,0.2257664563942401,52735.78668908057,0.3170662915609921,0.0142595,7565.90185393,7558.09438184,0.0,0.0,369.70348002,,,,,,,,,0.0801690499625216,0.05282780994780324,0.0797568894741195,0.05527856204718054,7561.367975555556,7559.778785416667,0.0025771959811771473
9762,material_r_nocable,3,False,0.9698181605595816,1.0608973631748708,26.36759888283703,212.6351874125196,1137.0731035351196,3.1116190103889,0.3213761057061471,3538.138285161784,0.1584757137381143,0.19281067,520.9417698,443.21462046,0.0,0.0,19.12507275,,,,,,,,,1.1155217062253848,0.054627082275556245,0.9356904045463352,0.0565772428246315,438.940275,479.7044,0.08767074879028103
9763,material_r_nocable,3,False,1.0616495187047534,1.3573881439356446,36.03467412976885,534.2198184060815,18678.768814485637,1.3652335474230537,0.7324754082461202,25500.881810095325,0.2329213810174584,0.01615728,10420.29570011,10413.92755398,0.0,0.0,612.50805166,,,,,,,,,0.0908445751557864,0.05283017379454806,0.09023106038897061,0.055279351378010065,10414.605882222224,10416.994947916666,0.0033881685129534874
9764,material_r_nocable,3,False,0.9006211976529034,1.1642115639060715,86.02485580130875,1281.4088509018088,17874.415783747685,4.479187829191657,0.2232547591513853,80062.86563247388,0.1277917725391762,0.03885738,14869.21143749,14651.08686361,0.0,0.0,722.76670122,,,,,,,,,0.20316537015694477,0.052852398125849374,0.6969184847302967,0.07088624535670351,14719.727753333336,14619.449012500001,-0.548563460940211
9765,material_r_nocable,3,False,1.0779802674235122,1.2315700080183378,14.093414882428135,1547.4374756076948,16944.600435224507,2.325380201893139,0.4300372038885855,39402.63838106094,0.4827268460799464,0.0374097,12925.82111499,12866.95693832,0.0,0.0,726.3768336,,,,,,,,,0.20939444195016949,0.052863303762502374,0.20739833399320623,0.05528312316116808,12860.177386666666,12910.188760416668,0.004789209583695954
9766,material_r_nocable,3,False,0.924491837045282,1.3329145965323033,37.68780263613885,430.9755014695269,5657.208294758609,1.3221905036772463,0.756320664245298,7479.907084653981,0.1118330104939929,0.05531075,3032.61299085,3001.70731392,0.0,0.0,166.73463449,,,,,,,,,0.3126525310227751,0.0529665511404293,0.30598710445943594,0.055480429665859324,3001.0636977777776,3007.2483916666665,0.01077432835053267
9767,material_r_nocable,3,False,0.9220585295912004,1.1749769320687635,57.14516677267093,318.3890940998292,4022.645541551923,2.366567697404494,0.4225528815832053,9519.862996744989,0.1048885463320999,0.07883347,2064.540091,1956.21893421,0.0,0.0,95.0543129,,,,,,,,,1.3161114088666217,0.0576155436753427,1.8144286575389534,0.07556112140570798,1965.9006847826088,1948.5318617021276,-0.15917932308864835
9768,material_r_nocable,3,False,1.2115491657815116,0.9179086364087636,61.03112815793635,1293.5425763503436,6621.3120154029975,2.036347489925044,0.4910753223345044,13483.292102576426,0.3229955972403078,0.19785389,2335.84239394,2055.34761453,0.0,0.0,112.11316427,,,,,,,,,1.0652554982078708,0.053266371453634304,0.9779739462499852,0.05515163497952353,2039.2693785714287,2155.4816355555554,0.042717450159418864
9769,material_r_nocable,3,False,0.905780309550624,1.0053962137169483,77.51410091670078,1775.2929946578192,14717.00656215441,2.8441637650687426,0.3515971943253522,41857.57679435848,0.2427511002465684,0.21614339,4481.52816312,3554.20674816,0.0,0.0,151.81704027,,,,,,,,,0.9896620224519006,0.05342300300165256,1.3852145188825102,0.059034172680146275,4000.381853488372,3313.5385046511624,-0.16655707761901345
9770,material_r_nocable,3,False,1.223731096365592,0.826467087927224,61.34651641571672,1718.6607165529097,8371.373451213687,2.312177967901771,0.4324926601162404,19356.105254974096,0.4460647736492255,0.21161553,3666.89943931,3030.04809765,0.0,0.0,174.6391439,,,,,,,,,1.1988235831186391,0.05410245354270019,1.0179155784425706,0.05514443017907328,2929.5522707317073,3112.4561295454546,0.08160996467832428
9772,material_r_nocable,3,False,0.8779434975904709,1.3126438623083103,80.42113847843937,442.0426747138057,17586.11193357686,3.777799622691935,0.2647043517060423,66436.8070272848,0.3444999578596996,0.00590888,24556.97855585,24554.37704226,0.0,0.0,1512.74220106,,,,,,,,,0.03335126175724139,0.05283371581278561,0.03307239421601309,0.05525030577363167,24556.376242222224,24553.714606249996,0.004198316656050768
9774,material_r_nocable,3,False,1.2967825482219215,0.9615438711563618,21.338026358905456,840.9691772754957,15783.524995115968,4.255692103619719,0.2349794053826029,67169.82268899948,0.1651395447033354,0.06218357,5871.093748,5666.84409502,0.0,0.0,292.11105165,,,,,,,,,0.33717054083795206,0.05282679842833848,0.3546432154296324,0.05569042269197737,5692.754268888889,5617.59121875,-0.025256327202782793
9775,material_r_nocable,3,False,1.249067216342017,1.268362811093901,75.03451450072718,805.5482057676095,3836.963769819517,2.1072824646481023,0.4745448304990243,8085.566469630747,0.3854666890082496,0.07391133,3305.11240432,3251.4836453,0.0,0.0,180.24428316,,,,,,,,,0.4065900536528765,0.05284652544339138,0.40998512944002863,0.05535823932881919,3282.8666755555555,3255.214433333333,-0.00415770140636992
9776,material_r_nocable,3,False,1.1576129638627952,1.0632182591252568,31.16842427976536,327.9122568967017,1154.474980922595,4.875555960367974,0.2051048143286056,5628.707374332861,0.2201984629187594,0.16324479,768.87932687,678.62134342,0.0,0.0,29.76890231,,,,,,,,,0.8863832704645699,0.05340076609867614,0.8430076382595292,0.05583741880754431,688.2006622222223,725.0144666666666,0.025081450345452637
9777,material_r_nocable,3,False,1.241147147126681,1.3090852354043108,25.470264009821985,514.6955210198329,7217.647021320018,2.8952524612752857,0.3453930230179392,20896.910303093016,0.4799250777498949,0.01585599,10225.8551749,10218.83123705,0.0,0.0,560.09403745,,,,,,,,,0.08884260545489672,0.052834600808900796,0.08847676426606328,0.05527726886731012,10219.141206666665,10222.924741666668,0.002063176681764375
9779,material_r_nocable,3,False,1.3926955768442786,0.9930955604135716,53.40532896817289,379.3969645757155,10558.431783809558,4.696552203943176,0.2129221515222189,49588.22606443446,0.15162209086264,0.02515295,4559.90433534,4547.03833164,0.0,0.0,285.91697966,,,,,,,,,0.1396393954158729,0.052839724798621,0.14025159952246155,0.05528628409956546,4546.453784444444,4549.038535416667,-0.002187294759960178
9780,material_r_nocable,3,False,1.0612705966814615,0.9891754599025292,1.027597128432929,1078.303197160083,1870.1620010911552,1.7926263351445075,0.5578407392522144,3352.501654142556,0.1235602897876984,0.40204002,1284.76984408,941.08796416,0.0,0.0,21.90229463,,,,,,,,,1.6294253951291906,0.05286131460249975,1.550484866887813,0.05493251794968018,985.5299526315791,1091.8095780487806,0.02482476602698401
9781,material_r_nocable,3,False,1.3960554320607437,0.8771336072852649,27.47281771949985,1713.9632323891017,12151.187427382623,2.254128453176488,0.4436304411094289,27390.337319943585,0.1730840199438169,0.11060948,7089.84582162,6472.60351749,0.0,0.0,381.53785687,,,,,,,,,2.7009163782141217,0.0579559147928799,2.308289758560602,0.08102814263007176,6438.920325531915,6379.15225319149,0.07838100667710192
9782,material_r_nocable,3,False,1.060682371665029,1.0340129007483778,70.96939587866765,1290.1571269801352,18210.921568624937,3.1767582209857386,0.3147863105835303,57851.69480485577,0.4531171095263834,0.09180414,4531.00813392,4222.53922506,0.0,0.0,223.12522,,,,,,,,,0.4977172064370845,0.05290145661166814,0.5153228483316259,0.055746517041851594,4418.594066666667,4229.073572916666,-0.017379018540941087
9783,material_r_nocable,3,False,1.3835073983175317,1.2193657502171458,74.01423466172666,957.751113794096,18516.68716176354,2.837484004936372,0.3524248941175703,52540.80364591471,0.2572766669451661,0.01819691,15499.91490676,15481.20955657,0.0,0.0,870.24085067,,,,,,,,,0.1016762771483347,0.05283351794812671,0.10168387993250438,0.055277558829923246,15490.915006666666,15483.693468749998,-3.7385809879467826e-05
9784,material_r_nocable,3,False,1.1671844574831896,1.1399113054967174,20.671297209287403,1893.3388396611876,16462.10864993571,3.4169068983705086,0.2926623492366417,56249.49260769016,0.4138393066372229,0.05289681,11707.39262133,11569.81968368,0.0,0.0,602.48395039,,,,,,,,,0.29558320722364945,0.052881607994605125,0.29246154728323703,0.055300832638536974,11568.382813333334,11657.148008333332,0.005308541427310455
9785,material_r_nocable,3,False,1.2225417381193584,1.0439404241819548,61.70166126333629,910.1687724729104,1713.578657617867,4.63350276341506,0.215819446120922,7939.871445401456,0.4754368116522169,0.18991606,1778.47082493,1556.06019689,0.0,0.0,67.80916495,,,,,,,,,0.9629129983229822,0.05304391807757604,0.9932877222635837,0.05586421798342556,1665.8127844444448,1581.0862755555556,-0.01552740657998211
9786,material_r_nocable,3,False,1.1261892095278347,1.1272868599671644,9.455729116594515,679.1742792443645,9043.813838428798,4.877819709534432,0.2050096271589025,44114.09339044823,0.1920356924303784,0.04169221,6230.36387393,6178.7742928,0.0,0.0,289.67658106,,,,,,,,,0.23388543583280802,0.052893229588913,0.23019706880485102,0.05528382360526743,6167.033548888889,6221.642618749999,0.007947653684632554
9787,material_r_nocable,3,False,1.3755981656452485,1.395532151442877,74.7959517139221,575.6454215659327,1535.1979953543832,3.4820214072827627,0.2871895037487326,5345.592284241546,0.3488864847241398,0.06402069,3060.16102632,3030.88407762,0.0,0.0,154.33754562,,,,,,,,,0.3537396845167377,0.05284905912492182,0.356359136926443,0.055347828114958336,3050.901428888889,3030.0391958333335,-0.003688856157205846
9788,material_r_nocable,3,False,1.2429163664087333,1.3847909524919153,45.36613900656844,648.029227473471,19073.56183628819,1.4184246534434153,0.7050074867017903,27054.410337568628,0.300822584079059,0.01351518,13677.88085303,13670.96633936,0.0,0.0,817.20699317,,,,,,,,,0.07579074430004529,0.052830313986081,0.07553884772305468,0.055275154997864194,13673.11939555555,13673.234372916668,0.001664555977605215
9789,material_r_nocable,3,False,0.9766078650577008,1.3365184931896636,3.20233638949433,1019.8017956013492,19590.383513321,2.673214589605665,0.3740814538003525,52369.299023779975,0.2548541752782684,0.01705993,20557.33103887,20540.59804856,0.0,0.0,1181.86160881,,,,,,,,,0.09530758482332273,0.052860623891061505,0.09415101453268537,0.055274939599944825,20535.278468888886,20553.1174125,0.00610460699365811
9790,material_r_nocable,3,False,1.2687424868369706,1.2537029912848352,23.42874611632257,890.9866288569734,11227.09916003687,3.6240664107827536,0.2759331332959796,40687.75295641689,0.2206443555692502,0.02552529,12126.20460009,12101.60129154,0.0,0.0,605.30311158,,,,,,,,,0.1429585730981561,0.05284238304792954,0.14219395255363032,0.05528321226273346,12101.121515555556,12117.290279166666,0.0026814440544689214
9791,material_r_nocable,3,False,1.3940046583722403,0.9593309665383228,25.073524747997222,707.2114725284177,2860.719899000492,1.3622187834957529,0.734096469756334,3896.926380738543,0.3337157767756555,0.1363751,1516.51433605,1465.10797649,0.0,0.0,93.72551456,,,,,,,,,0.707885803491901,0.0527191226382137,0.7534430369585149,0.05533675196246554,1501.1622681818183,1461.4580826086953,-0.031175209990772564
9792,material_r_nocable,3,False,0.937492766489422,1.2018196555117229,49.9814308053104,1023.9976711286952,18544.01816257401,4.139666189074621,0.2415653712947177,76766.04499719333,0.4954367525374225,0.01813247,19502.08781205,19477.92269479,0.0,0.0,1084.93707933,,,,,,,,,0.1023119310291751,0.05282519338815206,0.10143437693691629,0.05528931332544864,19487.605962222224,19483.10294791667,0.004307091996017232
9793,material_r_nocable,3,False,1.1520019889023512,1.2708575835015634,15.180347451301158,1511.8763436321665,8004.814864107951,2.412409388317529,0.4145233412051274,19310.89052991773,0.4246152900097203,0.06358334,7525.32643316,7437.88669538,0.0,0.0,409.57744352,,,,,,,,,0.3549449246589675,0.052898454981724935,0.34931859158034867,0.05530184142775232,7430.96262,7499.12998125,0.00798896002545009
9794,material_r_nocable,3,False,0.9067219698736376,1.0602541134394106,51.6073140061228,787.3875424513374,3950.9777147343007,3.770226899700243,0.2652360260013811,14896.082460207454,0.1489888848426645,0.18939113,2180.09537239,1894.71152776,0.0,0.0,85.9016396,,,,,,,,,0.9826786371017663,0.054745184026860426,1.033628809576865,0.05847311460038112,1972.367581818182,1921.222631818182,-0.025269049399696777
9795,material_r_nocable,3,False,0.8880471080940946,1.3576579445399664,14.264827247878651,1997.6257495652933,5603.372217848039,4.692324003088185,0.2131140132995642,26292.837956045834,0.1023750087571827,0.0623188,11485.69587725,11358.58131615,0.0,0.0,678.28170858,,,,,,,,,0.34929127464167875,0.052979904810299135,0.33823692780841497,0.05540067616135597,11326.89314888889,11429.894220833332,0.016078390375653277
9796,material_r_nocable,3,False,0.9874890279731086,1.179430813019751,12.627279843173742,1905.2289327896228,10445.894164922804,4.810388301299154,0.2078834259034613,50248.80708755375,0.2435948471955079,0.0725475,10655.07186989,10436.91910638,0.0,0.0,512.47425525,,,,,,,,,0.41254319824513874,0.053088947066301934,0.390353640836895,0.05534377204461938,10380.427924444442,10593.346241666666,0.027636872295590878
9798,material_r_nocable,3,False,1.1328746228001192,1.2726310734583444,25.11367582721385,1623.524555202967,6589.265763339046,3.9316882174609455,0.2543436673230901,25906.938563438936,0.4068860532716191,0.05836886,9702.1093133,9610.91292427,0.0,0.0,499.95880519,,,,,,,,,0.3268065283135548,0.05291563789799872,0.32167604360358715,0.05535049968105523,9606.764295555557,9671.363504166666,0.007911522887654666
9800,material_r_nocable,3,False,1.178419305531447,1.0197519860121218,61.99980190877039,1723.186248866431,12934.126200511642,4.0476176912261455,0.2470589063210339,52352.39802974253,0.2606095611639286,0.1228637,4217.96900488,3781.31611688,0.0,0.0,212.19933431,,,,,,,,,0.6614119361898851,0.05298270484922778,0.6702372627450859,0.055658951875573966,3974.9413022222225,3861.127338297872,-0.006627365947622751
9801,material_r_nocable,3,False,1.0672043739453885,1.046713065868638,14.670001963444893,1091.131335015889,1177.792609895857,1.613591776009879,0.6197354342452212,1900.476469173166,0.4294300816255293,0.40004405,1261.90189535,959.60504716,0.0,0.0,24.4086948,,,,,,,,,1.6328308867123063,0.053269670379537074,1.5223613093811545,0.055429988109527206,992.9388297297297,1093.8694524999999,0.035011996247939325
9802,material_r_nocable,3,False,1.316176641530654,1.2794364117273749,33.75654380104443,1333.141849673941,4234.705346268787,2.6829992457333263,0.3727172124965233,11361.71124994204,0.2215141224285325,0.10379313,4232.48994,4103.38265137,0.0,0.0,209.3393541,,,,,,,,,0.5697523861117524,0.05296020783153324,0.5630033873009216,0.05543252094338795,4124.874871111111,4162.2786808510655,0.0059580352351663295
9803,material_r_nocable,3,False,0.9949060393720084,1.203421871466356,12.795282339249647,656.9725853199375,5297.097518001814,3.1903305014888503,0.3134471489813748,16899.49178104207,0.1666722782919388,0.06735588,3948.61951713,3881.24077758,0.0,0.0,192.23139211,,,,,,,,,0.3817871020876525,0.05304812580501656,0.3640742688118281,0.05533111869628375,3863.9642888888884,3925.12441875,0.023748157455135928
9804,material_r_nocable,3,False,1.236904841629175,1.1967078672935798,13.7980114358419,1387.2109563572326,8250.25248899822,3.25932052955256,0.3068124141007022,26890.217311384004,0.2940653698420338,0.0658161,6987.61932626,6881.24945705,0.0,0.0,352.89480336,,,,,,,,,0.366823517668026,0.05289208707046135,0.36175394909753006,0.055297437477288214,6875.027233333333,6953.649339583334,0.006958173703891469
9805,material_r_nocable,3,False,1.2978062673546584,1.390814654743635,42.49722740076036,385.0383464839552,17384.935893719445,4.555580670528361,0.2195109849484937,79198.477915803,0.1711780772615571,0.00398748,36642.08633657,36640.80119244,0.0,0.0,1778.90819973,,,,,,,,,0.022447045858161922,0.0528222587098328,0.02229822338641774,0.055270553704609066,36641.110842222224,36641.269304166664,0.0033259934347631566
9807,material_r_nocable,3,False,1.1818647215819484,1.257784607189063,84.91234456194856,1641.7261881094282,17037.66036763502,1.4954599464365936,0.6686905940763016,25479.138660788343,0.3693509392980758,0.0504737,9330.40184011,9251.78175643,0.0,0.0,542.80476239,,,,,,,,,0.2798958224998787,0.052834651584049125,0.2813623951759282,0.05531058967419067,9297.783715555553,9257.46611875,-0.002613008825283005
9808,material_r_nocable,3,False,1.1218371800764415,1.2186788859039337,56.82236648783204,315.0734369792737,11435.490468809348,4.230199046100667,0.2363954956024551,48374.400872850565,0.1693408240470663,0.01054828,11575.69718781,11571.57373001,0.0,0.0,557.79510884,,,,,,,,,0.05947546453053737,0.05282071886118247,0.05903049852059558,0.05527000010648775,11573.746902222223,11571.913010416667,0.0037547984800544976
9809,material_r_nocable,3,False,1.2781240413171715,1.2035376279807228,16.37089446722334,696.3102310067919,5427.649261956231,4.583378844231715,0.218179651734118,24876.972801160075,0.4781084901251462,0.02848442,8369.29567384,8347.18180297,0.0,0.0,416.64083016,,,,,,,,,0.15933608664681048,0.05284442399002284,0.15853824830756166,0.05527999319745337,8346.068162222222,8362.078431249998,0.0025099174469789794
9810,material_r_nocable,3,False,1.2367532404576116,1.2638451458115405,62.27343888622183,226.61963553825336,15220.668030129347,4.927393066053496,0.2029470729439759,74998.21411236146,0.4119097868436884,0.00291331,27828.3605427,27827.67186593,0.0,0.0,1379.43689511,,,,,,,,,0.016377228178947874,0.052825397082099365,0.016302929746373502,0.05526656646142542,27828.08088444444,27827.70929375,0.0022735028620165985
9812,material_r_nocable,3,False,1.3408599282147875,1.0560602336952996,38.49381952886265,1931.972954924326,13842.981184929284,3.3405514556464,0.2993517726870335,46243.190947801246,0.2978325639754001,0.07425903,6986.17110693,6800.72034587,0.0,0.0,425.52732274,,,,,,,,,0.4088768929710616,0.052855524310565366,0.41002072495658837,0.05531711499476338,6854.80257111111,6865.534333333333,-0.0013967948623680251
9813,material_r_nocable,3,False,1.2221853578490451,1.046124413238433,59.85880208174832,1688.7861255254977,6141.551735095921,3.466714264506088,0.2884575778968829,21291.005006259144,0.2172153963007643,0.17568704,3147.80835633,2718.13673866,0.0,0.0,136.16015485,,,,,,,,,0.9115426345156284,0.05301947047184466,0.9222714886568752,0.055680464953459595,2898.394757777778,2799.6059521739126,-0.005850567953248093
9814,material_r_nocable,3,False,1.0381926871952054,0.897301355267966,16.308150382085483,477.7591837140436,10644.460949424132,1.7304379938842656,0.5778883748127421,18419.5796513009,0.2175633130221103,0.01577441,1941.2143862,1391.75606588,0.0,0.0,56.79179729,,,,,,,,,,0.29669940344595624,,0.7958357502878955,1407.5981444444446,793.2719874999999,
9815,material_r_nocable,3,False,1.0736953502274618,1.274459570791277,31.749872709278893,446.22624709097056,12845.45083351961,3.6335856208228168,0.2752102480451671,46675.04544166332,0.2567184721148366,0.01098579,14807.13770103,14802.05381898,0.0,0.0,770.2637148,,,,,,,,,0.061759969823763916,0.052828390244152874,0.061331660376523094,0.055275094085257624,14802.115919999998,14804.84535625,0.0034795984629003946
9816,material_r_nocable,3,False,1.0789774553974731,1.3528506435574896,5.084281530434398,732.3369337824306,10087.652820389269,2.833146630064088,0.3529644351578722,28579.799593342344,0.20321068948462,0.02205462,11720.58331245,11706.1288922,0.0,0.0,636.69621367,,,,,,,,,0.12329141362129292,0.05285550045802896,0.12202889369567688,0.05527541129843811,11701.713113333333,11717.513725000003,0.005146414250919667
9817,material_r_nocable,3,False,0.9350045820772096,1.0700511027966502,23.339839254496532,498.2838915664132,7428.765299528038,4.04076866828402,0.2474776662789426,30017.92206636845,0.4613495450338025,0.07968112,2724.54792449,2594.50375165,0.0,0.0,119.5670759,,,,,,,,,0.46991877458706033,0.053459766324567705,0.42507305840481174,0.05549921763650896,2579.7568244444446,2673.6167333333333,0.05010740269252922
9818,material_r_nocable,3,False,1.0765749320214386,1.3667300684094157,50.44988909922998,863.5316568743797,19926.020933489923,1.6530508119888023,0.6049420820869322,32938.72508381139,0.2709941566131624,0.01906789,14251.82817667,14239.83363063,0.0,0.0,835.8874784,,,,,,,,,0.10735688838138054,0.052827161977006196,0.10662025386069814,0.055282566281396495,14244.715179999997,14242.433370833334,0.003442585095603452
9819,material_r_nocable,3,False,1.2204669941335688,1.072514479517331,78.32492134548104,1928.017407326283,17072.64005614414,3.765738732000924,0.2655521455862261,64291.10191693242,0.3649445518487277,0.06684915,8683.27561737,8465.49635419,0.0,0.0,466.95077347,,,,,,,,,0.3686676508900834,0.05285141482971648,0.37159451539274657,0.0553758239542895,8595.07854222222,8478.64909375,-0.0039538215458993255
9820,material_r_nocable,3,False,0.9280290341135888,1.2671169488224927,49.04229034779844,857.7957377655607,6050.080682403661,2.7470188100669795,0.3640309983809748,16619.685436985725,0.3825493584973302,0.05422184,5374.57588296,5326.60594403,0.0,0.0,308.35520033,,,,,,,,,0.30442465515652195,0.05291754245102151,0.30230090879599597,0.055471174423305056,5343.112073333334,5336.306062500001,0.003500340988915679
9821,material_r_nocable,3,False,1.30123650636737,0.8585741506320245,11.974088913830249,914.459470833542,2108.100637201047,3.915625024342208,0.2553870694418681,8254.531608856174,0.1259407517326497,0.28142409,1775.39581207,1218.18002875,0.0,0.0,72.8967599,,,,,,,,,1.1878906557751596,0.05274052169991202,1.586096432332719,0.05603051715227236,1293.326355,1074.3038953488374,-0.14354997478707562
9822,material_r_nocable,3,False,1.212463095725593,1.1427053390755253,57.94609764312102,1501.0746751621257,10102.470648268592,4.065949566470944,0.2459450083312159,41076.13615261312,0.2903744861775256,0.0659012,7785.85750407,7642.61783967,0.0,0.0,380.78889296,,,,,,,,,0.3650269090906414,0.05287518601423843,0.36630656347027757,0.055401347102215295,7714.067222222221,7664.130954166666,-0.0017497549717712141
9823,material_r_nocable,3,False,1.1980041079365908,1.2971048265912724,13.88673426896998,649.8019763013808,12314.83429846464,3.4181742432972504,0.2925538398052454,42094.24940948539,0.1117312019829385,0.01768835,13709.52980482,13698.1747538,0.0,0.0,674.50984821,,,,,,,,,0.09903836981975458,0.052843252207731686,0.0983709792680314,0.055277290056917734,13695.640788888892,13707.13533125,0.0033807444014538686
9824,material_r_nocable,3,False,1.306624430097171,0.9442827801985112,64.78584537596281,909.395183403206,3303.7291991656098,4.803472898002293,0.2081827088929528,15869.373670530827,0.1386693130771154,0.19755831,1779.15997824,1404.84078117,0.0,0.0,79.80713476,,,,,,,,,1.0593125040732265,0.053212009558414736,0.9856992132878426,0.05533141317350022,1366.040848837209,1465.0760869565217,0.0359965129590437
9825,material_r_nocable,3,False,0.8673213119301653,1.1918639037513268,11.37531915542117,1356.7975175993238,19109.18651185614,2.6587993662540588,0.376109612741816,50807.49298735371,0.1510605627007213,0.06621647,12123.86699211,11259.14002772,0.0,0.0,585.71801744,,,,,,,,,,0.1417749346071429,,0.06330348859089006,11092.164102222223,11282.157757446808,
9826,material_r_nocable,3,False,0.8209864489952614,1.3806548762185171,24.871734106978817,310.8179579460908,1637.088297358506,1.4849607800789495,0.6734184588678725,2431.0119151036065,0.163280979322594,0.09099892,1218.89471336,1189.87484859,0.0,0.0,74.95811671,,,,,,,,,0.5234890725616963,0.05336188307550213,0.48772241190736465,0.05568087757076004,1184.9438244444448,1198.9618297872341,0.0353701092240967
9827,material_r_nocable,3,False,1.027323322029286,1.1672200735661449,26.01446920638489,1352.8183270678517,18563.486966733504,2.9227657087381607,0.342141690321024,54256.72314097646,0.1067399413786083,0.05612819,9962.92814619,9823.03555855,0.0,0.0,465.473935,,,,,,,,,0.31686535932182797,0.05297356074700639,0.3087427536121206,0.0553757171968988,9809.147695555555,9895.36981875,0.012983536405265471
9830,material_r_nocable,3,False,1.094188529952882,1.2216940291296745,29.47847805331069,434.92846457294377,12214.59733994378,1.7334870375215925,0.5768719225208189,21173.84615733827,0.1007133049556869,0.03077869,4880.52535908,4865.37906112,0.0,0.0,254.83887869,,,,,,,,,0.1727068344659115,0.05285188422158404,0.171347436053737,0.05529473421447751,4865.39926,4874.242329166666,0.003951116229777671
9831,material_r_nocable,3,False,0.8204835399365603,1.0321975709838818,35.311987260528234,751.2672007102572,2672.590637247047,3.079539371508474,0.3247238886607131,8230.348091327203,0.4503432478107919,0.25036709,1485.54773189,1222.61253178,0.0,0.0,60.62308205,,,,,,,,,1.3724537826838823,0.05760556412774809,1.1535775200751712,0.05688906361855307,1237.3998268292685,1310.9760891304347,0.08664827802000863
9832,material_r_nocable,3,False,1.3510675611164444,1.1930826522853768,35.068653592600946,1645.0337811474992,8911.314469551855,3.648057937888864,0.2741184534417513,32508.99148767253,0.4574947096526638,0.04604078,11338.83268833,11259.76639202,0.0,0.0,590.81122388,,,,,,,,,0.2566517042114196,0.05284905065074839,0.2558612224189972,0.055295697679386864,11275.77832,11293.992164583333,0.0015423645948200474
9833,material_r_nocable,3,False,0.9978072531604936,0.9896900127703276,67.74235559847418,1421.4586875425268,1909.0886825032396,1.0791792028601737,0.9266301623953436,2060.248802573225,0.2132709599595306,0.50277285,1585.10733923,1122.43109635,0.0,0.0,27.72955653,,,,,,,,,1.6741651257629155,0.06486126096194024,1.6772231458769273,0.06762773577330343,1232.2176794117647,1245.0294000000001,-0.0009124636915064148
9834,material_r_nocable,3,False,1.3620758636335035,1.1911705134849164,77.82009119044447,524.9350318443935,13888.582334269544,4.718125793255979,0.2119485668290967,65528.07854307647,0.2344872681929008,0.01149821,15408.57315254,15400.68253604,0.0,0.0,766.93397477,,,,,,,,,0.06431771460631712,0.052832311437449826,0.06431452132137233,0.05527479672697842,15405.915826666667,15400.613020833334,2.4824919832565508e-05
9835,material_r_nocable,3,False,1.037865282869307,1.1837755661987486,42.95933370321762,1513.0077263698088,16430.61054595346,3.822733608803595,0.2615929076766013,62809.84714717908,0.4135891248144328,0.03710746,14535.96717603,14462.72662153,0.0,0.0,748.76365969,,,,,,,,,0.208493723982075,0.052860082446788706,0.20691408230611913,0.055332570001624934,14482.033595555555,14489.637889583333,0.0038026287711598085
9836,material_r_nocable,3,False,1.0134635601087647,1.0430940524191703,56.518458194026245,1521.1383633226262,3583.474318952916,2.933513225309105,0.3408881853241448,10512.169307203918,0.4459120915962883,0.25066408,2459.14660679,2052.82211412,0.0,0.0,81.69416372,,,,,,,,,1.1853995527536951,0.05400204544047055,1.2610807798555563,0.057305091136121325,2258.6381227272727,2129.0563325581393,-0.030934737587342342
9837,material_r_nocable,3,False,1.1492976929104424,1.115185497443374,6.864605940464043,1595.4545868262762,7677.958590093589,1.416054048272054,0.7061877343031181,10872.40434396722,0.4524920795744672,0.14556098,3273.12314677,3027.49467474,0.0,0.0,165.10915329,,,,,,,,,0.7790419330307545,0.05294825668777202,0.7700008875011639,0.05538337681960557,3079.1022200000007,3127.4248260869563,0.005836536866350833
9838,material_r_nocable,3,False,1.1563055553340496,0.889255947469577,63.76710900480064,1665.6987612826483,1819.6744589505192,3.738862114387587,0.2674610534985713,6803.511895088827,0.4331284556251424,0.3790668,2082.88684839,1485.8303149,0.0,0.0,40.53467217,,,,,,,,,1.5524332614063188,0.05285422049704451,1.5344697634954703,0.05511586463164714,1702.3474641025641,1610.6779476190477,0.005819262142651863
9841,material_r_nocable,3,False,1.2380146520022732,0.809725217028347,53.3715947910567,889.5636576242068,4100.898286586167,3.059271596238232,0.3268751951378323,12545.761647215097,0.4092085980771446,0.21974166,2298.08942988,1679.1335081,0.0,0.0,97.22203716,,,,,,,,,1.9359076556838237,0.05726861316087585,2.445096755063179,0.05692888484775631,1641.4288268292685,1687.3608955555553,-0.11622656624820284
9844,material_r_nocable,3,False,0.9839646256738516,1.0929542046340204,77.25508489476958,1860.9866054880476,7749.4496677187235,1.1768467553675217,0.8497283061189276,9119.914697338698,0.1853671004217905,0.27726341,2600.98545918,2159.29074915,0.0,0.0,87.65505348,,,,,,,,,1.2372397812650073,0.05320565195341585,1.4076113650539455,0.056599131697207,2436.447792682927,2132.1923795454545,-0.06441632226677772
9847,material_r_nocable,3,False,0.8231520518545389,1.153002112153918,54.14378915828615,1415.0889816920385,2873.329569823295,2.4573320090822497,0.4069454173485797,7060.724724569314,0.2461658290664682,0.26050002,2492.52494524,2166.05460178,0.0,0.0,121.152395,,,,,,,,,1.2210675251610592,0.058230571797438034,1.3364600058254894,0.055084609784043934,2271.7867447368417,2187.9089581395347,-0.04511876383200393
9849,material_r_nocable,3,False,1.2453250689269737,1.0967419460651329,49.36689229375441,597.0312183442084,2372.924847613512,4.406060390723273,0.226960121133484,10455.250181232956,0.1020598513830207,0.13770118,1506.14202818,1372.50056561,0.0,0.0,65.81038407,,,,,,,,,0.7379398980742305,0.05307427067682758,0.7406704150932073,0.055712951685073155,1421.55576,1406.017147826087,-0.0018466779209239483
9851,material_r_nocable,3,False,0.8300934122375632,1.3691454376459182,23.612069548057946,356.833895881846,7385.578997096287,2.809432535146498,0.3559437671094867,20749.28592533695,0.2126571429960289,0.01278163,9085.84056666,9081.31278833,0.0,0.0,587.13387802,,,,,,,,,0.07178406003749205,0.05282941297721646,0.0710982919789145,0.05526227006018648,9080.60166,9083.400910416667,0.004799529465324068
9852,material_r_nocable,3,False,1.1601415801176105,1.2449443800699438,74.07029071565073,1164.5793040478752,16016.824672030953,1.4374039166992518,0.6956986748000006,23022.646516662506,0.1764571030334644,0.05438272,6404.22603335,6337.04537133,0.0,0.0,361.10724339,,,,,,,,,0.30169856249546223,0.0528427935755802,0.30320052219262106,0.055337278486317115,6377.4428288888885,6340.483856250001,-0.002482992180312712
9853,material_r_nocable,3,False,1.3841493153137672,1.2549733214881365,85.49643829944368,1277.226195775664,12096.259523411049,2.068329599843588,0.4834819363778493,25019.05161966096,0.4133340982774905,0.0315869,11429.50464315,11394.64507706,0.0,0.0,665.8840692,,,,,,,,,0.17610012219950916,0.052834024288344536,0.17621334957946713,0.05527957239137241,11411.083642222222,11401.007768750002,-0.0003213824875507696
9854,material_r_nocable,3,False,1.375099163352063,1.315684580712054,10.83830737647508,370.9525618466807,12193.944451426349,4.854616632068195,0.2059894891378834,59196.92554441003,0.1777077829808167,0.00637417,21807.90979652,21805.5578214,0.0,0.0,1022.68308964,,,,,,,,,0.03566774934793162,0.05283582629153907,0.03553224301208428,0.05527607332377257,21805.169957777776,21807.389806249997,0.0019031790784774505
9855,material_r_nocable,3,False,1.2384265960538798,0.8846764696793818,32.26966115771565,394.4833879931072,5201.66770322678,2.402222475473784,0.4162811772056094,12495.563066637467,0.2130983865923632,0.11575684,2154.36802313,1630.48047037,0.0,0.0,84.82855166,,,,,,,,,3.5747718934791974,0.06606314225269892,2.9342155940263246,0.08785020156339104,1597.5599906976743,1610.288925,0.09841105097873788
9856,material_r_nocable,3,False,1.1894213277986196,1.3878137443337488,2.6989439123071564,1921.8593348204115,16948.418911561334,1.921604842044626,0.5203983556452637,32568.16384545697,0.3910568114817526,0.03281053,17548.66232157,17501.79645025,0.0,0.0,1024.52173192,,,,,,,,,0.18325377312186364,0.05284662723561882,0.18208314287366634,0.055273167516077755,17495.727215555555,17537.06395625,0.0032042484538070196
9857,material_r_nocable,3,False,0.828910393040047,1.04281781314264,87.25288761448456,1779.3101906829984,3450.642252786254,4.915577712617616,0.2034348877107845,16961.900152012753,0.3419864461424189,0.26121225,3398.13867867,2871.40336218,0.0,0.0,143.15727487,,,,,,,,,1.077687273852117,0.052830060093883746,1.7316404504960603,0.05780222263058013,3227.1885375,2671.258318181818,-0.23277924144491685
9858,material_r_nocable,3,False,0.9681130646959724,1.2706004015334142,7.733979362165767,1658.594839192568,8776.13578315677,1.8228852914284837,0.5485808705035747,15997.888834695668,0.2786814119525672,0.10749971,5463.39955386,5292.88550387,0.0,0.0,292.65907206,,,,,,,,,0.6121733036988068,0.05318516340278985,0.5627337385827184,0.05531307453706277,5241.264282222222,5418.27315319149,0.0420795546684978
9859,material_r_nocable,3,False,0.9907400536667366,0.9114106047824292,44.35030509397547,1605.057826150828,2038.71186895755,2.2028407621949047,0.4539592771125239,4490.957607310248,0.4962873945557481,0.42159218,1925.26836218,1386.52384479,0.0,0.0,31.52304195,,,,,,,,,1.6111974342363704,0.05377448651600405,1.598637045634771,0.056302984883170384,1519.933281081081,1555.4310097560974,0.003913095419831027
9860,material_r_nocable,3,False,0.8319600161973149,1.15170198853116,4.701843864925175,827.019906951175,15291.946664300653,3.841240228132632,0.260332585469703,58740.04069337028,0.3381261921728609,0.04546966,9993.93262955,9663.04433206,0.0,0.0,508.31997262,,,,,,,,,,0.13811822419595574,,0.055219875548531645,9601.667935555555,9770.38945531915,
9861,material_r_nocable,3,False,1.1018360344652551,0.9947981910485024,70.33742231848905,1410.8597505738114,4930.110432595051,4.654906377267775,0.2148270918795484,22949.20249332109,0.4575371545735269,0.19437191,2734.83223449,2249.58329489,0.0,0.0,97.80822255,,,,,,,,,0.9634927874207403,0.05306348655295355,1.0479268450867434,0.0564248288762705,2544.2817044444446,2245.995868888889,-0.04197734590108658
9862,material_r_nocable,3,False,1.2322563883050734,1.2740322716109351,85.84874048494635,904.258356487894,6324.338971422782,4.7747504605557625,0.2094350287540689,30197.140416511687,0.4317861878877712,0.02671889,12000.00021209,11975.73511389,0.0,0.0,599.11234537,,,,,,,,,0.14901717068713594,0.0528325325518898,0.1495146768985518,0.05528573263129568,11995.362013333332,11972.185393749998,-0.0016665096720478584
9863,material_r_nocable,3,False,1.3191823923961667,1.1623474791580626,49.46703025650552,518.5666569700968,4955.57629590981,3.397873782884944,0.2943016909683314,16838.422774958024,0.3644269761863415,0.03710777,4276.03317278,4253.11033842,0.0,0.0,230.72982765,,,,,,,,,0.207022155151084,0.05284126674465362,0.20681777785007371,0.055292710485480595,4261.207308888888,4259.718191666667,0.0004938559203993155
9864,material_r_nocable,3,False,1.3884424578721632,1.1473848586299005,79.25492546908744,1636.322146745753,5508.7848520132,2.3603487852911025,0.4236661997716874,13002.653633879385,0.2906614332299237,0.11825492,3954.26965101,3764.34976763,0.0,0.0,217.13780006,,,,,,,,,0.6407375175395933,0.05286411858764145,0.63725302671385,0.05528957152878197,3836.222366666667,3812.6502085106385,0.0027265388162780423
9865,material_r_nocable,3,False,0.8115807556489372,1.1156753761197329,72.01834218830355,1001.178695672132,3777.0912981640886,1.9584083692890712,0.5106187328861413,7397.087209893474,0.1318136062281213,0.24629011,2291.83484751,1891.48338812,0.0,0.0,101.73959819,,,,,,,,,1.2082644986339446,0.05477547688996875,1.7774655518766274,0.05842759330553324,1995.1241475000002,1806.4303533333334,-0.19064049448989773
9866,material_r_nocable,3,False,1.3686547821790898,1.1972351213767132,36.83366512016028,730.8411404943934,15479.278720276134,1.5873096661801005,0.6299967935094383,24570.40873819024,0.3094502527545621,0.02185209,8907.37567906,8892.58764847,0.0,0.0,553.91699483,,,,,,,,,0.12184627413222177,0.052834543589989194,0.12201814786920888,0.05527691788576277,8897.229686666666,8897.500741666667,-0.0007047921774587719
9867,material_r_nocable,3,False,1.108040950726639,0.986087830373406,40.78412330091796,1537.3554247771754,17292.097891145266,2.287483322276601,0.4371616572070818,39555.38553316917,0.2185433523525478,0.15716794,3087.6109732,2707.21116895,0.0,0.0,142.99841529,,,,,,,,,0.8364882813152328,0.05313563881382646,0.8392512008136861,0.05581489172838085,2831.1511511111107,2808.6947456521743,-0.001648776273351988
9868,material_r_nocable,3,False,0.878765705938882,1.0790788977643575,19.395402371798344,848.7823457854656,7543.412758671616,1.8616252953136576,0.5371650259143659,14043.00800453486,0.4598111115073094,0.17320372,2258.75682676,1960.73760015,0.0,0.0,94.46078327,,,,,,,,,1.0969760819022647,0.05484155935082369,0.8315002202845924,0.05601210063887801,1908.142668181818,2092.417428888889,0.13766094056568262
9869,material_r_nocable,3,False,1.1001308396572105,0.9351699406033296,16.4746846542199,1026.044225493828,5627.756523859036,3.7983158109938526,0.2632745800403426,21375.996584997574,0.2172942401176056,0.23487411,1812.04428196,1277.25871381,0.0,0.0,54.9949754,,,,,,,,,1.1799427710122214,0.053413466785206185,1.1694990365995876,0.05607977462731843,1392.5826333333332,1312.3647333333336,0.0044451981652824085
9870,material_r_nocable,3,False,1.0289668370385487,1.273898351727315,64.08955405154416,892.6585026805744,5408.529386795661,1.447354691185054,0.6909156449973073,7828.060380390923,0.3223665646989968,0.10417434,2753.81180917,2677.98922499,0.0,0.0,151.21308927,,,,,,,,,0.5645483213500935,0.052966514551075386,0.578546258786019,0.05572126883193656,2726.6116977777774,2677.3042042553193,-0.012245651129111898
9872,material_r_nocable,3,False,1.256111360804299,1.0537096745037748,40.72185765327225,253.60100527707783,11557.528907851578,3.133567588469526,0.3191250776525974,36216.29798844331,0.1526068010495006,0.019976,3351.45120735,3343.26304928,0.0,0.0,212.82485635,,,,,,,,,0.11129203632588151,0.052839038713533355,0.11156777115923054,0.055284398846279524,3345.754006666667,3346.05061875,-0.0012372568946396878
9873,material_r_nocable,3,False,0.826385915936538,1.0009515895603482,28.71906828958416,1121.8224749758442,6924.533181427195,3.319693237819707,0.301232652646175,22987.32597744204,0.4017828735739204,0.23566178,2881.05863155,2233.34598428,0.0,0.0,105.02470523,,,,,,,,,1.4897962899655335,0.05773974518233594,1.085439482338589,0.05707163896918997,2177.1392902439025,2398.4437431818183,0.15701739311626497
9874,material_r_nocable,3,False,1.108788696482092,1.213689602791142,83.462187237687,578.3474185669046,18582.333098043087,3.1973989588794285,0.3127542145539647,59415.13250123371,0.1706402000319415,0.01560822,13750.50142344,13739.39970136,0.0,0.0,682.31887829,,,,,,,,,0.08733923609557386,0.05283289411876856,0.0873900742874851,0.05527541006752869,13748.91396444444,13736.914616666667,-0.0002909540007901121
9875,material_r_nocable,3,False,1.2006674999659994,1.2643348378366457,55.84375540500602,1139.2182850207864,19543.90442638456,3.715280080934902,0.2691587116490994,72611.07881904201,0.3303702617908398,0.01627322,24325.98863655,24307.11042951,0.0,0.0,1242.10941191,,,,,,,,,0.09145163041045185,0.05282804498409182,0.09101771465628729,0.05527722372863823,24316.47273111111,24309.919660416665,0.0023780200121058703
9876,material_r_nocable,3,False,1.005167223826211,1.0024428450635887,13.165891653389744,1505.1622405732126,5859.750344699577,1.4654398745476305,0.6823889655034069,8587.111810016982,0.1807525534954753,0.30845616,1990.08470402,1518.79165883,0.0,0.0,48.69782613,,,,,,,,,1.4616329173499754,0.05338928075519559,1.3543307670599545,0.05568070267691592,1558.7497025,1735.3305590909092,0.03810494818668284
9877,material_r_nocable,3,False,1.2403910516007672,0.9169414325040282,44.10231848968488,1408.2557899179535,3373.682375646506,1.8451309707326715,0.5419669475294301,6224.885836720342,0.3773887794825615,0.26466567,1783.70009538,1530.99222625,0.0,0.0,80.02511388,,,,,,,,,1.2543450432688095,0.05327045274150751,1.2634527157462687,0.05506932498712406,1609.77326,1615.9786863636364,-0.0036173169369338163
9878,material_r_nocable,3,False,1.3465313279736024,1.2393255322373518,71.22759487018567,1079.687035972957,4971.727483042507,1.7225393176583534,0.5805382726238234,8563.996066223322,0.2473748248993382,0.09578799,3208.1332427,3111.73722791,0.0,0.0,179.50138164,,,,,,,,,0.5233401926284829,0.05284977066358766,0.5241434879557892,0.055311587073598005,3150.3273800000006,3135.649645833333,-0.0007668809950894114
9879,material_r_nocable,3,False,1.3353954158746255,1.263013926797207,75.43361862014905,1716.581823885638,3209.0917017099137,3.4132030821962926,0.2929799299713893,10953.281687326824,0.1448534521200561,0.15709633,4049.29484394,3795.99753675,0.0,0.0,171.41524522,,,,,,,,,0.812280937518109,0.05293815594094616,0.8490742888499565,0.05567570298263578,3964.803431111112,3780.4825282608685,-0.022146588970188168
9880,material_r_nocable,3,False,1.0151323513530186,1.012713792708639,66.18463429729837,763.9258356900294,16709.135635787454,3.352026970418396,0.2983269552497608,56009.47330353867,0.3119019615980571,0.11366021,2439.88329852,2101.50589666,0.0,0.0,101.05065924,,,,,,,,,0.6037932592846169,0.05308459356933261,0.6567457663700974,0.05661758128043429,2322.6774355555553,2100.1296744680853,-0.04200782840339065
9881,material_r_nocable,3,False,0.9110992764880518,1.307383125930968,41.34813290342896,1314.807396880797,16729.21011584504,1.9196468547179757,0.5209291477452058,32114.175580798063,0.2851523245407451,0.03952026,11489.18132274,11433.9546512,0.0,0.0,672.11559937,,,,,,,,,0.22289721343759536,0.05288076615393184,0.2201942887916884,0.05537502186477308,11440.819104444447,11448.69275625,0.006100150041939412
9883,material_r_nocable,3,False,1.309933028164801,0.9227290109822486,62.79968568148965,1796.652322505162,9122.071875076606,3.8383184212420094,0.2605307559856949,35013.41651800019,0.2863535921991137,0.15647509,4186.03688723,3670.20151873,0.0,0.0,215.56471226,,,,,,,,,0.8668967031927021,0.05322484063148668,0.8050949170629078,0.055304202536366635,3597.341584090909,3757.6615260869567,0.03696297599885468
9884,material_r_nocable,3,False,1.39227769253242,1.2800127025102377,30.914889829884626,1954.4189372574435,4752.19973571293,2.55639833309477,0.3911753450368598,12148.515482909945,0.3918285104097548,0.10141236,5983.80862857,5815.99741278,0.0,0.0,308.82475782,,,,,,,,,0.5552095682462704,0.05289687448043114,0.5511092346470506,0.05534626970540468,5847.812066666666,5889.00350425532,0.0037062857365312077
9885,material_r_nocable,3,False,1.1237345824334048,1.3456841822538483,71.14731846798846,614.4875398147542,15588.820172119847,4.666145459248718,0.2143096499527056,72739.70246118185,0.2028832166252948,0.00782429,29519.4065271,29514.74872815,0.0,0.0,1515.32448419,,,,,,,,,0.04414064509227121,0.05282455977381544,0.04379776234254855,0.05525789959464759,29517.99970222222,29514.031320833335,0.003899123940546768
9886,material_r_nocable,3,False,0.8143800956948098,1.2599590976091708,33.57775494813662,1010.8477094120398,14545.210537555891,1.5699813649184822,0.6369502354264713,22835.70949277869,0.1196032000245089,0.08553212,8323.82713921,7401.00258765,0.0,0.0,421.42126135,,,,,,,,,,0.14037662115446964,,0.10872488491344062,7288.029104545454,7394.285348936171,
9889,material_r_nocable,3,False,1.378686085265462,1.3676578061515192,74.09287068219156,516.9458353428045,1118.0993055772894,1.6437841788776015,0.6083523693985263,1837.9139489219813,0.302555013538774,0.13765609,1138.26113762,1084.92794393,0.0,0.0,58.37071718,,,,,,,,,0.7302565371149585,0.05286255907841867,0.7402191951728972,0.05538975090850359,1110.4093933333334,1092.2420608695652,-0.006775125790371401
9890,material_r_nocable,3,False,1.0008624840763714,1.0918613614593906,83.10713782291663,1823.0638741232667,4657.292804454417,1.9433592308566583,0.5145729024886392,9050.792962338784,0.3760523260649097,0.26115821,2720.32704785,2299.69018626,0.0,0.0,95.92880327,,,,,,,,,1.1648685044241358,0.052961922875396986,1.3724377399991412,0.05651497615275638,2589.776512195122,2245.7131355555557,-0.08180693049221786
9891,material_r_nocable,3,False,0.8805791318857177,1.2593612015293518,81.8845161102238,1056.4825825015275,19743.85499612583,4.361318735661099,0.229288447052338,86109.24470877957,0.2142028553371225,0.01546781,25277.32949484,25256.34040578,0.0,0.0,1426.32197326,,,,,,,,,0.08762382656844728,0.05283998548850256,0.08662878957198407,0.055262545576445596,25271.02010222222,25250.81237916667,0.005710313098893742
9892,material_r_nocable,3,False,0.9467858240428272,1.036903691841036,17.231873864068955,620.1674342480818,6859.292203937301,2.548641851496896,0.3923658396383428,17481.879182600984,0.2409570144636937,0.16843991,1795.96470058,1501.9147921,0.0,0.0,64.61939306,,,,,,,,,1.0568357383434497,0.05462207219943932,0.8153909858982042,0.05590189432997278,1444.510104444444,1645.5930511111112,0.12896127873777827
9893,material_r_nocable,3,False,1.3966070301916091,1.1582329621090297,7.834279054682312,830.3021811609933,1239.9316866069464,4.867156067982608,0.2054587907255028,6034.941032352908,0.3575474904424934,0.15424439,1964.98120435,1825.38251468,0.0,0.0,81.62753655,,,,,,,,,0.8294042069236383,0.05297117482234277,0.8008774924508678,0.05528660412131704,1824.6193844444444,1911.4316347826084,0.017498027784839488
9894,material_r_nocable,3,False,1.374283921161638,1.2934087458314592,25.960543509958526,1355.757599074676,12031.132850420256,1.3553041030330046,0.7378417860332027,16305.843716309744,0.4970877161091905,0.03353608,10964.93879125,10930.77080046,0.0,0.0,664.8687757,,,,,,,,,0.18693214585758314,0.0528348286942883,0.1869293683686018,0.055277200993127155,10940.473955555555,10943.090722916668,7.429192028727072e-06
9895,material_r_nocable,3,False,1.333355738962798,1.0915834391962302,89.55333205314602,292.04730647449827,7588.452921038541,2.577648949812927,0.3879504228349539,19560.36770261983,0.345907101919118,0.01971849,3925.67939234,3918.89571647,0.0,0.0,246.02466816,,,,,,,,,0.11013072894085718,0.0528360723286305,0.11002632397624755,0.05527867737457803,3921.439066666666,3920.76253125,0.00047422947948409376
9898,material_r_nocable,3,False,1.2170877688063633,0.993149675107414,78.97298016634622,887.3834133304746,2475.699063647862,2.301927573708835,0.4344185331551563,5698.879938816159,0.450722084457963,0.20976412,1351.51047566,1158.94833088,0.0,0.0,58.64778085,,,,,,,,,1.0774438120423322,0.05301972577423521,1.0424162453004895,0.05535730778859721,1219.6542363636365,1215.3781282608695,0.016523527871810873
9899,material_r_nocable,3,False,0.9754063165149356,1.0501435140620092,9.157480286959585,1523.0740633565142,14911.480496597143,1.8383032048247,0.5439799035194305,27411.82238557553,0.1793248682384672,0.18555519,3450.48467042,2934.11107164,0.0,0.0,127.82504686,,,,,,,,,1.0943632362165485,0.0540029908579406,0.8941411151105041,0.055580448181660545,2798.9802200000004,3273.1706333333336,0.10068980788119662
9900,material_r_nocable,3,False,1.280745890457052,1.0833096021153672,29.045575350251088,1788.8545904437235,6031.431826114294,2.6290305232133875,0.3803683491577455,15856.81836953514,0.3742486126223766,0.14223388,3787.2004007,3500.67873501,0.0,0.0,190.69379657,,,,,,,,,0.7588008936698261,0.052907469540270015,0.7573808866291606,0.05538012155763487,3567.975922222222,3609.023695652174,0.0009365678041490846
9902,material_r_nocable,3,False,1.0972271669324196,1.0089717626857269,65.62270283744103,885.2706274182519,10859.819691730683,1.8843930598387035,0.5306748476804494,20464.16885819699,0.3567465907026542,0.13244196,1987.85343409,1772.97582934,0.0,0.0,99.75117307,,,,,,,,,0.7151058313335474,0.0530389582513703,0.714189636661978,0.05563725233765702,1841.9333177777776,1839.037778723404,0.0006410113878373511
9903,material_r_nocable,3,False,1.3274914188343927,1.2957645889519671,24.311289780348,1194.3055987832656,5731.45879277743,2.550038844758645,0.3921508890170053,14615.44255871594,0.4494197019300329,0.05024241,7269.91240113,7219.03235878,0.0,0.0,396.17565315,,,,,,,,,0.2800487858409145,0.052854556252885466,0.27854058527487024,0.05529399121469803,7224.21231111111,7245.9975583333335,0.00270001658469019
9904,material_r_nocable,3,False,1.0093063064318617,0.988206498323242,41.93883644529346,1040.5334631106402,3788.887902142973,1.036335381227493,0.9649385885248314,3926.5585884955744,0.1569745560556097,0.34657302,1280.45629453,957.92798923,0.0,0.0,26.7458301,,,,,,,,,1.49409068618095,0.052897402228069705,1.491170627529378,0.055243251363446697,1044.2766550000001,1050.4780428571428,0.0009781584741547428
9905,material_r_nocable,3,False,1.3966625473992953,1.3816520490111293,84.56936860321532,1249.2051089501444,9544.668546692868,3.3335965657202853,0.2999763109558914,31818.07428819377,0.2902309236944531,0.02594538,16133.92263509,16106.86185517,0.0,0.0,827.86208982,,,,,,,,,0.1447888163468884,0.05283244617055066,0.14507378252376987,0.0552789873748533,16126.420517777775,16105.142689583334,-0.0009831077827623983
9906,material_r_nocable,3,False,1.1802376384411604,0.9010341206484545,22.770088499287265,1008.270040052756,9365.692379049353,1.050486289878567,0.9519400773099066,9838.531439411525,0.1719836159607719,0.17268368,2814.74124479,2493.95935376,0.0,0.0,126.16241518,,,,,,,,,0.8377073176521884,0.05282794531981193,1.0380732292843875,0.05631123518927685,2579.4007071428578,2428.9479066666668,-0.10681735236002204
9907,material_r_nocable,3,False,1.1617242915901276,1.030487515325298,30.76597286119697,583.5547297663325,15908.720053607303,1.350970400922672,0.7402086672787429,21492.20990898841,0.4079490701074053,0.04862169,3337.77369999,3297.00929866,0.0,0.0,200.53260764,,,,,,,,,0.26937055388311165,0.052850213817892386,0.2708551265069842,0.055324543939303,3313.5998244444445,3307.156185416667,-0.0027480600751902794
9908,material_r_nocable,3,False,1.3999133409284692,0.8351948927261232,26.32176075224401,238.92187969202556,1501.6922063202871,4.108938036950592,0.2433718861193001,6170.360226341684,0.4003132978175858,0.11651739,960.48307357,821.35753077,0.0,0.0,50.05747343,,,,,,,,,3.351218977832398,0.06642587494037457,2.4247371656066066,0.0817756637645527,815.0675522727271,799.8402617021275,0.16040319372545722
9909,material_r_nocable,3,False,1.3083034717666209,0.9281779203786228,78.46307166098606,1030.7620182322662,14006.31659274799,1.4042687871992987,0.7121143823145281,19668.633214827634,0.2543383434737465,0.07233376,5173.38869775,5074.24477109,0.0,0.0,288.68830722,,,,,,,,,0.4093423895315975,0.053047288587731584,0.3882925745465342,0.05523088143164921,5045.8207088888885,5117.147375,0.02639028619989305
9911,material_r_nocable,3,False,1.258090210222937,1.0890902526861843,37.61112823449281,925.2723371070476,13854.69405716874,1.638844047203896,0.6101861868468473,22705.682881422188,0.4645041329836903,0.0405313,6093.00686728,6052.92257979,0.0,0.0,377.16468793,,,,,,,,,0.22529522690114648,0.0528390461980779,0.22573135795305535,0.05528655553461809,6065.718448888888,6066.075981250001,-0.0009669741575207932
9912,material_r_nocable,3,False,1.0904300235766513,1.2348365134764543,88.99164031459561,1946.1690326148348,7921.13655598312,3.678327493316461,0.271862688087726,29136.534372186776,0.1039289162907395,0.09711956,8154.65974782,7924.00323979,0.0,0.0,377.07580515,,,,,,,,,0.5180112554262801,0.05280550754615692,0.5495440443857641,0.05560522975597742,8099.529033333333,7863.756627083334,-0.02953738224618031
9914,material_r_nocable,3,False,1.1680719503426853,1.0819474618131115,63.81264994843072,1426.0478971717307,18394.8204906103,1.0306810709108316,0.9702322359682825,18959.19328247473,0.2182624979289835,0.10330335,4042.40562155,3852.37442508,0.0,0.0,220.62650209,,,,,,,,,0.566847910272371,0.05291074156641959,0.5602314262055755,0.05530975554867359,3887.0529533333333,3938.3989489361697,0.005870468788356635
9916,material_r_nocable,3,False,1.1685857149767385,1.00642958821578,32.96756912119261,1637.50270529278,14985.347288988409,1.056330706273676,0.946673228432042,15829.48248553344,0.3426073305482847,0.13982016,3693.7077047,3448.59083054,0.0,0.0,187.95185418,,,,,,,,,0.7371148324210823,0.05285617696289547,0.7595211922190654,0.05549847909659056,3565.7048,3488.104141304348,-0.014971148247865083
9917,material_r_nocable,3,False,1.2283980072206109,0.975123938573174,68.3528150010016,247.9085287456912,11352.986508757953,4.383194826127876,0.2281440911636141,49762.35172628744,0.3541676492705358,0.02769505,2723.58651519,2716.19277582,0.0,0.0,162.13257798,,,,,,,,,0.15423927732698622,0.05285556917088025,0.1540671068647074,0.05530002050368966,2715.0995022222223,2720.8429333333333,0.0005584394975479207
9918,material_r_nocable,3,False,1.3572707515623934,0.9006813660732496,85.77060110080758,1305.6664868086823,12006.178155918238,1.6834010959234091,0.5940354930394424,20211.21346552446,0.4738961028765439,0.06975468,5267.44678965,5206.97727974,0.0,0.0,351.3642654,,,,,,,,,0.39220986524681056,0.05298181448651165,0.3774408478012491,0.05524719591647332,5187.740748888889,5259.0692104166665,0.01918924675203834
9919,material_r_nocable,3,False,1.1040893228024553,0.9109470107603316,80.62398606876417,1597.464052886005,7067.696280599835,3.1141940488699715,0.3211103689453339,22010.17769626444,0.2000150264976013,0.27038487,2724.90879793,1850.30121299,0.0,0.0,77.66637586,,,,,,,,,1.3495661899276195,0.05336798947647597,1.2556920219961227,0.055755395091472,1796.8790642857143,2068.949579545455,0.03603257730917172
9920,material_r_nocable,3,False,0.8888511863903559,1.1015088296816646,17.56626519874712,449.9603010356758,11182.176561242975,1.6982510101975556,0.5888411041685004,18990.14264133832,0.3813631233671734,0.09776773,2651.88507208,2330.83885078,0.0,0.0,109.15131096,,,,,,,,,2.934332787686467,0.08461214555967744,0.8228772146029735,0.05586831020473122,2284.603417777778,2391.791206382979,0.5619743298343417
9921,material_r_nocable,3,False,1.3387638982525014,0.9370998638880516,63.54273437371468,978.5870222804872,2933.2818173790847,4.935827754408992,0.2026002627637759,14478.173805722934,0.4270879248748035,0.16936343,1645.0857699,1462.03973208,0.0,0.0,90.75365095,,,,,,,,,0.9019975354287482,0.053027160067549164,0.873638439555685,0.0553386717630364,1510.9399545454544,1521.2632108695655,0.01597123299628563
9922,material_r_nocable,3,False,1.1989774137125064,1.030845471375205,22.78219101432996,1784.4592113454592,17508.81981143295,4.447887131449612,0.2248258488686267,77877.25432614263,0.2540963754314033,0.08864555,5837.50369045,5484.11692856,0.0,0.0,317.55653173,,,,,,,,,0.49057679659184206,0.0529627825119114,0.48486535454874125,0.05540345664364108,5524.451771111111,5666.936416666666,0.005855233994576131
9923,material_r_nocable,3,False,1.129073036560455,1.0856801618633614,70.73992426252379,266.89739210603443,17864.99843897981,1.792488882212405,0.5578835160002419,32022.81108261328,0.3434689035395529,0.01757642,4173.59951145,4165.43582243,0.0,0.0,250.66548633,,,,,,,,,0.0982119582648637,0.05283528113466693,0.0982233710588113,0.05528203539205432,4169.164862222222,4167.0222020833335,-5.8099497615314704e-05
9924,material_r_nocable,3,False,1.3718096887198072,1.2887491054617792,75.42987270731618,1541.67446329063,6980.739095271182,3.005454532850294,0.332728374051171,20980.29395652804,0.1041161630022183,0.07383115,6925.94734413,6810.81625363,0.0,0.0,346.18560171,,,,,,,,,0.4061788434121029,0.05284754330821397,0.4096873927638488,0.05535506500591038,6884.266488888887,6812.2828083333325,-0.004300397781125018
9925,material_r_nocable,3,False,1.285356689539484,1.3883231106077067,48.43235925616447,663.9498321970046,1997.0936693050576,3.69768757264685,0.2704392895163362,7384.62844240101,0.4658680331869903,0.04841545,4570.79595708,4545.63004476,0.0,0.0,240.5017786,,,,,,,,,0.2705675429678551,0.05286617479278852,0.26942049391347495,0.055344598701342805,4554.8082022222225,4552.611747916667,0.0021242119751483644
9926,material_r_nocable,3,False,0.8250461724632329,1.1210707364458925,15.63872013289843,1046.6713299202904,13763.783327424526,1.198378111355923,0.8344611692452684,16494.216669031146,0.4124012228600403,0.16092783,3777.81238093,2966.64241191,0.0,0.0,151.22722428,,,,,,,,,3.0704796987065404,0.07034610264134157,1.2786638161413157,0.057099910932380225,2833.0026799999996,3160.200404545454,0.41199281569992213
9927,material_r_nocable,3,False,0.8520610577369545,1.2544169374224194,3.465766394275969,1834.8621967288327,7463.188712491051,3.0915466415194657,0.3234626922880612,23072.79599912769,0.3446525868739092,0.08898384,7270.5952155,7090.88931269,0.0,0.0,418.84501117,,,,,,,,,0.5102409443407028,0.05315531723186898,0.4662856162333804,0.05525269672306833,7030.680371111109,7223.567782978722,0.0450119125090482
9928,material_r_nocable,3,False,0.8747481122830774,1.025013235914013,17.420311175845878,1634.6341260043537,18980.458828164905,3.457402480618881,0.2892344775031798,65623.08543578189,0.1315859486690484,0.0238604,4643.7071845,2829.54815961,0.0,0.0,114.78303814,,,,,,,,,,0.5591565539862523,,0.39921165559477256,2773.08232,2886.99364375,
9930,material_r_nocable,3,False,0.88586578071368,1.1849935575084063,25.705152404874703,1746.412079976365,9561.52407299252,4.8858146581599,0.2046741577333228,46715.83447017561,0.328316963266569,0.06629564,10172.12667097,9983.5834149,0.0,0.0,534.57361189,,,,,,,,,0.3769761338526047,0.05309874571512916,0.36155292698113417,0.055484060295873425,9963.358584444444,10087.450208333334,0.020883683106605162
9931,material_r_nocable,3,False,1.2090016566253896,0.9635319973749656,68.33968699106144,779.3654836162981,5617.995950306568,2.994359573451148,0.3339612279254259,16822.29995741025,0.3923865041604064,0.13755558,1661.75028545,1537.37302648,0.0,0.0,90.51866686,,,,,,,,,0.7496427287916353,0.05307241172144333,0.7279152066643321,0.05544774157136423,1557.6707533333333,1592.2927499999998,0.014705022121923234
9932,material_r_nocable,3,False,1.1711934527636363,1.2322235211028414,14.47995702628553,525.4392092417116,3796.812962012272,4.622937705694342,0.2163126703542298,17552.42980355555,0.2986566055354985,0.03884067,5010.2406716,4986.9998749,0.0,0.0,243.549773,,,,,,,,,0.2175348631666454,0.05287027452819476,0.2150154500096562,0.05528897001927072,4982.725346666667,5005.348679166666,0.0058245551563439035
9933,material_r_nocable,3,False,1.0946926739858345,1.2867065185455109,8.503426431304437,1218.4352909661288,10844.361859374569,4.284163900632862,0.233417773734632,46459.02360333239,0.1677646567224244,0.03108507,15152.56916828,15110.56550464,0.0,0.0,756.00898384,,,,,,,,,0.1740063586911955,0.052869705366119284,0.17161122784764107,0.055279384441751636,15098.34930444445,15143.019285416667,0.006930002803214641
9934,material_r_nocable,3,False,1.1354940987784348,0.9187951519680816,71.09714095822342,1388.4612370912969,2767.998518149356,2.098464186295468,0.4765389881470191,5808.545758055348,0.3448364741331624,0.33615424,1657.32795703,1265.43287495,0.0,0.0,45.45827617,,,,,,,,,1.5197773771270249,0.05298408736406103,1.4107013461453122,0.0548797966405199,1352.00255,1397.8483595238094,0.037221232870755086
9935,material_r_nocable,3,False,0.8030523791438318,1.3130234813749757,68.52942183162902,1999.1203887714848,18916.089149371543,2.196089866039077,0.4553547718899249,41541.431686026604,0.2891595403022753,0.04403045,15358.37265098,15263.67470833,0.0,0.0,965.27018134,,,,,,,,,0.24928009192239264,0.05287044142619345,0.24765757557149742,0.05543988596683427,15312.31705111111,15247.903241666665,0.003265029916282547
9936,material_r_nocable,3,False,0.8983668212736179,1.1758333854805911,60.594926926627856,276.79495619548743,13037.607643975736,4.642168609905045,0.2154165615325322,60522.77295312224,0.2695272035019042,0.00959895,11611.25304961,11606.42816473,0.0,0.0,600.76278537,,,,,,,,,0.05451973339118631,0.05279613655149776,0.05375666641595182,0.055255019862741755,11608.857377777778,11606.270291666666,0.007047398847705175
9938,material_r_nocable,3,False,1.3499920158506165,1.3353822744311583,32.00879699198898,707.7417492896504,8334.594444505128,3.5103403649141622,0.2848726607809875,29257.263303735683,0.3710243900554854,0.0168164,14007.21277154,13996.8015211,0.0,0.0,723.4843029,,,,,,,,,0.09426150646077103,0.05283348683189162,0.09388369191041329,0.05527808605558716,13998.07767777778,14002.06946875,0.002008100943465802
9939,material_r_nocable,3,False,1.149994247774044,0.9423454254899342,49.17865699289444,1216.4243291919556,4938.370201504831,4.378803010474069,0.2283729132386193,21624.15030518479,0.2248508033513012,0.23407073,1831.98560078,1465.05968351,0.0,0.0,66.50185916,,,,,,,,,1.168126146728986,0.053250105157282665,1.1672518035233246,0.05597577443906101,1545.5888690476193,1551.3136466666667,0.00037439045168985376
9940,material_r_nocable,3,False,0.929744968846732,0.983822195019016,64.67145955616337,1344.8005443883435,2809.2389996130514,4.207066306046926,0.2376953266846957,11818.654740905042,0.1381909931693697,0.32670315,2293.82197381,1793.25843001,0.0,0.0,70.82358958,,,,,,,,,1.334651543872464,0.05606805934476867,1.6530926753934239,0.057072999293195564,2062.266802631579,1762.3115119047618,-0.10658246093074304
9941,material_r_nocable,3,False,1.1224814206479872,1.2619401150613796,80.14466671163353,564.4972413531767,6211.375256939206,4.2359932898860375,0.2360721397712373,26311.34390935864,0.2505441054967349,0.02617899,8047.82203588,8032.14774127,0.0,0.0,401.96964476,,,,,,,,,0.1464543301116525,0.05283347527741044,0.14659905359689274,0.05529009150364446,8045.50063111111,8028.755989583333,-0.0004938468323033736
9942,material_r_nocable,3,False,0.8088136790321098,0.8564665818211781,78.27651513508737,1653.3881404270646,2531.678335799509,2.077382668579707,0.4813749604851057,5259.264697208617,0.4514042066136629,0.503822,1989.90276728,1422.28949385,0.0,0.0,51.82499669,,,,,,,,,,0.054277855813640065,,0.14567854081349102,1704.9066676470588,1442.05232,
9943,material_r_nocable,3,False,1.344863587511442,1.3556046804884967,17.855394300606044,1237.3501584694015,3268.396273635063,2.4174603400749413,0.4136572515472994,7901.21836716149,0.3245746858103486,0.09480577,4157.04802907,4063.90940357,0.0,0.0,215.11354886,,,,,,,,,0.5232269328931252,0.052915679840117864,0.5143111792468517,0.05533020759713835,4066.0534088888885,4120.19804375,0.008593181823349404
9944,material_r_nocable,3,False,0.8369501455801902,1.267792493197338,4.815846701209283,1296.7180702634198,18199.04562374884,4.418822044507129,0.2263046553873022,80418.34399121237,0.4592993310502967,0.0157715,26193.20649658,26171.01746831,0.0,0.0,1649.67991958,,,,,,,,,0.08814970362131494,0.052866841479426996,0.08689657896008562,0.05527490664546666,26163.74044222222,26189.657264583333,0.007158819043452601
9945,material_r_nocable,3,False,1.3321308406007863,1.3406587436430613,49.66905416234583,203.9154791715352,15787.819555827924,4.675942188543633,0.2138606423428557,73822.93152621,0.1455675096744832,0.00270497,28806.61348183,28806.09682127,0.0,0.0,1357.47172445,,,,,,,,,0.015223025141146998,0.052822659928930545,0.015132342500129958,0.05526863049692586,28806.296666666665,28806.21968125,0.002987367574943493
9946,material_r_nocable,3,False,1.0374980766768014,0.971682853623106,7.579221548908707,1754.8895210241292,13051.62789975789,4.5762946640255215,0.2185173974615422,59728.09511450866,0.4927884850038347,0.17841936,3628.97079198,2843.52008704,0.0,0.0,127.54188392,,,,,,,,,1.0311814739385448,0.05398033255299116,0.8738389308376792,0.05555730118877169,2790.6844822222224,3379.9152065217395,0.08259362613984603
9947,material_r_nocable,3,False,1.216661151125647,1.06982863395867,89.12817117439833,1119.3202264005245,19676.643623777312,2.0087510967869453,0.4978217568117466,39525.47946034853,0.3187237142245549,0.04986193,6040.07691446,5961.84951184,0.0,0.0,368.56572455,,,,,,,,,0.27734613511586564,0.05285399198885149,0.2768283646909389,0.055302838211126866,5988.780873333334,5985.665289583332,0.0009343093648430913
9948,material_r_nocable,3,False,0.9692910570734824,1.004447739627223,4.4895760485382015,1974.1871156092336,12204.907205740024,4.043890394873693,0.2472866231161129,49355.30701961681,0.2856026076228224,0.20087138,4425.83963429,3642.15559604,0.0,0.0,146.20149217,,,,,,,,,1.2548485474307807,0.05453414133575828,0.921118251287809,0.055393933684759,3394.3693822222226,4252.001355555556,0.15337104239802873
9950,material_r_nocable,3,False,1.395760528087795,0.8343154570829274,21.17138666254362,960.3802446767164,14024.661964343792,1.1575802686938992,0.8638709790106414,16234.671965026197,0.2231779693728248,0.06315766,7241.83978769,6973.14050276,0.0,0.0,435.05660779,,,,,,,,,,0.06093561797668795,,0.1180394491664573,6975.049882608696,6902.352453191488,
9951,material_r_nocable,3,False,1.1235402588873806,1.188261711132819,30.968506924687595,1703.152805354201,12673.762265032428,3.605402822215537,0.2773615180634643,45694.01823843669,0.4416226530748618,0.04774756,12151.78739009,12053.82078041,0.0,0.0,623.56558267,,,,,,,,,0.2673721416954769,0.05287889187193154,0.2647638581837615,0.05532159575973525,12060.838471111112,12108.188604166668,0.004901535532847427
9952,material_r_nocable,3,False,1.3880845321386088,0.9367368143803716,30.87737676420784,1968.7125331036027,15824.202717833632,2.941446784827983,0.3399687545455562,46546.050206837965,0.2815588686293154,0.08390947,7487.10654211,7281.73701803,0.0,0.0,456.42562103,,,,,,,,,0.4536147002613692,0.05284596226068895,0.4691476035860198,0.05547984626688443,7326.873304444445,7261.091916666667,-0.01683304926944603
9953,material_r_nocable,3,False,0.8465156995227696,1.325180343424002,37.36766582085634,845.4733600917344,1786.4987198552265,2.8053145246349835,0.356466268298424,5011.690807051671,0.4030058586342439,0.12097745,2236.80127842,2155.50138348,0.0,0.0,139.00521598,,,,,,,,,0.6726858866818921,0.053862478953011675,0.6481668972604159,0.056508188449165775,2165.0266204545455,2187.6607282608693,0.018562999389148557
9954,material_r_nocable,3,False,1.1942505185863106,1.1039174203387725,37.92605848739455,1587.0945217648175,2004.695111614811,1.3866684545271486,0.7211529163551919,2779.847472221039,0.4856457301355178,0.30625478,1946.79609397,1600.96019306,0.0,0.0,58.68341595,,,,,,,,,1.378274970749799,0.052805777182202446,1.377380269417908,0.05513672500058094,1693.0843825,1708.2972931818178,0.0003246782539591223
9955,material_r_nocable,3,False,1.0692528935613588,1.187533512529731,14.12232291984541,1914.34680472971,7283.691438481937,1.6178244840590614,0.6181140227838791,11783.734343507444,0.3299972914725495,0.17254632,3723.48760836,3419.43242149,0.0,0.0,172.37854994,,,,,,,,,0.9415041740795248,0.0532735675390869,0.8686153661081709,0.055461037913908065,3404.9353800000004,3617.9595130434786,0.04026740022031687
9956,material_r_nocable,3,False,1.182888574535211,1.216656580178034,11.218453546083758,1891.23106759329,17844.16180587972,1.6291674110473502,0.6138104612325418,29071.126891595075,0.3558021096631933,0.06059828,9039.30546076,8921.0290619,0.0,0.0,515.4263913,,,,,,,,,0.33718398562100316,0.05286804578191975,0.3344612651764526,0.055289167823940194,8928.340382222223,8988.458508333335,0.004053807335521011
9957,material_r_nocable,3,False,0.9860992610658654,1.1622203027812292,45.14607093921628,1539.8827833026223,14406.501939088286,3.6282309904586,0.275616409933592,52270.11679950203,0.152241728270751,0.06773074,9687.84464364,9502.41495124,0.0,0.0,452.64307656,,,,,,,,,0.38092318833790406,0.0530188298408617,0.3765253090169496,0.05562983575605995,9543.606346666667,9545.984379166666,0.005806176045384821
9958,material_r_nocable,3,False,0.9194834871343248,1.1497674643992573,73.47299300348831,533.2276544934402,8748.591431564935,3.211618244282441,0.3113695103022513,28097.13585338699,0.340091731043092,0.04603591,4714.54103185,4666.93503457,0.0,0.0,234.40698732,,,,,,,,,0.25720371515402524,0.052851036024421365,0.26081258284694964,0.055540194412974586,4700.2727933333335,4657.706118749999,-0.006966706852373222
9959,material_r_nocable,3,False,1.1912221876428937,1.1352439105101428,82.52008074212895,1341.898409913221,10413.465178580347,2.5644834443035176,0.389942076725548,26705.15904830048,0.4456494463615881,0.06449157,6279.10857323,6172.5217381,0.0,0.0,341.10960111,,,,,,,,,0.3558065405073852,0.052840820946369195,0.3587156708007526,0.055352779933076295,6237.251302222222,6177.86065,-0.004071434375764788
9960,material_r_nocable,3,False,1.0563901611275062,1.2841903961650738,0.8156543743934533,202.96401205201192,14065.395999653809,4.669469204186091,0.2141571035747529,65677.93346506568,0.2182233087174455,0.00359811,21402.28854603,21401.46264151,0.0,0.0,1100.33379122,,,,,,,,,0.020087128891025173,0.052850889319062476,0.019914778526789866,0.05527718487594716,21401.202344444442,21402.12069375,0.004308553650582915
9961,material_r_nocable,3,False,0.967205582780362,1.1714453519627228,81.97067055978499,1887.6325036656624,14038.621912425571,1.2909648336801705,0.7746144386824906,18123.367202273275,0.2012673608328051,0.16237776,4565.62187177,4191.76718786,0.0,0.0,209.2217906,,,,,,,,,0.8100353263238134,0.05291447595056473,0.9392011572443032,0.05659346017262223,4427.813880000001,4080.9888847826082,-0.07384126282171728
9962,material_r_nocable,3,False,1.1098323063804354,0.9301622428513336,69.59600600159322,1417.7718732858195,2440.80539876055,2.8228457373692533,0.3542524434693156,6890.017115639079,0.1174511121625721,0.38153349,1741.55095726,1257.28874535,0.0,0.0,32.63203665,,,,,,,,,1.5622410300006417,0.05289307489501736,1.5560578923564514,0.05521655008897067,1416.7550394736843,1371.1538097560976,0.001982855973126701
9963,material_r_nocable,3,False,1.323562732292427,0.9649924088066764,28.45643311529348,1949.3688043175675,1046.347708432871,4.267000455571365,0.2343566658621546,4464.766148569114,0.3852402201836092,0.41516916,2470.34429273,1791.27028441,0.0,0.0,41.49983115,,,,,,,,,1.5906731938994536,0.052632663250548946,1.5960502622950588,0.05466659655705468,1918.561784210526,2056.6359975609753,-0.0016873344893335287
9964,material_r_nocable,3,False,1.3361618023120478,0.9531999967526104,52.93220879855309,1996.6234154227363,6042.976762558173,3.962092508248261,0.2523918858326013,23942.832958450064,0.1507580991525252,0.20473225,3284.67735041,2811.12442034,0.0,0.0,163.94177174,,,,,,,,,1.0600359692424295,0.05301984124142018,1.029532261402064,0.0552025070078692,2833.5733952380956,2905.6790666666666,0.01459809131523645
9965,material_r_nocable,3,False,1.2019462136339802,1.3749942247532316,75.32013771329365,329.7342255362553,15506.96044866089,4.515059326560218,0.2214810321798908,70014.84640032677,0.4421726950143142,0.00296273,38140.06520407,38139.25527871,0.0,0.0,2030.67738122,,,,,,,,,0.016640090643924715,0.052828709228409626,0.01658392908638889,0.055262745594837716,38139.88580444444,38139.15426458334,0.0016903902053905814
9966,material_r_nocable,3,False,0.9267667165663434,1.3428272024308208,0.065413520541402,275.7372933046572,1357.968338020008,4.714350898920964,0.2121182791524668,6401.939255050833,0.3663560897601148,0.03306585,2735.48408599,2727.26306539,0.0,0.0,165.74638458,,,,,,,,,0.18473549883881404,0.05286945768437844,0.18153294499513337,0.05526480452550336,2724.5743133333335,2734.01884375,0.008743733995092947
9967,material_r_nocable,3,False,0.9388284285801942,1.0424575979446091,3.3789332698690515,714.0626222118146,2587.6190926809268,3.262095775546899,0.3065513917451879,8441.06131095895,0.2152023126837036,0.23920728,1439.75158089,1203.60347059,0.0,0.0,51.75964453,,,,,,,,,1.4768844114700335,0.05427258355478591,1.0386379988812549,0.05522335887321901,1120.5807880952384,1362.9852844444445,0.1742168588065086
9968,material_r_nocable,3,False,0.931374676208416,1.29615124774668,22.667463612819496,1144.109728976396,1711.6088682615782,2.2550954075872145,0.4434402183763595,3859.8412984022343,0.4630562213571406,0.19187169,2001.45140999,1862.94363323,0.0,0.0,108.04620958,,,,,,,,,1.0655482783886763,0.05441979541610509,0.9332833707077155,0.056658963019380504,1850.785006818182,1963.0509088888887,0.06617110937819777
9969,material_r_nocable,3,False,0.9876959514912144,1.226531223034815,63.6086337244166,1902.2822271252312,2842.5117438919187,2.4790961053556018,0.4033728252162938,7046.859793710016,0.400700035499842,0.22619774,3151.71051817,2856.9295734,0.0,0.0,143.92480726,,,,,,,,,1.0767649335547629,0.05424679992012089,1.2011945959046222,0.05801233743573199,3051.3752928571434,2862.592872727273,-0.05462329806157245
9970,material_r_nocable,3,False,1.167677724216784,0.9826754019886496,27.736269995546746,1985.883047870754,14442.090543802316,1.7997610601758565,0.5556293122056375,25992.312188269367,0.1159814533557938,0.18516269,3819.2440158,3342.99311147,0.0,0.0,168.72305149,,,,,,,,,0.9360304273885905,0.052901359916498844,0.9929888491382012,0.055760389477095405,3533.6246348837212,3339.13882173913,-0.029527139745417444
9971,material_r_nocable,3,False,1.0435222848240775,1.2885337098739744,38.8644015446659,500.2572991137108,5783.879568031109,1.308298565002202,0.76435152246637,7567.041339000654,0.1558075460580809,0.06933541,2471.52574597,2438.1454296,0.0,0.0,133.58646238,,,,,,,,,0.38790957346646016,0.05294983531293754,0.38282785228958094,0.055448177503021986,2442.168195555556,2450.2128666666667,0.00659332349391804
9972,material_r_nocable,3,False,1.3638161452562574,1.0522970975869792,31.02492245587973,665.6077435953007,12561.071457307597,2.701230825524151,0.3702016097813331,33930.35342209085,0.3350720609458631,0.028154,6095.4631106,6074.9275894,0.0,0.0,400.21117849,,,,,,,,,0.15656008920442016,0.052836835372227366,0.1571926624372495,0.05528352627683556,6081.840115555554,6081.318329166667,-0.002016151984387327
9973,material_r_nocable,3,False,1.1793020503117038,0.8839375025005174,22.992219048174974,1285.6078407051425,11090.464823347582,1.370353903044612,0.7297384987762864,15197.861757253331,0.1045321687189795,0.00831401,3026.16778546,2998.18341206,0.0,0.0,129.19973327,,,,,,,,,,0.09992130313773427,,0.2715133723181297,3001.510428888889,2984.1541104166668,
9974,material_r_nocable,3,False,0.8596371730853932,1.1955697855824476,66.14180230226913,610.5602853486388,9130.818036024535,4.753872153684698,0.2103548365777792,43406.74160181904,0.1659995698284164,0.03020729,9544.60265207,9455.17120714,0.0,0.0,502.69191702,,,,,,,,,0.49645143604694525,0.054265588426157724,0.5282931600340653,0.07232468712153801,9468.641253333333,9449.867114583334,-0.03107283913366728
9976,material_r_nocable,3,False,1.1073921566731837,1.3494675929680011,57.50925730814931,1227.6056470024205,17943.381568382276,3.21856672910632,0.3106973022981767,57751.97092365477,0.4248487714487787,0.01455569,27426.99585001,27412.4822919,0.0,0.0,1549.357975,,,,,,,,,0.08196677040821528,0.05282449001552261,0.08143828686903896,0.05527424818025438,27420.380684444448,27413.95485625,0.003234193286194424
9977,material_r_nocable,3,False,1.230280708358149,0.8780092247940174,26.99866333594048,1406.9566640169587,19272.82952352418,1.2310525352790178,0.812313017797693,23725.865646934744,0.2402944750431182,0.11440854,6244.06968266,5638.87502626,0.0,0.0,296.35139598,,,,,,,,,2.9593052151339143,0.06342412872370552,2.181805329436064,0.077033932986709,5676.397488636364,5575.989391489362,0.15123189415155502
9978,material_r_nocable,3,False,1.251159915027742,1.071188405891455,9.58403346773592,907.378160696972,2681.289216089035,4.186403625725477,0.2388685108752996,11224.95889585376,0.2364121839745343,0.16643307,1881.82478079,1664.38245468,0.0,0.0,79.07534328,,,,,,,,,0.8937556089803336,0.053076671913911536,0.8559912969279178,0.0553836207346215,1666.4094666666665,1795.1651347826087,0.021582728293388965
9979,material_r_nocable,3,False,1.152993376601556,1.291977636629818,47.480727976682566,874.1053250681703,7714.680181966692,3.7191419524261113,0.2688792234315416,28691.99071430262,0.2931550196683052,0.03044375,10223.3963612,10198.20229624,0.0,0.0,524.81087034,,,,,,,,,0.17108475306802765,0.05284256343838086,0.16999496727015032,0.055308722071666226,10207.038882222223,10205.205935416665,0.0031951058151355794
9980,material_r_nocable,3,False,1.253113170079499,1.087764182642606,50.12795672063535,1577.2309197079016,1689.123421704612,2.4403607369732923,0.4097754831280684,4122.070478229916,0.4411768654064303,0.29051132,2107.89033319,1738.92634419,0.0,0.0,63.52886143,,,,,,,,,1.3344490116486962,0.053011865375136996,1.3367102666399466,0.05550221221022988,1857.2772341463412,1836.244306666667,-0.0008465444234756173
9981,material_r_nocable,3,False,1.2559973468272851,1.3968261839424665,12.73567703366793,1139.928699416222,6070.534533685545,3.740409465663925,0.2673504088736176,22706.28483143715,0.2059480220714735,0.03779218,10936.31404887,10902.68900309,0.0,0.0,552.32824492,,,,,,,,,0.2114224628101126,0.05286075585796608,0.20919026993007447,0.05528767809243975,10895.118686666669,10930.285937499999,0.0053070026327922595
9982,material_r_nocable,3,False,1.275840441538248,1.126770624542633,47.9024623177963,1995.4788332669984,5835.438261846318,2.0478206829540806,0.488324006258913,11949.9311667105,0.2836912254269452,0.17303767,3580.75493185,3233.97479803,0.0,0.0,167.83315265,,,,,,,,,0.9017924308985237,0.0529049509528247,0.9010735151908971,0.055382649509965076,3344.617582222222,3335.6004956521742,0.0003987627084454082
9983,material_r_nocable,3,False,1.0887094151237002,1.2146775402922052,72.25155597079443,1729.9438028762906,3422.108121222364,1.3425375958430896,0.7448580979008025,4594.308809780985,0.1798718964378566,0.2907941,2287.76772276,1936.04894217,0.0,0.0,78.94830542,,,,,,,,,1.2812721208862508,0.05353268185893358,1.4218333591362855,0.05660020816694503,2134.520156097561,1955.8988488372097,-0.05199990873048094
9984,material_r_nocable,3,False,0.9714585284403806,1.0851421305487323,45.86463954771818,1254.2232926532397,7322.315857850902,1.676678591112681,0.5964172294562299,12277.170236223492,0.4232329539986444,0.19014759,2383.02374312,2108.16717933,0.0,0.0,100.0282481,,,,,,,,,0.9917895606198732,0.05359570872021526,0.9866273323682678,0.05648335225762293,2208.2225772727274,2193.0885399999997,0.002609272226648106
9985,material_r_nocable,3,False,1.2653924999072472,1.1900857759487076,61.91604571090522,1126.204473958553,13546.333512389308,2.334957749691629,0.4282732739519878,31630.116414660835,0.245567526251297,0.04279228,7743.79382737,7687.20816767,0.0,0.0,434.28047652,,,,,,,,,0.2383452760204584,0.05284182449557906,0.2384512636469725,0.055301860124592685,7713.233146666668,7697.827077083333,-0.0002222910983960152
9987,material_r_nocable,3,False,1.363039421718725,1.1733880123802565,70.20911893060757,1077.176508746893,19437.1294896921,1.1147983929334395,0.8970231804592369,21668.48071834792,0.1624902208414716,0.03680844,8151.35230237,8117.10656419,0.0,0.0,497.71165445,,,,,,,,,0.2049295933249046,0.05283802982961622,0.20456012595616893,0.055267349462842945,8120.619857777778,8135.525897916666,0.0009022628684899
9988,material_r_nocable,3,False,1.063546342552424,1.1161611013688786,52.24726461152541,1312.3501446860582,15764.369152189882,1.5166852628994203,0.6593325750975636,23909.586372032623,0.2681892423848826,0.10773514,3831.85597238,3620.16943911,0.0,0.0,195.29736268,,,,,,,,,0.5879144063102625,0.05298002620394377,0.5908757732664164,0.05561043000775159,3705.021673333332,3670.282617021276,-0.0025122087097954704
9989,material_r_nocable,3,False,1.2456750258012268,1.124845927118956,20.559250397121097,1554.8121066000194,2949.759917078144,2.4322063357130475,0.4111493278002793,7174.424759149854,0.1836300906724907,0.24524839,2321.25396553,1953.5175531,0.0,0.0,80.67526835,,,,,,,,,1.2168681402163695,0.053107332528458985,1.1733625466940971,0.0554849407058798,1998.7136809523813,2123.9285466666665,0.01820142037357333
9990,material_r_nocable,3,False,1.170183471888443,1.3978065531244308,87.6584750996849,1246.5899125847689,10310.11243363813,2.33793078547565,0.4277286591256168,24104.32926031786,0.3234805870636737,0.03223134,12317.68982938,12288.13014573,0.0,0.0,697.1880538,,,,,,,,,0.1794444785991741,0.05283195024320042,0.18033692579407823,0.055287464075488416,12312.748166666666,12283.052327083331,-0.002480526186196845
9991,material_r_nocable,3,False,1.310515647105593,0.9272711253791962,39.13820517261244,1136.3379933733404,13871.305723109512,4.20113201299743,0.2380310823145303,58275.18653542984,0.3263124711921176,0.08269504,5536.80845774,5255.52564571,0.0,0.0,288.35489576,,,,,,,,,0.4494699427030741,0.05296786310962034,0.4624921191123964,0.05563653345770578,5258.514879999999,5226.9891520833335,-0.014279296206027095
9992,material_r_nocable,3,False,1.1613985311399253,1.1063765326714092,30.4978837445916,1599.8665146512667,16341.47172392074,3.753489815693648,0.2664187327267862,61337.54768918222,0.2717223289498028,0.06292261,8470.84597448,8293.70118907,0.0,0.0,423.33897308,,,,,,,,,0.35124158576443165,0.052910147284428326,0.3473286499923992,0.055349671600542355,8310.49584,8388.250322916667,0.005601349115301442
9994,material_r_nocable,3,False,1.258782537714093,1.3988574446056834,80.21190889681934,1379.2120127490275,5525.121177180543,3.107101145346605,0.3218434010420499,17167.110337796446,0.3160247870769395,0.05100586,9106.95358788,9053.00673392,0.0,0.0,480.36430864,,,,,,,,,0.28292615303147206,0.05283814096131172,0.28492570823681235,0.05532272641639591,9095.41482888889,9046.058189583333,-0.0035212620433687143
9995,material_r_nocable,3,False,1.285243491678382,1.248196985169841,38.65589728863501,1436.4733895429997,15597.675294665234,3.029572752536225,0.3300795464188288,47254.29207562523,0.2203199856632637,0.03362548,13973.27892781,13921.41668192,0.0,0.0,725.16084624,,,,,,,,,0.18816656867744963,0.05284409675914461,0.18740556783097514,0.05529433832375944,13932.580528888888,13943.006577083333,0.002026244155248761
9996,material_r_nocable,3,False,1.36662351083739,1.03734908683358,15.430947824426967,1317.3855420282052,18461.035215082607,2.0308428559758807,0.492406390311017,37491.46148046967,0.3584644887387461,0.03994496,8616.74218279,8569.0234021,0.0,0.0,568.63864338,,,,,,,,,0.2214107623727615,0.05283360880496843,0.22309835488664298,0.05529891943334541,8593.005146666665,8576.440158333333,-0.0037965307084953303
9997,material_r_nocable,3,False,0.9500446552219884,1.36094791337291,82.02093132255627,1041.956628790167,4066.759437726045,4.522292785441612,0.2211267707432056,18391.07686535508,0.4874504006612491,0.03513954,9247.80630638,9218.56723391,0.0,0.0,574.22567067,,,,,,,,,0.19620155567493747,0.05283847388689402,0.19684393968506192,0.05530142763919299,9244.554344444445,9211.28408125,-0.0016343757089394408
9998,material_r_nocable,3,False,0.972099668547984,1.319027250050078,76.11926237521621,243.0716222136301,18069.796840984724,3.277825116012468,0.3050803397395764,59229.63392662248,0.2576542260353498,0.00388664,21954.07698305,21953.13098897,0.0,0.0,1243.75831815,,,,,,,,,0.02195118511331688,0.05282863611732352,0.021755388809064795,0.05525108780749945,21953.81399111111,21952.92110625,0.00447979071980798
9999,material_r_nocable,3,False,1.308540213095149,0.8322619338320356,56.70401568926292,864.219262714147,2163.6755340043846,3.1352559679791723,0.3189532243023046,6783.676630757769,0.3088129661926522,0.2545121,1448.96918394,1145.9354336,0.0,0.0,72.1805246,,,,,,,,,1.317123722161197,0.05458617713811025,1.1774263769954008,0.055160087563801995,1117.8374350000001,1175.3349547619048,0.05600101806455109
10000,material_r_nocable,3,False,1.1623934299078031,1.297695386741115,76.01026682406781,1875.2012970239996,14476.778044822157,4.375962122153404,0.2285211736494422,63349.83237496377,0.2733788987022707,0.03023611,22848.40788328,22793.31393606,0.0,0.0,1146.1484307,,,,,,,,,0.16923089726165386,0.052834985990563424,0.1692514222203232,0.05529690531126131,22837.760437777775,22783.97743541667,-6.0638200248522074e-05
10002,material_r_nocable,3,False,1.3544147973773413,1.381161237846769,74.45455048844762,1706.700039452516,8028.559688522014,4.050917115693773,0.246857679740193,32523.02985660289,0.4711328734919798,0.02844724,20291.97462329,20252.5689381,0.0,0.0,1042.81052668,,,,,,,,,0.15902896409112163,0.0528337107885974,0.1590453584225939,0.05528519843679251,20279.643602222226,20251.369504166665,-5.154245505486308e-05
10003,material_r_nocable,3,False,1.2594945358199,1.2987855830186212,87.1542205087372,526.7001744313573,16423.17992692496,2.495378777251675,0.4007407649356407,40982.05464463426,0.1170797101347775,0.01319239,13265.2174984,13258.47296218,0.0,0.0,694.51023172,,,,,,,,,0.07371725452169003,0.05283330095287835,0.07382292036134855,0.05527387752300863,13263.661486666668,13257.7244,-0.0007161835055589436
10004,material_r_nocable,3,False,0.9079470488969787,0.923205906529635,68.43397769136557,338.48227514927885,6773.383151228989,1.2135909736267825,0.8240008550916691,8220.116653247233,0.1139389501778545,0.26849867,968.12373261,464.14022917,0.0,0.0,10.39223605,,,,,,,,,1.3845316726661832,0.054397348909593975,1.3397465131677029,0.05803163939155255,500.7714634146342,453.1192954545455,0.01643927544968092
10005,material_r_nocable,3,False,1.092354172450657,1.0498885369879494,45.00861040983129,1361.2568697999936,11378.310906979052,4.154509533329131,0.2407022999893492,47271.3011362273,0.438426581509944,0.09591614,4845.82319484,4558.11682854,0.0,0.0,228.25243257,,,,,,,,,0.5289844004547233,0.053002524295054386,0.5267684228867187,0.05557627253036713,4648.844408888888,4655.7727125,0.002098954905932515
10006,material_r_nocable,3,False,0.9300902432147368,0.98893937855868,83.02982978735257,1336.3344741687824,14948.651985230976,2.64637670337838,0.3778751523633783,39559.76436062622,0.19156291250854,0.21296991,3367.58270116,2534.06474392,0.0,0.0,100.67703098,,,,,,,,,0.9719775053973352,0.05315637765527778,1.3454949039255142,0.058602532452806354,2943.1157023255814,2270.0080177777772,-0.16117447483973213
10008,material_r_nocable,3,False,0.856429006029349,1.3009714539570494,42.042432937894525,994.52695141937,4307.988628416029,4.720893060351181,0.2118243279854365,20337.55361996104,0.2244438420532179,0.04809906,7203.56695088,7153.01318173,0.0,0.0,430.87299574,,,,,,,,,0.271212745105574,0.052946357544209954,0.267424746690558,0.05548452552204972,7160.512731111112,7166.652495833332,0.007032556167571322
10009,material_r_nocable,3,False,1.2279512274600115,1.2522470252235292,88.51114645558322,1889.3780706062053,9573.36987804492,3.4279752907567933,0.2917173885985713,32817.27539121336,0.3688721421231955,0.05567902,11470.64104837,11364.79960731,0.0,0.0,583.49258415,,,,,,,,,0.30744226658187734,0.05282798470032629,0.3109590176135289,0.05533042711298325,11445.7525,11353.879495833331,-0.005686843028191885
10011,material_r_nocable,3,False,1.244969730630689,1.1686098090656,86.19964997861338,1085.1593518797083,14829.91819210733,1.738360580769902,0.5752546457059617,25779.74520120184,0.3840905147556117,0.04025684,7455.50113711,7408.71393877,0.0,0.0,442.37385141,,,,,,,,,0.2240759630157851,0.052837583358449805,0.2242977767065598,0.055289465320040185,7429.854166666667,7418.146754166667,-0.0004947071407706276
10012,material_r_nocable,3,False,1.2765160465489425,1.3046957365921938,42.27982483773724,922.9792825872296,15087.728937956415,2.321702866241181,0.4307183380528759,35029.22352032342,0.4849723708964354,0.01535846,17969.16127904,17957.31332657,0.0,0.0,1015.81421884,,,,,,,,,0.08606626204584425,0.052831802624445624,0.08581346534467982,0.055276389310247274,17960.59305333333,17961.600327083335,0.0014707767169659161
10013,material_r_nocable,3,False,0.8890684508993061,1.121922016807635,39.33482518794338,1233.3700012785512,4143.229632873761,2.971154385706732,0.3365695181679816,12310.174894702968,0.1384997058889396,0.20489154,2965.59052506,2618.52643895,0.0,0.0,128.86191207,,,,,,,,,1.118521879824944,0.05571018229956608,1.022518480435099,0.05715261272871217,2643.917454761905,2704.6178181818177,0.044839602826629944
10015,material_r_nocable,3,False,0.8220212918091128,1.1168321777363464,69.45932820926896,1093.3976588060532,9435.04981079001,4.60762650643051,0.2170314800048087,43473.18559768821,0.499733215604805,0.07580808,5934.81949708,5743.13631448,0.0,0.0,299.90645371,,,,,,,,,0.4145063966624395,0.052939291648876764,0.4495678807213376,0.05647029535977443,5870.375642222223,5715.094652083334,-0.040576932998232965
10016,material_r_nocable,3,False,1.2688449301540652,1.249778070106728,35.71032181957999,1449.6175591134725,17187.510084774025,1.222512680785257,0.8179874251755569,21011.949029760734,0.1217291226958372,0.05989403,6642.84947984,6550.7169843,0.0,0.0,393.83528019,,,,,,,,,0.33220115484124574,0.0528468516723487,0.33186930404180565,0.055295276518548264,6577.048442222222,6583.614172916667,0.0004997222734440803
10017,material_r_nocable,3,False,0.9292087515891164,1.3829472378302032,79.11619539873675,1251.066894782876,8633.933131159527,2.3504545884765733,0.4254496151096207,20293.66774473382,0.3011388965887851,0.04253704,9425.44289943,9381.84097686,0.0,0.0,585.60225013,,,,,,,,,0.2377460564868285,0.05284616275671551,0.23847661924703512,0.055336947101485005,9413.872073333334,9370.961625,-0.0015340780635462307
10018,material_r_nocable,3,False,1.0556964046475543,1.0900789587500368,66.90156123332942,1211.4155945650923,12732.05426131214,3.894284930598799,0.2567865520426202,49582.24704539408,0.2421258767601347,0.08302162,5605.16042301,5393.66907736,0.0,0.0,253.58173892,,,,,,,,,0.45313182916903794,0.052914038199991895,0.4684799533328386,0.05575928417420592,5538.037831111112,5384.56051875,-0.016653567646602224
10019,material_r_nocable,3,False,0.97849963625448,0.978798423127798,8.021005464223775,1007.35425435277,2237.6298712212965,4.502529166392989,0.2220973952737562,10074.993758766075,0.2296887578712375,0.30321087,1640.24330505,1309.78866532,0.0,0.0,45.05041874,,,,,,,,,1.6710703771976756,0.054387993248287046,1.225985403199746,0.055706529763433765,1223.5264452380954,1575.7962883720925,0.15363355341983523
10021,material_r_nocable,3,False,0.8498023995547953,1.220227449459796,39.31153778823129,531.2029917077652,14161.644654898482,4.246398644966439,0.2354936697206636,60135.98867305712,0.4674658336320484,0.01149834,15615.15611185,15606.99019835,0.0,0.0,927.99226496,,,,,,,,,0.06488481145958695,0.0528230186843784,0.06425432068805809,0.05528074510708444,15608.165006666666,15610.168208333334,0.004882259629931727
10023,material_r_nocable,3,False,1.2935778109822589,1.1128089940265529,86.74197523268008,1756.5191282685523,14125.187383137036,1.725067419352965,0.5796874886055631,24366.900546905264,0.3635300870421566,0.07180183,6629.7192854,6498.93007357,0.0,0.0,398.65753426,,,,,,,,,0.3973306933057658,0.052861589168237445,0.395334920718199,0.0552918772784718,6536.944102222223,6545.378016666667,0.002517798870365149
10024,material_r_nocable,3,False,1.0345978482174334,1.3632280106074792,3.5863617899126736,382.54018617404336,17301.1588402014,4.661222443536127,0.2145359961069297,80644.54988513023,0.3556232582733875,0.00351482,37082.30429914,37081.15857727,0.0,0.0,2107.75373801,,,,,,,,,0.019634802585674852,0.05284881479071701,0.019472696164956702,0.05527626902152819,37080.7949,37082.14485625,0.00414514929097919
10025,material_r_nocable,3,False,1.2062770540895098,0.8106949303789929,34.71433809596844,1922.6101948433304,3137.550368366975,4.735786283695473,0.2111581773533223,14858.767998916,0.2234500591159078,0.36745624,3063.92222098,1850.26939853,0.0,0.0,101.33122866,,,,,,,,,1.4713623647946175,0.05463312941932723,1.6040849849324859,0.0557361868331334,1977.6407384615381,1859.2520146341465,-0.04315554943564402
10026,material_r_nocable,3,False,1.3121298214610226,0.8420156133331843,62.86196402650948,1504.570635237206,11319.77726930084,1.7278747145548363,0.5787456645880927,19559.15691801752,0.4434092473237667,0.11458505,4665.47530345,4460.77558217,0.0,0.0,272.16846209,,,,,,,,,0.6557864832871374,0.05320096379442497,0.6026268315147792,0.055206941841711654,4428.123735555555,4518.130670212766,0.042243395827964415
10028,material_r_nocable,3,False,1.1142238060228469,1.1992562354028533,3.092054673519982,883.7858623602368,1349.1899461928692,1.47407890202146,0.6783897379093224,1988.8124345023773,0.4535134509334658,0.26456321,1197.22907588,1028.14423452,0.0,0.0,43.63099224,,,,,,,,,1.3202849814255153,0.053088064783054154,1.2020419091727113,0.05515106008924734,1033.8950047619048,1117.0317466666668,0.04687856783890531
10029,material_r_nocable,3,False,1.0341921240276624,1.153679749990926,26.56389219974893,1980.633007961015,4984.866112219717,2.874353014984172,0.347904378754781,14328.264938951172,0.3977092350131449,0.18062655,4101.56595087,3754.50877283,0.0,0.0,177.92990155,,,,,,,,,0.9894989911743334,0.05376196256866232,0.9023201684556472,0.056048703145778526,3762.0954977272722,3969.2878577777774,0.04608200645126006
10030,material_r_nocable,3,False,1.1123379138724472,1.26497423132262,38.556237689315495,700.7489546644604,14955.338141842638,2.8026069988817977,0.3568106410920212,41913.93534697207,0.1000048798745551,0.02199596,11994.9549864,11977.19996468,0.0,0.0,599.47111502,,,,,,,,,0.12376584674802833,0.05283547734767349,0.12280653098292624,0.05529060159435215,11979.342933333333,11983.934420833335,0.0038906051599536607
10031,material_r_nocable,3,False,1.147600089067966,1.2267748335289104,4.964818025052011,1725.787466061053,16078.06279814743,4.244809503786717,0.2355818321429779,68248.31376805587,0.4339063866561284,0.02804476,21474.74340142,21421.37849354,0.0,0.0,1096.2570771,,,,,,,,,0.1568333706863662,0.05285243982253221,0.15563029812069357,0.055275272278764845,21409.96033111111,21465.670972916665,0.0038502798429839885
10033,material_r_nocable,3,False,1.1628362961608527,0.9806309279324013,43.62005010157566,1080.8830258753458,9502.953240974011,1.965080305858804,0.508885055241021,18674.066261335127,0.1546116458401525,0.16488425,2272.57099724,2029.64805258,0.0,0.0,104.79496453,,,,,,,,,0.8688719963746032,0.05302527232973181,0.8747485970837133,0.05560063567807129,2086.078468181818,2075.467960869565,-0.0033703437153460077
10034,material_r_nocable,3,False,1.296153270339618,1.2664249171403117,6.153425167738223,1267.43673615868,3223.911961074049,1.5324892552757905,0.6525331231898508,4940.610440301082,0.4966419428412086,0.12243529,3025.76113143,2906.45793543,0.0,0.0,162.19790595,,,,,,,,,0.6631347226771002,0.05287729141170098,0.6562067772303284,0.05528161224004555,2927.566871111111,2960.2590638297866,0.005251063085075302
10038,material_r_nocable,3,False,1.061816453151165,1.1960480114376135,80.77245880204775,1132.6757360379636,19445.59731670954,1.8311332790645425,0.5461098934922217,35607.48037791501,0.4676264891244971,0.03609606,9551.23196107,9504.78351571,0.0,0.0,543.91111915,,,,,,,,,0.20103838031589055,0.05283386525063925,0.20196164218193655,0.05531511334650646,9538.284033333333,9501.9099625,-0.0022909722444270373
10039,material_r_nocable,3,False,1.2634579826915575,0.933242080009164,2.8724780617248635,1459.148047794049,15748.541992291302,1.2514114344841294,0.799097700759168,19707.90552560681,0.1471665424416623,0.11255911,5487.50653646,5203.55102399,0.0,0.0,273.33163669,,,,,,,,,0.5834862314171425,0.052801929806626104,0.6648335496484888,0.05629305831218992,5305.401548888889,5117.697536170213,-0.06516544836123961
10040,material_r_nocable,3,False,0.8972395201447144,1.178415020968722,54.26034264231879,1096.6038936682305,19876.03618063724,2.929566278773817,0.3413474572142312,58228.16535048319,0.1818144416571186,0.04680887,12025.28983033,11639.85530053,0.0,0.0,584.41399804,,,,,,,,,1.2907135193650678,0.0733293201114458,1.4891365267746615,0.09383586317385417,11664.88335652174,11620.485947916668,-0.07137903272341471
10041,material_r_nocable,3,False,1.387219248641694,1.068599265109594,54.72058009801118,1911.9363458314672,4784.9572893963,4.671323963913571,0.2140720720132229,22352.08565225986,0.174526106170284,0.16099719,3729.56901484,3313.624555,0.0,0.0,175.89199011,,,,,,,,,0.8470245623370142,0.05292819638764623,0.84765359631577,0.05543226992386629,3467.0242111111106,3412.071393478262,-0.0003711819707736494
10042,material_r_nocable,3,False,0.8191269680155312,1.177519020492073,52.853986759744735,400.3015233648621,5313.090299522268,1.6747826591497823,0.5970924015344525,8898.271500136816,0.4283587280984203,0.09760398,2019.3886856,1861.18382009,0.0,0.0,100.27309258,,,,,,,,,2.0898924665158654,0.06076066972431774,2.5070682802485176,0.07760331634840494,1869.321071111111,1851.655361702128,-0.09075035370408277
10044,material_r_nocable,3,False,1.1939445944840403,1.1935658748601998,42.01302204167452,1655.8347199743266,2987.359694974304,4.1551531976297325,0.2406650134032219,12412.937189042665,0.1701521265786118,0.18146126,3755.34059961,3459.57378614,0.0,0.0,147.15016357,,,,,,,,,0.9550386411934633,0.053869183355169055,0.9363278090951684,0.056561005103421394,3542.420379545454,3569.8934136363637,0.009892758801679846
10045,material_r_nocable,3,False,1.0650298265328266,1.143680202378787,57.03757970588819,1560.34395497515,6514.458790951199,1.5798539102333955,0.6329699179921436,10291.893193938571,0.190598882313206,0.205467,2706.81373487,2392.73398176,0.0,0.0,110.7882462,,,,,,,,,1.0313745381929955,0.05340929109037334,1.0686958610196464,0.05638290489417028,2546.5606386363634,2436.844475555556,-0.017771462728413012
10046,material_r_nocable,3,False,0.8767578766457134,1.1407112093262062,53.86425744137296,898.1292708579354,14222.45103399572,2.241138229607887,0.4462018392212075,31874.478731014027,0.2530697445192849,0.08717717,5741.03307361,5246.06589774,0.0,0.0,258.30536367,,,,,,,,,2.4479071059233086,0.06637244362276601,2.6921527219828123,0.08793176245426992,5254.028520000001,5214.396423404255,-0.047518049251773144
10047,material_r_nocable,3,False,1.1975010634626606,1.316002838528861,57.24569178388758,838.5111563139884,5223.1091830484975,2.5359285579232664,0.394332875378368,13245.431738443947,0.4916618578146527,0.03889177,6653.24873635,6626.00854131,0.0,0.0,372.49836774,,,,,,,,,0.21745787147947787,0.052843159753648235,0.2170174681532274,0.05531022578528401,6639.195851111111,6630.4835875,0.0010136440117010624
10048,material_r_nocable,3,False,1.1971176898829483,0.8637860247374914,56.0854940655215,263.78831488687905,4419.817141729382,4.175995939829308,0.2394638343544162,18457.13843864988,0.1513636399494796,0.12952166,2881.56045981,1236.9538564,0.0,0.0,63.1541415,,,,,,,,,,0.10705020676622977,,0.07759845359677951,1156.62855,1168.385370212766,
10049,material_r_nocable,3,False,1.3251762148202717,1.008869905150922,62.15418806813208,487.6539001688077,4807.957546397207,3.3209815513085807,0.3011157949992121,15967.138311059996,0.2087764500922242,0.07628886,1772.40586127,1738.78144216,0.0,0.0,110.82764726,,,,,,,,,0.42191621670297585,0.05289608148746536,0.41868008053732453,0.05530856547555247,1743.7210133333335,1755.366235416667,0.003849810160091885
10051,material_r_nocable,3,False,1.0573937734492365,1.0845794018902448,89.62247872384404,1467.5595492127952,18924.0175606274,2.967752709458072,0.3369552984697992,56161.8043893841,0.4829046915674145,0.06529652,7413.9698381,7233.27181836,0.0,0.0,378.83085719,,,,,,,,,0.35766509263162377,0.05283597807007183,0.3668422299798874,0.05549726608093655,7372.975215555555,7212.977535416667,-0.012666728219094238
10052,material_r_nocable,3,False,1.353710726928136,1.1996033990234172,64.40875349895747,632.0444674673868,12760.399230808634,1.0774965032750856,0.9280772577548676,13749.285551590396,0.3646844241051763,0.02515449,6753.66772252,6740.27089707,0.0,0.0,419.64270437,,,,,,,,,0.14021038266682662,0.05283510987594284,0.14024998546108958,0.05527423624508662,6743.130482222223,6746.04358125,-0.00014120638337356125
10054,material_r_nocable,3,False,1.1267374807279862,1.238552391969988,73.24368273954542,1646.483448462574,17761.373546088653,1.41463323052999,0.7068970093579321,25125.829238153296,0.3898330183024844,0.05706564,8351.16382406,8257.8706149,0.0,0.0,484.47772867,,,,,,,,,0.3162390752514891,0.05284334647386589,0.3179487724003691,0.055343032576478685,8311.329588888888,8265.509041666666,-0.002695884437411326
10055,material_r_nocable,3,False,0.8545382861899524,1.3783089574462857,18.264641875968618,1685.6068139946017,4464.560971417935,4.389953109290788,0.227792865915498,19599.213318094466,0.2458698457543537,0.05968991,9113.1408028,9021.05231715,0.0,0.0,584.08213988,,,,,,,,,0.33472579544725684,0.052970478780780914,0.32635301616262,0.05542570916448023,9002.135986666668,9074.380127083334,0.012665326943768162
10056,material_r_nocable,3,False,0.9821033722333324,1.1598168584063415,88.3835036665184,799.8405689581316,3178.7686176731067,2.9380723840124072,0.3403592115162051,9339.452290750649,0.2484799195346632,0.14965697,2171.86907984,2025.59390534,0.0,0.0,97.98375956,,,,,,,,,0.7476813810848187,0.05278893568335547,0.8746900562252177,0.05636133005109309,2139.0628755555554,1978.287532608695,-0.07828581804360715
10057,material_r_nocable,3,False,0.9527295525190812,1.2085271678892426,48.37330086669132,448.9985952147383,7694.166471432196,4.683363832049791,0.2135217411802757,36034.58097007571,0.1822366664191053,0.02183029,8315.61782758,8300.17131076,0.0,0.0,421.79996548,,,,,,,,,0.12353061111156956,0.05282592805379855,0.12208000872537889,0.05531010406590002,8304.354668888887,8302.73398125,0.005906106125026971
10058,material_r_nocable,3,False,1.0460434673908274,0.9849752227877422,55.0196568770747,1827.824782720684,14937.92871367212,2.7994235767810096,0.3572163956516634,41817.58982932775,0.4183629516033816,0.18109107,3453.53173076,2779.18715978,0.0,0.0,133.2592591,,,,,,,,,0.9388770478534803,0.05326591642580678,0.9620214802061781,0.05627991993430912,3046.4146133333334,2920.518230434783,-0.012175522265421753
10061,material_r_nocable,3,False,0.9900089298326988,1.399482459837345,23.728764941883785,346.6525030544004,13074.748644912906,1.9084564178245589,0.5239836711282596,24952.587962826987,0.4955938800648923,0.00711315,13834.67932285,13832.95211098,0.0,0.0,906.91010309,,,,,,,,,0.03990668752470405,0.05283190274694192,0.039668260578599825,0.05527299833504589,13832.814057777778,13834.149954166665,0.0029962563820299043
10062,material_r_nocable,3,False,1.0174148594996577,1.145955644022189,65.36971292541995,1021.3118799918008,14666.715631199351,4.193179067011213,0.2384825412936093,61500.16496655128,0.2510929482250086,0.04083815,10013.58191424,9939.18470012,0.0,0.0,477.35497366,,,,,,,,,0.22882974166758585,0.052848190621391115,0.22929406109011627,0.05540280784032324,9987.614217777777,9933.973154166666,-0.0010135238984209532
10063,material_r_nocable,3,False,0.9239199320116308,1.1886598704221991,48.52813162654073,1574.5724279940748,7393.157963761354,2.91341116214052,0.3432402583593067,21539.308935090405,0.1484392711052899,0.12607932,5429.83397129,5145.18647695,0.0,0.0,258.60005606,,,,,,,,,0.6918744032745987,0.053700025609960234,0.6926582304190969,0.05670476426473929,5214.016884090909,5178.48190652174,-0.0005661312167175789
10064,material_r_nocable,3,False,1.3642621297038606,0.9981092851522346,63.27375112701674,1310.4275450871014,12088.878155840028,1.6577669945070048,0.6032210819213378,20040.543207368308,0.1388898724449123,0.08351789,5187.86633269,5076.8369648,0.0,0.0,298.74457847,,,,,,,,,0.46411839571602714,0.05289740379904822,0.4539194433793379,0.05519776673064169,5062.854804444445,5118.211629166667,0.011109511942056031
10065,material_r_nocable,3,False,1.0083265324062225,1.1055485863481145,25.151321900048984,371.9369548589022,4129.111361483809,2.3928265896467504,0.4179157839213198,9880.247457370951,0.3944732595267149,0.0931224,1423.51543943,1366.14058858,0.0,0.0,68.74488855,,,,,,,,,0.5258424028056152,0.05313677144568155,0.5019911667156983,0.055451629170812006,1363.9394600000003,1404.2505208333332,0.02320534841163535
10067,material_r_nocable,3,False,1.1607501324763063,1.341209167070816,40.102958103789405,284.70794063750463,13230.213536856229,3.7806561722913226,0.2645043490939657,50018.88846884771,0.3316761372652685,0.00457273,21636.22471908,21635.11760851,0.0,0.0,1146.43705114,,,,,,,,,0.02573098027579996,0.05282321516397703,0.025565234709915775,0.055271176977693286,21635.344022222223,21635.582041666665,0.0032311461173176164
10068,material_r_nocable,3,False,1.1946475435796078,1.299237667562718,18.65023813014949,1399.584437394147,5671.78552444095,3.671040227893296,0.2724023540798602,20821.3528242056,0.1726652221615107,0.0710922,7376.23308884,7283.20192152,0.0,0.0,356.49571041,,,,,,,,,0.3977424678109928,0.05294891220928988,0.38840200988403445,0.05535713684505439,7268.028275555556,7352.472518750001,0.011881350301339718
10069,material_r_nocable,3,False,1.0868632837921923,1.251449914623917,29.17387969963989,1378.7613767828018,16897.572156949893,2.875071830421766,0.347817396914672,48581.7337109658,0.3507985207080919,0.03111835,15028.07398539,14984.3714755,0.0,0.0,804.1377612,,,,,,,,,0.17461199493091836,0.05285327948628807,0.17318475737876743,0.05529703982990703,14984.834806666666,15010.700222916666,0.004103654052755762
10070,material_r_nocable,3,False,1.0420351438649722,1.2914579065090497,29.319004907092246,1530.4238353661062,7190.581212147054,2.84675933853468,0.351276620564186,20469.854215171647,0.1737944506800223,0.08081936,7112.84520018,6984.22293396,0.0,0.0,364.21506532,,,,,,,,,0.45361109482312906,0.05307355669185057,0.4406460158813949,0.05553860070646643,6977.30932,7049.186160416667,0.014498155828495292
10071,material_r_nocable,3,False,1.0226520547238929,1.3707486283673718,86.28405903057774,1418.3960674610123,4226.493997204854,2.1904421020410205,0.4565288436832981,9257.890395501156,0.2026398280284378,0.11343297,4410.27411935,4282.3519696,0.0,0.0,240.86565741,,,,,,,,,0.5986634904149023,0.0528264342325159,0.6393149430767405,0.055608681552437554,4377.650824444445,4244.2729404255315,-0.032836963522202306
10072,material_r_nocable,3,False,0.8201754575282478,1.3145308882867568,9.216082626728609,1225.530429476699,12389.247271834607,3.773898490570011,0.2649779803295556,46755.76157847525,0.3595195346048795,0.02218898,17397.09806565,17370.8314081,0.0,0.0,1130.53235176,,,,,,,,,0.12415604673347416,0.05287682566883504,0.12204365930066408,0.05527865732824878,17362.789215555556,17390.55213333333,0.008579975446912929
10073,material_r_nocable,3,False,0.8185767929781151,1.3344336359341182,75.5447794959336,1967.219139511892,10396.945047113271,4.999401727594127,0.2000239337600165,51978.5050302393,0.1753355872795066,0.03191592,20493.49816361,20433.00229178,0.0,0.0,1301.05219176,,,,,,,,,0.18149756796927574,0.0528567774158575,0.17889742623793856,0.05530243589304068,20471.679062222218,20419.394774999997,0.007214699907408249
10074,material_r_nocable,3,False,1.1903520293649916,1.1361951000356327,39.69584118947917,1109.8617525091263,14969.401179782226,4.548442195846759,0.2198554927032188,68087.45597267973,0.2555694062424677,0.03521119,11098.04663384,11034.15213542,0.0,0.0,540.91078485,,,,,,,,,0.19722943247204044,0.052852384247147964,0.1962279144793902,0.05530709542510122,11047.95496,11060.660675,0.0025454296390959932
10075,material_r_nocable,3,False,1.303536877920358,0.934882774236425,36.84514010284934,307.1483298193016,19166.885799606232,2.6375314515960206,0.3791423982432061,50553.26412561058,0.3844437372312903,0.01552834,6486.78666069,6480.02329311,0.0,0.0,386.728972,,,,,,,,,0.08597843368415212,0.0528440599980202,0.08686162594388565,0.055292126791251374,6481.416355555555,6479.924533333334,-0.005109881711648411
10076,material_r_nocable,3,False,0.9549536969046086,1.192879316866043,61.03226670742853,1472.4494691391458,1879.0291416714715,2.8722479091133994,0.3481593621591941,5397.037523329029,0.3856996197628592,0.25491261,2318.15411228,2068.67181118,0.0,0.0,102.82542484,,,,,,,,,1.1718963981212733,0.055131906905121875,1.3237676460781358,0.057045928860628994,2227.116170731707,2074.4018600000004,-0.06085404335966288
10077,material_r_nocable,3,False,1.2671373407346929,1.183605210907412,19.42531948135795,869.6354258328507,2491.029956418186,4.580324306366304,0.2183251519133865,11409.725057268812,0.1770974761512643,0.11850074,2774.83479443,2648.66238196,0.0,0.0,119.98801061,,,,,,,,,0.6553145239451985,0.05307088575791981,0.6298592524072518,0.055433172688754515,2640.9626711111114,2732.7491891304344,0.01980687126233873
10078,material_r_nocable,3,False,0.8937991399079815,1.104282084797934,61.24193646032594,717.9173700490475,11982.901091494876,4.839171685622819,0.2066469356669035,57987.31567358078,0.2386071504530995,0.0570363,6900.7787889,6627.95821853,0.0,0.0,313.08705202,,,,,,,,,,0.073391899030867,,0.10645986924396918,6661.372002173914,6597.528197872339,
10079,material_r_nocable,3,False,1.05191030571281,1.3210514014820207,73.6873640556051,537.9390664514161,3058.159623586779,3.6436726642424606,0.274448363546374,11142.93262335316,0.3292977509991611,0.04212053,4435.37857155,4415.56411129,0.0,0.0,242.58007388,,,,,,,,,0.23538706249450492,0.05284624697799655,0.23589392189451874,0.05534286621045343,4431.399064444445,4412.058383333333,-0.0010754930005735894
10080,material_r_nocable,3,False,1.1312123241285086,0.9938491086702356,62.3459484793908,1791.6710755367576,2911.2917126484563,1.0405855995416242,0.9609973465330464,3029.448232246856,0.1086332512812333,0.43037628,2003.28231592,1522.67281863,0.0,0.0,47.97550175,,,,,,,,,1.6926472303607794,0.05384715757026389,1.5546532640352158,0.05426379130762156,1589.8490923076924,1721.4748100000004,0.042494979002930484
10081,material_r_nocable,3,False,1.3702468351782766,0.8647057682925631,53.26804220339116,539.014750758465,15856.89149066024,2.6419941480972247,0.378501973867052,41893.81452533703,0.40120113058845,0.03186226,7329.44958043,7186.43478019,0.0,0.0,425.66328321,,,,,,,,,0.9321466841999931,0.08440506187288489,0.9032939886179859,0.07216903033620571,7162.719719565218,7176.788827659572,0.015719764746037385
10083,material_r_nocable,3,False,1.3021570630621566,1.3472998933669555,54.09384556108369,1992.31107656527,7991.55123727511,1.1717521867744864,0.8534227725682567,9364.117637997462,0.4947776356527261,0.07934858,6953.63813566,6837.77220649,0.0,0.0,406.71042576,,,,,,,,,0.4369044904266569,0.05285206310155812,0.4369806910730668,0.05531320336222758,6877.564106666667,6872.916054166667,-8.7197549544351e-05
10084,material_r_nocable,3,False,1.2336712587034024,0.9732170326074824,28.30014515727026,1759.262736693718,11676.051176713105,4.393809387731251,0.2275929408299506,51302.34327187256,0.3394770083936602,0.13174917,3829.98315346,3505.60873038,0.0,0.0,211.10393359,,,,,,,,,0.7059798387158938,0.05298873312894624,0.7138653761584022,0.05560088306035981,3609.3544311111114,3598.279568085106,-0.005553800766378997
10085,material_r_nocable,3,False,1.0492688683990627,0.9689712848389552,39.73996029923762,1298.6983396362011,13246.193275051506,3.050846177305775,0.3277779153333477,40412.09811704435,0.2139200477750527,0.19261538,2335.24588216,1837.98539393,0.0,0.0,83.6417634,,,,,,,,,1.0179000051962643,0.053572497716353445,0.9996673290659471,0.056374197150167844,1959.0323911111109,1966.4834733333334,0.00903696041301371
10086,material_r_nocable,3,False,1.3458715543096489,1.1301026367256102,46.085301993057726,894.5082491856612,6428.295689586121,2.1040905026772934,0.475264727789787,13525.715908859538,0.1121008736614754,0.08599501,2833.90810693,2749.73637711,0.0,0.0,169.03040731,,,,,,,,,0.4716564541577058,0.05284594495294479,0.4723111163161743,0.05529021615627884,2775.7802177777776,2777.9963395833333,-0.0006935218739981103
10087,material_r_nocable,3,False,1.3713120614707854,1.127769460691088,4.939802469283015,872.6862737700072,3041.238907641743,1.9119292700337835,0.523031900642606,5814.633684685819,0.2683635499885437,0.13420801,1842.67206275,1735.38601226,0.0,0.0,101.62368505,,,,,,,,,0.7124835182699245,0.05282896373800285,0.7254329953659048,0.0553714944231066,1773.0216288888892,1763.822473913044,-0.009005722497224124
10089,material_r_nocable,3,False,1.3494321495750188,1.2871654493276354,30.705003013500917,624.6487893445324,12364.11022315716,4.324095125811429,0.2312622573982683,53463.58875094912,0.4050537036370282,0.00942087,22822.32504539,22816.64630381,0.0,0.0,1138.91850076,,,,,,,,,0.0528167210277254,0.05283116240410486,0.05262132010128055,0.055274875437265586,22817.22601333333,22819.630664583336,0.0018532298623204887
10090,material_r_nocable,3,False,1.3053753989901526,1.312585534649173,60.44203813650347,1320.357866479933,2119.1347821219324,3.3561872482170005,0.2979571537706239,7112.213133010741,0.3956951027166496,0.12473673,3682.99623713,3547.23492247,0.0,0.0,173.90396087,,,,,,,,,0.6683707387229575,0.05301659746360383,0.6789448623983226,0.05566143787967206,3618.181826666667,3562.5607148936183,-0.007848290086276008
10091,material_r_nocable,3,False,0.8318174400504262,1.3181933882382264,40.779989048070846,1563.4696312383066,7182.87589251706,1.5463242923766802,0.6466948782541682,11107.055481725958,0.4560326065504677,0.10412985,4625.22217353,4492.24791834,0.0,0.0,296.00059429,,,,,,,,,0.5810878581712314,0.053357543584139654,0.5669707769260476,0.05600906731837921,4513.341442222222,4535.6357446808515,0.012296481045140747
10094,material_r_nocable,3,False,1.0768168046441235,1.3088668843413438,38.25367272627781,1028.3237682345598,19510.51540285135,2.154269327546532,0.4641945123634501,42030.90489698683,0.101381634097514,0.02634332,14341.52851568,14311.99328503,0.0,0.0,749.62457283,,,,,,,,,0.14828163042739406,0.052841328831543924,0.14698626771132584,0.05530100732577786,14314.485219999999,14321.854883333333,0.004387076022262509
10095,material_r_nocable,3,False,1.3046353723087851,0.9612493876226768,84.11898680815109,1828.4833467787648,14418.560877332777,1.1161781711670211,0.8959143135315476,16093.682910921656,0.4983160156561704,0.08564391,6008.82352838,5884.43435856,0.0,0.0,376.5009201,,,,,,,,,0.4790991555985537,0.05296704528781814,0.46146671614411916,0.055227728920543895,5865.8836200000005,5980.055864583334,0.018746629007243592
10096,material_r_nocable,3,False,1.1273059774668857,0.8759062246788603,80.66675462585842,1981.6252608995085,14301.923738847616,1.3314354542153772,0.7510690787405131,19042.08832938626,0.3726700096682047,0.21953451,4013.25509274,3325.73111687,0.0,0.0,169.83633592,,,,,,,,,1.3207749845838292,0.05402376164926395,0.9966853618870141,0.055043077710911235,3108.6013095238095,3587.604417777778,0.139846890234975
10097,material_r_nocable,3,False,1.1653809750348072,1.3965117840772296,21.0152066461432,710.8551465273142,14204.9040547096,2.703740300652099,0.3698580073533009,38406.37155961475,0.4045068982118667,0.01071379,20963.16647557,20957.48515539,0.0,0.0,1198.00542126,,,,,,,,,0.06005323859887054,0.052834509667289774,0.05973567931821504,0.05527536463756641,20957.008715555556,20961.466522916668,0.0026509904770598744
10098,material_r_nocable,3,False,1.1687879657099485,0.9340795270676944,21.960393029868136,459.206813368125,5594.9699193499055,1.776477099802356,0.5629118439586168,9939.335935808142,0.2307767386080846,0.14563148,1441.02048925,1263.68230225,0.0,0.0,62.45703526,,,,,,,,,0.7368398598565804,0.05290591717153525,0.8486772395713205,0.05646193098741717,1306.4697590909088,1227.4921130434782,-0.0705368486754852
10099,material_r_nocable,3,False,0.8819432151766677,1.350728989723009,36.53162172476103,1116.3743866096686,11756.87091033398,1.3887341350920823,0.7200802333080789,16327.167955051926,0.2962361020813564,0.05407783,6851.29257418,6791.62774155,0.0,0.0,421.35407494,,,,,,,,,0.30481079127963767,0.052950447392187634,0.2995397137362809,0.05544863970038827,6792.628171111111,6809.4260979166675,0.008721888208264045
10100,material_r_nocable,3,False,1.2837049750285887,1.3469561502624532,13.770051622057524,551.3171202397263,10185.68796202478,4.755070368070831,0.2103018299612899,48433.6630066398,0.4843296005895818,0.00714964,26761.77993081,26758.36716098,0.0,0.0,1366.68593122,,,,,,,,,0.04002459204486762,0.052835612808113795,0.03985347362613229,0.055275642804626574,26757.920204444446,26760.92419791667,0.002142245399883967
10101,material_r_nocable,3,False,1.32452851542976,1.2541142277555843,52.02968025990506,1610.9446167340725,16270.626721050918,4.404550374625589,0.2270379300827057,71664.79501959794,0.2306904625278432,0.02619645,21941.59763374,21894.99350498,0.0,0.0,1060.6521131,,,,,,,,,0.14684130223682504,0.052835869145851276,0.14633848632669652,0.05528938124846856,21914.46317777778,21905.365224999998,0.001715042884068305
10102,material_r_nocable,3,False,1.0741559468507529,1.3220458390278609,73.1369753326232,1666.180777629459,7423.295752160774,2.681094745285998,0.3729819700546717,19902.55923382212,0.1529343076561055,0.08083194,7638.38492071,7509.59708237,0.0,0.0,393.17551735,,,,,,,,,0.4429903262290402,0.052906528524429536,0.4531416332505252,0.055572481751706086,7595.728717777777,7486.3244583333335,-0.01132791539694714
10103,material_r_nocable,3,False,1.157308357676421,1.2277444268478055,35.97847990340104,931.2730839008112,9031.094197621347,3.53217455619014,0.283111716052509,31899.40113939453,0.1398021685319728,0.04375333,7978.42273423,7930.7724422,0.0,0.0,385.46726921,,,,,,,,,0.24541010757582254,0.052875009176767386,0.24318466595799784,0.055336757563126296,7936.260522222221,7953.77303125,0.00455477982649902
10105,material_r_nocable,3,False,1.1648087910103817,1.209021018871001,64.50143728288612,1749.20726644733,7208.398925256392,3.062519357681956,0.3265285482985184,22075.861246491502,0.4287627725080255,0.08289195,7019.83440487,6867.41051499,0.0,0.0,356.67172205,,,,,,,,,0.45476754277274417,0.05288705244360901,0.4600045381874915,0.05547598971241446,6957.147053333333,6877.3937375,-0.005724918287022975
10106,material_r_nocable,3,False,1.3442016830995338,1.0072546706412582,63.01067221841752,523.2097106398065,9021.561327829382,4.983126999729173,0.2006772053079018,44955.58583241916,0.308376373204045,0.03543792,3782.45345947,3755.77352002,0.0,0.0,251.60005099,,,,,,,,,0.19714457951131759,0.05284754547409773,0.19723373719306106,0.05529319362352221,3764.6558822222228,3764.099852083333,-0.0002260714597306453
10107,material_r_nocable,3,False,0.9344648318588716,1.2135827184706534,43.66811911464431,1539.5781615761057,16130.630589525646,2.2612610227780063,0.4422311223369866,36475.56622492496,0.1059050288420574,0.07195472,9300.83731535,9120.10501382,0.0,0.0,456.83989381,,,,,,,,,0.40658470784923006,0.05307942712732051,0.3982907445262268,0.055710510379653515,9141.308866666664,9151.0011875,0.010304654339407407
10108,material_r_nocable,3,False,1.082137380923393,0.8994382583748798,12.18774516347371,598.3208361526902,4079.8706772566416,2.557646677793069,0.3909844188732416,10434.867683510807,0.4619659288071275,0.23069976,1086.09861372,801.28028556,0.0,0.0,36.79012228,,,,,,,,,1.1089886412933734,0.053199994051512836,1.2132258291512477,0.05646175217968294,890.1211809523809,774.8359499999999,-0.04488697714381075
10109,material_r_nocable,3,False,1.399205517206874,1.341765132303402,81.42154249368728,1696.1986359077016,13691.183682821142,3.449865412751121,0.2898663803822255,47232.74104698717,0.4000765849666555,0.02251543,24666.47724231,24633.83680443,0.0,0.0,1279.40262154,,,,,,,,,0.12577193386841318,0.05283257088564321,0.12589148524475482,0.05527792969105115,24655.677604444445,24633.480922916668,-0.00047504471155534897
10111,material_r_nocable,3,False,1.0653087028674664,1.2388205598672293,52.11028936510818,205.3892181072326,12115.12326817898,4.6887917357287945,0.2132745612009075,56805.28985717323,0.3564530429025705,0.00452873,16553.56276477,16552.51023482,0.0,0.0,853.22388823,,,,,,,,,0.02554723627754295,0.05281787545897481,0.025341025641728562,0.05526693664977044,16552.978402222223,16552.697752083335,0.004052223991094822
10112,material_r_nocable,3,False,1.2997933459673157,1.0897634247944703,5.63274805812941,1106.0191289081486,3887.926192840917,1.1680179796019976,0.8561512044024787,4541.167696603735,0.111299334348109,0.20429075,1771.22692752,1606.57545332,0.0,0.0,82.51196408,,,,,,,,,0.9966303046796658,0.052713300200750664,1.086199616717238,0.055530659123680826,1709.715164285714,1599.2750065217392,-0.043003661085058854
10113,material_r_nocable,3,False,1.050873057271049,1.3453099454340154,83.9575801797963,250.6119609682496,13824.639048862718,4.321516272616503,0.2314002625274255,59743.40261270977,0.3627856943474636,0.00328813,26110.79917657,26110.09048652,0.0,0.0,1460.27231714,,,,,,,,,0.01843926673187552,0.052833593814288,0.01840540914616575,0.05526032051123551,26110.716157777777,26109.910552083336,0.0009189274950291822
10114,material_r_nocable,3,False,1.2791639088443183,1.159189781530647,9.262312549495553,261.35682250637893,12417.940422250287,1.0099661521908454,0.9901321918866028,12541.699506395284,0.1352700260354169,0.01928579,3802.26132731,3796.97409363,0.0,0.0,228.98596693,,,,,,,,,0.10753521020134851,0.05283455382993078,0.10783851479391236,0.055279264991054934,3799.8808022222224,3797.5543229166674,-0.0014082710997849132
10115,material_r_nocable,3,False,0.816710389698931,1.2323909619931752,61.821771365843375,703.6088746609129,1074.0677104264173,3.5463446895718445,0.2819804862568876,3809.0143211113145,0.2198533480158136,0.19705576,1448.66101208,1322.30476263,0.0,0.0,77.72607557,,,,,,,,,0.973863068149536,0.055346922713240335,1.1013531801758913,0.05680497888060891,1381.129575609756,1312.5947521739133,-0.061434615370437665
10116,material_r_nocable,3,False,1.3195675332381085,1.2767228229398273,18.54818756037521,992.951406862185,14295.368332111038,3.952594337191094,0.2529983890809925,56503.79191756299,0.4039894406810378,0.01457649,23013.10122977,22999.06825709,0.0,0.0,1168.61183364,,,,,,,,,0.0816084515621046,0.05283542721940466,0.08131048933829337,0.05527672609665094,22998.629584444443,23008.2502625,0.001828898605432221
10117,material_r_nocable,3,False,1.3504057815802852,1.3276360998465733,2.60431409467202,1154.5878093322497,7816.650878061314,1.0329215042254307,0.9681277772892162,8073.986782972126,0.4390504886035328,0.05437907,5766.86161451,5719.34316471,0.0,0.0,346.8988143,,,,,,,,,0.3017057130606777,0.05283572674652846,0.30179132905286066,0.055279656919049534,5734.586046666667,5734.863035416667,-0.0001418664652988025
10118,material_r_nocable,3,False,1.3149201298108926,1.0848686091192976,46.78102258364724,1198.1780049344682,17413.080030652683,1.0878799305555806,0.9192190901888406,18943.340294505208,0.3587551416137602,0.04692644,7084.7489414,7035.48185878,0.0,0.0,437.62369618,,,,,,,,,0.26004130448477486,0.052832097460321456,0.26084537788466794,0.05526811312898816,7050.014033333334,7053.0530625,-0.0015436628101825499
10119,material_r_nocable,3,False,1.2552630933282058,1.094078048444436,78.20029925383861,832.1075414850909,19115.5107855219,2.3477762363033934,0.4259349696692194,44878.941967049526,0.3308474448735168,0.0287926,7814.79691031,7782.7929405,0.0,0.0,476.19146258,,,,,,,,,0.16058860140153855,0.05283825578438267,0.16059263470241747,0.055284825661634916,7796.237475555557,7790.175552083335,-1.2557710182091898e-05
10120,material_r_nocable,3,False,1.291044553873611,0.983668995225238,37.237634166029295,1376.066174855714,10081.910992951443,1.204771624960033,0.8300328288634569,12146.400289680534,0.4705591226903718,0.09560127,4070.91819493,3961.35562628,0.0,0.0,248.07925918,,,,,,,,,0.5185529324564356,0.05282115229351542,0.5263606073671777,0.055315769878361176,4008.2566533333325,3987.4062020833335,-0.007472077462083661
10121,material_r_nocable,3,False,1.3900550586596538,0.9015204100491668,69.51175172947544,1072.0771300872932,5696.276486173118,3.7856968323914297,0.2641521612200252,21564.37585013136,0.4266527120823753,0.11069324,2831.76545388,2719.51171018,0.0,0.0,181.98378594,,,,,,,,,0.6209324601424029,0.053095025957798386,0.5860617039899854,0.055243412301119614,2697.507846666667,2763.5376382978725,0.028890575603970157
10122,material_r_nocable,3,False,1.3261508564189235,0.9451481614914046,37.324366879111416,1881.980470937673,9463.311263499829,2.2225325818519,0.4499371609512069,21032.51761533444,0.1552235781199521,0.15832855,4441.39287139,4028.65474279,0.0,0.0,230.86833528,,,,,,,,,0.8192146026267938,0.052883678660728344,0.8582689516719554,0.055462426899245666,4084.018955813953,4012.6745326086952,-0.023281509344804135
10123,material_r_nocable,3,False,1.2668282938097142,1.3492944261286328,24.818998066089392,1407.2802609981773,7010.854555535601,4.146717899135834,0.2411545767818924,29072.03607367748,0.4185681933501387,0.03273737,14826.97832495,14787.62383704,0.0,0.0,761.52741503,,,,,,,,,0.1833674868901476,0.05285077124592084,0.1820684655665927,0.055293937424654535,14786.93822222222,14812.737758333335,0.003554716811035894
10124,material_r_nocable,3,False,0.834063756224925,1.1579610010363566,85.99032634326011,1436.1038598116158,18191.483923536078,2.716563900841812,0.3681120844203661,49418.328529422266,0.3872612899701021,0.06825217,9133.62401187,8793.81932669,0.0,0.0,460.45490584,,,,,,,,,0.3411328091733938,0.05292913283060174,1.151170646251275,0.07057003496535522,8921.409495555554,8723.0441125,-0.5428104010168404
10125,material_r_nocable,3,False,1.1983818644182909,1.0887319416111545,17.28692439430495,1573.486468670867,2707.818576552342,3.0209088322352744,0.3310262095066489,8180.073053997719,0.2749703600867307,0.25215534,2432.31191313,2031.74266505,0.0,0.0,78.87991646,,,,,,,,,1.2644984490930622,0.05330343024233511,1.1796280587845633,0.05557978190393481,2050.0074857142863,2248.3962733333333,0.034724221530659086
10127,material_r_nocable,3,False,1.3704537926818308,0.8272105438397354,82.44538178621373,334.32156602869406,13947.449685731755,1.7368001570117104,0.5757714818039699,24223.932804091844,0.1982388184743955,0.05224528,7586.46709462,6647.95117787,0.0,0.0,400.41949341,,,,,,,,,,0.274201925339496,,0.08444282192809954,6394.787624444445,6606.747326415095,
10129,material_r_nocable,3,False,0.90410224355894,1.3620255380815909,58.34111143802758,1800.5636575022208,13969.13267775881,2.788531852719956,0.358611646850866,38953.37142680165,0.2636984248391326,0.03549628,16801.17985183,16742.54490481,0.0,0.0,1031.24143814,,,,,,,,,0.20041414745888397,0.05284635396824932,0.19858900120582262,0.05535189664407124,16768.00546,16741.975627083335,0.004574265288806206
10130,material_r_nocable,3,False,1.2576568546711602,1.2940043163145185,83.21231281461489,1639.145662737605,19728.52063604576,3.169769728621076,0.3154803299970384,62534.86750261406,0.3156916744049755,0.0230681,23698.63346033,23662.84401475,0.0,0.0,1234.68173058,,,,,,,,,0.12883475387179708,0.05283262052065974,0.12904772983083523,0.05528048106567351,23689.75703333333,23659.533429166666,-0.0008258643859027818
10132,material_r_nocable,3,False,1.253591704282484,1.1076331365984895,58.86063167426181,1698.1225008752576,7056.18145171762,4.033866495734584,0.247901114490874,28463.69394590752,0.4195055644884354,0.09289984,5963.75903244,5750.14268395,0.0,0.0,293.34694442,,,,,,,,,0.5079359914500704,0.05288955554787819,0.5113302559208285,0.055438056546104425,5850.339526666666,5788.808152083334,-0.003330105828102583
10133,material_r_nocable,3,False,1.0357777839992042,1.035033103366631,14.44289180541934,1385.0786324182804,7966.674858717197,3.407918431712313,0.2934342532070372,27149.77809048142,0.3239461300995417,0.17330896,3063.61878164,2637.9976824,0.0,0.0,116.5467892,,,,,,,,,0.985950047482879,0.053703291803256656,0.8577630082313907,0.05557697867711764,2584.548146666666,2947.6327456521744,0.06952656697537324
10137,material_r_nocable,3,False,1.3856546561364305,1.003176199084017,28.14801773968879,1802.2714094898647,19605.706940693843,3.978287335902969,0.2513644479561016,77997.13563358724,0.1601013905450155,0.06107042,8390.25182436,8308.58529204,0.0,0.0,535.73314257,,,,,,,,,0.3352927474417347,0.052849600671508935,0.34049872463767245,0.05536603214938351,8349.720953333333,8308.377639583332,-0.007703526029884591
10138,material_r_nocable,3,False,0.8094695603240326,1.0488126758816696,23.257404487122223,973.8624076768238,6097.26315966468,2.6621071463144386,0.3756422807340616,16231.567830303098,0.4498922928751864,0.20855241,2532.22901088,2104.48319951,0.0,0.0,104.9413517,,,,,,,,,1.3995839173521192,0.056855303883638665,0.964953940858148,0.05748470986692503,2042.3692930232558,2232.6249113636363,0.18381180702386604
10139,material_r_nocable,3,False,1.0429408129646018,0.8815030116331825,89.3239205242216,594.4689677898455,18219.111220025952,1.02263690840009,0.9778641781710132,18631.53557184473,0.4534730690426747,0.17380705,2734.39896607,1825.07914609,0.0,0.0,82.24414695,,,,,,,,,1.8161452292586537,0.0582739390624453,3.1144959202932636,0.05879918868002838,1680.9748066666668,1852.2681437500003,-0.2633228928356712
10140,material_r_nocable,3,False,1.101205850882119,1.3099419665960206,78.80713457297706,402.3154976420967,7140.575403347423,2.7726958387108973,0.3606598264542884,19798.643706862786,0.3111061459901045,0.01827372,7427.21548137,7420.72307399,0.0,0.0,405.46955225,,,,,,,,,0.10241122216865525,0.052831654059179764,0.10229408291764355,0.05527472929583687,7426.104493333333,7419.539754166667,0.0005722335870207012
10141,material_r_nocable,3,False,0.8585190421353859,1.1275342974220728,57.30957860449287,1089.110733383211,13299.446872237662,2.0733838412196004,0.4823033632845246,27574.858242056125,0.1485300299907689,0.00446568,4321.44053885,4313.48336934,0.0,0.0,192.65207943,,,,,,,,,,0.10674842355069371,,0.1395937308579658,4313.24799111111,4312.4979791666665,
10142,material_r_nocable,3,False,1.111731893034977,1.1299248181784154,67.00316479833695,227.7726532345132,11035.4043926096,3.1997012286665893,0.3125291796124133,35309.996993865614,0.4991715699677854,0.01045158,7005.97158083,7002.48736467,0.0,0.0,374.3986259,,,,,,,,,0.0585997429613472,0.052829588302714205,0.05847698381842413,0.055273204749059994,7004.637508888889,7002.610970833332,0.0010485358303020116
10143,material_r_nocable,3,False,1.3894442774398916,1.2182434592634066,72.5046166771198,689.6371650126914,19229.214492478364,3.933263981399722,0.2542417708877328,75633.57675387469,0.4056915109447914,0.00838994,26461.48933283,26455.40984764,0.0,0.0,1372.59971081,,,,,,,,,0.04694750321413551,0.052831982109220306,0.04692252513485399,0.05527380689173797,26458.91487111111,26455.877589583335,0.0002660921672320942
10145,material_r_nocable,3,False,1.2423418716893493,1.310117314340052,7.318743813675644,597.9401051211537,5068.375578714555,1.217014239134626,0.8216830730847184,6168.285248577814,0.2990354087383733,0.06101225,2731.90514778,2699.73221448,0.0,0.0,161.1348391,,,,,,,,,0.33890508364989685,0.05285348862847559,0.3369877621729951,0.05528045454681876,2704.0940644444445,2715.8552020833336,0.0028367240291875713
10146,material_r_nocable,3,False,1.236181389971764,1.1382059647470817,79.82140186124636,822.8531626610486,9148.798558334172,4.05991112853698,0.2463108103453382,37143.30907972399,0.3147135339687446,0.03910713,6918.05403611,6870.5940717,0.0,0.0,352.51975781,,,,,,,,,0.21761867141331578,0.052835645895322365,0.2185124624988752,0.05531190363633791,6903.222922222224,6869.1242375,-0.002049363175570442
10148,material_r_nocable,3,False,0.8572488487092054,1.2700432317026709,65.91337843454747,1719.2976260572116,3853.1100646430536,2.5377517818493693,0.3940495706287148,9778.236932209647,0.1642851518303916,0.1743534,3997.23606484,3706.12066462,0.0,0.0,213.30372309,,,,,,,,,0.8800930403681865,0.0542531145019681,0.9938455494766056,0.057864019621418954,3834.9874431818175,3660.704373333334,-0.0607023675828356
10149,material_r_nocable,3,False,0.9371712241069649,1.1824900618994865,44.69574519343888,1865.444850729729,4337.246625936739,3.582607941648388,0.2791262723377684,15538.654206968638,0.3193802408714166,0.16838206,4432.87906789,4117.10129133,0.0,0.0,209.79178919,,,,,,,,,0.9020430955911827,0.05438637053859969,0.8872498208042928,0.05747023172887201,4208.963361363636,4215.312445454546,0.008267665205253735
10150,material_r_nocable,3,False,0.9215668785279084,0.9874352297840774,67.12066160241126,1226.066269821902,19032.70009045223,2.6940759662036173,0.3711847819232653,51275.53988564876,0.1142865367687661,0.19923214,4219.41751263,2855.44469861,0.0,0.0,115.18759909,,,,,,,,,1.6542863017193492,0.05371608562726495,1.2633780383624673,0.059493827426403995,3153.669831818182,2713.522958139535,0.1339798612152624
10151,material_r_nocable,3,False,1.2843356872453369,1.1671098463027851,87.0062244485428,211.4828330668584,18242.09420600158,4.008447338186612,0.2494731539749732,73122.47396299645,0.2888049884453239,0.00437675,15760.21615905,15758.97101591,0.0,0.0,812.91760654,,,,,,,,,0.024468407255529658,0.05283316268910082,0.024485039611210138,0.05527354230214789,15759.838380000001,15758.925260416667,-0.0003397586226309449
10152,material_r_nocable,3,False,1.1734589432916294,1.277589241300627,12.57091273562328,1372.289175858916,3460.4731883875083,1.8541094750053555,0.5393424786835264,6416.096126591271,0.2330508683665123,0.17245522,2711.65469275,2524.43901433,0.0,0.0,125.22902143,,,,,,,,,0.9337459739420992,0.05316933268003316,0.8701592361046876,0.05541591905421005,2512.2254844444446,2648.6574177777784,0.03524948954261429
10154,material_r_nocable,3,False,0.8949979512279166,1.3915425759938764,43.57551937158503,725.5988587855551,14314.387541076643,2.245332394362517,0.4453683572689533,32140.55805143861,0.2099073562793101,0.01606173,14959.94737311,14949.46340213,0.0,0.0,933.03081526,,,,,,,,,0.09082841254995405,0.052821391789512305,0.08975295254448173,0.05529033125547908,14950.925313333331,14951.56750625,0.005955542560606411
10155,material_r_nocable,3,False,1.2946234034246766,1.3684296540779255,12.005869918336249,1080.1001593044718,16115.27463556143,4.391863391528897,0.2276937852686441,70776.08471635643,0.3985152777334045,0.01011963,37291.52651731,37282.33533333,0.0,0.0,1900.20883085,,,,,,,,,0.05663576789399265,0.0528371178352031,0.05637717603574089,0.05527608628768384,37280.89494888889,37289.44214166667,0.0022881614199214014
10156,material_r_nocable,3,False,1.119676452252047,1.0580052865480027,45.44378247158053,667.8612601969282,5463.168502450573,2.3364522179220377,0.4279993369131967,12764.43216443246,0.4871896918350537,0.10295155,1941.30454028,1833.93317834,0.0,0.0,101.8657491,,,,,,,,,0.5631476434637532,0.05293839823693871,0.5622602555559262,0.05546051212808415,1867.701946666666,1869.4639666666665,0.0007885033582935032
10157,material_r_nocable,3,False,1.0495903630652423,1.3733636201167418,58.08309140579985,1108.009067597688,8896.650359648243,3.310162817904524,0.3020999434200168,29449.36122440453,0.1826806709939343,0.03072633,12942.14507598,12910.95694674,0.0,0.0,710.37241751,,,,,,,,,0.1733417448918895,0.05283713901761276,0.1718488032451575,0.0553182822142427,12925.152317777778,12911.235997916665,0.004324978348304235
10158,material_r_nocable,3,False,1.0072379279414363,1.350878641544167,8.401413818036588,1082.814839113952,10936.281537128712,4.571986733363944,0.21872329433997,50000.53410008551,0.208062627857496,0.0189578,20654.62854233,20634.5957112,0.0,0.0,1142.89793816,,,,,,,,,0.10601105500269765,0.05286134432139657,0.10463849692565223,0.05527631212393737,20628.575944444445,20649.2997125,0.006515836679834392
10159,material_r_nocable,3,False,0.9229253298686048,0.8667294029196493,50.75679496250024,615.7952890461931,4477.506222202532,2.0538852584896503,0.486882115671526,9196.284024577464,0.1955370526312775,0.33491091,1407.13452866,673.19664249,0.0,0.0,14.88468943,,,,,,,,,1.498110384268175,0.05383454762680513,1.4409083563743623,0.05708024203265545,706.4342399999999,722.2629190476191,0.019462968065765755
10160,material_r_nocable,3,False,0.882340625899697,1.3108949822477185,19.90614559960835,1324.1903287656012,10249.712000718206,1.2462383305614153,0.8024147351891449,12773.58397251036,0.494125762642376,0.07765192,5083.39557946,4994.4897953,0.0,0.0,323.91384734,,,,,,,,,0.43871771153171335,0.053062347178127856,0.4203889269251685,0.05538913194420761,4979.5602733333335,5054.097485416666,0.02133470256901614
10161,material_r_nocable,3,False,1.1806187042388891,1.1771341371011947,1.688053830082352,955.5143789168396,12264.199403154043,2.0470929762315566,0.4884975971344865,25105.95645729989,0.1267923951265725,0.0600511,4896.39735665,4820.68005078,0.0,0.0,264.25401066,,,,,,,,,0.3346398356242097,0.05287673212753815,0.3309892870290091,0.055280721208439944,4817.134453333334,4871.69746875,0.005484358287464023
10162,material_r_nocable,3,False,0.9176966103500184,1.3974639964161055,81.18830377413964,420.5518044917253,5026.006744751716,3.877241040278141,0.2579153551743749,19487.039619466097,0.1427278702868353,0.01561656,9244.50559465,9238.53078494,0.0,0.0,559.67214253,,,,,,,,,0.08843593351318504,0.052839275963952874,0.08741148552020152,0.05525243830642465,9242.432726666666,9236.970241666668,0.0058257778170120525
10163,material_r_nocable,3,False,1.279806569509545,1.3775115203273574,88.34776989095661,1806.309934640013,3321.252717372691,3.5364991831012773,0.2827655113787035,11745.60752186142,0.4086805612907985,0.09037419,6851.05050347,6724.4072311,0.0,0.0,345.56803524,,,,,,,,,0.4893698646278174,0.052814053617359455,0.5023654935968062,0.05536733473637225,6823.561413333332,6708.907077083332,-0.01310392824175712
10164,material_r_nocable,3,False,1.3340614547183,1.186087575243753,32.61682444580102,666.2222618435935,17008.066088401316,2.2876202660056726,0.4371354874146408,38907.99666939068,0.3017303474161006,0.01710619,10889.01266273,10876.7444911,0.0,0.0,642.44279516,,,,,,,,,0.0955786541247357,0.052834538542348555,0.09554685804203021,0.05527721806021423,10879.639213333334,10881.680010416667,0.00016636231524000975
10165,material_r_nocable,3,False,1.0211583075354356,1.0674801877164772,38.99953291220736,363.3987099559687,6570.984804174025,3.0712849080890323,0.3255966248413615,20181.366460342048,0.4761419330777764,0.06393797,1976.91322778,1920.97375717,0.0,0.0,97.43738564,,,,,,,,,0.35842479943256805,0.052953659914375006,0.35386493629972104,0.05543031979476261,1932.4553999999998,1945.5235645833334,0.006401697096138997
10167,material_r_nocable,3,False,1.020545680512948,1.3740852836313655,11.87318528525924,1450.7569223862704,12449.497965597064,3.9074915106444585,0.2559186622097282,48646.30761235598,0.1729045709241644,0.02444215,21447.24282148,21412.63165681,0.0,0.0,1189.092528,,,,,,,,,0.13680867476458,0.05286366521525552,0.13501160824917877,0.05528113613089872,21403.33011777778,21435.55861041667,0.006611230388978269
10168,material_r_nocable,3,False,1.1670838902638925,1.2694860722342625,52.17529570164834,1535.1477181666278,5021.134428424046,3.7079040249958575,0.2696941434456673,18617.8845571988,0.3046996115452159,0.084392,6569.23572355,6446.10792153,0.0,0.0,322.12115962,,,,,,,,,0.4660381416454045,0.052978259075997326,0.46651354274461737,0.05556709892908132,6500.576893333334,6471.065254166667,-0.0005097852560566703
10169,material_r_nocable,3,False,1.2495300370028168,0.9192564427570906,76.49218838357606,601.8440844708284,4758.40970259658,3.750114538268865,0.2666585219718707,17844.581404747063,0.4025518632028753,0.13420512,1671.60484052,1485.40405261,0.0,0.0,83.7554286,,,,,,,,,0.7660870246651453,0.05339768456894106,0.6927726979465358,0.05540555568063814,1440.3040133333334,1532.5135760869566,0.050254541668585284
10170,material_r_nocable,3,False,1.0909313121773192,1.2504691871571127,47.34349232489887,201.6702898416732,4360.990302406879,2.5691391496307623,0.3892354371477778,11203.99091707361,0.1741964743132177,0.02366852,3079.14064718,3074.1052456,0.0,0.0,158.31804488,,,,,,,,,0.1332311874182348,0.05283305771404161,0.13227839053188906,0.05529436300241811,3075.76452,3075.4132312500005,0.003588559379672307
10172,material_r_nocable,3,False,1.0887895313157945,1.1478582281833862,18.452105362822625,695.7468068665303,9768.97213201974,2.7083410569374173,0.3692297162643159,26457.70830922652,0.1856294094976495,0.05729477,4333.43371073,4273.16731694,0.0,0.0,213.52760526,,,,,,,,,0.32160000948520484,0.05292966638489935,0.31513983290946224,0.05531898376060598,4265.341386666667,4317.52208125,0.010145708098690686
10173,material_r_nocable,3,False,0.940554650456415,1.161594761003162,86.4361405753499,679.7160974715381,14053.275743022814,1.6645849369110164,0.6007503599400028,23392.87111609275,0.3861363228769839,0.05935238,4339.99060293,4274.86451354,0.0,0.0,221.0529868,,,,,,,,,0.32465168739035716,0.052835993255997755,0.3375472514990328,0.05563213219355987,4326.403895555555,4256.860314583333,-0.019473851967059183
10174,material_r_nocable,3,False,1.2059677318604027,1.010202195681281,57.749857099203226,517.9813626222062,15020.460714399276,4.862860702403651,0.2056402725057932,73042.40814005012,0.4687731100391038,0.02717616,5221.29858525,5188.37680997,0.0,0.0,313.90466861,,,,,,,,,0.15153726941433246,0.052841552153391376,0.15169781439050814,0.055295859831089526,5202.459355555555,5195.55361875,-0.0005294406378089345
10175,material_r_nocable,3,False,0.9191458253449492,1.0952336886726082,57.338954257968126,1479.2359445065977,8123.306154437272,4.995358783887072,0.2001858211317232,40578.82875277214,0.1183110129885811,0.12816223,5718.45998064,5309.82297828,0.0,0.0,242.56882756,,,,,,,,,0.6857683219497874,0.053599351268541644,0.7407243102737415,0.057273873699312465,5471.1769340909095,5305.312702173913,-0.03852525213417477
10177,material_r_nocable,3,False,0.9362293057094868,1.228185239672077,63.14629926740344,589.7330652724422,18363.51821403856,3.40728512344528,0.2934887935028017,62569.74242481004,0.4691320468256333,0.01131216,17599.80290714,17592.07877955,0.0,0.0,1004.09437613,,,,,,,,,0.06387942976362361,0.05281922446056141,0.06332814000075825,0.05526737338128764,17597.15002666667,17591.82170416667,0.0043337811097757944
10179,material_r_nocable,3,False,1.0829531715697662,1.174320345913196,31.54013992222476,1724.2472890712063,6545.480373590755,3.9106955116299496,0.2557089901338821,25597.380718463293,0.1923265558620309,0.11926109,5785.05455497,5535.5637356,0.0,0.0,257.35314195,,,,,,,,,0.6654630070563824,0.05333127957482564,0.6353495051611405,0.05579171026226743,5543.321153333333,5673.999871739129,0.023149763407415827
10180,material_r_nocable,3,False,1.188924725834798,1.2713212788150217,70.62448610518709,1438.5417007407375,1411.897505794783,3.081443151603366,0.3245232674435906,4350.681899997207,0.3270542645756564,0.23918828,2403.48991444,2157.74657854,0.0,0.0,92.74359395,,,,,,,,,1.118185874610268,0.05375939349838578,1.2417271219176838,0.05687569928093462,2320.446658139535,2144.488427272727,-0.05234991607282862
10181,material_r_nocable,3,False,1.0807651819721154,1.317557070616563,10.870523768782403,1557.5870397219417,8039.062825411232,4.986709071831178,0.2005330540834595,40088.46752049897,0.1816264364015609,0.0403048,14889.08213581,14822.62157706,0.0,0.0,756.67097684,,,,,,,,,0.22577528308947267,0.052886506548233445,0.22176927338170874,0.05529195891973975,14804.170686666665,14871.655320833335,0.008951085763059422
10182,material_r_nocable,3,False,1.059044642302763,1.2492703085943906,14.549532183919371,225.45440410692856,8080.144515345501,1.4202540154325711,0.7040993999199691,11475.857693194916,0.4778261827603043,0.0165264,3938.06987204,3934.4516092,0.0,0.0,237.26517218,,,,,,,,,0.0925084821217598,0.052838847335375444,0.09209757277853221,0.055276903299644686,3934.287888888888,3936.877904166666,0.0022258714290250303
10183,material_r_nocable,3,False,0.8625969969328193,1.250873599485709,36.59149057773072,1321.04058392629,13568.45659439606,4.6144841093305855,0.2167089486727191,62611.42734298241,0.1404971519886713,0.02819182,17957.89644548,17907.10830014,0.0,0.0,1001.22440272,,,,,,,,,0.15920454735789433,0.05285768645292485,0.15690242196378343,0.05534358432109114,17908.62143777778,17923.42066666667,0.007282741658783874
10184,material_r_nocable,3,False,1.2152533985947889,0.9724932883565288,67.17174419577526,1429.6485045361512,6393.579306864771,2.522769744847712,0.3963897228600881,16129.528436642851,0.1645268993717302,0.20681084,2243.53176056,1997.61447269,0.0,0.0,104.26492472,,,,,,,,,1.0886367157143586,0.053119632640406464,1.023720760335118,0.05526648100322401,2004.7644690476193,2126.0141304347826,0.030731519695542373
10186,material_r_nocable,3,False,1.1538395521917602,1.3187698669758725,82.87940782267026,378.094490740154,8793.289286575931,1.5632290026226483,0.6397015397758663,13745.924841226511,0.1309270191753089,0.02539865,4764.08816481,4755.87481526,0.0,0.0,264.55917108,,,,,,,,,0.1418468789186863,0.052832827714814706,0.14212092330338347,0.055284340058440885,4762.396562222222,4754.720104166667,-0.0009650544271313362
10187,material_r_nocable,3,False,1.3450872617264442,1.0922667411775842,20.224198155026208,625.5460262436682,6533.4599129112485,2.642800791090181,0.3783864464439978,17266.633026397834,0.3964172142829735,0.04290404,3924.37681484,3894.14448858,0.0,0.0,240.37401528,,,,,,,,,0.23846516498022627,0.05283898407027126,0.23892665327659413,0.055287896079490056,3901.7476444444446,3905.946852083333,-0.000966686647569632
10188,material_r_nocable,3,False,1.2626670988907762,1.2059417247915505,77.16428268113299,1908.1725899792552,7294.571253857055,4.254691742991791,0.2350346536026192,31036.152082450888,0.2123356916835483,0.08660309,8034.32925825,7837.09741326,0.0,0.0,370.98911509,,,,,,,,,0.471778922539056,0.052858047119559715,0.4818744949736251,0.05546658934618548,7980.656308888887,7822.167018749999,-0.010586206948117873
10189,material_r_nocable,3,False,0.9105002365783348,1.2015825649907212,12.433273591764644,337.1044135229005,8161.169512436122,1.9926928035592848,0.5018334979751177,16262.703756058898,0.2148190806105731,0.03857702,3711.00229353,3685.72368836,0.0,0.0,187.19231517,,,,,,,,,0.331486972053053,0.05597032046480246,0.21193722704997933,0.055299887466822226,3678.826048888889,3698.9493875000003,0.21999341435364977
10190,material_r_nocable,3,False,0.8636675326471214,1.3367088631365007,76.39146984689222,235.555746526362,16963.219147326876,2.230449077067324,0.4483402065896239,37835.59649124598,0.2518722207652809,0.00538098,14844.92976764,14843.62418169,0.0,0.0,911.46813859,,,,,,,,,0.030618251370409664,0.05283344654261287,0.03013228747531009,0.055249314591916135,14844.419957777778,14843.31475625,0.007999334727445177
10191,material_r_nocable,3,False,0.97983844257327,1.0736404750541584,76.94458819436397,819.1811039000156,17179.349808893112,3.897015644549848,0.2566066167577606,66948.19496845089,0.1421267614441472,0.06759875,5771.19667077,5585.04597053,0.0,0.0,242.05788729,,,,,,,,,0.368222409084649,0.052880686587902376,0.3961393299956897,0.05616639753746409,5717.381668888889,5542.7901249999995,-0.036523179384449114
10192,material_r_nocable,3,False,1.0577007283650104,1.0689833350462137,24.46305705972453,1446.085508649026,18899.424777757853,4.499125496212468,0.2222654159884709,85030.88388136002,0.297542240644142,0.07113577,7660.16276907,7396.80296544,0.0,0.0,350.30683644,,,,,,,,,0.402473684888398,0.05305534704099349,0.3881730646560097,0.05539633048448979,7382.279255555557,7574.031960416666,0.018087243437892746
10193,material_r_nocable,3,False,1.1453328072782791,1.0106337130720813,58.715313736368216,1341.7962117958955,8554.342894991038,1.335429368688192,0.7488228306543174,11423.720731800202,0.2439785331784663,0.19208347,2268.13200294,1987.78113986,0.0,0.0,100.46979069,,,,,,,,,1.005388216781722,0.053017689409311626,0.9749568492494718,0.05530539807171329,2042.6729744186048,2104.8600869565216,0.015366699498101984
10194,material_r_nocable,3,False,0.8242972031558248,1.3634309593353449,28.54023735553874,754.8338576596609,1262.946421801355,3.305734307819656,0.3025046500665578,4174.965315486814,0.3107578401655571,0.11909643,2036.490617,1965.55200823,0.0,0.0,130.8109261,,,,,,,,,0.6667091846214602,0.05393122084236725,0.6310733667861013,0.05648076090447624,1961.1201,2000.6928782608695,0.02745900520600213
10195,material_r_nocable,3,False,1.2156857645212498,0.8706337988253691,70.46567288884934,299.3013314163362,2075.5813218297626,2.597413096402006,0.3849984437921031,5391.142107968012,0.3993656778241682,0.1776841,801.56349917,662.19232681,0.0,0.0,35.66050542,,,,,,,,,1.0793402352636015,0.05392542006822668,0.9532354295704526,0.05524345816249602,629.3663441860466,683.4679326086955,0.062041875180791586
10196,material_r_nocable,3,False,1.3037705912743671,1.3396324379241211,76.97026450498207,1592.997563250568,18894.22025093362,2.4362000041909058,0.4104753297265153,46030.09945450838,0.1655701384991423,0.02867801,18001.13836376,17960.56677228,0.0,0.0,956.30960235,,,,,,,,,0.16019530268623083,0.05283323494533994,0.16032668911214265,0.0552849908481237,17988.57083111111,17959.072335416666,-0.0004099139193995351
10197,material_r_nocable,3,False,1.048840547392093,0.9698288777834796,52.29175350618517,794.9785680281964,4588.114184344378,1.7206949719345517,0.5811605289203089,7894.745007662967,0.1366381423739482,0.26297667,1129.58544662,876.20173307,0.0,0.0,33.40236887,,,,,,,,,1.2757434086238892,0.05319172228174651,1.268311361208378,0.05583130350093059,939.8333261904762,947.5081244444444,0.002921339392390983
10198,material_r_nocable,3,False,0.8141070355443143,1.2604460794726822,38.21502573650042,1737.8750104420033,4170.769577437995,3.572145811520646,0.2799437796673548,14898.59707686287,0.1205993855212193,0.12934267,5301.69344776,5054.47484445,0.0,0.0,295.73093626,,,,,,,,,0.7240960302633984,0.05433916440946397,0.6878051008005721,0.05730007941129938,5067.938809090909,5119.9927755555545,0.025703591182392807
10199,material_r_nocable,3,False,1.2142301153533552,1.2755829096747744,7.529311739048063,809.6035177572053,3881.5751641032457,3.9921478416277054,0.2504917251742543,15495.821913490485,0.4178668647850128,0.04561979,6127.63468636,6092.16259618,0.0,0.0,311.52839582,,,,,,,,,0.254966208494676,0.05286671535744519,0.2520455467953595,0.055277423115998675,6086.009477777778,6120.214108333334,0.005760540399395125
10200,material_r_nocable,3,False,1.124650896905874,0.8101317586875966,60.87447136893758,1336.225227566866,1253.3032332294706,3.359457291695337,0.2976671269112499,4210.418685578087,0.4360974871896654,0.45440637,1550.44272484,1057.6205379,0.0,0.0,34.02755903,,,,,,,,,1.6867762776195074,0.05357830271054174,1.5898182645475978,0.054544537682087404,1191.0816794871794,1191.0506414634146,0.029591092771515955
10201,material_r_nocable,3,False,1.0546584575661018,1.110562262766797,17.473566587991648,398.9310830047679,11525.92321271628,1.506324446495014,0.6638676032423471,17361.779903738887,0.3241524960494327,0.05170101,2343.1249858,2306.94458148,0.0,0.0,129.57015693,,,,,,,,,0.2893005785538262,0.05289617930065057,0.28590361220533206,0.05531136586817995,2307.1766222222222,2329.3940479166668,0.005905670374220996
10204,material_r_nocable,3,False,1.372462130106353,1.1134955242641382,46.36326248157638,880.1513358289449,3863.721187803324,4.273178484173727,0.2340178402806319,16510.37024856732,0.4904934109057791,0.06112327,4481.04800977,4417.40234763,0.0,0.0,234.47848155,,,,,,,,,0.3388176256637336,0.05285230739108946,0.3386326952525411,0.055308960551742156,4437.788522222221,4437.8404083333335,0.0002729800333438057
10205,material_r_nocable,3,False,0.969035602563152,1.3543240078311696,20.72085728078614,743.8319255018387,6172.047382977687,1.367540258714525,0.7312398985167652,8440.523274915613,0.4366118593162352,0.05637848,3848.99538647,3819.02999022,0.0,0.0,244.13432668,,,,,,,,,0.3161952194378461,0.05292070191944977,0.3101482403849936,0.05533070187840484,3815.1201266666667,3841.1855604166667,0.009654413976898374
10206,material_r_nocable,3,False,0.9712367570033048,0.9153355301317344,67.49565403543657,457.0411527843909,10503.192673043011,1.7457908460300635,0.5728063028134238,18336.377622688527,0.1872611034149281,0.22860934,1838.51729565,742.74133503,0.0,0.0,24.75334109,,,,,,,,,1.2450817977932789,0.05419841912072447,1.6927973115150994,0.0586308196200335,683.5945761904762,825.9602568181818,-0.15239412415006404
10207,material_r_nocable,3,False,1.0836448795568692,1.2432880212388078,60.26824870384242,1367.4902368296162,9173.39589608183,3.29203375618748,0.3037635923752205,30199.128948773086,0.4341523003856502,0.04645019,9928.92889536,9863.73829929,0.0,0.0,529.9426231,,,,,,,,,0.2595896262477571,0.05285523079043427,0.25949425565106715,0.05536262059660732,9901.763788888891,9868.032874999999,0.0001837286804997494
10208,material_r_nocable,3,False,1.3303796177938678,1.0068156681743043,43.21137800096274,1381.7471730462637,12290.184525794895,4.801506275978943,0.2082679772809664,59011.39813354348,0.4453821090146774,0.05597754,6586.67530811,6464.95527206,0.0,0.0,407.43295383,,,,,,,,,0.31005721236516337,0.052854843605178066,0.31066706079080675,0.05531156987887887,6501.289686666666,6506.55773125,-0.0009824787784481251
10209,material_r_nocable,3,False,1.2969104297234844,1.212366119334917,46.62363014337223,1543.9112921165845,10761.80676966721,3.711818738912728,0.2694097072996946,39945.87603220861,0.2064085707934084,0.05141023,10156.49810393,10061.60157487,0.0,0.0,505.21984166,,,,,,,,,0.286601307188488,0.052861928956627564,0.28577850258999027,0.05533180955171744,10092.822071111113,10090.916025,0.0014375150633215855
10210,material_r_nocable,3,False,1.2828862487411414,1.3642614168311762,84.81557097664137,971.0361492100508,7562.9497923197505,2.735337476509176,0.3655856027228475,20687.219999889505,0.3755106747025142,0.02916578,10624.1691706,10601.25081434,0.0,0.0,576.5772325,,,,,,,,,0.1626418572699955,0.0528324267534919,0.16308269577629256,0.05528321797383885,10618.024095555556,10599.617135416667,-0.0013534088915747537
10211,material_r_nocable,3,False,1.085956022189927,1.340799804504042,8.237868044527943,1759.243959030508,9269.558972980063,1.843275205791751,0.542512586757475,17086.3482235186,0.1505408576812239,0.08855989,6935.81175814,6806.91732161,0.0,0.0,367.95057123,,,,,,,,,0.49657765737254,0.05299493000086805,0.4753103477033102,0.055299303573705536,6770.3305733333345,6904.885110416667,0.021882469541920115
10213,material_r_nocable,3,False,1.2214702750833335,1.075692556940527,36.96691866638308,1904.19537832884,2624.4701838667947,1.357784019801089,0.7364941591715719,3563.46367609876,0.2178020228524393,0.36132571,2184.15010508,1701.59075416,0.0,0.0,52.7428381,,,,,,,,,1.496722140782361,0.05266765755475806,1.5208440751544559,0.05450657959031834,1841.5927824999999,1841.2203536585364,-0.007993837631366145
10214,material_r_nocable,3,False,0.9778663393297288,1.1969992956881328,65.68272150969293,861.0484877378907,13835.812333532887,1.106660445200943,0.9036195378054052,15311.546236744203,0.1548811086619058,0.09507088,3617.51748389,3479.720465,0.0,0.0,175.04932596,,,,,,,,,0.5180827616850768,0.05295661949653358,0.5389459906515291,0.05595098953023395,3536.99334888889,3462.3115020833334,-0.019737617278937098
10215,material_r_nocable,3,False,0.9944145301049864,1.1325967768454848,66.46207619271637,662.5960093416013,19631.4623922066,1.4483926506774951,0.6904205151360325,28434.06585092368,0.4257377175656399,0.04888697,4477.95462303,4427.09661813,0.0,0.0,240.16402486,,,,,,,,,0.27227431712794503,0.052850346252853335,0.27400638622982737,0.05541090972405212,4460.5808822222225,4426.75296875,-0.0031706576696485743
10217,material_r_nocable,3,False,1.2307644325754643,1.2596779167760257,0.9679086129933316,1833.773275176373,19336.79155392345,4.770654097475038,0.2096148619387998,92249.1438587456,0.1749917141422002,0.02592347,27153.08378247,27101.0625104,0.0,0.0,1280.22240617,,,,,,,,,0.1448608801952109,0.05284913931868141,0.14380569253628867,0.05527337012971511,27087.204477777777,27146.156525000002,0.0036553856892315275
10219,material_r_nocable,3,False,1.2903960257088052,1.0402997469244115,64.95937754275724,335.2425145429037,7869.071537026849,3.225049004827281,0.3100728077319729,25378.141329403123,0.2042377336407037,0.03391418,2608.69247362,2593.14652023,0.0,0.0,167.31824407,,,,,,,,,0.18878304167779378,0.05284627253741729,0.18879688579888115,0.055290167508805804,2597.6570333333334,2598.6695604166666,-3.6665405335219865e-05
10220,material_r_nocable,3,False,1.1883124120734023,1.0205884748185443,88.10819887924775,207.9920250951458,15058.022860508754,3.9433750604422944,0.253589877876805,59379.43180770016,0.3700178441024148,0.01390421,3995.47690058,3988.86742821,0.0,0.0,247.65421265,,,,,,,,,0.07767564786725803,0.05283553181459492,0.07766281364647529,0.055282306110299495,3992.347388888889,3989.726397916667,8.26210112915782e-05
10221,material_r_nocable,3,False,1.0241426496548087,1.3061416646595545,18.86299353028705,780.541250490107,9482.787319685784,1.043455207112185,0.9583545064359308,9894.863806663532,0.1164632033930795,0.07856067,3488.80696351,3418.65271074,0.0,0.0,187.76879619,,,,,,,,,0.44198039775777753,0.05302028319124665,0.42612011982023607,0.05536958155412764,3405.22402888889,3453.41465,0.01827009386170093
10222,material_r_nocable,3,False,1.0870537040666075,1.2005573778436975,56.91298547085853,921.4050307247388,8697.684466902208,3.295310736337575,0.3034615185065688,28661.573005059407,0.4621192782981865,0.0387433,7976.01951053,7934.54220403,0.0,0.0,421.93673975,,,,,,,,,0.21693847204369926,0.05284534536346347,0.2164414349642845,0.05532936528486735,7956.029231111111,7939.9706937500005,0.001146885380188154
10223,material_r_nocable,3,False,1.0854621445839885,0.8952626663376757,28.09575997421482,1568.1559198672858,5256.302142192806,3.808074803156555,0.2625998835871315,20016.39174546225,0.4627903620821542,0.27700517,2200.97799245,1658.54231644,0.0,0.0,63.90600549,,,,,,,,,1.3185922822436007,0.053330377707944326,1.3057174652264671,0.055898932680775885,1780.9537833333331,1815.9101,0.004905982241442862
10225,material_r_nocable,3,False,1.2255366153742004,1.2890070588409068,53.93339598852374,409.6175514601255,10594.14128346234,3.1379874187022265,0.3186755925278912,33244.28205945868,0.4591806367781154,0.00908896,14516.28279,14512.88701169,0.0,0.0,782.42316244,,,,,,,,,0.05104116056281461,0.05282732558665719,0.05083772618643966,0.05527175584845972,14514.390660000001,14513.572218750001,0.0019968256708148267
10226,material_r_nocable,3,False,0.9968317312836112,0.8936639149629769,72.6657631265101,447.5784660983573,4635.73217738345,2.0564457477582203,0.4862758966970674,9533.131723926152,0.4589539319180359,0.25331942,1010.67946696,582.56318058,0.0,0.0,21.3807281,,,,,,,,,1.2973111398347925,0.053761698135509225,1.1465681224426618,0.05682703709836838,552.4333476190476,660.5852863636363,0.06168185954147877
10227,material_r_nocable,3,False,1.2328812715410702,1.3037978266584953,28.378347842162896,1348.8816559342397,15926.88167492586,3.8598545345332234,0.2590771209259914,61475.44645393667,0.2853609166011599,0.02067661,23128.65170888,23102.28656536,0.0,0.0,1165.59494327,,,,,,,,,0.11597913502957861,0.0528380016149186,0.11529869295504702,0.05528253235691944,23102.64003777778,23118.206389583338,0.0029420981702440816
10228,material_r_nocable,3,False,0.9435998173471626,1.0376594132990329,46.26159947142235,439.3737341504294,13808.825678299609,2.794650781506109,0.357826461401762,38590.84547354163,0.3940614463210782,0.09888253,2315.8845663,2113.05903515,0.0,0.0,89.19326656,,,,,,,,,0.5648436402547222,0.053588296456223344,0.5551288024742596,0.05673540588593285,2156.626364444445,2151.7172520833333,0.008674175729530456
10229,material_r_nocable,3,False,1.2052868909677743,0.9759914238697164,42.81200109727546,1018.1974834500214,5300.599340720391,2.0945812886233406,0.4774223876778962,11102.536197562147,0.1860478241965378,0.19501849,1697.78898695,1535.92339114,0.0,0.0,80.66979778,,,,,,,,,0.9984886355638173,0.05294856186192555,1.0078981097359034,0.05541307346458268,1592.209009302326,1581.6643304347824,-0.004689760931749245
10230,material_r_nocable,3,False,0.9249345192006652,1.285029730277158,8.930105245370566,802.8632895283548,7888.936225864919,3.673901872814862,0.2721901767163482,28983.177574722136,0.4481766394922049,0.02515966,10398.79376844,10379.12007916,0.0,0.0,620.60115077,,,,,,,,,0.1408646730066508,0.05286710607579948,0.139022203905639,0.05527815907754807,10373.195382222222,10395.968489583334,0.006582906356088942
10231,material_r_nocable,3,False,1.0047953645642766,0.9223887851432372,69.56917454800228,1901.593419873852,3962.778615312234,3.791783363787834,0.2637281469057983,15025.998027915117,0.1377339790680899,0.36703678,2655.38157439,1937.29634357,0.0,0.0,43.4313186,,,,,,,,,1.4492814691157212,0.054135566883206886,1.652400515075331,0.05766838492143633,2308.62692972973,1990.331280952381,-0.06548674138576624
10232,material_r_nocable,3,False,1.3849959361427917,1.3403050327027426,20.821747164081724,1552.4944409355546,12711.721235411307,3.9047957079357545,0.2560953439811692,49636.674520509856,0.3201513717930619,0.02327625,22942.27726079,22909.94272479,0.0,0.0,1147.72077736,,,,,,,,,0.1302940757405866,0.052839030940181046,0.12970879514983066,0.05528031118601471,22909.382102222222,22930.61003541667,0.0022510543393292545
10233,material_r_nocable,3,False,1.1566805453290845,1.0973984854207344,29.914230290913025,1955.551857675428,1276.904482406567,4.069535930659702,0.2457282641163196,5196.408671173954,0.3208966787181264,0.37067916,2756.52317647,2209.01580136,0.0,0.0,65.99103512,,,,,,,,,1.6274797593183135,0.05594763413426986,1.453837563745716,0.055967670172377214,2258.583507894736,2492.0054615384615,0.056353233817518535
10234,material_r_nocable,3,False,0.9555647127732366,1.0310724681670338,64.74086720874507,1661.5416687350228,14258.062017268436,1.9715973079609084,0.5072029648053401,28111.15668998613,0.2508337113194913,0.20519092,3482.09137546,2884.89002904,0.0,0.0,122.75899771,,,,,,,,,1.0053878856023202,0.05357984245164395,1.144930632921548,0.057622962196728876,3211.906375,2842.2952444444445,-0.0648939894797632
10235,material_r_nocable,3,False,1.2000706729907733,1.2072885571622542,57.58902447061509,579.775085764687,3074.007357687903,2.5736580189657143,0.3885520114291928,7911.443686473079,0.2784393418725732,0.08688199,2174.21034364,2119.17637171,0.0,0.0,110.66862689,,,,,,,,,0.4771320145144027,0.0529044881557301,0.47977611450862373,0.05546102264681126,2145.556313333334,2128.55316875,-0.002763170166524339
10236,material_r_nocable,3,False,1.0599042441010655,1.3047824709372164,53.95043825428728,837.8544504599494,9858.454155371966,4.020778711632207,0.2487080418295532,39638.66259752168,0.3771086216252608,0.01893219,15291.48006083,15276.94990623,0.0,0.0,835.08980914,,,,,,,,,0.10673016039150628,0.05282583466060331,0.10590489762060887,0.05528482191141536,15283.97999111111,15279.022206249998,0.0038811227960837405
10237,material_r_nocable,3,False,1.214894659579114,1.1800222469769426,16.910486294908097,1929.150684663364,4275.441722686551,2.980190955412615,0.3355489681571587,12741.632752344189,0.1401694083386109,0.19447862,3761.40867258,3387.17743979,0.0,0.0,147.16753504,,,,,,,,,1.0395301705428377,0.05331906654545158,0.9619913770583669,0.055581317768756786,3370.2680955555556,3628.1301933333334,0.038739924422697296
10239,material_r_nocable,3,False,1.0193000441979407,1.0228628004806544,1.4061847115541442,1428.6206185240037,9007.053312528175,3.129652626356803,0.3195242793332274,28188.948055289544,0.1254204811886647,0.20131784,2900.76373763,2427.41795441,0.0,0.0,98.69144127,,,,,,,,,1.1699123156494786,0.053833156682890335,0.9515972806964209,0.055328047026240876,2295.354259090909,2817.8150399999995,0.10290551375731923
10240,material_r_nocable,3,False,1.2265712184790738,1.0654985028956383,64.80345790031129,1390.854680783637,14111.467489062858,2.278250397834945,0.4389333152099149,32149.456420992345,0.1893290744228478,0.09042378,4257.20612531,4076.42765266,0.0,0.0,246.37171395,,,,,,,,,0.4966154523805117,0.052894209786251485,0.495515447279761,0.05536035315950519,4135.596126666666,4133.847358333333,0.0011087298068504533
10242,material_r_nocable,3,False,1.3229371634568925,1.0135898243479178,62.05833778355558,1058.650778802411,4740.139713487077,4.792810005026885,0.2086458672367903,22718.58904402613,0.1358942440740053,0.14150704,2131.70476235,1935.93002316,0.0,0.0,117.25907926,,,,,,,,,0.7599989697233649,0.05298047787096157,0.7533194739444987,0.05545183284726578,1996.2460377777782,1991.73792173913,0.004413807157915112
10243,material_r_nocable,3,False,0.8394179629757423,1.2404686522962312,23.78224528334407,1044.617313531141,10482.840897647871,4.662781584274773,0.2144642595682583,48879.19748843493,0.4881042532446963,0.02356493,14404.11546535,14372.36946377,0.0,0.0,885.94303598,,,,,,,,,0.13242873202585304,0.05285708831385701,0.13093344606735752,0.05528996525164471,14368.302057777775,14392.150997916666,0.0056776791919084845
10244,material_r_nocable,3,False,1.2323780284599477,1.213173919442364,38.75437422459149,1957.6098256600055,4885.483523489413,3.1600076346499204,0.3164549316384118,15438.165233182935,0.1954189765265194,0.15058852,4742.43674705,4446.40983896,0.0,0.0,206.50800485,,,,,,,,,0.8085780340355703,0.053250278858140834,0.7936798488455105,0.05581409316642489,4510.490055555555,4566.211263043478,0.009298244277176416
10245,material_r_nocable,3,False,0.9957860853617424,1.01901905888615,68.91344181247172,1039.8900258501894,6711.233922415567,3.20513594196369,0.3119992468673045,21510.41705966009,0.2049834496850806,0.19984668,2185.319477,1828.04878772,0.0,0.0,74.7108568,,,,,,,,,0.9701861511836347,0.053408713589235914,1.1308775463008667,0.05751468597284512,2082.474463636364,1784.4909955555556,-0.07648097261859303
10246,material_r_nocable,3,False,0.9439275136848226,1.31672604690087,65.75788984671033,903.2651314087778,6346.715484225617,4.9088325160195545,0.2037144263399873,31154.9633388915,0.1796980240987258,0.02888149,11471.42530857,11442.78107961,0.0,0.0,642.33326985,,,,,,,,,0.16348016471126825,0.05283505238599985,0.1617201012291419,0.055308500804675156,11458.311582222223,11439.557060416666,0.005412244904033564
10247,material_r_nocable,3,False,0.9985079891789744,1.0731302725434315,49.63225185899743,258.0544072992759,10214.38582834783,2.247751596777679,0.4448890177337991,22959.402055772127,0.3231180789621194,0.05161608,1913.47196432,1877.19968062,0.0,0.0,90.36063448,,,,,,,,,0.28954023759835823,0.052913831759536685,0.2888260436150789,0.055487994237263444,1891.638326666667,1885.8687312499999,0.0012348472006025516
10248,material_r_nocable,3,False,1.139102104958196,0.971253018437734,84.081079309228,1346.643993324994,16748.412166839225,1.0587328310446271,0.9445253520789784,17732.093828899975,0.184975458682914,0.15383159,3436.49817743,3107.84039054,0.0,0.0,152.06900569,,,,,,,,,0.8895436738504678,0.05350385564509019,0.7705595415274764,0.05525826503528009,3014.899171111111,3293.7056869565217,0.07167273168367615
10249,material_r_nocable,3,False,1.375839303616679,0.9122962590997662,88.72467787828444,565.1215382789385,2694.797539488831,3.439268840259502,0.2907594743086577,9268.133208371912,0.1931926524076747,0.14746513,1554.63775499,1387.49139254,0.0,0.0,81.18258776,,,,,,,,,0.8909723150943449,0.05365329041790557,0.724833166237082,0.05523005305222089,1334.10456,1416.5084695652172,0.10282125588555616
10251,material_r_nocable,3,False,1.1048422685641073,1.1637471988479822,5.61352883258239,651.8015298780756,9475.390585616622,4.174656546999262,0.2395406637029335,39556.5013436196,0.4103862783231568,0.02712798,8497.12597535,8472.52328529,0.0,0.0,427.38510341,,,,,,,,,0.15179338775366963,0.052856375127820286,0.15055342175546635,0.05527600024345475,8467.111791111112,8493.061891666666,0.004101138028267541
10252,material_r_nocable,3,False,1.0120816542534037,1.2422732146443043,56.34028071447296,256.1053434321285,19706.694524527826,4.49695640271013,0.2223726250486531,88620.14611832805,0.2280583156796468,0.00407329,24165.31877451,24163.98213751,0.0,0.0,1239.98594616,,,,,,,,,0.023047942581035714,0.05281001146431203,0.022798590720069862,0.05526146649752409,24164.595293333336,24164.05283541667,0.005438837857776249
10253,material_r_nocable,3,False,0.8054176266328524,1.3679248696496669,76.72960158682568,960.5387871083984,11734.121577155554,3.517182773279817,0.2843184629462651,41271.05027074252,0.4311456330042381,0.01449802,18929.7012467,18918.49257818,0.0,0.0,1339.7403267,,,,,,,,,0.08194506482234853,0.05283300743090766,0.0811685489238826,0.05525898454125051,18927.108735555557,18915.935010416666,0.0047605830110172154
10254,material_r_nocable,3,False,1.1909964299449485,1.0299434093405857,24.77738941561565,1716.2963631575694,2772.8287269322063,3.8859544193016937,0.257337037982988,10775.086045388896,0.3804258004584039,0.25349755,2705.38747046,2213.18985715,0.0,0.0,83.86625865,,,,,,,,,1.2602085314098734,0.053375181126486655,1.1920373655764742,0.05573723431398584,2264.1355095238096,2454.3613644444445,0.027799482065471975
10255,material_r_nocable,3,False,0.9737705854527474,1.1767831547871133,16.760503922123462,1768.455797652842,17853.639967351337,1.955918691733287,0.5112686965089661,34920.26812761895,0.1191685049720153,0.10010393,7616.25295191,7292.53225999,0.0,0.0,352.00924299,,,,,,,,,0.5807137181684616,0.053366465651404744,0.5266506549299101,0.05546205754497835,7221.414666666665,7451.9066872340445,0.0488213857623798
10256,material_r_nocable,3,False,1.3168314093025368,1.248953451020505,47.112686353233165,209.7980964124856,18506.762051252183,3.0939558277916874,0.3232108199533509,57259.10430202574,0.3256193986217006,0.00344896,19300.63551887,19299.89433182,0.0,0.0,1026.39224734,,,,,,,,,0.019335763642016248,0.0528297031901803,0.019284794548783717,0.05527258338794655,19300.14106222222,19300.120972916666,0.0013197399421500955
10257,material_r_nocable,3,False,1.3865867890864625,1.1456140244753157,4.880177306048766,1094.42571175586,13560.530635954265,1.472156784261876,0.6792754757445143,19963.22717391108,0.2118996825267043,0.04560745,6455.07857226,6411.36430857,0.0,0.0,405.6608979,,,,,,,,,0.25298022915342777,0.05283164774835032,0.2544164704634749,0.05529488837593645,6433.529124444445,6417.9032625,-0.0028306083014168256
10258,material_r_nocable,3,False,1.1823391949873274,1.0860278351322847,67.92603177923763,1256.1502649445786,5976.094591834688,1.2612660117131984,0.7928541566276598,7537.444991464151,0.3894130755343236,0.16336709,2314.77611392,2104.32097251,0.0,0.0,113.60709466,,,,,,,,,0.8639318019428573,0.052928476237111326,0.8521274963415745,0.05532990248074998,2161.9607355555554,2176.682682608696,0.006878728266024256
10260,material_r_nocable,3,False,0.8461767601872628,0.99514598676877,1.407905510389691,430.50612346360793,6676.6816515332775,2.113311234660327,0.4731910679312364,14109.906344435743,0.3389611750387959,0.21264217,1707.72048365,1093.5758875,0.0,0.0,49.3507755,,,,,,,,,1.988465694844978,0.0587222825228168,1.3753867724022204,0.0557716890761934,975.8769046511627,1135.2006863636364,0.18225499733181502
10261,material_r_nocable,3,False,1.021700616495585,1.0992114498171672,71.83639138591057,934.3651227552562,2202.103654623876,1.8940052473561504,0.52798164175939,4170.795877079777,0.1591277704222721,0.29902734,1322.88112931,1102.2541646,0.0,0.0,42.47852541,,,,,,,,,1.2874138715140684,0.05388735013130239,1.4895467583881754,0.057334720592216094,1246.0896025641025,1095.3561976744186,-0.07278925192440434
10262,material_r_nocable,3,False,1.0952843199580051,1.2227491348511186,25.389567280189716,563.1760801218945,12642.783751623429,4.160978991348802,0.2403280579111611,52606.35758267108,0.4233941523012097,0.01282865,15391.63361516,15383.33270255,0.0,0.0,798.72522201,,,,,,,,,0.0719751348291845,0.05283448341663553,0.07155163339475376,0.055276102660882565,15382.92028888889,15388.836720833331,0.002950679094020735
10264,material_r_nocable,3,False,1.2586221897897996,1.0579439906550427,54.03497475008281,543.1514986591692,1420.3969251009537,1.9250866811899077,0.5194571287469997,2734.3872025149444,0.2754401121857016,0.21994037,798.32675507,686.38965702,0.0,0.0,33.75243938,,,,,,,,,1.1049028068029192,0.05285409908974921,1.0923037475130055,0.05517217894290038,717.1943595238096,720.8648413043477,0.005734126027052675
10265,material_r_nocable,3,False,1.342826615888172,0.9655526426272883,88.31170468390242,1150.054762116244,10327.582460283626,3.760300403448293,0.2659361999597091,38834.812492050034,0.4559721638905823,0.06534143,4537.76707272,4456.58484445,0.0,0.0,303.05614785,,,,,,,,,0.3639723582585718,0.05290595548836324,0.35874083507162985,0.055300749926613386,4470.72666,4494.202947916667,0.007238726558782687
10266,material_r_nocable,3,False,1.2774159099296738,1.2368654012946374,49.410578672007695,1509.2117346310597,12613.180590785912,2.3289199128617075,0.4293835930026592,29375.08744240211,0.282815290958239,0.04950909,9224.75619291,9147.79904595,0.0,0.0,506.03290834,,,,,,,,,0.2757445360984014,0.052850473043544316,0.27531490948160636,0.05531190622167119,9175.091995555556,9169.8732625,0.0007796375150467196
10268,material_r_nocable,3,False,1.12085355663589,1.1978962790562204,0.4921994802965692,489.9869702481154,4848.734866353798,1.700116095967247,0.588195125245885,8243.412191365689,0.4861636779148498,0.05503789,2597.97256739,2569.9354912,0.0,0.0,148.92312498,,,,,,,,,0.3067313910863671,0.05286957341784853,0.3038306408886061,0.05527502111040001,2569.5556666666666,2587.9802916666667,0.004750950838488894
10269,material_r_nocable,3,False,1.1606102326455534,1.164514693965479,17.016705646811495,1975.6894043854488,16047.70603123244,1.1275473162293672,0.8868807415941546,18094.547867153968,0.4774731876595716,0.08599881,6396.40810902,6222.01111205,0.0,0.0,368.02444636,,,,,,,,,0.4731608859040724,0.05287273605183883,0.4716675353948578,0.055322809845251834,6267.655617777778,6288.727427083333,0.001580552061676545
10270,material_r_nocable,3,False,1.0718753498930962,1.365501254972298,45.57490030181485,732.0741730378386,8440.98228037481,4.55884486638708,0.2193538120529439,38481.12873615101,0.4841131861724015,0.01179942,20346.54947915,20339.53490219,0.0,0.0,1165.81220739,,,,,,,,,0.0664921959672584,0.052823090392582976,0.06598390831016043,0.05527608117552708,20341.754806666668,20341.741320833335,0.003836825213651828
10272,material_r_nocable,3,False,1.2824533942224448,1.1592614966194237,5.194653097195049,1920.8787736627528,2020.4061570972065,1.9348526705917533,0.5168352170680577,3909.188248739552,0.4346146281402865,0.28025256,2538.69225603,2145.23900489,0.0,0.0,83.08699751,,,,,,,,,1.3196581154535811,0.05288270542290578,1.2881879815161008,0.05517268072833553,2204.0524547619048,2310.0586422222223,0.012067481272782406
10274,material_r_nocable,3,False,1.0165298358814074,1.0092758812058251,19.331427577399538,1653.9292223719674,12337.24888248115,4.529505859131271,0.2207746343862315,55881.6410987591,0.2677420558315806,0.16922934,4022.02262213,3346.4081607,0.0,0.0,140.12014536,,,,,,,,,0.9967311429185121,0.05413485527611193,0.8339334349230739,0.05584747901662035,3266.9979911111113,3829.3095888888897,0.0889282012477578
10275,material_r_nocable,3,False,1.2731299401710494,1.2083078595355536,30.274701791625404,1857.684487061097,5740.390914742495,3.810026366404053,0.2624653752577076,21871.040738635184,0.1061454967197323,0.1214466,5667.89655135,5410.12461053,0.0,0.0,249.49270893,,,,,,,,,0.6664134713146472,0.053096541755487336,0.6492158461366736,0.055559762338600036,5430.300044444444,5547.003928260869,0.013071786216568524
10276,material_r_nocable,3,False,1.3548162211173516,1.397056577815843,4.065110093894735,399.5778233530666,14242.155352270966,3.022957584156327,0.3308018627985772,43053.43153688014,0.1083855289045379,0.00723298,19288.04719937,19285.71649845,0.0,0.0,975.09092279,,,,,,,,,0.04043604319523214,0.05283735035722101,0.04029335309277258,0.05527681596262395,19285.25082666667,19287.617072916666,0.0017675110804806593
10277,material_r_nocable,3,False,1.1116226666797868,1.3782460628253002,35.81800181592632,1915.5614440409845,13739.612110944525,4.070566274254683,0.2456660652658453,55928.00168015198,0.1416079716009413,0.02907905,24772.51232397,24718.91966945,0.0,0.0,1289.95179867,,,,,,,,,0.16362000133809304,0.05284969035412018,0.16208555413824624,0.05531507876237074,24721.590253333332,24739.94456875,0.004711148379408804
10278,material_r_nocable,3,False,1.1104686372308512,1.0825462851308014,39.2581760712651,1752.3609781715377,5367.560479582794,1.443326061189354,0.6928441375027643,7747.139925191874,0.4477603387815029,0.22270046,2636.17497987,2258.64430225,0.0,0.0,104.39354917,,,,,,,,,1.1152195684575,0.053070124812599394,1.1059688633923217,0.055604731165628335,2364.5680863636367,2378.4397466666665,0.004164754746842513
10279,material_r_nocable,3,False,0.9128642333112318,1.1490837428648049,15.943954894526582,1452.956826515663,3635.9124530812887,2.1928115573941573,0.4560355387712188,7972.870848789992,0.447183999110744,0.21945974,2508.54121579,2249.41459961,0.0,0.0,114.27490782,,,,,,,,,1.2585974300034803,0.05441781506117289,1.0086402553789668,0.05606511690566614,2203.2139545454543,2444.4854818181816,0.11024745055891644
10280,material_r_nocable,3,False,1.1184236147737303,1.014861249385663,57.87884197512164,295.0053324782475,18734.73446423964,4.182736260137968,0.2390779474981802,78362.45316763163,0.3699243667836851,0.02431687,3313.76564817,3288.61720233,0.0,0.0,199.4019289,,,,,,,,,0.13570553230818672,0.05284419811143589,0.13586934629253522,0.05530602800005855,3299.7032555555556,3293.773389583333,-0.0006032000647208198
10281,material_r_nocable,3,False,1.1157436860661152,1.351360484515702,85.22977042402577,1516.6836077839905,16344.562397029633,1.9026817868389496,0.5255739593016053,31098.50118668105,0.489120098452073,0.02726701,16291.68022095,16259.36003847,0.0,0.0,979.75779363,,,,,,,,,0.1520919149214977,0.052832575226096946,0.15254969237351904,0.055285622857544375,16283.733128888887,16256.398435416666,-0.0015026754095937235
10282,material_r_nocable,3,False,1.377468577671728,1.0869875448989184,37.56312807002023,766.9781047004499,3207.236235124114,3.747716661389533,0.2668291363385064,12019.812675386882,0.4515244056461677,0.07786365,2882.47485076,2812.11351079,0.0,0.0,158.86443921,,,,,,,,,0.4288680322050104,0.052856585131450494,0.4288440793862618,0.05530956850641804,2830.527631111111,2838.6838895833334,2.792640843578586e-05
10283,material_r_nocable,3,False,1.053387272914022,1.3355108707817571,12.95271974165863,1612.2839001539728,7578.699833268145,4.456085675741424,0.224412202270688,33771.3357677701,0.3038082348087774,0.04104094,13986.5631647,13924.23068275,0.0,0.0,757.30852121,,,,,,,,,0.22994594940570168,0.05288468905811218,0.22620239556820848,0.05529828069753717,13908.482688888887,13971.86954375,0.008206878044701254
10284,material_r_nocable,3,False,1.0622921144816238,1.3053455283849922,11.485947072691868,1423.6648390096911,6190.129708366811,2.307418287883931,0.4333847942745882,14283.218493459206,0.2357796069308554,0.09290952,5379.05371499,5267.60546528,0.0,0.0,282.82408575,,,,,,,,,0.5219222590685119,0.053041435250312574,0.49715316614626154,0.055343825075743584,5238.293553333333,5356.353508510639,0.02430545601374909
10285,material_r_nocable,3,False,1.3932503474540088,0.806725591877226,67.53518395344011,768.5530287689684,3814.978429184465,4.587323515876268,0.2179920375223374,17500.5402607586,0.287502732551263,0.00505314,3166.27715776,3158.45890935,0.0,0.0,124.54331153,,,,,,,,,,0.23889528851324213,,0.14173856381099162,3159.551846666667,3156.534497916667,
10286,material_r_nocable,3,False,1.3918688326891475,1.1716423388888852,10.302364655726892,1203.9869850827872,8347.938740724443,2.4176292049939754,0.4136283586971692,20182.220501076044,0.1346230849866685,0.06912432,4768.15702292,4675.81736721,0.0,0.0,283.11128044,,,,,,,,,0.3817112469765388,0.05284263432686647,0.38234171319995,0.055296722263520975,4696.638362222223,4714.146102083333,-0.0008251603701208659
10287,material_r_nocable,3,False,1.3043707277876613,1.293709580624002,48.38636620023996,1123.0061134045684,9413.76093513395,4.1690202525389015,0.2398645099867307,39246.15999113299,0.2617564235157097,0.02808394,14295.06222753,14263.90297309,0.0,0.0,699.59398542,,,,,,,,,0.15751950212055915,0.05283808031722514,0.15681920334465663,0.055294020565495934,14275.209620000003,14272.467508333333,0.002227847744254386
10288,material_r_nocable,3,False,0.8439330908818113,1.044157094659713,44.46259526107988,566.431400051453,11794.82676504308,3.1627748170883763,0.3161780581396533,37304.38106439821,0.1977637388821085,0.12450194,4165.38403397,2674.90407893,0.0,0.0,126.50192237,,,,,,,,,4.10032340199124,0.095533447403985,4.9104577544692605,0.09861810823290697,2611.263,2637.365283333333,-0.08990722762112308
10289,material_r_nocable,3,False,1.1200917570617173,1.2400540154260025,84.7611941830992,316.95131422696585,15407.648223413596,2.177913099082842,0.4591551427929414,33556.51889183295,0.3471620027647615,0.01010729,9942.07913342,9938.74629667,0.0,0.0,550.67390933,,,,,,,,,0.05652828057865927,0.052832918819555284,0.05656821093617136,0.05527238067028191,9941.313715555556,9938.382520833335,-0.00035306451135012147
10290,material_r_nocable,3,False,0.8567884295369325,1.292832871512423,62.48764547403403,362.670364490656,17052.442516671217,4.081179391326053,0.2450272100573067,69594.07697081074,0.1631832491659781,0.00559823,23439.5441962,23437.15101209,0.0,0.0,1374.5709946,,,,,,,,,0.03187338479066616,0.05278652552836703,0.03136092304900382,0.05523063571618888,23438.238215555557,23436.950060416664,0.00810417254762531
10292,material_r_nocable,3,False,1.1844776890336723,1.0776830229744403,49.54784335046829,285.79489879645826,4619.403828420198,1.556366610492829,0.6425221366599135,7189.485878935941,0.1690533551882658,0.0760602,1042.89794629,1010.96604548,0.0,0.0,60.8800343,,,,,,,,,0.4194386517807399,0.052875793820021603,0.4195594125437225,0.05534096207069991,1020.5880622222224,1022.0336583333334,-0.0001439344953433197
10293,material_r_nocable,3,False,0.8893315489122906,1.2730157463723517,70.48287307261181,1315.8501362875422,3404.7115316679287,3.101299402033838,0.322445488282814,10559.02983725946,0.2517176690013011,0.12797861,3841.95409272,3672.66886374,0.0,0.0,209.77320043,,,,,,,,,0.6740594160950577,0.053332932446240065,0.7298321471100682,0.05650317549707716,3772.9119955555557,3637.809508510638,-0.03972723569025493
10294,material_r_nocable,3,False,0.9400824156045874,0.805710687899217,28.97600283606535,426.7336567480566,2631.440621317676,1.1326350923549826,0.8828968895187533,2980.461991152798,0.3903185993482351,0.36667359,717.24884258,459.37601635,0.0,0.0,17.91391033,,,,,,,,,1.4465794023508673,0.05444697206767767,1.6517645486955659,0.05635898891936685,516.7863461538461,457.3122146341463,-0.06622413443652678
10297,material_r_nocable,3,False,1.0975775616649006,1.1944044289060385,54.85060904021639,1412.9936093022025,10972.31099413488,4.086543909737413,0.2447055561099443,44838.83066882676,0.4973193936667692,0.03794656,12796.43160636,12732.10394465,0.0,0.0,662.44777734,,,,,,,,,0.21260068705679097,0.05284631868865421,0.21195207838798924,0.05532795243497218,12763.402286666666,12742.463416666666,0.0015277457164181232
10298,material_r_nocable,3,False,0.8618016255802152,1.3151094023456005,48.547774363369726,1282.7184731350867,10352.76953345968,1.3195915769106896,0.7578102327245154,13661.427474051005,0.4142545735222935,0.0772705,5295.31887657,5203.95182173,0.0,0.0,329.6613417,,,,,,,,,0.4316902520646649,0.05303533708622752,0.4293293992586728,0.055695179745766564,5229.055442222222,5218.759339583333,0.0027419267404217547
10299,material_r_nocable,3,False,1.2973398189684353,1.1828150143385685,75.79374007230237,1544.9955133322494,5520.308153628378,3.626620391084199,0.2757388124928742,20020.06211501704,0.4024631422305252,0.08302743,6114.62336144,5973.2311433,0.0,0.0,303.93763689,,,,,,,,,0.45441810029302165,0.052849645739020616,0.45971231623266123,0.05538907236388313,6060.392188888888,5978.692964583333,-0.005791532415868186
10300,material_r_nocable,3,False,1.041677681637691,1.028837983294517,71.76522942906598,1938.7458055198504,4264.227660192635,1.859899941697088,0.5376633320863154,7931.03677657539,0.2646807692983165,0.327293,2509.16442662,1944.16400571,0.0,0.0,60.76621841,,,,,,,,,1.3901575954369771,0.05334656467200987,1.5056243440963153,0.056347033009362876,2211.582828205128,2015.5754511627908,-0.03987411727484829
10301,material_r_nocable,3,False,0.913407812654436,1.2895506608843392,65.2338501669229,1908.970089599467,11954.469084361628,2.429568405519734,0.4115957376331125,29044.200392127437,0.4615387895764699,0.05636019,10710.88898181,10614.3432188,0.0,0.0,650.62389647,,,,,,,,,0.31416389181780896,0.052879990229454964,0.31602557105941076,0.05547395005895049,10680.182742222223,10607.536089583333,-0.00295415799734581
10302,material_r_nocable,3,False,1.0566765360624906,1.2165312516118207,64.97883587515261,1145.5701059076837,12666.448650535536,1.2370325332133936,0.8083861767178726,15668.809060989344,0.3475206389129717,0.0798772,4335.12717776,4239.24951404,0.0,0.0,243.45448131,,,,,,,,,0.43921881351265785,0.05287958498987771,0.4439874699475461,0.05547322667926328,4293.434324444444,4247.760366666666,-0.0053992555580625505
10304,material_r_nocable,3,False,0.8750083151479804,1.3438129637831353,7.305379197275499,200.96798894022015,4991.013952351212,3.6190168613834666,0.2763181378540809,18062.56364895917,0.2247037918607258,0.00932471,7266.80029249,7264.96759279,0.0,0.0,445.5998201,,,,,,,,,0.05209240206498311,0.05287192903373779,0.05121200482094472,0.05527389196413671,7264.4004911111115,7266.217518750001,0.008522359022016899
10305,material_r_nocable,3,False,0.9331125544256448,1.3628734275703382,58.44154920905673,1099.6387742919865,16489.124196396162,2.453339292000251,0.4076077056527645,40453.41628169076,0.1498603269445051,0.02268049,17265.35110427,17239.80969549,0.0,0.0,1004.39384344,,,,,,,,,0.12853419675468364,0.052810779791814776,0.12694793574075433,0.05528931463860365,17249.163453333334,17238.830237500002,0.006208892177450543
10306,material_r_nocable,3,False,1.2033004974133783,1.2351760987468172,27.386785566809408,354.42482873320284,15121.32534980458,1.772890110535776,0.5640507519655548,26808.448170862477,0.4783045669639867,0.00963683,10485.45812202,10482.25043506,0.0,0.0,615.97745477,,,,,,,,,0.053953744050274456,0.05283258938518442,0.053831171716735106,0.055275390052253036,10482.744444444445,10483.792725,0.0011371937591369977
10308,material_r_nocable,3,False,1.2274745335778168,1.149193701322432,17.827989035014106,1032.245544802338,18773.23793919909,1.0712649485047032,0.9334758888506746,20111.111774202654,0.2158609549550085,0.05252023,5395.834924,5332.98563848,0.0,0.0,323.2289378,,,,,,,,,0.29106068961009485,0.052838332023776004,0.2921799551830681,0.05530017241599659,5359.062644444444,5348.005222916667,-0.001919045908349186
10311,material_r_nocable,3,False,1.3186692765133956,0.8480069234652075,72.54694065956835,1035.1636117739972,7134.584650693082,3.479334195434523,0.2874113102765954,24823.60434537871,0.4572198790141293,0.13568891,3542.33106386,3108.52011957,0.0,0.0,177.91963856,,,,,,,,,1.3456826644363122,0.057459290277040484,2.410025145255519,0.05634534454726489,3014.739751111111,3138.4891212765947,-0.28339331352471203
10312,material_r_nocable,3,False,0.8844822214325466,1.3911845303952626,55.47914233206622,937.0668141926684,1921.202452029308,1.4599357915534454,0.6849616303576951,2804.832222537828,0.2812123558027063,0.18799612,1681.47987683,1568.56281602,0.0,0.0,100.75673508,,,,,,,,,0.9585777251816869,0.05472614917551474,1.006113454587432,0.05713420742009389,1612.040111904762,1572.175104347826,-0.024195013392044235
10313,material_r_nocable,3,False,0.94650239449111,1.3664294988735932,32.67533108431824,332.3975338549568,8723.386992003485,4.968720159975665,0.2012590703045143,43344.06881043719,0.4510695751097702,0.00493438,21236.56448343,21235.22385179,0.0,0.0,1318.33658978,,,,,,,,,0.027764957094972557,0.05282259422112176,0.02755692302359013,0.05527075542522461,21235.261286666664,21235.953906249997,0.003760430248151009
10314,material_r_nocable,3,False,0.8876739099686761,1.0353832005655814,83.66364041486052,1125.116702300302,7281.223202189501,1.039997739564943,0.9615405514422803,7572.455671544894,0.2023063677259637,0.29475769,1915.20209685,1422.52755667,0.0,0.0,61.87705093,,,,,,,,,1.23859106222766,0.05315548286205304,1.587906337890843,0.05727095426586666,1631.2913075000001,1304.578976744186,-0.12358591790975564
10315,material_r_nocable,3,False,0.8830786650218266,1.276595022263157,29.773953480922792,1258.6542937685804,16403.155590367925,1.0643352644046655,0.9395535724914164,17458.456942345118,0.4700954090823123,0.06891914,5840.27280174,5754.10909151,0.0,0.0,353.65835215,,,,,,,,,0.3892142855883359,0.053023520245125993,0.3776506080724247,0.05543329426075119,5749.82406,5797.842099999999,0.015079158808157208
10316,material_r_nocable,3,False,1.2993285091180515,0.9660321829573872,15.851707701651618,810.4928966194049,1204.9755967852625,1.0112459800438505,0.9888790855382557,1218.5267283000362,0.4496086153818622,0.29888669,954.15085021,815.44513418,0.0,0.0,40.96492922,,,,,,,,,1.2597910190288737,0.05279428491307229,1.4897653658238008,0.055126533590795834,895.4504049999999,820.9784928571429,-0.08364052763633342
10318,material_r_nocable,3,False,1.3177475633986933,1.3289140547944691,74.27930226117105,942.7252877909616,15393.11576822931,1.1458709616532747,0.8726986139496802,17638.524368181108,0.1685390294124821,0.03364861,7609.66087143,7580.54641124,0.0,0.0,461.33540531,,,,,,,,,0.18761120299469597,0.05283475969680071,0.1876629053930289,0.055280345938480586,7591.725717777778,7588.2577083333335,-0.00013777235673162667
10319,material_r_nocable,3,False,1.0247828568138349,1.2622413936657029,9.91507924463176,1640.1627277356909,16124.837060628826,3.344394252364675,0.2990078096483223,53927.812385883946,0.2252519182072848,0.03780963,16166.99706226,16096.57528854,0.0,0.0,840.88331142,,,,,,,,,0.21198202039154684,0.05289087055791798,0.20817087117944488,0.05528420175930957,16076.31801777778,16150.616833333333,0.009070862746777037
10320,material_r_nocable,3,False,1.134661552946742,1.040924248540789,43.87771820292008,776.2898341064049,17791.388471179896,1.8956568219453689,0.5275216423264713,33726.36692727236,0.3491754768160363,0.06074572,3491.13575641,3403.59405866,0.0,0.0,207.35710354,,,,,,,,,0.3367052088994699,0.0528766334614489,0.3369367620855615,0.05535078733029536,3430.596271111112,3433.0392687500002,-0.00034373331244933256
10321,material_r_nocable,3,False,1.1470970632259,1.023843228483303,42.2329276417877,1189.2070345180832,5270.776268325314,3.722566833883607,0.2686318458805855,19620.81692528861,0.4448187653931829,0.15253372,2594.13032717,2290.96991183,0.0,0.0,114.28946332,,,,,,,,,0.8142237906714515,0.0530922014688357,0.8079501677135029,0.05567005868810932,2376.182802222222,2393.7361239130432,0.0038674168855444995
10323,material_r_nocable,3,False,1.1974915585757386,1.2588806036674105,27.073145356693317,616.3752404786601,6992.865166975376,3.2824172253874453,0.3046535316307827,22953.50107889183,0.1890306432816564,0.03259552,6729.05350521,6708.01392424,0.0,0.0,336.55534627,,,,,,,,,0.18270741800036686,0.052852712173176504,0.18133289133955247,0.0552953424765395,6707.75698,6721.1381854166675,0.0037757540183027878
10324,material_r_nocable,3,False,0.8730909583339024,1.390211336460046,88.56991843268166,1164.067585735518,5109.630495507604,4.912022001378154,0.2035821500228281,25098.61741284611,0.1877557192169994,0.03248255,11779.16780016,11746.70830937,0.0,0.0,744.95793446,,,,,,,,,0.18166682233912634,0.052835599296913234,0.18163858638394845,0.05525487945343903,11770.253217777778,11737.495216666668,7.771961137913882e-05
10325,material_r_nocable,3,False,1.1663545243470463,1.390328558924038,71.4516538488815,504.5223336239936,16445.98442857471,1.595657052473143,0.6267010811941567,26242.151038318727,0.4450045526365721,0.00956933,15036.54050411,15032.94529356,0.0,0.0,917.49792822,,,,,,,,,0.05366069459874509,0.05282957620198354,0.0535465896536892,0.05526995698814433,15035.188457777778,15033.059260416665,0.0010643394789034643
10326,material_r_nocable,3,False,1.3986410078250948,1.2374899717358434,47.20343402179179,680.74670652284,18613.39801185847,3.595556724053727,0.2781210468215262,66925.528379026,0.4807660188713903,0.00737752,29188.80492091,29184.04157803,0.0,0.0,1539.26311095,,,,,,,,,0.04131675210435913,0.05283127062964121,0.04124256944751139,0.05527406613791249,29185.61758888889,29185.518216666667,0.0008985376266825822
10327,material_r_nocable,3,False,1.1149237306467068,1.3228285675546194,39.8402382698237,742.2324297897568,4545.660403227886,2.8603736827392385,0.3496046708982266,13002.28738806288,0.1533343916524871,0.05613732,4848.31714936,4809.27881997,0.0,0.0,248.9516552,,,,,,,,,0.3146742966610796,0.05291707642066775,0.31132717853859687,0.05541470634833642,4815.151866666667,4823.598025,0.0053468214614272175
10329,material_r_nocable,3,False,1.1927276924816896,0.8572321561746736,67.60693363981042,720.1532356464003,2230.6113536865714,2.5136422112364176,0.3978290925931408,5606.958855489772,0.3215497977343416,0.27800173,1102.48909934,852.77780339,0.0,0.0,46.7202621,,,,,,,,,1.4517510933048914,0.053792398838899705,1.2197033651379656,0.05486377548855216,820.2551800000001,920.2618333333332,0.08686194422426435
10330,material_r_nocable,3,False,1.1096650702084174,1.133457918412086,86.33356687257985,279.05978455167065,10657.853618535884,2.5303038311260515,0.3952094557573245,26967.607842562,0.2101671433538374,0.02350099,3911.20062669,3900.21942881,0.0,0.0,204.96367181,,,,,,,,,0.13111245573753494,0.05283403096206312,0.13154575755005432,0.05529406519110403,3908.6587333333337,3899.02626875,-0.001649679281283133
10331,material_r_nocable,3,False,1.339127541164285,0.9100748378779392,45.694606024395,985.8014646299134,5167.030934720182,2.5989018458504747,0.3847779020960894,13428.606233810784,0.2155978056585054,0.14983345,2598.25286426,2350.70925633,0.0,0.0,136.26154775,,,,,,,,,0.7977328929266216,0.05300453500577706,0.8006177088145428,0.055380950093775035,2349.407141860465,2350.832310869565,-0.001804870523887897
10332,material_r_nocable,3,False,1.2229730700125456,1.2440768355052794,2.4594444478880444,1242.6681243889957,2407.1024662090217,2.013243612235952,0.4967108768766331,4846.083664092719,0.1801323462219801,0.2160684,2065.5427196,1847.78302222,0.0,0.0,82.56553142,,,,,,,,,1.1310910671407617,0.053021842375419403,1.0420925251684134,0.05514396617141421,1837.138920454545,1985.984308888889,0.040953071009421915
10333,material_r_nocable,3,False,0.9801560667379844,1.1230995345940646,16.344358887569975,626.7460917657676,18267.79987028819,4.056316766650339,0.2465290699734451,74099.98290366287,0.4425784451558288,0.02183337,10820.79782859,10793.18702365,0.0,0.0,541.36845596,,,,,,,,,0.12253413262967326,0.052863537835370344,0.12117165066064818,0.05527869441134121,10787.635231111113,10814.533091666666,0.005590683777093569
10334,material_r_nocable,3,False,1.2771721346045457,1.0189360616116738,77.67452134278673,694.5392063827018,11744.749996465063,2.1713302063306537,0.4605471784459293,25501.730433126435,0.3953566647659673,0.04434638,4157.41826748,4122.52570886,0.0,0.0,265.92180661,,,,,,,,,0.24700082603060464,0.05285800349526741,0.24584906672361823,0.05528430979671788,4128.622362222223,4138.78914375,0.002336937318886212
10335,material_r_nocable,3,False,0.9629696031570714,1.1467508325505769,38.02707835910629,532.3315108432396,7162.419051609407,2.1642559795128946,0.462052552686059,15501.308260222737,0.3175848018488995,0.0771542,2693.91321549,2625.31848731,0.0,0.0,130.95475057,,,,,,,,,0.4350756901483767,0.053073296879182975,0.4244672773700754,0.05558330865210874,2633.3423555555555,2652.526139583333,0.012341922602110743
10336,material_r_nocable,3,False,0.93022343606209,1.083649472213872,10.241268892242852,1213.5003027759572,5919.976830066222,4.343491052638245,0.230229552192262,25713.366393218355,0.1194149401626308,0.15953466,3825.87450895,3440.51726596,0.0,0.0,155.12538922,,,,,,,,,1.0534128972241854,0.05449561962970685,0.7600068941270816,0.05557045316845888,3326.729873333333,3662.0201133333326,0.16179706678864073
10337,material_r_nocable,3,False,1.3347397513222972,0.9017123691585748,13.49973922103496,835.7795664867235,17451.22326802613,3.286559408111448,0.3042695645579791,57354.48201458468,0.3154212834819883,0.06300283,7648.30054083,7219.93689863,0.0,0.0,397.8927174,,,,,,,,,1.7842986538869632,0.056339132623367476,1.7601554744161922,0.09691877606735912,7260.776626666667,7057.590170833334,0.006811536726623982
10338,material_r_nocable,3,False,1.0682045169790446,1.1086825171388206,77.6029123435971,1583.7340122483054,11692.563116557474,4.470032668375226,0.22371201156422,52266.13910805115,0.1124189051395272,0.09613801,6871.82771201,6588.47100195,0.0,0.0,294.23599185,,,,,,,,,0.5143820680286366,0.05288734768306348,0.5492132855940137,0.05593872474286942,6820.169564444445,6529.92035,-0.03274856123312359
10339,material_r_nocable,3,False,0.9142203239289288,1.2407331220347024,83.53927469021406,1138.2446594661765,19005.34691254205,2.48203442737446,0.4028952978939207,47171.92534112426,0.3347637079231718,0.03157922,12957.59102968,12912.26383253,0.0,0.0,721.98643939,,,,,,,,,0.17653194462545735,0.0528364997409205,0.17732247424743575,0.05533485647005834,12946.882357777777,12900.0607,-0.002234053271106277
10340,material_r_nocable,3,False,0.8991737472190355,1.066630473136168,80.8447178785948,1585.3639265436664,16188.25777181428,4.849900453363711,0.2061897990723576,78511.4387066907,0.2594001566695172,0.10747675,7621.45708869,6976.89090352,0.0,0.0,313.56918903,,,,,,,,,0.7445583968618902,0.05325331220650354,1.4203229976577452,0.06620741497369947,7303.6453,6841.700252083334,-0.312148555808435
10342,material_r_nocable,3,False,1.3271954605861285,1.0510413140082973,35.16997272972014,297.0711033011354,12568.268261929015,1.3033959392871526,0.7672265731830616,16381.42981646988,0.1443046247746425,0.02078595,4420.94029529,4416.29630807,0.0,0.0,261.32121709,,,,,,,,,0.11528647829956745,0.05283720800527578,0.1161888163553321,0.055283272281238194,4418.598553333333,4416.91676875,-0.003898204588571396
10343,material_r_nocable,3,False,1.2957627070613214,1.019555258021268,48.928078919616354,882.1209234939,13091.885806513512,4.167049589549871,0.2399779456687533,54554.53737646591,0.4155908232847535,0.03931754,5953.85431047,5898.26366146,0.0,0.0,371.82243157,,,,,,,,,0.21862685554145425,0.05284604908127679,0.21895880844029594,0.05529657070892278,5916.516744444444,5915.732085416667,-0.0007586009464321398
10344,material_r_nocable,3,False,1.1743756330962398,1.2717890410059918,85.02924051017428,1070.7286782967326,18108.453380171715,3.166152998593256,0.3158407065117532,57334.13396951686,0.2669729663804029,0.02004158,18509.45416477,18487.98312787,0.0,0.0,955.99729113,,,,,,,,,0.11196149116981095,0.05283295777817086,0.11217613949072262,0.05527909269144499,18505.727715555557,18484.338006249996,-0.0009576630228449435
10345,material_r_nocable,3,False,0.923511576615252,1.214040237329847,44.24994117986293,1739.7620535375388,18645.94442434889,3.581596551945355,0.2792050934538808,66782.2502580127,0.4933289862689907,0.03287291,17949.51677942,17879.14813066,0.0,0.0,1017.82556279,,,,,,,,,0.1851930787023351,0.05285609277201388,0.18352408451523597,0.055336979674965515,17898.46727777778,17902.069595833334,0.004526489009990261
10346,material_r_nocable,3,False,1.2982769088381887,1.0175324875302647,62.64955868931877,492.97013736929694,13671.534491031907,1.456552068444974,0.6865528680122006,19913.30184172933,0.3539586460602626,0.02884161,4788.14177442,4775.40702812,0.0,0.0,301.81934461,,,,,,,,,0.1605154415250001,0.05284120759957771,0.16051785360437582,0.05527573384941241,4776.5123488888885,4782.45558125,-7.513486645475755e-06
10347,material_r_nocable,3,False,1.2484635095278165,1.1754169350517676,13.64362898620128,373.1174178413624,12685.78422506068,4.947398643971902,0.2021264248067897,62761.63167278536,0.1101048887096782,0.01198373,11517.3408267,11510.59876853,0.0,0.0,542.16666384,,,,,,,,,0.06708107095784313,0.0528370854397334,0.06680752380066166,0.05527659269165055,11509.593340000001,11515.72270625,0.0020430952888472157
10348,material_r_nocable,3,False,0.9346571994564886,1.0265901510218545,84.94652917920034,1932.6781386794885,19181.44660967461,4.751217398838053,0.2104723728795398,91135.2228667692,0.1241335061691602,0.15173726,7090.33371019,6122.9212151,0.0,0.0,257.72365898,,,,,,,,,0.7365114239556669,0.052930459986001266,1.0816689950865004,0.058930178722862665,6656.55458,5795.1325913043465,-0.189836810206473
10350,material_r_nocable,3,False,1.1699080746005526,1.359214726700818,50.54365149453708,842.294545950353,7090.166212817196,3.9647906530864816,0.2522201264829776,28111.0247294072,0.1476083546397738,0.02723982,11686.26682883,11665.22583273,0.0,0.0,588.44646163,,,,,,,,,0.15345975964006242,0.052836300069953476,0.15223168918338098,0.05530574325436253,11672.84150888889,11668.808037499999,0.004017352992398327
10351,material_r_nocable,3,False,1.2294594535007484,1.2345880329445065,45.80979161733757,552.2918940507543,1016.042026905552,1.016129038209192,0.984126978363282,1032.4298075796564,0.1332079079414301,0.30072165,684.48113585,560.66502834,0.0,0.0,20.6989722,,,,,,,,,1.369722717708344,0.05281321184123915,1.3654925057590355,0.05514011805295654,594.4495325,596.31758,0.0015465737076243479
10352,material_r_nocable,3,False,1.1692633704984452,0.9705432140549164,5.861749662390978,1830.794064782697,9573.927987677182,4.148719572334116,0.2410382245810335,39719.542426593696,0.1963362482468607,0.19337325,3075.46503699,2562.43943835,0.0,0.0,130.9758411,,,,,,,,,1.0064260247056849,0.05319616490942695,0.9978804446907675,0.055801209126778446,2717.5434318181815,2716.004760869565,0.0042636094556391035
10353,material_r_nocable,3,False,1.0920802196373742,1.399147549212758,10.50346221847902,463.2611617185188,17144.0281943623,2.389396034296756,0.418515803008905,40963.87297948106,0.1169745130218235,0.00876588,18813.39210547,18809.74069362,0.0,0.0,1028.38313517,,,,,,,,,0.04904145508838957,0.05284677624878561,0.04861836774476399,0.05527395873978308,18808.723284444444,18812.195360416667,0.004332255899628278
10354,material_r_nocable,3,False,1.0127999954632505,1.1815234624475497,1.467832612133236,671.8773946863391,19483.94345028201,3.158976329841644,0.3165582440594384,61549.316171414,0.4912719091592878,0.01551697,14618.15026092,14604.75468903,0.0,0.0,791.05901625,,,,,,,,,0.08673472761147959,0.05284790443822763,0.08619025786848793,0.055276365208597675,14601.24488,14616.498447916665,0.0031485892075135326
10356,material_r_nocable,3,False,1.328928950708596,1.1136120949010102,28.21111881200328,1976.4692067855992,3610.5625392923166,4.749909686505072,0.2105303186797617,17149.845979116926,0.1344901987332165,0.19626021,3829.78802605,3337.07760816,0.0,0.0,141.03827509,,,,,,,,,1.0232902328552598,0.05322752698314501,0.9881378979676888,0.05567609726097964,3394.734408888889,3577.3280600000003,0.017476306684240748
10357,material_r_nocable,3,False,1.05705025076319,0.8360976818290413,9.440382988709937,1871.994739081361,1230.772690548522,2.73829409293196,0.3651908692281021,3370.217588270993,0.4028897494442215,0.55785183,2224.28114909,1484.30971049,0.0,0.0,44.32603328,,,,,,,,,,0.11131708264628966,,0.1367112182732639,1561.2595606060604,1764.0555114285714,
10358,material_r_nocable,3,False,1.2879022027556124,1.0524263265082068,32.30517031400007,1496.385748334647,1215.5753214792662,3.861270891416486,0.2589820885716608,4693.665605152128,0.2972764435499555,0.34126943,2035.89127992,1580.71603811,0.0,0.0,44.29136215,,,,,,,,,1.491500737123788,0.05338515442773562,1.4468859962128526,0.055778909447839795,1650.7499897435898,1772.7016604651167,0.015183413539399502
10359,material_r_nocable,3,False,1.3693926222184258,0.9582611805694689,11.264178663665762,1873.178127084184,11034.072757380076,3.940649927584857,0.2537652464381375,43481.41801233584,0.2102685927978687,0.11690763,5199.32565045,4877.3433038,0.0,0.0,299.37731383,,,,,,,,,0.6141615301159573,0.05283700570691656,0.6593090772772477,0.05581388401861826,4978.181802222222,4799.515319148936,-0.03545236686200986
10360,material_r_nocable,3,False,1.262279785881823,1.0365927303014415,8.328867150344493,1930.7784818696755,6220.203682355593,1.025417062237885,0.9752129517111656,6378.302986482348,0.2768381398364421,0.22073446,2909.87597308,2605.29877786,0.0,0.0,132.30873034,,,,,,,,,1.0475235065037514,0.05266447056189361,1.1704162833228395,0.055565761516970194,2797.9893690476188,2591.231593478261,-0.055408527040626515
10361,material_r_nocable,3,False,1.2820323414554091,0.9832695473257328,48.04903656639606,1416.8974365799097,9247.301907604728,2.295228765275444,0.435686418333988,21224.673339520858,0.2559300822587291,0.12937121,3278.45850857,3140.99257762,0.0,0.0,186.64941607,,,,,,,,,0.6973486119077738,0.052913103105838286,0.6954549008503214,0.055336764370832264,3178.788653333334,3192.8912191489358,0.0013596397769721161
10362,material_r_nocable,3,False,1.3529554113379545,1.1226509756468186,82.51521428256528,820.4038486137463,3973.753432725509,3.252971412237456,0.3074112475252836,12926.506315936538,0.2346899258139395,0.09189838,2593.35656517,2498.7463856,0.0,0.0,142.2401767,,,,,,,,,0.5028897177157903,0.05285804558369444,0.5042242619465162,0.05533732835720043,2545.5544444444445,2513.721452083333,-0.001325117372686416
10363,material_r_nocable,3,False,0.9324381979739944,0.9975924463488038,53.06160246404815,1083.1309076558196,9520.026506617574,4.766046209829674,0.2098175208493703,45372.88624934272,0.3655633491408978,0.18065252,2991.65299846,2440.61664727,0.0,0.0,100.22260265,,,,,,,,,0.9371641789350058,0.05435839813507518,1.0112975460902598,0.05850259653594132,2659.821786363636,2511.764684444444,-0.03804712517732043
10364,material_r_nocable,3,False,1.3517288887134855,0.971881276220451,15.743204075881469,1073.5243578530449,9425.54193196374,3.562835611941132,0.2806753128458745,33581.65645704483,0.4344853360962207,0.06535725,4236.16280824,4163.04892559,0.0,0.0,283.09142809,,,,,,,,,0.35895436956775745,0.05284392518590496,0.36416581326803726,0.05537221861111513,4195.1965266666675,4178.5570145833335,-0.00720688458707178
10365,material_r_nocable,3,False,1.0545263929926438,1.1471806131600824,85.33264180719962,1490.989386616705,11216.401230605472,2.9211179198471475,0.3423346908406651,32764.430630917243,0.2586707810179602,0.09220893,5993.42907003,5801.39306229,0.0,0.0,284.28699546,,,,,,,,,0.4948554677867908,0.05283502653205411,0.5216908082442387,0.05570357731842653,5964.392373333333,5760.7915208333325,-0.02639854288013625
10366,material_r_nocable,3,False,1.3072178533066832,1.041265315200431,5.3236873434561325,729.1112023757083,8884.89959073298,2.018114999013994,0.4955119011991773,17930.749128791525,0.4047793020641534,0.05085977,3777.34199067,3738.30333975,0.0,0.0,241.1410465,,,,,,,,,0.2816806877020531,0.05283755230543372,0.28356316453881847,0.05531759024343462,3755.227119999999,3746.8659395833333,-0.0033303800285529716
10367,material_r_nocable,3,False,1.0237710928090684,1.2995082642718307,39.49652238644316,382.2209279619527,15428.20018913182,1.378672336473695,0.7253355083324252,21270.43280233427,0.2389241710072177,0.01770245,7121.66278104,7115.52623342,0.0,0.0,405.59943935,,,,,,,,,0.09963913622713089,0.05282967983469169,0.09889351518710635,0.055282449107490916,7116.436102222222,7117.868283333334,0.0037556595084644647
10368,material_r_nocable,3,False,1.0265510742246515,0.966799337195634,7.979741115508149,1630.0465541309884,10520.26982954262,4.304334393043284,0.2323239573617263,45282.7592513959,0.4770032665844789,0.19758439,3145.38115367,2436.88227961,0.0,0.0,102.80625309,,,,,,,,,1.1310717693260863,0.054055258277422934,0.9474943660609434,0.055597185188751744,2385.488909090909,2912.3206044444446,0.08831925053515834
10369,material_r_nocable,3,False,1.2878388979385949,1.0663152720349376,29.54403752331222,1274.2247164124915,13178.03688477456,1.987385266861175,0.5031737009801699,26189.83635095409,0.2226135072180363,0.0749316,4641.46897242,4535.71445728,0.0,0.0,282.41800825,,,,,,,,,0.41138635283005615,0.05284352195286382,0.4147756462498861,0.055327535438003464,4576.177715555555,4564.24360625,-0.004102456205446947
10370,material_r_nocable,3,False,1.1467938236472135,0.9883986521900854,69.72426868412522,1382.995207908334,1467.749288206116,4.22548753973671,0.236659081489638,6201.956328772369,0.1676285970412021,0.37722491,1916.6443163,1417.1007967,0.0,0.0,32.75229922,,,,,,,,,1.4779305910236897,0.05393111882389585,1.6283276070686796,0.05683223448532153,1675.182362162162,1461.909330952381,-0.04841742265255105
10371,material_r_nocable,3,False,1.2179141389331336,1.0567120940201191,50.321174986037015,368.55161644699626,14586.570608900602,2.6122862848689183,0.3828064350344277,38104.29834490311,0.3948897298710921,0.01938306,5115.25414099,5104.21657101,0.0,0.0,314.07578328,,,,,,,,,0.10816473649157218,0.05283704483122957,0.10824249929195393,0.05528168234677684,5107.909704444445,5107.633302083334,-0.00035933549125653476
10372,material_r_nocable,3,False,0.9046256723070136,1.150563217673528,61.45598020106643,1159.0419345257171,10691.460268273717,4.22433565309251,0.2367236133965656,45164.31679489067,0.2114947087565995,0.06460597,7825.7580286,7676.59672342,0.0,0.0,378.47062262,,,,,,,,,0.3603403726211514,0.05292911601204304,0.367590616289918,0.05581040866025525,7748.887097777777,7668.966304166667,-0.009960070087979724
10373,material_r_nocable,3,False,0.9768132195944836,1.2471455068990815,89.8038384989862,1113.7470007280808,9395.40825359689,3.251461109078964,0.3075540399999643,30548.8045404898,0.4661750171570593,0.03798633,9762.81840699,9718.64904201,0.0,0.0,551.54092681,,,,,,,,,0.21059046096726503,0.05283032557740614,0.21313316890944337,0.05533520123319184,9758.309904444444,9707.635714583334,-0.006000864155058325
10374,material_r_nocable,3,False,0.9925824322452704,0.87668411012349,45.9802279441958,483.2085861323202,5357.503863692341,1.7482790428665576,0.5719910697781715,9366.411726969927,0.2939492549010395,0.26984027,1335.61746666,685.50482654,0.0,0.0,26.84690658,,,,,,,,,1.3611496899336775,0.05373041246721249,1.3521634528724635,0.056457690677238506,716.2835600000001,721.8004255813954,0.0033119056254304127
10375,material_r_nocable,3,False,1.2502728327201704,1.1729119817639644,38.02463908750531,1502.2614728030594,16059.168570049307,2.2800004886462144,0.4385963972287416,36614.91218696435,0.1436985223536564,0.05942987,7424.39809523,7308.480326,0.0,0.0,413.08893785,,,,,,,,,0.330234634312357,0.05286415025838474,0.3292866606948837,0.05532073623999037,7336.554122222223,7354.131877083334,0.0014373661997720303
10377,material_r_nocable,3,False,0.9357848073739712,0.9683246493251112,68.28071722870982,494.9580806780045,1927.3505521473344,4.214049705262548,0.237301424981103,8121.951026214084,0.3268723445625506,0.26501214,896.89368539,707.9202689,0.0,0.0,26.09104006,,,,,,,,,1.1685374977910272,0.05423207368014219,1.4626206099224108,0.059170852066772806,831.4200048780489,697.2418476190476,-0.11176945667736835
10378,material_r_nocable,3,False,0.9591900334734706,1.154865149023646,4.438912417606903,1159.6971047322263,12818.94998082484,3.1446903997591558,0.3179963280571555,40311.62893969268,0.3203183240283959,0.06289567,7256.72063528,7135.58150095,0.0,0.0,356.88272912,,,,,,,,,0.3577961798412139,0.053068073608766905,0.33880473964527325,0.05527252668237001,7097.050077777779,7233.298835416666,0.02726301339070954
10379,material_r_nocable,3,False,1.175792271142976,1.2954425739302466,78.37606404573593,1433.0528276841883,12535.611438900536,1.2655904488292469,0.790145027504802,15864.950107307171,0.3427914312997775,0.0623071,6530.98206841,6451.31251592,0.0,0.0,383.27573986,,,,,,,,,0.3443790188171865,0.05283993988276042,0.34657964045165673,0.05533303837382482,6495.60182,6459.221477083333,-0.0031848817652837
10380,material_r_nocable,3,False,1.306135138461082,1.111192617536009,20.318469200566597,1250.0190073961176,4812.208864854241,3.9937400671770487,0.2503918590542734,19218.711355192965,0.2804396597784252,0.10870586,3672.36252755,3486.30828427,0.0,0.0,180.57742769,,,,,,,,,0.5956942078765548,0.05293672862639207,0.5872744884449705,0.055356723274521624,3501.2737355555564,3586.9715361702124,0.007117449056568966
10381,material_r_nocable,3,False,0.983175883742826,1.1418552540142293,18.69324922723113,912.3259735076472,10496.837493480769,1.924699980150227,0.5195614954606836,20203.262915342595,0.1880115302216865,0.10496337,3583.87419001,3404.15488776,0.0,0.0,163.10084489,,,,,,,,,0.6059301655701611,0.05336799408075492,0.5529720639656418,0.05548681317020104,3370.6425466666656,3502.7601446808517,0.045696781190706325
10382,material_r_nocable,3,False,1.267279744592659,0.9555890951496944,14.807661497218325,619.3784110283913,11020.410264634236,3.8005442092436574,0.263120212512673,41883.55641474502,0.2523069476440607,0.06932806,3543.73286107,3406.9054977,0.0,0.0,181.03235947,,,,,,,,,0.374555678185979,0.05287911718638021,0.39400634186828715,0.055737132165636055,3436.344477777778,3370.9418708333337,-0.02530786478485467
10383,material_r_nocable,3,False,1.0153955028872588,1.0773474162090764,19.240377802365035,1221.1843057374226,6595.899244017546,4.342391334243592,0.2302878582393338,28641.97571876565,0.2760927242506601,0.13838523,3702.25081457,3380.12181873,0.0,0.0,150.15372073,,,,,,,,,0.8054895744284585,0.053691782871089444,0.7047671163330264,0.05563867700172839,3330.727477777778,3601.9441608695647,0.06669227735362454
10384,material_r_nocable,3,False,1.2647319290640695,1.1051410969589543,2.2379095064591192,355.432561191898,15173.825090435956,3.2089530735824443,0.311628115796536,48692.09266195688,0.1326634174376201,0.01651118,5994.22596564,5984.35721286,0.0,0.0,354.97388766,,,,,,,,,0.09225477263477447,0.052835875969183176,0.09222268081409375,0.05527749353475432,5985.071733333333,5989.901802083333,0.0001739606660908875
10385,material_r_nocable,3,False,1.3123476698007626,1.1182319308611235,15.541704431564092,581.0846104804637,10760.053300829702,4.594072116259689,0.2176718115635852,49432.46083880976,0.2764860681829808,0.02250658,8045.9802946,8025.59918285,0.0,0.0,427.35163362,,,,,,,,,0.12579939634875562,0.05283874055318238,0.12555214604361847,0.05527887674100563,8025.882717777777,8038.097520833333,0.0009836832620313519
10386,material_r_nocable,3,False,0.8190554410111763,1.344418620718307,60.73253160827322,705.1506369492556,3753.3576922690872,3.236898041753101,0.3089377506183052,12149.236164104746,0.332375922839807,0.04364395,5033.58603671,5005.87974926,0.0,0.0,332.42366644,,,,,,,,,0.24598722904076994,0.05287613897020385,0.24430699901434064,0.055412117466582214,5019.578831111111,5004.7451083333335,0.0034269830854309893
10387,material_r_nocable,3,False,0.8079334293029402,1.1868657940877654,41.63690335515964,559.7328449207191,9590.270317122948,2.0645001274748225,0.4843787543007529,19799.11429221833,0.1616334925378834,0.09029627,5164.13262566,4463.65304864,0.0,0.0,242.74943092,,,,,,,,,,0.13130852690608305,,0.11917008527506147,4452.309366666668,4419.245122727272,
10388,material_r_nocable,3,False,1.0834679014194537,1.2397798879692972,58.62117436275227,1507.155828991578,1772.3841982056665,3.3462397866171067,0.2988428994238197,5930.82252120726,0.3423084136101046,0.22139359,2709.18346207,2465.80517762,0.0,0.0,114.25608456,,,,,,,,,1.076855132591015,0.054353942841351185,1.1528767943715788,0.05768066429991113,2606.76815,2491.709343181818,-0.03409452986759836
10389,material_r_nocable,3,False,0.9644697257758816,1.0115308601509612,51.3485599737256,1228.516610674763,19283.3935827246,4.628144544736636,0.2160693103540276,89246.33281389631,0.4794496885339596,0.12574553,4303.13643051,3723.51604827,0.0,0.0,158.20305513,,,,,,,,,0.6836780572314592,0.053537049833713955,0.7134044195070983,0.057117129702073305,3990.3259933333334,3853.7982574468083,-0.02127745696519956
10390,material_r_nocable,3,False,1.2528062319791116,1.166511162491293,26.71330066812542,899.6780020256128,7860.996387990284,3.5279428430465827,0.2834513041986933,27733.14594622536,0.1007992511271799,0.05974768,5006.64380967,4928.91243136,0.0,0.0,250.60501453,,,,,,,,,0.33316441158102383,0.052887099804536646,0.3301260585461456,0.05532638075579238,4933.399626666667,4972.831608333334,0.004580727707870931
10391,material_r_nocable,3,False,1.1050837343024291,1.2559144292232465,38.41065669586933,1469.7603071503024,3011.3636811287683,3.019255995302945,0.3312074238009958,9092.07784828558,0.329089850798257,0.15198425,3529.4406808,3344.66526112,0.0,0.0,165.5918992,,,,,,,,,0.8217417481604586,0.05358818669551191,0.7982098682571095,0.05619944889473175,3383.677625,3424.1305488888897,0.014526285640177687
10392,material_r_nocable,3,False,1.3746961674790446,1.1922180043748576,54.58753268680617,722.5495473750029,1150.6062837684194,4.837337203914275,0.2067253031669614,5565.87058353052,0.3945065220292099,0.13125559,2009.64403774,1909.84767323,0.0,0.0,86.82092054,,,,,,,,,0.7025507835529263,0.05298771218460301,0.708105383261194,0.05558434830547587,1952.6927244444441,1928.5300195652171,-0.00393759998994821
10395,material_r_nocable,3,False,0.972913781190985,0.9603683692138192,15.048412593717078,608.114740643691,2641.117396188831,4.511241871352027,0.2216684515078545,11914.719384843296,0.2224462865176275,0.26038562,1111.07926918,845.07989583,0.0,0.0,27.99955181,,,,,,,,,1.4909641993745173,0.05491435518545055,1.134880613920963,0.05629695706442074,805.5201000000001,1020.1492409090908,0.13560724672326052
10399,material_r_nocable,3,False,0.8071202494435182,1.2311712478791907,58.77516974245061,1076.3666423679715,16654.991700177845,4.078529983952286,0.2451863793902903,67927.88303165181,0.3036670794386269,0.0219124,17589.9452133,17557.00371578,0.0,0.0,1041.06061998,,,,,,,,,0.12429447192910992,0.05279256781595817,0.12280348301689181,0.05528720915988619,17571.628455555554,17556.4719625,0.006033999401346445
10401,material_r_nocable,3,False,1.24639763090164,1.0518764510269267,66.56347369863934,1219.547647953546,1598.414152065849,4.350351768253189,0.2298664690284421,6953.663832840588,0.1833457921216925,0.28605,1854.9151513,1471.66842839,0.0,0.0,48.7560896,,,,,,,,,1.29473178368789,0.053341537175072444,1.3692363573407567,0.056210155696306344,1669.5363476190475,1505.0203068181816,-0.027967516767711035
10402,material_r_nocable,3,False,0.8459660594802436,1.012080004906626,73.44295621933811,1841.8888566068545,9140.74754263456,1.1422977507100889,0.8754284943469144,10441.45535776023,0.1866012871429923,0.33948521,3089.925552,2204.66031124,0.0,0.0,101.4299687,,,,,,,,,1.349283965091514,0.05438383296147278,1.7370797841408467,0.058285014904154435,2518.1475289473688,2054.2747047619046,-0.12564812528846772
10404,material_r_nocable,3,False,1.372705072633409,1.04543925962973,72.96759750645192,1009.2739092617336,12972.528005158869,2.316354963795058,0.4317127623486622,30048.979637720146,0.3534377181863237,0.04107499,6357.14099528,6316.85340081,0.0,0.0,419.09324213,,,,,,,,,0.22865776884969852,0.052846840758178984,0.2279549655777804,0.05527437018582093,6324.6454488888885,6334.91596875,0.0015391670422843864
10405,material_r_nocable,3,False,1.2683140216983395,1.0911070518759023,77.22194961067109,1474.782119140269,2394.9760781475634,4.977174530768716,0.2009172059002624,11920.213937956398,0.2169694583972412,0.21612991,2767.06781659,2371.70143341,0.0,0.0,93.21582938,,,,,,,,,1.0483203825829044,0.05298967134231992,1.1301951323042705,0.05596751621480245,2622.632595348837,2349.1141288888884,-0.03758281690530278
10407,material_r_nocable,3,False,0.984725572545516,0.9040892637438144,41.16788710111538,788.412419549595,8594.400598782453,1.211665092934086,0.8253105629860705,10413.535200236503,0.3984217226261699,0.2617889,1373.93762931,971.4184019,0.0,0.0,34.92170398,,,,,,,,,1.2661511263201557,0.05344905295048998,1.2877955064319249,0.05617200267576236,1053.9444142857142,1035.0779627906975,-0.008474875643131832
10408,material_r_nocable,3,False,1.204298457639562,1.1344180336723588,43.73747080931111,1223.2785876842415,17598.50643721682,3.7445350687774255,0.2670558511624503,65898.22451226367,0.1107731988432205,0.04380477,9363.19070668,9271.77097584,0.0,0.0,470.38724806,,,,,,,,,0.244781790356005,0.05286134274137913,0.243886480601312,0.055326873698077775,9297.77945111111,9303.726370833334,0.001832142187048634
10409,material_r_nocable,3,False,0.9074864361088238,1.3804778817896075,21.451324008083667,234.71047671656356,14235.129041730224,2.847744498952672,0.3511550984885669,40538.01042046866,0.3600703325428852,0.00384405,18876.29125864,18875.48861596,0.0,0.0,1213.86307361,,,,,,,,,0.02156389921278851,0.05283255964984395,0.021400541106516256,0.05526760325638553,18875.35842,18875.970527083333,0.0038021700051997123
10410,material_r_nocable,3,False,1.0777792257222651,1.3078226507592317,17.507783443574226,1465.3339980506655,2383.324311597781,4.543507296238499,0.2200942872542287,10828.651399047116,0.2771438030728266,0.12324652,4560.33533092,4393.17513751,0.0,0.0,223.55651276,,,,,,,,,0.6919842604118353,0.05332591043996323,0.6438494665386796,0.05566991554191084,4360.45106,4509.408295652174,0.03603352191371852
10411,material_r_nocable,3,False,0.9851964501870072,1.377297903863341,52.34170158712381,1812.0279667467487,7698.602700616969,1.4751418046198412,0.6779009291636948,11356.530680839298,0.2488016091145665,0.109251,5472.46830675,5324.02639105,0.0,0.0,316.8957924,,,,,,,,,0.5977111459985235,0.053235928822749294,0.6010902978020112,0.055986374011404015,5377.064102222222,5338.758036170213,-0.0028187752200021024
10413,material_r_nocable,3,False,1.0504232201877997,1.1340021229608497,75.28112580787031,469.1470028367383,13406.059699862915,4.818223864127037,0.2075453586632341,64593.39676979125,0.2777835846207066,0.01902368,9678.4341715,9661.82318818,0.0,0.0,460.66302871,,,,,,,,,0.10676870502370789,0.052830465953652796,0.10658203682011558,0.05528860316126251,9675.19747111111,9658.928154166666,0.0008749358074834118
10414,material_r_nocable,3,False,1.0535456007432005,0.9943791735770606,14.179878585159456,571.2187379871909,6467.880922798531,4.016110084388039,0.2489971586902794,25975.721798672195,0.155355353621367,0.15971774,1257.86637136,998.1885316,0.0,0.0,47.45153596,,,,,,,,,0.9170360884629997,0.05377415538254707,0.8102508374797252,0.05576419681476582,994.167411111111,1159.938343478261,0.061822531844263735
10415,material_r_nocable,3,False,1.0801199854111303,0.990172333102906,39.61590603129329,535.691865584469,19516.053489754577,4.02419676614989,0.2484967952888496,78536.43934147865,0.2993279328314596,0.0824886,1929.69315497,1793.50385241,0.0,0.0,102.7039168,,,,,,,,,0.45850939121330875,0.05311328704497726,0.4569024902694352,0.055716182090564455,1833.0562933333335,1832.3330541666667,0.001755385719126531
10416,material_r_nocable,3,False,1.1848072921027983,1.338378638269079,75.10602638936395,977.4723956769932,16399.89550517102,1.275836436207586,0.7837995307396082,20923.584235494203,0.3908165916507825,0.02687093,10146.05580834,10124.3498256,0.0,0.0,616.20147462,,,,,,,,,0.1501280419268736,0.05283315095614595,0.15018368683094466,0.05528315466049296,10136.45805111111,10126.466362500001,-0.00018529047900069055
10417,material_r_nocable,3,False,0.8957481374208435,1.0626018967677455,26.75283886486136,1518.105129535019,14517.974979932816,3.4226115071376184,0.2921745567425837,49689.38822665409,0.3372373844100702,0.13920031,5523.47545696,4930.99515935,0.0,0.0,224.20133372,,,,,,,,,0.8834561923099544,0.054612391626953506,0.7029969245928708,0.056236033723696253,4882.213020454546,5162.535968888889,0.11375014224775057
10418,material_r_nocable,3,False,0.8228664733751799,1.148202928856342,62.419026771911135,387.0075304342601,12958.581814083173,4.87267237121196,0.2052261929014681,63142.92357557284,0.1213192823549621,0.04610984,11556.09861593,10508.78266725,0.0,0.0,553.47837345,,,,,,,,,,0.1797191764963507,,0.25523384589662335,10418.601385106385,10385.099556250001,
10419,material_r_nocable,3,False,1.188706542387161,1.0318137063310977,33.1485212243632,358.9566634783057,7076.85969448641,4.993561250234524,0.2002578820782532,35338.732343733864,0.1667957688139696,0.05394932,1846.60292806,1792.3533008,0.0,0.0,107.86544612,,,,,,,,,0.3003700470383999,0.05289594877844611,0.2994165532033688,0.0553561454780894,1802.6084044444447,1816.3836270833333,0.0015897218021322624
10420,material_r_nocable,3,False,1.031640619757053,1.2359398281420628,6.736241641702399,350.6923017795518,18689.903555689,3.57894035206784,0.2794123124802066,66890.05001171156,0.4684890726773886,0.00566431,20854.346897,20852.21114242,0.0,0.0,1143.94371525,,,,,,,,,0.031674847908298526,0.05284128883860488,0.03149429311654726,0.05527600330946477,20851.65256888889,20854.0725,0.002858275240441406
10421,material_r_nocable,3,False,0.942871222099214,0.858380031128543,41.409298582196,265.2813307775421,5889.231864368299,1.3232725403683456,0.7557022227043572,7793.058809980847,0.3968431089443673,0.26829917,1126.42914559,441.1983002,0.0,0.0,16.31146162,,,,,,,,,1.940109856467236,0.05495102079501172,1.6181215659962227,0.057227076684880335,466.0000824999999,442.4802162790697,0.09049110421493953
10422,material_r_nocable,3,False,1.237862441603935,1.2570270160639572,29.21033992412462,1551.8149844819432,18721.407679587,3.3776758373522617,0.2960615666374585,63234.84636056209,0.2410480925449267,0.02772541,19298.47080981,19253.13377239,0.0,0.0,976.30926659,,,,,,,,,0.15537263400061074,0.052843568129257855,0.15448607968984818,0.05528800292969218,19255.417453333335,19279.00199791667,0.0028611566226541935
10423,material_r_nocable,3,False,0.8839448614991022,1.330317696848709,69.17967173368395,520.0000088840068,14076.8880085282,3.950164729469794,0.253153999512882,55606.02651198438,0.3613274354364699,0.00755782,22128.03355388,22124.31911193,0.0,0.0,1383.84496291,,,,,,,,,0.042819795192282746,0.052820354535542756,0.04230985970362721,0.05525383652983578,22126.781528888885,22123.778643750004,0.0059901040275453475
10424,material_r_nocable,3,False,1.006686819684276,1.2382642163379818,57.69459760893402,1274.6271323187516,8211.45622877884,2.2155319052510043,0.4513588802896102,18192.74326343161,0.1337993804318133,0.0964609,5208.94894845,5057.91323517,0.0,0.0,256.44566282,,,,,,,,,0.5293563315996643,0.05307399992820568,0.53866274837036,0.05589876320024284,5120.103473333334,5058.903554166666,-0.00871371770901027
10427,material_r_nocable,3,False,0.966498865212637,1.2115224593833376,69.84387342518994,451.2382037966832,13656.093333957457,1.755152760335683,0.5697509770082603,23968.529910497145,0.4468730871801452,0.02452023,6028.03950466,6015.30799721,0.0,0.0,342.34308841,,,,,,,,,0.1377018991427404,0.05282971348862308,0.1373432351399346,0.055298822008804246,6024.681055555555,6014.017025000001,0.0013040187158416643
10428,material_r_nocable,3,False,1.130697801691005,1.1517551472895324,37.04519025524135,484.501483775372,10456.615786731976,3.222241928562899,0.3103429296030525,33693.745818880496,0.140755653258048,0.03214744,5381.07329676,5356.5678758,0.0,0.0,265.20975346,,,,,,,,,0.18035756646311835,0.05285206933128846,0.17918253499339842,0.055304613459242535,5360.400095555556,5367.965552083334,0.0032681513549109135
10429,material_r_nocable,3,False,1.1956760852057908,1.0404023172217964,8.764169425866479,215.20597327410772,6810.726082361337,3.420879344972083,0.2923224993216359,23298.672179412533,0.1936531077125551,0.03516979,1637.19468261,1621.05269255,0.0,0.0,100.9036575,,,,,,,,,0.19613664343670886,0.05285228978059931,0.19608248071023543,0.055298390885100246,1623.6700044444444,1628.7397666666666,0.00013809302795021663
10430,material_r_nocable,3,False,1.3233829066636948,1.1741540811797435,29.73247342582672,241.13809283953373,19465.1593451331,3.3759904661738696,0.2962093673011274,65714.19237172455,0.2335191044558672,0.00513017,14322.30494416,14320.71760958,0.0,0.0,780.98647582,,,,,,,,,0.02871138398918021,0.052832437687544226,0.028668261118463434,0.055275064996862654,14320.950573333335,14321.485979166666,0.0007515360305188014
10431,material_r_nocable,3,False,1.397448418101706,1.1658328079198532,39.95039253034143,979.7315690163196,8179.384055569515,2.2985147357193387,0.4350635584187551,18800.434780834337,0.2527172095586961,0.05142512,5154.61953316,5102.57886212,0.0,0.0,312.68806515,,,,,,,,,0.28527421126970803,0.052837773997098436,0.2856453115225188,0.05528220071697945,5118.033735555555,5120.559902083333,-0.0006500044892418907
10432,material_r_nocable,3,False,1.2918599862661109,1.1736329440634254,2.1095197180239227,807.5770960242343,11964.554346174777,2.2376347050064838,0.4469004693941331,26772.30203493683,0.1938310167070787,0.03829016,5932.77356635,5895.21302455,0.0,0.0,346.27208033,,,,,,,,,0.21344569692797938,0.052841341359046105,0.21312900562945103,0.05528081144668264,5899.54008,5914.793158333334,0.0007424052496073935
10433,material_r_nocable,3,False,0.9942148276020808,1.3122434428658718,41.07377149307656,1710.2793418717583,16580.305052346266,2.201093643130464,0.4543196074919233,36494.804051883286,0.34079792307525,0.04097257,13721.81293369,13661.39882456,0.0,0.0,793.52103665,,,,,,,,,0.23034348528657514,0.05287252865900025,0.22818073280893256,0.055352629566858345,13673.24008,13684.1209125,0.0047167682584480074
10434,material_r_nocable,3,False,1.3681872137358209,1.337026349435221,17.051410802452924,418.7449322974991,5644.535594821603,2.2050288348014764,0.4535088086909449,12446.363745644938,0.2496931648451419,0.0232379,5411.7450778,5403.26307306,0.0,0.0,301.86944328,,,,,,,,,0.12992730078592704,0.05283673011936044,0.12957124335384496,0.05527779261672179,5403.742297777778,5408.1224875,0.0013720979948554331
10435,material_r_nocable,3,False,0.9496385126575934,1.2445161011636572,1.0839053102915337,661.9226756697659,8013.59941996407,1.001751968775596,0.9982510952509158,8027.638995927981,0.2833880028842278,0.09877122,2394.43712865,2316.69267421,0.0,0.0,127.53250198,,,,,,,,,0.5649009107885112,0.0531968729216969,0.5189663932581292,0.055252148467211874,2292.174431111111,2365.657776595745,0.042380204070078115
10436,material_r_nocable,3,False,1.3613030847170842,0.943791049948697,79.80641806113034,1660.8951704158485,19865.830115557204,1.7512554545165653,0.5710189209809201,34790.143348369005,0.1744553491868672,0.06905803,8765.64951591,8606.85707202,0.0,0.0,495.07973636,,,,,,,,,0.38979592867652035,0.05302737512364619,0.3709800140435265,0.05523379246104087,8560.108520000002,8660.998577083332,0.024732531059959945
10437,material_r_nocable,3,False,1.1330112704631203,1.393221280134889,0.866736101760887,1292.0061412410112,6149.194146029811,3.865830758784973,0.2586766111598478,23771.74387146254,0.4369036246405395,0.03206114,13288.81208508,13257.65828106,0.0,0.0,744.75383112,,,,,,,,,0.17909660543398623,0.0528519452945437,0.17736336943515607,0.055269662497487326,13249.16917333333,13285.270339583332,0.00486235796730456
10438,material_r_nocable,3,False,1.1549855465801628,0.949973946798789,32.8037253247717,1948.213711950732,9887.06755948178,3.83331626488696,0.2608707267803505,37900.25688779773,0.1275628744456329,0.22149227,3521.70850787,2586.37474552,0.0,0.0,122.66635685,,,,,,,,,1.1127515292579448,0.053193018874070505,1.1290590755470715,0.05595250411446883,2744.2050833333333,2627.3718466666664,-0.007274274755491683
10439,material_r_nocable,3,False,1.1384842135608828,0.9735731062596606,48.036307861388536,1197.3225901989506,15568.768561920897,4.552917768817677,0.2196393721074573,70883.32302417967,0.4894211881639283,0.10487911,3276.99411671,2979.11283104,0.0,0.0,177.91990139,,,,,,,,,0.5736190784676383,0.05302558485692281,0.5752349304398359,0.05563293755072335,3069.807591111111,3069.015154166667,-0.001406490258700693
10441,material_r_nocable,3,False,1.1203401970618951,0.9263456761000262,10.633131429025404,1253.758551245714,1183.7185430949623,2.546294446728919,0.3927275579949694,3014.095952772749,0.2730700303408109,0.45980634,1472.90572434,1035.53171968,0.0,0.0,23.78724159,,,,,,,,,1.6434871607747705,0.05268435447727239,1.6488038600103552,0.05469782336985172,1103.4430027777778,1222.4380205128202,-0.0016148934593020118
10442,material_r_nocable,3,False,1.2767735837776029,1.3982978226382827,28.864198893487085,1733.3138901709674,5946.082259931821,4.309300366722229,0.2320562306870772,25623.454463284736,0.2238796280233152,0.05055633,12718.83474689,12648.21620081,0.0,0.0,626.83135498,,,,,,,,,0.28302891486795145,0.05289064554829883,0.2798839369094055,0.055351142605182826,12647.565317777775,12691.043752083335,0.005586971320011465
10443,material_r_nocable,3,False,1.048440287567927,1.058616106951105,53.47544363540084,457.97513322904246,17952.02423131778,4.7778257069501375,0.2093002259469898,85771.64286418188,0.4386956166598837,0.02438823,6742.25528605,6707.89354795,0.0,0.0,330.20197326,,,,,,,,,0.13690238466768237,0.05283820246016569,0.13646283346633112,0.055310384808502366,6723.766762222222,6714.069485416668,0.0016079265838998128
10444,material_r_nocable,3,False,1.2357717473504772,0.9900788831574544,50.1902319377423,1730.1196211093493,17123.07498125377,4.349888712582578,0.229890938843419,74483.4705856609,0.3696749019022897,0.08819169,5348.35692499,5091.93445216,0.0,0.0,319.72259298,,,,,,,,,0.4842007682793986,0.05292077199347909,0.48480037682201765,0.05542375547685216,5172.6324911111105,5173.558920833333,-0.0006187903344079941
10447,material_r_nocable,3,False,0.924616806884452,1.1509462024755983,66.6579791863779,1179.9796691046313,6010.802707794904,4.891410209709695,0.2044400197748595,29401.301733458677,0.1363299533471875,0.09621257,5512.29617477,5303.18451632,0.0,0.0,256.24707185,,,,,,,,,0.5226581343651215,0.053093381244952775,0.5562993112023572,0.05634741986724354,5414.09850888889,5277.3873125,-0.03117933610397586
10448,material_r_nocable,3,False,1.0023428765731743,1.234073976885558,82.93259354223476,232.50070749100087,12852.32728142412,2.023989812624836,0.4940736330600092,26012.97948612268,0.4463127585093349,0.0098311,7547.84621713,7545.43207139,0.0,0.0,433.36832017,,,,,,,,,0.05505551757193111,0.052832440492291285,0.05503678328746144,0.05526934123659698,7547.464237777779,7544.983777083333,0.00017016888850017288
10450,material_r_nocable,3,False,1.3159502597966672,1.267538155136143,75.61882006264234,1704.4761868923738,7099.03223579547,4.693366050471999,0.2130666965342353,33318.356886688794,0.4145852221588969,0.04485931,13436.46030914,13359.63389418,0.0,0.0,653.46210427,,,,,,,,,0.24953716909221044,0.05283793564508004,0.25052209091935534,0.055316119335622665,13413.51816888889,13356.163022916668,-0.0019696102160414505
10451,material_r_nocable,3,False,0.8808436608615826,1.0624368672296898,48.2141820584655,1733.6796143101876,6692.463174787174,1.201361880440924,0.8323886551427616,8040.0701444439555,0.2350556076055708,0.31994343,2523.7681152,2007.88249728,0.0,0.0,92.14181389,,,,,,,,,1.440493482351167,0.05616308124561924,1.4549814759299875,0.056797881778408305,2138.5688282051274,2109.7810146341467,-0.005003667373252297
10452,material_r_nocable,3,False,1.1583932781960211,1.125680843358933,59.10482310590289,1174.3112770793778,13109.363568723582,4.196681167989421,0.2382835292868073,55015.81921318885,0.3280269222930013,0.04523775,8983.46149645,8896.72611399,0.0,0.0,443.72119934,,,,,,,,,0.25233961610590855,0.05285142003686881,0.2525754392284505,0.05534823177627828,8942.900066666667,8906.801583333334,-0.00046705504232940893
10453,material_r_nocable,3,False,1.3181986844250195,0.9922394634094894,3.9864172348869302,1037.1137426467135,9611.873928198453,1.665413945727888,0.6004513187638396,16007.7488846,0.1785172304971823,0.09433419,3611.98641988,3508.7684719,0.0,0.0,203.85301926,,,,,,,,,0.5050515965773097,0.05281723669183033,0.5318353112104721,0.05562586131790612,3567.4989088888897,3483.019022916667,-0.025830892869798113
10454,material_r_nocable,3,False,0.9999972630657386,0.903246496128707,70.40901936124041,1186.094445335048,17568.827526741523,1.0279817159162763,0.9727799478502052,18060.433467576862,0.2936946047966825,0.24239255,2784.21658881,1821.95938071,0.0,0.0,72.80783477,,,,,,,,,1.3487047624035122,0.05403192646613396,1.138268631595318,0.05573432105273855,1688.073469047619,2067.792188636364,0.08461535266761808
10456,material_r_nocable,3,False,1.35840054725017,1.307027244065627,1.3453118484784612,1419.9676337655667,12985.849392704797,4.290832742391455,0.2330549942253539,55720.107761981926,0.4149115844046797,0.01888782,25884.14807022,25859.49780772,0.0,0.0,1292.94711917,,,,,,,,,0.10553461449356456,0.05283817684276091,0.10519867037884434,0.05527558641161592,25856.501066666664,25877.881429166668,0.001594167314022679
10457,material_r_nocable,3,False,1.2592284839270056,1.247874833286278,71.18860558957329,1854.9128125302072,19414.56748808201,1.2640791698431273,0.7910896911022594,24541.55035319808,0.3451352367973805,0.05124998,9915.35630173,9826.54060734,0.0,0.0,592.13385355,,,,,,,,,0.2846510305657354,0.052839751272423977,0.28485061694611497,0.05529260470328605,9860.683528888889,9850.039847916667,-0.00035045795082697714
10458,material_r_nocable,3,False,1.261158467157754,1.1158147383081625,41.83561421621009,1674.379212232801,15239.030524578331,1.4376715911796356,0.695569145370315,21908.721262305568,0.17509450322007,0.09237141,5066.69473205,4895.68693983,0.0,0.0,293.04266173,,,,,,,,,0.5050420890271125,0.052847267416939216,0.5065442485483526,0.05530210437262681,4951.570828888889,4951.109941666667,-0.0014849543389844838
10459,material_r_nocable,3,False,0.8173367535714787,1.1090238706051008,69.05607795297168,767.7355986101686,8926.160985592753,2.5667758725097256,0.3895938132775989,22911.45465195711,0.4709370686256987,0.11691029,3501.50122656,3084.03672681,0.0,0.0,157.55084661,,,,,,,,,4.268968179027477,0.06114803728028297,3.0049655985700774,0.0840003982846618,3146.204985106383,3027.425568085106,0.17377152708625243
10460,material_r_nocable,3,False,1.2203212377499169,1.0659099923534838,56.40256547835206,865.8743365679752,12293.73117735162,3.8492129876220114,0.259793366388329,47321.18971419549,0.1129016815224376,0.06143456,3991.02285768,3878.55993394,0.0,0.0,227.80634819,,,,,,,,,0.340308429179396,0.05287633438518128,0.34114065097637336,0.05537216533853133,3924.675944444445,3904.798889583333,-0.0012212530931689065
10461,material_r_nocable,3,False,0.8802112631769081,1.2109519899082908,88.14485695806394,1217.464092315326,1614.795803373358,3.1800821724356974,0.3144572831066429,5135.183346431596,0.3243658190609979,0.23652123,2098.3836578,1881.04741519,0.0,0.0,103.67202967,,,,,,,,,1.043430694268656,0.05273980013123067,1.4143462811963743,0.056339239181917876,2047.764836585366,1799.9587866666666,-0.1509150710704897
10462,material_r_nocable,3,False,1.1874805070216443,1.3953150393989882,18.1358161347236,683.6514962021236,17959.926813934693,2.6754867152518487,0.3737637695225364,48051.54559757773,0.4722050637834593,0.00734568,28727.23918753,28723.48031793,0.0,0.0,1654.94166543,,,,,,,,,0.0411509070334318,0.05283427456121699,0.040962853183387826,0.05527500878501998,28723.16896222223,28726.121808333333,0.0022901624471638013
10463,material_r_nocable,3,False,0.9572441643116524,1.1779260820879829,24.720746916659536,389.8498021721889,9310.134854091602,2.312772194763934,0.4323815385985607,21532.22102004564,0.1573895495374505,0.03943828,4251.3786925,4219.68253258,0.0,0.0,204.97269715,,,,,,,,,0.22288843378169046,0.052925594983600006,0.217834428604834,0.05532170117089911,4215.338946666667,4234.079252083333,0.011467535742277792
10464,material_r_nocable,3,False,1.1763065180216563,1.1447456482546552,66.0414788503173,800.8652225718447,18814.736475120782,4.133807569385278,0.2419077287017272,77776.50005684358,0.2356141751172174,0.02173733,12911.04039197,12883.07047174,0.0,0.0,637.79726142,,,,,,,,,0.12179298176401315,0.05283232700280981,0.12160553222576505,0.05528751561062271,12900.691351111109,12883.525829166667,0.0007701342755772832
10465,material_r_nocable,3,False,1.2708787101767756,1.1352661096263583,59.54684596453298,1912.7609105386516,3511.834609573088,3.332444762986968,0.3000799926549032,11702.994853148217,0.4820889345868421,0.1586676,4114.649753,3808.74178052,0.0,0.0,181.72241328,,,,,,,,,0.830041353508202,0.052969663004195595,0.8425658646734708,0.055608219889509126,3947.0541822222217,3859.3039195652186,-0.007488016928974236
10466,material_r_nocable,3,False,1.2276105917832358,1.3926295355138605,3.700055170421116,1176.471365386703,2449.874336321407,3.045343825384498,0.328370147129033,7460.709683084342,0.4525685734750407,0.08262426,4644.17321039,4572.87116649,0.0,0.0,248.2219343,,,,,,,,,0.4597342042293396,0.05289758507920615,0.44794197646892353,0.05525451464069499,4560.724177777778,4629.096679166667,0.012991668186494052
10468,material_r_nocable,3,False,0.9145366615603984,1.060227322423297,84.50740734097539,1224.8573043589174,11155.726511262828,1.0979290900766423,0.9108056331126028,12248.196657654673,0.1265216712385755,0.24167617,2660.07749091,2028.91838441,0.0,0.0,91.2630022,,,,,,,,,1.0798906982492273,0.053052472557004814,1.4180514306067733,0.057510600904142645,2261.2916243902437,1835.7715844444442,-0.1353757272641123
10469,material_r_nocable,3,False,0.8647636379750215,1.0261997949437356,37.17790725911206,828.6796097522493,15950.277432386336,4.992097004373581,0.2003166202747861,79625.33218914336,0.2981246628424795,0.12201063,5479.61789892,3830.80088781,0.0,0.0,170.87481047,,,,,,,,,3.8945697924735265,0.09517316708404719,4.3561378008296865,0.08677702073903258,3766.4039888888883,3875.279636956522,-0.055942839221547164
10470,material_r_nocable,3,False,1.3433205464405045,1.0223858731808069,6.923760589438365,1528.3870794316483,8608.682655214856,2.2720802202624704,0.4401253050319148,19559.61758343028,0.446693723344952,0.08907936,4548.2796163,4414.76263757,0.0,0.0,283.98238009,,,,,,,,,0.484681459557834,0.05283519408449377,0.49300488734179904,0.05538912533817232,4471.035237777777,4445.399297916666,-0.00851339267481815
10472,material_r_nocable,3,False,1.246079674408024,1.3933975019706093,44.60659598450809,1669.676365906451,16501.732985896233,1.5088910323535842,0.6627383810746025,24899.31692071216,0.1110556773157971,0.04647533,11034.57976657,10974.63721824,0.0,0.0,621.61213979,,,,,,,,,0.25976602537630583,0.052855679466512116,0.25856721268835803,0.055320650296510045,10992.508815555557,10994.801664583332,0.002312822331100919
10475,material_r_nocable,3,False,0.8024137450087793,1.3067764349866144,56.474115724799525,832.4496295955877,2513.272591195415,1.8701335206373555,0.534721178442485,4700.15531929365,0.1664198712969486,0.15305371,2109.66245887,1987.18359078,0.0,0.0,121.6555896,,,,,,,,,0.8073452575445655,0.0543522243464154,0.849800203230753,0.057682800226202174,2019.8304545454548,1981.6194521739128,-0.0256193235241548
10476,material_r_nocable,3,False,1.0994086466960318,1.3503146649202358,33.400845050790146,1777.5133706707684,15276.826884982262,3.815628241487337,0.2620800394354453,58290.69210265134,0.3582493906350888,0.02320159,26185.79152118,26151.32364328,0.0,0.0,1436.737505,,,,,,,,,0.1303884340207725,0.05284023077158463,0.12939920149846748,0.05529269195207858,26153.445686666666,26169.87998541667,0.003807850671290891
10477,material_r_nocable,3,False,1.139577403308348,1.1115529204108503,44.29629647453719,471.7718379509412,7632.477896315828,4.1716448216642,0.2397136004500663,31839.986892632387,0.1572399414315472,0.0438335,3856.37934605,3815.48896031,0.0,0.0,185.71082091,,,,,,,,,0.24539420374947582,0.052870495954169414,0.2441856541062762,0.0553469186897632,3827.3706555555555,3829.440937500001,0.0024685444546121227
10478,material_r_nocable,3,False,1.3407355610892249,0.9875533379364788,43.18578294560635,332.9200156404222,14799.730413480524,1.103181416742831,0.90646922149262,16326.787564955415,0.2874053301042203,0.01796124,5726.72062372,5721.9786263,0.0,0.0,349.78926342,,,,,,,,,0.09961004457192603,0.052834160067704396,0.10034794284862827,0.05527716112224404,5723.374495555556,5723.121668749999,-0.003690266571598801
10479,material_r_nocable,3,False,1.1251711974961325,1.0965895159158696,8.825170756050829,1601.5280185033876,19807.062076280992,3.0829013491403647,0.3243697694961402,61063.218397473625,0.135200581865424,0.07803518,6867.12205359,6623.34568452,0.0,0.0,338.13291997,,,,,,,,,0.4373985040065136,0.052980513613536395,0.4247741234078645,0.05531723383222416,6593.935713333334,6803.171210416665,0.01464252076351471
10480,material_r_nocable,3,False,0.8705819117406531,1.0742338173288062,20.061376359991858,283.3249499796689,15810.01232020015,1.5728379441387217,0.6357934100754385,24866.587274511465,0.1165736314104314,0.01708634,3333.03582539,2752.95838683,0.0,0.0,109.08683902,,,,,,,,,,0.5948862455074202,,0.41239100654503,2684.6384555555555,2901.084027659574,
10481,material_r_nocable,3,False,1.224741856227141,1.1926064959287224,77.42559034414361,380.8842363487271,9000.987450409906,1.9357821314925865,0.5165870599440595,17423.95067229251,0.1394724035986434,0.02970441,3724.09146214,3709.73644461,0.0,0.0,212.96522731,,,,,,,,,0.16573967012387036,0.05283530161066622,0.16592140685407555,0.05528832514837371,3717.7386977777765,3711.1060395833324,-0.0005479591752555109
10482,material_r_nocable,3,False,1.0874199723252784,1.1552986830529672,14.703931003383191,1302.7872740299315,8240.227156539097,3.394143654296741,0.2946251254669413,27968.514713330853,0.4067441488865655,0.07521945,6035.49577094,5905.63612755,0.0,0.0,299.7598029,,,,,,,,,0.4220435295214327,0.0529787462667982,0.40924760030779733,0.05531599464738565,5887.043544444446,6004.122772916667,0.015392837424193381
10483,material_r_nocable,3,False,0.8708876814192514,1.2175912652175238,40.62317151195786,1824.4244529011437,4520.93472179021,1.97769322955765,0.5056395931656548,8941.021990556595,0.325989896671127,0.21009209,3373.11079772,3059.5097914,0.0,0.0,171.87406246,,,,,,,,,1.1101997943192496,0.05542589631290232,1.0481203881792072,0.05705767946451254,3109.5575238095234,3160.5105454545455,0.028762834468878375
10485,material_r_nocable,3,False,0.9274498741561104,0.9701600500937833,8.700176059539857,505.44218814618296,6088.808613718345,3.45960534586899,0.289050310664501,21064.874829993143,0.3059582640513147,0.21004735,1306.03871113,947.86010294,0.0,0.0,35.47289099,,,,,,,,,1.3898463058778778,0.055501408372080556,0.9448306000651947,0.05592579992108032,860.0509590909091,1114.7560844444442,0.1906112596050728
10486,material_r_nocable,3,False,1.1413429912744486,1.3216711176785922,54.4089671655886,726.5019420429788,10201.649565997555,2.516958135511942,0.3973049793283919,25677.124870779426,0.1299854581793809,0.0282868,9190.87888571,9172.55920293,0.0,0.0,477.33433214,,,,,,,,,0.15914713457622687,0.05283487754269905,0.15812590615234806,0.055302114683499215,9180.959548888888,9174.70025,0.003218768356535091
10488,material_r_nocable,3,False,1.3994563443956252,0.9797345537886828,20.18736554885405,1529.0858849790209,10851.033768544976,2.2189193023597475,0.4506698368600124,24077.56827958188,0.2920470742108896,0.08260427,5184.64504387,5110.83815902,0.0,0.0,336.02892468,,,,,,,,,0.44710603598069565,0.05280811674942403,0.4611522824815927,0.05540519509865047,5165.237475555556,5105.411454166667,-0.01546503479833556
10491,material_r_nocable,3,False,1.3436398635202067,1.3031375814348007,82.79228476364214,1877.88426216938,9079.14702056644,2.518983901354871,0.3969854668234028,22870.225182840903,0.1997787633719958,0.06896081,8633.03078051,8512.21346986,0.0,0.0,451.89435948,,,,,,,,,0.3797718252707061,0.05283463447568463,0.3830785616650882,0.05532729304974136,8590.257802222222,8513.363368749999,-0.004334711564694308
10492,material_r_nocable,3,False,0.9521099868812924,1.220598898019349,45.25629781489842,1121.2721024276589,5794.26811479386,3.325666742649028,0.3006915837885366,19269.80476736162,0.1333707634257064,0.09043819,5156.48294149,5015.43223446,0.0,0.0,254.53057906,,,,,,,,,0.5058605493126228,0.05324023537958211,0.49909422809641485,0.055952390542778,5042.255317777777,5042.023523404255,0.00673296089367604
10493,material_r_nocable,3,False,0.9895380305459412,1.102751229713291,85.61264050447903,1401.5249012948138,8047.7890636743505,3.035834077731222,0.3293987663342038,24431.752289895237,0.4756027411338041,0.12402168,4151.4009363,3892.98265615,0.0,0.0,191.52891106,,,,,,,,,0.6412651818713032,0.052830896580523166,0.713726332104833,0.05622481132033109,4111.003386666667,3833.744906382979,-0.0534771985552125
10494,material_r_nocable,3,False,1.0880005440598717,1.0926776199659525,51.88333424362,879.0819266127753,16228.446011209518,1.3060122007801245,0.7656896309258572,21194.54849034117,0.3848629930966497,0.07459528,3316.44472344,3210.49590307,0.0,0.0,189.5216851,,,,,,,,,0.4122809666784169,0.052888212583346764,0.4124082028935495,0.05538702071725185,3247.170684444445,3242.3341520833333,-0.00015428384393437303
10495,material_r_nocable,3,False,1.02917828680422,0.9912627541536376,9.386378293950996,995.4740614900036,19953.963003481767,2.6300457985392565,0.3802215157452414,52479.83656151499,0.2909923378733782,0.14244897,2281.85810193,1839.10470527,0.0,0.0,94.68515818,,,,,,,,,0.8122981709796127,0.053632925152791,0.743095542868518,0.055799368246959996,1876.2264377777776,2072.974591304348,0.04449203278563054
10496,material_r_nocable,3,False,1.010618566770334,1.154108961879074,15.592393815311112,1468.5678272726432,14559.85633194561,1.873400248700217,0.5337887622753384,27276.43847330633,0.4240002876801977,0.08684317,5617.18784616,5455.47876111,0.0,0.0,292.6830508,,,,,,,,,0.4888093597764572,0.053054033099009086,0.4684618377881787,0.05534000584089132,5433.654468888888,5576.827979166667,0.021255754941801232
10497,material_r_nocable,3,False,0.941826508427954,1.106897516621153,44.046796247915296,1322.3212554026993,1339.5227346670836,1.9531567837771144,0.5119916682091179,2616.297916238685,0.4013688767521478,0.39343444,1577.68322659,1269.1046477,0.0,0.0,53.27091622,,,,,,,,,1.5852238950228437,0.05841281547644835,1.5530993396389685,0.0539937970506638,1364.022238888889,1375.0876578947368,0.010236216279148478
10498,material_r_nocable,3,False,1.124022871616816,1.3294055416294688,25.71571990030458,1128.2347554114465,10560.33018907169,4.121009438974603,0.2426589928531738,43519.22038785289,0.4131056439699687,0.01989722,19381.77615668,19362.12731187,0.0,0.0,1046.34969686,,,,,,,,,0.11164032923780247,0.05283978667297883,0.11087213215282535,0.05528279930743547,19361.052362222224,19375.19403541667,0.003452377813701526
10500,material_r_nocable,3,False,1.1150284646704252,1.2244503614014608,44.93599266726935,1838.823788650427,18378.888382303267,1.7080129139527285,0.5854756669759443,31391.37870106975,0.2600628749471786,0.06838886,8467.65087118,8334.9591005,0.0,0.0,459.50621178,,,,,,,,,0.3803083532391544,0.05289887690179541,0.3784981045092329,0.05539530799124888,8375.666088888887,8379.304091666667,0.0023856527727677654
10501,material_r_nocable,3,False,0.9334303882410804,1.3820556653999634,76.26660419773492,1002.3354585039508,2304.185905608801,1.8817595663400355,0.5314175189474228,4335.923870505239,0.2378803444151858,0.14999342,2312.98474449,2203.33720803,0.0,0.0,133.4281408,,,,,,,,,0.7685067072364259,0.05323814605839743,0.8479868011495811,0.05632439117921803,2274.129952272727,2171.4661977777773,-0.049168211007857614
10502,material_r_nocable,3,False,1.1022611063573369,1.3826762976760525,73.9380244776683,734.271422762425,10961.79053585339,2.23613564686599,0.4472000620362765,24512.05057070001,0.2067979903365027,0.02260166,10959.45138572,10946.5598872,0.0,0.0,612.1417605,,,,,,,,,0.126951396603126,0.05283132510605124,0.12650837906567097,0.055278775357535524,10956.313004444444,10944.258366666667,0.001747881044580101
10503,material_r_nocable,3,False,1.1813158807268829,1.036061424877039,10.143845116900629,1177.704008116105,16740.35472241942,2.058080697944818,0.4858895965540086,34453.000930960785,0.4937182909126538,0.0606007,5271.79049042,5169.47972503,0.0,0.0,316.77251479,,,,,,,,,0.3356884852370555,0.052861005100593675,0.3362626011156162,0.05532957879874998,5196.160262222222,5208.74135,-0.0008544012953040033
10504,material_r_nocable,3,False,0.9482286887836192,1.2286042683330949,2.1487559645365013,1845.83911815274,3422.514902647478,2.633036283961883,0.3797896770701988,9011.60592107108,0.386272542326453,0.19375703,3520.14827127,3254.71662563,0.0,0.0,172.79443867,,,,,,,,,1.1219384287001049,0.053444877537558375,0.9119734501728889,0.05510248558770085,3167.994031111111,3481.851064444445,0.10323209216102282
10508,material_r_nocable,3,False,0.8589724038069393,0.8390867130195836,27.855487643348965,325.60561419292503,1453.206037297989,1.1874596483461448,0.8421338791535085,1725.6235300243648,0.4381429058439107,0.41649451,404.19753896,289.99324148,0.0,0.0,6.05785752,,,,,,,,,1.607308418886237,0.05334267788897306,1.6048610767944536,0.05590436222400967,319.061927027027,323.79563249999995,0.000761896934478178
10509,material_r_nocable,3,False,1.2952035800620214,1.2461633607544056,34.25368068159352,855.3395614848316,5393.020354837423,2.4760296665230896,0.4038723822740896,13353.27839074034,0.2989779682990616,0.05836807,4500.37372032,4450.61854389,0.0,0.0,242.63767473,,,,,,,,,0.32474235396686,0.05286406262854455,0.32319831843231656,0.055315008490043435,4460.100428888889,4472.6934625,0.002382989061060564
10511,material_r_nocable,3,False,1.125554173227919,1.205746684105938,63.3732518351782,1850.99872677161,12321.091677547744,2.9091152583940048,0.3437471228115094,35843.47579922553,0.1412281021789062,0.08112468,8431.07174139,8257.08406711,0.0,0.0,404.14418784,,,,,,,,,0.44613982878712494,0.052916782683759794,0.4523007419844154,0.05556425211638352,8366.70268,8257.42005,-0.006857340816654948
10512,material_r_nocable,3,False,1.1843250913758685,1.3306720468513942,69.34948811680661,1589.697830798361,13752.820714418134,2.3531008751684728,0.4249711563803672,32361.77445913241,0.3670194074735382,0.03509651,14279.95984159,14233.20826286,0.0,0.0,794.45105378,,,,,,,,,0.19617994272699865,0.0528368897385275,0.19616265403915484,0.05530253711493871,14263.855866666669,14233.086229166665,4.4065283724770755e-05
10513,material_r_nocable,3,False,1.163406826710265,1.31742865699207,6.455595683899622,1840.6592086470937,9830.637230667928,2.8895591146117914,0.3460735566693359,28406.20741231853,0.1209998429140627,0.06568841,10339.94644899,10231.06607163,0.0,0.0,515.2453434,,,,,,,,,0.3676048235985132,0.052914530026513994,0.3582416031698033,0.05527782706787107,10199.91968888889,10320.746275,0.012899726558409525
10514,material_r_nocable,3,False,1.2865966735446417,1.1420256092436296,39.78941465698618,1879.3459850305223,15111.086038632418,4.446490945329664,0.224896443576556,67191.30724487655,0.2700255237956435,0.04909417,12641.06453503,12506.41464348,0.0,0.0,635.01077588,,,,,,,,,0.27375284741164335,0.05286096036105321,0.27277426013513767,0.05531766416093585,12538.165362222224,12560.116822916665,0.0017905557894434695
10515,material_r_nocable,3,False,1.3055675732208587,1.3300780770803118,86.54866438054782,693.0142797653662,17272.69703523314,2.172575182665981,0.460283265674099,37526.23291645579,0.4220611332453022,0.01068709,19262.41776108,19256.33633239,0.0,0.0,1094.33080514,,,,,,,,,0.05973239957866988,0.05283308441531549,0.05978202895331313,0.0552740290940037,19260.140342222225,19256.54174375,-0.0004152584357625756
10516,material_r_nocable,3,False,0.960105504158214,1.2154935238413629,80.04914627673044,1240.097401363972,1675.4372483025063,4.531513220817121,0.2206768360304331,7592.266041332266,0.2050922166885186,0.19935129,2700.96886281,2470.20642786,0.0,0.0,124.2388217,,,,,,,,,0.9443260881184882,0.053377880808771705,1.16291102657084,0.05696973417812072,2638.1345558139537,2397.702438636364,-0.10373058491074365
10517,material_r_nocable,3,False,0.8922299957528315,0.9150423473119728,78.55463872040923,1870.1769609437504,3910.7125372446026,1.7826992292570354,0.5609471208537875,6971.624225991778,0.4436807549362652,0.41471377,2269.54475195,1650.35605876,0.0,0.0,42.4295915,,,,,,,,,1.4975721469532104,0.053512367426835246,1.728017399542556,0.056765878278891284,1948.9046648648648,1716.0868899999998,-0.07144283216061946
10518,material_r_nocable,3,False,1.3267980697476447,1.2860090093794698,70.6688448803525,1522.1808878872812,2892.0199306536515,3.2125266490327338,0.31128146448251,9290.691096758654,0.3032818032591774,0.13047362,4068.93855574,3894.00769438,0.0,0.0,187.97094781,,,,,,,,,0.6925183928211561,0.05293113537810568,0.7110488802509479,0.05558631298496721,4001.0937444444444,3893.8503391304353,-0.013202421989529995
10519,material_r_nocable,3,False,1.2288628605359375,0.938910957189708,77.35704159804862,1632.9466051511668,13581.13550069924,1.0535789204102255,0.9491457930941104,14308.798078771692,0.3073679519344455,0.13903846,4189.04446539,3951.20314299,0.0,0.0,216.69282686,,,,,,,,,0.7968973440019614,0.053285963576332133,0.7062479513943974,0.05509018146059739,3888.3916066666666,4096.943339130435,0.060306473955108235
10520,material_r_nocable,3,False,1.0897948251048528,1.265818650310445,63.06761688083164,613.2527646850652,4325.980713362394,3.3167099922641934,0.3015035991486665,14348.023458351236,0.4349800723141027,0.03976411,5164.6469941,5140.88320419,0.0,0.0,279.07341726,,,,,,,,,0.2225735010396921,0.05284513565553158,0.2223151134207142,0.05533512519044344,5155.812782222222,5141.378754166667,0.0005807917096086783
10522,material_r_nocable,3,False,1.0186852067183192,0.9533924116127372,37.87770904997704,536.7397507087585,9631.79694841481,1.6373402041537397,0.610746622762403,15770.528381884871,0.3319413836817638,0.18892442,1101.71513387,830.71826478,0.0,0.0,36.37353718,,,,,,,,,0.9930849906662457,0.053480431803722285,1.0007765689360502,0.0564174067329711,897.976731818182,866.4591260869564,-0.0038576290478957243
10523,material_r_nocable,3,False,1.1479552308635337,1.0971985429098003,22.59926675213236,1531.1839427108057,9194.251613461238,1.3165050086600465,0.7595869316272569,12104.278300002434,0.2662007417433982,0.16326266,2856.29101979,2559.77752933,0.0,0.0,136.45950378,,,,,,,,,0.8598516544819633,0.05294952044330719,0.8586596307938664,0.05546336207609717,2645.009344444444,2657.0052434782606,0.0006936373931961543
10524,material_r_nocable,3,False,1.3720736917568854,1.065509097850919,15.26721579733708,1953.587223061249,9810.911063536136,1.557623550040164,0.6420036471419648,15281.706119913477,0.3578686975383801,0.10250929,5202.73167412,5040.11915622,0.0,0.0,317.46482937,,,,,,,,,0.551741699322706,0.052797955540409905,0.5656867004465456,0.05535381828747611,5124.761544444445,5062.351025,-0.012479547796278669
10525,material_r_nocable,3,False,1.001110753395346,1.1430019301273302,50.81274704723174,966.3974916604072,6020.336366740146,3.125456016637219,0.3199533107094986,18816.296519607844,0.4113330761972603,0.09624146,3671.75275169,3545.17097424,0.0,0.0,178.79967407,,,,,,,,,0.53000299431131,0.05304681352124175,0.5329300118328959,0.055768356583427235,3599.97526,3573.872183333333,-0.002753717783403519
10526,material_r_nocable,3,False,1.1720239710874756,1.358678519519029,30.55492393858007,976.5902581440428,1007.6170621076632,3.869697718103924,0.2584181176016974,3899.173445960605,0.1900222228311067,0.18737281,2124.91074444,1998.702946,0.0,0.0,94.96712877,,,,,,,,,1.0079477371211345,0.054393735435766824,0.9375867460991031,0.05725828877805264,2001.9611886363637,2072.931388636364,0.03616537852650666
10527,material_r_nocable,3,False,0.8535458808657148,1.360432313789274,34.45487284313963,887.1725203990109,3757.463562053087,3.017008047171481,0.3314542037557786,11336.29780366778,0.409419929555241,0.05189813,5151.25305104,5113.50125757,0.0,0.0,341.58223824,,,,,,,,,0.29185447445292984,0.052949717859593744,0.28742883776333006,0.055451618841913915,5114.998722222222,5130.862427083334,0.007639848406245101
10528,material_r_nocable,3,False,1.0698249712714318,1.269805418393839,45.66667640825593,244.2038752567449,11896.870734715856,4.363304741053049,0.2291840839332844,51909.67248048097,0.3253794031450931,0.00523733,16882.11065117,16880.78452422,0.0,0.0,882.48424263,,,,,,,,,0.029530121353303435,0.05281901132782179,0.029295970777660277,0.05527008815092938,16881.187962222222,16881.180877083334,0.003980386375519743
10529,material_r_nocable,3,False,1.2642887097310416,1.2724519981703826,27.22403734980172,829.1413710660477,11459.32875532116,3.8548047720775567,0.2594165098174472,44173.475170817575,0.2432489059670739,0.02036589,14410.51909344,14393.08103758,0.0,0.0,714.54146158,,,,,,,,,0.11417050619415021,0.05283770959778923,0.11357557126434505,0.05528109674153316,14393.330699999999,14403.620258333334,0.002612273003532148
10530,material_r_nocable,3,False,1.2807779898787937,1.301541521231682,73.02361356052508,206.09433605731647,18244.730220698148,4.703650016037191,0.2126008518045516,85816.82559518106,0.2045201390548094,0.00255973,30297.48955864,30296.95445113,0.0,0.0,1447.66575298,,,,,,,,,0.014375874246233357,0.05282802122265633,0.014327360513360603,0.05526435651752336,30297.35278222222,30296.898760416665,0.0016901834681381435
10531,material_r_nocable,3,False,0.8358691395877001,1.2811979177740949,24.1459984684683,1444.5760027829965,15965.929992750427,2.2652838285560497,0.4414457859072899,36167.36302043556,0.154022180793455,0.05431562,12396.7202688,12116.4831314,0.0,0.0,696.10207689,,,,,,,,,,0.10898207263915595,,0.05850683411253864,12093.00999111111,12159.13400638298,
10532,material_r_nocable,3,False,1.030717861217774,1.1679110482894772,36.74038520060294,753.4455668153884,1766.7443118894566,4.8602813877678805,0.2057494042457606,8586.874496021097,0.454006026607601,0.12456419,2295.41171234,2185.76740833,0.0,0.0,106.83123639,,,,,,,,,0.6896327692079984,0.05338882945598158,0.6653224409656987,0.0559412288946076,2202.514642222222,2237.8387456521737,0.017941794724847984
10535,material_r_nocable,3,False,1.3483728649157647,0.9037026601594114,11.838010393716756,747.9652126805854,9970.274849643773,2.03473163020917,0.4914653043935824,20286.83359844916,0.3536072740535602,0.06049667,4147.59316285,4090.15815411,0.0,0.0,249.39453899,,,,,,,,,0.3285030227068996,0.05282727162058395,0.3423444950431292,0.055553207953962944,4113.931664444444,4075.020502083333,-0.020632814417578617
10536,material_r_nocable,3,False,1.171998836444578,1.0939948042266066,0.5903447127289705,772.9188749891345,10122.647856401967,1.498048261964941,0.6675352359398173,15164.2150277661,0.1684162618450161,0.09078493,2381.84235942,2278.29171326,0.0,0.0,135.17522122,,,,,,,,,0.49810697525336667,0.05288579024277946,0.4990106502650626,0.055382662401187284,2309.856075555556,2313.64688125,-0.000906287270998814
10537,material_r_nocable,3,False,1.2544384534296105,0.8860299116142113,51.798747024738326,1747.4638444909592,12702.611572805594,2.5857755830977758,0.3867311635768459,32846.102846535934,0.4830833663593368,0.13836437,4507.68680299,4140.02015216,0.0,0.0,240.9242089,,,,,,,,,0.7563880062647653,0.0531485729696407,0.7342722282657835,0.05549317750756063,4137.134865909091,4195.143326086956,0.01483622993803593
10538,material_r_nocable,3,False,0.954802486007736,0.9323132570266712,65.17999871836534,1289.3257053264465,2188.3635786577274,4.381677388023372,0.2282231007543693,9588.70320937847,0.4128469321249977,0.34899256,1889.75319149,1432.76669978,0.0,0.0,42.66466323,,,,,,,,,1.3878973346222616,0.054752278803882344,1.6367679885602169,0.05785034198579327,1690.4918710526315,1459.6920725,-0.08228039381100838
10539,material_r_nocable,3,False,1.2888745233081105,1.2292271671011648,76.05314900727171,1097.9574711739317,1583.3927609549862,3.677166940951807,0.2719484907968735,5822.399515126082,0.4607084285437276,0.14625983,2667.09538428,2522.20300637,0.0,0.0,118.59995585,,,,,,,,,0.7630158866156678,0.05290119929434007,0.7937862659673526,0.055627075396659766,2615.104326666667,2517.9998652173913,-0.019765118708649717
10540,material_r_nocable,3,False,0.9090436557676554,1.0113484246063438,23.56862730749427,984.5140525119218,11282.052126923316,4.546314578311542,0.219958382284094,51291.75805790222,0.1473621495393096,0.16422997,3863.62346837,3054.25953783,0.0,0.0,129.26714875,,,,,,,,,1.294674816897406,0.05583836960688155,0.8063128242049459,0.05648932369408295,2976.5605431818185,3275.7042659090907,0.2324440102066593
10542,material_r_nocable,3,False,1.2711618985692232,1.2562977093135204,34.53046179736935,1799.3047221439076,16568.185096036417,2.850470040929169,0.3508193335278941,47227.11524882098,0.1907983003432355,0.04209865,14054.85726022,13974.97045934,0.0,0.0,727.36007735,,,,,,,,,0.23536547238141278,0.05285479126305602,0.23410203019525816,0.05530538833415948,13987.24948,14012.832585416667,0.0026912239488787286
10543,material_r_nocable,3,False,0.9044972556704812,1.3523762261101668,0.375607218686372,789.8850433358073,8418.628336265541,2.233566624093656,0.4477144264303211,18803.567272531815,0.2128934341912448,0.03483096,7817.29415645,7789.46282592,0.0,0.0,467.1396331,,,,,,,,,0.19470262307062214,0.05290065997239952,0.18959760408040877,0.055265205773021214,7780.599502222223,7807.0099062499985,0.013283934355331744
10545,material_r_nocable,3,False,0.8910153298651975,1.2905234677563635,86.37218235636537,344.14072429156965,12636.944938337916,4.401790001423727,0.2271803061201368,55625.17787811802,0.43143204151451,0.00560338,19939.88841939,19937.92651616,0.0,0.0,1218.20323583,,,,,,,,,0.03142234518597657,0.05283598465581693,0.03136094920277509,0.05525919143843014,19939.607460000003,19937.387402083335,0.000977903179487888
10546,material_r_nocable,3,False,0.8525856299158077,1.0060827525635725,33.7066171725006,988.9891064248076,2917.8801380454324,2.706193819167675,0.3695226827129341,7896.349194650671,0.4670279670120491,0.29096047,1601.29309609,1296.7171312,0.0,0.0,58.87563987,,,,,,,,,1.4946421746829903,0.05715988267319668,1.2673245606817225,0.05675046514160537,1324.4661487804879,1435.276073809524,0.08230280658005497
10547,material_r_nocable,3,False,1.1522951246385142,1.1413176098838995,62.66953144116635,556.7360738623136,4186.054742229552,4.859665871677702,0.2057754640762514,20342.827367787555,0.4226403452342016,0.04809134,4132.59804461,4092.73425236,0.0,0.0,200.53207712,,,,,,,,,0.2679521938071397,0.052850548123723314,0.26868815075330227,0.05536335896499019,4116.50339111111,4094.888875,-0.0013714156112608186
10548,material_r_nocable,3,False,0.8012207774961996,1.1904819354125484,67.28157563467556,998.4408592862942,9724.519934019065,1.3147667729707448,0.760591171421588,12785.475692339924,0.401563233570391,0.13269413,3536.59137488,3151.71805466,0.0,0.0,175.26824653,,,,,,,,,2.2022337486499413,0.05733527756149793,2.5254048070143797,0.07621736233674718,3207.2342674418605,3100.9899276595743,-0.06835781850903934
10549,material_r_nocable,3,False,1.1446289749293084,1.08065958931253,79.61830513630149,1472.2771146905436,11192.626343471611,3.9132461064277337,0.2555423228703766,43799.50145929077,0.456827523688979,0.07455654,6482.00289713,6292.53721636,0.0,0.0,324.15620841,,,,,,,,,0.4083242255542376,0.05284599472624001,0.4163009627433882,0.05546957958612704,6424.446591111112,6285.10355625,-0.009673167036793948
10550,material_r_nocable,3,False,1.3004425637611932,1.0633806814652131,84.62479558611179,1209.0454771989766,14455.328136838369,4.685317647373637,0.213432700888605,67727.80401810548,0.4886550070047295,0.03195479,11371.66073979,11312.80832226,0.0,0.0,622.2180543,,,,,,,,,0.17809112888089684,0.05283618900631468,0.1783470104852193,0.05529246622879627,11347.82244888889,11316.497949999999,-0.0007178850298610645
10551,material_r_nocable,3,False,0.8693381313639398,1.387061383662958,41.85820901211229,1118.5167847354303,14512.814174001109,1.108181867669266,0.9023789588826296,16082.83751648154,0.4083246736385888,0.04344057,7550.2148327,7512.0701784,0.0,0.0,509.97193076,,,,,,,,,0.24466120702385896,0.05288643660526094,0.24189974746324916,0.05538247959237303,7517.78328888889,7522.759664583333,0.005675464780195325
10552,material_r_nocable,3,False,1.1435652610406044,1.1329126263245106,33.44165408393576,1803.691379358152,12803.249135456945,4.0736993283037,0.2454771251898953,52156.58740321588,0.1151045338021233,0.08564839,7982.30579186,7729.54857099,0.0,0.0,360.56726301,,,,,,,,,0.4780478858793324,0.05302758840370266,0.46801543532881645,0.055492994086411264,7753.077871111112,7862.636872916667,0.010604417617315743
10553,material_r_nocable,3,False,0.981773312129542,1.2429515681012162,65.99172665182988,1885.5496837860865,2329.370316256058,2.768129801572357,0.3612547357540743,6447.99939132642,0.2578553858164447,0.25562869,3074.5824134,2755.47854682,0.0,0.0,139.47811038,,,,,,,,,1.1597618127027753,0.055011600214684306,1.3576739024705733,0.05688532028870437,2962.2173875,2722.306164444444,-0.07861654165582928
10554,material_r_nocable,3,False,1.0525201975060294,0.979441837239288,38.0915628481378,1817.3435700741115,17647.39509267349,4.328849538720671,0.2310082600596775,76392.91810654107,0.3091277482466387,0.16896782,3791.60340011,2968.70282716,0.0,0.0,139.87972295,,,,,,,,,0.9183290349470994,0.05363973524006152,0.8838549786708892,0.05630354590354568,3138.1947933333336,3269.6089717391296,0.01912904343602598
10555,material_r_nocable,3,False,1.3983078380698737,1.3693334869228837,30.211389584018804,1124.280992962837,13209.90110712807,2.072373486203748,0.4825385031497569,27375.848809785748,0.3414413511300794,0.02205889,14956.99951204,14937.23766919,0.0,0.0,850.82032003,,,,,,,,,0.12339747903446276,0.052835012372218854,0.12310186003099263,0.055278348038668955,14940.742664444444,14946.27123125,0.0011992689497298218
10556,material_r_nocable,3,False,0.827464194591503,1.294970251753588,18.9951529150406,1619.445350803248,13450.00043544846,4.974582811271729,0.2010218822237989,66908.14097777917,0.456324521417857,0.0203685,24559.865642,24524.05791177,0.0,0.0,1598.14822075,,,,,,,,,0.11425692480590734,0.052854297974183416,0.11301556504427938,0.0552826459887245,24517.266540000004,24547.708952083336,0.005461988657079575
10557,material_r_nocable,3,False,1.0254359874427204,1.3950918178779943,83.28786064799127,1564.882930442911,7619.644253958327,1.3964869003941316,0.7160826211243151,10640.733386316218,0.2948753753680604,0.09100978,5326.38058435,5236.643585,0.0,0.0,317.62577313,,,,,,,,,0.4917146408984906,0.05284402582276047,0.5100348056732149,0.05551989998154629,5314.980062222222,5214.7990875,-0.018288170597369976
10558,material_r_nocable,3,False,0.8849938877567153,1.163771377331249,51.82230973131621,798.9764432498428,4015.700492564089,3.6161528558866016,0.2765369827694471,14521.386804570864,0.4062358861849058,0.10053029,3058.59447056,2943.17376835,0.0,0.0,156.20162468,,,,,,,,,0.5541671826758142,0.05323722963050278,0.5618988689138635,0.05619153800778362,2989.4468311111114,2959.3872446808505,-0.0069276242450315795
10560,material_r_nocable,3,False,1.1488014447365975,1.3939529187926565,32.55886204335043,1526.7188688522876,12343.51467446574,2.225658953166512,0.4493051366101126,27472.4539487669,0.3836180363413308,0.03237641,14575.07414642,14538.80754739,0.0,0.0,846.2441445,,,,,,,,,0.18156428078476838,0.05284926243615592,0.18029521765602724,0.055300525387107245,14542.09862,14558.196495833332,0.003507060431491691
10561,material_r_nocable,3,False,1.0098604618333344,1.0274534104810773,39.440189249648576,1545.9517248327577,8231.25224372479,2.45137051429858,0.4079350690428509,20177.849046020976,0.2865807520622955,0.21587331,2777.31058,2304.47526673,0.0,0.0,96.26160897,,,,,,,,,1.1224494415211421,0.05389370809687421,1.077511303922157,0.056598700307317465,2428.624697727273,2497.11022,0.020426790656180478
10562,material_r_nocable,3,False,1.1283041104763898,0.8287945633950007,42.54598858880153,920.8728016637916,10118.358483138809,1.333026644383407,0.750172552224229,13488.041455446906,0.1897273376183131,0.19898114,3545.17886557,2280.33502371,0.0,0.0,117.15338018,,,,,,,,,3.5566992439574876,0.06839085003307568,3.01405516951819,0.06502901807626452,2313.289702272727,2336.9211195652174,0.08258474450459023
10563,material_r_nocable,3,False,1.254081855331476,1.1385810609343383,77.97051999623481,1643.481845610243,3559.836682307716,2.1897671177601525,0.4566695663157414,7795.21331151383,0.1257340272666176,0.23623733,2461.78145957,2083.84597176,0.0,0.0,89.85805844,,,,,,,,,1.1468156552678426,0.05290404181953567,1.1774479069490928,0.05550511680098828,2259.0381904761907,2125.25708,-0.013179336534464507
10566,material_r_nocable,3,False,0.8001067687792576,1.1251758318926437,59.65917477575304,439.9112207035372,11385.754731029368,2.72271376749215,0.3672806197770413,31000.151159462537,0.2944365257012787,0.00174286,4328.35720228,4326.99178164,0.0,0.0,199.86439746,,,,,,,,,,0.0973852758737236,,0.12770397314850956,4326.954853333334,4326.8655875,
10568,material_r_nocable,3,False,1.2315798872985138,1.260840868754732,36.64710250794738,1839.7613037958604,19352.862206417183,1.9158270592992728,0.5219677815625784,37076.73708994428,0.4697802595133661,0.03316847,16087.85894748,16033.45709762,0.0,0.0,927.83094246,,,,,,,,,0.1854118561484124,0.05284073843398154,0.18484460143201292,0.055286827481572355,16045.776408888885,16055.817397916668,0.0015320589412711814
10569,material_r_nocable,3,False,0.8713834620954358,1.2002123134650255,49.231537796911525,1762.4804693076144,2029.5992949351432,2.90410928949977,0.3443396581580609,5894.178166383333,0.2360879042117646,0.29012683,2754.93665562,2394.52933897,0.0,0.0,133.54170142,,,,,,,,,1.3167924074806687,0.0593526515589971,1.378052702883768,0.05309515093245012,2517.6896945945946,2460.342143902439,-0.022732399412304132
10570,material_r_nocable,3,False,1.3357700839001811,1.1288335455719232,87.7050897280757,1186.9721306737338,1833.4929495255371,2.900228133554603,0.3448004618775873,5317.547834887973,0.4088457342838693,0.19545505,2055.19386671,1840.09771715,0.0,0.0,86.10049552,,,,,,,,,0.989660883098696,0.05285370954448152,1.0054547623687426,0.05539801555981649,1946.8835159090909,1865.2178673913043,-0.007916272575941949
10571,material_r_nocable,3,False,1.2417862555697752,1.3616430808603477,82.69786296889126,1808.5132823832168,12579.474516480828,1.4626692263320276,0.6836815747520204,18399.610258684468,0.1305872943270128,0.07090005,7734.17883117,7628.57118418,0.0,0.0,431.23575628,,,,,,,,,0.3899324950265855,0.052835028812831746,0.3942519774617319,0.05534356535290478,7698.830675555556,7627.4329520833335,-0.005508247850713156
10572,material_r_nocable,3,False,0.9789977716730982,1.1074771308585465,81.81553782851134,419.7301710773248,8144.985931681368,2.932443208019801,0.341012571791722,23884.70867477586,0.124756966669316,0.06600662,2936.27202875,2862.66516261,0.0,0.0,128.38733925,,,,,,,,,0.36001688775205976,0.05285594144111669,0.3821355517921779,0.05593325401955546,2912.9319577777783,2843.62553125,-0.029803397336673056
10573,material_r_nocable,3,False,1.0508791071368748,1.103457711322806,78.71893246440466,1960.7945645337372,2546.100648572716,4.33731049645529,0.2305576233975547,11043.22906808606,0.2825551537117156,0.26923456,3357.01756329,2889.87927607,0.0,0.0,115.12704575,,,,,,,,,1.1669991661833958,0.05350499782301077,1.4566394535968632,0.05728965595754072,3257.7232,2809.039130232558,-0.11039641101095166
10574,material_r_nocable,3,False,1.3778324700171256,0.9270820830150754,33.10272283529724,1608.711760564724,1058.944337779113,2.0513153385081795,0.487492089211038,2172.228762712681,0.3970335701177677,0.41158933,1649.57159937,1258.52909222,0.0,0.0,58.346323,,,,,,,,,1.517064510683269,0.05703813114598595,1.6554893499220649,0.054036721568583516,1383.0501028571427,1380.7392666666667,-0.04363199028948368
10575,material_r_nocable,3,False,0.9415753165128168,1.3852255839072931,49.10364417327248,783.8075339465134,15351.799640386174,4.673123464862117,0.2139896383049031,71740.85512735044,0.4053316419888469,0.00689508,35790.18912623,35785.90071097,0.0,0.0,2243.90233331,,,,,,,,,0.03897631388529265,0.05281321975756679,0.03857737402648071,0.05527004001391715,35787.433639999996,35786.79399583334,0.005144047556652383
10576,material_r_nocable,3,False,1.022893775733161,1.2102757533265809,20.2565080342457,643.0715680804217,7352.1900850908,3.856662830529997,0.2592915284384806,28354.91822416087,0.3012813238562336,0.03476475,6908.26517544,6877.43118361,0.0,0.0,352.00549868,,,,,,,,,0.19524129593794312,0.052880065135295404,0.19254626925980228,0.055298276761704936,6872.486706666665,6898.138389583332,0.006949750120962639
10577,material_r_nocable,3,False,1.369797809497569,1.207748085282509,72.56522075109427,905.7548344905558,15367.6239726442,4.292602824303312,0.2329588925251428,65967.10606780378,0.1830065144907333,0.01894238,15933.08921846,15911.38394083,0.0,0.0,801.9064072,,,,,,,,,0.10593067584049772,0.05283282532761758,0.10591007491396086,0.05527890696127376,15924.85348,15912.044529166667,9.724723153353515e-05
10578,material_r_nocable,3,False,0.8480970716251571,1.3169832685410123,26.20269682871895,970.4438050546132,2611.020036812848,2.5262904278999634,0.3958373071267474,6596.194926055308,0.3758761996223012,0.11392866,2783.30322526,2684.82272507,0.0,0.0,170.49970607,,,,,,,,,0.6445036766842562,0.053562678766629665,0.6028358105856744,0.055996787083392036,2674.6560466666665,2736.761841304348,0.03340539325807836
10579,material_r_nocable,3,False,1.3137673382130748,1.0179441914780367,48.64530908895159,1763.329524614255,11478.4157084506,4.730572290077438,0.2113909139698677,54299.47528438599,0.1301579030382683,0.10938011,4446.04146868,4192.71140875,0.0,0.0,262.8381634,,,,,,,,,0.5949925472821824,0.05293637813282553,0.5954788192211986,0.0554402333558963,4268.0247266666665,4271.882740425533,-0.0004084700839503977
10581,material_r_nocable,3,False,1.0863305330436113,0.8087343784255758,82.13374280231429,215.8618140542168,8099.62694111009,1.2690101854404907,0.7880157397262232,10278.50908653691,0.1681996414424792,0.1211376,2380.39610302,1110.79321306,0.0,0.0,55.8821482,,,,,,,,,,0.1511041029647401,,0.10384443879398728,994.027715909091,1058.8252403508775,
10582,material_r_nocable,3,False,0.8832710902992746,1.1358501524853797,7.090017333609368,817.7385368427653,6410.062615824596,4.84350537745828,0.2064620397974594,31047.17274959072,0.1985644799788462,0.07400443,5007.99106995,4837.69464895,0.0,0.0,237.94890651,,,,,,,,,1.3380545762576785,0.07534421498531013,0.41141525417182495,0.05550819805426344,4788.086224444445,4926.148238297873,0.5296686493063781
10583,material_r_nocable,3,False,1.3294871790546627,1.186382911683955,53.60298625023539,1956.38760251244,9446.10706908495,3.9484060420704377,0.2532667586223293,37297.06622561929,0.4583780604725,0.05165498,12339.13636477,12229.28031725,0.0,0.0,627.81990219,,,,,,,,,0.2873699979622164,0.05284989520298934,0.2872319371596254,0.05531687841017344,12274.231415555556,12255.181083333335,0.00024027208081315262
10584,material_r_nocable,3,False,1.0298539308018628,0.9545339340918736,1.8034736780421008,1918.4651499458173,5245.031816640753,1.295653402861908,0.7718113484602803,6795.743321349567,0.1629045183435005,0.37567992,2285.51714677,1694.07546785,0.0,0.0,44.30975354,,,,,,,,,1.5183883185754024,0.052860370001409286,1.5802922067558982,0.0553431614791203,1890.4669307692307,1838.6310073170732,-0.01997749934994583
10585,material_r_nocable,3,False,1.2519553306283069,1.156096818314345,46.87679003409308,1158.3342185359988,11935.0059377918,1.7414184625017677,0.5742445147637711,20783.839690138862,0.1135564876970155,0.07590309,4235.09472728,4123.75417183,0.0,0.0,245.49465033,,,,,,,,,0.41866661256318544,0.05286239616129722,0.41865922934977884,0.05532464705424569,4158.841313333332,4160.252341666666,8.817610823678711e-06
10586,material_r_nocable,3,False,1.2912570757265796,1.3801052546351562,16.54590582874058,1709.202937860953,6335.403870245114,3.660305214100129,0.2732012609625631,23189.51181968833,0.4418671779849389,0.04214804,13560.92205231,13503.61750871,0.0,0.0,710.55115622,,,,,,,,,0.23562514014250016,0.05285927115599261,0.23355905862119278,0.055292112424432924,13498.574573333337,13544.18419375,0.004403561600649676
10587,material_r_nocable,3,False,1.3851969673665756,1.2789733483010564,43.311666923034885,1460.719417245546,8394.039604914804,1.068588520432409,0.935813908608475,8969.774361866954,0.156319992984456,0.09315432,4380.97278546,4265.49281032,0.0,0.0,252.57118713,,,,,,,,,0.5090372657888791,0.052813855859773974,0.5098908712887907,0.05523459549179215,4302.468986666666,4303.6064354166665,-0.0008377484818113128
10588,material_r_nocable,3,False,1.0364212909467592,1.359048364184795,68.1978289604942,650.2168793939693,7371.751367465638,1.441479158174007,0.6937318478241125,10626.225955442453,0.1126745763493827,0.05221167,4386.36399558,4352.03102776,0.0,0.0,242.29208959,,,,,,,,,0.2917877538914793,0.05285899615668383,0.29241843434191434,0.05540491796650903,4369.114546666667,4347.073560416667,-0.0010795511296142874
10589,material_r_nocable,3,False,1.138055863045658,1.27998207764386,66.60317247087123,1280.6635674681922,19812.72576742461,3.372242285202872,0.2965385981867078,66813.3116180378,0.2583332031999834,0.02075841,21959.96496066,21933.64196099,0.0,0.0,1131.37087991,,,,,,,,,0.1166764729196619,0.0528291119462969,0.1161678557923736,0.05528142127193473,21951.601384444442,21932.263152083335,0.0021843655377036366
10592,material_r_nocable,3,False,0.9537293819257596,1.2689213154231362,23.666051077296547,674.5665614120934,19781.256098197588,1.8081749406990195,0.5530438330338832,35767.97157231054,0.1620861671906799,0.02404526,10861.79591639,10837.91192624,0.0,0.0,576.87926135,,,,,,,,,0.1351607115671769,0.052854651111080286,0.13352579051956862,0.05528111100226071,10834.171668888888,10848.184485416667,0.006084864832846926
10593,material_r_nocable,3,False,1.2298023904702435,1.2786050498201016,61.41492226430215,490.73500138901295,13161.93802944312,4.094862332180692,0.2442084541258452,53896.3242552632,0.498148154157662,0.00691854,23898.04283098,23894.80690153,0.0,0.0,1242.78357918,,,,,,,,,0.03886413502299044,0.052826690760141556,0.03871168519637958,0.05526908514759107,23896.631057777777,23895.087929166668,0.001965171959249097
10596,material_r_nocable,3,False,1.2847708255390309,1.3757691254166555,30.123719615654423,1587.4265065502543,8714.82723382515,1.6467623977248476,0.6072521460179022,14351.249791331704,0.4394055682694038,0.05114945,8886.53044095,8825.58770319,0.0,0.0,518.84134707,,,,,,,,,0.28507888731852793,0.0528549807177081,0.2836597108105462,0.05530078228968539,8836.021666666667,8853.885910416668,0.0024953054226498177
10597,material_r_nocable,3,False,0.825273890708855,0.8644263271828131,83.77772384835991,825.4451414221998,4794.404019904416,1.3645260301666375,0.7328552023869261,6542.089084295141,0.1361445120306254,0.40953339,1423.8201122,859.57019665,0.0,0.0,22.60862911,,,,,,,,,,0.05342030404052288,,0.11062343072357658,982.7818416666667,835.5683000000001,
10598,material_r_nocable,3,False,1.2661296080550284,1.1206726608504507,1.9710700279843072,1061.074425679273,1191.6216779300837,1.0972691234511291,0.9113534488738748,1307.5296740277067,0.2797806644729161,0.37508604,1188.99022268,937.45500984,0.0,0.0,28.84656359,,,,,,,,,1.4721804845103172,0.0525764194597291,1.6036631160117836,0.054912976683807894,1034.0924975,987.1400707317074,-0.0427468521088485
