sample_id,group,motif,has_cable,sf_wale,sf_course,knit_dir,pressure,E1,r,nu,crown_height,max_stress,mean_stress,cable_wale_tension,cable_course_tension,boundary_reaction_mean,cable_wale_lrest,cable_course_lrest,verts_path,stress_path,H_mean_x0,r_x0,H_mean_y0,r_y0,vm_x0,vm_y0,H_anisotropy
1500,material_cable,3,True,0.9612759147591264,1.0732467000933952,51.29292393406836,257.2655093386253,5969.933768462691,4.410266462700404,0.7192003266996612,0.15747855,662.52592657,419.9076146,9.05173627,8.10150042,23.38765465,0.9624108113880324,0.9764878240079292,,,1.4871011531386442,0.05202122980274085,1.7546794156809076,0.05421022894823104,445.57101956521734,233.6296387755102,-0.08254052267322282
1501,material_cable,3,True,1.1619674673540523,0.8220173444489135,61.88471254418474,280.00725952700844,7061.680954298237,3.276152731414443,0.5648126113147401,0.07027661,1435.59166077,1363.25886052,2.01171274,5.08446344,78.28389228,0.986923081111239,0.955149834051168,,,1.1297380749389891,0.05312391052139076,0.946038573348552,0.055370760496610494,1363.7787066666667,1319.0804591836734,0.08849675698104811
1503,material_cable,3,True,1.180266058910211,1.0918857258758563,33.62481245465856,455.7041652786223,2807.5415706223976,4.4281078403103935,0.723958854206668,0.10742824,1512.33910169,1336.89266562,5.10688974,9.31806768,71.25543447,0.9524337313791428,0.965181274003021,,,1.285692715827025,0.05252842349179301,1.2191564165004403,0.05480933597547311,1368.951654347826,1092.9268812500002,0.026562996736158844
1504,material_cable,3,True,0.909036629123754,1.1813351235429268,55.53857496403321,398.8343996098646,6998.136986108452,4.838151351405943,0.6401178229823411,0.18624899,773.63197769,518.28794627,14.62746748,9.01175763,30.71683498,0.9592128512537434,0.990909099641722,,,1.5870313610025368,0.052940512429875505,1.8022116850068552,0.05443848616141151,558.3083636363638,382.41391632653057,-0.06348919834996163
1505,material_cable,3,True,1.0783993974002906,1.1553939064160588,1.992833606486088,457.5404064654182,7107.663262164427,4.418823823465674,0.4625544330393248,0.12289498,1351.36175464,1176.43772812,6.73819796,6.19935687,57.91872963,0.986590170265866,0.9997782161080336,,,1.3561157802888306,0.05275795491941907,1.2577763318870903,0.05558075005556741,1249.8821,977.0482999999999,0.03762184672567767
1507,material_cable,3,True,0.8917445861842921,1.2469701093871337,13.360030055365838,1148.7680207802182,5326.077689187477,3.6474857016508495,0.5973804487290634,0.26871687,1711.12320115,1138.47946282,26.38021934,29.93999624,53.18651002,0.9824597192436786,0.9053070890113788,,,1.905507903577973,0.05450830129245593,2.447535030220273,0.05359012867992617,1198.8698589743587,909.3355241379312,-0.12451683451910148
1510,material_cable,3,True,0.9213384400943706,0.9120048371478924,89.07444593392054,661.314841039627,3300.9354826238914,4.023165818283582,0.5293563512425344,0.36859442,963.50498499,620.87642203,17.12782557,11.6218078,22.02109986,0.96569112504234,0.9556253717172972,,,2.324703960130669,0.05478827640181746,2.2371516040256605,0.05341827047742749,613.4475342105261,595.736242,0.01919226833767601
1511,material_cable,3,True,1.2744616674294509,1.3685042491778106,20.34629065980439,505.55683583427344,4168.519445717277,3.290916354131916,0.6771867368999909,0.04729958,3560.99857179,3225.2824901,23.36490139,4.31948923,173.52647582,0.9034492457753353,0.9943144172525582,,,1.0239431140948203,0.05490500410173109,0.8427763116124346,0.056131010519117334,3266.3572630434787,3133.1915276595746,0.09705090116247436
1512,material_cable,3,True,0.9039880703293046,1.3260137394155145,24.41268011569853,860.5021446568013,1603.8221684794166,4.312158193433078,0.7163398941897126,0.32576058,1210.02683234,806.99772718,18.15452358,15.92486687,29.2333811,0.9647539152551184,0.935162752450464,,,2.022071302425545,0.056735657818272424,2.3175466675126075,0.05556398560276794,883.3996692307692,449.2136222222222,-0.06808787481614968
1513,material_cable,3,True,1.2282376444035763,1.3454396943470943,66.55891289986533,382.1377708681137,6527.033598339303,4.788023829926219,0.5828121661830171,0.03986334,3379.51066131,3157.26778398,13.29494808,11.14195612,159.1281863,0.9430253210103144,0.9545877125634384,,,0.9719230093624949,0.052719564063776043,0.8173084737777627,0.05509129345859067,3174.7702511111106,2896.2343959183668,0.08641393639763711
1514,material_cable,3,True,1.3804647140907127,1.3611554974229385,66.79767924772231,368.82342870858224,1758.5461793885306,3.628849760324077,0.7419910154175249,0.0536377,2218.81706014,2134.61269707,4.61237368,3.39636484,115.50401433,0.9681068769136592,0.979075272747142,,,1.0405541954917277,0.052594890153388765,0.8553861870043751,0.05577713535356649,2141.485631111111,2058.0525170212763,0.09766552271204298
1516,material_cable,3,True,1.110653333995907,0.8638058147711895,26.943032662028184,736.4898805600943,2572.1107454391768,4.500329112364561,0.548011177750571,0.27834561,1296.30866083,867.10644046,6.75784835,24.77146338,50.27167343,0.9207021773444998,0.9048866181611972,,,1.9423942035821464,0.057671645401478795,2.5025824444496463,0.05514664450510718,958.2926378378379,422.6476057692307,-0.12602726295886113
1517,material_cable,3,True,0.8840639776637252,1.1879172068567705,68.43987905418916,233.22745948417676,3730.878184474235,4.521941488908998,0.5349959979256254,0.21543998,403.31329071,282.29050792,8.18859818,6.81270006,17.20608698,0.9738001802063548,0.972638622041886,,,1.6509951518643622,0.05311246696008797,2.123894910619753,0.053607825115901855,303.44262558139536,211.999756,-0.1252751075998735
1524,material_cable,3,True,1.3616015127745769,0.8305934100623528,48.62032204351159,219.16191613328417,3216.8920154543143,3.879271311515936,0.7298190428718297,0.0247287,2328.45474173,2261.86397093,0.7054507,6.11235878,168.58004819,0.9957379787454488,0.966819264474044,,,0.8755416371670762,0.05307677004631704,0.6831790916391768,0.05517026567802291,2265.830371111111,2150.7497897959183,0.12341052632001653
1525,material_cable,3,True,1.1313302533138985,1.3748051368398495,69.4614212590122,980.3608011521846,3098.9098046651284,4.012248625874622,0.8026053215797484,0.11315076,3110.86777324,2688.5583875,12.97943188,21.64011955,136.13571948,0.9685423389952518,0.9163441726647814,,,1.32169065666117,0.0526414543959213,1.3076895772905561,0.05314522079491309,2742.0328866666673,2062.2262764705883,0.005324859139741614
1526,material_cable,3,True,1.0148798493645783,0.9484733540176944,54.06591147027474,468.4520403584631,4244.979322158792,3.586408087711385,0.6339133933378662,0.22304604,903.76665181,649.74845902,10.85534249,8.85048013,29.33076708,0.9023451000124773,0.9809306377988009,,,1.8399818119128686,0.05618398053378539,1.9045813660708664,0.05285193461955046,668.3074219512196,523.6645500000001,-0.0172515594176145
1527,material_cable,3,True,1.1481818418163494,1.1357711579372125,10.11256081983224,421.9401106746597,1775.6063346402625,3.859457498848861,0.7979171875606328,0.11373405,1404.08265133,1076.3452652,9.4931126,19.53365111,60.77906793,0.9227946373108782,0.914116036002148,,,1.3170752553962422,0.055167623973486034,1.4691502666240615,0.052634272431254486,1127.945004651163,503.3662807692308,-0.05458101292444881
1528,material_cable,3,True,1.007512975100627,1.0007964426676117,67.21787870992209,871.4831735530709,1487.402976973984,3.8084954718157897,0.5285829650254869,0.44314963,1105.04122165,772.29573374,14.41027019,13.89416488,25.04520643,0.936373879629883,0.9944599024666284,,,2.4053996623380978,0.06118652001585016,2.163644846991445,0.05533746837113453,800.6029216216216,725.37636875,0.052911459902177126
1530,material_cable,3,True,0.928266647975112,1.1120340401610465,61.11278392261204,779.4461526711672,1019.1618332425217,3.5756610713303765,0.5168176086614937,0.50504357,939.25682373,599.47351481,16.82595873,17.90394176,18.93508764,0.9517786281141952,0.907865160218368,,,2.2486457427102726,0.06654536815455324,2.439848654335623,0.05072832481078526,654.098902857143,495.0233603773585,-0.04078130321448665
1531,material_cable,3,True,1.395023234336458,1.0337114252273292,87.89666301280084,639.7029998160118,2318.3930836730474,4.41420326956387,0.8522045973975803,0.04768478,4040.30318508,3659.19073463,21.57577987,9.41329208,235.49429853,0.9200507256264489,0.9247258180787216,,,1.0246616713439631,0.05285754011971402,0.8653131162561073,0.05413398832291873,3680.0302413043487,3392.7195905660383,0.08431252952860814
1532,material_cable,3,True,1.0992605822466124,0.8527734025067136,25.179181326155565,208.2136399390408,1938.9584349780732,4.184893356918543,0.825292461077749,0.12292561,804.25187701,482.71417095,2.52572071,15.40656945,30.96637289,0.9636527702293844,0.9031034803527068,,,1.343113611822398,0.051968776909265595,2.250263190474496,0.05461175141121187,491.99252380952385,192.71756981132074,-0.2524504466306584
1533,material_cable,3,True,1.334496141225372,0.8742156601321656,70.19553094226009,690.2387829269537,6407.740128348127,4.698449595412052,0.6054182510555861,0.0575642,3543.41355009,3368.72215153,11.56802009,8.49287133,225.96739929,0.9195113553239478,0.9382470782522186,,,1.067913941298785,0.053205314086726185,0.8799599332393574,0.05485709083899562,3372.391706666667,3241.8259961538465,0.09649187789635155
1534,material_cable,3,True,0.8450892051906537,1.3971685010816546,56.56167800256427,381.48925184544,5631.392604471204,4.656847909614282,0.6965508617447771,0.1194741,1014.38695495,717.17045994,14.46423559,16.36911331,54.68548646,0.9618746335723352,0.9298912557262418,,,1.3284300788932821,0.05273682069242379,1.4747287535109512,0.05372383748778367,744.9843466666667,650.0783588235294,-0.05219064753893757
1535,material_cable,3,True,0.9046100489848128,0.9092130153107468,52.68656222607898,516.7870630585352,3335.346967196745,3.6819669163053232,0.8357417720196199,0.3046098,917.29284733,521.40430186,12.36663863,12.27076584,21.85913001,0.9890930963798786,0.9963802396103424,,,1.9477868020762161,0.056134879953670204,2.8199264365913685,0.05535505353004835,550.4926763157896,316.326092,-0.18292619351387124
1536,material_cable,3,True,1.003195069015762,0.9922841208550632,14.4458887627895,590.9710249219488,4121.134508451349,3.080608956828172,0.4976063780038496,0.25858561,1050.29320328,683.56175452,13.47055382,20.46502744,32.59768501,0.9561996188322838,0.96582686289971,,,1.7982903442787195,0.057175267794869825,2.4946659297286176,0.052885841430569,767.5937789473683,315.75243137254904,-0.16221352862740757
1537,material_cable,3,True,1.290858980435186,1.2036661733866625,26.348408863382485,727.5118967908282,2132.2291492187387,4.855853517060196,0.5106289958365017,0.19904272,1485.44322661,1275.14253617,4.3846334,11.35751219,60.12917296,0.979561045748862,0.9772833607187876,,,1.6848025493669436,0.054304139321813966,1.7043730845726208,0.05275339312163113,1345.536593181818,1009.0256499999999,-0.005774423434919035
1538,material_cable,3,True,1.3541351874977714,1.305622717845741,27.303937906505237,853.5073527493828,6226.3823236240005,3.7898096363404337,0.721883305740243,0.04190641,6736.08747948,6250.40152461,23.27457844,31.02001133,346.6818026,0.9354982539781236,0.9608206942806716,,,0.9830248073692985,0.05338990659715321,0.8359470384330834,0.05542741400498762,6307.099126086956,5475.753775,0.08085763904242095
1539,material_cable,3,True,1.1665267135666573,0.8820184485697018,76.54114908387324,246.4272136478027,5198.836964381389,4.758043288029756,0.8265409273698869,0.03527059,2288.36424011,2055.94505398,10.07126195,4.33516242,126.45192439,0.9303613772347606,0.9639541759250052,,,0.9561104250888859,0.05248478689305488,0.7918017537356247,0.054701174269825625,2059.9020111111113,1914.929296,0.09400281853048277
1540,material_cable,3,True,1.3934190204093302,1.0752867131404416,79.09324481562423,1083.282092644001,5157.998270878291,4.665969054357461,0.7828940767560582,0.05406957,6016.4974756,5931.87875477,3.26643518,1.97698547,361.6486282,0.9942245600071266,0.9960080103657928,,,1.0410967231006565,0.05278782125008164,0.8244723532650866,0.05532514010917348,5927.389882222222,5910.569789583334,0.1161170457743484
1541,material_cable,3,True,0.9154602369789192,0.8884715777036947,53.95958057965995,1084.0907733238255,6394.533038924563,3.556322071770279,0.6008817976971437,0.35059041,1678.86793596,1033.85104221,23.22295991,28.71147323,39.2775035,0.9400444414916992,0.947580829089864,,,2.1161790239461595,0.05735430365769328,2.6941648900770763,0.05384288304304926,1107.6069650000002,798.8390468085106,-0.12015479068886485
1542,material_cable,3,True,0.8975930994943306,0.9815817632927196,62.71832444128432,888.9478950376706,2937.7816912913704,4.214021812231923,0.8774996993250479,0.3062044,1549.40365914,913.81417498,50.40547032,18.63352312,37.4348332,0.9011931255966726,0.9721812925844048,,,1.973849848427808,0.0564530999614602,2.6809428852390202,0.05523988203081026,961.9427524999999,515.0367719999999,-0.15190644938860628
1543,material_cable,3,True,0.9606270361156276,1.0966791350510778,52.254630284367,642.2701590802077,6630.575605312069,4.866504494515975,0.817777859152168,0.1721214,1817.66756717,1082.96292654,18.05916838,26.75273335,57.29001142,0.9501512268768996,0.9061620686806764,,,1.527678694776846,0.05146018920172814,2.4555325703793156,0.05374334361581356,1114.2899581395347,448.8400943396227,-0.2329411657671874
1544,material_cable,3,True,1.355773954769061,1.3044088772426998,9.86593627924419,1066.5054605757628,3821.687053834743,4.604776319360092,0.451191435169585,0.1516701,2755.35341428,2391.51990779,10.76506892,23.37047218,118.77900797,0.9617125127929932,0.9583319023760488,,,1.4898115261360485,0.05406284451339153,1.494432511466095,0.05385694398856245,2496.0090133333338,1780.1676081632652,-0.001548460940801443
1547,material_cable,3,True,1.2837746030893964,1.0458850252172232,86.79284468959614,559.2437658498546,3060.8578816874665,3.021034557642988,0.486756424917056,0.12462067,1518.51780166,1360.02554944,9.13868278,7.30256497,75.14460595,0.950311524280234,0.9046092526747204,,,1.4382687260811808,0.05336885210489532,1.2511705383423808,0.05311909494074982,1361.9263533333335,1289.376981818182,0.06956773116752335
1548,material_cable,3,True,1.1093870988384875,1.3464190048122109,79.4546545790315,295.0853405596811,2184.8208285625883,3.3952278520015886,0.7616378254930678,0.06480823,1493.37892982,1338.34843221,7.7959699,6.27652489,72.91192651,0.9544116767057652,0.9596880841297576,,,1.0957034090869755,0.052594237875387195,0.965299628875851,0.055184994427898176,1359.1975866666664,1173.458658,0.06327199805586922
1550,material_cable,3,True,1.1634162735377205,1.0863478241334827,76.77248849302394,387.6048026352352,7282.314932503114,4.713053910404218,0.850202180161855,0.02503468,5152.09685954,4886.83020925,9.58273645,9.68479672,267.62272543,0.9773367992707088,0.9686335121615232,,,0.8857413967442881,0.05256731953290783,0.7073745718045324,0.05555980521318871,4899.591104545454,4503.926802040816,0.11196097990420065
1552,material_cable,3,True,1.0100571858662646,1.0065172511047322,54.9185860892821,783.6453107549312,2191.160406452293,3.970865723983658,0.7967582345969032,0.27059235,1307.64559798,915.09687316,13.35091575,13.29998255,37.74718827,0.9180915436524478,0.955315236573551,,,1.963988282623289,0.057020393363575846,2.126009087006793,0.05330439177246529,959.5080599999999,647.7610078431372,-0.03961391407891247
1553,material_cable,3,True,1.2341818827446345,1.153647985789518,16.385968417961823,262.55258130436385,1924.0998046431428,3.754881392760244,0.7016723172213778,0.07108402,1330.34081714,1109.30421749,2.10983236,15.46676078,64.14515336,0.9848876262352833,0.9204492046886528,,,1.1123046629440576,0.05253342894899699,1.081821671566417,0.054176551844243165,1121.026372727273,683.5384549019608,0.013892997362178564
1555,material_cable,3,True,1.2450752037416646,1.139896522254419,83.51287542831146,932.4869572577832,3116.480016539017,3.887641886499571,0.8442691456750551,0.08126962,3922.35169939,3393.42673002,25.8265943,14.08337037,188.9941615,0.9100185483319276,0.9310819743025008,,,1.2011766747667885,0.05289097996686754,1.0934255059463631,0.05395751496072712,3430.250233333333,2987.4524849056597,0.04695854023242356
1556,material_cable,3,True,1.125475224201503,1.3362024244134707,31.699579013269137,1162.068274302483,4926.895617341166,4.405015728177454,0.776445630518046,0.10739058,3993.44674935,3349.13633551,27.76524458,29.80314652,169.71727273,0.9113421774199494,0.9392289679068,,,1.3051793302204493,0.054620730046871596,1.294400457976301,0.05316327405028928,3458.149004347826,2442.399288,0.004146390233178868
1557,material_cable,3,True,0.9938180680001248,1.3442537633781892,69.6531213245512,916.8273557976768,2208.3637266921583,3.616419926250905,0.4931881402522241,0.31478222,1188.56797312,850.73245748,19.90105098,13.19215376,32.91768055,0.937706895803675,0.9989948019614204,,,2.0036340908651065,0.05743958193155978,2.1596061556779524,0.05402932961438875,917.684176923077,744.91053,-0.03746410381729884
1558,material_cable,3,True,1.1114708530234767,0.9134454565049366,65.2264460103928,935.8278738026232,6823.925621833412,3.5682197123062296,0.5895865952825954,0.18464179,1989.88217523,1611.44316263,15.10278812,14.32465394,81.78850413,0.9091287705169632,0.9363815022130204,,,1.7404206547053591,0.05391950273978319,1.6153876708528503,0.052823196865243005,1616.6232244444445,1468.551978,0.037258678602184674
1549,material_cable,3,True,1.1373467926895215,1.200174919215813,25.410602108604063,875.5641877600792,6828.424116277852,3.994122089852468,0.6066912951342496,0.11782725,2672.04203983,2327.84592403,17.33187287,11.63243759,117.04056166,0.9312758565588354,0.9889452023584696,/home/chaoyu/phd_simulation/sensitivity_analysis/data/01549_verts.csv,/home/chaoyu/phd_simulation/sensitivity_analysis/data/01549_stress.csv,1.338243527623662,0.05374625064439673,1.2535343646564996,0.05534991853002514,2411.0461195652174,2007.7672936170216,0.032683804896814675
1561,material_cable,3,True,0.919327141227022,1.208017493446956,20.81324344680356,1160.1354525188676,5563.642520313247,3.152010345203219,0.645912354544545,0.24421579,1856.81386916,1257.85461669,24.13658946,32.0739946,61.52267162,0.9923948727499974,0.9127688367954452,,,1.8279433944919499,0.054428114346152606,2.378007117058289,0.05253580721188621,1348.5489243902439,833.062575925926,-0.13078226219157185
1562,material_cable,3,True,0.948261757264038,1.2440135948000148,80.35797578771235,1027.8932024297485,5999.586935466141,4.962806136162277,0.8238497858372575,0.16602097,2569.61815025,1800.06137899,30.36377434,18.20424063,88.35900034,0.937396175091519,0.9644783417110736,,,1.535619792925145,0.05275883602823534,1.645285288145788,0.05347279130911617,1890.1334088888896,1275.6358857142857,-0.034476192286668726
1564,material_cable,3,True,1.2906480604613022,1.0693812043225068,54.26855206552729,913.7115683466028,3586.6526441511887,3.898745898267367,0.7234313651217525,0.10711238,2772.07570875,2584.33977431,8.67104172,7.31596288,146.5879989,0.9392084713130954,0.9804156701650164,,,1.325161443609858,0.05308947941801413,1.1504873552551462,0.05474289337626321,2603.189048888889,2455.7606787234045,0.07055689338277447
1565,material_cable,3,True,1.1596714822610306,1.3857385787326135,44.90998951262908,757.6949591785768,4518.207591116696,4.621194869737181,0.6584599828453126,0.09992289,2756.67088237,2368.41358502,17.59241327,21.76633032,119.76935934,0.9175171567564756,0.9208777922646558,,,1.2570298508603985,0.053375867723099935,1.24894271934424,0.05283523860531677,2421.817932608696,1757.281962,0.0032271428715192154
1554,material_cable,3,True,1.1678302028639496,0.9648497518642056,67.61243437863484,1036.373620998305,7197.6554057252,3.7575861068916274,0.6267491989365923,0.14033125,2663.12727742,2309.80970855,7.94114842,15.43757722,124.08293126,0.9850151131466672,0.9218335490440244,/home/chaoyu/phd_simulation/sensitivity_analysis/data/01554_verts.csv,/home/chaoyu/phd_simulation/sensitivity_analysis/data/01554_stress.csv,1.47825109892897,0.05248564141786292,1.3674987409131842,0.053303797699148406,2313.401622222222,2053.850965384616,0.03891851506593741
1567,material_cable,3,True,1.0877437787202702,0.9066484430630614,33.96371484838526,1074.730650862576,1806.2361588028605,4.923379553180805,0.5389113190320478,0.41596224,1450.86780952,1030.409957,9.20352381,23.77354176,54.09231555,0.9451242668644858,0.9903921978482476,,,2.223803153849042,0.05721801014031114,2.605814411918,0.05443941071540853,1168.5712526315788,716.4434622222223,-0.0790976206432375
1568,material_cable,3,True,1.1018664096775936,1.0814613691122996,46.15886186846477,950.3779286660724,4066.9957276422097,4.936392200024304,0.518377401164527,0.24932345,1722.59344089,1322.50368117,9.27183584,19.23218753,55.04524792,0.9672468111350052,0.9326501469527736,,,1.881946812147044,0.055482754893287106,1.9614913171364405,0.053075325471517255,1395.4049642857144,982.0391470588236,-0.02069618459143135
1569,material_cable,3,True,1.3856992425897945,1.2209579523882572,19.29930895890625,548.3790270758137,4973.193915070031,4.810670275933164,0.6034641652950403,0.04690728,4226.93316767,3695.52048246,4.70173611,40.19143871,211.34728333,0.9814490925125916,0.9224690056056049,,,0.9945030111070483,0.05271350714639375,0.8987061649634349,0.05408312123431763,3701.218072727273,2690.8471117647064,0.050600243942641294
1522,material_cable,3,True,0.9810864248663752,1.3145839937537356,18.538373581658668,607.2564130022699,2765.38627771381,3.663238500475389,0.5566879173809207,0.22238278,997.58787278,725.78630091,13.02065368,11.96358828,35.61024993,0.9552952249102724,0.9528504780918148,/home/chaoyu/phd_simulation/sensitivity_analysis/data/01522_verts.csv,/home/chaoyu/phd_simulation/sensitivity_analysis/data/01522_stress.csv,1.768288416765734,0.05476942959634393,1.9256961769643448,0.05281746504725371,783.46085,468.202262,-0.04261191572530761
1571,material_cable,3,True,1.0665944654138384,1.1282839709629164,24.27079269614693,717.7014473731778,7610.664633331543,4.510908386084919,0.6198036799475267,0.13622827,2185.37801878,1613.7005902,8.94208475,29.66416353,83.85731131,0.980332092256354,0.933911234291355,,,1.3901979616050033,0.05201026772795323,1.5860051364237646,0.0536302869699011,1692.7429543478265,751.6060705882352,-0.06579093172386337
1518,material_cable,3,True,1.2159919965358936,1.2227390688588011,52.09781026342093,329.10824685115085,7374.706221649147,4.977479481096971,0.7512862150171591,0.02231237,5154.41121544,4789.4933769,13.320457,20.09813752,251.90638068,0.95282126821668,0.9500875110126384,/home/chaoyu/phd_simulation/sensitivity_analysis/data/01518_verts.csv,/home/chaoyu/phd_simulation/sensitivity_analysis/data/01518_stress.csv,0.8728008049125293,0.052676554912506064,0.7190819799453152,0.055424553858660276,4812.792660869565,4207.17516875,0.09656416064637652
1573,material_cable,3,True,1.278133764774366,0.8785189176662598,41.66874510048577,991.6869254542688,2221.475472415716,4.874997400248402,0.5093746127103095,0.25134076,1531.33360079,1269.3442729,2.58817681,15.12881447,76.14704761,0.9938213279318772,0.9570947632381596,,,1.95749593519584,0.06053037137561816,1.8483544783808574,0.05328374101781443,1331.8550692307695,1064.3185836734694,0.02867728495729623
1574,material_cable,3,True,1.345077572199758,0.8054909442086691,39.697103411391,1199.8559786319688,1329.077112867788,3.699922273413839,0.6057105677425845,0.29604227,1470.94493316,1157.1328755,4.43277674,22.45767335,82.62387761,0.92701304281629,0.922042014108663,,,2.1509989087449672,0.06136698069825616,2.069853841855882,0.05169575880538121,1233.9992256410255,893.4741788461538,0.01922480401088002
1575,material_cable,3,True,0.8908846446609375,1.272464125889676,0.2338767170500867,416.1182738301587,3014.7085422861687,4.086925084412952,0.5625137194610795,0.23363703,653.68702061,448.43332735,10.50114038,8.74092924,23.71132952,0.9724925906035242,0.969573556494206,,,1.8577432633634379,0.0548820810188842,2.1216564134482483,0.05294441401823177,479.02925238095236,387.420662,-0.06631984005594002
1576,material_cable,3,True,0.8117514709254325,1.3292787899671763,14.292476545176807,221.7028126587374,4147.051150019037,3.3053607407025,0.468541968989805,0.15291198,944.62510969,592.7649175,9.81478108,5.1830275,34.72770949,0.9469444158744592,0.9103808156718296,,,2.8148581859990935,0.06286937026066584,6.8661151883830325,0.05949547150040064,593.20254,740.4235436363637,-0.4184762054097173
1577,material_cable,3,True,0.95763826652987,0.8690066763070683,7.072710106540616,510.4656563085041,3371.703161689004,3.5024868519246963,0.5268171636489549,0.3190526,1021.45150548,572.12408376,10.65777472,25.47340166,29.56161334,0.9931138484155172,0.9065721432594276,,,1.9042695611998501,0.05805625621098984,6.5884179866838695,0.08103900189505116,609.9617166666666,395.9389685185185,-0.551550778133979
1578,material_cable,3,True,1.1604850797607262,1.217386220436346,64.193825205855,473.0606165644294,3110.787580921301,3.269728422254912,0.5082296933235806,0.13480261,1248.86045965,1052.94446949,6.1134686,11.91924309,54.23544274,0.971866225550806,0.900899773342144,,,1.4354201806803348,0.05290715002999999,1.4390265032462655,0.05259143721038758,1067.3861199999997,836.1945226415094,-0.0012546145267179772
1546,material_cable,3,True,1.11399979081081,1.1929626512939722,32.5407866700453,222.8175710861507,2542.346855645468,4.1240314891672885,0.7273045183631572,0.06937796,1193.83125022,979.07481178,3.54501503,12.19238677,53.46859316,0.9711385718891482,0.9227590346148486,/home/chaoyu/phd_simulation/sensitivity_analysis/data/01546_verts.csv,/home/chaoyu/phd_simulation/sensitivity_analysis/data/01546_stress.csv,1.0858856101899412,0.05187034143933123,1.083850798733942,0.05406994302000109,992.6246688888889,596.1888442307693,0.0009378150486990956
1580,material_cable,3,True,1.1449478606079728,0.816245607886118,82.64101925091211,614.9523315008253,5872.404548201705,3.425572623213196,0.463965536608219,0.16146245,1460.1757386,1276.03515271,12.16911637,6.10737089,70.80559013,0.9135154098489388,0.9331011840392548,,,1.7430181764090136,0.05358187525726111,1.4025814439403874,0.05375936782084294,1248.2837113636363,1283.9368384615384,0.10822633950814496
1581,material_cable,3,True,1.060744550269215,1.2867077904258204,88.43113287025346,275.7780102345855,2891.933070358974,4.635539486357722,0.6933255032289829,0.09411666,1031.17030727,911.92919783,2.39883609,5.26163059,46.80296428,0.9972168037502974,0.9536331487792604,,,1.2288486397565004,0.05248674031161272,1.1344187708251314,0.05492269175094028,920.6564931818182,765.0143059999999,0.039957335555238116
1582,material_cable,3,True,1.398690373883098,1.0501609532633451,42.016744139524135,1041.6828757688463,5311.002365778771,4.368847536361708,0.4564673756938392,0.10186361,3543.47443337,3178.59380092,8.30440652,27.15759919,188.98073382,0.9311146560525558,0.9156458402849672,,,1.2786689530676645,0.05299619833919977,1.1760475684891687,0.05350353825443824,3211.3747739130436,2679.4622999999997,0.04180579862370875
1583,material_cable,3,True,1.0017421717996748,1.21227716106382,68.03094022751075,426.6132674373978,1873.6875510944424,3.441163692642501,0.4544937382027086,0.26787209,619.40468573,448.40040745,10.14474265,6.83289598,18.92980179,0.9256687201872054,0.9822159618206447,,,1.9337203651666295,0.056134030596549755,2.0158228664464124,0.053432371686739775,470.4103615384615,389.48916599999995,-0.020787847218031653
1584,material_cable,3,True,0.9719511014760556,1.3880571331626816,2.7679058660940634,554.783005829396,7937.831728327051,4.030333939443031,0.4744728169766337,0.11065633,1471.51384122,1191.35366844,19.54779809,5.46939267,78.01959054,0.9366147817011924,0.995660225289966,,,1.3413811766290533,0.05357254004883717,1.1856036212517918,0.05596618103971095,1235.0544644444444,1101.8088276595745,0.06164562426647687
1515,material_cable,3,True,1.2493493405623548,1.245349954858079,64.69319300208436,355.6360369762559,1638.876872712627,3.433918195374821,0.5524450967063578,0.13281139,929.25102776,847.55846835,3.71855151,3.71741974,42.53246728,0.964820075901614,0.968455635037768,/home/chaoyu/phd_simulation/sensitivity_analysis/data/01515_verts.csv,/home/chaoyu/phd_simulation/sensitivity_analysis/data/01515_stress.csv,1.4423432179051154,0.05290089655531912,1.296790687864603,0.05442638852570093,854.518388888889,791.979581632653,0.053138157916967944
1502,material_cable,3,True,1.2362309688179365,0.8415515256544573,15.36500547162208,833.5757364163984,5062.72317479405,3.2477733798344053,0.5873625767102488,0.1293657,2304.47376214,1822.54987601,2.69439955,37.71921652,124.68062452,0.9988071294081932,0.9378654034693588,/home/chaoyu/phd_simulation/sensitivity_analysis/data/01502_verts.csv,/home/chaoyu/phd_simulation/sensitivity_analysis/data/01502_stress.csv,1.3924813886389669,0.05256696590280758,1.4839604003988298,0.05427119677401019,1886.900418181818,1023.0647279999998,-0.03180283783544382
1587,material_cable,3,True,1.2064427524644783,1.0650998680491224,40.5198607094473,315.8410280548777,1420.631726801701,4.098097906460032,0.6756615774591272,0.13890352,844.86894421,695.21980375,4.33089653,8.51474905,37.77633336,0.9052115615118276,0.9131604342892516,,,1.4473678964291257,0.05425220872054242,1.4878633970422583,0.05209668843289856,716.5877386363637,495.0310901960784,-0.013796357616929131
1523,material_cable,3,True,0.8967044999575248,1.16270368943456,7.003340385128995,839.359839395349,2907.5587118215235,3.2630171197229463,0.6312198082469012,0.3129234,1184.34271921,760.80258235,19.30147464,19.87551639,30.22765487,0.9884979106501351,0.9431961489630925,/home/chaoyu/phd_simulation/sensitivity_analysis/data/01523_verts.csv,/home/chaoyu/phd_simulation/sensitivity_analysis/data/01523_stress.csv,1.9894372783765366,0.05586390644329343,2.45638142860766,0.05427890360550891,823.5895205128205,489.92411272727276,-0.10502995758634365
1589,material_cable,3,True,1.3414174961286758,1.0826586776944316,13.989943481116606,1150.465582770651,2557.263743190836,3.431845156922148,0.680435615163407,0.16154959,2383.96839932,2135.53176644,8.94950202,12.73086589,120.77703596,0.9642738585393292,0.9970730536625748,,,1.5259002533799628,0.05413923806631434,1.4928838252367556,0.05502090797355906,2246.375451111111,1855.6615510638298,0.01093699558609578
1590,material_cable,3,True,1.0842166108818776,1.2065370166812777,61.58701385129609,561.4386853580925,1740.609698242723,3.0456535398097957,0.6669658858712872,0.21020511,991.66088818,790.53033587,11.38264178,5.96395433,35.94614844,0.9106807880792356,0.9914065686729614,,,1.76256353493528,0.05536188324749059,1.7248299568080518,0.053971110951685095,820.8001857142857,697.7090723404255,0.010819994421783836
1592,material_cable,3,True,0.9506996657275554,0.8612250576156201,38.52142886018344,524.34530624148,6386.914536669332,3.3697506194195306,0.6487835588295523,0.27643828,1100.12358591,640.01201171,11.80195635,21.35580424,29.3248892,0.9386266004229904,0.9546503611862298,,,1.8475443044908064,0.056980912927374165,5.214989905736552,0.05817607378648642,668.1553658536585,460.6936539999999,-0.4768041472095524
1593,material_cable,3,True,1.178054613873022,0.8491756459440157,59.0330554960292,318.9272943606143,1888.290847516059,4.946643704230676,0.5993685466650027,0.16385508,703.91185398,601.35809531,2.10974124,4.54055546,34.63857334,0.9515787892946724,0.9128672967732148,,,1.6304084739122924,0.05363700700816394,1.3844774702862566,0.05239667768302066,607.4037934782608,546.8592905660377,0.08157224126480578
1521,material_cable,3,True,0.9931720084801504,0.8212009959241922,39.28799177008073,264.635849025777,5349.181976817332,4.210812882873046,0.516454404343435,0.23223726,680.10824131,458.39251773,3.362192,11.47058645,21.86388598,0.9753017631992854,0.9514673317072404,/home/chaoyu/phd_simulation/sensitivity_analysis/data/01521_verts.csv,/home/chaoyu/phd_simulation/sensitivity_analysis/data/01521_stress.csv,1.8352350822378432,0.05514625837119157,5.9757878969185265,0.05785643128951,478.32274523809525,365.1798058823529,-0.5300909785734472
1595,material_cable,3,True,1.0455713603571106,1.2773892460698189,32.78615886612555,547.5403263126123,4551.771190379734,4.076376689566279,0.4990872907562582,0.15498807,1292.81151411,968.21008246,14.0056732,18.09505059,51.61459951,0.9237289796784462,0.9155898777058054,,,1.5116467986307605,0.05469701425791292,1.6838704619247336,0.05246805115439635,1013.8645933333335,561.2188596153846,-0.05389539447020058
1596,material_cable,3,True,0.889687274499421,1.3709874455959925,35.570466790982664,1101.94089814907,4369.301638435984,3.055823609495228,0.6435150541988464,0.21018365,1666.338763,1237.61122409,21.7975317,22.96249587,74.86208866,0.9918796052191096,0.9175024274666967,,,1.7147472410873674,0.053308701529615296,1.8799077591280884,0.052685774347879556,1324.1120255813953,882.5315854545455,-0.04594613892872101
1597,material_cable,3,True,1.1226378887166333,1.2021238556718283,50.45741086361523,351.8222259467734,7604.078439837793,4.56712234288838,0.7538961318935318,0.03458129,3609.40792595,3242.85337035,4.75283804,22.14273959,171.90949064,0.9881933535690096,0.938125727923552,,,0.924684439796442,0.052637292284872184,0.8024119531332901,0.05459939120992288,3262.041046666667,2527.0032300000003,0.07079656188485055
1506,material_cable,3,True,1.38948445119594,1.2915568270902231,22.010617324786867,539.947790724534,2393.457018502055,4.35635460262404,0.4520344874760438,0.11573401,1768.3003576,1545.60480493,5.64465092,15.25306253,80.98758969,0.948557876293795,0.938588587804564,/home/chaoyu/phd_simulation/sensitivity_analysis/data/01506_verts.csv,/home/chaoyu/phd_simulation/sensitivity_analysis/data/01506_stress.csv,1.348203550538008,0.0537481930899472,1.2940567399400578,0.05360932439062779,1579.41726,1166.3076725490196,0.02049261035829045
1529,material_cable,3,True,1.3851283700089934,1.1158786797145177,51.00820405654353,817.7587967319344,3860.200030636463,4.105570193006893,0.8980794781257113,0.02625293,9206.89467485,8932.01711698,1.88063932,20.49774126,550.7697123,0.9995908731585093,0.9678048808902172,/home/chaoyu/phd_simulation/sensitivity_analysis/data/01529_verts.csv,/home/chaoyu/phd_simulation/sensitivity_analysis/data/01529_stress.csv,0.8842689893329824,0.05297736466273395,0.6960801498583339,0.05492753592292772,8947.778933333333,8411.326724489796,0.11908054670181742
1602,material_cable,3,True,1.3073551639094076,1.2703702813044102,5.660120576119425,818.9981312034794,4458.730007116079,3.6520028716647497,0.8295614339788016,0.03920161,6971.64542139,6124.17683141,26.62997756,66.45009447,355.6212139,0.947186145821502,0.9232664103489836,,,0.9593817362225872,0.0534723836114089,0.8793749684585849,0.054128968508184806,6226.308013333332,4370.205009615384,0.04351133978754134
1603,material_cable,3,True,0.8560190225876154,1.0511508168945702,87.40300539535895,788.5875152441503,2060.2637497912565,3.0015877016848127,0.7834669373446652,0.34573829,1132.18172164,663.28779522,56.03049364,19.32100436,28.12236945,0.921291473334675,0.9491084430758806,,,1.9946888433252068,0.05672845911386433,2.6913657644160978,0.055363336007452794,714.429075,385.13595999999995,-0.14867025235685244
1604,material_cable,3,True,1.12668306065723,0.8984336262546347,0.7915773004478849,388.0586042014224,5474.803130016353,4.8574198021589865,0.7020990889427741,0.09229934,1731.92823178,1228.02833354,10.20273057,35.98260803,78.28363619,0.9378729764141398,0.9288312167406688,,,1.2404259691954511,0.055687367814280346,1.4614046794258169,0.05512706975986946,1274.5739272727274,401.36254199999996,-0.08178851266756124
1606,material_cable,3,True,0.8854558718416511,1.3833790518663325,83.08591172623419,568.4874894858682,3211.7169845533303,4.675860897033492,0.709774493450231,0.19087022,1040.13457749,729.39584207,16.14188834,8.79496297,43.25611748,0.9348713779595624,0.9856986522823938,,,1.6195325519423893,0.05480909043179857,1.735759283830597,0.05396828596219731,789.4625785714286,561.7236653061224,-0.03463982794254666
1608,material_cable,3,True,0.9371017656059414,1.192033099291633,9.215685823769036,1033.9718474151923,1309.6944877012893,4.953852386340834,0.5037649710751505,0.52393906,1383.86935507,858.38828409,91.86447389,220.92527035,29.42764674,0.9458625660090656,0.9159353820905232,,,2.073384150607422,0.05568649396801436,2.8395436906286418,0.07452694250028079,1007.3055971428571,465.2054888888889,-0.15594764767162925
1609,material_cable,3,True,1.0234228952722295,1.1203498105891476,46.57084178971718,1051.867152645096,7020.979786763507,4.337383881581008,0.5736681719669261,0.21899581,1976.16351837,1463.78583909,20.80648326,22.04139495,64.73126344,0.926513074511209,0.9592502872271284,,,1.7742801543712203,0.05561094028830901,1.9306134218295143,0.05273036681013053,1556.4547785714285,1014.70956875,-0.04219642595472592
1610,material_cable,3,True,0.8641305272522752,1.308483188445427,21.958720236569707,983.8914896323276,6782.612127086173,3.1858836492857794,0.7782257846381574,0.14941364,2326.43663735,1505.58869957,48.08011192,17.72002805,97.00812966,0.901484454298524,0.9676794404778346,,,1.5320238964918895,0.054124189313707334,1.5474213601512432,0.05475324541780173,1588.2705,1113.160388235294,-0.0050000770840584055
1611,material_cable,3,True,1.014276660350641,0.8261344123496959,75.43814588113902,962.5807909609746,4292.588479860462,4.833654900027197,0.485136728206718,0.33645559,1418.15210034,1069.25582178,13.99208087,11.44414991,50.82497946,0.938309511567006,0.9641089019674528,,,2.5315383374097293,0.07073829182100039,1.7446012477923862,0.05341065656381889,1025.9409675675674,1074.86173,0.1840297946167601
1612,material_cable,3,True,0.9075861266889812,1.0213268116123548,9.576413055987786,895.5329355462474,3721.2224712157854,3.322558401671131,0.4626397099117007,0.36864873,1281.53633811,782.82913848,25.00248934,26.65503862,28.37676931,0.9332335022522092,0.9680487389916592,,,2.0285217779965623,0.05698613720213519,3.16134762908047,0.057495252709057046,884.7358105263158,573.1318153846153,-0.21827636925491012
1559,material_cable,3,True,1.2134870327531095,1.095865700102911,81.75976846408227,343.1849850328521,2014.314325202236,4.4808796466526655,0.7402531609523229,0.093618,1272.42654773,1150.47727081,4.37872884,4.41410806,61.69936838,0.967408181739629,0.9341512170190206,/home/chaoyu/phd_simulation/sensitivity_analysis/data/01559_verts.csv,/home/chaoyu/phd_simulation/sensitivity_analysis/data/01559_stress.csv,1.2509831548632302,0.052716076815225194,1.1257284982721063,0.054212683187551146,1151.7909340909089,1029.560136,0.05270082150095452
1616,material_cable,3,True,1.378021930502059,0.9986523490446682,70.42878428130875,1110.1864640565727,5160.749893779784,3.927688490767278,0.4656240258043733,0.11628496,3092.7088299,2930.12912955,4.44150386,8.97658192,174.51045646,0.9893132651135644,0.9429633812471596,,,1.3948760059573808,0.05347494122185544,1.1182720291566253,0.05543922968945674,2921.3290272727277,2862.6202879999996,0.11006274717446468
1617,material_cable,3,True,1.2947488536307008,1.076278494360803,34.71206771484253,1070.75670517836,6174.557990083902,4.3279092943421205,0.6155580909142024,0.09623716,4007.6271978,3423.30760857,6.99323731,38.12874997,197.53059612,0.9723149836501136,0.9138871061413344,,,1.230174521329766,0.05226476655312753,1.1905388234789904,0.054169146405696575,3469.1043111111107,2537.387328846154,0.016373561097506494
1618,material_cable,3,True,1.1836560055392606,0.8358372688494236,73.19314741743977,1139.8170913885876,2164.1416445773048,3.890734226843872,0.8967879365065179,0.15934621,2309.14418675,1908.60380466,11.31184789,10.35038053,118.62902157,0.9443313902398616,0.9275025240271118,,,1.6064469099398153,0.052689417433405265,1.4359615042664402,0.05270399220624402,1902.361143478261,1682.5475078431373,0.05603633124248167
1619,material_cable,3,True,1.304912246237404,1.0584571617127905,65.15036378618025,914.8329114235148,2408.9359659687498,4.287380948329644,0.78552730337308,0.11903924,2517.21299343,2295.07521815,10.64708193,6.30856291,131.1398675,0.9142308592219404,0.9740906431484914,,,1.3827628674362804,0.05280312857105977,1.2166409983646278,0.05403762767661605,2303.332452272727,2199.191555102041,0.0639076794711423
1620,material_cable,3,True,0.9450530674612224,1.062814284266984,74.87506532687398,928.9159840228356,1556.897197780932,3.5522802643627958,0.5438437331020093,0.45845099,1157.91109358,762.99449469,18.33248682,16.37283579,21.00824772,0.9946269013230324,0.9864152368467358,,,2.279357618890971,0.06352538173327577,2.271302452288465,0.05507459614625728,799.9064363636363,708.5846557692307,0.001770109495438192
1621,material_cable,3,True,1.3554087574844704,1.3212252120524135,78.82628325492766,837.8443135656629,5182.152597648411,3.6860252943937,0.816966397783718,0.03239638,8328.66503804,7849.37691831,22.28332255,22.70695663,434.86134876,0.9620343780607894,0.9459628452387032,,,0.9273205601787691,0.05262795028868729,0.7677447846564406,0.05541910806147592,7887.693682222223,7204.299134000001,0.0941413710147216
1622,material_cable,3,True,0.8246545425216292,1.0195614738185854,71.1100169146764,530.6230898739198,2336.154774465039,4.507119328132729,0.8190091658678229,0.35306157,966.5060169,482.45168263,279.49554347,26.55236456,21.31275114,0.9413743279623404,0.9058387379933106,,,2.2432968241414173,0.05598217918235661,4.443503938205699,0.052602362913253535,516.7169461538462,263.68981320754716,-0.3290373367266281
1623,material_cable,3,True,1.088899891395661,1.390381117321006,75.87582166113762,881.6092308569456,2599.274092343898,3.141809048715129,0.7101912521523774,0.15559273,1957.94932128,1610.26905174,20.62908292,9.66373735,82.27611822,0.914730434732216,0.9778398548823428,,,1.5303638037520426,0.054580050720404144,1.4656296478751676,0.054058754864927436,1673.8775886363635,1446.813958,0.021606908333433122
1566,material_cable,3,True,1.0392643038913965,1.162035019188071,47.905447081188726,774.7811773320943,1175.9035726410868,3.869218239607982,0.653764928820842,0.36425194,1049.69084204,746.55593438,12.6554907,13.35596269,23.40524184,0.918708978510079,0.963414712319408,/home/chaoyu/phd_simulation/sensitivity_analysis/data/01566_verts.csv,/home/chaoyu/phd_simulation/sensitivity_analysis/data/01566_stress.csv,2.143670342426832,0.05624662085078025,2.346313848506713,0.05449956347083133,811.9633815789472,543.0697448979591,-0.04513234289088848
1625,material_cable,3,True,1.2874437207072034,1.1262003538940994,63.49544883877416,706.8090451510939,4791.832366221481,4.277860301566733,0.7752224889537944,0.05391738,4205.24485201,4056.40784792,8.22735049,3.34776011,228.1861768,0.9632821557747634,0.9924243560810486,,,1.0449971683468442,0.052564109878223214,0.8457665624275038,0.05597295892679891,4063.420351111111,3993.886886956522,0.10537043982631664
1570,material_cable,3,True,1.115611677471901,1.3727215948533915,79.70754459026182,1047.0325104790254,7262.600343993124,4.196369302791734,0.6473241487362664,0.09981549,3668.11494811,3137.5092972,25.57590961,26.17804402,163.43977867,0.9399129920879272,0.9211695430352448,/home/chaoyu/phd_simulation/sensitivity_analysis/data/01570_verts.csv,/home/chaoyu/phd_simulation/sensitivity_analysis/data/01570_stress.csv,1.2707804046339113,0.05302172438930743,1.226817990398547,0.053215649455795835,3209.298986666667,2531.804974509804,0.01760187479412316
1572,material_cable,3,True,1.2756644245805764,0.9661133071936724,7.614476702806208,337.6846435922418,6012.496640723659,3.8284565706088847,0.5336752445252828,0.04341975,2672.70160626,2351.33292604,14.81672527,24.82401737,146.51491768,0.9130284508985218,0.9586506362193122,/home/chaoyu/phd_simulation/sensitivity_analysis/data/01572_verts.csv,/home/chaoyu/phd_simulation/sensitivity_analysis/data/01572_stress.csv,0.9982807810312063,0.055764882955720185,0.8787032785480328,0.05489913972743685,2386.353380434783,1779.8016469387755,0.06370725519639153
1585,material_cable,3,True,1.1177991377305982,0.8766173775299564,83.65961973098605,1122.346088343395,4617.3590183629785,3.737955478297412,0.6218869215302241,0.23668477,1899.21168992,1491.9156959,15.77827491,11.73021012,76.23817509,0.9631599733326526,0.9179449876621184,/home/chaoyu/phd_simulation/sensitivity_analysis/data/01585_verts.csv,/home/chaoyu/phd_simulation/sensitivity_analysis/data/01585_stress.csv,2.059488025260247,0.053501902997530285,1.7338735075526877,0.05225890307524845,1456.0141749999998,1399.543510714286,0.08583798693875162
1629,material_cable,3,True,1.1569745168352168,1.2808369176062857,16.05784082778363,423.3373442721155,5710.441000974089,3.62582972271343,0.6803155233408924,0.04722982,3127.21224828,2677.96136175,7.79500489,29.94632641,149.41107228,0.976552231368023,0.9282596354957144,,,0.9926850851511322,0.05246920180133555,0.9116443391844334,0.054554036992677045,2703.1306,1747.5657352941178,0.04255605407923288
1630,material_cable,3,True,0.8466625823485274,1.3132075543019894,17.268849554434166,625.1037260549369,3408.712368263552,3.178790893224673,0.7312099753167098,0.19113973,1167.56892625,753.6608813,24.38167067,11.6476821,47.26468988,0.9086782618595096,0.9503907026136847,,,1.7190295095857706,0.054345986779120566,1.8362800643487815,0.05421459230609437,790.0665325581396,571.402534,-0.03297900009119412
1586,material_cable,3,True,0.9826879732298578,1.3150157623363112,11.343378173372058,855.7357627911656,1214.4038599354506,3.919518349380016,0.5637957367312156,0.40152662,1103.56185426,730.85002186,17.42477764,15.2328526,20.63627468,0.9584737165279164,0.9838659568202088,/home/chaoyu/phd_simulation/sensitivity_analysis/data/01586_verts.csv,/home/chaoyu/phd_simulation/sensitivity_analysis/data/01586_stress.csv,2.130473489486693,0.05855386753290682,2.38691613926692,0.053937826538597376,832.660954054054,448.29030000000006,-0.05676788385662939
1632,material_cable,3,True,0.8089634264475146,0.8025043107713072,43.63903870347898,699.1664262902657,1594.97807429558,4.904729601228421,0.8693193744703749,0.46016717,1132.05849103,597.44430706,14.38220093,21.60358995,25.98959068,0.937033704278659,0.9145860715458258,,,2.1378930645858527,0.07623028819897146,3.812090186400147,0.08795034157774813,675.7374837837839,331.5195680851063,-0.28137845960101737
1594,material_cable,3,True,1.0114285073078126,1.3220748983330834,5.895777232797904,335.49290879395903,7311.630997783432,4.577609738151346,0.6847344079828791,0.05324828,2237.9967182,1692.25010722,26.20251811,20.92525222,98.66885422,0.904273534247605,0.9418628004181572,/home/chaoyu/phd_simulation/sensitivity_analysis/data/01594_verts.csv,/home/chaoyu/phd_simulation/sensitivity_analysis/data/01594_stress.csv,1.0399732794896275,0.054241121381756616,0.9907758514018442,0.05412812802356961,1748.8221574468084,1002.9494780000001,0.02422624603866567
1634,material_cable,3,True,1.0911861232389553,1.197904616177534,43.8871278540369,1129.7792424357212,5209.606410644512,4.871208240242348,0.8513885812271766,0.10550387,4164.21947248,3414.37404252,12.09253539,36.49174713,174.2657536,0.9771833819252552,0.9181025194394216,,,1.2581765468345323,0.05176731336758923,1.3158948717051249,0.0532136997349831,3485.1612999999993,2187.181094339623,-0.0224229694851815
1635,material_cable,3,True,1.135058029072964,1.287226859989579,16.992007978724555,1097.9426692952889,3902.4188238730544,3.666215478814431,0.8931614596240955,0.06297335,6116.97463099,5185.27805414,40.40230131,41.97573569,281.34903163,0.9155723650661938,0.9457920676549656,,,1.0862635099531397,0.054381164864457605,1.0202372537568913,0.054165321640795384,5334.609152173914,3902.466024489796,0.03134404569593461
1588,material_cable,3,True,1.1310918556064298,1.008942070121185,17.33371942934584,461.4588993159782,3479.3320537625827,3.4961803890636043,0.7598385368990294,0.10642056,1770.92018711,1245.50214388,4.00899148,31.66194313,75.83066939,0.9871871096463176,0.9027213917580074,/home/chaoyu/phd_simulation/sensitivity_analysis/data/01588_verts.csv,/home/chaoyu/phd_simulation/sensitivity_analysis/data/01588_stress.csv,1.2739065878646108,0.052302484860510465,1.5163194783170737,0.05352941500048354,1275.3756711111114,437.94128679245284,-0.08687930106831648
1637,material_cable,3,True,1.3018958208969396,1.1847279704548996,4.38966035022328,601.5821454674902,4903.080276882899,4.001696333336054,0.8428193286034202,0.02750765,7196.83821662,6404.32108874,45.1854202,38.55438408,372.11972986,0.9051083640997196,0.9653434371718196,,,0.9130611019209435,0.055783334702237834,0.7766495401361501,0.055237146291470814,6513.794845652175,5474.868971428573,0.08073072299451388
1579,material_cable,3,True,1.1404827994304791,1.1947768539911832,55.808599499441854,213.32472188499705,1345.5480594038274,3.508049492264247,0.8350218288549012,0.06399212,1157.80532635,994.02496024,3.75721988,9.04601994,55.17511457,0.9661609107507626,0.9107023266897736,/home/chaoyu/phd_simulation/sensitivity_analysis/data/01579_verts.csv,/home/chaoyu/phd_simulation/sensitivity_analysis/data/01579_stress.csv,1.061119032397658,0.051805063515308364,1.0398712650068345,0.053389267972433534,1007.3729521739131,701.8615132075471,0.010113215380895615
1639,material_cable,3,True,1.044351286893224,1.3562107893912292,32.34564577033286,571.8025105279946,3406.677971404663,4.468999460814953,0.7475375578593375,0.11627311,1689.8207531,1521.01241797,5.40622161,7.39594355,76.63393564,0.9905978738223072,0.9811282786639663,,,1.3330857379183636,0.052515926871587945,1.2261344176163804,0.05527531339296228,1555.0754681818182,1285.4502914893617,0.04179059002434119
1640,material_cable,3,True,1.269432766216564,1.3103728411040174,42.29590874044658,553.6531041468724,6320.953391554147,4.983039605655213,0.55535428273636,0.05740036,3532.4277184,3241.28323318,5.08832008,20.19941985,164.32724589,0.9807480117542218,0.937555280064361,,,1.0488830173226986,0.052746083164645415,0.9217435145375714,0.05483285534570831,3254.7561886363637,2718.0060240000003,0.06451729981789477
1599,material_cable,3,True,1.0333470208399316,1.1767777503964083,13.788121982443556,974.1968529893252,6056.800649375822,3.2309438710741145,0.790652183837435,0.12070531,3003.64824366,2195.64196744,34.86478988,34.63070083,122.64362153,0.9081099774151216,0.940848338315211,/home/chaoyu/phd_simulation/sensitivity_analysis/data/01599_verts.csv,/home/chaoyu/phd_simulation/sensitivity_analysis/data/01599_stress.csv,1.3484415144879054,0.05470740932911497,1.4891999343808595,0.05309589967222146,2339.909108888889,1113.40856,-0.049604018840741115
1642,material_cable,3,True,1.3327040293447612,1.2888309139746867,72.81921454426444,680.3485277555843,5595.031955964295,3.249866049272066,0.6734262066684484,0.0444144,4933.08623357,4604.24828935,13.45056243,21.43856607,256.68730747,0.9659681889019858,0.925063766564587,,,0.9871800769096085,0.052722574256748214,0.8512945865534709,0.054864379629161804,4628.686248888887,4087.8212411764703,0.07391208214976115
1643,material_cable,3,True,0.8235394940470325,1.1902009950674828,65.36928269562195,907.0261667904588,3873.3659840635432,4.330642433754917,0.7032997655723063,0.31292777,1632.7894001,769.80389431,29.01883323,24.86910244,39.92527078,0.9258017937311324,0.9169020417734564,,,1.8991914288244727,0.0575266316806215,2.967744457308103,0.05780366583465529,823.5064846153846,467.16757358490565,-0.21955354528673215
1644,material_cable,3,True,0.9322710096491956,1.2338201235164832,48.79942890249679,651.729130363117,5042.488255045435,4.851720574215186,0.5751464496425752,0.22409742,1150.2985688,750.64335156,20.66258361,20.57853452,39.89213263,0.9013726992274368,0.9032045730180523,,,1.7611270203027944,0.05589491508885639,2.209722409109078,0.05398839310950673,783.0219756097562,487.90450181818164,-0.11297214784412651
1645,material_cable,3,True,1.261797802896434,1.3271513331088085,2.3952153149076336,376.827387925392,4052.214396120225,4.072996347431176,0.7140488840485473,0.03726975,3517.46609545,3125.30581469,10.34101508,29.82592009,170.98985979,0.9652754321726263,0.931662917813468,,,0.9466509859448298,0.05281387850545718,0.8404416441278498,0.054696643126629606,3168.2663600000005,2267.749694,0.05943135796640854
1647,material_cable,3,True,1.0585788190586651,0.9865343415078244,72.67279538423081,997.767500657218,1581.2482509335855,4.761175982709312,0.4547795198833973,0.45854606,1291.56279443,936.90240073,14.99703053,15.12035296,37.45125549,0.9314855541607776,0.963343449950029,,,2.5890647636512636,0.09799149655435681,1.8574610192316334,0.0518410854202331,950.2546897435898,933.9672723404253,0.16453379113103805
1648,material_cable,3,True,0.991745045561896,1.1021362944147517,30.09067235550663,434.5520998305433,5821.096349668442,3.150402001094456,0.821767817117423,0.10785463,1510.06410487,1070.14179518,14.94844967,17.89865613,62.18734829,0.9579065124252152,0.9648999250555512,,,1.2568196433778491,0.051784095220322374,1.4165392221685267,0.05461013729112951,1138.391567391304,500.26110200000005,-0.05974490774474993
1650,material_cable,3,True,1.0297975740047678,1.207712262088698,54.73690276181559,494.2129339083065,5078.258086523154,4.751885840227741,0.7425607724608444,0.11078786,1673.66192296,1338.09200013,13.30338299,12.73330756,68.86767986,0.932896510120248,0.9486518085961936,,,1.3012295850674125,0.052328980299267996,1.3234572167151513,0.05346500113980949,1379.4325804347827,946.1725959183673,-0.00846867962784848
1607,material_cable,3,True,1.3409337680566162,1.0869794578185226,85.00441822994962,810.2058726069283,2755.581662103281,3.8441527047861177,0.4937955404072774,0.15907557,1800.52971386,1622.38412342,11.57778173,4.89790657,86.45077763,0.9276709270432062,0.970069902021914,/home/chaoyu/phd_simulation/sensitivity_analysis/data/01607_verts.csv,/home/chaoyu/phd_simulation/sensitivity_analysis/data/01607_stress.csv,1.6333893440653298,0.05336503694466686,1.3500432666639626,0.05394132997818898,1616.3710688888887,1620.5691764705884,0.09497317833906226
1654,material_cable,3,True,1.2507318967801804,1.1176213383615607,22.166389713276264,476.0051009911765,4497.695899435533,3.484851473456104,0.7147577335377475,0.05120125,3208.25278327,2707.23838482,12.5520246,34.49487503,161.82660744,0.9359756681073396,0.9237837438664748,,,1.0080327795673767,0.05286828943607225,0.9651225634882529,0.053729005032266526,2751.242706521739,1805.4216480000002,0.02174700346333251
1656,material_cable,3,True,1.0618671114107496,0.9830505147892672,25.783655234046652,1049.315869030847,1120.8262139413748,4.615634848464207,0.4817904527093516,0.5419007,1378.35197848,913.66836854,14.7081911,29.07563442,49.44433884,0.91903977979008,0.9843233008683228,,,,0.05836527090494801,,0.1379952419504119,1088.4200727272728,576.5219755555555,
1613,material_cable,3,True,0.8665726100184771,1.2614606729388056,51.65688056360281,1072.5316024684762,1182.896645734047,3.334473823217421,0.8014805384469101,0.35833845,1403.52897561,900.37429472,27.23007621,20.88487754,33.83604064,0.9252512425311188,0.9213170959581888,/home/chaoyu/phd_simulation/sensitivity_analysis/data/01613_verts.csv,/home/chaoyu/phd_simulation/sensitivity_analysis/data/01613_stress.csv,2.025003873180748,0.05889993807459665,2.477766227936374,0.05432201659353564,984.8511000000001,530.9348807692309,-0.10055195903590487
1658,material_cable,3,True,1.1892388136978012,0.9304920725309208,16.25291884189143,1189.694696900404,7036.776240911105,4.171270846078634,0.8038737117046972,0.09402145,4532.4249374,3546.30506314,10.97470288,65.5301245,227.84506359,0.9691464310892856,0.9369740826768962,,,1.2112086549308736,0.052288185759697986,1.2718830358176627,0.05443611125460719,3659.767382608696,1901.830124489796,-0.024435014265823833
1659,material_cable,3,True,1.3330299227603142,1.1511896854890402,45.936288098360166,535.1260063404079,4439.538649998252,4.702078673410462,0.8489841264053158,0.0250692,7027.13177919,6318.6336591,19.85668589,47.7376462,373.62068557,0.9298689961564254,0.9045151622043744,,,0.8695132810268669,0.05239717595235325,0.7794168654571929,0.05387125487359788,6361.2881326086945,5074.711986792453,0.05463931614191331
1660,material_cable,3,True,0.8070176661967362,1.2967230834240395,3.257308675240611,1042.9230998970706,1235.4646157172876,4.642775612673154,0.7249069692489839,0.45173407,1334.40306978,821.47092328,24.22829039,17.33744944,24.48610706,0.9492327568734236,0.9913831912029036,,,2.2307193488679893,0.058459822303054305,2.345337915256816,0.05160321010145991,937.55895,537.9447244897959,-0.0250474501897974
1661,material_cable,3,True,0.95235044225263,0.9538058533051514,29.342207866298047,462.9543848633628,4608.291641670835,4.383861716803209,0.686238540992489,0.25497696,998.49496398,563.28262591,12.23988391,19.18492276,26.68379185,0.9168107001878638,0.9472277252582426,,,1.7808678265842721,0.057146439609394306,4.0676745989144205,0.05844149347896354,601.5748725000001,319.0381480769231,-0.391004562497494
1662,material_cable,3,True,1.079623635534824,0.9087363096194552,21.441539461104647,520.8618976430093,1140.8892205970228,3.905958606223498,0.7865516349878099,0.27280791,829.6203905,579.80469931,6.62300235,12.7421818,30.28774153,0.9275124551814864,0.9763421552882312,,,1.8513399786977267,0.05768416214018156,2.45624661406237,0.054025902132095474,667.3380615384615,280.9923065217392,-0.14042820088198107
1663,material_cable,3,True,0.8487370925315576,1.3591078876881646,33.7147363167318,532.842982946355,7757.994342028613,3.066217132237196,0.609599210836263,0.11138977,1423.15514888,1174.30491921,24.04947419,9.47654836,82.60461859,0.95335834787359,0.9735753991963052,,,1.3383420099037773,0.05286754763317669,1.2371181648879979,0.05558729811602071,1207.228208888889,1184.8233041666667,0.03930320725070552
1664,material_cable,3,True,1.0968997524795383,0.8193474580099932,4.508937743047464,710.8070903561165,6336.022653642174,4.676098036569751,0.6464548518068376,0.17385584,1765.6100194,1216.44383292,13.94836401,36.89221504,77.79664946,0.9223998578901486,0.9607967708762114,,,1.537487053683065,0.058070218519984555,2.1932132586934765,0.05476078111207293,1351.2886375,396.4311755102041,-0.17576491009879563
1665,material_cable,3,True,1.0858678575978835,0.901818329249921,31.28325274267373,770.531133248739,7552.444006764078,4.931076624070526,0.6788957777263464,0.15979654,2148.367905,1501.60680983,11.58012508,31.15429244,82.51527391,0.9162135496943128,0.9303060360896726,,,1.5076158655924394,0.05456311209279489,1.796796717652573,0.05221573035904587,1591.968019047619,781.074411764706,-0.08751354280831089
1666,material_cable,3,True,1.1411455743285,0.8275433086652625,54.71985852334235,1003.6423607509626,3172.349819588759,4.202561203930701,0.6499594304909662,0.25098961,1572.76501698,1249.31096856,6.63286314,12.69880423,68.95131023,0.9487598291956364,0.9554157001593692,,,2.0037740754641806,0.05825125010885114,1.7410234712790362,0.05230871303222292,1282.8070874999999,1123.705174509804,0.07016416799718689
1667,material_cable,3,True,1.383773324422318,0.8383499066463064,64.9429299479967,703.7559829856777,2886.193008661284,3.674742471129437,0.6366837900877266,0.09509812,2022.92019302,1898.24740913,4.7025326,7.73287231,137.78691208,0.9494015544821056,0.9215890368661532,,,1.259960932814039,0.0529238741426616,1.0428233434729426,0.055040282043994755,1902.0776847826087,1800.632824528302,0.09429350008035056
1668,material_cable,3,True,1.3301388871585813,1.2685503712269834,14.08600950646148,1177.493266190839,7844.90902494386,3.748398538558713,0.6204734655142822,0.06768569,5845.0668809,5509.90588219,4.24673743,24.71319922,298.73589337,0.9962352919983471,0.9751895892376794,,,1.0999104893282237,0.05263373977163493,0.9438049658504484,0.054692602215180845,5555.353606818182,4873.746545833333,0.07638319859166878
1669,material_cable,3,True,0.8519060469071912,1.331562006934795,13.598574553090678,602.939102883319,5524.779262862171,4.019040125218708,0.4840911529229522,0.20945936,1283.28429049,746.08796326,23.40894479,11.4412254,46.11988037,0.9132300827198018,0.9691912985722216,,,1.8344106612075382,0.05454254045874505,2.010794078756518,0.054686299477793965,749.0972048780488,870.399984,-0.04587100804172747
1598,material_cable,3,True,1.3272584689665656,1.0546798941169468,84.2360199401129,761.2259550905829,3252.8346236398093,3.945697083434096,0.6530915558197802,0.10635701,2336.21354537,2163.89239812,9.67712056,4.02257091,124.38018273,0.951260163145621,0.9743744003886567,/home/chaoyu/phd_simulation/sensitivity_analysis/data/01598_verts.csv,/home/chaoyu/phd_simulation/sensitivity_analysis/data/01598_stress.csv,1.3357936712124756,0.052766154545746645,1.1280573549840447,0.05497137055611723,2161.4658955555556,2122.146142857143,0.08431366751467771
1671,material_cable,3,True,1.10075502704974,0.8136360678184771,1.9596658997755945,609.0158437441971,2736.929879286439,3.60144271669518,0.5424121393960183,0.25642178,1032.53767226,731.86821405,12.39290106,20.73176725,46.84431261,0.9026089833689754,0.9789690893399466,,,1.76101470063659,0.05735972301412459,2.7621302087351913,0.053178141311386075,840.43947,275.87238297872335,-0.22133173448065496
1614,material_cable,3,True,1.2322761197549406,1.005658637249215,19.03647140538617,228.8617214559069,1957.8734489230808,4.473882156522519,0.7915523519840888,0.05602195,1290.45049495,1237.0678229,2.33606582,2.27001507,72.62264926,0.9713198811227944,0.9953723251726194,/home/chaoyu/phd_simulation/sensitivity_analysis/data/01614_verts.csv,/home/chaoyu/phd_simulation/sensitivity_analysis/data/01614_stress.csv,1.0486145376732923,0.05273490514526665,0.8618588908826644,0.05528269184345423,1251.8366644444443,1181.0524106382977,0.09775359552202109
1674,material_cable,3,True,1.0984359926503546,0.8967445321068241,72.41644611788105,1168.2053689727811,2040.7608495704428,3.8950332259657534,0.7957534802498505,0.2859455,1725.18429098,1281.32473381,11.79115101,13.87269106,59.77667363,0.9840464011088532,0.912460070528412,,,2.1480866405049044,0.05506994378916889,1.9095674594636671,0.053516278079626674,1279.3189292682928,1080.1412035714286,0.05878253176954751
1615,material_cable,3,True,0.8883213654626526,1.0148633924331234,55.30427801583767,450.6918342255608,7691.379421127326,4.364524889813866,0.6639474328759551,0.26722932,981.96810205,509.01643541,14.87991302,20.16982986,25.51804112,0.9877861790681994,0.9054730826290828,/home/chaoyu/phd_simulation/sensitivity_analysis/data/01615_verts.csv,/home/chaoyu/phd_simulation/sensitivity_analysis/data/01615_stress.csv,2.015691470293732,0.05256485990796052,6.200670622357393,0.058703597234478745,516.4186682926829,477.8808052631579,-0.5093469719167792
1676,material_cable,3,True,1.396221227632998,1.3117640036654663,46.26896147890832,872.5692554558349,3500.405897306344,3.468580489306549,0.5407009343879513,0.10251522,2913.58130785,2657.79618844,6.03266843,19.64734497,142.56183283,0.9763471257143356,0.9243742684368276,,,1.2815063816615018,0.05288366063283151,1.180795796233787,0.05453181851119015,2680.904656818182,2248.7509942307693,0.04090098539968786
1624,material_cable,3,True,1.1921131863156285,1.1297435636133737,50.86621235583797,877.2737794320986,4958.001259637382,3.119981944518535,0.7802944048806886,0.07961978,3681.24977043,3195.16499184,16.74477966,28.72297246,182.47084936,0.9397918351036316,0.9187262454692064,/home/chaoyu/phd_simulation/sensitivity_analysis/data/01624_verts.csv,/home/chaoyu/phd_simulation/sensitivity_analysis/data/01624_stress.csv,1.150894826994064,0.052155260881317264,1.1208703842372352,0.053218321653946,3240.047334782609,2408.0650764705883,0.013216349386984197
1678,material_cable,3,True,1.3140235830462168,0.9607326184239084,85.22522020111538,1028.4439034911948,6648.310272999227,4.668454914195232,0.6348847807089433,0.08290484,3907.13625606,3700.11397139,7.73250382,7.21976054,225.41284289,0.9823350291570718,0.946094953515168,,,1.2068083061381791,0.05322642500682786,0.9879858812971006,0.055811146188063654,3687.791315909091,3562.0490061224496,0.09970065808165038
1679,material_cable,3,True,0.910360574480774,1.3782757697087338,82.82087258740798,252.4143163365441,6137.413541450838,4.30515976461386,0.6391109131877211,0.06938289,1073.7737319,811.07067049,18.42753589,10.47853129,60.06289155,0.9137533558593908,0.960470254409164,,,1.1169387326519686,0.054005916625458165,1.0480818903860991,0.05467952928366136,836.5486808510636,606.4195469387755,0.03180424312505905
1680,material_cable,3,True,1.132931057200123,0.8298744424932798,49.13463180081077,582.1422979299884,6051.091732687841,3.3797832651892663,0.5029514979659641,0.16144554,1411.68214108,1230.2960674,6.24527128,8.70778486,67.10374503,0.9243103135629722,0.97611542830721,,,1.5961754653528022,0.05403730713351403,1.4465910103022424,0.053063994677287465,1247.6559355555557,1143.7318854166667,0.04916067540751953
1681,material_cable,3,True,1.0943000552710769,1.1681369730742457,74.54432210418325,452.0548198208506,3559.0691843963,4.420067491483793,0.574582039378406,0.15637133,1078.58405088,942.85865142,4.72039291,3.77680407,43.63210081,0.9899856955688202,0.9895057052276024,,,1.5527003117890943,0.05275221813382894,1.3955023446269983,0.055080142704882075,945.3662295454545,904.8833595744683,0.0533199326783016
1633,material_cable,3,True,0.9260039181039948,1.0019044934347676,30.94596135640681,1065.7530537477332,6591.931566881381,3.168524511167809,0.7817958057397395,0.2642911,1836.70794179,1128.33308309,27.76583224,29.53488587,52.59292167,0.9780338078321728,0.9893843535816726,/home/chaoyu/phd_simulation/sensitivity_analysis/data/01633_verts.csv,/home/chaoyu/phd_simulation/sensitivity_analysis/data/01633_stress.csv,1.8074744132596285,0.05525303368790743,2.8733434515073064,0.05321677943861556,1246.8593256410256,547.1897770833333,-0.22771000048316326
1683,material_cable,3,True,1.3590846818573667,0.9779588440015404,81.0720776744908,730.0534224673187,5637.340328778738,4.539903359335533,0.4707045965235378,0.07758524,3014.98780516,2887.81221041,4.37669699,6.50756942,173.91249395,0.9875861252300996,0.9271561725744416,,,1.1818374296968779,0.053790972457977995,0.9217160174058158,0.05551123352962178,2879.9125318181823,2810.402913207547,0.12365809513865098
1626,material_cable,3,True,0.9675599592962694,1.0366096623360332,68.6074451756122,826.7735409341038,4424.088944156671,3.579686700553385,0.6767046216199848,0.26613016,1371.9484947,917.40367474,20.16900795,14.33565091,38.28060443,0.9321220895111336,0.972311510465788,/home/chaoyu/phd_simulation/sensitivity_analysis/data/01626_verts.csv,/home/chaoyu/phd_simulation/sensitivity_analysis/data/01626_stress.csv,1.9596187269946146,0.05518728596009455,2.1167342953080173,0.05316734707798433,946.1809174999999,716.9273283018867,-0.03854317019497294
1627,material_cable,3,True,1.1753926352627218,0.8087989187421329,22.79367191663529,901.2873709196704,7816.061784595919,4.446116174108463,0.6894161267181417,0.11521988,2812.88046832,2252.02043591,4.89181759,35.87532344,147.64547092,0.9776654329096828,0.9542328351873772,/home/chaoyu/phd_simulation/sensitivity_analysis/data/01627_verts.csv,/home/chaoyu/phd_simulation/sensitivity_analysis/data/01627_stress.csv,1.31471342375253,0.05226423957822634,1.3502600422768287,0.0548596188888335,2336.763853333333,1469.399889583333,-0.013338451199388843
1687,material_cable,3,True,1.2114750958810112,1.2850114909082169,44.117714470717,927.5495080008046,3627.9895041864806,4.138072679437444,0.6494948749034133,0.13697424,2475.45028521,2140.84168145,15.42680804,18.4303273,106.10962262,0.9105181727381032,0.9365740093167368,,,1.437807123146144,0.054163519196544066,1.4286207873153451,0.052723835882214166,2199.4157978260873,1693.9378780000002,0.0032048026734849515
1628,material_cable,3,True,1.168400504185542,0.9526647447826008,77.2200629145044,251.2727243181449,6557.839711005936,3.347124991709297,0.4722458905902966,0.06121451,1498.8703007,1392.04021165,10.52692583,2.53320074,74.75399133,0.9118114717506928,0.9844437389037712,/home/chaoyu/phd_simulation/sensitivity_analysis/data/01628_verts.csv,/home/chaoyu/phd_simulation/sensitivity_analysis/data/01628_stress.csv,1.1029075935733086,0.05264521813561406,0.9262304811714778,0.05516228025947031,1393.6256,1374.917618367347,0.08707002968442759
1689,material_cable,3,True,1.2554162932314656,1.1702920019184546,73.83122195240728,1063.3567494380463,1519.9860239999218,4.115095580328914,0.8203238990618826,0.1788944,2167.18123719,1868.81594178,12.61997169,8.26958249,91.51267941,0.931842548646894,0.9646413839046204,,,1.661814483619088,0.05313902325677609,1.5200708562945917,0.053403250669551226,1884.8254711111115,1732.0223259999998,0.044547056911969564
1690,material_cable,3,True,0.8536129309619427,1.1238667664077773,46.89031216164051,719.765968695524,5858.389309930712,3.922517710967461,0.4832616367091367,0.30345231,949.81122573,641.54993253,25.35899622,19.23223272,31.30101279,0.9390064714385976,0.9820821700136266,,,1.9008328474622334,0.057033965672490194,2.9471260997917286,0.05589716566780162,682.8071275,611.5843230769232,-0.21582139281978635
1631,material_cable,3,True,1.120701905973379,0.9350436527976558,22.41852690940934,641.3693857418828,2840.8295167830784,3.3902803418607075,0.7257118438148948,0.18815315,1380.78742596,990.39209292,6.01163161,21.99310651,56.53212778,0.9768665603902054,0.9404326425126668,/home/chaoyu/phd_simulation/sensitivity_analysis/data/01631_verts.csv,/home/chaoyu/phd_simulation/sensitivity_analysis/data/01631_stress.csv,1.5896217141207665,0.053088889512683826,1.9601526442396113,0.05254751755755615,1078.5551045454547,447.4371549019608,-0.1043815444906169
1692,material_cable,3,True,1.3285203073353988,1.1377807940799969,26.76035260256092,695.7507649300428,7495.213344525011,3.671779207687641,0.6021058752742019,0.04802639,4744.48318772,4486.9295971,13.8666573,14.62458814,256.32879378,0.942760764525347,0.9812499708843356,,,1.0164987489718202,0.05318188185351444,0.8404324615814022,0.05548551696732232,4512.580343478261,4146.702657446809,0.0948157295164229
1693,material_cable,3,True,1.222152404236451,0.9288203552391414,40.03975092555685,802.9034420992281,6270.608296371652,3.417379362886091,0.6889157577259061,0.08995063,2980.83880007,2566.93243764,12.28297468,25.63398677,159.10374704,0.9139625933581303,0.933733742220652,,,1.2131036388409904,0.05306581140109682,1.155173524377175,0.05345026890507106,2604.602056521739,2014.062654,0.024460867741128847
1694,material_cable,3,True,1.0828426133836415,0.9020012040206508,62.074216549501536,787.1787815629764,6903.203003162763,4.571266452489337,0.7489045616917387,0.15925574,1885.30741209,1550.22404618,13.5034545,8.17093497,79.61252758,0.9057130198575852,0.9796761659189732,,,1.6141289497342686,0.053466482235084635,1.4413160337564601,0.053596698939216654,1555.0535155555556,1455.0837249999997,0.056559001033092186
1695,material_cable,3,True,1.2295368228543166,1.3816976336089073,89.65465482480727,258.1292020995362,4689.181353441491,3.999193985613784,0.4996083549160527,0.03843053,2339.97741197,2036.69263189,20.29323544,13.17274724,107.43926836,0.9028143829970504,0.913679951862191,,,0.9757649967666558,0.05352652114101061,0.8590951211281532,0.05365755095237018,2080.13092,1818.4534188679245,0.06358516079817655
1636,material_cable,3,True,1.2227521114312272,1.0174547842469208,53.04838256442154,623.4866696677898,1056.4794107935272,3.38286417906731,0.7651467523362432,0.21847307,1031.67040545,867.92018945,4.24638901,6.47835023,44.03059088,0.9693195610998024,0.972497779522794,/home/chaoyu/phd_simulation/sensitivity_analysis/data/01636_verts.csv,/home/chaoyu/phd_simulation/sensitivity_analysis/data/01636_stress.csv,1.8001032162932393,0.054004862826322955,1.6946731972821396,0.05199116410558329,893.0788159090912,764.7518265306123,0.03016788673563185
1697,material_cable,3,True,1.158025102212601,1.201396704314539,60.22886588308624,1058.7540296975376,3691.706671412864,4.341231629429666,0.6997739971572752,0.16806779,2453.42066652,2022.06814306,10.20326855,20.2900523,96.11743358,0.9745442203765308,0.901279512694713,,,1.5666217990485982,0.05242194839994528,1.6086624815464652,0.052137703868115365,2065.1133782608695,1539.8541615384613,-0.013239974371676838
1698,material_cable,3,True,1.337964090096766,1.146645143514305,75.0211637460289,444.2071116283077,1257.1397884353933,4.66219171647624,0.6047222277561533,0.15741975,1015.29709061,908.44687567,3.3408401,4.5191696,46.73430707,0.9720496320354772,0.9135635606813168,,,1.5987821898005803,0.05350324816902167,1.3630501293585673,0.05300157723932697,907.4127066666667,845.3648698113208,0.07958994130664913
1699,material_cable,3,True,1.0080436110873476,1.1434751754209804,35.23724241756742,362.4391968999305,2595.46765943038,3.902448370372252,0.8098035957431751,0.13899074,1061.52810003,754.55137723,6.4477067,13.91405411,40.41631077,0.9728294032914964,0.928433792218527,,,1.3917783403200967,0.051611510320157684,1.7007536488167503,0.05262788774124039,791.3901304347827,311.5398549019608,-0.09991014145754763
1651,material_cable,3,True,1.239071973322931,1.0399462998984028,0.1531142144692705,1013.8383442860788,5613.801504240337,3.255168190964008,0.8047710848335965,0.06906604,4753.03016787,4138.48692331,7.07333755,51.85569301,257.71229057,0.9902706005890832,0.9471710597053642,/home/chaoyu/phd_simulation/sensitivity_analysis/data/01651_verts.csv,/home/chaoyu/phd_simulation/sensitivity_analysis/data/01651_stress.csv,1.1027630758612248,0.05245339788961159,1.0314948662360168,0.054175216553128354,4209.891015217392,2847.9744020000003,0.03339250060617126
1701,material_cable,3,True,1.012738005640298,1.0103794001432262,66.66226094324723,746.1304082534976,2027.464307561572,4.489678633599733,0.6280803289949229,0.33883848,1116.15467902,771.5140592,11.4893536,12.95584545,26.90498549,0.9425504225443724,0.9072766028561668,,,2.2252454030627145,0.05864763176384553,2.166975302627172,0.0538970149225804,784.1666999999999,626.4507074074073,0.013266660384360142
1702,material_cable,3,True,1.295643334948859,1.3825124744327335,43.51574977297047,677.9941603977793,4179.631028172805,4.552576652767387,0.8837146339656192,0.02396607,9979.78667155,8814.82275857,39.03015186,69.28941187,474.1940224,0.9192649479105536,0.9015044970364816,,,0.8676349833161242,0.05275646387127072,0.7993083028728426,0.053228749456779315,8903.594710638297,6764.643149056606,0.04098920521734895
1638,material_cable,3,True,0.9957402092627888,1.15438089880204,45.09981652199495,989.9532946133204,1902.274384052024,4.0433040980236905,0.5844797993054109,0.37751382,1347.9944011,911.83393174,16.96917588,21.81458432,29.01655621,0.944635678266875,0.9100584381726476,/home/chaoyu/phd_simulation/sensitivity_analysis/data/01638_verts.csv,/home/chaoyu/phd_simulation/sensitivity_analysis/data/01638_stress.csv,2.1406437179376705,0.05685234684675306,2.4696001892749377,0.053168581329311064,1012.2112162162165,605.5732509433963,-0.0713533769488038
1704,material_cable,3,True,1.008828599253362,1.3181404901621652,15.676766351355848,713.8022388925359,5791.793774986884,3.591137327167715,0.5326636287179449,0.14871424,1605.31657357,1227.8084289,18.08024096,19.78156306,70.21152767,0.9463011158043744,0.9348662726655972,,,1.4862098825123162,0.05389095105316806,1.5862883278254594,0.05325618346063664,1293.216642222222,795.9705921568628,-0.03257233640573577
1705,material_cable,3,True,1.3911854143650573,1.083720874984496,31.60197968737888,578.728935745451,5567.349158197131,4.516677444739972,0.4670159851445291,0.05810211,3410.33643846,3192.14957902,5.31773205,16.09200519,186.3122065,0.958622203146109,0.9631932131082178,,,1.064822153326073,0.052867573347413474,0.8998337275566111,0.055024441207680845,3202.9138636363637,2850.255371428572,0.08397828208741356
1706,material_cable,3,True,0.8393446561806992,1.2544593835755948,57.35572698103367,491.4704941854529,4265.087360672017,4.03418567678465,0.7711682246005811,0.1953422,1199.60308168,608.51938806,20.92945197,18.41885618,39.73964206,0.9350470273418776,0.92529229673884,,,1.5845159167952165,0.05378514139645191,2.9619438639654065,0.0537987410968574,635.6108658536584,496.7721339622641,-0.30296714665751345
1707,material_cable,3,True,1.1029968022195993,0.9626568012700404,39.16507446527849,656.5954651233219,4626.702206435553,3.763604970353852,0.5957727952484806,0.18349766,1487.60975648,1116.64966901,9.61924675,19.41074454,57.45929028,0.918812624534669,0.9256113742648158,,,1.6246287278758487,0.05477697209133497,1.8143231560250097,0.05226588384040991,1171.616053488372,715.3988921568626,-0.055160535696122504
1708,material_cable,3,True,0.9704368967967034,1.2407115129177029,45.45776515436224,479.23589819029627,4645.974442310071,3.4900981093832457,0.726764470711963,0.12863166,1185.85381308,1000.34291027,8.91749669,4.69025562,56.02437692,0.9813082891428536,0.9985930665047172,,,1.3933800556094207,0.052628088705462456,1.2791720683288834,0.0560546584947426,1038.165717777778,881.6959765957447,0.042733680012286925
1709,material_cable,3,True,1.1438389339318866,1.1990646202744837,60.926806059508905,987.6101512790606,6882.745165844712,4.2963837054490295,0.8116886128184186,0.07013254,5033.21317507,4437.44218246,7.19849894,31.66965735,234.99510276,0.9927215504673136,0.9184119625727112,,,1.104684613617935,0.05266114328556431,1.0389486739696072,0.05470225489354246,4474.932957777778,3396.3608269230776,0.030665664705322483
1655,material_cable,3,True,1.25766631364509,0.9725071109966874,62.47149636718675,1114.1416362885827,7734.617453599021,4.8959897877916765,0.5043386351553755,0.11860668,3309.35449185,3043.1505557,11.4542881,13.50554019,169.5359475,0.9224309391747104,0.9389246437364644,/home/chaoyu/phd_simulation/sensitivity_analysis/data/01655_verts.csv,/home/chaoyu/phd_simulation/sensitivity_analysis/data/01655_stress.csv,1.3879575067903174,0.053011504201115854,1.1986882108335626,0.05349752320897023,3051.7685521739127,2887.2776240000003,0.07317171217812525
1711,material_cable,3,True,0.800655458875079,1.2513663205536325,45.7037455501098,734.2138815642472,7803.577473936613,4.541145618137478,0.597864933889006,0.2436734,1496.71241642,829.06301251,33.04575415,18.36025289,52.06618728,0.9233881411034252,0.9815165128102774,,,1.94829413600668,0.05648564346136106,3.286127374327998,0.056150723047296035,869.3029219512196,964.2858019607843,-0.25558378049607616
1712,material_cable,3,True,1.292035743572636,1.1080520984400308,59.482038453444346,356.8710767049477,5758.531940073935,3.49582063773063,0.7515238693713581,0.02333611,4923.01854242,4416.02175788,20.24902935,29.62884443,264.11063855,0.920414805309395,0.9018473447359826,,,0.8642696559889798,0.052309582716387165,0.7714896437980415,0.05363794125772688,4447.761836956522,3661.7167785714287,0.05671984392998307
1713,material_cable,3,True,0.8373758544464456,1.2793184282954893,53.335835986234486,1192.243317121274,6488.134209637476,4.802215222307173,0.8131977293354342,0.22511047,2585.12470587,1358.3750763,37.6315909,37.02722676,77.47434216,0.964109824036685,0.9216275212948882,,,1.6956822968605176,0.05345684501132689,2.705911609906732,0.05288574537298226,1420.0605463414636,768.7181944444445,-0.22951442919189638
1714,material_cable,3,True,1.3388577863415856,1.1270157088322037,3.761954045088492,528.7850074393243,5667.621970173606,3.982990709821297,0.6305434241588119,0.04515756,3750.04043614,3672.55857008,5.17916842,1.78134114,208.61627486,0.984322332525259,0.999907212817837,,,0.991038472514532,0.052635594918617926,0.7852698836204993,0.05530550758721446,3697.2723522727274,3631.4670104166667,0.11584057924591026
1657,material_cable,3,True,1.1810867515045345,1.2360776736328791,20.017780089119093,1079.638657626098,7391.937467086008,4.841999125650311,0.7371594619331486,0.08296231,4593.01321577,4284.82278012,8.84943106,16.45543917,216.58236412,0.9819967704876712,0.98358221296084,/home/chaoyu/phd_simulation/sensitivity_analysis/data/01657_verts.csv,/home/chaoyu/phd_simulation/sensitivity_analysis/data/01657_stress.csv,1.1775644443018412,0.0526048999031003,1.0320573649762765,0.05511226629420126,4355.358435555557,3800.2284404255315,0.06585157637138896
1716,material_cable,3,True,1.2269667669664368,1.02217580148028,43.05600836741751,1009.1354127161802,1541.3242060077212,4.111096522587212,0.5549020104810226,0.32824848,1394.31494208,1094.74903975,8.39742937,14.9261598,50.81727256,0.900930602514318,0.988633270867151,,,2.160205550957663,0.05823196593829282,2.1347716207939476,0.05427610529229993,1181.4143824999999,903.9015458333333,0.005921784714246284
1717,material_cable,3,True,0.8997620851528213,0.9417691217711838,21.7479504408989,1031.0520519551228,6219.937372973097,4.692232831666926,0.4912399567024558,0.36957261,1627.77350067,989.99079598,24.26526102,33.94834807,38.09118947,0.9346957032090378,0.9976268571697312,,,2.006235986237208,0.05485998913278966,3.4800407266594826,0.05676675908427077,1133.6225794871793,618.2672775510204,-0.2686347804801341
1670,material_cable,3,True,1.311362884813,1.0286731945105152,58.1562646799146,765.9118096932964,3544.1525517341997,4.493794359114931,0.6747119839888459,0.1009827,2483.23297357,2296.95739941,2.3676883,10.86773034,133.96265542,0.9967762007459978,0.932179860830448,/home/chaoyu/phd_simulation/sensitivity_analysis/data/01670_verts.csv,/home/chaoyu/phd_simulation/sensitivity_analysis/data/01670_stress.csv,1.2821766183242658,0.05313342717483651,1.1130489498836957,0.054930613716795425,2307.9556886363634,2086.741649019608,0.07061033026927249
1719,material_cable,3,True,0.8609433014944194,1.20943478802744,36.95059588854189,899.9628848403728,2445.52737113938,3.7143711879247663,0.829937496862595,0.27501484,1421.38144278,914.01807562,22.74407153,14.90254506,40.21374767,0.9789134489634902,0.9910421652467436,,,1.878655722810532,0.0544574314375987,2.214460345754524,0.05338537109178571,996.2916499999999,533.2826081632653,-0.08204131456788047
1720,material_cable,3,True,0.9981279343218356,1.3637969602029534,39.82264760459313,675.0342843298492,7778.489894050195,4.355252002535801,0.8820928090583633,0.03687931,6352.76829987,5580.11868905,39.28096287,6.26364754,291.97404966,0.943568995282416,0.9948858584506464,,,0.9577029186814321,0.052880129207521644,0.7662211353273228,0.056447676389926205,5658.336584444445,5411.071278723404,0.1110732128302543
1721,material_cable,3,True,1.3259893164504104,0.92728936333468,38.24937503295162,500.5490296831039,6844.458830103894,4.95905816462021,0.7547078763865755,0.02787376,5401.16453497,5035.14772444,5.15695218,26.05608226,335.23096325,0.9740390663249258,0.953915668197108,,,0.8952386356332566,0.052898040247751806,0.7269085207074059,0.05502272017155486,5046.076808888889,4479.336706122449,0.1037699411350447
1722,material_cable,3,True,0.9473570045160576,1.1648135578136556,35.00891185338735,953.9881067017716,6955.998100760521,3.615767474453557,0.7212983417537436,0.19815067,1774.82932075,1287.29173209,20.50053938,18.23721563,65.06002305,0.9808925102172952,0.9872847127343596,,,1.6381629374960551,0.05281375845900128,1.8296485583142357,0.05422731863150875,1400.9902522727273,812.1360918367346,-0.055218001627114946
1723,material_cable,3,True,1.092266492308663,1.134238102377774,89.99836070073076,790.9579422636723,2956.360883315798,4.529379782161547,0.4978526247939729,0.26624346,1323.49268038,1014.77289291,15.92729725,7.94882017,38.25778752,0.9403598880725742,0.986845685590151,,,2.0546731894408463,0.054548530968812126,1.8207409478855319,0.05383122278877578,1020.7694404761905,1024.5247882352942,0.060363159462669125
1724,material_cable,3,True,1.2536954290085758,1.396358512789427,41.092046602895024,1133.949649617488,2630.0618024933447,3.028382864307061,0.8364921705131196,0.08135907,4612.25132937,4103.05152182,12.61297413,35.49011467,226.59577553,0.9726706657563672,0.9120963102194032,,,1.1657377138796596,0.05264687329622829,1.116442704198734,0.05389624643691541,4153.24943111111,3105.9244499999995,0.021599961725389062
1725,material_cable,3,True,0.9551366018399698,0.9998720824042108,68.11809759188957,425.7423321203911,7668.302788819991,4.733133499781255,0.5238695071438975,0.22913303,858.16476897,538.1472974,14.7493935,10.43003909,24.19385213,0.9122046687401768,0.9732204456556504,,,1.8567401904836294,0.05507334173733024,2.115854010826271,0.05314165776218406,541.6296571428571,462.51059399999997,-0.06522534324225793
1673,material_cable,3,True,1.3213259974826037,1.1796890661460329,76.25932352528586,239.34501941729533,2479.449593566428,4.155036081796835,0.5670045407514133,0.05484717,1474.37167919,1402.62005053,5.18489327,2.75180163,75.88458881,0.9453502046069372,0.96664400925085,/home/chaoyu/phd_simulation/sensitivity_analysis/data/01673_verts.csv,/home/chaoyu/phd_simulation/sensitivity_analysis/data/01673_stress.csv,1.05450099381385,0.05267242106064667,0.8778741187258344,0.05542110015478564,1406.9559066666666,1353.9896604166668,0.09140403120586575
1727,material_cable,3,True,1.0173280775994655,1.2984399997840763,17.831334832479037,593.651783050073,6874.107467704476,3.717004562485632,0.8788411243618826,0.0373627,5436.06996935,4667.62026199,25.59661142,39.10629223,259.29066623,0.9622611134065948,0.94937921709594,,,0.9440992860880327,0.05233754092947326,0.8422471001016951,0.055157516763487575,4768.838942222223,3225.9156937499997,0.057017041472896005
1728,material_cable,3,True,1.263448240904662,1.1746836210921343,6.614566487440711,330.8623152483386,2963.188102309309,3.264922573619221,0.8554051560605511,0.02511493,4300.94735092,3742.2122324,13.05137517,44.02697587,226.46469928,0.9606565011192426,0.9280691275134576,,,0.8820487731896629,0.05286852373524391,0.7884347055129962,0.05457539837980543,3797.886655555555,2576.727258,0.05604010388020707
1672,material_cable,3,True,0.9027863014322028,0.9443225036314238,85.7847946484288,1187.8079796888346,7589.737866940754,3.640101686016914,0.5115678191760797,0.3493489,1759.9719598,1087.29169502,34.25289774,27.5461443,39.15438691,0.9594997964844404,0.926469223959871,/home/chaoyu/phd_simulation/sensitivity_analysis/data/01672_verts.csv,/home/chaoyu/phd_simulation/sensitivity_analysis/data/01672_stress.csv,2.170594368406383,0.055184209229880286,2.4586750207387875,0.0546280103079811,1092.1398736842107,1000.4905735849056,-0.06223026316159162
1730,material_cable,3,True,1.248638459276083,1.0543074574090787,26.512283184559163,1113.9069213831635,7819.920699643426,4.94239704985914,0.622257113406904,0.0982759,4090.81642276,3635.64875304,9.21046352,27.88441966,202.09923789,0.960384813824654,0.9622497097183008,,,1.2608888435914205,0.05306152230954387,1.1628582138184456,0.055040239857763046,3706.0716066666673,2949.8198395833333,0.040445899448655856
1731,material_cable,3,True,1.0291418911203047,1.1526994780097408,58.79483865642107,750.4613176586793,2466.591005995238,4.140844503475356,0.6904468683303355,0.25463624,1237.36427498,954.30598581,11.30176469,8.82521153,37.1885541,0.9626411800866664,0.9958091516556224,,,1.9052828678566804,0.05502272223379484,1.9122651568587665,0.053071392125100376,993.2912268292683,807.681755319149,-0.001828998340526844
1732,material_cable,3,True,1.055764735891859,0.8403867793548379,32.00250954505634,865.206828954317,2108.444817513054,4.064853638311241,0.6879654004526556,0.3270547,1307.60185921,861.98220638,7.81090031,23.90744555,46.96117956,0.9614166362133538,0.929113511006946,,,2.026437876732697,0.057279101166598886,2.611472602864693,0.05433337653551813,974.9015972972974,441.94862199999994,-0.12614187546431074
1733,material_cable,3,True,1.119579455922237,1.2044277048938397,12.001250829711044,904.9816934174864,5462.240207182365,4.948905680746673,0.6607729889051182,0.13890741,2578.18909544,2040.70928396,21.44101527,27.66007983,102.0683694,0.9070916995881798,0.9467116184325736,,,1.4354927942726694,0.05628414194070745,1.5380381885967414,0.05313332507359683,2163.473965116279,1191.5577653061225,-0.03448606889076947
1734,material_cable,3,True,1.2074074084817472,1.0704267967922814,0.3818632208415823,682.135161103553,6758.26790617196,3.76886586219668,0.8058182046842846,0.04238851,5689.02792529,4466.45381569,34.01308432,91.11810214,281.05355874,0.9268023609756124,0.9002855191355366,,,0.9936818666546401,0.05546948688273329,0.98669512462313,0.05325485276005076,4561.230621739131,2007.079326415094,0.0035279858644500345
1677,material_cable,3,True,1.1719079036051936,0.8815477685968802,12.750139041218633,1184.746025213591,6254.37947711306,4.146655530938267,0.6156162964391593,0.1741519,2657.02968331,2041.21886602,8.68656851,41.1466647,125.60512826,0.9779530678704732,0.9581864501408872,/home/chaoyu/phd_simulation/sensitivity_analysis/data/01677_verts.csv,/home/chaoyu/phd_simulation/sensitivity_analysis/data/01677_stress.csv,1.5585495389604458,0.053814683902396604,1.8228873810798392,0.05367700778371853,2215.767027272727,1051.1185531914891,-0.07817322882848401
1737,material_cable,3,True,1.0898912259370874,0.8948685592138307,80.1776944673848,728.9731249365882,5703.090351235956,4.123606662194812,0.5219183073415278,0.2061419,1479.75057931,1177.10452243,14.96173408,9.38684493,57.74333493,0.9060283919328184,0.923556319986073,,,1.934454638007597,0.05386063216422308,1.7011501853554267,0.05281984854086316,1149.9703045454544,1144.3588222222224,0.06417211550411522
1739,material_cable,3,True,0.9691293217076122,0.8996900924048571,89.15519110652255,1182.0868992038936,2848.1320638165425,3.9593047902047407,0.4694196406176054,0.4396017,1533.97079298,1049.05920307,345.27708238,18.34574228,42.45092452,0.9414688760767452,0.9934419432046612,,,,0.11374490501415162,,0.05276514307436907,1025.0391228571425,1094.8244568627451,
1740,material_cable,3,True,1.3090293401256978,0.8629072913168201,50.247782791384,240.89703612494816,3149.03128955873,3.5387563785060374,0.467872940977057,0.05885134,1274.01731859,1250.79652013,1.78433183,1.18322218,80.49088687,0.953907422253318,0.9954543475758528,,,1.0735651383620752,0.05265210311819656,0.8672665973913631,0.055715925017216214,1251.7200111111113,1237.1763717391304,0.1062938827567276
1741,material_cable,3,True,1.209099081972926,1.302789637131583,19.18317548463927,985.121671933042,2613.5567442807123,3.1752715546641026,0.7366876127819613,0.13622349,2600.85971895,2150.49975277,6.89804599,29.40608744,114.87588371,0.9940745043094192,0.9067494214227674,,,1.4105647390230485,0.05262949954095352,1.488459342847175,0.05330019208049607,2226.5700659090908,1326.678471698113,-0.026869250349198584
1742,material_cable,3,True,1.2315419571784425,1.0991402647634954,39.00635494783695,704.8563780253951,4704.839719504078,3.049320360395643,0.8870957907450319,0.03238686,7036.21828438,6048.89376001,36.55839626,49.33186812,368.83569484,0.9038604317991572,0.9354940833459862,,,0.9172532430898237,0.05319038072294423,0.8360417167267913,0.05379486083067905,6143.67461521739,4707.182440816327,0.046319374791065786
1743,material_cable,3,True,1.247506596021413,1.2261461676128371,63.754772765138576,653.9233503615583,3682.737468495096,4.119901119953566,0.8603588039783219,0.04216873,5169.83540322,4800.73786794,17.02970998,9.3800085,260.77173085,0.942147324345617,0.975519084726531,,,0.9862513851991278,0.05264773218112698,0.8124613539334782,0.055706883552491114,4823.782293333334,4539.865857446809,0.09661911403899684
1744,material_cable,3,True,0.9394604450586516,1.228494817706317,6.08279727185221,493.27403364032045,5893.357732776395,4.335372378359621,0.863407738322997,0.09083386,2360.59357265,1498.81074238,31.62766071,37.14516657,86.81763874,0.9126538055406356,0.9112232002132872,,,1.1800738296592044,0.052662627098850445,2.3212449361133953,0.056974272127505214,1544.2389282608697,712.8481264150944,-0.3259260817980338
1745,material_cable,3,True,0.9628353031768444,0.9681321540378978,68.92981211428177,485.76003562420607,3987.320493232914,3.463591922651218,0.6593753323965454,0.25776059,916.42340925,554.96268738,14.06748153,12.94083447,25.29977592,0.9093822853506472,0.9166495879836172,,,1.943496826697485,0.05497228223101902,2.5058345362207133,0.0549063697873624,559.1534899999999,396.94885740740733,-0.1263870149591209
1746,material_cable,3,True,0.8777483842820272,1.2749347187364553,64.42294398913548,289.1161233316054,4915.373064277857,4.647245642943039,0.748653093562913,0.13351571,1102.3930332,524.63894951,16.37396239,14.70498299,36.43965881,0.9197490171739212,0.9273456823700488,,,1.361960455047901,0.05319268364177845,2.2742106069756485,0.05434852447369131,544.8102555555556,422.46495094339616,-0.2508820779790473
1682,material_cable,3,True,0.9792475709613162,0.8571590826605772,53.53556151256266,633.7319077889276,5137.10611966653,4.451323126212293,0.7998630663894839,0.25283169,1329.22955612,793.88490482,11.71570004,17.57160913,36.85580344,0.9461703200193652,0.9177965048708504,/home/chaoyu/phd_simulation/sensitivity_analysis/data/01682_verts.csv,/home/chaoyu/phd_simulation/sensitivity_analysis/data/01682_stress.csv,1.9015641050952983,0.05511249448823638,2.4338678364980466,0.05792061466296274,822.221630232558,529.9735629629629,-0.12277986105511729
1748,material_cable,3,True,1.2855733404815748,1.3765742829717862,58.33319301843565,214.88187108451223,1460.594507989627,3.1667057794935083,0.7437479061961264,0.04318432,1628.98699172,1476.48797656,9.08937483,5.75746326,81.22506982,0.9125871472860396,0.957265040362922,,,0.9806881538835256,0.05288688108720559,0.8538180961682561,0.05479290391645898,1492.5318108695653,1336.7805734693877,0.06915760451167086
1749,material_cable,3,True,0.8621707487905241,1.309592641503745,52.87986624567209,527.946724927222,7765.356905843491,4.610746768478377,0.7497126302744557,0.14130582,1715.17006401,934.21773864,13.67404724,27.86770798,63.98721587,0.9906471136427828,0.9085714325544436,,,1.4008761742487605,0.051602117242700495,2.8243762896153948,0.057230782996814084,966.7431355555557,921.7296961538461,-0.33690297267226227
1684,material_cable,3,True,0.8953934787255508,1.350774287836999,67.78480766838071,1147.8824754185862,3953.0327639367056,3.7788868193094265,0.6926967205481189,0.23294,1805.59818755,1212.11955302,31.30575512,29.14043271,69.44392297,0.9284441791494222,0.9087302391108952,/home/chaoyu/phd_simulation/sensitivity_analysis/data/01684_verts.csv,/home/chaoyu/phd_simulation/sensitivity_analysis/data/01684_stress.csv,1.7493103103616439,0.055811465428177186,2.1411752584971415,0.053417177586462646,1311.9605,685.5582839285715,-0.10072391767037071
1686,material_cable,3,True,1.318755418013969,1.2110330023180678,18.59772164100721,1035.6726710507087,7964.648152944401,4.764963267965799,0.8752974778810985,0.02251948,15683.98098578,13808.31759876,69.43674259,118.96521736,798.50880418,0.905946075325846,0.939141274680684,/home/chaoyu/phd_simulation/sensitivity_analysis/data/01686_verts.csv,/home/chaoyu/phd_simulation/sensitivity_analysis/data/01686_stress.csv,0.8682859297218672,0.0544358857486415,0.7774551684722661,0.05406060508394731,14016.355389130433,10766.888604,0.0551914036474324
1753,material_cable,3,True,0.8013729085022653,1.26797963304277,77.43325985957671,813.259877122363,6620.402181143206,3.272337795494412,0.4885299497950684,0.24201419,1474.58447892,982.5135877,26.04676387,28.23478834,69.88736016,0.9668753676693984,0.9464657918909644,,,1.7022342744340508,0.05541081033174855,2.655118588283051,0.05350696191221583,1017.861828205128,727.8113807692308,-0.21868422041331143
1754,material_cable,3,True,0.9633217411529004,1.136237805744406,78.5830870786656,308.34900382580804,7355.139271001399,4.722152222932372,0.5697810832931892,0.15595302,780.59967768,493.94148783,7.32176151,11.7858113,29.62208279,0.9944124885158976,0.9287450618726696,,,1.503855813393114,0.05205982027542994,1.847070017303531,0.05301119171582301,508.5134704545455,248.86427450980392,-0.10242369459996796
1691,material_cable,3,True,1.149935514688898,1.2576709939171575,53.72880755067996,205.06087989417983,2539.8744250463706,3.2571369579710288,0.4951443032725687,0.07983404,852.71915478,753.65609317,3.65834124,7.06033543,41.36184673,0.96644857856806,0.9306263526635964,/home/chaoyu/phd_simulation/sensitivity_analysis/data/01691_verts.csv,/home/chaoyu/phd_simulation/sensitivity_analysis/data/01691_stress.csv,1.1658695759436357,0.05264483263713043,1.0893457774262898,0.05432164992609849,761.0121333333332,595.587126923077,0.03393192512768142
1696,material_cable,3,True,0.9698091187442271,1.3932737242933364,3.160641967430017,557.4900756867278,4101.838173693894,3.3253226613613798,0.6973216072650537,0.10857566,1566.22388166,1321.0231219,7.63301347,12.6920405,81.54650408,0.9860968350703015,0.9442329743208668,/home/chaoyu/phd_simulation/sensitivity_analysis/data/01696_verts.csv,/home/chaoyu/phd_simulation/sensitivity_analysis/data/01696_stress.csv,1.2989819529191158,0.05236635271104116,1.2702828701648834,0.05501091825442833,1358.8636933333335,926.8564040816326,0.011170153616077474
1758,material_cable,3,True,1.300488109310686,0.8182473603596683,59.671885792464266,808.5868006911525,7014.4447637847015,3.801459724286518,0.8281333127785176,0.0377456,5659.97747672,5459.73239338,7.84061656,7.70030235,400.48139562,0.965412384654876,0.979816636407078,,,0.9551444472993571,0.05268697426460252,0.7585665029020836,0.05579910651616967,5462.228134090909,5311.976091836735,0.1147089270650727
1759,material_cable,3,True,1.038343623187038,0.8840182772598776,85.49960816784665,267.62089726950774,4207.999644102209,3.384582794866246,0.8415503418906687,0.15284452,834.87273636,546.33552636,12.45985762,5.36033152,28.56625028,0.9054061586129788,0.9643784762097016,,,1.5947343697352558,0.051744779070054425,1.998927976759548,0.054660064754137254,547.3028891304348,410.3018,-0.11247400786513392
1760,material_cable,3,True,1.3599958882856324,1.3912236805990243,2.655058383026337,349.7009937100123,2800.9993201103666,4.7072303469849,0.694623933519434,0.0421127,2874.52099401,2738.00796774,9.53367831,1.67635588,140.02108132,0.9541855712143203,0.9979248477238708,,,0.9834443984024441,0.05315936645850687,0.7839966847104047,0.0555822433573162,2763.9911999999995,2700.5416787234044,0.11284546658877506
1761,material_cable,3,True,1.2867719520792291,0.9375685930221698,5.131341523498127,1157.8084255863428,3651.0989793613376,3.037689308673688,0.7524204645499029,0.11957616,3150.33746419,2522.54533616,14.78219617,52.80883465,174.30007683,0.9490901172238412,0.925878518818728,,,1.3473619426263133,0.05467689860865958,1.457201282078956,0.05348195933962726,2653.148922222222,1357.6791392156863,-0.039164508214709855
1700,material_cable,3,True,0.9205792612403316,1.3990294642334138,29.94311019995352,825.5088751641042,1617.1860564099698,4.9999592806584,0.8782064821085276,0.19625625,1833.56569301,1264.68474557,22.85502743,18.10879651,58.66232903,0.9030428773495268,0.914227006543252,/home/chaoyu/phd_simulation/sensitivity_analysis/data/01700_verts.csv,/home/chaoyu/phd_simulation/sensitivity_analysis/data/01700_stress.csv,1.6602459447772406,0.055027310558064944,1.930471302565416,0.05284899405885152,1347.0840428571428,669.3267363636364,-0.07525665185365353
1763,material_cable,3,True,1.3812102864286582,1.1473732659655551,69.13520042024793,595.0394656253604,6575.425701744092,4.594211136625231,0.5488658849803042,0.04597611,4364.25337032,4189.72617075,14.17528922,3.10401985,234.22220644,0.9244310991727432,0.9926803426044544,,,1.0101349356958191,0.05262267616185465,0.8203208730018039,0.05562044894980402,4196.377175555555,4154.187821276596,0.1036977029393945
1764,material_cable,3,True,1.347904751739062,1.339453333175323,70.8369542406333,508.5830280354536,1853.582336232485,4.581433924332218,0.5963383195577693,0.11945508,1530.53732452,1424.28438668,3.86583741,4.8822343,69.81768301,0.975790066722218,0.9560274658829172,,,1.380376143609508,0.052829254530027486,1.2133889398814044,0.05478200288461069,1429.5634222222222,1346.0257469387755,0.06438023427447714
1765,material_cable,3,True,0.9733617297363492,1.2312091571534396,16.63455237396307,858.7643081679635,7462.26431034602,3.114951085033658,0.7773171857531606,0.10906863,2869.78708038,2036.74764517,33.03456145,42.32452701,122.38977398,0.9342069001181912,0.9076615715618273,,,1.3016107467543363,0.053670253286053834,1.5762889075053539,0.052489167036092604,2127.859035555556,938.7062111111111,-0.09544396738936184
1766,material_cable,3,True,1.1823038275126865,1.0439710541967615,59.25847385944608,1045.7536893943488,5101.875524594116,4.51581555165398,0.5073960781382127,0.19292956,2149.0319292,1849.84325393,8.76521053,11.50568104,87.78946585,0.9574917625159466,0.9673690225833294,,,1.73721411281074,0.053651130806735524,1.5525220437128608,0.05237028987205694,1870.4833545454546,1734.2401918367345,0.056141909353925434
1767,material_cable,3,True,1.173918470859643,0.9752410021342236,67.42655161130854,644.9526390574088,6856.314039181427,4.070378705201707,0.821657123164204,0.05538396,3899.88853806,3455.03098593,8.6751944,19.48619394,204.2261741,0.9746282404914924,0.9153574131448712,,,1.0224253948558306,0.05202244567687304,0.9361815452438339,0.05426961870594138,3473.1776844444444,2818.876723076923,0.04403326050075579
1768,material_cable,3,True,0.8788387635124078,1.2992682198594268,55.13275651934549,298.2543831217073,7339.564386811043,4.318498862986476,0.6563655488600648,0.10677328,1264.92459689,717.76935256,20.87339722,18.67507576,48.94733992,0.9164859014026214,0.9188690910363144,,,1.286001364963649,0.054058195262373064,3.318437817143951,0.06422580540200419,739.4171717391304,780.5639759259258,-0.44140803511492793
1710,material_cable,3,True,1.1057190407857356,1.276148366234754,12.343305550417456,998.8491024992178,2867.5832091313923,3.528490744916212,0.8712710079139594,0.0986445,3642.42400372,2953.66846177,29.96511798,31.89042167,159.08723448,0.9094612259343632,0.9343696678099344,/home/chaoyu/phd_simulation/sensitivity_analysis/data/01710_verts.csv,/home/chaoyu/phd_simulation/sensitivity_analysis/data/01710_stress.csv,1.2563112464281878,0.05474528364344788,1.278984153421283,0.053133667486703756,3063.589219148935,1969.689812,-0.008942905428078034
1703,material_cable,3,True,0.9845549388134892,1.2593302182629045,78.85357300428636,412.81487327053657,2245.3066925981293,4.973208572905061,0.7329911575748965,0.1871929,882.20486416,665.20146944,8.57382165,6.52650302,30.67776893,0.9589208751177528,0.9600689988889712,/home/chaoyu/phd_simulation/sensitivity_analysis/data/01703_verts.csv,/home/chaoyu/phd_simulation/sensitivity_analysis/data/01703_stress.csv,1.627610300055985,0.052721474786064745,1.7092021544144187,0.053034665095467746,692.719628888889,514.885518,-0.024452034830163522
1771,material_cable,3,True,0.924431219672812,0.8129812725665367,49.25330235041695,781.0159929548458,3039.666551600568,4.630713366854332,0.6681036075288331,0.3881145,1174.54568922,738.25921035,10.928009,18.37508736,32.63396121,0.9523424194925344,0.9523907996709122,,,2.224118774712519,0.05711991508518287,2.510405984080987,0.05437850634082247,806.8589307692307,534.5754127659574,-0.06046799287230306
1772,material_cable,3,True,1.0221289847567407,1.3789653034387874,83.8966901307129,958.8514442747506,2427.7622866667843,3.720869643956765,0.5795600557807777,0.26263897,1414.20242179,1059.33074923,17.65604589,16.1524888,45.85184908,0.9583953694144084,0.9468625319280376,,,1.8775586092750938,0.05532440414850525,2.037651318286357,0.05282152655589305,1125.077728205128,859.489056,-0.04088994255053279
1715,material_cable,3,True,1.19600700540785,0.8536115684667054,43.35583123472562,868.0565414576257,5012.869954709818,4.618663099067712,0.6826845872543685,0.13789158,2156.85849297,1856.28163363,6.04683738,16.43591387,113.13746031,0.9384384955899628,0.9438449953957526,/home/chaoyu/phd_simulation/sensitivity_analysis/data/01715_verts.csv,/home/chaoyu/phd_simulation/sensitivity_analysis/data/01715_stress.csv,1.4517463152451706,0.05308150646279285,1.3677281885759265,0.053065836861034096,1903.3946043478259,1550.1100137254903,0.029799214908798936
1774,material_cable,3,True,1.3658874673722368,0.8079483477649979,70.23529424350974,577.9528089214716,3427.4618376129706,3.985249795942559,0.6577495066389583,0.0695133,2210.45389595,2116.06668493,3.44406916,4.89093933,157.40400293,0.9715693843079332,0.9427634067127764,,,1.1334896287454028,0.053357556409215,0.9033164374596309,0.05592314414956698,2113.8831931818186,2047.7629000000002,0.11300692545296147
1775,material_cable,3,True,1.2968018495511513,1.2178439419379363,77.06890757489752,1130.991672504354,5237.027528902751,4.055516161918819,0.6728615047486006,0.09570008,4030.36222757,3752.25177344,5.88980182,13.70052691,197.8602122,0.9953903896918036,0.9396278354678446,,,1.252499147947406,0.05289280199281199,1.1012659347583043,0.05509909053618571,3756.446843181818,3446.03994117647,0.0642516172494391
1726,material_cable,3,True,1.2006649816694863,0.9178348144013844,9.408366922066492,856.4224163378759,2824.471998546229,3.991028162136387,0.4810572487444565,0.23701464,1579.45812224,1133.02671572,8.96233929,32.20645499,70.79852011,0.9474230807521398,0.9192121549944288,/home/chaoyu/phd_simulation/sensitivity_analysis/data/01726_verts.csv,/home/chaoyu/phd_simulation/sensitivity_analysis/data/01726_stress.csv,1.7765706439108728,0.05770381837046563,2.393135285668011,0.053625787506707365,1260.3729631578947,419.70956399999994,-0.14786765593788714
1777,material_cable,3,True,0.8299498908531091,1.161025349052412,79.83822416369036,432.5160436702178,3364.528050842884,3.962336669395055,0.6813235991281239,0.27093997,778.633422,406.77829925,16.37399147,11.95566704,24.58793262,0.9336965874784808,0.9707358125715088,,,1.776845209101364,0.05667305626542495,2.630160841694829,0.054206304855744264,447.36282250000005,231.2232019230769,-0.1936270617189873
1778,material_cable,3,True,0.9456653407018762,1.2555592049864808,47.40662210709655,443.7184218122982,2778.6429880341,4.719671012406527,0.5058626125876096,0.25197544,698.7452144,478.13350681,8.29931845,11.14830027,22.42726526,0.9886236295147828,0.93257020937342,,,1.822555144415507,0.05360959038181203,2.183686481089316,0.052535305668700294,515.1909463414635,311.95523773584904,-0.09014217574265838
1779,material_cable,3,True,1.1543620665885763,1.2605420544409265,43.926835507757744,1007.372388564937,6159.373148112804,4.262405486624695,0.7925595415733537,0.07517054,4744.74330637,4239.39022815,24.86982063,7.69867822,216.54814918,0.9210303967289868,0.9931344496493796,,,1.1441886126789207,0.053078890647237295,0.9917572346725367,0.05586406966958605,4297.702686956522,4052.763829787233,0.07136481395134465
1782,material_cable,3,True,1.0753923852181406,0.9804542547656367,81.91552943749778,581.3036564805138,1644.3648078485949,3.9120128987547145,0.8604188565958044,0.19731639,1167.31273821,893.19161701,10.81696883,4.59926801,42.99233737,0.9357162172461572,0.983266308533802,,,1.7637715246588688,0.052665232981713814,1.6484176178140346,0.05427153643693779,894.5311999999999,811.7102687500001,0.03380642221996936
1783,material_cable,3,True,1.0765927830904645,1.1639932666686994,5.502611249926609,667.1281082262553,4500.733906750183,3.5952298827465974,0.5360758076288511,0.17678003,1447.41237951,1104.77012421,15.0147239,15.18537935,54.53073077,0.943355336947334,0.9736340749522364,,,1.5759289236471963,0.05525923828922826,1.6964614184662559,0.05413461085255626,1210.831356097561,678.4350408163265,-0.03683316542891838
1784,material_cable,3,True,0.974249940070086,1.1067521658775958,82.4609598746114,1178.564114387802,3714.3777886238,4.932674977353665,0.5339170614365056,0.35252149,1714.78192367,1160.13144862,26.58482236,19.99474936,36.39882008,0.9099988628739724,0.9301853552591782,,,2.224542659960953,0.057958201808765424,2.167750645287184,0.053290031527078084,1183.365657894737,1069.4819019607842,0.012929923100971203
1738,material_cable,3,True,1.219860557855846,0.9898808952905868,23.95714360810609,618.6495600582241,7868.358376984221,3.21073953895056,0.8857170191852408,0.0213985,9481.8313859,7674.89726843,50.15884988,114.92380055,507.45753754,0.9024184735386432,0.9239052011896188,/home/chaoyu/phd_simulation/sensitivity_analysis/data/01738_verts.csv,/home/chaoyu/phd_simulation/sensitivity_analysis/data/01738_stress.csv,0.855931570667958,0.05406211530359676,0.8172144207219847,0.053076502341776376,7827.61820909091,4725.477465999999,0.023140329741225735
1787,material_cable,3,True,1.2831698071698834,1.221995538725203,41.47910049892932,400.0088390459092,6942.355284577034,3.622228290592238,0.4849456168681045,0.04203002,3202.95897432,3099.93846048,2.45743797,7.86329081,164.93201613,0.9908455717285932,0.9795808032234868,,,0.9717392443605442,0.05272023937012928,0.7833988130115993,0.05503294147193953,3107.2338244444445,2920.218354166667,0.10730804369368811
1790,material_cable,3,True,1.2810738558853667,0.9708743744912204,71.05462148691295,255.0881450230557,2270.540810310955,4.739489547086651,0.4967054601657644,0.09030356,955.04709209,921.40371402,1.35694519,1.23288838,52.5802843,0.9798931774852488,0.9826083232404462,,,1.246577259106842,0.05290162246973488,1.0156529540125654,0.055597430274691155,918.6075749999999,916.5700127659575,0.10207816328995681
1791,material_cable,3,True,0.8043871784183271,0.8557953415348812,83.72181309855652,612.1422606870972,1292.7831332228425,3.5325203060131987,0.687418107718013,0.50755971,749.85514906,428.34858215,535.82260881,13.80568436,18.42486764,0.932722627033879,0.9420775953005258,,,3.3177050057863355,0.09839271582317007,3.7130436334484087,0.053103202956798955,455.2473529411765,338.6931421052631,-0.05622994761267748
1792,material_cable,3,True,1.1657779362420502,1.068655939297781,78.26037912986169,878.3571610265668,2524.8422092603187,4.440910587017723,0.5995317927064188,0.23937212,1524.06266173,1215.68286806,12.49404348,10.79513322,53.55829811,0.9307853952792516,0.9035681837124974,,,1.9723123119072392,0.05466496430127482,1.7423793749751502,0.052758137371049604,1217.8848600000001,1108.5098436363637,0.061898255982871006
1793,material_cable,3,True,1.0341692616763365,1.067050485185725,41.237939769458514,766.4103233340983,3475.8937625120325,3.316641098542415,0.6779764662274211,0.2268967,1406.69228138,996.87284661,13.2651335,19.75647294,46.79517436,0.946752561524771,0.929585808172008,,,1.7703129607930104,0.055211390087768764,2.1148542373436583,0.05250056273809765,1061.761311904762,544.1904,-0.08868119671037333
1794,material_cable,3,True,0.8796469879065494,1.1572252926043256,8.5659250154006,1076.0802192260817,4999.496235875688,3.349546966848787,0.773490077938221,0.25269441,1880.33488335,1138.43934807,34.52101303,27.63779276,55.4012199,0.9449119908054552,0.9540986213970836,,,1.8281674187112498,0.054937015500753375,2.7817853227662455,0.05293063711685252,1224.6507214285716,667.4777235294117,-0.2068606681094436
1796,material_cable,3,True,1.3608405346686447,0.8664727264459444,81.51431126540906,403.5792525760498,7949.986592208777,4.223252922744842,0.6116485511930202,0.02450873,4654.52788996,4477.5700388,13.52203752,6.9947541,311.36377829,0.9511519643175604,0.944535142993504,,,0.8866091862300668,0.05312761650917729,0.6979523690206371,0.055718952933235456,4484.264427272727,4332.736394117647,0.1190593174397577
1797,material_cable,3,True,0.9131851830407116,1.3534858241501992,38.85142701374,701.2808854410347,4835.070141166547,4.649247057371394,0.5128752965985828,0.21397216,1112.94044957,782.10985601,21.69632992,19.95704313,45.50110871,0.9249973570552774,0.9040333463736054,,,1.733963722389797,0.05516034376212752,2.0500470223939584,0.0532773140124114,818.3118853658535,649.9107517241379,-0.08353129029558942
1798,material_cable,3,True,1.1955979472433655,1.216301754657687,76.13041229524839,793.4870372013654,1104.3161435670345,3.340546961497778,0.6241483989051825,0.29938278,1123.68849354,885.12796949,12.03746544,8.51150891,32.60511178,0.926031552021995,0.9758056622433912,,,2.1140211378524274,0.05691882467360199,1.9453908556492017,0.053260443609268855,897.5119794871795,828.013601923077,0.04154056855356681
1799,material_cable,3,True,0.8129188973056534,1.110823540112924,11.817953680879516,851.420115767664,1441.2384286757942,4.708928153430964,0.7879298090679749,0.42527998,1293.93447375,718.14786904,21.06252595,20.81681567,22.50822515,0.9716943492803236,0.9262627906783104,,,2.0816639694988575,0.058283993910394495,3.2623955496252197,0.052193256445154775,827.7986567567568,354.72573207547174,-0.22094281994821255
1747,material_cable,3,True,1.2395843027610427,1.3805450301103708,23.669804619033005,740.7056206812002,2709.6412043949103,4.596141564728873,0.70835495121276,0.11337649,2347.08700471,2159.25509358,8.60707689,7.39065455,104.5222195,0.9577529713906264,0.9876808109146696,/home/chaoyu/phd_simulation/sensitivity_analysis/data/01747_verts.csv,/home/chaoyu/phd_simulation/sensitivity_analysis/data/01747_stress.csv,1.331013690502085,0.05325128615589086,1.2005437791730267,0.05579425742111667,2210.337071111111,1962.019395744681,0.051537408449906646
1801,material_cable,3,True,1.3058546921334555,1.08865157403952,87.15921441624165,1081.9653565611509,6138.5550452548105,4.226021784925979,0.8664830547999235,0.03752523,8957.63499028,8477.90623171,8.4598478,20.5075152,504.40839303,0.9933467869537188,0.9386342076727734,,,0.9471704234330626,0.05288840026292277,0.779069205934281,0.05492730942692699,8496.455477777778,7710.25076,0.09738000138508561
1750,material_cable,3,True,1.0477430304483142,1.2563987142843294,37.64041988567762,897.8202305448323,7892.289542462312,4.862177023476725,0.8451420524874814,0.06757452,5304.57907107,4124.48200733,17.23975988,57.49938293,219.82796666,0.9704488290839604,0.9023756996206928,/home/chaoyu/phd_simulation/sensitivity_analysis/data/01750_verts.csv,/home/chaoyu/phd_simulation/sensitivity_analysis/data/01750_stress.csv,1.0688176491662205,0.05155449134085451,1.1430854592103012,0.052948960240729516,4198.264997777777,1992.6690849056604,-0.033576430071835923
1803,material_cable,3,True,1.020919886966415,1.0779932254124498,88.31386670835151,440.86036718171664,7643.125289435784,4.090546020734856,0.6838349540919115,0.1224043,1480.00426113,1021.73522445,22.21102124,9.57937897,53.09098897,0.9116425082144088,0.9575712314211112,,,1.4039845703865013,0.05266931531642914,1.4155650575778447,0.054359095129236104,1046.4525911111111,800.8909059999999,-0.00410721168958614
1805,material_cable,3,True,1.3920365720774044,0.9581310092407068,8.104169075014928,392.3282740802976,2087.743249524189,3.812393402133304,0.8414338464344531,0.03678986,2912.23069385,2832.61363007,5.83915186,2.36336694,194.76106255,0.9689607421006324,0.998086129401131,,,0.9522111354168329,0.052829757192625636,0.7476397348933407,0.05525601208942978,2854.6294844444446,2787.5323829787235,0.12034667516813628
1755,material_cable,3,True,1.3885410950608137,0.9238324747887846,48.18446772811349,945.5435756625134,7538.273176948963,3.013426485225687,0.8524438645138742,0.02318137,10913.76314063,10279.29729172,23.78317582,27.9075677,742.25100478,0.940722549049053,0.9712631667937528,/home/chaoyu/phd_simulation/sensitivity_analysis/data/01755_verts.csv,/home/chaoyu/phd_simulation/sensitivity_analysis/data/01755_stress.csv,0.8817086120131671,0.05278519010756226,0.6987672564061751,0.05605173742678955,10302.943573333334,9715.84305625,0.11575080598348801
1807,material_cable,3,True,0.9062977733792692,0.914002641557653,84.5423658367952,721.823193595491,4159.490541125886,4.132595159153432,0.6124498765608594,0.35066138,1135.03754368,679.72631767,104.83265321,18.32316015,25.66893039,0.9004979324199406,0.9377201386865728,,,2.4376233389870174,0.056957189137245554,2.791581440461819,0.05228647832452289,689.6707368421053,589.7721359999999,-0.06768870533926748
1808,material_cable,3,True,1.025195022735274,0.9165974092205824,63.926869495770674,536.380326472155,5427.368217283304,3.6776524390398393,0.8907535230452281,0.15629342,1528.05202319,1004.93023406,16.53564069,13.37787107,53.50285724,0.9255568120182668,0.948092027529446,,,1.5486724875283793,0.052073809132339104,1.7869692496774519,0.05331252496879046,1004.828059090909,639.844143137255,-0.07143955524093147
1809,material_cable,3,True,1.364400921394119,1.0379014567051,69.08958123698845,418.03400525867903,6103.419625754705,4.827523281584881,0.478205608940104,0.04217491,3263.07752865,3189.99225236,6.89022235,4.0617125,185.91791366,0.9498132139853476,0.9738193896567242,,,0.9820500204807843,0.05270315378379034,0.7903788516234154,0.056281985782660006,3192.853288888888,3136.695177083333,0.10814040093457737
1810,material_cable,3,True,1.0488601410420069,1.109679470592082,56.45675928610314,589.6166542584403,2372.856702800577,4.178520037995668,0.5427533139983585,0.27092955,958.8946405,713.02806401,10.00709998,9.73070735,27.47933461,0.9176517463220644,0.9625687679460696,,,1.9892788146607912,0.0574001579864025,2.0213697173927945,0.0523562757997896,742.7895925,587.2416352941177,-0.008001424825817812
1811,material_cable,3,True,1.147774881808574,0.9271102324500522,49.72247591295117,910.8740947179584,6610.321468597544,4.888492660914251,0.6517783878425328,0.15049594,2217.23057774,1966.08680199,7.01487534,8.18618695,104.03896915,0.9521060027366706,0.990132645145694,,,1.5226305909368312,0.052984198020171555,1.3641258938684806,0.054095825195533465,2002.7337377777778,1852.0450695652173,0.05490753996835325
1812,material_cable,3,True,1.0006941509585676,1.0947989373134497,36.38898912700333,715.2636040762231,7118.38144155509,4.37638535011497,0.585942796245036,0.19886721,1513.84700587,1041.32662214,16.37386829,21.59920425,50.18883837,0.9374173771426392,0.9521977441841132,,,1.6680731943253895,0.054981018828590904,2.000321266638425,0.05251166505126515,1113.8473142857142,560.8330259999999,-0.09057043233724177
1757,material_cable,3,True,1.2935666347178651,0.99543187029382,52.50582886000817,815.094390347922,1299.9615005275489,4.347416396072175,0.7933940318527928,0.18105779,1536.61961072,1332.86419752,3.0343076,9.38868334,75.40711923,0.9897254477223532,0.943222889767433,/home/chaoyu/phd_simulation/sensitivity_analysis/data/01757_verts.csv,/home/chaoyu/phd_simulation/sensitivity_analysis/data/01757_stress.csv,1.6534088752977696,0.053014657350659064,1.5145792215231637,0.05257516597774528,1359.7773577777778,1170.322262745098,0.0438226563773775
1756,material_cable,3,True,0.8186017143878833,1.25336046193645,15.890339762893747,867.2300824606817,4737.569239429123,3.516860649789572,0.8616293576150227,0.20369939,1721.61878752,1035.69631938,30.7146896,16.16656814,60.77860332,0.9699724583003654,0.980605886840915,/home/chaoyu/phd_simulation/sensitivity_analysis/data/01756_verts.csv,/home/chaoyu/phd_simulation/sensitivity_analysis/data/01756_stress.csv,1.7285167467699585,0.05334232539119522,1.9734115681532973,0.05399738202312249,1107.015469767442,668.7122510204081,-0.06615331269277042
1815,material_cable,3,True,1.0327625092885344,1.351061229622877,59.208316856945785,1004.4503369754972,3517.3644996744,4.16487419951506,0.8332149630497137,0.12712886,2890.73199695,2431.52516487,10.43936163,22.68410245,123.08182513,0.98956575059087,0.9318622262617536,,,1.3720815763061567,0.05238720385318399,1.4038171392740073,0.05384781877532089,2488.6463177777778,1703.2257173076925,-0.011432536349301881
1816,material_cable,3,True,0.9999443948826696,1.0039789211169146,38.50199569493056,722.9788063678451,6478.296780099076,4.249165070238489,0.6632995941692621,0.21476788,1591.36642083,1011.96278099,16.76919345,26.43368973,49.22326505,0.9156271623861836,0.9229966429388896,,,1.718162341272441,0.05608914325942312,2.3006757570357133,0.0539163925849376,1077.0089725,530.3066454545453,-0.14494572847025067
1770,material_cable,3,True,1.2999646936315112,1.307321236446059,40.389099668161,1175.7505925107234,1712.56428949413,4.585801640005109,0.8461400403371337,0.13239736,3218.42783847,2853.12991336,5.17470893,21.73668096,144.53270017,0.9937786224007168,0.9308875316898544,/home/chaoyu/phd_simulation/sensitivity_analysis/data/01770_verts.csv,/home/chaoyu/phd_simulation/sensitivity_analysis/data/01770_stress.csv,1.4094238547745506,0.052749376743501296,1.3637015984031409,0.054142661594648714,2904.709088636364,2287.1539529411766,0.016487626378033894
1762,material_cable,3,True,1.2772715712979206,1.130829137627566,67.11426425037331,234.1653909002717,7356.178514611479,3.5514509690667766,0.5261208273735867,0.02276039,3447.88095616,3193.4562502,11.97623418,18.70610593,178.67633183,0.9480070211300786,0.9043118934075762,/home/chaoyu/phd_simulation/sensitivity_analysis/data/01762_verts.csv,/home/chaoyu/phd_simulation/sensitivity_analysis/data/01762_stress.csv,0.8567644217068766,0.05230627267841483,0.74367523931935,0.054201129862957526,3210.8813934782615,2826.8203,0.07066132209883633
1769,material_cable,3,True,0.9656695975243194,1.366325112025082,76.39339666557275,637.4442322290379,7441.763031190118,3.1379106728842068,0.6705553134735706,0.08442256,2064.14262005,1909.44108031,6.4026321,8.86469439,123.40810013,0.9950282335531604,0.9859072261684454,/home/chaoyu/phd_simulation/sensitivity_analysis/data/01769_verts.csv,/home/chaoyu/phd_simulation/sensitivity_analysis/data/01769_stress.csv,1.1816452579219165,0.05251947254056445,1.0291301648795048,0.0551682920125044,1942.2780636363639,1707.9500875,0.06898714879377013
1820,material_cable,3,True,1.054907540454001,1.13879783409892,7.884316042506958,486.25800836921695,3802.257613044853,3.52313100519845,0.4613723707068026,0.19379576,978.72592637,730.05813721,9.42351523,11.74987012,35.32882196,0.9687342825636333,0.9782582027541666,,,1.6492174700350355,0.05530774838697981,1.8057388825422578,0.05410210313750564,807.099565116279,412.84311875000003,-0.045303441356201804
1821,material_cable,3,True,1.1062264091164342,1.218915395981442,61.48014630052177,924.3942280759654,2257.4916286231164,3.881501245756094,0.5603082219159894,0.28613134,1392.60043255,1102.14586119,10.08946789,10.40888955,39.24126475,0.99986734354957,0.999506994741886,,,1.9955276451216333,0.05455533319574775,1.9448532961659155,0.05250369464503618,1137.05607,991.7176673913043,0.012860266484579927
1822,material_cable,3,True,1.1879025235961356,1.1215489431413523,62.10704836827051,598.6199250282209,5586.1383467944,3.5057084845344755,0.6951976720898785,0.07090258,2893.27196,2522.14962286,17.43260675,19.26767732,140.29547701,0.9129161759385952,0.9148127827258308,,,1.119145582313639,0.052414699920061966,1.0692422110284132,0.053037061317252034,2549.1793282608696,2033.4566603773587,0.022803714879534445
1823,material_cable,3,True,0.8105416489105787,1.227276639261297,65.99266757889835,1120.5738144834695,1198.997935374945,3.8420791087142097,0.6282775006930486,0.52011563,1331.22404306,793.14387636,77.38808269,302.94226452,35.26427332,0.9273619763397014,0.9353846730648852,,,1.9884097552117048,0.059457989276211626,2.7594245594346303,0.07991225903898526,898.06364375,590.611192,-0.16239294657870937
1824,material_cable,3,True,0.9166442494955928,1.0852120590138143,59.80537685507939,597.2171549638639,3965.210837444517,4.78414682206852,0.8726959832995029,0.21727258,1314.66113667,800.71297863,19.66106713,10.99898111,38.29204365,0.909628237753856,0.9939664662628508,,,1.7218021612533192,0.05475355577465872,1.9775612544300618,0.05437962537349676,840.0354424999999,486.46291020408165,-0.0691359740685267
1773,material_cable,3,True,1.3667621853488847,1.2326426097586485,61.21878823419115,890.9837806092289,4767.423499352887,3.743701336846361,0.4738976684209172,0.0985824,3131.96645528,2868.84794902,12.81691229,18.36855804,152.74111793,0.929765122963382,0.9093304024860764,/home/chaoyu/phd_simulation/sensitivity_analysis/data/01773_verts.csv,/home/chaoyu/phd_simulation/sensitivity_analysis/data/01773_stress.csv,1.2653322287166124,0.052815170828784654,1.1574533707002934,0.05346791149235218,2887.696193478261,2576.31028490566,0.04452678686974297
1826,material_cable,3,True,1.1278921557488233,0.932366044253092,62.36976675705126,1180.5486957828657,5783.849774539275,3.794649187801258,0.581222893322296,0.2139184,2212.82963336,1765.18694686,13.63848422,18.34436183,87.35676944,0.933579275777506,0.9190063027316434,,,1.8541425329890926,0.05462955968253065,1.6996658787872467,0.05197190139182577,1787.0985477272727,1568.9404296296295,0.043467918442072706
1781,material_cable,3,True,1.1121168190614,1.3185352452565948,47.786904361832526,1197.8261305616554,4047.8065819643502,3.659127563809326,0.7289298182618082,0.15016316,2850.36326259,2409.46514117,18.60325122,21.98857764,119.80918719,0.9489423930967672,0.9425232984551548,/home/chaoyu/phd_simulation/sensitivity_analysis/data/01781_verts.csv,/home/chaoyu/phd_simulation/sensitivity_analysis/data/01781_stress.csv,1.4759001589011609,0.0529477899808679,1.5041256184172342,0.05314259225010189,2488.963982222222,1831.2866673469389,-0.009471548780182805
1828,material_cable,3,True,0.9142431392820928,1.062588228325632,63.59701438661684,227.58539413611007,6278.17677153266,4.884615415458952,0.5574643625280674,0.21997545,580.4861661,299.97139743,8.32358494,11.59509053,16.61418716,0.9846518177802952,0.9083814056897572,,,1.950889491143245,0.05155397556615512,5.16273932390428,0.055749000935043494,307.4746023255814,285.99933703703704,-0.4515065258911146
1829,material_cable,3,True,0.8874046903876442,1.3036542139884617,68.33192663426391,830.063331235032,3384.364388025608,3.286687541250437,0.7395865445018688,0.21192725,1341.00050287,966.0076202,17.71761331,16.22615756,55.68011755,0.983371965708662,0.9665949198969428,,,1.6938172590516132,0.054442272874648964,1.9092390620364506,0.053578613106385245,1058.444930952381,617.5538204081632,-0.05978863048129748
1830,material_cable,3,True,1.2823196039171203,1.3382327634869138,39.54594785498478,800.1271965960414,7243.159225380803,3.9399698142745994,0.8253792328123372,0.02554596,10507.28957749,9639.45467591,32.96337167,54.20584653,525.44358791,0.9439115330099552,0.9416146295086436,,,0.8747116093552101,0.05231790360596281,0.7574413526613474,0.054860059074922064,9709.903434782607,8120.272146,0.07185004066590239
1831,material_cable,3,True,0.9775576851813336,0.8284065081897142,73.61198105746912,634.7098010320626,2983.872813513992,3.0199743908621555,0.5715677346252459,0.34049306,936.24942905,636.61839892,11.31109148,11.83647048,27.52737833,0.9882062839070928,0.9114744035510848,,,2.3519052256468407,0.05714324687271628,2.251329807917953,0.05368504120496225,615.7157648648649,589.2897563636363,0.02184885564076899
1833,material_cable,3,True,0.8162465666908718,1.2712888437758525,40.82886182047822,1137.025572217579,6303.212314374296,3.109245844748261,0.8796329453235393,0.16997898,2533.55963215,1551.24621797,47.96127901,31.33661238,101.35035814,0.9662233891431592,0.950699229062978,,,1.5505172837502135,0.052977592743101404,2.119879065704181,0.05443634657725602,1648.8903933333333,947.7590020408162,-0.15512269731812564
1834,material_cable,3,True,1.2187581154072424,1.3696268572090986,19.46531355749076,522.8113649022474,7973.0349064228785,4.363797516595109,0.7458922408169804,0.02671545,6766.04367029,6256.03704187,30.56802297,10.91133699,322.10865328,0.932298630038052,0.988495645165918,,,0.9071343661572341,0.05358763788662773,0.7216398801232059,0.056097867668743355,6318.084917391302,5960.8171212765965,0.11388593996843563
1835,material_cable,3,True,1.053769717357249,0.8901678482857461,51.9547874301264,807.1211642757104,6908.613097562838,3.784486929039796,0.7625789297176979,0.18479631,1739.93097916,1340.91785984,15.78306121,10.13920375,66.7612136,0.9016197037076604,0.9964072144968276,,,1.70379006155496,0.05556554882054124,1.605408487806131,0.054002830844770804,1378.0389204545454,1186.4480212765957,0.029729728295639295
1785,material_cable,3,True,1.2795534412034548,1.1243806240014589,10.950169756860108,364.05579895922745,4089.5798935999865,4.913509610435288,0.5912823289247605,0.05735646,2285.25432384,2025.170349,9.86121215,18.95609911,113.80088665,0.927853278016178,0.9533757464554744,/home/chaoyu/phd_simulation/sensitivity_analysis/data/01785_verts.csv,/home/chaoyu/phd_simulation/sensitivity_analysis/data/01785_stress.csv,1.0481204974489706,0.05397185330974363,0.9599680367853536,0.05484968662606495,2059.553897826087,1531.8694571428573,0.04389869229407717
1837,material_cable,3,True,0.873469713369476,0.9228380133602078,88.73382598501419,1119.4933624808525,6236.105100221291,3.693560706856716,0.4596706159203664,0.39132345,1564.17494729,977.52577475,223.48531874,34.96995523,35.80448962,0.9063391813679336,0.9110978296143886,,,2.314425730922685,0.05841634962602126,2.7099110397062574,0.055098575619898706,1010.5575666666665,961.7598886792455,-0.07871393316934562
1838,material_cable,3,True,1.063331051465518,0.9551998688584026,57.72046518941352,428.9831066679824,1998.8971134308065,3.824520134856234,0.6722104327478391,0.2407293,742.34266952,575.5519611,5.12746363,5.13280502,25.51004065,0.9609663800152156,0.9897246074524858,,,1.9068018898721733,0.05451950518217593,1.8101403749360645,0.05272946012746451,590.585788372093,512.4191595744682,0.02600565412363101
1839,material_cable,3,True,1.2886810171771947,0.8243029197356888,57.90084425307285,375.8083639842365,1161.2957027082175,3.100783521214767,0.7006167512273291,0.1497803,740.43200142,666.66783008,2.23778304,3.12165409,45.1487935,0.9410870153234056,0.9663939538603732,,,1.5482544420989668,0.0532451984303201,1.3302160733126704,0.0531436496438533,671.2507733333333,635.6149260000001,0.07574799450572647
1840,material_cable,3,True,0.9973762381992396,1.1725754613687478,18.127817994112323,1125.1025619685274,2919.1923971050155,3.798976229786304,0.8657002378747393,0.18878324,2555.71406457,1718.01267993,29.99038836,37.96386131,87.59163278,0.9019779883379282,0.902931185573266,,,1.6071689607853914,0.05599909843176719,2.1122844048492313,0.05297728160112946,1844.9388499999998,615.2347410714285,-0.135803677156107
1841,material_cable,3,True,0.8400798501080576,0.985038138627478,8.063208913186736,662.7782074001458,6922.028354059269,4.150135401810871,0.5707102734967193,0.33714678,1273.7974974,651.55350173,23.86518586,25.62008403,24.36544429,0.9651641132058636,0.961334935040037,,,1.9687642126997096,0.05691450640350856,5.613699277619247,0.06321828252700994,643.8373692307694,754.6779870370372,-0.48070591695868664
1843,material_cable,3,True,0.869463607242239,1.0740883391504272,76.89443986460431,296.08194520445943,6462.657221900446,4.390070256782927,0.4572432140355227,0.25586834,707.45982695,373.75231583,12.3495654,11.85653266,20.52293372,0.975479306113934,0.962947113394869,,,2.8989863159729703,0.05401502648949062,2.881823771663089,0.05363745375893553,399.05251499999997,252.10029199999997,0.0029688822240655503
1844,material_cable,3,True,1.399771975365676,0.8312714075962465,24.696107871256764,955.1475677277328,3260.377485826751,3.733043167861797,0.6233798574012054,0.10834484,2623.32574546,2231.56226285,1.88187954,32.34329545,171.44661351,0.9925519771847324,0.9314518385129064,,,1.3110973954479188,0.05280796848229025,1.243027963329873,0.05376295492598381,2268.828577272727,1668.909725490196,0.02665077964325859
1845,material_cable,3,True,1.230133458998539,1.0044847064884217,4.193888229306579,551.0249779561825,4978.474036209269,3.5966211676141784,0.6695511868045907,0.07559854,2408.87869011,2168.52637085,14.08119069,11.92843006,127.52137908,0.9339673742330924,0.9848238068441424,,,1.1330688992669222,0.0542643466358673,1.0233545904494645,0.055449644564804196,2236.6781152173908,1882.4746760869564,0.05087790470687525
1786,material_cable,3,True,1.330572092497214,1.2499714398257538,89.57388154021069,1011.8013995034984,5396.529075568322,3.7446759359477566,0.6090855236363469,0.08364686,4161.83835162,3719.34078495,27.47600349,15.25359692,198.64606169,0.921968446207226,0.9269513103197714,/home/chaoyu/phd_simulation/sensitivity_analysis/data/01786_verts.csv,/home/chaoyu/phd_simulation/sensitivity_analysis/data/01786_stress.csv,1.21396356008175,0.05305594648062094,1.0749865441799114,0.053784017626118265,3759.272017777778,3454.1287,0.060716489906479626
1847,material_cable,3,True,1.2663684936699946,0.9342145296860704,14.670597446352772,496.6183337436045,3782.7671033628217,3.930612987869116,0.5365478000057778,0.10074774,1734.49670888,1495.11134022,4.82996643,18.15940175,93.2964152,0.95680724217646,0.9578406767026753,,,1.27497807206349,0.0534034204139234,1.2179328942722902,0.0546660051152379,1536.3600840909091,1083.63690625,0.022882958341287236
1848,material_cable,3,True,1.1991151963115831,1.26219568266924,79.27753060601395,841.0546420181297,5296.057009031635,4.965297382673571,0.7341001761677934,0.0824878,3657.93455968,3357.83286951,12.61880172,11.43208279,167.56673642,0.9629866890799526,0.9513764456704638,,,1.1896916629325085,0.05259898782426106,1.0538679135204212,0.05482932196103584,3377.380895555555,3049.922534693878,0.060539399460398914
1849,material_cable,3,True,0.8944564033042508,1.0914016603407548,44.68451167130405,1191.7213125206656,4036.116982153448,3.941052931875197,0.8711740475106519,0.26573899,2190.81844705,1314.02458003,32.75935346,28.49706319,59.96295473,0.9445439752179292,0.9654114274727252,,,1.8336606590104014,0.05522666733250971,2.741936389775712,0.05376597334262793,1404.9780804878048,587.5878096153847,-0.198504309072905
1850,material_cable,3,True,1.1336755349705836,1.3432760279729323,36.78697548869089,759.8849160724934,5480.473405240226,3.54582960922699,0.8188261923590245,0.04878368,5316.53031588,4693.39454385,6.94014679,40.80923708,258.00151351,0.9910812944527796,0.9241372671413568,,,0.9954020429958259,0.05249396867154324,0.9116591642146428,0.05428749788559706,4725.711047727273,3367.6681274509797,0.04391200369686983
1851,material_cable,3,True,1.2014571421205371,0.8444880966578885,62.87359714132684,968.4741375154256,5226.679506537414,3.2127470572618697,0.5858310561297827,0.16294729,2036.92364309,1764.92369461,7.33741897,13.20863508,105.09832334,0.9590310869290688,0.91642696232591,,,1.6295041320693673,0.053334268155496356,1.3900182818504865,0.05252829406627422,1772.3741108695654,1636.6663358490562,0.07931249296738534
1852,material_cable,3,True,1.3373717084451977,1.0279349062840066,78.40637420421518,921.6363062381486,7297.03470548816,3.702435128415813,0.5622882095549592,0.07082323,4176.26757012,3958.38493001,17.99290256,5.7506235,234.73427493,0.9290830339921616,0.9781886121251322,,,1.1459816931553648,0.05268639492440789,0.9556576147541338,0.05514977141517103,3963.223539999999,3898.5039208333333,0.0905598204625067
1853,material_cable,3,True,0.987327207985822,0.8507444264843341,30.446464445256645,822.9642764907505,5851.888306012542,3.1568745266359604,0.5249850729777942,0.29548999,1568.85926606,957.72868775,15.70816807,34.76122812,48.47480991,0.9074849444734931,0.9170184922657048,,,1.9278973252106486,0.05595061167723585,4.1685140834005505,0.05646285917785902,1016.7687804878047,606.850088,-0.3675304384846837
1800,material_cable,3,True,1.2630528217775443,1.292135693361063,58.058745261487495,1140.2850122965183,2289.1735756232374,3.0718836662479543,0.8532436355897077,0.09365104,4034.5605699,3590.63478731,23.84105868,12.733618,194.96226748,0.9084821333692136,0.9702858548637964,/home/chaoyu/phd_simulation/sensitivity_analysis/data/01800_verts.csv,/home/chaoyu/phd_simulation/sensitivity_analysis/data/01800_stress.csv,1.240535339123155,0.053240179275323415,1.1258156745694372,0.05443481363019014,3645.2152913043474,3296.151048979592,0.048479563636124545
1856,material_cable,3,True,1.1229329546756648,0.9384135593370212,45.8188268990403,272.7365909948572,4277.762405293446,4.265342307080338,0.5893228804054611,0.11031897,915.81850068,833.00182263,2.52376095,3.50876352,43.54474102,0.9697339017460536,0.986017043407086,,,1.3279012744321328,0.05288735459095139,1.1743304737614324,0.055859692951320705,845.6994422222224,771.2114404255318,0.061373532160467426
1857,material_cable,3,True,0.8440173333995357,1.384828006989896,10.998191226779143,972.4879982480844,7246.214730206627,3.9547800845086014,0.7939513576936068,0.14093175,2099.40691732,1604.35975222,21.31151136,11.84020121,108.03692072,0.980575650688261,0.9828461764474258,,,1.4667934036901762,0.05243622330420977,1.4102089898208852,0.0555526097361105,1665.7593977777776,1275.8283425531915,0.01966783691140279
1795,material_cable,3,True,1.2236087898781367,0.9740517130909684,28.52335110904176,225.1454553472876,1081.0538291585044,4.4771527745518735,0.7808571443453134,0.10177291,771.60432304,648.87969666,0.80040179,7.48705734,39.28538765,0.9949015524708008,0.9401736249938928,/home/chaoyu/phd_simulation/sensitivity_analysis/data/01795_verts.csv,/home/chaoyu/phd_simulation/sensitivity_analysis/data/01795_stress.csv,1.24660323154099,0.05216244768041088,1.2209783278037012,0.05435930952847583,662.7260777777778,466.3789274509805,0.010384622806183559
1802,material_cable,3,True,0.959425246367804,1.2428925989054194,36.70183682662139,437.14044887430407,1984.5316570251696,4.0452258974252935,0.8065002118639386,0.17794561,983.03946651,701.32117603,8.07687442,12.48261381,35.84428762,0.975080620497162,0.924930750930238,/home/chaoyu/phd_simulation/sensitivity_analysis/data/01802_verts.csv,/home/chaoyu/phd_simulation/sensitivity_analysis/data/01802_stress.csv,1.5483113436328169,0.052333879045442455,1.9148161754351571,0.05239990155340726,747.2437422222221,310.3985923076923,-0.10583059092810337
1804,material_cable,3,True,1.0402464379530174,0.8347221817205931,25.280798907213047,562.253311215343,6188.299050393956,4.216297046081383,0.545447499088367,0.22266896,1309.97102547,875.19962986,5.25497774,24.26668155,47.9326941,0.9975975870934886,0.9589342630035876,/home/chaoyu/phd_simulation/sensitivity_analysis/data/01804_verts.csv,/home/chaoyu/phd_simulation/sensitivity_analysis/data/01804_stress.csv,1.702200277459193,0.053506291985162144,2.4292428954225715,0.0538420801488594,951.4838465116277,446.9030673469388,-0.1759778817086456
1863,material_cable,3,True,1.3196605988807453,0.9509000196506188,38.08889458288572,799.6471008842524,5113.636164366267,3.2422899724527348,0.479892700895332,0.10537196,2462.43510875,2335.47532578,6.94447636,8.09161777,141.81714579,0.928327289127122,0.988285412253442,,,1.3182790509059465,0.05371076076802715,1.1454630441374827,0.054804469997263225,2362.2760466666664,2194.896534782609,0.07014370827049476
1864,material_cable,3,True,1.3503624032199395,0.8725205923630589,15.488694107581647,743.6321376505421,3933.3606169603754,4.350506075848992,0.4599470488805902,0.11158871,2244.52774473,1941.62686536,8.18611659,25.95337334,134.00609938,0.9151487241136244,0.9511149256931644,,,1.3621577027145855,0.055518436835265465,1.2778330232329933,0.05298273603949555,1987.7025727272726,1432.0355860000002,0.03194127867677463
1865,material_cable,3,True,1.092940777643085,1.3204706906985533,1.5196343680705269,261.78536915686266,5373.103418394587,4.302733596517342,0.8152052477095066,0.0231669,4014.06648656,3412.10490773,21.49166972,35.52201492,185.51779718,0.9455985781810062,0.929799456045102,,,0.8742717620195511,0.053074399580731395,0.7773540991503955,0.054397003536096056,3492.7142599999997,2195.0321719999997,0.058680155807504096
1866,material_cable,3,True,0.8336857360270628,1.374020871634723,21.30142021794973,1001.4197683909746,7314.714009758384,3.4491195881785432,0.4915768527078129,0.19972391,1812.53603633,1232.82615579,40.53081322,14.23442776,83.04414441,0.9032893589151292,0.976742529119046,,,1.8049336156000322,0.05446036025211942,1.707853335130314,0.05524932831164538,1260.2137232558139,1344.1366259999998,0.02763625629204018
1867,material_cable,3,True,0.8174718562549574,1.2391898763118605,34.18931251958409,1102.7294095064092,6444.099716421824,3.034272990719987,0.8158726126181426,0.20738449,1990.57627816,1233.27828651,44.06293327,16.70206896,75.69139646,0.9639402684539592,0.9973507572239432,,,1.7305961359202648,0.05391571997240734,1.8253046318645978,0.055084591267211776,1326.7860860465116,958.4616877551019,-0.026634178546925905
1868,material_cable,3,True,0.8273760710474349,0.8100636911490927,6.289318630149485,931.744190582523,1276.0069807717728,4.288012281727534,0.8338758458451532,0.50070038,1472.48438759,752.64822485,55.70156357,63.230229,37.42100725,0.9983755251675674,0.9534973052621374,,,,0.05564042592564632,,0.1525436053255299,915.2262714285714,355.7531239130435,
1869,material_cable,3,True,1.1851215896786054,1.0237166869376302,86.0891956260056,664.5759804435688,5832.817081299702,3.3587308688972333,0.8473440281254392,0.04913351,4311.72869841,3943.45335377,13.22786179,12.77067064,232.15152649,0.9734049440504866,0.9509280950742494,,,1.0127543484215649,0.052447625931876955,0.8738947458976876,0.0554148704287513,3959.4802568181813,3458.4578469387748,0.07360118155622422
1870,material_cable,3,True,0.865050103052954,0.931955973104972,56.06156968055405,353.64428792621686,3343.7343355434914,3.225210422394011,0.6140318795263899,0.33260329,564.91502296,332.294084,12.30951453,12.17239909,14.58479979,0.9006236419915576,0.9497951764391248,,,2.0823247147850314,0.0571513541790412,4.552232339052864,0.05637093321359394,340.51261999999997,286.44554423076926,-0.3722792048097716
1871,material_cable,3,True,1.057531245962046,1.3572827031022237,84.90886019639888,776.3100557394677,1240.8443402687062,3.076122251993925,0.5130631598485542,0.33689069,977.15750964,714.31281834,14.800658,10.73929279,24.6364314,0.9547130704838158,0.9983463709568272,,,2.0570314671993963,0.057482845992184076,2.1774890645375633,0.05368637921605225,762.2556432432432,654.4466411764705,-0.028446572979245046
1872,material_cable,3,True,1.1873533410696355,1.1863926574617552,27.960422080320168,994.836264505074,3237.290144453464,3.6517070180855487,0.5150171804767536,0.21376109,1908.6409808,1470.13502468,14.42738451,25.13372947,70.01326527,0.915983110743958,0.92235851689113,,,1.7422983285883926,0.05726285301282857,1.9403338194962254,0.05219352180944194,1567.7519625,884.7890230769231,-0.05377552873719235
1873,material_cable,3,True,0.821463747729393,1.182831707456926,88.83168891327585,277.7843384292426,1563.227332430436,3.1270903221564104,0.7588138297146851,0.25464054,615.84721169,270.67846183,8.26151865,10.88791405,18.09348177,0.9817663600159622,0.9063122052913736,,,1.7405106400331878,0.05430592917327588,3.4704986302407366,0.05486775312709193,288.19458,140.12880714285714,-0.3319871258100083
1874,material_cable,3,True,0.8306498496181537,1.0350099838756903,73.30922556433869,992.8455658589994,1683.7654246346506,3.366538709550892,0.5185409520344221,0.52415277,1181.98041516,709.89434358,27.36263662,22.86300253,27.04724362,0.9287460665605852,0.9699047314994178,,,2.1754325240690657,0.0817364806489553,2.6496162297483865,0.06376500383508997,775.0071411764706,628.3341720000001,-0.09827542266887129
1806,material_cable,3,True,1.25244341004064,1.1668396627302404,28.9457238239304,565.1805560370658,1665.4344259340096,3.216876239902796,0.8379777193519431,0.08750484,2060.40764357,1902.46768849,6.14386448,8.80569544,107.39736456,0.9613106136112792,0.9756192406809288,/home/chaoyu/phd_simulation/sensitivity_analysis/data/01806_verts.csv,/home/chaoyu/phd_simulation/sensitivity_analysis/data/01806_stress.csv,1.2051044093079855,0.052893701217440345,1.0756025652511947,0.0554252556965865,1933.5397977777777,1680.9877479166669,0.05678144781480363
1876,material_cable,3,True,1.0420038612336302,1.3618839837062928,18.18322720023568,938.4768196067776,1386.1755333872277,4.43750258907084,0.7041025162504071,0.30377952,1424.98146021,1022.15710212,17.91573113,16.79374963,36.35968189,0.9149134102889506,0.9446578058891556,,,1.9727328512243658,0.058189067212510596,2.263456559470785,0.05427166791019911,1128.1906000000001,619.247341509434,-0.06862859047624878
1877,material_cable,3,True,0.8678917335125763,1.32818267579698,10.36504542211368,1144.7120421577474,4875.666271994327,3.0957266077302394,0.6330880709649431,0.22842789,1767.49029806,1186.0705684,34.9723256,17.52798509,69.32844476,0.9109452524620988,0.9618780515510904,,,1.8649630889929811,0.05468745425248107,1.9082441645292676,0.054497780929875506,1242.106075609756,957.6702627450981,-0.011470632973018919
1878,material_cable,3,True,1.2436204032331548,1.1034307792198808,78.02865447442124,1107.623954934542,4408.5726443889,4.191629157557824,0.8009049481209093,0.09299986,3968.55575174,3647.63423982,9.86772138,12.25380001,201.06760754,0.977537250159626,0.9440841714083188,,,1.2434170108010367,0.05273828841996524,1.1016201990295063,0.05492195735479575,3651.1057204545464,3307.5789901960775,0.060466764099567104
1879,material_cable,3,True,1.190742117303361,1.1498079239896573,82.29756103935108,320.02659962103144,7911.933697747994,3.455273810687456,0.5201759160636764,0.04187913,2553.61819003,2440.76531436,4.85969098,6.49243812,130.24254863,0.9857811138049608,0.9661294683650092,,,0.9734205328996748,0.05267481288978936,0.7970216009904946,0.055278425617491266,2448.6480266666667,2308.999893877551,0.09963552523548519
1880,material_cable,3,True,0.8324591179185694,1.1596766889740402,49.38275390455364,242.7645004419114,1828.876899660675,3.147005234517917,0.6507669102261827,0.26344702,381.2137593,237.49924591,8.55286796,6.91434628,13.40775122,0.978417136190118,0.9617396014331582,,,1.7958264825321884,0.05435509471407067,3.160575290645708,0.05420999808500467,252.5713897435897,219.5589076923077,-0.2753507222717507
1813,material_cable,3,True,0.9540153710093162,0.8170693737976648,22.600585033945634,1092.3560534857202,1031.7074037495886,4.057959304937267,0.8279077793804148,0.45957475,1424.19765729,884.2542092,16.17382217,29.61632863,47.73780859,0.9360794725732712,0.992088791090138,/home/chaoyu/phd_simulation/sensitivity_analysis/data/01813_verts.csv,/home/chaoyu/phd_simulation/sensitivity_analysis/data/01813_stress.csv,,0.0533882080297672,,0.11094918202119186,1079.7166916666667,438.62085111111105,
1882,material_cable,3,True,1.030828986602129,1.149035114659718,1.3153283016132489,1022.4139276651612,4850.3388901620565,3.281099657126431,0.4942968041912999,0.24476423,1760.64742883,1189.04855489,28.22341227,24.01934418,53.71638614,0.9120776553300884,0.9688630690692503,,,1.8018936715900047,0.05808310510273463,2.1322549897043728,0.05301429378957515,1333.7540292682927,653.1061770833334,-0.08397275918029891
1883,material_cable,3,True,0.9887735361046592,1.0411443227117267,27.41435195746564,1090.1716966043227,1497.0495279536765,3.0431517829317243,0.7556290721963996,0.36565089,1462.68663107,966.80763962,20.92915457,24.23644511,36.27883531,0.9065574365664104,0.9482396665256252,,,2.0564140207791084,0.055416385771498364,2.6841159777155728,0.05405114047585191,1113.9785153846155,513.6554509803922,-0.13241176770019097
1814,material_cable,3,True,0.9753947516008048,1.3472661371525945,33.44038882652362,1016.4142234054956,6429.816154109945,3.467132351412625,0.8077866215229985,0.09735194,3357.51908301,2883.36729288,26.46618877,8.16771578,161.80755914,0.9565279625667508,0.9940592111946822,/home/chaoyu/phd_simulation/sensitivity_analysis/data/01814_verts.csv,/home/chaoyu/phd_simulation/sensitivity_analysis/data/01814_stress.csv,1.2580532050590445,0.05285549293064803,1.103671760492868,0.05647668679041577,2958.748364444444,2664.0192,0.06536808765541373
1885,material_cable,3,True,1.376161222378358,0.9568127892072276,73.0515662055382,1056.8678795784272,2315.885935363724,4.025108646776728,0.7740138972215189,0.12046688,2611.99141208,2415.01407759,10.61580097,4.39331381,156.13438944,0.9214497103342638,0.9852251090123288,,,1.41821153187292,0.05308252257566091,1.1898502087650862,0.05424847775275825,2410.674715555556,2387.6778346938777,0.0875597841682882
1817,material_cable,3,True,1.2172325753793165,1.3924156315019165,0.5427270110046125,849.1568440370672,5249.483079136913,3.2374992079238547,0.8982968423657589,0.02303908,11522.1292663,11256.576287,10.01406127,18.47645985,610.47601125,0.9913707020815068,0.9866709887243622,/home/chaoyu/phd_simulation/sensitivity_analysis/data/01817_verts.csv,/home/chaoyu/phd_simulation/sensitivity_analysis/data/01817_stress.csv,0.8721691950779131,0.05263148021676426,0.6737264121075114,0.05506105783565483,11292.201028888889,10728.6289375,0.12836751851032285
1887,material_cable,3,True,1.2681465810576718,1.0714707895842182,44.34868669718206,908.0135529031504,2722.003159234756,4.9916300837015,0.5099938456453469,0.21416677,1698.83002172,1473.81271162,5.39184558,10.13449769,72.03113158,0.9483904468913996,0.9855576147913732,,,1.8114700111322848,0.056586922533216205,1.6766880948106195,0.05190680401556319,1523.9540829268292,1318.5076469387755,0.03863985296194926
1888,material_cable,3,True,1.1074240800951274,1.030317723973902,69.80032998626567,947.6227639966726,3980.8302510046647,4.971769846280632,0.4892234790178921,0.26130012,1625.15234007,1289.21813029,12.90035417,11.19421882,53.33532312,0.9220202793501272,0.9591736517610004,,,2.0957016238518658,0.05688376103273579,1.7809566240179482,0.051977829956935,1281.9111675,1246.4899725490195,0.08118977214637553
1889,material_cable,3,True,0.9385566472296168,0.889271274842352,23.014258710485,1025.971468634443,3617.135346210278,3.8602253931180743,0.8437152200839609,0.30779754,1946.249113,1056.56757088,22.16258612,40.32072985,51.43640224,0.9208990919957926,0.9277296425528418,,,1.8806348882488193,0.05615972406227535,4.916354165585636,0.05843636678020278,1144.682831707317,507.3322056603774,-0.4466270657923519
1890,material_cable,3,True,1.0678142999340214,0.8233100122289507,13.312673122237497,1018.326685087232,3530.962263272494,3.5411386036817643,0.735915250465232,0.26130018,1786.50171076,1129.57031384,16.04092509,40.98814439,70.85601443,0.9076715620737676,0.9437580672366752,,,1.8053647633784862,0.056967875110942645,3.206527984156648,0.05752135744338265,1298.260775,389.044044,-0.27956767859153786
1891,material_cable,3,True,0.981556440399968,1.3321098384630037,72.29414507543827,245.5485522864301,7225.419222366087,3.565226925581848,0.5541518330712291,0.05559486,1195.22167911,1089.13195224,5.48910764,7.09642058,73.19095767,0.9836715738555928,0.9752749053138046,,,1.0412090271315113,0.05246166181512187,0.8842219931755703,0.05520075597134092,1104.20605,928.0381083333333,0.08153345006922327
1892,material_cable,3,True,1.0658316165090238,0.9043007319514312,60.44649344881671,884.8396246385769,6082.880214836269,4.691295443946771,0.6557862176234323,0.21583736,1727.47948671,1355.30095844,9.93984954,11.08948287,63.98976368,0.9542699930081544,0.9704606621513614,,,1.8619410235115799,0.05400305306686534,1.686416095774164,0.05253909832177297,1375.5721555555554,1240.0869687499999,0.049466533901961804
1893,material_cable,3,True,1.0187918443964878,1.2828172731164322,26.16604491679089,566.3512044575671,6360.5043418893165,3.296011233445141,0.6433991428955945,0.09997082,1800.37800147,1533.02876965,5.01032768,15.5689085,90.04209317,0.9985753321200878,0.956975044332064,,,1.2508420928265047,0.05235864183414889,1.2026133694074328,0.05469422975650142,1565.7631431818181,1069.5195440000002,0.019657468481273494
1894,material_cable,3,True,0.9230674815225524,1.1323492895748688,57.541474035293085,210.22229180489887,4315.913626532551,3.4103524154763525,0.5392999014495862,0.18230297,410.06296447,294.91713269,6.92367133,6.59968145,17.18042437,0.9855170856874568,0.9774640812064048,,,1.5913252328221485,0.05278130665331133,1.885945740763138,0.054526533404394895,316.3022272727273,232.96675102040817,-0.08472750906646109
1895,material_cable,3,True,0.8635360178273773,1.213856557058929,21.08388619162693,306.41416450616055,3662.189520725731,3.8759456331217024,0.6254630432082131,0.21553121,708.39426502,386.53970911,8.62569177,10.12852113,21.13812042,0.9965531848277588,0.9359002682751024,,,1.726010504451286,0.05228200788728252,4.13139729170284,0.053969389546322355,393.18968409090917,479.38732352941173,-0.41065721748635814
1827,material_cable,3,True,1.3703047799695405,1.104560983557321,75.31464475732763,763.1440879448751,4591.241762849357,4.781101390066661,0.8234785138529798,0.03698087,6512.59453012,6048.60694951,24.27264881,14.84849533,363.29958191,0.9247041905532624,0.9412601938008632,/home/chaoyu/phd_simulation/sensitivity_analysis/data/01827_verts.csv,/home/chaoyu/phd_simulation/sensitivity_analysis/data/01827_stress.csv,0.9602541563219745,0.05279238056436875,0.8033573904936857,0.054661520748775304,6073.025848888889,5643.569846000001,0.08896333555514438
1897,material_cable,3,True,1.1456848085334943,1.18164467588415,27.01524445579846,769.6687968221379,5910.86655601772,3.8335406476387113,0.8123765033725292,0.06091771,4454.00255131,3759.14966101,26.98948876,35.87474672,208.3047582,0.914147545997276,0.9434859739624708,,,1.059621388845413,0.05355514213646153,1.018009366878671,0.05392649917728184,3853.9157391304357,2689.507096,0.020028593556432786
1898,material_cable,3,True,1.2052106864432577,0.9845734738152792,12.1507449390835,291.2143257728192,2680.1056923491315,3.526524569511018,0.5414707213570302,0.10322939,1096.65432432,844.67278908,5.28630503,17.83741562,51.76494931,0.9353869002109584,0.9200499760190188,,,1.2681468949666996,0.05399777936433058,1.3671759480983934,0.053059675206557355,876.9861130434782,389.02155192307686,-0.03757757930581097
1899,material_cable,3,True,0.90182613155402,0.996034095085131,33.091550136122464,672.7348399309894,2148.3632121543465,3.979754049412294,0.8564634902149197,0.30627545,1180.13701035,685.56250013,16.10156841,20.28008937,29.79035908,0.9345364887185298,0.9398700836999254,,,1.899707916327784,0.05687663520155564,3.5195306670108524,0.05801891472596884,737.8302682926828,312.74957924528303,-0.29890227672632613
1901,material_cable,3,True,1.3182547428255065,1.2307099190497548,1.7021169751248753,621.3892029712906,4880.358609228309,4.992397684652662,0.5226961947021608,0.07529129,3105.09437157,2659.42970736,18.351337,33.63409533,145.22919248,0.91731851806438,0.926125870044921,,,1.1705067806653613,0.0563607584943471,1.1115960331918493,0.053418171892711204,2701.8225318181817,1759.131835294118,0.025814239006147596
1902,material_cable,3,True,1.2646060227333802,0.958824485270542,77.74611105648704,1170.4971801695992,5356.103283424167,3.30826659122408,0.6920560944621721,0.11447998,3285.68768773,2908.95208106,13.78373236,15.08349273,175.21244597,0.9558013107910932,0.903627789319124,,,1.357332646525921,0.05257726338681346,1.2267160013728249,0.053361899281403065,2906.936348888889,2598.9657178571433,0.05054728565551923
1818,material_cable,3,True,1.070252762203938,0.8778024955364075,59.99623114212103,1053.5078810016942,6750.742028033596,4.006688371977377,0.490001264767166,0.25132187,1839.94686683,1466.72191128,13.80716167,12.53676212,69.17539036,0.9037747778441982,0.9968956018244062,/home/chaoyu/phd_simulation/sensitivity_analysis/data/01818_verts.csv,/home/chaoyu/phd_simulation/sensitivity_analysis/data/01818_stress.csv,2.0772782475125027,0.05860803556081838,1.7542775454518924,0.05160209313975126,1466.9765078947369,1431.6177791666669,0.08430014320911436
1905,material_cable,3,True,1.172806160005189,1.3341867963512386,19.954509744558436,937.722263485312,7142.379998450032,4.90057969449088,0.8949207035736537,0.02757342,12803.77175108,10867.66207467,16.51718377,121.36790017,577.7503969,0.9838543429301648,0.9050371456212808,,,0.8846439483643023,0.05244977935577639,0.8178527609185128,0.05415232018160481,10929.964527272727,6844.045864150943,0.03923131661965185
1825,material_cable,3,True,0.9110591992233632,1.1429938580871508,80.77514947886728,1055.4540676973138,5278.790382095197,3.104191812973305,0.6701652454732501,0.26104185,1650.92182825,1043.51848155,27.67458617,26.3801745,53.38493124,0.9732094255488882,0.9357549627156982,/home/chaoyu/phd_simulation/sensitivity_analysis/data/01825_verts.csv,/home/chaoyu/phd_simulation/sensitivity_analysis/data/01825_stress.csv,1.8359539016123219,0.05426440561101506,2.325599629397108,0.05292080478464327,1125.368053846154,585.7655862745099,-0.11765936065371661
1907,material_cable,3,True,0.8551096388144089,1.2818403379820706,9.166547506859468,302.33613800056634,6535.872812290004,4.556578705804517,0.5007312546299267,0.17991879,1052.45643092,599.59569135,11.77846828,8.95175803,33.85641412,0.969497600242078,0.9080687823674336,,,2.4185426305699838,0.05681734783303415,7.985516155797736,0.05628815832424886,591.2407155555557,827.5743611111109,-0.5350770924633829
1908,material_cable,3,True,0.9178979960231884,0.9692607157953564,88.05903714716032,923.9629611363252,3318.660777537218,3.8501233196255145,0.6259000495618712,0.36650602,1322.35768397,824.41901616,107.44604734,25.13299899,29.01442423,0.9040006312091357,0.9403030413108366,,,2.3615257586526943,0.05743593329969922,2.389483236057959,0.051859916738692384,849.1747263157895,712.8485679999999,-0.005884534724390172
1909,material_cable,3,True,0.8722472296541712,1.1712982066560915,2.318030567145552,283.10604248809705,4659.364872032384,3.412311108279346,0.6660431110393746,0.19115258,674.83624179,415.73110773,12.42641727,7.25019129,22.67514982,0.95544692554732,0.9899830481560548,,,1.7023866702064532,0.05337247986409827,3.1286268524479492,0.05488870922991966,415.1835418604652,462.58193265306124,-0.2952258724910064
1910,material_cable,3,True,0.9438419059325942,1.2652543419903424,79.9719763239271,1069.015051809602,6117.428733725534,4.093170112901963,0.6600573793499138,0.20660426,1980.20440915,1334.48738988,29.20249714,28.07668464,72.87381067,0.9368281322513275,0.9132649954251782,,,1.6883215835175445,0.054263281667192326,2.0052864121669542,0.052568637885712706,1433.8752146341462,793.7228160714286,-0.08581442021452793
1819,material_cable,3,True,0.9251992070370972,0.9470939229038282,17.629203887372416,338.6498672577385,7874.944502145459,4.984081535270312,0.6181600967390581,0.25085408,868.26798889,441.41965795,10.30102911,16.85251859,19.17495979,0.9872828342514886,0.9830598247825596,/home/chaoyu/phd_simulation/sensitivity_analysis/data/01819_verts.csv,/home/chaoyu/phd_simulation/sensitivity_analysis/data/01819_stress.csv,1.7334291646553115,0.054894938466258425,6.156923560328823,0.05672018622656957,459.500685,362.2658918367347,-0.5606206148005134
1912,material_cable,3,True,0.837174678422781,1.0977302246003844,71.98964640771679,200.30835984956903,2097.333951093523,4.829717401994394,0.4589249886639674,0.32008123,366.38676013,185.0349019,6.47745273,6.89221663,9.89677611,0.9914678043932126,0.9266571929017268,,,2.302672664814377,0.0554922846126628,2.7831300273298005,0.059027092888859926,197.25673421052633,147.4117581818182,-0.09447031109908478
1913,material_cable,3,True,1.1534444690286063,1.2486293206079608,65.58985488880096,977.61817957242,4804.690626824469,3.967855972304765,0.520503712773544,0.17234595,2154.23054498,1802.04504828,10.09414983,18.06680911,84.10715924,0.9835092377641194,0.9173256952817762,,,1.6083610202044096,0.05307453889680254,1.5887537632010469,0.05247578321288115,1833.6799295454541,1502.2168884615387,0.006132797328745817
1914,material_cable,3,True,1.0042434046730844,1.2236257506742922,42.4261966558633,797.441508386263,4573.064553452595,4.228307697398829,0.5502739143577073,0.22630111,1374.90985871,1030.78997266,12.69979524,15.36869963,46.01388616,0.979797058226447,0.967406726144584,,,1.7551188651648346,0.05346133083774944,1.9253032682848745,0.05251800880785658,1104.6101372093021,699.7527000000001,-0.046240457466362364
1836,material_cable,3,True,1.3231943443329377,1.3251657281508995,58.576300085378826,482.6234244475906,5021.312120925459,3.1292146902956963,0.7989848929190315,0.02147173,7235.05985031,6609.74290473,12.79516083,42.63513366,377.25375654,0.9767843747011996,0.9099921201128148,/home/chaoyu/phd_simulation/sensitivity_analysis/data/01836_verts.csv,/home/chaoyu/phd_simulation/sensitivity_analysis/data/01836_stress.csv,0.8578304088502002,0.05271688248709462,0.7353566697756208,0.0549146491182277,6638.161347727271,5427.186179245283,0.07687341977454232
1842,material_cable,3,True,1.0274795263501395,1.1410119936412864,41.78667546653958,341.73040563511535,3019.676521751105,4.253302144761323,0.787134891383723,0.12326167,1050.6943825,824.15847858,7.90879596,8.47644415,42.57488474,0.9441576140157316,0.9627463997634732,/home/chaoyu/phd_simulation/sensitivity_analysis/data/01842_verts.csv,/home/chaoyu/phd_simulation/sensitivity_analysis/data/01842_stress.csv,1.3479863787576674,0.05240173489374545,1.3956090168100386,0.054001243281394835,860.0695673913042,558.9869163265306,-0.017357748204894156
1917,material_cable,3,True,0.956876170660715,1.2348447566042482,8.317260216276004,271.1695429780736,6720.881242599999,4.89711609961342,0.5936181381225525,0.11725028,729.86666974,570.2976665,7.6627328,6.55639116,34.93774566,0.9760526351538754,0.987805801776496,,,1.3398106750387433,0.05261063202393068,1.320436403854493,0.05572979116433803,606.7282266666667,434.0370893617022,0.007282884111768605
1846,material_cable,3,True,1.3685138058317587,0.9977569404987086,69.84921159822852,327.0082995300997,2653.4268436844427,3.688313835688951,0.5018576454645114,0.06989064,1470.18305517,1435.19389734,3.11307045,1.26172579,87.39813932,0.9571119270127147,0.991733673361208,/home/chaoyu/phd_simulation/sensitivity_analysis/data/01846_verts.csv,/home/chaoyu/phd_simulation/sensitivity_analysis/data/01846_stress.csv,1.1340114517335527,0.052616377088926546,0.9254584378534773,0.056151956416319704,1434.4363133333334,1429.6437510638295,0.10126538626981091
1855,material_cable,3,True,0.8765245806596307,1.0124128832189756,37.44659853435616,626.8470966501295,2274.990263222116,3.806406812068128,0.665301840094269,0.37433897,870.25123743,538.54059921,13.58972745,14.36571461,18.61382651,0.9955597760276492,0.9987695100871936,/home/chaoyu/phd_simulation/sensitivity_analysis/data/01855_verts.csv,/home/chaoyu/phd_simulation/sensitivity_analysis/data/01855_stress.csv,2.0508992234124097,0.05787256370128758,2.706443937175872,0.05641278074115751,608.3147717948718,319.98668571428567,-0.13779639005112243
1921,material_cable,3,True,1.150978913250879,1.3405687990404047,9.940487551589822,1127.3423168783645,2074.5632771536284,3.446787858778796,0.6551042664334956,0.2375099,1893.47448894,1478.18085645,21.68838734,13.66968638,62.42972078,0.907243477784536,0.9950195403449412,,,1.804469394651126,0.058055848780504266,1.8971207469257507,0.05356047109280594,1598.4533926829267,1158.9808083333335,-0.025030148863308555
1922,material_cable,3,True,1.2729610315819384,0.9248037413086012,29.72237424249182,893.7877974045401,4339.897253702271,4.919296070760258,0.8483905326979243,0.06215164,4442.07713508,3988.18404577,14.62336729,28.7690834,262.1101694,0.91110102726501,0.959921783438179,,,1.0784970324700054,0.05352291183822017,0.9628188815380656,0.05470148027652951,4044.4126304347833,3347.833898,0.05666842164807735
1923,material_cable,3,True,1.2419854673919295,1.1180334168983046,35.40495604712881,647.0892983185656,6971.14597598269,4.908057764788301,0.7581594962351615,0.04393445,5189.78684629,4595.62020333,8.96254423,37.16607617,259.16389081,0.9676931720599504,0.932853158940383,,,0.9630576064106167,0.0521278930415493,0.8667350642409525,0.054891676365166,4621.200737777778,3595.1544300000005,0.052641232919227274
1859,material_cable,3,True,0.8814250137611594,0.8463049022463599,70.59714768669649,573.2640265091479,5921.240042040223,3.312222028105842,0.5515399931158895,0.35537808,918.44171155,572.81781631,16.10809323,14.72256248,20.43272004,0.9759127821001964,0.997575194678771,/home/chaoyu/phd_simulation/sensitivity_analysis/data/01859_verts.csv,/home/chaoyu/phd_simulation/sensitivity_analysis/data/01859_stress.csv,2.2317885920704876,0.07743502131986923,3.0591150538546033,0.055013176344712617,565.2460333333333,561.7984102040816,-0.15636770524469856
1925,material_cable,3,True,1.1982256868907963,0.8803175235595138,46.71800634984479,733.474298905182,6771.478278398586,4.009455129761351,0.8874881366665122,0.04120329,5562.35040088,4827.58079314,9.37165052,41.77107314,321.21922225,0.9736861652163716,0.9194213659551784,,,0.9447750352096843,0.05223177303810025,0.8464901973472109,0.05490626911052029,4859.55367173913,3732.845305660378,0.05486894742113611
1926,material_cable,3,True,1.0515172520194858,1.0572087840249642,36.268151887341205,979.167783292223,7513.539528033529,3.483369397616912,0.7637244601754445,0.14780687,2415.29298273,1976.95349566,13.02166624,18.44244773,101.21003585,0.980053469097454,0.9816127670480022,,,1.4464777493651724,0.052145886210619635,1.478911240502318,0.055110898032367545,2076.9477869565217,1462.0778166666666,-0.011086898613990709
1927,material_cable,3,True,0.9491319829316214,1.1330543837574287,56.18944963266487,1098.7964613948209,5766.182309267457,4.499495073333675,0.6445449197332025,0.27015155,1777.20533936,1210.18555696,24.53261305,19.53153926,49.03903679,0.9418022871127972,0.980247496175751,,,1.924927060021345,0.05580817181518806,2.13338643283851,0.05319860144049524,1289.8574675,858.0865229166666,-0.051366010335063036
1928,material_cable,3,True,1.3515078467550032,0.8673677281120338,85.93148571469396,371.5458536399556,4533.000521683606,4.7699115161497785,0.7189929968099068,0.03127481,3291.25807155,3139.03657268,5.54491204,6.42607781,220.34483944,0.981168729509048,0.914673209116988,,,0.9215426589539372,0.05364598851695467,0.7221685187269982,0.05572705788008877,3141.9371533333338,2945.055650943396,0.12129511737471434
1929,material_cable,3,True,1.2726293374929585,1.0352826408006517,57.02889933844962,821.0604779680506,3594.879003508136,3.6053994587747127,0.6850340707374496,0.11648034,2287.68469837,2141.8183255,2.38423697,6.24013374,121.56671728,0.9991149144081306,0.9787461246429704,,,1.3602003274116103,0.05282912815828986,1.1715171347258782,0.05506877432915789,2153.3638886363638,2041.0972145833337,0.07452774470593175
1930,material_cable,3,True,1.0795105939844587,0.8549205376310266,3.497029945384869,659.9166644557371,7170.299456974244,4.183655647261516,0.5056524009682657,0.19175751,1532.89430811,1155.64918668,9.30009803,23.26162566,65.82490773,0.9830723512525464,0.9929949276021824,,,1.5721159217619938,0.0547452868831901,2.11189319863681,0.056477072454449946,1294.8196209302323,534.7504978723405,-0.14651898495201984
1932,material_cable,3,True,1.246191680177264,1.250006994548532,8.855328743178417,686.4112006304681,1696.2032855581772,3.637312899103861,0.7693432822362034,0.13090463,1827.19770483,1598.00865919,10.2672033,12.71272976,83.64791552,0.942981750501802,0.9656466547415606,,,1.384000221814216,0.05402654837120989,1.3736415793427836,0.05443784860673803,1666.1093333333336,1269.2665877551021,0.003756340822468778
1862,material_cable,3,True,1.2584995073447476,1.046020515782648,51.81099010145096,964.3357740334634,3047.909293102959,3.2939524603405435,0.7575103604590311,0.12658835,2492.03188543,2229.96204937,4.90615014,14.15464482,127.63833141,0.9866142000888912,0.9455289436318218,/home/chaoyu/phd_simulation/sensitivity_analysis/data/01862_verts.csv,/home/chaoyu/phd_simulation/sensitivity_analysis/data/01862_stress.csv,1.3820177094667643,0.052229080564279926,1.2870199127368656,0.05458486469880952,2256.7618931818183,1928.290408,0.03559252816056822
1935,material_cable,3,True,1.3470028973051216,1.0530958430744377,37.37771707588942,655.2841858362443,1126.802218567285,4.062474711086607,0.6618631973352294,0.20585226,1141.93669649,986.37602185,3.62643865,8.72397068,54.16214879,0.9477090678076672,0.9696935083968924,,,1.7351547101183393,0.055608165646378445,1.698644456823091,0.05188601597857131,1028.6642609756097,829.5429081632653,0.01063261172835829
1936,material_cable,3,True,1.2987167287710697,1.2147920222503292,63.08984031541023,1039.7604856789276,7855.200663608813,3.730913290473216,0.5531528051728398,0.07664498,4628.01566156,4253.63656657,24.6029964,21.13819266,228.12703422,0.9079486603502228,0.9366032050589584,,,1.1564033634779214,0.05280872663735276,1.0470945086767454,0.05385446345301293,4288.014576086956,3853.661422,0.04960697089046405
1937,material_cable,3,True,0.8147864127010047,1.290786136159764,7.529133196772237,1194.6887910958114,7578.679339835385,3.1802704218487974,0.760772041613609,0.19996351,2092.94899754,1400.51833023,38.32611325,18.59701564,89.84718799,0.9556390212870414,0.9770652077353804,,,1.7798871889935173,0.05376169401126954,1.8988591975313123,0.05409592666838155,1455.163222222222,1176.0073160000002,-0.03234036708091293
1939,material_cable,3,True,0.936193283064504,1.284589321185419,80.58943458273761,480.8081635730277,3786.9932909393806,3.767139629098044,0.4762877536136078,0.20544824,798.11079429,558.30846255,16.77903034,9.11267718,33.61560573,0.906699560840158,0.9769057713690276,,,1.6891496764246197,0.0555603159056584,1.8311385683149544,0.05405168832128029,598.6403023809523,438.4703591836735,-0.040334450482147614
1940,material_cable,3,True,1.1385304222808017,1.352811198764578,45.19667813783333,794.887217897352,5972.796273547328,3.19822739199876,0.7647024591064842,0.0562159,4533.9184167,4196.92317692,6.30660147,22.91319224,231.64745731,0.9916954490123224,0.954946971205078,,,1.0392100435495808,0.05255788185581953,0.9056594343633071,0.0546543429599892,4222.835747727272,3508.3156428571438,0.06866816035880817
1941,material_cable,3,True,0.9954056407037156,1.0593218823102537,15.29218846809418,1173.9958345122902,5689.074506334171,3.059445113796836,0.5313949692472758,0.27366445,1990.03584626,1277.60036399,24.95204481,42.2386827,58.23134026,0.9598610243092394,0.9056032512999012,,,1.858403402505066,0.05690337090294733,2.7315118686734996,0.05586593668097986,1379.7286216216216,733.9152844827587,-0.19022322081868043
1942,material_cable,3,True,1.185684420307725,1.041620935367721,4.893829967514433,1086.1157795454403,3758.4655643920314,4.272580358506766,0.7346566557524115,0.15741676,2753.90150308,2028.32853948,10.93537896,49.28689262,119.08385731,0.97437519611071,0.901082513900229,,,1.4903646543238662,0.05394824722215649,1.8096141156280614,0.05363205229669728,2177.122608888889,741.6645471698114,-0.09674288338189699
1943,material_cable,3,True,0.9851238602090634,1.1967719998300488,20.57161916272296,942.296496380832,4135.671647108778,3.0914762775668674,0.5581436390012875,0.24536354,1516.60494835,1045.13767373,21.23650649,25.35670658,48.91373874,0.9508597576645909,0.9199296413130464,,,1.8205364720602708,0.05554899538210588,2.2250327097146947,0.05269202806609676,1127.5278974358973,618.1973418181817,-0.09998500074517425
1944,material_cable,3,True,0.8197145135214259,1.173947678231977,3.913546722698316,940.9943610042068,4673.3935012849015,3.352213148163875,0.546552468591019,0.32426881,1615.16282485,818.88036793,28.39278682,21.99279663,37.3264739,0.9573807114687118,0.952459297745196,,,2.1231196090422952,0.056065874945458394,3.099740346344768,0.055875335268518206,836.6768474999999,895.1545396226416,-0.1869896466006422
1875,material_cable,3,True,1.2101334207856893,1.177160907469744,87.0799586174956,1061.9385630087204,4481.742328506844,3.1610261562805597,0.772804681762224,0.0961485,3637.40026936,3309.76530647,11.32290453,13.65594102,179.90138069,0.98262326510317,0.9489392138245688,/home/chaoyu/phd_simulation/sensitivity_analysis/data/01875_verts.csv,/home/chaoyu/phd_simulation/sensitivity_analysis/data/01875_stress.csv,1.2512762049746653,0.05257963300845564,1.1304642165010086,0.05514210318261227,3326.191038636364,2945.94133125,0.05072424659896575
1946,material_cable,3,True,1.0726804136671353,0.8388822306178062,28.680614169348768,587.6687159308284,2648.463011672876,3.933537705458277,0.4702712990876791,0.28970997,1047.91200089,695.66698024,5.17507341,20.94350507,39.72891494,0.961175944181699,0.9094889075504478,,,1.9575981498819337,0.059025840762175624,2.5357986431538766,0.05561001036942285,758.9430057142858,373.22648076923076,-0.12867781767416572
1947,material_cable,3,True,1.0960687329659524,1.0244321646535324,37.93067608511384,689.5524269356972,1472.8926845862295,3.2348884153831308,0.6102978089539752,0.31450853,986.94952122,716.1481911,9.04352204,14.29871672,29.8686497,0.923988376732934,0.9476587282637496,,,2.0345148333970813,0.05712249411982217,2.3219554717939896,0.056081948452227776,785.883255,468.86319803921566,-0.06598016702980866
1948,material_cable,3,True,1.3970169706272686,0.8859997657328816,20.244196572454776,438.3013684115974,3164.207832382786,4.457672271347303,0.8741703850434503,0.0214485,5673.58770971,5070.01843714,13.01177223,45.94067141,385.27279003,0.9417261797489596,0.9558840550678426,,,0.876493163770516,0.053345831443035244,0.7196348824061832,0.05468977791681487,5088.716858695652,4213.846646938775,0.09827424669346847
1881,material_cable,3,True,1.2344183724710365,1.2739921764321749,56.85903584060585,325.67996157808466,1914.1453541933197,3.707393233197147,0.5453998373266673,0.11359475,1006.3022021,915.40469134,1.5640313,5.58040578,46.39298967,0.9996189830384192,0.9448054419219488,/home/chaoyu/phd_simulation/sensitivity_analysis/data/01881_verts.csv,/home/chaoyu/phd_simulation/sensitivity_analysis/data/01881_stress.csv,1.330997316419458,0.05276354787514496,1.2196543504874027,0.05482764154064901,922.9194454545454,801.5258745098041,0.043652752501120363
1950,material_cable,3,True,1.0433157293380642,0.976662468291661,86.34002602118368,206.78394299022423,3641.639422334072,4.815513359411677,0.8762777926295406,0.09079987,1029.16483146,717.91902492,7.97897595,6.20108758,38.35565278,0.9527387516321242,0.9370134755936528,,,1.2169849421464367,0.05131078991971654,1.4277843757518616,0.052944808349627996,721.42325,406.81804600000004,-0.07970427975659498
1951,material_cable,3,True,1.3752381124552673,0.8150943509894183,73.68492359101731,1095.4430209790355,6696.248656161969,3.4021356409155925,0.4502111056039495,0.09148193,3444.2145338,3359.81623716,1.88615206,2.47473195,236.97718812,0.997106569666616,0.993606587064159,,,1.262486771542641,0.05311854028752165,0.9860283388094896,0.055113905439776394,3343.698693181818,3385.5589604166667,0.12295155654517993
1952,material_cable,3,True,0.9312827290868932,1.1452096867928812,50.63736953992385,1135.039313808696,5518.7788222965855,4.295179547153511,0.4555438233626938,0.31951178,1604.14248147,1041.59744672,28.31167769,29.76226067,41.88755218,0.91459013593124,0.9160546325009196,,,2.0374013365226142,0.058245196368504566,2.43398034532537,0.05571605352520029,1113.0294307692307,771.4279127272727,-0.08869272118117483
1953,material_cable,3,True,1.2024686096643773,1.065266250465871,19.765806810469137,385.5037279536781,4202.246448397267,4.639806122704007,0.5942688109575858,0.08212872,1736.50735325,1492.36878966,9.81185728,15.13322563,82.56566654,0.9003762968263118,0.956639388388004,,,1.1772022296815052,0.05520674051196592,1.1264840652889585,0.054131929148150605,1527.9235200000003,1090.0680081632654,0.022016089822332774
1954,material_cable,3,True,0.8986819929140523,0.9498313390362096,87.66335539453323,785.4837208590731,1355.0145758146932,4.532636415317953,0.7177099180971296,0.45440717,1075.62491008,675.392231,93.41189159,15.01075834,21.44106016,0.9986395081521136,0.962103357371333,,,2.345333734337298,0.08961818043813131,2.2513398541525595,0.05531227370412441,687.987897142857,590.1626549019608,0.020448239009204564
1884,material_cable,3,True,0.8700777407682814,1.0562069132182428,81.63789634114205,679.2047305542853,3075.875388862394,3.772387223275743,0.6168386008700709,0.34922363,956.40780058,573.83188373,19.17437413,15.22725959,22.87817695,0.9567473210861736,0.952679126847394,/home/chaoyu/phd_simulation/sensitivity_analysis/data/01884_verts.csv,/home/chaoyu/phd_simulation/sensitivity_analysis/data/01884_stress.csv,2.0400395615764144,0.056416863885972654,2.461403064836464,0.05455604351590926,617.6743736842105,417.7415846153845,-0.09360632540058095
1956,material_cable,3,True,1.3822394196907273,1.3331774326946104,14.984379723521306,411.4869635973335,1089.7704827182808,4.806930493705628,0.8991666691611429,0.04179943,3325.30974945,3074.05347347,13.846332,8.09292427,167.10897516,0.917074762304927,0.9825352993821128,,,0.9729666486551557,0.054086185257068244,0.8216738967049004,0.05597798732522117,3115.9145369565213,2884.211810416667,0.08430253754235872
1896,material_cable,3,True,1.2413493323038225,0.9158107530465892,2.9286546694724023,966.4671514088078,6070.580849926216,3.437779099321533,0.6325857254807772,0.11443754,2756.29928479,2491.42756573,5.49817432,19.23440416,154.14260652,0.9934069519226428,0.9871547194709486,/home/chaoyu/phd_simulation/sensitivity_analysis/data/01896_verts.csv,/home/chaoyu/phd_simulation/sensitivity_analysis/data/01896_stress.csv,1.3116024264406096,0.052622547480053586,1.2476000400021605,0.05501685951302905,2587.858893181819,2051.6377104166663,0.025008723333801296
1959,material_cable,3,True,1.119012180197977,0.89810583914911,63.34752191983088,708.7773414472664,3897.3161436787263,3.949098599249449,0.5930328128630314,0.21196347,1326.50965461,1090.663857,4.90048572,8.53794428,54.94897294,0.9958937558657588,0.9519999345002796,,,1.8531118099579096,0.05351750129622579,1.615658046517213,0.052116075356123295,1097.8433113636363,1014.182381632653,0.0684547471483136
1903,material_cable,3,True,1.1947947510416053,0.8043026742548396,27.774486214302385,346.3025008359377,6194.640270829069,4.793967017047137,0.5662454651576608,0.06860089,1858.10229297,1549.7247531,0.7822949,20.08635973,100.15585988,0.9992484118176636,0.9410440279282628,/home/chaoyu/phd_simulation/sensitivity_analysis/data/01903_verts.csv,/home/chaoyu/phd_simulation/sensitivity_analysis/data/01903_stress.csv,1.085722500755415,0.05246118004718597,1.0058934421496313,0.054023079962231005,1563.6107195652178,1137.083587755102,0.03816621252891632
1961,material_cable,3,True,1.372210213269644,1.1224192048411583,4.766273710578988,725.8706870571287,7421.408282299191,4.434766441697624,0.629225439134022,0.04066744,6250.08035875,5278.28595848,25.81465813,74.71417855,326.98991673,0.9317897698149789,0.9202115839756592,,,0.9758370392366664,0.05469370678793328,0.9040550203525674,0.05372356645788989,5352.3211555555545,3504.8776769230776,0.03818411728372523
1962,material_cable,3,True,1.3725548329831565,0.9109020630285126,71.81768134863621,845.2403361884362,4753.399387338099,4.563115026372154,0.7839880841451974,0.04989023,4734.89982294,4539.84859209,11.45390859,6.08567961,313.90714801,0.945729195551075,0.9710327975581452,,,1.0246938996119237,0.052700288815682034,0.8341490816583734,0.055859397973240764,4543.772826666667,4423.594068085106,0.10250721544179899
1963,material_cable,3,True,1.3636366258024242,0.9891967283550506,7.281346320664523,617.2985424308572,4818.411677813261,3.330587879140294,0.809010049971097,0.0324891,5269.35315675,5185.44287645,4.96064589,5.37584829,343.5680681,0.98782083842771,0.996719170725879,,,0.9241066638100958,0.052643384870817864,0.7179453973535008,0.05518708336716217,5208.455761363636,5076.66901875,0.12555099276846574
1886,material_cable,3,True,1.313226086892748,0.9731655243391366,81.32563115169602,739.3212246982827,4946.103061562791,4.84740365303395,0.4728149737448656,0.10399201,2419.17316324,2258.72784032,13.37344403,4.58339128,130.73963172,0.904615187070733,0.9614346545820852,/home/chaoyu/phd_simulation/sensitivity_analysis/data/01886_verts.csv,/home/chaoyu/phd_simulation/sensitivity_analysis/data/01886_stress.csv,1.3393232807260946,0.05326007141078274,1.097598404283721,0.05422505898807968,2253.93228,2240.4122725490197,0.09919271428757463
1965,material_cable,3,True,1.1424694825245765,0.9677358826445904,66.34235568866207,1155.8548282518188,5951.519900498311,4.777621020094477,0.5728011827575756,0.20325589,2271.60037421,1921.50350005,7.83447626,11.53977157,92.70184792,0.9901264541192408,0.9602154821788254,,,1.814797727783631,0.05330744950613356,1.5571502909428205,0.052486438625996286,1921.3334066666669,1828.8546183673468,0.07640907730781718
1911,material_cable,3,True,1.005320028029689,0.907883385857726,75.14162494853947,949.9703677950874,5312.373365373469,3.3001151438818312,0.6081904432051075,0.28315612,1531.75550902,1078.41624844,21.33903858,13.24370129,45.52279883,0.902145626088742,0.9837071213989332,/home/chaoyu/phd_simulation/sensitivity_analysis/data/01911_verts.csv,/home/chaoyu/phd_simulation/sensitivity_analysis/data/01911_stress.csv,2.1763260324635194,0.05590154882406632,2.03080004865713,0.05421820571771824,1054.2580725,1015.1514423076923,0.03459035479336662
1967,material_cable,3,True,1.3495374991489324,0.9513899811022116,53.16428240409697,961.4416050518612,2994.7175275727086,4.256818942261456,0.6184507190697076,0.14413058,2136.03402752,1983.44857093,4.60711008,5.87057744,121.60020796,0.946403629059372,0.9907417198952314,,,1.528070040641867,0.053742728038456644,1.3046632110346643,0.05364690860777497,2001.5340311111108,1925.1563782608696,0.07886617261790572
1968,material_cable,3,True,0.9296631661718892,0.9436181174760124,12.891959427709663,887.2793108671165,4346.994363514354,3.1933060990335465,0.5774066314334346,0.33708074,1574.19334039,866.14147242,21.77292744,35.24903585,37.71316717,0.9596793322290572,0.9123196879209362,,,1.945068848635846,0.057248592715224325,4.952097980732207,0.05718832067160265,929.6361692307694,596.6435444444445,-0.4359803389548977
1969,material_cable,3,True,1.1760895391912798,1.1140788601646696,10.593553435729008,1105.0210218023708,4384.753843902784,4.269198130227069,0.6644074966055722,0.16981144,2501.52004158,2085.30646936,7.7371662,23.47824097,105.29781154,0.9968843330505012,0.9728773442233516,,,1.5365352636273875,0.052985836553232114,1.6229606210897642,0.05501405207700695,2228.1357113636363,1440.5216446808513,-0.027354160478709994
1970,material_cable,3,True,0.841156740615778,1.0426687150155742,49.56991957114205,268.2724336035475,4449.2278951087865,3.096341875298955,0.5233866089373047,0.27227794,793.530352,344.86297454,14.06430735,12.61288793,17.42375321,0.9160438878252422,0.9089061131896236,,,2.3314263399258883,0.05637170930970744,7.8153790838459285,0.06617515556897254,352.10987,432.6824482142857,-0.5404610135789438
1971,material_cable,3,True,1.3523375411402276,0.9214592642528466,30.29606982069731,903.3893132030256,4722.035674740831,4.546446287244445,0.5780309188970744,0.09794059,2923.57617597,2699.01602453,1.4509785,15.49563871,175.23822908,0.9961504960835807,0.9714785749208154,,,1.2582464766258552,0.052745277802229554,1.1117112566744765,0.05446406475012144,2736.7883681818184,2400.3838416666667,0.06183030941539966
1916,material_cable,3,True,1.1298355246968153,1.242368473486037,29.57832993508295,575.8392610949115,3745.816225150604,3.206814680232005,0.635894148807231,0.11081529,1843.8173894,1473.10883344,14.74589997,22.07800043,81.64259094,0.9178100643360958,0.9097804362746088,/home/chaoyu/phd_simulation/sensitivity_analysis/data/01916_verts.csv,/home/chaoyu/phd_simulation/sensitivity_analysis/data/01916_stress.csv,1.299563565650313,0.05385916942038092,1.3880279846187613,0.05232306617215117,1525.275880434783,861.3797788461538,-0.03291587181824241
1974,material_cable,3,True,0.8925452356238898,0.8325179251068712,32.194131973603376,512.8054177641995,2349.749358291945,4.23430756560917,0.712961426402039,0.37965988,883.46815088,484.90811517,10.48844668,19.27356696,22.18935284,0.9068182976541488,0.9197299441231604,,,2.0453064503962413,0.053449317700096644,4.622280925993685,0.08945042459913677,538.7933289473685,285.4412260869566,-0.3864927941885797
1975,material_cable,3,True,0.986177141185734,1.3643621243613833,34.805014029762006,284.4777642553585,7733.750198801245,3.5142288056443807,0.4790051882291947,0.05790778,1362.30772276,1163.31987466,13.69495868,12.37470046,80.2384526,0.9536735673590372,0.9531651907234262,,,1.0602029212479076,0.052656961418455266,0.9490810873974725,0.0550562472796446,1190.5383533333331,961.0766920000001,0.05530419461475296
1976,material_cable,3,True,1.074122586252238,0.8719767924455697,10.67089773211923,448.16573210688057,4318.552550527376,3.81628349821752,0.7567706523468043,0.16273073,1178.10501965,807.76927162,4.94472273,21.20600853,48.28524316,0.9920430813925292,0.9748696096952648,,,1.4778820246064008,0.05300473586521623,2.020084496483514,0.05604548650682561,900.7696000000001,275.5112744680851,-0.15500504896432538
1977,material_cable,3,True,1.069252373978795,0.9615702555585042,33.23471749035504,629.5128809813855,6317.45637789476,4.797685546150801,0.6425750976525436,0.17321277,1452.10104107,1196.15543127,7.87407622,9.92447556,57.71648024,0.9550385236750968,0.9993535310525036,,,1.5575321028604632,0.053683472040086756,1.6027148422553643,0.05452140556968054,1283.0378999999998,959.3055326086954,-0.014297217964162966
1978,material_cable,3,True,0.9528579626732534,1.0170197950627664,17.657704473135812,499.960893452924,2677.0676677613965,3.97362250074593,0.4649859928497286,0.32724029,801.44944715,504.13592223,9.27114644,16.61799005,19.91940694,0.9979727595581004,0.957739466705998,,,1.9498552070785589,0.05798998925107311,2.963685800180147,0.05688065504493964,564.5007027027026,293.15697916666664,-0.20633400466259877
1918,material_cable,3,True,1.1704424706443877,0.8369086139401719,64.60707366030876,882.2007686528129,5814.9708765961095,4.747106321568181,0.771627257940233,0.12081056,2347.89505479,2140.65443136,7.34396441,4.77152842,129.87035027,0.9472345137495296,0.9862283287600684,/home/chaoyu/phd_simulation/sensitivity_analysis/data/01918_verts.csv,/home/chaoyu/phd_simulation/sensitivity_analysis/data/01918_stress.csv,1.422403283220247,0.05313551150387589,1.1841664842828596,0.05459911211628104,2135.125066666667,2114.7515978723404,0.091398589022077
1981,material_cable,3,True,1.0375315824975018,1.3414721023612417,51.47058820505566,379.477491097944,6728.349863389725,4.68218168696924,0.5767511811528485,0.07655487,1640.97254451,1402.31290961,3.95028916,15.35247822,80.20842531,0.9928097655551544,0.934795504158685,,,1.1373213639403301,0.05243466631399702,1.0802229674508779,0.05460263488156193,1417.8276295454546,967.1078117647058,0.025748480281172444
1982,material_cable,3,True,1.0851354414705203,0.8590306565975451,6.750934350471812,475.2411366548796,3445.937489511257,3.724281480488877,0.7677492878440516,0.16728792,1417.81094035,817.88496998,7.67805684,33.1015498,53.00983407,0.9580982597596804,0.9108869439289458,,,1.5502149995378451,0.05530929855030412,4.936099621535034,0.06643147312667855,859.1121142857143,321.6226365384615,-0.5220043768763627
1919,material_cable,3,True,0.9338063285860376,0.919139269091404,55.77617695774129,1152.622120017663,4388.052350629519,4.754503142536307,0.8029558282296646,0.32284421,1876.44686839,1194.57973466,21.23908805,19.53469728,45.19390401,0.919818263636203,0.9919336884226037,/home/chaoyu/phd_simulation/sensitivity_analysis/data/01919_verts.csv,/home/chaoyu/phd_simulation/sensitivity_analysis/data/01919_stress.csv,2.0968274073072384,0.057487384126842525,2.237972922581011,0.05462098906800846,1272.1020902439025,850.7718166666667,-0.032561018854912645
1984,material_cable,3,True,1.035295991566064,1.0136821320703462,66.08439780374434,1020.3207292038026,3293.8742366835204,4.393491220358967,0.769918325699156,0.25298766,1833.24164491,1300.00874544,13.94100852,17.4838666,54.45905489,0.9670833734576474,0.9091405849606689,,,1.9287230821964976,0.05368522913144568,2.05774010010686,0.0530885757285463,1333.5461249999998,952.1056821428573,-0.03236378012547381
1985,material_cable,3,True,0.858049976664136,0.9460104229330863,60.75111285015036,489.7245840399623,3185.8767236962603,3.133101249823808,0.5277824462956878,0.36722919,671.84649504,416.30505481,15.55289283,13.84899304,16.75778995,0.90489188518531,0.9683262968423272,,,2.0788758070048057,0.05768843605708206,3.120607266446671,0.05560601688170942,440.4271775,355.359378,-0.2003528898403264
1986,material_cable,3,True,1.215128162428372,0.8698666733569452,42.58536186471133,772.6067371226986,1824.9823979667292,4.173059707529571,0.6977140790740011,0.22073871,1282.40952946,1029.21437032,3.89166968,14.0095023,60.57622522,0.9600077707546326,0.9279318472350973,,,1.8017683409586602,0.055629328858717415,1.7877704671535861,0.053183632468052314,1076.2831,790.4527078431371,0.0038996301623593957
1987,material_cable,3,True,1.2513733706638428,0.8750297502512063,18.89129235376052,1167.4877307492916,3566.445577622312,3.5603078986903816,0.7204892258130839,0.15974337,2449.7353402,2006.00881384,7.45724835,30.53102113,131.9616372,0.9644314731911294,0.9610070296732552,,,1.5070146077467133,0.053355514495061415,1.6129141608148783,0.05338734429526647,2131.8108681818185,1366.1791270833335,-0.03394293938223109
1988,material_cable,3,True,1.315924064549388,1.0320316860726166,42.96227535444362,828.8366962194671,7066.8160731266125,4.157343632710775,0.795333925328811,0.03733025,6804.20348381,6425.48343429,13.01077913,24.11648995,397.65706896,0.9530906378530531,0.963747915560842,,,0.9534689559072468,0.05278809155942267,0.7842109004944307,0.05559570637549658,6451.878726086957,5868.628478000001,0.09740462536252759
1989,material_cable,3,True,1.0262658465643282,1.2251482224851236,44.58979106948927,744.670118898084,1413.602807640171,4.20756130107367,0.7659941919618167,0.27082509,1201.46121085,890.31171036,12.5280499,13.08898869,34.59849861,0.9309927578582587,0.9453764985032044,,,1.9118034063250717,0.056991792399563486,2.154060686217077,0.05297952448664698,958.4225025,594.0676905660378,-0.05958322127302973
1990,material_cable,3,True,0.8515537164323701,0.905297055539146,32.60097032217768,503.3680994152169,5744.200451974684,4.624178015772642,0.6017878926702339,0.35250071,1053.88124284,519.85392454,14.8267499,21.82484247,20.96810131,0.9241199314791676,0.9344281859141674,,,1.9914150743867791,0.05543702530102949,6.98648844304271,0.05568799349439313,518.2721157894736,507.22279615384616,-0.5563741422436334
1991,material_cable,3,True,1.3879111407819045,1.32355536903836,23.352921432427102,431.7889498565416,1509.7901718269604,3.82015357963012,0.7110406871050248,0.08215553,1728.69204439,1654.20524577,3.73092026,3.17342298,88.62637715,0.9683020747875924,0.9933042419171052,,,1.182860548922543,0.05278625466161995,1.0069734331474454,0.055353290839959615,1673.706464444444,1579.6060510638301,0.08031984032361966
1992,material_cable,3,True,1.1037699306474351,0.8918414481321524,42.7428909198127,323.6027450641866,3925.73800515506,4.818703248475585,0.744844087762351,0.11808497,1118.98655743,849.86675993,1.9696529,12.67520082,48.01450634,0.9980953074509862,0.9105266310965836,,,1.3202881414807326,0.05233732418885706,1.385751007605407,0.05367858080287218,872.5764222222222,557.6393698113208,-0.024191396546048453
1993,material_cable,3,True,1.046031764752994,0.8434254371608697,48.28172072920923,610.7150595447703,2364.7449577626658,3.867035287501548,0.4873915940306874,0.32789908,914.02146331,669.15779508,5.21596257,12.25696507,32.46129487,0.9858770355635066,0.956424971662435,,,2.1700959025413353,0.06113858819486322,2.092979202428537,0.05448408254994052,707.6897513513513,548.3323411764705,0.018089453789565158
1994,material_cable,3,True,0.8833427073095843,0.8604983766612382,27.67261226794726,304.7318835235413,1978.8676847823167,3.221430144295882,0.6413440955627844,0.36228323,517.95734104,294.17249024,7.90411285,12.76907861,12.85403585,0.918341002898087,0.9313819900018364,,,1.985039004951956,0.054540536617307234,5.8275532979904145,0.0721461381483873,305.6926820512821,228.65031568627452,-0.4918360185762279
1995,material_cable,3,True,0.9422980866399148,1.089238354937649,24.632645172238774,367.3467393669571,1855.2043571423503,4.080680219177692,0.6130878821191641,0.2945086,580.73163239,377.26773257,6.802479,9.06334796,14.85023839,0.9976926647259584,0.9819932908307992,,,1.9076946870840226,0.05585859297956485,2.412028533519393,0.052790722034898235,425.66800263157893,195.0425836734694,-0.11675142611681513
1996,material_cable,3,True,0.8470300949876568,1.0086651456673554,28.25283591992602,863.1638144976323,2705.1982141532467,4.050612586373148,0.6379438190380876,0.41584822,1188.01814158,709.32644599,21.58245278,23.11039623,24.57713976,0.9423629094568706,0.9693070571769162,,,2.082377239564079,0.05621540847650547,3.3389636012167676,0.054006701176687474,806.9810459459459,435.910394117647,-0.2317851613756312
1997,material_cable,3,True,1.2370259628135811,1.178406165562135,40.19028012162792,518.3284733491901,1794.1063826683403,4.385840590208021,0.7671017576502734,0.11623797,1557.43836829,1424.63023418,5.80806451,3.66426629,73.41254247,0.9365728056981644,0.9947808534744828,,,1.3582582587009324,0.05363562946882547,1.2047453441933862,0.055269333104085674,1451.727017777778,1343.940208888889,0.05989570765105011
1998,material_cable,3,True,0.978378335655818,1.0196384241803242,25.002352430828957,1109.6700165114212,1367.8533327796652,3.4207683288526844,0.7787529505375501,0.38839405,1471.4531746,982.09221843,19.47606671,22.72280032,35.04442777,0.938881992096748,0.9880207035522304,,,2.0612521218624082,0.05509282669358536,2.6999154810092265,0.05473220775291715,1149.7903846153847,551.4520791666667,-0.13414007075945342
1934,material_cable,3,True,1.1642500733976908,1.3367053829032505,74.36713068990677,697.3259684809354,6375.505724443706,4.6522938472691004,0.4530088815965876,0.10821293,2330.73721663,2027.59382556,21.15092744,12.64788804,99.43753881,0.9000099356413607,0.9450732637435496,/home/chaoyu/phd_simulation/sensitivity_analysis/data/01934_verts.csv,/home/chaoyu/phd_simulation/sensitivity_analysis/data/01934_stress.csv,1.319797700423511,0.05335153174174304,1.2352984038969914,0.053824866920378155,2063.515713043478,1850.7226538461537,0.03307088777742521
1924,material_cable,3,True,1.0198083198408283,1.1150796859384655,8.78681391328737,670.0942543613492,3833.277248599987,4.240407704204346,0.5804049938825324,0.23379709,1281.73195772,868.80515796,12.17808888,21.02914281,40.00433826,0.973180506256694,0.9484372627402756,/home/chaoyu/phd_simulation/sensitivity_analysis/data/01924_verts.csv,/home/chaoyu/phd_simulation/sensitivity_analysis/data/01924_stress.csv,1.7379841678278234,0.05542527757645783,2.2618491664634655,0.052470552844497496,978.2839615384618,354.40056599999997,-0.13097170678199352
1938,material_cable,3,True,1.0646967161758671,1.1684505317020537,80.9077417857474,409.9660721846445,4843.223668054628,4.588304497628154,0.5143030006239229,0.14017756,1116.89744228,881.9461646,11.93189811,9.12587408,43.2133835,0.9263901187987033,0.9244253802582204,/home/chaoyu/phd_simulation/sensitivity_analysis/data/01938_verts.csv,/home/chaoyu/phd_simulation/sensitivity_analysis/data/01938_stress.csv,1.484899059322168,0.05319892033618988,1.489684738811575,0.05329949789639299,898.8274888888888,740.5143320754717,-0.0016088568398743858
1945,material_cable,3,True,1.0500554228553338,1.3599268707996637,50.02975657702243,406.492120962313,3463.6211975450024,4.454543415761497,0.5690410100307737,0.12576845,1104.60743634,911.0497114,12.23263028,5.8435836,48.00979075,0.9082932968861888,0.9777312073088266,/home/chaoyu/phd_simulation/sensitivity_analysis/data/01945_verts.csv,/home/chaoyu/phd_simulation/sensitivity_analysis/data/01945_stress.csv,1.4043203400145958,0.054533637616475596,1.3199729431668004,0.05432161812723587,942.1527478260869,780.1560469387755,0.030961202807538994
1949,material_cable,3,True,1.1527359577507212,0.8585474059239132,16.761271088266113,466.0727191996444,2504.942486408725,4.280861037248098,0.7061045593889708,0.16633059,1035.74946805,824.55587153,3.58579542,12.5747509,49.95051252,0.9703538857250296,0.9792298526701074,/home/chaoyu/phd_simulation/sensitivity_analysis/data/01949_verts.csv,/home/chaoyu/phd_simulation/sensitivity_analysis/data/01949_stress.csv,1.5101160990852107,0.05333974258678565,1.7008480622624913,0.054498951030274,894.9185136363635,526.1076531914895,-0.05940021550948323
1955,material_cable,3,True,1.225590647029937,1.186710585667747,65.74918338057613,1159.9189642670408,2142.306465384192,4.311154115179357,0.8573523435448733,0.13289218,3099.91322301,2729.72180121,11.93054731,15.0444694,139.9604204,0.9548192937230596,0.9332184109155838,/home/chaoyu/phd_simulation/sensitivity_analysis/data/01955_verts.csv,/home/chaoyu/phd_simulation/sensitivity_analysis/data/01955_stress.csv,1.42098453424418,0.05230516810208793,1.3520536360316446,0.05330946539345907,2761.53807826087,2333.4189300000003,0.02485753674486171
1957,material_cable,3,True,1.2711848361202769,1.1950821750572334,86.63241626602245,649.553633971398,3278.2947008199912,3.203106444025987,0.5301165719973698,0.12117339,1843.05793777,1648.94279147,8.03707501,10.02440086,86.08248937,0.9748451238882184,0.9118019788584494,/home/chaoyu/phd_simulation/sensitivity_analysis/data/01957_verts.csv,/home/chaoyu/phd_simulation/sensitivity_analysis/data/01957_stress.csv,1.3904150281778689,0.0529789535697026,1.270462590598131,0.053402381452275924,1657.0477399999993,1504.4294320754718,0.045080028007795335
1960,material_cable,3,True,1.1362980646113852,0.9392891330754048,85.56852972605905,458.6644109942137,3845.24897589076,4.4845059434823895,0.8583281073812645,0.07654298,2204.23165988,1755.0208614,17.40439307,10.50724736,102.189854,0.9089686312891578,0.9017673671248656,/home/chaoyu/phd_simulation/sensitivity_analysis/data/01960_verts.csv,/home/chaoyu/phd_simulation/sensitivity_analysis/data/01960_stress.csv,1.1580029916654127,0.05152758269056171,1.1837647542212246,0.05348154606056604,1768.5618399999994,1314.9655000000002,-0.011000989573395155
1964,material_cable,3,True,1.1249195778521772,1.100192012338448,31.04870079861805,372.2163850710534,6658.483639554226,3.407212571806041,0.7884561658508351,0.03789097,3628.49366682,2802.44171874,20.0045608,45.84710924,166.48521276,0.926711458486449,0.9075191073899068,/home/chaoyu/phd_simulation/sensitivity_analysis/data/01964_verts.csv,/home/chaoyu/phd_simulation/sensitivity_analysis/data/01964_stress.csv,0.9317692659313174,0.05236072808395291,0.9436375767411939,0.05253973234198127,2848.1456000000003,1415.9003423076924,-0.006328392613180291
1966,material_cable,3,True,1.072376007481323,1.011415163833665,28.35811886350124,585.0298307148307,5661.009985097335,4.236766445902072,0.7120405978093157,0.1423733,1607.88886834,1251.06892927,12.28392511,16.06219649,65.05659047,0.921642538039988,0.9716502930495272,/home/chaoyu/phd_simulation/sensitivity_analysis/data/01966_verts.csv,/home/chaoyu/phd_simulation/sensitivity_analysis/data/01966_stress.csv,1.4259819983299926,0.054446687489131854,1.5433027005407975,0.054035863616958925,1330.1491023255815,803.0579163265306,-0.039511435954734025
1973,material_cable,3,True,1.114818229000523,0.9357863871278044,57.1729088730077,514.7672296977736,6456.751791108594,3.0046304580461864,0.7054763682569891,0.11007427,1660.61318286,1418.01255217,12.32199098,6.24833974,77.79707479,0.9153980056239636,0.9847135788633574,/home/chaoyu/phd_simulation/sensitivity_analysis/data/01973_verts.csv,/home/chaoyu/phd_simulation/sensitivity_analysis/data/01973_stress.csv,1.3355712816014957,0.05277224097370011,1.200768864873373,0.054665521234100845,1428.7309565217395,1320.5327897959182,0.05314839845731175
1983,material_cable,3,True,1.3034136681013777,1.2952815731155196,11.2901434790878,286.64830245423167,2438.0145014354275,4.731640880312936,0.5495122797326151,0.06684383,1651.35568431,1378.77255194,4.39608757,19.44374172,74.858769,0.9634187126325772,0.903833915317283,/home/chaoyu/phd_simulation/sensitivity_analysis/data/01983_verts.csv,/home/chaoyu/phd_simulation/sensitivity_analysis/data/01983_stress.csv,1.0989576778944146,0.05302422063161388,1.0667805597127604,0.05372089970918539,1399.3612399999997,819.088698076923,0.01485734407922038
1980,material_cable,3,True,1.0592438605921253,0.8832389849286824,11.62915562219519,544.1036458230233,1051.303128869789,4.926694356360168,0.5921616665727845,0.39038657,773.69665706,514.2958053,7.47500134,15.76294593,29.34158164,0.928047196621869,0.9841283033272792,/home/chaoyu/phd_simulation/sensitivity_analysis/data/01980_verts.csv,/home/chaoyu/phd_simulation/sensitivity_analysis/data/01980_stress.csv,2.008528553350946,0.053903801346335545,3.6878839120601543,0.08072519852892503,628.6295828571427,216.08817599999998,-0.29480929776527554
1999,material_cable,3,True,0.9413109546484671,1.2371040854405506,82.1094426476561,310.99064163014464,7476.8981229961455,4.726972343467654,0.4754495512998591,0.14138277,711.38760871,527.3544424,10.36927396,13.25618891,36.45526971,0.9706797512450704,0.9292558497104866,/home/chaoyu/phd_simulation/sensitivity_analysis/data/01999_verts.csv,/home/chaoyu/phd_simulation/sensitivity_analysis/data/01999_stress.csv,1.4327420209994945,0.052436712121759675,1.6275895468117458,0.0532236639986982,554.6687755555556,302.67259607843135,-0.06366876316987015
