sample_id,motif,has_cable,group,sf_wale,sf_course,knit_dir,pressure,crown_height,mean_stress,max_stress,boundary_reaction_mean,verts_path,stress_path,H_mean_x0,H_mean_y0,r_x0,r_y0,von_mises_x0,von_mises_y0,T_wale_x0,T_course_y0,sim_failed
0,1,False,motif1_nocable,1.3550090524740444,0.8719782660053672,8.741596348870027,894.1024876842241,0.14505307,2535.94851696,2867.44004238,144.57323314,/home/chaoyu/phd_simulation/sensitivity_analysis/data/nocable_v2/m1_00000_verts.csv,/home/chaoyu/phd_simulation/sensitivity_analysis/data/nocable_v2/m1_00000_stress.csv,0.8444174572939751,6.467090030946571,0.05258402193734731,0.06777159979803259,2593.918947727273,2401.1304673913046,2399.113743181818,-162.2465891304348,False
1,1,False,motif1_nocable,0.9628127737228802,1.1628407635430105,42.55824029208616,768.7940785097545,0.12080043,2527.63337097,2664.42969799,123.17145605,/home/chaoyu/phd_simulation/sensitivity_analysis/data/nocable_v2/m1_00001_verts.csv,/home/chaoyu/phd_simulation/sensitivity_analysis/data/nocable_v2/m1_00001_stress.csv,0.8403270596551697,0.9727397821352125,0.05346865136819891,0.05621003110135353,2551.2556422222224,2563.1379891304346,280.15192888888896,2690.4827239130436,False
2,1,False,motif1_nocable,1.385849683738036,1.2490321756025142,47.42579470503329,440.9206912115219,0.03299837,3892.98491992,3908.04230557,220.3913462,/home/chaoyu/phd_simulation/sensitivity_analysis/data/nocable_v2/m1_00002_verts.csv,/home/chaoyu/phd_simulation/sensitivity_analysis/data/nocable_v2/m1_00002_stress.csv,0.25819653373074425,0.23240308234727342,0.05283796280484876,0.05528472844641836,3897.904097777777,3897.6983999999998,2874.0675733333333,4436.402689583333,False
3,1,False,motif1_nocable,1.3262877438659422,0.9623550131648739,87.50412564170098,303.02869415518546,0.05676199,1869.32474371,1898.54599852,106.26181695,/home/chaoyu/phd_simulation/sensitivity_analysis/data/nocable_v2/m1_00003_verts.csv,/home/chaoyu/phd_simulation/sensitivity_analysis/data/nocable_v2/m1_00003_stress.csv,0.4355347971854715,0.37391265771565274,0.052992651242773324,0.05527915780575734,1860.2697977777777,1879.4506104166667,1961.2869377777783,214.2316708333333,False
4,1,False,motif1_nocable,1.3918053062878553,1.1071806405017663,49.19711653720815,420.8823723687318,0.04387261,2490.7381563,2510.45893238,160.64825203,/home/chaoyu/phd_simulation/sensitivity_analysis/data/nocable_v2/m1_00004_verts.csv,/home/chaoyu/phd_simulation/sensitivity_analysis/data/nocable_v2/m1_00004_stress.csv,0.339606858672186,0.30638028702903114,0.052838009237030886,0.05527925754464166,2496.76736,2497.44068125,2659.1600777777776,2293.432914583333,False
5,1,False,motif1_nocable,1.2322621155031146,0.9746150701448416,48.54693228684207,481.9038912068525,0.11627074,1346.75565847,1437.66991624,74.14299962,/home/chaoyu/phd_simulation/sensitivity_analysis/data/nocable_v2/m1_00005_verts.csv,/home/chaoyu/phd_simulation/sensitivity_analysis/data/nocable_v2/m1_00005_stress.csv,0.8198442467823328,0.8543949879134533,0.0529909258449174,0.05547576826155657,1353.210311111111,1361.0046829787236,1513.8732866666667,429.96776808510634,False
6,1,False,motif1_nocable,1.2062877950051025,1.3432382381728538,11.08587674054567,995.9147240152312,0.06605139,5086.95036255,5139.91588636,267.16862023,/home/chaoyu/phd_simulation/sensitivity_analysis/data/nocable_v2/m1_00006_verts.csv,/home/chaoyu/phd_simulation/sensitivity_analysis/data/nocable_v2/m1_00006_stress.csv,0.46681155702023597,0.45671163901037437,0.05290221563472336,0.05529655727937589,5076.819197777779,5129.312347916667,1917.1707755555553,5812.537879166666,False
7,1,False,motif1_nocable,0.9749237544605027,0.8978142072443125,89.40164193265039,233.921185254726,0.23510766,429.31717479,1364.00562854,15.71006539,/home/chaoyu/phd_simulation/sensitivity_analysis/data/nocable_v2/m1_00007_verts.csv,/home/chaoyu/phd_simulation/sensitivity_analysis/data/nocable_v2/m1_00007_stress.csv,1.3166994539440027,1.0628146763065012,0.05453487281675713,0.057168396141377066,333.0928195121951,499.9478,356.6230829268292,17.11223636363636,False
8,1,False,motif1_nocable,0.8495567669941475,1.1391904256808267,83.26880172317246,776.6220958228773,0.14209002,2417.34146713,2689.93600834,121.87106816,/home/chaoyu/phd_simulation/sensitivity_analysis/data/nocable_v2/m1_00008_verts.csv,/home/chaoyu/phd_simulation/sensitivity_analysis/data/nocable_v2/m1_00008_stress.csv,0.7994342752712542,8.157952032812407,0.053332553709136005,0.07455957028429301,2521.76712,2324.768052173913,-203.89685111111112,2251.0230434782607,False
9,1,False,motif1_nocable,1.2572679502233621,1.0399558339581476,53.913159831522805,875.8202265965313,0.13724183,1693.65620428,1838.32002592,99.06362116,/home/chaoyu/phd_simulation/sensitivity_analysis/data/nocable_v2/m1_00009_verts.csv,/home/chaoyu/phd_simulation/sensitivity_analysis/data/nocable_v2/m1_00009_stress.csv,0.9492368043085025,0.8559271046993662,0.05292248453469678,0.05537253591166083,1736.2994244444442,1739.4623413043478,1877.0631266666667,1506.5858195652174,False
10,1,False,motif1_nocable,0.8238535299776972,1.3497109830835812,61.48066258315279,427.13351801563164,0.02774661,5194.59722371,5206.50021202,328.42080781,/home/chaoyu/phd_simulation/sensitivity_analysis/data/nocable_v2/m1_00010_verts.csv,/home/chaoyu/phd_simulation/sensitivity_analysis/data/nocable_v2/m1_00010_stress.csv,0.21957870185156053,0.19667118143747905,0.05280330117990473,0.05528742291158849,5199.363008888889,5193.582170833334,-156.1405577777778,5112.873945833334,False
11,1,False,motif1_nocable,1.0858756529099498,0.8407298387221566,25.01701877704696,854.6547874512161,0.00901681,1850.44138178,1896.13620495,63.76059314,/home/chaoyu/phd_simulation/sensitivity_analysis/data/nocable_v2/m1_00011_verts.csv,/home/chaoyu/phd_simulation/sensitivity_analysis/data/nocable_v2/m1_00011_stress.csv,0.4005296742067808,7.571120427262792,0.3389636403832286,0.5579664413432833,1876.4515577777781,1758.3136916666665,228.92176444444445,-1620.1063187499997,True
12,1,False,motif1_nocable,1.3770475058974352,1.063350611257335,4.537742105493686,586.3586829713017,0.06898626,2224.36914917,2263.17173057,144.21316534,/home/chaoyu/phd_simulation/sensitivity_analysis/data/nocable_v2/m1_00012_verts.csv,/home/chaoyu/phd_simulation/sensitivity_analysis/data/nocable_v2/m1_00012_stress.csv,0.4835639709644999,0.47479002273943754,0.05283604205930607,0.05535054413074485,2242.6697200000003,2231.3889875,2538.682857777778,1732.0812875,False
13,1,False,motif1_nocable,1.349361429053599,1.0580973969446277,66.96161708930173,1114.8227961413806,0.12968934,2260.21120894,2403.03036967,137.70783718,/home/chaoyu/phd_simulation/sensitivity_analysis/data/nocable_v2/m1_00013_verts.csv,/home/chaoyu/phd_simulation/sensitivity_analysis/data/nocable_v2/m1_00013_stress.csv,0.9028495870727202,0.917935652576728,0.052900119976421224,0.0552405690016042,2294.304468888889,2313.833954347826,2518.4553533333333,1909.6356608695648,False
14,1,False,motif1_nocable,1.3664987751516644,1.1810590841105701,86.701385639653,353.31608071206955,0.03237077,3015.74013108,3028.78826932,179.47433046,/home/chaoyu/phd_simulation/sensitivity_analysis/data/nocable_v2/m1_00014_verts.csv,/home/chaoyu/phd_simulation/sensitivity_analysis/data/nocable_v2/m1_00014_stress.csv,0.25286760146431403,0.22784489384742662,0.05283583958711078,0.055281685689628185,3021.886813333333,3018.121370833333,2597.2320555555552,3309.347872916667,False
15,1,False,motif1_nocable,1.2729347632031105,0.9892407154193161,54.007973329499194,387.2326665792424,0.08054377,1502.1195515,1538.39454339,87.23463367,/home/chaoyu/phd_simulation/sensitivity_analysis/data/nocable_v2/m1_00015_verts.csv,/home/chaoyu/phd_simulation/sensitivity_analysis/data/nocable_v2/m1_00015_stress.csv,0.5995548971595908,0.5474901004315144,0.052916861613333345,0.05534176718694184,1503.4546022222225,1513.3618145833334,1696.971986666667,528.2557166666667,False
16,1,False,motif1_nocable,0.9055738487550042,1.1236148632119525,14.283068233329974,1042.8069005059076,0.17999454,2429.32269244,2726.03452814,117.88755301,/home/chaoyu/phd_simulation/sensitivity_analysis/data/nocable_v2/m1_00016_verts.csv,/home/chaoyu/phd_simulation/sensitivity_analysis/data/nocable_v2/m1_00016_stress.csv,1.3483440958317536,1.1817814240250988,0.054558048910692054,0.05588122892253782,2357.209052272727,2574.289693333333,149.02690909090913,2633.415377777778,False
17,1,False,motif1_nocable,0.8540876075315745,0.8082317134486706,81.62839193047482,966.9666713034837,0.0,2160.25627375,2160.25627375,112.70423418,/home/chaoyu/phd_simulation/sensitivity_analysis/data/nocable_v2/m1_00017_verts.csv,/home/chaoyu/phd_simulation/sensitivity_analysis/data/nocable_v2/m1_00017_stress.csv,0.0,0.0,,,2160.2562999999996,2160.2563000000005,-986.4815000000002,-2477.3899,True
18,1,False,motif1_nocable,1.3084733247259952,1.1161696231824716,54.780467535736804,1029.321905766009,0.11564354,2415.82489177,2558.26692158,138.98115775,/home/chaoyu/phd_simulation/sensitivity_analysis/data/nocable_v2/m1_00018_verts.csv,/home/chaoyu/phd_simulation/sensitivity_analysis/data/nocable_v2/m1_00018_stress.csv,0.8375841662470359,0.8052968200877415,0.05288201384859382,0.05535290608729274,2465.2011711111113,2455.8775170212766,2286.268275555555,2582.865914893617,False
19,1,False,motif1_nocable,0.8614895243118157,0.9999264224470987,47.02544724317141,359.6329966902411,0.2074316,964.14344782,1443.17429771,43.18412455,/home/chaoyu/phd_simulation/sensitivity_analysis/data/nocable_v2/m1_00019_verts.csv,/home/chaoyu/phd_simulation/sensitivity_analysis/data/nocable_v2/m1_00019_stress.csv,1.3685700020895226,1.9828131308820347,0.05624592898483883,0.062311009207718766,968.2330880952379,958.4383659574468,-116.21563571428571,894.9499063829786,False
20,1,False,motif1_nocable,0.879339627989365,1.2875611622750531,20.293445758307787,426.3776172790066,0.0379044,4163.11141316,4184.6015207,237.53364724,/home/chaoyu/phd_simulation/sensitivity_analysis/data/nocable_v2/m1_00020_verts.csv,/home/chaoyu/phd_simulation/sensitivity_analysis/data/nocable_v2/m1_00020_stress.csv,0.30944443067426936,0.2719537016232839,0.05291852030779067,0.055313550469146495,4158.983264444444,4173.272414583334,-38.24276444444444,4155.884875,False
21,1,False,motif1_nocable,1.3896871499031955,0.8841600985672924,16.38966075003446,511.23847736135457,0.09295927,2556.88195356,2770.05759698,148.3288227,/home/chaoyu/phd_simulation/sensitivity_analysis/data/nocable_v2/m1_00021_verts.csv,/home/chaoyu/phd_simulation/sensitivity_analysis/data/nocable_v2/m1_00021_stress.csv,0.99292813547536,4.834541128393357,0.05602435007735018,0.09663510227350273,2561.5209957446805,2482.584178723405,2396.1166276595745,-193.08865531914896,False
22,1,False,motif1_nocable,1.1042804981779972,1.0111062076048225,0.1979987156403454,1105.5825011879342,0.22326451,1406.37084075,1753.11602816,61.83740661,/home/chaoyu/phd_simulation/sensitivity_analysis/data/nocable_v2/m1_00022_verts.csv,/home/chaoyu/phd_simulation/sensitivity_analysis/data/nocable_v2/m1_00022_stress.csv,1.3170421199996636,1.3185887344612397,0.053215949842360284,0.05551089470872401,1432.2456738095236,1577.1444755555558,1341.6921642857142,1772.7645000000002,False
23,1,False,motif1_nocable,1.078165459999845,1.0697309130961112,65.50822760595548,738.9265728418169,0.15711014,1462.56536983,1650.8254616,69.90844959,/home/chaoyu/phd_simulation/sensitivity_analysis/data/nocable_v2/m1_00023_verts.csv,/home/chaoyu/phd_simulation/sensitivity_analysis/data/nocable_v2/m1_00023_stress.csv,1.1318871435613294,1.0304970678595307,0.05307853246806803,0.056126750981997965,1571.8583200000003,1469.9936717391304,861.9276022222219,1692.7213217391304,False
24,1,False,motif1_nocable,1.3380422960326728,1.1977486287305816,22.802252109840005,1030.8690126044532,0.09027144,3294.66384037,3396.76007372,182.60640154,/home/chaoyu/phd_simulation/sensitivity_analysis/data/nocable_v2/m1_00024_verts.csv,/home/chaoyu/phd_simulation/sensitivity_analysis/data/nocable_v2/m1_00024_stress.csv,0.6788689799527531,0.6769358945197298,0.05287914998759915,0.05531935517618081,3310.038204444444,3343.9902312500003,2575.266597777778,3782.750822916667,False
25,1,False,motif1_nocable,1.2782182879935315,1.0817162506092497,34.906001308520544,1068.9630048415102,0.13707247,2092.7703847,2272.14325218,119.09868349,/home/chaoyu/phd_simulation/sensitivity_analysis/data/nocable_v2/m1_00025_verts.csv,/home/chaoyu/phd_simulation/sensitivity_analysis/data/nocable_v2/m1_00025_stress.csv,0.9580889872721684,0.8579647196387592,0.05289759524968839,0.05538944675698323,2143.079228888889,2151.993836956522,2121.477928888889,2196.971017391305,False
26,1,False,motif1_nocable,1.3708325248514064,1.0369299469123874,15.25619531284417,741.7436349975977,0.09176422,2160.8468292,2217.71622751,138.24240238,/home/chaoyu/phd_simulation/sensitivity_analysis/data/nocable_v2/m1_00026_verts.csv,/home/chaoyu/phd_simulation/sensitivity_analysis/data/nocable_v2/m1_00026_stress.csv,0.6780678554624475,0.690908626326415,0.05282378849443925,0.05540124476391976,2191.9097822222225,2167.0660208333334,2522.1111111111113,1461.1550770833335,False
27,1,False,motif1_nocable,0.859366097906485,0.9477005485976675,27.320892190977418,1048.9534995650197,0.32123791,1405.31945821,2033.81706525,56.75351779,/home/chaoyu/phd_simulation/sensitivity_analysis/data/nocable_v2/m1_00027_verts.csv,/home/chaoyu/phd_simulation/sensitivity_analysis/data/nocable_v2/m1_00027_stress.csv,1.3111567466837921,1.6778458613755713,0.05725013617115898,0.056628867223094334,1351.8414368421054,1596.0439975609756,442.42391052631575,1683.9109146341461,False
28,1,False,motif1_nocable,1.0128987230042876,1.3198376463870614,31.39580602046078,865.8323525034822,0.06595059,4680.28422541,4736.29070686,256.07677233,/home/chaoyu/phd_simulation/sensitivity_analysis/data/nocable_v2/m1_00028_verts.csv,/home/chaoyu/phd_simulation/sensitivity_analysis/data/nocable_v2/m1_00028_stress.csv,0.4740025947226325,0.4713335383505103,0.05299083442012813,0.05546832688860816,4678.6893711111115,4706.21665625,733.3096533333332,5031.906252083333,False
29,1,False,motif1_nocable,0.950562767784044,1.3646367982356569,35.946369235979354,639.7246519642206,0.04113701,5374.69571781,5400.2262449,315.09163365,/home/chaoyu/phd_simulation/sensitivity_analysis/data/nocable_v2/m1_00029_verts.csv,/home/chaoyu/phd_simulation/sensitivity_analysis/data/nocable_v2/m1_00029_stress.csv,0.32990205275834983,0.2775833305155825,0.05289011733277098,0.05537534587635277,5375.3171999999995,5383.352785416667,474.577051111111,5605.890656250001,False
30,1,False,motif1_nocable,1.1405818356762802,1.0262477395497285,4.827517103717702,943.8034243331668,0.18786657,1376.82525053,1639.51135869,68.47715032,/home/chaoyu/phd_simulation/sensitivity_analysis/data/nocable_v2/m1_00030_verts.csv,/home/chaoyu/phd_simulation/sensitivity_analysis/data/nocable_v2/m1_00030_stress.csv,1.2036295305539226,1.0726557310124694,0.05311571651523842,0.05554972617481028,1416.231381818182,1496.8656652173916,1380.2106863636363,1636.8576260869563,False
31,1,False,motif1_nocable,1.095041344804943,1.1705690817502237,81.1037192417288,781.3745830476574,0.10563129,2547.73142469,2647.76915252,126.17955098,/home/chaoyu/phd_simulation/sensitivity_analysis/data/nocable_v2/m1_00031_verts.csv,/home/chaoyu/phd_simulation/sensitivity_analysis/data/nocable_v2/m1_00031_stress.csv,0.7884003415603393,0.7595572978773407,0.052858639418897964,0.05569325848105737,2627.7613511111113,2532.3228770833334,978.1101088888888,2876.9528708333332,False
32,1,False,motif1_nocable,0.815572128610554,0.9004657045698874,87.90795973116182,818.861602561311,0.0,1330.904078,1330.904078,85.50516225,/home/chaoyu/phd_simulation/sensitivity_analysis/data/nocable_v2/m1_00032_verts.csv,/home/chaoyu/phd_simulation/sensitivity_analysis/data/nocable_v2/m1_00032_stress.csv,0.0,0.0,,,1330.9041,1330.9041,-1025.3963,-1504.0243,True
33,1,False,motif1_nocable,1.004531739922919,0.9612616644807295,52.9699261952429,467.92772671407926,0.21800529,612.29442465,800.51406201,23.67777311,/home/chaoyu/phd_simulation/sensitivity_analysis/data/nocable_v2/m1_00033_verts.csv,/home/chaoyu/phd_simulation/sensitivity_analysis/data/nocable_v2/m1_00033_stress.csv,1.2386340922912413,1.1378841450838606,0.0537035838846683,0.056946709012397644,672.412890909091,649.8729444444443,536.8175749999999,625.8722399999999,False
34,1,False,motif1_nocable,0.8689391116225517,0.902584118660629,68.8858707768931,872.8886961071789,0.33809035,1047.70770522,1527.49112296,31.37019152,/home/chaoyu/phd_simulation/sensitivity_analysis/data/nocable_v2/m1_00034_verts.csv,/home/chaoyu/phd_simulation/sensitivity_analysis/data/nocable_v2/m1_00034_stress.csv,1.200791190769408,1.2661891597993784,0.054686060875226525,0.05866835635590749,1216.5351131578948,1014.5431975609757,346.6823789473685,996.8771975609754,False
35,1,False,motif1_nocable,0.9848923125511481,0.9680496462635972,71.4971810006813,310.27051333474634,0.19709477,459.98245886,595.44769901,17.47212343,/home/chaoyu/phd_simulation/sensitivity_analysis/data/nocable_v2/m1_00035_verts.csv,/home/chaoyu/phd_simulation/sensitivity_analysis/data/nocable_v2/m1_00035_stress.csv,1.169537408751776,1.391351867208567,0.05350226665317498,0.05762316941318875,529.9560955555555,462.70666666666665,312.95216666666664,434.3189,False
36,1,False,motif1_nocable,1.054289048377732,0.9567971050134031,29.752906914002423,1053.5924822230836,0.26495924,1157.89795627,1522.95629704,42.98904248,/home/chaoyu/phd_simulation/sensitivity_analysis/data/nocable_v2/m1_00036_verts.csv,/home/chaoyu/phd_simulation/sensitivity_analysis/data/nocable_v2/m1_00036_stress.csv,1.497259106498658,1.2183272528683475,0.053425847167291256,0.056033948287456496,1238.4615463414632,1273.139608888889,1181.2950097560974,1339.631028888889,False
37,1,False,motif1_nocable,0.9229421924122863,0.813683986422079,27.641399255204373,244.13642372138105,0.0,2070.37209731,2070.37209731,91.05349437,/home/chaoyu/phd_simulation/sensitivity_analysis/data/nocable_v2/m1_00037_verts.csv,/home/chaoyu/phd_simulation/sensitivity_analysis/data/nocable_v2/m1_00037_stress.csv,0.0,0.0,,,2070.3720999999996,2070.3721,-660.9058,-2320.1371,True
38,1,False,motif1_nocable,1.0335170390596704,1.2424921332230099,44.92569867433007,376.46268451402346,0.04111006,3372.47954296,3390.48038807,174.82855817,/home/chaoyu/phd_simulation/sensitivity_analysis/data/nocable_v2/m1_00038_verts.csv,/home/chaoyu/phd_simulation/sensitivity_analysis/data/nocable_v2/m1_00038_stress.csv,0.3256144476397864,0.27617631140869264,0.05286915052102265,0.055360223081180555,3376.899446666667,3377.328241666666,644.06274,3653.0654229166666,False
39,1,False,motif1_nocable,1.2870615391811981,1.3572068489086666,13.620018433840428,617.997317675526,0.03821074,5292.67624145,5312.41134787,280.89268964,/home/chaoyu/phd_simulation/sensitivity_analysis/data/nocable_v2/m1_00039_verts.csv,/home/chaoyu/phd_simulation/sensitivity_analysis/data/nocable_v2/m1_00039_stress.csv,0.29910920702991917,0.269189701978817,0.05285219039494886,0.05528353349245931,5290.637646666668,5306.8969729166665,2423.2008777777783,6085.99619375,False
40,1,False,motif1_nocable,0.8836653563921157,0.9663832060193254,46.562513802430516,665.8665562790025,0.26870591,1069.48970527,1484.67896475,43.11740041,/home/chaoyu/phd_simulation/sensitivity_analysis/data/nocable_v2/m1_00040_verts.csv,/home/chaoyu/phd_simulation/sensitivity_analysis/data/nocable_v2/m1_00040_stress.csv,1.4505229749664557,1.2663936153546342,0.055991087558153435,0.05766976475057459,1128.152512195122,1118.0720295454546,195.73336097560974,1160.6383204545455,False
41,1,False,motif1_nocable,0.902014724539502,1.3380094827858238,73.6481016228812,764.5068355807975,0.05359787,4999.39674307,5041.31404549,295.45250422,/home/chaoyu/phd_simulation/sensitivity_analysis/data/nocable_v2/m1_00041_verts.csv,/home/chaoyu/phd_simulation/sensitivity_analysis/data/nocable_v2/m1_00041_stress.csv,0.42285503919264883,0.3866086304354208,0.05287844628423678,0.05544492658054458,5023.571962222222,4990.4631875000005,201.15452666666667,5084.121460416667,False
42,1,False,motif1_nocable,1.1399057987901395,0.8909386538683809,85.91774542027949,539.9432905717864,0.20042377,1269.50841437,1890.57869335,61.96761903,/home/chaoyu/phd_simulation/sensitivity_analysis/data/nocable_v2/m1_00042_verts.csv,/home/chaoyu/phd_simulation/sensitivity_analysis/data/nocable_v2/m1_00042_stress.csv,0.9057283797610471,0.9377526841967171,0.05460101092638942,0.0554539269870242,1133.1848818181818,1336.696054347826,1163.930090909091,-130.21278043478262,False
43,1,False,motif1_nocable,0.8563085789841351,1.312300908023115,61.517846007655,524.931390249353,0.04093883,4583.66503136,4607.8816329,272.55951856,/home/chaoyu/phd_simulation/sensitivity_analysis/data/nocable_v2/m1_00043_verts.csv,/home/chaoyu/phd_simulation/sensitivity_analysis/data/nocable_v2/m1_00043_stress.csv,0.3255019753492423,0.2761880572268715,0.052840680012828115,0.055386739713840165,4593.537304444444,4581.65159375,-83.53357333333334,4537.736641666666,False
44,1,False,motif1_nocable,1.0526597224246657,1.314094748040011,2.315934760506464,219.38357698739586,0.01749204,4455.90752792,4459.69885326,240.83805388,/home/chaoyu/phd_simulation/sensitivity_analysis/data/nocable_v2/m1_00044_verts.csv,/home/chaoyu/phd_simulation/sensitivity_analysis/data/nocable_v2/m1_00044_stress.csv,0.13739561598519412,0.12440129564249508,0.05285381471128579,0.05527534887623727,4454.73309111111,4458.8509604166675,877.7890711111111,4832.709041666666,True
45,1,False,motif1_nocable,1.2760356735679539,1.21198940349787,24.041498721034813,815.3545428007185,0.07617569,3249.08611993,3318.60679051,174.94061238,/home/chaoyu/phd_simulation/sensitivity_analysis/data/nocable_v2/m1_00045_verts.csv,/home/chaoyu/phd_simulation/sensitivity_analysis/data/nocable_v2/m1_00045_stress.csv,0.5333592943466657,0.5213531681871428,0.05289042723041042,0.05532565208688381,3255.5156799999995,3286.43743125,2125.217086666667,3785.691641666667,False
46,1,False,motif1_nocable,0.9428170572874492,1.2646041431375674,57.08120902844854,715.017589740977,0.06985126,3844.38137267,3905.10683448,207.75299316,/home/chaoyu/phd_simulation/sensitivity_analysis/data/nocable_v2/m1_00046_verts.csv,/home/chaoyu/phd_simulation/sensitivity_analysis/data/nocable_v2/m1_00046_stress.csv,0.5011832491579371,0.5526196005465281,0.05297026264593709,0.05566462841426198,3868.0059022222226,3844.573233333334,264.7839400000001,3968.4056770833326,False
47,1,False,motif1_nocable,0.8081883546957753,0.8486219230198415,63.32974709117964,799.9332617996339,0.0,1823.80509118,1823.80509118,107.38683025,/home/chaoyu/phd_simulation/sensitivity_analysis/data/nocable_v2/m1_00047_verts.csv,/home/chaoyu/phd_simulation/sensitivity_analysis/data/nocable_v2/m1_00047_stress.csv,0.0,0.0,,,1823.8050999999998,1823.8050999999998,-1130.4823000000001,-2103.9979,True
48,1,False,motif1_nocable,0.9663339458398155,1.3607230721572785,82.86436169176805,979.9660768973497,0.0633897,5372.22534915,5430.14870027,310.64636483,/home/chaoyu/phd_simulation/sensitivity_analysis/data/nocable_v2/m1_00048_verts.csv,/home/chaoyu/phd_simulation/sensitivity_analysis/data/nocable_v2/m1_00048_stress.csv,0.49011492982612176,0.4453870893975905,0.052849152122190594,0.0554206032651627,5411.819235555556,5356.6670625,585.9121288888888,5620.365375,False
49,1,False,motif1_nocable,0.9115614580620439,1.2790163347116257,8.482545757680514,582.6535348254196,0.05374541,4040.99545358,4079.26320738,224.64603763,/home/chaoyu/phd_simulation/sensitivity_analysis/data/nocable_v2/m1_00049_verts.csv,/home/chaoyu/phd_simulation/sensitivity_analysis/data/nocable_v2/m1_00049_stress.csv,0.38440554150892026,0.3559052644272936,0.05299121490807732,0.055295489673845725,4029.4178200000006,4064.7223458333333,110.80910222222221,4122.842960416667,False
50,1,False,motif1_nocable,0.9927236252211068,0.9646777112712193,38.74605765661639,1186.4056166141254,0.28998713,1321.28238919,1742.76014526,41.39892313,/home/chaoyu/phd_simulation/sensitivity_analysis/data/nocable_v2/m1_00050_verts.csv,/home/chaoyu/phd_simulation/sensitivity_analysis/data/nocable_v2/m1_00050_stress.csv,1.1459828426589862,1.232556524737134,0.054365349877880394,0.05709615692406064,1413.5390414634146,1484.2219441860466,967.1987756097561,1650.4494232558134,False
51,1,False,motif1_nocable,1.2518496168586242,0.8026289013834884,79.67038026912856,393.5264844817938,0.12034925,1787.83042569,2935.68546518,100.10381941,/home/chaoyu/phd_simulation/sensitivity_analysis/data/nocable_v2/m1_00051_verts.csv,/home/chaoyu/phd_simulation/sensitivity_analysis/data/nocable_v2/m1_00051_stress.csv,9.021450700411425,3.576958004149365,0.15475298397459492,0.06709186349816712,1626.3149400000002,1791.00855,1548.7092444444445,-296.617976,True
52,1,False,motif1_nocable,1.3975589550815426,1.2156292768862358,33.39549791628871,437.4508546280522,0.03488901,3523.16483203,3539.49532318,206.03592708,/home/chaoyu/phd_simulation/sensitivity_analysis/data/nocable_v2/m1_00052_verts.csv,/home/chaoyu/phd_simulation/sensitivity_analysis/data/nocable_v2/m1_00052_stress.csv,0.2724258218384403,0.24527070978938917,0.0528381213561331,0.05528199346138322,3527.023446666666,3529.7104187500004,2895.2237555555557,3932.462479166667,False
53,1,False,motif1_nocable,1.18766222534425,1.0185764564909758,25.557777246969273,983.7751402698382,0.1803761,1466.52640176,1699.99536069,77.55050512,/home/chaoyu/phd_simulation/sensitivity_analysis/data/nocable_v2/m1_00053_verts.csv,/home/chaoyu/phd_simulation/sensitivity_analysis/data/nocable_v2/m1_00053_stress.csv,1.1652499513717383,0.9953452059223349,0.0529913725322941,0.05558341945085658,1533.2228204545456,1539.5289369565216,1623.0888181818184,1502.9734152173914,False
54,1,False,motif1_nocable,0.9464678789717307,1.2400821581866097,71.9845936496138,1134.1235402566156,0.1163611,3691.10641742,3847.45721235,194.5555076,/home/chaoyu/phd_simulation/sensitivity_analysis/data/nocable_v2/m1_00054_verts.csv,/home/chaoyu/phd_simulation/sensitivity_analysis/data/nocable_v2/m1_00054_stress.csv,0.930615304858863,0.8045905983152097,0.05306999202245456,0.05624357886257851,3781.645253333333,3659.0879361702127,352.2351577777778,3814.8905765957456,False
55,1,False,motif1_nocable,0.9656280407693321,0.9598346753451034,77.22260081321002,226.06852360879952,0.19618104,362.51302339,552.54156341,11.80922013,/home/chaoyu/phd_simulation/sensitivity_analysis/data/nocable_v2/m1_00055_verts.csv,/home/chaoyu/phd_simulation/sensitivity_analysis/data/nocable_v2/m1_00055_stress.csv,1.161294545070428,1.2988332334672497,0.053588725497243965,0.05832294931167952,415.2175022222222,353.70766444444445,195.61554666666672,299.20438222222225,False
56,1,False,motif1_nocable,1.0411681959378254,1.1744701942337614,46.265756764943596,1159.7599020272196,0.147354,2856.11411703,3031.65641249,136.91472541,/home/chaoyu/phd_simulation/sensitivity_analysis/data/nocable_v2/m1_00056_verts.csv,/home/chaoyu/phd_simulation/sensitivity_analysis/data/nocable_v2/m1_00056_stress.csv,1.2565900907682552,0.7883087102372179,0.05349572303574593,0.056297714405509944,2914.9283111111113,2904.0457244444447,830.9803177777779,3225.8907844444448,False
57,1,False,motif1_nocable,0.9763225435580672,1.2011229787888287,39.615842130420035,275.87718496606635,0.03933655,2768.71683266,2785.76904121,139.71984611,/home/chaoyu/phd_simulation/sensitivity_analysis/data/nocable_v2/m1_00057_verts.csv,/home/chaoyu/phd_simulation/sensitivity_analysis/data/nocable_v2/m1_00057_stress.csv,0.31235973195600863,0.28128298043228245,0.05288440560692392,0.05536725406023019,2770.540502222222,2774.0491312500003,258.3635488888889,2894.4112354166664,False
58,1,False,motif1_nocable,1.0317132285681847,1.2722241407419974,50.992678693748516,646.1612691802036,0.06039407,3887.81960405,3929.55208818,204.85716366,/home/chaoyu/phd_simulation/sensitivity_analysis/data/nocable_v2/m1_00058_verts.csv,/home/chaoyu/phd_simulation/sensitivity_analysis/data/nocable_v2/m1_00058_stress.csv,0.4335840651504422,0.4305601406553979,0.05292118256833296,0.05548294175296904,3902.452811111111,3893.9768874999995,724.6397288888888,4205.139733333333,False
59,1,False,motif1_nocable,1.2520497189827724,1.0074648270059876,74.21421970836515,1074.316730695708,0.17182476,1699.63377205,1887.09512915,95.37963769,/home/chaoyu/phd_simulation/sensitivity_analysis/data/nocable_v2/m1_00059_verts.csv,/home/chaoyu/phd_simulation/sensitivity_analysis/data/nocable_v2/m1_00059_stress.csv,1.1080644796769799,0.9929269744045275,0.05304241934573325,0.055307378904549745,1729.8639704545456,1781.1449826086955,1925.0645000000002,1285.1914391304347,False
60,1,False,motif1_nocable,1.1037923215436796,0.8604181153172045,1.009900646566961,616.1555701683608,0.23946374,1239.28198228,2170.55063112,61.77285293,/home/chaoyu/phd_simulation/sensitivity_analysis/data/nocable_v2/m1_00060_verts.csv,/home/chaoyu/phd_simulation/sensitivity_analysis/data/nocable_v2/m1_00060_stress.csv,1.4231280676339633,1.2251047959907397,0.053265871061781156,0.05735209122043851,1321.6149756097564,1060.1021772727272,1228.2100975609756,146.5200909090909,False
61,1,False,motif1_nocable,1.0018171613814153,0.843916858361802,84.24803696457712,541.37281146767,0.29080067,868.14725056,2151.91178156,38.86202314,/home/chaoyu/phd_simulation/sensitivity_analysis/data/nocable_v2/m1_00061_verts.csv,/home/chaoyu/phd_simulation/sensitivity_analysis/data/nocable_v2/m1_00061_stress.csv,1.2895791732568995,0.9798236477163206,0.05409080017380374,0.05779729348755114,687.9459325,972.9696523809524,766.1657600000001,2.927369047619056,False
62,1,False,motif1_nocable,1.161781584981757,0.9728964146565138,3.7027087299900163,699.1645095389968,0.1787026,1131.43254885,1267.01639305,59.09815901,/home/chaoyu/phd_simulation/sensitivity_analysis/data/nocable_v2/m1_00062_verts.csv,/home/chaoyu/phd_simulation/sensitivity_analysis/data/nocable_v2/m1_00062_stress.csv,1.1638692685101635,1.0757636978560763,0.053005024155901574,0.056024924344796605,1212.787709090909,1123.9391608695653,1372.6541727272727,819.461693478261,False
63,1,False,motif1_nocable,1.2582117948075016,1.060218564582229,0.8842606798997977,792.6259761687963,0.12030355,1744.10719547,1867.58245658,103.03905295,/home/chaoyu/phd_simulation/sensitivity_analysis/data/nocable_v2/m1_00063_verts.csv,/home/chaoyu/phd_simulation/sensitivity_analysis/data/nocable_v2/m1_00063_stress.csv,0.8654872302007861,0.8715202969967581,0.05289446493391068,0.0554419280782193,1779.1395066666669,1786.8710297872346,1880.3850911111113,1736.0174638297876,False
64,1,False,motif1_nocable,1.1478720871400978,1.284862654040293,83.77722670870362,500.29680668358355,0.04246635,4044.97995008,4064.98803102,212.02883548,/home/chaoyu/phd_simulation/sensitivity_analysis/data/nocable_v2/m1_00064_verts.csv,/home/chaoyu/phd_simulation/sensitivity_analysis/data/nocable_v2/m1_00064_stress.csv,0.3304698380196651,0.28368428079830665,0.05283341352311676,0.055320891739819265,4061.642982222223,4041.2217875,1386.76008,4551.867835416667,False
65,1,False,motif1_nocable,1.3136331375268477,1.3089215392104792,13.206968274704028,921.4984408037451,0.06288275,4655.77919574,4708.94805296,246.26030081,/home/chaoyu/phd_simulation/sensitivity_analysis/data/nocable_v2/m1_00065_verts.csv,/home/chaoyu/phd_simulation/sensitivity_analysis/data/nocable_v2/m1_00065_stress.csv,0.44491846065046975,0.434735856441406,0.05287195858577287,0.0552909459616609,4653.656524444444,4691.013989583334,2549.364042222223,5413.516479166667,False
66,1,False,motif1_nocable,0.850389277415704,0.9349651450171746,23.951752159870296,419.3732940050352,0.27320321,762.73604926,1464.53246006,30.74298378,/home/chaoyu/phd_simulation/sensitivity_analysis/data/nocable_v2/m1_00066_verts.csv,/home/chaoyu/phd_simulation/sensitivity_analysis/data/nocable_v2/m1_00066_stress.csv,1.4067180451296568,1.515805723382853,0.05673743154519335,0.056026868507460054,700.3768975609756,838.9338651162793,127.3947,825.6347837209303,False
67,1,False,motif1_nocable,1.0145444831236903,0.8186682600810031,52.72041753923418,254.24268110048612,0.23878719,658.46171967,2340.7920149,31.47763032,/home/chaoyu/phd_simulation/sensitivity_analysis/data/nocable_v2/m1_00067_verts.csv,/home/chaoyu/phd_simulation/sensitivity_analysis/data/nocable_v2/m1_00067_stress.csv,5.5011862985901425,2.2018838443624937,0.0656462112747583,0.05867330431555191,622.5409093023256,613.3240956521739,533.9061976744186,-80.19769782608697,False
68,1,False,motif1_nocable,1.0271584391378838,1.3780596695401992,73.3495918640629,590.8867695754057,0.03675875,5554.19728053,5573.59260694,315.33490413,/home/chaoyu/phd_simulation/sensitivity_analysis/data/nocable_v2/m1_00068_verts.csv,/home/chaoyu/phd_simulation/sensitivity_analysis/data/nocable_v2/m1_00068_stress.csv,0.28877846718851224,0.24743159446923524,0.052842771842690275,0.055320363462135,5566.840984444444,5550.471808333333,898.4965422222219,5943.65395,False
69,1,False,motif1_nocable,0.8252877302401613,1.1438305975205711,84.77921835872215,1161.6393752713766,0.1794819,2806.89511258,3127.97293898,147.42606948,/home/chaoyu/phd_simulation/sensitivity_analysis/data/nocable_v2/m1_00069_verts.csv,/home/chaoyu/phd_simulation/sensitivity_analysis/data/nocable_v2/m1_00069_stress.csv,1.0117955401491314,4.816421716997854,0.053278795442755704,0.06303881680075515,2961.0594255813953,2702.1863608695653,-195.76314651162792,2615.436252173913,False
70,1,False,motif1_nocable,0.996236011804241,0.8254853851334503,42.84693738298503,486.7954810327563,0.0,1955.05303506,1955.05303506,72.90768983,/home/chaoyu/phd_simulation/sensitivity_analysis/data/nocable_v2/m1_00070_verts.csv,/home/chaoyu/phd_simulation/sensitivity_analysis/data/nocable_v2/m1_00070_stress.csv,0.0,0.0,,,1955.053,1955.053,-279.13429999999994,-2079.6175,True
71,1,False,motif1_nocable,0.9388734347784647,1.1331497438592462,63.66209554789226,432.2590287148482,0.09464729,1984.75119905,2070.71902073,93.64908961,/home/chaoyu/phd_simulation/sensitivity_analysis/data/nocable_v2/m1_00071_verts.csv,/home/chaoyu/phd_simulation/sensitivity_analysis/data/nocable_v2/m1_00071_stress.csv,0.747689710959548,0.7704115841618259,0.05303296848809699,0.05635910870462599,2024.454575555556,1977.2027166666667,29.041406666666667,1991.5239645833333,False
72,1,False,motif1_nocable,0.8119512447032735,0.9410095829658071,68.4345979314333,1145.8680722839488,0.34199142,1595.24012458,2261.99317416,73.10275409,/home/chaoyu/phd_simulation/sensitivity_analysis/data/nocable_v2/m1_00072_verts.csv,/home/chaoyu/phd_simulation/sensitivity_analysis/data/nocable_v2/m1_00072_stress.csv,1.295354931155254,1.216005130763386,0.05636396425574299,0.1027956592728746,1808.9757944444443,1487.3708325,156.894,1556.8712,True
73,1,False,motif1_nocable,1.374747228276919,1.1265927241140223,78.7174475938592,600.4501269868542,0.06114926,2588.9619475,2630.23492215,161.2743607,/home/chaoyu/phd_simulation/sensitivity_analysis/data/nocable_v2/m1_00073_verts.csv,/home/chaoyu/phd_simulation/sensitivity_analysis/data/nocable_v2/m1_00073_stress.csv,0.43177785655516016,0.42201395370088646,0.052849868152030306,0.05528563711120921,2603.4007933333337,2601.2413875,2599.9216666666666,2587.8196958333333,False
74,1,False,motif1_nocable,1.203943652852122,0.8827851454316838,74.09126541856372,879.6190172361945,0.21376998,1723.02742556,2301.70225964,90.69139145,/home/chaoyu/phd_simulation/sensitivity_analysis/data/nocable_v2/m1_00074_verts.csv,/home/chaoyu/phd_simulation/sensitivity_analysis/data/nocable_v2/m1_00074_stress.csv,1.0637792826564205,1.1742102884525125,0.0539642671907374,0.05518820703834516,1586.3218333333332,1792.552402222222,1640.5691095238092,-37.68023333333334,False
75,1,False,motif1_nocable,1.0441688886422797,1.2469102356848234,88.42303798836673,597.5157611670581,0.06228176,3496.44181045,3538.08815689,180.7464763,/home/chaoyu/phd_simulation/sensitivity_analysis/data/nocable_v2/m1_00075_verts.csv,/home/chaoyu/phd_simulation/sensitivity_analysis/data/nocable_v2/m1_00075_stress.csv,0.47782189642194484,0.43545513269409675,0.05282603157128855,0.055437035110002156,3530.012806666667,3485.5692020833335,744.2578533333333,3796.4378500000003,False
76,1,False,motif1_nocable,0.9595677964182129,1.3292402985732565,23.63925325070423,957.7738768256783,0.06975459,4876.35333496,4948.49477719,275.99904322,/home/chaoyu/phd_simulation/sensitivity_analysis/data/nocable_v2/m1_00076_verts.csv,/home/chaoyu/phd_simulation/sensitivity_analysis/data/nocable_v2/m1_00076_stress.csv,0.5007366629954303,0.4978778792644995,0.05303065786140928,0.05545847416316652,4865.797177777777,4911.702002083333,481.4635311111111,5139.232245833334,False
77,1,False,motif1_nocable,1.3401107908183285,1.3982520526834932,28.99903597716873,499.36646912148296,0.02699625,5998.85145705,6009.61805817,320.23506271,/home/chaoyu/phd_simulation/sensitivity_analysis/data/nocable_v2/m1_00077_verts.csv,/home/chaoyu/phd_simulation/sensitivity_analysis/data/nocable_v2/m1_00077_stress.csv,0.21248007328913496,0.19134691838376974,0.052840118393675785,0.0552853918467431,5999.62348,6004.783602083332,2864.7276,6900.693902083334,False
78,1,False,motif1_nocable,1.092663137994685,1.2969597268011022,59.16368314165223,1059.2167480172602,0.08513364,4380.33246904,4456.73312842,228.88869542,/home/chaoyu/phd_simulation/sensitivity_analysis/data/nocable_v2/m1_00078_verts.csv,/home/chaoyu/phd_simulation/sensitivity_analysis/data/nocable_v2/m1_00078_stress.csv,0.6011900598901323,0.6026612407825056,0.05297493182743687,0.055625779402449976,4424.143591111112,4383.44805,1176.5491955555556,4850.637970833333,False
79,1,False,motif1_nocable,1.212263644435573,0.9267332167698652,25.846189074773292,647.4255371559974,0.16801136,1484.24942014,1776.55397341,76.666182,/home/chaoyu/phd_simulation/sensitivity_analysis/data/nocable_v2/m1_00079_verts.csv,/home/chaoyu/phd_simulation/sensitivity_analysis/data/nocable_v2/m1_00079_stress.csv,1.0572680015511275,1.0389225901405317,0.05292565477103982,0.05626027641241426,1530.284846511628,1433.9407782608696,1566.1138953488373,194.63215869565215,False
80,1,False,motif1_nocable,1.1986206473458,1.1524039580753775,58.51982376327582,594.2471146456287,0.0779177,2307.98434195,2370.98821682,124.39714077,/home/chaoyu/phd_simulation/sensitivity_analysis/data/nocable_v2/m1_00080_verts.csv,/home/chaoyu/phd_simulation/sensitivity_analysis/data/nocable_v2/m1_00080_stress.csv,0.5453218931155063,0.5368280930119578,0.0528825320909313,0.05540979281987182,2337.1639666666665,2319.618,1498.0780844444444,2671.215008333333,False
81,1,False,motif1_nocable,1.0283535455658785,1.0764690703008826,80.29762602294501,991.9341340558099,0.19190085,1782.35262393,2026.93960221,78.08476193,/home/chaoyu/phd_simulation/sensitivity_analysis/data/nocable_v2/m1_00081_verts.csv,/home/chaoyu/phd_simulation/sensitivity_analysis/data/nocable_v2/m1_00081_stress.csv,1.3028786125594969,1.3062811418299867,0.05298054243361391,0.05664749013531359,1975.2562622222224,1725.9229688888888,741.4624999999999,1977.5969266666661,False
82,1,False,motif1_nocable,0.8722598430106709,1.1259974867401334,22.14481680502585,559.1819104607272,0.12638959,2082.29178998,2315.04693005,101.17745659,/home/chaoyu/phd_simulation/sensitivity_analysis/data/nocable_v2/m1_00082_verts.csv,/home/chaoyu/phd_simulation/sensitivity_analysis/data/nocable_v2/m1_00082_stress.csv,2.359656394515643,0.8505021141258576,0.06901790318795967,0.05481871719903554,2043.2078777777779,2146.915391304348,-140.97210222222222,2046.7014195652177,False
83,1,False,motif1_nocable,1.1153188452693839,1.1302736425560593,82.61672901345663,384.32099876817824,0.06740337,1845.63329149,1887.0218319,95.99248749,/home/chaoyu/phd_simulation/sensitivity_analysis/data/nocable_v2/m1_00083_verts.csv,/home/chaoyu/phd_simulation/sensitivity_analysis/data/nocable_v2/m1_00083_stress.csv,0.4745233639530789,0.46964660123954416,0.052844087436180937,0.05544321265548988,1876.232397777778,1842.1651249999998,922.6189422222222,2121.638875,False
84,1,False,motif1_nocable,1.2453257284255272,0.8475442097827092,89.93599491374808,313.3860185181338,0.00163678,2243.10723892,2243.50641766,85.97152255,/home/chaoyu/phd_simulation/sensitivity_analysis/data/nocable_v2/m1_00084_verts.csv,/home/chaoyu/phd_simulation/sensitivity_analysis/data/nocable_v2/m1_00084_stress.csv,0.18583206154868667,0.05501519871405826,0.1749978303240822,0.10719674138970242,2242.890886666667,2243.27940625,1203.876682222222,-1384.380239583333,True
85,1,False,motif1_nocable,0.9833926407501555,0.8534108127309681,89.23972723210719,1151.6639807514075,0.35273704,1182.02848335,2181.79487524,35.0602083,/home/chaoyu/phd_simulation/sensitivity_analysis/data/nocable_v2/m1_00085_verts.csv,/home/chaoyu/phd_simulation/sensitivity_analysis/data/nocable_v2/m1_00085_stress.csv,1.4897605049629428,1.2808194027564463,0.05339608368122771,0.05603538738519158,1138.0972625,1354.50052,1025.5208324999999,646.9894975,False
86,1,False,motif1_nocable,1.129109704938783,1.053645166181235,49.934618852160376,844.4942529448716,0.16571726,1444.73376244,1666.16494775,72.60508634,/home/chaoyu/phd_simulation/sensitivity_analysis/data/nocable_v2/m1_00086_verts.csv,/home/chaoyu/phd_simulation/sensitivity_analysis/data/nocable_v2/m1_00086_stress.csv,1.0327478229345164,1.0308707671856916,0.05311674986842253,0.05580524149596021,1523.010957777778,1502.7025978260865,1193.49888,1674.942523913043,False
87,1,False,motif1_nocable,1.3644734897422088,1.0540739414544023,41.646938195224855,454.7750519774746,0.05746783,2090.29087535,2115.06800327,135.77545792,/home/chaoyu/phd_simulation/sensitivity_analysis/data/nocable_v2/m1_00087_verts.csv,/home/chaoyu/phd_simulation/sensitivity_analysis/data/nocable_v2/m1_00087_stress.csv,0.43921931691535093,0.397481668844573,0.05283976099579654,0.05529068303627367,2098.650364444444,2098.0887708333335,2394.524082222222,1521.6508354166665,False
88,1,False,motif1_nocable,1.357750009884469,0.9213404065107027,58.800320239506824,657.6860007624618,0.10680152,2287.68597109,2410.17277887,130.47898683,/home/chaoyu/phd_simulation/sensitivity_analysis/data/nocable_v2/m1_00088_verts.csv,/home/chaoyu/phd_simulation/sensitivity_analysis/data/nocable_v2/m1_00088_stress.csv,0.7431581700945861,0.8009272672804889,0.05303568299596476,0.055263575303918046,2269.4261111111114,2300.755755319149,2261.428046666667,-21.70867021276596,False
89,1,False,motif1_nocable,1.2628382286386326,1.04358736430112,13.105628316228303,956.4063250216641,0.14307909,1773.947603,1936.65943666,102.87824504,/home/chaoyu/phd_simulation/sensitivity_analysis/data/nocable_v2/m1_00089_verts.csv,/home/chaoyu/phd_simulation/sensitivity_analysis/data/nocable_v2/m1_00089_stress.csv,0.9881901296367216,0.8925919246464715,0.05288705407076037,0.05549134597167474,1828.4435800000003,1819.029489130435,1991.2048466666665,1686.0064086956522,False
90,1,False,motif1_nocable,1.0224047267295906,1.3443254869722099,51.26185768763226,472.78375263693584,0.03338535,4982.66485678,4997.7239332,277.39197463,/home/chaoyu/phd_simulation/sensitivity_analysis/data/nocable_v2/m1_00090_verts.csv,/home/chaoyu/phd_simulation/sensitivity_analysis/data/nocable_v2/m1_00090_stress.csv,0.26493113428949583,0.2376224542372756,0.05284577276309366,0.055334633321016714,4987.616322222222,4984.491047916667,792.6620688888888,5333.1463604166665,False
91,1,False,motif1_nocable,0.9886030241782957,1.0820090002498792,54.31483774114381,729.7105125011574,0.16648855,1649.03018463,1838.99814857,73.90077879,/home/chaoyu/phd_simulation/sensitivity_analysis/data/nocable_v2/m1_00091_verts.csv,/home/chaoyu/phd_simulation/sensitivity_analysis/data/nocable_v2/m1_00091_stress.csv,1.0924286161841759,0.8696408452635099,0.0535881000863762,0.056918099185766936,1736.214179545454,1667.49414,424.58143863636366,1835.3235177777779,False
92,1,False,motif1_nocable,0.9553238330294538,1.3060971385796938,86.37717012016363,1139.4324997004164,0.08957651,4591.10099577,4695.66358053,255.23903038,/home/chaoyu/phd_simulation/sensitivity_analysis/data/nocable_v2/m1_00092_verts.csv,/home/chaoyu/phd_simulation/sensitivity_analysis/data/nocable_v2/m1_00092_stress.csv,0.6758092650555393,0.6583472654618744,0.05283068471588259,0.055612117225760024,4663.152022222222,4561.481631250001,467.92575111111114,4769.247460416666,False
93,1,False,motif1_nocable,0.9481166054833782,1.0518494033344399,31.797612601658415,642.8366570668405,0.18554062,1399.45067542,1653.48233476,61.1272519,/home/chaoyu/phd_simulation/sensitivity_analysis/data/nocable_v2/m1_00093_verts.csv,/home/chaoyu/phd_simulation/sensitivity_analysis/data/nocable_v2/m1_00093_stress.csv,1.1794512350677184,0.9229850396488538,0.05457212332407931,0.05678473797615802,1402.0208954545453,1496.2454909090911,254.44371363636364,1589.3750681818185,False
94,1,False,motif1_nocable,1.0079383527546955,0.822627786739604,87.76880040414959,696.0683531461954,0.31311927,1044.18558684,2457.63627389,49.24640835,/home/chaoyu/phd_simulation/sensitivity_analysis/data/nocable_v2/m1_00094_verts.csv,/home/chaoyu/phd_simulation/sensitivity_analysis/data/nocable_v2/m1_00094_stress.csv,1.3570797540492396,1.047614284253733,0.053979632790183966,0.05573515517996414,813.1843615384615,1179.2518047619046,917.313405128205,7.147271428571432,False
95,1,False,motif1_nocable,1.0638502402367536,1.2068767725171683,75.93098504373212,749.3174408619425,0.08999489,2996.1753425,3069.92221047,150.29031881,/home/chaoyu/phd_simulation/sensitivity_analysis/data/nocable_v2/m1_00095_verts.csv,/home/chaoyu/phd_simulation/sensitivity_analysis/data/nocable_v2/m1_00095_stress.csv,0.6891626585672055,0.6922312377496439,0.0528799713342286,0.05566162377143878,3055.6572111111113,2982.6634270833333,831.2527155555555,3309.9275833333327,False
96,1,False,motif1_nocable,0.8459413960487898,1.2567690087559797,70.35781815806581,436.04824625343645,0.04670277,3732.85945543,3766.06768802,210.09429714,/home/chaoyu/phd_simulation/sensitivity_analysis/data/nocable_v2/m1_00096_verts.csv,/home/chaoyu/phd_simulation/sensitivity_analysis/data/nocable_v2/m1_00096_stress.csv,0.33142664138588324,0.7261559374018054,0.05232121665237334,0.05711485555315011,3746.3340644444443,3727.6820958333337,-240.80805999999998,3599.207845833333,False
97,1,False,motif1_nocable,0.9571140643046826,1.1087938801354957,50.662525259716226,1012.3758323125377,0.18293329,2184.52973588,2445.13602931,101.07038102,/home/chaoyu/phd_simulation/sensitivity_analysis/data/nocable_v2/m1_00097_verts.csv,/home/chaoyu/phd_simulation/sensitivity_analysis/data/nocable_v2/m1_00097_stress.csv,1.2337952966834524,1.0111038786387951,0.054195890521625864,0.057493929035199544,2272.016538636364,2221.0535800000002,386.34711818181825,2383.675057777778,False
98,1,False,motif1_nocable,0.9129178315510766,1.0937912697627674,18.523497457733907,1078.5627793512813,0.20461332,2200.10645796,2561.47021047,103.5527756,/home/chaoyu/phd_simulation/sensitivity_analysis/data/nocable_v2/m1_00098_verts.csv,/home/chaoyu/phd_simulation/sensitivity_analysis/data/nocable_v2/m1_00098_stress.csv,1.219767687095017,1.0753598812377851,0.055031644479530635,0.05639261157970936,2132.9800250000003,2363.202068181818,257.0091795454545,2459.5587818181816,False
99,1,False,motif1_nocable,0.9525871875155334,1.3599692990672352,80.79621466400822,676.4617048632035,0.04428563,5303.22975726,5331.90280049,309.35954935,/home/chaoyu/phd_simulation/sensitivity_analysis/data/nocable_v2/m1_00099_verts.csv,/home/chaoyu/phd_simulation/sensitivity_analysis/data/nocable_v2/m1_00099_stress.csv,0.34533161532270307,0.2984967172008488,0.05284594546029217,0.05534349763451977,5322.310711111111,5295.7840166666665,482.26669333333336,5517.747204166667,False
100,1,False,motif1_nocable,1.1430301142584636,1.0567454046826135,40.81045150508398,867.5253753872735,0.16281187,1499.26087012,1717.9465961,76.42332386,/home/chaoyu/phd_simulation/sensitivity_analysis/data/nocable_v2/m1_00100_verts.csv,/home/chaoyu/phd_simulation/sensitivity_analysis/data/nocable_v2/m1_00100_stress.csv,1.016425856179913,1.006467341356962,0.05311189871511805,0.0556960238226436,1558.8361933333333,1573.7355652173912,1283.632931111111,1751.3193804347827,False
101,1,False,motif1_nocable,1.0691818309829628,1.213349194953958,59.893887228968566,787.6135043684218,0.09105286,3099.46433682,3174.77080748,155.89189282,/home/chaoyu/phd_simulation/sensitivity_analysis/data/nocable_v2/m1_00101_verts.csv,/home/chaoyu/phd_simulation/sensitivity_analysis/data/nocable_v2/m1_00101_stress.csv,0.7141198312400097,0.6421597379456128,0.05297330051257837,0.05568722037496466,3144.1544866666663,3102.585483333333,877.5246399999999,3446.6549166666664,False
102,1,False,motif1_nocable,1.2080278725754163,0.917275177400957,71.22037948925583,860.1696024484835,0.19956295,1566.98889017,1951.49545916,82.18422334,/home/chaoyu/phd_simulation/sensitivity_analysis/data/nocable_v2/m1_00102_verts.csv,/home/chaoyu/phd_simulation/sensitivity_analysis/data/nocable_v2/m1_00102_stress.csv,1.1330567582961606,1.0739573275614391,0.05356098145040384,0.05517443300663844,1486.2197162790696,1644.9514413043478,1627.224823255814,235.20427608695655,False
103,1,False,motif1_nocable,1.2948251431385474,1.100696062846819,56.81561084425713,692.4825697593892,0.08829166,2093.14612622,2171.33208793,125.7094663,/home/chaoyu/phd_simulation/sensitivity_analysis/data/nocable_v2/m1_00103_verts.csv,/home/chaoyu/phd_simulation/sensitivity_analysis/data/nocable_v2/m1_00103_stress.csv,0.6604082893957132,0.6644698729768279,0.052869634409154466,0.05533041350454272,2120.0528644444444,2116.5844041666664,2063.35514,2154.8790604166666,False
104,1,False,motif1_nocable,0.973444718701193,1.3971876610960567,17.677162349849553,1085.1809519524215,0.06148985,5985.60076971,6048.15669919,354.11789494,/home/chaoyu/phd_simulation/sensitivity_analysis/data/nocable_v2/m1_00104_verts.csv,/home/chaoyu/phd_simulation/sensitivity_analysis/data/nocable_v2/m1_00104_stress.csv,0.44203162023130366,0.436115028870819,0.05296139034295715,0.05537761984605594,5972.435426666667,6020.107500000001,689.652788888889,6340.436510416667,False
105,1,False,motif1_nocable,0.8135222794039807,0.8141111358338138,10.362623710485217,620.1170560370322,0.0,2140.97155016,2140.97155016,117.07643301,/home/chaoyu/phd_simulation/sensitivity_analysis/data/nocable_v2/m1_00105_verts.csv,/home/chaoyu/phd_simulation/sensitivity_analysis/data/nocable_v2/m1_00105_stress.csv,0.0,0.0,,,2140.9716000000003,2140.9716000000003,-1154.7312999999997,-2470.4334999999996,True
106,1,False,motif1_nocable,0.8028777568795041,1.2055676482187514,67.77889998627587,755.7394544407788,0.11287446,3161.71596512,3481.58368756,177.85914573,/home/chaoyu/phd_simulation/sensitivity_analysis/data/nocable_v2/m1_00106_verts.csv,/home/chaoyu/phd_simulation/sensitivity_analysis/data/nocable_v2/m1_00106_stress.csv,1.8067392232592252,5.9693336494385445,0.06255051522419215,0.09831301976408659,3193.1188666666662,3135.5326937499995,-265.59553777777774,2999.5337270833334,False
107,1,False,motif1_nocable,1.1637868932793958,1.382038068295635,5.3002469769440275,1092.0344512959673,0.06527429,5710.56343524,5763.96837176,306.35192878,/home/chaoyu/phd_simulation/sensitivity_analysis/data/nocable_v2/m1_00107_verts.csv,/home/chaoyu/phd_simulation/sensitivity_analysis/data/nocable_v2/m1_00107_stress.csv,0.4605697481121957,0.4501582294437989,0.05289848981618662,0.055271395157473244,5695.701019999999,5755.781372916667,1735.753675555556,6426.161995833333,False
108,1,False,motif1_nocable,0.89736499100795,1.3331384241008615,14.980781249830718,1132.4763543661936,0.07907849,5024.77882553,5120.13268137,296.63910694,/home/chaoyu/phd_simulation/sensitivity_analysis/data/nocable_v2/m1_00108_verts.csv,/home/chaoyu/phd_simulation/sensitivity_analysis/data/nocable_v2/m1_00108_stress.csv,0.6337311275511446,0.5573167866442938,0.05309550123360237,0.05543240223963412,5001.470968888888,5076.288770833333,198.92004666666665,5182.113420833333,False
109,1,False,motif1_nocable,1.1594972160389139,1.2441310608678369,78.2780308174467,903.1950509799182,0.08524803,3579.54891061,3656.8962379,183.06384739,/home/chaoyu/phd_simulation/sensitivity_analysis/data/nocable_v2/m1_00109_verts.csv,/home/chaoyu/phd_simulation/sensitivity_analysis/data/nocable_v2/m1_00109_stress.csv,0.6497321482595296,0.6027755280764455,0.05285566151733678,0.055485567750585156,3638.7226044444437,3570.67393125,1460.1334511111113,4069.7338958333335,False
110,1,False,motif1_nocable,1.2816588572297654,1.1186838538770913,34.027433077444634,529.5393813927201,0.06748539,2133.50404637,2181.32279442,127.01461357,/home/chaoyu/phd_simulation/sensitivity_analysis/data/nocable_v2/m1_00110_verts.csv,/home/chaoyu/phd_simulation/sensitivity_analysis/data/nocable_v2/m1_00110_stress.csv,0.47447886696270086,0.4642640118569646,0.05286052688304399,0.05531700142744621,2145.5643666666665,2151.9928916666668,1958.0793911111114,2306.451572916667,False
111,1,False,motif1_nocable,1.352635982193904,1.1501343333376954,44.47723558779719,656.2247451316086,0.06548288,2718.35309683,2768.47507835,162.8167708,/home/chaoyu/phd_simulation/sensitivity_analysis/data/nocable_v2/m1_00111_verts.csv,/home/chaoyu/phd_simulation/sensitivity_analysis/data/nocable_v2/m1_00111_stress.csv,0.46092877730892745,0.45053704915849624,0.05284856090814109,0.05529965151491943,2733.676431111111,2735.1732520833334,2503.341315555556,2918.8591479166666,False
112,1,False,motif1_nocable,0.9346079001961253,1.2328659449857355,70.14594265747141,474.04358311466336,0.05592491,3313.44235823,3351.70726528,174.1443846,/home/chaoyu/phd_simulation/sensitivity_analysis/data/nocable_v2/m1_00112_verts.csv,/home/chaoyu/phd_simulation/sensitivity_analysis/data/nocable_v2/m1_00112_stress.csv,0.4406239191641177,0.4043278823659418,0.05287563778784007,0.05554966786083694,3334.44748,3306.928508333333,135.7196133333333,3370.776033333333,False
113,1,False,motif1_nocable,1.2479112465140938,1.0792437955467504,74.87542581084149,257.1029677695017,0.04283534,1591.35998306,1607.93271791,98.82598784,/home/chaoyu/phd_simulation/sensitivity_analysis/data/nocable_v2/m1_00113_verts.csv,/home/chaoyu/phd_simulation/sensitivity_analysis/data/nocable_v2/m1_00113_stress.csv,0.3328701325702642,0.3002531385366551,0.05284780652270435,0.055298506036166005,1597.673086666667,1595.7960625000003,1611.3631955555556,1574.1795458333333,False
114,1,False,motif1_nocable,1.2932062143146774,1.300456505750927,1.6209420612357246,936.0391745707309,0.06640427,4508.51257577,4565.79816467,237.39774883,/home/chaoyu/phd_simulation/sensitivity_analysis/data/nocable_v2/m1_00114_verts.csv,/home/chaoyu/phd_simulation/sensitivity_analysis/data/nocable_v2/m1_00114_stress.csv,0.4672071357710809,0.4554044991709599,0.052866556796298814,0.0552620325629597,4503.156140000001,4549.62963125,2399.6996733333335,5246.8943312500005,False
115,1,False,motif1_nocable,1.1713233225263355,1.3505085269675083,72.17305828754928,970.4003687670047,0.06397858,5178.55951105,5228.21524202,274.25001255,/home/chaoyu/phd_simulation/sensitivity_analysis/data/nocable_v2/m1_00115_verts.csv,/home/chaoyu/phd_simulation/sensitivity_analysis/data/nocable_v2/m1_00115_stress.csv,0.45377310620159567,0.44815379299989627,0.052863244218899076,0.05540534224594543,5215.624948888888,5172.836360416667,1713.469253333333,5811.34048125,False
116,1,False,motif1_nocable,1.0591752891443553,1.0441696385446235,56.56836692036701,711.6762497899346,0.17475004,1241.00281415,1453.87068162,57.56382107,/home/chaoyu/phd_simulation/sensitivity_analysis/data/nocable_v2/m1_00116_verts.csv,/home/chaoyu/phd_simulation/sensitivity_analysis/data/nocable_v2/m1_00116_stress.csv,1.0895816362433002,0.8937789276940923,0.05326672371035438,0.056299557171262386,1341.7855066666668,1272.5041666666666,783.3558355555556,1457.2721044444443,False
117,1,False,motif1_nocable,0.8639350194648685,1.3704327113904506,55.62559682619444,308.2031046369104,0.01882486,5491.89286357,5497.46408271,343.2277692,/home/chaoyu/phd_simulation/sensitivity_analysis/data/nocable_v2/m1_00117_verts.csv,/home/chaoyu/phd_simulation/sensitivity_analysis/data/nocable_v2/m1_00117_stress.csv,0.1488951577398616,0.13333875624577185,0.05279858158441766,0.055280439103213244,5493.726822222223,5491.908110416666,60.42593555555556,5521.62705,True
118,1,False,motif1_nocable,1.381666917107577,0.8260293656871202,33.29299922346498,555.7660508210096,0.10081532,2591.47625978,3223.46824545,157.28854603,/home/chaoyu/phd_simulation/sensitivity_analysis/data/nocable_v2/m1_00118_verts.csv,/home/chaoyu/phd_simulation/sensitivity_analysis/data/nocable_v2/m1_00118_stress.csv,2.8051815931817456,6.683388382914111,0.09820792780069731,0.1215093886771642,2524.3296674418607,2553.581475510204,2348.1546465116276,-340.3285897959184,True
119,1,False,motif1_nocable,1.1903585366163154,0.8296543468490414,39.16015200398219,504.6507821791963,0.17255306,1462.04477823,2595.04074101,77.9206792,/home/chaoyu/phd_simulation/sensitivity_analysis/data/nocable_v2/m1_00119_verts.csv,/home/chaoyu/phd_simulation/sensitivity_analysis/data/nocable_v2/m1_00119_stress.csv,4.2210629942733915,4.8836947158273265,0.07888685886929601,0.08220813075403341,1447.1644869565216,1438.1888170212767,1315.7543760869567,-221.21726595744678,False
120,1,False,motif1_nocable,1.3720985082398551,1.3843309755151636,68.13222088688657,1052.8546987688526,0.05703922,5906.18780754,5955.42452688,312.75684577,/home/chaoyu/phd_simulation/sensitivity_analysis/data/nocable_v2/m1_00120_verts.csv,/home/chaoyu/phd_simulation/sensitivity_analysis/data/nocable_v2/m1_00120_stress.csv,0.44352982340344504,0.39791659783104194,0.052848803886992465,0.05533058132168486,5935.267722222222,5909.098677083333,3113.9484044444443,6814.925629166667,False
121,1,False,motif1_nocable,0.8288868283976547,1.103706689342288,67.46650963591885,949.9078208264453,0.19118828,2296.28768239,2744.50908637,116.8110808,/home/chaoyu/phd_simulation/sensitivity_analysis/data/nocable_v2/m1_00121_verts.csv,/home/chaoyu/phd_simulation/sensitivity_analysis/data/nocable_v2/m1_00121_stress.csv,1.4676656537058113,2.4347459139452967,0.0550037887424943,0.0631682897456461,2390.617030952381,2237.921595348837,-164.07949047619044,2148.310579069767,False
122,1,False,motif1_nocable,1.035438925911902,1.2340716855028362,19.636935658354282,336.122043470109,0.03831339,3237.91492665,3254.85913862,166.92550019,/home/chaoyu/phd_simulation/sensitivity_analysis/data/nocable_v2/m1_00122_verts.csv,/home/chaoyu/phd_simulation/sensitivity_analysis/data/nocable_v2/m1_00122_stress.csv,0.301748958628883,0.27204866903531766,0.052886271656833427,0.055300345471472175,3235.0164066666666,3248.4705125,633.5779355555555,3519.0767770833336,False
123,1,False,motif1_nocable,1.0468316148043413,0.9974413918934367,43.91834445538163,318.2573354442764,0.15158188,553.07169415,679.70810012,28.52714734,/home/chaoyu/phd_simulation/sensitivity_analysis/data/nocable_v2/m1_00123_verts.csv,/home/chaoyu/phd_simulation/sensitivity_analysis/data/nocable_v2/m1_00123_stress.csv,1.0699265971047303,0.929451294812368,0.053361629155859076,0.056154722715218444,589.2008177777778,590.7095565217392,535.7179377777777,616.3446326086956,False
124,1,False,motif1_nocable,0.8427090519362598,1.2521019209651498,18.29346132922937,401.34293202835875,0.04715228,3657.13704343,3746.85688663,205.64445513,/home/chaoyu/phd_simulation/sensitivity_analysis/data/nocable_v2/m1_00124_verts.csv,/home/chaoyu/phd_simulation/sensitivity_analysis/data/nocable_v2/m1_00124_stress.csv,4.958614955897216,0.4001880477115567,0.09840949958861354,0.05377157714875523,3650.011297777778,3668.825951063831,-240.08271555555552,3534.3443489361703,False
125,1,False,motif1_nocable,1.082981413988709,0.9509976339170629,61.0428275270036,513.9627880682522,0.19958868,785.29151681,1060.82108194,36.12255898,/home/chaoyu/phd_simulation/sensitivity_analysis/data/nocable_v2/m1_00125_verts.csv,/home/chaoyu/phd_simulation/sensitivity_analysis/data/nocable_v2/m1_00125_stress.csv,1.2139347721457574,1.1388031187617844,0.053379644185337714,0.05600008007937164,786.9439113636362,845.1688195652176,874.0946931818183,419.149752173913,False
126,1,False,motif1_nocable,0.8162562272653512,0.9397040310337623,76.67679934983825,564.8941046856453,0.29153476,1018.75059454,1913.2415335,46.13534416,/home/chaoyu/phd_simulation/sensitivity_analysis/data/nocable_v2/m1_00126_verts.csv,/home/chaoyu/phd_simulation/sensitivity_analysis/data/nocable_v2/m1_00126_stress.csv,1.7561545085169223,1.7046638367425395,0.055088663269149664,0.11412909810847896,1119.1313769230771,911.1683953488373,-34.302253846153846,902.3536348837209,True
127,1,False,motif1_nocable,1.3114920285604867,0.9486811815911831,57.456575541230784,980.2468589445635,0.15736856,1991.26130401,2188.4098755,115.23144704,/home/chaoyu/phd_simulation/sensitivity_analysis/data/nocable_v2/m1_00127_verts.csv,/home/chaoyu/phd_simulation/sensitivity_analysis/data/nocable_v2/m1_00127_stress.csv,0.997993772222051,0.932172695126463,0.05306838703510603,0.055182026829344255,1978.9655302325582,2033.5295782608694,2195.055865116279,543.6396391304348,False
128,1,False,motif1_nocable,1.056206805935445,1.1885987665830298,25.499582854503576,1044.4340043186592,0.12799702,2935.00900475,3082.84657995,143.11012207,/home/chaoyu/phd_simulation/sensitivity_analysis/data/nocable_v2/m1_00128_verts.csv,/home/chaoyu/phd_simulation/sensitivity_analysis/data/nocable_v2/m1_00128_stress.csv,0.8609608325667627,0.95028819948513,0.05333295804292024,0.05567626214191704,2924.961871111111,3027.2544978260867,870.1362133333332,3365.4731543478247,False
129,1,False,motif1_nocable,1.0739171184264829,0.8643275026085167,41.29567728193976,328.56055783763793,0.20670933,860.11727361,1940.26995881,40.55078882,/home/chaoyu/phd_simulation/sensitivity_analysis/data/nocable_v2/m1_00129_verts.csv,/home/chaoyu/phd_simulation/sensitivity_analysis/data/nocable_v2/m1_00129_stress.csv,3.043946082590769,2.7812318776925724,0.05929062704746702,0.061257631317569866,871.9874380952381,874.332810869565,784.3865380952382,-132.82889782608692,False
130,1,False,motif1_nocable,1.0198052047930877,1.2542232007364984,37.14041683015282,476.6810192522256,0.04916186,3576.34640991,3604.20915242,186.97579199,/home/chaoyu/phd_simulation/sensitivity_analysis/data/nocable_v2/m1_00130_verts.csv,/home/chaoyu/phd_simulation/sensitivity_analysis/data/nocable_v2/m1_00130_stress.csv,0.3904384069503262,0.3297506285572648,0.0529073358081285,0.05538717259493975,3578.598493333333,3586.9902249999996,604.2093977777778,3851.199652083333,False
131,1,False,motif1_nocable,0.9213368059235809,0.9805560442132016,9.960756722377255,912.4799824089833,0.2734476,1273.26806855,1686.71590551,48.44759802,/home/chaoyu/phd_simulation/sensitivity_analysis/data/nocable_v2/m1_00131_verts.csv,/home/chaoyu/phd_simulation/sensitivity_analysis/data/nocable_v2/m1_00131_stress.csv,1.3142222807679615,1.2321102441546274,0.05469135929555701,0.055958884224643554,1166.1969666666666,1502.415675,546.7055928571428,1637.3028636363633,False
132,1,False,motif1_nocable,1.2314779680078312,0.8943618533044617,0.39074408434137853,241.3068667413848,0.09690704,1470.98553798,1994.79410275,74.77329837,/home/chaoyu/phd_simulation/sensitivity_analysis/data/nocable_v2/m1_00132_verts.csv,/home/chaoyu/phd_simulation/sensitivity_analysis/data/nocable_v2/m1_00132_stress.csv,1.1081694788115937,11.140395091912477,0.05755485385620044,0.11760240109805688,1532.453540909091,1400.6067604166667,1406.938693181818,-85.80022916666667,True
133,1,False,motif1_nocable,1.1528701941200061,0.945174247881074,19.872067882844703,381.85667260627156,0.14769374,1041.48048715,1268.06737949,50.10080035,/home/chaoyu/phd_simulation/sensitivity_analysis/data/nocable_v2/m1_00133_verts.csv,/home/chaoyu/phd_simulation/sensitivity_analysis/data/nocable_v2/m1_00133_stress.csv,0.9922056556530806,0.9715906168964477,0.05301266586363709,0.05658199009832219,1083.9842999999998,993.5139565217393,1100.817740909091,153.02516956521734,False
134,1,False,motif1_nocable,1.2050014823724047,1.2310254641286003,19.344182289282696,372.0209979939757,0.03681787,3271.46304481,3286.69383941,173.28529311,/home/chaoyu/phd_simulation/sensitivity_analysis/data/nocable_v2/m1_00134_verts.csv,/home/chaoyu/phd_simulation/sensitivity_analysis/data/nocable_v2/m1_00134_stress.csv,0.2884058040693442,0.2596456388503109,0.052853993211803875,0.05528806582595751,3270.9050933333333,3281.4563125,1619.2844333333335,3776.29899375,False
135,1,False,motif1_nocable,1.2917354779075518,1.0736017431842133,10.71041733037303,1061.0255515545969,0.13548069,2082.13122858,2251.97675594,120.73457201,/home/chaoyu/phd_simulation/sensitivity_analysis/data/nocable_v2/m1_00135_verts.csv,/home/chaoyu/phd_simulation/sensitivity_analysis/data/nocable_v2/m1_00135_stress.csv,0.9496747533484701,0.8528308924794047,0.05287892344974382,0.05542101095235172,2129.4545644444447,2139.1340152173916,2212.494864444445,2125.8146739130434,False
136,1,False,motif1_nocable,1.1666318581036617,1.2299106988563757,84.57825145788752,998.7697066925755,0.09728545,3432.08669496,3532.10842695,174.15002324,/home/chaoyu/phd_simulation/sensitivity_analysis/data/nocable_v2/m1_00136_verts.csv,/home/chaoyu/phd_simulation/sensitivity_analysis/data/nocable_v2/m1_00136_stress.csv,0.7271522802082075,0.7322334522438222,0.05283481891822299,0.05550021766093251,3509.844904444445,3419.6919104166664,1508.947097777778,3915.4800249999994,False
137,1,False,motif1_nocable,1.2698660464432003,1.3761562167861605,62.458645952874605,567.3352082377385,0.03368446,5571.29442804,5586.64807519,296.58980294,/home/chaoyu/phd_simulation/sensitivity_analysis/data/nocable_v2/m1_00137_verts.csv,/home/chaoyu/phd_simulation/sensitivity_analysis/data/nocable_v2/m1_00137_stress.csv,0.26468158375739403,0.2378684324982408,0.052838202919180385,0.05530040662838527,5580.249862222222,5572.226835416666,2344.708551111111,6361.405089583334,False
138,1,False,motif1_nocable,1.2844652814839328,1.3114231160831935,14.533182865918793,212.60737065089265,0.01508316,4534.95865611,4537.93513254,242.40029438,/home/chaoyu/phd_simulation/sensitivity_analysis/data/nocable_v2/m1_00138_verts.csv,/home/chaoyu/phd_simulation/sensitivity_analysis/data/nocable_v2/m1_00138_stress.csv,0.11868154827576567,0.1070916621006719,0.052836284285487464,0.05527679827994404,4534.769495555556,4536.994129166666,2281.8646688888884,5224.9374625,True
139,1,False,motif1_nocable,1.3298419409449749,0.9834060669313978,45.739403891357206,367.5602836827352,0.06314185,1835.8613534,1863.42492965,109.51092854,/home/chaoyu/phd_simulation/sensitivity_analysis/data/nocable_v2/m1_00139_verts.csv,/home/chaoyu/phd_simulation/sensitivity_analysis/data/nocable_v2/m1_00139_stress.csv,0.44261814150234596,0.4370440163565801,0.05286355227730507,0.055325045393944956,1838.9097577777775,1839.58105,2040.9238822222226,514.98233125,False
140,1,False,motif1_nocable,0.8477862422426444,1.0850292586842327,11.887643447074181,989.4241819853025,0.2081821,2195.51944616,2557.5968133,108.49611505,/home/chaoyu/phd_simulation/sensitivity_analysis/data/nocable_v2/m1_00140_verts.csv,/home/chaoyu/phd_simulation/sensitivity_analysis/data/nocable_v2/m1_00140_stress.csv,1.088080350258244,1.088802758627859,0.05554811642393201,0.05608385568375313,2089.4246681818186,2333.4981431818183,-32.60412954545455,2275.716606818182,False
141,1,False,motif1_nocable,0.986762042452193,0.9306769129665947,24.53230077035492,1118.030117106819,0.30712168,1166.91491425,1573.72615455,32.58300858,/home/chaoyu/phd_simulation/sensitivity_analysis/data/nocable_v2/m1_00141_verts.csv,/home/chaoyu/phd_simulation/sensitivity_analysis/data/nocable_v2/m1_00141_stress.csv,1.4225945644140694,1.4807226780727847,0.053951617411436434,0.05639575173345013,1221.4335634146341,1332.194347727273,1044.9079097560975,1464.4629386363638,False
142,1,False,motif1_nocable,1.3362309801273309,1.0408231520043882,9.873098073055576,1148.2418532777897,0.14101962,2158.12313779,2311.86610029,130.14566925,/home/chaoyu/phd_simulation/sensitivity_analysis/data/nocable_v2/m1_00142_verts.csv,/home/chaoyu/phd_simulation/sensitivity_analysis/data/nocable_v2/m1_00142_stress.csv,0.9736068074105187,0.8841034341245163,0.052827963509609464,0.055500855520304676,2226.3956955555554,2183.4824652173916,2510.397462222222,1793.9309152173912,False
143,1,False,motif1_nocable,0.8415161754801708,1.179818129628846,6.005929933602808,1155.3990646312654,0.15343666,3109.56315258,3381.20222824,165.65777203,/home/chaoyu/phd_simulation/sensitivity_analysis/data/nocable_v2/m1_00143_verts.csv,/home/chaoyu/phd_simulation/sensitivity_analysis/data/nocable_v2/m1_00143_stress.csv,2.6384147540693306,0.9320164079338018,0.0641868239852987,0.05587459541921213,3017.3501911111107,3246.355623913043,-112.8868488888889,3173.2965217391306,False
144,1,False,motif1_nocable,1.2153553173472256,1.0997055622592637,56.027373095619865,406.1137363066737,0.06585368,1700.6800137,1742.75512971,99.66404454,/home/chaoyu/phd_simulation/sensitivity_analysis/data/nocable_v2/m1_00144_verts.csv,/home/chaoyu/phd_simulation/sensitivity_analysis/data/nocable_v2/m1_00144_stress.csv,0.46414383241810175,0.4554804319413249,0.05286709267428077,0.05534749274845894,1716.889624444444,1711.5959437499998,1478.103142222222,1872.7750999999998,False
145,1,False,motif1_nocable,1.1727473154577475,1.1766506854610332,38.42882856989157,908.7852011800339,0.10695458,2721.10035475,2837.38170285,138.55902345,/home/chaoyu/phd_simulation/sensitivity_analysis/data/nocable_v2/m1_00145_verts.csv,/home/chaoyu/phd_simulation/sensitivity_analysis/data/nocable_v2/m1_00145_stress.csv,0.8145806366024086,0.7983343173445026,0.05300995388354509,0.05551706272797248,2746.0686377777774,2769.1641468085104,1473.2833333333333,3193.481406382978,False
146,1,False,motif1_nocable,1.3691424653034856,1.3351803907655322,22.550309855903333,1173.5728344516208,0.07099608,5189.97547702,5263.33741248,274.65798037,/home/chaoyu/phd_simulation/sensitivity_analysis/data/nocable_v2/m1_00146_verts.csv,/home/chaoyu/phd_simulation/sensitivity_analysis/data/nocable_v2/m1_00146_stress.csv,0.49999516689118007,0.48868440056055995,0.05288024513492767,0.05531623759796271,5194.157842222222,5231.752660416667,3023.1030311111117,6041.010258333333,False
147,1,False,motif1_nocable,0.8376552623439852,1.0234999670758707,29.649758785477204,703.7261463363528,0.23129792,1552.52699136,2046.06186704,73.94220872,/home/chaoyu/phd_simulation/sensitivity_analysis/data/nocable_v2/m1_00147_verts.csv,/home/chaoyu/phd_simulation/sensitivity_analysis/data/nocable_v2/m1_00147_stress.csv,1.403842728058435,1.819260064579878,0.057716619073241014,0.058851568411196556,1510.028012195122,1636.6563651162787,-83.06310731707316,1565.5135023255812,False
148,1,False,motif1_nocable,1.2988517641727468,1.1675039262431497,64.25284148975193,811.1228551461109,0.08340149,2777.63262137,2858.7344259,156.04534944,/home/chaoyu/phd_simulation/sensitivity_analysis/data/nocable_v2/m1_00148_verts.csv,/home/chaoyu/phd_simulation/sensitivity_analysis/data/nocable_v2/m1_00148_stress.csv,0.6316040648675817,0.6320616523260396,0.05286348199452719,0.055353684730414514,2813.9865111111108,2793.8291604166666,2203.6068311111108,3138.0060104166673,False
149,1,False,motif1_nocable,1.0809733166616762,1.3058607692351782,45.525079796384475,517.3183194246553,0.04186928,4362.3285048,4382.19233051,232.44555879,/home/chaoyu/phd_simulation/sensitivity_analysis/data/nocable_v2/m1_00149_verts.csv,/home/chaoyu/phd_simulation/sensitivity_analysis/data/nocable_v2/m1_00149_stress.csv,0.3317766434228886,0.2809265983481208,0.052866706649932406,0.055353733932979036,4367.835253333333,4367.867341666667,1040.2769822222222,4794.159004166667,False
150,1,False,motif1_nocable,1.347182287632222,1.1407847381858436,9.085056229979768,589.3424020176279,0.06124431,2592.11675674,2634.81623364,156.8394683,/home/chaoyu/phd_simulation/sensitivity_analysis/data/nocable_v2/m1_00150_verts.csv,/home/chaoyu/phd_simulation/sensitivity_analysis/data/nocable_v2/m1_00150_stress.csv,0.47009055744811473,0.4228166242591445,0.052845563875002916,0.05529737027689234,2600.920875555555,2610.6423479166665,2442.5290666666665,2759.3017375,False
151,1,False,motif1_nocable,0.931107158801316,0.8165612228722674,3.125790296378343,827.400526303841,0.0,2039.82057721,2039.82057721,92.24715516,/home/chaoyu/phd_simulation/sensitivity_analysis/data/nocable_v2/m1_00151_verts.csv,/home/chaoyu/phd_simulation/sensitivity_analysis/data/nocable_v2/m1_00151_stress.csv,0.0,0.0,,,2039.8206000000005,2039.8205999999998,-617.694,-2277.275,True
152,1,False,motif1_nocable,1.108217151482271,0.9852675395461385,46.010371302066545,794.6092772092676,0.20474455,1057.24905684,1297.08951884,50.70622017,/home/chaoyu/phd_simulation/sensitivity_analysis/data/nocable_v2/m1_00152_verts.csv,/home/chaoyu/phd_simulation/sensitivity_analysis/data/nocable_v2/m1_00152_stress.csv,1.274635232711881,1.2244451030832113,0.05318541440402126,0.05586408819681468,1125.6529863636363,1122.4548555555557,1144.9919045454546,1038.3520222222223,False
153,1,False,motif1_nocable,1.0480832283477237,0.9071728903460297,9.502420964204784,890.8189991433167,0.27909206,1023.69525373,1593.70394695,38.40143365,/home/chaoyu/phd_simulation/sensitivity_analysis/data/nocable_v2/m1_00153_verts.csv,/home/chaoyu/phd_simulation/sensitivity_analysis/data/nocable_v2/m1_00153_stress.csv,1.424693908297794,1.4600426596984966,0.053279229176503025,0.05621854685446745,1155.8946365853658,998.4547545454544,1193.2396780487807,927.4802909090909,False
154,1,False,motif1_nocable,0.8331091695740317,1.2809790040130142,55.04585762268669,859.8171609589026,0.0751284,4217.80792643,4294.39198356,247.17182546,/home/chaoyu/phd_simulation/sensitivity_analysis/data/nocable_v2/m1_00154_verts.csv,/home/chaoyu/phd_simulation/sensitivity_analysis/data/nocable_v2/m1_00154_stress.csv,0.5462611814605313,0.546254305581279,0.05303189498550502,0.055868382421931935,4241.083042222222,4218.1324125,-204.84432000000007,4109.0233687499995,False
155,1,False,motif1_nocable,0.918229060147072,1.2195751796724585,7.574004113167845,1017.8202127430159,0.11674129,3396.93094605,3550.17389172,178.1006537,/home/chaoyu/phd_simulation/sensitivity_analysis/data/nocable_v2/m1_00155_verts.csv,/home/chaoyu/phd_simulation/sensitivity_analysis/data/nocable_v2/m1_00155_stress.csv,0.8619039271644531,0.8094969682668356,0.053443083734705195,0.05534509000514349,3348.931702222222,3491.1531499999996,149.05077555555556,3571.515363043477,False
156,1,False,motif1_nocable,1.3303310634454706,1.3223766439496227,77.88994475464341,786.2517968150908,0.05139091,4847.20223593,4883.96364961,258.10921773,/home/chaoyu/phd_simulation/sensitivity_analysis/data/nocable_v2/m1_00156_verts.csv,/home/chaoyu/phd_simulation/sensitivity_analysis/data/nocable_v2/m1_00156_stress.csv,0.3988231579120171,0.3407935131057949,0.05283715465530921,0.05531194255030136,4871.239797777777,4847.203952083333,2665.386824444444,5595.07435,False
157,1,False,motif1_nocable,0.9094103307572527,1.0133082048189648,56.34798344539738,549.7444898924193,0.21261485,1139.68179597,1441.03280249,48.98229777,/home/chaoyu/phd_simulation/sensitivity_analysis/data/nocable_v2/m1_00157_verts.csv,/home/chaoyu/phd_simulation/sensitivity_analysis/data/nocable_v2/m1_00157_stress.csv,1.044456790166431,1.0800124028021576,0.05455477629675762,0.05916171749886718,1222.3394636363637,1141.9940863636364,92.33979318181817,1183.361159090909,False
158,1,False,motif1_nocable,1.3939591413611732,1.0042282081423672,21.17578841222882,1095.4118212321425,0.12716565,2377.43215199,2461.46450398,150.08742813,/home/chaoyu/phd_simulation/sensitivity_analysis/data/nocable_v2/m1_00158_verts.csv,/home/chaoyu/phd_simulation/sensitivity_analysis/data/nocable_v2/m1_00158_stress.csv,0.8226443495179511,0.8140466243851097,0.0527787504572605,0.05545997245158221,2432.796771111111,2375.619619148936,2799.356333333333,1292.84974893617,False
159,1,False,motif1_nocable,1.09687782292061,1.1606865849247578,41.750400254573364,364.67220544669794,0.05650651,2213.81051884,2242.70262793,112.83791408,/home/chaoyu/phd_simulation/sensitivity_analysis/data/nocable_v2/m1_00159_verts.csv,/home/chaoyu/phd_simulation/sensitivity_analysis/data/nocable_v2/m1_00159_stress.csv,0.44216952417907396,0.37562373531761956,0.05289620434766146,0.05538026066651908,2220.905935555556,2224.9935770833335,856.8026599999997,2526.0035833333336,False
160,1,False,motif1_nocable,1.1307418445677249,1.173793993597546,32.91835298969062,331.8405423443481,0.04602471,2398.09609942,2418.6404506,124.68287527,/home/chaoyu/phd_simulation/sensitivity_analysis/data/nocable_v2/m1_00160_verts.csv,/home/chaoyu/phd_simulation/sensitivity_analysis/data/nocable_v2/m1_00160_stress.csv,0.36047516889782183,0.3067168029206678,0.052873037358205775,0.05532155830440986,2400.2984177777785,2408.727425,1064.4611155555554,2757.5017291666663,False
161,1,False,motif1_nocable,0.8896645196027905,1.1487307569263983,47.75288740950664,953.009642292101,0.15422083,2610.45332573,2832.58813411,130.2416156,/home/chaoyu/phd_simulation/sensitivity_analysis/data/nocable_v2/m1_00161_verts.csv,/home/chaoyu/phd_simulation/sensitivity_analysis/data/nocable_v2/m1_00161_stress.csv,1.1019054793798873,0.8266565942678982,0.05426093235336533,0.05744814713653045,2656.4571772727268,2637.397286666667,0.06873636363636267,2633.7061177777778,False
162,1,False,motif1_nocable,1.0700456077420595,0.8888675580546452,75.39632568792356,1102.311801565289,0.2970008,1245.60300291,1936.15722064,50.36521912,/home/chaoyu/phd_simulation/sensitivity_analysis/data/nocable_v2/m1_00162_verts.csv,/home/chaoyu/phd_simulation/sensitivity_analysis/data/nocable_v2/m1_00162_stress.csv,1.367231400633922,1.2396544656056943,0.05338116289222968,0.05550733163864489,1174.5729268292685,1403.115931818182,1261.0853634146342,578.7301818181818,False
163,1,False,motif1_nocable,1.1931987655830416,1.3026614714841096,47.13567310441019,295.37838828243275,0.02303281,4312.58115276,4318.80329861,227.99675835,/home/chaoyu/phd_simulation/sensitivity_analysis/data/nocable_v2/m1_00163_verts.csv,/home/chaoyu/phd_simulation/sensitivity_analysis/data/nocable_v2/m1_00163_stress.csv,0.1816133710562928,0.16346105819889103,0.05283331666107303,0.055286950197363426,4314.6954888888895,4314.386704166666,1679.620271111111,4901.60900625,False
164,1,False,motif1_nocable,0.8808743038377447,1.1926449846943372,62.27573139754642,490.69332691236156,0.07689795,2813.10182067,2913.87534765,145.22990881,/home/chaoyu/phd_simulation/sensitivity_analysis/data/nocable_v2/m1_00164_verts.csv,/home/chaoyu/phd_simulation/sensitivity_analysis/data/nocable_v2/m1_00164_stress.csv,0.8837937706090508,1.7935694102721602,0.060124741400061986,0.07535277164286641,2832.0302822222225,2798.102619148936,-138.3671688888889,2729.925480851064,False
165,1,False,motif1_nocable,0.9292694366400012,1.28968240741243,1.9685456790189,681.4707424949352,0.0594686,4214.78070408,4262.09715004,234.52271946,/home/chaoyu/phd_simulation/sensitivity_analysis/data/nocable_v2/m1_00165_verts.csv,/home/chaoyu/phd_simulation/sensitivity_analysis/data/nocable_v2/m1_00165_stress.csv,0.4198593436360542,0.3900013223232064,0.052981432021533624,0.05525567258360311,4199.661244444444,4245.401914583334,226.42296444444437,4358.7852875,False
166,1,False,motif1_nocable,1.174188933336123,1.223124341467475,62.90385810276268,849.5503341063688,0.08565379,3281.28025711,3359.40205798,168.27039567,/home/chaoyu/phd_simulation/sensitivity_analysis/data/nocable_v2/m1_00166_verts.csv,/home/chaoyu/phd_simulation/sensitivity_analysis/data/nocable_v2/m1_00166_stress.csv,0.6606299344212806,0.6047549317122493,0.052903692162559336,0.05550003585775936,3326.4672355555563,3286.7959833333334,1507.8790911111114,3770.515,False
167,1,False,motif1_nocable,1.3202923464883853,0.8069882832930348,59.66835344931564,700.9595162534938,0.15002705,2308.24906146,3334.97110386,136.18397992,/home/chaoyu/phd_simulation/sensitivity_analysis/data/nocable_v2/m1_00167_verts.csv,/home/chaoyu/phd_simulation/sensitivity_analysis/data/nocable_v2/m1_00167_stress.csv,6.197369133119506,2.591119995127654,0.09702188788410727,0.06901731393533557,2198.5339760869565,2246.297747826087,2033.9774804347828,-330.1443304347826,False
168,1,False,motif1_nocable,1.011433780378318,1.3376988706661797,8.138808841037484,1128.1365421059936,0.07908579,5034.88773215,5118.00055321,278.53095253,/home/chaoyu/phd_simulation/sensitivity_analysis/data/nocable_v2/m1_00168_verts.csv,/home/chaoyu/phd_simulation/sensitivity_analysis/data/nocable_v2/m1_00168_stress.csv,0.6093914265978716,0.5425744786221619,0.053000977624174106,0.055307278000035674,5010.056644444445,5093.33746875,787.8344822222222,5447.802172916667,False
169,1,False,motif1_nocable,1.0651621222794008,1.16908171327389,65.71658112285037,896.7572737783253,0.12209765,2606.4521831,2733.07071665,126.70764755,/home/chaoyu/phd_simulation/sensitivity_analysis/data/nocable_v2/m1_00169_verts.csv,/home/chaoyu/phd_simulation/sensitivity_analysis/data/nocable_v2/m1_00169_stress.csv,0.9383389780386625,0.9259991615388216,0.053026452115137235,0.05597703422384885,2691.228497777778,2599.939425531915,857.2661511111111,2920.7905702127664,False
170,1,False,motif1_nocable,1.3161331177139104,0.9530628220820092,87.01156259979703,771.579775792127,0.13064681,1940.40385416,2084.87254041,111.95043856,/home/chaoyu/phd_simulation/sensitivity_analysis/data/nocable_v2/m1_00170_verts.csv,/home/chaoyu/phd_simulation/sensitivity_analysis/data/nocable_v2/m1_00170_stress.csv,0.9078531910150381,0.9276094925279141,0.053309409020203695,0.05524620134115461,1897.933631111111,1992.810845652174,2084.307111111111,402.8407043478261,False
171,1,False,motif1_nocable,1.0775654704545006,1.2757255291274818,55.2780553966029,202.350093988414,0.0187501,3845.40005355,3849.15224145,202.58380673,/home/chaoyu/phd_simulation/sensitivity_analysis/data/nocable_v2/m1_00171_verts.csv,/home/chaoyu/phd_simulation/sensitivity_analysis/data/nocable_v2/m1_00171_stress.csv,0.14796752469338884,0.13308345327666618,0.05282482332152765,0.05528257439872964,3847.2048999999997,3845.7748916666665,935.9490422222224,4227.330647916667,True
172,1,False,motif1_nocable,1.2835936341766503,0.8547756833903274,52.28672507449147,267.89757613780324,0.09007912,1826.44467115,2523.72305538,100.99048999,/home/chaoyu/phd_simulation/sensitivity_analysis/data/nocable_v2/m1_00172_verts.csv,/home/chaoyu/phd_simulation/sensitivity_analysis/data/nocable_v2/m1_00172_stress.csv,5.36487988472649,3.330509368202899,0.1295759253387812,0.104371649447136,1770.8330893617017,1777.1473083333333,1662.2692851063832,-213.10446666666667,True
173,1,False,motif1_nocable,0.8927749567580604,1.2926449808819354,2.9721258980728527,1165.0955251270277,0.09537722,4448.91437571,4569.92037305,253.91168139,/home/chaoyu/phd_simulation/sensitivity_analysis/data/nocable_v2/m1_00173_verts.csv,/home/chaoyu/phd_simulation/sensitivity_analysis/data/nocable_v2/m1_00173_stress.csv,0.7131384848544454,0.7129692732057977,0.053141699991276346,0.05524071398670117,4409.37120888889,4524.160880851064,120.71247555555557,4595.879395744681,False
174,1,False,motif1_nocable,1.3013038620511599,0.8317130960471492,37.84317260882357,261.4627390060065,0.08464046,1968.67199691,2838.86502051,112.50622249,/home/chaoyu/phd_simulation/sensitivity_analysis/data/nocable_v2/m1_00174_verts.csv,/home/chaoyu/phd_simulation/sensitivity_analysis/data/nocable_v2/m1_00174_stress.csv,4.507356558797047,3.8121346164420755,0.1385614649038126,0.15171771270510576,1931.98305,1946.8481958333332,1775.9988652173922,-282.9160541666667,True
175,1,False,motif1_nocable,1.248572892453764,1.3692014678377253,49.696061947708095,1110.2469018424624,0.06678705,5547.70627912,5606.01064246,291.82306233,/home/chaoyu/phd_simulation/sensitivity_analysis/data/nocable_v2/m1_00175_verts.csv,/home/chaoyu/phd_simulation/sensitivity_analysis/data/nocable_v2/m1_00175_stress.csv,0.4754369915784715,0.4689890056245073,0.05290348272422546,0.05541432551852941,5570.245411111111,5562.338814583333,2253.39546,6335.48550625,False
176,1,False,motif1_nocable,1.3441067638652542,0.8572817772691723,88.75564360112075,725.9563046048335,0.12824009,2391.2925059,2853.41034006,137.02702968,/home/chaoyu/phd_simulation/sensitivity_analysis/data/nocable_v2/m1_00176_verts.csv,/home/chaoyu/phd_simulation/sensitivity_analysis/data/nocable_v2/m1_00176_stress.csv,7.171916820442674,1.8944474499718371,0.08937615517408298,0.05830137728301108,2248.849277777778,2348.387757407407,2167.960215555556,-339.5309574074073,False
177,1,False,motif1_nocable,1.237855125102013,0.8696726085811005,16.873261500229766,927.3384499179747,0.20475031,1973.35309212,2505.9016557,106.30260672,/home/chaoyu/phd_simulation/sensitivity_analysis/data/nocable_v2/m1_00177_verts.csv,/home/chaoyu/phd_simulation/sensitivity_analysis/data/nocable_v2/m1_00177_stress.csv,1.2260627098588337,1.9368329145221388,0.053034540967824804,0.05706443578462621,2044.6821285714284,1828.6700250000004,1914.219997619048,-2.4828931818181803,False
178,1,False,motif1_nocable,1.399284966551991,1.0908027111151068,39.90015562324972,281.65977284262965,0.03021196,2412.56559549,2421.16421385,158.55244006,/home/chaoyu/phd_simulation/sensitivity_analysis/data/nocable_v2/m1_00178_verts.csv,/home/chaoyu/phd_simulation/sensitivity_analysis/data/nocable_v2/m1_00178_stress.csv,0.23545053377680708,0.21257714754609272,0.052835954730352984,0.05528005267435178,2415.396191111111,2415.3141645833334,2665.506315555556,2044.7763833333331,False
179,1,False,motif1_nocable,1.1195372949838354,1.258121056901653,36.82464623390012,672.6027945150636,0.06353557,3681.75705189,3723.57534137,190.34059768,/home/chaoyu/phd_simulation/sensitivity_analysis/data/nocable_v2/m1_00179_verts.csv,/home/chaoyu/phd_simulation/sensitivity_analysis/data/nocable_v2/m1_00179_stress.csv,0.4534052559093781,0.44759134182043225,0.0529251751509769,0.05540447664289339,3687.559771111111,3701.5293937500005,1197.0251577777778,4152.1564625,False
180,1,False,motif1_nocable,1.1238320236902752,0.8756781394617634,43.061682529879256,721.3170061251597,0.2384106,1308.63986901,2084.30426791,65.26125439,/home/chaoyu/phd_simulation/sensitivity_analysis/data/nocable_v2/m1_00180_verts.csv,/home/chaoyu/phd_simulation/sensitivity_analysis/data/nocable_v2/m1_00180_stress.csv,1.2531504694631328,1.4807021188570115,0.05360623020878364,0.055941899414104754,1326.586675,1304.5855931818182,1301.4124475,84.49304545454545,False
181,1,False,motif1_nocable,1.0368641860795502,1.114375187363879,3.4941215394429976,960.5637823579428,0.16310626,2088.80793433,2277.98026875,95.89311088,/home/chaoyu/phd_simulation/sensitivity_analysis/data/nocable_v2/m1_00181_verts.csv,/home/chaoyu/phd_simulation/sensitivity_analysis/data/nocable_v2/m1_00181_stress.csv,1.0916087390061495,0.9099088057121874,0.05344652335342736,0.055264599906143366,2036.774117777778,2249.0642608695653,764.23824,2522.664473913044,False
182,1,False,motif1_nocable,1.3423492829418717,1.1851814895883275,16.600233380087627,802.9450994547457,0.07359233,3087.29026121,3154.1865348,176.18801693,/home/chaoyu/phd_simulation/sensitivity_analysis/data/nocable_v2/m1_00182_verts.csv,/home/chaoyu/phd_simulation/sensitivity_analysis/data/nocable_v2/m1_00182_stress.csv,0.5148554011846496,0.5024451875339198,0.0528597188133199,0.05529931720928702,3096.785746666666,3120.2464583333335,2526.5326044444446,3491.8818354166665,False
183,1,False,motif1_nocable,1.2892120316414,0.9089865799517014,77.52945570110622,410.63973720470364,0.1022374,1861.29602284,2084.01872244,98.54327924,/home/chaoyu/phd_simulation/sensitivity_analysis/data/nocable_v2/m1_00183_verts.csv,/home/chaoyu/phd_simulation/sensitivity_analysis/data/nocable_v2/m1_00183_stress.csv,4.496366046133455,0.91985560828011,0.07825335866562654,0.06031016089494998,1816.4878066666668,1869.6462265306125,1741.223048888889,-180.08687346938774,False
184,1,False,motif1_nocable,1.1366342777856455,1.2624140410830496,34.70167932936704,707.4611284312069,0.06480561,3759.70416843,3804.17505827,194.53307759,/home/chaoyu/phd_simulation/sensitivity_analysis/data/nocable_v2/m1_00184_verts.csv,/home/chaoyu/phd_simulation/sensitivity_analysis/data/nocable_v2/m1_00184_stress.csv,0.46173673027878204,0.45537088711294105,0.05292532663124826,0.055395180653419224,3764.4532088888886,3782.2756833333333,1310.2167844444443,4263.389833333334,False
185,1,False,motif1_nocable,1.0871434561047522,1.0964753167267212,83.62666186274203,238.2249484647619,0.05717738,1341.95207067,1369.67300486,70.23139326,/home/chaoyu/phd_simulation/sensitivity_analysis/data/nocable_v2/m1_00185_verts.csv,/home/chaoyu/phd_simulation/sensitivity_analysis/data/nocable_v2/m1_00185_stress.csv,0.4414852741603503,0.40151664419379485,0.052844767473378296,0.05543403734440522,1362.6276022222223,1339.47053125,679.4306177777778,1543.3683958333334,False
186,1,False,motif1_nocable,1.1445119301811353,0.9156871767695252,29.133553440714206,610.748964915153,0.20081699,1205.86197942,1654.65342892,58.6676924,/home/chaoyu/phd_simulation/sensitivity_analysis/data/nocable_v2/m1_00186_verts.csv,/home/chaoyu/phd_simulation/sensitivity_analysis/data/nocable_v2/m1_00186_stress.csv,1.1592307039195597,1.3328332377516647,0.05308498876712555,0.05633720253122687,1259.603011904762,1150.4594222222224,1275.3332357142858,235.89005555555562,False
187,1,False,motif1_nocable,0.8276455232265417,1.1137731151243437,66.37944215319648,532.1408413952266,0.13546255,1941.36722716,2391.41797691,99.27017818,/home/chaoyu/phd_simulation/sensitivity_analysis/data/nocable_v2/m1_00187_verts.csv,/home/chaoyu/phd_simulation/sensitivity_analysis/data/nocable_v2/m1_00187_stress.csv,3.45299720790997,5.664242642766035,0.068506874796608,0.097156994119566,1936.8383229166666,1891.9422217391307,-124.400775,1806.7967521739133,False
188,1,False,motif1_nocable,1.0392546176814048,0.8782831917771375,48.052603953436176,905.7000562668487,0.01675605,1298.90561492,1486.72320367,56.37938781,/home/chaoyu/phd_simulation/sensitivity_analysis/data/nocable_v2/m1_00188_verts.csv,/home/chaoyu/phd_simulation/sensitivity_analysis/data/nocable_v2/m1_00188_stress.csv,1.0042899537753605,3.179002201641921,0.4156637607580255,0.2694099032165181,1420.9009733333332,1357.7528520833332,26.796799999999994,-1338.1382541666667,True
189,1,False,motif1_nocable,0.8057171958398228,1.3636263186916402,30.4656554785678,390.65061843272883,0.02358439,5434.53143603,5443.27764083,353.3030645,/home/chaoyu/phd_simulation/sensitivity_analysis/data/nocable_v2/m1_00189_verts.csv,/home/chaoyu/phd_simulation/sensitivity_analysis/data/nocable_v2/m1_00189_stress.csv,0.18721782823491923,0.17006304282745277,0.05282725643077267,0.05529657883103055,5433.801784444444,5437.806033333333,-206.46467555555557,5332.332062500001,False
190,1,False,motif1_nocable,0.8749514098524519,0.9336889577465743,40.33089499790828,1120.2890382788107,0.33399591,1364.4299213,1906.14777847,48.96063491,/home/chaoyu/phd_simulation/sensitivity_analysis/data/nocable_v2/m1_00190_verts.csv,/home/chaoyu/phd_simulation/sensitivity_analysis/data/nocable_v2/m1_00190_stress.csv,1.6770538009376335,1.3559925840386,0.0570177361758751,0.0567844260242307,1426.2695842105265,1501.770895,526.7599289473685,1602.6864125,False
191,1,False,motif1_nocable,0.8916095287149937,1.2944849657060566,57.69442488556932,1191.5610684489811,0.09662659,4484.65641916,4608.79604889,256.80182589,/home/chaoyu/phd_simulation/sensitivity_analysis/data/nocable_v2/m1_00191_verts.csv,/home/chaoyu/phd_simulation/sensitivity_analysis/data/nocable_v2/m1_00191_stress.csv,0.8430687067522032,0.7279698295151729,0.0532369540809348,0.05611522619031998,4530.828042222223,4480.8968787234035,141.6619622222222,4544.39215106383,False
192,1,False,motif1_nocable,0.8703789427181686,1.1374017620202412,28.281189645681263,880.7197493014377,0.15550211,2479.97648515,2721.13010322,123.57609812,/home/chaoyu/phd_simulation/sensitivity_analysis/data/nocable_v2/m1_00192_verts.csv,/home/chaoyu/phd_simulation/sensitivity_analysis/data/nocable_v2/m1_00192_stress.csv,1.0989896823087888,0.8219928229446999,0.05459461596849154,0.056642837665135004,2456.906684090909,2559.215357777777,-107.94444090909093,2499.9065377777783,False
193,1,False,motif1_nocable,1.2387951563876498,0.9290790548705233,75.65796249673355,850.1029761234535,0.18013084,1659.20760168,1959.14380984,89.3685483,/home/chaoyu/phd_simulation/sensitivity_analysis/data/nocable_v2/m1_00193_verts.csv,/home/chaoyu/phd_simulation/sensitivity_analysis/data/nocable_v2/m1_00193_stress.csv,1.0888277549026224,1.0107974075981838,0.05351198433718789,0.05517326151054394,1586.9105363636365,1734.0783152173915,1743.7625340909092,280.5584,False
194,1,False,motif1_nocable,1.1963928693314292,1.1214352782952832,7.458189120418839,932.9601956500496,0.12716406,2158.71843056,2318.04927374,113.05334993,/home/chaoyu/phd_simulation/sensitivity_analysis/data/nocable_v2/m1_00194_verts.csv,/home/chaoyu/phd_simulation/sensitivity_analysis/data/nocable_v2/m1_00194_stress.csv,0.832994512261646,0.9062099113675415,0.052987926479815955,0.05533878414389936,2162.580202222222,2252.314189130435,1605.5310644444444,2579.5368956521743,False
195,1,False,motif1_nocable,1.3064956791259026,1.2035839488502826,69.5557146953791,227.46917690404757,0.02167199,3074.0146598,3079.79402632,173.92426002,/home/chaoyu/phd_simulation/sensitivity_analysis/data/nocable_v2/m1_00195_verts.csv,/home/chaoyu/phd_simulation/sensitivity_analysis/data/nocable_v2/m1_00195_stress.csv,0.1700378549929773,0.1531715323349676,0.052834035104171964,0.05528024029843618,3076.974457777778,3074.8108875,2213.2405022222224,3510.745564583333,False
196,1,False,motif1_nocable,0.9701800957215513,1.071478862936953,48.719551987042266,208.2704103392105,0.08641216,1077.41381314,1137.33981512,47.14448637,/home/chaoyu/phd_simulation/sensitivity_analysis/data/nocable_v2/m1_00196_verts.csv,/home/chaoyu/phd_simulation/sensitivity_analysis/data/nocable_v2/m1_00196_stress.csv,0.6748250387949897,0.6300972941066705,0.05319741344261572,0.05613781671721714,1093.84102,1087.4452645833333,54.69286222222222,1113.9766416666666,False
197,1,False,motif1_nocable,1.362362996819193,1.1045978873022377,31.105848874684547,743.9617674462472,0.0807075,2416.15554813,2483.00027704,150.50866562,/home/chaoyu/phd_simulation/sensitivity_analysis/data/nocable_v2/m1_00197_verts.csv,/home/chaoyu/phd_simulation/sensitivity_analysis/data/nocable_v2/m1_00197_stress.csv,0.6057802410115263,0.5459744467785038,0.05284198604382088,0.055306071748113694,2436.6770088888893,2438.67889375,2535.7468311111106,2341.930025,False
198,1,False,motif1_nocable,1.0749646068738858,1.2905206970868304,50.21787545300913,570.6179175760083,0.04899609,4136.17967345,4162.86602636,218.62966253,/home/chaoyu/phd_simulation/sensitivity_analysis/data/nocable_v2/m1_00198_verts.csv,/home/chaoyu/phd_simulation/sensitivity_analysis/data/nocable_v2/m1_00198_stress.csv,0.3880454280378764,0.32812227980422454,0.052878850909968925,0.05539003603953609,4146.057817777777,4141.20215,983.818182222222,4544.430975,False
199,1,False,motif1_nocable,1.0095575018079317,0.9438191044877428,36.39646370467227,835.2117441232319,0.2677925,933.7230132,1241.60393839,31.34515801,/home/chaoyu/phd_simulation/sensitivity_analysis/data/nocable_v2/m1_00199_verts.csv,/home/chaoyu/phd_simulation/sensitivity_analysis/data/nocable_v2/m1_00199_stress.csv,1.625282926209753,1.358905274544916,0.05376753877377002,0.056514569826995716,1000.8381238095238,1027.025877272727,877.5883238095239,1066.0468522727272,False
200,1,False,motif1_nocable,1.2755695268985043,1.374635271268727,5.898872914263029,340.7505922203518,0.02032701,5528.13662582,5533.69451758,294.92355105,/home/chaoyu/phd_simulation/sensitivity_analysis/data/nocable_v2/m1_00200_verts.csv,/home/chaoyu/phd_simulation/sensitivity_analysis/data/nocable_v2/m1_00200_stress.csv,0.15965798680892265,0.1441320090467279,0.052840673922090124,0.05527624935767459,5527.187822222223,5532.516908333334,2364.59454,6321.922660416666,False
201,1,False,motif1_nocable,1.0209115525796673,0.8327445231463831,33.738362665751275,1073.032655409111,0.33918499,1249.53092806,2488.01054847,53.61060689,/home/chaoyu/phd_simulation/sensitivity_analysis/data/nocable_v2/m1_00201_verts.csv,/home/chaoyu/phd_simulation/sensitivity_analysis/data/nocable_v2/m1_00201_stress.csv,1.3286986778409688,1.3804351080825916,0.053637305330636736,0.05573560404897722,1357.1990275,1236.9876463414632,1333.8645575,644.9030829268293,False
202,1,False,motif1_nocable,1.319188867327513,0.9542099594317922,43.52782682322734,1033.8451051544569,0.15846805,2031.31584746,2221.2689313,118.73140982,/home/chaoyu/phd_simulation/sensitivity_analysis/data/nocable_v2/m1_00202_verts.csv,/home/chaoyu/phd_simulation/sensitivity_analysis/data/nocable_v2/m1_00202_stress.csv,1.0045852623374287,0.9505332742625436,0.052918480189348346,0.05534262211400855,2055.443546511628,2047.518143478261,2292.846690697674,663.6391065217391,False
203,1,False,motif1_nocable,0.8189007718757911,1.2379195490446584,8.000354747654397,285.4766614111361,0.05132333,3439.46556811,3632.94452279,195.89773362,/home/chaoyu/phd_simulation/sensitivity_analysis/data/nocable_v2/m1_00203_verts.csv,/home/chaoyu/phd_simulation/sensitivity_analysis/data/nocable_v2/m1_00203_stress.csv,9.05127791346525,0.7909941519320128,0.2055921037485551,0.05597662578061389,3397.907935555556,3466.984497872341,-194.31205333333335,3309.8775914893617,True
204,1,False,motif1_nocable,1.2015548096764823,1.3874503666417017,64.54040760747701,451.4331901663335,0.02675775,5697.77079023,5707.01415837,306.88518592,/home/chaoyu/phd_simulation/sensitivity_analysis/data/nocable_v2/m1_00204_verts.csv,/home/chaoyu/phd_simulation/sensitivity_analysis/data/nocable_v2/m1_00204_stress.csv,0.21056157843818418,0.18926343549379263,0.052832792025153064,0.055289776267304316,5703.735602222223,5697.632402083334,1921.9427266666662,6409.937097916667,False
205,1,False,motif1_nocable,1.260280679194128,0.9909550117472554,39.320255544056224,560.3259599914849,0.1123762,1486.16980892,1541.88933177,86.39083806,/home/chaoyu/phd_simulation/sensitivity_analysis/data/nocable_v2/m1_00205_verts.csv,/home/chaoyu/phd_simulation/sensitivity_analysis/data/nocable_v2/m1_00205_stress.csv,0.7997437521043604,0.7979655637655579,0.052902140897230436,0.05546237766242901,1506.6280533333331,1496.2678978723404,1723.3387844444446,692.3893063829788,False
206,1,False,motif1_nocable,0.940429169345639,1.0088801773990548,30.127048618403897,679.0945832191546,0.22518289,1156.77388627,1491.83416078,47.16062289,/home/chaoyu/phd_simulation/sensitivity_analysis/data/nocable_v2/m1_00206_verts.csv,/home/chaoyu/phd_simulation/sensitivity_analysis/data/nocable_v2/m1_00206_stress.csv,1.3600444629749886,1.1379283146676313,0.055064178784357674,0.05721222940411364,1158.6768386363638,1286.6508023255813,350.8579681818182,1393.750146511628,False
207,1,False,motif1_nocable,0.8304544774435696,1.1540353375619998,78.99877873787933,231.20270187139172,0.07332339,2231.40614992,2517.30194405,116.47162349,/home/chaoyu/phd_simulation/sensitivity_analysis/data/nocable_v2/m1_00207_verts.csv,/home/chaoyu/phd_simulation/sensitivity_analysis/data/nocable_v2/m1_00207_stress.csv,1.7658579469813953,11.096145494812673,0.12012114138503822,0.17768138583234785,2213.5032869565216,2205.9100468085103,-243.14976739130435,2109.2416042553195,True
208,1,False,motif1_nocable,1.0432996932031096,1.3728280521875784,85.78365596730657,1124.074559759656,0.06990847,5573.98904257,5640.55613329,311.35540934,/home/chaoyu/phd_simulation/sensitivity_analysis/data/nocable_v2/m1_00208_verts.csv,/home/chaoyu/phd_simulation/sensitivity_analysis/data/nocable_v2/m1_00208_stress.csv,0.4901693670574191,0.539355570724851,0.05283287281511913,0.05540718534815011,5624.72495111111,5555.927675,1034.7587955555557,5995.980735416667,False
209,1,False,motif1_nocable,1.2671920851064686,0.8663318137357531,66.78314552020255,730.8224168449316,0.17090714,1995.20311259,2579.50255283,107.44283634,/home/chaoyu/phd_simulation/sensitivity_analysis/data/nocable_v2/m1_00209_verts.csv,/home/chaoyu/phd_simulation/sensitivity_analysis/data/nocable_v2/m1_00209_stress.csv,4.932656421995886,1.707739107447976,0.060425241886187905,0.0562076442754738,1920.346162790698,2006.6708934782612,1795.8097534883723,-242.88751086956523,False
210,1,False,motif1_nocable,1.148329215635164,0.8875106603455896,37.34737723391741,521.3668292897166,0.19353761,1281.05688467,1926.03001847,62.97130139,/home/chaoyu/phd_simulation/sensitivity_analysis/data/nocable_v2/m1_00210_verts.csv,/home/chaoyu/phd_simulation/sensitivity_analysis/data/nocable_v2/m1_00210_stress.csv,1.920965001947029,1.8003820621761797,0.05500786527599381,0.05611320218780058,1290.0254642857144,1269.1541599999998,1215.4065642857145,-113.05991111111113,False
211,1,False,motif1_nocable,1.2104593120599976,1.1834846358988358,30.75022984472409,293.32943212444553,0.0346701,2616.88427228,2629.99970516,142.13817751,/home/chaoyu/phd_simulation/sensitivity_analysis/data/nocable_v2/m1_00211_verts.csv,/home/chaoyu/phd_simulation/sensitivity_analysis/data/nocable_v2/m1_00211_stress.csv,0.27169623065766346,0.2446002209068669,0.05284757123915339,0.05529194032046398,2618.5634644444444,2623.446475,1557.0225133333333,3028.89990625,False
212,1,False,motif1_nocable,1.3343072267903842,1.3262212589351243,1.4215532138059885,973.5710151139496,0.06237618,4952.28802172,5006.18432455,262.16611859,/home/chaoyu/phd_simulation/sensitivity_analysis/data/nocable_v2/m1_00212_verts.csv,/home/chaoyu/phd_simulation/sensitivity_analysis/data/nocable_v2/m1_00212_stress.csv,0.44032648487478726,0.42941687021765945,0.0528575207451021,0.05526285774393489,4948.3293044444445,4989.968460416667,2730.2011933333333,5759.1953770833325,False
213,1,False,motif1_nocable,1.2967483680868144,1.1943108831281668,34.21542574636708,1080.9661137128317,0.10048357,3182.0779367,3303.52423666,171.28608398,/home/chaoyu/phd_simulation/sensitivity_analysis/data/nocable_v2/m1_00213_verts.csv,/home/chaoyu/phd_simulation/sensitivity_analysis/data/nocable_v2/m1_00213_stress.csv,0.75386088237232,0.7466211111391589,0.05291213131878456,0.05537539421956663,3207.3277844444447,3232.5920978723407,2311.047471111111,3694.8695957446807,False
214,1,False,motif1_nocable,1.2429771680907031,0.8980892981779486,70.81325253088326,399.83097841003087,0.12232381,1616.28908716,2012.07456418,83.19744204,/home/chaoyu/phd_simulation/sensitivity_analysis/data/nocable_v2/m1_00214_verts.csv,/home/chaoyu/phd_simulation/sensitivity_analysis/data/nocable_v2/m1_00214_stress.csv,3.517855378053415,1.6051909046726318,0.08052090534487212,0.06430933685489591,1561.5559511111107,1621.6874918367346,1487.0972777777774,-173.15349591836735,False
215,1,False,motif1_nocable,1.169544024864222,1.2700033214153497,21.665656982638392,356.24304005462363,0.0316398,3805.64326289,3816.74473819,199.70465365,/home/chaoyu/phd_simulation/sensitivity_analysis/data/nocable_v2/m1_00215_verts.csv,/home/chaoyu/phd_simulation/sensitivity_analysis/data/nocable_v2/m1_00215_stress.csv,0.24878866071393632,0.22417270653951546,0.05285211202212606,0.05528846690072641,3804.802202222222,3813.2685,1473.0081266666666,4330.1259,False
216,1,False,motif1_nocable,0.8341276345122084,1.1359951600745257,74.5192575073665,408.9377649089656,0.10870734,2082.40753995,2467.55840792,106.98363671,/home/chaoyu/phd_simulation/sensitivity_analysis/data/nocable_v2/m1_00216_verts.csv,/home/chaoyu/phd_simulation/sensitivity_analysis/data/nocable_v2/m1_00216_stress.csv,1.3514561808633685,6.883366139588739,0.05843895421603165,0.11726067627897148,2106.2312727272724,2058.4589217391303,-184.6352568181818,1964.199654347826,True
217,1,False,motif1_nocable,0.8945766562078605,1.1659184185456892,6.397964052801534,1037.487840805944,0.1507459,2836.37609349,3059.12809364,143.48083478,/home/chaoyu/phd_simulation/sensitivity_analysis/data/nocable_v2/m1_00217_verts.csv,/home/chaoyu/phd_simulation/sensitivity_analysis/data/nocable_v2/m1_00217_stress.csv,1.0229476588689272,0.9384233713510571,0.05395502853616142,0.055351723188683574,2763.64238,2961.8036500000003,42.36406888888889,2985.5174956521737,False
218,1,False,motif1_nocable,1.0980432241597606,1.2613963794512197,5.596655321502916,509.1569193354329,0.04876416,3680.81881208,3705.63508624,191.39643067,/home/chaoyu/phd_simulation/sensitivity_analysis/data/nocable_v2/m1_00218_verts.csv,/home/chaoyu/phd_simulation/sensitivity_analysis/data/nocable_v2/m1_00218_stress.csv,0.37903292600549454,0.3227799089253883,0.05289187294839683,0.05527535524238352,3673.921031111111,3701.764266666667,1052.15376,4114.5755,False
219,1,False,motif1_nocable,1.088946978802114,1.227305844253128,2.5526802455254063,941.9286976560419,0.09910654,3357.701363,3451.53764954,169.00944604,/home/chaoyu/phd_simulation/sensitivity_analysis/data/nocable_v2/m1_00219_verts.csv,/home/chaoyu/phd_simulation/sensitivity_analysis/data/nocable_v2/m1_00219_stress.csv,0.734503329886285,0.7341537528252268,0.053029136422442495,0.05524391736768988,3331.3954377777773,3437.7101468085107,1041.2845422222222,3838.580557446808,False
220,1,False,motif1_nocable,0.9941752998386322,0.9780146289125861,26.97987023472398,608.0068259938569,0.22667803,812.71353848,1050.10928113,30.76558945,/home/chaoyu/phd_simulation/sensitivity_analysis/data/nocable_v2/m1_00220_verts.csv,/home/chaoyu/phd_simulation/sensitivity_analysis/data/nocable_v2/m1_00220_stress.csv,1.5516710052294824,1.3371919275280668,0.05409898360837735,0.05644466094728987,835.9385522727273,932.9747999999998,603.4843386363636,1049.3943688888892,False
221,1,False,motif1_nocable,1.3246206693478482,0.8101441182941459,63.06422768680102,1088.7395401021813,0.18842447,2558.89322373,3381.09812268,151.33237352,/home/chaoyu/phd_simulation/sensitivity_analysis/data/nocable_v2/m1_00221_verts.csv,/home/chaoyu/phd_simulation/sensitivity_analysis/data/nocable_v2/m1_00221_stress.csv,5.732733555285634,3.515895598499146,0.07012037339279198,0.06288988496969192,2469.276409302326,2539.02101875,2257.228076744186,-361.4622708333334,False
222,1,False,motif1_nocable,1.0246119132483014,0.8343072257981213,60.05158810558112,349.4927895574122,0.25327885,828.92175044,2256.88317604,40.06263257,/home/chaoyu/phd_simulation/sensitivity_analysis/data/nocable_v2/m1_00222_verts.csv,/home/chaoyu/phd_simulation/sensitivity_analysis/data/nocable_v2/m1_00222_stress.csv,1.5425045885716673,3.974168473379616,0.059354846201327006,0.06004842750471816,761.9477780487805,835.2839399999999,693.2414487804878,-132.13093777777777,False
223,1,False,motif1_nocable,1.2231622332184418,1.2382060053682604,20.777342522910708,632.6096842472391,0.05882737,3456.29495059,3496.1929273,182.12979476,/home/chaoyu/phd_simulation/sensitivity_analysis/data/nocable_v2/m1_00223_verts.csv,/home/chaoyu/phd_simulation/sensitivity_analysis/data/nocable_v2/m1_00223_stress.csv,0.41804296938792396,0.38731678779268885,0.05288278654880538,0.05530987796419905,3455.915453333334,3481.4674,1786.1804733333333,4011.86563125,False
224,1,False,motif1_nocable,0.9073297017131841,1.0329793994836338,45.15125358131724,628.7975011345206,0.20604356,1354.30459821,1646.8477864,59.84384142,/home/chaoyu/phd_simulation/sensitivity_analysis/data/nocable_v2/m1_00224_verts.csv,/home/chaoyu/phd_simulation/sensitivity_analysis/data/nocable_v2/m1_00224_stress.csv,1.0482229700526449,1.0853760879118293,0.05499189555981854,0.05850672444081093,1397.8793674418605,1399.9238477272727,97.71304186046513,1434.6022022727273,False
225,1,False,motif1_nocable,1.350787260913664,0.8630501766059345,16.04694727682774,486.6469259081746,0.10331009,2335.33260933,2760.5983752,133.47502203,/home/chaoyu/phd_simulation/sensitivity_analysis/data/nocable_v2/m1_00225_verts.csv,/home/chaoyu/phd_simulation/sensitivity_analysis/data/nocable_v2/m1_00225_stress.csv,1.1776014711802691,7.573704976821293,0.06319807747121244,0.11719933612244741,2338.464137777778,2220.8135541666666,2142.099362222222,-165.694175,True
226,1,False,motif1_nocable,0.8207415960484652,1.3304832778174782,18.829400168568604,918.2537794036348,0.06338617,4979.00057877,5043.25362607,309.95671578,/home/chaoyu/phd_simulation/sensitivity_analysis/data/nocable_v2/m1_00226_verts.csv,/home/chaoyu/phd_simulation/sensitivity_analysis/data/nocable_v2/m1_00226_stress.csv,0.48900600450099174,0.4555682271777318,0.053068467593381664,0.0554364016624646,4965.445195555555,5009.209066666666,-180.1472288888889,4923.700943749999,False
227,1,False,motif1_nocable,0.8073947360581187,1.0873545747987288,88.9489252447318,203.56643877158953,0.10688608,1406.84844323,2082.04287658,70.72331558,/home/chaoyu/phd_simulation/sensitivity_analysis/data/nocable_v2/m1_00227_verts.csv,/home/chaoyu/phd_simulation/sensitivity_analysis/data/nocable_v2/m1_00227_stress.csv,3.619854261444665,13.126260813374587,0.08075634245897308,0.17506886736540478,1352.1835720000004,1331.85656875,-192.09314400000002,1287.3490166666668,True
228,1,False,motif1_nocable,0.8764538186981018,0.8382393451117298,19.128777027588793,759.7261999887525,0.0,1852.39704822,1852.39704822,96.54459106,/home/chaoyu/phd_simulation/sensitivity_analysis/data/nocable_v2/m1_00228_verts.csv,/home/chaoyu/phd_simulation/sensitivity_analysis/data/nocable_v2/m1_00228_stress.csv,0.0,0.0,,,1852.3969999999997,1852.3970000000002,-845.5129000000001,-2124.2868999999996,True
229,1,False,motif1_nocable,1.184245515864823,1.0015640103414762,21.422994716467514,221.49413544390202,0.06946631,968.05477936,985.97340762,55.26177355,/home/chaoyu/phd_simulation/sensitivity_analysis/data/nocable_v2/m1_00229_verts.csv,/home/chaoyu/phd_simulation/sensitivity_analysis/data/nocable_v2/m1_00229_stress.csv,0.4862973569681536,0.4832331983404835,0.05288691113019681,0.05547074900680412,979.9822511111109,968.0319499999999,1124.4490600000001,478.55618541666666,False
230,1,False,motif1_nocable,1.1016525838483888,1.1985664938665002,53.64856407745164,1196.5406666284491,0.13263757,3131.41365311,3291.89004111,152.72661758,/home/chaoyu/phd_simulation/sensitivity_analysis/data/nocable_v2/m1_00230_verts.csv,/home/chaoyu/phd_simulation/sensitivity_analysis/data/nocable_v2/m1_00230_stress.csv,0.8966685962261811,0.8108958484307341,0.05318776524426098,0.055977037498936295,3207.2461133333336,3155.674513043479,1175.7474333333334,3573.6434521739125,False
231,1,False,motif1_nocable,0.9331184143214908,1.3475458747762705,28.1372213921688,964.0392405448878,0.06500763,5177.53800362,5240.5239072,302.30613421,/home/chaoyu/phd_simulation/sensitivity_analysis/data/nocable_v2/m1_00231_verts.csv,/home/chaoyu/phd_simulation/sensitivity_analysis/data/nocable_v2/m1_00231_stress.csv,0.4699759694685065,0.46892637034226403,0.05301424144593214,0.05548752187096912,5171.417928888889,5205.2580124999995,382.2637177777778,5389.775470833333,False
232,1,False,motif1_nocable,0.9613286270806548,1.0471109234202756,38.36372063389769,1023.8990470169953,0.22736476,1697.26832557,2024.61978101,71.84158944,/home/chaoyu/phd_simulation/sensitivity_analysis/data/nocable_v2/m1_00232_verts.csv,/home/chaoyu/phd_simulation/sensitivity_analysis/data/nocable_v2/m1_00232_stress.csv,1.4405421577694024,1.1378708054979136,0.05476870572622573,0.05761497446295804,1752.5817022727272,1826.5304772727272,532.769625,2013.7206772727268,False
233,1,False,motif1_nocable,0.9912605651862378,1.320018519563642,12.719902840549093,925.4681307070122,0.07018453,4709.80774509,4777.22976987,260.171261,/home/chaoyu/phd_simulation/sensitivity_analysis/data/nocable_v2/m1_00233_verts.csv,/home/chaoyu/phd_simulation/sensitivity_analysis/data/nocable_v2/m1_00233_stress.csv,0.5490801249780114,0.4897203405186762,0.05299996908978177,0.05534241380900558,4692.276322222223,4752.716085416667,624.2087599999999,5038.92023125,False
234,1,False,motif1_nocable,1.1260748251123522,1.0214675069948758,14.062532283996754,623.8731385674987,0.15660754,1064.14462473,1235.75486326,56.97239461,/home/chaoyu/phd_simulation/sensitivity_analysis/data/nocable_v2/m1_00234_verts.csv,/home/chaoyu/phd_simulation/sensitivity_analysis/data/nocable_v2/m1_00234_stress.csv,1.0685777654738668,0.9633717213051841,0.053121096155569314,0.05561028988859948,1096.847157777778,1136.4475782608697,1101.8869177777779,1204.6061304347825,False
235,1,False,motif1_nocable,1.0033994142676215,1.3538375873618054,69.82628145448138,776.9793594133591,0.05232479,5198.38788161,5237.25539089,293.32029717,/home/chaoyu/phd_simulation/sensitivity_analysis/data/nocable_v2/m1_00235_verts.csv,/home/chaoyu/phd_simulation/sensitivity_analysis/data/nocable_v2/m1_00235_stress.csv,0.4128121009453871,0.3718364233862516,0.05286955987261015,0.05541251689058284,5221.345628888889,5192.3040458333335,740.141888888889,5520.379660416666,False
236,1,False,motif1_nocable,1.1650377167207728,1.3914771607729146,80.56631970701395,634.036447961629,0.03736427,5775.35549785,5792.93181539,313.41301845,/home/chaoyu/phd_simulation/sensitivity_analysis/data/nocable_v2/m1_00236_verts.csv,/home/chaoyu/phd_simulation/sensitivity_analysis/data/nocable_v2/m1_00236_stress.csv,0.291842726733313,0.26269681188332794,0.05283554685693308,0.055302233881830684,5790.239475555556,5771.594747916667,1718.8987977777779,6435.153925,False
237,1,False,motif1_nocable,1.133659579486265,0.873111938856057,72.54185728963343,718.6088144977151,0.23400657,1381.77395426,2140.52073435,69.19654451,/home/chaoyu/phd_simulation/sensitivity_analysis/data/nocable_v2/m1_00237_verts.csv,/home/chaoyu/phd_simulation/sensitivity_analysis/data/nocable_v2/m1_00237_stress.csv,1.1100708112397935,1.3762372230278819,0.05412787222089226,0.05488469034378569,1241.0975975609756,1441.946588888889,1291.5350731707317,-51.98989333333334,False
238,1,False,motif1_nocable,1.2551103960846537,0.8923013459476266,36.12499979941197,577.6314323583601,0.14605138,1776.13368228,2216.50713963,93.15599499,/home/chaoyu/phd_simulation/sensitivity_analysis/data/nocable_v2/m1_00238_verts.csv,/home/chaoyu/phd_simulation/sensitivity_analysis/data/nocable_v2/m1_00238_stress.csv,2.1097902072078396,2.9044150486474716,0.05796156783955008,0.0585061616545357,1783.2693024390248,1769.8001425531916,1684.7554756097563,-198.48740425531915,False
239,1,False,motif1_nocable,0.9151374823919058,1.1288158839022626,32.42855972608826,251.04615590703884,0.07344403,1841.83946911,1933.75315503,85.99003591,/home/chaoyu/phd_simulation/sensitivity_analysis/data/nocable_v2/m1_00239_verts.csv,/home/chaoyu/phd_simulation/sensitivity_analysis/data/nocable_v2/m1_00239_stress.csv,3.145278704793219,1.1263369787858266,0.0656770132583105,0.05730784563536092,1836.142762222223,1855.4106446808507,-123.18224666666667,1789.9876063829795,False
240,1,False,motif1_nocable,1.1824819411500114,0.9241162169634429,17.952996865728597,544.6778480108305,0.16896461,1328.06004386,1642.20859005,66.00711422,/home/chaoyu/phd_simulation/sensitivity_analysis/data/nocable_v2/m1_00240_verts.csv,/home/chaoyu/phd_simulation/sensitivity_analysis/data/nocable_v2/m1_00240_stress.csv,1.077280071387124,1.0441477642502883,0.052930980218091214,0.05671537202246766,1382.8331325581394,1252.8536673913045,1371.7276209302327,136.8066195652174,False
241,1,False,motif1_nocable,1.216243665009257,1.0280818939205714,82.41693414064362,1008.4070836430107,0.16927071,1594.73472234,1809.60516606,87.16522357,/home/chaoyu/phd_simulation/sensitivity_analysis/data/nocable_v2/m1_00241_verts.csv,/home/chaoyu/phd_simulation/sensitivity_analysis/data/nocable_v2/m1_00241_stress.csv,1.1177383603931355,0.9997741255218847,0.05301581041369221,0.05545837005603905,1661.775688888889,1659.1777065217393,1700.6792355555554,1457.8688673913043,False
242,1,False,motif1_nocable,0.9790020895502067,1.2089525146171733,42.04405912044642,1198.168588212003,0.13658584,3322.52730373,3509.41086454,167.44651188,/home/chaoyu/phd_simulation/sensitivity_analysis/data/nocable_v2/m1_00242_verts.csv,/home/chaoyu/phd_simulation/sensitivity_analysis/data/nocable_v2/m1_00242_stress.csv,0.9530112448037056,0.7458462307335316,0.05368109854088812,0.0564198276233191,3357.2886386363625,3374.7913326086955,517.4381659090909,3601.2747434782614,False
243,1,False,motif1_nocable,0.801547912097112,1.2993665167153177,66.10721088705061,535.6346731817184,0.05088198,4433.7249152,4536.35092753,271.06862936,/home/chaoyu/phd_simulation/sensitivity_analysis/data/nocable_v2/m1_00243_verts.csv,/home/chaoyu/phd_simulation/sensitivity_analysis/data/nocable_v2/m1_00243_stress.csv,0.7399002307914183,2.1057235831717493,0.06047672581277538,0.08805911785104609,4443.932548888889,4424.16826875,-320.16706,4255.869783333333,False
244,1,False,motif1_nocable,1.1174539892285738,1.0953432256177118,58.4029957147529,763.2806175498267,0.13647954,1717.28470758,1876.53660145,85.88349401,/home/chaoyu/phd_simulation/sensitivity_analysis/data/nocable_v2/m1_00244_verts.csv,/home/chaoyu/phd_simulation/sensitivity_analysis/data/nocable_v2/m1_00244_stress.csv,0.8969899899089357,0.8107209568811408,0.053037437153256935,0.055810482032162,1794.3514200000002,1739.2781499999999,1069.1364577777777,2003.7512478260871,False
245,1,False,motif1_nocable,1.0666937396090697,1.2178051079384384,11.283018144866153,606.479327893679,0.07084024,3081.96915403,3129.1329323,156.40829397,/home/chaoyu/phd_simulation/sensitivity_analysis/data/nocable_v2/m1_00245_verts.csv,/home/chaoyu/phd_simulation/sensitivity_analysis/data/nocable_v2/m1_00245_stress.csv,0.49846172932383653,0.489062578776863,0.05297949539277866,0.05530786668170405,3069.7303355555555,3120.9369625,823.0975866666665,3450.75624375,False
246,1,False,motif1_nocable,0.8392633287982442,0.9192982981002685,79.93854537343493,667.0943108617037,0.31440414,983.47850169,1740.84876691,38.54932997,/home/chaoyu/phd_simulation/sensitivity_analysis/data/nocable_v2/m1_00246_verts.csv,/home/chaoyu/phd_simulation/sensitivity_analysis/data/nocable_v2/m1_00246_stress.csv,1.1541867368789025,1.1315856486458864,0.05441947079153963,0.09570195907804419,1132.4135243243245,869.3387642857143,94.31885945945946,881.2830095238096,False
247,1,False,motif1_nocable,1.0905339513261838,0.8056747647246901,20.4867960408307,1172.4583837909925,0.02250629,1834.32250653,2300.2500394,74.85710726,/home/chaoyu/phd_simulation/sensitivity_analysis/data/nocable_v2/m1_00247_verts.csv,/home/chaoyu/phd_simulation/sensitivity_analysis/data/nocable_v2/m1_00247_stress.csv,3.566763771241424,17.346058737457366,0.35893050410883665,0.7669248907609229,1847.6834266666665,1149.6668541666666,278.33556000000004,-714.1739104166667,True
248,1,False,motif1_nocable,0.9251304722129624,0.8580214552899514,81.94981878972419,889.2642331452495,0.0,1622.01336861,1622.01336861,81.31031546,/home/chaoyu/phd_simulation/sensitivity_analysis/data/nocable_v2/m1_00248_verts.csv,/home/chaoyu/phd_simulation/sensitivity_analysis/data/nocable_v2/m1_00248_stress.csv,0.0,0.0,,,1622.0133999999998,1622.0134,-589.9906999999997,-1834.4305000000002,True
249,1,False,motif1_nocable,1.2342475076073007,1.250625139898057,37.7679093058609,937.8318787048402,0.08086818,3738.40150427,3815.31683375,194.3781444,/home/chaoyu/phd_simulation/sensitivity_analysis/data/nocable_v2/m1_00249_verts.csv,/home/chaoyu/phd_simulation/sensitivity_analysis/data/nocable_v2/m1_00249_stress.csv,0.6260838951517022,0.6181412058631847,0.05292574944833679,0.05540519354850029,3753.9291777777785,3771.641333333333,1937.8425755555547,4346.404143749999,False
250,1,False,motif1_nocable,1.2294308142592316,0.9375372551789187,60.56707918854708,832.3730593686287,0.17966777,1573.64759381,1848.39007364,84.35632835,/home/chaoyu/phd_simulation/sensitivity_analysis/data/nocable_v2/m1_00250_verts.csv,/home/chaoyu/phd_simulation/sensitivity_analysis/data/nocable_v2/m1_00250_stress.csv,1.084112946900751,1.0220769170939341,0.053252918590641594,0.05527181296405629,1545.9997488372096,1626.828602173913,1708.9904372093022,384.1332543478261,False
251,1,False,motif1_nocable,1.2659324638242864,1.224203788314629,32.099826572767256,321.6477151117821,0.03032155,3262.38520321,3273.44677201,177.91069741,/home/chaoyu/phd_simulation/sensitivity_analysis/data/nocable_v2/m1_00251_verts.csv,/home/chaoyu/phd_simulation/sensitivity_analysis/data/nocable_v2/m1_00251_stress.csv,0.23789292330041567,0.21419067962818655,0.05284153178269791,0.05528633259039696,3264.080051111111,3267.659629166667,1990.9931799999997,3771.217891666667,False
252,1,False,motif1_nocable,0.9003998164049503,1.0880592145782573,15.396664702146882,457.51011583309895,0.13575941,1593.97502935,1816.74317657,73.1669645,/home/chaoyu/phd_simulation/sensitivity_analysis/data/nocable_v2/m1_00252_verts.csv,/home/chaoyu/phd_simulation/sensitivity_analysis/data/nocable_v2/m1_00252_stress.csv,2.4208937513545967,1.1656213211492499,0.06163752426752016,0.05617448435038872,1546.473102222222,1676.2283217391305,-58.22734666666666,1622.3728782608698,False
253,1,False,motif1_nocable,1.112562467567678,1.0496041195739714,69.0365906892629,574.8794270348762,0.13759167,1170.14223746,1318.58219677,61.85932307,/home/chaoyu/phd_simulation/sensitivity_analysis/data/nocable_v2/m1_00253_verts.csv,/home/chaoyu/phd_simulation/sensitivity_analysis/data/nocable_v2/m1_00253_stress.csv,0.9848873388867707,0.8137667841563028,0.0529908075242369,0.05580059133525297,1246.522382222222,1184.9352434782609,948.2322222222222,1312.6556586956522,False
254,1,False,motif1_nocable,0.9803046242054264,1.0179691561628632,7.133445426763204,413.918207488597,0.17392247,837.54482023,1010.89984232,35.25146995,/home/chaoyu/phd_simulation/sensitivity_analysis/data/nocable_v2/m1_00254_verts.csv,/home/chaoyu/phd_simulation/sensitivity_analysis/data/nocable_v2/m1_00254_stress.csv,1.0192911879908286,1.0424367199122635,0.054221994278587905,0.05558297805293776,789.203068888889,960.0253499999999,329.41005333333334,1060.562839130435,False
255,1,False,motif1_nocable,1.3821039237329302,1.266788251554356,35.336239162389454,822.7653180302858,0.05846268,4183.66495569,4231.54369786,230.78991619,/home/chaoyu/phd_simulation/sensitivity_analysis/data/nocable_v2/m1_00255_verts.csv,/home/chaoyu/phd_simulation/sensitivity_analysis/data/nocable_v2/m1_00255_stress.csv,0.4526583793029112,0.4059383353663462,0.052855069098460924,0.05530489780263321,4194.120004444445,4203.602022916667,2933.57892,4816.045741666666,False
256,1,False,motif1_nocable,0.9680454241462677,0.8203459888903832,15.763364520612402,662.0630546039117,0.0,1999.73002427,1999.73002427,81.68415885,/home/chaoyu/phd_simulation/sensitivity_analysis/data/nocable_v2/m1_00256_verts.csv,/home/chaoyu/phd_simulation/sensitivity_analysis/data/nocable_v2/m1_00256_stress.csv,0.0,0.0,,,1999.7299999999996,1999.7299999999998,-430.11239999999975,-2179.7884,True
257,1,False,motif1_nocable,1.3142105561597082,1.2760024661250238,27.294246343659914,215.8266337631748,0.0164707,4062.33173216,4065.91485566,220.8682614,/home/chaoyu/phd_simulation/sensitivity_analysis/data/nocable_v2/m1_00257_verts.csv,/home/chaoyu/phd_simulation/sensitivity_analysis/data/nocable_v2/m1_00257_stress.csv,0.12958830569555133,0.11681578981809627,0.0528342789510329,0.05527730594686317,4062.694633333334,4064.217158333333,2409.27758,4692.391016666667,True
258,1,False,motif1_nocable,0.9457068061465363,0.9049803950848032,4.022447000469304,495.0630488082903,0.27880599,606.78708861,1321.72171542,14.94620641,/home/chaoyu/phd_simulation/sensitivity_analysis/data/nocable_v2/m1_00258_verts.csv,/home/chaoyu/phd_simulation/sensitivity_analysis/data/nocable_v2/m1_00258_stress.csv,1.451787848157018,1.396665781710958,0.05380144131099124,0.05640484836423167,651.1652609756097,641.4057954545455,587.5085365853658,693.3910000000001,False
259,1,False,motif1_nocable,1.016192781924307,1.0654265163926233,43.44575996378819,804.337734525542,0.18167676,1536.81330054,1742.55129519,67.6538357,/home/chaoyu/phd_simulation/sensitivity_analysis/data/nocable_v2/m1_00259_verts.csv,/home/chaoyu/phd_simulation/sensitivity_analysis/data/nocable_v2/m1_00259_stress.csv,1.153691118445654,0.9105478004693045,0.053739213409944926,0.05657308890131939,1603.096184090909,1610.2963399999999,622.5811954545454,1818.5302933333332,False
260,1,False,motif1_nocable,0.9360616356691359,1.316276410743277,70.79900316345575,299.6325982217996,0.02370678,4552.19371578,4560.17437465,258.50840477,/home/chaoyu/phd_simulation/sensitivity_analysis/data/nocable_v2/m1_00260_verts.csv,/home/chaoyu/phd_simulation/sensitivity_analysis/data/nocable_v2/m1_00260_stress.csv,0.18667492457635823,0.16880072963099585,0.052831462268092065,0.05528981108913956,4556.651502222221,4550.77305,283.01539333333335,4685.093514583334,False
261,1,False,motif1_nocable,1.3037349812635046,1.1462687338266262,32.254937820790694,735.788410725673,0.08039742,2542.74405191,2615.80171708,146.90630425,/home/chaoyu/phd_simulation/sensitivity_analysis/data/nocable_v2/m1_00261_verts.csv,/home/chaoyu/phd_simulation/sensitivity_analysis/data/nocable_v2/m1_00261_stress.csv,0.6090715052228286,0.5461804941643899,0.05286933153061749,0.05532512739157229,2559.5693888888886,2572.480170833333,2196.848451111111,2832.7614812499996,False
262,1,False,motif1_nocable,1.3597022632536442,1.1592690805299035,49.241163377337195,1168.6733232117585,0.1069221,3014.56583556,3152.09177587,172.2516906,/home/chaoyu/phd_simulation/sensitivity_analysis/data/nocable_v2/m1_00262_verts.csv,/home/chaoyu/phd_simulation/sensitivity_analysis/data/nocable_v2/m1_00262_stress.csv,0.7845578233495357,0.784895799354311,0.05286652936870072,0.05532802451969472,3059.6317488888885,3055.7389999999996,2707.9483488888886,3308.2036957446803,False
263,1,False,motif1_nocable,1.1559847511281116,1.1904827441232533,6.65934295417776,823.4148361362735,0.09545841,2835.98246135,2926.93870178,144.25135781,/home/chaoyu/phd_simulation/sensitivity_analysis/data/nocable_v2/m1_00263_verts.csv,/home/chaoyu/phd_simulation/sensitivity_analysis/data/nocable_v2/m1_00263_stress.csv,0.7135837829076748,0.6652366544464771,0.052974748014205514,0.055287619652686026,2823.0221777777774,2904.9444500000004,1361.5004311111113,3334.6690166666667,False
264,1,False,motif1_nocable,1.1577833545325098,1.3806929573108144,65.05808456586568,650.1684532955003,0.03965149,5596.88667186,5616.3725885,302.91669145,/home/chaoyu/phd_simulation/sensitivity_analysis/data/nocable_v2/m1_00264_verts.csv,/home/chaoyu/phd_simulation/sensitivity_analysis/data/nocable_v2/m1_00264_stress.csv,0.3120282450545086,0.2656522466450105,0.05284527082338002,0.055327001707909336,5609.874920000001,5595.97206875,1653.1378977777779,6235.868691666667,False
265,1,False,motif1_nocable,1.1957491240816749,0.8808964912265087,73.19359024317014,840.1840331890266,0.21392231,1681.52204045,2280.66041348,87.79183257,/home/chaoyu/phd_simulation/sensitivity_analysis/data/nocable_v2/m1_00265_verts.csv,/home/chaoyu/phd_simulation/sensitivity_analysis/data/nocable_v2/m1_00265_stress.csv,1.046942484607232,1.1981341512078163,0.05401787722780207,0.055322268463624896,1546.446814285714,1746.1569111111112,1586.4695,-65.61479555555557,False
266,1,False,motif1_nocable,1.177493579222698,1.2826661883220212,65.1961191610792,1014.8246425059738,0.08230596,4171.98651517,4248.11964662,215.04044954,/home/chaoyu/phd_simulation/sensitivity_analysis/data/nocable_v2/m1_00266_verts.csv,/home/chaoyu/phd_simulation/sensitivity_analysis/data/nocable_v2/m1_00266_stress.csv,0.5773090829358798,0.6319420540620694,0.05290284049641643,0.05549964897841944,4220.461557777779,4172.73350625,1647.039437777778,4744.88618125,False
267,1,False,motif1_nocable,1.1113444801860797,1.187306878418019,51.66623937636269,1141.8193276191314,0.13192169,2963.5179419,3123.33415033,144.39492614,/home/chaoyu/phd_simulation/sensitivity_analysis/data/nocable_v2/m1_00267_verts.csv,/home/chaoyu/phd_simulation/sensitivity_analysis/data/nocable_v2/m1_00267_stress.csv,0.8893105916817612,0.9123583280194622,0.05316753764412307,0.05591155080975428,3032.5616377777774,2994.4384913043473,1207.14796,3408.4592760869564,False
268,1,False,motif1_nocable,1.3782033438058074,0.9235258060380791,51.35769020371055,324.69120795954325,0.0531174,2346.78249134,2389.84785737,132.97904453,/home/chaoyu/phd_simulation/sensitivity_analysis/data/nocable_v2/m1_00268_verts.csv,/home/chaoyu/phd_simulation/sensitivity_analysis/data/nocable_v2/m1_00268_stress.csv,0.517065426813263,0.47822134554918305,0.057818590001376756,0.057652105169619126,2341.372035555555,2347.7514936170214,2269.4990888888888,-143.56859361702126,False
269,1,False,motif1_nocable,1.0603411859370737,1.3894161824713671,28.76545471785191,688.4248587669085,0.04115229,5749.71492461,5773.82795003,323.47974973,/home/chaoyu/phd_simulation/sensitivity_analysis/data/nocable_v2/m1_00269_verts.csv,/home/chaoyu/phd_simulation/sensitivity_analysis/data/nocable_v2/m1_00269_stress.csv,0.3270234862545753,0.2763625277545518,0.052879919620456385,0.05533607576417628,5748.156124444445,5762.156325,1107.5502933333332,6236.635852083334,False
270,1,False,motif1_nocable,1.240601897383562,1.367598427044483,12.096147348503406,446.5483962871307,0.02760998,5393.93051575,5403.76965035,287.51561105,/home/chaoyu/phd_simulation/sensitivity_analysis/data/nocable_v2/m1_00270_verts.csv,/home/chaoyu/phd_simulation/sensitivity_analysis/data/nocable_v2/m1_00270_stress.csv,0.21686483837707998,0.19559333621223093,0.052846517719861534,0.055279553701045536,5392.2826399999985,5401.609152083333,2126.0696733333334,6141.28630625,False
271,1,False,motif1_nocable,1.1500898212387847,0.9958066557439281,35.649636022584595,915.1053763956515,0.19711587,1260.15792748,1501.91434415,63.47303953,/home/chaoyu/phd_simulation/sensitivity_analysis/data/nocable_v2/m1_00271_verts.csv,/home/chaoyu/phd_simulation/sensitivity_analysis/data/nocable_v2/m1_00271_stress.csv,1.2289097077339477,1.1094076319550115,0.05306473779528819,0.05568065230047536,1331.7520977272727,1329.9063,1413.0006863636365,1240.3762565217392,False
272,1,False,motif1_nocable,0.8667409194120698,0.8459909289451674,52.096822163728525,377.8154696217054,0.0,1784.15881951,1784.15881951,93.46393123,/home/chaoyu/phd_simulation/sensitivity_analysis/data/nocable_v2/m1_00272_verts.csv,/home/chaoyu/phd_simulation/sensitivity_analysis/data/nocable_v2/m1_00272_stress.csv,0.0,0.0,,,1784.1588000000006,1784.1588,-878.9306999999998,-2053.1051,True
273,1,False,motif1_nocable,1.188306568633249,1.39263430634226,64.02682021028163,270.7866575420685,0.01590414,5764.17403574,5767.42426365,312.27273743,/home/chaoyu/phd_simulation/sensitivity_analysis/data/nocable_v2/m1_00273_verts.csv,/home/chaoyu/phd_simulation/sensitivity_analysis/data/nocable_v2/m1_00273_stress.csv,0.1252474922277943,0.11262569685586954,0.052826137069287175,0.055272467675394094,5766.265546666667,5764.11609375,1842.4683555555555,6460.042845833334,True
274,1,False,motif1_nocable,1.1356165029441287,0.9718549209170081,76.45984338189932,686.2555937958391,0.1884277,1034.95551904,1188.60081744,52.39483095,/home/chaoyu/phd_simulation/sensitivity_analysis/data/nocable_v2/m1_00274_verts.csv,/home/chaoyu/phd_simulation/sensitivity_analysis/data/nocable_v2/m1_00274_stress.csv,1.1838639752208326,1.0808313297383294,0.05324076584132617,0.055657083475665926,1045.008865909091,1112.6780630434782,1163.3526818181817,666.7901065217392,False
275,1,False,motif1_nocable,1.1202154818919117,1.1449938331922607,72.65110235809756,345.97668326319877,0.05620313,2016.50388916,2046.04653922,104.96200055,/home/chaoyu/phd_simulation/sensitivity_analysis/data/nocable_v2/m1_00275_verts.csv,/home/chaoyu/phd_simulation/sensitivity_analysis/data/nocable_v2/m1_00275_stress.csv,0.43595031449875116,0.39413407399703765,0.05284943897072957,0.05539375775547352,2036.65268,2015.5726479166667,960.6836133333333,2316.508891666667,False
276,1,False,motif1_nocable,1.395604051760547,0.9879636118950851,75.03841578316434,885.1043091827287,0.10919896,2335.5255455,2406.6571996,147.35256382,/home/chaoyu/phd_simulation/sensitivity_analysis/data/nocable_v2/m1_00276_verts.csv,/home/chaoyu/phd_simulation/sensitivity_analysis/data/nocable_v2/m1_00276_stress.csv,0.7786461241577465,0.7971379102989394,0.05299372511305965,0.05518307412890596,2320.4197844444443,2377.4481744680857,2643.8944355555554,926.6845170212767,False
277,1,False,motif1_nocable,1.2190126598632411,0.9771969543831155,76.90760183745837,1021.5588415081673,0.19024341,1525.88112748,1699.0434182,82.06078152,/home/chaoyu/phd_simulation/sensitivity_analysis/data/nocable_v2/m1_00277_verts.csv,/home/chaoyu/phd_simulation/sensitivity_analysis/data/nocable_v2/m1_00277_stress.csv,1.1730846541147866,1.0554090762007586,0.05317033818572305,0.05532053006591641,1528.3548590909088,1622.5776826086958,1737.319577272727,949.3881130434783,False
278,1,False,motif1_nocable,1.1785249210318458,1.0246929857226261,79.33531395005558,465.90616447743054,0.11232679,1104.77804004,1188.11076988,65.1008017,/home/chaoyu/phd_simulation/sensitivity_analysis/data/nocable_v2/m1_00278_verts.csv,/home/chaoyu/phd_simulation/sensitivity_analysis/data/nocable_v2/m1_00278_stress.csv,0.8161674912037137,0.7918172878386261,0.05297633059723013,0.05546706322183169,1128.6180844444443,1133.3634574468085,1220.0490644444444,937.8269191489364,False
279,1,False,motif1_nocable,0.9162795939962554,1.0675474413655033,86.57369325742508,1181.6053052973534,0.23293716,2082.62177784,2475.07984645,95.27689582,/home/chaoyu/phd_simulation/sensitivity_analysis/data/nocable_v2/m1_00279_verts.csv,/home/chaoyu/phd_simulation/sensitivity_analysis/data/nocable_v2/m1_00279_stress.csv,1.4517292707558307,1.33079005338396,0.05286071124213332,0.05753494745884603,2312.5810243902442,1945.552762222222,319.75411707317073,2113.010626666666,False
280,1,False,motif1_nocable,1.2243995513033201,0.8779806433286526,26.22684009976404,305.97150495935875,0.10661892,1472.67671649,2081.78255283,76.00725335,/home/chaoyu/phd_simulation/sensitivity_analysis/data/nocable_v2/m1_00280_verts.csv,/home/chaoyu/phd_simulation/sensitivity_analysis/data/nocable_v2/m1_00280_stress.csv,2.8843048637376683,6.804476610140565,0.08424786090033395,0.11146272878705336,1455.3032340909087,1423.1011085106381,1354.1585431818182,-121.32156808510636,True
281,1,False,motif1_nocable,1.3325694401646757,1.3549089148605973,26.585900557790957,1064.0554078806135,0.06339483,5400.05096986,5457.17323617,284.51037754,/home/chaoyu/phd_simulation/sensitivity_analysis/data/nocable_v2/m1_00281_verts.csv,/home/chaoyu/phd_simulation/sensitivity_analysis/data/nocable_v2/m1_00281_stress.csv,0.44994911400708265,0.44082608128477496,0.05288234662772522,0.05532736693004344,5403.494379999999,5432.271295833333,2783.5797177777777,6259.7940625,False
282,1,False,motif1_nocable,0.8866247332827641,1.0359710803389899,78.5798338858971,809.2339770451262,0.22654396,1602.20567701,1952.25361327,73.08300132,/home/chaoyu/phd_simulation/sensitivity_analysis/data/nocable_v2/m1_00282_verts.csv,/home/chaoyu/phd_simulation/sensitivity_analysis/data/nocable_v2/m1_00282_stress.csv,1.3469083995887685,0.9886087912526808,0.05345178720786538,0.05884198311608857,1761.320365116279,1500.2548023255813,71.39356744186045,1572.016688372093,False
283,1,False,motif1_nocable,1.3236493283809128,0.9101682306691138,60.7409867820862,462.58597028812363,0.09935373,2092.66930686,2262.11023731,113.01712914,/home/chaoyu/phd_simulation/sensitivity_analysis/data/nocable_v2/m1_00283_verts.csv,/home/chaoyu/phd_simulation/sensitivity_analysis/data/nocable_v2/m1_00283_stress.csv,1.9830047007882985,1.5685290877793514,0.05975857487361129,0.05831524760607972,2067.092088888889,2091.880163829787,1962.5595844444445,-193.12526595744683,False
284,1,False,motif1_nocable,0.8646516507162764,1.220370358689907,53.26527263054713,1178.3856247950735,0.13051406,3547.15353616,3739.37653998,192.62049651,/home/chaoyu/phd_simulation/sensitivity_analysis/data/nocable_v2/m1_00284_verts.csv,/home/chaoyu/phd_simulation/sensitivity_analysis/data/nocable_v2/m1_00284_stress.csv,0.7271865719724895,0.729917349035554,0.05382458251483114,0.05702885016375174,3603.535570454545,3551.7022521739123,-50.830802272727276,3518.9482326086954,False
285,1,False,motif1_nocable,1.1818736263010676,1.0159396302334112,85.21577279709692,279.76667782451574,0.07847964,991.01218433,1024.01970514,59.13432183,/home/chaoyu/phd_simulation/sensitivity_analysis/data/nocable_v2/m1_00285_verts.csv,/home/chaoyu/phd_simulation/sensitivity_analysis/data/nocable_v2/m1_00285_stress.csv,0.5932766152705765,0.5376330470252975,0.05294367707176895,0.05538008642628687,995.2875088888889,1007.6818104166667,1138.1960555555556,673.8603020833333,False
286,1,False,motif1_nocable,1.3049077937641527,0.8372016808158902,24.634711250192833,838.3186835940038,0.16213621,2266.29166388,2939.97663985,129.67427651,/home/chaoyu/phd_simulation/sensitivity_analysis/data/nocable_v2/m1_00286_verts.csv,/home/chaoyu/phd_simulation/sensitivity_analysis/data/nocable_v2/m1_00286_stress.csv,3.645187812890334,6.167216993066458,0.05921116325892916,0.07802324926594528,2254.505134090909,2154.526151020408,2067.5463113636365,-203.34542040816328,False
287,1,False,motif1_nocable,0.8982795049672186,0.8513753300983322,22.458170975788313,289.55724092202234,0.0,1705.30310799,1705.30310799,84.4197371,/home/chaoyu/phd_simulation/sensitivity_analysis/data/nocable_v2/m1_00287_verts.csv,/home/chaoyu/phd_simulation/sensitivity_analysis/data/nocable_v2/m1_00287_stress.csv,0.0,0.0,,,1705.3031000000008,1705.3031000000003,-726.6382000000001,-1948.2659,True
288,1,False,motif1_nocable,0.9275299977148321,0.8015997408215277,11.476532079308214,1108.9419604073896,0.0,2187.65884626,2187.65884626,100.28849331,/home/chaoyu/phd_simulation/sensitivity_analysis/data/nocable_v2/m1_00288_verts.csv,/home/chaoyu/phd_simulation/sensitivity_analysis/data/nocable_v2/m1_00288_stress.csv,0.0,0.0,,,2187.6588000000006,2187.6588000000006,-654.7194999999999,-2440.2625000000003,True
289,1,False,motif1_nocable,1.2213885248712857,0.993522865126368,61.86455348238862,447.54865868448724,0.10737136,1245.33372887,1289.24237134,71.19076315,/home/chaoyu/phd_simulation/sensitivity_analysis/data/nocable_v2/m1_00289_verts.csv,/home/chaoyu/phd_simulation/sensitivity_analysis/data/nocable_v2/m1_00289_stress.csv,0.7743807771790452,0.7931474076692627,0.05300388947324583,0.05538691687872435,1246.5713333333333,1271.174704255319,1433.5217288888887,593.5005425531915,False
290,1,False,motif1_nocable,1.1244604279817898,1.0740979274196465,44.32133926683191,1097.1169326407253,0.18251613,1803.41523156,2081.06115308,84.81256594,/home/chaoyu/phd_simulation/sensitivity_analysis/data/nocable_v2/m1_00290_verts.csv,/home/chaoyu/phd_simulation/sensitivity_analysis/data/nocable_v2/m1_00290_stress.csv,1.2850525558813315,1.0387860021578978,0.0532477727973755,0.055916788489528094,1888.165502222222,1889.098013333333,1299.0311866666664,2158.252633333333,False
291,1,False,motif1_nocable,1.2276082490523645,1.1569065598330002,17.373801550576662,361.047826475433,0.04569827,2333.56507706,2356.09617373,130.37027043,/home/chaoyu/phd_simulation/sensitivity_analysis/data/nocable_v2/m1_00291_verts.csv,/home/chaoyu/phd_simulation/sensitivity_analysis/data/nocable_v2/m1_00291_stress.csv,0.3555431239130162,0.3034354909916312,0.05285639884359864,0.05529146296119888,2334.830337777778,2346.4763354166666,1631.0627622222223,2689.6517541666667,False
292,1,False,motif1_nocable,1.050987981638489,1.2688332192661382,12.592838517207513,1002.9405835677632,0.09110216,3961.72115491,4054.70601269,205.48878536,/home/chaoyu/phd_simulation/sensitivity_analysis/data/nocable_v2/m1_00292_verts.csv,/home/chaoyu/phd_simulation/sensitivity_analysis/data/nocable_v2/m1_00292_stress.csv,0.699163864332464,0.6892064216004176,0.053068207602027254,0.05535728873787406,3938.3224644444444,4029.356110638298,886.7381333333334,4401.945525531914,False
293,1,False,motif1_nocable,1.271608721831226,1.3417067389186847,40.732387164387674,1005.4615584258826,0.06461551,5114.03003423,5168.88692451,268.22566,/home/chaoyu/phd_simulation/sensitivity_analysis/data/nocable_v2/m1_00293_verts.csv,/home/chaoyu/phd_simulation/sensitivity_analysis/data/nocable_v2/m1_00293_stress.csv,0.45971873640203803,0.4521226169610282,0.05289543780888028,0.05537574915868145,5127.014848888888,5135.775466666667,2338.4017711111114,5888.895750000001,False
294,1,False,motif1_nocable,1.3600869501240256,1.0315546862550584,4.332015032470066,249.1726023641026,0.03454064,1976.67686795,1983.72070537,127.91881484,/home/chaoyu/phd_simulation/sensitivity_analysis/data/nocable_v2/m1_00294_verts.csv,/home/chaoyu/phd_simulation/sensitivity_analysis/data/nocable_v2/m1_00294_stress.csv,0.26897335994285365,0.24276224016821912,0.05283617232062713,0.05530495197015922,1981.3524044444446,1976.6571104166667,2287.8359800000007,1145.2218354166664,False
295,1,False,motif1_nocable,1.107108072287078,1.1105496501015102,58.06922854111417,753.2020876187628,0.12938663,1856.07208428,1998.92064051,91.84330765,/home/chaoyu/phd_simulation/sensitivity_analysis/data/nocable_v2/m1_00295_verts.csv,/home/chaoyu/phd_simulation/sensitivity_analysis/data/nocable_v2/m1_00295_stress.csv,0.861344535462458,0.9539429017057556,0.05303817341404077,0.05582113855983748,1927.7285600000002,1873.5195478260873,1010.1908977777778,2160.5187739130442,False
296,1,False,motif1_nocable,0.8854005302040046,1.3957800389142352,81.41357783626792,550.8195852900169,0.03070042,5923.48721452,5938.64895647,372.51974977,/home/chaoyu/phd_simulation/sensitivity_analysis/data/nocable_v2/m1_00296_verts.csv,/home/chaoyu/phd_simulation/sensitivity_analysis/data/nocable_v2/m1_00296_stress.csv,0.23959219303435567,0.21774564520238351,0.05284374173181787,0.05528474764178716,5933.057237777777,5919.458966666666,225.15755999999996,6027.011945833333,False
297,1,False,motif1_nocable,0.999923795329099,0.9124873349081114,85.10068429769748,1188.3116886014545,0.31882113,1195.22014603,1611.5222275,33.0904811,/home/chaoyu/phd_simulation/sensitivity_analysis/data/nocable_v2/m1_00297_verts.csv,/home/chaoyu/phd_simulation/sensitivity_analysis/data/nocable_v2/m1_00297_stress.csv,1.530161383657894,1.5005333514051453,0.05319325777066116,0.056249071507755884,1331.114485,1296.1417488372092,986.5311275,1002.6971069767443,False
298,1,False,motif1_nocable,1.3861982262831596,1.3240625670258033,67.82994931715305,264.3432154294577,0.01656538,4907.59251359,4911.63780379,267.81263553,/home/chaoyu/phd_simulation/sensitivity_analysis/data/nocable_v2/m1_00298_verts.csv,/home/chaoyu/phd_simulation/sensitivity_analysis/data/nocable_v2/m1_00298_stress.csv,0.13016995076279408,0.11720725834489168,0.05283201674984935,0.05527583204410875,4909.774113333333,4908.037204166666,3017.2671777777773,5663.24068125,True
299,1,False,motif1_nocable,0.8529334420074541,1.0037336028765238,23.200838990558815,337.0288570108742,0.19687487,918.00223207,1570.37789479,41.1233982,/home/chaoyu/phd_simulation/sensitivity_analysis/data/nocable_v2/m1_00299_verts.csv,/home/chaoyu/phd_simulation/sensitivity_analysis/data/nocable_v2/m1_00299_stress.csv,3.843848259629545,1.2817653945762737,0.06318326786884272,0.05669716031745004,894.8379279069767,1012.1778023809524,-89.21572558139533,941.8500285714287,False
300,2,False,motif2_nocable,1.3550090524740444,0.8719782660053672,8.741596348870027,894.1024876842241,0.13826322,2425.57282523,2593.06013879,142.41907894,/home/chaoyu/phd_simulation/sensitivity_analysis/data/nocable_v2/m2_00300_verts.csv,/home/chaoyu/phd_simulation/sensitivity_analysis/data/nocable_v2/m2_00300_stress.csv,0.9429319380855935,2.3490193531301347,0.05267891890521958,0.05849614370544712,2471.1913136363632,2366.905056521739,2395.5224363636366,-124.0559608695652,False
301,2,False,motif2_nocable,0.9628127737228802,1.1628407635430105,42.55824029208616,768.7940785097545,0.16165434,1779.14143398,1937.8610507,87.52489255,/home/chaoyu/phd_simulation/sensitivity_analysis/data/nocable_v2/m2_00301_verts.csv,/home/chaoyu/phd_simulation/sensitivity_analysis/data/nocable_v2/m2_00301_stress.csv,1.0779517390864224,1.2498621055101828,0.05380576114570432,0.05660922723540423,1806.835406818182,1817.5460622222222,351.67995454545456,1961.918915555556,False
302,2,False,motif2_nocable,1.385849683738036,1.2490321756025142,47.42579470503329,440.9206912115219,0.04108754,2882.68069813,2899.74110595,176.26350779,/home/chaoyu/phd_simulation/sensitivity_analysis/data/nocable_v2/m2_00302_verts.csv,/home/chaoyu/phd_simulation/sensitivity_analysis/data/nocable_v2/m2_00302_stress.csv,0.3193724665066229,0.2875800405786987,0.05283570929838787,0.05527803445500899,2888.026131111111,2888.33088125,2793.083706666667,2974.271410416666,False
303,2,False,motif2_nocable,1.3262877438659422,0.9623550131648739,87.50412564170098,303.02869415518546,0.05623102,1868.20767108,1890.7256217,106.83232228,/home/chaoyu/phd_simulation/sensitivity_analysis/data/nocable_v2/m2_00303_verts.csv,/home/chaoyu/phd_simulation/sensitivity_analysis/data/nocable_v2/m2_00303_stress.csv,0.4315976609225599,0.36998262759399314,0.052971820429959564,0.05526442624713578,1861.238284444444,1878.4964583333333,1970.219062222222,240.26038125000002,False
304,2,False,motif2_nocable,1.3918053062878553,1.1071806405017663,49.19711653720815,420.8823723687318,0.04952959,2291.41095794,2308.64946457,146.11400843,/home/chaoyu/phd_simulation/sensitivity_analysis/data/nocable_v2/m2_00304_verts.csv,/home/chaoyu/phd_simulation/sensitivity_analysis/data/nocable_v2/m2_00304_stress.csv,0.3803401073859456,0.3275078882497339,0.05283065376524186,0.05526210174716652,2296.1490777777776,2297.8854833333335,2630.411131111111,1602.97778125,False
305,2,False,motif2_nocable,1.2322621155031146,0.9746150701448416,48.54693228684207,481.9038912068525,0.11871813,1370.49723193,1447.72644787,74.06577488,/home/chaoyu/phd_simulation/sensitivity_analysis/data/nocable_v2/m2_00305_verts.csv,/home/chaoyu/phd_simulation/sensitivity_analysis/data/nocable_v2/m2_00305_stress.csv,0.8235127593583348,0.8694117689196376,0.05295443355692074,0.0553784235024102,1378.3065800000002,1386.0535042553192,1522.794542222222,365.3080191489362,False
306,2,False,motif2_nocable,1.2062877950051025,1.3432382381728538,11.08587674054567,995.9147240152312,0.09108813,3330.05143955,3402.629985,184.63841834,/home/chaoyu/phd_simulation/sensitivity_analysis/data/nocable_v2/m2_00306_verts.csv,/home/chaoyu/phd_simulation/sensitivity_analysis/data/nocable_v2/m2_00306_stress.csv,0.6885206761477985,0.6827438088473506,0.05292588671490043,0.055301698442024795,3324.8058288888897,3380.3013416666668,1851.028931111111,3901.1585666666665,False
307,2,False,motif2_nocable,0.9749237544605027,0.8978142072443125,89.40164193265039,233.921185254726,0.23859439,411.95511364,972.77248954,15.35045555,/home/chaoyu/phd_simulation/sensitivity_analysis/data/nocable_v2/m2_00307_verts.csv,/home/chaoyu/phd_simulation/sensitivity_analysis/data/nocable_v2/m2_00307_stress.csv,1.1831023031764227,1.4875364049559268,0.05457457798300461,0.05650464163076217,328.8505024390244,464.97612499999997,358.8809292682927,31.395054545454546,False
308,2,False,motif2_nocable,0.8495567669941475,1.1391904256808267,83.26880172317246,776.6220958228773,0.18962949,1838.32276816,2128.53322502,94.0439425,/home/chaoyu/phd_simulation/sensitivity_analysis/data/nocable_v2/m2_00308_verts.csv,/home/chaoyu/phd_simulation/sensitivity_analysis/data/nocable_v2/m2_00308_stress.csv,1.0031242420812883,4.88466033453274,0.05340361726888716,0.06092301406896816,1935.592734090909,1749.7670088888885,-132.1992159090909,1708.53872,False
309,2,False,motif2_nocable,1.2572679502233621,1.0399558339581476,53.913159831522805,875.8202265965313,0.15008401,1638.65563281,1759.02419062,92.68149623,/home/chaoyu/phd_simulation/sensitivity_analysis/data/nocable_v2/m2_00309_verts.csv,/home/chaoyu/phd_simulation/sensitivity_analysis/data/nocable_v2/m2_00309_stress.csv,0.9903503048682809,0.899353291362644,0.052892516130399525,0.055217637990562216,1666.1724159090911,1686.4156630434784,1906.8843772727275,1128.7906413043477,False
310,2,False,motif2_nocable,0.8238535299776972,1.3497109830835812,61.48066258315279,427.13351801563164,0.0523133,3399.75072373,3483.2053718,210.18013676,/home/chaoyu/phd_simulation/sensitivity_analysis/data/nocable_v2/m2_00310_verts.csv,/home/chaoyu/phd_simulation/sensitivity_analysis/data/nocable_v2/m2_00310_stress.csv,0.7447897127156476,2.2440804232021248,0.06025185082023083,0.09847417567643398,3400.971413043479,3387.2572723404255,-243.58311086956525,3266.542944680851,False
311,2,False,motif2_nocable,1.0858756529099498,0.8407298387221566,25.01701877704696,854.6547874512161,0.28613178,1310.06059969,1949.23138232,66.59970925,/home/chaoyu/phd_simulation/sensitivity_analysis/data/nocable_v2/m2_00311_verts.csv,/home/chaoyu/phd_simulation/sensitivity_analysis/data/nocable_v2/m2_00311_stress.csv,1.3240527630549945,1.0269707188789472,0.05407723878073611,0.05651346842548505,1397.4862275,1214.927757142857,1380.0721225000002,252.01889047619048,False
312,2,False,motif2_nocable,1.3770475058974352,1.063350611257335,4.537742105493686,586.3586829713017,0.07533708,2172.29231236,2204.95668056,135.99513746,/home/chaoyu/phd_simulation/sensitivity_analysis/data/nocable_v2/m2_00312_verts.csv,/home/chaoyu/phd_simulation/sensitivity_analysis/data/nocable_v2/m2_00312_stress.csv,0.5246010333143646,0.5167171769433944,0.052821972823089064,0.055381379362199445,2195.306611111111,2170.784933333333,2534.38074,1247.2449020833335,False
313,2,False,motif2_nocable,1.349361429053599,1.0580973969446277,66.96161708930173,1114.8227961413806,0.14141075,2195.83810711,2313.66697564,130.00284058,/home/chaoyu/phd_simulation/sensitivity_analysis/data/nocable_v2/m2_00313_verts.csv,/home/chaoyu/phd_simulation/sensitivity_analysis/data/nocable_v2/m2_00313_stress.csv,0.9462364426272198,0.8513568347590152,0.052895645132163424,0.05508840265067948,2204.7284409090908,2259.2781739130432,2535.878775,1416.0968130434783,False
314,2,False,motif2_nocable,1.3664987751516644,1.1810590841105701,86.701385639653,353.31608071206955,0.03896856,2402.91425605,2416.35679545,150.39912283,/home/chaoyu/phd_simulation/sensitivity_analysis/data/nocable_v2/m2_00314_verts.csv,/home/chaoyu/phd_simulation/sensitivity_analysis/data/nocable_v2/m2_00314_stress.csv,0.30342964486598994,0.2733236768478205,0.052840542048591434,0.05527725645512677,2406.340731111111,2408.14301875,2539.114331111111,2241.8180687499994,False
315,2,False,motif2_nocable,1.2729347632031105,0.9892407154193161,54.007973329499194,387.2326665792424,0.0828222,1530.78085385,1566.65987513,86.53316069,/home/chaoyu/phd_simulation/sensitivity_analysis/data/nocable_v2/m2_00315_verts.csv,/home/chaoyu/phd_simulation/sensitivity_analysis/data/nocable_v2/m2_00315_stress.csv,0.6103752525926471,0.5586591962647471,0.05290063874706828,0.05529029193281445,1532.090031111111,1542.49505625,1702.0359422222225,432.57527291666673,False
316,2,False,motif2_nocable,0.9055738487550042,1.1236148632119525,14.283068233329974,1042.8069005059076,0.22611311,1834.87016375,2158.0782152,90.17531662,/home/chaoyu/phd_simulation/sensitivity_analysis/data/nocable_v2/m2_00316_verts.csv,/home/chaoyu/phd_simulation/sensitivity_analysis/data/nocable_v2/m2_00316_stress.csv,1.0270444680227477,1.1272517933597042,0.054780251444088664,0.05611409473716833,1757.3833477272724,1977.5783886363633,323.0676340909091,2087.4725386363634,False
317,2,False,motif2_nocable,0.8540876075315745,0.8082317134486706,81.62839193047482,966.9666713034837,0.0,1408.02828892,1408.02828892,84.29853259,/home/chaoyu/phd_simulation/sensitivity_analysis/data/nocable_v2/m2_00317_verts.csv,/home/chaoyu/phd_simulation/sensitivity_analysis/data/nocable_v2/m2_00317_stress.csv,0.0,0.0,,,1408.0282999999997,1408.0283,-929.9081999999999,-1619.9419,True
318,2,False,motif2_nocable,1.3084733247259952,1.1161696231824716,54.780467535736804,1029.321905766009,0.13297036,2086.50984011,2218.49519581,121.2709144,/home/chaoyu/phd_simulation/sensitivity_analysis/data/nocable_v2/m2_00318_verts.csv,/home/chaoyu/phd_simulation/sensitivity_analysis/data/nocable_v2/m2_00318_stress.csv,0.9182187314413942,0.8243463087670809,0.052847097273799,0.055228714286697414,2122.9947577777775,2131.774508695652,2306.294986666667,1848.2511304347822,False
319,2,False,motif2_nocable,0.8614895243118157,0.9999264224470987,47.02544724317141,359.6329966902411,0.23338317,808.80109691,1253.36839766,36.51584139,/home/chaoyu/phd_simulation/sensitivity_analysis/data/nocable_v2/m2_00319_verts.csv,/home/chaoyu/phd_simulation/sensitivity_analysis/data/nocable_v2/m2_00319_stress.csv,1.3110520183043917,2.2009699289733686,0.05514231372614377,0.05830388526505053,819.4720902439025,811.989634090909,-57.282268292682936,772.8265363636361,False
320,2,False,motif2_nocable,0.879339627989365,1.2875611622750531,20.293445758307787,426.3776172790066,0.05987947,2733.37400422,2769.50128984,153.07068584,/home/chaoyu/phd_simulation/sensitivity_analysis/data/nocable_v2/m2_00320_verts.csv,/home/chaoyu/phd_simulation/sensitivity_analysis/data/nocable_v2/m2_00320_stress.csv,0.5804747155792739,0.3990961472898947,0.053333358226621067,0.055386516511277656,2726.000688888889,2747.783104166667,-124.02342222222222,2686.6363520833333,False
321,2,False,motif2_nocable,1.3896871499031955,0.8841600985672924,16.38966075003446,511.23847736135457,0.08218967,2488.31134766,2551.20431415,146.94985976,/home/chaoyu/phd_simulation/sensitivity_analysis/data/nocable_v2/m2_00321_verts.csv,/home/chaoyu/phd_simulation/sensitivity_analysis/data/nocable_v2/m2_00321_stress.csv,0.5223858978714815,2.704555573494898,0.050916131545299406,0.06352605859229403,2501.2164577777776,2468.8696229166667,2399.9577177777774,-183.2216125,False
322,2,False,motif2_nocable,1.1042804981779972,1.0111062076048225,0.1979987156403454,1105.5825011879342,0.24506922,1275.20155084,1582.91392369,54.96362541,/home/chaoyu/phd_simulation/sensitivity_analysis/data/nocable_v2/m2_00322_verts.csv,/home/chaoyu/phd_simulation/sensitivity_analysis/data/nocable_v2/m2_00322_stress.csv,1.2702427305499107,1.2248276673276723,0.053030690118830326,0.055681581414077246,1365.055288095238,1359.3024688888888,1459.8145738095238,1401.2880044444446,False
323,2,False,motif2_nocable,1.078165459999845,1.0697309130961112,65.50822760595548,738.9265728418169,0.18401734,1136.79536499,1327.08676057,55.64368355,/home/chaoyu/phd_simulation/sensitivity_analysis/data/nocable_v2/m2_00323_verts.csv,/home/chaoyu/phd_simulation/sensitivity_analysis/data/nocable_v2/m2_00323_stress.csv,1.2340987239147612,1.1070178691289467,0.053072580646756476,0.055919594832370974,1223.8751022222223,1166.516897826087,929.9626711111111,1282.0931826086955,False
324,2,False,motif2_nocable,1.3380422960326728,1.1977486287305816,22.802252109840005,1030.8690126044532,0.10926759,2548.6443765,2657.41670791,148.84271794,/home/chaoyu/phd_simulation/sensitivity_analysis/data/nocable_v2/m2_00324_verts.csv,/home/chaoyu/phd_simulation/sensitivity_analysis/data/nocable_v2/m2_00324_stress.csv,0.794826567523693,0.7984611427317125,0.05284167830629775,0.0553009414779587,2580.731013333333,2585.108744680851,2573.8040288888883,2623.6367361702128,False
325,2,False,motif2_nocable,1.2782182879935315,1.0817162506092497,34.906001308520544,1068.9630048415102,0.15425458,1889.69922208,2047.90876251,106.65027628,/home/chaoyu/phd_simulation/sensitivity_analysis/data/nocable_v2/m2_00325_verts.csv,/home/chaoyu/phd_simulation/sensitivity_analysis/data/nocable_v2/m2_00325_stress.csv,1.01973867620857,0.923293504722527,0.052815526645661144,0.05529208186351282,1946.9428272727273,1930.237908695652,2168.5411795454547,1608.8971630434783,False
326,2,False,motif2_nocable,1.3708325248514064,1.0369299469123874,15.25619531284417,741.7436349975977,0.09814887,2166.17113274,2213.74607734,133.23018544,/home/chaoyu/phd_simulation/sensitivity_analysis/data/nocable_v2/m2_00326_verts.csv,/home/chaoyu/phd_simulation/sensitivity_analysis/data/nocable_v2/m2_00326_stress.csv,0.714485260140163,0.7354922694582915,0.05278981683632693,0.05541261597623406,2201.4715599999995,2162.461175,2530.766155555556,1080.2681708333332,False
327,2,False,motif2_nocable,0.859366097906485,0.9477005485976675,27.320892190977418,1048.9534995650197,0.35285164,1181.46081598,1721.51356898,44.09561799,/home/chaoyu/phd_simulation/sensitivity_analysis/data/nocable_v2/m2_00327_verts.csv,/home/chaoyu/phd_simulation/sensitivity_analysis/data/nocable_v2/m2_00327_stress.csv,1.3584921357481037,1.3556528709822793,0.0560642909748632,0.056976096960114415,1150.420741025641,1350.8661692307692,599.3420256410255,1448.8454846153847,False
328,2,False,motif2_nocable,1.0128987230042876,1.3198376463870614,31.39580602046078,865.8323525034822,0.096933,3044.31918492,3119.25306651,169.1859148,/home/chaoyu/phd_simulation/sensitivity_analysis/data/nocable_v2/m2_00328_verts.csv,/home/chaoyu/phd_simulation/sensitivity_analysis/data/nocable_v2/m2_00328_stress.csv,0.7787146933241856,0.6802418220205457,0.05315218548079713,0.05562902131388796,3042.5295244444446,3078.6074553191497,675.4217755555555,3361.470710638299,False
329,2,False,motif2_nocable,0.950562767784044,1.3646367982356569,35.946369235979354,639.7246519642206,0.06324645,3458.53963796,3498.06544688,203.54076515,/home/chaoyu/phd_simulation/sensitivity_analysis/data/nocable_v2/m2_00329_verts.csv,/home/chaoyu/phd_simulation/sensitivity_analysis/data/nocable_v2/m2_00329_stress.csv,0.45663886731179315,0.45474279819430125,0.05298616897179745,0.05549390329408658,3458.912015555555,3470.63955,360.88236222222224,3638.3565104166664,False
330,2,False,motif2_nocable,1.1405818356762802,1.0262477395497285,4.827517103717702,943.8034243331668,0.20731691,1258.08159005,1487.76257004,61.45311923,/home/chaoyu/phd_simulation/sensitivity_analysis/data/nocable_v2/m2_00330_verts.csv,/home/chaoyu/phd_simulation/sensitivity_analysis/data/nocable_v2/m2_00330_stress.csv,1.2718194642354506,1.280357914095596,0.052963928633410436,0.05568321815215533,1342.7121909090909,1308.7089866666665,1470.8504204545454,1263.3221466666666,False
331,2,False,motif2_nocable,1.095041344804943,1.1705690817502237,81.1037192417288,781.3745830476574,0.13723238,1754.3876561,1874.38032544,90.56141416,/home/chaoyu/phd_simulation/sensitivity_analysis/data/nocable_v2/m2_00331_verts.csv,/home/chaoyu/phd_simulation/sensitivity_analysis/data/nocable_v2/m2_00331_stress.csv,0.8926141044267252,0.8925147819805223,0.05287903453632095,0.05573854424496135,1836.2531266666667,1744.9994717391303,1003.1159733333334,2014.5182239130438,False
332,2,False,motif2_nocable,0.815572128610554,0.9004657045698874,87.90795973116182,818.861602561311,0.37312728,968.22933028,1594.49427771,36.20112021,/home/chaoyu/phd_simulation/sensitivity_analysis/data/nocable_v2/m2_00332_verts.csv,/home/chaoyu/phd_simulation/sensitivity_analysis/data/nocable_v2/m2_00332_stress.csv,1.4564981536923844,1.175763891698399,0.05320370958818153,0.11546361868525647,1152.3110305555556,852.5023550000002,219.55823333333333,872.7492975000001,True
333,2,False,motif2_nocable,1.004531739922919,0.9612616644807295,52.9699261952429,467.92772671407926,0.23196311,572.40561108,741.72483627,22.30870761,/home/chaoyu/phd_simulation/sensitivity_analysis/data/nocable_v2/m2_00333_verts.csv,/home/chaoyu/phd_simulation/sensitivity_analysis/data/nocable_v2/m2_00333_stress.csv,1.3653540405761269,1.260579892425876,0.05345444691448972,0.05634956884569257,613.4716785714286,618.4599133333334,578.4294142857143,525.88876,False
334,2,False,motif2_nocable,0.8689391116225517,0.902584118660629,68.8858707768931,872.8886961071789,0.36179619,920.4643005,1315.93562432,23.79584936,/home/chaoyu/phd_simulation/sensitivity_analysis/data/nocable_v2/m2_00334_verts.csv,/home/chaoyu/phd_simulation/sensitivity_analysis/data/nocable_v2/m2_00334_stress.csv,1.644850811400729,1.2371076375482406,0.054358504287177506,0.05810005090031154,1061.7516486486484,920.2271499999998,440.3683648648649,884.7852595238094,False
335,2,False,motif2_nocable,0.9848923125511481,0.9680496462635972,71.4971810006813,310.27051333474634,0.2103396,415.5861898,540.67353013,16.17215272,/home/chaoyu/phd_simulation/sensitivity_analysis/data/nocable_v2/m2_00335_verts.csv,/home/chaoyu/phd_simulation/sensitivity_analysis/data/nocable_v2/m2_00335_stress.csv,1.3213784277570315,1.2299623710428702,0.053507202273854394,0.05688906181552217,459.87632727272734,438.1773444444444,348.1311590909091,371.04986666666673,False
336,2,False,motif2_nocable,1.054289048377732,0.9567971050134031,29.752906914002423,1053.5924822230836,0.28306615,1104.36810599,1422.35847369,40.68234883,/home/chaoyu/phd_simulation/sensitivity_analysis/data/nocable_v2/m2_00336_verts.csv,/home/chaoyu/phd_simulation/sensitivity_analysis/data/nocable_v2/m2_00336_stress.csv,1.4060188045291901,1.450689123128015,0.05303183970141003,0.05564172263741549,1201.6218536585366,1180.9543045454545,1274.0985804878048,1100.7975522727274,False
337,2,False,motif2_nocable,0.9229421924122863,0.813683986422079,27.641399255204373,244.13642372138105,0.30198956,468.77469361,1558.44059513,20.21241653,/home/chaoyu/phd_simulation/sensitivity_analysis/data/nocable_v2/m2_00337_verts.csv,/home/chaoyu/phd_simulation/sensitivity_analysis/data/nocable_v2/m2_00337_stress.csv,2.0335036735729264,1.196535083837861,0.057166326992465655,0.05730739277411921,492.33568749999995,406.60270975609757,406.9950625,76.60539756097562,False
338,2,False,motif2_nocable,1.0335170390596704,1.2424921332230099,44.92569867433007,376.46268451402346,0.06054076,2153.83628562,2177.30294217,115.10506922,/home/chaoyu/phd_simulation/sensitivity_analysis/data/nocable_v2/m2_00338_verts.csv,/home/chaoyu/phd_simulation/sensitivity_analysis/data/nocable_v2/m2_00338_stress.csv,0.43280238414673117,0.42826759306155193,0.052913267919701176,0.05543181150022057,2160.055026666667,2160.674122916667,579.0359222222224,2391.2737541666665,False
339,2,False,motif2_nocable,1.2870615391811981,1.3572068489086666,13.620018433840428,617.997317675526,0.05199653,3476.63995892,3503.65395486,199.34818052,/home/chaoyu/phd_simulation/sensitivity_analysis/data/nocable_v2/m2_00339_verts.csv,/home/chaoyu/phd_simulation/sensitivity_analysis/data/nocable_v2/m2_00339_stress.csv,0.4036478137416622,0.3434528073208729,0.05285519451461693,0.05528474918016769,3477.474044444444,3492.7833520833337,2308.5145022222223,4018.5361520833335,False
340,2,False,motif2_nocable,0.8836653563921157,0.9663832060193254,46.562513802430516,665.8665562790025,0.29561011,883.82473936,1267.00731874,33.68605737,/home/chaoyu/phd_simulation/sensitivity_analysis/data/nocable_v2/m2_00340_verts.csv,/home/chaoyu/phd_simulation/sensitivity_analysis/data/nocable_v2/m2_00340_stress.csv,1.5287885981868903,1.2308827881356215,0.055396501693716314,0.057902090551317696,942.8974875,936.896476744186,300.06503250000003,996.7939837209301,False
341,2,False,motif2_nocable,0.902014724539502,1.3380094827858238,73.6481016228812,764.5068355807975,0.08253102,3276.81026852,3342.81271542,192.44104542,/home/chaoyu/phd_simulation/sensitivity_analysis/data/nocable_v2/m2_00341_verts.csv,/home/chaoyu/phd_simulation/sensitivity_analysis/data/nocable_v2/m2_00341_stress.csv,0.5805354723491958,0.65902965466904,0.05293795227586787,0.05575537559390004,3310.070031111112,3262.145129166666,117.92406,3313.8705458333334,False
342,2,False,motif2_nocable,1.1399057987901395,0.8909386538683809,85.91774542027949,539.9432905717864,0.19985802,1220.65374987,1540.40667673,59.95546441,/home/chaoyu/phd_simulation/sensitivity_analysis/data/nocable_v2/m2_00342_verts.csv,/home/chaoyu/phd_simulation/sensitivity_analysis/data/nocable_v2/m2_00342_stress.csv,1.0285104375095477,1.0702330002316416,0.05442317964903474,0.05525767970294295,1112.1251255813952,1287.5476733333333,1145.4278186046513,-79.18453555555556,False
343,2,False,motif2_nocable,0.8563085789841351,1.312300908023115,61.517846007655,524.931390249353,0.06512367,3018.76436294,3077.98060028,175.96897321,/home/chaoyu/phd_simulation/sensitivity_analysis/data/nocable_v2/m2_00343_verts.csv,/home/chaoyu/phd_simulation/sensitivity_analysis/data/nocable_v2/m2_00343_stress.csv,0.4859121261789576,1.238199918236552,0.05381066196355462,0.06608456179468469,3030.6546666666673,3011.1421895833337,-166.7858022222222,2926.073114583333,False
344,2,False,motif2_nocable,1.0526597224246657,1.314094748040011,2.315934760506464,219.38357698739586,0.02619739,2809.08938867,2814.21604935,157.02568795,/home/chaoyu/phd_simulation/sensitivity_analysis/data/nocable_v2/m2_00344_verts.csv,/home/chaoyu/phd_simulation/sensitivity_analysis/data/nocable_v2/m2_00344_stress.csv,0.2052799663824406,0.18560741433917827,0.05285818480625542,0.055274438414872146,2807.5308777777777,2813.2363875000005,764.1118666666669,3116.534835416667,False
345,2,False,motif2_nocable,1.2760356735679539,1.21198940349787,24.041498721034813,815.3545428007185,0.09578616,2347.83914016,2429.06677513,135.35427757,/home/chaoyu/phd_simulation/sensitivity_analysis/data/nocable_v2/m2_00345_verts.csv,/home/chaoyu/phd_simulation/sensitivity_analysis/data/nocable_v2/m2_00345_stress.csv,0.7142706675181176,0.7134921028959755,0.05287384472609011,0.05532076011593552,2365.7526177777777,2381.821966666667,2105.883937777777,2592.71155,False
346,2,False,motif2_nocable,0.9428170572874492,1.2646041431375674,57.08120902844854,715.017589740977,0.10380003,2550.0112518,2637.19600307,138.0195636,/home/chaoyu/phd_simulation/sensitivity_analysis/data/nocable_v2/m2_00346_verts.csv,/home/chaoyu/phd_simulation/sensitivity_analysis/data/nocable_v2/m2_00346_stress.csv,0.8497449618584924,0.7677556049602171,0.053149337093618534,0.05607957483639184,2580.4718977777775,2548.0718702127665,232.72548,2654.486121276596,False
347,2,False,motif2_nocable,0.8081883546957753,0.8486219230198415,63.32974709117964,799.9332617996339,0.0,1266.03257894,1266.03257894,81.44869489,/home/chaoyu/phd_simulation/sensitivity_analysis/data/nocable_v2/m2_00347_verts.csv,/home/chaoyu/phd_simulation/sensitivity_analysis/data/nocable_v2/m2_00347_stress.csv,0.0,0.0,,,1266.0326,1266.0326000000002,-1084.8269,-1391.0603,True
348,2,False,motif2_nocable,0.9663339458398155,1.3607230721572785,82.86436169176805,979.9660768973497,0.095156,3501.9307846,3585.44291298,203.84342239,/home/chaoyu/phd_simulation/sensitivity_analysis/data/nocable_v2/m2_00348_verts.csv,/home/chaoyu/phd_simulation/sensitivity_analysis/data/nocable_v2/m2_00348_stress.csv,0.7220475272849217,0.6961448999027918,0.05286032838255441,0.055656112257784225,3555.4114044444436,3479.2094770833332,509.76014,3699.982427083333,False
349,2,False,motif2_nocable,0.9115614580620439,1.2790163347116257,8.482545757680514,582.6535348254196,0.0824852,2662.00017407,2722.28955189,146.85351165,/home/chaoyu/phd_simulation/sensitivity_analysis/data/nocable_v2/m2_00349_verts.csv,/home/chaoyu/phd_simulation/sensitivity_analysis/data/nocable_v2/m2_00349_stress.csv,0.6312435198662194,0.5672498465695204,0.05318655499240517,0.05531868513835668,2643.6432555555557,2694.2585979166665,48.54287333333334,2723.02684375,False
350,2,False,motif2_nocable,0.9927236252211068,0.9646777112712193,38.74605765661639,1186.4056166141254,0.31536084,1172.70301358,1568.93996595,35.01470545,/home/chaoyu/phd_simulation/sensitivity_analysis/data/nocable_v2/m2_00350_verts.csv,/home/chaoyu/phd_simulation/sensitivity_analysis/data/nocable_v2/m2_00350_stress.csv,1.4270104301037743,1.292108187481021,0.053531436915477064,0.0561916083898661,1262.388515,1299.054793181818,1096.7498424999999,1363.3415477272727,False
351,2,False,motif2_nocable,1.2518496168586242,0.8026289013834884,79.67038026912856,393.5264844817938,0.11905682,1713.99836989,2339.43667982,96.66765477,/home/chaoyu/phd_simulation/sensitivity_analysis/data/nocable_v2/m2_00351_verts.csv,/home/chaoyu/phd_simulation/sensitivity_analysis/data/nocable_v2/m2_00351_stress.csv,8.42000297366605,2.8905371123261405,0.14690532409733972,0.06547837436762459,1597.5954488888888,1737.315496153846,1521.756748888889,-259.58150961538456,True
352,2,False,motif2_nocable,1.3975589550815426,1.2156292768862358,33.39549791628871,437.4508546280522,0.04240044,2738.8759819,2756.1859095,170.40431051,/home/chaoyu/phd_simulation/sensitivity_analysis/data/nocable_v2/m2_00352_verts.csv,/home/chaoyu/phd_simulation/sensitivity_analysis/data/nocable_v2/m2_00352_stress.csv,0.32883779157920234,0.29630126968759246,0.052833183606129666,0.055276316385750264,2744.455797777777,2744.49264375,2828.1357133333336,2655.5849541666666,False
353,2,False,motif2_nocable,1.18766222534425,1.0185764564909758,25.557777246969273,983.7751402698382,0.19613096,1412.30406477,1607.00687899,72.5233977,/home/chaoyu/phd_simulation/sensitivity_analysis/data/nocable_v2/m2_00353_verts.csv,/home/chaoyu/phd_simulation/sensitivity_analysis/data/nocable_v2/m2_00353_stress.csv,1.117463109369974,1.0879961296281642,0.052845185227042187,0.05551294426006123,1496.5240697674417,1446.55395,1692.186013953488,1155.4507717391302,False
354,2,False,motif2_nocable,0.9464678789717307,1.2400821581866097,71.9845936496138,1134.1235402566156,0.16192919,2562.30111546,2756.45791626,135.9237289,/home/chaoyu/phd_simulation/sensitivity_analysis/data/nocable_v2/m2_00354_verts.csv,/home/chaoyu/phd_simulation/sensitivity_analysis/data/nocable_v2/m2_00354_stress.csv,1.3216169817030827,1.2266189866393684,0.05326822679975764,0.056829927649985464,2665.5221727272724,2517.234942222222,404.56245681818183,2689.2862666666665,False
355,2,False,motif2_nocable,0.9656280407693321,0.9598346753451034,77.22260081321002,226.06852360879952,0.20758479,324.61658058,434.66909256,11.02497858,/home/chaoyu/phd_simulation/sensitivity_analysis/data/nocable_v2/m2_00355_verts.csv,/home/chaoyu/phd_simulation/sensitivity_analysis/data/nocable_v2/m2_00355_stress.csv,1.3115522302457883,1.2985625174786448,0.05365221364851117,0.0574677726476403,360.8882363636364,331.86919555555556,222.03923409090913,263.1664688888889,False
356,2,False,motif2_nocable,1.0411681959378254,1.1744701942337614,46.265756764943596,1159.7599020272196,0.18851511,2031.34787093,2223.43362181,97.72187143,/home/chaoyu/phd_simulation/sensitivity_analysis/data/nocable_v2/m2_00356_verts.csv,/home/chaoyu/phd_simulation/sensitivity_analysis/data/nocable_v2/m2_00356_stress.csv,1.1960995653914144,1.4240794201960256,0.05365962438112553,0.05647610117303012,2101.074940909091,2087.5934666666667,935.5153045454543,2384.710268888889,False
357,2,False,motif2_nocable,0.9763225435580672,1.2011229787888287,39.615842130420035,275.87718496606635,0.05961627,1787.08476934,1812.93675472,90.8203402,/home/chaoyu/phd_simulation/sensitivity_analysis/data/nocable_v2/m2_00357_verts.csv,/home/chaoyu/phd_simulation/sensitivity_analysis/data/nocable_v2/m2_00357_stress.csv,0.427542526766817,0.4249524280720601,0.052959604244495785,0.05546748353416706,1789.4248777777777,1794.45948125,208.26862888888883,1889.6226916666667,False
358,2,False,motif2_nocable,1.0317132285681847,1.2722241407419974,50.992678693748516,646.1612691802036,0.08788242,2517.26475337,2570.52581895,135.84175106,/home/chaoyu/phd_simulation/sensitivity_analysis/data/nocable_v2/m2_00358_verts.csv,/home/chaoyu/phd_simulation/sensitivity_analysis/data/nocable_v2/m2_00358_stress.csv,0.6957735925861972,0.622207669021014,0.05300721355717147,0.05564637794339529,2536.92252,2526.0830520833333,673.4679488888889,2794.5089645833336,False
359,2,False,motif2_nocable,1.2520497189827724,1.0074648270059876,74.21421970836515,1074.316730695708,0.18335694,1706.83326041,1859.2306199,92.6621627,/home/chaoyu/phd_simulation/sensitivity_analysis/data/nocable_v2/m2_00359_verts.csv,/home/chaoyu/phd_simulation/sensitivity_analysis/data/nocable_v2/m2_00359_stress.csv,1.1279744993850571,1.0109903666119913,0.05306974217609003,0.05507769923466572,1702.3826363636365,1801.7832717391307,1958.8977136363637,1007.166904347826,False
360,2,False,motif2_nocable,1.1037923215436796,0.8604181153172045,1.009900646566961,616.1555701683608,0.23962067,1194.4825771,1742.17150709,59.67986408,/home/chaoyu/phd_simulation/sensitivity_analysis/data/nocable_v2/m2_00360_verts.csv,/home/chaoyu/phd_simulation/sensitivity_analysis/data/nocable_v2/m2_00360_stress.csv,1.3760089578610886,1.2542273942836724,0.05286290577029503,0.057473767265486884,1278.2074853658537,1049.0876840909093,1220.7919365853656,135.95596136363636,False
361,2,False,motif2_nocable,1.0018171613814153,0.843916858361802,84.24803696457712,541.37281146767,0.29406677,835.73936608,1623.1740302,37.77016339,/home/chaoyu/phd_simulation/sensitivity_analysis/data/nocable_v2/m2_00361_verts.csv,/home/chaoyu/phd_simulation/sensitivity_analysis/data/nocable_v2/m2_00361_stress.csv,1.2701591311818343,1.332846029868967,0.054074671080143154,0.056583393689913775,680.3904076923076,939.7861190476191,760.2904666666667,32.82016428571429,False
362,2,False,motif2_nocable,1.161781584981757,0.9728964146565138,3.7027087299900163,699.1645095389968,0.18691931,1157.19326743,1298.88353274,58.75589789,/home/chaoyu/phd_simulation/sensitivity_analysis/data/nocable_v2/m2_00362_verts.csv,/home/chaoyu/phd_simulation/sensitivity_analysis/data/nocable_v2/m2_00362_stress.csv,1.1958435472680795,1.1133507306272088,0.05287926184879171,0.05617399454788929,1245.9548818181815,1129.7723913043478,1411.8236840909087,648.3514521739132,False
363,2,False,motif2_nocable,1.2582117948075016,1.060218564582229,0.8842606798997977,792.6259761687963,0.13408854,1626.47145428,1732.86318789,93.9259974,/home/chaoyu/phd_simulation/sensitivity_analysis/data/nocable_v2/m2_00363_verts.csv,/home/chaoyu/phd_simulation/sensitivity_analysis/data/nocable_v2/m2_00363_stress.csv,0.9456382507491576,0.8574197684899834,0.052851045574960905,0.055554061187946924,1681.65644,1636.198130434783,1916.1082555555558,1267.6204543478261,False
364,2,False,motif2_nocable,1.1478720871400978,1.284862654040293,83.77722670870362,500.29680668358355,0.05970652,2600.6072311,2628.04499776,144.91684672,/home/chaoyu/phd_simulation/sensitivity_analysis/data/nocable_v2/m2_00364_verts.csv,/home/chaoyu/phd_simulation/sensitivity_analysis/data/nocable_v2/m2_00364_stress.csv,0.46015213228894697,0.41537619916065915,0.052834606914071804,0.05535327502558308,2620.9968488888885,2598.2365958333335,1303.4439066666666,2992.1730604166664,False
365,2,False,motif2_nocable,1.3136331375268477,1.3089215392104792,13.206968274704028,921.4984408037451,0.08227008,3186.74970013,3254.75147238,181.77782582,/home/chaoyu/phd_simulation/sensitivity_analysis/data/nocable_v2/m2_00365_verts.csv,/home/chaoyu/phd_simulation/sensitivity_analysis/data/nocable_v2/m2_00365_stress.csv,0.6231122630287389,0.621926210540999,0.05286878860070624,0.05529134275428042,3194.4283466666666,3222.14751875,2485.8613288888887,3643.5635520833334,False
366,2,False,motif2_nocable,0.850389277415704,0.9349651450171746,23.951752159870296,419.3732940050352,0.29399881,650.01413708,1256.0220181,25.2445074,/home/chaoyu/phd_simulation/sensitivity_analysis/data/nocable_v2/m2_00366_verts.csv,/home/chaoyu/phd_simulation/sensitivity_analysis/data/nocable_v2/m2_00366_stress.csv,1.5205422065049445,1.3526996426658742,0.05592886218752102,0.05840212303563516,596.0424219512195,725.331819047619,201.4197243902439,725.7133142857142,False
367,2,False,motif2_nocable,1.0145444831236903,0.8186682600810031,52.72041753923418,254.24268110048612,0.23822883,626.05429558,1693.9366644,29.99852269,/home/chaoyu/phd_simulation/sensitivity_analysis/data/nocable_v2/m2_00367_verts.csv,/home/chaoyu/phd_simulation/sensitivity_analysis/data/nocable_v2/m2_00367_stress.csv,4.272677909601914,1.9904231394524539,0.06295992704774583,0.05980158343649922,606.2348976744187,597.264371111111,533.2339976744187,-66.36362,False
368,2,False,motif2_nocable,1.0271584391378838,1.3780596695401992,73.3495918640629,590.8867695754057,0.05542656,3533.33154692,3560.956312,204.86828285,/home/chaoyu/phd_simulation/sensitivity_analysis/data/nocable_v2/m2_00368_verts.csv,/home/chaoyu/phd_simulation/sensitivity_analysis/data/nocable_v2/m2_00368_stress.csv,0.4335908636721638,0.3911186601788721,0.05285768120179895,0.055403988103701486,3551.141364444444,3528.1270874999996,774.5104777777777,3849.7634249999996,False
369,2,False,motif2_nocable,0.8252877302401613,1.1438305975205711,84.77921835872215,1161.6393752713766,0.23133227,2185.26563225,2534.14413566,118.06368261,/home/chaoyu/phd_simulation/sensitivity_analysis/data/nocable_v2/m2_00369_verts.csv,/home/chaoyu/phd_simulation/sensitivity_analysis/data/nocable_v2/m2_00369_stress.csv,1.5506194086471512,1.2112404938013894,0.05304277294002461,0.05768609923714879,2317.910376190476,2057.1153604651163,-69.7212619047619,2059.6719093023257,False
370,2,False,motif2_nocable,0.996236011804241,0.8254853851334503,42.84693738298503,486.7954810327563,0.29446117,810.31416703,1707.02329157,38.53254515,/home/chaoyu/phd_simulation/sensitivity_analysis/data/nocable_v2/m2_00370_verts.csv,/home/chaoyu/phd_simulation/sensitivity_analysis/data/nocable_v2/m2_00370_stress.csv,1.4435436116627287,1.8774674021501816,0.05527270580202805,0.055999649937685074,839.006455,816.1782571428571,789.3165975,40.76115476190476,False
371,2,False,motif2_nocable,0.9388734347784647,1.1331497438592462,63.66209554789226,432.2590287148482,0.13074911,1392.31908798,1504.89538405,66.13259856,/home/chaoyu/phd_simulation/sensitivity_analysis/data/nocable_v2/m2_00371_verts.csv,/home/chaoyu/phd_simulation/sensitivity_analysis/data/nocable_v2/m2_00371_stress.csv,0.8867105977802958,0.7349876310667782,0.053197909840793686,0.05690164635628297,1435.500891111111,1378.166097826087,64.43668888888888,1411.9128999999998,False
372,2,False,motif2_nocable,0.8119512447032735,0.9410095829658071,68.4345979314333,1145.8680722839488,0.37702952,1340.74615595,1956.639962,59.50972724,/home/chaoyu/phd_simulation/sensitivity_analysis/data/nocable_v2/m2_00372_verts.csv,/home/chaoyu/phd_simulation/sensitivity_analysis/data/nocable_v2/m2_00372_stress.csv,1.4871015572381518,1.1614910936743807,0.05588028811365808,0.09916139157470517,1543.000352777778,1273.6094750000002,304.8190222222222,1362.6038694444442,False
373,2,False,motif2_nocable,1.374747228276919,1.1265927241140223,78.7174475938592,600.4501269868542,0.07026021,2283.34048855,2320.93913142,143.18716544,/home/chaoyu/phd_simulation/sensitivity_analysis/data/nocable_v2/m2_00373_verts.csv,/home/chaoyu/phd_simulation/sensitivity_analysis/data/nocable_v2/m2_00373_stress.csv,0.4915206434006064,0.479009247726304,0.05285960055720449,0.055256453243453886,2288.426162222222,2302.25570625,2571.227402222222,1802.5212375,False
374,2,False,motif2_nocable,1.203943652852122,0.8827851454316838,74.09126541856372,879.6190172361945,0.21242816,1659.17232127,1991.40457406,88.61084991,/home/chaoyu/phd_simulation/sensitivity_analysis/data/nocable_v2/m2_00374_verts.csv,/home/chaoyu/phd_simulation/sensitivity_analysis/data/nocable_v2/m2_00374_stress.csv,1.1060234981058445,1.0909117418663326,0.05387429954936555,0.054834126850531996,1568.7470682926828,1733.6552333333332,1631.3790975609754,57.90997111111111,False
375,2,False,motif2_nocable,1.0441688886422797,1.2469102356848234,88.42303798836673,597.5157611670581,0.08942086,2268.24490363,2318.77361649,120.804439,/home/chaoyu/phd_simulation/sensitivity_analysis/data/nocable_v2/m2_00375_verts.csv,/home/chaoyu/phd_simulation/sensitivity_analysis/data/nocable_v2/m2_00375_stress.csv,0.6705928885593747,0.6822794216091863,0.052822073274273844,0.055569756489563915,2311.048237777778,2255.7141541666665,701.5566266666667,2523.680779166667,False
376,2,False,motif2_nocable,0.9595677964182129,1.3292402985732565,23.63925325070423,957.7738768256783,0.10391863,3204.52498684,3307.62873636,182.31030412,/home/chaoyu/phd_simulation/sensitivity_analysis/data/nocable_v2/m2_00376_verts.csv,/home/chaoyu/phd_simulation/sensitivity_analysis/data/nocable_v2/m2_00376_stress.csv,0.7264480438753039,0.7247430785644589,0.05326640772309938,0.0556370711359404,3189.134751111111,3251.1633531914886,426.08715777777775,3447.569440425531,False
377,2,False,motif2_nocable,1.3401107908183285,1.3982520526834932,28.99903597716873,499.36646912148296,0.03662483,3948.79704833,3963.52227272,228.81966287,/home/chaoyu/phd_simulation/sensitivity_analysis/data/nocable_v2/m2_00377_verts.csv,/home/chaoyu/phd_simulation/sensitivity_analysis/data/nocable_v2/m2_00377_stress.csv,0.28684896060369625,0.2579932621892616,0.05284269565424232,0.05528697783533436,3951.0788911111104,3955.826489583333,2720.58498,4538.037591666666,False
378,2,False,motif2_nocable,1.092663137994685,1.2969597268011022,59.16368314165223,1059.2167480172602,0.11892986,2888.30991047,2984.70274147,155.23202615,/home/chaoyu/phd_simulation/sensitivity_analysis/data/nocable_v2/m2_00378_verts.csv,/home/chaoyu/phd_simulation/sensitivity_analysis/data/nocable_v2/m2_00378_stress.csv,0.9324616650105251,0.8992993595619355,0.05306493376966238,0.05581225920057146,2942.977891111111,2894.6757212765965,1155.5668244444444,3293.592078723404,False
379,2,False,motif2_nocable,1.212263644435573,0.9267332167698652,25.846189074773292,647.4255371559974,0.16734475,1459.68019963,1655.0878816,76.19017937,/home/chaoyu/phd_simulation/sensitivity_analysis/data/nocable_v2/m2_00379_verts.csv,/home/chaoyu/phd_simulation/sensitivity_analysis/data/nocable_v2/m2_00379_stress.csv,1.0453513077222032,1.0329290459789437,0.05284536025828481,0.05608924943835915,1507.5606860465118,1428.9804934782605,1571.0160279069767,196.63253260869564,False
380,2,False,motif2_nocable,1.1986206473458,1.1524039580753775,58.51982376327582,594.2471146456287,0.09746315,1677.37384876,1749.49880535,96.4918416,/home/chaoyu/phd_simulation/sensitivity_analysis/data/nocable_v2/m2_00380_verts.csv,/home/chaoyu/phd_simulation/sensitivity_analysis/data/nocable_v2/m2_00380_stress.csv,0.7270318065831957,0.7277013431981725,0.0528852853408067,0.05538775191452123,1704.6033200000002,1696.7552083333333,1488.2167711111113,1840.64846875,False
381,2,False,motif2_nocable,1.0283535455658785,1.0764690703008826,80.29762602294501,991.9341340558099,0.22579929,1366.08037271,1619.32580359,59.13172343,/home/chaoyu/phd_simulation/sensitivity_analysis/data/nocable_v2/m2_00381_verts.csv,/home/chaoyu/phd_simulation/sensitivity_analysis/data/nocable_v2/m2_00381_stress.csv,1.4143309720316617,1.2733587558662653,0.053011157566169295,0.05633603590554403,1527.7941627906976,1346.0191822222223,838.8224767441861,1537.2203444444444,False
382,2,False,motif2_nocable,0.8722598430106709,1.1259974867401334,22.14481680502585,559.1819104607272,0.16588782,1554.03765136,1808.91514529,76.03581714,/home/chaoyu/phd_simulation/sensitivity_analysis/data/nocable_v2/m2_00382_verts.csv,/home/chaoyu/phd_simulation/sensitivity_analysis/data/nocable_v2/m2_00382_stress.csv,1.3791298402671366,1.2675035933166732,0.0597533644533216,0.05613920482170147,1509.0944886363636,1620.2554804347828,-81.44920454545455,1551.1249130434783,False
383,2,False,motif2_nocable,1.1153188452693839,1.1302736425560593,82.61672901345663,384.32099876817824,0.08739385,1266.36412517,1316.55334023,70.92542922,/home/chaoyu/phd_simulation/sensitivity_analysis/data/nocable_v2/m2_00383_verts.csv,/home/chaoyu/phd_simulation/sensitivity_analysis/data/nocable_v2/m2_00383_stress.csv,0.6577244668175046,0.6638269465521696,0.052863100612712946,0.05546161162026856,1295.8283977777778,1269.7412104166667,910.5735555555553,1447.3406937500001,False
384,2,False,motif2_nocable,1.2453257284255272,0.8475442097827092,89.93599491374808,313.3860185181338,0.10555513,1582.41261965,1998.66406584,85.69877257,/home/chaoyu/phd_simulation/sensitivity_analysis/data/nocable_v2/m2_00384_verts.csv,/home/chaoyu/phd_simulation/sensitivity_analysis/data/nocable_v2/m2_00384_stress.csv,12.915808839850584,1.57609386561502,0.13905034190493704,0.06337875619127181,1497.206751111111,1624.3507387755105,1452.8232133333331,-205.9473306122449,True
385,2,False,motif2_nocable,0.9833926407501555,0.8534108127309681,89.23972723210719,1151.6639807514075,0.36605802,1143.6538875,1742.06566677,38.25422,/home/chaoyu/phd_simulation/sensitivity_analysis/data/nocable_v2/m2_00385_verts.csv,/home/chaoyu/phd_simulation/sensitivity_analysis/data/nocable_v2/m2_00385_stress.csv,1.4607078957287627,1.2738494660271171,0.05340435584039807,0.055463213010328895,1080.320541025641,1332.1356780487804,1092.053717948718,589.2622097560975,False
386,2,False,motif2_nocable,1.129109704938783,1.053645166181235,49.934618852160376,844.4942529448716,0.18818865,1225.41058345,1431.71423495,61.77516132,/home/chaoyu/phd_simulation/sensitivity_analysis/data/nocable_v2/m2_00386_verts.csv,/home/chaoyu/phd_simulation/sensitivity_analysis/data/nocable_v2/m2_00386_stress.csv,1.20685146884635,1.077394915973476,0.05301910175136605,0.055582066125187526,1289.2548204545453,1286.1211586956524,1263.305984090909,1275.1409804347825,False
387,2,False,motif2_nocable,1.3644734897422088,1.0540739414544023,41.646938195224855,454.7750519774746,0.06245912,2060.11537519,2081.01260173,128.65823063,/home/chaoyu/phd_simulation/sensitivity_analysis/data/nocable_v2/m2_00387_verts.csv,/home/chaoyu/phd_simulation/sensitivity_analysis/data/nocable_v2/m2_00387_stress.csv,0.4380374295454752,0.4292075956706732,0.05282613046115403,0.055269545654455,2067.8307444444445,2066.170447916667,2385.156477777778,1101.3250833333334,False
388,2,False,motif2_nocable,1.357750009884469,0.9213404065107027,58.800320239506824,657.6860007624618,0.10426497,2231.44079129,2316.92394157,130.30307599,/home/chaoyu/phd_simulation/sensitivity_analysis/data/nocable_v2/m2_00388_verts.csv,/home/chaoyu/phd_simulation/sensitivity_analysis/data/nocable_v2/m2_00388_stress.csv,0.7257460386703313,0.7815351733212782,0.05295814403535835,0.05514963996220277,2221.5729644444446,2248.7848021276595,2269.6430755555557,102.47758085106383,False
389,2,False,motif2_nocable,1.2628382286386326,1.04358736430112,13.105628316228303,956.4063250216641,0.15672923,1706.12840174,1841.95675755,96.0041532,/home/chaoyu/phd_simulation/sensitivity_analysis/data/nocable_v2/m2_00389_verts.csv,/home/chaoyu/phd_simulation/sensitivity_analysis/data/nocable_v2/m2_00389_stress.csv,1.0445093980750475,0.9545898376177799,0.052801315708895326,0.05554098240998794,1779.9053136363634,1715.0821195652172,2039.8567181818182,1254.3776608695653,False
390,2,False,motif2_nocable,1.0224047267295906,1.3443254869722099,51.26185768763226,472.78375263693584,0.0503795,3166.4323297,3187.88349968,180.09514465,/home/chaoyu/phd_simulation/sensitivity_analysis/data/nocable_v2/m2_00390_verts.csv,/home/chaoyu/phd_simulation/sensitivity_analysis/data/nocable_v2/m2_00390_stress.csv,0.39946490339540647,0.3374358419366469,0.05288141268292098,0.05540420326249713,3173.4569622222216,3169.0683458333333,678.9823844444445,3453.3916416666666,False
391,2,False,motif2_nocable,0.9886030241782957,1.0820090002498792,54.31483774114381,729.7105125011574,0.20123095,1225.92583991,1389.67145068,55.07024023,/home/chaoyu/phd_simulation/sensitivity_analysis/data/nocable_v2/m2_00391_verts.csv,/home/chaoyu/phd_simulation/sensitivity_analysis/data/nocable_v2/m2_00391_stress.csv,1.2391054349567105,1.0712401162431124,0.053652160105348505,0.056886256023297,1310.5004204545453,1249.904331111111,524.1986909090909,1418.2331866666664,False
392,2,False,motif2_nocable,0.9553238330294538,1.3060971385796938,86.37717012016363,1139.4324997004164,0.1302758,3077.81101819,3218.87725847,171.96101937,/home/chaoyu/phd_simulation/sensitivity_analysis/data/nocable_v2/m2_00392_verts.csv,/home/chaoyu/phd_simulation/sensitivity_analysis/data/nocable_v2/m2_00392_stress.csv,0.8560960921923244,0.8828202694235501,0.052824829293337046,0.05596478407656185,3167.512475555556,3034.817391489362,457.1542755555556,3229.8508042553194,False
393,2,False,motif2_nocable,0.9481166054833782,1.0518494033344399,31.797612601658415,642.8366570668405,0.21887349,1070.59653834,1309.70171832,46.46784615,/home/chaoyu/phd_simulation/sensitivity_analysis/data/nocable_v2/m2_00393_verts.csv,/home/chaoyu/phd_simulation/sensitivity_analysis/data/nocable_v2/m2_00393_stress.csv,1.3092835913379774,1.1181205161770944,0.05449211215998554,0.05683208380814179,1077.3732545454545,1162.146534090909,373.81849318181816,1275.9575227272728,False
394,2,False,motif2_nocable,1.0079383527546955,0.822627786739604,87.76880040414959,696.0683531461954,0.31683304,1006.28230247,1864.89020515,47.98606449,/home/chaoyu/phd_simulation/sensitivity_analysis/data/nocable_v2/m2_00394_verts.csv,/home/chaoyu/phd_simulation/sensitivity_analysis/data/nocable_v2/m2_00394_stress.csv,1.3393260210942621,1.107204894462905,0.0696720516681829,0.055253550896819874,809.4626000000001,1137.5588761904762,916.2609179487179,44.32301904761906,False
395,2,False,motif2_nocable,1.0638502402367536,1.2068767725171683,75.93098504373212,749.3174408619425,0.12256578,2002.79194624,2092.82213459,103.8047871,/home/chaoyu/phd_simulation/sensitivity_analysis/data/nocable_v2/m2_00395_verts.csv,/home/chaoyu/phd_simulation/sensitivity_analysis/data/nocable_v2/m2_00395_stress.csv,0.908918447099576,0.9092257048776768,0.05290746679491173,0.055809172384599134,2071.0924333333337,1990.3723148936172,835.7768866666667,2273.575985106384,False
396,2,False,motif2_nocable,0.8459413960487898,1.2567690087559797,70.35781815806581,436.04824625343645,0.08500164,2477.1393751,2613.67459034,138.29888305,/home/chaoyu/phd_simulation/sensitivity_analysis/data/nocable_v2/m2_00396_verts.csv,/home/chaoyu/phd_simulation/sensitivity_analysis/data/nocable_v2/m2_00396_stress.csv,1.1952914470058598,4.866270102320635,0.05900762349491584,0.09696074661702977,2487.6871599999995,2461.9675520833334,-196.2558377777778,2360.8714812499998,False
397,2,False,motif2_nocable,0.9571140643046826,1.1087938801354957,50.662525259716226,1012.3758323125377,0.22477931,1634.07669912,1886.65272065,75.2769201,/home/chaoyu/phd_simulation/sensitivity_analysis/data/nocable_v2/m2_00397_verts.csv,/home/chaoyu/phd_simulation/sensitivity_analysis/data/nocable_v2/m2_00397_stress.csv,1.4376477796141591,1.1294803439205292,0.05436681406381645,0.057742440875322903,1721.9989227272724,1678.932793181818,523.35685,1869.204011363636,False
398,2,False,motif2_nocable,0.9129178315510766,1.0937912697627674,18.523497457733907,1078.5627793512813,0.24848813,1688.38117942,2054.52087365,79.64557604,/home/chaoyu/phd_simulation/sensitivity_analysis/data/nocable_v2/m2_00398_verts.csv,/home/chaoyu/phd_simulation/sensitivity_analysis/data/nocable_v2/m2_00398_stress.csv,1.3923650161796906,1.0563021359762113,0.05508494403702028,0.056644508664975335,1624.7146818181818,1845.0934441860466,444.17209999999994,1989.823723255814,False
399,2,False,motif2_nocable,0.9525871875155334,1.3599692990672352,80.79621466400822,676.4617048632035,0.06787183,3418.39236695,3462.24225151,200.24947391,/home/chaoyu/phd_simulation/sensitivity_analysis/data/nocable_v2/m2_00399_verts.csv,/home/chaoyu/phd_simulation/sensitivity_analysis/data/nocable_v2/m2_00399_stress.csv,0.4778855089767018,0.5294520313035344,0.052856596427548294,0.055497828022880856,3445.3409088888898,3406.8257020833335,376.32202888888884,3575.80556875,False
400,2,False,motif2_nocable,1.1430301142584636,1.0567454046826135,40.81045150508398,867.5253753872735,0.18485228,1279.80362714,1482.60702719,65.3653667,/home/chaoyu/phd_simulation/sensitivity_analysis/data/nocable_v2/m2_00400_verts.csv,/home/chaoyu/phd_simulation/sensitivity_analysis/data/nocable_v2/m2_00400_stress.csv,1.1867885668438864,1.0605079201458036,0.0529897933848624,0.055532494944703525,1340.2947136363637,1341.936284782609,1356.1608681818182,1326.8947826086958,False
401,2,False,motif2_nocable,1.0691818309829628,1.213349194953958,59.893887228968566,787.6135043684218,0.12393121,2072.5424831,2165.68216451,107.68421627,/home/chaoyu/phd_simulation/sensitivity_analysis/data/nocable_v2/m2_00401_verts.csv,/home/chaoyu/phd_simulation/sensitivity_analysis/data/nocable_v2/m2_00401_stress.csv,0.836750383430534,0.9274870294376213,0.05304261854374318,0.05584295673187577,2125.2749,2079.14420212766,884.8431377777777,2375.412980851064,False
402,2,False,motif2_nocable,1.2080278725754163,0.917275177400957,71.22037948925583,860.1696024484835,0.20076232,1557.09727953,1819.56898016,82.24364216,/home/chaoyu/phd_simulation/sensitivity_analysis/data/nocable_v2/m2_00402_verts.csv,/home/chaoyu/phd_simulation/sensitivity_analysis/data/nocable_v2/m2_00402_stress.csv,1.1217783344094843,1.0622073709293318,0.053538310933783945,0.05493704867989353,1497.5333452380953,1635.7772177777774,1627.6104285714287,264.5301244444444,False
403,2,False,motif2_nocable,1.2948251431385474,1.100696062846819,56.81561084425713,692.4825697593892,0.10145848,1838.16644102,1909.60835381,110.67780889,/home/chaoyu/phd_simulation/sensitivity_analysis/data/nocable_v2/m2_00403_verts.csv,/home/chaoyu/phd_simulation/sensitivity_analysis/data/nocable_v2/m2_00403_stress.csv,0.7378098536504408,0.7491625992718842,0.05285785246753373,0.05526234738861197,1856.3755555555558,1866.2035833333332,2061.932097777778,1526.1167583333333,False
404,2,False,motif2_nocable,0.973444718701193,1.3971876610960567,17.677162349849553,1085.1809519524215,0.0925683,3887.06532461,3977.57244519,231.78875646,/home/chaoyu/phd_simulation/sensitivity_analysis/data/nocable_v2/m2_00404_verts.csv,/home/chaoyu/phd_simulation/sensitivity_analysis/data/nocable_v2/m2_00404_stress.csv,0.7345626112070891,0.7097115127240456,0.053119792594960885,0.05547976574634543,3867.8707666666674,3934.1643425531906,592.2267755555555,4202.887042553191,False
405,2,False,motif2_nocable,0.8135222794039807,0.8141111358338138,10.362623710485217,620.1170560370322,0.0,1435.79142896,1435.79142896,86.92817199,/home/chaoyu/phd_simulation/sensitivity_analysis/data/nocable_v2/m2_00405_verts.csv,/home/chaoyu/phd_simulation/sensitivity_analysis/data/nocable_v2/m2_00405_stress.csv,0.0,0.0,,,1435.7914000000003,1435.7914,-1099.714,-1624.3191,True
406,2,False,motif2_nocable,0.8028777568795041,1.2055676482187514,67.77889998627587,755.7394544407788,0.14747199,2237.33548334,2645.74652424,126.0912086,/home/chaoyu/phd_simulation/sensitivity_analysis/data/nocable_v2/m2_00406_verts.csv,/home/chaoyu/phd_simulation/sensitivity_analysis/data/nocable_v2/m2_00406_stress.csv,1.7382177436486552,5.847737122526795,0.06342885074533168,0.08695119916255814,2268.4961095238095,2193.1289808510637,-195.22969523809522,2085.201844680851,False
407,2,False,motif2_nocable,1.1637868932793958,1.382038068295635,5.3002469769440275,1092.0344512959673,0.09242718,3698.24526092,3768.67426172,206.67574262,/home/chaoyu/phd_simulation/sensitivity_analysis/data/nocable_v2/m2_00407_verts.csv,/home/chaoyu/phd_simulation/sensitivity_analysis/data/nocable_v2/m2_00407_stress.csv,0.6943291773432513,0.6903445379915613,0.05293367980901275,0.0552654294413241,3684.399313333333,3754.896497872341,1654.9644200000007,4298.223368085106,False
408,2,False,motif2_nocable,0.89736499100795,1.3331384241008615,14.980781249830718,1132.4763543661936,0.11846737,3366.78080444,3505.93159087,198.02984046,/home/chaoyu/phd_simulation/sensitivity_analysis/data/nocable_v2/m2_00408_verts.csv,/home/chaoyu/phd_simulation/sensitivity_analysis/data/nocable_v2/m2_00408_stress.csv,0.9428738727099416,0.8289468960914552,0.05342049419532862,0.055593433806803524,3331.9305577777777,3432.999297826087,156.50438222222223,3519.0315652173917,False
409,2,False,motif2_nocable,1.1594972160389139,1.2441310608678369,78.2780308174467,903.1950509799182,0.11382874,2403.9101217,2503.32861498,129.4776938,/home/chaoyu/phd_simulation/sensitivity_analysis/data/nocable_v2/m2_00409_verts.csv,/home/chaoyu/phd_simulation/sensitivity_analysis/data/nocable_v2/m2_00409_stress.csv,0.8404029422987709,0.8386693888088647,0.05286664625427892,0.05553075279940899,2468.0880466666667,2402.441876595745,1442.8324422222222,2772.679985106383,False
410,2,False,motif2_nocable,1.2816588572297654,1.1186838538770913,34.027433077444634,529.5393813927201,0.07956114,1778.55361332,1825.02859173,108.43464201,/home/chaoyu/phd_simulation/sensitivity_analysis/data/nocable_v2/m2_00410_verts.csv,/home/chaoyu/phd_simulation/sensitivity_analysis/data/nocable_v2/m2_00410_stress.csv,0.597399747930843,0.5388834126472604,0.05284231894845993,0.055305729447248174,1794.4585733333338,1792.8360416666665,1944.5719622222225,1601.0532333333333,False
411,2,False,motif2_nocable,1.352635982193904,1.1501343333376954,44.47723558779719,656.2247451316086,0.07703823,2266.3202216,2314.91560502,139.79147296,/home/chaoyu/phd_simulation/sensitivity_analysis/data/nocable_v2/m2_00411_verts.csv,/home/chaoyu/phd_simulation/sensitivity_analysis/data/nocable_v2/m2_00411_stress.csv,0.5783234256157395,0.5212604736755818,0.0528314338060523,0.055267387406438336,2281.594251111111,2282.5755375000003,2477.1032644444444,2016.9367895833332,False
412,2,False,motif2_nocable,0.9346079001961253,1.2328659449857355,70.14594265747141,474.04358311466336,0.08473805,2186.54542033,2245.28140501,114.48680556,/home/chaoyu/phd_simulation/sensitivity_analysis/data/nocable_v2/m2_00412_verts.csv,/home/chaoyu/phd_simulation/sensitivity_analysis/data/nocable_v2/m2_00412_stress.csv,0.5950076537924259,0.6773291833185426,0.052934084640330586,0.05592722820122629,2214.7111266666666,2175.9486916666665,94.12434222222221,2220.0864104166667,False
413,2,False,motif2_nocable,1.2479112465140938,1.0792437955467504,74.87542581084149,257.1029677695017,0.04962178,1408.71302416,1423.95283751,86.84132718,/home/chaoyu/phd_simulation/sensitivity_analysis/data/nocable_v2/m2_00413_verts.csv,/home/chaoyu/phd_simulation/sensitivity_analysis/data/nocable_v2/m2_00413_stress.csv,0.38331856986030916,0.32840669054845123,0.052857190943294566,0.055285175919663934,1411.2425266666667,1415.9572,1591.3443044444446,1093.1872666666666,False
414,2,False,motif2_nocable,1.2932062143146774,1.300456505750927,1.6209420612357246,936.0391745707309,0.0871114,3076.08790083,3149.87808573,174.21816627,/home/chaoyu/phd_simulation/sensitivity_analysis/data/nocable_v2/m2_00414_verts.csv,/home/chaoyu/phd_simulation/sensitivity_analysis/data/nocable_v2/m2_00414_stress.csv,0.6533855669890684,0.6539744546636413,0.052865772058973,0.055266658750858864,3081.5808688888887,3117.3339375,2345.62482,3540.6808875,False
415,2,False,motif2_nocable,1.1713233225263355,1.3505085269675083,72.17305828754928,970.4003687670047,0.08968032,3362.15685815,3429.22983266,186.67154278,/home/chaoyu/phd_simulation/sensitivity_analysis/data/nocable_v2/m2_00415_verts.csv,/home/chaoyu/phd_simulation/sensitivity_analysis/data/nocable_v2/m2_00415_stress.csv,0.6866792091389603,0.6809765938175216,0.05288025915430389,0.0554789650967217,3407.89656,3359.99276875,1635.3711955555552,3864.801910416667,False
416,2,False,motif2_nocable,1.0591752891443553,1.0441696385446235,56.56836692036701,711.6762497899346,0.19986003,1000.74413115,1207.12391918,47.01148,/home/chaoyu/phd_simulation/sensitivity_analysis/data/nocable_v2/m2_00416_verts.csv,/home/chaoyu/phd_simulation/sensitivity_analysis/data/nocable_v2/m2_00416_stress.csv,1.167171551837871,1.2136651011805573,0.05318839139997432,0.056016383929531705,1080.8784044444444,1044.476242222222,860.44788,1130.9994133333332,False
417,2,False,motif2_nocable,0.8639350194648685,1.3704327113904506,55.62559682619444,308.2031046369104,0.03000878,3551.73781989,3561.30873666,218.33251814,/home/chaoyu/phd_simulation/sensitivity_analysis/data/nocable_v2/m2_00417_verts.csv,/home/chaoyu/phd_simulation/sensitivity_analysis/data/nocable_v2/m2_00417_stress.csv,0.23747477503837458,0.2125742415976297,0.05280184883088649,0.05532210940028216,3554.328755555555,3551.4797541666667,-76.74516666666666,3512.0329020833337,False
418,2,False,motif2_nocable,1.381666917107577,0.8260293656871202,33.29299922346498,555.7660508210096,0.10082841,2510.17370948,2807.72521012,154.51925996,/home/chaoyu/phd_simulation/sensitivity_analysis/data/nocable_v2/m2_00418_verts.csv,/home/chaoyu/phd_simulation/sensitivity_analysis/data/nocable_v2/m2_00418_stress.csv,2.76573311661911,4.049669488809747,0.0725621150803761,0.10091020927879865,2479.9949069767445,2497.794379591837,2325.774941860465,-285.22146122448976,True
419,2,False,motif2_nocable,1.1903585366163154,0.8296543468490414,39.16015200398219,504.6507821791963,0.1725183,1419.07063744,2061.26187785,75.64868192,/home/chaoyu/phd_simulation/sensitivity_analysis/data/nocable_v2/m2_00419_verts.csv,/home/chaoyu/phd_simulation/sensitivity_analysis/data/nocable_v2/m2_00419_stress.csv,3.867372115426737,5.066010008205623,0.06983799489768643,0.07385168274614692,1426.277431111111,1432.8075066666668,1324.856631111111,-210.19656666666666,False
420,2,False,motif2_nocable,1.3720985082398551,1.3843309755151636,68.13222088688657,1052.8546987688526,0.0754336,3995.3991286,4059.79521489,228.39754469,/home/chaoyu/phd_simulation/sensitivity_analysis/data/nocable_v2/m2_00420_verts.csv,/home/chaoyu/phd_simulation/sensitivity_analysis/data/nocable_v2/m2_00420_stress.csv,0.5281450558247397,0.516600650042506,0.052849271197291686,0.055328303459670033,4026.0956311111104,4006.538614583333,3006.1824644444446,4545.987641666667,False
421,2,False,motif2_nocable,0.8288868283976547,1.103706689342288,67.46650963591885,949.9078208264453,0.23803766,1832.65327524,2210.35186441,95.39507958,/home/chaoyu/phd_simulation/sensitivity_analysis/data/nocable_v2/m2_00421_verts.csv,/home/chaoyu/phd_simulation/sensitivity_analysis/data/nocable_v2/m2_00421_stress.csv,1.5511748774180947,2.723570873870738,0.05465888335326221,0.05840457123119584,1929.9874875,1760.186397727273,-92.08789750000001,1737.7899750000006,False
422,2,False,motif2_nocable,1.035438925911902,1.2340716855028362,19.636935658354282,336.122043470109,0.05640841,2064.26160468,2086.31518275,109.94049746,/home/chaoyu/phd_simulation/sensitivity_analysis/data/nocable_v2/m2_00422_verts.csv,/home/chaoyu/phd_simulation/sensitivity_analysis/data/nocable_v2/m2_00422_stress.csv,0.44037121938696305,0.3733466984381066,0.052931351141456466,0.055323548974968856,2060.693062222222,2078.614452083333,569.43132,2304.002916666667,False
423,2,False,motif2_nocable,1.0468316148043413,0.9974413918934367,43.91834445538163,318.2573354442764,0.1648218,514.07419958,622.29636951,26.13781681,/home/chaoyu/phd_simulation/sensitivity_analysis/data/nocable_v2/m2_00423_verts.csv,/home/chaoyu/phd_simulation/sensitivity_analysis/data/nocable_v2/m2_00423_stress.csv,1.0101925725459964,1.0260414051890816,0.05325286941717933,0.05599174424511944,546.7578666666667,545.8220565217391,572.5682866666666,490.8885956521739,False
424,2,False,motif2_nocable,0.8427090519362598,1.2521019209651498,18.29346132922937,401.34293202835875,0.08033116,2425.54899623,2580.40852795,135.22504604,/home/chaoyu/phd_simulation/sensitivity_analysis/data/nocable_v2/m2_00424_verts.csv,/home/chaoyu/phd_simulation/sensitivity_analysis/data/nocable_v2/m2_00424_stress.csv,5.036967954447613,0.9057836161306506,0.12168176114714098,0.055229048862119254,2398.6780355555557,2446.2453936170214,-173.90856888888888,2315.3652063829786,True
425,2,False,motif2_nocable,1.082981413988709,0.9509976339170629,61.0428275270036,513.9627880682522,0.2067859,795.52450931,992.04262822,36.40342641,/home/chaoyu/phd_simulation/sensitivity_analysis/data/nocable_v2/m2_00425_verts.csv,/home/chaoyu/phd_simulation/sensitivity_analysis/data/nocable_v2/m2_00425_stress.csv,1.1939897653891074,1.2981233657872717,0.053349662993680574,0.05558633426094383,792.3515642857144,859.2233195652173,894.1829214285715,365.6260108695652,False
426,2,False,motif2_nocable,0.8162562272653512,0.9397040310337623,76.67679934983825,564.8941046856453,0.31773147,862.25414038,1551.59110249,38.4406559,/home/chaoyu/phd_simulation/sensitivity_analysis/data/nocable_v2/m2_00426_verts.csv,/home/chaoyu/phd_simulation/sensitivity_analysis/data/nocable_v2/m2_00426_stress.csv,1.5286833451099426,1.0702057871355617,0.05515814144949562,0.11008296537486922,989.0831256410255,757.982411904762,39.05988461538461,789.4554071428572,True
427,2,False,motif2_nocable,1.3114920285604867,0.9486811815911831,57.456575541230784,980.2468589445635,0.15955499,2017.71478386,2176.5875007,115.79455227,/home/chaoyu/phd_simulation/sensitivity_analysis/data/nocable_v2/m2_00427_verts.csv,/home/chaoyu/phd_simulation/sensitivity_analysis/data/nocable_v2/m2_00427_stress.csv,0.9915107876317559,0.9354091748096951,0.05305158445072474,0.05502043975101223,2010.0910279069767,2062.621986956521,2206.8335093023256,484.8791173913044,False
428,2,False,motif2_nocable,1.056206805935445,1.1885987665830298,25.499582854503576,1044.4340043186592,0.16688509,2044.46230939,2203.93416748,101.17854437,/home/chaoyu/phd_simulation/sensitivity_analysis/data/nocable_v2/m2_00428_verts.csv,/home/chaoyu/phd_simulation/sensitivity_analysis/data/nocable_v2/m2_00428_stress.csv,1.247118564346067,1.0690109450048517,0.0534448793652472,0.05578162066756434,2043.4613799999997,2142.7375733333333,952.07756,2446.8694933333336,False
429,2,False,motif2_nocable,1.0739171184264829,0.8643275026085167,41.29567728193976,328.56055783763793,0.20394227,836.81019038,1468.51946856,39.69104259,/home/chaoyu/phd_simulation/sensitivity_analysis/data/nocable_v2/m2_00429_verts.csv,/home/chaoyu/phd_simulation/sensitivity_analysis/data/nocable_v2/m2_00429_stress.csv,2.5727000352766423,2.518521366417224,0.05716431834382522,0.05712628192142703,847.7902545454546,852.5484586956522,783.9430863636364,-115.15338260869565,False
430,2,False,motif2_nocable,1.0198052047930877,1.2542232007364984,37.14041683015282,476.6810192522256,0.07249128,2299.55262001,2336.94877526,123.04779639,/home/chaoyu/phd_simulation/sensitivity_analysis/data/nocable_v2/m2_00430_verts.csv,/home/chaoyu/phd_simulation/sensitivity_analysis/data/nocable_v2/m2_00430_stress.csv,0.5154166025353756,0.5120376739404502,0.05298435506412492,0.05547969795597037,2302.8467755555557,2314.116583333333,544.90588,2538.15349375,False
431,2,False,motif2_nocable,0.9213368059235809,0.9805560442132016,9.960756722377255,912.4799824089833,0.30293545,1053.97951336,1386.01859605,36.36528562,/home/chaoyu/phd_simulation/sensitivity_analysis/data/nocable_v2/m2_00431_verts.csv,/home/chaoyu/phd_simulation/sensitivity_analysis/data/nocable_v2/m2_00431_stress.csv,1.6679835055886636,1.5307193019338545,0.054140376105729145,0.05592141762316202,989.452480487805,1245.0829977272729,687.0280073170732,1381.4368545454547,False
432,2,False,motif2_nocable,1.2314779680078312,0.8943618533044617,0.39074408434137853,241.3068667413848,0.09106011,1436.23997429,1672.77781983,73.49828642,/home/chaoyu/phd_simulation/sensitivity_analysis/data/nocable_v2/m2_00432_verts.csv,/home/chaoyu/phd_simulation/sensitivity_analysis/data/nocable_v2/m2_00432_stress.csv,0.8377469313894892,9.523132918614344,0.057210171568134155,0.10953379899584773,1488.653024444444,1387.4714395833332,1387.795971111111,-88.18686666666667,True
433,2,False,motif2_nocable,1.1528701941200061,0.945174247881074,19.872067882844703,381.85667260627156,0.1470751,1023.23391244,1168.20901446,49.82083236,/home/chaoyu/phd_simulation/sensitivity_analysis/data/nocable_v2/m2_00433_verts.csv,/home/chaoyu/phd_simulation/sensitivity_analysis/data/nocable_v2/m2_00433_stress.csv,0.9830822997504352,0.9625178854088806,0.05289537807735886,0.05646486903976513,1064.6620590909092,992.5134652173912,1103.9335795454544,147.17809347826088,False
434,2,False,motif2_nocable,1.2050014823724047,1.2310254641286003,19.344182289282696,372.0209979939757,0.04930968,2176.98562267,2197.035695,125.3356092,/home/chaoyu/phd_simulation/sensitivity_analysis/data/nocable_v2/m2_00434_verts.csv,/home/chaoyu/phd_simulation/sensitivity_analysis/data/nocable_v2/m2_00434_stress.csv,0.38325524268346683,0.32663937631784956,0.05285729911516852,0.05529272286275299,2178.7833222222225,2187.838114583333,1552.0190666666667,2502.801735416667,False
435,2,False,motif2_nocable,1.2917354779075518,1.0736017431842133,10.71041733037303,1061.0255515545969,0.15109854,1924.42560624,2071.14967687,109.87068601,/home/chaoyu/phd_simulation/sensitivity_analysis/data/nocable_v2/m2_00435_verts.csv,/home/chaoyu/phd_simulation/sensitivity_analysis/data/nocable_v2/m2_00435_stress.csv,1.0219987129676689,0.9267965417887954,0.05280491134929531,0.05547154510850314,1996.64258,1942.0550739130435,2262.5203244444447,1556.1276869565215,False
436,2,False,motif2_nocable,1.1666318581036617,1.2299106988563757,84.57825145788752,998.7697066925755,0.12749992,2345.82016,2471.06549731,124.94013163,/home/chaoyu/phd_simulation/sensitivity_analysis/data/nocable_v2/m2_00436_verts.csv,/home/chaoyu/phd_simulation/sensitivity_analysis/data/nocable_v2/m2_00436_stress.csv,0.8380882158138198,0.8263986288479542,0.052843953262793966,0.05552268014225415,2425.662648888889,2345.081404255319,1509.88844,2699.17725106383,False
437,2,False,motif2_nocable,1.2698660464432003,1.3761562167861605,62.458645952874605,567.3352082377385,0.04651164,3617.07171847,3638.46233728,207.22869593,/home/chaoyu/phd_simulation/sensitivity_analysis/data/nocable_v2/m2_00437_verts.csv,/home/chaoyu/phd_simulation/sensitivity_analysis/data/nocable_v2/m2_00437_stress.csv,0.3633022711963462,0.30949749276412064,0.052844231358140606,0.05531304579468246,3627.967300000001,3620.036779166667,2215.2934733333336,4177.425370833334,False
438,2,False,motif2_nocable,1.2844652814839328,1.3114231160831935,14.533182865918793,212.60737065089265,0.02029859,3004.37337294,3008.37238763,175.28478814,/home/chaoyu/phd_simulation/sensitivity_analysis/data/nocable_v2/m2_00438_verts.csv,/home/chaoyu/phd_simulation/sensitivity_analysis/data/nocable_v2/m2_00438_stress.csv,0.15941557486038152,0.14371200195264594,0.052836078189646446,0.05527719411917904,3004.685182222222,3006.5866895833333,2167.727295555556,3432.43994375,False
439,2,False,motif2_nocable,1.3298419409449749,0.9834060669313978,45.739403891357206,367.5602836827352,0.06422049,1863.76306927,1889.2353176,109.16642755,/home/chaoyu/phd_simulation/sensitivity_analysis/data/nocable_v2/m2_00439_verts.csv,/home/chaoyu/phd_simulation/sensitivity_analysis/data/nocable_v2/m2_00439_stress.csv,0.4487988363770139,0.44268214469723105,0.05284510906124076,0.0552898565063612,1867.2318311111112,1867.9538437499998,2046.3729844444445,436.57766875,False
440,2,False,motif2_nocable,0.8477862422426444,1.0850292586842327,11.887643447074181,989.4241819853025,0.25393178,1728.79315652,2130.75185907,87.50940683,/home/chaoyu/phd_simulation/sensitivity_analysis/data/nocable_v2/m2_00440_verts.csv,/home/chaoyu/phd_simulation/sensitivity_analysis/data/nocable_v2/m2_00440_stress.csv,1.0349245350151635,1.057215076132658,0.05556687458763911,0.05635300915800917,1609.7754325581398,1859.552127906977,163.33802558139536,1874.952274418605,False
441,2,False,motif2_nocable,0.986762042452193,0.9306769129665947,24.53230077035492,1118.030117106819,0.32812233,1078.8450719,1454.54271076,29.97262643,/home/chaoyu/phd_simulation/sensitivity_analysis/data/nocable_v2/m2_00441_verts.csv,/home/chaoyu/phd_simulation/sensitivity_analysis/data/nocable_v2/m2_00441_stress.csv,1.5290835049437232,1.4111102970048732,0.05326542848989624,0.05582872072694405,1168.42228,1194.1830930232559,1156.024625,1233.0125,False
442,2,False,motif2_nocable,1.3362309801273309,1.0408231520043882,9.873098073055576,1148.2418532777897,0.15219835,2132.01818329,2258.10625764,124.52312302,/home/chaoyu/phd_simulation/sensitivity_analysis/data/nocable_v2/m2_00442_verts.csv,/home/chaoyu/phd_simulation/sensitivity_analysis/data/nocable_v2/m2_00442_stress.csv,1.0207831345543104,0.9373889221646758,0.05275814143592208,0.0555419831850976,2214.790970454546,2125.320284782609,2552.595452272727,1332.5435391304345,False
443,2,False,motif2_nocable,0.8415161754801708,1.179818129628846,6.005929933602808,1155.3990646312654,0.20508644,2346.99980072,2642.45319498,127.13818907,/home/chaoyu/phd_simulation/sensitivity_analysis/data/nocable_v2/m2_00443_verts.csv,/home/chaoyu/phd_simulation/sensitivity_analysis/data/nocable_v2/m2_00443_stress.csv,1.231125781063749,1.0479085198884215,0.05448149962056283,0.05543730332895229,2244.6782090909087,2466.8685288888887,-12.713581818181819,2437.76684,False
444,2,False,motif2_nocable,1.2153553173472256,1.0997055622592637,56.027373095619865,406.1137363066737,0.07859756,1381.21255814,1423.30405742,83.40874077,/home/chaoyu/phd_simulation/sensitivity_analysis/data/nocable_v2/m2_00444_verts.csv,/home/chaoyu/phd_simulation/sensitivity_analysis/data/nocable_v2/m2_00444_stress.csv,0.5927992279002312,0.5342657489395817,0.05286857618778795,0.055323008669940985,1393.941817777778,1395.6830791666664,1466.7125622222222,1299.4645125,False
445,2,False,motif2_nocable,1.1727473154577475,1.1766506854610332,38.42882856989157,908.7852011800339,0.13493584,1936.07674121,2072.85342104,103.77804136,/home/chaoyu/phd_simulation/sensitivity_analysis/data/nocable_v2/m2_00445_verts.csv,/home/chaoyu/phd_simulation/sensitivity_analysis/data/nocable_v2/m2_00445_stress.csv,0.9794989285584408,0.8658121654038105,0.052997459194564,0.05550403648998124,1970.74272,1985.5543826086955,1505.302557777778,2250.6612304347827,False
446,2,False,motif2_nocable,1.3691424653034856,1.3351803907655322,22.550309855903333,1173.5728344516208,0.09170784,3610.40862291,3702.15856975,205.63005607,/home/chaoyu/phd_simulation/sensitivity_analysis/data/nocable_v2/m2_00446_verts.csv,/home/chaoyu/phd_simulation/sensitivity_analysis/data/nocable_v2/m2_00446_stress.csv,0.6895892458990391,0.6409217365619072,0.052868920667854154,0.055304912486348175,3627.0180955555547,3652.156929166667,2962.4123844444443,4085.129589583333,False
447,2,False,motif2_nocable,0.8376552623439852,1.0234999670758707,29.649758785477204,703.7261463363528,0.26848796,1261.86774976,1724.96193952,60.93572538,/home/chaoyu/phd_simulation/sensitivity_analysis/data/nocable_v2/m2_00447_verts.csv,/home/chaoyu/phd_simulation/sensitivity_analysis/data/nocable_v2/m2_00447_stress.csv,1.5141430847984623,1.4771704599518878,0.05733688743421321,0.05612206168716757,1211.4801024390242,1341.5556372093024,69.20207804878048,1316.9337348837207,False
448,2,False,motif2_nocable,1.2988517641727468,1.1675039262431497,64.25284148975193,811.1228551461109,0.10074308,2165.67054168,2251.02275865,127.81126878,/home/chaoyu/phd_simulation/sensitivity_analysis/data/nocable_v2/m2_00448_verts.csv,/home/chaoyu/phd_simulation/sensitivity_analysis/data/nocable_v2/m2_00448_stress.csv,0.7410423143102317,0.7449263578197671,0.052858678604299984,0.055297084327689,2193.032022222222,2193.4120958333333,2188.1192377777775,2173.853316666667,False
449,2,False,motif2_nocable,1.0809733166616762,1.3058607692351782,45.525079796384475,517.3183194246553,0.06104797,2779.72633582,2805.37454061,154.03726312,/home/chaoyu/phd_simulation/sensitivity_analysis/data/nocable_v2/m2_00449_verts.csv,/home/chaoyu/phd_simulation/sensitivity_analysis/data/nocable_v2/m2_00449_stress.csv,0.4362963638128678,0.43084321719152124,0.05290390382463505,0.055412869444320945,2787.5796533333337,2787.7021291666665,951.183282222222,3138.87765625,False
450,2,False,motif2_nocable,1.347182287632222,1.1407847381858436,9.085056229979768,589.3424020176279,0.07177805,2185.78768295,2226.80878924,135.49942038,/home/chaoyu/phd_simulation/sensitivity_analysis/data/nocable_v2/m2_00450_verts.csv,/home/chaoyu/phd_simulation/sensitivity_analysis/data/nocable_v2/m2_00450_stress.csv,0.5018280036624259,0.4911238111428838,0.05283183288589568,0.055315754288827526,2203.162435555556,2195.161902083333,2419.598875555555,1906.5884791666667,False
451,2,False,motif2_nocable,0.931107158801316,0.8165612228722674,3.125790296378343,827.400526303841,0.37478548,906.11093208,1848.83728849,31.62496874,/home/chaoyu/phd_simulation/sensitivity_analysis/data/nocable_v2/m2_00451_verts.csv,/home/chaoyu/phd_simulation/sensitivity_analysis/data/nocable_v2/m2_00451_stress.csv,1.5560553819838432,1.2176947455061835,0.053111197965771746,0.05631015310777808,1045.6146794871795,813.6633224999999,1023.5308256410257,729.6113925000001,False
452,2,False,motif2_nocable,1.108217151482271,0.9852675395461385,46.010371302066545,794.6092772092676,0.21941148,1032.89762167,1233.36169858,48.20653816,/home/chaoyu/phd_simulation/sensitivity_analysis/data/nocable_v2/m2_00452_verts.csv,/home/chaoyu/phd_simulation/sensitivity_analysis/data/nocable_v2/m2_00452_stress.csv,1.2566438404602602,1.3229590854651647,0.05303768689177459,0.05553963092649063,1089.0085761904763,1095.1676673913043,1201.481261904762,836.2076847826087,False
453,2,False,motif2_nocable,1.0480832283477237,0.9071728903460297,9.502420964204784,890.8189991433167,0.2895414,1014.12959998,1404.4710678,40.04036484,/home/chaoyu/phd_simulation/sensitivity_analysis/data/nocable_v2/m2_00453_verts.csv,/home/chaoyu/phd_simulation/sensitivity_analysis/data/nocable_v2/m2_00453_stress.csv,1.4163688457443113,1.292585459190814,0.05296109858263517,0.05618747402039279,1155.8717951219514,969.6330886363637,1248.776436585366,771.9270954545456,False
454,2,False,motif2_nocable,0.8331091695740317,1.2809790040130142,55.04585762268669,859.8171609589026,0.1145053,2881.0639001,3047.62235431,166.42252134,/home/chaoyu/phd_simulation/sensitivity_analysis/data/nocable_v2/m2_00454_verts.csv,/home/chaoyu/phd_simulation/sensitivity_analysis/data/nocable_v2/m2_00454_stress.csv,0.8263964413798361,2.1927129357575064,0.054835124963180104,0.06638621298955043,2904.4915111111113,2869.402312765958,-217.2487888888889,2766.3887765957447,False
455,2,False,motif2_nocable,0.918229060147072,1.2195751796724585,7.574004113167845,1017.8202127430159,0.16256047,2387.76987146,2582.76795159,125.95846753,/home/chaoyu/phd_simulation/sensitivity_analysis/data/nocable_v2/m2_00455_verts.csv,/home/chaoyu/phd_simulation/sensitivity_analysis/data/nocable_v2/m2_00455_stress.csv,1.118471586748963,0.9211106050060207,0.05377977602021794,0.05539474639832708,2326.502046666666,2492.276646666666,219.27425111111114,2592.7882066666666,False
456,2,False,motif2_nocable,1.3303310634454706,1.3223766439496227,77.88994475464341,786.2517968150908,0.06749097,3302.33909926,3349.51517703,190.60346759,/home/chaoyu/phd_simulation/sensitivity_analysis/data/nocable_v2/m2_00456_verts.csv,/home/chaoyu/phd_simulation/sensitivity_analysis/data/nocable_v2/m2_00456_stress.csv,0.4749019527764957,0.4644899384107935,0.05283892554533782,0.05531060823926517,3326.1421422222215,3309.3134374999995,2572.682886666667,3730.181054166667,False
457,2,False,motif2_nocable,0.9094103307572527,1.0133082048189648,56.34798344539738,549.7444898924193,0.24230355,904.34591887,1197.19618747,38.30828179,/home/chaoyu/phd_simulation/sensitivity_analysis/data/nocable_v2/m2_00457_verts.csv,/home/chaoyu/phd_simulation/sensitivity_analysis/data/nocable_v2/m2_00457_stress.csv,1.5267872048209072,1.0741171585425229,0.05451735838881897,0.058735344436796066,984.0911261904763,910.8026488372093,190.85920714285714,979.9846744186046,False
458,2,False,motif2_nocable,1.3939591413611732,1.0042282081423672,21.17578841222882,1095.4118212321425,0.13279835,2425.1182949,2515.19202961,148.41025757,/home/chaoyu/phd_simulation/sensitivity_analysis/data/nocable_v2/m2_00458_verts.csv,/home/chaoyu/phd_simulation/sensitivity_analysis/data/nocable_v2/m2_00458_stress.csv,0.8969300798295531,0.8404570359205737,0.05272732236048375,0.05540758469051298,2483.333309090909,2414.0212744680853,2821.0322500000007,992.6484829787232,False
459,2,False,motif2_nocable,1.09687782292061,1.1606865849247578,41.750400254573364,364.67220544669794,0.0764994,1458.23125643,1495.75301957,79.61909127,/home/chaoyu/phd_simulation/sensitivity_analysis/data/nocable_v2/m2_00459_verts.csv,/home/chaoyu/phd_simulation/sensitivity_analysis/data/nocable_v2/m2_00459_stress.csv,0.5369581667692194,0.5293698113645106,0.052921713691674595,0.055416799163462455,1468.1067,1472.3783020833332,833.1151622222222,1699.8079354166669,False
460,2,False,motif2_nocable,1.1307418445677249,1.173793993597546,32.91835298969062,331.8405423443481,0.06199818,1584.27518601,1611.15248754,89.0698557,/home/chaoyu/phd_simulation/sensitivity_analysis/data/nocable_v2/m2_00460_verts.csv,/home/chaoyu/phd_simulation/sensitivity_analysis/data/nocable_v2/m2_00460_stress.csv,0.4394075773287626,0.4312019755395681,0.05288597317649902,0.0553378239997213,1588.825571111111,1596.7523916666667,1025.9033288888886,1839.7688208333336,False
461,2,False,motif2_nocable,0.8896645196027905,1.1487307569263983,47.75288740950664,953.009642292101,0.20134894,1943.38935366,2205.72856281,98.57450234,/home/chaoyu/phd_simulation/sensitivity_analysis/data/nocable_v2/m2_00461_verts.csv,/home/chaoyu/phd_simulation/sensitivity_analysis/data/nocable_v2/m2_00461_stress.csv,1.0331577026007972,1.0819667806356343,0.054790237445196795,0.05806107108410113,1985.7753418604648,1968.789602272727,120.39108837209301,2021.318631818182,False
462,2,False,motif2_nocable,1.0700456077420595,0.8888675580546452,75.39632568792356,1102.311801565289,0.30655882,1240.20347527,1702.42200036,53.21120189,/home/chaoyu/phd_simulation/sensitivity_analysis/data/nocable_v2/m2_00462_verts.csv,/home/chaoyu/phd_simulation/sensitivity_analysis/data/nocable_v2/m2_00462_stress.csv,1.3207020993998273,1.2273494814480088,0.05343562935941125,0.05496241145425897,1171.5266675,1403.846073809524,1310.6297650000001,542.6769023809525,False
463,2,False,motif2_nocable,1.1931987655830416,1.3026614714841096,47.13567310441019,295.37838828243275,0.0321637,2772.00061383,2780.72588408,157.74142307,/home/chaoyu/phd_simulation/sensitivity_analysis/data/nocable_v2/m2_00463_verts.csv,/home/chaoyu/phd_simulation/sensitivity_analysis/data/nocable_v2/m2_00463_stress.csv,0.25270102955864493,0.22735618575578892,0.052839924870566976,0.05529459842752391,2774.9196488888892,2774.6470145833337,1573.3308155555553,3203.7151145833336,False
464,2,False,motif2_nocable,0.8808743038377447,1.1926449846943372,62.27573139754642,490.69332691236156,0.11216391,1930.26579028,2083.21719256,99.18143005,/home/chaoyu/phd_simulation/sensitivity_analysis/data/nocable_v2/m2_00464_verts.csv,/home/chaoyu/phd_simulation/sensitivity_analysis/data/nocable_v2/m2_00464_stress.csv,1.250823656335001,2.2669072309024947,0.05838482911491385,0.07125263481548547,1949.1728804347829,1909.7239723404257,-106.89770869565218,1854.659974468085,False
465,2,False,motif2_nocable,0.9292694366400012,1.28968240741243,1.9685456790189,681.4707424949352,0.09014424,2772.90668411,2844.60359469,153.96978362,/home/chaoyu/phd_simulation/sensitivity_analysis/data/nocable_v2/m2_00465_verts.csv,/home/chaoyu/phd_simulation/sensitivity_analysis/data/nocable_v2/m2_00465_stress.csv,0.6730347365460047,0.6785399021817486,0.05314934238102446,0.05523729998088137,2749.921528888889,2814.2499255319144,168.50551111111108,2899.8362765957445,False
466,2,False,motif2_nocable,1.174188933336123,1.223124341467475,62.90385810276268,849.5503341063688,0.11251042,2232.77577299,2331.25777539,121.35262263,/home/chaoyu/phd_simulation/sensitivity_analysis/data/nocable_v2/m2_00466_verts.csv,/home/chaoyu/phd_simulation/sensitivity_analysis/data/nocable_v2/m2_00466_stress.csv,0.8405862868544988,0.7905356559618691,0.052918612266993875,0.055522856356119976,2281.3914911111115,2246.476946808511,1496.4636422222222,2581.1603170212766,False
467,2,False,motif2_nocable,1.3202923464883853,0.8069882832930348,59.66835344931564,700.9595162534938,0.14667378,2233.90631935,2720.28660034,132.72973465,/home/chaoyu/phd_simulation/sensitivity_analysis/data/nocable_v2/m2_00467_verts.csv,/home/chaoyu/phd_simulation/sensitivity_analysis/data/nocable_v2/m2_00467_stress.csv,5.203184386086375,2.783349190442311,0.08599494251546458,0.06457086222297734,2163.529608888889,2201.2367659574466,2015.225022222222,-278.9247510638298,False
468,2,False,motif2_nocable,1.011433780378318,1.3376988706661797,8.138808841037484,1128.1365421059936,0.11513411,3309.77930618,3418.80189829,185.39734839,/home/chaoyu/phd_simulation/sensitivity_analysis/data/nocable_v2/m2_00468_verts.csv,/home/chaoyu/phd_simulation/sensitivity_analysis/data/nocable_v2/m2_00468_stress.csv,0.7723045135840078,0.7965432480188586,0.05314378061663182,0.0553270069256013,3277.6388066666677,3385.292519565217,748.3736222222223,3700.9665478260868,False
469,2,False,motif2_nocable,1.0651621222794008,1.16908171327389,65.71658112285037,896.7572737783253,0.15794314,1814.60334054,1960.17486962,90.38837876,/home/chaoyu/phd_simulation/sensitivity_analysis/data/nocable_v2/m2_00469_verts.csv,/home/chaoyu/phd_simulation/sensitivity_analysis/data/nocable_v2/m2_00469_stress.csv,1.1627245597929086,1.0432718206074614,0.05308279970433669,0.056071374546604456,1903.6809111111108,1815.109254347826,910.3761466666668,2089.797232608696,False
470,2,False,motif2_nocable,1.3161331177139104,0.9530628220820092,87.01156259979703,771.579775792127,0.13161332,1956.70358643,2072.10506993,112.28099365,/home/chaoyu/phd_simulation/sensitivity_analysis/data/nocable_v2/m2_00470_verts.csv,/home/chaoyu/phd_simulation/sensitivity_analysis/data/nocable_v2/m2_00470_stress.csv,0.9107843790346855,0.9287780882412416,0.053279989771490406,0.0551753813418475,1921.3048044444442,2009.9659108695655,2090.045633333333,383.79409782608695,False
471,2,False,motif2_nocable,1.0775654704545006,1.2757255291274818,55.2780553966029,202.350093988414,0.02755373,2425.64000574,2430.68616407,133.82923145,/home/chaoyu/phd_simulation/sensitivity_analysis/data/nocable_v2/m2_00471_verts.csv,/home/chaoyu/phd_simulation/sensitivity_analysis/data/nocable_v2/m2_00471_stress.csv,0.21702921940738662,0.19527317544422898,0.052833499003506666,0.05529813772715399,2428.1538022222226,2426.29871875,838.7195844444443,2734.40629375,False
472,2,False,motif2_nocable,1.2835936341766503,0.8547756833903274,52.28672507449147,267.89757613780324,0.08669867,1785.30680899,2136.50981748,99.01697355,/home/chaoyu/phd_simulation/sensitivity_analysis/data/nocable_v2/m2_00472_verts.csv,/home/chaoyu/phd_simulation/sensitivity_analysis/data/nocable_v2/m2_00472_stress.csv,5.09158360674813,2.9780752548401366,0.12472111947045698,0.10305116919226955,1751.0159304347826,1756.8275163265307,1647.2269173913048,-212.95383265306123,True
473,2,False,motif2_nocable,0.8927749567580604,1.2926449808819354,2.9721258980728527,1165.0955251270277,0.13957208,3045.96286052,3214.77144846,173.55288266,/home/chaoyu/phd_simulation/sensitivity_analysis/data/nocable_v2/m2_00473_verts.csv,/home/chaoyu/phd_simulation/sensitivity_analysis/data/nocable_v2/m2_00473_stress.csv,0.9722485165924624,0.9733811431263882,0.05342044843995729,0.055210211447117456,2990.065942222223,3136.606978260869,125.2971688888889,3208.62897826087,False
474,2,False,motif2_nocable,1.3013038620511599,0.8317130960471492,37.84317260882357,261.4627390060065,0.08049343,1908.97674639,2343.02030252,110.13244716,/home/chaoyu/phd_simulation/sensitivity_analysis/data/nocable_v2/m2_00474_verts.csv,/home/chaoyu/phd_simulation/sensitivity_analysis/data/nocable_v2/m2_00474_stress.csv,3.8665887429255976,6.350996371471971,0.13229541781905632,0.1383535938787804,1872.5372166666666,1909.691891836735,1763.3423458333334,-264.66829591836733,True
475,2,False,motif2_nocable,1.248572892453764,1.3692014678377253,49.696061947708095,1110.2469018424624,0.09141016,3649.2922436,3728.97583777,203.28072498,/home/chaoyu/phd_simulation/sensitivity_analysis/data/nocable_v2/m2_00475_verts.csv,/home/chaoyu/phd_simulation/sensitivity_analysis/data/nocable_v2/m2_00475_stress.csv,0.7061834852870806,0.6391811407490133,0.052928653243536634,0.055452818518613695,3678.6245600000007,3671.2276749999996,2173.7950044444447,4238.390645833333,False
476,2,False,motif2_nocable,1.3441067638652542,0.8572817772691723,88.75564360112075,725.9563046048335,0.12478692,2324.37085796,2528.98848084,135.02493455,/home/chaoyu/phd_simulation/sensitivity_analysis/data/nocable_v2/m2_00476_verts.csv,/home/chaoyu/phd_simulation/sensitivity_analysis/data/nocable_v2/m2_00476_stress.csv,4.306403331786689,1.2542214222782635,0.07496135490070434,0.05948445188397997,2247.2880377777783,2301.663236,2155.2120955555556,-267.031388,False
477,2,False,motif2_nocable,1.237855125102013,0.8696726085811005,16.873261500229766,927.3384499179747,0.20161268,1873.27049239,2189.44301087,102.96898027,/home/chaoyu/phd_simulation/sensitivity_analysis/data/nocable_v2/m2_00477_verts.csv,/home/chaoyu/phd_simulation/sensitivity_analysis/data/nocable_v2/m2_00477_stress.csv,1.1585429570159835,1.1005698080205915,0.0527563680145252,0.05635957826837828,1942.6445499999998,1786.7605295454546,1904.1216000000004,39.88609772727273,False
478,2,False,motif2_nocable,1.399284966551991,1.0908027111151068,39.90015562324972,281.65977284262965,0.03363248,2284.99381169,2292.35159252,146.63310727,/home/chaoyu/phd_simulation/sensitivity_analysis/data/nocable_v2/m2_00478_verts.csv,/home/chaoyu/phd_simulation/sensitivity_analysis/data/nocable_v2/m2_00478_stress.csv,0.2610707660702745,0.23613652361275483,0.052831927921156624,0.05527452331889333,2287.7589933333325,2287.0543354166666,2638.09904,1438.5575104166667,False
479,2,False,motif2_nocable,1.1195372949838354,1.258121056901653,36.82464623390012,672.6027945150636,0.08835301,2398.61767754,2454.01947891,130.43310907,/home/chaoyu/phd_simulation/sensitivity_analysis/data/nocable_v2/m2_00479_verts.csv,/home/chaoyu/phd_simulation/sensitivity_analysis/data/nocable_v2/m2_00479_stress.csv,0.6842324763893438,0.6735595619374608,0.052971739720698637,0.05545951736069873,2408.321191111111,2424.0510125,1153.5375066666668,2785.0530708333335,False
480,2,False,motif2_nocable,1.1238320236902752,0.8756781394617634,43.061682529879256,721.3170061251597,0.23917336,1273.91782112,1748.49832826,63.93764056,/home/chaoyu/phd_simulation/sensitivity_analysis/data/nocable_v2/m2_00480_verts.csv,/home/chaoyu/phd_simulation/sensitivity_analysis/data/nocable_v2/m2_00480_stress.csv,1.2088685762584126,1.060396300065968,0.05398605423642136,0.05578511778071446,1294.4756300000001,1278.2217860465114,1303.9329975,114.2001651162791,False
481,2,False,motif2_nocable,1.0368641860795502,1.114375187363879,3.4941215394429976,960.5637823579428,0.19946092,1534.94030001,1738.91324596,70.74583652,/home/chaoyu/phd_simulation/sensitivity_analysis/data/nocable_v2/m2_00481_verts.csv,/home/chaoyu/phd_simulation/sensitivity_analysis/data/nocable_v2/m2_00481_stress.csv,1.2461668894116353,1.0902916208109152,0.0533682054188926,0.055309138521002325,1503.8838590909093,1681.9320466666666,892.6354204545453,1928.570422222222,False
482,2,False,motif2_nocable,1.3423492829418717,1.1851814895883275,16.600233380087627,802.9450994547457,0.08876768,2421.39006747,2491.47863072,145.48331076,/home/chaoyu/phd_simulation/sensitivity_analysis/data/nocable_v2/m2_00482_verts.csv,/home/chaoyu/phd_simulation/sensitivity_analysis/data/nocable_v2/m2_00482_stress.csv,0.662154127738419,0.6663794176980479,0.05283698973226657,0.05530249592664664,2443.7930133333334,2444.2759625000003,2506.4646888888888,2403.5352166666667,False
483,2,False,motif2_nocable,1.2892120316414,0.9089865799517014,77.52945570110622,410.63973720470364,0.09664276,1815.67258705,1907.3454398,97.27733997,/home/chaoyu/phd_simulation/sensitivity_analysis/data/nocable_v2/m2_00483_verts.csv,/home/chaoyu/phd_simulation/sensitivity_analysis/data/nocable_v2/m2_00483_stress.csv,3.574158708713208,1.2504954011812313,0.061670731817465296,0.054767713603311126,1790.3015711111111,1833.1683425531915,1731.9353466666662,-125.90292765957446,False
484,2,False,motif2_nocable,1.1366342777856455,1.2624140410830496,34.70167932936704,707.4611284312069,0.08947874,2457.83892531,2516.98072281,134.18573667,/home/chaoyu/phd_simulation/sensitivity_analysis/data/nocable_v2/m2_00484_verts.csv,/home/chaoyu/phd_simulation/sensitivity_analysis/data/nocable_v2/m2_00484_stress.csv,0.690519710460692,0.6798823984474168,0.05296612525357967,0.05544040597111095,2466.840035555556,2486.2580875,1266.9675444444445,2864.131260416667,False
485,2,False,motif2_nocable,1.0871434561047522,1.0964753167267212,83.62666186274203,238.2249484647619,0.0740548,920.39376628,953.62066191,52.15520652,/home/chaoyu/phd_simulation/sensitivity_analysis/data/nocable_v2/m2_00485_verts.csv,/home/chaoyu/phd_simulation/sensitivity_analysis/data/nocable_v2/m2_00485_stress.csv,0.5180839061783444,0.5127684257179219,0.05286618335785884,0.05545588825047246,940.0201799999999,922.5347541666666,668.7513799999999,1050.024927083333,False
486,2,False,motif2_nocable,1.1445119301811353,0.9156871767695252,29.133553440714206,610.748964915153,0.20142459,1179.96855355,1462.72273558,58.23585047,/home/chaoyu/phd_simulation/sensitivity_analysis/data/nocable_v2/m2_00486_verts.csv,/home/chaoyu/phd_simulation/sensitivity_analysis/data/nocable_v2/m2_00486_stress.csv,1.1525587109799937,1.3713661775801658,0.05299284824742357,0.056169198927490234,1234.6484214285715,1148.7686355555554,1281.7343285714287,218.00054444444447,False
487,2,False,motif2_nocable,0.8276455232265417,1.1137731151243437,66.37944215319648,532.1408413952266,0.17385325,1463.28546736,1966.18954695,75.43223864,/home/chaoyu/phd_simulation/sensitivity_analysis/data/nocable_v2/m2_00487_verts.csv,/home/chaoyu/phd_simulation/sensitivity_analysis/data/nocable_v2/m2_00487_stress.csv,4.812719104711134,3.9648903681318943,0.06234628248192717,0.0797910416239409,1452.5240818181817,1421.1751282608698,-111.47077272727273,1352.3207326086958,False
488,2,False,motif2_nocable,1.0392546176814048,0.8782831917771375,48.052603953436176,905.7000562668487,0.30605256,1064.87304808,1588.97023739,44.27093222,/home/chaoyu/phd_simulation/sensitivity_analysis/data/nocable_v2/m2_00488_verts.csv,/home/chaoyu/phd_simulation/sensitivity_analysis/data/nocable_v2/m2_00488_stress.csv,1.3143161635075198,1.3879495379086537,0.05366016926722347,0.05545610990051108,1105.0523075,1135.755648780488,1177.2020575,498.40262682926823,False
489,2,False,motif2_nocable,0.8057171958398228,1.3636263186916402,30.4656554785678,390.65061843272883,0.0379906,3565.2967834,3580.87128708,224.81748214,/home/chaoyu/phd_simulation/sensitivity_analysis/data/nocable_v2/m2_00489_verts.csv,/home/chaoyu/phd_simulation/sensitivity_analysis/data/nocable_v2/m2_00489_stress.csv,0.27897446379994456,0.25820612045096386,0.05280229357934182,0.05537319018312131,3563.6344688888885,3569.8625291666667,-338.3910288888889,3390.0842729166666,False
490,2,False,motif2_nocable,0.8749514098524519,0.9336889577465743,40.33089499790828,1120.2890382788107,0.36394408,1167.83294336,1601.06920608,36.82289391,/home/chaoyu/phd_simulation/sensitivity_analysis/data/nocable_v2/m2_00490_verts.csv,/home/chaoyu/phd_simulation/sensitivity_analysis/data/nocable_v2/m2_00490_stress.csv,1.5116106729416552,1.3602686521942922,0.05565713374651932,0.05714224743768275,1227.4082842105263,1296.640105263158,666.8965315789474,1386.4534078947368,False
491,2,False,motif2_nocable,0.8916095287149937,1.2944849657060566,57.69442488556932,1191.5610684489811,0.14124993,3072.76892702,3244.20987917,175.70356129,/home/chaoyu/phd_simulation/sensitivity_analysis/data/nocable_v2/m2_00491_verts.csv,/home/chaoyu/phd_simulation/sensitivity_analysis/data/nocable_v2/m2_00491_stress.csv,0.7687436520965183,0.7811604326268106,0.0537718907307996,0.05699489637308589,3128.4068727272725,3062.5267478260876,149.47333409090908,3125.568093478261,False
492,2,False,motif2_nocable,0.8703789427181686,1.1374017620202412,28.281189645681263,880.7197493014377,0.20237212,1870.84541532,2162.16175572,95.03924517,/home/chaoyu/phd_simulation/sensitivity_analysis/data/nocable_v2/m2_00492_verts.csv,/home/chaoyu/phd_simulation/sensitivity_analysis/data/nocable_v2/m2_00492_stress.csv,1.3540456448526048,1.0763565997865892,0.055372403853405715,0.05745323031198666,1837.7034372093024,1945.1007749999997,28.22617906976744,1943.0746886363634,False
493,2,False,motif2_nocable,1.2387951563876498,0.9290790548705233,75.65796249673355,850.1029761234535,0.18125824,1658.76300491,1872.30558073,89.58081595,/home/chaoyu/phd_simulation/sensitivity_analysis/data/nocable_v2/m2_00493_verts.csv,/home/chaoyu/phd_simulation/sensitivity_analysis/data/nocable_v2/m2_00493_stress.csv,1.0801171539244858,0.9990364224027233,0.0534651092477049,0.05498224088137345,1603.536218604651,1733.9607239130435,1746.3887209302322,295.1494956521739,False
494,2,False,motif2_nocable,1.1963928693314292,1.1214352782952832,7.458189120418839,932.9601956500496,0.1514717,1688.26254751,1853.5858409,91.45787879,/home/chaoyu/phd_simulation/sensitivity_analysis/data/nocable_v2/m2_00494_verts.csv,/home/chaoyu/phd_simulation/sensitivity_analysis/data/nocable_v2/m2_00494_stress.csv,1.0386947453770554,0.8765386112706646,0.05293241170321655,0.05539697083670882,1724.9972155555556,1753.2387500000002,1667.999913333333,1869.4320456521743,False
495,2,False,motif2_nocable,1.3064956791259026,1.2035839488502826,69.5557146953791,227.46917690404757,0.027237,2249.74939024,2256.3984557,137.52519801,/home/chaoyu/phd_simulation/sensitivity_analysis/data/nocable_v2/m2_00495_verts.csv,/home/chaoyu/phd_simulation/sensitivity_analysis/data/nocable_v2/m2_00495_stress.csv,0.21315271916645365,0.19209066805545902,0.05283583873978053,0.0552795871288317,2252.1642333333334,2251.63985625,2143.8227244444442,2344.3640375,False
496,2,False,motif2_nocable,0.9701800957215513,1.071478862936953,48.719551987042266,208.2704103392105,0.11414934,759.03078126,832.09220293,33.75284756,/home/chaoyu/phd_simulation/sensitivity_analysis/data/nocable_v2/m2_00496_verts.csv,/home/chaoyu/phd_simulation/sensitivity_analysis/data/nocable_v2/m2_00496_stress.csv,0.8761916281739303,0.9073525764407011,0.05333611538682353,0.05638177731619142,775.9842333333333,768.4596127659573,87.86539555555557,808.0658085106384,False
497,2,False,motif2_nocable,1.362362996819193,1.1045978873022377,31.105848874684547,743.9617674462472,0.09126851,2199.9673711,2258.75293548,135.99383805,/home/chaoyu/phd_simulation/sensitivity_analysis/data/nocable_v2/m2_00497_verts.csv,/home/chaoyu/phd_simulation/sensitivity_analysis/data/nocable_v2/m2_00497_stress.csv,0.6698740099227353,0.684058662021322,0.052809842829548294,0.05528096724075979,2224.7634755555555,2213.786075,2530.933455555555,1655.4706749999998,False
498,2,False,motif2_nocable,1.0749646068738858,1.2905206970868304,50.21787545300913,570.6179175760083,0.07100833,2648.87015648,2682.57463995,145.36690285,/home/chaoyu/phd_simulation/sensitivity_analysis/data/nocable_v2/m2_00498_verts.csv,/home/chaoyu/phd_simulation/sensitivity_analysis/data/nocable_v2/m2_00498_stress.csv,0.5043423571027221,0.4999491223813793,0.052924299894882974,0.05547432987972557,2662.4291000000003,2656.3852625,909.288222222222,2991.669545833333,False
499,2,False,motif2_nocable,1.0095575018079317,0.9438191044877428,36.39646370467227,835.2117441232319,0.28494239,878.50571675,1155.31655102,29.56769967,/home/chaoyu/phd_simulation/sensitivity_analysis/data/nocable_v2/m2_00499_verts.csv,/home/chaoyu/phd_simulation/sensitivity_analysis/data/nocable_v2/m2_00499_stress.csv,1.445734728030671,1.4574063678621887,0.05325421590733195,0.05593228682930692,953.3365300000002,951.5528181818182,953.79643,888.648640909091,False
500,2,False,motif2_nocable,1.2755695268985043,1.374635271268727,5.898872914263029,340.7505922203518,0.02808848,3581.90935685,3589.72209656,206.54256105,/home/chaoyu/phd_simulation/sensitivity_analysis/data/nocable_v2/m2_00500_verts.csv,/home/chaoyu/phd_simulation/sensitivity_analysis/data/nocable_v2/m2_00500_stress.csv,0.22003827264529507,0.1983586071527046,0.052840416170771495,0.055276006987807665,3581.6677266666666,3587.0523875,2226.2526822222217,4138.018879166667,False
501,2,False,motif2_nocable,1.0209115525796673,0.8327445231463831,33.738362665751275,1073.032655409111,0.34712618,1226.61372273,1987.27176151,55.27280203,/home/chaoyu/phd_simulation/sensitivity_analysis/data/nocable_v2/m2_00501_verts.csv,/home/chaoyu/phd_simulation/sensitivity_analysis/data/nocable_v2/m2_00501_stress.csv,1.3735664254834505,1.067347935986568,0.05446012135749567,0.05599443919862307,1336.4633461538463,1223.2706452380953,1368.9931000000001,578.083076190476,False
502,2,False,motif2_nocable,1.319188867327513,0.9542099594317922,43.52782682322734,1033.8451051544569,0.16138354,2066.33569829,2227.71681283,119.35559216,/home/chaoyu/phd_simulation/sensitivity_analysis/data/nocable_v2/m2_00502_verts.csv,/home/chaoyu/phd_simulation/sensitivity_analysis/data/nocable_v2/m2_00502_stress.csv,0.9999709130784185,0.9627227243239265,0.05291207392939506,0.05519502450790432,2092.6146651162794,2086.316042222222,2309.8429255813953,566.8161955555555,False
503,2,False,motif2_nocable,0.8189007718757911,1.2379195490446584,8.000354747654397,285.4766614111361,0.07742239,2273.58143415,2526.73295444,128.32037379,/home/chaoyu/phd_simulation/sensitivity_analysis/data/nocable_v2/m2_00503_verts.csv,/home/chaoyu/phd_simulation/sensitivity_analysis/data/nocable_v2/m2_00503_stress.csv,10.019496399039056,1.525768182672554,0.17251921407107823,0.08095895328480596,2209.684268888889,2248.444180851064,-133.62990666666667,2095.938729787234,True
504,2,False,motif2_nocable,1.2015548096764823,1.3874503666417017,64.54040760747701,451.4331901663335,0.03814115,3630.28727569,3643.34009178,207.84282909,/home/chaoyu/phd_simulation/sensitivity_analysis/data/nocable_v2/m2_00504_verts.csv,/home/chaoyu/phd_simulation/sensitivity_analysis/data/nocable_v2/m2_00504_stress.csv,0.29911541169917777,0.2688305338295351,0.05283977019995295,0.05530748913080985,3638.040497777778,3630.974464583333,1782.2363066666667,4177.735787500001,False
505,2,False,motif2_nocable,1.260280679194128,0.9909550117472554,39.320255544056224,560.3259599914849,0.11677831,1519.51556441,1582.63332555,85.39607953,/home/chaoyu/phd_simulation/sensitivity_analysis/data/nocable_v2/m2_00505_verts.csv,/home/chaoyu/phd_simulation/sensitivity_analysis/data/nocable_v2/m2_00505_stress.csv,0.8145455140758728,0.8573103303427971,0.0528623074059705,0.0554008133464299,1540.02954,1528.1692999999998,1735.7822333333336,549.0612595744682,False
506,2,False,motif2_nocable,0.940429169345639,1.0088801773990548,30.127048618403897,679.0945832191546,0.253999,925.31169323,1205.94478384,36.08736638,/home/chaoyu/phd_simulation/sensitivity_analysis/data/nocable_v2/m2_00506_verts.csv,/home/chaoyu/phd_simulation/sensitivity_analysis/data/nocable_v2/m2_00506_stress.csv,1.414576368041163,1.0762581217072806,0.054650070602236624,0.05699091428965488,936.7496727272727,1039.953827906977,470.93148863636355,1153.1608534883721,False
507,2,False,motif2_nocable,0.8304544774435696,1.1540353375619998,78.99877873787933,231.20270187139172,0.10002095,1500.51381838,1884.8241457,78.25673108,/home/chaoyu/phd_simulation/sensitivity_analysis/data/nocable_v2/m2_00507_verts.csv,/home/chaoyu/phd_simulation/sensitivity_analysis/data/nocable_v2/m2_00507_stress.csv,1.1675260292560243,9.308624424525634,0.05810963519569806,0.14683430174156856,1532.5438581395351,1471.1922543478263,-171.09766744186044,1399.1807217391306,True
508,2,False,motif2_nocable,1.0432996932031096,1.3728280521875784,85.78365596730657,1124.074559759656,0.10226423,3620.89024712,3707.11846989,205.98727993,/home/chaoyu/phd_simulation/sensitivity_analysis/data/nocable_v2/m2_00508_verts.csv,/home/chaoyu/phd_simulation/sensitivity_analysis/data/nocable_v2/m2_00508_stress.csv,0.7622462756223638,0.7698076413193342,0.05282876129895284,0.055568015394933654,3687.6297,3597.9515895833333,964.3619422222224,3978.3542104166663,False
509,2,False,motif2_nocable,1.2671920851064686,0.8663318137357531,66.78314552020255,730.8224168449316,0.15976069,1947.18435708,2216.24437086,105.91988988,/home/chaoyu/phd_simulation/sensitivity_analysis/data/nocable_v2/m2_00509_verts.csv,/home/chaoyu/phd_simulation/sensitivity_analysis/data/nocable_v2/m2_00509_stress.csv,1.0949556491202028,1.0035051418067715,0.054493324760820624,0.05616091995549435,1901.606451162791,1974.8986622222221,1785.1423325581395,-214.96605111111114,False
510,2,False,motif2_nocable,1.148329215635164,0.8875106603455896,37.34737723391741,521.3668292897166,0.19137745,1242.48612635,1613.584838,61.5979127,/home/chaoyu/phd_simulation/sensitivity_analysis/data/nocable_v2/m2_00510_verts.csv,/home/chaoyu/phd_simulation/sensitivity_analysis/data/nocable_v2/m2_00510_stress.csv,1.316484979215671,1.2103215824205438,0.05464385635148856,0.055967149055605826,1261.6910595238096,1229.9957431818182,1211.3927928571427,-53.94655454545455,False
511,2,False,motif2_nocable,1.2104593120599976,1.1834846358988358,30.75022984472409,293.32943212444553,0.04505655,1809.07594069,1825.33234488,106.93976053,/home/chaoyu/phd_simulation/sensitivity_analysis/data/nocable_v2/m2_00511_verts.csv,/home/chaoyu/phd_simulation/sensitivity_analysis/data/nocable_v2/m2_00511_stress.csv,0.35059583048527254,0.29943472031891505,0.052848914491659876,0.05529526708570522,1812.6123777777777,1815.9015916666667,1504.0306199999998,2018.0431500000002,False
512,2,False,motif2_nocable,1.3343072267903842,1.3262212589351243,1.4215532138059885,973.5710151139496,0.08158166,3391.61325829,3460.82929166,193.71086336,/home/chaoyu/phd_simulation/sensitivity_analysis/data/nocable_v2/m2_00512_verts.csv,/home/chaoyu/phd_simulation/sensitivity_analysis/data/nocable_v2/m2_00512_stress.csv,0.6153488162293462,0.5501445674280598,0.05285521521704601,0.05526616155262405,3398.3304755555555,3428.839185416667,2660.4991311111107,3873.3831750000004,False
513,2,False,motif2_nocable,1.2967483680868144,1.1943108831281668,34.21542574636708,1080.9661137128317,0.12266863,2410.13285248,2542.92959356,136.70550468,/home/chaoyu/phd_simulation/sensitivity_analysis/data/nocable_v2/m2_00513_verts.csv,/home/chaoyu/phd_simulation/sensitivity_analysis/data/nocable_v2/m2_00513_stress.csv,0.8086164555790004,0.8794036923593633,0.05286837620356844,0.055326174308977225,2447.5893866666665,2456.107734042553,2323.690408888889,2580.7710829787234,False
514,2,False,motif2_nocable,1.2429771680907031,0.8980892981779486,70.81325253088326,399.83097841003087,0.12112129,1577.83411136,1742.57061777,81.67651885,/home/chaoyu/phd_simulation/sensitivity_analysis/data/nocable_v2/m2_00514_verts.csv,/home/chaoyu/phd_simulation/sensitivity_analysis/data/nocable_v2/m2_00514_stress.csv,2.7421429976713787,1.2144353798524348,0.06609794322369249,0.05844857079890218,1552.3807133333335,1585.9034000000001,1478.6429555555555,-151.6808042553192,False
515,2,False,motif2_nocable,1.169544024864222,1.2700033214153497,21.665656982638392,356.24304005462363,0.04402597,2453.40262951,2468.7977638,138.41556465,/home/chaoyu/phd_simulation/sensitivity_analysis/data/nocable_v2/m2_00515_verts.csv,/home/chaoyu/phd_simulation/sensitivity_analysis/data/nocable_v2/m2_00515_stress.csv,0.3440283899214178,0.3094001119283207,0.05286020566926526,0.055294810667236405,2453.69144,2462.7140750000003,1387.076388888889,2843.3797875,False
516,2,False,motif2_nocable,0.8341276345122084,1.1359951600745257,74.5192575073665,408.9377649089656,0.14140811,1479.13254919,1890.5897225,76.17562471,/home/chaoyu/phd_simulation/sensitivity_analysis/data/nocable_v2/m2_00516_verts.csv,/home/chaoyu/phd_simulation/sensitivity_analysis/data/nocable_v2/m2_00516_stress.csv,1.4699610814713029,6.877690548046777,0.05690904184985468,0.09610966757743539,1516.7820348837208,1447.2354222222225,-144.29765813953486,1372.723188888889,False
517,2,False,motif2_nocable,0.8945766562078605,1.1659184185456892,6.397964052801534,1037.487840805944,0.19894041,2092.54680578,2357.45014078,107.42665558,/home/chaoyu/phd_simulation/sensitivity_analysis/data/nocable_v2/m2_00517_verts.csv,/home/chaoyu/phd_simulation/sensitivity_analysis/data/nocable_v2/m2_00517_stress.csv,1.2489341395812865,0.9309141142821611,0.05421264244540761,0.055404070584823106,2007.771734090909,2219.2035133333334,187.435325,2287.5049622222223,False
518,2,False,motif2_nocable,1.0980432241597606,1.2613963794512197,5.596655321502916,509.1569193354329,0.06939542,2363.83762526,2396.19768149,129.0992104,/home/chaoyu/phd_simulation/sensitivity_analysis/data/nocable_v2/m2_00518_verts.csv,/home/chaoyu/phd_simulation/sensitivity_analysis/data/nocable_v2/m2_00518_stress.csv,0.48740983059148224,0.4763868538770714,0.05292230999461999,0.05527728680226223,2357.0828977777783,2390.3809875,989.4529,2725.959591666667,False
519,2,False,motif2_nocable,1.088946978802114,1.227305844253128,2.5526802455254063,941.9286976560419,0.13354617,2261.85135484,2375.48191368,117.41901012,/home/chaoyu/phd_simulation/sensitivity_analysis/data/nocable_v2/m2_00519_verts.csv,/home/chaoyu/phd_simulation/sensitivity_analysis/data/nocable_v2/m2_00519_stress.csv,0.94303031804218,0.9377929187072319,0.0530821012476799,0.05524183924883067,2240.7175711111113,2351.0250130434783,1070.8289888888887,2692.542110869565,False
520,2,False,motif2_nocable,0.9941752998386322,0.9780146289125861,26.97987023472398,608.0068259938569,0.24629949,713.14109733,932.04450484,26.81755302,/home/chaoyu/phd_simulation/sensitivity_analysis/data/nocable_v2/m2_00520_verts.csv,/home/chaoyu/phd_simulation/sensitivity_analysis/data/nocable_v2/m2_00520_stress.csv,1.469181082382463,1.2083609261821098,0.05362322052537233,0.05620740600838237,752.6309666666666,795.9113911111111,683.1647404761906,863.9878311111112,False
521,2,False,motif2_nocable,1.3246206693478482,0.8101441182941459,63.06422768680102,1088.7395401021813,0.18166234,2478.41797576,2892.08216503,147.13336262,/home/chaoyu/phd_simulation/sensitivity_analysis/data/nocable_v2/m2_00521_verts.csv,/home/chaoyu/phd_simulation/sensitivity_analysis/data/nocable_v2/m2_00521_stress.csv,2.0970755767985576,1.4823557196118025,0.06349349472734027,0.05571399958163644,2397.3079613636364,2506.6094888888892,2223.9117454545453,-320.46476888888895,False
522,2,False,motif2_nocable,1.0246119132483014,0.8343072257981213,60.05158810558112,349.4927895574122,0.25041311,787.66556034,1670.5155123,38.26097045,/home/chaoyu/phd_simulation/sensitivity_analysis/data/nocable_v2/m2_00522_verts.csv,/home/chaoyu/phd_simulation/sensitivity_analysis/data/nocable_v2/m2_00522_stress.csv,1.3234983177047208,1.7813749413129067,0.054790914554142416,0.05804649331089055,752.7008829268293,797.9361363636364,684.098543902439,-90.10865909090909,False
523,2,False,motif2_nocable,1.2231622332184418,1.2382060053682604,20.777342522910708,632.6096842472391,0.07751446,2342.49711889,2393.59370186,133.20667436,/home/chaoyu/phd_simulation/sensitivity_analysis/data/nocable_v2/m2_00523_verts.csv,/home/chaoyu/phd_simulation/sensitivity_analysis/data/nocable_v2/m2_00523_stress.csv,0.5914246707289101,0.5289297975443704,0.05288572543793676,0.05531639132804477,2348.3931911111113,2368.9136916666666,1740.194831111111,2699.307747916667,False
524,2,False,motif2_nocable,0.9073297017131841,1.0329793994836338,45.15125358131724,628.7975011345206,0.23943656,1062.58289179,1358.4035729,46.74500649,/home/chaoyu/phd_simulation/sensitivity_analysis/data/nocable_v2/m2_00524_verts.csv,/home/chaoyu/phd_simulation/sensitivity_analysis/data/nocable_v2/m2_00524_stress.csv,1.1234517815781633,1.0889646933032573,0.05495205273330867,0.058350410118798275,1105.9740047619048,1109.1388395348838,215.5096619047619,1180.186006976744,False
525,2,False,motif2_nocable,1.350787260913664,0.8630501766059345,16.04694727682774,486.6469259081746,0.09980811,2269.07709251,2451.28088235,131.35412738,/home/chaoyu/phd_simulation/sensitivity_analysis/data/nocable_v2/m2_00525_verts.csv,/home/chaoyu/phd_simulation/sensitivity_analysis/data/nocable_v2/m2_00525_stress.csv,1.0691057610001569,5.6278555923214615,0.05557065452858855,0.0995960050963606,2278.816634782608,2208.3409063829786,2136.1434434782614,-175.10912978723408,False
526,2,False,motif2_nocable,0.8207415960484652,1.3304832778174782,18.829400168568604,918.2537794036348,0.0985591,3349.90423365,3459.39200277,204.27090139,/home/chaoyu/phd_simulation/sensitivity_analysis/data/nocable_v2/m2_00526_verts.csv,/home/chaoyu/phd_simulation/sensitivity_analysis/data/nocable_v2/m2_00526_stress.csv,2.038815104927374,0.6607011357484066,0.05610392565350291,0.05547076514841396,3327.7128444444447,3390.4946595744673,-242.9783044444445,3270.318485106383,False
527,2,False,motif2_nocable,0.8073947360581187,1.0873545747987288,88.9489252447318,203.56643877158953,0.12698531,1002.18052983,1634.53837641,50.70960966,/home/chaoyu/phd_simulation/sensitivity_analysis/data/nocable_v2/m2_00527_verts.csv,/home/chaoyu/phd_simulation/sensitivity_analysis/data/nocable_v2/m2_00527_stress.csv,2.0904389029708335,15.168628839974172,0.05664960377297333,0.14187859009860232,939.9296822222221,923.9351319148936,-147.39973333333333,888.2951914893616,True
528,2,False,motif2_nocable,0.8764538186981018,0.8382393451117298,19.128777027588793,759.7261999887525,0.38317767,789.27929743,1518.94011988,15.41154206,/home/chaoyu/phd_simulation/sensitivity_analysis/data/nocable_v2/m2_00528_verts.csv,/home/chaoyu/phd_simulation/sensitivity_analysis/data/nocable_v2/m2_00528_stress.csv,1.542774594716281,1.4772045551867947,0.05376497470329163,0.056290059114098734,842.2769675675677,832.8539825,766.8758162162161,813.9312325000001,False
529,2,False,motif2_nocable,1.184245515864823,1.0015640103414762,21.422994716467514,221.49413544390202,0.07306986,986.96357327,1007.06489088,53.84883024,/home/chaoyu/phd_simulation/sensitivity_analysis/data/nocable_v2/m2_00529_verts.csv,/home/chaoyu/phd_simulation/sensitivity_analysis/data/nocable_v2/m2_00529_stress.csv,0.5091928929847095,0.5078241400205026,0.052863422092696025,0.05550336006145511,1000.0770311111114,985.0717166666667,1129.5802711111112,370.6812875,False
530,2,False,motif2_nocable,1.1016525838483888,1.1985664938665002,53.64856407745164,1196.5406666284491,0.17050736,2196.81092697,2387.55945152,109.08979423,/home/chaoyu/phd_simulation/sensitivity_analysis/data/nocable_v2/m2_00530_verts.csv,/home/chaoyu/phd_simulation/sensitivity_analysis/data/nocable_v2/m2_00530_stress.csv,1.0853729563688053,0.8691998358603236,0.0532511761969161,0.05604983409678149,2279.954064444444,2231.0382644444444,1247.7077444444444,2572.126035555555,False
531,2,False,motif2_nocable,0.9331184143214908,1.3475458747762705,28.1372213921688,964.0392405448878,0.09817412,3400.26329868,3494.58425823,198.69806716,/home/chaoyu/phd_simulation/sensitivity_analysis/data/nocable_v2/m2_00531_verts.csv,/home/chaoyu/phd_simulation/sensitivity_analysis/data/nocable_v2/m2_00531_stress.csv,0.8147898193899274,0.6935854892115454,0.05326963965117954,0.055722047810441565,3390.337315555555,3437.153625531915,310.89713777777774,3586.595734042554,False
532,2,False,motif2_nocable,0.9613286270806548,1.0471109234202756,38.36372063389769,1023.8990470169953,0.26311755,1330.31445788,1594.32701484,53.8181873,/home/chaoyu/phd_simulation/sensitivity_analysis/data/nocable_v2/m2_00532_verts.csv,/home/chaoyu/phd_simulation/sensitivity_analysis/data/nocable_v2/m2_00532_stress.csv,1.5206339874103978,1.2062341692566154,0.05458316615934085,0.057392025408900454,1384.5730292682924,1450.1622790697675,680.8859292682927,1634.9124139534883,False
533,2,False,motif2_nocable,0.9912605651862378,1.320018519563642,12.719902840549093,925.4681307070122,0.10342922,3082.87294622,3174.94673303,172.14296567,/home/chaoyu/phd_simulation/sensitivity_analysis/data/nocable_v2/m2_00533_verts.csv,/home/chaoyu/phd_simulation/sensitivity_analysis/data/nocable_v2/m2_00533_stress.csv,0.7909475571206209,0.7739354496885343,0.05315875865343287,0.0553960822572444,3059.0248111111105,3139.3363212765958,573.6818155555555,3390.542831914893,False
534,2,False,motif2_nocable,1.1260748251123522,1.0214675069948758,14.062532283996754,623.8731385674987,0.17274553,985.71271349,1133.40526047,51.58043224,/home/chaoyu/phd_simulation/sensitivity_analysis/data/nocable_v2/m2_00534_verts.csv,/home/chaoyu/phd_simulation/sensitivity_analysis/data/nocable_v2/m2_00534_stress.csv,1.1313908891973836,1.0298500127959536,0.05298283031336925,0.055700635592565835,1043.8499909090913,1017.081245652174,1159.9663340909092,924.2224934782608,False
535,2,False,motif2_nocable,1.0033994142676215,1.3538375873618054,69.82628145448138,776.9793594133591,0.07843589,3346.42450474,3401.7198914,191.58708925,/home/chaoyu/phd_simulation/sensitivity_analysis/data/nocable_v2/m2_00535_verts.csv,/home/chaoyu/phd_simulation/sensitivity_analysis/data/nocable_v2/m2_00535_stress.csv,0.5534630247894831,0.5580410184899535,0.05291499125343409,0.055593895215546585,3378.0211488888885,3337.8289854166665,647.4968977777778,3611.846216666667,False
536,2,False,motif2_nocable,1.1650377167207728,1.3914771607729146,80.56631970701395,634.036447961629,0.05382548,3677.16791334,3701.74544526,209.85643976,/home/chaoyu/phd_simulation/sensitivity_analysis/data/nocable_v2/m2_00536_verts.csv,/home/chaoyu/phd_simulation/sensitivity_analysis/data/nocable_v2/m2_00536_stress.csv,0.41738378357669137,0.37596248401499177,0.05283735950661687,0.05533614175354008,3696.5606200000007,3673.813525,1588.0976755555557,4200.6295083333325,False
537,2,False,motif2_nocable,1.133659579486265,0.873111938856057,72.54185728963343,718.6088144977151,0.23379821,1326.99382441,1797.25634528,67.13593523,/home/chaoyu/phd_simulation/sensitivity_analysis/data/nocable_v2/m2_00537_verts.csv,/home/chaoyu/phd_simulation/sensitivity_analysis/data/nocable_v2/m2_00537_stress.csv,1.1181628001839026,1.2171941598293592,0.054145707624083106,0.05504158948881796,1225.3840097560976,1399.2185844444443,1279.295436585366,9.760624444444446,False
538,2,False,motif2_nocable,1.2551103960846537,0.8923013459476266,36.12499979941197,577.6314323583601,0.14032137,1736.76567276,1940.06450458,91.89406282,/home/chaoyu/phd_simulation/sensitivity_analysis/data/nocable_v2/m2_00538_verts.csv,/home/chaoyu/phd_simulation/sensitivity_analysis/data/nocable_v2/m2_00538_stress.csv,1.1587826889006736,1.301846464162968,0.055615244160730805,0.05491050443901131,1745.9688651162794,1730.7882488888886,1678.4219139534885,-135.67339333333334,False
539,2,False,motif2_nocable,0.9151374823919058,1.1288158839022626,32.42855972608826,251.04615590703884,0.10190026,1269.63624723,1393.48044736,58.99754667,/home/chaoyu/phd_simulation/sensitivity_analysis/data/nocable_v2/m2_00539_verts.csv,/home/chaoyu/phd_simulation/sensitivity_analysis/data/nocable_v2/m2_00539_stress.csv,2.277761192535723,1.3463404664821492,0.06407124929873223,0.058869952027085476,1260.2758266666667,1283.45965,-96.84865999999998,1230.2433913043478,False
540,2,False,motif2_nocable,1.1824819411500114,0.9241162169634429,17.952996865728597,544.6778480108305,0.16757096,1290.7447464,1489.71060501,65.1330535,/home/chaoyu/phd_simulation/sensitivity_analysis/data/nocable_v2/m2_00540_verts.csv,/home/chaoyu/phd_simulation/sensitivity_analysis/data/nocable_v2/m2_00540_stress.csv,1.0646314997033077,1.0391226102144355,0.05281732760880102,0.056548365858463956,1344.2634232558137,1243.107654347826,1373.1501302325582,141.4131673913043,False
541,2,False,motif2_nocable,1.216243665009257,1.0280818939205714,82.41693414064362,1008.4070836430107,0.18455365,1535.41534149,1714.70849829,81.46571628,/home/chaoyu/phd_simulation/sensitivity_analysis/data/nocable_v2/m2_00541_verts.csv,/home/chaoyu/phd_simulation/sensitivity_analysis/data/nocable_v2/m2_00541_stress.csv,1.1641857664906183,1.0323367003383976,0.05307926380792173,0.0552506538131149,1549.4545500000002,1627.6133239130431,1739.9026477272726,1124.5524739130435,False
542,2,False,motif2_nocable,0.9790020895502067,1.2089525146171733,42.04405912044642,1198.168588212003,0.18240767,2342.75788843,2549.61675501,118.68228068,/home/chaoyu/phd_simulation/sensitivity_analysis/data/nocable_v2/m2_00542_verts.csv,/home/chaoyu/phd_simulation/sensitivity_analysis/data/nocable_v2/m2_00542_stress.csv,1.2224585853463752,0.9166926889080116,0.05417180310135039,0.05694513714241819,2382.996659090909,2403.2657377777778,612.9497090909091,2644.127993333333,False
543,2,False,motif2_nocable,0.801547912097112,1.2993665167153177,66.10721088705061,535.6346731817184,0.0854161,2942.45660678,3132.81746753,177.77901621,/home/chaoyu/phd_simulation/sensitivity_analysis/data/nocable_v2/m2_00543_verts.csv,/home/chaoyu/phd_simulation/sensitivity_analysis/data/nocable_v2/m2_00543_stress.csv,1.9416089820764062,4.450111749542791,0.07684075603625944,0.11519183551762831,2942.9697638297876,2910.4879916666664,-241.80613829787225,2773.09435,True
544,2,False,motif2_nocable,1.1174539892285738,1.0953432256177118,58.4029957147529,763.2806175498267,0.16294703,1310.5518648,1477.3516146,67.85342533,/home/chaoyu/phd_simulation/sensitivity_analysis/data/nocable_v2/m2_00544_verts.csv,/home/chaoyu/phd_simulation/sensitivity_analysis/data/nocable_v2/m2_00544_stress.csv,1.0158718446395694,1.0042631815939413,0.053020764669679435,0.05569159306481076,1376.6536955555555,1347.0660173913043,1124.8532355555558,1475.4055804347827,False
545,2,False,motif2_nocable,1.0666937396090697,1.2178051079384384,11.283018144866153,606.479327893679,0.09880092,2019.59452376,2078.45987169,106.5770311,/home/chaoyu/phd_simulation/sensitivity_analysis/data/nocable_v2/m2_00545_verts.csv,/home/chaoyu/phd_simulation/sensitivity_analysis/data/nocable_v2/m2_00545_stress.csv,0.741416358600267,0.7369104411638836,0.05304850786317655,0.05532944865060533,2007.9237533333333,2066.6151212765963,806.9901911111112,2346.9177808510635,False
546,2,False,motif2_nocable,0.8392633287982442,0.9192982981002685,79.93854537343493,667.0943108617037,0.33858405,842.38775566,1472.62646318,30.9709299,/home/chaoyu/phd_simulation/sensitivity_analysis/data/nocable_v2/m2_00546_verts.csv,/home/chaoyu/phd_simulation/sensitivity_analysis/data/nocable_v2/m2_00546_stress.csv,1.5661977843349444,1.0711123676201657,0.05411165489800974,0.07885422810455932,979.3975972972974,749.6744619047619,169.22989729729727,776.405061904762,False
547,2,False,motif2_nocable,1.0905339513261838,0.8056747647246901,20.4867960408307,1172.4583837909925,0.32440665,1592.45540667,2351.97509796,87.04843098,/home/chaoyu/phd_simulation/sensitivity_analysis/data/nocable_v2/m2_00547_verts.csv,/home/chaoyu/phd_simulation/sensitivity_analysis/data/nocable_v2/m2_00547_stress.csv,1.386155675029442,1.0201586476567053,0.054411839541648084,0.056141907715596205,1721.4504051282051,1441.2152523809523,1698.1372512820515,380.9778833333333,False
548,2,False,motif2_nocable,0.9251304722129624,0.8580214552899514,81.94981878972419,889.2642331452495,0.36619469,891.95882506,1472.08808898,20.619892,/home/chaoyu/phd_simulation/sensitivity_analysis/data/nocable_v2/m2_00548_verts.csv,/home/chaoyu/phd_simulation/sensitivity_analysis/data/nocable_v2/m2_00548_stress.csv,1.4746115921402352,1.3199916675644152,0.05336907427186579,0.05617191378585717,900.5434897435896,1005.7668150000002,730.7528897435898,558.4434825000001,False
549,2,False,motif2_nocable,1.2342475076073007,1.250625139898057,37.7679093058609,937.8318787048402,0.10534326,2569.00218219,2665.81603695,142.50274038,/home/chaoyu/phd_simulation/sensitivity_analysis/data/nocable_v2/m2_00549_verts.csv,/home/chaoyu/phd_simulation/sensitivity_analysis/data/nocable_v2/m2_00549_stress.csv,0.7903728152639298,0.7794561695398082,0.05292658772720736,0.05540424383763339,2592.669042222222,2605.953295744681,1916.9361288888888,2967.610704255319,False
550,2,False,motif2_nocable,1.2294308142592316,0.9375372551789187,60.56707918854708,832.3730593686287,0.18187878,1585.92624296,1787.0176975,84.8861291,/home/chaoyu/phd_simulation/sensitivity_analysis/data/nocable_v2/m2_00550_verts.csv,/home/chaoyu/phd_simulation/sensitivity_analysis/data/nocable_v2/m2_00550_stress.csv,1.0743426161281318,1.0207501019606167,0.053246415382379564,0.05506492256464756,1567.8643511627909,1642.269495555555,1719.4736953488373,363.09697555555556,False
551,2,False,motif2_nocable,1.2659324638242864,1.224203788314629,32.099826572767256,321.6477151117821,0.0392954,2265.08712211,2278.80825512,134.62374064,/home/chaoyu/phd_simulation/sensitivity_analysis/data/nocable_v2/m2_00551_verts.csv,/home/chaoyu/phd_simulation/sensitivity_analysis/data/nocable_v2/m2_00551_stress.csv,0.3065136032334779,0.2758694991268217,0.05284193101241066,0.05528693862811286,2268.317473333333,2270.6166770833333,1919.7546955555554,2506.9830625,False
552,2,False,motif2_nocable,0.9003998164049503,1.0880592145782573,15.396664702146882,457.51011583309895,0.17392215,1223.31369402,1433.32580211,56.8439226,/home/chaoyu/phd_simulation/sensitivity_analysis/data/nocable_v2/m2_00552_verts.csv,/home/chaoyu/phd_simulation/sensitivity_analysis/data/nocable_v2/m2_00552_stress.csv,0.9524957254570563,1.1866364457328573,0.054782803185226506,0.0560357763372638,1172.0699272727275,1288.5653800000002,2.8177340909090915,1257.9242066666666,False
553,2,False,motif2_nocable,1.112562467567678,1.0496041195739714,69.0365906892629,574.8794270348762,0.15757051,980.05271446,1119.14602745,52.50445309,/home/chaoyu/phd_simulation/sensitivity_analysis/data/nocable_v2/m2_00553_verts.csv,/home/chaoyu/phd_simulation/sensitivity_analysis/data/nocable_v2/m2_00553_stress.csv,1.0718046390112015,0.9683161604751902,0.05301720516744143,0.05562187328880398,1028.890551111111,1016.5580891304348,988.8012155555556,985.5949891304348,False
554,2,False,motif2_nocable,0.9803046242054264,1.0179691561628632,7.133445426763204,413.918207488597,0.19752989,657.34883704,791.92407794,28.02399917,/home/chaoyu/phd_simulation/sensitivity_analysis/data/nocable_v2/m2_00554_verts.csv,/home/chaoyu/phd_simulation/sensitivity_analysis/data/nocable_v2/m2_00554_stress.csv,1.2360755458216353,1.1283205001387107,0.053867249257684824,0.055715934791795846,628.8837954545454,757.2913333333333,411.1269477272727,855.1074,False
555,2,False,motif2_nocable,1.3821039237329302,1.266788251554356,35.336239162389454,822.7653180302858,0.07313384,3059.00745879,3114.28217987,181.95164383,/home/chaoyu/phd_simulation/sensitivity_analysis/data/nocable_v2/m2_00555_verts.csv,/home/chaoyu/phd_simulation/sensitivity_analysis/data/nocable_v2/m2_00555_stress.csv,0.5114284240923396,0.49877192920390856,0.05284166067608648,0.0552863713007557,3074.7338577777773,3078.779075,2870.9698088888886,3254.653452083334,False
556,2,False,motif2_nocable,0.9680454241462677,0.8203459888903832,15.763364520612402,662.0630546039117,0.33578524,878.20886272,1798.71145209,37.86563487,/home/chaoyu/phd_simulation/sensitivity_analysis/data/nocable_v2/m2_00556_verts.csv,/home/chaoyu/phd_simulation/sensitivity_analysis/data/nocable_v2/m2_00556_stress.csv,1.368149835761923,1.0558290416741054,0.05369443459531196,0.056402307310559036,984.5632449999999,756.4933536585366,947.6319975,423.3659829268292,False
557,2,False,motif2_nocable,1.3142105561597082,1.2760024661250238,27.294246343659914,215.8266337631748,0.0215119,2789.33172676,2793.87200499,165.93293028,/home/chaoyu/phd_simulation/sensitivity_analysis/data/nocable_v2/m2_00557_verts.csv,/home/chaoyu/phd_simulation/sensitivity_analysis/data/nocable_v2/m2_00557_stress.csv,0.16883264461417524,0.15212264225588334,0.05283503090481239,0.05527775542587773,2790.2706466666664,2791.2855375,2310.2032244444445,3101.7453937499995,False
558,2,False,motif2_nocable,0.9457068061465363,0.9049803950848032,4.022447000469304,495.0630488082903,0.29084566,569.27120788,964.91539631,14.54473605,/home/chaoyu/phd_simulation/sensitivity_analysis/data/nocable_v2/m2_00558_verts.csv,/home/chaoyu/phd_simulation/sensitivity_analysis/data/nocable_v2/m2_00558_stress.csv,1.3199011288697526,1.3389574262489414,0.05376458002508869,0.05651379714838175,628.570515,580.9836295454545,620.78048,600.8049568181818,False
559,2,False,motif2_nocable,1.016192781924307,1.0654265163926233,43.44575996378819,804.337734525542,0.21348849,1173.44972076,1384.71598158,51.61929783,/home/chaoyu/phd_simulation/sensitivity_analysis/data/nocable_v2/m2_00559_verts.csv,/home/chaoyu/phd_simulation/sensitivity_analysis/data/nocable_v2/m2_00559_stress.csv,1.2568768913552404,1.4476820204772407,0.05363651355732849,0.056428178826540165,1240.573734090909,1244.5710555555554,732.1797045454546,1420.7678422222225,False
560,2,False,motif2_nocable,0.9360616356691359,1.316276410743277,70.79900316345575,299.6325982217996,0.03710303,2918.55019999,2931.63780851,165.32212738,/home/chaoyu/phd_simulation/sensitivity_analysis/data/nocable_v2/m2_00560_verts.csv,/home/chaoyu/phd_simulation/sensitivity_analysis/data/nocable_v2/m2_00560_stress.csv,0.2918796592130155,0.2524969698926593,0.05284263578613896,0.05535875876500781,2925.101924444444,2916.1172145833334,172.93298444444446,2997.9204520833337,False
561,2,False,motif2_nocable,1.3037349812635046,1.1462687338266262,32.254937820790694,735.788410725673,0.09561898,2057.62853922,2131.02410461,123.35834534,/home/chaoyu/phd_simulation/sensitivity_analysis/data/nocable_v2/m2_00561_verts.csv,/home/chaoyu/phd_simulation/sensitivity_analysis/data/nocable_v2/m2_00561_stress.csv,0.7051912178874419,0.7121019345552057,0.052840295320902904,0.05530263435522178,2081.6800866666667,2081.075539583333,2189.540037777778,1969.5783562499998,False
562,2,False,motif2_nocable,1.3597022632536442,1.1592690805299035,49.241163377337195,1168.6733232117585,0.12487448,2511.77068718,2644.68850933,147.51742697,/home/chaoyu/phd_simulation/sensitivity_analysis/data/nocable_v2/m2_00562_verts.csv,/home/chaoyu/phd_simulation/sensitivity_analysis/data/nocable_v2/m2_00562_stress.csv,0.8134934740780322,0.8899388392365841,0.05282111358808736,0.055220001253059724,2551.66764,2555.9967872340426,2717.904093333333,2335.3631425531917,False
563,2,False,motif2_nocable,1.1559847511281116,1.1904827441232533,6.65934295417776,823.4148361362735,0.12328496,1962.2070387,2073.71552167,105.45649098,/home/chaoyu/phd_simulation/sensitivity_analysis/data/nocable_v2/m2_00563_verts.csv,/home/chaoyu/phd_simulation/sensitivity_analysis/data/nocable_v2/m2_00563_stress.csv,0.8124204586716702,0.882883944491975,0.05297904627519253,0.055310546221661296,1963.7003888888887,2029.6870148936168,1384.8169222222223,2332.2064170212766,False
564,2,False,motif2_nocable,1.1577833545325098,1.3806929573108144,65.05808456586568,650.1684532955003,0.05707541,3567.10537054,3594.15154086,202.85005581,/home/chaoyu/phd_simulation/sensitivity_analysis/data/nocable_v2/m2_00564_verts.csv,/home/chaoyu/phd_simulation/sensitivity_analysis/data/nocable_v2/m2_00564_stress.csv,0.4463619943713211,0.40059327400904604,0.0528606080413134,0.05537257243444938,3584.2757244444447,3567.370875,1529.8603733333332,4077.101508333333,False
565,2,False,motif2_nocable,1.1957491240816749,0.8808964912265087,73.19359024317014,840.1840331890266,0.21247891,1614.7572707,1950.70765428,85.53067607,/home/chaoyu/phd_simulation/sensitivity_analysis/data/nocable_v2/m2_00565_verts.csv,/home/chaoyu/phd_simulation/sensitivity_analysis/data/nocable_v2/m2_00565_stress.csv,1.1019434567671478,1.0934307487028812,0.05392703862574862,0.05485904696627319,1524.9127414634145,1685.530835555556,1575.8172414634146,28.9925711111111,False
566,2,False,motif2_nocable,1.177493579222698,1.2826661883220212,65.1961191610792,1014.8246425059738,0.11111019,2779.99481461,2879.89102261,150.62084775,/home/chaoyu/phd_simulation/sensitivity_analysis/data/nocable_v2/m2_00566_verts.csv,/home/chaoyu/phd_simulation/sensitivity_analysis/data/nocable_v2/m2_00566_stress.csv,0.8391578116937944,0.7833111116767254,0.05292630681857572,0.05555844330111045,2835.628817777778,2787.5076319148943,1618.0954977777774,3218.307527659575,False
567,2,False,motif2_nocable,1.1113444801860797,1.187306878418019,51.66623937636269,1141.8193276191314,0.16817339,2089.83390197,2278.84903937,104.17083438,/home/chaoyu/phd_simulation/sensitivity_analysis/data/nocable_v2/m2_00567_verts.csv,/home/chaoyu/phd_simulation/sensitivity_analysis/data/nocable_v2/m2_00567_stress.csv,1.067666020082792,1.0877312048413899,0.05320512886702104,0.0559455982965371,2165.4383377777776,2130.283764444445,1276.9737577777776,2455.119082222222,False
568,2,False,motif2_nocable,1.3782033438058074,0.9235258060380791,51.35769020371055,324.69120795954325,0.05099345,2280.46118067,2301.87555426,133.52246638,/home/chaoyu/phd_simulation/sensitivity_analysis/data/nocable_v2/m2_00568_verts.csv,/home/chaoyu/phd_simulation/sensitivity_analysis/data/nocable_v2/m2_00568_stress.csv,0.38693970797921473,0.3382936828330898,0.052830154680081516,0.05526061494309746,2279.706897777777,2282.9574374999997,2287.796228888889,17.415660416666668,False
569,2,False,motif2_nocable,1.0603411859370737,1.3894161824713671,28.76545471785191,688.4248587669085,0.06131081,3658.90876879,3691.38015119,211.4966017,/home/chaoyu/phd_simulation/sensitivity_analysis/data/nocable_v2/m2_00569_verts.csv,/home/chaoyu/phd_simulation/sensitivity_analysis/data/nocable_v2/m2_00569_stress.csv,0.4392266944098655,0.4337646882657839,0.052935031690796705,0.055390489093494956,3657.1389333333327,3676.295464583333,983.6524133333335,4069.0911166666665,False
570,2,False,motif2_nocable,1.240601897383562,1.367598427044483,12.096147348503406,446.5483962871307,0.03853644,3473.82297254,3487.7579169,198.87916692,/home/chaoyu/phd_simulation/sensitivity_analysis/data/nocable_v2/m2_00570_verts.csv,/home/chaoyu/phd_simulation/sensitivity_analysis/data/nocable_v2/m2_00570_stress.csv,0.3012323598248683,0.27114581221495176,0.05284970933248198,0.05528094728654784,3473.1749933333335,3483.158497916667,1996.4935933333334,4021.9584333333332,False
571,2,False,motif2_nocable,1.1500898212387847,0.9958066557439281,35.649636022584595,915.1053763956515,0.21176988,1236.83024451,1436.74568743,60.45350081,/home/chaoyu/phd_simulation/sensitivity_analysis/data/nocable_v2/m2_00571_verts.csv,/home/chaoyu/phd_simulation/sensitivity_analysis/data/nocable_v2/m2_00571_stress.csv,1.2277276144277618,1.3034170779433367,0.05291472441003078,0.05548808223994715,1310.2755666666667,1283.6010434782606,1475.2557785714287,976.0841195652174,False
572,2,False,motif2_nocable,0.8667409194120698,0.8459909289451674,52.096822163728525,377.8154696217054,0.33818708,472.53446085,1325.6347564,8.94580786,/home/chaoyu/phd_simulation/sensitivity_analysis/data/nocable_v2/m2_00572_verts.csv,/home/chaoyu/phd_simulation/sensitivity_analysis/data/nocable_v2/m2_00572_stress.csv,1.6094715032389866,1.4821716094319337,0.05448997321888494,0.05870007705029767,485.79657948717966,473.0595071428571,307.77685384615387,307.6052642857143,False
573,2,False,motif2_nocable,1.188306568633249,1.39263430634226,64.02682021028163,270.7866575420685,0.02287572,3653.45850096,3658.07104635,210.06072829,/home/chaoyu/phd_simulation/sensitivity_analysis/data/nocable_v2/m2_00573_verts.csv,/home/chaoyu/phd_simulation/sensitivity_analysis/data/nocable_v2/m2_00573_stress.csv,0.1799071293506702,0.16181345139834005,0.05283073695691641,0.05528166436543085,3656.2322288888895,3653.659220833333,1693.2793288888888,4193.10840625,False
574,2,False,motif2_nocable,1.1356165029441287,0.9718549209170081,76.45984338189932,686.2555937958391,0.19791245,1053.64127597,1185.59890771,51.8666692,/home/chaoyu/phd_simulation/sensitivity_analysis/data/nocable_v2/m2_00574_verts.csv,/home/chaoyu/phd_simulation/sensitivity_analysis/data/nocable_v2/m2_00574_stress.csv,1.1882962269005433,1.0787073207327744,0.05329800342950991,0.055335515518501466,1038.1280953488374,1140.7146804347824,1191.153011627907,556.7198173913044,False
575,2,False,motif2_nocable,1.1202154818919117,1.1449938331922607,72.65110235809756,345.97668326319877,0.07418345,1358.0280184,1395.04538224,76.38512181,/home/chaoyu/phd_simulation/sensitivity_analysis/data/nocable_v2/m2_00575_verts.csv,/home/chaoyu/phd_simulation/sensitivity_analysis/data/nocable_v2/m2_00575_stress.csv,0.5196824395722142,0.5123950063425919,0.052863335586949826,0.055416896609218294,1378.7761888888892,1361.4263979166665,936.1912600000003,1560.3615624999995,False
576,2,False,motif2_nocable,1.395604051760547,0.9879636118950851,75.03841578316434,885.1043091827287,0.11243604,2383.80642119,2460.1967375,146.60157788,/home/chaoyu/phd_simulation/sensitivity_analysis/data/nocable_v2/m2_00576_verts.csv,/home/chaoyu/phd_simulation/sensitivity_analysis/data/nocable_v2/m2_00576_stress.csv,0.7389464093753516,0.8160894542167522,0.05297894675672831,0.05510063470585073,2365.8619955555555,2427.379129787234,2650.284322222222,750.9888723404257,False
577,2,False,motif2_nocable,1.2190126598632411,0.9771969543831155,76.90760183745837,1021.5588415081673,0.19957344,1559.28696446,1707.19189209,81.83865117,/home/chaoyu/phd_simulation/sensitivity_analysis/data/nocable_v2/m2_00577_verts.csv,/home/chaoyu/phd_simulation/sensitivity_analysis/data/nocable_v2/m2_00577_stress.csv,1.177533580587226,1.0587678951990942,0.053207179745271754,0.0550622884804201,1533.9411860465118,1664.5413413043482,1766.700923255814,776.7417586956519,False
578,2,False,motif2_nocable,1.1785249210318458,1.0246929857226261,79.33531395005558,465.90616447743054,0.12313774,1073.67630123,1143.62946075,60.52925479,/home/chaoyu/phd_simulation/sensitivity_analysis/data/nocable_v2/m2_00578_verts.csv,/home/chaoyu/phd_simulation/sensitivity_analysis/data/nocable_v2/m2_00578_stress.csv,0.8059628746638227,0.8862594585293981,0.053037006531279136,0.05535418032621165,1077.2853755555554,1113.3411999999998,1233.9311044444444,706.2263617021275,False
579,2,False,motif2_nocable,0.9162795939962554,1.0675474413655033,86.57369325742508,1181.6053052973534,0.27513739,1625.57607423,1999.83894204,73.14873382,/home/chaoyu/phd_simulation/sensitivity_analysis/data/nocable_v2/m2_00579_verts.csv,/home/chaoyu/phd_simulation/sensitivity_analysis/data/nocable_v2/m2_00579_stress.csv,1.5606674146741317,1.3982966499720715,0.05288951200512909,0.057054620519213284,1842.0829225000002,1509.7015749999998,464.04383999999993,1717.1913090909088,False
580,2,False,motif2_nocable,1.2243995513033201,0.8779806433286526,26.22684009976404,305.97150495935875,0.10503346,1433.27031456,1747.6703385,74.49198749,/home/chaoyu/phd_simulation/sensitivity_analysis/data/nocable_v2/m2_00580_verts.csv,/home/chaoyu/phd_simulation/sensitivity_analysis/data/nocable_v2/m2_00580_stress.csv,2.1711950493051995,9.350334074811204,0.0790241699614856,0.10360248607270894,1427.408965909091,1401.541475,1349.9569454545456,-109.68741458333334,True
581,2,False,motif2_nocable,1.3325694401646757,1.3549089148605973,26.585900557790957,1064.0554078806135,0.08389217,3651.65209625,3726.33379118,206.90221333,/home/chaoyu/phd_simulation/sensitivity_analysis/data/nocable_v2/m2_00581_verts.csv,/home/chaoyu/phd_simulation/sensitivity_analysis/data/nocable_v2/m2_00581_stress.csv,0.6392989273851633,0.6344047298019361,0.052882348886068395,0.05532466024205704,3663.533435555555,3687.106602083333,2704.2843399999997,4201.1786833333335,False
582,2,False,motif2_nocable,0.8866247332827641,1.0359710803389899,78.5798338858971,809.2339770451262,0.26352586,1267.65606461,1624.8217149,57.67981174,/home/chaoyu/phd_simulation/sensitivity_analysis/data/nocable_v2/m2_00582_verts.csv,/home/chaoyu/phd_simulation/sensitivity_analysis/data/nocable_v2/m2_00582_stress.csv,1.4505252272722957,1.1530071831152287,0.05353332660393799,0.05833476268972647,1420.351311904762,1172.9537767441861,194.6550619047619,1293.3636093023254,False
583,2,False,motif2_nocable,1.3236493283809128,0.9101682306691138,60.7409867820862,462.58597028812363,0.08905837,2024.49845916,2089.30318395,112.21326267,/home/chaoyu/phd_simulation/sensitivity_analysis/data/nocable_v2/m2_00583_verts.csv,/home/chaoyu/phd_simulation/sensitivity_analysis/data/nocable_v2/m2_00583_stress.csv,0.6324507592616739,0.685178887201546,0.05296301152866182,0.055239976426401514,2014.636482222222,2035.9865270833332,1964.0202177777776,-96.04303958333333,False
584,2,False,motif2_nocable,0.8646516507162764,1.220370358689907,53.26527263054713,1178.3856247950735,0.18093184,2566.12293413,2810.03772058,140.56586322,/home/chaoyu/phd_simulation/sensitivity_analysis/data/nocable_v2/m2_00584_verts.csv,/home/chaoyu/phd_simulation/sensitivity_analysis/data/nocable_v2/m2_00584_stress.csv,1.3357384340140028,0.9935945291811897,0.05451296226844882,0.05808793057140742,2621.4752977272724,2569.0857795454544,31.77014090909091,2580.2171999999996,False
585,2,False,motif2_nocable,1.1818736263010676,1.0159396302334112,85.21577279709692,279.76667782451574,0.08489985,992.34431255,1020.52465128,56.07057896,/home/chaoyu/phd_simulation/sensitivity_analysis/data/nocable_v2/m2_00585_verts.csv,/home/chaoyu/phd_simulation/sensitivity_analysis/data/nocable_v2/m2_00585_stress.csv,0.6359722736483344,0.6434885933145433,0.05299216830250579,0.05532784897194325,989.087722222222,1013.013825,1140.9018822222222,506.46170624999996,False
586,2,False,motif2_nocable,1.3049077937641527,0.8372016808158902,24.634711250192833,838.3186835940038,0.15958808,2187.52769141,2538.96137718,126.08007941,/home/chaoyu/phd_simulation/sensitivity_analysis/data/nocable_v2/m2_00586_verts.csv,/home/chaoyu/phd_simulation/sensitivity_analysis/data/nocable_v2/m2_00586_stress.csv,1.7562217692422764,3.0631883687879045,0.059648714306661604,0.07363866740189207,2203.8934477272724,2134.864536956521,2075.301309090909,-196.16090000000005,False
587,2,False,motif2_nocable,0.8982795049672186,0.8513753300983322,22.458170975788313,289.55724092202234,0.30862187,407.95220489,1286.38730325,10.85481451,/home/chaoyu/phd_simulation/sensitivity_analysis/data/nocable_v2/m2_00587_verts.csv,/home/chaoyu/phd_simulation/sensitivity_analysis/data/nocable_v2/m2_00587_stress.csv,1.3633323683776357,1.5607633205372038,0.0550570816185514,0.05689822623204734,437.15573750000004,389.14808780487806,374.35259,297.3336219512195,False
588,2,False,motif2_nocable,0.9275299977148321,0.8015997408215277,11.476532079308214,1108.9419604073896,0.40947646,1118.27792215,2016.11858136,39.45532101,/home/chaoyu/phd_simulation/sensitivity_analysis/data/nocable_v2/m2_00588_verts.csv,/home/chaoyu/phd_simulation/sensitivity_analysis/data/nocable_v2/m2_00588_stress.csv,1.401890498649156,1.190406777705802,0.05305108118622721,0.0963292445566676,1287.6056512820512,1052.8833149999998,1284.4006717948719,942.0068599999998,False
589,2,False,motif2_nocable,1.2213885248712857,0.993522865126368,61.86455348238862,447.54865868448724,0.11208091,1273.30068613,1325.84836732,70.05448033,/home/chaoyu/phd_simulation/sensitivity_analysis/data/nocable_v2/m2_00589_verts.csv,/home/chaoyu/phd_simulation/sensitivity_analysis/data/nocable_v2/m2_00589_stress.csv,0.7937024611451603,0.8202575533274096,0.053005324542737056,0.05529049473942158,1271.4150533333334,1300.405185106383,1442.212877777778,473.670319148936,False
590,2,False,motif2_nocable,1.1244604279817898,1.0740979274196465,44.32133926683191,1097.1169326407253,0.21002534,1468.94735843,1740.85413209,69.25488785,/home/chaoyu/phd_simulation/sensitivity_analysis/data/nocable_v2/m2_00590_verts.csv,/home/chaoyu/phd_simulation/sensitivity_analysis/data/nocable_v2/m2_00590_stress.csv,1.322414768900892,1.2909610987731597,0.05307791885880013,0.055660787410017454,1549.85895,1549.0965111111116,1401.0533659090909,1649.2910044444443,False
591,2,False,motif2_nocable,1.2276082490523645,1.1569065598330002,17.373801550576662,361.047826475433,0.05746114,1702.54382833,1728.47381855,102.21434236,/home/chaoyu/phd_simulation/sensitivity_analysis/data/nocable_v2/m2_00591_verts.csv,/home/chaoyu/phd_simulation/sensitivity_analysis/data/nocable_v2/m2_00591_stress.csv,0.44275961873091807,0.39836390708459374,0.05285237480965746,0.05530018887947827,1708.356106666667,1713.3407333333334,1595.028888888889,1815.8589875,False
592,2,False,motif2_nocable,1.050987981638489,1.2688332192661382,12.592838517207513,1002.9405835677632,0.12735399,2634.293181,2738.47289369,139.4256226,/home/chaoyu/phd_simulation/sensitivity_analysis/data/nocable_v2/m2_00592_verts.csv,/home/chaoyu/phd_simulation/sensitivity_analysis/data/nocable_v2/m2_00592_stress.csv,0.9417819090259257,0.9165932636503968,0.053195384563224264,0.0554003388003755,2609.5458444444444,2715.7823130434786,892.9186133333333,3048.494347826086,False
593,2,False,motif2_nocable,1.271608721831226,1.3417067389186847,40.732387164387674,1005.4615584258826,0.08697383,3402.84230187,3476.43852138,190.68135187,/home/chaoyu/phd_simulation/sensitivity_analysis/data/nocable_v2/m2_00593_verts.csv,/home/chaoyu/phd_simulation/sensitivity_analysis/data/nocable_v2/m2_00593_stress.csv,0.6677985180782186,0.6586638216483947,0.05290792509287224,0.05538903993320174,3422.0469755555555,3430.6054874999995,2264.726955555556,3946.7836375,False
594,2,False,motif2_nocable,1.3600869501240256,1.0315546862550584,4.332015032470066,249.1726023641026,0.03678957,1991.20068533,1997.49893522,123.46204337,/home/chaoyu/phd_simulation/sensitivity_analysis/data/nocable_v2/m2_00594_verts.csv,/home/chaoyu/phd_simulation/sensitivity_analysis/data/nocable_v2/m2_00594_stress.csv,0.2859509809474107,0.2583420271462837,0.052833346343999575,0.05531305002908192,1996.55676,1989.9340270833334,2280.1441777777777,847.2819354166667,False
595,2,False,motif2_nocable,1.107108072287078,1.1105496501015102,58.06922854111417,753.2020876187628,0.1576198,1369.75114074,1525.75964753,70.53933829,/home/chaoyu/phd_simulation/sensitivity_analysis/data/nocable_v2/m2_00595_verts.csv,/home/chaoyu/phd_simulation/sensitivity_analysis/data/nocable_v2/m2_00595_stress.csv,1.1103955096227192,0.9914183187981953,0.053035509807786464,0.05574845002830095,1435.6584000000003,1400.2258260869567,1063.4287199999999,1576.2072195652174,False
596,2,False,motif2_nocable,0.8854005302040046,1.3957800389142352,81.41357783626792,550.8195852900169,0.0482778,3824.82525853,3849.86855551,238.45681783,/home/chaoyu/phd_simulation/sensitivity_analysis/data/nocable_v2/m2_00596_verts.csv,/home/chaoyu/phd_simulation/sensitivity_analysis/data/nocable_v2/m2_00596_stress.csv,0.37513392222664405,0.34449970625348453,0.05285196833849817,0.055376361391688854,3838.74058,3818.0228395833333,87.52988666666667,3857.8421062499997,False
597,2,False,motif2_nocable,0.999923795329099,0.9124873349081114,85.10068429769748,1188.3116886014545,0.33746311,1135.62986596,1513.9344798,32.32073385,/home/chaoyu/phd_simulation/sensitivity_analysis/data/nocable_v2/m2_00597_verts.csv,/home/chaoyu/phd_simulation/sensitivity_analysis/data/nocable_v2/m2_00597_stress.csv,1.4828070776144273,1.478658038368306,0.05320194879154535,0.055615827692579445,1190.8921025,1270.747,1069.131645,865.8745767441861,False
598,2,False,motif2_nocable,1.3861982262831596,1.3240625670258033,67.82994931715305,264.3432154294577,0.02146874,3402.47624094,3407.53493356,203.30601868,/home/chaoyu/phd_simulation/sensitivity_analysis/data/nocable_v2/m2_00598_verts.csv,/home/chaoyu/phd_simulation/sensitivity_analysis/data/nocable_v2/m2_00598_stress.csv,0.16840268054252944,0.15169987351720063,0.05283362731571258,0.05527714722352436,3404.5733644444445,3403.6587062500003,2897.4676444444444,3747.9100541666667,False
599,2,False,motif2_nocable,0.8529334420074541,1.0037336028765238,23.200838990558815,337.0288570108742,0.22529047,790.78152299,1345.18072726,36.16714611,/home/chaoyu/phd_simulation/sensitivity_analysis/data/nocable_v2/m2_00599_verts.csv,/home/chaoyu/phd_simulation/sensitivity_analysis/data/nocable_v2/m2_00599_stress.csv,1.2638418743052027,1.3442442142581432,0.05700641146250858,0.05658380932123954,758.4530142857143,857.4191255813954,-37.88718571428572,804.7182302325582,False
