,S1,ST,S1_conf,ST_conf
sf_wale,0.4503133561571989,0.6742005109310933,0.07039511161793596,0.10536944812689097
sf_course,0.021063463931991655,0.04334614514237809,0.01742034920422567,0.009899246642956886
knit_dir,-0.0019128409056541308,0.0016654051650494195,0.003106002337661852,0.0003559579808646111
pressure,0.0036060184957410106,0.008803599274195738,0.00820314956204659,0.00242724537476877
E1,0.12987309949703923,0.2662382350140674,0.04095071735529723,0.04531875292180805
r,-0.002705761257785952,0.003376417462450302,0.004707806516057271,0.0006037559209782811
nu,0.13216688997257456,0.2894308182381738,0.05062142201492155,0.047270011521626285
