,S1,ST,S1_conf,ST_conf
sf_wale,0.4112472110249769,0.6258259160197331,0.06694892225109919,0.08317910551108924
sf_course,0.04140651506284321,0.07936660372856044,0.021041740698598425,0.014179668222499147
knit_dir,-0.001052961357908755,0.0015970914483987627,0.0035000193493581917,0.0003377551568483236
pressure,0.0125042853614225,0.016648936801579,0.012849121514668287,0.002700564770882436
E1,0.12831520232963955,0.27168829137704137,0.04378718660148216,0.05166168855668149
r,-0.0028182797638145233,0.0018461651387601144,0.003470889277432036,0.00034146804679480565
nu,0.1305926816463022,0.2839261663288082,0.045728302544566196,0.04824717582256497
