,S1,ST,S1_conf,ST_conf
sf_wale,0.4975337960350212,0.5427652679403198,0.05492552393015088,0.04995903697574398
sf_course,0.0755832876908555,0.118678630981964,0.024902211981047646,0.014154376398072831
knit_dir,0.00038422999280283087,0.0017603368755353544,0.003331194705176437,0.00034848901419047015
pressure,0.09817988983827462,0.11406927927770823,0.027339812451438603,0.010904357216458136
cable_wale_lrest,0.0006740052606144639,0.001230585051265669,0.0031583690577218645,0.0001800874703580162
cable_course_lrest,-0.00045771158247085667,0.0018322576790783208,0.0034600670309360908,0.0003118153357009016
E1,0.1648852294213822,0.18801553493231377,0.039341517442799095,0.017789829835859965
r,0.0011176457521723038,0.00392448599364689,0.004959921252801884,0.0005226286822440845
nu,0.07097260820523223,0.08940824073740652,0.024674383472362005,0.010155649353712453
