,S1,ST,S1_conf,ST_conf
sf_wale,0.38560447400464876,0.6130298208836386,0.0684363966174892,0.08704551375015293
sf_course,0.038622538572911265,0.07904846023148408,0.02339861358077283,0.013664678257696005
knit_dir,-0.0007012865445474374,0.0018311497316320104,0.0030731580818193866,0.0003002357655876534
pressure,0.02196420751248735,0.026908241283440004,0.014826243029048865,0.00395849261948665
E1,0.13170292150739857,0.2804768080874381,0.042184573519851006,0.04439388937924606
r,-0.0032052477745182625,0.001983974770473635,0.003373239672198436,0.0003688635215860694
nu,0.13232220926494845,0.2935978028461301,0.050597018094941555,0.04993426926043107
