,S1,ST,S1_conf,ST_conf
sf_wale,0.41072327845079637,0.6287433153228883,0.07726178623205619,0.09223404161217896
sf_course,0.033596688086794335,0.08681156896140631,0.021082121762264622,0.01660998712331269
knit_dir,0.0021086415350606174,0.004501077059344734,0.0045185302834063286,0.0009569675147318381
pressure,0.00467674649239816,0.014930782693044223,0.011329332454020485,0.0026446424817336465
cable_wale_lrest,0.0014609635239243234,0.004361643186909581,0.005199155207140609,0.0007395262830506463
cable_course_lrest,-0.0002738324766145743,0.002773920067202572,0.004162575808040288,0.0005853295500290492
E1,0.15166338435937307,0.284690167783244,0.04767828745578288,0.055866252905593675
r,0.0005148663059742939,0.002639144687435137,0.00401037542731661,0.000577896723494394
nu,0.13849289950959393,0.2871751221119736,0.046095966483191086,0.048674999471099156
