,S1,ST,S1_conf,ST_conf
sf_wale,0.449054070011626,0.6493839678550165,0.06322359433455603,0.07943470520970561
sf_course,0.014256515063364006,0.042466378706262645,0.018616031057842573,0.007961174104835357
knit_dir,0.0020824711787302505,0.0053808720725485384,0.005187934033115739,0.0009566747175400321
pressure,-0.00032991947721817976,0.010254843871014685,0.008258545560501583,0.0014652893034382598
cable_wale_lrest,0.0021065421001030507,0.004135919722954688,0.005247189713432761,0.0007636875744318908
cable_course_lrest,-0.0006519223392332164,0.0032391847123081434,0.004860213649207298,0.0006360365728309269
E1,0.15003242000727524,0.27598239954614256,0.04538770829912473,0.0456671441158351
r,0.0021119609539455896,0.004080089773934541,0.005661207954827933,0.0009683185677588847
nu,0.1446683478461386,0.2871248591250825,0.04976230691675424,0.040838668519930184
