,S1,ST,S1_conf,ST_conf
sf_wale,0.5085268362355014,0.5546113568371774,0.05922894044489621,0.05223293795799699
sf_course,0.07074092196573409,0.11601601061562763,0.024789621743600915,0.015914947538122903
knit_dir,0.0006786836479785612,0.0011237357392916202,0.003049195432538509,0.00018675435137821775
pressure,0.10163635775459814,0.11484629587603014,0.027495743851673384,0.013371195746492684
E1,0.1806938450536576,0.20121564114351284,0.04018099607275106,0.02060443391755106
r,-0.000382396533906663,0.0038393941618156307,0.004964731112552177,0.000599958559452908
nu,0.07530372820538388,0.09276075141531423,0.025864011509051998,0.010854743081373042
