crown_height,max_stress,mean_stress,boundary_reaction_mean
5.16437722,37755.05159008,20578.22407473,0.00000000
