crown_height,max_stress,mean_stress,boundary_reaction_mean
12.05726831,24159.62182799,10325.82005647,0.00000000
