crown_height,max_stress,mean_stress,boundary_reaction_mean
4.63868735,115803.01877140,18452.80276792,0.00000000
