crown_height,max_stress,mean_stress,boundary_reaction_mean
0.28922382,30291.90121934,24679.48869836,0.00000000
