crown_height,max_stress,mean_stress,boundary_reaction_mean
5.16948674,97575.74115797,18460.16360473,0.00000000
