crown_height,max_stress,mean_stress,boundary_reaction_mean
4.46881820,38588.52374651,22714.42097472,0.00000000
