crown_height,max_stress,mean_stress,boundary_reaction_mean
5.41784480,90228.58687055,18485.50179845,0.00000000
