crown_height,max_stress,mean_stress,boundary_reaction_mean
5.53889180,90040.32292568,18401.12441616,0.00000000
