crown_height,max_stress,mean_stress,boundary_reaction_mean
5.41819324,90215.46286485,18460.97359416,0.00000000
