crown_height,max_stress,mean_stress,boundary_reaction_mean
5.09703715,107799.78470222,18295.96391310,0.00000000
