crown_height,max_stress,mean_stress,boundary_reaction_mean
5.51821727,90011.56492624,18391.35450828,0.00000000
