crown_height,max_stress,mean_stress,boundary_reaction_mean
5.15029705,97534.22796932,18448.62632390,0.00000000
