crown_height,max_stress,mean_stress,boundary_reaction_mean
5.51822488,89997.99581622,18388.96147954,0.00000000
