crown_height,max_stress,mean_stress,boundary_reaction_mean
5.51712132,90026.32625679,18417.35966277,0.00000000
