crown_height,max_stress,mean_stress,boundary_reaction_mean
5.13870830,120147.08655309,18506.24841454,0.00000000
