crown_height,max_stress,mean_stress,boundary_reaction_mean
12.18708216,25283.58116456,9912.68917529,0.00000000
