crown_height,max_stress,mean_stress,boundary_reaction_mean
5.13099368,31091.57452631,20432.37044783,0.00000000
