crown_height,max_stress,mean_stress,boundary_reaction_mean
5.15088534,97550.66033014,18465.08937657,0.00000000
