crown_height,max_stress,mean_stress,boundary_reaction_mean
5.42436687,31078.21537407,20018.84172976,0.00000000
