crown_height,max_stress,mean_stress,boundary_reaction_mean
5.40652448,110943.02001555,18513.64768066,0.00000000
