crown_height,max_stress,mean_stress,boundary_reaction_mean
12.04270829,24022.53602500,10318.57719005,0.00000000
