crown_height,max_stress,mean_stress,boundary_reaction_mean
5.12365312,33970.12818153,20783.50866864,0.00000000
