crown_height,max_stress,mean_stress,boundary_reaction_mean
5.17809363,97545.85469183,18496.95038140,0.00000000
