crown_height,max_stress,mean_stress,boundary_reaction_mean
5.44880385,90209.01429777,18494.80311395,0.00000000
