crown_height,max_stress,mean_stress,boundary_reaction_mean
5.26237324,33338.45275778,20455.94455755,0.00000000
