crown_height,max_stress,mean_stress,boundary_reaction_mean
5.15088534,97550.69078120,18465.08938799,0.00000000
