crown_height,max_stress,mean_stress,boundary_reaction_mean
5.41819323,90215.46325106,18460.97359166,0.00000000
