crown_height,max_stress,mean_stress,boundary_reaction_mean
12.18201069,25255.28703174,9912.68926995,0.00000000
