crown_height,max_stress,mean_stress,boundary_reaction_mean
4.60322507,115851.13220958,18410.64012981,0.00000000
