crown_height,max_stress,mean_stress,boundary_reaction_mean
4.63868734,115803.04514203,18452.80276739,0.00000000
