crown_height,max_stress,mean_stress,boundary_reaction_mean
5.83729997,394526.15635009,19766.85075078,0.00000000
