crown_height,max_stress,mean_stress,boundary_reaction_mean
5.19810180,33130.52554141,20558.48182466,0.00000000
