crown_height,max_stress,mean_stress,boundary_reaction_mean
5.62264150,133060.93108142,19963.61475335,0.00000000
