crown_height,max_stress,mean_stress,boundary_reaction_mean
5.44880387,90209.04609411,18494.80314883,0.00000000
