crown_height,max_stress,mean_stress,boundary_reaction_mean
5.25342213,33371.01074262,20464.47730436,0.00000000
