crown_height,max_stress,mean_stress,boundary_reaction_mean
5.40211540,31015.45854805,19988.16218206,0.00000000
