crown_height,max_stress,mean_stress,boundary_reaction_mean
5.41895375,90217.43097387,18473.62237623,0.00000000
