crown_height,max_stress,mean_stress,boundary_reaction_mean
5.52418693,83525.04380918,19923.61491777,0.00000000
