crown_height,max_stress,mean_stress,boundary_reaction_mean
5.63740042,166732.91878887,20055.22928730,0.00000000
