crown_height,max_stress,mean_stress,boundary_reaction_mean
5.41771800,31107.11193567,20022.94566035,0.00000000
