crown_height,max_stress,mean_stress,boundary_reaction_mean
5.41203829,90255.22512624,18481.31391727,0.00000000
