crown_height,max_stress,mean_stress,boundary_reaction_mean
4.60973478,115807.04914592,18405.84743848,0.00000000
