crown_height,max_stress,mean_stress,boundary_reaction_mean
5.41784480,90228.58699409,18485.50179828,0.00000000
