crown_height,max_stress,mean_stress,boundary_reaction_mean
5.81985078,394431.48351541,19751.65619024,0.00000000
