crown_height,max_stress,mean_stress,boundary_reaction_mean
5.10394685,107760.44945592,18292.68381443,0.00000000
