crown_height,max_stress,mean_stress,boundary_reaction_mean
4.59883072,143239.37766030,18460.68578536,0.00000000
