crown_height,max_stress,mean_stress,boundary_reaction_mean
5.53889181,90040.32292563,18401.12441879,0.00000000
