crown_height,max_stress,mean_stress,boundary_reaction_mean
5.52418691,83525.06763289,19923.61500184,0.00000000
