crown_height,max_stress,mean_stress,boundary_reaction_mean
4.63868734,115803.05389241,18452.80276736,0.00000000
