crown_height,max_stress,mean_stress,boundary_reaction_mean
5.40652446,110943.06161836,18513.64780732,0.00000000
