crown_height,max_stress,mean_stress,boundary_reaction_mean
5.16437722,37755.04424204,20578.22408988,0.00000000
