crown_height,max_stress,mean_stress,boundary_reaction_mean
4.59883074,143239.36749581,18460.68563104,0.00000000
