crown_height,max_stress,mean_stress,boundary_reaction_mean
5.17809364,97545.82088862,18496.95038147,0.00000000
