crown_height,max_stress,mean_stress,boundary_reaction_mean
5.41824072,90201.83186420,18458.58078199,0.00000000
