crown_height,max_stress,mean_stress,boundary_reaction_mean
5.82111630,394478.86295800,19753.70420147,0.00000000
