crown_height,max_stress,mean_stress,boundary_reaction_mean
5.13099369,31091.56694726,20432.37044248,0.00000000
