crown_height,max_stress,mean_stress,boundary_reaction_mean
5.08363732,38672.37385586,20796.05034602,0.00000000
