crown_height,max_stress,mean_stress,boundary_reaction_mean
5.30884651,34698.66385915,20306.42026118,0.00000000
