crown_height,max_stress,mean_stress,boundary_reaction_mean
5.64857401,132999.45560086,19985.84996217,0.00000000
