crown_height,max_stress,mean_stress,boundary_reaction_mean
5.09182379,133800.67353638,18338.48362985,0.00000000
