crown_height,max_stress,mean_stress,boundary_reaction_mean
5.43848929,90244.42026444,18470.50977628,0.00000000
