crown_height,max_stress,mean_stress,boundary_reaction_mean
5.54219567,414847.65933119,21182.02375015,0.00000000
