crown_height,max_stress,mean_stress,boundary_reaction_mean
5.43848929,90244.42034554,18470.50977280,0.00000000
