crown_height,max_stress,mean_stress,boundary_reaction_mean
4.60973478,115807.05749655,18405.84743854,0.00000000
