crown_height,max_stress,mean_stress,boundary_reaction_mean
12.18590716,25273.18132701,9912.58405829,0.00000000
