crown_height,max_stress,mean_stress,boundary_reaction_mean
4.63868734,115803.04415487,18452.80276738,0.00000000
