crown_height,max_stress,mean_stress,boundary_reaction_mean
5.31007721,34699.71224624,20310.00179281,0.00000000
