crown_height,max_stress,mean_stress,boundary_reaction_mean
5.80102425,579963.81095178,19948.23095517,0.00000000
