crown_height,max_stress,mean_stress,boundary_reaction_mean
5.83729993,394530.22939558,19766.85073256,0.00000000
