crown_height,max_stress,mean_stress,boundary_reaction_mean
5.12483005,32842.33463573,20461.74286426,0.00000000
