crown_height,max_stress,mean_stress,boundary_reaction_mean
5.26634003,33001.67389976,20089.18552374,0.00000000
