crown_height,max_stress,mean_stress,boundary_reaction_mean
5.16948674,97575.71012333,18460.16361296,0.00000000
