crown_height,max_stress,mean_stress,boundary_reaction_mean
5.74804373,394560.62896541,19696.88942463,0.00000000
