crown_height,max_stress,mean_stress,boundary_reaction_mean
5.50646051,110895.63732908,18443.81163590,0.00000000
