crown_height,max_stress,mean_stress,boundary_reaction_mean
4.60935225,115789.31426717,18395.10505051,0.00000000
