crown_height,max_stress,mean_stress,boundary_reaction_mean
5.41895375,90217.46419531,18473.62237472,0.00000000
