crown_height,max_stress,mean_stress,boundary_reaction_mean
4.62878429,115827.16416944,18403.96535443,0.00000000
