crown_height,max_stress,mean_stress,boundary_reaction_mean
5.29501699,39919.93986776,20345.00606678,0.00000000
