crown_height,max_stress,mean_stress,boundary_reaction_mean
5.44880385,90209.01486375,18494.80311386,0.00000000
