crown_height,max_stress,mean_stress,boundary_reaction_mean
5.82050675,469827.56423528,19717.06490282,0.00000000
