crown_height,max_stress,mean_stress,boundary_reaction_mean
5.10347238,107742.06835743,18277.79354932,0.00000000
