crown_height,max_stress,mean_stress,boundary_reaction_mean
5.10336545,107757.81654921,18280.14966204,0.00000000
