crown_height,max_stress,mean_stress,boundary_reaction_mean
5.40652448,110943.02066025,18513.64768115,0.00000000
