crown_height,max_stress,mean_stress,boundary_reaction_mean
5.19810180,33130.51376992,20558.48182477,0.00000000
