crown_height,max_stress,mean_stress,boundary_reaction_mean
5.51821728,90011.53123809,18391.35451371,0.00000000
