crown_height,max_stress,mean_stress,boundary_reaction_mean
5.51821728,90011.56492610,18391.35451519,0.00000000
