crown_height,max_stress,mean_stress,boundary_reaction_mean
5.38605586,35450.82239616,20027.29506953,0.00000000
