crown_height,max_stress,mean_stress,boundary_reaction_mean
5.64857399,132999.40809907,19985.84995692,0.00000000
