crown_height,max_stress,mean_stress,boundary_reaction_mean
5.41784480,90228.61966232,18485.50181156,0.00000000
