crown_height,max_stress,mean_stress,boundary_reaction_mean
5.54213748,69801.96069741,19875.98995477,0.00000000
