crown_height,max_stress,mean_stress,boundary_reaction_mean
5.13870828,120147.11905901,18506.24854806,0.00000000
