crown_height,max_stress,mean_stress,boundary_reaction_mean
5.13870830,120147.08669020,18506.24841421,0.00000000
