crown_height,max_stress,mean_stress,boundary_reaction_mean
5.53889181,90040.28903229,18401.12442743,0.00000000
