crown_height,max_stress,mean_stress,boundary_reaction_mean
5.09703715,107799.74877855,18295.96389759,0.00000000
