crown_height,max_stress,mean_stress,boundary_reaction_mean
5.49324431,71822.14633322,19937.67132422,0.00000000
