crown_height,max_stress,mean_stress,boundary_reaction_mean
5.17809362,97545.85515526,18496.95038041,0.00000000
