crown_height,max_stress,mean_stress,boundary_reaction_mean
5.15088534,97550.66092645,18465.08937622,0.00000000
