crown_height,max_stress,mean_stress,boundary_reaction_mean
5.15076125,97550.99164437,18463.45314036,0.00000000
