crown_height,max_stress,mean_stress,boundary_reaction_mean
5.09182378,133800.67357050,18338.48362918,0.00000000
