crown_height,max_stress,mean_stress,boundary_reaction_mean
5.19620746,33130.30328426,20560.51044775,0.00000000
