crown_height,max_stress,mean_stress,boundary_reaction_mean
5.51217759,90051.29482807,18411.39401999,0.00000000
