crown_height,max_stress,mean_stress,boundary_reaction_mean
5.16948674,97575.74474072,18460.16360402,0.00000000
