crown_height,max_stress,mean_stress,boundary_reaction_mean
5.10573200,33980.06282814,20803.04428693,0.00000000
