crown_height,max_stress,mean_stress,boundary_reaction_mean
5.13870828,120147.12342604,18506.24854810,0.00000000
