crown_height,max_stress,mean_stress,boundary_reaction_mean
4.60926917,115805.10083021,18396.69601962,0.00000000
