crown_height,max_stress,mean_stress,boundary_reaction_mean
12.15708123,25009.38084140,9904.68707447,0.00000000
