crown_height,max_stress,mean_stress,boundary_reaction_mean
4.59883072,143239.38884050,18460.68578884,0.00000000
