crown_height,max_stress,mean_stress,boundary_reaction_mean
5.51315045,60486.57790870,19897.26178020,0.00000000
