crown_height,max_stress,mean_stress,boundary_reaction_mean
5.16927242,33115.34451671,20565.91193472,0.00000000
