crown_height,max_stress,mean_stress,boundary_reaction_mean
5.51110527,60482.98903226,19892.11432899,0.00000000
