crown_height,max_stress,mean_stress,boundary_reaction_mean
5.15019363,97548.92026468,18450.99828464,0.00000000
