crown_height,max_stress,mean_stress,boundary_reaction_mean
5.17809362,97545.85287863,18496.95038040,0.00000000
