crown_height,max_stress,mean_stress,boundary_reaction_mean
5.56218362,301540.22285770,21060.64594764,0.00000000
