crown_height,max_stress,mean_stress,boundary_reaction_mean
5.31881318,34828.39084472,20299.73428768,0.00000000
