crown_height,max_stress,mean_stress,boundary_reaction_mean
5.51914190,90013.63315508,18404.10543774,0.00000000
