crown_height,max_stress,mean_stress,boundary_reaction_mean
5.54010195,69811.82234353,19877.30213171,0.00000000
