crown_height,max_stress,mean_stress,boundary_reaction_mean
12.04270820,24022.53348309,10318.57718991,0.00000000
