crown_height,max_stress,mean_stress,boundary_reaction_mean
5.10394685,107760.44676354,18292.68381412,0.00000000
