crown_height,max_stress,mean_stress,boundary_reaction_mean
4.60322507,115851.14055651,18410.64012933,0.00000000
