crown_height,max_stress,mean_stress,boundary_reaction_mean
4.60322506,115851.10406100,18410.64011581,0.00000000
