crown_height,max_stress,mean_stress,boundary_reaction_mean
5.15076125,97550.98983090,18463.45314033,0.00000000
