crown_height,max_stress,mean_stress,boundary_reaction_mean
5.29900869,34728.48775241,20333.50111724,0.00000000
