crown_height,max_stress,mean_stress,boundary_reaction_mean
5.51712132,90026.35996334,18417.35966663,0.00000000
