crown_height,max_stress,mean_stress,boundary_reaction_mean
5.50646054,110895.59439190,18443.81151448,0.00000000
