crown_height,max_stress,mean_stress,boundary_reaction_mean
5.49870822,60530.71382364,19912.31635939,0.00000000
