crown_height,max_stress,mean_stress,boundary_reaction_mean
5.16948674,97575.71107271,18460.16361166,0.00000000
