crown_height,max_stress,mean_stress,boundary_reaction_mean
5.25277861,33367.42587942,20483.94831131,0.00000000
