crown_height,max_stress,mean_stress,boundary_reaction_mean
5.41203828,90255.22529142,18481.31391330,0.00000000
