crown_height,max_stress,mean_stress,boundary_reaction_mean
5.15076125,97550.95769226,18463.45314026,0.00000000
