crown_height,max_stress,mean_stress,boundary_reaction_mean
5.64267347,132997.97498996,19973.86992524,0.00000000
