crown_height,max_stress,mean_stress,boundary_reaction_mean
5.50646052,110895.63732895,18443.81164220,0.00000000
