crown_height,max_stress,mean_stress,boundary_reaction_mean
12.17925051,25259.90194786,9912.74772999,0.00000000
