crown_height,max_stress,mean_stress,boundary_reaction_mean
4.60322507,115851.13319806,18410.64013062,0.00000000
