crown_height,max_stress,mean_stress,boundary_reaction_mean
5.51217759,90051.26104946,18411.39400302,0.00000000
