crown_height,max_stress,mean_stress,boundary_reaction_mean
5.09703715,107799.78536601,18295.96391270,0.00000000
