crown_height,max_stress,mean_stress,boundary_reaction_mean
5.40141020,31017.15945292,19988.06817531,0.00000000
