crown_height,max_stress,mean_stress,boundary_reaction_mean
5.09703715,107799.78431949,18295.96391440,0.00000000
