crown_height,max_stress,mean_stress,boundary_reaction_mean
5.15088534,97550.65997824,18465.08937661,0.00000000
