crown_height,max_stress,mean_stress,boundary_reaction_mean
5.17809364,97545.82112706,18496.95038143,0.00000000
