crown_height,max_stress,mean_stress,boundary_reaction_mean
5.11864406,35298.89358251,20474.33341519,0.00000000
