crown_height,max_stress,mean_stress,boundary_reaction_mean
5.30660481,34698.07103139,20308.75253890,0.00000000
