crown_height,max_stress,mean_stress,boundary_reaction_mean
5.26467644,33004.43989154,20090.45053618,0.00000000
