crown_height,max_stress,mean_stress,boundary_reaction_mean
5.40652446,110943.05964864,18513.64780697,0.00000000
