crown_height,max_stress,mean_stress,boundary_reaction_mean
5.13870828,120147.12399427,18506.24854924,0.00000000
