crown_height,max_stress,mean_stress,boundary_reaction_mean
5.09182378,133800.67212118,18338.48362837,0.00000000
