crown_height,max_stress,mean_stress,boundary_reaction_mean
5.19895225,33185.46506432,20577.37169884,0.00000000
