crown_height,max_stress,mean_stress,boundary_reaction_mean
5.12244798,107781.40288388,18289.53316327,0.00000000
