crown_height,max_stress,mean_stress,boundary_reaction_mean
4.45672671,43568.06166153,22764.21191294,0.00000000
