crown_height,max_stress,mean_stress,boundary_reaction_mean
5.54010195,69811.80763405,19877.30213222,0.00000000
