crown_height,max_stress,mean_stress,boundary_reaction_mean
5.13447310,31081.06665137,20430.98356161,0.00000000
