crown_height,max_stress,mean_stress,boundary_reaction_mean
5.10336545,107757.81436825,18280.14966086,0.00000000
