crown_height,max_stress,mean_stress,boundary_reaction_mean
5.54153500,69811.68381590,19875.83704957,0.00000000
