crown_height,max_stress,mean_stress,boundary_reaction_mean
5.10394685,107760.44894510,18292.68381387,0.00000000
