crown_height,max_stress,mean_stress,boundary_reaction_mean
4.62878429,115827.16355206,18403.96535441,0.00000000
