crown_height,max_stress,mean_stress,boundary_reaction_mean
5.12910746,33987.93276458,20794.65944379,0.00000000
