crown_height,max_stress,mean_stress,boundary_reaction_mean
5.66256154,133011.10105778,20011.99557661,0.00000000
