crown_height,max_stress,mean_stress,boundary_reaction_mean
5.51050947,60491.44225346,19891.96352864,0.00000000
