crown_height,max_stress,mean_stress,boundary_reaction_mean
5.25277861,33367.43610719,20483.94831738,0.00000000
