crown_height,max_stress,mean_stress,boundary_reaction_mean
5.56218362,301540.02059453,21060.64594769,0.00000000
