crown_height,max_stress,mean_stress,boundary_reaction_mean
5.10573200,33980.07453657,20803.04429313,0.00000000
