crown_height,max_stress,mean_stress,boundary_reaction_mean
5.81985083,394431.50429175,19751.65619043,0.00000000
