crown_height,max_stress,mean_stress,boundary_reaction_mean
5.10394685,107760.47880899,18292.68381489,0.00000000
