crown_height,max_stress,mean_stress,boundary_reaction_mean
5.41819323,90215.49581155,18460.97359003,0.00000000
