crown_height,max_stress,mean_stress,boundary_reaction_mean
5.26020758,33338.19339054,20458.14373516,0.00000000
