crown_height,max_stress,mean_stress,boundary_reaction_mean
5.52957952,69854.68153222,19893.64683088,0.00000000
