crown_height,max_stress,mean_stress,boundary_reaction_mean
5.24994129,37853.71594867,20132.01867982,0.00000000
