crown_height,max_stress,mean_stress,boundary_reaction_mean
5.09703715,107799.74734260,18295.96389845,0.00000000
