crown_height,max_stress,mean_stress,boundary_reaction_mean
12.15595132,25005.11722293,9904.69484638,0.00000000
