crown_height,max_stress,mean_stress,boundary_reaction_mean
5.19895225,33185.47698624,20577.37169334,0.00000000
