crown_height,max_stress,mean_stress,boundary_reaction_mean
4.45672670,43568.06419375,22764.21189802,0.00000000
