crown_height,max_stress,mean_stress,boundary_reaction_mean
12.18010286,25261.20970246,9912.59927551,0.00000000
