crown_height,max_stress,mean_stress,boundary_reaction_mean
5.52011965,60542.92575919,19894.45710226,0.00000000
