crown_height,max_stress,mean_stress,boundary_reaction_mean
5.30660481,34698.06637146,20308.75253789,0.00000000
