crown_height,max_stress,mean_stress,boundary_reaction_mean
5.26211844,33014.10644039,20090.16701771,0.00000000
