crown_height,max_stress,mean_stress,boundary_reaction_mean
5.26467644,33004.43890716,20090.45053672,0.00000000
