crown_height,max_stress,mean_stress,boundary_reaction_mean
5.54153500,69811.69852239,19875.83704970,0.00000000
