crown_height,max_stress,mean_stress,boundary_reaction_mean
5.30968054,34696.59804641,20306.39152113,0.00000000
