crown_height,max_stress,mean_stress,boundary_reaction_mean
5.43848929,90244.38693515,18470.50978169,0.00000000
