crown_height,max_stress,mean_stress,boundary_reaction_mean
5.09182378,133800.67542889,18338.48362994,0.00000000
