crown_height,max_stress,mean_stress,boundary_reaction_mean
5.19620746,33130.29152871,20560.51044691,0.00000000
