crown_height,max_stress,mean_stress,boundary_reaction_mean
5.09182376,133800.70652492,18338.48377772,0.00000000
