crown_height,max_stress,mean_stress,boundary_reaction_mean
5.49870823,60530.73246243,19912.31637279,0.00000000
