crown_height,max_stress,mean_stress,boundary_reaction_mean
12.18392093,25248.03697345,9912.60679786,0.00000000
