crown_height,max_stress,mean_stress,boundary_reaction_mean
5.31007721,34699.71691170,20310.00178996,0.00000000
