crown_height,max_stress,mean_stress,boundary_reaction_mean
4.59883074,143239.36466598,18460.68563099,0.00000000
