crown_height,max_stress,mean_stress,boundary_reaction_mean
4.62878430,115827.19956525,18403.96534622,0.00000000
