crown_height,max_stress,mean_stress,boundary_reaction_mean
4.60973479,115807.02370726,18405.84743846,0.00000000
