crown_height,max_stress,mean_stress,boundary_reaction_mean
5.49324432,71822.11755691,19937.67125107,0.00000000
