crown_height,max_stress,mean_stress,boundary_reaction_mean
5.19886145,33128.58572121,20558.48863603,0.00000000
