crown_height,max_stress,mean_stress,boundary_reaction_mean
4.47031375,38584.83106759,22712.61587475,0.00000000
