crown_height,max_stress,mean_stress,boundary_reaction_mean
5.16927242,33115.33287967,20565.91192890,0.00000000
