crown_height,max_stress,mean_stress,boundary_reaction_mean
5.10394685,107760.48483734,18292.68381561,0.00000000
