crown_height,max_stress,mean_stress,boundary_reaction_mean
5.56172647,301524.39353766,21058.55490107,0.00000000
