crown_height,max_stress,mean_stress,boundary_reaction_mean
5.24865125,38146.33793979,20495.11688837,0.00000000
