crown_height,max_stress,mean_stress,boundary_reaction_mean
5.54483750,69808.21224903,19880.92389196,0.00000000
