crown_height,max_stress,mean_stress,boundary_reaction_mean
5.66256156,133011.14844372,20011.99560457,0.00000000
