crown_height,max_stress,mean_stress,boundary_reaction_mean
5.42436687,31078.20327964,20018.84172893,0.00000000
