crown_height,max_stress,mean_stress,boundary_reaction_mean
5.15076125,97550.95804440,18463.45314022,0.00000000
