crown_height,max_stress,mean_stress,boundary_reaction_mean
5.50646053,110895.59439200,18443.81150979,0.00000000
