crown_height,max_stress,mean_stress,boundary_reaction_mean
4.59883074,143239.37081393,18460.68563300,0.00000000
