crown_height,max_stress,mean_stress,boundary_reaction_mean
5.54693758,301544.56512134,21049.08533861,0.00000000
