crown_height,max_stress,mean_stress,boundary_reaction_mean
5.13031006,33992.45236168,20791.54368691,0.00000000
