crown_height,max_stress,mean_stress,boundary_reaction_mean
5.17809364,97545.82077523,18496.95038199,0.00000000
