crown_height,max_stress,mean_stress,boundary_reaction_mean
5.26580954,33004.55508451,20089.08053424,0.00000000
