crown_height,max_stress,mean_stress,boundary_reaction_mean
4.59883072,143239.37655742,18460.68578618,0.00000000
