crown_height,max_stress,mean_stress,boundary_reaction_mean
5.40652446,110943.06149634,18513.64780725,0.00000000
