crown_height,max_stress,mean_stress,boundary_reaction_mean
12.15728224,25010.96863850,9904.83030371,0.00000000
