crown_height,max_stress,mean_stress,boundary_reaction_mean
5.51712131,90026.35996346,18417.35966054,0.00000000
