crown_height,max_stress,mean_stress,boundary_reaction_mean
5.13447310,31081.05910832,20430.98356171,0.00000000
