crown_height,max_stress,mean_stress,boundary_reaction_mean
5.41819323,90215.49450708,18460.97359002,0.00000000
