crown_height,max_stress,mean_stress,boundary_reaction_mean
5.14390355,97589.66648635,18469.94310709,0.00000000
