crown_height,max_stress,mean_stress,boundary_reaction_mean
5.14390356,97589.63337075,18469.94309369,0.00000000
