crown_height,max_stress,mean_stress,boundary_reaction_mean
12.08457063,23997.85349934,10317.40789612,0.00000000
