crown_height,max_stress,mean_stress,boundary_reaction_mean
5.38605586,35450.83079845,20027.29505366,0.00000000
