crown_height,max_stress,mean_stress,boundary_reaction_mean
5.13499223,31078.95690736,20431.07667939,0.00000000
