crown_height,max_stress,mean_stress,boundary_reaction_mean
5.41895375,90217.46411347,18473.62237628,0.00000000
