crown_height,max_stress,mean_stress,boundary_reaction_mean
5.51712132,90026.32625680,18417.35966233,0.00000000
