crown_height,max_stress,mean_stress,boundary_reaction_mean
5.83032157,394464.56413538,19704.95925532,0.00000000
