crown_height,max_stress,mean_stress,boundary_reaction_mean
5.09703715,107799.74827315,18295.96390038,0.00000000
