crown_height,max_stress,mean_stress,boundary_reaction_mean
5.24865125,38146.34374322,20495.11687110,0.00000000
