crown_height,max_stress,mean_stress,boundary_reaction_mean
5.15019363,97548.92207818,18450.99828367,0.00000000
