crown_height,max_stress,mean_stress,boundary_reaction_mean
5.15088534,97550.69208835,18465.08938768,0.00000000
