crown_height,max_stress,mean_stress,boundary_reaction_mean
5.43848929,90244.42042948,18470.50977549,0.00000000
