crown_height,max_stress,mean_stress,boundary_reaction_mean
5.54439705,90003.13552752,18416.39577393,0.00000000
