crown_height,max_stress,mean_stress,boundary_reaction_mean
5.15076126,97550.98852324,18463.45314160,0.00000000
