crown_height,max_stress,mean_stress,boundary_reaction_mean
5.40141020,31017.17131733,19988.06817520,0.00000000
