crown_height,max_stress,mean_stress,boundary_reaction_mean
5.64267348,132997.92752793,19973.86994531,0.00000000
