crown_height,max_stress,mean_stress,boundary_reaction_mean
5.83032157,394468.63028886,19704.95925221,0.00000000
