crown_height,max_stress,mean_stress,boundary_reaction_mean
4.60322507,115851.14194367,18410.64012929,0.00000000
