crown_height,max_stress,mean_stress,boundary_reaction_mean
5.13227827,107753.67551709,18326.10589531,0.00000000
