crown_height,max_stress,mean_stress,boundary_reaction_mean
5.51315044,60486.59648463,19897.26178759,0.00000000
