crown_height,max_stress,mean_stress,boundary_reaction_mean
4.63868735,115803.01629637,18452.80276778,0.00000000
