crown_height,max_stress,mean_stress,boundary_reaction_mean
5.13870830,120147.08800092,18506.24841482,0.00000000
