crown_height,max_stress,mean_stress,boundary_reaction_mean
5.54483748,69808.22687056,19880.92389907,0.00000000
