crown_height,max_stress,mean_stress,boundary_reaction_mean
5.10336545,107757.81706047,18280.14966162,0.00000000
