crown_height,max_stress,mean_stress,boundary_reaction_mean
5.82111635,394474.79618506,19753.70420662,0.00000000
