crown_height,max_stress,mean_stress,boundary_reaction_mean
4.63868735,115803.01815117,18452.80276775,0.00000000
