crown_height,max_stress,mean_stress,boundary_reaction_mean
4.46152577,38622.50303346,22748.08687729,0.00000000
