crown_height,max_stress,mean_stress,boundary_reaction_mean
5.12365312,33970.11644762,20783.50866875,0.00000000
