crown_height,max_stress,mean_stress,boundary_reaction_mean
5.41203829,90255.22382126,18481.31391732,0.00000000
