crown_height,max_stress,mean_stress,boundary_reaction_mean
4.60973478,115807.05888428,18405.84743849,0.00000000
