crown_height,max_stress,mean_stress,boundary_reaction_mean
12.04270829,24022.53602496,10318.57719001,0.00000000
