crown_height,max_stress,mean_stress,boundary_reaction_mean
5.41203829,90255.19190845,18481.31390115,0.00000000
