crown_height,max_stress,mean_stress,boundary_reaction_mean
5.43848928,90244.38750182,18470.50978074,0.00000000
