crown_height,max_stress,mean_stress,boundary_reaction_mean
5.63740037,166732.83871598,20055.22938179,0.00000000
