crown_height,max_stress,mean_stress,boundary_reaction_mean
5.16948674,97575.74427820,18460.16360431,0.00000000
