crown_height,max_stress,mean_stress,boundary_reaction_mean
4.46980571,38588.58514639,22712.66726294,0.00000000
