crown_height,max_stress,mean_stress,boundary_reaction_mean
5.82050672,469827.52588127,19717.06269072,0.00000000
