crown_height,max_stress,mean_stress,boundary_reaction_mean
5.44880387,90209.04756411,18494.80314903,0.00000000
