crown_height,max_stress,mean_stress,boundary_reaction_mean
12.18544020,25253.40636938,9912.52055340,0.00000000
