crown_height,max_stress,mean_stress,boundary_reaction_mean
4.46152577,38622.51116282,22748.08688373,0.00000000
