crown_height,max_stress,mean_stress,boundary_reaction_mean
5.11576214,33947.68064883,20773.36496528,0.00000000
