crown_height,max_stress,mean_stress,boundary_reaction_mean
5.62264150,133060.88386699,19963.61475603,0.00000000
