crown_height,max_stress,mean_stress,boundary_reaction_mean
5.13227826,107753.71265855,18326.10589244,0.00000000
