crown_height,max_stress,mean_stress,boundary_reaction_mean
5.13031005,33992.46420462,20791.54369047,0.00000000
