crown_height,max_stress,mean_stress,boundary_reaction_mean
5.26237324,33338.44258536,20455.94455767,0.00000000
