crown_height,max_stress,mean_stress,boundary_reaction_mean
5.41203829,90255.19235300,18481.31389749,0.00000000
