crown_height,max_stress,mean_stress,boundary_reaction_mean
5.39135671,31057.57828086,20016.01881772,0.00000000
