crown_height,max_stress,mean_stress,boundary_reaction_mean
5.39135671,31057.58465945,20016.01881270,0.00000000
