crown_height,max_stress,mean_stress,boundary_reaction_mean
5.08363731,38672.38078126,20796.05033115,0.00000000
