crown_height,max_stress,mean_stress,boundary_reaction_mean
5.41895376,90217.43115391,18473.62237831,0.00000000
