crown_height,max_stress,mean_stress,boundary_reaction_mean
5.25572460,33036.77365281,20118.38948115,0.00000000
