crown_height,max_stress,mean_stress,boundary_reaction_mean
5.81984227,394431.46930782,19751.68179739,0.00000000
