crown_height,max_stress,mean_stress,boundary_reaction_mean
5.15019363,97548.92254160,18450.99828333,0.00000000
