crown_height,max_stress,mean_stress,boundary_reaction_mean
5.14390356,97589.63242195,18469.94309224,0.00000000
