crown_height,max_stress,mean_stress,boundary_reaction_mean
5.25342213,33371.00051567,20464.47731001,0.00000000
