crown_height,max_stress,mean_stress,boundary_reaction_mean
5.41203829,90255.19208897,18481.31389736,0.00000000
