crown_height,max_stress,mean_stress,boundary_reaction_mean
5.51217760,90051.29482797,18411.39402445,0.00000000
