crown_height,max_stress,mean_stress,boundary_reaction_mean
5.41895375,90217.43154015,18473.62237452,0.00000000
