crown_height,max_stress,mean_stress,boundary_reaction_mean
5.09182376,133800.69834095,18338.48377512,0.00000000
