crown_height,max_stress,mean_stress,boundary_reaction_mean
12.04270829,24022.53602515,10318.57719017,0.00000000
