crown_height,max_stress,mean_stress,boundary_reaction_mean
5.51914190,90013.66685684,18404.10543806,0.00000000
