crown_height,max_stress,mean_stress,boundary_reaction_mean
5.29501699,39919.93912160,20345.00604428,0.00000000
