crown_height,max_stress,mean_stress,boundary_reaction_mean
5.44880385,90209.01447781,18494.80311407,0.00000000
