crown_height,max_stress,mean_stress,boundary_reaction_mean
5.14390356,97589.63277616,18469.94309288,0.00000000
