crown_height,max_stress,mean_stress,boundary_reaction_mean
5.09703715,107799.77829089,18295.96391306,0.00000000
