crown_height,max_stress,mean_stress,boundary_reaction_mean
5.12910746,33987.92096895,20794.65944285,0.00000000
