crown_height,max_stress,mean_stress,boundary_reaction_mean
5.26020758,33338.20354712,20458.14373612,0.00000000
