crown_height,max_stress,mean_stress,boundary_reaction_mean
5.53889180,90040.28903236,18401.12442382,0.00000000
