crown_height,max_stress,mean_stress,boundary_reaction_mean
5.63602733,132989.77974528,19971.08076381,0.00000000
