crown_height,max_stress,mean_stress,boundary_reaction_mean
4.60322506,115851.10653550,18410.64011777,0.00000000
