crown_height,max_stress,mean_stress,boundary_reaction_mean
12.17546951,25022.93201462,9910.22757694,0.00000000
