crown_height,max_stress,mean_stress,boundary_reaction_mean
5.40652449,110943.02019302,18513.64768355,0.00000000
