crown_height,max_stress,mean_stress,boundary_reaction_mean
5.15076126,97550.95780614,18463.45314069,0.00000000
