crown_height,max_stress,mean_stress,boundary_reaction_mean
5.10394685,107760.48588565,18292.68381408,0.00000000
