crown_height,max_stress,mean_stress,boundary_reaction_mean
4.60926916,115805.12970752,18396.69601979,0.00000000
