crown_height,max_stress,mean_stress,boundary_reaction_mean
5.26319466,33336.45960875,20455.93587500,0.00000000
