crown_height,max_stress,mean_stress,boundary_reaction_mean
5.51914191,90013.63315502,18404.10544040,0.00000000
