crown_height,max_stress,mean_stress,boundary_reaction_mean
5.51914191,90013.66685678,18404.10544066,0.00000000
