crown_height,max_stress,mean_stress,boundary_reaction_mean
4.60926916,115805.13845873,18396.69601981,0.00000000
