crown_height,max_stress,mean_stress,boundary_reaction_mean
5.80102403,579969.33500289,19948.23435729,0.00000000
