crown_height,max_stress,mean_stress,boundary_reaction_mean
5.41771800,31107.12408077,20022.94565505,0.00000000
