crown_height,max_stress,mean_stress,boundary_reaction_mean
5.64346276,132990.53881735,19981.97262674,0.00000000
