crown_height,max_stress,mean_stress,boundary_reaction_mean
5.11864406,35298.88941931,20474.33343395,0.00000000
