crown_height,max_stress,mean_stress,boundary_reaction_mean
5.26211843,33014.10744668,20090.16702255,0.00000000
