crown_height,max_stress,mean_stress,boundary_reaction_mean
5.15019363,97548.88814151,18450.99828339,0.00000000
