crown_height,max_stress,mean_stress,boundary_reaction_mean
5.25572460,33036.77460558,20118.38947622,0.00000000
