crown_height,max_stress,mean_stress,boundary_reaction_mean
5.44880385,90209.01473950,18494.80311383,0.00000000
