crown_height,max_stress,mean_stress,boundary_reaction_mean
5.17948883,33082.44438660,20536.38311142,0.00000000
