crown_height,max_stress,mean_stress,boundary_reaction_mean
5.24994129,37853.71031842,20132.01865225,0.00000000
