crown_height,max_stress,mean_stress,boundary_reaction_mean
5.10394685,107760.44802190,18292.68381391,0.00000000
