crown_height,max_stress,mean_stress,boundary_reaction_mean
4.60926917,115805.10043835,18396.69601960,0.00000000
