crown_height,max_stress,mean_stress,boundary_reaction_mean
5.41203829,90255.19247576,18481.31389719,0.00000000
