crown_height,max_stress,mean_stress,boundary_reaction_mean
5.15088534,97550.69390359,18465.08938952,0.00000000
