crown_height,max_stress,mean_stress,boundary_reaction_mean
5.31881318,34828.39590837,20299.73428192,0.00000000
