crown_height,max_stress,mean_stress,boundary_reaction_mean
5.52011964,60542.94444280,19894.45710377,0.00000000
