crown_height,max_stress,mean_stress,boundary_reaction_mean
5.30884651,34698.66851828,20306.42026104,0.00000000
