crown_height,max_stress,mean_stress,boundary_reaction_mean
5.17809363,97545.85157113,18496.95038189,0.00000000
