crown_height,max_stress,mean_stress,boundary_reaction_mean
5.74804369,394556.56117115,19696.88942639,0.00000000
