crown_height,max_stress,mean_stress,boundary_reaction_mean
4.60926917,115805.10330516,18396.69601961,0.00000000
