crown_height,max_stress,mean_stress,boundary_reaction_mean
5.63554344,133005.87581738,19972.17731688,0.00000000
