crown_height,max_stress,mean_stress,boundary_reaction_mean
12.18400709,25272.82606105,9912.65099587,0.00000000
