crown_height,max_stress,mean_stress,boundary_reaction_mean
5.10336545,107757.85280040,18280.14966090,0.00000000
