crown_height,max_stress,mean_stress,boundary_reaction_mean
5.54439706,90003.16919606,18416.39579654,0.00000000
