crown_height,max_stress,mean_stress,boundary_reaction_mean
4.68929957,39261.82614321,22880.43776777,0.00000000
