crown_height,max_stress,mean_stress,boundary_reaction_mean
5.63554344,133005.92324282,19972.17731695,0.00000000
