crown_height,max_stress,mean_stress,boundary_reaction_mean
5.26319466,33336.45960905,20455.93587501,0.00000000
