crown_height,max_stress,mean_stress,boundary_reaction_mean
5.13870828,120147.12075023,18506.24854713,0.00000000
