crown_height,max_stress,mean_stress,boundary_reaction_mean
4.60322506,115851.10592606,18410.64011688,0.00000000
