crown_height,max_stress,mean_stress,boundary_reaction_mean
5.16948674,97575.71023968,18460.16361281,0.00000000
