crown_height,max_stress,mean_stress,boundary_reaction_mean
5.54219577,414848.30782676,21182.02359563,0.00000000
