crown_height,max_stress,mean_stress,boundary_reaction_mean
5.51050947,60491.42357304,19891.96352851,0.00000000
