crown_height,max_stress,mean_stress,boundary_reaction_mean
4.46881820,38588.51568513,22714.42097420,0.00000000
