crown_height,max_stress,mean_stress,boundary_reaction_mean
12.15574026,25032.94339831,9904.73051869,0.00000000
