crown_height,max_stress,mean_stress,boundary_reaction_mean
5.51821727,90011.53123819,18391.35450845,0.00000000
