crown_height,max_stress,mean_stress,boundary_reaction_mean
5.44880387,90209.04748032,18494.80314888,0.00000000
