crown_height,max_stress,mean_stress,boundary_reaction_mean
4.46980571,38588.57708518,22712.66726299,0.00000000
