crown_height,max_stress,mean_stress,boundary_reaction_mean
5.41784480,90228.61827637,18485.50181174,0.00000000
