crown_height,max_stress,mean_stress,boundary_reaction_mean
4.62878430,115827.19081745,18403.96534623,0.00000000
