crown_height,max_stress,mean_stress,boundary_reaction_mean
5.04621393,120417.33490291,18406.12424918,0.00000000
