crown_height,max_stress,mean_stress,boundary_reaction_mean
4.84780918,22405.51434322,15218.13804431,0.00000000
