crown_height,max_stress,mean_stress,boundary_reaction_mean
5.08830321,112443.08654128,18270.89715884,0.00000000
