crown_height,max_stress,mean_stress,boundary_reaction_mean
4.93708771,37526.89843152,16204.79239453,0.00000000
