crown_height,max_stress,mean_stress,boundary_reaction_mean
4.98400692,38603.45277974,16326.99162560,0.00000000
