crown_height,max_stress,mean_stress,boundary_reaction_mean
4.81434681,21965.54422830,15074.91440893,0.00000000
