crown_height,max_stress,mean_stress,boundary_reaction_mean
4.98117420,39013.13817620,16258.35055260,0.00000000
