crown_height,max_stress,mean_stress,boundary_reaction_mean
4.94164989,38966.04648968,16265.92689726,0.00000000
