crown_height,max_stress,mean_stress,boundary_reaction_mean
4.94607074,40398.83368245,16307.59428944,0.00000000
