crown_height,max_stress,mean_stress,boundary_reaction_mean
3.37899811,730730.57106501,20621.00913305,0.00000000
