crown_height,max_stress,mean_stress,boundary_reaction_mean
4.98489335,38906.05567885,16339.48705621,0.00000000
