crown_height,max_stress,mean_stress,boundary_reaction_mean
4.94165154,38966.61150414,16265.95011998,0.00000000
