crown_height,max_stress,mean_stress,boundary_reaction_mean
5.06840400,110466.46715578,18357.83471649,0.00000000
