crown_height,max_stress,mean_stress,boundary_reaction_mean
3.38857734,730734.71296644,20706.69488215,0.00000000
