crown_height,max_stress,mean_stress,boundary_reaction_mean
5.06120503,127882.85000888,18431.58986139,0.00000000
