crown_height,max_stress,mean_stress,boundary_reaction_mean
4.92644679,40942.04705596,16311.67947601,0.00000000
