crown_height,max_stress,mean_stress,boundary_reaction_mean
4.94202880,38976.75327361,16249.90256622,0.00000000
