crown_height,max_stress,mean_stress,boundary_reaction_mean
5.19630622,107526.67223152,18342.98074531,0.00000000
