crown_height,max_stress,mean_stress,boundary_reaction_mean
4.77367880,22714.44317590,14806.70788215,0.00000000
