crown_height,max_stress,mean_stress,boundary_reaction_mean
4.94226994,38903.47717385,16243.76464018,0.00000000
