crown_height,max_stress,mean_stress,boundary_reaction_mean
4.92640567,40926.46413690,16311.07631359,0.00000000
