crown_height,max_stress,mean_stress,boundary_reaction_mean
4.94248148,38976.53216187,16246.77926802,0.00000000
