crown_height,max_stress,mean_stress,boundary_reaction_mean
4.92644647,40941.92708760,16311.67483349,0.00000000
