crown_height,max_stress,mean_stress,boundary_reaction_mean
5.07908141,115974.52314452,18132.09425064,0.00000000
