crown_height,max_stress,mean_stress,boundary_reaction_mean
5.08150756,130519.35347766,18353.11630173,0.00000000
