crown_height,max_stress,mean_stress,boundary_reaction_mean
4.89363397,23043.77666899,15154.34373576,0.00000000
