crown_height,max_stress,mean_stress,boundary_reaction_mean
4.94248118,38976.42507891,16246.77485431,0.00000000
