crown_height,max_stress,mean_stress,boundary_reaction_mean
5.07883116,118779.25051747,18336.12593990,0.00000000
