crown_height,max_stress,mean_stress,boundary_reaction_mean
4.92644518,40941.43856349,16311.65592848,0.00000000
