crown_height,max_stress,mean_stress,boundary_reaction_mean
4.94093803,38474.52341307,16225.52078292,0.00000000
