crown_height,max_stress,mean_stress,boundary_reaction_mean
4.94225272,38903.39391409,16243.57900031,0.00000000
