crown_height,max_stress,mean_stress,boundary_reaction_mean
4.94202875,38976.73568278,16249.90184154,0.00000000
