crown_height,max_stress,mean_stress,boundary_reaction_mean
5.06769788,107853.08335345,18135.82653498,0.00000000
