crown_height,max_stress,mean_stress,boundary_reaction_mean
4.93094130,37163.29206813,16284.15809733,0.00000000
