crown_height,max_stress,mean_stress,boundary_reaction_mean
5.04041716,89580.11257844,17635.92070112,0.00000000
