crown_height,max_stress,mean_stress,boundary_reaction_mean
4.98117301,39012.68512911,16258.33180442,0.00000000
