crown_height,max_stress,mean_stress,boundary_reaction_mean
4.93191566,37469.57935964,16297.66108388,0.00000000
