crown_height,max_stress,mean_stress,boundary_reaction_mean
4.94228442,38910.70704051,16244.03326013,0.00000000
