crown_height,max_stress,mean_stress,boundary_reaction_mean
5.06103351,124930.35616635,18213.55184145,0.00000000
