crown_height,max_stress,mean_stress,boundary_reaction_mean
4.93086810,37129.75464584,16282.81906249,0.00000000
