crown_height,max_stress,mean_stress,boundary_reaction_mean
4.94242262,38961.98170356,16245.99234225,0.00000000
