crown_height,max_stress,mean_stress,boundary_reaction_mean
4.98509146,38971.88586555,16342.22618834,0.00000000
