crown_height,max_stress,mean_stress,boundary_reaction_mean
5.14329639,121075.64530804,18339.80525754,0.00000000
