crown_height,max_stress,mean_stress,boundary_reaction_mean
4.95348816,52499.79123804,16712.98958261,0.00000000
