crown_height,max_stress,mean_stress,boundary_reaction_mean
4.94202881,38976.75758731,16249.90274393,0.00000000
