crown_height,max_stress,mean_stress,boundary_reaction_mean
4.98117449,39013.24943235,16258.35515660,0.00000000
