crown_height,max_stress,mean_stress,boundary_reaction_mean
4.94102240,38644.38112972,16235.98482902,0.00000000
