crown_height,max_stress,mean_stress,boundary_reaction_mean
4.94246447,38976.45086705,16246.58766430,0.00000000
