crown_height,max_stress,mean_stress,boundary_reaction_mean
5.08737717,120417.92615319,18437.94600635,0.00000000
