crown_height,max_stress,mean_stress,boundary_reaction_mean
4.94164317,38963.75203522,16265.83258837,0.00000000
