crown_height,max_stress,mean_stress,boundary_reaction_mean
4.94870930,41230.31408655,16337.22855824,0.00000000
