crown_height,max_stress,mean_stress,boundary_reaction_mean
4.93192225,37471.71295662,16297.75479349,0.00000000
