crown_height,max_stress,mean_stress,boundary_reaction_mean
4.94246447,38976.45108238,16246.58767316,0.00000000
