crown_height,max_stress,mean_stress,boundary_reaction_mean
4.79718576,22228.55820975,15193.69187012,0.00000000
