crown_height,max_stress,mean_stress,boundary_reaction_mean
4.94145200,38900.79238815,16263.20911898,0.00000000
