crown_height,max_stress,mean_stress,boundary_reaction_mean
4.94572084,23505.18130700,15179.34449230,0.00000000
