crown_height,max_stress,mean_stress,boundary_reaction_mean
5.07857554,115996.73520911,18113.84656091,0.00000000
