crown_height,max_stress,mean_stress,boundary_reaction_mean
5.03286111,111980.87410415,18384.73680273,0.00000000
