crown_height,max_stress,mean_stress,boundary_reaction_mean
5.10934933,118782.96983268,18351.70205454,0.00000000
