crown_height,max_stress,mean_stress,boundary_reaction_mean
4.94181682,38903.69655337,16246.88940509,0.00000000
