crown_height,max_stress,mean_stress,boundary_reaction_mean
4.98117449,39013.24955781,16258.35516179,0.00000000
