crown_height,max_stress,mean_stress,boundary_reaction_mean
4.98509144,38971.88145080,16342.22600685,0.00000000
