crown_height,max_stress,mean_stress,boundary_reaction_mean
4.94165154,38966.61140305,16265.95011582,0.00000000
