crown_height,max_stress,mean_stress,boundary_reaction_mean
4.93257090,43370.19281397,16403.16299041,0.00000000
