crown_height,max_stress,mean_stress,boundary_reaction_mean
4.98683575,41264.49243682,16349.40567964,0.00000000
