crown_height,max_stress,mean_stress,boundary_reaction_mean
4.79212356,21996.51817527,14797.38870881,0.00000000
