crown_height,max_stress,mean_stress,boundary_reaction_mean
4.98408188,38639.51399136,16328.33743258,0.00000000
