crown_height,max_stress,mean_stress,boundary_reaction_mean
4.93676261,37128.68036518,16168.29694679,0.00000000
