crown_height,max_stress,mean_stress,boundary_reaction_mean
4.94247324,38973.67659135,16246.66156295,0.00000000
