crown_height,max_stress,mean_stress,boundary_reaction_mean
4.90751992,23503.05429062,15140.48977374,0.00000000
