crown_height,max_stress,mean_stress,boundary_reaction_mean
4.92643866,40938.96710912,16311.56028348,0.00000000
