crown_height,max_stress,mean_stress,boundary_reaction_mean
3.35058198,730731.06281472,20620.93299031,0.00000000
