crown_height,max_stress,mean_stress,boundary_reaction_mean
4.94248150,38976.53647547,16246.77944582,0.00000000
