crown_height,max_stress,mean_stress,boundary_reaction_mean
4.79601582,22680.99027668,15089.29727349,0.00000000
