crown_height,max_stress,mean_stress,boundary_reaction_mean
4.81062916,21969.96361024,15032.63005241,0.00000000
