crown_height,max_stress,mean_stress,boundary_reaction_mean
4.94226730,38910.62216251,16243.84396176,0.00000000
