crown_height,max_stress,mean_stress,boundary_reaction_mean
4.95926282,47405.10830963,16691.07008763,0.00000000
