crown_height,max_stress,mean_stress,boundary_reaction_mean
4.92644679,40942.04719125,16311.67948124,0.00000000
