crown_height,max_stress,mean_stress,boundary_reaction_mean
4.94243969,38962.06693101,16246.18290976,0.00000000
