crown_height,max_stress,mean_stress,boundary_reaction_mean
4.92625692,35753.42454701,16220.05168727,0.00000000
