crown_height,max_stress,mean_stress,boundary_reaction_mean
4.93192388,37472.23828902,16297.77786555,0.00000000
