crown_height,max_stress,mean_stress,boundary_reaction_mean
4.94165154,38966.61138984,16265.95011528,0.00000000
