crown_height,max_stress,mean_stress,boundary_reaction_mean
4.94827079,41230.58489678,16340.30592821,0.00000000
