crown_height,max_stress,mean_stress,boundary_reaction_mean
4.97600225,37167.86933928,16179.70920564,0.00000000
