crown_height,max_stress,mean_stress,boundary_reaction_mean
4.94095567,38474.60250884,16225.69359527,0.00000000
