crown_height,max_stress,mean_stress,boundary_reaction_mean
4.96369245,58597.74648035,17032.31780657,0.00000000
