crown_height,max_stress,mean_stress,boundary_reaction_mean
5.02568531,129655.92224043,18459.77482834,0.00000000
