crown_height,max_stress,mean_stress,boundary_reaction_mean
4.98117449,39013.24953333,16258.35516078,0.00000000
