crown_height,max_stress,mean_stress,boundary_reaction_mean
4.85403355,22031.85004370,15148.59538093,0.00000000
