crown_height,max_stress,mean_stress,boundary_reaction_mean
4.94165154,38966.61152865,16265.95012099,0.00000000
