crown_height,max_stress,mean_stress,boundary_reaction_mean
4.94246415,38976.33937310,16246.58307801,0.00000000
