crown_height,max_stress,mean_stress,boundary_reaction_mean
4.97915239,37123.52632561,16264.31748594,0.00000000
