crown_height,max_stress,mean_stress,boundary_reaction_mean
5.04170463,89561.54371398,17655.36077388,0.00000000
