crown_height,max_stress,mean_stress,boundary_reaction_mean
4.98100876,38947.60056829,16255.82947491,0.00000000
