crown_height,max_stress,mean_stress,boundary_reaction_mean
4.92644679,40942.04716485,16311.67948022,0.00000000
