crown_height,max_stress,mean_stress,boundary_reaction_mean
4.94202881,38976.75771293,16249.90274911,0.00000000
