crown_height,max_stress,mean_stress,boundary_reaction_mean
4.98915979,40394.04634642,16400.04402847,0.00000000
