crown_height,max_stress,mean_stress,boundary_reaction_mean
4.94246441,38976.42886266,16246.58675915,0.00000000
