crown_height,max_stress,mean_stress,boundary_reaction_mean
3.35084235,730730.92705468,20618.34221495,0.00000000
