crown_height,max_stress,mean_stress,boundary_reaction_mean
4.93192387,37472.23425472,16297.77768837,0.00000000
