crown_height,max_stress,mean_stress,boundary_reaction_mean
4.94248150,38976.53660108,16246.77945100,0.00000000
