crown_height,max_stress,mean_stress,boundary_reaction_mean
5.10939390,116001.67811680,18129.88454112,0.00000000
