crown_height,max_stress,mean_stress,boundary_reaction_mean
4.93041252,42473.90741258,16370.05727212,0.00000000
