crown_height,max_stress,mean_stress,boundary_reaction_mean
4.94749377,23575.25071289,15111.45468793,0.00000000
