crown_height,max_stress,mean_stress,boundary_reaction_mean
4.98509145,38971.88575122,16342.22618364,0.00000000
