crown_height,max_stress,mean_stress,boundary_reaction_mean
4.97442847,61829.91742803,16988.60527698,0.00000000
