crown_height,max_stress,mean_stress,boundary_reaction_mean
5.12268934,115993.10220400,18204.40083330,0.00000000
