crown_height,max_stress,mean_stress,boundary_reaction_mean
4.93042290,37005.60373248,16277.04743921,0.00000000
