crown_height,max_stress,mean_stress,boundary_reaction_mean
4.94198692,38962.28770015,16249.30649799,0.00000000
