crown_height,max_stress,mean_stress,boundary_reaction_mean
4.98509145,38971.88576444,16342.22618418,0.00000000
