crown_height,max_stress,mean_stress,boundary_reaction_mean
5.10944870,121079.13432336,18258.17087345,0.00000000
