crown_height,max_stress,mean_stress,boundary_reaction_mean
4.98509139,38971.86386019,16342.22528373,0.00000000
