crown_height,max_stress,mean_stress,boundary_reaction_mean
5.00938938,61848.89249725,17002.74267974,0.00000000
