crown_height,max_stress,mean_stress,boundary_reaction_mean
5.04005778,89580.93726955,17638.54127161,0.00000000
