crown_height,max_stress,mean_stress,boundary_reaction_mean
4.93749249,37536.70685285,16188.50253497,0.00000000
