crown_height,max_stress,mean_stress,boundary_reaction_mean
4.94160917,38952.14447104,16265.35537794,0.00000000
