crown_height,max_stress,mean_stress,boundary_reaction_mean
4.93675266,37128.66957992,16168.25668971,0.00000000
