crown_height,max_stress,mean_stress,boundary_reaction_mean
4.70614017,21580.13394610,14992.86706923,0.00000000
