crown_height,max_stress,mean_stress,boundary_reaction_mean
5.08000227,118755.35199313,18356.29143337,0.00000000
