crown_height,max_stress,mean_stress,boundary_reaction_mean
4.92081978,38952.60548234,16232.34723709,0.00000000
