crown_height,max_stress,mean_stress,boundary_reaction_mean
4.80104100,21859.68092282,15091.63782267,0.00000000
