crown_height,max_stress,mean_stress,boundary_reaction_mean
4.94246447,38976.45013354,16246.58763413,0.00000000
