crown_height,max_stress,mean_stress,boundary_reaction_mean
5.09917643,121079.09275096,18251.06596117,0.00000000
