crown_height,max_stress,mean_stress,boundary_reaction_mean
4.98027495,38681.39206492,16244.59803926,0.00000000
