crown_height,max_stress,mean_stress,boundary_reaction_mean
4.92644679,40942.04739676,16311.67948920,0.00000000
