crown_height,max_stress,mean_stress,boundary_reaction_mean
4.94145968,38644.08657382,16232.67571858,0.00000000
