crown_height,max_stress,mean_stress,boundary_reaction_mean
4.85244375,22022.88164722,15115.36122669,0.00000000
