crown_height,max_stress,mean_stress,boundary_reaction_mean
4.94536002,39979.10409876,16287.68305833,0.00000000
