crown_height,max_stress,mean_stress,boundary_reaction_mean
4.78724852,21993.75193706,14774.53885368,0.00000000
