crown_height,max_stress,mean_stress,boundary_reaction_mean
4.94065066,38634.38632860,16252.25097106,0.00000000
