crown_height,max_stress,mean_stress,boundary_reaction_mean
4.94202881,38976.75768842,16249.90274810,0.00000000
