crown_height,max_stress,mean_stress,boundary_reaction_mean
4.98117449,39013.24880073,16258.35513046,0.00000000
