crown_height,max_stress,mean_stress,boundary_reaction_mean
4.98021208,38645.37652083,16243.23806219,0.00000000
