crown_height,max_stress,mean_stress,boundary_reaction_mean
4.81008950,21969.39681787,15037.29197614,0.00000000
