crown_height,max_stress,mean_stress,boundary_reaction_mean
4.80625620,22156.31367865,15139.31719880,0.00000000
