crown_height,max_stress,mean_stress,boundary_reaction_mean
4.94049985,38474.81156501,16228.82688298,0.00000000
