crown_height,max_stress,mean_stress,boundary_reaction_mean
4.94147715,38644.16797510,16232.85494262,0.00000000
