crown_height,max_stress,mean_stress,boundary_reaction_mean
4.93480281,38404.20563668,16338.57041914,0.00000000
