crown_height,max_stress,mean_stress,boundary_reaction_mean
4.75822525,21966.70252772,15036.65968841,0.00000000
