crown_height,max_stress,mean_stress,boundary_reaction_mean
4.94458249,39969.11709312,16307.00524053,0.00000000
