crown_height,max_stress,mean_stress,boundary_reaction_mean
4.94245620,38973.59097699,16246.47001808,0.00000000
