crown_height,max_stress,mean_stress,boundary_reaction_mean
4.80542396,22253.55374377,15159.20639757,0.00000000
