crown_height,max_stress,mean_stress,boundary_reaction_mean
4.93172783,37411.03322620,16295.05392953,0.00000000
