crown_height,max_stress,mean_stress,boundary_reaction_mean
5.04325095,120421.56931484,18363.48988169,0.00000000
