crown_height,max_stress,mean_stress,boundary_reaction_mean
4.98117449,39013.24974840,16258.35516968,0.00000000
