crown_height,max_stress,mean_stress,boundary_reaction_mean
5.07367199,120425.13254707,18378.75493763,0.00000000
