crown_height,max_stress,mean_stress,boundary_reaction_mean
4.98509145,38971.88513201,16342.22615818,0.00000000
