crown_height,max_stress,mean_stress,boundary_reaction_mean
4.90347471,23508.63218496,15095.74163986,0.00000000
