crown_height,max_stress,mean_stress,boundary_reaction_mean
4.98380347,40014.70190892,16299.63934626,0.00000000
