crown_height,max_stress,mean_stress,boundary_reaction_mean
4.98113660,38998.79813155,16257.75699551,0.00000000
