crown_height,max_stress,mean_stress,boundary_reaction_mean
4.97980065,38512.03917642,16237.40246180,0.00000000
