crown_height,max_stress,mean_stress,boundary_reaction_mean
4.93188227,37458.78552818,16297.18690478,0.00000000
