crown_height,max_stress,mean_stress,boundary_reaction_mean
4.94165148,38966.58950300,16265.94921572,0.00000000
