crown_height,max_stress,mean_stress,boundary_reaction_mean
4.98355771,38469.94686726,16321.19444041,0.00000000
