crown_height,max_stress,mean_stress,boundary_reaction_mean
4.94202718,38976.19255856,16249.87946647,0.00000000
