crown_height,max_stress,mean_stress,boundary_reaction_mean
4.94057560,38598.33176216,16250.90172411,0.00000000
