crown_height,max_stress,mean_stress,boundary_reaction_mean
4.98117448,39013.24512420,16258.35497832,0.00000000
