crown_height,max_stress,mean_stress,boundary_reaction_mean
4.94138538,38608.03451367,16231.34375292,0.00000000
