crown_height,max_stress,mean_stress,boundary_reaction_mean
4.96945272,49677.71936731,16662.26534588,0.00000000
