crown_height,max_stress,mean_stress,boundary_reaction_mean
4.94246284,38975.88576937,16246.56441893,0.00000000
