crown_height,max_stress,mean_stress,boundary_reaction_mean
4.93172948,37404.40972782,16294.99017199,0.00000000
