crown_height,max_stress,mean_stress,boundary_reaction_mean
4.98504941,38957.41606321,16341.63122145,0.00000000
