crown_height,max_stress,mean_stress,boundary_reaction_mean
4.71432841,21964.00327614,14957.58302478,0.00000000
