crown_height,max_stress,mean_stress,boundary_reaction_mean
4.93813261,39566.52093397,16387.73336394,0.00000000
