crown_height,max_stress,mean_stress,boundary_reaction_mean
5.17833757,115472.45163206,18432.70211530,0.00000000
