crown_height,max_stress,mean_stress,boundary_reaction_mean
5.07898088,118778.43900583,18332.32151369,0.00000000
