crown_height,max_stress,mean_stress,boundary_reaction_mean
4.70153984,22682.82704207,14994.35098134,0.00000000
