crown_height,max_stress,mean_stress,boundary_reaction_mean
5.08096756,89576.06899074,17725.05345031,0.00000000
