crown_height,max_stress,mean_stress,boundary_reaction_mean
5.01270238,49684.75116447,16737.91602986,0.00000000
