crown_height,max_stress,mean_stress,boundary_reaction_mean
4.93192381,37472.21790048,16297.77697012,0.00000000
