crown_height,max_stress,mean_stress,boundary_reaction_mean
4.95779178,65650.48950566,17063.71433671,0.00000000
