crown_height,max_stress,mean_stress,boundary_reaction_mean
4.79226525,22671.67992359,15191.77033781,0.00000000
