crown_height,max_stress,mean_stress,boundary_reaction_mean
4.98054124,37531.85629030,16280.95381837,0.00000000
