crown_height,max_stress,mean_stress,boundary_reaction_mean
4.90303471,23507.96381602,15100.39380142,0.00000000
