crown_height,max_stress,mean_stress,boundary_reaction_mean
4.94165121,38966.50002661,16265.94553816,0.00000000
