crown_height,max_stress,mean_stress,boundary_reaction_mean
4.92538596,40545.29198774,16296.23585185,0.00000000
