crown_height,max_stress,mean_stress,boundary_reaction_mean
5.01738762,61825.51629970,17083.75334197,0.00000000
