crown_height,max_stress,mean_stress,boundary_reaction_mean
4.80931199,21961.36075987,15056.95481542,0.00000000
