crown_height,max_stress,mean_stress,boundary_reaction_mean
4.94012314,38464.84547451,16245.09659271,0.00000000
