crown_height,max_stress,mean_stress,boundary_reaction_mean
4.92494520,40401.52927136,16290.36341280,0.00000000
