crown_height,max_stress,mean_stress,boundary_reaction_mean
5.07832461,115997.63723383,18116.42638735,0.00000000
