crown_height,max_stress,mean_stress,boundary_reaction_mean
5.02899482,89579.90785117,17627.90728143,0.00000000
