crown_height,max_stress,mean_stress,boundary_reaction_mean
4.80924316,22217.51063448,15155.95902682,0.00000000
