crown_height,max_stress,mean_stress,boundary_reaction_mean
5.19643023,107525.93628972,18339.15044013,0.00000000
