crown_height,max_stress,mean_stress,boundary_reaction_mean
4.96994111,49689.23741895,16643.26540987,0.00000000
