crown_height,max_stress,mean_stress,boundary_reaction_mean
4.92625286,40871.15221845,16308.90312522,0.00000000
