crown_height,max_stress,mean_stress,boundary_reaction_mean
4.94165154,38966.61142870,16265.95011688,0.00000000
