crown_height,max_stress,mean_stress,boundary_reaction_mean
4.94202881,38976.75761296,16249.90274499,0.00000000
