crown_height,max_stress,mean_stress,boundary_reaction_mean
4.92545843,40584.11932871,16297.60258637,0.00000000
