crown_height,max_stress,mean_stress,boundary_reaction_mean
4.98117449,39013.24941916,16258.35515606,0.00000000
