crown_height,max_stress,mean_stress,boundary_reaction_mean
3.33207454,827923.57081798,21172.01218880,0.00000000
