crown_height,max_stress,mean_stress,boundary_reaction_mean
4.97406509,61830.52794545,16991.45103324,0.00000000
