crown_height,max_stress,mean_stress,boundary_reaction_mean
5.09979136,121056.28012996,18269.24026619,0.00000000
