crown_height,max_stress,mean_stress,boundary_reaction_mean
4.97706708,37575.16679189,16196.86300248,0.00000000
