crown_height,max_stress,mean_stress,boundary_reaction_mean
5.04339826,120420.74796335,18359.66629481,0.00000000
