crown_height,max_stress,mean_stress,boundary_reaction_mean
5.19854781,107522.25629489,18386.07686583,0.00000000
