crown_height,max_stress,mean_stress,boundary_reaction_mean
4.94140300,38608.10746415,16231.50467269,0.00000000
