crown_height,max_stress,mean_stress,boundary_reaction_mean
4.80681367,22143.35382843,15134.84111153,0.00000000
