crown_height,max_stress,mean_stress,boundary_reaction_mean
4.93588261,37119.11900856,16187.75476532,0.00000000
