crown_height,max_stress,mean_stress,boundary_reaction_mean
4.85793303,22041.49883510,15045.15690921,0.00000000
