crown_height,max_stress,mean_stress,boundary_reaction_mean
4.94575106,40388.53181374,16323.80764964,0.00000000
