crown_height,max_stress,mean_stress,boundary_reaction_mean
4.94246447,38976.45079160,16246.58766120,0.00000000
