crown_height,max_stress,mean_stress,boundary_reaction_mean
4.92644673,40942.02346647,16311.67856315,0.00000000
