crown_height,max_stress,mean_stress,boundary_reaction_mean
4.94183133,38910.92658429,16247.15785495,0.00000000
