crown_height,max_stress,mean_stress,boundary_reaction_mean
4.94165153,38966.60709024,16265.94993857,0.00000000
