crown_height,max_stress,mean_stress,boundary_reaction_mean
5.12960205,121083.42279228,18267.27659863,0.00000000
