crown_height,max_stress,mean_stress,boundary_reaction_mean
4.78838302,22002.86858116,14750.36760022,0.00000000
