crown_height,max_stress,mean_stress,boundary_reaction_mean
4.98117443,39013.22755595,16258.35425131,0.00000000
