crown_height,max_stress,mean_stress,boundary_reaction_mean
4.77891654,21608.82949809,14809.55930779,0.00000000
