crown_height,max_stress,mean_stress,boundary_reaction_mean
4.94247987,38975.97146010,16246.75615704,0.00000000
