crown_height,max_stress,mean_stress,boundary_reaction_mean
4.92644678,40942.04241045,16311.67929624,0.00000000
