crown_height,max_stress,mean_stress,boundary_reaction_mean
4.93795435,37536.52095660,16185.34992005,0.00000000
