crown_height,max_stress,mean_stress,boundary_reaction_mean
4.93595027,38793.96471574,16355.26151626,0.00000000
