crown_height,max_stress,mean_stress,boundary_reaction_mean
5.19759376,107504.55413641,18363.16071081,0.00000000
