crown_height,max_stress,mean_stress,boundary_reaction_mean
4.88786770,24304.10647306,15152.91379536,0.00000000
