crown_height,max_stress,mean_stress,boundary_reaction_mean
4.94202882,38976.75790376,16249.90275697,0.00000000
