crown_height,max_stress,mean_stress,boundary_reaction_mean
4.94246447,38976.45075273,16246.58765960,0.00000000
