crown_height,max_stress,mean_stress,boundary_reaction_mean
4.98508315,38969.02584933,16342.10861224,0.00000000
