crown_height,max_stress,mean_stress,boundary_reaction_mean
5.03028104,83963.16172457,17669.46990709,0.00000000
