crown_height,max_stress,mean_stress,boundary_reaction_mean
5.09894334,121079.99922472,18253.62837511,0.00000000
