crown_height,max_stress,mean_stress,boundary_reaction_mean
4.94491405,39979.34674623,16290.78331546,0.00000000
