crown_height,max_stress,mean_stress,boundary_reaction_mean
5.00635397,49715.66243007,16656.58313740,0.00000000
