crown_height,max_stress,mean_stress,boundary_reaction_mean
4.71599099,21972.06962064,14937.33937103,0.00000000
