crown_height,max_stress,mean_stress,boundary_reaction_mean
5.09505916,115996.82868486,18125.26851492,0.00000000
