crown_height,max_stress,mean_stress,boundary_reaction_mean
4.98800041,39974.56056425,16383.25322862,0.00000000
