crown_height,max_stress,mean_stress,boundary_reaction_mean
5.08153469,118775.40586689,18373.80477081,0.00000000
