crown_height,max_stress,mean_stress,boundary_reaction_mean
5.12303115,118775.66504146,18410.61152369,0.00000000
