crown_height,max_stress,mean_stress,boundary_reaction_mean
4.98487871,38898.82567185,16339.21932748,0.00000000
