crown_height,max_stress,mean_stress,boundary_reaction_mean
4.94165154,38966.61077074,16265.95008984,0.00000000
