crown_height,max_stress,mean_stress,boundary_reaction_mean
4.93793657,37536.45601067,16185.21261077,0.00000000
