crown_height,max_stress,mean_stress,boundary_reaction_mean
4.78788819,22002.07404421,14755.29992471,0.00000000
