crown_height,max_stress,mean_stress,boundary_reaction_mean
4.92644679,40942.04704173,16311.67947546,0.00000000
