crown_height,max_stress,mean_stress,boundary_reaction_mean
4.83573509,22075.38615501,14760.80217172,0.00000000
