crown_height,max_stress,mean_stress,boundary_reaction_mean
4.76197029,22043.35069047,14942.15645138,0.00000000
