crown_height,max_stress,mean_stress,boundary_reaction_mean
4.94143714,38893.56530136,16262.94438800,0.00000000
