crown_height,max_stress,mean_stress,boundary_reaction_mean
4.92743922,36132.97014117,16236.98233009,0.00000000
