crown_height,max_stress,mean_stress,boundary_reaction_mean
5.18582622,100337.18803517,18369.46338814,0.00000000
