crown_height,max_stress,mean_stress,boundary_reaction_mean
3.35082069,730831.88261905,20636.42353950,0.00000000
