crown_height,max_stress,mean_stress,boundary_reaction_mean
4.90270383,23499.96100129,15118.73681446,0.00000000
