crown_height,max_stress,mean_stress,boundary_reaction_mean
4.93192388,37472.23767719,16297.77783868,0.00000000
