crown_height,max_stress,mean_stress,boundary_reaction_mean
3.34831159,634408.25451649,20225.28146357,0.00000000
