crown_height,max_stress,mean_stress,boundary_reaction_mean
4.97412835,61816.14997653,17007.64838509,0.00000000
