crown_height,max_stress,mean_stress,boundary_reaction_mean
4.83185159,21998.07730005,14832.23908107,0.00000000
