crown_height,max_stress,mean_stress,boundary_reaction_mean
4.98484947,40433.69392948,16316.53392112,0.00000000
