crown_height,max_stress,mean_stress,boundary_reaction_mean
4.92199080,39391.57561785,16249.58811996,0.00000000
