crown_height,max_stress,mean_stress,boundary_reaction_mean
4.94797413,41220.13885752,16356.50265469,0.00000000
