crown_height,max_stress,mean_stress,boundary_reaction_mean
4.98509146,38971.88608088,16342.22619719,0.00000000
