crown_height,max_stress,mean_stress,boundary_reaction_mean
4.94202849,38976.64618812,16249.89815466,0.00000000
