crown_height,max_stress,mean_stress,boundary_reaction_mean
4.93192388,37472.23855938,16297.77787743,0.00000000
