crown_height,max_stress,mean_stress,boundary_reaction_mean
5.07337896,89589.72487008,17651.30235532,0.00000000
