crown_height,max_stress,mean_stress,boundary_reaction_mean
4.71538106,21971.70760038,14940.98060879,0.00000000
