crown_height,max_stress,mean_stress,boundary_reaction_mean
4.98099651,38940.37959453,16255.55893683,0.00000000
