crown_height,max_stress,mean_stress,boundary_reaction_mean
4.92927743,42021.96653582,16353.04691356,0.00000000
