crown_height,max_stress,mean_stress,boundary_reaction_mean
4.94248150,38976.53646225,16246.77944528,0.00000000
