crown_height,max_stress,mean_stress,boundary_reaction_mean
4.94651417,40398.58147237,16304.50184391,0.00000000
