crown_height,max_stress,mean_stress,boundary_reaction_mean
4.93629846,37128.85614692,16171.45894090,0.00000000
