crown_height,max_stress,mean_stress,boundary_reaction_mean
4.94248143,38976.51457146,16246.77854299,0.00000000
