crown_height,max_stress,mean_stress,boundary_reaction_mean
5.04443031,120397.33096771,18383.64407388,0.00000000
