crown_height,max_stress,mean_stress,boundary_reaction_mean
4.94202054,38973.89763548,16249.78491839,0.00000000
