crown_height,max_stress,mean_stress,boundary_reaction_mean
4.94202881,38976.75695487,16249.90271788,0.00000000
