crown_height,max_stress,mean_stress,boundary_reaction_mean
4.98509113,38971.77436668,16342.22160479,0.00000000
