crown_height,max_stress,mean_stress,boundary_reaction_mean
4.94246446,38976.44645250,16246.58748271,0.00000000
