crown_height,max_stress,mean_stress,boundary_reaction_mean
4.96954504,49689.66921802,16646.21919304,0.00000000
