crown_height,max_stress,mean_stress,boundary_reaction_mean
4.99136493,41225.79475271,16432.71602379,0.00000000
