crown_height,max_stress,mean_stress,boundary_reaction_mean
4.93192356,37472.13469709,16297.77331594,0.00000000
