crown_height,max_stress,mean_stress,boundary_reaction_mean
4.98116701,39010.39315295,16258.23695278,0.00000000
