crown_height,max_stress,mean_stress,boundary_reaction_mean
4.92644679,40942.04637488,16311.67944965,0.00000000
