crown_height,max_stress,mean_stress,boundary_reaction_mean
5.02292350,95899.49715275,17723.12736550,0.00000000
