crown_height,max_stress,mean_stress,boundary_reaction_mean
4.98508981,38971.32074295,16342.20295682,0.00000000
