crown_height,max_stress,mean_stress,boundary_reaction_mean
4.92623871,40863.36688671,16308.63120855,0.00000000
