crown_height,max_stress,mean_stress,boundary_reaction_mean
5.22677550,107532.13588096,18358.81197459,0.00000000
