crown_height,max_stress,mean_stress,boundary_reaction_mean
0.19780339,247668.01012854,2171.05990693,0.00000000
