crown_height,max_stress,mean_stress,boundary_reaction_mean
0.19780339,239963.46812807,2179.41481966,0.00000000
