crown_height,max_stress,mean_stress,boundary_reaction_mean
0.19780339,244270.34038899,2167.48547914,0.00000000
