crown_height,max_stress,mean_stress,boundary_reaction_mean
0.19780339,244244.11163370,2167.43899148,0.00000000
