crown_height,max_stress,mean_stress,boundary_reaction_mean
0.19780339,244249.51846159,2167.39231474,0.00000000
