{
  "geometry": "D5",
  "n_regions": 4,
  "method": "adaptive_boundary_reassignment",
  "pressure": 1000.0,
  "cable_ea": 157000.0,
  "cable_scale_fixed": 0.95,
  "seed_vertices": [
    781,
    140,
    95
  ],
  "dev_percentile": 60,
  "converged": true,
  "rmse_m": 0.005373913790634268,
  "n_calls": 2594,
  "regions": [
    {
      "region_id": 0,
      "label": "R0 (seed sv781)",
      "n_faces": 97,
      "knit_dir_deg": 94.5352667454643,
      "sf_wale": 1.2368352797003508,
      "sf_course": 0.9344729078464584
    },
    {
      "region_id": 1,
      "label": "R1 (seed sv140)",
      "n_faces": 135,
      "knit_dir_deg": 83.50550481058411,
      "sf_wale": 1.2533459999722683,
      "sf_course": 0.9331510022523581
    },
    {
      "region_id": 2,
      "label": "R2 (seed sv95)",
      "n_faces": 116,
      "knit_dir_deg": 177.83412380949565,
      "sf_wale": 1.085455775124182,
      "sf_course": 1.1312308063493008
    },
    {
      "region_id": 3,
      "label": "R3 (rest)",
      "n_faces": 1215,
      "knit_dir_deg": 90.40714116481456,
      "sf_wale": 1.2639622501053054,
      "sf_course": 1.0032139788918126
    }
  ]
}