crown_height,max_stress,mean_stress,boundary_reaction_mean
0.19780339,244271.37064091,2167.71162276,0.00000000
