crown_height,max_stress,mean_stress,boundary_reaction_mean
0.19780339,244242.16668242,2164.55925254,0.00000000
