crown_height,max_stress,mean_stress,boundary_reaction_mean
0.19780339,242210.40955306,2155.61544494,0.00000000
