crown_height,max_stress,mean_stress,boundary_reaction_mean
0.19780339,246779.00954790,2181.90137502,0.00000000
