crown_height,max_stress,mean_stress,boundary_reaction_mean
0.00000000,21445.53398660,16213.45652854,0.00000000
