crown_height,max_stress,mean_stress,boundary_reaction_mean
0.00000000,23110.06929402,16470.07539909,0.00000000
