crown_height,max_stress,mean_stress,boundary_reaction_mean
0.00000000,23512.43574271,14388.80149055,0.00000000
