crown_height,max_stress,mean_stress,boundary_reaction_mean
0.00000000,22614.47443929,15507.43149992,0.00000000
