crown_height,max_stress,mean_stress,boundary_reaction_mean
0.00000000,20741.93922177,14275.78145927,0.00000000
