crown_height,max_stress,mean_stress,boundary_reaction_mean
0.00000000,20741.93963167,14275.78146876,0.00000000
