crown_height,max_stress,mean_stress,boundary_reaction_mean
0.00000000,22291.86115519,14890.94273445,0.00000000
