crown_height,max_stress,mean_stress,boundary_reaction_mean
0.00000000,22162.30275166,14635.15589728,0.00000000
