crown_height,max_stress,mean_stress,boundary_reaction_mean
0.00000000,22158.96235314,14635.14504350,0.00000000
