crown_height,max_stress,mean_stress,boundary_reaction_mean
0.00000000,20741.93954969,14275.78146686,0.00000000
