crown_height,max_stress,mean_stress,boundary_reaction_mean
0.00000000,22845.51209552,15954.91919994,0.00000000
