crown_height,max_stress,mean_stress,boundary_reaction_mean
0.00000000,23154.71582622,16557.43255487,0.00000000
