crown_height,max_stress,mean_stress,boundary_reaction_mean
0.00000000,20816.06529266,14534.03212342,0.00000000
