crown_height,max_stress,mean_stress,boundary_reaction_mean
0.00000000,23057.65943647,16367.70837718,0.00000000
