crown_height,max_stress,mean_stress,boundary_reaction_mean
0.00000000,23358.02828399,16961.72388232,0.00000000
