crown_height,max_stress,mean_stress,boundary_reaction_mean
0.00000000,22162.30310679,14635.15589868,0.00000000
