crown_height,max_stress,mean_stress,boundary_reaction_mean
0.00000000,23410.39347587,17061.50560894,0.00000000
