crown_height,max_stress,mean_stress,boundary_reaction_mean
0.00000000,22158.96228475,14635.14504333,0.00000000
