crown_height,max_stress,mean_stress,boundary_reaction_mean
0.00000000,24334.92374512,16318.07945305,0.00000000
