crown_height,max_stress,mean_stress,boundary_reaction_mean
0.00000000,22162.30302223,14635.15589835,0.00000000
