crown_height,max_stress,mean_stress,boundary_reaction_mean
0.00000000,22162.30308987,14635.15589861,0.00000000
