crown_height,max_stress,mean_stress,boundary_reaction_mean
0.00000000,22482.61176219,15252.68680796,0.00000000
