crown_height,max_stress,mean_stress,boundary_reaction_mean
0.00000000,23152.40195441,16557.42151007,0.00000000
