crown_height,max_stress,mean_stress,boundary_reaction_mean
0.00000000,22295.07395304,14890.95365186,0.00000000
