crown_height,max_stress,mean_stress,boundary_reaction_mean
0.00000000,21688.20920928,16620.22002107,0.00000000
