crown_height,max_stress,mean_stress,boundary_reaction_mean
0.00000000,22482.61177751,15252.68680803,0.00000000
