crown_height,max_stress,mean_stress,boundary_reaction_mean
0.00000000,23621.67450587,14645.95923574,0.00000000
