crown_height,max_stress,mean_stress,boundary_reaction_mean
0.00000000,21747.75629665,16720.80852383,0.00000000
