crown_height,max_stress,mean_stress,boundary_reaction_mean
0.00000000,24549.27999644,16822.92625773,0.00000000
