crown_height,max_stress,mean_stress,boundary_reaction_mean
0.00000000,23512.43573857,14388.80149092,0.00000000
