crown_height,max_stress,mean_stress,boundary_reaction_mean
0.00000000,23408.36263944,17061.49456517,0.00000000
