crown_height,max_stress,mean_stress,boundary_reaction_mean
0.00000000,24506.96537608,16722.89611146,0.00000000
