{"pressure": 1000.0, "motif": 1, "cable_ea": 157000.0, "cable_paths": [[70, 520, 205, 675, 806, 626, 75, 207, 83, 846, 240, 89, 303, 103, 206, 708, 111, 292, 552, 409, 204, 113, 283, 785, 724, 202, 514, 414, 289, 99, 818, 368, 88, 825, 233, 742, 79, 338, 406, 723, 786, 473, 70], [89, 88]], "regions": [{"sf_wale": 1.2368651318391717, "sf_course": 0.9344120498196419, "knit_dir_deg": 94.5352667454643}, {"sf_wale": 1.2533579305976106, "sf_course": 0.9331078281498146, "knit_dir_deg": 83.50550481058411}, {"sf_wale": 1.0538554386383412, "sf_course": 1.0945631126213993, "knit_dir_deg": 177.83412380949565}, {"sf_wale": 1.2126010078474554, "sf_course": 0.9989577349262222, "knit_dir_deg": 90.40714116481456}], "cable_rest_scales": [0.95, 1.0]}