{"pressure": 1000.0, "motif": 1, "cable_ea": 157000.0, "cable_paths": [[70, 520, 205, 675, 806, 626, 75, 207, 83, 846, 240, 89, 303, 103, 206, 708, 111, 292, 552, 409, 204, 113, 283, 785, 724, 202, 514, 414, 289, 99, 818, 368, 88, 825, 233, 742, 79, 338, 406, 723, 786, 473, 70]], "regions": [{"sf_wale": 1.15363381614429, "sf_course": 1.0701408816848474, "knit_dir_deg": 94.80025079601099}, {"sf_wale": 1.1538075796525167, "sf_course": 1.0699844264612262, "knit_dir_deg": 82.29895929762596}, {"sf_wale": 1.155030260560274, "sf_course": 1.0803063759243061, "knit_dir_deg": 177.95090088815073}, {"sf_wale": 1.1786236224863416, "sf_course": 1.0388809734106068, "knit_dir_deg": 90.76382108800833}], "cable_rest_scales": [0.95, 0.95, 0.95, 0.95, 0.95, 0.95, 0.95, 0.95, 0.95, 0.95, 0.95, 0.95, 0.95, 0.95, 0.95, 0.95, 0.95, 0.95, 0.95, 0.95, 0.95, 0.95, 0.95, 0.95, 0.95, 0.95, 0.95, 0.95, 0.95, 0.95, 0.95, 0.95, 0.95, 0.95, 0.95, 0.95, 0.95, 0.95, 0.95, 0.95, 0.95, 0.95]}