{"pressure": 1000.0, "motif": 1, "cable_ea": 157000.0, "cable_paths": [[70, 520, 205, 675, 806, 626, 75, 207, 83, 846, 240, 89, 303, 103, 206, 708, 111, 292, 552, 409, 204, 113, 283, 785, 724, 202, 514, 414, 289, 99, 818, 368, 88, 825, 233, 742, 79, 338, 406, 723, 786, 473, 70], [89, 88]], "regions": [{"sf_wale": 1.2368352797004099, "sf_course": 0.9344729078463382, "knit_dir_deg": 94.5352667454643}, {"sf_wale": 1.2533459999722918, "sf_course": 0.9331510022522729, "knit_dir_deg": 83.50550481058411}, {"sf_wale": 1.087455775061772, "sf_course": 1.131230806276883, "knit_dir_deg": 177.83412380949565}, {"sf_wale": 1.263962250003868, "sf_course": 1.0032139788794567, "knit_dir_deg": 90.40714116481456}], "cable_rest_scales": [0.95, 1.0]}