{"pressure": 1000.0, "motif": 1, "cable_ea": 157000.0, "cable_paths": [[70, 520, 205, 675, 806, 626, 75, 207, 83, 846, 240, 89, 303, 103, 206, 708, 111, 292, 552, 409, 204, 113, 283, 785, 724, 202, 514, 414, 289, 99, 818, 368, 88, 825, 233, 742, 79, 338, 406, 723, 786, 473, 70]], "regions": [{"sf_wale": 1.2690859714473421, "sf_course": 1.1981632067307284, "knit_dir_deg": 94.80025079601099}, {"sf_wale": 1.2692044287243396, "sf_course": 1.21318940333495, "knit_dir_deg": 82.29895929762596}, {"sf_wale": 1.2526659341690725, "sf_course": 1.219908837050525, "knit_dir_deg": 177.95090088815073}, {"sf_wale": 1.281955082402849, "sf_course": 1.0335777519196516, "knit_dir_deg": 90.76382108800833}], "cable_rest_scales": [0.95, 0.95, 0.95, 0.95, 0.95, 0.95, 0.95, 0.95, 0.95, 0.95, 0.95, 0.95, 0.95, 0.95, 0.95, 0.95, 0.95, 0.95, 0.95, 0.95, 0.95, 0.95, 0.95, 0.95, 0.95, 0.95, 0.95, 0.95, 0.95, 0.95, 0.95, 0.95, 0.95, 0.95, 0.95, 0.95, 0.95, 0.95, 0.95, 0.95, 0.95, 0.95]}