{"pressure": 1000.0, "motif": 1, "cable_ea": 157000.0, "cable_paths": [[70, 520, 205, 675, 806, 626, 75, 207, 83, 846, 240, 89, 303, 103, 206, 708, 111, 292, 552, 409, 204, 113, 283, 785, 724, 202, 514, 414, 289, 99, 818, 368, 88, 825, 233, 742, 79, 338, 406, 723, 786, 473, 70]], "regions": [{"sf_wale": 1.1525740157164792, "sf_course": 1.0721649909703748, "knit_dir_deg": 94.5352667454643}, {"sf_wale": 1.1526793750898818, "sf_course": 1.0719015068365823, "knit_dir_deg": 83.50550481058411}, {"sf_wale": 1.1545431760566132, "sf_course": 1.0701699756578045, "knit_dir_deg": 177.83412380949565}, {"sf_wale": 1.1409805899150416, "sf_course": 1.0273372187351741, "knit_dir_deg": 90.40714116481456}], "cable_rest_scales": [0.95, 0.95, 0.95, 0.95, 0.95, 0.95, 0.95, 0.95, 0.95, 0.95, 0.95, 0.95, 0.95, 0.95, 0.95, 0.95, 0.95, 0.95, 0.95, 0.95, 0.95, 0.95, 0.95, 0.95, 0.95, 0.95, 0.95, 0.95, 0.95, 0.95, 0.95, 0.95, 0.95, 0.95, 0.95, 0.95, 0.95, 0.95, 0.95, 0.95, 0.95, 0.95]}