{
  "name": "D5_inner_boundary",
  "n_verts": 42,
  "vertex_indices": [
    70,
    520,
    205,
    675,
    806,
    626,
    75,
    207,
    83,
    846,
    240,
    89,
    303,
    103,
    206,
    708,
    111,
    292,
    552,
    409,
    204,
    113,
    283,
    785,
    724,
    202,
    514,
    414,
    289,
    99,
    818,
    368,
    88,
    825,
    233,
    742,
    79,
    338,
    406,
    723,
    786,
    473
  ],
  "vertices": [
    [
      0.16480723023414612,
      -0.223564013838768,
      0.14286845922470093
    ],
    [
      0.1661723554134369,
      -0.1842309832572937,
      0.1521501988172531
    ],
    [
      0.16592946648597717,
      -0.14503295719623566,
      0.16063934564590454
    ],
    [
      0.1656770557165146,
      -0.10429710894823074,
      0.16946154832839966
    ],
    [
      0.1578589677810669,
      -0.06305497884750366,
      0.1756048947572708
    ],
    [
      0.14785300195217133,
      -0.018269166350364685,
      0.18171708285808563
    ],
    [
      0.1343972235918045,
      0.022548165172338486,
      0.18633748590946198
    ],
    [
      0.11130671948194504,
      0.06365963071584702,
      0.18890130519866943
    ],
    [
      0.08999541401863098,
      0.10160331428050995,
      0.19126756489276886
    ],
    [
      0.0682038888335228,
      0.113885797560215,
      0.19115149974822998
    ],
    [
      0.032566897571086884,
      0.13397207856178284,
      0.19096167385578156
    ],
    [
      0.0,
      0.15232795476913452,
      0.19078820943832397
    ],
    [
      -0.04730480536818504,
      0.12566527724266052,
      0.19104017317295074
    ],
    [
      -0.08999541401863098,
      0.10160331428050995,
      0.19126756489276886
    ],
    [
      -0.11026255786418915,
      0.06551870703697205,
      0.18901723623275757
    ],
    [
      -0.13234564661979675,
      0.02620088681578636,
      0.18656527996063232
    ],
    [
      -0.1462400257587433,
      -0.011049658991396427,
      0.18270237743854523
    ],
    [
      -0.1551889181137085,
      -0.0511041022837162,
      0.1772359013557434
    ],
    [
      -0.16469384729862213,
      -0.09364735335111618,
      0.17142976820468903
    ],
    [
      -0.16586215794086456,
      -0.13417042791843414,
      0.16299185156822205
    ],
    [
      -0.166117861866951,
      -0.1754366010427475,
      0.15405480563640594
    ],
    [
      -0.1662651002407074,
      -0.21439822018146515,
      0.14557215571403503
    ],
    [
      -0.16045914590358734,
      -0.25090089440345764,
      0.13480468094348907
    ],
    [
      -0.15420761704444885,
      -0.2902050018310547,
      0.1232108399271965
    ],
    [
      -0.14774681627750397,
      -0.3301521837711334,
      0.11138223111629486
    ],
    [
      -0.1377945840358734,
      -0.3611198663711548,
      0.10012960433959961
    ],
    [
      -0.12533451616764069,
      -0.3998909294605255,
      0.08604148775339127
    ],
    [
      -0.11288223415613174,
      -0.43863779306411743,
      0.07196216285228729
    ],
    [
      -0.09443335235118866,
      -0.4751817286014557,
      0.05699234455823898
    ],
    [
      -0.0745026171207428,
      -0.5141159892082214,
      0.040973961353302
    ],
    [
      -0.05330117419362068,
      -0.5465745329856873,
      0.02787589840590954
    ],
    [
      -0.024525780230760574,
      -0.5791966319084167,
      0.01512876059859991
    ],
    [
      0.0,
      -0.607001006603241,
      0.004264147020876408
    ],
    [
      0.033204335719347,
      -0.5693578720092773,
      0.018973251804709435
    ],
    [
      0.06242656335234642,
      -0.5362292528152466,
      0.03191833198070526
    ],
    [
      0.08436612784862518,
      -0.49484783411026,
      0.048901285976171494
    ],
    [
      0.10409823060035706,
      -0.45630159974098206,
      0.06476002931594849
    ],
    [
      0.11929928511381149,
      -0.41867032647132874,
      0.07921767979860306
    ],
    [
      0.13197606801986694,
      -0.37922489643096924,
      0.09355083853006363
    ],
    [
      0.14399774372577667,
      -0.3418179452419281,
      0.10714328289031982
    ],
    [
      0.15234854817390442,
      -0.3018932044506073,
      0.1197630763053894
    ],
    [
      0.15860219299793243,
      -0.26257580518722534,
      0.13136084377765656
    ]
  ]
}