# D5 directional field - d2_circumferential
# segment length 0.019999 m (capped at 0.02)
# OBJ 'l' polylines - Rhino imports these as curves
g d2_circumferential
v -0.14636441 -0.55134200 0.01897276
v -0.12730234 -0.54721806 0.02339890
v -0.03193454 -0.60038551 0.00564619
v -0.01207273 -0.59871483 0.00728242
v -0.08755379 -0.58225577 0.00870494
v -0.06809156 -0.57898163 0.01193939
v 0.02738867 -0.61185666 0.00085385
v 0.00742385 -0.61213517 0.00198892
v -0.43429000 -0.41787244 0.00348261
v -0.41686905 -0.41625325 0.01317017
v -0.39492279 -0.41552204 0.02495544
v -0.37858373 -0.41488572 0.03647023
v -0.43411066 -0.33999933 0.04269481
v -0.41787742 -0.34040485 0.05436861
v -0.49046898 -0.33498639 0.00865808
v -0.47257961 -0.33402095 0.01754618
v -0.56667374 -0.21262852 0.00191181
v -0.55078075 -0.21509623 0.01379806
v -0.57909963 -0.17395684 0.00210763
v -0.56266501 -0.17660963 0.01319031
v -0.56874857 -0.04995531 0.03190286
v -0.55539213 -0.05481000 0.04597402
v -0.59677624 0.00967635 0.00910418
v -0.58360947 0.00384773 0.02298306
v -0.53864605 0.00603430 0.06652541
v -0.52465424 0.00042778 0.07966908
v -0.51540475 0.11336826 0.07140471
v -0.50204398 0.10633207 0.08451738
v -0.51135222 0.26372749 0.02368596
v -0.49988436 0.25503223 0.03757266
v -0.43445010 0.32169930 0.05446634
v -0.42397832 0.31172723 0.06828154
v -0.37191860 0.43764508 0.02298322
v -0.36305918 0.42579351 0.03643725
v -0.36764938 0.37198383 0.07432943
v -0.35776283 0.36018795 0.08709944
v -0.24988780 0.38532642 0.11147657
v -0.24169563 0.37069128 0.12236973
v -0.27705619 0.49027201 0.03051444
v -0.27024844 0.47672121 0.04355247
v -0.11474677 0.58263871 0.00733575
v -0.11232649 0.56514974 0.01672928
v -0.14266846 0.55121801 0.02222704
v -0.13959315 0.53608503 0.03493513
v 0.00334245 0.54736327 0.04278100
v 0.00218434 0.53183314 0.05532827
v 0.18037326 -0.55913162 0.01049308
v 0.16114207 -0.55560422 0.01469771
v 0.40558824 -0.45065463 0.00086687
v 0.38804195 -0.44845030 0.01020650
v 0.37519490 -0.47288991 0.00244478
v 0.35724981 -0.46987102 0.01074057
v 0.34328274 -0.49354977 0.00386576
v 0.32513897 -0.49030323 0.01162615
v 0.53058048 -0.28917194 0.00236756
v 0.51377594 -0.28951497 0.01320499
v 0.46885546 -0.32685272 0.02343824
v 0.45311302 -0.32721249 0.03576732
v 0.43652788 -0.40189172 0.00917566
v 0.41906286 -0.40027059 0.01878321
v 0.57742285 -0.00980319 0.02773415
v 0.56442639 -0.01375111 0.04241291
v 0.57321387 0.15984103 0.00908036
v 0.55800032 0.15348297 0.02039774
v 0.50619828 0.11998963 0.07857183
v 0.49247886 0.11389655 0.09178592
v 0.57438096 -0.05104843 0.02515373
v 0.56100201 -0.05470055 0.03956296
v 0.44587142 0.40580664 0.00386505
v 0.43416051 0.39579952 0.01661935
v 0.41702988 0.30958705 0.07489174
v 0.40548603 0.30073322 0.08861432
v 0.49929186 0.18101761 0.07251708
v 0.48688336 0.17461014 0.08683258
v 0.21561629 0.46820145 0.07428450
v 0.20792568 0.45427442 0.08640276
v 0.26012807 0.45340882 0.06532583
v 0.25185261 0.44091904 0.07857279
v 0.39168869 0.37075412 0.06017137
v 0.38091719 0.36126423 0.07409534
v 0.08203634 0.58743262 0.00819573
v 0.07857030 0.57030591 0.01792314
v 0.14126325 0.49996687 0.06390619
v 0.13579605 0.48482644 0.07577367
v -0.05578105 -0.57032355 0.01686432
v -0.03620322 -0.56735344 0.01966554
v -0.18480931 -0.53896002 0.02187041
v -0.16597007 -0.53506430 0.02733542
v 0.22542753 -0.54746673 0.00910644
v 0.20655125 -0.54448496 0.01500181
v -0.15331768 -0.48827190 0.05450345
v -0.13427031 -0.48259540 0.05672491
v -0.22088184 -0.42681112 0.08501872
v -0.20177530 -0.42197764 0.08841540
v -0.14629848 -0.52124836 0.03734343
v -0.12722136 -0.51605660 0.04035490
v -0.25852828 -0.47700787 0.04423702
v -0.24030469 -0.47394609 0.05188464
v -0.22126929 -0.48442616 0.05018908
v -0.20256452 -0.48051063 0.05608483
v -0.27601430 -0.48312227 0.03292443
v -0.25821425 -0.48062895 0.04169378
v -0.16381251 -0.35197010 0.10838387
v -0.14481935 -0.34616343 0.10603809
v -0.19218799 -0.38008968 0.10417409
v -0.17308936 -0.37425071 0.10312123
v -0.25932618 -0.31919781 0.12999355
v -0.23966902 -0.31603669 0.13188127
v -0.24364617 -0.33376309 0.12440115
v -0.22405837 -0.33027952 0.12643655
v -0.27376809 -0.28623169 0.14244675
v -0.25397415 -0.28340362 0.14284892
v -0.25787650 -0.39682246 0.09476026
v -0.23882869 -0.39313616 0.09961330
v -0.32010938 -0.27242200 0.13865563
v -0.30086580 -0.27188297 0.14407359
v -0.27676725 -0.38090507 0.09879966
v -0.25767940 -0.37756077 0.10374228
v -0.35757568 -0.36171829 0.07960662
v -0.33957332 -0.36038681 0.08821488
v -0.33881266 -0.39888573 0.06847516
v -0.32077288 -0.39680989 0.07685473
v -0.35671889 -0.34006050 0.09144497
v -0.33867618 -0.33917490 0.10002613
v -0.41519596 -0.35673766 0.04646125
v -0.39882098 -0.35684782 0.05794202
v -0.37755938 -0.36794495 0.06468168
v -0.36046545 -0.36738754 0.07504735
v -0.39711031 -0.39487582 0.03640078
v -0.38063551 -0.39439043 0.04772798
v -0.22287256 -0.26495310 0.14524419
v -0.20327805 -0.26210652 0.14243135
v -0.28318241 -0.17716014 0.17116104
v -0.26322324 -0.17837617 0.17149723
v -0.27716784 -0.26435678 0.14898541
v -0.25724487 -0.26263206 0.14923208
v -0.36993628 -0.20339041 0.14386021
v -0.35106731 -0.20490668 0.15031182
v -0.34862754 -0.12137657 0.17152914
v -0.32936940 -0.12465032 0.17581476
v -0.42505861 -0.06365610 0.14902814
v -0.40718993 -0.06826633 0.15673632
v -0.42194134 -0.19928276 0.11937006
v -0.40454140 -0.20153511 0.12896844
v -0.41654088 -0.16406810 0.13149086
v -0.39872126 -0.16679126 0.14015143
v -0.43842252 -0.09830620 0.13527447
v -0.42148777 -0.10243941 0.14507708
v -0.50173750 -0.11400745 0.08329383
v -0.48641818 -0.11785559 0.09556046
v -0.42907467 -0.17892558 0.12059100
v -0.41149959 -0.18144459 0.12979595
v -0.50888416 -0.13405676 0.07198069
v -0.49347386 -0.13756987 0.08423389
v -0.52709053 -0.05543769 0.07603464
v -0.51200313 -0.06010445 0.08830459
v -0.50060499 -0.15424812 0.07391636
v -0.48507525 -0.15754628 0.08607817
v -0.18586984 -0.11208757 0.17187290
v -0.16664422 -0.11507353 0.16724477
v -0.25185721 -0.15835316 0.17607274
v -0.23197254 -0.15968374 0.17440250
v -0.25539246 -0.08219332 0.18711575
v -0.23597121 -0.08673044 0.18563604
v -0.27381137 -0.05001891 0.19087613
v -0.25461488 -0.05561012 0.19043631
v -0.32910384 -0.02811985 0.18418099
v -0.31037544 -0.03425466 0.18758263
v -0.30909869 -0.12039444 0.18006213
v -0.28939173 -0.12347117 0.18152148
v -0.32504745 -0.00257819 0.18657544
v -0.30661909 -0.00960588 0.18988713
v -0.37158057 -0.00349262 0.17180410
v -0.35374589 -0.01003330 0.17805741
v -0.40542938 0.06923405 0.15597388
v -0.38885481 0.06150143 0.16406403
v -0.38684392 -0.06545789 0.16566991
v -0.36867207 -0.07023750 0.17251819
v -0.40838499 -0.00443084 0.15725212
v -0.39071223 -0.01064380 0.16425446
v -0.42061154 0.10761623 0.14389837
v -0.40537936 0.09948066 0.15398564
v -0.43985967 0.07158857 0.13532062
v -0.42410713 0.06423923 0.14521024
v -0.46199542 -0.03957288 0.12864372
v -0.44546571 -0.04476546 0.13863199
v -0.50854556 0.00221486 0.09267611
v -0.49351992 -0.00349016 0.10457749
v -0.50338117 0.07573532 0.08821856
v -0.48886472 0.06895672 0.10018865
v -0.51295732 0.16253826 0.06499231
v -0.50090813 0.15504386 0.07908526
v -0.45991811 0.01038885 0.12700985
v -0.44372910 0.00427263 0.13703322
v -0.17675029 -0.00009978 0.18850584
v -0.15921445 -0.00899734 0.18486064
v -0.18772368 -0.04384225 0.18421915
v -0.16921427 -0.05008400 0.17992937
v -0.22942824 0.13540008 0.19537002
v -0.21456221 0.12209633 0.19677414
v -0.25038520 0.14421591 0.19174039
v -0.23543174 0.13136928 0.19510465
v -0.30303275 0.10166735 0.18719782
v -0.28644920 0.09115795 0.19100553
v -0.31115669 0.04548335 0.19050957
v -0.29334052 0.03674864 0.19300936
v -0.29240515 0.15948863 0.18162838
v -0.27728043 0.14738569 0.18660045
v -0.36677497 0.14382199 0.16194905
v -0.35107127 0.13363304 0.16898746
v -0.32083325 0.26718806 0.14565854
v -0.30858285 0.25460739 0.15523009
v -0.39723834 0.19574657 0.13288914
v -0.38315278 0.18571123 0.14293150
v -0.40165539 0.14444615 0.14671578
v -0.38648846 0.13523410 0.15593871
v -0.46254498 0.18998665 0.09841168
v -0.44882741 0.18108297 0.10992310
v -0.13934421 0.07957352 0.19220285
v -0.12479727 0.06599476 0.19021196
v -0.14979512 0.14499054 0.19446223
v -0.13789390 0.12892259 0.19408573
v -0.17652690 0.22806111 0.18406715
v -0.16644999 0.21121300 0.18788253
v -0.13858939 0.20119304 0.19051508
v -0.12953509 0.18345056 0.19229955
v -0.17193768 0.17761451 0.19288930
v -0.16018553 0.16146914 0.19397273
v -0.21085202 0.15017080 0.19503112
v -0.19691290 0.13588979 0.19634019
v -0.16775527 0.27002515 0.17554288
v -0.15910641 0.25257625 0.18009184
v -0.23890713 0.20571960 0.18394839
v -0.22586984 0.19109350 0.18795665
v -0.21627772 0.28003577 0.16543019
v -0.20629306 0.26403126 0.17207265
v -0.29073228 0.24210505 0.16448726
v -0.27778024 0.22863296 0.17160818
v -0.14006371 0.38760845 0.13340771
v -0.13468742 0.37037023 0.14200418
v -0.28692202 0.30040623 0.14297246
v -0.27579255 0.28637070 0.15186621
v -0.31099031 0.30504115 0.13494791
v -0.29946731 0.29134669 0.14387216
v -0.26751121 0.41215383 0.09069133
v -0.25926007 0.39756655 0.10160417
v -0.32484265 0.36710567 0.09631199
v -0.31482284 0.35376034 0.10733313
v -0.07110022 0.17578245 0.19108960
v -0.06535287 0.15662748 0.19096588
v -0.09794477 0.17742841 0.19232747
v -0.09036854 0.15892304 0.19199292
v -0.03652531 0.24167024 0.18273369
v -0.03465999 0.22201820 0.18593962
v -0.06049486 0.26994347 0.17766583
v -0.05752014 0.25051116 0.18133955
v -0.05279626 0.30525939 0.16807448
v -0.05074055 0.28609526 0.17341025
v -0.00945562 0.36819160 0.14616536
v -0.00972393 0.34959684 0.15352218
v -0.03888542 0.33751835 0.15776971
v -0.03761553 0.31848916 0.16378944
v -0.10416156 0.31028519 0.16629887
v -0.09932645 0.29177530 0.17212688
v -0.08057608 0.41035452 0.12485699
v -0.07806384 0.39263360 0.13377986
v -0.04410369 0.39036842 0.13584308
v -0.04298133 0.37213683 0.14398615
v -0.11956960 0.42679562 0.11385120
v -0.11552247 0.40970040 0.12340809
v -0.05514613 0.46061928 0.09846963
v -0.05387745 0.44346717 0.10867528
v -0.05726783 0.49329269 0.07834905
v -0.05611690 0.47631977 0.08886359
v -0.12782691 0.48095694 0.07943512
v -0.12431181 0.46460880 0.09040519
v -0.17415319 0.46989839 0.08263721
v -0.16902168 0.45387536 0.09344878
v 0.12678767 0.16411522 0.19367943
v 0.11640140 0.14703795 0.19300687
v 0.03613698 0.22399316 0.18568825
v 0.03282828 0.20439023 0.18786483
v 0.00022249 0.27078923 0.17698324
v -0.00042799 0.25116400 0.18077627
v 0.00528331 0.24964816 0.18104309
v 0.00428114 0.22996085 0.18441433
v 0.15941182 0.25427119 0.17997502
v 0.14979588 0.23724828 0.18418384
v 0.05131484 0.31654201 0.16472480
v 0.04792530 0.29762341 0.17025268
v 0.10920435 0.33495148 0.15737581
v 0.10331328 0.31710893 0.16422407
v 0.12906667 0.36497250 0.14480072
v 0.12271516 0.34750509 0.15218367
v 0.08238485 0.38403725 0.13749134
v 0.07792745 0.36637106 0.14573738
v 0.04815874 0.42711643 0.11802553
v 0.04527320 0.40944036 0.12692444
v 0.10291321 0.39241530 0.13274744
v 0.09775036 0.37509621 0.14131215
v 0.02244247 0.45436463 0.10437826
v 0.02056772 0.43692850 0.11399215
v 0.19352773 0.43986109 0.09893606
v 0.18565282 0.42436829 0.10883147
v 0.10928509 0.52596063 0.04728402
v 0.10500018 0.51091628 0.05974464
v 0.06793588 0.45598732 0.10025408
v 0.06448134 0.43911109 0.11041376
v 0.11885967 -0.50596560 0.04533041
v 0.09953561 -0.50101194 0.04674532
v 0.19283000 -0.42768736 0.08547822
v 0.17368823 -0.42190143 0.08575296
v 0.19626333 -0.47085114 0.06197349
v 0.17714446 -0.46666611 0.06608617
v 0.15795440 -0.47745883 0.05993406
v 0.13871604 -0.47229955 0.06173056
v 0.25455250 -0.39328345 0.09739072
v 0.23525710 -0.38931338 0.10083834
v 0.23447593 -0.46625078 0.05846687
v 0.21574262 -0.46304714 0.06469260
v 0.27173092 -0.46440847 0.04888059
v 0.25356707 -0.46209606 0.05692342
v 0.21799617 -0.49699981 0.04190568
v 0.19928032 -0.49403975 0.04830216
v 0.25091259 -0.49419284 0.03448773
v 0.23255414 -0.49167411 0.04200991
v 0.25025576 -0.54858796 0.00268632
v 0.23145736 -0.54548049 0.00876282
v 0.16212021 -0.36845187 0.10259471
v 0.14305265 -0.36274119 0.10065144
v 0.13267532 -0.44559393 0.07186992
v 0.11361040 -0.43956284 0.07153075
v 0.27777797 -0.31647904 0.12871384
v 0.25820989 -0.31394792 0.13197632
v 0.32772859 -0.35818541 0.09418201
v 0.30928764 -0.35661892 0.10176077
v 0.31350182 -0.24949181 0.14789725
v 0.29380366 -0.24846167 0.15119593
v 0.27468929 -0.40116355 0.08980978
v 0.25570851 -0.39784508 0.09516496
v 0.36756808 -0.36352787 0.07242214
v 0.35004768 -0.36271266 0.08203104
v 0.39020969 -0.23517814 0.12690977
v 0.37183983 -0.23560283 0.13480458
v 0.31807061 -0.32174732 0.11715605
v 0.29899385 -0.31998134 0.12289354
v 0.38119009 -0.39627851 0.04593519
v 0.36421312 -0.39538955 0.05646856
v 0.36657109 -0.30610175 0.10545050
v 0.34851588 -0.30568415 0.11404090
v 0.44859272 -0.33810270 0.03257681
v 0.43261135 -0.33829325 0.04459843
v 0.41260109 -0.43082839 0.00786340
v 0.39501212 -0.42877194 0.01715636
v 0.46872696 -0.25994938 0.06596151
v 0.45269260 -0.26132321 0.07783467
v 0.21281403 -0.27772837 0.14125878
v 0.19359563 -0.27386502 0.13729803
v 0.17040738 -0.32804503 0.11702240
v 0.15133938 -0.32286976 0.11392600
v 0.27645461 -0.15759908 0.17578126
v 0.25651335 -0.15893503 0.17650337
v 0.27292060 -0.17952154 0.17075599
v 0.25294677 -0.18025045 0.17144509
v 0.25541760 -0.18739244 0.16942093
v 0.23544621 -0.18742756 0.16837093
v 0.29832642 -0.26421570 0.14659982
v 0.27861456 -0.26263215 0.14958226
v 0.32726189 -0.12569659 0.17632666
v 0.30760365 -0.12821323 0.17900629
v 0.30554476 -0.13234499 0.17844797
v 0.28571404 -0.13455320 0.17979937
v 0.34942004 -0.21781561 0.14743661
v 0.33007247 -0.21804580 0.15249414
v 0.42309240 -0.20537595 0.11720999
v 0.40567001 -0.20686339 0.12691605
v 0.37300651 -0.25073285 0.13020704
v 0.35453369 -0.25074143 0.13786959
v 0.44574052 -0.12865138 0.12266340
v 0.42908382 -0.13155667 0.13334394
v 0.42678616 -0.22825587 0.10892113
v 0.40934382 -0.22933196 0.11864569
v 0.51102892 -0.12425106 0.07261821
v 0.49569999 -0.12717125 0.08512646
v 0.49297963 -0.04327617 0.10715388
v 0.47711909 -0.04720035 0.11868662
v 0.19903912 -0.14370835 0.16869445
v 0.17968854 -0.14516662 0.16385829
v 0.18423034 -0.02389288 0.18673982
v 0.16592159 -0.03076157 0.18254806
v 0.18641849 -0.20603755 0.15243698
v 0.16703071 -0.20456789 0.14775573
v 0.29406685 -0.08928830 0.18623405
v 0.27439993 -0.09287945 0.18570880
v 0.39092472 -0.09340402 0.16209459
v 0.37231490 -0.09674041 0.16861404
v 0.33141081 -0.09952765 0.17885927
v 0.31198105 -0.10290313 0.18218352
v 0.40652637 -0.02855249 0.15835982
v 0.38839308 -0.03350905 0.16518450
v 0.48316263 0.02979942 0.10886495
v 0.46794626 0.02455976 0.12073795
v 0.54121787 0.09994358 0.04734350
v 0.52829383 0.09459935 0.06163924
v 0.44931352 0.10535536 0.12596750
v 0.43406338 0.09846863 0.13692041
v 0.46776714 0.07235160 0.11615275
v 0.45256889 0.06624752 0.12762939
v 0.19485891 -0.10251304 0.17556564
v 0.17566230 -0.10593920 0.17112588
v 0.24322038 0.03269693 0.19666476
v 0.22532608 0.02378436 0.19609900
v 0.20196988 0.03697938 0.19619621
v 0.18486286 0.02722657 0.19270442
v 0.20613984 -0.05974853 0.18557369
v 0.18747412 -0.06493187 0.18060541
v 0.28334026 0.02506391 0.19456333
v 0.26504811 0.01706417 0.19573008
v 0.25066681 0.10767097 0.19450085
v 0.23434463 0.09622902 0.19612205
v 0.36098736 0.09313861 0.17262043
v 0.34409448 0.08453519 0.17899003
v 0.31030634 0.13591359 0.18054791
v 0.29430410 0.12534174 0.18621572
v 0.32387576 0.11534231 0.18012900
v 0.30737575 0.10558056 0.18582267
v 0.41238211 0.20812488 0.12073602
v 0.39848659 0.19935973 0.13213983
v 0.37318746 0.23261207 0.13387277
v 0.35894498 0.22216332 0.14325016
v 0.31437902 0.27060465 0.14698062
v 0.30156847 0.25849035 0.15641956
v 0.41073358 0.12583173 0.14603275
v 0.39549313 0.11801530 0.15635708
v 0.46866114 0.17217517 0.10142542
v 0.45372060 0.16456697 0.11232751
v 0.36542054 0.30599887 0.11047085
v 0.35297710 0.29536161 0.12195865
v 0.18221186 0.07521390 0.19715861
v 0.16654552 0.06314295 0.19418913
v 0.13900617 0.12654307 0.19453010
v 0.12655622 0.11099035 0.19277745
v 0.20107376 0.17793891 0.19147651
v 0.18818929 0.16280565 0.19369797
v 0.18465237 0.14343806 0.19568008
v 0.17122747 0.12862191 0.19614214
v 0.24830942 0.16110129 0.19044450
v 0.23367597 0.14775108 0.19320023
v 0.23678947 0.25901223 0.16906705
v 0.22479637 0.24427916 0.17531701
v 0.13028974 0.28383553 0.17447649
v 0.12270010 0.26588229 0.17895295
v 0.27468369 0.31775887 0.13833637
v 0.26310466 0.30406919 0.14719519
v 0.19375127 0.32706547 0.15288276
v 0.18431359 0.31102971 0.16021384
v 0.18149818 0.24591089 0.18012860
v 0.17079088 0.22952851 0.18424336
v 0.21993339 0.37800074 0.12471902
v 0.21075072 0.36289399 0.13406914
v 0.21472673 0.31435271 0.15377491
v 0.20440329 0.29887325 0.16110793
v 0.37820845 0.34072470 0.08771044
v 0.36626747 0.33033189 0.09993184
v -0.59778237 -0.09367039 0.00162164
v -0.58120259 -0.09710500 0.01226468
v 0.47834129 0.35414380 0.00801684
v 0.46470703 0.34415020 0.01870304
v 0.31337388 -0.51737455 0.00120366
v 0.29466180 -0.51335069 0.00700251
v 0.38024641 -0.43656192 0.02054026
v 0.36298226 -0.43477299 0.03047549
v 0.28362898 -0.49477897 0.02093439
v 0.26596679 -0.49291453 0.03012846
v -0.28936811 -0.51597319 0.00948094
v -0.27072261 -0.51151896 0.01517879
v -0.29564055 -0.46964713 0.03568292
v -0.27784325 -0.46694630 0.04439622
v -0.50334558 -0.23188596 0.05083460
v -0.48725040 -0.23408595 0.06249930
v 0.53636868 -0.08819070 0.05774719
v 0.52194946 -0.09152255 0.07119877
v 0.36363110 -0.43440745 0.03048668
v 0.34665470 -0.43318780 0.04098784
v 0.44824152 0.32196113 0.04319828
v 0.43667757 0.31344244 0.05711471
v -0.48490146 0.21738263 0.06974884
v -0.47276506 0.20895166 0.08322424
v -0.09714827 0.50430601 0.06577327
v -0.09496023 0.48838398 0.07767543
v -0.22264735 0.52746735 0.02627894
v -0.21757226 0.51363558 0.03980246
v 0.46692832 -0.15553578 0.10062844
v 0.45048670 -0.15801811 0.11174020
v 0.44804003 0.20555636 0.10089143
v 0.43389805 0.19732795 0.11239176
v 0.40939035 0.23109645 0.11368043
v 0.39574375 0.22195846 0.12509215
v -0.14440421 0.42335568 0.11438737
v -0.13943327 0.40646189 0.12386628
v -0.43225469 -0.21640136 0.10889282
v -0.41507570 -0.21848845 0.11891710
v -0.39099763 -0.13413687 0.15207037
v -0.37278785 -0.13741832 0.15965959
v 0.43520032 -0.16733371 0.11967962
v 0.41819916 -0.16958791 0.12996744
v -0.22421403 -0.46438308 0.06208196
v -0.20548271 -0.46052677 0.06793229
v -0.36537292 0.11789601 0.16772935
v -0.34919621 0.10820589 0.17439085
v 0.34661748 0.15497436 0.16675917
v 0.33063944 0.14477522 0.17313411
v 0.31738458 0.19876394 0.16703174
v 0.30268399 0.18694524 0.17367789
v 0.36681826 -0.20277563 0.14516046
v 0.34784602 -0.20362306 0.15142909
v -0.33441306 -0.19869403 0.15666755
v -0.31482958 -0.19986424 0.16055054
v 0.25410795 -0.43524430 0.07461020
v 0.23530616 -0.43189685 0.08054714
v -0.19915595 -0.52332782 0.02962947
v -0.18037548 -0.51933933 0.03522820
v 0.32376992 0.05673142 0.18792058
v 0.30592599 0.04846872 0.19156504
v 0.32276696 0.15749018 0.17312182
v 0.30721459 0.14676753 0.17968755
v 0.09672479 0.30445401 0.16851649
v 0.09105213 0.28595086 0.17355778
v 0.29081454 -0.21390890 0.16105777
v 0.27084736 -0.21356504 0.16213188
v 0.12880655 -0.54811835 0.02228314
v 0.10942685 -0.54477223 0.02591508
v -0.20588686 0.10229183 0.19745030
v -0.19061058 0.08938583 0.19762514
v -0.25366427 0.01789769 0.19662769
v -0.23557724 0.00942207 0.19563623
v 0.04089040 0.28030450 0.17476142
v 0.03785963 0.26102444 0.17912647
v -0.29198623 -0.08397783 0.18645198
v -0.27246310 -0.08830394 0.18614810
v 0.22851032 -0.11575211 0.18125407
v 0.20938328 -0.11828742 0.17599210
v 0.25630396 -0.08277754 0.18696042
v 0.23679505 -0.08696110 0.18559656
v -0.02719040 0.19549286 0.18860153
v -0.02556761 0.17557489 0.18937682
v -0.06855584 0.21648699 0.18743692
v -0.06396321 0.19718405 0.18993976
v 0.16118298 0.11171633 0.19623006
v 0.14738419 0.09736094 0.19436565
v 0.16194969 0.17459495 0.19275020
v 0.15034775 0.15836349 0.19412660
v -0.25042944 -0.10531171 0.18375983
v -0.23081078 -0.10903523 0.18266275
v 0.11752912 0.09460031 0.19177988
v 0.10425909 0.07974626 0.18998443
v 0.06746127 0.41679288 0.12226568
v 0.06385912 0.39923746 0.13114215
v -0.21947244 0.04015271 0.19671260
v -0.20222417 0.03005317 0.19603710
v -0.15975324 0.04004869 0.19085601
v -0.14345028 0.02882380 0.18799673
v -0.17623581 0.28977235 0.16842086
v -0.16782388 0.27284636 0.17495616
v 0.16100040 -0.49923579 0.04906119
v 0.14173958 -0.49428116 0.05116657
v 0.18202364 0.53445442 0.02988575
v 0.17582574 0.52025601 0.04253293
v -0.55462732 0.12483634 0.02880958
v -0.54225188 0.11801375 0.04296094
v -0.47109830 -0.32720576 0.02164064
v -0.45524057 -0.32787597 0.03380794
v 0.48357099 -0.36139666 0.00232952
v 0.46587279 -0.35994598 0.01152893
v -0.33624449 0.50245308 0.00168147
v -0.32734662 0.48775801 0.01192076
v 0.11773141 -0.58410073 0.00402243
v 0.09828950 -0.58148701 0.00791352
v 0.32931691 0.49621531 0.00686531
v 0.31880381 0.48228309 0.01662890
v -0.10506185 -0.53836833 0.02962871
v -0.08581857 -0.53337238 0.03179586
v 0.48546172 -0.07918045 0.10607220
v 0.46957552 -0.08269780 0.11770049
v -0.17301863 -0.31597335 0.12124469
v -0.15397708 -0.31088528 0.11785489
v 0.49591331 0.22481702 0.05697895
v 0.48335727 0.21776944 0.07085833
v -0.54399317 -0.18695438 0.02558813
v -0.52922013 -0.18992930 0.03873602
v -0.53583533 -0.12050991 0.04957610
v -0.52123647 -0.12425044 0.06272303
v 0.23578228 -0.17515340 0.17141020
v 0.21630626 -0.17482507 0.16687845
v 0.22141163 -0.23014709 0.15496788
v 0.20194109 -0.22806101 0.15090505
v -0.18005037 -0.06838001 0.17896923
v -0.16125967 -0.07347139 0.17439242
v -0.24192173 -0.06428835 0.18926112
v -0.22267698 -0.06951103 0.18773693
v -0.54357207 0.08956475 0.04682591
v -0.53094959 0.08310749 0.06093040
v -0.46859982 0.14556033 0.10640998
v -0.45488820 0.13760487 0.11860269
v -0.37836176 0.33597911 0.09033415
v -0.36730141 0.32421712 0.10213603
v -0.42414784 0.30761406 0.07026312
v -0.41327207 0.29744870 0.08361764
v -0.02174098 0.51185169 0.06921159
v -0.02187614 0.49504910 0.08005662
v -0.06124206 0.52431770 0.05475259
v -0.06033993 0.50859491 0.06707899
v 0.22460357 -0.51555011 0.02823194
v 0.20590039 -0.51264333 0.03468963
v 0.26229570 0.35335491 0.12448452
v 0.25180046 0.33932800 0.13413107
v 0.24641538 0.51088593 0.03007758
v 0.23856370 0.49790922 0.04311276
v -0.22820049 0.41528362 0.10215696
v -0.22088881 0.40010283 0.11292929
v 0.09633317 -0.52142132 0.03783802
v 0.07691872 -0.51702841 0.03977230
v -0.43522773 -0.32011248 0.05403586
v -0.41900717 -0.32092532 0.06570602
v 0.17222057 -0.03969899 0.18204824
v 0.15360868 -0.04573209 0.17790586
v 0.48651494 0.12027896 0.09603443
v 0.47203629 0.11386417 0.10824833
v 0.39834568 0.08741078 0.15843077
v 0.38174760 0.07982027 0.16660682
v 0.44895240 -0.25745142 0.08300444
v 0.43247928 -0.25861971 0.09428412
v 0.33929200 -0.28423337 0.13004226
v 0.32009450 -0.28293761 0.13549544
v -0.10630534 0.36961962 0.14352922
v -0.10231355 0.35152331 0.15104914
v 0.42969908 -0.12400928 0.13499967
v 0.41191139 -0.12667262 0.14374407
v 0.38241376 -0.14112077 0.15437764
v 0.36397475 -0.14355620 0.16172825
v -0.23645484 -0.50975621 0.02849863
v -0.21812008 -0.50645758 0.03577295
v -0.40716095 0.04447100 0.15561042
v -0.39054239 0.03727397 0.16409489
v -0.37320204 0.03738567 0.17120081
v -0.35605320 0.02995352 0.17831700
v 0.02486572 0.15909202 0.19046283
v 0.02080213 0.13951562 0.19092297
v 0.06328700 0.35237560 0.15143788
v 0.05952238 0.33410993 0.15865957
v 0.00321236 0.44064755 0.11277981
v 0.00213842 0.42272418 0.12158659
v 0.14666092 -0.53437014 0.02951397
v 0.12733211 -0.53036591 0.03272695
v -0.29991861 0.20407713 0.17125427
v -0.28589233 0.19145948 0.17788892
v 0.32103232 -0.49752938 0.00894975
v 0.30236002 -0.49332445 0.01474833
v -0.36178360 -0.48766831 0.00023741
v -0.34345097 -0.48320920 0.00687000
v -0.31922940 -0.41429492 0.06801628
v -0.30094743 -0.41155607 0.07564702
v -0.39886263 -0.29051959 0.09709486
v -0.38111660 -0.29086048 0.10631018
v -0.36142522 -0.16256078 0.15818171
v -0.34212496 -0.16467331 0.16297723
v 0.12966031 0.32155549 0.16207575
v 0.12288672 0.30398648 0.16881432
v -0.28412957 -0.32250559 0.12423985
v -0.26476615 -0.32038156 0.12876827
v -0.23125821 -0.28836036 0.14092220
v -0.21179144 -0.28461929 0.13827467
v 0.32081596 -0.29818672 0.12781757
v 0.30166117 -0.29681726 0.13340137
v -0.27484113 -0.07297884 0.18812534
v -0.25544660 -0.07784117 0.18771311
v -0.26165098 -0.00595004 0.19543695
v -0.24307349 -0.01328447 0.19441582
v -0.18993728 -0.47470551 0.06097432
v -0.17093894 -0.46976045 0.06479131
v -0.38208844 -0.15462313 0.15092920
v -0.36386820 -0.15752445 0.15864704
v -0.44487913 -0.13415693 0.12169733
v -0.42826484 -0.13776159 0.13222976
v -0.18731457 -0.19683556 0.15490930
v -0.16793724 -0.19599574 0.15003347
v -0.23175778 -0.15612806 0.17485985
v -0.21248159 -0.15693047 0.16959254
v 0.23376462 -0.42591305 0.08409964
v 0.21459369 -0.42145303 0.08764135
v 0.31106398 0.17642715 0.17315320
v 0.29610414 0.16487949 0.17969651
v -0.01129092 0.31255849 0.16583860
v -0.01134374 0.29337184 0.17148039
v -0.09769105 0.33006050 0.15926824
v -0.09354446 0.31165012 0.16588818
v -0.07755932 0.13330052 0.19148598
v -0.06980896 0.11486687 0.19118178
v -0.17183482 0.15372255 0.19475673
v -0.15938543 0.13807719 0.19519916
v 0.20666321 -0.03668131 0.18927451
v 0.18826094 -0.04277565 0.18435765
v -0.21306993 0.17396123 0.19151685
v -0.19980562 0.15923901 0.19421396
v 0.20543269 0.15536010 0.19426286
v 0.19176047 0.14086123 0.19594008
v 0.21788650 0.19208922 0.18838926
v 0.20485979 0.17722810 0.19145714
v 0.18209571 -0.50581753 0.04308829
v 0.16296615 -0.50197641 0.04747756
v 0.07142535 0.25451565 0.18121868
v 0.06636004 0.23545247 0.18451986
v 0.07046322 0.19827279 0.18919666
v 0.06442998 0.17925731 0.19060081
v 0.11955903 0.24490532 0.18373844
v 0.11167303 0.22680860 0.18694459
v -0.50121828 0.31617731 0.00990240
v -0.48831764 0.30552981 0.02086434
v -0.47570247 0.35431241 0.00982885
v -0.46331918 0.34297517 0.02069536
v 0.16834773 -0.39243781 0.09610239
v 0.14934215 -0.38643013 0.09447278
v -0.18192444 0.07146796 0.19724755
v -0.16634262 0.05935514 0.19401546
v 0.13928663 0.07969635 0.19217227
v 0.12472343 0.06613730 0.19016592
v 0.21974844 -0.33826841 0.12280937
v 0.20033747 -0.33364042 0.12148426
v -0.05483299 0.19700179 0.18963712
v -0.05083648 0.17741273 0.19014393
v -0.09578295 0.25547215 0.18117328
v -0.09059003 0.23645788 0.18455725
v -0.24003051 0.28748845 0.15888988
v -0.22950451 0.27195210 0.16580257
v 0.35356615 0.49109921 0.00137255
v 0.34281615 0.47764245 0.01153685
v -0.31460806 0.46705594 0.02934265
v -0.30693493 0.45420841 0.04261005
v -0.37633050 0.40546481 0.04536606
v -0.36712595 0.39389626 0.05883472
v -0.58788552 0.08149886 0.00912508
v -0.57341971 0.07481430 0.02120882
v -0.57564339 0.04321862 0.02366825
v -0.56257068 0.03714459 0.03753081
v -0.48339250 0.30796940 0.02240472
v -0.47244981 0.29858336 0.03626545
v 0.54293454 0.19642728 0.02639454
v 0.53064159 0.19016136 0.04087147
v 0.58713558 -0.09644445 0.00865132
v 0.57034148 -0.09889433 0.01923037
v 0.54021810 -0.10929855 0.04819537
v 0.52576961 -0.11238276 0.06167457
v 0.04763889 0.54233717 0.04275098
v 0.04518327 0.52666621 0.05493092
v -0.23362850 0.54600466 0.01021077
v -0.22796961 0.53087298 0.02199930
v 0.32593893 0.38867491 0.08150565
v 0.31533133 0.37688840 0.09369240
v 0.36777133 0.40428726 0.05052706
v 0.35719395 0.39374135 0.06382603
v 0.56673062 -0.18304503 0.00888480
v 0.55051871 -0.18512039 0.02040985
v 0.54343735 0.26593724 0.00190634
v 0.52981009 0.25788779 0.01413190
v 0.45149001 0.29985233 0.05247245
v 0.43975135 0.29157082 0.06638577
v -0.19617680 -0.25903825 0.14169201
v -0.17684457 -0.25589638 0.13764805
v -0.54115066 -0.16532509 0.03330686
v -0.52641375 -0.16852849 0.04644160
v 0.48680831 -0.33871718 0.00913988
v 0.46907545 -0.33742648 0.01829631
v -0.46365344 -0.39058621 0.00072954
v -0.44572316 -0.38894529 0.00943426
v -0.48640683 -0.23354940 0.06335600
v -0.47123567 -0.23619558 0.07611506
v 0.38663606 -0.02065939 0.16591917
v 0.36867354 -0.02598603 0.17291449
v 0.39305594 -0.06919079 0.16316232
v 0.37473610 -0.07325554 0.17007761
v 0.28218326 0.47915785 0.03621426
v 0.27350880 0.46671572 0.04924910
v 0.24834215 0.44093119 0.08001515
v 0.23955464 0.42709225 0.09147044
v -0.47377247 0.04882502 0.11389811
v -0.45887709 0.04225198 0.12551202
v 0.41178655 -0.26535990 0.10412583
v 0.39422963 -0.26575330 0.11369452
v 0.50704642 -0.10351479 0.08142168
v 0.49174541 -0.10670350 0.09389851
v 0.47565242 -0.03747836 0.11996253
v 0.45879777 -0.04159285 0.12990998
v 0.07908322 -0.59555429 0.00313880
v 0.05944382 -0.59364051 0.00639324
v -0.21070755 0.40501435 0.11345266
v -0.20356388 0.38930987 0.12356687
v -0.22327082 0.34382244 0.13944827
v -0.21480242 0.32806049 0.14838175
v -0.43716727 -0.28113134 0.07754259
v -0.42035078 -0.28223807 0.08831017
v -0.38161029 -0.26231881 0.12128739
v -0.36324927 -0.26283383 0.12919736
v 0.39590793 0.19701596 0.13419434
v 0.38098044 0.18748217 0.14348072
v 0.42624047 0.24085110 0.09999501
v 0.41259147 0.23185820 0.11151857
v -0.51374265 -0.09483060 0.07769784
v -0.49856478 -0.09893023 0.09005848
v 0.31562106 0.24696336 0.15471375
v 0.30225857 0.23492130 0.16345404
v 0.40424702 0.27786485 0.09854269
v 0.39111543 0.26813058 0.11006508
v -0.35585592 -0.42488621 0.04200825
v -0.33902014 -0.42381561 0.05274932
v 0.38433894 -0.37442281 0.05628673
v 0.36735797 -0.37382021 0.06683394
v 0.34486053 -0.41086908 0.05678340
v 0.32751805 -0.40967344 0.06667122
v -0.28475091 -0.01177166 0.19319850
v -0.26602507 -0.01875159 0.19396232
v 0.21806778 0.35763104 0.13465962
v 0.20859487 0.34245032 0.14359101
v 0.20196619 0.40897786 0.11411139
v 0.19374435 0.39378844 0.12419320
v 0.37441796 -0.34034260 0.08188929
v 0.35681700 -0.33977123 0.09136767
v -0.10284269 0.13443228 0.19221883
v -0.09311923 0.11696681 0.19160941
v -0.10516529 0.40962619 0.12409393
v -0.10151184 0.39208694 0.13298140
v -0.17689732 0.38241513 0.13252230
v -0.17030425 0.36584962 0.14158185
v -0.14280041 -0.58111293 0.00229301
v -0.12371429 -0.57735421 0.00693544
v -0.23014172 -0.54441032 0.00973519
v -0.21151370 -0.54062115 0.01594799
v 0.03720565 -0.59607380 0.00700515
v 0.01727995 -0.59521805 0.00848645
v -0.34966682 0.17891694 0.15972179
v -0.33480354 0.16780911 0.16718228
v -0.41798440 0.15752975 0.13542722
v -0.40302206 0.14833485 0.14499499
v -0.35197192 0.28899113 0.12423170
v -0.34007186 0.27686761 0.13478486
v -0.33940019 0.21288552 0.15446697
v -0.32556550 0.20133931 0.16314145
v 0.00138262 0.48473417 0.08698462
v 0.00044220 0.46782204 0.09761737
v 0.38691977 -0.21217601 0.13429037
v 0.36851337 -0.21309078 0.14205746
v 0.04247609 0.39440733 0.13427019
v 0.03982309 0.37637019 0.14249108
v 0.29206237 0.09408000 0.19013620
v 0.27498413 0.08411727 0.19314245
v 0.34556208 0.11415120 0.17443198
v 0.32896304 0.10487648 0.18062969
v -0.29812648 -0.38620282 0.09010850
v -0.27948327 -0.38359156 0.09685920
v -0.24975066 -0.35532102 0.11524958
v -0.23027221 -0.35137779 0.11748586
v -0.31778113 -0.43504289 0.05398490
v -0.29993729 -0.43258928 0.06267610
v 0.17609815 -0.46371531 0.06764350
v 0.15690544 -0.45828488 0.06909628
v -0.30669719 -0.14492691 0.17608827
v -0.28688548 -0.14719361 0.17761073
v 0.18159529 0.05090356 0.19497633
v 0.16521220 0.03996876 0.19151444
v -0.45620628 -0.14889495 0.11029137
v -0.43947341 -0.15211733 0.12075975
v 0.21891859 0.24931962 0.17459107
v 0.20712813 0.23412037 0.18006169
v 0.27583333 0.27401987 0.15715531
v 0.26331199 0.26026382 0.16450019
v -0.25066074 0.25059541 0.16960844
v -0.23877948 0.23577250 0.17585959
v 0.23477426 -0.48475344 0.04619149
v 0.21604887 -0.48152130 0.05242632
v 0.24858771 -0.28372201 0.14287646
v 0.22880991 -0.28075597 0.14291260
v -0.25958439 -0.24516398 0.15403111
v -0.23960980 -0.24420040 0.15424809
v -0.06896344 0.29027811 0.17232830
v -0.06579295 0.27117453 0.17732443
v 0.26341276 0.04137661 0.19599199
v 0.24549876 0.03251194 0.19667492
v 0.28546844 -0.35299502 0.10996352
v 0.26627316 -0.35057747 0.11502879
v 0.22405190 -0.02763350 0.19232852
v 0.20542071 -0.03420591 0.18922336
v -0.18072707 0.34317916 0.14970634
v -0.17318991 0.32619794 0.15710833
v 0.14000904 0.18147970 0.19210642
v 0.12943773 0.16458371 0.19375966
v 0.19841284 0.25897236 0.17444792
v 0.18748101 0.24322340 0.18014225
v 0.21482646 0.29252573 0.16171635
v 0.20403235 0.27701046 0.16825269
v -0.41284358 -0.12940880 0.14272221
v -0.39478317 -0.13272462 0.15064602
v 0.10744329 0.35373248 0.15022509
v 0.10180687 0.33583975 0.15715624
v 0.05441798 0.18433527 0.18997018
v 0.04914905 0.16505723 0.19071540
v 0.02912489 0.24415063 0.18208454
v 0.02649575 0.22462627 0.18552645
v -0.14446904 0.12406898 0.19454722
v -0.13191375 0.10857955 0.19299736
v -0.31573082 0.18775928 0.16956631
v -0.30116928 0.17578327 0.17623690
v 0.09021274 0.32388254 0.16175252
v 0.08497383 0.30563069 0.16802817
v -0.15258493 -0.38742362 0.09481962
v -0.13367377 -0.38110001 0.09328988
v -0.20276139 -0.44154249 0.07837656
v -0.18368363 -0.43657672 0.08174409
v 0.30802045 -0.17479035 0.16891733
v 0.28812814 -0.17565454 0.17079054
v 0.29116785 -0.19088260 0.16678336
v 0.27119371 -0.19123261 0.16771674
v 0.20611571 0.10962765 0.19730799
v 0.19085000 0.09670881 0.19745448
v -0.22239071 -0.06530985 0.18821715
v -0.20359138 -0.07018378 0.18344327
v -0.21462697 -0.08809681 0.18265812
v -0.19567058 -0.09202517 0.17763983
v 0.48893002 -0.00737202 0.10835349
v 0.47355264 -0.01178715 0.12035360
v 0.45651787 0.05841749 0.12554014
v 0.44056108 0.05230231 0.13592983
v -0.18075744 -0.33806038 0.11653424
v -0.16170412 -0.33261374 0.11383885
v -0.20905910 -0.36525552 0.11206521
v -0.18987871 -0.35972531 0.11084482
v 0.23750361 -0.15406495 0.17610476
v 0.21809649 -0.15486070 0.17134128
v 0.18853278 -0.16444895 0.16208291
v 0.16915841 -0.16480930 0.15713680
v -0.18714984 -0.15464786 0.16365604
v -0.16778021 -0.15562587 0.15877538
v -0.10404826 0.53509629 0.04093305
v -0.10198176 0.51950804 0.05329008
v -0.14380019 0.26520841 0.17853151
v -0.13626548 0.24712233 0.18254175
v 0.14751315 -0.40680627 0.08760668
v 0.12851927 -0.40067739 0.08633020
v -0.38901022 0.26329185 0.11318912
v -0.37667293 0.25250467 0.12465158
v -0.40112208 0.23768921 0.11600122
v -0.38838714 0.22741290 0.12749813
v 0.30485038 -0.48325598 0.02026518
v 0.28730132 -0.48139644 0.02967434
v 0.22620086 0.48230880 0.05979267
v 0.21858783 0.46895059 0.07258173
v 0.10661485 0.59521987 0.00147091
v 0.10248656 0.57812677 0.01099682
v 0.42499610 0.41222233 0.01288694
v 0.41352479 0.40182129 0.02554347
v 0.09580554 0.55468000 0.02664936
v 0.09208259 0.53942501 0.03903422
v 0.06405544 0.51330327 0.06276558
v 0.06095423 0.49744309 0.07454681
v -0.58387248 -0.11198747 0.00878290
v -0.56711415 -0.11510687 0.01924175
v -0.55371485 -0.02554521 0.05281720
v -0.54042048 -0.03073222 0.06682843
v -0.30009366 0.48670036 0.02199157
v -0.29285132 0.47349358 0.03514791
v -0.31083007 0.50511483 0.00887901
v -0.30243616 0.49016365 0.01917292
v -0.46460299 0.32329045 0.02929875
v -0.45390496 0.31359309 0.04313615
v 0.57668814 0.03125197 0.02480236
v 0.56313085 0.02686406 0.03883468
v 0.54475679 -0.00828061 0.06306999
v 0.53092971 -0.01230199 0.07694805
v -0.42599965 -0.04018456 0.14937584
v -0.40832469 -0.04543512 0.15712099
v 0.50138476 -0.16293578 0.07112212
v 0.48584143 -0.16545352 0.08345200
v 0.07694614 0.56645953 0.02043692
v 0.07382321 0.55094735 0.03266720
v 0.54212015 0.17234168 0.03239195
v 0.52963022 0.16625250 0.04677540
v -0.53439724 -0.26386202 0.01014901
v -0.51774971 -0.26530946 0.02113650
v -0.38536901 -0.45682924 0.00663309
v -0.36729258 -0.45314568 0.01435539
v 0.38539016 -0.45457112 0.00807960
v 0.36736030 -0.45152451 0.01617912
v -0.30656370 0.45309550 0.04361798
v -0.29888560 0.44024300 0.05687770
v -0.08925710 0.47298184 0.08831062
v -0.08698438 0.45608364 0.09876268
v -0.09296207 0.45283656 0.10022460
v -0.09042266 0.43585788 0.11048306
v -0.09792942 0.59785076 0.00084903
v -0.09597391 0.58022503 0.01009400
v -0.07605854 0.53773472 0.04247650
v -0.07478349 0.52204432 0.05481123
v -0.21924356 -0.55955967 0.00346766
v -0.20045629 -0.55558863 0.00905600
v 0.47271200 -0.01437143 0.12114028
v 0.45601883 -0.01892251 0.13116953
v 0.53474135 -0.21572333 0.02697646
v 0.51973440 -0.21800038 0.03999823
v -0.39067233 0.22091599 0.12851414
v -0.37693624 0.21026421 0.13840450
v -0.48026060 0.18178645 0.08934896
v -0.46696368 0.17341323 0.10171993
v 0.39032722 0.13678438 0.15382523
v 0.37476998 0.12825951 0.16305881
v 0.40667935 -0.36131654 0.04932761
v 0.39006623 -0.36103568 0.06045799
v 0.39933105 -0.40335668 0.03008715
v 0.38283869 -0.40270691 0.04138050
v 0.32889050 0.30658471 0.12720257
v 0.31638899 0.29456064 0.13715716
v -0.28614816 0.37755481 0.10362831
v -0.27707081 0.36353044 0.11462279
v -0.20029848 0.29358913 0.16358893
v -0.19120985 0.27707591 0.17027254
v 0.34501307 -0.14123151 0.16856123
v 0.32558935 -0.14335513 0.17282379
v -0.46036348 -0.22528400 0.08805006
v -0.44355252 -0.22733935 0.09868618
v -0.48453724 -0.15876368 0.08614033
v -0.46855804 -0.16193803 0.09773985
v -0.55161240 0.01867757 0.05163442
v -0.53853549 0.01300094 0.06566048
v -0.53356688 0.05319695 0.06337636
v -0.52063194 0.04709306 0.07735455
v -0.37768271 -0.38908513 0.05266148
v -0.36060923 -0.38818353 0.06303662
v -0.33802239 -0.37673559 0.08033531
v -0.31992241 -0.37502791 0.08866804
v -0.33531865 -0.30944035 0.11677588
v -0.31654073 -0.30855978 0.12360041
v -0.36048565 -0.27453122 0.12456798
v -0.34199260 -0.27471358 0.13217941
v 0.21962810 -0.30085850 0.13632492
v 0.20038549 -0.29658788 0.13294206
v 0.52214357 0.02948005 0.07885361
v 0.50713151 0.02457969 0.09112491
v 0.13855152 0.39850254 0.12808791
v 0.13226135 0.38162721 0.13678373
v 0.12897764 0.43358948 0.10919108
v 0.12319065 0.41733854 0.11930927
v 0.00482473 0.38363818 0.14005258
v 0.00383084 0.36508422 0.14745006
v -0.04671316 0.35606952 0.15038807
v -0.04521870 0.33750850 0.15768294
v -0.36855628 0.06157104 0.17243999
v -0.35165703 0.05352206 0.17948195
v -0.36812497 -0.10705070 0.16895136
v -0.34893230 -0.11057709 0.17332924
v -0.33027776 -0.08178766 0.18067898
v -0.31100128 -0.08621613 0.18363975
v -0.44809372 -0.17199961 0.10984659
v -0.43130260 -0.17489010 0.12031862
v 0.14272232 0.23887706 0.18427197
v 0.13353085 0.22141229 0.18750594
v 0.17241907 0.29256983 0.16809807
v 0.16306027 0.27608693 0.17447667
v -0.26566263 0.10631545 0.19276792
v -0.24955893 0.09487867 0.19590334
v -0.30442638 0.06612080 0.19068858
v -0.28708219 0.05651185 0.19329769
v 0.33601022 0.20768695 0.15707980
v 0.32179670 0.19664166 0.16579401
v 0.27535907 0.25023565 0.16607039
v 0.26227421 0.23643048 0.17224807
v 0.23040252 0.12162079 0.19523849
v 0.21498963 0.10898685 0.19690779
v 0.20434810 0.08615554 0.19738253
v 0.18834990 0.07415489 0.19742706
v 0.38776271 0.41058704 0.03573039
v 0.37706416 0.40018772 0.04904787
v 0.31651770 0.44793903 0.04272609
v 0.30713118 0.43624541 0.05595910
v -0.23302220 0.37606328 0.12202081
v -0.22474372 0.36057761 0.13159269
v -0.19962489 0.35369505 0.14085091
v -0.19191314 0.33754234 0.14977161
v 0.42372179 0.26372946 0.09257798
v 0.41028664 0.25442683 0.10410699
v 0.40382072 -0.19764234 0.13032414
v 0.38549736 -0.19885915 0.13824460
v 0.32951404 -0.20863442 0.15512398
v 0.30998320 -0.20900546 0.15940984
v 0.23625899 -0.24825537 0.15235324
v 0.21661701 -0.24580528 0.14949846
v 0.26268341 -0.24390727 0.15432283
v 0.24273825 -0.24248886 0.15469501
v 0.50161915 -0.02604105 0.09976637
v 0.48648442 -0.03010140 0.11219269
v 0.55599594 -0.11230891 0.03079119
v 0.54198579 -0.11533879 0.04473736
v -0.16577998 0.30939975 0.16380067
v -0.15807959 0.29210535 0.17024800
v -0.26818451 -0.22173844 0.16014572
v -0.24818759 -0.22154975 0.16036416
v -0.07331451 0.25310976 0.18108818
v -0.06943079 0.23381358 0.18462855
v -0.36692755 0.26788176 0.12406491
v -0.35454903 0.25639951 0.13478361
v -0.26191751 0.21330483 0.17878684
v -0.24867548 0.19945963 0.18452434
v 0.28455256 0.13542527 0.18688685
v 0.26856095 0.12410756 0.19090401
v 0.27864835 0.19891601 0.17795029
v 0.26445389 0.18619074 0.18399552
v -0.06027871 0.15517058 0.19080997
v -0.05463346 0.13598626 0.19103995
v -0.11234055 0.15800787 0.19295626
v -0.10302548 0.14032219 0.19231905
v 0.25357437 -0.45543911 0.06166866
v 0.23485021 -0.45205416 0.06782562
v 0.21349864 -0.43743885 0.07939405
v 0.19433476 -0.43300898 0.08301096
v 0.35254668 -0.24293563 0.14049223
v 0.33320538 -0.24248719 0.14555908
v 0.26907572 -0.22355671 0.15971859
v 0.24909177 -0.22283524 0.16000342
v 0.25936480 -0.35731825 0.11278669
v 0.23986307 -0.35394672 0.11566339
v 0.17356718 0.36264843 0.14143561
v 0.16544128 0.34647184 0.14993547
v 0.06535134 0.16444841 0.19130837
v 0.05883959 0.14554784 0.19073773
v -0.19972178 -0.49101182 0.04985861
v -0.18082572 -0.48654048 0.05464462
v 0.30269489 0.05496130 0.19158841
v 0.28481228 0.04640488 0.19422653
v 0.31547140 0.09523468 0.18539745
v 0.29842636 0.08574230 0.18979304
v -0.23182626 0.02088686 0.19595527
v -0.21402604 0.01179556 0.19527677
v 0.26359653 0.37454569 0.11287212
v 0.25362477 0.36076054 0.12338372
v 0.19980510 0.39069622 0.12400534
v 0.19130121 0.37516144 0.13329590
v 0.30524620 -0.01428317 0.18979506
v 0.28645891 -0.02076063 0.19204010
v 0.04731019 0.25957892 0.17965032
v 0.04374024 0.24019205 0.18302148
v 0.02211238 0.34324090 0.15573676
v 0.02033992 0.32442510 0.16227770
v -0.55217202 -0.22874691 0.00857675
v -0.53634024 -0.23107525 0.02057231
v -0.20564265 -0.45963514 0.06841810
v -0.18663333 -0.45468217 0.07216961
v -0.23721259 -0.49097638 0.04091477
v -0.21891210 -0.48786721 0.04835690
v -0.24551579 0.09656803 0.19619075
v -0.22931355 0.08486299 0.19685363
v -0.18677665 0.11714330 0.19708591
v -0.17245993 0.10317937 0.19707904
v 0.25715782 0.20386764 0.18168389
v 0.24344479 0.19015646 0.18657435
v 0.43491282 -0.08544784 0.14114741
v 0.41737894 -0.08882618 0.15015350
v 0.45897770 -0.11189392 0.11774449
v 0.44244301 -0.11499307 0.12855927
v 0.22143075 -0.13944067 0.17527099
v 0.20220185 -0.14097216 0.16999234
v 0.25034771 -0.10707001 0.18345839
v 0.23065447 -0.11035987 0.18231251
v -0.34562176 -0.14745875 0.16675015
v -0.32622550 -0.14997763 0.17092153
v 0.47393020 0.26211080 0.05466066
v 0.46177379 0.25443878 0.06856468
v -0.25316325 -0.04450119 0.19164718
v -0.23406759 -0.05039685 0.19090083
v 0.10273686 0.22875371 0.18651902
v 0.09540599 0.21026711 0.18863185
v -0.19783273 -0.13330402 0.17029787
v -0.17849546 -0.13529455 0.16560026
v 0.18609082 -0.12312218 0.16975853
v 0.16679823 -0.12553524 0.16507524
v 0.18146948 -0.08189444 0.17678462
v 0.16247301 -0.08615708 0.17221033
v 0.22328823 -0.00231638 0.19485156
v 0.20508754 -0.00998482 0.19170675
v 0.14077386 0.05449473 0.19051235
v 0.12524757 0.04219976 0.18773243
v -0.48720256 0.08679587 0.09944044
v -0.47286618 0.07978050 0.11149087
v -0.12487676 -0.46308440 0.06447942
v -0.10595384 -0.45662160 0.06481901
v 0.15220824 -0.43132678 0.07990270
v 0.13319418 -0.42518243 0.07908249
v -0.05189551 -0.59203708 0.00771268
v -0.03221138 -0.58955880 0.01023324
v -0.47448547 -0.14178417 0.09839964
v -0.45834381 -0.14519241 0.10970410
v -0.56040949 -0.08680820 0.03198144
v -0.54680413 -0.09104070 0.04601498
v -0.18464474 0.25150243 0.17811408
v -0.17490348 0.23468274 0.18282217
v 0.45869833 0.14144411 0.11533524
v 0.44378442 0.13416054 0.12649251
v 0.51701996 0.06568898 0.07819756
v 0.50232117 0.06023859 0.09061525
v 0.38162968 0.42939436 0.02438097
v 0.37118797 0.41877431 0.03772808
v -0.41161927 0.39139051 0.03425027
v -0.40173358 0.38002947 0.04740929
v 0.50829781 0.25181928 0.03253446
v 0.49589076 0.24452794 0.04642192
v 0.51308640 0.20808051 0.04955749
v 0.50099660 0.20165858 0.06413678
v 0.02240363 0.53541838 0.05102175
v 0.02061416 0.51949792 0.06299240
v 0.11961247 0.46704696 0.08942374
v 0.11430609 0.45085817 0.09989874
v 0.13327588 0.52988894 0.04086709
v 0.12836480 0.51510601 0.05340926
v -0.50488699 0.05124444 0.08989522
v -0.49023826 0.04482664 0.10190298
v -0.47847493 -0.02641788 0.11715191
v -0.46247229 -0.03178418 0.12787937
v -0.17588992 0.57820525 0.00186337
v -0.17184311 0.56153530 0.01214423
v 0.20710911 0.53488034 0.02462985
v 0.20033049 0.52124296 0.03759257
v -0.59528876 -0.03016857 0.01115274
v -0.58006703 -0.03496758 0.02320382
v 0.60039044 -0.07623442 0.00157420
v 0.58406928 -0.07901222 0.01279310
v -0.54340610 0.24008738 0.01173728
v -0.53133539 0.23147309 0.02515562
v 0.50832945 -0.32689185 0.00196818
v 0.49082702 -0.32607408 0.01160956
v 0.46134323 -0.21745430 0.08941958
v 0.44456021 -0.21899793 0.10018560
v 0.51773741 -0.16625358 0.05498280
v 0.50294893 -0.16890016 0.06818342
v 0.58512872 0.11834863 0.00669214
v 0.56907640 0.11244925 0.01705941
v -0.21111946 0.49139454 0.05913897
v -0.20547051 0.47661935 0.07137593
v -0.28431187 0.45550707 0.05246247
v -0.27698394 0.44236164 0.06563286
v -0.52427159 -0.24896498 0.02418121
v -0.50842533 -0.25107260 0.03619844
v -0.24502023 0.31010724 0.14870749
v -0.23507776 0.29488335 0.15703458
v -0.33864239 0.32913591 0.11305811
v -0.32775213 0.31648324 0.12407048
v -0.46411303 0.25895888 0.06425056
v -0.45284541 0.25001036 0.07814030
v 0.43762781 0.06724716 0.13689145
v 0.42160893 0.06073488 0.14693863
v 0.41556611 0.01268724 0.15270359
v 0.39834334 0.00691449 0.16107088
v -0.40385966 -0.09810830 0.15507872
v -0.38577270 -0.10204784 0.16264850
v -0.11833719 0.38781721 0.13426294
v -0.11399436 0.37035687 0.14299429
v -0.18449829 0.43221365 0.10432265
v -0.17849522 0.41626598 0.11479142
v 0.22000810 0.41692839 0.10395918
v 0.21160316 0.40234794 0.11476323
v 0.18192039 0.45501922 0.09108564
v 0.17464963 0.43968548 0.10166734
v 0.28258896 0.44400702 0.06176598
v 0.27380349 0.43186452 0.07500741
v -0.00465286 0.40366198 0.13091765
v -0.00529905 0.38545373 0.13916399
v -0.03102660 0.46120783 0.09991186
v -0.03062729 0.44400620 0.11010522
v -0.38391028 0.15593309 0.15122069
v -0.36904698 0.14626348 0.16046953
v -0.41558199 0.18396753 0.12815985
v -0.40104978 0.17433746 0.13795968
v 0.45795670 -0.39324036 0.00244870
v 0.44024061 -0.39150386 0.01156378
v 0.43938648 0.27131608 0.07709022
v 0.42720239 0.26298864 0.09058694
v 0.41402534 0.33268727 0.06503848
v 0.40279365 0.32369928 0.07893184
v -0.05708528 0.32412975 0.16206079
v -0.05500291 0.30519407 0.16814881
v -0.33700479 0.46240518 0.02174608
v -0.32891886 0.44991547 0.03510965
v -0.38426065 0.45367500 0.00896811
v -0.37440922 0.44039340 0.02021572
v 0.31646356 0.48118515 0.01799696
v 0.30735192 0.46931514 0.03126500
v 0.44437484 -0.04472333 0.13883822
v 0.42743988 -0.04894581 0.14860234
v -0.27474167 0.17519404 0.18347986
v -0.26026131 0.16236034 0.18853705
v 0.42602967 0.13913007 0.13672123
v 0.40991101 0.13097402 0.14530189
v 0.41523832 0.10159447 0.14809599
v 0.39934775 0.09406967 0.15762632
v -0.52824437 0.12626376 0.05587741
v -0.51590765 0.11930585 0.06999665
v -0.53141276 0.07728385 0.06143459
v -0.51850447 0.07088804 0.07530649
v -0.25707968 0.27290828 0.16094265
v -0.24567123 0.25802627 0.16789484
v 0.41744264 -0.16059775 0.13269538
v 0.39936020 -0.16257976 0.14100543
v 0.36466889 -0.17837941 0.15219646
v 0.34569792 -0.17980660 0.15836293
v -0.02276568 0.27754388 0.17578301
v -0.02205380 0.25791115 0.17952586
v -0.35514622 -0.18870763 0.15308909
v -0.33590358 -0.19033117 0.15828954
v 0.37256002 -0.03571748 0.17130950
v 0.35432810 -0.04073991 0.17781584
v 0.35655928 -0.06853187 0.17650656
v 0.33729932 -0.07274392 0.17986405
v 0.54323370 -0.04836382 0.06093644
v 0.52927329 -0.05209246 0.07476265
v 0.51994740 -0.08575254 0.07463145
v 0.50475435 -0.08904229 0.08721353
v -0.31679795 0.08470511 0.18681407
v -0.29980431 0.07483760 0.19053004
v 0.08501500 0.48545285 0.08102063
v 0.08104344 0.46888018 0.09148645
v 0.40162697 0.30180857 0.09076227
v 0.38869291 0.29180609 0.10227837
v 0.30949069 0.31649739 0.12920478
v 0.29740162 0.30380203 0.13882987
v 0.23831229 0.34510037 0.13522798
v 0.22807695 0.33040608 0.14413167
v 0.23942057 0.40732285 0.10283057
v 0.23043818 0.39309325 0.11363775
v 0.03944748 0.35893506 0.14940540
v 0.03690154 0.34047858 0.15667427
v 0.27278761 0.15685656 0.18678964
v 0.25753986 0.14449323 0.19061248
v -0.30598748 0.22601378 0.16465425
v -0.29235923 0.21319251 0.17171444
v -0.18044135 -0.27568540 0.13355188
v -0.16120942 -0.27181035 0.12966898
v -0.28317836 0.07194019 0.19285531
v -0.26614834 0.06184136 0.19567525
v -0.33327610 0.04226736 0.18565248
v -0.31551873 0.03400630 0.18970100
v 0.27767414 -0.07283488 0.18823597
v 0.25817340 -0.07724269 0.18773353
v 0.26069082 -0.14441454 0.17897293
v 0.24078516 -0.14611474 0.17805986
v -0.22513220 0.32308479 0.14789851
v -0.21605924 0.30727921 0.15613410
v 0.24109072 -0.30313418 0.13671862
v 0.22136267 -0.29985671 0.13686698
v 0.19238472 -0.27030141 0.13789527
v 0.17312208 -0.26660467 0.13399078
v 0.19506120 0.28161502 0.16811161
v 0.18470438 0.26571363 0.17442366
v 0.29628502 0.21332552 0.17023087
v 0.28205430 0.20084126 0.17667990
v -0.29406505 -0.30332635 0.13203887
v -0.27455042 -0.30139828 0.13596592
v -0.33465478 -0.33200908 0.10526141
v -0.31595515 -0.33055264 0.11220132
v 0.58253066 -0.16441415 0.00150702
v 0.56593636 -0.16650098 0.01247217
v 0.55938776 -0.13487912 0.02205792
v 0.54519880 -0.13763855 0.03587888
v -0.24194569 -0.45183277 0.06675395
v -0.22320192 -0.44790874 0.07251878
v -0.24446540 0.07099985 0.19653125
v -0.22772547 0.06006685 0.19698302
v -0.55525109 -0.14690311 0.02352927
v -0.54088997 -0.15024177 0.03704119
v -0.28986226 -0.03546429 0.19062694
v -0.27084245 -0.04156352 0.19163009
v -0.31153019 -0.06992690 0.18459012
v -0.29233991 -0.07486363 0.18729603
v 0.21906704 -0.37489959 0.10758728
v 0.19965581 -0.37010451 0.10800104
v 0.08145363 0.29018061 0.17237153
v 0.07634980 0.27148908 0.17732506
v 0.08881406 0.26999489 0.17771730
v 0.08304305 0.25135257 0.18208984
v 0.33530331 0.23356900 0.15042697
v 0.32151081 0.22220485 0.15940379
v 0.31045283 -0.42221480 0.06550229
v 0.29236983 -0.42008248 0.07377384
v 0.32797029 -0.42913383 0.05320114
v 0.31014186 -0.42718514 0.06205042
v 0.31042956 -0.22444482 0.15501703
v 0.29070108 -0.22419198 0.15828556
v 0.16609682 0.42010006 0.11442830
v 0.15894161 0.40419272 0.12421192
v 0.43839634 -0.18949433 0.11175822
v 0.42136216 -0.19138511 0.12206461
v 0.40102390 -0.17484823 0.13725234
v 0.38269364 -0.17654925 0.14506695
v 0.11000630 0.20741386 0.18949341
v 0.10175803 0.18928443 0.19129616
v 0.09480668 0.19210833 0.19070975
v 0.08709833 0.17368990 0.19185106
v -0.48371921 -0.11732420 0.09787721
v -0.46749270 -0.12098148 0.10898058
v -0.37353582 -0.43045695 0.02879341
v -0.35633603 -0.42868164 0.03884206
v -0.33511973 -0.44001857 0.04154561
v -0.31782660 -0.43818665 0.05142243
v 0.18769115 0.22279697 0.18436176
v 0.17631440 0.20676819 0.18805068
v 0.21062078 0.21476674 0.18462287
v 0.19831903 0.19936825 0.18801604
v 0.26522706 0.06608746 0.19533690
v 0.24774745 0.05642347 0.19635219
v -0.14917745 0.18291352 0.19227032
v -0.13868541 0.16594148 0.19362196
v 0.14244415 -0.51361603 0.04147938
v 0.12313063 -0.50906367 0.04397416
v -0.23191798 -0.20168445 0.16485536
v -0.21245778 -0.20097025 0.16030009
v 0.21484297 -0.09943710 0.18068509
v 0.19577785 -0.10285941 0.17570825
v -0.11431027 0.51811325 0.05281375
v -0.11178673 0.50274478 0.06535973
v 0.49867478 0.34238579 0.00162275
v 0.48489681 0.33267254 0.01238289
v 0.48578151 0.28922096 0.03056391
v 0.47375521 0.28134971 0.04446972
v 0.18436480 -0.24715284 0.14174295
v 0.16501274 -0.24419494 0.13765533
v 0.16020375 0.01324150 0.18777618
v 0.14304707 0.00352010 0.18444410
v -0.15786910 0.01645549 0.18802292
v -0.14090226 0.00642107 0.18464703
v -0.19453856 -0.08949734 0.17788011
v -0.17545559 -0.09356723 0.17349419
v -0.24985728 -0.53762568 0.00666007
v -0.23172803 -0.53449857 0.01450301
v 0.35291707 -0.47361948 0.01042455
v 0.33481578 -0.47029935 0.01825271
v -0.38000543 -0.47382699 0.00010122
v -0.36172874 -0.46955569 0.00700619
v -0.19906457 -0.21917571 0.15244723
v -0.17961769 -0.21760674 0.14805209
v 0.44113949 -0.30488838 0.05920958
v 0.42483722 -0.30546908 0.07077932
v -0.19576824 0.00886725 0.19298248
v -0.17840857 -0.00011594 0.18875114
v -0.37537226 0.31382193 0.10154960
v -0.36388915 0.30203825 0.11291812
v 0.13633147 -0.46890942 0.06302476
v 0.11718249 -0.46314779 0.06330842
v 0.48068058 -0.13819043 0.09478207
v 0.46444822 -0.14088193 0.10614985
v -0.46221438 0.29284994 0.04758562
v -0.45128003 0.28345510 0.06144697
v 0.16131145 -0.57347883 0.00398235
v 0.14207154 -0.57049075 0.00854933
v -0.19575728 -0.55596779 0.00954654
v -0.17688216 -0.55195118 0.01479597
v -0.49240760 -0.29075599 0.02638450
v -0.47666637 -0.29221310 0.03863401
v -0.20354802 0.07899776 0.19739593
v -0.18759942 0.06693119 0.19739823
v -0.22712752 0.11111299 0.19658709
v -0.21165804 0.09845926 0.19732082
v 0.44566795 0.22725780 0.09385511
v 0.43174717 0.21867894 0.10536924
v 0.28653178 0.07191976 0.19249820
v 0.26907252 0.06254413 0.19518743
v 0.60374736 0.05311324 0.00090736
v 0.58836505 0.04823460 0.01272020
v 0.55165159 0.01241789 0.05269252
v 0.53820896 0.00818904 0.06688309
v -0.46975730 0.37954185 0.00244098
v -0.45815191 0.36818528 0.01411587
v -0.42480507 0.34457130 0.04994253
v -0.41462081 0.33425223 0.06371778
v -0.56100812 0.05413784 0.03602789
v -0.54801033 0.04802423 0.04994339
v -0.52226765 0.30254174 0.00270391
v -0.50935951 0.29236471 0.01409548
v 0.52208078 0.30463887 0.00197832
v 0.50815676 0.29559975 0.01313073
v 0.36341761 0.46998539 0.00841743
v 0.35241196 0.45695636 0.01886155
v -0.27120122 0.52789597 0.00965759
v -0.26416548 0.51286417 0.02081571
v -0.16915904 0.48795012 0.06982818
v -0.16455066 0.47251492 0.08168050
v -0.57211313 -0.06895115 0.02321780
v -0.55872828 -0.07341600 0.03739069
v 0.52722467 -0.00797110 0.07958894
v 0.51186982 -0.01221740 0.09167850
v 0.54039906 0.03115735 0.06062771
v 0.52707503 0.02660646 0.07483052
v 0.39454498 0.34884302 0.07134044
v 0.38338498 0.33935511 0.08495638
v 0.29269232 0.42121732 0.07370898
v 0.28336398 0.40906718 0.08656651
v 0.54043836 0.12434861 0.04358461
v 0.52766599 0.11871483 0.05790547
v 0.48321150 0.15668511 0.09389574
v 0.46908427 0.14981465 0.10627226
v 0.18923967 0.50280294 0.05494417
v 0.18254342 0.48876384 0.06751493
v -0.50779579 -0.25161742 0.03654096
v -0.49267167 -0.25412062 0.04938444
v -0.53152769 -0.28544887 0.00335329
v -0.51495797 -0.28659363 0.01449304
v -0.20225672 0.44350142 0.09372742
v -0.19595080 0.42786214 0.10447956
v 0.02015165 0.51618181 0.06538569
v 0.01839876 0.49982587 0.07675982
v 0.06681646 0.53142785 0.04854610
v 0.06375104 0.51595141 0.06083605
v -0.58443542 0.11919270 0.00722063
v -0.56884452 0.11190803 0.01740972
v -0.42514129 0.03335858 0.14631446
v -0.40878908 0.02656911 0.15561329
v -0.45561090 0.08475844 0.12348853
v -0.44054076 0.07741720 0.13439527
v -0.44389631 -0.02754146 0.13871729
v -0.42738800 -0.03300673 0.14859486
v -0.49512921 -0.06384866 0.10211578
v -0.47963129 -0.06860609 0.11382651
v -0.42307952 0.27156341 0.08939850
v -0.41070077 0.26109179 0.10110626
v 0.12661396 0.57960602 0.00780232
v 0.12184629 0.56262464 0.01722898
v 0.15309939 0.58510834 0.00141817
v 0.14770992 0.56848623 0.01114541
v -0.11759104 0.54955990 0.02741653
v -0.11525938 0.53424852 0.04006901
v 0.04598247 0.44574296 0.10771851
v 0.04324890 0.42849994 0.11747379
v 0.56347610 -0.07096181 0.03248989
v 0.55008227 -0.07446681 0.04692181
v -0.28260644 0.43773834 0.06642858
v -0.27515513 0.42472202 0.07965784
v 0.38417112 0.16083069 0.14969911
v 0.36894003 0.15177781 0.15897377
v 0.19247326 0.47134081 0.07889594
v 0.18508836 0.45631392 0.08983284
v 0.14518561 0.46903310 0.08605513
v 0.13914828 0.45308209 0.09649907
v -0.38772633 -0.04095942 0.16548445
v -0.36972596 -0.04638674 0.17230285
v -0.31170252 -0.47545072 0.02315937
v -0.29454776 -0.47340303 0.03323316
v -0.27977884 -0.44350137 0.06170499
v -0.26144999 -0.44038340 0.06907327
v 0.54931066 -0.24942015 0.00410629
v 0.53407024 -0.25141749 0.01690083
v 0.49308400 -0.27628693 0.03495106
v 0.47759685 -0.27766870 0.04752878
v 0.41055331 -0.24338002 0.11414401
v 0.39274872 -0.24398413 0.12323202
v 0.47374304 -0.30753614 0.03161938
v 0.45791167 -0.30821362 0.04382057
v -0.34234298 0.35020906 0.09985018
v -0.33171373 0.33730451 0.11082523
v -0.43032283 0.19282312 0.11624414
v -0.41671411 0.18375935 0.12775982
v -0.50051143 0.12445953 0.08333485
v -0.48690685 0.11711158 0.09601882
v -0.13959840 -0.42612008 0.08009667
v -0.12076392 -0.41945483 0.07920390
v 0.32089453 -0.05587851 0.18399613
v 0.30176336 -0.06071559 0.18724588
v 0.34094254 -0.05111652 0.18071549
v 0.32177258 -0.05588950 0.18382861
v 0.44656364 -0.23482252 0.09487619
v 0.42951783 -0.23595254 0.10527443
v 0.20231214 0.01191826 0.19352986
v 0.18457789 0.00328690 0.19021987
v 0.24324095 0.00766597 0.19595846
v 0.22490154 -0.00027038 0.19515807
v 0.35623820 0.35432574 0.09198340
v 0.34418124 0.34279965 0.10301694
v -0.13493662 0.24152697 0.18366420
v -0.12729469 0.22335995 0.18705834
v 0.48006219 -0.22109549 0.07379412
v 0.46424844 -0.22297688 0.08589145
v 0.51746804 -0.22327611 0.04064001
v 0.50242223 -0.22550504 0.05362521
v 0.19964227 -0.18597563 0.16019387
v 0.18022542 -0.18533609 0.15544654
v -0.33834787 0.08666324 0.18099157
v -0.32158087 0.07727619 0.18653334
v 0.23606430 0.27960153 0.16264146
v 0.22446190 0.26465317 0.16911379
v 0.22484754 0.22807171 0.17975691
v 0.21252865 0.21318174 0.18490411
v -0.44986079 -0.21153398 0.09863997
v -0.43295563 -0.21379134 0.10908411
v 0.29214772 -0.43311100 0.06455889
v 0.27402883 -0.43096311 0.07274746
v -0.26056866 0.35297443 0.12569072
v -0.25125248 0.33788747 0.13494016
v 0.39540799 0.02061325 0.16247602
v 0.37775986 0.01441219 0.16955064
v 0.25586795 0.31013099 0.14623222
v 0.24460673 0.29602775 0.15484870
v 0.33927603 0.34274497 0.10484746
v 0.32734139 0.33101745 0.11580143
v -0.06472321 0.42813196 0.11676129
v -0.06300854 0.41031346 0.12567873
v -0.06893193 0.39135603 0.13472931
v -0.06675502 0.37319402 0.14281401
v -0.22029220 -0.32837643 0.12700169
v -0.20097504 -0.32356320 0.12509375
v -0.29169040 -0.34215358 0.11385010
v -0.27246353 -0.33960097 0.11872569
v 0.28857353 -0.11355911 0.18325803
v 0.26875961 -0.11624663 0.18287622
v -0.21594598 0.00027678 0.19424046
v -0.19808168 -0.00806743 0.19089368
v 0.24451890 -0.33887967 0.12225200
v 0.22489807 -0.33554910 0.12422437
v 0.29664069 -0.38961218 0.08930029
v 0.27782420 -0.38687038 0.09549562
v 0.30130569 0.03280761 0.19282316
v 0.28304853 0.02484514 0.19462176
v 0.24327203 -0.04263404 0.19190814
v 0.22426000 -0.04848060 0.18982959
v 0.26324456 -0.03265357 0.19274830
v 0.24422138 -0.03881234 0.19236355
v -0.34715806 -0.46437935 0.01514530
v -0.33018113 -0.46206055 0.02545874
v 0.02863669 0.32244975 0.16295770
v 0.02649421 0.30335841 0.16851560
v 0.28685368 0.17614277 0.18020740
v 0.27215728 0.16397844 0.18620782
v -0.29764710 -0.19269454 0.16587761
v -0.27768737 -0.19350014 0.16683669
v -0.25399354 -0.20132291 0.16528636
v -0.23399896 -0.20170644 0.16511357
v 0.33655575 -0.39346486 0.07159660
v 0.31862701 -0.39181312 0.08030247
v -0.22034203 0.22041778 0.18215491
v -0.20833056 0.20495048 0.18621041
v -0.23488071 0.18270475 0.18919510
v -0.22123417 0.16838565 0.19214383
v -0.52086781 0.04033353 0.07803687
v -0.50645206 0.03415409 0.09044497
v 0.03056343 0.37931268 0.14152743
v 0.02848324 0.36083624 0.14889317
v -0.40104698 -0.22858155 0.12389452
v -0.38264383 -0.22982502 0.13162357
v -0.40015642 -0.27005541 0.10748515
v -0.38234077 -0.27081869 0.11653945
v 0.02764607 0.18938229 0.18889026
v 0.02444300 0.16965931 0.18972947
v 0.07865399 0.23399339 0.18511418
v 0.07283527 0.21499208 0.18736194
v 0.19503955 0.34893493 0.14382286
v 0.18602410 0.33312321 0.15210967
v -0.26012589 -0.45739727 0.05738088
v -0.24186706 -0.45448155 0.06500149
v 0.23340211 -0.40639406 0.09376337
v 0.21412988 -0.40203848 0.09685693
v 0.27634010 -0.26052775 0.15023606
v 0.25646572 -0.25830467 0.15039959
v -0.42474163 -0.14263349 0.13298911
v -0.40680684 -0.14565165 0.14130742
v -0.44117993 -0.39773927 0.00843685
v -0.42387716 -0.39643022 0.01837973
v -0.32948405 -0.10816359 0.17835917
v -0.31001480 -0.11174144 0.18120648
v -0.29027595 -0.10801186 0.18357891
v -0.27057390 -0.11144375 0.18347172
v 0.15042394 0.32912005 0.15813863
v 0.14272460 0.31206655 0.16519968
v 0.06858169 0.33081543 0.15963630
v 0.06444021 0.31227972 0.16590012
v -0.36517110 0.18998121 0.14974790
v -0.35101211 0.17936223 0.15906027
v -0.34900436 0.15743922 0.16461998
v -0.33375097 0.14673557 0.17188126
v -0.27008389 0.03508419 0.19566733
v -0.25223709 0.02611490 0.19666916
v -0.11020279 0.19920009 0.19054162
v -0.10255117 0.18080924 0.19232751
v 0.10472173 0.16886274 0.19273306
v 0.09592963 0.15090654 0.19224935
v -0.08256203 -0.54205074 0.02772639
v -0.06322136 -0.53811921 0.03095775
v -0.20419930 0.31399297 0.15623389
v -0.19536672 0.29741902 0.16310773
v 0.52744422 -0.12749089 0.05591706
v 0.51286418 -0.13047603 0.06927639
v 0.53629847 -0.19198677 0.03157574
v 0.52128454 -0.19435632 0.04457295
v -0.23523784 -0.24601367 0.15325953
v -0.21567114 -0.24389063 0.14971035
v 0.28314100 -0.29651387 0.13659359
v 0.26350271 -0.29426686 0.13963473
v 0.24827015 0.22413049 0.17796945
v 0.23534589 0.20978825 0.18318706
v 0.16412479 0.15373759 0.19462798
v 0.15183232 0.13797354 0.19521947
v 0.57847172 -0.13976511 0.00838227
v 0.56173359 -0.14192908 0.01911131
v -0.41262803 -0.42590011 0.01046263
v -0.39518933 -0.42402199 0.02007121
v -0.30827404 -0.50183797 0.00931724
v -0.29051327 -0.49874067 0.01797299
v -0.34236426 -0.26316721 0.13697905
v -0.32286816 -0.26248536 0.14138328
v -0.18569774 -0.23674455 0.14469782
v -0.16629412 -0.23436375 0.14047983
v -0.22197185 -0.22248405 0.15712551
v -0.20249830 -0.22096941 0.15283056
v 0.21234976 -0.53024982 0.02182212
v 0.19363728 -0.52761397 0.02836852
v -0.15740685 -0.41042858 0.08825915
v -0.13853995 -0.40390425 0.08706208
v -0.21770447 -0.40689636 0.09475089
v -0.19849051 -0.40199875 0.09735801
v 0.29461356 0.28332397 0.14861452
v 0.28210950 0.27040096 0.15736689
v 0.35356523 0.24505341 0.13895924
v 0.33976427 0.23404014 0.14835081
v -0.18802011 -0.50646361 0.04190010
v -0.16912621 -0.50213382 0.04682286
v -0.33545937 0.24948851 0.14576533
v -0.32258612 0.23737243 0.15511627
v 0.22954787 0.14530900 0.19376043
v 0.21494466 0.13179635 0.19578891
v 0.49830472 -0.06263678 0.09973379
v 0.48273488 -0.06630145 0.11173839
v 0.46771330 -0.07431374 0.12137200
v 0.45120621 -0.07787672 0.13208560
v -0.34054159 0.01723632 0.18345621
v -0.32245053 0.00978932 0.18760545
v -0.05874595 0.23468790 0.18426696
v -0.05529127 0.21525114 0.18746655
v -0.07112198 -0.59956281 0.00220451
v -0.05159925 -0.59693356 0.00565558
v 0.47665069 0.13706207 0.10185914
v 0.46231199 0.13024071 0.11401770
v -0.47367543 -0.26906188 0.05630512
v -0.45769497 -0.27085637 0.06819481
v -0.07645491 0.33551186 0.15769449
v -0.07356405 0.31685456 0.16429057
v -0.31722920 -0.37037058 0.09203328
v -0.29860382 -0.36812658 0.09896289
v -0.15808282 0.52275465 0.04310015
v -0.15423678 0.50790729 0.05593463
v -0.19230433 0.56116465 0.00952139
v -0.18776672 0.54519535 0.02067269
v -0.43995936 0.41533121 0.00207736
v -0.42989015 0.40399241 0.01511588
v 0.29397662 0.52169463 0.00502422
v 0.28415778 0.50723357 0.01474162
v -0.56918519 -0.01459079 0.03885324
v -0.55497585 -0.01986538 0.05190059
v -0.52369848 0.20141234 0.04459645
v -0.51103209 0.19323720 0.05773759
v -0.44328590 -0.00299437 0.13773329
v -0.42693035 -0.00894790 0.14758275
v -0.49495967 -0.03756484 0.10485175
v -0.47989027 -0.04269808 0.11695642
v -0.38392120 0.10476771 0.16316714
v -0.36761584 0.09584196 0.17054455
v -0.32764413 0.12757487 0.17720052
v -0.31184170 0.11707184 0.18351950
v -0.36358535 0.35315981 0.08880809
v -0.35311890 0.34109822 0.10084683
v -0.30360491 0.36213353 0.10641059
v -0.29391222 0.34851657 0.11739194
v 0.50471150 0.27319783 0.02393963
v 0.49247864 0.26563916 0.03783868
v 0.51497616 0.10157708 0.07376303
v 0.50110106 0.09583808 0.08697309
v 0.53079661 0.06883496 0.06358684
v 0.51774923 0.06373198 0.07785868
v 0.27819848 0.40904709 0.08862582
v 0.26832370 0.39553701 0.09957691
v -0.01807084 0.60626771 0.00066915
v -0.01859613 0.58971347 0.01187812
v -0.41764247 0.42409710 0.00996171
v -0.40758600 0.41211799 0.02242478
v -0.34969894 0.44295857 0.03002881
v -0.34122762 0.43080275 0.04346134
v 0.06286945 0.60133761 0.00170095
v 0.06006789 0.58439464 0.01195020
v -0.56891218 0.08946514 0.02133987
v -0.55621187 0.08313478 0.03543202
v -0.59850687 0.10017188 0.00035778
v -0.58280283 0.09296858 0.01043030
v -0.24829313 0.47585988 0.05452964
v -0.24203167 0.46201694 0.06753453
v -0.22484736 0.43478016 0.09256762
v -0.21782394 0.41943224 0.10329482
v 0.48486564 -0.24079816 0.06198081
v 0.46961090 -0.24279851 0.07475781
v 0.25560558 0.28786838 0.15565788
v 0.24381111 0.27362082 0.16326430
v 0.52735762 -0.04720415 0.07800331
v 0.51222126 -0.05080658 0.09056807
v 0.51516042 0.01096982 0.08663520
v 0.49990912 0.00632713 0.09871011
v 0.11931923 0.49767284 0.06817109
v 0.11454069 0.48244826 0.08022669
v 0.15523084 0.48557617 0.07300101
v 0.14918244 0.47048474 0.08464685
v 0.49306185 -0.20231641 0.06813472
v 0.47734844 -0.20443458 0.08032332
v -0.53150377 -0.20718660 0.03256231
v -0.51656841 -0.21001613 0.04555804
v 0.45065098 0.01910109 0.13214979
v 0.43417582 0.01359432 0.14205962
v 0.42936536 0.02819855 0.14402900
v 0.41300225 0.02229599 0.15389655
v -0.52724109 0.15124246 0.05222862
v -0.51504765 0.14397814 0.06631796
v -0.49966525 0.14875742 0.08120073
v -0.48603304 0.14104448 0.09363590
v 0.33571330 -0.25879201 0.14105628
v 0.31621833 -0.25772596 0.14538867
v 0.39345052 -0.27780802 0.10741896
v 0.37563091 -0.27786103 0.11649743
v 0.49827138 0.15951433 0.07976201
v 0.48482256 0.15294442 0.09302570
v 0.45315313 0.16322528 0.11312809
v 0.43900741 0.15588670 0.12521130
v 0.32408052 -0.00234914 0.18660339
v 0.30557409 -0.00904785 0.19015294
v 0.32060964 0.02069696 0.18866361
v 0.30235977 0.01330586 0.19216701
v -0.42181424 0.08288110 0.14543241
v -0.40626052 0.07515004 0.15534566
v 0.59578297 -0.01179565 0.01082090
v 0.58106874 -0.01566608 0.02380054
v 0.60443586 -0.03332723 0.00192602
v 0.58969901 -0.03695535 0.01494991
v 0.06649203 0.47523022 0.08877616
v 0.06316788 0.45845443 0.09914355
v 0.24879894 0.47545527 0.05452337
v 0.24080277 0.46264411 0.06763427
v 0.39709195 -0.32947046 0.07462117
v 0.38005502 -0.32943829 0.08509503
v 0.28173262 -0.04812357 0.19097881
v 0.26246309 -0.05345951 0.19056258
v 0.26393682 -0.00770299 0.19480624
v 0.24523642 -0.01479090 0.19467797
v -0.42026777 -0.25422705 0.10304577
v -0.40306962 -0.25568076 0.11314875
v -0.45604066 -0.24638878 0.08322793
v -0.43914308 -0.24803918 0.09379714
v 0.08883507 0.44460958 0.10549157
v 0.08454240 0.42796937 0.11572076
v 0.10351126 0.41186822 0.12305565
v 0.09841828 0.39464493 0.13185221
v 0.42971863 0.33887909 0.04903989
v 0.41840111 0.33001709 0.06294452
v -0.35997692 0.01560233 0.17649376
v -0.34239496 0.00846679 0.18281190
v -0.34938906 -0.06762476 0.17767202
v -0.33029802 -0.07240255 0.18123078
v -0.24140481 -0.43188161 0.07892004
v -0.22253416 -0.42793690 0.08423962
v -0.27901718 0.19783146 0.17862083
v -0.26508596 0.18472516 0.18446087
v -0.31240028 0.16574284 0.17471525
v -0.29747463 0.15413965 0.18123836
v -0.26815543 -0.12018757 0.18242704
v -0.24840937 -0.12322948 0.18153275
v -0.28722748 -0.15445681 0.17623186
v -0.26732213 -0.15632252 0.17673784
v -0.51094239 -0.32223706 0.00223951
v -0.49346699 -0.32197119 0.01196061
v -0.47287905 -0.30759839 0.03215660
v -0.45699583 -0.30869059 0.04425992
v 0.18543872 -0.31119508 0.12531999
v 0.16631029 -0.30644206 0.12193298
v 0.20665223 -0.35704943 0.11355508
v 0.18724881 -0.35224968 0.11289972
v -0.44855899 0.17843428 0.11110816
v -0.43475866 0.16965984 0.12261989
v -0.44211457 -0.07530319 0.13723269
v -0.42531743 -0.07980972 0.14710727
v -0.40476519 0.35119191 0.06255414
v -0.39486267 0.34054220 0.07628307
v -0.40640605 0.31412056 0.08040434
v -0.39558772 0.30349708 0.09344525
v 0.16166142 0.03960046 0.19103489
v 0.14523953 0.02856320 0.18812625
v 0.36918562 -0.10499361 0.16826778
v 0.35026941 -0.10809624 0.17396959
v -0.31447885 -0.34698681 0.10448285
v -0.29577323 -0.34517827 0.11132311
v -0.37719152 -0.32578136 0.08927317
v -0.35931635 -0.32530626 0.09822931
v -0.02103541 0.44365750 0.11084652
v -0.02099245 0.42580471 0.11985962
v 0.24705690 -0.37401234 0.10604152
v 0.22766170 -0.37043770 0.10935934
v 0.21220618 -0.39446682 0.09967899
v 0.19289698 -0.38928952 0.10023596
v 0.33106032 0.07488248 0.18445079
v 0.31358398 0.06619509 0.18881734
v -0.30794697 0.40419875 0.07918610
v -0.29919782 0.39088823 0.09127918
v -0.26506288 0.43287200 0.07793657
v -0.25749983 0.41883782 0.09001142
v -0.00103572 0.34818712 0.15402545
v -0.00164944 0.32928021 0.16051483
v -0.12807164 0.30287462 0.16839916
v -0.12218919 0.28464661 0.17415213
v -0.12764978 0.28072697 0.17524721
v -0.12140630 0.26227273 0.17976604
v 0.16456614 0.54894560 0.02072388
v 0.15895639 0.53449216 0.03335672
v -0.32841123 0.28785967 0.13638558
v -0.31601269 0.27465149 0.14485791
v -0.35783313 0.24887244 0.13583628
v -0.34465296 0.23712674 0.14523212
v 0.47653955 -0.11673792 0.10331863
v 0.46035262 -0.11975088 0.11467052
v 0.21489539 -0.45821559 0.06777684
v 0.19578779 -0.45381197 0.07170973
v -0.03882536 0.26404764 0.17848292
v -0.03696887 0.24449399 0.18224700
v -0.30704329 -0.23290813 0.15348300
v -0.28719455 -0.23280486 0.15592780
v 0.22052096 -0.07622836 0.18598656
v 0.20162271 -0.08061273 0.18112927
v 0.24040264 -0.06797632 0.18829559
v 0.22111064 -0.07291657 0.18645917
v -0.45884312 -0.18760169 0.09882165
v -0.44194769 -0.19017121 0.10920926
v 0.38707145 0.46489135 0.00166516
v 0.37593216 0.45248124 0.01270443
v 0.17657448 0.38433832 0.13224546
v 0.16845518 0.36776811 0.13995680
v 0.17808751 0.18686874 0.19072037
v 0.16620255 0.17096176 0.19310273
v 0.13319901 0.20149902 0.19021724
v 0.12356937 0.18408057 0.19217371
v -0.36845050 -0.44914129 0.01668897
v -0.35151231 -0.44730511 0.02716208
v -0.45352444 0.27955016 0.06173366
v -0.44251611 0.27025232 0.07560186
v 0.06420313 0.39608596 0.13259376
v 0.06061548 0.37815733 0.14069642
v -0.02929416 0.40714407 0.12870049
v -0.02888904 0.38895267 0.13699923
v -0.03374052 0.37157726 0.14450003
v -0.03294833 0.35301300 0.15189602
v 0.15373147 0.27844379 0.17489680
v 0.14479477 0.26116016 0.17951974
v 0.14908057 0.21679748 0.18759199
v 0.13908745 0.19968008 0.19025513
v -0.27465331 0.33723671 0.12895509
v -0.26469230 0.32274392 0.13847861
v 0.26735710 -0.28115359 0.14445545
v 0.24757235 -0.27823427 0.14448737
v 0.25450184 -0.32030788 0.12967004
v 0.23482752 -0.31723912 0.13153115
v -0.13839448 0.34106697 0.15447580
v -0.13243075 0.32323629 0.16129200
v 0.41049007 -0.05443778 0.15670115
v 0.39220836 -0.05872800 0.16358104
v 0.43970864 -0.02057067 0.14071885
v 0.42288381 -0.02531774 0.15043227
v 0.25789999 -0.52997714 0.01098856
v 0.23914026 -0.52666384 0.01707581
v 0.08724665 -0.55834304 0.02000115
v 0.06764172 -0.55550155 0.02274573
v -0.18944722 0.14072247 0.19594613
v -0.17585194 0.12605897 0.19627843
v -0.24612536 -0.02411103 0.19352110
v -0.22733242 -0.03089705 0.19266346
v -0.41935511 -0.23499806 0.11170656
v -0.40183302 -0.23660643 0.12121179
v -0.40356511 -0.20699054 0.12817194
v -0.38515284 -0.20866132 0.13579800
v 0.01760147 0.28607706 0.17344612
v 0.01594881 0.26660202 0.17768305
v 0.29392609 -0.33089081 0.11879363
v 0.27466313 -0.32872545 0.12371395
v 0.36128184 0.17093472 0.15655335
v 0.34620527 0.16122307 0.16540440
v 0.50923317 -0.20415520 0.05319187
v 0.49418365 -0.20647480 0.06615687
v 0.27398651 -0.42398176 0.07741422
v 0.25518949 -0.42063765 0.08336812
v -0.19494201 0.21181322 0.18591287
v -0.18350569 0.19583710 0.18964573
v 0.40415863 -0.10599103 0.15296184
v 0.38608636 -0.10903852 0.16096596
v -0.39691629 -0.33150159 0.07394750
v -0.37992062 -0.33165836 0.08448708
v -0.15877028 0.53944847 0.02921689
v -0.15505043 0.52456911 0.04205150
v 0.43195167 -0.42286398 0.00215955
v 0.41450994 -0.42111433 0.01178684
v -0.45041841 -0.36206619 0.01764405
v -0.43434163 -0.36201259 0.02953918
v 0.51047790 -0.30346775 0.00974592
v 0.49297324 -0.30295676 0.01940438
v -0.29627605 0.52689982 0.00184644
v -0.28855877 0.51191002 0.01260327
v 0.47053143 0.28366891 0.04582025
v 0.45855764 0.27572938 0.05973256
v -0.22373320 0.06225439 0.19705545
v -0.20706387 0.05120482 0.19704105
v -0.17997158 0.04811087 0.19483531
v -0.16374425 0.03705160 0.19105028
v -0.36799150 -0.07958707 0.17234140
v -0.34897573 -0.08394238 0.17674502
v -0.13506247 0.16157989 0.19375436
v -0.12448257 0.14461943 0.19314734
v 0.24669865 0.08219787 0.19583029
v 0.22982618 0.07152577 0.19700766
v 0.22470756 0.07264496 0.19716385
v 0.20793026 0.06176030 0.19724461
v -0.12916364 -0.48390656 0.05578750
v -0.11015039 -0.47783447 0.05704680
v -0.16512777 -0.45298643 0.07259232
v -0.14613865 -0.44676837 0.07343433
v 0.14178744 0.14647768 0.19451969
v 0.13003784 0.13030243 0.19400218
v 0.11673644 0.11892170 0.19248124
v 0.10487641 0.10283471 0.19176822
v 0.35191930 0.27011184 0.13207963
v 0.33844794 0.25881328 0.14160985
v -0.19636180 -0.40144401 0.09748531
v -0.17736528 -0.39525861 0.09657247
v -0.23172773 -0.37071813 0.10939755
v -0.21233223 -0.36646232 0.11177723
v -0.46141962 -0.06401997 0.12791137
v -0.44426499 -0.06858034 0.13712451
v -0.47241177 -0.10135569 0.11046910
v -0.45612813 -0.10539493 0.12135430
v -0.17221103 -0.02420908 0.18461989
v -0.15416541 -0.03173319 0.18041235
v 0.18047321 -0.00057206 0.18914966
v 0.16274145 -0.00895848 0.18524934
v -0.45179615 -0.34344496 0.02713145
v -0.43580270 -0.34383103 0.03913230
v 0.38952287 -0.29839193 0.09805805
v 0.37174175 -0.29819789 0.10720979
v 0.43047847 -0.27289156 0.08713732
v 0.41371588 -0.27374139 0.09801176
v -0.28258582 0.09393507 0.19135270
v -0.26596107 0.08323181 0.19435567
v -0.38203948 0.18085916 0.14494295
v -0.36753973 0.17067456 0.15421610
v 0.34445001 -0.37286687 0.07921935
v 0.32641046 -0.37145497 0.08773646
v -0.22643480 0.24290649 0.17521424
v -0.21502744 0.22750487 0.18092582
v -0.37299425 0.47607155 0.00165566
v -0.36335126 0.46218177 0.01233492
v -0.13291227 0.46150633 0.09172464
v -0.12897522 0.44503394 0.10236043
v -0.58012155 0.01863490 0.02372043
v -0.56697321 0.01279946 0.03761391
v -0.54035960 -0.01718472 0.06680898
v -0.52612911 -0.02247074 0.07982862
v -0.49317142 0.26975194 0.03507159
v -0.48184046 0.26087147 0.04895347
v 0.41021388 0.37831597 0.04245542
v 0.39910808 0.36870988 0.05603276
v -0.26223233 0.50893771 0.02401238
v -0.25592544 0.49509035 0.03699057
v 0.03454588 0.57176841 0.02242696
v 0.03259579 0.55596355 0.03452504
v -0.34924723 0.39027622 0.07025603
v -0.33988067 0.37819478 0.08315046
v -0.39390862 0.38740626 0.04805409
v -0.38401504 0.37568203 0.06088451
v 0.22294614 0.51726509 0.03506484
v 0.21535383 0.50319524 0.04707968
v 0.52690380 0.14282241 0.05418024
v 0.51428794 0.13687576 0.06851333
v 0.55471520 0.13035729 0.02763876
v 0.54193349 0.12474294 0.04195891
v 0.49223065 0.08456931 0.09575823
v 0.47754606 0.07864390 0.10797348
v 0.44587574 0.12858049 0.12571905
v 0.43079406 0.12129461 0.13664695
v -0.07957487 0.56688858 0.01962936
v -0.07834684 0.55122196 0.03199904
v -0.02876064 0.57390932 0.02158919
v -0.02907747 0.55788533 0.03355126
v 0.56886407 -0.02946291 0.03591011
v 0.55514148 -0.03321968 0.04996490
v 0.54812187 -0.06920379 0.05039575
v 0.53404611 -0.07269115 0.06416787
v -0.41668443 -0.31618964 0.07023598
v -0.39981630 -0.31665429 0.08096958
v -0.45872868 0.03537913 0.12622717
v -0.44266837 0.02879804 0.13616276
v -0.49196972 0.01279963 0.10404451
v -0.47708895 0.00690080 0.11603311
v -0.40289135 0.11912095 0.15245864
v -0.38710939 0.11032554 0.16103362
v 0.56834683 -0.20814844 0.00176304
v 0.55231920 -0.21016978 0.01355242
v -0.15640188 0.37305070 0.13954407
v -0.15018690 0.35590153 0.14774408
v 0.33492440 -0.33494059 0.10398074
v 0.31639446 -0.33362212 0.11138770
v 0.35778722 -0.28861906 0.11914490
v 0.33973747 -0.28859580 0.12775688
v 0.12142893 0.30247190 0.16932170
v 0.11474133 0.28427066 0.17421568
v -0.19719204 0.03348284 0.19601785
v -0.18030369 0.02353214 0.19205208
v 0.29309092 0.49055897 0.02253582
v 0.28438290 0.47834670 0.03576423
v -0.35707148 0.31014433 0.11363722
v -0.34556882 0.29788325 0.12446841
v -0.54032400 0.16323294 0.03608022
v -0.52826656 0.15590137 0.05025153
v -0.54197675 0.11405423 0.04398965
v -0.52948989 0.10730584 0.05807857
v -0.51460402 -0.20900793 0.04755307
v -0.49928152 -0.21173710 0.06011224
v -0.56358066 -0.19085919 0.00969191
v -0.54751477 -0.19345349 0.02131589
v -0.31049255 -0.04450374 0.18677851
v -0.29149439 -0.05022382 0.18929059
v -0.30130476 0.00473570 0.19156974
v -0.28294072 -0.00276826 0.19410209
v 0.10408707 0.51021657 0.06041631
v 0.09982802 0.49501386 0.07269223
v 0.14997175 0.51627060 0.04951135
v 0.14449813 0.50175007 0.06212697
v -0.60333042 -0.05262966 0.00145748
v -0.58774149 -0.05694657 0.01321798
v -0.32768581 0.38837279 0.08122020
v -0.31834291 0.37553691 0.09338204
v -0.28767741 0.39834653 0.09151937
v -0.27880598 0.38413191 0.10243735
v -0.02027322 0.47860774 0.09034179
v -0.02034644 0.46144374 0.10060589
v 0.48044955 0.21920253 0.07235306
v 0.46737769 0.21178034 0.08554388
v 0.51453978 0.18560375 0.05761294
v 0.50140082 0.17901243 0.07117326
v 0.46293473 -0.05195153 0.12737466
v 0.44633862 -0.05589361 0.13781444
v 0.08621792 0.42429827 0.11767457
v 0.08186211 0.40689873 0.12652007
v -0.31576929 -0.29703801 0.12979670
v -0.29653341 -0.29591029 0.13515103
v 0.43381830 -0.32783012 0.05009292
v 0.41759290 -0.32816430 0.06177986
v 0.42286512 -0.37043982 0.03227302
v 0.40670366 -0.37023008 0.04405111
v -0.45250065 0.31345051 0.04434492
v -0.44179379 0.30376623 0.05818464
v -0.45811151 0.34351492 0.02363977
v -0.44768698 0.33348461 0.03744854
v -0.47769852 -0.07710913 0.11312278
v -0.46138273 -0.08154673 0.12380279
v -0.54217675 -0.06163034 0.05884964
v -0.52794962 -0.06628140 0.07211299
v 0.55673144 0.05942733 0.03926151
v 0.54341561 0.05454247 0.05336069
v 0.49436509 0.01058145 0.10239564
v 0.47898889 0.00580336 0.11425743
v 0.48422192 0.06684020 0.10409409
v 0.46939456 0.06104163 0.11619723
v 0.29322506 0.30491692 0.13945076
v 0.28108305 0.29168284 0.14824796
v -0.38331602 -0.24000770 0.12877482
v -0.36488643 -0.24098074 0.13647959
v -0.01748169 0.33287391 0.15932508
v -0.01728187 0.31382473 0.16541185
v -0.16122111 0.43795044 0.10413264
v -0.15597811 0.42178882 0.11468124
v -0.36847141 -0.02686135 0.17270121
v -0.35051549 -0.03275255 0.17924634
v -0.39693953 0.33496888 0.07754369
v -0.38626472 0.32392312 0.09034992
v -0.39350834 0.30056772 0.09602300
v -0.38163403 0.28923039 0.10744340
v 0.52089447 -0.18630304 0.04687662
v 0.50604929 -0.18877592 0.06004725
v -0.24291429 0.44461532 0.07892067
v -0.23602652 0.43022305 0.09097808
v -0.22893464 -0.11043610 0.18225587
v -0.20985608 -0.11341481 0.17705050
v 0.52331959 0.28067318 0.00975558
v 0.50949839 0.27209794 0.02139172
v 0.56759104 -0.09300119 0.02251605
v 0.55411151 -0.09621214 0.03693659
v -0.01535857 0.23398689 0.18380497
v -0.01508202 0.21427074 0.18714518
v -0.00948240 0.21308801 0.18717109
v -0.00958569 0.19312189 0.18831277
v 0.43342861 0.09143144 0.13794285
v 0.41757852 0.08443866 0.14793463
v 0.42358759 0.05247394 0.14618829
v 0.40736430 0.04604422 0.15595679
v 0.15155338 0.35384543 0.14819838
v 0.14409743 0.33676496 0.15545279
v -0.38969091 -0.19381318 0.13759017
v -0.37136799 -0.19583164 0.14534622
v 0.43601435 0.29368992 0.06821679
v 0.42412457 0.28515956 0.08184860
v 0.45840226 0.25601280 0.07036644
v 0.44590397 0.24801689 0.08377607
v 0.37697618 0.12434155 0.16328498
v 0.36039948 0.11535407 0.16994818
v -0.54451395 -0.08285322 0.05055107
v -0.53025372 -0.08713774 0.06390205
v -0.52454098 -0.13634171 0.05637549
v -0.50992103 -0.13996330 0.06953227
v 0.22022927 -0.18932087 0.16489708
v 0.20086987 -0.18844952 0.15995598
v 0.19792879 -0.22860604 0.14979929
v 0.17851008 -0.22643331 0.14553868
v 0.23053322 -0.21080081 0.16214556
v 0.21106127 -0.20943204 0.15779474
v -0.45167698 0.15716673 0.11654123
v -0.43711196 0.14857636 0.12721952
v -0.48606905 0.11105806 0.09752066
v -0.47188225 0.10368749 0.10953605
v 0.22621731 0.44853093 0.08319987
v 0.21805381 0.43448051 0.09485761
v -0.19174780 0.18840387 0.19032274
v -0.17956496 0.17280112 0.19316746
v -0.25366832 0.16771309 0.18923263
v -0.23916242 0.15432644 0.19244766
v -0.03829709 0.42574547 0.11915544
v -0.03757988 0.40785338 0.12806154
v -0.46824218 -0.36896365 0.00676173
v -0.45027430 -0.36741826 0.01540621
v -0.48692648 -0.19735895 0.07423337
v -0.47110833 -0.20011063 0.08615706
v -0.19870908 -0.17685474 0.16191019
v -0.17930936 -0.17691345 0.15705145
v 0.26895064 -0.48516594 0.03467265
v 0.25078493 -0.48273545 0.04267639
v 0.39931236 -0.12963659 0.14923734
v 0.38122726 -0.13233138 0.15733841
v 0.38198216 -0.16498738 0.14827838
v 0.36355295 -0.16696271 0.15578984
v -0.14445083 0.31594768 0.16356815
v -0.13790621 0.29809684 0.16977101
v -0.33385779 0.19300317 0.16210005
v -0.31940524 0.18143462 0.16966657
v -0.41563031 -0.37830624 0.03337947
v -0.39926539 -0.37807420 0.04487276
v -0.40711985 -0.44714612 0.00208781
v -0.38976161 -0.44503531 0.01179326
v 0.02054181 0.60473315 0.00167422
v 0.01901526 0.58837215 0.01307366
v 0.17217435 0.56841883 0.00820860
v 0.16618339 0.55226977 0.01837108
v -0.13698397 0.58863754 0.00174522
v -0.13401548 0.57136382 0.01137678
v 0.59326077 -0.05317529 0.00983304
v 0.57724905 -0.05626625 0.02141020
v -0.57450028 -0.15182061 0.00927360
v -0.55795888 -0.15460816 0.02016267
v 0.56098205 0.22756497 0.00208380
v 0.54842291 0.22092291 0.01615899
v -0.51673118 0.08883629 0.07387355
v -0.50342772 0.08215416 0.08722747
v -0.31893826 -0.18359178 0.16371362
v -0.29939894 -0.18529481 0.16762192
v 0.22303862 0.04785975 0.19682189
v 0.20568382 0.03792554 0.19653456
v 0.05027743 0.15318043 0.19054702
v 0.04431280 0.13409647 0.19097802
v 0.01295367 0.17540686 0.18922266
v 0.01083692 0.15556924 0.19061834
v 0.54962225 -0.22519982 0.01182624
v 0.53429691 -0.22733585 0.02449634
v 0.16073830 0.08905361 0.19549587
v 0.14610118 0.07573374 0.19261564
v -0.42226755 0.23263218 0.10552971
v -0.40927091 0.22269304 0.11703018
v -0.45416062 0.24471281 0.07966254
v -0.44178501 0.23527601 0.09222243
v 0.39013626 0.24388020 0.12001507
v 0.37684778 0.23428646 0.13147528
v 0.35018947 0.37770220 0.07918830
v 0.33884867 0.36624360 0.09102244
v 0.31456105 0.35265210 0.10800728
v 0.30315590 0.34036292 0.11890950
v 0.24142071 0.38658222 0.11349802
v 0.23211512 0.37236092 0.12403940
v -0.15839870 -0.53720004 0.02679576
v -0.13939720 -0.53279426 0.03121078
v 0.45432198 -0.09006803 0.12669430
v 0.43780003 -0.09353680 0.13741589
v -0.12039127 0.11701365 0.19256311
v -0.10844345 0.10099010 0.19188813
v -0.16386071 0.10919700 0.19625093
v -0.14999073 0.09487936 0.19464198
v -0.09698018 0.21709506 0.18793911
v -0.09076313 0.19822926 0.19026072
v -0.29090948 -0.21649084 0.15987597
v -0.27096056 -0.21669998 0.16127489
v -0.32996354 0.14960137 0.17250941
v -0.31455927 0.13862510 0.17900479
v -0.30699749 0.12180139 0.18393156
v -0.29085552 0.11082543 0.18828186
v 0.30240826 -0.36713120 0.09850448
v 0.28350595 -0.36479532 0.10460418
v 0.31406540 -0.40122361 0.07732860
v 0.29582381 -0.39909290 0.08524469
v 0.36275653 -0.41324080 0.04691333
v 0.34515951 -0.41151570 0.05625832
v 0.32803072 -0.44918872 0.03720350
v 0.31042883 -0.44726286 0.04649998
v 0.19925026 -0.49182640 0.04952912
v 0.18014627 -0.48772603 0.05379347
v -0.10962991 0.23765511 0.18476333
v -0.10325925 0.21894389 0.18780712
v -0.15069871 0.22290130 0.18643155
v -0.14175728 0.20534521 0.18986586
v -0.27287391 -0.35983514 0.10923300
v -0.25369785 -0.35692295 0.11410724
v -0.34813494 0.06482043 0.18013578
v -0.33099772 0.05625061 0.18586585
v -0.35899798 0.21137077 0.14636044
v -0.34518059 0.20030906 0.15567056
v -0.39678697 -0.35238515 0.06186888
v -0.37981297 -0.35214996 0.07244186
v 0.37542830 0.20836665 0.13993843
v 0.36087386 0.19831051 0.14926595
v 0.42096306 0.16255454 0.13311996
v 0.40543923 0.15395967 0.14234486
v -0.41771105 -0.29596882 0.08168887
v -0.40079882 -0.29682002 0.09232898
v -0.18423048 0.51571869 0.04503446
v -0.17977294 0.50101726 0.05783908
v 0.46713188 0.19202105 0.09492868
v 0.45274710 0.18419940 0.10641171
v 0.01169758 0.30699903 0.16749088
v 0.01042475 0.28784215 0.17309030
v -0.52664630 -0.15940595 0.04846024
v -0.51201581 -0.16281392 0.06166230
v 0.35283916 -0.09104559 0.17545971
v 0.33343531 -0.09446789 0.17888583
v 0.41885543 0.43579199 0.00254666
v 0.40780063 0.42518258 0.01539936
v 0.40748174 0.39953836 0.03075931
v 0.39686647 0.38991250 0.04470990
v -0.42595762 0.00854410 0.14703054
v -0.40953559 0.00224215 0.15654696
v -0.39177729 0.03065999 0.16383873
v -0.37442043 0.02356001 0.17078780
v -0.43637135 0.35653719 0.03416081
v -0.42621109 0.34619255 0.04793460
v -0.18944134 0.49977316 0.05742816
v -0.18461357 0.48515060 0.07018879
v -0.14563598 0.49398119 0.06800388
v -0.14178777 0.47830763 0.07981450
v -0.35449705 0.40767643 0.05450702
v -0.34554616 0.39584767 0.06792052
v -0.26927270 0.47304780 0.04669249
v -0.26247645 0.45954605 0.05978728
v -0.34850024 0.48028066 0.00865349
v -0.33915028 0.46590219 0.01893931
v 0.00016056 0.59587106 0.00806419
v -0.00082387 0.57930922 0.01923096
v 0.05285184 0.56037130 0.02854091
v 0.05033062 0.54465474 0.04064847
v 0.17393972 0.51798839 0.04468229
v 0.16781446 0.50374374 0.05731285
v 0.13977480 0.54606971 0.02683910
v 0.13482332 0.53136404 0.03945600
v -0.55466203 -0.04660513 0.04891553
v -0.54120958 -0.05156270 0.06285879
v 0.56907299 0.01178898 0.03574488
v 0.55546472 0.00760527 0.04979022
v -0.48156839 0.28922731 0.03395370
v -0.47048799 0.28000700 0.04781626
v -0.54534521 0.26428895 0.00108273
v -0.53253061 0.25488247 0.01321797
v -0.03477561 0.49477692 0.07925277
v -0.03445684 0.47774377 0.08972798
v -0.03920735 0.55837044 0.03184653
v -0.03912581 0.54236987 0.04384382
v -0.18954597 0.41314065 0.11430554
v -0.18309346 0.39712559 0.12439727
v -0.24875770 0.40443220 0.10133779
v -0.24080967 0.38959078 0.11213227
v 0.46356995 0.32681035 0.02823559
v 0.45192884 0.31838847 0.04214661
v -0.55403909 0.14904691 0.02460738
v -0.54182731 0.14192642 0.03875415
v -0.55719266 0.20040584 0.01389665
v -0.54409479 0.19241517 0.02672455
v -0.21816793 0.56393785 0.00207372
v -0.21315346 0.54877616 0.01411275
v -0.19924458 0.52850285 0.03224811
v -0.19455385 0.51386119 0.04503792
v 0.52986716 0.09203102 0.06048019
v 0.51688152 0.08670668 0.07472746
v 0.51168866 0.13962296 0.07059598
v 0.49819810 0.13338186 0.08397556
v 0.53088827 -0.26527747 0.01280845
v 0.51417944 -0.26604738 0.02377122
v -0.50970095 0.18639159 0.06109312
v -0.49828436 0.17883273 0.07566999
v 0.51947867 -0.02708711 0.08721199
v 0.50352117 -0.03099682 0.09861518
v 0.51539889 -0.06548807 0.08390121
v 0.50022460 -0.06904290 0.09643373
v -0.10430338 0.56415777 0.01799726
v -0.10238872 0.54858545 0.03039875
v 0.48313279 0.19814970 0.08064954
v 0.46974149 0.19099735 0.09366786
v 0.46154493 0.23442740 0.07878587
v 0.44876405 0.22668128 0.09207521
v -0.26822324 0.31663745 0.14040209
v -0.25786548 0.30205376 0.14934596
v -0.31633089 0.32531962 0.12267352
v -0.30550080 0.31200738 0.13294258
v -0.41977402 -0.10826301 0.14478976
v -0.40173697 -0.11192163 0.15261529
v -0.40535230 -0.07652964 0.15713913
v -0.38749591 -0.08099699 0.16495910
v 0.31716665 0.41133689 0.06976625
v 0.30717857 0.39942786 0.08235090
v 0.30734085 0.37535973 0.09768297
v 0.29641025 0.36263578 0.10857257
v 0.12525555 0.38376168 0.13602104
v 0.11933395 0.36666229 0.14453606
v 0.12379568 0.41649339 0.11981669
v 0.11803734 0.39945438 0.12856161
v -0.47235568 0.07347319 0.11249124
v -0.45748494 0.06648933 0.12389505
v -0.44117083 0.04680446 0.13604676
v -0.42523243 0.03991040 0.14596639
v -0.45471904 -0.30398582 0.04902126
v -0.43866264 -0.30513103 0.06088888
v 0.18877592 -0.52630926 0.03008672
v 0.16964898 -0.52264217 0.03463345
v 0.34987231 0.45381171 0.02175316
v 0.34008805 0.44257940 0.03509720
v 0.10208332 -0.54300029 0.02722149
v 0.08258843 -0.53930613 0.02972394
v 0.29895941 -0.15349728 0.17461093
v 0.27907531 -0.15500679 0.17612882
v 0.26621521 -0.12143425 0.18217412
v 0.24640185 -0.12397255 0.18120069
v -0.30186871 -0.25711306 0.14792880
v -0.28208972 -0.25632176 0.15077929
v -0.34605773 -0.23865829 0.14374169
v -0.32652782 -0.23879968 0.14804550
v 0.29544972 0.23589276 0.16536639
v 0.28169345 0.22300427 0.17204560
v -0.28017572 -0.42318024 0.07525424
v -0.26158341 -0.41989968 0.08185152
v -0.26009390 -0.41744012 0.08356639
v -0.24122071 -0.41371087 0.08903040
v 0.34448121 -0.16671235 0.16227517
v 0.32503212 -0.16810319 0.16672023
v 0.49257826 0.04816632 0.09968926
v 0.47763675 0.04273858 0.11182396
v 0.46500848 0.09511907 0.11589563
v 0.44985511 0.08869618 0.12725705
v -0.02257144 -0.61292872 0.00078766
v -0.00262216 -0.61231243 0.00205510
v 0.09087127 0.53768726 0.04055009
v 0.08717531 0.52241278 0.05291900
v -0.29939788 -0.40801787 0.07810482
v -0.28091495 -0.40519822 0.08520346
v -0.29758402 -0.44912038 0.05064163
v -0.27974009 -0.44668174 0.05933686
v 0.46065729 -0.29575598 0.04968852
v 0.44479852 -0.29668756 0.06183724
v 0.40397751 -0.30767409 0.08351221
v 0.38689445 -0.30787825 0.09390872
v 0.55528908 0.08370769 0.03619888
v 0.54209748 0.07859753 0.05033492
v 0.08292585 0.50369066 0.06774191
v 0.07919272 0.48813000 0.07973731
v 0.10777754 0.48178579 0.08135629
v 0.10302103 0.46539285 0.09177776
v 0.03193946 0.41428543 0.12510586
v 0.02965348 0.39647719 0.13391499
v 0.54348257 0.24305754 0.01057687
v 0.53030699 0.23570647 0.02370416
v 0.55956456 0.20345394 0.01074152
v 0.54585305 0.19682100 0.02370140
v 0.15075539 0.43607450 0.10614429
v 0.14421711 0.41999529 0.11607755
v 0.11134804 0.44962281 0.10088525
v 0.10621421 0.43325255 0.11116234
v -0.47920518 -0.21720709 0.07538596
v -0.46337985 -0.21971283 0.08735426
v -0.33125870 -0.46040165 0.02631301
v -0.31405981 -0.45823384 0.03628592
v 0.44355142 -0.35896824 0.02365078
v 0.42764110 -0.35889564 0.03576757
v 0.41871599 -0.39069173 0.02346439
v 0.40257065 -0.39026450 0.03525870
v -0.59164416 0.05891412 0.01006980
v -0.57686933 0.05242317 0.02188216
v -0.53575180 -0.22692034 0.02238342
v -0.52126028 -0.22980881 0.03585979
v -0.49025124 0.03767516 0.10269211
v -0.47550579 0.03139474 0.11465404
v -0.36598522 -0.22792126 0.13909550
v -0.34718904 -0.22896474 0.14584640
v -0.47660340 -0.18133216 0.08644174
v -0.46073678 -0.18428843 0.09825153
v -0.50583100 -0.19106221 0.05944515
v -0.49055084 -0.19400556 0.07200753
v -0.45466811 0.10915147 0.12229082
v -0.43961107 0.10138772 0.13291955
v -0.46994249 0.12208080 0.10891442
v -0.45590821 0.11441445 0.12092384
v -0.08143847 0.37225003 0.14282844
v -0.07857303 0.35399388 0.15047450
v 0.18023651 -0.35278076 0.11148322
v 0.16113487 -0.34736973 0.10907320
v 0.17198093 0.20913239 0.18788389
v 0.16085810 0.19270105 0.19038467
v -0.34933495 -0.03944150 0.17937518
v -0.33043552 -0.04501949 0.18278955
v -0.43576286 0.14516288 0.12886151
v -0.42112005 0.13662816 0.13947784
v 0.11286895 0.26563585 0.17891820
v 0.10578123 0.24742205 0.18315868
v 0.06158304 0.21881129 0.18660604
v 0.05651589 0.19958352 0.18874544
v -0.06685169 0.47649868 0.08793013
v -0.06528994 0.45951699 0.09837728
v -0.07153860 0.44515172 0.10644276
v -0.06971372 0.42802949 0.11661424
v 0.43163264 0.19620624 0.11414385
v 0.41745686 0.18788034 0.12553185
v 0.00100290 0.50680010 0.07326353
v 0.00003922 0.48983794 0.08381421
v 0.04262144 0.50482994 0.07113586
v 0.04017552 0.48863193 0.08260765
v 0.54698598 -0.15298083 0.03068410
v 0.53222271 -0.15559459 0.04391943
v 0.49267094 -0.29511643 0.02331076
v 0.47719373 -0.29617037 0.03593237
v -0.10500701 0.27481354 0.17664271
v -0.09969853 0.25607337 0.18117989
v 0.19646324 0.57237427 0.00153570
v 0.18990006 0.55697628 0.01248041
v -0.60469429 -0.01218462 0.00292075
v -0.59135623 -0.01770925 0.01676035
v 0.59310007 -0.12032784 0.00147488
v 0.57627491 -0.12262184 0.01203952
v 0.60515310 0.00795591 0.00214884
v 0.59094547 0.00380147 0.01559666
v -0.51219443 -0.29843051 0.01117437
v -0.49470431 -0.29853224 0.02087208
v -0.44648661 0.39144696 0.01084213
v -0.43544712 0.37993586 0.02290796
v 0.31712978 0.51712235 0.00044388
v 0.30694660 0.50290160 0.01014094
v -0.25739104 0.54722285 0.00205984
v -0.25120214 0.53239199 0.01396375
v -0.36921114 0.22738429 0.13701576
v -0.35558088 0.21620823 0.14646413
v 0.53077202 -0.14860939 0.04707836
v 0.51615253 -0.15138167 0.06044043
v -0.16140909 0.08681941 0.19571388
v -0.14682284 0.07350611 0.19255836
v 0.34608495 -0.45251883 0.02495419
v 0.32901078 -0.45099504 0.03525520
v 0.29066706 -0.45392273 0.04983352
v 0.27262101 -0.45168438 0.05815757
v 0.38187785 0.31650004 0.09667829
v 0.36929107 0.30603936 0.10817207
v -0.26831027 0.12971994 0.19040654
v -0.25269399 0.11770420 0.19382912
v -0.01433078 0.17694324 0.18911938
v -0.01337604 0.15701688 0.19052960
v -0.19651659 0.37378277 0.13284671
v -0.18913522 0.35746035 0.14173795
v -0.18343293 0.32402354 0.15623291
v -0.17539384 0.30704710 0.16309828
v 0.25921003 0.48840977 0.04029749
v 0.25102077 0.47564714 0.05333632
v 0.42305138 -0.10248083 0.14374714
v 0.40532521 -0.10554918 0.15248374
v 0.20838602 -0.31708759 0.12883139
v 0.18917248 -0.31239498 0.12586843
v 0.48206399 0.31024965 0.02224767
v 0.47020471 0.30214113 0.03616059
v -0.43376296 0.21307225 0.10636539
v -0.42040055 0.20364809 0.11788022
v -0.20911623 0.25787099 0.17338121
v -0.19869245 0.24173348 0.17893871
v 0.11582670 -0.48272209 0.05525792
v 0.09657730 -0.47739151 0.05626059
v 0.23116851 -0.26736504 0.14633908
v 0.21155982 -0.26422203 0.14397668
v 0.38752525 0.26777728 0.11231771
v 0.37451065 0.25788291 0.12383646
v -0.37778759 -0.30469379 0.10040523
v -0.35985345 -0.30466905 0.10925542
v 0.45684682 -0.19501343 0.09797353
v 0.44010122 -0.19689166 0.10874465
v 0.47095701 -0.17752193 0.09233916
v 0.45446501 -0.17968783 0.10344244
v 0.09627066 0.13267117 0.19195770
v 0.08667778 0.11513519 0.19130475
v 0.35578426 0.13217482 0.16829692
v 0.33937516 0.12267719 0.17466061
v 0.36843578 0.28123961 0.11833349
v 0.35578626 0.27086089 0.12983269
v 0.33255827 0.28244821 0.13625302
v 0.31936145 0.27036755 0.14518955
v -0.26752439 -0.14222130 0.17930330
v -0.24764792 -0.14426456 0.17846017
v -0.22073542 -0.13318518 0.17627568
v -0.20156603 -0.13504580 0.17088750
v 0.45547832 -0.00467821 0.13068702
v 0.43885339 -0.00960892 0.14064994
v 0.42964508 -0.06237419 0.14718918
v 0.41198555 -0.06630946 0.15571061
v 0.50649070 -0.24139693 0.04422475
v 0.49055895 -0.24302951 0.05620282
v -0.26761379 0.23569955 0.17148130
v -0.25485281 0.22157663 0.17761812
v -0.29756624 0.26350364 0.15538453
v -0.28510872 0.24996186 0.16321975
v 0.35390188 0.03180659 0.17899802
v 0.33620018 0.02467162 0.18497315
v 0.30211510 -0.28756309 0.13778121
v 0.28254265 -0.28568226 0.14143387
v 0.17406930 -0.44064024 0.07810869
v 0.15489451 -0.43501121 0.07888416
v 0.37496046 -0.05832919 0.17008839
v 0.35663112 -0.06282488 0.17670535
v 0.37493382 -0.27127712 0.12056955
v 0.35692413 -0.27133619 0.12926481
v 0.25192599 -0.20822643 0.16357944
v 0.23193762 -0.20785480 0.16304381
v -0.16158607 -0.50632271 0.04497056
v -0.14253216 -0.50094256 0.04779236
v -0.56401485 -0.10760292 0.02301047
v -0.55032741 -0.11144094 0.03707758
v -0.58977047 -0.13418327 0.00179043
v -0.57304057 -0.13711761 0.01234790
v -0.17357198 0.40166842 0.12375767
v -0.16727777 0.38487916 0.13261564
v -0.15170069 0.40595333 0.12370311
v -0.14614141 0.38888596 0.13252123
v 0.23620262 0.32361118 0.14507636
v 0.22565277 0.30900282 0.15375142
v 0.17118739 0.31617288 0.16074351
v 0.16232002 0.29956065 0.16747877
v 0.35129348 -0.03063686 0.17873707
v 0.33246281 -0.03593950 0.18289015
v 0.28385168 0.00099712 0.19391646
v 0.26520236 -0.00616578 0.19484148
v 0.24100459 0.18529485 0.18782273
v 0.22716466 0.17124629 0.19114752
v 0.46365754 0.03454693 0.12278554
v 0.44759575 0.02890987 0.13328329
v -0.35816331 -0.40464642 0.05505920
v -0.34089354 -0.40332699 0.06505791
v -0.23796081 0.51068414 0.03385602
v -0.23204494 0.49642391 0.04656855
v -0.23695557 0.46304575 0.06906952
v -0.23059134 0.44872519 0.08149441
v -0.38993792 0.37074421 0.06040918
v -0.38085681 0.36020788 0.07477856
v 0.35053208 0.42040944 0.04676698
v 0.34039991 0.40949931 0.06011869
v 0.29421641 0.45678150 0.04685025
v 0.28525834 0.44467823 0.06001170
v -0.48439949 0.25280031 0.05122701
v -0.47296829 0.24406057 0.06511603
v -0.46422577 0.22408080 0.08187058
v -0.45177140 0.21517176 0.09473439
v -0.06953436 0.35583057 0.14999792
v -0.06711820 0.33735631 0.15726590
v -0.11559223 0.34779787 0.15239827
v -0.11088427 0.32963222 0.15931233
v -0.53938549 0.18928167 0.03162930
v -0.52752705 0.18163938 0.04580438
v -0.51602589 0.22465385 0.04089146
v -0.50425098 0.21639675 0.05478864
v 0.44963086 -0.15086610 0.11419819
v 0.43295117 -0.15342529 0.12493125
v 0.41541879 -0.13930590 0.13884360
v 0.39735273 -0.14171523 0.14707600
v 0.21285113 0.50088915 0.04959877
v 0.20588752 0.48799295 0.06320598
v 0.17929746 0.48702108 0.06929234
v 0.17255530 0.47210183 0.08077794
v -0.49909472 0.34169721 0.00163320
v -0.48633000 0.33062874 0.01233416
v -0.58875312 0.14034512 0.00147569
v -0.57372203 0.13290099 0.01236657
v 0.39582572 0.44269892 0.01024267
v 0.38464845 0.43107680 0.02207293
v -0.43280870 0.25054800 0.09175219
v -0.42016727 0.24057883 0.10361684
v -0.40038323 0.27921964 0.10028952
v -0.38813350 0.26832836 0.11174745
v -0.56828841 0.00650075 0.03746336
v -0.55507361 0.00088147 0.05138286
v -0.60678446 0.02447488 0.00029288
v -0.59190710 0.01823765 0.01211325
v 0.30111627 0.33891133 0.12044281
v 0.28949868 0.32601004 0.13036996
v 0.34526923 0.31913687 0.11538474
v 0.33263337 0.30737782 0.12548522
v -0.35809700 -0.29658645 0.11437433
v -0.33968069 -0.29636258 0.12216851
v -0.51103811 -0.07243468 0.08591969
v -0.49588471 -0.07696776 0.09815838
v -0.52605808 -0.03204058 0.07992171
v -0.51113418 -0.03713569 0.09222119
v -0.22229492 -0.02094406 0.19286092
v -0.20385525 -0.02798282 0.18963688
v -0.55802010 0.07787091 0.03462531
v -0.54511660 0.07155200 0.04853685
v -0.54882546 0.04174135 0.05027040
v -0.53585954 0.03578817 0.06428484
v 0.42678078 -0.29478955 0.07620088
v 0.41008616 -0.29536176 0.08719734
v 0.47279078 -0.27658586 0.05223894
v 0.45690413 -0.27774085 0.06433192
v -0.11360099 0.44657870 0.10247362
v -0.11010263 0.42980721 0.11279054
v -0.23889432 0.35526474 0.13063899
v -0.23012662 0.33968087 0.13959614
v -0.21426036 0.38469390 0.12277359
v -0.20667164 0.36889003 0.13239694
v -0.13973828 0.51294196 0.05377691
v -0.13634686 0.49773159 0.06631098
v 0.49276251 0.24628408 0.04799582
v 0.48038756 0.23894809 0.06188841
v 0.52648061 0.23609704 0.02634688
v 0.51387793 0.22912328 0.04022128
v 0.19190528 -0.40371964 0.09497792
v 0.17270902 -0.39811119 0.09488389
v -0.52268940 0.01616256 0.07931388
v -0.50826905 0.01034815 0.09189188
v -0.02247295 0.54330801 0.04534608
v -0.02279811 0.52728360 0.05730737
v 0.01033162 0.56611026 0.02896840
v 0.00895874 0.54987914 0.04057124
v 0.15919828 0.39995232 0.12641205
v 0.15201581 0.38338069 0.13500003
v 0.05764149 0.29540880 0.17090752
v 0.05378983 0.27643952 0.17593655
v 0.35839114 -0.32630632 0.09824732
v 0.34039117 -0.32564720 0.10693793
v 0.52832167 0.16713171 0.04798383
v 0.51584263 0.16100884 0.06236243
v 0.52885879 0.21415749 0.03524216
v 0.51527369 0.20710041 0.04811084
v 0.55267462 -0.02850296 0.05343619
v 0.53984533 -0.03242062 0.06826930
v 0.15869867 0.45397830 0.09428554
v 0.15208311 0.43824887 0.10471527
v -0.39178670 0.00657938 0.16391190
v -0.37424206 -0.00003755 0.17086615
v -0.40734130 -0.02862634 0.15765403
v -0.38951900 -0.03424830 0.16477577
v 0.48062617 0.10232095 0.10281334
v 0.46605111 0.09609383 0.11500968
v 0.50681890 0.08410744 0.08407645
v 0.49223184 0.07836310 0.09649337
v -0.38530947 0.07961098 0.16526255
v -0.36842716 0.07135344 0.17210072
v -0.34533368 0.10954477 0.17529506
v -0.32910758 0.09969714 0.18159569
v 0.51075804 0.04747326 0.08543738
v 0.49590759 0.04222005 0.09775922
v 0.54362909 0.05243736 0.05353748
v 0.53044025 0.04759939 0.06777154
v 0.12071443 0.55915190 0.01937414
v 0.11636982 0.54416878 0.03188776
v 0.36931383 0.38598548 0.06376801
v 0.35845669 0.37571173 0.07705456
v 0.36564774 -0.12907560 0.16461800
v 0.34666156 -0.13160838 0.17036868
v 0.28375735 0.38538280 0.10008770
v 0.27353460 0.37211376 0.11101417
v 0.25600830 0.41888684 0.09064063
v 0.24676615 0.40497989 0.10164697
v 0.39698161 -0.42175677 0.02012971
v 0.38064383 -0.42113493 0.03164709
v -0.29877703 0.34143606 0.11957432
v -0.28856851 0.32756946 0.12974603
v -0.26711301 0.37232767 0.11303398
v -0.25840990 0.35799426 0.12393211
v -0.18217626 -0.43759060 0.08123006
v -0.16319062 -0.43131894 0.08164437
v -0.16998742 -0.47247240 0.06324957
v -0.15095738 -0.46664072 0.06520122
v 0.30376533 -0.03842025 0.18808352
v 0.28478873 -0.04406595 0.19090745
v 0.31512015 -0.08186082 0.18328919
v 0.29579863 -0.08592033 0.18647659
v -0.15699810 0.35368086 0.14818257
v -0.15041986 0.33638945 0.15577824
v -0.45210658 -0.11120121 0.12274604
v -0.43551496 -0.11512656 0.13319926
v -0.20386943 -0.34375764 0.11860807
v -0.18459401 -0.33863857 0.11712035
v 0.17623472 -0.28759762 0.12945941
v 0.15706653 -0.28331603 0.12568996
v 0.25579900 0.24356247 0.17101514
v 0.24316530 0.22934586 0.17719881
v -0.28915317 0.13743897 0.18540471
v -0.27354748 0.12575944 0.18987811
v -0.56725223 0.11199170 0.01850767
v -0.55466935 0.10534756 0.03256066
v -0.39589923 -0.17141749 0.14042419
v -0.37761234 -0.17388253 0.14813610
v -0.05691396 0.60015451 0.00290202
v -0.05628924 0.58317630 0.01345238
v -0.32398456 -0.15866898 0.16915710
v -0.30445688 -0.16090043 0.17285172
v -0.59121028 -0.07174610 0.00891395
v -0.57475810 -0.07549705 0.01964783
v -0.48796995 -0.35736028 0.00155880
v -0.47009507 -0.35614445 0.01044533
v -0.55256154 -0.25075397 0.00062010
v -0.53686561 -0.25294086 0.01281909
v 0.50063289 0.31878153 0.00914912
v 0.48670880 0.30934309 0.01996557
v -0.34582861 -0.48587111 0.00521843
v -0.32770975 -0.48159213 0.01252303
v -0.52492736 0.27829990 0.00975335
v -0.51191322 0.26849249 0.02134674
v 0.25543627 0.53951199 0.00728502
v 0.24706209 0.52580612 0.01920067
v 0.35663713 0.19496427 0.15192389
v 0.34185488 0.18458581 0.16051066
v 0.39996835 0.17344217 0.13918035
v 0.38473391 0.16437959 0.14844002
v -0.49250135 -0.27116970 0.03878329
v -0.47679413 -0.27304194 0.05102004
v -0.47291677 -0.25163543 0.06762890
v -0.45667212 -0.25358229 0.07913026
v 0.03960598 0.59245701 0.00888836
v 0.03745326 0.57564950 0.01951066
v 0.48808711 -0.18104998 0.07763563
v 0.47238996 -0.18338554 0.08980545
v -0.40842218 0.44688469 0.00152719
v -0.39855334 0.43442621 0.01366606
v -0.38403636 0.41953574 0.03072590
v -0.37485403 0.40795105 0.04419585
v -0.28081374 0.27936363 0.15352222
v -0.26912599 0.26520668 0.16145552
v -0.42984520 0.37868569 0.02750133
v -0.41998491 0.36798780 0.04122321
v -0.40491499 0.41191001 0.02382520
v -0.39592044 0.40111079 0.03805316
v 0.04302583 0.48540150 0.08448070
v 0.04048150 0.46848628 0.09484226
v 0.09672244 -0.57925962 0.00925092
v 0.07711917 -0.57663784 0.01221708
v 0.05994065 -0.58549750 0.00994666
v 0.04015167 -0.58373018 0.01223422
v -0.51184102 -0.17058481 0.05975786
v -0.49643115 -0.17372667 0.07211201
v 0.41261748 -0.33958038 0.05825574
v 0.39595897 -0.33956428 0.06932162
v 0.55497528 0.15402676 0.02263327
v 0.54234687 0.14816185 0.03698897
v 0.58883430 0.14188346 0.00117945
v 0.57323800 0.13576061 0.01209852
v 0.18449426 0.12135964 0.19688872
v 0.17025852 0.10731316 0.19689609
v -0.07209199 0.50781603 0.06610504
v -0.07068949 0.49175383 0.07793715
v -0.10474366 0.48615649 0.07822579
v -0.10206795 0.46962592 0.08915925
v 0.17186947 -0.54016878 0.02348515
v 0.15265182 -0.53656199 0.02768431
v 0.13502125 -0.56868504 0.01046468
v 0.11560807 -0.56543399 0.01400295
v -0.02836559 0.29823624 0.16995150
v -0.02745508 0.27903379 0.17546483
v 0.27469229 0.11366919 0.19102264
v 0.25821103 0.10275147 0.19404443
v -0.38528858 -0.11435119 0.15978579
v -0.36710161 -0.11807206 0.16722549
v -0.17901840 -0.41690428 0.08943451
v -0.16009270 -0.41048231 0.08870227
v -0.16995945 -0.37265735 0.10305841
v -0.15101383 -0.36655783 0.10110417
v -0.32909852 -0.22392938 0.15143226
v -0.30950920 -0.22445915 0.15542452
v -0.21396840 -0.30564610 0.13327035
v -0.19467200 -0.30122847 0.13042545
v -0.25335859 -0.29607919 0.13873376
v -0.23360857 -0.29315741 0.13989987
v 0.08316773 0.36427950 0.14654932
v 0.07853885 0.34613592 0.15357386
v 0.18718015 -0.06225546 0.18096715
v 0.16833224 -0.06747962 0.17679289
v -0.30527160 0.42290728 0.06685341
v -0.29735993 0.41017218 0.08008906
v -0.55205762 -0.12516757 0.03189974
v -0.53779094 -0.12879894 0.04543617
v -0.10631777 -0.58618624 0.00434577
v -0.08703020 -0.58283974 0.00843847
v 0.21455596 0.43621495 0.09517124
v 0.20634533 0.42150002 0.10594232
v 0.18555079 0.42255414 0.10991314
v 0.17790745 0.40742071 0.12052062
v 0.32667614 -0.18189696 0.16273770
v 0.30713938 -0.18290974 0.16689094
v -0.09113409 0.29288629 0.17182128
v -0.08668514 0.27399195 0.17663488
v 0.42098188 -0.01231625 0.15067038
v 0.40364751 -0.01748242 0.15920211
v -0.11775643 0.09474409 0.19192253
v -0.10445648 0.07993025 0.19001960
v -0.53184968 -0.09895575 0.05921873
v -0.51726987 -0.10302402 0.07228925
v 0.02091179 0.47472686 0.09251788
v 0.01913168 0.45762491 0.10273132
v -0.43769365 0.12074577 0.13259019
v -0.42231682 0.11251132 0.14237319
v -0.32727116 0.22955663 0.15514719
v -0.31386738 0.21744264 0.16372331
v 0.51020749 -0.26002716 0.03039496
v 0.49477113 -0.26170412 0.04299918
v -0.26532600 0.05873739 0.19565020
v -0.24803688 0.04870709 0.19631314
v -0.29462097 0.02775403 0.19289595
v -0.27665247 0.01938146 0.19554042
v -0.43318923 -0.38020403 0.02016140
v -0.41683881 -0.37979791 0.03167047
v 0.43559562 0.17385661 0.12045048
v 0.42121358 0.16593593 0.13186887
v 0.46162395 -0.37119583 0.00938521
v 0.44389299 -0.36953628 0.01848571
v -0.43841761 -0.25981272 0.08848891
v -0.42141001 -0.26118164 0.09892096
v 0.01053643 0.41920314 0.12319936
v 0.00919651 0.40132419 0.13205982
v 0.49769108 -0.14195490 0.07957232
v 0.48219383 -0.14472713 0.09190561
v 0.48982712 -0.09985162 0.09723305
v 0.47388409 -0.10304282 0.10887762
v -0.57839681 -0.03002654 0.02571817
v -0.56515474 -0.03517469 0.03979311
v 0.38054059 0.09925278 0.16596999
v 0.36347178 0.09081289 0.17208424
v 0.40248137 0.06246935 0.15752781
v 0.38574812 0.05550378 0.16597997
v 0.01824631 0.20849869 0.18728504
v 0.01603527 0.18866908 0.18864817
v -0.23607957 -0.39167594 0.10053578
v -0.21678782 -0.38705655 0.10307542
v -0.48399992 0.15890737 0.09307895
v -0.46986871 0.15073893 0.10463514
v -0.49285377 0.19559108 0.07380758
v -0.48032002 0.18740640 0.08706941
v -0.23173951 0.49464118 0.04796093
v -0.22598875 0.48071500 0.06111200
v -0.21394201 0.47211335 0.07167573
v -0.20807828 0.45749292 0.08399725
v -0.52374956 0.23975888 0.02657875
v -0.51209546 0.23132672 0.04047267
v -0.49484871 0.23168040 0.05415349
v -0.48317562 0.22328179 0.06805177
v -0.18408871 0.54326998 0.02230463
v -0.17983789 0.52851476 0.03511767
v -0.15176531 0.57273075 0.00860657
v -0.14826417 0.55572000 0.01852304
v -0.31917201 0.43258462 0.05289459
v -0.31115732 0.42002142 0.06623217
v -0.43343855 0.28604126 0.07421412
v -0.42239353 0.27630917 0.08775124
v 0.35979157 0.43605536 0.03017534
v 0.34968631 0.42515953 0.04355908
v 0.56783071 0.11237202 0.01784663
v 0.55484284 0.10701741 0.03208050
v -0.57237585 0.15762210 0.01029889
v -0.55772814 0.14998579 0.02157237
v -0.07784266 -0.56401298 0.01811101
v -0.05837195 -0.56057587 0.02111725
v -0.51019984 -0.02276560 0.09300059
v -0.49491104 -0.02807914 0.10474703
v -0.47707328 -0.00099406 0.11660972
v -0.46112806 -0.00681410 0.12718503
v -0.45455891 0.21053379 0.09513210
v -0.44109364 0.20125190 0.10664266
v 0.09129060 0.15513950 0.19213495
v 0.08297286 0.13696539 0.19144462
v 0.27902891 0.33945381 0.12641738
v 0.26784709 0.32600596 0.13611698
v -0.19745194 0.46282867 0.08334117
v -0.19149846 0.44699619 0.09401116
v -0.15571071 0.45642656 0.09302863
v -0.15092698 0.44014552 0.10361181
v -0.13956193 0.05607773 0.19057460
v -0.12410239 0.04369815 0.18779813
v -0.60522973 0.04897633 0.00025068
v -0.59047032 0.04262056 0.01215546
v -0.27306441 -0.50276847 0.01981421
v -0.25523402 -0.50015657 0.02848688
v -0.32620574 -0.50783184 0.00197522
v -0.30784896 -0.50355187 0.00865884
v -0.55973633 0.22473550 0.00432417
v -0.54788224 0.21667267 0.01826803
v -0.20986785 -0.04227420 0.18925055
v -0.19143876 -0.04823689 0.18427310
v -0.33995655 0.42707850 0.04691083
v -0.33146937 0.41489405 0.06030735
v 0.46076750 0.34639995 0.01994593
v 0.44928100 0.33776839 0.03385696
v 0.42855053 0.36239791 0.03731843
v 0.41739626 0.35331734 0.05121395
v 0.54920817 -0.17627116 0.02312968
v 0.53440157 -0.17873106 0.03634609
v -0.00505622 0.57714846 0.02069090
v -0.00595621 0.56129048 0.03284304
v 0.06453137 -0.56099676 0.02047010
v 0.04482928 -0.55866449 0.02298967
v 0.33471934 0.03580954 0.18607279
v 0.31659737 0.02826294 0.18989418
v 0.36677813 0.05178526 0.17382976
v 0.34961361 0.04441262 0.18097002
v -0.26226280 -0.18069412 0.17088484
v -0.24229882 -0.18157949 0.17010005
v -0.22031382 -0.17848808 0.16752821
v -0.20104069 -0.17843250 0.16218936
v -0.57545949 0.18273013 0.00286782
v -0.56174357 0.17493868 0.01516118
v 0.32929290 0.42520303 0.05356854
v 0.31956261 0.41387347 0.06686975
v 0.32780989 0.46088200 0.02746308
v 0.31839796 0.44931091 0.04078544
v -0.11658691 -0.51923544 0.03889792
v -0.09745091 -0.51392254 0.04125306
v -0.22085886 -0.52479848 0.02295260
v -0.20248819 -0.52164649 0.03020127
v 0.30892634 -0.46283862 0.03450859
v 0.29135524 -0.46112426 0.04390420
v 0.47424750 0.37742349 0.00086510
v 0.46092530 0.36733242 0.01184915
v 0.44427323 0.36507436 0.02319165
v 0.43302262 0.35611781 0.03709000
v -0.18975439 -0.29902444 0.12984049
v -0.17061636 -0.29449122 0.12621479
v -0.18081350 -0.56989580 0.00326785
v -0.16190246 -0.56609832 0.00855100
v -0.14416239 -0.44800790 0.07267772
v -0.12526380 -0.44146606 0.07259062
v -0.06488975 0.55514201 0.03086437
v -0.06400230 0.53920845 0.04291817
v -0.03333559 0.52656104 0.05650618
v -0.03323432 0.51077427 0.06878330
v 0.35474914 0.07387280 0.17683739
v 0.33780564 0.06579677 0.18374070
v -0.45535745 -0.28498437 0.06069450
v -0.43929823 -0.28651919 0.07251422
v 0.21413149 0.55417022 0.00998042
v 0.20698682 0.53934235 0.02134035
v -0.03676593 0.59233377 0.00912206
v -0.03678100 0.57541111 0.01977961
v -0.07543878 0.58765051 0.00874628
v -0.07405534 0.57027493 0.01855114
v -0.25461450 -0.51505771 0.01811383
v -0.23673860 -0.51244028 0.02669061
v 0.38816712 0.04612299 0.16527386
v 0.37073648 0.03925023 0.17226658
v 0.36083575 0.00906454 0.17604468
v 0.34288825 0.00260474 0.18205451
v 0.57592090 0.18495038 0.00194060
v 0.56156298 0.17846550 0.01425954
v 0.56756140 0.09009060 0.02257559
v 0.55444267 0.08502434 0.03679501
v 0.59895514 0.09978028 0.00013609
v 0.58270078 0.09415118 0.01033750
v 0.38102946 0.00351602 0.16824631
v 0.36324847 -0.00247486 0.17516771
v 0.34509227 -0.00998879 0.18091683
v 0.32653158 -0.01614747 0.18510388
v -0.10771864 -0.49986534 0.04752048
v -0.08864359 -0.49412669 0.04930104
v 0.28213777 0.50914927 0.01428514
v 0.27369931 0.49665876 0.02742819
v 0.27821810 -0.51985512 0.00808878
v 0.26032626 -0.51759106 0.01673262
v 0.24509892 -0.51363586 0.02296978
v 0.22672391 -0.51121801 0.03048464
v 0.57755377 0.07120304 0.01631658
v 0.56428621 0.06644993 0.03050601
v -0.12131453 -0.57370147 0.00908569
v -0.10208987 -0.56974966 0.01292699
v 0.23749278 0.55589445 0.00238868
v 0.22996353 0.54224392 0.01491598
v 0.29229416 -0.52914433 0.00142258
v 0.27344947 -0.52513218 0.00678359
v 0.57045589 0.05118119 0.02730155
v 0.55697785 0.04648800 0.04131143
v -0.15790212 -0.56741281 0.00836144
v -0.13882463 -0.56325241 0.01268586
v -0.12269173 -0.55425774 0.01962336
v -0.10354156 -0.55019571 0.02371369
v 0.08142729 0.12599944 0.19107575
v 0.07296130 0.10788119 0.19120166
v 0.45195084 0.38439742 0.01051757
v 0.43953772 0.37450179 0.02268108
v -0.27195626 -0.54002990 0.00110940
v -0.25329778 -0.53574529 0.00689416
v 0.21021841 -0.56203499 0.00364569
v 0.19119228 -0.55900941 0.00901343
v -0.03120725 0.15788243 0.19035000
v -0.02787012 0.13817138 0.19089612
v 0.27909118 0.54041358 -0.00051606
v 0.26972351 0.52599490 0.00969708
v 0.25841782 0.52015531 0.01766492
v 0.25038577 0.50735887 0.03076825
v 0.59548237 0.02944649 0.00922778
v 0.58089501 0.02494011 0.02214528
v 0.59295747 0.07515265 0.00662134
v 0.57700279 0.06990840 0.01747981
v 0.06167398 0.13704993 0.19097116
v 0.05442893 0.11840987 0.19110233
l 1 2
l 3 4
l 5 6
l 7 8
l 9 10
l 11 12
l 13 14
l 15 16
l 17 18
l 19 20
l 21 22
l 23 24
l 25 26
l 27 28
l 29 30
l 31 32
l 33 34
l 35 36
l 37 38
l 39 40
l 41 42
l 43 44
l 45 46
l 47 48
l 49 50
l 51 52
l 53 54
l 55 56
l 57 58
l 59 60
l 61 62
l 63 64
l 65 66
l 67 68
l 69 70
l 71 72
l 73 74
l 75 76
l 77 78
l 79 80
l 81 82
l 83 84
l 85 86
l 87 88
l 89 90
l 91 92
l 93 94
l 95 96
l 97 98
l 99 100
l 101 102
l 103 104
l 105 106
l 107 108
l 109 110
l 111 112
l 113 114
l 115 116
l 117 118
l 119 120
l 121 122
l 123 124
l 125 126
l 127 128
l 129 130
l 131 132
l 133 134
l 135 136
l 137 138
l 139 140
l 141 142
l 143 144
l 145 146
l 147 148
l 149 150
l 151 152
l 153 154
l 155 156
l 157 158
l 159 160
l 161 162
l 163 164
l 165 166
l 167 168
l 169 170
l 171 172
l 173 174
l 175 176
l 177 178
l 179 180
l 181 182
l 183 184
l 185 186
l 187 188
l 189 190
l 191 192
l 193 194
l 195 196
l 197 198
l 199 200
l 201 202
l 203 204
l 205 206
l 207 208
l 209 210
l 211 212
l 213 214
l 215 216
l 217 218
l 219 220
l 221 222
l 223 224
l 225 226
l 227 228
l 229 230
l 231 232
l 233 234
l 235 236
l 237 238
l 239 240
l 241 242
l 243 244
l 245 246
l 247 248
l 249 250
l 251 252
l 253 254
l 255 256
l 257 258
l 259 260
l 261 262
l 263 264
l 265 266
l 267 268
l 269 270
l 271 272
l 273 274
l 275 276
l 277 278
l 279 280
l 281 282
l 283 284
l 285 286
l 287 288
l 289 290
l 291 292
l 293 294
l 295 296
l 297 298
l 299 300
l 301 302
l 303 304
l 305 306
l 307 308
l 309 310
l 311 312
l 313 314
l 315 316
l 317 318
l 319 320
l 321 322
l 323 324
l 325 326
l 327 328
l 329 330
l 331 332
l 333 334
l 335 336
l 337 338
l 339 340
l 341 342
l 343 344
l 345 346
l 347 348
l 349 350
l 351 352
l 353 354
l 355 356
l 357 358
l 359 360
l 361 362
l 363 364
l 365 366
l 367 368
l 369 370
l 371 372
l 373 374
l 375 376
l 377 378
l 379 380
l 381 382
l 383 384
l 385 386
l 387 388
l 389 390
l 391 392
l 393 394
l 395 396
l 397 398
l 399 400
l 401 402
l 403 404
l 405 406
l 407 408
l 409 410
l 411 412
l 413 414
l 415 416
l 417 418
l 419 420
l 421 422
l 423 424
l 425 426
l 427 428
l 429 430
l 431 432
l 433 434
l 435 436
l 437 438
l 439 440
l 441 442
l 443 444
l 445 446
l 447 448
l 449 450
l 451 452
l 453 454
l 455 456
l 457 458
l 459 460
l 461 462
l 463 464
l 465 466
l 467 468
l 469 470
l 471 472
l 473 474
l 475 476
l 477 478
l 479 480
l 481 482
l 483 484
l 485 486
l 487 488
l 489 490
l 491 492
l 493 494
l 495 496
l 497 498
l 499 500
l 501 502
l 503 504
l 505 506
l 507 508
l 509 510
l 511 512
l 513 514
l 515 516
l 517 518
l 519 520
l 521 522
l 523 524
l 525 526
l 527 528
l 529 530
l 531 532
l 533 534
l 535 536
l 537 538
l 539 540
l 541 542
l 543 544
l 545 546
l 547 548
l 549 550
l 551 552
l 553 554
l 555 556
l 557 558
l 559 560
l 561 562
l 563 564
l 565 566
l 567 568
l 569 570
l 571 572
l 573 574
l 575 576
l 577 578
l 579 580
l 581 582
l 583 584
l 585 586
l 587 588
l 589 590
l 591 592
l 593 594
l 595 596
l 597 598
l 599 600
l 601 602
l 603 604
l 605 606
l 607 608
l 609 610
l 611 612
l 613 614
l 615 616
l 617 618
l 619 620
l 621 622
l 623 624
l 625 626
l 627 628
l 629 630
l 631 632
l 633 634
l 635 636
l 637 638
l 639 640
l 641 642
l 643 644
l 645 646
l 647 648
l 649 650
l 651 652
l 653 654
l 655 656
l 657 658
l 659 660
l 661 662
l 663 664
l 665 666
l 667 668
l 669 670
l 671 672
l 673 674
l 675 676
l 677 678
l 679 680
l 681 682
l 683 684
l 685 686
l 687 688
l 689 690
l 691 692
l 693 694
l 695 696
l 697 698
l 699 700
l 701 702
l 703 704
l 705 706
l 707 708
l 709 710
l 711 712
l 713 714
l 715 716
l 717 718
l 719 720
l 721 722
l 723 724
l 725 726
l 727 728
l 729 730
l 731 732
l 733 734
l 735 736
l 737 738
l 739 740
l 741 742
l 743 744
l 745 746
l 747 748
l 749 750
l 751 752
l 753 754
l 755 756
l 757 758
l 759 760
l 761 762
l 763 764
l 765 766
l 767 768
l 769 770
l 771 772
l 773 774
l 775 776
l 777 778
l 779 780
l 781 782
l 783 784
l 785 786
l 787 788
l 789 790
l 791 792
l 793 794
l 795 796
l 797 798
l 799 800
l 801 802
l 803 804
l 805 806
l 807 808
l 809 810
l 811 812
l 813 814
l 815 816
l 817 818
l 819 820
l 821 822
l 823 824
l 825 826
l 827 828
l 829 830
l 831 832
l 833 834
l 835 836
l 837 838
l 839 840
l 841 842
l 843 844
l 845 846
l 847 848
l 849 850
l 851 852
l 853 854
l 855 856
l 857 858
l 859 860
l 861 862
l 863 864
l 865 866
l 867 868
l 869 870
l 871 872
l 873 874
l 875 876
l 877 878
l 879 880
l 881 882
l 883 884
l 885 886
l 887 888
l 889 890
l 891 892
l 893 894
l 895 896
l 897 898
l 899 900
l 901 902
l 903 904
l 905 906
l 907 908
l 909 910
l 911 912
l 913 914
l 915 916
l 917 918
l 919 920
l 921 922
l 923 924
l 925 926
l 927 928
l 929 930
l 931 932
l 933 934
l 935 936
l 937 938
l 939 940
l 941 942
l 943 944
l 945 946
l 947 948
l 949 950
l 951 952
l 953 954
l 955 956
l 957 958
l 959 960
l 961 962
l 963 964
l 965 966
l 967 968
l 969 970
l 971 972
l 973 974
l 975 976
l 977 978
l 979 980
l 981 982
l 983 984
l 985 986
l 987 988
l 989 990
l 991 992
l 993 994
l 995 996
l 997 998
l 999 1000
l 1001 1002
l 1003 1004
l 1005 1006
l 1007 1008
l 1009 1010
l 1011 1012
l 1013 1014
l 1015 1016
l 1017 1018
l 1019 1020
l 1021 1022
l 1023 1024
l 1025 1026
l 1027 1028
l 1029 1030
l 1031 1032
l 1033 1034
l 1035 1036
l 1037 1038
l 1039 1040
l 1041 1042
l 1043 1044
l 1045 1046
l 1047 1048
l 1049 1050
l 1051 1052
l 1053 1054
l 1055 1056
l 1057 1058
l 1059 1060
l 1061 1062
l 1063 1064
l 1065 1066
l 1067 1068
l 1069 1070
l 1071 1072
l 1073 1074
l 1075 1076
l 1077 1078
l 1079 1080
l 1081 1082
l 1083 1084
l 1085 1086
l 1087 1088
l 1089 1090
l 1091 1092
l 1093 1094
l 1095 1096
l 1097 1098
l 1099 1100
l 1101 1102
l 1103 1104
l 1105 1106
l 1107 1108
l 1109 1110
l 1111 1112
l 1113 1114
l 1115 1116
l 1117 1118
l 1119 1120
l 1121 1122
l 1123 1124
l 1125 1126
l 1127 1128
l 1129 1130
l 1131 1132
l 1133 1134
l 1135 1136
l 1137 1138
l 1139 1140
l 1141 1142
l 1143 1144
l 1145 1146
l 1147 1148
l 1149 1150
l 1151 1152
l 1153 1154
l 1155 1156
l 1157 1158
l 1159 1160
l 1161 1162
l 1163 1164
l 1165 1166
l 1167 1168
l 1169 1170
l 1171 1172
l 1173 1174
l 1175 1176
l 1177 1178
l 1179 1180
l 1181 1182
l 1183 1184
l 1185 1186
l 1187 1188
l 1189 1190
l 1191 1192
l 1193 1194
l 1195 1196
l 1197 1198
l 1199 1200
l 1201 1202
l 1203 1204
l 1205 1206
l 1207 1208
l 1209 1210
l 1211 1212
l 1213 1214
l 1215 1216
l 1217 1218
l 1219 1220
l 1221 1222
l 1223 1224
l 1225 1226
l 1227 1228
l 1229 1230
l 1231 1232
l 1233 1234
l 1235 1236
l 1237 1238
l 1239 1240
l 1241 1242
l 1243 1244
l 1245 1246
l 1247 1248
l 1249 1250
l 1251 1252
l 1253 1254
l 1255 1256
l 1257 1258
l 1259 1260
l 1261 1262
l 1263 1264
l 1265 1266
l 1267 1268
l 1269 1270
l 1271 1272
l 1273 1274
l 1275 1276
l 1277 1278
l 1279 1280
l 1281 1282
l 1283 1284
l 1285 1286
l 1287 1288
l 1289 1290
l 1291 1292
l 1293 1294
l 1295 1296
l 1297 1298
l 1299 1300
l 1301 1302
l 1303 1304
l 1305 1306
l 1307 1308
l 1309 1310
l 1311 1312
l 1313 1314
l 1315 1316
l 1317 1318
l 1319 1320
l 1321 1322
l 1323 1324
l 1325 1326
l 1327 1328
l 1329 1330
l 1331 1332
l 1333 1334
l 1335 1336
l 1337 1338
l 1339 1340
l 1341 1342
l 1343 1344
l 1345 1346
l 1347 1348
l 1349 1350
l 1351 1352
l 1353 1354
l 1355 1356
l 1357 1358
l 1359 1360
l 1361 1362
l 1363 1364
l 1365 1366
l 1367 1368
l 1369 1370
l 1371 1372
l 1373 1374
l 1375 1376
l 1377 1378
l 1379 1380
l 1381 1382
l 1383 1384
l 1385 1386
l 1387 1388
l 1389 1390
l 1391 1392
l 1393 1394
l 1395 1396
l 1397 1398
l 1399 1400
l 1401 1402
l 1403 1404
l 1405 1406
l 1407 1408
l 1409 1410
l 1411 1412
l 1413 1414
l 1415 1416
l 1417 1418
l 1419 1420
l 1421 1422
l 1423 1424
l 1425 1426
l 1427 1428
l 1429 1430
l 1431 1432
l 1433 1434
l 1435 1436
l 1437 1438
l 1439 1440
l 1441 1442
l 1443 1444
l 1445 1446
l 1447 1448
l 1449 1450
l 1451 1452
l 1453 1454
l 1455 1456
l 1457 1458
l 1459 1460
l 1461 1462
l 1463 1464
l 1465 1466
l 1467 1468
l 1469 1470
l 1471 1472
l 1473 1474
l 1475 1476
l 1477 1478
l 1479 1480
l 1481 1482
l 1483 1484
l 1485 1486
l 1487 1488
l 1489 1490
l 1491 1492
l 1493 1494
l 1495 1496
l 1497 1498
l 1499 1500
l 1501 1502
l 1503 1504
l 1505 1506
l 1507 1508
l 1509 1510
l 1511 1512
l 1513 1514
l 1515 1516
l 1517 1518
l 1519 1520
l 1521 1522
l 1523 1524
l 1525 1526
l 1527 1528
l 1529 1530
l 1531 1532
l 1533 1534
l 1535 1536
l 1537 1538
l 1539 1540
l 1541 1542
l 1543 1544
l 1545 1546
l 1547 1548
l 1549 1550
l 1551 1552
l 1553 1554
l 1555 1556
l 1557 1558
l 1559 1560
l 1561 1562
l 1563 1564
l 1565 1566
l 1567 1568
l 1569 1570
l 1571 1572
l 1573 1574
l 1575 1576
l 1577 1578
l 1579 1580
l 1581 1582
l 1583 1584
l 1585 1586
l 1587 1588
l 1589 1590
l 1591 1592
l 1593 1594
l 1595 1596
l 1597 1598
l 1599 1600
l 1601 1602
l 1603 1604
l 1605 1606
l 1607 1608
l 1609 1610
l 1611 1612
l 1613 1614
l 1615 1616
l 1617 1618
l 1619 1620
l 1621 1622
l 1623 1624
l 1625 1626
l 1627 1628
l 1629 1630
l 1631 1632
l 1633 1634
l 1635 1636
l 1637 1638
l 1639 1640
l 1641 1642
l 1643 1644
l 1645 1646
l 1647 1648
l 1649 1650
l 1651 1652
l 1653 1654
l 1655 1656
l 1657 1658
l 1659 1660
l 1661 1662
l 1663 1664
l 1665 1666
l 1667 1668
l 1669 1670
l 1671 1672
l 1673 1674
l 1675 1676
l 1677 1678
l 1679 1680
l 1681 1682
l 1683 1684
l 1685 1686
l 1687 1688
l 1689 1690
l 1691 1692
l 1693 1694
l 1695 1696
l 1697 1698
l 1699 1700
l 1701 1702
l 1703 1704
l 1705 1706
l 1707 1708
l 1709 1710
l 1711 1712
l 1713 1714
l 1715 1716
l 1717 1718
l 1719 1720
l 1721 1722
l 1723 1724
l 1725 1726
l 1727 1728
l 1729 1730
l 1731 1732
l 1733 1734
l 1735 1736
l 1737 1738
l 1739 1740
l 1741 1742
l 1743 1744
l 1745 1746
l 1747 1748
l 1749 1750
l 1751 1752
l 1753 1754
l 1755 1756
l 1757 1758
l 1759 1760
l 1761 1762
l 1763 1764
l 1765 1766
l 1767 1768
l 1769 1770
l 1771 1772
l 1773 1774
l 1775 1776
l 1777 1778
l 1779 1780
l 1781 1782
l 1783 1784
l 1785 1786
l 1787 1788
l 1789 1790
l 1791 1792
l 1793 1794
l 1795 1796
l 1797 1798
l 1799 1800
l 1801 1802
l 1803 1804
l 1805 1806
l 1807 1808
l 1809 1810
l 1811 1812
l 1813 1814
l 1815 1816
l 1817 1818
l 1819 1820
l 1821 1822
l 1823 1824
l 1825 1826
l 1827 1828
l 1829 1830
l 1831 1832
l 1833 1834
l 1835 1836
l 1837 1838
l 1839 1840
l 1841 1842
l 1843 1844
l 1845 1846
l 1847 1848
l 1849 1850
l 1851 1852
l 1853 1854
l 1855 1856
l 1857 1858
l 1859 1860
l 1861 1862
l 1863 1864
l 1865 1866
l 1867 1868
l 1869 1870
l 1871 1872
l 1873 1874
l 1875 1876
l 1877 1878
l 1879 1880
l 1881 1882
l 1883 1884
l 1885 1886
l 1887 1888
l 1889 1890
l 1891 1892
l 1893 1894
l 1895 1896
l 1897 1898
l 1899 1900
l 1901 1902
l 1903 1904
l 1905 1906
l 1907 1908
l 1909 1910
l 1911 1912
l 1913 1914
l 1915 1916
l 1917 1918
l 1919 1920
l 1921 1922
l 1923 1924
l 1925 1926
l 1927 1928
l 1929 1930
l 1931 1932
l 1933 1934
l 1935 1936
l 1937 1938
l 1939 1940
l 1941 1942
l 1943 1944
l 1945 1946
l 1947 1948
l 1949 1950
l 1951 1952
l 1953 1954
l 1955 1956
l 1957 1958
l 1959 1960
l 1961 1962
l 1963 1964
l 1965 1966
l 1967 1968
l 1969 1970
l 1971 1972
l 1973 1974
l 1975 1976
l 1977 1978
l 1979 1980
l 1981 1982
l 1983 1984
l 1985 1986
l 1987 1988
l 1989 1990
l 1991 1992
l 1993 1994
l 1995 1996
l 1997 1998
l 1999 2000
l 2001 2002
l 2003 2004
l 2005 2006
l 2007 2008
l 2009 2010
l 2011 2012
l 2013 2014
l 2015 2016
l 2017 2018
l 2019 2020
l 2021 2022
l 2023 2024
l 2025 2026
l 2027 2028
l 2029 2030
l 2031 2032
l 2033 2034
l 2035 2036
l 2037 2038
l 2039 2040
l 2041 2042
l 2043 2044
l 2045 2046
l 2047 2048
l 2049 2050
l 2051 2052
l 2053 2054
l 2055 2056
l 2057 2058
l 2059 2060
l 2061 2062
l 2063 2064
l 2065 2066
l 2067 2068
l 2069 2070
l 2071 2072
l 2073 2074
l 2075 2076
l 2077 2078
l 2079 2080
l 2081 2082
l 2083 2084
l 2085 2086
l 2087 2088
l 2089 2090
l 2091 2092
l 2093 2094
l 2095 2096
l 2097 2098
l 2099 2100
l 2101 2102
l 2103 2104
l 2105 2106
l 2107 2108
l 2109 2110
l 2111 2112
l 2113 2114
l 2115 2116
l 2117 2118
l 2119 2120
l 2121 2122
l 2123 2124
l 2125 2126
l 2127 2128
l 2129 2130
l 2131 2132
l 2133 2134
l 2135 2136
l 2137 2138
l 2139 2140
l 2141 2142
l 2143 2144
l 2145 2146
l 2147 2148
l 2149 2150
l 2151 2152
l 2153 2154
l 2155 2156
l 2157 2158
l 2159 2160
l 2161 2162
l 2163 2164
l 2165 2166
l 2167 2168
l 2169 2170
l 2171 2172
l 2173 2174
l 2175 2176
l 2177 2178
l 2179 2180
l 2181 2182
l 2183 2184
l 2185 2186
l 2187 2188
l 2189 2190
l 2191 2192
l 2193 2194
l 2195 2196
l 2197 2198
l 2199 2200
l 2201 2202
l 2203 2204
l 2205 2206
l 2207 2208
l 2209 2210
l 2211 2212
l 2213 2214
l 2215 2216
l 2217 2218
l 2219 2220
l 2221 2222
l 2223 2224
l 2225 2226
l 2227 2228
l 2229 2230
l 2231 2232
l 2233 2234
l 2235 2236
l 2237 2238
l 2239 2240
l 2241 2242
l 2243 2244
l 2245 2246
l 2247 2248
l 2249 2250
l 2251 2252
l 2253 2254
l 2255 2256
l 2257 2258
l 2259 2260
l 2261 2262
l 2263 2264
l 2265 2266
l 2267 2268
l 2269 2270
l 2271 2272
l 2273 2274
l 2275 2276
l 2277 2278
l 2279 2280
l 2281 2282
l 2283 2284
l 2285 2286
l 2287 2288
l 2289 2290
l 2291 2292
l 2293 2294
l 2295 2296
l 2297 2298
l 2299 2300
l 2301 2302
l 2303 2304
l 2305 2306
l 2307 2308
l 2309 2310
l 2311 2312
l 2313 2314
l 2315 2316
l 2317 2318
l 2319 2320
l 2321 2322
l 2323 2324
l 2325 2326
l 2327 2328
l 2329 2330
l 2331 2332
l 2333 2334
l 2335 2336
l 2337 2338
l 2339 2340
l 2341 2342
l 2343 2344
l 2345 2346
l 2347 2348
l 2349 2350
l 2351 2352
l 2353 2354
l 2355 2356
l 2357 2358
l 2359 2360
l 2361 2362
l 2363 2364
l 2365 2366
l 2367 2368
l 2369 2370
l 2371 2372
l 2373 2374
l 2375 2376
l 2377 2378
l 2379 2380
l 2381 2382
l 2383 2384
l 2385 2386
l 2387 2388
l 2389 2390
l 2391 2392
l 2393 2394
l 2395 2396
l 2397 2398
l 2399 2400
l 2401 2402
l 2403 2404
l 2405 2406
l 2407 2408
l 2409 2410
l 2411 2412
l 2413 2414
l 2415 2416
l 2417 2418
l 2419 2420
l 2421 2422
l 2423 2424
l 2425 2426
l 2427 2428
l 2429 2430
l 2431 2432
l 2433 2434
l 2435 2436
l 2437 2438
l 2439 2440
l 2441 2442
l 2443 2444
l 2445 2446
l 2447 2448
l 2449 2450
l 2451 2452
l 2453 2454
l 2455 2456
l 2457 2458
l 2459 2460
l 2461 2462
l 2463 2464
l 2465 2466
l 2467 2468
l 2469 2470
l 2471 2472
l 2473 2474
l 2475 2476
l 2477 2478
l 2479 2480
l 2481 2482
l 2483 2484
l 2485 2486
l 2487 2488
l 2489 2490
l 2491 2492
l 2493 2494
l 2495 2496
l 2497 2498
l 2499 2500
l 2501 2502
l 2503 2504
l 2505 2506
l 2507 2508
l 2509 2510
l 2511 2512
l 2513 2514
l 2515 2516
l 2517 2518
l 2519 2520
l 2521 2522
l 2523 2524
l 2525 2526
l 2527 2528
l 2529 2530
l 2531 2532
l 2533 2534
l 2535 2536
l 2537 2538
l 2539 2540
l 2541 2542
l 2543 2544
l 2545 2546
l 2547 2548
l 2549 2550
l 2551 2552
l 2553 2554
l 2555 2556
l 2557 2558
l 2559 2560
l 2561 2562
l 2563 2564
l 2565 2566
l 2567 2568
l 2569 2570
l 2571 2572
l 2573 2574
l 2575 2576
l 2577 2578
l 2579 2580
l 2581 2582
l 2583 2584
l 2585 2586
l 2587 2588
l 2589 2590
l 2591 2592
l 2593 2594
l 2595 2596
l 2597 2598
l 2599 2600
l 2601 2602
l 2603 2604
l 2605 2606
l 2607 2608
l 2609 2610
l 2611 2612
l 2613 2614
l 2615 2616
l 2617 2618
l 2619 2620
l 2621 2622
l 2623 2624
l 2625 2626
l 2627 2628
l 2629 2630
l 2631 2632
l 2633 2634
l 2635 2636
l 2637 2638
l 2639 2640
l 2641 2642
l 2643 2644
l 2645 2646
l 2647 2648
l 2649 2650
l 2651 2652
l 2653 2654
l 2655 2656
l 2657 2658
l 2659 2660
l 2661 2662
l 2663 2664
l 2665 2666
l 2667 2668
l 2669 2670
l 2671 2672
l 2673 2674
l 2675 2676
l 2677 2678
l 2679 2680
l 2681 2682
l 2683 2684
l 2685 2686
l 2687 2688
l 2689 2690
l 2691 2692
l 2693 2694
l 2695 2696
l 2697 2698
l 2699 2700
l 2701 2702
l 2703 2704
l 2705 2706
l 2707 2708
l 2709 2710
l 2711 2712
l 2713 2714
l 2715 2716
l 2717 2718
l 2719 2720
l 2721 2722
l 2723 2724
l 2725 2726
l 2727 2728
l 2729 2730
l 2731 2732
l 2733 2734
l 2735 2736
l 2737 2738
l 2739 2740
l 2741 2742
l 2743 2744
l 2745 2746
l 2747 2748
l 2749 2750
l 2751 2752
l 2753 2754
l 2755 2756
l 2757 2758
l 2759 2760
l 2761 2762
l 2763 2764
l 2765 2766
l 2767 2768
l 2769 2770
l 2771 2772
l 2773 2774
l 2775 2776
l 2777 2778
l 2779 2780
l 2781 2782
l 2783 2784
l 2785 2786
l 2787 2788
l 2789 2790
l 2791 2792
l 2793 2794
l 2795 2796
l 2797 2798
l 2799 2800
l 2801 2802
l 2803 2804
l 2805 2806
l 2807 2808
l 2809 2810
l 2811 2812
l 2813 2814
l 2815 2816
l 2817 2818
l 2819 2820
l 2821 2822
l 2823 2824
l 2825 2826
l 2827 2828
l 2829 2830
l 2831 2832
l 2833 2834
l 2835 2836
l 2837 2838
l 2839 2840
l 2841 2842
l 2843 2844
l 2845 2846
l 2847 2848
l 2849 2850
l 2851 2852
l 2853 2854
l 2855 2856
l 2857 2858
l 2859 2860
l 2861 2862
l 2863 2864
l 2865 2866
l 2867 2868
l 2869 2870
l 2871 2872
l 2873 2874
l 2875 2876
l 2877 2878
l 2879 2880
l 2881 2882
l 2883 2884
l 2885 2886
l 2887 2888
l 2889 2890
l 2891 2892
l 2893 2894
l 2895 2896
l 2897 2898
l 2899 2900
l 2901 2902
l 2903 2904
l 2905 2906
l 2907 2908
l 2909 2910
l 2911 2912
l 2913 2914
l 2915 2916
l 2917 2918
l 2919 2920
l 2921 2922
l 2923 2924
l 2925 2926
l 2927 2928
l 2929 2930
l 2931 2932
l 2933 2934
l 2935 2936
l 2937 2938
l 2939 2940
l 2941 2942
l 2943 2944
l 2945 2946
l 2947 2948
l 2949 2950
l 2951 2952
l 2953 2954
l 2955 2956
l 2957 2958
l 2959 2960
l 2961 2962
l 2963 2964
l 2965 2966
l 2967 2968
l 2969 2970
l 2971 2972
l 2973 2974
l 2975 2976
l 2977 2978
l 2979 2980
l 2981 2982
l 2983 2984
l 2985 2986
l 2987 2988
l 2989 2990
l 2991 2992
l 2993 2994
l 2995 2996
l 2997 2998
l 2999 3000
l 3001 3002
l 3003 3004
l 3005 3006
l 3007 3008
l 3009 3010
l 3011 3012
l 3013 3014
l 3015 3016
l 3017 3018
l 3019 3020
l 3021 3022
l 3023 3024
l 3025 3026
l 3027 3028
l 3029 3030
l 3031 3032
l 3033 3034
l 3035 3036
l 3037 3038
l 3039 3040
l 3041 3042
l 3043 3044
l 3045 3046
l 3047 3048
l 3049 3050
l 3051 3052
l 3053 3054
l 3055 3056
l 3057 3058
l 3059 3060
l 3061 3062
l 3063 3064
l 3065 3066
l 3067 3068
l 3069 3070
l 3071 3072
l 3073 3074
l 3075 3076
l 3077 3078
l 3079 3080
l 3081 3082
l 3083 3084
l 3085 3086
l 3087 3088
l 3089 3090
l 3091 3092
l 3093 3094
l 3095 3096
l 3097 3098
l 3099 3100
l 3101 3102
l 3103 3104
l 3105 3106
l 3107 3108
l 3109 3110
l 3111 3112
l 3113 3114
l 3115 3116
l 3117 3118
l 3119 3120
l 3121 3122
l 3123 3124
l 3125 3126
