# D5 directional field - d1_radial (wale)
# segment length 0.019999 m (capped at 0.02)
# OBJ 'l' polylines - Rhino imports these as curves
g d1_radial
v -0.13972697 -0.54093329 0.02587082
v -0.13393978 -0.55762676 0.01650084
v -0.02309374 -0.59040518 0.01035929
v -0.02091353 -0.60869515 0.00256931
v -0.07998814 -0.57172654 0.01435084
v -0.07565721 -0.58951086 0.00629348
v 0.01734833 -0.62142374 -0.00191070
v 0.01746418 -0.60256809 0.00475346
v -0.42820787 -0.40796305 0.01153193
v -0.42295119 -0.42616265 0.00512084
v -0.38969325 -0.40638505 0.03439723
v -0.38381327 -0.42402271 0.02702844
v -0.42836181 -0.33118095 0.05213763
v -0.42362627 -0.34922324 0.04492579
v -0.48342204 -0.32509288 0.01589954
v -0.47962656 -0.34391447 0.01030471
v -0.55915913 -0.20421140 0.01043605
v -0.55829535 -0.22351335 0.00527382
v -0.57078273 -0.16552650 0.00983669
v -0.57098191 -0.18503998 0.00546124
v -0.56168139 -0.04282902 0.04186534
v -0.56245931 -0.06193629 0.03601154
v -0.58723388 0.01624132 0.01721741
v -0.59315183 -0.00271723 0.01486983
v -0.52899759 0.01279042 0.07435113
v -0.53430270 -0.00632834 0.07184335
v -0.50552055 0.11916272 0.07969368
v -0.51192817 0.10053762 0.07622841
v -0.49981314 0.26751618 0.03092994
v -0.51142345 0.25124354 0.03032868
v -0.42296900 0.32447429 0.06224220
v -0.43545942 0.30895224 0.06050568
v -0.35932367 0.43748383 0.02941142
v -0.37565411 0.42595475 0.03000905
v -0.35485581 0.37226882 0.08034801
v -0.37055640 0.35990296 0.08108087
v -0.23710541 0.38296098 0.11704391
v -0.25447802 0.37305672 0.11680239
v -0.26495001 0.48839191 0.03757740
v -0.28235462 0.47860131 0.03648950
v -0.10363213 0.57526929 0.01204068
v -0.12344113 0.57251916 0.01202434
v -0.13132919 0.54563093 0.02856624
v -0.15093242 0.54167212 0.02859594
v 0.01273850 0.53890268 0.04911446
v -0.00721171 0.54029373 0.04899480
v 0.16814645 -0.56560405 0.00756174
v 0.17336887 -0.54913179 0.01762906
v 0.39389732 -0.45850384 0.00216778
v 0.39973286 -0.44060109 0.00890559
v 0.36320831 -0.48034054 0.00333346
v 0.36923639 -0.46242038 0.00985189
v 0.33116481 -0.50082335 0.00434629
v 0.33725689 -0.48302965 0.01114562
v 0.52074960 -0.29891466 0.00526813
v 0.52360682 -0.27977225 0.01030442
v 0.45845890 -0.33605744 0.02611494
v 0.46350958 -0.31800777 0.03309062
v 0.42551643 -0.41047558 0.01142184
v 0.43007431 -0.39168673 0.01653703
v 0.57194774 -0.02157280 0.03334481
v 0.56990150 -0.00198150 0.03680225
v 0.56867356 0.14721815 0.01355567
v 0.56254062 0.16610586 0.01592243
v 0.50221622 0.10746683 0.08379702
v 0.49646091 0.12641936 0.08656073
v 0.56766269 -0.06256105 0.02987648
v 0.56772028 -0.04318792 0.03484020
v 0.44661500 0.39329208 0.01040820
v 0.43341692 0.40831408 0.01007620
v 0.41700561 0.29698923 0.08131625
v 0.40551030 0.31333104 0.08218981
v 0.49692103 0.16861268 0.07887923
v 0.48925419 0.18701506 0.08047042
v 0.22052585 0.45640654 0.08034719
v 0.20301613 0.46606934 0.08034007
v 0.26438309 0.44172909 0.07206812
v 0.24759758 0.45259877 0.07183050
v 0.39280019 0.35840968 0.06698015
v 0.37980569 0.37360867 0.06728656
v 0.09009436 0.57683989 0.01297511
v 0.07051227 0.58089863 0.01314376
v 0.14810938 0.48969990 0.07081270
v 0.12894992 0.49509341 0.06886716
v -0.04792007 -0.55985780 0.02221716
v -0.04406420 -0.57781920 0.01431270
v -0.17848824 -0.52883742 0.02945705
v -0.17229114 -0.54518690 0.01974879
v 0.21334629 -0.55473639 0.00802215
v 0.21863249 -0.53721530 0.01608611
v -0.14683191 -0.47688770 0.05982461
v -0.14075608 -0.49397960 0.05140374
v -0.21424943 -0.41580892 0.09092995
v -0.20840771 -0.43297984 0.08250418
v -0.13975041 -0.51001131 0.04289603
v -0.13376943 -0.52729365 0.03480230
v -0.25274899 -0.46728123 0.05272068
v -0.24608398 -0.48367273 0.04340099
v -0.21509646 -0.47416285 0.05770842
v -0.20873735 -0.49077394 0.04856548
v -0.27057665 -0.47377065 0.04203263
v -0.26365190 -0.48998056 0.03258558
v -0.15671933 -0.33990752 0.11042377
v -0.15191252 -0.35822600 0.10399820
v -0.18519855 -0.36816406 0.10715857
v -0.18007880 -0.38617633 0.10013674
v -0.25131879 -0.30852040 0.13466846
v -0.24767641 -0.32671409 0.12720636
v -0.23585030 -0.32295015 0.12912182
v -0.23185424 -0.34109246 0.12171587
v -0.26527446 -0.27545205 0.14585814
v -0.26246778 -0.29418326 0.13943753
v -0.25102631 -0.38610496 0.10094008
v -0.24567888 -0.40385365 0.09343348
v -0.31156136 -0.26263309 0.14423136
v -0.30941382 -0.28167187 0.13849786
v -0.26973927 -0.37027071 0.10492321
v -0.26470738 -0.38819513 0.09761873
v -0.35094846 -0.35201764 0.08747791
v -0.34620054 -0.37008747 0.08034359
v -0.33246005 -0.38887635 0.07618468
v -0.32712549 -0.40681927 0.06914521
v -0.35000193 -0.33071471 0.09966194
v -0.34539314 -0.34852069 0.09180916
v -0.40953949 -0.34785265 0.05589740
v -0.40447744 -0.36573283 0.04850586
v -0.37156948 -0.35875091 0.07360193
v -0.36645535 -0.37658158 0.06612711
v -0.39158199 -0.38568890 0.04562131
v -0.38616383 -0.40357735 0.03850745
v -0.21408895 -0.25393964 0.14648184
v -0.21206166 -0.27311998 0.14119370
v -0.27265886 -0.16812449 0.17391639
v -0.27374679 -0.18741182 0.16874188
v -0.26807109 -0.25387705 0.15170650
v -0.26634162 -0.27311180 0.14651099
v -0.36064279 -0.19451493 0.14976248
v -0.36036080 -0.21378217 0.14440954
v -0.33779356 -0.11329268 0.17568313
v -0.34020337 -0.13273422 0.17166077
v -0.41420471 -0.05624277 0.15424496
v -0.41804384 -0.07567967 0.15151950
v -0.41317335 -0.19064737 0.12633659
v -0.41330938 -0.21017049 0.12200191
v -0.40733079 -0.15573472 0.13825171
v -0.40793135 -0.17512464 0.13339059
v -0.42911249 -0.09075406 0.14277570
v -0.43079780 -0.10999155 0.13757585
v -0.49388863 -0.10632713 0.09220382
v -0.49426705 -0.12553591 0.08665047
v -0.42029578 -0.17054443 0.12784823
v -0.42027848 -0.18982574 0.12253872
v -0.50100241 -0.12614594 0.08065692
v -0.50135561 -0.14548069 0.07555766
v -0.51900853 -0.04823631 0.08513418
v -0.52008512 -0.06730583 0.07920506
v -0.49281636 -0.14623869 0.08258621
v -0.49286389 -0.16555571 0.07740832
v -0.17435129 -0.10390854 0.17123527
v -0.17816277 -0.12325256 0.16788239
v -0.24109881 -0.14924012 0.17716331
v -0.24273094 -0.16879678 0.17331192
v -0.24333096 -0.07483512 0.18771339
v -0.24803270 -0.09408864 0.18503840
v -0.26141045 -0.04327740 0.19174177
v -0.26701579 -0.06235163 0.18957066
v -0.31685211 -0.02169253 0.18710753
v -0.32262717 -0.04068198 0.18465610
v -0.29785016 -0.11218159 0.18251157
v -0.30064026 -0.13168403 0.17907204
v -0.31248595 0.00325322 0.18943612
v -0.31918059 -0.01543730 0.18702645
v -0.35964019 0.00268495 0.17619104
v -0.36568627 -0.01621087 0.17367048
v -0.39369072 0.07458942 0.16176215
v -0.40059346 0.05614606 0.15827576
v -0.37555885 -0.05813850 0.17003495
v -0.37995715 -0.07755689 0.16815316
v -0.39667812 0.00196730 0.16194181
v -0.40241910 -0.01704193 0.15956477
v -0.40906188 0.11263614 0.15033156
v -0.41692902 0.09446075 0.14755245
v -0.42856192 0.07719742 0.14171449
v -0.43540489 0.05863038 0.13881637
v -0.45129496 -0.03252099 0.13462292
v -0.45616617 -0.05181736 0.13265279
v -0.49825237 0.00890824 0.09969245
v -0.50381311 -0.01018354 0.09756115
v -0.49289430 0.08170789 0.09558972
v -0.49935159 0.06298415 0.09281748
v -0.50347057 0.16797293 0.07396148
v -0.51039488 0.14960919 0.07011609
v -0.44892353 0.01683521 0.13313715
v -0.45472367 -0.00217373 0.13090593
v -0.16339844 0.00433027 0.18706270
v -0.17256630 -0.01342739 0.18630377
v -0.17511750 -0.03757626 0.18287693
v -0.18182045 -0.05635000 0.18127159
v -0.21532158 0.13619405 0.19596314
v -0.22866887 0.12130236 0.19618102
v -0.23642283 0.14540027 0.19364547
v -0.24939412 0.13018492 0.19319956
v -0.28940954 0.10487136 0.18922820
v -0.30007241 0.08795394 0.18897515
v -0.29791585 0.05011120 0.19231045
v -0.30658136 0.03212079 0.19120848
v -0.27863136 0.16127153 0.18428997
v -0.29105422 0.14560279 0.18393887
v -0.35343311 0.14708374 0.16531591
v -0.36441313 0.13037128 0.16562060
v -0.30755880 0.26788891 0.15048323
v -0.32185731 0.25390655 0.15040540
v -0.38448362 0.19893429 0.13809833
v -0.39590749 0.18252351 0.13772232
v -0.38882773 0.14835328 0.15120639
v -0.39931612 0.13132697 0.15144811
v -0.45022035 0.19390817 0.10413053
v -0.46115204 0.17716145 0.10420425
v -0.12525533 0.08010054 0.19110476
v -0.13888615 0.06546774 0.19131005
v -0.13583965 0.14290302 0.19353103
v -0.15184937 0.13101011 0.19501693
v -0.16287430 0.22469970 0.18557960
v -0.18010259 0.21457442 0.18637009
v -0.12514629 0.19682303 0.19092273
v -0.14297819 0.18782058 0.19189190
v -0.15797393 0.17538369 0.19275865
v -0.17414928 0.16369995 0.19410339
v -0.19671380 0.14998939 0.19527171
v -0.21105112 0.13607120 0.19609960
v -0.15446328 0.26572405 0.17773462
v -0.17239840 0.25687734 0.17790010
v -0.22482173 0.20485145 0.18485822
v -0.23995524 0.19196165 0.18704682
v -0.20274793 0.27723006 0.16843898
v -0.21982285 0.26683696 0.16906386
v -0.27694830 0.24218239 0.16764574
v -0.29156422 0.22855562 0.16844969
v -0.12775065 0.38155713 0.13683556
v -0.14700047 0.37642155 0.13857632
v -0.27334030 0.29932858 0.14676132
v -0.28937428 0.28744835 0.14807735
v -0.29736436 0.30432432 0.13866269
v -0.31309326 0.29206352 0.14015738
v -0.25473455 0.40987252 0.09630673
v -0.27203672 0.39984786 0.09598877
v -0.31166618 0.36618505 0.10136304
v -0.32799931 0.35468095 0.10228208
v -0.05865588 0.16907894 0.19066353
v -0.07779721 0.16333098 0.19139195
v -0.08491687 0.17196741 0.19167073
v -0.10339644 0.16438405 0.19264966
v -0.02563753 0.23274434 0.18406205
v -0.04554777 0.23094410 0.18461126
v -0.04912071 0.26165657 0.17905717
v -0.06889430 0.25879806 0.17994821
v -0.04182246 0.29663821 0.17036166
v -0.06171435 0.29471644 0.17112308
v 0.00040872 0.35878614 0.14993525
v -0.01958827 0.35900230 0.14975229
v -0.02827115 0.32860766 0.16058340
v -0.04822979 0.32739985 0.16097575
v -0.09204233 0.30338274 0.16863560
v -0.11144569 0.29867776 0.16979016
v -0.06940796 0.40279888 0.12911908
v -0.08923196 0.40018923 0.12951776
v -0.03356475 0.38190587 0.14000194
v -0.05352027 0.38059938 0.13982729
v -0.10777627 0.42034327 0.11824034
v -0.12731580 0.41615274 0.11901895
v -0.04455012 0.45289169 0.10376007
v -0.06447346 0.45119476 0.10338484
v -0.04673039 0.48563537 0.08385430
v -0.06665434 0.48397709 0.08335834
v -0.11624545 0.47459366 0.08447085
v -0.13589327 0.47097208 0.08536947
v -0.16195787 0.46448266 0.08731953
v -0.18121700 0.45929108 0.08876646
v 0.13012516 0.15037334 0.19372357
v 0.11306391 0.16077982 0.19296272
v 0.04434432 0.21254599 0.18694593
v 0.02462094 0.21583740 0.18660715
v 0.00989146 0.26065822 0.17894634
v -0.01009696 0.26129500 0.17881317
v 0.01476905 0.23930266 0.18276678
v -0.00520460 0.24030635 0.18269063
v 0.16334041 0.24090667 0.18241135
v 0.14586728 0.25061280 0.18174751
v 0.05947470 0.30547403 0.16802577
v 0.03976544 0.30869139 0.16695171
v 0.11581343 0.32322364 0.16170684
v 0.09670420 0.32883677 0.15989304
v 0.13536351 0.35314493 0.14932160
v 0.11641832 0.35933265 0.14766278
v 0.08990300 0.37312074 0.14241954
v 0.07040930 0.37728757 0.14080917
v 0.05660232 0.41680423 0.12275254
v 0.03682963 0.41975256 0.12219743
v 0.10998420 0.38126182 0.13780522
v 0.09067938 0.38624968 0.13625437
v 0.03144269 0.44453799 0.10911253
v 0.01156750 0.44675514 0.10925789
v 0.19867443 0.42801435 0.10469335
v 0.18050612 0.43621503 0.10307418
v 0.11686292 0.51617139 0.05411975
v 0.09742235 0.52070553 0.05290891
v 0.07603633 0.44573227 0.10565748
v 0.05638090 0.44936614 0.10501035
v 0.10665369 -0.51223299 0.04190787
v 0.11174159 -0.49474455 0.05016786
v 0.18055544 -0.43354889 0.08161072
v 0.18596279 -0.41603990 0.08962046
v 0.18388144 -0.47723062 0.05952993
v 0.18952635 -0.46028663 0.06852973
v 0.14561936 -0.48355918 0.05667638
v 0.15105108 -0.46619919 0.06498825
v 0.24242248 -0.40033599 0.09562881
v 0.24738711 -0.38226083 0.10260025
v 0.22210644 -0.47289582 0.05678784
v 0.22811211 -0.45640210 0.06637164
v 0.25941454 -0.47128895 0.04790801
v 0.26588344 -0.45521558 0.05789600
v 0.20572302 -0.50386976 0.04043816
v 0.21155347 -0.48716980 0.04976968
v 0.23860883 -0.50107017 0.03334765
v 0.24485790 -0.48479678 0.04314999
v 0.23812328 -0.55579225 0.00174762
v 0.24358984 -0.53827619 0.00970151
v 0.15017378 -0.37474934 0.09839891
v 0.15499908 -0.35644372 0.10484724
v 0.12035572 -0.45157738 0.06834775
v 0.12593000 -0.43357939 0.07505292
v 0.26622513 -0.32442653 0.12688371
v 0.26976272 -0.30600043 0.13380646
v 0.31625626 -0.36645179 0.09436258
v 0.32075997 -0.34835254 0.10158020
v 0.30277294 -0.25868657 0.14732510
v 0.30453255 -0.23926690 0.15176808
v 0.26260258 -0.40843770 0.08882081
v 0.26779523 -0.39057092 0.09615393
v 0.35644376 -0.37216722 0.07368349
v 0.36117201 -0.35407331 0.08076968
v 0.38029207 -0.24511109 0.12862941
v 0.38175745 -0.22566988 0.13308494
v 0.30655473 -0.32990269 0.11623170
v 0.31050973 -0.31182597 0.12381789
v 0.37014685 -0.40490185 0.04784958
v 0.37525636 -0.38676621 0.05455417
v 0.35547445 -0.31485950 0.10583290
v 0.35961253 -0.29692640 0.11365851
v 0.43800311 -0.34715884 0.03499061
v 0.44320096 -0.32923711 0.04218463
v 0.40101806 -0.43882515 0.00922910
v 0.40659516 -0.42077517 0.01579067
v 0.45863161 -0.26962914 0.06805104
v 0.46278795 -0.25164345 0.07574515
v 0.20185363 -0.28532011 0.13654549
v 0.20455603 -0.26627328 0.14201131
v 0.15882471 -0.33478303 0.11250343
v 0.16292205 -0.31613176 0.11844497
v 0.26705921 -0.16801561 0.17399182
v 0.26590876 -0.14851849 0.17829281
v 0.26319764 -0.18954663 0.16853294
v 0.26266972 -0.17022537 0.17366814
v 0.24560413 -0.19696095 0.16593964
v 0.24525968 -0.17785905 0.17185222
v 0.28733277 -0.27306397 0.14568998
v 0.28960820 -0.25378388 0.15049209
v 0.31840591 -0.13670099 0.17565234
v 0.31645963 -0.11720882 0.17968061
v 0.29656708 -0.14317385 0.17699298
v 0.29469172 -0.12372434 0.18125436
v 0.33921369 -0.22760375 0.14748777
v 0.34027882 -0.20825766 0.15244299
v 0.41381955 -0.21578794 0.11957320
v 0.41494286 -0.19645141 0.12455283
v 0.36281929 -0.26042125 0.13173526
v 0.36472090 -0.24105303 0.13634136
v 0.43742327 -0.13975728 0.12539512
v 0.43740108 -0.12045077 0.13061221
v 0.41747974 -0.23854661 0.11165447
v 0.41865025 -0.21904122 0.11591234
v 0.50327840 -0.13542459 0.07649918
v 0.50345050 -0.11599773 0.08124550
v 0.48643545 -0.05503770 0.11149209
v 0.48366326 -0.03543882 0.11434841
v 0.19049661 -0.15424705 0.16470179
v 0.18823105 -0.13462793 0.16785095
v 0.17876697 -0.03656899 0.18366610
v 0.17138496 -0.01808545 0.18562179
v 0.17653217 -0.21504147 0.14783587
v 0.17691703 -0.19556397 0.15235683
v 0.28604758 -0.10084483 0.18477879
v 0.28241920 -0.08132291 0.18716406
v 0.38263948 -0.10480210 0.16328560
v 0.38060015 -0.08534233 0.16742304
v 0.32321741 -0.11103903 0.17943919
v 0.32017446 -0.09139175 0.18160360
v 0.39976959 -0.04071826 0.16087377
v 0.39514986 -0.02134328 0.16267055
v 0.47804759 0.01755330 0.11374849
v 0.47306130 0.03680588 0.11585442
v 0.53747958 0.08771436 0.05338099
v 0.53203211 0.10682857 0.05560175
v 0.44501276 0.09256431 0.13019508
v 0.43836414 0.11125969 0.13269282
v 0.46317243 0.05982144 0.12082863
v 0.45716359 0.07877768 0.12295351
v 0.18731659 -0.11390876 0.17192818
v 0.18320462 -0.09454349 0.17476334
v 0.23873374 0.01929176 0.19627562
v 0.22981272 0.03718953 0.19648814
v 0.19840975 0.02344396 0.19417189
v 0.18842298 0.04076199 0.19472874
v 0.19970029 -0.07186654 0.18215816
v 0.19391367 -0.05281385 0.18402094
v 0.27817267 0.01190115 0.19469614
v 0.27021569 0.03022694 0.19559727
v 0.24824758 0.09376341 0.19534182
v 0.23676386 0.11013658 0.19528108
v 0.35694076 0.07986842 0.17536035
v 0.34814108 0.09780537 0.17625010
v 0.30771973 0.12222943 0.18300412
v 0.29689071 0.13902591 0.18375950
v 0.32076320 0.10188453 0.18315891
v 0.31048831 0.11903833 0.18279276
v 0.41082326 0.19531965 0.12653050
v 0.40004544 0.21216496 0.12634534
v 0.37189403 0.21926448 0.13836152
v 0.36023841 0.23551091 0.13876142
v 0.31483172 0.25727033 0.15166795
v 0.30111576 0.27182466 0.15173223
v 0.40759166 0.11298427 0.15103785
v 0.39863505 0.13086276 0.15135198
v 0.46578804 0.15949158 0.10697988
v 0.45659369 0.17725056 0.10677306
v 0.36536874 0.29283283 0.11563152
v 0.35302890 0.30852765 0.11679797
v 0.18045715 0.06124095 0.19587106
v 0.16830023 0.07711589 0.19547667
v 0.14056422 0.11249791 0.19399534
v 0.12499817 0.12503551 0.19331221
v 0.20227780 0.16397131 0.19333032
v 0.18698525 0.17677324 0.19184416
v 0.18534474 0.12934041 0.19655001
v 0.17053509 0.14271956 0.19527221
v 0.24773718 0.14704381 0.19187270
v 0.23424821 0.16180856 0.19177203
v 0.23867359 0.24553165 0.17290162
v 0.22291225 0.25775974 0.17148243
v 0.13574618 0.27119247 0.17769522
v 0.11724366 0.27852536 0.17573421
v 0.27674913 0.30477568 0.14354700
v 0.26103922 0.31705238 0.14198456
v 0.19766582 0.31400297 0.15662808
v 0.18039904 0.32409221 0.15646852
v 0.18456403 0.23235197 0.18272402
v 0.16772503 0.24308743 0.18164794
v 0.22395728 0.36537840 0.12966521
v 0.20672683 0.37551633 0.12912295
v 0.21801006 0.30130135 0.15811792
v 0.20111996 0.31192461 0.15676492
v 0.37869401 0.32789444 0.09363740
v 0.36578191 0.34316214 0.09400488
v -0.58854270 -0.08557729 0.00862951
v -0.59044226 -0.10519811 0.00525681
v 0.47739940 0.34105586 0.01328930
v 0.46564892 0.35723814 0.01343059
v 0.30116869 -0.52451667 0.00126132
v 0.30686700 -0.50620857 0.00694485
v 0.36806807 -0.44374527 0.02080013
v 0.37516060 -0.42758964 0.03021562
v 0.27143274 -0.50193298 0.02070662
v 0.27816304 -0.48576053 0.03035623
v -0.28332994 -0.50523550 0.01642518
v -0.27676078 -0.52225665 0.00823454
v -0.29029096 -0.46024729 0.04479362
v -0.28319285 -0.47634614 0.03528552
v -0.49606360 -0.22343418 0.05952484
v -0.49453238 -0.24253772 0.05380907
v 0.52900658 -0.09952232 0.06191540
v 0.52931156 -0.08019093 0.06703055
v 0.35163231 -0.44187375 0.03099996
v 0.35865349 -0.42572150 0.04047455
v 0.44820556 0.30952138 0.04992371
v 0.43671352 0.32588219 0.05038929
v -0.47325487 0.22146436 0.07665366
v -0.48441164 0.20486994 0.07631942
v -0.08613941 0.49764036 0.07163452
v -0.10596908 0.49504963 0.07181417
v -0.21082803 0.52425868 0.03334916
v -0.22939158 0.51684424 0.03273224
v 0.45852955 -0.16647509 0.10375446
v 0.45888548 -0.14707880 0.10861419
v 0.44615697 0.19289789 0.10690784
v 0.43578111 0.20998642 0.10637535
v 0.40811352 0.21820725 0.11935655
v 0.39702058 0.23484766 0.11941603
v -0.13223639 0.41720397 0.11813978
v -0.15160109 0.41261361 0.12011387
v -0.42385819 -0.20772830 0.11625874
v -0.42347220 -0.22716152 0.11155118
v -0.38130870 -0.12618088 0.15861306
v -0.38247679 -0.14537431 0.15311689
v 0.42642264 -0.17811930 0.12224929
v 0.42697684 -0.15880232 0.12739777
v -0.21798892 -0.45413396 0.06957752
v -0.21170783 -0.47077589 0.06043673
v -0.35214781 0.12163021 0.17106583
v -0.36242133 0.10447169 0.17105437
v 0.34401129 0.14144775 0.16995583
v 0.33324563 0.15830183 0.16993745
v 0.31620265 0.18499161 0.17001602
v 0.30386592 0.20071757 0.17069361
v 0.35708777 -0.21298090 0.14623287
v 0.35757651 -0.19341779 0.15035668
v -0.32451886 -0.18957443 0.16101700
v -0.32472377 -0.20898384 0.15620110
v 0.24177094 -0.44197017 0.07301622
v 0.24764317 -0.42517097 0.08214112
v -0.19292409 -0.51311446 0.03716811
v -0.18660733 -0.52955269 0.02768956
v 0.31904547 0.04352427 0.18971797
v 0.31065044 0.06167588 0.18976765
v 0.32061384 0.14386215 0.17622358
v 0.30936772 0.16039556 0.17658579
v 0.10347726 0.29246978 0.17179713
v 0.08429966 0.29793508 0.17027714
v 0.28054074 -0.22346892 0.15931556
v 0.28112116 -0.20400503 0.16387409
v 0.11678246 -0.55504998 0.01957135
v 0.12145094 -0.53784060 0.02862686
v -0.19179638 0.10347745 0.19763143
v -0.20470106 0.08820021 0.19744401
v -0.24037025 0.02270920 0.19631390
v -0.24887126 0.00461056 0.19595002
v 0.04925453 0.26925378 0.17757264
v 0.02949551 0.27207517 0.17631525
v -0.28006045 -0.07646549 0.18760117
v -0.28438888 -0.09581628 0.18499891
v 0.22057868 -0.12681015 0.17740845
v 0.21731492 -0.10722938 0.17983772
v 0.24871466 -0.09454641 0.18499164
v 0.24438435 -0.07519223 0.18756535
v -0.01641407 0.18633757 0.18877893
v -0.03634394 0.18473018 0.18919942
v -0.05652766 0.20910108 0.18830362
v -0.07599139 0.20456996 0.18907306
v 0.16142809 0.09757875 0.19600922
v 0.14713908 0.11149852 0.19458650
v 0.16429238 0.16071435 0.19409950
v 0.14800506 0.17224409 0.19277731
v -0.23870787 -0.09741919 0.18430095
v -0.24253235 -0.11692775 0.18212163
v 0.11836447 0.08053144 0.19061835
v 0.10342374 0.09381513 0.19114596
v 0.07548783 0.40622362 0.12714882
v 0.05583256 0.40980673 0.12625901
v -0.20578770 0.04371599 0.19681728
v -0.21590891 0.02648989 0.19593242
v -0.14590337 0.04264946 0.18967408
v -0.15730016 0.02622303 0.18917866
v -0.16305360 0.28571334 0.17154072
v -0.18100610 0.27690537 0.17183629
v 0.14868691 -0.50528083 0.04562385
v 0.15405307 -0.48823611 0.05460391
v 0.18836378 0.52426311 0.03736372
v 0.16948560 0.53044731 0.03505497
v -0.54516631 0.13073285 0.03751018
v -0.55171289 0.11211725 0.03426033
v -0.46549167 -0.31847636 0.03125019
v -0.46084720 -0.33660537 0.02419840
v 0.47264960 -0.37013017 0.00443406
v 0.47679418 -0.35121247 0.00942438
v -0.32330544 0.50038462 0.00699961
v -0.34028566 0.48982647 0.00660262
v 0.10598622 -0.59165921 0.00180886
v 0.11003469 -0.57392853 0.01012710
v 0.33218720 0.48344145 0.01221040
v 0.31593353 0.49505695 0.01128381
v -0.09816051 -0.52722434 0.03493559
v -0.09271990 -0.54451637 0.02648898
v 0.47760034 -0.09054042 0.10909377
v 0.47743690 -0.07133783 0.11467892
v -0.16548568 -0.30406505 0.12243927
v -0.16151003 -0.32279358 0.11666031
v 0.49484423 0.21276618 0.06430112
v 0.48442634 0.22982028 0.06353616
v -0.53660282 -0.17868795 0.03436474
v -0.53661048 -0.19819572 0.02995941
v -0.52842325 -0.11273076 0.05876991
v -0.52864855 -0.13202959 0.05352922
v 0.22630417 -0.18481661 0.16731533
v 0.22578436 -0.16516187 0.17097333
v 0.21117281 -0.23876108 0.15039122
v 0.21217991 -0.21944702 0.15548170
v -0.16779626 -0.06141346 0.17783612
v -0.17351378 -0.08043794 0.17552552
v -0.22960471 -0.05736602 0.18985478
v -0.23499400 -0.07643336 0.18714326
v -0.53416675 0.09572136 0.05540589
v -0.54035491 0.07695088 0.05235042
v -0.45782999 0.15065788 0.11402613
v -0.46565804 0.13250733 0.11098654
v -0.36607335 0.33740657 0.09718525
v -0.37958981 0.32278966 0.09528493
v -0.41249834 0.31031919 0.07780973
v -0.42492157 0.29474357 0.07607103
v -0.01182647 0.50371141 0.07516292
v -0.03179066 0.50318938 0.07410529
v -0.05085102 0.51742204 0.06142014
v -0.07073096 0.51549057 0.06041143
v 0.21232905 -0.52241194 0.02673812
v 0.21817491 -0.50578149 0.03618345
v 0.26514572 0.34048190 0.12959757
v 0.24895044 0.35220100 0.12901803
v 0.25097344 0.49910710 0.03643867
v 0.23400565 0.50968804 0.03675167
v -0.21565965 0.41226266 0.10795188
v -0.23342965 0.40312380 0.10713437
v 0.08422665 -0.52820036 0.03510735
v 0.08902525 -0.51024936 0.04250297
v -0.42950481 -0.31164228 0.06380744
v -0.42473008 -0.32939552 0.05593443
v 0.16619726 -0.05209854 0.17889376
v 0.15963199 -0.03333253 0.18106034
v 0.48234852 0.10764620 0.10083383
v 0.47620271 0.12649694 0.10344893
v 0.39355946 0.07436708 0.16106403
v 0.38653381 0.09286397 0.16397356
v 0.43873445 -0.26705826 0.08481609
v 0.44269723 -0.24901287 0.09247248
v 0.32794933 -0.29258192 0.12876723
v 0.33143716 -0.27458906 0.13677047
v -0.09451120 0.36242521 0.14654894
v -0.11410769 0.35871772 0.14802943
v 0.42107720 -0.13504384 0.13696982
v 0.42053327 -0.11563805 0.14177391
v 0.37337014 -0.15195247 0.15530880
v 0.37301838 -0.13272449 0.16079709
v -0.23057854 -0.49982809 0.03667674
v -0.22399639 -0.51638570 0.02759484
v -0.39538809 0.05018631 0.16096905
v -0.40231526 0.03155867 0.15873626
v -0.36118362 0.04295291 0.17615493
v -0.36807162 0.02438628 0.17336287
v 0.03262457 0.14727094 0.19066826
v 0.01304328 0.15133671 0.19071755
v 0.07122325 0.34141525 0.15554477
v 0.05158613 0.34507028 0.15455267
v 0.01265957 0.43114506 0.11730008
v -0.00730879 0.43222667 0.11706633
v 0.13445146 -0.54065721 0.02614029
v 0.13954158 -0.52407884 0.03610063
v -0.28637396 0.20531971 0.17512448
v -0.29943698 0.19021691 0.17401872
v 0.30853340 -0.50406497 0.00792846
v 0.31485894 -0.48678886 0.01576962
v -0.35577946 -0.47631810 0.00616219
v -0.34945510 -0.49455941 0.00094522
v -0.31303409 -0.40421582 0.07576288
v -0.30714274 -0.42163517 0.06790041
v -0.39182820 -0.28165697 0.10557724
v -0.38815103 -0.29972310 0.09782781
v -0.35142943 -0.15403286 0.16341036
v -0.35212075 -0.17320123 0.15774857
v 0.13568027 0.30954062 0.16647837
v 0.11686676 0.31600134 0.16441170
v -0.27630739 -0.31233290 0.13018206
v -0.27258832 -0.33055425 0.12282606
v -0.22300064 -0.27695404 0.14222154
v -0.22004901 -0.29602561 0.13697532
v 0.30944285 -0.30651077 0.12665887
v 0.31303428 -0.28849321 0.13456007
v -0.26270658 -0.06579678 0.18919812
v -0.26758114 -0.08502323 0.18664033
v -0.24866468 -0.00035788 0.19568935
v -0.25605979 -0.01887663 0.19416342
v -0.18351901 -0.46381106 0.06730654
v -0.17735720 -0.48065490 0.05845910
v -0.37256845 -0.14644147 0.15744151
v -0.37338819 -0.16570611 0.15213474
v -0.43624842 -0.12635812 0.12973906
v -0.43689555 -0.14556040 0.12418803
v -0.17751868 -0.18664180 0.15458097
v -0.17773313 -0.20618950 0.15036179
v -0.22126895 -0.14669789 0.17384186
v -0.22297042 -0.16636063 0.17061053
v 0.22138702 -0.43226477 0.08156378
v 0.22697129 -0.41510130 0.09017721
v 0.30960272 0.16267442 0.17610401
v 0.29756540 0.17863221 0.17674569
v -0.00131793 0.30294946 0.16869971
v -0.02131674 0.30298086 0.16861928
v -0.08583556 0.32280983 0.16188645
v -0.10539995 0.31890079 0.16326996
v -0.06446682 0.12796015 0.19126958
v -0.08290146 0.12020725 0.19139818
v -0.15778744 0.15211161 0.19451983
v -0.17343281 0.13968813 0.19543607
v 0.20076845 -0.04913872 0.18610516
v 0.19415571 -0.03031825 0.18752700
v -0.19895866 0.17318228 0.19201216
v -0.21391689 0.16001796 0.19371865
v 0.20589194 0.14129254 0.19563128
v 0.19130121 0.15492880 0.19457166
v 0.21894587 0.17816701 0.19063200
v 0.20380042 0.19115031 0.18921440
v 0.16978719 -0.51237337 0.04074282
v 0.17527467 -0.49542058 0.04982303
v 0.07855863 0.24255771 0.18368931
v 0.05922676 0.24741041 0.18204923
v 0.07697823 0.18577231 0.19032485
v 0.05791497 0.19175779 0.18947262
v 0.12480523 0.23196765 0.18599096
v 0.10642683 0.23974628 0.18469207
v -0.48853276 0.31866695 0.01563469
v -0.50100317 0.30304017 0.01513205
v -0.46322067 0.35636611 0.01615080
v -0.47580097 0.34092147 0.01437341
v 0.15628988 -0.39845788 0.09181905
v 0.16140001 -0.38041006 0.09875612
v -0.16802565 0.07332595 0.19541684
v -0.18024141 0.05749715 0.19584617
v 0.13880786 0.06558936 0.19130989
v 0.12520221 0.08024429 0.19102830
v 0.20819436 -0.34488320 0.11804200
v 0.21189155 -0.32702563 0.12625163
v -0.04305226 0.18918726 0.18927999
v -0.06261721 0.18522726 0.19050107
v -0.08353403 0.24846944 0.18212514
v -0.10283895 0.24346058 0.18360539
v -0.22643314 0.28523790 0.16205633
v -0.24310189 0.27420266 0.16263612
v 0.35608229 0.47823311 0.00667467
v 0.34030002 0.49050855 0.00623473
v -0.30227084 0.46589492 0.03615624
v -0.31927215 0.45536943 0.03579646
v -0.36365036 0.40555532 0.05162593
v -0.37980608 0.39380575 0.05257485
v -0.57677161 0.08736141 0.01561287
v -0.58453362 0.06895175 0.01472103
v -0.56606680 0.04962273 0.03186925
v -0.57214727 0.03074048 0.02932981
v -0.47187130 0.31121548 0.02993498
v -0.48397102 0.29533728 0.02873519
v 0.53997739 0.18391398 0.03228118
v 0.53359874 0.20267466 0.03498482
v 0.57911892 -0.10751987 0.01226355
v 0.57835814 -0.08781891 0.01561815
v 0.53281992 -0.12054462 0.05252815
v 0.53316778 -0.10113669 0.05734179
v 0.05627857 0.53288476 0.04874998
v 0.03654360 0.53611862 0.04893192
v -0.22150830 0.54212625 0.01637833
v -0.24008981 0.53475138 0.01583174
v 0.32839331 0.37651048 0.08828669
v 0.31287695 0.38905283 0.08691136
v 0.37013836 0.39266907 0.05823386
v 0.35482691 0.40535954 0.05611923
v 0.55868909 -0.19393913 0.01296307
v 0.55856024 -0.17422628 0.01633158
v 0.54144498 0.25316068 0.00763085
v 0.53180245 0.27066435 0.00840739
v 0.45127729 0.28746691 0.05929419
v 0.43996406 0.30395624 0.05956403
v -0.18751428 -0.24787835 0.14232229
v -0.18550710 -0.26705628 0.13701777
v -0.53378412 -0.15721254 0.04224557
v -0.53378028 -0.17664104 0.03750289
v 0.47595063 -0.34754108 0.01119652
v 0.47993313 -0.32860259 0.01623967
v -0.45683777 -0.38036813 0.00773793
v -0.45253883 -0.39916337 0.00242588
v -0.47961820 -0.22534330 0.07265946
v -0.47802429 -0.24440168 0.06681160
v 0.38011438 -0.03296082 0.16839349
v 0.37519522 -0.01368459 0.17044017
v 0.38576682 -0.08101358 0.16582130
v 0.38202523 -0.06143275 0.16741863
v 0.28612716 0.46733445 0.04289503
v 0.26956490 0.47853913 0.04256832
v 0.25248848 0.42881742 0.08601887
v 0.23540831 0.43920601 0.08546673
v -0.46309770 0.05492960 0.12088119
v -0.46955186 0.03614741 0.11852894
v 0.40110981 -0.27458607 0.10505591
v 0.40490638 -0.25652714 0.11276443
v 0.49934301 -0.11478136 0.08512328
v 0.49944882 -0.09543693 0.09019691
v 0.46891720 -0.04932000 0.12375625
v 0.46553299 -0.02975121 0.12611626
v 0.06772740 -0.60365781 0.00082403
v 0.07079964 -0.58553699 0.00870801
v -0.19812369 0.40148147 0.11885131
v -0.21614773 0.39284275 0.11816822
v -0.21024077 0.34069752 0.14396852
v -0.22783247 0.33118540 0.14386150
v -0.43075299 -0.27275404 0.08695841
v -0.42676506 -0.29061537 0.07889435
v -0.37382874 -0.25345077 0.12908390
v -0.37103081 -0.27170187 0.12140085
v 0.39385003 0.18383693 0.13889097
v 0.38303834 0.20066120 0.13878409
v 0.42491917 0.22800572 0.10575958
v 0.41391277 0.24470359 0.10575401
v -0.50581078 -0.08727667 0.08664231
v -0.50649665 -0.10648416 0.08111400
v 0.31550708 0.23340930 0.15874545
v 0.30237255 0.24847536 0.15942234
v 0.40348846 0.26486133 0.10404842
v 0.39187399 0.28113410 0.10455935
v -0.35084770 -0.41611038 0.05190182
v -0.34402836 -0.43259144 0.04285576
v 0.37323742 -0.38303919 0.05786609
v 0.37845948 -0.36520383 0.06525458
v 0.33329101 -0.41894981 0.05769336
v 0.33908757 -0.40159271 0.06576125
v -0.27197689 -0.00596118 0.19494279
v -0.27879910 -0.02456207 0.19221803
v 0.22186672 0.34483542 0.13933082
v 0.20479593 0.35524595 0.13891982
v 0.20666048 0.39664432 0.11919346
v 0.18905005 0.40612198 0.11911113
v 0.36316258 -0.34887427 0.08260134
v 0.36807239 -0.33123957 0.09065561
v -0.08925022 0.13056851 0.19167471
v -0.10671170 0.12083058 0.19215353
v -0.09351599 0.40267425 0.12808698
v -0.11316114 0.39903888 0.12898834
v -0.16423467 0.37760295 0.13658191
v -0.18296689 0.37066180 0.13752225
v -0.13597967 -0.57056355 0.00878671
v -0.13053502 -0.58790359 0.00044173
v -0.22390390 -0.53385619 0.01678358
v -0.21775152 -0.55117528 0.00889960
v 0.02655389 -0.60479200 0.00376275
v 0.02793170 -0.58649985 0.01172885
v -0.33631177 0.18141703 0.16364253
v -0.34815859 0.16530902 0.16326154
v -0.40522858 0.16142705 0.14012617
v -0.41577788 0.14443755 0.14029604
v -0.33935786 0.29032041 0.13048459
v -0.35268592 0.27553833 0.12853198
v -0.32616646 0.21486070 0.15904377
v -0.33879923 0.19936413 0.15856465
v 0.01090022 0.47582033 0.09245625
v -0.00907540 0.47673588 0.09214574
v 0.37724202 -0.22236022 0.13590374
v 0.37819112 -0.20290657 0.14044409
v 0.05104877 0.38397964 0.13848353
v 0.03125041 0.38679789 0.13827774
v 0.28856333 0.08046223 0.19165043
v 0.27848318 0.09773504 0.19162823
v 0.34217833 0.10080714 0.17766716
v 0.33234679 0.11822054 0.17739451
v -0.29140919 -0.37600135 0.09723507
v -0.28620057 -0.39379303 0.08973264
v -0.24226050 -0.34433072 0.12005487
v -0.23776238 -0.36236809 0.11268057
v -0.31235050 -0.42583896 0.06324642
v -0.30536792 -0.44179321 0.05341457
v 0.16374948 -0.46955388 0.06398268
v 0.16925411 -0.45244631 0.07275710
v -0.29581970 -0.13629125 0.17875011
v -0.29776297 -0.15582927 0.17494888
v 0.17898601 0.03714285 0.19302327
v 0.16782148 0.05372947 0.19346751
v -0.44759393 -0.14084828 0.11810536
v -0.44808576 -0.16016399 0.11294576
v 0.22103536 0.23578926 0.17811650
v 0.20501136 0.24765073 0.17653627
v 0.27723208 0.26083560 0.16207450
v 0.26191323 0.27344810 0.15958100
v -0.23679243 0.24923607 0.17201721
v -0.25264779 0.23713184 0.17345083
v 0.22239662 -0.49138797 0.04453108
v 0.22842651 -0.47488676 0.05408673
v 0.23727497 -0.29169776 0.13998002
v 0.24012265 -0.27278022 0.14580904
v -0.25009032 -0.23506237 0.15682398
v -0.24910388 -0.25430200 0.15145523
v -0.05750528 0.28227278 0.17447428
v -0.07725111 0.27917986 0.17517844
v 0.25888646 0.02798085 0.19620711
v 0.25002506 0.04590770 0.19645979
v 0.27374845 -0.36081691 0.10876350
v 0.27799315 -0.34275558 0.11622881
v 0.21813852 -0.04030684 0.19023130
v 0.21133409 -0.02153257 0.19132057
v -0.16781587 0.33873853 0.15338898
v -0.18610110 0.33063858 0.15342569
v 0.14320880 0.16774743 0.19318636
v 0.12623797 0.17831598 0.19267972
v 0.20121222 0.24547943 0.17762351
v 0.18468163 0.25671633 0.17696666
v 0.21772587 0.27920901 0.16548975
v 0.20113294 0.29032718 0.16447929
v -0.40325347 -0.12146657 0.14942525
v -0.40437327 -0.14066685 0.14394298
v 0.11421802 0.34210124 0.15456068
v 0.09503214 0.34747099 0.15282065
v 0.06142047 0.17208320 0.19088222
v 0.04214655 0.17730930 0.18980337
v 0.03772187 0.23312059 0.18418456
v 0.01789877 0.23565631 0.18342643
v -0.13045071 0.12264059 0.19335307
v -0.14593208 0.11000794 0.19419150
v -0.30221300 0.18957704 0.17330048
v -0.31468711 0.17396551 0.17250272
v 0.09724217 0.31233576 0.16590452
v 0.07794440 0.31717746 0.16387618
v -0.14588917 -0.37522005 0.09731355
v -0.14036952 -0.39330359 0.09079595
v -0.19619838 -0.43051840 0.08432436
v -0.19024664 -0.44760081 0.07579629
v 0.29828237 -0.18495610 0.16757301
v 0.29786622 -0.16548879 0.17213486
v 0.28122856 -0.20071348 0.16465161
v 0.28113300 -0.18140174 0.16984849
v 0.20494246 0.09553517 0.19738215
v 0.19202326 0.11080129 0.19738032
v -0.21025369 -0.05818304 0.18684561
v -0.21572841 -0.07731059 0.18481481
v -0.20280866 -0.08042613 0.18144639
v -0.20748888 -0.09969585 0.17885155
v 0.48357839 -0.01928506 0.11377747
v 0.47890426 0.00012589 0.11492962
v 0.45135655 0.04584996 0.12946415
v 0.44572240 0.06486985 0.13200582
v -0.17337086 -0.32617497 0.11857271
v -0.16909070 -0.34449916 0.11180039
v -0.20185201 -0.35344511 0.11498959
v -0.19708580 -0.37153572 0.10792044
v 0.22865978 -0.16424861 0.17185508
v 0.22694032 -0.14467703 0.17559095
v 0.17952841 -0.17441045 0.15764782
v 0.17816279 -0.15484781 0.16157188
v -0.17649387 -0.14536699 0.16311215
v -0.17843618 -0.16490673 0.15931927
v -0.09312213 0.52874850 0.04728169
v -0.11290790 0.52585583 0.04694145
v -0.13078029 0.25994057 0.18017838
v -0.14928538 0.25239017 0.18089489
v 0.13531194 -0.41280095 0.08371127
v 0.14072048 -0.39468270 0.09022561
v -0.37661528 0.26569676 0.11955793
v -0.38906788 0.25009975 0.11828278
v -0.38873239 0.24052086 0.12220264
v -0.40077682 0.22458125 0.12129671
v 0.29267273 -0.49044510 0.02022714
v 0.29947897 -0.47420732 0.02971238
v 0.23109071 0.47069383 0.06620841
v 0.21369798 0.48056557 0.06616598
v 0.11429838 0.58445713 0.00648158
v 0.09480303 0.58888951 0.00598614
v 0.42605574 0.39968719 0.01934663
v 0.41246514 0.41435643 0.01908378
v 0.10371134 0.54493527 0.03316999
v 0.08417679 0.54916973 0.03251359
v 0.07233772 0.50356159 0.06880573
v 0.05267194 0.50718477 0.06850667
v -0.57473799 -0.10372555 0.01573140
v -0.57624864 -0.12336880 0.01229325
v -0.54545743 -0.01848419 0.06186910
v -0.54867790 -0.03779324 0.05777652
v -0.28790235 0.48523049 0.02900523
v -0.30504263 0.47496344 0.02813425
v -0.29804367 0.50274264 0.01443424
v -0.31522256 0.49253584 0.01361768
v -0.45310030 0.32628857 0.03695899
v -0.46540766 0.31059496 0.03547591
v 0.57236242 0.01938616 0.03116401
v 0.56745657 0.03872987 0.03247303
v 0.53994282 -0.02004037 0.06927595
v 0.53574367 -0.00054223 0.07074209
v -0.41483430 -0.03316286 0.15447589
v -0.41949004 -0.05245683 0.15202094
v 0.49341833 -0.17393916 0.07505172
v 0.49380786 -0.15445015 0.07952239
v 0.08518788 0.55673188 0.02655464
v 0.06558146 0.56067500 0.02654948
v 0.53891432 0.15986720 0.03823061
v 0.53283604 0.17872699 0.04093674
v -0.52735278 -0.25519071 0.01881873
v -0.52479417 -0.27398077 0.01246678
v -0.37980851 -0.44656830 0.01461895
v -0.37285307 -0.46340661 0.00636953
v 0.37329118 -0.46187454 0.00858429
v 0.37945928 -0.44422108 0.01567443
v -0.29422421 0.45193236 0.05042710
v -0.31122509 0.44140614 0.05006858
v -0.07820858 0.46585124 0.09351300
v -0.09803291 0.46321424 0.09356030
v -0.08179830 0.44579446 0.10529993
v -0.10158643 0.44289998 0.10540773
v -0.08702883 0.59025407 0.00569128
v -0.10687450 0.58782172 0.00525175
v -0.06549097 0.53100065 0.04903080
v -0.08535105 0.52877840 0.04825693
v -0.21298160 -0.54928890 0.01090265
v -0.20671825 -0.56585941 0.00162101
v 0.46656495 -0.02637251 0.12540266
v 0.46216587 -0.00692143 0.12690715
v 0.52680312 -0.22660555 0.03128248
v 0.52767263 -0.20711817 0.03569221
v -0.37792340 0.22366045 0.13398340
v -0.38968516 0.20751975 0.13293525
v -0.46856792 0.18622383 0.09594977
v -0.47865636 0.16897584 0.09511912
v 0.38747853 0.12382664 0.15872032
v 0.37761867 0.14121725 0.15816372
v 0.39588869 -0.37021554 0.05141315
v 0.40085689 -0.35213669 0.05837245
v 0.38838483 -0.41202996 0.03230850
v 0.39378491 -0.39403363 0.03915915
v 0.32981503 0.29363698 0.13281342
v 0.31546445 0.30750836 0.13154631
v -0.27316534 0.37589671 0.10898340
v -0.29005363 0.36518854 0.10926770
v -0.18696627 0.29010056 0.16676104
v -0.20454206 0.28056448 0.16710043
v 0.33580048 -0.15195268 0.16815528
v 0.33480194 -0.13263396 0.17322974
v -0.45227517 -0.21660404 0.09574534
v -0.45164084 -0.23601931 0.09099090
v -0.47653050 -0.15070002 0.09455754
v -0.47656478 -0.17000169 0.08932264
v -0.54222204 0.02534928 0.05983743
v -0.54792585 0.00632923 0.05745746
v -0.52404996 0.05957933 0.07166331
v -0.53014886 0.04071068 0.06906760
v -0.37173118 -0.37961993 0.06131996
v -0.36656076 -0.39764874 0.05437814
v -0.33152630 -0.36695764 0.08822026
v -0.32641850 -0.38480586 0.08078308
v -0.32788881 -0.30016343 0.12443853
v -0.32397058 -0.31783670 0.11593776
v -0.35276705 -0.26555521 0.13230326
v -0.34971120 -0.28368959 0.12444413
v 0.20849886 -0.30806893 0.13141272
v 0.21151474 -0.28937746 0.13785426
v 0.51721837 0.01739389 0.08429852
v 0.51205671 0.03666586 0.08568000
v 0.14488954 0.38707328 0.13348990
v 0.12592333 0.39305647 0.13138174
v 0.13562990 0.42262537 0.11515060
v 0.11653840 0.42830266 0.11334976
v 0.01431490 0.37390861 0.14395801
v -0.00565933 0.37481378 0.14354464
v -0.03599698 0.34756766 0.15397441
v -0.05593488 0.34601036 0.15409660
v -0.35622766 0.06669173 0.17710513
v -0.36398566 0.04840137 0.17481681
v -0.35720483 -0.09910912 0.17315395
v -0.35985243 -0.11851868 0.16912664
v -0.31855751 -0.07427251 0.18315654
v -0.32272153 -0.09373128 0.18116219
v -0.43965561 -0.16378859 0.11767969
v -0.43974071 -0.18310111 0.11248551
v 0.14700075 0.22555861 0.18634411
v 0.12925242 0.23473075 0.18543379
v 0.17645417 0.27942597 0.17140517
v 0.15902517 0.28923079 0.17116956
v -0.25186410 0.10877436 0.19464793
v -0.26335746 0.09241977 0.19402333
v -0.29090994 0.07006402 0.19200651
v -0.30059863 0.05256863 0.19197976
v 0.33483621 0.19413083 0.16093120
v 0.32297071 0.21019778 0.16194261
v 0.27624776 0.23670767 0.17009332
v 0.26138552 0.24995846 0.16822514
v 0.22902546 0.10756372 0.19593310
v 0.21636668 0.12304392 0.19621318
v 0.20234912 0.07215616 0.19734334
v 0.19034888 0.08815427 0.19746626
v 0.39001725 0.39898938 0.04350157
v 0.37480962 0.41178538 0.04127669
v 0.31987437 0.43618013 0.04982828
v 0.30377452 0.44800431 0.04885692
v -0.22001859 0.37294409 0.12662044
v -0.23774734 0.36369680 0.12699305
v -0.18679868 0.35003095 0.14554587
v -0.20473935 0.34120644 0.14507664
v 0.42263786 0.25081728 0.09824196
v 0.41137058 0.26733901 0.09844301
v 0.39433927 -0.20799174 0.13204811
v 0.39497881 -0.18850975 0.13652062
v 0.31940563 -0.21852039 0.15486407
v 0.32009161 -0.19911949 0.15966975
v 0.22572821 -0.25647098 0.14770710
v 0.22714779 -0.23758968 0.15414460
v 0.25197773 -0.25279789 0.15180783
v 0.25344393 -0.23359824 0.15721001
v 0.49583791 -0.03785669 0.10495752
v 0.49226565 -0.01828577 0.10700154
v 0.54869180 -0.12352449 0.03535632
v 0.54928993 -0.10412322 0.04017223
v -0.15280051 0.30483234 0.16706444
v -0.17105906 0.29667276 0.16698423
v -0.25830424 -0.21194862 0.16269908
v -0.25806787 -0.23133957 0.15781080
v -0.06156437 0.24534767 0.18237816
v -0.08118093 0.24157567 0.18333857
v -0.35417234 0.26966713 0.12990420
v -0.36730423 0.25461415 0.12894432
v -0.24795414 0.21314040 0.18101777
v -0.26263886 0.19962406 0.18229341
v 0.28234943 0.12161625 0.18899325
v 0.27076408 0.13791659 0.18879761
v 0.27817260 0.18506351 0.18075419
v 0.26492964 0.20004325 0.18119163
v -0.04786755 0.14839598 0.19059138
v -0.06704462 0.14276085 0.19125854
v -0.09884196 0.15383043 0.19239336
v -0.11652407 0.14449963 0.19288195
v 0.24113995 -0.46194044 0.05990851
v 0.24728462 -0.44555283 0.06958577
v 0.20112326 -0.44382577 0.07693698
v 0.20671014 -0.42662206 0.08546804
v 0.34212853 -0.25248263 0.14103705
v 0.34362353 -0.23294019 0.14501425
v 0.25869898 -0.23287681 0.15738645
v 0.25946852 -0.21351514 0.16233557
v 0.24747444 -0.36448481 0.11009601
v 0.25175342 -0.34678016 0.11835407
v 0.17854486 0.35032805 0.14627409
v 0.16046360 0.35879222 0.14509699
v 0.07154484 0.15173551 0.19125689
v 0.05264609 0.15826074 0.19078921
v -0.19343440 -0.48063828 0.05712761
v -0.18711311 -0.49691402 0.04737562
v 0.29807667 0.04166659 0.19296777
v 0.28943050 0.05969959 0.19284717
v 0.31177863 0.08173448 0.18741938
v 0.30211913 0.09924249 0.18777111
v -0.21837119 0.02523860 0.19589664
v -0.22748111 0.00744382 0.19533539
v 0.26687748 0.36204895 0.11862077
v 0.25034382 0.37325727 0.11763507
v 0.20429844 0.37808117 0.12854962
v 0.18680787 0.38777649 0.12875163
v 0.29892835 -0.02693158 0.18950782
v 0.29277676 -0.00811222 0.19232734
v 0.05536274 0.24815571 0.18180590
v 0.03568769 0.25161527 0.18086590
v 0.03118545 0.33303896 0.15942183
v 0.01126685 0.33462704 0.15859263
v -0.54473072 -0.22024161 0.01707774
v -0.54378154 -0.23958055 0.01207132
v -0.19920958 -0.44876272 0.07477310
v -0.19306640 -0.46555459 0.06581461
v -0.23138205 -0.48127952 0.04939745
v -0.22474264 -0.49756407 0.03987423
v -0.23155981 0.09882166 0.19655389
v -0.24326953 0.08260936 0.19649050
v -0.17264604 0.11731000 0.19655875
v -0.18659054 0.10301267 0.19760620
v 0.25745592 0.19004660 0.18466218
v 0.24314670 0.20397749 0.18359606
v 0.42669859 -0.09679130 0.14310501
v 0.42559318 -0.07748272 0.14819590
v 0.45083430 -0.12310394 0.12057303
v 0.45058641 -0.10378305 0.12573074
v 0.21302638 -0.15000840 0.17106746
v 0.21060622 -0.13040443 0.17419588
v 0.24220252 -0.11850233 0.18174437
v 0.23879966 -0.09892755 0.18402653
v -0.33525250 -0.13910852 0.17151797
v -0.33659476 -0.15832786 0.16615371
v 0.47328815 0.24988293 0.06173505
v 0.46241584 0.26666664 0.06149028
v -0.24064467 -0.03795329 0.19227190
v -0.24658617 -0.05694475 0.19027611
v 0.10836747 0.21591696 0.18838832
v 0.08977539 0.22310386 0.18676255
v -0.18678087 -0.12451784 0.16949826
v -0.18954732 -0.14408073 0.16639987
v 0.17808596 -0.13403408 0.16565574
v 0.17480309 -0.11462335 0.16917802
v 0.17443931 -0.09362809 0.17319599
v 0.16950317 -0.07442343 0.17579896
v 0.21813034 -0.01532985 0.19284514
v 0.21024543 0.00302865 0.19371318
v 0.13925048 0.04054002 0.18880197
v 0.12677095 0.05615447 0.18944281
v -0.47676051 0.09261141 0.10699842
v -0.48330823 0.07396496 0.10393289
v -0.11850080 -0.45100170 0.06813119
v -0.11232980 -0.46870431 0.06116724
v 0.13998447 -0.43715140 0.07582430
v 0.14541795 -0.41935781 0.08316089
v -0.04367785 -0.58164621 0.01266040
v -0.04042905 -0.59994967 0.00528553
v -0.46616745 -0.13382531 0.10661225
v -0.46666183 -0.15315128 0.10149148
v -0.55347681 -0.07931756 0.04176961
v -0.55373680 -0.09853135 0.03622681
v -0.17107282 0.24799568 0.17998108
v -0.18847540 0.23818950 0.18095517
v 0.45480395 0.12854705 0.11963404
v 0.44767880 0.14705760 0.12219371
v 0.51240237 0.05339341 0.08343938
v 0.50693876 0.07253416 0.08537343
v 0.38410049 0.41777261 0.03204974
v 0.36871716 0.43039606 0.03005932
v -0.39948479 0.39263384 0.04140489
v -0.41386805 0.37878614 0.04025467
v 0.50739358 0.23969856 0.03976292
v 0.49679500 0.25664866 0.03919346
v 0.51155535 0.19594876 0.05666077
v 0.50252765 0.21379033 0.05703350
v 0.03143539 0.52625736 0.05689396
v 0.01158240 0.52865894 0.05712018
v 0.12657722 0.45635414 0.09551767
v 0.10734134 0.46155099 0.09380480
v 0.14045048 0.51989987 0.04784732
v 0.12119020 0.52509508 0.04642904
v -0.49449375 0.05746391 0.09719444
v -0.50063151 0.03860718 0.09460375
v -0.46788339 -0.01948911 0.12345995
v -0.47306383 -0.03871295 0.12157133
v -0.16419153 0.57238304 0.00726982
v -0.18354150 0.56735751 0.00673778
v 0.21298807 0.52446022 0.03216901
v 0.19445153 0.53166308 0.03005342
v -0.58692021 -0.02301276 0.02002639
v -0.58843558 -0.04212340 0.01433017
v 0.59294005 -0.08749718 0.00577206
v 0.59151968 -0.06774947 0.00859525
v -0.53159028 0.24393957 0.01848465
v -0.54315121 0.22762090 0.01840825
v 0.49781723 -0.33603240 0.00440201
v 0.50133924 -0.31693352 0.00917573
v 0.45253676 -0.22800465 0.09275368
v 0.45336668 -0.20844758 0.09685151
v 0.50999671 -0.17729346 0.05924689
v 0.51068964 -0.15786028 0.06391933
v 0.57997213 0.10587019 0.01089669
v 0.57423299 0.12492768 0.01285486
v -0.19908128 0.48787062 0.06566922
v -0.21750869 0.48014326 0.06484568
v -0.27203696 0.45401037 0.05932298
v -0.28925884 0.44385834 0.05877235
v -0.51798798 -0.24089984 0.03395104
v -0.51470895 -0.25913774 0.02642861
v -0.23155232 0.30773763 0.15231033
v -0.24854567 0.29725295 0.15343175
v -0.32532536 0.32892975 0.11781147
v -0.34106915 0.31668940 0.11931712
v -0.45258756 0.26255326 0.07161427
v -0.46437087 0.24641598 0.07077659
v 0.43265593 0.05454994 0.14063859
v 0.42658081 0.07343209 0.14319149
v 0.40948652 0.00022803 0.15549407
v 0.40442293 0.01937370 0.15828039
v -0.39390319 -0.09052001 0.16165644
v -0.39572917 -0.10963613 0.15607078
v -0.10641558 0.38123629 0.13807695
v -0.12591598 0.37693779 0.13918029
v -0.17211406 0.42769545 0.10944090
v -0.19087946 0.42078418 0.10967316
v 0.22444668 0.40460650 0.10929304
v 0.20716458 0.41466983 0.10942937
v 0.18754306 0.44375017 0.09751791
v 0.16902696 0.45095453 0.09523506
v 0.28645356 0.43230485 0.06870170
v 0.26993889 0.44356669 0.06807169
v 0.00501685 0.39433433 0.13533031
v -0.01496877 0.39478138 0.13475133
v -0.02085238 0.45312355 0.10548948
v -0.04080151 0.45209048 0.10452760
v -0.37103628 0.15948698 0.15586935
v -0.38192098 0.14270958 0.15582087
v -0.40272900 0.18744454 0.13292336
v -0.41390277 0.17086044 0.13319617
v 0.44677109 -0.40170101 0.00425960
v 0.45142623 -0.38304321 0.00975288
v 0.43883397 0.25882858 0.08370362
v 0.42775490 0.27547614 0.08397354
v 0.41431869 0.32013827 0.07155127
v 0.40250030 0.33624829 0.07241905
v -0.04609914 0.31563420 0.16472731
v -0.06598905 0.31368962 0.16548230
v -0.32460369 0.46164906 0.02850040
v -0.34131997 0.45067159 0.02835532
v -0.37117547 0.45280506 0.01425974
v -0.38749440 0.44126334 0.01492410
v 0.32000848 0.46939682 0.02495748
v 0.30380700 0.48110347 0.02430448
v 0.43782336 -0.05660716 0.14281727
v 0.43399136 -0.03706198 0.14462329
v -0.26101296 0.17635723 0.18666568
v -0.27399002 0.16119715 0.18535123
v 0.42234188 0.12606481 0.14068092
v 0.41359880 0.14403928 0.14134219
v 0.41087823 0.08859098 0.15154258
v 0.40370783 0.10707316 0.15417973
v -0.51880356 0.13207593 0.06465635
v -0.52534846 0.11349368 0.06121771
v -0.52191887 0.08349207 0.06987876
v -0.52799836 0.06467982 0.06686232
v -0.24328452 0.27128532 0.16359586
v -0.25946639 0.25964923 0.16524164
v 0.40843384 -0.17133107 0.13459734
v 0.40836900 -0.15184644 0.13910347
v 0.35499383 -0.18868937 0.15247546
v 0.35537298 -0.16949663 0.15808394
v -0.01241681 0.26806445 0.17752114
v -0.03240267 0.26739058 0.17778773
v -0.34531787 -0.17978394 0.15796262
v -0.34573192 -0.19925486 0.15341601
v 0.36571622 -0.04790411 0.17346094
v 0.36117190 -0.02855329 0.17566440
v 0.34886566 -0.08038408 0.17706627
v 0.34499294 -0.06089170 0.17930435
v 0.53617569 -0.05986241 0.06517283
v 0.53633130 -0.04059387 0.07052626
v 0.51237795 -0.09707962 0.07842364
v 0.51232380 -0.07771521 0.08342134
v -0.30324054 0.08839211 0.18842109
v -0.31336172 0.07115060 0.18892302
v 0.09280339 0.47510206 0.08669356
v 0.07325505 0.47923097 0.08581352
v 0.40107714 0.28875407 0.09617132
v 0.38924274 0.30486058 0.09686933
v 0.31098051 0.30363271 0.13488460
v 0.29591180 0.31666671 0.13315005
v 0.24150709 0.33221005 0.14008728
v 0.22488215 0.34329640 0.13927236
v 0.24341671 0.39492162 0.10832788
v 0.22644204 0.40549448 0.10814045
v 0.04809048 0.34844593 0.15331137
v 0.02825854 0.35096771 0.15276829
v 0.27137447 0.14285512 0.18818348
v 0.25895300 0.15849467 0.18921865
v -0.29246009 0.22699902 0.16865663
v -0.30588662 0.21220727 0.16771206
v -0.17218348 -0.26423522 0.13437722
v -0.16946728 -0.28326052 0.12884364
v -0.26958498 0.07550298 0.19443853
v -0.27974172 0.05827857 0.19409203
v -0.32040875 0.04724202 0.18876118
v -0.32838608 0.02903163 0.18659230
v 0.27014168 -0.08470760 0.18672586
v 0.26570586 -0.06536997 0.18924364
v 0.25164201 -0.15513383 0.17718527
v 0.24983397 -0.13539545 0.17984752
v -0.21196161 0.32022339 0.15217965
v -0.22922982 0.31014061 0.15185296
v 0.22963667 -0.31093546 0.13390351
v 0.23281671 -0.29205543 0.13968209
v 0.18147568 -0.27798889 0.13321813
v 0.18403112 -0.25891719 0.13866792
v 0.19833679 0.26834464 0.17173757
v 0.18142879 0.27898401 0.17079770
v 0.29571262 0.19952419 0.17326000
v 0.28262670 0.21464260 0.17365077
v -0.28605313 -0.29352070 0.13833477
v -0.28256235 -0.31120393 0.12967002
v -0.32739964 -0.32225049 0.11248034
v -0.32321029 -0.34031122 0.10498239
v 0.57419955 -0.17527113 0.00507054
v 0.57426747 -0.15564400 0.00890865
v 0.55228478 -0.14606312 0.02700219
v 0.55230179 -0.12645455 0.03093461
v -0.23572948 -0.44158208 0.07425475
v -0.22941813 -0.45815943 0.06501797
v -0.23063100 0.07390636 0.19690742
v -0.24155987 0.05716034 0.19660685
v -0.54790458 -0.13882658 0.03251695
v -0.54823648 -0.15831830 0.02805350
v -0.27734724 -0.02901057 0.19193221
v -0.28335747 -0.04801724 0.19032482
v -0.29958116 -0.06272348 0.18689478
v -0.30428894 -0.08206705 0.18499136
v 0.20707630 -0.38141470 0.10387844
v 0.21164654 -0.36358939 0.11170987
v 0.08856991 0.27838420 0.17556265
v 0.06923352 0.28328549 0.17413394
v 0.09550264 0.25785798 0.18053480
v 0.07635447 0.26348948 0.17927235
v 0.33458931 0.22003963 0.15447990
v 0.32222481 0.23573422 0.15535085
v 0.29828615 -0.42940005 0.06493302
v 0.30453652 -0.41289723 0.07434311
v 0.31582494 -0.43637220 0.05292460
v 0.32228721 -0.41994677 0.06232696
v 0.29998824 -0.23391766 0.15391064
v 0.30114241 -0.21471914 0.15939196
v 0.17183364 0.40873772 0.12058996
v 0.15320480 0.41555506 0.11805027
v 0.42958870 -0.20017471 0.11464526
v 0.43016979 -0.18070473 0.11917758
v 0.39173233 -0.18540292 0.13875075
v 0.39198520 -0.16599455 0.14356854
v 0.11498548 0.19428421 0.19116673
v 0.09677885 0.20241409 0.18962284
v 0.10016081 0.17909928 0.19215125
v 0.08174419 0.18669894 0.19040956
v -0.47533272 -0.10954702 0.10619359
v -0.47587919 -0.12875866 0.10066420
v -0.36834613 -0.42124493 0.03818413
v -0.36152572 -0.43789366 0.02945134
v -0.33013600 -0.43122544 0.05143618
v -0.32281033 -0.44697978 0.04153187
v 0.19019615 0.20906667 0.18663858
v 0.17380940 0.22049849 0.18577385
v 0.21234227 0.20095293 0.18711191
v 0.19659754 0.21318206 0.18552701
v 0.26132790 0.05250590 0.19590051
v 0.25164661 0.07000504 0.19578858
v -0.13541949 0.17966828 0.19267923
v -0.15244336 0.16918672 0.19321305
v 0.13019513 -0.52004018 0.03853458
v 0.13537964 -0.50263952 0.04691896
v -0.22197304 -0.19163197 0.16501564
v -0.22240273 -0.21102273 0.16013980
v 0.20740947 -0.11082622 0.17681069
v 0.20321135 -0.09147029 0.17958265
v -0.10317703 0.51202367 0.05905457
v -0.12291998 0.50883436 0.05911890
v 0.49751372 0.32933302 0.00693850
v 0.48605787 0.34572531 0.00706713
v 0.48527954 0.27694178 0.03756033
v 0.47425717 0.29362889 0.03747331
v 0.17378720 -0.25526708 0.13702557
v 0.17559034 -0.23608070 0.14237270
v 0.15664943 -0.00023360 0.18537441
v 0.14660139 0.01699520 0.18684587
v -0.14420960 0.01996840 0.18699466
v -0.15456177 0.00290816 0.18567529
v -0.18263878 -0.08190606 0.17701537
v -0.18735536 -0.10115852 0.17435892
v -0.24386123 -0.52724277 0.01415825
v -0.23772408 -0.54488147 0.00700483
v 0.34079115 -0.48087220 0.01100773
v 0.34694170 -0.46304662 0.01766953
v -0.37394521 -0.46250172 0.00601663
v -0.36778896 -0.48088096 0.00109078
v -0.18955794 -0.20871078 0.15274607
v -0.18912431 -0.22807167 0.14775325
v 0.43048265 -0.31400603 0.06102076
v 0.43549406 -0.29635143 0.06896815
v -0.18242919 0.01321660 0.19121245
v -0.19174762 -0.00446529 0.19052117
v -0.36301176 0.31535674 0.10824605
v -0.37624965 0.30050345 0.10622167
v 0.12407141 -0.47475323 0.05908511
v 0.12944255 -0.45730397 0.06724807
v 0.47253658 -0.14925765 0.09812453
v 0.47259222 -0.12981471 0.10280739
v -0.45070070 0.29609323 0.05512858
v -0.46279371 0.28021181 0.05390401
v 0.14928965 -0.58059231 0.00177901
v 0.15409334 -0.56337726 0.01075267
v -0.18938639 -0.54567740 0.01686088
v -0.18325305 -0.56224158 0.00748163
v -0.48664032 -0.28246726 0.03628477
v -0.48243365 -0.30050183 0.02873373
v -0.18954136 0.08093757 0.19757123
v -0.20160607 0.06499137 0.19722293
v -0.21306762 0.11252896 0.19712952
v -0.22571794 0.09704329 0.19677838
v 0.44404327 0.21451275 0.09976308
v 0.43337185 0.23142399 0.09946127
v 0.28252351 0.05841760 0.19376522
v 0.27308079 0.07604630 0.19392041
v 0.59831069 0.04099012 0.00575014
v 0.59380172 0.06035772 0.00787742
v 0.54731792 0.00061340 0.05916192
v 0.54254264 0.01999353 0.06041370
v -0.45721003 0.38123151 0.00874105
v -0.47069919 0.36649562 0.00781580
v -0.41334847 0.34705641 0.05785142
v -0.42607741 0.33176712 0.05580889
v -0.55147769 0.06051879 0.04430039
v -0.55754076 0.04164328 0.04167088
v -0.51001109 0.30556894 0.00907515
v -0.52161607 0.28933751 0.00772424
v 0.52043092 0.29165070 0.00732298
v 0.50980662 0.30858793 0.00778607
v 0.36577990 0.45732755 0.01426368
v 0.35004968 0.46961420 0.01301530
v -0.25887317 0.52505184 0.01597503
v -0.27649354 0.51570830 0.01449827
v -0.15714588 0.48246005 0.07488023
v -0.17656381 0.47800498 0.07662844
v -0.56512859 -0.06157445 0.03305551
v -0.56571283 -0.08079270 0.02755298
v 0.52176971 -0.01982546 0.08503850
v 0.51732478 -0.00036305 0.08622894
v 0.53618148 0.01921909 0.06692612
v 0.53129261 0.03854472 0.06853211
v 0.39527331 0.33634404 0.07791501
v 0.38265665 0.35185409 0.07838181
v 0.29608470 0.40922465 0.08039087
v 0.27997160 0.42105985 0.07988462
v 0.53693026 0.11202736 0.04957294
v 0.53117409 0.13103608 0.05191714
v 0.47948544 0.14392355 0.09871643
v 0.47281033 0.16257621 0.10145157
v 0.19524708 0.49251398 0.06256181
v 0.17653601 0.49905280 0.05989730
v -0.50190894 -0.24375179 0.04671233
v -0.49855852 -0.26198625 0.03921307
v -0.52446454 -0.27649860 0.01171896
v -0.52202112 -0.29554391 0.00612736
v -0.18979602 0.43933339 0.09895604
v -0.20841150 0.43203017 0.09925093
v 0.02920473 0.50683289 0.07091920
v 0.00934569 0.50917479 0.07122631
v 0.07511896 0.52189483 0.05488409
v 0.05544853 0.52548442 0.05449806
v -0.57324557 0.12484363 0.01376542
v -0.58003437 0.10625710 0.01086492
v -0.41386444 0.03936507 0.15237538
v -0.42006593 0.02056262 0.14955237
v -0.44457358 0.09034950 0.13033671
v -0.45157808 0.07182614 0.12754709
v -0.43306745 -0.02066506 0.14466967
v -0.43821686 -0.03988313 0.14264248
v -0.48664744 -0.05668747 0.11087689
v -0.48811306 -0.07576727 0.10506540
v -0.41083402 0.27425485 0.09593944
v -0.42294627 0.25840035 0.09456532
v 0.13389834 0.56858421 0.01284587
v 0.11456191 0.57364646 0.01218543
v 0.15995506 0.57384442 0.00652737
v 0.14085425 0.57975015 0.00603621
v -0.10655602 0.54350856 0.03386553
v -0.12629441 0.54029986 0.03362001
v 0.05451465 0.43575189 0.11294921
v 0.03471671 0.43849101 0.11224309
v 0.55669289 -0.08241232 0.03727046
v 0.55686548 -0.06301630 0.04214124
v -0.27029891 0.43635819 0.07325498
v -0.28746266 0.42610217 0.07283144
v 0.38173827 0.14775427 0.15450208
v 0.37137287 0.16485423 0.15417080
v 0.19800538 0.46015219 0.08554353
v 0.17955624 0.46750254 0.08318525
v 0.15167176 0.45811889 0.09228327
v 0.13266212 0.46399630 0.09027093
v -0.37619777 -0.03404887 0.16987950
v -0.38125452 -0.05329729 0.16790780
v -0.30686272 -0.46645778 0.03294115
v -0.29938757 -0.48239597 0.02345137
v -0.27394484 -0.43386738 0.07025663
v -0.26728399 -0.45001739 0.06052163
v 0.54052213 -0.25992440 0.00762799
v 0.54285877 -0.24091323 0.01337913
v 0.48299059 -0.28589242 0.03736719
v 0.48769026 -0.26806321 0.04511266
v 0.40076450 -0.25335374 0.11630832
v 0.40253753 -0.23401041 0.12106771
v 0.46331924 -0.31679889 0.03397012
v 0.46833547 -0.29895087 0.04146983
v -0.32906500 0.34977037 0.10469609
v -0.34499171 0.33774320 0.10597933
v -0.41798811 0.19662218 0.12202357
v -0.42904883 0.17996029 0.12198040
v -0.49020857 0.13001592 0.09126944
v -0.49720970 0.11155519 0.08808423
v -0.13319475 -0.41383305 0.08292549
v -0.12716758 -0.43174186 0.07637508
v 0.31359994 -0.06797931 0.18457870
v 0.30905796 -0.04861478 0.18666330
v 0.33360209 -0.06319232 0.18123792
v 0.32911303 -0.04381370 0.18330618
v 0.43735374 -0.24512140 0.09789130
v 0.43872772 -0.22565367 0.10225931
v 0.19785915 -0.00136605 0.19161204
v 0.18903088 0.01657121 0.19213768
v 0.23805228 -0.00546954 0.19524007
v 0.23009021 0.01286513 0.19587646
v 0.35757885 0.34189089 0.09858319
v 0.34284059 0.35523450 0.09641716
v -0.12188121 0.23626437 0.18502117
v -0.14035010 0.22862254 0.18570136
v 0.47163816 -0.23177893 0.07765155
v 0.47267247 -0.21229344 0.08203402
v 0.50949136 -0.23413486 0.04493421
v 0.51039891 -0.21464629 0.04933101
v 0.19011989 -0.19543522 0.15574187
v 0.18974781 -0.17587650 0.15989854
v -0.32512915 0.09072033 0.18395560
v -0.33479959 0.07321910 0.18356931
v 0.23828701 0.26620098 0.16657402
v 0.22223918 0.27805372 0.16518123
v 0.22649448 0.21442041 0.18305989
v 0.21088171 0.22683304 0.18160114
v -0.44157364 -0.20294882 0.10622933
v -0.44124277 -0.22237649 0.10149475
v 0.27996941 -0.44026989 0.06391154
v 0.28620715 -0.42380422 0.07339481
v -0.24743969 0.35074289 0.13044786
v -0.26438145 0.34011901 0.13018303
v 0.38947211 0.00800609 0.16488534
v 0.38369574 0.02701935 0.16714132
v 0.25824927 0.29714416 0.15129698
v 0.24222541 0.30901457 0.14978394
v 0.34074558 0.33027681 0.11135633
v 0.32587183 0.34348561 0.10929256
v -0.05391169 0.42017350 0.12120581
v -0.07382006 0.41827193 0.12123421
v -0.05790491 0.38334022 0.13848850
v -0.07778205 0.38120983 0.13905482
v -0.21254889 -0.31684785 0.12966869
v -0.20871835 -0.33509178 0.12242674
v -0.28422297 -0.33185486 0.12002697
v -0.27993096 -0.34989969 0.11254882
v 0.28002346 -0.12474113 0.18190201
v 0.27730967 -0.10506461 0.18423224
v -0.20266020 0.00506059 0.19347675
v -0.21136746 -0.01285124 0.19165739
v 0.23279312 -0.34629935 0.11952541
v 0.23662385 -0.32812941 0.12695097
v 0.28481149 -0.39735823 0.08907980
v 0.28965341 -0.37912433 0.09571611
v 0.29613578 0.01965366 0.19329799
v 0.28821844 0.03799910 0.19414693
v 0.23679932 -0.05501793 0.18973488
v 0.23073272 -0.03609671 0.19200285
v 0.25681489 -0.04518582 0.19149048
v 0.25065105 -0.02628009 0.19362137
v -0.34260957 -0.45532887 0.02501343
v -0.33472963 -0.47111104 0.01559061
v 0.03750739 0.31187039 0.16601840
v 0.01762351 0.31393777 0.16545490
v 0.28583271 0.16231993 0.18301218
v 0.27317826 0.17780128 0.18340304
v -0.28741510 -0.18350429 0.16916781
v -0.28791937 -0.20269039 0.16354649
v -0.24378977 -0.19178473 0.16749683
v -0.24420273 -0.21124462 0.16290310
v 0.32506398 -0.40166120 0.07245640
v 0.33011878 -0.38361678 0.07944268
v -0.20638746 0.21873224 0.18370691
v -0.22228514 0.20663602 0.18465841
v -0.22075922 0.18233109 0.18984623
v -0.23535565 0.16875931 0.19149269
v -0.51081604 0.04672496 0.08565866
v -0.51650382 0.02776266 0.08282317
v 0.03946672 0.36903654 0.14541492
v 0.01957995 0.37111238 0.14500568
v -0.39214933 -0.21947403 0.13004797
v -0.39154148 -0.23893254 0.12547012
v -0.39291601 -0.26144287 0.11605140
v -0.38958117 -0.27943124 0.10797320
v 0.03591291 0.17792968 0.18958084
v 0.01617615 0.18111192 0.18903889
v 0.08530877 0.22163255 0.18681815
v 0.06618049 0.22735292 0.18565797
v 0.19927649 0.33618703 0.14824094
v 0.18178716 0.34587110 0.14769159
v -0.25427666 -0.44776337 0.06592222
v -0.24771629 -0.46411546 0.05646015
v 0.22115453 -0.41311446 0.09156951
v 0.22637746 -0.39531807 0.09905079
v 0.26530521 -0.26904976 0.14787247
v 0.26750061 -0.24978266 0.15276317
v -0.41549431 -0.13456800 0.14001868
v -0.41605417 -0.15371714 0.13427784
v -0.43460236 -0.38759136 0.01576731
v -0.43045473 -0.40657813 0.01104928
v -0.31818107 -0.10019676 0.18131761
v -0.32131778 -0.11970827 0.17824804
v -0.27871294 -0.09993245 0.18457895
v -0.28213690 -0.11952316 0.18247167
v 0.15578997 0.31683799 0.16264827
v 0.13735858 0.32434861 0.16069004
v 0.07628907 0.31948834 0.16313960
v 0.05673284 0.32360682 0.16239682
v -0.35222452 0.19276329 0.15471037
v -0.36395869 0.17658015 0.15409780
v -0.33570408 0.16031868 0.16846593
v -0.34705125 0.14385611 0.16803531
v -0.25666255 0.03952830 0.19597928
v -0.26565844 0.02167078 0.19635721
v -0.09713915 0.19379907 0.19092955
v -0.11561480 0.18621025 0.19193957
v 0.10930007 0.15548299 0.19276643
v 0.09135128 0.16428628 0.19221598
v -0.07534303 -0.53118518 0.03318583
v -0.07044036 -0.54898478 0.02549831
v -0.19093110 0.31035421 0.15950409
v -0.20863492 0.30105778 0.15983753
v 0.51989282 -0.13867447 0.06014600
v 0.52041558 -0.11929245 0.06504745
v 0.52852710 -0.20294712 0.03598671
v 0.52905591 -0.18339597 0.04016198
v -0.22594453 -0.23542503 0.15448224
v -0.22496445 -0.25447927 0.14848764
v 0.27168068 -0.30444819 0.13420873
v 0.27496304 -0.28633255 0.14201960
v 0.24934765 0.21043207 0.18131192
v 0.23426839 0.22348668 0.17984460
v 0.16586531 0.13971966 0.19529748
v 0.15009180 0.15199147 0.19454997
v 0.57044526 -0.15073357 0.01228725
v 0.56976004 -0.13096062 0.01520633
v -0.40664986 -0.41589358 0.01846957
v -0.40116750 -0.43402852 0.01206427
v -0.30250548 -0.49133451 0.01682598
v -0.29628183 -0.50924413 0.01046426
v -0.33365271 -0.25338487 0.14230773
v -0.33157971 -0.27226770 0.13605460
v -0.17660981 -0.22592163 0.14520182
v -0.17538204 -0.24518667 0.13997583
v -0.21243869 -0.21204466 0.15746924
v -0.21203145 -0.23140880 0.15248683
v 0.20020747 -0.53738332 0.02053446
v 0.20577956 -0.52048048 0.02965618
v -0.15084271 -0.39823416 0.09112067
v -0.14510409 -0.41609866 0.08420057
v -0.21085900 -0.39555797 0.09970675
v -0.20533597 -0.41333714 0.09240215
v 0.29585286 0.27032205 0.15403617
v 0.28087020 0.28340287 0.15194524
v 0.35272693 0.23160474 0.14325000
v 0.34060257 0.24748881 0.14406005
v -0.18164658 -0.49583805 0.04871594
v -0.17549974 -0.51275938 0.04000703
v -0.32248190 0.25095700 0.15118832
v -0.33556359 0.23590394 0.14969328
v 0.22904074 0.13121623 0.19481723
v 0.21545179 0.14588911 0.19473211
v 0.49076353 -0.07411397 0.10310790
v 0.49027608 -0.05482426 0.10836428
v 0.45976395 -0.08571033 0.12399984
v 0.45915555 -0.06648012 0.12945776
v -0.32791731 0.02279092 0.18657934
v -0.33507481 0.00423472 0.18448231
v -0.04717207 0.22663588 0.18535797
v -0.06686515 0.22330316 0.18637554
v -0.06324880 -0.58918331 0.00770533
v -0.05947243 -0.60731306 0.00015476
v 0.47269709 0.12429577 0.10648197
v 0.46626559 0.14300701 0.10939488
v -0.46775971 -0.26109031 0.06637678
v -0.46361069 -0.27882793 0.05812314
v -0.06511963 0.32764728 0.16079928
v -0.08489933 0.32471914 0.16118578
v -0.31035163 -0.36025634 0.09913124
v -0.30548140 -0.37824082 0.09186494
v -0.14641291 0.51753295 0.04914392
v -0.16590669 0.51312899 0.04989086
v -0.18033610 0.55554639 0.01453903
v -0.19973495 0.55081361 0.01565505
v -0.42771251 0.41657403 0.00903798
v -0.44213699 0.40274959 0.00815526
v 0.29739577 0.50893320 0.01006756
v 0.28073863 0.51999500 0.00969829
v -0.56055035 -0.00760028 0.04760266
v -0.56361070 -0.02685589 0.04315118
v -0.51300298 0.20622354 0.05249826
v -0.52172759 0.18842600 0.04983579
v -0.43229444 0.00356221 0.14374820
v -0.43792181 -0.01550448 0.14156784
v -0.48531173 -0.03046852 0.11237103
v -0.48953821 -0.04979439 0.10943714
v -0.37113703 0.10915457 0.16732651
v -0.38040002 0.09145511 0.16638518
v -0.31424841 0.13067678 0.18050399
v -0.32523742 0.11396993 0.18021603
v -0.35064665 0.35349391 0.09450532
v -0.36605760 0.34076412 0.09514960
v -0.29047986 0.36092128 0.11153342
v -0.30703727 0.34972883 0.11226911
v 0.50399477 0.26100410 0.03106558
v 0.49319537 0.27783290 0.03071273
v 0.51114544 0.08924100 0.07951862
v 0.50493178 0.10817415 0.08121750
v 0.52690671 0.05669134 0.06970086
v 0.52163913 0.07587560 0.07174465
v 0.28148610 0.39662085 0.09452157
v 0.26503608 0.40796326 0.09368115
v -0.00833888 0.59786866 0.00656193
v -0.02832808 0.59811253 0.00598534
v -0.40493742 0.42451498 0.01615742
v -0.42029106 0.41170012 0.01622907
v -0.33717846 0.44247765 0.03658521
v -0.35374809 0.43128367 0.03690493
v 0.07135502 0.59138884 0.00708586
v 0.05158232 0.59434341 0.00656529
v -0.55938213 0.09568383 0.02973545
v -0.56574193 0.07691609 0.02703643
v -0.58716019 0.10586244 0.00659080
v -0.59414951 0.08727802 0.00419728
v -0.23633800 0.47358898 0.06173366
v -0.25398680 0.46428784 0.06033051
v -0.21239371 0.43155300 0.09843892
v -0.23027758 0.42265940 0.09742352
v 0.47581335 -0.25117468 0.06520012
v 0.47866319 -0.23242199 0.07153850
v 0.25753680 0.27454564 0.15998859
v 0.24187989 0.28694356 0.15893359
v 0.51991507 -0.05865592 0.08167014
v 0.51966380 -0.03935482 0.08690124
v 0.50989601 -0.00103981 0.09192997
v 0.50517354 0.01833677 0.09341533
v 0.12657858 0.48750315 0.07479372
v 0.10728134 0.49261794 0.07360406
v 0.16168830 0.47502648 0.07985559
v 0.14272498 0.48103443 0.07779227
v 0.48483331 -0.21312865 0.07205472
v 0.48557698 -0.19362233 0.07640332
v -0.52416175 -0.19886254 0.04132501
v -0.52391043 -0.21834019 0.03679534
v 0.44503354 0.00674735 0.13612591
v 0.43979326 0.02594806 0.13808350
v 0.42397364 0.01570589 0.14788164
v 0.41839397 0.03478865 0.15004391
v -0.51772556 0.15683382 0.06107007
v -0.52456318 0.13838678 0.05747650
v -0.48946796 0.15409707 0.08941556
v -0.49623033 0.13570483 0.08542107
v 0.32492782 -0.26793740 0.14093321
v 0.32700380 -0.24858056 0.14551174
v 0.38250139 -0.28674456 0.10790328
v 0.38658005 -0.26892448 0.11601311
v 0.49477350 0.14686403 0.08502648
v 0.48832044 0.16559473 0.08776123
v 0.45075886 0.15071922 0.11927999
v 0.44140167 0.16839277 0.11905940
v 0.31798849 -0.01510079 0.18711576
v 0.31166611 0.00370381 0.18964057
v 0.31500389 0.00772415 0.18917522
v 0.30796552 0.02627867 0.19165540
v -0.41048219 0.08822327 0.15199183
v -0.41759256 0.06980787 0.14878624
v 0.58961783 -0.02353384 0.01573882
v 0.58723388 -0.00392789 0.01888261
v 0.59815602 -0.04496671 0.00693261
v 0.59597886 -0.02531587 0.00994332
v 0.07466925 0.46508777 0.09427558
v 0.05499065 0.46859688 0.09364413
v 0.25323921 0.46368545 0.06098366
v 0.23636250 0.47441393 0.06117398
v 0.38625498 -0.33843206 0.07611436
v 0.39089199 -0.32047668 0.08360184
v 0.27477307 -0.06037438 0.18976948
v 0.26942264 -0.04120870 0.19177191
v 0.25812558 -0.02057078 0.19401275
v 0.25104765 -0.00192312 0.19547145
v -0.41300362 -0.24572128 0.11169816
v -0.41033377 -0.26418654 0.10449635
v -0.44892548 -0.23797125 0.09208792
v -0.44625826 -0.25645672 0.08493714
v 0.09644139 0.43418548 0.11127620
v 0.07693608 0.43839348 0.10993612
v 0.11062596 0.40079866 0.12823501
v 0.09130358 0.40571449 0.12667285
v 0.42992560 0.32635873 0.05561086
v 0.41819414 0.34253745 0.05637355
v -0.34795466 0.02136964 0.18120370
v -0.35441721 0.00269948 0.17810196
v -0.33759431 -0.06031703 0.18040349
v -0.34209277 -0.07971028 0.17849931
v -0.23496181 -0.42139099 0.08587810
v -0.22897716 -0.43842752 0.07728156
v -0.26530149 0.19864338 0.18196756
v -0.27880166 0.18391324 0.18111413
v -0.29890870 0.16790991 0.17835685
v -0.31096620 0.15197257 0.17759677
v -0.25671853 -0.11190210 0.18315396
v -0.25984626 -0.13151495 0.18080583
v -0.27641356 -0.14564246 0.17854406
v -0.27813606 -0.16513686 0.17442563
v -0.50374837 -0.31254964 0.00961379
v -0.50066100 -0.33165861 0.00458633
v -0.46723600 -0.29919552 0.04203221
v -0.46263888 -0.31709346 0.03438430
v 0.17409214 -0.31817071 0.12056862
v 0.17765688 -0.29946642 0.12668435
v 0.19480097 -0.36380374 0.10982588
v 0.19910007 -0.34549537 0.11662891
v -0.43624574 0.18245432 0.11678293
v -0.44707191 0.16563981 0.11694511
v -0.43252956 -0.06791728 0.14455088
v -0.43490244 -0.08719563 0.13978908
v -0.39334053 0.35339770 0.07059103
v -0.40628733 0.33833642 0.06824619
v -0.39453383 0.31639495 0.08774311
v -0.40745994 0.30122270 0.08610648
v 0.15905746 0.02580611 0.18932753
v 0.14784349 0.04235756 0.18983361
v 0.36067528 -0.11626553 0.16897353
v 0.35877974 -0.09682433 0.17326383
v -0.30738682 -0.33711908 0.11171549
v -0.30286526 -0.35504600 0.10409047
v -0.37036598 -0.31651221 0.09748747
v -0.36614189 -0.33457541 0.09001500
v -0.01102086 0.43491158 0.11566290
v -0.03100700 0.43455063 0.11504323
v 0.23508191 -0.38129499 0.10415938
v 0.23963669 -0.36315504 0.11124148
v 0.20001688 -0.40097898 0.09668019
v 0.20508628 -0.38277736 0.10323476
v 0.32680949 0.06160460 0.18681901
v 0.31783481 0.07947296 0.18644912
v -0.29530745 0.40316808 0.08544392
v -0.31183734 0.39191890 0.08502136
v -0.25247090 0.43058412 0.08395218
v -0.27009181 0.42112570 0.08399581
v 0.00865172 0.33841133 0.15727624
v -0.01133688 0.33905599 0.15726405
v -0.11557328 0.29657234 0.17041224
v -0.13468755 0.29094889 0.17213905
v -0.11502832 0.27452970 0.17675472
v -0.13402776 0.26847000 0.17825853
v 0.17128411 0.53880131 0.02793098
v 0.15223842 0.54463645 0.02614962
v -0.31505345 0.28822641 0.14101325
v -0.32937047 0.27428475 0.14023024
v -0.34486161 0.25067155 0.14117321
v -0.35762449 0.23532764 0.13989520
v 0.46842738 -0.12790261 0.10640447
v 0.46846479 -0.10858619 0.11158468
v 0.20245766 -0.46439800 0.06511966
v 0.20822552 -0.44762956 0.07436690
v -0.02794124 0.25516428 0.18009601
v -0.04785299 0.25337735 0.18063391
v -0.29750224 -0.22323768 0.15741121
v -0.29673560 -0.24247532 0.15199959
v 0.21357516 -0.08804418 0.18250487
v 0.20856851 -0.06879690 0.18461096
v 0.23331586 -0.08005802 0.18634884
v 0.22819742 -0.06083486 0.18840591
v -0.45041122 -0.17918556 0.10644082
v -0.45037959 -0.19858734 0.10159009
v 0.38901610 0.45209106 0.00735294
v 0.37398751 0.46528153 0.00701665
v 0.18156437 0.37182164 0.13653658
v 0.16346529 0.38028479 0.13566568
v 0.18018316 0.17299418 0.19247675
v 0.16410690 0.18483631 0.19134635
v 0.13714652 0.18798426 0.19153953
v 0.11962186 0.19759533 0.19085142
v -0.36372256 -0.44019612 0.02656876
v -0.35624026 -0.45625029 0.01728229
v -0.44200733 0.28287053 0.06923774
v -0.45403323 0.26693195 0.06809777
v 0.07224086 0.38534745 0.13707251
v 0.05257775 0.38889585 0.13621767
v -0.01909810 0.39834924 0.13302153
v -0.03908510 0.39774750 0.13267818
v -0.02335455 0.36273287 0.14822674
v -0.04333430 0.36185739 0.14816930
v 0.15818298 0.26530188 0.17762706
v 0.14034327 0.27430207 0.17678948
v 0.15273506 0.20323160 0.18920185
v 0.13543296 0.21324596 0.18864528
v -0.26129751 0.33543232 0.13323839
v -0.27804811 0.32454831 0.13419531
v 0.25606376 -0.28915665 0.14155865
v 0.25886569 -0.27023121 0.14738417
v 0.24289129 -0.32787887 0.12686732
v 0.24643807 -0.30966813 0.13433386
v -0.12587036 0.33501453 0.15702418
v -0.14495487 0.32928873 0.15874362
v 0.40332439 -0.06634919 0.15929953
v 0.39937404 -0.04681660 0.16098266
v 0.43354745 -0.03265036 0.14473144
v 0.42904501 -0.01323805 0.14641969
v 0.24566378 -0.53698945 0.00994801
v 0.25137646 -0.51965153 0.01811636
v 0.07558635 -0.56591339 0.01741129
v 0.07930201 -0.54793120 0.02533559
v -0.17532425 0.14016816 0.19548314
v -0.18997492 0.12661328 0.19674142
v -0.23331215 -0.01813593 0.19383683
v -0.24014564 -0.03687215 0.19234773
v -0.41115775 -0.22618147 0.11912619
v -0.41003038 -0.24542302 0.11379215
v -0.39446147 -0.19811321 0.13436038
v -0.39425648 -0.21753865 0.12960956
v 0.02673823 0.27548749 0.17553433
v 0.00681206 0.27719159 0.17559484
v 0.28226825 -0.33874604 0.11725410
v 0.28632096 -0.32087021 0.12525348
v 0.35927354 0.15775250 0.16126248
v 0.34821357 0.17440529 0.16069526
v 0.50128922 -0.21505388 0.05744538
v 0.50212759 -0.19557611 0.06190336
v 0.26165031 -0.43071292 0.07583639
v 0.26752570 -0.41390650 0.08494595
v -0.18104608 0.20955510 0.18724852
v -0.19740162 0.19809521 0.18831008
v 0.39555578 -0.11713721 0.15427855
v 0.39468922 -0.09789234 0.15964925
v -0.39077285 -0.32269114 0.08314610
v -0.38606407 -0.34046880 0.07528848
v -0.14715124 0.53416282 0.03530292
v -0.16666947 0.52985475 0.03596547
v 0.42055795 -0.43108145 0.00378321
v 0.42590366 -0.41289686 0.01016318
v -0.44476064 -0.35286144 0.02676777
v -0.43999940 -0.37121733 0.02041546
v 0.49983629 -0.31258489 0.01164696
v 0.50361485 -0.29383962 0.01750334
v -0.28357805 0.52407688 0.00739368
v -0.30125676 0.51473295 0.00705603
v 0.47008135 0.27137247 0.05278983
v 0.45900772 0.28802582 0.05276298
v -0.20987403 0.06506369 0.19716172
v -0.22092304 0.04839552 0.19693478
v -0.16620180 0.05082580 0.19310259
v -0.17751403 0.03433667 0.19278300
v -0.35653564 -0.07203222 0.17575719
v -0.36043158 -0.09149723 0.17332922
v -0.12129241 0.15839570 0.19327886
v -0.13825264 0.14780362 0.19362284
v 0.24359757 0.06840654 0.19623346
v 0.23292726 0.08531710 0.19660449
v 0.22176072 0.05881408 0.19710915
v 0.21087710 0.07559117 0.19729930
v -0.12266848 -0.47231327 0.06062365
v -0.11664555 -0.48942776 0.05221065
v -0.15865859 -0.44116006 0.07686624
v -0.15260783 -0.45859475 0.06916041
v 0.14397579 0.13251215 0.19491357
v 0.12784949 0.14426795 0.19360830
v 0.11885149 0.10494112 0.19225815
v 0.10276135 0.11681530 0.19199132
v 0.35143784 0.25667046 0.13644739
v 0.33892940 0.27225466 0.13724209
v -0.18960737 -0.38940449 0.10055249
v -0.18411971 -0.40729813 0.09350529
v -0.22445047 -0.35960327 0.11424332
v -0.21960949 -0.37757718 0.10693147
v -0.45163644 -0.05669586 0.13502663
v -0.45404817 -0.07590444 0.13000926
v -0.46377295 -0.09379237 0.11872423
v -0.46476694 -0.11295824 0.11309917
v -0.15917366 -0.01885967 0.18344054
v -0.16720278 -0.03708260 0.18159169
v 0.17593492 -0.01377475 0.18689736
v 0.16727974 0.00424421 0.18750165
v -0.44627808 -0.33464140 0.03672458
v -0.44132077 -0.35263459 0.02953917
v 0.37858670 -0.30732231 0.09885086
v 0.38267792 -0.28926751 0.10641697
v 0.41994579 -0.28221956 0.08856248
v 0.42424856 -0.26441339 0.09658660
v -0.26886746 0.09699547 0.19290845
v -0.27967943 0.08017140 0.19279991
v -0.36910246 0.18399042 0.14971881
v -0.38047675 0.16754330 0.14944024
v 0.33292345 -0.38104856 0.07964177
v 0.33793702 -0.36327329 0.08731405
v -0.21257590 0.24092838 0.17721378
v -0.22888633 0.22948298 0.17892628
v -0.36005781 0.47496344 0.00725927
v -0.37628770 0.46328989 0.00673131
v -0.12116432 0.45530223 0.09656973
v -0.14072317 0.45123805 0.09751534
v -0.57058981 0.02519585 0.03184938
v -0.57650495 0.00623852 0.02948495
v -0.53116242 -0.01018570 0.07495795
v -0.53532628 -0.02946976 0.07167965
v -0.48163620 0.27339813 0.04239442
v -0.49337569 0.25722528 0.04163064
v 0.41115273 0.36590752 0.04917323
v 0.39816923 0.38111832 0.04931494
v -0.25028934 0.50672233 0.03125371
v -0.26786843 0.49730574 0.02974923
v 0.04346673 0.56245249 0.02822454
v 0.02367493 0.56527947 0.02872746
v -0.33646310 0.39008376 0.07629829
v -0.35266481 0.37838724 0.07710821
v -0.38166201 0.38835236 0.05506163
v -0.39626165 0.37473593 0.05387697
v 0.22813122 0.50587108 0.04164295
v 0.21016874 0.51458925 0.04050157
v 0.52353454 0.13038551 0.06000703
v 0.51765720 0.14931267 0.06268653
v 0.55119565 0.11804278 0.03363424
v 0.54545304 0.13705744 0.03596343
v 0.48777470 0.07210099 0.10072467
v 0.48200201 0.09111222 0.10300704
v 0.44185884 0.11567227 0.12986905
v 0.43481096 0.13420283 0.13249695
v -0.06904988 0.56026463 0.02636197
v -0.08887183 0.55784590 0.02526643
v -0.01897650 0.56640156 0.02850902
v -0.03886161 0.56539310 0.02663144
v 0.56260090 -0.04111462 0.04090913
v 0.56140466 -0.02156796 0.04496588
v 0.54113010 -0.08065203 0.05487156
v 0.54103788 -0.06124291 0.05969207
v -0.41044627 -0.30745375 0.07944194
v -0.40605445 -0.32539018 0.07176362
v -0.44763288 0.04151863 0.13248575
v -0.45376417 0.02265855 0.12990418
v -0.48170717 0.01937020 0.11122000
v -0.48735150 0.00033022 0.10885762
v -0.39033989 0.12355706 0.15722958
v -0.39966084 0.10588943 0.15626268
v 0.55979941 -0.21885467 0.00526995
v 0.56086662 -0.19946356 0.01004551
v -0.14381214 0.36756737 0.14292218
v -0.16277664 0.36138486 0.14436597
v 0.32336315 -0.34307018 0.10350406
v 0.32795572 -0.32549254 0.11186437
v 0.34679664 -0.29751531 0.11935507
v 0.35072804 -0.27969955 0.12754671
v 0.12750760 0.29018710 0.17280214
v 0.10866265 0.29655546 0.17073524
v -0.18366718 0.03712003 0.19406110
v -0.19382856 0.01989495 0.19400883
v 0.29697724 0.47879177 0.02934827
v 0.28049658 0.49011390 0.02895177
v -0.34451743 0.31127483 0.12004799
v -0.35812286 0.29675275 0.11805765
v -0.53084703 0.16877337 0.04499484
v -0.53774353 0.15036094 0.04133690
v -0.53249115 0.12000429 0.05262678
v -0.53897550 0.10135578 0.04944143
v -0.50704083 -0.20062703 0.05607004
v -0.50684470 -0.22011800 0.05159527
v -0.55534074 -0.18234203 0.01740824
v -0.55575469 -0.20197065 0.01359957
v -0.29829924 -0.03782756 0.18937309
v -0.30368770 -0.05690000 0.18669601
v -0.28847506 0.01024215 0.19381867
v -0.29577043 -0.00827471 0.19185316
v 0.11168227 0.50036124 0.06713684
v 0.09223282 0.50486919 0.06597169
v 0.15679961 0.50626806 0.05681270
v 0.13767028 0.51175261 0.05482562
v -0.59416441 -0.04504073 0.00909766
v -0.59690750 -0.06453550 0.00557780
v -0.31468794 0.38746107 0.08671603
v -0.33134078 0.37644863 0.08788620
v -0.27474169 0.39650585 0.09692853
v -0.29174171 0.38597258 0.09702819
v -0.01033161 0.47032849 0.09605129
v -0.03028805 0.46972299 0.09489639
v 0.47913738 0.20697351 0.07933227
v 0.46868986 0.22400936 0.07856468
v 0.51180544 0.17310442 0.06363540
v 0.50413516 0.19151177 0.06515079
v 0.45634046 -0.06372567 0.13160139
v 0.45293289 -0.04411947 0.13358771
v 0.09379071 0.41346694 0.12270599
v 0.07428933 0.41773007 0.12148866
v -0.30778811 -0.28744762 0.13645291
v -0.30451459 -0.30550068 0.12849481
v 0.42328117 -0.33699633 0.05231314
v 0.42813003 -0.31899809 0.05955964
v 0.41207939 -0.37928222 0.03460969
v 0.41748939 -0.36138768 0.04171444
v -0.44099777 0.31645901 0.05200081
v -0.45329667 0.30075774 0.05052875
v -0.44662844 0.34623801 0.03143105
v -0.45917005 0.33076152 0.02965727
v -0.46895634 -0.06982480 0.12151878
v -0.47012491 -0.08883106 0.11540679
v -0.53489154 -0.05446505 0.06862534
v -0.53523483 -0.07344669 0.06233728
v 0.55266482 0.04736760 0.04542638
v 0.54748223 0.06660220 0.04719583
v 0.48909273 -0.00148070 0.10756155
v 0.48426126 0.01786551 0.10909152
v 0.47959992 0.05440780 0.10899843
v 0.47401656 0.07347404 0.11129289
v 0.29479280 0.29191569 0.14478839
v 0.27951532 0.30468406 0.14291032
v -0.37453377 -0.23076388 0.13489071
v -0.37366867 -0.25022455 0.13036370
v -0.00738323 0.32347350 0.16242888
v -0.02738032 0.32322513 0.16230805
v -0.14897530 0.43245574 0.10858556
v -0.16822392 0.42728352 0.11022832
v -0.35670013 -0.02025142 0.17691140
v -0.36228678 -0.03936248 0.17503615
v -0.38523976 0.33705654 0.08520769
v -0.39796450 0.32183545 0.08268592
v -0.38112323 0.30249594 0.10257059
v -0.39401914 0.28730217 0.10089581
v 0.51319961 -0.19730347 0.05132179
v 0.51374415 -0.17777548 0.05560208
v -0.23071495 0.44219811 0.08565217
v -0.24822586 0.43264027 0.08424658
v -0.21755641 -0.10216454 0.18080766
v -0.22123431 -0.12168637 0.17849870
v 0.52180867 0.26797200 0.01578692
v 0.51100931 0.28479912 0.01536037
v 0.56082262 -0.10436137 0.02752750
v 0.56087993 -0.08485195 0.03192514
v -0.00522180 0.22425983 0.18542058
v -0.02521879 0.22399780 0.18552957
v 0.00046107 0.20303677 0.18745394
v -0.01952916 0.20317313 0.18802991
v 0.42876265 0.07858220 0.14156305
v 0.42224447 0.09728790 0.14431443
v 0.41843793 0.03979833 0.14976458
v 0.41251396 0.05871983 0.15238051
v 0.15709072 0.34166979 0.15278878
v 0.13856009 0.34894060 0.15086239
v -0.38053335 -0.18514749 0.14399523
v -0.38052556 -0.20449733 0.13894115
v 0.43577409 0.28121372 0.07487012
v 0.42436482 0.29763575 0.07519526
v 0.45762362 0.24364514 0.07717928
v 0.44668261 0.26038454 0.07696323
v 0.37348052 0.11107212 0.16670297
v 0.36389514 0.12862350 0.16653019
v -0.53704360 -0.07537973 0.05994899
v -0.53772407 -0.09461123 0.05450414
v -0.51716965 -0.12849453 0.06554420
v -0.51729236 -0.14781048 0.06036356
v 0.21064159 -0.19866445 0.16034143
v 0.21045754 -0.17910593 0.16451162
v 0.18770063 -0.23717253 0.14511103
v 0.18873825 -0.21786682 0.15022695
v 0.22069052 -0.21978131 0.15740721
v 0.22090396 -0.20045154 0.16253309
v -0.43963256 0.16164630 0.12244423
v -0.44915638 0.14409679 0.12131651
v -0.47553276 0.11662203 0.10513702
v -0.48241854 0.09812352 0.10191969
v 0.23072119 0.43638220 0.08886585
v 0.21354993 0.44662924 0.08919162
v -0.17774919 0.18671379 0.19140093
v -0.19356357 0.17449121 0.19208927
v -0.23967787 0.16840108 0.19117532
v -0.25315287 0.15363845 0.19050497
v -0.02795374 0.41730198 0.12381403
v -0.04792323 0.41629687 0.12340294
v -0.46127988 -0.35872503 0.01359379
v -0.45723659 -0.37765688 0.00857416
v -0.47911083 -0.18901967 0.08256114
v -0.47892398 -0.20844991 0.07782928
v -0.18851282 -0.16707230 0.16134424
v -0.18950562 -0.18669589 0.15761740
v 0.25668600 -0.49216839 0.03394844
v 0.26304956 -0.47573300 0.04340059
v 0.39053765 -0.14063269 0.15067622
v 0.39000196 -0.12133528 0.15589953
v 0.37281990 -0.17567645 0.14961130
v 0.37271521 -0.15627364 0.15445692
v -0.13173369 0.31020836 0.16587342
v -0.15062336 0.30383617 0.16746573
v -0.32056307 0.19514860 0.16641601
v -0.33269996 0.17928919 0.16535060
v -0.41001449 -0.36917111 0.04259858
v -0.40488121 -0.38720933 0.03565365
v -0.40142875 -0.43717638 0.01034587
v -0.39545271 -0.45500506 0.00353520
v 0.02974679 0.59580991 0.00764281
v 0.00981028 0.59729539 0.00710507
v 0.17868098 0.55734320 0.01412250
v 0.15967676 0.56334539 0.01245718
v -0.12567325 0.58183446 0.00682123
v -0.14532620 0.57816690 0.00630078
v 0.58554791 -0.06447130 0.01342358
v 0.58496191 -0.04497024 0.01781966
v -0.56567484 -0.14337211 0.01639501
v -0.56678433 -0.16305666 0.01304126
v 0.55891716 0.21519051 0.00860981
v 0.55048780 0.23329738 0.00963299
v -0.50672042 0.09482070 0.08187052
v -0.51343849 0.07616975 0.07923051
v -0.30882995 -0.17477270 0.16818866
v -0.30950725 -0.19411389 0.16314689
v 0.21933006 0.03422286 0.19631020
v 0.20939238 0.05156243 0.19704625
v 0.05683951 0.14065728 0.19084699
v 0.03775072 0.14661961 0.19067805
v 0.02183847 0.16443620 0.19005026
v 0.00195212 0.16653990 0.18979074
v 0.54161454 -0.23604554 0.01609552
v 0.54230463 -0.21649013 0.02022706
v 0.16012449 0.07497830 0.19427576
v 0.14671498 0.08980905 0.19383575
v -0.40988090 0.23573802 0.11160464
v -0.42165755 0.21958720 0.11095524
v -0.44229726 0.24820683 0.08652055
v -0.45364837 0.23178198 0.08536441
v 0.38920146 0.23087782 0.12549633
v 0.37778259 0.24728884 0.12599402
v 0.35220977 0.36571864 0.08641966
v 0.33682837 0.37822716 0.08379108
v 0.31656386 0.34020687 0.11441703
v 0.30115309 0.35280815 0.11249975
v 0.24515955 0.37403419 0.11884105
v 0.22837627 0.38490895 0.11869638
v -0.15194014 -0.52689313 0.03400927
v -0.14585576 -0.54310116 0.02399727
v 0.44632173 -0.10142386 0.12934404
v 0.44580028 -0.08218097 0.13476615
v -0.10640576 0.11498300 0.19205116
v -0.12242895 0.10302075 0.19240008
v -0.14981930 0.10901962 0.19458137
v -0.16403213 0.09505674 0.19631153
v -0.08437218 0.21070802 0.18841244
v -0.10337114 0.20461629 0.18978738
v -0.28099637 -0.20687102 0.16290405
v -0.28087367 -0.22631980 0.15824682
v -0.31650338 0.15228700 0.17591405
v -0.32801943 0.13593946 0.17560015
v -0.29329193 0.12457400 0.18604118
v -0.30456107 0.10805282 0.18617225
v 0.29057149 -0.37480963 0.09754927
v 0.29534273 -0.35711689 0.10555940
v 0.30230063 -0.40906587 0.07759154
v 0.30758858 -0.39125064 0.08498175
v 0.35098774 -0.42105184 0.04759381
v 0.35692831 -0.40370466 0.05557785
v 0.31573688 -0.45617008 0.03688406
v 0.32272267 -0.44028149 0.04681942
v 0.18685985 -0.49815760 0.04700450
v 0.19253667 -0.48139482 0.05631809
v -0.09696739 0.23141543 0.18560413
v -0.11592177 0.22518357 0.18696632
v -0.13728759 0.21856642 0.18758519
v -0.15516839 0.20968009 0.18871223
v -0.26561090 -0.34942575 0.11546785
v -0.26096086 -0.36733234 0.10787239
v -0.33530745 0.06955180 0.18374817
v -0.34382521 0.05151924 0.18225346
v -0.34601604 0.21377312 0.15142776
v -0.35816254 0.19790672 0.15060324
v -0.39068887 -0.34326362 0.07079025
v -0.38591107 -0.36127148 0.06352048
v 0.37377703 0.19507293 0.14446945
v 0.36252513 0.21160424 0.14473493
v 0.41817999 0.14959057 0.13803626
v 0.40822230 0.16692363 0.13742855
v -0.41137552 -0.28751528 0.09108987
v -0.40713436 -0.30527355 0.08292798
v -0.17232016 0.51080245 0.05086155
v -0.19168326 0.50593350 0.05201200
v 0.46495915 0.17947136 0.10107396
v 0.45491983 0.19674909 0.10026643
v 0.02104035 0.29680156 0.17044117
v 0.00108198 0.29803962 0.17014001
v -0.51929209 -0.15141753 0.05752008
v -0.51937002 -0.17080234 0.05260246
v 0.34467912 -0.10257771 0.17609520
v 0.34159535 -0.08293577 0.17825034
v 0.42037135 0.42339213 0.00917430
v 0.40628471 0.43758244 0.00877172
v 0.40892197 0.38734611 0.03777748
v 0.39542624 0.40210476 0.03769173
v -0.41470395 0.01486360 0.15280971
v -0.42078926 -0.00407735 0.15076780
v -0.37977295 0.03645782 0.16855688
v -0.38642477 0.01776218 0.16606964
v -0.42491780 0.35900044 0.04208095
v -0.43766464 0.34372930 0.04001446
v -0.17739082 0.49504007 0.06311700
v -0.19666409 0.48988369 0.06449995
v -0.13395815 0.48833027 0.07363197
v -0.15346560 0.48395856 0.07418641
v -0.34184504 0.40750490 0.06082187
v -0.35819816 0.39601920 0.06160567
v -0.25717523 0.47119809 0.05377837
v -0.27457392 0.46139576 0.05270140
v -0.33544941 0.47855353 0.01381807
v -0.35220111 0.46762932 0.01377473
v 0.00965475 0.58726035 0.01403882
v -0.01031805 0.58791993 0.01325633
v 0.06145482 0.55087176 0.03451815
v 0.04172764 0.55415429 0.03467123
v 0.18032866 0.50780283 0.05212646
v 0.16142552 0.51392930 0.04986868
v 0.14692283 0.53610087 0.03387530
v 0.12767529 0.54133287 0.03241981
v -0.54747828 -0.03954093 0.05883877
v -0.54839333 -0.05862690 0.05293554
v 0.56465017 0.00000267 0.04218706
v 0.55988754 0.01939157 0.04334805
v -0.47004027 0.29260810 0.04141378
v -0.48201611 0.27662621 0.04035618
v -0.53360634 0.26799825 0.00804119
v -0.54426947 0.25117317 0.00625951
v -0.02464463 0.48677787 0.08502847
v -0.04458782 0.48574282 0.08395229
v -0.02922284 0.55103477 0.03866397
v -0.04911031 0.54970555 0.03702638
v -0.17702274 0.40881355 0.11924771
v -0.19561669 0.40145269 0.11945510
v -0.23604194 0.40186108 0.10696618
v -0.25352543 0.39216190 0.10650389
v 0.46346007 0.31439317 0.03500180
v 0.45203873 0.33080565 0.03538040
v -0.54450849 0.15472728 0.03337557
v -0.55135791 0.13624605 0.02998597
v -0.54694043 0.20550582 0.02219497
v -0.55434702 0.18731519 0.01842624
v -0.20622996 0.55967216 0.00834020
v -0.22509143 0.55304185 0.00784627
v -0.18724525 0.52370497 0.03799062
v -0.20655318 0.51865907 0.03929540
v 0.52608335 0.07980685 0.06649953
v 0.52066533 0.09893085 0.06870811
v 0.50797047 0.12706801 0.07593715
v 0.50191629 0.14593682 0.07863439
v 0.52056450 -0.27476495 0.01464900
v 0.52450321 -0.25655990 0.02193068
v -0.49958302 0.19151143 0.06954266
v -0.50840229 0.17371290 0.06722044
v 0.51326212 -0.03884421 0.09201878
v 0.50973772 -0.01923972 0.09380840
v 0.50790359 -0.07691371 0.08754197
v 0.50771990 -0.05761726 0.09279297
v -0.09346557 0.55786851 0.02455220
v -0.11322653 0.55487470 0.02384381
v 0.48145308 0.18593291 0.08757114
v 0.47142120 0.20321414 0.08674626
v 0.46045324 0.22207557 0.08558443
v 0.44985574 0.23903312 0.08527665
v -0.25477405 0.31494895 0.14443300
v -0.27131467 0.30374226 0.14531505
v -0.30285190 0.32450188 0.12687210
v -0.31897980 0.31282511 0.12874400
v -0.41003355 -0.10052293 0.15151244
v -0.41147744 -0.11966171 0.14589260
v -0.39456582 -0.06902692 0.16236799
v -0.39828239 -0.08849971 0.15973024
v 0.32017871 0.39943559 0.07678526
v 0.30416651 0.41132916 0.07533189
v 0.30974441 0.36287225 0.10386892
v 0.29400669 0.37512325 0.10238662
v 0.13184012 0.37240871 0.14128731
v 0.11274938 0.37801526 0.13926979
v 0.13048353 0.40521676 0.12511672
v 0.11134948 0.41073101 0.12326157
v -0.46172205 0.07932733 0.11974624
v -0.46811857 0.06063519 0.11664005
v -0.43001101 0.05273194 0.14239524
v -0.43639225 0.03398292 0.13961790
v -0.44889238 -0.29559354 0.05879876
v -0.44448929 -0.31352331 0.05111137
v 0.17648054 -0.53284411 0.02761703
v 0.18194436 -0.51610731 0.03710314
v 0.35286415 0.44207711 0.02905576
v 0.33709621 0.45431400 0.02779460
v 0.09011870 -0.54979643 0.02395952
v 0.09455305 -0.53250999 0.03298591
v 0.28959868 -0.16401298 0.17327798
v 0.28843604 -0.14449109 0.17746177
v 0.25762828 -0.13254144 0.18047856
v 0.25498878 -0.11286536 0.18289625
v -0.29266338 -0.24695136 0.15139024
v -0.29129505 -0.26648347 0.14731785
v -0.33677322 -0.22905842 0.14839147
v -0.33581232 -0.24839955 0.14339571
v 0.29536599 0.22211363 0.16854583
v 0.28177718 0.23678339 0.16886616
v -0.27388904 -0.41299457 0.08278483
v -0.26787009 -0.43008535 0.07432093
v -0.25356886 -0.40697373 0.09048439
v -0.24774575 -0.42417725 0.08211241
v 0.33487993 -0.17709135 0.16200711
v 0.33463339 -0.15772419 0.16698830
v 0.48778468 0.03586901 0.10476645
v 0.48243032 0.05503588 0.10674677
v 0.46044453 0.08246460 0.12025623
v 0.45441905 0.10135065 0.12289644
v -0.01311376 -0.60330952 0.00503069
v -0.01207985 -0.62193162 -0.00218793
v 0.09879324 0.52794360 0.04705267
v 0.07925335 0.53215644 0.04641642
v -0.29299952 -0.39786345 0.08558337
v -0.28731330 -0.41535264 0.07772491
v -0.29214717 -0.43991979 0.05990283
v -0.28517694 -0.45588233 0.05007566
v 0.45030669 -0.30512984 0.05191918
v 0.45514912 -0.28731370 0.05960658
v 0.39304817 -0.31658002 0.08461404
v 0.39782379 -0.29897233 0.09280689
v 0.55142910 0.07157763 0.04235858
v 0.54595746 0.09072759 0.04417521
v 0.09086316 0.49404692 0.07437345
v 0.07125541 0.49777374 0.07310576
v 0.11508588 0.47119566 0.08722291
v 0.09571269 0.47598298 0.08591114
v 0.04072419 0.40420040 0.12969940
v 0.02086874 0.40656222 0.12932146
v 0.54209073 0.23084966 0.01757761
v 0.53169882 0.24791436 0.01670342
v 0.55599327 0.19078435 0.01590944
v 0.54942434 0.20949059 0.01853349
v 0.15691765 0.42492949 0.11229208
v 0.13805485 0.43114029 0.10992976
v 0.11842505 0.43892225 0.10683454
v 0.09913720 0.44395311 0.10521306
v -0.47149824 -0.20873277 0.08367867
v -0.47108679 -0.22818715 0.07906155
v -0.32643563 -0.45139420 0.03608971
v -0.31888288 -0.46724129 0.02650922
v 0.43295416 -0.36795111 0.02629392
v 0.43823835 -0.34991277 0.03312442
v 0.40806970 -0.39959804 0.02616885
v 0.41321694 -0.38135818 0.03255425
v -0.58134235 0.06510888 0.01751812
v -0.58717115 0.04622841 0.01443383
v -0.52912830 -0.21876420 0.03184844
v -0.52788378 -0.23796494 0.02639476
v -0.47987084 0.04398835 0.10992888
v -0.48588619 0.02508154 0.10741726
v -0.35677546 -0.21865504 0.14450821
v -0.35639881 -0.23823095 0.14043369
v -0.46864004 -0.17310070 0.09473680
v -0.46870014 -0.19251989 0.08995647
v -0.49824431 -0.18281280 0.06806891
v -0.49813753 -0.20225497 0.06338377
v -0.44366984 0.11447214 0.12941181
v -0.45060934 0.09606704 0.12579856
v -0.45939123 0.12743900 0.11665655
v -0.46645948 0.10905625 0.11318171
v -0.07011415 0.36456226 0.14638345
v -0.08989735 0.36168165 0.14691949
v 0.16854596 -0.35919134 0.10676989
v 0.17282542 -0.34095915 0.11378654
v 0.17472605 0.19537597 0.18967421
v 0.15811298 0.20645747 0.18859435
v -0.33726569 -0.03264931 0.18223513
v -0.34250478 -0.05181169 0.17992961
v -0.42371025 0.14968818 0.13471267
v -0.43317266 0.13210286 0.13362668
v 0.11867421 0.25311630 0.18200686
v 0.09997598 0.25994161 0.18007002
v 0.06871852 0.20671286 0.18824703
v 0.04938041 0.21168196 0.18710445
v -0.05612429 0.46902280 0.09331661
v -0.07601733 0.46699287 0.09299080
v -0.06068725 0.43768787 0.11159244
v -0.08056507 0.43549334 0.11146457
v 0.42975403 0.18351144 0.12008462
v 0.41933547 0.20057514 0.11959108
v 0.01050831 0.49785028 0.07869750
v -0.00946619 0.49878776 0.07838024
v 0.05130043 0.49534636 0.07702796
v 0.03149653 0.49811551 0.07671555
v 0.53934738 -0.16403614 0.03508998
v 0.53986132 -0.14453928 0.03951356
v 0.48260737 -0.30467595 0.02601634
v 0.48725730 -0.28661085 0.03322679
v -0.09271217 0.26800821 0.17822517
v -0.11199338 0.26287870 0.17959743
v 0.20245927 0.56096011 0.00734471
v 0.18390403 0.56839044 0.00667139
v -0.59626514 -0.00533881 0.01197969
v -0.59978539 -0.02455506 0.00770141
v 0.58505224 -0.13134481 0.00519493
v 0.58432274 -0.11160487 0.00831946
v 0.59959886 -0.00390250 0.00748818
v 0.59649971 0.01565989 0.01025732
v -0.50520569 -0.28919455 0.01928822
v -0.50169305 -0.30776820 0.01275823
v -0.43438479 0.39314059 0.01795955
v -0.44754894 0.37824224 0.01579054
v 0.32025975 0.50432804 0.00559063
v 0.30381663 0.51569590 0.00499419
v -0.24513400 0.54380608 0.00822998
v -0.26345918 0.53580876 0.00779361
v -0.35624692 0.22966921 0.14218179
v -0.36854511 0.21392331 0.14129810
v 0.52322664 -0.15972940 0.05148206
v 0.52369791 -0.14026166 0.05603673
v -0.14740477 0.08757179 0.19389924
v -0.16082716 0.07275373 0.19437300
v 0.33389554 -0.45968302 0.02522334
v 0.34120020 -0.44383085 0.03498605
v 0.27839254 -0.46090957 0.04912622
v 0.28489553 -0.44469754 0.05886487
v 0.38168356 0.30336253 0.10190781
v 0.36948537 0.31917687 0.10294255
v -0.25443393 0.13165718 0.19232342
v -0.26657033 0.11576696 0.19191223
v -0.00386547 0.16745231 0.18973533
v -0.02384135 0.16650781 0.18991366
v -0.18378670 0.36988519 0.13761524
v -0.20186511 0.36135793 0.13696942
v -0.17038486 0.31983330 0.15972144
v -0.18844190 0.31123733 0.15960975
v 0.26351913 0.47660936 0.04679070
v 0.24671167 0.48744755 0.04684311
v 0.41454562 -0.11364809 0.14545723
v 0.41383097 -0.09438193 0.15077365
v 0.19696360 -0.32409352 0.12431196
v 0.20059490 -0.30538905 0.13038786
v 0.48173541 0.29791195 0.02915081
v 0.47053329 0.31447882 0.02925745
v -0.42140357 0.21658980 0.11226898
v -0.43275994 0.20013053 0.11197663
v -0.19548421 0.25519415 0.17602367
v -0.21232447 0.24441032 0.17629625
v 0.10353741 -0.48900596 0.05218119
v 0.10886660 -0.47110765 0.05933732
v 0.22005537 -0.27549427 0.14311515
v 0.22267296 -0.25609279 0.14720060
v 0.38688993 0.25474233 0.11776438
v 0.37514597 0.27091787 0.11838979
v -0.37082227 -0.29575222 0.10886174
v -0.36681877 -0.31361062 0.10079890
v 0.44808771 -0.20567714 0.10106277
v 0.44886033 -0.18622795 0.10565541
v 0.46252753 -0.18836302 0.09571477
v 0.46289449 -0.16884674 0.10006683
v 0.10023750 0.11909751 0.19194822
v 0.08271094 0.12870885 0.19131423
v 0.35262520 0.11879368 0.17160534
v 0.34253421 0.13605833 0.17135220
v 0.36817472 0.26811431 0.12359070
v 0.35604733 0.28398619 0.12457548
v 0.33274740 0.26906555 0.14081906
v 0.31917232 0.28375021 0.14062350
v -0.25650988 -0.13342968 0.18047290
v -0.25866243 -0.15305618 0.17729057
v -0.20977417 -0.12432816 0.17509923
v -0.21252728 -0.14390282 0.17206395
v 0.44953602 -0.01682216 0.13483353
v 0.44479569 0.00253503 0.13650343
v 0.42241610 -0.07413832 0.15024318
v 0.41921454 -0.05454532 0.15265660
v 0.49714476 -0.25161378 0.04709692
v 0.49990489 -0.23281266 0.05333065
v -0.25368739 0.23516493 0.17387916
v -0.26877921 0.22211125 0.17522027
v -0.28383991 0.26332858 0.15878118
v -0.29883505 0.25013692 0.15982310
v 0.34824142 0.01891313 0.18030106
v 0.34186064 0.03756508 0.18367011
v 0.29075682 -0.29577377 0.13589593
v 0.29390093 -0.27747158 0.14331916
v 0.16173101 -0.44668073 0.07475323
v 0.16723280 -0.42897073 0.08223962
v 0.36791017 -0.07032061 0.17263384
v 0.36368141 -0.05083346 0.17415990
v 0.36400410 -0.28024546 0.12086965
v 0.36785385 -0.26236784 0.12896471
v 0.24180752 -0.21780789 0.16117273
v 0.24205609 -0.19827334 0.16545052
v -0.15509614 -0.49528924 0.05098084
v -0.14902208 -0.51197603 0.04178209
v -0.55690916 -0.09981654 0.03243711
v -0.55743309 -0.11922732 0.02765094
v -0.58086108 -0.12584123 0.00893278
v -0.58194997 -0.14545965 0.00520556
v -0.16101096 0.39662936 0.12785750
v -0.17983879 0.38991822 0.12851581
v -0.13932512 0.40009035 0.12723165
v -0.15851699 0.39474893 0.12899268
v 0.23914101 0.31061800 0.14982222
v 0.22271438 0.32199600 0.14900556
v 0.17559831 0.30320389 0.16425480
v 0.15790910 0.31252963 0.16396748
v 0.34447496 -0.04292972 0.18027764
v 0.33928133 -0.02364664 0.18134957
v 0.27807600 -0.01190958 0.19371977
v 0.27097804 0.00674092 0.19503817
v 0.24125805 0.17132206 0.18998536
v 0.22691120 0.18521907 0.18898490
v 0.45842402 0.02216627 0.12717980
v 0.45282927 0.04129053 0.12888903
v -0.35233076 -0.39511711 0.06372833
v -0.34672608 -0.41285629 0.05638878
v -0.22603929 0.50792530 0.04094447
v -0.24396646 0.49918275 0.03948010
v -0.22489218 0.46042867 0.07596920
v -0.24265473 0.45134227 0.07459473
v -0.37795543 0.37215218 0.06778601
v -0.39283929 0.35879991 0.06740173
v 0.35326678 0.40875716 0.05429864
v 0.33766522 0.42115159 0.05258703
v 0.29796146 0.44505437 0.05380934
v 0.28151329 0.45640536 0.05305261
v -0.47286321 0.25655486 0.05849320
v -0.48450457 0.24030602 0.05784983
v -0.45213872 0.22772863 0.08824054
v -0.46385845 0.21152392 0.08836442
v -0.05840152 0.34778108 0.15335135
v -0.07825104 0.34540580 0.15391247
v -0.10352106 0.34097269 0.15517023
v -0.12295544 0.33645740 0.15654037
v -0.52982666 0.19458572 0.04060014
v -0.53708587 0.17633533 0.03683354
v -0.50449006 0.22877590 0.04795640
v -0.51578680 0.21227470 0.04772370
v 0.44121957 -0.16184665 0.11714060
v 0.44136246 -0.14244474 0.12198885
v 0.40650677 -0.15017527 0.14039684
v 0.40626475 -0.13084585 0.14552276
v 0.21835374 0.49007547 0.05686276
v 0.20038491 0.49880663 0.05594199
v 0.18530153 0.47634677 0.07636271
v 0.16655124 0.48277615 0.07370757
v -0.48642702 0.34392220 0.00751188
v -0.49899770 0.32840375 0.00645548
v -0.57744637 0.14581609 0.00797229
v -0.58502878 0.12743002 0.00586998
v 0.39791729 0.43057118 0.01720854
v 0.38255688 0.44320454 0.01510706
v -0.42049098 0.25355831 0.09801253
v -0.43248499 0.23756852 0.09735651
v -0.38799004 0.28153550 0.10669465
v -0.40052668 0.26601249 0.10534232
v -0.55879846 0.01320237 0.04552618
v -0.56456357 -0.00582015 0.04332004
v -0.59679017 0.03085541 0.00799891
v -0.60190140 0.01185712 0.00440722
v 0.30305347 0.32620684 0.12634393
v 0.28756148 0.33871453 0.12446884
v 0.34603564 0.30623367 0.12112061
v 0.33186695 0.32028102 0.11974936
v -0.35064372 -0.28742996 0.12215811
v -0.34713397 -0.30551908 0.11438473
v -0.50298565 -0.06515735 0.09498491
v -0.50393717 -0.08424509 0.08909316
v -0.51670362 -0.02491924 0.08778050
v -0.52048864 -0.04425703 0.08436239
v -0.20950782 -0.01512189 0.19125707
v -0.21664236 -0.03380499 0.19124074
v -0.54842182 0.08410665 0.04293003
v -0.55471488 0.06531626 0.04023212
v -0.53935180 0.04822414 0.05852891
v -0.54533321 0.02930538 0.05602633
v 0.41615628 -0.30398804 0.07777816
v 0.42071066 -0.28616327 0.08562005
v 0.46255593 -0.28609706 0.05442178
v 0.46713898 -0.26822965 0.06214908
v -0.10201973 0.43995249 0.10715848
v -0.12168389 0.43643342 0.10810567
v -0.22579053 0.35236691 0.13509694
v -0.24323041 0.34257870 0.13513819
v -0.20156326 0.38132531 0.12800966
v -0.21936873 0.37225862 0.12716088
v -0.12823418 0.50725484 0.05971765
v -0.14785096 0.50341870 0.06037023
v 0.49189131 0.23415105 0.05520766
v 0.48125877 0.25108112 0.05467657
v 0.52536188 0.22406856 0.03369835
v 0.51499667 0.24115177 0.03286982
v 0.17970770 -0.40987312 0.09132641
v 0.18490661 -0.39195771 0.09853539
v -0.51255357 0.02276058 0.08664266
v -0.51840489 0.00375012 0.08456310
v -0.01269304 0.53579667 0.05226802
v -0.03257802 0.53479493 0.05038543
v 0.01961707 0.55727138 0.03493788
v -0.00032671 0.55871802 0.03460176
v 0.16493024 0.38827725 0.13196339
v 0.14628385 0.39505576 0.12944869
v 0.06552796 0.28406224 0.17391406
v 0.04590336 0.28778607 0.17293001
v 0.34719735 -0.33493464 0.09872821
v 0.35158495 -0.31701888 0.10645704
v 0.52513244 0.15464584 0.05380722
v 0.51903186 0.17349471 0.05653904
v 0.52658897 0.20171147 0.04156075
v 0.51754350 0.21954643 0.04179225
v 0.54679207 -0.04022010 0.05873563
v 0.54572789 -0.02070347 0.06296986
v 0.16480147 0.44295464 0.10070541
v 0.14598031 0.44927253 0.09829540
v -0.37995714 0.01270711 0.16865451
v -0.38607162 -0.00616528 0.16612354
v -0.39579708 -0.02184123 0.16220082
v -0.40106322 -0.04103341 0.16022898
v 0.47631585 0.08974659 0.10763895
v 0.47036143 0.10866820 0.11018407
v 0.50232822 0.07170191 0.08916729
v 0.49672251 0.09076863 0.09140253
v -0.37290490 0.08458326 0.16988674
v -0.38083173 0.06638116 0.16747653
v -0.33202729 0.11316607 0.17842655
v -0.34241397 0.09607585 0.17846419
v 0.50593074 0.03523888 0.09063324
v 0.50073488 0.05445443 0.09256336
v 0.53962704 0.04039977 0.05978728
v 0.53444230 0.05963698 0.06152173
v 0.12822587 0.54920288 0.02605063
v 0.10885839 0.55411780 0.02521128
v 0.37144301 0.37441169 0.07160980
v 0.35632751 0.38728553 0.06921276
v 0.35675690 -0.14005699 0.16520292
v 0.35555240 -0.12062699 0.16978376
v 0.28676373 0.37293391 0.10608493
v 0.27052822 0.38456265 0.10501694
v 0.25977198 0.40648721 0.09630315
v 0.24300247 0.41737951 0.09598445
v 0.38580684 -0.43019681 0.02209693
v 0.39181860 -0.41269488 0.02967987
v -0.28552539 0.34029327 0.12437723
v -0.30182016 0.32871224 0.12494312
v -0.25419527 0.37031918 0.11842638
v -0.27132764 0.36000274 0.11853972
v -0.17561436 -0.42585862 0.08562122
v -0.16975251 -0.44305092 0.07725321
v -0.16350668 -0.46116579 0.06873962
v -0.15743812 -0.47794733 0.05971118
v 0.29700023 -0.05082621 0.18863626
v 0.29155383 -0.03165999 0.19035471
v 0.30732806 -0.09365166 0.18377865
v 0.30359072 -0.07412949 0.18598713
v -0.14428764 0.34831230 0.15128141
v -0.16313032 0.34175801 0.15267940
v -0.44333472 -0.10358807 0.13081292
v -0.44428682 -0.12273970 0.12513238
v -0.19639475 -0.33205706 0.12129242
v -0.19206869 -0.35033915 0.11443601
v 0.16508763 -0.29492596 0.12476708
v 0.16821362 -0.27598770 0.13038229
v 0.25711084 0.23004595 0.17496010
v 0.24185346 0.24286238 0.17325385
v -0.27542237 0.13964544 0.18796922
v -0.28727828 0.12355297 0.18731360
v -0.55766349 0.11799668 0.02699155
v -0.56425809 0.09934259 0.02407677
v -0.38650532 -0.16297126 0.14677996
v -0.38700625 -0.18232876 0.14178034
v -0.04661962 0.59219572 0.00843954
v -0.06658358 0.59113510 0.00791486
v -0.31363948 -0.15018200 0.17373208
v -0.31480195 -0.16938741 0.16827674
v -0.58217112 -0.06389078 0.01643509
v -0.58379726 -0.08335237 0.01212669
v -0.48089920 -0.34723991 0.00845537
v -0.47716581 -0.36626482 0.00354877
v -0.54563662 -0.24232091 0.00961504
v -0.54379053 -0.26137393 0.00382415
v 0.49931480 0.30580811 0.01462024
v 0.48802688 0.32231650 0.01449445
v -0.33997298 -0.47462692 0.01148420
v -0.33356539 -0.49283631 0.00625727
v -0.51264960 0.28155166 0.01597127
v -0.52419098 0.26524072 0.01512882
v 0.25960052 0.52717686 0.01280622
v 0.24289784 0.53814125 0.01367947
v 0.35492948 0.18154928 0.15605934
v 0.34356253 0.19800080 0.15637522
v 0.39753578 0.16036203 0.14397331
v 0.38716649 0.17745973 0.14364706
v -0.48681046 -0.26325941 0.04903127
v -0.48248502 -0.28095223 0.04077206
v -0.46633135 -0.24345527 0.07709977
v -0.46325754 -0.26176244 0.06965939
v 0.04842229 0.58261954 0.01393582
v 0.02863695 0.58548697 0.01446320
v 0.47991286 -0.19194672 0.08143333
v 0.48056422 -0.17248880 0.08600774
v -0.39581967 0.44706423 0.00794003
v -0.41115585 0.43424667 0.00725322
v -0.37136102 0.41961022 0.03699568
v -0.38752937 0.40787657 0.03792608
v -0.26712833 0.27846830 0.15697011
v -0.28281140 0.26610201 0.15800763
v -0.41842492 0.38084964 0.03555580
v -0.43140519 0.36582385 0.03316873
v -0.39278521 0.41297018 0.03101717
v -0.40805022 0.40005062 0.03086119
v 0.05164875 0.47550488 0.08974209
v 0.03185858 0.47838290 0.08958087
v 0.08509859 -0.58685042 0.00655915
v 0.08874303 -0.56904703 0.01490884
v 0.04878472 -0.59375623 0.00724135
v 0.05130759 -0.57547145 0.01493952
v -0.50426575 -0.16250536 0.06855092
v -0.50400642 -0.18180612 0.06331895
v 0.40174761 -0.34846088 0.05997699
v 0.40682883 -0.33068378 0.06760037
v 0.55167095 0.14163642 0.02859489
v 0.54565120 0.16055218 0.03102734
v 0.58429364 0.12938945 0.00600252
v 0.57777866 0.14825462 0.00727545
v 0.18439248 0.10722601 0.19734724
v 0.17036030 0.12144679 0.19643757
v -0.06147971 0.50101590 0.07251737
v -0.08130176 0.49855395 0.07152482
v -0.09353858 0.47951190 0.08372812
v -0.11327303 0.47627051 0.08365692
v 0.15962207 -0.54662444 0.02060316
v 0.16489921 -0.53010633 0.03056629
v 0.12304789 -0.57569592 0.00773224
v 0.12758143 -0.55842311 0.01673539
v -0.01792170 0.28910011 0.17267845
v -0.03789897 0.28816992 0.17273788
v 0.27195050 0.09986039 0.19235661
v 0.26095283 0.11656027 0.19271047
v -0.37538427 -0.10664690 0.16630718
v -0.37700592 -0.12577635 0.16070409
v -0.17244844 -0.40477230 0.09253783
v -0.16666267 -0.42261430 0.08559895
v -0.16302845 -0.36059157 0.10557995
v -0.15794483 -0.37862361 0.09858263
v -0.31954610 -0.21450866 0.15590230
v -0.31906162 -0.23387988 0.15095448
v -0.20604368 -0.29402969 0.13476626
v -0.20259673 -0.31284488 0.12892954
v -0.24505163 -0.28518312 0.14223376
v -0.24191553 -0.30405348 0.13639987
v 0.09058035 0.35300039 0.15077005
v 0.07112622 0.35741504 0.14935313
v 0.18061202 -0.07440214 0.17791792
v 0.17490037 -0.05533294 0.17984211
v -0.29283316 0.42183452 0.07349527
v -0.30979837 0.41124494 0.07344720
v -0.54494187 -0.11732991 0.04127616
v -0.54490669 -0.13663659 0.03605975
v -0.09905441 -0.57564989 0.01036314
v -0.09429356 -0.59337609 0.00242110
v 0.21913637 0.42390500 0.10041193
v 0.20176492 0.43380997 0.10070163
v 0.19083808 0.41093791 0.11600310
v 0.17262015 0.41903694 0.11443066
v 0.31686321 -0.19206783 0.16224803
v 0.31695232 -0.17273887 0.16738061
v -0.07916202 0.28555361 0.17351870
v -0.09865722 0.28132463 0.17493745
v 0.41490437 -0.02454047 0.15435988
v 0.40972502 -0.00525821 0.15551261
v -0.10365228 0.09399782 0.19121829
v -0.11856063 0.08067653 0.19072385
v -0.52440390 -0.09139532 0.06856647
v -0.52471565 -0.11058445 0.06294150
v 0.02996576 0.46512440 0.09759709
v 0.01007771 0.46722736 0.09765211
v -0.42604876 0.12570184 0.13890002
v -0.43396170 0.10755525 0.13606335
v -0.31421106 0.23116573 0.16032644
v -0.32692748 0.21583355 0.15854406
v 0.50030386 -0.26982385 0.03282869
v 0.50467475 -0.25190743 0.04056544
v -0.25167392 0.06237275 0.19627064
v -0.26168896 0.04507173 0.19569271
v -0.28147907 0.03264821 0.19471732
v -0.28979438 0.01448729 0.19371905
v -0.42764700 -0.37098181 0.02933824
v -0.42238103 -0.38902013 0.02249363
v 0.43347895 0.16129027 0.12658129
v 0.42333025 0.17850228 0.12573807
v 0.45058816 -0.37979942 0.01142719
v 0.45492878 -0.36093269 0.01644374
v -0.43137929 -0.25128333 0.09730319
v -0.42844833 -0.26971102 0.09010667
v 0.01984275 0.40960870 0.12781663
v -0.00010980 0.41091864 0.12744255
v 0.48973711 -0.15303673 0.08330158
v 0.49014779 -0.13364529 0.08817635
v 0.48198595 -0.11113437 0.10057903
v 0.48172525 -0.09176007 0.10553164
v -0.57124044 -0.02307111 0.03573757
v -0.57231111 -0.04213012 0.02977371
v 0.37631892 0.08602010 0.16862587
v 0.36769346 0.10404557 0.16942836
v 0.39752046 0.04963453 0.16078923
v 0.39070902 0.06833860 0.16271855
v 0.02707526 0.19750017 0.18831575
v 0.00720632 0.19966760 0.18761746
v -0.22905297 -0.38042879 0.10544583
v -0.22381442 -0.39830370 0.09816537
v -0.47300062 0.16387786 0.10044710
v -0.48086800 0.14576844 0.09726698
v -0.48142357 0.20005272 0.08083781
v -0.49175023 0.18294476 0.08003917
v -0.21989954 0.49205089 0.05524691
v -0.23782872 0.48330529 0.05382601
v -0.20182817 0.46875062 0.07815084
v -0.22019211 0.46085566 0.07752214
v -0.51221184 0.24374902 0.03371597
v -0.52363318 0.22733658 0.03333546
v -0.48331409 0.23569633 0.06128124
v -0.49471023 0.21926586 0.06092401
v -0.17225873 0.53824950 0.02820600
v -0.19166787 0.53353523 0.02921630
v -0.14020923 0.56618272 0.01346047
v -0.15982024 0.56226803 0.01366914
v -0.30672510 0.43166617 0.05954372
v -0.32360423 0.42093987 0.05958303
v -0.42167818 0.28897342 0.08149945
v -0.43415390 0.27337701 0.08046591
v 0.36254436 0.42441563 0.03771980
v 0.34693352 0.43679926 0.03601462
v 0.56419771 0.10016298 0.02398833
v 0.55847584 0.11922645 0.02593879
v -0.56154621 0.16301594 0.01762047
v -0.56855777 0.14459195 0.01425079
v -0.07028965 -0.55335547 0.02352852
v -0.06592496 -0.57123338 0.01569974
v -0.50041133 -0.01578245 0.10044376
v -0.50469955 -0.03506229 0.09730386
v -0.46646707 0.00565570 0.12318762
v -0.47173428 -0.01346386 0.12060713
v -0.44220553 0.21416258 0.10098067
v -0.45344702 0.19762311 0.10079408
v 0.09621491 0.14188316 0.19211065
v 0.07804855 0.15022173 0.19146892
v 0.28141663 0.32677674 0.13221141
v 0.26545937 0.33868303 0.13032295
v -0.18511187 0.45842209 0.08865951
v -0.20383853 0.45140278 0.08869283
v -0.14363493 0.45067947 0.09762500
v -0.16300275 0.44589260 0.09901544
v -0.12555067 0.05766191 0.18949989
v -0.13811365 0.04211397 0.18887284
v -0.59501975 0.05526386 0.00774756
v -0.60068030 0.03633303 0.00465858
v -0.26756369 -0.49323435 0.02869243
v -0.26073475 -0.50969068 0.01960866
v -0.32022440 -0.49671571 0.00834979
v -0.31383030 -0.51466800 0.00228426
v -0.54913508 0.22947539 0.01239430
v -0.55848349 0.21193278 0.01019791
v -0.19740502 -0.03582669 0.18749346
v -0.20390159 -0.05468440 0.18603019
v -0.32742739 0.42658216 0.05344947
v -0.34399853 0.41539039 0.05376871
v 0.46081240 0.33393491 0.02662430
v 0.44923610 0.35023343 0.02717859
v 0.42891677 0.34983013 0.04379121
v 0.41703002 0.36588512 0.04474118
v 0.54162554 -0.18729214 0.02771463
v 0.54198420 -0.16771008 0.03176114
v 0.00448304 0.56889167 0.02707901
v -0.01549547 0.56954727 0.02645492
v 0.05310021 -0.56885828 0.01773054
v 0.05626044 -0.55080297 0.02572923
v 0.32926047 0.02278417 0.18679436
v 0.32205623 0.04128830 0.18917262
v 0.36160975 0.03880375 0.17600885
v 0.35478199 0.05739412 0.17879093
v -0.25174976 -0.17150872 0.17313971
v -0.25281187 -0.19076489 0.16784518
v -0.21019205 -0.16864610 0.16671252
v -0.21116245 -0.18827448 0.16300505
v -0.56440017 0.18785021 0.01004112
v -0.57280289 0.16981861 0.00798788
v 0.33239858 0.41354409 0.06094444
v 0.31645693 0.42553240 0.05949385
v 0.33113023 0.44915433 0.03463364
v 0.31507761 0.46103858 0.03361488
v -0.10992372 -0.50793782 0.04418428
v -0.10411410 -0.52522017 0.03596670
v -0.21488876 -0.51491016 0.03111097
v -0.20845828 -0.53153481 0.02204289
v 0.29673157 -0.46999551 0.03429296
v 0.30355000 -0.45396736 0.04411983
v 0.47368360 0.36445325 0.00647178
v 0.46148919 0.38030266 0.00624247
v 0.44454801 0.35253364 0.02972120
v 0.43274784 0.36865852 0.03056045
v -0.18186929 -0.28733517 0.13092039
v -0.17850147 -0.30618048 0.12513488
v -0.17431598 -0.55959951 0.01046150
v -0.16839998 -0.57639461 0.00135735
v -0.13771700 -0.43600789 0.07647729
v -0.13170919 -0.45346607 0.06879105
v -0.05451211 0.54816352 0.03746629
v -0.07437994 0.54618694 0.03631625
v -0.02333355 0.51930799 0.06338605
v -0.04323636 0.51802732 0.06190344
v 0.35052930 0.06078555 0.18013846
v 0.34202547 0.07888401 0.18043963
v -0.44954324 -0.27693055 0.07075984
v -0.44511244 -0.29457300 0.06244888
v 0.21981332 0.54312573 0.01674177
v 0.20130498 0.55038684 0.01457900
v -0.02680042 0.58425342 0.01506988
v -0.04674651 0.58349146 0.01383179
v -0.06487874 0.58027726 0.01458587
v -0.08461538 0.57764818 0.01271155
v -0.24907883 -0.50554027 0.02698821
v -0.24227427 -0.52195772 0.01781623
v 0.38265760 0.03329621 0.16753197
v 0.37624600 0.05207701 0.17000847
v 0.35494783 -0.00362860 0.17809319
v 0.34877618 0.01529788 0.18000600
v 0.57245088 0.17243843 0.00754329
v 0.56503299 0.19097744 0.00865685
v 0.56373036 0.07797915 0.02878975
v 0.55827371 0.09713579 0.03058084
v 0.59367074 0.08740779 0.00449228
v 0.58798518 0.10652367 0.00598131
v 0.37491317 -0.00901961 0.17057629
v 0.36936477 0.01006078 0.17283773
v 0.33864126 -0.02255458 0.18159897
v 0.33298258 -0.00358167 0.18442174
v -0.10117539 -0.48815878 0.05200625
v -0.09518685 -0.50583325 0.04481526
v 0.28621963 0.49732899 0.02088812
v 0.26961745 0.50847904 0.02082520
v 0.26648524 -0.52769750 0.00899267
v 0.27205912 -0.50974868 0.01582873
v 0.23295389 -0.52083927 0.02220221
v 0.23886894 -0.50401459 0.03125221
v 0.57357939 0.05921502 0.02267830
v 0.56826059 0.07843796 0.02414428
v -0.11432471 -0.56302613 0.01518155
v -0.10907970 -0.58042500 0.00683114
v 0.24266461 0.54461215 0.00916673
v 0.22479170 0.55352622 0.00813794
v 0.28007997 -0.53626486 0.00111969
v 0.28566365 -0.51801164 0.00708648
v 0.56627665 0.03919864 0.03354113
v 0.56115709 0.05847056 0.03507185
v -0.15124066 -0.55694763 0.01515003
v -0.14548610 -0.57371759 0.00589727
v -0.11590330 -0.54389078 0.02643682
v -0.11033000 -0.56056266 0.01690022
v 0.08625363 0.11270751 0.19118044
v 0.06813495 0.12117312 0.19109698
v 0.45144852 0.37127839 0.01577293
v 0.44004003 0.38762082 0.01742572
v -0.26568937 -0.52894086 0.00725263
v -0.25956468 -0.54683432 0.00075092
v 0.19799028 -0.56875571 0.00134683
v 0.20342041 -0.55228868 0.01131229
v -0.01967982 0.14969739 0.19067204
v -0.03939754 0.14635642 0.19057408
v 0.28292619 0.52798710 0.00503871
v 0.26588851 0.53842137 0.00414232
v 0.26283246 0.50838056 0.02413379
v 0.24597114 0.51913362 0.02429938
v 0.59077109 0.01754350 0.01523635
v 0.58560629 0.03684310 0.01613671
v 0.58793631 0.06298175 0.01178246
v 0.58202395 0.08207930 0.01231869
v 0.06737171 0.12410755 0.19107421
v 0.04873120 0.13135225 0.19099928
l 1 2
l 3 4
l 5 6
l 7 8
l 9 10
l 11 12
l 13 14
l 15 16
l 17 18
l 19 20
l 21 22
l 23 24
l 25 26
l 27 28
l 29 30
l 31 32
l 33 34
l 35 36
l 37 38
l 39 40
l 41 42
l 43 44
l 45 46
l 47 48
l 49 50
l 51 52
l 53 54
l 55 56
l 57 58
l 59 60
l 61 62
l 63 64
l 65 66
l 67 68
l 69 70
l 71 72
l 73 74
l 75 76
l 77 78
l 79 80
l 81 82
l 83 84
l 85 86
l 87 88
l 89 90
l 91 92
l 93 94
l 95 96
l 97 98
l 99 100
l 101 102
l 103 104
l 105 106
l 107 108
l 109 110
l 111 112
l 113 114
l 115 116
l 117 118
l 119 120
l 121 122
l 123 124
l 125 126
l 127 128
l 129 130
l 131 132
l 133 134
l 135 136
l 137 138
l 139 140
l 141 142
l 143 144
l 145 146
l 147 148
l 149 150
l 151 152
l 153 154
l 155 156
l 157 158
l 159 160
l 161 162
l 163 164
l 165 166
l 167 168
l 169 170
l 171 172
l 173 174
l 175 176
l 177 178
l 179 180
l 181 182
l 183 184
l 185 186
l 187 188
l 189 190
l 191 192
l 193 194
l 195 196
l 197 198
l 199 200
l 201 202
l 203 204
l 205 206
l 207 208
l 209 210
l 211 212
l 213 214
l 215 216
l 217 218
l 219 220
l 221 222
l 223 224
l 225 226
l 227 228
l 229 230
l 231 232
l 233 234
l 235 236
l 237 238
l 239 240
l 241 242
l 243 244
l 245 246
l 247 248
l 249 250
l 251 252
l 253 254
l 255 256
l 257 258
l 259 260
l 261 262
l 263 264
l 265 266
l 267 268
l 269 270
l 271 272
l 273 274
l 275 276
l 277 278
l 279 280
l 281 282
l 283 284
l 285 286
l 287 288
l 289 290
l 291 292
l 293 294
l 295 296
l 297 298
l 299 300
l 301 302
l 303 304
l 305 306
l 307 308
l 309 310
l 311 312
l 313 314
l 315 316
l 317 318
l 319 320
l 321 322
l 323 324
l 325 326
l 327 328
l 329 330
l 331 332
l 333 334
l 335 336
l 337 338
l 339 340
l 341 342
l 343 344
l 345 346
l 347 348
l 349 350
l 351 352
l 353 354
l 355 356
l 357 358
l 359 360
l 361 362
l 363 364
l 365 366
l 367 368
l 369 370
l 371 372
l 373 374
l 375 376
l 377 378
l 379 380
l 381 382
l 383 384
l 385 386
l 387 388
l 389 390
l 391 392
l 393 394
l 395 396
l 397 398
l 399 400
l 401 402
l 403 404
l 405 406
l 407 408
l 409 410
l 411 412
l 413 414
l 415 416
l 417 418
l 419 420
l 421 422
l 423 424
l 425 426
l 427 428
l 429 430
l 431 432
l 433 434
l 435 436
l 437 438
l 439 440
l 441 442
l 443 444
l 445 446
l 447 448
l 449 450
l 451 452
l 453 454
l 455 456
l 457 458
l 459 460
l 461 462
l 463 464
l 465 466
l 467 468
l 469 470
l 471 472
l 473 474
l 475 476
l 477 478
l 479 480
l 481 482
l 483 484
l 485 486
l 487 488
l 489 490
l 491 492
l 493 494
l 495 496
l 497 498
l 499 500
l 501 502
l 503 504
l 505 506
l 507 508
l 509 510
l 511 512
l 513 514
l 515 516
l 517 518
l 519 520
l 521 522
l 523 524
l 525 526
l 527 528
l 529 530
l 531 532
l 533 534
l 535 536
l 537 538
l 539 540
l 541 542
l 543 544
l 545 546
l 547 548
l 549 550
l 551 552
l 553 554
l 555 556
l 557 558
l 559 560
l 561 562
l 563 564
l 565 566
l 567 568
l 569 570
l 571 572
l 573 574
l 575 576
l 577 578
l 579 580
l 581 582
l 583 584
l 585 586
l 587 588
l 589 590
l 591 592
l 593 594
l 595 596
l 597 598
l 599 600
l 601 602
l 603 604
l 605 606
l 607 608
l 609 610
l 611 612
l 613 614
l 615 616
l 617 618
l 619 620
l 621 622
l 623 624
l 625 626
l 627 628
l 629 630
l 631 632
l 633 634
l 635 636
l 637 638
l 639 640
l 641 642
l 643 644
l 645 646
l 647 648
l 649 650
l 651 652
l 653 654
l 655 656
l 657 658
l 659 660
l 661 662
l 663 664
l 665 666
l 667 668
l 669 670
l 671 672
l 673 674
l 675 676
l 677 678
l 679 680
l 681 682
l 683 684
l 685 686
l 687 688
l 689 690
l 691 692
l 693 694
l 695 696
l 697 698
l 699 700
l 701 702
l 703 704
l 705 706
l 707 708
l 709 710
l 711 712
l 713 714
l 715 716
l 717 718
l 719 720
l 721 722
l 723 724
l 725 726
l 727 728
l 729 730
l 731 732
l 733 734
l 735 736
l 737 738
l 739 740
l 741 742
l 743 744
l 745 746
l 747 748
l 749 750
l 751 752
l 753 754
l 755 756
l 757 758
l 759 760
l 761 762
l 763 764
l 765 766
l 767 768
l 769 770
l 771 772
l 773 774
l 775 776
l 777 778
l 779 780
l 781 782
l 783 784
l 785 786
l 787 788
l 789 790
l 791 792
l 793 794
l 795 796
l 797 798
l 799 800
l 801 802
l 803 804
l 805 806
l 807 808
l 809 810
l 811 812
l 813 814
l 815 816
l 817 818
l 819 820
l 821 822
l 823 824
l 825 826
l 827 828
l 829 830
l 831 832
l 833 834
l 835 836
l 837 838
l 839 840
l 841 842
l 843 844
l 845 846
l 847 848
l 849 850
l 851 852
l 853 854
l 855 856
l 857 858
l 859 860
l 861 862
l 863 864
l 865 866
l 867 868
l 869 870
l 871 872
l 873 874
l 875 876
l 877 878
l 879 880
l 881 882
l 883 884
l 885 886
l 887 888
l 889 890
l 891 892
l 893 894
l 895 896
l 897 898
l 899 900
l 901 902
l 903 904
l 905 906
l 907 908
l 909 910
l 911 912
l 913 914
l 915 916
l 917 918
l 919 920
l 921 922
l 923 924
l 925 926
l 927 928
l 929 930
l 931 932
l 933 934
l 935 936
l 937 938
l 939 940
l 941 942
l 943 944
l 945 946
l 947 948
l 949 950
l 951 952
l 953 954
l 955 956
l 957 958
l 959 960
l 961 962
l 963 964
l 965 966
l 967 968
l 969 970
l 971 972
l 973 974
l 975 976
l 977 978
l 979 980
l 981 982
l 983 984
l 985 986
l 987 988
l 989 990
l 991 992
l 993 994
l 995 996
l 997 998
l 999 1000
l 1001 1002
l 1003 1004
l 1005 1006
l 1007 1008
l 1009 1010
l 1011 1012
l 1013 1014
l 1015 1016
l 1017 1018
l 1019 1020
l 1021 1022
l 1023 1024
l 1025 1026
l 1027 1028
l 1029 1030
l 1031 1032
l 1033 1034
l 1035 1036
l 1037 1038
l 1039 1040
l 1041 1042
l 1043 1044
l 1045 1046
l 1047 1048
l 1049 1050
l 1051 1052
l 1053 1054
l 1055 1056
l 1057 1058
l 1059 1060
l 1061 1062
l 1063 1064
l 1065 1066
l 1067 1068
l 1069 1070
l 1071 1072
l 1073 1074
l 1075 1076
l 1077 1078
l 1079 1080
l 1081 1082
l 1083 1084
l 1085 1086
l 1087 1088
l 1089 1090
l 1091 1092
l 1093 1094
l 1095 1096
l 1097 1098
l 1099 1100
l 1101 1102
l 1103 1104
l 1105 1106
l 1107 1108
l 1109 1110
l 1111 1112
l 1113 1114
l 1115 1116
l 1117 1118
l 1119 1120
l 1121 1122
l 1123 1124
l 1125 1126
l 1127 1128
l 1129 1130
l 1131 1132
l 1133 1134
l 1135 1136
l 1137 1138
l 1139 1140
l 1141 1142
l 1143 1144
l 1145 1146
l 1147 1148
l 1149 1150
l 1151 1152
l 1153 1154
l 1155 1156
l 1157 1158
l 1159 1160
l 1161 1162
l 1163 1164
l 1165 1166
l 1167 1168
l 1169 1170
l 1171 1172
l 1173 1174
l 1175 1176
l 1177 1178
l 1179 1180
l 1181 1182
l 1183 1184
l 1185 1186
l 1187 1188
l 1189 1190
l 1191 1192
l 1193 1194
l 1195 1196
l 1197 1198
l 1199 1200
l 1201 1202
l 1203 1204
l 1205 1206
l 1207 1208
l 1209 1210
l 1211 1212
l 1213 1214
l 1215 1216
l 1217 1218
l 1219 1220
l 1221 1222
l 1223 1224
l 1225 1226
l 1227 1228
l 1229 1230
l 1231 1232
l 1233 1234
l 1235 1236
l 1237 1238
l 1239 1240
l 1241 1242
l 1243 1244
l 1245 1246
l 1247 1248
l 1249 1250
l 1251 1252
l 1253 1254
l 1255 1256
l 1257 1258
l 1259 1260
l 1261 1262
l 1263 1264
l 1265 1266
l 1267 1268
l 1269 1270
l 1271 1272
l 1273 1274
l 1275 1276
l 1277 1278
l 1279 1280
l 1281 1282
l 1283 1284
l 1285 1286
l 1287 1288
l 1289 1290
l 1291 1292
l 1293 1294
l 1295 1296
l 1297 1298
l 1299 1300
l 1301 1302
l 1303 1304
l 1305 1306
l 1307 1308
l 1309 1310
l 1311 1312
l 1313 1314
l 1315 1316
l 1317 1318
l 1319 1320
l 1321 1322
l 1323 1324
l 1325 1326
l 1327 1328
l 1329 1330
l 1331 1332
l 1333 1334
l 1335 1336
l 1337 1338
l 1339 1340
l 1341 1342
l 1343 1344
l 1345 1346
l 1347 1348
l 1349 1350
l 1351 1352
l 1353 1354
l 1355 1356
l 1357 1358
l 1359 1360
l 1361 1362
l 1363 1364
l 1365 1366
l 1367 1368
l 1369 1370
l 1371 1372
l 1373 1374
l 1375 1376
l 1377 1378
l 1379 1380
l 1381 1382
l 1383 1384
l 1385 1386
l 1387 1388
l 1389 1390
l 1391 1392
l 1393 1394
l 1395 1396
l 1397 1398
l 1399 1400
l 1401 1402
l 1403 1404
l 1405 1406
l 1407 1408
l 1409 1410
l 1411 1412
l 1413 1414
l 1415 1416
l 1417 1418
l 1419 1420
l 1421 1422
l 1423 1424
l 1425 1426
l 1427 1428
l 1429 1430
l 1431 1432
l 1433 1434
l 1435 1436
l 1437 1438
l 1439 1440
l 1441 1442
l 1443 1444
l 1445 1446
l 1447 1448
l 1449 1450
l 1451 1452
l 1453 1454
l 1455 1456
l 1457 1458
l 1459 1460
l 1461 1462
l 1463 1464
l 1465 1466
l 1467 1468
l 1469 1470
l 1471 1472
l 1473 1474
l 1475 1476
l 1477 1478
l 1479 1480
l 1481 1482
l 1483 1484
l 1485 1486
l 1487 1488
l 1489 1490
l 1491 1492
l 1493 1494
l 1495 1496
l 1497 1498
l 1499 1500
l 1501 1502
l 1503 1504
l 1505 1506
l 1507 1508
l 1509 1510
l 1511 1512
l 1513 1514
l 1515 1516
l 1517 1518
l 1519 1520
l 1521 1522
l 1523 1524
l 1525 1526
l 1527 1528
l 1529 1530
l 1531 1532
l 1533 1534
l 1535 1536
l 1537 1538
l 1539 1540
l 1541 1542
l 1543 1544
l 1545 1546
l 1547 1548
l 1549 1550
l 1551 1552
l 1553 1554
l 1555 1556
l 1557 1558
l 1559 1560
l 1561 1562
l 1563 1564
l 1565 1566
l 1567 1568
l 1569 1570
l 1571 1572
l 1573 1574
l 1575 1576
l 1577 1578
l 1579 1580
l 1581 1582
l 1583 1584
l 1585 1586
l 1587 1588
l 1589 1590
l 1591 1592
l 1593 1594
l 1595 1596
l 1597 1598
l 1599 1600
l 1601 1602
l 1603 1604
l 1605 1606
l 1607 1608
l 1609 1610
l 1611 1612
l 1613 1614
l 1615 1616
l 1617 1618
l 1619 1620
l 1621 1622
l 1623 1624
l 1625 1626
l 1627 1628
l 1629 1630
l 1631 1632
l 1633 1634
l 1635 1636
l 1637 1638
l 1639 1640
l 1641 1642
l 1643 1644
l 1645 1646
l 1647 1648
l 1649 1650
l 1651 1652
l 1653 1654
l 1655 1656
l 1657 1658
l 1659 1660
l 1661 1662
l 1663 1664
l 1665 1666
l 1667 1668
l 1669 1670
l 1671 1672
l 1673 1674
l 1675 1676
l 1677 1678
l 1679 1680
l 1681 1682
l 1683 1684
l 1685 1686
l 1687 1688
l 1689 1690
l 1691 1692
l 1693 1694
l 1695 1696
l 1697 1698
l 1699 1700
l 1701 1702
l 1703 1704
l 1705 1706
l 1707 1708
l 1709 1710
l 1711 1712
l 1713 1714
l 1715 1716
l 1717 1718
l 1719 1720
l 1721 1722
l 1723 1724
l 1725 1726
l 1727 1728
l 1729 1730
l 1731 1732
l 1733 1734
l 1735 1736
l 1737 1738
l 1739 1740
l 1741 1742
l 1743 1744
l 1745 1746
l 1747 1748
l 1749 1750
l 1751 1752
l 1753 1754
l 1755 1756
l 1757 1758
l 1759 1760
l 1761 1762
l 1763 1764
l 1765 1766
l 1767 1768
l 1769 1770
l 1771 1772
l 1773 1774
l 1775 1776
l 1777 1778
l 1779 1780
l 1781 1782
l 1783 1784
l 1785 1786
l 1787 1788
l 1789 1790
l 1791 1792
l 1793 1794
l 1795 1796
l 1797 1798
l 1799 1800
l 1801 1802
l 1803 1804
l 1805 1806
l 1807 1808
l 1809 1810
l 1811 1812
l 1813 1814
l 1815 1816
l 1817 1818
l 1819 1820
l 1821 1822
l 1823 1824
l 1825 1826
l 1827 1828
l 1829 1830
l 1831 1832
l 1833 1834
l 1835 1836
l 1837 1838
l 1839 1840
l 1841 1842
l 1843 1844
l 1845 1846
l 1847 1848
l 1849 1850
l 1851 1852
l 1853 1854
l 1855 1856
l 1857 1858
l 1859 1860
l 1861 1862
l 1863 1864
l 1865 1866
l 1867 1868
l 1869 1870
l 1871 1872
l 1873 1874
l 1875 1876
l 1877 1878
l 1879 1880
l 1881 1882
l 1883 1884
l 1885 1886
l 1887 1888
l 1889 1890
l 1891 1892
l 1893 1894
l 1895 1896
l 1897 1898
l 1899 1900
l 1901 1902
l 1903 1904
l 1905 1906
l 1907 1908
l 1909 1910
l 1911 1912
l 1913 1914
l 1915 1916
l 1917 1918
l 1919 1920
l 1921 1922
l 1923 1924
l 1925 1926
l 1927 1928
l 1929 1930
l 1931 1932
l 1933 1934
l 1935 1936
l 1937 1938
l 1939 1940
l 1941 1942
l 1943 1944
l 1945 1946
l 1947 1948
l 1949 1950
l 1951 1952
l 1953 1954
l 1955 1956
l 1957 1958
l 1959 1960
l 1961 1962
l 1963 1964
l 1965 1966
l 1967 1968
l 1969 1970
l 1971 1972
l 1973 1974
l 1975 1976
l 1977 1978
l 1979 1980
l 1981 1982
l 1983 1984
l 1985 1986
l 1987 1988
l 1989 1990
l 1991 1992
l 1993 1994
l 1995 1996
l 1997 1998
l 1999 2000
l 2001 2002
l 2003 2004
l 2005 2006
l 2007 2008
l 2009 2010
l 2011 2012
l 2013 2014
l 2015 2016
l 2017 2018
l 2019 2020
l 2021 2022
l 2023 2024
l 2025 2026
l 2027 2028
l 2029 2030
l 2031 2032
l 2033 2034
l 2035 2036
l 2037 2038
l 2039 2040
l 2041 2042
l 2043 2044
l 2045 2046
l 2047 2048
l 2049 2050
l 2051 2052
l 2053 2054
l 2055 2056
l 2057 2058
l 2059 2060
l 2061 2062
l 2063 2064
l 2065 2066
l 2067 2068
l 2069 2070
l 2071 2072
l 2073 2074
l 2075 2076
l 2077 2078
l 2079 2080
l 2081 2082
l 2083 2084
l 2085 2086
l 2087 2088
l 2089 2090
l 2091 2092
l 2093 2094
l 2095 2096
l 2097 2098
l 2099 2100
l 2101 2102
l 2103 2104
l 2105 2106
l 2107 2108
l 2109 2110
l 2111 2112
l 2113 2114
l 2115 2116
l 2117 2118
l 2119 2120
l 2121 2122
l 2123 2124
l 2125 2126
l 2127 2128
l 2129 2130
l 2131 2132
l 2133 2134
l 2135 2136
l 2137 2138
l 2139 2140
l 2141 2142
l 2143 2144
l 2145 2146
l 2147 2148
l 2149 2150
l 2151 2152
l 2153 2154
l 2155 2156
l 2157 2158
l 2159 2160
l 2161 2162
l 2163 2164
l 2165 2166
l 2167 2168
l 2169 2170
l 2171 2172
l 2173 2174
l 2175 2176
l 2177 2178
l 2179 2180
l 2181 2182
l 2183 2184
l 2185 2186
l 2187 2188
l 2189 2190
l 2191 2192
l 2193 2194
l 2195 2196
l 2197 2198
l 2199 2200
l 2201 2202
l 2203 2204
l 2205 2206
l 2207 2208
l 2209 2210
l 2211 2212
l 2213 2214
l 2215 2216
l 2217 2218
l 2219 2220
l 2221 2222
l 2223 2224
l 2225 2226
l 2227 2228
l 2229 2230
l 2231 2232
l 2233 2234
l 2235 2236
l 2237 2238
l 2239 2240
l 2241 2242
l 2243 2244
l 2245 2246
l 2247 2248
l 2249 2250
l 2251 2252
l 2253 2254
l 2255 2256
l 2257 2258
l 2259 2260
l 2261 2262
l 2263 2264
l 2265 2266
l 2267 2268
l 2269 2270
l 2271 2272
l 2273 2274
l 2275 2276
l 2277 2278
l 2279 2280
l 2281 2282
l 2283 2284
l 2285 2286
l 2287 2288
l 2289 2290
l 2291 2292
l 2293 2294
l 2295 2296
l 2297 2298
l 2299 2300
l 2301 2302
l 2303 2304
l 2305 2306
l 2307 2308
l 2309 2310
l 2311 2312
l 2313 2314
l 2315 2316
l 2317 2318
l 2319 2320
l 2321 2322
l 2323 2324
l 2325 2326
l 2327 2328
l 2329 2330
l 2331 2332
l 2333 2334
l 2335 2336
l 2337 2338
l 2339 2340
l 2341 2342
l 2343 2344
l 2345 2346
l 2347 2348
l 2349 2350
l 2351 2352
l 2353 2354
l 2355 2356
l 2357 2358
l 2359 2360
l 2361 2362
l 2363 2364
l 2365 2366
l 2367 2368
l 2369 2370
l 2371 2372
l 2373 2374
l 2375 2376
l 2377 2378
l 2379 2380
l 2381 2382
l 2383 2384
l 2385 2386
l 2387 2388
l 2389 2390
l 2391 2392
l 2393 2394
l 2395 2396
l 2397 2398
l 2399 2400
l 2401 2402
l 2403 2404
l 2405 2406
l 2407 2408
l 2409 2410
l 2411 2412
l 2413 2414
l 2415 2416
l 2417 2418
l 2419 2420
l 2421 2422
l 2423 2424
l 2425 2426
l 2427 2428
l 2429 2430
l 2431 2432
l 2433 2434
l 2435 2436
l 2437 2438
l 2439 2440
l 2441 2442
l 2443 2444
l 2445 2446
l 2447 2448
l 2449 2450
l 2451 2452
l 2453 2454
l 2455 2456
l 2457 2458
l 2459 2460
l 2461 2462
l 2463 2464
l 2465 2466
l 2467 2468
l 2469 2470
l 2471 2472
l 2473 2474
l 2475 2476
l 2477 2478
l 2479 2480
l 2481 2482
l 2483 2484
l 2485 2486
l 2487 2488
l 2489 2490
l 2491 2492
l 2493 2494
l 2495 2496
l 2497 2498
l 2499 2500
l 2501 2502
l 2503 2504
l 2505 2506
l 2507 2508
l 2509 2510
l 2511 2512
l 2513 2514
l 2515 2516
l 2517 2518
l 2519 2520
l 2521 2522
l 2523 2524
l 2525 2526
l 2527 2528
l 2529 2530
l 2531 2532
l 2533 2534
l 2535 2536
l 2537 2538
l 2539 2540
l 2541 2542
l 2543 2544
l 2545 2546
l 2547 2548
l 2549 2550
l 2551 2552
l 2553 2554
l 2555 2556
l 2557 2558
l 2559 2560
l 2561 2562
l 2563 2564
l 2565 2566
l 2567 2568
l 2569 2570
l 2571 2572
l 2573 2574
l 2575 2576
l 2577 2578
l 2579 2580
l 2581 2582
l 2583 2584
l 2585 2586
l 2587 2588
l 2589 2590
l 2591 2592
l 2593 2594
l 2595 2596
l 2597 2598
l 2599 2600
l 2601 2602
l 2603 2604
l 2605 2606
l 2607 2608
l 2609 2610
l 2611 2612
l 2613 2614
l 2615 2616
l 2617 2618
l 2619 2620
l 2621 2622
l 2623 2624
l 2625 2626
l 2627 2628
l 2629 2630
l 2631 2632
l 2633 2634
l 2635 2636
l 2637 2638
l 2639 2640
l 2641 2642
l 2643 2644
l 2645 2646
l 2647 2648
l 2649 2650
l 2651 2652
l 2653 2654
l 2655 2656
l 2657 2658
l 2659 2660
l 2661 2662
l 2663 2664
l 2665 2666
l 2667 2668
l 2669 2670
l 2671 2672
l 2673 2674
l 2675 2676
l 2677 2678
l 2679 2680
l 2681 2682
l 2683 2684
l 2685 2686
l 2687 2688
l 2689 2690
l 2691 2692
l 2693 2694
l 2695 2696
l 2697 2698
l 2699 2700
l 2701 2702
l 2703 2704
l 2705 2706
l 2707 2708
l 2709 2710
l 2711 2712
l 2713 2714
l 2715 2716
l 2717 2718
l 2719 2720
l 2721 2722
l 2723 2724
l 2725 2726
l 2727 2728
l 2729 2730
l 2731 2732
l 2733 2734
l 2735 2736
l 2737 2738
l 2739 2740
l 2741 2742
l 2743 2744
l 2745 2746
l 2747 2748
l 2749 2750
l 2751 2752
l 2753 2754
l 2755 2756
l 2757 2758
l 2759 2760
l 2761 2762
l 2763 2764
l 2765 2766
l 2767 2768
l 2769 2770
l 2771 2772
l 2773 2774
l 2775 2776
l 2777 2778
l 2779 2780
l 2781 2782
l 2783 2784
l 2785 2786
l 2787 2788
l 2789 2790
l 2791 2792
l 2793 2794
l 2795 2796
l 2797 2798
l 2799 2800
l 2801 2802
l 2803 2804
l 2805 2806
l 2807 2808
l 2809 2810
l 2811 2812
l 2813 2814
l 2815 2816
l 2817 2818
l 2819 2820
l 2821 2822
l 2823 2824
l 2825 2826
l 2827 2828
l 2829 2830
l 2831 2832
l 2833 2834
l 2835 2836
l 2837 2838
l 2839 2840
l 2841 2842
l 2843 2844
l 2845 2846
l 2847 2848
l 2849 2850
l 2851 2852
l 2853 2854
l 2855 2856
l 2857 2858
l 2859 2860
l 2861 2862
l 2863 2864
l 2865 2866
l 2867 2868
l 2869 2870
l 2871 2872
l 2873 2874
l 2875 2876
l 2877 2878
l 2879 2880
l 2881 2882
l 2883 2884
l 2885 2886
l 2887 2888
l 2889 2890
l 2891 2892
l 2893 2894
l 2895 2896
l 2897 2898
l 2899 2900
l 2901 2902
l 2903 2904
l 2905 2906
l 2907 2908
l 2909 2910
l 2911 2912
l 2913 2914
l 2915 2916
l 2917 2918
l 2919 2920
l 2921 2922
l 2923 2924
l 2925 2926
l 2927 2928
l 2929 2930
l 2931 2932
l 2933 2934
l 2935 2936
l 2937 2938
l 2939 2940
l 2941 2942
l 2943 2944
l 2945 2946
l 2947 2948
l 2949 2950
l 2951 2952
l 2953 2954
l 2955 2956
l 2957 2958
l 2959 2960
l 2961 2962
l 2963 2964
l 2965 2966
l 2967 2968
l 2969 2970
l 2971 2972
l 2973 2974
l 2975 2976
l 2977 2978
l 2979 2980
l 2981 2982
l 2983 2984
l 2985 2986
l 2987 2988
l 2989 2990
l 2991 2992
l 2993 2994
l 2995 2996
l 2997 2998
l 2999 3000
l 3001 3002
l 3003 3004
l 3005 3006
l 3007 3008
l 3009 3010
l 3011 3012
l 3013 3014
l 3015 3016
l 3017 3018
l 3019 3020
l 3021 3022
l 3023 3024
l 3025 3026
l 3027 3028
l 3029 3030
l 3031 3032
l 3033 3034
l 3035 3036
l 3037 3038
l 3039 3040
l 3041 3042
l 3043 3044
l 3045 3046
l 3047 3048
l 3049 3050
l 3051 3052
l 3053 3054
l 3055 3056
l 3057 3058
l 3059 3060
l 3061 3062
l 3063 3064
l 3065 3066
l 3067 3068
l 3069 3070
l 3071 3072
l 3073 3074
l 3075 3076
l 3077 3078
l 3079 3080
l 3081 3082
l 3083 3084
l 3085 3086
l 3087 3088
l 3089 3090
l 3091 3092
l 3093 3094
l 3095 3096
l 3097 3098
l 3099 3100
l 3101 3102
l 3103 3104
l 3105 3106
l 3107 3108
l 3109 3110
l 3111 3112
l 3113 3114
l 3115 3116
l 3117 3118
l 3119 3120
l 3121 3122
l 3123 3124
l 3125 3126
