# D5 directional field - cross
# segment length 0.019999 m (capped at 0.02)
# OBJ 'l' polylines - Rhino imports these as curves
g d1_radial
v -0.13972697 -0.54093329 0.02587082
v -0.13393978 -0.55762676 0.01650084
v -0.02309374 -0.59040518 0.01035929
v -0.02091353 -0.60869515 0.00256931
v -0.07998814 -0.57172654 0.01435084
v -0.07565721 -0.58951086 0.00629348
v 0.01734833 -0.62142374 -0.00191070
v 0.01746418 -0.60256809 0.00475346
v -0.42820787 -0.40796305 0.01153193
v -0.42295119 -0.42616265 0.00512084
v -0.38969325 -0.40638505 0.03439723
v -0.38381327 -0.42402271 0.02702844
v -0.42836181 -0.33118095 0.05213763
v -0.42362627 -0.34922324 0.04492579
v -0.48342204 -0.32509288 0.01589954
v -0.47962656 -0.34391447 0.01030471
v -0.55915913 -0.20421140 0.01043605
v -0.55829535 -0.22351335 0.00527382
v -0.57078273 -0.16552650 0.00983669
v -0.57098191 -0.18503998 0.00546124
v -0.56168139 -0.04282902 0.04186534
v -0.56245931 -0.06193629 0.03601154
v -0.58723388 0.01624132 0.01721741
v -0.59315183 -0.00271723 0.01486983
v -0.52899759 0.01279042 0.07435113
v -0.53430270 -0.00632834 0.07184335
v -0.50552055 0.11916272 0.07969368
v -0.51192817 0.10053762 0.07622841
v -0.49981314 0.26751618 0.03092994
v -0.51142345 0.25124354 0.03032868
v -0.42296900 0.32447429 0.06224220
v -0.43545942 0.30895224 0.06050568
v -0.35932367 0.43748383 0.02941142
v -0.37565411 0.42595475 0.03000905
v -0.35485581 0.37226882 0.08034801
v -0.37055640 0.35990296 0.08108087
v -0.23710541 0.38296098 0.11704391
v -0.25447802 0.37305672 0.11680239
v -0.26495001 0.48839191 0.03757740
v -0.28235462 0.47860131 0.03648950
v -0.10363213 0.57526929 0.01204068
v -0.12344113 0.57251916 0.01202434
v -0.13132919 0.54563093 0.02856624
v -0.15093242 0.54167212 0.02859594
v 0.01273850 0.53890268 0.04911446
v -0.00721171 0.54029373 0.04899480
v 0.16814645 -0.56560405 0.00756174
v 0.17336887 -0.54913179 0.01762906
v 0.39389732 -0.45850384 0.00216778
v 0.39973286 -0.44060109 0.00890559
v 0.36320831 -0.48034054 0.00333346
v 0.36923639 -0.46242038 0.00985189
v 0.33116481 -0.50082335 0.00434629
v 0.33725689 -0.48302965 0.01114562
v 0.52074960 -0.29891466 0.00526813
v 0.52360682 -0.27977225 0.01030442
v 0.45845890 -0.33605744 0.02611494
v 0.46350958 -0.31800777 0.03309062
v 0.42551643 -0.41047558 0.01142184
v 0.43007431 -0.39168673 0.01653703
v 0.57194774 -0.02157280 0.03334481
v 0.56990150 -0.00198150 0.03680225
v 0.56867356 0.14721815 0.01355567
v 0.56254062 0.16610586 0.01592243
v 0.50221622 0.10746683 0.08379702
v 0.49646091 0.12641936 0.08656073
v 0.56766269 -0.06256105 0.02987648
v 0.56772028 -0.04318792 0.03484020
v 0.44661500 0.39329208 0.01040820
v 0.43341692 0.40831408 0.01007620
v 0.41700561 0.29698923 0.08131625
v 0.40551030 0.31333104 0.08218981
v 0.49692103 0.16861268 0.07887923
v 0.48925419 0.18701506 0.08047042
v 0.22052585 0.45640654 0.08034719
v 0.20301613 0.46606934 0.08034007
v 0.26438309 0.44172909 0.07206812
v 0.24759758 0.45259877 0.07183050
v 0.39280019 0.35840968 0.06698015
v 0.37980569 0.37360867 0.06728656
v 0.09009436 0.57683989 0.01297511
v 0.07051227 0.58089863 0.01314376
v 0.14810938 0.48969990 0.07081270
v 0.12894992 0.49509341 0.06886716
v -0.04792007 -0.55985780 0.02221716
v -0.04406420 -0.57781920 0.01431270
v -0.17848824 -0.52883742 0.02945705
v -0.17229114 -0.54518690 0.01974879
v 0.21334629 -0.55473639 0.00802215
v 0.21863249 -0.53721530 0.01608611
v -0.14683191 -0.47688770 0.05982461
v -0.14075608 -0.49397960 0.05140374
v -0.21424943 -0.41580892 0.09092995
v -0.20840771 -0.43297984 0.08250418
v -0.13975041 -0.51001131 0.04289603
v -0.13376943 -0.52729365 0.03480230
v -0.25274899 -0.46728123 0.05272068
v -0.24608398 -0.48367273 0.04340099
v -0.21509646 -0.47416285 0.05770842
v -0.20873735 -0.49077394 0.04856548
v -0.27057665 -0.47377065 0.04203263
v -0.26365190 -0.48998056 0.03258558
v -0.15671933 -0.33990752 0.11042377
v -0.15191252 -0.35822600 0.10399820
v -0.18519855 -0.36816406 0.10715857
v -0.18007880 -0.38617633 0.10013674
v -0.25131879 -0.30852040 0.13466846
v -0.24767641 -0.32671409 0.12720636
v -0.23585030 -0.32295015 0.12912182
v -0.23185424 -0.34109246 0.12171587
v -0.26527446 -0.27545205 0.14585814
v -0.26246778 -0.29418326 0.13943753
v -0.25102631 -0.38610496 0.10094008
v -0.24567888 -0.40385365 0.09343348
v -0.31156136 -0.26263309 0.14423136
v -0.30941382 -0.28167187 0.13849786
v -0.26973927 -0.37027071 0.10492321
v -0.26470738 -0.38819513 0.09761873
v -0.35094846 -0.35201764 0.08747791
v -0.34620054 -0.37008747 0.08034359
v -0.33246005 -0.38887635 0.07618468
v -0.32712549 -0.40681927 0.06914521
v -0.35000193 -0.33071471 0.09966194
v -0.34539314 -0.34852069 0.09180916
v -0.40953949 -0.34785265 0.05589740
v -0.40447744 -0.36573283 0.04850586
v -0.37156948 -0.35875091 0.07360193
v -0.36645535 -0.37658158 0.06612711
v -0.39158199 -0.38568890 0.04562131
v -0.38616383 -0.40357735 0.03850745
v -0.21408895 -0.25393964 0.14648184
v -0.21206166 -0.27311998 0.14119370
v -0.27265886 -0.16812449 0.17391639
v -0.27374679 -0.18741182 0.16874188
v -0.26807109 -0.25387705 0.15170650
v -0.26634162 -0.27311180 0.14651099
v -0.36064279 -0.19451493 0.14976248
v -0.36036080 -0.21378217 0.14440954
v -0.33779356 -0.11329268 0.17568313
v -0.34020337 -0.13273422 0.17166077
v -0.41420471 -0.05624277 0.15424496
v -0.41804384 -0.07567967 0.15151950
v -0.41317335 -0.19064737 0.12633659
v -0.41330938 -0.21017049 0.12200191
v -0.40733079 -0.15573472 0.13825171
v -0.40793135 -0.17512464 0.13339059
v -0.42911249 -0.09075406 0.14277570
v -0.43079780 -0.10999155 0.13757585
v -0.49388863 -0.10632713 0.09220382
v -0.49426705 -0.12553591 0.08665047
v -0.42029578 -0.17054443 0.12784823
v -0.42027848 -0.18982574 0.12253872
v -0.50100241 -0.12614594 0.08065692
v -0.50135561 -0.14548069 0.07555766
v -0.51900853 -0.04823631 0.08513418
v -0.52008512 -0.06730583 0.07920506
v -0.49281636 -0.14623869 0.08258621
v -0.49286389 -0.16555571 0.07740832
v -0.17435129 -0.10390854 0.17123527
v -0.17816277 -0.12325256 0.16788239
v -0.24109881 -0.14924012 0.17716331
v -0.24273094 -0.16879678 0.17331192
v -0.24333096 -0.07483512 0.18771339
v -0.24803270 -0.09408864 0.18503840
v -0.26141045 -0.04327740 0.19174177
v -0.26701579 -0.06235163 0.18957066
v -0.31685211 -0.02169253 0.18710753
v -0.32262717 -0.04068198 0.18465610
v -0.29785016 -0.11218159 0.18251157
v -0.30064026 -0.13168403 0.17907204
v -0.31248595 0.00325322 0.18943612
v -0.31918059 -0.01543730 0.18702645
v -0.35964019 0.00268495 0.17619104
v -0.36568627 -0.01621087 0.17367048
v -0.39369072 0.07458942 0.16176215
v -0.40059346 0.05614606 0.15827576
v -0.37555885 -0.05813850 0.17003495
v -0.37995715 -0.07755689 0.16815316
v -0.39667812 0.00196730 0.16194181
v -0.40241910 -0.01704193 0.15956477
v -0.40906188 0.11263614 0.15033156
v -0.41692902 0.09446075 0.14755245
v -0.42856192 0.07719742 0.14171449
v -0.43540489 0.05863038 0.13881637
v -0.45129496 -0.03252099 0.13462292
v -0.45616617 -0.05181736 0.13265279
v -0.49825237 0.00890824 0.09969245
v -0.50381311 -0.01018354 0.09756115
v -0.49289430 0.08170789 0.09558972
v -0.49935159 0.06298415 0.09281748
v -0.50347057 0.16797293 0.07396148
v -0.51039488 0.14960919 0.07011609
v -0.44892353 0.01683521 0.13313715
v -0.45472367 -0.00217373 0.13090593
v -0.16339844 0.00433027 0.18706270
v -0.17256630 -0.01342739 0.18630377
v -0.17511750 -0.03757626 0.18287693
v -0.18182045 -0.05635000 0.18127159
v -0.21532158 0.13619405 0.19596314
v -0.22866887 0.12130236 0.19618102
v -0.23642283 0.14540027 0.19364547
v -0.24939412 0.13018492 0.19319956
v -0.28940954 0.10487136 0.18922820
v -0.30007241 0.08795394 0.18897515
v -0.29791585 0.05011120 0.19231045
v -0.30658136 0.03212079 0.19120848
v -0.27863136 0.16127153 0.18428997
v -0.29105422 0.14560279 0.18393887
v -0.35343311 0.14708374 0.16531591
v -0.36441313 0.13037128 0.16562060
v -0.30755880 0.26788891 0.15048323
v -0.32185731 0.25390655 0.15040540
v -0.38448362 0.19893429 0.13809833
v -0.39590749 0.18252351 0.13772232
v -0.38882773 0.14835328 0.15120639
v -0.39931612 0.13132697 0.15144811
v -0.45022035 0.19390817 0.10413053
v -0.46115204 0.17716145 0.10420425
v -0.12525533 0.08010054 0.19110476
v -0.13888615 0.06546774 0.19131005
v -0.13583965 0.14290302 0.19353103
v -0.15184937 0.13101011 0.19501693
v -0.16287430 0.22469970 0.18557960
v -0.18010259 0.21457442 0.18637009
v -0.12514629 0.19682303 0.19092273
v -0.14297819 0.18782058 0.19189190
v -0.15797393 0.17538369 0.19275865
v -0.17414928 0.16369995 0.19410339
v -0.19671380 0.14998939 0.19527171
v -0.21105112 0.13607120 0.19609960
v -0.15446328 0.26572405 0.17773462
v -0.17239840 0.25687734 0.17790010
v -0.22482173 0.20485145 0.18485822
v -0.23995524 0.19196165 0.18704682
v -0.20274793 0.27723006 0.16843898
v -0.21982285 0.26683696 0.16906386
v -0.27694830 0.24218239 0.16764574
v -0.29156422 0.22855562 0.16844969
v -0.12775065 0.38155713 0.13683556
v -0.14700047 0.37642155 0.13857632
v -0.27334030 0.29932858 0.14676132
v -0.28937428 0.28744835 0.14807735
v -0.29736436 0.30432432 0.13866269
v -0.31309326 0.29206352 0.14015738
v -0.25473455 0.40987252 0.09630673
v -0.27203672 0.39984786 0.09598877
v -0.31166618 0.36618505 0.10136304
v -0.32799931 0.35468095 0.10228208
v -0.05865588 0.16907894 0.19066353
v -0.07779721 0.16333098 0.19139195
v -0.08491687 0.17196741 0.19167073
v -0.10339644 0.16438405 0.19264966
v -0.02563753 0.23274434 0.18406205
v -0.04554777 0.23094410 0.18461126
v -0.04912071 0.26165657 0.17905717
v -0.06889430 0.25879806 0.17994821
v -0.04182246 0.29663821 0.17036166
v -0.06171435 0.29471644 0.17112308
v 0.00040872 0.35878614 0.14993525
v -0.01958827 0.35900230 0.14975229
v -0.02827115 0.32860766 0.16058340
v -0.04822979 0.32739985 0.16097575
v -0.09204233 0.30338274 0.16863560
v -0.11144569 0.29867776 0.16979016
v -0.06940796 0.40279888 0.12911908
v -0.08923196 0.40018923 0.12951776
v -0.03356475 0.38190587 0.14000194
v -0.05352027 0.38059938 0.13982729
v -0.10777627 0.42034327 0.11824034
v -0.12731580 0.41615274 0.11901895
v -0.04455012 0.45289169 0.10376007
v -0.06447346 0.45119476 0.10338484
v -0.04673039 0.48563537 0.08385430
v -0.06665434 0.48397709 0.08335834
v -0.11624545 0.47459366 0.08447085
v -0.13589327 0.47097208 0.08536947
v -0.16195787 0.46448266 0.08731953
v -0.18121700 0.45929108 0.08876646
v 0.13012516 0.15037334 0.19372357
v 0.11306391 0.16077982 0.19296272
v 0.04434432 0.21254599 0.18694593
v 0.02462094 0.21583740 0.18660715
v 0.00989146 0.26065822 0.17894634
v -0.01009696 0.26129500 0.17881317
v 0.01476905 0.23930266 0.18276678
v -0.00520460 0.24030635 0.18269063
v 0.16334041 0.24090667 0.18241135
v 0.14586728 0.25061280 0.18174751
v 0.05947470 0.30547403 0.16802577
v 0.03976544 0.30869139 0.16695171
v 0.11581343 0.32322364 0.16170684
v 0.09670420 0.32883677 0.15989304
v 0.13536351 0.35314493 0.14932160
v 0.11641832 0.35933265 0.14766278
v 0.08990300 0.37312074 0.14241954
v 0.07040930 0.37728757 0.14080917
v 0.05660232 0.41680423 0.12275254
v 0.03682963 0.41975256 0.12219743
v 0.10998420 0.38126182 0.13780522
v 0.09067938 0.38624968 0.13625437
v 0.03144269 0.44453799 0.10911253
v 0.01156750 0.44675514 0.10925789
v 0.19867443 0.42801435 0.10469335
v 0.18050612 0.43621503 0.10307418
v 0.11686292 0.51617139 0.05411975
v 0.09742235 0.52070553 0.05290891
v 0.07603633 0.44573227 0.10565748
v 0.05638090 0.44936614 0.10501035
v 0.10665369 -0.51223299 0.04190787
v 0.11174159 -0.49474455 0.05016786
v 0.18055544 -0.43354889 0.08161072
v 0.18596279 -0.41603990 0.08962046
v 0.18388144 -0.47723062 0.05952993
v 0.18952635 -0.46028663 0.06852973
v 0.14561936 -0.48355918 0.05667638
v 0.15105108 -0.46619919 0.06498825
v 0.24242248 -0.40033599 0.09562881
v 0.24738711 -0.38226083 0.10260025
v 0.22210644 -0.47289582 0.05678784
v 0.22811211 -0.45640210 0.06637164
v 0.25941454 -0.47128895 0.04790801
v 0.26588344 -0.45521558 0.05789600
v 0.20572302 -0.50386976 0.04043816
v 0.21155347 -0.48716980 0.04976968
v 0.23860883 -0.50107017 0.03334765
v 0.24485790 -0.48479678 0.04314999
v 0.23812328 -0.55579225 0.00174762
v 0.24358984 -0.53827619 0.00970151
v 0.15017378 -0.37474934 0.09839891
v 0.15499908 -0.35644372 0.10484724
v 0.12035572 -0.45157738 0.06834775
v 0.12593000 -0.43357939 0.07505292
v 0.26622513 -0.32442653 0.12688371
v 0.26976272 -0.30600043 0.13380646
v 0.31625626 -0.36645179 0.09436258
v 0.32075997 -0.34835254 0.10158020
v 0.30277294 -0.25868657 0.14732510
v 0.30453255 -0.23926690 0.15176808
v 0.26260258 -0.40843770 0.08882081
v 0.26779523 -0.39057092 0.09615393
v 0.35644376 -0.37216722 0.07368349
v 0.36117201 -0.35407331 0.08076968
v 0.38029207 -0.24511109 0.12862941
v 0.38175745 -0.22566988 0.13308494
v 0.30655473 -0.32990269 0.11623170
v 0.31050973 -0.31182597 0.12381789
v 0.37014685 -0.40490185 0.04784958
v 0.37525636 -0.38676621 0.05455417
v 0.35547445 -0.31485950 0.10583290
v 0.35961253 -0.29692640 0.11365851
v 0.43800311 -0.34715884 0.03499061
v 0.44320096 -0.32923711 0.04218463
v 0.40101806 -0.43882515 0.00922910
v 0.40659516 -0.42077517 0.01579067
v 0.45863161 -0.26962914 0.06805104
v 0.46278795 -0.25164345 0.07574515
v 0.20185363 -0.28532011 0.13654549
v 0.20455603 -0.26627328 0.14201131
v 0.15882471 -0.33478303 0.11250343
v 0.16292205 -0.31613176 0.11844497
v 0.26705921 -0.16801561 0.17399182
v 0.26590876 -0.14851849 0.17829281
v 0.26319764 -0.18954663 0.16853294
v 0.26266972 -0.17022537 0.17366814
v 0.24560413 -0.19696095 0.16593964
v 0.24525968 -0.17785905 0.17185222
v 0.28733277 -0.27306397 0.14568998
v 0.28960820 -0.25378388 0.15049209
v 0.31840591 -0.13670099 0.17565234
v 0.31645963 -0.11720882 0.17968061
v 0.29656708 -0.14317385 0.17699298
v 0.29469172 -0.12372434 0.18125436
v 0.33921369 -0.22760375 0.14748777
v 0.34027882 -0.20825766 0.15244299
v 0.41381955 -0.21578794 0.11957320
v 0.41494286 -0.19645141 0.12455283
v 0.36281929 -0.26042125 0.13173526
v 0.36472090 -0.24105303 0.13634136
v 0.43742327 -0.13975728 0.12539512
v 0.43740108 -0.12045077 0.13061221
v 0.41747974 -0.23854661 0.11165447
v 0.41865025 -0.21904122 0.11591234
v 0.50327840 -0.13542459 0.07649918
v 0.50345050 -0.11599773 0.08124550
v 0.48643545 -0.05503770 0.11149209
v 0.48366326 -0.03543882 0.11434841
v 0.19049661 -0.15424705 0.16470179
v 0.18823105 -0.13462793 0.16785095
v 0.17876697 -0.03656899 0.18366610
v 0.17138496 -0.01808545 0.18562179
v 0.17653217 -0.21504147 0.14783587
v 0.17691703 -0.19556397 0.15235683
v 0.28604758 -0.10084483 0.18477879
v 0.28241920 -0.08132291 0.18716406
v 0.38263948 -0.10480210 0.16328560
v 0.38060015 -0.08534233 0.16742304
v 0.32321741 -0.11103903 0.17943919
v 0.32017446 -0.09139175 0.18160360
v 0.39976959 -0.04071826 0.16087377
v 0.39514986 -0.02134328 0.16267055
v 0.47804759 0.01755330 0.11374849
v 0.47306130 0.03680588 0.11585442
v 0.53747958 0.08771436 0.05338099
v 0.53203211 0.10682857 0.05560175
v 0.44501276 0.09256431 0.13019508
v 0.43836414 0.11125969 0.13269282
v 0.46317243 0.05982144 0.12082863
v 0.45716359 0.07877768 0.12295351
v 0.18731659 -0.11390876 0.17192818
v 0.18320462 -0.09454349 0.17476334
v 0.23873374 0.01929176 0.19627562
v 0.22981272 0.03718953 0.19648814
v 0.19840975 0.02344396 0.19417189
v 0.18842298 0.04076199 0.19472874
v 0.19970029 -0.07186654 0.18215816
v 0.19391367 -0.05281385 0.18402094
v 0.27817267 0.01190115 0.19469614
v 0.27021569 0.03022694 0.19559727
v 0.24824758 0.09376341 0.19534182
v 0.23676386 0.11013658 0.19528108
v 0.35694076 0.07986842 0.17536035
v 0.34814108 0.09780537 0.17625010
v 0.30771973 0.12222943 0.18300412
v 0.29689071 0.13902591 0.18375950
v 0.32076320 0.10188453 0.18315891
v 0.31048831 0.11903833 0.18279276
v 0.41082326 0.19531965 0.12653050
v 0.40004544 0.21216496 0.12634534
v 0.37189403 0.21926448 0.13836152
v 0.36023841 0.23551091 0.13876142
v 0.31483172 0.25727033 0.15166795
v 0.30111576 0.27182466 0.15173223
v 0.40759166 0.11298427 0.15103785
v 0.39863505 0.13086276 0.15135198
v 0.46578804 0.15949158 0.10697988
v 0.45659369 0.17725056 0.10677306
v 0.36536874 0.29283283 0.11563152
v 0.35302890 0.30852765 0.11679797
v 0.18045715 0.06124095 0.19587106
v 0.16830023 0.07711589 0.19547667
v 0.14056422 0.11249791 0.19399534
v 0.12499817 0.12503551 0.19331221
v 0.20227780 0.16397131 0.19333032
v 0.18698525 0.17677324 0.19184416
v 0.18534474 0.12934041 0.19655001
v 0.17053509 0.14271956 0.19527221
v 0.24773718 0.14704381 0.19187270
v 0.23424821 0.16180856 0.19177203
v 0.23867359 0.24553165 0.17290162
v 0.22291225 0.25775974 0.17148243
v 0.13574618 0.27119247 0.17769522
v 0.11724366 0.27852536 0.17573421
v 0.27674913 0.30477568 0.14354700
v 0.26103922 0.31705238 0.14198456
v 0.19766582 0.31400297 0.15662808
v 0.18039904 0.32409221 0.15646852
v 0.18456403 0.23235197 0.18272402
v 0.16772503 0.24308743 0.18164794
v 0.22395728 0.36537840 0.12966521
v 0.20672683 0.37551633 0.12912295
v 0.21801006 0.30130135 0.15811792
v 0.20111996 0.31192461 0.15676492
v 0.37869401 0.32789444 0.09363740
v 0.36578191 0.34316214 0.09400488
v -0.58854270 -0.08557729 0.00862951
v -0.59044226 -0.10519811 0.00525681
v 0.47739940 0.34105586 0.01328930
v 0.46564892 0.35723814 0.01343059
v 0.30116869 -0.52451667 0.00126132
v 0.30686700 -0.50620857 0.00694485
v 0.36806807 -0.44374527 0.02080013
v 0.37516060 -0.42758964 0.03021562
v 0.27143274 -0.50193298 0.02070662
v 0.27816304 -0.48576053 0.03035623
v -0.28332994 -0.50523550 0.01642518
v -0.27676078 -0.52225665 0.00823454
v -0.29029096 -0.46024729 0.04479362
v -0.28319285 -0.47634614 0.03528552
v -0.49606360 -0.22343418 0.05952484
v -0.49453238 -0.24253772 0.05380907
v 0.52900658 -0.09952232 0.06191540
v 0.52931156 -0.08019093 0.06703055
v 0.35163231 -0.44187375 0.03099996
v 0.35865349 -0.42572150 0.04047455
v 0.44820556 0.30952138 0.04992371
v 0.43671352 0.32588219 0.05038929
v -0.47325487 0.22146436 0.07665366
v -0.48441164 0.20486994 0.07631942
v -0.08613941 0.49764036 0.07163452
v -0.10596908 0.49504963 0.07181417
v -0.21082803 0.52425868 0.03334916
v -0.22939158 0.51684424 0.03273224
v 0.45852955 -0.16647509 0.10375446
v 0.45888548 -0.14707880 0.10861419
v 0.44615697 0.19289789 0.10690784
v 0.43578111 0.20998642 0.10637535
v 0.40811352 0.21820725 0.11935655
v 0.39702058 0.23484766 0.11941603
v -0.13223639 0.41720397 0.11813978
v -0.15160109 0.41261361 0.12011387
v -0.42385819 -0.20772830 0.11625874
v -0.42347220 -0.22716152 0.11155118
v -0.38130870 -0.12618088 0.15861306
v -0.38247679 -0.14537431 0.15311689
v 0.42642264 -0.17811930 0.12224929
v 0.42697684 -0.15880232 0.12739777
v -0.21798892 -0.45413396 0.06957752
v -0.21170783 -0.47077589 0.06043673
v -0.35214781 0.12163021 0.17106583
v -0.36242133 0.10447169 0.17105437
v 0.34401129 0.14144775 0.16995583
v 0.33324563 0.15830183 0.16993745
v 0.31620265 0.18499161 0.17001602
v 0.30386592 0.20071757 0.17069361
v 0.35708777 -0.21298090 0.14623287
v 0.35757651 -0.19341779 0.15035668
v -0.32451886 -0.18957443 0.16101700
v -0.32472377 -0.20898384 0.15620110
v 0.24177094 -0.44197017 0.07301622
v 0.24764317 -0.42517097 0.08214112
v -0.19292409 -0.51311446 0.03716811
v -0.18660733 -0.52955269 0.02768956
v 0.31904547 0.04352427 0.18971797
v 0.31065044 0.06167588 0.18976765
v 0.32061384 0.14386215 0.17622358
v 0.30936772 0.16039556 0.17658579
v 0.10347726 0.29246978 0.17179713
v 0.08429966 0.29793508 0.17027714
v 0.28054074 -0.22346892 0.15931556
v 0.28112116 -0.20400503 0.16387409
v 0.11678246 -0.55504998 0.01957135
v 0.12145094 -0.53784060 0.02862686
v -0.19179638 0.10347745 0.19763143
v -0.20470106 0.08820021 0.19744401
v -0.24037025 0.02270920 0.19631390
v -0.24887126 0.00461056 0.19595002
v 0.04925453 0.26925378 0.17757264
v 0.02949551 0.27207517 0.17631525
v -0.28006045 -0.07646549 0.18760117
v -0.28438888 -0.09581628 0.18499891
v 0.22057868 -0.12681015 0.17740845
v 0.21731492 -0.10722938 0.17983772
v 0.24871466 -0.09454641 0.18499164
v 0.24438435 -0.07519223 0.18756535
v -0.01641407 0.18633757 0.18877893
v -0.03634394 0.18473018 0.18919942
v -0.05652766 0.20910108 0.18830362
v -0.07599139 0.20456996 0.18907306
v 0.16142809 0.09757875 0.19600922
v 0.14713908 0.11149852 0.19458650
v 0.16429238 0.16071435 0.19409950
v 0.14800506 0.17224409 0.19277731
v -0.23870787 -0.09741919 0.18430095
v -0.24253235 -0.11692775 0.18212163
v 0.11836447 0.08053144 0.19061835
v 0.10342374 0.09381513 0.19114596
v 0.07548783 0.40622362 0.12714882
v 0.05583256 0.40980673 0.12625901
v -0.20578770 0.04371599 0.19681728
v -0.21590891 0.02648989 0.19593242
v -0.14590337 0.04264946 0.18967408
v -0.15730016 0.02622303 0.18917866
v -0.16305360 0.28571334 0.17154072
v -0.18100610 0.27690537 0.17183629
v 0.14868691 -0.50528083 0.04562385
v 0.15405307 -0.48823611 0.05460391
v 0.18836378 0.52426311 0.03736372
v 0.16948560 0.53044731 0.03505497
v -0.54516631 0.13073285 0.03751018
v -0.55171289 0.11211725 0.03426033
v -0.46549167 -0.31847636 0.03125019
v -0.46084720 -0.33660537 0.02419840
v 0.47264960 -0.37013017 0.00443406
v 0.47679418 -0.35121247 0.00942438
v -0.32330544 0.50038462 0.00699961
v -0.34028566 0.48982647 0.00660262
v 0.10598622 -0.59165921 0.00180886
v 0.11003469 -0.57392853 0.01012710
v 0.33218720 0.48344145 0.01221040
v 0.31593353 0.49505695 0.01128381
v -0.09816051 -0.52722434 0.03493559
v -0.09271990 -0.54451637 0.02648898
v 0.47760034 -0.09054042 0.10909377
v 0.47743690 -0.07133783 0.11467892
v -0.16548568 -0.30406505 0.12243927
v -0.16151003 -0.32279358 0.11666031
v 0.49484423 0.21276618 0.06430112
v 0.48442634 0.22982028 0.06353616
v -0.53660282 -0.17868795 0.03436474
v -0.53661048 -0.19819572 0.02995941
v -0.52842325 -0.11273076 0.05876991
v -0.52864855 -0.13202959 0.05352922
v 0.22630417 -0.18481661 0.16731533
v 0.22578436 -0.16516187 0.17097333
v 0.21117281 -0.23876108 0.15039122
v 0.21217991 -0.21944702 0.15548170
v -0.16779626 -0.06141346 0.17783612
v -0.17351378 -0.08043794 0.17552552
v -0.22960471 -0.05736602 0.18985478
v -0.23499400 -0.07643336 0.18714326
v -0.53416675 0.09572136 0.05540589
v -0.54035491 0.07695088 0.05235042
v -0.45782999 0.15065788 0.11402613
v -0.46565804 0.13250733 0.11098654
v -0.36607335 0.33740657 0.09718525
v -0.37958981 0.32278966 0.09528493
v -0.41249834 0.31031919 0.07780973
v -0.42492157 0.29474357 0.07607103
v -0.01182647 0.50371141 0.07516292
v -0.03179066 0.50318938 0.07410529
v -0.05085102 0.51742204 0.06142014
v -0.07073096 0.51549057 0.06041143
v 0.21232905 -0.52241194 0.02673812
v 0.21817491 -0.50578149 0.03618345
v 0.26514572 0.34048190 0.12959757
v 0.24895044 0.35220100 0.12901803
v 0.25097344 0.49910710 0.03643867
v 0.23400565 0.50968804 0.03675167
v -0.21565965 0.41226266 0.10795188
v -0.23342965 0.40312380 0.10713437
v 0.08422665 -0.52820036 0.03510735
v 0.08902525 -0.51024936 0.04250297
v -0.42950481 -0.31164228 0.06380744
v -0.42473008 -0.32939552 0.05593443
v 0.16619726 -0.05209854 0.17889376
v 0.15963199 -0.03333253 0.18106034
v 0.48234852 0.10764620 0.10083383
v 0.47620271 0.12649694 0.10344893
v 0.39355946 0.07436708 0.16106403
v 0.38653381 0.09286397 0.16397356
v 0.43873445 -0.26705826 0.08481609
v 0.44269723 -0.24901287 0.09247248
v 0.32794933 -0.29258192 0.12876723
v 0.33143716 -0.27458906 0.13677047
v -0.09451120 0.36242521 0.14654894
v -0.11410769 0.35871772 0.14802943
v 0.42107720 -0.13504384 0.13696982
v 0.42053327 -0.11563805 0.14177391
v 0.37337014 -0.15195247 0.15530880
v 0.37301838 -0.13272449 0.16079709
v -0.23057854 -0.49982809 0.03667674
v -0.22399639 -0.51638570 0.02759484
v -0.39538809 0.05018631 0.16096905
v -0.40231526 0.03155867 0.15873626
v -0.36118362 0.04295291 0.17615493
v -0.36807162 0.02438628 0.17336287
v 0.03262457 0.14727094 0.19066826
v 0.01304328 0.15133671 0.19071755
v 0.07122325 0.34141525 0.15554477
v 0.05158613 0.34507028 0.15455267
v 0.01265957 0.43114506 0.11730008
v -0.00730879 0.43222667 0.11706633
v 0.13445146 -0.54065721 0.02614029
v 0.13954158 -0.52407884 0.03610063
v -0.28637396 0.20531971 0.17512448
v -0.29943698 0.19021691 0.17401872
v 0.30853340 -0.50406497 0.00792846
v 0.31485894 -0.48678886 0.01576962
v -0.35577946 -0.47631810 0.00616219
v -0.34945510 -0.49455941 0.00094522
v -0.31303409 -0.40421582 0.07576288
v -0.30714274 -0.42163517 0.06790041
v -0.39182820 -0.28165697 0.10557724
v -0.38815103 -0.29972310 0.09782781
v -0.35142943 -0.15403286 0.16341036
v -0.35212075 -0.17320123 0.15774857
v 0.13568027 0.30954062 0.16647837
v 0.11686676 0.31600134 0.16441170
v -0.27630739 -0.31233290 0.13018206
v -0.27258832 -0.33055425 0.12282606
v -0.22300064 -0.27695404 0.14222154
v -0.22004901 -0.29602561 0.13697532
v 0.30944285 -0.30651077 0.12665887
v 0.31303428 -0.28849321 0.13456007
v -0.26270658 -0.06579678 0.18919812
v -0.26758114 -0.08502323 0.18664033
v -0.24866468 -0.00035788 0.19568935
v -0.25605979 -0.01887663 0.19416342
v -0.18351901 -0.46381106 0.06730654
v -0.17735720 -0.48065490 0.05845910
v -0.37256845 -0.14644147 0.15744151
v -0.37338819 -0.16570611 0.15213474
v -0.43624842 -0.12635812 0.12973906
v -0.43689555 -0.14556040 0.12418803
v -0.17751868 -0.18664180 0.15458097
v -0.17773313 -0.20618950 0.15036179
v -0.22126895 -0.14669789 0.17384186
v -0.22297042 -0.16636063 0.17061053
v 0.22138702 -0.43226477 0.08156378
v 0.22697129 -0.41510130 0.09017721
v 0.30960272 0.16267442 0.17610401
v 0.29756540 0.17863221 0.17674569
v -0.00131793 0.30294946 0.16869971
v -0.02131674 0.30298086 0.16861928
v -0.08583556 0.32280983 0.16188645
v -0.10539995 0.31890079 0.16326996
v -0.06446682 0.12796015 0.19126958
v -0.08290146 0.12020725 0.19139818
v -0.15778744 0.15211161 0.19451983
v -0.17343281 0.13968813 0.19543607
v 0.20076845 -0.04913872 0.18610516
v 0.19415571 -0.03031825 0.18752700
v -0.19895866 0.17318228 0.19201216
v -0.21391689 0.16001796 0.19371865
v 0.20589194 0.14129254 0.19563128
v 0.19130121 0.15492880 0.19457166
v 0.21894587 0.17816701 0.19063200
v 0.20380042 0.19115031 0.18921440
v 0.16978719 -0.51237337 0.04074282
v 0.17527467 -0.49542058 0.04982303
v 0.07855863 0.24255771 0.18368931
v 0.05922676 0.24741041 0.18204923
v 0.07697823 0.18577231 0.19032485
v 0.05791497 0.19175779 0.18947262
v 0.12480523 0.23196765 0.18599096
v 0.10642683 0.23974628 0.18469207
v -0.48853276 0.31866695 0.01563469
v -0.50100317 0.30304017 0.01513205
v -0.46322067 0.35636611 0.01615080
v -0.47580097 0.34092147 0.01437341
v 0.15628988 -0.39845788 0.09181905
v 0.16140001 -0.38041006 0.09875612
v -0.16802565 0.07332595 0.19541684
v -0.18024141 0.05749715 0.19584617
v 0.13880786 0.06558936 0.19130989
v 0.12520221 0.08024429 0.19102830
v 0.20819436 -0.34488320 0.11804200
v 0.21189155 -0.32702563 0.12625163
v -0.04305226 0.18918726 0.18927999
v -0.06261721 0.18522726 0.19050107
v -0.08353403 0.24846944 0.18212514
v -0.10283895 0.24346058 0.18360539
v -0.22643314 0.28523790 0.16205633
v -0.24310189 0.27420266 0.16263612
v 0.35608229 0.47823311 0.00667467
v 0.34030002 0.49050855 0.00623473
v -0.30227084 0.46589492 0.03615624
v -0.31927215 0.45536943 0.03579646
v -0.36365036 0.40555532 0.05162593
v -0.37980608 0.39380575 0.05257485
v -0.57677161 0.08736141 0.01561287
v -0.58453362 0.06895175 0.01472103
v -0.56606680 0.04962273 0.03186925
v -0.57214727 0.03074048 0.02932981
v -0.47187130 0.31121548 0.02993498
v -0.48397102 0.29533728 0.02873519
v 0.53997739 0.18391398 0.03228118
v 0.53359874 0.20267466 0.03498482
v 0.57911892 -0.10751987 0.01226355
v 0.57835814 -0.08781891 0.01561815
v 0.53281992 -0.12054462 0.05252815
v 0.53316778 -0.10113669 0.05734179
v 0.05627857 0.53288476 0.04874998
v 0.03654360 0.53611862 0.04893192
v -0.22150830 0.54212625 0.01637833
v -0.24008981 0.53475138 0.01583174
v 0.32839331 0.37651048 0.08828669
v 0.31287695 0.38905283 0.08691136
v 0.37013836 0.39266907 0.05823386
v 0.35482691 0.40535954 0.05611923
v 0.55868909 -0.19393913 0.01296307
v 0.55856024 -0.17422628 0.01633158
v 0.54144498 0.25316068 0.00763085
v 0.53180245 0.27066435 0.00840739
v 0.45127729 0.28746691 0.05929419
v 0.43996406 0.30395624 0.05956403
v -0.18751428 -0.24787835 0.14232229
v -0.18550710 -0.26705628 0.13701777
v -0.53378412 -0.15721254 0.04224557
v -0.53378028 -0.17664104 0.03750289
v 0.47595063 -0.34754108 0.01119652
v 0.47993313 -0.32860259 0.01623967
v -0.45683777 -0.38036813 0.00773793
v -0.45253883 -0.39916337 0.00242588
v -0.47961820 -0.22534330 0.07265946
v -0.47802429 -0.24440168 0.06681160
v 0.38011438 -0.03296082 0.16839349
v 0.37519522 -0.01368459 0.17044017
v 0.38576682 -0.08101358 0.16582130
v 0.38202523 -0.06143275 0.16741863
v 0.28612716 0.46733445 0.04289503
v 0.26956490 0.47853913 0.04256832
v 0.25248848 0.42881742 0.08601887
v 0.23540831 0.43920601 0.08546673
v -0.46309770 0.05492960 0.12088119
v -0.46955186 0.03614741 0.11852894
v 0.40110981 -0.27458607 0.10505591
v 0.40490638 -0.25652714 0.11276443
v 0.49934301 -0.11478136 0.08512328
v 0.49944882 -0.09543693 0.09019691
v 0.46891720 -0.04932000 0.12375625
v 0.46553299 -0.02975121 0.12611626
v 0.06772740 -0.60365781 0.00082403
v 0.07079964 -0.58553699 0.00870801
v -0.19812369 0.40148147 0.11885131
v -0.21614773 0.39284275 0.11816822
v -0.21024077 0.34069752 0.14396852
v -0.22783247 0.33118540 0.14386150
v -0.43075299 -0.27275404 0.08695841
v -0.42676506 -0.29061537 0.07889435
v -0.37382874 -0.25345077 0.12908390
v -0.37103081 -0.27170187 0.12140085
v 0.39385003 0.18383693 0.13889097
v 0.38303834 0.20066120 0.13878409
v 0.42491917 0.22800572 0.10575958
v 0.41391277 0.24470359 0.10575401
v -0.50581078 -0.08727667 0.08664231
v -0.50649665 -0.10648416 0.08111400
v 0.31550708 0.23340930 0.15874545
v 0.30237255 0.24847536 0.15942234
v 0.40348846 0.26486133 0.10404842
v 0.39187399 0.28113410 0.10455935
v -0.35084770 -0.41611038 0.05190182
v -0.34402836 -0.43259144 0.04285576
v 0.37323742 -0.38303919 0.05786609
v 0.37845948 -0.36520383 0.06525458
v 0.33329101 -0.41894981 0.05769336
v 0.33908757 -0.40159271 0.06576125
v -0.27197689 -0.00596118 0.19494279
v -0.27879910 -0.02456207 0.19221803
v 0.22186672 0.34483542 0.13933082
v 0.20479593 0.35524595 0.13891982
v 0.20666048 0.39664432 0.11919346
v 0.18905005 0.40612198 0.11911113
v 0.36316258 -0.34887427 0.08260134
v 0.36807239 -0.33123957 0.09065561
v -0.08925022 0.13056851 0.19167471
v -0.10671170 0.12083058 0.19215353
v -0.09351599 0.40267425 0.12808698
v -0.11316114 0.39903888 0.12898834
v -0.16423467 0.37760295 0.13658191
v -0.18296689 0.37066180 0.13752225
v -0.13597967 -0.57056355 0.00878671
v -0.13053502 -0.58790359 0.00044173
v -0.22390390 -0.53385619 0.01678358
v -0.21775152 -0.55117528 0.00889960
v 0.02655389 -0.60479200 0.00376275
v 0.02793170 -0.58649985 0.01172885
v -0.33631177 0.18141703 0.16364253
v -0.34815859 0.16530902 0.16326154
v -0.40522858 0.16142705 0.14012617
v -0.41577788 0.14443755 0.14029604
v -0.33935786 0.29032041 0.13048459
v -0.35268592 0.27553833 0.12853198
v -0.32616646 0.21486070 0.15904377
v -0.33879923 0.19936413 0.15856465
v 0.01090022 0.47582033 0.09245625
v -0.00907540 0.47673588 0.09214574
v 0.37724202 -0.22236022 0.13590374
v 0.37819112 -0.20290657 0.14044409
v 0.05104877 0.38397964 0.13848353
v 0.03125041 0.38679789 0.13827774
v 0.28856333 0.08046223 0.19165043
v 0.27848318 0.09773504 0.19162823
v 0.34217833 0.10080714 0.17766716
v 0.33234679 0.11822054 0.17739451
v -0.29140919 -0.37600135 0.09723507
v -0.28620057 -0.39379303 0.08973264
v -0.24226050 -0.34433072 0.12005487
v -0.23776238 -0.36236809 0.11268057
v -0.31235050 -0.42583896 0.06324642
v -0.30536792 -0.44179321 0.05341457
v 0.16374948 -0.46955388 0.06398268
v 0.16925411 -0.45244631 0.07275710
v -0.29581970 -0.13629125 0.17875011
v -0.29776297 -0.15582927 0.17494888
v 0.17898601 0.03714285 0.19302327
v 0.16782148 0.05372947 0.19346751
v -0.44759393 -0.14084828 0.11810536
v -0.44808576 -0.16016399 0.11294576
v 0.22103536 0.23578926 0.17811650
v 0.20501136 0.24765073 0.17653627
v 0.27723208 0.26083560 0.16207450
v 0.26191323 0.27344810 0.15958100
v -0.23679243 0.24923607 0.17201721
v -0.25264779 0.23713184 0.17345083
v 0.22239662 -0.49138797 0.04453108
v 0.22842651 -0.47488676 0.05408673
v 0.23727497 -0.29169776 0.13998002
v 0.24012265 -0.27278022 0.14580904
v -0.25009032 -0.23506237 0.15682398
v -0.24910388 -0.25430200 0.15145523
v -0.05750528 0.28227278 0.17447428
v -0.07725111 0.27917986 0.17517844
v 0.25888646 0.02798085 0.19620711
v 0.25002506 0.04590770 0.19645979
v 0.27374845 -0.36081691 0.10876350
v 0.27799315 -0.34275558 0.11622881
v 0.21813852 -0.04030684 0.19023130
v 0.21133409 -0.02153257 0.19132057
v -0.16781587 0.33873853 0.15338898
v -0.18610110 0.33063858 0.15342569
v 0.14320880 0.16774743 0.19318636
v 0.12623797 0.17831598 0.19267972
v 0.20121222 0.24547943 0.17762351
v 0.18468163 0.25671633 0.17696666
v 0.21772587 0.27920901 0.16548975
v 0.20113294 0.29032718 0.16447929
v -0.40325347 -0.12146657 0.14942525
v -0.40437327 -0.14066685 0.14394298
v 0.11421802 0.34210124 0.15456068
v 0.09503214 0.34747099 0.15282065
v 0.06142047 0.17208320 0.19088222
v 0.04214655 0.17730930 0.18980337
v 0.03772187 0.23312059 0.18418456
v 0.01789877 0.23565631 0.18342643
v -0.13045071 0.12264059 0.19335307
v -0.14593208 0.11000794 0.19419150
v -0.30221300 0.18957704 0.17330048
v -0.31468711 0.17396551 0.17250272
v 0.09724217 0.31233576 0.16590452
v 0.07794440 0.31717746 0.16387618
v -0.14588917 -0.37522005 0.09731355
v -0.14036952 -0.39330359 0.09079595
v -0.19619838 -0.43051840 0.08432436
v -0.19024664 -0.44760081 0.07579629
v 0.29828237 -0.18495610 0.16757301
v 0.29786622 -0.16548879 0.17213486
v 0.28122856 -0.20071348 0.16465161
v 0.28113300 -0.18140174 0.16984849
v 0.20494246 0.09553517 0.19738215
v 0.19202326 0.11080129 0.19738032
v -0.21025369 -0.05818304 0.18684561
v -0.21572841 -0.07731059 0.18481481
v -0.20280866 -0.08042613 0.18144639
v -0.20748888 -0.09969585 0.17885155
v 0.48357839 -0.01928506 0.11377747
v 0.47890426 0.00012589 0.11492962
v 0.45135655 0.04584996 0.12946415
v 0.44572240 0.06486985 0.13200582
v -0.17337086 -0.32617497 0.11857271
v -0.16909070 -0.34449916 0.11180039
v -0.20185201 -0.35344511 0.11498959
v -0.19708580 -0.37153572 0.10792044
v 0.22865978 -0.16424861 0.17185508
v 0.22694032 -0.14467703 0.17559095
v 0.17952841 -0.17441045 0.15764782
v 0.17816279 -0.15484781 0.16157188
v -0.17649387 -0.14536699 0.16311215
v -0.17843618 -0.16490673 0.15931927
v -0.09312213 0.52874850 0.04728169
v -0.11290790 0.52585583 0.04694145
v -0.13078029 0.25994057 0.18017838
v -0.14928538 0.25239017 0.18089489
v 0.13531194 -0.41280095 0.08371127
v 0.14072048 -0.39468270 0.09022561
v -0.37661528 0.26569676 0.11955793
v -0.38906788 0.25009975 0.11828278
v -0.38873239 0.24052086 0.12220264
v -0.40077682 0.22458125 0.12129671
v 0.29267273 -0.49044510 0.02022714
v 0.29947897 -0.47420732 0.02971238
v 0.23109071 0.47069383 0.06620841
v 0.21369798 0.48056557 0.06616598
v 0.11429838 0.58445713 0.00648158
v 0.09480303 0.58888951 0.00598614
v 0.42605574 0.39968719 0.01934663
v 0.41246514 0.41435643 0.01908378
v 0.10371134 0.54493527 0.03316999
v 0.08417679 0.54916973 0.03251359
v 0.07233772 0.50356159 0.06880573
v 0.05267194 0.50718477 0.06850667
v -0.57473799 -0.10372555 0.01573140
v -0.57624864 -0.12336880 0.01229325
v -0.54545743 -0.01848419 0.06186910
v -0.54867790 -0.03779324 0.05777652
v -0.28790235 0.48523049 0.02900523
v -0.30504263 0.47496344 0.02813425
v -0.29804367 0.50274264 0.01443424
v -0.31522256 0.49253584 0.01361768
v -0.45310030 0.32628857 0.03695899
v -0.46540766 0.31059496 0.03547591
v 0.57236242 0.01938616 0.03116401
v 0.56745657 0.03872987 0.03247303
v 0.53994282 -0.02004037 0.06927595
v 0.53574367 -0.00054223 0.07074209
v -0.41483430 -0.03316286 0.15447589
v -0.41949004 -0.05245683 0.15202094
v 0.49341833 -0.17393916 0.07505172
v 0.49380786 -0.15445015 0.07952239
v 0.08518788 0.55673188 0.02655464
v 0.06558146 0.56067500 0.02654948
v 0.53891432 0.15986720 0.03823061
v 0.53283604 0.17872699 0.04093674
v -0.52735278 -0.25519071 0.01881873
v -0.52479417 -0.27398077 0.01246678
v -0.37980851 -0.44656830 0.01461895
v -0.37285307 -0.46340661 0.00636953
v 0.37329118 -0.46187454 0.00858429
v 0.37945928 -0.44422108 0.01567443
v -0.29422421 0.45193236 0.05042710
v -0.31122509 0.44140614 0.05006858
v -0.07820858 0.46585124 0.09351300
v -0.09803291 0.46321424 0.09356030
v -0.08179830 0.44579446 0.10529993
v -0.10158643 0.44289998 0.10540773
v -0.08702883 0.59025407 0.00569128
v -0.10687450 0.58782172 0.00525175
v -0.06549097 0.53100065 0.04903080
v -0.08535105 0.52877840 0.04825693
v -0.21298160 -0.54928890 0.01090265
v -0.20671825 -0.56585941 0.00162101
v 0.46656495 -0.02637251 0.12540266
v 0.46216587 -0.00692143 0.12690715
v 0.52680312 -0.22660555 0.03128248
v 0.52767263 -0.20711817 0.03569221
v -0.37792340 0.22366045 0.13398340
v -0.38968516 0.20751975 0.13293525
v -0.46856792 0.18622383 0.09594977
v -0.47865636 0.16897584 0.09511912
v 0.38747853 0.12382664 0.15872032
v 0.37761867 0.14121725 0.15816372
v 0.39588869 -0.37021554 0.05141315
v 0.40085689 -0.35213669 0.05837245
v 0.38838483 -0.41202996 0.03230850
v 0.39378491 -0.39403363 0.03915915
v 0.32981503 0.29363698 0.13281342
v 0.31546445 0.30750836 0.13154631
v -0.27316534 0.37589671 0.10898340
v -0.29005363 0.36518854 0.10926770
v -0.18696627 0.29010056 0.16676104
v -0.20454206 0.28056448 0.16710043
v 0.33580048 -0.15195268 0.16815528
v 0.33480194 -0.13263396 0.17322974
v -0.45227517 -0.21660404 0.09574534
v -0.45164084 -0.23601931 0.09099090
v -0.47653050 -0.15070002 0.09455754
v -0.47656478 -0.17000169 0.08932264
v -0.54222204 0.02534928 0.05983743
v -0.54792585 0.00632923 0.05745746
v -0.52404996 0.05957933 0.07166331
v -0.53014886 0.04071068 0.06906760
v -0.37173118 -0.37961993 0.06131996
v -0.36656076 -0.39764874 0.05437814
v -0.33152630 -0.36695764 0.08822026
v -0.32641850 -0.38480586 0.08078308
v -0.32788881 -0.30016343 0.12443853
v -0.32397058 -0.31783670 0.11593776
v -0.35276705 -0.26555521 0.13230326
v -0.34971120 -0.28368959 0.12444413
v 0.20849886 -0.30806893 0.13141272
v 0.21151474 -0.28937746 0.13785426
v 0.51721837 0.01739389 0.08429852
v 0.51205671 0.03666586 0.08568000
v 0.14488954 0.38707328 0.13348990
v 0.12592333 0.39305647 0.13138174
v 0.13562990 0.42262537 0.11515060
v 0.11653840 0.42830266 0.11334976
v 0.01431490 0.37390861 0.14395801
v -0.00565933 0.37481378 0.14354464
v -0.03599698 0.34756766 0.15397441
v -0.05593488 0.34601036 0.15409660
v -0.35622766 0.06669173 0.17710513
v -0.36398566 0.04840137 0.17481681
v -0.35720483 -0.09910912 0.17315395
v -0.35985243 -0.11851868 0.16912664
v -0.31855751 -0.07427251 0.18315654
v -0.32272153 -0.09373128 0.18116219
v -0.43965561 -0.16378859 0.11767969
v -0.43974071 -0.18310111 0.11248551
v 0.14700075 0.22555861 0.18634411
v 0.12925242 0.23473075 0.18543379
v 0.17645417 0.27942597 0.17140517
v 0.15902517 0.28923079 0.17116956
v -0.25186410 0.10877436 0.19464793
v -0.26335746 0.09241977 0.19402333
v -0.29090994 0.07006402 0.19200651
v -0.30059863 0.05256863 0.19197976
v 0.33483621 0.19413083 0.16093120
v 0.32297071 0.21019778 0.16194261
v 0.27624776 0.23670767 0.17009332
v 0.26138552 0.24995846 0.16822514
v 0.22902546 0.10756372 0.19593310
v 0.21636668 0.12304392 0.19621318
v 0.20234912 0.07215616 0.19734334
v 0.19034888 0.08815427 0.19746626
v 0.39001725 0.39898938 0.04350157
v 0.37480962 0.41178538 0.04127669
v 0.31987437 0.43618013 0.04982828
v 0.30377452 0.44800431 0.04885692
v -0.22001859 0.37294409 0.12662044
v -0.23774734 0.36369680 0.12699305
v -0.18679868 0.35003095 0.14554587
v -0.20473935 0.34120644 0.14507664
v 0.42263786 0.25081728 0.09824196
v 0.41137058 0.26733901 0.09844301
v 0.39433927 -0.20799174 0.13204811
v 0.39497881 -0.18850975 0.13652062
v 0.31940563 -0.21852039 0.15486407
v 0.32009161 -0.19911949 0.15966975
v 0.22572821 -0.25647098 0.14770710
v 0.22714779 -0.23758968 0.15414460
v 0.25197773 -0.25279789 0.15180783
v 0.25344393 -0.23359824 0.15721001
v 0.49583791 -0.03785669 0.10495752
v 0.49226565 -0.01828577 0.10700154
v 0.54869180 -0.12352449 0.03535632
v 0.54928993 -0.10412322 0.04017223
v -0.15280051 0.30483234 0.16706444
v -0.17105906 0.29667276 0.16698423
v -0.25830424 -0.21194862 0.16269908
v -0.25806787 -0.23133957 0.15781080
v -0.06156437 0.24534767 0.18237816
v -0.08118093 0.24157567 0.18333857
v -0.35417234 0.26966713 0.12990420
v -0.36730423 0.25461415 0.12894432
v -0.24795414 0.21314040 0.18101777
v -0.26263886 0.19962406 0.18229341
v 0.28234943 0.12161625 0.18899325
v 0.27076408 0.13791659 0.18879761
v 0.27817260 0.18506351 0.18075419
v 0.26492964 0.20004325 0.18119163
v -0.04786755 0.14839598 0.19059138
v -0.06704462 0.14276085 0.19125854
v -0.09884196 0.15383043 0.19239336
v -0.11652407 0.14449963 0.19288195
v 0.24113995 -0.46194044 0.05990851
v 0.24728462 -0.44555283 0.06958577
v 0.20112326 -0.44382577 0.07693698
v 0.20671014 -0.42662206 0.08546804
v 0.34212853 -0.25248263 0.14103705
v 0.34362353 -0.23294019 0.14501425
v 0.25869898 -0.23287681 0.15738645
v 0.25946852 -0.21351514 0.16233557
v 0.24747444 -0.36448481 0.11009601
v 0.25175342 -0.34678016 0.11835407
v 0.17854486 0.35032805 0.14627409
v 0.16046360 0.35879222 0.14509699
v 0.07154484 0.15173551 0.19125689
v 0.05264609 0.15826074 0.19078921
v -0.19343440 -0.48063828 0.05712761
v -0.18711311 -0.49691402 0.04737562
v 0.29807667 0.04166659 0.19296777
v 0.28943050 0.05969959 0.19284717
v 0.31177863 0.08173448 0.18741938
v 0.30211913 0.09924249 0.18777111
v -0.21837119 0.02523860 0.19589664
v -0.22748111 0.00744382 0.19533539
v 0.26687748 0.36204895 0.11862077
v 0.25034382 0.37325727 0.11763507
v 0.20429844 0.37808117 0.12854962
v 0.18680787 0.38777649 0.12875163
v 0.29892835 -0.02693158 0.18950782
v 0.29277676 -0.00811222 0.19232734
v 0.05536274 0.24815571 0.18180590
v 0.03568769 0.25161527 0.18086590
v 0.03118545 0.33303896 0.15942183
v 0.01126685 0.33462704 0.15859263
v -0.54473072 -0.22024161 0.01707774
v -0.54378154 -0.23958055 0.01207132
v -0.19920958 -0.44876272 0.07477310
v -0.19306640 -0.46555459 0.06581461
v -0.23138205 -0.48127952 0.04939745
v -0.22474264 -0.49756407 0.03987423
v -0.23155981 0.09882166 0.19655389
v -0.24326953 0.08260936 0.19649050
v -0.17264604 0.11731000 0.19655875
v -0.18659054 0.10301267 0.19760620
v 0.25745592 0.19004660 0.18466218
v 0.24314670 0.20397749 0.18359606
v 0.42669859 -0.09679130 0.14310501
v 0.42559318 -0.07748272 0.14819590
v 0.45083430 -0.12310394 0.12057303
v 0.45058641 -0.10378305 0.12573074
v 0.21302638 -0.15000840 0.17106746
v 0.21060622 -0.13040443 0.17419588
v 0.24220252 -0.11850233 0.18174437
v 0.23879966 -0.09892755 0.18402653
v -0.33525250 -0.13910852 0.17151797
v -0.33659476 -0.15832786 0.16615371
v 0.47328815 0.24988293 0.06173505
v 0.46241584 0.26666664 0.06149028
v -0.24064467 -0.03795329 0.19227190
v -0.24658617 -0.05694475 0.19027611
v 0.10836747 0.21591696 0.18838832
v 0.08977539 0.22310386 0.18676255
v -0.18678087 -0.12451784 0.16949826
v -0.18954732 -0.14408073 0.16639987
v 0.17808596 -0.13403408 0.16565574
v 0.17480309 -0.11462335 0.16917802
v 0.17443931 -0.09362809 0.17319599
v 0.16950317 -0.07442343 0.17579896
v 0.21813034 -0.01532985 0.19284514
v 0.21024543 0.00302865 0.19371318
v 0.13925048 0.04054002 0.18880197
v 0.12677095 0.05615447 0.18944281
v -0.47676051 0.09261141 0.10699842
v -0.48330823 0.07396496 0.10393289
v -0.11850080 -0.45100170 0.06813119
v -0.11232980 -0.46870431 0.06116724
v 0.13998447 -0.43715140 0.07582430
v 0.14541795 -0.41935781 0.08316089
v -0.04367785 -0.58164621 0.01266040
v -0.04042905 -0.59994967 0.00528553
v -0.46616745 -0.13382531 0.10661225
v -0.46666183 -0.15315128 0.10149148
v -0.55347681 -0.07931756 0.04176961
v -0.55373680 -0.09853135 0.03622681
v -0.17107282 0.24799568 0.17998108
v -0.18847540 0.23818950 0.18095517
v 0.45480395 0.12854705 0.11963404
v 0.44767880 0.14705760 0.12219371
v 0.51240237 0.05339341 0.08343938
v 0.50693876 0.07253416 0.08537343
v 0.38410049 0.41777261 0.03204974
v 0.36871716 0.43039606 0.03005932
v -0.39948479 0.39263384 0.04140489
v -0.41386805 0.37878614 0.04025467
v 0.50739358 0.23969856 0.03976292
v 0.49679500 0.25664866 0.03919346
v 0.51155535 0.19594876 0.05666077
v 0.50252765 0.21379033 0.05703350
v 0.03143539 0.52625736 0.05689396
v 0.01158240 0.52865894 0.05712018
v 0.12657722 0.45635414 0.09551767
v 0.10734134 0.46155099 0.09380480
v 0.14045048 0.51989987 0.04784732
v 0.12119020 0.52509508 0.04642904
v -0.49449375 0.05746391 0.09719444
v -0.50063151 0.03860718 0.09460375
v -0.46788339 -0.01948911 0.12345995
v -0.47306383 -0.03871295 0.12157133
v -0.16419153 0.57238304 0.00726982
v -0.18354150 0.56735751 0.00673778
v 0.21298807 0.52446022 0.03216901
v 0.19445153 0.53166308 0.03005342
v -0.58692021 -0.02301276 0.02002639
v -0.58843558 -0.04212340 0.01433017
v 0.59294005 -0.08749718 0.00577206
v 0.59151968 -0.06774947 0.00859525
v -0.53159028 0.24393957 0.01848465
v -0.54315121 0.22762090 0.01840825
v 0.49781723 -0.33603240 0.00440201
v 0.50133924 -0.31693352 0.00917573
v 0.45253676 -0.22800465 0.09275368
v 0.45336668 -0.20844758 0.09685151
v 0.50999671 -0.17729346 0.05924689
v 0.51068964 -0.15786028 0.06391933
v 0.57997213 0.10587019 0.01089669
v 0.57423299 0.12492768 0.01285486
v -0.19908128 0.48787062 0.06566922
v -0.21750869 0.48014326 0.06484568
v -0.27203696 0.45401037 0.05932298
v -0.28925884 0.44385834 0.05877235
v -0.51798798 -0.24089984 0.03395104
v -0.51470895 -0.25913774 0.02642861
v -0.23155232 0.30773763 0.15231033
v -0.24854567 0.29725295 0.15343175
v -0.32532536 0.32892975 0.11781147
v -0.34106915 0.31668940 0.11931712
v -0.45258756 0.26255326 0.07161427
v -0.46437087 0.24641598 0.07077659
v 0.43265593 0.05454994 0.14063859
v 0.42658081 0.07343209 0.14319149
v 0.40948652 0.00022803 0.15549407
v 0.40442293 0.01937370 0.15828039
v -0.39390319 -0.09052001 0.16165644
v -0.39572917 -0.10963613 0.15607078
v -0.10641558 0.38123629 0.13807695
v -0.12591598 0.37693779 0.13918029
v -0.17211406 0.42769545 0.10944090
v -0.19087946 0.42078418 0.10967316
v 0.22444668 0.40460650 0.10929304
v 0.20716458 0.41466983 0.10942937
v 0.18754306 0.44375017 0.09751791
v 0.16902696 0.45095453 0.09523506
v 0.28645356 0.43230485 0.06870170
v 0.26993889 0.44356669 0.06807169
v 0.00501685 0.39433433 0.13533031
v -0.01496877 0.39478138 0.13475133
v -0.02085238 0.45312355 0.10548948
v -0.04080151 0.45209048 0.10452760
v -0.37103628 0.15948698 0.15586935
v -0.38192098 0.14270958 0.15582087
v -0.40272900 0.18744454 0.13292336
v -0.41390277 0.17086044 0.13319617
v 0.44677109 -0.40170101 0.00425960
v 0.45142623 -0.38304321 0.00975288
v 0.43883397 0.25882858 0.08370362
v 0.42775490 0.27547614 0.08397354
v 0.41431869 0.32013827 0.07155127
v 0.40250030 0.33624829 0.07241905
v -0.04609914 0.31563420 0.16472731
v -0.06598905 0.31368962 0.16548230
v -0.32460369 0.46164906 0.02850040
v -0.34131997 0.45067159 0.02835532
v -0.37117547 0.45280506 0.01425974
v -0.38749440 0.44126334 0.01492410
v 0.32000848 0.46939682 0.02495748
v 0.30380700 0.48110347 0.02430448
v 0.43782336 -0.05660716 0.14281727
v 0.43399136 -0.03706198 0.14462329
v -0.26101296 0.17635723 0.18666568
v -0.27399002 0.16119715 0.18535123
v 0.42234188 0.12606481 0.14068092
v 0.41359880 0.14403928 0.14134219
v 0.41087823 0.08859098 0.15154258
v 0.40370783 0.10707316 0.15417973
v -0.51880356 0.13207593 0.06465635
v -0.52534846 0.11349368 0.06121771
v -0.52191887 0.08349207 0.06987876
v -0.52799836 0.06467982 0.06686232
v -0.24328452 0.27128532 0.16359586
v -0.25946639 0.25964923 0.16524164
v 0.40843384 -0.17133107 0.13459734
v 0.40836900 -0.15184644 0.13910347
v 0.35499383 -0.18868937 0.15247546
v 0.35537298 -0.16949663 0.15808394
v -0.01241681 0.26806445 0.17752114
v -0.03240267 0.26739058 0.17778773
v -0.34531787 -0.17978394 0.15796262
v -0.34573192 -0.19925486 0.15341601
v 0.36571622 -0.04790411 0.17346094
v 0.36117190 -0.02855329 0.17566440
v 0.34886566 -0.08038408 0.17706627
v 0.34499294 -0.06089170 0.17930435
v 0.53617569 -0.05986241 0.06517283
v 0.53633130 -0.04059387 0.07052626
v 0.51237795 -0.09707962 0.07842364
v 0.51232380 -0.07771521 0.08342134
v -0.30324054 0.08839211 0.18842109
v -0.31336172 0.07115060 0.18892302
v 0.09280339 0.47510206 0.08669356
v 0.07325505 0.47923097 0.08581352
v 0.40107714 0.28875407 0.09617132
v 0.38924274 0.30486058 0.09686933
v 0.31098051 0.30363271 0.13488460
v 0.29591180 0.31666671 0.13315005
v 0.24150709 0.33221005 0.14008728
v 0.22488215 0.34329640 0.13927236
v 0.24341671 0.39492162 0.10832788
v 0.22644204 0.40549448 0.10814045
v 0.04809048 0.34844593 0.15331137
v 0.02825854 0.35096771 0.15276829
v 0.27137447 0.14285512 0.18818348
v 0.25895300 0.15849467 0.18921865
v -0.29246009 0.22699902 0.16865663
v -0.30588662 0.21220727 0.16771206
v -0.17218348 -0.26423522 0.13437722
v -0.16946728 -0.28326052 0.12884364
v -0.26958498 0.07550298 0.19443853
v -0.27974172 0.05827857 0.19409203
v -0.32040875 0.04724202 0.18876118
v -0.32838608 0.02903163 0.18659230
v 0.27014168 -0.08470760 0.18672586
v 0.26570586 -0.06536997 0.18924364
v 0.25164201 -0.15513383 0.17718527
v 0.24983397 -0.13539545 0.17984752
v -0.21196161 0.32022339 0.15217965
v -0.22922982 0.31014061 0.15185296
v 0.22963667 -0.31093546 0.13390351
v 0.23281671 -0.29205543 0.13968209
v 0.18147568 -0.27798889 0.13321813
v 0.18403112 -0.25891719 0.13866792
v 0.19833679 0.26834464 0.17173757
v 0.18142879 0.27898401 0.17079770
v 0.29571262 0.19952419 0.17326000
v 0.28262670 0.21464260 0.17365077
v -0.28605313 -0.29352070 0.13833477
v -0.28256235 -0.31120393 0.12967002
v -0.32739964 -0.32225049 0.11248034
v -0.32321029 -0.34031122 0.10498239
v 0.57419955 -0.17527113 0.00507054
v 0.57426747 -0.15564400 0.00890865
v 0.55228478 -0.14606312 0.02700219
v 0.55230179 -0.12645455 0.03093461
v -0.23572948 -0.44158208 0.07425475
v -0.22941813 -0.45815943 0.06501797
v -0.23063100 0.07390636 0.19690742
v -0.24155987 0.05716034 0.19660685
v -0.54790458 -0.13882658 0.03251695
v -0.54823648 -0.15831830 0.02805350
v -0.27734724 -0.02901057 0.19193221
v -0.28335747 -0.04801724 0.19032482
v -0.29958116 -0.06272348 0.18689478
v -0.30428894 -0.08206705 0.18499136
v 0.20707630 -0.38141470 0.10387844
v 0.21164654 -0.36358939 0.11170987
v 0.08856991 0.27838420 0.17556265
v 0.06923352 0.28328549 0.17413394
v 0.09550264 0.25785798 0.18053480
v 0.07635447 0.26348948 0.17927235
v 0.33458931 0.22003963 0.15447990
v 0.32222481 0.23573422 0.15535085
v 0.29828615 -0.42940005 0.06493302
v 0.30453652 -0.41289723 0.07434311
v 0.31582494 -0.43637220 0.05292460
v 0.32228721 -0.41994677 0.06232696
v 0.29998824 -0.23391766 0.15391064
v 0.30114241 -0.21471914 0.15939196
v 0.17183364 0.40873772 0.12058996
v 0.15320480 0.41555506 0.11805027
v 0.42958870 -0.20017471 0.11464526
v 0.43016979 -0.18070473 0.11917758
v 0.39173233 -0.18540292 0.13875075
v 0.39198520 -0.16599455 0.14356854
v 0.11498548 0.19428421 0.19116673
v 0.09677885 0.20241409 0.18962284
v 0.10016081 0.17909928 0.19215125
v 0.08174419 0.18669894 0.19040956
v -0.47533272 -0.10954702 0.10619359
v -0.47587919 -0.12875866 0.10066420
v -0.36834613 -0.42124493 0.03818413
v -0.36152572 -0.43789366 0.02945134
v -0.33013600 -0.43122544 0.05143618
v -0.32281033 -0.44697978 0.04153187
v 0.19019615 0.20906667 0.18663858
v 0.17380940 0.22049849 0.18577385
v 0.21234227 0.20095293 0.18711191
v 0.19659754 0.21318206 0.18552701
v 0.26132790 0.05250590 0.19590051
v 0.25164661 0.07000504 0.19578858
v -0.13541949 0.17966828 0.19267923
v -0.15244336 0.16918672 0.19321305
v 0.13019513 -0.52004018 0.03853458
v 0.13537964 -0.50263952 0.04691896
v -0.22197304 -0.19163197 0.16501564
v -0.22240273 -0.21102273 0.16013980
v 0.20740947 -0.11082622 0.17681069
v 0.20321135 -0.09147029 0.17958265
v -0.10317703 0.51202367 0.05905457
v -0.12291998 0.50883436 0.05911890
v 0.49751372 0.32933302 0.00693850
v 0.48605787 0.34572531 0.00706713
v 0.48527954 0.27694178 0.03756033
v 0.47425717 0.29362889 0.03747331
v 0.17378720 -0.25526708 0.13702557
v 0.17559034 -0.23608070 0.14237270
v 0.15664943 -0.00023360 0.18537441
v 0.14660139 0.01699520 0.18684587
v -0.14420960 0.01996840 0.18699466
v -0.15456177 0.00290816 0.18567529
v -0.18263878 -0.08190606 0.17701537
v -0.18735536 -0.10115852 0.17435892
v -0.24386123 -0.52724277 0.01415825
v -0.23772408 -0.54488147 0.00700483
v 0.34079115 -0.48087220 0.01100773
v 0.34694170 -0.46304662 0.01766953
v -0.37394521 -0.46250172 0.00601663
v -0.36778896 -0.48088096 0.00109078
v -0.18955794 -0.20871078 0.15274607
v -0.18912431 -0.22807167 0.14775325
v 0.43048265 -0.31400603 0.06102076
v 0.43549406 -0.29635143 0.06896815
v -0.18242919 0.01321660 0.19121245
v -0.19174762 -0.00446529 0.19052117
v -0.36301176 0.31535674 0.10824605
v -0.37624965 0.30050345 0.10622167
v 0.12407141 -0.47475323 0.05908511
v 0.12944255 -0.45730397 0.06724807
v 0.47253658 -0.14925765 0.09812453
v 0.47259222 -0.12981471 0.10280739
v -0.45070070 0.29609323 0.05512858
v -0.46279371 0.28021181 0.05390401
v 0.14928965 -0.58059231 0.00177901
v 0.15409334 -0.56337726 0.01075267
v -0.18938639 -0.54567740 0.01686088
v -0.18325305 -0.56224158 0.00748163
v -0.48664032 -0.28246726 0.03628477
v -0.48243365 -0.30050183 0.02873373
v -0.18954136 0.08093757 0.19757123
v -0.20160607 0.06499137 0.19722293
v -0.21306762 0.11252896 0.19712952
v -0.22571794 0.09704329 0.19677838
v 0.44404327 0.21451275 0.09976308
v 0.43337185 0.23142399 0.09946127
v 0.28252351 0.05841760 0.19376522
v 0.27308079 0.07604630 0.19392041
v 0.59831069 0.04099012 0.00575014
v 0.59380172 0.06035772 0.00787742
v 0.54731792 0.00061340 0.05916192
v 0.54254264 0.01999353 0.06041370
v -0.45721003 0.38123151 0.00874105
v -0.47069919 0.36649562 0.00781580
v -0.41334847 0.34705641 0.05785142
v -0.42607741 0.33176712 0.05580889
v -0.55147769 0.06051879 0.04430039
v -0.55754076 0.04164328 0.04167088
v -0.51001109 0.30556894 0.00907515
v -0.52161607 0.28933751 0.00772424
v 0.52043092 0.29165070 0.00732298
v 0.50980662 0.30858793 0.00778607
v 0.36577990 0.45732755 0.01426368
v 0.35004968 0.46961420 0.01301530
v -0.25887317 0.52505184 0.01597503
v -0.27649354 0.51570830 0.01449827
v -0.15714588 0.48246005 0.07488023
v -0.17656381 0.47800498 0.07662844
v -0.56512859 -0.06157445 0.03305551
v -0.56571283 -0.08079270 0.02755298
v 0.52176971 -0.01982546 0.08503850
v 0.51732478 -0.00036305 0.08622894
v 0.53618148 0.01921909 0.06692612
v 0.53129261 0.03854472 0.06853211
v 0.39527331 0.33634404 0.07791501
v 0.38265665 0.35185409 0.07838181
v 0.29608470 0.40922465 0.08039087
v 0.27997160 0.42105985 0.07988462
v 0.53693026 0.11202736 0.04957294
v 0.53117409 0.13103608 0.05191714
v 0.47948544 0.14392355 0.09871643
v 0.47281033 0.16257621 0.10145157
v 0.19524708 0.49251398 0.06256181
v 0.17653601 0.49905280 0.05989730
v -0.50190894 -0.24375179 0.04671233
v -0.49855852 -0.26198625 0.03921307
v -0.52446454 -0.27649860 0.01171896
v -0.52202112 -0.29554391 0.00612736
v -0.18979602 0.43933339 0.09895604
v -0.20841150 0.43203017 0.09925093
v 0.02920473 0.50683289 0.07091920
v 0.00934569 0.50917479 0.07122631
v 0.07511896 0.52189483 0.05488409
v 0.05544853 0.52548442 0.05449806
v -0.57324557 0.12484363 0.01376542
v -0.58003437 0.10625710 0.01086492
v -0.41386444 0.03936507 0.15237538
v -0.42006593 0.02056262 0.14955237
v -0.44457358 0.09034950 0.13033671
v -0.45157808 0.07182614 0.12754709
v -0.43306745 -0.02066506 0.14466967
v -0.43821686 -0.03988313 0.14264248
v -0.48664744 -0.05668747 0.11087689
v -0.48811306 -0.07576727 0.10506540
v -0.41083402 0.27425485 0.09593944
v -0.42294627 0.25840035 0.09456532
v 0.13389834 0.56858421 0.01284587
v 0.11456191 0.57364646 0.01218543
v 0.15995506 0.57384442 0.00652737
v 0.14085425 0.57975015 0.00603621
v -0.10655602 0.54350856 0.03386553
v -0.12629441 0.54029986 0.03362001
v 0.05451465 0.43575189 0.11294921
v 0.03471671 0.43849101 0.11224309
v 0.55669289 -0.08241232 0.03727046
v 0.55686548 -0.06301630 0.04214124
v -0.27029891 0.43635819 0.07325498
v -0.28746266 0.42610217 0.07283144
v 0.38173827 0.14775427 0.15450208
v 0.37137287 0.16485423 0.15417080
v 0.19800538 0.46015219 0.08554353
v 0.17955624 0.46750254 0.08318525
v 0.15167176 0.45811889 0.09228327
v 0.13266212 0.46399630 0.09027093
v -0.37619777 -0.03404887 0.16987950
v -0.38125452 -0.05329729 0.16790780
v -0.30686272 -0.46645778 0.03294115
v -0.29938757 -0.48239597 0.02345137
v -0.27394484 -0.43386738 0.07025663
v -0.26728399 -0.45001739 0.06052163
v 0.54052213 -0.25992440 0.00762799
v 0.54285877 -0.24091323 0.01337913
v 0.48299059 -0.28589242 0.03736719
v 0.48769026 -0.26806321 0.04511266
v 0.40076450 -0.25335374 0.11630832
v 0.40253753 -0.23401041 0.12106771
v 0.46331924 -0.31679889 0.03397012
v 0.46833547 -0.29895087 0.04146983
v -0.32906500 0.34977037 0.10469609
v -0.34499171 0.33774320 0.10597933
v -0.41798811 0.19662218 0.12202357
v -0.42904883 0.17996029 0.12198040
v -0.49020857 0.13001592 0.09126944
v -0.49720970 0.11155519 0.08808423
v -0.13319475 -0.41383305 0.08292549
v -0.12716758 -0.43174186 0.07637508
v 0.31359994 -0.06797931 0.18457870
v 0.30905796 -0.04861478 0.18666330
v 0.33360209 -0.06319232 0.18123792
v 0.32911303 -0.04381370 0.18330618
v 0.43735374 -0.24512140 0.09789130
v 0.43872772 -0.22565367 0.10225931
v 0.19785915 -0.00136605 0.19161204
v 0.18903088 0.01657121 0.19213768
v 0.23805228 -0.00546954 0.19524007
v 0.23009021 0.01286513 0.19587646
v 0.35757885 0.34189089 0.09858319
v 0.34284059 0.35523450 0.09641716
v -0.12188121 0.23626437 0.18502117
v -0.14035010 0.22862254 0.18570136
v 0.47163816 -0.23177893 0.07765155
v 0.47267247 -0.21229344 0.08203402
v 0.50949136 -0.23413486 0.04493421
v 0.51039891 -0.21464629 0.04933101
v 0.19011989 -0.19543522 0.15574187
v 0.18974781 -0.17587650 0.15989854
v -0.32512915 0.09072033 0.18395560
v -0.33479959 0.07321910 0.18356931
v 0.23828701 0.26620098 0.16657402
v 0.22223918 0.27805372 0.16518123
v 0.22649448 0.21442041 0.18305989
v 0.21088171 0.22683304 0.18160114
v -0.44157364 -0.20294882 0.10622933
v -0.44124277 -0.22237649 0.10149475
v 0.27996941 -0.44026989 0.06391154
v 0.28620715 -0.42380422 0.07339481
v -0.24743969 0.35074289 0.13044786
v -0.26438145 0.34011901 0.13018303
v 0.38947211 0.00800609 0.16488534
v 0.38369574 0.02701935 0.16714132
v 0.25824927 0.29714416 0.15129698
v 0.24222541 0.30901457 0.14978394
v 0.34074558 0.33027681 0.11135633
v 0.32587183 0.34348561 0.10929256
v -0.05391169 0.42017350 0.12120581
v -0.07382006 0.41827193 0.12123421
v -0.05790491 0.38334022 0.13848850
v -0.07778205 0.38120983 0.13905482
v -0.21254889 -0.31684785 0.12966869
v -0.20871835 -0.33509178 0.12242674
v -0.28422297 -0.33185486 0.12002697
v -0.27993096 -0.34989969 0.11254882
v 0.28002346 -0.12474113 0.18190201
v 0.27730967 -0.10506461 0.18423224
v -0.20266020 0.00506059 0.19347675
v -0.21136746 -0.01285124 0.19165739
v 0.23279312 -0.34629935 0.11952541
v 0.23662385 -0.32812941 0.12695097
v 0.28481149 -0.39735823 0.08907980
v 0.28965341 -0.37912433 0.09571611
v 0.29613578 0.01965366 0.19329799
v 0.28821844 0.03799910 0.19414693
v 0.23679932 -0.05501793 0.18973488
v 0.23073272 -0.03609671 0.19200285
v 0.25681489 -0.04518582 0.19149048
v 0.25065105 -0.02628009 0.19362137
v -0.34260957 -0.45532887 0.02501343
v -0.33472963 -0.47111104 0.01559061
v 0.03750739 0.31187039 0.16601840
v 0.01762351 0.31393777 0.16545490
v 0.28583271 0.16231993 0.18301218
v 0.27317826 0.17780128 0.18340304
v -0.28741510 -0.18350429 0.16916781
v -0.28791937 -0.20269039 0.16354649
v -0.24378977 -0.19178473 0.16749683
v -0.24420273 -0.21124462 0.16290310
v 0.32506398 -0.40166120 0.07245640
v 0.33011878 -0.38361678 0.07944268
v -0.20638746 0.21873224 0.18370691
v -0.22228514 0.20663602 0.18465841
v -0.22075922 0.18233109 0.18984623
v -0.23535565 0.16875931 0.19149269
v -0.51081604 0.04672496 0.08565866
v -0.51650382 0.02776266 0.08282317
v 0.03946672 0.36903654 0.14541492
v 0.01957995 0.37111238 0.14500568
v -0.39214933 -0.21947403 0.13004797
v -0.39154148 -0.23893254 0.12547012
v -0.39291601 -0.26144287 0.11605140
v -0.38958117 -0.27943124 0.10797320
v 0.03591291 0.17792968 0.18958084
v 0.01617615 0.18111192 0.18903889
v 0.08530877 0.22163255 0.18681815
v 0.06618049 0.22735292 0.18565797
v 0.19927649 0.33618703 0.14824094
v 0.18178716 0.34587110 0.14769159
v -0.25427666 -0.44776337 0.06592222
v -0.24771629 -0.46411546 0.05646015
v 0.22115453 -0.41311446 0.09156951
v 0.22637746 -0.39531807 0.09905079
v 0.26530521 -0.26904976 0.14787247
v 0.26750061 -0.24978266 0.15276317
v -0.41549431 -0.13456800 0.14001868
v -0.41605417 -0.15371714 0.13427784
v -0.43460236 -0.38759136 0.01576731
v -0.43045473 -0.40657813 0.01104928
v -0.31818107 -0.10019676 0.18131761
v -0.32131778 -0.11970827 0.17824804
v -0.27871294 -0.09993245 0.18457895
v -0.28213690 -0.11952316 0.18247167
v 0.15578997 0.31683799 0.16264827
v 0.13735858 0.32434861 0.16069004
v 0.07628907 0.31948834 0.16313960
v 0.05673284 0.32360682 0.16239682
v -0.35222452 0.19276329 0.15471037
v -0.36395869 0.17658015 0.15409780
v -0.33570408 0.16031868 0.16846593
v -0.34705125 0.14385611 0.16803531
v -0.25666255 0.03952830 0.19597928
v -0.26565844 0.02167078 0.19635721
v -0.09713915 0.19379907 0.19092955
v -0.11561480 0.18621025 0.19193957
v 0.10930007 0.15548299 0.19276643
v 0.09135128 0.16428628 0.19221598
v -0.07534303 -0.53118518 0.03318583
v -0.07044036 -0.54898478 0.02549831
v -0.19093110 0.31035421 0.15950409
v -0.20863492 0.30105778 0.15983753
v 0.51989282 -0.13867447 0.06014600
v 0.52041558 -0.11929245 0.06504745
v 0.52852710 -0.20294712 0.03598671
v 0.52905591 -0.18339597 0.04016198
v -0.22594453 -0.23542503 0.15448224
v -0.22496445 -0.25447927 0.14848764
v 0.27168068 -0.30444819 0.13420873
v 0.27496304 -0.28633255 0.14201960
v 0.24934765 0.21043207 0.18131192
v 0.23426839 0.22348668 0.17984460
v 0.16586531 0.13971966 0.19529748
v 0.15009180 0.15199147 0.19454997
v 0.57044526 -0.15073357 0.01228725
v 0.56976004 -0.13096062 0.01520633
v -0.40664986 -0.41589358 0.01846957
v -0.40116750 -0.43402852 0.01206427
v -0.30250548 -0.49133451 0.01682598
v -0.29628183 -0.50924413 0.01046426
v -0.33365271 -0.25338487 0.14230773
v -0.33157971 -0.27226770 0.13605460
v -0.17660981 -0.22592163 0.14520182
v -0.17538204 -0.24518667 0.13997583
v -0.21243869 -0.21204466 0.15746924
v -0.21203145 -0.23140880 0.15248683
v 0.20020747 -0.53738332 0.02053446
v 0.20577956 -0.52048048 0.02965618
v -0.15084271 -0.39823416 0.09112067
v -0.14510409 -0.41609866 0.08420057
v -0.21085900 -0.39555797 0.09970675
v -0.20533597 -0.41333714 0.09240215
v 0.29585286 0.27032205 0.15403617
v 0.28087020 0.28340287 0.15194524
v 0.35272693 0.23160474 0.14325000
v 0.34060257 0.24748881 0.14406005
v -0.18164658 -0.49583805 0.04871594
v -0.17549974 -0.51275938 0.04000703
v -0.32248190 0.25095700 0.15118832
v -0.33556359 0.23590394 0.14969328
v 0.22904074 0.13121623 0.19481723
v 0.21545179 0.14588911 0.19473211
v 0.49076353 -0.07411397 0.10310790
v 0.49027608 -0.05482426 0.10836428
v 0.45976395 -0.08571033 0.12399984
v 0.45915555 -0.06648012 0.12945776
v -0.32791731 0.02279092 0.18657934
v -0.33507481 0.00423472 0.18448231
v -0.04717207 0.22663588 0.18535797
v -0.06686515 0.22330316 0.18637554
v -0.06324880 -0.58918331 0.00770533
v -0.05947243 -0.60731306 0.00015476
v 0.47269709 0.12429577 0.10648197
v 0.46626559 0.14300701 0.10939488
v -0.46775971 -0.26109031 0.06637678
v -0.46361069 -0.27882793 0.05812314
v -0.06511963 0.32764728 0.16079928
v -0.08489933 0.32471914 0.16118578
v -0.31035163 -0.36025634 0.09913124
v -0.30548140 -0.37824082 0.09186494
v -0.14641291 0.51753295 0.04914392
v -0.16590669 0.51312899 0.04989086
v -0.18033610 0.55554639 0.01453903
v -0.19973495 0.55081361 0.01565505
v -0.42771251 0.41657403 0.00903798
v -0.44213699 0.40274959 0.00815526
v 0.29739577 0.50893320 0.01006756
v 0.28073863 0.51999500 0.00969829
v -0.56055035 -0.00760028 0.04760266
v -0.56361070 -0.02685589 0.04315118
v -0.51300298 0.20622354 0.05249826
v -0.52172759 0.18842600 0.04983579
v -0.43229444 0.00356221 0.14374820
v -0.43792181 -0.01550448 0.14156784
v -0.48531173 -0.03046852 0.11237103
v -0.48953821 -0.04979439 0.10943714
v -0.37113703 0.10915457 0.16732651
v -0.38040002 0.09145511 0.16638518
v -0.31424841 0.13067678 0.18050399
v -0.32523742 0.11396993 0.18021603
v -0.35064665 0.35349391 0.09450532
v -0.36605760 0.34076412 0.09514960
v -0.29047986 0.36092128 0.11153342
v -0.30703727 0.34972883 0.11226911
v 0.50399477 0.26100410 0.03106558
v 0.49319537 0.27783290 0.03071273
v 0.51114544 0.08924100 0.07951862
v 0.50493178 0.10817415 0.08121750
v 0.52690671 0.05669134 0.06970086
v 0.52163913 0.07587560 0.07174465
v 0.28148610 0.39662085 0.09452157
v 0.26503608 0.40796326 0.09368115
v -0.00833888 0.59786866 0.00656193
v -0.02832808 0.59811253 0.00598534
v -0.40493742 0.42451498 0.01615742
v -0.42029106 0.41170012 0.01622907
v -0.33717846 0.44247765 0.03658521
v -0.35374809 0.43128367 0.03690493
v 0.07135502 0.59138884 0.00708586
v 0.05158232 0.59434341 0.00656529
v -0.55938213 0.09568383 0.02973545
v -0.56574193 0.07691609 0.02703643
v -0.58716019 0.10586244 0.00659080
v -0.59414951 0.08727802 0.00419728
v -0.23633800 0.47358898 0.06173366
v -0.25398680 0.46428784 0.06033051
v -0.21239371 0.43155300 0.09843892
v -0.23027758 0.42265940 0.09742352
v 0.47581335 -0.25117468 0.06520012
v 0.47866319 -0.23242199 0.07153850
v 0.25753680 0.27454564 0.15998859
v 0.24187989 0.28694356 0.15893359
v 0.51991507 -0.05865592 0.08167014
v 0.51966380 -0.03935482 0.08690124
v 0.50989601 -0.00103981 0.09192997
v 0.50517354 0.01833677 0.09341533
v 0.12657858 0.48750315 0.07479372
v 0.10728134 0.49261794 0.07360406
v 0.16168830 0.47502648 0.07985559
v 0.14272498 0.48103443 0.07779227
v 0.48483331 -0.21312865 0.07205472
v 0.48557698 -0.19362233 0.07640332
v -0.52416175 -0.19886254 0.04132501
v -0.52391043 -0.21834019 0.03679534
v 0.44503354 0.00674735 0.13612591
v 0.43979326 0.02594806 0.13808350
v 0.42397364 0.01570589 0.14788164
v 0.41839397 0.03478865 0.15004391
v -0.51772556 0.15683382 0.06107007
v -0.52456318 0.13838678 0.05747650
v -0.48946796 0.15409707 0.08941556
v -0.49623033 0.13570483 0.08542107
v 0.32492782 -0.26793740 0.14093321
v 0.32700380 -0.24858056 0.14551174
v 0.38250139 -0.28674456 0.10790328
v 0.38658005 -0.26892448 0.11601311
v 0.49477350 0.14686403 0.08502648
v 0.48832044 0.16559473 0.08776123
v 0.45075886 0.15071922 0.11927999
v 0.44140167 0.16839277 0.11905940
v 0.31798849 -0.01510079 0.18711576
v 0.31166611 0.00370381 0.18964057
v 0.31500389 0.00772415 0.18917522
v 0.30796552 0.02627867 0.19165540
v -0.41048219 0.08822327 0.15199183
v -0.41759256 0.06980787 0.14878624
v 0.58961783 -0.02353384 0.01573882
v 0.58723388 -0.00392789 0.01888261
v 0.59815602 -0.04496671 0.00693261
v 0.59597886 -0.02531587 0.00994332
v 0.07466925 0.46508777 0.09427558
v 0.05499065 0.46859688 0.09364413
v 0.25323921 0.46368545 0.06098366
v 0.23636250 0.47441393 0.06117398
v 0.38625498 -0.33843206 0.07611436
v 0.39089199 -0.32047668 0.08360184
v 0.27477307 -0.06037438 0.18976948
v 0.26942264 -0.04120870 0.19177191
v 0.25812558 -0.02057078 0.19401275
v 0.25104765 -0.00192312 0.19547145
v -0.41300362 -0.24572128 0.11169816
v -0.41033377 -0.26418654 0.10449635
v -0.44892548 -0.23797125 0.09208792
v -0.44625826 -0.25645672 0.08493714
v 0.09644139 0.43418548 0.11127620
v 0.07693608 0.43839348 0.10993612
v 0.11062596 0.40079866 0.12823501
v 0.09130358 0.40571449 0.12667285
v 0.42992560 0.32635873 0.05561086
v 0.41819414 0.34253745 0.05637355
v -0.34795466 0.02136964 0.18120370
v -0.35441721 0.00269948 0.17810196
v -0.33759431 -0.06031703 0.18040349
v -0.34209277 -0.07971028 0.17849931
v -0.23496181 -0.42139099 0.08587810
v -0.22897716 -0.43842752 0.07728156
v -0.26530149 0.19864338 0.18196756
v -0.27880166 0.18391324 0.18111413
v -0.29890870 0.16790991 0.17835685
v -0.31096620 0.15197257 0.17759677
v -0.25671853 -0.11190210 0.18315396
v -0.25984626 -0.13151495 0.18080583
v -0.27641356 -0.14564246 0.17854406
v -0.27813606 -0.16513686 0.17442563
v -0.50374837 -0.31254964 0.00961379
v -0.50066100 -0.33165861 0.00458633
v -0.46723600 -0.29919552 0.04203221
v -0.46263888 -0.31709346 0.03438430
v 0.17409214 -0.31817071 0.12056862
v 0.17765688 -0.29946642 0.12668435
v 0.19480097 -0.36380374 0.10982588
v 0.19910007 -0.34549537 0.11662891
v -0.43624574 0.18245432 0.11678293
v -0.44707191 0.16563981 0.11694511
v -0.43252956 -0.06791728 0.14455088
v -0.43490244 -0.08719563 0.13978908
v -0.39334053 0.35339770 0.07059103
v -0.40628733 0.33833642 0.06824619
v -0.39453383 0.31639495 0.08774311
v -0.40745994 0.30122270 0.08610648
v 0.15905746 0.02580611 0.18932753
v 0.14784349 0.04235756 0.18983361
v 0.36067528 -0.11626553 0.16897353
v 0.35877974 -0.09682433 0.17326383
v -0.30738682 -0.33711908 0.11171549
v -0.30286526 -0.35504600 0.10409047
v -0.37036598 -0.31651221 0.09748747
v -0.36614189 -0.33457541 0.09001500
v -0.01102086 0.43491158 0.11566290
v -0.03100700 0.43455063 0.11504323
v 0.23508191 -0.38129499 0.10415938
v 0.23963669 -0.36315504 0.11124148
v 0.20001688 -0.40097898 0.09668019
v 0.20508628 -0.38277736 0.10323476
v 0.32680949 0.06160460 0.18681901
v 0.31783481 0.07947296 0.18644912
v -0.29530745 0.40316808 0.08544392
v -0.31183734 0.39191890 0.08502136
v -0.25247090 0.43058412 0.08395218
v -0.27009181 0.42112570 0.08399581
v 0.00865172 0.33841133 0.15727624
v -0.01133688 0.33905599 0.15726405
v -0.11557328 0.29657234 0.17041224
v -0.13468755 0.29094889 0.17213905
v -0.11502832 0.27452970 0.17675472
v -0.13402776 0.26847000 0.17825853
v 0.17128411 0.53880131 0.02793098
v 0.15223842 0.54463645 0.02614962
v -0.31505345 0.28822641 0.14101325
v -0.32937047 0.27428475 0.14023024
v -0.34486161 0.25067155 0.14117321
v -0.35762449 0.23532764 0.13989520
v 0.46842738 -0.12790261 0.10640447
v 0.46846479 -0.10858619 0.11158468
v 0.20245766 -0.46439800 0.06511966
v 0.20822552 -0.44762956 0.07436690
v -0.02794124 0.25516428 0.18009601
v -0.04785299 0.25337735 0.18063391
v -0.29750224 -0.22323768 0.15741121
v -0.29673560 -0.24247532 0.15199959
v 0.21357516 -0.08804418 0.18250487
v 0.20856851 -0.06879690 0.18461096
v 0.23331586 -0.08005802 0.18634884
v 0.22819742 -0.06083486 0.18840591
v -0.45041122 -0.17918556 0.10644082
v -0.45037959 -0.19858734 0.10159009
v 0.38901610 0.45209106 0.00735294
v 0.37398751 0.46528153 0.00701665
v 0.18156437 0.37182164 0.13653658
v 0.16346529 0.38028479 0.13566568
v 0.18018316 0.17299418 0.19247675
v 0.16410690 0.18483631 0.19134635
v 0.13714652 0.18798426 0.19153953
v 0.11962186 0.19759533 0.19085142
v -0.36372256 -0.44019612 0.02656876
v -0.35624026 -0.45625029 0.01728229
v -0.44200733 0.28287053 0.06923774
v -0.45403323 0.26693195 0.06809777
v 0.07224086 0.38534745 0.13707251
v 0.05257775 0.38889585 0.13621767
v -0.01909810 0.39834924 0.13302153
v -0.03908510 0.39774750 0.13267818
v -0.02335455 0.36273287 0.14822674
v -0.04333430 0.36185739 0.14816930
v 0.15818298 0.26530188 0.17762706
v 0.14034327 0.27430207 0.17678948
v 0.15273506 0.20323160 0.18920185
v 0.13543296 0.21324596 0.18864528
v -0.26129751 0.33543232 0.13323839
v -0.27804811 0.32454831 0.13419531
v 0.25606376 -0.28915665 0.14155865
v 0.25886569 -0.27023121 0.14738417
v 0.24289129 -0.32787887 0.12686732
v 0.24643807 -0.30966813 0.13433386
v -0.12587036 0.33501453 0.15702418
v -0.14495487 0.32928873 0.15874362
v 0.40332439 -0.06634919 0.15929953
v 0.39937404 -0.04681660 0.16098266
v 0.43354745 -0.03265036 0.14473144
v 0.42904501 -0.01323805 0.14641969
v 0.24566378 -0.53698945 0.00994801
v 0.25137646 -0.51965153 0.01811636
v 0.07558635 -0.56591339 0.01741129
v 0.07930201 -0.54793120 0.02533559
v -0.17532425 0.14016816 0.19548314
v -0.18997492 0.12661328 0.19674142
v -0.23331215 -0.01813593 0.19383683
v -0.24014564 -0.03687215 0.19234773
v -0.41115775 -0.22618147 0.11912619
v -0.41003038 -0.24542302 0.11379215
v -0.39446147 -0.19811321 0.13436038
v -0.39425648 -0.21753865 0.12960956
v 0.02673823 0.27548749 0.17553433
v 0.00681206 0.27719159 0.17559484
v 0.28226825 -0.33874604 0.11725410
v 0.28632096 -0.32087021 0.12525348
v 0.35927354 0.15775250 0.16126248
v 0.34821357 0.17440529 0.16069526
v 0.50128922 -0.21505388 0.05744538
v 0.50212759 -0.19557611 0.06190336
v 0.26165031 -0.43071292 0.07583639
v 0.26752570 -0.41390650 0.08494595
v -0.18104608 0.20955510 0.18724852
v -0.19740162 0.19809521 0.18831008
v 0.39555578 -0.11713721 0.15427855
v 0.39468922 -0.09789234 0.15964925
v -0.39077285 -0.32269114 0.08314610
v -0.38606407 -0.34046880 0.07528848
v -0.14715124 0.53416282 0.03530292
v -0.16666947 0.52985475 0.03596547
v 0.42055795 -0.43108145 0.00378321
v 0.42590366 -0.41289686 0.01016318
v -0.44476064 -0.35286144 0.02676777
v -0.43999940 -0.37121733 0.02041546
v 0.49983629 -0.31258489 0.01164696
v 0.50361485 -0.29383962 0.01750334
v -0.28357805 0.52407688 0.00739368
v -0.30125676 0.51473295 0.00705603
v 0.47008135 0.27137247 0.05278983
v 0.45900772 0.28802582 0.05276298
v -0.20987403 0.06506369 0.19716172
v -0.22092304 0.04839552 0.19693478
v -0.16620180 0.05082580 0.19310259
v -0.17751403 0.03433667 0.19278300
v -0.35653564 -0.07203222 0.17575719
v -0.36043158 -0.09149723 0.17332922
v -0.12129241 0.15839570 0.19327886
v -0.13825264 0.14780362 0.19362284
v 0.24359757 0.06840654 0.19623346
v 0.23292726 0.08531710 0.19660449
v 0.22176072 0.05881408 0.19710915
v 0.21087710 0.07559117 0.19729930
v -0.12266848 -0.47231327 0.06062365
v -0.11664555 -0.48942776 0.05221065
v -0.15865859 -0.44116006 0.07686624
v -0.15260783 -0.45859475 0.06916041
v 0.14397579 0.13251215 0.19491357
v 0.12784949 0.14426795 0.19360830
v 0.11885149 0.10494112 0.19225815
v 0.10276135 0.11681530 0.19199132
v 0.35143784 0.25667046 0.13644739
v 0.33892940 0.27225466 0.13724209
v -0.18960737 -0.38940449 0.10055249
v -0.18411971 -0.40729813 0.09350529
v -0.22445047 -0.35960327 0.11424332
v -0.21960949 -0.37757718 0.10693147
v -0.45163644 -0.05669586 0.13502663
v -0.45404817 -0.07590444 0.13000926
v -0.46377295 -0.09379237 0.11872423
v -0.46476694 -0.11295824 0.11309917
v -0.15917366 -0.01885967 0.18344054
v -0.16720278 -0.03708260 0.18159169
v 0.17593492 -0.01377475 0.18689736
v 0.16727974 0.00424421 0.18750165
v -0.44627808 -0.33464140 0.03672458
v -0.44132077 -0.35263459 0.02953917
v 0.37858670 -0.30732231 0.09885086
v 0.38267792 -0.28926751 0.10641697
v 0.41994579 -0.28221956 0.08856248
v 0.42424856 -0.26441339 0.09658660
v -0.26886746 0.09699547 0.19290845
v -0.27967943 0.08017140 0.19279991
v -0.36910246 0.18399042 0.14971881
v -0.38047675 0.16754330 0.14944024
v 0.33292345 -0.38104856 0.07964177
v 0.33793702 -0.36327329 0.08731405
v -0.21257590 0.24092838 0.17721378
v -0.22888633 0.22948298 0.17892628
v -0.36005781 0.47496344 0.00725927
v -0.37628770 0.46328989 0.00673131
v -0.12116432 0.45530223 0.09656973
v -0.14072317 0.45123805 0.09751534
v -0.57058981 0.02519585 0.03184938
v -0.57650495 0.00623852 0.02948495
v -0.53116242 -0.01018570 0.07495795
v -0.53532628 -0.02946976 0.07167965
v -0.48163620 0.27339813 0.04239442
v -0.49337569 0.25722528 0.04163064
v 0.41115273 0.36590752 0.04917323
v 0.39816923 0.38111832 0.04931494
v -0.25028934 0.50672233 0.03125371
v -0.26786843 0.49730574 0.02974923
v 0.04346673 0.56245249 0.02822454
v 0.02367493 0.56527947 0.02872746
v -0.33646310 0.39008376 0.07629829
v -0.35266481 0.37838724 0.07710821
v -0.38166201 0.38835236 0.05506163
v -0.39626165 0.37473593 0.05387697
v 0.22813122 0.50587108 0.04164295
v 0.21016874 0.51458925 0.04050157
v 0.52353454 0.13038551 0.06000703
v 0.51765720 0.14931267 0.06268653
v 0.55119565 0.11804278 0.03363424
v 0.54545304 0.13705744 0.03596343
v 0.48777470 0.07210099 0.10072467
v 0.48200201 0.09111222 0.10300704
v 0.44185884 0.11567227 0.12986905
v 0.43481096 0.13420283 0.13249695
v -0.06904988 0.56026463 0.02636197
v -0.08887183 0.55784590 0.02526643
v -0.01897650 0.56640156 0.02850902
v -0.03886161 0.56539310 0.02663144
v 0.56260090 -0.04111462 0.04090913
v 0.56140466 -0.02156796 0.04496588
v 0.54113010 -0.08065203 0.05487156
v 0.54103788 -0.06124291 0.05969207
v -0.41044627 -0.30745375 0.07944194
v -0.40605445 -0.32539018 0.07176362
v -0.44763288 0.04151863 0.13248575
v -0.45376417 0.02265855 0.12990418
v -0.48170717 0.01937020 0.11122000
v -0.48735150 0.00033022 0.10885762
v -0.39033989 0.12355706 0.15722958
v -0.39966084 0.10588943 0.15626268
v 0.55979941 -0.21885467 0.00526995
v 0.56086662 -0.19946356 0.01004551
v -0.14381214 0.36756737 0.14292218
v -0.16277664 0.36138486 0.14436597
v 0.32336315 -0.34307018 0.10350406
v 0.32795572 -0.32549254 0.11186437
v 0.34679664 -0.29751531 0.11935507
v 0.35072804 -0.27969955 0.12754671
v 0.12750760 0.29018710 0.17280214
v 0.10866265 0.29655546 0.17073524
v -0.18366718 0.03712003 0.19406110
v -0.19382856 0.01989495 0.19400883
v 0.29697724 0.47879177 0.02934827
v 0.28049658 0.49011390 0.02895177
v -0.34451743 0.31127483 0.12004799
v -0.35812286 0.29675275 0.11805765
v -0.53084703 0.16877337 0.04499484
v -0.53774353 0.15036094 0.04133690
v -0.53249115 0.12000429 0.05262678
v -0.53897550 0.10135578 0.04944143
v -0.50704083 -0.20062703 0.05607004
v -0.50684470 -0.22011800 0.05159527
v -0.55534074 -0.18234203 0.01740824
v -0.55575469 -0.20197065 0.01359957
v -0.29829924 -0.03782756 0.18937309
v -0.30368770 -0.05690000 0.18669601
v -0.28847506 0.01024215 0.19381867
v -0.29577043 -0.00827471 0.19185316
v 0.11168227 0.50036124 0.06713684
v 0.09223282 0.50486919 0.06597169
v 0.15679961 0.50626806 0.05681270
v 0.13767028 0.51175261 0.05482562
v -0.59416441 -0.04504073 0.00909766
v -0.59690750 -0.06453550 0.00557780
v -0.31468794 0.38746107 0.08671603
v -0.33134078 0.37644863 0.08788620
v -0.27474169 0.39650585 0.09692853
v -0.29174171 0.38597258 0.09702819
v -0.01033161 0.47032849 0.09605129
v -0.03028805 0.46972299 0.09489639
v 0.47913738 0.20697351 0.07933227
v 0.46868986 0.22400936 0.07856468
v 0.51180544 0.17310442 0.06363540
v 0.50413516 0.19151177 0.06515079
v 0.45634046 -0.06372567 0.13160139
v 0.45293289 -0.04411947 0.13358771
v 0.09379071 0.41346694 0.12270599
v 0.07428933 0.41773007 0.12148866
v -0.30778811 -0.28744762 0.13645291
v -0.30451459 -0.30550068 0.12849481
v 0.42328117 -0.33699633 0.05231314
v 0.42813003 -0.31899809 0.05955964
v 0.41207939 -0.37928222 0.03460969
v 0.41748939 -0.36138768 0.04171444
v -0.44099777 0.31645901 0.05200081
v -0.45329667 0.30075774 0.05052875
v -0.44662844 0.34623801 0.03143105
v -0.45917005 0.33076152 0.02965727
v -0.46895634 -0.06982480 0.12151878
v -0.47012491 -0.08883106 0.11540679
v -0.53489154 -0.05446505 0.06862534
v -0.53523483 -0.07344669 0.06233728
v 0.55266482 0.04736760 0.04542638
v 0.54748223 0.06660220 0.04719583
v 0.48909273 -0.00148070 0.10756155
v 0.48426126 0.01786551 0.10909152
v 0.47959992 0.05440780 0.10899843
v 0.47401656 0.07347404 0.11129289
v 0.29479280 0.29191569 0.14478839
v 0.27951532 0.30468406 0.14291032
v -0.37453377 -0.23076388 0.13489071
v -0.37366867 -0.25022455 0.13036370
v -0.00738323 0.32347350 0.16242888
v -0.02738032 0.32322513 0.16230805
v -0.14897530 0.43245574 0.10858556
v -0.16822392 0.42728352 0.11022832
v -0.35670013 -0.02025142 0.17691140
v -0.36228678 -0.03936248 0.17503615
v -0.38523976 0.33705654 0.08520769
v -0.39796450 0.32183545 0.08268592
v -0.38112323 0.30249594 0.10257059
v -0.39401914 0.28730217 0.10089581
v 0.51319961 -0.19730347 0.05132179
v 0.51374415 -0.17777548 0.05560208
v -0.23071495 0.44219811 0.08565217
v -0.24822586 0.43264027 0.08424658
v -0.21755641 -0.10216454 0.18080766
v -0.22123431 -0.12168637 0.17849870
v 0.52180867 0.26797200 0.01578692
v 0.51100931 0.28479912 0.01536037
v 0.56082262 -0.10436137 0.02752750
v 0.56087993 -0.08485195 0.03192514
v -0.00522180 0.22425983 0.18542058
v -0.02521879 0.22399780 0.18552957
v 0.00046107 0.20303677 0.18745394
v -0.01952916 0.20317313 0.18802991
v 0.42876265 0.07858220 0.14156305
v 0.42224447 0.09728790 0.14431443
v 0.41843793 0.03979833 0.14976458
v 0.41251396 0.05871983 0.15238051
v 0.15709072 0.34166979 0.15278878
v 0.13856009 0.34894060 0.15086239
v -0.38053335 -0.18514749 0.14399523
v -0.38052556 -0.20449733 0.13894115
v 0.43577409 0.28121372 0.07487012
v 0.42436482 0.29763575 0.07519526
v 0.45762362 0.24364514 0.07717928
v 0.44668261 0.26038454 0.07696323
v 0.37348052 0.11107212 0.16670297
v 0.36389514 0.12862350 0.16653019
v -0.53704360 -0.07537973 0.05994899
v -0.53772407 -0.09461123 0.05450414
v -0.51716965 -0.12849453 0.06554420
v -0.51729236 -0.14781048 0.06036356
v 0.21064159 -0.19866445 0.16034143
v 0.21045754 -0.17910593 0.16451162
v 0.18770063 -0.23717253 0.14511103
v 0.18873825 -0.21786682 0.15022695
v 0.22069052 -0.21978131 0.15740721
v 0.22090396 -0.20045154 0.16253309
v -0.43963256 0.16164630 0.12244423
v -0.44915638 0.14409679 0.12131651
v -0.47553276 0.11662203 0.10513702
v -0.48241854 0.09812352 0.10191969
v 0.23072119 0.43638220 0.08886585
v 0.21354993 0.44662924 0.08919162
v -0.17774919 0.18671379 0.19140093
v -0.19356357 0.17449121 0.19208927
v -0.23967787 0.16840108 0.19117532
v -0.25315287 0.15363845 0.19050497
v -0.02795374 0.41730198 0.12381403
v -0.04792323 0.41629687 0.12340294
v -0.46127988 -0.35872503 0.01359379
v -0.45723659 -0.37765688 0.00857416
v -0.47911083 -0.18901967 0.08256114
v -0.47892398 -0.20844991 0.07782928
v -0.18851282 -0.16707230 0.16134424
v -0.18950562 -0.18669589 0.15761740
v 0.25668600 -0.49216839 0.03394844
v 0.26304956 -0.47573300 0.04340059
v 0.39053765 -0.14063269 0.15067622
v 0.39000196 -0.12133528 0.15589953
v 0.37281990 -0.17567645 0.14961130
v 0.37271521 -0.15627364 0.15445692
v -0.13173369 0.31020836 0.16587342
v -0.15062336 0.30383617 0.16746573
v -0.32056307 0.19514860 0.16641601
v -0.33269996 0.17928919 0.16535060
v -0.41001449 -0.36917111 0.04259858
v -0.40488121 -0.38720933 0.03565365
v -0.40142875 -0.43717638 0.01034587
v -0.39545271 -0.45500506 0.00353520
v 0.02974679 0.59580991 0.00764281
v 0.00981028 0.59729539 0.00710507
v 0.17868098 0.55734320 0.01412250
v 0.15967676 0.56334539 0.01245718
v -0.12567325 0.58183446 0.00682123
v -0.14532620 0.57816690 0.00630078
v 0.58554791 -0.06447130 0.01342358
v 0.58496191 -0.04497024 0.01781966
v -0.56567484 -0.14337211 0.01639501
v -0.56678433 -0.16305666 0.01304126
v 0.55891716 0.21519051 0.00860981
v 0.55048780 0.23329738 0.00963299
v -0.50672042 0.09482070 0.08187052
v -0.51343849 0.07616975 0.07923051
v -0.30882995 -0.17477270 0.16818866
v -0.30950725 -0.19411389 0.16314689
v 0.21933006 0.03422286 0.19631020
v 0.20939238 0.05156243 0.19704625
v 0.05683951 0.14065728 0.19084699
v 0.03775072 0.14661961 0.19067805
v 0.02183847 0.16443620 0.19005026
v 0.00195212 0.16653990 0.18979074
v 0.54161454 -0.23604554 0.01609552
v 0.54230463 -0.21649013 0.02022706
v 0.16012449 0.07497830 0.19427576
v 0.14671498 0.08980905 0.19383575
v -0.40988090 0.23573802 0.11160464
v -0.42165755 0.21958720 0.11095524
v -0.44229726 0.24820683 0.08652055
v -0.45364837 0.23178198 0.08536441
v 0.38920146 0.23087782 0.12549633
v 0.37778259 0.24728884 0.12599402
v 0.35220977 0.36571864 0.08641966
v 0.33682837 0.37822716 0.08379108
v 0.31656386 0.34020687 0.11441703
v 0.30115309 0.35280815 0.11249975
v 0.24515955 0.37403419 0.11884105
v 0.22837627 0.38490895 0.11869638
v -0.15194014 -0.52689313 0.03400927
v -0.14585576 -0.54310116 0.02399727
v 0.44632173 -0.10142386 0.12934404
v 0.44580028 -0.08218097 0.13476615
v -0.10640576 0.11498300 0.19205116
v -0.12242895 0.10302075 0.19240008
v -0.14981930 0.10901962 0.19458137
v -0.16403213 0.09505674 0.19631153
v -0.08437218 0.21070802 0.18841244
v -0.10337114 0.20461629 0.18978738
v -0.28099637 -0.20687102 0.16290405
v -0.28087367 -0.22631980 0.15824682
v -0.31650338 0.15228700 0.17591405
v -0.32801943 0.13593946 0.17560015
v -0.29329193 0.12457400 0.18604118
v -0.30456107 0.10805282 0.18617225
v 0.29057149 -0.37480963 0.09754927
v 0.29534273 -0.35711689 0.10555940
v 0.30230063 -0.40906587 0.07759154
v 0.30758858 -0.39125064 0.08498175
v 0.35098774 -0.42105184 0.04759381
v 0.35692831 -0.40370466 0.05557785
v 0.31573688 -0.45617008 0.03688406
v 0.32272267 -0.44028149 0.04681942
v 0.18685985 -0.49815760 0.04700450
v 0.19253667 -0.48139482 0.05631809
v -0.09696739 0.23141543 0.18560413
v -0.11592177 0.22518357 0.18696632
v -0.13728759 0.21856642 0.18758519
v -0.15516839 0.20968009 0.18871223
v -0.26561090 -0.34942575 0.11546785
v -0.26096086 -0.36733234 0.10787239
v -0.33530745 0.06955180 0.18374817
v -0.34382521 0.05151924 0.18225346
v -0.34601604 0.21377312 0.15142776
v -0.35816254 0.19790672 0.15060324
v -0.39068887 -0.34326362 0.07079025
v -0.38591107 -0.36127148 0.06352048
v 0.37377703 0.19507293 0.14446945
v 0.36252513 0.21160424 0.14473493
v 0.41817999 0.14959057 0.13803626
v 0.40822230 0.16692363 0.13742855
v -0.41137552 -0.28751528 0.09108987
v -0.40713436 -0.30527355 0.08292798
v -0.17232016 0.51080245 0.05086155
v -0.19168326 0.50593350 0.05201200
v 0.46495915 0.17947136 0.10107396
v 0.45491983 0.19674909 0.10026643
v 0.02104035 0.29680156 0.17044117
v 0.00108198 0.29803962 0.17014001
v -0.51929209 -0.15141753 0.05752008
v -0.51937002 -0.17080234 0.05260246
v 0.34467912 -0.10257771 0.17609520
v 0.34159535 -0.08293577 0.17825034
v 0.42037135 0.42339213 0.00917430
v 0.40628471 0.43758244 0.00877172
v 0.40892197 0.38734611 0.03777748
v 0.39542624 0.40210476 0.03769173
v -0.41470395 0.01486360 0.15280971
v -0.42078926 -0.00407735 0.15076780
v -0.37977295 0.03645782 0.16855688
v -0.38642477 0.01776218 0.16606964
v -0.42491780 0.35900044 0.04208095
v -0.43766464 0.34372930 0.04001446
v -0.17739082 0.49504007 0.06311700
v -0.19666409 0.48988369 0.06449995
v -0.13395815 0.48833027 0.07363197
v -0.15346560 0.48395856 0.07418641
v -0.34184504 0.40750490 0.06082187
v -0.35819816 0.39601920 0.06160567
v -0.25717523 0.47119809 0.05377837
v -0.27457392 0.46139576 0.05270140
v -0.33544941 0.47855353 0.01381807
v -0.35220111 0.46762932 0.01377473
v 0.00965475 0.58726035 0.01403882
v -0.01031805 0.58791993 0.01325633
v 0.06145482 0.55087176 0.03451815
v 0.04172764 0.55415429 0.03467123
v 0.18032866 0.50780283 0.05212646
v 0.16142552 0.51392930 0.04986868
v 0.14692283 0.53610087 0.03387530
v 0.12767529 0.54133287 0.03241981
v -0.54747828 -0.03954093 0.05883877
v -0.54839333 -0.05862690 0.05293554
v 0.56465017 0.00000267 0.04218706
v 0.55988754 0.01939157 0.04334805
v -0.47004027 0.29260810 0.04141378
v -0.48201611 0.27662621 0.04035618
v -0.53360634 0.26799825 0.00804119
v -0.54426947 0.25117317 0.00625951
v -0.02464463 0.48677787 0.08502847
v -0.04458782 0.48574282 0.08395229
v -0.02922284 0.55103477 0.03866397
v -0.04911031 0.54970555 0.03702638
v -0.17702274 0.40881355 0.11924771
v -0.19561669 0.40145269 0.11945510
v -0.23604194 0.40186108 0.10696618
v -0.25352543 0.39216190 0.10650389
v 0.46346007 0.31439317 0.03500180
v 0.45203873 0.33080565 0.03538040
v -0.54450849 0.15472728 0.03337557
v -0.55135791 0.13624605 0.02998597
v -0.54694043 0.20550582 0.02219497
v -0.55434702 0.18731519 0.01842624
v -0.20622996 0.55967216 0.00834020
v -0.22509143 0.55304185 0.00784627
v -0.18724525 0.52370497 0.03799062
v -0.20655318 0.51865907 0.03929540
v 0.52608335 0.07980685 0.06649953
v 0.52066533 0.09893085 0.06870811
v 0.50797047 0.12706801 0.07593715
v 0.50191629 0.14593682 0.07863439
v 0.52056450 -0.27476495 0.01464900
v 0.52450321 -0.25655990 0.02193068
v -0.49958302 0.19151143 0.06954266
v -0.50840229 0.17371290 0.06722044
v 0.51326212 -0.03884421 0.09201878
v 0.50973772 -0.01923972 0.09380840
v 0.50790359 -0.07691371 0.08754197
v 0.50771990 -0.05761726 0.09279297
v -0.09346557 0.55786851 0.02455220
v -0.11322653 0.55487470 0.02384381
v 0.48145308 0.18593291 0.08757114
v 0.47142120 0.20321414 0.08674626
v 0.46045324 0.22207557 0.08558443
v 0.44985574 0.23903312 0.08527665
v -0.25477405 0.31494895 0.14443300
v -0.27131467 0.30374226 0.14531505
v -0.30285190 0.32450188 0.12687210
v -0.31897980 0.31282511 0.12874400
v -0.41003355 -0.10052293 0.15151244
v -0.41147744 -0.11966171 0.14589260
v -0.39456582 -0.06902692 0.16236799
v -0.39828239 -0.08849971 0.15973024
v 0.32017871 0.39943559 0.07678526
v 0.30416651 0.41132916 0.07533189
v 0.30974441 0.36287225 0.10386892
v 0.29400669 0.37512325 0.10238662
v 0.13184012 0.37240871 0.14128731
v 0.11274938 0.37801526 0.13926979
v 0.13048353 0.40521676 0.12511672
v 0.11134948 0.41073101 0.12326157
v -0.46172205 0.07932733 0.11974624
v -0.46811857 0.06063519 0.11664005
v -0.43001101 0.05273194 0.14239524
v -0.43639225 0.03398292 0.13961790
v -0.44889238 -0.29559354 0.05879876
v -0.44448929 -0.31352331 0.05111137
v 0.17648054 -0.53284411 0.02761703
v 0.18194436 -0.51610731 0.03710314
v 0.35286415 0.44207711 0.02905576
v 0.33709621 0.45431400 0.02779460
v 0.09011870 -0.54979643 0.02395952
v 0.09455305 -0.53250999 0.03298591
v 0.28959868 -0.16401298 0.17327798
v 0.28843604 -0.14449109 0.17746177
v 0.25762828 -0.13254144 0.18047856
v 0.25498878 -0.11286536 0.18289625
v -0.29266338 -0.24695136 0.15139024
v -0.29129505 -0.26648347 0.14731785
v -0.33677322 -0.22905842 0.14839147
v -0.33581232 -0.24839955 0.14339571
v 0.29536599 0.22211363 0.16854583
v 0.28177718 0.23678339 0.16886616
v -0.27388904 -0.41299457 0.08278483
v -0.26787009 -0.43008535 0.07432093
v -0.25356886 -0.40697373 0.09048439
v -0.24774575 -0.42417725 0.08211241
v 0.33487993 -0.17709135 0.16200711
v 0.33463339 -0.15772419 0.16698830
v 0.48778468 0.03586901 0.10476645
v 0.48243032 0.05503588 0.10674677
v 0.46044453 0.08246460 0.12025623
v 0.45441905 0.10135065 0.12289644
v -0.01311376 -0.60330952 0.00503069
v -0.01207985 -0.62193162 -0.00218793
v 0.09879324 0.52794360 0.04705267
v 0.07925335 0.53215644 0.04641642
v -0.29299952 -0.39786345 0.08558337
v -0.28731330 -0.41535264 0.07772491
v -0.29214717 -0.43991979 0.05990283
v -0.28517694 -0.45588233 0.05007566
v 0.45030669 -0.30512984 0.05191918
v 0.45514912 -0.28731370 0.05960658
v 0.39304817 -0.31658002 0.08461404
v 0.39782379 -0.29897233 0.09280689
v 0.55142910 0.07157763 0.04235858
v 0.54595746 0.09072759 0.04417521
v 0.09086316 0.49404692 0.07437345
v 0.07125541 0.49777374 0.07310576
v 0.11508588 0.47119566 0.08722291
v 0.09571269 0.47598298 0.08591114
v 0.04072419 0.40420040 0.12969940
v 0.02086874 0.40656222 0.12932146
v 0.54209073 0.23084966 0.01757761
v 0.53169882 0.24791436 0.01670342
v 0.55599327 0.19078435 0.01590944
v 0.54942434 0.20949059 0.01853349
v 0.15691765 0.42492949 0.11229208
v 0.13805485 0.43114029 0.10992976
v 0.11842505 0.43892225 0.10683454
v 0.09913720 0.44395311 0.10521306
v -0.47149824 -0.20873277 0.08367867
v -0.47108679 -0.22818715 0.07906155
v -0.32643563 -0.45139420 0.03608971
v -0.31888288 -0.46724129 0.02650922
v 0.43295416 -0.36795111 0.02629392
v 0.43823835 -0.34991277 0.03312442
v 0.40806970 -0.39959804 0.02616885
v 0.41321694 -0.38135818 0.03255425
v -0.58134235 0.06510888 0.01751812
v -0.58717115 0.04622841 0.01443383
v -0.52912830 -0.21876420 0.03184844
v -0.52788378 -0.23796494 0.02639476
v -0.47987084 0.04398835 0.10992888
v -0.48588619 0.02508154 0.10741726
v -0.35677546 -0.21865504 0.14450821
v -0.35639881 -0.23823095 0.14043369
v -0.46864004 -0.17310070 0.09473680
v -0.46870014 -0.19251989 0.08995647
v -0.49824431 -0.18281280 0.06806891
v -0.49813753 -0.20225497 0.06338377
v -0.44366984 0.11447214 0.12941181
v -0.45060934 0.09606704 0.12579856
v -0.45939123 0.12743900 0.11665655
v -0.46645948 0.10905625 0.11318171
v -0.07011415 0.36456226 0.14638345
v -0.08989735 0.36168165 0.14691949
v 0.16854596 -0.35919134 0.10676989
v 0.17282542 -0.34095915 0.11378654
v 0.17472605 0.19537597 0.18967421
v 0.15811298 0.20645747 0.18859435
v -0.33726569 -0.03264931 0.18223513
v -0.34250478 -0.05181169 0.17992961
v -0.42371025 0.14968818 0.13471267
v -0.43317266 0.13210286 0.13362668
v 0.11867421 0.25311630 0.18200686
v 0.09997598 0.25994161 0.18007002
v 0.06871852 0.20671286 0.18824703
v 0.04938041 0.21168196 0.18710445
v -0.05612429 0.46902280 0.09331661
v -0.07601733 0.46699287 0.09299080
v -0.06068725 0.43768787 0.11159244
v -0.08056507 0.43549334 0.11146457
v 0.42975403 0.18351144 0.12008462
v 0.41933547 0.20057514 0.11959108
v 0.01050831 0.49785028 0.07869750
v -0.00946619 0.49878776 0.07838024
v 0.05130043 0.49534636 0.07702796
v 0.03149653 0.49811551 0.07671555
v 0.53934738 -0.16403614 0.03508998
v 0.53986132 -0.14453928 0.03951356
v 0.48260737 -0.30467595 0.02601634
v 0.48725730 -0.28661085 0.03322679
v -0.09271217 0.26800821 0.17822517
v -0.11199338 0.26287870 0.17959743
v 0.20245927 0.56096011 0.00734471
v 0.18390403 0.56839044 0.00667139
v -0.59626514 -0.00533881 0.01197969
v -0.59978539 -0.02455506 0.00770141
v 0.58505224 -0.13134481 0.00519493
v 0.58432274 -0.11160487 0.00831946
v 0.59959886 -0.00390250 0.00748818
v 0.59649971 0.01565989 0.01025732
v -0.50520569 -0.28919455 0.01928822
v -0.50169305 -0.30776820 0.01275823
v -0.43438479 0.39314059 0.01795955
v -0.44754894 0.37824224 0.01579054
v 0.32025975 0.50432804 0.00559063
v 0.30381663 0.51569590 0.00499419
v -0.24513400 0.54380608 0.00822998
v -0.26345918 0.53580876 0.00779361
v -0.35624692 0.22966921 0.14218179
v -0.36854511 0.21392331 0.14129810
v 0.52322664 -0.15972940 0.05148206
v 0.52369791 -0.14026166 0.05603673
v -0.14740477 0.08757179 0.19389924
v -0.16082716 0.07275373 0.19437300
v 0.33389554 -0.45968302 0.02522334
v 0.34120020 -0.44383085 0.03498605
v 0.27839254 -0.46090957 0.04912622
v 0.28489553 -0.44469754 0.05886487
v 0.38168356 0.30336253 0.10190781
v 0.36948537 0.31917687 0.10294255
v -0.25443393 0.13165718 0.19232342
v -0.26657033 0.11576696 0.19191223
v -0.00386547 0.16745231 0.18973533
v -0.02384135 0.16650781 0.18991366
v -0.18378670 0.36988519 0.13761524
v -0.20186511 0.36135793 0.13696942
v -0.17038486 0.31983330 0.15972144
v -0.18844190 0.31123733 0.15960975
v 0.26351913 0.47660936 0.04679070
v 0.24671167 0.48744755 0.04684311
v 0.41454562 -0.11364809 0.14545723
v 0.41383097 -0.09438193 0.15077365
v 0.19696360 -0.32409352 0.12431196
v 0.20059490 -0.30538905 0.13038786
v 0.48173541 0.29791195 0.02915081
v 0.47053329 0.31447882 0.02925745
v -0.42140357 0.21658980 0.11226898
v -0.43275994 0.20013053 0.11197663
v -0.19548421 0.25519415 0.17602367
v -0.21232447 0.24441032 0.17629625
v 0.10353741 -0.48900596 0.05218119
v 0.10886660 -0.47110765 0.05933732
v 0.22005537 -0.27549427 0.14311515
v 0.22267296 -0.25609279 0.14720060
v 0.38688993 0.25474233 0.11776438
v 0.37514597 0.27091787 0.11838979
v -0.37082227 -0.29575222 0.10886174
v -0.36681877 -0.31361062 0.10079890
v 0.44808771 -0.20567714 0.10106277
v 0.44886033 -0.18622795 0.10565541
v 0.46252753 -0.18836302 0.09571477
v 0.46289449 -0.16884674 0.10006683
v 0.10023750 0.11909751 0.19194822
v 0.08271094 0.12870885 0.19131423
v 0.35262520 0.11879368 0.17160534
v 0.34253421 0.13605833 0.17135220
v 0.36817472 0.26811431 0.12359070
v 0.35604733 0.28398619 0.12457548
v 0.33274740 0.26906555 0.14081906
v 0.31917232 0.28375021 0.14062350
v -0.25650988 -0.13342968 0.18047290
v -0.25866243 -0.15305618 0.17729057
v -0.20977417 -0.12432816 0.17509923
v -0.21252728 -0.14390282 0.17206395
v 0.44953602 -0.01682216 0.13483353
v 0.44479569 0.00253503 0.13650343
v 0.42241610 -0.07413832 0.15024318
v 0.41921454 -0.05454532 0.15265660
v 0.49714476 -0.25161378 0.04709692
v 0.49990489 -0.23281266 0.05333065
v -0.25368739 0.23516493 0.17387916
v -0.26877921 0.22211125 0.17522027
v -0.28383991 0.26332858 0.15878118
v -0.29883505 0.25013692 0.15982310
v 0.34824142 0.01891313 0.18030106
v 0.34186064 0.03756508 0.18367011
v 0.29075682 -0.29577377 0.13589593
v 0.29390093 -0.27747158 0.14331916
v 0.16173101 -0.44668073 0.07475323
v 0.16723280 -0.42897073 0.08223962
v 0.36791017 -0.07032061 0.17263384
v 0.36368141 -0.05083346 0.17415990
v 0.36400410 -0.28024546 0.12086965
v 0.36785385 -0.26236784 0.12896471
v 0.24180752 -0.21780789 0.16117273
v 0.24205609 -0.19827334 0.16545052
v -0.15509614 -0.49528924 0.05098084
v -0.14902208 -0.51197603 0.04178209
v -0.55690916 -0.09981654 0.03243711
v -0.55743309 -0.11922732 0.02765094
v -0.58086108 -0.12584123 0.00893278
v -0.58194997 -0.14545965 0.00520556
v -0.16101096 0.39662936 0.12785750
v -0.17983879 0.38991822 0.12851581
v -0.13932512 0.40009035 0.12723165
v -0.15851699 0.39474893 0.12899268
v 0.23914101 0.31061800 0.14982222
v 0.22271438 0.32199600 0.14900556
v 0.17559831 0.30320389 0.16425480
v 0.15790910 0.31252963 0.16396748
v 0.34447496 -0.04292972 0.18027764
v 0.33928133 -0.02364664 0.18134957
v 0.27807600 -0.01190958 0.19371977
v 0.27097804 0.00674092 0.19503817
v 0.24125805 0.17132206 0.18998536
v 0.22691120 0.18521907 0.18898490
v 0.45842402 0.02216627 0.12717980
v 0.45282927 0.04129053 0.12888903
v -0.35233076 -0.39511711 0.06372833
v -0.34672608 -0.41285629 0.05638878
v -0.22603929 0.50792530 0.04094447
v -0.24396646 0.49918275 0.03948010
v -0.22489218 0.46042867 0.07596920
v -0.24265473 0.45134227 0.07459473
v -0.37795543 0.37215218 0.06778601
v -0.39283929 0.35879991 0.06740173
v 0.35326678 0.40875716 0.05429864
v 0.33766522 0.42115159 0.05258703
v 0.29796146 0.44505437 0.05380934
v 0.28151329 0.45640536 0.05305261
v -0.47286321 0.25655486 0.05849320
v -0.48450457 0.24030602 0.05784983
v -0.45213872 0.22772863 0.08824054
v -0.46385845 0.21152392 0.08836442
v -0.05840152 0.34778108 0.15335135
v -0.07825104 0.34540580 0.15391247
v -0.10352106 0.34097269 0.15517023
v -0.12295544 0.33645740 0.15654037
v -0.52982666 0.19458572 0.04060014
v -0.53708587 0.17633533 0.03683354
v -0.50449006 0.22877590 0.04795640
v -0.51578680 0.21227470 0.04772370
v 0.44121957 -0.16184665 0.11714060
v 0.44136246 -0.14244474 0.12198885
v 0.40650677 -0.15017527 0.14039684
v 0.40626475 -0.13084585 0.14552276
v 0.21835374 0.49007547 0.05686276
v 0.20038491 0.49880663 0.05594199
v 0.18530153 0.47634677 0.07636271
v 0.16655124 0.48277615 0.07370757
v -0.48642702 0.34392220 0.00751188
v -0.49899770 0.32840375 0.00645548
v -0.57744637 0.14581609 0.00797229
v -0.58502878 0.12743002 0.00586998
v 0.39791729 0.43057118 0.01720854
v 0.38255688 0.44320454 0.01510706
v -0.42049098 0.25355831 0.09801253
v -0.43248499 0.23756852 0.09735651
v -0.38799004 0.28153550 0.10669465
v -0.40052668 0.26601249 0.10534232
v -0.55879846 0.01320237 0.04552618
v -0.56456357 -0.00582015 0.04332004
v -0.59679017 0.03085541 0.00799891
v -0.60190140 0.01185712 0.00440722
v 0.30305347 0.32620684 0.12634393
v 0.28756148 0.33871453 0.12446884
v 0.34603564 0.30623367 0.12112061
v 0.33186695 0.32028102 0.11974936
v -0.35064372 -0.28742996 0.12215811
v -0.34713397 -0.30551908 0.11438473
v -0.50298565 -0.06515735 0.09498491
v -0.50393717 -0.08424509 0.08909316
v -0.51670362 -0.02491924 0.08778050
v -0.52048864 -0.04425703 0.08436239
v -0.20950782 -0.01512189 0.19125707
v -0.21664236 -0.03380499 0.19124074
v -0.54842182 0.08410665 0.04293003
v -0.55471488 0.06531626 0.04023212
v -0.53935180 0.04822414 0.05852891
v -0.54533321 0.02930538 0.05602633
v 0.41615628 -0.30398804 0.07777816
v 0.42071066 -0.28616327 0.08562005
v 0.46255593 -0.28609706 0.05442178
v 0.46713898 -0.26822965 0.06214908
v -0.10201973 0.43995249 0.10715848
v -0.12168389 0.43643342 0.10810567
v -0.22579053 0.35236691 0.13509694
v -0.24323041 0.34257870 0.13513819
v -0.20156326 0.38132531 0.12800966
v -0.21936873 0.37225862 0.12716088
v -0.12823418 0.50725484 0.05971765
v -0.14785096 0.50341870 0.06037023
v 0.49189131 0.23415105 0.05520766
v 0.48125877 0.25108112 0.05467657
v 0.52536188 0.22406856 0.03369835
v 0.51499667 0.24115177 0.03286982
v 0.17970770 -0.40987312 0.09132641
v 0.18490661 -0.39195771 0.09853539
v -0.51255357 0.02276058 0.08664266
v -0.51840489 0.00375012 0.08456310
v -0.01269304 0.53579667 0.05226802
v -0.03257802 0.53479493 0.05038543
v 0.01961707 0.55727138 0.03493788
v -0.00032671 0.55871802 0.03460176
v 0.16493024 0.38827725 0.13196339
v 0.14628385 0.39505576 0.12944869
v 0.06552796 0.28406224 0.17391406
v 0.04590336 0.28778607 0.17293001
v 0.34719735 -0.33493464 0.09872821
v 0.35158495 -0.31701888 0.10645704
v 0.52513244 0.15464584 0.05380722
v 0.51903186 0.17349471 0.05653904
v 0.52658897 0.20171147 0.04156075
v 0.51754350 0.21954643 0.04179225
v 0.54679207 -0.04022010 0.05873563
v 0.54572789 -0.02070347 0.06296986
v 0.16480147 0.44295464 0.10070541
v 0.14598031 0.44927253 0.09829540
v -0.37995714 0.01270711 0.16865451
v -0.38607162 -0.00616528 0.16612354
v -0.39579708 -0.02184123 0.16220082
v -0.40106322 -0.04103341 0.16022898
v 0.47631585 0.08974659 0.10763895
v 0.47036143 0.10866820 0.11018407
v 0.50232822 0.07170191 0.08916729
v 0.49672251 0.09076863 0.09140253
v -0.37290490 0.08458326 0.16988674
v -0.38083173 0.06638116 0.16747653
v -0.33202729 0.11316607 0.17842655
v -0.34241397 0.09607585 0.17846419
v 0.50593074 0.03523888 0.09063324
v 0.50073488 0.05445443 0.09256336
v 0.53962704 0.04039977 0.05978728
v 0.53444230 0.05963698 0.06152173
v 0.12822587 0.54920288 0.02605063
v 0.10885839 0.55411780 0.02521128
v 0.37144301 0.37441169 0.07160980
v 0.35632751 0.38728553 0.06921276
v 0.35675690 -0.14005699 0.16520292
v 0.35555240 -0.12062699 0.16978376
v 0.28676373 0.37293391 0.10608493
v 0.27052822 0.38456265 0.10501694
v 0.25977198 0.40648721 0.09630315
v 0.24300247 0.41737951 0.09598445
v 0.38580684 -0.43019681 0.02209693
v 0.39181860 -0.41269488 0.02967987
v -0.28552539 0.34029327 0.12437723
v -0.30182016 0.32871224 0.12494312
v -0.25419527 0.37031918 0.11842638
v -0.27132764 0.36000274 0.11853972
v -0.17561436 -0.42585862 0.08562122
v -0.16975251 -0.44305092 0.07725321
v -0.16350668 -0.46116579 0.06873962
v -0.15743812 -0.47794733 0.05971118
v 0.29700023 -0.05082621 0.18863626
v 0.29155383 -0.03165999 0.19035471
v 0.30732806 -0.09365166 0.18377865
v 0.30359072 -0.07412949 0.18598713
v -0.14428764 0.34831230 0.15128141
v -0.16313032 0.34175801 0.15267940
v -0.44333472 -0.10358807 0.13081292
v -0.44428682 -0.12273970 0.12513238
v -0.19639475 -0.33205706 0.12129242
v -0.19206869 -0.35033915 0.11443601
v 0.16508763 -0.29492596 0.12476708
v 0.16821362 -0.27598770 0.13038229
v 0.25711084 0.23004595 0.17496010
v 0.24185346 0.24286238 0.17325385
v -0.27542237 0.13964544 0.18796922
v -0.28727828 0.12355297 0.18731360
v -0.55766349 0.11799668 0.02699155
v -0.56425809 0.09934259 0.02407677
v -0.38650532 -0.16297126 0.14677996
v -0.38700625 -0.18232876 0.14178034
v -0.04661962 0.59219572 0.00843954
v -0.06658358 0.59113510 0.00791486
v -0.31363948 -0.15018200 0.17373208
v -0.31480195 -0.16938741 0.16827674
v -0.58217112 -0.06389078 0.01643509
v -0.58379726 -0.08335237 0.01212669
v -0.48089920 -0.34723991 0.00845537
v -0.47716581 -0.36626482 0.00354877
v -0.54563662 -0.24232091 0.00961504
v -0.54379053 -0.26137393 0.00382415
v 0.49931480 0.30580811 0.01462024
v 0.48802688 0.32231650 0.01449445
v -0.33997298 -0.47462692 0.01148420
v -0.33356539 -0.49283631 0.00625727
v -0.51264960 0.28155166 0.01597127
v -0.52419098 0.26524072 0.01512882
v 0.25960052 0.52717686 0.01280622
v 0.24289784 0.53814125 0.01367947
v 0.35492948 0.18154928 0.15605934
v 0.34356253 0.19800080 0.15637522
v 0.39753578 0.16036203 0.14397331
v 0.38716649 0.17745973 0.14364706
v -0.48681046 -0.26325941 0.04903127
v -0.48248502 -0.28095223 0.04077206
v -0.46633135 -0.24345527 0.07709977
v -0.46325754 -0.26176244 0.06965939
v 0.04842229 0.58261954 0.01393582
v 0.02863695 0.58548697 0.01446320
v 0.47991286 -0.19194672 0.08143333
v 0.48056422 -0.17248880 0.08600774
v -0.39581967 0.44706423 0.00794003
v -0.41115585 0.43424667 0.00725322
v -0.37136102 0.41961022 0.03699568
v -0.38752937 0.40787657 0.03792608
v -0.26712833 0.27846830 0.15697011
v -0.28281140 0.26610201 0.15800763
v -0.41842492 0.38084964 0.03555580
v -0.43140519 0.36582385 0.03316873
v -0.39278521 0.41297018 0.03101717
v -0.40805022 0.40005062 0.03086119
v 0.05164875 0.47550488 0.08974209
v 0.03185858 0.47838290 0.08958087
v 0.08509859 -0.58685042 0.00655915
v 0.08874303 -0.56904703 0.01490884
v 0.04878472 -0.59375623 0.00724135
v 0.05130759 -0.57547145 0.01493952
v -0.50426575 -0.16250536 0.06855092
v -0.50400642 -0.18180612 0.06331895
v 0.40174761 -0.34846088 0.05997699
v 0.40682883 -0.33068378 0.06760037
v 0.55167095 0.14163642 0.02859489
v 0.54565120 0.16055218 0.03102734
v 0.58429364 0.12938945 0.00600252
v 0.57777866 0.14825462 0.00727545
v 0.18439248 0.10722601 0.19734724
v 0.17036030 0.12144679 0.19643757
v -0.06147971 0.50101590 0.07251737
v -0.08130176 0.49855395 0.07152482
v -0.09353858 0.47951190 0.08372812
v -0.11327303 0.47627051 0.08365692
v 0.15962207 -0.54662444 0.02060316
v 0.16489921 -0.53010633 0.03056629
v 0.12304789 -0.57569592 0.00773224
v 0.12758143 -0.55842311 0.01673539
v -0.01792170 0.28910011 0.17267845
v -0.03789897 0.28816992 0.17273788
v 0.27195050 0.09986039 0.19235661
v 0.26095283 0.11656027 0.19271047
v -0.37538427 -0.10664690 0.16630718
v -0.37700592 -0.12577635 0.16070409
v -0.17244844 -0.40477230 0.09253783
v -0.16666267 -0.42261430 0.08559895
v -0.16302845 -0.36059157 0.10557995
v -0.15794483 -0.37862361 0.09858263
v -0.31954610 -0.21450866 0.15590230
v -0.31906162 -0.23387988 0.15095448
v -0.20604368 -0.29402969 0.13476626
v -0.20259673 -0.31284488 0.12892954
v -0.24505163 -0.28518312 0.14223376
v -0.24191553 -0.30405348 0.13639987
v 0.09058035 0.35300039 0.15077005
v 0.07112622 0.35741504 0.14935313
v 0.18061202 -0.07440214 0.17791792
v 0.17490037 -0.05533294 0.17984211
v -0.29283316 0.42183452 0.07349527
v -0.30979837 0.41124494 0.07344720
v -0.54494187 -0.11732991 0.04127616
v -0.54490669 -0.13663659 0.03605975
v -0.09905441 -0.57564989 0.01036314
v -0.09429356 -0.59337609 0.00242110
v 0.21913637 0.42390500 0.10041193
v 0.20176492 0.43380997 0.10070163
v 0.19083808 0.41093791 0.11600310
v 0.17262015 0.41903694 0.11443066
v 0.31686321 -0.19206783 0.16224803
v 0.31695232 -0.17273887 0.16738061
v -0.07916202 0.28555361 0.17351870
v -0.09865722 0.28132463 0.17493745
v 0.41490437 -0.02454047 0.15435988
v 0.40972502 -0.00525821 0.15551261
v -0.10365228 0.09399782 0.19121829
v -0.11856063 0.08067653 0.19072385
v -0.52440390 -0.09139532 0.06856647
v -0.52471565 -0.11058445 0.06294150
v 0.02996576 0.46512440 0.09759709
v 0.01007771 0.46722736 0.09765211
v -0.42604876 0.12570184 0.13890002
v -0.43396170 0.10755525 0.13606335
v -0.31421106 0.23116573 0.16032644
v -0.32692748 0.21583355 0.15854406
v 0.50030386 -0.26982385 0.03282869
v 0.50467475 -0.25190743 0.04056544
v -0.25167392 0.06237275 0.19627064
v -0.26168896 0.04507173 0.19569271
v -0.28147907 0.03264821 0.19471732
v -0.28979438 0.01448729 0.19371905
v -0.42764700 -0.37098181 0.02933824
v -0.42238103 -0.38902013 0.02249363
v 0.43347895 0.16129027 0.12658129
v 0.42333025 0.17850228 0.12573807
v 0.45058816 -0.37979942 0.01142719
v 0.45492878 -0.36093269 0.01644374
v -0.43137929 -0.25128333 0.09730319
v -0.42844833 -0.26971102 0.09010667
v 0.01984275 0.40960870 0.12781663
v -0.00010980 0.41091864 0.12744255
v 0.48973711 -0.15303673 0.08330158
v 0.49014779 -0.13364529 0.08817635
v 0.48198595 -0.11113437 0.10057903
v 0.48172525 -0.09176007 0.10553164
v -0.57124044 -0.02307111 0.03573757
v -0.57231111 -0.04213012 0.02977371
v 0.37631892 0.08602010 0.16862587
v 0.36769346 0.10404557 0.16942836
v 0.39752046 0.04963453 0.16078923
v 0.39070902 0.06833860 0.16271855
v 0.02707526 0.19750017 0.18831575
v 0.00720632 0.19966760 0.18761746
v -0.22905297 -0.38042879 0.10544583
v -0.22381442 -0.39830370 0.09816537
v -0.47300062 0.16387786 0.10044710
v -0.48086800 0.14576844 0.09726698
v -0.48142357 0.20005272 0.08083781
v -0.49175023 0.18294476 0.08003917
v -0.21989954 0.49205089 0.05524691
v -0.23782872 0.48330529 0.05382601
v -0.20182817 0.46875062 0.07815084
v -0.22019211 0.46085566 0.07752214
v -0.51221184 0.24374902 0.03371597
v -0.52363318 0.22733658 0.03333546
v -0.48331409 0.23569633 0.06128124
v -0.49471023 0.21926586 0.06092401
v -0.17225873 0.53824950 0.02820600
v -0.19166787 0.53353523 0.02921630
v -0.14020923 0.56618272 0.01346047
v -0.15982024 0.56226803 0.01366914
v -0.30672510 0.43166617 0.05954372
v -0.32360423 0.42093987 0.05958303
v -0.42167818 0.28897342 0.08149945
v -0.43415390 0.27337701 0.08046591
v 0.36254436 0.42441563 0.03771980
v 0.34693352 0.43679926 0.03601462
v 0.56419771 0.10016298 0.02398833
v 0.55847584 0.11922645 0.02593879
v -0.56154621 0.16301594 0.01762047
v -0.56855777 0.14459195 0.01425079
v -0.07028965 -0.55335547 0.02352852
v -0.06592496 -0.57123338 0.01569974
v -0.50041133 -0.01578245 0.10044376
v -0.50469955 -0.03506229 0.09730386
v -0.46646707 0.00565570 0.12318762
v -0.47173428 -0.01346386 0.12060713
v -0.44220553 0.21416258 0.10098067
v -0.45344702 0.19762311 0.10079408
v 0.09621491 0.14188316 0.19211065
v 0.07804855 0.15022173 0.19146892
v 0.28141663 0.32677674 0.13221141
v 0.26545937 0.33868303 0.13032295
v -0.18511187 0.45842209 0.08865951
v -0.20383853 0.45140278 0.08869283
v -0.14363493 0.45067947 0.09762500
v -0.16300275 0.44589260 0.09901544
v -0.12555067 0.05766191 0.18949989
v -0.13811365 0.04211397 0.18887284
v -0.59501975 0.05526386 0.00774756
v -0.60068030 0.03633303 0.00465858
v -0.26756369 -0.49323435 0.02869243
v -0.26073475 -0.50969068 0.01960866
v -0.32022440 -0.49671571 0.00834979
v -0.31383030 -0.51466800 0.00228426
v -0.54913508 0.22947539 0.01239430
v -0.55848349 0.21193278 0.01019791
v -0.19740502 -0.03582669 0.18749346
v -0.20390159 -0.05468440 0.18603019
v -0.32742739 0.42658216 0.05344947
v -0.34399853 0.41539039 0.05376871
v 0.46081240 0.33393491 0.02662430
v 0.44923610 0.35023343 0.02717859
v 0.42891677 0.34983013 0.04379121
v 0.41703002 0.36588512 0.04474118
v 0.54162554 -0.18729214 0.02771463
v 0.54198420 -0.16771008 0.03176114
v 0.00448304 0.56889167 0.02707901
v -0.01549547 0.56954727 0.02645492
v 0.05310021 -0.56885828 0.01773054
v 0.05626044 -0.55080297 0.02572923
v 0.32926047 0.02278417 0.18679436
v 0.32205623 0.04128830 0.18917262
v 0.36160975 0.03880375 0.17600885
v 0.35478199 0.05739412 0.17879093
v -0.25174976 -0.17150872 0.17313971
v -0.25281187 -0.19076489 0.16784518
v -0.21019205 -0.16864610 0.16671252
v -0.21116245 -0.18827448 0.16300505
v -0.56440017 0.18785021 0.01004112
v -0.57280289 0.16981861 0.00798788
v 0.33239858 0.41354409 0.06094444
v 0.31645693 0.42553240 0.05949385
v 0.33113023 0.44915433 0.03463364
v 0.31507761 0.46103858 0.03361488
v -0.10992372 -0.50793782 0.04418428
v -0.10411410 -0.52522017 0.03596670
v -0.21488876 -0.51491016 0.03111097
v -0.20845828 -0.53153481 0.02204289
v 0.29673157 -0.46999551 0.03429296
v 0.30355000 -0.45396736 0.04411983
v 0.47368360 0.36445325 0.00647178
v 0.46148919 0.38030266 0.00624247
v 0.44454801 0.35253364 0.02972120
v 0.43274784 0.36865852 0.03056045
v -0.18186929 -0.28733517 0.13092039
v -0.17850147 -0.30618048 0.12513488
v -0.17431598 -0.55959951 0.01046150
v -0.16839998 -0.57639461 0.00135735
v -0.13771700 -0.43600789 0.07647729
v -0.13170919 -0.45346607 0.06879105
v -0.05451211 0.54816352 0.03746629
v -0.07437994 0.54618694 0.03631625
v -0.02333355 0.51930799 0.06338605
v -0.04323636 0.51802732 0.06190344
v 0.35052930 0.06078555 0.18013846
v 0.34202547 0.07888401 0.18043963
v -0.44954324 -0.27693055 0.07075984
v -0.44511244 -0.29457300 0.06244888
v 0.21981332 0.54312573 0.01674177
v 0.20130498 0.55038684 0.01457900
v -0.02680042 0.58425342 0.01506988
v -0.04674651 0.58349146 0.01383179
v -0.06487874 0.58027726 0.01458587
v -0.08461538 0.57764818 0.01271155
v -0.24907883 -0.50554027 0.02698821
v -0.24227427 -0.52195772 0.01781623
v 0.38265760 0.03329621 0.16753197
v 0.37624600 0.05207701 0.17000847
v 0.35494783 -0.00362860 0.17809319
v 0.34877618 0.01529788 0.18000600
v 0.57245088 0.17243843 0.00754329
v 0.56503299 0.19097744 0.00865685
v 0.56373036 0.07797915 0.02878975
v 0.55827371 0.09713579 0.03058084
v 0.59367074 0.08740779 0.00449228
v 0.58798518 0.10652367 0.00598131
v 0.37491317 -0.00901961 0.17057629
v 0.36936477 0.01006078 0.17283773
v 0.33864126 -0.02255458 0.18159897
v 0.33298258 -0.00358167 0.18442174
v -0.10117539 -0.48815878 0.05200625
v -0.09518685 -0.50583325 0.04481526
v 0.28621963 0.49732899 0.02088812
v 0.26961745 0.50847904 0.02082520
v 0.26648524 -0.52769750 0.00899267
v 0.27205912 -0.50974868 0.01582873
v 0.23295389 -0.52083927 0.02220221
v 0.23886894 -0.50401459 0.03125221
v 0.57357939 0.05921502 0.02267830
v 0.56826059 0.07843796 0.02414428
v -0.11432471 -0.56302613 0.01518155
v -0.10907970 -0.58042500 0.00683114
v 0.24266461 0.54461215 0.00916673
v 0.22479170 0.55352622 0.00813794
v 0.28007997 -0.53626486 0.00111969
v 0.28566365 -0.51801164 0.00708648
v 0.56627665 0.03919864 0.03354113
v 0.56115709 0.05847056 0.03507185
v -0.15124066 -0.55694763 0.01515003
v -0.14548610 -0.57371759 0.00589727
v -0.11590330 -0.54389078 0.02643682
v -0.11033000 -0.56056266 0.01690022
v 0.08625363 0.11270751 0.19118044
v 0.06813495 0.12117312 0.19109698
v 0.45144852 0.37127839 0.01577293
v 0.44004003 0.38762082 0.01742572
v -0.26568937 -0.52894086 0.00725263
v -0.25956468 -0.54683432 0.00075092
v 0.19799028 -0.56875571 0.00134683
v 0.20342041 -0.55228868 0.01131229
v -0.01967982 0.14969739 0.19067204
v -0.03939754 0.14635642 0.19057408
v 0.28292619 0.52798710 0.00503871
v 0.26588851 0.53842137 0.00414232
v 0.26283246 0.50838056 0.02413379
v 0.24597114 0.51913362 0.02429938
v 0.59077109 0.01754350 0.01523635
v 0.58560629 0.03684310 0.01613671
v 0.58793631 0.06298175 0.01178246
v 0.58202395 0.08207930 0.01231869
v 0.06737171 0.12410755 0.19107421
v 0.04873120 0.13135225 0.19099928
l 1 2
l 3 4
l 5 6
l 7 8
l 9 10
l 11 12
l 13 14
l 15 16
l 17 18
l 19 20
l 21 22
l 23 24
l 25 26
l 27 28
l 29 30
l 31 32
l 33 34
l 35 36
l 37 38
l 39 40
l 41 42
l 43 44
l 45 46
l 47 48
l 49 50
l 51 52
l 53 54
l 55 56
l 57 58
l 59 60
l 61 62
l 63 64
l 65 66
l 67 68
l 69 70
l 71 72
l 73 74
l 75 76
l 77 78
l 79 80
l 81 82
l 83 84
l 85 86
l 87 88
l 89 90
l 91 92
l 93 94
l 95 96
l 97 98
l 99 100
l 101 102
l 103 104
l 105 106
l 107 108
l 109 110
l 111 112
l 113 114
l 115 116
l 117 118
l 119 120
l 121 122
l 123 124
l 125 126
l 127 128
l 129 130
l 131 132
l 133 134
l 135 136
l 137 138
l 139 140
l 141 142
l 143 144
l 145 146
l 147 148
l 149 150
l 151 152
l 153 154
l 155 156
l 157 158
l 159 160
l 161 162
l 163 164
l 165 166
l 167 168
l 169 170
l 171 172
l 173 174
l 175 176
l 177 178
l 179 180
l 181 182
l 183 184
l 185 186
l 187 188
l 189 190
l 191 192
l 193 194
l 195 196
l 197 198
l 199 200
l 201 202
l 203 204
l 205 206
l 207 208
l 209 210
l 211 212
l 213 214
l 215 216
l 217 218
l 219 220
l 221 222
l 223 224
l 225 226
l 227 228
l 229 230
l 231 232
l 233 234
l 235 236
l 237 238
l 239 240
l 241 242
l 243 244
l 245 246
l 247 248
l 249 250
l 251 252
l 253 254
l 255 256
l 257 258
l 259 260
l 261 262
l 263 264
l 265 266
l 267 268
l 269 270
l 271 272
l 273 274
l 275 276
l 277 278
l 279 280
l 281 282
l 283 284
l 285 286
l 287 288
l 289 290
l 291 292
l 293 294
l 295 296
l 297 298
l 299 300
l 301 302
l 303 304
l 305 306
l 307 308
l 309 310
l 311 312
l 313 314
l 315 316
l 317 318
l 319 320
l 321 322
l 323 324
l 325 326
l 327 328
l 329 330
l 331 332
l 333 334
l 335 336
l 337 338
l 339 340
l 341 342
l 343 344
l 345 346
l 347 348
l 349 350
l 351 352
l 353 354
l 355 356
l 357 358
l 359 360
l 361 362
l 363 364
l 365 366
l 367 368
l 369 370
l 371 372
l 373 374
l 375 376
l 377 378
l 379 380
l 381 382
l 383 384
l 385 386
l 387 388
l 389 390
l 391 392
l 393 394
l 395 396
l 397 398
l 399 400
l 401 402
l 403 404
l 405 406
l 407 408
l 409 410
l 411 412
l 413 414
l 415 416
l 417 418
l 419 420
l 421 422
l 423 424
l 425 426
l 427 428
l 429 430
l 431 432
l 433 434
l 435 436
l 437 438
l 439 440
l 441 442
l 443 444
l 445 446
l 447 448
l 449 450
l 451 452
l 453 454
l 455 456
l 457 458
l 459 460
l 461 462
l 463 464
l 465 466
l 467 468
l 469 470
l 471 472
l 473 474
l 475 476
l 477 478
l 479 480
l 481 482
l 483 484
l 485 486
l 487 488
l 489 490
l 491 492
l 493 494
l 495 496
l 497 498
l 499 500
l 501 502
l 503 504
l 505 506
l 507 508
l 509 510
l 511 512
l 513 514
l 515 516
l 517 518
l 519 520
l 521 522
l 523 524
l 525 526
l 527 528
l 529 530
l 531 532
l 533 534
l 535 536
l 537 538
l 539 540
l 541 542
l 543 544
l 545 546
l 547 548
l 549 550
l 551 552
l 553 554
l 555 556
l 557 558
l 559 560
l 561 562
l 563 564
l 565 566
l 567 568
l 569 570
l 571 572
l 573 574
l 575 576
l 577 578
l 579 580
l 581 582
l 583 584
l 585 586
l 587 588
l 589 590
l 591 592
l 593 594
l 595 596
l 597 598
l 599 600
l 601 602
l 603 604
l 605 606
l 607 608
l 609 610
l 611 612
l 613 614
l 615 616
l 617 618
l 619 620
l 621 622
l 623 624
l 625 626
l 627 628
l 629 630
l 631 632
l 633 634
l 635 636
l 637 638
l 639 640
l 641 642
l 643 644
l 645 646
l 647 648
l 649 650
l 651 652
l 653 654
l 655 656
l 657 658
l 659 660
l 661 662
l 663 664
l 665 666
l 667 668
l 669 670
l 671 672
l 673 674
l 675 676
l 677 678
l 679 680
l 681 682
l 683 684
l 685 686
l 687 688
l 689 690
l 691 692
l 693 694
l 695 696
l 697 698
l 699 700
l 701 702
l 703 704
l 705 706
l 707 708
l 709 710
l 711 712
l 713 714
l 715 716
l 717 718
l 719 720
l 721 722
l 723 724
l 725 726
l 727 728
l 729 730
l 731 732
l 733 734
l 735 736
l 737 738
l 739 740
l 741 742
l 743 744
l 745 746
l 747 748
l 749 750
l 751 752
l 753 754
l 755 756
l 757 758
l 759 760
l 761 762
l 763 764
l 765 766
l 767 768
l 769 770
l 771 772
l 773 774
l 775 776
l 777 778
l 779 780
l 781 782
l 783 784
l 785 786
l 787 788
l 789 790
l 791 792
l 793 794
l 795 796
l 797 798
l 799 800
l 801 802
l 803 804
l 805 806
l 807 808
l 809 810
l 811 812
l 813 814
l 815 816
l 817 818
l 819 820
l 821 822
l 823 824
l 825 826
l 827 828
l 829 830
l 831 832
l 833 834
l 835 836
l 837 838
l 839 840
l 841 842
l 843 844
l 845 846
l 847 848
l 849 850
l 851 852
l 853 854
l 855 856
l 857 858
l 859 860
l 861 862
l 863 864
l 865 866
l 867 868
l 869 870
l 871 872
l 873 874
l 875 876
l 877 878
l 879 880
l 881 882
l 883 884
l 885 886
l 887 888
l 889 890
l 891 892
l 893 894
l 895 896
l 897 898
l 899 900
l 901 902
l 903 904
l 905 906
l 907 908
l 909 910
l 911 912
l 913 914
l 915 916
l 917 918
l 919 920
l 921 922
l 923 924
l 925 926
l 927 928
l 929 930
l 931 932
l 933 934
l 935 936
l 937 938
l 939 940
l 941 942
l 943 944
l 945 946
l 947 948
l 949 950
l 951 952
l 953 954
l 955 956
l 957 958
l 959 960
l 961 962
l 963 964
l 965 966
l 967 968
l 969 970
l 971 972
l 973 974
l 975 976
l 977 978
l 979 980
l 981 982
l 983 984
l 985 986
l 987 988
l 989 990
l 991 992
l 993 994
l 995 996
l 997 998
l 999 1000
l 1001 1002
l 1003 1004
l 1005 1006
l 1007 1008
l 1009 1010
l 1011 1012
l 1013 1014
l 1015 1016
l 1017 1018
l 1019 1020
l 1021 1022
l 1023 1024
l 1025 1026
l 1027 1028
l 1029 1030
l 1031 1032
l 1033 1034
l 1035 1036
l 1037 1038
l 1039 1040
l 1041 1042
l 1043 1044
l 1045 1046
l 1047 1048
l 1049 1050
l 1051 1052
l 1053 1054
l 1055 1056
l 1057 1058
l 1059 1060
l 1061 1062
l 1063 1064
l 1065 1066
l 1067 1068
l 1069 1070
l 1071 1072
l 1073 1074
l 1075 1076
l 1077 1078
l 1079 1080
l 1081 1082
l 1083 1084
l 1085 1086
l 1087 1088
l 1089 1090
l 1091 1092
l 1093 1094
l 1095 1096
l 1097 1098
l 1099 1100
l 1101 1102
l 1103 1104
l 1105 1106
l 1107 1108
l 1109 1110
l 1111 1112
l 1113 1114
l 1115 1116
l 1117 1118
l 1119 1120
l 1121 1122
l 1123 1124
l 1125 1126
l 1127 1128
l 1129 1130
l 1131 1132
l 1133 1134
l 1135 1136
l 1137 1138
l 1139 1140
l 1141 1142
l 1143 1144
l 1145 1146
l 1147 1148
l 1149 1150
l 1151 1152
l 1153 1154
l 1155 1156
l 1157 1158
l 1159 1160
l 1161 1162
l 1163 1164
l 1165 1166
l 1167 1168
l 1169 1170
l 1171 1172
l 1173 1174
l 1175 1176
l 1177 1178
l 1179 1180
l 1181 1182
l 1183 1184
l 1185 1186
l 1187 1188
l 1189 1190
l 1191 1192
l 1193 1194
l 1195 1196
l 1197 1198
l 1199 1200
l 1201 1202
l 1203 1204
l 1205 1206
l 1207 1208
l 1209 1210
l 1211 1212
l 1213 1214
l 1215 1216
l 1217 1218
l 1219 1220
l 1221 1222
l 1223 1224
l 1225 1226
l 1227 1228
l 1229 1230
l 1231 1232
l 1233 1234
l 1235 1236
l 1237 1238
l 1239 1240
l 1241 1242
l 1243 1244
l 1245 1246
l 1247 1248
l 1249 1250
l 1251 1252
l 1253 1254
l 1255 1256
l 1257 1258
l 1259 1260
l 1261 1262
l 1263 1264
l 1265 1266
l 1267 1268
l 1269 1270
l 1271 1272
l 1273 1274
l 1275 1276
l 1277 1278
l 1279 1280
l 1281 1282
l 1283 1284
l 1285 1286
l 1287 1288
l 1289 1290
l 1291 1292
l 1293 1294
l 1295 1296
l 1297 1298
l 1299 1300
l 1301 1302
l 1303 1304
l 1305 1306
l 1307 1308
l 1309 1310
l 1311 1312
l 1313 1314
l 1315 1316
l 1317 1318
l 1319 1320
l 1321 1322
l 1323 1324
l 1325 1326
l 1327 1328
l 1329 1330
l 1331 1332
l 1333 1334
l 1335 1336
l 1337 1338
l 1339 1340
l 1341 1342
l 1343 1344
l 1345 1346
l 1347 1348
l 1349 1350
l 1351 1352
l 1353 1354
l 1355 1356
l 1357 1358
l 1359 1360
l 1361 1362
l 1363 1364
l 1365 1366
l 1367 1368
l 1369 1370
l 1371 1372
l 1373 1374
l 1375 1376
l 1377 1378
l 1379 1380
l 1381 1382
l 1383 1384
l 1385 1386
l 1387 1388
l 1389 1390
l 1391 1392
l 1393 1394
l 1395 1396
l 1397 1398
l 1399 1400
l 1401 1402
l 1403 1404
l 1405 1406
l 1407 1408
l 1409 1410
l 1411 1412
l 1413 1414
l 1415 1416
l 1417 1418
l 1419 1420
l 1421 1422
l 1423 1424
l 1425 1426
l 1427 1428
l 1429 1430
l 1431 1432
l 1433 1434
l 1435 1436
l 1437 1438
l 1439 1440
l 1441 1442
l 1443 1444
l 1445 1446
l 1447 1448
l 1449 1450
l 1451 1452
l 1453 1454
l 1455 1456
l 1457 1458
l 1459 1460
l 1461 1462
l 1463 1464
l 1465 1466
l 1467 1468
l 1469 1470
l 1471 1472
l 1473 1474
l 1475 1476
l 1477 1478
l 1479 1480
l 1481 1482
l 1483 1484
l 1485 1486
l 1487 1488
l 1489 1490
l 1491 1492
l 1493 1494
l 1495 1496
l 1497 1498
l 1499 1500
l 1501 1502
l 1503 1504
l 1505 1506
l 1507 1508
l 1509 1510
l 1511 1512
l 1513 1514
l 1515 1516
l 1517 1518
l 1519 1520
l 1521 1522
l 1523 1524
l 1525 1526
l 1527 1528
l 1529 1530
l 1531 1532
l 1533 1534
l 1535 1536
l 1537 1538
l 1539 1540
l 1541 1542
l 1543 1544
l 1545 1546
l 1547 1548
l 1549 1550
l 1551 1552
l 1553 1554
l 1555 1556
l 1557 1558
l 1559 1560
l 1561 1562
l 1563 1564
l 1565 1566
l 1567 1568
l 1569 1570
l 1571 1572
l 1573 1574
l 1575 1576
l 1577 1578
l 1579 1580
l 1581 1582
l 1583 1584
l 1585 1586
l 1587 1588
l 1589 1590
l 1591 1592
l 1593 1594
l 1595 1596
l 1597 1598
l 1599 1600
l 1601 1602
l 1603 1604
l 1605 1606
l 1607 1608
l 1609 1610
l 1611 1612
l 1613 1614
l 1615 1616
l 1617 1618
l 1619 1620
l 1621 1622
l 1623 1624
l 1625 1626
l 1627 1628
l 1629 1630
l 1631 1632
l 1633 1634
l 1635 1636
l 1637 1638
l 1639 1640
l 1641 1642
l 1643 1644
l 1645 1646
l 1647 1648
l 1649 1650
l 1651 1652
l 1653 1654
l 1655 1656
l 1657 1658
l 1659 1660
l 1661 1662
l 1663 1664
l 1665 1666
l 1667 1668
l 1669 1670
l 1671 1672
l 1673 1674
l 1675 1676
l 1677 1678
l 1679 1680
l 1681 1682
l 1683 1684
l 1685 1686
l 1687 1688
l 1689 1690
l 1691 1692
l 1693 1694
l 1695 1696
l 1697 1698
l 1699 1700
l 1701 1702
l 1703 1704
l 1705 1706
l 1707 1708
l 1709 1710
l 1711 1712
l 1713 1714
l 1715 1716
l 1717 1718
l 1719 1720
l 1721 1722
l 1723 1724
l 1725 1726
l 1727 1728
l 1729 1730
l 1731 1732
l 1733 1734
l 1735 1736
l 1737 1738
l 1739 1740
l 1741 1742
l 1743 1744
l 1745 1746
l 1747 1748
l 1749 1750
l 1751 1752
l 1753 1754
l 1755 1756
l 1757 1758
l 1759 1760
l 1761 1762
l 1763 1764
l 1765 1766
l 1767 1768
l 1769 1770
l 1771 1772
l 1773 1774
l 1775 1776
l 1777 1778
l 1779 1780
l 1781 1782
l 1783 1784
l 1785 1786
l 1787 1788
l 1789 1790
l 1791 1792
l 1793 1794
l 1795 1796
l 1797 1798
l 1799 1800
l 1801 1802
l 1803 1804
l 1805 1806
l 1807 1808
l 1809 1810
l 1811 1812
l 1813 1814
l 1815 1816
l 1817 1818
l 1819 1820
l 1821 1822
l 1823 1824
l 1825 1826
l 1827 1828
l 1829 1830
l 1831 1832
l 1833 1834
l 1835 1836
l 1837 1838
l 1839 1840
l 1841 1842
l 1843 1844
l 1845 1846
l 1847 1848
l 1849 1850
l 1851 1852
l 1853 1854
l 1855 1856
l 1857 1858
l 1859 1860
l 1861 1862
l 1863 1864
l 1865 1866
l 1867 1868
l 1869 1870
l 1871 1872
l 1873 1874
l 1875 1876
l 1877 1878
l 1879 1880
l 1881 1882
l 1883 1884
l 1885 1886
l 1887 1888
l 1889 1890
l 1891 1892
l 1893 1894
l 1895 1896
l 1897 1898
l 1899 1900
l 1901 1902
l 1903 1904
l 1905 1906
l 1907 1908
l 1909 1910
l 1911 1912
l 1913 1914
l 1915 1916
l 1917 1918
l 1919 1920
l 1921 1922
l 1923 1924
l 1925 1926
l 1927 1928
l 1929 1930
l 1931 1932
l 1933 1934
l 1935 1936
l 1937 1938
l 1939 1940
l 1941 1942
l 1943 1944
l 1945 1946
l 1947 1948
l 1949 1950
l 1951 1952
l 1953 1954
l 1955 1956
l 1957 1958
l 1959 1960
l 1961 1962
l 1963 1964
l 1965 1966
l 1967 1968
l 1969 1970
l 1971 1972
l 1973 1974
l 1975 1976
l 1977 1978
l 1979 1980
l 1981 1982
l 1983 1984
l 1985 1986
l 1987 1988
l 1989 1990
l 1991 1992
l 1993 1994
l 1995 1996
l 1997 1998
l 1999 2000
l 2001 2002
l 2003 2004
l 2005 2006
l 2007 2008
l 2009 2010
l 2011 2012
l 2013 2014
l 2015 2016
l 2017 2018
l 2019 2020
l 2021 2022
l 2023 2024
l 2025 2026
l 2027 2028
l 2029 2030
l 2031 2032
l 2033 2034
l 2035 2036
l 2037 2038
l 2039 2040
l 2041 2042
l 2043 2044
l 2045 2046
l 2047 2048
l 2049 2050
l 2051 2052
l 2053 2054
l 2055 2056
l 2057 2058
l 2059 2060
l 2061 2062
l 2063 2064
l 2065 2066
l 2067 2068
l 2069 2070
l 2071 2072
l 2073 2074
l 2075 2076
l 2077 2078
l 2079 2080
l 2081 2082
l 2083 2084
l 2085 2086
l 2087 2088
l 2089 2090
l 2091 2092
l 2093 2094
l 2095 2096
l 2097 2098
l 2099 2100
l 2101 2102
l 2103 2104
l 2105 2106
l 2107 2108
l 2109 2110
l 2111 2112
l 2113 2114
l 2115 2116
l 2117 2118
l 2119 2120
l 2121 2122
l 2123 2124
l 2125 2126
l 2127 2128
l 2129 2130
l 2131 2132
l 2133 2134
l 2135 2136
l 2137 2138
l 2139 2140
l 2141 2142
l 2143 2144
l 2145 2146
l 2147 2148
l 2149 2150
l 2151 2152
l 2153 2154
l 2155 2156
l 2157 2158
l 2159 2160
l 2161 2162
l 2163 2164
l 2165 2166
l 2167 2168
l 2169 2170
l 2171 2172
l 2173 2174
l 2175 2176
l 2177 2178
l 2179 2180
l 2181 2182
l 2183 2184
l 2185 2186
l 2187 2188
l 2189 2190
l 2191 2192
l 2193 2194
l 2195 2196
l 2197 2198
l 2199 2200
l 2201 2202
l 2203 2204
l 2205 2206
l 2207 2208
l 2209 2210
l 2211 2212
l 2213 2214
l 2215 2216
l 2217 2218
l 2219 2220
l 2221 2222
l 2223 2224
l 2225 2226
l 2227 2228
l 2229 2230
l 2231 2232
l 2233 2234
l 2235 2236
l 2237 2238
l 2239 2240
l 2241 2242
l 2243 2244
l 2245 2246
l 2247 2248
l 2249 2250
l 2251 2252
l 2253 2254
l 2255 2256
l 2257 2258
l 2259 2260
l 2261 2262
l 2263 2264
l 2265 2266
l 2267 2268
l 2269 2270
l 2271 2272
l 2273 2274
l 2275 2276
l 2277 2278
l 2279 2280
l 2281 2282
l 2283 2284
l 2285 2286
l 2287 2288
l 2289 2290
l 2291 2292
l 2293 2294
l 2295 2296
l 2297 2298
l 2299 2300
l 2301 2302
l 2303 2304
l 2305 2306
l 2307 2308
l 2309 2310
l 2311 2312
l 2313 2314
l 2315 2316
l 2317 2318
l 2319 2320
l 2321 2322
l 2323 2324
l 2325 2326
l 2327 2328
l 2329 2330
l 2331 2332
l 2333 2334
l 2335 2336
l 2337 2338
l 2339 2340
l 2341 2342
l 2343 2344
l 2345 2346
l 2347 2348
l 2349 2350
l 2351 2352
l 2353 2354
l 2355 2356
l 2357 2358
l 2359 2360
l 2361 2362
l 2363 2364
l 2365 2366
l 2367 2368
l 2369 2370
l 2371 2372
l 2373 2374
l 2375 2376
l 2377 2378
l 2379 2380
l 2381 2382
l 2383 2384
l 2385 2386
l 2387 2388
l 2389 2390
l 2391 2392
l 2393 2394
l 2395 2396
l 2397 2398
l 2399 2400
l 2401 2402
l 2403 2404
l 2405 2406
l 2407 2408
l 2409 2410
l 2411 2412
l 2413 2414
l 2415 2416
l 2417 2418
l 2419 2420
l 2421 2422
l 2423 2424
l 2425 2426
l 2427 2428
l 2429 2430
l 2431 2432
l 2433 2434
l 2435 2436
l 2437 2438
l 2439 2440
l 2441 2442
l 2443 2444
l 2445 2446
l 2447 2448
l 2449 2450
l 2451 2452
l 2453 2454
l 2455 2456
l 2457 2458
l 2459 2460
l 2461 2462
l 2463 2464
l 2465 2466
l 2467 2468
l 2469 2470
l 2471 2472
l 2473 2474
l 2475 2476
l 2477 2478
l 2479 2480
l 2481 2482
l 2483 2484
l 2485 2486
l 2487 2488
l 2489 2490
l 2491 2492
l 2493 2494
l 2495 2496
l 2497 2498
l 2499 2500
l 2501 2502
l 2503 2504
l 2505 2506
l 2507 2508
l 2509 2510
l 2511 2512
l 2513 2514
l 2515 2516
l 2517 2518
l 2519 2520
l 2521 2522
l 2523 2524
l 2525 2526
l 2527 2528
l 2529 2530
l 2531 2532
l 2533 2534
l 2535 2536
l 2537 2538
l 2539 2540
l 2541 2542
l 2543 2544
l 2545 2546
l 2547 2548
l 2549 2550
l 2551 2552
l 2553 2554
l 2555 2556
l 2557 2558
l 2559 2560
l 2561 2562
l 2563 2564
l 2565 2566
l 2567 2568
l 2569 2570
l 2571 2572
l 2573 2574
l 2575 2576
l 2577 2578
l 2579 2580
l 2581 2582
l 2583 2584
l 2585 2586
l 2587 2588
l 2589 2590
l 2591 2592
l 2593 2594
l 2595 2596
l 2597 2598
l 2599 2600
l 2601 2602
l 2603 2604
l 2605 2606
l 2607 2608
l 2609 2610
l 2611 2612
l 2613 2614
l 2615 2616
l 2617 2618
l 2619 2620
l 2621 2622
l 2623 2624
l 2625 2626
l 2627 2628
l 2629 2630
l 2631 2632
l 2633 2634
l 2635 2636
l 2637 2638
l 2639 2640
l 2641 2642
l 2643 2644
l 2645 2646
l 2647 2648
l 2649 2650
l 2651 2652
l 2653 2654
l 2655 2656
l 2657 2658
l 2659 2660
l 2661 2662
l 2663 2664
l 2665 2666
l 2667 2668
l 2669 2670
l 2671 2672
l 2673 2674
l 2675 2676
l 2677 2678
l 2679 2680
l 2681 2682
l 2683 2684
l 2685 2686
l 2687 2688
l 2689 2690
l 2691 2692
l 2693 2694
l 2695 2696
l 2697 2698
l 2699 2700
l 2701 2702
l 2703 2704
l 2705 2706
l 2707 2708
l 2709 2710
l 2711 2712
l 2713 2714
l 2715 2716
l 2717 2718
l 2719 2720
l 2721 2722
l 2723 2724
l 2725 2726
l 2727 2728
l 2729 2730
l 2731 2732
l 2733 2734
l 2735 2736
l 2737 2738
l 2739 2740
l 2741 2742
l 2743 2744
l 2745 2746
l 2747 2748
l 2749 2750
l 2751 2752
l 2753 2754
l 2755 2756
l 2757 2758
l 2759 2760
l 2761 2762
l 2763 2764
l 2765 2766
l 2767 2768
l 2769 2770
l 2771 2772
l 2773 2774
l 2775 2776
l 2777 2778
l 2779 2780
l 2781 2782
l 2783 2784
l 2785 2786
l 2787 2788
l 2789 2790
l 2791 2792
l 2793 2794
l 2795 2796
l 2797 2798
l 2799 2800
l 2801 2802
l 2803 2804
l 2805 2806
l 2807 2808
l 2809 2810
l 2811 2812
l 2813 2814
l 2815 2816
l 2817 2818
l 2819 2820
l 2821 2822
l 2823 2824
l 2825 2826
l 2827 2828
l 2829 2830
l 2831 2832
l 2833 2834
l 2835 2836
l 2837 2838
l 2839 2840
l 2841 2842
l 2843 2844
l 2845 2846
l 2847 2848
l 2849 2850
l 2851 2852
l 2853 2854
l 2855 2856
l 2857 2858
l 2859 2860
l 2861 2862
l 2863 2864
l 2865 2866
l 2867 2868
l 2869 2870
l 2871 2872
l 2873 2874
l 2875 2876
l 2877 2878
l 2879 2880
l 2881 2882
l 2883 2884
l 2885 2886
l 2887 2888
l 2889 2890
l 2891 2892
l 2893 2894
l 2895 2896
l 2897 2898
l 2899 2900
l 2901 2902
l 2903 2904
l 2905 2906
l 2907 2908
l 2909 2910
l 2911 2912
l 2913 2914
l 2915 2916
l 2917 2918
l 2919 2920
l 2921 2922
l 2923 2924
l 2925 2926
l 2927 2928
l 2929 2930
l 2931 2932
l 2933 2934
l 2935 2936
l 2937 2938
l 2939 2940
l 2941 2942
l 2943 2944
l 2945 2946
l 2947 2948
l 2949 2950
l 2951 2952
l 2953 2954
l 2955 2956
l 2957 2958
l 2959 2960
l 2961 2962
l 2963 2964
l 2965 2966
l 2967 2968
l 2969 2970
l 2971 2972
l 2973 2974
l 2975 2976
l 2977 2978
l 2979 2980
l 2981 2982
l 2983 2984
l 2985 2986
l 2987 2988
l 2989 2990
l 2991 2992
l 2993 2994
l 2995 2996
l 2997 2998
l 2999 3000
l 3001 3002
l 3003 3004
l 3005 3006
l 3007 3008
l 3009 3010
l 3011 3012
l 3013 3014
l 3015 3016
l 3017 3018
l 3019 3020
l 3021 3022
l 3023 3024
l 3025 3026
l 3027 3028
l 3029 3030
l 3031 3032
l 3033 3034
l 3035 3036
l 3037 3038
l 3039 3040
l 3041 3042
l 3043 3044
l 3045 3046
l 3047 3048
l 3049 3050
l 3051 3052
l 3053 3054
l 3055 3056
l 3057 3058
l 3059 3060
l 3061 3062
l 3063 3064
l 3065 3066
l 3067 3068
l 3069 3070
l 3071 3072
l 3073 3074
l 3075 3076
l 3077 3078
l 3079 3080
l 3081 3082
l 3083 3084
l 3085 3086
l 3087 3088
l 3089 3090
l 3091 3092
l 3093 3094
l 3095 3096
l 3097 3098
l 3099 3100
l 3101 3102
l 3103 3104
l 3105 3106
l 3107 3108
l 3109 3110
l 3111 3112
l 3113 3114
l 3115 3116
l 3117 3118
l 3119 3120
l 3121 3122
l 3123 3124
l 3125 3126
g d2_circumferential
v -0.14636441 -0.55134200 0.01897276
v -0.12730234 -0.54721806 0.02339890
v -0.03193454 -0.60038551 0.00564619
v -0.01207273 -0.59871483 0.00728242
v -0.08755379 -0.58225577 0.00870494
v -0.06809156 -0.57898163 0.01193939
v 0.02738867 -0.61185666 0.00085385
v 0.00742385 -0.61213517 0.00198892
v -0.43429000 -0.41787244 0.00348261
v -0.41686905 -0.41625325 0.01317017
v -0.39492279 -0.41552204 0.02495544
v -0.37858373 -0.41488572 0.03647023
v -0.43411066 -0.33999933 0.04269481
v -0.41787742 -0.34040485 0.05436861
v -0.49046898 -0.33498639 0.00865808
v -0.47257961 -0.33402095 0.01754618
v -0.56667374 -0.21262852 0.00191181
v -0.55078075 -0.21509623 0.01379806
v -0.57909963 -0.17395684 0.00210763
v -0.56266501 -0.17660963 0.01319031
v -0.56874857 -0.04995531 0.03190286
v -0.55539213 -0.05481000 0.04597402
v -0.59677624 0.00967635 0.00910418
v -0.58360947 0.00384773 0.02298306
v -0.53864605 0.00603430 0.06652541
v -0.52465424 0.00042778 0.07966908
v -0.51540475 0.11336826 0.07140471
v -0.50204398 0.10633207 0.08451738
v -0.51135222 0.26372749 0.02368596
v -0.49988436 0.25503223 0.03757266
v -0.43445010 0.32169930 0.05446634
v -0.42397832 0.31172723 0.06828154
v -0.37191860 0.43764508 0.02298322
v -0.36305918 0.42579351 0.03643725
v -0.36764938 0.37198383 0.07432943
v -0.35776283 0.36018795 0.08709944
v -0.24988780 0.38532642 0.11147657
v -0.24169563 0.37069128 0.12236973
v -0.27705619 0.49027201 0.03051444
v -0.27024844 0.47672121 0.04355247
v -0.11474677 0.58263871 0.00733575
v -0.11232649 0.56514974 0.01672928
v -0.14266846 0.55121801 0.02222704
v -0.13959315 0.53608503 0.03493513
v 0.00334245 0.54736327 0.04278100
v 0.00218434 0.53183314 0.05532827
v 0.18037326 -0.55913162 0.01049308
v 0.16114207 -0.55560422 0.01469771
v 0.40558824 -0.45065463 0.00086687
v 0.38804195 -0.44845030 0.01020650
v 0.37519490 -0.47288991 0.00244478
v 0.35724981 -0.46987102 0.01074057
v 0.34328274 -0.49354977 0.00386576
v 0.32513897 -0.49030323 0.01162615
v 0.53058048 -0.28917194 0.00236756
v 0.51377594 -0.28951497 0.01320499
v 0.46885546 -0.32685272 0.02343824
v 0.45311302 -0.32721249 0.03576732
v 0.43652788 -0.40189172 0.00917566
v 0.41906286 -0.40027059 0.01878321
v 0.57742285 -0.00980319 0.02773415
v 0.56442639 -0.01375111 0.04241291
v 0.57321387 0.15984103 0.00908036
v 0.55800032 0.15348297 0.02039774
v 0.50619828 0.11998963 0.07857183
v 0.49247886 0.11389655 0.09178592
v 0.57438096 -0.05104843 0.02515373
v 0.56100201 -0.05470055 0.03956296
v 0.44587142 0.40580664 0.00386505
v 0.43416051 0.39579952 0.01661935
v 0.41702988 0.30958705 0.07489174
v 0.40548603 0.30073322 0.08861432
v 0.49929186 0.18101761 0.07251708
v 0.48688336 0.17461014 0.08683258
v 0.21561629 0.46820145 0.07428450
v 0.20792568 0.45427442 0.08640276
v 0.26012807 0.45340882 0.06532583
v 0.25185261 0.44091904 0.07857279
v 0.39168869 0.37075412 0.06017137
v 0.38091719 0.36126423 0.07409534
v 0.08203634 0.58743262 0.00819573
v 0.07857030 0.57030591 0.01792314
v 0.14126325 0.49996687 0.06390619
v 0.13579605 0.48482644 0.07577367
v -0.05578105 -0.57032355 0.01686432
v -0.03620322 -0.56735344 0.01966554
v -0.18480931 -0.53896002 0.02187041
v -0.16597007 -0.53506430 0.02733542
v 0.22542753 -0.54746673 0.00910644
v 0.20655125 -0.54448496 0.01500181
v -0.15331768 -0.48827190 0.05450345
v -0.13427031 -0.48259540 0.05672491
v -0.22088184 -0.42681112 0.08501872
v -0.20177530 -0.42197764 0.08841540
v -0.14629848 -0.52124836 0.03734343
v -0.12722136 -0.51605660 0.04035490
v -0.25852828 -0.47700787 0.04423702
v -0.24030469 -0.47394609 0.05188464
v -0.22126929 -0.48442616 0.05018908
v -0.20256452 -0.48051063 0.05608483
v -0.27601430 -0.48312227 0.03292443
v -0.25821425 -0.48062895 0.04169378
v -0.16381251 -0.35197010 0.10838387
v -0.14481935 -0.34616343 0.10603809
v -0.19218799 -0.38008968 0.10417409
v -0.17308936 -0.37425071 0.10312123
v -0.25932618 -0.31919781 0.12999355
v -0.23966902 -0.31603669 0.13188127
v -0.24364617 -0.33376309 0.12440115
v -0.22405837 -0.33027952 0.12643655
v -0.27376809 -0.28623169 0.14244675
v -0.25397415 -0.28340362 0.14284892
v -0.25787650 -0.39682246 0.09476026
v -0.23882869 -0.39313616 0.09961330
v -0.32010938 -0.27242200 0.13865563
v -0.30086580 -0.27188297 0.14407359
v -0.27676725 -0.38090507 0.09879966
v -0.25767940 -0.37756077 0.10374228
v -0.35757568 -0.36171829 0.07960662
v -0.33957332 -0.36038681 0.08821488
v -0.33881266 -0.39888573 0.06847516
v -0.32077288 -0.39680989 0.07685473
v -0.35671889 -0.34006050 0.09144497
v -0.33867618 -0.33917490 0.10002613
v -0.41519596 -0.35673766 0.04646125
v -0.39882098 -0.35684782 0.05794202
v -0.37755938 -0.36794495 0.06468168
v -0.36046545 -0.36738754 0.07504735
v -0.39711031 -0.39487582 0.03640078
v -0.38063551 -0.39439043 0.04772798
v -0.22287256 -0.26495310 0.14524419
v -0.20327805 -0.26210652 0.14243135
v -0.28318241 -0.17716014 0.17116104
v -0.26322324 -0.17837617 0.17149723
v -0.27716784 -0.26435678 0.14898541
v -0.25724487 -0.26263206 0.14923208
v -0.36993628 -0.20339041 0.14386021
v -0.35106731 -0.20490668 0.15031182
v -0.34862754 -0.12137657 0.17152914
v -0.32936940 -0.12465032 0.17581476
v -0.42505861 -0.06365610 0.14902814
v -0.40718993 -0.06826633 0.15673632
v -0.42194134 -0.19928276 0.11937006
v -0.40454140 -0.20153511 0.12896844
v -0.41654088 -0.16406810 0.13149086
v -0.39872126 -0.16679126 0.14015143
v -0.43842252 -0.09830620 0.13527447
v -0.42148777 -0.10243941 0.14507708
v -0.50173750 -0.11400745 0.08329383
v -0.48641818 -0.11785559 0.09556046
v -0.42907467 -0.17892558 0.12059100
v -0.41149959 -0.18144459 0.12979595
v -0.50888416 -0.13405676 0.07198069
v -0.49347386 -0.13756987 0.08423389
v -0.52709053 -0.05543769 0.07603464
v -0.51200313 -0.06010445 0.08830459
v -0.50060499 -0.15424812 0.07391636
v -0.48507525 -0.15754628 0.08607817
v -0.18586984 -0.11208757 0.17187290
v -0.16664422 -0.11507353 0.16724477
v -0.25185721 -0.15835316 0.17607274
v -0.23197254 -0.15968374 0.17440250
v -0.25539246 -0.08219332 0.18711575
v -0.23597121 -0.08673044 0.18563604
v -0.27381137 -0.05001891 0.19087613
v -0.25461488 -0.05561012 0.19043631
v -0.32910384 -0.02811985 0.18418099
v -0.31037544 -0.03425466 0.18758263
v -0.30909869 -0.12039444 0.18006213
v -0.28939173 -0.12347117 0.18152148
v -0.32504745 -0.00257819 0.18657544
v -0.30661909 -0.00960588 0.18988713
v -0.37158057 -0.00349262 0.17180410
v -0.35374589 -0.01003330 0.17805741
v -0.40542938 0.06923405 0.15597388
v -0.38885481 0.06150143 0.16406403
v -0.38684392 -0.06545789 0.16566991
v -0.36867207 -0.07023750 0.17251819
v -0.40838499 -0.00443084 0.15725212
v -0.39071223 -0.01064380 0.16425446
v -0.42061154 0.10761623 0.14389837
v -0.40537936 0.09948066 0.15398564
v -0.43985967 0.07158857 0.13532062
v -0.42410713 0.06423923 0.14521024
v -0.46199542 -0.03957288 0.12864372
v -0.44546571 -0.04476546 0.13863199
v -0.50854556 0.00221486 0.09267611
v -0.49351992 -0.00349016 0.10457749
v -0.50338117 0.07573532 0.08821856
v -0.48886472 0.06895672 0.10018865
v -0.51295732 0.16253826 0.06499231
v -0.50090813 0.15504386 0.07908526
v -0.45991811 0.01038885 0.12700985
v -0.44372910 0.00427263 0.13703322
v -0.17675029 -0.00009978 0.18850584
v -0.15921445 -0.00899734 0.18486064
v -0.18772368 -0.04384225 0.18421915
v -0.16921427 -0.05008400 0.17992937
v -0.22942824 0.13540008 0.19537002
v -0.21456221 0.12209633 0.19677414
v -0.25038520 0.14421591 0.19174039
v -0.23543174 0.13136928 0.19510465
v -0.30303275 0.10166735 0.18719782
v -0.28644920 0.09115795 0.19100553
v -0.31115669 0.04548335 0.19050957
v -0.29334052 0.03674864 0.19300936
v -0.29240515 0.15948863 0.18162838
v -0.27728043 0.14738569 0.18660045
v -0.36677497 0.14382199 0.16194905
v -0.35107127 0.13363304 0.16898746
v -0.32083325 0.26718806 0.14565854
v -0.30858285 0.25460739 0.15523009
v -0.39723834 0.19574657 0.13288914
v -0.38315278 0.18571123 0.14293150
v -0.40165539 0.14444615 0.14671578
v -0.38648846 0.13523410 0.15593871
v -0.46254498 0.18998665 0.09841168
v -0.44882741 0.18108297 0.10992310
v -0.13934421 0.07957352 0.19220285
v -0.12479727 0.06599476 0.19021196
v -0.14979512 0.14499054 0.19446223
v -0.13789390 0.12892259 0.19408573
v -0.17652690 0.22806111 0.18406715
v -0.16644999 0.21121300 0.18788253
v -0.13858939 0.20119304 0.19051508
v -0.12953509 0.18345056 0.19229955
v -0.17193768 0.17761451 0.19288930
v -0.16018553 0.16146914 0.19397273
v -0.21085202 0.15017080 0.19503112
v -0.19691290 0.13588979 0.19634019
v -0.16775527 0.27002515 0.17554288
v -0.15910641 0.25257625 0.18009184
v -0.23890713 0.20571960 0.18394839
v -0.22586984 0.19109350 0.18795665
v -0.21627772 0.28003577 0.16543019
v -0.20629306 0.26403126 0.17207265
v -0.29073228 0.24210505 0.16448726
v -0.27778024 0.22863296 0.17160818
v -0.14006371 0.38760845 0.13340771
v -0.13468742 0.37037023 0.14200418
v -0.28692202 0.30040623 0.14297246
v -0.27579255 0.28637070 0.15186621
v -0.31099031 0.30504115 0.13494791
v -0.29946731 0.29134669 0.14387216
v -0.26751121 0.41215383 0.09069133
v -0.25926007 0.39756655 0.10160417
v -0.32484265 0.36710567 0.09631199
v -0.31482284 0.35376034 0.10733313
v -0.07110022 0.17578245 0.19108960
v -0.06535287 0.15662748 0.19096588
v -0.09794477 0.17742841 0.19232747
v -0.09036854 0.15892304 0.19199292
v -0.03652531 0.24167024 0.18273369
v -0.03465999 0.22201820 0.18593962
v -0.06049486 0.26994347 0.17766583
v -0.05752014 0.25051116 0.18133955
v -0.05279626 0.30525939 0.16807448
v -0.05074055 0.28609526 0.17341025
v -0.00945562 0.36819160 0.14616536
v -0.00972393 0.34959684 0.15352218
v -0.03888542 0.33751835 0.15776971
v -0.03761553 0.31848916 0.16378944
v -0.10416156 0.31028519 0.16629887
v -0.09932645 0.29177530 0.17212688
v -0.08057608 0.41035452 0.12485699
v -0.07806384 0.39263360 0.13377986
v -0.04410369 0.39036842 0.13584308
v -0.04298133 0.37213683 0.14398615
v -0.11956960 0.42679562 0.11385120
v -0.11552247 0.40970040 0.12340809
v -0.05514613 0.46061928 0.09846963
v -0.05387745 0.44346717 0.10867528
v -0.05726783 0.49329269 0.07834905
v -0.05611690 0.47631977 0.08886359
v -0.12782691 0.48095694 0.07943512
v -0.12431181 0.46460880 0.09040519
v -0.17415319 0.46989839 0.08263721
v -0.16902168 0.45387536 0.09344878
v 0.12678767 0.16411522 0.19367943
v 0.11640140 0.14703795 0.19300687
v 0.03613698 0.22399316 0.18568825
v 0.03282828 0.20439023 0.18786483
v 0.00022249 0.27078923 0.17698324
v -0.00042799 0.25116400 0.18077627
v 0.00528331 0.24964816 0.18104309
v 0.00428114 0.22996085 0.18441433
v 0.15941182 0.25427119 0.17997502
v 0.14979588 0.23724828 0.18418384
v 0.05131484 0.31654201 0.16472480
v 0.04792530 0.29762341 0.17025268
v 0.10920435 0.33495148 0.15737581
v 0.10331328 0.31710893 0.16422407
v 0.12906667 0.36497250 0.14480072
v 0.12271516 0.34750509 0.15218367
v 0.08238485 0.38403725 0.13749134
v 0.07792745 0.36637106 0.14573738
v 0.04815874 0.42711643 0.11802553
v 0.04527320 0.40944036 0.12692444
v 0.10291321 0.39241530 0.13274744
v 0.09775036 0.37509621 0.14131215
v 0.02244247 0.45436463 0.10437826
v 0.02056772 0.43692850 0.11399215
v 0.19352773 0.43986109 0.09893606
v 0.18565282 0.42436829 0.10883147
v 0.10928509 0.52596063 0.04728402
v 0.10500018 0.51091628 0.05974464
v 0.06793588 0.45598732 0.10025408
v 0.06448134 0.43911109 0.11041376
v 0.11885967 -0.50596560 0.04533041
v 0.09953561 -0.50101194 0.04674532
v 0.19283000 -0.42768736 0.08547822
v 0.17368823 -0.42190143 0.08575296
v 0.19626333 -0.47085114 0.06197349
v 0.17714446 -0.46666611 0.06608617
v 0.15795440 -0.47745883 0.05993406
v 0.13871604 -0.47229955 0.06173056
v 0.25455250 -0.39328345 0.09739072
v 0.23525710 -0.38931338 0.10083834
v 0.23447593 -0.46625078 0.05846687
v 0.21574262 -0.46304714 0.06469260
v 0.27173092 -0.46440847 0.04888059
v 0.25356707 -0.46209606 0.05692342
v 0.21799617 -0.49699981 0.04190568
v 0.19928032 -0.49403975 0.04830216
v 0.25091259 -0.49419284 0.03448773
v 0.23255414 -0.49167411 0.04200991
v 0.25025576 -0.54858796 0.00268632
v 0.23145736 -0.54548049 0.00876282
v 0.16212021 -0.36845187 0.10259471
v 0.14305265 -0.36274119 0.10065144
v 0.13267532 -0.44559393 0.07186992
v 0.11361040 -0.43956284 0.07153075
v 0.27777797 -0.31647904 0.12871384
v 0.25820989 -0.31394792 0.13197632
v 0.32772859 -0.35818541 0.09418201
v 0.30928764 -0.35661892 0.10176077
v 0.31350182 -0.24949181 0.14789725
v 0.29380366 -0.24846167 0.15119593
v 0.27468929 -0.40116355 0.08980978
v 0.25570851 -0.39784508 0.09516496
v 0.36756808 -0.36352787 0.07242214
v 0.35004768 -0.36271266 0.08203104
v 0.39020969 -0.23517814 0.12690977
v 0.37183983 -0.23560283 0.13480458
v 0.31807061 -0.32174732 0.11715605
v 0.29899385 -0.31998134 0.12289354
v 0.38119009 -0.39627851 0.04593519
v 0.36421312 -0.39538955 0.05646856
v 0.36657109 -0.30610175 0.10545050
v 0.34851588 -0.30568415 0.11404090
v 0.44859272 -0.33810270 0.03257681
v 0.43261135 -0.33829325 0.04459843
v 0.41260109 -0.43082839 0.00786340
v 0.39501212 -0.42877194 0.01715636
v 0.46872696 -0.25994938 0.06596151
v 0.45269260 -0.26132321 0.07783467
v 0.21281403 -0.27772837 0.14125878
v 0.19359563 -0.27386502 0.13729803
v 0.17040738 -0.32804503 0.11702240
v 0.15133938 -0.32286976 0.11392600
v 0.27645461 -0.15759908 0.17578126
v 0.25651335 -0.15893503 0.17650337
v 0.27292060 -0.17952154 0.17075599
v 0.25294677 -0.18025045 0.17144509
v 0.25541760 -0.18739244 0.16942093
v 0.23544621 -0.18742756 0.16837093
v 0.29832642 -0.26421570 0.14659982
v 0.27861456 -0.26263215 0.14958226
v 0.32726189 -0.12569659 0.17632666
v 0.30760365 -0.12821323 0.17900629
v 0.30554476 -0.13234499 0.17844797
v 0.28571404 -0.13455320 0.17979937
v 0.34942004 -0.21781561 0.14743661
v 0.33007247 -0.21804580 0.15249414
v 0.42309240 -0.20537595 0.11720999
v 0.40567001 -0.20686339 0.12691605
v 0.37300651 -0.25073285 0.13020704
v 0.35453369 -0.25074143 0.13786959
v 0.44574052 -0.12865138 0.12266340
v 0.42908382 -0.13155667 0.13334394
v 0.42678616 -0.22825587 0.10892113
v 0.40934382 -0.22933196 0.11864569
v 0.51102892 -0.12425106 0.07261821
v 0.49569999 -0.12717125 0.08512646
v 0.49297963 -0.04327617 0.10715388
v 0.47711909 -0.04720035 0.11868662
v 0.19903912 -0.14370835 0.16869445
v 0.17968854 -0.14516662 0.16385829
v 0.18423034 -0.02389288 0.18673982
v 0.16592159 -0.03076157 0.18254806
v 0.18641849 -0.20603755 0.15243698
v 0.16703071 -0.20456789 0.14775573
v 0.29406685 -0.08928830 0.18623405
v 0.27439993 -0.09287945 0.18570880
v 0.39092472 -0.09340402 0.16209459
v 0.37231490 -0.09674041 0.16861404
v 0.33141081 -0.09952765 0.17885927
v 0.31198105 -0.10290313 0.18218352
v 0.40652637 -0.02855249 0.15835982
v 0.38839308 -0.03350905 0.16518450
v 0.48316263 0.02979942 0.10886495
v 0.46794626 0.02455976 0.12073795
v 0.54121787 0.09994358 0.04734350
v 0.52829383 0.09459935 0.06163924
v 0.44931352 0.10535536 0.12596750
v 0.43406338 0.09846863 0.13692041
v 0.46776714 0.07235160 0.11615275
v 0.45256889 0.06624752 0.12762939
v 0.19485891 -0.10251304 0.17556564
v 0.17566230 -0.10593920 0.17112588
v 0.24322038 0.03269693 0.19666476
v 0.22532608 0.02378436 0.19609900
v 0.20196988 0.03697938 0.19619621
v 0.18486286 0.02722657 0.19270442
v 0.20613984 -0.05974853 0.18557369
v 0.18747412 -0.06493187 0.18060541
v 0.28334026 0.02506391 0.19456333
v 0.26504811 0.01706417 0.19573008
v 0.25066681 0.10767097 0.19450085
v 0.23434463 0.09622902 0.19612205
v 0.36098736 0.09313861 0.17262043
v 0.34409448 0.08453519 0.17899003
v 0.31030634 0.13591359 0.18054791
v 0.29430410 0.12534174 0.18621572
v 0.32387576 0.11534231 0.18012900
v 0.30737575 0.10558056 0.18582267
v 0.41238211 0.20812488 0.12073602
v 0.39848659 0.19935973 0.13213983
v 0.37318746 0.23261207 0.13387277
v 0.35894498 0.22216332 0.14325016
v 0.31437902 0.27060465 0.14698062
v 0.30156847 0.25849035 0.15641956
v 0.41073358 0.12583173 0.14603275
v 0.39549313 0.11801530 0.15635708
v 0.46866114 0.17217517 0.10142542
v 0.45372060 0.16456697 0.11232751
v 0.36542054 0.30599887 0.11047085
v 0.35297710 0.29536161 0.12195865
v 0.18221186 0.07521390 0.19715861
v 0.16654552 0.06314295 0.19418913
v 0.13900617 0.12654307 0.19453010
v 0.12655622 0.11099035 0.19277745
v 0.20107376 0.17793891 0.19147651
v 0.18818929 0.16280565 0.19369797
v 0.18465237 0.14343806 0.19568008
v 0.17122747 0.12862191 0.19614214
v 0.24830942 0.16110129 0.19044450
v 0.23367597 0.14775108 0.19320023
v 0.23678947 0.25901223 0.16906705
v 0.22479637 0.24427916 0.17531701
v 0.13028974 0.28383553 0.17447649
v 0.12270010 0.26588229 0.17895295
v 0.27468369 0.31775887 0.13833637
v 0.26310466 0.30406919 0.14719519
v 0.19375127 0.32706547 0.15288276
v 0.18431359 0.31102971 0.16021384
v 0.18149818 0.24591089 0.18012860
v 0.17079088 0.22952851 0.18424336
v 0.21993339 0.37800074 0.12471902
v 0.21075072 0.36289399 0.13406914
v 0.21472673 0.31435271 0.15377491
v 0.20440329 0.29887325 0.16110793
v 0.37820845 0.34072470 0.08771044
v 0.36626747 0.33033189 0.09993184
v -0.59778237 -0.09367039 0.00162164
v -0.58120259 -0.09710500 0.01226468
v 0.47834129 0.35414380 0.00801684
v 0.46470703 0.34415020 0.01870304
v 0.31337388 -0.51737455 0.00120366
v 0.29466180 -0.51335069 0.00700251
v 0.38024641 -0.43656192 0.02054026
v 0.36298226 -0.43477299 0.03047549
v 0.28362898 -0.49477897 0.02093439
v 0.26596679 -0.49291453 0.03012846
v -0.28936811 -0.51597319 0.00948094
v -0.27072261 -0.51151896 0.01517879
v -0.29564055 -0.46964713 0.03568292
v -0.27784325 -0.46694630 0.04439622
v -0.50334558 -0.23188596 0.05083460
v -0.48725040 -0.23408595 0.06249930
v 0.53636868 -0.08819070 0.05774719
v 0.52194946 -0.09152255 0.07119877
v 0.36363110 -0.43440745 0.03048668
v 0.34665470 -0.43318780 0.04098784
v 0.44824152 0.32196113 0.04319828
v 0.43667757 0.31344244 0.05711471
v -0.48490146 0.21738263 0.06974884
v -0.47276506 0.20895166 0.08322424
v -0.09714827 0.50430601 0.06577327
v -0.09496023 0.48838398 0.07767543
v -0.22264735 0.52746735 0.02627894
v -0.21757226 0.51363558 0.03980246
v 0.46692832 -0.15553578 0.10062844
v 0.45048670 -0.15801811 0.11174020
v 0.44804003 0.20555636 0.10089143
v 0.43389805 0.19732795 0.11239176
v 0.40939035 0.23109645 0.11368043
v 0.39574375 0.22195846 0.12509215
v -0.14440421 0.42335568 0.11438737
v -0.13943327 0.40646189 0.12386628
v -0.43225469 -0.21640136 0.10889282
v -0.41507570 -0.21848845 0.11891710
v -0.39099763 -0.13413687 0.15207037
v -0.37278785 -0.13741832 0.15965959
v 0.43520032 -0.16733371 0.11967962
v 0.41819916 -0.16958791 0.12996744
v -0.22421403 -0.46438308 0.06208196
v -0.20548271 -0.46052677 0.06793229
v -0.36537292 0.11789601 0.16772935
v -0.34919621 0.10820589 0.17439085
v 0.34661748 0.15497436 0.16675917
v 0.33063944 0.14477522 0.17313411
v 0.31738458 0.19876394 0.16703174
v 0.30268399 0.18694524 0.17367789
v 0.36681826 -0.20277563 0.14516046
v 0.34784602 -0.20362306 0.15142909
v -0.33441306 -0.19869403 0.15666755
v -0.31482958 -0.19986424 0.16055054
v 0.25410795 -0.43524430 0.07461020
v 0.23530616 -0.43189685 0.08054714
v -0.19915595 -0.52332782 0.02962947
v -0.18037548 -0.51933933 0.03522820
v 0.32376992 0.05673142 0.18792058
v 0.30592599 0.04846872 0.19156504
v 0.32276696 0.15749018 0.17312182
v 0.30721459 0.14676753 0.17968755
v 0.09672479 0.30445401 0.16851649
v 0.09105213 0.28595086 0.17355778
v 0.29081454 -0.21390890 0.16105777
v 0.27084736 -0.21356504 0.16213188
v 0.12880655 -0.54811835 0.02228314
v 0.10942685 -0.54477223 0.02591508
v -0.20588686 0.10229183 0.19745030
v -0.19061058 0.08938583 0.19762514
v -0.25366427 0.01789769 0.19662769
v -0.23557724 0.00942207 0.19563623
v 0.04089040 0.28030450 0.17476142
v 0.03785963 0.26102444 0.17912647
v -0.29198623 -0.08397783 0.18645198
v -0.27246310 -0.08830394 0.18614810
v 0.22851032 -0.11575211 0.18125407
v 0.20938328 -0.11828742 0.17599210
v 0.25630396 -0.08277754 0.18696042
v 0.23679505 -0.08696110 0.18559656
v -0.02719040 0.19549286 0.18860153
v -0.02556761 0.17557489 0.18937682
v -0.06855584 0.21648699 0.18743692
v -0.06396321 0.19718405 0.18993976
v 0.16118298 0.11171633 0.19623006
v 0.14738419 0.09736094 0.19436565
v 0.16194969 0.17459495 0.19275020
v 0.15034775 0.15836349 0.19412660
v -0.25042944 -0.10531171 0.18375983
v -0.23081078 -0.10903523 0.18266275
v 0.11752912 0.09460031 0.19177988
v 0.10425909 0.07974626 0.18998443
v 0.06746127 0.41679288 0.12226568
v 0.06385912 0.39923746 0.13114215
v -0.21947244 0.04015271 0.19671260
v -0.20222417 0.03005317 0.19603710
v -0.15975324 0.04004869 0.19085601
v -0.14345028 0.02882380 0.18799673
v -0.17623581 0.28977235 0.16842086
v -0.16782388 0.27284636 0.17495616
v 0.16100040 -0.49923579 0.04906119
v 0.14173958 -0.49428116 0.05116657
v 0.18202364 0.53445442 0.02988575
v 0.17582574 0.52025601 0.04253293
v -0.55462732 0.12483634 0.02880958
v -0.54225188 0.11801375 0.04296094
v -0.47109830 -0.32720576 0.02164064
v -0.45524057 -0.32787597 0.03380794
v 0.48357099 -0.36139666 0.00232952
v 0.46587279 -0.35994598 0.01152893
v -0.33624449 0.50245308 0.00168147
v -0.32734662 0.48775801 0.01192076
v 0.11773141 -0.58410073 0.00402243
v 0.09828950 -0.58148701 0.00791352
v 0.32931691 0.49621531 0.00686531
v 0.31880381 0.48228309 0.01662890
v -0.10506185 -0.53836833 0.02962871
v -0.08581857 -0.53337238 0.03179586
v 0.48546172 -0.07918045 0.10607220
v 0.46957552 -0.08269780 0.11770049
v -0.17301863 -0.31597335 0.12124469
v -0.15397708 -0.31088528 0.11785489
v 0.49591331 0.22481702 0.05697895
v 0.48335727 0.21776944 0.07085833
v -0.54399317 -0.18695438 0.02558813
v -0.52922013 -0.18992930 0.03873602
v -0.53583533 -0.12050991 0.04957610
v -0.52123647 -0.12425044 0.06272303
v 0.23578228 -0.17515340 0.17141020
v 0.21630626 -0.17482507 0.16687845
v 0.22141163 -0.23014709 0.15496788
v 0.20194109 -0.22806101 0.15090505
v -0.18005037 -0.06838001 0.17896923
v -0.16125967 -0.07347139 0.17439242
v -0.24192173 -0.06428835 0.18926112
v -0.22267698 -0.06951103 0.18773693
v -0.54357207 0.08956475 0.04682591
v -0.53094959 0.08310749 0.06093040
v -0.46859982 0.14556033 0.10640998
v -0.45488820 0.13760487 0.11860269
v -0.37836176 0.33597911 0.09033415
v -0.36730141 0.32421712 0.10213603
v -0.42414784 0.30761406 0.07026312
v -0.41327207 0.29744870 0.08361764
v -0.02174098 0.51185169 0.06921159
v -0.02187614 0.49504910 0.08005662
v -0.06124206 0.52431770 0.05475259
v -0.06033993 0.50859491 0.06707899
v 0.22460357 -0.51555011 0.02823194
v 0.20590039 -0.51264333 0.03468963
v 0.26229570 0.35335491 0.12448452
v 0.25180046 0.33932800 0.13413107
v 0.24641538 0.51088593 0.03007758
v 0.23856370 0.49790922 0.04311276
v -0.22820049 0.41528362 0.10215696
v -0.22088881 0.40010283 0.11292929
v 0.09633317 -0.52142132 0.03783802
v 0.07691872 -0.51702841 0.03977230
v -0.43522773 -0.32011248 0.05403586
v -0.41900717 -0.32092532 0.06570602
v 0.17222057 -0.03969899 0.18204824
v 0.15360868 -0.04573209 0.17790586
v 0.48651494 0.12027896 0.09603443
v 0.47203629 0.11386417 0.10824833
v 0.39834568 0.08741078 0.15843077
v 0.38174760 0.07982027 0.16660682
v 0.44895240 -0.25745142 0.08300444
v 0.43247928 -0.25861971 0.09428412
v 0.33929200 -0.28423337 0.13004226
v 0.32009450 -0.28293761 0.13549544
v -0.10630534 0.36961962 0.14352922
v -0.10231355 0.35152331 0.15104914
v 0.42969908 -0.12400928 0.13499967
v 0.41191139 -0.12667262 0.14374407
v 0.38241376 -0.14112077 0.15437764
v 0.36397475 -0.14355620 0.16172825
v -0.23645484 -0.50975621 0.02849863
v -0.21812008 -0.50645758 0.03577295
v -0.40716095 0.04447100 0.15561042
v -0.39054239 0.03727397 0.16409489
v -0.37320204 0.03738567 0.17120081
v -0.35605320 0.02995352 0.17831700
v 0.02486572 0.15909202 0.19046283
v 0.02080213 0.13951562 0.19092297
v 0.06328700 0.35237560 0.15143788
v 0.05952238 0.33410993 0.15865957
v 0.00321236 0.44064755 0.11277981
v 0.00213842 0.42272418 0.12158659
v 0.14666092 -0.53437014 0.02951397
v 0.12733211 -0.53036591 0.03272695
v -0.29991861 0.20407713 0.17125427
v -0.28589233 0.19145948 0.17788892
v 0.32103232 -0.49752938 0.00894975
v 0.30236002 -0.49332445 0.01474833
v -0.36178360 -0.48766831 0.00023741
v -0.34345097 -0.48320920 0.00687000
v -0.31922940 -0.41429492 0.06801628
v -0.30094743 -0.41155607 0.07564702
v -0.39886263 -0.29051959 0.09709486
v -0.38111660 -0.29086048 0.10631018
v -0.36142522 -0.16256078 0.15818171
v -0.34212496 -0.16467331 0.16297723
v 0.12966031 0.32155549 0.16207575
v 0.12288672 0.30398648 0.16881432
v -0.28412957 -0.32250559 0.12423985
v -0.26476615 -0.32038156 0.12876827
v -0.23125821 -0.28836036 0.14092220
v -0.21179144 -0.28461929 0.13827467
v 0.32081596 -0.29818672 0.12781757
v 0.30166117 -0.29681726 0.13340137
v -0.27484113 -0.07297884 0.18812534
v -0.25544660 -0.07784117 0.18771311
v -0.26165098 -0.00595004 0.19543695
v -0.24307349 -0.01328447 0.19441582
v -0.18993728 -0.47470551 0.06097432
v -0.17093894 -0.46976045 0.06479131
v -0.38208844 -0.15462313 0.15092920
v -0.36386820 -0.15752445 0.15864704
v -0.44487913 -0.13415693 0.12169733
v -0.42826484 -0.13776159 0.13222976
v -0.18731457 -0.19683556 0.15490930
v -0.16793724 -0.19599574 0.15003347
v -0.23175778 -0.15612806 0.17485985
v -0.21248159 -0.15693047 0.16959254
v 0.23376462 -0.42591305 0.08409964
v 0.21459369 -0.42145303 0.08764135
v 0.31106398 0.17642715 0.17315320
v 0.29610414 0.16487949 0.17969651
v -0.01129092 0.31255849 0.16583860
v -0.01134374 0.29337184 0.17148039
v -0.09769105 0.33006050 0.15926824
v -0.09354446 0.31165012 0.16588818
v -0.07755932 0.13330052 0.19148598
v -0.06980896 0.11486687 0.19118178
v -0.17183482 0.15372255 0.19475673
v -0.15938543 0.13807719 0.19519916
v 0.20666321 -0.03668131 0.18927451
v 0.18826094 -0.04277565 0.18435765
v -0.21306993 0.17396123 0.19151685
v -0.19980562 0.15923901 0.19421396
v 0.20543269 0.15536010 0.19426286
v 0.19176047 0.14086123 0.19594008
v 0.21788650 0.19208922 0.18838926
v 0.20485979 0.17722810 0.19145714
v 0.18209571 -0.50581753 0.04308829
v 0.16296615 -0.50197641 0.04747756
v 0.07142535 0.25451565 0.18121868
v 0.06636004 0.23545247 0.18451986
v 0.07046322 0.19827279 0.18919666
v 0.06442998 0.17925731 0.19060081
v 0.11955903 0.24490532 0.18373844
v 0.11167303 0.22680860 0.18694459
v -0.50121828 0.31617731 0.00990240
v -0.48831764 0.30552981 0.02086434
v -0.47570247 0.35431241 0.00982885
v -0.46331918 0.34297517 0.02069536
v 0.16834773 -0.39243781 0.09610239
v 0.14934215 -0.38643013 0.09447278
v -0.18192444 0.07146796 0.19724755
v -0.16634262 0.05935514 0.19401546
v 0.13928663 0.07969635 0.19217227
v 0.12472343 0.06613730 0.19016592
v 0.21974844 -0.33826841 0.12280937
v 0.20033747 -0.33364042 0.12148426
v -0.05483299 0.19700179 0.18963712
v -0.05083648 0.17741273 0.19014393
v -0.09578295 0.25547215 0.18117328
v -0.09059003 0.23645788 0.18455725
v -0.24003051 0.28748845 0.15888988
v -0.22950451 0.27195210 0.16580257
v 0.35356615 0.49109921 0.00137255
v 0.34281615 0.47764245 0.01153685
v -0.31460806 0.46705594 0.02934265
v -0.30693493 0.45420841 0.04261005
v -0.37633050 0.40546481 0.04536606
v -0.36712595 0.39389626 0.05883472
v -0.58788552 0.08149886 0.00912508
v -0.57341971 0.07481430 0.02120882
v -0.57564339 0.04321862 0.02366825
v -0.56257068 0.03714459 0.03753081
v -0.48339250 0.30796940 0.02240472
v -0.47244981 0.29858336 0.03626545
v 0.54293454 0.19642728 0.02639454
v 0.53064159 0.19016136 0.04087147
v 0.58713558 -0.09644445 0.00865132
v 0.57034148 -0.09889433 0.01923037
v 0.54021810 -0.10929855 0.04819537
v 0.52576961 -0.11238276 0.06167457
v 0.04763889 0.54233717 0.04275098
v 0.04518327 0.52666621 0.05493092
v -0.23362850 0.54600466 0.01021077
v -0.22796961 0.53087298 0.02199930
v 0.32593893 0.38867491 0.08150565
v 0.31533133 0.37688840 0.09369240
v 0.36777133 0.40428726 0.05052706
v 0.35719395 0.39374135 0.06382603
v 0.56673062 -0.18304503 0.00888480
v 0.55051871 -0.18512039 0.02040985
v 0.54343735 0.26593724 0.00190634
v 0.52981009 0.25788779 0.01413190
v 0.45149001 0.29985233 0.05247245
v 0.43975135 0.29157082 0.06638577
v -0.19617680 -0.25903825 0.14169201
v -0.17684457 -0.25589638 0.13764805
v -0.54115066 -0.16532509 0.03330686
v -0.52641375 -0.16852849 0.04644160
v 0.48680831 -0.33871718 0.00913988
v 0.46907545 -0.33742648 0.01829631
v -0.46365344 -0.39058621 0.00072954
v -0.44572316 -0.38894529 0.00943426
v -0.48640683 -0.23354940 0.06335600
v -0.47123567 -0.23619558 0.07611506
v 0.38663606 -0.02065939 0.16591917
v 0.36867354 -0.02598603 0.17291449
v 0.39305594 -0.06919079 0.16316232
v 0.37473610 -0.07325554 0.17007761
v 0.28218326 0.47915785 0.03621426
v 0.27350880 0.46671572 0.04924910
v 0.24834215 0.44093119 0.08001515
v 0.23955464 0.42709225 0.09147044
v -0.47377247 0.04882502 0.11389811
v -0.45887709 0.04225198 0.12551202
v 0.41178655 -0.26535990 0.10412583
v 0.39422963 -0.26575330 0.11369452
v 0.50704642 -0.10351479 0.08142168
v 0.49174541 -0.10670350 0.09389851
v 0.47565242 -0.03747836 0.11996253
v 0.45879777 -0.04159285 0.12990998
v 0.07908322 -0.59555429 0.00313880
v 0.05944382 -0.59364051 0.00639324
v -0.21070755 0.40501435 0.11345266
v -0.20356388 0.38930987 0.12356687
v -0.22327082 0.34382244 0.13944827
v -0.21480242 0.32806049 0.14838175
v -0.43716727 -0.28113134 0.07754259
v -0.42035078 -0.28223807 0.08831017
v -0.38161029 -0.26231881 0.12128739
v -0.36324927 -0.26283383 0.12919736
v 0.39590793 0.19701596 0.13419434
v 0.38098044 0.18748217 0.14348072
v 0.42624047 0.24085110 0.09999501
v 0.41259147 0.23185820 0.11151857
v -0.51374265 -0.09483060 0.07769784
v -0.49856478 -0.09893023 0.09005848
v 0.31562106 0.24696336 0.15471375
v 0.30225857 0.23492130 0.16345404
v 0.40424702 0.27786485 0.09854269
v 0.39111543 0.26813058 0.11006508
v -0.35585592 -0.42488621 0.04200825
v -0.33902014 -0.42381561 0.05274932
v 0.38433894 -0.37442281 0.05628673
v 0.36735797 -0.37382021 0.06683394
v 0.34486053 -0.41086908 0.05678340
v 0.32751805 -0.40967344 0.06667122
v -0.28475091 -0.01177166 0.19319850
v -0.26602507 -0.01875159 0.19396232
v 0.21806778 0.35763104 0.13465962
v 0.20859487 0.34245032 0.14359101
v 0.20196619 0.40897786 0.11411139
v 0.19374435 0.39378844 0.12419320
v 0.37441796 -0.34034260 0.08188929
v 0.35681700 -0.33977123 0.09136767
v -0.10284269 0.13443228 0.19221883
v -0.09311923 0.11696681 0.19160941
v -0.10516529 0.40962619 0.12409393
v -0.10151184 0.39208694 0.13298140
v -0.17689732 0.38241513 0.13252230
v -0.17030425 0.36584962 0.14158185
v -0.14280041 -0.58111293 0.00229301
v -0.12371429 -0.57735421 0.00693544
v -0.23014172 -0.54441032 0.00973519
v -0.21151370 -0.54062115 0.01594799
v 0.03720565 -0.59607380 0.00700515
v 0.01727995 -0.59521805 0.00848645
v -0.34966682 0.17891694 0.15972179
v -0.33480354 0.16780911 0.16718228
v -0.41798440 0.15752975 0.13542722
v -0.40302206 0.14833485 0.14499499
v -0.35197192 0.28899113 0.12423170
v -0.34007186 0.27686761 0.13478486
v -0.33940019 0.21288552 0.15446697
v -0.32556550 0.20133931 0.16314145
v 0.00138262 0.48473417 0.08698462
v 0.00044220 0.46782204 0.09761737
v 0.38691977 -0.21217601 0.13429037
v 0.36851337 -0.21309078 0.14205746
v 0.04247609 0.39440733 0.13427019
v 0.03982309 0.37637019 0.14249108
v 0.29206237 0.09408000 0.19013620
v 0.27498413 0.08411727 0.19314245
v 0.34556208 0.11415120 0.17443198
v 0.32896304 0.10487648 0.18062969
v -0.29812648 -0.38620282 0.09010850
v -0.27948327 -0.38359156 0.09685920
v -0.24975066 -0.35532102 0.11524958
v -0.23027221 -0.35137779 0.11748586
v -0.31778113 -0.43504289 0.05398490
v -0.29993729 -0.43258928 0.06267610
v 0.17609815 -0.46371531 0.06764350
v 0.15690544 -0.45828488 0.06909628
v -0.30669719 -0.14492691 0.17608827
v -0.28688548 -0.14719361 0.17761073
v 0.18159529 0.05090356 0.19497633
v 0.16521220 0.03996876 0.19151444
v -0.45620628 -0.14889495 0.11029137
v -0.43947341 -0.15211733 0.12075975
v 0.21891859 0.24931962 0.17459107
v 0.20712813 0.23412037 0.18006169
v 0.27583333 0.27401987 0.15715531
v 0.26331199 0.26026382 0.16450019
v -0.25066074 0.25059541 0.16960844
v -0.23877948 0.23577250 0.17585959
v 0.23477426 -0.48475344 0.04619149
v 0.21604887 -0.48152130 0.05242632
v 0.24858771 -0.28372201 0.14287646
v 0.22880991 -0.28075597 0.14291260
v -0.25958439 -0.24516398 0.15403111
v -0.23960980 -0.24420040 0.15424809
v -0.06896344 0.29027811 0.17232830
v -0.06579295 0.27117453 0.17732443
v 0.26341276 0.04137661 0.19599199
v 0.24549876 0.03251194 0.19667492
v 0.28546844 -0.35299502 0.10996352
v 0.26627316 -0.35057747 0.11502879
v 0.22405190 -0.02763350 0.19232852
v 0.20542071 -0.03420591 0.18922336
v -0.18072707 0.34317916 0.14970634
v -0.17318991 0.32619794 0.15710833
v 0.14000904 0.18147970 0.19210642
v 0.12943773 0.16458371 0.19375966
v 0.19841284 0.25897236 0.17444792
v 0.18748101 0.24322340 0.18014225
v 0.21482646 0.29252573 0.16171635
v 0.20403235 0.27701046 0.16825269
v -0.41284358 -0.12940880 0.14272221
v -0.39478317 -0.13272462 0.15064602
v 0.10744329 0.35373248 0.15022509
v 0.10180687 0.33583975 0.15715624
v 0.05441798 0.18433527 0.18997018
v 0.04914905 0.16505723 0.19071540
v 0.02912489 0.24415063 0.18208454
v 0.02649575 0.22462627 0.18552645
v -0.14446904 0.12406898 0.19454722
v -0.13191375 0.10857955 0.19299736
v -0.31573082 0.18775928 0.16956631
v -0.30116928 0.17578327 0.17623690
v 0.09021274 0.32388254 0.16175252
v 0.08497383 0.30563069 0.16802817
v -0.15258493 -0.38742362 0.09481962
v -0.13367377 -0.38110001 0.09328988
v -0.20276139 -0.44154249 0.07837656
v -0.18368363 -0.43657672 0.08174409
v 0.30802045 -0.17479035 0.16891733
v 0.28812814 -0.17565454 0.17079054
v 0.29116785 -0.19088260 0.16678336
v 0.27119371 -0.19123261 0.16771674
v 0.20611571 0.10962765 0.19730799
v 0.19085000 0.09670881 0.19745448
v -0.22239071 -0.06530985 0.18821715
v -0.20359138 -0.07018378 0.18344327
v -0.21462697 -0.08809681 0.18265812
v -0.19567058 -0.09202517 0.17763983
v 0.48893002 -0.00737202 0.10835349
v 0.47355264 -0.01178715 0.12035360
v 0.45651787 0.05841749 0.12554014
v 0.44056108 0.05230231 0.13592983
v -0.18075744 -0.33806038 0.11653424
v -0.16170412 -0.33261374 0.11383885
v -0.20905910 -0.36525552 0.11206521
v -0.18987871 -0.35972531 0.11084482
v 0.23750361 -0.15406495 0.17610476
v 0.21809649 -0.15486070 0.17134128
v 0.18853278 -0.16444895 0.16208291
v 0.16915841 -0.16480930 0.15713680
v -0.18714984 -0.15464786 0.16365604
v -0.16778021 -0.15562587 0.15877538
v -0.10404826 0.53509629 0.04093305
v -0.10198176 0.51950804 0.05329008
v -0.14380019 0.26520841 0.17853151
v -0.13626548 0.24712233 0.18254175
v 0.14751315 -0.40680627 0.08760668
v 0.12851927 -0.40067739 0.08633020
v -0.38901022 0.26329185 0.11318912
v -0.37667293 0.25250467 0.12465158
v -0.40112208 0.23768921 0.11600122
v -0.38838714 0.22741290 0.12749813
v 0.30485038 -0.48325598 0.02026518
v 0.28730132 -0.48139644 0.02967434
v 0.22620086 0.48230880 0.05979267
v 0.21858783 0.46895059 0.07258173
v 0.10661485 0.59521987 0.00147091
v 0.10248656 0.57812677 0.01099682
v 0.42499610 0.41222233 0.01288694
v 0.41352479 0.40182129 0.02554347
v 0.09580554 0.55468000 0.02664936
v 0.09208259 0.53942501 0.03903422
v 0.06405544 0.51330327 0.06276558
v 0.06095423 0.49744309 0.07454681
v -0.58387248 -0.11198747 0.00878290
v -0.56711415 -0.11510687 0.01924175
v -0.55371485 -0.02554521 0.05281720
v -0.54042048 -0.03073222 0.06682843
v -0.30009366 0.48670036 0.02199157
v -0.29285132 0.47349358 0.03514791
v -0.31083007 0.50511483 0.00887901
v -0.30243616 0.49016365 0.01917292
v -0.46460299 0.32329045 0.02929875
v -0.45390496 0.31359309 0.04313615
v 0.57668814 0.03125197 0.02480236
v 0.56313085 0.02686406 0.03883468
v 0.54475679 -0.00828061 0.06306999
v 0.53092971 -0.01230199 0.07694805
v -0.42599965 -0.04018456 0.14937584
v -0.40832469 -0.04543512 0.15712099
v 0.50138476 -0.16293578 0.07112212
v 0.48584143 -0.16545352 0.08345200
v 0.07694614 0.56645953 0.02043692
v 0.07382321 0.55094735 0.03266720
v 0.54212015 0.17234168 0.03239195
v 0.52963022 0.16625250 0.04677540
v -0.53439724 -0.26386202 0.01014901
v -0.51774971 -0.26530946 0.02113650
v -0.38536901 -0.45682924 0.00663309
v -0.36729258 -0.45314568 0.01435539
v 0.38539016 -0.45457112 0.00807960
v 0.36736030 -0.45152451 0.01617912
v -0.30656370 0.45309550 0.04361798
v -0.29888560 0.44024300 0.05687770
v -0.08925710 0.47298184 0.08831062
v -0.08698438 0.45608364 0.09876268
v -0.09296207 0.45283656 0.10022460
v -0.09042266 0.43585788 0.11048306
v -0.09792942 0.59785076 0.00084903
v -0.09597391 0.58022503 0.01009400
v -0.07605854 0.53773472 0.04247650
v -0.07478349 0.52204432 0.05481123
v -0.21924356 -0.55955967 0.00346766
v -0.20045629 -0.55558863 0.00905600
v 0.47271200 -0.01437143 0.12114028
v 0.45601883 -0.01892251 0.13116953
v 0.53474135 -0.21572333 0.02697646
v 0.51973440 -0.21800038 0.03999823
v -0.39067233 0.22091599 0.12851414
v -0.37693624 0.21026421 0.13840450
v -0.48026060 0.18178645 0.08934896
v -0.46696368 0.17341323 0.10171993
v 0.39032722 0.13678438 0.15382523
v 0.37476998 0.12825951 0.16305881
v 0.40667935 -0.36131654 0.04932761
v 0.39006623 -0.36103568 0.06045799
v 0.39933105 -0.40335668 0.03008715
v 0.38283869 -0.40270691 0.04138050
v 0.32889050 0.30658471 0.12720257
v 0.31638899 0.29456064 0.13715716
v -0.28614816 0.37755481 0.10362831
v -0.27707081 0.36353044 0.11462279
v -0.20029848 0.29358913 0.16358893
v -0.19120985 0.27707591 0.17027254
v 0.34501307 -0.14123151 0.16856123
v 0.32558935 -0.14335513 0.17282379
v -0.46036348 -0.22528400 0.08805006
v -0.44355252 -0.22733935 0.09868618
v -0.48453724 -0.15876368 0.08614033
v -0.46855804 -0.16193803 0.09773985
v -0.55161240 0.01867757 0.05163442
v -0.53853549 0.01300094 0.06566048
v -0.53356688 0.05319695 0.06337636
v -0.52063194 0.04709306 0.07735455
v -0.37768271 -0.38908513 0.05266148
v -0.36060923 -0.38818353 0.06303662
v -0.33802239 -0.37673559 0.08033531
v -0.31992241 -0.37502791 0.08866804
v -0.33531865 -0.30944035 0.11677588
v -0.31654073 -0.30855978 0.12360041
v -0.36048565 -0.27453122 0.12456798
v -0.34199260 -0.27471358 0.13217941
v 0.21962810 -0.30085850 0.13632492
v 0.20038549 -0.29658788 0.13294206
v 0.52214357 0.02948005 0.07885361
v 0.50713151 0.02457969 0.09112491
v 0.13855152 0.39850254 0.12808791
v 0.13226135 0.38162721 0.13678373
v 0.12897764 0.43358948 0.10919108
v 0.12319065 0.41733854 0.11930927
v 0.00482473 0.38363818 0.14005258
v 0.00383084 0.36508422 0.14745006
v -0.04671316 0.35606952 0.15038807
v -0.04521870 0.33750850 0.15768294
v -0.36855628 0.06157104 0.17243999
v -0.35165703 0.05352206 0.17948195
v -0.36812497 -0.10705070 0.16895136
v -0.34893230 -0.11057709 0.17332924
v -0.33027776 -0.08178766 0.18067898
v -0.31100128 -0.08621613 0.18363975
v -0.44809372 -0.17199961 0.10984659
v -0.43130260 -0.17489010 0.12031862
v 0.14272232 0.23887706 0.18427197
v 0.13353085 0.22141229 0.18750594
v 0.17241907 0.29256983 0.16809807
v 0.16306027 0.27608693 0.17447667
v -0.26566263 0.10631545 0.19276792
v -0.24955893 0.09487867 0.19590334
v -0.30442638 0.06612080 0.19068858
v -0.28708219 0.05651185 0.19329769
v 0.33601022 0.20768695 0.15707980
v 0.32179670 0.19664166 0.16579401
v 0.27535907 0.25023565 0.16607039
v 0.26227421 0.23643048 0.17224807
v 0.23040252 0.12162079 0.19523849
v 0.21498963 0.10898685 0.19690779
v 0.20434810 0.08615554 0.19738253
v 0.18834990 0.07415489 0.19742706
v 0.38776271 0.41058704 0.03573039
v 0.37706416 0.40018772 0.04904787
v 0.31651770 0.44793903 0.04272609
v 0.30713118 0.43624541 0.05595910
v -0.23302220 0.37606328 0.12202081
v -0.22474372 0.36057761 0.13159269
v -0.19962489 0.35369505 0.14085091
v -0.19191314 0.33754234 0.14977161
v 0.42372179 0.26372946 0.09257798
v 0.41028664 0.25442683 0.10410699
v 0.40382072 -0.19764234 0.13032414
v 0.38549736 -0.19885915 0.13824460
v 0.32951404 -0.20863442 0.15512398
v 0.30998320 -0.20900546 0.15940984
v 0.23625899 -0.24825537 0.15235324
v 0.21661701 -0.24580528 0.14949846
v 0.26268341 -0.24390727 0.15432283
v 0.24273825 -0.24248886 0.15469501
v 0.50161915 -0.02604105 0.09976637
v 0.48648442 -0.03010140 0.11219269
v 0.55599594 -0.11230891 0.03079119
v 0.54198579 -0.11533879 0.04473736
v -0.16577998 0.30939975 0.16380067
v -0.15807959 0.29210535 0.17024800
v -0.26818451 -0.22173844 0.16014572
v -0.24818759 -0.22154975 0.16036416
v -0.07331451 0.25310976 0.18108818
v -0.06943079 0.23381358 0.18462855
v -0.36692755 0.26788176 0.12406491
v -0.35454903 0.25639951 0.13478361
v -0.26191751 0.21330483 0.17878684
v -0.24867548 0.19945963 0.18452434
v 0.28455256 0.13542527 0.18688685
v 0.26856095 0.12410756 0.19090401
v 0.27864835 0.19891601 0.17795029
v 0.26445389 0.18619074 0.18399552
v -0.06027871 0.15517058 0.19080997
v -0.05463346 0.13598626 0.19103995
v -0.11234055 0.15800787 0.19295626
v -0.10302548 0.14032219 0.19231905
v 0.25357437 -0.45543911 0.06166866
v 0.23485021 -0.45205416 0.06782562
v 0.21349864 -0.43743885 0.07939405
v 0.19433476 -0.43300898 0.08301096
v 0.35254668 -0.24293563 0.14049223
v 0.33320538 -0.24248719 0.14555908
v 0.26907572 -0.22355671 0.15971859
v 0.24909177 -0.22283524 0.16000342
v 0.25936480 -0.35731825 0.11278669
v 0.23986307 -0.35394672 0.11566339
v 0.17356718 0.36264843 0.14143561
v 0.16544128 0.34647184 0.14993547
v 0.06535134 0.16444841 0.19130837
v 0.05883959 0.14554784 0.19073773
v -0.19972178 -0.49101182 0.04985861
v -0.18082572 -0.48654048 0.05464462
v 0.30269489 0.05496130 0.19158841
v 0.28481228 0.04640488 0.19422653
v 0.31547140 0.09523468 0.18539745
v 0.29842636 0.08574230 0.18979304
v -0.23182626 0.02088686 0.19595527
v -0.21402604 0.01179556 0.19527677
v 0.26359653 0.37454569 0.11287212
v 0.25362477 0.36076054 0.12338372
v 0.19980510 0.39069622 0.12400534
v 0.19130121 0.37516144 0.13329590
v 0.30524620 -0.01428317 0.18979506
v 0.28645891 -0.02076063 0.19204010
v 0.04731019 0.25957892 0.17965032
v 0.04374024 0.24019205 0.18302148
v 0.02211238 0.34324090 0.15573676
v 0.02033992 0.32442510 0.16227770
v -0.55217202 -0.22874691 0.00857675
v -0.53634024 -0.23107525 0.02057231
v -0.20564265 -0.45963514 0.06841810
v -0.18663333 -0.45468217 0.07216961
v -0.23721259 -0.49097638 0.04091477
v -0.21891210 -0.48786721 0.04835690
v -0.24551579 0.09656803 0.19619075
v -0.22931355 0.08486299 0.19685363
v -0.18677665 0.11714330 0.19708591
v -0.17245993 0.10317937 0.19707904
v 0.25715782 0.20386764 0.18168389
v 0.24344479 0.19015646 0.18657435
v 0.43491282 -0.08544784 0.14114741
v 0.41737894 -0.08882618 0.15015350
v 0.45897770 -0.11189392 0.11774449
v 0.44244301 -0.11499307 0.12855927
v 0.22143075 -0.13944067 0.17527099
v 0.20220185 -0.14097216 0.16999234
v 0.25034771 -0.10707001 0.18345839
v 0.23065447 -0.11035987 0.18231251
v -0.34562176 -0.14745875 0.16675015
v -0.32622550 -0.14997763 0.17092153
v 0.47393020 0.26211080 0.05466066
v 0.46177379 0.25443878 0.06856468
v -0.25316325 -0.04450119 0.19164718
v -0.23406759 -0.05039685 0.19090083
v 0.10273686 0.22875371 0.18651902
v 0.09540599 0.21026711 0.18863185
v -0.19783273 -0.13330402 0.17029787
v -0.17849546 -0.13529455 0.16560026
v 0.18609082 -0.12312218 0.16975853
v 0.16679823 -0.12553524 0.16507524
v 0.18146948 -0.08189444 0.17678462
v 0.16247301 -0.08615708 0.17221033
v 0.22328823 -0.00231638 0.19485156
v 0.20508754 -0.00998482 0.19170675
v 0.14077386 0.05449473 0.19051235
v 0.12524757 0.04219976 0.18773243
v -0.48720256 0.08679587 0.09944044
v -0.47286618 0.07978050 0.11149087
v -0.12487676 -0.46308440 0.06447942
v -0.10595384 -0.45662160 0.06481901
v 0.15220824 -0.43132678 0.07990270
v 0.13319418 -0.42518243 0.07908249
v -0.05189551 -0.59203708 0.00771268
v -0.03221138 -0.58955880 0.01023324
v -0.47448547 -0.14178417 0.09839964
v -0.45834381 -0.14519241 0.10970410
v -0.56040949 -0.08680820 0.03198144
v -0.54680413 -0.09104070 0.04601498
v -0.18464474 0.25150243 0.17811408
v -0.17490348 0.23468274 0.18282217
v 0.45869833 0.14144411 0.11533524
v 0.44378442 0.13416054 0.12649251
v 0.51701996 0.06568898 0.07819756
v 0.50232117 0.06023859 0.09061525
v 0.38162968 0.42939436 0.02438097
v 0.37118797 0.41877431 0.03772808
v -0.41161927 0.39139051 0.03425027
v -0.40173358 0.38002947 0.04740929
v 0.50829781 0.25181928 0.03253446
v 0.49589076 0.24452794 0.04642192
v 0.51308640 0.20808051 0.04955749
v 0.50099660 0.20165858 0.06413678
v 0.02240363 0.53541838 0.05102175
v 0.02061416 0.51949792 0.06299240
v 0.11961247 0.46704696 0.08942374
v 0.11430609 0.45085817 0.09989874
v 0.13327588 0.52988894 0.04086709
v 0.12836480 0.51510601 0.05340926
v -0.50488699 0.05124444 0.08989522
v -0.49023826 0.04482664 0.10190298
v -0.47847493 -0.02641788 0.11715191
v -0.46247229 -0.03178418 0.12787937
v -0.17588992 0.57820525 0.00186337
v -0.17184311 0.56153530 0.01214423
v 0.20710911 0.53488034 0.02462985
v 0.20033049 0.52124296 0.03759257
v -0.59528876 -0.03016857 0.01115274
v -0.58006703 -0.03496758 0.02320382
v 0.60039044 -0.07623442 0.00157420
v 0.58406928 -0.07901222 0.01279310
v -0.54340610 0.24008738 0.01173728
v -0.53133539 0.23147309 0.02515562
v 0.50832945 -0.32689185 0.00196818
v 0.49082702 -0.32607408 0.01160956
v 0.46134323 -0.21745430 0.08941958
v 0.44456021 -0.21899793 0.10018560
v 0.51773741 -0.16625358 0.05498280
v 0.50294893 -0.16890016 0.06818342
v 0.58512872 0.11834863 0.00669214
v 0.56907640 0.11244925 0.01705941
v -0.21111946 0.49139454 0.05913897
v -0.20547051 0.47661935 0.07137593
v -0.28431187 0.45550707 0.05246247
v -0.27698394 0.44236164 0.06563286
v -0.52427159 -0.24896498 0.02418121
v -0.50842533 -0.25107260 0.03619844
v -0.24502023 0.31010724 0.14870749
v -0.23507776 0.29488335 0.15703458
v -0.33864239 0.32913591 0.11305811
v -0.32775213 0.31648324 0.12407048
v -0.46411303 0.25895888 0.06425056
v -0.45284541 0.25001036 0.07814030
v 0.43762781 0.06724716 0.13689145
v 0.42160893 0.06073488 0.14693863
v 0.41556611 0.01268724 0.15270359
v 0.39834334 0.00691449 0.16107088
v -0.40385966 -0.09810830 0.15507872
v -0.38577270 -0.10204784 0.16264850
v -0.11833719 0.38781721 0.13426294
v -0.11399436 0.37035687 0.14299429
v -0.18449829 0.43221365 0.10432265
v -0.17849522 0.41626598 0.11479142
v 0.22000810 0.41692839 0.10395918
v 0.21160316 0.40234794 0.11476323
v 0.18192039 0.45501922 0.09108564
v 0.17464963 0.43968548 0.10166734
v 0.28258896 0.44400702 0.06176598
v 0.27380349 0.43186452 0.07500741
v -0.00465286 0.40366198 0.13091765
v -0.00529905 0.38545373 0.13916399
v -0.03102660 0.46120783 0.09991186
v -0.03062729 0.44400620 0.11010522
v -0.38391028 0.15593309 0.15122069
v -0.36904698 0.14626348 0.16046953
v -0.41558199 0.18396753 0.12815985
v -0.40104978 0.17433746 0.13795968
v 0.45795670 -0.39324036 0.00244870
v 0.44024061 -0.39150386 0.01156378
v 0.43938648 0.27131608 0.07709022
v 0.42720239 0.26298864 0.09058694
v 0.41402534 0.33268727 0.06503848
v 0.40279365 0.32369928 0.07893184
v -0.05708528 0.32412975 0.16206079
v -0.05500291 0.30519407 0.16814881
v -0.33700479 0.46240518 0.02174608
v -0.32891886 0.44991547 0.03510965
v -0.38426065 0.45367500 0.00896811
v -0.37440922 0.44039340 0.02021572
v 0.31646356 0.48118515 0.01799696
v 0.30735192 0.46931514 0.03126500
v 0.44437484 -0.04472333 0.13883822
v 0.42743988 -0.04894581 0.14860234
v -0.27474167 0.17519404 0.18347986
v -0.26026131 0.16236034 0.18853705
v 0.42602967 0.13913007 0.13672123
v 0.40991101 0.13097402 0.14530189
v 0.41523832 0.10159447 0.14809599
v 0.39934775 0.09406967 0.15762632
v -0.52824437 0.12626376 0.05587741
v -0.51590765 0.11930585 0.06999665
v -0.53141276 0.07728385 0.06143459
v -0.51850447 0.07088804 0.07530649
v -0.25707968 0.27290828 0.16094265
v -0.24567123 0.25802627 0.16789484
v 0.41744264 -0.16059775 0.13269538
v 0.39936020 -0.16257976 0.14100543
v 0.36466889 -0.17837941 0.15219646
v 0.34569792 -0.17980660 0.15836293
v -0.02276568 0.27754388 0.17578301
v -0.02205380 0.25791115 0.17952586
v -0.35514622 -0.18870763 0.15308909
v -0.33590358 -0.19033117 0.15828954
v 0.37256002 -0.03571748 0.17130950
v 0.35432810 -0.04073991 0.17781584
v 0.35655928 -0.06853187 0.17650656
v 0.33729932 -0.07274392 0.17986405
v 0.54323370 -0.04836382 0.06093644
v 0.52927329 -0.05209246 0.07476265
v 0.51994740 -0.08575254 0.07463145
v 0.50475435 -0.08904229 0.08721353
v -0.31679795 0.08470511 0.18681407
v -0.29980431 0.07483760 0.19053004
v 0.08501500 0.48545285 0.08102063
v 0.08104344 0.46888018 0.09148645
v 0.40162697 0.30180857 0.09076227
v 0.38869291 0.29180609 0.10227837
v 0.30949069 0.31649739 0.12920478
v 0.29740162 0.30380203 0.13882987
v 0.23831229 0.34510037 0.13522798
v 0.22807695 0.33040608 0.14413167
v 0.23942057 0.40732285 0.10283057
v 0.23043818 0.39309325 0.11363775
v 0.03944748 0.35893506 0.14940540
v 0.03690154 0.34047858 0.15667427
v 0.27278761 0.15685656 0.18678964
v 0.25753986 0.14449323 0.19061248
v -0.30598748 0.22601378 0.16465425
v -0.29235923 0.21319251 0.17171444
v -0.18044135 -0.27568540 0.13355188
v -0.16120942 -0.27181035 0.12966898
v -0.28317836 0.07194019 0.19285531
v -0.26614834 0.06184136 0.19567525
v -0.33327610 0.04226736 0.18565248
v -0.31551873 0.03400630 0.18970100
v 0.27767414 -0.07283488 0.18823597
v 0.25817340 -0.07724269 0.18773353
v 0.26069082 -0.14441454 0.17897293
v 0.24078516 -0.14611474 0.17805986
v -0.22513220 0.32308479 0.14789851
v -0.21605924 0.30727921 0.15613410
v 0.24109072 -0.30313418 0.13671862
v 0.22136267 -0.29985671 0.13686698
v 0.19238472 -0.27030141 0.13789527
v 0.17312208 -0.26660467 0.13399078
v 0.19506120 0.28161502 0.16811161
v 0.18470438 0.26571363 0.17442366
v 0.29628502 0.21332552 0.17023087
v 0.28205430 0.20084126 0.17667990
v -0.29406505 -0.30332635 0.13203887
v -0.27455042 -0.30139828 0.13596592
v -0.33465478 -0.33200908 0.10526141
v -0.31595515 -0.33055264 0.11220132
v 0.58253066 -0.16441415 0.00150702
v 0.56593636 -0.16650098 0.01247217
v 0.55938776 -0.13487912 0.02205792
v 0.54519880 -0.13763855 0.03587888
v -0.24194569 -0.45183277 0.06675395
v -0.22320192 -0.44790874 0.07251878
v -0.24446540 0.07099985 0.19653125
v -0.22772547 0.06006685 0.19698302
v -0.55525109 -0.14690311 0.02352927
v -0.54088997 -0.15024177 0.03704119
v -0.28986226 -0.03546429 0.19062694
v -0.27084245 -0.04156352 0.19163009
v -0.31153019 -0.06992690 0.18459012
v -0.29233991 -0.07486363 0.18729603
v 0.21906704 -0.37489959 0.10758728
v 0.19965581 -0.37010451 0.10800104
v 0.08145363 0.29018061 0.17237153
v 0.07634980 0.27148908 0.17732506
v 0.08881406 0.26999489 0.17771730
v 0.08304305 0.25135257 0.18208984
v 0.33530331 0.23356900 0.15042697
v 0.32151081 0.22220485 0.15940379
v 0.31045283 -0.42221480 0.06550229
v 0.29236983 -0.42008248 0.07377384
v 0.32797029 -0.42913383 0.05320114
v 0.31014186 -0.42718514 0.06205042
v 0.31042956 -0.22444482 0.15501703
v 0.29070108 -0.22419198 0.15828556
v 0.16609682 0.42010006 0.11442830
v 0.15894161 0.40419272 0.12421192
v 0.43839634 -0.18949433 0.11175822
v 0.42136216 -0.19138511 0.12206461
v 0.40102390 -0.17484823 0.13725234
v 0.38269364 -0.17654925 0.14506695
v 0.11000630 0.20741386 0.18949341
v 0.10175803 0.18928443 0.19129616
v 0.09480668 0.19210833 0.19070975
v 0.08709833 0.17368990 0.19185106
v -0.48371921 -0.11732420 0.09787721
v -0.46749270 -0.12098148 0.10898058
v -0.37353582 -0.43045695 0.02879341
v -0.35633603 -0.42868164 0.03884206
v -0.33511973 -0.44001857 0.04154561
v -0.31782660 -0.43818665 0.05142243
v 0.18769115 0.22279697 0.18436176
v 0.17631440 0.20676819 0.18805068
v 0.21062078 0.21476674 0.18462287
v 0.19831903 0.19936825 0.18801604
v 0.26522706 0.06608746 0.19533690
v 0.24774745 0.05642347 0.19635219
v -0.14917745 0.18291352 0.19227032
v -0.13868541 0.16594148 0.19362196
v 0.14244415 -0.51361603 0.04147938
v 0.12313063 -0.50906367 0.04397416
v -0.23191798 -0.20168445 0.16485536
v -0.21245778 -0.20097025 0.16030009
v 0.21484297 -0.09943710 0.18068509
v 0.19577785 -0.10285941 0.17570825
v -0.11431027 0.51811325 0.05281375
v -0.11178673 0.50274478 0.06535973
v 0.49867478 0.34238579 0.00162275
v 0.48489681 0.33267254 0.01238289
v 0.48578151 0.28922096 0.03056391
v 0.47375521 0.28134971 0.04446972
v 0.18436480 -0.24715284 0.14174295
v 0.16501274 -0.24419494 0.13765533
v 0.16020375 0.01324150 0.18777618
v 0.14304707 0.00352010 0.18444410
v -0.15786910 0.01645549 0.18802292
v -0.14090226 0.00642107 0.18464703
v -0.19453856 -0.08949734 0.17788011
v -0.17545559 -0.09356723 0.17349419
v -0.24985728 -0.53762568 0.00666007
v -0.23172803 -0.53449857 0.01450301
v 0.35291707 -0.47361948 0.01042455
v 0.33481578 -0.47029935 0.01825271
v -0.38000543 -0.47382699 0.00010122
v -0.36172874 -0.46955569 0.00700619
v -0.19906457 -0.21917571 0.15244723
v -0.17961769 -0.21760674 0.14805209
v 0.44113949 -0.30488838 0.05920958
v 0.42483722 -0.30546908 0.07077932
v -0.19576824 0.00886725 0.19298248
v -0.17840857 -0.00011594 0.18875114
v -0.37537226 0.31382193 0.10154960
v -0.36388915 0.30203825 0.11291812
v 0.13633147 -0.46890942 0.06302476
v 0.11718249 -0.46314779 0.06330842
v 0.48068058 -0.13819043 0.09478207
v 0.46444822 -0.14088193 0.10614985
v -0.46221438 0.29284994 0.04758562
v -0.45128003 0.28345510 0.06144697
v 0.16131145 -0.57347883 0.00398235
v 0.14207154 -0.57049075 0.00854933
v -0.19575728 -0.55596779 0.00954654
v -0.17688216 -0.55195118 0.01479597
v -0.49240760 -0.29075599 0.02638450
v -0.47666637 -0.29221310 0.03863401
v -0.20354802 0.07899776 0.19739593
v -0.18759942 0.06693119 0.19739823
v -0.22712752 0.11111299 0.19658709
v -0.21165804 0.09845926 0.19732082
v 0.44566795 0.22725780 0.09385511
v 0.43174717 0.21867894 0.10536924
v 0.28653178 0.07191976 0.19249820
v 0.26907252 0.06254413 0.19518743
v 0.60374736 0.05311324 0.00090736
v 0.58836505 0.04823460 0.01272020
v 0.55165159 0.01241789 0.05269252
v 0.53820896 0.00818904 0.06688309
v -0.46975730 0.37954185 0.00244098
v -0.45815191 0.36818528 0.01411587
v -0.42480507 0.34457130 0.04994253
v -0.41462081 0.33425223 0.06371778
v -0.56100812 0.05413784 0.03602789
v -0.54801033 0.04802423 0.04994339
v -0.52226765 0.30254174 0.00270391
v -0.50935951 0.29236471 0.01409548
v 0.52208078 0.30463887 0.00197832
v 0.50815676 0.29559975 0.01313073
v 0.36341761 0.46998539 0.00841743
v 0.35241196 0.45695636 0.01886155
v -0.27120122 0.52789597 0.00965759
v -0.26416548 0.51286417 0.02081571
v -0.16915904 0.48795012 0.06982818
v -0.16455066 0.47251492 0.08168050
v -0.57211313 -0.06895115 0.02321780
v -0.55872828 -0.07341600 0.03739069
v 0.52722467 -0.00797110 0.07958894
v 0.51186982 -0.01221740 0.09167850
v 0.54039906 0.03115735 0.06062771
v 0.52707503 0.02660646 0.07483052
v 0.39454498 0.34884302 0.07134044
v 0.38338498 0.33935511 0.08495638
v 0.29269232 0.42121732 0.07370898
v 0.28336398 0.40906718 0.08656651
v 0.54043836 0.12434861 0.04358461
v 0.52766599 0.11871483 0.05790547
v 0.48321150 0.15668511 0.09389574
v 0.46908427 0.14981465 0.10627226
v 0.18923967 0.50280294 0.05494417
v 0.18254342 0.48876384 0.06751493
v -0.50779579 -0.25161742 0.03654096
v -0.49267167 -0.25412062 0.04938444
v -0.53152769 -0.28544887 0.00335329
v -0.51495797 -0.28659363 0.01449304
v -0.20225672 0.44350142 0.09372742
v -0.19595080 0.42786214 0.10447956
v 0.02015165 0.51618181 0.06538569
v 0.01839876 0.49982587 0.07675982
v 0.06681646 0.53142785 0.04854610
v 0.06375104 0.51595141 0.06083605
v -0.58443542 0.11919270 0.00722063
v -0.56884452 0.11190803 0.01740972
v -0.42514129 0.03335858 0.14631446
v -0.40878908 0.02656911 0.15561329
v -0.45561090 0.08475844 0.12348853
v -0.44054076 0.07741720 0.13439527
v -0.44389631 -0.02754146 0.13871729
v -0.42738800 -0.03300673 0.14859486
v -0.49512921 -0.06384866 0.10211578
v -0.47963129 -0.06860609 0.11382651
v -0.42307952 0.27156341 0.08939850
v -0.41070077 0.26109179 0.10110626
v 0.12661396 0.57960602 0.00780232
v 0.12184629 0.56262464 0.01722898
v 0.15309939 0.58510834 0.00141817
v 0.14770992 0.56848623 0.01114541
v -0.11759104 0.54955990 0.02741653
v -0.11525938 0.53424852 0.04006901
v 0.04598247 0.44574296 0.10771851
v 0.04324890 0.42849994 0.11747379
v 0.56347610 -0.07096181 0.03248989
v 0.55008227 -0.07446681 0.04692181
v -0.28260644 0.43773834 0.06642858
v -0.27515513 0.42472202 0.07965784
v 0.38417112 0.16083069 0.14969911
v 0.36894003 0.15177781 0.15897377
v 0.19247326 0.47134081 0.07889594
v 0.18508836 0.45631392 0.08983284
v 0.14518561 0.46903310 0.08605513
v 0.13914828 0.45308209 0.09649907
v -0.38772633 -0.04095942 0.16548445
v -0.36972596 -0.04638674 0.17230285
v -0.31170252 -0.47545072 0.02315937
v -0.29454776 -0.47340303 0.03323316
v -0.27977884 -0.44350137 0.06170499
v -0.26144999 -0.44038340 0.06907327
v 0.54931066 -0.24942015 0.00410629
v 0.53407024 -0.25141749 0.01690083
v 0.49308400 -0.27628693 0.03495106
v 0.47759685 -0.27766870 0.04752878
v 0.41055331 -0.24338002 0.11414401
v 0.39274872 -0.24398413 0.12323202
v 0.47374304 -0.30753614 0.03161938
v 0.45791167 -0.30821362 0.04382057
v -0.34234298 0.35020906 0.09985018
v -0.33171373 0.33730451 0.11082523
v -0.43032283 0.19282312 0.11624414
v -0.41671411 0.18375935 0.12775982
v -0.50051143 0.12445953 0.08333485
v -0.48690685 0.11711158 0.09601882
v -0.13959840 -0.42612008 0.08009667
v -0.12076392 -0.41945483 0.07920390
v 0.32089453 -0.05587851 0.18399613
v 0.30176336 -0.06071559 0.18724588
v 0.34094254 -0.05111652 0.18071549
v 0.32177258 -0.05588950 0.18382861
v 0.44656364 -0.23482252 0.09487619
v 0.42951783 -0.23595254 0.10527443
v 0.20231214 0.01191826 0.19352986
v 0.18457789 0.00328690 0.19021987
v 0.24324095 0.00766597 0.19595846
v 0.22490154 -0.00027038 0.19515807
v 0.35623820 0.35432574 0.09198340
v 0.34418124 0.34279965 0.10301694
v -0.13493662 0.24152697 0.18366420
v -0.12729469 0.22335995 0.18705834
v 0.48006219 -0.22109549 0.07379412
v 0.46424844 -0.22297688 0.08589145
v 0.51746804 -0.22327611 0.04064001
v 0.50242223 -0.22550504 0.05362521
v 0.19964227 -0.18597563 0.16019387
v 0.18022542 -0.18533609 0.15544654
v -0.33834787 0.08666324 0.18099157
v -0.32158087 0.07727619 0.18653334
v 0.23606430 0.27960153 0.16264146
v 0.22446190 0.26465317 0.16911379
v 0.22484754 0.22807171 0.17975691
v 0.21252865 0.21318174 0.18490411
v -0.44986079 -0.21153398 0.09863997
v -0.43295563 -0.21379134 0.10908411
v 0.29214772 -0.43311100 0.06455889
v 0.27402883 -0.43096311 0.07274746
v -0.26056866 0.35297443 0.12569072
v -0.25125248 0.33788747 0.13494016
v 0.39540799 0.02061325 0.16247602
v 0.37775986 0.01441219 0.16955064
v 0.25586795 0.31013099 0.14623222
v 0.24460673 0.29602775 0.15484870
v 0.33927603 0.34274497 0.10484746
v 0.32734139 0.33101745 0.11580143
v -0.06472321 0.42813196 0.11676129
v -0.06300854 0.41031346 0.12567873
v -0.06893193 0.39135603 0.13472931
v -0.06675502 0.37319402 0.14281401
v -0.22029220 -0.32837643 0.12700169
v -0.20097504 -0.32356320 0.12509375
v -0.29169040 -0.34215358 0.11385010
v -0.27246353 -0.33960097 0.11872569
v 0.28857353 -0.11355911 0.18325803
v 0.26875961 -0.11624663 0.18287622
v -0.21594598 0.00027678 0.19424046
v -0.19808168 -0.00806743 0.19089368
v 0.24451890 -0.33887967 0.12225200
v 0.22489807 -0.33554910 0.12422437
v 0.29664069 -0.38961218 0.08930029
v 0.27782420 -0.38687038 0.09549562
v 0.30130569 0.03280761 0.19282316
v 0.28304853 0.02484514 0.19462176
v 0.24327203 -0.04263404 0.19190814
v 0.22426000 -0.04848060 0.18982959
v 0.26324456 -0.03265357 0.19274830
v 0.24422138 -0.03881234 0.19236355
v -0.34715806 -0.46437935 0.01514530
v -0.33018113 -0.46206055 0.02545874
v 0.02863669 0.32244975 0.16295770
v 0.02649421 0.30335841 0.16851560
v 0.28685368 0.17614277 0.18020740
v 0.27215728 0.16397844 0.18620782
v -0.29764710 -0.19269454 0.16587761
v -0.27768737 -0.19350014 0.16683669
v -0.25399354 -0.20132291 0.16528636
v -0.23399896 -0.20170644 0.16511357
v 0.33655575 -0.39346486 0.07159660
v 0.31862701 -0.39181312 0.08030247
v -0.22034203 0.22041778 0.18215491
v -0.20833056 0.20495048 0.18621041
v -0.23488071 0.18270475 0.18919510
v -0.22123417 0.16838565 0.19214383
v -0.52086781 0.04033353 0.07803687
v -0.50645206 0.03415409 0.09044497
v 0.03056343 0.37931268 0.14152743
v 0.02848324 0.36083624 0.14889317
v -0.40104698 -0.22858155 0.12389452
v -0.38264383 -0.22982502 0.13162357
v -0.40015642 -0.27005541 0.10748515
v -0.38234077 -0.27081869 0.11653945
v 0.02764607 0.18938229 0.18889026
v 0.02444300 0.16965931 0.18972947
v 0.07865399 0.23399339 0.18511418
v 0.07283527 0.21499208 0.18736194
v 0.19503955 0.34893493 0.14382286
v 0.18602410 0.33312321 0.15210967
v -0.26012589 -0.45739727 0.05738088
v -0.24186706 -0.45448155 0.06500149
v 0.23340211 -0.40639406 0.09376337
v 0.21412988 -0.40203848 0.09685693
v 0.27634010 -0.26052775 0.15023606
v 0.25646572 -0.25830467 0.15039959
v -0.42474163 -0.14263349 0.13298911
v -0.40680684 -0.14565165 0.14130742
v -0.44117993 -0.39773927 0.00843685
v -0.42387716 -0.39643022 0.01837973
v -0.32948405 -0.10816359 0.17835917
v -0.31001480 -0.11174144 0.18120648
v -0.29027595 -0.10801186 0.18357891
v -0.27057390 -0.11144375 0.18347172
v 0.15042394 0.32912005 0.15813863
v 0.14272460 0.31206655 0.16519968
v 0.06858169 0.33081543 0.15963630
v 0.06444021 0.31227972 0.16590012
v -0.36517110 0.18998121 0.14974790
v -0.35101211 0.17936223 0.15906027
v -0.34900436 0.15743922 0.16461998
v -0.33375097 0.14673557 0.17188126
v -0.27008389 0.03508419 0.19566733
v -0.25223709 0.02611490 0.19666916
v -0.11020279 0.19920009 0.19054162
v -0.10255117 0.18080924 0.19232751
v 0.10472173 0.16886274 0.19273306
v 0.09592963 0.15090654 0.19224935
v -0.08256203 -0.54205074 0.02772639
v -0.06322136 -0.53811921 0.03095775
v -0.20419930 0.31399297 0.15623389
v -0.19536672 0.29741902 0.16310773
v 0.52744422 -0.12749089 0.05591706
v 0.51286418 -0.13047603 0.06927639
v 0.53629847 -0.19198677 0.03157574
v 0.52128454 -0.19435632 0.04457295
v -0.23523784 -0.24601367 0.15325953
v -0.21567114 -0.24389063 0.14971035
v 0.28314100 -0.29651387 0.13659359
v 0.26350271 -0.29426686 0.13963473
v 0.24827015 0.22413049 0.17796945
v 0.23534589 0.20978825 0.18318706
v 0.16412479 0.15373759 0.19462798
v 0.15183232 0.13797354 0.19521947
v 0.57847172 -0.13976511 0.00838227
v 0.56173359 -0.14192908 0.01911131
v -0.41262803 -0.42590011 0.01046263
v -0.39518933 -0.42402199 0.02007121
v -0.30827404 -0.50183797 0.00931724
v -0.29051327 -0.49874067 0.01797299
v -0.34236426 -0.26316721 0.13697905
v -0.32286816 -0.26248536 0.14138328
v -0.18569774 -0.23674455 0.14469782
v -0.16629412 -0.23436375 0.14047983
v -0.22197185 -0.22248405 0.15712551
v -0.20249830 -0.22096941 0.15283056
v 0.21234976 -0.53024982 0.02182212
v 0.19363728 -0.52761397 0.02836852
v -0.15740685 -0.41042858 0.08825915
v -0.13853995 -0.40390425 0.08706208
v -0.21770447 -0.40689636 0.09475089
v -0.19849051 -0.40199875 0.09735801
v 0.29461356 0.28332397 0.14861452
v 0.28210950 0.27040096 0.15736689
v 0.35356523 0.24505341 0.13895924
v 0.33976427 0.23404014 0.14835081
v -0.18802011 -0.50646361 0.04190010
v -0.16912621 -0.50213382 0.04682286
v -0.33545937 0.24948851 0.14576533
v -0.32258612 0.23737243 0.15511627
v 0.22954787 0.14530900 0.19376043
v 0.21494466 0.13179635 0.19578891
v 0.49830472 -0.06263678 0.09973379
v 0.48273488 -0.06630145 0.11173839
v 0.46771330 -0.07431374 0.12137200
v 0.45120621 -0.07787672 0.13208560
v -0.34054159 0.01723632 0.18345621
v -0.32245053 0.00978932 0.18760545
v -0.05874595 0.23468790 0.18426696
v -0.05529127 0.21525114 0.18746655
v -0.07112198 -0.59956281 0.00220451
v -0.05159925 -0.59693356 0.00565558
v 0.47665069 0.13706207 0.10185914
v 0.46231199 0.13024071 0.11401770
v -0.47367543 -0.26906188 0.05630512
v -0.45769497 -0.27085637 0.06819481
v -0.07645491 0.33551186 0.15769449
v -0.07356405 0.31685456 0.16429057
v -0.31722920 -0.37037058 0.09203328
v -0.29860382 -0.36812658 0.09896289
v -0.15808282 0.52275465 0.04310015
v -0.15423678 0.50790729 0.05593463
v -0.19230433 0.56116465 0.00952139
v -0.18776672 0.54519535 0.02067269
v -0.43995936 0.41533121 0.00207736
v -0.42989015 0.40399241 0.01511588
v 0.29397662 0.52169463 0.00502422
v 0.28415778 0.50723357 0.01474162
v -0.56918519 -0.01459079 0.03885324
v -0.55497585 -0.01986538 0.05190059
v -0.52369848 0.20141234 0.04459645
v -0.51103209 0.19323720 0.05773759
v -0.44328590 -0.00299437 0.13773329
v -0.42693035 -0.00894790 0.14758275
v -0.49495967 -0.03756484 0.10485175
v -0.47989027 -0.04269808 0.11695642
v -0.38392120 0.10476771 0.16316714
v -0.36761584 0.09584196 0.17054455
v -0.32764413 0.12757487 0.17720052
v -0.31184170 0.11707184 0.18351950
v -0.36358535 0.35315981 0.08880809
v -0.35311890 0.34109822 0.10084683
v -0.30360491 0.36213353 0.10641059
v -0.29391222 0.34851657 0.11739194
v 0.50471150 0.27319783 0.02393963
v 0.49247864 0.26563916 0.03783868
v 0.51497616 0.10157708 0.07376303
v 0.50110106 0.09583808 0.08697309
v 0.53079661 0.06883496 0.06358684
v 0.51774923 0.06373198 0.07785868
v 0.27819848 0.40904709 0.08862582
v 0.26832370 0.39553701 0.09957691
v -0.01807084 0.60626771 0.00066915
v -0.01859613 0.58971347 0.01187812
v -0.41764247 0.42409710 0.00996171
v -0.40758600 0.41211799 0.02242478
v -0.34969894 0.44295857 0.03002881
v -0.34122762 0.43080275 0.04346134
v 0.06286945 0.60133761 0.00170095
v 0.06006789 0.58439464 0.01195020
v -0.56891218 0.08946514 0.02133987
v -0.55621187 0.08313478 0.03543202
v -0.59850687 0.10017188 0.00035778
v -0.58280283 0.09296858 0.01043030
v -0.24829313 0.47585988 0.05452964
v -0.24203167 0.46201694 0.06753453
v -0.22484736 0.43478016 0.09256762
v -0.21782394 0.41943224 0.10329482
v 0.48486564 -0.24079816 0.06198081
v 0.46961090 -0.24279851 0.07475781
v 0.25560558 0.28786838 0.15565788
v 0.24381111 0.27362082 0.16326430
v 0.52735762 -0.04720415 0.07800331
v 0.51222126 -0.05080658 0.09056807
v 0.51516042 0.01096982 0.08663520
v 0.49990912 0.00632713 0.09871011
v 0.11931923 0.49767284 0.06817109
v 0.11454069 0.48244826 0.08022669
v 0.15523084 0.48557617 0.07300101
v 0.14918244 0.47048474 0.08464685
v 0.49306185 -0.20231641 0.06813472
v 0.47734844 -0.20443458 0.08032332
v -0.53150377 -0.20718660 0.03256231
v -0.51656841 -0.21001613 0.04555804
v 0.45065098 0.01910109 0.13214979
v 0.43417582 0.01359432 0.14205962
v 0.42936536 0.02819855 0.14402900
v 0.41300225 0.02229599 0.15389655
v -0.52724109 0.15124246 0.05222862
v -0.51504765 0.14397814 0.06631796
v -0.49966525 0.14875742 0.08120073
v -0.48603304 0.14104448 0.09363590
v 0.33571330 -0.25879201 0.14105628
v 0.31621833 -0.25772596 0.14538867
v 0.39345052 -0.27780802 0.10741896
v 0.37563091 -0.27786103 0.11649743
v 0.49827138 0.15951433 0.07976201
v 0.48482256 0.15294442 0.09302570
v 0.45315313 0.16322528 0.11312809
v 0.43900741 0.15588670 0.12521130
v 0.32408052 -0.00234914 0.18660339
v 0.30557409 -0.00904785 0.19015294
v 0.32060964 0.02069696 0.18866361
v 0.30235977 0.01330586 0.19216701
v -0.42181424 0.08288110 0.14543241
v -0.40626052 0.07515004 0.15534566
v 0.59578297 -0.01179565 0.01082090
v 0.58106874 -0.01566608 0.02380054
v 0.60443586 -0.03332723 0.00192602
v 0.58969901 -0.03695535 0.01494991
v 0.06649203 0.47523022 0.08877616
v 0.06316788 0.45845443 0.09914355
v 0.24879894 0.47545527 0.05452337
v 0.24080277 0.46264411 0.06763427
v 0.39709195 -0.32947046 0.07462117
v 0.38005502 -0.32943829 0.08509503
v 0.28173262 -0.04812357 0.19097881
v 0.26246309 -0.05345951 0.19056258
v 0.26393682 -0.00770299 0.19480624
v 0.24523642 -0.01479090 0.19467797
v -0.42026777 -0.25422705 0.10304577
v -0.40306962 -0.25568076 0.11314875
v -0.45604066 -0.24638878 0.08322793
v -0.43914308 -0.24803918 0.09379714
v 0.08883507 0.44460958 0.10549157
v 0.08454240 0.42796937 0.11572076
v 0.10351126 0.41186822 0.12305565
v 0.09841828 0.39464493 0.13185221
v 0.42971863 0.33887909 0.04903989
v 0.41840111 0.33001709 0.06294452
v -0.35997692 0.01560233 0.17649376
v -0.34239496 0.00846679 0.18281190
v -0.34938906 -0.06762476 0.17767202
v -0.33029802 -0.07240255 0.18123078
v -0.24140481 -0.43188161 0.07892004
v -0.22253416 -0.42793690 0.08423962
v -0.27901718 0.19783146 0.17862083
v -0.26508596 0.18472516 0.18446087
v -0.31240028 0.16574284 0.17471525
v -0.29747463 0.15413965 0.18123836
v -0.26815543 -0.12018757 0.18242704
v -0.24840937 -0.12322948 0.18153275
v -0.28722748 -0.15445681 0.17623186
v -0.26732213 -0.15632252 0.17673784
v -0.51094239 -0.32223706 0.00223951
v -0.49346699 -0.32197119 0.01196061
v -0.47287905 -0.30759839 0.03215660
v -0.45699583 -0.30869059 0.04425992
v 0.18543872 -0.31119508 0.12531999
v 0.16631029 -0.30644206 0.12193298
v 0.20665223 -0.35704943 0.11355508
v 0.18724881 -0.35224968 0.11289972
v -0.44855899 0.17843428 0.11110816
v -0.43475866 0.16965984 0.12261989
v -0.44211457 -0.07530319 0.13723269
v -0.42531743 -0.07980972 0.14710727
v -0.40476519 0.35119191 0.06255414
v -0.39486267 0.34054220 0.07628307
v -0.40640605 0.31412056 0.08040434
v -0.39558772 0.30349708 0.09344525
v 0.16166142 0.03960046 0.19103489
v 0.14523953 0.02856320 0.18812625
v 0.36918562 -0.10499361 0.16826778
v 0.35026941 -0.10809624 0.17396959
v -0.31447885 -0.34698681 0.10448285
v -0.29577323 -0.34517827 0.11132311
v -0.37719152 -0.32578136 0.08927317
v -0.35931635 -0.32530626 0.09822931
v -0.02103541 0.44365750 0.11084652
v -0.02099245 0.42580471 0.11985962
v 0.24705690 -0.37401234 0.10604152
v 0.22766170 -0.37043770 0.10935934
v 0.21220618 -0.39446682 0.09967899
v 0.19289698 -0.38928952 0.10023596
v 0.33106032 0.07488248 0.18445079
v 0.31358398 0.06619509 0.18881734
v -0.30794697 0.40419875 0.07918610
v -0.29919782 0.39088823 0.09127918
v -0.26506288 0.43287200 0.07793657
v -0.25749983 0.41883782 0.09001142
v -0.00103572 0.34818712 0.15402545
v -0.00164944 0.32928021 0.16051483
v -0.12807164 0.30287462 0.16839916
v -0.12218919 0.28464661 0.17415213
v -0.12764978 0.28072697 0.17524721
v -0.12140630 0.26227273 0.17976604
v 0.16456614 0.54894560 0.02072388
v 0.15895639 0.53449216 0.03335672
v -0.32841123 0.28785967 0.13638558
v -0.31601269 0.27465149 0.14485791
v -0.35783313 0.24887244 0.13583628
v -0.34465296 0.23712674 0.14523212
v 0.47653955 -0.11673792 0.10331863
v 0.46035262 -0.11975088 0.11467052
v 0.21489539 -0.45821559 0.06777684
v 0.19578779 -0.45381197 0.07170973
v -0.03882536 0.26404764 0.17848292
v -0.03696887 0.24449399 0.18224700
v -0.30704329 -0.23290813 0.15348300
v -0.28719455 -0.23280486 0.15592780
v 0.22052096 -0.07622836 0.18598656
v 0.20162271 -0.08061273 0.18112927
v 0.24040264 -0.06797632 0.18829559
v 0.22111064 -0.07291657 0.18645917
v -0.45884312 -0.18760169 0.09882165
v -0.44194769 -0.19017121 0.10920926
v 0.38707145 0.46489135 0.00166516
v 0.37593216 0.45248124 0.01270443
v 0.17657448 0.38433832 0.13224546
v 0.16845518 0.36776811 0.13995680
v 0.17808751 0.18686874 0.19072037
v 0.16620255 0.17096176 0.19310273
v 0.13319901 0.20149902 0.19021724
v 0.12356937 0.18408057 0.19217371
v -0.36845050 -0.44914129 0.01668897
v -0.35151231 -0.44730511 0.02716208
v -0.45352444 0.27955016 0.06173366
v -0.44251611 0.27025232 0.07560186
v 0.06420313 0.39608596 0.13259376
v 0.06061548 0.37815733 0.14069642
v -0.02929416 0.40714407 0.12870049
v -0.02888904 0.38895267 0.13699923
v -0.03374052 0.37157726 0.14450003
v -0.03294833 0.35301300 0.15189602
v 0.15373147 0.27844379 0.17489680
v 0.14479477 0.26116016 0.17951974
v 0.14908057 0.21679748 0.18759199
v 0.13908745 0.19968008 0.19025513
v -0.27465331 0.33723671 0.12895509
v -0.26469230 0.32274392 0.13847861
v 0.26735710 -0.28115359 0.14445545
v 0.24757235 -0.27823427 0.14448737
v 0.25450184 -0.32030788 0.12967004
v 0.23482752 -0.31723912 0.13153115
v -0.13839448 0.34106697 0.15447580
v -0.13243075 0.32323629 0.16129200
v 0.41049007 -0.05443778 0.15670115
v 0.39220836 -0.05872800 0.16358104
v 0.43970864 -0.02057067 0.14071885
v 0.42288381 -0.02531774 0.15043227
v 0.25789999 -0.52997714 0.01098856
v 0.23914026 -0.52666384 0.01707581
v 0.08724665 -0.55834304 0.02000115
v 0.06764172 -0.55550155 0.02274573
v -0.18944722 0.14072247 0.19594613
v -0.17585194 0.12605897 0.19627843
v -0.24612536 -0.02411103 0.19352110
v -0.22733242 -0.03089705 0.19266346
v -0.41935511 -0.23499806 0.11170656
v -0.40183302 -0.23660643 0.12121179
v -0.40356511 -0.20699054 0.12817194
v -0.38515284 -0.20866132 0.13579800
v 0.01760147 0.28607706 0.17344612
v 0.01594881 0.26660202 0.17768305
v 0.29392609 -0.33089081 0.11879363
v 0.27466313 -0.32872545 0.12371395
v 0.36128184 0.17093472 0.15655335
v 0.34620527 0.16122307 0.16540440
v 0.50923317 -0.20415520 0.05319187
v 0.49418365 -0.20647480 0.06615687
v 0.27398651 -0.42398176 0.07741422
v 0.25518949 -0.42063765 0.08336812
v -0.19494201 0.21181322 0.18591287
v -0.18350569 0.19583710 0.18964573
v 0.40415863 -0.10599103 0.15296184
v 0.38608636 -0.10903852 0.16096596
v -0.39691629 -0.33150159 0.07394750
v -0.37992062 -0.33165836 0.08448708
v -0.15877028 0.53944847 0.02921689
v -0.15505043 0.52456911 0.04205150
v 0.43195167 -0.42286398 0.00215955
v 0.41450994 -0.42111433 0.01178684
v -0.45041841 -0.36206619 0.01764405
v -0.43434163 -0.36201259 0.02953918
v 0.51047790 -0.30346775 0.00974592
v 0.49297324 -0.30295676 0.01940438
v -0.29627605 0.52689982 0.00184644
v -0.28855877 0.51191002 0.01260327
v 0.47053143 0.28366891 0.04582025
v 0.45855764 0.27572938 0.05973256
v -0.22373320 0.06225439 0.19705545
v -0.20706387 0.05120482 0.19704105
v -0.17997158 0.04811087 0.19483531
v -0.16374425 0.03705160 0.19105028
v -0.36799150 -0.07958707 0.17234140
v -0.34897573 -0.08394238 0.17674502
v -0.13506247 0.16157989 0.19375436
v -0.12448257 0.14461943 0.19314734
v 0.24669865 0.08219787 0.19583029
v 0.22982618 0.07152577 0.19700766
v 0.22470756 0.07264496 0.19716385
v 0.20793026 0.06176030 0.19724461
v -0.12916364 -0.48390656 0.05578750
v -0.11015039 -0.47783447 0.05704680
v -0.16512777 -0.45298643 0.07259232
v -0.14613865 -0.44676837 0.07343433
v 0.14178744 0.14647768 0.19451969
v 0.13003784 0.13030243 0.19400218
v 0.11673644 0.11892170 0.19248124
v 0.10487641 0.10283471 0.19176822
v 0.35191930 0.27011184 0.13207963
v 0.33844794 0.25881328 0.14160985
v -0.19636180 -0.40144401 0.09748531
v -0.17736528 -0.39525861 0.09657247
v -0.23172773 -0.37071813 0.10939755
v -0.21233223 -0.36646232 0.11177723
v -0.46141962 -0.06401997 0.12791137
v -0.44426499 -0.06858034 0.13712451
v -0.47241177 -0.10135569 0.11046910
v -0.45612813 -0.10539493 0.12135430
v -0.17221103 -0.02420908 0.18461989
v -0.15416541 -0.03173319 0.18041235
v 0.18047321 -0.00057206 0.18914966
v 0.16274145 -0.00895848 0.18524934
v -0.45179615 -0.34344496 0.02713145
v -0.43580270 -0.34383103 0.03913230
v 0.38952287 -0.29839193 0.09805805
v 0.37174175 -0.29819789 0.10720979
v 0.43047847 -0.27289156 0.08713732
v 0.41371588 -0.27374139 0.09801176
v -0.28258582 0.09393507 0.19135270
v -0.26596107 0.08323181 0.19435567
v -0.38203948 0.18085916 0.14494295
v -0.36753973 0.17067456 0.15421610
v 0.34445001 -0.37286687 0.07921935
v 0.32641046 -0.37145497 0.08773646
v -0.22643480 0.24290649 0.17521424
v -0.21502744 0.22750487 0.18092582
v -0.37299425 0.47607155 0.00165566
v -0.36335126 0.46218177 0.01233492
v -0.13291227 0.46150633 0.09172464
v -0.12897522 0.44503394 0.10236043
v -0.58012155 0.01863490 0.02372043
v -0.56697321 0.01279946 0.03761391
v -0.54035960 -0.01718472 0.06680898
v -0.52612911 -0.02247074 0.07982862
v -0.49317142 0.26975194 0.03507159
v -0.48184046 0.26087147 0.04895347
v 0.41021388 0.37831597 0.04245542
v 0.39910808 0.36870988 0.05603276
v -0.26223233 0.50893771 0.02401238
v -0.25592544 0.49509035 0.03699057
v 0.03454588 0.57176841 0.02242696
v 0.03259579 0.55596355 0.03452504
v -0.34924723 0.39027622 0.07025603
v -0.33988067 0.37819478 0.08315046
v -0.39390862 0.38740626 0.04805409
v -0.38401504 0.37568203 0.06088451
v 0.22294614 0.51726509 0.03506484
v 0.21535383 0.50319524 0.04707968
v 0.52690380 0.14282241 0.05418024
v 0.51428794 0.13687576 0.06851333
v 0.55471520 0.13035729 0.02763876
v 0.54193349 0.12474294 0.04195891
v 0.49223065 0.08456931 0.09575823
v 0.47754606 0.07864390 0.10797348
v 0.44587574 0.12858049 0.12571905
v 0.43079406 0.12129461 0.13664695
v -0.07957487 0.56688858 0.01962936
v -0.07834684 0.55122196 0.03199904
v -0.02876064 0.57390932 0.02158919
v -0.02907747 0.55788533 0.03355126
v 0.56886407 -0.02946291 0.03591011
v 0.55514148 -0.03321968 0.04996490
v 0.54812187 -0.06920379 0.05039575
v 0.53404611 -0.07269115 0.06416787
v -0.41668443 -0.31618964 0.07023598
v -0.39981630 -0.31665429 0.08096958
v -0.45872868 0.03537913 0.12622717
v -0.44266837 0.02879804 0.13616276
v -0.49196972 0.01279963 0.10404451
v -0.47708895 0.00690080 0.11603311
v -0.40289135 0.11912095 0.15245864
v -0.38710939 0.11032554 0.16103362
v 0.56834683 -0.20814844 0.00176304
v 0.55231920 -0.21016978 0.01355242
v -0.15640188 0.37305070 0.13954407
v -0.15018690 0.35590153 0.14774408
v 0.33492440 -0.33494059 0.10398074
v 0.31639446 -0.33362212 0.11138770
v 0.35778722 -0.28861906 0.11914490
v 0.33973747 -0.28859580 0.12775688
v 0.12142893 0.30247190 0.16932170
v 0.11474133 0.28427066 0.17421568
v -0.19719204 0.03348284 0.19601785
v -0.18030369 0.02353214 0.19205208
v 0.29309092 0.49055897 0.02253582
v 0.28438290 0.47834670 0.03576423
v -0.35707148 0.31014433 0.11363722
v -0.34556882 0.29788325 0.12446841
v -0.54032400 0.16323294 0.03608022
v -0.52826656 0.15590137 0.05025153
v -0.54197675 0.11405423 0.04398965
v -0.52948989 0.10730584 0.05807857
v -0.51460402 -0.20900793 0.04755307
v -0.49928152 -0.21173710 0.06011224
v -0.56358066 -0.19085919 0.00969191
v -0.54751477 -0.19345349 0.02131589
v -0.31049255 -0.04450374 0.18677851
v -0.29149439 -0.05022382 0.18929059
v -0.30130476 0.00473570 0.19156974
v -0.28294072 -0.00276826 0.19410209
v 0.10408707 0.51021657 0.06041631
v 0.09982802 0.49501386 0.07269223
v 0.14997175 0.51627060 0.04951135
v 0.14449813 0.50175007 0.06212697
v -0.60333042 -0.05262966 0.00145748
v -0.58774149 -0.05694657 0.01321798
v -0.32768581 0.38837279 0.08122020
v -0.31834291 0.37553691 0.09338204
v -0.28767741 0.39834653 0.09151937
v -0.27880598 0.38413191 0.10243735
v -0.02027322 0.47860774 0.09034179
v -0.02034644 0.46144374 0.10060589
v 0.48044955 0.21920253 0.07235306
v 0.46737769 0.21178034 0.08554388
v 0.51453978 0.18560375 0.05761294
v 0.50140082 0.17901243 0.07117326
v 0.46293473 -0.05195153 0.12737466
v 0.44633862 -0.05589361 0.13781444
v 0.08621792 0.42429827 0.11767457
v 0.08186211 0.40689873 0.12652007
v -0.31576929 -0.29703801 0.12979670
v -0.29653341 -0.29591029 0.13515103
v 0.43381830 -0.32783012 0.05009292
v 0.41759290 -0.32816430 0.06177986
v 0.42286512 -0.37043982 0.03227302
v 0.40670366 -0.37023008 0.04405111
v -0.45250065 0.31345051 0.04434492
v -0.44179379 0.30376623 0.05818464
v -0.45811151 0.34351492 0.02363977
v -0.44768698 0.33348461 0.03744854
v -0.47769852 -0.07710913 0.11312278
v -0.46138273 -0.08154673 0.12380279
v -0.54217675 -0.06163034 0.05884964
v -0.52794962 -0.06628140 0.07211299
v 0.55673144 0.05942733 0.03926151
v 0.54341561 0.05454247 0.05336069
v 0.49436509 0.01058145 0.10239564
v 0.47898889 0.00580336 0.11425743
v 0.48422192 0.06684020 0.10409409
v 0.46939456 0.06104163 0.11619723
v 0.29322506 0.30491692 0.13945076
v 0.28108305 0.29168284 0.14824796
v -0.38331602 -0.24000770 0.12877482
v -0.36488643 -0.24098074 0.13647959
v -0.01748169 0.33287391 0.15932508
v -0.01728187 0.31382473 0.16541185
v -0.16122111 0.43795044 0.10413264
v -0.15597811 0.42178882 0.11468124
v -0.36847141 -0.02686135 0.17270121
v -0.35051549 -0.03275255 0.17924634
v -0.39693953 0.33496888 0.07754369
v -0.38626472 0.32392312 0.09034992
v -0.39350834 0.30056772 0.09602300
v -0.38163403 0.28923039 0.10744340
v 0.52089447 -0.18630304 0.04687662
v 0.50604929 -0.18877592 0.06004725
v -0.24291429 0.44461532 0.07892067
v -0.23602652 0.43022305 0.09097808
v -0.22893464 -0.11043610 0.18225587
v -0.20985608 -0.11341481 0.17705050
v 0.52331959 0.28067318 0.00975558
v 0.50949839 0.27209794 0.02139172
v 0.56759104 -0.09300119 0.02251605
v 0.55411151 -0.09621214 0.03693659
v -0.01535857 0.23398689 0.18380497
v -0.01508202 0.21427074 0.18714518
v -0.00948240 0.21308801 0.18717109
v -0.00958569 0.19312189 0.18831277
v 0.43342861 0.09143144 0.13794285
v 0.41757852 0.08443866 0.14793463
v 0.42358759 0.05247394 0.14618829
v 0.40736430 0.04604422 0.15595679
v 0.15155338 0.35384543 0.14819838
v 0.14409743 0.33676496 0.15545279
v -0.38969091 -0.19381318 0.13759017
v -0.37136799 -0.19583164 0.14534622
v 0.43601435 0.29368992 0.06821679
v 0.42412457 0.28515956 0.08184860
v 0.45840226 0.25601280 0.07036644
v 0.44590397 0.24801689 0.08377607
v 0.37697618 0.12434155 0.16328498
v 0.36039948 0.11535407 0.16994818
v -0.54451395 -0.08285322 0.05055107
v -0.53025372 -0.08713774 0.06390205
v -0.52454098 -0.13634171 0.05637549
v -0.50992103 -0.13996330 0.06953227
v 0.22022927 -0.18932087 0.16489708
v 0.20086987 -0.18844952 0.15995598
v 0.19792879 -0.22860604 0.14979929
v 0.17851008 -0.22643331 0.14553868
v 0.23053322 -0.21080081 0.16214556
v 0.21106127 -0.20943204 0.15779474
v -0.45167698 0.15716673 0.11654123
v -0.43711196 0.14857636 0.12721952
v -0.48606905 0.11105806 0.09752066
v -0.47188225 0.10368749 0.10953605
v 0.22621731 0.44853093 0.08319987
v 0.21805381 0.43448051 0.09485761
v -0.19174780 0.18840387 0.19032274
v -0.17956496 0.17280112 0.19316746
v -0.25366832 0.16771309 0.18923263
v -0.23916242 0.15432644 0.19244766
v -0.03829709 0.42574547 0.11915544
v -0.03757988 0.40785338 0.12806154
v -0.46824218 -0.36896365 0.00676173
v -0.45027430 -0.36741826 0.01540621
v -0.48692648 -0.19735895 0.07423337
v -0.47110833 -0.20011063 0.08615706
v -0.19870908 -0.17685474 0.16191019
v -0.17930936 -0.17691345 0.15705145
v 0.26895064 -0.48516594 0.03467265
v 0.25078493 -0.48273545 0.04267639
v 0.39931236 -0.12963659 0.14923734
v 0.38122726 -0.13233138 0.15733841
v 0.38198216 -0.16498738 0.14827838
v 0.36355295 -0.16696271 0.15578984
v -0.14445083 0.31594768 0.16356815
v -0.13790621 0.29809684 0.16977101
v -0.33385779 0.19300317 0.16210005
v -0.31940524 0.18143462 0.16966657
v -0.41563031 -0.37830624 0.03337947
v -0.39926539 -0.37807420 0.04487276
v -0.40711985 -0.44714612 0.00208781
v -0.38976161 -0.44503531 0.01179326
v 0.02054181 0.60473315 0.00167422
v 0.01901526 0.58837215 0.01307366
v 0.17217435 0.56841883 0.00820860
v 0.16618339 0.55226977 0.01837108
v -0.13698397 0.58863754 0.00174522
v -0.13401548 0.57136382 0.01137678
v 0.59326077 -0.05317529 0.00983304
v 0.57724905 -0.05626625 0.02141020
v -0.57450028 -0.15182061 0.00927360
v -0.55795888 -0.15460816 0.02016267
v 0.56098205 0.22756497 0.00208380
v 0.54842291 0.22092291 0.01615899
v -0.51673118 0.08883629 0.07387355
v -0.50342772 0.08215416 0.08722747
v -0.31893826 -0.18359178 0.16371362
v -0.29939894 -0.18529481 0.16762192
v 0.22303862 0.04785975 0.19682189
v 0.20568382 0.03792554 0.19653456
v 0.05027743 0.15318043 0.19054702
v 0.04431280 0.13409647 0.19097802
v 0.01295367 0.17540686 0.18922266
v 0.01083692 0.15556924 0.19061834
v 0.54962225 -0.22519982 0.01182624
v 0.53429691 -0.22733585 0.02449634
v 0.16073830 0.08905361 0.19549587
v 0.14610118 0.07573374 0.19261564
v -0.42226755 0.23263218 0.10552971
v -0.40927091 0.22269304 0.11703018
v -0.45416062 0.24471281 0.07966254
v -0.44178501 0.23527601 0.09222243
v 0.39013626 0.24388020 0.12001507
v 0.37684778 0.23428646 0.13147528
v 0.35018947 0.37770220 0.07918830
v 0.33884867 0.36624360 0.09102244
v 0.31456105 0.35265210 0.10800728
v 0.30315590 0.34036292 0.11890950
v 0.24142071 0.38658222 0.11349802
v 0.23211512 0.37236092 0.12403940
v -0.15839870 -0.53720004 0.02679576
v -0.13939720 -0.53279426 0.03121078
v 0.45432198 -0.09006803 0.12669430
v 0.43780003 -0.09353680 0.13741589
v -0.12039127 0.11701365 0.19256311
v -0.10844345 0.10099010 0.19188813
v -0.16386071 0.10919700 0.19625093
v -0.14999073 0.09487936 0.19464198
v -0.09698018 0.21709506 0.18793911
v -0.09076313 0.19822926 0.19026072
v -0.29090948 -0.21649084 0.15987597
v -0.27096056 -0.21669998 0.16127489
v -0.32996354 0.14960137 0.17250941
v -0.31455927 0.13862510 0.17900479
v -0.30699749 0.12180139 0.18393156
v -0.29085552 0.11082543 0.18828186
v 0.30240826 -0.36713120 0.09850448
v 0.28350595 -0.36479532 0.10460418
v 0.31406540 -0.40122361 0.07732860
v 0.29582381 -0.39909290 0.08524469
v 0.36275653 -0.41324080 0.04691333
v 0.34515951 -0.41151570 0.05625832
v 0.32803072 -0.44918872 0.03720350
v 0.31042883 -0.44726286 0.04649998
v 0.19925026 -0.49182640 0.04952912
v 0.18014627 -0.48772603 0.05379347
v -0.10962991 0.23765511 0.18476333
v -0.10325925 0.21894389 0.18780712
v -0.15069871 0.22290130 0.18643155
v -0.14175728 0.20534521 0.18986586
v -0.27287391 -0.35983514 0.10923300
v -0.25369785 -0.35692295 0.11410724
v -0.34813494 0.06482043 0.18013578
v -0.33099772 0.05625061 0.18586585
v -0.35899798 0.21137077 0.14636044
v -0.34518059 0.20030906 0.15567056
v -0.39678697 -0.35238515 0.06186888
v -0.37981297 -0.35214996 0.07244186
v 0.37542830 0.20836665 0.13993843
v 0.36087386 0.19831051 0.14926595
v 0.42096306 0.16255454 0.13311996
v 0.40543923 0.15395967 0.14234486
v -0.41771105 -0.29596882 0.08168887
v -0.40079882 -0.29682002 0.09232898
v -0.18423048 0.51571869 0.04503446
v -0.17977294 0.50101726 0.05783908
v 0.46713188 0.19202105 0.09492868
v 0.45274710 0.18419940 0.10641171
v 0.01169758 0.30699903 0.16749088
v 0.01042475 0.28784215 0.17309030
v -0.52664630 -0.15940595 0.04846024
v -0.51201581 -0.16281392 0.06166230
v 0.35283916 -0.09104559 0.17545971
v 0.33343531 -0.09446789 0.17888583
v 0.41885543 0.43579199 0.00254666
v 0.40780063 0.42518258 0.01539936
v 0.40748174 0.39953836 0.03075931
v 0.39686647 0.38991250 0.04470990
v -0.42595762 0.00854410 0.14703054
v -0.40953559 0.00224215 0.15654696
v -0.39177729 0.03065999 0.16383873
v -0.37442043 0.02356001 0.17078780
v -0.43637135 0.35653719 0.03416081
v -0.42621109 0.34619255 0.04793460
v -0.18944134 0.49977316 0.05742816
v -0.18461357 0.48515060 0.07018879
v -0.14563598 0.49398119 0.06800388
v -0.14178777 0.47830763 0.07981450
v -0.35449705 0.40767643 0.05450702
v -0.34554616 0.39584767 0.06792052
v -0.26927270 0.47304780 0.04669249
v -0.26247645 0.45954605 0.05978728
v -0.34850024 0.48028066 0.00865349
v -0.33915028 0.46590219 0.01893931
v 0.00016056 0.59587106 0.00806419
v -0.00082387 0.57930922 0.01923096
v 0.05285184 0.56037130 0.02854091
v 0.05033062 0.54465474 0.04064847
v 0.17393972 0.51798839 0.04468229
v 0.16781446 0.50374374 0.05731285
v 0.13977480 0.54606971 0.02683910
v 0.13482332 0.53136404 0.03945600
v -0.55466203 -0.04660513 0.04891553
v -0.54120958 -0.05156270 0.06285879
v 0.56907299 0.01178898 0.03574488
v 0.55546472 0.00760527 0.04979022
v -0.48156839 0.28922731 0.03395370
v -0.47048799 0.28000700 0.04781626
v -0.54534521 0.26428895 0.00108273
v -0.53253061 0.25488247 0.01321797
v -0.03477561 0.49477692 0.07925277
v -0.03445684 0.47774377 0.08972798
v -0.03920735 0.55837044 0.03184653
v -0.03912581 0.54236987 0.04384382
v -0.18954597 0.41314065 0.11430554
v -0.18309346 0.39712559 0.12439727
v -0.24875770 0.40443220 0.10133779
v -0.24080967 0.38959078 0.11213227
v 0.46356995 0.32681035 0.02823559
v 0.45192884 0.31838847 0.04214661
v -0.55403909 0.14904691 0.02460738
v -0.54182731 0.14192642 0.03875415
v -0.55719266 0.20040584 0.01389665
v -0.54409479 0.19241517 0.02672455
v -0.21816793 0.56393785 0.00207372
v -0.21315346 0.54877616 0.01411275
v -0.19924458 0.52850285 0.03224811
v -0.19455385 0.51386119 0.04503792
v 0.52986716 0.09203102 0.06048019
v 0.51688152 0.08670668 0.07472746
v 0.51168866 0.13962296 0.07059598
v 0.49819810 0.13338186 0.08397556
v 0.53088827 -0.26527747 0.01280845
v 0.51417944 -0.26604738 0.02377122
v -0.50970095 0.18639159 0.06109312
v -0.49828436 0.17883273 0.07566999
v 0.51947867 -0.02708711 0.08721199
v 0.50352117 -0.03099682 0.09861518
v 0.51539889 -0.06548807 0.08390121
v 0.50022460 -0.06904290 0.09643373
v -0.10430338 0.56415777 0.01799726
v -0.10238872 0.54858545 0.03039875
v 0.48313279 0.19814970 0.08064954
v 0.46974149 0.19099735 0.09366786
v 0.46154493 0.23442740 0.07878587
v 0.44876405 0.22668128 0.09207521
v -0.26822324 0.31663745 0.14040209
v -0.25786548 0.30205376 0.14934596
v -0.31633089 0.32531962 0.12267352
v -0.30550080 0.31200738 0.13294258
v -0.41977402 -0.10826301 0.14478976
v -0.40173697 -0.11192163 0.15261529
v -0.40535230 -0.07652964 0.15713913
v -0.38749591 -0.08099699 0.16495910
v 0.31716665 0.41133689 0.06976625
v 0.30717857 0.39942786 0.08235090
v 0.30734085 0.37535973 0.09768297
v 0.29641025 0.36263578 0.10857257
v 0.12525555 0.38376168 0.13602104
v 0.11933395 0.36666229 0.14453606
v 0.12379568 0.41649339 0.11981669
v 0.11803734 0.39945438 0.12856161
v -0.47235568 0.07347319 0.11249124
v -0.45748494 0.06648933 0.12389505
v -0.44117083 0.04680446 0.13604676
v -0.42523243 0.03991040 0.14596639
v -0.45471904 -0.30398582 0.04902126
v -0.43866264 -0.30513103 0.06088888
v 0.18877592 -0.52630926 0.03008672
v 0.16964898 -0.52264217 0.03463345
v 0.34987231 0.45381171 0.02175316
v 0.34008805 0.44257940 0.03509720
v 0.10208332 -0.54300029 0.02722149
v 0.08258843 -0.53930613 0.02972394
v 0.29895941 -0.15349728 0.17461093
v 0.27907531 -0.15500679 0.17612882
v 0.26621521 -0.12143425 0.18217412
v 0.24640185 -0.12397255 0.18120069
v -0.30186871 -0.25711306 0.14792880
v -0.28208972 -0.25632176 0.15077929
v -0.34605773 -0.23865829 0.14374169
v -0.32652782 -0.23879968 0.14804550
v 0.29544972 0.23589276 0.16536639
v 0.28169345 0.22300427 0.17204560
v -0.28017572 -0.42318024 0.07525424
v -0.26158341 -0.41989968 0.08185152
v -0.26009390 -0.41744012 0.08356639
v -0.24122071 -0.41371087 0.08903040
v 0.34448121 -0.16671235 0.16227517
v 0.32503212 -0.16810319 0.16672023
v 0.49257826 0.04816632 0.09968926
v 0.47763675 0.04273858 0.11182396
v 0.46500848 0.09511907 0.11589563
v 0.44985511 0.08869618 0.12725705
v -0.02257144 -0.61292872 0.00078766
v -0.00262216 -0.61231243 0.00205510
v 0.09087127 0.53768726 0.04055009
v 0.08717531 0.52241278 0.05291900
v -0.29939788 -0.40801787 0.07810482
v -0.28091495 -0.40519822 0.08520346
v -0.29758402 -0.44912038 0.05064163
v -0.27974009 -0.44668174 0.05933686
v 0.46065729 -0.29575598 0.04968852
v 0.44479852 -0.29668756 0.06183724
v 0.40397751 -0.30767409 0.08351221
v 0.38689445 -0.30787825 0.09390872
v 0.55528908 0.08370769 0.03619888
v 0.54209748 0.07859753 0.05033492
v 0.08292585 0.50369066 0.06774191
v 0.07919272 0.48813000 0.07973731
v 0.10777754 0.48178579 0.08135629
v 0.10302103 0.46539285 0.09177776
v 0.03193946 0.41428543 0.12510586
v 0.02965348 0.39647719 0.13391499
v 0.54348257 0.24305754 0.01057687
v 0.53030699 0.23570647 0.02370416
v 0.55956456 0.20345394 0.01074152
v 0.54585305 0.19682100 0.02370140
v 0.15075539 0.43607450 0.10614429
v 0.14421711 0.41999529 0.11607755
v 0.11134804 0.44962281 0.10088525
v 0.10621421 0.43325255 0.11116234
v -0.47920518 -0.21720709 0.07538596
v -0.46337985 -0.21971283 0.08735426
v -0.33125870 -0.46040165 0.02631301
v -0.31405981 -0.45823384 0.03628592
v 0.44355142 -0.35896824 0.02365078
v 0.42764110 -0.35889564 0.03576757
v 0.41871599 -0.39069173 0.02346439
v 0.40257065 -0.39026450 0.03525870
v -0.59164416 0.05891412 0.01006980
v -0.57686933 0.05242317 0.02188216
v -0.53575180 -0.22692034 0.02238342
v -0.52126028 -0.22980881 0.03585979
v -0.49025124 0.03767516 0.10269211
v -0.47550579 0.03139474 0.11465404
v -0.36598522 -0.22792126 0.13909550
v -0.34718904 -0.22896474 0.14584640
v -0.47660340 -0.18133216 0.08644174
v -0.46073678 -0.18428843 0.09825153
v -0.50583100 -0.19106221 0.05944515
v -0.49055084 -0.19400556 0.07200753
v -0.45466811 0.10915147 0.12229082
v -0.43961107 0.10138772 0.13291955
v -0.46994249 0.12208080 0.10891442
v -0.45590821 0.11441445 0.12092384
v -0.08143847 0.37225003 0.14282844
v -0.07857303 0.35399388 0.15047450
v 0.18023651 -0.35278076 0.11148322
v 0.16113487 -0.34736973 0.10907320
v 0.17198093 0.20913239 0.18788389
v 0.16085810 0.19270105 0.19038467
v -0.34933495 -0.03944150 0.17937518
v -0.33043552 -0.04501949 0.18278955
v -0.43576286 0.14516288 0.12886151
v -0.42112005 0.13662816 0.13947784
v 0.11286895 0.26563585 0.17891820
v 0.10578123 0.24742205 0.18315868
v 0.06158304 0.21881129 0.18660604
v 0.05651589 0.19958352 0.18874544
v -0.06685169 0.47649868 0.08793013
v -0.06528994 0.45951699 0.09837728
v -0.07153860 0.44515172 0.10644276
v -0.06971372 0.42802949 0.11661424
v 0.43163264 0.19620624 0.11414385
v 0.41745686 0.18788034 0.12553185
v 0.00100290 0.50680010 0.07326353
v 0.00003922 0.48983794 0.08381421
v 0.04262144 0.50482994 0.07113586
v 0.04017552 0.48863193 0.08260765
v 0.54698598 -0.15298083 0.03068410
v 0.53222271 -0.15559459 0.04391943
v 0.49267094 -0.29511643 0.02331076
v 0.47719373 -0.29617037 0.03593237
v -0.10500701 0.27481354 0.17664271
v -0.09969853 0.25607337 0.18117989
v 0.19646324 0.57237427 0.00153570
v 0.18990006 0.55697628 0.01248041
v -0.60469429 -0.01218462 0.00292075
v -0.59135623 -0.01770925 0.01676035
v 0.59310007 -0.12032784 0.00147488
v 0.57627491 -0.12262184 0.01203952
v 0.60515310 0.00795591 0.00214884
v 0.59094547 0.00380147 0.01559666
v -0.51219443 -0.29843051 0.01117437
v -0.49470431 -0.29853224 0.02087208
v -0.44648661 0.39144696 0.01084213
v -0.43544712 0.37993586 0.02290796
v 0.31712978 0.51712235 0.00044388
v 0.30694660 0.50290160 0.01014094
v -0.25739104 0.54722285 0.00205984
v -0.25120214 0.53239199 0.01396375
v -0.36921114 0.22738429 0.13701576
v -0.35558088 0.21620823 0.14646413
v 0.53077202 -0.14860939 0.04707836
v 0.51615253 -0.15138167 0.06044043
v -0.16140909 0.08681941 0.19571388
v -0.14682284 0.07350611 0.19255836
v 0.34608495 -0.45251883 0.02495419
v 0.32901078 -0.45099504 0.03525520
v 0.29066706 -0.45392273 0.04983352
v 0.27262101 -0.45168438 0.05815757
v 0.38187785 0.31650004 0.09667829
v 0.36929107 0.30603936 0.10817207
v -0.26831027 0.12971994 0.19040654
v -0.25269399 0.11770420 0.19382912
v -0.01433078 0.17694324 0.18911938
v -0.01337604 0.15701688 0.19052960
v -0.19651659 0.37378277 0.13284671
v -0.18913522 0.35746035 0.14173795
v -0.18343293 0.32402354 0.15623291
v -0.17539384 0.30704710 0.16309828
v 0.25921003 0.48840977 0.04029749
v 0.25102077 0.47564714 0.05333632
v 0.42305138 -0.10248083 0.14374714
v 0.40532521 -0.10554918 0.15248374
v 0.20838602 -0.31708759 0.12883139
v 0.18917248 -0.31239498 0.12586843
v 0.48206399 0.31024965 0.02224767
v 0.47020471 0.30214113 0.03616059
v -0.43376296 0.21307225 0.10636539
v -0.42040055 0.20364809 0.11788022
v -0.20911623 0.25787099 0.17338121
v -0.19869245 0.24173348 0.17893871
v 0.11582670 -0.48272209 0.05525792
v 0.09657730 -0.47739151 0.05626059
v 0.23116851 -0.26736504 0.14633908
v 0.21155982 -0.26422203 0.14397668
v 0.38752525 0.26777728 0.11231771
v 0.37451065 0.25788291 0.12383646
v -0.37778759 -0.30469379 0.10040523
v -0.35985345 -0.30466905 0.10925542
v 0.45684682 -0.19501343 0.09797353
v 0.44010122 -0.19689166 0.10874465
v 0.47095701 -0.17752193 0.09233916
v 0.45446501 -0.17968783 0.10344244
v 0.09627066 0.13267117 0.19195770
v 0.08667778 0.11513519 0.19130475
v 0.35578426 0.13217482 0.16829692
v 0.33937516 0.12267719 0.17466061
v 0.36843578 0.28123961 0.11833349
v 0.35578626 0.27086089 0.12983269
v 0.33255827 0.28244821 0.13625302
v 0.31936145 0.27036755 0.14518955
v -0.26752439 -0.14222130 0.17930330
v -0.24764792 -0.14426456 0.17846017
v -0.22073542 -0.13318518 0.17627568
v -0.20156603 -0.13504580 0.17088750
v 0.45547832 -0.00467821 0.13068702
v 0.43885339 -0.00960892 0.14064994
v 0.42964508 -0.06237419 0.14718918
v 0.41198555 -0.06630946 0.15571061
v 0.50649070 -0.24139693 0.04422475
v 0.49055895 -0.24302951 0.05620282
v -0.26761379 0.23569955 0.17148130
v -0.25485281 0.22157663 0.17761812
v -0.29756624 0.26350364 0.15538453
v -0.28510872 0.24996186 0.16321975
v 0.35390188 0.03180659 0.17899802
v 0.33620018 0.02467162 0.18497315
v 0.30211510 -0.28756309 0.13778121
v 0.28254265 -0.28568226 0.14143387
v 0.17406930 -0.44064024 0.07810869
v 0.15489451 -0.43501121 0.07888416
v 0.37496046 -0.05832919 0.17008839
v 0.35663112 -0.06282488 0.17670535
v 0.37493382 -0.27127712 0.12056955
v 0.35692413 -0.27133619 0.12926481
v 0.25192599 -0.20822643 0.16357944
v 0.23193762 -0.20785480 0.16304381
v -0.16158607 -0.50632271 0.04497056
v -0.14253216 -0.50094256 0.04779236
v -0.56401485 -0.10760292 0.02301047
v -0.55032741 -0.11144094 0.03707758
v -0.58977047 -0.13418327 0.00179043
v -0.57304057 -0.13711761 0.01234790
v -0.17357198 0.40166842 0.12375767
v -0.16727777 0.38487916 0.13261564
v -0.15170069 0.40595333 0.12370311
v -0.14614141 0.38888596 0.13252123
v 0.23620262 0.32361118 0.14507636
v 0.22565277 0.30900282 0.15375142
v 0.17118739 0.31617288 0.16074351
v 0.16232002 0.29956065 0.16747877
v 0.35129348 -0.03063686 0.17873707
v 0.33246281 -0.03593950 0.18289015
v 0.28385168 0.00099712 0.19391646
v 0.26520236 -0.00616578 0.19484148
v 0.24100459 0.18529485 0.18782273
v 0.22716466 0.17124629 0.19114752
v 0.46365754 0.03454693 0.12278554
v 0.44759575 0.02890987 0.13328329
v -0.35816331 -0.40464642 0.05505920
v -0.34089354 -0.40332699 0.06505791
v -0.23796081 0.51068414 0.03385602
v -0.23204494 0.49642391 0.04656855
v -0.23695557 0.46304575 0.06906952
v -0.23059134 0.44872519 0.08149441
v -0.38993792 0.37074421 0.06040918
v -0.38085681 0.36020788 0.07477856
v 0.35053208 0.42040944 0.04676698
v 0.34039991 0.40949931 0.06011869
v 0.29421641 0.45678150 0.04685025
v 0.28525834 0.44467823 0.06001170
v -0.48439949 0.25280031 0.05122701
v -0.47296829 0.24406057 0.06511603
v -0.46422577 0.22408080 0.08187058
v -0.45177140 0.21517176 0.09473439
v -0.06953436 0.35583057 0.14999792
v -0.06711820 0.33735631 0.15726590
v -0.11559223 0.34779787 0.15239827
v -0.11088427 0.32963222 0.15931233
v -0.53938549 0.18928167 0.03162930
v -0.52752705 0.18163938 0.04580438
v -0.51602589 0.22465385 0.04089146
v -0.50425098 0.21639675 0.05478864
v 0.44963086 -0.15086610 0.11419819
v 0.43295117 -0.15342529 0.12493125
v 0.41541879 -0.13930590 0.13884360
v 0.39735273 -0.14171523 0.14707600
v 0.21285113 0.50088915 0.04959877
v 0.20588752 0.48799295 0.06320598
v 0.17929746 0.48702108 0.06929234
v 0.17255530 0.47210183 0.08077794
v -0.49909472 0.34169721 0.00163320
v -0.48633000 0.33062874 0.01233416
v -0.58875312 0.14034512 0.00147569
v -0.57372203 0.13290099 0.01236657
v 0.39582572 0.44269892 0.01024267
v 0.38464845 0.43107680 0.02207293
v -0.43280870 0.25054800 0.09175219
v -0.42016727 0.24057883 0.10361684
v -0.40038323 0.27921964 0.10028952
v -0.38813350 0.26832836 0.11174745
v -0.56828841 0.00650075 0.03746336
v -0.55507361 0.00088147 0.05138286
v -0.60678446 0.02447488 0.00029288
v -0.59190710 0.01823765 0.01211325
v 0.30111627 0.33891133 0.12044281
v 0.28949868 0.32601004 0.13036996
v 0.34526923 0.31913687 0.11538474
v 0.33263337 0.30737782 0.12548522
v -0.35809700 -0.29658645 0.11437433
v -0.33968069 -0.29636258 0.12216851
v -0.51103811 -0.07243468 0.08591969
v -0.49588471 -0.07696776 0.09815838
v -0.52605808 -0.03204058 0.07992171
v -0.51113418 -0.03713569 0.09222119
v -0.22229492 -0.02094406 0.19286092
v -0.20385525 -0.02798282 0.18963688
v -0.55802010 0.07787091 0.03462531
v -0.54511660 0.07155200 0.04853685
v -0.54882546 0.04174135 0.05027040
v -0.53585954 0.03578817 0.06428484
v 0.42678078 -0.29478955 0.07620088
v 0.41008616 -0.29536176 0.08719734
v 0.47279078 -0.27658586 0.05223894
v 0.45690413 -0.27774085 0.06433192
v -0.11360099 0.44657870 0.10247362
v -0.11010263 0.42980721 0.11279054
v -0.23889432 0.35526474 0.13063899
v -0.23012662 0.33968087 0.13959614
v -0.21426036 0.38469390 0.12277359
v -0.20667164 0.36889003 0.13239694
v -0.13973828 0.51294196 0.05377691
v -0.13634686 0.49773159 0.06631098
v 0.49276251 0.24628408 0.04799582
v 0.48038756 0.23894809 0.06188841
v 0.52648061 0.23609704 0.02634688
v 0.51387793 0.22912328 0.04022128
v 0.19190528 -0.40371964 0.09497792
v 0.17270902 -0.39811119 0.09488389
v -0.52268940 0.01616256 0.07931388
v -0.50826905 0.01034815 0.09189188
v -0.02247295 0.54330801 0.04534608
v -0.02279811 0.52728360 0.05730737
v 0.01033162 0.56611026 0.02896840
v 0.00895874 0.54987914 0.04057124
v 0.15919828 0.39995232 0.12641205
v 0.15201581 0.38338069 0.13500003
v 0.05764149 0.29540880 0.17090752
v 0.05378983 0.27643952 0.17593655
v 0.35839114 -0.32630632 0.09824732
v 0.34039117 -0.32564720 0.10693793
v 0.52832167 0.16713171 0.04798383
v 0.51584263 0.16100884 0.06236243
v 0.52885879 0.21415749 0.03524216
v 0.51527369 0.20710041 0.04811084
v 0.55267462 -0.02850296 0.05343619
v 0.53984533 -0.03242062 0.06826930
v 0.15869867 0.45397830 0.09428554
v 0.15208311 0.43824887 0.10471527
v -0.39178670 0.00657938 0.16391190
v -0.37424206 -0.00003755 0.17086615
v -0.40734130 -0.02862634 0.15765403
v -0.38951900 -0.03424830 0.16477577
v 0.48062617 0.10232095 0.10281334
v 0.46605111 0.09609383 0.11500968
v 0.50681890 0.08410744 0.08407645
v 0.49223184 0.07836310 0.09649337
v -0.38530947 0.07961098 0.16526255
v -0.36842716 0.07135344 0.17210072
v -0.34533368 0.10954477 0.17529506
v -0.32910758 0.09969714 0.18159569
v 0.51075804 0.04747326 0.08543738
v 0.49590759 0.04222005 0.09775922
v 0.54362909 0.05243736 0.05353748
v 0.53044025 0.04759939 0.06777154
v 0.12071443 0.55915190 0.01937414
v 0.11636982 0.54416878 0.03188776
v 0.36931383 0.38598548 0.06376801
v 0.35845669 0.37571173 0.07705456
v 0.36564774 -0.12907560 0.16461800
v 0.34666156 -0.13160838 0.17036868
v 0.28375735 0.38538280 0.10008770
v 0.27353460 0.37211376 0.11101417
v 0.25600830 0.41888684 0.09064063
v 0.24676615 0.40497989 0.10164697
v 0.39698161 -0.42175677 0.02012971
v 0.38064383 -0.42113493 0.03164709
v -0.29877703 0.34143606 0.11957432
v -0.28856851 0.32756946 0.12974603
v -0.26711301 0.37232767 0.11303398
v -0.25840990 0.35799426 0.12393211
v -0.18217626 -0.43759060 0.08123006
v -0.16319062 -0.43131894 0.08164437
v -0.16998742 -0.47247240 0.06324957
v -0.15095738 -0.46664072 0.06520122
v 0.30376533 -0.03842025 0.18808352
v 0.28478873 -0.04406595 0.19090745
v 0.31512015 -0.08186082 0.18328919
v 0.29579863 -0.08592033 0.18647659
v -0.15699810 0.35368086 0.14818257
v -0.15041986 0.33638945 0.15577824
v -0.45210658 -0.11120121 0.12274604
v -0.43551496 -0.11512656 0.13319926
v -0.20386943 -0.34375764 0.11860807
v -0.18459401 -0.33863857 0.11712035
v 0.17623472 -0.28759762 0.12945941
v 0.15706653 -0.28331603 0.12568996
v 0.25579900 0.24356247 0.17101514
v 0.24316530 0.22934586 0.17719881
v -0.28915317 0.13743897 0.18540471
v -0.27354748 0.12575944 0.18987811
v -0.56725223 0.11199170 0.01850767
v -0.55466935 0.10534756 0.03256066
v -0.39589923 -0.17141749 0.14042419
v -0.37761234 -0.17388253 0.14813610
v -0.05691396 0.60015451 0.00290202
v -0.05628924 0.58317630 0.01345238
v -0.32398456 -0.15866898 0.16915710
v -0.30445688 -0.16090043 0.17285172
v -0.59121028 -0.07174610 0.00891395
v -0.57475810 -0.07549705 0.01964783
v -0.48796995 -0.35736028 0.00155880
v -0.47009507 -0.35614445 0.01044533
v -0.55256154 -0.25075397 0.00062010
v -0.53686561 -0.25294086 0.01281909
v 0.50063289 0.31878153 0.00914912
v 0.48670880 0.30934309 0.01996557
v -0.34582861 -0.48587111 0.00521843
v -0.32770975 -0.48159213 0.01252303
v -0.52492736 0.27829990 0.00975335
v -0.51191322 0.26849249 0.02134674
v 0.25543627 0.53951199 0.00728502
v 0.24706209 0.52580612 0.01920067
v 0.35663713 0.19496427 0.15192389
v 0.34185488 0.18458581 0.16051066
v 0.39996835 0.17344217 0.13918035
v 0.38473391 0.16437959 0.14844002
v -0.49250135 -0.27116970 0.03878329
v -0.47679413 -0.27304194 0.05102004
v -0.47291677 -0.25163543 0.06762890
v -0.45667212 -0.25358229 0.07913026
v 0.03960598 0.59245701 0.00888836
v 0.03745326 0.57564950 0.01951066
v 0.48808711 -0.18104998 0.07763563
v 0.47238996 -0.18338554 0.08980545
v -0.40842218 0.44688469 0.00152719
v -0.39855334 0.43442621 0.01366606
v -0.38403636 0.41953574 0.03072590
v -0.37485403 0.40795105 0.04419585
v -0.28081374 0.27936363 0.15352222
v -0.26912599 0.26520668 0.16145552
v -0.42984520 0.37868569 0.02750133
v -0.41998491 0.36798780 0.04122321
v -0.40491499 0.41191001 0.02382520
v -0.39592044 0.40111079 0.03805316
v 0.04302583 0.48540150 0.08448070
v 0.04048150 0.46848628 0.09484226
v 0.09672244 -0.57925962 0.00925092
v 0.07711917 -0.57663784 0.01221708
v 0.05994065 -0.58549750 0.00994666
v 0.04015167 -0.58373018 0.01223422
v -0.51184102 -0.17058481 0.05975786
v -0.49643115 -0.17372667 0.07211201
v 0.41261748 -0.33958038 0.05825574
v 0.39595897 -0.33956428 0.06932162
v 0.55497528 0.15402676 0.02263327
v 0.54234687 0.14816185 0.03698897
v 0.58883430 0.14188346 0.00117945
v 0.57323800 0.13576061 0.01209852
v 0.18449426 0.12135964 0.19688872
v 0.17025852 0.10731316 0.19689609
v -0.07209199 0.50781603 0.06610504
v -0.07068949 0.49175383 0.07793715
v -0.10474366 0.48615649 0.07822579
v -0.10206795 0.46962592 0.08915925
v 0.17186947 -0.54016878 0.02348515
v 0.15265182 -0.53656199 0.02768431
v 0.13502125 -0.56868504 0.01046468
v 0.11560807 -0.56543399 0.01400295
v -0.02836559 0.29823624 0.16995150
v -0.02745508 0.27903379 0.17546483
v 0.27469229 0.11366919 0.19102264
v 0.25821103 0.10275147 0.19404443
v -0.38528858 -0.11435119 0.15978579
v -0.36710161 -0.11807206 0.16722549
v -0.17901840 -0.41690428 0.08943451
v -0.16009270 -0.41048231 0.08870227
v -0.16995945 -0.37265735 0.10305841
v -0.15101383 -0.36655783 0.10110417
v -0.32909852 -0.22392938 0.15143226
v -0.30950920 -0.22445915 0.15542452
v -0.21396840 -0.30564610 0.13327035
v -0.19467200 -0.30122847 0.13042545
v -0.25335859 -0.29607919 0.13873376
v -0.23360857 -0.29315741 0.13989987
v 0.08316773 0.36427950 0.14654932
v 0.07853885 0.34613592 0.15357386
v 0.18718015 -0.06225546 0.18096715
v 0.16833224 -0.06747962 0.17679289
v -0.30527160 0.42290728 0.06685341
v -0.29735993 0.41017218 0.08008906
v -0.55205762 -0.12516757 0.03189974
v -0.53779094 -0.12879894 0.04543617
v -0.10631777 -0.58618624 0.00434577
v -0.08703020 -0.58283974 0.00843847
v 0.21455596 0.43621495 0.09517124
v 0.20634533 0.42150002 0.10594232
v 0.18555079 0.42255414 0.10991314
v 0.17790745 0.40742071 0.12052062
v 0.32667614 -0.18189696 0.16273770
v 0.30713938 -0.18290974 0.16689094
v -0.09113409 0.29288629 0.17182128
v -0.08668514 0.27399195 0.17663488
v 0.42098188 -0.01231625 0.15067038
v 0.40364751 -0.01748242 0.15920211
v -0.11775643 0.09474409 0.19192253
v -0.10445648 0.07993025 0.19001960
v -0.53184968 -0.09895575 0.05921873
v -0.51726987 -0.10302402 0.07228925
v 0.02091179 0.47472686 0.09251788
v 0.01913168 0.45762491 0.10273132
v -0.43769365 0.12074577 0.13259019
v -0.42231682 0.11251132 0.14237319
v -0.32727116 0.22955663 0.15514719
v -0.31386738 0.21744264 0.16372331
v 0.51020749 -0.26002716 0.03039496
v 0.49477113 -0.26170412 0.04299918
v -0.26532600 0.05873739 0.19565020
v -0.24803688 0.04870709 0.19631314
v -0.29462097 0.02775403 0.19289595
v -0.27665247 0.01938146 0.19554042
v -0.43318923 -0.38020403 0.02016140
v -0.41683881 -0.37979791 0.03167047
v 0.43559562 0.17385661 0.12045048
v 0.42121358 0.16593593 0.13186887
v 0.46162395 -0.37119583 0.00938521
v 0.44389299 -0.36953628 0.01848571
v -0.43841761 -0.25981272 0.08848891
v -0.42141001 -0.26118164 0.09892096
v 0.01053643 0.41920314 0.12319936
v 0.00919651 0.40132419 0.13205982
v 0.49769108 -0.14195490 0.07957232
v 0.48219383 -0.14472713 0.09190561
v 0.48982712 -0.09985162 0.09723305
v 0.47388409 -0.10304282 0.10887762
v -0.57839681 -0.03002654 0.02571817
v -0.56515474 -0.03517469 0.03979311
v 0.38054059 0.09925278 0.16596999
v 0.36347178 0.09081289 0.17208424
v 0.40248137 0.06246935 0.15752781
v 0.38574812 0.05550378 0.16597997
v 0.01824631 0.20849869 0.18728504
v 0.01603527 0.18866908 0.18864817
v -0.23607957 -0.39167594 0.10053578
v -0.21678782 -0.38705655 0.10307542
v -0.48399992 0.15890737 0.09307895
v -0.46986871 0.15073893 0.10463514
v -0.49285377 0.19559108 0.07380758
v -0.48032002 0.18740640 0.08706941
v -0.23173951 0.49464118 0.04796093
v -0.22598875 0.48071500 0.06111200
v -0.21394201 0.47211335 0.07167573
v -0.20807828 0.45749292 0.08399725
v -0.52374956 0.23975888 0.02657875
v -0.51209546 0.23132672 0.04047267
v -0.49484871 0.23168040 0.05415349
v -0.48317562 0.22328179 0.06805177
v -0.18408871 0.54326998 0.02230463
v -0.17983789 0.52851476 0.03511767
v -0.15176531 0.57273075 0.00860657
v -0.14826417 0.55572000 0.01852304
v -0.31917201 0.43258462 0.05289459
v -0.31115732 0.42002142 0.06623217
v -0.43343855 0.28604126 0.07421412
v -0.42239353 0.27630917 0.08775124
v 0.35979157 0.43605536 0.03017534
v 0.34968631 0.42515953 0.04355908
v 0.56783071 0.11237202 0.01784663
v 0.55484284 0.10701741 0.03208050
v -0.57237585 0.15762210 0.01029889
v -0.55772814 0.14998579 0.02157237
v -0.07784266 -0.56401298 0.01811101
v -0.05837195 -0.56057587 0.02111725
v -0.51019984 -0.02276560 0.09300059
v -0.49491104 -0.02807914 0.10474703
v -0.47707328 -0.00099406 0.11660972
v -0.46112806 -0.00681410 0.12718503
v -0.45455891 0.21053379 0.09513210
v -0.44109364 0.20125190 0.10664266
v 0.09129060 0.15513950 0.19213495
v 0.08297286 0.13696539 0.19144462
v 0.27902891 0.33945381 0.12641738
v 0.26784709 0.32600596 0.13611698
v -0.19745194 0.46282867 0.08334117
v -0.19149846 0.44699619 0.09401116
v -0.15571071 0.45642656 0.09302863
v -0.15092698 0.44014552 0.10361181
v -0.13956193 0.05607773 0.19057460
v -0.12410239 0.04369815 0.18779813
v -0.60522973 0.04897633 0.00025068
v -0.59047032 0.04262056 0.01215546
v -0.27306441 -0.50276847 0.01981421
v -0.25523402 -0.50015657 0.02848688
v -0.32620574 -0.50783184 0.00197522
v -0.30784896 -0.50355187 0.00865884
v -0.55973633 0.22473550 0.00432417
v -0.54788224 0.21667267 0.01826803
v -0.20986785 -0.04227420 0.18925055
v -0.19143876 -0.04823689 0.18427310
v -0.33995655 0.42707850 0.04691083
v -0.33146937 0.41489405 0.06030735
v 0.46076750 0.34639995 0.01994593
v 0.44928100 0.33776839 0.03385696
v 0.42855053 0.36239791 0.03731843
v 0.41739626 0.35331734 0.05121395
v 0.54920817 -0.17627116 0.02312968
v 0.53440157 -0.17873106 0.03634609
v -0.00505622 0.57714846 0.02069090
v -0.00595621 0.56129048 0.03284304
v 0.06453137 -0.56099676 0.02047010
v 0.04482928 -0.55866449 0.02298967
v 0.33471934 0.03580954 0.18607279
v 0.31659737 0.02826294 0.18989418
v 0.36677813 0.05178526 0.17382976
v 0.34961361 0.04441262 0.18097002
v -0.26226280 -0.18069412 0.17088484
v -0.24229882 -0.18157949 0.17010005
v -0.22031382 -0.17848808 0.16752821
v -0.20104069 -0.17843250 0.16218936
v -0.57545949 0.18273013 0.00286782
v -0.56174357 0.17493868 0.01516118
v 0.32929290 0.42520303 0.05356854
v 0.31956261 0.41387347 0.06686975
v 0.32780989 0.46088200 0.02746308
v 0.31839796 0.44931091 0.04078544
v -0.11658691 -0.51923544 0.03889792
v -0.09745091 -0.51392254 0.04125306
v -0.22085886 -0.52479848 0.02295260
v -0.20248819 -0.52164649 0.03020127
v 0.30892634 -0.46283862 0.03450859
v 0.29135524 -0.46112426 0.04390420
v 0.47424750 0.37742349 0.00086510
v 0.46092530 0.36733242 0.01184915
v 0.44427323 0.36507436 0.02319165
v 0.43302262 0.35611781 0.03709000
v -0.18975439 -0.29902444 0.12984049
v -0.17061636 -0.29449122 0.12621479
v -0.18081350 -0.56989580 0.00326785
v -0.16190246 -0.56609832 0.00855100
v -0.14416239 -0.44800790 0.07267772
v -0.12526380 -0.44146606 0.07259062
v -0.06488975 0.55514201 0.03086437
v -0.06400230 0.53920845 0.04291817
v -0.03333559 0.52656104 0.05650618
v -0.03323432 0.51077427 0.06878330
v 0.35474914 0.07387280 0.17683739
v 0.33780564 0.06579677 0.18374070
v -0.45535745 -0.28498437 0.06069450
v -0.43929823 -0.28651919 0.07251422
v 0.21413149 0.55417022 0.00998042
v 0.20698682 0.53934235 0.02134035
v -0.03676593 0.59233377 0.00912206
v -0.03678100 0.57541111 0.01977961
v -0.07543878 0.58765051 0.00874628
v -0.07405534 0.57027493 0.01855114
v -0.25461450 -0.51505771 0.01811383
v -0.23673860 -0.51244028 0.02669061
v 0.38816712 0.04612299 0.16527386
v 0.37073648 0.03925023 0.17226658
v 0.36083575 0.00906454 0.17604468
v 0.34288825 0.00260474 0.18205451
v 0.57592090 0.18495038 0.00194060
v 0.56156298 0.17846550 0.01425954
v 0.56756140 0.09009060 0.02257559
v 0.55444267 0.08502434 0.03679501
v 0.59895514 0.09978028 0.00013609
v 0.58270078 0.09415118 0.01033750
v 0.38102946 0.00351602 0.16824631
v 0.36324847 -0.00247486 0.17516771
v 0.34509227 -0.00998879 0.18091683
v 0.32653158 -0.01614747 0.18510388
v -0.10771864 -0.49986534 0.04752048
v -0.08864359 -0.49412669 0.04930104
v 0.28213777 0.50914927 0.01428514
v 0.27369931 0.49665876 0.02742819
v 0.27821810 -0.51985512 0.00808878
v 0.26032626 -0.51759106 0.01673262
v 0.24509892 -0.51363586 0.02296978
v 0.22672391 -0.51121801 0.03048464
v 0.57755377 0.07120304 0.01631658
v 0.56428621 0.06644993 0.03050601
v -0.12131453 -0.57370147 0.00908569
v -0.10208987 -0.56974966 0.01292699
v 0.23749278 0.55589445 0.00238868
v 0.22996353 0.54224392 0.01491598
v 0.29229416 -0.52914433 0.00142258
v 0.27344947 -0.52513218 0.00678359
v 0.57045589 0.05118119 0.02730155
v 0.55697785 0.04648800 0.04131143
v -0.15790212 -0.56741281 0.00836144
v -0.13882463 -0.56325241 0.01268586
v -0.12269173 -0.55425774 0.01962336
v -0.10354156 -0.55019571 0.02371369
v 0.08142729 0.12599944 0.19107575
v 0.07296130 0.10788119 0.19120166
v 0.45195084 0.38439742 0.01051757
v 0.43953772 0.37450179 0.02268108
v -0.27195626 -0.54002990 0.00110940
v -0.25329778 -0.53574529 0.00689416
v 0.21021841 -0.56203499 0.00364569
v 0.19119228 -0.55900941 0.00901343
v -0.03120725 0.15788243 0.19035000
v -0.02787012 0.13817138 0.19089612
v 0.27909118 0.54041358 -0.00051606
v 0.26972351 0.52599490 0.00969708
v 0.25841782 0.52015531 0.01766492
v 0.25038577 0.50735887 0.03076825
v 0.59548237 0.02944649 0.00922778
v 0.58089501 0.02494011 0.02214528
v 0.59295747 0.07515265 0.00662134
v 0.57700279 0.06990840 0.01747981
v 0.06167398 0.13704993 0.19097116
v 0.05442893 0.11840987 0.19110233
l 3127 3128
l 3129 3130
l 3131 3132
l 3133 3134
l 3135 3136
l 3137 3138
l 3139 3140
l 3141 3142
l 3143 3144
l 3145 3146
l 3147 3148
l 3149 3150
l 3151 3152
l 3153 3154
l 3155 3156
l 3157 3158
l 3159 3160
l 3161 3162
l 3163 3164
l 3165 3166
l 3167 3168
l 3169 3170
l 3171 3172
l 3173 3174
l 3175 3176
l 3177 3178
l 3179 3180
l 3181 3182
l 3183 3184
l 3185 3186
l 3187 3188
l 3189 3190
l 3191 3192
l 3193 3194
l 3195 3196
l 3197 3198
l 3199 3200
l 3201 3202
l 3203 3204
l 3205 3206
l 3207 3208
l 3209 3210
l 3211 3212
l 3213 3214
l 3215 3216
l 3217 3218
l 3219 3220
l 3221 3222
l 3223 3224
l 3225 3226
l 3227 3228
l 3229 3230
l 3231 3232
l 3233 3234
l 3235 3236
l 3237 3238
l 3239 3240
l 3241 3242
l 3243 3244
l 3245 3246
l 3247 3248
l 3249 3250
l 3251 3252
l 3253 3254
l 3255 3256
l 3257 3258
l 3259 3260
l 3261 3262
l 3263 3264
l 3265 3266
l 3267 3268
l 3269 3270
l 3271 3272
l 3273 3274
l 3275 3276
l 3277 3278
l 3279 3280
l 3281 3282
l 3283 3284
l 3285 3286
l 3287 3288
l 3289 3290
l 3291 3292
l 3293 3294
l 3295 3296
l 3297 3298
l 3299 3300
l 3301 3302
l 3303 3304
l 3305 3306
l 3307 3308
l 3309 3310
l 3311 3312
l 3313 3314
l 3315 3316
l 3317 3318
l 3319 3320
l 3321 3322
l 3323 3324
l 3325 3326
l 3327 3328
l 3329 3330
l 3331 3332
l 3333 3334
l 3335 3336
l 3337 3338
l 3339 3340
l 3341 3342
l 3343 3344
l 3345 3346
l 3347 3348
l 3349 3350
l 3351 3352
l 3353 3354
l 3355 3356
l 3357 3358
l 3359 3360
l 3361 3362
l 3363 3364
l 3365 3366
l 3367 3368
l 3369 3370
l 3371 3372
l 3373 3374
l 3375 3376
l 3377 3378
l 3379 3380
l 3381 3382
l 3383 3384
l 3385 3386
l 3387 3388
l 3389 3390
l 3391 3392
l 3393 3394
l 3395 3396
l 3397 3398
l 3399 3400
l 3401 3402
l 3403 3404
l 3405 3406
l 3407 3408
l 3409 3410
l 3411 3412
l 3413 3414
l 3415 3416
l 3417 3418
l 3419 3420
l 3421 3422
l 3423 3424
l 3425 3426
l 3427 3428
l 3429 3430
l 3431 3432
l 3433 3434
l 3435 3436
l 3437 3438
l 3439 3440
l 3441 3442
l 3443 3444
l 3445 3446
l 3447 3448
l 3449 3450
l 3451 3452
l 3453 3454
l 3455 3456
l 3457 3458
l 3459 3460
l 3461 3462
l 3463 3464
l 3465 3466
l 3467 3468
l 3469 3470
l 3471 3472
l 3473 3474
l 3475 3476
l 3477 3478
l 3479 3480
l 3481 3482
l 3483 3484
l 3485 3486
l 3487 3488
l 3489 3490
l 3491 3492
l 3493 3494
l 3495 3496
l 3497 3498
l 3499 3500
l 3501 3502
l 3503 3504
l 3505 3506
l 3507 3508
l 3509 3510
l 3511 3512
l 3513 3514
l 3515 3516
l 3517 3518
l 3519 3520
l 3521 3522
l 3523 3524
l 3525 3526
l 3527 3528
l 3529 3530
l 3531 3532
l 3533 3534
l 3535 3536
l 3537 3538
l 3539 3540
l 3541 3542
l 3543 3544
l 3545 3546
l 3547 3548
l 3549 3550
l 3551 3552
l 3553 3554
l 3555 3556
l 3557 3558
l 3559 3560
l 3561 3562
l 3563 3564
l 3565 3566
l 3567 3568
l 3569 3570
l 3571 3572
l 3573 3574
l 3575 3576
l 3577 3578
l 3579 3580
l 3581 3582
l 3583 3584
l 3585 3586
l 3587 3588
l 3589 3590
l 3591 3592
l 3593 3594
l 3595 3596
l 3597 3598
l 3599 3600
l 3601 3602
l 3603 3604
l 3605 3606
l 3607 3608
l 3609 3610
l 3611 3612
l 3613 3614
l 3615 3616
l 3617 3618
l 3619 3620
l 3621 3622
l 3623 3624
l 3625 3626
l 3627 3628
l 3629 3630
l 3631 3632
l 3633 3634
l 3635 3636
l 3637 3638
l 3639 3640
l 3641 3642
l 3643 3644
l 3645 3646
l 3647 3648
l 3649 3650
l 3651 3652
l 3653 3654
l 3655 3656
l 3657 3658
l 3659 3660
l 3661 3662
l 3663 3664
l 3665 3666
l 3667 3668
l 3669 3670
l 3671 3672
l 3673 3674
l 3675 3676
l 3677 3678
l 3679 3680
l 3681 3682
l 3683 3684
l 3685 3686
l 3687 3688
l 3689 3690
l 3691 3692
l 3693 3694
l 3695 3696
l 3697 3698
l 3699 3700
l 3701 3702
l 3703 3704
l 3705 3706
l 3707 3708
l 3709 3710
l 3711 3712
l 3713 3714
l 3715 3716
l 3717 3718
l 3719 3720
l 3721 3722
l 3723 3724
l 3725 3726
l 3727 3728
l 3729 3730
l 3731 3732
l 3733 3734
l 3735 3736
l 3737 3738
l 3739 3740
l 3741 3742
l 3743 3744
l 3745 3746
l 3747 3748
l 3749 3750
l 3751 3752
l 3753 3754
l 3755 3756
l 3757 3758
l 3759 3760
l 3761 3762
l 3763 3764
l 3765 3766
l 3767 3768
l 3769 3770
l 3771 3772
l 3773 3774
l 3775 3776
l 3777 3778
l 3779 3780
l 3781 3782
l 3783 3784
l 3785 3786
l 3787 3788
l 3789 3790
l 3791 3792
l 3793 3794
l 3795 3796
l 3797 3798
l 3799 3800
l 3801 3802
l 3803 3804
l 3805 3806
l 3807 3808
l 3809 3810
l 3811 3812
l 3813 3814
l 3815 3816
l 3817 3818
l 3819 3820
l 3821 3822
l 3823 3824
l 3825 3826
l 3827 3828
l 3829 3830
l 3831 3832
l 3833 3834
l 3835 3836
l 3837 3838
l 3839 3840
l 3841 3842
l 3843 3844
l 3845 3846
l 3847 3848
l 3849 3850
l 3851 3852
l 3853 3854
l 3855 3856
l 3857 3858
l 3859 3860
l 3861 3862
l 3863 3864
l 3865 3866
l 3867 3868
l 3869 3870
l 3871 3872
l 3873 3874
l 3875 3876
l 3877 3878
l 3879 3880
l 3881 3882
l 3883 3884
l 3885 3886
l 3887 3888
l 3889 3890
l 3891 3892
l 3893 3894
l 3895 3896
l 3897 3898
l 3899 3900
l 3901 3902
l 3903 3904
l 3905 3906
l 3907 3908
l 3909 3910
l 3911 3912
l 3913 3914
l 3915 3916
l 3917 3918
l 3919 3920
l 3921 3922
l 3923 3924
l 3925 3926
l 3927 3928
l 3929 3930
l 3931 3932
l 3933 3934
l 3935 3936
l 3937 3938
l 3939 3940
l 3941 3942
l 3943 3944
l 3945 3946
l 3947 3948
l 3949 3950
l 3951 3952
l 3953 3954
l 3955 3956
l 3957 3958
l 3959 3960
l 3961 3962
l 3963 3964
l 3965 3966
l 3967 3968
l 3969 3970
l 3971 3972
l 3973 3974
l 3975 3976
l 3977 3978
l 3979 3980
l 3981 3982
l 3983 3984
l 3985 3986
l 3987 3988
l 3989 3990
l 3991 3992
l 3993 3994
l 3995 3996
l 3997 3998
l 3999 4000
l 4001 4002
l 4003 4004
l 4005 4006
l 4007 4008
l 4009 4010
l 4011 4012
l 4013 4014
l 4015 4016
l 4017 4018
l 4019 4020
l 4021 4022
l 4023 4024
l 4025 4026
l 4027 4028
l 4029 4030
l 4031 4032
l 4033 4034
l 4035 4036
l 4037 4038
l 4039 4040
l 4041 4042
l 4043 4044
l 4045 4046
l 4047 4048
l 4049 4050
l 4051 4052
l 4053 4054
l 4055 4056
l 4057 4058
l 4059 4060
l 4061 4062
l 4063 4064
l 4065 4066
l 4067 4068
l 4069 4070
l 4071 4072
l 4073 4074
l 4075 4076
l 4077 4078
l 4079 4080
l 4081 4082
l 4083 4084
l 4085 4086
l 4087 4088
l 4089 4090
l 4091 4092
l 4093 4094
l 4095 4096
l 4097 4098
l 4099 4100
l 4101 4102
l 4103 4104
l 4105 4106
l 4107 4108
l 4109 4110
l 4111 4112
l 4113 4114
l 4115 4116
l 4117 4118
l 4119 4120
l 4121 4122
l 4123 4124
l 4125 4126
l 4127 4128
l 4129 4130
l 4131 4132
l 4133 4134
l 4135 4136
l 4137 4138
l 4139 4140
l 4141 4142
l 4143 4144
l 4145 4146
l 4147 4148
l 4149 4150
l 4151 4152
l 4153 4154
l 4155 4156
l 4157 4158
l 4159 4160
l 4161 4162
l 4163 4164
l 4165 4166
l 4167 4168
l 4169 4170
l 4171 4172
l 4173 4174
l 4175 4176
l 4177 4178
l 4179 4180
l 4181 4182
l 4183 4184
l 4185 4186
l 4187 4188
l 4189 4190
l 4191 4192
l 4193 4194
l 4195 4196
l 4197 4198
l 4199 4200
l 4201 4202
l 4203 4204
l 4205 4206
l 4207 4208
l 4209 4210
l 4211 4212
l 4213 4214
l 4215 4216
l 4217 4218
l 4219 4220
l 4221 4222
l 4223 4224
l 4225 4226
l 4227 4228
l 4229 4230
l 4231 4232
l 4233 4234
l 4235 4236
l 4237 4238
l 4239 4240
l 4241 4242
l 4243 4244
l 4245 4246
l 4247 4248
l 4249 4250
l 4251 4252
l 4253 4254
l 4255 4256
l 4257 4258
l 4259 4260
l 4261 4262
l 4263 4264
l 4265 4266
l 4267 4268
l 4269 4270
l 4271 4272
l 4273 4274
l 4275 4276
l 4277 4278
l 4279 4280
l 4281 4282
l 4283 4284
l 4285 4286
l 4287 4288
l 4289 4290
l 4291 4292
l 4293 4294
l 4295 4296
l 4297 4298
l 4299 4300
l 4301 4302
l 4303 4304
l 4305 4306
l 4307 4308
l 4309 4310
l 4311 4312
l 4313 4314
l 4315 4316
l 4317 4318
l 4319 4320
l 4321 4322
l 4323 4324
l 4325 4326
l 4327 4328
l 4329 4330
l 4331 4332
l 4333 4334
l 4335 4336
l 4337 4338
l 4339 4340
l 4341 4342
l 4343 4344
l 4345 4346
l 4347 4348
l 4349 4350
l 4351 4352
l 4353 4354
l 4355 4356
l 4357 4358
l 4359 4360
l 4361 4362
l 4363 4364
l 4365 4366
l 4367 4368
l 4369 4370
l 4371 4372
l 4373 4374
l 4375 4376
l 4377 4378
l 4379 4380
l 4381 4382
l 4383 4384
l 4385 4386
l 4387 4388
l 4389 4390
l 4391 4392
l 4393 4394
l 4395 4396
l 4397 4398
l 4399 4400
l 4401 4402
l 4403 4404
l 4405 4406
l 4407 4408
l 4409 4410
l 4411 4412
l 4413 4414
l 4415 4416
l 4417 4418
l 4419 4420
l 4421 4422
l 4423 4424
l 4425 4426
l 4427 4428
l 4429 4430
l 4431 4432
l 4433 4434
l 4435 4436
l 4437 4438
l 4439 4440
l 4441 4442
l 4443 4444
l 4445 4446
l 4447 4448
l 4449 4450
l 4451 4452
l 4453 4454
l 4455 4456
l 4457 4458
l 4459 4460
l 4461 4462
l 4463 4464
l 4465 4466
l 4467 4468
l 4469 4470
l 4471 4472
l 4473 4474
l 4475 4476
l 4477 4478
l 4479 4480
l 4481 4482
l 4483 4484
l 4485 4486
l 4487 4488
l 4489 4490
l 4491 4492
l 4493 4494
l 4495 4496
l 4497 4498
l 4499 4500
l 4501 4502
l 4503 4504
l 4505 4506
l 4507 4508
l 4509 4510
l 4511 4512
l 4513 4514
l 4515 4516
l 4517 4518
l 4519 4520
l 4521 4522
l 4523 4524
l 4525 4526
l 4527 4528
l 4529 4530
l 4531 4532
l 4533 4534
l 4535 4536
l 4537 4538
l 4539 4540
l 4541 4542
l 4543 4544
l 4545 4546
l 4547 4548
l 4549 4550
l 4551 4552
l 4553 4554
l 4555 4556
l 4557 4558
l 4559 4560
l 4561 4562
l 4563 4564
l 4565 4566
l 4567 4568
l 4569 4570
l 4571 4572
l 4573 4574
l 4575 4576
l 4577 4578
l 4579 4580
l 4581 4582
l 4583 4584
l 4585 4586
l 4587 4588
l 4589 4590
l 4591 4592
l 4593 4594
l 4595 4596
l 4597 4598
l 4599 4600
l 4601 4602
l 4603 4604
l 4605 4606
l 4607 4608
l 4609 4610
l 4611 4612
l 4613 4614
l 4615 4616
l 4617 4618
l 4619 4620
l 4621 4622
l 4623 4624
l 4625 4626
l 4627 4628
l 4629 4630
l 4631 4632
l 4633 4634
l 4635 4636
l 4637 4638
l 4639 4640
l 4641 4642
l 4643 4644
l 4645 4646
l 4647 4648
l 4649 4650
l 4651 4652
l 4653 4654
l 4655 4656
l 4657 4658
l 4659 4660
l 4661 4662
l 4663 4664
l 4665 4666
l 4667 4668
l 4669 4670
l 4671 4672
l 4673 4674
l 4675 4676
l 4677 4678
l 4679 4680
l 4681 4682
l 4683 4684
l 4685 4686
l 4687 4688
l 4689 4690
l 4691 4692
l 4693 4694
l 4695 4696
l 4697 4698
l 4699 4700
l 4701 4702
l 4703 4704
l 4705 4706
l 4707 4708
l 4709 4710
l 4711 4712
l 4713 4714
l 4715 4716
l 4717 4718
l 4719 4720
l 4721 4722
l 4723 4724
l 4725 4726
l 4727 4728
l 4729 4730
l 4731 4732
l 4733 4734
l 4735 4736
l 4737 4738
l 4739 4740
l 4741 4742
l 4743 4744
l 4745 4746
l 4747 4748
l 4749 4750
l 4751 4752
l 4753 4754
l 4755 4756
l 4757 4758
l 4759 4760
l 4761 4762
l 4763 4764
l 4765 4766
l 4767 4768
l 4769 4770
l 4771 4772
l 4773 4774
l 4775 4776
l 4777 4778
l 4779 4780
l 4781 4782
l 4783 4784
l 4785 4786
l 4787 4788
l 4789 4790
l 4791 4792
l 4793 4794
l 4795 4796
l 4797 4798
l 4799 4800
l 4801 4802
l 4803 4804
l 4805 4806
l 4807 4808
l 4809 4810
l 4811 4812
l 4813 4814
l 4815 4816
l 4817 4818
l 4819 4820
l 4821 4822
l 4823 4824
l 4825 4826
l 4827 4828
l 4829 4830
l 4831 4832
l 4833 4834
l 4835 4836
l 4837 4838
l 4839 4840
l 4841 4842
l 4843 4844
l 4845 4846
l 4847 4848
l 4849 4850
l 4851 4852
l 4853 4854
l 4855 4856
l 4857 4858
l 4859 4860
l 4861 4862
l 4863 4864
l 4865 4866
l 4867 4868
l 4869 4870
l 4871 4872
l 4873 4874
l 4875 4876
l 4877 4878
l 4879 4880
l 4881 4882
l 4883 4884
l 4885 4886
l 4887 4888
l 4889 4890
l 4891 4892
l 4893 4894
l 4895 4896
l 4897 4898
l 4899 4900
l 4901 4902
l 4903 4904
l 4905 4906
l 4907 4908
l 4909 4910
l 4911 4912
l 4913 4914
l 4915 4916
l 4917 4918
l 4919 4920
l 4921 4922
l 4923 4924
l 4925 4926
l 4927 4928
l 4929 4930
l 4931 4932
l 4933 4934
l 4935 4936
l 4937 4938
l 4939 4940
l 4941 4942
l 4943 4944
l 4945 4946
l 4947 4948
l 4949 4950
l 4951 4952
l 4953 4954
l 4955 4956
l 4957 4958
l 4959 4960
l 4961 4962
l 4963 4964
l 4965 4966
l 4967 4968
l 4969 4970
l 4971 4972
l 4973 4974
l 4975 4976
l 4977 4978
l 4979 4980
l 4981 4982
l 4983 4984
l 4985 4986
l 4987 4988
l 4989 4990
l 4991 4992
l 4993 4994
l 4995 4996
l 4997 4998
l 4999 5000
l 5001 5002
l 5003 5004
l 5005 5006
l 5007 5008
l 5009 5010
l 5011 5012
l 5013 5014
l 5015 5016
l 5017 5018
l 5019 5020
l 5021 5022
l 5023 5024
l 5025 5026
l 5027 5028
l 5029 5030
l 5031 5032
l 5033 5034
l 5035 5036
l 5037 5038
l 5039 5040
l 5041 5042
l 5043 5044
l 5045 5046
l 5047 5048
l 5049 5050
l 5051 5052
l 5053 5054
l 5055 5056
l 5057 5058
l 5059 5060
l 5061 5062
l 5063 5064
l 5065 5066
l 5067 5068
l 5069 5070
l 5071 5072
l 5073 5074
l 5075 5076
l 5077 5078
l 5079 5080
l 5081 5082
l 5083 5084
l 5085 5086
l 5087 5088
l 5089 5090
l 5091 5092
l 5093 5094
l 5095 5096
l 5097 5098
l 5099 5100
l 5101 5102
l 5103 5104
l 5105 5106
l 5107 5108
l 5109 5110
l 5111 5112
l 5113 5114
l 5115 5116
l 5117 5118
l 5119 5120
l 5121 5122
l 5123 5124
l 5125 5126
l 5127 5128
l 5129 5130
l 5131 5132
l 5133 5134
l 5135 5136
l 5137 5138
l 5139 5140
l 5141 5142
l 5143 5144
l 5145 5146
l 5147 5148
l 5149 5150
l 5151 5152
l 5153 5154
l 5155 5156
l 5157 5158
l 5159 5160
l 5161 5162
l 5163 5164
l 5165 5166
l 5167 5168
l 5169 5170
l 5171 5172
l 5173 5174
l 5175 5176
l 5177 5178
l 5179 5180
l 5181 5182
l 5183 5184
l 5185 5186
l 5187 5188
l 5189 5190
l 5191 5192
l 5193 5194
l 5195 5196
l 5197 5198
l 5199 5200
l 5201 5202
l 5203 5204
l 5205 5206
l 5207 5208
l 5209 5210
l 5211 5212
l 5213 5214
l 5215 5216
l 5217 5218
l 5219 5220
l 5221 5222
l 5223 5224
l 5225 5226
l 5227 5228
l 5229 5230
l 5231 5232
l 5233 5234
l 5235 5236
l 5237 5238
l 5239 5240
l 5241 5242
l 5243 5244
l 5245 5246
l 5247 5248
l 5249 5250
l 5251 5252
l 5253 5254
l 5255 5256
l 5257 5258
l 5259 5260
l 5261 5262
l 5263 5264
l 5265 5266
l 5267 5268
l 5269 5270
l 5271 5272
l 5273 5274
l 5275 5276
l 5277 5278
l 5279 5280
l 5281 5282
l 5283 5284
l 5285 5286
l 5287 5288
l 5289 5290
l 5291 5292
l 5293 5294
l 5295 5296
l 5297 5298
l 5299 5300
l 5301 5302
l 5303 5304
l 5305 5306
l 5307 5308
l 5309 5310
l 5311 5312
l 5313 5314
l 5315 5316
l 5317 5318
l 5319 5320
l 5321 5322
l 5323 5324
l 5325 5326
l 5327 5328
l 5329 5330
l 5331 5332
l 5333 5334
l 5335 5336
l 5337 5338
l 5339 5340
l 5341 5342
l 5343 5344
l 5345 5346
l 5347 5348
l 5349 5350
l 5351 5352
l 5353 5354
l 5355 5356
l 5357 5358
l 5359 5360
l 5361 5362
l 5363 5364
l 5365 5366
l 5367 5368
l 5369 5370
l 5371 5372
l 5373 5374
l 5375 5376
l 5377 5378
l 5379 5380
l 5381 5382
l 5383 5384
l 5385 5386
l 5387 5388
l 5389 5390
l 5391 5392
l 5393 5394
l 5395 5396
l 5397 5398
l 5399 5400
l 5401 5402
l 5403 5404
l 5405 5406
l 5407 5408
l 5409 5410
l 5411 5412
l 5413 5414
l 5415 5416
l 5417 5418
l 5419 5420
l 5421 5422
l 5423 5424
l 5425 5426
l 5427 5428
l 5429 5430
l 5431 5432
l 5433 5434
l 5435 5436
l 5437 5438
l 5439 5440
l 5441 5442
l 5443 5444
l 5445 5446
l 5447 5448
l 5449 5450
l 5451 5452
l 5453 5454
l 5455 5456
l 5457 5458
l 5459 5460
l 5461 5462
l 5463 5464
l 5465 5466
l 5467 5468
l 5469 5470
l 5471 5472
l 5473 5474
l 5475 5476
l 5477 5478
l 5479 5480
l 5481 5482
l 5483 5484
l 5485 5486
l 5487 5488
l 5489 5490
l 5491 5492
l 5493 5494
l 5495 5496
l 5497 5498
l 5499 5500
l 5501 5502
l 5503 5504
l 5505 5506
l 5507 5508
l 5509 5510
l 5511 5512
l 5513 5514
l 5515 5516
l 5517 5518
l 5519 5520
l 5521 5522
l 5523 5524
l 5525 5526
l 5527 5528
l 5529 5530
l 5531 5532
l 5533 5534
l 5535 5536
l 5537 5538
l 5539 5540
l 5541 5542
l 5543 5544
l 5545 5546
l 5547 5548
l 5549 5550
l 5551 5552
l 5553 5554
l 5555 5556
l 5557 5558
l 5559 5560
l 5561 5562
l 5563 5564
l 5565 5566
l 5567 5568
l 5569 5570
l 5571 5572
l 5573 5574
l 5575 5576
l 5577 5578
l 5579 5580
l 5581 5582
l 5583 5584
l 5585 5586
l 5587 5588
l 5589 5590
l 5591 5592
l 5593 5594
l 5595 5596
l 5597 5598
l 5599 5600
l 5601 5602
l 5603 5604
l 5605 5606
l 5607 5608
l 5609 5610
l 5611 5612
l 5613 5614
l 5615 5616
l 5617 5618
l 5619 5620
l 5621 5622
l 5623 5624
l 5625 5626
l 5627 5628
l 5629 5630
l 5631 5632
l 5633 5634
l 5635 5636
l 5637 5638
l 5639 5640
l 5641 5642
l 5643 5644
l 5645 5646
l 5647 5648
l 5649 5650
l 5651 5652
l 5653 5654
l 5655 5656
l 5657 5658
l 5659 5660
l 5661 5662
l 5663 5664
l 5665 5666
l 5667 5668
l 5669 5670
l 5671 5672
l 5673 5674
l 5675 5676
l 5677 5678
l 5679 5680
l 5681 5682
l 5683 5684
l 5685 5686
l 5687 5688
l 5689 5690
l 5691 5692
l 5693 5694
l 5695 5696
l 5697 5698
l 5699 5700
l 5701 5702
l 5703 5704
l 5705 5706
l 5707 5708
l 5709 5710
l 5711 5712
l 5713 5714
l 5715 5716
l 5717 5718
l 5719 5720
l 5721 5722
l 5723 5724
l 5725 5726
l 5727 5728
l 5729 5730
l 5731 5732
l 5733 5734
l 5735 5736
l 5737 5738
l 5739 5740
l 5741 5742
l 5743 5744
l 5745 5746
l 5747 5748
l 5749 5750
l 5751 5752
l 5753 5754
l 5755 5756
l 5757 5758
l 5759 5760
l 5761 5762
l 5763 5764
l 5765 5766
l 5767 5768
l 5769 5770
l 5771 5772
l 5773 5774
l 5775 5776
l 5777 5778
l 5779 5780
l 5781 5782
l 5783 5784
l 5785 5786
l 5787 5788
l 5789 5790
l 5791 5792
l 5793 5794
l 5795 5796
l 5797 5798
l 5799 5800
l 5801 5802
l 5803 5804
l 5805 5806
l 5807 5808
l 5809 5810
l 5811 5812
l 5813 5814
l 5815 5816
l 5817 5818
l 5819 5820
l 5821 5822
l 5823 5824
l 5825 5826
l 5827 5828
l 5829 5830
l 5831 5832
l 5833 5834
l 5835 5836
l 5837 5838
l 5839 5840
l 5841 5842
l 5843 5844
l 5845 5846
l 5847 5848
l 5849 5850
l 5851 5852
l 5853 5854
l 5855 5856
l 5857 5858
l 5859 5860
l 5861 5862
l 5863 5864
l 5865 5866
l 5867 5868
l 5869 5870
l 5871 5872
l 5873 5874
l 5875 5876
l 5877 5878
l 5879 5880
l 5881 5882
l 5883 5884
l 5885 5886
l 5887 5888
l 5889 5890
l 5891 5892
l 5893 5894
l 5895 5896
l 5897 5898
l 5899 5900
l 5901 5902
l 5903 5904
l 5905 5906
l 5907 5908
l 5909 5910
l 5911 5912
l 5913 5914
l 5915 5916
l 5917 5918
l 5919 5920
l 5921 5922
l 5923 5924
l 5925 5926
l 5927 5928
l 5929 5930
l 5931 5932
l 5933 5934
l 5935 5936
l 5937 5938
l 5939 5940
l 5941 5942
l 5943 5944
l 5945 5946
l 5947 5948
l 5949 5950
l 5951 5952
l 5953 5954
l 5955 5956
l 5957 5958
l 5959 5960
l 5961 5962
l 5963 5964
l 5965 5966
l 5967 5968
l 5969 5970
l 5971 5972
l 5973 5974
l 5975 5976
l 5977 5978
l 5979 5980
l 5981 5982
l 5983 5984
l 5985 5986
l 5987 5988
l 5989 5990
l 5991 5992
l 5993 5994
l 5995 5996
l 5997 5998
l 5999 6000
l 6001 6002
l 6003 6004
l 6005 6006
l 6007 6008
l 6009 6010
l 6011 6012
l 6013 6014
l 6015 6016
l 6017 6018
l 6019 6020
l 6021 6022
l 6023 6024
l 6025 6026
l 6027 6028
l 6029 6030
l 6031 6032
l 6033 6034
l 6035 6036
l 6037 6038
l 6039 6040
l 6041 6042
l 6043 6044
l 6045 6046
l 6047 6048
l 6049 6050
l 6051 6052
l 6053 6054
l 6055 6056
l 6057 6058
l 6059 6060
l 6061 6062
l 6063 6064
l 6065 6066
l 6067 6068
l 6069 6070
l 6071 6072
l 6073 6074
l 6075 6076
l 6077 6078
l 6079 6080
l 6081 6082
l 6083 6084
l 6085 6086
l 6087 6088
l 6089 6090
l 6091 6092
l 6093 6094
l 6095 6096
l 6097 6098
l 6099 6100
l 6101 6102
l 6103 6104
l 6105 6106
l 6107 6108
l 6109 6110
l 6111 6112
l 6113 6114
l 6115 6116
l 6117 6118
l 6119 6120
l 6121 6122
l 6123 6124
l 6125 6126
l 6127 6128
l 6129 6130
l 6131 6132
l 6133 6134
l 6135 6136
l 6137 6138
l 6139 6140
l 6141 6142
l 6143 6144
l 6145 6146
l 6147 6148
l 6149 6150
l 6151 6152
l 6153 6154
l 6155 6156
l 6157 6158
l 6159 6160
l 6161 6162
l 6163 6164
l 6165 6166
l 6167 6168
l 6169 6170
l 6171 6172
l 6173 6174
l 6175 6176
l 6177 6178
l 6179 6180
l 6181 6182
l 6183 6184
l 6185 6186
l 6187 6188
l 6189 6190
l 6191 6192
l 6193 6194
l 6195 6196
l 6197 6198
l 6199 6200
l 6201 6202
l 6203 6204
l 6205 6206
l 6207 6208
l 6209 6210
l 6211 6212
l 6213 6214
l 6215 6216
l 6217 6218
l 6219 6220
l 6221 6222
l 6223 6224
l 6225 6226
l 6227 6228
l 6229 6230
l 6231 6232
l 6233 6234
l 6235 6236
l 6237 6238
l 6239 6240
l 6241 6242
l 6243 6244
l 6245 6246
l 6247 6248
l 6249 6250
l 6251 6252
