{"max_vertex": 168, "max_face": 167, "dfa": {}, "vertex": {"0": {"y": 0.29440173113722273, "z": 0.21497350302724791, "x": 1.048263745632418}, "1": {"y": 0.30186507212104741, "z": 0.10931957797959446, "x": 1.1394252788646186}, "2": {"y": 0.40000000596046448, "z": 0.12521673836988437, "x": 1.1410448862503302}, "3": {"y": 0.39590941662979973, "z": 0.25394822717549065, "x": 1.0543035050749512}, "4": {"y": 0.1771947460287408, "z": 0.16479124390551292, "x": 1.0228052620488635}, "5": {"y": 0.20109628395424684, "z": 0.085121173660823377, "x": 1.1385955313318028}, "6": {"y": 0.39070436765352767, "z": 0.31577611849730042, "x": 0.94870349618505578}, "7": {"y": 0.28262348696792566, "z": 0.24914077774162133, "x": 0.92576291377413833}, "8": {"y": 0.20000000298023224, "z": 0.0, "x": 1.2000000476837158}, "9": {"y": 0.30000001192092896, "z": 0.0, "x": 1.2000000476837158}, "10": {"y": 0.08030595249145582, "z": 0.07514388328316951, "x": 1.1142246048791133}, "11": {"y": 0.10000000149011612, "z": 0.0, "x": 1.2000000476837158}, "12": {"y": 0.8278668393962092, "z": 0.31475435777415589, "x": 0.38912867817629604}, "13": {"y": 0.94870351442334, "z": 0.31577615161132333, "x": 0.39070433153201212}, "14": {"y": 0.91737651685141564, "z": 0.24914077014332139, "x": 0.27423709468507762}, "15": {"y": 0.84934301140720803, "z": 0.37868241849190909, "x": 0.49655848708145556}, "16": {"y": 0.954138325248443, "z": 0.3559236012992063, "x": 0.4918507922572008}, "17": {"y": 0.73151404829395261, "z": 0.34917426161082721, "x": 0.48947541282920115}, "18": {"y": 0.70344142864386339, "z": 0.37868223458091177, "x": 0.35065698112017119}, "19": {"y": 1.1394251681174423, "z": 0.10931951608116773, "x": 0.30186507211787184}, "20": {"y": 1.2000000476837158, "z": 0.0, "x": 0.30000001192092896}, "21": {"y": 1.2000000476837158, "z": 0.0, "x": 0.20000000298023224}, "22": {"y": 1.1385953878845709, "z": 0.085121070562422907, "x": 0.20109628395296469}, "23": {"y": 1.1410448465010479, "z": 0.12521671737455731, "x": 0.40000000596046448}, "24": {"y": 1.2000000476837158, "z": 0.0, "x": 0.40000000596046448}, "25": {"y": 1.0482636574638668, "z": 0.21497335653615593, "x": 0.29440184632098476}, "26": {"y": 1.0543034729713767, "z": 0.25394817015777338, "x": 0.3959094246034629}, "27": {"y": 0.69999998807907104, "z": 0.0, "x": 0.0}, "28": {"y": 0.60000002384185791, "z": 0.0, "x": 0.0}, "29": {"y": 0.60000002384185791, "z": 0.13575657888519507, "x": 0.056810220905334906}, "30": {"y": 0.69999998807907104, "z": 0.13282239699995246, "x": 0.057190059431103529}, "31": {"y": 0.5, "z": 0.0, "x": 0.0}, "32": {"y": 0.5, "z": 0.13281983292351515, "x": 0.057194812182206491}, "33": {"y": 0.0, "z": 0.0, "x": 0.30000001192092896}, "34": {"y": 0.0, "z": 0.0, "x": 0.40000000596046448}, "35": {"y": 0.058965418367120145, "z": 0.12521124284877627, "x": 0.40000000596046448}, "36": {"y": 0.060591229253288734, "z": 0.10931031327364372, "x": 0.30186506943469515}, "37": {"y": 0.061425597190159296, "z": 0.085105958979643737, "x": 0.20109627724714663}, "38": {"y": 0.0, "z": 0.0, "x": 0.20000000298023224}, "39": {"y": 1.11422460392075, "z": 0.075118131701762098, "x": 1.1196662105211264}, "40": {"y": 1.2000000476837158, "z": 0.0, "x": 1.2000000476837158}, "41": {"y": 1.2000000476837158, "z": 0.0, "x": 1.1000000238418579}, "42": {"y": 1.1000000238418579, "z": 0.0, "x": 1.2000000476837158}, "43": {"y": 1.2000000476837158, "z": 0.0, "x": 1.0}, "44": {"y": 1.1385744204376225, "z": 0.085105981599860006, "x": 0.99890372595153276}, "45": {"y": 0.99890372592510068, "z": 0.085106103556127244, "x": 1.138574590060617}, "46": {"y": 1.0, "z": 0.0, "x": 1.2000000476837158}, "47": {"y": 0.5, "z": 0.13282244614735353, "x": 1.1428099543079704}, "48": {"y": 0.5, "z": 0.0, "x": 1.2000000476837158}, "49": {"y": 0.60000002384185791, "z": 0.0, "x": 1.2000000476837158}, "50": {"y": 0.60000002384185791, "z": 0.13575662800935623, "x": 1.1431897935232551}, "51": {"y": 0.40000000596046448, "z": 0.0, "x": 1.2000000476837158}, "52": {"y": 0.60116906977761575, "z": 0.28196233717263874, "x": 1.0617449066395355}, "53": {"y": 0.49677197158374775, "z": 0.2742800463239321, "x": 1.0602902260257905}, "54": {"y": 0.49185089468908105, "z": 0.35592343813795707, "x": 0.95413825251188689}, "55": {"y": 0.60381349170962284, "z": 0.37062571804975941, "x": 0.95704566799265356}, "56": {"y": 0.60217472916513048, "z": 0.39841081853833371, "x": 0.84870593991837295}, "57": {"y": 0.49655857777136825, "z": 0.3786822425404901, "x": 0.84934302351335222}, "58": {"y": 0.70322755910720791, "z": 0.27426660446089357, "x": 1.0602740789249419}, "59": {"y": 0.7081418926515779, "z": 0.35588388477954436, "x": 0.95411914807610221}, "60": {"y": 0.69999998807907104, "z": 0.13281987893404051, "x": 1.1428052029044382}, "61": {"y": 0.057194815192266997, "z": 0.13281983139089354, "x": 0.5}, "62": {"y": 0.1397258654820579, "z": 0.27426658400201981, "x": 0.49677240392319455}, "63": {"y": 0.14572630028256234, "z": 0.25392058354277386, "x": 0.39592044636748819}, "64": {"y": 0.0, "z": 0.0, "x": 0.5}, "65": {"y": 0.15177260670345014, "z": 0.21492963488200803, "x": 0.29443018563373824}, "66": {"y": 0.60000002384185791, "z": 0.38884786872929322, "x": 0.75394143416812254}, "67": {"y": 0.70341956355297497, "z": 0.37862571466414574, "x": 0.84934351702033328}, "68": {"y": 0.73154010365447586, "z": 0.34911467609500635, "x": 0.71046866745748161}, "69": {"y": 0.46848595396772441, "z": 0.34917425118140516, "x": 0.71052459280955949}, "70": {"y": 0.59202774842896877, "z": 0.35215174828658502, "x": 0.60000002384185791}, "71": {"y": 0.59883096404472114, "z": 0.28196230059453553, "x": 0.13825507897776343}, "72": {"y": 0.70322802841589604, "z": 0.27428001264367174, "x": 0.13970976268466262}, "73": {"y": 0.59618653236781682, "z": 0.37062571334201039, "x": 0.24295432536712747}, "74": {"y": 0.70814911108797141, "z": 0.35592343370195001, "x": 0.24586174980297015}, "75": {"y": 0.49677243304233842, "z": 0.27426656922713055, "x": 0.1397259041140772}, "76": {"y": 0.49185809253846635, "z": 0.35588387940182398, "x": 0.24588084091653822}, "77": {"y": 0.80407958764625898, "z": 0.2539207079348384, "x": 1.0542737503881896}, "78": {"y": 0.80925435657320222, "z": 0.31571141213939036, "x": 0.94868182750646923}, "79": {"y": 0.80000001192092896, "z": 0.12521131343690142, "x": 1.1410346573756174}, "80": {"y": 0.90556994304662741, "z": 0.21492985510044052, "x": 1.0482274973204029}, "81": {"y": 0.89813492219059332, "z": 0.10931042940201152, "x": 1.1394089306951507}, "82": {"y": 1.0227681402319186, "z": 0.16470783736442593, "x": 1.0227681402319186}, "83": {"y": 0.91729984184937474, "z": 0.24903364020241758, "x": 0.92576192044647931}, "84": {"y": 1.2000000476837158, "z": 0.0, "x": 0.80000001192092896}, "85": {"y": 1.2000000476837158, "z": 0.0, "x": 0.69999998807907104}, "86": {"y": 1.1428051998943765, "z": 0.13281987740141726, "x": 0.69999998807907104}, "87": {"y": 1.1410345977284138, "z": 0.12521128193840236, "x": 0.80000001192092896}, "88": {"y": 0.40000000596046448, "z": 0.0, "x": 0.0}, "89": {"y": 0.30000001192092896, "z": 0.0, "x": 0.0}, "90": {"y": 0.30186506944807467, "z": 0.10931039441935145, "x": 0.060591084054403478}, "91": {"y": 0.40000000596046448, "z": 0.12521127434724891, "x": 0.058965358719940547}, "92": {"y": 0.20000000298023224, "z": 0.0, "x": 0.0}, "93": {"y": 0.20109627727357832, "z": 0.085106080935816369, "x": 0.061425427567202727}, "94": {"y": 0.37210641171890535, "z": 0.31466178248943333, "x": 0.38920720258305375}, "95": {"y": 0.49658043178631961, "z": 0.37862571730561562, "x": 0.35065649249712288}, "96": {"y": 0.39074563659264538, "z": 0.31571139571755458, "x": 0.25131816640876065}, "97": {"y": 0.46845992510395407, "z": 0.34911468244645816, "x": 0.48953135126622183}, "98": {"y": 0.35065650455750674, "z": 0.37862589159946342, "x": 0.49658033974644689}, "99": {"y": 0.25131815230902138, "z": 0.31571140394534436, "x": 0.39074562164282012}, "100": {"y": 0.24588076966974495, "z": 0.35588402555978238, "x": 0.4918579922279197},