-9e-09 0.391960604 -0.919982002 0.999000999 0.9578955688
-0.511339266 0.511151184 -0.690837624 0.999000999 0.9578955688
-0.680160127 0.681042627 -0.271225259 0.999000999 0.9578955688
5.0674e-05 3.6196e-05 -0.999999998 0.999000999 0.9578955688
0.017644586 0.998084217 -0.059300619 0.999000999 0.9578955688
0.103586949 0.406643392 -0.907695376 0.999000999 0.9578955688
0.055686246 0.422912256 -0.904457995 0.999000999 0.9578955688
-0.084224303 0.46395911 -0.881843643 0.999000999 0.9578955688
-0.357543099 0.744935136 -0.563235808 0.999000999 0.9578955688
0.152480884 0.387264421 -0.909272153 0.999000999 0.9578955688
0.065941893 0.735115771 -0.67472696 0.999000999 0.9578955688
-0.608210303 0.616936683 -0.499469075 0.999000999 0.9578955688
-0.020102018 0.445135657 -0.895237486 0.999000999 0.9578955688
0.042489041 0.775559278 -0.629843225 0.999000999 0.9578955688
-0.700352176 0.71327002 -0.027435518 0.999000999 0.9578955688
-0.320412857 0.631765411 -0.705838555 0.999000999 0.9578955688
0.002953926 0.948876455 0.315633883 0.999000999 0.9578955688
0.003010502 0.56374142 -0.825945851 0.999000999 0.9578955688
0.080392307 0.575791823 -0.813634349 0.999000999 0.9578955688
-0.202809607 0.515428727 -0.832587227 0.999000999 0.9578955688
-0.515947508 0.856600857 0.005756708 0.999000999 0.9578955688
0.044973457 0.600976719 -0.798000232 0.999000999 0.9578955688
-0.169617164 0.534791167 -0.827785254 0.999000999 0.9578955688
-0.200996715 0.961943761 -0.185106785 0.999000999 0.9578955688
-0.653476884 0.622462526 -0.430706822 0.999000999 0.9578955688
0.015402158 0.906755931 0.421374484 0.999000999 0.9578955688
-0.43011134 0.592761095 -0.680910067 0.999000999 0.9578955688
0.113659755 0.44221141 -0.889680015 0.999000999 0.9578955688
0.023482758 0.637679231 -0.769943997 0.999000999 0.9578955688
-0.248416287 0.783411788 -0.569697568 0.999000999 0.9578955688
-0.450030776 0.862170967 -0.232666122 0.999000999 0.9578955688
0.018981434 0.907902661 -0.418751076 0.999000999 0.9578955688
-0.445558089 0.696298552 -0.562713351 0.999000999 0.9578955688
0.109227772 0.432077811 -0.895197218 0.999000999 0.9578955688
-0.411362808 0.553704552 -0.724010987 0.999000999 0.9578955688
-0.564400209 0.565284973 -0.601585657 0.999000999 0.9578955688
-0.388147702 0.884595501 -0.25851917 0.999000999 0.9578955688
-0.000737426 0.999651032 -0.026405865 0.999000999 0.9578955688
-0.701442064 0.687707541 -0.187182713 0.999000999 0.9578955688
-0.600498807 0.660256292 -0.451068521 0.999000999 0.9578955688
0.054904162 0.48607433 -0.872191079 0.999000999 0.9578955688
-0.269843983 0.54110569 -0.796485315 0.999000999 0.9578955688
-0.044811885 0.964296789 -0.261004977 0.999000999 0.9578955688
-0.277611261 0.920546775 0.274819253 0.999000999 0.9578955688
-9e-09 0.483084092 -0.87557396 0.999000999 0.9578955688
-0.431578428 0.896353712 0.101440045 0.999000999 0.9578955688
-0.484380114 0.739094532 -0.468097402 0.999000999 0.9578955688
-0.585750114 0.585574319 -0.560356602 0.999000999 0.9578955688
-0.200238577 0.642568455 -0.739601442 0.999000999 0.9578955688
-0.637207303 0.673576886 -0.374514393 0.999000999 0.9578955688
-0.073898101 0.595472893 -0.79996944 0.999000999 0.9578955688
-0.080810871 0.751401377 -0.654878289 0.999000999 0.9578955688
-0.285530619 0.944394931 -0.163065876 0.999000999 0.9578955688
-0.660070715 0.74033521 -0.127320184 0.999000999 0.9578955688
-0.639382468 0.684942794 -0.349347148 0.999000999 0.9578955688
-0.624798807 0.780385366 -0.02500263 0.999000999 0.9578955688
0.013213644 0.922213387 0.386455519 0.999000999 0.9578955688
-0.29510471 0.787225681 -0.541469239 0.999000999 0.9578955688
-0.151404424 0.988093485 -0.027348948 0.999000999 0.9578955688
-0.075635136 0.50808853 -0.857977489 0.999000999 0.9578955688
-0.697665879 0.697672308 -0.162836333 0.999000999 0.9578955688
-0.50506821 0.644469103 -0.574078112 0.999000999 0.9578955688
-0.593796319 0.756842862 -0.273120512 0.999000999 0.9578955688
-0.07394511 0.867324876 -0.492219138 0.999000999 0.9578955688
-0.366139534 0.911737659 0.186215689 0.999000999 0.9578955688
-0.198149062 0.830096962 -0.521225462 0.999000999 0.9578955688
-0.137194347 0.981485348 0.13365711 0.999000999 0.9578955688
-0.487631814 0.789542713 -0.37260907 0.999000999 0.9578955688
0.001117818 0.985193811 -0.171440677 0.999000999 0.9578955688
-0.699855897 0.692377863 0.175540931 0.999000999 0.9578955688
-0.072523604 0.989499064 -0.12502771 0.999000999 0.9578955688
0.051943507 0.826577666 -0.560420587 0.999000999 0.9578955688
-0.255110565 0.869403144 -0.423151004 0.999000999 0.9578955688
-0.320326006 0.524854015 -0.788618737 0.999000999 0.9578955688
0.022939889 0.90796967 0.418407504 0.999000999 0.9578955688
-0.47328607 0.833102187 0.286253458 0.999000999 0.9578955688
-0.705951677 0.705950372 -0.057151568 0.999000999 0.9578955688
0.019237169 0.434167793 -0.900626592 0.999000999 0.9578955688
-0.504161518 0.779538536 -0.37167302 0.999000999 0.9578955688
-0.003487921 0.49428721 -0.869291659 0.999000999 0.9578955688
-0.394760706 -0.06652196 -0.916372639 0.999000999 0.9578955688
-0.996586594 0.001675565 0.08253698 0.999000999 0.9578955688
-0.40818258 -0.117785062 -0.905269938 0.999000999 0.9578955688
-0.420698628 -0.062656839 -0.905034135 0.999000999 0.9578955688
-0.476482155 0.101579651 -0.873296244 0.999000999 0.9578955688
-0.731632963 0.350924896 -0.584435561 0.999000999 0.9578955688
-0.392470716 -0.162602759 -0.90527735 0.999000999 0.9578955688
-0.665369437 0.015379212 -0.746355808 0.999000999 0.9578955688
-0.442519051 0.021284609 -0.896506472 0.999000999 0.9578955688
-0.723315187 0.059883743 -0.687916475 0.999000999 0.9578955688
-0.63464321 0.328215079 -0.699644808 0.999000999 0.9578955688
-0.951878659 -0.031078764 0.304895276 0.999000999 0.9578955688
-0.626301251 0.025314892 -0.779170007 0.999000999 0.9578955688
-0.570628134 -0.138336929 -0.809472932 0.999000999 0.9578955688
-0.484746986 0.182975291 -0.855301352 0.999000999 0.9578955688
-0.83424731 0.542364635 0.099358086 0.999000999 0.9578955688
-0.617949971 -0.039822099 -0.785208274 0.999000999 0.9578955688
-0.53196338 0.173880429 -0.828722245 0.999000999 0.9578955688
-0.937808502 0.190560997 -0.290175326 0.999000999 0.9578955688
-0.930696519 9.9e-08 0.365792276 0.999000999 0.9578955688
-0.607890735 0.453427056 -0.651822643 0.999000999 0.9578955688
-0.489677118 -0.139400587 -0.860687979 0.999000999 0.9578955688
-0.643018079 -0.022810883 -0.765511211 0.999000999 0.9578955688
-0.737455791 0.218344858 -0.639127906 0.999000999 0.9578955688
-0.797012903 0.544672564 -0.260964042 0.999000999 0.9578955688
-0.893002189 0.015051284 -0.449800566 0.999000999 0.9578955688
-0.695661867 0.461393724 -0.550609115 0.999000999 0.9578955688
-0.45340269 -0.175121294 -0.873932796 0.999000999 0.9578955688
-0.55671044 0.41972673 -0.716870252 0.999000999 0.9578955688
-0.861911735 0.350189938 -0.366708561 0.999000999 0.9578955688
-0.998376463 0.004843279 0.056753692 0.999000999 0.9578955688
-0.670070512 0.568725726 -0.477028884 0.999000999 0.9578955688
-0.48910538 -0.065197127 -0.869784606 0.999000999 0.9578955688
-0.542066764 0.279913238 -0.792346012 0.999000999 0.9578955688
-0.938849255 0.038228541 -0.342199729 0.999000999 0.9578955688
-0.890674764 0.257445898 0.374726666 0.999000999 0.9578955688
-0.519376177 -0.130135562 -0.844578665 0.999000999 0.9578955688
-0.923452879 0.381213639 0.043714313 0.999000999 0.9578955688
-0.742751729 0.469920082 -0.476964344 0.999000999 0.9578955688
-0.640698931 0.205885368 -0.739672965 0.999000999 0.9578955688
-0.657617031 0.115598707 -0.744430507 0.999000999 0.9578955688
-0.706761752 0.075739195 -0.703385669 0.999000999 0.9578955688
-0.962611279 0.253126485 -0.096470248 0.999000999 0.9578955688
-0.751634229 0.63429701 -0.180868155 0.999000999 0.9578955688
-0.705627261 0.563235412 -0.42994888 0.999000999 0.9578955688
-0.778209373 0.627973676 -0.006263688 0.999000999 0.9578955688
-0.919424073 -0.033148451 0.391868032 0.999000999 0.9578955688
-0.78852324 0.320556194 -0.524856959 0.999000999 0.9578955688
-0.990387425 0.13504803 0.029912833 0.999000999 0.9578955688
-0.517989653 0.088431677 -0.850803478 0.999000999 0.9578955688
-0.64303698 0.520822104 -0.561469303 0.999000999 0.9578955688
-0.678427926 0.706712873 -0.20072983 0.999000999 0.9578955688
-0.835407619 0.108535288 -0.53880813 0.999000999 0.9578955688
-0.870930407 0.393201499 0.294741934 0.999000999 0.9578955688
-0.768047269 0.179488331 -0.614725412 0.999000999 0.9578955688
-0.984091974 0.120457568 0.130586984 0.999000999 0.9578955688
-0.81070596 0.477107386 -0.339299851 0.999000999 0.9578955688
-0.972614073 -0.006721365 -0.232328835 0.999000999 0.9578955688
-0.988188944 0.068168905 -0.13724289 0.999000999 0.9578955688
-0.840415646 0.057860308 -0.538844808 0.999000999 0.9578955688
-0.881296184 0.32990085 -0.338352576 0.999000999 0.9578955688
-0.497271399 0.293495484 -0.81644446 0.999000999 0.9578955688
-0.901487985 -0.00852132 0.432720232 0.999000999 0.9578955688
-0.856817856 0.453072167 0.24614787 0.999000999 0.9578955688
-0.428408416 -0.022911478 -0.903294688 0.999000999 0.9578955688
-0.749153228 0.516476404 -0.414754826 0.999000999 0.9578955688
-0.482578023 0.000143299 -0.875852973 0.999000999 0.9578955688
0.510027647 0.512484254 -0.690819578 0.999000999 0.9578955688
0.678963982 0.682043773 -0.271706095 0.999000999 0.9578955688
-0.09117883 0.427004001 -0.899641042 0.999000999 0.9578955688
-0.039270581 0.428813896 -0.902538899 0.999000999 0.9578955688
0.087376523 0.433208059 -0.897048561 0.999000999 0.9578955688
0.435349421 0.759244457 -0.483754831 0.999000999 0.9578955688
-0.151971982 0.374210762 -0.91480644 0.999000999 0.9578955688
-0.015386676 0.704585723 -0.709452049 0.999000999 0.9578955688
0.599182983 0.628728379 -0.495661556 0.999000999 0.9578955688
0.0330298 0.432569692 -0.90099528 0.999000999 0.9578955688
0.693822749 0.71916042 -0.03766011 0.999000999 0.9578955688
0.362745257 0.666951025 -0.650839618 0.999000999 0.9578955688
0.030010217 0.596073169 -0.802369095 0.999000999 0.9578955688
-0.064593725 0.567886749 -0.820568273 0.999000999 0.9578955688
0.148770348 0.438013859 -0.886572751 0.999000999 0.9578955688
0.395892141 0.89033743 -0.224874794 0.999000999 0.9578955688
-0.016552917 0.614535593 -0.788715415 0.999000999 0.9578955688
0.216188056 0.55749435 -0.801537756 0.999000999 0.9578955688
0.199036414 0.937552134 -0.285272679 0.999000999 0.9578955688
0.648715533 0.616732702 -0.445879953 0.999000999 0.9578955688
0.479757052 0.619994857 -0.62083778 0.999000999 0.9578955688
-0.100375187 0.47047283 -0.876687024 0.999000999 0.9578955688
0.247469876 0.749972642 -0.613432716 0.999000999 0.9578955688
0.580774242 0.811055261 -0.069933132 0.999000999 0.9578955688
0.507704711 0.720192842 -0.472819413 0.999000999 0.9578955688
-0.108232672 0.428463799 -0.89705321 0.999000999 0.9578955688
0.425797988 0.558777996 -0.711662297 0.999000999 0.9578955688
0.565836681 0.578731038 -0.587281223 0.999000999 0.9578955688
0.454545506 0.872712617 -0.178216363 0.999000999 0.9578955688
0.712471969 0.680793972 -0.170009589 0.999000999 0.9578955688
0.586178954 0.678757087 -0.44236077 0.999000999 0.9578955688
-0.047274859 0.47019732 -0.881294257 0.999000999 0.9578955688
0.329687733 0.570525394 -0.752201285 0.999000999 0.9578955688
0.052855877 0.944299949 -0.324813582 0.999000999 0.9578955688
0.331885015 0.835393452 0.438143946 0.999000999 0.9578955688
0.43855243 0.897835253 0.03954269 0.999000999 0.9578955688
0.503803089 0.758423578 -0.413492592 0.999000999 0.9578955688
0.584695728 0.572462805 -0.574819312 0.999000999 0.9578955688
0.223091676 0.653545807 -0.723262042 0.999000999 0.9578955688
0.662700533 0.661123089 -0.351773031 0.999000999 0.9578955688
0.112461506 0.636138202 -0.76333518 0.999000999 0.9578955688
0.081572411 0.713521596 -0.695868431 0.999000999 0.9578955688
0.313751146 0.94151716 -0.122905072 0.999000999 0.9578955688
0.656084693 0.740315427 -0.146580844 0.999000999 0.9578955688
0.519709928 0.699926757 -0.48990216 0.999000999 0.9578955688
0.667539871 0.743900011 0.03167481 0.999000999 0.9578955688
0.331461901 0.802892418 -0.495476309 0.999000999 0.9578955688
0.135271695 0.985221509 -0.105072106 0.999000999 0.9578955688
0.096091556 0.511799213 -0.853714225 0.999000999 0.9578955688
0.697666563 0.697671657 -0.162836195 0.999000999 0.9578955688
0.474455411 0.642894735 -0.601313914 0.999000999 0.9578955688
0.667611495 0.717043692 -0.200357771 0.999000999 0.9578955688
0.096395516 0.836559887 -0.539328713 0.999000999 0.9578955688
0.375263364 0.904451427 0.202842364 0.999000999 0.9578955688
0.199891801 0.797445391 -0.569318994 0.999000999 0.9578955688
0.148447208 0.981355667 0.122083914 0.999000999 0.9578955688
0.330764088 0.778395023 -0.533569402 0.999000999 0.9578955688
0.698608567 0.697127102 0.161120679 0.999000999 0.9578955688
0.095964808 0.988602124 -0.116002566 0.999000999 0.9578955688
0.010199494 0.846425352 -0.532409704 0.999000999 0.9578955688
0.252688641 0.859651617 -0.444013004 0.999000999 0.9578955688
0.275624891 0.4850178 -0.829932921 0.999000999 0.9578955688
0.485362333 0.838735384 0.24687317 0.999000999 0.9578955688
0.705951022 0.705951022 -0.057151635 0.999000999 0.9578955688
-0.011122751 0.408494757 -0.912692894 0.999000999 0.9578955688
0.636944815 0.740459798 -0.214524102 0.999000999 0.9578955688
0.014166686 0.475417466 -0.879646257 0.999000999 0.9578955688
0.401632128 -0.090504345 -0.911318055 0.999000999 0.9578955688
0.415813846 -0.039202752 -0.908604419 0.999000999 0.9578955688
0.455114993 0.102068704 -0.884563352 0.999000999 0.9578955688
0.693999161 0.316390108 -0.646732143 0.999000999 0.9578955688
0.381415814 -0.147585186 -0.912546212 0.999000999 0.9578955688
0.706604882 0.021760363 -0.707273658 0.999000999 0.9578955688
0.436368225 0.037402352 -0.898990454 0.999000999 0.9578955688
0.636196548 0.334776962 -0.695110307 0.999000999 0.9578955688
0.588209423 0.039220099 -0.807757054 0.999000999 0.9578955688
0.563310046 -0.051086007 -0.824664788 0.999000999 0.9578955688
0.470042004 0.182173893 -0.863639501 0.999000999 0.9578955688
0.837081949 0.544803283 0.049831658 0.999000999 0.9578955688
0.601374363 -0.005841575 -0.798946025 0.999000999 0.9578955688
0.529611518 0.184846092 -0.827854795 0.999000999 0.9578955688
0.92637989 0.175076119 -0.333419633 0.999000999 0.9578955688
0.611843578 0.468630561 -0.637207057 0.999000999 0.9578955688
0.461848442 -0.096733557 -0.881668098 0.999000999 0.9578955688
0.695682993 0.201870609 -0.689400777 0.999000999 0.9578955688
0.834420697 0.495698346 -0.240884307 0.999000999 0.9578955688
0.688219508 0.485828284 -0.538817954 0.999000999 0.9578955688
0.430499059 -0.106670765 -0.896265534 0.999000999 0.9578955688
0.565782401 0.465556396 -0.680549423 0.999000999 0.9578955688
0.853068516 0.341657643 -0.394390875 0.999000999 0.9578955688
0.666835702 0.577347144 -0.471169206 0.999000999 0.9578955688
0.462129882 -0.042214697 -0.885806916 0.999000999 0.9578955688
0.553825086 0.316589466 -0.770096672 0.999000999 0.9578955688
0.951562802 0.036761194 -0.30524883 0.999000999 0.9578955688
0.92510149 0.252248055 0.283827679 0.999000999 0.9578955688
0.902336512 0.417654702 0.106552191 0.999000999 0.9578955688
0.738443136 0.448920665 -0.503161974 0.999000999 0.9578955688
0.631456764 0.212217259 -0.745805732 0.999000999 0.9578955688
0.623740842 0.118316849 -0.772624414 0.999000999 0.9578955688
0.715863223 0.100937049 -0.690906331 0.999000999 0.9578955688
0.942157979 0.299195499 -0.151064212 0.999000999 0.9578955688
0.747074952 0.649980692 -0.139298661 0.999000999 0.9578955688
0.708487751 0.562455356 -0.42625002 0.999000999 0.9578955688
0.777944763 0.628326791 -0.00271835 0.999000999 0.9578955688
0.805734228 0.345255559 -0.481238977 0.999000999 0.9578955688
0.974352156 0.17901424 0.136351674 0.999000999 0.9578955688
0.508650222 0.099034254 -0.855258539 0.999000999 0.9578955688
0.634241547 0.519118284 -0.572934435 0.999000999 0.9578955688
0.726239898 0.649324546 -0.225728254 0.999000999 0.9578955688
0.863005084 0.124589844 -0.489591254 0.999000999 0.9578955688
0.87141183 0.383428298 0.305980658 0.999000999 0.9578955688
0.818572844 0.231592067 -0.525645901 0.999000999 0.9578955688
0.978621119 0.122025139 0.165561382 0.999000999 0.9578955688
0.812295895 0.516813103 -0.27033238 0.999000999 0.9578955688
0.986027754 0.075731857 -0.148371 0.999000999 0.9578955688
0.825607658 0.016102233 -0.564014816 0.999000999 0.9578955688
0.893160302 0.334119444 -0.301046295 0.999000999 0.9578955688
0.492100963 0.299714742 -0.817317389 0.999000999 0.9578955688
0.86429734 0.441721092 0.240567213 0.999000999 0.9578955688
0.422988401 -0.003296922 -0.906129098 0.999000999 0.9578955688
0.760424035 0.567506196 -0.315740406 0.999000999 0.9578955688
0.469331082 0.016368862 -0.882870543 0.999000999 0.9578955688
-0.511775144 -0.510710138 -0.69084105 0.999000999 0.9578955688
-0.654232143 -0.696043269 -0.295810871 0.999000999 0.9578955688
0.093836844 -0.440918645 -0.892628364 0.999000999 0.9578955688
0.05160866 -0.427688857 -0.902451543 0.999000999 0.9578955688
-0.088178218 -0.461973834 -0.882499166 0.999000999 0.9578955688
-0.335108775 -0.731008342 -0.594414766 0.999000999 0.9578955688
0.144978161 -0.438114389 -0.887151123 0.999000999 0.9578955688
0.063028244 -0.759143129 -0.647865071 0.999000999 0.9578955688
-0.615752284 -0.599293914 -0.511562243 0.999000999 0.9578955688
-0.02240187 -0.446046823 -0.894729226 0.999000999 0.9578955688
-0.729046059 -0.684230882 -0.017886986 0.999000999 0.9578955688
-0.315676962 -0.642920968 -0.697854344 0.999000999 0.9578955688
-0.001422367 -0.582915277 -0.812531696 0.999000999 0.9578955688
0.078682375 -0.565052936 -0.821294261 0.999000999 0.9578955688
-0.167710874 -0.470662011 -0.866227646 0.999000999 0.9578955688
-0.45891824 -0.88338909 -0.094961916 0.999000999 0.9578955688
0.049739 -0.58343544 -0.81063501 0.999000999 0.9578955688
-0.172242248 -0.537437272 -0.82552637 0.999000999 0.9578955688
-0.166511635 -0.94133928 -0.293520418 0.999000999 0.9578955688
-0.630602896 -0.641268338 -0.43716691 0.999000999 0.9578955688
-0.469655193 -0.617495412 -0.630970218 0.999000999 0.9578955688
0.11228482 -0.453071259 -0.884374668 0.999000999 0.9578955688
-0.193697404 -0.742363138 -0.641387782 0.999000999 0.9578955688
-0.543987082 -0.824185592 -0.157467976 0.999000999 0.9578955688
-0.463259522 -0.702311279 -0.540508541 0.999000999 0.9578955688
0.106701382 -0.444844619 -0.889228924 0.999000999 0.9578955688
-0.473168702 -0.569627358 -0.672038728 0.999000999 0.9578955688
-0.580847558 -0.555307908 -0.595188409 0.999000999 0.9578955688
-0.397598086 -0.879992571 -0.259863113 0.999000999 0.9578955688
-0.669606313 -0.716247285 -0.196512626 0.999000999 0.9578955688
-0.572767122 -0.672898289 -0.468130021 0.999000999 0.9578955688
0.063238412 -0.45932633 -0.886013671 0.999000999 0.9578955688
-0.319146943 -0.562377198 -0.762808702 0.999000999 0.9578955688
0.02962257 -0.901267843 -0.432248514 0.999000999 0.9578955688
-0.187067171 -0.933852621 0.304836276 0.999000999 0.9578955688
-0.360029962 -0.932662156 0.022797583 0.999000999 0.9578955688
-0.478551231 -0.750116334 -0.45641451 0.999000999 0.9578955688
-0.56468817 -0.608787539 -0.557229759 0.999000999 0.9578955688
-0.19252785 -0.642293311 -0.74188431 0.999000999 0.9578955688
-0.688871927 -0.648111466 -0.324664434 0.999000999 0.9578955688
-0.083665131 -0.619888764 -0.780216679 0.999000999 0.9578955688
-0.056418157 -0.732976854 -0.677909967 0.999000999 0.9578955688
-0.30495963 -0.94587445 -0.111000673 0.999000999 0.9578955688
-0.547857431 -0.801889476 -0.238381007 0.999000999 0.9578955688
-0.587171743 -0.700932467 -0.40487408 0.999000999 0.9578955688
-0.605666642 -0.795349371 -0.024234196 0.999000999 0.9578955688
-0.31967554 -0.804009702 -0.50137406 0.999000999 0.9578955688
-0.17153291 -0.984418882 0.038677207 0.999000999 0.9578955688
-0.080530649 -0.515121051 -0.853325915 0.999000999 0.9578955688
-0.697671505 -0.69766641 -0.1628375 0.999000999 0.9578955688
-0.469988043 -0.641577216 -0.606209466 0.999000999 0.9578955688
-0.633053014 -0.736240298 -0.239152892 0.999000999 0.9578955688
-0.026034952 -0.820126869 -0.571589101 0.999000999 0.9578955688
-0.406415818 -0.832525405 0.376467306 0.999000999 0.9578955688
-0.168618981 -0.818345994 -0.549433775 0.999000999 0.9578955688
-0.10018926 -0.987710794 0.119956238 0.999000999 0.9578955688
-0.454819165 -0.805337939 -0.380224055 0.999000999 0.9578955688
-0.697794866 -0.697794934 0.161754612 0.999000999 0.9578955688
-0.071807372 -0.985631673 -0.152885275 0.999000999 0.9578955688
0.123732033 -0.820620642 -0.557917688 0.999000999 0.9578955688
-0.243323769 -0.860875045 -0.446864297 0.999000999 0.9578955688
-0.290443782 -0.492539132 -0.820394791 0.999000999 0.9578955688
-0.451789145 -0.857485266 0.246182018 0.999000999 0.9578955688
-0.705951027 -0.705951027 -0.057151501 0.999000999 0.9578955688
0.015890033 -0.438805933 -0.89844135 0.999000999 0.9578955688
-0.63456126 -0.732088828 -0.247745748 0.999000999 0.9578955688
0.001915894 -0.480646595 -0.876912299 0.999000999 0.9578955688
-0.402819851 0.074376999 -0.912252284 0.999000999 0.9578955688
-0.395829585 0.028617635 -0.917877972 0.999000999 0.9578955688
-0.41035338 -0.081864596 -0.908244621 0.999000999 0.9578955688
-0.719126071 -0.338466099 -0.606875929 0.999000999 0.9578955688
-0.377341599 0.144834559 -0.914678232 0.999000999 0.9578955688
-0.711440082 0.005604941 -0.702724409 0.999000999 0.9578955688
-0.423122616 -0.042269744 -0.905085919 0.999000999 0.9578955688
-0.661637107 -0.387505626 -0.641931249 0.999000999 0.9578955688
-0.605990036 -0.05774708 -0.793373399 0.999000999 0.9578955688
-0.607788951 -0.003425723 -0.794091213 0.999000999 0.9578955688
-0.447708298 -0.15607172 -0.880453802 0.999000999 0.9578955688
-0.874516913 -0.480429491 -0.066390314 0.999000999 0.9578955688
-0.615288119 -0.011629951 -0.788216515 0.999000999 0.9578955688
-0.543711793 -0.214451371 -0.811411175 0.999000999 0.9578955688
-0.947289252 -0.208858599 -0.242942706 0.999000999 0.9578955688
-0.598882025 -0.47936607 -0.641520453 0.999000999 0.9578955688
-0.461132753 0.070303994 -0.884541651 0.999000999 0.9578955688
-0.709040964 -0.206854788 -0.674145391 0.999000999 0.9578955688
-0.840893464 -0.508572579 -0.18507327 0.999000999 0.9578955688
-0.694442288 -0.429133658 -0.577576154 0.999000999 0.9578955688
-0.444632168 0.035088779 -0.895025705 0.999000999 0.9578955688
-0.545076985 -0.387757472 -0.743327131 0.999000999 0.9578955688
-0.881147251 -0.422118369 -0.213062445 0.999000999 0.9578955688
-0.670790323 -0.55008272 -0.497442805 0.999000999 0.9578955688
-0.468873386 0.023163851 -0.882961598 0.999000999 0.9578955688
-0.53187387 -0.277950111 -0.799908696 0.999000999 0.9578955688
-0.935248381 -0.043018212 -0.351368609 0.999000999 0.9578955688
-0.871548789 -0.323401518 0.368529736 0.999000999 0.9578955688
-0.867132031 -0.459771511 0.19155208 0.999000999 0.9578955688
-0.739084426 -0.481940096 -0.470625069 0.999000999 0.9578955688
-0.649887091 -0.234353651 -0.722997328 0.999000999 0.9578955688
-0.628178704 -0.127437677 -0.767561824 0.999000999 0.9578955688
-0.707098779 -0.095377854 -0.700652825 0.999000999 0.9578955688
-0.943109247 -0.301652396 -0.139824107 0.999000999 0.9578955688
-0.739599358 -0.663574857 -0.112521988 0.999000999 0.9578955688
-0.694454727 -0.605293814 -0.389039883 0.999000999 0.9578955688
-0.751463379 -0.658482201 0.041279319 0.999000999 0.9578955688
-0.780779689 -0.321991091 -0.535448237 0.999000999 0.9578955688
-0.982852582 -0.166686399 0.078844448 0.999000999 0.9578955688
-0.51719803 -0.116510044 -0.847898348 0.999000999 0.9578955688
-0.648786072 -0.53051017 -0.54555989 0.999000999 0.9578955688
-0.741009696 -0.627082689 -0.24014981 0.999000999 0.9578955688
-0.829848742 -0.098635903 -0.549201259 0.999000999 0.9578955688
-0.89599895 -0.393760173 0.205277393 0.999000999 0.9578955688
-0.772310464 -0.182264423 -0.608536135 0.999000999 0.9578955688
-0.955669447 -0.164560742 0.244163205 0.999000999 0.9578955688
-0.799759146 -0.475158079 -0.366892502 0.999000999 0.9578955688
-0.987828895 -0.085004903 -0.130262198 0.999000999 0.9578955688
-0.789407271 0.010411607 -0.613781524 0.999000999 0.9578955688
-0.871364712 -0.299169738 -0.388871453 0.999000999 0.9578955688
-0.498665319 -0.291836908 -0.816188776 0.999000999 0.9578955688
-0.875785049 -0.438901753 0.200912418 0.999000999 0.9578955688
-0.389191412 0.002961162 -0.921152146 0.999000999 0.9578955688
-0.760644943 -0.571884801 -0.307192195 0.999000999 0.9578955688
-0.494739092 -0.042082958 -0.868022036 0.999000999 0.9578955688
-9e-09 -0.391961006 -0.919981831 0.999000999 0.9578955688
0.526304615 -0.543525714 -0.653898501 0.999000999 0.9578955688
0.674243315 -0.685114897 -0.275705513 0.999000999 0.9578955688
0.00152982 -0.995823605 -0.091285308 0.999000999 0.9578955688
-0.109238851 -0.441573573 -0.890550197 0.999000999 0.9578955688
-0.06059312 -0.419886215 -0.905551788 0.999000999 0.9578955688
0.084270068 -0.463857532 -0.881892706 0.999000999 0.9578955688
0.339180092 -0.730324039 -0.592944907 0.999000999 0.9578955688
-0.162618932 -0.387812 -0.907279965 0.999000999 0.9578955688
-0.032499444 -0.706999575 -0.706466834 0.999000999 0.9578955688
0.610524101 -0.610187775 -0.504907122 0.999000999 0.9578955688
0.010647082 -0.433246693 -0.901212485 0.999000999 0.9578955688
0.059863952 -0.803629662 -0.5921112 0.999000999 0.9578955688
0.700766972 -0.713266997 -0.013260511 0.999000999 0.9578955688
0.331309244 -0.64474316 -0.688868959 0.999000999 0.9578955688
0.048341304 -0.958373754 0.281394501 0.999000999 0.9578955688
0.001216739 -0.577544959 -0.816357973 0.999000999 0.9578955688
-0.129698197 -0.568282944 -0.812547151 0.999000999 0.9578955688
0.168925348 -0.478450107 -0.861713248 0.999000999 0.9578955688
0.509369913 -0.860048283 -0.029312839 0.999000999 0.9578955688
-0.05546639 -0.579507297 -0.813077347 0.999000999 0.9578955688
0.171256171 -0.538228555 -0.825215939 0.999000999 0.9578955688
0.175820769 -0.933597552 -0.312222146 0.999000999 0.9578955688
0.654588555 -0.62826577 -0.4204711 0.999000999 0.9578955688
1.16e-07 -0.930697024 0.365790991 0.999000999 0.9578955688
0.452578988 -0.608986293 -0.65138925 0.999000999 0.9578955688
-0.12328851 -0.497898137 -0.858427276 0.999000999 0.9578955688
-0.015132306 -0.643224857 -0.76552779 0.999000999 0.9578955688
0.206735799 -0.741006361 -0.638881743 0.999000999 0.9578955688
0.514217573 -0.840178106 -0.172281857 0.999000999 0.9578955688
0.049227109 -0.885607389 -0.461818411 0.999000999 0.9578955688
0.444840425 -0.69720038 -0.562164234 0.999000999 0.9578955688
-0.131830636 -0.448449126 -0.884032842 0.999000999 0.9578955688
0.418511226 -0.55798299 -0.716591471 0.999000999 0.9578955688
0.556297264 -0.546897032 -0.625649255 0.999000999 0.9578955688
0.348460291 -0.876881071 -0.331141985 0.999000999 0.9578955688
0.000208116 -0.994324869 0.106386148 0.999000999 0.9578955688
0.706024322 -0.679961637 -0.197944003 0.999000999 0.9578955688
0.609097172 -0.658266584 -0.442363809 0.999000999 0.9578955688
-0.06413176 -0.48131468 -0.87419866 0.999000999 0.9578955688
0.279192072 -0.547318236 -0.788983229 0.999000999 0.9578955688
0.028140553 -0.936129372 -0.350528042 0.999000999 0.9578955688
0.279936409 -0.898541739 0.338021228 0.999000999 0.9578955688
-0.03673016 -0.492016322 -0.869810804 0.999000999 0.9578955688
0.441619096 -0.886791912 0.136281618 0.999000999 0.9578955688
0.510187128 -0.738602781 -0.440652955 0.999000999 0.9578955688
0.58557804 -0.585838847 -0.560259943 0.999000999 0.9578955688
0.194604245 -0.64100346 -0.742457912 0.999000999 0.9578955688
0.64605397 -0.669771562 -0.366087862 0.999000999 0.9578955688
0.096929677 -0.64610337 -0.757070058 0.999000999 0.9578955688
0.061808554 -0.711926845 -0.699528319 0.999000999 0.9578955688
0.283894591 -0.935532284 -0.21019802 0.999000999 0.9578955688
0.640620397 -0.753206049 -0.14928548 0.999000999 0.9578955688
0.611278264 -0.695820121 -0.377058675 0.999000999 0.9578955688
0.638977852 -0.769205219 0.005534897 0.999000999 0.9578955688
0.040577534 -0.846261187 0.531220734 0.999000999 0.9578955688
0.329239858 -0.801855804 -0.498626499 0.999000999 0.9578955688
0.179000755 -0.983048402 0.039680852 0.999000999 0.9578955688
0.086047403 -0.530132021 -0.84353772 0.999000999 0.9578955688
0.697672188 -0.697665759 -0.162837362 0.999000999 0.9578955688
0.503954371 -0.646100575 -0.573222505 0.999000999 0.9578955688
0.627236751 -0.74093139 -0.239989027 0.999000999 0.9578955688
0.103656135 -0.877890218 -0.467508472 0.999000999 0.9578955688
0.387326195 -0.878078964 0.28099066 0.999000999 0.9578955688
0.195411674 -0.816287262 -0.543589352 0.999000999 0.9578955688
0.150197204 -0.962180554 0.227265003 0.999000999 0.9578955688
0.438356861 -0.80204071 -0.405677164 0.999000999 0.9578955688
0.001955551 -0.972305358 -0.233705941 0.999000999 0.9578955688
0.696346981 -0.698210337 0.166142131 0.999000999 0.9578955688
0.059977274 -0.968970753 -0.239788252 0.999000999 0.9578955688
-0.016076908 -0.845209446 -0.53419334 0.999000999 0.9578955688
0.272702093 -0.880132083 -0.388588581 0.999000999 0.9578955688
0.29040916 -0.499721952 -0.81605177 0.999000999 0.9578955688
0.000330037 -0.901977493 0.431782923 0.999000999 0.9578955688
0.450981918 -0.857644375 0.247106124 0.999000999 0.9578955688
0.705950372 -0.705951677 -0.057151568 0.999000999 0.9578955688
-0.038076181 -0.389645309 -0.920177558 0.999000999 0.9578955688
0.498556665 -0.780587651 -0.376993596 0.999000999 0.9578955688
0.000306299 -0.48743584 -0.873158753 0.999000999 0.9578955688
0.391953716 7.8e-08 -0.919984937 0.999000999 0.9578955688
0.999676625 -0.001436653 0.025388607 0.999000999 0.9578955688
0.405895114 0.102412554 -0.908163435 0.999000999 0.9578955688
0.419509519 0.051201139 -0.906305802 0.999000999 0.9578955688
0.454014928 -0.088062041 -0.886631559 0.999000999 0.9578955688
0.734897096 -0.355180511 -0.577730961 0.999000999 0.9578955688
0.383598582 0.154687986 -0.9104525 0.999000999 0.9578955688
0.722693224 -0.011125851 -0.691079387 0.999000999 0.9578955688
0.4273578 -0.020556838 -0.903848841 0.999000999 0.9578955688
0.767215208 0.000564187 -0.641389512 0.999000999 0.9578955688
0.659614331 -0.378925041 -0.64909533 0.999000999 0.9578955688
0.970439728 0.034949631 0.238799617 0.999000999 0.9578955688
0.586171243 -0.020196354 -0.809935418 0.999000999 0.9578955688
0.558300732 0.09533608 -0.824142782 0.999000999 0.9578955688
0.467800468 -0.165317752 -0.868235431 0.999000999 0.9578955688
0.887978207 -0.431600623 -0.158794224 0.999000999 0.9578955688
0.597678358 0.027561063 -0.80126211 0.999000999 0.9578955688
0.531603477 -0.173735427 -0.828983561 0.999000999 0.9578955688
0.939574017 -0.201813224 -0.276535873 0.999000999 0.9578955688
0.936223359 0.004021884 0.351382479 0.999000999 0.9578955688
0.595446267 -0.432724369 -0.676899818 0.999000999 0.9578955688
0.459827786 0.114629847 -0.88057845 0.999000999 0.9578955688
0.653375005 0.024273056 -0.756645175 0.999000999 0.9578955688
0.736289758 -0.215308768 -0.641497877 0.999000999 0.9578955688
0.839754588 -0.512160185 -0.180289147 0.999000999 0.9578955688
0.88223902 -8e-09 -0.470801774 0.999000999 0.9578955688
0.699850879 -0.44585709 -0.558050358 0.999000999 0.9578955688
0.440895723 0.121778718 -0.889258627 0.999000999 0.9578955688
0.558718325 -0.426876671 -0.711062684 0.999000999 0.9578955688
0.876468995 -0.409154389 -0.25376128 0.999000999 0.9578955688
0.996309528 0.002961644 0.085782005 0.999000999 0.9578955688
0.669493781 -0.54040434 -0.509648139 0.999000999 0.9578955688
0.470716916 0.056038489 -0.880502852 0.999000999 0.9578955688
0.547270791 -0.289846292 -0.785164829 0.999000999 0.9578955688
0.935228127 -0.029483509 -0.35281592 0.999000999 0.9578955688
0.897027076 -0.210285836 0.388744508 0.999000999 0.9578955688
0.488837237 0.023255704 -0.872064979 0.999000999 0.9578955688
0.939299415 -0.342932028 -0.010688014 0.999000999 0.9578955688
0.738502632 -0.445775634 -0.505863565 0.999000999 0.9578955688
0.650105452 -0.215029127 -0.72878349 0.999000999 0.9578955688
0.621491393 -0.101961521 -0.776757554 0.999000999 0.9578955688
0.720238935 -0.08623942 -0.688344854 0.999000999 0.9578955688
0.942870263 -0.311360019 -0.11853525 0.999000999 0.9578955688
0.775163526 -0.60249344 -0.190060946 0.999000999 0.9578955688
0.697968903 -0.595813494 -0.397297986 0.999000999 0.9578955688
0.774868973 -0.63156692 0.02648208 0.999000999 0.9578955688
0.862957125 0.026000887 0.504607724 0.999000999 0.9578955688
0.796760322 -0.336160005 -0.502164754 0.999000999 0.9578955688
0.989890534 -0.132619098 -0.050288217 0.999000999 0.9578955688
0.50800655 -0.085229456 -0.857126178 0.999000999 0.9578955688
0.649635488 -0.520643423 -0.553989313 0.999000999 0.9578955688
0.740056681 -0.62879237 -0.238613211 0.999000999 0.9578955688
0.850185649 -0.105377203 -0.515829436 0.999000999 0.9578955688
0.834885886 -0.395944666 0.382352426 0.999000999 0.9578955688
0.805262308 -0.200872928 -0.557855431 0.999000999 0.9578955688
0.994199415 -0.077177549 0.074907603 0.999000999 0.9578955688
0.800629399 -0.466652666 -0.375802946 0.999000999 0.9578955688
0.974246238 -0.000907507 -0.225484907 0.999000999 0.9578955688
0.986430317 -0.085379274 -0.14023412 0.999000999 0.9578955688
0.827724703 -0.014334105 -0.56095129 0.999000999 0.9578955688
0.867382169 -0.287649174 -0.406086353 0.999000999 0.9578955688
0.536031632 -0.359301661 -0.763919109 0.999000999 0.9578955688
0.880943694 0.005637827 0.473187513 0.999000999 0.9578955688
0.86913972 -0.434376314 0.236460072 0.999000999 0.9578955688
0.426079936 0.014367383 -0.904571427 0.999000999 0.9578955688
0.761151469 -0.571684392 -0.306309315 0.999000999 0.9578955688
0.477891767 -0.006027135 -0.878398049 0.999000999 0.9578955688
0.054716004 0.458436587 -0.88704118 0.999000999 0.9578955688
0.095145276 0.505716669 -0.857436894 0.999000999 0.9578955688
0.040291421 0.530692816 -0.84660601 0.999000999 0.9578955688
-0.137443802 0.62071632 -0.771894068 0.999000999 0.9578955688
-0.074869672 0.552541254 -0.830116073 0.999000999 0.9578955688
-0.138765396 0.578784294 -0.803587522 0.999000999 0.9578955688
-0.448249466 0.835973872 -0.316575585 0.999000999 0.9578955688
-0.478839976 0.823855049 -0.303274028 0.999000999 0.9578955688
-0.419351455 0.873929693 -0.245746309 0.999000999 0.9578955688
-0.546863771 0.833253384 0.081417532 0.999000999 0.9578955688
-0.503642317 0.860017951 0.081936197 0.999000999 0.9578955688
-0.663423449 0.747783476 -0.026252629 0.999000999 0.9578955688
-0.039252619 0.663528964 -0.747120168 0.999000999 0.9578955688
-0.018052185 0.681226021 -0.73185055 0.999000999 0.9578955688
0.024003769 0.582645242 -0.812372046 0.999000999 0.9578955688
-0.281232299 0.699576271 -0.656887688 0.999000999 0.9578955688
-0.260838066 0.638420946 -0.724142389 0.999000999 0.9578955688
-0.340450272 0.691340008 -0.637293187 0.999000999 0.9578955688
-0.186248303 0.525208413 -0.830341913 0.999000999 0.9578955688
-0.23651775 0.528694054 -0.815194425 0.999000999 0.9578955688
-0.220035119 0.538694024 -0.813260902 0.999000999 0.9578955688
-0.597368276 0.601646348 -0.530257309 0.999000999 0.9578955688
-0.557823296 0.632044475 -0.537915376 0.999000999 0.9578955688
-0.546103595 0.615804777 -0.567939557 0.999000999 0.9578955688
0.128078249 0.397091356 -0.908798337 0.999000999 0.9578955688
0.108646321 0.424517148 -0.898877727 0.999000999 0.9578955688
0.133152068 0.414992701 -0.900028658 0.999000999 0.9578955688
-0.219521518 0.970905854 -0.09566674 0.999000999 0.9578955688
-0.112185311 0.990750638 -0.076338916 0.999000999 0.9578955688
-0.180130486 0.972906458 -0.144934578 0.999000999 0.9578955688
0.05569228 0.670872315 -0.739478672 0.999000999 0.9578955688
0.07358113 0.659162811 -0.748391746 0.999000999 0.9578955688
0.062699603 0.588541227 -0.806032248 0.999000999 0.9578955688
0.026131299 0.45916443 -0.887966881 0.999000999 0.9578955688
0.025719328 0.490394475 -0.871120988 0.999000999 0.9578955688
0.055330012 0.454779395 -0.888883734 0.999000999 0.9578955688
-0.230021763 0.923575793 -0.306753553 0.999000999 0.9578955688
-0.139570004 0.928600188 -0.343834124 0.999000999 0.9578955688
-0.165306523 0.872473842 -0.459851224 0.999000999 0.9578955688
-0.357028774 0.914685822 0.189420966 0.999000999 0.9578955688
-0.208536075 0.956212515 0.205354161 0.999000999 0.9578955688
-0.287822905 0.950265408 0.118969032 0.999000999 0.9578955688
-0.47569129 0.670917159 -0.568847925 0.999000999 0.9578955688
-0.55448336 0.654368762 -0.514149518 0.999000999 0.9578955688
-0.525515438 0.681502618 -0.509301193 0.999000999 0.9578955688
0.050056615 0.544807703 -0.837065649 0.999000999 0.9578955688
0.079699379 0.524111219 -0.847912401 0.999000999 0.9578955688
0.084341884 0.464472881 -0.881561903 0.999000999 0.9578955688
-0.007455202 0.745329326 -0.666654795 0.999000999 0.9578955688
-0.077767251 0.813434735 -0.576434026 0.999000999 0.9578955688
-0.004037272 0.808361067 -0.588673156 0.999000999 0.9578955688
0.111445892 0.437152959 -0.892455659 0.999000999 0.9578955688
0.130921068 0.409880063 -0.902694858 0.999000999 0.9578955688
0.033147893 0.710089453 -0.70333078 0.999000999 0.9578955688
0.044826571 0.688151334 -0.724181138 0.999000999 0.9578955688
0.054243954 0.755734414 -0.652627833 0.999000999 0.9578955688
-0.143861517 0.490869596 -0.859273474 0.999000999 0.9578955688
-0.127163074 0.500328637 -0.856446617 0.999000999 0.9578955688
-0.369571232 0.907680567 -0.198829307 0.999000999 0.9578955688
-0.33782101 0.91716087 -0.21140696 0.999000999 0.9578955688
-0.295337405 0.95465543 0.037534333 0.999000999 0.9578955688
-0.3401705 0.940299364 -0.011006251 0.999000999 0.9578955688
-0.474823826 0.878439906 0.053718395 0.999000999 0.9578955688
-0.035477504 0.580158322 -0.81373071 0.999000999 0.9578955688
-0.077797372 0.677292841 -0.731588666 0.999000999 0.9578955688
0.051995915 0.607417553 -0.792679217 0.999000999 0.9578955688
0.011793988 0.562892754 -0.826445794 0.999000999 0.9578955688
-0.372182896 0.869555111 0.324582503 0.999000999 0.9578955688
-0.236845267 0.899959904 0.366027993 0.999000999 0.9578955688
-0.592782884 0.77081759 0.233342441 0.999000999 0.9578955688
-0.246467731 0.58673661 -0.771358417 0.999000999 0.9578955688
-0.185399617 0.59018152 -0.785692532 0.999000999 0.9578955688
-0.462097149 0.533288928 -0.708568376 0.999000999 0.9578955688
-0.366453879 0.540177685 -0.75757483 0.999000999 0.9578955688
-0.418256924 0.521022535 -0.744040768 0.999000999 0.9578955688
-0.341691658 0.549154137 -0.762677222 0.999000999 0.9578955688
-0.420933623 0.573500611 -0.702788684 0.999000999 0.9578955688
-0.351816821 0.569912672 -0.742579605 0.999000999 0.9578955688
-0.561493385 0.81634874 -0.135277173 0.999000999 0.9578955688
-0.486728283 0.866038992 -0.114333036 0.999000999 0.9578955688
-0.524106219 0.812907827 -0.253955776 0.999000999 0.9578955688
-0.165367137 0.770919572 -0.615090825 0.999000999 0.9578955688
-0.163605099 0.69991466 -0.695235817 0.999000999 0.9578955688
-0.052193477 0.454811557 -0.889056966 0.999000999 0.9578955688
-0.079955617 0.486181294 -0.870192421 0.999000999 0.9578955688
-0.04791913 0.477115435 -0.877533258 0.999000999 0.9578955688
-0.645829472 0.648509107 -0.402914669 0.999000999 0.9578955688
-0.638356115 0.679324999 -0.361965489 0.999000999 0.9578955688
-0.647297785 0.654580536 -0.390550763 0.999000999 0.9578955688
-0.468745799 0.620144503 -0.629045445 0.999000999 0.9578955688
-0.415429788 0.642274978 -0.64412805 0.999000999 0.9578955688
-0.37592886 0.613351116 -0.694606291 0.999000999 0.9578955688
-0.490249155 0.562209942 -0.666014825 0.999000999 0.9578955688
-0.498822091 0.580846911 -0.643267742 0.999000999 0.9578955688
0.0764643 0.390756524 -0.917312678 0.999000999 0.9578955688
0.054710767 0.412750133 -0.909199681 0.999000999 0.9578955688
-0.000238911 0.529460904 -0.848334306 0.999000999 0.9578955688
0.028996735 0.525622139 -0.850223827 0.999000999 0.9578955688
-0.543799914 0.701430219 -0.460735609 0.999000999 0.9578955688
-0.465685108 0.718801725 -0.516199051 0.999000999 0.9578955688
-0.137118406 0.978277338 -0.15547345 0.999000999 0.9578955688
-0.243505458 0.954116747 -0.174259363 0.999000999 0.9578955688
-0.591868744 0.803709097 -0.061180703 0.999000999 0.9578955688
-0.554836289 0.831855559 -0.013153714 0.999000999 0.9578955688
-0.133832238 0.93276452 0.334722694 0.999000999 0.9578955688
0.008089684 0.936227666 0.351300888 0.999000999 0.9578955688
-0.13874388 0.94434409 0.298268964 0.999000999 0.9578955688
-0.5752598 0.575614399 -0.581157661 0.999000999 0.9578955688
-0.510412788 0.592046742 -0.623666129 0.999000999 0.9578955688
-0.384929983 0.667403433 -0.637496326 0.999000999 0.9578955688
-0.40205914 0.721529473 -0.563687562 0.999000999 0.9578955688
-9e-09 0.438085407 -0.898933355 0.999000999 0.9578955688
0.097327402 0.510582619 -0.854302503 0.999000999 0.9578955688
-0.295831605 0.587832817 -0.752951686 0.999000999 0.9578955688
-0.538794013 0.539142952 -0.647322091 0.999000999 0.9578955688
-0.564787523 0.715701455 -0.410836319 0.999000999 0.9578955688
-0.56595385 0.74044381 -0.362545451 0.999000999 0.9578955688
-0.486716701 0.765436365 -0.420967962 0.999000999 0.9578955688
-0.296295647 0.928671359 -0.223110728 0.999000999 0.9578955688
-0.32345507 0.881978177 -0.342770058 0.999000999 0.9578955688
-0.067576374 0.971740476 0.226172235 0.999000999 0.9578955688
-0.66652556 0.737815784 -0.106637458 0.999000999 0.9578955688
-0.643506852 0.761629172 -0.076288505 0.999000999 0.9578955688
-0.681443698 0.714742269 -0.157410214 0.999000999 0.9578955688
-0.326575498 0.766671052 -0.552778384 0.999000999 0.9578955688
-0.422292503 0.74436076 -0.517296917 0.999000999 0.9578955688
-0.391880328 0.76734639 -0.507552289 0.999000999 0.9578955688
-0.627352572 0.641732496 -0.441144141 0.999000999 0.9578955688
-0.604678044 0.638938305 -0.475523192 0.999000999 0.9578955688
-0.631381115 0.620227631 -0.465484235 0.999000999 0.9578955688
0.0793442 0.446914489 -0.89105103 0.999000999 0.9578955688
0.079662189 0.414911117 -0.906367862 0.999000999 0.9578955688
-0.038790116 0.546247499 -0.836725162 0.999000999 0.9578955688
-0.295191077 0.533171458 -0.792836947 0.999000999 0.9578955688
0.059102695 0.782966256 -0.619250122 0.999000999 0.9578955688
0.047260671 0.801821712 -0.595691506 0.999000999 0.9578955688
-0.464769612 0.876033635 0.128663431 0.999000999 0.9578955688
-0.322511593 0.917952996 0.230973095 0.999000999 0.9578955688
-0.180669921 0.938836736 0.293162006 0.999000999 0.9578955688
-0.059857116 0.923192684 -0.379647722 0.999000999 0.9578955688
-0.123370283 0.966771874 -0.223901581 0.999000999 0.9578955688
-0.227039085 0.85128462 -0.47304096 0.999000999 0.9578955688
-0.246986766 0.809841326 -0.532122697 0.999000999 0.9578955688
-0.27587952 0.830638454 -0.483663363 0.999000999 0.9578955688
-0.405288675 0.910721295 -0.079547554 0.999000999 0.9578955688
-0.532653016 0.845455675 0.038541743 0.999000999 0.9578955688
-0.620909126 0.673650297 -0.400833051 0.999000999 0.9578955688
-0.303489637 0.765459641 -0.567420107 0.999000999 0.9578955688
-0.225772064 0.71758166 -0.65886534 0.999000999 0.9578955688
-0.122786756 0.522122789 -0.843985311 0.999000999 0.9578955688
0.035586217 0.870266392 -0.491294238 0.999000999 0.9578955688
0.030978708 0.848398784 -0.528450397 0.999000999 0.9578955688
-0.271862166 0.785612529 -0.555791253 0.999000999 0.9578955688
-0.223479866 0.807466859 -0.545943239 0.999000999 0.9578955688
0.008455083 0.999045273 -0.042860863 0.999000999 0.9578955688
-0.067129587 0.996796138 -0.043486518 0.999000999 0.9578955688
-0.076288994 0.996721349 -0.026954455 0.999000999 0.9578955688
-0.672187935 0.712886917 -0.199889027 0.999000999 0.9578955688
-0.691454872 0.685022779 -0.229420906 0.999000999 0.9578955688
-0.628974907 0.751026555 -0.200872296 0.999000999 0.9578955688
-0.573764371 0.734792207 -0.361766306 0.999000999 0.9578955688
-0.495919863 0.784577323 -0.372158453 0.999000999 0.9578955688
-0.663822085 0.741923272 -0.094287321 0.999000999 0.9578955688
-0.700638496 0.707115696 -0.095357698 0.999000999 0.9578955688
-0.439649051 0.840432167 -0.31683195 0.999000999 0.9578955688
-0.374330663 0.836083035 -0.401050761 0.999000999 0.9578955688
-0.144773727 0.988026622 0.05332881 0.999000999 0.9578955688
-0.06935336 0.996133525 0.053926909 0.999000999 0.9578955688
0.009396501 0.993256196 -0.115558796 0.999000999 0.9578955688
-0.03573684 0.98828523 -0.148375138 0.999000999 0.9578955688
-0.027482567 0.995351092 -0.092308788 0.999000999 0.9578955688
-0.039588873 0.501534281 -0.8642315 0.999000999 0.9578955688
-0.011799934 0.469909136 -0.882635919 0.999000999 0.9578955688
-0.699615742 0.692751089 -0.175024977 0.999000999 0.9578955688
-0.638032484 0.720132664 -0.272623358 0.999000999 0.9578955688
0.003619589 0.90894193 -0.416907023 0.999000999 0.9578955688
-0.011031401 0.849307089 -0.527783836 0.999000999 0.9578955688
-0.140144148 0.79451459 -0.590852084 0.999000999 0.9578955688
-0.136348304 0.850590024 -0.507844219 0.999000999 0.9578955688
-0.012967417 0.939882578 -0.3412515 0.999000999 0.9578955688
-0.021875951 0.976035494 -0.216509024 0.999000999 0.9578955688
0.010135451 0.954631853 -0.297616025 0.999000999 0.9578955688
-0.176180842 0.934143067 0.31038209 0.999000999 0.9578955688
0.018079746 0.915242375 0.402497849 0.999000999 0.9578955688
0.001125197 0.989161786 0.146825387 0.999000999 0.9578955688
-0.616976486 0.716923438 -0.324593284 0.999000999 0.9578955688
-0.659721062 0.678376437 -0.323378307 0.999000999 0.9578955688
-0.394616791 0.794928133 -0.460832781 0.999000999 0.9578955688
-0.058814175 0.979336193 -0.193498098 0.999000999 0.9578955688
-0.604001348 0.788297205 0.117345167 0.999000999 0.9578955688
-0.707729901 0.703964555 0.05960111 0.999000999 0.9578955688
-0.262086997 0.521173807 -0.81221196 0.999000999 0.9578955688
-0.421172137 0.875453313 0.237055957 0.999000999 0.9578955688
-0.23315885 0.90140947 0.364825875 0.999000999 0.9578955688
0.019171185 0.907370411 0.419894515 0.999000999 0.9578955688
-0.5992569 0.789573975 0.132151825 0.999000999 0.9578955688
0.014364208 0.842910264 -0.537862395 0.999000999 0.9578955688
-0.544979758 0.539223821 -0.642055086 0.999000999 0.9578955688
-0.703237022 0.709696072 -0.042298662 0.999000999 0.9578955688
0.007879661 0.464524466 -0.885525229 0.999000999 0.9578955688
0.037468592 0.428618785 -0.902708171 0.999000999 0.9578955688
-0.550236414 0.769950322 -0.323135251 0.999000999 0.9578955688
-0.572759924 0.729200118 -0.374450606 0.999000999 0.9578955688
-0.000432516 0.439745011 -0.898122563 0.999000999 0.9578955688
-0.513251912 -0.157107607 -0.843735548 0.999000999 0.9578955688
-0.486830086 -0.152766704 -0.860034186 0.999000999 0.9578955688
-0.545269842 -0.134302178 -0.827432006 0.999000999 0.9578955688
-0.590135226 0.102419898 -0.800781231 0.999000999 0.9578955688
-0.6498456 0.160912303 -0.742837753 0.999000999 0.9578955688
-0.582351379 0.147922349 -0.799365905 0.999000999 0.9578955688
-0.775679848 0.532356681 -0.338994302 0.999000999 0.9578955688
-0.809864094 0.435663346 -0.392832786 0.999000999 0.9578955688
-0.835035707 0.450437666 -0.315945054 0.999000999 0.9578955688
-0.840951347 0.520731262 0.147104674 0.999000999 0.9578955688
-0.809825346 0.570265775 0.137767396 0.999000999 0.9578955688
-0.740557992 0.671780447 -0.016878713 0.999000999 0.9578955688
-0.664681068 0.018021591 -0.746909834 0.999000999 0.9578955688
-0.667764647 0.050620523 -0.742649271 0.999000999 0.9578955688
-0.622464092 -0.00725755 -0.782614708 0.999000999 0.9578955688
-0.63899865 0.267606201 -0.721157158 0.999000999 0.9578955688
-0.69079284 0.280282449 -0.666518568 0.999000999 0.9578955688
-0.685127495 0.34055887 -0.643909909 0.999000999 0.9578955688
-0.514478486 0.231927347 -0.825543211 0.999000999 0.9578955688
-0.508547104 0.178495222 -0.842329685 0.999000999 0.9578955688
-0.537867478 0.227256988 -0.811820693 0.999000999 0.9578955688
-0.626744553 0.569898638 -0.531419615 0.999000999 0.9578955688
-0.614968494 0.553715892 -0.561437852 0.999000999 0.9578955688
-0.449441162 -0.128739287 -0.883984637 0.999000999 0.9578955688
-0.400439562 -0.140233453 -0.905528981 0.999000999 0.9578955688
-0.441735671 -0.151228224 -0.884307425 0.999000999 0.9578955688
-0.993321647 0.102022739 -0.053883828 0.999000999 0.9578955688
-0.980266738 0.194836057 -0.033407099 0.999000999 0.9578955688
-0.97988427 0.161386233 -0.117393788 0.999000999 0.9578955688
-0.620844768 -0.061761978 -0.781496789 0.999000999 0.9578955688
-0.642206238 -0.012231853 -0.766434296 0.999000999 0.9578955688
-0.595222296 -0.0892194 -0.79859271 0.999000999 0.9578955688
-0.486106021 -0.03254461 -0.873293642 0.999000999 0.9578955688
-0.452126006 -0.031290521 -0.891405058 0.999000999 0.9578955688
-0.455239488 -0.063974409 -0.888067724 0.999000999 0.9578955688
-0.895498878 0.151047796 -0.418648209 0.999000999 0.9578955688
-0.912400086 0.261045688 -0.315247889 0.999000999 0.9578955688
-0.868317781 0.221763296 -0.443672483 0.999000999 0.9578955688
-0.947758494 0.191043085 0.255453276 0.999000999 0.9578955688
-0.921692185 0.324479651 0.212594622 0.999000999 0.9578955688
-0.96335952 0.253356943 0.088026666 0.999000999 0.9578955688
-0.657388812 0.545466809 -0.519909522 0.999000999 0.9578955688
-0.669887145 0.491502445 -0.556485902 0.999000999 0.9578955688
-0.684372537 0.516195905 -0.514952443 0.999000999 0.9578955688
-0.556046873 -0.089972713 -0.826266777 0.999000999 0.9578955688
-0.555223557 -0.05267049 -0.830031699 0.999000999 0.9578955688
-0.489733523 -0.102370403 -0.865841427 0.999000999 0.9578955688
-0.77543066 0.092656544 -0.624597515 0.999000999 0.9578955688
-0.686684154 0.04560028 -0.725524284 0.999000999 0.9578955688
-0.758071385 0.0625916 -0.649161048 0.999000999 0.9578955688
-0.423193443 -0.168964533 -0.890145099 0.999000999 0.9578955688
-0.471703096 -0.157315366 -0.867610549 0.999000999 0.9578955688
-0.654383966 -0.003716916 -0.756153298 0.999000999 0.9578955688
-0.68482136 0.018581328 -0.728474048 0.999000999 0.9578955688
-0.695103304 0.037672721 -0.717922115 0.999000999 0.9578955688
-0.481036708 0.142402437 -0.865057936 0.999000999 0.9578955688
-0.504872731 0.137907579 -0.852106229 0.999000999 0.9578955688
-0.895564823 0.406041683 -0.181917014 0.999000999 0.9578955688
-0.923006755 0.305211351 -0.234317225 0.999000999 0.9578955688
-0.935416097 0.347281951 0.066271948 0.999000999 0.9578955688
-0.964824071 0.26026293 0.037117643 0.999000999 0.9578955688
-0.882945813 0.463941219 0.071869581 0.999000999 0.9578955688
-0.682675003 0.095737052 -0.724423396 0.999000999 0.9578955688
-0.642790379 0.07054803 -0.76278667 0.999000999 0.9578955688
-0.608385561 -0.080781369 -0.789519715 0.999000999 0.9578955688
-0.583613738 -0.076791197 -0.808392304 0.999000999 0.9578955688
-0.920012603 0.233190961 0.314958389 0.999000999 0.9578955688
-0.880270552 0.37378739 0.29224432 0.999000999 0.9578955688
-0.786930817 0.57904871 0.213172422 0.999000999 0.9578955688
-0.587059528 0.252664398 -0.769104553 0.999000999 0.9578955688
-0.587859927 0.19037799 -0.786242283 0.999000999 0.9578955688
-0.528937177 0.357928126 -0.769488739 0.999000999 0.9578955688
-0.534767001 0.466085789 -0.704832102 0.999000999 0.9578955688
-0.508346804 0.405547528 -0.759680676 0.999000999 0.9578955688
-0.582882765 0.437013377 -0.685030649 0.999000999 0.9578955688
-0.551145342 0.350938577 -0.757021087 0.999000999 0.9578955688
-0.578913292 0.369179247 -0.727025504 0.999000999 0.9578955688
-0.829347305 0.552659449 -0.082161915 0.999000999 0.9578955688
-0.770065376 0.635874323 -0.051605836 0.999000999 0.9578955688
-0.741806749 0.629158517 -0.232125629 0.999000999 0.9578955688
-0.724413133 0.14751126 -0.673398872 0.999000999 0.9578955688
-0.699992411 0.167559684 -0.694214936 0.999000999 0.9578955688
-0.497385246 0.095034198 -0.862308772 0.999000999 0.9578955688
-0.459968831 0.061494729 -0.885803067 0.999000999 0.9578955688
-0.480994047 0.054942636 -0.875000591 0.999000999 0.9578955688
-0.673096186 0.619952497 -0.403237432 0.999000999 0.9578955688
-0.68008173 0.593311048 -0.430663257 0.999000999 0.9578955688
-0.643380725 0.427535906 -0.635038812 0.999000999 0.9578955688
-0.62655667 0.487975686 -0.607705907 0.999000999 0.9578955688
-0.622722786 0.391736878 -0.677317171 0.999000999 0.9578955688
-0.562991088 0.494645921 -0.662092477 0.999000999 0.9578955688
-0.58738966 0.510437205 -0.628034431 0.999000999 0.9578955688
-0.394077044 -0.114696631 -0.911892519 0.999000999 0.9578955688
-0.42498756 -0.121079709 -0.897064813 0.999000999 0.9578955688
-0.556575249 0.012778126 -0.83069893 0.999000999 0.9578955688
-0.560175372 -0.020029508 -0.828131856 0.999000999 0.9578955688
-0.719901271 0.466106546 -0.514282847 0.999000999 0.9578955688
-0.707743385 0.520302327 -0.477896211 0.999000999 0.9578955688
-0.96796091 0.130031549 -0.214810318 0.999000999 0.9578955688
-0.955244312 0.223019118 -0.194347054 0.999000999 0.9578955688
-0.853040113 0.517150012 -0.069845759 0.999000999 0.9578955688
-0.802405109 0.595352989 -0.041241476 0.999000999 0.9578955688
-0.936661379 -0.032148273 0.348757724 0.999000999 0.9578955688
-0.91488766 0.113367824 0.387463942 0.999000999 0.9578955688
-0.932042084 0.114506148 0.343781756 0.999000999 0.9578955688
-0.598793643 0.52121827 -0.608093487 0.999000999 0.9578955688
-0.714957121 0.406904705 -0.568563871 0.999000999 0.9578955688
-0.668813567 0.396977423 -0.628567688 0.999000999 0.9578955688
-0.458487944 -0.098634138 -0.883210118 0.999000999 0.9578955688
-0.530761837 -0.139028335 -0.836040067 0.999000999 0.9578955688
-0.589794144 0.30480792 -0.747820166 0.999000999 0.9578955688
-0.760707511 0.521914688 -0.385913386 0.999000999 0.9578955688
-0.725305186 0.51737359 -0.45415521 0.999000999 0.9578955688
-0.779032436 0.474918062 -0.409342519 0.999000999 0.9578955688
-0.904062367 0.271638092 -0.329975731 0.999000999 0.9578955688
-0.871777402 0.34011306 -0.352600719 0.999000999 0.9578955688
-0.974633592 0.044996336 0.21923661 0.999000999 0.9578955688
-0.767925749 0.633613894 -0.093933367 0.999000999 0.9578955688
-0.743758799 0.661337838 -0.097237403 0.999000999 0.9578955688
-0.727030132 0.661449882 -0.18415005 0.999000999 0.9578955688
-0.739584476 0.411754277 -0.532422031 0.999000999 0.9578955688
-0.760811532 0.336064515 -0.555181461 0.999000999 0.9578955688
-0.7682055 0.396563801 -0.50259075 0.999000999 0.9578955688
-0.63967272 0.593324948 -0.488655621 0.999000999 0.9578955688
-0.662213283 0.595989751 -0.454169336 0.999000999 0.9578955688
-0.414606264 -0.090257014 -0.905513842 0.999000999 0.9578955688
-0.449238109 -0.091612254 -0.888702603 0.999000999 0.9578955688
-0.574512417 0.058319161 -0.816415555 0.999000999 0.9578955688
-0.51984923 0.28680375 -0.804674088 0.999000999 0.9578955688
-0.760100802 0.036970361 -0.648752621 0.999000999 0.9578955688
-0.785401694 0.059138296 -0.616154884 0.999000999 0.9578955688
-0.867036795 0.460002784 0.191427884 0.999000999 0.9578955688
-0.88359218 0.326354033 0.335794439 0.999000999 0.9578955688
-0.917655133 0.184546989 0.351925369 0.999000999 0.9578955688
-0.893211611 0.073885105 -0.443524532 0.999000999 0.9578955688
-0.941383067 0.114767115 -0.317216693 0.999000999 0.9578955688
-0.781062549 0.250914462 -0.571824473 0.999000999 0.9578955688
-0.836447225 0.258331378 -0.4833435 0.999000999 0.9578955688
-0.839484569 0.3270106 -0.43396973 0.999000999 0.9578955688
-0.914397485 0.404814872 0.001469582 0.999000999 0.9578955688
-0.859961212 0.510008343 0.01892625 0.999000999 0.9578955688
-0.688150961 0.566229124 -0.453688035 0.999000999 0.9578955688
-0.690774124 0.212637419 -0.691097994 0.999000999 0.9578955688
-0.736443409 0.285370749 -0.613363384 0.999000999 0.9578955688
-0.525501251 0.131287148 -0.840602237 0.999000999 0.9578955688
-0.868069253 0.036513015 -0.495098547 0.999000999 0.9578955688
-0.817145932 0.037884176 -0.575184593 0.999000999 0.9578955688
-0.765492258 0.270334372 -0.583901472 0.999000999 0.9578955688
-0.753037847 0.198992254 -0.627165117 0.999000999 0.9578955688
-0.996054655 0.068538477 0.056370219 0.999000999 0.9578955688
-0.997566078 0.003259698 0.069651239 0.999000999 0.9578955688
-0.996594039 0.070101255 0.043429661 0.999000999 0.9578955688
-0.717284502 0.658944305 -0.226484759 0.999000999 0.9578955688
-0.716016071 0.671428599 -0.191061829 0.999000999 0.9578955688
-0.781007358 0.497478398 -0.377548342 0.999000999 0.9578955688
-0.727782604 0.54014711 -0.422579673 0.999000999 0.9578955688
-0.741267854 0.665814236 -0.084931575 0.999000999 0.9578955688
-0.838352865 0.414659658 -0.353866982 0.999000999 0.9578955688
-0.848833863 0.404855231 -0.339960756 0.999000999 0.9578955688
-0.993599573 0.062799925 0.093893861 0.999000999 0.9578955688
-0.988524108 0.127919007 0.080354314 0.999000999 0.9578955688
-0.982231695 0.030781124 -0.185130816 0.999000999 0.9578955688
-0.99711612 -0.00255497 -0.07584797 0.999000999 0.9578955688
-0.99900247 0.035155007 -0.027535274 0.999000999 0.9578955688
-0.50089005 0.044341153 -0.864374352 0.999000999 0.9578955688
-0.462691892 0.010717274 -0.886454372 0.999000999 0.9578955688
-0.679772718 0.694366719 -0.236143836 0.999000999 0.9578955688
-0.895103016 0.048339861 -0.443231146 0.999000999 0.9578955688
-0.838183357 0.083224778 -0.539001203 0.999000999 0.9578955688
-0.739476138 0.127972274 -0.660907058 0.999000999 0.9578955688
-0.803268707 0.144288661 -0.577875563 0.999000999 0.9578955688
-0.957556611 0.015783669 -0.287812807 0.999000999 0.9578955688
-0.917557798 0.026687381 -0.396705775 0.999000999 0.9578955688
-0.939181684 0.004193417 -0.343395077 0.999000999 0.9578955688
-0.90700878 0.196854367 0.372267956 0.999000999 0.9578955688
-0.910751741 -0.020841652 0.412428044 0.999000999 0.9578955688
-0.983151693 -0.013225686 0.182312453 0.999000999 0.9578955688
-0.660547869 0.693009308 -0.28881588 0.999000999 0.9578955688
-0.805621942 0.401828132 -0.435324522 0.999000999 0.9578955688
-0.969026482 0.053502802 -0.241091533 0.999000999 0.9578955688
-0.799446279 0.592906527 0.096682452 0.999000999 0.9578955688
-0.491863405 0.238649847 -0.837327081 0.999000999 0.9578955688
-0.864538465 0.423462232 0.270652879 0.999000999 0.9578955688
-0.907969883 0.22956119 0.350560055 0.999000999 0.9578955688
-0.916711827 -0.004263492 0.399526281 0.999000999 0.9578955688
-0.795368629 0.595742255 0.111713519 0.999000999 0.9578955688
-0.826361033 3.2228e-05 -0.563140695 0.999000999 0.9578955688
-0.455733621 -0.011390098 -0.890043332 0.999000999 0.9578955688
-0.424640697 -0.042792944 -0.904350066 0.999000999 0.9578955688
-0.721681893 0.618356126 -0.311144575 0.999000999 0.9578955688
-0.696569638 0.597936086 -0.396564214 0.999000999 0.9578955688
-0.435583453 -0.000813658 -0.900147984 0.999000999 0.9578955688
-0.086708434 0.499877321 -0.861744922 0.999000999 0.9578955688
-0.054219177 0.456640046 -0.887997832 0.999000999 0.9578955688
-0.032355116 0.52643316 -0.849600656 0.999000999 0.9578955688
0.104589415 0.575690911 -0.810950695 0.999000999 0.9578955688
0.168074092 0.645985435 -0.744616624 0.999000999 0.9578955688
0.160664397 0.586589257 -0.793788382 0.999000999 0.9578955688
0.611082212 0.778589486 -0.142747832 0.999000999 0.9578955688
0.549332935 0.811888774 -0.197661187 0.999000999 0.9578955688
0.519707697 0.845214367 -0.124565577 0.999000999 0.9578955688
0.530807296 0.839043206 0.11937384 0.999000999 0.9578955688
0.547972258 0.832200736 0.084666045 0.999000999 0.9578955688
0.681201791 0.732089578 -0.002994939 0.999000999 0.9578955688
0.032624327 0.666368942 -0.744908106 0.999000999 0.9578955688
0.055986171 0.657084335 -0.751735143 0.999000999 0.9578955688
0.006730918 0.605508427 -0.795810429 0.999000999 0.9578955688
0.293835482 0.662315402 -0.689201724 0.999000999 0.9578955688
0.333997011 0.716643794 -0.612264378 0.999000999 0.9578955688
0.401144122 0.716844693 -0.570278072 0.999000999 0.9578955688
0.241299407 0.50863374 -0.82647826 0.999000999 0.9578955688
0.183076357 0.499382982 -0.846817386 0.999000999 0.9578955688
0.273467776 0.56510484 -0.778377733 0.999000999 0.9578955688
0.538634768 0.637961929 -0.55034277 0.999000999 0.9578955688
0.592654057 0.601320745 -0.535886678 0.999000999 0.9578955688
0.530758859 0.609036574 -0.589380595 0.999000999 0.9578955688
-0.095806965 0.448878768 -0.888441825 0.999000999 0.9578955688
-0.12167755 0.400943961 -0.907985966 0.999000999 0.9578955688
-0.126385168 0.42305003 -0.897248829 0.999000999 0.9578955688
0.11564248 0.987118632 -0.1105605 0.999000999 0.9578955688
0.225474079 0.967500065 -0.114477349 0.999000999 0.9578955688
0.206142524 0.97111098 -0.120202845 0.999000999 0.9578955688
-0.040158489 0.638913684 -0.768229523 0.999000999 0.9578955688
-0.015998606 0.660750507 -0.750435081 0.999000999 0.9578955688
-0.040601237 0.591617947 -0.805195469 0.999000999 0.9578955688
-0.016561966 0.473032434 -0.880889333 0.999000999 0.9578955688
-0.012560667 0.452429748 -0.891711586 0.999000999 0.9578955688
-0.043284777 0.449630847 -0.89216508 0.999000999 0.9578955688
0.149316234 0.896665859 -0.416767321 0.999000999 0.9578955688
0.226832769 0.902462013 -0.366209243 0.999000999 0.9578955688
0.175289659 0.851738267 -0.49377673 0.999000999 0.9578955688
0.244954253 0.926484635 0.285698503 0.999000999 0.9578955688
0.39388911 0.886119848 0.244219132 0.999000999 0.9578955688
0.297160722 0.951315289 0.081821308 0.999000999 0.9578955688
0.53292385 0.664074068 -0.524402329 0.999000999 0.9578955688
0.492534654 0.68356254 -0.538657469 0.999000999 0.9578955688
0.547544659 0.700245909 -0.458094437 0.999000999 0.9578955688
-0.058725368 0.544929041 -0.836423141 0.999000999 0.9578955688
-0.032035647 0.544435721 -0.838190589 0.999000999 0.9578955688
-0.073851254 0.470502189 -0.879302953 0.999000999 0.9578955688
0.089430699 0.778931763 -0.620699169 0.999000999 0.9578955688
0.033132922 0.709911879 -0.703510721 0.999000999 0.9578955688
0.040805732 0.776305089 -0.629035215 0.999000999 0.9578955688
-0.130186515 0.401596982 -0.906516043 0.999000999 0.9578955688
-0.104333163 0.449594291 -0.887118687 0.999000999 0.9578955688
0.004052931 0.671943211 -0.740591585 0.999000999 0.9578955688
0.013576194 0.741438414 -0.670883571 0.999000999 0.9578955688
0.118131069 0.435823586 -0.89224596 0.999000999 0.9578955688
0.152569323 0.497919739 -0.853696981 0.999000999 0.9578955688
0.452446182 0.886441806 -0.097536537 0.999000999 0.9578955688
0.385481334 0.910262609 -0.151083168 0.999000999 0.9578955688
0.268665032 0.948666059 -0.166888611 0.999000999 0.9578955688
0.291334923 0.956042407 -0.033269789 0.999000999 0.9578955688
0.421017643 0.902219601 -0.09350901 0.999000999 0.9578955688
0.09715665 0.675801563 -0.730652334 0.999000999 0.9578955688
0.071324422 0.616871627 -0.783825378 0.999000999 0.9578955688
-0.020594628 0.603930891 -0.79677057 0.999000999 0.9578955688
0.258798723 0.90208258 0.345355237 0.999000999 0.9578955688
0.386005167 0.867083806 0.314905833 0.999000999 0.9578955688
0.597453297 0.775024205 0.205881133 0.999000999 0.9578955688
0.291520722 0.616567042 -0.731341748 0.999000999 0.9578955688
0.220063915 0.606689129 -0.763871831 0.999000999 0.9578955688
0.352566432 0.524658335 -0.774874533 0.999000999 0.9578955688
0.468479562 0.536279891 -0.702090293 0.999000999 0.9578955688
0.396564232 0.503496924 -0.767611658 0.999000999 0.9578955688
0.453623647 0.590487841 -0.667495092 0.999000999 0.9578955688
0.378264212 0.565431014 -0.732941986 0.999000999 0.9578955688
0.4068756 0.598427033 -0.690171959 0.999000999 0.9578955688
0.492317014 0.857636327 -0.148606485 0.999000999 0.9578955688
0.538834413 0.814395206 -0.215448195 0.999000999 0.9578955688
0.626814476 0.767258481 -0.135713062 0.999000999 0.9578955688
0.165259151 0.735029584 -0.657587199 0.999000999 0.9578955688
0.181185008 0.697751064 -0.693047939 0.999000999 0.9578955688
0.091827411 0.472984574 -0.8762724 0.999000999 0.9578955688
0.060225521 0.433049651 -0.899355818 0.999000999 0.9578955688
0.064661707 0.472923358 -0.878727695 0.999000999 0.9578955688
0.594261029 0.684042394 -0.423012805 0.999000999 0.9578955688
0.656613322 0.639810018 -0.399377123 0.999000999 0.9578955688
0.586083981 0.660438379 -0.469389726 0.999000999 0.9578955688
0.419414298 0.65619637 -0.627294165 0.999000999 0.9578955688
0.477161925 0.631518505 -0.611147179 0.999000999 0.9578955688
0.422138406 0.644828243 -0.637177921 0.999000999 0.9578955688
0.498030998 0.571293821 -0.65237144 0.999000999 0.9578955688
0.523467232 0.600131491 -0.604834068 0.999000999 0.9578955688
-0.076209592 0.384212952 -0.920093748 0.999000999 0.9578955688
-0.054208387 0.41090993 -0.910062899 0.999000999 0.9578955688
0.022146052 0.5371424 -0.843200803 0.999000999 0.9578955688
-0.008662745 0.53501423 -0.844798633 0.999000999 0.9578955688
0.50607007 0.739770386 -0.44343304 0.999000999 0.9578955688
0.545944931 0.719848098 -0.428675691 0.999000999 0.9578955688
0.148278935 0.968159049 -0.201696337 0.999000999 0.9578955688
0.257670428 0.944212823 -0.205105084 0.999000999 0.9578955688
0.554773115 0.830231259 -0.054248014 0.999000999 0.9578955688
0.532439174 0.825325646 -0.188005597 0.999000999 0.9578955688
0.17501158 0.891343802 0.418183182 0.999000999 0.9578955688
0.170342121 0.907709004 0.383468285 0.999000999 0.9578955688
0.533253166 0.597379081 -0.598981882 0.999000999 0.9578955688
0.575305777 0.575636516 -0.581090238 0.999000999 0.9578955688
0.471933097 0.74035562 -0.478698974 0.999000999 0.9578955688
0.438278319 0.69843771 -0.565771049 0.999000999 0.9578955688
-0.082628345 0.520085468 -0.85010803 0.999000999 0.9578955688
0.347114291 0.620342699 -0.703339609 0.999000999 0.9578955688
0.539161741 0.546854767 -0.640511108 0.999000999 0.9578955688
0.427582565 0.743238014 -0.514558455 0.999000999 0.9578955688
0.512366159 0.730043827 -0.452235479 0.999000999 0.9578955688
0.419638058 0.772744952 -0.476202835 0.999000999 0.9578955688
0.330148732 0.914432597 -0.234125692 0.999000999 0.9578955688
0.358654083 0.87852023 -0.315546278 0.999000999 0.9578955688
0.076271738 0.972397997 0.22051022 0.999000999 0.9578955688
0.664468752 0.745086489 -0.05768363 0.999000999 0.9578955688
0.694067503 0.71654008 -0.06957453 0.999000999 0.9578955688
0.684901124 0.711201408 -0.158439288 0.999000999 0.9578955688
0.470142139 0.759748485 -0.449164346 0.999000999 0.9578955688
0.384022279 0.782324603 -0.490403002 0.999000999 0.9578955688
0.419651696 0.784432383 -0.456681827 0.999000999 0.9578955688
0.593089818 0.654193706 -0.469334702 0.999000999 0.9578955688
0.618047832 0.648374954 -0.444552356 0.999000999 0.9578955688
0.624345498 0.623126006 -0.471069718 0.999000999 0.9578955688
-0.06524678 0.42805377 -0.901394935 0.999000999 0.9578955688
-0.069262609 0.44883242 -0.89092769 0.999000999 0.9578955688
0.063705666 0.559215078 -0.826571282 0.999000999 0.9578955688
0.303273973 0.528848672 -0.792681512 0.999000999 0.9578955688
-0.002610654 0.780607589 -0.625015981 0.999000999 0.9578955688
0.02639565 0.812574099 -0.582259911 0.999000999 0.9578955688
0.518613678 0.819514506 0.243794642 0.999000999 0.9578955688
0.356347454 0.876745689 0.323006948 0.999000999 0.9578955688
0.19837586 0.932786747 0.30092508 0.999000999 0.9578955688
0.075187189 0.897129619 -0.435322103 0.999000999 0.9578955688
0.126309456 0.943640288 -0.305923075 0.999000999 0.9578955688
0.266437051 0.802458486 -0.533921039 0.999000999 0.9578955688
0.22692533 0.830873917 -0.508088013 0.999000999 0.9578955688
0.292517134 0.832529599 -0.470455305 0.999000999 0.9578955688
0.355701507 0.918198552 -0.174321134 0.999000999 0.9578955688
0.558389911 0.828799193 0.035952816 0.999000999 0.9578955688
0.553437668 0.689956815 -0.466547255 0.999000999 0.9578955688
0.235929142 0.703693072 -0.670189153 0.999000999 0.9578955688
0.343659435 0.759581193 -0.552208842 0.999000999 0.9578955688
0.156516556 0.535936833 -0.829622974 0.999000999 0.9578955688
0.014621155 0.879009101 -0.476580762 0.999000999 0.9578955688
0.290329775 0.778749728 -0.556109236 0.999000999 0.9578955688
0.223861774 0.774334869 -0.591854219 0.999000999 0.9578955688
0.076612446 0.993654187 -0.082352228 0.999000999 0.9578955688
0.067477444 0.995539108 -0.065944518 0.999000999 0.9578955688
0.669163737 0.712926215 -0.209657113 0.999000999 0.9578955688
0.696717308 0.682397666 -0.221175083 0.999000999 0.9578955688
0.662143343 0.729004622 -0.173546692 0.999000999 0.9578955688
0.496226761 0.778846207 -0.383611244 0.999000999 0.9578955688
0.585036726 0.728548463 -0.356299265 0.999000999 0.9578955688
0.686118217 0.724497452 -0.065918394 0.999000999 0.9578955688
0.697153072 0.709850106 -0.100451088 0.999000999 0.9578955688
0.400256479 0.8415363 -0.362782864 0.999000999 0.9578955688
0.292484838 0.821152739 -0.490062035 0.999000999 0.9578955688
0.074270483 0.996077052 0.048108221 0.999000999 0.9578955688
0.1427868 0.989716439 0.008561508 0.999000999 0.9578955688
0.048614782 0.988391685 -0.143939151 0.999000999 0.9578955688
0.056871839 0.99451728 -0.087755195 0.999000999 0.9578955688
0.055189226 0.494146498 -0.867625143 0.999000999 0.9578955688
0.023606057 0.454143899 -0.890615559 0.999000999 0.9578955688
0.705118231 0.689280679 -0.16643445 0.999000999 0.9578955688
0.673830766 0.700107937 -0.2362223 0.999000999 0.9578955688
0.031744668 0.901524802 -0.431561476 0.999000999 0.9578955688
0.053348043 0.842290536 -0.536377328 0.999000999 0.9578955688
0.141388567 0.759007534 -0.635544519 0.999000999 0.9578955688
0.148387601 0.818347967 -0.555236638 0.999000999 0.9578955688
0.027081365 0.968125773 -0.248996161 0.999000999 0.9578955688
0.035969482 0.927411793 -0.372308423 0.999000999 0.9578955688
0.20348863 0.926177984 0.317469241 0.999000999 0.9578955688
0.6673349 0.691340657 -0.276969723 0.999000999 0.9578955688
0.671429498 0.672181341 -0.312017105 0.999000999 0.9578955688
0.331197945 0.790846568 -0.514654862 0.999000999 0.9578955688
0.0748554 0.9722315 -0.221726362 0.999000999 0.9578955688
0.607838422 0.788138354 0.09680076 0.999000999 0.9578955688
0.70651163 0.705766434 0.052297773 0.999000999 0.9578955688
0.212770464 0.462761729 -0.86056976 0.999000999 0.9578955688
0.431304863 0.873602719 0.225376139 0.999000999 0.9578955688
0.262417986 0.901760416 0.343460263 0.999000999 0.9578955688
0.600089379 0.792815937 0.106468897 0.999000999 0.9578955688
0.539367744 0.53821287 -0.647618208 0.999000999 0.9578955688
0.699948265 0.712618212 -0.04741003 0.999000999 0.9578955688
0.00152315 0.442299595 -0.89686607 0.999000999 0.9578955688
-0.025200787 0.418722807 -0.907764359 0.999000999 0.9578955688
0.652415947 0.728905692 -0.207484757 0.999000999 0.9578955688
0.651928129 0.70306204 -0.284065981 0.999000999 0.9578955688
0.010957177 0.420672431 -0.90714643 0.999000999 0.9578955688
0.460872014 -0.041816762 -0.886480877 0.999000999 0.9578955688
0.498518319 -0.079134554 -0.863259641 0.999000999 0.9578955688
0.526951726 -0.013938377 -0.849780913 0.999000999 0.9578955688
0.62835297 0.165465651 -0.7601274 0.999000999 0.9578955688
0.567648162 0.108954369 -0.816029723 0.999000999 0.9578955688
0.57291604 0.156407238 -0.804552041 0.999000999 0.9578955688
0.813462335 0.458366256 -0.358021516 0.999000999 0.9578955688
0.799045609 0.532684407 -0.278878892 0.999000999 0.9578955688
0.848814496 0.421193746 -0.31954621 0.999000999 0.9578955688
0.809617164 0.570313717 0.138788731 0.999000999 0.9578955688
0.842123189 0.516578662 0.154838694 0.999000999 0.9578955688
0.737410688 0.675141599 -0.020231122 0.999000999 0.9578955688
0.654805339 0.070376178 -0.752513895 0.999000999 0.9578955688
0.661617919 0.047764253 -0.748318318 0.999000999 0.9578955688
0.594961593 0.016694024 -0.803580744 0.999000999 0.9578955688
0.664773552 0.265119489 -0.698418056 0.999000999 0.9578955688
0.635226759 0.274101257 -0.722049489 0.999000999 0.9578955688
0.665598878 0.3258288 -0.671426635 0.999000999 0.9578955688
0.500129194 0.18362103 -0.846258889 0.999000999 0.9578955688
0.514112694 0.250443223 -0.820345251 0.999000999 0.9578955688
0.543164953 0.251387317 -0.801109387 0.999000999 0.9578955688
0.618198856 0.575306779 -0.535585926 0.999000999 0.9578955688
0.609873116 0.546152763 -0.574257731 0.999000999 0.9578955688
0.391703629 -0.119099391 -0.912350592 0.999000999 0.9578955688
0.431985719 -0.093672171 -0.897002711 0.999000999 0.9578955688
0.422160621 -0.122312492 -0.898231632 0.999000999 0.9578955688
0.970224816 0.242091575 -0.007448157 0.999000999 0.9578955688
0.991643967 0.128861466 -0.006079889 0.999000999 0.9578955688
0.970404993 0.188691044 -0.15069784 0.999000999 0.9578955688
0.655650452 0.007979608 -0.75502239 0.999000999 0.9578955688
0.638125701 -0.014735984 -0.769791167 0.999000999 0.9578955688
0.58264507 -0.028478594 -0.812227611 0.999000999 0.9578955688
0.442938844 -0.011426396 -0.896479011 0.999000999 0.9578955688
0.465933936 -0.012928563 -0.884725053 0.999000999 0.9578955688
0.439118662 -0.040722338 -0.897505706 0.999000999 0.9578955688
0.912907485 0.255475775 -0.318326958 0.999000999 0.9578955688
0.898174589 0.150416125 -0.413107004 0.999000999 0.9578955688
0.887038334 0.231693852 -0.399350665 0.999000999 0.9578955688
0.920568683 0.337462337 0.196653174 0.999000999 0.9578955688
0.955909704 0.187932515 0.225650188 0.999000999 0.9578955688
0.952057 0.273161905 0.137731774 0.999000999 0.9578955688
0.661659569 0.502799315 -0.556236876 0.999000999 0.9578955688
0.651746219 0.549250398 -0.523020905 0.999000999 0.9578955688
0.678666117 0.532480989 -0.505842167 0.999000999 0.9578955688
0.533640337 -0.024113458 -0.84536769 0.999000999 0.9578955688
0.533923746 -0.051510651 -0.843962135 0.999000999 0.9578955688
0.462161899 -0.069500103 -0.884067936 0.999000999 0.9578955688
0.711823558 0.061399555 -0.699669434 0.999000999 0.9578955688
0.795698879 0.113658305 -0.59493284 0.999000999 0.9578955688
0.793017628 0.07394085 -0.604694793 0.999000999 0.9578955688
0.446245971 -0.101718623 -0.88911071 0.999000999 0.9578955688
0.406178265 -0.127197129 -0.904897843 0.999000999 0.9578955688
0.712687119 0.012460443 -0.701371377 0.999000999 0.9578955688
0.68043895 0.023031908 -0.732442739 0.999000999 0.9578955688
0.737690899 0.011174103 -0.675046129 0.999000999 0.9578955688
0.462988278 0.142247198 -0.874875757 0.999000999 0.9578955688
0.493327276 0.14373828 -0.857885485 0.999000999 0.9578955688
0.894833056 0.400374776 -0.197417933 0.999000999 0.9578955688
0.905450776 0.323224383 -0.27510887 0.999000999 0.9578955688
0.945825072 0.300712875 0.122420181 0.999000999 0.9578955688
0.924409297 0.369377857 0.095012897 0.999000999 0.9578955688
0.872290903 0.482657488 0.078424032 0.999000999 0.9578955688
0.606639241 0.078854799 -0.791056731 0.999000999 0.9578955688
0.671100731 0.109839508 -0.733184214 0.999000999 0.9578955688
0.609747888 -0.013437446 -0.792481513 0.999000999 0.9578955688
0.574011909 0.023885293 -0.818498516 0.999000999 0.9578955688
0.883119664 0.378753587 0.27684902 0.999000999 0.9578955688
0.924747514 0.228933613 0.304025389 0.999000999 0.9578955688
0.791306397 0.576604041 0.203376414 0.999000999 0.9578955688
0.586690188 0.261499089 -0.766428633 0.999000999 0.9578955688
0.581834078 0.19897623 -0.788592141 0.999000999 0.9578955688
0.538269575 0.489351746 -0.686149206 0.999000999 0.9578955688
0.532389277 0.385129554 -0.753814888 0.999000999 0.9578955688
0.504967253 0.409262735 -0.75994216 0.999000999 0.9578955688
0.561939862 0.3925652 -0.72809076 0.999000999 0.9578955688
0.589108328 0.467327764 -0.659208722 0.999000999 0.9578955688
0.586077152 0.394794448 -0.707566899 0.999000999 0.9578955688
0.79153192 0.604603777 -0.08905893 0.999000999 0.9578955688
0.844984009 0.525998113 -0.09658162 0.999000999 0.9578955688
0.783819575 0.575071453 -0.234349519 0.999000999 0.9578955688
0.706709862 0.151604783 -0.691069577 0.999000999 0.9578955688
0.661291237 0.160476986 -0.732762606 0.999000999 0.9578955688
0.446006019 0.069776894 -0.892305898 0.999000999 0.9578955688
0.482107684 0.100598444 -0.870317261 0.999000999 0.9578955688
0.473156451 0.068311746 -0.878325952 0.999000999 0.9578955688
0.687088347 0.613122575 -0.389859349 0.999000999 0.9578955688
0.679188041 0.590103514 -0.436441803 0.999000999 0.9578955688
0.623602626 0.494318374 -0.605614654 0.999000999 0.9578955688
0.639138801 0.429582194 -0.63793474 0.999000999 0.9578955688
0.625732426 0.40280607 -0.667986677 0.999000999 0.9578955688
0.567336844 0.523553152 -0.635626465 0.999000999 0.9578955688
0.590075517 0.524779482 -0.613528629 0.999000999 0.9578955688
0.387750011 -0.073995839 -0.918789718 0.999000999 0.9578955688
0.411918323 -0.053425086 -0.909653261 0.999000999 0.9578955688
0.530116887 0.027865265 -0.847466585 0.999000999 0.9578955688
0.527058553 -0.001502684 -0.849827643 0.999000999 0.9578955688
0.70463677 0.51459256 -0.488550427 0.999000999 0.9578955688
0.713791503 0.467675985 -0.521326063 0.999000999 0.9578955688
0.961953058 0.126157987 -0.242343715 0.999000999 0.9578955688
0.940033512 0.238598973 -0.243736591 0.999000999 0.9578955688
0.797574108 0.601536857 -0.045043875 0.999000999 0.9578955688
0.839367883 0.543308253 -0.016664329 0.999000999 0.9578955688
0.905859347 0.140965404 0.399434098 0.999000999 0.9578955688
0.926275436 0.030793642 0.375586965 0.999000999 0.9578955688
0.953907483 0.144528654 0.26300567 0.999000999 0.9578955688
0.599425439 0.521552317 -0.60718393 0.999000999 0.9578955688
0.666381836 0.412888705 -0.620852773 0.999000999 0.9578955688
0.694625061 0.403149669 -0.595790541 0.999000999 0.9578955688
0.441069923 0.011645699 -0.897397181 0.999000999 0.9578955688
0.513583481 -0.074054585 -0.854837953 0.999000999 0.9578955688
0.595960551 0.326203057 -0.733772844 0.999000999 0.9578955688
0.725253849 0.50693807 -0.465854749 0.999000999 0.9578955688
0.763949575 0.542159092 -0.349920799 0.999000999 0.9578955688
0.781675046 0.486793697 -0.389892318 0.999000999 0.9578955688
0.893850067 0.259564991 -0.365592769 0.999000999 0.9578955688
0.874249198 0.338327699 -0.348170516 0.999000999 0.9578955688
0.976119487 0.078615366 0.202510174 0.999000999 0.9578955688
0.748492646 0.657445158 -0.086744593 0.999000999 0.9578955688
0.764430611 0.640763762 -0.071187375 0.999000999 0.9578955688
0.730055498 0.665644486 -0.154713895 0.999000999 0.9578955688
0.753711567 0.332519097 -0.566877344 0.999000999 0.9578955688
0.719843154 0.384590515 -0.577854626 0.999000999 0.9578955688
0.773613736 0.397872453 -0.493172686 0.999000999 0.9578955688
0.657982841 0.597228013 -0.458669032 0.999000999 0.9578955688
0.633628764 0.603627855 -0.48388842 0.999000999 0.9578955688
0.432240058 -0.06641469 -0.899309525 0.999000999 0.9578955688
0.408868178 -0.064876586 -0.910284484 0.999000999 0.9578955688
0.549733021 0.067736789 -0.832589535 0.999000999 0.9578955688
0.523376945 0.308396004 -0.794335243 0.999000999 0.9578955688
0.769452661 0.019013991 -0.638420763 0.999000999 0.9578955688
0.797372642 0.008343268 -0.603429581 0.999000999 0.9578955688
0.878886872 0.454436085 0.145071397 0.999000999 0.9578955688
0.90057656 0.318659048 0.295665809 0.999000999 0.9578955688
0.885906447 0.209134252 0.414044239 0.999000999 0.9578955688
0.912954854 0.081179775 -0.399904087 0.999000999 0.9578955688
0.941393702 0.106191905 -0.320158049 0.999000999 0.9578955688
0.863073128 0.285237453 -0.416826549 0.999000999 0.9578955688
0.813686357 0.288968171 -0.504392613 0.999000999 0.9578955688
0.853752143 0.34140899 -0.393124891 0.999000999 0.9578955688
0.902310341 0.428019188 -0.051338315 0.999000999 0.9578955688
0.847783531 0.527748477 0.052389217 0.999000999 0.9578955688
0.688003611 0.570184588 -0.448932698 0.999000999 0.9578955688
0.696142178 0.259615584 -0.669317425 0.999000999 0.9578955688
0.664185663 0.207236068 -0.718269182 0.999000999 0.9578955688
0.519686843 0.142092187 -0.842457949 0.999000999 0.9578955688
0.855223741 0.008063374 -0.518196233 0.999000999 0.9578955688
0.829125997 0.000283594 -0.559061715 0.999000999 0.9578955688
0.757943784 0.276199629 -0.590961069 0.999000999 0.9578955688
0.761211442 0.217900265 -0.61079998 0.999000999 0.9578955688
0.998452226 0.000762846 0.055610879 0.999000999 0.9578955688
0.992678475 0.089298317 0.081334222 0.999000999 0.9578955688
0.989549618 0.091377514 0.111542382 0.999000999 0.9578955688
0.715096161 0.667952016 -0.206100911 0.999000999 0.9578955688
0.737386379 0.650295478 -0.182694062 0.999000999 0.9578955688
0.735830906 0.566038506 -0.371689772 0.999000999 0.9578955688
0.787080707 0.542656568 -0.293304977 0.999000999 0.9578955688
0.74123168 0.666077876 -0.083161651 0.999000999 0.9578955688
0.837695352 0.431819576 -0.334362604 0.999000999 0.9578955688
0.857116993 0.4276561 -0.287159748 0.999000999 0.9578955688
0.976989817 0.150597252 0.151034316 0.999000999 0.9578955688
0.990049476 0.062656934 0.126000571 0.999000999 0.9578955688
0.994900642 -0.001181508 -0.100852947 0.999000999 0.9578955688
0.981605466 0.037468227 -0.187208014 0.999000999 0.9578955688
0.997392389 0.037317474 -0.061772389 0.999000999 0.9578955688
0.489550405 0.05776761 -0.870059368 0.999000999 0.9578955688
0.452950945 0.026891621 -0.891129779 0.999000999 0.9578955688
0.703078395 0.66613558 -0.248885837 0.999000999 0.9578955688
0.897979109 0.026711142 -0.439226632 0.999000999 0.9578955688
0.846287628 0.070511113 -0.528039235 0.999000999 0.9578955688
0.772540928 0.167418087 -0.612496285 0.999000999 0.9578955688
0.842340683 0.178419631 -0.508555414 0.999000999 0.9578955688
0.920772259 0.0184582 -0.389663627 0.999000999 0.9578955688
0.963904578 0.017945462 -0.265642475 0.999000999 0.9578955688
0.936311716 -0.000457702 -0.351169703 0.999000999 0.9578955688
0.895502408 0.19882361 0.398176605 0.999000999 0.9578955688
0.872138528 0.01582277 0.489003095 0.999000999 0.9578955688
0.986475415 0.019015408 0.162802548 0.999000999 0.9578955688
0.696218504 0.656873305 -0.289477556 0.999000999 0.9578955688
0.8165994 0.435075183 -0.379308587 0.999000999 0.9578955688
0.972120416 0.056439577 -0.227588381 0.999000999 0.9578955688
0.803780159 0.587471445 0.093886933 0.999000999 0.9578955688
0.482063639 0.241441238 -0.842211836 0.999000999 0.9578955688
0.868694104 0.412973799 0.273538287 0.999000999 0.9578955688
0.900585357 0.230847708 0.3683142 0.999000999 0.9578955688
0.91062275 0.004840695 0.413210327 0.999000999 0.9578955688
0.797563264 0.594226629 0.103863144 0.999000999 0.9578955688
0.822011156 0.003562832 -0.569460241 0.999000999 0.9578955688
0.446331352 0.006538484 -0.894843881 0.999000999 0.9578955688
0.419471749 -0.021253415 -0.907519556 0.999000999 0.9578955688
0.744819832 0.609633185 -0.271276236 0.999000999 0.9578955688
0.713313152 0.615826223 -0.334577959 0.999000999 0.9578955688
0.429779668 0.017056738 -0.902772676 0.999000999 0.9578955688
0.092922732 -0.506206378 -0.857391666 0.999000999 0.9578955688
0.035087402 -0.46979337 -0.882078831 0.999000999 0.9578955688
0.021031409 -0.529928069 -0.847781765 0.999000999 0.9578955688
-0.082265998 -0.568666962 -0.818443762 0.999000999 0.9578955688
-0.138335714 -0.632184273 -0.762368858 0.999000999 0.9578955688
-0.137236734 -0.581705998 -0.801738243 0.999000999 0.9578955688
-0.591112104 -0.780564203 -0.203238788 0.999000999 0.9578955688
-0.521197811 -0.814034479 -0.256321495 0.999000999 0.9578955688
-0.472867642 -0.855844737 -0.209585255 0.999000999 0.9578955688
-0.519299736 -0.835262911 0.180730887 0.999000999 0.9578955688
-0.588835954 -0.786570341 0.185955151 0.999000999 0.9578955688
-0.669671564 -0.742356629 -0.021133655 0.999000999 0.9578955688
-0.00336118 -0.662463561 -0.749086599 0.999000999 0.9578955688
-0.029079421 -0.661566974 -0.749322044 0.999000999 0.9578955688
0.024166236 -0.583366541 -0.811849415 0.999000999 0.9578955688
-0.254647449 -0.643985515 -0.721413428 0.999000999 0.9578955688
-0.265481015 -0.69097841 -0.672360519 0.999000999 0.9578955688
-0.326161752 -0.688587911 -0.647661332 0.999000999 0.9578955688
-0.244718301 -0.519255502 -0.818832508 0.999000999 0.9578955688
-0.170107084 -0.504436697 -0.846526549 0.999000999 0.9578955688
-0.24650125 -0.551712668 -0.796774915 0.999000999 0.9578955688
-0.545054293 -0.622931763 -0.561134419 0.999000999 0.9578955688
-0.590573436 -0.604402206 -0.534715803 0.999000999 0.9578955688
-0.518144597 -0.626156989 -0.582626469 0.999000999 0.9578955688
0.103067998 -0.447026029 -0.888563288 0.999000999 0.9578955688
0.119447125 -0.439662361 -0.890185033 0.999000999 0.9578955688
0.128652403 -0.445665266 -0.885906897 0.999000999 0.9578955688
-0.122385786 -0.990819043 -0.057439911 0.999000999 0.9578955688
-0.239497677 -0.970216171 -0.036351675 0.999000999 0.9578955688
-0.189756974 -0.972794205 -0.132904948 0.999000999 0.9578955688
0.071465312 -0.667798121 -0.740903758 0.999000999 0.9578955688
0.056793617 -0.676170586 -0.734552805 0.999000999 0.9578955688
0.064221038 -0.574336753 -0.816096166 0.999000999 0.9578955688
0.032594669 -0.470239157 -0.881936916 0.999000999 0.9578955688
0.026782124 -0.454504533 -0.890341702 0.999000999 0.9578955688
0.057433634 -0.443585582 -0.894389853 0.999000999 0.9578955688
-0.097646941 -0.893299556 -0.438726541 0.999000999 0.9578955688
-0.205843219 -0.905177043 -0.371864344 0.999000999 0.9578955688
-0.135777336 -0.847353152 -0.513378176 0.999000999 0.9578955688
-0.144436234 -0.966186833 0.213591147 0.999000999 0.9578955688
-0.277370127 -0.946295289 0.166105504 0.999000999 0.9578955688
-0.232445434 -0.969933246 0.072101451 0.999000999 0.9578955688
-0.523384058 -0.659767074 -0.539236994 0.999000999 0.9578955688
-0.467094062 -0.672621456 -0.573936855 0.999000999 0.9578955688
-0.519189039 -0.689165416 -0.505463917 0.999000999 0.9578955688
0.081280011 -0.519968456 -0.85030957 0.999000999 0.9578955688
0.056639478 -0.522772478 -0.850588564 0.999000999 0.9578955688
0.087788477 -0.456338419 -0.885465093 0.999000999 0.9578955688
-0.041329087 -0.778483182 -0.626303315 0.999000999 0.9578955688
0.003311613 -0.747542982 -0.664205182 0.999000999 0.9578955688
0.018537169 -0.791364963 -0.611062901 0.999000999 0.9578955688
0.125863605 -0.441563118 -0.888358242 0.999000999 0.9578955688
0.109494777 -0.448964809 -0.886815366 0.999000999 0.9578955688
0.024048554 -0.704129066 -0.709664657 0.999000999 0.9578955688
0.022539561 -0.729046854 -0.684092576 0.999000999 0.9578955688
0.061485289 -0.781884767 -0.620383567 0.999000999 0.9578955688
-0.128051284 -0.46670695 -0.875092847 0.999000999 0.9578955688
-0.130471559 -0.500708437 -0.855726728 0.999000999 0.9578955688
-0.428460606 -0.893343466 -0.135495242 0.999000999 0.9578955688
-0.352829526 -0.916963518 -0.186250454 0.999000999 0.9578955688
-0.319678409 -0.947096188 -0.02853989 0.999000999 0.9578955688
-0.267068538 -0.963182452 0.030886247 0.999000999 0.9578955688
-0.410815241 -0.910999656 -0.036200346 0.999000999 0.9578955688
-0.070252702 -0.678471112 -0.731260219 0.999000999 0.9578955688
-0.042592626 -0.602092955 -0.79728912 0.999000999 0.9578955688
0.031846858 -0.605504482 -0.795204439 0.999000999 0.9578955688
-0.026042823 -0.57006323 -0.821187972 0.999000999 0.9578955688
-0.232491471 -0.920201918 0.314922444 0.999000999 0.9578955688
-0.377478304 -0.880947272 0.285380506 0.999000999 0.9578955688
-0.581603785 -0.786855804 0.206385515 0.999000999 0.9578955688
-0.245436684 -0.593752422 -0.766302092 0.999000999 0.9578955688
-0.18280604 -0.59122685 -0.785514331 0.999000999 0.9578955688
-0.384767872 -0.535202801 -0.752005084 0.999000999 0.9578955688
-0.492799449 -0.540527996 -0.681893092 0.999000999 0.9578955688
-0.404465378 -0.505821518 -0.76193986 0.999000999 0.9578955688
-0.471647259 -0.593857669 -0.65182968 0.999000999 0.9578955688
-0.39775275 -0.568280998 -0.720312056 0.999000999 0.9578955688
-0.396541835 -0.593138416 -0.700672101 0.999000999 0.9578955688
-0.502373399 -0.855355015 -0.126446695 0.999000999 0.9578955688
-0.551020626 -0.817282686 -0.168597983 0.999000999 0.9578955688
-0.590170372 -0.782400813 -0.198866535 0.999000999 0.9578955688
-0.125375817 -0.739545975 -0.661326437 0.999000999 0.9578955688
-0.139492342 -0.685109501 -0.714959341 0.999000999 0.9578955688
-0.084393836 -0.488775644 -0.868317943 0.999000999 0.9578955688
-0.055322762 -0.454278988 -0.88914003 0.999000999 0.9578955688
-0.051529838 -0.481177622 -0.875107292 0.999000999 0.9578955688
-0.639588071 -0.676177804 -0.365664704 0.999000999 0.9578955688
-0.661069064 -0.645991183 -0.381684535 0.999000999 0.9578955688
-0.609381797 -0.671645403 -0.421362406 0.999000999 0.9578955688
-0.394423885 -0.644850873 -0.654673316 0.999000999 0.9578955688
-0.469891704 -0.629630225 -0.61868212 0.999000999 0.9578955688
-0.394088806 -0.632491593 -0.666819614 0.999000999 0.9578955688
-0.528178401 -0.563716645 -0.635020567 0.999000999 0.9578955688
-0.526404898 -0.587689477 -0.614425718 0.999000999 0.9578955688
0.072709599 -0.416300308 -0.90631527 0.999000999 0.9578955688
0.053451857 -0.419196242 -0.906320809 0.999000999 0.9578955688
0.000247216 -0.532755096 -0.846269429 0.999000999 0.9578955688
0.031004499 -0.522747435 -0.851923612 0.999000999 0.9578955688
-0.471470948 -0.727086012 -0.499060193 0.999000999 0.9578955688
-0.526646016 -0.712843051 -0.463140107 0.999000999 0.9578955688
-0.119619562 -0.967205363 -0.224064603 0.999000999 0.9578955688
-0.237298101 -0.949861141 -0.203601139 0.999000999 0.9578955688
-0.46094533 -0.88065269 -0.109454293 0.999000999 0.9578955688
-0.505612457 -0.846363158 -0.167408032 0.999000999 0.9578955688
0.044882424 -0.910902493 0.410173397 0.999000999 0.9578955688
-0.074280301 -0.902639886 0.42393829 0.999000999 0.9578955688
-0.069858663 -0.952874952 0.295210251 0.999000999 0.9578955688
-0.51811452 -0.614259273 -0.595183072 0.999000999 0.9578955688
-0.573094768 -0.582379924 -0.576537952 0.999000999 0.9578955688
-0.40019351 -0.718471928 -0.568896514 0.999000999 0.9578955688
-0.39192873 -0.676865414 -0.623093157 0.999000999 0.9578955688
-0.018397025 -0.442757366 -0.896452712 0.999000999 0.9578955688
0.095694936 -0.510188828 -0.854722083 0.999000999 0.9578955688
-0.317838078 -0.603458139 -0.731311993 0.999000999 0.9578955688
-0.547401037 -0.534072176 -0.644297303 0.999000999 0.9578955688
-0.522896062 -0.755882664 -0.393981099 0.999000999 0.9578955688
-0.533988986 -0.727059561 -0.431555509 0.999000999 0.9578955688
-0.467235553 -0.778644299 -0.4188126 0.999000999 0.9578955688
-0.284132979 -0.917375513 -0.27873037 0.999000999 0.9578955688
-0.322856347 -0.876940231 -0.35600507 0.999000999 0.9578955688
-0.026084185 -0.979055535 0.201915514 0.999000999 0.9578955688
-0.580345381 -0.803581139 -0.132123398 0.999000999 0.9578955688
-0.640850818 -0.759608325 -0.110929806 0.999000999 0.9578955688
-0.610559442 -0.7613473 -0.218099648 0.999000999 0.9578955688
-0.408878759 -0.744291737 -0.528060574 0.999000999 0.9578955688
-0.327975816 -0.768877299 -0.548871172 0.999000999 0.9578955688
-0.400626976 -0.780009938 -0.480710435 0.999000999 0.9578955688
-0.594940682 -0.636825021 -0.49040746 0.999000999 0.9578955688
-0.602084334 -0.657519405 -0.452948878 0.999000999 0.9578955688
-0.623763974 -0.620864785 -0.474810934 0.999000999 0.9578955688
0.072741438 -0.434415342 -0.897770569 0.999000999 0.9578955688
0.078550579 -0.450196712 -0.889467665 0.999000999 0.9578955688
-0.041060129 -0.552765085 -0.832324952 0.999000999 0.9578955688
-0.305139502 -0.528053709 -0.79249553 0.999000999 0.9578955688
0.093562235 -0.791422202 -0.604067054 0.999000999 0.9578955688
0.091861594 -0.81268783 -0.575412841 0.999000999 0.9578955688
-0.412272916 -0.89929701 0.145931251 0.999000999 0.9578955688
-0.299125758 -0.890285274 0.343388865 0.999000999 0.9578955688
-0.188265061 -0.863925054 0.467107876 0.999000999 0.9578955688
0.001800369 -0.863845048 -0.503754396 0.999000999 0.9578955688
-0.068957763 -0.928211942 -0.36560555 0.999000999 0.9578955688
-0.244924086 -0.813758846 -0.527075643 0.999000999 0.9578955688
-0.206434048 -0.841496536 -0.499268028 0.999000999 0.9578955688
-0.281924078 -0.833697468 -0.47483402 0.999000999 0.9578955688
-0.383276263 -0.917834279 -0.103341875 0.999000999 0.9578955688
-0.487837822 -0.87293398 -0.000725729 0.999000999 0.9578955688
-0.580331871 -0.687344649 -0.436774832 0.999000999 0.9578955688
-0.193600021 -0.694075581 -0.693381655 0.999000999 0.9578955688
-0.265144295 -0.738750902 -0.619633446 0.999000999 0.9578955688
-0.126539684 -0.526917239 -0.840443889 0.999000999 0.9578955688
0.086685796 -0.85514841 -0.511083916 0.999000999 0.9578955688
0.054708598 -0.847143568 -0.528540202 0.999000999 0.9578955688
-0.257955987 -0.77701043 -0.574206845 0.999000999 0.9578955688
-0.181495586 -0.781807916 -0.596519685 0.999000999 0.9578955688
-0.08550506 -0.995986325 -0.026459865 0.999000999 0.9578955688
0.000873244 -0.999970833 0.007587574 0.999000999 0.9578955688
-0.086030726 -0.993625952 0.072843548 0.999000999 0.9578955688
-0.602993888 -0.751395161 -0.267962092 0.999000999 0.9578955688
-0.662790102 -0.707074339 -0.246485619 0.999000999 0.9578955688
-0.591310929 -0.77017944 -0.239112978 0.999000999 0.9578955688
-0.548489536 -0.774075314 -0.316175009 0.999000999 0.9578955688
-0.613008556 -0.719023151 -0.327454147 0.999000999 0.9578955688
-0.654722101 -0.750005232 -0.093974057 0.999000999 0.9578955688
-0.71534443 -0.692871915 -0.090613768 0.999000999 0.9578955688
-0.427457252 -0.845133939 -0.320981188 0.999000999 0.9578955688
-0.35137417 -0.838602207 -0.416272184 0.999000999 0.9578955688
-0.050055107 -0.992297172 0.11331729 0.999000999 0.9578955688
-0.136060339 -0.987511 0.079433048 0.999000999 0.9578955688
-0.034979078 -0.980458786 -0.193589859 0.999000999 0.9578955688
0.001747242 -0.986637649 -0.162920524 0.999000999 0.9578955688
-0.035179594 -0.991878486 -0.122227108 0.999000999 0.9578955688
-0.039349416 -0.498416306 -0.866044346 0.999000999 0.9578955688
-0.010245685 -0.46346873 -0.88605404 0.999000999 0.9578955688
-0.683832711 -0.707157259 -0.179725998 0.999000999 0.9578955688
-0.644067359 -0.71661441 -0.267658409 0.999000999 0.9578955688
0.076977651 -0.864316611 -0.49702237 0.999000999 0.9578955688
0.048987231 -0.822702967 -0.566356847 0.999000999 0.9578955688
-0.113033808 -0.779213288 -0.616481962 0.999000999 0.9578955688
-0.097581305 -0.821377291 -0.561976187 0.999000999 0.9578955688
0.015879094 -0.942128414 -0.334875955 0.999000999 0.9578955688
0.039432253 -0.893605626 -0.447117527 0.999000999 0.9578955688
0.025791299 -0.936215188 -0.350479571 0.999000999 0.9578955688
-0.207590286 -0.886674614 0.413175994 0.999000999 0.9578955688
0.020491247 -0.875720312 0.482383711 0.999000999 0.9578955688
0.024379269 -0.980554762 0.194725473 0.999000999 0.9578955688
-0.662470867 -0.693755512 -0.282552013 0.999000999 0.9578955688
-0.6719158 -0.672441417 -0.310405701 0.999000999 0.9578955688
-0.388851901 -0.808007964 -0.442625496 0.999000999 0.9578955688
-0.021348653 -0.954911732 -0.296121291 0.999000999 0.9578955688
-0.592318231 -0.7998788 0.09671101 0.999000999 0.9578955688
-0.706127197 -0.706127232 0.05261857 0.999000999 0.9578955688
-0.229584196 -0.482666185 -0.845177171 0.999000999 0.9578955688
-0.430160688 -0.847089196 0.312092417 0.999000999 0.9578955688
-0.232848239 -0.907474889 0.349672737 0.999000999 0.9578955688
0.000165183 -0.916931148 0.399045415 0.999000999 0.9578955688
-0.60390081 -0.788461953 0.116754272 0.999000999 0.9578955688
4.5098e-05 -0.82636472 -0.563135283 0.999000999 0.9578955688
-0.538903928 -0.538915163 -0.647420268 0.999000999 0.9578955688
-0.717727072 -0.695312347 -0.037531194 0.999000999 0.9578955688
0.008905646 -0.459864786 -0.887944294 0.999000999 0.9578955688
0.033755319 -0.433324073 -0.900605811 0.999000999 0.9578955688
-0.633814533 -0.734173129 -0.24345216 0.999000999 0.9578955688
-0.663037214 -0.691477414 -0.286776285 0.999000999 0.9578955688
-0.003256542 -0.442511154 -0.896757087 0.999000999 0.9578955688
-0.484153175 -0.047735273 -0.873680174 0.999000999 0.9578955688
-0.528747447 0.015907853 -0.848630118 0.999000999 0.9578955688
-0.565453151 -0.067002294 -0.822054394 0.999000999 0.9578955688
-0.640145178 -0.181210525 -0.746576786 0.999000999 0.9578955688
-0.574045441 -0.122262897 -0.809644129 0.999000999 0.9578955688
-0.587008346 -0.176473775 -0.790112782 0.999000999 0.9578955688
-0.825637643 -0.499872297 -0.261629831 0.999000999 0.9578955688
-0.803319907 -0.541949489 -0.246916743 0.999000999 0.9578955688
-0.862085485 -0.465921131 -0.199314115 0.999000999 0.9578955688
-0.829498628 -0.550256821 0.095652788 0.999000999 0.9578955688
-0.836142118 -0.534048125 0.125135761 0.999000999 0.9578955688
-0.740686867 -0.671748468 0.011702995 0.999000999 0.9578955688
-0.658211478 -0.076756871 -0.748909897 0.999000999 0.9578955688
-0.663111814 -0.053659137 -0.746594548 0.999000999 0.9578955688
-0.610810116 -0.034698232 -0.791016457 0.999000999 0.9578955688
-0.687011666 -0.287458048 -0.667370093 0.999000999 0.9578955688
-0.65824883 -0.312108722 -0.685052278 0.999000999 0.9578955688
-0.690981166 -0.363301105 -0.624945866 0.999000999 0.9578955688
-0.49679123 -0.185665616 -0.847777537 0.999000999 0.9578955688
-0.491540747 -0.217786136 -0.843182598 0.999000999 0.9578955688
-0.538082434 -0.24633332 -0.806093785 0.999000999 0.9578955688
-0.632821419 -0.565395443 -0.529022726 0.999000999 0.9578955688
-0.607751087 -0.570600839 -0.552316303 0.999000999 0.9578955688
-0.390355012 0.109682849 -0.914107563 0.999000999 0.9578955688
-0.43220245 0.072378368 -0.898867295 0.999000999 0.9578955688
-0.41994559 0.107751044 -0.901130076 0.999000999 0.9578955688
-0.97122411 -0.236173907 -0.030750825 0.999000999 0.9578955688
-0.99161046 -0.126646407 -0.02587246 0.999000999 0.9578955688
-0.97144083 -0.194524454 -0.135878441 0.999000999 0.9578955688
-0.664765836 -0.003018871 -0.747045695 0.999000999 0.9578955688
-0.661201071 0.00109223 -0.750207938 0.999000999 0.9578955688
-0.611550618 -0.007527986 -0.791169496 0.999000999 0.9578955688
-0.446248567 -0.006747241 -0.894883619 0.999000999 0.9578955688
-0.482116664 -0.009465648 -0.876055891 0.999000999 0.9578955688
-0.432707767 0.025912078 -0.90116178 0.999000999 0.9578955688
-0.913356447 -0.255139771 -0.317306946 0.999000999 0.9578955688
-0.902174387 -0.156101364 -0.402136468 0.999000999 0.9578955688
-0.857891454 -0.200606255 -0.473053256 0.999000999 0.9578955688
-0.874818327 -0.394053992 0.281805511 0.999000999 0.9578955688
-0.919114293 -0.245451298 0.308192436 0.999000999 0.9578955688
-0.922746003 -0.316052021 0.220569569 0.999000999 0.9578955688
-0.672740848 -0.48062684 -0.562510082 0.999000999 0.9578955688
-0.660050828 -0.540511512 -0.521708933 0.999000999 0.9578955688
-0.68446768 -0.490936092 -0.538967299 0.999000999 0.9578955688
-0.544236423 0.005789883 -0.83891191 0.999000999 0.9578955688
-0.540905148 0.029483906 -0.840566666 0.999000999 0.9578955688
-0.46513592 0.046747275 -0.884004111 0.999000999 0.9578955688
-0.710177321 -0.044943913 -0.702586804 0.999000999 0.9578955688
-0.772151761 -0.097471164 -0.627918012 0.999000999 0.9578955688
-0.775355059 -0.046799812 -0.6297891 0.999000999 0.9578955688
-0.452974327 0.052707076 -0.88996417 0.999000999 0.9578955688
-0.411860872 0.090152978 -0.906776192 0.999000999 0.9578955688
-0.678028881 -0.008613131 -0.734984796 0.999000999 0.9578955688
-0.717674318 0.032757884 -0.695608003 0.999000999 0.9578955688
-0.429443002 -0.119082449 -0.895208399 0.999000999 0.9578955688
-0.479723008 -0.148993581 -0.864677251 0.999000999 0.9578955688
-0.898233304 -0.407942797 -0.163583633 0.999000999 0.9578955688
-0.914844244 -0.362962949 -0.176968662 0.999000999 0.9578955688
-0.938219823 -0.317708172 0.137131618 0.999000999 0.9578955688
-0.944308259 -0.329001247 0.006331827 0.999000999 0.9578955688
-0.878212283 -0.474088691 0.0631118 0.999000999 0.9578955688
-0.617548892 -0.092662079 -0.781055123 0.999000999 0.9578955688
-0.668620079 -0.11157152 -0.735186362 0.999000999 0.9578955688
-0.625593857 -0.013122296 -0.780038545 0.999000999 0.9578955688
-0.880947013 -0.377478371 0.285381218 0.999000999 0.9578955688
-0.929502546 -0.225831368 0.291590828 0.999000999 0.9578955688
-0.796837633 -0.575606417 0.183649229 0.999000999 0.9578955688
-0.608217581 -0.303746764 -0.73335481 0.999000999 0.9578955688
-0.598258452 -0.224951113 -0.769079854 0.999000999 0.9578955688
-0.529684312 -0.450303486 -0.718791556 0.999000999 0.9578955688
-0.522961593 -0.34050719 -0.781387244 0.999000999 0.9578955688
-0.509297526 -0.404511933 -0.759596028 0.999000999 0.9578955688
-0.53951726 -0.333497791 -0.773110826 0.999000999 0.9578955688
-0.57353386 -0.434739976 -0.694305455 0.999000999 0.9578955688
-0.570401442 -0.382022542 -0.727118266 0.999000999 0.9578955688
-0.814875995 -0.558632142 -0.154619668 0.999000999 0.9578955688
-0.859426648 -0.495493525 -0.125984142 0.999000999 0.9578955688
-0.793640109 -0.569757741 -0.213334229 0.999000999 0.9578955688
-0.709235173 -0.15136502 -0.688530391 0.999000999 0.9578955688
-0.6704201 -0.167598782 -0.722805325 0.999000999 0.9578955688
-0.416828709 -0.06208068 -0.906862623 0.999000999 0.9578955688
-0.464721082 -0.099389507 -0.879861377 0.999000999 0.9578955688
-0.471200008 -0.079565452 -0.878430357 0.999000999 0.9578955688
-0.692183414 -0.627173881 -0.357120489 0.999000999 0.9578955688
-0.663166374 -0.62388087 -0.413500932 0.999000999 0.9578955688
-0.624953292 -0.505844048 -0.594605064 0.999000999 0.9578955688
-0.657674497 -0.460733285 -0.595977429 0.999000999 0.9578955688
-0.631236902 -0.434107972 -0.642720968 0.999000999 0.9578955688
-0.566607205 -0.474585658 -0.673590921 0.999000999 0.9578955688
-0.590473223 -0.51787061 -0.618992249 0.999000999 0.9578955688
-0.3882401 0.03937832 -0.920716554 0.999000999 0.9578955688
-0.420394218 -0.015742721 -0.907204976 0.999000999 0.9578955688
-0.551620555 -0.050028931 -0.83259346 0.999000999 0.9578955688
-0.539687843 -0.017364204 -0.841686115 0.999000999 0.9578955688
-0.705822563 -0.516659362 -0.484641737 0.999000999 0.9578955688
-0.718221027 -0.456463295 -0.525166466 0.999000999 0.9578955688
-0.97116883 -0.147479922 -0.187298626 0.999000999 0.9578955688
-0.947483259 -0.255872305 -0.191845872 0.999000999 0.9578955688
-0.812548498 -0.575893467 -0.090064715 0.999000999 0.9578955688
-0.818893943 -0.57252976 0.040278832 0.999000999 0.9578955688
-0.905396306 -0.18024786 0.384406344 0.999000999 0.9578955688
-0.922849903 -0.179405051 0.3408253 0.999000999 0.9578955688
-0.583613509 -0.545786707 -0.601258799 0.999000999 0.9578955688
-0.678629569 -0.408674866 -0.610284166 0.999000999 0.9578955688
-0.707641686 -0.384265524 -0.59294456 0.999000999 0.9578955688
-0.536823064 0.03358693 -0.843026047 0.999000999 0.9578955688
-0.600809443 -0.334988197 -0.725817416 0.999000999 0.9578955688
-0.718917323 -0.545245863 -0.431120437 0.999000999 0.9578955688
-0.749784213 -0.54216186 -0.379320644 0.999000999 0.9578955688
-0.770818992 -0.479418093 -0.419519217 0.999000999 0.9578955688
-0.920073288 -0.317509004 -0.2294628 0.999000999 0.9578955688
-0.881351802 -0.36274136 -0.302717207 0.999000999 0.9578955688
-0.956350127 -0.098083957 0.275270724 0.999000999 0.9578955688
-0.716523351 -0.693157967 -0.07827082 0.999000999 0.9578955688
-0.747761296 -0.663005704 -0.03572788 0.999000999 0.9578955688
-0.705903588 -0.691184702 -0.154802558 0.999000999 0.9578955688
-0.750814419 -0.330607958 -0.571818229 0.999000999 0.9578955688
-0.732736476 -0.412246068 -0.541433686 0.999000999 0.9578955688
-0.762944408 -0.403558974 -0.505030677 0.999000999 0.9578955688
-0.6518026 -0.596688 -0.468099137 0.999000999 0.9578955688
-0.643726119 -0.575094642 -0.504859225 0.999000999 0.9578955688
-0.436274585 0.048818314 -0.898488319 0.999000999 0.9578955688
-0.3994333 0.05151132 -0.915313947 0.999000999 0.9578955688
-0.563944591 -0.085135569 -0.821412462 0.999000999 0.9578955688
-0.515370146 -0.284949105 -0.808206422 0.999000999 0.9578955688
-0.751741584 0.008022338 -0.659409002 0.999000999 0.9578955688
-0.75752793 0.035201891 -0.651852945 0.999000999 0.9578955688
-0.836314542 -0.505950386 0.21116864 0.999000999 0.9578955688
-0.887352623 -0.360032882 0.288065351 0.999000999 0.9578955688
-0.927081944 -0.218009396 0.304944212 0.999000999 0.9578955688
-0.888492486 -0.071304075 -0.453317583 0.999000999 0.9578955688
-0.945939596 -0.126563339 -0.298630208 0.999000999 0.9578955688
-0.829307123 -0.242904915 -0.503236424 0.999000999 0.9578955688
-0.778977052 -0.252917368 -0.573783545 0.999000999 0.9578955688
-0.829209564 -0.311759977 -0.463915096 0.999000999 0.9578955688
-0.913629027 -0.393113132 -0.103653592 0.999000999 0.9578955688
-0.817039794 -0.564475703 0.117529382 0.999000999 0.9578955688
-0.683936901 -0.578800594 -0.444094796 0.999000999 0.9578955688
-0.716050743 -0.273411595 -0.6422752 0.999000999 0.9578955688
-0.680028846 -0.220787601 -0.699152061 0.999000999 0.9578955688
-0.531227532 -0.165721734 -0.830863175 0.999000999 0.9578955688
-0.845191092 0.012791778 -0.534311135 0.999000999 0.9578955688
-0.748440033 -0.26567589 -0.607662603 0.999000999 0.9578955688
-0.741502235 -0.194776715 -0.642056436 0.999000999 0.9578955688
-0.993270421 -0.082801423 0.08098021 0.999000999 0.9578955688
-0.994369318 -0.081228283 0.068056053 0.999000999 0.9578955688
-0.700598012 -0.683400939 -0.205245174 0.999000999 0.9578955688
-0.74194069 -0.646755028 -0.176725623 0.999000999 0.9578955688
-0.72866156 -0.589488695 -0.348647974 0.999000999 0.9578955688
-0.781615125 -0.524469628 -0.33765279 0.999000999 0.9578955688
-0.728778524 -0.682015176 -0.06113233 0.999000999 0.9578955688
-0.843952403 -0.450506117 -0.291184787 0.999000999 0.9578955688
-0.839409188 -0.388946565 -0.379621897 0.999000999 0.9578955688
-0.972680371 -0.166207857 0.162073579 0.999000999 0.9578955688
-0.985139953 -0.080522189 0.15170844 0.999000999 0.9578955688
-0.98228367 -0.045959621 -0.181676925 0.999000999 0.9578955688
-0.998831192 -0.0419428 -0.024021903 0.999000999 0.9578955688
-0.506376913 -0.079360499 -0.858652627 0.999000999 0.9578955688
-0.459304345 -0.042210675 -0.88727548 0.999000999 0.9578955688
-0.698966332 -0.662838851 -0.26849716 0.999000999 0.9578955688
-0.872528963 -0.016496167 -0.488283816 0.999000999 0.9578955688
-0.811425019 -0.044210057 -0.582782043 0.999000999 0.9578955688
-0.741587616 -0.139174522 -0.656260818 0.999000999 0.9578955688
-0.802467569 -0.140693509 -0.579871656 0.999000999 0.9578955688
-0.91582637 -0.014009486 -0.401330031 0.999000999 0.9578955688
-0.95595091 -0.024922443 -0.29246663 0.999000999 0.9578955688
-0.922111889 -0.20637065 0.327293169 0.999000999 0.9578955688
-0.715863374 -0.638419835 -0.282771541 0.999000999 0.9578955688
-0.795480112 -0.401202613 -0.454145192 0.999000999 0.9578955688
-0.968023813 -0.064443288 -0.242439602 0.999000999 0.9578955688
-0.807887302 -0.584744849 0.073427306 0.999000999 0.9578955688
-0.474681967 -0.224661956 -0.851001784 0.999000999 0.9578955688
-0.886165137 -0.416459326 0.203157524 0.999000999 0.9578955688
-0.916512616 -0.230729259 0.3267547 0.999000999 0.9578955688
-0.815738488 -0.570890303 0.093032151 0.999000999 0.9578955688
-0.442851403 -0.019600118 -0.896380762 0.999000999 0.9578955688
-0.392545487 0.015790806 -0.919597026 0.999000999 0.9578955688
-0.751572406 -0.600078645 -0.273942581 0.999000999 0.9578955688
-0.725781342 -0.610859071 -0.316374208 0.999000999 0.9578955688
-0.406332551 -0.019662785 -0.913513674 0.999000999 0.9578955688
-0.084398052 -0.470889157 -0.878145985 0.999000999 0.9578955688
-0.131083912 -0.509608119 -0.850362613 0.999000999 0.9578955688
-0.08339931 -0.531329083 -0.84305039 0.999000999 0.9578955688
0.145945486 -0.644341592 -0.750682241 0.999000999 0.9578955688
0.091730159 -0.589670903 -0.802417475 0.999000999 0.9578955688
0.140931265 -0.588094195 -0.796419234 0.999000999 0.9578955688
0.425314782 -0.832268993 -0.355577924 0.999000999 0.9578955688
0.509305086 -0.815052567 -0.276220278 0.999000999 0.9578955688
0.434283538 -0.864390482 -0.253430274 0.999000999 0.9578955688
0.559062846 -0.817634398 0.137559893 0.999000999 0.9578955688
0.523124854 -0.839649127 0.146047013 0.999000999 0.9578955688
0.67048453 -0.741913436 -0.003866337 0.999000999 0.9578955688
0.031652939 -0.647606223 -0.761317458 0.999000999 0.9578955688
0.003188742 -0.649313 -0.760514602 0.999000999 0.9578955688
-0.027135775 -0.578759675 -0.815046556 0.999000999 0.9578955688
0.268618026 -0.690097592 -0.672019099 0.999000999 0.9578955688
0.263668755 -0.644614025 -0.717601245 0.999000999 0.9578955688
0.335941944 -0.688963603 -0.642239958 0.999000999 0.9578955688
0.170195269 -0.508651672 -0.843982847 0.999000999 0.9578955688
0.224682826 -0.514312809 -0.827647245 0.999000999 0.9578955688
0.225592295 -0.543660666 -0.808418948 0.999000999 0.9578955688
0.598371218 -0.598333438 -0.532868634 0.999000999 0.9578955688
0.558449158 -0.629508051 -0.540235274 0.999000999 0.9578955688
0.545480019 -0.616776823 -0.567483832 0.999000999 0.9578955688
-0.136031287 -0.415005176 -0.899592237 0.999000999 0.9578955688
-0.116327704 -0.469994525 -0.874970292 0.999000999 0.9578955688
-0.143241432 -0.443746364 -0.884630463 0.999000999 0.9578955688
0.233669329 -0.968498528 -0.086076977 0.999000999 0.9578955688
0.12089454 -0.987490189 -0.101230612 0.999000999 0.9578955688
0.17306744 -0.95851827 -0.226473812 0.999000999 0.9578955688
-0.04413849 -0.645528703 -0.762459499 0.999000999 0.9578955688
-0.081506794 -0.640848961 -0.763327749 0.999000999 0.9578955688
-0.092647594 -0.574299902 -0.813385545 0.999000999 0.9578955688
-0.030178593 -0.454190525 -0.890393295 0.999000999 0.9578955688
-0.031929461 -0.484629201 -0.874136744 0.999000999 0.9578955688
-0.062399649 -0.450869302 -0.890406175 0.999000999 0.9578955688
0.224769884 -0.908920893 -0.351199815 0.999000999 0.9578955688
0.140308294 -0.909437436 -0.391455148 0.999000999 0.9578955688
0.18900331 -0.882861084 -0.429923313 0.999000999 0.9578955688
0.363836754 -0.900235666 0.239162208 0.999000999 0.9578955688
0.215963543 -0.934240354 0.283821616 0.999000999 0.9578955688
0.299635124 -0.93613017 0.184062752 0.999000999 0.9578955688
0.474767144 -0.672173963 -0.568135831 0.999000999 0.9578955688
0.55850689 -0.65450522 -0.509600797 0.999000999 0.9578955688
0.529814141 -0.681392871 -0.504975971 0.999000999 0.9578955688
-0.059899886 -0.531305177 -0.845060242 0.999000999 0.9578955688
-0.089526597 -0.539601667 -0.837146958 0.999000999 0.9578955688
-0.093757298 -0.489852822 -0.866748973 0.999000999 0.9578955688
0.014671008 -0.710259718 -0.703786825 0.999000999 0.9578955688
0.083605655 -0.803299468 -0.589677929 0.999000999 0.9578955688
0.036053984 -0.803038908 -0.594834954 0.999000999 0.9578955688
-0.12761021 -0.473361464 -0.871575905 0.999000999 0.9578955688
-0.147319932 -0.418400791 -0.896235246 0.999000999 0.9578955688
-0.0238393 -0.675776241 -0.736721222 0.999000999 0.9578955688
0.013735489 -0.758253387 -0.651815263 0.999000999 0.9578955688
0.12672111 -0.47161308 -0.872652773 0.999000999 0.9578955688
0.128024394 -0.502067673 -0.855299834 0.999000999 0.9578955688
0.402265831 -0.894996529 -0.192778149 0.999000999 0.9578955688
0.317059943 -0.908736045 -0.271425485 0.999000999 0.9578955688
0.313763281 -0.945324631 0.088960355 0.999000999 0.9578955688
0.349874764 -0.936781661 0.005269699 0.999000999 0.9578955688
0.477451706 -0.877015217 0.053704539 0.999000999 0.9578955688
0.049180145 -0.613157413 -0.788428373 0.999000999 0.9578955688
0.079457335 -0.67976984 -0.7291087 0.999000999 0.9578955688
-0.072605659 -0.607346664 -0.791112159 0.999000999 0.9578955688
0.376475821 -0.880658853 0.287586405 0.999000999 0.9578955688
0.232046314 -0.920165325 0.315357388 0.999000999 0.9578955688
0.580390864 -0.787048825 0.209046867 0.999000999 0.9578955688
0.25304603 -0.595636482 -0.762354831 0.999000999 0.9578955688
0.183342199 -0.590943926 -0.785602263 0.999000999 0.9578955688
0.473341254 -0.551842474 -0.686598821 0.999000999 0.9578955688
0.355783359 -0.530826626 -0.769182225 0.999000999 0.9578955688
0.412705947 -0.527179202 -0.742802727 0.999000999 0.9578955688
0.349936566 -0.554369336 -0.755128492 0.999000999 0.9578955688
0.435982032 -0.584069974 -0.684676517 0.999000999 0.9578955688
0.368324458 -0.582006124 -0.724986872 0.999000999 0.9578955688
0.573522176 -0.807840895 -0.13588746 0.999000999 0.9578955688
0.513133388 -0.852338408 -0.10106119 0.999000999 0.9578955688
0.572678128 -0.79325717 -0.206840093 0.999000999 0.9578955688
0.134702693 -0.728795871 -0.671350701 0.999000999 0.9578955688
0.152502021 -0.696612077 -0.7010526 0.999000999 0.9578955688
0.047498554 -0.448929969 -0.892303631 0.999000999 0.9578955688
0.085221253 -0.497359635 -0.863348557 0.999000999 0.9578955688
0.048458816 -0.48280098 -0.874388333 0.999000999 0.9578955688
0.650707988 -0.649404617 -0.393513352 0.999000999 0.9578955688
0.62882399 -0.682967308 -0.371666579 0.999000999 0.9578955688
0.633593007 -0.662732879 -0.399180451 0.999000999 0.9578955688
0.478873253 -0.628339332 -0.61308245 0.999000999 0.9578955688
0.419904512 -0.64893418 -0.634479811 0.999000999 0.9578955688
0.392798874 -0.628231804 -0.671590534 0.999000999 0.9578955688
0.489080899 -0.554340386 -0.673428994 0.999000999 0.9578955688
0.505404061 -0.579048348 -0.639741936 0.999000999 0.9578955688
-0.081581421 -0.391190532 -0.916686663 0.999000999 0.9578955688
-0.066096199 -0.421358139 -0.90448251 0.999000999 0.9578955688
0.000762601 -0.533247269 -0.845959082 0.999000999 0.9578955688
-0.031524082 -0.530550214 -0.847067118 0.999000999 0.9578955688
0.560781697 -0.699856839 -0.442407384 0.999000999 0.9578955688
0.478757128 -0.719770854 -0.502714163 0.999000999 0.9578955688
0.118193656 -0.953661452 -0.276694947 0.999000999 0.9578955688
0.230495091 -0.937156531 -0.261934437 0.999000999 0.9578955688
0.578113482 -0.811001686 -0.089783449 0.999000999 0.9578955688
0.550773722 -0.834628367 -0.00661793 0.999000999 0.9578955688
0.162243473 -0.883215513 0.440008424 0.999000999 0.9578955688
0.165392796 -0.935550703 0.312073879 0.999000999 0.9578955688
0.571412807 -0.566839292 -0.593448078 0.999000999 0.9578955688
0.52080846 -0.599403582 -0.607843643 0.999000999 0.9578955688
0.389621545 -0.673645994 -0.628009655 0.999000999 0.9578955688
0.392659111 -0.714943623 -0.578510534 0.999000999 0.9578955688
-0.126605768 -0.533564295 -0.836229707 0.999000999 0.9578955688
0.306102452 -0.597693905 -0.740988047 0.999000999 0.9578955688
0.541416608 -0.545327878 -0.639910589 0.999000999 0.9578955688
0.561864166 -0.71865867 -0.409680821 0.999000999 0.9578955688
0.527594987 -0.752893884 -0.393439105 0.999000999 0.9578955688
0.474890185 -0.771325823 -0.423716635 0.999000999 0.9578955688
0.263241176 -0.909040127 -0.323032707 0.999000999 0.9578955688
0.310933134 -0.879502075 -0.360273072 0.999000999 0.9578955688
0.09943494 -0.961879913 0.254754244 0.999000999 0.9578955688
0.677075227 -0.729511816 -0.096858906 0.999000999 0.9578955688
0.641745605 -0.763521473 -0.07209396 0.999000999 0.9578955688
0.674335473 -0.71766205 -0.173875971 0.999000999 0.9578955688
0.334801067 -0.767444849 -0.546750994 0.999000999 0.9578955688
0.427498593 -0.739331745 -0.520224493 0.999000999 0.9578955688
0.42183346 -0.77411971 -0.472011871 0.999000999 0.9578955688
0.632115428 -0.643543669 -0.431603559 0.999000999 0.9578955688
0.610285721 -0.634721286 -0.47400446 0.999000999 0.9578955688
0.63330073 -0.619955488 -0.463233611 0.999000999 0.9578955688
-0.086727393 -0.461668169 -0.882802844 0.999000999 0.9578955688
-0.084948503 -0.43089484 -0.898394896 0.999000999 0.9578955688
0.048912274 -0.570200275 -0.820048313 0.999000999 0.9578955688
0.284911894 -0.523724644 -0.80283106 0.999000999 0.9578955688
-0.024438476 -0.780907199 -0.624168813 0.999000999 0.9578955688
0.021923277 -0.825539991 -0.563917629 0.999000999 0.9578955688
0.474917148 -0.861932024 0.177558127 0.999000999 0.9578955688
0.334267172 -0.890003388 0.310095834 0.999000999 0.9578955688
0.219045351 -0.882695496 0.415773732 0.999000999 0.9578955688
0.066086785 -0.909603455 -0.410187874 0.999000999 0.9578955688
0.102278768 -0.937596224 -0.332343759 0.999000999 0.9578955688
0.235060241 -0.851845786 -0.468087001 0.999000999 0.9578955688
0.262988672 -0.811116085 -0.522424784 0.999000999 0.9578955688
0.301780533 -0.843256064 -0.444800764 0.999000999 0.9578955688
0.401132962 -0.907977789 -0.121114332 0.999000999 0.9578955688
0.545080165 -0.835326429 0.071535802 0.999000999 0.9578955688
0.610621397 -0.677524547 -0.410002436 0.999000999 0.9578955688
0.273634859 -0.737489591 -0.61744074 0.999000999 0.9578955688
0.201195723 -0.692815158 -0.692479197 0.999000999 0.9578955688
0.128775177 -0.534692621 -0.83517708 0.999000999 0.9578955688
0.016598219 -0.86661545 -0.498700472 0.999000999 0.9578955688
0.269282875 -0.775159011 -0.571502617 0.999000999 0.9578955688
0.201448682 -0.780098765 -0.592338033 0.999000999 0.9578955688
0.090821125 -0.995528776 -0.025961114 0.999000999 0.9578955688
0.090016569 -0.993234084 0.073369417 0.999000999 0.9578955688
0.659226483 -0.721123603 -0.213075557 0.999000999 0.9578955688
0.690745697 -0.683143411 -0.237034729 0.999000999 0.9578955688
0.634607724 -0.74786908 -0.194845775 0.999000999 0.9578955688
0.556302413 -0.740046276 -0.377967108 0.999000999 0.9578955688
0.468744367 -0.7918 -0.391575636 0.999000999 0.9578955688
0.671430191 -0.736843176 -0.079016662 0.999000999 0.9578955688
0.701205596 -0.707470137 -0.088299024 0.999000999 0.9578955688
0.39435805 -0.841486891 -0.369298714 0.999000999 0.9578955688
0.357042607 -0.844666052 -0.398823066 0.999000999 0.9578955688
0.165354159 -0.977076831 0.134085301 0.999000999 0.9578955688
0.075563789 -0.982950359 0.167626685 0.999000999 0.9578955688
0.030979638 -0.971052618 -0.236848212 0.999000999 0.9578955688
0.030854725 -0.98562922 -0.166081388 0.999000999 0.9578955688
0.043231205 -0.509424419 -0.859428778 0.999000999 0.9578955688
0.005479315 -0.460561837 -0.88761071 0.999000999 0.9578955688
0.701990043 -0.688952852 -0.180427125 0.999000999 0.9578955688
0.651277622 -0.713612185 -0.258060283 0.999000999 0.9578955688
0.006065239 -0.895603735 -0.444811378 0.999000999 0.9578955688
0.043898678 -0.86369564 -0.502098344 0.999000999 0.9578955688
0.129471667 -0.769225768 -0.625722627 0.999000999 0.9578955688
0.149871539 -0.849001392 -0.506690397 0.999000999 0.9578955688
0.038758429 -0.912624895 -0.40695649 0.999000999 0.9578955688
0.015077561 -0.956088559 -0.292689825 0.999000999 0.9578955688
0.198162659 -0.909931769 0.364356605 0.999000999 0.9578955688
0.638348731 -0.707238672 -0.303849236 0.999000999 0.9578955688
0.660909045 -0.678223553 -0.321266318 0.999000999 0.9578955688
0.38478787 -0.804015843 -0.453317571 0.999000999 0.9578955688
0.044138188 -0.954263961 -0.295689217 0.999000999 0.9578955688
0.591983953 -0.800067368 0.097196741 0.999000999 0.9578955688
0.705573463 -0.706511678 0.054839188 0.999000999 0.9578955688
0.230165404 -0.490146861 -0.840702053 0.999000999 0.9578955688
0.419448707 -0.868471745 0.264234008 0.999000999 0.9578955688
0.232720315 -0.907354109 0.350071102 0.999000999 0.9578955688
0.587063983 -0.800717496 0.119194677 0.999000999 0.9578955688
0.539254376 -0.540629996 -0.645696465 0.999000999 0.9578955688
0.703535177 -0.70978741 -0.035214874 0.999000999 0.9578955688
-0.01891629 -0.43926855 -0.89815662 0.999000999 0.9578955688
-0.049344739 -0.404848534 -0.913051347 0.999000999 0.9578955688
0.565511275 -0.764293128 -0.309924205 0.999000999 0.9578955688
0.574764434 -0.728295602 -0.373137188 0.999000999 0.9578955688
-0.013722501 -0.411684575 -0.911223081 0.999000999 0.9578955688
0.500771609 0.108812363 -0.858712795 0.999000999 0.9578955688
0.465582911 0.072628971 -0.882019039 0.999000999 0.9578955688
0.52437697 0.059387399 -0.849412697 0.999000999 0.9578955688
0.566138984 -0.093825854 -0.818952599 0.999000999 0.9578955688
0.637066216 -0.158811366 -0.75427156 0.999000999 0.9578955688
0.582968601 -0.151143694 -0.798312717 0.999000999 0.9578955688
0.803027109 -0.543664991 -0.244081627 0.999000999 0.9578955688
0.823192579 -0.49304416 -0.281534072 0.999000999 0.9578955688
0.859979577 -0.461659964 -0.217497596 0.999000999 0.9578955688
0.824244277 -0.526117713 0.209335912 0.999000999 0.9578955688
0.79568477 -0.574728085 0.191241669 0.999000999 0.9578955688
0.739088957 -0.673575282 0.006622173 0.999000999 0.9578955688
0.662338737 -0.029489672 -0.748623909 0.999000999 0.9578955688
0.656257228 -0.053466551 -0.752640537 0.999000999 0.9578955688
0.592109005 0.0036835 -0.805849463 0.999000999 0.9578955688
0.657603091 -0.298221117 -0.691825368 0.999000999 0.9578955688
0.696839442 -0.286890855 -0.657349549 0.999000999 0.9578955688
0.698244794 -0.367573453 -0.614283293 0.999000999 0.9578955688
0.509367785 -0.228403572 -0.829684439 0.999000999 0.9578955688
0.500057289 -0.169647132 -0.849212905 0.999000999 0.9578955688
0.54049533 -0.232245556 -0.808657406 0.999000999 0.9578955688
0.63102364 -0.566262579 -0.53024132 0.999000999 0.9578955688
0.618255742 -0.553822477 -0.557710051 0.999000999 0.9578955688
0.433068231 0.108573042 -0.894798191 0.999000999 0.9578955688
0.394906575 0.128602286 -0.909675903 0.999000999 0.9578955688
0.422151817 0.134798978 -0.896446919 0.999000999 0.9578955688
0.989439341 -0.109140257 -0.095384459 0.999000999 0.9578955688
0.971103788 -0.223074579 -0.084824314 0.999000999 0.9578955688
0.97115891 -0.199708072 -0.13025766 0.999000999 0.9578955688
0.645033397 0.042403331 -0.762976982 0.999000999 0.9578955688
0.662614219 0.008247834 -0.748915463 0.999000999 0.9578955688
0.578471872 0.06149985 -0.813380638 0.999000999 0.9578955688
0.474536212 0.025017901 -0.879880383 0.999000999 0.9578955688
0.449119778 0.0226081 -0.893185478 0.999000999 0.9578955688
0.445297575 0.053642022 -0.893774358 0.999000999 0.9578955688
0.903337584 -0.155046884 -0.399927084 0.999000999 0.9578955688
0.906812543 -0.245634424 -0.342570784 0.999000999 0.9578955688
0.863717118 -0.197642042 -0.463605827 0.999000999 0.9578955688
0.960825088 -0.146043868 0.235555383 0.999000999 0.9578955688
0.939414601 -0.283011187 0.193403402 0.999000999 0.9578955688
0.976684738 -0.21221353 0.032439788 0.999000999 0.9578955688
0.659791558 -0.530706409 -0.532001699 0.999000999 0.9578955688
0.675430029 -0.483742174 -0.556585829 0.999000999 0.9578955688
0.685719152 -0.493884681 -0.534665471 0.999000999 0.9578955688
0.530939391 0.071389424 -0.844397367 0.999000999 0.9578955688
0.535754206 0.041921574 -0.843332682 0.999000999 0.9578955688
0.465479042 0.085372077 -0.880931819 0.999000999 0.9578955688
0.789867866 -0.096376365 -0.605656958 0.999000999 0.9578955688
0.721976657 -0.048717088 -0.690200226 0.999000999 0.9578955688
0.791987957 -0.058662506 -0.607711928 0.999000999 0.9578955688
0.412495506 0.138316629 -0.900397672 0.999000999 0.9578955688
0.450389053 0.118211447 -0.884972177 0.999000999 0.9578955688
0.688926592 0.006582129 -0.724801232 0.999000999 0.9578955688
0.74538181 -0.005283863 -0.66661686 0.999000999 0.9578955688
0.461282464 -0.126792909 -0.878146939 0.999000999 0.9578955688
0.493840133 -0.131172567 -0.859602048 0.999000999 0.9578955688
0.897477632 -0.414608245 -0.150445682 0.999000999 0.9578955688
0.913360089 -0.36171874 -0.186903454 0.999000999 0.9578955688
0.952306947 -0.286127751 -0.106030127 0.999000999 0.9578955688
0.97047926 -0.239226057 -0.030674101 0.999000999 0.9578955688
0.917365314 -0.388845888 -0.085086757 0.999000999 0.9578955688
0.672364111 -0.094310724 -0.734187979 0.999000999 0.9578955688
0.604514338 -0.061148027 -0.794243875 0.999000999 0.9578955688
0.607254805 0.059944439 -0.792242555 0.999000999 0.9578955688
0.927340532 -0.221055316 0.301950466 0.999000999 0.9578955688
0.883436989 -0.375647984 0.280049423 0.999000999 0.9578955688
0.793163609 -0.573832096 0.203980919 0.999000999 0.9578955688
0.60249018 -0.279522773 -0.747577824 0.999000999 0.9578955688
0.592768339 -0.195011913 -0.781406457 0.999000999 0.9578955688
0.547914589 -0.393476679 -0.738217926 0.999000999 0.9578955688
0.543731162 -0.486292038 -0.684014968 0.999000999 0.9578955688
0.534258238 -0.454039824 -0.71303294 0.999000999 0.9578955688
0.577266346 -0.429937598 -0.694202584 0.999000999 0.9578955688
0.554688912 -0.359459488 -0.750405948 0.999000999 0.9578955688
0.573835408 -0.362851528 -0.734201399 0.999000999 0.9578955688
0.864869947 -0.472428585 -0.169738641 0.999000999 0.9578955688
0.820935936 -0.534702739 -0.200392539 0.999000999 0.9578955688
0.792579597 -0.572407434 -0.210160206 0.999000999 0.9578955688
0.730010353 -0.151135574 -0.666515508 0.999000999 0.9578955688
0.682683299 -0.159521383 -0.713089364 0.999000999 0.9578955688
0.481239002 -0.086686866 -0.872292617 0.999000999 0.9578955688
0.440993181 -0.054347251 -0.895863489 0.999000999 0.9578955688
0.468436366 -0.052978443 -0.881907396 0.999000999 0.9578955688
0.672780446 -0.633516658 -0.382129711 0.999000999 0.9578955688
0.676572425 -0.61230543 -0.409062115 0.999000999 0.9578955688
0.657029838 -0.451436627 -0.603752238 0.999000999 0.9578955688
0.624556233 -0.478227067 -0.617436948 0.999000999 0.9578955688
0.628141857 -0.406220201 -0.663643697 0.999000999 0.9578955688
0.559026651 -0.488213311 -0.670176817 0.999000999 0.9578955688
0.57711351 -0.490866873 -0.652678871 0.999000999 0.9578955688
0.388949093 0.077577982 -0.917987069 0.999000999 0.9578955688
0.417373731 0.061028162 -0.906683369 0.999000999 0.9578955688
0.533139745 -0.013139057 -0.845925161 0.999000999 0.9578955688
0.530044661 0.017975348 -0.847779183 0.999000999 0.9578955688
0.71955619 -0.446051573 -0.53223762 0.999000999 0.9578955688
0.705209664 -0.493938508 -0.50862961 0.999000999 0.9578955688
0.967161509 -0.144216462 -0.209285041 0.999000999 0.9578955688
0.945602812 -0.257780836 -0.198454939 0.999000999 0.9578955688
0.871115244 -0.480368818 -0.102000151 0.999000999 0.9578955688
0.836067321 -0.519842799 -0.175370747 0.999000999 0.9578955688
0.887841633 -0.092964386 0.450660469 0.999000999 0.9578955688
0.944178718 -0.088648812 0.31728211 0.999000999 0.9578955688
0.593273317 -0.511662947 -0.621472284 0.999000999 0.9578955688
0.718257791 -0.401012239 -0.5685903 0.999000999 0.9578955688
0.680958418 -0.413134761 -0.604661312 0.999000999 0.9578955688
0.509909763 0.105157329 -0.8537763 0.999000999 0.9578955688
0.606411467 -0.336030827 -0.720658322 0.999000999 0.9578955688
0.751905613 -0.533080992 -0.387895095 0.999000999 0.9578955688
0.721484425 -0.523150174 -0.453623324 0.999000999 0.9578955688
0.771614609 -0.457428597 -0.442006758 0.999000999 0.9578955688
0.913460373 -0.307313594 -0.266736764 0.999000999 0.9578955688
0.876102392 -0.350070741 -0.33150426 0.999000999 0.9578955688
0.987268019 -0.021220321 0.157643762 0.999000999 0.9578955688
0.779682602 -0.620745303 -0.082281885 0.999000999 0.9578955688
0.745821829 -0.660524719 -0.086353315 0.999000999 0.9578955688
0.741599816 -0.642098469 -0.194265973 0.999000999 0.9578955688
0.737935594 -0.401149829 -0.542706066 0.999000999 0.9578955688
0.766778097 -0.346098781 -0.540617224 0.999000999 0.9578955688
0.76911569 -0.391723754 -0.504988669 0.999000999 0.9578955688
0.640679573 -0.575898881 -0.50780918 0.999000999 0.9578955688
0.66336044 -0.585499479 -0.465986359 0.999000999 0.9578955688
0.412847427 0.076833853 -0.907553613 0.999000999 0.9578955688
0.438696493 0.079296102 -0.895129887 0.999000999 0.9578955688
0.55247164 -0.054267404 -0.831763269 0.999000999 0.9578955688
0.542017315 -0.324793357 -0.775065484 0.999000999 0.9578955688
0.777934097 -0.012774728 -0.628216003 0.999000999 0.9578955688
0.798504055 -0.006893887 -0.601949955 0.999000999 0.9578955688
0.871966752 -0.439062952 0.216558787 0.999000999 0.9578955688
0.870140121 -0.304579672 0.387411143 0.999000999 0.9578955688
0.870262268 -0.189621838 0.454628577 0.999000999 0.9578955688
0.897154961 -0.06776634 -0.436486769 0.999000999 0.9578955688
0.941592847 -0.116165511 -0.316083033 0.999000999 0.9578955688
0.803170361 -0.269240226 -0.531438682 0.999000999 0.9578955688
0.839944206 -0.245318904 -0.484058225 0.999000999 0.9578955688
0.833800235 -0.312552707 -0.455069197 0.999000999 0.9578955688
0.917616715 -0.372370032 -0.138996845 0.999000999 0.9578955688
0.869311096 -0.494200427 0.00800969 0.999000999 0.9578955688
0.685146223 -0.569284534 -0.454411458 0.999000999 0.9578955688
0.694505078 -0.215574788 -0.68643296 0.999000999 0.9578955688
0.73777607 -0.286091014 -0.611423259 0.999000999 0.9578955688
0.520402657 -0.129631313 -0.844024168 0.999000999 0.9578955688
0.85619254 -0.007177205 -0.516607028 0.999000999 0.9578955688
0.770160638 -0.277042184 -0.574543489 0.999000999 0.9578955688
0.771931095 -0.208402687 -0.600575312 0.999000999 0.9578955688
0.997659937 -0.067221682 -0.012485803 0.999000999 0.9578955688
0.997717483 -0.06513015 0.017829409 0.999000999 0.9578955688
0.72691901 -0.64577243 -0.233595208 0.999000999 0.9578955688
0.758015888 -0.61597265 -0.21445188 0.999000999 0.9578955688
0.782596352 -0.520302694 -0.341801195 0.999000999 0.9578955688
0.730735166 -0.584689089 -0.352370241 0.999000999 0.9578955688
0.740556948 -0.668485556 -0.068574553 0.999000999 0.9578955688
0.841071131 -0.439220521 -0.315728819 0.999000999 0.9578955688
0.837933932 -0.378927292 -0.392785989 0.999000999 0.9578955688
0.996069714 -0.037138349 0.080410617 0.999000999 0.9578955688
0.994380325 -0.105145262 0.012338671 0.999000999 0.9578955688
0.982126348 -0.043222081 -0.183193037 0.999000999 0.9578955688
0.997383123 -0.043597219 -0.057673117 0.999000999 0.9578955688
0.493420131 -0.04567189 -0.868591188 0.999000999 0.9578955688
0.452817982 -0.01329766 -0.891503812 0.999000999 0.9578955688
0.707936197 -0.657684024 -0.257445268 0.999000999 0.9578955688
0.887611803 -0.0220613 -0.460063677 0.999000999 0.9578955688
0.840093152 -0.059936844 -0.539120646 0.999000999 0.9578955688
0.766341422 -0.144231993 -0.626033511 0.999000999 0.9578955688
0.829062308 -0.15337265 -0.537710443 0.999000999 0.9578955688
0.956958972 -0.01523087 -0.289823302 0.999000999 0.9578955688
0.910739156 -0.014774294 -0.412717713 0.999000999 0.9578955688
0.876935826 -0.199480213 0.437254161 0.999000999 0.9578955688
0.695385782 -0.651465231 -0.303367216 0.999000999 0.9578955688
0.802011076 -0.403072992 -0.44080653 0.999000999 0.9578955688
0.967006 -0.057800595 -0.248109829 0.999000999 0.9578955688
0.806582412 -0.583946599 0.091821469 0.999000999 0.9578955688
0.505285356 -0.264070562 -0.821555505 0.999000999 0.9578955688
0.854573405 -0.416408195 0.310336125 0.999000999 0.9578955688
0.903714085 -0.221393453 0.366450258 0.999000999 0.9578955688
0.802026736 -0.586302755 0.114027169 0.999000999 0.9578955688
0.452199875 0.004172098 -0.891906871 0.999000999 0.9578955688
0.42286889 0.032790012 -0.905597437 0.999000999 0.9578955688
0.751383013 -0.600861277 -0.272744009 0.999000999 0.9578955688
0.705939896 -0.622789867 -0.337315349 0.999000999 0.9578955688
0.426784057 -0.0030952 -0.904348267 0.999000999 0.9578955688
0.027370772 0.470980152 -0.88171908 0.999000999 0.9578955688
0.047545714 0.495001983 -0.867590019 0.999000999 0.9578955688
0.020157625 0.507188363 -0.861599463 0.999000999 0.9578955688
0.082010164 0.445465104 -0.891535291 0.999000999 0.9578955688
0.102276655 0.469310817 -0.877089986 0.999000999 0.9578955688
0.074975136 0.482362896 -0.872756991 0.999000999 0.9578955688
0.067750114 0.518447826 -0.852421125 0.999000999 0.9578955688
0.087846205 0.541231203 -0.836272581 0.999000999 0.9578955688
0.060377566 0.553569654 -0.830611334 0.999000999 0.9578955688
-0.168956616 0.632074203 -0.756264414 0.999000999 0.9578955688
-0.138152348 0.599957667 -0.788013151 0.999000999 0.9578955688
-0.16975557 0.611589976 -0.772748825 0.999000999 0.9578955688
-0.105743192 0.608510324 -0.786469048 0.999000999 0.9578955688
-0.074409496 0.574204698 -0.815323367 0.999000999 0.9578955688
-0.106315707 0.587507265 -0.802204577 0.999000999 0.9578955688
-0.106890714 0.566050306 -0.817411418 0.999000999 0.9578955688
-0.075278313 0.530497473 -0.844337377 0.999000999 0.9578955688
-0.107360643 0.54424942 -0.832025397 0.999000999 0.9578955688
-0.418688046 0.861291569 -0.287883924 0.999000999 0.9578955688
-0.43419644 0.855732195 -0.281417594 0.999000999 0.9578955688
-0.403812709 0.879400078 -0.252172163 0.999000999 0.9578955688
-0.476762846 0.808701607 -0.344527068 0.999000999 0.9578955688
-0.491948843 0.802427691 -0.337781195 0.999000999 0.9578955688
-0.463617722 0.830045159 -0.309973615 0.999000999 0.9578955688
-0.449621845 0.849886873 -0.274831765 0.999000999 0.9578955688
-0.464858797 0.843781574 -0.268214381 0.999000999 0.9578955688
-0.434759084 0.868186058 -0.239243618 0.999000999 0.9578955688
-0.627526854 0.778121037 0.027160624 0.999000999 0.9578955688
-0.607615873 0.793748027 0.027695137 0.999000999 0.9578955688
-0.682105807 0.730760291 -0.026852655 0.999000999 0.9578955688
-0.459370403 0.877978462 0.134657541 0.999000999 0.9578955688
-0.436666097 0.889493849 0.134623224 0.999000999 0.9578955688
-0.525422829 0.846909338 0.081703266 0.999000999 0.9578955688
-0.587201984 0.808955429 0.028016846 0.999000999 0.9578955688
-0.566523641 0.823549621 0.028582981 0.999000999 0.9578955688
-0.644317045 0.764328692 -0.025635822 0.999000999 0.9578955688
-0.018161871 0.615017245 -0.788304469 0.999000999 0.9578955688
-0.007638571 0.624243129 -0.781192786 0.999000999 0.9578955688
0.013508794 0.573263726 -0.819259551 0.999000999 0.9578955688
-0.060166951 0.709058551 -0.702578045 0.999000999 0.9578955688
-0.049523156 0.717641484 -0.694649665 0.999000999 0.9578955688
-0.028655969 0.672461203 -0.739577424 0.999000999 0.9578955688
0.002982499 0.633359964 -0.773851575 0.999000999 0.9578955688
0.013485587 0.642289739 -0.766343285 0.999000999 0.9578955688
0.034492848 0.591883662 -0.805285026 0.999000999 0.9578955688
-0.320054565 0.723763738 -0.611335527 0.999000999 0.9578955688
-0.31099521 0.695802521 -0.647410868 0.999000999 0.9578955688
-0.349374612 0.718915239 -0.60091452 0.999000999 0.9578955688
-0.241238082 0.672473529 -0.699702465 0.999000999 0.9578955688
-0.230651613 0.640809453 -0.732231574 0.999000999 0.9578955688
-0.271329704 0.669725579 -0.69126539 0.999000999 0.9578955688
-0.301273029 0.666271213 -0.682141652 0.999000999 0.9578955688
-0.290768281 0.635405277 -0.715341834 0.999000999 0.9578955688
-0.330789387 0.662269101 -0.672293106 0.999000999 0.9578955688
-0.177941074 0.530024633 -0.829102444 0.999000999 0.9578955688
-0.203182737 0.53205865 -0.821967377 0.999000999 0.9578955688
-0.19489359 0.536928415 -0.820807143 0.999000999 0.9578955688
-0.194538073 0.520342959 -0.831503544 0.999000999 0.9578955688
-0.219708029 0.522166795 -0.82405717 0.999000999 0.9578955688
-0.211456219 0.527133694 -0.823053058 0.999000999 0.9578955688
-0.228287147 0.533719085 -0.814265876 0.999000999 0.9578955688
-0.253231983 0.535007869 -0.80600257 0.999000999 0.9578955688
-0.245024349 0.54008677 -0.805151756 0.999000999 0.9578955688
-0.591655292 0.593706764 -0.545395539 0.999000999 0.9578955688
-0.572039804 0.60904909 -0.54939027 0.999000999 0.9578955688
-0.56610685 0.600880601 -0.564327509 0.999000999 0.9578955688
-0.602887211 0.609390493 -0.51494683 0.999000999 0.9578955688
-0.583326425 0.62482223 -0.51896769 0.999000999 0.9578955688
-0.57777973 0.617041855 -0.53425643 0.999000999 0.9578955688
-0.552053336 0.624026236 -0.553017514 0.999000999 0.9578955688
-0.53172799 0.638595751 -0.55629202 0.999000999 0.9578955688
-0.525753068 0.630337359 -0.571190446 0.999000999 0.9578955688
0.140291707 0.39221183 -0.909113919 0.999000999 0.9578955688
0.130622067 0.406063505 -0.904461334 0.999000999 0.9578955688
0.142838401 0.401190143 -0.90478929 0.999000999 0.9578955688
0.115842624 0.401902155 -0.908325462 0.999000999 0.9578955688
0.106122244 0.415602236 -0.903334296 0.999000999 0.9578955688
0.118380461 0.410867335 -0.903976825 0.999000999 0.9578955688
0.120909662 0.419791268 -0.89953107 0.999000999 0.9578955688
0.111158913 0.433387185 -0.89432614 0.999000999 0.9578955688
0.123424857 0.428667855 -0.894991717 0.999000999 0.9578955688
-0.252829731 0.958801967 -0.129521871 0.999000999 0.9578955688
-0.199925564 0.972390403 -0.120360598 0.999000999 0.9578955688
-0.23318792 0.96012211 -0.154236599 0.999000999 0.9578955688
-0.18568599 0.980677518 -0.061581807 0.999000999 0.9578955688
-0.131859911 0.989910358 -0.051869518 0.999000999 0.9578955688
-0.166108763 0.982338333 -0.086135238 0.999000999 0.9578955688
-0.146334344 0.983013834 -0.11077031 0.999000999 0.9578955688
-0.092400036 0.990613495 -0.100733002 0.999000999 0.9578955688
-0.126520942 0.982708791 -0.135188324 0.999000999 0.9578955688
0.050385959 0.63659529 -0.769550318 0.999000999 0.9578955688
0.059279413 0.630594713 -0.773845113 0.999000999 0.9578955688
0.053840119 0.59479863 -0.802069717 0.999000999 0.9578955688
0.060881236 0.703735561 -0.707848667 0.999000999 0.9578955688
0.069859854 0.698122041 -0.71256243 0.999000999 0.9578955688
0.064641041 0.665062171 -0.743985111 0.999000999 0.9578955688
0.068212268 0.624510306 -0.77803211 0.999000999 0.9578955688
0.077095246 0.618347768 -0.782114033 0.999000999 0.9578955688
0.071550725 0.582205343 -0.809887296 0.999000999 0.9578955688
0.040921356 0.441174007 -0.896488114 0.999000999 0.9578955688
0.040735099 0.457021767 -0.888522232 0.999000999 0.9578955688
0.055516861 0.438914861 -0.896811922 0.999000999 0.9578955688
0.011325171 0.476872462 -0.878899537 0.999000999 0.9578955688
0.011116915 0.49239449 -0.870301144 0.999000999 0.9578955688
0.025929396 0.474854205 -0.879682415 0.999000999 0.9578955688
0.040537141 0.472732366 -0.880273168 0.999000999 0.9578955688
0.040316138 0.488287602 -0.871751012 0.999000999 0.9578955688
0.055125757 0.470500866 -0.880675926 0.999000999 0.9578955688
-0.243086699 0.89841329 -0.365735448 0.999000999 0.9578955688
-0.198415536 0.901438536 -0.38475946 0.999000999 0.9578955688
-0.210456532 0.871965959 -0.442021963 0.999000999 0.9578955688
-0.215971711 0.944782892 -0.246457923 0.999000999 0.9578955688
-0.170927246 0.948846298 -0.265470487 0.999000999 0.9578955688
-0.185017615 0.927199179 -0.32568415 0.999000999 0.9578955688
-0.152768457 0.902487651 -0.402713098 0.999000999 0.9578955688
-0.107161236 0.901357966 -0.419607301 0.999000999 0.9578955688
-0.119766942 0.870925599 -0.47659677 0.999000999 0.9578955688
-0.394977334 0.907066996 0.145678997 0.999000999 0.9578955688
-0.322870854 0.933762624 0.15440782 0.999000999 0.9578955688
-0.360779177 0.92607797 0.110534971 0.999000999 0.9578955688
-0.317862211 0.919184197 0.232516725 0.999000999 0.9578955688
-0.243404583 0.939657135 0.240413556 0.999000999 0.9578955688
-0.283635622 0.938271561 0.197983112 0.999000999 0.9578955688
-0.248608217 0.954885668 0.162441728 0.999000999 0.9578955688
-0.173100546 0.970167901 0.169736397 0.999000999 0.9578955688
-0.213145802 0.968771415 0.126691802 0.999000999 0.9578955688
-0.460716258 0.683743751 -0.565893111 0.999000999 0.9578955688
-0.50098804 0.676729504 -0.539488797 0.999000999 0.9578955688
-0.486112233 0.689717086 -0.536642561 0.999000999 0.9578955688
-0.490477233 0.657823875 -0.57157662 0.999000999 0.9578955688
-0.530182279 0.649917228 -0.54453131 0.999000999 0.9578955688
-0.5156984 0.663429089 -0.54214113 0.999000999 0.9578955688
-0.540107356 0.668069225 -0.511827661 0.999000999 0.9578955688
-0.577934189 0.657816879 -0.482979323 0.999000999 0.9578955688
-0.563674412 0.671674597 -0.480753984 0.999000999 0.9578955688
0.052511293 0.515744551 -0.85513164 0.999000999 0.9578955688
0.067280111 0.505247528 -0.860347792 0.999000999 0.9578955688
0.069635393 0.475358049 -0.87703229 0.999000999 0.9578955688
0.047543017 0.573229578 -0.818014372 0.999000999 0.9578955688
0.062411399 0.563220622 -0.823946205 0.999000999 0.9578955688
0.064889554 0.534554666 -0.842639101 0.999000999 0.9578955688
0.082068969 0.494583357 -0.865246778 0.999000999 0.9578955688
0.096795857 0.483742482 -0.869841235 0.999000999 0.9578955688
0.099018409 0.453422693 -0.885778311 0.999000999 0.9578955688
0.029263678 0.740737226 -0.671157209 0.999000999 0.9578955688
-0.005753481 0.777824493 -0.628455213 0.999000999 0.9578955688
0.031020893 0.773448394 -0.633099744 0.999000999 0.9578955688
-0.044163722 0.748885691 -0.661225973 0.999000999 0.9578955688
-0.079388467 0.783398987 -0.616428016 0.999000999 0.9578955688
-0.042705935 0.781114307 -0.622925872 0.999000999 0.9578955688
-0.040930983 0.81146731 -0.582962657 0.999000999 0.9578955688
-0.075951283 0.841433404 -0.534996476 0.999000999 0.9578955688
-0.039077586 0.839699418 -0.541643638 0.999000999 0.9578955688
0.112553361 0.439684283 -0.891072091 0.999000999 0.9578955688
0.12231457 0.426127142 -0.896356405 0.999000999 0.9578955688
0.110337359 0.43461746 -0.893830706 0.999000999 0.9578955688
0.120089726 0.421032599 -0.899060626 0.999000999 0.9578955688
0.121202085 0.423581532 -0.897713061 0.999000999 0.9578955688
0.132037199 0.412438353 -0.901366065 0.999000999 0.9578955688
0.141719038 0.398623048 -0.90609899 0.999000999 0.9578955688
0.037864757 0.743733575 -0.667402899 0.999000999 0.9578955688
0.043723803 0.733379547 -0.678411872 0.999000999 0.9578955688
0.048372849 0.765747389 -0.641319735 0.999000999 0.9578955688
0.028349983 0.67470917 -0.737539026 0.999000999 0.9578955688
0.034176447 0.663338065 -0.747539017 0.999000999 0.9578955688
0.038992362 0.699212382 -0.713849873 0.999000999 0.9578955688
0.049595906 0.722826712 -0.689247264 0.999000999 0.9578955688
0.055419554 0.712087406 -0.699900135 0.999000999 0.9578955688
0.060100815 0.745522981 -0.66376455 0.999000999 0.9578955688
-0.114111257 0.477700473 -0.871080294 0.999000999 0.9578955688
-0.13551867 0.49562243 -0.8579004 0.999000999 0.9578955688
-0.105744081 0.482373749 -0.869559518 0.999000999 0.9578955688
-0.173439444 0.503450705 -0.846437326 0.999000999 0.9578955688
-0.165133632 0.508281311 -0.84521062 0.999000999 0.9578955688
-0.15679963 0.513075919 -0.843899862 0.999000999 0.9578955688
-0.148460868 0.517806662 -0.842517437 0.999000999 0.9578955688
-0.379045884 0.896632586 -0.228854155 0.999000999 0.9578955688
-0.36324839 0.901533482 -0.235133977 0.999000999 0.9578955688
-0.410298268 0.885999561 -0.216009509 0.999000999 0.9578955688
-0.394748549 0.89145372 -0.222449654 0.999000999 0.9578955688
-0.353751671 0.91256402 -0.205150348 0.999000999 0.9578955688
-0.327948385 0.92716143 -0.181167158 0.999000999 0.9578955688
-0.311902527 0.931454947 -0.187372614 0.999000999 0.9578955688
-0.364646993 0.928532421 0.069714521 0.999000999 0.9578955688
-0.386936856 0.92096579 0.045846301 0.999000999 0.9578955688
-0.453454476 0.887892883 0.077622588 0.999000999 0.9578955688
-0.224101687 0.974552373 0.005109354 0.999000999 0.9578955688
-0.246969072 0.968831746 -0.019269795 0.999000999 0.9578955688
-0.317935716 0.94801938 0.013271628 0.999000999 0.9578955688
-0.408835602 0.912356492 0.021426217 0.999000999 0.9578955688
-0.430116875 0.902769361 -0.00263739 0.999000999 0.9578955688
-0.495662598 0.868005344 0.029754175 0.999000999 0.9578955688
-0.016237358 0.572085761 -0.820033067 0.999000999 0.9578955688
-0.03741843 0.622731816 -0.781540112 0.999000999 0.9578955688
-0.054700796 0.587955267 -0.807041775 0.999000999 0.9578955688
-0.075955914 0.637290508 -0.766871245 0.999000999 0.9578955688
-0.056765115 0.630142902 -0.774401475 0.999000999 0.9578955688
-0.05853902 0.670571555 -0.73953159 0.999000999 0.9578955688
-0.079417229 0.715365947 -0.694222202 0.999000999 0.9578955688
0.026050049 0.546947003 -0.836761837 0.999000999 0.9578955688
0.005903577 0.52357267 -0.851960567 0.999000999 0.9578955688
0.0662127 0.591770826 -0.80338233 0.999000999 0.9578955688
0.046195272 0.569691585 -0.820559257 0.999000999 0.9578955688
0.031913862 0.585502081 -0.81004248 0.999000999 0.9578955688
0.037749935 0.62272322 -0.781531019 0.999000999 0.9578955688
0.017658078 0.60095659 -0.799086584 0.999000999 0.9578955688
-0.547141955 0.797171768 0.25525057 0.999000999 0.9578955688
-0.486558972 0.827115398 0.281319186 0.999000999 0.9578955688
-0.648019304 0.733521934 0.204979397 0.999000999 0.9578955688
-0.182092021 0.906585006 0.380717905 0.999000999 0.9578955688
-0.111656945 0.910989608 0.39702728 0.999000999 0.9578955688
-0.305314998 0.887084549 0.346213451 0.999000999 0.9578955688
-0.423421589 0.852723308 0.305903773 0.999000999 0.9578955688
-0.358065312 0.873851618 0.328896007 0.999000999 0.9578955688
-0.534436435 0.804069159 0.260481256 0.999000999 0.9578955688
-0.208349686 0.561592028 -0.800752648 0.999000999 0.9578955688
-0.21604028 0.588749585 -0.77890983 0.999000999 0.9578955688
-0.177621415 0.562844495 -0.807252567 0.999000999 0.9578955688
-0.283858881 0.610150756 -0.739689253 0.999000999 0.9578955688
-0.253814984 0.612970218 -0.748228218 0.999000999 0.9578955688
-0.223448852 0.615209832 -0.756034042 0.999000999 0.9578955688
-0.192941871 0.616767451 -0.763132587 0.999000999 0.9578955688
-0.486914793 0.522430981 -0.69998561 0.999000999 0.9578955688
-0.440360415 0.527375345 -0.72660715 0.999000999 0.9578955688
-0.465473075 0.51683632 -0.718481061 0.999000999 0.9578955688
-0.436906374 0.543716259 -0.716578991 0.999000999 0.9578955688
-0.389070149 0.547168673 -0.741101115 0.999000999 0.9578955688
-0.414877353 0.537513046 -0.734136573 0.999000999 0.9578955688
-0.39251409 0.530814712 -0.751111464 0.999000999 0.9578955688
-0.34353281 0.532737403 -0.77341843 0.999000999 0.9578955688
-0.36982775 0.523697686 -0.767442616 0.999000999 0.9578955688
-0.306011574 0.545564482 -0.780202738 0.999000999 0.9578955688
-0.346794876 0.559598976 -0.752716614 0.999000999 0.9578955688
-0.311237425 0.556236603 -0.77054014 0.999000999 0.9578955688
-0.376827395 0.551868935 -0.743936686 0.999000999 0.9578955688
-0.416196803 0.563668385 -0.713483128 0.999000999 0.9578955688
-0.381812123 0.562062659 -0.733692763 0.999000999 0.9578955688
-0.386683402 0.572162645 -0.723260571 0.999000999 0.9578955688
-0.425572163 0.583198936 -0.691930152 0.999000999 0.9578955688
-0.391476036 0.582098126 -0.712676844 0.999000999 0.9578955688
-0.579355405 0.788925111 -0.204803527 0.999000999 0.9578955688
-0.54385415 0.816210639 -0.194994503 0.999000999 0.9578955688
-0.5595368 0.785697543 -0.263814214 0.999000999 0.9578955688
-0.540315735 0.838951813 -0.064952004 0.999000999 0.9578955688
-0.502303522 0.862978912 -0.054392728 0.999000999 0.9578955688
-0.524668433 0.842088808 -0.124937884 0.999000999 0.9578955688
-0.506922163 0.841972995 -0.184692708 0.999000999 0.9578955688
-0.469281675 0.865769331 -0.173833756 0.999000999 0.9578955688
-0.487578728 0.838416764 -0.243565831 0.999000999 0.9578955688
-0.207127811 0.778052559 -0.59307022 0.999000999 0.9578955688
-0.164722418 0.736473611 -0.656104524 0.999000999 0.9578955688
-0.206785641 0.74445313 -0.634845836 0.999000999 0.9578955688
-0.12322947 0.762029089 -0.635709183 0.999000999 0.9578955688
-0.122040864 0.72683754 -0.675879588 0.999000999 0.9578955688
-0.120840225 0.689396689 -0.714233747 0.999000999 0.9578955688
-0.119198307 0.650130199 -0.750414877 0.999000999 0.9578955688
-0.036152997 0.450038962 -0.892276803 0.999000999 0.9578955688
-0.050060362 0.466001275 -0.883366726 0.999000999 0.9578955688
-0.034019548 0.461247212 -0.886619241 0.999000999 0.9578955688
-0.068218797 0.459452056 -0.885578909 0.999000999 0.9578955688
-0.082096608 0.475108675 -0.876088976 0.999000999 0.9578955688
-0.066091986 0.470620607 -0.87985686 0.999000999 0.9578955688
-0.063946666 0.481718364 -0.873989841 0.999000999 0.9578955688
-0.077801677 0.497175172 -0.864154933 0.999000999 0.9578955688
-0.061793433 0.492731954 -0.867984328 0.999000999 0.9578955688
-0.649775779 0.635605743 -0.416889405 0.999000999 0.9578955688
-0.646579138 0.65156045 -0.396742233 0.999000999 0.9578955688
-0.650605508 0.638735723 -0.410766538 0.999000999 0.9578955688
-0.641639453 0.661167747 -0.388787888 0.999000999 0.9578955688
-0.637797003 0.676467164 -0.368248772 0.999000999 0.9578955688
-0.642308188 0.664139769 -0.382568372 0.999000999 0.9578955688
-0.642948267 0.667078637 -0.376329135 0.999000999 0.9578955688
-0.638884612 0.682150254 -0.355664847 0.999000999 0.9578955688
-0.643555936 0.669986337 -0.370073055 0.999000999 0.9578955688
-0.449705922 0.606827055 -0.655381957 0.999000999 0.9578955688
-0.423023149 0.617749326 -0.662900585 0.999000999 0.9578955688
-0.403198922 0.603323684 -0.688063341 0.999000999 0.9578955688
-0.487207485 0.632697014 -0.601933015 0.999000999 0.9578955688
-0.460995659 0.64441578 -0.610091226 0.999000999 0.9578955688
-0.442284645 0.631490804 -0.636870205 0.999000999 0.9578955688
-0.395924129 0.628201471 -0.669781304 0.999000999 0.9578955688
-0.3685182 0.63805363 -0.676078325 0.999000999 0.9578955688
-0.348325344 0.622834496 -0.700533115 0.999000999 0.9578955688
-0.460434359 0.577872204 -0.67384265 0.999000999 0.9578955688
-0.464831755 0.587265192 -0.662609262 0.999000999 0.9578955688
-0.451351259 0.55863213 -0.695853566 0.999000999 0.9578955688
-0.455949703 0.568301884 -0.684940024 0.999000999 0.9578955688
-0.494593634 0.571595469 -0.654718075 0.999000999 0.9578955688
-0.527962513 0.564429344 -0.63456686 0.999000999 0.9578955688
-0.532028961 0.573516334 -0.622915885 0.999000999 0.9578955688
0.038260159 0.391645322 -0.919320457 0.999000999 0.9578955688
0.06559592 0.4018047 -0.913372957 0.999000999 0.9578955688
0.027367497 0.402533616 -0.914996015 0.999000999 0.9578955688
0.114556469 0.38929551 -0.913961608 0.999000999 0.9578955688
0.103738663 0.400495799 -0.910407274 0.999000999 0.9578955688
0.092883963 0.411616644 -0.906611443 0.999000999 0.9578955688
0.082005583 0.422601106 -0.902598133 0.999000999 0.9578955688
0.027363808 0.508115557 -0.860854112 0.999000999 0.9578955688
0.041964707 0.50602017 -0.861500174 0.999000999 0.9578955688
-0.001863809 0.51198203 -0.858994137 0.999000999 0.9578955688
0.012744541 0.510101105 -0.860020022 0.999000999 0.9578955688
0.014380481 0.527599101 -0.849371762 0.999000999 0.9578955688
0.001386087 0.54671646 -0.837316661 0.999000999 0.9578955688
0.016009058 0.544866915 -0.838369701 0.999000999 0.9578955688
-0.572507541 0.681269481 -0.456187472 0.999000999 0.9578955688
-0.534864311 0.691733656 -0.485205851 0.999000999 0.9578955688
-0.514411848 0.720713278 -0.464707243 0.999000999 0.9578955688
-0.475215311 0.729228486 -0.492337509 0.999000999 0.9578955688
-0.505341689 0.710958948 -0.489047188 0.999000999 0.9578955688
-0.495911461 0.700591797 -0.513072078 0.999000999 0.9578955688
-0.455796833 0.707822266 -0.539663679 0.999000999 0.9578955688
-0.211956568 0.964142042 -0.159701397 0.999000999 0.9578955688
-0.264583727 0.94949157 -0.168704504 0.999000999 0.9578955688
-0.104889538 0.984531477 -0.140342277 0.999000999 0.9578955688
-0.158663918 0.975834661 -0.15024139 0.999000999 0.9578955688
-0.190604134 0.967680527 -0.16511954 0.999000999 0.9578955688
-0.169168092 0.970744818 -0.170401455 0.999000999 0.9578955688
-0.222306279 0.958268164 -0.179727695 0.999000999 0.9578955688
-0.554813362 0.831511675 -0.027757287 0.999000999 0.9578955688
-0.535525353 0.844510841 -0.003746398 0.999000999 0.9578955688
-0.626992733 0.773283847 -0.094404474 0.999000999 0.9578955688
-0.609935211 0.789306923 -0.070523897 0.999000999 0.9578955688
-0.573673162 0.81823967 -0.037187994 0.999000999 0.9578955688
-0.515671545 0.856545468 0.020315492 0.999000999 0.9578955688
-0.495222323 0.867634875 0.044323509 0.999000999 0.9578955688
-0.206352348 0.929496125 0.305705188 0.999000999 0.9578955688
-0.1363134 0.938728818 0.316554677 0.999000999 0.9578955688
-0.208710471 0.934832344 0.287277615 0.999000999 0.9578955688
-0.060494163 0.930331985 0.36169442 0.999000999 0.9578955688
0.010653606 0.929389982 0.368945473 0.999000999 0.9578955688
-0.063032442 0.936891586 0.343891069 0.999000999 0.9578955688
-0.065527578 0.943171488 0.325781646 0.999000999 0.9578955688
0.005522812 0.942723947 0.333528197 0.999000999 0.9578955688
-0.068068777 0.949033443 0.30773717 0.999000999 0.9578955688
-0.569875734 0.570495465 -0.591419117 0.999000999 0.9578955688
-0.537695165 0.578935051 -0.612958495 0.999000999 0.9578955688
-0.580551543 0.580640952 -0.570802935 0.999000999 0.9578955688
-0.548748978 0.589527663 -0.592732396 0.999000999 0.9578955688
-0.543263067 0.584289573 -0.602885507 0.999000999 0.9578955688
-0.504658066 0.586494041 -0.633517936 0.999000999 0.9578955688
-0.470834812 0.593125428 -0.653082542 0.999000999 0.9578955688
-0.353117654 0.650406339 -0.672517299 0.999000999 0.9578955688
-0.362805856 0.679588496 -0.637598139 0.999000999 0.9578955688
-0.415769443 0.682713736 -0.600864149 0.999000999 0.9578955688
-0.423942692 0.709138287 -0.563378633 0.999000999 0.9578955688
-0.393921744 0.695220374 -0.601243954 0.999000999 0.9578955688
-0.371725462 0.707330509 -0.601251804 0.999000999 0.9578955688
-0.379921274 0.733464273 -0.563639944 0.999000999 0.9578955688
0.027368178 0.425616821 -0.904489527 0.999000999 0.9578955688
-9e-09 0.415156424 -0.909750045 0.999000999 0.9578955688
0.054731027 0.435733811 -0.898410018 0.999000999 0.9578955688
0.027370144 0.448460014 -0.893383731 0.999000999 0.9578955688
-9e-09 0.460732815 -0.887538885 0.999000999 0.9578955688
0.103375641 0.471800188 -0.875624383 0.999000999 0.9578955688
0.105575338 0.47676623 -0.872667067 0.999000999 0.9578955688
0.104478719 0.474285754 -0.874149427 0.999000999 0.9578955688
0.096236799 0.508152075 -0.855873792 0.999000999 0.9578955688
0.088928722 0.543608201 -0.834614765 0.999000999 0.9578955688
-0.23339041 0.563050614 -0.792781762 0.999000999 0.9578955688
-0.283006019 0.564804986 -0.775179284 0.999000999 0.9578955688
-0.258314558 0.564095859 -0.784263636 0.999000999 0.9578955688
-0.271243834 0.587488666 -0.762419733 0.999000999 0.9578955688
-0.308305495 0.610161807 -0.729828946 0.999000999 0.9578955688
-0.525291966 0.525372429 -0.669366986 0.999000999 0.9578955688
-0.501051455 0.53686512 -0.678766 0.999000999 0.9578955688
-0.551833823 0.552450939 -0.624721851 0.999000999 0.9578955688
-0.51472997 0.550899476 -0.656934415 0.999000999 0.9578955688
-0.476378025 0.547985103 -0.687587306 0.999000999 0.9578955688
-0.525259962 0.728335548 -0.440033296 0.999000999 0.9578955688
-0.526322907 0.741372926 -0.416353675 0.999000999 0.9578955688
-0.485725762 0.752540226 -0.444695055 0.999000999 0.9578955688
-0.602861032 0.70122478 -0.380581639 0.999000999 0.9578955688
-0.603320574 0.713464825 -0.356331627 0.999000999 0.9578955688
-0.565578968 0.728340853 -0.386833341 0.999000999 0.9578955688
-0.527015323 0.753912918 -0.392262873 0.999000999 0.9578955688
-0.527363109 0.765821401 -0.367975179 0.999000999 0.9578955688
-0.487352206 0.77777353 -0.39693345 0.999000999 0.9578955688
-0.342720406 0.907954698 -0.241165897 0.999000999 0.9578955688
-0.31054516 0.907281644 -0.283551974 0.999000999 0.9578955688
-0.356304585 0.884536045 -0.301069807 0.999000999 0.9578955688
-0.249008542 0.946685189 -0.204406211 0.999000999 0.9578955688
-0.263534983 0.927447794 -0.265310954 0.999000999 0.9578955688
-0.277146028 0.904106699 -0.325240152 0.999000999 0.9578955688
-0.289691941 0.876929123 -0.383502141 0.999000999 0.9578955688
-0.032365891 0.961933181 0.271361391 0.999000999 0.9578955688
-0.103302438 0.959363916 0.262582337 0.999000999 0.9578955688
-0.102558583 0.978265212 0.180219065 0.999000999 0.9578955688
-0.138412127 0.966461582 0.216319426 0.999000999 0.9578955688
-0.173936901 0.951903276 0.25224216 0.999000999 0.9578955688
-0.684859068 0.713673744 -0.147098078 0.999000999 0.9578955688
-0.674265587 0.726581784 -0.132078871 0.999000999 0.9578955688
-0.691617295 0.701401787 -0.172339925 0.999000999 0.9578955688
-0.646488401 0.760071953 -0.06590427 0.999000999 0.9578955688
-0.634417121 0.771328597 -0.050666674 0.999000999 0.9578955688
-0.655181496 0.749911667 -0.091486061 0.999000999 0.9578955688
-0.663323072 0.739130408 -0.116998896 0.999000999 0.9578955688
-0.652060425 0.751295173 -0.101846773 0.999000999 0.9578955688
-0.670926403 0.727722259 -0.14240111 0.999000999 0.9578955688
-0.310899989 0.77709805 -0.547229218 0.999000999 0.9578955688
-0.359511616 0.767614471 -0.530584038 0.999000999 0.9578955688
-0.343961963 0.778348337 -0.525227603 0.999000999 0.9578955688
-0.342125198 0.755948704 -0.558114599 0.999000999 0.9578955688
-0.39022538 0.745235351 -0.540692542 0.999000999 0.9578955688
-0.374946078 0.756549153 -0.53576937 0.999000999 0.9578955688
-0.407165219 0.755999894 -0.512523799 0.999000999 0.9578955688
-0.453693914 0.742312745 -0.493085815 0.999000999 0.9578955688
-0.438729005 0.754249872 -0.488491546 0.999000999 0.9578955688
-0.640507829 0.632189402 -0.435988854 0.999000999 0.9578955688
-0.629451127 0.631064563 -0.453374895 0.999000999 0.9578955688
-0.642565775 0.621477365 -0.44819093 0.999000999 0.9578955688
-0.61401494 0.651089033 -0.446171184 0.999000999 0.9578955688
-0.602669034 0.649684196 -0.463357832 0.999000999 0.9578955688
-0.616146551 0.640471824 -0.458431315 0.999000999 0.9578955688
-0.618119517 0.629674586 -0.470572182 0.999000999 0.9578955688
-0.606525298 0.628021494 -0.487561346 0.999000999 0.9578955688
-0.619927666 0.618713855 -0.482579376 0.999000999 0.9578955688
0.067145054 0.46663947 -0.881895202 0.999000999 0.9578955688
0.067342521 0.450883196 -0.890038948 0.999000999 0.9578955688
0.091494017 0.426911651 -0.89965287 0.999000999 0.9578955688
0.091631929 0.41081025 -0.907104475 0.999000999 0.9578955688
0.079515709 0.43098063 -0.898850905 0.999000999 0.9578955688
0.067517095 0.434980514 -0.897905003 0.999000999 0.9578955688
0.067679653 0.418945335 -0.905485655 0.999000999 0.9578955688
-0.037141656 0.563321901 -0.825402286 0.999000999 0.9578955688
-0.056379404 0.571217797 -0.818859934 0.999000999 0.9578955688
-0.017869401 0.555157347 -0.831553368 0.999000999 0.9578955688
-0.019519157 0.537982173 -0.842730197 0.999000999 0.9578955688
-0.021152261 0.520593263 -0.853542756 0.999000999 0.9578955688
-0.282542915 0.537186838 -0.794732535 0.999000999 0.9578955688
-0.318573896 0.541388018 -0.778080771 0.999000999 0.9578955688
-0.307786195 0.52906027 -0.790798893 0.999000999 0.9578955688
-0.331086247 0.53710247 -0.775823971 0.999000999 0.9578955688
-0.354104629 0.544714922 -0.760194426 0.999000999 0.9578955688
0.050786698 0.779305691 -0.624582542 0.999000999 0.9578955688
0.044885399 0.788875787 -0.612911327 0.999000999 0.9578955688
0.06256465 0.759555228 -0.647426845 0.999000999 0.9578955688
0.056686642 0.769531124 -0.636088416 0.999000999 0.9578955688
0.05318867 0.792498083 -0.607550619 0.999000999 0.9578955688
0.055560715 0.805317156 -0.59023494 0.999000999 0.9578955688
0.049613743 0.814390974 -0.578191853 0.999000999 0.9578955688
-0.373928797 0.904917107 0.203229636 0.999000999 0.9578955688
-0.395247678 0.900655377 0.180552388 0.999000999 0.9578955688
-0.300209514 0.919703555 0.253020984 0.999000999 0.9578955688
-0.548803213 0.8343194 0.052212766 0.999000999 0.9578955688
-0.484445281 0.868454809 0.105351857 0.999000999 0.9578955688
-0.416124619 0.895544369 0.157608961 0.999000999 0.9578955688
-0.344495496 0.915296823 0.208697338 0.999000999 0.9578955688
-0.229512258 0.930794561 0.284509418 0.999000999 0.9578955688
-0.275010348 0.93072112 0.241096465 0.999000999 0.9578955688
-0.252362356 0.931242144 0.262871281 0.999000999 0.9578955688
-0.157328936 0.936263952 0.314097785 0.999000999 0.9578955688
-0.084219848 0.935989744 0.341804353 0.999000999 0.9578955688
-0.052439432 0.945636959 -0.320968609 0.999000999 0.9578955688
-0.091961395 0.948568712 -0.302919958 0.999000999 0.9578955688
-0.084170602 0.966447356 -0.242682546 0.999000999 0.9578955688
-0.067035251 0.897053787 -0.436807483 0.999000999 0.9578955688
-0.099809248 0.926784954 -0.36208806 0.999000999 0.9578955688
-0.131735583 0.949599422 -0.284440985 0.999000999 0.9578955688
-0.162336862 0.965269729 -0.204697565 0.999000999 0.9578955688
-0.241183542 0.860731869 -0.448298059 0.999000999 0.9578955688
-0.251551277 0.841269128 -0.478527124 0.999000999 0.9578955688
-0.265680945 0.850615992 -0.453724663 0.999000999 0.9578955688
-0.212689947 0.841069915 -0.497357402 0.999000999 0.9578955688
-0.222649033 0.820267998 -0.526866036 0.999000999 0.9578955688
-0.23717919 0.831145614 -0.50293439 0.999000999 0.9578955688
-0.261551379 0.820610851 -0.508122729 0.999000999 0.9578955688
-0.271144526 0.798824545 -0.536991614 0.999000999 0.9578955688
-0.285692019 0.809498489 -0.512925205 0.999000999 0.9578955688
-0.346383105 0.930172223 -0.12164859 0.999000999 0.9578955688
-0.313915186 0.945361236 -0.088030618 0.999000999 0.9578955688
-0.461916239 0.886151473 -0.036999404 0.999000999 0.9578955688
-0.373187637 0.926647694 -0.045332543 0.999000999 0.9578955688
-0.280642068 0.958320948 -0.053488218 0.999000999 0.9578955688
-0.543972454 0.83900697 0.012699333 0.999000999 0.9578955688
-0.483129115 0.872735308 0.070138013 0.999000999 0.9578955688
-0.600432317 0.798418831 -0.044815209 0.999000999 0.9578955688
-0.590483774 0.806826989 -0.018950528 0.999000999 0.9578955688
-0.579942375 0.814629254 0.006783786 0.999000999 0.9578955688
-0.434214793 0.720734381 -0.54036975 0.999000999 0.9578955688
-0.444129694 0.731813391 -0.516911961 0.999000999 0.9578955688
-0.412334742 0.733227716 -0.540700635 0.999000999 0.9578955688
-0.593220539 0.695112022 -0.406089484 0.999000999 0.9578955688
-0.630391665 0.67956159 -0.37523645 0.999000999 0.9578955688
-0.554510997 0.708843588 -0.435956789 0.999000999 0.9578955688
-0.583106182 0.688427686 -0.431340356 0.999000999 0.9578955688
-0.610942249 0.667213524 -0.426116982 0.999000999 0.9578955688
-0.431009577 0.670247193 -0.60415184 0.999000999 0.9578955688
-0.400260229 0.654970676 -0.640940842 0.999000999 0.9578955688
-0.446125185 0.657428153 -0.607256571 0.999000999 0.9578955688
-0.330655295 0.755514823 -0.565565583 0.999000999 0.9578955688
-0.292831357 0.733696528 -0.613138811 0.999000999 0.9578955688
-0.276068954 0.774761235 -0.568797821 0.999000999 0.9578955688
-0.237474357 0.75170015 -0.615266458 0.999000999 0.9578955688
-0.265184822 0.743072931 -0.614426261 0.999000999 0.9578955688
-0.253610114 0.708880654 -0.658156615 0.999000999 0.9578955688
-0.213346876 0.681165562 -0.700354616 0.999000999 0.9578955688
-0.162135714 0.584674776 -0.794900885 0.999000999 0.9578955688
-0.099243404 0.515274183 -0.851259809 0.999000999 0.9578955688
-0.13085949 0.550804642 -0.824311859 0.999000999 0.9578955688
-0.154323888 0.556984801 -0.816058863 0.999000999 0.9578955688
-0.146249792 0.528629869 -0.836158753 0.999000999 0.9578955688
0.048479534 0.648698238 -0.759500053 0.999000999 0.9578955688
0.062828627 0.633694678 -0.771027638 0.999000999 0.9578955688
0.059220533 0.673846898 -0.736493915 0.999000999 0.9578955688
-0.336320721 0.601379608 -0.724728183 0.999000999 0.9578955688
-0.323968535 0.579130736 -0.74809891 0.999000999 0.9578955688
-0.364089982 0.59198495 -0.719021769 0.999000999 0.9578955688
0.094011967 0.435793261 -0.895123446 0.999000999 0.9578955688
0.081847373 0.4557178 -0.886353369 0.999000999 0.9578955688
0.096524114 0.444633262 -0.890496692 0.999000999 0.9578955688
0.039153748 0.825828608 -0.562560303 0.999000999 0.9578955688
0.036806264 0.813579144 -0.580288097 0.999000999 0.9578955688
0.043802958 0.849160559 -0.526315158 0.999000999 0.9578955688
0.041505081 0.837691711 -0.544563977 0.999000999 0.9578955688
0.033290287 0.859534603 -0.50999218 0.999000999 0.9578955688
0.027307575 0.889858452 -0.455418743 0.999000999 0.9578955688
0.025029298 0.879881236 -0.47453403 0.999000999 0.9578955688
-0.150766498 0.661377297 -0.734744537 0.999000999 0.9578955688
-0.182291905 0.671669141 -0.71807397 0.999000999 0.9578955688
-0.19482256 0.709235898 -0.677516503 0.999000999 0.9578955688
0.018833244 0.676523208 -0.736180452 0.999000999 0.9578955688
-0.012767221 0.714034238 -0.699994361 0.999000999 0.9578955688
0.024163388 0.709417548 -0.7043741 0.999000999 0.9578955688
-0.260163551 0.784585515 -0.56279703 0.999000999 0.9578955688
-0.247761325 0.796830136 -0.551068108 0.999000999 0.9578955688
-0.236000142 0.79561485 -0.557943495 0.999000999 0.9578955688
-0.283509945 0.78649264 -0.548681546 0.999000999 0.9578955688
-0.259481754 0.797903086 -0.544077094 0.999000999 0.9578955688
-0.235255349 0.808729836 -0.539083457 0.999000999 0.9578955688
-0.210860984 0.818962588 -0.533702094 0.999000999 0.9578955688
-0.317137378 0.923146217 -0.217313011 0.999000999 0.9578955688
-0.291087115 0.937003271 -0.193114375 0.999000999 0.9578955688
-0.270097145 0.942079751 -0.198829765 0.999000999 0.9578955688
0.003859 0.999392581 -0.034634904 0.999000999 0.9578955688
-0.033948542 0.998812636 -0.034940168 0.999000999 0.9578955688
-0.038540762 0.998900275 -0.026699247 0.999000999 0.9578955688
0.013050415 0.998609139 -0.051083012 0.999000999 0.9578955688
-0.024765538 0.998368894 -0.051441421 0.999000999 0.9578955688
-0.029358245 0.998634797 -0.043204585 0.999000999 0.9578955688
-0.071712493 0.996803253 -0.035222059 0.999000999 0.9578955688
-0.109368744 0.993368877 -0.035450711 0.999000999 0.9578955688
-0.113928153 0.993117368 -0.027171125 0.999000999 0.9578955688
-0.686979237 0.700422847 -0.19356488 0.999000999 0.9578955688
-0.696613151 0.686527459 -0.208351065 0.999000999 0.9578955688
-0.666643378 0.72717179 -0.163730859 0.999000999 0.9578955688
-0.676976072 0.71398361 -0.178691921 0.999000999 0.9578955688
-0.681993608 0.69913138 -0.214709181 0.999000999 0.9578955688
-0.676695835 0.697502621 -0.235738923 0.999000999 0.9578955688
-0.685969666 0.683194214 -0.250382274 0.999000999 0.9578955688
-0.612235663 0.779677735 -0.131415838 0.999000999 0.9578955688
-0.645046412 0.746286662 -0.164229549 0.999000999 0.9578955688
-0.577155444 0.81069525 -0.098309741 0.999000999 0.9578955688
-0.596212997 0.784976407 -0.16835113 0.999000999 0.9578955688
-0.611882294 0.754547194 -0.237188936 0.999000999 0.9578955688
-0.607100682 0.710484552 -0.355865794 0.999000999 0.9578955688
-0.569865774 0.737626634 -0.362160113 0.999000999 0.9578955688
-0.539431437 0.757823537 -0.367038434 0.999000999 0.9578955688
-0.500046538 0.782067075 -0.371920086 0.999000999 0.9578955688
-0.535421108 0.760507158 -0.367359633 0.999000999 0.9578955688
-0.531398373 0.763173378 -0.367671272 0.999000999 0.9578955688
-0.491781589 0.787069222 -0.372388116 0.999000999 0.9578955688
-0.49956537 0.862218701 0.083745758 0.999000999 0.9578955688
-0.411764476 0.897245202 0.159377114 0.999000999 0.9578955688
-0.4481243 0.886566618 0.11482266 0.999000999 0.9578955688
-0.682698153 0.728161196 -0.060864645 0.999000999 0.9578955688
-0.700902975 0.710606141 -0.061432337 0.999000999 0.9578955688
-0.644939772 0.761897772 -0.059703233 0.999000999 0.9578955688
-0.664009933 0.745287931 -0.060305137 0.999000999 0.9578955688
-0.682449406 0.724752181 -0.094852964 0.999000999 0.9578955688
-0.681408895 0.720500848 -0.128687399 0.999000999 0.9578955688
-0.699559045 0.702802746 -0.129172141 0.999000999 0.9578955688
-0.315062059 0.766137061 -0.560151679 0.999000999 0.9578955688
-0.299344636 0.776468112 -0.554517862 0.999000999 0.9578955688
-0.287731355 0.775685581 -0.561713937 0.999000999 0.9578955688
-0.464104954 0.815803976 -0.345065885 0.999000999 0.9578955688
-0.407569947 0.839452385 -0.359452961 0.999000999 0.9578955688
-0.431835611 0.814424186 -0.387596763 0.999000999 0.9578955688
-0.414313061 0.863377986 -0.287963782 0.999000999 0.9578955688
-0.382312658 0.862921926 -0.33045844 0.999000999 0.9578955688
-0.349246279 0.859900764 -0.372287138 0.999000999 0.9578955688
-0.315344513 0.854433559 -0.412917827 0.999000999 0.9578955688
-0.148210526 0.988870378 0.013000584 0.999000999 0.9578955688
-0.110686585 0.993767623 0.013205697 0.999000999 0.9578955688
-0.141099661 0.9855636 0.093569635 0.999000999 0.9578955688
-0.103418403 0.990193441 0.093923287 0.999000999 0.9578955688
-0.107140636 0.992794437 0.053666475 0.999000999 0.9578955688
-0.07288124 0.99724929 0.01349735 0.999000999 0.9578955688
-0.035094445 0.999288996 0.013779782 0.999000999 0.9578955688
0.01352605 0.996075732 -0.087465317 0.999000999 0.9578955688
-0.009045187 0.994540499 -0.10395855 0.999000999 0.9578955688
-0.004920918 0.997108282 -0.075834412 0.999000999 0.9578955688
0.005259301 0.989627904 -0.143558183 0.999000999 0.9578955688
-0.017313623 0.986973935 -0.159945896 0.999000999 0.9578955688
-0.01317534 0.991159651 -0.132018772 0.999000999 0.9578955688
-0.031622598 0.99222276 -0.120391055 0.999000999 0.9578955688
-0.054143081 0.989127073 -0.1367339 0.999000999 0.9578955688
-0.050022682 0.992814023 -0.108710838 0.999000999 0.9578955688
-0.029864694 0.473594139 -0.880236724 0.999000999 0.9578955688
-0.015952654 0.457570527 -0.889030217 0.999000999 0.9578955688
-0.057621955 0.504898596 -0.861253225 0.999000999 0.9578955688
-0.043758611 0.489376405 -0.87097412 0.999000999 0.9578955688
-0.025701187 0.485849935 -0.873664289 0.999000999 0.9578955688
-0.021542117 0.497996745 -0.866911287 0.999000999 0.9578955688
-0.007644732 0.482148889 -0.876055938 0.999000999 0.9578955688
-0.124985061 0.511267218 -0.850284991 0.999000999 0.9578955688
-0.101419539 0.504392512 -0.85749768 0.999000999 0.9578955688
-0.103593247 0.49341644 -0.86360214 0.999000999 0.9578955688
-0.700544366 0.690244551 -0.181107843 0.999000999 0.9578955688
-0.683737847 0.715982096 -0.140968775 0.999000999 0.9578955688
-0.698656232 0.695227044 -0.168934384 0.999000999 0.9578955688
-0.682591281 0.718255127 -0.134828463 0.999000999 0.9578955688
-0.665188515 0.739885871 -0.100464608 0.999000999 0.9578955688
-0.57988882 0.64699731 -0.495099422 0.999000999 0.9578955688
-0.55622803 0.643293014 -0.526103104 0.999000999 0.9578955688
-0.581696979 0.635979348 -0.507108365 0.999000999 0.9578955688
-0.52858494 0.604299312 -0.596171371 0.999000999 0.9578955688
-0.508043425 0.618728168 -0.599222273 0.999000999 0.9578955688
-0.489735701 0.606289254 -0.626555891 0.999000999 0.9578955688
-0.650851822 0.732260959 -0.200463945 0.999000999 0.9578955688
-0.616168987 0.738793015 -0.272984726 0.999000999 0.9578955688
-0.633994017 0.736148936 -0.236931066 0.999000999 0.9578955688
-0.655643906 0.717093508 -0.236448663 0.999000999 0.9578955688
-0.659368741 0.700877231 -0.272036708 0.999000999 0.9578955688
-0.388183427 0.910969143 -0.139459124 0.999000999 0.9578955688
-0.429364399 0.88937576 -0.157025385 0.999000999 0.9578955688
-0.446558025 0.889474754 -0.097059739 0.999000999 0.9578955688
-0.035576974 0.88956831 -0.455414647 0.999000999 0.9578955688
-0.04251775 0.858911804 -0.510355517 0.999000999 0.9578955688
-0.020673079 0.940117845 -0.340222077 0.999000999 0.9578955688
-0.02813854 0.916711596 -0.398557489 0.999000999 0.9578955688
-0.00371337 0.880895196 -0.473296803 0.999000999 0.9578955688
0.027885319 0.871001077 -0.490489075 0.999000999 0.9578955688
0.020470253 0.838524056 -0.544479914 0.999000999 0.9578955688
-0.107185361 0.833003913 -0.542785205 0.999000999 0.9578955688
-0.105204827 0.859432241 -0.500308072 0.999000999 0.9578955688
-0.110608638 0.773875429 -0.623604482 0.999000999 0.9578955688
-0.109016448 0.804422924 -0.583968469 0.999000999 0.9578955688
-0.138420211 0.823587504 -0.550039516 0.999000999 0.9578955688
-0.16934737 0.813269924 -0.556698751 0.999000999 0.9578955688
-0.16734113 0.840807995 -0.514819251 0.999000999 0.9578955688
0.003010039 0.924823649 -0.380384225 0.999000999 0.9578955688
-0.001416453 0.947571783 -0.319539841 0.999000999 0.9578955688
0.01458936 0.933244982 -0.358944222 0.999000999 0.9578955688
-0.028918764 0.953049128 -0.301431693 0.999000999 0.9578955688
-0.033354943 0.970486909 -0.238835941 0.999000999 0.9578955688
-0.017458708 0.959994833 -0.279472922 0.999000999 0.9578955688
-0.005876174 0.966307863 -0.257321945 0.999000999 0.9578955688
-0.010382498 0.980938875 -0.194038985 0.999000999 0.9578955688
0.005638583 0.971972628 -0.235026417 0.999000999 0.9578955688
0.080109758 0.550223045 -0.831166065 0.999000999 0.9578955688
0.088519306 0.517381494 -0.851164333 0.999000999 0.9578955688
0.071254682 0.556757471 -0.827613369 0.999000999 0.9578955688
0.03704279 0.563918252 -0.824999416 0.999000999 0.9578955688
0.039531541 0.535280814 -0.843748604 0.999000999 0.9578955688
0.026515866 0.554460178 -0.831787725 0.999000999 0.9578955688
-0.081828843 0.933126179 0.350113659 0.999000999 0.9578955688
0.01564734 0.918765738 0.394492939 0.999000999 0.9578955688
-0.272940227 0.928999031 0.249928854 0.999000999 0.9578955688
-0.178432936 0.936529554 0.301784825 0.999000999 0.9578955688
-0.079514876 0.930124196 0.358533632 0.999000999 0.9578955688
-0.077123454 0.92710267 0.366786877 0.999000999 0.9578955688
0.020510663 0.911643587 0.410469589 0.999000999 0.9578955688
-0.19465465 0.790131479 -0.581207203 0.999000999 0.9578955688
-0.182019842 0.801906364 -0.569047416 0.999000999 0.9578955688
-0.152789651 0.782891337 -0.603105693 0.999000999 0.9578955688
-0.181908395 0.851942842 -0.491022127 0.999000999 0.9578955688
-0.19628162 0.86235731 -0.466704827 0.999000999 0.9578955688
-0.150895724 0.861922128 -0.48406686 0.999000999 0.9578955688
-0.068725371 0.987680818 0.140582452 0.999000999 0.9578955688
0.002047284 0.972688525 0.232105237 0.999000999 0.9578955688
-0.0332727 0.981841339 0.186763253 0.999000999 0.9578955688
-0.034172421 0.994345204 0.100547803 0.999000999 0.9578955688
0.000194619 0.998171949 0.060437759 0.999000999 0.9578955688
-0.291824929 0.953259985 0.078317372 0.999000999 0.9578955688
-0.217010127 0.972335354 0.086432426 0.999000999 0.9578955688
-0.220719621 0.974272213 0.045568669 0.999000999 0.9578955688
-0.64926564 0.69967361 -0.298179423 0.999000999 0.9578955688
-0.670204104 0.679976884 -0.297418722 0.999000999 0.9578955688
-0.60574847 0.737323863 -0.299035637 0.999000999 0.9578955688
-0.627752066 0.718811546 -0.298726137 0.999000999 0.9578955688
-0.63861341 0.697939158 -0.324120108 0.999000999 0.9578955688
-0.627466944 0.695665975 -0.349762899 0.999000999 0.9578955688
-0.648719245 0.676242545 -0.349083602 0.999000999 0.9578955688
-0.468331975 0.813455742 -0.344898416 0.999000999 0.9578955688
-0.472557667 0.811087449 -0.344712055 0.999000999 0.9578955688
-0.44395447 0.838212859 -0.316707485 0.999000999 0.9578955688
-0.440207073 0.76797643 -0.465220309 0.999000999 0.9578955688
-0.442034961 0.793870916 -0.417581205 0.999000999 0.9578955688
-0.441270672 0.781251475 -0.441504618 0.999000999 0.9578955688
-0.393393697 0.781425558 -0.484371238 0.999000999 0.9578955688
-0.345572682 0.792710008 -0.502185588 0.999000999 0.9578955688
-0.047291168 0.984136605 -0.170993242 0.999000999 0.9578955688
-0.065709802 0.985030931 -0.159362127 0.999000999 0.9578955688
-0.02882436 0.98277287 -0.182555858 0.999000999 0.9578955688
-0.040354673 0.977918717 -0.205052391 0.999000999 0.9578955688
-0.05184531 0.972421942 -0.227393118 0.999000999 0.9578955688
-0.654182491 0.74184327 0.147356138 0.999000999 0.9578955688
-0.704995793 0.699364494 0.117771968 0.999000999 0.9578955688
-0.541879173 0.815569316 0.203011458 0.999000999 0.9578955688
-0.599433544 0.780914122 0.175648968 0.999000999 0.9578955688
-0.657611102 0.748116584 0.088708595 0.999000999 0.9578955688
-0.658910752 0.751611528 0.030277581 0.999000999 0.9578955688
-0.708048892 0.706162347 0.001226864 0.999000999 0.9578955688
-0.130325885 0.973133466 -0.189806271 0.999000999 0.9578955688
-0.098059228 0.979735327 -0.174651303 0.999000999 0.9578955688
-0.091152064 0.973693196 -0.208836927 0.999000999 0.9578955688
-0.007539459 0.829397534 -0.55860799 0.999000999 0.9578955688
0.024088961 0.81794695 -0.5747891 0.999000999 0.9578955688
0.027551889 0.796217873 -0.604382322 0.999000999 0.9578955688
0.011351645 0.908455311 -0.41782782 0.999000999 0.9578955688
0.019622661 0.890500804 -0.454558324 0.999000999 0.9578955688
-0.004677983 0.925217105 -0.379409312 0.999000999 0.9578955688
-0.384746953 0.816085123 -0.43124802 0.999000999 0.9578955688
-0.325779629 0.835089826 -0.443274877 0.999000999 0.9578955688
-0.335916244 0.814403021 -0.473189176 0.999000999 0.9578955688
-0.265986191 0.531195927 -0.804414218 0.999000999 0.9578955688
-0.232563507 0.518558145 -0.822807186 0.999000999 0.9578955688
-0.24932479 0.524981131 -0.813776358 0.999000999 0.9578955688
-0.278695312 0.527279102 -0.802686534 0.999000999 0.9578955688
-0.291350828 0.523273124 -0.800812046 0.999000999 0.9578955688
-0.204856404 0.918612829 0.337911711 0.999000999 0.9578955688
-0.106021215 0.912536977 0.395013629 0.999000999 0.9578955688
-0.393997278 0.894370556 0.211819388 0.999000999 0.9578955688
-0.301280332 0.912686163 0.276105288 0.999000999 0.9578955688
-0.32932754 0.894302518 0.30292966 0.999000999 0.9578955688
-0.447617013 0.855018718 0.261881657 0.999000999 0.9578955688
-0.356286362 0.87477853 0.328363444 0.999000999 0.9578955688
-0.107897736 0.91203039 0.395674925 0.999000999 0.9578955688
0.021055581 0.907671944 0.419151888 0.999000999 0.9578955688
-0.235002562 0.900686616 0.365427716 0.999000999 0.9578955688
-0.109781114 0.911503719 0.396369874 0.999000999 0.9578955688
0.017286708 0.907065073 0.420635381 0.999000999 0.9578955688
-0.653202738 0.755351613 0.052631964 0.999000999 0.9578955688
-0.573578719 0.812147675 0.106881275 0.999000999 0.9578955688
-0.539075955 0.815581032 0.210296682 0.999000999 0.9578955688
-0.5134397 0.837776151 0.185770814 0.999000999 0.9578955688
-0.486567099 0.858852915 0.160075386 0.999000999 0.9578955688
0.008219265 0.480642139 -0.876878314 0.999000999 0.9578955688
-0.280280431 0.730067441 -0.623253088 0.999000999 0.9578955688
-0.300699149 0.297570883 -0.906107936 0.999000999 0.9578955688
0.016972573 0.997647351 -0.066420587 0.999000999 0.9578955688
-0.203029004 0.971665685 -0.121016609 0.999000999 0.9578955688
-0.536120158 0.823490555 -0.185576081 0.999000999 0.9578955688
-0.686916947 0.679614265 -0.257428744 0.999000999 0.9578955688
-0.06989907 0.993977031 -0.084402496 0.999000999 0.9578955688
-0.089692726 0.994164401 -0.059936291 0.999000999 0.9578955688
-0.047329497 0.996566737 -0.067931267 0.999000999 0.9578955688
-0.70181583 0.71150457 -0.034868145 0.999000999 0.9578955688
-0.655158909 0.754137975 0.045196449 0.999000999 0.9578955688
-0.704615665 0.707844635 -0.049726619 0.999000999 0.9578955688
-0.657037445 0.752913698 0.03771949 0.999000999 0.9578955688
-0.601647428 0.788959592 0.124752291 0.999000999 0.9578955688
0.013560583 0.449417962 -0.893218678 0.999000999 0.9578955688
0.022681102 0.446709008 -0.894391765 0.999000999 0.9578955688
0.028354183 0.431413108 -0.901708806 0.999000999 0.9578955688
0.002196221 0.479482476 -0.877548706 0.999000999 0.9578955688
0.017006262 0.461865684 -0.886786827 0.999000999 0.9578955688
0.031805031 0.443962585 -0.895480688 0.999000999 0.9578955688
0.046579559 0.425785081 -0.903624595 0.999000999 0.9578955688
-0.501761767 0.818852533 -0.278775285 0.999000999 0.9578955688
-0.527500436 0.775187454 -0.347602793 0.999000999 0.9578955688
-0.51507916 0.797740518 -0.31353393 0.999000999 0.9578955688
-0.537663095 0.792153626 -0.288809676 0.999000999 0.9578955688
-0.572343464 0.763833128 -0.298298361 0.999000999 0.9578955688
-0.634195876 0.664212211 -0.395749579 0.999000999 0.9578955688
-0.624340448 0.657912266 -0.421129975 0.999000999 0.9578955688
-0.637574087 0.648409654 -0.416009862 0.999000999 0.9578955688
-0.584137395 0.744113234 -0.324158908 0.999000999 0.9578955688
-0.538949191 0.755053661 -0.37340024 0.999000999 0.9578955688
-0.561835453 0.750025479 -0.349002443 0.999000999 0.9578955688
-0.595209922 0.723477135 -0.349722725 0.999000999 0.9578955688
-0.605532431 0.702024774 -0.374822215 0.999000999 0.9578955688
-0.006117203 0.454899802 -0.890521617 0.999000999 0.9578955688
-0.010267812 0.4424638 -0.896727583 0.999000999 0.9578955688
-0.001960241 0.467241602 -0.884127504 0.999000999 0.9578955688
0.003723964 0.452182322 -0.891917754 0.999000999 0.9578955688
0.009402825 0.436979577 -0.899422279 0.999000999 0.9578955688
-0.056839736 0.549489517 -0.833564944 0.999000999 0.9578955688
-0.039203005 0.524071497 -0.850771527 0.999000999 0.9578955688
-0.057265148 0.527368155 -0.847704861 0.999000999 0.9578955688
-0.57327599 0.732013838 -0.368117345 0.999000999 0.9578955688
-0.606610137 0.707700136 -0.362194228 0.999000999 0.9578955688
-0.606084502 0.704874856 -0.368528174 0.999000999 0.9578955688
-0.542266721 -0.14781132 -0.827102543 0.999000999 0.9578955688
-0.529380732 -0.145737888 -0.835773001 0.999000999 0.9578955688
-0.558017478 -0.136336287 -0.818552937 0.999000999 0.9578955688
-0.483618666 -0.16621459 -0.859351905 0.999000999 0.9578955688
-0.470222805 -0.16398111 -0.867179744 0.999000999 0.9578955688
-0.500102428 -0.154956189 -0.851989519 0.999000999 0.9578955688
-0.516361104 -0.143620982 -0.844241804 0.999000999 0.9578955688
-0.503217015 -0.141483153 -0.852499357 0.999000999 0.9578955688
-0.532388354 -0.1322351 -0.836107958 0.999000999 0.9578955688
-0.554610588 0.095520195 -0.826609332 0.999000999 0.9578955688
-0.586399676 0.125204512 -0.80028698 0.999000999 0.9578955688
-0.550882123 0.118329867 -0.826151881 0.999000999 0.9578955688
-0.624493345 0.109117148 -0.773370228 0.999000999 0.9578955688
-0.653904317 0.138292093 -0.743830923 0.999000999 0.9578955688
-0.620793629 0.131836678 -0.772809394 0.999000999 0.9578955688
-0.616709306 0.15457042 -0.771866321 0.999000999 0.9578955688
-0.645443028 0.18344737 -0.741451522 0.999000999 0.9578955688
-0.61231612 0.177132671 -0.770514754 0.999000999 0.9578955688
-0.787005326 0.538965892 -0.300230551 0.999000999 0.9578955688
-0.806443691 0.492059754 -0.327911226 0.999000999 0.9578955688
-0.817389347 0.498387423 -0.288937074 0.999000999 0.9578955688
-0.763055436 0.524855998 -0.377190381 0.999000999 0.9578955688
-0.78055307 0.476707727 -0.404334821 0.999000999 0.9578955688
-0.794104878 0.484823791 -0.366528763 0.999000999 0.9578955688
-0.823146125 0.443425559 -0.354688919 0.999000999 0.9578955688
-0.837007862 0.393453097 -0.380279501 0.999000999 0.9578955688
-0.849893044 0.400983445 -0.341897778 0.999000999 0.9578955688
-0.813551986 0.577170118 0.070765961 0.999000999 0.9578955688
-0.79673118 0.600762346 0.065605103 0.999000999 0.9578955688
-0.759711316 0.650157448 -0.011576193 0.999000999 0.9578955688
-0.860139938 0.459208158 0.222007106 0.999000999 0.9578955688
-0.846723138 0.48537096 0.217887493 0.999000999 0.9578955688
-0.825750691 0.545737992 0.142498564 0.999000999 0.9578955688
-0.77900042 0.624074385 0.060741323 0.999000999 0.9578955688
-0.760790048 0.646613557 0.055582469 0.999000999 0.9578955688
-0.720765922 0.692824021 -0.022166675 0.999000999 0.9578955688
-0.641877124 -0.010909799 -0.766729897 0.999000999 0.9578955688
-0.643870129 0.005384509 -0.76511585 0.999000999 0.9578955688
-0.620291362 -0.023543025 -0.784018081 0.999000999 0.9578955688
-0.686321901 0.046921447 -0.725782768 0.999000999 0.9578955688
-0.687580708 0.063209048 -0.723351496 0.999000999 0.9578955688
-0.666313678 0.034325736 -0.744881082 0.999000999 0.9578955688
-0.645679526 0.021700481 -0.763300098 0.999000999 0.9578955688
-0.647331871 0.037985249 -0.761261171 0.999000999 0.9578955688
-0.62446757 0.009029899 -0.780998537 0.999000999 0.9578955688
-0.637151952 0.298065495 -0.710770252 0.999000999 0.9578955688
-0.663176245 0.30459381 -0.683681124 0.999000999 0.9578955688
-0.660364903 0.33462998 -0.672265551 0.999000999 0.9578955688
-0.640181386 0.236868846 -0.730794734 0.999000999 0.9578955688
-0.666863476 0.243491975 -0.704276056 0.999000999 0.9578955688
-0.66538071 0.274144136 -0.694343938 0.999000999 0.9578955688
-0.688319607 0.310582845 -0.655556569 0.999000999 0.9578955688
-0.712406817 0.316133478 -0.626527055 0.999000999 0.9578955688
-0.708895022 0.34599314 -0.614619065 0.999000999 0.9578955688
-0.528547925 0.256053661 -0.80936618 0.999000999 0.9578955688
-0.526222789 0.2296139 -0.818759448 0.999000999 0.9578955688
-0.540181182 0.253685642 -0.802401325 0.999000999 0.9578955688
-0.499873101 0.207559429 -0.840860254 0.999000999 0.9578955688
-0.496693909 0.180752311 -0.848895614 0.999000999 0.9578955688
-0.511715728 0.205292698 -0.834267297 0.999000999 0.9578955688
-0.523480108 0.202981891 -0.827506452 0.999000999 0.9578955688
-0.520304334 0.176204451 -0.835604806 0.999000999 0.9578955688
-0.535127487 0.20064822 -0.820596651 0.999000999 0.9578955688
-0.635174828 0.545604374 -0.546688947 0.999000999 0.9578955688
-0.620957566 0.561898697 -0.546517663 0.999000999 0.9578955688
-0.629149806 0.537394618 -0.561584852 0.999000999 0.9578955688
-0.617753698 0.593683165 -0.515674963 0.999000999 0.9578955688
-0.612199704 0.585909629 -0.530962737 0.999000999 0.9578955688
-0.606439776 0.577939757 -0.546091965 0.999000999 0.9578955688
-0.600499675 0.569778296 -0.561028371 0.999000999 0.9578955688
-0.469692747 -0.134108085 -0.87258452 0.999000999 0.9578955688
-0.445619902 -0.139993647 -0.884208506 0.999000999 0.9578955688
-0.465880908 -0.145368859 -0.872824653 0.999000999 0.9578955688
-0.428933884 -0.123297247 -0.894881842 0.999000999 0.9578955688
-0.404339576 -0.129018353 -0.905463291 0.999000999 0.9578955688
-0.425099668 -0.134536787 -0.895092244 0.999000999 0.9578955688
-0.421207499 -0.145772328 -0.895172984 0.999000999 0.9578955688
-0.39648309 -0.151428781 -0.905466998 0.999000999 0.9578955688
-0.417259494 -0.156974292 -0.895127693 0.999000999 0.9578955688
-0.99176259 0.085182339 -0.095660518 0.999000999 0.9578955688
-0.987558649 0.131832064 -0.085721764 0.999000999 0.9578955688
-0.985164333 0.114909106 -0.127464248 0.999000999 0.9578955688
-0.992862948 0.118655899 -0.011997683 0.999000999 0.9578955688
-0.986275156 0.16510075 -0.001748814 0.999000999 0.9578955688
-0.987931467 0.148600462 -0.043695765 0.999000999 0.9578955688
-0.981078286 0.178293382 -0.075477591 0.999000999 0.9578955688
-0.97237372 0.224196784 -0.065001157 0.999000999 0.9578955688
-0.972360844 0.207493879 -0.107054564 0.999000999 0.9578955688
-0.596420348 -0.100164309 -0.796398066 0.999000999 0.9578955688
-0.608162985 -0.075506762 -0.790212954 0.999000999 0.9578955688
-0.58315384 -0.113822789 -0.804348165 0.999000999 0.9578955688
-0.643845381 -0.023218006 -0.764803275 0.999000999 0.9578955688
-0.653926979 0.001574014 -0.756556031 0.999000999 0.9578955688
-0.63177324 -0.037011429 -0.774269157 0.999000999 0.9578955688
-0.619424592 -0.050783863 -0.78341188 0.999000999 0.9578955688
-0.6302122 -0.026032515 -0.775986399 0.999000999 0.9578955688
-0.606824039 -0.064546055 -0.792211078 0.999000999 0.9578955688
-0.487671998 -0.048877513 -0.871657623 0.999000999 0.9578955688
-0.47079982 -0.048272538 -0.880918436 0.999000999 0.9578955688
-0.472259968 -0.064597741 -0.879089105 0.999000999 0.9578955688
-0.484407876 -0.016202858 -0.874692219 0.999000999 0.9578955688
-0.467478092 -0.015577812 -0.883867391 0.999000999 0.9578955688
-0.469203073 -0.031923489 -0.882513097 0.999000999 0.9578955688
-0.453744521 -0.047638951 -0.889857539 0.999000999 0.9578955688
-0.436530048 -0.046986352 -0.898461908 0.999000999 0.9578955688
-0.438050251 -0.063327362 -0.896717136 0.999000999 0.9578955688
-0.867609408 0.1301149 -0.479920856 0.999000999 0.9578955688
-0.882610914 0.186554049 -0.431503836 0.999000999 0.9578955688
-0.854317526 0.165625205 -0.492655921 0.999000999 0.9578955688
-0.918937408 0.171229933 -0.355294736 0.999000999 0.9578955688
-0.925826989 0.225979741 -0.302948087 0.999000999 0.9578955688
-0.906568353 0.206643689 -0.36801115 0.999000999 0.9578955688
-0.892590884 0.242009645 -0.380411416 0.999000999 0.9578955688
-0.897548756 0.295704094 -0.32705553 0.999000999 0.9578955688
-0.877327927 0.276626943 -0.392139316 0.999000999 0.9578955688
-0.968579635 0.156178335 0.193550557 0.999000999 0.9578955688
-0.959423442 0.223098627 0.172434515 0.999000999 0.9578955688
-0.97615739 0.187374011 0.109579792 0.999000999 0.9578955688
-0.921742673 0.224860724 0.315955851 0.999000999 0.9578955688
-0.909800572 0.292124174 0.294832812 0.999000999 0.9578955688
-0.937108818 0.25841864 0.234620692 0.999000999 0.9578955688
-0.94516558 0.289727469 0.150731618 0.999000999 0.9578955688
-0.926255048 0.354255058 0.128666005 0.999000999 0.9578955688
-0.945762127 0.318077633 0.066034985 0.999000999 0.9578955688
-0.663940542 0.557273268 -0.498627577 0.999000999 0.9578955688
-0.671015686 0.530938184 -0.517535113 0.999000999 0.9578955688
-0.677594484 0.54275956 -0.496263816 0.999000999 0.9578955688
-0.650419482 0.533313847 -0.5408612 0.999000999 0.9578955688
-0.656593839 0.50626388 -0.55908981 0.999000999 0.9578955688
-0.664003795 0.518770431 -0.538494383 0.999000999 0.9578955688
-0.677345324 0.504009515 -0.535889654 0.999000999 0.9578955688
-0.682911564 0.476543725 -0.553658626 0.999000999 0.9578955688
-0.690397209 0.489064004 -0.533074192 0.999000999 0.9578955688
-0.523387798 -0.114801982 -0.844325599 0.999000999 0.9578955688
-0.523290493 -0.096245182 -0.846701792 0.999000999 0.9578955688
-0.489790906 -0.120906622 -0.863415576 0.999000999 0.9578955688
-0.587588722 -0.064962668 -0.806547795 0.999000999 0.9578955688
-0.587035197 -0.046281649 -0.808237395 0.999000999 0.9578955688
-0.555732915 -0.071334142 -0.828294855 0.999000999 0.9578955688
-0.523004513 -0.077598486 -0.848790171 0.999000999 0.9578955688
-0.522563652 -0.058978862 -0.850557889 0.999000999 0.9578955688
-0.489504988 -0.083798408 -0.867964685 0.999000999 0.9578955688
-0.806550029 0.100737162 -0.582519592 0.999000999 0.9578955688
-0.766924426 0.077641627 -0.637023314 0.999000999 0.9578955688
-0.798765894 0.085781062 -0.595495303 0.999000999 0.9578955688
-0.74213678 0.084316091 -0.664923903 0.999000999 0.9578955688
-0.696879907 0.060683405 -0.714615925 0.999000999 0.9578955688
-0.732917387 0.069304291 -0.676778412 0.999000999 0.9578955688
-0.723392695 0.054171943 -0.688308368 0.999000999 0.9578955688
-0.676179087 0.030496615 -0.736105834 0.999000999 0.9578955688
-0.713530569 0.03908456 -0.699533076 0.999000999 0.9578955688
-0.407893948 -0.165808796 -0.897847409 0.999000999 0.9578955688
-0.432501995 -0.160110238 -0.887303069 0.999000999 0.9578955688
-0.438364557 -0.172069013 -0.882172755 0.999000999 0.9578955688
-0.462592905 -0.166232708 -0.870846996 0.999000999 0.9578955688
-0.447615972 -0.163201094 -0.879207225 0.999000999 0.9578955688
-0.4567887 -0.154295209 -0.876091931 0.999000999 0.9578955688
-0.480731688 -0.14837081 -0.864224015 0.999000999 0.9578955688
-0.659924658 0.005831572 -0.75130915 0.999000999 0.9578955688
-0.675151616 0.016988168 -0.737483354 0.999000999 0.9578955688
-0.680422626 0.02653323 -0.732339428 0.999000999 0.9578955688
-0.648748166 -0.013264864 -0.760887548 0.999000999 0.9578955688
-0.664321139 -0.002116056 -0.747444277 0.999000999 0.9578955688
-0.669786024 0.007434241 -0.742516945 0.999000999 0.9578955688
-0.690012493 0.028129069 -0.723250659 0.999000999 0.9578955688
-0.704493968 0.039256256 -0.708623451 0.999000999 0.9578955688
-0.709403434 0.048791588 -0.703111761 0.999000999 0.9578955688
-0.506821204 0.158236146 -0.847404029 0.999000999 0.9578955688
-0.518584986 0.155944202 -0.840684851 0.999000999 0.9578955688
-0.482997823 0.162724568 -0.86036842 0.999000999 0.9578955688
-0.494951311 0.160500521 -0.853968842 0.999000999 0.9578955688
-0.493001316 0.140168256 -0.858663241 0.999000999 0.9578955688
-0.478864501 0.122017816 -0.869367841 0.999000999 0.9578955688
-0.490835441 0.119782172 -0.862979027 0.999000999 0.9578955688
-0.933200798 0.331043037 -0.139809792 0.999000999 0.9578955688
-0.910843022 0.356235559 -0.208473538 0.999000999 0.9578955688
-0.945564998 0.279984974 -0.165877209 0.999000999 0.9578955688
-0.850035087 0.477461363 -0.222420767 0.999000999 0.9578955688
-0.867864066 0.429508507 -0.249668593 0.999000999 0.9578955688
-0.882947231 0.379511998 -0.276359967 0.999000999 0.9578955688
-0.895068046 0.328658566 -0.30139134 0.999000999 0.9578955688
-0.890345218 0.447595051 0.083331049 0.999000999 0.9578955688
-0.911049824 0.406445341 0.069212743 0.999000999 0.9578955688
-0.859593989 0.503737438 0.085713291 0.999000999 0.9578955688
-0.968901741 0.242667725 0.048392061 0.999000999 0.9578955688
-0.979614077 0.19806153 0.033584089 0.999000999 0.9578955688
-0.951224993 0.304125702 0.051754912 0.999000999 0.9578955688
-0.929642923 0.364358824 0.054833236 0.999000999 0.9578955688
-0.946078051 0.321397188 0.040499006 0.999000999 0.9578955688
-0.904248589 0.423068335 0.057859083 0.999000999 0.9578955688
-0.694841955 0.085753375 -0.714031523 0.999000999 0.9578955688
-0.675438534 0.073202491 -0.733773932 0.999000999 0.9578955688
-0.670265223 0.105686676 -0.734557593 0.999000999 0.9578955688
-0.650414013 0.093103473 -0.753852343 0.999000999 0.9578955688
-0.663039169 0.08318099 -0.743948911 0.999000999 0.9578955688
-0.655394374 0.060595081 -0.75285221 0.999000999 0.9578955688
-0.634751058 0.047946965 -0.771227711 0.999000999 0.9578955688
-0.626103939 -0.051829414 -0.778015148 0.999000999 0.9578955688
-0.5960731 -0.078795993 -0.799054473 0.999000999 0.9578955688
-0.613951796 -0.049852674 -0.787767671 0.999000999 0.9578955688
-0.589885705 -0.109629559 -0.800010134 0.999000999 0.9578955688
-0.577426038 -0.107653325 -0.809314483 0.999000999 0.9578955688
-0.564804813 -0.105614571 -0.818438199 0.999000999 0.9578955688
-0.552066749 -0.103570651 -0.827342387 0.999000999 0.9578955688
-0.8948223 0.345606159 0.282576422 0.999000999 0.9578955688
-0.869677912 0.413831468 0.269079628 0.999000999 0.9578955688
-0.824127456 0.517475187 0.230289746 0.999000999 0.9578955688
-0.932028031 0.117436394 0.34283005 0.999000999 0.9578955688
-0.922675007 0.190442101 0.335265025 0.999000999 0.9578955688
-0.90261165 0.304321978 0.304434465 0.999000999 0.9578955688
-0.839614645 0.479855138 0.254531519 0.999000999 0.9578955688
-0.805063331 0.54320371 0.238333301 0.999000999 0.9578955688
-0.745431326 0.637456056 0.194889494 0.999000999 0.9578955688
-0.614414327 0.229359808 -0.754910004 0.999000999 0.9578955688
-0.614679188 0.198260619 -0.763454139 0.999000999 0.9578955688
-0.611830835 0.290905443 -0.735552209 0.999000999 0.9578955688
-0.613429473 0.2603052 -0.745617519 0.999000999 0.9578955688
-0.58776647 0.221636861 -0.778079481 0.999000999 0.9578955688
-0.560408599 0.213614384 -0.800194412 0.999000999 0.9578955688
-0.560276031 0.182247735 -0.808007755 0.999000999 0.9578955688
-0.51357694 0.326011838 -0.79369705 0.999000999 0.9578955688
-0.518822817 0.381870921 -0.764851282 0.999000999 0.9578955688
-0.503811453 0.350218278 -0.789633572 0.999000999 0.9578955688
-0.543323837 0.389185601 -0.743864084 0.999000999 0.9578955688
-0.545928163 0.443060005 -0.711097935 0.999000999 0.9578955688
-0.532913146 0.412828921 -0.738631072 0.999000999 0.9578955688
-0.522038135 0.43621878 -0.732932031 0.999000999 0.9578955688
-0.523234701 0.4887881 -0.698077102 0.999000999 0.9578955688
-0.510859408 0.459263076 -0.726704955 0.999000999 0.9578955688
-0.595535472 0.445331429 -0.668593613 0.999000999 0.9578955688
-0.581361907 0.403418207 -0.706591879 0.999000999 0.9578955688
-0.594412844 0.412003786 -0.690598473 0.999000999 0.9578955688
-0.569938933 0.428477056 -0.701125542 0.999000999 0.9578955688
-0.554369822 0.385640077 -0.737533614 0.999000999 0.9578955688
-0.567980354 0.394647388 -0.722254634 0.999000999 0.9578955688
-0.565170876 0.360149119 -0.742209198 0.999000999 0.9578955688
-0.547042142 0.315677558 -0.775301602 0.999000999 0.9578955688
-0.561444795 0.325099091 -0.760979845 0.999000999 0.9578955688
-0.816563553 0.550948876 -0.172276811 0.999000999 0.9578955688
-0.789136621 0.5935865 -0.15785582 0.999000999 0.9578955688
-0.770471618 0.587725488 -0.246885069 0.999000999 0.9578955688
-0.835258219 0.54979011 0.00863386 0.999000999 0.9578955688
-0.805755379 0.591762682 0.02398325 0.999000999 0.9578955688
-0.800845627 0.595113497 -0.066979161 0.999000999 0.9578955688
-0.75911497 0.635176315 -0.142462315 0.999000999 0.9578955688
-0.72749613 0.674305492 -0.126733911 0.999000999 0.9578955688
-0.711097305 0.668857451 -0.216726402 0.999000999 0.9578955688
-0.691884921 0.131753334 -0.70988472 0.999000999 0.9578955688
-0.679400921 0.141703546 -0.719954508 0.999000999 0.9578955688
-0.716157194 0.111714104 -0.688940369 0.999000999 0.9578955688
-0.704162783 0.121731116 -0.699525775 0.999000999 0.9578955688
-0.712330257 0.157563671 -0.683929306 0.999000999 0.9578955688
-0.731516433 0.183073706 -0.656785906 0.999000999 0.9578955688
-0.719355362 0.193121742 -0.667256964 0.999000999 0.9578955688
-0.507725562 0.091739824 -0.856620428 0.999000999 0.9578955688
-0.489314259 0.075007519 -0.868875957 0.999000999 0.9578955688
-0.499683996 0.071714733 -0.863233978 0.999000999 0.9578955688
-0.486970255 0.098314304 -0.867867656 0.999000999 0.9578955688
-0.468344697 0.081557948 -0.879773577 0.999000999 0.9578955688
-0.478861248 0.078294582 -0.874392283 0.999000999 0.9578955688
-0.470516828 0.058223061 -0.880468052 0.999000999 0.9578955688
-0.451358821 0.041400206 -0.891381645 0.999000999 0.9578955688
-0.461934179 0.038128284 -0.886094266 0.999000999 0.9578955688
-0.689791995 0.591963203 -0.416853176 0.999000999 0.9578955688
-0.676716763 0.606746363 -0.417029105 0.999000999 0.9578955688
-0.692989436 0.578385855 -0.430389875 0.999000999 0.9578955688
-0.655560663 0.647168375 -0.389118633 0.999000999 0.9578955688
-0.659591384 0.634354438 -0.403154626 0.999000999 0.9578955688
-0.663369509 0.621297735 -0.41704918 0.999000999 0.9578955688
-0.666909169 0.608005179 -0.43076892 0.999000999 0.9578955688
-0.640142409 0.378543972 -0.668522368 0.999000999 0.9578955688
-0.633328563 0.409815509 -0.656464911 0.999000999 0.9578955688
-0.629050758 0.360186553 -0.688883729 0.999000999 0.9578955688
-0.644346719 0.47501785 -0.599312396 0.999000999 0.9578955688
-0.635073803 0.504618976 -0.584842674 0.999000999 0.9578955688
-0.635340727 0.458023996 -0.621736423 0.999000999 0.9578955688
-0.625745328 0.440634819 -0.643648771 0.999000999 0.9578955688
-0.617493013 0.470906749 -0.630039057 0.999000999 0.9578955688
-0.615666695 0.422829164 -0.664958659 0.999000999 0.9578955688
-0.564306342 0.530539599 -0.632523586 0.999000999 0.9578955688
-0.575334557 0.502667535 -0.645225152 0.999000999 0.9578955688
-0.576200137 0.538146135 -0.61513587 0.999000999 0.9578955688
-0.560457292 0.45768163 -0.690228331 0.999000999 0.9578955688
-0.573241065 0.466076931 -0.673919117 0.999000999 0.9578955688
-0.585770649 0.474238929 -0.657244388 0.999000999 0.9578955688
-0.597956925 0.482187537 -0.640267675 0.999000999 0.9578955688
-0.424214817 -0.145064632 -0.893866904 0.999000999 0.9578955688
-0.439429349 -0.148179484 -0.885971043 0.999000999 0.9578955688
-0.393389029 -0.138690291 -0.908850964 0.999000999 0.9578955688
-0.408853308 -0.141906269 -0.90149963 0.999000999 0.9578955688
-0.409594568 -0.117906094 -0.904616185 0.999000999 0.9578955688
-0.394534359 -0.090635826 -0.914400233 0.999000999 0.9578955688
-0.410092719 -0.093850859 -0.907202281 0.999000999 0.9578955688
-0.592006413 0.019064806 -0.805707726 0.999000999 0.9578955688
-0.558451816 -0.003626188 -0.829529035 0.999000999 0.9578955688
-0.593893887 0.002645613 -0.80453903 0.999000999 0.9578955688
-0.520075766 0.006466919 -0.854095649 0.999000999 0.9578955688
-0.521917305 -0.009894174 -0.852938704 0.999000999 0.9578955688
-0.523643799 -0.026312339 -0.851530876 0.999000999 0.9578955688
-0.525220146 -0.042660408 -0.849896398 0.999000999 0.9578955688
-0.707952326 0.463862018 -0.532574438 0.999000999 0.9578955688
-0.702468168 0.491382948 -0.514860439 0.999000999 0.9578955688
-0.731502938 0.468126225 -0.495743168 0.999000999 0.9578955688
-0.725589102 0.49534437 -0.477655116 0.999000999 0.9578955688
-0.714216058 0.493476478 -0.496363162 0.999000999 0.9578955688
-0.696226488 0.518374593 -0.496544519 0.999000999 0.9578955688
-0.689231379 0.544770458 -0.477687402 0.999000999 0.9578955688
-0.954108284 0.160502106 -0.252817042 0.999000999 0.9578955688
-0.962713639 0.17672929 -0.204815055 0.999000999 0.9578955688
-0.947775996 0.207063059 -0.242581019 0.999000999 0.9578955688
-0.979330851 0.09922748 -0.176252636 0.999000999 0.9578955688
-0.975217473 0.145902619 -0.166322895 0.999000999 0.9578955688
-0.968815785 0.19245128 -0.156072031 0.999000999 0.9578955688
-0.960193757 0.238387102 -0.145600617 0.999000999 0.9578955688
-0.892308219 0.451235818 -0.013125469 0.999000999 0.9578955688
-0.870587782 0.492012076 0.001014936 0.999000999 0.9578955688
-0.806006053 0.578356147 -0.125930182 0.999000999 0.9578955688
-0.779321083 0.616646018 -0.111383743 0.999000999 0.9578955688
-0.828707059 0.556913076 -0.055609678 0.999000999 0.9578955688
-0.846552018 0.532083638 0.015384501 0.999000999 0.9578955688
-0.820749967 0.570543685 0.029144371 0.999000999 0.9578955688
-0.944524676 -0.031622045 0.326914641 0.999000999 0.9578955688
-0.936879283 0.041290332 0.347206448 0.999000999 0.9578955688
-0.944692193 0.041834668 0.325279145 0.999000999 0.9578955688
-0.928293007 -0.032657167 0.370412747 0.999000999 0.9578955688
-0.919631512 0.040217953 0.390717799 0.999000999 0.9578955688
-0.928464837 0.040727788 0.36918057 0.999000999 0.9578955688
-0.923719357 0.113968385 0.365723606 0.999000999 0.9578955688
-0.905218057 0.185907323 0.382123981 0.999000999 0.9578955688
-0.914001495 0.186515381 0.3602961 0.999000999 0.9578955688
-0.603839856 0.487724631 -0.630477686 0.999000999 0.9578955688
-0.593139396 0.515869262 -0.618113713 0.999000999 0.9578955688
-0.592760414 0.553852764 -0.584706942 0.999000999 0.9578955688
-0.587337969 0.548707111 -0.594940851 0.999000999 0.9578955688
-0.581804381 0.543473852 -0.605094897 0.999000999 0.9578955688
-0.723626515 0.37908845 -0.576763915 0.999000999 0.9578955688
-0.701004097 0.374245258 -0.6070698 0.999000999 0.9578955688
-0.705632724 0.434348177 -0.559842941 0.999000999 0.9578955688
-0.683173266 0.429774113 -0.590396901 0.999000999 0.9578955688
-0.692389955 0.40223421 -0.599002329 0.999000999 0.9578955688
-0.677282541 0.368938108 -0.636532035 0.999000999 0.9578955688
-0.6526221 0.363093477 -0.665016933 0.999000999 0.9578955688
-0.472911542 -0.125767579 -0.872087833 0.999000999 0.9578955688
-0.489310941 -0.114473488 -0.864563834 0.999000999 0.9578955688
-0.456262554 -0.137029443 -0.879231149 0.999000999 0.9578955688
-0.441838173 -0.109881897 -0.890339821 0.999000999 0.9578955688
-0.426954922 -0.08264204 -0.900488638 0.999000999 0.9578955688
-0.550853076 -0.138722444 -0.822992692 0.999000999 0.9578955688
-0.522052078 -0.148080793 -0.839960538 0.999000999 0.9578955688
-0.510365949 -0.139254426 -0.848607567 0.999000999 0.9578955688
-0.501534673 -0.148261187 -0.852338895 0.999000999 0.9578955688
-0.492618928 -0.157256633 -0.855918771 0.999000999 0.9578955688
-0.612592488 0.316704756 -0.724174386 0.999000999 0.9578955688
-0.588660834 0.278847004 -0.758763976 0.999000999 0.9578955688
-0.566276002 0.292539089 -0.770553289 0.999000999 0.9578955688
-0.564735578 0.26645935 -0.78107179 0.999000999 0.9578955688
-0.562807629 0.240107505 -0.790946243 0.999000999 0.9578955688
-0.549115143 0.480572483 -0.683756279 0.999000999 0.9578955688
-0.551084337 0.517074387 -0.654935212 0.999000999 0.9578955688
-0.537362582 0.503159397 -0.676810222 0.999000999 0.9578955688
-0.786363659 0.499928674 -0.362909791 0.999000999 0.9578955688
-0.770167837 0.498609213 -0.397781795 0.999000999 0.9578955688
-0.795457456 0.476365006 -0.374598208 0.999000999 0.9578955688
-0.733780382 0.543028693 -0.408272201 0.999000999 0.9578955688
-0.715741521 0.5405124 -0.442222138 0.999000999 0.9578955688
-0.743557798 0.520029812 -0.420346042 0.999000999 0.9578955688
-0.752799287 0.496561701 -0.432110761 0.999000999 0.9578955688
-0.734310898 0.493836782 -0.465738916 0.999000999 0.9578955688
-0.761455195 0.472768694 -0.443481395 0.999000999 0.9578955688
-0.893127283 0.300929298 -0.334313047 0.999000999 0.9578955688
-0.876580394 0.335023619 -0.345493832 0.999000999 0.9578955688
-0.922007473 0.231368562 -0.31043648 0.999000999 0.9578955688
-0.908276486 0.266355162 -0.322627886 0.999000999 0.9578955688
-0.888613611 0.306114555 -0.341554872 0.999000999 0.9578955688
-0.884014915 0.311275942 -0.348747643 0.999000999 0.9578955688
-0.866887687 0.345168668 -0.35967253 0.999000999 0.9578955688
-0.941538441 0.153040887 0.300139719 0.999000999 0.9578955688
-0.981037201 0.08286839 0.175210844 0.999000999 0.9578955688
-0.964015522 0.118365898 0.238041147 0.999000999 0.9578955688
-0.955989264 0.079973046 0.282292117 0.999000999 0.9578955688
-0.964903006 0.006970683 0.262513997 0.999000999 0.9578955688
-0.760524102 0.634576334 -0.137535329 0.999000999 0.9578955688
-0.74846904 0.648390467 -0.139226067 0.999000999 0.9578955688
-0.73945729 0.647983079 -0.182539987 0.999000999 0.9578955688
-0.773824688 0.631411571 -0.050147593 0.999000999 0.9578955688
-0.761992128 0.645509704 -0.051819097 0.999000999 0.9578955688
-0.755971138 0.647586254 -0.095601682 0.999000999 0.9578955688
-0.73611563 0.662042455 -0.140831698 0.999000999 0.9578955688
-0.723557629 0.6754162 -0.142398438 0.999000999 0.9578955688
-0.714356961 0.674692864 -0.1856978 0.999000999 0.9578955688
-0.741768143 0.441194076 -0.505101781 0.999000999 0.9578955688
-0.754077857 0.404257074 -0.517631919 0.999000999 0.9578955688
-0.756110775 0.433604465 -0.490187377 0.999000999 0.9578955688
-0.736204259 0.381648314 -0.558880893 0.999000999 0.9578955688
-0.746402154 0.343577519 -0.569945886 0.999000999 0.9578955688
-0.750826852 0.374222823 -0.544257584 0.999000999 0.9578955688
-0.76512858 0.366611262 -0.529315065 0.999000999 0.9578955688
-0.77485415 0.328389507 -0.540149403 0.999000999 0.9578955688
-0.77901568 0.358860029 -0.514153722 0.999000999 0.9578955688
-0.624071358 0.605256747 -0.494165165 0.999000999 0.9578955688
-0.635632554 0.606877147 -0.477149226 0.999000999 0.9578955688
-0.655007899 0.581146252 -0.482942735 0.999000999 0.9578955688
-0.666252473 0.582454406 -0.465676397 0.999000999 0.9578955688
-0.651081736 0.594784088 -0.47151295 0.999000999 0.9578955688
-0.646931947 0.608235378 -0.459922581 0.999000999 0.9578955688
-0.657954282 0.609327266 -0.442511521 0.999000999 0.9578955688
-0.417694171 -0.076464565 -0.905364429 0.999000999 0.9578955688
-0.435066809 -0.077141232 -0.897087567 0.999000999 0.9578955688
-0.411435522 -0.10403143 -0.905482343 0.999000999 0.9578955688
-0.42885216 -0.104733292 -0.897282989 0.999000999 0.9578955688
-0.43200232 -0.090951505 -0.897274662 0.999000999 0.9578955688
-0.452284044 -0.077801115 -0.888474046 0.999000999 0.9578955688
-0.469326944 -0.078430626 -0.879534454 0.999000999 0.9578955688
-0.565727706 0.035560202 -0.823825003 0.999000999 0.9578955688
-0.529563568 0.02928755 -0.847764511 0.999000999 0.9578955688
-0.600839226 0.04174342 -0.798279219 0.999000999 0.9578955688
-0.609237117 0.064495602 -0.790360964 0.999000999 0.9578955688
-0.617251696 0.087126478 -0.781926672 0.999000999 0.9578955688
-0.540088351 0.354464258 -0.763321468 0.999000999 0.9578955688
-0.508604379 0.290174757 -0.810629506 0.999000999 0.9578955688
-0.524811861 0.322623303 -0.787709791 0.999000999 0.9578955688
-0.535990861 0.319165072 -0.781567306 0.999000999 0.9578955688
-0.531004002 0.283383046 -0.798579238 0.999000999 0.9578955688
-0.802162269 0.047528149 -0.595211533 0.999000999 0.9578955688
-0.772963278 0.048067514 -0.632627287 0.999000999 0.9578955688
-0.81382525 0.058565262 -0.578150995 0.999000999 0.9578955688
-0.714430922 0.026237064 -0.699213897 0.999000999 0.9578955688
-0.728422864 0.037363644 -0.684108244 0.999000999 0.9578955688
-0.742014197 0.048520707 -0.668625958 0.999000999 0.9578955688
-0.755209003 0.05957812 -0.65277087 0.999000999 0.9578955688
-0.870493731 0.427581228 0.243751836 0.999000999 0.9578955688
-0.877954516 0.360062067 0.315517315 0.999000999 0.9578955688
-0.830465079 0.549174023 0.093464675 0.999000999 0.9578955688
-0.854670912 0.490755668 0.169400433 0.999000999 0.9578955688
-0.879610637 0.395108176 0.264904997 0.999000999 0.9578955688
-0.887233836 0.362144029 0.285775827 0.999000999 0.9578955688
-0.887834495 0.292130629 0.355541284 0.999000999 0.9578955688
-0.924216694 0.076167133 0.374195231 0.999000999 0.9578955688
-0.916998076 0.149075542 0.369987854 0.999000999 0.9578955688
-0.899820002 0.290659649 0.325332035 0.999000999 0.9578955688
-0.903057258 0.256140771 0.344789058 0.999000999 0.9578955688
-0.904800295 0.22122042 0.363865294 0.999000999 0.9578955688
-0.920019008 0.133135813 -0.368564621 0.999000999 0.9578955688
-0.94035881 0.152788031 -0.303942635 0.999000999 0.9578955688
-0.865784968 0.09136589 -0.492004739 0.999000999 0.9578955688
-0.895091552 0.112559042 -0.431441277 0.999000999 0.9578955688
-0.919592921 0.094562166 -0.381322509 0.999000999 0.9578955688
-0.917594072 0.05615251 -0.393532736 0.999000999 0.9578955688
-0.940879609 0.07655995 -0.32997596 0.999000999 0.9578955688
-0.785491465 0.285989671 -0.548828813 0.999000999 0.9578955688
-0.813145751 0.289986822 -0.504679731 0.999000999 0.9578955688
-0.815115175 0.324225423 -0.480067835 0.999000999 0.9578955688
-0.775244367 0.215392954 -0.593803037 0.999000999 0.9578955688
-0.805085749 0.219684398 -0.550977043 0.999000999 0.9578955688
-0.809864286 0.254972195 -0.528307693 0.999000999 0.9578955688
-0.838717287 0.292933422 -0.459067885 0.999000999 0.9578955688
-0.861910554 0.295156752 -0.412301696 0.999000999 0.9578955688
-0.861564974 0.32890413 -0.386688337 0.999000999 0.9578955688
-0.962082393 0.272259155 0.016505181 0.999000999 0.9578955688
-0.878164666 0.475670976 0.050635381 0.999000999 0.9578955688
-0.925827425 0.376422723 0.033904479 0.999000999 0.9578955688
-0.953266344 0.301703617 -0.016068789 0.999000999 0.9578955688
-0.942628703 0.330416362 -0.047709076 0.999000999 0.9578955688
-0.817681279 0.574436995 -0.037675783 0.999000999 0.9578955688
-0.821268015 0.570507273 0.006348153 0.999000999 0.9578955688
-0.812658537 0.57692647 -0.082109382 0.999000999 0.9578955688
-0.857356236 0.5140922 -0.025485187 0.999000999 0.9578955688
-0.894083293 0.446798468 0.031403744 0.999000999 0.9578955688
-0.727446885 0.409428598 -0.550626236 0.999000999 0.9578955688
-0.730077931 0.439131944 -0.523592733 0.999000999 0.9578955688
-0.718010637 0.436859392 -0.541862156 0.999000999 0.9578955688
-0.698215966 0.543474947 -0.465971509 0.999000999 0.9578955688
-0.679185276 0.567539711 -0.465409537 0.999000999 0.9578955688
-0.716603173 0.518895081 -0.466077019 0.999000999 0.9578955688
-0.707061135 0.542056693 -0.454135544 0.999000999 0.9578955688
-0.696965601 0.564794253 -0.441866951 0.999000999 0.9578955688
-0.657535777 0.460150294 -0.596580597 0.999000999 0.9578955688
-0.656230253 0.412340302 -0.631931428 0.999000999 0.9578955688
-0.670535899 0.445026765 -0.593576269 0.999000999 0.9578955688
-0.66614572 0.209390015 -0.715825189 0.999000999 0.9578955688
-0.691231199 0.246619672 -0.679248237 0.999000999 0.9578955688
-0.714553886 0.215623589 -0.665521759 0.999000999 0.9578955688
-0.737425144 0.252020324 -0.626649753 0.999000999 0.9578955688
-0.71480873 0.249422795 -0.653327443 0.999000999 0.9578955688
-0.714058776 0.283001241 -0.640336132 0.999000999 0.9578955688
-0.734511851 0.318353119 -0.599285935 0.999000999 0.9578955688
-0.528864355 0.152621893 -0.83487068 0.999000999 0.9578955688
-0.557401171 0.161040755 -0.814475175 0.999000999 0.9578955688
-0.521875747 0.109886848 -0.845914053 0.999000999 0.9578955688
-0.55428735 0.139695739 -0.820518516 0.999000999 0.9578955688
-0.585252354 0.16919258 -0.793002871 0.999000999 0.9578955688
-0.638024142 -0.032760488 -0.769319144 0.999000999 0.9578955688
-0.614659832 -0.071276853 -0.785565339 0.999000999 0.9578955688
-0.632109584 -0.042297644 -0.773723712 0.999000999 0.9578955688
-0.601186306 0.380691262 -0.702601728 0.999000999 0.9578955688
-0.584696925 0.337191509 -0.737855943 0.999000999 0.9578955688
-0.607292624 0.348866484 -0.713784172 0.999000999 0.9578955688
-0.469742851 -0.115593112 -0.875202768 0.999000999 0.9578955688
-0.469619574 -0.097018962 -0.877521952 0.999000999 0.9578955688
-0.449418331 -0.110195066 -0.88649885 0.999000999 0.9578955688
-0.880880892 0.025792256 -0.472634757 0.999000999 0.9578955688
-0.843558063 0.037240556 -0.535745215 0.999000999 0.9578955688
-0.857434899 0.026540807 -0.513907559 0.999000999 0.9578955688
-0.854577314 0.047205158 -0.517174331 0.999000999 0.9578955688
-0.829018466 0.047957724 -0.557161053 0.999000999 0.9578955688
-0.801588297 0.048530276 -0.595903527 0.999000999 0.9578955688
-0.772357148 0.049018927 -0.63329423 0.999000999 0.9578955688
-0.6955682 0.190149107 -0.692840672 0.999000999 0.9578955688
-0.670899476 0.186939151 -0.717598528 0.999000999 0.9578955688
-0.675334723 0.164337155 -0.718968922 0.999000999 0.9578955688
-0.665027056 0.016698824 -0.74663255 0.999000999 0.9578955688
-0.675826414 0.031817706 -0.736373745 0.999000999 0.9578955688
-0.653590858 0.002895521 -0.756842524 0.999000999 0.9578955688
-0.767678405 0.225137593 -0.599985776 0.999000999 0.9578955688
-0.760614861 0.189258283 -0.621004296 0.999000999 0.9578955688
-0.777643627 0.295687066 -0.554832901 0.999000999 0.9578955688
-0.7733514 0.260649356 -0.577918269 0.999000999 0.9578955688
-0.759941374 0.234872341 -0.606072678 0.999000999 0.9578955688
-0.752089007 0.244539575 -0.612015133 0.999000999 0.9578955688
-0.745317668 0.208688393 -0.633206703 0.999000999 0.9578955688
-0.932382048 0.248054561 -0.262930886 0.999000999 0.9578955688
-0.940230064 0.264425868 -0.214584221 0.999000999 0.9578955688
-0.914751602 0.28880897 -0.282522363 0.999000999 0.9578955688
-0.993861745 0.101858918 0.043169355 0.999000999 0.9578955688
-0.996345543 0.069321341 0.049901001 0.999000999 0.9578955688
-0.994042493 0.10263161 0.036691613 0.999000999 0.9578955688
-0.996963329 0.035129668 0.069498402 0.999000999 0.9578955688
-0.997097463 0.002467684 0.076095722 0.999000999 0.9578955688
-0.997364056 0.035919028 0.063045729 0.999000999 0.9578955688
-0.997723337 0.036704142 0.056576928 0.999000999 0.9578955688
-0.997992417 0.004051575 0.063203805 0.999000999 0.9578955688
-0.99803923 0.037493078 0.050119496 0.999000999 0.9578955688
-0.699060415 0.670317666 -0.248975426 0.999000999 0.9578955688
-0.704489097 0.672097462 -0.227991477 0.999000999 0.9578955688
-0.734814759 0.646933547 -0.203775013 0.999000999 0.9578955688
-0.722328302 0.660353408 -0.205366017 0.999000999 0.9578955688
-0.709585912 0.673562307 -0.206885602 0.999000999 0.9578955688
-0.745245572 0.655591061 -0.12169387 0.999000999 0.9578955688
-0.697461907 0.68930784 -0.195963236 0.999000999 0.9578955688
-0.786510103 0.615828869 -0.046439886 0.999000999 0.9578955688
-0.762621098 0.636236097 -0.116673426 0.999000999 0.9578955688
-0.734077654 0.653087449 -0.186028981 0.999000999 0.9578955688
-0.796131365 0.487461091 -0.358547814 0.999000999 0.9578955688
-0.770961443 0.509765314 -0.381782369 0.999000999 0.9578955688
-0.765344376 0.507152394 -0.396288324 0.999000999 0.9578955688
-0.738567467 0.528382977 -0.418723688 0.999000999 0.9578955688
-0.755025815 0.519246592 -0.400398546 0.999000999 0.9578955688
-0.744502038 0.531214259 -0.404386111 0.999000999 0.9578955688
-0.716801549 0.551765633 -0.426321739 0.999000999 0.9578955688
-0.899382185 0.421251202 0.116872197 0.999000999 0.9578955688
-0.896811839 0.393314551 0.202564039 0.999000999 0.9578955688
-0.867007451 0.48697617 0.105604408 0.999000999 0.9578955688
-0.720276302 0.682510266 -0.12402333 0.999000999 0.9578955688
-0.721265664 0.686762506 -0.090183709 0.999000999 0.9578955688
-0.760593356 0.647621743 -0.045648931 0.999000999 0.9578955688
-0.741345559 0.669187867 -0.050934869 0.999000999 0.9578955688
-0.721410387 0.690225107 -0.056181453 0.999000999 0.9578955688
-0.751149815 0.277919892 -0.598777495 0.999000999 0.9578955688
-0.763645293 0.30339547 -0.56990969 0.999000999 0.9578955688
-0.74924105 0.310972298 -0.584751296 0.999000999 0.9578955688
-0.860830654 0.372711463 -0.346492064 0.999000999 0.9578955688
-0.865787668 0.367684935 -0.339439985 0.999000999 0.9578955688
-0.850650959 0.382658112 -0.36050758 0.999000999 0.9578955688
-0.85577958 0.377701683 -0.353528994 0.999000999 0.9578955688
-0.84363548 0.409777901 -0.346931188 0.999000999 0.9578955688
-0.825032451 0.446155552 -0.346794864 0.999000999 0.9578955688
-0.830463071 0.441349688 -0.339914018 0.999000999 0.9578955688
-0.996581308 0.033841749 0.075368645 0.999000999 0.9578955688
-0.99542148 0.066472271 0.068684163 0.999000999 0.9578955688
-0.989434809 0.091683328 0.112307281 0.999000999 0.9578955688
-0.986628579 0.124228647 0.105504925 0.999000999 0.9578955688
-0.991613526 0.095412549 0.087172586 0.999000999 0.9578955688
-0.993151596 0.099069237 0.061928935 0.999000999 0.9578955688
-0.989777328 0.131526249 0.055151491 0.999000999 0.9578955688
-0.985669575 0.049498078 -0.16126199 0.999000999 0.9578955688
-0.993744441 0.033072145 -0.106668736 0.999000999 0.9578955688
-0.995244527 0.051747687 -0.082525802 0.999000999 0.9578955688
-0.977878509 0.012035487 -0.208827125 0.999000999 0.9578955688
-0.987970223 -0.004652791 -0.154574219 0.999000999 0.9578955688
-0.991320319 0.014136556 -0.130706474 0.999000999 0.9578955688
-0.998528678 0.016307684 -0.051715932 0.999000999 0.9578955688
-0.999994275 -0.000441089 0.00335505 0.999000999 0.9578955688
-0.99945032 0.018445845 0.027546489 0.999000999 0.9578955688
-0.491882887 0.022248959 -0.87037705 0.999000999 0.9578955688
-0.481976399 0.027539809 -0.875751283 0.999000999 0.9578955688
-0.472671571 0.005430707 -0.881221932 0.999000999 0.9578955688
-0.509594062 0.06640651 -0.857848511 0.999000999 0.9578955688
-0.490980172 0.049645749 -0.869755006 0.999000999 0.9578955688
-0.471985887 0.032839899 -0.880994247 0.999000999 0.9578955688
-0.452640533 0.016002181 -0.891549481 0.999000999 0.9578955688
-0.50125421 0.116499992 -0.857421699 0.999000999 0.9578955688
-0.51160801 0.113197128 -0.851729801 0.999000999 0.9578955688
-0.515225744 0.134607488 -0.846417897 0.999000999 0.9578955688
-0.742529818 0.663590775 -0.091086512 0.999000999 0.9578955688
-0.721396234 0.68018257 -0.13015047 0.999000999 0.9578955688
-0.722499302 0.677806263 -0.136284363 0.999000999 0.9578955688
-0.633410148 0.581796884 -0.510199931 0.999000999 0.9578955688
-0.642200633 0.557799069 -0.525774235 0.999000999 0.9578955688
-0.648821265 0.56965093 -0.504508457 0.999000999 0.9578955688
-0.61281888 0.504715348 -0.6080423 0.999000999 0.9578955688
-0.621275097 0.52127581 -0.585054514 0.999000999 0.9578955688
-0.607146333 0.537702005 -0.585021268 0.999000999 0.9578955688
-0.680086161 0.687825775 -0.25372922 0.999000999 0.9578955688
-0.698769306 0.676888671 -0.231394003 0.999000999 0.9578955688
-0.679219908 0.700663158 -0.218475299 0.999000999 0.9578955688
-0.698232432 0.683228432 -0.213706295 0.999000999 0.9578955688
-0.716776831 0.665303909 -0.208810159 0.999000999 0.9578955688
-0.87583198 0.480911333 -0.040529398 0.999000999 0.9578955688
-0.86634522 0.481512147 -0.132634883 0.999000999 0.9578955688
-0.908850508 0.407161734 -0.090609478 0.999000999 0.9578955688
-0.86908824 0.053181403 -0.491789965 0.999000999 0.9578955688
-0.868123373 0.065894673 -0.491954979 0.999000999 0.9578955688
-0.839367531 0.070548261 -0.538966688 0.999000999 0.9578955688
-0.918380416 0.043350488 -0.393316852 0.999000999 0.9578955688
-0.894230668 0.061117497 -0.443414213 0.999000999 0.9578955688
-0.867024084 0.07867532 -0.492015682 0.999000999 0.9578955688
-0.836863315 0.095887804 -0.538948348 0.999000999 0.9578955688
-0.75429017 0.153838084 -0.638263412 0.999000999 0.9578955688
-0.772457516 0.136321963 -0.620262612 0.999000999 0.9578955688
-0.786035128 0.161966207 -0.59658673 0.999000999 0.9578955688
-0.723625928 0.101927146 -0.682624621 0.999000999 0.9578955688
-0.757818975 0.110367651 -0.643062503 0.999000999 0.9578955688
-0.78990516 0.118555973 -0.601659638 0.999000999 0.9578955688
-0.81973147 0.126472656 -0.558609868 0.999000999 0.9578955688
-0.965545495 0.004533312 -0.260194823 0.999000999 0.9578955688
-0.948791616 0.009992992 -0.315744533 0.999000999 0.9578955688
-0.957523766 -0.001266124 -0.288351581 0.999000999 0.9578955688
-0.948655037 0.027018981 -0.315156463 0.999000999 0.9578955688
-0.928616555 0.032472404 -0.36961715 0.999000999 0.9578955688
-0.939152356 0.021271655 -0.342841608 0.999000999 0.9578955688
-0.928812844 0.015447769 -0.370227048 0.999000999 0.9578955688
-0.905682821 0.020878619 -0.423441508 0.999000999 0.9578955688
-0.917650118 0.009638717 -0.397272395 0.999000999 0.9578955688
-0.575800233 -0.089621839 -0.812663533 0.999000999 0.9578955688
-0.543617856 -0.114545511 -0.831479977 0.999000999 0.9578955688
-0.563558614 -0.114238712 -0.818138866 0.999000999 0.9578955688
-0.591772228 -0.013653969 -0.805989578 0.999000999 0.9578955688
-0.557775715 -0.036354969 -0.829195133 0.999000999 0.9578955688
-0.589494987 -0.029997155 -0.807214861 0.999000999 0.9578955688
-0.909477464 0.094711069 0.404821634 0.999000999 0.9578955688
-0.914500955 0.088550606 0.394774357 0.999000999 0.9578955688
-0.906193424 -0.014682678 0.422608444 0.999000999 0.9578955688
-0.894110321 0.296734018 0.335433535 0.999000999 0.9578955688
-0.91240936 0.190716857 0.362127383 0.999000999 0.9578955688
-0.919493412 0.082326303 0.384388145 0.999000999 0.9578955688
-0.915162196 -0.026997243 0.402180685 0.999000999 0.9578955688
-0.732014611 0.137754936 -0.667216746 0.999000999 0.9578955688
-0.746851562 0.163612516 -0.644549214 0.999000999 0.9578955688
-0.73924381 0.173373318 -0.650738259 0.999000999 0.9578955688
-0.838759749 0.183675598 -0.512586928 0.999000999 0.9578955688
-0.852801197 0.240165249 -0.463735669 0.999000999 0.9578955688
-0.822229703 0.201892382 -0.532144513 0.999000999 0.9578955688
-0.992791851 -0.004199782 0.119777718 0.999000999 0.9578955688
-0.990073443 0.024829698 0.138340387 0.999000999 0.9578955688
-0.969495367 -0.022197564 0.244102443 0.999000999 0.9578955688
-0.979483664 0.015894916 0.200895752 0.999000999 0.9578955688
-0.986138697 0.054008877 0.156886938 0.999000999 0.9578955688
-0.979118329 0.194576703 0.058882972 0.999000999 0.9578955688
-0.977951957 0.191030631 0.084363897 0.999000999 0.9578955688
-0.964410292 0.256894776 0.062592826 0.999000999 0.9578955688
-0.649549132 0.68400026 -0.332008388 0.999000999 0.9578955688
-0.660250793 0.685813704 -0.306151033 0.999000999 0.9578955688
-0.670180773 0.7005854 -0.245026179 0.999000999 0.9578955688
-0.670423971 0.693960948 -0.262583132 0.999000999 0.9578955688
-0.670440116 0.687082011 -0.28005064 0.999000999 0.9578955688
-0.824394089 0.425308849 -0.373479275 0.999000999 0.9578955688
-0.795922126 0.466856175 -0.385426104 0.999000999 0.9578955688
-0.810766075 0.45668072 -0.366198158 0.999000999 0.9578955688
-0.798562656 0.361867384 -0.480988233 0.999000999 0.9578955688
-0.787499883 0.399493323 -0.469306956 0.999000999 0.9578955688
-0.809674751 0.44028931 -0.388036237 0.999000999 0.9578955688
-0.792994001 0.438742026 -0.422688951 0.999000999 0.9578955688
-0.775068913 0.436557613 -0.456821224 0.999000999 0.9578955688
-0.96374186 0.03465943 -0.264575794 0.999000999 0.9578955688
-0.955296171 0.045930979 -0.292060903 0.999000999 0.9578955688
-0.971276459 0.023315579 -0.236808834 0.999000999 0.9578955688
-0.976095561 0.042162112 -0.213213068 0.999000999 0.9578955688
-0.980001143 0.060922477 -0.189436565 0.999000999 0.9578955688
-0.756986682 0.653127879 0.019878035 0.999000999 0.9578955688
-0.75568052 0.650236002 0.078358751 0.999000999 0.9578955688
-0.832849471 0.525968524 0.172391617 0.999000999 0.9578955688
-0.794572168 0.586999784 0.155197689 0.999000999 0.9578955688
-0.751613694 0.645183437 0.137168469 0.999000999 0.9578955688
-0.956438481 0.084243624 -0.279514658 0.999000999 0.9578955688
-0.969287442 0.091842385 -0.228137747 0.999000999 0.9578955688
-0.956038481 0.122574531 -0.266394271 0.999000999 0.9578955688
-0.759148796 0.049785092 -0.649010439 0.999000999 0.9578955688
-0.801175815 0.060250512 -0.595388268 0.999000999 0.9578955688
-0.800027578 0.073081771 -0.595495533 0.999000999 0.9578955688
-0.906686085 0.037528343 -0.420133272 0.999000999 0.9578955688
-0.881978805 0.042445335 -0.469373819 0.999000999 0.9578955688
-0.894181193 0.031648605 -0.446585222 0.999000999 0.9578955688
-0.82324777 0.36472706 -0.435014116 0.999000999 0.9578955688
-0.845744876 0.36662028 -0.387692114 0.999000999 0.9578955688
-0.828364648 0.403895938 -0.388175323 0.999000999 0.9578955688
-0.494782269 0.266188262 -0.827245015 0.999000999 0.9578955688
-0.506120089 0.262863794 -0.821428683 0.999000999 0.9578955688
-0.488517342 0.210904158 -0.846681902 0.999000999 0.9578955688
-0.503214695 0.235309055 -0.831507438 0.999000999 0.9578955688
-0.517388698 0.259478309 -0.815463023 0.999000999 0.9578955688
-0.86084355 0.438351418 0.258450029 0.999000999 0.9578955688
-0.891379754 0.328400065 0.312402834 0.999000999 0.9578955688
-0.889479623 0.344057502 0.300749789 0.999000999 0.9578955688
-0.867901181 0.408410331 0.28275173 0.999000999 0.9578955688
-0.89288707 0.312649111 0.324041993 0.999000999 0.9578955688
-0.907664289 0.213248883 0.361483683 0.999000999 0.9578955688
-0.911994042 0.111407426 0.394785072 0.999000999 0.9578955688
-0.925745225 0.115383946 0.360114321 0.999000999 0.9578955688
-0.923860288 -0.002132056 0.382723951 0.999000999 0.9578955688
-0.914154169 0.23141732 0.332818538 0.999000999 0.9578955688
-0.918928849 0.113462284 0.377751347 0.999000999 0.9578955688
-0.909253553 -0.006393486 0.416193585 0.999000999 0.9578955688
-0.841633649 0.499506095 0.205296032 0.999000999 0.9578955688
-0.830486022 0.527195765 0.179882165 0.999000999 0.9578955688
-0.836220099 0.513449988 0.192626725 0.999000999 0.9578955688
-0.802751216 0.583116046 0.124764428 0.999000999 0.9578955688
-0.751837177 0.657986497 0.042363076 0.999000999 0.9578955688
-0.824616561 0.528246975 -0.202392344 0.999000999 0.9578955688
-0.993751441 1.8284e-05 -0.111615738 0.999000999 0.9578955688
-0.96530583 0.211440043 -0.153224547 0.999000999 0.9578955688
-0.720375805 0.283275327 -0.633098561 0.999000999 0.9578955688
-0.467342182 3.8699e-05 -0.884076515 0.999000999 0.9578955688
-0.998548011 0.051899728 0.014432207 0.999000999 0.9578955688
-0.996344033 0.085422577 0.001245265 0.999000999 0.9578955688
-0.996809922 0.068633481 -0.040736027 0.999000999 0.9578955688
-0.797432434 0.594343009 0.10420125 0.999000999 0.9578955688
-0.755337739 0.654765313 0.027336518 0.999000999 0.9578955688
-0.753571983 0.656438036 0.034905174 0.999000999 0.9578955688
-0.438441193 -0.03704662 -0.897996029 0.999000999 0.9578955688
-0.422691357 -0.052727597 -0.904738535 0.999000999 0.9578955688
-0.469217705 -0.005624141 -0.883064615 0.999000999 0.9578955688
-0.45395313 -0.021341406 -0.890769948 0.999000999 0.9578955688
-0.440305925 -0.02709883 -0.89743877 0.999000999 0.9578955688
-0.442129328 -0.01715305 -0.896787282 0.999000999 0.9578955688
-0.426546449 -0.032853897 -0.903868767 0.999000999 0.9578955688
-0.7019765 0.664353101 -0.256639729 0.999000999 0.9578955688
-0.732363952 0.624285511 -0.271865119 0.999000999 0.9578955688
-0.737436219 0.568973774 -0.363945967 0.999000999 0.9578955688
-0.749720638 0.576155458 -0.325520895 0.999000999 0.9578955688
-0.760832646 0.582356828 -0.28634631 0.999000999 0.9578955688
-0.67122126 0.594715747 -0.442464915 0.999000999 0.9578955688
-0.67531371 0.581222692 -0.454017153 0.999000999 0.9578955688
-0.684229995 0.579866401 -0.442249104 0.999000999 0.9578955688
-0.667701192 0.636531267 -0.386009151 0.999000999 0.9578955688
-0.680427921 0.647250725 -0.343634026 0.999000999 0.9578955688
-0.723742367 0.557885298 -0.406153887 0.999000999 0.9578955688
-0.709866553 0.608781406 -0.354224048 0.999000999 0.9578955688
-0.691963839 0.656488151 -0.30034872 0.999000999 0.9578955688
-0.445693079 -0.006102351 -0.895165035 0.999000999 0.9578955688
-0.432025621 -0.011863384 -0.901783302 0.999000999 0.9578955688
-0.459244333 -0.000336435 -0.888309929 0.999000999 0.9578955688
-0.449196934 0.004952461 -0.893419044 0.999000999 0.9578955688
-0.439081423 0.010236178 -0.898388961 0.999000999 0.9578955688
-0.546564552 0.073522025 -0.834183255 0.999000999 0.9578955688
-0.538234058 0.051381022 -0.841227727 0.999000999 0.9578955688
-0.582501029 0.080393987 -0.808844459 0.999000999 0.9578955688
-0.684925405 0.609026535 -0.399954833 0.999000999 0.9578955688
-0.701293181 0.580756843 -0.413411858 0.999000999 0.9578955688
-0.712620813 0.569396914 -0.409827685 0.999000999 0.9578955688
-0.075715559 0.534337074 -0.841873533 0.999000999 0.9578955688
-0.059560125 0.513399611 -0.856080271 0.999000999 0.9578955688
-0.048496252 0.547406384 -0.83546057 0.999000999 0.9578955688
-0.097553629 0.464566182 -0.880148596 0.999000999 0.9578955688
-0.081264467 0.442761917 -0.892949031 0.999000999 0.9578955688
-0.070495661 0.478474897 -0.875266893 0.999000999 0.9578955688
-0.043324115 0.491956387 -0.86954122 0.999000999 0.9578955688
-0.027122457 0.470085022 -0.88220431 0.999000999 0.9578955688
-0.016184849 0.504985959 -0.8629758 0.999000999 0.9578955688
0.100415613 0.544152177 -0.832955649 0.999000999 0.9578955688
0.132685926 0.581398698 -0.802726603 0.999000999 0.9578955688
0.128592815 0.550113301 -0.825129835 0.999000999 0.9578955688
0.108606716 0.60636822 -0.787732291 0.999000999 0.9578955688
0.140329911 0.641345686 -0.754309769 0.999000999 0.9578955688
0.136560202 0.611861743 -0.779086977 0.999000999 0.9578955688
0.164492674 0.616750134 -0.769780119 0.999000999 0.9578955688
0.195669489 0.650053343 -0.734264327 0.999000999 0.9578955688
0.192199141 0.621105203 -0.759794589 0.999000999 0.9578955688
0.596470858 0.795546111 -0.106437312 0.999000999 0.9578955688
0.566324402 0.813236605 -0.133876422 0.999000999 0.9578955688
0.550783805 0.828951804 -0.097345295 0.999000999 0.9578955688
0.624581718 0.760216238 -0.178798626 0.999000999 0.9578955688
0.594109723 0.777444726 -0.206429976 0.999000999 0.9578955688
0.580784091 0.796029312 -0.170373631 0.999000999 0.9578955688
0.535010826 0.829311903 -0.16126123 0.999000999 0.9578955688
0.502760793 0.843679371 -0.188246392 0.999000999 0.9578955688
0.487607172 0.859810896 -0.151540323 0.999000999 0.9578955688
0.601845627 0.795001214 0.075861129 0.999000999 0.9578955688
0.609753221 0.79042582 0.058549404 0.999000999 0.9578955688
0.674499684 0.738135804 0.014342675 0.999000999 0.9578955688
0.455055662 0.875634915 0.161826571 0.999000999 0.9578955688
0.464472297 0.873695513 0.144643131 0.999000999 0.9578955688
0.53949405 0.835783511 0.102039665 0.999000999 0.9578955688
0.61732918 0.78563492 0.041017752 0.999000999 0.9578955688
0.624736921 0.780477121 0.023648301 0.999000999 0.9578955688
0.687643633 0.725763644 -0.020331409 0.999000999 0.9578955688
0.00804277 0.64101534 -0.767485927 0.999000999 0.9578955688
0.019694778 0.636493114 -0.771030889 0.999000999 0.9578955688
-0.004911413 0.610073408 -0.792329675 0.999000999 0.9578955688
0.057148569 0.690551855 -0.72102162 0.999000999 0.9578955688
0.068839215 0.685900037 -0.7244324 0.999000999 0.9578955688
0.044309007 0.661782775 -0.748385108 0.999000999 0.9578955688
0.031386133 0.631851769 -0.774453519 0.999000999 0.9578955688
0.043035656 0.627124659 -0.777729126 0.999000999 0.9578955688
0.018372115 0.600841418 -0.79915709 0.999000999 0.9578955688
0.328546806 0.665152376 -0.670544042 0.999000999 0.9578955688
0.34874016 0.692061334 -0.632005864 0.999000999 0.9578955688
0.382444777 0.692803774 -0.611358261 0.999000999 0.9578955688
0.258665472 0.658444532 -0.70678354 0.999000999 0.9578955688
0.279545576 0.687557386 -0.670163496 0.999000999 0.9578955688
0.31432844 0.690384931 -0.651587507 0.999000999 0.9578955688
0.367859064 0.717306799 -0.5917353 0.999000999 0.9578955688
0.38605593 0.740596679 -0.549979434 0.999000999 0.9578955688
0.41879439 0.739010911 -0.527706484 0.999000999 0.9578955688
0.286107936 0.540740712 -0.791038388 0.999000999 0.9578955688
0.257594178 0.537308548 -0.803084531 0.999000999 0.9578955688
0.301723948 0.568090372 -0.765660492 0.999000999 0.9578955688
0.195454581 0.474342366 -0.858368701 0.999000999 0.9578955688
0.166058819 0.469081086 -0.867402676 0.999000999 0.9578955688
0.212291112 0.504253562 -0.837054854 0.999000999 0.9578955688
0.228763692 0.533390195 -0.814347637 0.999000999 0.9578955688
0.199795195 0.528870106 -0.824850466 0.999000999 0.9578955688
0.244946599 0.561571691 -0.790340686 0.999000999 0.9578955688
0.506972481 0.640968686 -0.576314191 0.999000999 0.9578955688
0.53485881 0.623688153 -0.570034333 0.999000999 0.9578955688
0.502887501 0.626314832 -0.595679353 0.999000999 0.9578955688
0.569388886 0.633879532 -0.52344344 0.999000999 0.9578955688
0.596098261 0.615210065 -0.515929684 0.999000999 0.9578955688
0.565960706 0.619987824 -0.543418419 0.999000999 0.9578955688
0.56218115 0.605690089 -0.563109112 0.999000999 0.9578955688
0.588852448 0.587068793 -0.5555205 0.999000999 0.9578955688
0.558038407 0.591079223 -0.582424663 0.999000999 0.9578955688
-0.098098744 0.459711736 -0.882633421 0.999000999 0.9578955688
-0.1111194 0.436055965 -0.893032852 0.999000999 0.9578955688
-0.11342766 0.44694853 -0.887339381 0.999000999 0.9578955688
-0.093500206 0.437975622 -0.894111328 0.999000999 0.9578955688
-0.106450533 0.414060888 -0.904003244 0.999000999 0.9578955688
-0.108787808 0.425089355 -0.898590147 0.999000999 0.9578955688
-0.124041067 0.412029245 -0.90268805 0.999000999 0.9578955688
-0.13685349 0.387658727 -0.911587535 0.999000999 0.9578955688
-0.139236862 0.398797339 -0.906407071 0.999000999 0.9578955688
0.105809186 0.987912125 -0.113287467 0.999000999 0.9578955688
0.16106452 0.980161623 -0.115505033 0.999000999 0.9578955688
0.151289535 0.981386587 -0.118287122 0.999000999 0.9578955688
0.125463659 0.986221728 -0.107821951 0.999000999 0.9578955688
0.180565721 0.977404599 -0.109892086 0.999000999 0.9578955688
0.170824615 0.978835467 -0.112694628 0.999000999 0.9578955688
0.21581962 0.969356358 -0.117346251 0.999000999 0.9578955688
0.269900851 0.955529063 -0.118818101 0.999000999 0.9578955688
0.260352739 0.957807343 -0.121743764 0.999000999 0.9578955688
-0.052431066 0.604033367 -0.795232466 0.999000999 0.9578955688
-0.040398064 0.615543147 -0.787067107 0.999000999 0.9578955688
-0.052606524 0.579852028 -0.813021635 0.999000999 0.9578955688
-0.027801724 0.672454574 -0.739616056 0.999000999 0.9578955688
-0.01569971 0.682975652 -0.7302724 0.999000999 0.9578955688
-0.028083382 0.649943992 -0.759463054 0.999000999 0.9578955688
-0.028329624 0.626841447 -0.778631641 0.999000999 0.9578955688
-0.016283093 0.637930304 -0.769921936 0.999000999 0.9578955688
-0.02858199 0.603180461 -0.797092468 0.999000999 0.9578955688
-0.031922209 0.471670979 -0.881196607 0.999000999 0.9578955688
-0.029928568 0.461411754 -0.886681157 0.999000999 0.9578955688
-0.045282971 0.459946113 -0.886791422 0.999000999 0.9578955688
-0.001197782 0.474281362 -0.880372509 0.999000999 0.9578955688
0.000803149 0.464004139 -0.885832667 0.999000999 0.9578955688
-0.014562331 0.462763347 -0.886362241 0.999000999 0.9578955688
-0.027926045 0.45108398 -0.892044494 0.999000999 0.9578955688
-0.025920122 0.44069831 -0.897280974 0.999000999 0.9578955688
-0.041280553 0.43925296 -0.897414482 0.999000999 0.9578955688
0.123186375 0.868944187 -0.479334035 0.999000999 0.9578955688
0.162478183 0.875145931 -0.455763579 0.999000999 0.9578955688
0.135987656 0.845050556 -0.517104356 0.999000999 0.9578955688
0.174644883 0.919576152 -0.351964295 0.999000999 0.9578955688
0.213162655 0.920992451 -0.326089847 0.999000999 0.9578955688
0.188276973 0.900532363 -0.39190974 0.999000999 0.9578955688
0.201603831 0.87946723 -0.431153438 0.999000999 0.9578955688
0.240017502 0.882000474 -0.405545019 0.999000999 0.9578955688
0.214217672 0.856608752 -0.469395607 0.999000999 0.9578955688
0.197669066 0.958616192 0.204894942 0.999000999 0.9578955688
0.272592001 0.944215274 0.184800209 0.999000999 0.9578955688
0.223493365 0.969325516 0.102268073 0.999000999 0.9578955688
0.289839491 0.885275807 0.363702922 0.999000999 0.9578955688
0.36490069 0.865532911 0.343074724 0.999000999 0.9578955688
0.320446 0.909208563 0.265808485 0.999000999 0.9578955688
0.347264724 0.923343552 0.163841069 0.999000999 0.9578955688
0.418530341 0.896927054 0.142668195 0.999000999 0.9578955688
0.368994799 0.927436095 0.060869762 0.999000999 0.9578955688
0.560236887 0.672238103 -0.483973722 0.999000999 0.9578955688
0.540634398 0.682665255 -0.491612243 0.999000999 0.9578955688
0.567017894 0.689691356 -0.450351576 0.999000999 0.9578955688
0.504306682 0.65428496 -0.563547657 0.999000999 0.9578955688
0.483852402 0.663718855 -0.57040699 0.999000999 0.9578955688
0.512871228 0.674004885 -0.531677081 0.999000999 0.9578955688
0.520677541 0.69275292 -0.498987265 0.999000999 0.9578955688
0.50048934 0.702396476 -0.506112252 0.999000999 0.9578955688
0.527769969 0.710414938 -0.46558509 0.999000999 0.9578955688
-0.079638921 0.508266673 -0.857509552 0.999000999 0.9578955688
-0.066351431 0.508199068 -0.858679914 0.999000999 0.9578955688
-0.087120956 0.470529292 -0.878072961 0.999000999 0.9578955688
-0.037681084 0.580378319 -0.813474734 0.999000999 0.9578955688
-0.024317399 0.580037063 -0.814227038 0.999000999 0.9578955688
-0.045384568 0.544731116 -0.837381784 0.999000999 0.9578955688
-0.053002481 0.508034772 -0.859704256 0.999000999 0.9578955688
-0.039692987 0.507799254 -0.860560506 0.999000999 0.9578955688
-0.060568435 0.470391525 -0.880376782 0.999000999 0.9578955688
0.093029359 0.808756458 -0.580739641 0.999000999 0.9578955688
0.065138092 0.777855783 -0.625057925 0.999000999 0.9578955688
0.068727614 0.807925309 -0.585263368 0.999000999 0.9578955688
0.085608533 0.747160341 -0.65910743 0.999000999 0.9578955688
0.057370008 0.711931935 -0.699901137 0.999000999 0.9578955688
0.061395428 0.745801987 -0.663332494 0.999000999 0.9578955688
0.037015689 0.744040376 -0.667108505 0.999000999 0.9578955688
0.008875806 0.707462648 -0.706694999 0.999000999 0.9578955688
0.012733056 0.741816076 -0.670482497 0.999000999 0.9578955688
-0.141102062 0.387966599 -0.910808501 0.999000999 0.9578955688
-0.128294831 0.412352401 -0.901945638 0.999000999 0.9578955688
-0.11922887 0.415097504 -0.901930451 0.999000999 0.9578955688
-0.106290363 0.439059802 -0.892148445 0.999000999 0.9578955688
-0.117308949 0.425773881 -0.897192963 0.999000999 0.9578955688
-0.115377822 0.436392726 -0.892328049 0.999000999 0.9578955688
-0.102361346 0.460065789 -0.881964639 0.999000999 0.9578955688
-0.005668582 0.688472167 -0.72524061 0.999000999 0.9578955688
0.008825358 0.707556283 -0.706601882 0.999000999 0.9578955688
-0.000905658 0.72334529 -0.690485895 0.999000999 0.9578955688
0.013772 0.655008826 -0.755495711 0.999000999 0.9578955688
0.018608998 0.691335285 -0.722294419 0.999000999 0.9578955688
0.02336911 0.725983452 -0.687315002 0.999000999 0.9578955688
0.028045537 0.758848423 -0.650663138 0.999000999 0.9578955688
0.167843405 0.498712466 -0.850361375 0.999000999 0.9578955688
0.184616931 0.528388912 -0.82868676 0.999000999 0.9578955688
0.133466988 0.436972022 -0.889517855 0.999000999 0.9578955688
0.150798395 0.468207747 -0.870655701 0.999000999 0.9578955688
0.135460776 0.467253094 -0.873684683 0.999000999 0.9578955688
0.102766331 0.43456883 -0.894756399 0.999000999 0.9578955688
0.120127944 0.46616547 -0.876503869 0.999000999 0.9578955688
0.384200651 0.916608554 -0.110537856 0.999000999 0.9578955688
0.419379095 0.899242783 -0.124433086 0.999000999 0.9578955688
0.349918879 0.926691364 -0.137112706 0.999000999 0.9578955688
0.518096247 0.851189968 -0.083975699 0.999000999 0.9578955688
0.486500037 0.866581732 -0.11114772 0.999000999 0.9578955688
0.453898577 0.880267518 -0.138221486 0.999000999 0.9578955688
0.420376997 0.892259313 -0.164792291 0.999000999 0.9578955688
0.33323599 0.922151129 -0.196446102 0.999000999 0.9578955688
0.346174651 0.929021012 -0.130702218 0.999000999 0.9578955688
0.409378543 0.898305296 -0.159551887 0.999000999 0.9578955688
0.2025503 0.969729864 -0.136372162 0.999000999 0.9578955688
0.214117506 0.974336942 -0.069434979 0.999000999 0.9578955688
0.280646995 0.95455491 -0.10031046 0.999000999 0.9578955688
0.357220144 0.931854047 -0.063575177 0.999000999 0.9578955688
0.366336698 0.930477034 0.003148423 0.999000999 0.9578955688
0.430756922 0.902062685 -0.027044177 0.999000999 0.9578955688
0.08939667 0.69491141 -0.713516901 0.999000999 0.9578955688
0.076595253 0.666650462 -0.741424527 0.999000999 0.9578955688
0.104846772 0.656205798 -0.747262408 0.999000999 0.9578955688
0.091921502 0.626699481 -0.773820521 0.999000999 0.9578955688
0.084313999 0.646900243 -0.757899218 0.999000999 0.9578955688
0.063678241 0.637207585 -0.768057013 0.999000999 0.9578955688
0.050683054 0.606660743 -0.793343539 0.999000999 0.9578955688
0.001444752 0.621100265 -0.783729784 0.999000999 0.9578955688
-0.004402309 0.58367554 -0.811975051 0.999000999 0.9578955688
-0.042614431 0.58618743 -0.809053958 0.999000999 0.9578955688
-0.026504491 0.565814338 -0.824106575 0.999000999 0.9578955688
-0.010285469 0.544922851 -0.8384231 0.999000999 0.9578955688
0.375143066 0.877573186 0.298551475 0.999000999 0.9578955688
0.436402521 0.854764265 0.280946422 0.999000999 0.9578955688
0.542650813 0.80873228 0.226896882 0.999000999 0.9578955688
0.138228894 0.911863393 0.386520278 0.999000999 0.9578955688
0.204582919 0.904062503 0.375255674 0.999000999 0.9578955688
0.323143342 0.886617383 0.330889704 0.999000999 0.9578955688
0.495778408 0.827815028 0.26253771 0.999000999 0.9578955688
0.552788725 0.797222206 0.242613642 0.999000999 0.9578955688
0.649518722 0.737765582 0.183922199 0.999000999 0.9578955688
0.257404166 0.63562451 -0.727821803 0.999000999 0.9578955688
0.221684614 0.630421237 -0.743925397 0.999000999 0.9578955688
0.327710764 0.642892494 -0.692311271 0.999000999 0.9578955688
0.292819937 0.639751101 -0.71061594 0.999000999 0.9578955688
0.255992771 0.612107389 -0.748192653 0.999000999 0.9578955688
0.254302741 0.588067496 -0.76779342 0.999000999 0.9578955688
0.21823114 0.582372356 -0.783082121 0.999000999 0.9578955688
0.314509624 0.505503419 -0.803461256 0.999000999 0.9578955688
0.374679457 0.514234261 -0.771478081 0.999000999 0.9578955688
0.336889368 0.495426197 -0.80066125 0.999000999 0.9578955688
0.389695133 0.542432123 -0.744248006 0.999000999 0.9578955688
0.447274068 0.547694612 -0.707090178 0.999000999 0.9578955688
0.411494678 0.531724698 -0.740230353 0.999000999 0.9578955688
0.433092851 0.52057469 -0.735821021 0.999000999 0.9578955688
0.48940164 0.524540737 -0.696665665 0.999000999 0.9578955688
0.454367908 0.5091919 -0.730940089 0.999000999 0.9578955688
0.466908127 0.605523779 -0.644467031 0.999000999 0.9578955688
0.430398279 0.594662828 -0.679068069 0.999000999 0.9578955688
0.443904006 0.610018542 -0.656373836 0.999000999 0.9578955688
0.439916005 0.574901066 -0.689900481 0.999000999 0.9578955688
0.402169699 0.562298288 -0.722551153 0.999000999 0.9578955688
0.416495641 0.578726037 -0.701147314 0.999000999 0.9578955688
0.392753395 0.58220102 -0.711889558 0.999000999 0.9578955688
0.354098005 0.568174012 -0.742827635 0.999000999 0.9578955688
0.368769877 0.585251021 -0.722142659 0.999000999 0.9578955688
0.537634363 0.836038812 -0.109491534 0.999000999 0.9578955688
0.561423196 0.815144284 -0.142631665 0.999000999 0.9578955688
0.604426683 0.789983316 -0.102930778 0.999000999 0.9578955688
0.445005735 0.875760335 -0.187119565 0.999000999 0.9578955688
0.468906678 0.855181137 -0.220888547 0.999000999 0.9578955688
0.516124483 0.836905606 -0.182221087 0.999000999 0.9578955688
0.584017061 0.792445089 -0.175939914 0.999000999 0.9578955688
0.605215012 0.768248129 -0.208589553 0.999000999 0.9578955688
0.64789078 0.742928305 -0.168211391 0.999000999 0.9578955688
0.139326904 0.687546508 -0.71264845 0.999000999 0.9578955688
0.147070901 0.668069554 -0.729419784 0.999000999 0.9578955688
0.123553798 0.725085557 -0.677484608 0.999000999 0.9578955688
0.131429619 0.706607603 -0.695292708 0.999000999 0.9578955688
0.173284924 0.716650227 -0.675562571 0.999000999 0.9578955688
0.206595293 0.743331461 -0.636220657 0.999000999 0.9578955688
0.214688943 0.725082774 -0.654342134 0.999000999 0.9578955688
0.093983378 0.492517109 -0.865213281 0.999000999 0.9578955688
0.078251837 0.472997957 -0.877581667 0.999000999 0.9578955688
0.080408045 0.492553717 -0.866559509 0.999000999 0.9578955688
0.089624753 0.453211539 -0.886885959 0.999000999 0.9578955688
0.073807873 0.433169062 -0.898285568 0.999000999 0.9578955688
0.076056194 0.453194251 -0.888161261 0.999000999 0.9578955688
0.062459505 0.453101783 -0.889268005 0.999000999 0.9578955688
0.046631989 0.432849849 -0.900259111 0.999000999 0.9578955688
0.048864844 0.452923474 -0.890209275 0.999000999 0.9578955688
0.557702892 0.692875872 -0.457045413 0.999000999 0.9578955688
0.590377315 0.672473677 -0.446356113 0.999000999 0.9578955688
0.553338806 0.680726141 -0.480029256 0.999000999 0.9578955688
0.629290283 0.673449048 -0.387891892 0.999000999 0.9578955688
0.659884416 0.650690873 -0.375704598 0.999000999 0.9578955688
0.625938358 0.662456628 -0.411524468 0.999000999 0.9578955688
0.622150317 0.65096299 -0.434943867 0.999000999 0.9578955688
0.652889505 0.628488025 -0.422774286 0.999000999 0.9578955688
0.617893157 0.639095871 -0.458000562 0.999000999 0.9578955688
0.391269659 0.661894913 -0.639377179 0.999000999 0.9578955688
0.420788678 0.650531363 -0.632254564 0.999000999 0.9578955688
0.392648203 0.656234544 -0.644347431 0.999000999 0.9578955688
0.447151856 0.649860928 -0.614602304 0.999000999 0.9578955688
0.475822553 0.637225214 -0.606248237 0.999000999 0.9578955688
0.448523902 0.644196093 -0.619546369 0.999000999 0.9578955688
0.449868536 0.6384833 -0.624465672 0.999000999 0.9578955688
0.47847345 0.625774941 -0.616010455 0.999000999 0.9578955688
0.451184867 0.632744113 -0.629338624 0.999000999 0.9578955688
0.532525915 0.575652455 -0.620516237 0.999000999 0.9578955688
0.510987956 0.585986553 -0.628896707 0.999000999 0.9578955688
0.544826415 0.589620066 -0.596248569 0.999000999 0.9578955688
0.462428633 0.565664829 -0.682775996 0.999000999 0.9578955688
0.475980205 0.58107747 -0.660145301 0.999000999 0.9578955688
0.489089704 0.595972871 -0.636873299 0.999000999 0.9578955688
0.501772814 0.610258583 -0.613032222 0.999000999 0.9578955688
-0.092265198 0.406551974 -0.908956889 0.999000999 0.9578955688
-0.08125503 0.419865136 -0.903941861 0.999000999 0.9578955688
-0.114174564 0.379490313 -0.918123778 0.999000999 0.9578955688
-0.103241942 0.393072062 -0.913693305 0.999000999 0.9578955688
-0.065219567 0.397625931 -0.915226763 0.999000999 0.9578955688
-0.038132781 0.38837175 -0.920713459 0.999000999 0.9578955688
-0.027115711 0.401605785 -0.915411127 0.999000999 0.9578955688
0.026095108 0.566976575 -0.823320478 0.999000999 0.9578955688
0.00674246 0.536142406 -0.844100622 0.999000999 0.9578955688
0.01068312 0.566040906 -0.82430793 0.999000999 0.9578955688
0.018168187 0.506609457 -0.861984208 0.999000999 0.9578955688
0.0027945 0.505531774 -0.862803463 0.999000999 0.9578955688
-0.012620572 0.504351689 -0.863406101 0.999000999 0.9578955688
-0.027993391 0.503047649 -0.863805206 0.999000999 0.9578955688
0.506966579 0.730095655 -0.458197797 0.999000999 0.9578955688
0.527037815 0.720323113 -0.450960924 0.999000999 0.9578955688
0.505015463 0.74921401 -0.428529753 0.999000999 0.9578955688
0.525103434 0.739458916 -0.421268199 0.999000999 0.9578955688
0.526152521 0.730010449 -0.436174585 0.999000999 0.9578955688
0.546830399 0.710158176 -0.443454485 0.999000999 0.9578955688
0.56630937 0.699608259 -0.435708597 0.999000999 0.9578955688
0.173886009 0.954108456 -0.243804654 0.999000999 0.9578955688
0.203293889 0.957689677 -0.203720588 0.999000999 0.9578955688
0.228636796 0.942050067 -0.245493149 0.999000999 0.9578955688
0.122282444 0.979667013 -0.159058315 0.999000999 0.9578955688
0.177432617 0.970849104 -0.161151118 0.999000999 0.9578955688
0.232213987 0.958931772 -0.162869646 0.999000999 0.9578955688
0.28606534 0.94403504 -0.1642086 0.999000999 0.9578955688
0.498339657 0.866950494 -0.007377487 0.999000999 0.9578955688
0.489403492 0.868902983 -0.074106875 0.999000999 0.9578955688
0.607473016 0.787924664 -0.100753459 0.999000999 0.9578955688
0.596070095 0.785202426 -0.167802244 0.999000999 0.9578955688
0.544861724 0.829690391 -0.121406575 0.999000999 0.9578955688
0.478361033 0.866730736 -0.141239347 0.999000999 0.9578955688
0.465577975 0.860441663 -0.207068332 0.999000999 0.9578955688
0.089531767 0.92523252 0.368685294 0.999000999 0.9578955688
0.087022099 0.932300337 0.35106016 0.999000999 0.9578955688
0.094445388 0.909984904 0.403741925 0.999000999 0.9578955688
0.091946286 0.917734838 0.386404773 0.999000999 0.9578955688
0.172709123 0.899694521 0.400900647 0.999000999 0.9578955688
0.254344474 0.866421442 0.429677522 0.999000999 0.9578955688
0.252197671 0.875313873 0.41257964 0.999000999 0.9578955688
0.506749103 0.608980186 -0.610203638 0.999000999 0.9578955688
0.528369286 0.598765584 -0.601918327 0.999000999 0.9578955688
0.559243717 0.585202712 -0.58718332 0.999000999 0.9578955688
0.580010727 0.574059532 -0.577964714 0.999000999 0.9578955688
0.554457014 0.586695664 -0.590225056 0.999000999 0.9578955688
0.549651157 0.588167202 -0.593247797 0.999000999 0.9578955688
0.570581041 0.577193703 -0.584195776 0.999000999 0.9578955688
0.453738864 0.749961364 -0.481330443 0.999000999 0.9578955688
0.437301852 0.729874038 -0.525405537 0.999000999 0.9578955688
0.489924293 0.730431356 -0.475861557 0.999000999 0.9578955688
0.473817466 0.710553902 -0.520202039 0.999000999 0.9578955688
0.455702574 0.720340145 -0.522919917 0.999000999 0.9578955688
0.419802437 0.707794994 -0.56814801 0.999000999 0.9578955688
0.401211173 0.683886508 -0.609367573 0.999000999 0.9578955688
-0.027121134 0.447553177 -0.893845959 0.999000999 0.9578955688
-0.054231261 0.433914845 -0.899320231 0.999000999 0.9578955688
-0.027117085 0.424699497 -0.904928174 0.999000999 0.9578955688
-0.073643103 0.544223088 -0.835702055 0.999000999 0.9578955688
-0.084674322 0.510017125 -0.855986444 0.999000999 0.9578955688
-0.091541627 0.49549491 -0.863773653 0.999000999 0.9578955688
-0.09356043 0.485253121 -0.869353699 0.999000999 0.9578955688
-0.095562412 0.47494262 -0.874812742 0.999000999 0.9578955688
0.355159499 0.644063457 -0.677527854 0.999000999 0.9578955688
0.319472849 0.618755738 -0.717689652 0.999000999 0.9578955688
0.338620039 0.595819436 -0.72824149 0.999000999 0.9578955688
0.310839595 0.593771643 -0.742168432 0.999000999 0.9578955688
0.282677577 0.591219371 -0.755349616 0.999000999 0.9578955688
0.48353165 0.554103563 -0.67761817 0.999000999 0.9578955688
0.55281448 0.563114045 -0.614246468 0.999000999 0.9578955688
0.518753944 0.559244167 -0.646637694 0.999000999 0.9578955688
0.504382076 0.542170816 -0.672048754 0.999000999 0.9578955688
0.524894039 0.529971752 -0.666045186 0.999000999 0.9578955688
0.379694399 0.761862058 -0.524784115 0.999000999 0.9578955688
0.423737713 0.75821945 -0.495529632 0.999000999 0.9578955688
0.375728469 0.776660157 -0.505595805 0.999000999 0.9578955688
0.474297147 0.722574008 -0.50292049 0.999000999 0.9578955688
0.516191617 0.715198072 -0.47120901 0.999000999 0.9578955688
0.470636454 0.737678689 -0.484077969 0.999000999 0.9578955688
0.466643971 0.752429346 -0.464858564 0.999000999 0.9578955688
0.508235831 0.744455188 -0.432992857 0.999000999 0.9578955688
0.462369585 0.766660398 -0.445473008 0.999000999 0.9578955688
0.293497096 0.892783699 -0.341755353 0.999000999 0.9578955688
0.306750275 0.872153493 -0.38112013 0.999000999 0.9578955688
0.265267908 0.928355831 -0.260362031 0.999000999 0.9578955688
0.279479887 0.911673907 -0.301233595 0.999000999 0.9578955688
0.344777919 0.897456474 -0.275136446 0.999000999 0.9578955688
0.39334853 0.895853326 -0.20669725 0.999000999 0.9578955688
0.408034949 0.878707043 -0.247752725 0.999000999 0.9578955688
0.208051115 0.918876388 0.335232632 0.999000999 0.9578955688
0.11257042 0.978710853 0.171618666 0.999000999 0.9578955688
0.161316485 0.953599895 0.254212965 0.999000999 0.9578955688
0.1239217 0.944740319 0.303494878 0.999000999 0.9578955688
0.039687202 0.962440758 0.268575339 0.999000999 0.9578955688
0.660937641 0.743444381 -0.102234468 0.999000999 0.9578955688
0.675675307 0.72921279 -0.108220082 0.999000999 0.9578955688
0.670645383 0.72592346 -0.152544748 0.999000999 0.9578955688
0.666670963 0.745238467 -0.013017427 0.999000999 0.9578955688
0.681801869 0.731290681 -0.018977644 0.999000999 0.9578955688
0.679423765 0.730980733 -0.063643659 0.999000999 0.9578955688
0.690175652 0.714586535 -0.114121223 0.999000999 0.9578955688
0.704300857 0.699691399 -0.119967696 0.999000999 0.9578955688
0.698845433 0.696155965 -0.164261785 0.999000999 0.9578955688
0.487119216 0.759314552 -0.431458319 0.999000999 0.9578955688
0.445075824 0.772400914 -0.45310522 0.999000999 0.9578955688
0.46228381 0.772357611 -0.435611523 0.999000999 0.9578955688
0.452882077 0.759725115 -0.466600015 0.999000999 0.9578955688
0.409850405 0.771094125 -0.487274558 0.999000999 0.9578955688
0.427597075 0.771966062 -0.470350019 0.999000999 0.9578955688
0.401958147 0.783614692 -0.473685194 0.999000999 0.9578955688
0.357885782 0.792926872 -0.493137651 0.999000999 0.9578955688
0.376009374 0.794618825 -0.47665278 0.999000999 0.9578955688
0.596239165 0.64157162 -0.482581304 0.999000999 0.9578955688
0.608865716 0.638815197 -0.470316577 0.999000999 0.9578955688
0.611861327 0.626026527 -0.483442347 0.999000999 0.9578955688
0.589736029 0.666590286 -0.455926317 0.999000999 0.9578955688
0.602259722 0.663727284 -0.443564335 0.999000999 0.9578955688
0.605665052 0.651387821 -0.457016139 0.999000999 0.9578955688
0.621303875 0.635860202 -0.457890049 0.999000999 0.9578955688
0.633535611 0.632707555 -0.445324354 0.999000999 0.9578955688
0.636631533 0.620027737 -0.458547595 0.999000999 0.9578955688
-0.052263101 0.428470075 -0.902043216 0.999000999 0.9578955688
-0.054272787 0.43889899 -0.896895836 0.999000999 0.9578955688
-0.078219421 0.427565051 -0.900594165 0.999000999 0.9578955688
-0.080231077 0.437974753 -0.895399961 0.999000999 0.9578955688
-0.067259381 0.438473649 -0.896223764 0.999000999 0.9578955688
-0.056278456 0.449269656 -0.891621844 0.999000999 0.9578955688
-0.058276258 0.459574201 -0.886225384 0.999000999 0.9578955688
0.042939231 0.548349505 -0.835146121 0.999000999 0.9578955688
0.038996145 0.518113037 -0.854422718 0.999000999 0.9578955688
0.046807263 0.577896264 -0.81476683 0.999000999 0.9578955688
0.067559052 0.588426656 -0.805723181 0.999000999 0.9578955688
0.088219252 0.598597175 -0.796177609 0.999000999 0.9578955688
0.365601878 0.545322937 -0.754293154 0.999000999 0.9578955688
0.289596921 0.507191544 -0.811720618 0.999000999 0.9578955688
0.328033574 0.526935617 -0.784048997 0.999000999 0.9578955688
0.341218544 0.547861483 -0.763817845 0.999000999 0.9578955688
0.316642116 0.549967126 -0.772834996 0.999000999 0.9578955688
0.003800636 0.814849024 -0.579660783 0.999000999 0.9578955688
0.01189799 0.796958656 -0.603916665 0.999000999 0.9578955688
0.018306484 0.829903703 -0.557606237 0.999000999 0.9578955688
-0.009013405 0.743813041 -0.668326955 0.999000999 0.9578955688
0.005485445 0.761394279 -0.648265889 0.999000999 0.9578955688
0.020018676 0.778279666 -0.627598609 0.999000999 0.9578955688
0.03445912 0.79445341 -0.606346724 0.999000999 0.9578955688
0.447699755 0.865867278 0.223246024 0.999000999 0.9578955688
0.36651921 0.892336396 0.263437705 0.999000999 0.9578955688
0.598555542 0.78892857 0.139007102 0.999000999 0.9578955688
0.525763765 0.83094351 0.181948745 0.999000999 0.9578955688
0.439455984 0.851959779 0.284680475 0.999000999 0.9578955688
0.429177745 0.835097893 0.344119125 0.999000999 0.9578955688
0.344787713 0.857740032 0.381318069 0.999000999 0.9578955688
0.106350722 0.932374241 0.345496452 0.999000999 0.9578955688
0.187068534 0.913896372 0.360275986 0.999000999 0.9578955688
0.288326899 0.92344659 0.253207415 0.999000999 0.9578955688
0.278357986 0.90801629 0.313086648 0.999000999 0.9578955688
0.267090622 0.888740179 0.372563409 0.999000999 0.9578955688
0.13807236 0.921885814 -0.362025647 0.999000999 0.9578955688
0.162790038 0.941273315 -0.295810667 0.999000999 0.9578955688
0.085951974 0.868467683 -0.488237792 0.999000999 0.9578955688
0.11233374 0.897553148 -0.426356045 0.999000999 0.9578955688
0.101020445 0.922870921 -0.371623643 0.999000999 0.9578955688
0.064141396 0.922438571 -0.380779416 0.999000999 0.9578955688
0.089647154 0.94464965 -0.315595351 0.999000999 0.9578955688
0.299162946 0.803248615 -0.515066203 0.999000999 0.9578955688
0.279673365 0.818068153 -0.50254085 0.999000999 0.9578955688
0.312107404 0.818019983 -0.483148297 0.999000999 0.9578955688
0.233330921 0.800523157 -0.55201391 0.999000999 0.9578955688
0.213558042 0.814729911 -0.539080824 0.999000999 0.9578955688
0.246774858 0.816976299 -0.521202357 0.999000999 0.9578955688
0.259907173 0.832297193 -0.48962194 0.999000999 0.9578955688
0.239974952 0.84585481 -0.476383946 0.999000999 0.9578955688
0.272705892 0.846410305 -0.457406921 0.999000999 0.9578955688
0.247223102 0.958678481 -0.14077041 0.999000999 0.9578955688
0.376029433 0.90482771 -0.19972151 0.999000999 0.9578955688
0.312517798 0.93443255 -0.170787689 0.999000999 0.9578955688
0.291425794 0.945568311 -0.144815662 0.999000999 0.9578955688
0.334933513 0.930433414 -0.14870509 0.999000999 0.9578955688
0.613505598 0.78961511 -0.010902303 0.999000999 0.9578955688
0.614436685 0.788237711 0.033895004 0.999000999 0.9578955688
0.611096571 0.789565467 -0.056101292 0.999000999 0.9578955688
0.557149491 0.830361726 -0.009156934 0.999000999 0.9578955688
0.499668053 0.865390139 0.03783839 0.999000999 0.9578955688
0.471111328 0.750169424 -0.464004258 0.999000999 0.9578955688
0.488211251 0.749920947 -0.446394834 0.999000999 0.9578955688
0.489148923 0.740285988 -0.461204929 0.999000999 0.9578955688
0.549855173 0.705112601 -0.447744914 0.999000999 0.9578955688
0.569935307 0.684509478 -0.4545553 0.999000999 0.9578955688
0.529273755 0.725107911 -0.44055398 0.999000999 0.9578955688
0.533135122 0.710311032 -0.459592406 0.999000999 0.9578955688
0.536693387 0.695096672 -0.478331292 0.999000999 0.9578955688
0.456771779 0.671050786 -0.583995192 0.999000999 0.9578955688
0.429164291 0.67781926 -0.596974926 0.999000999 0.9578955688
0.465633548 0.691337248 -0.552483672 0.999000999 0.9578955688
0.229668253 0.679086156 -0.697204766 0.999000999 0.9578955688
0.285432296 0.711337794 -0.642282607 0.999000999 0.9578955688
0.241865736 0.727332732 -0.642252336 0.999000999 0.9578955688
0.296049579 0.756015256 -0.583776995 0.999000999 0.9578955688
0.290837674 0.734271343 -0.613399578 0.999000999 0.9578955688
0.339063261 0.738624505 -0.582640494 0.999000999 0.9578955688
0.390143476 0.76065877 -0.518831673 0.999000999 0.9578955688
0.186464549 0.547044888 -0.816071603 0.999000999 0.9578955688
0.188605644 0.57227 -0.79808205 0.999000999 0.9578955688
0.126380131 0.524183558 -0.842175552 0.999000999 0.9578955688
0.158667191 0.561534542 -0.81209832 0.999000999 0.9578955688
0.190479128 0.59699954 -0.779300488 0.999000999 0.9578955688
-0.018061382 0.655740773 -0.754770047 0.999000999 0.9578955688
-0.030385756 0.621610441 -0.782736971 0.999000999 0.9578955688
-0.008279535 0.638607082 -0.76948843 0.999000999 0.9578955688
0.414776404 0.622031654 -0.664106284 0.999000999 0.9578955688
0.377194208 0.60970696 -0.697124058 0.999000999 0.9578955688
0.38513726 0.633425755 -0.671149092 0.999000999 0.9578955688
-0.084840066 0.459749856 -0.883986557 0.999000999 0.9578955688
-0.071562529 0.459703265 -0.885184564 0.999000999 0.9578955688
-0.082542121 0.44889548 -0.889763815 0.999000999 0.9578955688
0.016810118 0.893925105 -0.447901024 0.999000999 0.9578955688
0.02281104 0.864124768 -0.502760422 0.999000999 0.9578955688
0.012416842 0.863170307 -0.504760183 0.999000999 0.9578955688
0.020548822 0.84745853 -0.530463746 0.999000999 0.9578955688
0.028702252 0.830922778 -0.555646937 0.999000999 0.9578955688
0.208649808 0.701033637 -0.681921621 0.999000999 0.9578955688
0.202342698 0.675978725 -0.708597344 0.999000999 0.9578955688
0.17474997 0.672331554 -0.719327971 0.999000999 0.9578955688
0.0085747 0.68593445 -0.727612813 0.999000999 0.9578955688
0.032893471 0.688451143 -0.724536433 0.999000999 0.9578955688
0.008315383 0.663761066 -0.747898457 0.999000999 0.9578955688
0.245332248 0.788984675 -0.563307439 0.999000999 0.9578955688
0.211919612 0.786048977 -0.580703956 0.999000999 0.9578955688
0.311127367 0.79141001 -0.526184339 0.999000999 0.9578955688
0.278439987 0.790764775 -0.545125897 0.999000999 0.9578955688
0.25727964 0.777097655 -0.574392219 0.999000999 0.9578955688
0.269100079 0.764930416 -0.585206464 0.999000999 0.9578955688
0.235713458 0.762307804 -0.602765275 0.999000999 0.9578955688
0.294166432 0.930134859 -0.219807313 0.999000999 0.9578955688
0.322399317 0.929612027 -0.178550159 0.999000999 0.9578955688
0.358262026 0.913487335 -0.192845037 0.999000999 0.9578955688
0.105995455 0.989936432 -0.093759389 0.999000999 0.9578955688
0.072048153 0.994640937 -0.074151675 0.999000999 0.9578955688
0.101453651 0.991152901 -0.085575017 0.999000999 0.9578955688
0.047152264 0.996371028 -0.070862114 0.999000999 0.9578955688
0.042566948 0.997127052 -0.06265539 0.999000999 0.9578955688
0.037985398 0.997794805 -0.054430108 0.999000999 0.9578955688
0.033396041 0.998373291 -0.046211213 0.999000999 0.9578955688
0.67447709 0.697912583 -0.240829153 0.999000999 0.9578955688
0.683096274 0.697821049 -0.215465226 0.999000999 0.9578955688
0.688087428 0.682465486 -0.246529007 0.999000999 0.9578955688
0.663030433 0.727066272 -0.178228174 0.999000999 0.9578955688
0.677275778 0.71231975 -0.184114354 0.999000999 0.9578955688
0.691233163 0.697227161 -0.18992367 0.999000999 0.9578955688
0.704847433 0.681840361 -0.195662511 0.999000999 0.9578955688
0.602317608 0.774050051 -0.195089767 0.999000999 0.9578955688
0.664951548 0.723104769 -0.186973075 0.999000999 0.9578955688
0.535697965 0.819954057 -0.201749934 0.999000999 0.9578955688
0.599265342 0.779733711 -0.181373621 0.999000999 0.9578955688
0.659187505 0.734741935 -0.160081614 0.999000999 0.9578955688
0.416097173 0.783519762 -0.461475812 0.999000999 0.9578955688
0.463245798 0.763251789 -0.450388763 0.999000999 0.9578955688
0.570150794 0.764432804 -0.300949432 0.999000999 0.9578955688
0.612750091 0.736619102 -0.286233513 0.999000999 0.9578955688
0.541387712 0.754751234 -0.370472565 0.999000999 0.9578955688
0.509507515 0.740541166 -0.438179044 0.999000999 0.9578955688
0.553963861 0.716294225 -0.424319012 0.999000999 0.9578955688
0.480588793 0.865472047 0.141395007 0.999000999 0.9578955688
0.457395896 0.854956461 0.244618976 0.999000999 0.9578955688
0.541547532 0.828818238 0.140664848 0.999000999 0.9578955688
0.692780241 0.711997034 -0.114524066 0.999000999 0.9578955688
0.691767856 0.717310872 -0.083200643 0.999000999 0.9578955688
0.697762318 0.704116592 -0.13171018 0.999000999 0.9578955688
0.677697566 0.735140871 -0.017143763 0.999000999 0.9578955688
0.684005614 0.728661689 -0.034474085 0.999000999 0.9578955688
0.690061859 0.721895069 -0.05178939 0.999000999 0.9578955688
0.69583944 0.714866405 -0.069090503 0.999000999 0.9578955688
0.317122538 0.769475881 -0.554382687 0.999000999 0.9578955688
0.337729868 0.781819264 -0.524115612 0.999000999 0.9578955688
0.364112513 0.771528517 -0.521695146 0.999000999 0.9578955688
0.327132189 0.853915686 -0.40473761 0.999000999 0.9578955688
0.27276363 0.840947543 -0.467340595 0.999000999 0.9578955688
0.429444863 0.861223307 -0.271793167 0.999000999 0.9578955688
0.379708339 0.860601818 -0.33939076 0.999000999 0.9578955688
0.347599431 0.834293768 -0.427935211 0.999000999 0.9578955688
0.367258187 0.813838992 -0.450319352 0.999000999 0.9578955688
0.311826686 0.800292881 -0.512147852 0.999000999 0.9578955688
0.036818069 0.999262904 0.01086639 0.999000999 0.9578955688
0.0709899 0.997437036 -0.008932737 0.999000999 0.9578955688
0.111514954 0.990102397 0.08521536 0.999000999 0.9578955688
0.145854014 0.987140136 0.065429032 0.999000999 0.9578955688
0.108614194 0.993679438 0.028357201 0.999000999 0.9578955688
0.105280363 0.994027424 -0.028731961 0.999000999 0.9578955688
0.139255535 0.989076203 -0.048333841 0.999000999 0.9578955688
0.072317123 0.988870586 -0.130019991 0.999000999 0.9578955688
0.052764832 0.991859038 -0.115894443 0.999000999 0.9578955688
0.076440888 0.991852486 -0.101908963 0.999000999 0.9578955688
0.0248757 0.987165785 -0.157749526 0.999000999 0.9578955688
0.029014228 0.991117253 -0.129787383 0.999000999 0.9578955688
0.03314672 0.994263205 -0.101695501 0.999000999 0.9578955688
0.037269214 0.996594932 -0.073549618 0.999000999 0.9578955688
0.034687402 0.484914026 -0.873873659 0.999000999 0.9578955688
0.039413046 0.474330595 -0.879464097 0.999000999 0.9578955688
0.018887935 0.464819147 -0.885204161 0.999000999 0.9578955688
0.075660994 0.503109854 -0.860904111 0.999000999 0.9578955688
0.059930436 0.483575031 -0.873248838 0.999000999 0.9578955688
0.044145911 0.463659967 -0.884912749 0.999000999 0.9578955688
0.028320272 0.443393487 -0.895879555 0.999000999 0.9578955688
0.122272073 0.485744966 -0.865506423 0.999000999 0.9578955688
0.124332536 0.505112963 -0.854050534 0.999000999 0.9578955688
0.154582372 0.517060182 -0.841874729 0.999000999 0.9578955688
0.690104926 0.720531364 -0.067747647 0.999000999 0.9578955688
0.701404573 0.693488208 -0.164638181 0.999000999 0.9578955688
0.696638213 0.707925581 -0.116346772 0.999000999 0.9578955688
0.700490686 0.703812457 -0.11815593 0.999000999 0.9578955688
0.708807405 0.685049219 -0.16822494 0.999000999 0.9578955688
0.566556121 0.646870001 -0.510463871 0.999000999 0.9578955688
0.535872248 0.651130928 -0.537465765 0.999000999 0.9578955688
0.563482474 0.659690737 -0.49728828 0.999000999 0.9578955688
0.505489417 0.614791614 -0.605402115 0.999000999 0.9578955688
0.504203215 0.620576408 -0.600553112 0.999000999 0.9578955688
0.532021594 0.603225495 -0.594198642 0.999000999 0.9578955688
0.67653369 0.691215129 -0.254015379 0.999000999 0.9578955688
0.671572119 0.706595848 -0.222964563 0.999000999 0.9578955688
0.670856302 0.708718614 -0.218334028 0.999000999 0.9578955688
0.66839656 0.714994334 -0.205010099 0.999000999 0.9578955688
0.66578769 0.721110716 -0.191640516 0.999000999 0.9578955688
0.425233186 0.89048046 -0.161929883 0.999000999 0.9578955688
0.472678745 0.872587615 -0.123148928 0.999000999 0.9578955688
0.404897835 0.904160197 -0.136206023 0.999000999 0.9578955688
0.021008011 0.875472377 -0.482811331 0.999000999 0.9578955688
0.042626151 0.873542918 -0.484877079 0.999000999 0.9578955688
0.031781296 0.844557984 -0.534520121 0.999000999 0.9578955688
0.042372742 0.924493515 -0.378835442 0.999000999 0.9578955688
0.05347877 0.899543207 -0.433545891 0.999000999 0.9578955688
0.064377929 0.871202903 -0.486683659 0.999000999 0.9578955688
0.074889518 0.839624083 -0.537980445 0.999000999 0.9578955688
0.170838598 0.779131357 -0.603132243 0.999000999 0.9578955688
0.145069891 0.789667393 -0.596137682 0.999000999 0.9578955688
0.174211315 0.808228921 -0.562509048 0.999000999 0.9578955688
0.111610115 0.737120668 -0.666480535 0.999000999 0.9578955688
0.115457514 0.769288679 -0.62838244 0.999000999 0.9578955688
0.119047846 0.799571398 -0.588653709 0.999000999 0.9578955688
0.122441891 0.827794211 -0.547507742 0.999000999 0.9578955688
0.01411191 0.977513078 -0.210402082 0.999000999 0.9578955688
0.018615001 0.961719459 -0.273402934 0.999000999 0.9578955688
0.04000354 0.957048283 -0.287155534 0.999000999 0.9578955688
0.044428377 0.936186651 -0.348684203 0.999000999 0.9578955688
0.031592402 0.949782383 -0.311312294 0.999000999 0.9578955688
0.023072627 0.9418448 -0.335255167 0.999000999 0.9578955688
0.027485169 0.917981575 -0.39566955 0.999000999 0.9578955688
-0.049684942 0.568521104 -0.821166951 0.999000999 0.9578955688
-0.070689015 0.532598858 -0.843410647 0.999000999 0.9578955688
-0.061683454 0.556471148 -0.828574084 0.999000999 0.9578955688
-0.000966833 0.570804296 -0.821085575 0.999000999 0.9578955688
-0.020350923 0.539770772 -0.841566013 0.999000999 0.9578955688
-0.012663496 0.575477911 -0.817719273 0.999000999 0.9578955688
0.113829433 0.92205694 0.369937642 0.999000999 0.9578955688
0.11136657 0.925550263 0.361875943 0.999000999 0.9578955688
0.290948382 0.92028826 0.261569413 0.999000999 0.9578955688
0.200940874 0.929522281 0.309210438 0.999000999 0.9578955688
0.108816069 0.929036984 0.35362317 0.999000999 0.9578955688
0.15335512 0.747170869 -0.646697688 0.999000999 0.9578955688
0.182829725 0.767529934 -0.614386761 0.999000999 0.9578955688
0.194787034 0.755561077 -0.625448215 0.999000999 0.9578955688
0.161952359 0.835629931 -0.524875273 0.999000999 0.9578955688
0.201190663 0.841654017 -0.501139534 0.999000999 0.9578955688
0.1878573 0.825493461 -0.532231323 0.999000999 0.9578955688
0.037769401 0.994503692 0.097651824 0.999000999 0.9578955688
0.038753524 0.982175263 0.18392911 0.999000999 0.9578955688
0.075557707 0.987985039 0.134820607 0.999000999 0.9578955688
0.217741013 0.975927901 -0.012392852 0.999000999 0.9578955688
0.220822048 0.974258476 0.04536568 0.999000999 0.9578955688
0.294738316 0.955268573 0.024316226 0.999000999 0.9578955688
0.665561212 0.676784533 -0.314628302 0.999000999 0.9578955688
0.669517134 0.681898429 -0.294552778 0.999000999 0.9578955688
0.667213405 0.666800512 -0.331968898 0.999000999 0.9578955688
0.6680187 0.704767686 -0.238858798 0.999000999 0.9578955688
0.670732039 0.695879096 -0.256653104 0.999000999 0.9578955688
0.673179883 0.686705435 -0.274343744 0.999000999 0.9578955688
0.675346938 0.677263182 -0.291926525 0.999000999 0.9578955688
0.477812541 0.83196719 -0.28200314 0.999000999 0.9578955688
0.525313339 0.799221992 -0.292044694 0.999000999 0.9578955688
0.449004124 0.811569471 -0.3738319 0.999000999 0.9578955688
0.331351171 0.796920596 -0.505097975 0.999000999 0.9578955688
0.375952751 0.78874707 -0.486351301 0.999000999 0.9578955688
0.331002242 0.784671113 -0.524145743 0.999000999 0.9578955688
0.375870628 0.782738342 -0.496026168 0.999000999 0.9578955688
0.419672034 0.778639053 -0.466472516 0.999000999 0.9578955688
0.05098778 0.970547861 -0.235450834 0.999000999 0.9578955688
0.063950765 0.959693265 -0.273677066 0.999000999 0.9578955688
0.037904553 0.97971854 -0.196760836 0.999000999 0.9578955688
0.061789185 0.981170563 -0.182992959 0.999000999 0.9578955688
0.08553734 0.981877352 -0.169116024 0.999000999 0.9578955688
0.660210887 0.750815952 0.019924642 0.999000999 0.9578955688
0.658700205 0.748685929 0.074722281 0.999000999 0.9578955688
0.707291247 0.706918089 -0.002430573 0.999000999 0.9578955688
0.549359749 0.817543297 0.17270444 0.999000999 0.9578955688
0.603565364 0.782773801 0.151571859 0.999000999 0.9578955688
0.655290049 0.744151435 0.129744339 0.999000999 0.9578955688
0.703614509 0.702499508 0.106869376 0.999000999 0.9578955688
0.100715385 0.959202165 -0.264173462 0.999000999 0.9578955688
0.111648265 0.970900502 -0.211865241 0.999000999 0.9578955688
0.137499689 0.957330396 -0.254189592 0.999000999 0.9578955688
0.019102123 0.778643201 -0.627176111 0.999000999 0.9578955688
0.025415735 0.812953705 -0.581773421 0.999000999 0.9578955688
0.047154147 0.810625984 -0.583662574 0.999000999 0.9578955688
0.03387486 0.914948647 -0.402146077 0.999000999 0.9578955688
0.023191108 0.890581706 -0.454231656 0.999000999 0.9578955688
0.025338657 0.904757922 -0.425171796 0.999000999 0.9578955688
0.312059948 0.812214903 -0.492874772 0.999000999 0.9578955688
0.292519776 0.826894284 -0.480289521 0.999000999 0.9578955688
0.311959256 0.80630429 -0.50254832 0.999000999 0.9578955688
0.244362208 0.474209052 -0.845820836 0.999000999 0.9578955688
0.258577697 0.496872585 -0.82840522 0.999000999 0.9578955688
0.180892202 0.450691247 -0.874159832 0.999000999 0.9578955688
0.227150823 0.485945653 -0.843954576 0.999000999 0.9578955688
0.272470387 0.519091173 -0.810126066 0.999000999 0.9578955688
0.458597371 0.85666178 0.236260545 0.999000999 0.9578955688
0.348752408 0.892520938 0.285968763 0.999000999 0.9578955688
0.376870047 0.877183735 0.297519181 0.999000999 0.9578955688
0.403516205 0.889538712 0.214232472 0.999000999 0.9578955688
0.319932077 0.907078579 0.273590785 0.999000999 0.9578955688
0.233091585 0.914511715 0.330660909 0.999000999 0.9578955688
0.143816082 0.912076775 0.383969908 0.999000999 0.9578955688
0.140092658 0.911937125 0.385674379 0.999000999 0.9578955688
0.260608902 0.901923391 0.344408473 0.999000999 0.9578955688
0.141953445 0.912010756 0.384818919 0.999000999 0.9578955688
0.491802626 0.856671316 0.155706242 0.999000999 0.9578955688
0.545114896 0.819366646 0.177448726 0.999000999 0.9578955688
0.518895175 0.838376409 0.166951473 0.999000999 0.9578955688
0.57437143 0.812990453 0.095624177 0.999000999 0.9578955688
0.649803917 0.759315984 0.034555839 0.999000999 0.9578955688
0.539516769 0.819324958 -0.193980074 0.999000999 0.9578955688
0.68196624 0.680513955 -0.26799777 0.999000999 0.9578955688
0.226154621 0.965915688 -0.125940344 0.999000999 0.9578955688
0.291055779 0.725953899 -0.623119145 0.999000999 0.9578955688
0.297150396 0.296506232 -0.907626408 0.999000999 0.9578955688
0.066745643 0.994137881 -0.085058173 0.999000999 0.9578955688
0.096155854 0.990678921 -0.096484853 0.999000999 0.9578955688
0.086300631 0.99131731 -0.099207821 0.999000999 0.9578955688
0.603977143 0.790494478 0.101637057 0.999000999 0.9578955688
0.702965055 0.709300167 -0.052281979 0.999000999 0.9578955688
0.656771736 0.753681395 0.024804072 0.999000999 0.9578955688
0.653300277 0.756516976 0.029678505 0.999000999 0.9578955688
0.696900785 0.715905011 -0.042536003 0.999000999 0.9578955688
-0.018884395 0.435660893 -0.899912755 0.999000999 0.9578955688
-0.032237002 0.423785679 -0.90518864 0.999000999 0.9578955688
0.007846442 0.458947642 -0.888428666 0.999000999 0.9578955688
-0.005518984 0.447382989 -0.894325445 0.999000999 0.9578955688
-0.011840874 0.430585958 -0.902471898 0.999000999 0.9578955688
-0.004800732 0.42547979 -0.904955193 0.999000999 0.9578955688
-0.018162512 0.413625694 -0.910265845 0.999000999 0.9578955688
0.660048573 0.723012868 -0.203932032 0.999000999 0.9578955688
0.640197861 0.748763542 -0.171755225 0.999000999 0.9578955688
0.644714423 0.73472154 -0.211015572 0.999000999 0.9578955688
0.632410914 0.754537232 -0.17529975 0.999000999 0.9578955688
0.618981258 0.772965086 -0.139237851 0.999000999 0.9578955688
0.60220022 0.654552657 -0.457072986 0.999000999 0.9578955688
0.586210975 0.669700796 -0.455913958 0.999000999 0.9578955688
0.569899412 0.675361831 -0.468082318 0.999000999 0.9578955688
0.657845687 0.682643951 -0.318176504 0.999000999 0.9578955688
0.65966657 0.697238401 -0.28053276 0.999000999 0.9578955688
0.644957418 0.722344373 -0.249496565 0.999000999 0.9578955688
0.652705256 0.716569257 -0.245976316 0.999000999 0.9578955688
0.660409074 0.71069746 -0.242423133 0.999000999 0.9578955688
0.00624068 0.431521746 -0.902080948 0.999000999 0.9578955688
-8.2794e-05 0.414618142 -0.909995489 0.999000999 0.9578955688
0.012565651 0.448259123 -0.893815341 0.999000999 0.9578955688
0.017284974 0.437493134 -0.899055608 0.999000999 0.9578955688
0.021995321 0.426656613 -0.904146194 0.999000999 0.9578955688
0.080012453 0.535743168 -0.840581504 0.999000999 0.9578955688
0.059492021 0.527075707 -0.847733389 0.999000999 0.9578955688
0.084170553 0.567608181 -0.818984903 0.999000999 0.9578955688
0.624893225 0.695554248 -0.354559932 0.999000999 0.9578955688
0.590129777 0.706871461 -0.389973826 0.999000999 0.9578955688
0.619283499 0.716732377 -0.32059733 0.999000999 0.9578955688
0.475165027 -0.009286595 -0.879847689 0.999000999 0.9578955688
0.494313083 -0.027900215 -0.868836092 0.999000999 0.9578955688
0.508106196 0.004660605 -0.86128182 0.999000999 0.9578955688
0.445976871 -0.074292295 -0.891955876 0.999000999 0.9578955688
0.464885064 -0.092977936 -0.880475429 0.999000999 0.9578955688
0.47989611 -0.060500992 -0.875236741 0.999000999 0.9578955688
0.513071238 -0.046566981 -0.857081922 0.999000999 0.9578955688
0.531344364 -0.065163037 -0.844646048 0.999000999 0.9578955688
0.545358122 -0.032525745 -0.837571844 0.999000999 0.9578955688
0.630093959 0.188898144 -0.753192601 0.999000999 0.9578955688
0.601019947 0.161039721 -0.782841767 0.999000999 0.9578955688
0.602940013 0.184542908 -0.776148991 0.999000999 0.9578955688
0.62623484 0.141933844 -0.766605967 0.999000999 0.9578955688
0.596075969 0.113708378 -0.794835734 0.999000999 0.9578955688
0.598749747 0.137381908 -0.789065873 0.999000999 0.9578955688
0.570454066 0.132720813 -0.810535221 0.999000999 0.9578955688
0.538493808 0.104060907 -0.836179255 0.999000999 0.9578955688
0.541459899 0.127880583 -0.830943882 0.999000999 0.9578955688
0.834990657 0.400840153 -0.376985111 0.999000999 0.9578955688
0.831565942 0.440006218 -0.338958129 0.999000999 0.9578955688
0.852215007 0.381996528 -0.357502774 0.999000999 0.9578955688
0.788572509 0.513998233 -0.337578455 0.999000999 0.9578955688
0.780131128 0.550374891 -0.297460759 0.999000999 0.9578955688
0.807465533 0.496269959 -0.31892874 0.999000999 0.9578955688
0.825640999 0.477929473 -0.299833887 0.999000999 0.9578955688
0.817148263 0.514452718 -0.260013686 0.999000999 0.9578955688
0.842877144 0.459132147 -0.280634623 0.999000999 0.9578955688
0.758066705 0.650180564 0.050991223 0.999000999 0.9578955688
0.77755704 0.625982621 0.059588651 0.999000999 0.9578955688
0.715987457 0.697512182 -0.028960612 0.999000999 0.9578955688
0.847610935 0.480897215 0.224262282 0.999000999 0.9578955688
0.861239341 0.452352239 0.231612282 0.999000999 0.9578955688
0.826304275 0.543731839 0.146890882 0.999000999 0.9578955688
0.796440837 0.600895426 0.067872534 0.999000999 0.9578955688
0.814261886 0.5754406 0.076457162 0.999000999 0.9578955688
0.758070255 0.652071838 -0.011480681 0.999000999 0.9578955688
0.622165476 0.054856162 -0.780961537 0.999000999 0.9578955688
0.625593203 0.043584547 -0.778931019 0.999000999 0.9578955688
0.591627697 0.027959055 -0.805726355 0.999000999 0.9578955688
0.68605996 0.085747313 -0.72247431 0.999000999 0.9578955688
0.689522418 0.074435053 -0.720429218 0.999000999 0.9578955688
0.658258968 0.059074464 -0.750470078 0.999000999 0.9578955688
0.628955414 0.032263284 -0.776771632 0.999000999 0.9578955688
0.632213006 0.020985134 -0.774510387 0.999000999 0.9578955688
0.598210636 0.005426611 -0.801320527 0.999000999 0.9578955688
0.679909599 0.290978729 -0.673093096 0.999000999 0.9578955688
0.665553606 0.295637338 -0.685300636 0.999000999 0.9578955688
0.679926984 0.321169899 -0.659203453 0.999000999 0.9578955688
0.648614317 0.238852189 -0.722668043 0.999000999 0.9578955688
0.633691037 0.243293356 -0.734332358 0.999000999 0.9578955688
0.650123051 0.269661348 -0.710368056 0.999000999 0.9578955688
0.650914287 0.300196302 -0.697275248 0.999000999 0.9578955688
0.636062237 0.304607002 -0.708970666 0.999000999 0.9578955688
0.651020237 0.330365057 -0.683397088 0.999000999 0.9578955688
0.51494821 0.184261419 -0.837183415 0.999000999 0.9578955688
0.522201085 0.217735172 -0.824558926 0.999000999 0.9578955688
0.536745743 0.218262081 -0.815024951 0.999000999 0.9578955688
0.485158949 0.182925118 -0.855078473 0.999000999 0.9578955688
0.492599616 0.216538138 -0.842886026 0.999000999 0.9578955688
0.507459295 0.21717693 -0.833858049 0.999000999 0.9578955688
0.528719125 0.250953385 -0.810850471 0.999000999 0.9578955688
0.534535619 0.283817255 -0.796064971 0.999000999 0.9578955688
0.548860596 0.284177672 -0.786126641 0.999000999 0.9578955688
0.601625599 0.574082192 -0.555406406 0.999000999 0.9578955688
0.597383479 0.559400543 -0.574633806 0.999000999 0.9578955688
0.609057182 0.602379826 -0.515934003 0.999000999 0.9578955688
0.605527085 0.588411546 -0.535825347 0.999000999 0.9578955688
0.614221416 0.560899103 -0.555089406 0.999000999 0.9578955688
0.626597011 0.547541801 -0.55459369 0.999000999 0.9578955688
0.622160497 0.532723859 -0.573691211 0.999000999 0.9578955688
0.386604054 -0.133357581 -0.912553046 0.999000999 0.9578955688
0.406989988 -0.120723105 -0.905419837 0.999000999 0.9578955688
0.401914024 -0.134991093 -0.905672414 0.999000999 0.9578955688
0.39671337 -0.104813887 -0.911938896 0.999000999 0.9578955688
0.416868139 -0.092101341 -0.904288836 0.999000999 0.9578955688
0.41197368 -0.106419105 -0.904960033 0.999000999 0.9578955688
0.427122202 -0.10800473 -0.897720225 0.999000999 0.9578955688
0.446980573 -0.095216389 -0.889461751 0.999000999 0.9578955688
0.442142931 -0.109557318 -0.890228523 0.999000999 0.9578955688
0.959154267 0.271482157 -0.079501769 0.999000999 0.9578955688
0.973162178 0.216023349 -0.079305029 0.999000999 0.9578955688
0.957840354 0.244340932 -0.151126982 0.999000999 0.9578955688
0.975301234 0.21120533 0.06465147 0.999000999 0.9578955688
0.985848953 0.154384304 0.0653248 0.999000999 0.9578955688
0.982567019 0.18578522 -0.006775281 0.999000999 0.9578955688
0.984097822 0.159273667 -0.07863444 0.999000999 0.9578955688
0.991703683 0.102593342 -0.077449414 0.999000999 0.9578955688
0.979810999 0.132426973 -0.149778181 0.999000999 0.9578955688
0.628910808 0.001069694 -0.777476721 0.999000999 0.9578955688
0.619917823 -0.010262241 -0.78459963 0.999000999 0.9578955688
0.592086665 -0.017162315 -0.805691527 0.999000999 0.9578955688
0.681559419 0.014879411 -0.731611483 0.999000999 0.9578955688
0.673201407 0.003516557 -0.739450809 0.999000999 0.9578955688
0.646972288 -0.003378628 -0.762506028 0.999000999 0.9578955688
0.610772418 -0.02162099 -0.791510951 0.999000999 0.9578955688
0.601464892 -0.032951922 -0.798219365 0.999000999 0.9578955688
0.573052032 -0.039787471 -0.818552579 0.999000999 0.9578955688
0.429465163 -0.02531981 -0.902728409 0.999000999 0.9578955688
0.441076938 -0.026077216 -0.89709036 0.999000999 0.9578955688
0.427501984 -0.039965885 -0.903130545 0.999000999 0.9578955688
0.456229316 0.002471744 -0.88985881 0.999000999 0.9578955688
0.467683566 0.001720337 -0.883894294 0.999000999 0.9578955688
0.454474408 -0.012178498 -0.890676539 0.999000999 0.9578955688
0.452619939 -0.026831001 -0.891299775 0.999000999 0.9578955688
0.464082573 -0.02757464 -0.88536264 0.999000999 0.9578955688
0.450661938 -0.041471983 -0.891730841 0.999000999 0.9578955688
0.903810759 0.29505122 -0.309953045 0.999000999 0.9578955688
0.900851627 0.243822646 -0.359189175 0.999000999 0.9578955688
0.892354496 0.283623428 -0.351085751 0.999000999 0.9578955688
0.920434842 0.215461146 -0.326153639 0.999000999 0.9578955688
0.913162721 0.162904088 -0.373625618 0.999000999 0.9578955688
0.907840541 0.203461305 -0.366645672 0.999000999 0.9578955688
0.893379494 0.191220449 -0.406580644 0.999000999 0.9578955688
0.881444562 0.137636449 -0.451787221 0.999000999 0.9578955688
0.877238686 0.178593193 -0.445597082 0.999000999 0.9578955688
0.913152806 0.378262811 0.151885479 0.999000999 0.9578955688
0.937320745 0.305640777 0.16737245 0.999000999 0.9578955688
0.930028641 0.346463265 0.122515034 0.999000999 0.9578955688
0.924556528 0.295405214 0.240688567 0.999000999 0.9578955688
0.941502972 0.220323684 0.255009076 0.999000999 0.9578955688
0.94111978 0.263503961 0.21179996 0.999000999 0.9578955688
0.955778142 0.230980953 0.182032808 0.999000999 0.9578955688
0.968291164 0.155143177 0.195813219 0.999000999 0.9578955688
0.96828744 0.198197021 0.152109744 0.999000999 0.9578955688
0.675048979 0.494393951 -0.547616195 0.999000999 0.9578955688
0.670473835 0.517880365 -0.531285953 0.999000999 0.9578955688
0.683729624 0.509368307 -0.52254926 0.999000999 0.9578955688
0.648055622 0.511041651 -0.564677202 0.999000999 0.9578955688
0.643291934 0.534431955 -0.548231678 0.999000999 0.9578955688
0.656978824 0.526245879 -0.539855629 0.999000999 0.9578955688
0.665314374 0.540953674 -0.514515216 0.999000999 0.9578955688
0.659596566 0.563559881 -0.497325477 0.999000999 0.9578955688
0.673033234 0.55514694 -0.488710692 0.999000999 0.9578955688
0.498326119 -0.033193453 -0.866354012 0.999000999 0.9578955688
0.498441399 -0.046857571 -0.865656133 0.999000999 0.9578955688
0.462189079 -0.05586262 -0.885020126 0.999000999 0.9578955688
0.568010029 -0.014990783 -0.822885097 0.999000999 0.9578955688
0.568264656 -0.028707211 -0.822344926 0.999000999 0.9578955688
0.533832268 -0.037815612 -0.844744392 0.999000999 0.9578955688
0.498484293 -0.06055901 -0.864780907 0.999000999 0.9578955688
0.498426039 -0.074202487 -0.863750818 0.999000999 0.9578955688
0.462048346 -0.083124598 -0.882950524 0.999000999 0.9578955688
0.709361102 0.041588571 -0.703617238 0.999000999 0.9578955688
0.753908197 0.067803992 -0.653471537 0.999000999 0.9578955688
0.751760125 0.047974977 -0.657689225 0.999000999 0.9578955688
0.713991231 0.081185112 -0.69543188 0.999000999 0.9578955688
0.757273068 0.107509498 -0.644188799 0.999000999 0.9578955688
0.755722578 0.087756689 -0.648985477 0.999000999 0.9578955688
0.794525117 0.093819281 -0.599939814 0.999000999 0.9578955688
0.830989238 0.119359242 -0.543332548 0.999000999 0.9578955688
0.830163479 0.099523352 -0.548565129 0.999000999 0.9578955688
0.454065578 -0.099230105 -0.885425229 0.999000999 0.9578955688
0.434262327 -0.112030786 -0.893792668 0.999000999 0.9578955688
0.438390253 -0.10419891 -0.892724243 0.999000999 0.9578955688
0.418395534 -0.116949844 -0.90070412 0.999000999 0.9578955688
0.426345575 -0.114493716 -0.89728515 0.999000999 0.9578955688
0.414186204 -0.124759859 -0.901601223 0.999000999 0.9578955688
0.393850575 -0.137409835 -0.908845565 0.999000999 0.9578955688
0.740572826 0.006517786 -0.671944498 0.999000999 0.9578955688
0.725308682 0.011819223 -0.688322324 0.999000999 0.9578955688
0.752652253 0.005870699 -0.658392073 0.999000999 0.9578955688
0.683604904 0.01838218 -0.729620745 0.999000999 0.9578955688
0.667017024 0.023656385 -0.744666814 0.999000999 0.9578955688
0.696747447 0.017750874 -0.717096856 0.999000999 0.9578955688
0.709660648 0.017117375 -0.704335687 0.999000999 0.9578955688
0.693636355 0.022399831 -0.719976982 0.999000999 0.9578955688
0.722339067 0.016471593 -0.691342866 0.999000999 0.9578955688
0.459153243 0.122184989 -0.879914273 0.999000999 0.9578955688
0.478230195 0.143014395 -0.866511837 0.999000999 0.9578955688
0.474452976 0.122963578 -0.87165035 0.999000999 0.9578955688
0.4666184 0.16224645 -0.869450032 0.999000999 0.9578955688
0.48179428 0.16301381 -0.860988252 0.999000999 0.9578955688
0.496838302 0.163715924 -0.852260992 0.999000999 0.9578955688
0.511719449 0.164372506 -0.84328221 0.999000999 0.9578955688
0.878757681 0.372898648 -0.297878392 0.999000999 0.9578955688
0.88116855 0.333162754 -0.335476626 0.999000999 0.9578955688
0.866211932 0.448857912 -0.219552873 0.999000999 0.9578955688
0.873733491 0.411684077 -0.259048272 0.999000999 0.9578955688
0.901506568 0.362348082 -0.236621586 0.999000999 0.9578955688
0.920179326 0.350426372 -0.174560496 0.999000999 0.9578955688
0.925809989 0.311885589 -0.213549159 0.999000999 0.9578955688
0.925913418 0.359896118 0.114713233 0.999000999 0.9578955688
0.913689198 0.393680628 0.100933708 0.999000999 0.9578955688
0.887970971 0.450489541 0.09255662 0.999000999 0.9578955688
0.961992651 0.240339252 0.129642524 0.999000999 0.9578955688
0.954216724 0.27559276 0.116271553 0.999000999 0.9578955688
0.935810488 0.335293771 0.108797142 0.999000999 0.9578955688
0.900132303 0.426862833 0.086890502 0.999000999 0.9578955688
0.885232004 0.459418918 0.072791185 0.999000999 0.9578955688
0.855319521 0.514110923 0.064175346 0.999000999 0.9578955688
0.597587904 0.059053613 -0.799625767 0.999000999 0.9578955688
0.631028208 0.074651679 -0.772159651 0.999000999 0.9578955688
0.615358478 0.098612816 -0.782054637 0.999000999 0.9578955688
0.647734232 0.114133409 -0.753268829 0.999000999 0.9578955688
0.63954703 0.094447138 -0.762928132 0.999000999 0.9578955688
0.663135134 0.090132594 -0.7430531 0.999000999 0.9578955688
0.693817723 0.105439302 -0.712390006 0.999000999 0.9578955688
0.550800264 0.004976335 -0.834622253 0.999000999 0.9578955688
0.532098403 0.023600385 -0.846353538 0.999000999 0.9578955688
0.586867221 -0.032280332 -0.809039458 0.999000999 0.9578955688
0.569071468 -0.013705292 -0.822173843 0.999000999 0.9578955688
0.592127677 0.00522611 -0.805827216 0.999000999 0.9578955688
0.631925671 0.005420929 -0.775010038 0.999000999 0.9578955688
0.614471601 0.024109706 -0.788570462 0.999000999 0.9578955688
0.805997655 0.548234074 0.223175222 0.999000999 0.9578955688
0.842812387 0.480873573 0.241718612 0.999000999 0.9578955688
0.747287443 0.638857459 0.182818555 0.999000999 0.9578955688
0.927078484 0.195050026 0.320126495 0.999000999 0.9578955688
0.936707061 0.117256569 0.329895103 0.999000999 0.9578955688
0.906762277 0.304794421 0.291346072 0.999000999 0.9578955688
0.874447092 0.410476649 0.258555998 0.999000999 0.9578955688
0.900503588 0.337569495 0.274116991 0.999000999 0.9578955688
0.830390937 0.510755045 0.222666062 0.999000999 0.9578955688
0.559053533 0.223533521 -0.798430906 0.999000999 0.9578955688
0.584585492 0.230365084 -0.777940699 0.999000999 0.9578955688
0.556033458 0.192018443 -0.808675281 0.999000999 0.9578955688
0.612432236 0.298620195 -0.73195132 0.999000999 0.9578955688
0.611301214 0.267950406 -0.744656569 0.999000999 0.9578955688
0.609515772 0.236921755 -0.756543856 0.999000999 0.9578955688
0.606984548 0.205711677 -0.767627816 0.999000999 0.9578955688
0.524237381 0.501002835 -0.688600993 0.999000999 0.9578955688
0.522466065 0.450037383 -0.724220661 0.999000999 0.9578955688
0.508480927 0.461766619 -0.726786582 0.999000999 0.9578955688
0.552119479 0.477534932 -0.683465046 0.999000999 0.9578955688
0.549976932 0.42603325 -0.718346047 0.999000999 0.9578955688
0.536368001 0.438088926 -0.72137886 0.999000999 0.9578955688
0.518767236 0.397264277 -0.757008355 0.999000999 0.9578955688
0.513076426 0.342977854 -0.786841008 0.999000999 0.9578955688
0.499500216 0.355175701 -0.790158058 0.999000999 0.9578955688
0.558413405 0.35491478 -0.749806621 0.999000999 0.9578955688
0.574080903 0.393729477 -0.717919365 0.999000999 0.9578955688
0.570741157 0.356184999 -0.739855917 0.999000999 0.9578955688
0.564397752 0.429469131 -0.704990386 0.999000999 0.9578955688
0.577517751 0.466500552 -0.669963046 0.999000999 0.9578955688
0.576322299 0.430542783 -0.694611776 0.999000999 0.9578955688
0.588152397 0.431471673 -0.684038708 0.999000999 0.9578955688
0.600551226 0.468037827 -0.648289147 0.999000999 0.9578955688
0.599790614 0.432310923 -0.673319007 0.999000999 0.9578955688
0.761263 0.628928029 -0.157886603 0.999000999 0.9578955688
0.789854902 0.591469438 -0.162151589 0.999000999 0.9578955688
0.755871421 0.612880459 -0.230295327 0.999000999 0.9578955688
0.816857623 0.576503699 -0.019675073 0.999000999 0.9578955688
0.843339814 0.536869227 -0.023439095 0.999000999 0.9578955688
0.819189561 0.565944547 -0.092925952 0.999000999 0.9578955688
0.816972075 0.552272292 -0.165987785 0.999000999 0.9578955688
0.842005539 0.512249415 -0.169195774 0.999000999 0.9578955688
0.810022119 0.535981731 -0.237881801 0.999000999 0.9578955688
0.701428905 0.176796292 -0.69046402 0.999000999 0.9578955688
0.684332521 0.156116617 -0.712261611 0.999000999 0.9578955688
0.678892575 0.181282066 -0.71150663 0.999000999 0.9578955688
0.711522365 0.126312781 -0.691217047 0.999000999 0.9578955688
0.689317804 0.13080042 -0.712553307 0.999000999 0.9578955688
0.666417651 0.135203219 -0.733217296 0.999000999 0.9578955688
0.642900004 0.13948022 -0.753143315 0.999000999 0.9578955688
0.441252525 0.053597568 -0.89578095 0.999000999 0.9578955688
0.459634942 0.069052389 -0.885419385 0.999000999 0.9578955688
0.454917934 0.052875134 -0.888962257 0.999000999 0.9578955688
0.450627298 0.085935537 -0.888566329 0.999000999 0.9578955688
0.468666042 0.101345403 -0.877542734 0.999000999 0.9578955688
0.464215687 0.085216827 -0.881613231 0.999000999 0.9578955688
0.477702933 0.084467626 -0.874451329 0.999000999 0.9578955688
0.495436781 0.099828001 -0.862888618 0.999000999 0.9578955688
0.491071298 0.083701629 -0.867088817 0.999000999 0.9578955688
0.668264496 0.615291741 -0.418137104 0.999000999 0.9578955688
0.664095144 0.603548396 -0.441256131 0.999000999 0.9578955688
0.675261661 0.637469501 -0.371017958 0.999000999 0.9578955688
0.671996298 0.626601934 -0.394703676 0.999000999 0.9578955688
0.683374188 0.601820875 -0.413293301 0.999000999 0.9578955688
0.698167727 0.588108791 -0.408276714 0.999000999 0.9578955688
0.693987706 0.576403863 -0.431439046 0.999000999 0.9578955688
0.617861845 0.481582608 -0.621550426 0.999000999 0.9578955688
0.625627765 0.449251752 -0.637779556 0.999000999 0.9578955688
0.619211777 0.436016715 -0.653043796 0.999000999 0.9578955688
0.629063345 0.50683214 -0.589406897 0.999000999 0.9578955688
0.637668609 0.475079198 -0.60636499 0.999000999 0.9578955688
0.631803389 0.462266857 -0.622200796 0.999000999 0.9578955688
0.632577945 0.416287797 -0.653107659 0.999000999 0.9578955688
0.638647611 0.382766893 -0.667546803 0.999000999 0.9578955688
0.631396601 0.369044081 -0.682015248 0.999000999 0.9578955688
0.589989437 0.496388072 -0.636797728 0.999000999 0.9578955688
0.601274338 0.496965202 -0.625695419 0.999000999 0.9578955688
0.56694131 0.494887952 -0.658531294 0.999000999 0.9578955688
0.57852577 0.495700237 -0.64775706 0.999000999 0.9578955688
0.578779029 0.5242323 -0.62465617 0.999000999 0.9578955688
0.566968469 0.551513396 -0.611865777 0.999000999 0.9578955688
0.578258841 0.552044277 -0.600719426 0.999000999 0.9578955688
0.390119895 -0.037023317 -0.920019425 0.999000999 0.9578955688
0.399888692 -0.063719151 -0.914346162 0.999000999 0.9578955688
0.402104918 -0.026723729 -0.915203517 0.999000999 0.9578955688
0.384847321 -0.110866683 -0.916297505 0.999000999 0.9578955688
0.397131115 -0.100638798 -0.912227334 0.999000999 0.9578955688
0.409329697 -0.090373237 -0.907899707 0.999000999 0.9578955688
0.421385688 -0.080081563 -0.903338832 0.999000999 0.9578955688
0.496812106 -0.007220214 -0.867828093 0.999000999 0.9578955688
0.495037952 -0.021878302 -0.868595859 0.999000999 0.9578955688
0.500041644 0.022131123 -0.865718527 0.999000999 0.9578955688
0.498472479 0.007475055 -0.866873296 0.999000999 0.9578955688
0.528645703 0.013182736 -0.848740205 0.999000999 0.9578955688
0.559518599 0.033564004 -0.828137908 0.999000999 0.9578955688
0.55813428 0.018875626 -0.829535916 0.999000999 0.9578955688
0.686222698 0.546357163 -0.480200229 0.999000999 0.9578955688
0.6917633 0.523621443 -0.497276705 0.999000999 0.9578955688
0.722051813 0.48209837 -0.496207961 0.999000999 0.9578955688
0.72623438 0.458372209 -0.512326599 0.999000999 0.9578955688
0.709512125 0.49134063 -0.505150403 0.999000999 0.9578955688
0.696723069 0.500433497 -0.513948713 0.999000999 0.9578955688
0.701118517 0.476828993 -0.530157463 0.999000999 0.9578955688
0.956663642 0.213968061 -0.197515428 0.999000999 0.9578955688
0.942541845 0.269310427 -0.197703729 0.999000999 0.9578955688
0.975448971 0.101096089 -0.195649908 0.999000999 0.9578955688
0.967677763 0.157668712 -0.19682562 0.999000999 0.9578955688
0.952557404 0.182678442 -0.243439886 0.999000999 0.9578955688
0.945580377 0.150842605 -0.28831278 0.999000999 0.9578955688
0.934640678 0.207155375 -0.289021544 0.999000999 0.9578955688
0.81873962 0.574159981 0.002398026 0.999000999 0.9578955688
0.838605172 0.544481727 0.016763494 0.999000999 0.9578955688
0.773658397 0.626839511 -0.092330455 0.999000999 0.9578955688
0.79670829 0.599267225 -0.078324289 0.999000999 0.9578955688
0.819079664 0.572848246 -0.030877047 0.999000999 0.9578955688
0.857309985 0.513870335 0.030933274 0.999000999 0.9578955688
0.874680322 0.482593596 0.045141497 0.999000999 0.9578955688
0.918484058 0.197251785 0.34275176 0.999000999 0.9578955688
0.932326284 0.143122036 0.332090022 0.999000999 0.9578955688
0.941019195 0.198708205 0.273857489 0.999000999 0.9578955688
0.887309929 0.083757049 0.453503965 0.999000999 0.9578955688
0.896937704 0.028470952 0.441239345 0.999000999 0.9578955688
0.91757383 0.086020749 0.388147778 0.999000999 0.9578955688
0.943206085 0.087951579 0.320354181 0.999000999 0.9578955688
0.950818458 0.032956935 0.307990421 0.999000999 0.9578955688
0.963724862 0.089883824 0.25130716 0.999000999 0.9578955688
0.582971768 0.550473449 -0.597597607 0.999000999 0.9578955688
0.592346186 0.547271431 -0.591286713 0.999000999 0.9578955688
0.587673316 0.548881814 -0.594448339 0.999000999 0.9578955688
0.594760744 0.52317493 -0.610366815 0.999000999 0.9578955688
0.605926659 0.495330265 -0.622495633 0.999000999 0.9578955688
0.652311413 0.374419577 -0.659014264 0.999000999 0.9578955688
0.666835921 0.369827703 -0.646960064 0.999000999 0.9578955688
0.678363719 0.450063778 -0.580745435 0.999000999 0.9578955688
0.692298828 0.445052473 -0.568023441 0.999000999 0.9578955688
0.680632836 0.408096766 -0.60843732 0.999000999 0.9578955688
0.681180717 0.365062003 -0.634604259 0.999000999 0.9578955688
0.695192318 0.360225983 -0.622048939 0.999000999 0.9578955688
0.426773444 -0.020903375 -0.90411696 0.999000999 0.9578955688
0.416671135 0.005825116 -0.909038632 0.999000999 0.9578955688
0.436562632 -0.047639198 -0.898411696 0.999000999 0.9578955688
0.451161033 -0.01509189 -0.892314943 0.999000999 0.9578955688
0.465131424 0.017457376 -0.885069488 0.999000999 0.9578955688
0.472613233 -0.090470825 -0.876613804 0.999000999 0.9578955688
0.487954551 -0.085435845 -0.868677773 0.999000999 0.9578955688
0.480303585 -0.087957816 -0.872680863 0.999000999 0.9578955688
0.506071377 -0.076597669 -0.859083557 0.999000999 0.9578955688
0.53871017 -0.062600905 -0.840162174 0.999000999 0.9578955688
0.565153638 0.256545824 -0.784082652 0.999000999 0.9578955688
0.575121996 0.321524384 -0.752234512 0.999000999 0.9578955688
0.570484757 0.289262687 -0.768683445 0.999000999 0.9578955688
0.591720397 0.294047377 -0.750601833 0.999000999 0.9578955688
0.616324145 0.330621757 -0.714726383 0.999000999 0.9578955688
0.539079001 0.518452697 -0.663777547 0.999000999 0.9578955688
0.553343415 0.535295012 -0.638177339 0.999000999 0.9578955688
0.553119075 0.50674183 -0.661265459 0.999000999 0.9578955688
0.732300077 0.478224272 -0.484807326 0.999000999 0.9578955688
0.754347498 0.497448204 -0.428374996 0.999000999 0.9578955688
0.761596533 0.468803559 -0.447430378 0.999000999 0.9578955688
0.717313142 0.535026646 -0.44632762 0.999000999 0.9578955688
0.737077315 0.55295138 -0.388538033 0.999000999 0.9578955688
0.746112118 0.525612615 -0.408715165 0.999000999 0.9578955688
0.773293569 0.514796778 -0.370136913 0.999000999 0.9578955688
0.789041923 0.530103637 -0.31048829 0.999000999 0.9578955688
0.798597607 0.502818445 -0.330780098 0.999000999 0.9578955688
0.874468975 0.300958812 -0.380431077 0.999000999 0.9578955688
0.884812149 0.299204194 -0.357189462 0.999000999 0.9578955688
0.863939254 0.340103054 -0.371401236 0.999000999 0.9578955688
0.911167035 0.217571769 -0.349910216 0.999000999 0.9578955688
0.903674096 0.257604568 -0.342071652 0.999000999 0.9578955688
0.894613286 0.297245609 -0.333634706 0.999000999 0.9578955688
0.883991655 0.336332731 -0.324713793 0.999000999 0.9578955688
0.97367596 0.056805622 0.220744754 0.999000999 0.9578955688
0.966040163 0.111690712 0.233005554 0.999000999 0.9578955688
0.977768321 0.100361106 0.184110724 0.999000999 0.9578955688
0.96757536 0.133489268 0.214426065 0.999000999 0.9578955688
0.955300746 0.166298851 0.244428267 0.999000999 0.9578955688
0.731284942 0.669854775 -0.128518148 0.999000999 0.9578955688
0.73973905 0.661960911 -0.120805178 0.999000999 0.9578955688
0.721333404 0.673284258 -0.162377425 0.999000999 0.9578955688
0.764057308 0.64359236 -0.044780621 0.999000999 0.9578955688
0.771672577 0.634944252 -0.036976097 0.999000999 0.9578955688
0.756534856 0.649167295 -0.078973628 0.999000999 0.9578955688
0.74806426 0.653921983 -0.113074766 0.999000999 0.9578955688
0.756227966 0.645778009 -0.105309191 0.999000999 0.9578955688
0.738636566 0.65787613 -0.147020478 0.999000999 0.9578955688
0.780719194 0.339320344 -0.52472778 0.999000999 0.9578955688
0.764628561 0.365657689 -0.530695411 0.999000999 0.9578955688
0.790063449 0.371747261 -0.487446121 0.999000999 0.9578955688
0.724780276 0.324869177 -0.607580093 0.999000999 0.9578955688
0.707812086 0.350932032 -0.613065054 0.999000999 0.9578955688
0.737144089 0.358733276 -0.572650879 0.999000999 0.9578955688
0.747685976 0.391733161 -0.536200346 0.999000999 0.9578955688
0.730062079 0.417280824 -0.541189499 0.999000999 0.9578955688
0.756401309 0.423605378 -0.498413026 0.999000999 0.9578955688
0.653400634 0.607028153 -0.452310106 0.999000999 0.9578955688
0.641320988 0.610326249 -0.464983075 0.999000999 0.9578955688
0.662461433 0.587333824 -0.464955729 0.999000999 0.9578955688
0.650391205 0.590631864 -0.477645561 0.999000999 0.9578955688
0.645908357 0.600523282 -0.471353565 0.999000999 0.9578955688
0.629036723 0.613425292 -0.477516715 0.999000999 0.9578955688
0.616556575 0.616328763 -0.48989473 0.999000999 0.9578955688
0.447277866 -0.054325976 -0.892743636 0.999000999 0.9578955688
0.435718068 -0.053573273 -0.898487434 0.999000999 0.9578955688
0.417022705 -0.078475816 -0.905501855 0.999000999 0.9578955688
0.405286135 -0.077697363 -0.910882138 0.999000999 0.9578955688
0.420589295 -0.065651129 -0.904872684 0.999000999 0.9578955688
0.424081523 -0.052810433 -0.904082917 0.999000999 0.9578955688
0.412377623 -0.052044289 -0.909525199 0.999000999 0.9578955688
0.578554129 0.073342444 -0.812339834 0.999000999 0.9578955688
0.587591862 0.093162368 -0.803776447 0.999000999 0.9578955688
0.569206698 0.053437825 -0.820456053 0.999000999 0.9578955688
0.540073215 0.047814153 -0.840258728 0.999000999 0.9578955688
0.510274487 0.0421141 -0.858979831 0.999000999 0.9578955688
0.538707537 0.312554538 -0.78237066 0.999000999 0.9578955688
0.543539644 0.351049759 -0.76244916 0.999000999 0.9578955688
0.507839372 0.304115508 -0.805985688 0.999000999 0.9578955688
0.528386054 0.347093159 -0.774812569 0.999000999 0.9578955688
0.547273368 0.388924696 -0.741100156 0.999000999 0.9578955688
0.768367715 0.009769314 -0.63993407 0.999000999 0.9578955688
0.78252979 0.00445507 -0.622597206 0.999000999 0.9578955688
0.738832514 0.02040938 -0.673579968 0.999000999 0.9578955688
0.753799056 0.015098599 -0.656931515 0.999000999 0.9578955688
0.78362012 0.013682252 -0.621089609 0.999000999 0.9578955688
0.798398702 0.017577234 -0.601872539 0.999000999 0.9578955688
0.811734818 0.012226436 -0.583898193 0.999000999 0.9578955688
0.909098026 0.35612489 0.21613848 0.999000999 0.9578955688
0.894392976 0.38857267 0.221523103 0.999000999 0.9578955688
0.913427466 0.285637563 0.289933523 0.999000999 0.9578955688
0.83494018 0.545645201 0.071737089 0.999000999 0.9578955688
0.861076616 0.485829869 0.150054653 0.999000999 0.9578955688
0.87822934 0.420916032 0.227030659 0.999000999 0.9578955688
0.886565331 0.351269965 0.301017152 0.999000999 0.9578955688
0.908040055 0.231039148 0.349405453 0.999000999 0.9578955688
0.883338457 0.297859128 0.361929703 0.999000999 0.9578955688
0.896184065 0.264765992 0.356024005 0.999000999 0.9578955688
0.896472361 0.175165006 0.40700679 0.999000999 0.9578955688
0.879088592 0.118193678 0.461772132 0.999000999 0.9578955688
0.933709914 0.059062274 -0.353125253 0.999000999 0.9578955688
0.928078877 0.093777245 -0.360382333 0.999000999 0.9578955688
0.9470877 0.071522574 -0.312904793 0.999000999 0.9578955688
0.889362134 0.103044952 -0.445439932 0.999000999 0.9578955688
0.906152376 0.115873096 -0.406769342 0.999000999 0.9578955688
0.921220433 0.128504368 -0.367205041 0.999000999 0.9578955688
0.934488137 0.140724568 -0.326999264 0.999000999 0.9578955688
0.879955516 0.310326924 -0.359688045 0.999000999 0.9578955688
0.85882109 0.313472309 -0.405168418 0.999000999 0.9578955688
0.874559367 0.338190801 -0.34752395 0.999000999 0.9578955688
0.842583693 0.258955888 -0.472223007 0.999000999 0.9578955688
0.816514228 0.260402784 -0.515261977 0.999000999 0.9578955688
0.839442392 0.287466716 -0.461193406 0.999000999 0.9578955688
0.835468863 0.315850024 -0.449700501 0.999000999 0.9578955688
0.810091895 0.317261314 -0.493048051 0.999000999 0.9578955688
0.830791122 0.343765891 -0.43773408 0.999000999 0.9578955688
0.925494011 0.364892599 -0.101558983 0.999000999 0.9578955688
0.941115968 0.33679044 -0.029545447 0.999000999 0.9578955688
0.872770288 0.488130569 -0.000755992 0.999000999 0.9578955688
0.916267379 0.399967726 0.021906807 0.999000999 0.9578955688
0.950745821 0.306841306 0.043940838 0.999000999 0.9578955688
0.844112028 0.535868838 0.0178738 0.999000999 0.9578955688
0.877038913 0.473770573 0.079650422 0.999000999 0.9578955688
0.803718305 0.593379004 -0.044025495 0.999000999 0.9578955688
0.809656219 0.586828497 -0.009440462 0.999000999 0.9578955688
0.814702386 0.579344828 0.024891597 0.999000999 0.9578955688
0.705096908 0.435962265 -0.559263135 0.999000999 0.9578955688
0.717727203 0.426674151 -0.550287953 0.999000999 0.9578955688
0.707349246 0.393934215 -0.586918119 0.999000999 0.9578955688
0.707130445 0.538943715 -0.457718479 0.999000999 0.9578955688
0.698332441 0.566390339 -0.437645731 0.999000999 0.9578955688
0.715034583 0.510829093 -0.477262175 0.999000999 0.9578955688
0.696750279 0.542723585 -0.469031085 0.999000999 0.9578955688
0.677503829 0.573837159 -0.460108115 0.999000999 0.9578955688
0.665042447 0.458548506 -0.589450432 0.999000999 0.9578955688
0.652867451 0.421304583 -0.629497053 0.999000999 0.9578955688
0.651421291 0.466923376 -0.598024132 0.999000999 0.9578955688
0.695395672 0.288137511 -0.658332465 0.999000999 0.9578955688
0.680616223 0.262428596 -0.684026892 0.999000999 0.9578955688
0.696237982 0.230850988 -0.679676757 0.999000999 0.9578955688
0.680091979 0.204600767 -0.703998172 0.999000999 0.9578955688
0.680688347 0.233605805 -0.694328238 0.999000999 0.9578955688
0.664790878 0.236288414 -0.708675437 0.999000999 0.9578955688
0.647971419 0.209775292 -0.732207189 0.999000999 0.9578955688
0.577530029 0.177739427 -0.796785894 0.999000999 0.9578955688
0.514306105 0.120595479 -0.849085367 0.999000999 0.9578955688
0.546607294 0.149333271 -0.823966043 0.999000999 0.9578955688
0.551450177 0.170747768 -0.816546326 0.999000999 0.9578955688
0.524789558 0.163512878 -0.835379829 0.999000999 0.9578955688
0.645895789 0.004803198 -0.763410479 0.999000999 0.9578955688
0.624039913 -0.014089043 -0.781265439 0.999000999 0.9578955688
0.659662709 0.004150355 -0.751550321 0.999000999 0.9578955688
0.611694442 0.365010555 -0.701852694 0.999000999 0.9578955688
0.591424798 0.360746364 -0.72116487 0.999000999 0.9578955688
0.606147548 0.398960041 -0.68805235 0.999000999 0.9578955688
0.432153316 -0.080050919 -0.898240147 0.999000999 0.9578955688
0.447264559 -0.067967058 -0.891815504 0.999000999 0.9578955688
0.447166729 -0.081603094 -0.890720412 0.999000999 0.9578955688
0.813558708 0.004315072 -0.581466774 0.999000999 0.9578955688
0.799231376 0.000424454 -0.601023317 0.999000999 0.9578955688
0.840735353 0.012087399 -0.541311335 0.999000999 0.9578955688
0.827396415 0.008214223 -0.561558277 0.999000999 0.9578955688
0.842428858 0.004174743 -0.538791417 0.999000999 0.9578955688
0.869061804 0.004033216 -0.494687087 0.999000999 0.9578955688
0.856819716 0.000141982 -0.515616092 0.999000999 0.9578955688
0.644971968 0.163009195 -0.746618486 0.999000999 0.9578955688
0.646655878 0.186462324 -0.739640437 0.999000999 0.9578955688
0.662937763 0.18391182 -0.725734087 0.999000999 0.9578955688
0.658771173 0.027877727 -0.751826692 0.999000999 0.9578955688
0.68715664 0.054616551 -0.724453438 0.999000999 0.9578955688
0.684513775 0.034728991 -0.728172225 0.999000999 0.9578955688
0.728554125 0.239607614 -0.641714172 0.999000999 0.9578955688
0.759938962 0.247167474 -0.601166377 0.999000999 0.9578955688
0.729426127 0.210167488 -0.650974003 0.999000999 0.9578955688
0.78371153 0.311471794 -0.537383996 0.999000999 0.9578955688
0.78687456 0.282964899 -0.548415256 0.999000999 0.9578955688
0.78933835 0.254042323 -0.558934225 0.999000999 0.9578955688
0.790953624 0.225048187 -0.568986536 0.999000999 0.9578955688
0.901045242 0.291846466 -0.320847492 0.999000999 0.9578955688
0.923821527 0.281240276 -0.259726191 0.999000999 0.9578955688
0.918945139 0.24962618 -0.305330316 0.999000999 0.9578955688
0.997495561 0.001862459 0.070704571 0.999000999 0.9578955688
0.99542273 0.046136079 0.083696178 0.999000999 0.9578955688
0.993989565 0.047219934 0.098767519 0.999000999 0.9578955688
0.999179303 -0.000336942 0.0405044 0.999000999 0.9578955688
0.99760161 0.043993633 0.053437696 0.999000999 0.9578955688
0.996629017 0.045078693 0.068545707 0.999000999 0.9578955688
0.991228868 0.090348381 0.096449474 0.999000999 0.9578955688
0.984921275 0.134348058 0.108998542 0.999000999 0.9578955688
0.982999158 0.135340204 0.124079346 0.999000999 0.9578955688
0.713904993 0.674511049 -0.188081114 0.999000999 0.9578955688
0.731616917 0.659445298 -0.172825306 0.999000999 0.9578955688
0.722835168 0.667037571 -0.180472153 0.999000999 0.9578955688
0.705975013 0.675240148 -0.213658661 0.999000999 0.9578955688
0.69753668 0.67548849 -0.239077141 0.999000999 0.9578955688
0.76988484 0.627877229 -0.114225732 0.999000999 0.9578955688
0.742414169 0.65029882 -0.161036165 0.999000999 0.9578955688
0.794750061 0.603219877 -0.067068031 0.999000999 0.9578955688
0.765780015 0.628533762 -0.13611127 0.999000999 0.9578955688
0.731994066 0.649970666 -0.204261646 0.999000999 0.9578955688
0.722496932 0.564510712 -0.399156411 0.999000999 0.9578955688
0.750062285 0.554225924 -0.360888064 0.999000999 0.9578955688
0.748477214 0.567037312 -0.343875773 0.999000999 0.9578955688
0.773929566 0.5552085 -0.30459243 0.999000999 0.9578955688
0.762344211 0.554994304 -0.332885305 0.999000999 0.9578955688
0.775878012 0.542661628 -0.321763374 0.999000999 0.9578955688
0.799871436 0.529856149 -0.281883217 0.999000999 0.9578955688
0.864951154 0.492011486 0.098915106 0.999000999 0.9578955688
0.901768185 0.396847147 0.171249768 0.999000999 0.9578955688
0.891145221 0.436015221 0.125502677 0.999000999 0.9578955688
0.718113632 0.693298863 -0.060411076 0.999000999 0.9578955688
0.760467461 0.647951484 -0.042989705 0.999000999 0.9578955688
0.739696398 0.670950079 -0.051722623 0.999000999 0.9578955688
0.719566455 0.688321827 -0.091854121 0.999000999 0.9578955688
0.720281899 0.682664051 -0.123141297 0.999000999 0.9578955688
0.726665969 0.296777605 -0.619580198 0.999000999 0.9578955688
0.756184094 0.304502887 -0.579192202 0.999000999 0.9578955688
0.727974857 0.268250993 -0.630946918 0.999000999 0.9578955688
0.826232687 0.475027567 -0.302800856 0.999000999 0.9578955688
0.847684115 0.429878788 -0.310863103 0.999000999 0.9578955688
0.835777035 0.472840288 -0.279103583 0.999000999 0.9578955688
0.846649566 0.387318516 -0.364923115 0.999000999 0.9578955688
0.857072989 0.385568812 -0.341705402 0.999000999 0.9578955688
0.866984048 0.383567461 -0.31814252 0.999000999 0.9578955688
0.876261097 0.381376297 -0.294480237 0.999000999 0.9578955688
0.975796636 0.16482697 0.1437115 0.999000999 0.9578955688
0.983912464 0.12106647 0.13137417 0.999000999 0.9578955688
0.977931393 0.13632875 0.158318235 0.999000999 0.9578955688
0.984978236 0.092401351 0.145876196 0.999000999 0.9578955688
0.984570096 0.106740976 0.138665387 0.999000999 0.9578955688
0.989927523 0.077027182 0.118786833 0.999000999 0.9578955688
0.993828218 0.032830719 0.105960453 0.999000999 0.9578955688
0.999284174 -0.0013117 -0.037807671 0.999000999 0.9578955688
0.996522234 0.018074798 -0.081343337 0.999000999 0.9578955688
0.9996728 0.017960862 -0.018212629 0.999000999 0.9578955688
0.986543538 -0.001046598 -0.163495422 0.999000999 0.9578955688
0.978291799 0.018287201 -0.206423677 0.999000999 0.9578955688
0.989382555 0.018164096 -0.144195097 0.999000999 0.9578955688
0.99148181 0.037467783 -0.124739671 0.999000999 0.9578955688
0.984184761 0.056621222 -0.167852295 0.999000999 0.9578955688
0.992840585 0.056589101 -0.105191472 0.999000999 0.9578955688
0.463186178 0.047615302 -0.884980987 0.999000999 0.9578955688
0.444684446 0.032148784 -0.89511016 0.999000999 0.9578955688
0.499243043 0.078423352 -0.862905651 0.999000999 0.9578955688
0.481380402 0.063043211 -0.87424165 0.999000999 0.9578955688
0.471411973 0.042344104 -0.880895981 0.999000999 0.9578955688
0.47957785 0.037078836 -0.876715601 0.999000999 0.9578955688
0.461166796 0.021631451 -0.887049754 0.999000999 0.9578955688
0.506566303 0.142931949 -0.850271156 0.999000999 0.9578955688
0.501142261 0.121404667 -0.856806478 0.999000999 0.9578955688
0.487848087 0.122201078 -0.864332772 0.999000999 0.9578955688
0.72764684 0.674142451 -0.12673607 0.999000999 0.9578955688
0.723969668 0.678423995 -0.124935194 0.999000999 0.9578955688
0.744875206 0.661773105 -0.084954609 0.999000999 0.9578955688
0.643074779 0.576786492 -0.503758047 0.999000999 0.9578955688
0.635128341 0.562416555 -0.529433291 0.999000999 0.9578955688
0.626204499 0.589741079 -0.509973906 0.999000999 0.9578955688
0.604785254 0.533972595 -0.590853675 0.999000999 0.9578955688
0.617035552 0.52048667 -0.590220937 0.999000999 0.9578955688
0.611615621 0.508019727 -0.606500031 0.999000999 0.9578955688
0.726364443 0.659235537 -0.194430457 0.999000999 0.9578955688
0.714780253 0.657841522 -0.23734726 0.999000999 0.9578955688
0.720755963 0.658694021 -0.215946819 0.999000999 0.9578955688
0.709262689 0.667208809 -0.22754965 0.999000999 0.9578955688
0.691138289 0.674203908 -0.260340076 0.999000999 0.9578955688
0.901071062 0.415349065 -0.12472408 0.999000999 0.9578955688
0.873017 0.464841561 -0.147525055 0.999000999 0.9578955688
0.875282542 0.477901556 -0.074098412 0.999000999 0.9578955688
0.881936824 0.076045106 -0.465193056 0.999000999 0.9578955688
0.855147002 0.097607623 -0.509113305 0.999000999 0.9578955688
0.927199023 0.031819494 -0.373215074 0.999000999 0.9578955688
0.90600365 0.053977432 -0.419814034 0.999000999 0.9578955688
0.873496883 0.048687128 -0.484389057 0.999000999 0.9578955688
0.864056098 0.021462893 -0.502937773 0.999000999 0.9578955688
0.836437335 0.043332042 -0.546346884 0.999000999 0.9578955688
0.8204394 0.1462921 -0.552700473 0.999000999 0.9578955688
0.853065843 0.15157456 -0.499303335 0.999000999 0.9578955688
0.745487306 0.134409292 -0.652826791 0.999000999 0.9578955688
0.784486234 0.140603854 -0.60399661 0.999000999 0.9578955688
0.80903991 0.173261318 -0.561635949 0.999000999 0.9578955688
0.796930806 0.199849621 -0.570053874 0.999000999 0.9578955688
0.830839485 0.205100327 -0.517338967 0.999000999 0.9578955688
0.902454722 0.009238812 -0.430685639 0.999000999 0.9578955688
0.928783627 0.009002591 -0.37051306 0.999000999 0.9578955688
0.911240744 -0.000229349 -0.411874074 0.999000999 0.9578955688
0.937153104 0.027638763 -0.347822022 0.999000999 0.9578955688
0.957982201 0.027360425 -0.285519719 0.999000999 0.9578955688
0.944375972 0.018241187 -0.328361512 0.999000999 0.9578955688
0.951109116 0.008753092 -0.308731004 0.999000999 0.9578955688
0.969326862 0.008521188 -0.245627409 0.999000999 0.9578955688
0.957343789 -0.00068408 -0.288950517 0.999000999 0.9578955688
0.548708734 -0.051322191 -0.834436791 0.999000999 0.9578955688
0.523821731 -0.062790783 -0.849510513 0.999000999 0.9578955688
0.558557562 -0.040014191 -0.828500039 0.999000999 0.9578955688
0.564807521 -0.003713047 -0.825214322 0.999000999 0.9578955688
0.530387532 -0.012808991 -0.847658537 0.999000999 0.9578955688
0.561507278 0.007602401 -0.827436874 0.999000999 0.9578955688
0.883805518 0.113090541 0.453980545 0.999000999 0.9578955688
0.867594613 0.020912956 0.496832202 0.999000999 0.9578955688
0.888262217 0.29270938 0.353993577 0.999000999 0.9578955688
0.890754553 0.203990411 0.406133276 0.999000999 0.9578955688
0.888529338 0.107894993 0.445953234 0.999000999 0.9578955688
0.893054071 0.102786748 0.438051721 0.999000999 0.9578955688
0.876588382 0.010730877 0.481121249 0.999000999 0.9578955688
0.735230824 0.185072252 -0.652061268 0.999000999 0.9578955688
0.767133187 0.192723742 -0.611853113 0.999000999 0.9578955688
0.740621975 0.159726363 -0.652661151 0.999000999 0.9578955688
0.854873986 0.232417715 -0.46386687 0.999000999 0.9578955688
0.875465835 0.258586785 -0.408279862 0.999000999 0.9578955688
0.86650693 0.205487734 -0.454907167 0.999000999 0.9578955688
0.983859876 0.070691863 0.164384927 0.999000999 0.9578955688
0.979227375 0.027003748 0.200959063 0.999000999 0.9578955688
0.981940353 0.048847369 0.18277603 0.999000999 0.9578955688
0.988666861 0.040852882 0.144460651 0.999000999 0.9578955688
0.992172452 0.010997171 0.124390064 0.999000999 0.9578955688
0.949063513 0.286974424 0.130092766 0.999000999 0.9578955688
0.966436515 0.212299836 0.144669425 0.999000999 0.9578955688
0.96434409 0.226344333 0.137144885 0.999000999 0.9578955688
0.687685929 0.669579068 -0.280627752 0.999000999 0.9578955688
0.711676117 0.653509315 -0.257764775 0.999000999 0.9578955688
0.69980422 0.661651721 -0.269241627 0.999000999 0.9578955688
0.683940013 0.664640061 -0.300798352 0.999000999 0.9578955688
0.679886472 0.659412293 -0.320826766 0.999000999 0.9578955688
0.814072093 0.488248107 -0.314484362 0.999000999 0.9578955688
0.801473538 0.501263186 -0.326152397 0.999000999 0.9578955688
0.825770001 0.445195974 -0.346272219 0.999000999 0.9578955688
0.779462543 0.443367261 -0.442564816 0.999000999 0.9578955688
0.816345348 0.477053115 -0.325577331 0.999000999 0.9578955688
0.799537745 0.461165457 -0.384793211 0.999000999 0.9578955688
0.796721251 0.417319583 -0.437126543 0.999000999 0.9578955688
0.81305687 0.391074475 -0.43127634 0.999000999 0.9578955688
0.97711708 0.046966117 -0.207452154 0.999000999 0.9578955688
0.979912391 0.066142301 -0.188140643 0.999000999 0.9578955688
0.973588579 0.027730586 -0.226619269 0.999000999 0.9578955688
0.968375392 0.037206462 -0.246707881 0.999000999 0.9578955688
0.96266516 0.046640286 -0.26664672 0.999000999 0.9578955688
0.75331922 0.644961075 0.128589906 0.999000999 0.9578955688
0.838920857 0.517608496 0.168205949 0.999000999 0.9578955688
0.798768495 0.582931892 0.148860007 0.999000999 0.9578955688
0.757534429 0.648664202 0.073323545 0.999000999 0.9578955688
0.759284252 0.650496805 0.018475165 0.999000999 0.9578955688
0.952492448 0.116274933 -0.281492943 0.999000999 0.9578955688
0.967663714 0.091357976 -0.235118388 0.999000999 0.9578955688
0.958194059 0.081437873 -0.274284559 0.999000999 0.9578955688
0.820548081 0.072304887 -0.566985758 0.999000999 0.9578955688
0.809972692 0.04487905 -0.584747902 0.999000999 0.9578955688
0.781695475 0.046504806 -0.621924021 0.999000999 0.9578955688
0.890329855 0.013295609 -0.455121936 0.999000999 0.9578955688
0.877524623 0.017405569 -0.47921559 0.999000999 0.9578955688
0.909721914 0.02259327 -0.414602922 0.999000999 0.9578955688
0.837925989 0.431916044 -0.333659359 0.999000999 0.9578955688
0.857438869 0.385433513 -0.34093928 0.999000999 0.9578955688
0.836257813 0.388745087 -0.386717116 0.999000999 0.9578955688
0.519012236 0.279563656 -0.807756437 0.999000999 0.9578955688
0.476297957 0.211916632 -0.853364868 0.999000999 0.9578955688
0.498186962 0.245991013 -0.831443427 0.999000999 0.9578955688
0.503254144 0.275210564 -0.819142486 0.999000999 0.9578955688
0.487333116 0.27071732 -0.830191886 0.999000999 0.9578955688
0.898262091 0.21488786 0.383338524 0.999000999 0.9578955688
0.897761074 0.11917151 0.424055662 0.999000999 0.9578955688
0.870263251 0.398297291 0.289829505 0.999000999 0.9578955688
0.889027864 0.308301791 0.338495883 0.999000999 0.9578955688
0.889452396 0.32366203 0.322672164 0.999000999 0.9578955688
0.866705147 0.427450732 0.257114878 0.999000999 0.9578955688
0.889372523 0.33892576 0.306831949 0.999000999 0.9578955688
0.911686556 0.118635704 0.393386824 0.999000999 0.9578955688
0.896285142 0.005242197 0.443447251 0.999000999 0.9578955688
0.913205446 0.230026431 0.336368332 0.999000999 0.9578955688
0.924920704 0.117808762 0.361445413 0.999000999 0.9578955688
0.923940461 0.004433773 0.382510609 0.999000999 0.9578955688
0.750055962 0.660535755 0.03329519 0.999000999 0.9578955688
0.803784846 0.582411201 0.121355323 0.999000999 0.9578955688
0.835791971 0.52100446 0.173222788 0.999000999 0.9578955688
0.840163187 0.507852351 0.190294006 0.999000999 0.9578955688
0.844065854 0.494520554 0.207369851 0.999000999 0.9578955688
0.46398992 0.002031371 -0.88583815 0.999000999 0.9578955688
0.71472043 0.284430853 -0.638963064 0.999000999 0.9578955688
0.992386536 0.004280982 -0.123087923 0.999000999 0.9578955688
0.962374661 0.215779124 -0.165149572 0.999000999 0.9578955688
0.821031634 0.529254926 -0.214000652 0.999000999 0.9578955688
0.995952761 0.083209326 -0.033975077 0.999000999 0.9578955688
0.993305117 0.109205654 0.037670548 0.999000999 0.9578955688
0.997934116 0.063492321 0.00980941 0.999000999 0.9578955688
0.753139445 0.65724796 0.028391813 0.999000999 0.9578955688
0.756264062 0.653848839 0.023374441 0.999000999 0.9578955688
0.800690109 0.590862613 0.09887731 0.999000999 0.9578955688
0.434701664 0.001620937 -0.90057306 0.999000999 0.9578955688
0.432991108 -0.007358987 -0.901368152 0.999000999 0.9578955688
0.421247807 -0.012275685 -0.906862499 0.999000999 0.9578955688
0.457875232 0.011454774 -0.888942664 0.999000999 0.9578955688
0.444653825 -0.002444059 -0.895699169 0.999000999 0.9578955688
0.431246761 -0.016341477 -0.90208602 0.999000999 0.9578955688
0.417660378 -0.030229356 -0.908100212 0.999000999 0.9578955688
0.791829731 0.554155865 -0.256742974 0.999000999 0.9578955688
0.752998079 0.588863845 -0.293655011 0.999000999 0.9578955688
0.772794805 0.571796659 -0.275384767 0.999000999 0.9578955688
0.764709717 0.592654582 -0.252941882 0.999000999 0.9578955688
0.735897468 0.629793466 -0.248626442 0.999000999 0.9578955688
0.683649708 0.580189779 -0.442722144 0.999000999 0.9578955688
0.673138589 0.583832377 -0.453898883 0.999000999 0.9578955688
0.668668568 0.593739575 -0.447611063 0.999000999 0.9578955688
0.720963148 0.633643453 -0.280549663 0.999000999 0.9578955688
0.737321182 0.592029614 -0.325358897 0.999000999 0.9578955688
0.729526068 0.613115946 -0.303118052 0.999000999 0.9578955688
0.705119458 0.636669065 -0.312184324 0.999000999 0.9578955688
0.688429419 0.63886681 -0.343386275 0.999000999 0.9578955688
0.441407749 0.021976292 -0.897037481 0.999000999 0.9578955688
0.433099481 0.02723115 -0.900934683 0.999000999 0.9578955688
0.449667672 0.016716038 -0.893039506 0.999000999 0.9578955688
0.438080013 0.011798271 -0.898858555 0.999000999 0.9578955688
0.426409175 0.006880314 -0.904504216 0.999000999 0.9578955688
0.55885087 0.088370924 -0.824546109 0.999000999 0.9578955688
0.519974949 0.062792441 -0.85187039 0.999000999 0.9578955688
0.529369982 0.08348253 -0.844273706 0.999000999 0.9578955688
0.72496753 0.591254919 -0.353326621 0.999000999 0.9578955688
0.711897835 0.58994368 -0.381009091 0.999000999 0.9578955688
0.700529294 0.61476272 -0.362388613 0.999000999 0.9578955688
0.085855894 -0.535962642 -0.839864758 0.999000999 0.9578955688
0.057018591 -0.518444752 -0.853208017 0.999000999 0.9578955688
0.049889699 -0.547850763 -0.835087157 0.999000999 0.9578955688
0.099874107 -0.475821119 -0.873853206 0.999000999 0.9578955688
0.070945865 -0.457651034 -0.886296912 0.999000999 0.9578955688
0.064047354 -0.488322291 -0.870309874 0.999000999 0.9578955688
0.028076924 -0.500172802 -0.865470308 0.999000999 0.9578955688
-0.000821976 -0.48125401 -0.876580802 0.999000999 0.9578955688
-0.007854541 -0.511308426 -0.859361391 0.999000999 0.9578955688
-0.081439939 -0.542171055 -0.836312193 0.999000999 0.9578955688
-0.109799014 -0.575436192 -0.810442697 0.999000999 0.9578955688
-0.109024293 -0.549121691 -0.828600671 0.999000999 0.9578955688
-0.083007981 -0.594581693 -0.799738886 0.999000999 0.9578955688
-0.111048442 -0.626307345 -0.771626434 0.999000999 0.9578955688
-0.110443457 -0.601201868 -0.791428175 0.999000999 0.9578955688
-0.13785688 -0.607256374 -0.782454584 0.999000999 0.9578955688
-0.165503349 -0.637514464 -0.752451958 0.999000999 0.9578955688
-0.165095205 -0.612789929 -0.772807916 0.999000999 0.9578955688
-0.567991276 -0.802999328 -0.180493738 0.999000999 0.9578955688
-0.533304033 -0.820225657 -0.206921916 0.999000999 0.9578955688
-0.508986058 -0.840938232 -0.183728288 0.999000999 0.9578955688
-0.613313609 -0.75691511 -0.225667752 0.999000999 0.9578955688
-0.579303468 -0.774966528 -0.252654649 0.999000999 0.9578955688
-0.556769556 -0.798180424 -0.230034068 0.999000999 0.9578955688
-0.497422621 -0.835594572 -0.233136114 0.999000999 0.9578955688
-0.460529935 -0.849100622 -0.25872826 0.999000999 0.9578955688
-0.435711128 -0.868872383 -0.234982115 0.999000999 0.9578955688
-0.566108194 -0.820560501 0.078752628 0.999000999 0.9578955688
-0.599908783 -0.796005605 0.08052657 0.999000999 0.9578955688
-0.638220962 -0.76951839 -0.022703557 0.999000999 0.9578955688
-0.465840732 -0.839268311 0.280394569 0.999000999 0.9578955688
-0.502145695 -0.81690079 0.283765398 0.999000999 0.9578955688
-0.55456951 -0.811650847 0.183509022 0.999000999 0.9578955688
-0.633334097 -0.769420578 0.082945133 0.999000999 0.9578955688
-0.664925999 -0.742080067 0.084797343 0.999000999 0.9578955688
-0.699964058 -0.713911063 -0.019527205 0.999000999 0.9578955688
0.023226257 -0.623952787 -0.781116803 0.999000999 0.9578955688
0.0104168 -0.623769676 -0.781538791 0.999000999 0.9578955688
0.036955646 -0.583448794 -0.811308686 0.999000999 0.9578955688
-0.029937807 -0.698843916 -0.714647402 0.999000999 0.9578955688
-0.042807403 -0.698227959 -0.714594461 0.999000999 0.9578955688
-0.016221643 -0.66207008 -0.749266353 0.999000999 0.9578955688
-0.002460551 -0.623469798 -0.781843563 0.999000999 0.9578955688
-0.015271805 -0.623094294 -0.781997617 0.999000999 0.9578955688
0.011372866 -0.583188692 -0.812257107 0.999000999 0.9578955688
-0.285314917 -0.643797827 -0.710013913 0.999000999 0.9578955688
-0.290860994 -0.667333834 -0.685613183 0.999000999 0.9578955688
-0.321108656 -0.666147144 -0.673154673 0.999000999 0.9578955688
-0.223707387 -0.64348383 -0.732040686 0.999000999 0.9578955688
-0.22936384 -0.6676821 -0.708232195 0.999000999 0.9578955688
-0.260218193 -0.667877119 -0.697299538 0.999000999 0.9578955688
-0.295980439 -0.690154038 -0.660365795 0.999000999 0.9578955688
-0.300766187 -0.712109232 -0.634381701 0.999000999 0.9578955688
-0.330830293 -0.71021681 -0.621404377 0.999000999 0.9578955688
-0.282304725 -0.541530136 -0.791864354 0.999000999 0.9578955688
-0.245657167 -0.535587409 -0.80795958 0.999000999 0.9578955688
-0.283055761 -0.557501214 -0.780430543 0.999000999 0.9578955688
-0.206486755 -0.495612018 -0.843642073 0.999000999 0.9578955688
-0.168941389 -0.487642905 -0.85654142 0.999000999 0.9578955688
-0.207582809 -0.512265906 -0.833362477 0.999000999 0.9578955688
-0.208579317 -0.528772217 -0.822736052 0.999000999 0.9578955688
-0.171207511 -0.521036942 -0.836186877 0.999000999 0.9578955688
-0.209543248 -0.545021037 -0.811815063 0.999000999 0.9578955688
-0.508030365 -0.632888832 -0.584257542 0.999000999 0.9578955688
-0.531678966 -0.624637801 -0.571965991 0.999000999 0.9578955688
-0.494258685 -0.634113899 -0.594649405 0.999000999 0.9578955688
-0.580985608 -0.61172597 -0.536886451 0.999000999 0.9578955688
-0.603253065 -0.601938069 -0.52321726 0.999000999 0.9578955688
-0.568034964 -0.613905939 -0.548138466 0.999000999 0.9578955688
-0.554915226 -0.615896931 -0.559231672 0.999000999 0.9578955688
-0.577717189 -0.606685591 -0.546054433 0.999000999 0.9578955688
-0.541627185 -0.617712678 -0.570150016 0.999000999 0.9578955688
0.10767828 -0.450056466 -0.886484385 0.999000999 0.9578955688
0.11586981 -0.446382669 -0.887308683 0.999000999 0.9578955688
0.120473507 -0.449386525 -0.885176754 0.999000999 0.9578955688
0.098454132 -0.443980053 -0.890611305 0.999000999 0.9578955688
0.10665083 -0.44032702 -0.891480631 0.999000999 0.9578955688
0.111262083 -0.443362214 -0.889410308 0.999000999 0.9578955688
0.124051921 -0.442671509 -0.888061403 0.999000999 0.9578955688
0.132223609 -0.438924776 -0.888741784 0.999000999 0.9578955688
0.136820842 -0.441907786 -0.886565038 0.999000999 0.9578955688
-0.097238832 -0.989673183 -0.105316664 0.999000999 0.9578955688
-0.156277778 -0.983105026 -0.095298291 0.999000999 0.9578955688
-0.131019469 -0.980989664 -0.143154386 0.999000999 0.9578955688
-0.147174654 -0.989065899 -0.009395096 0.999000999 0.9578955688
-0.205784281 -0.978596686 0.001164288 0.999000999 0.9578955688
-0.181272501 -0.982310041 -0.046981521 0.999000999 0.9578955688
-0.214944692 -0.972941741 -0.08475345 0.999000999 0.9578955688
-0.272584959 -0.959299246 -0.073772605 0.999000999 0.9578955688
-0.247807119 -0.961074984 -0.122174086 0.999000999 0.9578955688
0.075234559 -0.617745151 -0.78277116 0.999000999 0.9578955688
0.067965976 -0.622191618 -0.779909108 0.999000999 0.9578955688
0.071454585 -0.5697178 -0.818728203 0.999000999 0.9578955688
0.067390738 -0.714997999 -0.695870929 0.999000999 0.9578955688
0.060019349 -0.718955572 -0.692459791 0.999000999 0.9578955688
0.064132076 -0.672011712 -0.737758318 0.999000999 0.9578955688
0.060636885 -0.626592453 -0.776984598 0.999000999 0.9578955688
0.053362703 -0.630942742 -0.77399204 0.999000999 0.9578955688
0.056982315 -0.578909423 -0.813398363 0.999000999 0.9578955688
0.047922979 -0.464845196 -0.884094074 0.999000999 0.9578955688
0.045022495 -0.456997062 -0.888328014 0.999000999 0.9578955688
0.060338675 -0.4514758 -0.890240892 0.999000999 0.9578955688
0.0172576 -0.475506761 -0.879542776 0.999000999 0.9578955688
0.014351668 -0.467662212 -0.883790748 0.999000999 0.9578955688
0.029689703 -0.462392191 -0.886178302 0.999000999 0.9578955688
0.042113539 -0.449105417 -0.892485728 0.999000999 0.9578955688
0.039202655 -0.441178436 -0.896562736 0.999000999 0.9578955688
0.054523543 -0.435656369 -0.898460189 0.999000999 0.9578955688
-0.062059587 -0.859742152 -0.506943824 0.999000999 0.9578955688
-0.11684568 -0.871322176 -0.476597055 0.999000999 0.9578955688
-0.081070205 -0.835430666 -0.543583686 0.999000999 0.9578955688
-0.132546259 -0.920562632 -0.367417922 0.999000999 0.9578955688
-0.186387055 -0.924297709 -0.333066978 0.999000999 0.9578955688
-0.152055554 -0.901078159 -0.406124685 0.999000999 0.9578955688
-0.171417291 -0.879379105 -0.444194216 0.999000999 0.9578955688
-0.224836365 -0.884020292 -0.409825246 0.999000999 0.9578955688
-0.189934923 -0.855846069 -0.481094825 0.999000999 0.9578955688
-0.12248417 -0.97831802 0.167007428 0.999000999 0.9578955688
-0.189098599 -0.971439116 0.143344913 0.999000999 0.9578955688
-0.166736755 -0.981290349 0.096271004 0.999000999 0.9578955688
-0.165984006 -0.951351192 0.259577002 0.999000999 0.9578955688
-0.233022673 -0.943328828 0.236286174 0.999000999 0.9578955688
-0.211440976 -0.958679445 0.190332432 0.999000999 0.9578955688
-0.255272242 -0.959484159 0.119273769 0.999000999 0.9578955688
-0.319803498 -0.942731534 0.094778568 0.999000999 0.9578955688
-0.296984731 -0.95369662 0.047569172 0.999000999 0.9578955688
-0.54860163 -0.666972224 -0.50416694 0.999000999 0.9578955688
-0.521418385 -0.674636822 -0.522482561 0.999000999 0.9578955688
-0.546287439 -0.681417733 -0.487072794 0.999000999 0.9578955688
-0.497162767 -0.651296657 -0.573272926 0.999000999 0.9578955688
-0.468659031 -0.657264794 -0.590221741 0.999000999 0.9578955688
-0.495520216 -0.666572476 -0.556902909 0.999000999 0.9578955688
-0.49361541 -0.681547707 -0.540218984 0.999000999 0.9578955688
-0.465293924 -0.687639472 -0.557363007 0.999000999 0.9578955688
-0.491502614 -0.696132562 -0.52328256 0.999000999 0.9578955688
0.096862323 -0.486921549 -0.868058233 0.999000999 0.9578955688
0.08459059 -0.488478815 -0.868465819 0.999000999 0.9578955688
0.100044301 -0.454739624 -0.884987577 0.999000999 0.9578955688
0.065563593 -0.552157456 -0.831157963 0.999000999 0.9578955688
0.053224671 -0.55347241 -0.831165101 0.999000999 0.9578955688
0.068965047 -0.521410558 -0.850514463 0.999000999 0.9578955688
0.072273629 -0.48995984 -0.868743851 0.999000999 0.9578955688
0.059978873 -0.491376518 -0.868879539 0.999000999 0.9578955688
0.075519221 -0.457867399 -0.885807142 0.999000999 0.9578955688
-0.033702929 -0.799801231 -0.599318032 0.999000999 0.9578955688
-0.011401636 -0.785315078 -0.618991301 0.999000999 0.9578955688
-0.003750942 -0.806186628 -0.591649433 0.999000999 0.9578955688
-0.048903963 -0.756199172 -0.652511467 0.999000999 0.9578955688
-0.026566451 -0.740627326 -0.671390637 0.999000999 0.9578955688
-0.019019169 -0.763431809 -0.645608352 0.999000999 0.9578955688
0.010931193 -0.769933047 -0.638031043 0.999000999 0.9578955688
0.033186391 -0.753716958 -0.656360732 0.999000999 0.9578955688
0.040805013 -0.77567808 -0.629808278 0.999000999 0.9578955688
0.135427294 -0.439859577 -0.887796711 0.999000999 0.9578955688
0.127258491 -0.443615889 -0.887135964 0.999000999 0.9578955688
0.116287999 -0.443224851 -0.888835661 0.999000999 0.9578955688
0.108098493 -0.446906424 -0.888025543 0.999000999 0.9578955688
0.117683973 -0.445282059 -0.887622876 0.999000999 0.9578955688
0.119079227 -0.447336215 -0.886403096 0.999000999 0.9578955688
0.110890223 -0.45101976 -0.885598405 0.999000999 0.9578955688
0.043583996 -0.732402331 -0.679475725 0.999000999 0.9578955688
0.042849586 -0.744443083 -0.666309544 0.999000999 0.9578955688
0.062266689 -0.770636759 -0.63422539 0.999000999 0.9578955688
0.004462793 -0.674382495 -0.738368698 0.999000999 0.9578955688
0.003710786 -0.687461897 -0.726210968 0.999000999 0.9578955688
0.023297777 -0.716702382 -0.696989891 0.999000999 0.9578955688
0.042056436 -0.756257218 -0.65292134 0.999000999 0.9578955688
0.041281384 -0.767819301 -0.639335099 0.999000999 0.9578955688
0.060684291 -0.79288357 -0.606344012 0.999000999 0.9578955688
-0.150320695 -0.502677481 -0.851304316 0.999000999 0.9578955688
-0.15143275 -0.519332966 -0.841047794 0.999000999 0.9578955688
-0.147911905 -0.46878218 -0.87084174 0.999000999 0.9578955688
-0.149153934 -0.485815294 -0.861241316 0.999000999 0.9578955688
-0.129286263 -0.483800653 -0.865576103 0.999000999 0.9578955688
-0.108137288 -0.464437186 -0.878979196 0.999000999 0.9578955688
-0.109379672 -0.48158234 -0.869548468 0.999000999 0.9578955688
-0.367566257 -0.921755921 -0.123535698 0.999000999 0.9578955688
-0.391078135 -0.906156944 -0.161051191 0.999000999 0.9578955688
-0.329256544 -0.932444059 -0.148789133 0.999000999 0.9578955688
-0.487359006 -0.860769442 -0.146823592 0.999000999 0.9578955688
-0.451164488 -0.875565146 -0.172731817 0.999000999 0.9578955688
-0.413816452 -0.888482182 -0.198381846 0.999000999 0.9578955688
-0.375626748 -0.899466866 -0.223302269 0.999000999 0.9578955688
-0.390661091 -0.918446512 -0.061967066 0.999000999 0.9578955688
-0.365689008 -0.930172665 -0.032409306 0.999000999 0.9578955688
-0.43522209 -0.897927512 -0.06563472 0.999000999 0.9578955688
-0.24646542 -0.969138239 0.005086402 0.999000999 0.9578955688
-0.219565425 -0.974976068 0.03482371 0.999000999 0.9578955688
-0.293614264 -0.955923263 0.001174142 0.999000999 0.9578955688
-0.340129603 -0.940374789 -0.00266636 0.999000999 0.9578955688
-0.313927712 -0.949066469 0.026874314 0.999000999 0.9578955688
-0.385737548 -0.922584176 -0.006706857 0.999000999 0.9578955688
-0.063383052 -0.706254626 -0.705114879 0.999000999 0.9578955688
-0.049680391 -0.670212362 -0.740504726 0.999000999 0.9578955688
-0.077016783 -0.649668065 -0.756306698 0.999000999 0.9578955688
-0.063146997 -0.611166222 -0.788979281 0.999000999 0.9578955688
-0.056500112 -0.641160908 -0.76532374 0.999000999 0.9578955688
-0.035863023 -0.632306002 -0.773888211 0.999000999 0.9578955688
-0.022013813 -0.592674172 -0.805141427 0.999000999 0.9578955688
0.008361992 -0.624716998 -0.780806474 0.999000999 0.9578955688
0.002903936 -0.588172358 -0.808730391 0.999000999 0.9578955688
-0.020609653 -0.607294936 -0.794209106 0.999000999 0.9578955688
0.055295802 -0.585608981 -0.808705444 0.999000999 0.9578955688
0.026467579 -0.568327068 -0.822376928 0.999000999 0.9578955688
-0.002507128 -0.550307628 -0.83495822 0.999000999 0.9578955688
-0.031420167 -0.531609549 -0.846406557 0.999000999 0.9578955688
-0.344593505 -0.895216732 0.282563832 0.999000999 0.9578955688
-0.414979021 -0.870160017 0.265732867 0.999000999 0.9578955688
-0.518216038 -0.824588488 0.226949253 0.999000999 0.9578955688
-0.117079176 -0.932085081 0.342797125 0.999000999 0.9578955688
-0.192416457 -0.923471046 0.331929411 0.999000999 0.9578955688
-0.305882241 -0.903224346 0.301034607 0.999000999 0.9578955688
-0.48298007 -0.839881857 0.247646359 0.999000999 0.9578955688
-0.548111813 -0.804751087 0.227923515 0.999000999 0.9578955688
-0.641580642 -0.744508502 0.184611402 0.999000999 0.9578955688
-0.219057047 -0.618538837 -0.754601695 0.999000999 0.9578955688
-0.187775085 -0.617115477 -0.764139389 0.999000999 0.9578955688
-0.280979888 -0.619269113 -0.733182152 0.999000999 0.9578955688
-0.250186691 -0.619226922 -0.744288008 0.999000999 0.9578955688
-0.214236494 -0.592808214 -0.776325412 0.999000999 0.9578955688
-0.209154385 -0.566447733 -0.797114426 0.999000999 0.9578955688
-0.177626439 -0.564657247 -0.805984517 0.999000999 0.9578955688
-0.338257362 -0.51486267 -0.7877172 0.999000999 0.9578955688
-0.394683231 -0.520600015 -0.757100238 0.999000999 0.9578955688
-0.348177552 -0.500219003 -0.79281356 0.999000999 0.9578955688
-0.42979614 -0.553481169 -0.713396015 0.999000999 0.9578955688
-0.483064346 -0.55516993 -0.67707842 0.999000999 0.9578955688
-0.439697801 -0.538985961 -0.718442744 0.999000999 0.9578955688
-0.449499375 -0.524185768 -0.723311546 0.999000999 0.9578955688
-0.502370775 -0.525706424 -0.686481143 0.999000999 0.9578955688
-0.459073502 -0.509323411 -0.727901904 0.999000999 0.9578955688
-0.470709941 -0.6057521 -0.641479965 0.999000999 0.9578955688
-0.434530759 -0.594094436 -0.67693044 0.999000999 0.9578955688
-0.43368423 -0.606135536 -0.666721607 0.999000999 0.9578955688
-0.472466914 -0.581815087 -0.662016782 0.999000999 0.9578955688
-0.435897916 -0.569525392 -0.696874332 0.999000999 0.9578955688
-0.435288281 -0.58185569 -0.686999322 0.999000999 0.9578955688
-0.397197198 -0.580782678 -0.710581358 0.999000999 0.9578955688
-0.35880972 -0.565896672 -0.742304884 0.999000999 0.9578955688
-0.358328333 -0.578539158 -0.732729997 0.999000999 0.9578955688
-0.523420123 -0.840155346 -0.142022424 0.999000999 0.9578955688
-0.547524085 -0.820754999 -0.163029467 0.999000999 0.9578955688
-0.567475582 -0.803855365 -0.178291941 0.999000999 0.9578955688
-0.4808662 -0.869770667 -0.110755064 0.999000999 0.9578955688
-0.506126952 -0.852285074 -0.132082023 0.999000999 0.9578955688
-0.527065612 -0.836904134 -0.14762558 0.999000999 0.9578955688
-0.570857128 -0.800208493 -0.183816504 0.999000999 0.9578955688
-0.593393919 -0.778542027 -0.204342772 0.999000999 0.9578955688
-0.612039713 -0.759851945 -0.219162981 0.999000999 0.9578955688
-0.104939493 -0.682225698 -0.723571558 0.999000999 0.9578955688
-0.111741284 -0.65344969 -0.748677092 0.999000999 0.9578955688
-0.090954686 -0.736728771 -0.670043255 0.999000999 0.9578955688
-0.097957129 -0.710044138 -0.69731035 0.999000999 0.9578955688
-0.132534165 -0.712866074 -0.688662948 0.999000999 0.9578955688
-0.159637879 -0.741424892 -0.651770571 0.999000999 0.9578955688
-0.166837567 -0.714776087 -0.679161521 0.999000999 0.9578955688
-0.082471869 -0.502006945 -0.860922422 0.999000999 0.9578955688
-0.067971896 -0.485048417 -0.871841645 0.999000999 0.9578955688
-0.06605062 -0.498303064 -0.864483298 0.999000999 0.9578955688
-0.0862961 -0.475430235 -0.875510751 0.999000999 0.9578955688
-0.071761101 -0.458194159 -0.885950595 0.999000999 0.9578955688
-0.069879866 -0.471672891 -0.879000278 0.999000999 0.9578955688
-0.053432544 -0.467782971 -0.88222676 0.999000999 0.9578955688
-0.038868063 -0.450229476 -0.892066529 0.999000999 0.9578955688
-0.036977261 -0.463755292 -0.885191342 0.999000999 0.9578955688
-0.613755767 -0.68897706 -0.385505473 0.999000999 0.9578955688
-0.624800163 -0.674251782 -0.393712193 0.999000999 0.9578955688
-0.598398174 -0.686428198 -0.413202074 0.999000999 0.9578955688
-0.664637018 -0.662550376 -0.345376075 0.999000999 0.9578955688
-0.675310667 -0.647377425 -0.353352477 0.999000999 0.9578955688
-0.650461056 -0.661219173 -0.373750746 0.999000999 0.9578955688
-0.635615186 -0.659222524 -0.401769833 0.999000999 0.9578955688
-0.646161468 -0.643954136 -0.409632064 0.999000999 0.9578955688
-0.620118157 -0.65659008 -0.429351765 0.999000999 0.9578955688
-0.355409097 -0.644536376 -0.676946994 0.999000999 0.9578955688
-0.39427115 -0.638695216 -0.660771277 0.999000999 0.9578955688
-0.355203615 -0.638282618 -0.682953652 0.999000999 0.9578955688
-0.43264258 -0.643863822 -0.631078265 0.999000999 0.9578955688
-0.469957397 -0.635627423 -0.612468631 0.999000999 0.9578955688
-0.432548477 -0.637816632 -0.637253293 0.999000999 0.9578955688
-0.432426766 -0.631698574 -0.643400345 0.999000999 0.9578955688
-0.469790966 -0.623586072 -0.624849469 0.999000999 0.9578955688
-0.432262311 -0.625558351 -0.649481366 0.999000999 0.9578955688
-0.55482039 -0.559822459 -0.615445489 0.999000999 0.9578955688
-0.527357704 -0.575775181 -0.624801403 0.999000999 0.9578955688
-0.55392977 -0.571812034 -0.605138668 0.999000999 0.9578955688
-0.500951114 -0.566986153 -0.653891951 0.999000999 0.9578955688
-0.500187183 -0.579104796 -0.643778236 0.999000999 0.9578955688
-0.499302988 -0.591101393 -0.633479021 0.999000999 0.9578955688
-0.498303106 -0.602922834 -0.623039381 0.999000999 0.9578955688
0.089725796 -0.430706408 -0.898020752 0.999000999 0.9578955688
0.080114537 -0.432225002 -0.898199983 0.999000999 0.9578955688
0.108926503 -0.42753164 -0.897413903 0.999000999 0.9578955688
0.099333623 -0.42913485 -0.897761723 0.999000999 0.9578955688
0.063083719 -0.41776808 -0.906361007 0.999000999 0.9578955688
0.036382392 -0.404437431 -0.913841718 0.999000999 0.9578955688
0.026738579 -0.405770674 -0.913583717 0.999000999 0.9578955688
-0.000587844 -0.558090366 -0.829779969 0.999000999 0.9578955688
0.015627964 -0.527822403 -0.849210973 0.999000999 0.9578955688
0.014802586 -0.553261919 -0.83287582 0.999000999 0.9578955688
0.00108205 -0.506932634 -0.861984996 0.999000999 0.9578955688
0.016433738 -0.501887921 -0.86477653 0.999000999 0.9578955688
0.031814144 -0.496720625 -0.867327205 0.999000999 0.9578955688
0.047158156 -0.491419318 -0.869645423 0.999000999 0.9578955688
-0.46750546 -0.714913078 -0.519940319 0.999000999 0.9578955688
-0.495562714 -0.708458413 -0.502498033 0.999000999 0.9578955688
-0.475153608 -0.738822777 -0.477880688 0.999000999 0.9578955688
-0.502834234 -0.731822599 -0.459992845 0.999000999 0.9578955688
-0.499341777 -0.720373225 -0.48137325 0.999000999 0.9578955688
-0.523074967 -0.701215291 -0.484447825 0.999000999 0.9578955688
-0.549964263 -0.693195477 -0.465853346 0.999000999 0.9578955688
-0.143203355 -0.955191183 -0.2590417 0.999000999 0.9578955688
-0.178784691 -0.960283501 -0.214223322 0.999000999 0.9578955688
-0.202238047 -0.94716062 -0.248970948 0.999000999 0.9578955688
-0.095805629 -0.977358704 -0.18865642 0.999000999 0.9578955688
-0.154945314 -0.971611637 -0.178781364 0.999000999 0.9578955688
-0.213735604 -0.962264417 -0.168416994 0.999000999 0.9578955688
-0.271576277 -0.949431946 -0.15756048 0.999000999 0.9578955688
-0.412055381 -0.910120129 -0.043493835 0.999000999 0.9578955688
-0.436360552 -0.896813222 -0.072907563 0.999000999 0.9578955688
-0.506327791 -0.844484066 -0.174581876 0.999000999 0.9578955688
-0.527315291 -0.825034324 -0.203118065 0.999000999 0.9578955688
-0.483673827 -0.864213579 -0.138544288 0.999000999 0.9578955688
-0.459963882 -0.88203731 -0.102193005 0.999000999 0.9578955688
-0.482796699 -0.865829028 -0.131329512 0.999000999 0.9578955688
0.04672208 -0.936848119 0.346601571 0.999000999 0.9578955688
-0.012532285 -0.935184478 0.353939168 0.999000999 0.9578955688
-0.010777817 -0.957324197 0.288815202 0.999000999 0.9578955688
0.042831016 -0.880659287 0.47181005 0.999000999 0.9578955688
-0.016910421 -0.877514064 0.479252652 0.999000999 0.9578955688
-0.014725575 -0.908414351 0.417811591 0.999000999 0.9578955688
-0.072242294 -0.929982042 0.360436475 0.999000999 0.9578955688
-0.131131535 -0.921463215 0.365663868 0.999000999 0.9578955688
-0.128691424 -0.945041821 0.300556938 0.999000999 0.9578955688
-0.494109697 -0.61615772 -0.613355747 0.999000999 0.9578955688
-0.522334471 -0.601060405 -0.604890974 0.999000999 0.9578955688
-0.541647817 -0.611801801 -0.576468732 0.999000999 0.9578955688
-0.568972613 -0.595668683 -0.566964713 0.999000999 0.9578955688
-0.54590407 -0.598647954 -0.586182031 0.999000999 0.9578955688
-0.550000389 -0.585301338 -0.595753234 0.999000999 0.9578955688
-0.577053459 -0.568925053 -0.585946745 0.999000999 0.9578955688
-0.367883183 -0.725197549 -0.582022748 0.999000999 0.9578955688
-0.363749971 -0.704638629 -0.609237524 0.999000999 0.9578955688
-0.431998997 -0.710839962 -0.555052624 0.999000999 0.9578955688
-0.428266808 -0.690673192 -0.582716126 0.999000999 0.9578955688
-0.39629583 -0.698082118 -0.596348029 0.999000999 0.9578955688
-0.359272836 -0.683159437 -0.635780004 0.999000999 0.9578955688
-0.354359441 -0.660931321 -0.661512793 0.999000999 0.9578955688
0.008349153 -0.456492147 -0.889688266 0.999000999 0.9578955688
-0.027575564 -0.467589842 -0.883515324 0.999000999 0.9578955688
0.044288927 -0.444688566 -0.89458961 0.999000999 0.9578955688
0.017540169 -0.4312904 -0.902042645 0.999000999 0.9578955688
-0.009202512 -0.417540455 -0.908611733 0.999000999 0.9578955688
0.087236833 -0.537917956 -0.838471232 0.999000999 0.9578955688
0.094309196 -0.508199552 -0.856060156 0.999000999 0.9578955688
0.10404734 -0.481896179 -0.870028864 0.999000999 0.9578955688
0.102658637 -0.479874961 -0.871310063 0.999000999 0.9578955688
0.10126468 -0.477849498 -0.872585424 0.999000999 0.9578955688
-0.316863743 -0.623398536 -0.714822799 0.999000999 0.9578955688
-0.281868625 -0.599096777 -0.749421864 0.999000999 0.9578955688
-0.318599315 -0.583113146 -0.747310869 0.999000999 0.9578955688
-0.282595713 -0.578457502 -0.765197086 0.999000999 0.9578955688
-0.246051934 -0.57292573 -0.781802119 0.999000999 0.9578955688
-0.510743493 -0.55239765 -0.658785185 0.999000999 0.9578955688
-0.564405251 -0.544961317 -0.62005151 0.999000999 0.9578955688
-0.537879442 -0.548985987 -0.639765654 0.999000999 0.9578955688
-0.520388908 -0.537598298 -0.663463227 0.999000999 0.9578955688
-0.529851844 -0.522651327 -0.66790165 0.999000999 0.9578955688
-0.489302441 -0.781320605 -0.387454815 0.999000999 0.9578955688
-0.495327954 -0.767669762 -0.406612044 0.999000999 0.9578955688
-0.461163179 -0.792224443 -0.399636027 0.999000999 0.9578955688
-0.555538947 -0.729070368 -0.399791042 0.999000999 0.9578955688
-0.560876511 -0.714373207 -0.418435731 0.999000999 0.9578955688
-0.528598858 -0.741690468 -0.412890417 0.999000999 0.9578955688
-0.501068411 -0.753537904 -0.425571469 0.999000999 0.9578955688
-0.506537563 -0.738978132 -0.44421956 0.999000999 0.9578955688
-0.473032708 -0.764605506 -0.437742478 0.999000999 0.9578955688
-0.264838228 -0.892705065 -0.364607157 0.999000999 0.9578955688
-0.283616617 -0.870523843 -0.402181369 0.999000999 0.9578955688
-0.225735436 -0.931061377 -0.286650006 0.999000999 0.9578955688
-0.24544727 -0.912984246 -0.325907048 0.999000999 0.9578955688
-0.303840703 -0.898180796 -0.317729577 0.999000999 0.9578955688
-0.341490511 -0.900331782 -0.269790498 0.999000999 0.9578955688
-0.360897254 -0.880100385 -0.308506862 0.999000999 0.9578955688
-0.107313923 -0.961021717 0.254795961 0.999000999 0.9578955688
-0.063233891 -0.984896611 0.16118356 0.999000999 0.9578955688
-0.085413119 -0.974365536 0.208125927 0.999000999 0.9578955688
-0.048039361 -0.967333239 0.248914896 0.999000999 0.9578955688
0.011145687 -0.970205516 0.24202692 0.999000999 0.9578955688
-0.564974189 -0.803977307 -0.185538826 0.999000999 0.9578955688
-0.596204738 -0.783452826 -0.175332768 0.999000999 0.9578955688
-0.579642356 -0.782203944 -0.228411315 0.999000999 0.9578955688
-0.593923516 -0.800702195 -0.078299756 0.999000999 0.9578955688
-0.624041729 -0.778455594 -0.067666904 0.999000999 0.9578955688
-0.611059906 -0.782185866 -0.121618515 0.999000999 0.9578955688
-0.626677702 -0.761659871 -0.164770442 0.999000999 0.9578955688
-0.656051728 -0.738854863 -0.153914336 0.999000999 0.9578955688
-0.640562401 -0.739350769 -0.207461442 0.999000999 0.9578955688
-0.444271868 -0.748141796 -0.492855313 0.999000999 0.9578955688
-0.404934416 -0.762492694 -0.504611743 0.999000999 0.9578955688
-0.44000489 -0.765786774 -0.469005664 0.999000999 0.9578955688
-0.372460629 -0.738575809 -0.561942038 0.999000999 0.9578955688
-0.331689895 -0.750276688 -0.571897459 0.999000999 0.9578955688
-0.368776999 -0.75730267 -0.538976986 0.999000999 0.9578955688
-0.364759823 -0.775418157 -0.515438602 0.999000999 0.9578955688
-0.323969842 -0.786793618 -0.525356396 0.999000999 0.9578955688
-0.360491908 -0.792758946 -0.491506702 0.999000999 0.9578955688
-0.60551978 -0.618236404 -0.501128272 0.999000999 0.9578955688
-0.609453564 -0.628949378 -0.482689376 0.999000999 0.9578955688
-0.619903835 -0.61022278 -0.493302537 0.999000999 0.9578955688
-0.584021046 -0.655049127 -0.479405944 0.999000999 0.9578955688
-0.587523153 -0.665319172 -0.460615831 0.999000999 0.9578955688
-0.59865339 -0.64732455 -0.471789196 0.999000999 0.9578955688
-0.613099795 -0.639375264 -0.464012837 0.999000999 0.9578955688
-0.616445836 -0.649501574 -0.445131707 0.999000999 0.9578955688
-0.627330887 -0.631214926 -0.456096125 0.999000999 0.9578955688
0.062179042 -0.431079784 -0.900168866 0.999000999 0.9578955688
0.065090219 -0.439018564 -0.89611716 0.999000999 0.9578955688
0.08329449 -0.437695102 -0.89525696 0.999000999 0.9578955688
0.086197265 -0.445576044 -0.891084744 0.999000999 0.9578955688
0.075649334 -0.442325475 -0.893658409 0.999000999 0.9578955688
0.067996474 -0.446919855 -0.891986055 0.999000999 0.9578955688
0.070897418 -0.454780266 -0.887777261 0.999000999 0.9578955688
-0.020412329 -0.542916279 -0.839538713 0.999000999 0.9578955688
-0.019594262 -0.517290453 -0.855585561 0.999000999 0.9578955688
-0.021196677 -0.56806645 -0.822709675 0.999000999 0.9578955688
-0.041845543 -0.577693599 -0.815180383 0.999000999 0.9578955688
-0.062433189 -0.586990309 -0.807183049 0.999000999 0.9578955688
-0.391371243 -0.551898331 -0.736367288 0.999000999 0.9578955688
-0.29787564 -0.51044036 -0.806672636 0.999000999 0.9578955688
-0.345300511 -0.532162766 -0.773026744 0.999000999 0.9578955688
-0.35212488 -0.549226039 -0.757864649 0.999000999 0.9578955688
-0.312231269 -0.545369243 -0.77787147 0.999000999 0.9578955688
0.108700037 -0.806413891 -0.581275269 0.999000999 0.9578955688
0.092726708 -0.802182993 -0.589834047 0.999000999 0.9578955688
0.107815477 -0.816795629 -0.566763375 0.999000999 0.9578955688
0.078333363 -0.775660168 -0.626270859 0.999000999 0.9578955688
0.077537198 -0.78678982 -0.612331415 0.999000999 0.9578955688
0.076710789 -0.797674653 -0.598189437 0.999000999 0.9578955688
0.075875908 -0.808298668 -0.583863092 0.999000999 0.9578955688
-0.413259867 -0.871306941 0.264651652 0.999000999 0.9578955688
-0.35347586 -0.863127004 0.360647462 0.999000999 0.9578955688
-0.51395114 -0.855616066 0.061444061 0.999000999 0.9578955688
-0.466765584 -0.86910331 0.163674453 0.999000999 0.9578955688
-0.358028414 -0.900650127 0.246262063 0.999000999 0.9578955688
-0.302602958 -0.925545467 0.227589627 0.999000999 0.9578955688
-0.243582334 -0.913891871 0.324760364 0.999000999 0.9578955688
-0.074373624 -0.861228775 0.50274602 0.999000999 0.9578955688
-0.131541877 -0.885093784 0.4464367 0.999000999 0.9578955688
-0.299473983 -0.854311605 0.424814095 0.999000999 0.9578955688
-0.244561817 -0.880223527 0.406689145 0.999000999 0.9578955688
-0.188052358 -0.90294144 0.386436368 0.999000999 0.9578955688
-0.083379395 -0.91159807 -0.402537992 0.999000999 0.9578955688
-0.117954377 -0.936519788 -0.330177908 0.999000999 0.9578955688
-0.012128345 -0.842754019 -0.538162213 0.999000999 0.9578955688
-0.048013311 -0.880222722 -0.472125705 0.999000999 0.9578955688
-0.033697839 -0.899207747 -0.436222287 0.999000999 0.9578955688
0.015725801 -0.883361514 -0.468428366 0.999000999 0.9578955688
-0.019704294 -0.916446686 -0.399671381 0.999000999 0.9578955688
-0.282523922 -0.809526422 -0.514633079 0.999000999 0.9578955688
-0.263572243 -0.824191455 -0.501236589 0.999000999 0.9578955688
-0.300913083 -0.819161946 -0.488287849 0.999000999 0.9578955688
-0.206935683 -0.816700259 -0.538682012 0.999000999 0.9578955688
-0.187631677 -0.830386675 -0.524644951 0.999000999 0.9578955688
-0.225764426 -0.827940725 -0.513365932 0.999000999 0.9578955688
-0.244373313 -0.838263329 -0.487438484 0.999000999 0.9578955688
-0.225005018 -0.851663125 -0.473331452 0.999000999 0.9578955688
-0.262722822 -0.847605324 -0.461022703 0.999000999 0.9578955688
-0.279833863 -0.959499051 -0.032474309 0.999000999 0.9578955688
-0.421465056 -0.901398318 -0.099238499 0.999000999 0.9578955688
-0.351939396 -0.933691074 -0.06602757 0.999000999 0.9578955688
-0.312478797 -0.947335293 -0.070091681 0.999000999 0.9578955688
-0.344418514 -0.932668286 -0.107264882 0.999000999 0.9578955688
-0.536148514 -0.841485887 -0.06668038 0.999000999 0.9578955688
-0.548155638 -0.836282755 -0.012511997 0.999000999 0.9578955688
-0.521998452 -0.844305477 -0.121102761 0.999000999 0.9578955688
-0.475140792 -0.878178071 -0.055177016 0.999000999 0.9578955688
-0.425022048 -0.905115374 0.011064254 0.999000999 0.9578955688
-0.404658039 -0.731602231 -0.548643826 0.999000999 0.9578955688
-0.440453244 -0.736154164 -0.513885187 0.999000999 0.9578955688
-0.436379781 -0.723687024 -0.534649211 0.999000999 0.9578955688
-0.553781658 -0.700464096 -0.450195431 0.999000999 0.9578955688
-0.576639536 -0.680227683 -0.452523086 0.999000999 0.9578955688
-0.530400622 -0.72006415 -0.447417925 0.999000999 0.9578955688
-0.557421933 -0.707534032 -0.434368947 0.999000999 0.9578955688
-0.583842972 -0.694246962 -0.420890176 0.999000999 0.9578955688
-0.431437432 -0.659773694 -0.615272635 0.999000999 0.9578955688
-0.393276038 -0.661025773 -0.639045292 0.999000999 0.9578955688
-0.429946086 -0.675426314 -0.599120737 0.999000999 0.9578955688
-0.193185562 -0.668605387 -0.718085075 0.999000999 0.9578955688
-0.229701893 -0.693013867 -0.68335117 0.999000999 0.9578955688
-0.193770707 -0.718671822 -0.667805156 0.999000999 0.9578955688
-0.229581353 -0.741075116 -0.630951721 0.999000999 0.9578955688
-0.229732928 -0.71754006 -0.657540146 0.999000999 0.9578955688
-0.265480706 -0.715317459 -0.646406163 0.999000999 0.9578955688
-0.300336504 -0.735393746 -0.607448782 0.999000999 0.9578955688
-0.149436213 -0.532338441 -0.833237423 0.999000999 0.9578955688
-0.154872755 -0.559794568 -0.814029773 0.999000999 0.9578955688
-0.103566525 -0.521176951 -0.847141405 0.999000999 0.9578955688
-0.131964347 -0.55463162 -0.821565078 0.999000999 0.9578955688
-0.160070024 -0.586644676 -0.793867503 0.999000999 0.9578955688
0.047784083 -0.686353568 -0.725696535 0.999000999 0.9578955688
0.051710401 -0.637320735 -0.768861701 0.999000999 0.9578955688
0.028007653 -0.656221334 -0.754048495 0.999000999 0.9578955688
-0.39544884 -0.613021987 -0.683976797 0.999000999 0.9578955688
-0.357513634 -0.598840442 -0.716640863 0.999000999 0.9578955688
-0.3564457 -0.618812096 -0.700012895 0.999000999 0.9578955688
0.095432171 -0.451700845 -0.887050758 0.999000999 0.9578955688
0.083170974 -0.453275446 -0.887481808 0.999000999 0.9578955688
0.090816236 -0.448645692 -0.889083491 0.999000999 0.9578955688
0.067996906 -0.870896018 -0.486740738 0.999000999 0.9578955688
0.070709496 -0.851294057 -0.519902487 0.999000999 0.9578955688
0.052006622 -0.867021792 -0.495548709 0.999000999 0.9578955688
0.105271543 -0.838383302 -0.53481898 0.999000999 0.9578955688
0.089340367 -0.83454091 -0.543654089 0.999000999 0.9578955688
0.073328782 -0.830410417 -0.552305558 0.999000999 0.9578955688
0.05732901 -0.826002351 -0.560743703 0.999000999 0.9578955688
-0.166618543 -0.689892159 -0.704476451 0.999000999 0.9578955688
-0.166209961 -0.664097217 -0.72893699 0.999000999 0.9578955688
-0.139001802 -0.659063058 -0.73913083 0.999000999 0.9578955688
0.030101204 -0.713007717 -0.700509753 0.999000999 0.9578955688
-2.4828e-05 -0.706283501 -0.707929103 0.999000999 0.9578955688
0.026729646 -0.669653468 -0.742192535 0.999000999 0.9578955688
-0.213473278 -0.798769122 -0.562491821 0.999000999 0.9578955688
-0.175138696 -0.800449043 -0.573243201 0.999000999 0.9578955688
-0.289171768 -0.791484476 -0.538453352 0.999000999 0.9578955688
-0.251557718 -0.795756903 -0.550898961 0.999000999 0.9578955688
-0.219900871 -0.780030234 -0.585829703 0.999000999 0.9578955688
-0.226105057 -0.760623201 -0.608546506 0.999000999 0.9578955688
-0.187683739 -0.762439946 -0.619241587 0.999000999 0.9578955688
-0.261005849 -0.93465792 -0.241434295 0.999000999 0.9578955688
-0.295608635 -0.935135832 -0.195285718 0.999000999 0.9578955688
-0.319010928 -0.918694888 -0.232877074 0.999000999 0.9578955688
-0.128708607 -0.991663586 0.006117684 0.999000999 0.9578955688
-0.085873873 -0.996035384 0.023220499 0.999000999 0.9578955688
-0.12891988 -0.990082711 0.055820156 0.999000999 0.9578955688
-0.04204957 -0.997374361 -0.058959449 0.999000999 0.9578955688
0.001203005 -0.999121077 -0.041900192 0.999000999 0.9578955688
-0.042361664 -0.999057684 -0.009446349 0.999000999 0.9578955688
-0.042641956 -0.998278301 0.040275268 0.999000999 0.9578955688
0.000541343 -0.99837079 0.057056752 0.999000999 0.9578955688
-0.042957309 -0.995041014 0.089710921 0.999000999 0.9578955688
-0.62912161 -0.724304757 -0.282114548 0.999000999 0.9578955688
-0.633367291 -0.729782398 -0.257417028 0.999000999 0.9578955688
-0.658727542 -0.701789371 -0.271237358 0.999000999 0.9578955688
-0.575891221 -0.77727068 -0.253376384 0.999000999 0.9578955688
-0.606977194 -0.756621198 -0.243111187 0.999000999 0.9578955688
-0.637191055 -0.734806195 -0.232481001 0.999000999 0.9578955688
-0.666417154 -0.711894699 -0.221571918 0.999000999 0.9578955688
-0.571796129 -0.794607043 -0.20408046 0.999000999 0.9578955688
-0.612403569 -0.753482516 -0.239219496 0.999000999 0.9578955688
-0.528508755 -0.832125558 -0.168064131 0.999000999 0.9578955688
-0.549719915 -0.810125549 -0.203726804 0.999000999 0.9578955688
-0.569790358 -0.786318987 -0.238833414 0.999000999 0.9578955688
-0.502525339 -0.791077741 -0.348804088 0.999000999 0.9578955688
-0.536164818 -0.76565304 -0.355390927 0.999000999 0.9578955688
-0.592552424 -0.754389597 -0.282449927 0.999000999 0.9578955688
-0.624330551 -0.726190654 -0.287851519 0.999000999 0.9578955688
-0.58128121 -0.747233326 -0.32210947 0.999000999 0.9578955688
-0.568942042 -0.738738019 -0.361346222 0.999000999 0.9578955688
-0.600615066 -0.710598847 -0.366484408 0.999000999 0.9578955688
-0.386365746 -0.918557988 0.083502896 0.999000999 0.9578955688
-0.345722203 -0.925206515 0.156425901 0.999000999 0.9578955688
-0.451633954 -0.889223576 0.072857418 0.999000999 0.9578955688
-0.676986475 -0.724681127 -0.128555733 0.999000999 0.9578955688
-0.685629214 -0.722066193 -0.092374204 0.999000999 0.9578955688
-0.706998759 -0.695752146 -0.126813666 0.999000999 0.9578955688
-0.630930321 -0.773579645 -0.05917315 0.999000999 0.9578955688
-0.662659838 -0.746702658 -0.057594098 0.999000999 0.9578955688
-0.69331985 -0.718455559 -0.055939214 0.999000999 0.9578955688
-0.722696933 -0.689029716 -0.054288063 0.999000999 0.9578955688
-0.261667231 -0.758219954 -0.597187375 0.999000999 0.9578955688
-0.29317159 -0.773486541 -0.56193326 0.999000999 0.9578955688
-0.296926343 -0.754745153 -0.584973932 0.999000999 0.9578955688
-0.337364798 -0.858406159 -0.386424455 0.999000999 0.9578955688
-0.297837333 -0.851134231 -0.432277045 0.999000999 0.9578955688
-0.412829254 -0.863193845 -0.290634468 0.999000999 0.9578955688
-0.375776386 -0.862459122 -0.339052164 0.999000999 0.9578955688
-0.390143602 -0.843441682 -0.369315718 0.999000999 0.9578955688
-0.441460709 -0.82583924 -0.350858935 0.999000999 0.9578955688
-0.403758711 -0.823320071 -0.398902199 0.999000999 0.9578955688
-0.024931533 -0.993631337 0.109887143 0.999000999 0.9578955688
-0.068067886 -0.993325948 0.093114576 0.999000999 0.9578955688
-0.075146409 -0.990323234 0.116674376 0.999000999 0.9578955688
-0.11816807 -0.987972673 0.099731163 0.999000999 0.9578955688
-0.093157548 -0.990965973 0.096478552 0.999000999 0.9578955688
-0.111081414 -0.990888557 0.076162901 0.999000999 0.9578955688
-0.153852962 -0.986326114 0.059076761 0.999000999 0.9578955688
-0.053413525 -0.983418993 -0.173303434 0.999000999 0.9578955688
-0.035102261 -0.986813123 -0.158011681 0.999000999 0.9578955688
-0.053509006 -0.98904201 -0.137596109 0.999000999 0.9578955688
-0.016518041 -0.976753302 -0.213729131 0.999000999 0.9578955688
0.001852605 -0.980110748 -0.19844266 0.999000999 0.9578955688
-0.016620754 -0.983834507 -0.178307078 0.999000999 0.9578955688
-0.016722546 -0.989635068 -0.14262815 0.999000999 0.9578955688
0.0016396 -0.991877546 -0.127185869 0.999000999 0.9578955688
-0.016829769 -0.994139455 -0.106787188 0.999000999 0.9578955688
-0.018721762 -0.489662251 -0.871711177 0.999000999 0.9578955688
-0.024805207 -0.481091002 -0.876319661 0.999000999 0.9578955688
-0.00416517 -0.472088736 -0.881541194 0.999000999 0.9578955688
-0.059956048 -0.506904085 -0.859914834 0.999000999 0.9578955688
-0.045442624 -0.489829274 -0.870633247 0.999000999 0.9578955688
-0.030896019 -0.472449444 -0.880816076 0.999000999 0.9578955688
-0.016324852 -0.454787711 -0.890450244 0.999000999 0.9578955688
-0.107465265 -0.494892021 -0.862283657 0.999000999 0.9578955688
-0.105519638 -0.508101065 -0.854809285 0.999000999 0.9578955688
-0.128520658 -0.51387296 -0.848184545 0.999000999 0.9578955688
-0.647832791 -0.754860765 -0.10245926 0.999000999 0.9578955688
-0.690801054 -0.702461607 -0.171293886 0.999000999 0.9578955688
-0.670118662 -0.729497045 -0.137022043 0.999000999 0.9578955688
-0.663115697 -0.734239735 -0.145497715 0.999000999 0.9578955688
-0.676767463 -0.711752703 -0.188132642 0.999000999 0.9578955688
-0.570545758 -0.630484262 -0.52627667 0.999000999 0.9578955688
-0.534373226 -0.641534362 -0.550344362 0.999000999 0.9578955688
-0.559724547 -0.648947838 -0.515339825 0.999000999 0.9578955688
-0.494195509 -0.622186976 -0.607168976 0.999000999 0.9578955688
-0.494243108 -0.628179526 -0.60092781 0.999000999 0.9578955688
-0.518148939 -0.62023133 -0.588926799 0.999000999 0.9578955688
-0.64925681 -0.706445329 -0.281781105 0.999000999 0.9578955688
-0.623756528 -0.734270716 -0.267907278 0.999000999 0.9578955688
-0.6386655 -0.726547158 -0.253447443 0.999000999 0.9578955688
-0.618189097 -0.743998626 -0.253590782 0.999000999 0.9578955688
-0.597251083 -0.760913015 -0.25357943 0.999000999 0.9578955688
-0.443859208 -0.888665609 -0.115162662 0.999000999 0.9578955688
-0.465824084 -0.875113998 -0.131085523 0.999000999 0.9578955688
-0.406055023 -0.906005194 -0.119473458 0.999000999 0.9578955688
0.100452876 -0.843291612 -0.527985301 0.999000999 0.9578955688
0.063040168 -0.844282919 -0.532176936 0.999000999 0.9578955688
0.086420822 -0.822243989 -0.562535567 0.999000999 0.9578955688
0.053352178 -0.883654603 -0.465089332 0.999000999 0.9578955688
0.039417091 -0.864696839 -0.500745114 0.999000999 0.9578955688
0.025418718 -0.844101457 -0.535580637 0.999000999 0.9578955688
0.011484271 -0.821996927 -0.569376117 0.999000999 0.9578955688
-0.140987151 -0.799691463 -0.583623326 0.999000999 0.9578955688
-0.10537327 -0.800794687 -0.589596763 0.999000999 0.9578955688
-0.133186957 -0.820396392 -0.556067436 0.999000999 0.9578955688
-0.084822699 -0.756958168 -0.647934751 0.999000999 0.9578955688
-0.077232037 -0.779358742 -0.621799939 0.999000999 0.9578955688
-0.069534704 -0.800845946 -0.594819885 0.999000999 0.9578955688
-0.061848443 -0.82128741 -0.567152325 0.999000999 0.9578955688
0.008929989 -0.958576619 -0.284694785 0.999000999 0.9578955688
0.020836178 -0.939216027 -0.3426939 0.999000999 0.9578955688
0.013900395 -0.95611535 -0.292660583 0.999000999 0.9578955688
0.02278315 -0.923007407 -0.384107087 0.999000999 0.9578955688
0.034529035 -0.89747892 -0.439703688 0.999000999 0.9578955688
0.027709438 -0.919651425 -0.391756869 0.999000999 0.9578955688
0.032658104 -0.916210119 -0.399365078 0.999000999 0.9578955688
0.044331765 -0.889648325 -0.454489332 0.999000999 0.9578955688
0.037582122 -0.912682095 -0.406938542 0.999000999 0.9578955688
0.072790729 -0.547454984 -0.833663331 0.999000999 0.9578955688
0.088491045 -0.515099433 -0.852550238 0.999000999 0.9578955688
0.080024009 -0.542710544 -0.836098932 0.999000999 0.9578955688
0.027603756 -0.553425649 -0.832441039 0.999000999 0.9578955688
0.043825598 -0.52280302 -0.851326212 0.999000999 0.9578955688
0.040434342 -0.5535005 -0.831866733 0.999000999 0.9578955688
-0.104202351 -0.899264351 0.424812309 0.999000999 0.9578955688
-0.094222444 -0.887536126 0.451000839 0.999000999 0.9578955688
0.010415403 -0.889255425 0.457292367 0.999000999 0.9578955688
-0.308698264 -0.864346556 0.397001779 0.999000999 0.9578955688
-0.198021748 -0.87571586 0.440351132 0.999000999 0.9578955688
-0.084351611 -0.874641199 0.47737572 0.999000999 0.9578955688
0.030548355 -0.86138453 0.507034012 0.999000999 0.9578955688
-0.119260533 -0.759734591 -0.639202845 0.999000999 0.9578955688
-0.147358525 -0.781007896 -0.606887248 0.999000999 0.9578955688
-0.153611214 -0.761547074 -0.629642477 0.999000999 0.9578955688
-0.116744942 -0.834834472 -0.537979574 0.999000999 0.9578955688
-0.171217572 -0.844976981 -0.506654167 0.999000999 0.9578955688
-0.152316163 -0.833124242 -0.531698959 0.999000999 0.9578955688
0.012306895 -0.988500266 0.150717498 0.999000999 0.9578955688
-0.012857712 -0.987946804 0.154258846 0.999000999 0.9578955688
0.036399335 -0.970505404 0.238315649 0.999000999 0.9578955688
-0.000852735 -0.980123802 0.198384992 0.999000999 0.9578955688
-0.038110635 -0.986737617 0.157786105 0.999000999 0.9578955688
-0.202073086 -0.977808011 0.055298843 0.999000999 0.9578955688
-0.18447561 -0.979905193 0.075858837 0.999000999 0.9578955688
-0.249848917 -0.966913621 0.051512803 0.999000999 0.9578955688
-0.676056339 -0.671315732 -0.303781195 0.999000999 0.9578955688
-0.667303391 -0.683211146 -0.296527763 0.999000999 0.9578955688
-0.680485971 -0.660365825 -0.317578054 0.999000999 0.9578955688
-0.648130982 -0.715405252 -0.261001064 0.999000999 0.9578955688
-0.65335757 -0.705280448 -0.275142462 0.999000999 0.9578955688
-0.658366471 -0.694923622 -0.289196732 0.999000999 0.9578955688
-0.663163734 -0.684334971 -0.303149319 0.999000999 0.9578955688
-0.475155936 -0.831033064 -0.289155466 0.999000999 0.9578955688
-0.535240167 -0.79464355 -0.286460455 0.999000999 0.9578955688
-0.489180791 -0.811607838 -0.319366359 0.999000999 0.9578955688
-0.354629743 -0.806841595 -0.472487445 0.999000999 0.9578955688
-0.39485658 -0.794244579 -0.461804969 0.999000999 0.9578955688
-0.42227137 -0.8075064 -0.411849857 0.999000999 0.9578955688
-0.428449515 -0.794078209 -0.431127372 0.999000999 0.9578955688
-0.434380533 -0.78013399 -0.450227176 0.999000999 0.9578955688
-0.002735823 -0.948882051 -0.315619025 0.999000999 0.9578955688
0.004149429 -0.930887393 -0.36528269 0.999000999 0.9578955688
-0.009578793 -0.964192649 -0.265029775 0.999000999 0.9578955688
-0.028203912 -0.969061229 -0.24520374 0.999000999 0.9578955688
-0.046718415 -0.97319646 -0.225180019 0.999000999 0.9578955688
-0.652850829 -0.75722524 0.01989299 0.999000999 0.9578955688
-0.651153478 -0.755242418 0.07488684 0.999000999 0.9578955688
-0.707104951 -0.707104968 -0.002269887 0.999000999 0.9578955688
-0.525042368 -0.833426115 0.17242802 0.999000999 0.9578955688
-0.587866498 -0.794591209 0.151782052 0.999000999 0.9578955688
-0.647572728 -0.750789652 0.130247687 0.999000999 0.9578955688
-0.703020714 -0.703020765 0.1073484 0.999000999 0.9578955688
-0.045197339 -0.942482098 -0.331186798 0.999000999 0.9578955688
-0.070616642 -0.962865673 -0.260582012 0.999000999 0.9578955688
-0.094574246 -0.950579095 -0.29572808 0.999000999 0.9578955688
0.056089524 -0.791955844 -0.607996634 0.999000999 0.9578955688
0.071313855 -0.80750557 -0.585533165 0.999000999 0.9578955688
0.033778705 -0.807428481 -0.588997663 0.999000999 0.9578955688
0.0582396 -0.879484347 -0.472350963 0.999000999 0.9578955688
0.08183557 -0.859772924 -0.504076837 0.999000999 0.9578955688
0.063120625 -0.875231174 -0.479568742 0.999000999 0.9578955688
-0.335939842 -0.822203359 -0.459484559 0.999000999 0.9578955688
-0.316977241 -0.837016269 -0.446014791 0.999000999 0.9578955688
-0.370253531 -0.823617613 -0.429611859 0.999000999 0.9578955688
-0.26015762 -0.48787201 -0.833246011 0.999000999 0.9578955688
-0.267714929 -0.50602733 -0.819917714 0.999000999 0.9578955688
-0.198757267 -0.476927407 -0.856175097 0.999000999 0.9578955688
-0.237218327 -0.501102542 -0.832240174 0.999000999 0.9578955688
-0.275080986 -0.52394428 -0.806109696 0.999000999 0.9578955688
-0.441246369 -0.852811877 0.279309047 0.999000999 0.9578955688
-0.333342536 -0.882146256 0.332717202 0.999000999 0.9578955688
-0.344965434 -0.889303244 0.300230895 0.999000999 0.9578955688
-0.41854574 -0.840324264 0.344491791 0.999000999 0.9578955688
-0.321348235 -0.873604216 0.365446284 0.999000999 0.9578955688
-0.220359877 -0.897647553 0.381667913 0.999000999 0.9578955688
-0.117157994 -0.91172136 0.393748862 0.999000999 0.9578955688
-0.117062366 -0.925677182 0.359747352 0.999000999 0.9578955688
8.2663e-05 -0.923963709 0.38248014 0.999000999 0.9578955688
-0.232709701 -0.913994903 0.332354498 0.999000999 0.9578955688
-0.117176787 -0.918752065 0.37704674 0.999000999 0.9578955688
0.00024765 -0.909601618 0.41548145 0.999000999 0.9578955688
-0.512372529 -0.821437711 0.25042859 0.999000999 0.9578955688
-0.530816158 -0.827606035 0.182489609 0.999000999 0.9578955688
-0.521733177 -0.825213296 0.216373539 0.999000999 0.9578955688
-0.596742903 -0.788010709 0.151449763 0.999000999 0.9578955688
-0.670224938 -0.740491228 0.0497119 0.999000999 0.9578955688
-0.530237926 -0.821562103 -0.209483778 0.999000999 0.9578955688
-0.681322778 -0.681329004 -0.267563189 0.999000999 0.9578955688
2.5572e-05 -0.993751729 -0.11161317 0.999000999 0.9578955688
-0.213184064 -0.964334095 -0.156883102 0.999000999 0.9578955688
-0.28322563 -0.717594727 -0.636271208 0.999000999 0.9578955688
5.4167e-05 -0.467351476 -0.8840716 0.999000999 0.9578955688
-0.29686533 -0.296879496 -0.907597676 0.999000999 0.9578955688
-0.06043093 -0.995391835 -0.074452648 0.999000999 0.9578955688
-0.103975927 -0.993694209 -0.041962199 0.999000999 0.9578955688
-0.078899186 -0.992814673 -0.089966346 0.999000999 0.9578955688
-0.598159337 -0.794236522 0.106741531 0.999000999 0.9578955688
-0.71189572 -0.700687465 -0.047345116 0.999000999 0.9578955688
-0.658712096 -0.751806439 0.029756575 0.999000999 0.9578955688
-0.66459942 -0.746137057 0.039838454 0.999000999 0.9578955688
-0.723444155 -0.689826528 -0.027711296 0.999000999 0.9578955688
0.030271002 -0.443947744 -0.895541215 0.999000999 0.9578955688
0.042683878 -0.430525511 -0.901568561 0.999000999 0.9578955688
0.005411178 -0.470291107 -0.882494756 0.999000999 0.9578955688
0.017844675 -0.457204894 -0.889182351 0.999000999 0.9578955688
0.021334436 -0.446677197 -0.894440788 0.999000999 0.9578955688
0.012398773 -0.449369201 -0.893260092 0.999000999 0.9578955688
0.024823774 -0.436084295 -0.899563376 0.999000999 0.9578955688
-0.633435621 -0.735208858 -0.24130323 0.999000999 0.9578955688
-0.612468725 -0.758877095 -0.221331461 0.999000999 0.9578955688
-0.634189746 -0.733133117 -0.245599671 0.999000999 0.9578955688
-0.612891937 -0.757898693 -0.223501778 0.999000999 0.9578955688
-0.590642964 -0.781484792 -0.201053249 0.999000999 0.9578955688
-0.605827772 -0.664686311 -0.437223991 0.999000999 0.9578955688
-0.591328177 -0.672568599 -0.444952207 0.999000999 0.9578955688
-0.594955598 -0.679607842 -0.429139857 0.999000999 0.9578955688
-0.67629141 -0.67012821 -0.305872705 0.999000999 0.9578955688
-0.662755976 -0.692618485 -0.28466498 0.999000999 0.9578955688
-0.649122544 -0.712137814 -0.267394197 0.999000999 0.9578955688
-0.648795295 -0.713231383 -0.265265264 0.999000999 0.9578955688
-0.648465681 -0.714320102 -0.263133145 0.999000999 0.9578955688
0.002824738 -0.451217679 -0.89240945 0.999000999 0.9578955688
0.006317048 -0.44067965 -0.897642212 0.999000999 0.9578955688
-0.000670052 -0.461688881 -0.887041672 0.999000999 0.9578955688
-0.006751622 -0.453024068 -0.891472719 0.999000999 0.9578955688
-0.012829821 -0.444300268 -0.895786061 0.999000999 0.9578955688
-0.060876558 -0.534145748 -0.843197702 0.999000999 0.9578955688
-0.040225362 -0.525859855 -0.849619523 0.999000999 0.9578955688
-0.061679592 -0.560866319 -0.825605596 0.999000999 0.9578955688
-0.651883888 -0.684427373 -0.326506612 0.999000999 0.9578955688
-0.626611873 -0.697949736 -0.346732933 0.999000999 0.9578955688
-0.638415338 -0.705684088 -0.307304125 0.999000999 0.9578955688
-0.502322398 -0.089034271 -0.86008436 0.999000999 0.9578955688
-0.525437099 -0.057438083 -0.848891466 0.999000999 0.9578955688
-0.542863815 -0.098650549 -0.834006563 0.999000999 0.9578955688
-0.464908853 -0.006330276 -0.885335917 0.999000999 0.9578955688
-0.487274634 0.025528956 -0.872875537 0.999000999 0.9578955688
-0.506872877 -0.015926988 -0.861873667 0.999000999 0.9578955688
-0.547711864 -0.025575778 -0.836276027 0.999000999 0.9578955688
-0.568951054 0.006248564 -0.822347647 0.999000999 0.9578955688
-0.587106807 -0.035243168 -0.808741934 0.999000999 0.9578955688
-0.645296503 -0.207872404 -0.735106446 0.999000999 0.9578955688
-0.613940732 -0.178948238 -0.768800563 0.999000999 0.9578955688
-0.619362596 -0.205717584 -0.757674237 0.999000999 0.9578955688
-0.634437591 -0.154391181 -0.75739838 0.999000999 0.9578955688
-0.601467653 -0.124924141 -0.789069465 0.999000999 0.9578955688
-0.607994399 -0.151961428 -0.779262815 0.999000999 0.9578955688
-0.580780193 -0.149433509 -0.800227464 0.999000999 0.9578955688
-0.545944492 -0.119457092 -0.829261488 0.999000999 0.9578955688
-0.552919921 -0.146708617 -0.820217131 0.999000999 0.9578955688
-0.854620327 -0.461658623 -0.237687637 0.999000999 0.9578955688
-0.844533698 -0.48328134 -0.230655544 0.999000999 0.9578955688
-0.871885718 -0.444156963 -0.206251997 0.999000999 0.9578955688
-0.794282482 -0.536649583 -0.28482023 0.999000999 0.9578955688
-0.782603903 -0.557359754 -0.277274657 0.999000999 0.9578955688
-0.814731895 -0.52107278 -0.254352309 0.999000999 0.9578955688
-0.833902263 -0.504661265 -0.223436843 0.999000999 0.9578955688
-0.822760052 -0.525678484 -0.216166668 0.999000999 0.9578955688
-0.851752605 -0.487397426 -0.192253085 0.999000999 0.9578955688
-0.78329026 -0.620426352 0.039083381 0.999000999 0.9578955688
-0.788023272 -0.613283341 0.053878256 0.999000999 0.9578955688
-0.734973675 -0.678088589 -0.003092447 0.999000999 0.9578955688
-0.867197109 -0.474442166 0.151240887 0.999000999 0.9578955688
-0.86930233 -0.465635236 0.165823056 0.999000999 0.9578955688
-0.832942836 -0.542232194 0.110410507 0.999000999 0.9578955688
-0.79248045 -0.606007522 0.068772225 0.999000999 0.9578955688
-0.796764873 -0.598490163 0.083518034 0.999000999 0.9578955688
-0.74618397 -0.66521237 0.026495022 0.999000999 0.9578955688
-0.632501372 -0.067294599 -0.771630385 0.999000999 0.9578955688
-0.634970426 -0.05576792 -0.770520926 0.999000999 0.9578955688
-0.608442671 -0.046225892 -0.792250391 0.999000999 0.9578955688
-0.683087784 -0.086121911 -0.725240716 0.999000999 0.9578955688
-0.685601332 -0.074572449 -0.724147611 0.999000999 0.9578955688
-0.660708135 -0.065212593 -0.74780484 0.999000999 0.9578955688
-0.637364886 -0.0442067 -0.769293032 0.999000999 0.9578955688
-0.639662765 -0.03266818 -0.767961156 0.999000999 0.9578955688
-0.613092038 -0.023165713 -0.789671769 0.999000999 0.9578955688
-0.703710655 -0.313247756 -0.6377046 0.999000999 0.9578955688
-0.689649111 -0.325687812 -0.646770093 0.999000999 0.9578955688
-0.705206616 -0.350959744 -0.61604455 0.999000999 0.9578955688
-0.669059563 -0.261144013 -0.695818299 0.999000999 0.9578955688
-0.654686571 -0.273489606 -0.704690662 0.999000999 0.9578955688
-0.672777234 -0.299848895 -0.676358954 0.999000999 0.9578955688
-0.675231838 -0.338013697 -0.655597975 0.999000999 0.9578955688
-0.660567136 -0.350138018 -0.664119287 0.999000999 0.9578955688
-0.676455896 -0.375484828 -0.633576013 0.999000999 0.9578955688
-0.520534803 -0.200167431 -0.830046094 0.999000999 0.9578955688
-0.517898165 -0.216192048 -0.827672936 0.999000999 0.9578955688
-0.540969907 -0.230423352 -0.808861322 0.999000999 0.9578955688
-0.472506918 -0.170961711 -0.864586205 0.999000999 0.9578955688
-0.470042994 -0.187095496 -0.862586146 0.999000999 0.9578955688
-0.49423274 -0.201753125 -0.845594274 0.999000999 0.9578955688
-0.515092176 -0.232186207 -0.825087641 0.999000999 0.9578955688
-0.512163279 -0.248088993 -0.822277707 0.999000999 0.9578955688
-0.535050149 -0.262176995 -0.803109308 0.999000999 0.9578955688
-0.599293175 -0.587629888 -0.543634808 0.999000999 0.9578955688
-0.586464292 -0.589940303 -0.555004571 0.999000999 0.9578955688
-0.624423095 -0.582471768 -0.520406032 0.999000999 0.9578955688
-0.611952882 -0.585143087 -0.532091381 0.999000999 0.9578955688
-0.620379178 -0.568083233 -0.540750512 0.999000999 0.9578955688
-0.640943593 -0.54807239 -0.537408565 0.999000999 0.9578955688
-0.628530793 -0.550785284 -0.549167201 0.999000999 0.9578955688
-0.383915752 0.127281065 -0.914553567 0.999000999 0.9578955688
-0.405203373 0.108731188 -0.907737713 0.999000999 0.9578955688
-0.398811821 0.126346097 -0.908287287 0.999000999 0.9578955688
-0.396657116 0.092046094 -0.913340379 0.999000999 0.9578955688
-0.417565776 0.073387284 -0.90567827 0.999000999 0.9578955688
-0.411452354 0.091069037 -0.906870107 0.999000999 0.9578955688
-0.426148953 0.090080546 -0.900156967 0.999000999 0.9578955688
-0.446726042 0.071350515 -0.891821141 0.999000999 0.9578955688
-0.440725078 0.089065089 -0.893212638 0.999000999 0.9578955688
-0.959204137 -0.269485569 -0.085469012 0.999000999 0.9578955688
-0.9728887 -0.215694204 -0.083448116 0.999000999 0.9578955688
-0.958749608 -0.248470576 -0.138063618 0.999000999 0.9578955688
-0.979118104 -0.201858924 0.024097999 0.999000999 0.9578955688
-0.988795739 -0.146898788 0.02652796 0.999000999 0.9578955688
-0.982946425 -0.181692811 -0.028355755 0.999000999 0.9578955688
-0.983632328 -0.1609301 -0.081049037 0.999000999 0.9578955688
-0.991287838 -0.10599333 -0.078191023 0.999000999 0.9578955688
-0.981143875 -0.139979969 -0.133275299 0.999000999 0.9578955688
-0.640364637 -0.007328275 -0.768036085 0.999000999 0.9578955688
-0.638541395 -0.005276595 -0.769569389 0.999000999 0.9578955688
-0.613422398 -0.009579016 -0.789696906 0.999000999 0.9578955688
-0.688465982 0.001293717 -0.72526748 0.999000999 0.9578955688
-0.686732654 0.003350596 -0.726902356 0.999000999 0.9578955688
-0.662986736 -0.000963325 -0.748630523 0.999000999 0.9578955688
-0.636711585 -0.003219576 -0.771095319 0.999000999 0.9578955688
-0.634875972 -0.001167447 -0.772613187 0.999000999 0.9578955688
-0.609672796 -0.005476881 -0.79263427 0.999000999 0.9578955688
-0.4212667 0.010941109 -0.906870806 0.999000999 0.9578955688
-0.439549017 0.009583964 -0.898167473 0.999000999 0.9578955688
-0.414353977 0.027270471 -0.909707153 0.999000999 0.9578955688
-0.47074819 -0.024428299 -0.881929362 0.999000999 0.9578955688
-0.488506519 -0.025778453 -0.872179369 0.999000999 0.9578955688
-0.46427829 -0.008108115 -0.885652262 0.999000999 0.9578955688
-0.457659597 0.008227663 -0.889089421 0.999000999 0.9578955688
-0.475571584 0.006850204 -0.879650353 0.999000999 0.9578955688
-0.450883398 0.024543017 -0.892245371 0.999000999 0.9578955688
-0.89334642 -0.277460943 -0.353479277 0.999000999 0.9578955688
-0.888998233 -0.228741224 -0.396685762 0.999000999 0.9578955688
-0.866469431 -0.250420168 -0.43188015 0.999000999 0.9578955688
-0.931350629 -0.232255488 -0.280434296 0.999000999 0.9578955688
-0.928238054 -0.183171877 -0.323762536 0.999000999 0.9578955688
-0.9097154 -0.206062264 -0.36049443 0.999000999 0.9578955688
-0.881021415 -0.178554145 -0.438086389 0.999000999 0.9578955688
-0.869295154 -0.127851567 -0.477472421 0.999000999 0.9578955688
-0.845667239 -0.149939718 -0.512215776 0.999000999 0.9578955688
-0.872341852 -0.427582633 0.237050175 0.999000999 0.9578955688
-0.900148187 -0.355592637 0.25156931 0.999000999 0.9578955688
-0.897702609 -0.389109646 0.206697145 0.999000999 0.9578955688
-0.874553696 -0.359290646 0.325677853 0.999000999 0.9578955688
-0.896675241 -0.284853271 0.338868893 0.999000999 0.9578955688
-0.899753244 -0.320746138 0.295915555 0.999000999 0.9578955688
-0.922392772 -0.28119755 0.264800893 0.999000999 0.9578955688
-0.938798693 -0.205313689 0.276592304 0.999000999 0.9578955688
-0.94210802 -0.241048453 0.23308394 0.999000999 0.9578955688
-0.683877958 -0.455070821 -0.570281937 0.999000999 0.9578955688
-0.67867197 -0.485829934 -0.550793639 0.999000999 0.9578955688
-0.689921673 -0.460346271 -0.558649618 0.999000999 0.9578955688
-0.661040286 -0.505780312 -0.554267098 0.999000999 0.9578955688
-0.654483557 -0.535564118 -0.533687502 0.999000999 0.9578955688
-0.666847108 -0.510914923 -0.542476613 0.999000999 0.9578955688
-0.672541087 -0.51594001 -0.530560451 0.999000999 0.9578955688
-0.665486777 -0.545351367 -0.509626566 0.999000999 0.9578955688
-0.678087686 -0.520861737 -0.518555823 0.999000999 0.9578955688
-0.507057255 0.014491224 -0.861790545 0.999000999 0.9578955688
-0.50531617 0.02630137 -0.862533366 0.999000999 0.9578955688
-0.467038003 0.034958059 -0.883545946 0.999000999 0.9578955688
-0.580337221 -0.00292293 -0.814371025 0.999000999 0.9578955688
-0.57881798 0.008938117 -0.815407785 0.999000999 0.9578955688
-0.542609803 0.017638163 -0.839799676 0.999000999 0.9578955688
-0.503519631 0.038153409 -0.863140949 0.999000999 0.9578955688
-0.501644119 0.049956208 -0.86363045 0.999000999 0.9578955688
-0.46316741 0.058529814 -0.884336029 0.999000999 0.9578955688
-0.711035985 -0.019675776 -0.702880283 0.999000999 0.9578955688
-0.743654559 -0.045926727 -0.666984731 0.999000999 0.9578955688
-0.744529272 -0.020628792 -0.667271022 0.999000999 0.9578955688
-0.708864639 -0.070183318 -0.70184416 0.999000999 0.9578955688
-0.740507613 -0.09653954 -0.665077884 0.999000999 0.9578955688
-0.742295117 -0.071316159 -0.666267187 0.999000999 0.9578955688
-0.774003197 -0.072158775 -0.629056565 0.999000999 0.9578955688
-0.801955813 -0.098170508 -0.589261764 0.999000999 0.9578955688
-0.803823731 -0.072828559 -0.59039259 0.999000999 0.9578955688
-0.457076715 0.061508654 -0.887297899 0.999000999 0.9578955688
-0.436691762 0.08027167 -0.896022747 0.999000999 0.9578955688
-0.448826004 0.043900153 -0.892540192 0.999000999 0.9578955688
-0.428473891 0.062654126 -0.901379268 0.999000999 0.9578955688
-0.43260015 0.071460182 -0.898749438 0.999000999 0.9578955688
-0.415924389 0.098957045 -0.903999119 0.999000999 0.9578955688
-0.394810743 0.11755615 -0.911210749 0.999000999 0.9578955688
-0.70145484 0.025677183 -0.712251213 0.999000999 0.9578955688
-0.720569226 0.046325601 -0.691833743 0.999000999 0.9578955688
-0.660718354 -0.015716643 -0.750469349 0.999000999 0.9578955688
-0.681495665 0.004984614 -0.731805174 0.999000999 0.9578955688
-0.698273646 0.012079677 -0.715728997 0.999000999 0.9578955688
-0.694939449 -0.001504539 -0.719066686 0.999000999 0.9578955688
-0.71463106 0.019183395 -0.699238475 0.999000999 0.9578955688
-0.419998978 -0.100497639 -0.901942949 0.999000999 0.9578955688
-0.454830666 -0.13411104 -0.880422225 0.999000999 0.9578955688
-0.445663484 -0.115591269 -0.887706437 0.999000999 0.9578955688
-0.43868092 -0.137610106 -0.888044204 0.999000999 0.9578955688
-0.463767937 -0.152588164 -0.872717682 0.999000999 0.9578955688
-0.48837445 -0.167369809 -0.856433152 0.999000999 0.9578955688
-0.512436377 -0.181977801 -0.839221687 0.999000999 0.9578955688
-0.890010731 -0.41516314 -0.188468741 0.999000999 0.9578955688
-0.898662984 -0.392832328 -0.195160456 0.999000999 0.9578955688
-0.871075579 -0.459054611 -0.174631614 0.999000999 0.9578955688
-0.880814173 -0.437257012 -0.18158386 0.999000999 0.9578955688
-0.906819736 -0.385572336 -0.170328921 0.999000999 0.9578955688
-0.922272348 -0.355414599 -0.151967687 0.999000999 0.9578955688
-0.929667002 -0.332554586 -0.158514078 0.999000999 0.9578955688
-0.905874448 -0.390117293 0.164924174 0.999000999 0.9578955688
-0.912047254 -0.397568482 0.10054406 0.999000999 0.9578955688
-0.874513268 -0.467915202 0.127600577 0.999000999 0.9578955688
-0.963939744 -0.243055482 0.108370675 0.999000999 0.9578955688
-0.967590912 -0.248875367 0.042765392 0.999000999 0.9578955688
-0.943302976 -0.32405515 0.071887105 0.999000999 0.9578955688
-0.914540553 -0.402990419 0.034846802 0.999000999 0.9578955688
-0.913197627 -0.406399824 -0.030154227 0.999000999 0.9578955688
-0.878213499 -0.478265984 -0.001642715 0.999000999 0.9578955688
-0.61188454 -0.075218726 -0.787362339 0.999000999 0.9578955688
-0.638114714 -0.08474062 -0.765263771 0.999000999 0.9578955688
-0.622980961 -0.110070579 -0.774454124 0.999000999 0.9578955688
-0.648637437 -0.119548472 -0.751649944 0.999000999 0.9578955688
-0.64349241 -0.102181575 -0.758601637 0.999000999 0.9578955688
-0.663540928 -0.094181959 -0.742188113 0.999000999 0.9578955688
-0.688111962 -0.103512675 -0.718183162 0.999000999 0.9578955688
-0.574577422 -0.071902249 -0.815285749 0.999000999 0.9578955688
-0.616738318 -0.008274639 -0.787124754 0.999000999 0.9578955688
-0.596141224 -0.040103851 -0.801877373 0.999000999 0.9578955688
-0.605104728 -0.044993995 -0.794873454 0.999000999 0.9578955688
-0.634354221 -0.017967956 -0.772833665 0.999000999 0.9578955688
-0.804750931 -0.548111889 0.227923881 0.999000999 0.9578955688
-0.844899636 -0.479954917 0.236194588 0.999000999 0.9578955688
-0.749683258 -0.638717326 0.173248927 0.999000999 0.9578955688
-0.923470669 -0.192416502 0.331930433 0.999000999 0.9578955688
-0.936739625 -0.113721753 0.331038121 0.999000999 0.9578955688
-0.90811183 -0.302616943 0.289406097 0.999000999 0.9578955688
-0.88000661 -0.408535095 0.242254914 0.999000999 0.9578955688
-0.90908788 -0.334739366 0.248009643 0.999000999 0.9578955688
-0.838960227 -0.508860734 0.192889843 0.999000999 0.9578955688
-0.577281486 -0.259691433 -0.774148853 0.999000999 0.9578955688
-0.603810717 -0.264599906 -0.751930521 0.999000999 0.9578955688
-0.571333565 -0.219835314 -0.790727761 0.999000999 0.9578955688
-0.636378946 -0.346416383 -0.689215153 0.999000999 0.9578955688
-0.633621908 -0.308116761 -0.709638879 0.999000999 0.9578955688
-0.629692236 -0.269144806 -0.728730925 0.999000999 0.9578955688
-0.624453611 -0.229792527 -0.74649386 0.999000999 0.9578955688
-0.521039247 -0.480792423 -0.705235243 0.999000999 0.9578955688
-0.519762403 -0.427631071 -0.739580092 0.999000999 0.9578955688
-0.511561216 -0.458529671 -0.726674386 0.999000999 0.9578955688
-0.537700065 -0.419279549 -0.731493882 0.999000999 0.9578955688
-0.534297881 -0.364322295 -0.762754901 0.999000999 0.9578955688
-0.527380001 -0.396199456 -0.751595853 0.999000999 0.9578955688
-0.516436813 -0.372731318 -0.770950312 0.999000999 0.9578955688
-0.511079942 -0.316336993 -0.79920473 0.999000999 0.9578955688
-0.504993145 -0.348873366 -0.789474064 0.999000999 0.9578955688
-0.535954366 -0.30587165 -0.786889733 0.999000999 0.9578955688
-0.555335983 -0.358002966 -0.750623622 0.999000999 0.9578955688
-0.552355138 -0.330715278 -0.765200109 0.999000999 0.9578955688
-0.542559113 -0.360801855 -0.758585283 0.999000999 0.9578955688
-0.559684757 -0.411527643 -0.719303811 0.999000999 0.9578955688
-0.55775519 -0.384967585 -0.735329251 0.999000999 0.9578955688
-0.572244228 -0.408578733 -0.711055527 0.999000999 0.9578955688
-0.586605523 -0.457363007 -0.668365948 0.999000999 0.9578955688
-0.585933227 -0.431645725 -0.685831045 0.999000999 0.9578955688
-0.779646002 -0.594155363 -0.197816875 0.999000999 0.9578955688
-0.804662713 -0.564478815 -0.184069516 0.999000999 0.9578955688
-0.767975576 -0.598927661 -0.226934291 0.999000999 0.9578955688
-0.846545755 -0.520668229 -0.11074692 0.999000999 0.9578955688
-0.86740625 -0.488206042 -0.096235431 0.999000999 0.9578955688
-0.83786289 -0.52751083 -0.14042116 0.999000999 0.9578955688
-0.828344575 -0.533792784 -0.170030963 0.999000999 0.9578955688
-0.8505861 -0.502284638 -0.155606647 0.999000999 0.9578955688
-0.817959809 -0.539622359 -0.19937267 0.999000999 0.9578955688
-0.709429534 -0.179183521 -0.68161793 0.999000999 0.9578955688
-0.690081713 -0.159540641 -0.705927768 0.999000999 0.9578955688
-0.690196606 -0.187353301 -0.698947341 0.999000999 0.9578955688
-0.708458042 -0.123422144 -0.694877095 0.999000999 0.9578955688
-0.689393977 -0.131557264 -0.71234025 0.999000999 0.9578955688
-0.669796068 -0.139642688 -0.729296337 0.999000999 0.9578955688
-0.649738156 -0.147617913 -0.74568712 0.999000999 0.9578955688
-0.419998513 -0.05217805 -0.906023565 0.999000999 0.9578955688
-0.444240442 -0.070859128 -0.89310101 0.999000999 0.9578955688
-0.447408177 -0.060951229 -0.892250453 0.999000999 0.9578955688
-0.413613548 -0.071976554 -0.907603002 0.999000999 0.9578955688
-0.43775992 -0.090673177 -0.894508037 0.999000999 0.9578955688
-0.441018333 -0.080779683 -0.893855398 0.999000999 0.9578955688
-0.46798611 -0.089482368 -0.879193896 0.999000999 0.9578955688
-0.491209435 -0.108004718 -0.864319543 0.999000999 0.9578955688
-0.494471852 -0.098091872 -0.863640881 0.999000999 0.9578955688
-0.662242361 -0.635055551 -0.397667579 0.999000999 0.9578955688
-0.647040168 -0.632726697 -0.425436186 0.999000999 0.9578955688
-0.690657418 -0.637762484 -0.340956514 0.999000999 0.9578955688
-0.676789161 -0.636735812 -0.369491458 0.999000999 0.9578955688
-0.678016666 -0.625842847 -0.385505034 0.999000999 0.9578955688
-0.693449343 -0.616349636 -0.373150286 0.999000999 0.9578955688
-0.67897376 -0.61473511 -0.401366887 0.999000999 0.9578955688
-0.612191817 -0.492825762 -0.61833967 0.999000999 0.9578955688
-0.62868482 -0.470417273 -0.619243883 0.999000999 0.9578955688
-0.615297674 -0.456913913 -0.642369402 0.999000999 0.9578955688
-0.63715502 -0.518409269 -0.570337892 0.999000999 0.9578955688
-0.653842711 -0.49608639 -0.571303775 0.999000999 0.9578955688
-0.641563153 -0.483476506 -0.595522618 0.999000999 0.9578955688
-0.644745321 -0.447621701 -0.619627536 0.999000999 0.9578955688
-0.660274253 -0.424517082 -0.61953463 0.999000999 0.9578955688
-0.646687368 -0.410965903 -0.642574879 0.999000999 0.9578955688
-0.582942085 -0.477073386 -0.657707769 0.999000999 0.9578955688
-0.594830874 -0.498746835 -0.63041877 0.999000999 0.9578955688
-0.556738178 -0.431866664 -0.709601145 0.999000999 0.9578955688
-0.570217721 -0.454780208 -0.684124779 0.999000999 0.9578955688
-0.578932877 -0.496564931 -0.646730232 0.999000999 0.9578955688
-0.574652298 -0.515776938 -0.635412376 0.999000999 0.9578955688
-0.585811317 -0.53672754 -0.607246778 0.999000999 0.9578955688
-0.392053405 -0.013590991 -0.919842059 0.999000999 0.9578955688
-0.404532366 0.01182409 -0.914447241 0.999000999 0.9578955688
-0.407746694 -0.041149419 -0.912167396 0.999000999 0.9578955688
-0.383331549 0.092236542 -0.918993658 0.999000999 0.9578955688
-0.400217128 0.064792627 -0.914126996 0.999000999 0.9578955688
-0.41671589 0.037257731 -0.908272937 0.999000999 0.9578955688
-0.432692779 0.009677045 -0.901489497 0.999000999 0.9578955688
-0.511193596 -0.013422576 -0.859360775 0.999000999 0.9578955688
-0.504808471 0.002902859 -0.863226495 0.999000999 0.9578955688
-0.523477887 -0.046082183 -0.850792181 0.999000999 0.9578955688
-0.517409919 -0.029778443 -0.855219399 0.999000999 0.9578955688
-0.545742347 -0.033702011 -0.837275024 0.999000999 0.9578955688
-0.57913505 -0.053918706 -0.813446598 0.999000999 0.9578955688
-0.573438559 -0.037594954 -0.818385507 0.999000999 0.9578955688
-0.688522349 -0.533538348 -0.4911963 0.999000999 0.9578955688
-0.695498958 -0.504054166 -0.512065032 0.999000999 0.9578955688
-0.722680112 -0.499456348 -0.477783226 0.999000999 0.9578955688
-0.729022719 -0.469439944 -0.498148587 0.999000999 0.9578955688
-0.712504639 -0.486891281 -0.505246493 0.999000999 0.9578955688
-0.701565217 -0.473848868 -0.532234438 0.999000999 0.9578955688
-0.706690315 -0.443023318 -0.551651283 0.999000999 0.9578955688
-0.960359184 -0.22540895 -0.164015375 0.999000999 0.9578955688
-0.945866452 -0.278930499 -0.165935021 0.999000999 0.9578955688
-0.980410313 -0.116350579 -0.158928162 0.999000999 0.9578955688
-0.971895107 -0.171106108 -0.161686734 0.999000999 0.9578955688
-0.960808104 -0.201987682 -0.189865118 0.999000999 0.9578955688
-0.96012163 -0.178335052 -0.215320842 0.999000999 0.9578955688
-0.947957716 -0.232505614 -0.21752542 0.999000999 0.9578955688
-0.844961257 -0.529055938 -0.078359996 0.999000999 0.9578955688
-0.849439686 -0.527511949 -0.013541168 0.999000999 0.9578955688
-0.777388236 -0.620783703 -0.101464896 0.999000999 0.9578955688
-0.782967238 -0.621003258 -0.036294044 0.999000999 0.9578955688
-0.817464382 -0.575438679 -0.024946137 0.999000999 0.9578955688
-0.850013272 -0.524209717 0.051784271 0.999000999 0.9578955688
-0.847038033 -0.518615046 0.116468905 0.999000999 0.9578955688
-0.890913732 -0.252516607 0.377502431 0.999000999 0.9578955688
-0.914375123 -0.179876032 0.362715793 0.999000999 0.9578955688
-0.899918318 -0.252165165 0.355752372 0.999000999 0.9578955688
-0.914917145 -0.106991321 0.389203642 0.999000999 0.9578955688
-0.923825548 -0.106520537 0.367695161 0.999000999 0.9578955688
-0.932315827 -0.10606793 0.345740934 0.999000999 0.9578955688
-0.940204973 -0.105560844 0.323838719 0.999000999 0.9578955688
-0.582240201 -0.550556648 -0.598233838 0.999000999 0.9578955688
-0.574601059 -0.577739803 -0.579698493 0.999000999 0.9578955688
-0.578503182 -0.564228682 -0.589050136 0.999000999 0.9578955688
-0.587127099 -0.531904516 -0.610212549 0.999000999 0.9578955688
-0.591711394 -0.512978325 -0.621876889 0.999000999 0.9578955688
-0.670279007 -0.39817678 -0.626243806 0.999000999 0.9578955688
-0.685013155 -0.386105104 -0.617802416 0.999000999 0.9578955688
-0.686685163 -0.41899532 -0.594059264 0.999000999 0.9578955688
-0.701254461 -0.406822854 -0.585437739 0.999000999 0.9578955688
-0.693286276 -0.396556365 -0.60174512 0.999000999 0.9578955688
-0.699463678 -0.373864693 -0.60907779 0.999000999 0.9578955688
-0.713600093 -0.361475335 -0.600092067 0.999000999 0.9578955688
-0.43993066 -0.057252143 -0.896204891 0.999000999 0.9578955688
-0.452625333 -0.031763674 -0.891134881 0.999000999 0.9578955688
-0.471517472 -0.073215281 -0.878812151 0.999000999 0.9578955688
-0.491401988 0.034345283 -0.870255415 0.999000999 0.9578955688
-0.499527736 0.052002701 -0.864735659 0.999000999 0.9578955688
-0.495493607 0.043198869 -0.86753671 0.999000999 0.9578955688
-0.532812508 0.024748657 -0.845871347 0.999000999 0.9578955688
-0.572936636 0.015097221 -0.819460606 0.999000999 0.9578955688
-0.5741201 -0.275505565 -0.771027104 0.999000999 0.9578955688
-0.567299426 -0.30698744 -0.764153173 0.999000999 0.9578955688
-0.570748636 -0.291325691 -0.767707845 0.999000999 0.9578955688
-0.604595721 -0.319410912 -0.729685331 0.999000999 0.9578955688
-0.63229077 -0.361857835 -0.685030868 0.999000999 0.9578955688
-0.539411859 -0.492982201 -0.682644413 0.999000999 0.9578955688
-0.557336228 -0.504629617 -0.659336999 0.999000999 0.9578955688
-0.548419764 -0.462675737 -0.696539248 0.999000999 0.9578955688
-0.729545953 -0.513976996 -0.451209873 0.999000999 0.9578955688
-0.745535867 -0.512791239 -0.425701089 0.999000999 0.9578955688
-0.755294053 -0.480897065 -0.445273967 0.999000999 0.9578955688
-0.707214419 -0.575699971 -0.410386779 0.999000999 0.9578955688
-0.722764958 -0.574240681 -0.384523674 0.999000999 0.9578955688
-0.734685631 -0.54395179 -0.40540532 0.999000999 0.9578955688
-0.760872011 -0.511173191 -0.399719591 0.999000999 0.9578955688
-0.775464232 -0.509114651 -0.373440085 0.999000999 0.9578955688
-0.78564517 -0.47750452 -0.393384164 0.999000999 0.9578955688
-0.902046493 -0.370403437 -0.221615475 0.999000999 0.9578955688
-0.901717565 -0.340504696 -0.266386908 0.999000999 0.9578955688
-0.882526102 -0.392998337 -0.258263404 0.999000999 0.9578955688
-0.935170233 -0.263603507 -0.236579431 0.999000999 0.9578955688
-0.918052944 -0.286742319 -0.273783917 0.999000999 0.9578955688
-0.898795066 -0.309436652 -0.310509884 0.999000999 0.9578955688
-0.877627747 -0.33143497 -0.346295247 0.999000999 0.9578955688
-0.954757556 -0.064624895 0.290278543 0.999000999 0.9578955688
-0.941016462 -0.138953661 0.308512394 0.999000999 0.9578955688
-0.956654228 -0.131410873 0.259892038 0.999000999 0.9578955688
-0.940580305 -0.172289323 0.292617632 0.999000999 0.9578955688
-0.921609116 -0.212572799 0.324729798 0.999000999 0.9578955688
-0.694517498 -0.706179684 -0.137679696 0.999000999 0.9578955688
-0.711745144 -0.692688774 -0.116623807 0.999000999 0.9578955688
-0.688071997 -0.704040398 -0.175738568 0.999000999 0.9578955688
-0.735531817 -0.677236604 -0.018534518 0.999000999 0.9578955688
-0.750171825 -0.661237111 0.002777791 0.999000999 0.9578955688
-0.732480704 -0.67839523 -0.057025694 0.999000999 0.9578955688
-0.728356749 -0.678515201 -0.095465009 0.999000999 0.9578955688
-0.744235387 -0.66378534 -0.074180259 0.999000999 0.9578955688
-0.723084653 -0.677692044 -0.13372389 0.999000999 0.9578955688
-0.766016831 -0.32639317 -0.553792121 0.999000999 0.9578955688
-0.757820601 -0.367539939 -0.53909399 0.999000999 0.9578955688
-0.772625068 -0.363133652 -0.520753737 0.999000999 0.9578955688
-0.735181175 -0.334633038 -0.589516216 0.999000999 0.9578955688
-0.726832324 -0.375821988 -0.574867468 0.999000999 0.9578955688
-0.742510415 -0.371795031 -0.557177475 0.999000999 0.9578955688
-0.748056771 -0.408020515 -0.523383537 0.999000999 0.9578955688
-0.736823888 -0.447648029 -0.506657478 0.999000999 0.9578955688
-0.751756828 -0.443187212 -0.488310113 0.999000999 0.9578955688
-0.641474922 -0.61924091 -0.452825154 0.999000999 0.9578955688
-0.637896183 -0.608884154 -0.471538489 0.999000999 0.9578955688
-0.661577165 -0.573628748 -0.482975895 0.999000999 0.9578955688
-0.657374345 -0.562688079 -0.501239559 0.999000999 0.9578955688
-0.647916865 -0.58602926 -0.486593714 0.999000999 0.9578955688
-0.634014266 -0.59823374 -0.490043165 0.999000999 0.9578955688
-0.629850464 -0.587298024 -0.508300525 0.999000999 0.9578955688
-0.452685015 0.035999912 -0.890943479 0.999000999 0.9578955688
-0.434520755 0.03736774 -0.899886307 0.999000999 0.9578955688
-0.419650145 0.061612768 -0.905592415 0.999000999 0.9578955688
-0.401153839 0.062948437 -0.913845223 0.999000999 0.9578955688
-0.417940028 0.050175151 -0.907087971 0.999000999 0.9578955688
-0.416172654 0.0387212 -0.908460781 0.999000999 0.9578955688
-0.397658468 0.0400672 -0.916658258 0.999000999 0.9578955688
-0.591083665 -0.088949526 -0.801690765 0.999000999 0.9578955688
-0.596719549 -0.106403937 -0.795364056 0.999000999 0.9578955688
-0.58523032 -0.071424297 -0.807715322 0.999000999 0.9578955688
-0.557887841 -0.067595004 -0.827159037 0.999000999 0.9578955688
-0.529926101 -0.063679472 -0.845649604 0.999000999 0.9578955688
-0.52364755 -0.281463337 -0.804096781 0.999000999 0.9578955688
-0.527718965 -0.309384825 -0.791071251 0.999000999 0.9578955688
-0.507042465 -0.288407074 -0.812237218 0.999000999 0.9578955688
-0.519416783 -0.312879289 -0.795180958 0.999000999 0.9578955688
-0.531265441 -0.337018993 -0.777287096 0.999000999 0.9578955688
-0.737924848 0.033994801 -0.674026166 0.999000999 0.9578955688
-0.740706812 0.047561133 -0.670142789 0.999000999 0.9578955688
-0.731911689 0.006816628 -0.681365403 0.999000999 0.9578955688
-0.734991234 0.020397973 -0.677769731 0.999000999 0.9578955688
-0.754712997 0.021614355 -0.655698949 0.999000999 0.9578955688
-0.770912381 0.009221015 -0.636874457 0.999000999 0.9578955688
-0.773765585 0.022815536 -0.633061032 0.999000999 0.9578955688
-0.860335757 -0.417785829 0.292022922 0.999000999 0.9578955688
-0.865063042 -0.434614138 0.250552359 0.999000999 0.9578955688
-0.88033877 -0.342062264 0.328629057 0.999000999 0.9578955688
-0.799842759 -0.586582645 0.1271706 0.999000999 0.9578955688
-0.837085858 -0.520532499 0.168324635 0.999000999 0.9578955688
-0.868223495 -0.450400061 0.208153182 0.999000999 0.9578955688
-0.892576195 -0.377277115 0.24692046 0.999000999 0.9578955688
-0.901109828 -0.271567467 0.338012113 0.999000999 0.9578955688
-0.916339509 -0.307495201 0.256453905 0.999000999 0.9578955688
-0.909726356 -0.289820479 0.297324819 0.999000999 0.9578955688
-0.917180915 -0.199333309 0.345029565 0.999000999 0.9578955688
-0.928113734 -0.126240069 0.350240404 0.999000999 0.9578955688
-0.91339935 -0.057256984 -0.403017697 0.999000999 0.9578955688
-0.920707765 -0.099310335 -0.37740518 0.999000999 0.9578955688
-0.941757239 -0.084895638 -0.325401341 0.999000999 0.9578955688
-0.86061117 -0.085112457 -0.502099874 0.999000999 0.9578955688
-0.896454401 -0.113845076 -0.428262543 0.999000999 0.9578955688
-0.925620463 -0.141571481 -0.350976174 0.999000999 0.9578955688
-0.94778512 -0.16791838 -0.271121344 0.999000999 0.9578955688
-0.852257144 -0.271649701 -0.447061741 0.999000999 0.9578955688
-0.829910826 -0.277550658 -0.48395625 0.999000999 0.9578955688
-0.851092559 -0.305754204 -0.426797169 0.999000999 0.9578955688
-0.80261812 -0.213064977 -0.557142234 0.999000999 0.9578955688
-0.77624986 -0.217760925 -0.591621783 0.999000999 0.9578955688
-0.804908147 -0.248147312 -0.539022992 0.999000999 0.9578955688
-0.805914399 -0.282978106 -0.520024397 0.999000999 0.9578955688
-0.780487782 -0.287678851 -0.555049278 0.999000999 0.9578955688
-0.805757145 -0.317175689 -0.500154982 0.999000999 0.9578955688
-0.929594972 -0.347841454 -0.121899596 0.999000999 0.9578955688
-0.946369542 -0.315959941 -0.067483373 0.999000999 0.9578955688
-0.895253519 -0.437348032 -0.085134218 0.999000999 0.9578955688
-0.930966352 -0.361833628 -0.048765526 0.999000999 0.9578955688
-0.959051756 -0.282966883 -0.012225887 0.999000999 0.9578955688
-0.818584719 -0.56893215 0.078963707 0.999000999 0.9578955688
-0.844087884 -0.513341128 0.154908135 0.999000999 0.9578955688
-0.785196922 -0.619241949 0.002280906 0.999000999 0.9578955688
-0.786143188 -0.616676555 0.041096401 0.999000999 0.9578955688
-0.786116063 -0.61293268 0.079593126 0.999000999 0.9578955688
-0.713816888 -0.420886544 -0.559749916 0.999000999 0.9578955688
-0.72569926 -0.434486703 -0.533462172 0.999000999 0.9578955688
-0.720555399 -0.398458365 -0.567477619 0.999000999 0.9578955688
-0.70164798 -0.562200201 -0.437745412 0.999000999 0.9578955688
-0.689527173 -0.592331855 -0.416767621 0.999000999 0.9578955688
-0.712713303 -0.53120853 -0.458101784 0.999000999 0.9578955688
-0.695400135 -0.54814018 -0.464716038 0.999000999 0.9578955688
-0.677689282 -0.564713036 -0.470995142 0.999000999 0.9578955688
-0.676319058 -0.445067973 -0.586947214 0.999000999 0.9578955688
-0.668432321 -0.434886433 -0.60338381 0.999000999 0.9578955688
-0.665352636 -0.470782635 -0.579369986 0.999000999 0.9578955688
-0.718081778 -0.306149192 -0.625004985 0.999000999 0.9578955688
-0.701677724 -0.280493392 -0.65495941 0.999000999 0.9578955688
-0.713035758 -0.240298293 -0.658662842 0.999000999 0.9578955688
-0.694679166 -0.213865607 -0.68679135 0.999000999 0.9578955688
-0.69867779 -0.247325442 -0.67132665 0.999000999 0.9578955688
-0.683990987 -0.254297835 -0.68373163 0.999000999 0.9578955688
-0.665096086 -0.227617895 -0.711222391 0.999000999 0.9578955688
-0.592849754 -0.200785719 -0.779880929 0.999000999 0.9578955688
-0.52440349 -0.141167227 -0.839686128 0.999000999 0.9578955688
-0.559459852 -0.171202385 -0.810983611 0.999000999 0.9578955688
-0.565579143 -0.195625636 -0.801155942 0.999000999 0.9578955688
-0.537665194 -0.190155706 -0.821435905 0.999000999 0.9578955688
-0.652202776 -0.01087424 -0.757966549 0.999000999 0.9578955688
-0.643587334 -0.006016808 -0.765349033 0.999000999 0.9578955688
-0.669665966 -0.003760737 -0.742652914 0.999000999 0.9578955688
-0.617387221 -0.385399582 -0.685784356 0.999000999 0.9578955688
-0.585835323 -0.358646102 -0.726753017 0.999000999 0.9578955688
-0.601838402 -0.408757499 -0.686081515 0.999000999 0.9578955688
-0.434269558 0.060602673 -0.898742047 0.999000999 0.9578955688
-0.450764253 0.047789049 -0.891362886 0.999000999 0.9578955688
-0.448779288 0.059577438 -0.891654462 0.999000999 0.9578955688
-0.78826759 0.036586229 -0.614243969 0.999000999 0.9578955688
-0.818264592 0.011615397 -0.574724404 0.999000999 0.9578955688
-0.803572697 0.024063109 -0.594720008 0.999000999 0.9578955688
-0.831489404 0.025347759 -0.554962037 0.999000999 0.9578955688
-0.870123235 0.013937975 -0.492637076 0.999000999 0.9578955688
-0.655419221 -0.174441005 -0.734844188 0.999000999 0.9578955688
-0.660533531 -0.20113503 -0.723353409 0.999000999 0.9578955688
-0.67551846 -0.194277742 -0.711288247 0.999000999 0.9578955688
-0.664152 -0.028348103 -0.747059908 0.999000999 0.9578955688
-0.68700773 -0.0493276 -0.724973908 0.999000999 0.9578955688
-0.687970237 -0.023998787 -0.725341996 0.999000999 0.9578955688
-0.729601222 -0.236544394 -0.641660975 0.999000999 0.9578955688
-0.74555455 -0.230406601 -0.625348871 0.999000999 0.9578955688
-0.725473791 -0.200871735 -0.658284379 0.999000999 0.9578955688
-0.76551295 -0.29418054 -0.57223049 0.999000999 0.9578955688
-0.763922765 -0.259369362 -0.590888774 0.999000999 0.9578955688
-0.761138879 -0.224111814 -0.608639057 0.999000999 0.9578955688
-0.757117361 -0.188573125 -0.625470606 0.999000999 0.9578955688
-0.918015371 -0.340442392 -0.203339018 0.999000999 0.9578955688
-0.93265194 -0.309912139 -0.184701987 0.999000999 0.9578955688
-0.934475351 -0.286904673 -0.210811592 0.999000999 0.9578955688
-0.996859162 -0.039019186 0.068915275 0.999000999 0.9578955688
-0.997314814 -0.038228607 0.062463867 0.999000999 0.9578955688
-0.995818892 -0.04059923 0.081831763 0.999000999 0.9578955688
-0.996359421 -0.039808466 0.075386936 0.999000999 0.9578955688
-0.993841078 -0.082016603 0.074519722 0.999000999 0.9578955688
-0.98894574 -0.124855547 0.079983844 0.999000999 0.9578955688
-0.989545536 -0.124074524 0.073519687 0.999000999 0.9578955688
-0.685248286 -0.700050433 -0.200908382 0.999000999 0.9578955688
-0.721046743 -0.67437459 -0.159092762 0.999000999 0.9578955688
-0.703482389 -0.687519154 -0.18008315 0.999000999 0.9578955688
-0.682008761 -0.695558595 -0.225969667 0.999000999 0.9578955688
-0.67830694 -0.690630169 -0.250857859 0.999000999 0.9578955688
-0.778952072 -0.612667226 -0.133688216 0.999000999 0.9578955688
-0.741178758 -0.655526442 -0.144703604 0.999000999 0.9578955688
-0.814167363 -0.567580079 -0.122410619 0.999000999 0.9578955688
-0.779732466 -0.603718806 -0.165954465 0.999000999 0.9578955688
-0.741884316 -0.63727029 -0.208552725 0.999000999 0.9578955688
-0.711829706 -0.597619246 -0.368984696 0.999000999 0.9578955688
-0.739558242 -0.56608197 -0.364149434 0.999000999 0.9578955688
-0.744937445 -0.580908365 -0.328045233 0.999000999 0.9578955688
-0.771478801 -0.548425145 -0.322568318 0.999000999 0.9578955688
-0.755814385 -0.557477801 -0.34345759 0.999000999 0.9578955688
-0.76599295 -0.533520017 -0.358624026 0.999000999 0.9578955688
-0.791044748 -0.50003991 -0.352431972 0.999000999 0.9578955688
-0.827978639 -0.536055652 0.164607752 0.999000999 0.9578955688
-0.857604909 -0.451074365 0.247074356 0.999000999 0.9578955688
-0.852277516 -0.482861594 0.201165893 0.999000999 0.9578955688
-0.729069657 -0.683298029 -0.039512509 0.999000999 0.9578955688
-0.741192429 -0.671219012 -0.009940876 0.999000999 0.9578955688
-0.73524315 -0.677352085 -0.024731838 0.999000999 0.9578955688
-0.722166876 -0.687543891 -0.075884124 0.999000999 0.9578955688
-0.714257555 -0.69083948 -0.112147036 0.999000999 0.9578955688
-0.734299946 -0.302366936 -0.607764614 0.999000999 0.9578955688
-0.750143749 -0.298347356 -0.590146771 0.999000999 0.9578955688
-0.732456635 -0.269621503 -0.6251492 0.999000999 0.9578955688
-0.822708998 -0.463312596 -0.329380242 0.999000999 0.9578955688
-0.842907205 -0.420337923 -0.335892057 0.999000999 0.9578955688
-0.820524883 -0.432548231 -0.373685623 0.999000999 0.9578955688
-0.863445297 -0.436765208 -0.252385363 0.999000999 0.9578955688
-0.863649585 -0.407093917 -0.297294361 0.999000999 0.9578955688
-0.861281029 -0.376237347 -0.341526643 0.999000999 0.9578955688
-0.85636876 -0.34445306 -0.384687712 0.999000999 0.9578955688
-0.97862692 -0.166593603 0.120565019 0.999000999 0.9578955688
-0.985563525 -0.123974516 0.115303326 0.999000999 0.9578955688
-0.965023391 -0.165529839 0.203297138 0.999000999 0.9578955688
-0.972409794 -0.122794666 0.198344806 0.999000999 0.9578955688
-0.979842032 -0.12348246 0.157040362 0.999000999 0.9578955688
-0.990632154 -0.08094694 0.109979669 0.999000999 0.9578955688
-0.993807424 -0.03791764 0.104446433 0.999000999 0.9578955688
-0.998503038 -0.022260687 -0.049961425 0.999000999 0.9578955688
-0.999367019 -0.020167078 0.029306163 0.999000999 0.9578955688
-0.977962285 -0.026354328 -0.20711161 0.999000999 0.9578955688
-0.99134985 -0.024297735 -0.128977111 0.999000999 0.9578955688
-0.993685641 -0.044090009 -0.103174216 0.999000999 0.9578955688
-0.985573692 -0.065516657 -0.156051486 0.999000999 0.9578955688
-0.994980892 -0.063579341 -0.077270255 0.999000999 0.9578955688
-0.465346134 -0.06090036 -0.883031212 0.999000999 0.9578955688
-0.441303203 -0.042248799 -0.896362941 0.999000999 0.9578955688
-0.511890681 -0.097955022 -0.853447564 0.999000999 0.9578955688
-0.488887997 -0.079479157 -0.868718361 0.999000999 0.9578955688
-0.48310733 -0.060819162 -0.873446242 0.999000999 0.9578955688
-0.500658948 -0.060733974 -0.863511437 0.999000999 0.9578955688
-0.477118722 -0.042155387 -0.877827231 0.999000999 0.9578955688
-0.505733003 -0.157437892 -0.848202476 0.999000999 0.9578955688
-0.498674432 -0.132741987 -0.856564869 0.999000999 0.9578955688
-0.472394274 -0.124236839 -0.87258745 0.999000999 0.9578955688
-0.701191794 -0.701171347 -0.129185181 0.999000999 0.9578955688
-0.707786148 -0.696042182 -0.120681603 0.999000999 0.9578955688
-0.722702258 -0.687635402 -0.069706525 0.999000999 0.9578955688
-0.652030827 -0.557924885 -0.513396166 0.999000999 0.9578955688
-0.646550423 -0.553051248 -0.525458722 0.999000999 0.9578955688
-0.638337355 -0.570301852 -0.516992475 0.999000999 0.9578955688
-0.595950068 -0.558444692 -0.577046828 0.999000999 0.9578955688
-0.616836418 -0.538645291 -0.573911216 0.999000999 0.9578955688
-0.604536502 -0.526035613 -0.598182373 0.999000999 0.9578955688
-0.721618113 -0.665399574 -0.191077747 0.999000999 0.9578955688
-0.720334733 -0.645271359 -0.254445957 0.999000999 0.9578955688
-0.721403458 -0.655660316 -0.222904913 0.999000999 0.9578955688
-0.700169672 -0.673492631 -0.237002333 0.999000999 0.9578955688
-0.676925062 -0.679768253 -0.28228989 0.999000999 0.9578955688
-0.906389978 -0.400730814 -0.133686284 0.999000999 0.9578955688
-0.87999507 -0.452317018 -0.144975832 0.999000999 0.9578955688
-0.888074244 -0.445078345 -0.115019151 0.999000999 0.9578955688
-0.852459544 -0.057927002 -0.519574045 0.999000999 0.9578955688
-0.821091612 -0.071462557 -0.566305278 0.999000999 0.9578955688
-0.906542256 -0.029844549 -0.421058714 0.999000999 0.9578955688
-0.881004377 -0.043924733 -0.471064651 0.999000999 0.9578955688
-0.843394205 -0.030404202 -0.536434338 0.999000999 0.9578955688
-0.833407625 -0.003051211 -0.55265036 0.999000999 0.9578955688
-0.800859671 -0.016908589 -0.598613303 0.999000999 0.9578955688
-0.787811629 -0.11915826 -0.604279858 0.999000999 0.9578955688
-0.816511296 -0.119716484 -0.564780725 0.999000999 0.9578955688
-0.724803438 -0.117350704 -0.678887906 0.999000999 0.9578955688
-0.757198825 -0.118374297 -0.642368637 0.999000999 0.9578955688
-0.772950271 -0.140101256 -0.61880491 0.999000999 0.9578955688
-0.757429998 -0.160821592 -0.632800296 0.999000999 0.9578955688
-0.787729709 -0.161548836 -0.594460999 0.999000999 0.9578955688
-0.904834545 0.000521141 -0.425763051 0.999000999 0.9578955688
-0.927995215 -0.004910634 -0.372559749 0.999000999 0.9578955688
-0.925967456 -0.028527099 -0.376524202 0.999000999 0.9578955688
-0.946099495 -0.033988284 -0.322087787 0.999000999 0.9578955688
-0.937481404 -0.019499093 -0.347488707 0.999000999 0.9578955688
-0.948007537 -0.01036934 -0.3180789 0.999000999 0.9578955688
-0.964792217 -0.015830268 -0.262536437 0.999000999 0.9578955688
-0.574903311 0.01304573 -0.818117346 0.999000999 0.9578955688
-0.53886677 0.031535574 -0.841800518 0.999000999 0.9578955688
-0.576862835 0.010990057 -0.816767096 0.999000999 0.9578955688
-0.578128114 -0.014469312 -0.815817702 0.999000999 0.9578955688
-0.542000379 -0.005787569 -0.840358312 0.999000999 0.9578955688
-0.575819774 -0.026057048 -0.817161317 0.999000999 0.9578955688
-0.924795795 -0.120189573 0.360980893 0.999000999 0.9578955688
-0.914870123 -0.301984757 0.267988555 0.999000999 0.9578955688
-0.924673163 -0.212207521 0.316144759 0.999000999 0.9578955688
-0.921257798 -0.114204408 0.371808314 0.999000999 0.9578955688
-0.917632196 -0.108133255 0.382437384 0.999000999 0.9578955688
-0.725830258 -0.173180993 -0.665716742 0.999000999 0.9578955688
-0.741850387 -0.1670444 -0.649426032 0.999000999 0.9578955688
-0.725614288 -0.145310402 -0.672583669 0.999000999 0.9578955688
-0.817630809 -0.192209066 -0.542711282 0.999000999 0.9578955688
-0.843970429 -0.221853146 -0.488359598 0.999000999 0.9578955688
-0.832061215 -0.171036681 -0.527655748 0.999000999 0.9578955688
-0.972741807 -0.089486764 0.213928718 0.999000999 0.9578955688
-0.971764609 -0.055770389 0.229266677 0.999000999 0.9578955688
-0.984819347 -0.046906017 0.167124744 0.999000999 0.9578955688
-0.931321955 -0.317165836 0.179011868 0.999000999 0.9578955688
-0.951091818 -0.241989576 0.192003643 0.999000999 0.9578955688
-0.958421253 -0.242710429 0.150067817 0.999000999 0.9578955688
-0.68566225 -0.667855574 -0.289544833 0.999000999 0.9578955688
-0.72867134 -0.632955224 -0.261544955 0.999000999 0.9578955688
-0.707510865 -0.650717648 -0.27567176 0.999000999 0.9578955688
-0.69422398 -0.655746485 -0.296731551 0.999000999 0.9578955688
-0.702594052 -0.643473002 -0.303815888 0.999000999 0.9578955688
-0.813956279 -0.488191119 -0.314872367 0.999000999 0.9578955688
-0.804463713 -0.512704613 -0.299953519 0.999000999 0.9578955688
-0.835175735 -0.47540592 -0.276533366 0.999000999 0.9578955688
-0.768143339 -0.44221485 -0.46303546 0.999000999 0.9578955688
-0.798929023 -0.438899675 -0.411192766 0.999000999 0.9578955688
-0.783926494 -0.440747173 -0.437265574 0.999000999 0.9578955688
-0.779568356 -0.40256468 -0.479807104 0.999000999 0.9578955688
-0.789423716 -0.362190459 -0.495608987 0.999000999 0.9578955688
-0.975670629 -0.055230714 -0.212170667 0.999000999 0.9578955688
-0.979568359 -0.074849562 -0.186663796 0.999000999 0.9578955688
-0.97074591 -0.035500591 -0.237470181 0.999000999 0.9578955688
-0.96249405 -0.044706401 -0.267593986 0.999000999 0.9578955688
-0.953233959 -0.053820968 -0.297402628 0.999000999 0.9578955688
-0.755500377 -0.644293357 0.118765528 0.999000999 0.9578955688
-0.846305121 -0.514540351 0.137898038 0.999000999 0.9578955688
-0.803604441 -0.581073685 0.128737231 0.999000999 0.9578955688
-0.759433892 -0.647505033 0.063224963 0.999000999 0.9578955688
-0.760937323 -0.648773813 0.008181103 0.999000999 0.9578955688
-0.960172115 -0.137252903 -0.243374506 0.999000999 0.9578955688
-0.970803964 -0.106093581 -0.215136736 0.999000999 0.9578955688
-0.957880618 -0.095593022 -0.270789024 0.999000999 0.9578955688
-0.793739104 -0.045524955 -0.606552317 0.999000999 0.9578955688
-0.782774223 -0.01812143 -0.622041904 0.999000999 0.9578955688
-0.763972483 -0.019399508 -0.644957134 0.999000999 0.9578955688
-0.883094645 -0.000610642 -0.469194497 0.999000999 0.9578955688
-0.859260069 -0.001853057 -0.511535629 0.999000999 0.9578955688
-0.895234871 -0.01527086 -0.445332828 0.999000999 0.9578955688
-0.818225784 -0.395452115 -0.41728191 0.999000999 0.9578955688
-0.83568596 -0.350931343 -0.422464401 0.999000999 0.9578955688
-0.813284023 -0.356893438 -0.459560847 0.999000999 0.9578955688
-0.503852515 -0.25156587 -0.826345724 0.999000999 0.9578955688
-0.461558731 -0.19051692 -0.866410319 0.999000999 0.9578955688
-0.48313507 -0.221234904 -0.847133768 0.999000999 0.9578955688
-0.495467313 -0.255032659 -0.830343595 0.999000999 0.9578955688
-0.487057329 -0.258453032 -0.834252473 0.999000999 0.9578955688
-0.91938408 -0.21856703 0.327049486 0.999000999 0.9578955688
-0.915992051 -0.12054541 0.38265829 0.999000999 0.9578955688
-0.891150715 -0.405140969 0.204233197 0.999000999 0.9578955688
-0.911093825 -0.313810626 0.267265659 0.999000999 0.9578955688
-0.907105177 -0.325664482 0.266651164 0.999000999 0.9578955688
-0.881042985 -0.427713499 0.202050541 0.999000999 0.9578955688
-0.903041733 -0.337390804 0.265862886 0.999000999 0.9578955688
-0.923164847 -0.118336327 0.365736489 0.999000999 0.9578955688
-0.923172523 -0.228321108 0.309228014 0.999000999 0.9578955688
-0.93021632 -0.115933446 0.348219807 0.999000999 0.9578955688
-0.775565468 -0.63013878 0.037726941 0.999000999 0.9578955688
-0.822682519 -0.560617148 0.094349805 0.999000999 0.9578955688
-0.849236385 -0.506970277 0.147576086 0.999000999 0.9578955688
-0.855339889 -0.496220532 0.148858513 0.999000999 0.9578955688
-0.861356674 -0.48534417 0.150019055 0.999000999 0.9578955688
-0.717587049 -0.283238365 -0.636274199 0.999000999 0.9578955688
-0.964332035 -0.213191409 -0.156885784 0.999000999 0.9578955688
-0.821557163 -0.53024557 -0.209483803 0.999000999 0.9578955688
-0.996121511 -0.084370891 -0.024969759 0.999000999 0.9578955688
-0.994099814 -0.104899015 0.027599945 0.999000999 0.9578955688
-0.997639039 -0.062471566 0.028524564 0.999000999 0.9578955688
-0.770803142 -0.636462276 0.027897798 0.999000999 0.9578955688
-0.765941111 -0.642658097 0.018021794 0.999000999 0.9578955688
-0.811877638 -0.577863658 0.083236366 0.999000999 0.9578955688
-0.41622968 -0.008323643 -0.909221409 0.999000999 0.9578955688
-0.4179243 -0.001905686 -0.908479855 0.999000999 0.9578955688
-0.39087716 0.009376193 -0.920395096 0.999000999 0.9578955688
-0.46902994 -0.030856978 -0.882643055 0.999000999 0.9578955688
-0.444559931 -0.013173974 -0.895652228 0.999000999 0.9578955688
-0.419607027 0.004524047 -0.907694594 0.999000999 0.9578955688
-0.39419632 0.022204715 -0.918757972 0.999000999 0.9578955688
-0.798679182 -0.555992268 -0.230182889 0.999000999 0.9578955688
-0.75629614 -0.586127009 -0.29063943 0.999000999 0.9578955688
-0.778106582 -0.571499133 -0.260650892 0.999000999 0.9578955688
-0.773221448 -0.585383936 -0.243832403 0.999000999 0.9578955688
-0.746476083 -0.613732795 -0.257109926 0.999000999 0.9578955688
-0.673838048 -0.601596437 -0.4289802 0.999000999 0.9578955688
-0.66803083 -0.587886052 -0.45620697 0.999000999 0.9578955688
-0.657801093 -0.610578312 -0.441012298 0.999000999 0.9578955688
-0.73397695 -0.619467884 -0.278455343 0.999000999 0.9578955688
-0.74347515 -0.591580414 -0.311893115 0.999000999 0.9578955688
-0.738915383 -0.605664356 -0.295253697 0.999000999 0.9578955688
-0.721001468 -0.624794663 -0.299647313 0.999000999 0.9578955688
-0.707575991 -0.629707183 -0.320632315 0.999000999 0.9578955688
-0.433035174 -0.030952221 -0.900845435 0.999000999 0.9578955688
-0.414772382 -0.030969609 -0.909398018 0.999000999 0.9578955688
-0.451126646 -0.030908738 -0.891924548 0.999000999 0.9578955688
-0.424678364 -0.019635446 -0.905131337 0.999000999 0.9578955688
-0.397804947 -0.008351714 -0.917431999 0.999000999 0.9578955688
-0.569110199 -0.103720225 -0.815693384 0.999000999 0.9578955688
-0.53547773 -0.08229675 -0.840530098 0.999000999 0.9578955688
-0.540807847 -0.100923046 -0.835069705 0.999000999 0.9578955688
-0.727358442 -0.600286941 -0.332573728 0.999000999 0.9578955688
-0.710673276 -0.608546037 -0.353008804 0.999000999 0.9578955688
-0.709253298 -0.619253018 -0.336876028 0.999000999 0.9578955688
-0.060585224 -0.481620617 -0.874283142 0.999000999 0.9578955688
-0.083949965 -0.501415433 -0.861124246 0.999000999 0.9578955688
-0.060098096 -0.511956893 -0.856906272 0.999000999 0.9578955688
-0.108152042 -0.459829423 -0.88139664 0.999000999 0.9578955688
-0.131537448 -0.479320777 -0.867726623 0.999000999 0.9578955688
-0.107800971 -0.490521606 -0.864735511 0.999000999 0.9578955688
-0.107279153 -0.520650801 -0.847002908 0.999000999 0.9578955688
-0.130470579 -0.539274229 -0.831961979 0.999000999 0.9578955688
-0.106607932 -0.550111384 -0.828258543 0.999000999 0.9578955688
0.17032696 -0.642869151 -0.746798488 0.999000999 0.9578955688
0.143533152 -0.616625061 -0.774061863 0.999000999 0.9578955688
0.167948228 -0.615209918 -0.770266284 0.999000999 0.9578955688
0.121474735 -0.645419885 -0.754106796 0.999000999 0.9578955688
0.094392096 -0.618294421 -0.78025774 0.999000999 0.9578955688
0.11896585 -0.617670966 -0.777386458 0.999000999 0.9578955688
0.116366489 -0.589063656 -0.799664211 0.999000999 0.9578955688
0.088947373 -0.560270525 -0.823520069 0.999000999 0.9578955688
0.113611418 -0.559714565 -0.820860555 0.999000999 0.9578955688
0.387298968 -0.855483821 -0.343725097 0.999000999 0.9578955688
0.430420834 -0.849556786 -0.304944542 0.999000999 0.9578955688
0.392037018 -0.872115349 -0.292782845 0.999000999 0.9578955688
0.462426964 -0.807285909 -0.366675283 0.999000999 0.9578955688
0.504654224 -0.79896531 -0.327075753 0.999000999 0.9578955688
0.468109235 -0.825069594 -0.316439424 0.999000999 0.9578955688
0.472301236 -0.840623772 -0.26510982 0.999000999 0.9578955688
0.512495918 -0.828803306 -0.22457296 0.999000999 0.9578955688
0.475056505 -0.85373268 -0.213217796 0.999000999 0.9578955688
0.634187828 -0.770643 0.062571273 0.999000999 0.9578955688
0.617726516 -0.78351926 0.067167851 0.999000999 0.9578955688
0.68578229 -0.727756337 -0.008565379 0.999000999 0.9578955688
0.476404354 -0.853607971 0.210694859 0.999000999 0.9578955688
0.457410759 -0.86298688 0.214543798 0.999000999 0.9578955688
0.541218901 -0.828833268 0.141836224 0.999000999 0.9578955688
0.600854669 -0.796147604 0.071572764 0.999000999 0.9578955688
0.583840594 -0.808288693 0.076154776 0.999000999 0.9578955688
0.654880676 -0.755731833 0.00083447 0.999000999 0.9578955688
0.01645308 -0.613255486 -0.789713243 0.999000999 0.9578955688
0.002261717 -0.614034189 -0.789276187 0.999000999 0.9578955688
-0.012960826 -0.578210651 -0.815784567 0.999000999 0.9578955688
0.046782613 -0.680521004 -0.731233581 0.999000999 0.9578955688
0.032543737 -0.681564211 -0.731034289 0.999000999 0.9578955688
0.017422613 -0.648525583 -0.760993443 0.999000999 0.9578955688
-0.011986816 -0.614718368 -0.788655593 0.999000999 0.9578955688
-0.026175089 -0.615262578 -0.787887571 0.999000999 0.9578955688
-0.04130525 -0.579191919 -0.814144089 0.999000999 0.9578955688
0.304388372 -0.711354339 -0.633500373 0.999000999 0.9578955688
0.302485011 -0.689998281 -0.657575235 0.999000999 0.9578955688
0.337736314 -0.71001234 -0.617913149 0.999000999 0.9578955688
0.231984057 -0.666622141 -0.708377243 0.999000999 0.9578955688
0.229291347 -0.643243142 -0.730522921 0.999000999 0.9578955688
0.266282259 -0.667704022 -0.695172711 0.999000999 0.9578955688
0.300288814 -0.667864074 -0.681017038 0.999000999 0.9578955688
0.297690038 -0.645114256 -0.703710337 0.999000999 0.9578955688
0.333798846 -0.667199679 -0.665900082 0.999000999 0.9578955688
0.170751935 -0.523520488 -0.834727546 0.999000999 0.9578955688
0.198031443 -0.52652218 -0.826775629 0.999000999 0.9578955688
0.198505241 -0.541165456 -0.817150916 0.999000999 0.9578955688
0.169586345 -0.493626674 -0.852979002 0.999000999 0.9578955688
0.196940898 -0.496726525 -0.845267438 0.999000999 0.9578955688
0.197519746 -0.511691296 -0.836156664 0.999000999 0.9578955688
0.225172235 -0.529068211 -0.818159088 0.999000999 0.9578955688
0.252112587 -0.531184527 -0.808877149 0.999000999 0.9578955688
0.252495225 -0.545712151 -0.799027164 0.999000999 0.9578955688
0.592053827 -0.592165355 -0.546637411 0.999000999 0.9578955688
0.572235844 -0.607884682 -0.550474661 0.999000999 0.9578955688
0.565714133 -0.601504649 -0.564056448 0.999000999 0.9578955688
0.604528526 -0.604341447 -0.518957297 0.999000999 0.9578955688
0.584803471 -0.620183923 -0.522854475 0.999000999 0.9578955688
0.578599703 -0.614121895 -0.536727754 0.999000999 0.9578955688
0.55203862 -0.623226015 -0.553933838 0.999000999 0.9578955688
0.53148972 -0.638150057 -0.557030683 0.999000999 0.9578955688
0.52488894 -0.631645375 -0.57053985 0.999000999 0.9578955688
-0.149353218 -0.401484148 -0.903606161 0.999000999 0.9578955688
-0.139655596 -0.429434924 -0.892234252 0.999000999 0.9578955688
-0.153007032 -0.41598812 -0.896405451 0.999000999 0.9578955688
-0.122658153 -0.428369995 -0.895239703 0.999000999 0.9578955688
-0.112798799 -0.455846774 -0.88288173 0.999000999 0.9578955688
-0.126242922 -0.44272228 -0.887727271 0.999000999 0.9578955688
-0.129809017 -0.456956511 -0.879966116 0.999000999 0.9578955688
-0.119824595 -0.484012932 -0.866818059 0.999000999 0.9578955688
-0.13333194 -0.471058849 -0.871966831 0.999000999 0.9578955688
0.259399266 -0.954286373 -0.14849087 0.999000999 0.9578955688
0.203968 -0.966349228 -0.15673616 0.999000999 0.9578955688
0.228855383 -0.948576985 -0.218693661 0.999000999 0.9578955688
0.20682724 -0.978101105 -0.0232534 0.999000999 0.9578955688
0.150385382 -0.988145539 -0.030864719 0.999000999 0.9578955688
0.177577591 -0.97962538 -0.093809983 0.999000999 0.9578955688
0.147335894 -0.975353668 -0.164247853 0.999000999 0.9578955688
0.090699912 -0.981086167 -0.171007191 0.999000999 0.9578955688
0.11671328 -0.965323614 -0.233513019 0.999000999 0.9578955688
-0.049846382 -0.613058443 -0.788463495 0.999000999 0.9578955688
-0.068478867 -0.610679669 -0.788911267 0.999000999 0.9578955688
-0.074070045 -0.577005281 -0.813374781 0.999000999 0.9578955688
-0.038352777 -0.676860828 -0.735111205 0.999000999 0.9578955688
-0.057074584 -0.674769168 -0.735818633 0.999000999 0.9578955688
-0.062833789 -0.643302952 -0.763028982 0.999000999 0.9578955688
-0.087154127 -0.608111226 -0.789053163 0.999000999 0.9578955688
-0.10573489 -0.605323898 -0.788925289 0.999000999 0.9578955688
-0.11119249 -0.571392115 -0.813109636 0.999000999 0.9578955688
-0.04539909 -0.437165801 -0.898234371 0.999000999 0.9578955688
-0.046295193 -0.452589276 -0.890516537 0.999000999 0.9578955688
-0.061505554 -0.435442677 -0.898112878 0.999000999 0.9578955688
-0.014940502 -0.470950462 -0.882033131 0.999000999 0.9578955688
-0.015813653 -0.486096202 -0.873762216 0.999000999 0.9578955688
-0.031058662 -0.469479929 -0.882396711 0.999000999 0.9578955688
-0.047178315 -0.46788571 -0.882528849 0.999000999 0.9578955688
-0.048036904 -0.483035221 -0.874282238 0.999000999 0.9578955688
-0.063275138 -0.466161489 -0.882433976 0.999000999 0.9578955688
0.248876775 -0.895032796 -0.37010356 0.999000999 0.9578955688
0.207097835 -0.89680572 -0.390960339 0.999000999 0.9578955688
0.231104786 -0.882459154 -0.409702843 0.999000999 0.9578955688
0.200408695 -0.921780661 -0.331898731 0.999000999 0.9578955688
0.158225266 -0.922454574 -0.352196428 0.999000999 0.9578955688
0.182739173 -0.910175729 -0.371734499 0.999000999 0.9578955688
0.16474968 -0.8966602 -0.410923385 0.999000999 0.9578955688
0.122106257 -0.894572583 -0.429918545 0.999000999 0.9578955688
0.14648951 -0.881336997 -0.449205878 0.999000999 0.9578955688
0.403577099 -0.895397812 0.188117736 0.999000999 0.9578955688
0.332086734 -0.919153852 0.21183625 0.999000999 0.9578955688
0.371785013 -0.914308603 0.160672591 0.999000999 0.9578955688
0.322565297 -0.901285114 0.28920023 0.999000999 0.9578955688
0.248207766 -0.917343803 0.311244682 0.999000999 0.9578955688
0.290810987 -0.920119884 0.262313495 0.999000999 0.9578955688
0.258347494 -0.937173751 0.234439617 0.999000999 0.9578955688
0.183270719 -0.949196293 0.255808994 0.999000999 0.9578955688
0.225618841 -0.952120688 0.206306407 0.999000999 0.9578955688
0.459893334 -0.684820518 -0.565260099 0.999000999 0.9578955688
0.502737292 -0.67738523 -0.53703302 0.999000999 0.9578955688
0.487982896 -0.690223952 -0.534287927 0.999000999 0.9578955688
0.489456063 -0.65926564 -0.570790311 0.999000999 0.9578955688
0.531702349 -0.650880349 -0.54189241 0.999000999 0.9578955688
0.517332707 -0.664232828 -0.53959394 0.999000999 0.9578955688
0.544267175 -0.668079969 -0.507387817 0.999000999 0.9578955688
0.584320432 -0.656968755 -0.476404962 0.999000999 0.9578955688
0.570221759 -0.670730865 -0.474307129 0.999000999 0.9578955688
-0.062041933 -0.506523093 -0.859991369 0.999000999 0.9578955688
-0.076860641 -0.510791981 -0.856261639 0.999000999 0.9578955688
-0.078954459 -0.485644829 -0.870583307 0.999000999 0.9578955688
-0.057707424 -0.555640072 -0.829417846 0.999000999 0.9578955688
-0.072526706 -0.559787675 -0.825456017 0.999000999 0.9578955688
-0.074722669 -0.535520982 -0.841209725 0.999000999 0.9578955688
-0.091680566 -0.514944154 -0.852306982 0.999000999 0.9578955688
-0.106451899 -0.51896609 -0.848140431 0.999000999 0.9578955688
-0.108536555 -0.4939376 -0.862696623 0.999000999 0.9578955688
-0.008916719 -0.7088284 -0.7053246 0.999000999 0.9578955688
0.02542913 -0.758637245 -0.651016813 0.999000999 0.9578955688
0.001783161 -0.757521758 -0.652807481 0.999000999 0.9578955688
0.038250506 -0.711292726 -0.70185437 0.999000999 0.9578955688
0.072897719 -0.759599369 -0.646293061 0.999000999 0.9578955688
0.049301476 -0.759292188 -0.648879602 0.999000999 0.9578955688
0.059846937 -0.803398975 -0.592425886 0.999000999 0.9578955688
0.093876364 -0.842798606 -0.529978998 0.999000999 0.9578955688
0.070086594 -0.843250288 -0.532932285 0.999000999 0.9578955688
-0.125461807 -0.485677983 -0.865087413 0.999000999 0.9578955688
-0.135447694 -0.458627978 -0.878245011 0.999000999 0.9578955688
-0.129733293 -0.460951024 -0.877891466 0.999000999 0.9578955688
-0.139597826 -0.433494958 -0.890277804 0.999000999 0.9578955688
-0.137534151 -0.446105197 -0.884349767 0.999000999 0.9578955688
-0.145295098 -0.431116352 -0.89052121 0.999000999 0.9578955688
-0.15499446 -0.403171499 -0.901903243 0.999000999 0.9578955688
0.018141998 -0.743833532 -0.668118661 0.999000999 0.9578955688
0.036835428 -0.781699302 -0.622566746 0.999000999 0.9578955688
-0.019490591 -0.659662617 -0.75130909 0.999000999 0.9578955688
-0.0006505 -0.703093751 -0.711096867 0.999000999 0.9578955688
-0.005061673 -0.718401173 -0.69561062 0.999000999 0.9578955688
-0.028176294 -0.691557812 -0.721771355 0.999000999 0.9578955688
-0.009391082 -0.733337376 -0.679800044 0.999000999 0.9578955688
0.105521282 -0.467849219 -0.877486392 0.999000999 0.9578955688
0.127392345 -0.486915264 -0.864109204 0.999000999 0.9578955688
0.10620143 -0.483209201 -0.869039771 0.999000999 0.9578955688
0.14785923 -0.475147283 -0.867394205 0.999000999 0.9578955688
0.148534033 -0.49038277 -0.858756298 0.999000999 0.9578955688
0.149146187 -0.505482887 -0.849848496 0.999000999 0.9578955688
0.149716688 -0.520413699 -0.840686918 0.999000999 0.9578955688
0.376426844 -0.888345264 -0.262955362 0.999000999 0.9578955688
0.332991909 -0.893430466 -0.301493602 0.999000999 0.9578955688
0.459158544 -0.869323171 -0.182895206 0.999000999 0.9578955688
0.418569909 -0.880314406 -0.223261682 0.999000999 0.9578955688
0.360277424 -0.903407258 -0.232498397 0.999000999 0.9578955688
0.34376664 -0.917095651 -0.201891218 0.999000999 0.9578955688
0.300686572 -0.9227765 -0.240979496 0.999000999 0.9578955688
0.378734738 -0.918589313 0.112932155 0.999000999 0.9578955688
0.397234675 -0.914917675 0.071625846 0.999000999 0.9578955688
0.460007066 -0.882808745 0.095090579 0.999000999 0.9578955688
0.247062764 -0.966850535 0.064498319 0.999000999 0.9578955688
0.265519387 -0.963841365 0.022567206 0.999000999 0.9578955688
0.332167198 -0.942040586 0.047164464 0.999000999 0.9578955688
0.41481563 -0.909424902 0.029569265 0.999000999 0.9578955688
0.43137962 -0.902089752 -0.012070742 0.999000999 0.9578955688
0.493917244 -0.869423206 0.012208368 0.999000999 0.9578955688
0.025212151 -0.595675083 -0.80282971 0.999000999 0.9578955688
0.040427807 -0.630557526 -0.775088898 0.999000999 0.9578955688
0.073094656 -0.629972938 -0.773169625 0.999000999 0.9578955688
0.088217996 -0.663120692 -0.743295724 0.999000999 0.9578955688
0.064390195 -0.64718181 -0.759611485 0.999000999 0.9578955688
0.05558542 -0.664049801 -0.745619288 0.999000999 0.9578955688
0.070652558 -0.696041569 -0.714516865 0.999000999 0.9578955688
-0.054757136 -0.551059153 -0.83266768 0.999000999 0.9578955688
-0.101218311 -0.588200569 -0.802355871 0.999000999 0.9578955688
-0.078086402 -0.569950383 -0.817960314 0.999000999 0.9578955688
-0.049351779 -0.589033624 -0.806600143 0.999000999 0.9578955688
-0.043897772 -0.625696116 -0.778830762 0.999000999 0.9578955688
0.546786247 -0.804703217 0.231252098 0.999000999 0.9578955688
0.481849272 -0.839807409 0.250089573 0.999000999 0.9578955688
0.640226587 -0.744790646 0.188140402 0.999000999 0.9578955688
0.191878719 -0.923194848 0.333007253 0.999000999 0.9578955688
0.116851411 -0.932037086 0.343005275 0.999000999 0.9578955688
0.305146969 -0.903033775 0.302349678 0.999000999 0.9578955688
0.414076001 -0.87011824 0.267273855 0.999000999 0.9578955688
0.343951911 -0.895250029 0.283239244 0.999000999 0.9578955688
0.517187047 -0.824739643 0.228740202 0.999000999 0.9578955688
0.212521656 -0.567922758 -0.79517186 0.999000999 0.9578955688
0.218342121 -0.593692648 -0.774503556 0.999000999 0.9578955688
0.177398872 -0.56490368 -0.805861944 0.999000999 0.9578955688
0.292687972 -0.621273083 -0.726879294 0.999000999 0.9578955688
0.258503311 -0.620475496 -0.740395973 0.999000999 0.9578955688
0.223896433 -0.618859594 -0.752916456 0.999000999 0.9578955688
0.189079472 -0.616320026 -0.764459665 0.999000999 0.9578955688
0.500069505 -0.547954275 -0.670579304 0.999000999 0.9578955688
0.443436399 -0.540013541 -0.715366714 0.999000999 0.9578955688
0.470747092 -0.53676843 -0.700197706 0.999000999 0.9578955688
0.446146222 -0.555186478 -0.701941253 0.999000999 0.9578955688
0.387507747 -0.544911678 -0.743578516 0.999000999 0.9578955688
0.415659095 -0.542766735 -0.72981627 0.999000999 0.9578955688
0.384434484 -0.52926426 -0.756365963 0.999000999 0.9578955688
0.323397079 -0.515754037 -0.793354966 0.999000999 0.9578955688
0.3524874 -0.51480862 -0.781488783 0.999000999 0.9578955688
0.314808416 -0.551271231 -0.772654962 0.999000999 0.9578955688
0.359220796 -0.568330572 -0.740243731 0.999000999 0.9578955688
0.324295556 -0.565599261 -0.7582413 0.999000999 0.9578955688
0.384522047 -0.556607746 -0.736430996 0.999000999 0.9578955688
0.427353712 -0.571169601 -0.700809597 0.999000999 0.9578955688
0.393611731 -0.570164733 -0.721097762 0.999000999 0.9578955688
0.402465615 -0.583490922 -0.70537917 0.999000999 0.9578955688
0.444391862 -0.596677645 -0.668200316 0.999000999 0.9578955688
0.411132885 -0.59648446 -0.689330138 0.999000999 0.9578955688
0.601749951 -0.776153835 -0.18836725 0.999000999 0.9578955688
0.573476453 -0.801074677 -0.171476295 0.999000999 0.9578955688
0.600469069 -0.767748438 -0.223605082 0.999000999 0.9578955688
0.542682004 -0.835848236 -0.082788701 0.999000999 0.9578955688
0.511585661 -0.856752713 -0.065229602 0.999000999 0.9578955688
0.543792904 -0.830800259 -0.118575746 0.999000999 0.9578955688
0.544146832 -0.82467869 -0.15430257 0.999000999 0.9578955688
0.514011075 -0.846811133 -0.136760814 0.999000999 0.9578955688
0.543911289 -0.817414114 -0.189722628 0.999000999 0.9578955688
0.170855817 -0.735489016 -0.655640296 0.999000999 0.9578955688
0.14364249 -0.712903152 -0.686393422 0.999000999 0.9578955688
0.179816308 -0.719599176 -0.670703452 0.999000999 0.9578955688
0.098334225 -0.720937626 -0.685987842 0.999000999 0.9578955688
0.107197884 -0.705058104 -0.701000488 0.999000999 0.9578955688
0.116072666 -0.688742719 -0.715653969 0.999000999 0.9578955688
0.124852909 -0.672095532 -0.729862553 0.999000999 0.9578955688
0.029078938 -0.441181174 -0.896946814 0.999000999 0.9578955688
0.047987498 -0.46595105 -0.883508245 0.999000999 0.9578955688
0.029569975 -0.458287708 -0.888311879 0.999000999 0.9578955688
0.065898179 -0.456489816 -0.887284891 0.999000999 0.9578955688
0.084761207 -0.480696751 -0.872780712 0.999000999 0.9578955688
0.06639815 -0.4734175 -0.878332031 0.999000999 0.9578955688
0.06685412 -0.490183582 -0.869051542 0.999000999 0.9578955688
0.085650037 -0.513840074 -0.853599701 0.999000999 0.9578955688
0.067291855 -0.50675828 -0.859457882 0.999000999 0.9578955688
0.652745263 -0.638930132 -0.40705271 0.999000999 0.9578955688
0.642190851 -0.656109976 -0.396371809 0.999000999 0.9578955688
0.644258478 -0.645667388 -0.409932479 0.999000999 0.9578955688
0.648477336 -0.659686112 -0.37985705 0.999000999 0.9578955688
0.637478993 -0.676411891 -0.368900376 0.999000999 0.9578955688
0.639932605 -0.666359459 -0.382689605 0.999000999 0.9578955688
0.631302348 -0.672950134 -0.385480821 0.999000999 0.9578955688
0.620090048 -0.689436988 -0.374386126 0.999000999 0.9578955688
0.622597694 -0.679453358 -0.388220615 0.999000999 0.9578955688
0.465873671 -0.618858816 -0.632436154 0.999000999 0.9578955688
0.436427387 -0.629137999 -0.643207986 0.999000999 0.9578955688
0.422919069 -0.618945858 -0.661850048 0.999000999 0.9578955688
0.491569501 -0.637421836 -0.593340399 0.999000999 0.9578955688
0.462555753 -0.648395321 -0.604669896 0.999000999 0.9578955688
0.449633961 -0.638985042 -0.624121316 0.999000999 0.9578955688
0.406480797 -0.638785879 -0.653242652 0.999000999 0.9578955688
0.376116149 -0.647715693 -0.662571524 0.999000999 0.9578955688
0.362251184 -0.636834025 -0.680600106 0.999000999 0.9578955688
0.471097407 -0.582058764 -0.662778114 0.999000999 0.9578955688
0.479220552 -0.594301348 -0.645874268 0.999000999 0.9578955688
0.454185486 -0.556638956 -0.695606654 0.999000999 0.9578955688
0.462753053 -0.569477872 -0.679378073 0.999000999 0.9578955688
0.497367568 -0.566836927 -0.656750638 0.999000999 0.9578955688
0.523137625 -0.551091221 -0.650096525 0.999000999 0.9578955688
0.531104487 -0.563241874 -0.632998117 0.999000999 0.9578955688
-0.040824752 -0.391902506 -0.91910052 0.999000999 0.9578955688
-0.073850801 -0.406340311 -0.910732458 0.999000999 0.9578955688
-0.033070737 -0.40693807 -0.912856907 0.999000999 0.9578955688
-0.122202059 -0.389826272 -0.912744287 0.999000999 0.9578955688
-0.114529159 -0.405073243 -0.907082543 0.999000999 0.9578955688
-0.106797199 -0.420230191 -0.90111095 0.999000999 0.9578955688
-0.099031192 -0.435201473 -0.894870103 0.999000999 0.9578955688
-0.031738047 -0.507770104 -0.860907787 0.999000999 0.9578955688
-0.047853191 -0.506199761 -0.861087611 0.999000999 0.9578955688
0.00053464 -0.510522741 -0.859864086 0.999000999 0.9578955688
-0.015591669 -0.509207324 -0.860502644 0.999000999 0.9578955688
-0.015382761 -0.531968629 -0.846624326 0.999000999 0.9578955688
0.000990022 -0.555593296 -0.831453613 0.999000999 0.9578955688
-0.015161678 -0.554340322 -0.832151988 0.999000999 0.9578955688
0.58523682 -0.67940695 -0.442610507 0.999000999 0.9578955688
0.545653715 -0.691075474 -0.474000752 0.999000999 0.9578955688
0.535756655 -0.71959547 -0.441754645 0.999000999 0.9578955688
0.494793482 -0.729660711 -0.471990103 0.999000999 0.9578955688
0.520470014 -0.710770611 -0.473197742 0.999000999 0.9578955688
0.50454332 -0.700939854 -0.504102528 0.999000999 0.9578955688
0.462098896 -0.708946057 -0.532785227 0.999000999 0.9578955688
0.201907793 -0.948431745 -0.244357253 0.999000999 0.9578955688
0.257372837 -0.936992421 -0.236229602 0.999000999 0.9578955688
0.089141035 -0.961915759 -0.258402687 0.999000999 0.9578955688
0.14573181 -0.956754664 -0.251759315 0.999000999 0.9578955688
0.174630607 -0.946961137 -0.269756845 0.999000999 0.9578955688
0.147098914 -0.944218125 -0.294642226 0.999000999 0.9578955688
0.203298529 -0.936024386 -0.287276969 0.999000999 0.9578955688
0.544476416 -0.836653968 -0.059628607 0.999000999 0.9578955688
0.530112214 -0.847733885 -0.018119081 0.999000999 0.9578955688
0.610190332 -0.783160667 -0.119695983 0.999000999 0.9578955688
0.598324691 -0.797419193 -0.078295552 0.999000999 0.9578955688
0.565024618 -0.823661999 -0.048250305 0.999000999 0.9578955688
0.514808921 -0.856980738 0.023575187 0.999000999 0.9578955688
0.498385142 -0.86450675 0.065117819 0.999000999 0.9578955688
0.221769818 -0.89361818 0.390211091 0.999000999 0.9578955688
0.164210989 -0.911563914 0.376942942 0.999000999 0.9578955688
0.223087844 -0.918789344 0.325665404 0.999000999 0.9578955688
0.101722352 -0.86739752 0.487107899 0.999000999 0.9578955688
0.103763279 -0.898794263 0.425913201 0.999000999 0.9578955688
0.105464447 -0.926096596 0.362246249 0.999000999 0.9578955688
0.107070183 -0.948762216 0.297298223 0.999000999 0.9578955688
0.56397229 -0.556983963 -0.609675423 0.999000999 0.9578955688
0.5388565 -0.573420627 -0.61710814 0.999000999 0.9578955688
0.578615722 -0.57645892 -0.576973968 0.999000999 0.9578955688
0.553653202 -0.593113949 -0.584537403 0.999000999 0.9578955688
0.546372167 -0.583400695 -0.600933511 0.999000999 0.9578955688
0.513213349 -0.589348941 -0.623922979 0.999000999 0.9578955688
0.487098385 -0.604697295 -0.63013994 0.999000999 0.9578955688
0.36082367 -0.659849766 -0.659093746 0.999000999 0.9578955688
0.362932331 -0.681587599 -0.635388438 0.999000999 0.9578955688
0.417645681 -0.686104446 -0.595678416 0.999000999 0.9578955688
0.418922867 -0.706363871 -0.570573145 0.999000999 0.9578955688
0.391344119 -0.694656548 -0.603574404 0.999000999 0.9578955688
0.36466324 -0.702652506 -0.61098296 0.999000999 0.9578955688
0.366070862 -0.722932547 -0.585969843 0.999000999 0.9578955688
-0.042261394 -0.432208923 -0.900782672 0.999000999 0.9578955688
-0.075279897 -0.446317944 -0.891702433 0.999000999 0.9578955688
-0.051432799 -0.45713666 -0.88790807 0.999000999 0.9578955688
-0.129375784 -0.491593931 -0.861160446 0.999000999 0.9578955688
-0.124974884 -0.515845734 -0.847516641 0.999000999 0.9578955688
-0.127185512 -0.503769942 -0.854423602 0.999000999 0.9578955688
-0.128857625 -0.521637962 -0.843379837 0.999000999 0.9578955688
-0.128180439 -0.551045952 -0.824571485 0.999000999 0.9578955688
0.239486175 -0.570046113 -0.785934985 0.999000999 0.9578955688
0.292851063 -0.572904765 -0.765518377 0.999000999 0.9578955688
0.266312107 -0.5716749 -0.776057775 0.999000999 0.9578955688
0.279688788 -0.59690966 -0.751979415 0.999000999 0.9578955688
0.318927796 -0.621651151 -0.715426382 0.999000999 0.9578955688
0.533889128 -0.544455876 -0.646939099 0.999000999 0.9578955688
0.507814346 -0.549055952 -0.663823886 0.999000999 0.9578955688
0.548886253 -0.546141625 -0.632813722 0.999000999 0.9578955688
0.515502942 -0.550105382 -0.656993748 0.999000999 0.9578955688
0.481236789 -0.553120983 -0.680050242 0.999000999 0.9578955688
0.53629571 -0.728997828 -0.425381098 0.999000999 0.9578955688
0.519061185 -0.745975279 -0.41724857 0.999000999 0.9578955688
0.492699026 -0.755210117 -0.432325513 0.999000999 0.9578955688
0.586866744 -0.70759572 -0.393567937 0.999000999 0.9578955688
0.570187531 -0.725312198 -0.385756911 0.999000999 0.9578955688
0.544907396 -0.736016462 -0.401691047 0.999000999 0.9578955688
0.501495545 -0.762494463 -0.408784065 0.999000999 0.9578955688
0.483612816 -0.778492529 -0.400085024 0.999000999 0.9578955688
0.456772199 -0.786939409 -0.414831923 0.999000999 0.9578955688
0.306170936 -0.893895461 -0.327429782 0.999000999 0.9578955688
0.287249995 -0.894778345 -0.34184668 0.999000999 0.9578955688
0.329790047 -0.878440182 -0.345805395 0.999000999 0.9578955688
0.219760805 -0.922283391 -0.317959959 0.999000999 0.9578955688
0.244074901 -0.909238934 -0.337212104 0.999000999 0.9578955688
0.268132253 -0.895148736 -0.356109302 0.999000999 0.9578955688
0.291900225 -0.880066148 -0.374536825 0.999000999 0.9578955688
0.073918921 -0.960527044 0.268186114 0.999000999 0.9578955688
0.132551947 -0.949704609 0.2837096 0.999000999 0.9578955688
0.1248681 -0.962431237 0.241110084 0.999000999 0.9578955688
0.157999485 -0.94986514 0.269800626 0.999000999 0.9578955688
0.190758241 -0.935288117 0.298072864 0.999000999 0.9578955688
0.692720723 -0.705930004 -0.147651038 0.999000999 0.9578955688
0.676219434 -0.724137446 -0.135470427 0.999000999 0.9578955688
0.690439273 -0.699074463 -0.185979853 0.999000999 0.9578955688
0.659140726 -0.75062735 -0.045739321 0.999000999 0.9578955688
0.640847852 -0.766945123 -0.033304796 0.999000999 0.9578955688
0.659659331 -0.746798441 -0.084508321 0.999000999 0.9578955688
0.659155848 -0.741846986 -0.123193412 0.999000999 0.9578955688
0.641669748 -0.758939465 -0.110773749 0.999000999 0.9578955688
0.657725021 -0.735710432 -0.161641449 0.999000999 0.9578955688
0.332167106 -0.784996881 -0.522919602 0.999000999 0.9578955688
0.37894328 -0.772057723 -0.510224326 0.999000999 0.9578955688
0.376009374 -0.788979655 -0.485930092 0.999000999 0.9578955688
0.337139418 -0.749215203 -0.570099634 0.999000999 0.9578955688
0.383971956 -0.736040557 -0.557503215 0.999000999 0.9578955688
0.381631315 -0.75434001 -0.534161669 0.999000999 0.9578955688
0.424855488 -0.757063335 -0.496339522 0.999000999 0.9578955688
0.469616578 -0.740186759 -0.481231578 0.999000999 0.9578955688
0.466596895 -0.757313333 -0.456906832 0.999000999 0.9578955688
0.643421355 -0.63597328 -0.426083263 0.999000999 0.9578955688
0.632831356 -0.631872669 -0.44750576 0.999000999 0.9578955688
0.644133954 -0.62429411 -0.441982254 0.999000999 0.9578955688
0.620673211 -0.650975304 -0.437030798 0.999000999 0.9578955688
0.609810137 -0.646619789 -0.45827333 0.999000999 0.9578955688
0.621383304 -0.639320482 -0.452937204 0.999000999 0.9578955688
0.621860369 -0.627406129 -0.468669638 0.999000999 0.9578955688
0.61052374 -0.622575705 -0.489551074 0.999000999 0.9578955688
0.62209525 -0.615252455 -0.484212677 0.999000999 0.9578955688
-0.07543873 -0.471548638 -0.878607353 0.999000999 0.9578955688
-0.074570664 -0.456312445 -0.886689443 0.999000999 0.9578955688
-0.097995012 -0.451675673 -0.886784114 0.999000999 0.9578955688
-0.09710297 -0.43627596 -0.894558159 0.999000999 0.9578955688
-0.085850755 -0.446348086 -0.890731741 0.999000999 0.9578955688
-0.073683022 -0.440935606 -0.894509141 0.999000999 0.9578955688
-0.072777777 -0.425431243 -0.902059672 0.999000999 0.9578955688
0.049063662 -0.591889388 -0.804524524 0.999000999 0.9578955688
0.073030908 -0.609068644 -0.789747981 0.999000999 0.9578955688
0.025009039 -0.574066939 -0.818426354 0.999000999 0.9578955688
0.02485097 -0.552024382 -0.833457564 0.999000999 0.9578955688
0.024646386 -0.52961528 -0.847879833 0.999000999 0.9578955688
0.282079527 -0.535573737 -0.79598487 0.999000999 0.9578955688
0.31771996 -0.539549196 -0.779705516 0.999000999 0.9578955688
0.287688618 -0.511773271 -0.809520462 0.999000999 0.9578955688
0.320596403 -0.527685109 -0.786617043 0.999000999 0.9578955688
0.352894634 -0.542651296 -0.762230246 0.999000999 0.9578955688
0.017856905 -0.793119086 -0.608804768 0.999000999 0.9578955688
0.040907497 -0.81486136 -0.578210637 0.999000999 0.9578955688
-0.028512833 -0.745099887 -0.666343138 0.999000999 0.9578955688
-0.005353324 -0.769843507 -0.638210245 0.999000999 0.9578955688
-0.001258823 -0.804005036 -0.594621154 0.999000999 0.9578955688
-0.020288911 -0.814311319 -0.580073647 0.999000999 0.9578955688
0.002924177 -0.835658309 -0.549241877 0.999000999 0.9578955688
0.380536392 -0.88748914 0.259913602 0.999000999 0.9578955688
0.406534787 -0.880173616 0.244997702 0.999000999 0.9578955688
0.307247944 -0.894698157 0.324212753 0.999000999 0.9578955688
0.561536182 -0.822288079 0.092300762 0.999000999 0.9578955688
0.499259046 -0.851196423 0.161879753 0.999000999 0.9578955688
0.432228507 -0.871952504 0.229950752 0.999000999 0.9578955688
0.360968391 -0.8844619 0.295683899 0.999000999 0.9578955688
0.249711501 -0.891809989 0.377252052 0.999000999 0.9578955688
0.304963796 -0.885550231 0.350425272 0.999000999 0.9578955688
0.277507339 -0.889076118 0.364051278 0.999000999 0.9578955688
0.190735368 -0.88337676 0.428095223 0.999000999 0.9578955688
0.130572717 -0.869548045 0.476274041 0.999000999 0.9578955688
0.04714729 -0.923524987 -0.380629389 0.999000999 0.9578955688
0.084268702 -0.924542563 -0.37164477 0.999000999 0.9578955688
0.065257228 -0.937546201 -0.341684964 0.999000999 0.9578955688
0.084932026 -0.89438463 -0.439161343 0.999000999 0.9578955688
0.103273212 -0.910187376 -0.401115425 0.999000999 0.9578955688
0.121380551 -0.924179394 -0.362159093 0.999000999 0.9578955688
0.139151199 -0.936279368 -0.322518045 0.999000999 0.9578955688
0.254152525 -0.866914537 -0.428795615 0.999000999 0.9578955688
0.26859058 -0.84808832 -0.456733294 0.999000999 0.9578955688
0.287434146 -0.862272551 -0.416974411 0.999000999 0.9578955688
0.21546601 -0.834958007 -0.506378836 0.999000999 0.9578955688
0.229344744 -0.814214926 -0.533343269 0.999000999 0.9578955688
0.249192453 -0.832041869 -0.495590002 0.999000999 0.9578955688
0.282687356 -0.828072927 -0.48413127 0.999000999 0.9578955688
0.296301043 -0.806994646 -0.510847662 0.999000999 0.9578955688
0.315722006 -0.823108137 -0.472030305 0.999000999 0.9578955688
0.343478588 -0.924351488 -0.166122805 0.999000999 0.9578955688
0.318715949 -0.94212472 -0.104024789 0.999000999 0.9578955688
0.456533815 -0.886503174 -0.075425451 0.999000999 0.9578955688
0.376419203 -0.924628148 -0.05806351 0.999000999 0.9578955688
0.29260915 -0.955373252 -0.040519559 0.999000999 0.9578955688
0.548348025 -0.835619077 0.032483881 0.999000999 0.9578955688
0.494435175 -0.862953806 0.104137346 0.999000999 0.9578955688
0.597577218 -0.800840636 -0.03944291 0.999000999 0.9578955688
0.596035975 -0.802957681 -0.000280313 0.999000999 0.9578955688
0.593331682 -0.804031093 0.038620141 0.999000999 0.9578955688
0.436427796 -0.718542127 -0.5415053 0.999000999 0.9578955688
0.453315837 -0.729853949 -0.511681508 0.999000999 0.9578955688
0.410345963 -0.727611316 -0.549725353 0.999000999 0.9578955688
0.586541215 -0.698446981 -0.410050263 0.999000999 0.9578955688
0.611058337 -0.68679429 -0.393600448 0.999000999 0.9578955688
0.561422993 -0.709384188 -0.42612005 0.999000999 0.9578955688
0.585997023 -0.689038126 -0.426419923 0.999000999 0.9578955688
0.609967598 -0.668014186 -0.426258814 0.999000999 0.9578955688
0.432780988 -0.67382336 -0.598884543 0.999000999 0.9578955688
0.404842466 -0.66141987 -0.631368619 0.999000999 0.9578955688
0.447781117 -0.661211603 -0.601906378 0.999000999 0.9578955688
0.306597148 -0.734361118 -0.60556745 0.999000999 0.9578955688
0.271304543 -0.714262477 -0.645153438 0.999000999 0.9578955688
0.240334009 -0.739705586 -0.628550086 0.999000999 0.9578955688
0.204099127 -0.71737952 -0.666115733 0.999000999 0.9578955688
0.237798277 -0.716306019 -0.656016514 0.999000999 0.9578955688
0.235052999 -0.691886496 -0.682673541 0.999000999 0.9578955688
0.198029384 -0.667345376 -0.71793768 0.999000999 0.9578955688
0.162175736 -0.589660877 -0.791201037 0.999000999 0.9578955688
0.107437029 -0.532539904 -0.839558536 0.999000999 0.9578955688
0.134929168 -0.561709576 -0.816257602 0.999000999 0.9578955688
0.156226711 -0.56342424 -0.81126219 0.999000999 0.9578955688
0.150051622 -0.536589141 -0.830395451 0.999000999 0.9578955688
-0.048282987 -0.642366452 -0.764875215 0.999000999 0.9578955688
-0.077075244 -0.624251835 -0.777411766 0.999000999 0.9578955688
-0.05270767 -0.658745322 -0.75051749 0.999000999 0.9578955688
0.350031534 -0.613981747 -0.707463313 0.999000999 0.9578955688
0.337397966 -0.590172759 -0.733388524 0.999000999 0.9578955688
0.380827718 -0.605542006 -0.69877688 0.999000999 0.9578955688
-0.101540329 -0.465889986 -0.878997203 0.999000999 0.9578955688
-0.090254774 -0.475826017 -0.874896381 0.999000999 0.9578955688
-0.105055258 -0.479981957 -0.870965392 0.999000999 0.9578955688
0.038329322 -0.836633937 -0.546419728 0.999000999 0.9578955688
0.000260746 -0.856210635 -0.516626828 0.999000999 0.9578955688
0.019275135 -0.84670969 -0.531705906 0.999000999 0.9578955688
0.035665546 -0.857171207 -0.513795183 0.999000999 0.9578955688
0.03292413 -0.876416644 -0.480426757 0.999000999 0.9578955688
0.149321559 -0.670916286 -0.726343176 0.999000999 0.9578955688
0.173761627 -0.669314178 -0.722374853 0.999000999 0.9578955688
0.176903256 -0.694927253 -0.696980165 0.999000999 0.9578955688
-0.020480655 -0.647603661 -0.761702068 0.999000999 0.9578955688
0.008937771 -0.680387439 -0.732798096 0.999000999 0.9578955688
-0.014754211 -0.678835997 -0.734141677 0.999000999 0.9578955688
0.238296016 -0.758995784 -0.605921124 0.999000999 0.9578955688
0.235514788 -0.778121205 -0.582288738 0.999000999 0.9578955688
0.204187273 -0.760906704 -0.615896538 0.999000999 0.9578955688
0.299621822 -0.789457152 -0.535709034 0.999000999 0.9578955688
0.266260318 -0.793508715 -0.547219665 0.999000999 0.9578955688
0.232498923 -0.79656758 -0.558054067 0.999000999 0.9578955688
0.198522574 -0.798564681 -0.568228157 0.999000999 0.9578955688
0.290352419 -0.909520406 -0.297435881 0.999000999 0.9578955688
0.274065137 -0.923915901 -0.266960125 0.999000999 0.9578955688
0.247040994 -0.923744696 -0.292688373 0.999000999 0.9578955688
0.045515049 -0.998140676 0.040540972 0.999000999 0.9578955688
0.045164067 -0.99491892 0.089980834 0.999000999 0.9578955688
0.046246285 -0.997203114 -0.058713113 0.999000999 0.9578955688
0.045900206 -0.998903689 -0.009197394 0.999000999 0.9578955688
0.090530636 -0.995610831 0.023733458 0.999000999 0.9578955688
0.135117833 -0.990805717 0.006870389 0.999000999 0.9578955688
0.134662886 -0.989274221 0.056589945 0.999000999 0.9578955688
0.683006029 -0.700880355 -0.205595456 0.999000999 0.9578955688
0.698539722 -0.681703508 -0.217537546 0.999000999 0.9578955688
0.650366217 -0.737667039 -0.181303952 0.999000999 0.9578955688
0.666929125 -0.719552663 -0.193518751 0.999000999 0.9578955688
0.675240197 -0.702397834 -0.225139868 0.999000999 0.9578955688
0.66718913 -0.703598268 -0.244557032 0.999000999 0.9578955688
0.682645699 -0.684280708 -0.256426914 0.999000999 0.9578955688
0.607745975 -0.781216185 -0.142639763 0.999000999 0.9578955688
0.63778472 -0.750738449 -0.172111682 0.999000999 0.9578955688
0.575973122 -0.809639584 -0.112865885 0.999000999 0.9578955688
0.604882407 -0.778907628 -0.165590402 0.999000999 0.9578955688
0.631091107 -0.744599477 -0.217475594 0.999000999 0.9578955688
0.584154023 -0.718380451 -0.377748071 0.999000999 0.9578955688
0.542031946 -0.746584742 -0.385762352 0.999000999 0.9578955688
0.527758113 -0.760790619 -0.377715511 0.999000999 0.9578955688
0.483724721 -0.786314448 -0.384343575 0.999000999 0.9578955688
0.513199337 -0.766933284 -0.385278832 0.999000999 0.9578955688
0.498480112 -0.772828231 -0.392751962 0.999000999 0.9578955688
0.453620201 -0.797042623 -0.39868756 0.999000999 0.9578955688
0.511077622 -0.850424608 0.124810459 0.999000999 0.9578955688
0.420302694 -0.88302877 0.208820107 0.999000999 0.9578955688
0.458205928 -0.874936778 0.156630015 0.999000999 0.9578955688
0.686640224 -0.725531986 -0.046136108 0.999000999 0.9578955688
0.701483161 -0.710872094 -0.050815762 0.999000999 0.9578955688
0.65596287 -0.75389634 -0.036783435 0.999000999 0.9578955688
0.671433758 -0.739903285 -0.041470924 0.999000999 0.9578955688
0.686475416 -0.722322404 -0.083677044 0.999000999 0.9578955688
0.685344028 -0.718085182 -0.121067068 0.999000999 0.9578955688
0.699934672 -0.703065946 -0.125657199 0.999000999 0.9578955688
0.304585044 -0.753375175 -0.582798246 0.999000999 0.9578955688
0.302229593 -0.771781044 -0.559474122 0.999000999 0.9578955688
0.271579347 -0.756659976 -0.59473552 0.999000999 0.9578955688
0.416608292 -0.822258877 -0.387721383 0.999000999 0.9578955688
0.375807178 -0.843316243 -0.384170117 0.999000999 0.9578955688
0.398121763 -0.824227103 -0.402676972 0.999000999 0.9578955688
0.371632928 -0.859701601 -0.350431341 0.999000999 0.9578955688
0.353020272 -0.861408744 -0.365173472 0.999000999 0.9578955688
0.33418952 -0.862604558 -0.379777226 0.999000999 0.9578955688
0.315206485 -0.863314224 -0.394123614 0.999000999 0.9578955688
0.17237438 -0.981183534 0.086982447 0.999000999 0.9578955688
0.127839235 -0.986342647 0.103852358 0.999000999 0.9578955688
0.157956133 -0.970737676 0.180881794 0.999000999 0.9578955688
0.113015607 -0.973729547 0.197682173 0.999000999 0.9578955688
0.120598071 -0.981145242 0.151030191 0.999000999 0.9578955688
0.082885543 -0.989230376 0.120636849 0.999000999 0.9578955688
0.037931299 -0.989820942 0.137170404 0.999000999 0.9578955688
0.016302732 -0.986239245 -0.164518607 0.999000999 0.9578955688
0.016205563 -0.991539601 -0.128788971 0.999000999 0.9578955688
0.016469352 -0.971782712 -0.235302192 0.999000999 0.9578955688
0.01637688 -0.97964911 -0.200048543 0.999000999 0.9578955688
0.030937376 -0.978979965 -0.201596395 0.999000999 0.9578955688
0.045483311 -0.970115232 -0.238343671 0.999000999 0.9578955688
0.045453277 -0.978102155 -0.203101389 0.999000999 0.9578955688
0.026977553 -0.47182986 -0.881276798 0.999000999 0.9578955688
0.008064164 -0.446957782 -0.894518703 0.999000999 0.9578955688
0.064659631 -0.519941674 -0.851751013 0.999000999 0.9578955688
0.045850512 -0.496172239 -0.867012595 0.999000999 0.9578955688
0.024369297 -0.485272664 -0.874023214 0.999000999 0.9578955688
0.021775597 -0.49858687 -0.866566187 0.999000999 0.9578955688
0.002893153 -0.4740556 -0.880490158 0.999000999 0.9578955688
0.128423383 -0.518475417 -0.845393799 0.999000999 0.9578955688
0.107052884 -0.516289782 -0.849696734 0.999000999 0.9578955688
0.10664841 -0.49983357 -0.859530406 0.999000999 0.9578955688
0.704042734 -0.684491809 -0.189195118 0.999000999 0.9578955688
0.690331243 -0.710053758 -0.13880359 0.999000999 0.9578955688
0.699866456 -0.693344317 -0.171640911 0.999000999 0.9578955688
0.687872871 -0.714105111 -0.129941542 0.999000999 0.9578955688
0.674286758 -0.733214521 -0.087942225 0.999000999 0.9578955688
0.584713566 -0.644963204 -0.492069621 0.999000999 0.9578955688
0.558587192 -0.642132131 -0.525020643 0.999000999 0.9578955688
0.584886811 -0.632676476 -0.507570582 0.999000999 0.9578955688
0.533313555 -0.60828332 -0.587850367 0.999000999 0.9578955688
0.512602875 -0.623076178 -0.590774381 0.999000999 0.9578955688
0.50000484 -0.614072851 -0.610663322 0.999000999 0.9578955688
0.647050873 -0.734648221 -0.204002841 0.999000999 0.9578955688
0.639389144 -0.727421913 -0.249076059 0.999000999 0.9578955688
0.643380924 -0.731238729 -0.226607387 0.999000999 0.9578955688
0.655427667 -0.717560157 -0.235631055 0.999000999 0.9578955688
0.662897277 -0.699507905 -0.266937989 0.999000999 0.9578955688
0.401966064 -0.902085609 -0.157050429 0.999000999 0.9578955688
0.458993693 -0.876137643 -0.147335065 0.999000999 0.9578955688
0.458052606 -0.881928358 -0.111311191 0.999000999 0.9578955688
0.05506883 -0.887876483 -0.456774315 0.999000999 0.9578955688
0.073823273 -0.871334294 -0.485104806 0.999000999 0.9578955688
0.017126502 -0.917130657 -0.398218585 0.999000999 0.9578955688
0.036098569 -0.903167954 -0.427766923 0.999000999 0.9578955688
0.024999875 -0.880280557 -0.473794415 0.999000999 0.9578955688
-0.005012743 -0.871607949 -0.490177984 0.999000999 0.9578955688
0.013919533 -0.854983749 -0.518467969 0.999000999 0.9578955688
0.116934139 -0.827534269 -0.549102396 0.999000999 0.9578955688
0.126835291 -0.863932514 -0.487374004 0.999000999 0.9578955688
0.095799615 -0.741811407 -0.66373057 0.999000999 0.9578955688
0.106599492 -0.786711558 -0.608047262 0.999000999 0.9578955688
0.140038793 -0.811240701 -0.567695042 0.999000999 0.9578955688
0.162712583 -0.794078639 -0.585631053 0.999000999 0.9578955688
0.172738921 -0.833113674 -0.525435887 0.999000999 0.9578955688
0.044013952 -0.899549083 -0.434596616 0.999000999 0.9578955688
0.032290667 -0.92487268 -0.378903468 0.999000999 0.9578955688
0.033465598 -0.924822239 -0.378924638 0.999000999 0.9578955688
0.021619638 -0.946572221 -0.321766408 0.999000999 0.9578955688
0.026970323 -0.936173114 -0.350503213 0.999000999 0.9578955688
0.02044427 -0.946607466 -0.321739548 0.999000999 0.9578955688
0.008520726 -0.964669071 -0.263326756 0.999000999 0.9578955688
-0.109672402 -0.554163122 -0.825151621 0.999000999 0.9578955688
-0.108085263 -0.536677724 -0.836836063 0.999000999 0.9578955688
-0.09110735 -0.55707463 -0.825449761 0.999000999 0.9578955688
-0.043540839 -0.555325871 -0.830492247 0.999000999 0.9578955688
-0.045716612 -0.530981445 -0.846149334 0.999000999 0.9578955688
-0.029342287 -0.554888652 -0.831407009 0.999000999 0.9578955688
0.120431129 -0.884073673 0.451564042 0.999000999 0.9578955688
0.294358527 -0.89893463 0.324452753 0.999000999 0.9578955688
0.208703727 -0.896742111 0.390251637 0.999000999 0.9578955688
0.109970346 -0.898080357 0.425861708 0.999000999 0.9578955688
0.099793561 -0.910949779 0.400264595 0.999000999 0.9578955688
0.168356446 -0.755707568 -0.632899817 0.999000999 0.9578955688
0.16559298 -0.775284046 -0.609519165 0.999000999 0.9578955688
0.132149038 -0.74936159 -0.648840381 0.999000999 0.9578955688
0.192676876 -0.851355847 -0.487922988 0.999000999 0.9578955688
0.212152197 -0.86784604 -0.449260165 0.999000999 0.9578955688
0.169619247 -0.866860464 -0.468809393 0.999000999 0.9578955688
0.087593634 -0.973462782 0.211417994 0.999000999 0.9578955688
0.061981415 -0.972383141 0.225009625 0.999000999 0.9578955688
0.04999253 -0.982165149 0.18125222 0.999000999 0.9578955688
0.307057464 -0.941826283 0.136671015 0.999000999 0.9578955688
0.233142681 -0.95926987 0.159517419 0.999000999 0.9578955688
0.240312977 -0.964227095 0.11187396 0.999000999 0.9578955688
0.656531725 -0.69638287 -0.289856849 0.999000999 0.9578955688
0.667768281 -0.681865381 -0.298571807 0.999000999 0.9578955688
0.6332153 -0.724568552 -0.272100711 0.999000999 0.9578955688
0.644998995 -0.710630155 -0.281035724 0.999000999 0.9578955688
0.649763257 -0.692874396 -0.312622426 0.999000999 0.9578955688
0.642630192 -0.688964879 -0.335192231 0.999000999 0.9578955688
0.653669553 -0.674191506 -0.343775986 0.999000999 0.9578955688
0.432010376 -0.817512348 -0.380841957 0.999000999 0.9578955688
0.447299137 -0.812524159 -0.37380205 0.999000999 0.9578955688
0.409899522 -0.837006804 -0.362494127 0.999000999 0.9578955688
0.448651029 -0.773221196 -0.448153139 0.999000999 0.9578955688
0.411837218 -0.803545036 -0.429773755 0.999000999 0.9578955688
0.430380749 -0.788663525 -0.439069761 0.999000999 0.9578955688
0.403442594 -0.789325892 -0.462816065 0.999000999 0.9578955688
0.357243607 -0.803452524 -0.47627833 0.999000999 0.9578955688
0.037577317 -0.96313001 -0.266399191 0.999000999 0.9578955688
0.052081121 -0.962049425 -0.267859033 0.999000999 0.9578955688
0.023038955 -0.964003895 -0.264888082 0.999000999 0.9578955688
0.029611046 -0.955278581 -0.294221036 0.999000999 0.9578955688
0.036155608 -0.945621356 -0.323253807 0.999000999 0.9578955688
0.646706349 -0.751105641 0.132707248 0.999000999 0.9578955688
0.702061777 -0.703464764 0.110664295 0.999000999 0.9578955688
0.524485656 -0.833628458 0.173142688 0.999000999 0.9578955688
0.587128621 -0.794832273 0.153367664 0.999000999 0.9578955688
0.650688795 -0.755507303 0.076241771 0.999000999 0.9578955688
0.652703943 -0.757345383 0.020137877 0.999000999 0.9578955688
0.706871019 -0.707341517 -0.001158007 0.999000999 0.9578955688
0.110285964 -0.946055625 -0.304656791 0.999000999 0.9578955688
0.081225292 -0.954660503 -0.286401424 0.999000999 0.9578955688
0.073254291 -0.946522055 -0.314212999 0.999000999 0.9578955688
0.040038142 -0.834655815 -0.54931468 0.999000999 0.9578955688
0.009762401 -0.825031126 -0.565002953 0.999000999 0.9578955688
0.005811394 -0.792469456 -0.609883914 0.999000999 0.9578955688
0.027716547 -0.89084871 -0.453453822 0.999000999 0.9578955688
0.011337194 -0.881534517 -0.471983435 0.999000999 0.9578955688
0.022419659 -0.904429966 -0.426032622 0.999000999 0.9578955688
0.371165483 -0.824897104 -0.426357775 0.999000999 0.9578955688
0.329624652 -0.84450698 -0.422084767 0.999000999 0.9578955688
0.343649633 -0.824512727 -0.449537198 0.999000999 0.9578955688
0.254935443 -0.519300002 -0.81568096 0.999000999 0.9578955688
0.199653434 -0.48456074 -0.851668595 0.999000999 0.9578955688
0.227446419 -0.502279091 -0.83425646 0.999000999 0.9578955688
0.257717788 -0.507288368 -0.822338162 0.999000999 0.9578955688
0.260428232 -0.495202422 -0.828825492 0.999000999 0.9578955688
0.215479333 -0.908802556 0.357276603 0.999000999 0.9578955688
0.117419666 -0.911610346 0.393927911 0.999000999 0.9578955688
0.403458312 -0.873428757 0.272660222 0.999000999 0.9578955688
0.311176189 -0.896027596 0.316707953 0.999000999 0.9578955688
0.327882438 -0.892808599 0.308846097 0.999000999 0.9578955688
0.435291764 -0.863209668 0.255714978 0.999000999 0.9578955688
0.34447529 -0.889273628 0.300880688 0.999000999 0.9578955688
0.117275014 -0.918662091 0.377235382 0.999000999 0.9578955688
0.232423109 -0.913916196 0.332771221 0.999000999 0.9578955688
0.116998088 -0.925607811 0.359946701 0.999000999 0.9578955688
0.647005869 -0.760625335 0.053221292 0.999000999 0.9578955688
0.573164267 -0.809318352 0.128399878 0.999000999 0.9578955688
0.521513935 -0.833160484 0.184029408 0.999000999 0.9578955688
0.506670259 -0.840256217 0.193014865 0.999000999 0.9578955688
0.491604055 -0.847099469 0.201861195 0.999000999 0.9578955688
0.283418482 -0.718397822 -0.635278312 0.999000999 0.9578955688
0.297264877 -0.297975235 -0.907107685 0.999000999 0.9578955688
0.212766994 -0.964616455 -0.155709028 0.999000999 0.9578955688
0.529858154 -0.822383589 -0.207208997 0.999000999 0.9578955688
0.681063314 -0.682848637 -0.264330289 0.999000999 0.9578955688
0.075991714 -0.988082061 -0.133862244 0.999000999 0.9578955688
0.105945732 -0.992332781 -0.06364867 0.999000999 0.9578955688
0.061016105 -0.99348018 -0.096302475 0.999000999 0.9578955688
0.702195118 -0.711571835 -0.024239213 0.999000999 0.9578955688
0.649015785 -0.759601864 0.042231716 0.999000999 0.9578955688
0.70478698 -0.707913946 -0.046186118 0.999000999 0.9578955688
0.650868951 -0.758551204 0.031139697 0.999000999 0.9578955688
0.589561446 -0.800443316 0.108202588 0.999000999 0.9578955688
-0.028508049 -0.414628751 -0.909544001 0.999000999 0.9578955688
-0.03414047 -0.422181651 -0.905868137 0.999000999 0.9578955688
-0.043712694 -0.397267227 -0.916661306 0.999000999 0.9578955688
-0.009308853 -0.463544287 -0.886024853 0.999000999 0.9578955688
-0.024548699 -0.446752422 -0.894320767 0.999000999 0.9578955688
-0.039778154 -0.429697642 -0.902096245 0.999000999 0.9578955688
-0.054971739 -0.412388453 -0.909348047 0.999000999 0.9578955688
0.541621934 -0.805091815 -0.2418116 0.999000999 0.9578955688
0.532649985 -0.773334759 -0.343856574 0.999000999 0.9578955688
0.537870383 -0.790352013 -0.293324301 0.999000999 0.9578955688
0.56991573 -0.779898682 -0.258754915 0.999000999 0.9578955688
0.597064524 -0.753483671 -0.275274975 0.999000999 0.9578955688
0.62217437 -0.670201066 -0.404635126 0.999000999 0.9578955688
0.621530288 -0.660706187 -0.420912623 0.999000999 0.9578955688
0.632966711 -0.653254373 -0.415465844 0.999000999 0.9578955688
0.602577927 -0.736557887 -0.307217057 0.999000999 0.9578955688
0.537235495 -0.755249889 -0.375467214 0.999000999 0.9578955688
0.570521468 -0.746796505 -0.341760494 0.999000999 0.9578955688
0.607261961 -0.718601845 -0.338886854 0.999000999 0.9578955688
0.611063157 -0.699782484 -0.370008505 0.999000999 0.9578955688
-0.004123302 -0.43630405 -0.89978985 0.999000999 0.9578955688
-0.001537932 -0.422526852 -0.906349101 0.999000999 0.9578955688
-0.006719462 -0.449980432 -0.893013135 0.999000999 0.9578955688
-0.016321351 -0.425527554 -0.904798273 0.999000999 0.9578955688
-0.025903094 -0.400723002 -0.915833012 0.999000999 0.9578955688
0.070343407 -0.580118596 -0.81148889 0.999000999 0.9578955688
0.046102158 -0.54016876 -0.840292985 0.999000999 0.9578955688
0.067582487 -0.550376736 -0.832176698 0.999000999 0.9578955688
0.565568932 -0.734217036 -0.375575728 0.999000999 0.9578955688
0.593198047 -0.712269068 -0.375218405 0.999000999 0.9578955688
0.602169123 -0.706071055 -0.372633886 0.999000999 0.9578955688
0.529846639 0.102134068 -0.841921119 0.999000999 0.9578955688
0.512772164 0.084132347 -0.854392449 0.999000999 0.9578955688
0.541547502 0.077391558 -0.837100263 0.999000999 0.9578955688
0.471109717 0.115363138 -0.874498131 0.999000999 0.9578955688
0.453413777 0.09724126 -0.885979731 0.999000999 0.9578955688
0.483364036 0.090755736 -0.870702363 0.999000999 0.9578955688
0.495270704 0.06604696 -0.86622441 0.999000999 0.9578955688
0.477393761 0.047960792 -0.877379598 0.999000999 0.9578955688
0.506802368 0.041337478 -0.861070597 0.999000999 0.9578955688
0.537402733 -0.089582659 -0.838554262 0.999000999 0.9578955688
0.574840895 -0.122545979 -0.809036729 0.999000999 0.9578955688
0.546405147 -0.118385378 -0.829111764 0.999000999 0.9578955688
0.594180016 -0.097953831 -0.798345261 0.999000999 0.9578955688
0.629592112 -0.130451361 -0.765895694 0.999000999 0.9578955688
0.602615652 -0.126531321 -0.787936673 0.999000999 0.9578955688
0.610393295 -0.155073026 -0.776770482 0.999000999 0.9578955688
0.643906265 -0.187013311 -0.74189672 0.999000999 0.9578955688
0.617574111 -0.183394382 -0.764832477 0.999000999 0.9578955688
0.822049877 -0.528336149 -0.21235563 0.999000999 0.9578955688
0.832615118 -0.503334571 -0.231098193 0.999000999 0.9578955688
0.850328915 -0.487174669 -0.199001453 0.999000999 0.9578955688
0.782716784 -0.558122132 -0.275416269 0.999000999 0.9578955688
0.793228435 -0.533074217 -0.294313656 0.999000999 0.9578955688
0.813554553 -0.518638076 -0.262951585 0.999000999 0.9578955688
0.84226426 -0.477736731 -0.249716903 0.999000999 0.9578955688
0.850964089 -0.451700844 -0.268004601 0.999000999 0.9578955688
0.868696093 -0.435643784 -0.235757483 0.999000999 0.9578955688
0.804295111 -0.582272763 0.118607771 0.999000999 0.9578955688
0.788606131 -0.60517184 0.108937663 0.999000999 0.9578955688
0.757304612 -0.652851833 0.016559247 0.999000999 0.9578955688
0.83448141 -0.463763441 0.297597458 0.999000999 0.9578955688
0.822516557 -0.4896411 0.289340814 0.999000999 0.9578955688
0.810319725 -0.550664281 0.200376625 0.999000999 0.9578955688
0.771941068 -0.627855832 0.099519051 0.999000999 0.9578955688
0.754862312 -0.649709521 0.089779887 0.999000999 0.9578955688
0.720237673 -0.693719445 -0.003320597 0.999000999 0.9578955688
0.630813864 -0.000965537 -0.77593359 0.999000999 0.9578955688
0.627954878 -0.012918124 -0.778142527 0.999000999 0.9578955688
0.594939955 0.015623497 -0.80361829 0.999000999 0.9578955688
0.692172485 -0.057938513 -0.719402794 0.999000999 0.9578955688
0.689049711 -0.069934346 -0.721331881 0.999000999 0.9578955688
0.659349744 -0.041481368 -0.750691155 0.999000999 0.9578955688
0.62498144 -0.024923361 -0.780241646 0.999000999 0.9578955688
0.621937788 -0.036874352 -0.782197974 0.999000999 0.9578955688
0.58918595 -0.008257069 -0.807955282 0.999000999 0.9578955688
0.659296636 -0.338926723 -0.671160653 0.999000999 0.9578955688
0.678983497 -0.333417583 -0.654075015 0.999000999 0.9578955688
0.67917012 -0.373381496 -0.631913131 0.999000999 0.9578955688
0.65453723 -0.25689317 -0.711046351 0.999000999 0.9578955688
0.674523074 -0.251351492 -0.694147714 0.999000999 0.9578955688
0.677463202 -0.292660501 -0.674828453 0.999000999 0.9578955688
0.69827275 -0.327574909 -0.6364824 0.999000999 0.9578955688
0.716985034 -0.321536504 -0.618503628 0.999000999 0.9578955688
0.71682484 -0.361505024 -0.596218304 0.999000999 0.9578955688
0.52879501 -0.25935826 -0.808151675 0.999000999 0.9578955688
0.52502514 -0.230365625 -0.81931696 0.999000999 0.9578955688
0.544149463 -0.261173789 -0.797301457 0.999000999 0.9578955688
0.48902407 -0.197037924 -0.849724376 0.999000999 0.9578955688
0.484014866 -0.167512201 -0.85887675 0.999000999 0.9578955688
0.504960051 -0.199122955 -0.839860343 0.999000999 0.9578955688
0.520745096 -0.201127404 -0.829682055 0.999000999 0.9578955688
0.515922038 -0.171721786 -0.839247329 0.999000999 0.9578955688
0.536311969 -0.203089919 -0.819221555 0.999000999 0.9578955688
0.64056914 -0.543656331 -0.542318146 0.999000999 0.9578955688
0.624723434 -0.56011761 -0.544048614 0.999000999 0.9578955688
0.634112042 -0.537373988 -0.555995608 0.999000999 0.9578955688
0.62100613 -0.588445258 -0.517767868 0.999000999 0.9578955688
0.614858976 -0.58245104 -0.531694673 0.999000999 0.9578955688
0.608541248 -0.576293656 -0.545493513 0.999000999 0.9578955688
0.60207491 -0.569980258 -0.559131745 0.999000999 0.9578955688
0.44650131 0.111614768 -0.887794302 0.999000999 0.9578955688
0.427653309 0.121698328 -0.895713215 0.999000999 0.9578955688
0.441104397 0.124746821 -0.888743575 0.999000999 0.9578955688
0.419531755 0.105505393 -0.901588442 0.999000999 0.9578955688
0.400441338 0.115519102 -0.909011591 0.999000999 0.9578955688
0.414095021 0.118618491 -0.902471588 0.999000999 0.9578955688
0.408578009 0.131716368 -0.903169314 0.999000999 0.9578955688
0.389291945 0.141659461 -0.910156239 0.999000999 0.9578955688
0.402979891 0.144781095 -0.903684481 0.999000999 0.9578955688
0.988254226 -0.09729121 -0.117847377 0.999000999 0.9578955688
0.981496403 -0.154612769 -0.112958853 0.999000999 0.9578955688
0.980438695 -0.142783104 -0.135473063 0.999000999 0.9578955688
0.989984894 -0.120918757 -0.072859886 0.999000999 0.9578955688
0.98169161 -0.178063493 -0.067638563 0.999000999 0.9578955688
0.981921196 -0.166386949 -0.090256017 0.999000999 0.9578955688
0.971448358 -0.211460331 -0.107576092 0.999000999 0.9578955688
0.958152834 -0.267542825 -0.101803649 0.999000999 0.9578955688
0.958622084 -0.255963266 -0.124605404 0.999000999 0.9578955688
0.60272772 0.068991113 -0.794958818 0.999000999 0.9578955688
0.612314357 0.051999293 -0.78890253 0.999000999 0.9578955688
0.568504818 0.078434316 -0.818932433 0.999000999 0.9578955688
0.685068867 0.015666309 -0.728309834 0.999000999 0.9578955688
0.693289225 -0.001440329 -0.720658016 0.999000999 0.9578955688
0.653960615 0.025330881 -0.756104398 0.999000999 0.9578955688
0.621637428 0.034935345 -0.782525674 0.999000999 0.9578955688
0.630724442 0.017920875 -0.775799923 0.999000999 0.9578955688
0.588197737 0.044539741 -0.807489711 0.999000999 0.9578955688
0.472684309 0.040533147 -0.880299158 0.999000999 0.9578955688
0.46002428 0.039339145 -0.887034437 0.999000999 0.9578955688
0.458054658 0.054845933 -0.88723044 0.999000999 0.9578955688
0.476272173 0.009496543 -0.879246628 0.999000999 0.9578955688
0.463613951 0.008292417 -0.885998499 0.999000999 0.9578955688
0.46187585 0.023815468 -0.886624793 0.999000999 0.9578955688
0.447263361 0.038129723 -0.893589173 0.999000999 0.9578955688
0.434416014 0.036913233 -0.899955632 0.999000999 0.9578955688
0.432448309 0.052427007 -0.900133251 0.999000999 0.9578955688
0.878821082 -0.130517905 -0.458953791 0.999000999 0.9578955688
0.884350081 -0.176508673 -0.432168511 0.999000999 0.9578955688
0.858177652 -0.151726428 -0.490418401 0.999000999 0.9578955688
0.92362025 -0.178849176 -0.339025966 0.999000999 0.9578955688
0.924043123 -0.223929772 -0.309838287 0.999000999 0.9578955688
0.906379821 -0.200629465 -0.371784127 0.999000999 0.9578955688
0.887353676 -0.222161204 -0.404039421 0.999000999 0.9578955688
0.887913971 -0.266887255 -0.374673155 0.999000999 0.9578955688
0.866788216 -0.242992826 -0.43546834 0.999000999 0.9578955688
0.981404383 -0.112055106 0.155849574 0.999000999 0.9578955688
0.974359704 -0.180165059 0.134772837 0.999000999 0.9578955688
0.987957779 -0.145064928 0.053810718 0.999000999 0.9578955688
0.932624759 -0.178874246 0.313392824 0.999000999 0.9578955688
0.923458289 -0.248055373 0.292734216 0.999000999 0.9578955688
0.952623203 -0.215092761 0.215044499 0.999000999 0.9578955688
0.961942672 -0.248618523 0.113380448 0.999000999 0.9578955688
0.944715017 -0.31475677 0.09187879 0.999000999 0.9578955688
0.960437703 -0.278281386 0.010903652 0.999000999 0.9578955688
0.664699825 -0.535601429 -0.520869707 0.999000999 0.9578955688
0.672926567 -0.512425921 -0.533469315 0.999000999 0.9578955688
0.677865224 -0.517341993 -0.522356201 0.999000999 0.9578955688
0.654769825 -0.525720121 -0.543042201 0.999000999 0.9578955688
0.662701255 -0.502320517 -0.555428793 0.999000999 0.9578955688
0.667865849 -0.507418072 -0.544501707 0.999000999 0.9578955688
0.680633233 -0.488855547 -0.545672664 0.999000999 0.9578955688
0.687815336 -0.464917841 -0.557459832 0.999000999 0.9578955688
0.693049569 -0.470050315 -0.546566552 0.999000999 0.9578955688
0.495894354 0.093105533 -0.863377177 0.999000999 0.9578955688
0.498571769 0.078437789 -0.863292363 0.999000999 0.9578955688
0.462704781 0.100012064 -0.880852923 0.999000999 0.9578955688
0.564890706 0.049526255 -0.823678117 0.999000999 0.9578955688
0.567128362 0.03476658 -0.822895319 0.999000999 0.9578955688
0.533406321 0.056661822 -0.843959202 0.999000999 0.9578955688
0.501133072 0.063712485 -0.863021647 0.999000999 0.9578955688
0.503601482 0.049015647 -0.862544499 0.999000999 0.9578955688
0.468149951 0.070713133 -0.88081512 0.999000999 0.9578955688
0.821237768 -0.101025759 -0.561571299 0.999000999 0.9578955688
0.791069432 -0.077533306 -0.606792997 0.999000999 0.9578955688
0.822528687 -0.082163887 -0.562757189 0.999000999 0.9578955688
0.756168459 -0.091442736 -0.647956393 0.999000999 0.9578955688
0.721235321 -0.067490187 -0.689394435 0.999000999 0.9578955688
0.757251286 -0.072674275 -0.649067747 0.999000999 0.9578955688
0.75810179 -0.053769197 -0.649915802 0.999000999 0.9578955688
0.722462682 -0.029926761 -0.690761943 0.999000999 0.9578955688
0.758670532 -0.034955455 -0.65053604 0.999000999 0.9578955688
0.398106971 0.146524364 -0.905561401 0.999000999 0.9578955688
0.417329985 0.136559873 -0.89843591 0.999000999 0.9578955688
0.426759855 0.130067253 -0.894962869 0.999000999 0.9578955688
0.445649141 0.119996901 -0.887128845 0.999000999 0.9578955688
0.431554395 0.128297369 -0.892916899 0.999000999 0.9578955688
0.436336117 0.126524258 -0.890843648 0.999000999 0.9578955688
0.455115316 0.116422411 -0.88278869 0.999000999 0.9578955688
0.706038607 -0.002272597 -0.708169698 0.999000999 0.9578955688
0.717756779 0.000649679 -0.696293605 0.999000999 0.9578955688
0.734142812 -0.008206034 -0.678945501 0.999000999 0.9578955688
0.671368267 0.015432592 -0.740963215 0.999000999 0.9578955688
0.70090745 0.009522653 -0.713188661 0.999000999 0.9578955688
0.729270757 0.003589453 -0.684215813 0.999000999 0.9578955688
0.756406997 -0.002360177 -0.654097 0.999000999 0.9578955688
0.497049801 -0.150440446 -0.854581282 0.999000999 0.9578955688
0.512989601 -0.152533624 -0.844733782 0.999000999 0.9578955688
0.464635848 -0.146085005 -0.873368593 0.999000999 0.9578955688
0.480921052 -0.148297473 -0.864131241 0.999000999 0.9578955688
0.477646273 -0.129005688 -0.869029096 0.999000999 0.9578955688
0.457741677 -0.107449301 -0.882568527 0.999000999 0.9578955688
0.474175064 -0.109674558 -0.873572836 0.999000999 0.9578955688
0.92175831 -0.363609121 -0.134722033 0.999000999 0.9578955688
0.90591484 -0.388376125 -0.168766967 0.999000999 0.9578955688
0.929054119 -0.336879845 -0.152873853 0.999000999 0.9578955688
0.8701117 -0.464182073 -0.165652145 0.999000999 0.9578955688
0.879621426 -0.438579265 -0.184158561 0.999000999 0.9578955688
0.888200381 -0.4124 -0.202549559 0.999000999 0.9578955688
0.895819896 -0.385826498 -0.22055527 0.999000999 0.9578955688
0.923389916 -0.36013068 -0.132879481 0.999000999 0.9578955688
0.936266265 -0.338003115 -0.09570463 0.999000999 0.9578955688
0.903589863 -0.410640492 -0.122064516 0.999000999 0.9578955688
0.974525913 -0.210112339 -0.078435009 0.999000999 0.9578955688
0.981674067 -0.186205045 -0.040542661 0.999000999 0.9578955688
0.962381078 -0.262946844 -0.068422356 0.999000999 0.9578955688
0.947263485 -0.315147564 -0.058085308 0.999000999 0.9578955688
0.956340076 -0.291521272 -0.020712478 0.999000999 0.9578955688
0.929276566 -0.366261102 -0.047936091 0.999000999 0.9578955688
0.696689926 -0.090325428 -0.711663167 0.999000999 0.9578955688
0.664499096 -0.073909595 -0.743625122 0.999000999 0.9578955688
0.647288614 -0.098190863 -0.755894176 0.999000999 0.9578955688
0.613176092 -0.08157782 -0.785722686 0.999000999 0.9578955688
0.639183513 -0.077819992 -0.765106846 0.999000999 0.9578955688
0.630738083 -0.057339316 -0.773874456 0.999000999 0.9578955688
0.595511026 -0.040683684 -0.802316306 0.999000999 0.9578955688
0.630682913 0.042133333 -0.774896022 0.999000999 0.9578955688
0.590861971 0.04193109 -0.805682267 0.999000999 0.9578955688
0.583118022 0.07768559 -0.80866453 0.999000999 0.9578955688
0.566534246 0.059741671 -0.821869747 0.999000999 0.9578955688
0.549515981 0.041660723 -0.834443869 0.999000999 0.9578955688
0.904271633 -0.329916362 0.27101293 0.999000999 0.9578955688
0.877083978 -0.405220189 0.257915283 0.999000999 0.9578955688
0.833895019 -0.505768085 0.22094737 0.999000999 0.9578955688
0.938038679 -0.109245385 0.328859974 0.999000999 0.9578955688
0.927628653 -0.189448003 0.321892119 0.999000999 0.9578955688
0.908380678 -0.299337573 0.291961574 0.999000999 0.9578955688
0.843932578 -0.477929671 0.243641196 0.999000999 0.9578955688
0.805344183 -0.547432794 0.22746007 0.999000999 0.9578955688
0.747213484 -0.638120511 0.185672351 0.999000999 0.9578955688
0.626981489 -0.247324893 -0.738731758 0.999000999 0.9578955688
0.621939113 -0.205186208 -0.755705207 0.999000999 0.9578955688
0.632861883 -0.330168001 -0.700339152 0.999000999 0.9578955688
0.630558809 -0.289106773 -0.720286652 0.999000999 0.9578955688
0.598256334 -0.2375163 -0.7652943 0.999000999 0.9578955688
0.568672912 -0.227278989 -0.790541195 0.999000999 0.9578955688
0.562640241 -0.184522672 -0.805845731 0.999000999 0.9578955688
0.542106599 -0.376481876 -0.751253507 0.999000999 0.9578955688
0.541390264 -0.423996216 -0.726032913 0.999000999 0.9578955688
0.535920428 -0.40726006 -0.739546171 0.999000999 0.9578955688
0.55345274 -0.410277703 -0.724818785 0.999000999 0.9578955688
0.551534129 -0.456840622 -0.697930334 0.999000999 0.9578955688
0.546613999 -0.440521933 -0.712147149 0.999000999 0.9578955688
0.53912761 -0.470281869 -0.698696203 0.999000999 0.9578955688
0.535318178 -0.515197879 -0.6693322 0.999000999 0.9578955688
0.531049872 -0.499505569 -0.68445615 0.999000999 0.9578955688
0.586403049 -0.431365368 -0.685605851 0.999000999 0.9578955688
0.575991118 -0.396697766 -0.714748287 0.999000999 0.9578955688
0.58527274 -0.398217893 -0.706313195 0.999000999 0.9578955688
0.568037614 -0.428441286 -0.702688646 0.999000999 0.9578955688
0.557129233 -0.393468667 -0.731292982 0.999000999 0.9578955688
0.566589574 -0.395125297 -0.723085233 0.999000999 0.9578955688
0.564307354 -0.361184434 -0.742363128 0.999000999 0.9578955688
0.55140109 -0.324901096 -0.768372381 0.999000999 0.9578955688
0.561158967 -0.326701641 -0.760504209 0.999000999 0.9578955688
0.85255962 -0.492437255 -0.175064685 0.999000999 0.9578955688
0.830476388 -0.523522207 -0.190350906 0.999000999 0.9578955688
0.81685635 -0.542741771 -0.195389545 0.999000999 0.9578955688
0.876678427 -0.452145785 -0.164314105 0.999000999 0.9578955688
0.856263029 -0.484172858 -0.179972966 0.999000999 0.9578955688
0.843614824 -0.503990954 -0.185221889 0.999000999 0.9578955688
0.806991942 -0.553715766 -0.205335958 0.999000999 0.9578955688
0.782145945 -0.582977121 -0.21996681 0.999000999 0.9578955688
0.766965298 -0.601107112 -0.224576204 0.999000999 0.9578955688
0.677930931 -0.126992337 -0.724073615 0.999000999 0.9578955688
0.652994923 -0.130923418 -0.745960246 0.999000999 0.9578955688
0.725558614 -0.118758529 -0.677835607 0.999000999 0.9578955688
0.702164951 -0.122894271 -0.701328297 0.999000999 0.9578955688
0.706742651 -0.155415522 -0.690188989 0.999000999 0.9578955688
0.733588828 -0.183331825 -0.6543981 0.999000999 0.9578955688
0.710473994 -0.187675921 -0.67823628 0.999000999 0.9578955688
0.494681439 -0.085968356 -0.864811954 0.999000999 0.9578955688
0.474920363 -0.069844814 -0.877252729 0.999000999 0.9578955688
0.488418088 -0.069131781 -0.869866983 0.999000999 0.9578955688
0.467682426 -0.087384817 -0.879566394 0.999000999 0.9578955688
0.447581911 -0.071217035 -0.891402584 0.999000999 0.9578955688
0.46130187 -0.070545469 -0.884434238 0.999000999 0.9578955688
0.454768768 -0.053669219 -0.888990991 0.999000999 0.9578955688
0.434251028 -0.037458561 -0.900012722 0.999000999 0.9578955688
0.448077472 -0.036782449 -0.893237723 0.999000999 0.9578955688
0.68557061 -0.614840797 -0.38982526 0.999000999 0.9578955688
0.674776787 -0.623003695 -0.395654753 0.999000999 0.9578955688
0.687345261 -0.604125027 -0.403223812 0.999000999 0.9578955688
0.659605722 -0.651830402 -0.374215737 0.999000999 0.9578955688
0.661816128 -0.641530344 -0.387863676 0.999000999 0.9578955688
0.663830013 -0.631035453 -0.401402505 0.999000999 0.9578955688
0.665652733 -0.620352927 -0.414811627 0.999000999 0.9578955688
0.658925327 -0.415561278 -0.626997797 0.999000999 0.9578955688
0.64310585 -0.429175436 -0.634210778 0.999000999 0.9578955688
0.644034871 -0.392668208 -0.656529332 0.999000999 0.9578955688
0.653931333 -0.486485399 -0.579401214 0.999000999 0.9578955688
0.637610438 -0.499838635 -0.586186207 0.999000999 0.9578955688
0.64095005 -0.464945746 -0.610744208 0.999000999 0.9578955688
0.626923955 -0.44262954 -0.641128259 0.999000999 0.9578955688
0.610493943 -0.455843603 -0.647691096 0.999000999 0.9578955688
0.611943027 -0.419574422 -0.670434961 0.999000999 0.9578955688
0.558041131 -0.517907075 -0.648353575 0.999000999 0.9578955688
0.568115557 -0.489579282 -0.661480794 0.999000999 0.9578955688
0.567010471 -0.519161291 -0.639508155 0.999000999 0.9578955688
0.559252485 -0.457856092 -0.691089327 0.999000999 0.9578955688
0.568452549 -0.45932275 -0.682557185 0.999000999 0.9578955688
0.577582574 -0.460715434 -0.67389885 0.999000999 0.9578955688
0.58659551 -0.462044227 -0.665147231 0.999000999 0.9578955688
0.415248084 0.099747694 -0.904223107 0.999000999 0.9578955688
0.429378873 0.091455442 -0.898481878 0.999000999 0.9578955688
0.386565386 0.116220638 -0.914909813 0.999000999 0.9578955688
0.400950556 0.108008794 -0.909710257 0.999000999 0.9578955688
0.403222385 0.069313553 -0.912473199 0.999000999 0.9578955688
0.390746107 0.038818307 -0.919679628 0.999000999 0.9578955688
0.404893948 0.03053148 -0.913853774 0.999000999 0.9578955688
0.55994656 -0.016676374 -0.82836088 0.999000999 0.9578955688
0.53165741 0.002418442 -0.84695605 0.999000999 0.9578955688
0.558529761 -0.001111342 -0.829483738 0.999000999 0.9578955688
0.505778665 -0.00958808 -0.862609999 0.999000999 0.9578955688
0.504219015 0.005943914 -0.863555357 0.999000999 0.9578955688
0.502551912 0.021507815 -0.864279463 0.999000999 0.9578955688
0.500758968 0.037034888 -0.864794122 0.999000999 0.9578955688
0.709797113 -0.446013133 -0.545215869 0.999000999 0.9578955688
0.702939899 -0.470170276 -0.533681001 0.999000999 0.9578955688
0.729125538 -0.445972399 -0.519119032 0.999000999 0.9578955688
0.722166361 -0.470058989 -0.507464573 0.999000999 0.9578955688
0.712655242 -0.4701747 -0.520632555 0.999000999 0.9578955688
0.695556379 -0.493976912 -0.521716526 0.999000999 0.9578955688
0.687647108 -0.517393676 -0.509357674 0.999000999 0.9578955688
0.954394424 -0.173201159 -0.243172042 0.999000999 0.9578955688
0.957997621 -0.201338163 -0.204214354 0.999000999 0.9578955688
0.943681991 -0.230063637 -0.237770945 0.999000999 0.9578955688
0.977847803 -0.114921491 -0.174947775 0.999000999 0.9578955688
0.970293765 -0.172163398 -0.16996992 0.999000999 0.9578955688
0.95942197 -0.228992944 -0.164534843 0.999000999 0.9578955688
0.945332027 -0.284900582 -0.158678978 0.999000999 0.9578955688
0.908835813 -0.413300506 -0.056569935 0.999000999 0.9578955688
0.89545013 -0.43519535 -0.093670012 0.999000999 0.9578955688
0.826438903 -0.543601432 -0.146615905 0.999000999 0.9578955688
0.806700783 -0.561924149 -0.182962009 0.999000999 0.9578955688
0.854464328 -0.500617313 -0.138827295 0.999000999 0.9578955688
0.880235576 -0.456168143 -0.130751508 0.999000999 0.9578955688
0.863184118 -0.476362624 -0.167307586 0.999000999 0.9578955688
0.937336876 -0.028992843 0.347216066 0.999000999 0.9578955688
0.959967902 -0.026924158 0.27881305 0.999000999 0.9578955688
0.8773407 -0.033556 0.478693317 0.999000999 0.9578955688
0.909612359 -0.031172893 0.414286867 0.999000999 0.9578955688
0.918422166 -0.091045706 0.384982343 0.999000999 0.9578955688
0.894413453 -0.151961361 0.420633238 0.999000999 0.9578955688
0.923159633 -0.149882431 0.353993712 0.999000999 0.9578955688
0.595052556 -0.47274403 -0.649942719 0.999000999 0.9578955688
0.585315425 -0.501369423 -0.637208407 0.999000999 0.9578955688
0.590112692 -0.549390501 -0.591554806 0.999000999 0.9578955688
0.582656883 -0.539541719 -0.607787537 0.999000999 0.9578955688
0.574932813 -0.529469784 -0.623790035 0.999000999 0.9578955688
0.726801057 -0.378212739 -0.573337028 0.999000999 0.9578955688
0.708570799 -0.384466208 -0.591703606 0.999000999 0.9578955688
0.709272556 -0.423564982 -0.563493698 0.999000999 0.9578955688
0.690715563 -0.429689343 -0.581617641 0.999000999 0.9578955688
0.699856538 -0.407218053 -0.586834119 0.999000999 0.9578955688
0.68981438 -0.390474549 -0.609660354 0.999000999 0.9578955688
0.670588228 -0.396208248 -0.627160627 0.999000999 0.9578955688
0.453584826 0.042161355 -0.890215269 0.999000999 0.9578955688
0.441647672 0.066854202 -0.894694277 0.999000999 0.9578955688
0.429387515 0.036350957 -0.902388481 0.999000999 0.9578955688
0.534326791 0.100288286 -0.839307536 0.999000999 0.9578955688
0.505348344 0.106986467 -0.856257524 0.999000999 0.9578955688
0.485069895 0.109939171 -0.867537075 0.999000999 0.9578955688
0.480430921 0.111749869 -0.869883956 0.999000999 0.9578955688
0.4757776 0.113558989 -0.872204123 0.999000999 0.9578955688
0.63378911 -0.357916279 -0.685716634 0.999000999 0.9578955688
0.60474822 -0.30792823 -0.734479268 0.999000999 0.9578955688
0.577548461 -0.31332229 -0.753834808 0.999000999 0.9578955688
0.57509911 -0.284953619 -0.766852299 0.999000999 0.9578955688
0.572194783 -0.256198495 -0.779073463 0.999000999 0.9578955688
0.551408486 -0.487278814 -0.677132217 0.999000999 0.9578955688
0.55053058 -0.517060762 -0.655411511 0.999000999 0.9578955688
0.542942926 -0.516160794 -0.662413024 0.999000999 0.9578955688
0.77694111 -0.500300587 -0.382180369 0.999000999 0.9578955688
0.762622343 -0.49581537 -0.415420607 0.999000999 0.9578955688
0.786644301 -0.46234761 -0.409176527 0.999000999 0.9578955688
0.72556632 -0.56493704 -0.392937215 0.999000999 0.9578955688
0.710526945 -0.5601127 -0.4259404 0.999000999 0.9578955688
0.73718765 -0.528468736 -0.421040573 0.999000999 0.9578955688
0.747200547 -0.490716943 -0.448205559 0.999000999 0.9578955688
0.730816662 -0.485009179 -0.480284398 0.999000999 0.9578955688
0.75556028 -0.451902159 -0.474250043 0.999000999 0.9578955688
0.892794595 -0.298299342 -0.337543056 0.999000999 0.9578955688
0.872783148 -0.319240679 -0.369235651 0.999000999 0.9578955688
0.927899435 -0.254943183 -0.272041563 0.999000999 0.9578955688
0.911230513 -0.276806352 -0.305019991 0.999000999 0.9578955688
0.895612294 -0.328997397 -0.299398281 0.999000999 0.9578955688
0.896299851 -0.358768429 -0.260637279 0.999000999 0.9578955688
0.877331985 -0.380065826 -0.292982176 0.999000999 0.9578955688
0.953724712 -0.117496988 0.27677361 0.999000999 0.9578955688
0.99197751 -0.049260701 0.116421658 0.999000999 0.9578955688
0.976779298 -0.083866729 0.197151145 0.999000999 0.9578955688
0.969595874 -0.055154852 0.238415151 0.999000999 0.9578955688
0.980082753 0.006873273 0.198470543 0.999000999 0.9578955688
0.778588889 -0.612536557 -0.136375618 0.999000999 0.9578955688
0.762018535 -0.632565229 -0.138524308 0.999000999 0.9578955688
0.758638966 -0.622507079 -0.192228654 0.999000999 0.9578955688
0.778441391 -0.627095096 -0.027941741 0.999000999 0.9578955688
0.761719078 -0.647212998 -0.029989701 0.999000999 0.9578955688
0.76301412 -0.640854985 -0.084346552 0.999000999 0.9578955688
0.744829138 -0.652290969 -0.140520627 0.999000999 0.9578955688
0.727234564 -0.671454072 -0.142405472 0.999000999 0.9578955688
0.724057636 -0.661254319 -0.19617152 0.999000999 0.9578955688
0.738528359 -0.423640123 -0.524504442 0.999000999 0.9578955688
0.753759688 -0.396559925 -0.524010075 0.999000999 0.9578955688
0.754173093 -0.418951863 -0.505670132 0.999000999 0.9578955688
0.736724835 -0.378323586 -0.560453193 0.999000999 0.9578955688
0.751070117 -0.350748233 -0.559347259 0.999000999 0.9578955688
0.752720768 -0.373805031 -0.541923652 0.999000999 0.9578955688
0.768269298 -0.369066146 -0.523022433 0.999000999 0.9578955688
0.782011309 -0.341235035 -0.521552455 0.999000999 0.9578955688
0.783316001 -0.364117588 -0.503819834 0.999000999 0.9578955688
0.625765614 -0.593198581 -0.506490711 0.999000999 0.9578955688
0.637307484 -0.598225056 -0.485763269 0.999000999 0.9578955688
0.655258173 -0.558297729 -0.50886184 0.999000999 0.9578955688
0.6667587 -0.563232014 -0.488059969 0.999000999 0.9578955688
0.65221209 -0.580870253 -0.487041209 0.999000999 0.9578955688
0.648500707 -0.60288564 -0.464731899 0.999000999 0.9578955688
0.659302379 -0.607184587 -0.443449264 0.999000999 0.9578955688
0.416215049 0.064023122 -0.907009412 0.999000999 0.9578955688
0.429168041 0.065252464 -0.900864534 0.999000999 0.9578955688
0.409407248 0.08963108 -0.90793831 0.999000999 0.9578955688
0.422389805 0.090874552 -0.901847364 0.999000999 0.9578955688
0.425816066 0.078073064 -0.90143512 0.999000999 0.9578955688
0.44203591 0.066474909 -0.894530794 0.999000999 0.9578955688
0.45480792 0.067682358 -0.888013994 0.999000999 0.9578955688
0.542959496 -0.03371278 -0.8390819 0.999000999 0.9578955688
0.515831033 -0.030185267 -0.856158393 0.999000999 0.9578955688
0.569544418 -0.037190385 -0.821118768 0.999000999 0.9578955688
0.578794293 -0.057737772 -0.813427019 0.999000999 0.9578955688
0.587721342 -0.078212917 -0.805274092 0.999000999 0.9578955688
0.551394917 -0.376531704 -0.744437721 0.999000999 0.9578955688
0.539115517 -0.342105283 -0.769622268 0.999000999 0.9578955688
0.545382642 -0.359409619 -0.757220246 0.999000999 0.9578955688
0.548488223 -0.342210719 -0.762923648 0.999000999 0.9578955688
0.544736046 -0.307371732 -0.780246921 0.999000999 0.9578955688
0.803533411 -0.013566303 -0.595105044 0.999000999 0.9578955688
0.788332172 -0.009835719 -0.615171233 0.999000999 0.9578955688
0.813377762 -0.010617434 -0.581638965 0.999000999 0.9578955688
0.75097162 -0.011960769 -0.660226148 0.999000999 0.9578955688
0.761904697 -0.009032221 -0.647626166 0.999000999 0.9578955688
0.772619887 -0.006094215 -0.634839641 0.999000999 0.9578955688
0.783113215 -0.003165875 -0.621871104 0.999000999 0.9578955688
0.856109685 -0.419720624 0.301514187 0.999000999 0.9578955688
0.853539577 -0.350683946 0.385345249 0.999000999 0.9578955688
0.832055214 -0.540930194 0.122795138 0.999000999 0.9578955688
0.849157863 -0.483189141 0.213211579 0.999000999 0.9578955688
0.87624741 -0.374038432 0.30378566 0.999000999 0.9578955688
0.893774963 -0.32808011 0.305826353 0.999000999 0.9578955688
0.884647586 -0.257742748 0.388545139 0.999000999 0.9578955688
0.871971855 -0.082316679 0.482585794 0.999000999 0.9578955688
0.880116153 -0.141464165 0.453192506 0.999000999 0.9578955688
0.85784939 -0.294594852 0.421079917 0.999000999 0.9578955688
0.872136596 -0.247650328 0.421956244 0.999000999 0.9578955688
0.884435286 -0.20000321 0.421631285 0.999000999 0.9578955688
0.923621049 -0.13577611 -0.358453632 0.999000999 0.9578955688
0.941632004 -0.159166611 -0.296639781 0.999000999 0.9578955688
0.874755232 -0.086679277 -0.476749397 0.999000999 0.9578955688
0.901259941 -0.111532055 -0.418677823 0.999000999 0.9578955688
0.92154373 -0.092182976 -0.377172975 0.999000999 0.9578955688
0.917329273 -0.048685307 -0.395141424 0.999000999 0.9578955688
0.939456636 -0.072905696 -0.334822324 0.999000999 0.9578955688
0.800503491 -0.302903747 -0.517149379 0.999000999 0.9578955688
0.819371359 -0.29121138 -0.493787917 0.999000999 0.9578955688
0.815703254 -0.324524635 -0.478865287 0.999000999 0.9578955688
0.804757344 -0.235214703 -0.54501345 0.999000999 0.9578955688
0.823491492 -0.223336811 -0.521519349 0.999000999 0.9578955688
0.821985799 -0.257413759 -0.50801329 0.999000999 0.9578955688
0.837437524 -0.279124225 -0.469880899 0.999000999 0.9578955688
0.85458496 -0.266771784 -0.445552871 0.999000999 0.9578955688
0.851032497 -0.300256636 -0.430801163 0.999000999 0.9578955688
0.962280347 -0.254753385 -0.095484274 0.999000999 0.9578955688
0.903337213 -0.402225661 -0.148984554 0.999000999 0.9578955688
0.936100817 -0.329649988 -0.122662734 0.999000999 0.9578955688
0.947693067 -0.298773021 -0.112305532 0.999000999 0.9578955688
0.93079965 -0.342069415 -0.128843032 0.999000999 0.9578955688
0.827835562 -0.559730293 -0.037286476 0.999000999 0.9578955688
0.824996055 -0.564873421 0.017306848 0.999000999 0.9578955688
0.828350447 -0.552525785 -0.092470503 0.999000999 0.9578955688
0.871553859 -0.488035355 -0.047067634 0.999000999 0.9578955688
0.9075019 -0.420045825 -0.001343896 0.999000999 0.9578955688
0.728192932 -0.401134048 -0.555721629 0.999000999 0.9578955688
0.728970409 -0.423731206 -0.537637431 0.999000999 0.9578955688
0.719208379 -0.423709464 -0.550644711 0.999000999 0.9578955688
0.695963012 -0.532211874 -0.482064318 0.999000999 0.9578955688
0.677669953 -0.555131109 -0.482278848 0.999000999 0.9578955688
0.713716835 -0.508807964 -0.481375877 0.999000999 0.9578955688
0.703618778 -0.546453026 -0.454213282 0.999000999 0.9578955688
0.69191487 -0.58285 -0.426074748 0.999000999 0.9578955688
0.666530514 -0.467800361 -0.580430786 0.999000999 0.9578955688
0.669164823 -0.432395992 -0.60436094 0.999000999 0.9578955688
0.678816238 -0.448849759 -0.581156097 0.999000999 0.9578955688
0.672621908 -0.21540336 -0.707941495 0.999000999 0.9578955688
0.696189135 -0.251419484 -0.672390461 0.999000999 0.9578955688
0.715734357 -0.215543247 -0.664278134 0.999000999 0.9578955688
0.737578631 -0.250885515 -0.626924415 0.999000999 0.9578955688
0.717259598 -0.251224846 -0.649942109 0.999000999 0.9578955688
0.717647433 -0.286626601 -0.634686815 0.999000999 0.9578955688
0.736881784 -0.320873168 -0.595017349 0.999000999 0.9578955688
0.526154151 -0.151726938 -0.836744134 0.999000999 0.9578955688
0.557522393 -0.162594847 -0.814083348 0.999000999 0.9578955688
0.514352299 -0.107461242 -0.850819484 0.999000999 0.9578955688
0.552132127 -0.140501124 -0.821833042 0.999000999 0.9578955688
0.588038016 -0.17312772 -0.79008739 0.999000999 0.9578955688
0.667369448 0.024507031 -0.744323468 0.999000999 0.9578955688
0.626347022 0.051190469 -0.777861777 0.999000999 0.9578955688
0.64923323 0.033321925 -0.759859107 0.999000999 0.9578955688
0.601726834 -0.385008194 -0.699781043 0.999000999 0.9578955688
0.590268363 -0.349526995 -0.727608507 0.999000999 0.9578955688
0.617945132 -0.371527418 -0.692900564 0.999000999 0.9578955688
0.449373691 0.096994155 -0.888062734 0.999000999 0.9578955688
0.452141791 0.082343928 -0.888136971 0.999000999 0.9578955688
0.435930804 0.093945011 -0.8950635 0.999000999 0.9578955688
0.869523217 -0.003589876 -0.493879022 0.999000999 0.9578955688
0.842932282 -0.003447922 -0.538008624 0.999000999 0.9578955688
0.842256417 -0.010759459 -0.538969722 0.999000999 0.9578955688
0.828447908 -0.007044897 -0.560021816 0.999000999 0.9578955688
0.814102926 -0.003306316 -0.580711197 0.999000999 0.9578955688
0.68893808 -0.187641749 -0.700110631 0.999000999 0.9578955688
0.666713306 -0.187453899 -0.721355948 0.999000999 0.9578955688
0.660186555 -0.159241582 -0.734027133 0.999000999 0.9578955688
0.693181229 -0.020260517 -0.720478518 0.999000999 0.9578955688
0.692793601 -0.039139306 -0.720073011 0.999000999 0.9578955688
0.662594453 -0.010622811 -0.748903029 0.999000999 0.9578955688
0.788483362 -0.239104274 -0.566677274 0.999000999 0.9578955688
0.788891867 -0.204714402 -0.579432167 0.999000999 0.9578955688
0.784386715 -0.306963569 -0.538990583 0.999000999 0.9578955688
0.786961505 -0.273243982 -0.553199164 0.999000999 0.9578955688
0.771566094 -0.242886201 -0.587955829 0.999000999 0.9578955688
0.754115688 -0.246466513 -0.608739507 0.999000999 0.9578955688
0.754392684 -0.211935023 -0.621269044 0.999000999 0.9578955688
0.93047989 -0.282835467 -0.232833143 0.999000999 0.9578955688
0.93087603 -0.310214532 -0.19296829 0.999000999 0.9578955688
0.91447774 -0.334907118 -0.227085195 0.999000999 0.9578955688
0.9944923 -0.099992488 -0.031409658 0.999000999 0.9578955688
0.997803887 -0.066183556 0.002672111 0.999000999 0.9578955688
0.994955843 -0.098989221 -0.016248214 0.999000999 0.9578955688
0.999388876 -0.034353938 0.006456057 0.999000999 0.9578955688
0.999213301 -0.033267947 0.021587539 0.999000999 0.9578955688
0.998805486 -0.032206889 0.036746657 0.999000999 0.9578955688
0.99816906 -0.03112028 0.051865751 0.999000999 0.9578955688
0.701115602 -0.665951298 -0.254844621 0.999000999 0.9578955688
0.709073207 -0.664683696 -0.235394926 0.999000999 0.9578955688
0.751614201 -0.624609056 -0.21198967 0.999000999 0.9578955688
0.734422456 -0.644078436 -0.213978094 0.999000999 0.9578955688
0.716719463 -0.663126767 -0.215814972 0.999000999 0.9578955688
0.790540042 -0.576113189 -0.207701793 0.999000999 0.9578955688
0.749136549 -0.622465821 -0.226562868 0.999000999 0.9578955688
0.828613071 -0.527343693 -0.187906915 0.999000999 0.9578955688
0.79872673 -0.569108409 -0.195323399 0.999000999 0.9578955688
0.766692321 -0.609314595 -0.202283486 0.999000999 0.9578955688
0.792044621 -0.493746823 -0.358997761 0.999000999 0.9578955688
0.767560934 -0.526904614 -0.364995535 0.999000999 0.9578955688
0.772294891 -0.546291328 -0.324231995 0.999000999 0.9578955688
0.746243357 -0.578419303 -0.329472248 0.999000999 0.9578955688
0.757323675 -0.552976284 -0.347387507 0.999000999 0.9578955688
0.741726002 -0.559190834 -0.370335186 0.999000999 0.9578955688
0.714639367 -0.590488707 -0.374984883 0.999000999 0.9578955688
0.913997606 -0.392745874 0.101779437 0.999000999 0.9578955688
0.909041848 -0.362372953 0.205739551 0.999000999 0.9578955688
0.875748488 -0.469370235 0.112943207 0.999000999 0.9578955688
0.720157396 -0.684066224 -0.115873749 0.999000999 0.9578955688
0.721193019 -0.688275364 -0.078470709 0.999000999 0.9578955688
0.758811762 -0.650968878 -0.021076757 0.999000999 0.9578955688
0.740349028 -0.671507577 -0.030998217 0.999000999 0.9578955688
0.721193228 -0.691525634 -0.04089774 0.999000999 0.9578955688
0.754203208 -0.281654304 -0.593168083 0.999000999 0.9578955688
0.76903975 -0.31180174 -0.55799421 0.999000999 0.9578955688
0.753167812 -0.316469167 -0.576702274 0.999000999 0.9578955688
0.857666479 -0.364774753 -0.362419081 0.999000999 0.9578955688
0.853659103 -0.333679526 -0.399905125 0.999000999 0.9578955688
0.859414538 -0.424505792 -0.28495874 0.999000999 0.9578955688
0.859599939 -0.395111334 -0.323998424 0.999000999 0.9578955688
0.840509953 -0.409564804 -0.354682521 0.999000999 0.9578955688
0.821466283 -0.453276506 -0.346025367 0.999000999 0.9578955688
0.820243534 -0.423286351 -0.384745644 0.999000999 0.9578955688
0.996393519 -0.01709185 0.083113319 0.999000999 0.9578955688
0.997480123 -0.051164335 0.049148913 0.999000999 0.9578955688
0.995338246 -0.057169648 0.077675005 0.999000999 0.9578955688
0.994874169 -0.091214977 0.043648773 0.999000999 0.9578955688
0.996379194 -0.07122431 0.046428425 0.999000999 0.9578955688
0.996253468 -0.085155191 0.015087138 0.999000999 0.9578955688
0.992718463 -0.118952042 -0.018985924 0.999000999 0.9578955688
0.984726636 -0.064329964 -0.161787233 0.999000999 0.9578955688
0.99173873 -0.043496666 -0.120674489 0.999000999 0.9578955688
0.992984945 -0.064558347 -0.099061183 0.999000999 0.9578955688
0.978631821 -0.022074844 -0.204432041 0.999000999 0.9578955688
0.98959156 -0.022226008 -0.142177881 0.999000999 0.9578955688
0.996599146 -0.022399641 -0.079299416 0.999000999 0.9578955688
0.999615299 -0.022541412 -0.016159802 0.999000999 0.9578955688
0.485771881 -0.025855683 -0.873703132 0.999000999 0.9578955688
0.473309698 -0.029496656 -0.880402111 0.999000999 0.9578955688
0.46540452 -0.009663429 -0.885045339 0.999000999 0.9578955688
0.500832867 -0.065466297 -0.863064658 0.999000999 0.9578955688
0.48097965 -0.049330438 -0.875342838 0.999000999 0.9578955688
0.460737222 -0.033145969 -0.886917446 0.999000999 0.9578955688
0.44013484 -0.016929055 -0.897772092 0.999000999 0.9578955688
0.487679723 -0.108961031 -0.866196272 0.999000999 0.9578955688
0.501082533 -0.108215608 -0.858606823 0.999000999 0.9578955688
0.507181665 -0.130417438 -0.851914344 0.999000999 0.9578955688
0.743227218 -0.664538961 -0.077467877 0.999000999 0.9578955688
0.722576873 -0.679945684 -0.124725818 0.999000999 0.9578955688
0.724956004 -0.675717534 -0.13358371 0.999000999 0.9578955688
0.6359064 -0.571129942 -0.519069976 0.999000999 0.9578955688
0.645576676 -0.54862818 -0.531260647 0.999000999 0.9578955688
0.650478964 -0.553509759 -0.520100052 0.999000999 0.9578955688
0.609075657 -0.495075778 -0.619618284 0.999000999 0.9578955688
0.622131322 -0.516627102 -0.588259344 0.999000999 0.9578955688
0.606254821 -0.533173902 -0.59006837 0.999000999 0.9578955688
0.691281708 -0.671585944 -0.266649433 0.999000999 0.9578955688
0.717523674 -0.651815499 -0.245553116 0.999000999 0.9578955688
0.724197531 -0.643416858 -0.24809813 0.999000999 0.9578955688
0.733535232 -0.637314175 -0.23612858 0.999000999 0.9578955688
0.74267371 -0.631047799 -0.224085779 0.999000999 0.9578955688
0.892777884 -0.4231266 -0.154633535 0.999000999 0.9578955688
0.881700617 -0.443783581 -0.160187876 0.999000999 0.9578955688
0.907810559 -0.393603336 -0.144763264 0.999000999 0.9578955688
0.859154208 -0.018229231 -0.511391965 0.999000999 0.9578955688
0.864928098 -0.041050122 -0.500214226 0.999000999 0.9578955688
0.83419147 -0.037148057 -0.55022233 0.999000999 0.9578955688
0.912999048 -0.025817057 -0.407143977 0.999000999 0.9578955688
0.892688722 -0.044929188 -0.448428606 0.999000999 0.9578955688
0.870131894 -0.063962432 -0.488650483 0.999000999 0.9578955688
0.845425749 -0.082685029 -0.527653759 0.999000999 0.9578955688
0.786723982 -0.172754946 -0.592639102 0.999000999 0.9578955688
0.79888293 -0.149022636 -0.582733488 0.999000999 0.9578955688
0.817492288 -0.177194313 -0.548004138 0.999000999 0.9578955688
0.744162409 -0.115370933 -0.657960376 0.999000999 0.9578955688
0.778421804 -0.120353216 -0.616096257 0.999000999 0.9578955688
0.810418041 -0.125021518 -0.572356723 0.999000999 0.9578955688
0.839963028 -0.12942717 -0.526982655 0.999000999 0.9578955688
0.966163558 -0.008073876 -0.257803785 0.999000999 0.9578955688
0.947157364 -0.007848612 -0.32067324 0.999000999 0.9578955688
0.946643169 -0.022370178 -0.321506277 0.999000999 0.9578955688
0.923492198 -0.022141094 -0.382977718 0.999000999 0.9578955688
0.93586798 -0.015035016 -0.35202993 0.999000999 0.9578955688
0.924062366 -0.007620426 -0.382165767 0.999000999 0.9578955688
0.896983046 -0.007391221 -0.44200315 0.999000999 0.9578955688
0.554935921 0.066472222 -0.82923312 0.999000999 0.9578955688
0.520533281 0.088291815 -0.849264187 0.999000999 0.9578955688
0.544752102 0.083414536 -0.834438232 0.999000999 0.9578955688
0.561485065 0.010837303 -0.827415902 0.999000999 0.9578955688
0.532941124 0.029950804 -0.845622083 0.999000999 0.9578955688
0.564358069 0.022819781 -0.825214655 0.999000999 0.9578955688
0.883745007 -0.097451071 0.457709572 0.999000999 0.9578955688
0.879949713 -0.092397052 0.465994944 0.999000999 0.9578955688
0.860590201 -0.299340062 0.412043727 0.999000999 0.9578955688
0.873647492 -0.194561814 0.445966098 0.999000999 0.9578955688
0.875964654 -0.087374754 0.474396013 0.999000999 0.9578955688
0.748457211 -0.147739314 -0.646517516 0.999000999 0.9578955688
0.76959789 -0.176423165 -0.613672514 0.999000999 0.9578955688
0.751853258 -0.179980393 -0.634289947 0.999000999 0.9578955688
0.847306595 -0.175697471 -0.501200491 0.999000999 0.9578955688
0.852177626 -0.221570685 -0.474025025 0.999000999 0.9578955688
0.835700324 -0.199631732 -0.511617181 0.999000999 0.9578955688
0.992518178 -0.009072857 0.121759391 0.999000999 0.9578955688
0.987074848 -0.001102683 0.160256135 0.999000999 0.9578955688
0.992450209 -0.029202326 0.119120972 0.999000999 0.9578955688
0.98494449 -0.172626398 -0.009191181 0.999000999 0.9578955688
0.98703654 -0.158921555 0.022423398 0.999000999 0.9578955688
0.974160767 -0.225853978 0.000883368 0.999000999 0.9578955688
0.671282531 -0.661172578 -0.335008336 0.999000999 0.9578955688
0.678336105 -0.665029381 -0.312403667 0.999000999 0.9578955688
0.718323316 -0.640665793 -0.271217542 0.999000999 0.9578955688
0.701863244 -0.654763309 -0.280487069 0.999000999 0.9578955688
0.684997108 -0.668514452 -0.289598671 0.999000999 0.9578955688
0.832588437 -0.466388103 -0.298795302 0.999000999 0.9578955688
0.803499649 -0.507055334 -0.311902554 0.999000999 0.9578955688
0.812919041 -0.480402977 -0.329204516 0.999000999 0.9578955688
0.800213323 -0.369999172 -0.471973783 0.999000999 0.9578955688
0.786087314 -0.397663418 -0.473212998 0.999000999 0.9578955688
0.802149864 -0.435313053 -0.408727466 0.999000999 0.9578955688
0.787194716 -0.430459614 -0.441620878 0.999000999 0.9578955688
0.771164692 -0.425016833 -0.473989145 0.999000999 0.9578955688
0.962422069 -0.036532418 -0.269089471 0.999000999 0.9578955688
0.952639533 -0.043711911 -0.300943831 0.999000999 0.9578955688
0.971096068 -0.029273302 -0.236887104 0.999000999 0.9578955688
0.975133787 -0.050540757 -0.215777034 0.999000999 0.9578955688
0.978281608 -0.07170453 -0.194482789 0.999000999 0.9578955688
0.760768727 -0.64878876 0.017438152 0.999000999 0.9578955688
0.758603808 -0.64738469 0.073575307 0.999000999 0.9578955688
0.842849164 -0.512192684 0.165117961 0.999000999 0.9578955688
0.801162127 -0.579822315 0.148139559 0.999000999 0.9578955688
0.753859762 -0.64400866 0.130185653 0.999000999 0.9578955688
0.955335647 -0.087077503 -0.282402744 0.999000999 0.9578955688
0.968170542 -0.101122039 -0.22895444 0.999000999 0.9578955688
0.955913421 -0.130400552 -0.263106874 0.999000999 0.9578955688
0.785228405 -0.035730784 -0.61817446 0.999000999 0.9578955688
0.810435768 -0.036419695 -0.58469434 0.999000999 0.9578955688
0.816757625 -0.059351783 -0.573920159 0.999000999 0.9578955688
0.899493688 -0.018424315 -0.436545129 0.999000999 0.9578955688
0.872382753 -0.014627311 -0.488604517 0.999000999 0.9578955688
0.884996672 -0.010994768 -0.465467513 0.999000999 0.9578955688
0.818869202 -0.358234377 -0.448465563 0.999000999 0.9578955688
0.836735843 -0.346099345 -0.424368203 0.999000999 0.9578955688
0.820401218 -0.391204572 -0.417014177 0.999000999 0.9578955688
0.521528624 -0.312207005 -0.794062139 0.999000999 0.9578955688
0.524123116 -0.294697226 -0.799029727 0.999000999 0.9578955688
0.487356028 -0.215052956 -0.846307466 0.999000999 0.9578955688
0.507412513 -0.24627878 -0.825759834 0.999000999 0.9578955688
0.526571355 -0.277060857 -0.803716299 0.999000999 0.9578955688
0.862502895 -0.425711269 0.273603128 0.999000999 0.9578955688
0.883973976 -0.320652943 0.340252406 0.999000999 0.9578955688
0.893542652 -0.330516964 0.303875082 0.999000999 0.9578955688
0.845363134 -0.406481035 0.34660401 0.999000999 0.9578955688
0.872727862 -0.31042455 0.376805887 0.999000999 0.9578955688
0.891016927 -0.210600387 0.402164534 0.999000999 0.9578955688
0.899492017 -0.108743797 0.423188961 0.999000999 0.9578955688
0.926386105 -0.108978358 0.360461511 0.999000999 0.9578955688
0.916067782 -0.221354982 0.334397654 0.999000999 0.9578955688
0.913286944 -0.109006664 0.392459558 0.999000999 0.9578955688
0.829570525 -0.498235644 0.252138823 0.999000999 0.9578955688
0.840065978 -0.513077412 0.17618377 0.999000999 0.9578955688
0.835661509 -0.505811224 0.214067391 0.999000999 0.9578955688
0.799469208 -0.580961208 0.15275163 0.999000999 0.9578955688
0.75542796 -0.653270853 0.050653626 0.999000999 0.9578955688
0.821759225 -0.529250335 -0.211200993 0.999000999 0.9578955688
0.963859374 -0.210289455 -0.163564826 0.999000999 0.9578955688
0.715654023 -0.2823507 -0.63884067 0.999000999 0.9578955688
0.997845893 -0.055427468 -0.035090867 0.999000999 0.9578955688
0.994631508 -0.088276989 -0.053993861 0.999000999 0.9578955688
0.994129892 -0.076423985 -0.076584151 0.999000999 0.9578955688
0.804356798 -0.58516267 0.102931002 0.999000999 0.9578955688
0.759111202 -0.650338746 0.028455201 0.999000999 0.9578955688
0.757264191 -0.651904556 0.039640833 0.999000999 0.9578955688
0.436045945 0.027702335 -0.899497924 0.999000999 0.9578955688
0.421207672 0.041997417 -0.905991343 0.999000999 0.9578955688
0.465100857 -0.000927628 -0.885257213 0.999000999 0.9578955688
0.450679601 0.013390687 -0.892585339 0.999000999 0.9578955688
0.437636513 0.018485369 -0.898961942 0.999000999 0.9578955688
0.439191875 0.009270838 -0.89834545 0.999000999 0.9578955688
0.424493025 0.023579731 -0.905124117 0.999000999 0.9578955688
0.745913189 -0.614986229 -0.255744899 0.999000999 0.9578955688
0.772601906 -0.587105955 -0.241646213 0.999000999 0.9578955688
0.756463317 -0.586424837 -0.289601727 0.999000999 0.9578955688
0.777862638 -0.572747314 -0.258631456 0.999000999 0.9578955688
0.798011455 -0.558181773 -0.22718016 0.999000999 0.9578955688
0.670312863 -0.599212139 -0.437750475 0.999000999 0.9578955688
0.674326797 -0.577454918 -0.460249051 0.999000999 0.9578955688
0.681198379 -0.591089187 -0.431951783 0.999000999 0.9578955688
0.67655714 -0.646816295 -0.351993065 0.999000999 0.9578955688
0.700845621 -0.637293756 -0.32042485 0.999000999 0.9578955688
0.734153581 -0.597732067 -0.322079022 0.999000999 0.9578955688
0.729273882 -0.612339801 -0.305286051 0.999000999 0.9578955688
0.723985032 -0.626683164 -0.288294788 0.999000999 0.9578955688
0.439538865 0.000538507 -0.898223411 0.999000999 0.9578955688
0.426448281 0.005636307 -0.904494387 0.999000999 0.9578955688
0.452526223 -0.004562955 -0.891739422 0.999000999 0.9578955688
0.439853081 -0.008197401 -0.898032332 0.999000999 0.9578955688
0.427087237 -0.011826471 -0.90413308 0.999000999 0.9578955688
0.530447734 -0.069836842 -0.844836089 0.999000999 0.9578955688
0.523267615 -0.050000389 -0.850700279 0.999000999 0.9578955688
0.559439299 -0.074064368 -0.825555656 0.999000999 0.9578955688
0.68963806 -0.628406478 -0.359867538 0.999000999 0.9578955688
0.70233998 -0.609608182 -0.367554645 0.999000999 0.9578955688
0.718543524 -0.603912608 -0.344941684 0.999000999 0.9578955688
