{"max_vertex": 168, "max_face": 167, "dfa": {}, "vertex": {"0": {"y": 0.30018917126588696, "z": 0.21027341255939341, "x": 1.0475462192693874}, "1": {"y": 0.30009757264175163, "z": 0.10685167014554449, "x": 1.1396282157876931}, "2": {"y": 0.40005809563543077, "z": 0.12221178566645462, "x": 1.1395568728473862}, "3": {"y": 0.40011248028984009, "z": 0.24353357349197693, "x": 1.0474608841925797}, "4": {"y": 0.17696053757931726, "z": 0.16726595780360573, "x": 1.0230394761986192}, "5": {"y": 0.20013529123307125, "z": 0.084528965163737549, "x": 1.1397220179321361}, "6": {"y": 0.40015970040987114, "z": 0.31238014101580192, "x": 0.94915558656423427}, "7": {"y": 0.2756591262781658, "z": 0.25637497507179652, "x": 0.92434088265575776}, "8": {"y": 0.20000000298023224, "z": 0.0, "x": 1.2000000476837158}, "9": {"y": 0.30000001192092896, "z": 0.0, "x": 1.2000000476837158}, "10": {"y": 0.08346474301138139, "z": 0.074559574759042097, "x": 1.1165352829552939}, "11": {"y": 0.10000000149011612, "z": 0.0, "x": 1.2000000476837158}, "12": {"y": 0.82467982570787945, "z": 0.32440602105163252, "x": 0.37532018272233053}, "13": {"y": 0.94915558653346266, "z": 0.31238014105411605, "x": 0.40015970038489801}, "14": {"y": 0.92434088263252889, "z": 0.25637497507179602, "x": 0.27565912625493666}, "15": {"y": 0.84959705994302726, "z": 0.37653670512933035, "x": 0.50008171158924952}, "16": {"y": 0.94911092928939689, "z": 0.34153779490171748, "x": 0.50006658119312464}, "17": {"y": 0.72485050641326831, "z": 0.364053201807643, "x": 0.47514950143096374}, "18": {"y": 0.69991829290767982, "z": 0.37653669155794417, "x": 0.35040294338295364}, "19": {"y": 1.1396282157749389, "z": 0.10685167017091267, "x": 0.30009757263428655}, "20": {"y": 1.2000000476837158, "z": 0.0, "x": 0.30000001192092896}, "21": {"y": 1.2000000476837158, "z": 0.0, "x": 0.20000000298023224}, "22": {"y": 1.1397220179234362, "z": 0.084528965175294957, "x": 0.20013529122662904}, "23": {"y": 1.1395568728301615, "z": 0.12221178570907229, "x": 0.40005809562728706}, "24": {"y": 1.2000000476837158, "z": 0.0, "x": 0.40000000596046448}, "25": {"y": 1.0475462192503984, "z": 0.2102734125843263, "x": 0.30018917125078937}, "26": {"y": 1.0474608841669564, "z": 0.24353357354070773, "x": 0.40011248027341367}, "27": {"y": 0.69999998807907104, "z": 0.0, "x": 0.0}, "28": {"y": 0.60000002384185791, "z": 0.0, "x": 0.0}, "29": {"y": 0.6000000203324285, "z": 0.13467678395965987, "x": 0.060502916289651675}, "30": {"y": 0.69997566974092407, "z": 0.13153663972502264, "x": 0.060487744436301366}, "31": {"y": 0.5, "z": 0.0, "x": 0.0}, "32": {"y": 0.50002432312133416, "z": 0.13153663996964823, "x": 0.060487746539472712}, "33": {"y": 0.0, "z": 0.0, "x": 0.30000001192092896}, "34": {"y": 0.0, "z": 0.0, "x": 0.40000000596046448}, "35": {"y": 0.060443148914143069, "z": 0.12221173922154528, "x": 0.40005809648307356}, "36": {"y": 0.060371805908692372, "z": 0.10685162934757977, "x": 0.30009757098601125}, "37": {"y": 0.060278003679178835, "z": 0.084528931561050069, "x": 0.20013528642676651}, "38": {"y": 0.0, "z": 0.0, "x": 0.20000000298023224}, "39": {"y": 1.1165352835867433, "z": 0.074559585741624801, "x": 1.1165352836682385}, "40": {"y": 1.2000000476837158, "z": 0.0, "x": 1.2000000476837158}, "41": {"y": 1.2000000476837158, "z": 0.0, "x": 1.1000000238418579}, "42": {"y": 1.1000000238418579, "z": 0.0, "x": 1.2000000476837158}, "43": {"y": 1.2000000476837158, "z": 0.0, "x": 1.0}, "44": {"y": 1.1397220263304952, "z": 0.084528963677689736, "x": 0.9998647168536694}, "45": {"y": 0.99986471681244637, "z": 0.084528963623766648, "x": 1.1397220263861929}, "46": {"y": 1.0, "z": 0.0, "x": 1.2000000476837158}, "47": {"y": 0.50002432245343709, "z": 0.13153669068854168, "x": 1.1395122752285189}, "48": {"y": 0.5, "z": 0.0, "x": 1.2000000476837158}, "49": {"y": 0.60000002384185791, "z": 0.0, "x": 1.2000000476837158}, "50": {"y": 0.60000002033599631, "z": 0.13467683616262946, "x": 1.1394971054981646}, "51": {"y": 0.40000000596046448, "z": 0.0, "x": 1.2000000476837158}, "52": {"y": 0.60000001683673654, "z": 0.26974795258377166, "x": 1.0473894482801596}, "53": {"y": 0.50004701997185785, "z": 0.26312963549320317, "x": 1.0474075753262659}, "54": {"y": 0.50006658121790826, "z": 0.34153779483032332, "x": 0.94911092932915053}, "55": {"y": 0.60000001334902398, "z": 0.35117399297978863, "x": 0.94909573782148615}, "56": {"y": 0.60000000987501578, "z": 0.39079923208175266, "x": 0.84958670049348928}, "57": {"y": 0.50008171162266812, "z": 0.37653670507486342, "x": 0.84959705999458313}, "58": {"y": 0.69995297763005038, "z": 0.26312964114030185, "x": 1.0474075764937749}, "59": {"y": 0.69993342115209645, "z": 0.34153780430123198, "x": 0.94911092611307746}, "60": {"y": 0.69997567038548691, "z": 0.1315366905680069, "x": 1.1395122773434005}, "61": {"y": 0.060487746573390233, "z": 0.13153664005753982, "x": 0.50002432308985556}, "62": {"y": 0.15259243149400364, "z": 0.26312958466662278, "x": 0.50004702124827061}, "63": {"y": 0.15253912249239426, "z": 0.24353352782699059, "x": 0.4001124819917305}, "64": {"y": 0.0, "z": 0.0, "x": 0.5}, "65": {"y": 0.15245378720132766, "z": 0.21027337227445844, "x": 0.30018916794979134}, "66": {"y": 0.60000000641558227, "z": 0.40020241020986047, "x": 0.74981493548547085}, "67": {"y": 0.69991829552077633, "z": 0.37653671209793454, "x": 0.84959706232422927}, "68": {"y": 0.72485051501278763, "z": 0.36405320865371221, "x": 0.72485051519803234}, "69": {"y": 0.47514950146686125, "z": 0.36405320180764328, "x": 0.72485050644916571}, "70": {"y": 0.60000000400755904, "z": 0.37480920442158833, "x": 0.60000000400755893}, "71": {"y": 0.60000001682959336, "z": 0.26974789971660296, "x": 0.15261055854539585}, "72": {"y": 0.69995297633725828, "z": 0.26312958990724528, "x": 0.15259243029358255}, "73": {"y": 0.600000013338292, "z": 0.35117395814634766, "x": 0.25090427012464878}, "74": {"y": 0.69993341920406793, "z": 0.34153777093420368, "x": 0.25088908179231817}, "75": {"y": 0.50004702131132994, "z": 0.26312958456403496, "x": 0.15259243144419235}, "76": {"y": 0.50006658323598496, "z": 0.34153776194606944, "x": 0.25088907855619014}, "77": {"y": 0.79988753207203456, "z": 0.24353358000143077, "x": 1.0474608865238961}, "78": {"y": 0.79984030918235893, "z": 0.31238015528037688, "x": 0.94915558012165424}, "79": {"y": 0.79994191948808246, "z": 0.12221178287105362, "x": 1.1395568770762268}, "80": {"y": 0.89981082696420511, "z": 0.21027342825430434, "x": 1.0475462227580128}, "81": {"y": 0.89990242052306657, "z": 0.10685167064718187, "x": 1.1396282221311225}, "82": {"y": 1.0230394735067279, "z": 0.16726597929800796, "x": 1.0230394736026072}, "83": {"y": 0.92434088107301005, "z": 0.25637499557219595, "x": 0.92434088116551605}, "84": {"y": 1.2000000476837158, "z": 0.0, "x": 0.80000001192092896}, "85": {"y": 1.2000000476837158, "z": 0.0, "x": 0.69999998807907104}, "86": {"y": 1.1395122773094832, "z": 0.13153669065589799, "x": 0.6999756704169654}, "87": {"y": 1.139556877035564, "z": 0.12221178295424415, "x": 0.79994191951340932}, "88": {"y": 0.40000000596046448, "z": 0.0, "x": 0.0}, "89": {"y": 0.30000001192092896, "z": 0.0, "x": 0.0}, "90": {"y": 0.30009757101350076, "z": 0.10685162927207131, "x": 0.060371805860741812}, "91": {"y": 0.40005809650840052, "z": 0.12221173913835437, "x": 0.06044314887348004}, "92": {"y": 0.20000000298023224, "z": 0.0, "x": 0.0}, "93": {"y": 0.20013528646798953, "z": 0.084528931507127147, "x": 0.06027800362348143}, "94": {"y": 0.37532017953484842, "z": 0.32440600570154571, "x": 0.37532017941813073}, "95": {"y": 0.50008171432921122, "z": 0.37653668522076744, "x": 0.35040294567405339}, "96": {"y": 0.40015970305514115, "z": 0.31238011240433716, "x": 0.25084442116338806}, "97": {"y": 0.47514951021572666, "z": 0.36405319622128407, "x": 0.4751495100304815}, "98": {"y": 0.35040294576415526, "z": 0.37653668529941781, "x": 0.5000817142023456}, "99": {"y": 0.25084442123431144, "z": 0.31238011246736141, "x": 0.40015970297852799}, "100": {"y": 0.25088907861599946,