{"max_vertex": 168, "max_face": 167, "dfa": {}, "vertex": {"0": {"y": 0.40000000596046448, "z": 0.3081209659576416, "x": 1.0}, "1": {"y": 0.30000001192092896, "z": 0.18047052621841431, "x": 1.1000000238418579}, "2": {"y": 0.30000001192092896, "z": 0.25460222363471985, "x": 1.0}, "3": {"y": 0.20000000298023224, "z": 0.18583118915557861, "x": 1.0}, "4": {"y": 0.20000000298023224, "z": 0.1386236697435379, "x": 1.1000000238418579}, "5": {"y": 0.40000000596046448, "z": 0.33625751733779907, "x": 0.89999997615814209}, "6": {"y": 0.30000001192092896, "z": 0.26334255933761597, "x": 0.89999997615814209}, "7": {"y": 0.20000000298023224, "z": 0.0, "x": 1.2000000476837158}, "8": {"y": 0.30000001192092896, "z": 0.0, "x": 1.2000000476837158}, "9": {"y": 0.89999997615814209, "z": 0.26334255933761597, "x": 0.30000001192092896}, "10": {"y": 0.89999997615814209, "z": 0.33625763654708862, "x": 0.40000000596046448}, "11": {"y": 0.80000001192092896, "z": 0.31743627786636353, "x": 0.40000000596046448}, "12": {"y": 0.80000001192092896, "z": 0.37859821319580078, "x": 0.5}, "13": {"y": 0.89999997615814209, "z": 0.38195618987083435, "x": 0.5}, "14": {"y": 0.69999998807907104, "z": 0.34503379464149475, "x": 0.5}, "15": {"y": 1.1000000238418579, "z": 0.13862317800521851, "x": 0.20000000298023224}, "16": {"y": 1.2000000476837158, "z": 0.0, "x": 0.30000001192092896}, "17": {"y": 1.1000000238418579, "z": 0.18047009408473969, "x": 0.30000001192092896}, "18": {"y": 1.1000000238418579, "z": 0.21239304542541504, "x": 0.40000000596046448}, "19": {"y": 0.69999998807907104, "z": 0.0, "x": 0.0}, "20": {"y": 0.69999998807907104, "z": 0.23224735260009766, "x": 0.10000000149011612}, "21": {"y": 0.60000002384185791, "z": 0.23896506428718567, "x": 0.10000000149011612}, "22": {"y": 0.60000002384185791, "z": 0.0, "x": 0.0}, "23": {"y": 0.5, "z": 0.23222357034683228, "x": 0.10000000149011612}, "24": {"y": 0.0, "z": 0.0, "x": 0.30000001192092896}, "25": {"y": 0.10000000149011612, "z": 0.18040616810321808, "x": 0.30000001192092896}, "26": {"y": 0.10000000149011612, "z": 0.13855129480361938, "x": 0.20000000298023224}, "27": {"y": 1.2000000476837158, "z": 0.0, "x": 1.1000000238418579}, "28": {"y": 1.2000000476837158, "z": 0.0, "x": 1.2000000476837158}, "29": {"y": 1.1000000238418579, "z": 0.093507483601570129, "x": 1.1000000238418579}, "30": {"y": 1.1000000238418579, "z": 0.0, "x": 1.2000000476837158}, "31": {"y": 1.1000000238418579, "z": 0.13855129480361938, "x": 1.0}, "32": {"y": 0.60000002384185791, "z": 0.23896506428718567, "x": 1.1000000238418579}, "33": {"y": 0.5, "z": 0.0, "x": 1.2000000476837158}, "34": {"y": 0.5, "z": 0.23224735260009766, "x": 1.1000000238418579}, "35": {"y": 0.60000002384185791, "z": 0.35169696807861328, "x": 1.0}, "36": {"y": 0.5, "z": 0.38195592164993286, "x": 0.89999997615814209}, "37": {"y": 0.69999998807907104, "z": 0.38190183043479919, "x": 0.89999997615814209}, "38": {"y": 0.60000002384185791, "z": 0.39711472392082214, "x": 0.89999997615814209}, "39": {"y": 0.69999998807907104, "z": 0.3407103419303894, "x": 1.0}, "40": {"y": 0.20000000298023224, "z": 0.30804330110549927, "x": 0.40000000596046448}, "41": {"y": 0.10000000149011612, "z": 0.23222355544567108, "x": 0.5}, "42": {"y": 0.10000000149011612, "z": 0.21234691143035889, "x": 0.40000000596046448}, "43": {"y": 0.0, "z": 0.0, "x": 0.40000000596046448}, "44": {"y": 0.0, "z": 0.0, "x": 0.5}, "45": {"y": 0.20000000298023224, "z": 0.25448986887931824, "x": 0.30000001192092896}, "46": {"y": 0.60000002384185791, "z": 0.37545153498649597, "x": 0.69999998807907104}, "47": {"y": 0.69999998807907104, "z": 0.34493187069892883, "x": 0.69999998807907104}, "48": {"y": 0.5, "z": 0.34503379464149475, "x": 0.69999998807907104}, "49": {"y": 0.69999998807907104, "z": 0.34074944257736206, "x": 0.20000000298023224}, "50": {"y": 0.60000002384185791, "z": 0.39711472392082214, "x": 0.30000001192092896}, "51": {"y": 0.5, "z": 0.38190183043479919, "x": 0.30000001192092896}, "52": {"y": 0.80000001192092896, "z": 0.33614522218704224, "x": 0.89999997615814209}, "53": {"y": 0.80000001192092896, "z": 0.30804333090782166, "x": 1.0}, "54": {"y": 0.89999997615814209, "z": 0.18040673434734344, "x": 1.1000000238418579}, "55": {"y": 0.89999997615814209, "z": 0.25449010729789734, "x": 1.0}, "56": {"y": 1.2000000476837158, "z": 0.0, "x": 0.80000001192092896}, "57": {"y": 1.1000000238418579, "z": 0.21234691143035889, "x": 0.80000001192092896}, "58": {"y": 0.40000000596046448, "z": 0.0, "x": 0.0}, "59": {"y": 0.30000001192092896, "z": 0.18040673434734344, "x": 0.10000000149011612}, "60": {"y": 0.30000001192092896, "z": 0.0, "x": 0.0}, "61": {"y": 0.20000000298023224, "z": 0.13855187594890594, "x": 0.10000000149011612}, "62": {"y": 0.40000000596046448, "z": 0.3172738254070282, "x": 0.40000000596046448}, "63": {"y": 0.40000000596046448, "z": 0.37852349877357483, "x": 0.5}, "64": {"y": 0.40000000596046448, "z": 0.40028676390647888, "x": 0.60000002384185791}, "65": {"y": 0.30000001192092896, "z": 0.38195618987083435, "x": 0.69999998807907104}, "66": {"y": 0.20000000298023224, "z": 0.34074968099594116, "x": 0.69999998807907104}, "67": {"y": 0.10000000149011612, "z": 0.0, "x": 1.2000000476837158}, "68": {"y": 0.10000000149011612, "z": 0.23224739730358124, "x": 0.69999998807907104}, "69": {"y": 0.30000001192092896, "z": 0.39711511135101318, "x": 0.60000002384185791}, "70": {"y": 0.30000001192092896, "z": 0.38190209865570068, "x": 0.5}, "71": {"y": 0.0, "z": 0.0, "x": 0.20000000298023224}, "72": {"y": 1.0, "z": 0.25460204482078552, "x": 0.30000001192092896}, "73": {"y": 0.60000002384185791, "z": 0.40028649568557739, "x": 0.40000000596046448}, "74": {"y": 0.5, "z": 0.3785233199596405, "x": 0.40000000596046448}, "75": {"y": 0.80000001192092896, "z": 0.33625751733779907, "x": 0.30000001192092896}, "76": {"y": 1.0, "z": 0.18583118915557861, "x": 0.20000000298023224}, "77": {"y": 0.60000002384185791, "z": 0.40028649568557739, "x": 0.80000001192092896}, "78": {"y": 0.69999998807907104, "z": 0.3785233199596405, "x": 0.80000001192092896}, "79": {"y": 0.20000000298023224, "z": 0.25460204482078552, "x": 0.89999997615814209}, "80": {"y": 0.10000000149011612, "z": 0.18047009408473969, "x": 0.89999997615814209}, "81": {"y": 0.10000000149011612, "z": 0.13862317800521851, "x": 1.0}, "82": {"y": 0.60000002384185791, "z": 0.35169696807861328, "x": 0.20000000298023224}, "83": {"y": 0.5, "z": 0.3407103419303894, "x": 0.20000000298023224}, "84": {"y": 1.0, "z": 0.1386236697435379, "x": 0.10000000149011612}, "85": {"y": 0.89999997615814209, "z": 0.18047052621841431, "x": 0.10000000149011612}, "86": {"y": 1.0, "z": 0.0, "x": 0.0}, "87": {"y": 0.30000001192092896, "z": 0.33625763654708862, "x": 0.80000001192092896}, "88": {"y": 0.5, "z": 0.37859803438186646, "x": 0.80000001192092896}, "89": {"y": 0.40000000596046448, "z": 0.31743627786636353, "x": 0.80000001192092896}, "90": {"y": 0.40000000596046448, "z": 0.21234717965126038, "x": 0.10000000149011612}, "91": {"y": 0.5, "z": 0.0, "x": 0.0}, "92": {"y": 0.40000000596046448, "z": 0.30804333090782166, "x": 0.20000000298023224}, "93": {"y": 0.20000000298023224, "z": 0.30812099575996399, "x": 0.80000001192092896}, "94": {"y": 1.2000000476837158, "z": 0.0, "x": 0.0}, "95": {"y": 1.1000000238418579, "z": 0.0, "x": 0.0}, "96": {"y": 1.2000000476837158, "z": 0.0, "x": 0.40000000596046448}, "97": {"y": 1.1000000238418579, "z": 0.23224739730358124, "x": 0.5}, "98": {"y": 1.2000000476837158, "z": 0.0, "x": 1.0}, "99": {"y": 1.1000000238418579, "z": 0.18040616810321808, "x": 0.89999997615814209}, "100": {"y": 0.89999997615814209, "z": 0.0, "x": 0.0}, "101": {"y": 0.0, "z": 0.0, "x": 0.89999997615814209}, "102": {"y": 0.10000000149011612, "z": 0.21239304542541504, "x": 0.80000001192092896}, "103": {"y": 0.10000000149011612, "z": 0.093571998178958893, "x": 1.1000000238418579}, "104": {"y": 0.0, "z": 0.0, "x": 1.1000000238418579}, "105": {"y": 0.89999997615814209, "z": 0.25460222363471985, "x": 0.20000000298023224}, "106": {"y": 0.0, "z": 0.0,