crown_height,max_stress,mean_stress,cable_tension,boundary_reaction_mean
0.17945678,3351.85448873,1170.03325058,1085.28412198,43.10389326
