crown_height,max_stress,mean_stress,cable_tension,boundary_reaction_mean
0.15003148,4066.01114008,1164.86278625,2299.27976980,44.50430295
