crown_height,max_stress,mean_stress,cable_tension,boundary_reaction_mean
0.23482852,2162.34300287,1234.19963060,192.29911491,46.17539063
