crown_height,max_stress,mean_stress,cable_tension,boundary_reaction_mean
0.22095897,2550.14904768,1209.38530974,362.06049820,44.94107218
