crown_height,max_stress,mean_stress,cable_tension,boundary_reaction_mean
0.20233822,2935.67120340,1188.16556972,621.47889828,43.73368768
