crown_height,max_stress,mean_stress,cable_tension,boundary_reaction_mean
0.14058530,3490.11052662,679.75922607,4139.40290307,31.35884618
