crown_height,max_stress,mean_stress,cable_tension,boundary_reaction_mean
0.25467776,1832.78029831,1036.12898882,225.20152314,36.43350156
