crown_height,max_stress,mean_stress,cable_tension,boundary_reaction_mean
0.19688742,2651.19344680,966.30247876,1082.37257671,34.05776041
