crown_height,max_stress,mean_stress,cable_tension,boundary_reaction_mean
0.23882466,2064.62831757,1014.48802726,385.21285828,35.34591632
