crown_height,max_stress,mean_stress,cable_tension,boundary_reaction_mean
0.26582163,1635.74060162,1059.42938627,111.84144837,37.48660563
