0.127706484 -0.980591095 -0.14876881 0.992468357 0.9514422219
-0.068320243 -0.967209271 -0.244619235 0.992468357 0.9514422219
0.012537612 -0.982078692 -0.188053852 0.992468357 0.9514422219
0.266466156 -0.958819255 -0.098292543 0.992468357 0.9514422219
0.112021383 -0.980425426 -0.161917246 0.992468357 0.9514422219
-0.113981808 -0.951184195 -0.286804419 0.992468357 0.9514422219
-0.011662822 -0.968921207 -0.247094464 0.992468357 0.9514422219
0.419807381 -0.906556217 -0.043790279 0.992468357 0.9514422219
0.274832967 -0.955688073 -0.105485297 0.992468357 0.9514422219
0.188228131 -0.977094442 -0.099280525 0.992468357 0.9514422219
-0.217147049 -0.924928342 -0.312017182 0.992468357 0.9514422219
0.562794251 -0.826545544 -0.00922465 0.992468357 0.9514422219
-0.119097366 -0.949733044 -0.289521954 0.992468357 0.9514422219
0.438630993 -0.897986177 -0.034981106 0.992468357 0.9514422219
-0.249784019 -0.894268411 -0.371338056 0.992468357 0.9514422219
-0.279345839 -0.902417988 -0.32803609 0.992468357 0.9514422219
0.681503594 -0.731625791 0.016629878 0.992468357 0.9514422219
-0.13737971 -0.941273089 -0.308434412 0.992468357 0.9514422219
-0.246293628 -0.895057304 -0.371768572 0.992468357 0.9514422219
-0.307552409 -0.874634353 -0.374734924 0.992468357 0.9514422219
0.428571966 -0.902142565 -0.049647371 0.992468357 0.9514422219
0.259368586 -0.960317588 -0.102557624 0.992468357 0.9514422219
0.702226712 -0.710143658 0.050730963 0.992468357 0.9514422219
-0.305737113 -0.863396602 -0.401336673 0.992468357 0.9514422219
0.057498244 -0.968408702 -0.242649003 0.9921640837 0.9506557947
0.588846092 -0.807664658 -0.030628097 0.992468357 0.9514422219
-0.140410329 -0.938947685 -0.314105372 0.9921640837 0.9506557947
-0.234558092 -0.892834437 -0.38448559 0.992468357 0.9514422219
0.661033782 -0.750355557 -0.00093646 0.992468357 0.9514422219
-0.289163305 -0.863372228 -0.413488789 0.992468357 0.9514422219
0.392857188 -0.917863036 -0.056486072 0.9921640837 0.9506557947
-0.020523929 -0.968835137 -0.246854707 0.9921640837 0.9506557947
0.270322961 -0.956687404 -0.108049563 0.9921640837 0.9506557947
0.525663871 -0.850690607 -0.001728288 0.992468357 0.9514422219
-0.307352483 -0.872190832 -0.380549081 0.992468357 0.9514422219
-0.815597485 0.57759809 -0.034368434 0.9922126432 0.9506533159
0.141443541 -0.97925971 -0.145066001 0.9921640837 0.9506557947
0.716227239 -0.696407882 0.045106587 0.992468357 0.9514422219
-0.2177519 -0.895215143 -0.388810954 0.9921640837 0.9506557947
-0.137344235 -0.941317495 -0.308314669 0.9921640837 0.9506557947
-0.281468343 -0.866403879 -0.412455926 0.992468357 0.9514422219
0.399429669 -0.915896151 -0.039877073 0.992468357 0.9514422219
-0.330804487 -0.809784803 -0.484579161 0.992468357 0.9514422219
-0.828142581 0.559307515 -0.036809906 0.992468357 0.9514422219
0.520151442 -0.854054921 -0.005715759 0.992468357 0.9514422219
-0.005258583 -0.968122368 -0.250422498 0.9921640837 0.9506557947
0.22634585 -0.968071656 -0.107725692 0.9921640837 0.9506557947
-0.310561935 -0.818163675 -0.483900284 0.992468357 0.9514422219
-0.808330907 0.585680374 -0.059830137 0.992468357 0.9514422219
0.050682435 -0.975928985 -0.212117671 0.992468357 0.9514422219
-0.27300759 -0.872194697 -0.405885779 0.992468357 0.9514422219
-0.210389221 -0.900607834 -0.380318163 0.9921640837 0.9506557947
-0.270101455 -0.85963372 -0.433676229 0.992468357 0.9514422219
-0.916860099 0.393963121 -0.064502847 0.992468357 0.9514422219
-0.174400508 -0.922103336 -0.345412653 0.9921640837 0.9506557947
0.350113976 -0.934048955 -0.070517752 0.9921640837 0.9506557947
0.721717276 -0.690851708 0.042989422 0.992468357 0.9514422219
-0.54581506 -0.59249382 0.592483749 0.992468357 0.9514422219
-0.291342397 -0.834881807 -0.467003187 0.992468357 0.9514422219
-0.896823336 0.439854055 -0.047289678 0.9922126432 0.9506533159
0.163000728 -0.97534523 -0.148769771 0.992468357 0.9514422219
-0.093990985 -0.959781254 -0.26454799 0.9921640837 0.9506557947
-0.267500888 -0.882414305 -0.387024896 0.992468357 0.9514422219
-0.268994845 -0.839201069 -0.472634467 0.992468357 0.9514422219
-0.810186922 0.583068847 -0.060231812 0.992468357 0.9514422219
0.65810424 -0.752497121 0.025434062 0.992468357 0.9514422219
-0.908868477 0.412494805 -0.061693821 0.9922126432 0.9506533159
0.38526695 -0.921226869 -0.053948432 0.992468357 0.9514422219
-0.275993941 -0.851626079 -0.445601129 0.992468357 0.9514422219
-0.238346125 -0.90640646 -0.348738374 0.992468357 0.9514422219
-0.053794857 -0.966777883 -0.249893254 0.992468357 0.9514422219
-0.879889745 0.474355874 -0.027938164 0.992468357 0.9514422219
-0.632299731 -0.766221789 0.114460562 0.992468357 0.9514422219
-0.265732606 -0.844089373 -0.465724503 0.992468357 0.9514422219
-0.914070084 0.399906415 -0.067459185 0.992468357 0.9514422219
0.563519774 -0.824944344 -0.043729765 0.992468357 0.9514422219
0.734794916 -0.677949915 0.021455608 0.992468357 0.9514422219
-0.90715935 0.415963505 -0.063531693 0.992468357 0.9514422219
-0.264890502 -0.872457412 -0.410671507 0.992468357 0.9514422219
-0.271406346 -0.889626667 -0.367291423 0.992468357 0.9514422219
-0.886410608 0.460365385 -0.048372992 0.992468357 0.9514422219
-0.970337938 0.236131745 -0.051827458 0.9922126432 0.9506533159
-0.974213003 0.217989026 -0.058222073 0.9922126432 0.9506533159
-0.542346448 -0.832250561 -0.114975363 0.992468357 0.9514422219
-0.975092883 0.212337501 -0.064083184 0.9922126432 0.9506533159
-0.991779078 0.123258565 -0.034374221 0.9922126432 0.9506533159
-0.977003256 0.207297189 -0.049925075 0.992468357 0.9514422219
-0.933836931 0.354913287 -0.044554964 0.992468357 0.9514422219
0.021562739 -0.928196369 -0.371465407 0.992468357 0.9514422219
-0.999715567 0.023792781 -0.001639975 0.992468357 0.9514422219
-0.999655775 -0.024060084 0.010461497 0.992468357 0.9514422219
-0.999859307 0.016739797 -0.001069821 0.9922126432 0.9506533159
-0.997598717 0.06632762 -0.01993606 0.9922126432 0.9506533159
-0.996377798 0.082728304 -0.019680239 0.9922126432 0.9506533159
-0.999050984 0.030587203 -0.031008933 0.9922126432 0.9506533159
-0.99927901 0.030907435 -0.02204975 0.9922126432 0.9506533159
0.128187526 -0.918221678 -0.374749127 0.992468357 0.9514422219
-0.983724177 -0.177779655 0.026098613 0.992468357 0.9514422219
-0.989967995 -0.135629541 0.039597941 0.992468357 0.9514422219
0.27694173 -0.876155418 -0.394531318 0.992468357 0.9514422219
-0.985572908 -0.162607314 0.046956406 0.992468357 0.9514422219
-0.994721221 -0.100187628 0.022184021 0.9922126432 0.9506533159
-0.98848423 -0.149760734 0.021694483 0.9922126432 0.9506533159
-0.842230325 -0.53908644 0.005821441 0.992468357 0.9514422219
-0.985736362 -0.166580342 0.023975296 0.9922126432 0.9506533159
-0.9907302 -0.130997608 -0.035962454 0.9922126432 0.9506533159
-0.889278619 -0.455936918 0.036125673 0.992468357 0.9514422219
0.299781505 -0.859957944 -0.413041625 0.992468357 0.9514422219
-0.947547608 -0.314047677 0.059393492 0.992468357 0.9514422219
-0.62238072 -0.782709703 -0.002785898 0.992468357 0.9514422219
0.299015826 -0.828384003 -0.473676556 0.992468357 0.9514422219
-0.459938657 -0.885526808 -0.065564504 0.992468357 0.9514422219
-0.925940356 -0.376993796 0.022586176 0.992468357 0.9514422219
0.024133541 -0.970272217 -0.240809876 0.992468357 0.9514422219
0.31264032 -0.832738081 -0.456950018 0.992468357 0.9514422219
-0.951971834 -0.301371665 0.054080933 0.9922126432 0.9506533159
-0.834816441 -0.548423856 0.048091423 0.992468357 0.9514422219
0.059070836 -0.96240908 -0.265102621 0.992468357 0.9514422219
-0.949296637 -0.313268808 0.026430062 0.9922126432 0.9506533159
0.312737211 -0.83183684 -0.458522527 0.992468357 0.9514422219
-0.874074268 -0.485280691 0.02228958 0.992468357 0.9514422219
-0.699120008 -0.714478301 0.027422119 0.992468357 0.9514422219
-0.311046653 -0.946935719 -0.081010636 0.992468357 0.9514422219
0.137719516 -0.951497665 -0.27511003 0.992468357 0.9514422219
-0.929937097 -0.366893039 -0.024627084 0.992468357 0.9514422219
0.308994333 -0.869248166 -0.385914663 0.992468357 0.9514422219
0.218878448 -0.906675565 -0.360599008 0.9921671435 0.9506561059
0.281511867 -0.874040652 -0.395984857 0.992468357 0.9514422219
-0.854630522 -0.518975428 0.016467393 0.992468357 0.9514422219
0.337081052 -0.81941035 -0.463619503 0.992468357 0.9514422219
-0.705874108 -0.708082087 0.019013226 0.992468357 0.9514422219
-0.202473159 -0.971825981 -0.120660198 0.9921671435 0.9506561059
-0.022581048 -0.967449679 -0.252053992 0.9921671435 0.9506561059
-0.568957256 -0.822210916 -0.016026554 0.992468357 0.9514422219
-0.860126498 -0.510062048 -0.00437211 0.9922126432 0.9506533159
0.343498045 -0.832302999 -0.435064146 0.992468357 0.9514422219
-0.39523504 -0.916609569 -0.06013452 0.9921671435 0.9506561059
0.276125594 -0.877568161 -0.391955073 0.992468357 0.9514422219
0.124020929 -0.93978939 -0.318456767 0.9921671435 0.9506561059
-0.694972515 -0.718743608 -0.020514122 0.992468357 0.9514422219
-0.106726576 -0.971864691 -0.209972525 0.9921671435 0.9506561059
-0.860002923 -0.509025805 -0.035884572 0.9922126432 0.9506533159
0.351667744 -0.852381402 -0.387008712 0.992468357 0.9514422219
-0.595074695 -0.803062482 -0.03125311 0.992468357 0.9514422219
-0.248250724 -0.962388407 -0.110363633 0.9921671435 0.9506561059
0.012381806 -0.970800134 -0.239570011 0.9921671435 0.9506561059
-0.456234105 -0.889002607 -0.039048764 0.9921671435 0.9506561059
0.317376391 -0.846916462 -0.426620126 0.992468357 0.9514422219
-0.745551745 -0.666446613 0.0012274 0.992468357 0.9514422219
0.203857378 -0.896591433 -0.393148792 0.9921671435 0.9506561059
0.084793681 -0.951332226 -0.29627188 0.9921671435 0.9506561059
-0.60516477 -0.79538931 -0.033636999 0.992468357 0.9514422219
-0.15152859 -0.970893442 -0.185485875 0.9921671435 0.9506561059
-0.713931038 -0.69854175 -0.048393141 0.992468357 0.9514422219
-0.321714541 -0.937254897 -0.1343615 0.9921671435 0.9506561059
-0.039751903 -0.963210157 -0.265793114 0.9921671435 0.9506561059
-0.404291345 -0.907345494 -0.115207043 0.992468357 0.9514422219
0.322497646 -0.861818655 -0.391489303 0.992468357 0.9514422219
0.234903964 -0.896514913 -0.375607692 0.992468357 0.9514422219
0.02191087 -0.971226159 -0.237149027 0.992468357 0.9514422219
-0.194871233 -0.967929844 -0.158546588 0.9921671435 0.9506561059
-0.752491576 -0.658127798 -0.024984575 0.992468357 0.9514422219
0.278651906 -0.902937282 -0.327196242 0.992468357 0.9514422219
-0.301968949 -0.945479953 -0.121993494 0.992468357 0.9514422219
-0.407300306 -0.904442123 -0.126849936 0.992468357 0.9514422219
-0.009452083 -0.967452602 -0.252875703 0.992468357 0.9514422219
0.084098273 -0.950495764 -0.299140908 0.992468357 0.9514422219
-0.607821756 -0.791459469 -0.064378745 0.992468357 0.9514422219
0.216467951 -0.928601968 -0.301396766 0.992468357 0.9514422219
-0.162197632 -0.966440829 -0.199208566 0.9921671435 0.9506561059
-0.316804264 -0.938591007 -0.136682039 0.992468357 0.9514422219
-0.545958942 -0.837653674 -0.016283603 0.992468357 0.9514422219
-0.015454653 -0.964307015 -0.264335268 0.992468357 0.9514422219
-0.113091666 -0.963637379 -0.24210179 0.992468357 0.9514422219
-0.320599765 -0.935521743 -0.148374052 0.992468357 0.9514422219
-0.016389068 -0.963965101 -0.265523412 0.992468357 0.9514422219
0.061012224 -0.962008523 -0.266114844 0.992468357 0.9514422219
-0.243002523 -0.954896674 -0.170652029 0.992468357 0.9514422219
-0.075001277 -0.981587476 -0.175672521 0.992468357 0.9514422219
0.02245597 -0.986077363 -0.164763966 0.992468357 0.9514422219
-0.61111152 -0.790055635 -0.048526325 0.992468357 0.9514422219
0.590168532 -0.807279781 -0.000677047 0.992468357 0.9514422219
0.312043871 -0.915597524 -0.253593763 0.992468357 0.9514422219
-0.304534229 -0.892389276 -0.33301694 0.992468357 0.9514422219
-0.988917779 -0.147568967 -0.016279629 0.992468357 0.9514422219
-0.003420605 -0.966643406 -0.256103154 0.992468357 0.9514422219
-0.598057622 -0.799786216 -0.051663239 0.992468357 0.9514422219
-0.018586694 -0.972581332 -0.231819084 0.992468357 0.9514422219
0.558580551 -0.829414011 -0.007756723 0.992468357 0.9514422219
-0.589709948 -0.806918289 -0.033541781 0.992468357 0.9514422219
-0.019731393 -0.963991409 -0.26520037 0.9921671435 0.9506561059
0.576770765 -0.816722343 -0.017323348 0.992468357 0.9514422219
-0.986132274 -0.160665423 0.041590373 0.9922126432 0.9506533159
-0.021715925 -0.97130414 -0.236847392 0.9921640837 0.9506557947
-0.037452748 -0.965553331 -0.25749574 0.9921671435 0.9506561059
-0.969585233 0.233660171 -0.072851909 0.9922126432 0.9506533159
-0.016659002 -0.968631039 -0.247944322 0.9921640837 0.9506557947
-0.00010563 -0.967134387 -0.254265741 0.9921671435 0.9506561059
-0.543063451 -0.83952239 -0.016859578 0.9921671435 0.9506561059
-0.975284357 0.211873258 -0.062690867 0.992468357 0.9514422219
-0.23141351 -0.965310229 -0.120929519 0.992468357 0.9514422219
0.211166815 -0.970228701 -0.118595296 0.9921640837 0.9506557947
0.256900362 -0.907466222 -0.332426324 0.992468357 0.9514422219
0.664777073 -0.744971153 0.055582595 0.992468357 0.9514422219
-0.052531137 -0.979237349 -0.195792477 0.992468357 0.9514422219
0.115344022 -0.97747208 -0.176759974 0.992468357 0.9514422219
-0.686692173 -0.726787152 -0.015306706 0.992468357 0.9514422219
0.685597692 -0.727829756 -0.014820606 0.992468357 0.9514422219
-0.944907216 0.308338802 -0.109897842 0.9922126432 0.9506533159
-0.515023285 -0.856638605 -0.030353191 0.992468357 0.9514422219
-0.896640896 -0.441195023 0.037176008 0.992468357 0.9514422219
0.289251997 -0.846083757 -0.44774497 0.992468357 0.9514422219
-0.981509238 0.19089236 -0.014132295 0.992468357 0.9514422219
0.299098048 -0.950971759 -0.078696076 0.992468357 0.9514422219
0.176991708 -0.949551215 -0.258894623 0.992468357 0.9514422219
-0.194182993 -0.949404867 -0.246826587 0.992468357 0.9514422219
-0.833109525 -0.552872337 -0.016146174 0.992468357 0.9514422219
0.25756903 -0.874623997 -0.41072017 0.992468357 0.9514422219
-0.223176257 -0.870625554 -0.4384102 0.992468357 0.9514422219
-0.60132184 -0.780270168 0.172018922 0.9922126432 0.9506533159
0.195841076 -0.900910273 -0.38730731 0.992468357 0.9514422219
0.008698132 -0.965746029 -0.259343305 0.992468357 0.9514422219
0.193705128 -0.927689478 -0.319171673 0.992468357 0.9514422219
0.532670362 -0.845993513 0.023606391 0.992468357 0.9514422219
0.005228104 -0.971821121 -0.235661569 0.992468357 0.9514422219
-0.281887096 -0.953615301 -0.105629172 0.992468357 0.9514422219
-0.333552557 -0.930247443 -0.152913002 0.992468357 0.9514422219
-0.237946662 -0.894385079 -0.378756804 0.992468357 0.9514422219
0.572632013 -0.819461324 -0.023994084 0.992468357 0.9514422219
-0.628266929 -0.774523959 -0.073439108 0.992468357 0.9514422219
-0.298763202 -0.829463705 -0.471943335 0.992468357 0.9514422219
-0.855721182 0.517430895 -0.002554765 0.9922126432 0.9506533159
-0.880243243 -0.473363807 -0.033144218 0.9922126432 0.9506533159
-0.201583995 -0.891926029 -0.404761476 0.992468357 0.9514422219
0.234320572 -0.898076395 -0.372226622 0.992468357 0.9514422219
0.307666329 -0.943122879 -0.125939135 0.992468357 0.9514422219
-0.200919507 -0.89514023 -0.397938841 0.992468357 0.9514422219
-0.963262568 -0.258348599 0.073356849 0.992468357 0.9514422219
0.029033213 -0.965589545 -0.258445164 0.9921640837 0.9506557947
-0.359007122 -0.924111527 -0.130888394 0.9921671435 0.9506561059
-0.957454352 0.288566451 -0.003250717 0.992468357 0.9514422219
-0.982974357 0.178233746 -0.044655854 0.9922126432 0.9506533159
-0.637469348 -0.768753303 -0.051489704 0.992468357 0.9514422219
-0.332660227 -0.849607361 -0.409273143 0.992468357 0.9514422219
0.345757712 -0.868504836 -0.355177356 0.992468357 0.9514422219
-0.044229207 -0.957161731 -0.286155899 0.992468357 0.9514422219
0.238167123 -0.896670579 -0.373173277 0.992468357 0.9514422219
0.019543551 -0.971500722 -0.236229543 0.9921671435 0.9506561059
-0.942690945 0.320409512 -0.09312103 0.9922126432 0.9506533159
0.354581841 -0.930594614 -0.090914144 0.9921640837 0.9506557947
-0.514603779 -0.544425344 0.662407726 0.992468357 0.9514422219
0.168218702 -0.918464962 -0.357944942 0.9921671435 0.9506561059
-0.195853489 -0.904158383 -0.379656461 0.9921640837 0.9506557947
-0.322001693 -0.941856119 -0.096031046 0.9921671435 0.9506561059
-0.071804462 -0.957919514 -0.277910641 0.9921671435 0.9506561059
-0.014733335 -0.975147873 -0.221064594 0.992468357 0.9514422219
0.320057341 -0.826743954 -0.462663736 0.992468357 0.9514422219
-0.3092914 -0.823158782 -0.47618111 0.992468357 0.9514422219
0.633884225 -0.77301089 -0.025395916 0.992468357 0.9514422219
-0.998543914 -0.051892611 0.014737985 0.9922126432 0.9506533159
-0.832603608 -0.552867176 0.03330342 0.992468357 0.9514422219
-0.847338434 -0.528999306 0.046661676 0.992468357 0.9514422219
-0.854808921 0.517103024 -0.043659729 0.992468357 0.9514422219
-0.948650623 0.304720566 -0.084896238 0.992468357 0.9514422219
0.046876267 -0.971969126 -0.230388006 0.9921640837 0.9506557947
-0.244145256 -0.866942792 -0.434515004 0.992468357 0.9514422219
-0.059205757 -0.968047852 -0.243676086 0.9921671435 0.9506561059
-0.941374609 0.330571846 -0.067350579 0.992468357 0.9514422219
-0.621643203 -0.780601788 -0.06496597 0.992468357 0.9514422219
-0.267273794 -0.892802532 -0.362585657 0.992468357 0.9514422219
0.24677257 -0.895721129 -0.369847209 0.9921671435 0.9506561059
-0.968579273 -0.241814103 0.058138895 0.992468357 0.9514422219
-0.861455631 -0.507343518 0.022287882 0.992468357 0.9514422219
-0.993357425 -0.110106422 0.033430565 0.992468357 0.9514422219
-0.843689413 0.534106257 -0.054024817 0.992468357 0.9514422219
-0.839730344 -0.543001444 -0.001543004 0.9922126432 0.9506533159
-0.295938993 -0.94740145 -0.121863059 0.992468357 0.9514422219
0.32187696 -0.939610367 -0.116308129 0.992468357 0.9514422219
0.020689697 -0.978127245 -0.206975915 0.992468357 0.9514422219
-0.986068093 0.166199432 0.006889526 0.9922126432 0.9506533159
0.686401021 -0.691489606 0.225157197 0.9922126432 0.9506533159
-0.028225027 -0.977794368 -0.20765722 0.992468357 0.9514422219
0.541742555 -0.840408777 0.015102733 0.992468357 0.9514422219
0.099239887 -0.958327317 -0.267880941 0.992468357 0.9514422219
0.316754735 -0.885712887 -0.339380494 0.992468357 0.9514422219
-0.279547593 -0.8892742 -0.362000747 0.992468357 0.9514422219
0.217652449 -0.891335837 -0.397678057 0.992468357 0.9514422219
0.216773195 -0.972020277 -0.090476311 0.9921640837 0.9506557947
-0.833537384 0.552279495 -0.014240394 0.9922126432 0.9506533159
0.303239845 -0.87543382 -0.376379096 0.992468357 0.9514422219
-0.213385163 -0.893348163 -0.395469129 0.992468357 0.9514422219
0.01470647 -0.964225251 -0.264676 0.992468357 0.9514422219
-0.341310974 -0.935012955 -0.096216387 0.992468357 0.9514422219
-0.866576414 -0.499044362 0.000208513 0.992468357 0.9514422219
0.210443099 -0.895736501 -0.391624594 0.992468357 0.9514422219
0.536319723 -0.843927272 0.012161989 0.992468357 0.9514422219
-0.017312949 -0.963096513 -0.268598899 0.992468357 0.9514422219
0.596702243 -0.801730055 -0.034283417 0.992468357 0.9514422219
0.255671852 -0.897424603 -0.359528839 0.992468357 0.9514422219
-0.263498576 -0.89051171 -0.370887308 0.992468357 0.9514422219
-0.307098806 -0.944105508 -0.119812822 0.9921671435 0.9506561059
-0.83751116 0.545650005 -0.029002221 0.992468357 0.9514422219
-0.200664978 -0.895502576 -0.397251435 0.992468357 0.9514422219
-0.959898855 -0.280102989 0.011683495 0.992468357 0.9514422219
-0.510684979 -0.859686076 -0.011861819 0.992468357 0.9514422219
-0.630637201 -0.774038922 -0.056218041 0.992468357 0.9514422219
-0.98967258 0.142425388 -0.016223217 0.9922126432 0.9506533159
-0.059357462 -0.971628509 -0.228942642 0.9921640837 0.9506557947
-0.985196018 0.165915156 -0.043138923 0.9922126432 0.9506533159
0.467476445 -0.883994309 -0.004453652 0.9921640837 0.9506557947
0.361764267 -0.796426122 -0.484594725 0.992468357 0.9514422219
-0.134960384 -0.980327746 -0.144025018 0.992468357 0.9514422219
-0.398029569 -0.916104666 -0.048215171 0.992468357 0.9514422219
-0.053416454 -0.9592777 -0.277367945 0.992468357 0.9514422219
-0.846991257 0.52776795 -0.063771482 0.992468357 0.9514422219
-0.775744189 -0.626660095 0.074283772 0.992468357 0.9514422219
-0.282339159 -0.839150243 -0.464877908 0.992468357 0.9514422219
-0.111375932 -0.956135233 -0.270925853 0.9921640837 0.9506557947
0.043448839 -0.968091932 -0.246799937 0.9921671435 0.9506561059
-0.995211644 -0.093977802 0.026869248 0.992468357 0.9514422219
0.437966599 -0.898847776 -0.016060319 0.9921640837 0.9506557947
-0.234772763 -0.898916688 -0.369906121 0.9921640837 0.9506557947
0.248124694 -0.961560996 -0.117620519 0.992468357 0.9514422219
-0.895907084 -0.444173552 0.007768657 0.992468357 0.9514422219
0.2475014 -0.876175704 -0.413593029 0.992468357 0.9514422219
-0.814261157 0.577435952 -0.059552404 0.992468357 0.9514422219
-0.07652655 -0.964236616 -0.253754676 0.9921671435 0.9506561059
-0.962996975 0.25630016 -0.083348995 0.9922126432 0.9506533159
-0.999107194 0.042159461 -0.002719444 0.992468357 0.9514422219
-0.657807402 -0.752728068 0.026265529 0.992468357 0.9514422219
0.295786898 -0.881394616 -0.368311882 0.992468357 0.9514422219
0.033544064 -0.971680772 -0.233904411 0.9921640837 0.9506557947
0.689739645 -0.723608237 0.025501784 0.992468357 0.9514422219
0.276420806 -0.955136119 -0.106332179 0.992468357 0.9514422219
0.236585017 -0.909073783 -0.342946623 0.992468357 0.9514422219
0.063264242 -0.980629394 -0.185374287 0.992468357 0.9514422219
-0.092799519 -0.980760606 -0.171746569 0.992468357 0.9514422219
-0.991552939 -0.127473839 -0.023941389 0.9922126432 0.9506533159
-0.273668973 -0.898707136 -0.342681742 0.992468357 0.9514422219
-0.651731871 -0.754191094 -0.080258093 0.992468357 0.9514422219
-0.926771358 0.363338378 -0.095289414 0.9922126432 0.9506533159
-0.379414338 -0.910277379 -0.165649791 0.992468357 0.9514422219
-0.978569235 0.201714546 -0.041394384 0.9922126432 0.9506533159
-0.06943355 -0.963783211 -0.257489621 0.992468357 0.9514422219
-0.872119309 -0.486647818 -0.050811534 0.9922126432 0.9506533159
-0.626073111 -0.774767195 -0.088137694 0.992468357 0.9514422219
0.24874908 -0.965734787 -0.074028484 0.992468357 0.9514422219
-0.271143199 -0.956368101 -0.108818297 0.9921671435 0.9506561059
-0.048773847 -0.973454404 -0.223623872 0.992468357 0.9514422219
-0.992502227 0.121905213 -0.008857122 0.992468357 0.9514422219
-0.016785239 -0.979678301 -0.199871662 0.992468357 0.9514422219
0.334708734 -0.938980128 -0.079286709 0.992468357 0.9514422219
0.114171649 -0.948443445 -0.295668507 0.992468357 0.9514422219
0.319119615 -0.88685709 -0.334136459 0.992468357 0.9514422219
-0.300577143 -0.891416484 -0.339160778 0.992468357 0.9514422219
-0.830194245 -0.557151933 0.018953608 0.9922126432 0.9506533159
-0.997068662 -0.067189631 -0.036601034 0.9922126432 0.9506533159
-0.99034332 -0.132321348 -0.041366276 0.9922126432 0.9506533159
-0.257757106 -0.836402233 -0.483727795 0.992468357 0.9514422219
0.252682303 -0.962855095 -0.095193066 0.992468357 0.9514422219
-0.202887296 -0.917804026 -0.341280699 0.992468357 0.9514422219
-0.575983634 -0.817172069 -0.021740811 0.992468357 0.9514422219
0.485911167 -0.873979682 0.007060684 0.992468357 0.9514422219
-0.260535129 -0.901710292 -0.345021733 0.992468357 0.9514422219
-0.818238859 -0.57225062 0.054903536 0.992468357 0.9514422219
0.012793417 -0.971359055 -0.237271814 0.992468357 0.9514422219
-0.288628111 -0.949351326 -0.124200936 0.992468357 0.9514422219
0.259047937 -0.895676739 -0.361465551 0.992468357 0.9514422219
0.15486361 -0.909925937 -0.384775326 0.992468357 0.9514422219
0.150140394 -0.917578925 -0.368112455 0.9921671435 0.9506561059
-0.155035543 -0.94340706 -0.293167356 0.9921640837 0.9506557947
0.246271013 -0.965632409 -0.083094159 0.992468357 0.9514422219
-0.995602135 -0.092782135 0.012956213 0.9922126432 0.9506533159
-0.526171574 -0.850375737 -0.002140169 0.992468357 0.9514422219
-0.008397604 -0.969659348 -0.244315839 0.992468357 0.9514422219
-0.859437193 0.50991596 -0.036788914 0.992468357 0.9514422219
0.340716477 -0.809839014 -0.477569946 0.992468357 0.9514422219
0.63700037 -0.770159939 -0.03292713 0.992468357 0.9514422219
0.589311783 -0.807870663 -0.00752429 0.992468357 0.9514422219
0.771279535 -0.628987118 0.097483761 0.992468357 0.9514422219
-0.918909331 -0.394456605 -0.003102924 0.992468357 0.9514422219
0.56801061 -0.822870596 -0.015745753 0.992468357 0.9514422219
-0.061401945 -0.973054287 -0.222250212 0.9921640837 0.9506557947
-0.042743582 -0.964409585 -0.260935125 0.9921640837 0.9506557947
0.014740013 -0.966550037 -0.256054209 0.992468357 0.9514422219
-0.977936555 -0.200987807 0.056956085 0.992468357 0.9514422219
-0.620741517 -0.78222521 -0.052949884 0.992468357 0.9514422219
-0.705261941 -0.708933655 0.004320538 0.992468357 0.9514422219
0.590386776 -0.806735074 -0.024939415 0.992468357 0.9514422219
-0.923286614 -0.383013133 0.029030467 0.992468357 0.9514422219
-0.291480179 -0.840519803 -0.456690012 0.992468357 0.9514422219
-0.072913375 -0.966321262 -0.246793148 0.9921640837 0.9506557947
-0.897908991 0.437262566 -0.050605265 0.992468357 0.9514422219
-0.912836445 0.405413116 -0.048680891 0.992468357 0.9514422219
0.307180039 -0.838643151 -0.449797831 0.992468357 0.9514422219
0.460287356 -0.887769912 -0.000366036 0.9921640837 0.9506557947
-0.373400668 -0.920349706 -0.116311481 0.9921671435 0.9506561059
-0.861867693 0.507106991 -0.005155529 0.992468357 0.9514422219
-0.994497123 0.101508932 -0.02591155 0.992468357 0.9514422219
-0.017161556 -0.977618483 -0.209684482 0.992468357 0.9514422219
0.304364396 -0.844406033 -0.440840975 0.992468357 0.9514422219
-0.68319176 -0.729861314 0.023483646 0.992468357 0.9514422219
0.684833089 -0.72715206 0.047471274 0.992468357 0.9514422219
0.026302492 -0.965662093 -0.258466441 0.9921640837 0.9506557947
-0.034388471 -0.961607176 -0.272266546 0.992468357 0.9514422219
0.127229309 -0.982096401 -0.138922143 0.992468357 0.9514422219
-0.255782497 -0.908037782 -0.331726847 0.992468357 0.9514422219
-0.265237836 -0.956539709 -0.121163835 0.9921671435 0.9506561059
-0.899582973 0.433235102 -0.055297568 0.992468357 0.9514422219
-0.142131602 -0.974984863 -0.170889217 0.992468357 0.9514422219
0.320792785 -0.942535757 -0.093372031 0.992468357 0.9514422219
0.618250678 -0.785970961 -0.003968257 0.992468357 0.9514422219
-0.340432131 -0.92645321 -0.160593939 0.992468357 0.9514422219
0.325298439 -0.855990511 -0.401822312 0.992468357 0.9514422219
0.303546626 -0.884824543 -0.353475562 0.992468357 0.9514422219
-0.088796033 -0.921352721 -0.378450034 0.992468357 0.9514422219
0.312683411 -0.939898914 -0.137182782 0.992468357 0.9514422219
-0.646213232 -0.757525068 -0.092543125 0.992468357 0.9514422219
0.429313827 -0.902227339 -0.040932474 0.992468357 0.9514422219
-0.992562441 0.121630799 0.005074327 0.9922126432 0.9506533159
-0.947213647 0.299968418 -0.113160307 0.9922126432 0.9506533159
-0.241573878 -0.960502058 -0.138122619 0.992468357 0.9514422219
0.0698098 -0.982845952 -0.170705673 0.992468357 0.9514422219
-0.38364686 -0.914906822 -0.125541201 0.992468357 0.9514422219
-0.169388512 -0.950292963 -0.261248574 0.992468357 0.9514422219
-0.032173318 -0.974197579 -0.223391932 0.992468357 0.9514422219
-0.874347511 -0.483278873 -0.04424885 0.9922126432 0.9506533159
0.09898149 -0.948191818 -0.301885643 0.992468357 0.9514422219
-0.808638375 -0.585501454 0.05737618 0.992468357 0.9514422219
-0.554249196 -0.832345862 -0.002862666 0.992468357 0.9514422219
0.296561268 -0.947618238 -0.11862162 0.992468357 0.9514422219
-0.224578804 -0.967792082 -0.113766633 0.9921671435 0.9506561059
-0.973507751 -0.219505383 0.064031595 0.9922126432 0.9506533159
-0.831333345 0.55517859 -0.025721617 0.9922126432 0.9506533159
-0.997451719 -0.06831349 -0.020575137 0.9922126432 0.9506533159
-0.549326158 -0.835608011 -0.000155378 0.992468357 0.9514422219
-0.267305252 -0.907388311 -0.324336793 0.992468357 0.9514422219
0.261673303 -0.907843449 -0.327639062 0.992468357 0.9514422219
0.577273311 -0.816010303 -0.029710447 0.992468357 0.9514422219
-0.364137623 -0.919008674 -0.151085568 0.992468357 0.9514422219
-0.824663463 -0.565577694 0.007214172 0.9922126432 0.9506533159
-0.822183907 0.56867068 -0.025045574 0.9922126432 0.9506533159
-0.632510894 -0.773886083 -0.032098277 0.992468357 0.9514422219
-0.988898193 0.14322553 -0.03958297 0.9922126432 0.9506533159
0.376709734 -0.921343255 -0.096001993 0.992468357 0.9514422219
-0.320256715 -0.934279195 -0.156709994 0.992468357 0.9514422219
0.021069474 -0.966719126 -0.254970997 0.9921640837 0.9506557947
0.223408105 -0.970455815 -0.091128093 0.9921640837 0.9506557947
0.001006295 -0.966558888 -0.256442788 0.992468357 0.9514422219
-0.984642773 0.172051088 -0.029614735 0.9922126432 0.9506533159
0.68066051 -0.732158207 0.025409241 0.992468357 0.9514422219
0.617136886 -0.786806804 -0.00878165 0.992468357 0.9514422219
-0.953627978 -0.296665044 0.050828451 0.992468357 0.9514422219
-0.384632214 -0.91871016 -0.0896086 0.9921671435 0.9506561059
0.17637896 -0.976860017 -0.120975079 0.9921640837 0.9506557947
-0.891092626 -0.453789643 -0.005375039 0.992468357 0.9514422219
-0.14377123 -0.950267319 -0.276264106 0.9921640837 0.9506557947
0.712387382 -0.70088628 0.03553366 0.992468357 0.9514422219
0.195865641 -0.898141494 -0.393673096 0.9921671435 0.9506561059
0.303525984 -0.863817273 -0.402109061 0.992468357 0.9514422219
-0.001196 -0.982199598 -0.187836414 0.992468357 0.9514422219
-0.619884209 -0.784568377 -0.014001023 0.992468357 0.9514422219
-0.005991113 -0.968726976 -0.248056753 0.992468357 0.9514422219
-0.257797435 -0.959599571 -0.112734852 0.9921671435 0.9506561059
-0.750927151 -0.6575849 0.060749598 0.992468357 0.9514422219
-0.327234325 -0.812907041 -0.481767412 0.992468357 0.9514422219
-0.068673363 -0.969449509 -0.235481675 0.9921640837 0.9506557947
-0.933016658 0.348945694 -0.087845421 0.9922126432 0.9506533159
-0.025725898 -0.971117006 -0.237212856 0.9921640837 0.9506557947
0.365876507 -0.805183964 -0.466704581 0.992468357 0.9514422219
0.005868844 -0.972774854 -0.231677879 0.992468357 0.9514422219
0.104538387 -0.953880854 -0.281394817 0.9921671435 0.9506561059
0.572547109 -0.819812465 -0.009865585 0.992468357 0.9514422219
-0.124798228 -0.953696565 -0.273657203 0.992468357 0.9514422219
0.500078343 -0.865300524 -0.034302383 0.992468357 0.9514422219
-0.186904084 -0.972031784 -0.142200822 0.992468357 0.9514422219
-0.474648166 -0.879260334 -0.040129581 0.992468357 0.9514422219
-0.00268193 -0.968349138 -0.249585164 0.992468357 0.9514422219
-0.593919936 -0.803136488 -0.047232311 0.992468357 0.9514422219
0.305243796 -0.832251507 -0.4627998 0.992468357 0.9514422219
-0.594899856 -0.803705273 -0.01232862 0.992468357 0.9514422219
0.186987678 -0.976568627 -0.106533215 0.992468357 0.9514422219
-0.76792593 -0.640509291 -0.006133053 0.992468357 0.9514422219
-0.99889187 -0.026326898 -0.039011882 0.992468357 0.9514422219
-0.328679752 -0.936980961 -0.118474886 0.992468357 0.9514422219
-0.563802473 -0.823245265 -0.066287291 0.992468357 0.9514422219
0.518188855 -0.855158683 -0.013562333 0.992468357 0.9514422219
0.776177748 -0.629609438 0.033764769 0.992468357 0.9514422219
-0.982788794 -0.184391437 0.011224247 0.9922126432 0.9506533159
-0.029681672 -0.957211949 -0.28786157 0.992468357 0.9514422219
0.234983621 -0.969485761 -0.069857406 0.992468357 0.9514422219
0.617388993 -0.786117751 -0.029149822 0.992468357 0.9514422219
0.332245409 -0.935984566 -0.116386768 0.992468357 0.9514422219
-0.867976983 0.496436082 -0.012929511 0.9922126432 0.9506533159
0.169410886 -0.920236259 -0.35279623 0.992468357 0.9514422219
-0.915215912 -0.402689398 -0.01486889 0.9922126432 0.9506533159
-0.988723227 0.149735914 -0.002353087 0.9922126432 0.9506533159
-0.344935143 -0.926651106 -0.149457272 0.992468357 0.9514422219
-0.336516119 -0.930408022 -0.145250868 0.992468357 0.9514422219
-0.615194931 -0.785300343 -0.069559815 0.992468357 0.9514422219
-0.959789044 0.274774767 -0.057478861 0.9922126432 0.9506533159
-0.985240369 -0.17085785 -0.010440784 0.9922126432 0.9506533159
-0.999745406 0.007264118 -0.021362501 0.9922126432 0.9506533159
-0.011574277 -0.970624441 -0.240321098 0.992468357 0.9514422219
0.514671421 -0.857241228 0.015836804 0.992468357 0.9514422219
-0.938101341 0.326742732 -0.114913277 0.9922126432 0.9506533159
-0.239088677 -0.96550771 -0.103109007 0.9921671435 0.9506561059
-0.141368529 -0.938065474 -0.31630382 0.9921640837 0.9506557947
-0.233780716 -0.924527754 -0.300990046 0.992468357 0.9514422219
0.546471624 -0.837472238 0.003002507 0.992468357 0.9514422219
0.003425865 -0.96856908 -0.248721129 0.992468357 0.9514422219
0.379558141 -0.921107829 -0.08657936 0.9921640837 0.9506557947
-0.733494879 -0.679376056 -0.020819117 0.992468357 0.9514422219
-0.477797429 -0.875949549 -0.066498153 0.992468357 0.9514422219
0.288135811 -0.897754955 -0.333187328 0.992468357 0.9514422219
0.112164353 -0.976523974 -0.18390238 0.9921640837 0.9506557947
0.189829092 -0.975890758 -0.107713246 0.9921640837 0.9506557947
0.446537127 -0.894278753 -0.029497566 0.992468357 0.9514422219
-0.928728787 -0.368326531 0.042407617 0.992468357 0.9514422219
-0.076285512 -0.964747859 -0.25187713 0.992468357 0.9514422219
0.022564678 -0.977400104 -0.210190086 0.992468357 0.9514422219
-0.514639909 -0.857403251 -0.002330061 0.9921671435 0.9506561059
-0.816141163 0.574896857 -0.058371276 0.992468357 0.9514422219
0.004539806 -0.970061173 -0.242818269 0.992468357 0.9514422219
0.704563027 -0.702378609 0.101268116 0.992468357 0.9514422219
-0.996819629 -0.079689017 0.000536234 0.9922126432 0.9506533159
0.206699083 -0.904778243 -0.3723598 0.9921671435 0.9506561059
0.262417696 -0.9583147 -0.113003933 0.9921640837 0.9506557947
0.671909828 -0.740628617 0.00253665 0.992468357 0.9514422219
-0.076656476 -0.97327964 -0.216449824 0.9921671435 0.9506561059
-0.774109785 -0.629302441 0.068793011 0.992468357 0.9514422219
-0.309896235 -0.940830915 -0.137118611 0.992468357 0.9514422219
0.095464586 -0.944901248 -0.313126404 0.992468357 0.9514422219
-0.977490363 0.207368572 -0.038869854 0.992468357 0.9514422219
-0.848750561 0.52768428 -0.034231372 0.992468357 0.9514422219
-0.224558106 -0.892764634 -0.390570053 0.992468357 0.9514422219
-0.188124667 -0.974015866 -0.126103936 0.9921671435 0.9506561059
-0.953006083 0.28766589 -0.095014429 0.9922126432 0.9506533159
-0.568282468 -0.822745168 -0.012059264 0.992468357 0.9514422219
-0.491641878 -0.870608237 -0.018153833 0.992468357 0.9514422219
-0.819275874 -0.57152635 0.046310619 0.992468357 0.9514422219
-0.930824586 -0.363480062 0.038050409 0.992468357 0.9514422219
-0.025921121 -0.975611909 -0.217966738 0.992468357 0.9514422219
-0.179763231 -0.907136315 -0.38051135 0.9921640837 0.9506557947
-0.823120167 0.565962072 -0.046477137 0.992468357 0.9514422219
-0.302333245 -0.890813746 -0.339183547 0.992468357 0.9514422219
0.287334226 -0.875389533 -0.388757261 0.992468357 0.9514422219
0.645867881 -0.763033052 -0.025203993 0.992468357 0.9514422219
0.306896088 -0.833005251 -0.460344483 0.992468357 0.9514422219
-0.273683195 -0.879154824 -0.390108068 0.992468357 0.9514422219
-0.760580005 -0.648371278 0.033656238 0.992468357 0.9514422219
0.090696285 -0.976211088 -0.196941859 0.992468357 0.9514422219
-0.237679645 -0.961373617 -0.13881338 0.992468357 0.9514422219
-0.179480908 -0.894554828 -0.409338813 0.992468357 0.9514422219
0.177185258 -0.904804898 -0.387212449 0.992468357 0.9514422219
0.298167794 -0.87183509 -0.388586595 0.992468357 0.9514422219
-0.939462883 -0.342632786 -0.003502118 0.9922126432 0.9506533159
0.268737373 -0.960718477 -0.069283704 0.992468357 0.9514422219
-0.64439741 -0.762116836 -0.062688969 0.992468357 0.9514422219
0.614661347 -0.788580429 -0.018230093 0.992468357 0.9514422219
-0.192629231 -0.96138791 -0.196538205 0.992468357 0.9514422219
-0.568357255 -0.821956357 -0.036848046 0.992468357 0.9514422219
-0.265863934 -0.958015538 -0.10734336 0.992468357 0.9514422219
-0.546043163 -0.837736621 -0.005849663 0.992468357 0.9514422219
-0.802463987 -0.594896674 0.046362667 0.992468357 0.9514422219
0.522000987 -0.852733868 0.018971552 0.992468357 0.9514422219
0.279753528 -0.954720103 -0.101229877 0.992468357 0.9514422219
0.727234119 -0.670322464 0.147642574 0.992468357 0.9514422219
-0.998694443 -0.002115866 -0.051038544 0.9922126432 0.9506533159
-0.818094021 -0.574165129 0.032505041 0.992468357 0.9514422219
-0.974792035 0.222148998 -0.02074394 0.9922126432 0.9506533159
-0.345315553 -0.931023107 -0.11812342 0.992468357 0.9514422219
-0.908976554 -0.415441922 -0.034199894 0.9922126432 0.9506533159
-0.195485912 -0.911095402 -0.362891756 0.992468357 0.9514422219
-0.053453484 -0.972906036 -0.224936815 0.992468357 0.9514422219
0.214865441 -0.973632061 -0.076638449 0.992468357 0.9514422219
-0.959089134 0.269937197 -0.085334299 0.9922126432 0.9506533159
-0.036891401 -0.975424798 -0.217222208 0.992468357 0.9514422219
0.283817873 -0.952212795 -0.11286367 0.992468357 0.9514422219
-0.337385542 -0.924115602 -0.179391609 0.992468357 0.9514422219
0.389754515 -0.917593572 -0.078188587 0.992468357 0.9514422219
0.323353132 -0.937423193 -0.129153046 0.9921640837 0.9506557947
0.069550099 -0.978882888 -0.192226626 0.992468357 0.9514422219
-0.995005106 0.099633409 -0.006166243 0.9922126432 0.9506533159
-0.857200306 0.514976091 -0.00269475 0.9922126432 0.9506533159
0.311049429 -0.945583421 -0.095499982 0.9921640837 0.9506557947
0.07702824 -0.952558514 -0.294446815 0.992468357 0.9514422219
-0.965874022 0.246877556 -0.078350784 0.9922126432 0.9506533159
0.323512471 -0.823929533 -0.465273905 0.992468357 0.9514422219
-0.637874588 -0.768926748 -0.0432165 0.992468357 0.9514422219
-0.126487073 -0.979223675 -0.158499259 0.9921671435 0.9506561059
0.199072186 -0.9231167 -0.328976934 0.992468357 0.9514422219
-0.196617444 -0.921459979 -0.335041921 0.9921640837 0.9506557947
-0.522311047 -0.852643627 -0.013784601 0.992468357 0.9514422219
-0.971509091 -0.226772356 0.068879496 0.9922126432 0.9506533159
-0.635512918 -0.765560389 -0.1002029 0.992468357 0.9514422219
0.233768328 -0.897677623 -0.37353347 0.992468357 0.9514422219
-0.243920901 -0.900757949 -0.359357359 0.992468357 0.9514422219
-0.8553846 -0.517916741 -0.008912621 0.9922126432 0.9506533159
-0.998887658 0.044388177 -0.015910293 0.9922126432 0.9506533159
-0.963569985 -0.257636032 0.07180919 0.992468357 0.9514422219
-0.938696643 0.332972989 -0.089317415 0.9922126432 0.9506533159
-0.675215922 -0.735594739 -0.054624528 0.992468357 0.9514422219
-0.278624494 -0.860909747 -0.425679221 0.992468357 0.9514422219
0.295223791 -0.951168224 -0.090121714 0.992468357 0.9514422219
0.774550903 -0.628391738 0.072074429 0.9922126432 0.9506533159
-0.840876631 0.539428115 -0.044088556 0.992468357 0.9514422219
-0.999842006 -0.010136272 -0.01460199 0.9922126432 0.9506533159
-0.854024216 0.518454877 -0.042978831 0.992468357 0.9514422219
-0.160158601 -0.930058368 -0.330666983 0.9921640837 0.9506557947
0.210867529 -0.973554454 -0.087901141 0.9921640837 0.9506557947
-0.281849562 -0.856704099 -0.431994111 0.992468357 0.9514422219
-0.208833347 -0.877901653 -0.430902913 0.992468357 0.9514422219
-0.764331864 -0.642363373 0.056268091 0.992468357 0.9514422219
-0.023118611 -0.971439799 -0.236157251 0.992468357 0.9514422219
0.237137364 -0.895161718 -0.377427304 0.992468357 0.9514422219
-0.961837361 -0.27361767 0.001503671 0.992468357 0.9514422219
0.004180987 -0.974894454 -0.222628215 0.992468357 0.9514422219
-0.24280088 -0.927780464 -0.283321624 0.992468357 0.9514422219
0.228640712 -0.934061175 -0.274323069 0.992468357 0.9514422219
-0.864430835 -0.50208586 -0.025867347 0.992468357 0.9514422219
-0.558519367 -0.829408883 -0.011705613 0.992468357 0.9514422219
-0.173243872 -0.974051321 -0.145638545 0.9921671435 0.9506561059
0.598974715 -0.799673768 -0.041846812 0.992468357 0.9514422219
0.258183419 -0.897039804 -0.358693341 0.992468357 0.9514422219
-0.079934002 -0.95948509 -0.27018312 0.992468357 0.9514422219
0.409401954 -0.909038048 -0.077716587 0.992468357 0.9514422219
-0.825311953 -0.562249953 0.052298855 0.992468357 0.9514422219
-0.799011514 -0.601245581 -0.009184343 0.992468357 0.9514422219
-0.973559195 -0.220886986 0.058236015 0.9922126432 0.9506533159
-0.227407693 -0.96088942 -0.15804197 0.992468357 0.9514422219
-0.516033349 -0.854730694 -0.056080502 0.992468357 0.9514422219
-0.906269923 -0.419677855 -0.050451217 0.992468357 0.9514422219
-0.982190944 0.187548665 -0.011244897 0.9922126432 0.9506533159
-0.784238079 -0.620296276 0.014253625 0.992468357 0.9514422219
-0.885974417 0.462288407 -0.036589093 0.9922126432 0.9506533159
0.296491226 -0.946570383 -0.126875779 0.992468357 0.9514422219
0.3242459 -0.936793374 -0.131463953 0.992468357 0.9514422219
0.016402257 -0.971615096 -0.235998031 0.992468357 0.9514422219
-0.294348563 -0.947896958 -0.121861726 0.992468357 0.9514422219
-0.465064973 -0.883193095 -0.060700303 0.992468357 0.9514422219
-0.950603002 -0.303418496 0.065506863 0.9922126432 0.9506533159
-0.334705589 -0.926681097 -0.170980444 0.992468357 0.9514422219
0.024080925 -0.971311165 -0.236589792 0.992468357 0.9514422219
-0.316819012 -0.941440015 -0.115396763 0.9921671435 0.9506561059
-0.96486266 0.25202058 -0.074334883 0.9922126432 0.9506533159
-0.833520699 -0.55199951 0.023233268 0.992468357 0.9514422219
-0.999226292 -0.00309902 -0.039207315 0.9922126432 0.9506533159
0.462190838 -0.886730845 -0.009382869 0.992468357 0.9514422219
0.267588169 -0.887625303 -0.374857163 0.992468357 0.9514422219
-0.987857314 0.152662329 -0.028846838 0.9922126432 0.9506533159
-0.256633636 -0.89773991 -0.358053391 0.992468357 0.9514422219
-0.033754647 -0.956642736 -0.289301398 0.992468357 0.9514422219
0.252154551 -0.963786658 -0.086794932 0.992468357 0.9514422219
0.726338333 -0.684773449 0.059312306 0.992468357 0.9514422219
-0.999680322 -0.025256062 0.001176958 0.9922126432 0.9506533159
0.607652108 -0.793390419 -0.035924348 0.992468357 0.9514422219
-0.653238075 -0.750834031 -0.097612883 0.992468357 0.9514422219
0.329528666 -0.935379056 -0.1283623 0.992468357 0.9514422219
0.555841128 -0.831282596 -0.003144053 0.992468357 0.9514422219
0.469765175 -0.882735387 -0.009945701 0.992468357 0.9514422219
-0.017402409 -0.971842228 -0.234989022 0.9921640837 0.9506557947
-0.361937043 -0.917029816 -0.167504904 0.992468357 0.9514422219
0.03358562 -0.967443242 -0.250849716 0.992468357 0.9514422219
0.008720159 -0.968174538 -0.250124013 0.9921640837 0.9506557947
-0.963429393 -0.257358659 0.074634615 0.992468357 0.9514422219
-0.998705772 0.039831471 -0.031626488 0.992468357 0.9514422219
-0.966070865 0.256812612 -0.027465742 0.992468357 0.9514422219
-0.977542481 -0.210268052 -0.014072844 0.992468357 0.9514422219
-0.039979488 -0.980768354 -0.191036845 0.992468357 0.9514422219
0.475339894 -0.879666465 -0.015456253 0.992468357 0.9514422219
-0.219046754 -0.940880489 -0.258384259 0.992468357 0.9514422219
0.551948722 -0.833763523 -0.013820176 0.992468357 0.9514422219
-0.973837036 0.226308843 -0.020633338 0.992468357 0.9514422219
-0.578892248 -0.815065884 -0.023481262 0.992468357 0.9514422219
0.205685012 -0.967137309 -0.149462711 0.992468357 0.9514422219
0.106262742 -0.976805535 -0.185900987 0.992468357 0.9514422219
0.321467185 -0.846628527 -0.424121428 0.992468357 0.9514422219
-0.732906347 -0.679835191 0.025930665 0.992468357 0.9514422219
-0.584604252 -0.811104037 -0.018657698 0.992468357 0.9514422219
-0.24571354 -0.897552003 -0.366094602 0.992468357 0.9514422219
-0.329823463 -0.826604821 -0.456005431 0.992468357 0.9514422219
-0.923606281 -0.379452523 0.054472193 0.992468357 0.9514422219
0.520848987 -0.853381493 0.02136259 0.992468357 0.9514422219
0.173809494 -0.905386748 -0.387382366 0.992468357 0.9514422219
-0.971141976 -0.23346435 0.048761248 0.9922126432 0.9506533159
0.728296436 -0.682710414 0.059082925 0.992468357 0.9514422219
-0.314450142 -0.94155441 -0.12081557 0.9921671435 0.9506561059
-0.972765935 -0.225883854 0.051989613 0.9922126432 0.9506533159
-0.848341523 -0.528994348 -0.021946324 0.9922126432 0.9506533159
-0.954279032 0.283935386 -0.093446381 0.9922126432 0.9506533159
-0.090660156 -0.960451464 -0.263274991 0.992468357 0.9514422219
0.151204173 -0.979789796 -0.13095516 0.992468357 0.9514422219
-0.593362704 -0.803668109 -0.045147223 0.992468357 0.9514422219
-0.995944917 -0.07412673 -0.050979905 0.9922126432 0.9506533159
-0.885354327 -0.464379346 -0.022350353 0.992468357 0.9514422219
-0.365535916 -0.91571885 -0.166860667 0.992468357 0.9514422219
-0.953780033 -0.300139826 0.014823418 0.9922126432 0.9506533159
0.289532107 -0.949779753 -0.118699532 0.992468357 0.9514422219
-0.152501967 -0.94111717 -0.301731043 0.992468357 0.9514422219
0.090464634 -0.977989963 -0.188020695 0.992468357 0.9514422219
0.518140857 -0.854785588 0.029523719 0.992468357 0.9514422219
-0.812849996 -0.579466879 0.059101774 0.992468357 0.9514422219
-0.12443223 -0.967119895 -0.2218011 0.9921671435 0.9506561059
-0.800958546 0.596087946 -0.056076452 0.9922126432 0.9506533159
-0.958506026 0.270168099 -0.090969204 0.9922126432 0.9506533159
-0.326836741 -0.935013614 -0.137576474 0.992468357 0.9514422219
0.094728471 -0.981185503 -0.168230574 0.9921640837 0.9506557947
-0.572847903 -0.818647254 -0.040767051 0.992468357 0.9514422219
0.065084869 -0.962844245 -0.262097157 0.9921671435 0.9506561059
0.311549025 -0.837348079 -0.449205298 0.992468357 0.9514422219
0.293487456 -0.948541578 -0.118886447 0.992468357 0.9514422219
0.022964816 -0.937484072 -0.347269681 0.992468357 0.9514422219
0.319039749 -0.83551223 -0.447362216 0.992468357 0.9514422219
-0.240961973 -0.890361907 -0.386255101 0.992468357 0.9514422219
0.280011064 -0.954370244 -0.103784586 0.992468357 0.9514422219
-0.973139991 0.222744899 -0.058165857 0.9922126432 0.9506533159
-0.994258284 0.105561716 -0.017526773 0.9922126432 0.9506533159
-0.953042188 0.286066447 -0.099380962 0.9922126432 0.9506533159
-0.245271439 -0.92189179 -0.299929074 0.992468357 0.9514422219
-0.320281162 -0.939520583 -0.121330339 0.992468357 0.9514422219
0.082467582 -0.952058628 -0.294590338 0.992468357 0.9514422219
-0.290867879 -0.949087569 -0.120949008 0.992468357 0.9514422219
-0.220134495 -0.92023439 -0.323588429 0.992468357 0.9514422219
0.217809557 -0.923273655 -0.316424961 0.992468357 0.9514422219
-0.945454497 0.317124274 -0.074484825 0.992468357 0.9514422219
-0.993392744 -0.114566243 -0.00674032 0.9922126432 0.9506533159
-0.397754273 -0.915610272 -0.058731323 0.992468357 0.9514422219
-0.020596498 -0.973270648 -0.228735721 0.992468357 0.9514422219
-0.945341275 0.322646505 -0.047213417 0.992468357 0.9514422219
-0.993639893 -0.102157744 -0.047366214 0.992468357 0.9514422219
-0.129898958 -0.965580344 -0.22534609 0.992468357 0.9514422219
0.048522229 -0.986710308 -0.155075339 0.992468357 0.9514422219
0.213254573 -0.972191177 -0.096782239 0.992468357 0.9514422219
0.150850811 -0.946263444 -0.28605861 0.992468357 0.9514422219
-0.685405303 -0.725131833 -0.066358079 0.992468357 0.9514422219
-0.835943687 0.547936359 -0.031046714 0.992468357 0.9514422219
-0.894644466 -0.445197933 -0.037551023 0.992468357 0.9514422219
-0.022163225 -0.97169524 -0.235195985 0.992468357 0.9514422219
-0.333178135 -0.837918704 -0.432301488 0.992468357 0.9514422219
0.491848243 -0.870572054 -0.013769688 0.9921640837 0.9506557947
0.547937109 -0.836512118 0.003521442 0.992468357 0.9514422219
-0.253707314 -0.889356829 -0.380364338 0.992468357 0.9514422219
0.169875129 -0.903493831 -0.393498842 0.992468357 0.9514422219
-0.036662112 -0.974901631 -0.219596675 0.992468357 0.9514422219
0.202316953 -0.975004366 -0.091838644 0.992468357 0.9514422219
-0.771046132 -0.633857251 0.060933141 0.992468357 0.9514422219
-0.136719846 -0.940538253 -0.310958966 0.9921640837 0.9506557947
0.15760194 -0.978474657 -0.133225273 0.9921640837 0.9506557947
-0.037786515 -0.977307988 -0.208425707 0.992468357 0.9514422219
0.249360602 -0.903138508 -0.349514127 0.992468357 0.9514422219
-0.997200349 0.074116439 -0.009910429 0.992468357 0.9514422219
-0.857258074 0.513812518 -0.033245905 0.992468357 0.9514422219
-0.882733271 -0.465167681 -0.066340037 0.9922126432 0.9506533159
-0.682154864 -0.72650764 -0.08277313 0.992468357 0.9514422219
-0.809721936 0.584840121 -0.048087615 0.9922126432 0.9506533159
-0.575605251 -0.81729117 -0.026715888 0.992468357 0.9514422219
-0.984380879 -0.169467891 0.047696109 0.9922126432 0.9506533159
-0.4823196 -0.870919751 -0.094162572 0.992468357 0.9514422219
0.001466221 -0.968975944 -0.247150704 0.9921640837 0.9506557947
-0.91067623 0.406727308 -0.072399593 0.9922126432 0.9506533159
-0.356129505 -0.926264233 -0.123314015 0.992468357 0.9514422219
0.742573579 -0.668083477 0.047423067 0.992468357 0.9514422219
-0.607831699 -0.792375109 -0.051791048 0.992468357 0.9514422219
-0.287742858 -0.947142218 -0.141864955 0.992468357 0.9514422219
0.745365401 -0.661174184 0.085317746 0.992468357 0.9514422219
-0.132295134 -0.964818344 -0.227208188 0.992468357 0.9514422219
-0.305904596 -0.942081201 -0.137496865 0.992468357 0.9514422219
-0.224433228 -0.893071326 -0.389940166 0.992468357 0.9514422219
-0.888690252 -0.458299858 -0.013815779 0.992468357 0.9514422219
-0.984586704 -0.173862258 0.018998377 0.9922126432 0.9506533159
0.501297534 -0.865099305 0.017434903 0.992468357 0.9514422219
-0.998533986 0.001285296 -0.054113101 0.9922126432 0.9506533159
-0.973535998 0.219129423 -0.064884179 0.9922126432 0.9506533159
0.37059425 -0.924819755 -0.085838933 0.992468357 0.9514422219
-0.927810332 0.357476276 -0.10667099 0.9922126432 0.9506533159
-0.281858498 -0.953079317 -0.110433702 0.9921671435 0.9506561059
0.295475076 -0.948051487 -0.117867966 0.992468357 0.9514422219
-0.456903605 -0.887895237 -0.053676277 0.992468357 0.9514422219
0.259725929 -0.961609693 -0.088595943 0.992468357 0.9514422219
0.712681336 -0.699454286 0.053376154 0.992468357 0.9514422219
0.101686435 -0.977226385 -0.186248384 0.9921640837 0.9506557947
-0.831603635 0.554582652 -0.029554641 0.992468357 0.9514422219
-0.838510803 -0.544520051 0.019938607 0.992468357 0.9514422219
0.302100793 -0.851388656 -0.42880353 0.992468357 0.9514422219
0.167730949 -0.943711918 -0.285086205 0.992468357 0.9514422219
-0.179858739 -0.938531112 -0.294635685 0.992468357 0.9514422219
-0.017809326 -0.96603834 -0.257784315 0.9921671435 0.9506561059
-0.104537306 -0.976823039 -0.186785177 0.992468357 0.9514422219
0.201293392 -0.946022422 -0.254012889 0.992468357 0.9514422219
0.556330556 -0.830924765 -0.007768368 0.992468357 0.9514422219
0.31885358 -0.906961911 -0.275231696 0.992468357 0.9514422219
-0.527501339 -0.84684919 -0.067740581 0.992468357 0.9514422219
-0.862151516 0.506345729 -0.017571717 0.992468357 0.9514422219
0.543792008 -0.839196714 0.006255153 0.992468357 0.9514422219
0.1506978 -0.920834073 -0.35965926 0.992468357 0.9514422219
-0.996497743 0.082966276 -0.010432865 0.9922126432 0.9506533159
-0.790732142 -0.612047438 0.011858069 0.992468357 0.9514422219
-0.715306349 -0.696580901 -0.05578418 0.992468357 0.9514422219
-0.161214485 -0.902801551 -0.39869694 0.992468357 0.9514422219
0.29903449 -0.948708378 -0.102619625 0.992468357 0.9514422219
-0.992446664 -0.121894968 -0.013828841 0.9922126432 0.9506533159
-0.246779912 -0.844401685 -0.475484456 0.992468357 0.9514422219
0.529051734 -0.848558044 -0.007314967 0.9921640837 0.9506557947
0.272845103 -0.897907186 -0.345424717 0.992468357 0.9514422219
0.175272931 -0.929094082 -0.325674049 0.9921671435 0.9506561059
0.287098084 -0.951372649 -0.111645749 0.992468357 0.9514422219
-0.852471498 -0.522601497 -0.01341717 0.9922126432 0.9506533159
0.214544764 -0.894318919 -0.392637513 0.992468357 0.9514422219
-0.888296629 0.458382757 -0.028536753 0.992468357 0.9514422219
-0.465840223 -0.884587699 -0.022304486 0.9921671435 0.9506561059
0.225463915 -0.932293363 -0.282834064 0.992468357 0.9514422219
0.496367543 -0.86772658 0.025881352 0.992468357 0.9514422219
-0.00434178 -0.969271704 -0.245954289 0.992468357 0.9514422219
-0.425356231 -0.896297986 -0.125387387 0.992468357 0.9514422219
-0.902053567 -0.427903081 -0.056553651 0.9922126432 0.9506533159
-0.575959124 -0.817101398 -0.024827285 0.992468357 0.9514422219
-0.974762654 -0.222271908 0.020807864 0.992468357 0.9514422219
0.218784745 -0.894244782 -0.390460631 0.992468357 0.9514422219
-0.251571912 -0.959681303 -0.125392861 0.992468357 0.9514422219
-0.922549062 0.385491917 -0.017297672 0.992468357 0.9514422219
-0.951798326 -0.303822833 0.042090772 0.9922126432 0.9506533159
-0.269355067 -0.948441207 -0.167054259 0.992468357 0.9514422219
-0.420003958 -0.897595001 -0.133865192 0.992468357 0.9514422219
0.58265969 -0.812049028 -0.032925085 0.992468357 0.9514422219
-0.117772047 -0.911237024 -0.394685738 0.992468357 0.9514422219
0.387266924 -0.919213974 -0.071203928 0.9921640837 0.9506557947
-0.051793805 -0.97564017 -0.213175187 0.9921671435 0.9506561059
-0.524525944 -0.620790827 0.582658805 0.9922126432 0.9506533159
0.587704617 -0.808533807 -0.029603489 0.992468357 0.9514422219
0.285362578 -0.848742456 -0.445201576 0.992468357 0.9514422219
-0.994497853 -0.081221338 -0.066159766 0.9922126432 0.9506533159
0.218623967 -0.890859918 -0.398211209 0.992468357 0.9514422219
-0.994530953 -0.079962312 -0.067187894 0.9922126432 0.9506533159
0.309485727 -0.942578581 -0.125555577 0.9921640837 0.9506557947
0.374174685 -0.923947058 -0.079467848 0.992468357 0.9514422219
0.282065421 -0.956330591 -0.076621787 0.992468357 0.9514422219
0.267171701 -0.958156596 -0.102738601 0.9921640837 0.9506557947
-0.835896062 0.548883641 -0.00212656 0.9922126432 0.9506533159
-0.305178264 -0.843375332 -0.442249112 0.992468357 0.9514422219
0.265520143 -0.960461047 -0.083747429 0.992468357 0.9514422219
-0.282072369 -0.914106363 -0.291281197 0.992468357 0.9514422219
0.278204584 -0.84922296 -0.448801263 0.992468357 0.9514422219
0.632457618 -0.77431621 -0.020779038 0.992468357 0.9514422219
-0.839107339 0.543958149 -0.00289917 0.992468357 0.9514422219
0.257907349 -0.963938748 -0.065619279 0.992468357 0.9514422219
-0.919532462 0.392994091 -0.003961834 0.992468357 0.9514422219
0.288663835 -0.838959348 -0.461324618 0.992468357 0.9514422219
0.283733008 -0.847667453 -0.448280571 0.992468357 0.9514422219
0.294173666 -0.83734704 -0.460773033 0.992468357 0.9514422219
0.141541155 -0.914174482 -0.379804053 0.992468357 0.9514422219
0.074982802 -0.924536585 -0.37364379 0.992468357 0.9514422219
0.088415436 -0.921168443 -0.378987348 0.992468357 0.9514422219
0.231076653 -0.885452588 -0.403208748 0.992468357 0.9514422219
0.205203737 -0.897661914 -0.389992968 0.992468357 0.9514422219
0.221781367 -0.888984426 -0.400649117 0.992468357 0.9514422219
0.022265652 -0.932918783 -0.359397809 0.992468357 0.9514422219
-0.032972216 -0.931016803 -0.363483901 0.992468357 0.9514422219
-0.033668345 -0.926196733 -0.375534358 0.992468357 0.9514422219
0.245298743 -0.921484752 -0.301155075 0.992468357 0.9514422219
0.253845192 -0.919219419 -0.30099548 0.992468357 0.9514422219
0.27017316 -0.905425739 -0.327430444 0.992468357 0.9514422219
0.280142757 -0.890545647 -0.358397107 0.992468357 0.9514422219
0.29244741 -0.885927483 -0.360009733 0.992468357 0.9514422219
0.310359905 -0.866902805 -0.390072115 0.992468357 0.9514422219
0.235730249 -0.896623929 -0.374829 0.992468357 0.9514422219
0.241863797 -0.900693887 -0.360905009 0.992468357 0.9514422219
0.243279157 -0.899261649 -0.363515802 0.992468357 0.9514422219
0.188175435 -0.937048479 -0.294160082 0.992468357 0.9514422219
0.196823433 -0.939523403 -0.280278988 0.992468357 0.9514422219
0.20779847 -0.925985898 -0.315229936 0.992468357 0.9514422219
0.014132022 -0.97317626 -0.229626335 0.992468357 0.9514422219
0.032618168 -0.96909214 -0.244533186 0.992468357 0.9514422219
0.04255893 -0.966940562 -0.251425311 0.992468357 0.9514422219
-0.028573659 -0.979300941 -0.200382664 0.992468357 0.9514422219
-0.017905928 -0.978196176 -0.206909687 0.992468357 0.9514422219
-0.006490796 -0.976333415 -0.216173385 0.992468357 0.9514422219
-0.060203533 -0.9593515 -0.275717669 0.992468357 0.9514422219
-0.080051808 -0.962176891 -0.260398423 0.992468357 0.9514422219
-0.049573389 -0.960803386 -0.272762411 0.992468357 0.9514422219
-0.240554336 -0.955728294 -0.169461027 0.992468357 0.9514422219
-0.265468626 -0.951363251 -0.156314981 0.992468357 0.9514422219
-0.21790441 -0.958531739 -0.183669741 0.992468357 0.9514422219
-0.265184947 -0.9552291 -0.131203314 0.992468357 0.9514422219
-0.258180164 -0.955721027 -0.141210201 0.992468357 0.9514422219
-0.234508304 -0.960767512 -0.148093357 0.992468357 0.9514422219
-0.326913113 -0.932287495 -0.154815513 0.992468357 0.9514422219
-0.335500647 -0.927268853 -0.166167956 0.992468357 0.9514422219
-0.328858585 -0.929303247 -0.168069945 0.992468357 0.9514422219
-0.584726424 -0.810475556 -0.034991174 0.992468357 0.9514422219
-0.580934679 -0.812916761 -0.041002907 0.992468357 0.9514422219
-0.572174343 -0.819552015 -0.030838536 0.992468357 0.9514422219
-0.625490099 -0.775599222 -0.084899841 0.992468357 0.9514422219
-0.630818204 -0.770194547 -0.094174057 0.992468357 0.9514422219
-0.620678589 -0.780089784 -0.078854416 0.992468357 0.9514422219
-0.808034453 -0.589057985 0.009540095 0.992468357 0.9514422219
-0.804675653 -0.593299882 0.022188796 0.992468357 0.9514422219
-0.821456428 -0.56992531 0.019861485 0.9922126432 0.9506533159
-0.79355027 -0.607749063 0.030315758 0.992468357 0.9514422219
-0.750492118 -0.660658087 -0.017101832 0.992468357 0.9514422219
-0.760822987 -0.648958661 -0.001018752 0.992468357 0.9514422219
-0.873072961 -0.487406347 -0.013366322 0.992468357 0.9514422219
-0.863371311 -0.504564808 -0.002081846 0.992468357 0.9514422219
-0.876191367 -0.481836134 -0.011073776 0.992468357 0.9514422219
-0.871735146 -0.487301924 -0.051133835 0.9922126432 0.9506533159
-0.877515712 -0.475956251 -0.058581755 0.9922126432 0.9506533159
-0.866155358 -0.497890985 -0.04335277 0.9922126432 0.9506533159
-0.988096656 -0.151636376 -0.025911523 0.9922126432 0.9506533159
-0.98973743 -0.139960272 -0.028826065 0.992468357 0.9514422219
-0.987151878 -0.159225151 -0.013361192 0.992468357 0.9514422219
-0.984095594 -0.177639267 0.000391764 0.9922126432 0.9506533159
-0.980458716 -0.196656583 0.005185959 0.9922126432 0.9506533159
-0.97897046 -0.203372127 0.016019242 0.9922126432 0.9506533159
-0.997798523 0.061596966 -0.02457481 0.9922126432 0.9506533159
-0.998966404 0.015939024 -0.042568428 0.9922126432 0.9506533159
-0.997007964 0.076200812 -0.012982945 0.9922126432 0.9506533159
-0.25227647 -0.84042848 -0.47962126 0.992468357 0.9514422219
-0.263384443 -0.837828586 -0.478196504 0.992468357 0.9514422219
-0.257904423 -0.841857012 -0.474090792 0.992468357 0.9514422219
-0.304125448 -0.883201614 -0.357019076 0.992468357 0.9514422219
-0.289986705 -0.896995229 -0.333627443 0.992468357 0.9514422219
-0.293586714 -0.888942774 -0.351550261 0.992468357 0.9514422219
-0.318933736 -0.871918282 -0.371537052 0.992468357 0.9514422219
-0.302557742 -0.89190894 -0.336091143 0.992468357 0.9514422219
-0.316923596 -0.871350245 -0.374577341 0.992468357 0.9514422219
-0.318250167 -0.865711313 -0.386342793 0.992468357 0.9514422219
-0.303435457 -0.891606566 -0.336102149 0.992468357 0.9514422219
-0.319401424 -0.866633398 -0.383313559 0.992468357 0.9514422219
-0.177797925 -0.930000895 -0.321692763 0.992468357 0.9514422219
-0.186337925 -0.935052208 -0.301588371 0.992468357 0.9514422219
-0.160985655 -0.945942549 -0.281560495 0.992468357 0.9514422219
-0.233626914 -0.910227125 -0.341913799 0.992468357 0.9514422219
-0.241967561 -0.910094637 -0.336421537 0.992468357 0.9514422219
-0.225475113 -0.924774107 -0.306518881 0.992468357 0.9514422219
-0.255139144 -0.917894063 -0.303931748 0.992468357 0.9514422219
-0.244045817 -0.924872728 -0.29163689 0.992468357 0.9514422219
-0.256329732 -0.914787752 -0.312183339 0.992468357 0.9514422219
0.110521217 -0.98061472 -0.161801826 0.992468357 0.9514422219
0.128609193 -0.980319721 -0.149776234 0.992468357 0.9514422219
0.169135831 -0.978410054 -0.11877221 0.992468357 0.9514422219
0.310486462 -0.94425285 -0.109474715 0.992468357 0.9514422219
0.31694736 -0.944069879 -0.09097491 0.992468357 0.9514422219
0.328355883 -0.939475602 -0.097816197 0.992468357 0.9514422219
0.292505018 -0.948920246 -0.118284325 0.992468357 0.9514422219
0.301144473 -0.944954536 -0.127956757 0.992468357 0.9514422219
0.30410721 -0.944062017 -0.127537102 0.992468357 0.9514422219
0.043001952 -0.975833869 -0.214240736 0.992468357 0.9514422219
0.018548071 -0.974981237 -0.22151198 0.992468357 0.9514422219
0.0451346 -0.978823903 -0.199666309 0.992468357 0.9514422219
0.623600538 -0.78149977 -0.019505849 0.992468357 0.9514422219
0.648806857 -0.760952706 -0.000801001 0.992468357 0.9514422219
0.657443231 -0.753501219 -0.002076041 0.992468357 0.9514422219
0.592571837 -0.804848581 -0.032823442 0.992468357 0.9514422219
0.590293227 -0.806632439 -0.02996689 0.992468357 0.9514422219
0.574957414 -0.817742573 -0.026852487 0.992468357 0.9514422219
0.398754372 -0.914882399 -0.063128027 0.992468357 0.9514422219
0.441185178 -0.897021848 -0.026597792 0.992468357 0.9514422219
0.376676883 -0.922864098 -0.080227069 0.992468357 0.9514422219
-0.88609368 0.461975449 -0.037638727 0.9922126432 0.9506533159
-0.903966738 0.423392297 -0.059859002 0.9922126432 0.9506533159
-0.878022349 0.47796517 -0.025021011 0.9922126432 0.9506533159
-0.84456412 0.535265759 -0.014213187 0.9922126432 0.9506533159
-0.832450462 0.553739085 -0.019981368 0.9922126432 0.9506533159
-0.845589232 0.533766909 -0.00846978 0.9922126432 0.9506533159
0.666989114 -0.744968409 0.012148756 0.992468357 0.9514422219
0.707474414 -0.704819285 0.052055059 0.992468357 0.9514422219
0.661409613 -0.749946879 0.010816766 0.992468357 0.9514422219
-0.983920574 0.178569836 -0.00362187 0.992468357 0.9514422219
-0.980923238 0.194271888 -0.006930692 0.9922126432 0.9506533159
-0.978280978 0.206548199 -0.017440441 0.992468357 0.9514422219
-0.956530642 0.276136673 -0.093795887 0.9922126432 0.9506533159
-0.962033059 0.260994396 -0.079839335 0.9922126432 0.9506533159
-0.953367971 0.285017556 -0.099269855 0.9922126432 0.9506533159
0.207327962 -0.897642697 -0.388912206 0.992468357 0.9514422219
0.175391084 -0.905618138 -0.386126606 0.992468357 0.9514422219
0.186926177 -0.902577865 -0.387829604 0.992468357 0.9514422219
0.305846591 -0.830611333 -0.465341462 0.992468357 0.9514422219
0.302965849 -0.83072175 -0.467025768 0.992468357 0.9514422219
0.309769931 -0.832876308 -0.458649807 0.992468357 0.9514422219
-0.275495331 -0.848177724 -0.452434383 0.992468357 0.9514422219
-0.26961342 -0.849623077 -0.453265077 0.992468357 0.9514422219
-0.275980663 -0.858184939 -0.432843255 0.992468357 0.9514422219
0.301659342 -0.861903601 -0.407582905 0.992468357 0.9514422219
0.305464576 -0.85154122 -0.426109074 0.992468357 0.9514422219
0.303551359 -0.849498087 -0.431520072 0.992468357 0.9514422219
0.293063169 -0.859590092 -0.418591511 0.992468357 0.9514422219
0.295995966 -0.860324041 -0.415004737 0.992468357 0.9514422219
0.284426174 -0.87472471 -0.392375373 0.992468357 0.9514422219
0.298097932 -0.839611792 -0.454081118 0.992468357 0.9514422219
0.294572271 -0.853181657 -0.430474433 0.992468357 0.9514422219
0.303453168 -0.846800756 -0.436857705 0.992468357 0.9514422219
0.330305319 -0.82169123 -0.464458737 0.992468357 0.9514422219
0.332141283 -0.816950216 -0.47145998 0.992468357 0.9514422219
0.33891145 -0.814655175 -0.47061234 0.992468357 0.9514422219
0.3164011 -0.829300419 -0.460598697 0.992468357 0.9514422219
0.318133757 -0.82790639 -0.461911162 0.992468357 0.9514422219
0.321785979 -0.825339495 -0.463970367 0.992468357 0.9514422219
0.342206477 -0.821309129 -0.456449385 0.992468357 0.9514422219
0.340333063 -0.825962281 -0.449399284 0.992468357 0.9514422219
0.246758914 -0.908329724 -0.337708677 0.992468357 0.9514422219
0.23741533 -0.915602761 -0.324508159 0.992468357 0.9514422219
0.22723301 -0.91631777 -0.329737629 0.992468357 0.9514422219
0.265527265 -0.897517449 -0.352076271 0.992468357 0.9514422219
0.254761101 -0.903653793 -0.344247882 0.992468357 0.9514422219
0.247410794 -0.903153805 -0.350857669 0.992468357 0.9514422219
0.191075796 -0.917367246 -0.349181009 0.9921671435 0.9506561059
0.171771673 -0.9239186 -0.341860956 0.9921671435 0.9506561059
0.187502864 -0.911835436 -0.365238023 0.9921671435 0.9506561059
0.212796486 -0.905759767 -0.366492701 0.9921671435 0.9506561059
0.19716502 -0.918300883 -0.343292066 0.9921671435 0.9506561059
0.146192335 -0.929588307 -0.338368705 0.9921671435 0.9506561059
0.136569353 -0.937482712 -0.320117131 0.9921671435 0.9506561059
0.114307549 -0.947066202 -0.29999899 0.9921671435 0.9506561059
0.264220176 -0.88514205 -0.383029045 0.9921671435 0.9506561059
0.261504 -0.886830886 -0.38098115 0.9921671435 0.9506561059
0.278820742 -0.875810723 -0.393972807 0.9921671435 0.9506561059
0.10788976 -0.942632858 -0.315916277 0.9921671435 0.9506561059
0.137143097 -0.929107139 -0.343440964 0.9921671435 0.9506561059
0.094637891 -0.952171941 -0.290537887 0.9921671435 0.9506561059
0.242472454 -0.89620549 -0.371514238 0.9921671435 0.9506561059
0.257215768 -0.887358823 -0.382667438 0.9921671435 0.9506561059
0.247000146 -0.896183616 -0.368572727 0.992468357 0.9514422219
0.246432429 -0.896765595 -0.367535747 0.992468357 0.9514422219
0.234336349 -0.897097047 -0.374570906 0.992468357 0.9514422219
0.288574006 -0.872390489 -0.394537549 0.992468357 0.9514422219
0.292731775 -0.868010687 -0.401080485 0.992468357 0.9514422219
0.263328491 -0.891686366 -0.368175951 0.992468357 0.9514422219
0.219415549 -0.896695712 -0.384439353 0.992468357 0.9514422219
0.218847888 -0.897278172 -0.383402509 0.992468357 0.9514422219
0.246425216 -0.896368123 -0.368508889 0.992468357 0.9514422219
0.252521681 -0.900301 -0.35452914 0.992468357 0.9514422219
0.245309087 -0.897047206 -0.367600003 0.992468357 0.9514422219
0.25736048 -0.896552711 -0.360498015 0.992468357 0.9514422219
0.277034299 -0.884995545 -0.374212349 0.992468357 0.9514422219
0.258710143 -0.902765109 -0.343633846 0.992468357 0.9514422219
0.08182922 -0.958433195 -0.273330917 0.992468357 0.9514422219
0.12114631 -0.952825781 -0.278292297 0.9921671435 0.9506561059
0.098474046 -0.957720433 -0.270322833 0.992468357 0.9514422219
-0.049644993 -0.970877637 -0.234375744 0.9921671435 0.9506561059
-0.067940231 -0.970793983 -0.230093823 0.9921671435 0.9506561059
-0.040900622 -0.967919608 -0.247908796 0.9921671435 0.9506561059
0.083865266 -0.955426022 -0.283068426 0.9921671435 0.9506561059
0.074041114 -0.961603302 -0.264266915 0.9921671435 0.9506561059
0.000867317 -0.968998446 -0.247065295 0.9921671435 0.9506561059
0.015962804 -0.971158069 -0.237901649 0.9921671435 0.9506561059
-0.00271419 -0.968572519 -0.248716524 0.9921671435 0.9506561059
-0.125216529 -0.971715086 -0.200226401 0.9921671435 0.9506561059
-0.091659648 -0.968400201 -0.231947323 0.9921671435 0.9506561059
-0.140135393 -0.974001744 -0.177996276 0.9921671435 0.9506561059
-0.159830911 -0.968610739 -0.190387279 0.9921671435 0.9506561059
-0.174980825 -0.970091089 -0.168240866 0.9921671435 0.9506561059
-0.209800765 -0.968210526 -0.136205786 0.9921671435 0.9506561059
0.013225892 -0.970684345 -0.239993705 0.992468357 0.9514422219
0.006757455 -0.970560735 -0.2407617 0.992468357 0.9514422219
-0.00192894 -0.969880844 -0.243572224 0.992468357 0.9514422219
-0.024079227 -0.966614313 -0.255101865 0.9921671435 0.9506561059
-0.029743142 -0.963649181 -0.265510077 0.9921671435 0.9506561059
-0.014065548 -0.966897505 -0.25477711 0.9921671435 0.9506561059
-0.06668152 -0.959471931 -0.273801368 0.992468357 0.9514422219
-0.089015545 -0.964186681 -0.249840504 0.9921671435 0.9506561059
-0.102239097 -0.963830238 -0.246126877 0.9921671435 0.9506561059
-0.029846986 -0.960897159 -0.275292221 0.992468357 0.9514422219
-0.030775186 -0.960257319 -0.277414435 0.992468357 0.9514422219
-0.016383848 -0.963704546 -0.266467853 0.992468357 0.9514422219
-0.007596864 -0.967162536 -0.254045107 0.992468357 0.9514422219
-0.010367246 -0.964913589 -0.26236289 0.992468357 0.9514422219
-0.009437886 -0.965501526 -0.260226304 0.992468357 0.9514422219
-0.12270248 -0.964299221 -0.234672355 0.992468357 0.9514422219
-0.073501948 -0.961170395 -0.265986721 0.992468357 0.9514422219
-0.083166734 -0.962371898 -0.258696008 0.992468357 0.9514422219
2.63e-06 -0.967618952 -0.252415457 0.992468357 0.9514422219
-0.006014859 -0.966512767 -0.256548031 0.992468357 0.9514422219
-0.164576203 -0.973853655 -0.156600551 0.992468357 0.9514422219
-0.190151638 -0.969433475 -0.155051902 0.992468357 0.9514422219
-0.212363635 -0.967029519 -0.140554603 0.992468357 0.9514422219
-0.093514198 -0.97941991 -0.178862337 0.9921671435 0.9506561059
-0.10592361 -0.977867014 -0.180433623 0.9921671435 0.9506561059
-0.064230235 -0.974537195 -0.214829543 0.9921671435 0.9506561059
-0.248363584 -0.961071672 -0.121065157 0.9921671435 0.9506561059
-0.233977587 -0.96468622 -0.120975141 0.9921671435 0.9506561059
-0.216967204 -0.968674674 -0.120808149 0.9921671435 0.9506561059
-0.261522073 -0.9580859 -0.116951328 0.9921671435 0.9506561059
-0.293769235 -0.949681116 -0.108652723 0.9921671435 0.9506561059
-0.290070612 -0.951288799 -0.104444538 0.9921671435 0.9506561059
-0.282717484 -0.952529479 -0.112953158 0.9921671435 0.9506561059
-0.311963631 -0.942787032 -0.117606573 0.9921671435 0.9506561059
-0.277809767 -0.953710413 -0.115144182 0.9921671435 0.9506561059
-0.157401831 -0.977215537 -0.142388406 0.9921671435 0.9506561059
-0.147678075 -0.974606356 -0.168325982 0.9921671435 0.9506561059
-0.11665195 -0.975921709 -0.18430719 0.9921671435 0.9506561059
-0.3509793 -0.930747832 -0.102576824 0.9921671435 0.9506561059
-0.346193192 -0.932290274 -0.104809917 0.9921671435 0.9506561059
-0.29450831 -0.948687947 -0.115134857 0.9921671435 0.9506561059
-0.314425234 -0.940735733 -0.127094664 0.9921671435 0.9506561059
-0.301877529 -0.945452139 -0.122434513 0.9921671435 0.9506561059
-0.370683146 -0.919569914 -0.130327194 0.992468357 0.9514422219
-0.347794305 -0.927346923 -0.138082607 0.992468357 0.9514422219
-0.381772263 -0.916023709 -0.123087385 0.992468357 0.9514422219
-0.195663147 -0.969958001 -0.144559362 0.9921671435 0.9506561059
-0.231843285 -0.966689693 -0.108442284 0.9921671435 0.9506561059
-0.188300759 -0.97061627 -0.14982283 0.9921671435 0.9506561059
-0.276505281 -0.954739014 -0.109627757 0.9921671435 0.9506561059
-0.298202887 -0.947471174 -0.11564347 0.9921671435 0.9506561059
-0.292878647 -0.949226942 -0.11484908 0.992468357 0.9514422219
-0.4350725 -0.896081486 -0.088033465 0.992468357 0.9514422219
-0.415622834 -0.903321106 -0.106153845 0.992468357 0.9514422219
-0.384360358 -0.913523789 -0.133196857 0.992468357 0.9514422219
-0.34556624 -0.927223272 -0.144364048 0.992468357 0.9514422219
-0.331683636 -0.932731082 -0.141416743 0.992468357 0.9514422219
-0.350367469 -0.92481551 -0.148185389 0.992468357 0.9514422219
-0.230591366 -0.963908139 -0.133074119 0.9921671435 0.9506561059
-0.214547847 -0.964552772 -0.153646253 0.992468357 0.9514422219
-0.178595236 -0.967514732 -0.178938497 0.9921671435 0.9506561059
-0.271276739 -0.95458446 -0.12319675 0.992468357 0.9514422219
-0.266315941 -0.955135753 -0.129582068 0.992468357 0.9514422219
-0.246580991 -0.960123207 -0.131762067 0.992468357 0.9514422219
-0.325203353 -0.934490899 -0.144808628 0.992468357 0.9514422219
-0.321761445 -0.935646912 -0.145032506 0.992468357 0.9514422219
-0.313352323 -0.939717178 -0.136901231 0.992468357 0.9514422219
-0.402582958 -0.903731427 -0.145590076 0.992468357 0.9514422219
-0.358496153 -0.917442714 -0.172567014 0.992468357 0.9514422219
-0.381916898 -0.911509945 -0.152607676 0.992468357 0.9514422219
-0.298161139 -0.946696021 -0.121928584 0.992468357 0.9514422219
-0.280145631 -0.953090231 -0.114618656 0.992468357 0.9514422219
-0.283975917 -0.951947121 -0.114692448 0.992468357 0.9514422219
-0.487792568 -0.8716395 -0.047989503 0.992468357 0.9514422219
-0.457421142 -0.888128876 -0.044643013 0.992468357 0.9514422219
-0.429105004 -0.901111466 -0.062185381 0.992468357 0.9514422219
-0.340548063 -0.936613304 -0.082356152 0.992468357 0.9514422219
-0.311753619 -0.944782602 -0.100972847 0.992468357 0.9514422219
-0.369762291 -0.925886703 -0.077522006 0.992468357 0.9514422219
-0.660568699 -0.750735517 0.006721401 0.992468357 0.9514422219
-0.652223654 -0.758011727 0.004746301 0.992468357 0.9514422219
-0.691199591 -0.722215476 0.025454492 0.992468357 0.9514422219
-0.666775359 -0.745255082 -0.002341449 0.992468357 0.9514422219
-0.626244604 -0.779285782 -0.023051382 0.992468357 0.9514422219
-0.547757308 -0.836587931 -0.009086562 0.9921671435 0.9506561059
-0.520417607 -0.853908964 -0.002235166 0.9921671435 0.9506561059
-0.542095221 -0.840266885 -0.009183333 0.9921671435 0.9506561059
-0.461059765 -0.886838625 -0.030678129 0.9921671435 0.9506561059
-0.420884045 -0.904825707 -0.06439767 0.9921671435 0.9506561059
-0.425890939 -0.903037166 -0.056042697 0.9921671435 0.9506561059
-0.608851481 -0.792877803 -0.025390244 0.992468357 0.9514422219
-0.635206793 -0.771423482 -0.037658222 0.992468357 0.9514422219
-0.611638628 -0.790531362 -0.030957304 0.992468357 0.9514422219
-0.557215607 -0.830319559 -0.008955312 0.992468357 0.9514422219
-0.539799743 -0.841708391 -0.011967548 0.992468357 0.9514422219
-0.528480886 -0.848898989 -0.008857699 0.992468357 0.9514422219
-0.719942665 -0.6939539 -0.010514006 0.992468357 0.9514422219
-0.685251656 -0.72733628 -0.037577959 0.992468357 0.9514422219
-0.728887845 -0.684601489 0.006581094 0.992468357 0.9514422219
-0.569772271 -0.821629741 -0.0168561 0.992468357 0.9514422219
-0.582878327 -0.812089116 -0.027642791 0.992468357 0.9514422219
-0.56276158 -0.826546731 -0.01095017 0.992468357 0.9514422219
-0.508023683 -0.860803728 -0.030477521 0.992468357 0.9514422219
-0.488181343 -0.871986816 -0.036303844 0.992468357 0.9514422219
-0.530152039 -0.847881296 -0.006010259 0.992468357 0.9514422219
-0.550123119 -0.835028684 -0.009573466 0.992468357 0.9514422219
-0.51243153 -0.857727822 -0.041435622 0.992468357 0.9514422219
-0.516785852 -0.855409899 -0.034731658 0.992468357 0.9514422219
-0.710335833 -0.70384284 0.005315995 0.992468357 0.9514422219
-0.679653498 -0.733441481 0.011606708 0.992468357 0.9514422219
-0.65514438 -0.755449438 -0.009054705 0.992468357 0.9514422219
-0.826011502 -0.562245609 0.039810478 0.992468357 0.9514422219
-0.786310027 -0.615501616 0.053612508 0.992468357 0.9514422219
-0.793591764 -0.606622128 0.047134986 0.992468357 0.9514422219
-0.873106898 -0.485718693 0.04197255 0.992468357 0.9514422219
-0.867404315 -0.49576716 0.042716234 0.992468357 0.9514422219
-0.841133812 -0.538747689 0.047379725 0.992468357 0.9514422219
-0.869091942 -0.492912433 0.041431021 0.992468357 0.9514422219
-0.90727808 -0.418079785 0.045340693 0.992468357 0.9514422219
-0.888614951 -0.455837989 0.050746399 0.992468357 0.9514422219
-0.792610352 -0.607563058 0.051341595 0.992468357 0.9514422219
-0.833577713 -0.550441488 0.04650124 0.992468357 0.9514422219
-0.807840455 -0.587138797 0.051592953 0.992468357 0.9514422219
-0.725151303 -0.687429554 0.039952423 0.992468357 0.9514422219
-0.732668501 -0.679294738 0.041899007 0.992468357 0.9514422219
-0.903331086 -0.427717235 0.032417845 0.992468357 0.9514422219
-0.885653706 -0.463392795 0.029742738 0.992468357 0.9514422219
-0.913412072 -0.405083292 0.039823519 0.992468357 0.9514422219
-0.741229012 -0.669810136 0.043976512 0.992468357 0.9514422219
-0.774930842 -0.627984393 0.071538747 0.992468357 0.9514422219
-0.74216169 -0.668589553 0.046733668 0.992468357 0.9514422219
-0.86783503 -0.496352186 0.022290531 0.992468357 0.9514422219
-0.843934823 -0.535146149 0.037317734 0.992468357 0.9514422219
-0.850672222 -0.524368863 0.037337192 0.992468357 0.9514422219
-0.73937214 -0.672503392 0.03268068 0.992468357 0.9514422219
-0.734814274 -0.67796574 0.020259273 0.992468357 0.9514422219
-0.700188902 -0.71391171 -0.008097621 0.992468357 0.9514422219
-0.967517071 -0.242593385 0.071127821 0.9922126432 0.9506533159
-0.961816551 -0.265305202 0.067246351 0.9922126432 0.9506533159
-0.957202417 -0.280962691 0.06945142 0.992468357 0.9514422219
-0.787515468 -0.61454373 0.046426196 0.992468357 0.9514422219
-0.790355495 -0.611042373 0.044332954 0.992468357 0.9514422219
-0.815554493 -0.575865857 0.057003359 0.992468357 0.9514422219
-0.780709485 -0.624162856 0.030222989 0.992468357 0.9514422219
-0.753216929 -0.657540812 0.017445317 0.992468357 0.9514422219
-0.870465562 -0.491871537 -0.018764215 0.9922126432 0.9506533159
-0.868160179 -0.495838034 -0.02103681 0.9922126432 0.9506533159
-0.857766786 -0.513996128 -0.006642452 0.9922126432 0.9506533159
-0.821378085 -0.568957282 0.040319379 0.992468357 0.9514422219
-0.818334034 -0.573687632 0.034812503 0.992468357 0.9514422219
-0.805576123 -0.590217338 0.05187103 0.992468357 0.9514422219
-0.939497395 -0.340215735 0.039973713 0.992468357 0.9514422219
-0.95900937 -0.282014942 0.027723653 0.992468357 0.9514422219
-0.970576761 -0.237687814 0.038539003 0.992468357 0.9514422219
-0.924896221 -0.377706994 0.04363951 0.992468357 0.9514422219
-0.907022682 -0.419817567 0.032604673 0.992468357 0.9514422219
-0.99174961 -0.122878749 0.036517453 0.992468357 0.9514422219
-0.997501008 -0.067150195 0.021967931 0.992468357 0.9514422219
-0.99648121 -0.079978795 0.02507172 0.992468357 0.9514422219
-0.992828671 -0.114831297 0.033241592 0.992468357 0.9514422219
-0.988138423 -0.147716655 0.041979124 0.992468357 0.9514422219
-0.984533045 -0.168408017 0.048305508 0.992468357 0.9514422219
-0.991037454 -0.128376133 0.036936873 0.992468357 0.9514422219
-0.997118292 -0.072952804 0.020808635 0.9922126432 0.9506533159
-0.993732275 -0.107430921 0.030899243 0.9922126432 0.9506533159
-0.999820856 -0.017697224 -0.006712917 0.9922126432 0.9506533159
-0.999744556 0.020558503 -0.00938993 0.9922126432 0.9506533159
-0.999455258 0.028116348 -0.017281732 0.9922126432 0.9506533159
-0.999223875 -0.038578651 0.007958361 0.9922126432 0.9506533159
-0.997959588 -0.062769573 0.011689378 0.9922126432 0.9506533159
-0.996932 -0.076062965 0.018466549 0.9922126432 0.9506533159
-0.975808121 -0.210388305 0.059458151 0.992468357 0.9514422219
-0.975750207 -0.21025213 0.060873435 0.992468357 0.9514422219
-0.963500662 -0.257497606 0.073221976 0.992468357 0.9514422219
-0.992513278 -0.120302955 0.021085341 0.9922126432 0.9506533159
-0.99332603 -0.114802784 0.011122907 0.9922126432 0.9506533159
-0.987372469 -0.155223174 0.031644486 0.9922126432 0.9506533159
-0.998672231 -0.05150821 -0.000823672 0.9922126432 0.9506533159
-0.998964848 -0.044941168 -0.007037345 0.9922126432 0.9506533159
-0.996251626 -0.086239103 0.0067465 0.9922126432 0.9506533159
-0.981840865 -0.184792072 0.042899954 0.9922126432 0.9506533159
-0.972518183 -0.223141109 0.066456213 0.9922126432 0.9506533159
-0.981032856 -0.188465608 0.045334873 0.9922126432 0.9506533159
-0.997292384 -0.067753748 -0.028589008 0.9922126432 0.9506533159
-0.995622772 -0.090913738 -0.021679214 0.9922126432 0.9506533159
-0.995714416 -0.091466707 -0.013661738 0.9922126432 0.9506533159
-0.99465272 -0.098055895 -0.032419266 0.9922126432 0.9506533159
-0.995197215 -0.094584075 -0.025226079 0.9922126432 0.9506533159
-0.996538697 -0.070660443 -0.043791871 0.9922126432 0.9506533159
-0.980171243 -0.193837183 0.04112762 0.9922126432 0.9506533159
-0.985171276 -0.170222983 0.021487049 0.9922126432 0.9506533159
-0.979547229 -0.197470233 0.038635903 0.9922126432 0.9506533159
-0.950587971 -0.308558963 0.034261876 0.9922126432 0.9506533159
-0.963596126 -0.262604916 0.050211196 0.9922126432 0.9506533159
-0.962648207 -0.267416885 0.04238677 0.9922126432 0.9506533159
-0.900041938 0.433090586 -0.048549512 0.992468357 0.9514422219
-0.871672199 0.487754556 -0.047781498 0.992468357 0.9514422219
-0.85638978 0.514138942 -0.047515191 0.992468357 0.9514422219
-0.989696608 0.141077668 -0.024448224 0.992468357 0.9514422219
-0.977261769 0.207336054 -0.044398144 0.992468357 0.9514422219
-0.9895473 0.141055408 -0.029991872 0.992468357 0.9514422219
-0.998155848 0.05918233 -0.013503912 0.9922126432 0.9506533159
-0.999982268 -0.003660966 0.004696893 0.9922126432 0.9506533159
-0.999216714 0.038807547 -0.007741609 0.992468357 0.9514422219
-0.999685918 0.025059709 0.000275881 0.992468357 0.9514422219
-0.995974946 0.087823814 -0.01791326 0.992468357 0.9514422219
-0.884606205 0.463625225 -0.050234578 0.992468357 0.9514422219
-0.88210924 0.468014297 -0.053347033 0.992468357 0.9514422219
-0.856745754 0.514194451 -0.039884573 0.992468357 0.9514422219
-0.990392379 0.133249278 -0.036980602 0.9922126432 0.9506533159
-0.983944258 0.17141816 -0.049694186 0.9922126432 0.9506533159
-0.98203222 0.181327986 -0.052276966 0.9922126432 0.9506533159
-0.96173848 0.260783105 -0.083971833 0.9922126432 0.9506533159
-0.947988605 0.304082638 -0.094081633 0.9922126432 0.9506533159
-0.957174743 0.277335205 -0.083076444 0.9922126432 0.9506533159
-0.937963519 0.334716756 -0.090493811 0.992468357 0.9514422219
-0.949134849 0.302983018 -0.08569906 0.9922126432 0.9506533159
-0.953394446 0.288521427 -0.088285988 0.9922126432 0.9506533159
-0.980474898 0.18919009 -0.053629128 0.9922126432 0.9506533159
-0.975350518 0.211379431 -0.063325377 0.9922126432 0.9506533159
-0.969341859 0.234390629 -0.073738677 0.9922126432 0.9506533159
-0.991353711 0.129150573 -0.023193729 0.9922126432 0.9506533159
-0.985530123 0.165467226 -0.036755608 0.9922126432 0.9506533159
-0.989376521 0.142006844 -0.031115221 0.9922126432 0.9506533159
-0.960783994 0.263243032 -0.087162047 0.9922126432 0.9506533159
-0.967324656 0.241383858 -0.077568309 0.9922126432 0.9506533159
-0.997469482 0.068282552 -0.019802175 0.9922126432 0.9506533159
-0.992136796 0.124014972 -0.01687791 0.9922126432 0.9506533159
-0.996041119 0.086802826 -0.019166605 0.9922126432 0.9506533159
-0.9100862 0.408842685 -0.067755206 0.992468357 0.9514422219
-0.892645646 0.44916151 -0.037916855 0.992468357 0.9514422219
-0.913605061 0.399228096 -0.077089034 0.992468357 0.9514422219
-0.974619425 0.218960404 -0.046618854 0.9922126432 0.9506533159
-0.972178285 0.226975505 -0.057892165 0.9922126432 0.9506533159
-0.967695745 0.244100239 -0.063087393 0.9922126432 0.9506533159
-0.98289085 0.180381196 -0.037258583 0.9922126432 0.9506533159
-0.986586863 0.160372382 -0.030447664 0.9922126432 0.9506533159
-0.978818992 0.198156999 -0.051450807 0.9922126432 0.9506533159
-0.259342001 -0.881053517 -0.395583653 0.992468357 0.9514422219
-0.249036076 -0.878537124 -0.407619375 0.992468357 0.9514422219
-0.254550632 -0.86981202 -0.422647637 0.992468357 0.9514422219
-0.273124231 -0.877418612 -0.394385261 0.992468357 0.9514422219
-0.273133727 -0.871888783 -0.406457768 0.992468357 0.9514422219
-0.267410916 -0.887686676 -0.374838322 0.992468357 0.9514422219
-0.285074216 -0.84816584 -0.446483369 0.992468357 0.9514422219
-0.277326204 -0.856320363 -0.43566686 0.992468357 0.9514422219
-0.283702711 -0.843356627 -0.456357722 0.992468357 0.9514422219
-0.274970677 -0.865806425 -0.418055452 0.992468357 0.9514422219
-0.269305196 -0.87586579 -0.400417068 0.992468357 0.9514422219
-0.270502324 -0.862233324 -0.428231466 0.992468357 0.9514422219
-0.254000389 -0.885940108 -0.388064334 0.992468357 0.9514422219
-0.239352767 -0.89985963 -0.364640781 0.992468357 0.9514422219
-0.25858797 -0.886900672 -0.382804727 0.992468357 0.9514422219
-0.301081441 -0.829508104 -0.470389488 0.992468357 0.9514422219
-0.291416321 -0.837715273 -0.461854576 0.992468357 0.9514422219
-0.300987323 -0.826619296 -0.475507278 0.992468357 0.9514422219
-0.32007644 -0.816544489 -0.480422907 0.992468357 0.9514422219
-0.309930005 -0.820670067 -0.480045866 0.992468357 0.9514422219
-0.320702471 -0.814023126 -0.484268805 0.992468357 0.9514422219
-0.286844499 -0.837026885 -0.465946593 0.992468357 0.9514422219
-0.290566199 -0.8343501 -0.468434834 0.992468357 0.9514422219
-0.295056813 -0.832184077 -0.469479648 0.992468357 0.9514422219
-0.30796248 -0.831018788 -0.46321365 0.992468357 0.9514422219
-0.304678179 -0.823855901 -0.477946297 0.992468357 0.9514422219
-0.302012883 -0.836536269 -0.457160026 0.992468357 0.9514422219
-0.275034495 -0.87512206 -0.398142445 0.992468357 0.9514422219
-0.280908114 -0.87364082 -0.397293781 0.992468357 0.9514422219
-0.229273425 -0.913452359 -0.336211962 0.992468357 0.9514422219
-0.238002703 -0.914305908 -0.327718508 0.992468357 0.9514422219
-0.247082722 -0.907289726 -0.340257964 0.992468357 0.9514422219
-0.273766152 -0.889223533 -0.366515488 0.992468357 0.9514422219
-0.272561278 -0.894244392 -0.355017347 0.992468357 0.9514422219
-0.272566421 -0.884461001 -0.378729829 0.992468357 0.9514422219
-0.170033072 -0.91898733 -0.355740131 0.9921640837 0.9506557947
-0.178102801 -0.917606875 -0.355354772 0.9921640837 0.9506557947
-0.187814664 -0.905677746 -0.380096662 0.9921640837 0.9506557947
-0.240150374 -0.895247488 -0.375312847 0.992468357 0.9514422219
-0.22616367 -0.894059081 -0.386663102 0.992468357 0.9514422219
-0.231770483 -0.896529646 -0.377514287 0.992468357 0.9514422219
-0.1049328 -0.954486635 -0.279185192 0.9921640837 0.9506557947
-0.102840205 -0.956329252 -0.273602366 0.9921640837 0.9506557947
-0.070794747 -0.967904225 -0.241142105 0.9921640837 0.9506557947
-0.258283583 -0.883217775 -0.391428095 0.992468357 0.9514422219
-0.277243106 -0.869315401 -0.409178437 0.992468357 0.9514422219
-0.249060336 -0.89178766 -0.377734984 0.992468357 0.9514422219
-0.254906217 -0.892819936 -0.371342676 0.992468357 0.9514422219
-0.240435009 -0.893979886 -0.378141469 0.992468357 0.9514422219
-0.101594546 -0.957532628 -0.269832937 0.9921640837 0.9506557947
-0.100557817 -0.956700512 -0.273152439 0.9921640837 0.9506557947
-0.060380088 -0.972347596 -0.225597865 0.9921640837 0.9506557947
-0.20921794 -0.895399521 -0.393049043 0.9921640837 0.9506557947
-0.190234377 -0.901415503 -0.388922837 0.9921640837 0.9506557947
-0.198798675 -0.90136212 -0.384740712 0.9921640837 0.9506557947
-0.262043163 -0.896200986 -0.357990465 0.992468357 0.9514422219
-0.28474054 -0.877332202 -0.386278439 0.992468357 0.9514422219
-0.283372926 -0.883291583 -0.373491317 0.992468357 0.9514422219
-0.212628102 -0.894203246 -0.393941424 0.992468357 0.9514422219
-0.212755262 -0.894021579 -0.394284942 0.992468357 0.9514422219
-0.20079226 -0.895321478 -0.397595171 0.992468357 0.9514422219
-0.25321628 -0.896030533 -0.364706458 0.992468357 0.9514422219
-0.245345101 -0.911646329 -0.329707069 0.992468357 0.9514422219
-0.273331811 -0.904923891 -0.326193918 0.992468357 0.9514422219
-0.287617016 -0.891594696 -0.349764707 0.992468357 0.9514422219
-0.210009307 -0.902297057 -0.376505129 0.992468357 0.9514422219
-0.157542157 -0.931896092 -0.326726404 0.992468357 0.9514422219
-0.172291374 -0.924224224 -0.340771576 0.992468357 0.9514422219
-0.124588251 -0.952167251 -0.279025614 0.9921640837 0.9506557947
-0.149411972 -0.946891598 -0.284732092 0.9921640837 0.9506557947
-0.118921337 -0.95534747 -0.270497555 0.9921640837 0.9506557947
-0.208393833 -0.920926127 -0.329343407 0.992468357 0.9514422219
-0.188289994 -0.930251974 -0.314925614 0.992468357 0.9514422219
-0.200066532 -0.929707644 -0.309220116 0.992468357 0.9514422219
0.064201682 -0.977429025 -0.201272566 0.9921640837 0.9506557947
0.072740866 -0.979033876 -0.190266751 0.9921640837 0.9506557947
0.04211739 -0.973900622 -0.223032967 0.9921640837 0.9506557947
0.022725161 -0.972592085 -0.231404848 0.9921640837 0.9506557947
0.014145908 -0.970118798 -0.242217692 0.9921640837 0.9506557947
0.00030515 -0.970508885 -0.24106516 0.9921640837 0.9506557947
0.028284129 -0.974644455 -0.221964397 0.9921640837 0.9506557947
-0.105241493 -0.954841776 -0.277851418 0.9921640837 0.9506557947
-0.137032177 -0.940928813 -0.309637127 0.9921640837 0.9506557947
0.074327635 -0.975205022 -0.208447997 0.9921640837 0.9506557947
0.121614872 -0.978644466 -0.165725169 0.9921640837 0.9506557947
0.094352059 -0.97760538 -0.188110103 0.9921640837 0.9506557947
0.070857645 -0.977339732 -0.199464891 0.9921640837 0.9506557947
0.118126215 -0.980556372 -0.156701626 0.9921640837 0.9506557947
-0.0446123 -0.969439027 -0.241242025 0.9921640837 0.9506557947
-0.065039613 -0.971281151 -0.228872837 0.9921640837 0.9506557947
-0.04097469 -0.971223273 -0.234619752 0.9921640837 0.9506557947
-0.054066625 -0.972558918 -0.22628732 0.992468357 0.9514422219
-0.037253232 -0.972373384 -0.230439143 0.992468357 0.9514422219
-0.042548061 -0.971518464 -0.233112711 0.992468357 0.9514422219
-0.101106564 -0.957899863 -0.268710466 0.9921640837 0.9506557947
-0.140889544 -0.938507345 -0.315204853 0.9921640837 0.9506557947
0.013885668 -0.967410427 -0.252832462 0.9921640837 0.9506557947
-0.000607856 -0.96866539 -0.248368664 0.992468357 0.9514422219
0.011811649 -0.967117589 -0.254055217 0.992468357 0.9514422219
-0.098532877 -0.958048223 -0.269137279 0.9921640837 0.9506557947
-0.093264423 -0.959293804 -0.26656546 0.992468357 0.9514422219
-0.01325323 -0.970536759 -0.240588346 0.992468357 0.9514422219
-0.016913572 -0.970339703 -0.241153048 0.992468357 0.9514422219
-0.008002356 -0.96910312 -0.246526072 0.992468357 0.9514422219
0.090581397 -0.977110639 -0.192483269 0.992468357 0.9514422219
0.139651037 -0.979679417 -0.143964676 0.992468357 0.9514422219
0.139795511 -0.978986879 -0.148465165 0.992468357 0.9514422219
0.089335366 -0.979393154 -0.181130458 0.992468357 0.9514422219
0.11329284 -0.979373517 -0.167308838 0.992468357 0.9514422219
0.139225624 -0.976782241 -0.162827148 0.992468357 0.9514422219
0.365518817 -0.926855577 -0.085643057 0.992468357 0.9514422219
0.353302245 -0.932600299 -0.073717064 0.992468357 0.9514422219
0.397398835 -0.915280745 -0.065843177 0.992468357 0.9514422219
0.002581859 -0.97489457 -0.222651995 0.992468357 0.9514422219
-0.015629788 -0.973004042 -0.230258213 0.992468357 0.9514422219
-0.035605631 -0.969500604 -0.242488798 0.992468357 0.9514422219
0.184095651 -0.974729679 -0.126533968 0.9921640837 0.9506557947
0.201431646 -0.97280023 -0.114389706 0.9921640837 0.9506557947
0.158947149 -0.978280811 -0.13305059 0.9921640837 0.9506557947
0.134961389 -0.978066337 -0.158655805 0.9921640837 0.9506557947
0.107848377 -0.97614147 -0.188458372 0.9921640837 0.9506557947
0.084900366 -0.97325809 -0.213449334 0.9921640837 0.9506557947
0.146012388 -0.978264524 -0.147237576 0.9921640837 0.9506557947
0.165713966 -0.978033519 -0.126448875 0.9921640837 0.9506557947
0.235198697 -0.967267655 -0.095262044 0.9921640837 0.9506557947
0.238133328 -0.966422323 -0.09654228 0.9921640837 0.9506557947
0.213821534 -0.972792699 -0.089189215 0.9921640837 0.9506557947
0.264322221 -0.959586789 -0.096576176 0.992468357 0.9514422219
0.26139686 -0.960571496 -0.094731634 0.992468357 0.9514422219
0.249214393 -0.96471577 -0.084945094 0.992468357 0.9514422219
0.284783482 -0.952114772 -0.111246706 0.992468357 0.9514422219
0.278034938 -0.954422417 -0.108510012 0.992468357 0.9514422219
0.273246583 -0.956622662 -0.101041513 0.992468357 0.9514422219
0.315969759 -0.93999872 -0.128707102 0.992468357 0.9514422219
0.3506641 -0.929562126 -0.113793424 0.992468357 0.9514422219
0.342450859 -0.932949097 -0.111055798 0.992468357 0.9514422219
0.28497167 -0.951897436 -0.112616245 0.992468357 0.9514422219
0.300587418 -0.945865351 -0.122417078 0.992468357 0.9514422219
0.292098525 -0.949308108 -0.116157512 0.992468357 0.9514422219
0.205779057 -0.969472367 -0.133335327 0.992468357 0.9514422219
0.226985622 -0.964692421 -0.13358915 0.992468357 0.9514422219
0.184386432 -0.971470782 -0.149151478 0.992468357 0.9514422219
0.469360656 -0.882741313 -0.021641372 0.992468357 0.9514422219
0.42313121 -0.905403737 -0.034699441 0.992468357 0.9514422219
0.446268475 -0.894495903 -0.026861272 0.9921640837 0.9506557947
0.473528539 -0.880200071 -0.031914856 0.992468357 0.9514422219
0.500182868 -0.865647864 -0.021699649 0.992468357 0.9514422219
0.526283627 -0.849968237 -0.024073634 0.992468357 0.9514422219
0.308036739 -0.946939451 -0.091755347 0.992468357 0.9514422219
0.284680542 -0.952790723 -0.105578534 0.992468357 0.9514422219
0.271778983 -0.956733325 -0.103911163 0.992468357 0.9514422219
0.396947815 -0.916276058 -0.053578151 0.9921640837 0.9506557947
0.418820813 -0.907637824 -0.027976891 0.9921640837 0.9506557947
0.37723368 -0.923803546 -0.065435145 0.9921640837 0.9506557947
0.60331631 -0.797460306 -0.008154213 0.992468357 0.9514422219
0.555212037 -0.831682447 -0.006625758 0.992468357 0.9514422219
0.569637473 -0.821863993 -0.007261367 0.992468357 0.9514422219
0.468622977 -0.883368932 -0.00719971 0.992468357 0.9514422219
0.424358978 -0.90434477 -0.045606964 0.992468357 0.9514422219
0.425485903 -0.903672188 -0.048356205 0.992468357 0.9514422219
0.56012702 -0.828249513 -0.01613894 0.992468357 0.9514422219
0.527360916 -0.849629342 -0.004521654 0.992468357 0.9514422219
0.558490453 -0.829403596 -0.013344965 0.992468357 0.9514422219
0.498579256 -0.866824121 -0.005888032 0.9921640837 0.9506557947
0.49684986 -0.867831004 -0.003092711 0.992468357 0.9514422219
0.539906878 -0.841697244 0.006805355 0.992468357 0.9514422219
0.528611671 -0.848698237 0.016763156 0.992468357 0.9514422219
0.547525628 -0.836786014 0.002202936 0.992468357 0.9514422219
0.577852592 -0.81587022 -0.021027756 0.992468357 0.9514422219
0.59278234 -0.804708451 -0.032456205 0.992468357 0.9514422219
0.573850498 -0.818735049 -0.019196999 0.992468357 0.9514422219
0.721322405 -0.690628599 0.052212314 0.992468357 0.9514422219
0.682271025 -0.73103137 0.009969174 0.992468357 0.9514422219
0.687802623 -0.7256964 0.0170964 0.992468357 0.9514422219
0.457659185 -0.888872227 -0.021312792 0.992468357 0.9514422219
0.402903181 -0.912336933 -0.072872129 0.992468357 0.9514422219
0.432653228 -0.900456114 -0.044609103 0.992468357 0.9514422219
0.45878899 -0.888499991 -0.008968177 0.992468357 0.9514422219
0.444434432 -0.895427148 -0.026234688 0.992468357 0.9514422219
0.404892726 -0.912326759 -0.061006275 0.992468357 0.9514422219
0.641081331 -0.767428766 -0.008235019 0.992468357 0.9514422219
0.670965452 -0.741387605 0.012238548 0.992468357 0.9514422219
0.630631824 -0.77578669 -0.021412945 0.992468357 0.9514422219
0.6384627 -0.76957786 0.010737699 0.992468357 0.9514422219
0.585595993 -0.810554188 -0.008901761 0.992468357 0.9514422219
0.606500104 -0.795062097 0.005821086 0.992468357 0.9514422219
-0.545011815 -0.834276005 -0.083340676 0.992468357 0.9514422219
0.700711457 -0.712401436 0.038570043 0.992468357 0.9514422219
-0.589814385 -0.807372091 0.016410282 0.992468357 0.9514422219
0.060899476 -0.992366905 0.107234229 0.992468357 0.9514422219
-0.608095754 -0.79385778 -0.003062632 0.992468357 0.9514422219
-0.985171826 -0.165034874 0.046903759 0.992468357 0.9514422219
0.677426412 -0.7344719 0.04055225 0.992468357 0.9514422219
0.03835741 -0.994883458 0.093464503 0.992468357 0.9514422219
0.021351551 -0.993502295 0.111791329 0.992468357 0.9514422219
0.644947598 -0.764220408 -0.003124556 0.992468357 0.9514422219
0.697388695 -0.716330927 0.022781824 0.992468357 0.9514422219
0.671345227 -0.740946263 0.017152894 0.992468357 0.9514422219
-0.930903071 -0.012027601 0.365068226 0.992468357 0.9514422219
-0.831899247 0.551553209 -0.061095838 0.992468357 0.9514422219
-0.934025912 -0.043405633 0.354558241 0.992468357 0.9514422219
-0.910651259 0.40795133 -0.065498067 0.992468357 0.9514422219
-0.932592213 0.352779476 -0.076278468 0.992468357 0.9514422219
-0.929597577 0.360999335 -0.074349339 0.992468357 0.9514422219
-0.90967768 0.028367825 0.414345008 0.992468357 0.9514422219
0.12883982 -0.845644519 0.517962979 0.992468357 0.9514422219
-0.642265748 -0.722297491 0.256478154 0.992468357 0.9514422219
-0.878441942 0.476002689 -0.041966595 0.992468357 0.9514422219
-0.853032657 0.5207657 -0.033739759 0.992468357 0.9514422219
-0.874517822 0.483129762 -0.042476023 0.992468357 0.9514422219
-0.8356823 0.547062089 -0.048560932 0.992468357 0.9514422219
-0.832771463 0.55120261 -0.051646618 0.992468357 0.9514422219
-0.871087422 0.490849034 -0.016550812 0.992468357 0.9514422219
-0.859439881 0.510442104 -0.028494708 0.992468357 0.9514422219
-0.849970757 0.526552781 -0.01708453 0.992468357 0.9514422219
-0.831953768 0.552857765 -0.046917147 0.992468357 0.9514422219
-0.836448789 0.546074161 -0.046437416 0.992468357 0.9514422219
0.691581157 -0.721294388 0.038077675 0.992468357 0.9514422219
0.645192791 -0.764001657 -0.005266013 0.992468357 0.9514422219
0.656862193 -0.75397409 0.007425042 0.992468357 0.9514422219
-0.079035718 -0.975362153 -0.205966077 0.992468357 0.9514422219
-0.089780723 -0.979329955 -0.181251928 0.992468357 0.9514422219
-0.064251211 -0.977609351 -0.200378989 0.992468357 0.9514422219
0.580180007 -0.814249123 -0.019736378 0.992468357 0.9514422219
0.581397939 -0.813602265 -0.005271679 0.992468357 0.9514422219
0.588998745 -0.80799208 -0.015141866 0.992468357 0.9514422219
-0.295094997 -0.894308009 -0.336351196 0.992468357 0.9514422219
-0.292321502 -0.902826641 -0.315360422 0.992468357 0.9514422219
-0.304922273 -0.881731913 -0.359960056 0.992468357 0.9514422219
-0.320204381 -0.862384964 -0.392124123 0.992468357 0.9514422219
-0.306676858 -0.869106438 -0.388076415 0.992468357 0.9514422219
-0.319237698 -0.856606706 -0.405354465 0.992468357 0.9514422219
-0.318133647 -0.826949886 -0.463621472 0.992468357 0.9514422219
-0.306443237 -0.858281239 -0.411638016 0.992468357 0.9514422219
-0.319689146 -0.842597322 -0.433391973 0.992468357 0.9514422219
0.334481762 -0.84435759 -0.41854774 0.992468357 0.9514422219
0.330652678 -0.860377375 -0.387839631 0.992468357 0.9514422219
0.321221604 -0.871380722 -0.370826535 0.992468357 0.9514422219
0.352810874 -0.814779601 -0.460063788 0.992468357 0.9514422219
0.351269891 -0.803200066 -0.481122767 0.992468357 0.9514422219
0.058059555 -0.960295982 -0.272874906 0.992468357 0.9514422219
0.116726708 -0.937603164 -0.327528904 0.992468357 0.9514422219
0.092462733 -0.947428058 -0.306318001 0.992468357 0.9514422219
-0.01161862 -0.969778738 -0.243709267 0.992468357 0.9514422219
-0.005284278 -0.968644301 -0.248395441 0.992468357 0.9514422219
-0.005328432 -0.967770711 -0.251776603 0.992468357 0.9514422219
-0.317976001 -0.845521127 -0.42893506 0.992468357 0.9514422219
-0.331354569 -0.838391305 -0.432786518 0.992468357 0.9514422219
0.57997049 -0.814035266 -0.031317982 0.992468357 0.9514422219
0.570086538 -0.821353933 -0.01946935 0.992468357 0.9514422219
0.572810499 -0.819416776 -0.021077941 0.992468357 0.9514422219
-0.560880425 -0.827617513 -0.021503516 0.992468357 0.9514422219
-0.546216326 -0.836619042 -0.041428308 0.992468357 0.9514422219
-0.531180162 -0.846485432 -0.036194591 0.992468357 0.9514422219
-0.988991514 -0.147949646 0.002586009 0.9922126432 0.9506533159
-0.992016441 -0.124686495 -0.018885432 0.9922126432 0.9506533159
-0.988569699 -0.150744273 -0.002472757 0.9922126432 0.9506533159
-0.946899231 -0.321480612 0.005662311 0.9922126432 0.9506533159
-0.932453373 -0.360848601 -0.017860413 0.9922126432 0.9506533159
-0.923934388 -0.381596411 -0.027007886 0.9922126432 0.9506533159
-0.01290125 -0.96996813 -0.242889653 0.992468357 0.9514422219
-0.020852758 -0.972015506 -0.233989357 0.992468357 0.9514422219
-0.010635092 -0.970536391 -0.240719773 0.992468357 0.9514422219
0.527279712 -0.849436048 0.020844808 0.992468357 0.9514422219
0.516495428 -0.856078522 0.019027263 0.992468357 0.9514422219
0.507295725 -0.861326588 0.027704803 0.992468357 0.9514422219
0.552318908 -0.83363098 -0.001792381 0.992468357 0.9514422219
0.563309351 -0.8261625 -0.011751525 0.992468357 0.9514422219
-0.963615261 -0.260675354 0.059109967 0.9922126432 0.9506533159
-0.962482553 -0.264275772 0.061527653 0.9922126432 0.9506533159
0.040826026 -0.962299888 -0.268909205 0.992468357 0.9514422219
0.049510849 -0.962695252 -0.266019789 0.992468357 0.9514422219
-0.055786567 -0.960709216 -0.271892739 0.9921671435 0.9506561059
-0.058150119 -0.963903937 -0.259822563 0.9921671435 0.9506561059
-0.074171493 -0.961155647 -0.265854117 0.9921671435 0.9506561059
-0.012131117 -0.97014868 -0.242207296 0.992468357 0.9514422219
-0.024422279 -0.971279376 -0.236685291 0.992468357 0.9514422219
-0.010827185 -0.970296577 -0.241676072 0.992468357 0.9514422219
0.308571661 -0.838178092 -0.449712149 0.992468357 0.9514422219
0.313992716 -0.834312017 -0.453135777 0.992468357 0.9514422219
-0.484123405 -0.874385074 -0.03279134 0.992468357 0.9514422219
-0.502274469 -0.864194244 -0.029810515 0.992468357 0.9514422219
0.520198357 -0.854016336 0.007054675 0.992468357 0.9514422219
0.546171714 -0.837672911 -0.000743885 0.992468357 0.9514422219
0.551493752 -0.834124577 -0.009530595 0.992468357 0.9514422219
0.607344221 -0.794040783 -0.025144227 0.992468357 0.9514422219
0.63544822 -0.771592606 -0.029161795 0.992468357 0.9514422219
0.605724208 -0.795387548 -0.02137363 0.992468357 0.9514422219
-0.041568243 -0.972396947 -0.229600213 0.9921640837 0.9506557947
-0.021120211 -0.970082693 -0.241854304 0.9921640837 0.9506557947
-0.018782495 -0.966513949 -0.255925779 0.9921671435 0.9506561059
-0.012539912 -0.968519691 -0.248620914 0.9921671435 0.9506561059
0.006138383 -0.969013936 -0.246929771 0.9921671435 0.9506561059
-0.282382484 -0.856777775 -0.431499684 0.992468357 0.9514422219
-0.30042329 -0.831943141 -0.466493791 0.992468357 0.9514422219
-0.291465267 -0.848596105 -0.441511776 0.992468357 0.9514422219
0.316353718 -0.829753836 -0.459813981 0.992468357 0.9514422219
0.313485249 -0.829897197 -0.461516675 0.992468357 0.9514422219
0.424379056 -0.904775227 -0.035835809 0.9921640837 0.9506557947
0.427031678 -0.903788783 -0.028456668 0.9921640837 0.9506557947
0.390074231 -0.918567176 -0.063846993 0.9921640837 0.9506557947
0.583603804 -0.811763529 -0.021132288 0.992468357 0.9514422219
-0.95087735 0.296208491 -0.089959969 0.992468357 0.9514422219
-0.963997512 0.253588762 -0.0800096 0.992468357 0.9514422219
-0.962097496 0.262198663 -0.074968457 0.992468357 0.9514422219
-0.010958979 -0.968393211 -0.249187658 0.9921640837 0.9506557947
-0.039108441 -0.967777671 -0.248750697 0.9921640837 0.9506557947
-0.044803952 -0.967859888 -0.247466851 0.9921640837 0.9506557947
-0.245529916 -0.855906954 -0.455124539 0.992468357 0.9514422219
-0.226528383 -0.872572763 -0.432783624 0.992468357 0.9514422219
-0.227936297 -0.861641836 -0.453451642 0.992468357 0.9514422219
-0.64020972 -0.768179857 0.005587672 0.992468357 0.9514422219
-0.6269845 -0.7790005 0.006975473 0.992468357 0.9514422219
-0.670598082 -0.741403592 0.024878242 0.992468357 0.9514422219
-0.445489786 -0.894669994 -0.033233295 0.992468357 0.9514422219
-0.444170432 -0.895083961 -0.039208791 0.9921671435 0.9506561059
-0.396639749 -0.916374315 -0.054175862 0.9921671435 0.9506561059
-0.993206641 0.112391504 -0.030144966 0.9922126432 0.9506533159
-0.986606725 0.156964099 -0.044378395 0.992468357 0.9514422219
-0.984630991 0.167753196 -0.048586788 0.9922126432 0.9506533159
-0.223107258 -0.967441704 -0.119497703 0.9921671435 0.9506561059
-0.19530478 -0.97295015 -0.123385773 0.9921671435 0.9506561059
-0.230229511 -0.966108124 -0.116745299 0.9921671435 0.9506561059
0.145140822 -0.978894848 -0.143871535 0.992468357 0.9514422219
0.16935902 -0.977091171 -0.128881207 0.992468357 0.9514422219
0.187159976 -0.973183211 -0.133736986 0.992468357 0.9514422219
0.236875172 -0.964609356 -0.115840163 0.9921640837 0.9506557947
0.19380341 -0.973697708 -0.119804055 0.9921640837 0.9506557947
0.219612833 -0.968533367 -0.117103886 0.9921640837 0.9506557947
-0.989125327 -0.144028152 0.029782189 0.992468357 0.9514422219
-0.997600065 -0.068233091 0.011762503 0.992468357 0.9514422219
-0.999300473 -0.034078111 0.015402852 0.992468357 0.9514422219
-0.98325355 -0.176370168 0.045891387 0.992468357 0.9514422219
-0.961498595 -0.269350218 0.054506063 0.992468357 0.9514422219
-0.977987745 -0.204324854 0.042324039 0.992468357 0.9514422219
0.697448917 -0.716249796 0.023478476 0.992468357 0.9514422219
0.661524187 -0.748828692 0.040513444 0.992468357 0.9514422219
-0.989607051 -0.136165809 0.046225064 0.992468357 0.9514422219
-0.987256747 -0.151986952 0.047160164 0.992468357 0.9514422219
-0.832105024 0.552765924 -0.045288649 0.992468357 0.9514422219
-0.183417789 -0.97404488 -0.132644209 0.992468357 0.9514422219
-0.168826041 -0.976709019 -0.13242832 0.9921671435 0.9506561059
0.710749512 -0.703437352 0.003320085 0.992468357 0.9514422219
0.126172313 -0.990111739 -0.061313057 0.992468357 0.9514422219
0.09112611 -0.992410575 -0.082566834 0.992468357 0.9514422219
-0.979229805 0.195324756 -0.054380414 0.9922126432 0.9506533159
-0.982084875 0.182613299 -0.046493879 0.9922126432 0.9506533159
-0.525488795 -0.850669315 -0.014941328 0.992468357 0.9514422219
-0.483196158 -0.875026888 -0.029144791 0.992468357 0.9514422219
-0.517251936 -0.855439638 -0.02595112 0.992468357 0.9514422219
-0.59800221 -0.801198182 -0.021790609 0.992468357 0.9514422219
-0.5699681 -0.82149899 -0.016606434 0.992468357 0.9514422219
-0.544268753 -0.838155984 -0.035581902 0.992468357 0.9514422219
-0.913235044 -0.406658425 0.025113357 0.992468357 0.9514422219
-0.885253782 -0.464865284 0.015033586 0.992468357 0.9514422219
-0.265438872 -0.858685261 -0.438408288 0.992468357 0.9514422219
-0.270882474 -0.847917829 -0.455695117 0.992468357 0.9514422219
-0.94680324 0.308556975 -0.09141235 0.9922126432 0.9506533159
-0.941356887 0.323923069 -0.094451345 0.9922126432 0.9506533159
-0.93286227 0.348203562 -0.092316108 0.9922126432 0.9506533159
-0.332795413 -0.931164654 -0.148928174 0.992468357 0.9514422219
-0.327684963 -0.931193168 -0.159692982 0.992468357 0.9514422219
-0.339844491 -0.926731889 -0.160230232 0.992468357 0.9514422219
0.225571048 -0.914055556 -0.337075871 0.992468357 0.9514422219
0.216797755 -0.91102255 -0.350765799 0.992468357 0.9514422219
-0.214118949 -0.937566608 -0.274083804 0.992468357 0.9514422219
-0.22647885 -0.932972361 -0.279767589 0.992468357 0.9514422219
-0.206636169 -0.945240096 -0.252631459 0.992468357 0.9514422219
-0.856493066 -0.515604449 -0.023909819 0.992468357 0.9514422219
-0.849158206 -0.527720242 -0.021016364 0.992468357 0.9514422219
-0.840813374 -0.540989866 -0.019048239 0.992468357 0.9514422219
-0.201412363 -0.882957471 -0.424050897 0.992468357 0.9514422219
-0.216013308 -0.874298032 -0.434673673 0.992468357 0.9514422219
-0.194196065 -0.886405972 -0.420205117 0.992468357 0.9514422219
-0.83319676 0.55156065 -0.039547541 0.992468357 0.9514422219
-0.984013733 -0.146270433 0.101596915 0.9922126432 0.9506533159
-0.982619683 -0.167393509 0.080236973 0.992468357 0.9514422219
0.262261894 -0.876300311 -0.404124317 0.992468357 0.9514422219
0.283234533 -0.861538347 -0.421342943 0.992468357 0.9514422219
0.268504772 -0.861540675 -0.430874522 0.992468357 0.9514422219
0.011702399 -0.964993704 -0.262011842 0.992468357 0.9514422219
0.049763982 -0.972283163 -0.228449114 0.992468357 0.9514422219
0.052770724 -0.971494827 -0.231112638 0.992468357 0.9514422219
0.180765342 -0.93594562 -0.302208022 0.992468357 0.9514422219
0.205772983 -0.925551918 -0.317822475 0.992468357 0.9514422219
0.192864483 -0.933949098 -0.300902599 0.992468357 0.9514422219
0.481907848 -0.876212649 0.004027385 0.992468357 0.9514422219
0.517073627 -0.855694818 0.020524207 0.992468357 0.9514422219
0.497911016 -0.867198907 0.00711863 0.992468357 0.9514422219
0.003460751 -0.974765174 -0.223205912 0.992468357 0.9514422219
0.014655168 -0.971609448 -0.236136205 0.992468357 0.9514422219
-0.005967628 -0.974867227 -0.222706704 0.992468357 0.9514422219
-0.011652878 -0.965982006 -0.258346617 0.992468357 0.9514422219
-0.016851031 -0.96353214 -0.267061525 0.992468357 0.9514422219
-0.0111907 -0.966398694 -0.256804075 0.992468357 0.9514422219
0.034590332 -0.977374294 -0.208669592 0.992468357 0.9514422219
0.056979718 -0.978388727 -0.198768232 0.992468357 0.9514422219
-0.030078149 -0.968291815 -0.248004567 0.9921640837 0.9506557947
-0.055744693 -0.966644018 -0.249983741 0.9921640837 0.9506557947
-0.068390033 -0.962415568 -0.262828988 0.9921640837 0.9506557947
-0.289975939 -0.949767505 -0.117709985 0.992468357 0.9514422219
-0.259884605 -0.957867583 -0.122268904 0.992468357 0.9514422219
-0.271510989 -0.957113211 -0.10107465 0.9921671435 0.9506561059
-0.288279316 -0.952190465 -0.101135324 0.9921671435 0.9506561059
-0.313105548 -0.938254792 -0.147115126 0.992468357 0.9514422219
-0.320431089 -0.934908784 -0.152543379 0.992468357 0.9514422219
-0.313266955 -0.93884575 -0.1429422 0.992468357 0.9514422219
-0.443071114 -0.891246344 -0.096788128 0.992468357 0.9514422219
-0.421202118 -0.899339888 -0.117373511 0.992468357 0.9514422219
-0.384804826 -0.911176756 -0.147248652 0.992468357 0.9514422219
-0.684341232 -0.725490064 -0.073083821 0.992468357 0.9514422219
-0.694883385 -0.71666951 -0.059345549 0.992468357 0.9514422219
-0.723849634 -0.689089015 -0.034612664 0.992468357 0.9514422219
-0.621754406 -0.7799416 -0.071502161 0.992468357 0.9514422219
-0.631957005 -0.770123923 -0.086830221 0.992468357 0.9514422219
-0.998919112 -0.02180078 -0.041052825 0.9922126432 0.9506533159
-0.998233955 -0.03863797 -0.045122917 0.9922126432 0.9506533159
-0.999288793 0.013746157 -0.0351134 0.9922126432 0.9506533159
-0.995256575 -0.077676781 -0.058571906 0.9922126432 0.9506533159
-0.993513624 -0.104398892 -0.045072727 0.9922126432 0.9506533159
-0.994195955 -0.100845628 -0.037477498 0.9922126432 0.9506533159
-0.282143377 -0.848074507 -0.44851393 0.992468357 0.9514422219
-0.290401651 -0.843360575 -0.452117044 0.992468357 0.9514422219
-0.818402279 0.572609763 -0.048329797 0.992468357 0.9514422219
-0.832861774 0.552501914 -0.032907442 0.992468357 0.9514422219
-0.823271439 0.565906053 -0.044435092 0.992468357 0.9514422219
-0.877200484 0.479485113 -0.024765648 0.9922126432 0.9506533159
-0.852351787 0.522914625 -0.007531705 0.9922126432 0.9506533159
-0.862142464 0.506294969 -0.019384971 0.9922126432 0.9506533159
-0.900820516 -0.433792193 -0.018620688 0.992468357 0.9514422219
-0.898465716 -0.438385785 -0.024026239 0.9922126432 0.9506533159
-0.882823433 -0.468884668 -0.02774806 0.9922126432 0.9506533159
-0.227740148 -0.891011126 -0.392725856 0.992468357 0.9514422219
-0.222957197 -0.879799702 -0.419812545 0.992468357 0.9514422219
0.227903264 -0.893099376 -0.387857715 0.992468357 0.9514422219
0.226499838 -0.89457704 -0.385265808 0.992468357 0.9514422219
0.349031925 -0.932293887 -0.094893751 0.992468357 0.9514422219
0.30400424 -0.947137415 -0.102528723 0.992468357 0.9514422219
0.309904628 -0.942556678 -0.124683718 0.992468357 0.9514422219
0.318471663 -0.938366793 -0.134326323 0.992468357 0.9514422219
0.404273612 -0.912095733 -0.068148522 0.992468357 0.9514422219
0.354740891 -0.928760491 -0.107530693 0.992468357 0.9514422219
0.379863633 -0.920732169 -0.089195811 0.992468357 0.9514422219
-0.181281769 -0.919074929 -0.349911696 0.992468357 0.9514422219
-0.128250779 -0.945593316 -0.299006721 0.992468357 0.9514422219
-0.170803275 -0.918653757 -0.356232391 0.9921640837 0.9506557947
-0.138565539 -0.939746029 -0.312533187 0.9921640837 0.9506557947
-0.168979151 -0.91958084 -0.354707099 0.9921640837 0.9506557947
-0.985271089 -0.165069088 0.044643899 0.9922126432 0.9506533159
-0.97604947 -0.209797628 0.057553336 0.9922126432 0.9506533159
-0.974919642 -0.214149412 0.060594719 0.9922126432 0.9506533159
0.027667878 -0.96562672 -0.258456043 0.9921640837 0.9506557947
0.015251431 -0.967391458 -0.252826346 0.9921640837 0.9506557947
0.014895148 -0.967468373 -0.252553128 0.9921640837 0.9506557947
0.033119285 -0.968586507 -0.246461543 0.9921640837 0.9506557947
0.039291137 -0.967743173 -0.248856097 0.9921640837 0.9506557947
0.329378907 -0.83328454 -0.444011723 0.992468357 0.9514422219
0.320837785 -0.836883234 -0.443496977 0.992468357 0.9514422219
0.328583347 -0.823112598 -0.463161565 0.992468357 0.9514422219
-0.325532299 -0.936122608 -0.133053315 0.992468357 0.9514422219
-0.336829318 -0.933111899 -0.125889614 0.9921671435 0.9506561059
-0.366223755 -0.92228063 -0.12360664 0.9921671435 0.9506561059
-0.340427883 -0.930866558 -0.132651075 0.9921671435 0.9506561059
-0.347700323 -0.929183698 -0.125387958 0.9921671435 0.9506561059
-0.966182867 0.257580855 -0.01194867 0.992468357 0.9514422219
-0.992003448 0.125713231 -0.011195649 0.992468357 0.9514422219
-0.987499572 0.157602365 -0.002467622 0.992468357 0.9514422219
-0.978089714 0.199930563 -0.058036898 0.9922126432 0.9506533159
-0.987113882 0.1545808 -0.041363745 0.9922126432 0.9506533159
-0.980426077 0.188670767 -0.056285432 0.9922126432 0.9506533159
-0.999582143 0.019087112 -0.021707644 0.9922126432 0.9506533159
-0.998213818 0.056481494 -0.019468274 0.9922126432 0.9506533159
-0.256270821 -0.844293503 -0.470631222 0.992468357 0.9514422219
-0.255001488 -0.85572601 -0.450230204 0.992468357 0.9514422219
-0.672443009 -0.739892688 -0.019473313 0.992468357 0.9514422219
-0.672315036 -0.739888292 -0.023617934 0.992468357 0.9514422219
-0.63767744 -0.768846622 -0.047353508 0.992468357 0.9514422219
-0.320446407 -0.855538268 -0.406655102 0.992468357 0.9514422219
0.332663205 -0.88868857 -0.315543685 0.992468357 0.9514422219
0.329464393 -0.893579791 -0.304907152 0.992468357 0.9514422219
0.315471959 -0.911346835 -0.264432204 0.992468357 0.9514422219
0.318230469 -0.841273559 -0.437021931 0.992468357 0.9514422219
0.293704111 -0.862714784 -0.411656528 0.992468357 0.9514422219
0.171843524 -0.904446674 -0.39044336 0.992468357 0.9514422219
0.192161204 -0.90072525 -0.38957425 0.992468357 0.9514422219
0.19019976 -0.899807458 -0.392645628 0.992468357 0.9514422219
-0.047188394 -0.96555604 -0.255880418 0.9921671435 0.9506561059
-0.027632371 -0.965842461 -0.257652465 0.9921671435 0.9506561059
-0.057000641 -0.96508107 -0.25567451 0.9921671435 0.9506561059
-0.929286714 0.360509516 -0.080368479 0.992468357 0.9514422219
-0.93527853 0.344427092 -0.081388262 0.992468357 0.9514422219
0.201297854 -0.901529251 -0.383045928 0.9921671435 0.9506561059
0.182098036 -0.908581967 -0.375924347 0.9921671435 0.9506561059
0.14003838 -0.94238061 -0.30382238 0.9921671435 0.9506561059
0.156583717 -0.940821575 -0.300559983 0.9921671435 0.9506561059
-0.158396168 -0.924740035 -0.346073002 0.9921640837 0.9506557947
-0.36040913 -0.929995773 -0.07220194 0.9921671435 0.9506561059
-0.358945563 -0.930080658 -0.078154025 0.9921671435 0.9506561059
0.304664372 -0.845082351 -0.439335225 0.992468357 0.9514422219
0.307471993 -0.841757819 -0.443739504 0.992468357 0.9514422219
0.309964566 -0.835256004 -0.454168884 0.992468357 0.9514422219
-0.028782606 -0.96469101 -0.261806833 0.9921671435 0.9506561059
-0.036579891 -0.961791453 -0.27132842 0.992468357 0.9514422219
-0.043904622 -0.960489685 -0.274830765 0.992468357 0.9514422219
-0.027060847 -0.962831842 -0.268742543 0.992468357 0.9514422219
0.004701234 -0.972944101 -0.230992804 0.992468357 0.9514422219
-0.01421299 -0.975729098 -0.218519379 0.992468357 0.9514422219
-0.033641001 -0.977447279 -0.208482854 0.992468357 0.9514422219
-0.072327625 -0.978619329 -0.192543304 0.992468357 0.9514422219
-0.113916214 -0.980856409 -0.157936069 0.992468357 0.9514422219
-0.270270811 -0.877358295 -0.396479647 0.992468357 0.9514422219
-0.279741833 -0.862241628 -0.42223676 0.992468357 0.9514422219
0.612367445 -0.790172273 -0.025177201 0.992468357 0.9514422219
-0.99999277 -0.003757015 -0.000586904 0.9922126432 0.9506533159
-0.999821946 -0.017587319 0.006838325 0.9922126432 0.9506533159
-0.99949663 0.030567753 -0.008491103 0.9922126432 0.9506533159
-0.984982931 -0.16603862 0.047326548 0.9922126432 0.9506533159
-0.974989126 -0.213650811 0.061233441 0.9922126432 0.9506533159
-0.886251385 -0.462874077 0.017494905 0.992468357 0.9514422219
-0.910323313 -0.41380343 0.008842402 0.992468357 0.9514422219
-0.943035725 -0.332066174 0.020388178 0.992468357 0.9514422219
-0.757670372 -0.650009194 0.058512 0.992468357 0.9514422219
0.340684829 -0.937406733 -0.072128113 0.992468357 0.9514422219
-0.737961979 -0.673119089 0.048195542 0.992468357 0.9514422219
-0.769261507 -0.635866535 0.062533858 0.992468357 0.9514422219
0.705940396 -0.707442359 0.034255887 0.992468357 0.9514422219
0.703512504 -0.709241138 0.045245611 0.992468357 0.9514422219
-0.628992861 -0.777283116 0.014104564 0.992468357 0.9514422219
-0.279186355 -0.845448137 -0.455271815 0.992468357 0.9514422219
-0.27404619 -0.841651464 -0.465318707 0.992468357 0.9514422219
-0.961826097 0.264899953 -0.068691879 0.992468357 0.9514422219
-0.976166608 0.209590119 -0.056309286 0.992468357 0.9514422219
-0.96287445 0.262659623 -0.062311442 0.992468357 0.9514422219
-0.937742803 0.342792659 -0.055960949 0.992468357 0.9514422219
-0.961513355 0.269553566 -0.053225405 0.992468357 0.9514422219
-0.958508334 0.281977791 -0.041836573 0.992468357 0.9514422219
-0.924363998 0.375930139 -0.065020995 0.992468357 0.9514422219
-0.903418989 0.424621783 -0.059417776 0.992468357 0.9514422219
-0.927624586 0.367065295 -0.069106423 0.992468357 0.9514422219
-0.602275639 -0.79691285 -0.04683977 0.992468357 0.9514422219
-0.60763396 -0.792305771 -0.05506847 0.992468357 0.9514422219
-0.61641362 -0.785374907 -0.056749486 0.992468357 0.9514422219
-0.633088734 -0.771442693 -0.063834369 0.992468357 0.9514422219
-0.634078569 -0.76924583 -0.078773226 0.992468357 0.9514422219
-0.645379193 -0.759907933 -0.077624932 0.992468357 0.9514422219
-0.25284832 -0.899741 -0.355715982 0.992468357 0.9514422219
-0.261571192 -0.900568361 -0.347213392 0.992468357 0.9514422219
-0.609473628 -0.792772774 0.007295642 0.992468357 0.9514422219
-0.590918432 -0.806698718 -0.007251504 0.992468357 0.9514422219
-0.640334066 -0.768006743 0.011744217 0.992468357 0.9514422219
0.678723519 -0.734341498 0.008772118 0.992468357 0.9514422219
0.652579851 -0.757661603 -0.00940388 0.992468357 0.9514422219
-0.203571398 -0.911338619 -0.357799675 0.9921640837 0.9506557947
-0.192466467 -0.911694757 -0.363000453 0.9921640837 0.9506557947
-0.185522927 -0.921850978 -0.340252873 0.9921640837 0.9506557947
-0.964396472 -0.257960265 0.058274757 0.992468357 0.9514422219
-0.958742182 -0.278127791 0.058807827 0.992468357 0.9514422219
-0.973471583 -0.221449562 0.057560124 0.992468357 0.9514422219
-0.821791516 -0.567261407 0.053602247 0.992468357 0.9514422219
-0.840598277 -0.540279782 0.038630223 0.992468357 0.9514422219
-0.568769621 -0.804591442 -0.170686056 0.992468357 0.9514422219
0.121807721 -0.982147098 0.143352563 0.992468357 0.9514422219
-0.850158358 -0.526194184 -0.018720212 0.9922126432 0.9506533159
-0.85425007 -0.519057378 -0.028918083 0.9922126432 0.9506533159
-0.844108387 -0.536043907 -0.011745672 0.9922126432 0.9506533159
-0.776187793 -0.630488715 0.00406084 0.992468357 0.9514422219
-0.801527562 -0.597500193 0.023389883 0.992468357 0.9514422219
-0.793845072 -0.60797678 0.01319988 0.992468357 0.9514422219
-0.324483911 -0.938260758 -0.119903889 0.992468357 0.9514422219
-0.332827865 -0.935354769 -0.119737495 0.992468357 0.9514422219
-0.337010812 -0.934038506 -0.118303773 0.992468357 0.9514422219
-0.304070493 -0.943512868 -0.131622962 0.992468357 0.9514422219
-0.291857975 -0.947327174 -0.13187171 0.992468357 0.9514422219
-0.308135305 -0.943538264 -0.121606655 0.992468357 0.9514422219
-0.600646889 -0.797636374 -0.054767968 0.992468357 0.9514422219
-0.614756245 -0.786061016 -0.064674858 0.992468357 0.9514422219
0.346388071 -0.932625566 -0.101118039 0.992468357 0.9514422219
0.376472734 -0.923069996 -0.078803948 0.992468357 0.9514422219
0.400253089 -0.9142066 -0.063433098 0.992468357 0.9514422219
0.034621295 -0.98285403 -0.18110583 0.992468357 0.9514422219
0.016614568 -0.980156893 -0.197525751 0.992468357 0.9514422219
0.030539098 -0.984690435 -0.171616173 0.992468357 0.9514422219
-0.016130539 -0.971148829 -0.237928053 0.992468357 0.9514422219
-0.016085835 -0.971974593 -0.234534936 0.992468357 0.9514422219
-0.987959644 0.154681003 -0.003087107 0.9922126432 0.9506533159
-0.990749321 0.135697942 0.001360766 0.9922126432 0.9506533159
-0.985648263 0.168675006 -0.006800311 0.9922126432 0.9506533159
-0.942634298 -0.333791123 -0.00490587 0.992468357 0.9514422219
-0.91856443 -0.39348289 -0.037557996 0.992468357 0.9514422219
-0.508200798 -0.423221432 0.750077042 0.992468357 0.9514422219
-0.530262453 -0.533931285 0.658588729 0.992468357 0.9514422219
0.70753643 -0.681598542 0.186589461 0.992468357 0.9514422219
0.74294176 -0.66508128 0.075527686 0.992468357 0.9514422219
0.731350506 -0.662512316 0.161876089 0.9922126432 0.9506533159
0.702202551 -0.698117837 0.139796509 0.992468357 0.9514422219
-0.014712616 -0.980137011 -0.197775072 0.992468357 0.9514422219
-0.022505682 -0.978760197 -0.203769409 0.992468357 0.9514422219
-0.008991063 -0.980987293 -0.193863592 0.992468357 0.9514422219
0.520165074 -0.854061461 0.002704975 0.992468357 0.9514422219
0.49892545 -0.866643123 0.001758548 0.992468357 0.9514422219
0.496915973 -0.867677283 -0.014513721 0.992468357 0.9514422219
0.559325224 -0.828925236 -0.006184435 0.992468357 0.9514422219
0.566656276 -0.823790456 -0.016430122 0.992468357 0.9514422219
0.118503102 -0.955101093 -0.271549108 0.992468357 0.9514422219
0.079171573 -0.960564886 -0.266546359 0.992468357 0.9514422219
-0.000381518 -0.970309112 -0.241867901 0.992468357 0.9514422219
-0.011578761 -0.973376706 -0.228918589 0.992468357 0.9514422219
-0.205803374 -0.937797047 -0.279609855 0.992468357 0.9514422219
0.213421432 -0.939346175 -0.26847729 0.992468357 0.9514422219
0.215002086 -0.940194998 -0.264211031 0.992468357 0.9514422219
0.227054745 -0.933187261 -0.278581549 0.992468357 0.9514422219
0.058880016 -0.959589933 -0.275173227 0.992468357 0.9514422219
0.117530005 -0.936716714 -0.329770368 0.992468357 0.9514422219
0.242059683 -0.965436367 -0.096642285 0.9921640837 0.9506557947
0.263272302 -0.959244957 -0.102648954 0.9921640837 0.9506557947
0.164875109 -0.976679154 -0.137528284 0.9921640837 0.9506557947
0.187313353 -0.975902807 -0.111925953 0.9921640837 0.9506557947
-0.825981808 0.563401182 -0.018252691 0.9922126432 0.9506533159
-0.834733819 0.550592844 -0.008183645 0.9922126432 0.9506533159
-0.824708473 0.565035422 -0.024308571 0.9922126432 0.9506533159
-0.856461625 0.516204024 -0.00262476 0.9922126432 0.9506533159
-0.843796938 0.536476198 -0.014142711 0.9922126432 0.9506533159
-0.321825099 -0.936815689 -0.137131215 0.992468357 0.9514422219
-0.305607377 -0.943339559 -0.129284982 0.992468357 0.9514422219
-0.310649678 -0.94162814 -0.129742917 0.992468357 0.9514422219
-0.177675886 -0.91725061 -0.356486464 0.9921640837 0.9506557947
-0.175726509 -0.919110245 -0.352642244 0.9921640837 0.9506557947
-0.139375655 -0.939679633 -0.312372557 0.9921640837 0.9506557947
0.002178275 -0.967552617 -0.252660222 0.992468357 0.9514422219
-0.001482451 -0.967403114 -0.253237077 0.992468357 0.9514422219
0.195278845 -0.976080913 -0.09556267 0.992468357 0.9514422219
0.146939023 -0.978487165 -0.144816409 0.992468357 0.9514422219
-0.170358662 -0.898736038 -0.404043883 0.992468357 0.9514422219
-0.125099095 -0.912761795 -0.388865173 0.992468357 0.9514422219
-0.134304708 -0.909079 -0.394382576 0.992468357 0.9514422219
-0.902852773 -0.429761147 -0.012736809 0.992468357 0.9514422219
-0.917087825 -0.398583955 -0.008986154 0.992468357 0.9514422219
-0.889902269 -0.456050301 -0.009595526 0.992468357 0.9514422219
-0.872288515 -0.488989761 0.001326762 0.992468357 0.9514422219
-0.873523056 -0.486751132 0.00555038 0.992468357 0.9514422219
0.196274066 -0.898385771 -0.392911565 0.992468357 0.9514422219
0.175497634 -0.905097154 -0.387297977 0.992468357 0.9514422219
0.197954914 -0.898060612 -0.392811645 0.992468357 0.9514422219
0.090134083 -0.948168805 -0.304715875 0.9921671435 0.9506561059
0.132897827 -0.925785609 -0.353919728 0.9921671435 0.9506561059
0.127637592 -0.929621229 -0.345706544 0.9921671435 0.9506561059
0.551221472 -0.834358631 -0.000750833 0.992468357 0.9514422219
0.53238411 -0.846390235 0.013810521 0.992468357 0.9514422219
0.541411147 -0.840723781 0.007582465 0.992468357 0.9514422219
0.557312781 -0.83027818 -0.006372442 0.992468357 0.9514422219
-0.038992511 -0.956916573 -0.28773296 0.992468357 0.9514422219
-0.025536162 -0.959958494 -0.278975975 0.992468357 0.9514422219
0.641449286 -0.766614614 -0.029066249 0.992468357 0.9514422219
0.678124784 -0.734921442 0.006103328 0.992468357 0.9514422219
0.585906214 -0.809709683 -0.032926228 0.992468357 0.9514422219
0.583651593 -0.811493155 -0.028804126 0.992468357 0.9514422219
0.570328513 -0.821176329 -0.019870169 0.992468357 0.9514422219
0.332651844 -0.840099794 -0.428456634 0.992468357 0.9514422219
0.341870145 -0.826639468 -0.446980976 0.992468357 0.9514422219
0.30786587 -0.859637625 -0.407727556 0.992468357 0.9514422219
-0.253444872 -0.898491902 -0.358438279 0.992468357 0.9514422219
-0.276441889 -0.877294067 -0.392345514 0.992468357 0.9514422219
-0.309679742 -0.845497324 -0.435008888 0.992468357 0.9514422219
-0.297245987 -0.860251204 -0.414261619 0.992468357 0.9514422219
-0.356464835 -0.93016722 -0.087873568 0.9921671435 0.9506561059
-0.319426406 -0.941695395 -0.105719218 0.9921671435 0.9506561059
-0.843181077 0.536699106 -0.031618679 0.992468357 0.9514422219
-0.864736751 0.501261566 -0.03109975 0.992468357 0.9514422219
-0.898990371 0.435636403 -0.045135762 0.992468357 0.9514422219
-0.886961292 0.460628303 -0.033484822 0.992468357 0.9514422219
-0.87547832 0.482963417 -0.016853767 0.992468357 0.9514422219
-0.229562031 -0.892814828 -0.387534459 0.992468357 0.9514422219
-0.235450331 -0.894003859 -0.381208921 0.992468357 0.9514422219
-0.882044241 -0.47012497 0.031312462 0.992468357 0.9514422219
-0.837525626 -0.546047652 0.019564969 0.992468357 0.9514422219
-0.97947331 -0.193848051 0.055271762 0.9922126432 0.9506533159
-0.939195333 -0.340541052 0.04408988 0.992468357 0.9514422219
-0.936396265 -0.349549787 0.031256716 0.992468357 0.9514422219
-0.922541819 -0.385774116 0.009742861 0.992468357 0.9514422219
0.28178585 -0.848989545 -0.447005019 0.992468357 0.9514422219
0.271555137 -0.861966785 -0.428101704 0.992468357 0.9514422219
0.267971272 -0.862195243 -0.42989622 0.992468357 0.9514422219
0.311065979 -0.851673915 -0.421769485 0.992468357 0.9514422219
0.317107212 -0.839824887 -0.440610004 0.992468357 0.9514422219
0.315314604 -0.85816654 -0.405125772 0.992468357 0.9514422219
-0.103299607 -0.916432982 -0.386626151 0.992468357 0.9514422219
-0.048226828 -0.922052562 -0.384048495 0.992468357 0.9514422219
-0.586912506 -0.809327707 -0.022855487 0.992468357 0.9514422219
-0.581785759 -0.813053607 -0.021660177 0.992468357 0.9514422219
-0.600132213 -0.799242517 -0.032445729 0.992468357 0.9514422219
-0.535899381 -0.844253077 -0.00697104 0.992468357 0.9514422219
-0.494084144 -0.868614777 -0.037272335 0.992468357 0.9514422219
-0.700671541 -0.712382511 -0.039630149 0.992468357 0.9514422219
-0.663602847 -0.745037692 -0.067454418 0.992468357 0.9514422219
-0.711527468 -0.702149237 -0.026741546 0.992468357 0.9514422219
-0.634060961 -0.771405463 -0.053854525 0.992468357 0.9514422219
-0.61802573 -0.784872538 -0.04493659 0.992468357 0.9514422219
-0.621478026 -0.78227392 -0.042574378 0.992468357 0.9514422219
-0.997765084 0.065311204 -0.014116811 0.9922126432 0.9506533159
-0.998572616 0.048337719 -0.022719928 0.9922126432 0.9506533159
-0.999433918 0.01390673 -0.030634089 0.9922126432 0.9506533159
-0.040544192 -0.971646031 -0.232938099 0.9921640837 0.9506557947
-0.9927441 0.117769644 -0.024278862 0.9922126432 0.9506533159
-0.991728927 0.124439932 -0.031439445 0.9922126432 0.9506533159
-0.986574391 0.159296448 -0.035994622 0.9922126432 0.9506533159
0.49506045 -0.868850032 -0.003843536 0.9921640837 0.9506557947
0.524608932 -0.8513184 -0.006515454 0.9921640837 0.9506557947
0.490510666 -0.871429876 -0.003042704 0.9921640837 0.9506557947
0.497977216 -0.867170448 -0.005840075 0.992468357 0.9514422219
0.252907688 -0.89225393 -0.374059654 0.992468357 0.9514422219
0.271872731 -0.882648189 -0.383428471 0.992468357 0.9514422219
0.226783859 -0.9004404 -0.371182121 0.9921671435 0.9506561059
0.232854141 -0.901309171 -0.365268022 0.9921671435 0.9506561059
0.339905327 -0.822481899 -0.456056898 0.992468357 0.9514422219
0.340603848 -0.816453003 -0.466254772 0.992468357 0.9514422219
-0.276209873 -0.870208804 -0.407976401 0.992468357 0.9514422219
-0.092984912 -0.975088113 -0.20138763 0.9921671435 0.9506561059
-0.08300154 -0.970369825 -0.226921015 0.9921671435 0.9506561059
0.560650666 -0.827830129 -0.019186178 0.992468357 0.9514422219
-0.021923105 -0.964654337 -0.262605003 0.992468357 0.9514422219
-0.01459223 -0.965754545 -0.259046765 0.992468357 0.9514422219
-0.829047812 0.555725888 -0.062035972 0.992468357 0.9514422219
-0.813174786 0.578990502 -0.059302327 0.992468357 0.9514422219
0.117684451 -0.890098879 0.440311657 0.992468357 0.9514422219
0.139770628 -0.860177872 0.490467328 0.992468357 0.9514422219
-0.530751998 -0.569041304 0.628087821 0.992468357 0.9514422219
-0.773419534 -0.630278536 0.067610587 0.992468357 0.9514422219
-0.80123838 -0.594982484 0.063347472 0.992468357 0.9514422219
-0.798993126 -0.598663572 0.056673742 0.992468357 0.9514422219
-0.127591324 -0.953333844 -0.273633031 0.9921640837 0.9506557947
-0.152034043 -0.940590512 -0.303603588 0.9921640837 0.9506557947
-0.135879903 -0.943879218 -0.301045966 0.9921640837 0.9506557947
0.059705408 -0.961281425 -0.269022836 0.9921671435 0.9506561059
0.029097744 -0.967431304 -0.251455747 0.9921671435 0.9506561059
-0.981954994 -0.181834644 0.051966844 0.992468357 0.9514422219
0.465123055 -0.885120263 -0.014921921 0.9921640837 0.9506557947
-0.215357205 -0.901722098 -0.374858016 0.9921640837 0.9506557947
-0.226281023 -0.897140023 -0.379389876 0.9921640837 0.9506557947
-0.206819327 -0.899759121 -0.38426461 0.9921640837 0.9506557947
0.32281783 -0.943043706 -0.080356809 0.992468357 0.9514422219
0.367767458 -0.92783216 -0.062246124 0.992468357 0.9514422219
-0.909414275 -0.415802205 0.008614072 0.992468357 0.9514422219
-0.912284689 -0.409229702 0.016361468 0.992468357 0.9514422219
-0.928434189 -0.370257554 0.030319981 0.992468357 0.9514422219
-0.864545661 0.500418873 -0.04627906 0.992468357 0.9514422219
-0.838477312 0.542851924 -0.047619176 0.992468357 0.9514422219
-0.815202319 0.576167224 -0.058961924 0.992468357 0.9514422219
-0.837333425 0.54476704 -0.045843291 0.992468357 0.9514422219
-0.062613121 -0.958639381 -0.277651102 0.9921671435 0.9506561059
-0.046586136 -0.961284323 -0.271591942 0.9921671435 0.9506561059
-0.966371577 0.245000567 -0.078106956 0.9922126432 0.9506533159
-0.975749649 0.216857809 -0.029754217 0.992468357 0.9514422219
-0.956075789 0.291293175 -0.032670654 0.992468357 0.9514422219
-0.98724129 0.154636619 -0.03797567 0.992468357 0.9514422219
-0.742105285 -0.668879978 0.043351145 0.992468357 0.9514422219
-0.785322741 -0.618373074 0.029714199 0.992468357 0.9514422219
-0.616532866 -0.786240537 -0.041388918 0.992468357 0.9514422219
-0.616716766 -0.78630332 -0.037249429 0.992468357 0.9514422219
-0.971595865 0.226403011 -0.068870543 0.9922126432 0.9506533159
0.280503907 -0.897874123 -0.339322292 0.992468357 0.9514422219
0.272554562 -0.902731398 -0.33285137 0.992468357 0.9514422219
0.264889771 -0.902744771 -0.338947322 0.992468357 0.9514422219
0.30324013 -0.847918414 -0.434833057 0.992468357 0.9514422219
0.294805884 -0.86364799 -0.408902972 0.992468357 0.9514422219
0.015116866 -0.970828855 -0.2392965 0.9921640837 0.9506557947
0.040211121 -0.971848054 -0.232151728 0.9921640837 0.9506557947
0.00844541 -0.970486749 -0.241006527 0.9921640837 0.9506557947
0.624401864 -0.781051819 0.008964848 0.992468357 0.9514422219
0.640991787 -0.76749486 0.009009353 0.992468357 0.9514422219
0.674076608 -0.738222062 0.025473768 0.992468357 0.9514422219
-0.256743982 -0.959812976 -0.113320693 0.992468357 0.9514422219
-0.296522514 -0.950453852 -0.093337418 0.992468357 0.9514422219
-0.234709678 -0.964113718 -0.124081042 0.992468357 0.9514422219
-0.209223634 -0.968971281 -0.131605954 0.992468357 0.9514422219
0.201577887 -0.97551376 -0.08797306 0.992468357 0.9514422219
0.230599705 -0.969764615 -0.079877207 0.992468357 0.9514422219
0.217351815 -0.971820574 -0.091230257 0.992468357 0.9514422219
0.295772506 -0.947765265 -0.119413678 0.992468357 0.9514422219
0.280123048 -0.953687084 -0.109599376 0.992468357 0.9514422219
0.21521908 -0.918697542 -0.331173028 0.992468357 0.9514422219
0.227749694 -0.907946278 -0.35180056 0.992468357 0.9514422219
0.238579888 -0.902042775 -0.359719986 0.992468357 0.9514422219
0.089081287 -0.980392961 -0.175767365 0.9921640837 0.9506557947
0.095321292 -0.98213067 -0.162275072 0.992468357 0.9514422219
0.069038331 -0.978626531 -0.193710667 0.992468357 0.9514422219
0.042926711 -0.979294219 -0.197838645 0.992468357 0.9514422219
-0.072685338 -0.980268842 -0.183820128 0.992468357 0.9514422219
-0.097436982 -0.978171346 -0.183539786 0.992468357 0.9514422219
-0.117501812 -0.978174517 -0.171370764 0.992468357 0.9514422219
-0.987733176 -0.15602146 -0.006362193 0.9922126432 0.9506533159
-0.991161095 -0.12923827 -0.029952511 0.9922126432 0.9506533159
-0.98739417 -0.15779595 -0.012377059 0.9922126432 0.9506533159
-0.924321263 -0.378533368 0.048401366 0.992468357 0.9514422219
-0.938559337 -0.341340267 0.050923405 0.992468357 0.9514422219
-0.27048734 -0.89580768 -0.352654503 0.992468357 0.9514422219
-0.264743176 -0.903431974 -0.33722651 0.992468357 0.9514422219
-0.61430742 -0.787326833 -0.05237224 0.992468357 0.9514422219
-0.636434979 -0.768447566 -0.066624746 0.992468357 0.9514422219
-0.630112336 -0.773688971 -0.066059225 0.992468357 0.9514422219
-0.59209511 -0.805028441 -0.036777573 0.992468357 0.9514422219
-0.598676855 -0.800118668 -0.037364962 0.992468357 0.9514422219
-0.332137904 -0.82421553 -0.458642751 0.992468357 0.9514422219
-0.86264953 0.505741782 -0.007812682 0.9922126432 0.9506533159
-0.890820829 0.45234043 -0.042736236 0.9922126432 0.9506533159
-0.970591951 0.239520413 -0.024108828 0.992468357 0.9514422219
-0.97437017 0.223985842 -0.020811409 0.992468357 0.9514422219
0.682423496 -0.730704568 0.01920955 0.992468357 0.9514422219
0.705463247 -0.707733148 0.03788665 0.992468357 0.9514422219
-0.976770998 0.211950124 -0.031552541 0.9922126432 0.9506533159
-0.972708659 0.229174222 -0.036291059 0.9922126432 0.9506533159
-0.978655692 0.204883208 -0.015997103 0.9922126432 0.9506533159
-0.984178951 0.175820399 -0.021885582 0.9922126432 0.9506533159
-0.986838169 0.160918804 -0.015986425 0.9922126432 0.9506533159
-0.981735548 0.186907481 -0.035509245 0.9922126432 0.9506533159
-0.056411359 -0.979751015 -0.192108582 0.992468357 0.9514422219
-0.045623065 -0.975172527 -0.21669582 0.992468357 0.9514422219
-0.159629135 -0.96426591 -0.211446905 0.992468357 0.9514422219
-0.101888159 -0.962160084 -0.25271877 0.992468357 0.9514422219
-0.170679946 -0.964695297 -0.200577515 0.992468357 0.9514422219
-0.860573833 -0.508023813 -0.036393452 0.9922126432 0.9506533159
-0.868374904 -0.49442368 -0.038343848 0.992468357 0.9514422219
-0.623904218 -0.77774191 -0.076557484 0.992468357 0.9514422219
-0.617038162 -0.783228498 -0.076269434 0.992468357 0.9514422219
0.218004358 -0.971757836 -0.090337197 0.992468357 0.9514422219
0.222638593 -0.971087124 -0.086150186 0.992468357 0.9514422219
0.253333212 -0.964855801 -0.069825259 0.992468357 0.9514422219
0.193356511 -0.975963318 -0.100542839 0.992468357 0.9514422219
0.174019113 -0.977858569 -0.116232386 0.992468357 0.9514422219
0.131653833 -0.980413345 -0.146481882 0.992468357 0.9514422219
-0.247933013 -0.962359606 -0.111324799 0.9921671435 0.9506561059
-0.233252961 -0.963163717 -0.133823433 0.9921671435 0.9506561059
-0.025380825 -0.973420876 -0.227612855 0.992468357 0.9514422219
-0.027169106 -0.972976305 -0.229301004 0.992468357 0.9514422219
-0.020375023 -0.972141322 -0.233508263 0.992468357 0.9514422219
-0.984227907 0.176891732 -0.002177903 0.9922126432 0.9506533159
0.333862078 -0.936590922 -0.106459185 0.992468357 0.9514422219
0.309215192 -0.943185235 -0.121604184 0.992468357 0.9514422219
0.141917464 -0.935171425 -0.324520939 0.992468357 0.9514422219
0.134336201 -0.935188744 -0.327682465 0.992468357 0.9514422219
0.10658016 -0.948349574 -0.298787139 0.992468357 0.9514422219
0.334207242 -0.865367759 -0.373422228 0.992468357 0.9514422219
0.320966251 -0.874767454 -0.362991139 0.992468357 0.9514422219
0.332500561 -0.877844379 -0.344721079 0.992468357 0.9514422219
-0.846177027 -0.532849395 -0.00748076 0.9922126432 0.9506533159
-0.856317045 -0.515861745 -0.02465317 0.9922126432 0.9506533159
-0.98952093 -0.144300276 0.00507543 0.9922126432 0.9506533159
-0.990023478 -0.140638485 0.008621485 0.9922126432 0.9506533159
-0.992932718 -0.118232155 -0.010284715 0.9922126432 0.9506533159
-0.987146778 -0.158176384 0.022835733 0.9922126432 0.9506533159
-0.991195151 -0.13219772 0.007479018 0.9922126432 0.9506533159
-0.991657083 -0.124911 -0.031835064 0.992468357 0.9514422219
-0.992110259 -0.117253569 -0.044371552 0.992468357 0.9514422219
-0.993036622 -0.106154648 -0.051082849 0.9922126432 0.9506533159
0.308945501 -0.832504072 -0.459880035 0.992468357 0.9514422219
0.30739947 -0.851526585 -0.424744677 0.992468357 0.9514422219
0.224352778 -0.970572742 -0.087489329 0.992468357 0.9514422219
-0.071231095 -0.966221167 -0.24767476 0.992468357 0.9514422219
-0.032558915 -0.976630607 -0.212444287 0.992468357 0.9514422219
-0.075544069 -0.964676787 -0.252372323 0.992468357 0.9514422219
-0.605373263 -0.794765436 -0.043256374 0.992468357 0.9514422219
-0.451951658 -0.886859288 -0.096022407 0.992468357 0.9514422219
-0.487482223 -0.870233096 -0.071101627 0.992468357 0.9514422219
0.500365376 -0.865738632 0.01145044 0.992468357 0.9514422219
0.472432459 -0.881204176 -0.016934345 0.992468357 0.9514422219
-0.258590873 -0.899747686 -0.351546386 0.992468357 0.9514422219
-0.251473132 -0.896432472 -0.364924768 0.992468357 0.9514422219
-0.286856328 -0.886428106 -0.363261146 0.992468357 0.9514422219
-0.263936883 -0.904606513 -0.334700431 0.992468357 0.9514422219
0.735998643 -0.673108051 0.07232945 0.992468357 0.9514422219
0.694745973 -0.718660903 0.029232521 0.992468357 0.9514422219
0.70518616 -0.707758686 0.042309833 0.992468357 0.9514422219
-0.836025334 -0.548266065 0.021586185 0.992468357 0.9514422219
-0.849557155 -0.527439122 0.007785434 0.992468357 0.9514422219
-0.847165571 -0.531245224 0.009434388 0.9922126432 0.9506533159
-0.879273765 -0.476079292 0.015038401 0.992468357 0.9514422219
0.033978383 -0.969501425 -0.242718882 0.9921640837 0.9506557947
0.061465084 -0.973352523 -0.220922858 0.9921640837 0.9506557947
0.04850255 -0.962052158 -0.268520292 0.992468357 0.9514422219
0.080564025 -0.951536212 -0.296796691 0.992468357 0.9514422219
0.044954391 -0.962891864 -0.266117193 0.992468357 0.9514422219
-0.003013178 -0.968033148 -0.250804195 0.992468357 0.9514422219
-0.012453644 -0.965901209 -0.258611216 0.992468357 0.9514422219
-0.261875962 -0.954884249 -0.140060882 0.992468357 0.9514422219
-0.292285844 -0.948383823 -0.123032962 0.992468357 0.9514422219
-0.307901095 -0.941458134 -0.137308041 0.992468357 0.9514422219
-0.297285979 -0.945778701 -0.130857539 0.992468357 0.9514422219
-0.299288055 -0.945172858 -0.130671074 0.992468357 0.9514422219
0.278706627 -0.884069189 -0.375159013 0.992468357 0.9514422219
0.250717319 -0.892790591 -0.374253638 0.992468357 0.9514422219
0.177086406 -0.907533703 -0.380818833 0.9921671435 0.9506561059
0.199863172 -0.897373928 -0.393414217 0.9921671435 0.9506561059
0.173070571 -0.908214705 -0.381041504 0.9921671435 0.9506561059
0.160032415 -0.910676669 -0.380864321 0.9921671435 0.9506561059
0.117622557 -0.935692741 -0.332631971 0.9921671435 0.9506561059
-0.164791341 -0.933170367 -0.319432121 0.9921640837 0.9506557947
-0.159215541 -0.936948418 -0.311091746 0.9921640837 0.9506557947
0.25594233 -0.962706034 -0.087696153 0.992468357 0.9514422219
0.243587788 -0.966710432 -0.078332183 0.992468357 0.9514422219
0.247386484 -0.965671503 -0.079236831 0.992468357 0.9514422219
-0.939229258 0.328735812 -0.09889978 0.9922126432 0.9506533159
-0.951944664 0.289325799 -0.100458643 0.9922126432 0.9506533159
-0.946574014 0.309822892 -0.089484138 0.9922126432 0.9506533159
-0.949054526 0.297227624 -0.104648204 0.9922126432 0.9506533159
-0.959715187 0.266543401 -0.088889684 0.9922126432 0.9506533159
-0.956013702 0.277789229 -0.094185698 0.9922126432 0.9506533159
-0.997021975 0.074530483 -0.01980882 0.9922126432 0.9506533159
-0.999192316 0.036335378 -0.017159704 0.9922126432 0.9506533159
-0.99517919 -0.09648658 0.017570426 0.9922126432 0.9506533159
-0.998229753 -0.059053915 0.007070754 0.9922126432 0.9506533159
-0.415773622 -0.905475947 -0.085121115 0.9921671435 0.9506561059
-0.408817706 -0.907918506 -0.092477403 0.992468357 0.9514422219
-0.162428251 -0.972724026 -0.165605052 0.9921671435 0.9506561059
-0.114175098 -0.968816853 -0.219904417 0.9921671435 0.9506561059
-0.218296819 -0.968686371 -0.118292917 0.9921671435 0.9506561059
-0.210932113 -0.969068943 -0.128113339 0.9921671435 0.9506561059
-0.180697891 -0.974107024 -0.135881483 0.9921671435 0.9506561059
-0.002456232 -0.968793669 -0.247856397 0.992468357 0.9514422219
-0.877845531 0.476410453 -0.049196592 0.992468357 0.9514422219
-0.858351119 0.511866318 -0.035017552 0.992468357 0.9514422219
-0.88759367 0.457854823 -0.050462248 0.992468357 0.9514422219
-0.888535553 0.455825323 -0.052228792 0.992468357 0.9514422219
-0.556077842 -0.830967504 -0.016445062 0.9921671435 0.9506561059
-0.582123956 -0.812953303 -0.015447552 0.992468357 0.9514422219
-0.594719254 -0.803793113 -0.015021329 0.992468357 0.9514422219
-0.490455876 -0.871378899 -0.012322695 0.9921671435 0.9506561059
-0.485786779 -0.873832098 -0.02070432 0.9921671435 0.9506561059
0.613209262 -0.789280458 -0.031792443 0.992468357 0.9514422219
0.582837926 -0.812234608 -0.023976936 0.992468357 0.9514422219
0.115083339 -0.893584834 0.433891656 0.992468357 0.9514422219
0.714318601 -0.698658123 0.040320761 0.992468357 0.9514422219
0.654292723 -0.756195054 0.008370999 0.992468357 0.9514422219
0.570780535 -0.821033266 -0.010675044 0.992468357 0.9514422219
0.750370533 -0.656358328 0.078344166 0.992468357 0.9514422219
0.720539033 -0.691130451 0.056233453 0.992468357 0.9514422219
-0.927977118 -0.025003924 0.371797355 0.9922126432 0.9506533159
-0.925121387 -0.029817048 0.378498829 0.9922126432 0.9506533159
-0.812687666 0.581239099 -0.041229443 0.9922126432 0.9506533159
-0.877890792 -0.478812532 -0.006805629 0.992468357 0.9514422219
-0.887035698 -0.461346576 -0.018083339 0.992468357 0.9514422219
-0.908374558 -0.418134413 0.004390318 0.992468357 0.9514422219
0.559673391 -0.82864678 -0.010498069 0.992468357 0.9514422219
-0.02372096 -0.971212545 -0.237030605 0.9921640837 0.9506557947
-0.018591503 -0.968735046 -0.247400015 0.9921640837 0.9506557947
-0.042681452 -0.969387071 -0.241799502 0.9921640837 0.9506557947
-0.102688031 -0.9580009 -0.267748844 0.9921640837 0.9506557947
-0.077106794 -0.960858553 -0.266092811 0.9921640837 0.9506557947
-0.057836532 -0.965499862 -0.25389949 0.9921640837 0.9506557947
-0.092169606 -0.961488547 -0.258929599 0.9921640837 0.9506557947
0.153200269 -0.979232129 -0.132793509 0.992468357 0.9514422219
-0.00403087 -0.978020763 -0.208468557 0.992468357 0.9514422219
0.000481875 -0.976772212 -0.214279754 0.992468357 0.9514422219
-0.929782134 -0.36590544 0.040229249 0.992468357 0.9514422219
-0.914354748 -0.404264036 0.022934337 0.992468357 0.9514422219
0.010439623 -0.968302061 -0.249563887 0.9921671435 0.9506561059
-0.003921209 -0.967170297 -0.254098879 0.9921671435 0.9506561059
-0.980755253 -0.189007354 0.048942355 0.992468357 0.9514422219
-0.648395826 -0.759398488 -0.053821829 0.992468357 0.9514422219
-0.705587161 -0.708527088 0.011667198 0.992468357 0.9514422219
-0.742047345 -0.669189531 0.039384118 0.992468357 0.9514422219
0.603865537 -0.796907797 -0.016863429 0.992468357 0.9514422219
0.573925264 -0.818868016 -0.008059978 0.992468357 0.9514422219
0.653164453 -0.757129747 -0.011434315 0.992468357 0.9514422219
0.67440802 -0.738341406 0.005078452 0.992468357 0.9514422219
0.692521514 -0.721145772 0.019045411 0.992468357 0.9514422219
-0.973180467 -0.229263823 0.018917665 0.992468357 0.9514422219
-0.862301983 -0.505199344 0.034769419 0.992468357 0.9514422219
-0.285107321 -0.85087887 -0.441269717 0.992468357 0.9514422219
-0.104702403 -0.955664065 -0.275215554 0.9921640837 0.9506557947
-0.024005672 -0.966450758 -0.255727706 0.9921640837 0.9506557947
-0.203127051 -0.902408414 -0.379997968 0.9921640837 0.9506557947
-0.222600633 -0.899841656 -0.375145242 0.992468357 0.9514422219
-0.889145518 0.455935441 -0.039282589 0.992468357 0.9514422219
-0.908972166 0.41279473 -0.058052669 0.992468357 0.9514422219
-0.916657463 0.393617114 -0.069315679 0.992468357 0.9514422219
-0.951526955 0.306975944 -0.019032189 0.992468357 0.9514422219
-0.928402541 0.370286177 -0.030933299 0.992468357 0.9514422219
0.313637232 -0.832742784 -0.456257758 0.992468357 0.9514422219
0.449175673 -0.893405699 -0.008214068 0.9921640837 0.9506557947
0.415621351 -0.908813414 -0.036291485 0.9921640837 0.9506557947
0.463886693 -0.885891262 -0.002409869 0.9921640837 0.9506557947
-0.436737206 -0.898502003 -0.044212702 0.992468357 0.9514422219
-0.834569394 0.550124236 -0.029278852 0.992468357 0.9514422219
-0.829882127 0.556951136 -0.033182634 0.992468357 0.9514422219
-0.895028914 0.443747507 -0.044848553 0.992468357 0.9514422219
0.332904731 -0.938340147 -0.093232015 0.9921640837 0.9506557947
0.290756692 -0.95136608 -0.101799455 0.9921640837 0.9506557947
0.312768222 -0.944594825 -0.099582408 0.9921640837 0.9506557947
-0.994040896 0.104860169 -0.029783258 0.9922126432 0.9506533159
-0.998305484 0.055361353 -0.017924295 0.9922126432 0.9506533159
-0.995191129 0.093929382 -0.027782873 0.9922126432 0.9506533159
0.061611417 -0.961002588 -0.269588686 0.992468357 0.9514422219
0.080025993 -0.955448031 -0.28410368 0.992468357 0.9514422219
-0.569265674 -0.82202396 -0.014601384 0.992468357 0.9514422219
-0.607467457 -0.794235439 -0.013166456 0.992468357 0.9514422219
-0.706038387 -0.706829467 0.043610786 0.992468357 0.9514422219
-0.718065516 -0.694696426 0.042175713 0.992468357 0.9514422219
0.698749268 -0.71416127 0.041510727 0.992468357 0.9514422219
0.678572324 -0.734107644 0.025011366 0.992468357 0.9514422219
0.069346637 -0.972681021 -0.221546104 0.9921640837 0.9506557947
0.066380464 -0.972667557 -0.222511703 0.992468357 0.9514422219
0.109214079 -0.976669504 -0.184902583 0.9921640837 0.9506557947
0.006012681 -0.966353283 -0.257148168 0.992468357 0.9514422219
0.02050493 -0.964964792 -0.261576945 0.992468357 0.9514422219
0.151856633 -0.979816942 -0.129993551 0.9921640837 0.9506557947
-0.072153701 -0.969569541 -0.233941765 0.9921671435 0.9506561059
0.544355704 -0.83879208 0.010233048 0.992468357 0.9514422219
0.537218936 -0.843220729 0.019355012 0.992468357 0.9514422219
0.548834035 -0.83590995 0.0059798 0.992468357 0.9514422219
-0.316538869 -0.944439769 -0.088524951 0.9921671435 0.9506561059
-0.943443845 0.323858115 -0.070919904 0.992468357 0.9514422219
-0.921912507 0.382498318 -0.06141959 0.992468357 0.9514422219
-0.14002352 -0.977595072 -0.157166437 0.992468357 0.9514422219
0.160695672 -0.973402026 -0.163295428 0.992468357 0.9514422219
0.267666883 -0.956665163 -0.114656905 0.992468357 0.9514422219
0.246647786 -0.960252567 -0.130690002 0.992468357 0.9514422219
0.398952486 -0.915602681 -0.050086367 0.992468357 0.9514422219
0.416166288 -0.908329565 -0.041749508 0.992468357 0.9514422219
0.626533074 -0.778841347 -0.02936773 0.992468357 0.9514422219
0.59133595 -0.806072051 -0.023867203 0.992468357 0.9514422219
-0.328670682 -0.932671043 -0.148661728 0.992468357 0.9514422219
-0.33699743 -0.928364336 -0.156755836 0.992468357 0.9514422219
0.303413145 -0.869712202 -0.389282866 0.992468357 0.9514422219
0.30341648 -0.880196613 -0.364955288 0.992468357 0.9514422219
0.303642846 -0.874627795 -0.377924917 0.992468357 0.9514422219
-0.270511797 -0.886087764 -0.3763932 0.992468357 0.9514422219
0.162116353 -0.910138906 -0.381268226 0.992468357 0.9514422219
-0.024922898 -0.9630087 -0.268315285 0.992468357 0.9514422219
-0.023037447 -0.960675145 -0.276717442 0.992468357 0.9514422219
-0.041592389 -0.965635036 -0.256552237 0.992468357 0.9514422219
-0.03493482 -0.968811175 -0.245325226 0.992468357 0.9514422219
-0.855107675 -0.51725291 0.035217779 0.992468357 0.9514422219
0.357335289 -0.928063741 -0.10492466 0.992468357 0.9514422219
0.414433207 -0.908316879 -0.056617696 0.992468357 0.9514422219
0.382583072 -0.920142692 -0.083472265 0.992468357 0.9514422219
0.267297777 -0.958714621 -0.097047275 0.992468357 0.9514422219
0.269760237 -0.958237749 -0.094920126 0.992468357 0.9514422219
0.277294747 -0.955209253 -0.103358146 0.992468357 0.9514422219
0.751918103 -0.655982426 0.065621828 0.992468357 0.9514422219
0.772978672 -0.628741041 0.084786055 0.9922126432 0.9506533159
-0.742394027 -0.669246338 -0.03099109 0.992468357 0.9514422219
-0.698968562 -0.711786589 -0.069302248 0.992468357 0.9514422219
-0.726917001 -0.685277574 -0.044568148 0.992468357 0.9514422219
0.52166684 -0.852994071 0.016273397 0.992468357 0.9514422219
0.511686608 -0.858979283 0.018204556 0.992468357 0.9514422219
0.53190878 -0.846630229 0.017038328 0.992468357 0.9514422219
0.417211407 -0.907556566 -0.047704531 0.992468357 0.9514422219
0.437662453 -0.898483483 -0.034336687 0.992468357 0.9514422219
-0.995771424 0.090332496 -0.016712636 0.9922126432 0.9506533159
-0.956124707 0.278018991 -0.092363335 0.9922126432 0.9506533159
-0.967093907 0.244074875 -0.071811069 0.9922126432 0.9506533159
-0.964444922 0.252241501 -0.078868355 0.9922126432 0.9506533159
-0.959750314 0.268028103 -0.083906322 0.9922126432 0.9506533159
-0.962823156 0.26017264 -0.072675768 0.9922126432 0.9506533159
-0.300408033 -0.945040957 -0.129044968 0.992468357 0.9514422219
-0.303875214 -0.943960878 -0.128832118 0.992468357 0.9514422219
-0.207234313 -0.964688205 -0.162574929 0.992468357 0.9514422219
-0.258735156 -0.958912289 -0.116375862 0.992468357 0.9514422219
-0.976319591 -0.216306985 0.003368086 0.992468357 0.9514422219
-0.97023613 -0.242079143 -0.006288127 0.992468357 0.9514422219
-0.968684664 -0.248043285 0.011160199 0.992468357 0.9514422219
-0.914887323 0.398742867 -0.063129334 0.9922126432 0.9506533159
-0.908065878 0.413584476 -0.06606242 0.9922126432 0.9506533159
-0.099724766 -0.965248122 -0.241559587 0.992468357 0.9514422219
-0.13134202 -0.964867516 -0.227552084 0.992468357 0.9514422219
-0.161360588 -0.964060634 -0.211068366 0.992468357 0.9514422219
0.059171284 -0.984865836 -0.162905014 0.992468357 0.9514422219
0.045270977 -0.980946596 -0.18892939 0.992468357 0.9514422219
-0.548151564 -0.834741247 -0.052315526 0.992468357 0.9514422219
-0.505120069 -0.859241012 -0.080985181 0.992468357 0.9514422219
-0.526199788 -0.847825899 -0.065612713 0.992468357 0.9514422219
-0.19340083 -0.938256124 -0.286830202 0.992468357 0.9514422219
-0.181804469 -0.949946711 -0.254063736 0.992468357 0.9514422219
-0.042718861 -0.974198111 -0.221614845 0.992468357 0.9514422219
-0.084039151 -0.962779957 -0.256889424 0.992468357 0.9514422219
-0.077999938 -0.963802566 -0.254952198 0.992468357 0.9514422219
-0.024043154 -0.973693291 -0.226590604 0.992468357 0.9514422219
-0.029047476 -0.974913338 -0.22068128 0.992468357 0.9514422219
0.290587078 -0.952641185 -0.089632156 0.992468357 0.9514422219
0.290593472 -0.953689696 -0.077662068 0.992468357 0.9514422219
0.299087858 -0.949908638 -0.090664395 0.992468357 0.9514422219
-0.922082936 -0.385822225 -0.030071086 0.9922126432 0.9506533159
-0.928261503 -0.371621388 -0.015103878 0.9922126432 0.9506533159
-0.944598801 -0.328026862 0.011466631 0.9922126432 0.9506533159
-0.86373081 -0.503127347 -0.02884374 0.9922126432 0.9506533159
-0.86727698 -0.496210563 -0.040071413 0.9922126432 0.9506533159
0.126127933 -0.937550098 -0.324178282 0.992468357 0.9514422219
0.090728402 -0.95016571 -0.2982507 0.992468357 0.9514422219
-0.837024995 -0.545998084 0.035710649 0.992468357 0.9514422219
-0.858066219 -0.513173314 0.01937816 0.992468357 0.9514422219
-0.773057251 -0.63407149 0.01832572 0.992468357 0.9514422219
-0.739597145 -0.672978517 -0.009796837 0.992468357 0.9514422219
-0.778427772 -0.627047575 0.029352042 0.992468357 0.9514422219
-0.586936573 -0.808683551 -0.039196585 0.992468357 0.9514422219
-0.595992353 -0.801466158 -0.049448071 0.992468357 0.9514422219
-0.584832537 -0.810310738 -0.036978522 0.992468357 0.9514422219
0.318619156 -0.939314819 -0.127159361 0.992468357 0.9514422219
0.306773488 -0.944104351 -0.120652401 0.992468357 0.9514422219
0.278027581 -0.954182941 -0.110614549 0.9921640837 0.9506557947
0.256028817 -0.961599009 -0.098876648 0.992468357 0.9514422219
0.274714738 -0.95555999 -0.106943529 0.992468357 0.9514422219
-0.111877427 -0.966227916 -0.232135857 0.9921671435 0.9506561059
-0.138016079 -0.969257163 -0.203696131 0.9921671435 0.9506561059
-0.09819205 -0.963242722 -0.250043555 0.9921671435 0.9506561059
-0.951902905 -0.302602916 0.048086753 0.9922126432 0.9506533159
-0.935186969 -0.353891802 0.013635434 0.9922126432 0.9506533159
-0.935510165 -0.352753108 0.019646265 0.992468357 0.9514422219
-0.872578767 0.488225675 -0.015555918 0.992468357 0.9514422219
-0.858810662 0.51227862 -0.00385522 0.992468357 0.9514422219
-0.919657306 0.384215409 -0.081295508 0.9922126432 0.9506533159
-0.93308629 0.34215734 -0.110807626 0.9922126432 0.9506533159
-0.821914606 0.568756988 -0.031174812 0.9922126432 0.9506533159
-0.820717156 0.570141009 -0.036913139 0.9922126432 0.9506533159
-0.999837261 -0.00143614 -0.017983029 0.9922126432 0.9506533159
-0.998774609 0.045028356 -0.02053603 0.9922126432 0.9506533159
-0.999596915 -0.018726099 -0.021338734 0.9922126432 0.9506533159
-0.999403817 -0.018163452 -0.029361528 0.9922126432 0.9506533159
-0.558850874 -0.829245678 -0.00610783 0.992468357 0.9514422219
-0.549436027 -0.835346759 -0.017772044 0.992468357 0.9514422219
-0.232239647 -0.931709298 -0.279253524 0.992468357 0.9514422219
-0.230963019 -0.934489089 -0.270898921 0.992468357 0.9514422219
0.551167667 -0.83439451 -7.0775e-05 0.992468357 0.9514422219
0.564296982 -0.825460331 -0.013570521 0.992468357 0.9514422219
0.597518141 -0.801314792 -0.029439347 0.992468357 0.9514422219
0.612535374 -0.789773197 -0.032537873 0.992468357 0.9514422219
-0.990716095 -0.131472984 0.034590081 0.9922126432 0.9506533159
-0.836790118 -0.547474201 -0.007368609 0.9922126432 0.9506533159
-0.832281529 -0.554345934 0.002835872 0.9922126432 0.9506533159
-0.812060748 -0.583572079 -0.000985357 0.992468357 0.9514422219
-0.794934234 -0.606694138 0.001336968 0.992468357 0.9514422219
-0.985378404 -0.140945702 0.095727269 0.9922126432 0.9506533159
-0.818912192 0.57314943 -0.029707784 0.9922126432 0.9506533159
0.15897416 -0.977695505 -0.137254205 0.992468357 0.9514422219
0.154639678 -0.978117679 -0.139184683 0.992468357 0.9514422219
0.206594584 -0.974290458 -0.089870912 0.992468357 0.9514422219
-0.672901183 -0.739633085 -0.012120132 0.992468357 0.9514422219
-0.67022584 -0.742128282 -0.006552628 0.992468357 0.9514422219
0.462535913 -0.886490506 -0.013968209 0.992468357 0.9514422219
0.408083928 -0.910587534 -0.065557988 0.992468357 0.9514422219
0.353272476 -0.928764123 -0.112230841 0.992468357 0.9514422219
-0.336049116 -0.925408126 -0.175187877 0.992468357 0.9514422219
-0.327500399 -0.930534834 -0.163854848 0.992468357 0.9514422219
-0.315097512 -0.937617653 -0.146924111 0.992468357 0.9514422219
-0.795245011 -0.603511184 0.057962254 0.992468357 0.9514422219
0.005093229 -0.96858276 -0.248639289 0.9921640837 0.9506557947
-0.008504318 -0.969810883 -0.243709926 0.9921640837 0.9506557947
0.000272834 -0.967994998 -0.250969338 0.9921640837 0.9506557947
-0.000323313 -0.969275806 -0.245976235 0.9921640837 0.9506557947
-0.999168024 -0.038682206 0.012920825 0.9922126432 0.9506533159
-0.998079858 -0.059057176 0.018677464 0.992468357 0.9514422219
0.245357426 -0.964571659 -0.096960031 0.9921640837 0.9506557947
0.22009194 -0.971243739 -0.090802735 0.9921640837 0.9506557947
0.206655597 -0.973347551 -0.099438473 0.9921640837 0.9506557947
0.173752358 -0.977389952 -0.120494809 0.9921640837 0.9506557947
0.190652046 -0.975217288 -0.112263256 0.9921640837 0.9506557947
0.064330205 -0.977819712 -0.199324449 0.992468357 0.9514422219
0.056665991 -0.976113087 -0.209743192 0.992468357 0.9514422219
0.008705017 -0.969169446 -0.246241359 0.992468357 0.9514422219
0.004852255 -0.9661607 -0.257895246 0.992468357 0.9514422219
-0.491679109 -0.870532422 -0.020614435 0.9921671435 0.9506561059
-0.979799971 0.195094145 -0.043935089 0.9922126432 0.9506533159
-0.97367939 0.220367618 -0.058194138 0.9922126432 0.9506533159
-0.979322053 0.197484841 -0.043909606 0.9922126432 0.9506533159
0.603324713 -0.796547014 -0.038886309 0.992468357 0.9514422219
0.725292215 -0.682084858 0.09333514 0.992468357 0.9514422219
0.715678337 -0.693796726 0.080315759 0.992468357 0.9514422219
-0.82912678 0.557076081 -0.04706402 0.992468357 0.9514422219
-0.847134458 0.531094838 -0.017363259 0.992468357 0.9514422219
-0.843946329 0.536187157 -0.016060106 0.9922126432 0.9506533159
-0.992714815 0.116275699 -0.031579401 0.9922126432 0.9506533159
0.632079013 -0.774822741 -0.0112179 0.992468357 0.9514422219
-0.666785193 -0.744378379 -0.036032405 0.992468357 0.9514422219
0.152745489 -0.947730472 -0.280135267 0.992468357 0.9514422219
0.133572279 -0.951638462 -0.276663485 0.992468357 0.9514422219
-0.504958562 -0.862920984 -0.019601702 0.9921671435 0.9506561059
-0.528940201 -0.848604839 -0.009596425 0.9921671435 0.9506561059
-0.379056333 -0.919626715 -0.102970877 0.9921671435 0.9506561059
-0.41553551 -0.906242312 -0.077814601 0.9921671435 0.9506561059
0.244425292 -0.963364701 -0.110384466 0.9921640837 0.9506557947
0.111005481 -0.981876154 -0.153613155 0.9921640837 0.9506557947
-0.876768723 -0.480837826 0.008461195 0.992468357 0.9514422219
-0.167289666 -0.926136833 -0.338060252 0.9921640837 0.9506557947
-0.109409228 -0.95686679 -0.269138566 0.992468357 0.9514422219
-0.139941392 -0.948717949 -0.283461919 0.992468357 0.9514422219
0.675976824 -0.736921725 0.001305743 0.992468357 0.9514422219
0.160194862 -0.920410898 -0.356624992 0.9921671435 0.9506561059
0.214866475 -0.898116423 -0.383691659 0.9921671435 0.9506561059
0.002836363 -0.983223664 -0.182381964 0.992468357 0.9514422219
0.010631456 -0.984274663 -0.176324586 0.992468357 0.9514422219
0.005670939 -0.982162309 -0.187949566 0.992468357 0.9514422219
-0.01089915 -0.97799541 -0.208341516 0.992468357 0.9514422219
0.317553826 -0.830699177 -0.457272834 0.992468357 0.9514422219
0.307963308 -0.840895072 -0.445032671 0.992468357 0.9514422219
-0.517586419 -0.855451657 -0.017514615 0.9921671435 0.9506561059
-0.544304131 -0.83874897 -0.015270214 0.992468357 0.9514422219
-0.021896083 -0.973340588 -0.228317021 0.992468357 0.9514422219
-0.027475502 -0.977515421 -0.209066255 0.992468357 0.9514422219
-0.287445526 -0.950974039 -0.114120319 0.9921671435 0.9506561059
-0.253027386 -0.961006547 -0.1115507 0.9921671435 0.9506561059
-0.241138811 -0.903602055 -0.354055645 0.992468357 0.9514422219
-0.227199476 -0.900858998 -0.369910074 0.992468357 0.9514422219
-0.224418524 -0.903711917 -0.364610885 0.992468357 0.9514422219
-0.974417549 0.215502971 -0.063788006 0.9922126432 0.9506533159
-0.963150853 0.258614656 -0.073884329 0.992468357 0.9514422219
-0.947084817 0.31093301 -0.079693246 0.992468357 0.9514422219
0.617764296 -0.785866999 -0.027934463 0.992468357 0.9514422219
-0.304723344 -0.840681772 -0.447658175 0.992468357 0.9514422219
-0.30853291 -0.839048198 -0.44811334 0.992468357 0.9514422219
-0.285318302 -0.864895564 -0.412975944 0.992468357 0.9514422219
-0.328564135 -0.819843865 -0.468936718 0.992468357 0.9514422219
-0.928569021 0.361070522 -0.085951446 0.9922126432 0.9506533159
-0.918960922 0.385246092 -0.084239379 0.992468357 0.9514422219
-0.936676971 0.333020669 -0.108321214 0.9922126432 0.9506533159
-0.035949911 -0.972546711 -0.22991411 0.992468357 0.9514422219
-0.006498787 -0.969874212 -0.243519567 0.9921640837 0.9506557947
-0.916212136 0.396472344 -0.058008643 0.992468357 0.9514422219
-0.893103692 0.44685373 -0.051841485 0.992468357 0.9514422219
-0.911650236 0.408323032 -0.046541908 0.992468357 0.9514422219
-0.03931036 -0.959421574 -0.279222026 0.992468357 0.9514422219
0.344650364 -0.834623229 -0.42967452 0.992468357 0.9514422219
0.363839201 -0.800846455 -0.47567425 0.992468357 0.9514422219
-0.854416879 0.517779138 -0.043319295 0.992468357 0.9514422219
-0.833187383 0.550541507 -0.051988791 0.992468357 0.9514422219
-0.654909513 -0.752760922 -0.066667265 0.992468357 0.9514422219
0.506071884 -0.862436259 -0.00974411 0.9921640837 0.9506557947
0.479590927 -0.877424487 -0.010900128 0.9921640837 0.9506557947
-0.856245129 -0.514915048 0.041313094 0.992468357 0.9514422219
-0.018541615 -0.971866585 -0.234801086 0.9921671435 0.9506561059
3.34e-06 -0.971112025 -0.238624044 0.992468357 0.9514422219
-0.033269542 -0.975569147 -0.217158873 0.992468357 0.9514422219
0.229687158 -0.966068994 -0.118129202 0.992468357 0.9514422219
-0.98370921 -0.179130756 0.015111641 0.9922126432 0.9506533159
0.564466412 -0.825408943 -0.008817407 0.992468357 0.9514422219
0.573375298 -0.819281959 -0.004223633 0.992468357 0.9514422219
0.544852614 -0.838480119 0.009312306 0.992468357 0.9514422219
0.555399181 -0.83157899 -0.002851776 0.992468357 0.9514422219
0.552353139 -0.833605044 0.002939493 0.992468357 0.9514422219
-0.073910287 -0.963505952 -0.257281073 0.992468357 0.9514422219
-0.0893611 -0.960931426 -0.261964479 0.992468357 0.9514422219
0.53218119 -0.845729708 -0.03904411 0.992468357 0.9514422219
0.488417178 -0.870477822 -0.060967376 0.992468357 0.9514422219
0.455424938 -0.888505266 -0.056093829 0.992468357 0.9514422219
-0.517548462 -0.853993167 -0.053284711 0.992468357 0.9514422219
0.323407052 -0.851373329 -0.413002824 0.992468357 0.9514422219
0.317173928 -0.86269425 -0.393902692 0.992468357 0.9514422219
-0.33294695 -0.843833411 -0.420822414 0.992468357 0.9514422219
0.315872606 -0.902057944 -0.294135958 0.992468357 0.9514422219
0.022189699 -0.969693897 -0.243313302 0.992468357 0.9514422219
0.04161193 -0.966566922 -0.253015479 0.992468357 0.9514422219
-0.237137975 -0.893780496 -0.38068623 0.992468357 0.9514422219
-0.232706156 -0.891749402 -0.388111902 0.992468357 0.9514422219
-0.245382677 -0.892350364 -0.378811523 0.992468357 0.9514422219
-0.494974181 -0.868192323 -0.035251247 0.992468357 0.9514422219
-0.436615109 -0.898286835 -0.049477354 0.992468357 0.9514422219
-0.6939867 -0.718204825 -0.050638814 0.992468357 0.9514422219
-0.652510644 -0.752542169 -0.088938987 0.992468357 0.9514422219
-0.268222835 -0.881286528 -0.389089407 0.992468357 0.9514422219
-0.01146483 -0.970976728 -0.23889904 0.992468357 0.9514422219
-0.003511862 -0.968812454 -0.247770246 0.992468357 0.9514422219
-0.604653375 -0.794344455 -0.05840533 0.992468357 0.9514422219
-0.61151745 -0.788391647 -0.066970277 0.992468357 0.9514422219
-0.60091769 -0.797360136 -0.055809879 0.992468357 0.9514422219
-0.235055058 -0.857794521 -0.457097014 0.992468357 0.9514422219
-0.240599672 -0.853985931 -0.461323993 0.992468357 0.9514422219
0.302136309 -0.830335612 -0.468248248 0.992468357 0.9514422219
0.193657025 -0.906372759 -0.375480198 0.992468357 0.9514422219
0.184275064 -0.921844207 -0.340948617 0.992468357 0.9514422219
0.208520725 -0.90791599 -0.363603716 0.992468357 0.9514422219
-0.576852732 -0.816759721 -0.012020099 0.992468357 0.9514422219
0.532426434 -0.846319966 0.016266785 0.992468357 0.9514422219
0.263327005 -0.962345585 -0.067452681 0.992468357 0.9514422219
0.235670329 -0.968432202 -0.081231563 0.992468357 0.9514422219
0.24111554 -0.96693432 -0.083074167 0.992468357 0.9514422219
0.200301207 -0.974341175 -0.102658176 0.992468357 0.9514422219
0.241873031 -0.967637 -0.071944932 0.992468357 0.9514422219
-0.666081667 -0.741631747 -0.079483108 0.992468357 0.9514422219
-0.665156077 -0.743909213 -0.064548243 0.992468357 0.9514422219
-0.659163917 -0.746407721 -0.091533843 0.992468357 0.9514422219
-0.654564395 -0.751154289 -0.085514254 0.992468357 0.9514422219
-0.30093579 -0.944785263 -0.129685993 0.992468357 0.9514422219
-0.313111455 -0.94085671 -0.12942128 0.992468357 0.9514422219
-0.587725586 -0.807019256 -0.057433055 0.992468357 0.9514422219
-0.578705864 -0.813630006 -0.055729129 0.992468357 0.9514422219
0.533164594 -0.845996632 -0.005021402 0.992468357 0.9514422219
0.537399155 -0.843260541 -0.010668118 0.992468357 0.9514422219
0.552149647 -0.833742321 -0.002123524 0.992468357 0.9514422219
0.12028873 -0.978162378 0.169496265 0.9922126432 0.9506533159
0.775507008 -0.629116337 0.052929337 0.992468357 0.9514422219
-0.889823428 -0.4534833 -0.05066718 0.9922126432 0.9506533159
-0.900564463 -0.432489409 -0.044006362 0.992468357 0.9514422219
-0.883647167 -0.466062792 -0.044194546 0.992468357 0.9514422219
-0.973170425 -0.223387224 0.055113259 0.9922126432 0.9506533159
-0.962095017 -0.269874715 0.039253237 0.9922126432 0.9506533159
-0.061454259 -0.968513919 -0.24125539 0.992468357 0.9514422219
0.224937688 -0.971615742 -0.073252212 0.992468357 0.9514422219
0.163810256 -0.979221659 -0.119545564 0.992468357 0.9514422219
0.254248619 -0.963714369 -0.081315768 0.992468357 0.9514422219
-0.805367134 0.590483751 -0.052083773 0.9922126432 0.9506533159
-0.816505044 0.575886542 -0.04091703 0.9922126432 0.9506533159
0.28828234 -0.950573176 -0.115342664 0.992468357 0.9514422219
0.293016266 -0.948189953 -0.122789583 0.992468357 0.9514422219
0.367224872 -0.925696618 -0.090728525 0.992468357 0.9514422219
0.351655189 -0.929899778 -0.107819434 0.992468357 0.9514422219
-0.930620853 0.35398534 -0.092947334 0.9922126432 0.9506533159
-0.919030065 0.3851612 -0.083872454 0.9922126432 0.9506533159
-0.937549691 0.331850618 -0.104286838 0.9922126432 0.9506533159
0.160062299 -0.920580924 -0.356245452 0.992468357 0.9514422219
0.160240567 -0.933889294 -0.319646285 0.992468357 0.9514422219
0.13253513 -0.947524306 -0.290916018 0.992468357 0.9514422219
-0.932735384 -0.360539953 0.003955396 0.9922126432 0.9506533159
-0.912161825 -0.409095077 -0.024536156 0.9922126432 0.9506533159
-0.997701835 0.065154307 -0.01860015 0.9922126432 0.9506533159
-0.992182244 0.124724646 -0.004261031 0.9922126432 0.9506533159
-0.980517712 0.194658928 -0.026323335 0.9922126432 0.9506533159
-0.35072983 -0.928663002 -0.12072123 0.992468357 0.9514422219
-0.345168543 -0.928953357 -0.133807091 0.992468357 0.9514422219
-0.350567774 -0.926551364 -0.136399436 0.992468357 0.9514422219
-0.31932084 -0.938174053 -0.133654957 0.992468357 0.9514422219
-0.308216194 -0.943537536 -0.121407151 0.992468357 0.9514422219
-0.352316049 -0.922812589 -0.155853543 0.992468357 0.9514422219
-0.3336673 -0.930825094 -0.149099892 0.992468357 0.9514422219
-0.268504666 -0.957195739 -0.108081271 0.9921671435 0.9506561059
-0.103492741 -0.964404162 -0.243338993 0.992468357 0.9514422219
-0.147277329 -0.965832526 -0.213253185 0.992468357 0.9514422219
-0.088386985 -0.962348999 -0.257045024 0.992468357 0.9514422219
-0.602956002 -0.796095636 -0.051728117 0.992468357 0.9514422219
-0.618142421 -0.783567558 -0.062624511 0.992468357 0.9514422219
-0.613317539 -0.787354409 -0.062567013 0.992468357 0.9514422219
-0.967816208 0.248596908 -0.039132655 0.9922126432 0.9506533159
-0.963081999 0.265835658 -0.042479008 0.992468357 0.9514422219
-0.952875588 0.298807982 -0.052363198 0.992468357 0.9514422219
-0.956322354 0.28991639 -0.037363658 0.992468357 0.9514422219
-0.988265786 -0.150970579 -0.023208206 0.9922126432 0.9506533159
0.004558969 -0.974645023 -0.223710292 0.992468357 0.9514422219
0.002414232 -0.971217182 -0.238183454 0.992468357 0.9514422219
-0.853933464 -0.520262418 -0.011164966 0.9922126432 0.9506533159
-0.865169786 -0.500773611 -0.02659007 0.9922126432 0.9506533159
0.529315447 -0.848353172 0.011047726 0.992468357 0.9514422219
0.515145349 -0.857076946 0.006661717 0.992468357 0.9514422219
-0.925425505 0.36714632 -0.093761472 0.9922126432 0.9506533159
-0.945822327 0.306485782 -0.107175512 0.9922126432 0.9506533159
-0.949134294 0.298509501 -0.100180685 0.9922126432 0.9506533159
-0.260539948 -0.959537912 -0.106798557 0.9921671435 0.9506561059
-0.253329777 -0.960857192 -0.112149363 0.9921671435 0.9506561059
0.357286151 -0.825721422 -0.436498269 0.992468357 0.9514422219
0.347703708 -0.842634984 -0.411179298 0.992468357 0.9514422219
0.329962326 -0.822885639 -0.462584142 0.992468357 0.9514422219
0.326231126 -0.823841977 -0.463527399 0.992468357 0.9514422219
0.315296865 -0.836436729 -0.448287281 0.992468357 0.9514422219
-0.133272009 -0.946364579 -0.294334256 0.992468357 0.9514422219
-0.110563637 -0.955481395 -0.273552529 0.992468357 0.9514422219
-0.09119802 -0.959691266 -0.26584882 0.992468357 0.9514422219
-0.199200718 -0.914514512 -0.352111177 0.992468357 0.9514422219
-0.216779538 -0.903003713 -0.370932508 0.992468357 0.9514422219
-0.220504704 -0.906455174 -0.360162037 0.992468357 0.9514422219
-0.227712568 -0.910319173 -0.345638523 0.992468357 0.9514422219
-0.243871291 -0.894348565 -0.37505658 0.992468357 0.9514422219
-0.769559315 -0.638447078 0.012798049 0.992468357 0.9514422219
-0.538384533 -0.842658166 -0.008325248 0.992468357 0.9514422219
-0.565191238 -0.824868166 -0.012303368 0.992468357 0.9514422219
-0.349696014 -0.920664122 -0.17346548 0.992468357 0.9514422219
-0.347796683 -0.923776434 -0.160232856 0.992468357 0.9514422219
0.299677704 -0.883141825 -0.3609069 0.992468357 0.9514422219
0.29587141 -0.891380708 -0.343366483 0.992468357 0.9514422219
0.292018301 -0.889748296 -0.350818018 0.992468357 0.9514422219
0.248398491 -0.962627883 -0.107915469 0.9921640837 0.9506557947
0.208123756 -0.972150694 -0.107738252 0.9921640837 0.9506557947
0.230273229 -0.967117306 -0.107973872 0.9921640837 0.9506557947
0.246948179 -0.963894196 -0.099622169 0.9921640837 0.9506557947
0.443599372 -0.895133725 -0.044217783 0.992468357 0.9514422219
0.374945294 -0.925400698 -0.055222962 0.9921640837 0.9506557947
0.7157693 -0.691236337 0.09933094 0.992468357 0.9514422219
0.705796608 -0.703082518 0.086753214 0.992468357 0.9514422219
-0.910674534 -0.410572164 0.04585184 0.992468357 0.9514422219
-0.936147607 -0.346961603 0.056967569 0.992468357 0.9514422219
-0.097733907 -0.957656576 -0.270817218 0.992468357 0.9514422219
-0.056492989 -0.970154064 -0.23581695 0.992468357 0.9514422219
-0.056608746 -0.970434153 -0.234633767 0.992468357 0.9514422219
-0.095167271 -0.958304476 -0.269435932 0.992468357 0.9514422219
0.02295689 -0.977341559 -0.21041972 0.992468357 0.9514422219
-0.49208298 -0.870099846 -0.027939189 0.992468357 0.9514422219
-0.456581163 -0.888472871 -0.04636377 0.9921671435 0.9506561059
-0.931024188 -0.010307686 0.364811888 0.992468357 0.9514422219
-0.629698951 -0.774256188 -0.063297607 0.992468357 0.9514422219
0.00866672 -0.970722317 -0.240048059 0.992468357 0.9514422219
-0.295627754 -0.845490271 -0.44469139 0.992468357 0.9514422219
-0.318281095 -0.818079774 -0.4790017 0.992468357 0.9514422219
-0.852889631 -0.521993983 0.010077649 0.992468357 0.9514422219
-0.846668503 -0.531809195 0.018205104 0.992468357 0.9514422219
-0.860690004 -0.509061078 0.008338791 0.992468357 0.9514422219
0.303032608 -0.945126825 -0.122092269 0.9921640837 0.9506557947
0.284546524 -0.951847386 -0.114104467 0.9921640837 0.9506557947
-0.811306499 0.581565666 -0.059692041 0.992468357 0.9514422219
-0.910436431 0.022616339 0.413030273 0.992468357 0.9514422219
0.736695547 -0.666106188 0.116542772 0.992468357 0.9514422219
0.714157818 -0.697784811 0.055452389 0.992468357 0.9514422219
-0.997207412 -0.074006578 -0.010020172 0.9922126432 0.9506533159
-0.994024785 -0.10915316 0.000560269 0.9922126432 0.9506533159
-0.99155133 -0.126811273 0.027292123 0.9922126432 0.9506533159
0.206363809 -0.917502729 -0.340004002 0.992468357 0.9514422219
0.184497885 -0.928436346 -0.322438338 0.9921671435 0.9506561059
0.217076407 -0.897654252 -0.383529239 0.9921671435 0.9506561059
0.222462488 -0.900843401 -0.372815783 0.9921671435 0.9506561059
0.135705087 -0.980116027 -0.144764303 0.9921640837 0.9506557947
-0.397897437 -0.915870166 -0.053473989 0.992468357 0.9514422219
-0.185172253 -0.913354075 -0.362623179 0.9921640837 0.9506557947
-0.26373597 -0.882463207 -0.389489444 0.992468357 0.9514422219
-0.240247239 -0.898249626 -0.368006622 0.992468357 0.9514422219
0.373850964 -0.924553908 -0.073726031 0.9921640837 0.9506557947
0.306652636 -0.947376814 -0.091876732 0.992468357 0.9514422219
0.2788783 -0.954938547 -0.101583789 0.992468357 0.9514422219
0.286835175 -0.95228641 -0.104288902 0.9921640837 0.9506557947
0.330676091 -0.940084526 -0.083032568 0.9921640837 0.9506557947
0.359166569 -0.829693868 -0.427325943 0.992468357 0.9514422219
0.356569043 -0.838612868 -0.411809393 0.992468357 0.9514422219
0.348769762 -0.86058385 -0.371153729 0.992468357 0.9514422219
-0.99615703 0.083892737 -0.025163063 0.9922126432 0.9506533159
-0.029669069 -0.968027532 -0.249083207 0.9921671435 0.9506561059
-0.011344063 -0.96735372 -0.253176011 0.9921671435 0.9506561059
-0.037198737 -0.971840413 -0.232685338 0.9921671435 0.9506561059
-0.254618434 -0.894075314 -0.368508867 0.992468357 0.9514422219
-0.267615855 -0.881046261 -0.390050304 0.992468357 0.9514422219
-0.806318764 -0.58829964 0.061266502 0.992468357 0.9514422219
-0.805536723 -0.589649026 0.058520212 0.992468357 0.9514422219
-0.702510866 -0.711294174 0.023218129 0.992468357 0.9514422219
-0.289748562 -0.949221306 -0.122575212 0.992468357 0.9514422219
0.020727228 -0.971364233 -0.236689478 0.9921671435 0.9506561059
0.058775043 -0.959489089 -0.275547059 0.9921671435 0.9506561059
0.057593297 -0.959687813 -0.275104188 0.9921671435 0.9506561059
0.134859967 -0.926675816 -0.350834323 0.992468357 0.9514422219
-0.991909477 0.125219836 -0.020870622 0.992468357 0.9514422219
-0.990800279 0.134823107 -0.011727621 0.992468357 0.9514422219
-0.961205939 0.26950004 -0.058761132 0.992468357 0.9514422219
-0.255763907 -0.891770965 -0.373268495 0.992468357 0.9514422219
-0.124395726 -0.948998272 -0.289703267 0.9921640837 0.9506557947
0.243687936 -0.920519157 -0.305386101 0.992468357 0.9514422219
-0.164629593 -0.976411373 -0.139706577 0.9921671435 0.9506561059
-0.906209401 0.418686072 -0.059046551 0.992468357 0.9514422219
-0.922316008 0.37966593 -0.072020573 0.992468357 0.9514422219
-0.579080987 -0.814951038 -0.022803861 0.992468357 0.9514422219
-0.597465125 -0.801191034 -0.033590951 0.992468357 0.9514422219
-0.570862403 -0.820835913 -0.018561253 0.992468357 0.9514422219
-0.478793623 -0.877694342 -0.020231381 0.9921671435 0.9506561059
-0.430938677 -0.901437542 -0.041257899 0.9921671435 0.9506561059
-0.939529897 -0.338387532 0.052701522 0.992468357 0.9514422219
-0.923684091 0.380306237 -0.046635467 0.992468357 0.9514422219
0.23319223 -0.885396887 -0.402111596 0.992468357 0.9514422219
0.247978762 -0.885612674 -0.392678909 0.992468357 0.9514422219
-0.893532068 -0.448997785 0.001196852 0.992468357 0.9514422219
-0.021379986 -0.972488618 -0.231967206 0.992468357 0.9514422219
-0.031406736 -0.975533101 -0.217597763 0.992468357 0.9514422219
-0.027073468 -0.976717345 -0.212815074 0.992468357 0.9514422219
0.036914951 -0.96472852 -0.260645678 0.992468357 0.9514422219
-0.158716105 -0.925173388 -0.344765716 0.9921640837 0.9506557947
-0.148772748 -0.935822102 -0.319536639 0.9921640837 0.9506557947
-0.608789819 -0.782983973 -0.127714738 0.992468357 0.9514422219
-0.662067496 -0.748476558 0.038071936 0.992468357 0.9514422219
0.017498227 -0.984158828 -0.176423394 0.992468357 0.9514422219
0.300866261 -0.883233661 -0.359691248 0.992468357 0.9514422219
0.334403508 -0.869547099 -0.363403545 0.992468357 0.9514422219
0.0749551 -0.95729035 -0.279243476 0.9921671435 0.9506561059
0.061737023 -0.965086209 -0.254552842 0.992468357 0.9514422219
-0.275675211 -0.839200647 -0.468770147 0.992468357 0.9514422219
0.284363024 -0.889798043 -0.356927323 0.992468357 0.9514422219
0.272834625 -0.886460955 -0.373829162 0.992468357 0.9514422219
0.269930789 -0.885813082 -0.377455365 0.992468357 0.9514422219
0.146930185 -0.852985038 0.500827362 0.992468357 0.9514422219
0.621595716 -0.782772759 -0.029758578 0.992468357 0.9514422219
0.307043556 -0.835839152 -0.455079297 0.992468357 0.9514422219
-0.663507833 -0.747182893 -0.038406773 0.992468357 0.9514422219
-0.653209769 -0.755144234 -0.055445324 0.992468357 0.9514422219
0.049655441 -0.97331964 -0.224016106 0.992468357 0.9514422219
0.098484002 -0.976552815 -0.191430147 0.992468357 0.9514422219
0.060596406 -0.972309295 -0.225704917 0.992468357 0.9514422219
-0.340461422 -0.932807589 -0.118135604 0.9921671435 0.9506561059
0.171545265 -0.907217577 -0.384094375 0.992468357 0.9514422219
0.16397674 -0.913015542 -0.373516062 0.992468357 0.9514422219
0.184331838 -0.90685594 -0.378990866 0.992468357 0.9514422219
0.197466462 -0.898286941 -0.392539893 0.992468357 0.9514422219
-0.990239202 -0.134921521 0.034964363 0.9922126432 0.9506533159
0.23596833 -0.897176399 -0.37335433 0.992468357 0.9514422219
-0.971962524 -0.229676127 0.050375875 0.9922126432 0.9506533159
-0.978203452 -0.205227039 0.031620703 0.9922126432 0.9506533159
-0.977448465 -0.209031202 0.030007578 0.9922126432 0.9506533159
-0.965060542 -0.261419649 0.017830222 0.9922126432 0.9506533159
-0.957921949 -0.286912669 0.00816451 0.992468357 0.9514422219
-0.734248732 -0.67767717 -0.040403625 0.992468357 0.9514422219
-0.719912136 -0.692556894 -0.045732546 0.992468357 0.9514422219
-0.700515302 -0.711018234 -0.061085036 0.992468357 0.9514422219
-0.830789733 0.556410931 -0.013974796 0.9922126432 0.9506533159
-0.829131711 0.558349255 -0.028048441 0.992468357 0.9514422219
-0.837611176 0.546003094 -0.016974678 0.992468357 0.9514422219
-0.210089162 -0.961462221 -0.17734977 0.992468357 0.9514422219
-0.141908398 -0.962708662 -0.230334623 0.992468357 0.9514422219
-0.499354336 -0.863132655 -0.075148304 0.992468357 0.9514422219
-0.431798984 -0.892525033 -0.130187184 0.992468357 0.9514422219
-0.449625034 -0.886251455 -0.111335919 0.992468357 0.9514422219
-0.286600585 -0.951071735 -0.115423822 0.992468357 0.9514422219
-0.192526932 -0.965224852 -0.1768456 0.992468357 0.9514422219
-0.458882487 -0.886208551 -0.06372807 0.992468357 0.9514422219
-0.430971095 -0.898399211 -0.084514928 0.992468357 0.9514422219
-0.555751317 -0.831283462 -0.010405738 0.992468357 0.9514422219
-0.565490573 -0.824663671 -0.012257297 0.992468357 0.9514422219
-0.536145462 -0.844116154 -0.0039952 0.992468357 0.9514422219
-0.823983944 -0.565291589 0.038676608 0.992468357 0.9514422219
0.535047608 -0.844747025 0.011248149 0.992468357 0.9514422219
0.287634742 -0.951453406 -0.109556706 0.992468357 0.9514422219
0.284657948 -0.952300546 -0.10997055 0.992468357 0.9514422219
0.263100885 -0.960232147 -0.093445963 0.992468357 0.9514422219
0.273116738 -0.956793837 -0.099763729 0.992468357 0.9514422219
-0.831470062 0.55488167 -0.027638181 0.9922126432 0.9506533159
-0.816624678 0.575577467 -0.042833568 0.9922126432 0.9506533159
-0.998966918 0.018862841 -0.041343558 0.992468357 0.9514422219
-0.999352554 0.00675603 -0.035338766 0.992468357 0.9514422219
-0.998884415 -0.014222681 -0.045029327 0.992468357 0.9514422219
-0.754663413 -0.655742821 -0.02201101 0.992468357 0.9514422219
-0.772089073 -0.635480396 -0.006567312 0.992468357 0.9514422219
-0.829181562 -0.558764815 0.01548605 0.9922126432 0.9506533159
-0.987611806 0.156494824 -0.011501767 0.992468357 0.9514422219
-0.989563679 0.144092878 -0.000984075 0.992468357 0.9514422219
-0.33302203 -0.933452857 -0.133274497 0.992468357 0.9514422219
-0.320470407 -0.93760877 -0.134864797 0.992468357 0.9514422219
-0.342442802 -0.931726462 -0.120907929 0.992468357 0.9514422219
-0.888643362 -0.455818117 -0.050426379 0.9922126432 0.9506533159
-0.892600716 -0.446639108 -0.061461118 0.9922126432 0.9506533159
-0.878637745 -0.474275827 -0.055300571 0.9922126432 0.9506533159
-0.895077885 -0.44463534 -0.03368967 0.9922126432 0.9506533159
-0.136388061 -0.941388982 -0.308520796 0.992468357 0.9514422219
0.045808904 -0.973835646 -0.222588588 0.992468357 0.9514422219
0.101257591 -0.979348733 -0.174994172 0.992468357 0.9514422219
0.233556437 -0.968902016 -0.081732942 0.992468357 0.9514422219
-0.969145135 0.237417969 -0.066260202 0.9922126432 0.9506533159
-0.966496726 0.246438493 -0.07177846 0.9922126432 0.9506533159
-0.942752124 0.313387032 -0.11404824 0.9922126432 0.9506533159
-0.054248721 -0.969817865 -0.237719132 0.992468357 0.9514422219
-0.034417866 -0.974553874 -0.221495274 0.992468357 0.9514422219
0.043901816 -0.963123932 -0.265452299 0.992468357 0.9514422219
0.053321889 -0.9625448 -0.265827546 0.992468357 0.9514422219
0.265126515 -0.959219535 -0.098009254 0.992468357 0.9514422219
0.268296874 -0.95770095 -0.104046512 0.992468357 0.9514422219
0.249482746 -0.96426728 -0.089145788 0.992468357 0.9514422219
0.29019743 -0.949941244 -0.11574578 0.992468357 0.9514422219
-0.3571625 -0.918742998 -0.168363453 0.992468357 0.9514422219
-0.393953335 -0.907370302 -0.146560245 0.992468357 0.9514422219
-0.171402456 -0.917986977 -0.357660605 0.9921640837 0.9506557947
-0.2071566 -0.894262608 -0.396712152 0.9921640837 0.9506557947
0.32249789 -0.938039122 -0.126797939 0.992468357 0.9514422219
0.467964738 -0.883735402 -0.004554407 0.992468357 0.9514422219
0.339072788 -0.934299057 -0.110067778 0.9921640837 0.9506557947
0.296972779 -0.947485159 -0.118655137 0.9921640837 0.9506557947
0.358575826 -0.928862339 -0.092941554 0.9921640837 0.9506557947
0.098693372 -0.980383481 -0.170610222 0.992468357 0.9514422219
0.157451708 -0.979230566 -0.127735894 0.992468357 0.9514422219
0.069684121 -0.980923145 -0.181477014 0.992468357 0.9514422219
0.098805559 -0.982189883 -0.159813937 0.992468357 0.9514422219
-0.987291256 0.157259515 -0.022922078 0.9922126432 0.9506533159
-0.851215505 0.524640271 -0.013592271 0.9922126432 0.9506533159
-0.243635729 -0.892738657 -0.379024171 0.992468357 0.9514422219
-0.232768579 -0.891595979 -0.388426826 0.992468357 0.9514422219
0.26896101 -0.957765397 -0.101712435 0.9921640837 0.9506557947
0.355764079 -0.932114072 -0.067788473 0.9921640837 0.9506557947
0.125737209 -0.931330579 -0.341779911 0.992468357 0.9514422219
0.086254472 -0.948818536 -0.303814997 0.992468357 0.9514422219
0.130945082 -0.929804094 -0.343973446 0.992468357 0.9514422219
0.127440399 -0.93111946 -0.341724297 0.992468357 0.9514422219
-0.970202305 0.23247134 -0.068297607 0.9922126432 0.9506533159
-0.975172891 0.212718969 -0.061550575 0.9922126432 0.9506533159
-0.970663232 0.229650063 -0.071230176 0.9922126432 0.9506533159
-0.962280959 0.25854726 -0.084667995 0.9922126432 0.9506533159
0.600166358 -0.799272521 -0.0310448 0.992468357 0.9514422219
-0.243674157 -0.963965687 -0.106738272 0.9921671435 0.9506561059
-0.206326686 -0.97053407 -0.124470548 0.9921671435 0.9506561059
0.296718959 -0.856238356 -0.422863734 0.992468357 0.9514422219
-0.589864023 -0.807116851 -0.024956442 0.992468357 0.9514422219
-0.130728345 -0.979810313 -0.151267481 0.9921671435 0.9506561059
-0.10164647 -0.976969589 -0.18761241 0.9921671435 0.9506561059
0.175064446 -0.935240044 -0.307698715 0.992468357 0.9514422219
0.16395061 -0.948077055 -0.272525404 0.992468357 0.9514422219
0.226013945 -0.894814735 -0.384999073 0.992468357 0.9514422219
-0.175913685 -0.932895908 -0.314260401 0.9921640837 0.9506557947
-0.167460583 -0.941044622 -0.293925113 0.992468357 0.9514422219
-0.217540406 -0.914179565 -0.341982302 0.992468357 0.9514422219
-0.500386063 -0.864870117 -0.040168014 0.992468357 0.9514422219
-0.137846935 -0.9668238 -0.215058044 0.9921671435 0.9506561059
-0.675848641 -0.733273461 -0.074422084 0.992468357 0.9514422219
-0.698302576 -0.712789706 -0.065607528 0.992468357 0.9514422219
-0.644418816 -0.758248181 -0.09891454 0.992468357 0.9514422219
-0.640894247 -0.762847712 -0.085544915 0.992468357 0.9514422219
0.129740549 -0.97857733 -0.159855556 0.9921640837 0.9506557947
0.079644239 -0.973451878 -0.214588527 0.9921640837 0.9506557947
0.20715144 -0.896169168 -0.39238897 0.992468357 0.9514422219
0.222697347 -0.89622155 -0.383657172 0.992468357 0.9514422219
-0.999313059 -0.030546527 -0.020983822 0.9922126432 0.9506533159
-0.253014972 -0.894733829 -0.368014672 0.992468357 0.9514422219
0.428021143 -0.90297427 -0.037886277 0.9921640837 0.9506557947
-0.831863288 -0.554579599 0.021093586 0.992468357 0.9514422219
-0.844734947 -0.53513696 0.007162717 0.9922126432 0.9506533159
-0.843100424 -0.537732695 0.005022347 0.9922126432 0.9506533159
-0.877323493 -0.47833667 -0.038697774 0.9922126432 0.9506533159
-0.999927015 0.009572213 -0.007371408 0.9922126432 0.9506533159
-0.947805262 -0.313413393 0.058627891 0.992468357 0.9514422219
-0.947848832 -0.31354345 0.05721098 0.992468357 0.9514422219
-0.955988268 -0.285970325 0.065630825 0.992468357 0.9514422219
-0.949818325 0.304058102 -0.073442636 0.9922126432 0.9506533159
-0.957202513 0.279404254 -0.075475905 0.9922126432 0.9506533159
-0.625703095 -0.778149149 -0.054585161 0.992468357 0.9514422219
0.005182824 -0.96683777 -0.255338726 0.992468357 0.9514422219
0.032507217 -0.965511985 -0.258321288 0.9921671435 0.9506561059
0.054271804 -0.965556159 -0.254471758 0.9921671435 0.9506561059
0.021676899 -0.967849543 -0.250594043 0.9921671435 0.9506561059
0.253456486 -0.961689468 -0.104466156 0.992468357 0.9514422219
0.001670825 -0.96949716 -0.245096848 0.992468357 0.9514422219
0.758866387 -0.648497518 0.059772704 0.992468357 0.9514422219
0.759641208 -0.649073351 0.040608113 0.992468357 0.9514422219
-0.921553937 0.380972991 -0.074819257 0.9922126432 0.9506533159
-0.847916198 0.528311317 -0.043877942 0.992468357 0.9514422219
-0.871849572 0.487236824 -0.049785556 0.992468357 0.9514422219
-0.606688754 -0.792624906 -0.060617769 0.992468357 0.9514422219
-0.999288428 -0.036248939 -0.010423626 0.9922126432 0.9506533159
-0.847515469 0.528982095 -0.043537035 0.992468357 0.9514422219
-0.826032934 -0.562233415 0.039537064 0.992468357 0.9514422219
-0.834493993 -0.549717671 0.037818742 0.992468357 0.9514422219
-0.948748747 -0.310950889 0.056438987 0.992468357 0.9514422219
-0.963346298 -0.257853714 0.073995757 0.9922126432 0.9506533159
-0.948628089 -0.311434526 0.055796828 0.992468357 0.9514422219
0.16190025 -0.97735921 -0.136225123 0.9921640837 0.9506557947
0.227576321 -0.969256367 -0.093547381 0.992468357 0.9514422219
0.23183045 -0.968436758 -0.091569038 0.992468357 0.9514422219
-0.292699853 -0.867323135 -0.402588346 0.992468357 0.9514422219
-0.293544261 -0.850127607 -0.437166809 0.992468357 0.9514422219
-0.181439723 -0.897564053 -0.401818861 0.992468357 0.9514422219
-0.185114755 -0.890788729 -0.415003576 0.992468357 0.9514422219
-0.205232598 -0.885017019 -0.417880912 0.992468357 0.9514422219
-0.354963974 -0.932639113 -0.064690515 0.9921671435 0.9506561059
0.005573565 -0.970683113 -0.240298209 0.9921671435 0.9506561059
-0.997381408 0.070108994 -0.017749823 0.9922126432 0.9506533159
0.560431928 -0.828181992 -0.005535585 0.992468357 0.9514422219
-0.034532626 -0.974818723 -0.220308773 0.992468357 0.9514422219
-0.812341564 -0.580306322 0.057842514 0.992468357 0.9514422219
0.043271504 -0.96712821 -0.25058053 0.9921640837 0.9506557947
0.070710124 -0.972588208 -0.221522584 0.9921640837 0.9506557947
0.236020963 -0.89583945 -0.376517975 0.992468357 0.9514422219
0.223815817 -0.895551486 -0.384569912 0.992468357 0.9514422219
-0.973064196 -0.227894332 0.034788556 0.9922126432 0.9506533159
-0.261203281 -0.915554619 -0.305830976 0.992468357 0.9514422219
0.220978063 -0.930498743 -0.292131451 0.992468357 0.9514422219
0.237586571 -0.91838974 -0.316406236 0.992468357 0.9514422219
0.23303215 -0.916333745 -0.325620154 0.992468357 0.9514422219
-0.21004633 -0.921494102 -0.326694291 0.992468357 0.9514422219
-0.880009199 -0.473895831 -0.031726185 0.992468357 0.9514422219
-0.536971459 -0.843338062 -0.021037243 0.992468357 0.9514422219
0.541492493 -0.840637935 -0.010664961 0.992468357 0.9514422219
0.522222814 -0.852697365 -0.013803505 0.992468357 0.9514422219
0.301570829 -0.867868996 -0.394789109 0.992468357 0.9514422219
0.299713058 -0.872770816 -0.385283254 0.992468357 0.9514422219
0.299115867 -0.866890183 -0.398787048 0.992468357 0.9514422219
0.302846291 -0.857696147 -0.415501437 0.992468357 0.9514422219
-0.954032512 -0.279838913 -0.107294683 0.992468357 0.9514422219
0.629489145 -0.776809303 -0.017627332 0.992468357 0.9514422219
0.653530865 -0.756786982 -0.013071828 0.992468357 0.9514422219
0.280180552 -0.886936072 -0.367210108 0.992468357 0.9514422219
0.252486086 -0.896409192 -0.364281948 0.9921671435 0.9506561059
-0.121245592 -0.964392897 -0.235044351 0.9921671435 0.9506561059
-0.062093523 -0.958507385 -0.278222911 0.992468357 0.9514422219
-0.057176128 -0.960796361 -0.271295489 0.992468357 0.9514422219
-0.4015021 -0.912263181 -0.081067578 0.992468357 0.9514422219
-0.218975717 -0.893073052 -0.39302692 0.992468357 0.9514422219
-0.218913374 -0.893226795 -0.392712144 0.992468357 0.9514422219
-0.830095243 -0.555357675 0.050197016 0.992468357 0.9514422219
-0.816423001 -0.57731528 -0.012670884 0.992468357 0.9514422219
-0.828967163 -0.559279441 -0.004466436 0.992468357 0.9514422219
-0.973537793 -0.220197162 0.061134076 0.9922126432 0.9506533159
-0.980180319 -0.193152873 0.044028522 0.9922126432 0.9506533159
-0.244787819 -0.956362616 -0.1595289 0.992468357 0.9514422219
-0.177941689 -0.965373228 -0.190765002 0.992468357 0.9514422219
-0.585014094 -0.810222212 -0.036034391 0.992468357 0.9514422219
-0.593641687 -0.803402795 -0.046189796 0.992468357 0.9514422219
0.674048881 -0.738506123 0.016334409 0.992468357 0.9514422219
0.624957399 -0.780259546 -0.024965792 0.992468357 0.9514422219
-0.894823316 -0.442581891 -0.05841663 0.9922126432 0.9506533159
-0.989566628 0.143951681 0.005983446 0.9922126432 0.9506533159
-0.992193251 0.124697263 -0.001773296 0.9922126432 0.9506533159
-0.99474783 0.102320934 -0.002679855 0.9922126432 0.9506533159
-0.80783452 -0.58917509 0.016616336 0.992468357 0.9514422219
-0.816629782 -0.576236462 0.032670166 0.992468357 0.9514422219
-0.736064988 -0.676036538 -0.034393788 0.992468357 0.9514422219
-0.900526457 0.431397334 -0.054299538 0.9922126432 0.9506533159
0.314427295 -0.941454066 -0.121654093 0.992468357 0.9514422219
0.31096729 -0.943120338 -0.117572842 0.992468357 0.9514422219
0.289537084 -0.951586333 -0.103207206 0.992468357 0.9514422219
0.29778517 -0.94771039 -0.114756301 0.992468357 0.9514422219
0.285176757 -0.95194567 -0.111685535 0.992468357 0.9514422219
0.294481459 -0.948297152 -0.118377284 0.992468357 0.9514422219
0.284180768 -0.952183701 -0.112193988 0.992468357 0.9514422219
-0.990540611 -0.13165999 -0.038664515 0.9922126432 0.9506533159
-0.993076825 -0.10552738 -0.05159836 0.9922126432 0.9506533159
-0.992862391 -0.106187312 -0.054300342 0.9922126432 0.9506533159
-0.997379123 -0.03937193 -0.060702026 0.9922126432 0.9506533159
-0.998616841 -0.000415286 -0.052575961 0.9922126432 0.9506533159
-0.997403229 -0.041071642 -0.059160109 0.9922126432 0.9506533159
0.084111549 -0.979292304 -0.184151652 0.992468357 0.9514422219
0.214537129 -0.893313183 -0.394924521 0.992468357 0.9514422219
-0.314441004 -0.940360901 -0.129800736 0.992468357 0.9514422219
-0.273027861 -0.954025422 -0.123657921 0.992468357 0.9514422219
-0.292608747 -0.948493967 -0.121405585 0.992468357 0.9514422219
-0.042578368 -0.974030046 -0.222379297 0.992468357 0.9514422219
-0.048291266 -0.972877163 -0.226225507 0.992468357 0.9514422219
-0.946739637 -0.31839027 0.0480801 0.992468357 0.9514422219
-0.217647418 -0.89431595 -0.390932964 0.992468357 0.9514422219
-0.170934535 -0.918492702 -0.35658455 0.9921640837 0.9506557947
-0.829154502 0.558854346 -0.013587944 0.9922126432 0.9506533159
-0.372485542 -0.913023644 -0.166259878 0.992468357 0.9514422219
-0.350168364 -0.921325242 -0.168943526 0.992468357 0.9514422219
0.019409419 -0.969759955 -0.243287697 0.992468357 0.9514422219
-0.389981673 -0.917772936 -0.074880786 0.9921671435 0.9506561059
-0.975946482 0.212249703 -0.049784807 0.9922126432 0.9506533159
-0.95082902 0.291977291 -0.103312327 0.9922126432 0.9506533159
-0.11725121 -0.971475754 -0.206123783 0.992468357 0.9514422219
-0.087055115 -0.971080474 -0.222315362 0.992468357 0.9514422219
-0.998661802 -0.035162435 -0.037923706 0.9922126432 0.9506533159
0.525426852 -0.850423932 0.026566129 0.992468357 0.9514422219
0.490513292 -0.871375437 0.010077563 0.992468357 0.9514422219
0.351530951 -0.93069636 -0.101144823 0.992468357 0.9514422219
-0.248831877 -0.894173348 -0.372205212 0.992468357 0.9514422219
-0.252987847 -0.91210592 -0.32258323 0.992468357 0.9514422219
-0.251080962 -0.910281447 -0.329159593 0.992468357 0.9514422219
-0.636200617 -0.766215316 -0.090348567 0.992468357 0.9514422219
-0.071467943 -0.961518108 -0.265283362 0.992468357 0.9514422219
-0.031718235 -0.956929614 -0.288582169 0.992468357 0.9514422219
0.257638229 -0.962391368 -0.086170752 0.992468357 0.9514422219
0.257147583 -0.963146501 -0.078891936 0.992468357 0.9514422219
0.266000303 -0.95966596 -0.091022434 0.992468357 0.9514422219
0.275627009 -0.955412519 -0.105908785 0.992468357 0.9514422219
0.052222625 -0.962411813 -0.266526357 0.9921671435 0.9506561059
-0.963624637 -0.261928204 0.053114738 0.9922126432 0.9506533159
-0.273276982 -0.955447266 -0.111535703 0.9921671435 0.9506561059
-0.640080257 -0.764454096 -0.07685831 0.992468357 0.9514422219
-0.892320586 -0.449692281 -0.039253342 0.9922126432 0.9506533159
-0.160987992 -0.976517979 -0.143162504 0.992468357 0.9514422219
-0.999766825 -0.018076135 0.011813097 0.992468357 0.9514422219
-0.998288125 0.058145775 -0.006315787 0.992468357 0.9514422219
0.313097084 -0.94165539 -0.123512519 0.992468357 0.9514422219
-0.013103929 -0.967883095 -0.251058961 0.9921671435 0.9506561059
0.539617376 -0.841805232 0.013305593 0.992468357 0.9514422219
0.449373629 -0.892846402 -0.029810139 0.992468357 0.9514422219
0.492423389 -0.870350804 0.002946779 0.992468357 0.9514422219
-0.025074743 -0.960414441 -0.277444333 0.992468357 0.9514422219
-0.004705903 -0.967694347 -0.252082339 0.992468357 0.9514422219
-0.005767181 -0.972375806 -0.233349593 0.9921640837 0.9506557947
-0.018444954 -0.968990694 -0.246407831 0.9921640837 0.9506557947
-0.466481861 -0.88171108 -0.070570847 0.992468357 0.9514422219
-0.351210886 -0.921810539 -0.164061706 0.992468357 0.9514422219
-0.877337639 0.479224413 -0.024952522 0.992468357 0.9514422219
0.208953268 -0.93763796 -0.277801344 0.992468357 0.9514422219
0.008109871 -0.969991546 -0.243003355 0.992468357 0.9514422219
0.01850786 -0.968116945 -0.249814009 0.992468357 0.9514422219
0.023191351 -0.969477742 -0.244080048 0.992468357 0.9514422219
-0.053824037 -0.9790021 -0.196616026 0.992468357 0.9514422219
0.018877839 -0.966941093 -0.254300119 0.9921640837 0.9506557947
0.255537788 -0.905564814 -0.338604203 0.992468357 0.9514422219
0.29895843 -0.895114767 -0.330746747 0.992468357 0.9514422219
-0.997890521 0.061416646 -0.021035763 0.992468357 0.9514422219
-0.994690821 0.102455401 -0.009646844 0.992468357 0.9514422219
-0.996512863 0.080942165 -0.020260283 0.992468357 0.9514422219
-0.942245541 0.327888595 -0.068281836 0.992468357 0.9514422219
-0.981590906 -0.190601685 -0.012259305 0.992468357 0.9514422219
-0.983730169 -0.179009502 -0.015183955 0.992468357 0.9514422219
-0.038884553 -0.979077232 -0.199739245 0.992468357 0.9514422219
0.401995433 -0.913658076 -0.060237799 0.992468357 0.9514422219
0.425624994 -0.903648995 -0.047559007 0.992468357 0.9514422219
0.452512226 -0.891312017 -0.028205917 0.992468357 0.9514422219
-0.048333303 -0.96688162 -0.250606915 0.9921671435 0.9506561059
-0.941274493 0.33748553 -0.010288106 0.992468357 0.9514422219
-0.999453717 0.032977518 -0.002179802 0.992468357 0.9514422219
-0.593521787 -0.803936966 -0.037646292 0.992468357 0.9514422219
-0.57743909 -0.816120601 -0.022611081 0.992468357 0.9514422219
-0.577250641 -0.816181202 -0.025098657 0.992468357 0.9514422219
-0.588577577 -0.807566882 -0.037578804 0.992468357 0.9514422219
0.582473936 -0.812464234 -0.025019633 0.992468357 0.9514422219
0.697022087 -0.703550216 0.138482141 0.992468357 0.9514422219
-0.591538916 -0.727955444 0.346644748 0.992468357 0.9514422219
-0.540998296 -0.595181983 0.594204722 0.992468357 0.9514422219
-0.790754211 -0.611926209 0.015940275 0.992468357 0.9514422219
-0.696310894 -0.717264357 0.026133904 0.992468357 0.9514422219
-0.94858375 -0.311451181 0.056453791 0.992468357 0.9514422219
-0.576807801 -0.816695772 -0.017342939 0.992468357 0.9514422219
-0.330334582 -0.82573371 -0.457212099 0.992468357 0.9514422219
-0.331529856 -0.832334713 -0.444192391 0.992468357 0.9514422219
-0.610423159 -0.790801942 -0.044898269 0.992468357 0.9514422219
0.566629684 -0.823882351 -0.012193157 0.992468357 0.9514422219
0.480456645 -0.876991966 -0.00681943 0.992468357 0.9514422219
0.503496492 -0.863880327 0.014214924 0.992468357 0.9514422219
-0.957177075 -0.288613822 0.022673972 0.9922126432 0.9506533159
-0.958251145 -0.284893584 0.024297928 0.9922126432 0.9506533159
0.470016633 -0.882628605 -0.007149137 0.992468357 0.9514422219
0.000903808 -0.969295205 -0.245898329 0.992468357 0.9514422219
0.712815568 -0.70061832 0.03206142 0.992468357 0.9514422219
0.735485917 -0.6754437 0.053256682 0.992468357 0.9514422219
-0.318092471 -0.939434569 -0.127592598 0.9921671435 0.9506561059
-0.664379183 -0.742234355 -0.087683881 0.992468357 0.9514422219
-0.979157988 -0.199971426 0.035511463 0.9922126432 0.9506533159
-0.82420796 -0.56570234 0.025731317 0.9922126432 0.9506533159
-0.99870685 0.040470216 -0.030769927 0.9922126432 0.9506533159
-0.965260967 0.255505528 -0.054664343 0.9922126432 0.9506533159
-0.566142786 -0.822692245 -0.0515734 0.992468357 0.9514422219
-0.545779977 -0.835243223 -0.067029665 0.992468357 0.9514422219
-0.994514731 -0.080591852 -0.066673852 0.9922126432 0.9506533159
-0.997385115 -0.040002883 -0.060188887 0.9922126432 0.9506533159
-0.93696767 -0.348482098 0.025530615 0.992468357 0.9514422219
0.567680676 -0.823193499 -0.009545285 0.992468357 0.9514422219
0.577653533 -0.816001566 -0.021397192 0.992468357 0.9514422219
-0.355273136 -0.921282499 -0.158175713 0.992468357 0.9514422219
-0.392985349 -0.907154176 -0.150445395 0.992468357 0.9514422219
-0.425041252 -0.895665704 -0.130854423 0.992468357 0.9514422219
-0.451510203 -0.884940272 -0.114101933 0.992468357 0.9514422219
-0.947119373 -0.320672529 -0.011576767 0.992468357 0.9514422219
-0.963171465 -0.266999033 0.031815801 0.9922126432 0.9506533159
-0.158672463 -0.935897381 -0.314514137 0.992468357 0.9514422219
-0.471565255 -0.877133447 -0.090901741 0.992468357 0.9514422219
-0.810749975 -0.582488326 0.058239393 0.992468357 0.9514422219
-0.512345874 -0.443083182 0.735648692 0.9922126432 0.9506533159
-0.814801456 0.577875669 -0.046457484 0.992468357 0.9514422219
0.218138248 -0.89109804 -0.397944705 0.992468357 0.9514422219
-0.267366476 -0.841653878 -0.469184311 0.992468357 0.9514422219
0.174554978 -0.872117072 0.457102146 0.9922126432 0.9506533159
-0.577544413 -0.718725001 0.387139283 0.9922126432 0.9506533159
0.038749559 -0.967227105 -0.250938636 0.9921671435 0.9506561059
0.048641507 -0.96212963 -0.268217409 0.9921671435 0.9506561059
0.29406346 -0.858118059 -0.420903883 0.992468357 0.9514422219
0.297831475 -0.857256333 -0.420009514 0.992468357 0.9514422219
0.013184121 -0.970987785 -0.238765368 0.9921640837 0.9506557947
0.26352437 -0.959848861 -0.096151283 0.992468357 0.9514422219
0.308914652 -0.942813894 -0.125194643 0.992468357 0.9514422219
0.07569167 -0.92927086 -0.361561115 0.992468357 0.9514422219
-0.231198887 -0.89376277 -0.384363351 0.992468357 0.9514422219
-0.227197831 -0.891950289 -0.39090386 0.992468357 0.9514422219
0.27278772 -0.957493274 -0.093773611 0.992468357 0.9514422219
-0.995384049 0.094151254 -0.01860474 0.9922126432 0.9506533159
0.476529599 -0.879089602 -0.011000595 0.992468357 0.9514422219
0.348214676 -0.932284334 -0.097941106 0.992468357 0.9514422219
-0.941107534 0.322004462 -0.103100611 0.9922126432 0.9506533159
-0.239530273 -0.923225941 -0.300464823 0.992468357 0.9514422219
-0.308300964 -0.942335635 -0.130207787 0.992468357 0.9514422219
0.004327084 -0.970217462 -0.242196931 0.992468357 0.9514422219
-0.385847404 -0.912028992 -0.139014026 0.992468357 0.9514422219
-0.37415136 -0.916145864 -0.143831552 0.992468357 0.9514422219
-0.990885377 -0.131243407 0.030353543 0.9922126432 0.9506533159
-0.436628449 -0.894731155 -0.093870964 0.992468357 0.9514422219
0.508660758 -0.860642853 0.023624409 0.992468357 0.9514422219
-0.990554933 0.135942569 -0.017903702 0.9922126432 0.9506533159
-0.01356121 -0.97909701 -0.202941219 0.992468357 0.9514422219
-0.023259245 -0.974459526 -0.223355412 0.992468357 0.9514422219
-0.971194782 -0.229416214 0.06441192 0.992468357 0.9514422219
-0.92833698 0.363686897 -0.076956438 0.992468357 0.9514422219
-0.931822682 0.35858265 -0.055901445 0.992468357 0.9514422219
-0.186822373 -0.96215245 -0.19839371 0.992468357 0.9514422219
0.035492532 -0.986489248 -0.159935122 0.992468357 0.9514422219
0.200141245 -0.974477865 -0.101667948 0.992468357 0.9514422219
0.17069599 -0.977625145 -0.122930694 0.992468357 0.9514422219
-0.681598611 -0.727948846 -0.074255036 0.992468357 0.9514422219
-0.839898367 0.541074015 -0.04253991 0.992468357 0.9514422219
-0.91315232 -0.406428942 -0.031118413 0.992468357 0.9514422219
-0.329020657 -0.811349005 -0.483175123 0.992468357 0.9514422219
-0.601232753 -0.798710971 -0.02408239 0.992468357 0.9514422219
-0.996924519 -0.077397506 0.0122935 0.992468357 0.9514422219
-0.904376959 -0.426650517 -0.008464754 0.992468357 0.9514422219
0.560316618 -0.828272432 -0.003172493 0.992468357 0.9514422219
-0.566665009 -0.823842952 -0.013174156 0.992468357 0.9514422219
-0.262572724 -0.889545593 -0.37385051 0.992468357 0.9514422219
0.597843456 -0.800708577 -0.038065432 0.992468357 0.9514422219
0.186894349 -0.900177956 -0.393382955 0.992468357 0.9514422219
-0.029892116 -0.973227853 -0.227890343 0.992468357 0.9514422219
-0.027626066 -0.973800093 -0.225721465 0.992468357 0.9514422219
-0.917862126 0.395525503 -0.03299537 0.992468357 0.9514422219
-0.95295858 -0.290629932 -0.086047587 0.992468357 0.9514422219
-0.155006122 -0.932778183 -0.325419673 0.992468357 0.9514422219
-0.765914963 -0.641199568 0.047300982 0.992468357 0.9514422219
0.316428599 -0.940028128 -0.127358002 0.9921640837 0.9506557947
0.348792942 -0.93200952 -0.098497403 0.9921640837 0.9506557947
0.355655834 -0.92922207 -0.100275986 0.9921640837 0.9506557947
-0.027100993 -0.971109594 -0.237090052 0.992468357 0.9514422219
-0.057500901 -0.981357429 -0.183388229 0.992468357 0.9514422219
-0.951303663 -0.302400245 0.059794919 0.992468357 0.9514422219
0.268748685 -0.957426822 -0.105394613 0.9921640837 0.9506557947
-0.913634841 -0.405024809 -0.035018308 0.9922126432 0.9506533159
-0.905594632 -0.421709556 -0.04538076 0.9922126432 0.9506533159
0.104471411 -0.846923385 0.521350655 0.9922126432 0.9506533159
0.1708701 -0.865436979 0.470980089 0.9922126432 0.9506533159
-0.575782455 -0.817196665 -0.025771599 0.992468357 0.9514422219
-0.562541393 -0.826529919 -0.019886526 0.992468357 0.9514422219
-0.546405088 -0.836541995 -0.040484186 0.992468357 0.9514422219
-0.530232247 -0.845753795 -0.059617809 0.992468357 0.9514422219
-0.62791846 -0.77628898 -0.055622174 0.992468357 0.9514422219
-0.36439161 -0.921033262 -0.13753721 0.992468357 0.9514422219
-0.369929393 -0.920688093 -0.124441471 0.992468357 0.9514422219
-0.278582893 -0.947907163 -0.154478421 0.992468357 0.9514422219
-0.256202786 -0.951758062 -0.168868956 0.992468357 0.9514422219
-0.618701795 -0.716286307 0.322710419 0.992468357 0.9514422219
-0.187401171 -0.965063392 -0.18312141 0.992468357 0.9514422219
-0.354799653 -0.932321966 -0.069949681 0.992468357 0.9514422219
0.465886473 -0.884766306 -0.01176345 0.992468357 0.9514422219
-0.998492989 -0.025360718 -0.048668116 0.9922126432 0.9506533159
-0.998587911 0.042171059 -0.032307667 0.9922126432 0.9506533159
0.291579717 -0.878449782 -0.37855944 0.992468357 0.9514422219
-0.152399018 -0.946551927 -0.284278015 0.992468357 0.9514422219
-0.994195577 -0.091070118 -0.057283401 0.992468357 0.9514422219
-0.997171421 -0.053169133 -0.053124395 0.992468357 0.9514422219
-0.996994913 -0.064289331 -0.043220652 0.992468357 0.9514422219
0.189157372 -0.947861093 -0.256473853 0.992468357 0.9514422219
0.087634486 -0.955690007 -0.281028125 0.992468357 0.9514422219
0.335956388 -0.881497133 -0.331807338 0.992468357 0.9514422219
-0.86362124 0.503753457 -0.019768862 0.992468357 0.9514422219
-0.850859299 0.525293854 -0.01023821 0.992468357 0.9514422219
-0.874376732 0.484490925 -0.027090126 0.992468357 0.9514422219
-0.776299936 -0.630131825 -0.017096536 0.992468357 0.9514422219
-0.7794902 -0.626407878 0.0028631 0.992468357 0.9514422219
-0.992582146 0.121059073 -0.011197475 0.9922126432 0.9506533159
-0.139527707 -0.907243233 -0.396789283 0.992468357 0.9514422219
0.31695935 -0.945142808 -0.079005341 0.992468357 0.9514422219
0.165829328 -0.940256998 -0.297350656 0.9921671435 0.9506561059
-0.841620952 -0.540061575 0.002769167 0.9922126432 0.9506533159
0.252538751 -0.875412108 -0.412162371 0.992468357 0.9514422219
0.236132647 -0.884755284 -0.40180774 0.992468357 0.9514422219
-0.770247327 -0.637727388 -0.004778529 0.992468357 0.9514422219
0.338424468 -0.935371204 -0.102711195 0.9921640837 0.9506557947
-0.930970207 -0.365074405 -0.003892583 0.9922126432 0.9506533159
-0.835036541 -0.550125603 0.008706076 0.9922126432 0.9506533159
0.281064449 -0.955439503 -0.090211598 0.992468357 0.9514422219
-0.374686757 -0.915545868 -0.146238155 0.992468357 0.9514422219
-0.631512815 -0.774855561 -0.028114466 0.992468357 0.9514422219
-0.299242327 -0.943420179 -0.142871958 0.992468357 0.9514422219
0.331409204 -0.838255522 -0.433007644 0.992468357 0.9514422219
0.317985899 -0.896849983 -0.307481832 0.992468357 0.9514422219
-0.474852213 -0.874246494 -0.101036846 0.992468357 0.9514422219
0.585185726 -0.810296365 -0.031264478 0.992468357 0.9514422219
0.60786655 -0.793584585 -0.02686567 0.992468357 0.9514422219
-0.159827907 -0.902427823 -0.400098819 0.992468357 0.9514422219
0.344819049 -0.932646826 -0.106158941 0.9921640837 0.9506557947
0.383426883 -0.920195342 -0.078894597 0.9921640837 0.9506557947
-0.401910363 -0.906442511 -0.129730618 0.992468357 0.9514422219
0.288402237 -0.868178956 -0.403843349 0.992468357 0.9514422219
0.602509667 -0.798055576 -0.009455056 0.992468357 0.9514422219
0.601277251 -0.798682337 -0.023920541 0.992468357 0.9514422219
0.610329232 -0.791746874 -0.025201508 0.992468357 0.9514422219
0.292240776 -0.838711244 -0.459520161 0.992468357 0.9514422219
0.295339254 -0.840599636 -0.454056138 0.992468357 0.9514422219
-0.902139422 0.428468754 -0.050586464 0.992468357 0.9514422219
0.295420655 -0.948297838 -0.116007962 0.9921640837 0.9506557947
0.288420799 -0.950671111 -0.114183545 0.9921640837 0.9506557947
0.354520758 -0.931671331 -0.079394981 0.992468357 0.9514422219
0.273804473 -0.958436743 -0.080188032 0.992468357 0.9514422219
0.275410029 -0.958554578 -0.072955032 0.992468357 0.9514422219
0.283956947 -0.955977215 -0.074000115 0.992468357 0.9514422219
0.29012784 -0.875906481 -0.38550444 0.992468357 0.9514422219
-0.837505383 0.546423297 -0.002512876 0.9922126432 0.9506533159
-0.293501736 -0.880887675 -0.371340322 0.992468357 0.9514422219
0.270012123 -0.960226202 -0.071127313 0.992468357 0.9514422219
0.261726789 -0.962247852 -0.074687077 0.992468357 0.9514422219
0.262948616 -0.863013176 -0.431354013 0.992468357 0.9514422219
-0.891494433 0.451160814 -0.041129027 0.992468357 0.9514422219
-0.281007608 -0.902324869 -0.326870854 0.992468357 0.9514422219
-0.921068766 0.389254839 -0.010630076 0.992468357 0.9514422219
-0.954807263 -0.28689467 -0.077682289 0.992468357 0.9514422219
0.312972226 -0.87775451 -0.362760811 0.992468357 0.9514422219
-0.264034824 -0.848357095 -0.458885445 0.992468357 0.9514422219
-0.991541578 -0.129689915 0.005081902 0.992468357 0.9514422219
-0.849323486 0.52731233 -0.024317115 0.992468357 0.9514422219
-0.939944828 0.341307302 -0.003611853 0.992468357 0.9514422219
0.293853479 -0.833710399 -0.467522302 0.992468357 0.9514422219
0.291419962 -0.838156679 -0.461050742 0.992468357 0.9514422219
0.296604767 -0.832893662 -0.467240581 0.992468357 0.9514422219
0.283447375 -0.844130362 -0.455084078 0.992468357 0.9514422219
0.280969964 -0.848448733 -0.448542782 0.992468357 0.9514422219
0.286208091 -0.843341894 -0.454817961 0.992468357 0.9514422219
0.288966759 -0.842546382 -0.454547915 0.992468357 0.9514422219
0.286493693 -0.846879125 -0.448014633 0.992468357 0.9514422219
0.291722688 -0.841743838 -0.45427435 0.992468357 0.9514422219
0.148206463 -0.91207532 -0.382300215 0.992468357 0.9514422219
0.115019594 -0.918001075 -0.379531973 0.992468357 0.9514422219
0.12170915 -0.916071247 -0.382099925 0.992468357 0.9514422219
0.134868054 -0.916223305 -0.377286977 0.992468357 0.9514422219
0.10162165 -0.921710067 -0.37433086 0.992468357 0.9514422219
0.108323949 -0.91988178 -0.376939561 0.992468357 0.9514422219
0.081701369 -0.922877932 -0.376325934 0.992468357 0.9514422219
0.048290109 -0.926699204 -0.37268841 0.992468357 0.9514422219
0.055020563 -0.925211692 -0.375441156 0.992468357 0.9514422219
0.239302896 -0.880865201 -0.408424561 0.992468357 0.9514422219
0.226431994 -0.8872302 -0.40193423 0.992468357 0.9514422219
0.234670517 -0.88268965 -0.407171623 0.992468357 0.9514422219
0.222823623 -0.889937334 -0.397946195 0.992468357 0.9514422219
0.209877016 -0.896002224 -0.391320397 0.992468357 0.9514422219
0.21816728 -0.891667951 -0.396650102 0.992468357 0.9514422219
0.213504926 -0.89337495 -0.395343957 0.992468357 0.9514422219
0.200525049 -0.899297945 -0.388655261 0.992468357 0.9514422219
0.208837148 -0.89505847 -0.394027131 0.992468357 0.9514422219
0.021914657 -0.930577167 -0.365439302 0.992468357 0.9514422219
-0.005703795 -0.929957049 -0.367623929 0.992468357 0.9514422219
-0.006055128 -0.927552687 -0.373643344 0.992468357 0.9514422219
0.02261571 -0.935221117 -0.353341184 0.992468357 0.9514422219
-0.005005849 -0.934651685 -0.355529421 0.992468357 0.9514422219
-0.005355339 -0.93232582 -0.361579707 0.992468357 0.9514422219
-0.033320984 -0.928626377 -0.369516933 0.992468357 0.9514422219
-0.060910273 -0.926582545 -0.371126293 0.992468357 0.9514422219
-0.061255708 -0.924129549 -0.377136999 0.992468357 0.9514422219
0.253522647 -0.914796254 -0.314442493 0.992468357 0.9514422219
0.257786451 -0.913634223 -0.31435434 0.992468357 0.9514422219
0.265925829 -0.906643449 -0.327537952 0.992468357 0.9514422219
0.237003966 -0.927907011 -0.287780645 0.992468357 0.9514422219
0.241290218 -0.926821851 -0.287715635 0.992468357 0.9514422219
0.249574407 -0.920361082 -0.30107822 0.992468357 0.9514422219
0.262047034 -0.912454401 -0.314258363 0.992468357 0.9514422219
0.266300714 -0.911256856 -0.314157401 0.992468357 0.9514422219
0.274415213 -0.904190341 -0.32731654 0.992468357 0.9514422219
0.289212632 -0.88136516 -0.373565936 0.992468357 0.9514422219
0.29534273 -0.878996248 -0.374350461 0.992468357 0.9514422219
0.304270513 -0.869387986 -0.389337881 0.992468357 0.9514422219
0.270961767 -0.89937291 -0.343086125 0.992468357 0.9514422219
0.277146119 -0.897163093 -0.343930827 0.992468357 0.9514422219
0.286301358 -0.888256032 -0.359211293 0.992468357 0.9514422219
0.301463449 -0.876589004 -0.375115324 0.992468357 0.9514422219
0.307567705 -0.874143572 -0.37586583 0.992468357 0.9514422219
0.316435705 -0.864379658 -0.390789267 0.992468357 0.9514422219
0.236434127 -0.895894041 -0.376128663 0.992468357 0.9514422219
0.239510449 -0.897964333 -0.369181259 0.992468357 0.9514422219
0.240215709 -0.897239505 -0.370483041 0.992468357 0.9514422219
0.235025729 -0.897351381 -0.373528319 0.992468357 0.9514422219
0.238097897 -0.899406719 -0.36657461 0.992468357 0.9514422219
0.238804428 -0.898686775 -0.367878412 0.992468357 0.9514422219
0.242571807 -0.899978991 -0.362210898 0.992468357 0.9514422219
0.245618093 -0.901937837 -0.35521809 0.992468357 0.9514422219
0.246327518 -0.901228024 -0.35652602 0.992468357 0.9514422219
0.193660731 -0.930259943 -0.31162792 0.992468357 0.9514422219
0.198010502 -0.931627987 -0.304731251 0.992468357 0.9514422219
0.20344228 -0.924582893 -0.322114441 0.992468357 0.9514422219
0.182618387 -0.94347972 -0.276580082 0.992468357 0.9514422219
0.186929797 -0.944649628 -0.269618863 0.992468357 0.9514422219
0.192506018 -0.938318032 -0.287229358 0.992468357 0.9514422219
0.202349535 -0.932932541 -0.297811248 0.992468357 0.9514422219
0.206670265 -0.934173759 -0.290872462 0.992468357 0.9514422219
0.212140459 -0.927325621 -0.308323886 0.992468357 0.9514422219
0.019106834 -0.972262058 -0.233112462 0.992468357 0.9514422219
0.028350162 -0.970218773 -0.240565585 0.992468357 0.9514422219
0.033322346 -0.969196209 -0.244025263 0.992468357 0.9514422219
0.009156677 -0.974053736 -0.226131542 0.992468357 0.9514422219
0.018402619 -0.972153979 -0.233619314 0.992468357 0.9514422219
0.023376792 -0.971204691 -0.237096969 0.992468357 0.9514422219
0.037589258 -0.968034617 -0.247983928 0.992468357 0.9514422219
0.046822935 -0.965709949 -0.255366223 0.992468357 0.9514422219
0.051789336 -0.964544551 -0.258788861 0.992468357 0.9514422219
-0.022868235 -0.978486571 -0.205039201 0.992468357 0.9514422219
-0.017533862 -0.977908349 -0.208297444 0.992468357 0.9514422219
-0.011826409 -0.976995199 -0.212933129 0.992468357 0.9514422219
-0.034277515 -0.98006155 -0.195715127 0.992468357 0.9514422219
-0.028945407 -0.979573591 -0.198991818 0.992468357 0.9514422219
-0.023240252 -0.978767844 -0.203650188 0.992468357 0.9514422219
-0.012198697 -0.977291622 -0.211547343 0.992468357 0.9514422219
-0.006863111 -0.976636367 -0.214788976 0.992468357 0.9514422219
-0.001154928 -0.975633158 -0.219405123 0.992468357 0.9514422219
-0.044948691 -0.958411555 -0.281827797 0.992468357 0.9514422219
-0.054889311 -0.960092306 -0.274244286 0.992468357 0.9514422219
-0.039630684 -0.959083985 -0.280334298 0.992468357 0.9514422219
-0.075442064 -0.960031532 -0.269532842 0.992468357 0.9514422219
-0.085357302 -0.961329053 -0.261840759 0.992468357 0.9514422219
-0.070133251 -0.960840659 -0.26807938 0.992468357 0.9514422219
-0.06482138 -0.961620409 -0.266616536 0.992468357 0.9514422219
-0.074743835 -0.962994952 -0.258948029 0.992468357 0.9514422219
-0.059508205 -0.962369877 -0.265147115 0.992468357 0.9514422219
-0.216674732 -0.958925203 -0.1830697 0.992468357 0.9514422219
-0.229250086 -0.957216501 -0.176581338 0.992468357 0.9514422219
-0.205287674 -0.960057346 -0.190123286 0.992468357 0.9514422219
-0.264249759 -0.95179963 -0.155722606 0.992468357 0.9514422219
-0.276630736 -0.949338507 -0.14910344 0.992468357 0.9514422219
-0.253037184 -0.953642643 -0.162904552 0.992468357 0.9514422219
-0.241779078 -0.955313214 -0.170057464 0.992468357 0.9514422219
-0.254258547 -0.953216085 -0.163498277 0.992468357 0.9514422219
-0.230476878 -0.956811398 -0.177178883 0.992468357 0.9514422219
-0.253399469 -0.957941399 -0.134673625 0.992468357 0.9514422219
-0.249885892 -0.958148868 -0.139670283 0.992468357 0.9514422219
-0.238045537 -0.960652727 -0.143110661 0.992468357 0.9514422219
-0.276928448 -0.952365592 -0.127712233 0.992468357 0.9514422219
-0.273447105 -0.952685875 -0.132726424 0.992468357 0.9514422219
-0.261687444 -0.955492913 -0.136209302 0.992468357 0.9514422219
-0.246363735 -0.958320124 -0.14466323 0.992468357 0.9514422219
-0.242832085 -0.958455829 -0.1496496 0.992468357 0.9514422219
-0.230962312 -0.960846411 -0.153070522 0.992468357 0.9514422219
-0.323587012 -0.933289396 -0.155763763 0.992468357 0.9514422219
-0.32789357 -0.930817288 -0.16144653 0.992468357 0.9514422219
-0.324566892 -0.931817755 -0.162394594 0.992468357 0.9514422219
-0.330234976 -0.931273506 -0.153865255 0.992468357 0.9514422219
-0.334534479 -0.928780017 -0.159544236 0.992468357 0.9514422219
-0.331216312 -0.929804652 -0.160496305 0.992468357 0.9514422219
-0.33218177 -0.928292069 -0.167120034 0.992468357 0.9514422219
-0.336451016 -0.925714024 -0.172783851 0.992468357 0.9514422219
-0.33313155 -0.926735814 -0.173735724 0.992468357 0.9514422219
-0.580359029 -0.813811271 -0.029910067 0.992468357 0.9514422219
-0.578468981 -0.815039988 -0.032915913 0.992468357 0.9514422219
-0.574070785 -0.818332482 -0.027833107 0.992468357 0.9514422219
-0.589061063 -0.807094439 -0.040070321 0.992468357 0.9514422219
-0.587167567 -0.80831842 -0.04307645 0.992468357 0.9514422219
-0.582834666 -0.811701889 -0.037997309 0.992468357 0.9514422219
-0.576570661 -0.816257252 -0.035921728 0.992468357 0.9514422219
-0.57466444 -0.817462838 -0.038926728 0.992468357 0.9514422219
-0.570269824 -0.820759979 -0.03384353 0.992468357 0.9514422219
-0.620376281 -0.780492264 -0.077234032 0.992468357 0.9514422219
-0.623090564 -0.777852268 -0.081877946 0.992468357 0.9514422219
-0.617947853 -0.782709114 -0.074208448 0.992468357 0.9514422219
-0.630535828 -0.77062175 -0.092556408 0.992468357 0.9514422219
-0.633171882 -0.767885134 -0.097189448 0.992468357 0.9514422219
-0.628165428 -0.772910759 -0.089538556 0.992468357 0.9514422219
-0.625782457 -0.775184358 -0.086518946 0.992468357 0.9514422219
-0.628451931 -0.772488583 -0.091156785 0.992468357 0.9514422219
-0.62338704 -0.777442446 -0.083497554 0.992468357 0.9514422219
-0.816434 -0.577377981 0.008378006 0.992468357 0.9514422219
-0.814811926 -0.579538935 0.01470199 0.992468357 0.9514422219
-0.823079405 -0.567764926 0.013538148 0.9922126432 0.9506533159
-0.799466572 -0.600615273 0.010700197 0.992468357 0.9514422219
-0.79776898 -0.60272283 0.017024821 0.992468357 0.9514422219
-0.806374131 -0.59119292 0.015864821 0.992468357 0.9514422219
-0.813150753 -0.581673194 0.021027331 0.992468357 0.9514422219
-0.811451035 -0.583780131 0.02734915 0.992468357 0.9514422219
-0.819794606 -0.572058745 0.026183882 0.992468357 0.9514422219
-0.798057222 -0.601360616 0.038341619 0.992468357 0.9514422219
-0.777551304 -0.628648701 0.014655376 0.992468357 0.9514422219
-0.782318692 -0.622464905 0.022691542 0.992468357 0.9514422219
-0.788943696 -0.614061214 0.02228609 0.992468357 0.9514422219
-0.767725153 -0.640777699 -0.001424772 0.992468357 0.9514422219
-0.772688099 -0.634751427 0.00661267 0.992468357 0.9514422219
-0.755705 -0.654849489 -0.009060861 0.992468357 0.9514422219
-0.732555138 -0.679918793 -0.032762852 0.992468357 0.9514422219
-0.738013979 -0.674332209 -0.024727288 0.992468357 0.9514422219
-0.879297378 -0.475938169 -0.017860038 0.992468357 0.9514422219
-0.874637194 -0.484624028 -0.012220119 0.992468357 0.9514422219
-0.880829647 -0.47313825 -0.016713142 0.992468357 0.9514422219
-0.866682262 -0.498781695 -0.008870061 0.992468357 0.9514422219
-0.861753859 -0.507316345 -0.003226996 0.992468357 0.9514422219
-0.868278128 -0.496017564 -0.007724582 0.992468357 0.9514422219
-0.869864176 -0.493247443 -0.006578437 0.992468357 0.9514422219
-0.864978835 -0.50180747 -0.000936672 0.992468357 0.9514422219
-0.871440085 -0.490471876 -0.005432982 0.992468357 0.9514422219
-0.865960194 -0.498216312 -0.043513784 0.9922126432 0.9506533159
-0.86896739 -0.492609004 -0.047244506 0.9922126432 0.9506533159
-0.863102618 -0.50347209 -0.039619749 0.9922126432 0.9506533159
-0.877326565 -0.476284941 -0.05874312 0.9922126432 0.9506533159
-0.880146915 -0.470573954 -0.062462487 0.9922126432 0.9506533159
-0.874649221 -0.481642189 -0.054859287 0.9922126432 0.9506533159
-0.871927323 -0.486974881 -0.050972628 0.9922126432 0.9506533159
-0.874839798 -0.481314296 -0.054698038 0.9922126432 0.9506533159
-0.869160976 -0.492282792 -0.047083433 0.9922126432 0.9506533159
-0.986744614 -0.16125955 -0.018177555 0.992468357 0.9514422219
-0.987650933 -0.155434961 -0.019636888 0.992468357 0.9514422219
-0.986214307 -0.165044544 -0.011901207 0.992468357 0.9514422219
-0.989296287 -0.141989813 -0.033641494 0.9922126432 0.9506533159
-0.990067104 -0.136144486 -0.035097118 0.992468357 0.9514422219
-0.988935279 -0.145801013 -0.027369299 0.992468357 0.9514422219
-0.988520894 -0.14960425 -0.021095256 0.992468357 0.9514422219
-0.989354315 -0.143768501 -0.022553456 0.992468357 0.9514422219
-0.988053046 -0.153399888 -0.014820684 0.992468357 0.9514422219
-0.983462434 -0.181019077 0.005808125 0.9922126432 0.9506533159
-0.981647477 -0.190527911 0.00820646 0.9922126432 0.9506533159
-0.98092841 -0.193891425 0.013622422 0.9922126432 0.9506533159
-0.984688247 -0.174252144 -0.005024613 0.9922126432 0.9506533159
-0.982964143 -0.183778642 -0.002627719 0.9922126432 0.9506533159
-0.982326011 -0.187157233 0.002789 0.9922126432 0.9506533159
-0.979734755 -0.200018472 0.010602818 0.9922126432 0.9506533159
-0.977724674 -0.209488669 0.012998427 0.992468357 0.9514422219
-0.97691514 -0.212832602 0.018414469 0.9922126432 0.9506533159
-0.995742058 0.09166558 -0.009755743 0.9922126432 0.9506533159
-0.997446667 0.068901888 -0.018779695 0.9922126432 0.9506533159
-0.995084981 0.098945614 -0.003955501 0.9922126432 0.9506533159
-0.998729515 0.031458873 -0.039366157 0.9922126432 0.9506533159
-0.998793668 0.008612535 -0.048342869 0.9922126432 0.9506533159
-0.998683335 0.038779678 -0.033581736 0.9922126432 0.9506533159
-0.998550353 0.046095915 -0.027791361 0.9922126432 0.9506533159
-0.999052179 0.023264126 -0.036790282 0.9922126432 0.9506533159
-0.99833023 0.053410097 -0.022002568 0.9922126432 0.9506533159
-0.24953016 -0.842421728 -0.477556626 0.992468357 0.9514422219
-0.255092497 -0.841149507 -0.476859859 0.992468357 0.9514422219
-0.252346337 -0.843143279 -0.474795469 0.992468357 0.9514422219
-0.2550188 -0.83842197 -0.481678328 0.992468357 0.9514422219
-0.260572869 -0.837122137 -0.480966015 0.992468357 0.9514422219
-0.257834716 -0.839142397 -0.478916795 0.992468357 0.9514422219
-0.260646489 -0.839849425 -0.476147405 0.992468357 0.9514422219
-0.266191783 -0.838521567 -0.475419306 0.992468357 0.9514422219
-0.263453987 -0.840542928 -0.47337045 0.992468357 0.9514422219
-0.305854183 -0.878961822 -0.365895249 0.992468357 0.9514422219
-0.298862579 -0.88609146 -0.354292371 0.992468357 0.9514422219
-0.300604783 -0.881891894 -0.363185147 0.992468357 0.9514422219
-0.302366376 -0.887353306 -0.348107289 0.992468357 0.9514422219
-0.295288343 -0.894225294 -0.336401423 0.992468357 0.9514422219
-0.297090888 -0.89020273 -0.345363727 0.992468357 0.9514422219
-0.291801264 -0.893013545 -0.342605941 0.992468357 0.9514422219
-0.28467246 -0.899726166 -0.330838958 0.992468357 0.9514422219
-0.286499846 -0.89578534 -0.339832994 0.992468357 0.9514422219
-0.325882953 -0.86098996 -0.390508118 0.992468357 0.9514422219
-0.317929207 -0.871635746 -0.373057831 0.992468357 0.9514422219
-0.32487006 -0.860685844 -0.392019543 0.992468357 0.9514422219
-0.311816243 -0.882386562 -0.352369955 0.992468357 0.9514422219
-0.303546501 -0.892150623 -0.33455461 0.992468357 0.9514422219
-0.310820508 -0.882125811 -0.35389923 0.992468357 0.9514422219
-0.309822404 -0.881862239 -0.355428008 0.992468357 0.9514422219
-0.301567954 -0.891664226 -0.337626534 0.992468357 0.9514422219
-0.308824658 -0.881595435 -0.356954926 0.992468357 0.9514422219
-0.325840744 -0.852146075 -0.409481228 0.992468357 0.9514422219
-0.318826248 -0.866173584 -0.384828722 0.992468357 0.9514422219
-0.326429119 -0.852640008 -0.407981674 0.992468357 0.9514422219
-0.310412304 -0.878603876 -0.362904162 0.992468357 0.9514422219
-0.30288478 -0.891211419 -0.337643327 0.992468357 0.9514422219
-0.310975556 -0.879034165 -0.361376729 0.992468357 0.9514422219
-0.311539477 -0.879461663 -0.359847659 0.992468357 0.9514422219
-0.303985274 -0.891999186 -0.334560019 0.992468357 0.9514422219
-0.31210105 -0.879886925 -0.358318201 0.992468357 0.9514422219
-0.165173938 -0.935694944 -0.311757186 0.992468357 0.9514422219
-0.169437277 -0.938223597 -0.301707625 0.992468357 0.9514422219
-0.15675365 -0.943589085 -0.291664075 0.992468357 0.9514422219
-0.190370262 -0.924036678 -0.331534887 0.992468357 0.9514422219
-0.194664857 -0.926676831 -0.321520829 0.992468357 0.9514422219
-0.182079365 -0.932585147 -0.311660149 0.992468357 0.9514422219
-0.17368703 -0.940634069 -0.29161681 0.992468357 0.9514422219
-0.177910969 -0.942925661 -0.281494023 0.992468357 0.9514422219
-0.165197452 -0.948177269 -0.27142157 0.992468357 0.9514422219
-0.225425914 -0.917736231 -0.327021969 0.992468357 0.9514422219
-0.229594953 -0.917676238 -0.324278399 0.992468357 0.9514422219
-0.221313837 -0.92486274 -0.309271882 0.992468357 0.9514422219
-0.241747218 -0.902403618 -0.35668753 0.992468357 0.9514422219
-0.24592285 -0.902354198 -0.353947528 0.992468357 0.9514422219
-0.237800203 -0.91017223 -0.339171897 0.992468357 0.9514422219
-0.233761713 -0.917592861 -0.321525743 0.992468357 0.9514422219
-0.237919667 -0.917486766 -0.31876679 0.992468357 0.9514422219
-0.229630774 -0.924662444 -0.303758246 0.992468357 0.9514422219
-0.261244233 -0.912718172 -0.314160769 0.992468357 0.9514422219
-0.255736969 -0.916349974 -0.308060591 0.992468357 0.9514422219
-0.261828061 -0.91112481 -0.318272913 0.992468357 0.9514422219
-0.248991014 -0.922915109 -0.293651454 0.992468357 0.9514422219
-0.243425757 -0.926335761 -0.287482101 0.992468357 0.9514422219
-0.249602556 -0.92142059 -0.29779634 0.992468357 0.9514422219
-0.25020888 -0.919907833 -0.301935582 0.992468357 0.9514422219
-0.244661049 -0.923391395 -0.295785909 0.992468357 0.9514422219
-0.25081071 -0.918376842 -0.306068561 0.992468357 0.9514422219
0.130905366 -0.980521875 -0.146426223 0.992468357 0.9514422219
0.139921114 -0.980160988 -0.140379912 0.992468357 0.9514422219
0.16017945 -0.979157681 -0.124871051 0.992468357 0.9514422219
0.090065016 -0.980068273 -0.177071945 0.992468357 0.9514422219
0.099145254 -0.980249964 -0.171114661 0.992468357 0.9514422219
0.119572258 -0.980525058 -0.15579822 0.992468357 0.9514422219
0.148921055 -0.979684231 -0.134318005 0.992468357 0.9514422219
0.157902924 -0.979092067 -0.128239584 0.992468357 0.9514422219
0.178072258 -0.977547001 -0.112659358 0.992468357 0.9514422219
0.316189537 -0.941954921 -0.112894216 0.992468357 0.9514422219
0.319440262 -0.941920514 -0.10365165 0.992468357 0.9514422219
0.325132026 -0.939588079 -0.107067302 0.992468357 0.9514422219
0.304768019 -0.946504039 -0.106049795 0.992468357 0.9514422219
0.308009328 -0.946445679 -0.096803051 0.992468357 0.9514422219
0.313731971 -0.94420669 -0.100229623 0.992468357 0.9514422219
0.32265961 -0.941796058 -0.09439789 0.992468357 0.9514422219
0.325847516 -0.941581263 -0.085135896 0.992468357 0.9514422219
0.331548221 -0.939272945 -0.088555703 0.992468357 0.9514422219
0.293990405 -0.948487022 -0.118076289 0.992468357 0.9514422219
0.298315206 -0.94651998 -0.12291446 0.992468357 0.9514422219
0.299798036 -0.946078503 -0.122705355 0.992468357 0.9514422219
0.291018917 -0.949351157 -0.118492073 0.992468357 0.9514422219
0.295347292 -0.94739602 -0.123331903 0.992468357 0.9514422219
0.296831569 -0.946959162 -0.123123372 0.992468357 0.9514422219
0.30262621 -0.944509428 -0.127747085 0.992468357 0.9514422219
0.306923296 -0.94245545 -0.13257381 0.992468357 0.9514422219
0.308402401 -0.942002123 -0.132362985 0.992468357 0.9514422219
0.05628446 -0.977504859 -0.20326414 0.992468357 0.9514422219
0.04406952 -0.977356485 -0.206959366 0.992468357 0.9514422219
0.05734702 -0.978933117 -0.195962426 0.992468357 0.9514422219
0.029706556 -0.973870418 -0.225153123 0.992468357 0.9514422219
0.017475657 -0.973325637 -0.228761461 0.992468357 0.9514422219
0.030777518 -0.975487008 -0.217894106 0.992468357 0.9514422219
0.031846108 -0.977048997 -0.210620709 0.992468357 0.9514422219
0.019619438 -0.976581803 -0.214249994 0.992468357 0.9514422219
0.032914829 -0.978555264 -0.203337671 0.992468357 0.9514422219
0.628039415 -0.777920794 -0.020142775 0.992468357 0.9514422219
0.640700749 -0.767714817 -0.010793958 0.992468357 0.9514422219
0.645063913 -0.764043136 -0.01142955 0.992468357 0.9514422219
0.619141133 -0.785053021 -0.018868282 0.992468357 0.9514422219
0.631910507 -0.774982913 -0.009518204 0.992468357 0.9514422219
0.636315652 -0.771361953 -0.010155212 0.992468357 0.9514422219
0.6531358 -0.757239432 -0.001438545 0.992468357 0.9514422219
0.665340963 -0.746497642 0.007916649 0.992468357 0.9514422219
0.669591217 -0.74269417 0.007278199 0.992468357 0.9514422219
0.584949506 -0.810466757 -0.031268384 0.992468357 0.9514422219
0.583802003 -0.811347523 -0.029839875 0.992468357 0.9514422219
0.576116553 -0.816878126 -0.028281525 0.992468357 0.9514422219
0.600139604 -0.799156294 -0.034375478 0.992468357 0.9514422219
0.599011018 -0.800062652 -0.032947729 0.992468357 0.9514422219
0.591433754 -0.805742176 -0.031395231 0.992468357 0.9514422219
0.582652147 -0.812224902 -0.028410997 0.992468357 0.9514422219
0.581499849 -0.813098939 -0.026982214 0.992468357 0.9514422219
0.573795899 -0.81860364 -0.025423338 0.992468357 0.9514422219
0.365852432 -0.926326108 -0.089843973 0.992468357 0.9514422219
0.387756514 -0.918970147 -0.071685107 0.992468357 0.9514422219
0.354614276 -0.929825851 -0.098349388 0.992468357 0.9514422219
0.430887816 -0.901675493 -0.036290418 0.992468357 0.9514422219
0.45173564 -0.891970398 -0.017992228 0.992468357 0.9514422219
0.420151206 -0.906343502 -0.044882291 0.992468357 0.9514422219
0.409325465 -0.910820658 -0.053463949 0.992468357 0.9514422219
0.430541677 -0.901884129 -0.035197747 0.992468357 0.9514422219
0.398414176 -0.91510532 -0.062035462 0.992468357 0.9514422219
-0.872177545 0.488773094 -0.020179014 0.9922126432 0.9506533159
-0.882110946 0.469998512 -0.031331749 0.9922126432 0.9506533159
-0.867861072 0.496613541 -0.01386187 0.9922126432 0.9506533159
-0.898931782 0.434615759 -0.055052649 0.9922126432 0.9506533159
-0.907375929 0.415084709 -0.066133265 0.9922126432 0.9506533159
-0.895287848 0.442811302 -0.048762897 0.9922126432 0.9506533159
-0.891536874 0.450953052 -0.042465839 0.9922126432 0.9506533159
-0.900449066 0.431649076 -0.053577555 0.9922126432 0.9506533159
-0.88767829 0.459041711 -0.036165752 0.9922126432 0.9506533159
-0.850957102 0.525167143 -0.008454713 0.9922126432 0.9506533159
-0.845080509 0.534518759 -0.011341535 0.9922126432 0.9506533159
-0.851450249 0.52440567 -0.005582629 0.9922126432 0.9506533159
-0.838022484 0.545270162 -0.019969159 0.9922126432 0.9506533159
-0.831895675 0.554461351 -0.022851596 0.9922126432 0.9506533159
-0.838561933 0.544537905 -0.017098391 0.9922126432 0.9506533159
-0.839093694 0.543800856 -0.014226826 0.9922126432 0.9506533159
-0.8329977 0.553011797 -0.017110959 0.9922126432 0.9506533159
-0.839618018 0.543058588 -0.011355827 0.9922126432 0.9506533159
0.642659895 -0.766104362 -0.008506765 0.992468357 0.9514422219
0.664204153 -0.747463034 0.011482844 0.992468357 0.9514422219
0.63978677 -0.768497731 -0.009172083 0.992468357 0.9514422219
0.690341 -0.72274086 0.032786476 0.992468357 0.9514422219
0.710082991 -0.702141845 0.052715986 0.992468357 0.9514422219
0.68764822 -0.725333126 0.032121361 0.992468357 0.9514422219
0.684943838 -0.727916391 0.031458961 0.992468357 0.9514422219
0.704855641 -0.707486569 0.051393381 0.992468357 0.9514422219
0.682231334 -0.730487665 0.030792513 0.992468357 0.9514422219
-0.982747844 0.18473729 -0.00887738 0.992468357 0.9514422219
-0.981224117 0.192583225 -0.01053248 0.992468357 0.9514422219
-0.979927749 0.198726899 -0.015786894 0.992468357 0.9514422219
-0.985027348 0.172390412 0.001633883 0.992468357 0.9514422219
-0.983619306 0.180258318 -2.0585e-05 0.9922126432 0.9506533159
-0.982454633 0.186427072 -0.005276457 0.992468357 0.9514422219
-0.979634944 0.200416761 -0.012185975 0.992468357 0.9514422219
-0.977980568 0.208236618 -0.013839056 0.992468357 0.9514422219
-0.976569036 0.214355739 -0.019092827 0.992468357 0.9514422219
-0.951994691 0.28808963 -0.103491419 0.9922126432 0.9506533159
-0.954963492 0.280581283 -0.096534305 0.9922126432 0.9506533159
-0.950344784 0.2925096 -0.106221114 0.9922126432 0.9506533159
-0.960820333 0.264112624 -0.084076208 0.9922126432 0.9506533159
-0.963462171 0.256511298 -0.077088254 0.9922126432 0.9506533159
-0.959336336 0.268580789 -0.086822542 0.9922126432 0.9506533159
-0.957823812 0.273041124 -0.089566124 0.9922126432 0.9506533159
-0.960575365 0.26546974 -0.082588044 0.9922126432 0.9506533159
-0.956282865 0.277493137 -0.09230732 0.9922126432 0.9506533159
0.213060221 -0.895960002 -0.389693492 0.992468357 0.9514422219
0.197137956 -0.90015999 -0.388392353 0.992468357 0.9514422219
0.202883139 -0.898533907 -0.389198214 0.992468357 0.9514422219
0.201588178 -0.899292808 -0.388116802 0.992468357 0.9514422219
0.18562633 -0.903314088 -0.386738314 0.992468357 0.9514422219
0.191385633 -0.90175344 -0.38757228 0.992468357 0.9514422219
0.181161918 -0.904114412 -0.386985129 0.992468357 0.9514422219
0.165136466 -0.907822169 -0.385472252 0.992468357 0.9514422219
0.170918211 -0.906375554 -0.386355174 0.992468357 0.9514422219
0.309248137 -0.831687296 -0.461152721 0.992468357 0.9514422219
0.307810773 -0.83175061 -0.461999406 0.992468357 0.9514422219
0.311205559 -0.832808355 -0.457800551 0.992468357 0.9514422219
0.302435787 -0.829510224 -0.469516116 0.992468357 0.9514422219
0.300993294 -0.829559648 -0.470355002 0.992468357 0.9514422219
0.304406644 -0.830667699 -0.466184265 0.992468357 0.9514422219
0.306372527 -0.83181162 -0.462844794 0.992468357 0.9514422219
0.304933457 -0.831870291 -0.463688911 0.992468357 0.9514422219
0.308333439 -0.83294194 -0.459497786 0.992468357 0.9514422219
-0.278690941 -0.852497485 -0.442243595 0.992468357 0.9514422219
-0.275754687 -0.853232974 -0.442665612 0.992468357 0.9514422219
-0.278916415 -0.857448523 -0.432420702 0.992468357 0.9514422219
-0.272263156 -0.843745389 -0.462565122 0.992468357 0.9514422219
-0.269320433 -0.844463183 -0.462977793 0.992468357 0.9514422219
-0.272555649 -0.848904367 -0.452851846 0.992468357 0.9514422219
-0.272815147 -0.853960681 -0.443083571 0.992468357 0.9514422219
-0.269873771 -0.854680127 -0.443497495 0.992468357 0.9514422219
-0.273042334 -0.858913341 -0.433261765 0.992468357 0.9514422219
0.300721818 -0.860934766 -0.410314169 0.992468357 0.9514422219
0.302632984 -0.855778987 -0.419589802 0.992468357 0.9514422219
0.301683971 -0.854777709 -0.4223054 0.992468357 0.9514422219
0.302594066 -0.862864439 -0.404847861 0.992468357 0.9514422219
0.304523087 -0.85775757 -0.414146884 0.992468357 0.9514422219
0.303579608 -0.85677222 -0.416870225 0.992468357 0.9514422219
0.30450938 -0.850523599 -0.428816562 0.992468357 0.9514422219
0.306350281 -0.84516936 -0.437993446 0.992468357 0.9514422219
0.305383453 -0.844119693 -0.440684571 0.992468357 0.9514422219
0.287318166 -0.866907845 -0.407331634 0.992468357 0.9514422219
0.288780444 -0.867264833 -0.405533678 0.992468357 0.9514422219
0.282969799 -0.874385084 -0.394181199 0.992468357 0.9514422219
0.298745649 -0.852088955 -0.429762086 0.992468357 0.9514422219
0.30021737 -0.852470636 -0.427975871 0.992468357 0.9514422219
0.294530378 -0.859959432 -0.416799271 0.992468357 0.9514422219
0.290242031 -0.867616926 -0.403733122 0.992468357 0.9514422219
0.29170123 -0.867964305 -0.401930788 0.992468357 0.9514422219
0.285880986 -0.875059527 -0.390567391 0.992468357 0.9514422219
0.302503071 -0.836325278 -0.457221961 0.992468357 0.9514422219
0.300789725 -0.843246013 -0.445490406 0.992468357 0.9514422219
0.305203387 -0.839982154 -0.44864337 0.992468357 0.9514422219
0.293680849 -0.842864662 -0.450922079 0.992468357 0.9514422219
0.29192589 -0.849672744 -0.439130394 0.992468357 0.9514422219
0.29636303 -0.846476492 -0.442319457 0.992468357 0.9514422219
0.299018712 -0.850008242 -0.433674761 0.992468357 0.9514422219
0.297190892 -0.856610164 -0.421777903 0.992468357 0.9514422219
0.30164576 -0.853459771 -0.424989712 0.992468357 0.9514422219
0.333695347 -0.820556105 -0.464042125 0.992468357 0.9514422219
0.334615137 -0.818189714 -0.467544974 0.992468357 0.9514422219
0.337999414 -0.817040408 -0.467120292 0.992468357 0.9514422219
0.326911012 -0.822815711 -0.464869332 0.992468357 0.9514422219
0.327833493 -0.820456431 -0.468376394 0.992468357 0.9514422219
0.331226401 -0.81932839 -0.467963738 0.992468357 0.9514422219
0.33552854 -0.81580798 -0.471039211 0.992468357 0.9514422219
0.336435669 -0.813411029 -0.474524539 0.992468357 0.9514422219
0.339817144 -0.812254695 -0.47409558 0.992468357 0.9514422219
0.318230182 -0.828024688 -0.461632611 0.992468357 0.9514422219
0.319095775 -0.827325754 -0.462287771 0.992468357 0.9514422219
0.320921927 -0.826042413 -0.463317438 0.992468357 0.9514422219
0.314570106 -0.830571139 -0.459562001 0.992468357 0.9514422219
0.315437694 -0.82987743 -0.460220069 0.992468357 0.9514422219
0.317267693 -0.828604095 -0.461255314 0.992468357 0.9514422219
0.319960835 -0.82662544 -0.462942163 0.992468357 0.9514422219
0.320825362 -0.825923749 -0.463595781 0.992468357 0.9514422219
0.322649494 -0.824635201 -0.464622523 0.992468357 0.9514422219
0.339646876 -0.820368193 -0.460039158 0.992468357 0.9514422219
0.338717885 -0.822712613 -0.456523986 0.992468357 0.9514422219
0.34148623 -0.815633193 -0.46704352 0.992468357 0.9514422219
0.34056985 -0.8180083 -0.46354568 0.992468357 0.9514422219
0.341272964 -0.823643413 -0.452928573 0.992468357 0.9514422219
0.342877115 -0.826866 -0.445789079 0.992468357 0.9514422219
0.341926484 -0.829159144 -0.442245852 0.992468357 0.9514422219
0.241675938 -0.908716691 -0.340333244 0.992468357 0.9514422219
0.23701103 -0.912381754 -0.333744372 0.992468357 0.9514422219
0.231918128 -0.912731649 -0.336355345 0.992468357 0.9514422219
0.251833777 -0.907912897 -0.335073008 0.992468357 0.9514422219
0.24717356 -0.911592444 -0.328488125 0.992468357 0.9514422219
0.242096638 -0.912002091 -0.331121434 0.992468357 0.9514422219
0.23232799 -0.915975326 -0.327128273 0.992468357 0.9514422219
0.227626914 -0.919496663 -0.320486934 0.992468357 0.9514422219
0.222530029 -0.919831864 -0.323093993 0.992468357 0.9514422219
0.261858548 -0.897289612 -0.355389157 0.992468357 0.9514422219
0.256480618 -0.900376309 -0.351482851 0.992468357 0.9514422219
0.252803895 -0.900120976 -0.354785032 0.992468357 0.9514422219
0.26918948 -0.897723309 -0.348754764 0.992468357 0.9514422219
0.263815021 -0.900821189 -0.34485188 0.992468357 0.9514422219
0.260151169 -0.900609808 -0.348171427 0.992468357 0.9514422219
0.251089022 -0.903414862 -0.347557031 0.992468357 0.9514422219
0.245684159 -0.90640474 -0.343612777 0.992468357 0.9514422219
0.242004404 -0.906138128 -0.346911462 0.992468357 0.9514422219
0.198910808 -0.911179794 -0.360812795 0.9921671435 0.9506561059
0.189296457 -0.914635777 -0.357222965 0.9921671435 0.9506561059
0.19711253 -0.908360096 -0.368820535 0.9921671435 0.9506561059
0.183195886 -0.923339143 -0.337467176 0.9921671435 0.9506561059
0.173528832 -0.92654121 -0.333780063 0.9921671435 0.9506561059
0.181434375 -0.920696918 -0.345541247 0.9921671435 0.9506561059
0.179658379 -0.917984883 -0.353591037 0.9921671435 0.9506561059
0.170001585 -0.92122645 -0.349916117 0.9921671435 0.9506561059
0.177871211 -0.915203857 -0.361612683 0.9921671435 0.9506561059
0.19412217 -0.917842397 -0.346239681 0.9921671435 0.9506561059
0.186240072 -0.923802127 -0.33452095 0.9921671435 0.9506561059
0.209749687 -0.905277216 -0.369429602 0.9921671435 0.9506561059
0.20195902 -0.911666783 -0.357877397 0.9921671435 0.9506561059
0.20500484 -0.912137495 -0.354934086 0.9921671435 0.9506561059
0.215839425 -0.906225886 -0.363549152 0.9921671435 0.9506561059
0.208045301 -0.912591598 -0.351985408 0.9921671435 0.9506561059
0.13512339 -0.934804785 -0.328453472 0.9921671435 0.9506561059
0.130295461 -0.938655178 -0.319295395 0.9921671435 0.9506561059
0.119171508 -0.943485349 -0.309246743 0.9921671435 0.9506561059
0.157225018 -0.924141249 -0.348200008 0.9921671435 0.9506561059
0.152447284 -0.928298136 -0.339149518 0.9921671435 0.9506561059
0.14138947 -0.933592465 -0.329263006 0.9921671435 0.9506561059
0.125454011 -0.94239134 -0.310096521 0.9921671435 0.9506561059
0.120596 -0.94601227 -0.300861079 0.9921671435 0.9506561059
0.109429643 -0.950531511 -0.290714637 0.9921671435 0.9506561059
0.272886151 -0.879656239 -0.389535685 0.9921671435 0.9506561059
0.271534716 -0.880522617 -0.388521325 0.9921671435 0.9506561059
0.28016681 -0.874927265 -0.394979544 0.992468357 0.9514422219
0.255515221 -0.890497277 -0.376465897 0.9921671435 0.9506561059
0.254151629 -0.891322805 -0.375433891 0.9921671435 0.9506561059
0.262862562 -0.885988066 -0.382005787 0.9921671435 0.9506561059
0.270182301 -0.88138582 -0.387505563 0.9921671435 0.9506561059
0.268828912 -0.882245844 -0.386488404 0.9921671435 0.9506561059
0.277473668 -0.876691022 -0.392964648 0.9921671435 0.9506561059
0.086542907 -0.953350949 -0.289192484 0.9921671435 0.9506561059
0.101275355 -0.947510264 -0.303261606 0.9921671435 0.9506561059
0.079879316 -0.957723145 -0.276379582 0.9921671435 0.9506561059
0.129098005 -0.930703741 -0.342234205 0.9921671435 0.9506561059
0.143658097 -0.923448139 -0.355817209 0.9921671435 0.9506561059
0.122543947 -0.936080208 -0.329752671 0.9921671435 0.9506561059
0.115964988 -0.941244179 -0.317193185 0.9921671435 0.9506561059
0.130596877 -0.934554636 -0.330986539 0.9921671435 0.9506561059
0.109353965 -0.946193128 -0.304565716 0.9921671435 0.9506561059
0.244623169 -0.895965718 -0.37068172 0.9921671435 0.9506561059
0.252005229 -0.891578339 -0.37627308 0.9921671435 0.9506561059
0.240320434 -0.896440444 -0.372344758 0.9921671435 0.9506561059
0.247708157 -0.892074884 -0.377945856 0.992468357 0.9514422219
0.24985723 -0.891828981 -0.377110638 0.9921671435 0.9506561059
0.259360582 -0.88709724 -0.381825321 0.9921671435 0.9506561059
0.266688673 -0.882523031 -0.387337387 0.9921671435 0.9506561059
0.240957956 -0.896371217 -0.372099322 0.992468357 0.9514422219
0.24067418 -0.896662433 -0.371580975 0.992468357 0.9514422219
0.234620208 -0.896806175 -0.37508938 0.992468357 0.9514422219
0.253030238 -0.895952119 -0.365028079 0.992468357 0.9514422219
0.252746413 -0.896243258 -0.364509634 0.992468357 0.9514422219
0.246716341 -0.8964748 -0.368054317 0.992468357 0.9514422219
0.240390276 -0.896953288 -0.371062414 0.992468357 0.9514422219
0.240106297 -0.897243725 -0.370543742 0.992468357 0.9514422219
0.23405239 -0.89738753 -0.374052269 0.992468357 0.9514422219
0.273896845 -0.884310867 -0.3781201 0.992468357 0.9514422219
0.276010066 -0.882226428 -0.381438033 0.992468357 0.9514422219
0.261190802 -0.893690409 -0.364824366 0.992468357 0.9514422219
0.303070218 -0.859923082 -0.410707604 0.992468357 0.9514422219
0.305119103 -0.857646337 -0.413938515 0.992468357 0.9514422219
0.290655771 -0.870209212 -0.397812959 0.992468357 0.9514422219
0.278117329 -0.880124467 -0.384748846 0.992468357 0.9514422219
0.280219686 -0.878005096 -0.388051517 0.992468357 0.9514422219
0.26546096 -0.889664651 -0.371520239 0.992468357 0.9514422219
0.211644874 -0.896679207 -0.388809524 0.992468357 0.9514422219
0.219131766 -0.896987137 -0.383921014 0.992468357 0.9514422219
0.211361092 -0.896970702 -0.388291191 0.992468357 0.9514422219
0.227168785 -0.896640946 -0.380038625 0.992468357 0.9514422219
0.22688503 -0.896932278 -0.379520319 0.992468357 0.9514422219
0.226601124 -0.897223266 -0.37900177 0.992468357 0.9514422219
0.226317166 -0.897513819 -0.378483138 0.992468357 0.9514422219
0.251053783 -0.896915115 -0.364026475 0.992468357 0.9514422219
0.249481185 -0.898362418 -0.361530225 0.992468357 0.9514422219
0.254098139 -0.898867655 -0.357030917 0.992468357 0.9514422219
0.241786345 -0.895783649 -0.372975894 0.992468357 0.9514422219
0.244853509 -0.897819734 -0.366014322 0.992468357 0.9514422219
0.247905602 -0.899800137 -0.359029978 0.992468357 0.9514422219
0.250942497 -0.901724623 -0.352023534 0.992468357 0.9514422219
0.252185757 -0.896387511 -0.364543239 0.992468357 0.9514422219
0.258204355 -0.896115235 -0.360981989 0.992468357 0.9514422219
0.240111708 -0.896800416 -0.371611868 0.992468357 0.9514422219
0.246154757 -0.896615921 -0.368086574 0.992468357 0.9514422219
0.251340939 -0.896821922 -0.364057925 0.992468357 0.9514422219
0.250495877 -0.897255271 -0.363572268 0.992468357 0.9514422219
0.256516312 -0.896989167 -0.360013632 0.992468357 0.9514422219
0.269454293 -0.896748042 -0.351051752 0.992468357 0.9514422219
0.260201169 -0.905337143 -0.335648639 0.992468357 0.9514422219
0.287630762 -0.878506077 -0.381438878 0.992468357 0.9514422219
0.278598648 -0.887802845 -0.366318034 0.992468357 0.9514422219
0.267925362 -0.894057656 -0.358994301 0.992468357 0.9514422219
0.266380596 -0.891302155 -0.366908499 0.992468357 0.9514422219
0.257200334 -0.900127531 -0.351594106 0.992468357 0.9514422219
0.070455325 -0.960493352 -0.269237011 0.992468357 0.9514422219
0.090154863 -0.95811114 -0.271836614 0.992468357 0.9514422219
0.078788219 -0.960257049 -0.267766347 0.992468357 0.9514422219
0.09319081 -0.956228918 -0.277383722 0.992468357 0.9514422219
0.112846391 -0.953387468 -0.279853582 0.9921671435 0.9506561059
0.101508093 -0.955820897 -0.275866851 0.992468357 0.9514422219
0.109818435 -0.95534494 -0.274328192 0.992468357 0.9514422219
0.12943755 -0.952195831 -0.276711076 0.992468357 0.9514422219
0.118120435 -0.954800249 -0.272771054 0.992468357 0.9514422219
-0.036117792 -0.969291701 -0.243247001 0.9921671435 0.9506561059
-0.045274326 -0.969431142 -0.24115036 0.9921671435 0.9506561059
-0.031742236 -0.967727347 -0.249992426 0.9921671435 0.9506561059
-0.063159078 -0.972207067 -0.225442565 0.9921671435 0.9506561059
-0.072300779 -0.972069414 -0.223279312 0.9921671435 0.9506561059
-0.058795207 -0.970878658 -0.232245033 0.9921671435 0.9506561059
-0.054427617 -0.96948487 -0.239032887 0.9921671435 0.9506561059
-0.063575126 -0.969453432 -0.2368929 0.9921671435 0.9506561059
-0.050055398 -0.968026446 -0.245803288 0.9921671435 0.9506561059
0.063681808 -0.962132997 -0.265037212 0.9921671435 0.9506561059
0.078958008 -0.958573157 -0.273684372 0.9921671435 0.9506561059
0.0587544 -0.965002402 -0.25557442 0.9921671435 0.9506561059
0.10398352 -0.947976222 -0.300879561 0.9921671435 0.9506561059
0.099102305 -0.951398736 -0.291580484 0.9921671435 0.9506561059
0.094210957 -0.954705906 -0.282242678 0.9921671435 0.9506561059
0.089304075 -0.957895723 -0.272874634 0.9921671435 0.9506561059
-0.008471505 -0.967575539 -0.252439714 0.9921671435 0.9506561059
-0.000923438 -0.968787388 -0.247891397 0.9921671435 0.9506561059
-0.010262164 -0.967343702 -0.253260439 0.9921671435 0.9506561059
0.010206037 -0.970306891 -0.241661692 0.9921671435 0.9506561059
0.017753212 -0.971331306 -0.237066062 0.9921671435 0.9506561059
0.008415394 -0.970116639 -0.242493066 0.9921671435 0.9506561059
0.006624698 -0.969922579 -0.243323457 0.9921671435 0.9506561059
0.014172333 -0.970981011 -0.2387363 0.9921671435 0.9506561059
0.004833999 -0.969724693 -0.244152927 0.9921671435 0.9506561059
-0.149329013 -0.973527395 -0.17304698 0.9921671435 0.9506561059
-0.132687936 -0.972946225 -0.189128408 0.9921671435 0.9506561059
-0.156731626 -0.974287579 -0.161860779 0.9921671435 0.9506561059
-0.100938331 -0.968616793 -0.22714084 0.9921671435 0.9506561059
-0.084100688 -0.966405619 -0.242872917 0.9921671435 0.9506561059
-0.108467151 -0.970317635 -0.216144777 0.9921671435 0.9506561059
-0.115974262 -0.971844059 -0.205107522 0.9921671435 0.9506561059
-0.099202064 -0.970220001 -0.220979866 0.9921671435 0.9506561059
-0.123464064 -0.973193971 -0.19403639 0.9921671435 0.9506561059
-0.177400798 -0.968541777 -0.174515851 0.9921671435 0.9506561059
-0.184941474 -0.969068949 -0.16340754 0.9921671435 0.9506561059
-0.202354264 -0.968157575 -0.147389491 0.9921671435 0.9506561059
-0.142171422 -0.96813669 -0.206151975 0.9921671435 0.9506561059
-0.149808295 -0.96926393 -0.195153554 0.9921671435 0.9506561059
-0.167420982 -0.969438431 -0.179330262 0.9921671435 0.9506561059
-0.19244474 -0.969422552 -0.152266009 0.9921671435 0.9506561059
-0.19991562 -0.969600251 -0.141099601 0.9921671435 0.9506561059
-0.21720939 -0.968088688 -0.124997492 0.9921671435 0.9506561059
0.008882942 -0.970382925 -0.241408516 0.992468357 0.9514422219
0.005648648 -0.970312083 -0.241790313 0.992468357 0.9514422219
0.00130544 -0.969976155 -0.243196537 0.992468357 0.9514422219
0.017568565 -0.970965425 -0.238573866 0.992468357 0.9514422219
0.014334598 -0.970922954 -0.238962626 0.9921671435 0.9506561059
0.009991726 -0.97062769 -0.240378978 0.992468357 0.9514422219
0.002414282 -0.970230954 -0.242169499 0.992468357 0.9514422219
-0.0008201 -0.970139524 -0.242546141 0.992468357 0.9514422219
-0.0051633 -0.969775241 -0.243945326 0.992468357 0.9514422219
-0.016239169 -0.968181794 -0.24972045 0.9921671435 0.9506561059
-0.019072627 -0.966768049 -0.254942689 0.9921671435 0.9506561059
-0.011231785 -0.968296484 -0.249551129 0.9921671435 0.9506561059
-0.031917047 -0.964957049 -0.260459586 0.9921671435 0.9506561059
-0.034747959 -0.963441766 -0.265654931 0.9921671435 0.9506561059
-0.026911686 -0.965149747 -0.260310826 0.9921671435 0.9506561059
-0.021905362 -0.965318175 -0.260155676 0.9921671435 0.9506561059
-0.024737578 -0.963832397 -0.265358555 0.9921671435 0.9506561059
-0.016898785 -0.965462462 -0.259993589 0.992468357 0.9514422219
-0.073309491 -0.959501145 -0.271998661 0.992468357 0.9514422219
-0.084481952 -0.961897507 -0.260030738 0.9921671435 0.9506561059
-0.091099021 -0.96178933 -0.258190344 0.9921671435 0.9506561059
-0.060050404 -0.959397448 -0.275591158 0.9921671435 0.9506561059
-0.071234248 -0.961978627 -0.263671771 0.9921671435 0.9506561059
-0.077859192 -0.961961002 -0.261856785 0.9921671435 0.9506561059
-0.095629578 -0.964031208 -0.247989542 0.9921671435 0.9506561059
-0.106751235 -0.96590073 -0.235881229 0.9921671435 0.9506561059
-0.113351181 -0.965607255 -0.233996022 0.9921671435 0.9506561059
-0.022651779 -0.962642859 -0.269825172 0.992468357 0.9514422219
-0.023116189 -0.962332972 -0.270889078 0.992468357 0.9514422219
-0.015919262 -0.964006477 -0.265401752 0.992468357 0.9514422219
-0.037039666 -0.959070065 -0.28073595 0.992468357 0.9514422219
-0.037503449 -0.958741524 -0.281794572 0.992468357 0.9514422219
-0.030311108 -0.960577933 -0.276353527 0.992468357 0.9514422219
-0.023580516 -0.962021678 -0.271952662 0.992468357 0.9514422219
-0.02404487 -0.961709014 -0.273015779 0.992468357 0.9514422219
-0.016848411 -0.963401225 -0.267533569 0.992468357 0.9514422219
-0.007997526 -0.968423281 -0.249183443 0.992468357 0.9514422219
-0.01366461 -0.96561098 -0.259631882 0.992468357 0.9514422219
-0.010831263 -0.967035152 -0.254412459 0.992468357 0.9514422219
-0.004762991 -0.968539753 -0.248813306 0.992468357 0.9514422219
-0.001528583 -0.968645969 -0.248440438 0.992468357 0.9514422219
-0.012911013 -0.96461394 -0.263350055 0.992468357 0.9514422219
-0.012446354 -0.964910846 -0.262282573 0.992468357 0.9514422219
-0.013840254 -0.964015948 -0.265483896 0.992468357 0.9514422219
-0.013375638 -0.964315639 -0.264417173 0.992468357 0.9514422219
-0.009902573 -0.965208254 -0.261294786 0.992468357 0.9514422219
-0.006894003 -0.965789415 -0.259235953 0.992468357 0.9514422219
-0.00642929 -0.966079049 -0.258166488 0.992468357 0.9514422219
-0.127501166 -0.964576628 -0.230944544 0.992468357 0.9514422219
-0.102962204 -0.963593828 -0.246750317 0.992468357 0.9514422219
-0.107776898 -0.964006245 -0.243055755 0.992468357 0.9514422219
-0.117899255 -0.963986134 -0.238391483 0.992468357 0.9514422219
-0.09332182 -0.962661905 -0.254112364 0.992468357 0.9514422219
-0.09814407 -0.963145565 -0.250436343 0.992468357 0.9514422219
-0.07833579 -0.96178894 -0.262346218 0.992468357 0.9514422219
-0.053642675 -0.959163646 -0.277718496 0.992468357 0.9514422219
-0.058485633 -0.959916697 -0.274115606 0.992468357 0.9514422219
-0.001708993 -0.967134355 -0.254260141 0.992468357 0.9514422219
-0.004717719 -0.966578921 -0.256325834 0.992468357 0.9514422219
0.001714253 -0.968097195 -0.250569115 0.992468357 0.9514422219
-0.001294522 -0.967559624 -0.252639463 0.992468357 0.9514422219
-0.003006135 -0.967072449 -0.254483478 0.992468357 0.9514422219
-0.007726398 -0.966010319 -0.258388016 0.992468357 0.9514422219
-0.010734963 -0.96542855 -0.260446683 0.992468357 0.9514422219
-0.175755725 -0.973028983 -0.149413933 0.992468357 0.9514422219
-0.188530911 -0.970755638 -0.148625659 0.992468357 0.9514422219
-0.199650729 -0.969612578 -0.141389659 0.992468357 0.9514422219
-0.153367499 -0.974505653 -0.163759402 0.992468357 0.9514422219
-0.166195384 -0.972523778 -0.163023297 0.992468357 0.9514422219
-0.177378911 -0.971725684 -0.155839396 0.992468357 0.9514422219
-0.201275484 -0.968317357 -0.147816359 0.992468357 0.9514422219
-0.213984865 -0.965715953 -0.146980189 0.992468357 0.9514422219
-0.225040655 -0.964283044 -0.139695795 0.992468357 0.9514422219
-0.072680646 -0.977888532 -0.196090648 0.9921671435 0.9506561059
-0.078893669 -0.97724428 -0.19689948 0.9921671435 0.9506561059
-0.05801317 -0.975108016 -0.214006608 0.9921671435 0.9506561059
-0.114279185 -0.980233179 -0.161502884 0.9921671435 0.9506561059
-0.120474752 -0.979363653 -0.16227344 0.9921671435 0.9506561059
-0.099720884 -0.978662897 -0.179651548 0.9921671435 0.9506561059
-0.085108126 -0.976560141 -0.197704067 0.9921671435 0.9506561059
-0.09131487 -0.975838642 -0.198495691 0.9921671435 0.9506561059
-0.070444752 -0.973927728 -0.215643959 0.9921671435 0.9506561059
-0.239897702 -0.963227709 -0.121001956 0.9921671435 0.9506561059
-0.232695751 -0.964999065 -0.120952432 0.9921671435 0.9506561059
-0.224196523 -0.967019048 -0.120872159 0.9921671435 0.9506561059
-0.25681051 -0.958842282 -0.121119118 0.9921671435 0.9506561059
-0.249640279 -0.960738302 -0.121085285 0.9921671435 0.9506561059
-0.241177219 -0.96290543 -0.121023478 0.9921671435 0.9506561059
-0.225481001 -0.966717339 -0.120896259 0.9921671435 0.9506561059
-0.218253846 -0.968382435 -0.120833433 0.9921671435 0.9506561059
-0.20972595 -0.970277014 -0.120737494 0.9921671435 0.9506561059
-0.259660856 -0.958846804 -0.114843577 0.9921671435 0.9506561059
-0.275831432 -0.954808814 -0.110712017 0.9921671435 0.9506561059
-0.273974415 -0.955585067 -0.108605706 0.9921671435 0.9506561059
-0.263381072 -0.957316867 -0.119058086 0.9921671435 0.9506561059
-0.279539095 -0.953231673 -0.114922898 0.9921671435 0.9506561059
-0.277686595 -0.954024164 -0.112818659 0.9921671435 0.9506561059
-0.291921163 -0.950488994 -0.106549083 0.9921671435 0.9506561059
-0.307924635 -0.945888943 -0.102354905 0.9921671435 0.9506561059
-0.306081278 -0.946712033 -0.100252572 0.9921671435 0.9506561059
-0.265526986 -0.957613594 -0.111676431 0.9921671435 0.9506561059
-0.280264686 -0.953123553 -0.114049102 0.9921671435 0.9506561059
-0.263062206 -0.958165822 -0.112767608 0.9921671435 0.9506561059
-0.299816667 -0.947137705 -0.114193402 0.9921671435 0.9506561059
-0.314392511 -0.942117088 -0.116502109 0.9921671435 0.9506561059
-0.297376687 -0.947773406 -0.115293873 0.9921671435 0.9506561059
-0.29493433 -0.948401886 -0.116394175 0.9921671435 0.9506561059
-0.30953239 -0.94344984 -0.118710147 0.9921671435 0.9506561059
-0.292489822 -0.949023262 -0.117492777 0.9921671435 0.9506561059
-0.141966091 -0.978368735 -0.150466767 0.9921671435 0.9506561059
-0.137085497 -0.976986302 -0.163417662 0.9921671435 0.9506561059
-0.12158127 -0.977667247 -0.171419803 0.9921671435 0.9506561059
-0.172789586 -0.975764433 -0.134266636 0.9921671435 0.9506561059
-0.167973173 -0.974727772 -0.147277915 0.9921671435 0.9506561059
-0.152554716 -0.976005394 -0.155372229 0.9921671435 0.9506561059
-0.132185168 -0.975412764 -0.176343475 0.9921671435 0.9506561059
-0.127256723 -0.973651724 -0.189230142 0.9921671435 0.9506561059
-0.111700066 -0.973987399 -0.197158926 0.9921671435 0.9506561059
-0.333959508 -0.936263121 -0.109006493 0.9921671435 0.9506561059
-0.33154993 -0.93698918 -0.110117759 0.9921671435 0.9506561059
-0.367872237 -0.92489614 -0.096110081 0.9921671435 0.9506561059
-0.365499202 -0.925719298 -0.09723227 0.9921671435 0.9506561059
-0.348587565 -0.931522578 -0.103693763 0.9921671435 0.9506561059
-0.329137892 -0.937708112 -0.111228346 0.9921671435 0.9506561059
-0.326723322 -0.938419978 -0.112337956 0.9921671435 0.9506561059
-0.288190659 -0.950907572 -0.112787119 0.9921671435 0.9506561059
-0.29819732 -0.94708402 -0.118786438 0.9921671435 0.9506561059
-0.291890014 -0.949337282 -0.116442884 0.9921671435 0.9506561059
-0.300811131 -0.946420554 -0.117476797 0.9921671435 0.9506561059
-0.310766606 -0.942434528 -0.123455565 0.9921671435 0.9506561059
-0.304489722 -0.944783051 -0.12112389 0.9921671435 0.9506561059
-0.30815914 -0.94311768 -0.124767729 0.9921671435 0.9506561059
-0.318074581 -0.939009172 -0.130730011 0.9921671435 0.9506561059
-0.311819537 -0.941424475 -0.128407685 0.9921671435 0.9506561059
-0.387560286 -0.91362989 -0.12279026 0.992468357 0.9514422219
-0.376236545 -0.917818376 -0.126710267 0.992468357 0.9514422219
-0.393063472 -0.91175806 -0.119156814 0.992468357 0.9514422219
-0.353666286 -0.925163328 -0.137815004 0.992468357 0.9514422219
-0.342163251 -0.928899296 -0.141670066 0.992468357 0.9514422219
-0.359267671 -0.923532827 -0.134215714 0.992468357 0.9514422219
-0.364852046 -0.921859053 -0.130609611 0.992468357 0.9514422219
-0.353409016 -0.925750975 -0.134488661 0.992468357 0.9514422219
-0.370419537 -0.920141752 -0.126998122 0.992468357 0.9514422219
-0.173674555 -0.970865589 -0.165097419 0.9921671435 0.9506561059
-0.191983929 -0.970297123 -0.147192611 0.9921671435 0.9506561059
-0.169970437 -0.971073435 -0.167709373 0.9921671435 0.9506561059
-0.217474442 -0.968171502 -0.123890315 0.9921671435 0.9506561059
-0.235468404 -0.966108645 -0.105776735 0.9921671435 0.9506561059
-0.213823365 -0.968641629 -0.126542338 0.9921671435 0.9506561059
-0.210167242 -0.969092046 -0.12919109 0.9921671435 0.9506561059
-0.228213393 -0.967250843 -0.111105602 0.9921671435 0.9506561059
-0.20650753 -0.969522246 -0.131837984 0.9921671435 0.9506561059
-0.273825338 -0.955557387 -0.109223465 0.9921671435 0.9506561059
-0.284703556 -0.952021742 -0.112242989 0.9921671435 0.9506561059
-0.282030659 -0.9528642 -0.111841515 0.9921671435 0.9506561059
-0.279183009 -0.953912988 -0.110031171 0.9921671435 0.9506561059
-0.290042502 -0.95031394 -0.113043189 0.9921671435 0.9506561059
-0.287374194 -0.951171654 -0.112643496 0.9921671435 0.9506561059
-0.295541951 -0.948352859 -0.115246737 0.9921671435 0.9506561059
-0.306338988 -0.944551252 -0.118234334 0.9921671435 0.9506561059
-0.303685645 -0.945456836 -0.117840571 0.992468357 0.9514422219
-0.419777053 -0.901917883 -0.101643289 0.992468357 0.9514422219
-0.409968416 -0.905359116 -0.110683192 0.992468357 0.9514422219
-0.394363271 -0.910521037 -0.124213736 0.992468357 0.9514422219
-0.450170755 -0.889838946 -0.074383741 0.992468357 0.9514422219
-0.440614727 -0.893806479 -0.083478384 0.992468357 0.9514422219
-0.42538803 -0.899786673 -0.097102869 0.992468357 0.9514422219
-0.400082263 -0.908628362 -0.119702478 0.992468357 0.9514422219
-0.390120015 -0.911725282 -0.128698811 0.992468357 0.9514422219
-0.374284505 -0.91635318 -0.142154701 0.992468357 0.9514422219
-0.354872228 -0.923168774 -0.147733258 0.992468357 0.9514422219
-0.347968744 -0.92602442 -0.146275513 0.992468357 0.9514422219
-0.357262896 -0.921938799 -0.149639813 0.992468357 0.9514422219
-0.336220721 -0.931171702 -0.140978325 0.992468357 0.9514422219
-0.329261977 -0.93387742 -0.139497366 0.992468357 0.9514422219
-0.338634748 -0.930004118 -0.142894535 0.992468357 0.9514422219
-0.341045059 -0.928826421 -0.144809348 0.992468357 0.9514422219
-0.334101692 -0.931574611 -0.143334584 0.992468357 0.9514422219
-0.343451744 -0.927638638 -0.146722379 0.992468357 0.9514422219
-0.212782931 -0.966153427 -0.145845742 0.9921671435 0.9506561059
-0.204716684 -0.966293821 -0.15610039 0.9921671435 0.9506561059
-0.18674913 -0.967804665 -0.168756907 0.9921671435 0.9506561059
-0.248287897 -0.961195071 -0.120237915 0.9921671435 0.9506561059
-0.240350746 -0.961863857 -0.130573501 0.992468357 0.9514422219
-0.222588556 -0.964312549 -0.143372391 0.9921671435 0.9506561059
-0.196619253 -0.966268229 -0.166332738 0.9921671435 0.9506561059
-0.188486337 -0.966079043 -0.176533804 0.9921671435 0.9506561059
-0.170410939 -0.967060094 -0.189089626 0.9921671435 0.9506561059
-0.261438021 -0.957183025 -0.124301317 0.992468357 0.9514422219
-0.258951975 -0.95743928 -0.127490786 0.992468357 0.9514422219
-0.249078496 -0.959910135 -0.128578519 0.992468357 0.9514422219
-0.281087034 -0.951885881 -0.122079274 0.992468357 0.9514422219
-0.278616775 -0.952196638 -0.125276718 0.992468357 0.9514422219
-0.268798547 -0.954867947 -0.126390447 0.992468357 0.9514422219
-0.256461902 -0.957679651 -0.130678913 0.992468357 0.9514422219
-0.253967574 -0.957904391 -0.13386429 0.992468357 0.9514422219
-0.244079438 -0.960320516 -0.13494345 0.992468357 0.9514422219
-0.321009964 -0.936558911 -0.140748032 0.992468357 0.9514422219
-0.319287029 -0.937131015 -0.140858984 0.992468357 0.9514422219
-0.315078815 -0.939155646 -0.136791861 0.992468357 0.9514422219
-0.329384271 -0.932387049 -0.148863669 0.992468357 0.9514422219
-0.327666433 -0.932974035 -0.148977043 0.992468357 0.9514422219
-0.323482934 -0.935070452 -0.144920807 0.992468357 0.9514422219
-0.317562973 -0.937700026 -0.140969572 0.992468357 0.9514422219
-0.315837932 -0.938265923 -0.14107962 0.992468357 0.9514422219
-0.311624794 -0.940275602 -0.137010147 0.992468357 0.9514422219
-0.41402042 -0.900125207 -0.135505366 0.992468357 0.9514422219
-0.392276253 -0.907681598 -0.149108882 0.992468357 0.9514422219
-0.403780908 -0.904227208 -0.139047238 0.992468357 0.9514422219
-0.391046653 -0.907115761 -0.15563904 0.992468357 0.9514422219
-0.368980003 -0.913921368 -0.16911975 0.992468357 0.9514422219
-0.380675643 -0.910912712 -0.159135434 0.992468357 0.9514422219
-0.370251982 -0.914588614 -0.162607308 0.992468357 0.9514422219
-0.347964195 -0.920840944 -0.17599112 0.992468357 0.9514422219
-0.359779834 -0.91814099 -0.166059005 0.992468357 0.9514422219
-0.300065644 -0.946089877 -0.121961283 0.992468357 0.9514422219
-0.291078758 -0.949354936 -0.118314674 0.992468357 0.9514422219
-0.292987774 -0.948763215 -0.118349168 0.992468357 0.9514422219
-0.296255443 -0.947298382 -0.121895399 0.992468357 0.9514422219
-0.287257193 -0.950527001 -0.118244347 0.992468357 0.9514422219
-0.289168526 -0.949942866 -0.118279813 0.992468357 0.9514422219
-0.282061338 -0.952520579 -0.114655781 0.992468357 0.9514422219
-0.273014378 -0.955586469 -0.110984908 0.992468357 0.9514422219
-0.274934322 -0.955031336 -0.111023717 0.992468357 0.9514422219
-0.473941305 -0.878723495 -0.056786073 0.992468357 0.9514422219
-0.458707705 -0.886876083 -0.055118554 0.992468357 0.9514422219
-0.444588802 -0.893453725 -0.063884566 0.992468357 0.9514422219
-0.501488019 -0.864277087 -0.039177604 0.992468357 0.9514422219
-0.486496787 -0.872876383 -0.037519278 0.992468357 0.9514422219
-0.472678088 -0.880016808 -0.046323239 0.992468357 0.9514422219
-0.443333906 -0.89476313 -0.053422732 0.992468357 0.9514422219
-0.42782917 -0.902378867 -0.051716356 0.992468357 0.9514422219
-0.413491926 -0.908497723 -0.060467461 0.992468357 0.9514422219
-0.369348444 -0.926606706 -0.070581437 0.992468357 0.9514422219
-0.35519922 -0.931365488 -0.079948992 0.992468357 0.9514422219
-0.383817886 -0.920891495 -0.068137246 0.992468357 0.9514422219
-0.311383896 -0.945619376 -0.094042892 0.992468357 0.9514422219
-0.29685716 -0.949316639 -0.103313817 0.992468357 0.9514422219
-0.326201506 -0.940844082 -0.091678739 0.992468357 0.9514422219
-0.340940066 -0.935834522 -0.089295123 0.992468357 0.9514422219
-0.326572782 -0.940014313 -0.098606841 0.992468357 0.9514422219
-0.355591854 -0.930594343 -0.086882688 0.992468357 0.9514422219
-0.680118948 -0.732902815 0.017078656 0.992468357 0.9514422219
-0.676061852 -0.736669135 0.016092177 0.992468357 0.9514422219
-0.695170789 -0.718358245 0.026438724 0.992468357 0.9514422219
-0.640485047 -0.767962008 -0.003641281 0.992468357 0.9514422219
-0.636221165 -0.771492842 -0.004628577 0.992468357 0.9514422219
-0.656406554 -0.754385549 0.005733942 0.992468357 0.9514422219
-0.671982934 -0.740412541 0.015106496 0.992468357 0.9514422219
-0.667883263 -0.744132119 0.014118685 0.992468357 0.9514422219
-0.68720654 -0.726049873 0.024469456 0.992468357 0.9514422219
-0.683193614 -0.730129518 0.012544851 0.992468357 0.9514422219
-0.663684531 -0.74800939 0.002190017 0.992468357 0.9514422219
-0.649877064 -0.759844105 -0.017226064 0.992468357 0.9514422219
-0.629389571 -0.77660052 -0.027575347 0.992468357 0.9514422219
-0.646771147 -0.76257836 -0.012701544 0.992468357 0.9514422219
-0.643638377 -0.765286171 -0.008167931 0.992468357 0.9514422219
-0.623076111 -0.781941767 -0.01852655 0.992468357 0.9514422219
-0.558406445 -0.829472451 -0.012557664 0.9921671435 0.9506561059
-0.544929371 -0.838432187 -0.009134999 0.9921671435 0.9506561059
-0.555602252 -0.831352639 -0.012606668 0.9921671435 0.9506561059
-0.53701172 -0.843556102 -0.00561386 0.9921671435 0.9506561059
-0.523297573 -0.852147208 -0.00218768 0.9921671435 0.9506561059
-0.534160537 -0.845364103 -0.005661638 0.9921671435 0.9506561059
-0.531303191 -0.84716251 -0.005709752 0.9921671435 0.9506561059
-0.517531708 -0.855660985 -0.002282626 0.9921671435 0.9506561059
-0.528439862 -0.848951214 -0.005757484 0.9921671435 0.9506561059
-0.463455673 -0.885724016 -0.026491632 0.9921671435 0.9506561059
-0.443594173 -0.895177679 -0.043372031 0.9921671435 0.9506561059
-0.446037037 -0.894156145 -0.039188656 0.9921671435 0.9506561059
-0.458652556 -0.887931497 -0.034863874 0.9921671435 0.9506561059
-0.438676577 -0.897154466 -0.051737075 0.9921671435 0.9506561059
-0.441141481 -0.896176659 -0.04755618 0.9921671435 0.9506561059
-0.423392683 -0.903942519 -0.060220922 0.9921671435 0.9506561059
-0.40286604 -0.912012222 -0.077023767 0.9921671435 0.9506561059
-0.405417418 -0.911223936 -0.072853654 0.9921671435 0.9506561059
-0.596799893 -0.802087723 -0.022026629 0.992468357 0.9514422219
-0.610248431 -0.791708963 -0.02817393 0.992468357 0.9514422219
-0.59821906 -0.800948402 -0.02481155 0.992468357 0.9514422219
-0.620756105 -0.7834765 -0.02874773 0.992468357 0.9514422219
-0.633862349 -0.772659056 -0.034878442 0.992468357 0.9514422219
-0.622130661 -0.7822783 -0.031529378 0.992468357 0.9514422219
-0.623497961 -0.78107169 -0.034311904 0.992468357 0.9514422219
-0.636544211 -0.770179375 -0.040437585 0.992468357 0.9514422219
-0.624858576 -0.779856316 -0.037092955 0.992468357 0.9514422219
-0.551642451 -0.834047845 -0.007402663 0.992468357 0.9514422219
-0.542927716 -0.839732187 -0.008907809 0.992468357 0.9514422219
-0.537291716 -0.843364411 -0.007354087 0.992468357 0.9514422219
-0.562762367 -0.826551941 -0.010507537 0.992468357 0.9514422219
-0.554122213 -0.83234861 -0.012015164 0.992468357 0.9514422219
-0.548537989 -0.836060178 -0.010462008 0.992468357 0.9514422219
-0.534152967 -0.845323713 -0.01041287 0.992468357 0.9514422219
-0.525319252 -0.850821769 -0.011916428 0.992468357 0.9514422219
-0.519611647 -0.854339745 -0.010360332 0.992468357 0.9514422219
-0.740787497 -0.671639638 0.011579341 0.992468357 0.9514422219
-0.724456887 -0.689317308 -0.001966569 0.992468357 0.9514422219
-0.745018025 -0.666740634 0.020126341 0.992468357 0.9514422219
-0.698075118 -0.715282366 -0.032592416 0.992468357 0.9514422219
-0.680272864 -0.731507527 -0.046103891 0.992468357 0.9514422219
-0.702865206 -0.710916206 -0.024055156 0.992468357 0.9514422219
-0.707572341 -0.706470693 -0.015509448 0.992468357 0.9514422219
-0.690151728 -0.723081477 -0.029047709 0.992468357 0.9514422219
-0.712201766 -0.701940222 -0.006969171 0.992468357 0.9514422219
-0.559611639 -0.828711319 -0.008506688 0.992468357 0.9514422219
-0.566274585 -0.824099382 -0.013903323 0.992468357 0.9514422219
-0.556070224 -0.831116761 -0.005553038 0.992468357 0.9514422219
-0.579805787 -0.814364857 -0.025201752 0.992468357 0.9514422219
-0.586302068 -0.809514652 -0.0305927 0.992468357 0.9514422219
-0.576352615 -0.816898145 -0.0222505 0.992468357 0.9514422219
-0.572883859 -0.819409328 -0.019298634 0.992468357 0.9514422219
-0.579438818 -0.814641611 -0.024692135 0.992468357 0.9514422219
-0.569399593 -0.821898353 -0.016346265 0.992468357 0.9514422219
-0.528890497 -0.848551741 -0.015322695 0.992468357 0.9514422219
-0.519169331 -0.854476601 -0.018246754 0.992468357 0.9514422219
-0.539776382 -0.841802799 -0.003083032 0.992468357 0.9514422219
-0.486742725 -0.872353985 -0.045607502 0.992468357 0.9514422219
-0.476697954 -0.877727675 -0.048509685 0.992468357 0.9514422219
-0.49813693 -0.866455138 -0.03339299 0.992468357 0.9514422219
-0.509374323 -0.860284728 -0.021165679 0.992468357 0.9514422219
-0.499511536 -0.865972321 -0.024086611 0.992468357 0.9514422219
-0.520454458 -0.853842663 -0.008936656 0.992468357 0.9514422219
-0.552190938 -0.83369449 -0.00621812 0.992468357 0.9514422219
-0.533598557 -0.845447561 -0.022158545 0.992468357 0.9514422219
-0.535715178 -0.844189347 -0.0188041 0.992468357 0.9514422219
-0.548045775 -0.836348419 -0.012928647 0.992468357 0.9514422219
-0.529338156 -0.847919684 -0.028867407 0.992468357 0.9514422219
-0.531473415 -0.846690644 -0.025513958 0.992468357 0.9514422219
-0.514613147 -0.856576278 -0.03808397 0.992468357 0.9514422219
-0.495248195 -0.867072792 -0.053981463 0.992468357 0.9514422219
-0.497475186 -0.865999237 -0.050633587 0.992468357 0.9514422219
-0.698645951 -0.715450118 -0.004996299 0.992468357 0.9514422219
-0.683245541 -0.730186299 -0.001870739 0.992468357 0.9514422219
-0.671073974 -0.741290283 -0.012183532 0.992468357 0.9514422219
-0.721757403 -0.691969703 0.015626281 0.992468357 0.9514422219
-0.70680268 -0.707161358 0.018782579 0.992468357 0.9514422219
-0.695156053 -0.718809039 0.008463317 0.992468357 0.9514422219
-0.667525108 -0.744586194 0.001276243 0.992468357 0.9514422219
-0.651498963 -0.758636686 0.004413669 0.992468357 0.9514422219
-0.638910785 -0.769258047 -0.005921675 0.992468357 0.9514422219
-0.829325567 -0.557568503 0.036557743 0.992468357 0.9514422219
-0.810112975 -0.584658564 0.043489446 0.992468357 0.9514422219
-0.813565909 -0.580078498 0.040242363 0.992468357 0.9514422219
-0.822661556 -0.566898292 0.043061483 0.992468357 0.9514422219
-0.803101591 -0.593742164 0.049980771 0.992468357 0.9514422219
-0.806625001 -0.589212721 0.046738392 0.992468357 0.9514422219
-0.789968061 -0.61107515 0.050374842 0.992468357 0.9514422219
-0.768914091 -0.636787982 0.057203037 0.992468357 0.9514422219
-0.772704164 -0.632467511 0.053973355 0.992468357 0.9514422219
-0.860497985 -0.507521383 0.044331297 0.992468357 0.9514422219
-0.8575346 -0.512480753 0.044697729 0.992468357 0.9514422219
-0.844250269 -0.533882443 0.047021488 0.992468357 0.9514422219
-0.885157106 -0.46360519 0.039586945 0.992468357 0.9514422219
-0.882448886 -0.468707508 0.039965427 0.992468357 0.9514422219
-0.870270189 -0.49075115 0.042345102 0.992468357 0.9514422219
-0.854542477 -0.517422975 0.045062397 0.992468357 0.9514422219
-0.851521719 -0.522347836 0.045425772 0.992468357 0.9514422219
-0.837989167 -0.543594881 0.047736374 0.992468357 0.9514422219
-0.858408656 -0.511071055 0.044056278 0.992468357 0.9514422219
-0.879055921 -0.474484499 0.046099328 0.992468357 0.9514422219
-0.868745113 -0.492854586 0.048747155 0.992468357 0.9514422219
-0.879383476 -0.474531625 0.038787089 0.992468357 0.9514422219
-0.898485257 -0.437109011 0.040742565 0.992468357 0.9514422219
-0.888971365 -0.455899381 0.043424269 0.992468357 0.9514422219
-0.898148983 -0.437057411 0.048054379 0.992468357 0.9514422219
-0.915653041 -0.398858004 0.049917938 0.992468357 0.9514422219
-0.906912797 -0.418014998 0.052655871 0.992468357 0.9514422219
-0.778669208 -0.625122252 0.053818535 0.992468357 0.9514422219
-0.800290347 -0.597399406 0.051471451 0.992468357 0.9514422219
-0.78657444 -0.61513294 0.053964021 0.992468357 0.9514422219
-0.806148204 -0.589694727 0.048838532 0.992468357 0.9514422219
-0.826493861 -0.561029445 0.046409695 0.992468357 0.9514422219
-0.813599091 -0.579361924 0.048951805 0.992468357 0.9514422219
-0.820917934 -0.568934885 0.049059578 0.992468357 0.9514422219
-0.84052628 -0.539764197 0.046585238 0.992468357 0.9514422219
-0.828103505 -0.558415699 0.04915783 0.992468357 0.9514422219
-0.704509097 -0.708985144 0.031733239 0.992468357 0.9514422219
-0.708403321 -0.70504931 0.032713981 0.992468357 0.9514422219
-0.745098597 -0.665215201 0.04813332 0.992468357 0.9514422219
-0.748741032 -0.661041694 0.049099343 0.992468357 0.9514422219
-0.728921426 -0.683372949 0.040926362 0.992468357 0.9514422219
-0.712275333 -0.701091035 0.033692894 0.992468357 0.9514422219
-0.716124612 -0.69711076 0.034671716 0.992468357 0.9514422219
-0.916519499 -0.398234602 0.037432726 0.992468357 0.9514422219
-0.908447524 -0.416435077 0.036123702 0.992468357 0.9514422219
-0.921253817 -0.386781905 0.041123754 0.992468357 0.9514422219
-0.889177635 -0.456742934 0.027368331 0.992468357 0.9514422219
-0.879937543 -0.474376397 0.026018334 0.992468357 0.9514422219
-0.894670497 -0.445643729 0.03108648 0.992468357 0.9514422219
-0.900013641 -0.434470121 0.034801718 0.992468357 0.9514422219
-0.8912218 -0.452331721 0.03346217 0.992468357 0.9514422219
-0.905206676 -0.423223405 0.038507428 0.992468357 0.9514422219
-0.72385364 -0.689233743 0.031508018 0.992468357 0.9514422219
-0.741696275 -0.669200678 0.045355147 0.992468357 0.9514422219
-0.724347994 -0.688649646 0.032888435 0.992468357 0.9514422219
-0.757985722 -0.649827476 0.056408302 0.992468357 0.9514422219
-0.774521277 -0.628644199 0.070165966 0.992468357 0.9514422219
-0.758425552 -0.649193111 0.057783963 0.992468357 0.9514422219
-0.758862957 -0.648557631 0.059160897 0.992468357 0.9514422219
-0.77533848 -0.627323024 0.072911351 0.992468357 0.9514422219
-0.759298962 -0.647920089 0.060536307 0.992468357 0.9514422219
-0.870972233 -0.490826347 0.022290505 0.992468357 0.9514422219
-0.859393923 -0.510443855 0.029818729 0.992468357 0.9514422219
-0.862621497 -0.504970101 0.029821968 0.992468357 0.9514422219
-0.864662787 -0.501857984 0.022289656 0.992468357 0.9514422219
-0.852834449 -0.521329939 0.029807674 0.992468357 0.9514422219
-0.856131315 -0.515897639 0.029812712 0.992468357 0.9514422219
-0.847320633 -0.529768203 0.037328217 0.992468357 0.9514422219
-0.83475966 -0.548787638 0.044815611 0.992468357 0.9514422219
-0.838233321 -0.543465811 0.044830925 0.992468357 0.9514422219
-0.722614726 -0.691003186 0.018508234 0.992468357 0.9514422219
-0.72022295 -0.693633646 0.012299085 0.992468357 0.9514422219
-0.702743405 -0.71144089 -0.00188859 0.992468357 0.9514422219
-0.755520377 -0.653449514 0.046826201 0.992468357 0.9514422219
-0.753392991 -0.656314652 0.04062116 0.992468357 0.9514422219
-0.737112087 -0.675251861 0.026470655 0.992468357 0.9514422219
-0.717797304 -0.696225555 0.006083332 0.992468357 0.9514422219
-0.715332804 -0.698783918 -0.000127503 0.992468357 0.9514422219
-0.697598561 -0.716345991 -0.014306238 0.992468357 0.9514422219
-0.965422559 -0.250479486 0.072244785 0.9922126432 0.9506533159
-0.962550035 -0.2618298 0.070303519 0.9922126432 0.9506533159
-0.960300121 -0.269674637 0.071409164 0.992468357 0.9514422219
-0.969545961 -0.234690829 0.070006033 0.9922126432 0.9506533159
-0.966853962 -0.246087429 0.068076382 0.9922126432 0.9506533159
-0.964734754 -0.253967179 0.069191959 0.9922126432 0.9506533159
-0.959542026 -0.27314321 0.068351204 0.9922126432 0.9506533159
-0.95639885 -0.284418077 0.066389732 0.9922126432 0.9506533159
-0.953969892 -0.292211172 0.067483894 0.992468357 0.9514422219
-0.800386146 -0.597157068 0.052777398 0.992468357 0.9514422219
-0.801774952 -0.595382991 0.05173026 0.992468357 0.9514422219
-0.814204757 -0.57766815 0.058052746 0.992468357 0.9514422219
-0.774244506 -0.631618026 0.040051396 0.992468357 0.9514422219
-0.775699914 -0.629895351 0.039006271 0.992468357 0.9514422219
-0.788937918 -0.612794944 0.045379715 0.992468357 0.9514422219
-0.803159114 -0.593604978 0.050681037 0.992468357 0.9514422219
-0.804537973 -0.591823627 0.0496331 0.992468357 0.9514422219
-0.816899197 -0.57406001 0.05595362 0.992468357 0.9514422219
-0.770738654 -0.636349784 0.031951197 0.992468357 0.9514422219
-0.756936417 -0.652988784 0.025552059 0.992468357 0.9514422219
-0.797164937 -0.602105809 0.044683973 0.992468357 0.9514422219
-0.784151822 -0.61938437 0.038326515 0.992468357 0.9514422219
-0.767158205 -0.641014768 0.023840213 0.992468357 0.9514422219
-0.763499544 -0.645616701 0.015732796 0.992468357 0.9514422219
-0.749421911 -0.662026905 0.009336827 0.992468357 0.9514422219
-0.865365795 -0.501007183 -0.011569095 0.9922126432 0.9506533159
-0.864202349 -0.502983988 -0.0127046 0.9922126432 0.9506533159
-0.858949455 -0.512030764 -0.005507299 0.9922126432 0.9506533159
-0.875424978 -0.482656584 -0.025956309 0.9922126432 0.9506533159
-0.874288891 -0.484649248 -0.027093215 0.9922126432 0.9506533159
-0.869315719 -0.493856404 -0.019900577 0.9922126432 0.9506533159
-0.86303306 -0.504957791 -0.013840747 0.9922126432 0.9506533159
-0.86185833 -0.506927936 -0.014976208 0.9922126432 0.9506533159
-0.856578498 -0.515958124 -0.007777562 0.9922126432 0.9506533159
-0.815082298 -0.577281827 0.048852219 0.992468357 0.9514422219
-0.813562037 -0.579647824 0.046100017 0.992468357 0.9514422219
-0.807113496 -0.587863947 0.054624028 0.992468357 0.9514422219
-0.827524591 -0.560529333 0.031779211 0.992468357 0.9514422219
-0.826013595 -0.562902333 0.029025916 0.992468357 0.9514422219
-0.81986241 -0.571326883 0.037566232 0.992468357 0.9514422219
-0.812028874 -0.582005376 0.043345706 0.992468357 0.9514422219
-0.810483618 -0.584353154 0.040591822 0.992468357 0.9514422219
-0.804026278 -0.592561593 0.049117228 0.992468357 0.9514422219
-0.946824776 -0.318528561 0.045413653 0.992468357 0.9514422219
-0.956410508 -0.289367313 0.039312812 0.992468357 0.9514422219
-0.962573737 -0.267307328 0.044705619 0.992468357 0.9514422219
-0.931649893 -0.36171456 0.034511643 0.992468357 0.9514422219
-0.942501271 -0.332992161 0.028417863 0.992468357 0.9514422219
-0.949718635 -0.311267824 0.033865273 0.992468357 0.9514422219
-0.965060384 -0.259923376 0.033140508 0.992468357 0.9514422219
-0.972763504 -0.230227869 0.026949829 0.992468357 0.9514422219
-0.97762921 -0.207835511 0.032334642 0.992468357 0.9514422219
-0.924120491 -0.380370815 0.036323014 0.992468357 0.9514422219
-0.91534138 -0.401497257 0.030823858 0.992468357 0.9514422219
-0.940137422 -0.337500251 0.047277999 0.992468357 0.9514422219
-0.932387061 -0.359034625 0.041815144 0.992468357 0.9514422219
-0.91621311 -0.39887271 0.038132649 0.992468357 0.9514422219
-0.907932758 -0.417210403 0.039919759 0.992468357 0.9514422219
-0.898333913 -0.437966589 0.034372185 0.992468357 0.9514422219
-0.990880509 -0.129256976 0.038058531 0.992468357 0.9514422219
-0.994363261 -0.10145406 0.030802264 0.992468357 0.9514422219
-0.993640831 -0.107849345 0.032348381 0.992468357 0.9514422219
-0.992575261 -0.116495137 0.034974775 0.992468357 0.9514422219
-0.995677395 -0.088650405 0.027706154 0.992468357 0.9514422219
-0.995042125 -0.095054289 0.029254947 0.992468357 0.9514422219
-0.99701295 -0.073566106 0.02352034 0.992468357 0.9514422219
-0.998827355 -0.04561651 0.016218756 0.992468357 0.9514422219
-0.998486751 -0.052041239 0.017774054 0.992468357 0.9514422219
-0.991457965 -0.125237952 0.036421957 0.992468357 0.9514422219
-0.989072386 -0.14167574 0.040789697 0.992468357 0.9514422219
-0.987396146 -0.152041203 0.043958208 0.992468357 0.9514422219
-0.994079947 -0.10441083 0.030057227 0.992468357 0.9514422219
-0.992067747 -0.120895086 0.034437818 0.992468357 0.9514422219
-0.99062965 -0.13129334 0.037615905 0.992468357 0.9514422219
-0.986395062 -0.158071844 0.045145031 0.992468357 0.9514422219
-0.983426782 -0.174421277 0.049487194 0.992468357 0.9514422219
-0.981379539 -0.184725156 0.05263856 0.992468357 0.9514422219
-0.98846607 -0.145515408 0.041953468 0.992468357 0.9514422219
-0.992444713 -0.117910637 0.033920103 0.9922126432 0.9506533159
-0.990069603 -0.135076011 0.038944227 0.9922126432 0.9506533159
-0.993286223 -0.111195066 0.031908254 0.9922126432 0.9506533159
-0.996225044 -0.083470337 0.023840379 0.9922126432 0.9506533159
-0.994496749 -0.100706885 0.02888492 0.9922126432 0.9506533159
-0.995587332 -0.090206545 0.025858148 0.9922126432 0.9506533159
-0.99789128 -0.062426472 0.017774382 0.9922126432 0.9506533159
-0.996557839 -0.079695333 0.022828229 0.9922126432 0.9506533159
-0.999846355 -0.013916956 -0.010657613 0.9922126432 0.9506533159
-0.999914411 0.005211002 -0.012000641 0.9922126432 0.9506533159
-0.999832443 0.008991691 -0.015944793 0.9922126432 0.9506533159
-0.999765512 -0.021476963 -0.002768021 0.9922126432 0.9506533159
-0.999988804 -0.002349429 -0.004107621 0.9922126432 0.9506533159
-0.999966551 0.001430903 -0.008052904 0.9922126432 0.9506533159
-0.999614837 0.024337789 -0.01333603 0.9922126432 0.9506533159
-0.998947714 0.043455071 -0.014667049 0.9922126432 0.9506533159
-0.998710592 0.047230667 -0.018612318 0.9922126432 0.9506533159
-0.998911825 -0.045236896 0.01134849 0.9922126432 0.9506533159
-0.99826772 -0.057331708 0.013214968 0.9922126432 0.9506533159
-0.997812884 -0.063982593 0.016603514 0.9922126432 0.9506533159
-0.999480045 -0.031918249 0.004567787 0.9922126432 0.9506533159
-0.999009877 -0.044021186 0.006434391 0.9922126432 0.9506533159
-0.998666724 -0.050677918 0.009824607 0.9922126432 0.9506533159
-0.997473686 -0.06941821 0.015078385 0.9922126432 0.9506533159
-0.996529855 -0.081494093 0.01693992 0.9922126432 0.9506533159
-0.995901394 -0.088131915 0.020326812 0.9922126432 0.9506533159
-0.969996429 -0.234086347 0.065654475 0.992468357 0.9514422219
-0.969964854 -0.234017859 0.066361305 0.992468357 0.9514422219
-0.963535566 -0.257566884 0.072515601 0.992468357 0.9514422219
-0.981001378 -0.186556926 0.053224144 0.992468357 0.9514422219
-0.980975544 -0.186489413 0.053932183 0.992468357 0.9514422219
-0.975779411 -0.210320271 0.060165808 0.992468357 0.9514422219
-0.969932791 -0.233949003 0.067068959 0.992468357 0.9514422219
-0.969900242 -0.233880254 0.067775718 0.992468357 0.9514422219
-0.963465271 -0.257428197 0.073928314 0.992468357 0.9514422219
-0.989581376 -0.14052091 0.031346049 0.9922126432 0.9506533159
-0.990110878 -0.137786444 0.026369388 0.9922126432 0.9506533159
-0.986768416 -0.157946867 0.036618025 0.9922126432 0.9506533159
-0.99492645 -0.100022124 0.010813614 0.9922126432 0.9506533159
-0.995241694 -0.097262403 0.00583056 0.9922126432 0.9506533159
-0.99293581 -0.117554782 0.016104386 0.9922126432 0.9506533159
-0.990608128 -0.135048272 0.021389286 0.9922126432 0.9506533159
-0.991073287 -0.132304207 0.016411479 0.9922126432 0.9506533159
-0.987944413 -0.152494434 0.026669918 0.9922126432 0.9506533159
-0.997374443 -0.072162339 0.006067714 0.9922126432 0.9506533159
-0.997620239 -0.068884588 0.002961884 0.9922126432 0.9506533159
-0.995937063 -0.089511534 0.009851457 0.9922126432 0.9506533159
-0.999494883 -0.030829575 -0.007714667 0.9922126432 0.9506533159
-0.999562042 -0.027543091 -0.010821385 0.9922126432 0.9506533159
-0.998828755 -0.048225182 -0.003930549 0.9922126432 0.9506533159
-0.997845612 -0.065605742 -0.000145457 0.9922126432 0.9506533159
-0.998050613 -0.062324983 -0.003251071 0.9922126432 0.9506533159
-0.996545816 -0.082964908 0.003641404 0.9922126432 0.9506533159
-0.985374549 -0.1673124 0.032304169 0.9922126432 0.9506533159
-0.981439323 -0.186629308 0.044117525 0.9922126432 0.9506533159
-0.985018678 -0.169157844 0.033523531 0.9922126432 0.9506533159
-0.977884698 -0.202192229 0.05347728 0.9922126432 0.9506533159
-0.973015409 -0.221323802 0.065244068 0.9922126432 0.9506533159
-0.977437658 -0.204020471 0.054692527 0.9922126432 0.9506533159
-0.976985716 -0.205847646 0.055907571 0.9922126432 0.9506533159
-0.972016076 -0.224957297 0.067668024 0.9922126432 0.9506533159
-0.976528867 -0.207673827 0.05712227 0.9922126432 0.9506533159
-0.9973801 -0.068034168 -0.024582271 0.9922126432 0.9506533159
-0.996601522 -0.079618066 -0.021127453 0.9922126432 0.9506533159
-0.996656185 -0.07989596 -0.017119693 0.9922126432 0.9506533159
-0.99718857 -0.067472234 -0.032595284 0.9922126432 0.9506533159
-0.99644382 -0.079059469 -0.029142993 0.9922126432 0.9506533159
-0.996530691 -0.079339564 -0.025135955 0.9922126432 0.9506533159
-0.995676633 -0.091190959 -0.017670619 0.9922126432 0.9506533159
-0.99460568 -0.102750107 -0.014211166 0.9922126432 0.9506533159
-0.994626549 -0.103024033 -0.010201777 0.9922126432 0.9506533159
-0.995413144 -0.086101201 -0.041704375 0.9922126432 0.9506533159
-0.995705665 -0.084367486 -0.038109777 0.9922126432 0.9506533159
-0.996249781 -0.072394166 -0.047386267 0.9922126432 0.9506533159
-0.993663817 -0.109988064 -0.023126709 0.9922126432 0.9506533159
-0.993931694 -0.108251475 -0.019529616 0.9922126432 0.9506533159
-0.994932939 -0.096320756 -0.028822903 0.9922126432 0.9506533159
-0.995982355 -0.08263175 -0.034512939 0.9922126432 0.9506533159
-0.996242949 -0.080895786 -0.03091697 0.9922126432 0.9506533159
-0.996811658 -0.068925589 -0.040196774 0.9922126432 0.9506533159
-0.97699567 -0.207389776 0.049688452 0.9922126432 0.9506533159
-0.979861661 -0.195654193 0.03988186 0.9922126432 0.9506533159
-0.976671441 -0.209203935 0.048441823 0.9922126432 0.9506533159
-0.983085066 -0.180232828 0.032555805 0.9922126432 0.9506533159
-0.985456255 -0.168402079 0.022731229 0.9922126432 0.9506533159
-0.982790231 -0.182052122 0.031311125 0.9922126432 0.9506533159
-0.982490439 -0.18387116 0.03006549 0.9922126432 0.9506533159
-0.984881425 -0.172043046 0.020242763 0.9922126432 0.9506533159
-0.982185863 -0.185688724 0.028820628 0.9922126432 0.9506533159
-0.94995242 -0.310917197 0.030346292 0.9922126432 0.9506533159
-0.956845861 -0.288056495 0.038333448 0.9922126432 0.9506533159
-0.956275524 -0.290434903 0.034419326 0.9922126432 0.9506533159
-0.951203277 -0.306194159 0.03817673 0.9922126432 0.9506533159
-0.957925245 -0.283281305 0.046161972 0.9922126432 0.9506533159
-0.957395515 -0.285672489 0.042249928 0.9922126432 0.9506533159
-0.963132433 -0.265013725 0.046299476 0.9922126432 0.9506533159
-0.96880827 -0.241803508 0.054236516 0.9922126432 0.9506533159
-0.968410649 -0.244229347 0.050327344 0.9922126432 0.9506533159
-0.893330102 0.446779913 -0.048466885 0.992468357 0.9514422219
-0.879147746 0.474117323 -0.048083319 0.992468357 0.9514422219
-0.871813704 0.487483382 -0.047966843 0.992468357 0.9514422219
-0.906544556 0.419300585 -0.048620853 0.992468357 0.9514422219
-0.893201105 0.447057712 -0.048282374 0.992468357 0.9514422219
-0.886277439 0.460641057 -0.048188361 0.992468357 0.9514422219
-0.864131424 0.501004979 -0.047653883 0.992468357 0.9514422219
-0.848295366 0.52741737 -0.047179327 0.992468357 0.9514422219
-0.840153467 0.54030678 -0.047018465 0.992468357 0.9514422219
-0.994039046 0.107661016 -0.017189539 0.992468357 0.9514422219
-0.989625759 0.14106708 -0.027220152 0.992468357 0.9514422219
-0.993988133 0.107652455 -0.019963488 0.992468357 0.9514422219
-0.984178195 0.174326689 -0.031677859 0.992468357 0.9514422219
-0.977379806 0.207353107 -0.041634159 0.992468357 0.9514422219
-0.984087395 0.174314595 -0.034444472 0.992468357 0.9514422219
-0.983989149 0.174299287 -0.03721712 0.992468357 0.9514422219
-0.977136252 0.207317415 -0.04716179 0.992468357 0.9514422219
-0.983883341 0.17428401 -0.039983184 0.992468357 0.9514422219
-0.996570535 0.080365311 -0.019712559 0.9922126432 0.9506533159
-0.998742394 0.048997691 -0.010623357 0.9922126432 0.9506533159
-0.99739115 0.070195838 -0.016835597 0.992468357 0.9514422219
-0.999252284 0.037970362 -0.007288651 0.9922126432 0.9506533159
-0.999976971 0.006539783 0.001813638 0.9922126432 0.9506533159
-0.999604475 0.027775559 -0.004405869 0.9922126432 0.9506533159
-0.999844343 0.017577595 -0.001522731 0.9922126432 0.9506533159
-0.999875199 -0.013861304 0.007579621 0.9922126432 0.9506533159
-0.999971859 0.007377683 0.001360673 0.992468357 0.9514422219
-0.999985454 0.000499969 0.005370378 0.992468357 0.9514422219
-0.999482988 0.03193464 -0.003732982 0.992468357 0.9514422219
-0.998757355 0.04960368 -0.00481879 0.992468357 0.9514422219
-0.996619221 0.080972692 -0.013912285 0.992468357 0.9514422219
-0.998365193 0.05647201 -0.008823415 0.992468357 0.9514422219
-0.997909793 0.063335607 -0.012831471 0.992468357 0.9514422219
-0.995267565 0.094669372 -0.021913099 0.992468357 0.9514422219
-0.87234421 0.486950621 -0.043527838 0.992468357 0.9514422219
-0.871050674 0.48912024 -0.045078967 0.992468357 0.9514422219
-0.858095242 0.512057454 -0.038336912 0.992468357 0.9514422219
-0.896214113 0.43995702 -0.056904173 0.992468357 0.9514422219
-0.895019294 0.442179108 -0.058464512 0.992468357 0.9514422219
-0.883361608 0.46582181 -0.051791033 0.992468357 0.9514422219
-0.869749054 0.491286009 -0.046633044 0.992468357 0.9514422219
-0.868440294 0.493446847 -0.048183658 0.992468357 0.9514422219
-0.855388741 0.516326931 -0.041431884 0.992468357 0.9514422219
-0.989658712 0.13823928 -0.038282305 0.9922126432 0.9506533159
-0.986534879 0.15734008 -0.044643382 0.9922126432 0.9506533159
-0.985669763 0.162310443 -0.045939502 0.9922126432 0.9506533159
-0.991099174 0.128255662 -0.035677895 0.9922126432 0.9506533159
-0.988184787 0.147386555 -0.042047952 0.9922126432 0.9506533159
-0.987373229 0.15236534 -0.04334639 0.9922126432 0.9506533159
-0.983001575 0.176375466 -0.050986268 0.9922126432 0.9506533159
-0.979060263 0.195337664 -0.057307921 0.9922126432 0.9506533159
-0.977987071 0.200270267 -0.058592733 0.9922126432 0.9506533159
-0.965773033 0.2472501 -0.078420898 0.9922126432 0.9506533159
-0.959492065 0.269069097 -0.083527225 0.9922126432 0.9506533159
-0.963640938 0.255566894 -0.077985294 0.9922126432 0.9506533159
-0.957482503 0.274256069 -0.089503434 0.9922126432 0.9506533159
-0.950532462 0.295885195 -0.094551524 0.9922126432 0.9506533159
-0.955122191 0.282509375 -0.089050848 0.9922126432 0.9506533159
-0.95269135 0.290742392 -0.088589237 0.9922126432 0.9506533159
-0.945374702 0.312257611 -0.093604789 0.9922126432 0.9506533159
-0.950190151 0.298953314 -0.0881226 0.9922126432 0.9506533159
-0.940354732 0.327572713 -0.091810105 0.9922126432 0.9506533159
-0.945960093 0.311711722 -0.089416471 0.9922126432 0.9506533159
-0.948179575 0.304509428 -0.090716605 0.9922126432 0.9506533159
-0.935517447 0.341841222 -0.089172224 0.992468357 0.9514422219
-0.941355492 0.32606125 -0.086798034 0.9922126432 0.9506533159
-0.943685417 0.318895924 -0.088109155 0.9922126432 0.9506533159
-0.95129247 0.295760872 -0.086995069 0.9922126432 0.9506533159
-0.956350106 0.279724713 -0.084549153 0.9922126432 0.9506533159
-0.958334055 0.272450124 -0.085829882 0.9922126432 0.9506533159
-0.977866286 0.200780713 -0.058861116 0.9922126432 0.9506533159
-0.975221893 0.211858468 -0.063704382 0.9922126432 0.9506533159
-0.972291833 0.223381172 -0.068916208 0.9922126432 0.9506533159
-0.98291828 0.177567585 -0.048388103 0.9922126432 0.9506533159
-0.980588508 0.188707959 -0.053249269 0.9922126432 0.9506533159
-0.977987606 0.2003001 -0.058481731 0.9922126432 0.9506533159
-0.972428126 0.222903812 -0.068537802 0.9922126432 0.9506533159
-0.969485417 0.233914994 -0.07336077 0.9922126432 0.9506533159
-0.966243415 0.245364185 -0.078549851 0.9922126432 0.9506533159
-0.992880092 0.117364903 -0.020361771 0.9922126432 0.9506533159
-0.990393831 0.135582639 -0.027155262 0.9922126432 0.9506533159
-0.992007976 0.123808065 -0.024325671 0.9922126432 0.9506533159
-0.989679368 0.140916967 -0.026022225 0.9922126432 0.9506533159
-0.986722325 0.159069389 -0.032802174 0.9922126432 0.9506533159
-0.988631844 0.147337204 -0.029980428 0.9922126432 0.9506533159
-0.987527018 0.153748509 -0.033937947 0.9922126432 0.9506533159
-0.984280776 0.171855468 -0.040706911 0.9922126432 0.9506533159
-0.986364928 0.160151061 -0.037892817 0.9922126432 0.9506533159
-0.961898617 0.259773792 -0.085256242 0.9922126432 0.9506533159
-0.965193947 0.248850611 -0.080461284 0.9922126432 0.9506533159
-0.959653124 0.266707821 -0.089066378 0.9922126432 0.9506533159
-0.96304607 0.255810703 -0.084280197 0.9922126432 0.9506533159
-0.964128161 0.252332769 -0.082371486 0.9922126432 0.9506533159
-0.968341445 0.237889255 -0.075654132 0.9922126432 0.9506533159
-0.971340624 0.226891478 -0.070835362 0.9922126432 0.9506533159
-0.998549659 0.049603707 -0.020929639 0.9922126432 0.9506533159
-0.996798344 0.077546038 -0.019485231 0.9922126432 0.9506533159
-0.998052262 0.058878268 -0.020616279 0.9922126432 0.9506533159
-0.996038856 0.086937406 -0.018667753 0.9922126432 0.9506533159
-0.99324043 0.114793301 -0.017203085 0.9922126432 0.9506533159
-0.995194214 0.09618656 -0.018347252 0.9922126432 0.9506533159
-0.994263619 0.105427419 -0.018025424 0.9922126432 0.9506533159
-0.990947479 0.133225933 -0.016551278 0.9922126432 0.9506533159
-0.99324716 0.114659164 -0.017701867 0.9922126432 0.9506533159
-0.919461824 0.383373611 -0.087261838 0.992468357 0.9514422219
-0.911867509 0.404045085 -0.072423858 0.992468357 0.9514422219
-0.921032429 0.37848563 -0.091912418 0.992468357 0.9514422219
-0.899693932 0.433855048 -0.048172886 0.992468357 0.9514422219
-0.890492502 0.453783021 -0.033227601 0.992468357 0.9514422219
-0.901683835 0.429153407 -0.052854666 0.992468357 0.9514422219
-0.903630071 0.424431867 -0.05753508 0.992468357 0.9514422219
-0.894755958 0.444518447 -0.042604289 0.992468357 0.9514422219
-0.905533467 0.419689047 -0.06221129 0.992468357 0.9514422219
-0.972520053 0.227555755 -0.04922525 0.9922126432 0.9506533159
-0.971273072 0.231557854 -0.054859646 0.9922126432 0.9506533159
-0.969040736 0.240121913 -0.057458842 0.9922126432 0.9506533159
-0.976635876 0.210346423 -0.044008491 0.9922126432 0.9506533159
-0.975489745 0.214370514 -0.049649178 0.9922126432 0.9506533159
-0.973422861 0.222973453 -0.052256798 0.9922126432 0.9506533159
-0.969978281 0.235547893 -0.060492353 0.9922126432 0.9506533159
-0.968635642 0.239526522 -0.066121386 0.9922126432 0.9506533159
-0.96630303 0.248066526 -0.068712832 0.9922126432 0.9506533159
-0.97878798 0.19923316 -0.047751845 0.9922126432 0.9506533159
-0.980920397 0.189281732 -0.044357656 0.9922126432 0.9506533159
-0.976572197 0.208084988 -0.054839596 0.9922126432 0.9506533159
-0.986519633 0.161442227 -0.026747351 0.9922126432 0.9506533159
-0.98819568 0.151408991 -0.023336998 0.9922126432 0.9506533159
-0.984795533 0.170386595 -0.033855072 0.9922126432 0.9506533159
-0.982939986 0.179307935 -0.040959114 0.9922126432 0.9506533159
-0.984846345 0.169314365 -0.037554266 0.9922126432 0.9506533159
-0.980953127 0.188206203 -0.048056096 0.9922126432 0.9506533159
-0.26212714 -0.876791887 -0.403144327 0.992468357 0.9514422219
-0.256974643 -0.875529278 -0.409160747 0.992468357 0.9514422219
-0.259728922 -0.871162739 -0.416672976 0.992468357 0.9514422219
-0.256535314 -0.885241947 -0.387990113 0.992468357 0.9514422219
-0.251399404 -0.884044417 -0.394035287 0.992468357 0.9514422219
-0.254197217 -0.87982363 -0.401614436 0.992468357 0.9514422219
-0.251803816 -0.874210895 -0.415150755 0.992468357 0.9514422219
-0.246617849 -0.872836164 -0.421113605 0.992468357 0.9514422219
-0.249355965 -0.868405341 -0.428595107 0.992468357 0.9514422219
-0.270242326 -0.885252457 -0.378546131 0.992468357 0.9514422219
-0.270285148 -0.882610033 -0.384636801 0.992468357 0.9514422219
-0.267348247 -0.890264225 -0.368720116 0.992468357 0.9514422219
-0.275918586 -0.869303508 -0.41009797 0.992468357 0.9514422219
-0.27589705 -0.866455603 -0.41609555 0.992468357 0.9514422219
-0.273134999 -0.874672976 -0.400430341 0.992468357 0.9514422219
-0.270315647 -0.879928762 -0.390710667 0.992468357 0.9514422219
-0.270334885 -0.877208581 -0.39676713 0.992468357 0.9514422219
-0.267461797 -0.885069997 -0.380940005 0.992468357 0.9514422219
-0.288231251 -0.841590819 -0.45677964 0.992468357 0.9514422219
-0.284392819 -0.845774186 -0.451427459 0.992468357 0.9514422219
-0.287531306 -0.83914476 -0.461694509 0.992468357 0.9514422219
-0.281871794 -0.854605825 -0.436116012 0.992468357 0.9514422219
-0.277979606 -0.858628203 -0.430679635 0.992468357 0.9514422219
-0.28120877 -0.852269046 -0.441088541 0.992468357 0.9514422219
-0.28053679 -0.849906154 -0.4460478 0.992468357 0.9514422219
-0.276664309 -0.853986298 -0.440640742 0.992468357 0.9514422219
-0.279856845 -0.847517151 -0.450993154 0.992468357 0.9514422219
-0.275515403 -0.858819413 -0.431880167 0.992468357 0.9514422219
-0.272741147 -0.864034594 -0.423150668 0.992468357 0.9514422219
-0.273263312 -0.856977305 -0.436940569 0.992468357 0.9514422219
-0.274359892 -0.872585438 -0.404130304 0.992468357 0.9514422219
-0.27149882 -0.877525254 -0.395269301 0.992468357 0.9514422219
-0.272153055 -0.870884487 -0.409258995 0.992468357 0.9514422219
-0.269936185 -0.869153962 -0.414374042 0.992468357 0.9514422219
-0.267102399 -0.874176491 -0.405551195 0.992468357 0.9514422219
-0.267711284 -0.86739355 -0.419474788 0.992468357 0.9514422219
-0.263532578 -0.879162777 -0.397018126 0.992468357 0.9514422219
-0.25629577 -0.88642589 -0.385436922 0.992468357 0.9514422219
-0.26582958 -0.879652912 -0.394392431 0.992468357 0.9514422219
-0.244413091 -0.892525221 -0.379026345 0.992468357 0.9514422219
-0.237064235 -0.899393734 -0.367275728 0.992468357 0.9514422219
-0.246706091 -0.893006698 -0.376397585 0.992468357 0.9514422219
-0.248997382 -0.893477083 -0.373763303 0.992468357 0.9514422219
-0.241638332 -0.90031437 -0.362001314 0.992468357 0.9514422219
-0.251284495 -0.893936246 -0.371125438 0.992468357 0.9514422219
-0.305837023 -0.8238772 -0.477168812 0.992468357 0.9514422219
-0.301035682 -0.828067276 -0.472950426 0.992468357 0.9514422219
-0.305783559 -0.822415502 -0.47971779 0.992468357 0.9514422219
-0.296295666 -0.835055824 -0.463562994 0.992468357 0.9514422219
-0.291449508 -0.839121161 -0.459274277 0.992468357 0.9514422219
-0.296257532 -0.833636033 -0.466135645 0.992468357 0.9514422219
-0.296216675 -0.832209012 -0.468704429 0.992468357 0.9514422219
-0.291380617 -0.836302151 -0.464430887 0.992468357 0.9514422219
-0.296173509 -0.830774812 -0.471268995 0.992468357 0.9514422219
-0.325447707 -0.813182746 -0.482511774 0.992468357 0.9514422219
-0.320390318 -0.815286003 -0.482347155 0.992468357 0.9514422219
-0.32575837 -0.811916155 -0.484431256 0.992468357 0.9514422219
-0.314690924 -0.819869884 -0.478312655 0.992468357 0.9514422219
-0.309611536 -0.821916637 -0.478114775 0.992468357 0.9514422219
-0.315007952 -0.818619569 -0.480241597 0.992468357 0.9514422219
-0.315323256 -0.817364789 -0.482168068 0.992468357 0.9514422219
-0.310246805 -0.819419077 -0.481974373 0.992468357 0.9514422219
-0.315636942 -0.816105654 -0.484091813 0.992468357 0.9514422219
-0.289094386 -0.835957057 -0.466476403 0.992468357 0.9514422219
-0.290954416 -0.834616266 -0.467719164 0.992468357 0.9514422219
-0.293200602 -0.833535777 -0.46824301 0.992468357 0.9514422219
-0.284592752 -0.838091282 -0.46541376 0.992468357 0.9514422219
-0.286456381 -0.836760985 -0.466662401 0.992468357 0.9514422219
-0.288706331 -0.835691335 -0.467192302 0.992468357 0.9514422219
-0.292812456 -0.833269791 -0.468958762 0.992468357 0.9514422219
-0.294668508 -0.831917653 -0.47019516 0.992468357 0.9514422219
-0.296911017 -0.830826717 -0.470713092 0.992468357 0.9514422219
-0.306593365 -0.837259851 -0.452765337 0.992468357 0.9514422219
-0.304991589 -0.83378821 -0.460192734 0.992468357 0.9514422219
-0.303606167 -0.839985109 -0.449720261 0.992468357 0.9514422219
-0.309285403 -0.824653077 -0.473592485 0.992468357 0.9514422219
-0.307623997 -0.821020304 -0.480929451 0.992468357 0.9514422219
-0.306331018 -0.827466217 -0.470596394 0.992468357 0.9514422219
-0.303368283 -0.830258353 -0.46758823 0.992468357 0.9514422219
-0.301724555 -0.826670392 -0.474950899 0.992468357 0.9514422219
-0.300398524 -0.833029053 -0.46456789 0.992468357 0.9514422219
-0.278497549 -0.866078201 -0.415147763 0.992468357 0.9514422219
-0.281431325 -0.865333843 -0.414721291 0.992468357 0.9514422219
-0.272620012 -0.867543485 -0.41598874 0.992468357 0.9514422219
-0.275558973 -0.866815166 -0.415570356 0.992468357 0.9514422219
-0.277972605 -0.87438553 -0.397719973 0.992468357 0.9514422219
-0.277343983 -0.882366554 -0.380144157 0.992468357 0.9514422219
-0.280280125 -0.881621932 -0.379718081 0.992468357 0.9514422219
-0.233818218 -0.909962268 -0.342487535 0.992468357 0.9514422219
-0.238189136 -0.910413323 -0.338250672 0.992468357 0.9514422219
-0.242718945 -0.906864986 -0.344504586 0.992468357 0.9514422219
-0.224712075 -0.916876482 -0.329912109 0.992468357 0.9514422219
-0.229079237 -0.917312745 -0.325668591 0.992468357 0.9514422219
-0.233642418 -0.913896163 -0.331971421 0.992468357 0.9514422219
-0.242551472 -0.910830711 -0.334000298 0.992468357 0.9514422219
-0.246904065 -0.911214158 -0.329737989 0.992468357 0.9514422219
-0.251437294 -0.907680662 -0.335998664 0.992468357 0.9514422219
-0.27374719 -0.884261911 -0.378342898 0.992468357 0.9514422219
-0.273172205 -0.88686148 -0.372630731 0.992468357 0.9514422219
-0.273130232 -0.881825424 -0.384426583 0.992468357 0.9514422219
-0.273740079 -0.894038872 -0.354627784 0.992468357 0.9514422219
-0.273121043 -0.896495186 -0.348857102 0.992468357 0.9514422219
-0.27316914 -0.891751671 -0.360773582 0.992468357 0.9514422219
-0.272586271 -0.889425855 -0.366903767 0.992468357 0.9514422219
-0.271989704 -0.891954853 -0.361162209 0.992468357 0.9514422219
-0.271991785 -0.88706145 -0.373018034 0.992468357 0.9514422219
-0.17491671 -0.913158707 -0.368164802 0.9921640837 0.9506557947
-0.178948175 -0.912456478 -0.367968378 0.9921640837 0.9506557947
-0.183790489 -0.906414636 -0.380307197 0.9921640837 0.9506557947
-0.165113355 -0.924620949 -0.343239974 0.9921640837 0.9506557947
-0.169153676 -0.923958118 -0.343057473 0.9921640837 0.9506557947
-0.174069399 -0.918304814 -0.355550437 0.9921640837 0.9506557947
-0.182978147 -0.91173905 -0.367764739 0.9921640837 0.9506557947
-0.187003545 -0.911006366 -0.36755554 0.9921640837 0.9506557947
-0.191835686 -0.904925658 -0.379879749 0.9921640837 0.9506557947
-0.242935638 -0.89641333 -0.370709343 0.992468357 0.9514422219
-0.235962691 -0.895897158 -0.376417177 0.992468357 0.9514422219
-0.238751737 -0.897077366 -0.37181959 0.992468357 0.9514422219
-0.23735783 -0.894054512 -0.379904976 0.992468357 0.9514422219
-0.23036309 -0.893455326 -0.385578043 0.992468357 0.9514422219
-0.23316652 -0.894689729 -0.381003494 0.992468357 0.9514422219
-0.228970547 -0.895307932 -0.382094485 0.992468357 0.9514422219
-0.221959913 -0.89464569 -0.387740746 0.992468357 0.9514422219
-0.224770347 -0.895908888 -0.383178229 0.992468357 0.9514422219
-0.088947713 -0.960669916 -0.263062 0.9921640837 0.9506557947
-0.087894462 -0.961531149 -0.260254516 0.9921640837 0.9506557947
-0.071854411 -0.96711745 -0.243968814 0.9921640837 0.9506557947
-0.120859783 -0.947774842 -0.295153794 0.9921640837 0.9506557947
-0.119821861 -0.948765012 -0.292382751 0.9921640837 0.9506557947
-0.103887008 -0.955412594 -0.276395124 0.9921640837 0.9506557947
-0.086841519 -0.962383182 -0.257443511 0.9921640837 0.9506557947
-0.085786737 -0.963225689 -0.254630925 0.9921640837 0.9506557947
-0.069734395 -0.968681581 -0.23831305 0.9921640837 0.9506557947
-0.26991856 -0.874948905 -0.402005452 0.992468357 0.9514422219
-0.267792395 -0.876361658 -0.400346696 0.992468357 0.9514422219
-0.279357019 -0.867863662 -0.410819085 0.992468357 0.9514422219
-0.246567085 -0.891207876 -0.380727192 0.992468357 0.9514422219
-0.256143173 -0.884583041 -0.38974802 0.992468357 0.9514422219
-0.265663673 -0.877766278 -0.398684303 0.992468357 0.9514422219
-0.275126623 -0.870759084 -0.407533996 0.992468357 0.9514422219
-0.241816982 -0.892339714 -0.38112253 0.992468357 0.9514422219
-0.244750101 -0.892892631 -0.377941976 0.992468357 0.9514422219
-0.23749881 -0.89341566 -0.381317157 0.992468357 0.9514422219
-0.256287689 -0.891178312 -0.374323171 0.992468357 0.9514422219
-0.259204968 -0.891674669 -0.371118673 0.992468357 0.9514422219
-0.251985674 -0.892312286 -0.374542393 0.992468357 0.9514422219
-0.247678569 -0.893428611 -0.374754111 0.992468357 0.9514422219
-0.250602409 -0.893947488 -0.37155931 0.992468357 0.9514422219
-0.243366634 -0.894527104 -0.374958587 0.992468357 0.9514422219
-0.081540255 -0.965791026 -0.246168398 0.9921640837 0.9506557947
-0.081026573 -0.965407828 -0.247835471 0.9921640837 0.9506557947
-0.060891114 -0.972702492 -0.223924395 0.9921640837 0.9506557947
-0.121544156 -0.948287602 -0.293219443 0.9921640837 0.9506557947
-0.121021804 -0.947842194 -0.294870985 0.9921640837 0.9506557947
-0.101076343 -0.9571181 -0.271493122 0.9921640837 0.9506557947
-0.080510431 -0.965021231 -0.249503696 0.9921640837 0.9506557947
-0.079996395 -0.964631846 -0.251169224 0.9921640837 0.9506557947
-0.05986887 -0.971989602 -0.227270615 0.9921640837 0.9506557947
-0.213487344 -0.895317497 -0.390934437 0.9921640837 0.9506557947
-0.204013743 -0.898404757 -0.388905239 0.9921640837 0.9506557947
-0.208286055 -0.898335074 -0.38679583 0.9921640837 0.9506557947
-0.204943786 -0.895461215 -0.395154725 0.9921640837 0.9506557947
-0.195454885 -0.898482976 -0.393097608 0.9921640837 0.9506557947
-0.199736485 -0.898453963 -0.391006155 0.9921640837 0.9506557947
-0.194518734 -0.901399047 -0.386836167 0.9921640837 0.9506557947
-0.185003732 -0.9043 -0.384727343 0.9921640837 0.9506557947
-0.189290739 -0.904295968 -0.382645813 0.9921640837 0.9506557947
-0.261295705 -0.898978205 -0.351514923 0.992468357 0.9514422219
-0.27273743 -0.889842158 -0.365780301 0.992468357 0.9514422219
-0.27201086 -0.892687454 -0.359331603 0.992468357 0.9514422219
-0.262777466 -0.893378774 -0.364448035 0.992468357 0.9514422219
-0.274149093 -0.884017192 -0.378623663 0.992468357 0.9514422219
-0.273448988 -0.886951921 -0.372212225 0.992468357 0.9514422219
-0.284063866 -0.880334 -0.379894418 0.992468357 0.9514422219
-0.295270636 -0.870458178 -0.393849987 0.992468357 0.9514422219
-0.294616576 -0.873526606 -0.387494958 0.992468357 0.9514422219
-0.206650564 -0.894870334 -0.395604132 0.992468357 0.9514422219
-0.206714178 -0.894779663 -0.39577595 0.992468357 0.9514422219
-0.200728623 -0.895412046 -0.397423311 0.992468357 0.9514422219
-0.21859736 -0.893501337 -0.392263376 0.992468357 0.9514422219
-0.218660912 -0.893410381 -0.392435086 0.992468357 0.9514422219
-0.212691686 -0.894112431 -0.394113191 0.992468357 0.9514422219
-0.206777787 -0.894688948 -0.395947766 0.992468357 0.9514422219
-0.206841384 -0.894598202 -0.396119551 0.992468357 0.9514422219
-0.200855888 -0.895230872 -0.397767014 0.992468357 0.9514422219
-0.251502 -0.895156059 -0.368024965 0.992468357 0.9514422219
-0.247626726 -0.903189534 -0.350613278 0.992468357 0.9514422219
-0.254926834 -0.896891821 -0.361382583 0.992468357 0.9514422219
-0.25102465 -0.904820294 -0.34392857 0.992468357 0.9514422219
-0.249328403 -0.904011426 -0.347273219 0.992468357 0.9514422219
-0.243658125 -0.91087719 -0.333066755 0.992468357 0.9514422219
-0.239596584 -0.918216099 -0.315392887 0.992468357 0.9514422219
-0.276340409 -0.903676118 -0.327116878 0.992468357 0.9514422219
-0.283505641 -0.897080085 -0.338927534 0.992468357 0.9514422219
-0.270320081 -0.906161294 -0.325267219 0.992468357 0.9514422219
-0.277506531 -0.899638672 -0.337105896 0.992468357 0.9514422219
-0.280507281 -0.898364556 -0.338018919 0.992468357 0.9514422219
-0.290603531 -0.890273838 -0.350659494 0.992468357 0.9514422219
-0.297633402 -0.883259014 -0.362309085 0.992468357 0.9514422219
-0.21723413 -0.897737346 -0.383245339 0.992468357 0.9514422219
-0.191226376 -0.913623916 -0.358781011 0.992468357 0.9514422219
-0.198513895 -0.909342189 -0.365635086 0.992468357 0.9514422219
-0.202759615 -0.906749918 -0.369720334 0.992468357 0.9514422219
-0.176584248 -0.921862298 -0.344946237 0.992468357 0.9514422219
-0.183916179 -0.917797445 -0.351884481 0.992468357 0.9514422219
-0.164926531 -0.928115111 -0.333768752 0.992468357 0.9514422219
-0.138374783 -0.941188804 -0.308246744 0.992468357 0.9514422219
-0.145805714 -0.9376947 -0.315387609 0.992468357 0.9514422219
-0.109306067 -0.956118131 -0.271827708 0.9921640837 0.9506557947
-0.121756544 -0.953771066 -0.274765533 0.9921640837 0.9506557947
-0.106465165 -0.957645356 -0.267545401 0.9921640837 0.9506557947
-0.13983294 -0.947929802 -0.286139544 0.9921640837 0.9506557947
-0.152225944 -0.945162907 -0.288953875 0.9921640837 0.9506557947
-0.1370117 -0.949609743 -0.281902697 0.9921640837 0.9506557947
-0.134186848 -0.951262686 -0.277656607 0.9921640837 0.9506557947
-0.146593707 -0.948593085 -0.280502129 0.9921640837 0.9506557947
-0.131357394 -0.952887986 -0.273403954 0.9921640837 0.9506557947
-0.214268756 -0.920599987 -0.326472914 0.992468357 0.9514422219
-0.204244261 -0.92538067 -0.31930377 0.992468357 0.9514422219
-0.210118871 -0.925051837 -0.316431919 0.992468357 0.9514422219
-0.202509978 -0.921212795 -0.332199783 0.992468357 0.9514422219
-0.192466983 -0.925919788 -0.325006165 0.992468357 0.9514422219
-0.198359246 -0.925669935 -0.322162661 0.992468357 0.9514422219
-0.194182427 -0.92999975 -0.312079557 0.992468357 0.9514422219
-0.184087053 -0.934455942 -0.304801655 0.992468357 0.9514422219
-0.189979233 -0.934200997 -0.301954281 0.992468357 0.9514422219
0.048885327 -0.974803233 -0.217643934 0.9921640837 0.9506557947
0.053166007 -0.975783593 -0.212178592 0.9921640837 0.9506557947
0.037831657 -0.972814606 -0.228474304 0.9921640837 0.9506557947
0.079485326 -0.979556809 -0.184798648 0.9921640837 0.9506557947
0.083744862 -0.980229 -0.179270483 0.9921640837 0.9506557947
0.068472957 -0.978255494 -0.19577447 0.9921640837 0.9506557947
0.057443762 -0.976716071 -0.206702517 0.9921640837 0.9506557947
0.061719163 -0.977600421 -0.201216702 0.9921640837 0.9506557947
0.046401053 -0.974938765 -0.217580666 0.9921640837 0.9506557947
0.036709143 -0.974402411 -0.221793553 0.9921640837 0.9506557947
0.032423091 -0.973300843 -0.227231629 0.9921640837 0.9506557947
0.008734561 -0.970498534 -0.240948756 0.9921640837 0.9506557947
0.004443912 -0.969174839 -0.246333885 0.9921640837 0.9506557947
0.018435988 -0.971379318 -0.236817091 0.9921640837 0.9506557947
0.028135746 -0.972151261 -0.232659206 0.9921640837 0.9506557947
0.023846321 -0.970954141 -0.238074379 0.9921640837 0.9506557947
0.003087045 -0.971656956 -0.23637519 0.9921640837 0.9506557947
0.014296721 -0.972718304 -0.231548493 0.9921640837 0.9506557947
0.017077768 -0.973782727 -0.22683816 0.9921640837 0.9506557947
-0.002476755 -0.969330677 -0.245747645 0.9921640837 0.9506557947
0.011516019 -0.971623398 -0.236252733 0.9921640837 0.9506557947
0.025505041 -0.97363339 -0.226688143 0.9921640837 0.9506557947
0.039486245 -0.975359911 -0.217057322 0.9921640837 0.9506557947
-0.121014887 -0.947961516 -0.294490001 0.9921640837 0.9506557947
-0.136876046 -0.940733768 -0.310298124 0.9921640837 0.9506557947
-0.089101288 -0.960838758 -0.262392532 0.9921640837 0.9506557947
-0.105087172 -0.954664444 -0.278518375 0.9921640837 0.9506557947
-0.121170382 -0.948147796 -0.29382562 0.9921640837 0.9506557947
-0.121325346 -0.948333527 -0.29316153 0.9921640837 0.9506557947
-0.13718824 -0.941123389 -0.308975975 0.9921640837 0.9506557947
0.060611387 -0.973738674 -0.219452168 0.9921640837 0.9506557947
0.084348497 -0.976505343 -0.198299386 0.9921640837 0.9506557947
0.070650143 -0.975283938 -0.209355674 0.9921640837 0.9506557947
0.088020739 -0.976367713 -0.19737892 0.9921640837 0.9506557947
0.111662105 -0.978035723 -0.176004826 0.9921640837 0.9506557947
0.098021173 -0.97742252 -0.18718191 0.9921640837 0.9506557947
0.10800028 -0.978277231 -0.176945185 0.9921640837 0.9506557947
0.131542696 -0.97905249 -0.155411522 0.9921640837 0.9506557947
0.117957873 -0.978931087 -0.166672934 0.9921640837 0.9506557947
0.082809209 -0.979453653 -0.183883598 0.9921640837 0.9506557947
0.094540079 -0.979446884 -0.178174003 0.9921640837 0.9506557947
0.106436401 -0.980954416 -0.162479927 0.9921640837 0.9506557947
0.058878439 -0.974844565 -0.214968377 0.9921640837 0.9506557947
0.082611884 -0.977555772 -0.193803995 0.9921640837 0.9506557947
0.106259865 -0.979271903 -0.172439502 0.9921640837 0.9506557947
0.129795924 -0.979991438 -0.150896655 0.9921640837 0.9506557947
-0.032570607 -0.969211244 -0.244067042 0.9921640837 0.9506557947
-0.042793817 -0.970338461 -0.237932681 0.9921640837 0.9506557947
-0.030751515 -0.970098767 -0.240754493 0.9921640837 0.9506557947
-0.056647166 -0.969518453 -0.238380091 0.9921640837 0.9506557947
-0.066856992 -0.970372636 -0.232179004 0.9921640837 0.9506557947
-0.054829889 -0.970429679 -0.235074288 0.9921640837 0.9506557947
-0.053011208 -0.97132654 -0.231764029 0.9921640837 0.9506557947
-0.063221255 -0.972175039 -0.225563222 0.9921640837 0.9506557947
-0.051191988 -0.972208494 -0.228451363 0.9921640837 0.9506557947
-0.056712298 -0.972098077 -0.227616002 0.992468357 0.9514422219
-0.048308432 -0.972060605 -0.229705194 0.992468357 0.9514422219
-0.050954672 -0.971609917 -0.231036339 0.992468357 0.9514422219
-0.051420467 -0.973011028 -0.224956606 0.992468357 0.9514422219
-0.043014509 -0.972935827 -0.227036625 0.992468357 0.9514422219
-0.04566164 -0.972502616 -0.228371794 0.992468357 0.9514422219
-0.039900826 -0.971950288 -0.231776967 0.992468357 0.9514422219
-0.031490275 -0.971767101 -0.23383127 0.992468357 0.9514422219
-0.03413826 -0.971354156 -0.235171601 0.9921640837 0.9506557947
-0.121302176 -0.94849016 -0.29266397 0.9921640837 0.9506557947
-0.141129065 -0.938286601 -0.315754401 0.9921640837 0.9506557947
-0.081294553 -0.965955906 -0.245602085 0.9921640837 0.9506557947
-0.101350576 -0.957716441 -0.269271756 0.9921640837 0.9506557947
-0.121060424 -0.948692364 -0.292108151 0.9921640837 0.9506557947
-0.120818337 -0.948894147 -0.291552443 0.9921640837 0.9506557947
-0.140649965 -0.938727707 -0.314655176 0.9921640837 0.9506557947
0.020094555 -0.966559092 -0.25565549 0.9921640837 0.9506557947
0.012848668 -0.967264719 -0.253444026 0.992468357 0.9514422219
0.019057622 -0.966417815 -0.256268247 0.992468357 0.9514422219
0.007676126 -0.968216057 -0.249997489 0.992468357 0.9514422219
0.000429183 -0.968821379 -0.247759866 0.992468357 0.9514422219
0.006639098 -0.96806593 -0.250607817 0.992468357 0.9514422219
0.005602029 -0.967914354 -0.251217875 0.992468357 0.9514422219
-0.001644894 -0.968507976 -0.248977097 0.992468357 0.9514422219
0.004564992 -0.967761376 -0.25182748 0.992468357 0.9514422219
-0.07369625 -0.966329255 -0.246529176 0.992468357 0.9514422219
-0.071054883 -0.966860547 -0.245218039 0.992468357 0.9514422219
-0.078978098 -0.965240804 -0.249143836 0.9921640837 0.9506557947
-0.076338158 -0.965789476 -0.24783699 0.992468357 0.9514422219
-0.09589908 -0.958675318 -0.267852572 0.992468357 0.9514422219
-0.118005494 -0.950056763 -0.288906299 0.992468357 0.9514422219
-0.115380116 -0.95076179 -0.287644655 0.992468357 0.9514422219
-0.008797625 -0.969917545 -0.243274657 0.992468357 0.9514422219
-0.010627879 -0.969827805 -0.243559184 0.992468357 0.9514422219
-0.006172078 -0.969189079 -0.246240604 0.992468357 0.9514422219
-0.01770847 -0.971129329 -0.237895431 0.992468357 0.9514422219
-0.019538557 -0.971025347 -0.238176448 0.992468357 0.9514422219
-0.015083427 -0.970439899 -0.240871111 0.992468357 0.9514422219
-0.012458135 -0.969734722 -0.243842907 0.992468357 0.9514422219
-0.014288313 -0.969638319 -0.244125736 0.992468357 0.9514422219
-0.009832606 -0.96901383 -0.246810692 0.992468357 0.9514422219
0.090639076 -0.976663391 -0.194713068 0.992468357 0.9514422219
0.115251328 -0.978582617 -0.170567269 0.992468357 0.9514422219
0.115314652 -0.978182207 -0.172806545 0.992468357 0.9514422219
0.09052325 -0.977552831 -0.190252475 0.992468357 0.9514422219
0.115120638 -0.97936897 -0.16608329 0.992468357 0.9514422219
0.115184895 -0.978978732 -0.168324334 0.992468357 0.9514422219
0.139723636 -0.979335689 -0.1462153 0.992468357 0.9514422219
0.164029068 -0.978920965 -0.121688986 0.992468357 0.9514422219
0.164109668 -0.978624147 -0.123946746 0.992468357 0.9514422219
0.10234864 -0.978518149 -0.178960859 0.992468357 0.9514422219
0.114320955 -0.978433985 -0.172039691 0.992468357 0.9514422219
0.127296995 -0.977220603 -0.169809799 0.992468357 0.9514422219
0.076306474 -0.980096944 -0.183268392 0.992468357 0.9514422219
0.088309795 -0.980348413 -0.176403994 0.992468357 0.9514422219
0.101323792 -0.979477002 -0.17423631 0.992468357 0.9514422219
0.12627027 -0.978163387 -0.165082424 0.992468357 0.9514422219
0.138195693 -0.977705395 -0.158095256 0.992468357 0.9514422219
0.151127627 -0.976157076 -0.155813359 0.992468357 0.9514422219
0.38757212 -0.918211528 -0.081703376 0.992468357 0.9514422219
0.38153239 -0.921245788 -0.075757724 0.992468357 0.9514422219
0.403416734 -0.912196344 -0.071782789 0.992468357 0.9514422219
0.343254759 -0.934965212 -0.089533356 0.992468357 0.9514422219
0.337112495 -0.937748784 -0.083560654 0.992468357 0.9514422219
0.359425109 -0.92976565 -0.079683292 0.992468357 0.9514422219
0.375458804 -0.924207018 -0.069800247 0.992468357 0.9514422219
0.369355793 -0.927092286 -0.063845054 0.992468357 0.9514422219
0.391348744 -0.918291001 -0.059898231 0.992468357 0.9514422219
-0.007410794 -0.97343665 -0.228836553 0.992468357 0.9514422219
-0.01651577 -0.972426241 -0.232625095 0.992468357 0.9514422219
-0.026505322 -0.970719114 -0.238750641 0.992468357 0.9514422219
0.01257415 -0.976215783 -0.216436216 0.992468357 0.9514422219
0.00346826 -0.975431433 -0.220275944 0.992468357 0.9514422219
-0.006524285 -0.973997166 -0.226466232 0.992468357 0.9514422219
-0.025619506 -0.971320427 -0.23639008 0.992468357 0.9514422219
-0.034720487 -0.970119073 -0.240132198 0.992468357 0.9514422219
-0.044702441 -0.968186818 -0.246203124 0.992468357 0.9514422219
0.162814033 -0.977261421 -0.135837059 0.9921640837 0.9506557947
0.171536142 -0.976589177 -0.129803435 0.9921640837 0.9506557947
0.150203826 -0.978825529 -0.139066147 0.9921640837 0.9506557947
0.205276777 -0.971665866 -0.117161807 0.9921640837 0.9506557947
0.213907131 -0.970519349 -0.111067244 0.9921640837 0.9506557947
0.192774534 -0.973819945 -0.12046864 0.9921640837 0.9506557947
0.180238591 -0.975806854 -0.123753925 0.9921640837 0.9506557947
0.188921538 -0.974913907 -0.117692507 0.9921640837 0.9506557947
0.167672522 -0.977625615 -0.127020006 0.9921640837 0.9506557947
0.123580783 -0.97743683 -0.171303922 0.9921640837 0.9506557947
0.110006967 -0.97633753 -0.186181348 0.9921640837 0.9506557947
0.098552405 -0.975089363 -0.198716275 0.9921640837 0.9506557947
0.14630287 -0.978412313 -0.145961695 0.9921640837 0.9506557947
0.132817026 -0.97798452 -0.160953151 0.9921640837 0.9506557947
0.121429581 -0.977302684 -0.173592397 0.9921640837 0.9506557947
0.096388342 -0.974841078 -0.200982984 0.9921640837 0.9506557947
0.082730534 -0.972948058 -0.215702886 0.9921640837 0.9506557947
0.07121379 -0.971030901 -0.228095563 0.9921640837 0.9506557947
0.123903441 -0.978171995 -0.166815722 0.9921640837 0.9506557947
0.133829309 -0.978569138 -0.156499707 0.9921640837 0.9506557947
0.167993995 -0.97750389 -0.127531022 0.9921640837 0.9506557947
0.177792358 -0.977076604 -0.117094778 0.9921640837 0.9506557947
0.155879163 -0.978249343 -0.136857261 0.9921640837 0.9506557947
0.143727093 -0.978765794 -0.146150753 0.9921640837 0.9506557947
0.153596748 -0.978761277 -0.135773344 0.9921640837 0.9506557947
0.223052232 -0.970494243 -0.091589443 0.9921640837 0.9506557947
0.224524833 -0.970093767 -0.092231675 0.9921640837 0.9506557947
0.212344823 -0.97317491 -0.088545299 0.9921640837 0.9506557947
0.24730484 -0.963875243 -0.098918313 0.992468357 0.9514422219
0.248767264 -0.963433109 -0.099556478 0.9921640837 0.9506557947
0.236666337 -0.966846314 -0.095902293 0.9921640837 0.9506557947
0.225996803 -0.969690631 -0.092873709 0.9921640837 0.9506557947
0.227468172 -0.969284837 -0.093515426 0.9921640837 0.9506557947
0.21529766 -0.972407821 -0.089832886 0.9921640837 0.9506557947
0.258246823 -0.961718144 -0.09168855 0.992468357 0.9514422219
0.25678082 -0.962198168 -0.090765058 0.992468357 0.9514422219
0.250684878 -0.964252772 -0.085870152 0.992468357 0.9514422219
0.270380347 -0.957392733 -0.101457493 0.992468357 0.9514422219
0.268921938 -0.957900487 -0.100536806 0.992468357 0.9514422219
0.262859965 -0.960080694 -0.09565406 0.992468357 0.9514422219
0.255313968 -0.962675085 -0.089841299 0.992468357 0.9514422219
0.253846307 -0.963148887 -0.088917229 0.992468357 0.9514422219
0.247743103 -0.965175649 -0.084019762 0.992468357 0.9514422219
0.282400222 -0.953252463 -0.107516769 0.992468357 0.9514422219
0.279024016 -0.954399445 -0.106147527 0.992468357 0.9514422219
0.276630841 -0.955503423 -0.102413797 0.992468357 0.9514422219
0.287160794 -0.950957194 -0.11497432 0.992468357 0.9514422219
0.28379266 -0.95213174 -0.11360843 0.992468357 0.9514422219
0.281411263 -0.953275548 -0.109879161 0.992468357 0.9514422219
0.275643639 -0.955532519 -0.104776857 0.992468357 0.9514422219
0.272259312 -0.956651637 -0.103404607 0.992468357 0.9514422219
0.269858338 -0.957727945 -0.099667755 0.992468357 0.9514422219
0.311821411 -0.941570965 -0.127324493 0.992468357 0.9514422219
0.329254042 -0.936598311 -0.119897375 0.992468357 0.9514422219
0.325120982 -0.938216024 -0.11852021 0.992468357 0.9514422219
0.320111286 -0.938406178 -0.130086932 0.992468357 0.9514422219
0.337499825 -0.933301708 -0.122644978 0.992468357 0.9514422219
0.333380905 -0.93495984 -0.121273535 0.992468357 0.9514422219
0.346561224 -0.931265672 -0.112425826 0.992468357 0.9514422219
0.363735227 -0.925575622 -0.104911643 0.992468357 0.9514422219
0.35964931 -0.927324122 -0.103548766 0.992468357 0.9514422219
0.280700557 -0.95353145 -0.109475897 0.992468357 0.9514422219
0.288537623 -0.950611094 -0.11438788 0.992468357 0.9514422219
0.284273037 -0.952266906 -0.111250079 0.992468357 0.9514422219
0.289234013 -0.950234129 -0.115753127 0.992468357 0.9514422219
0.297040038 -0.947211757 -0.120652819 0.992468357 0.9514422219
0.292793317 -0.948926029 -0.117522189 0.992468357 0.9514422219
0.296347532 -0.947601311 -0.11928913 0.992468357 0.9514422219
0.304129536 -0.944502384 -0.124179193 0.992468357 0.9514422219
0.299896533 -0.946260003 -0.121054017 0.992468357 0.9514422219
0.184438376 -0.972664485 -0.141089637 0.992468357 0.9514422219
0.195100104 -0.970557932 -0.141255971 0.992468357 0.9514422219
0.17370384 -0.973465504 -0.148969424 0.992468357 0.9514422219
0.22701155 -0.965770556 -0.125510916 0.992468357 0.9514422219
0.237576293 -0.963212398 -0.125616009 0.992468357 0.9514422219
0.216395124 -0.967139533 -0.133470124 0.992468357 0.9514422219
0.205740113 -0.968336165 -0.141407489 0.992468357 0.9514422219
0.216354564 -0.966000802 -0.141538522 0.992468357 0.9514422219
0.195047243 -0.969361301 -0.149315914 0.992468357 0.9514422219
0.480647454 -0.876735127 -0.017707114 0.992468357 0.9514422219
0.457854553 -0.888696224 -0.02425344 0.992468357 0.9514422219
0.469223863 -0.882845375 -0.020322648 0.9921640837 0.9506557947
0.457989869 -0.888589537 -0.025571757 0.992468357 0.9514422219
0.434872149 -0.899919841 -0.032101307 0.992468357 0.9514422219
0.446403389 -0.894387993 -0.028180346 0.992468357 0.9514422219
0.43473874 -0.900030349 -0.030783111 0.992468357 0.9514422219
0.411316362 -0.910729484 -0.037291514 0.992468357 0.9514422219
0.422998271 -0.90551542 -0.033380946 0.9921640837 0.9506557947
0.486860199 -0.872852055 -0.03311248 0.992468357 0.9514422219
0.500141114 -0.865490873 -0.028007407 0.992468357 0.9514422219
0.51324684 -0.857744439 -0.029191754 0.992468357 0.9514422219
0.46008647 -0.887342859 -0.030709791 0.992468357 0.9514422219
0.473582539 -0.880377007 -0.025610642 0.992468357 0.9514422219
0.486918189 -0.873036004 -0.026810693 0.992468357 0.9514422219
0.513293097 -0.857908081 -0.022889311 0.992468357 0.9514422219
0.526313115 -0.850105166 -0.017768262 0.992468357 0.9514422219
0.539185358 -0.841973914 -0.018949337 0.992468357 0.9514422219
0.30163723 -0.949075752 -0.090940631 0.992468357 0.9514422219
0.289964348 -0.952021849 -0.097852317 0.992468357 0.9514422219
0.283528706 -0.954042698 -0.097025787 0.992468357 0.9514422219
0.314422022 -0.944759419 -0.092565827 0.992468357 0.9514422219
0.302795648 -0.947847882 -0.099494664 0.992468357 0.9514422219
0.2963872 -0.949956623 -0.098676449 0.992468357 0.9514422219
0.278236189 -0.954784077 -0.104747268 0.992468357 0.9514422219
0.266454524 -0.957362355 -0.11162127 0.992468357 0.9514422219
0.259976888 -0.959239585 -0.110776514 0.992468357 0.9514422219
0.375924342 -0.923827338 -0.072276816 0.9921640837 0.9506557947
0.3871191 -0.920107191 -0.059511006 0.9921640837 0.9506557947
0.365963044 -0.927339166 -0.078186455 0.9921640837 0.9506557947
0.41763442 -0.907947181 -0.034834016 0.9921640837 0.9506557947
0.42842508 -0.903308951 -0.022020218 0.9921640837 0.9506557947
0.407945943 -0.912094731 -0.040783682 0.9921640837 0.9506557947
0.398196214 -0.916109421 -0.046725845 0.9921640837 0.9506557947
0.409155204 -0.911833763 -0.033929467 0.9921640837 0.9506557947
0.388390345 -0.919988824 -0.052664064 0.9921640837 0.9506557947
0.610249857 -0.792163746 -0.008468255 0.992468357 0.9514422219
0.586603802 -0.809837356 -0.007709458 0.992468357 0.9514422219
0.593646029 -0.804686269 -0.008025008 0.992468357 0.9514422219
0.596336774 -0.802696078 -0.00783955 0.992468357 0.9514422219
0.572385745 -0.819953951 -0.007076555 0.992468357 0.9514422219
0.579516863 -0.814926712 -0.007393209 0.992468357 0.9514422219
0.562446192 -0.826804732 -0.006943827 0.992468357 0.9514422219
0.537798091 -0.843051077 -0.006172093 0.992468357 0.9514422219
0.545132153 -0.838324995 -0.006491393 0.992468357 0.9514422219
0.469194618 -0.88305318 -0.008572715 0.992468357 0.9514422219
0.447276281 -0.893963952 -0.027791742 0.992468357 0.9514422219
0.44784248 -0.893636678 -0.029165081 0.992468357 0.9514422219
0.468050252 -0.883682642 -0.005826688 0.992468357 0.9514422219
0.446138987 -0.894613249 -0.025042729 0.992468357 0.9514422219
0.44670737 -0.894290061 -0.026416133 0.992468357 0.9514422219
0.424922933 -0.904009528 -0.046981639 0.992468357 0.9514422219
0.402158021 -0.913179218 -0.066125959 0.9921640837 0.9506557947
0.402717103 -0.912832197 -0.067500481 0.992468357 0.9514422219
0.575361621 -0.817641115 -0.020542916 0.992468357 0.9514422219
0.559309563 -0.828827779 -0.014741974 0.992468357 0.9514422219
0.574558255 -0.818239718 -0.019146177 0.992468357 0.9514422219
0.544688518 -0.838556407 -0.011729088 0.992468357 0.9514422219
0.528207105 -0.849094946 -0.005918319 0.992468357 0.9514422219
0.543857216 -0.839114157 -0.010332448 0.992468357 0.9514422219
0.543024523 -0.839669301 -0.008934936 0.992468357 0.9514422219
0.526513171 -0.850161229 -0.003124975 0.992468357 0.9514422219
0.542190062 -0.840222061 -0.007538196 0.992468357 0.9514422219
0.513896714 -0.857826657 -0.006602543 0.9921640837 0.9506557947
0.513042296 -0.858347543 -0.005205575 0.992468357 0.9514422219
0.483104203 -0.87554759 -0.005171659 0.9921640837 0.9506557947
0.482231026 -0.876035956 -0.003773713 0.992468357 0.9514422219
0.497715293 -0.867328844 -0.004490378 0.992468357 0.9514422219
0.512186337 -0.858865913 -0.003807784 0.992468357 0.9514422219
0.511328834 -0.859381761 -0.002410839 0.992468357 0.9514422219
0.549292579 -0.835629964 -0.000475727 0.992468357 0.9514422219
0.543723277 -0.839252471 0.004504204 0.992468357 0.9514422219
0.553072154 -0.83312873 -0.002776989 0.992468357 0.9514422219
0.530425119 -0.847614771 0.014085225 0.992468357 0.9514422219
0.524737108 -0.851050859 0.019063119 0.992468357 0.9514422219
0.534277691 -0.845226875 0.011784661 0.992468357 0.9514422219
0.53811652 -0.842817102 0.00948389 0.992468357 0.9514422219
0.532472576 -0.846323688 0.014462759 0.992468357 0.9514422219
0.541941356 -0.840385611 0.00718271 0.992468357 0.9514422219
0.568268497 -0.822717291 -0.014393555 0.992468357 0.9514422219
0.57585353 -0.817305452 -0.020112447 0.992468357 0.9514422219
0.566249365 -0.824123782 -0.013477667 0.992468357 0.9514422219
0.587331085 -0.808874048 -0.027658114 0.992468357 0.9514422219
0.594744341 -0.803222022 -0.033369926 0.992468357 0.9514422219
0.585352449 -0.810337764 -0.026743578 0.992468357 0.9514422219
0.583369725 -0.811795928 -0.025828962 0.992468357 0.9514422219
0.590816252 -0.806189334 -0.03154226 0.992468357 0.9514422219
0.58138304 -0.813248456 -0.024914037 0.992468357 0.9514422219
0.723840309 -0.687710467 0.055763076 0.992468357 0.9514422219
0.704878587 -0.708480187 0.034669904 0.992468357 0.9514422219
0.707507664 -0.705670976 0.038227975 0.992468357 0.9514422219
0.718784692 -0.693527764 0.048660119 0.992468357 0.9514422219
0.699562821 -0.714039806 0.027550234 0.992468357 0.9514422219
0.702230641 -0.711269496 0.031109968 0.992468357 0.9514422219
0.685046231 -0.728373887 0.013532973 0.992468357 0.9514422219
0.66436736 -0.747367335 -0.007620827 0.992468357 0.9514422219
0.667247561 -0.744824972 -0.004056303 0.992468357 0.9514422219
0.47189284 -0.8816271 -0.00712768 0.992468357 0.9514422219
0.445228684 -0.894809835 -0.032966314 0.992468357 0.9514422219
0.459638968 -0.88790709 -0.018788793 0.992468357 0.9514422219
0.443216697 -0.895711756 -0.035488178 0.992468357 0.9514422219
0.415805262 -0.907387461 -0.061269724 0.992468357 0.9514422219
0.430615426 -0.901304171 -0.047129042 0.992468357 0.9514422219
0.417873543 -0.906603368 -0.058754021 0.992468357 0.9514422219
0.389869923 -0.916989369 -0.084450809 0.992468357 0.9514422219
0.404995838 -0.911607272 -0.070360162 0.992468357 0.9514422219
0.439466213 -0.8978714 -0.026389318 0.992468357 0.9514422219
0.432174868 -0.901109806 -0.035014287 0.992468357 0.9514422219
0.412378515 -0.909504261 -0.052401894 0.992468357 0.9514422219
0.477760936 -0.878449156 0.008459822 0.992468357 0.9514422219
0.47076482 -0.882258722 -0.000176805 0.992468357 0.9514422219
0.451642885 -0.892025141 -0.017602648 0.992468357 0.9514422219
0.42482601 -0.904222682 -0.043637166 0.992468357 0.9514422219
0.417417076 -0.907211503 -0.052252021 0.992468357 0.9514422219
0.397351045 -0.91502332 -0.069602235 0.992468357 0.9514422219
0.620333804 -0.783937693 -0.025053265 0.992468357 0.9514422219
0.635884613 -0.771641749 -0.014824636 0.992468357 0.9514422219
0.614956283 -0.78792628 -0.031637751 0.992468357 0.9514422219
0.661196844 -0.750163264 0.008591346 0.992468357 0.9514422219
0.675842773 -0.736805385 0.018824725 0.992468357 0.9514422219
0.656186669 -0.754595949 0.002002263 0.992468357 0.9514422219
0.651119599 -0.758961267 -0.004589461 0.992468357 0.9514422219
0.666028977 -0.745904461 0.005651293 0.992468357 0.9514422219
0.645993539 -0.763261037 -0.011177484 0.992468357 0.9514422219
0.64835589 -0.761122505 0.018087901 0.992468357 0.9514422219
0.62261335 -0.782485807 0.008281148 0.992468357 0.9514422219
0.632686601 -0.774250054 0.015637075 0.992468357 0.9514422219
0.628426882 -0.777861295 0.003385099 0.992468357 0.9514422219
0.602050909 -0.79843176 -0.006436373 0.992468357 0.9514422219
0.612401467 -0.790546393 0.000918527 0.992468357 0.9514422219
0.59611465 -0.802897846 -0.001540509 0.992468357 0.9514422219
0.568892905 -0.822333106 -0.011363376 0.992468357 0.9514422219
0.579576571 -0.814907959 -0.004001976 0.992468357 0.9514422219
-0.955750418 -0.281158126 -0.08655199 0.992468357 0.9514422219
-0.56831469 -0.822128294 -0.033518371 0.992468357 0.9514422219
-0.965826416 -0.258358488 -0.020741883 0.992468357 0.9514422219
0.124419861 -0.991399856 -0.040571218 0.992468357 0.9514422219
0.717990297 -0.695405327 0.03002274 0.992468357 0.9514422219
0.100119425 -0.994558849 -0.028788827 0.992468357 0.9514422219
0.072728655 -0.996699762 0.036057265 0.992468357 0.9514422219
0.682969809 -0.728927016 0.047091871 0.992468357 0.9514422219
0.048182148 -0.997766136 0.046273306 0.992468357 0.9514422219
-0.306819734 -0.944293797 0.119041489 0.992468357 0.9514422219
-0.620664223 -0.777214504 0.103506218 0.992468357 0.9514422219
-0.863404972 -0.497104032 0.086136141 0.992468357 0.9514422219
0.420234787 -0.903822992 0.080664264 0.992468357 0.9514422219
0.076277252 -0.996726306 0.026803952 0.992468357 0.9514422219
-0.292452196 -0.954658051 0.055675109 0.992468357 0.9514422219
-0.856558491 -0.515511427 0.023569481 0.992468357 0.9514422219
-0.982088136 -0.185793078 -0.031366005 0.992468357 0.9514422219
-0.982180193 0.187933685 0.001731661 0.992468357 0.9514422219
0.671143367 -0.739767407 0.048070404 0.992468357 0.9514422219
0.373651662 -0.923985106 0.0814614 0.992468357 0.9514422219
0.36565188 -0.926467811 0.089196964 0.992468357 0.9514422219
0.683625428 -0.729085287 0.033029065 0.992468357 0.9514422219
0.38932376 -0.918901737 0.063612951 0.992468357 0.9514422219
0.381461128 -0.921621621 0.071421259 0.992468357 0.9514422219
0.029856821 -0.994270803 0.10263596 0.992468357 0.9514422219
-0.317589333 -0.941687804 0.111180464 0.992468357 0.9514422219
-0.325586694 -0.937792706 0.120574228 0.992468357 0.9514422219
0.631146042 -0.775641169 -0.005954082 0.992468357 0.9514422219
0.658282172 -0.752738575 0.007015616 0.992468357 0.9514422219
0.644701726 -0.764422749 0.004188615 0.992468357 0.9514422219
0.658537017 -0.752548278 -0.000294001 0.992468357 0.9514422219
0.684790464 -0.728630015 0.012661848 0.992468357 0.9514422219
0.671648094 -0.740805034 0.009835663 0.992468357 0.9514422219
0.684479555 -0.728758473 0.019970644 0.992468357 0.9514422219
0.709699324 -0.703736427 0.032892405 0.992468357 0.9514422219
0.697029312 -0.716410895 0.030092661 0.992468357 0.9514422219
-0.793539096 -0.32484966 0.51455651 0.992468357 0.9514422219
-0.932593291 -0.027720446 0.359862933 0.992468357 0.9514422219
-0.792006155 -0.340331354 0.506853844 0.992468357 0.9514422219
-0.938803332 0.302467174 0.164808717 0.992468357 0.9514422219
-0.824102688 0.563281411 -0.059739536 0.992468357 0.9514422219
-0.943476815 0.288761761 0.162690336 0.992468357 0.9514422219
-0.948979807 0.273070342 0.15770198 0.992468357 0.9514422219
-0.839529279 0.539714598 -0.06243991 0.992468357 0.9514422219
-0.953194693 0.259229163 0.155628143 0.992468357 0.9514422219
-0.908914423 0.411961551 -0.064515527 0.992468357 0.9514422219
-0.920428417 0.384602359 -0.069946805 0.992468357 0.9514422219
-0.91879679 0.388658376 -0.068971919 0.992468357 0.9514422219
-0.912369824 0.403932925 -0.066479293 0.992468357 0.9514422219
-0.923636206 0.376467285 -0.071892571 0.992468357 0.9514422219
-0.92204154 0.380538662 -0.070920558 0.992468357 0.9514422219
-0.931104236 0.356892986 -0.075314659 0.992468357 0.9514422219
-0.940932189 0.328858636 -0.080613978 0.992468357 0.9514422219
-0.939551877 0.33301157 -0.079659057 0.992468357 0.9514422219
-0.924370261 0.330387111 0.190745847 0.992468357 0.9514422219
-0.8491767 -0.379697413 0.367054229 0.992468357 0.9514422219
-0.986648564 -0.09292251 0.133753571 0.992468357 0.9514422219
-0.766331108 -0.277663469 0.579344139 0.992468357 0.9514422219
-0.206958277 -0.745757756 0.633256379 0.992468357 0.9514422219
-0.532917891 -0.557787212 0.636295488 0.992468357 0.9514422219
-0.281702417 -0.860285836 0.424914144 0.992468357 0.9514422219
0.447111798 -0.830498009 0.332210922 0.992468357 0.9514422219
0.042372578 -0.969018248 0.243327352 0.992468357 0.9514422219
-0.888392526 0.456744223 -0.046297242 0.992468357 0.9514422219
-0.876487162 0.479570209 -0.042221659 0.992468357 0.9514422219
-0.886514543 0.46035254 -0.046556459 0.992468357 0.9514422219
-0.8680621 0.495028553 -0.037615441 0.992468357 0.9514422219
-0.855152468 0.517293405 -0.033493111 0.992468357 0.9514422219
-0.86603148 0.498553547 -0.03786604 0.992468357 0.9514422219
-0.863986337 0.502070402 -0.038117204 0.992468357 0.9514422219
-0.850898676 0.524229344 -0.033985848 0.992468357 0.9514422219
-0.861926976 0.505578759 -0.03836673 0.992468357 0.9514422219
-0.823148937 0.565212634 -0.054410539 0.992468357 0.9514422219
-0.834230546 0.549134762 -0.050103995 0.992468357 0.9514422219
-0.821643458 0.567249134 -0.055950401 0.992468357 0.9514422219
-0.847780486 0.528626665 -0.042686037 0.992468357 0.9514422219
-0.846383239 0.530734376 -0.044231596 0.992468357 0.9514422219
-0.844978619 0.532837267 -0.045777515 0.992468357 0.9514422219
-0.843566488 0.534935689 -0.047322185 0.992468357 0.9514422219
-0.866529462 0.499007903 -0.01085382 0.992468357 0.9514422219
-0.860714266 0.508810374 -0.01682129 0.992468357 0.9514422219
-0.855990059 0.516872657 -0.01112095 0.992468357 0.9514422219
-0.875541027 0.482631364 -0.02224582 0.992468357 0.9514422219
-0.86985193 0.492504934 -0.028222507 0.992468357 0.9514422219
-0.865335284 0.500687016 -0.022524624 0.992468357 0.9514422219
-0.854756543 0.518528517 -0.022790984 0.992468357 0.9514422219
-0.848658078 0.528159669 -0.02875465 0.992468357 0.9514422219
-0.843810784 0.536145759 -0.023045282 0.992468357 0.9514422219
-0.823218272 0.56522294 -0.053241942 0.992468357 0.9514422219
-0.834208208 0.549470527 -0.046677669 0.992468357 0.9514422219
-0.825525034 0.561870804 -0.053005829 0.992468357 0.9514422219
-0.840465295 0.540343755 -0.040579722 0.992468357 0.9514422219
-0.842666806 0.536922341 -0.040336763 0.992468357 0.9514422219
-0.844854446 0.533491741 -0.040093984 0.992468357 0.9514422219
-0.847027922 0.530052532 -0.03984987 0.992468357 0.9514422219
0.696938588 -0.715754612 0.044406527 0.992468357 0.9514422219
0.674492619 -0.737930665 0.022760501 0.992468357 0.9514422219
0.680042294 -0.732595188 0.029099305 0.992468357 0.9514422219
0.686154951 -0.726762434 0.031745037 0.992468357 0.9514422219
0.663193053 -0.748380555 0.010075661 0.992468357 0.9514422219
0.668876642 -0.743192096 0.01641785 0.992468357 0.9514422219
0.651059866 -0.759025616 0.001079568 0.992468357 0.9514422219
0.626674183 -0.779008964 -0.020603457 0.992468357 0.9514422219
0.632720349 -0.774249062 -0.014260093 0.992468357 0.9514422219
-0.066253051 -0.974258366 -0.215478932 0.992468357 0.9514422219
-0.071645747 -0.97651686 -0.203179006 0.992468357 0.9514422219
-0.058857805 -0.975348136 -0.212677624 0.992468357 0.9514422219
-0.091798221 -0.976217117 -0.196400679 0.992468357 0.9514422219
-0.097162108 -0.978107633 -0.18402441 0.992468357 0.9514422219
-0.08441605 -0.977436714 -0.193626962 0.992468357 0.9514422219
-0.077025794 -0.9785945 -0.190839805 0.992468357 0.9514422219
-0.082393623 -0.980489927 -0.178467906 0.992468357 0.9514422219
-0.069632701 -0.979689259 -0.188043192 0.992468357 0.9514422219
0.583955936 -0.811410396 -0.024670509 0.992468357 0.9514422219
0.584599463 -0.811134597 -0.017439423 0.992468357 0.9514422219
0.588367207 -0.808284273 -0.022373268 0.992468357 0.9514422219
0.576377005 -0.817049857 -0.014801327 0.992468357 0.9514422219
0.576982478 -0.816721454 -0.007568763 0.992468357 0.9514422219
0.580804301 -0.813947175 -0.012504359 0.992468357 0.9514422219
0.585211998 -0.810816092 -0.010207011 0.992468357 0.9514422219
0.585793341 -0.810455004 -0.002974414 0.992468357 0.9514422219
0.589599197 -0.807657244 -0.007909665 0.992468357 0.9514422219
-0.301321417 -0.883535829 -0.358566372 0.992468357 0.9514422219
-0.300039095 -0.888110121 -0.348190974 0.992468357 0.9514422219
-0.306157311 -0.877018473 -0.370278676 0.992468357 0.9514422219
-0.288677261 -0.90450039 -0.313917956 0.992468357 0.9514422219
-0.287226093 -0.908558735 -0.303351604 0.992468357 0.9514422219
-0.293727374 -0.898625836 -0.325877027 0.992468357 0.9514422219
-0.298718721 -0.892568616 -0.337769732 0.992468357 0.9514422219
-0.29735756 -0.896911245 -0.327305211 0.992468357 0.9514422219
-0.303647528 -0.886330537 -0.349594563 0.992468357 0.9514422219
-0.326457299 -0.856061708 -0.400729315 0.992468357 0.9514422219
-0.319729407 -0.85951833 -0.39874973 0.992468357 0.9514422219
-0.325958925 -0.853133109 -0.407326254 0.992468357 0.9514422219
-0.313902429 -0.868576162 -0.383458883 0.992468357 0.9514422219
-0.307122669 -0.871893209 -0.38141565 0.992468357 0.9514422219
-0.313450202 -0.865772168 -0.390112195 0.992468357 0.9514422219
-0.312981243 -0.862922648 -0.39674582 0.992468357 0.9514422219
-0.306214997 -0.866274187 -0.394716872 0.992468357 0.9514422219
-0.312496957 -0.860027941 -0.403357898 0.992468357 0.9514422219
-0.32450535 -0.818458855 -0.474153331 0.992468357 0.9514422219
-0.318957692 -0.834894786 -0.448571831 0.992468357 0.9514422219
-0.325402247 -0.826585887 -0.45920491 0.992468357 0.9514422219
-0.311690805 -0.835255997 -0.452985939 0.992468357 0.9514422219
-0.305855134 -0.85095177 -0.427005529 0.992468357 0.9514422219
-0.31243769 -0.843018263 -0.437838895 0.992468357 0.9514422219
-0.313101209 -0.850534405 -0.422562255 0.992468357 0.9514422219
-0.306942402 -0.865361612 -0.396151036 0.992468357 0.9514422219
-0.313670642 -0.857803813 -0.407165012 0.992468357 0.9514422219
0.329910696 -0.850227128 -0.410210634 0.992468357 0.9514422219
0.327982221 -0.858210727 -0.394844287 0.992468357 0.9514422219
0.323309096 -0.863816734 -0.386383072 0.992468357 0.9514422219
0.339011067 -0.838382632 -0.426832589 0.992468357 0.9514422219
0.33720957 -0.84667716 -0.41161571 0.992468357 0.9514422219
0.332617711 -0.852496889 -0.403254898 0.992468357 0.9514422219
0.325957492 -0.865933113 -0.379356768 0.992468357 0.9514422219
0.32383259 -0.873392737 -0.363754835 0.992468357 0.9514422219
0.319036595 -0.878680178 -0.355157423 0.992468357 0.9514422219
0.357333079 -0.805705473 -0.472389418 0.992468357 0.9514422219
0.352065906 -0.809048486 -0.470627396 0.992468357 0.9514422219
0.356524569 -0.799829898 -0.482868891 0.992468357 0.9514422219
0.348198805 -0.823646196 -0.447620974 0.992468357 0.9514422219
0.34751598 -0.81806156 -0.458266219 0.992468357 0.9514422219
0.346782352 -0.812358064 -0.468845791 0.992468357 0.9514422219
0.346000453 -0.806536485 -0.479356428 0.992468357 0.9514422219
0.045829091 -0.96400641 -0.261899476 0.992468357 0.9514422219
0.075284369 -0.954156375 -0.289685821 0.992468357 0.9514422219
0.063078952 -0.95826777 -0.278825979 0.992468357 0.9514422219
0.070273541 -0.956313011 -0.283772891 0.992468357 0.9514422219
0.09962788 -0.945122463 -0.311155612 0.992468357 0.9514422219
0.087469086 -0.949774318 -0.300462815 0.992468357 0.9514422219
0.104609566 -0.942649379 -0.316968432 0.992468357 0.9514422219
0.133753517 -0.929505368 -0.343700113 0.992468357 0.9514422219
0.121685934 -0.934942931 -0.333278036 0.992468357 0.9514422219
-0.011640739 -0.96935145 -0.24540224 0.992468357 0.9514422219
-0.008473641 -0.968787886 -0.247746301 0.992468357 0.9514422219
-0.008495694 -0.96835363 -0.24943751 0.992468357 0.9514422219
-0.011596467 -0.970203069 -0.242015552 0.992468357 0.9514422219
-0.008429392 -0.969647544 -0.244361589 0.992468357 0.9514422219
-0.008451516 -0.969219197 -0.246054303 0.992468357 0.9514422219
-0.005306363 -0.968208982 -0.250086403 0.992468357 0.9514422219
-0.00213902 -0.96761474 -0.252422544 0.992468357 0.9514422219
-0.002161086 -0.967172461 -0.254111709 0.992468357 0.9514422219
-0.311904555 -0.854590374 -0.41519976 0.992468357 0.9514422219
-0.318633956 -0.851136323 -0.417180252 0.992468357 0.9514422219
-0.323949583 -0.836191652 -0.442538346 0.992468357 0.9514422219
-0.330617136 -0.832568874 -0.444433774 0.992468357 0.9514422219
-0.324675214 -0.841981966 -0.430873966 0.992468357 0.9514422219
-0.325346206 -0.847629459 -0.419134998 0.992468357 0.9514422219
-0.332035638 -0.844071122 -0.421065643 0.992468357 0.9514422219
0.58131609 -0.813043546 -0.032121589 0.992468357 0.9514422219
0.57640383 -0.816744917 -0.026198568 0.992468357 0.9514422219
0.577756157 -0.815762642 -0.027002498 0.992468357 0.9514422219
0.578622896 -0.815024186 -0.030514267 0.992468357 0.9514422219
0.573693197 -0.818701059 -0.024590467 0.992468357 0.9514422219
0.575049478 -0.817724411 -0.025394592 0.992468357 0.9514422219
0.571449501 -0.820386766 -0.020273681 0.992468357 0.9514422219
0.5664535 -0.823968802 -0.014347332 0.992468357 0.9514422219
0.567823076 -0.823011164 -0.015151848 0.992468357 0.9514422219
-0.55344394 -0.832672089 -0.018894387 0.992468357 0.9514422219
-0.546129557 -0.837203641 -0.028854298 0.992468357 0.9514422219
-0.538616202 -0.842142492 -0.02624137 0.992468357 0.9514422219
-0.568267744 -0.82249039 -0.024110759 0.992468357 0.9514422219
-0.561012743 -0.827105418 -0.034078291 0.992468357 0.9514422219
-0.553596337 -0.832190375 -0.031468638 0.992468357 0.9514422219
-0.538721869 -0.841589144 -0.038813152 0.992468357 0.9514422219
-0.531221378 -0.845828583 -0.048763267 0.992468357 0.9514422219
-0.52365211 -0.850681742 -0.046141543 0.992468357 0.9514422219
-0.986907573 -0.160925269 0.010793489 0.9922126432 0.9506533159
-0.988784757 -0.149347586 5.6627e-05 0.9922126432 0.9506533159
-0.986702943 -0.162323787 0.008263855 0.9922126432 0.9506533159
-0.990838025 -0.134938504 -0.00562209 0.9922126432 0.9506533159
-0.992235713 -0.123291248 -0.016357205 0.9922126432 0.9506533159
-0.990629219 -0.136335307 -0.008150741 0.9922126432 0.9506533159
-0.990411959 -0.137731917 -0.010680376 0.9922126432 0.9506533159
-0.991788849 -0.126080696 -0.0214135 0.9922126432 0.9506533159
-0.990186501 -0.139126645 -0.013208743 0.9922126432 0.9506533159
-0.943250236 -0.332081054 0.001080176 0.9922126432 0.9506533159
-0.936026436 -0.351767615 -0.010679743 0.9922126432 0.9506533159
-0.931967992 -0.362219287 -0.015259412 0.9922126432 0.9506533159
-0.950409335 -0.310833016 0.010243616 0.9922126432 0.9506533159
-0.943731345 -0.330709601 -0.001519487 0.9922126432 0.9506533159
-0.939947968 -0.341263239 -0.006100814 0.9922126432 0.9506533159
-0.928261962 -0.371249735 -0.022435795 0.9922126432 0.9506533159
-0.919960808 -0.390517568 -0.034178075 0.992468357 0.9514422219
-0.915366714 -0.400752958 -0.038740748 0.9922126432 0.9506533159
-0.007791738 -0.969177035 -0.246242084 0.992468357 0.9514422219
-0.011768186 -0.970253494 -0.24180502 0.992468357 0.9514422219
-0.006658633 -0.969460534 -0.245156962 0.992468357 0.9514422219
-0.018010272 -0.970722395 -0.239528 0.992468357 0.9514422219
-0.021985712 -0.971728887 -0.235073603 0.992468357 0.9514422219
-0.016877313 -0.971009616 -0.238443876 0.992468357 0.9514422219
-0.015744224 -0.971294389 -0.237359071 0.992468357 0.9514422219
-0.019719751 -0.972299654 -0.232904516 0.992468357 0.9514422219
-0.014611161 -0.97157667 -0.236273759 0.992468357 0.9514422219
0.522722533 -0.852130786 0.025184854 0.992468357 0.9514422219
0.517325731 -0.855444174 0.02427659 0.992468357 0.9514422219
0.512728783 -0.858073648 0.028614847 0.992468357 0.9514422219
0.53181218 -0.8467015 0.016503785 0.992468357 0.9514422219
0.526446257 -0.850065357 0.015595772 0.992468357 0.9514422219
0.521898251 -0.852774738 0.019936443 0.992468357 0.9514422219
0.511907573 -0.858722679 0.023366581 0.992468357 0.9514422219
0.506468699 -0.861965885 0.022455957 0.992468357 0.9514422219
0.501841904 -0.864544276 0.026793626 0.992468357 0.9514422219
0.544357198 -0.838837502 0.005185165 0.992468357 0.9514422219
0.549925629 -0.835213602 0.000205279 0.992468357 0.9514422219
0.560203744 -0.828308431 -0.008769677 0.992468357 0.9514422219
0.565663438 -0.824521587 -0.013748723 0.992468357 0.9514422219
0.557833358 -0.829925347 -0.006772187 0.992468357 0.9514422219
0.555456145 -0.831532125 -0.004774627 0.992468357 0.9514422219
0.56094838 -0.827793314 -0.009754184 0.992468357 0.9514422219
-0.968781572 -0.240144919 0.061584771 0.9922126432 0.9506533159
-0.968253377 -0.241954875 0.062795195 0.9922126432 0.9506533159
-0.958011166 -0.281087361 0.056608309 0.9922126432 0.9506533159
-0.957411756 -0.28287825 0.057815438 0.9922126432 0.9506533159
-0.963051326 -0.262476222 0.060318962 0.9922126432 0.9506533159
-0.967720194 -0.243763814 0.064006473 0.9922126432 0.9506533159
-0.967182268 -0.245571403 0.065216147 0.9922126432 0.9506533159
0.031376442 -0.966938549 -0.253071851 0.992468357 0.9514422219
0.035718308 -0.967162387 -0.251636881 0.992468357 0.9514422219
0.022688752 -0.966429136 -0.255929572 0.992468357 0.9514422219
0.027031596 -0.966693714 -0.25450453 0.992468357 0.9514422219
0.045168911 -0.962507668 -0.267467303 0.992468357 0.9514422219
0.058942295 -0.957675555 -0.281750488 0.992468357 0.9514422219
0.06328274 -0.957826617 -0.280291751 0.992468357 0.9514422219
-0.063797911 -0.95935041 -0.274912019 0.9921671435 0.9506561059
-0.064982073 -0.960977439 -0.268886021 0.9921671435 0.9506561059
-0.072989451 -0.959556944 -0.271887866 0.9921671435 0.9506561059
-0.04777103 -0.961995831 -0.268853028 0.9921671435 0.9506561059
-0.048953303 -0.963602172 -0.262820146 0.9921671435 0.9506561059
-0.056969493 -0.962326001 -0.265863017 0.9921671435 0.9506561059
-0.066163292 -0.962565963 -0.262848217 0.9921671435 0.9506561059
-0.067341488 -0.964115425 -0.256800645 0.9921671435 0.9506561059
-0.075350542 -0.962715559 -0.259809639 0.9921671435 0.9506561059
-0.005332588 -0.969587849 -0.244685445 0.9921640837 0.9506557947
-0.011479154 -0.970222872 -0.241941745 0.992468357 0.9514422219
-0.004680589 -0.969658423 -0.244418974 0.992468357 0.9514422219
-0.018929006 -0.970658408 -0.23971639 0.992468357 0.9514422219
-0.025074095 -0.971198434 -0.236949133 0.992468357 0.9514422219
-0.018277116 -0.970736215 -0.239451766 0.992468357 0.9514422219
-0.017625196 -0.970813546 -0.239186981 0.992468357 0.9514422219
-0.023770451 -0.97135983 -0.23642133 0.992468357 0.9514422219
-0.016973286 -0.970890378 -0.238922122 0.992468357 0.9514422219
0.316068578 -0.831123249 -0.457531201 0.992468357 0.9514422219
0.31876637 -0.829156611 -0.459224689 0.992468357 0.9514422219
0.310659686 -0.835021577 -0.454125012 0.992468357 0.9514422219
0.313366253 -0.833078247 -0.455831356 0.992468357 0.9514422219
0.311284369 -0.836250914 -0.451427126 0.992468357 0.9514422219
0.306473207 -0.841306279 -0.445284087 0.992468357 0.9514422219
0.309191919 -0.839395304 -0.447007696 0.992468357 0.9514422219
-0.497488748 -0.867182968 -0.022330375 0.992468357 0.9514422219
-0.506504151 -0.861985811 -0.020832828 0.992468357 0.9514422219
-0.47059349 -0.881289946 -0.043241158 0.992468357 0.9514422219
-0.479780377 -0.876394254 -0.04176005 0.992468357 0.9514422219
-0.4932262 -0.869337713 -0.031302658 0.992468357 0.9514422219
-0.515465297 -0.856692239 -0.019337394 0.992468357 0.9514422219
-0.524367938 -0.851304939 -0.017837203 0.992468357 0.9514422219
0.522938832 -0.852366051 0.002663233 0.992468357 0.9514422219
0.535956617 -0.844244616 -0.001238215 0.992468357 0.9514422219
0.538646314 -0.842513175 -0.005630147 0.992468357 0.9514422219
0.517442526 -0.855641411 0.011445909 0.992468357 0.9514422219
0.530531008 -0.847631923 0.007548017 0.992468357 0.9514422219
0.533251865 -0.845950642 0.00315579 0.992468357 0.9514422219
0.548840837 -0.835911086 -0.005137316 0.992468357 0.9514422219
0.561587086 -0.8273683 -0.00903548 0.992468357 0.9514422219
0.564202964 -0.825526915 -0.013428654 0.992468357 0.9514422219
0.592169302 -0.805533658 -0.021237798 0.992468357 0.9514422219
0.606535629 -0.794716019 -0.023258983 0.992468357 0.9514422219
0.591344318 -0.806186958 -0.019351658 0.992468357 0.9514422219
0.622289791 -0.782248059 -0.029041162 0.992468357 0.9514422219
0.636225778 -0.770878069 -0.031044535 0.992468357 0.9514422219
0.621497991 -0.782944902 -0.027157458 0.992468357 0.9514422219
0.620703412 -0.783638039 -0.025272484 0.992468357 0.9514422219
0.634667701 -0.772303548 -0.027278919 0.992468357 0.9514422219
0.619905725 -0.784327652 -0.023388603 0.992468357 0.9514422219
-0.031049189 -0.970707325 -0.238250366 0.9921640837 0.9506557947
-0.02082214 -0.969462177 -0.244355328 0.9921640837 0.9506557947
-0.051487976 -0.972780074 -0.22593786 0.9921640837 0.9506557947
-0.041271605 -0.971813381 -0.232110764 0.9921640837 0.9506557947
-0.031346475 -0.971309471 -0.235744163 0.9921640837 0.9506557947
-0.031643855 -0.971904951 -0.233236859 0.9921640837 0.9506557947
-0.02141814 -0.970696682 -0.239351654 0.9921640837 0.9506557947
-0.009444478 -0.966866707 -0.255106984 0.9921671435 0.9506561059
-0.006322615 -0.967849629 -0.251450036 0.9921671435 0.9506561059
0.003016413 -0.968085819 -0.250600774 0.9921671435 0.9506561059
-0.028118859 -0.966076144 -0.256722055 0.9921671435 0.9506561059
-0.024998543 -0.967122131 -0.253080732 0.9921671435 0.9506561059
-0.015661392 -0.967528473 -0.252276385 0.9921671435 0.9506561059
-0.003200905 -0.96880944 -0.247786244 0.9921671435 0.9506561059
-7.906e-05 -0.969745764 -0.244117074 0.9921671435 0.9506561059
0.009260206 -0.969918715 -0.24325282 0.9921671435 0.9506561059
-0.277729118 -0.864592333 -0.418744117 0.992468357 0.9514422219
-0.286932831 -0.852713553 -0.436519354 0.992468357 0.9514422219
-0.282312903 -0.860628533 -0.423813583 0.992468357 0.9514422219
-0.286966546 -0.848752942 -0.444149351 0.992468357 0.9514422219
-0.29596097 -0.836257569 -0.461606307 0.992468357 0.9514422219
-0.291481846 -0.844589248 -0.449118399 0.992468357 0.9514422219
-0.2959806 -0.84037275 -0.454058504 0.992468357 0.9514422219
-0.304866859 -0.827576788 -0.47135216 0.992468357 0.9514422219
-0.300459724 -0.836103932 -0.458970772 0.992468357 0.9514422219
0.318206758 -0.828252094 -0.46124064 0.992468357 0.9514422219
0.314919922 -0.829826673 -0.46066597 0.992468357 0.9514422219
0.316773451 -0.828326213 -0.462093351 0.992468357 0.9514422219
0.314498234 -0.831249169 -0.45838377 0.992468357 0.9514422219
0.313063955 -0.83132073 -0.45923502 0.992468357 0.9514422219
0.311628793 -0.831389963 -0.460085018 0.992468357 0.9514422219
0.31019278 -0.831456883 -0.460933716 0.992468357 0.9514422219
0.405966966 -0.912318154 -0.053538856 0.9921640837 0.9506557947
0.407336215 -0.911916502 -0.049854812 0.9921640837 0.9506557947
0.38867361 -0.918897745 -0.067525987 0.9921640837 0.9506557947
0.442490135 -0.896590545 -0.018107344 0.9921640837 0.9506557947
0.443778889 -0.896020367 -0.014415229 0.9921640837 0.9506557947
0.425708691 -0.904289065 -0.03214649 0.9921640837 0.9506557947
0.408697901 -0.911501247 -0.046168204 0.9921640837 0.9506557947
0.410054734 -0.911070978 -0.042482797 0.9921640837 0.9506557947
0.391468764 -0.918222271 -0.060167002 0.9921640837 0.9506557947
0.571118701 -0.820686411 -0.017240787 0.992468357 0.9514422219
0.587001585 -0.80925798 -0.023036098 0.992468357 0.9514422219
0.554998054 -0.831773006 -0.011437903 0.992468357 0.9514422219
0.567666983 -0.823115451 -0.015334634 0.992468357 0.9514422219
0.580193506 -0.814251668 -0.019228024 0.992468357 0.9514422219
-0.949776221 0.300468399 -0.08742923 0.992468357 0.9514422219
-0.956667688 0.279256198 -0.082479755 0.992468357 0.9514422219
-0.955623449 0.283533609 -0.079953213 0.992468357 0.9514422219
-0.951953979 0.291940951 -0.092488391 0.992468357 0.9514422219
-0.958682431 0.270678327 -0.087528507 0.992468357 0.9514422219
-0.957687371 0.274970389 -0.08500697 0.992468357 0.9514422219
-0.963059922 0.257897038 -0.077490027 0.992468357 0.9514422219
-0.968949323 0.236403636 -0.072460542 0.9922126432 0.9506533159
-0.968069384 0.240726866 -0.069944571 0.992468357 0.9514422219
-0.01380905 -0.968516253 -0.248567049 0.9921640837 0.9506557947
-0.02788547 -0.968265594 -0.24836292 0.9921640837 0.9506557947
-0.030734524 -0.968341451 -0.247730143 0.9921640837 0.9506557947
-0.008108815 -0.968261916 -0.249806143 0.9921640837 0.9506557947
-0.022186698 -0.968089038 -0.249622444 0.9921640837 0.9506557947
-0.025036192 -0.968181412 -0.248993859 0.9921640837 0.9506557947
-0.041956376 -0.967822904 -0.248109831 0.9921640837 0.9506557947
-0.056018952 -0.967188356 -0.247807508 0.9921640837 0.9506557947
-0.058864499 -0.967186448 -0.247154499 0.9921640837 0.9506557947
-0.246171792 -0.85021261 -0.465336401 0.992468357 0.9514422219
-0.236743323 -0.858811456 -0.454307695 0.992468357 0.9514422219
-0.237391869 -0.853143102 -0.464534119 0.992468357 0.9514422219
-0.244854373 -0.861483937 -0.44485027 0.992468357 0.9514422219
-0.235346971 -0.869795294 -0.433668019 0.992468357 0.9514422219
-0.23606273 -0.864362815 -0.444017243 0.992468357 0.9514422219
-0.227247925 -0.867166771 -0.443148025 0.992468357 0.9514422219
-0.217690254 -0.87527496 -0.431861895 0.992468357 0.9514422219
-0.218415887 -0.869895469 -0.442240177 0.992468357 0.9514422219
-0.662001691 -0.74936125 0.01454227 0.992468357 0.9514422219
-0.655568842 -0.754981678 0.01523679 0.992468357 0.9514422219
-0.676919779 -0.735659467 0.024181832 0.992468357 0.9514422219
-0.61783566 -0.786300023 -0.003372007 0.992468357 0.9514422219
-0.611095918 -0.791552027 -0.002677247 0.992468357 0.9514422219
-0.633620389 -0.773618602 0.006281803 0.992468357 0.9514422219
-0.649086382 -0.760547811 0.015934102 0.992468357 0.9514422219
-0.642557607 -0.76605701 0.016624684 0.992468357 0.9514422219
-0.664227133 -0.747093264 0.025572825 0.992468357 0.9514422219
-0.421914568 -0.905719833 -0.040739189 0.992468357 0.9514422219
-0.421238353 -0.90589546 -0.043722596 0.9921671435 0.9506561059
-0.397336523 -0.916243789 -0.051195757 0.9921671435 0.9506561059
-0.468737912 -0.882963264 -0.025703 0.992468357 0.9514422219
-0.468099046 -0.883210047 -0.028693135 0.9921671435 0.9506561059
-0.444832201 -0.894881186 -0.036221213 0.9921671435 0.9506561059
-0.420559488 -0.906061776 -0.046709475 0.9921671435 0.9506561059
-0.419875756 -0.906220195 -0.049692132 0.9921671435 0.9506561059
-0.395939252 -0.916496242 -0.057155459 0.9921671435 0.9506561059
-0.992509982 0.117827067 -0.03226015 0.9922126432 0.9506533159
-0.989349098 0.140133296 -0.039383005 0.9922126432 0.9506533159
-0.988480966 0.145546509 -0.041492086 0.9922126432 0.9506533159
-0.993869029 0.106952063 -0.028028742 0.9922126432 0.9506533159
-0.990982917 0.129292747 -0.035160264 0.9922126432 0.9506533159
-0.99018309 0.134715407 -0.037272085 0.9922126432 0.9506533159
-0.985635863 0.162361449 -0.046483393 0.9922126432 0.9506533159
-0.981372354 0.18449892 -0.053557924 0.992468357 0.9514422219
-0.980231303 0.189866228 -0.055654363 0.9922126432 0.9506533159
-0.240491749 -0.96367853 -0.116135305 0.9921671435 0.9506561059
-0.226670087 -0.966782175 -0.118122388 0.9921671435 0.9506561059
-0.24403844 -0.962952367 -0.114751816 0.9921671435 0.9506561059
-0.205649657 -0.970887859 -0.122820943 0.9921671435 0.9506561059
-0.191716163 -0.973490319 -0.124745791 0.9921671435 0.9506561059
-0.209227425 -0.970295198 -0.121454164 0.9921671435 0.9506561059
-0.212802012 -0.969688015 -0.120085211 0.9921671435 0.9506561059
-0.198890463 -0.972395368 -0.122023902 0.9921671435 0.9506561059
-0.216373472 -0.969066197 -0.118714894 0.9921671435 0.9506561059
0.154077623 -0.977163471 -0.146327157 0.992468357 0.9514422219
0.166189894 -0.976271036 -0.138837255 0.992468357 0.9514422219
0.175098176 -0.974363407 -0.141267759 0.992468357 0.9514422219
0.136191119 -0.980539207 -0.141403124 0.992468357 0.9514422219
0.148329411 -0.979826619 -0.133933501 0.992468357 0.9514422219
0.157265933 -0.978092595 -0.136390258 0.992468357 0.9514422219
0.178267425 -0.975180554 -0.131314936 0.992468357 0.9514422219
0.19030814 -0.973891358 -0.123767662 0.9921640837 0.9506557947
0.199183672 -0.971804882 -0.126178986 0.992468357 0.9514422219
0.249668284 -0.961546177 -0.114432063 0.992468357 0.9514422219
0.22825299 -0.96660942 -0.116476611 0.9921640837 0.9506557947
0.241074139 -0.963659374 -0.115082014 0.9921640837 0.9506557947
0.2240406 -0.967503699 -0.117227989 0.9921640837 0.9506557947
0.202493085 -0.972001476 -0.119204369 0.9921640837 0.9506557947
0.215391893 -0.969390272 -0.11785089 0.9921640837 0.9506557947
0.206726213 -0.971200532 -0.118464338 0.9921640837 0.9506557947
0.185098473 -0.975317264 -0.120394307 0.9921640837 0.9506557947
0.198044262 -0.972934298 -0.119068561 0.9921640837 0.9506557947
-0.991387852 -0.127086064 0.031611048 0.992468357 0.9514422219
-0.995757436 -0.089191478 0.022627619 0.992468357 0.9514422219
-0.99709459 -0.072147667 0.024435472 0.992468357 0.9514422219
-0.986570517 -0.160927681 0.02794453 0.992468357 0.9514422219
-0.992201042 -0.123197455 0.018959966 0.992468357 0.9514422219
-0.994126157 -0.10621219 0.020788311 0.992468357 0.9514422219
-0.99859791 -0.051163166 0.013584686 0.992468357 0.9514422219
-0.999904498 -0.013057067 0.004528553 0.992468357 0.9514422219
-0.999971684 0.00404378 0.006346577 0.992468357 0.9514422219
-0.988880224 -0.143321594 0.039684041 0.992468357 0.9514422219
-0.980721412 -0.190367071 0.044112245 0.992468357 0.9514422219
-0.986807132 -0.157396599 0.0379209 0.992468357 0.9514422219
-0.976483944 -0.20921373 0.05204539 0.992468357 0.9514422219
-0.965138056 -0.255608412 0.056328264 0.992468357 0.9514422219
-0.973495357 -0.223116724 0.050256508 0.992468357 0.9514422219
-0.970307154 -0.236975277 0.048443208 0.992468357 0.9514422219
-0.95766164 -0.283036699 0.052672667 0.992468357 0.9514422219
-0.966919544 -0.250783278 0.046629856 0.992468357 0.9514422219
0.716378578 -0.697349699 0.022475094 0.992468357 0.9514422219
0.699102315 -0.714348226 0.031025241 0.992468357 0.9514422219
0.678019497 -0.734636661 0.024465034 0.992468357 0.9514422219
0.659835044 -0.750686605 0.032974794 0.992468357 0.9514422219
0.679711077 -0.7327813 0.032006532 0.992468357 0.9514422219
0.681361995 -0.730876981 0.039555919 0.992468357 0.9514422219
0.663171565 -0.746923502 0.048049536 0.992468357 0.9514422219
-0.973024138 0.230703292 -0.000135306 0.992468357 0.9514422219
-0.974834109 0.222930949 0.000501094 0.992468357 0.9514422219
-0.827639109 0.559381918 -0.045884363 0.992468357 0.9514422219
-0.870596763 -0.484377851 0.086251804 0.992468357 0.9514422219
-0.866656617 -0.491351609 0.086486438 0.992468357 0.9514422219
-0.988463618 -0.144081004 0.046694112 0.992468357 0.9514422219
-0.976585435 0.215127587 0.001004579 0.992468357 0.9514422219
-0.978270231 0.207327408 0.001643678 0.992468357 0.9514422219
-0.836517626 0.546114515 -0.044690034 0.992468357 0.9514422219
-0.159239197 -0.97749392 -0.13837816 0.992468357 0.9514422219
-0.17612676 -0.975403781 -0.13253991 0.9921671435 0.9506561059
-0.151917796 -0.978676753 -0.138249041 0.9921671435 0.9506561059
-0.207480942 -0.969982798 -0.126826775 0.992468357 0.9514422219
-0.200224898 -0.971516993 -0.12674669 0.9921671435 0.9506561059
-0.192957345 -0.972998042 -0.126658093 0.9921671435 0.9506561059
-0.185679647 -0.974425182 -0.12656474 0.9921671435 0.9506561059
0.698309497 -0.715772847 -0.00575138 0.992468357 0.9514422219
0.427086721 -0.903225029 -0.042207586 0.992468357 0.9514422219
0.410970096 -0.910191412 -0.051528388 0.992468357 0.9514422219
0.722912897 -0.690828072 0.012390258 0.992468357 0.9514422219
0.458553102 -0.888413427 -0.021228168 0.992468357 0.9514422219
0.442827567 -0.896081571 -0.030684929 0.992468357 0.9514422219
0.108672106 -0.991470038 -0.071955105 0.992468357 0.9514422219
-0.22165529 -0.970594301 -0.093891613 0.992468357 0.9514422219
-0.238743895 -0.965441203 -0.104520983 0.992468357 0.9514422219
-0.97721029 0.203841338 -0.059234766 0.9922126432 0.9506533159
-0.980685772 0.188974506 -0.050438608 0.9922126432 0.9506533159
-0.978740816 0.19750606 -0.055297115 0.9922126432 0.9506533159
-0.981151224 0.186788606 -0.049520614 0.9922126432 0.9506533159
-0.982532489 0.180423999 -0.045575086 0.9922126432 0.9506533159
-0.983856778 0.17404898 -0.041626829 0.9922126432 0.9506533159
-0.985124022 0.167663842 -0.037676207 0.9922126432 0.9506533159
-0.542109362 -0.840202271 -0.013326059 0.992468357 0.9514422219
-0.52138417 -0.853077064 -0.020446766 0.992468357 0.9514422219
-0.538059442 -0.842696446 -0.01883445 0.992468357 0.9514422219
-0.508664122 -0.860805949 -0.016550795 0.992468357 0.9514422219
-0.487431914 -0.872840655 -0.023649938 0.992468357 0.9514422219
-0.504505439 -0.863126904 -0.022050182 0.992468357 0.9514422219
-0.500321222 -0.865401346 -0.027553307 0.992468357 0.9514422219
-0.478934833 -0.877166818 -0.034638103 0.992468357 0.9514422219
-0.496110292 -0.867630225 -0.033051026 0.992468357 0.9514422219
-0.585520015 -0.810054091 -0.031283904 0.992468357 0.9514422219
-0.571452966 -0.820132728 -0.028702202 0.992468357 0.9514422219
-0.558643824 -0.828528419 -0.03818032 0.992468357 0.9514422219
-0.61029044 -0.7920824 -0.012290247 0.992468357 0.9514422219
-0.596505764 -0.802550156 -0.009701555 0.992468357 0.9514422219
-0.584074592 -0.811472843 -0.019201462 0.992468357 0.9514422219
-0.55720884 -0.829962157 -0.026098402 0.992468357 0.9514422219
-0.542797212 -0.839535152 -0.023492863 0.992468357 0.9514422219
-0.529727089 -0.847527002 -0.032972593 0.992468357 0.9514422219
-0.921213224 -0.387589799 0.033768966 0.992468357 0.9514422219
-0.908350616 -0.417218857 0.02876774 0.992468357 0.9514422219
-0.904798251 -0.425522834 0.016445136 0.992468357 0.9514422219
-0.890646613 -0.454553194 0.011401969 0.992468357 0.9514422219
-0.899725061 -0.43599477 0.020084201 0.992468357 0.9514422219
-0.894517095 -0.446403376 0.023731676 0.992468357 0.9514422219
-0.879729394 -0.47510829 0.01866297 0.992468357 0.9514422219
-0.265196489 -0.865675148 -0.424590815 0.992468357 0.9514422219
-0.267975348 -0.860474544 -0.433327558 0.992468357 0.9514422219
-0.265617592 -0.851489428 -0.452120614 0.992468357 0.9514422219
-0.268312295 -0.846018593 -0.460717975 0.992468357 0.9514422219
-0.268175571 -0.853348951 -0.447076539 0.992468357 0.9514422219
-0.270724865 -0.855178132 -0.4420163 0.992468357 0.9514422219
-0.273443053 -0.849787013 -0.450656109 0.992468357 0.9514422219
-0.942828464 0.320791699 -0.090372409 0.9922126432 0.9506533159
-0.940040412 0.328452825 -0.091884526 0.9922126432 0.9506533159
-0.935811626 0.340599984 -0.090819884 0.9922126432 0.9506533159
-0.950620308 0.296270856 -0.092437064 0.9922126432 0.9506533159
-0.948027379 0.303996381 -0.093969621 0.9922126432 0.9506533159
-0.94411252 0.316250894 -0.092935042 0.9922126432 0.9506533159
-0.937187633 0.336091308 -0.093391505 0.9922126432 0.9506533159
-0.934270503 0.343706649 -0.094891341 0.9922126432 0.9506533159
-0.929848779 0.355783201 -0.093805986 0.9922126432 0.9506533159
-0.338872395 -0.92892739 -0.149195856 0.992468357 0.9514422219
-0.336328237 -0.928971156 -0.154583011 0.992468357 0.9514422219
-0.342395893 -0.926707944 -0.1548465 0.992468357 0.9514422219
-0.32670445 -0.933362802 -0.148654235 0.992468357 0.9514422219
-0.324150348 -0.933380447 -0.154037311 0.992468357 0.9514422219
-0.33024605 -0.93119544 -0.154313317 0.992468357 0.9514422219
-0.333771738 -0.928982043 -0.159964967 0.992468357 0.9514422219
-0.331203434 -0.928960015 -0.165340786 0.992468357 0.9514422219
-0.337281026 -0.92672294 -0.165608277 0.992468357 0.9514422219
0.212339727 -0.918684268 -0.333063141 0.992468357 0.9514422219
0.207959283 -0.917176852 -0.339911105 0.992468357 0.9514422219
0.221062817 -0.921509334 -0.319298886 0.992468357 0.9514422219
0.216710101 -0.920128324 -0.326191047 0.992468357 0.9514422219
0.221191966 -0.912570262 -0.343932597 0.992468357 0.9514422219
0.229990877 -0.906243556 -0.354720755 0.992468357 0.9514422219
0.225585536 -0.904655235 -0.361538478 0.992468357 0.9514422219
-0.204183657 -0.943636795 -0.260496896 0.992468357 0.9514422219
-0.210392684 -0.941471032 -0.263376565 0.992468357 0.9514422219
-0.200414745 -0.947346891 -0.249735458 0.992468357 0.9514422219
-0.223985688 -0.931196248 -0.287582962 0.992468357 0.9514422219
-0.230146326 -0.928816821 -0.290399691 0.992468357 0.9514422219
-0.220304577 -0.93529359 -0.276932834 0.992468357 0.9514422219
-0.216592183 -0.939256592 -0.266242146 0.992468357 0.9514422219
-0.222778815 -0.936993777 -0.269095266 0.992468357 0.9514422219
-0.212846946 -0.943084592 -0.255514442 0.992468357 0.9514422219
-0.85244389 -0.522315694 -0.022928787 0.992468357 0.9514422219
-0.848750185 -0.52835752 -0.021481483 0.992468357 0.9514422219
-0.84459951 -0.535006082 -0.020497817 0.992468357 0.9514422219
-0.860488798 -0.508861031 -0.024889359 0.992468357 0.9514422219
-0.856892416 -0.514961883 -0.023444534 0.992468357 0.9514422219
-0.852847913 -0.521675972 -0.022463678 0.992468357 0.9514422219
-0.845012154 -0.534371726 -0.020032927 0.992468357 0.9514422219
-0.841229971 -0.540358023 -0.018583392 0.992468357 0.9514422219
-0.836983312 -0.546945388 -0.017597666 0.992468357 0.9514422219
-0.190466444 -0.888848587 -0.416738195 0.992468357 0.9514422219
-0.197806162 -0.884690431 -0.422132163 0.992468357 0.9514422219
-0.186847853 -0.890525041 -0.414792758 0.992468357 0.9514422219
-0.21231639 -0.876882706 -0.4312754 0.992468357 0.9514422219
-0.219596945 -0.872470382 -0.436546234 0.992468357 0.9514422219
-0.208723299 -0.878671798 -0.42938381 0.992468357 0.9514422219
-0.205126019 -0.880443566 -0.427483852 0.992468357 0.9514422219
-0.212425419 -0.876108468 -0.432792554 0.992468357 0.9514422219
-0.201524808 -0.882198036 -0.425575348 0.992468357 0.9514422219
-0.838508529 0.542875823 -0.046789831 0.992468357 0.9514422219
-0.978108995 0.206935749 0.021917799 0.992468357 0.9514422219
-0.980333545 0.196845544 0.014070267 0.992468357 0.9514422219
-0.827754936 0.560159383 -0.032299078 0.992468357 0.9514422219
-0.972899126 0.227523734 0.041233989 0.9922126432 0.9506533159
-0.975478507 0.217559769 0.033308101 0.992468357 0.9514422219
-0.983427888 -0.156849703 0.090927224 0.992468357 0.9514422219
-0.853932902 -0.499076358 0.147381772 0.9922126432 0.9506533159
-0.850234504 -0.508690722 0.135406934 0.992468357 0.9514422219
0.254891446 -0.876271695 -0.408874391 0.992468357 0.9514422219
0.265415596 -0.869026129 -0.417550175 0.992468357 0.9514422219
0.258033857 -0.868961816 -0.422284134 0.992468357 0.9514422219
0.269612177 -0.876261552 -0.39934317 0.992468357 0.9514422219
0.280122173 -0.86895248 -0.40798671 0.992468357 0.9514422219
0.272780753 -0.869022994 -0.41278287 0.992468357 0.9514422219
0.275880267 -0.861572663 -0.426125129 0.992468357 0.9514422219
0.286278054 -0.853914822 -0.43459677 0.992468357 0.9514422219
0.278911645 -0.853914049 -0.439362142 0.992468357 0.9514422219
0.013204462 -0.964611493 -0.263344471 0.992468357 0.9514422219
0.032247381 -0.96856923 -0.246644992 0.992468357 0.9514422219
0.033749687 -0.968178166 -0.2479758 0.992468357 0.9514422219
0.010200287 -0.965371883 -0.260678118 0.992468357 0.9514422219
0.029240868 -0.969339814 -0.243978065 0.992468357 0.9514422219
0.030743292 -0.968956821 -0.245311084 0.992468357 0.9514422219
0.051267461 -0.971891031 -0.229781357 0.992468357 0.9514422219
0.070253704 -0.9745741 -0.212766871 0.992468357 0.9514422219
0.071757083 -0.974173054 -0.214097598 0.992468357 0.9514422219
0.174259546 -0.939890259 -0.293666326 0.992468357 0.9514422219
0.186818464 -0.934965132 -0.301561043 0.992468357 0.9514422219
0.180319743 -0.938945203 -0.293030196 0.992468357 0.9514422219
0.187247485 -0.931878515 -0.310710175 0.992468357 0.9514422219
0.199742851 -0.926638307 -0.318503126 0.992468357 0.9514422219
0.193292775 -0.930862483 -0.310053125 0.992468357 0.9514422219
0.199331776 -0.929811346 -0.30938278 0.992468357 0.9514422219
0.211795295 -0.924430353 -0.317129744 0.992468357 0.9514422219
0.205362106 -0.928724823 -0.308701489 0.992468357 0.9514422219
0.472089427 -0.881546596 -0.00267797 0.992468357 0.9514422219
0.489930678 -0.87174358 0.005573249 0.992468357 0.9514422219
0.480166765 -0.877176491 -0.001132393 0.992468357 0.9514422219
0.491644435 -0.870729908 0.010732055 0.992468357 0.9514422219
0.50920766 -0.86043437 0.018980378 0.992468357 0.9514422219
0.499611269 -0.866162694 0.012278758 0.992468357 0.9514422219
0.507535417 -0.861520015 0.013822592 0.992468357 0.9514422219
0.524894754 -0.850881059 0.022066256 0.992468357 0.9514422219
0.51541503 -0.85680291 0.015366217 0.992468357 0.9514422219
-0.00685093 -0.976267035 -0.216461872 0.992468357 0.9514422219
-0.001253453 -0.974827064 -0.222958793 0.992468357 0.9514422219
-0.011565029 -0.976279766 -0.216203767 0.992468357 0.9514422219
0.013771899 -0.973113132 -0.229915564 0.992468357 0.9514422219
0.019368262 -0.971471131 -0.236365633 0.992468357 0.9514422219
0.009058302 -0.973224107 -0.229679743 0.992468357 0.9514422219
0.004344104 -0.973313318 -0.22943913 0.992468357 0.9514422219
0.009941747 -0.971726112 -0.235901516 0.992468357 0.9514422219
-0.000369776 -0.973380975 -0.229192802 0.992468357 0.9514422219
-0.008822156 -0.967372082 -0.25320629 0.992468357 0.9514422219
-0.011421793 -0.966190684 -0.257575435 0.992468357 0.9514422219
-0.008591023 -0.967576015 -0.252433853 0.992468357 0.9514422219
-0.014483177 -0.964556799 -0.26347755 0.992468357 0.9514422219
-0.017081996 -0.963314659 -0.267830305 0.992468357 0.9514422219
-0.014252149 -0.964770215 -0.26270765 0.992468357 0.9514422219
-0.014021121 -0.964982964 -0.261937563 0.992468357 0.9514422219
-0.016620055 -0.963748954 -0.266292561 0.992468357 0.9514422219
-0.013790072 -0.965195045 -0.261167301 0.992468357 0.9514422219
0.048935702 -0.97917021 -0.197055823 0.992468357 0.9514422219
0.045788461 -0.977954903 -0.203734202 0.992468357 0.9514422219
0.060123663 -0.979536478 -0.192076636 0.992468357 0.9514422219
0.020233067 -0.975242264 -0.2202116 0.992468357 0.9514422219
0.031438111 -0.976036701 -0.215323023 0.992468357 0.9514422219
0.042639255 -0.976684537 -0.210402494 0.992468357 0.9514422219
0.053832583 -0.977186207 -0.205448702 0.992468357 0.9514422219
-0.036412425 -0.966392097 -0.254480747 0.9921640837 0.9506557947
-0.049244693 -0.965561563 -0.255471777 0.9921640837 0.9506557947
-0.055571429 -0.963492707 -0.261903838 0.9921640837 0.9506557947
-0.023741296 -0.970108578 -0.24150714 0.9921640837 0.9506557947
-0.036581426 -0.969451819 -0.242538593 0.992468357 0.9514422219
-0.04291499 -0.967548397 -0.249014867 0.9921640837 0.9506557947
-0.062070023 -0.964571124 -0.256417352 0.9921640837 0.9506557947
-0.074883959 -0.963420034 -0.25732126 0.9921640837 0.9506557947
-0.081197262 -0.961178349 -0.263710421 0.9921640837 0.9506557947
-0.263937182 -0.955966767 -0.128314863 0.992468357 0.9514422219
-0.274964366 -0.953935826 -0.120004324 0.992468357 0.9514422219
-0.248806356 -0.959714066 -0.130553856 0.992468357 0.9514422219
-0.315774331 -0.942780971 -0.107007536 0.992468357 0.9514422219
-0.300894089 -0.947367338 -0.109352068 0.992468357 0.9514422219
-0.285937627 -0.951719559 -0.111667159 0.992468357 0.9514422219
-0.270912234 -0.95583453 -0.113960136 0.992468357 0.9514422219
-0.251527316 -0.961460436 -0.111030807 0.9921671435 0.9506561059
-0.259968195 -0.959206485 -0.111083111 0.9921671435 0.9506561059
-0.29135419 -0.952270804 -0.091066201 0.9921671435 0.9506561059
-0.299698612 -0.949675988 -0.091083808 0.9921671435 0.9506561059
-0.279905838 -0.954688286 -0.101108847 0.9921671435 0.9506561059
-0.268390883 -0.956878614 -0.111128989 0.9921671435 0.9506561059
-0.27679148 -0.954478554 -0.111162794 0.9921671435 0.9506561059
-0.309511224 -0.940186684 -0.142308824 0.992468357 0.9514422219
-0.313186948 -0.938552358 -0.145028985 0.992468357 0.9514422219
-0.309589426 -0.940474565 -0.140221186 0.992468357 0.9514422219
-0.316687426 -0.936285603 -0.151915579 0.992468357 0.9514422219
-0.320344614 -0.934596068 -0.15462703 0.992468357 0.9514422219
-0.316772054 -0.936592831 -0.149831019 0.992468357 0.9514422219
-0.31685532 -0.936895889 -0.147745726 0.992468357 0.9514422219
-0.32051614 -0.935217343 -0.15045905 0.992468357 0.9514422219
-0.316937097 -0.937194797 -0.145659843 0.992468357 0.9514422219
-0.425311056 -0.898108922 -0.111851997 0.992468357 0.9514422219
-0.414266325 -0.901926435 -0.122115181 0.992468357 0.9514422219
-0.396100473 -0.907919249 -0.137065871 0.992468357 0.9514422219
-0.460570009 -0.883858435 -0.08166721 0.992468357 0.9514422219
-0.449856338 -0.888348841 -0.09200876 0.992468357 0.9514422219
-0.432188888 -0.895401412 -0.107093772 0.992468357 0.9514422219
-0.403122279 -0.905525197 -0.132350087 0.992468357 0.9514422219
-0.391880192 -0.908905268 -0.142552197 0.992468357 0.9514422219
-0.373416097 -0.914213857 -0.157395814 0.992468357 0.9514422219
-0.699329474 -0.712212807 -0.060755277 0.992468357 0.9514422219
-0.704480006 -0.707675857 -0.053877654 0.992468357 0.9514422219
-0.718924273 -0.693848136 -0.041504862 0.992468357 0.9514422219
-0.6689746 -0.738366178 -0.085371954 0.992468357 0.9514422219
-0.674428895 -0.734152538 -0.078522081 0.992468357 0.9514422219
-0.689644868 -0.721113832 -0.066217811 0.992468357 0.9514422219
-0.709562681 -0.70307364 -0.046992099 0.992468357 0.9514422219
-0.714579215 -0.698404036 -0.040104226 0.992468357 0.9514422219
-0.728706656 -0.684264837 -0.027717199 0.992468357 0.9514422219
-0.618480506 -0.782628359 -0.070531654 0.992468357 0.9514422219
-0.623638803 -0.777791053 -0.078203076 0.992468357 0.9514422219
-0.625016567 -0.777240117 -0.072471319 0.992468357 0.9514422219
-0.630128689 -0.772344437 -0.080136791 0.992468357 0.9514422219
-0.626889827 -0.775074949 -0.0791705 0.992468357 0.9514422219
-0.628729488 -0.772868869 -0.085865841 0.992468357 0.9514422219
-0.63375178 -0.767862533 -0.093519042 0.992468357 0.9514422219
-0.999340551 0.004394775 -0.036043701 0.9922126432 0.9506533159
-0.999266221 -0.004027966 -0.038089298 0.9922126432 0.9506533159
-0.999207425 0.022167512 -0.033062409 0.9922126432 0.9506533159
-0.997786965 -0.047980824 -0.04603274 0.9922126432 0.9506533159
-0.997251377 -0.056391507 -0.048059215 0.9922126432 0.9506533159
-0.998614048 -0.03022051 -0.04308949 0.9922126432 0.9506533159
-0.999116798 -0.012450336 -0.040132435 0.9922126432 0.9506533159
-0.998892331 -0.020871884 -0.042171964 0.9922126432 0.9506533159
-0.999295082 0.005323769 -0.037161754 0.9922126432 0.9506533159
-0.995609546 -0.075902426 -0.05477639 0.9922126432 0.9506533159
-0.994848501 -0.089272173 -0.048030604 0.9922126432 0.9506533159
-0.99518231 -0.087496015 -0.044233674 0.9922126432 0.9506533159
-0.994886008 -0.079449762 -0.062366388 0.9922126432 0.9506533159
-0.994127878 -0.092821519 -0.055623081 0.9922126432 0.9506533159
-0.994496904 -0.091048072 -0.051828143 0.9922126432 0.9506533159
-0.993863582 -0.102623168 -0.041275478 0.9922126432 0.9506533159
-0.99265524 -0.115950611 -0.034511298 0.9922126432 0.9506533159
-0.992986074 -0.114172569 -0.030712896 0.9922126432 0.9506533159
-0.282253527 -0.843649018 -0.456715756 0.992468357 0.9514422219
-0.286378277 -0.841281307 -0.45851199 0.992468357 0.9514422219
-0.282008718 -0.852426327 -0.440273143 0.992468357 0.9514422219
-0.286149076 -0.850102061 -0.442091837 0.992468357 0.9514422219
-0.286276214 -0.845728472 -0.450321308 0.992468357 0.9514422219
-0.290496543 -0.838891776 -0.460295933 0.992468357 0.9514422219
-0.29460659 -0.836480747 -0.462068088 0.992468357 0.9514422219
-0.813407725 0.579174356 -0.054082702 0.992468357 0.9514422219
-0.820845459 0.569263873 -0.04638293 0.992468357 0.9514422219
-0.815887993 0.575854491 -0.052138162 0.992468357 0.9514422219
-0.823314063 0.56598726 -0.042572004 0.992468357 0.9514422219
-0.830510879 0.555910539 -0.03485904 0.992468357 0.9514422219
-0.825719893 0.562615708 -0.040622943 0.992468357 0.9514422219
-0.828108482 0.559232263 -0.038673223 0.992468357 0.9514422219
-0.835195218 0.549081712 -0.030955156 0.992468357 0.9514422219
-0.830479672 0.555837177 -0.036722564 0.992468357 0.9514422219
-0.881643933 0.470916929 -0.030679336 0.9922126432 0.9506533159
-0.869777426 0.49295009 -0.022077999 0.9922126432 0.9506533159
-0.874364578 0.48446131 -0.027996834 0.9922126432 0.9506533159
-0.87264464 0.487991861 -0.018848787 0.9922126432 0.9506533159
-0.860269172 0.509737443 -0.010231855 0.9922126432 0.9506533159
-0.86507903 0.501375418 -0.016154333 0.9922126432 0.9506533159
-0.857302056 0.514637771 -0.0134592 0.9922126432 0.9506533159
-0.844226757 0.535964417 -0.004829721 0.9922126432 0.9506533159
-0.849316631 0.527774092 -0.010759533 0.9922126432 0.9506533159
-0.893220152 -0.449152512 -0.020488565 0.992468357 0.9514422219
-0.892004708 -0.451430909 -0.023189125 0.9922126432 0.9506533159
-0.884095051 -0.466635264 -0.025049381 0.9922126432 0.9506533159
-0.908153163 -0.418302954 -0.016747278 0.992468357 0.9514422219
-0.907026621 -0.420623757 -0.019451549 0.9922126432 0.9506533159
-0.899649399 -0.436092034 -0.021323613 0.9922126432 0.9506533159
-0.890776944 -0.453702647 -0.025890997 0.9922126432 0.9506533159
-0.889536704 -0.455968203 -0.028591086 0.9922126432 0.9506533159
-0.881539491 -0.471127526 -0.030446352 0.9922126432 0.9506533159
-0.236021136 -0.879259682 -0.413758909 0.992468357 0.9514422219
-0.233575473 -0.873461917 -0.427208121 0.992468357 0.9514422219
-0.240748705 -0.89027633 -0.386585199 0.992468357 0.9514422219
-0.238412876 -0.884866038 -0.400214186 0.992468357 0.9514422219
-0.225373529 -0.885503075 -0.406314012 0.992468357 0.9514422219
-0.214684342 -0.891561064 -0.398785034 0.992468357 0.9514422219
-0.212292633 -0.885954832 -0.412329812 0.992468357 0.9514422219
0.232526078 -0.894152713 -0.382651995 0.992468357 0.9514422219
0.23182381 -0.894888883 -0.381354962 0.992468357 0.9514422219
0.22326915 -0.89200176 -0.393044206 0.992468357 0.9514422219
0.222568675 -0.892745645 -0.391750429 0.992468357 0.9514422219
0.227201859 -0.893839423 -0.386562287 0.992468357 0.9514422219
0.231120773 -0.895622687 -0.380056826 0.992468357 0.9514422219
0.230417216 -0.896353993 -0.37875774 0.992468357 0.9514422219
0.334949174 -0.937521717 -0.094138628 0.992468357 0.9514422219
0.312413621 -0.944882281 -0.097955114 0.992468357 0.9514422219
0.3794295 -0.921182023 -0.086353545 0.992468357 0.9514422219
0.357292654 -0.9296197 -0.09027277 0.992468357 0.9514422219
0.326612247 -0.939986655 -0.098739704 0.992468357 0.9514422219
0.318243288 -0.942361189 -0.103327635 0.992468357 0.9514422219
0.295565456 -0.949300941 -0.107092415 0.992468357 0.9514422219
0.317086555 -0.939708487 -0.128078396 0.992468357 0.9514422219
0.314195369 -0.940483359 -0.129507998 0.992468357 0.9514422219
0.32136055 -0.937585242 -0.132895869 0.992468357 0.9514422219
0.302700631 -0.945337744 -0.12128016 0.992468357 0.9514422219
0.307007608 -0.943314538 -0.126111104 0.992468357 0.9514422219
0.311300522 -0.941247922 -0.130936375 0.992468357 0.9514422219
0.315579273 -0.93913802 -0.1357553 0.992468357 0.9514422219
0.416476506 -0.907236164 -0.058905544 0.992468357 0.9514422219
0.392123201 -0.916541522 -0.078683118 0.992468357 0.9514422219
0.404434339 -0.911925624 -0.06945878 0.992468357 0.9514422219
0.391966432 -0.916720019 -0.077373921 0.992468357 0.9514422219
0.367200625 -0.925062917 -0.097068537 0.992468357 0.9514422219
0.379710553 -0.920921186 -0.087886663 0.992468357 0.9514422219
0.367349643 -0.92486562 -0.098375941 0.992468357 0.9514422219
0.342182405 -0.932199524 -0.117962916 0.992468357 0.9514422219
0.35488616 -0.928552771 -0.108837328 0.992468357 0.9514422219
-0.159413268 -0.930655808 -0.329343555 0.992468357 0.9514422219
-0.154884551 -0.933046639 -0.324707169 0.992468357 0.9514422219
-0.132818414 -0.943455714 -0.303727813 0.992468357 0.9514422219
-0.202962572 -0.906542443 -0.37011754 0.992468357 0.9514422219
-0.17679079 -0.921671568 -0.345349876 0.992468357 0.9514422219
-0.150348912 -0.935393021 -0.32005484 0.992468357 0.9514422219
-0.123677024 -0.947685792 -0.294271359 0.992468357 0.9514422219
-0.185806379 -0.907431028 -0.376888469 0.9921640837 0.9506557947
-0.169891351 -0.919118047 -0.355470034 0.9921640837 0.9506557947
-0.18490052 -0.907926952 -0.376138867 0.9921640837 0.9506557947
-0.155667335 -0.929162033 -0.335299265 0.9921640837 0.9506557947
-0.139488048 -0.939347622 -0.313319534 0.9921640837 0.9506557947
-0.154750069 -0.929594331 -0.334524732 0.9921640837 0.9506557947
-0.153832164 -0.930025082 -0.333749924 0.9921640837 0.9506557947
-0.137642804 -0.940142906 -0.31174633 0.9921640837 0.9506557947
-0.152914381 -0.930454349 -0.332974317 0.9921640837 0.9506557947
-0.98482961 -0.167269106 0.046170174 0.9922126432 0.9506533159
-0.980434956 -0.189674948 0.052637541 0.9922126432 0.9506533159
-0.979926189 -0.191862676 0.054160665 0.9922126432 0.9506533159
-0.985705311 -0.162867856 0.043117295 0.9922126432 0.9506533159
-0.981430807 -0.185295706 0.04958903 0.9922126432 0.9506533159
-0.980936493 -0.187486151 0.05111301 0.9922126432 0.9506533159
-0.975488149 -0.211974301 0.059074245 0.9922126432 0.9506533159
-0.969991992 -0.234154217 0.065477772 0.9922126432 0.9506533159
-0.969364059 -0.236315547 0.066994649 0.9922126432 0.9506533159
0.014568553 -0.967401168 -0.252829463 0.9921640837 0.9506557947
0.008359061 -0.968210903 -0.249995549 0.9921640837 0.9506557947
0.026985191 -0.965644632 -0.258461302 0.9921640837 0.9506557947
0.020777357 -0.966545728 -0.255651435 0.9921640837 0.9506557947
0.021460161 -0.96653192 -0.255647234 0.9921640837 0.9506557947
0.028350552 -0.965608358 -0.258450664 0.9921640837 0.9506557947
0.022142944 -0.966517656 -0.255642937 0.9921640837 0.9506557947
0.017982411 -0.967099132 -0.253763475 0.9921640837 0.9506557947
0.027095205 -0.967679429 -0.250723697 0.9921640837 0.9506557947
0.030181704 -0.967275944 -0.251925214 0.9921640837 0.9506557947
0.011807719 -0.967826843 -0.25133997 0.9921640837 0.9506557947
0.020921314 -0.968454237 -0.248311679 0.9921640837 0.9506557947
0.024008328 -0.968072272 -0.249518891 0.9921640837 0.9506557947
0.036205413 -0.96817023 -0.247660199 0.9921640837 0.9506557947
0.045312213 -0.968571327 -0.244573889 0.9921640837 0.9506557947
0.048396932 -0.968120771 -0.245763931 0.9921640837 0.9506557947
0.333256486 -0.826413176 -0.453851712 0.992468357 0.9514422219
0.32900049 -0.828247315 -0.453613341 0.992468357 0.9514422219
0.332835783 -0.821270316 -0.463395523 0.992468357 0.9514422219
0.325448932 -0.840023348 -0.434101103 0.992468357 0.9514422219
0.321171386 -0.84180542 -0.433834733 0.992468357 0.9514422219
0.325111848 -0.835092882 -0.44375913 0.992468357 0.9514422219
0.324736396 -0.830063942 -0.453365333 0.992468357 0.9514422219
0.320466422 -0.831862548 -0.453107021 0.992468357 0.9514422219
0.324323836 -0.824937157 -0.462917634 0.992468357 0.9514422219
-0.331036709 -0.933300557 -0.139157346 0.992468357 0.9514422219
-0.336688466 -0.931804409 -0.135578095 0.992468357 0.9514422219
-0.320003304 -0.938873962 -0.126939236 0.992468357 0.9514422219
-0.325664068 -0.93740321 -0.123361811 0.9921671435 0.9506561059
-0.331188592 -0.934639218 -0.129474507 0.992468357 0.9514422219
-0.34232474 -0.930264545 -0.131991096 0.992468357 0.9514422219
-0.347944223 -0.928681117 -0.1283986 0.992468357 0.9514422219
-0.369817225 -0.921327658 -0.119960687 0.9921671435 0.9506561059
-0.356979618 -0.925777753 -0.12450343 0.9921671435 0.9506561059
-0.3605875 -0.924861613 -0.120862122 0.9921671435 0.9506561059
-0.362620354 -0.923208594 -0.127249242 0.9921671435 0.9506561059
-0.349734724 -0.927534716 -0.131776223 0.9921671435 0.9506561059
-0.353362082 -0.926668692 -0.128142008 0.9921671435 0.9506561059
-0.344068768 -0.930037739 -0.129021266 0.9921671435 0.9506561059
-0.331087515 -0.934106725 -0.133512862 0.9921671435 0.9506561059
-0.334741784 -0.933315076 -0.129888058 0.9921671435 0.9506561059
-0.961952324 0.273111616 -0.00760075 0.992468357 0.9514422219
-0.978130756 0.207865654 -0.007217662 0.992468357 0.9514422219
-0.974679169 0.22358959 -0.002865644 0.992468357 0.9514422219
-0.970144805 0.241978485 -0.016293269 0.992468357 0.9514422219
-0.984217628 0.176243359 -0.015935499 0.992468357 0.9514422219
-0.981310522 0.192081068 -0.011598367 0.992468357 0.9514422219
-0.989889285 0.141677517 -0.006832587 0.992468357 0.9514422219
-0.997173972 0.074851675 -0.006426283 0.992468357 0.9514422219
-0.995857628 0.090902961 -0.002058449 0.992468357 0.9514422219
-0.974011532 0.216834116 -0.065456101 0.9922126432 0.9506533159
-0.979274459 0.194303951 -0.057162132 0.9922126432 0.9506533159
-0.975300242 0.21122927 -0.064588179 0.9922126432 0.9506533159
-0.98181832 0.182955554 -0.050596953 0.9922126432 0.9506533159
-0.986171629 0.160250688 -0.042252049 0.9922126432 0.9506533159
-0.982898682 0.177309238 -0.049715338 0.9922126432 0.9506533159
-0.983945815 0.171656459 -0.048833315 0.9922126432 0.9506533159
-0.988022747 0.148905684 -0.040474042 0.9922126432 0.9506533159
-0.98495964 0.165998288 -0.047948684 0.9922126432 0.9506533159
-0.997859104 0.062383114 -0.019635568 0.9922126432 0.9506533159
-0.996538582 0.081046209 -0.018503141 0.9922126432 0.9506533159
-0.999448058 0.024997711 -0.02187908 0.9922126432 0.9506533159
-0.998829039 0.043698098 -0.020761212 0.9922126432 0.9506533159
-0.999073487 0.037790942 -0.020591576 0.9922126432 0.9506533159
-0.99968126 0.013175846 -0.021535449 0.9922126432 0.9506533159
-0.999282976 0.031882485 -0.020421587 0.9922126432 0.9506533159
-0.250269259 -0.855828645 -0.452683805 0.992468357 0.9514422219
-0.24958868 -0.861387232 -0.442399737 0.992468357 0.9514422219
-0.25152894 -0.844359589 -0.473064559 0.992468357 0.9514422219
-0.250915759 -0.850152376 -0.462906275 0.992468357 0.9514422219
-0.255653684 -0.850068043 -0.460462286 0.992468357 0.9514422219
-0.261005421 -0.84420343 -0.468184513 0.992468357 0.9514422219
-0.260383017 -0.849959821 -0.458005444 0.992468357 0.9514422219
-0.655371968 -0.75465518 -0.031355105 0.992468357 0.9514422219
-0.655291606 -0.754636115 -0.033425213 0.992468357 0.9514422219
-0.637777382 -0.768888334 -0.045285101 0.992468357 0.9514422219
-0.689076607 -0.724648874 -0.007578853 0.992468357 0.9514422219
-0.689031781 -0.724666849 -0.009652106 0.992468357 0.9514422219
-0.672380468 -0.73989208 -0.02154567 0.992468357 0.9514422219
-0.655209357 -0.754612909 -0.035497267 0.992468357 0.9514422219
-0.655123512 -0.754587237 -0.037567084 0.992468357 0.9514422219
-0.637574762 -0.768801611 -0.049421712 0.992468357 0.9514422219
-0.311630254 -0.873845089 -0.373204159 0.992468357 0.9514422219
-0.326858455 -0.846848142 -0.419537574 0.992468357 0.9514422219
-0.319369083 -0.860680834 -0.396524767 0.992468357 0.9514422219
-0.31280587 -0.868972701 -0.383456558 0.992468357 0.9514422219
-0.313943804 -0.863986628 -0.393657714 0.992468357 0.9514422219
0.325845963 -0.898066592 -0.295467096 0.992468357 0.9514422219
0.324206263 -0.900402855 -0.290112042 0.992468357 0.9514422219
0.317168609 -0.909171112 -0.269836918 0.992468357 0.9514422219
0.339301644 -0.878832886 -0.335450671 0.992468357 0.9514422219
0.337755529 -0.881419346 -0.330183492 0.992468357 0.9514422219
0.331069895 -0.891150588 -0.31023113 0.992468357 0.9514422219
0.322554861 -0.902705911 -0.284746202 0.992468357 0.9514422219
0.320891395 -0.904975767 -0.27936996 0.992468357 0.9514422219
0.313763692 -0.913488998 -0.259017753 0.992468357 0.9514422219
0.317809022 -0.844109864 -0.431828627 0.992468357 0.9514422219
0.305582624 -0.854926096 -0.419190447 0.992468357 0.9514422219
0.318640716 -0.838407647 -0.442199855 0.992468357 0.9514422219
0.306473725 -0.849395635 -0.429652082 0.992468357 0.9514422219
0.306032507 -0.852175776 -0.424429678 0.992468357 0.9514422219
0.293223105 -0.865377971 -0.406375661 0.992468357 0.9514422219
0.280739388 -0.875460829 -0.39338751 0.992468357 0.9514422219
0.170859628 -0.903971848 -0.391971793 0.992468357 0.9514422219
0.181029864 -0.902168039 -0.391562277 0.992468357 0.9514422219
0.180047064 -0.90169882 -0.393093237 0.992468357 0.9514422219
0.172826814 -0.904918308 -0.388913549 0.992468357 0.9514422219
0.18299366 -0.903097014 -0.388495952 0.992468357 0.9514422219
0.182012089 -0.902634188 -0.390029643 0.992468357 0.9514422219
0.19118082 -0.900267943 -0.391110629 0.992468357 0.9514422219
0.201311294 -0.898271671 -0.390617162 0.992468357 0.9514422219
0.200332133 -0.897819948 -0.392156063 0.992468357 0.9514422219
-0.061864177 -0.965000914 -0.254845167 0.9921671435 0.9506561059
-0.052095146 -0.965330205 -0.255780551 0.9921671435 0.9506561059
-0.066766814 -0.96470535 -0.254726873 0.9921671435 0.9506561059
-0.032502383 -0.965901874 -0.256860205 0.9921671435 0.9506561059
-0.022721123 -0.965952058 -0.2577215 0.9921671435 0.9506561059
-0.037412186 -0.965745808 -0.256778821 0.9921671435 0.9506561059
-0.042321093 -0.965566413 -0.256691308 0.9921671435 0.9506561059
-0.032542953 -0.965709551 -0.257577211 0.9921671435 0.9506561059
-0.047228971 -0.96536374 -0.256597495 0.9921671435 0.9506561059
-0.921903176 0.38030069 -0.073931858 0.992468357 0.9514422219
-0.93231707 0.352481328 -0.080881359 0.992468357 0.9514422219
-0.925104786 0.372340014 -0.074458371 0.992468357 0.9514422219
-0.936217097 0.340542545 -0.08676591 0.992468357 0.9514422219
-0.939074643 0.332450777 -0.087265664 0.992468357 0.9514422219
-0.941863215 0.324333945 -0.087756344 0.992468357 0.9514422219
-0.944581849 0.316193626 -0.088242407 0.992468357 0.9514422219
0.198585568 -0.899852687 -0.388366984 0.9921671435 0.9506561059
0.191709187 -0.905108683 -0.379507391 0.9921671435 0.9506561059
0.188996334 -0.903431023 -0.384828237 0.9921671435 0.9506561059
0.204002394 -0.903171125 -0.377710131 0.9921671435 0.9506561059
0.194415272 -0.906751899 -0.374170677 0.9921671435 0.9506561059
0.184804007 -0.910226223 -0.370588318 0.9921671435 0.9506561059
0.175171805 -0.913593536 -0.36696279 0.9921671435 0.9506561059
0.122317369 -0.948355459 -0.292677953 0.9921671435 0.9506561059
0.130610596 -0.947735627 -0.291098015 0.9921671435 0.9506561059
0.157693023 -0.935959136 -0.314822817 0.9921671435 0.9506561059
0.165951508 -0.935088462 -0.313160765 0.9921671435 0.9506561059
0.148316367 -0.941634853 -0.302202017 0.9921671435 0.9506561059
0.138897932 -0.947048127 -0.28949475 0.9921671435 0.9506561059
0.147172177 -0.946291819 -0.287875223 0.9921671435 0.9506561059
-0.147594032 -0.932866843 -0.328596189 0.9921640837 0.9506557947
-0.163692021 -0.92218501 -0.350399387 0.9921640837 0.9506557947
-0.169120979 -0.916161796 -0.363380872 0.9921640837 0.9506557947
-0.174389269 -0.913465367 -0.367653921 0.9921640837 0.9506557947
-0.179650615 -0.910720469 -0.371905746 0.9921640837 0.9506557947
-0.247775181 -0.961484432 -0.118975407 0.9921671435 0.9506561059
-0.245907874 -0.962222545 -0.11686356 0.9921671435 0.9506561059
-0.232104534 -0.965401271 -0.118860725 0.9921671435 0.9506561059
-0.341298583 -0.936181515 -0.084139462 0.9921671435 0.9506561059
-0.359679036 -0.930042584 -0.075178335 0.9921671435 0.9506561059
-0.340551244 -0.936181757 -0.087112389 0.9921671435 0.9506561059
-0.379322901 -0.923302272 -0.060224996 0.9921671435 0.9506561059
-0.378610732 -0.923395503 -0.063203306 0.9921671435 0.9506561059
-0.37789582 -0.923479593 -0.066183011 0.9921671435 0.9506561059
-0.377176265 -0.923555605 -0.069160035 0.9921671435 0.9506561059
0.305928219 -0.8418793 -0.444575267 0.992468357 0.9514422219
0.307327711 -0.84020538 -0.446771304 0.992468357 0.9514422219
0.308573781 -0.836953588 -0.451985523 0.992468357 0.9514422219
0.303388546 -0.848252178 -0.43407791 0.992468357 0.9514422219
0.304799526 -0.846609715 -0.436290315 0.992468357 0.9514422219
0.306069649 -0.843424127 -0.44153948 0.992468357 0.9514422219
0.308724348 -0.838523395 -0.448963019 0.992468357 0.9514422219
0.310117964 -0.836833386 -0.451150454 0.992468357 0.9514422219
0.31135238 -0.833550416 -0.456347892 0.992468357 0.9514422219
-0.052670168 -0.964746682 -0.257855952 0.9921671435 0.9506561059
-0.034267848 -0.963967261 -0.263804537 0.9921671435 0.9506561059
-0.043471074 -0.964401997 -0.260842968 0.9921671435 0.9506561059
-0.037987279 -0.965168725 -0.258855748 0.9921671435 0.9506561059
-0.023296369 -0.965381377 -0.259800069 0.9921671435 0.9506561059
-0.02815679 -0.962930703 -0.268275336 0.9921671435 0.9506561059
-0.03182076 -0.962323482 -0.270038803 0.992468357 0.9514422219
-0.023396318 -0.963419768 -0.266973713 0.992468357 0.9514422219
-0.045000008 -0.960573753 -0.274359372 0.992468357 0.9514422219
-0.048661137 -0.959895497 -0.276102751 0.992468357 0.9514422219
-0.040242597 -0.961148692 -0.273081901 0.992468357 0.9514422219
-0.035484182 -0.961699985 -0.271797739 0.992468357 0.9514422219
-0.039147028 -0.961060249 -0.27355202 0.992468357 0.9514422219
-0.030724919 -0.962227641 -0.270506831 0.992468357 0.9514422219
-0.005016352 -0.974104572 -0.226042294 0.992468357 0.9514422219
-0.014473497 -0.975439227 -0.219792704 0.992468357 0.9514422219
-0.024188743 -0.976361174 -0.214787715 0.992468357 0.9514422219
0.014418255 -0.971666598 -0.235915529 0.992468357 0.9514422219
0.004961514 -0.973243646 -0.229721982 0.992468357 0.9514422219
-0.004756188 -0.97440007 -0.224770733 0.992468357 0.9514422219
-0.023928435 -0.976646927 -0.213513958 0.992468357 0.9514422219
-0.033380398 -0.977727331 -0.207207661 0.992468357 0.9514422219
-0.043088876 -0.978406045 -0.202150833 0.992468357 0.9514422219
-0.103726308 -0.980243077 -0.168417229 0.992468357 0.9514422219
-0.124448203 -0.980670124 -0.15099256 0.992468357 0.9514422219
-0.062067358 -0.977234342 -0.20288096 0.992468357 0.9514422219
-0.082927512 -0.979097544 -0.185717602 0.992468357 0.9514422219
-0.093156071 -0.980097174 -0.175303953 0.992468357 0.9514422219
-0.08257241 -0.979794834 -0.182164433 0.992468357 0.9514422219
-0.103366093 -0.980886571 -0.164854439 0.992468357 0.9514422219
-0.281066467 -0.859522877 -0.426874766 0.992468357 0.9514422219
-0.28567517 -0.851571984 -0.439562115 0.992468357 0.9514422219
-0.271643364 -0.874789906 -0.401188863 0.992468357 0.9514422219
-0.276388726 -0.867262828 -0.414082672 0.992468357 0.9514422219
-0.275040073 -0.869906711 -0.409408443 0.992468357 0.9514422219
-0.268889971 -0.879899788 -0.391758276 0.992468357 0.9514422219
-0.273682831 -0.872523941 -0.404721731 0.992468357 0.9514422219
0.59808356 -0.801099081 -0.023158537 0.992468357 0.9514422219
0.601434064 -0.798529291 -0.025060681 0.992468357 0.9514422219
0.594720324 -0.803651642 -0.021254972 0.992468357 0.9514422219
0.609052358 -0.792788413 -0.023275665 0.992468357 0.9514422219
0.623184848 -0.781665602 -0.025288953 0.992468357 0.9514422219
-0.999759436 0.02032207 -0.008251233 0.9922126432 0.9506533159
-0.999899811 0.013407449 -0.004539708 0.9922126432 0.9506533159
-0.999222923 0.03747912 -0.012201074 0.9922126432 0.9506533159
-0.99958751 -0.0278337 0.0070778 0.9922126432 0.9506533159
-0.999337951 -0.034745355 0.010789828 0.9922126432 0.9506533159
-0.999938162 -0.010672496 0.003125807 0.9922126432 0.9506533159
-0.999978583 0.00649229 -0.000826653 0.9922126432 0.9506533159
-0.999995749 -0.000423827 0.002884699 0.9922126432 0.9506533159
-0.999708763 0.023654504 -0.004780609 0.9922126432 0.9506533159
-0.985279429 -0.164323219 0.047141549 0.9922126432 0.9506533159
-0.980639175 -0.188197692 0.054115034 0.9922126432 0.9506533159
-0.984683414 -0.167753513 0.047511401 0.9922126432 0.9506533159
-0.979957419 -0.191612617 0.05447992 0.9922126432 0.9506533159
-0.980299799 -0.1899055 0.054297374 0.9922126432 0.9506533159
-0.975371161 -0.211951796 0.061053531 0.9922126432 0.9506533159
-0.969478763 -0.235570221 0.067952918 0.9922126432 0.9506533159
-0.905661793 -0.423360951 0.023285641 0.992468357 0.9514422219
-0.91697835 -0.398484741 0.018989893 0.992468357 0.9514422219
-0.933518345 -0.357676505 0.02471878 0.992468357 0.9514422219
-0.865093657 -0.501474608 0.011669677 0.992468357 0.9514422219
-0.878513464 -0.477661032 0.007350636 0.992468357 0.9514422219
-0.898631394 -0.438506638 0.013173697 0.992468357 0.9514422219
-0.927594158 -0.373302891 0.014629715 0.992468357 0.9514422219
-0.9374979 -0.347838787 0.010289144 0.992468357 0.9514422219
-0.951831472 -0.306201738 0.016041974 0.992468357 0.9514422219
-0.76101138 -0.646194997 0.057390819 0.992468357 0.9514422219
-0.775438371 -0.629027868 0.054947915 0.992468357 0.9514422219
-0.754308933 -0.653805863 0.059631603 0.992468357 0.9514422219
-0.772186651 -0.632916425 0.05607652 0.992468357 0.9514422219
-0.789470835 -0.611540583 0.052477759 0.992468357 0.9514422219
0.318056894 -0.944592141 -0.081151088 0.992468357 0.9514422219
0.324423323 -0.942354748 -0.081957529 0.992468357 0.9514422219
0.363092999 -0.929616634 -0.063058611 0.992468357 0.9514422219
0.347001554 -0.935025118 -0.072924273 0.992468357 0.9514422219
0.330776183 -0.940073092 -0.0827629 0.992468357 0.9514422219
-0.756381137 -0.65150815 0.058520989 0.992468357 0.9514422219
-0.75385424 -0.654703415 0.055382515 0.992468357 0.9514422219
-0.771695849 -0.632592852 0.065664302 0.992468357 0.9514422219
-0.718869126 -0.694115528 0.037826096 0.992468357 0.9514422219
-0.735324965 -0.676215857 0.04504787 0.992468357 0.9514422219
-0.751307947 -0.657880933 0.052240278 0.992468357 0.9514422219
-0.766806824 -0.639123404 0.05940176 0.992468357 0.9514422219
0.410044642 -0.908922065 0.0756576 0.992468357 0.9514422219
0.713882418 -0.699199513 0.038625554 0.992468357 0.9514422219
0.049632811 -0.993712643 0.100358199 0.992468357 0.9514422219
0.399663387 -0.914092849 0.068581639 0.992468357 0.9514422219
0.697892403 -0.715579007 0.029881078 0.992468357 0.9514422219
0.712674996 -0.700105468 0.044121238 0.992468357 0.9514422219
0.063327669 -0.997600017 0.027996655 0.992468357 0.9514422219
0.694231346 -0.718257176 0.046362353 0.992468357 0.9514422219
0.037060543 -0.998477034 0.040867205 0.992468357 0.9514422219
0.050027495 -0.997952768 0.039843731 0.992468357 0.9514422219
-0.618622113 -0.785669264 0.005521661 0.992468357 0.9514422219
-0.984782877 -0.172678658 -0.019615437 0.992468357 0.9514422219
-0.280767736 -0.842314129 -0.460083021 0.992468357 0.9514422219
-0.276621175 -0.84356475 -0.460303419 0.992468357 0.9514422219
-0.27819529 -0.840408756 -0.465102681 0.992468357 0.9514422219
-0.277595071 -0.848552158 -0.450444461 0.992468357 0.9514422219
-0.275037001 -0.846690946 -0.45548775 0.992468357 0.9514422219
-0.272469165 -0.84479963 -0.46051508 0.992468357 0.9514422219
-0.269891936 -0.842878344 -0.465525983 0.992468357 0.9514422219
-0.95400157 0.291122359 -0.071615472 0.992468357 0.9514422219
-0.962355907 0.263781332 -0.065502044 0.992468357 0.9514422219
-0.954572407 0.290015886 -0.068427376 0.992468357 0.9514422219
-0.968922151 0.238476915 -0.065716259 0.992468357 0.9514422219
-0.97573118 0.210732919 -0.059500424 0.992468357 0.9514422219
-0.969410641 0.237346468 -0.062527304 0.992468357 0.9514422219
-0.969887832 0.236214327 -0.059332834 0.992468357 0.9514422219
-0.976590635 0.208444871 -0.053117491 0.992468357 0.9514422219
-0.970353531 0.235078866 -0.05614225 0.992468357 0.9514422219
-0.935824056 0.348865718 -0.050259792 0.992468357 0.9514422219
-0.948639058 0.312554408 -0.048925244 0.992468357 0.9514422219
-0.946875434 0.318682075 -0.043227853 0.992468357 0.9514422219
-0.939593033 0.336694553 -0.061658016 0.992468357 0.9514422219
-0.951959169 0.300225184 -0.060320637 0.992468357 0.9514422219
-0.950333546 0.306400565 -0.054633733 0.992468357 0.9514422219
-0.960046018 0.275775782 -0.04753273 0.992468357 0.9514422219
-0.970026824 0.238590191 -0.046072564 0.992468357 0.9514422219
-0.968718363 0.244854921 -0.040383187 0.992468357 0.9514422219
-0.935376175 0.346700275 -0.069787747 0.992468357 0.9514422219
-0.926006551 0.371502635 -0.067064597 0.992468357 0.9514422219
-0.9368723 0.342216333 -0.071821134 0.992468357 0.9514422219
-0.912428959 0.404784684 -0.060189327 0.992468357 0.9514422219
-0.901512913 0.42893412 -0.057358431 0.992468357 0.9514422219
-0.914216208 0.400418183 -0.062241493 0.992468357 0.9514422219
-0.915979036 0.396041239 -0.064294194 0.992468357 0.9514422219
-0.905301151 0.420298207 -0.061475548 0.992468357 0.9514422219
-0.917717923 0.391653508 -0.066342621 0.992468357 0.9514422219
-0.606703282 -0.793496932 -0.04768381 0.992468357 0.9514422219
-0.609377476 -0.791186526 -0.05179742 0.992468357 0.9514422219
-0.613771596 -0.787726855 -0.052638679 0.992468357 0.9514422219
-0.597828732 -0.800303278 -0.045994233 0.992468357 0.9514422219
-0.600530702 -0.798029955 -0.050110548 0.992468357 0.9514422219
-0.604963696 -0.794620996 -0.050954869 0.992468357 0.9514422219
-0.612033578 -0.788852955 -0.055909872 0.992468357 0.9514422219
-0.614671714 -0.786496173 -0.060020455 0.992468357 0.9514422219
-0.619037515 -0.782999862 -0.060858623 0.992468357 0.9514422219
-0.638760332 -0.766800484 -0.063263379 0.992468357 0.9514422219
-0.639271864 -0.765720711 -0.070733844 0.992468357 0.9514422219
-0.644906756 -0.761034162 -0.070158958 0.992468357 0.9514422219
-0.627382921 -0.77604321 -0.06440191 0.992468357 0.9514422219
-0.627898109 -0.77496975 -0.071873859 0.992468357 0.9514422219
-0.633601787 -0.770366311 -0.071305839 0.992468357 0.9514422219
-0.639746172 -0.764597547 -0.078201193 0.992468357 0.9514422219
-0.640183852 -0.763430706 -0.085663254 0.992468357 0.9514422219
-0.645814694 -0.758738213 -0.085086464 0.992468357 0.9514422219
-0.260070922 -0.896305762 -0.359164442 0.992468357 0.9514422219
-0.257214549 -0.900171454 -0.351471236 0.992468357 0.9514422219
-0.264433372 -0.89672234 -0.354914126 0.992468357 0.9514422219
-0.245606539 -0.903107984 -0.352240538 0.992468357 0.9514422219
-0.249975807 -0.903552542 -0.348001293 0.992468357 0.9514422219
-0.254336605 -0.903963335 -0.343748718 0.992468357 0.9514422219
-0.258687488 -0.904340278 -0.339484086 0.992468357 0.9514422219
-0.633981339 -0.77316607 0.016789612 0.992468357 0.9514422219
-0.625027733 -0.780544469 0.009521817 0.992468357 0.9514422219
-0.649131562 -0.760438664 0.019006654 0.992468357 0.9514422219
-0.584310619 -0.8115271 -0.002206171 0.992468357 0.9514422219
-0.574832821 -0.818215955 -0.009480437 0.992468357 0.9514422219
-0.600252295 -0.799810717 2.2071e-05 0.992468357 0.9514422219
-0.6159574 -0.787776256 0.002247565 0.992468357 0.9514422219
-0.606769826 -0.794861737 -0.005019696 0.992468357 0.9514422219
-0.631416561 -0.775430887 0.004479579 0.992468357 0.9514422219
0.649013409 -0.76077317 0.00240388 0.992468357 0.9514422219
0.665781332 -0.746146847 -0.000315942 0.992468357 0.9514422219
0.63557493 -0.772010222 -0.006687749 0.992468357 0.9514422219
0.707332821 -0.706718813 0.015126129 0.992468357 0.9514422219
0.694911173 -0.719070155 0.006047622 0.992468357 0.9514422219
0.682218004 -0.731142481 -0.003044367 0.992468357 0.9514422219
0.669256898 -0.742932314 -0.012115287 0.992468357 0.9514422219
-0.200111149 -0.91647591 -0.346449758 0.9921640837 0.9506557947
-0.194565261 -0.916680071 -0.349058744 0.9921640837 0.9506557947
-0.191073777 -0.921672806 -0.337653744 0.9921640837 0.9506557947
-0.206997613 -0.906048966 -0.369089772 0.9921640837 0.9506557947
-0.20144658 -0.906235585 -0.371693879 0.9921640837 0.9506557947
-0.198022658 -0.911533836 -0.360406844 0.9921640837 0.9506557947
-0.189010499 -0.916849521 -0.351656063 0.9921640837 0.9506557947
-0.18345055 -0.916984336 -0.354239501 0.9921640837 0.9506557947
-0.1799651 -0.92199449 -0.342839208 0.9921640837 0.9506557947
-0.984038468 -0.174261848 0.03607078 0.992468357 0.9514422219
-0.974426276 -0.221039004 0.040437498 0.992468357 0.9514422219
-0.980978943 -0.191077678 0.034199918 0.992468357 0.9514422219
-0.971583282 -0.229572513 0.057640146 0.992468357 0.9514422219
-0.969105562 -0.239747349 0.057927694 0.992468357 0.9514422219
-0.975757614 -0.211230276 0.057261247 0.992468357 0.9514422219
-0.956382288 -0.286126707 0.058859373 0.992468357 0.9514422219
-0.953313635 -0.296140152 0.059111122 0.992468357 0.9514422219
-0.961622095 -0.268058737 0.058544504 0.992468357 0.9514422219
-0.966521481 -0.249895871 0.058208945 0.992468357 0.9514422219
-0.963831329 -0.260016971 0.058483713 0.992468357 0.9514422219
-0.971078716 -0.231644544 0.057852684 0.992468357 0.9514422219
-0.820019206 -0.569758806 0.054253157 0.992468357 0.9514422219
-0.831330608 -0.55386101 0.046123764 0.992468357 0.9514422219
-0.829603891 -0.556389491 0.046777329 0.992468357 0.9514422219
-0.823555771 -0.564758447 0.05295081 0.992468357 0.9514422219
-0.833049263 -0.551326937 0.045470148 0.992468357 0.9514422219
-0.842270678 -0.537715601 0.037974165 0.992468357 0.9514422219
-0.851217105 -0.523928689 0.030465858 0.992468357 0.9514422219
0.142492258 -0.985315883 -0.094066822 0.992468357 0.9514422219
-0.242650587 -0.970000255 -0.014839046 0.992468357 0.9514422219
0.484477769 -0.869568871 0.095557682 0.992468357 0.9514422219
-0.970378933 -0.185827072 -0.154379484 0.992468357 0.9514422219
-0.846384426 -0.530281422 -0.049345896 0.992468357 0.9514422219
-0.59226601 -0.790920502 0.153836713 0.992468357 0.9514422219
-0.258705668 -0.950852786 0.170148046 0.992468357 0.9514422219
-0.845016845 -0.534643681 -0.010132477 0.9922126432 0.9506533159
-0.847152674 -0.531131146 -0.015233289 0.9922126432 0.9506533159
-0.841937433 -0.539534253 -0.006644481 0.9922126432 0.9506533159
-0.855154003 -0.517654404 -0.027304734 0.9922126432 0.9506533159
-0.857146025 -0.514053303 -0.032402066 0.9922126432 0.9506533159
-0.852222502 -0.522636997 -0.023819659 0.9922126432 0.9506533159
-0.849252086 -0.527595905 -0.020333622 0.9922126432 0.9506533159
-0.851315192 -0.524037802 -0.025432783 0.9922126432 0.9506533159
-0.846243114 -0.532530555 -0.01684636 0.9922126432 0.9506533159
-0.772083169 -0.635520658 -0.001036142 0.992468357 0.9514422219
-0.785104967 -0.619302585 0.008631333 0.992468357 0.9514422219
-0.781090948 -0.624407271 0.003534343 0.992468357 0.9514422219
-0.780239522 -0.625413806 0.009157545 0.992468357 0.9514422219
-0.792972239 -0.608966904 0.018823877 0.992468357 0.9514422219
-0.789065225 -0.614155995 0.013728972 0.992468357 0.9514422219
-0.797713501 -0.602759027 0.018295505 0.992468357 0.9514422219
-0.809902119 -0.585898729 0.027950614 0.992468357 0.9514422219
-0.806181593 -0.591226462 0.022858473 0.992468357 0.9514422219
-0.3265827 -0.937623354 -0.119189705 0.992468357 0.9514422219
-0.330754692 -0.936170381 -0.119106471 0.992468357 0.9514422219
-0.332848531 -0.935518866 -0.118390485 0.992468357 0.9514422219
-0.322383394 -0.938893168 -0.120617435 0.992468357 0.9514422219
-0.326561752 -0.937458454 -0.120536589 0.992468357 0.9514422219
-0.328659096 -0.936816908 -0.119821862 0.992468357 0.9514422219
-0.33492023 -0.934699124 -0.11902095 0.992468357 0.9514422219
-0.339079225 -0.933209622 -0.118933094 0.992468357 0.9514422219
-0.341166513 -0.93253991 -0.11821475 0.992468357 0.9514422219
-0.312190839 -0.941561999 -0.126482733 0.992468357 0.9514422219
-0.30610737 -0.943539347 -0.126616658 0.992468357 0.9514422219
-0.314214665 -0.941548695 -0.121470983 0.992468357 0.9514422219
-0.295920905 -0.945373 -0.136750534 0.992468357 0.9514422219
-0.289804649 -0.94724853 -0.136870332 0.992468357 0.9514422219
-0.297970333 -0.945439374 -0.131750033 0.992468357 0.9514422219
-0.300011066 -0.945478183 -0.126745277 0.992468357 0.9514422219
-0.293902776 -0.947378148 -0.126869237 0.992468357 0.9514422219
-0.302043331 -0.945489209 -0.121737349 0.992468357 0.9514422219
-0.597018379 -0.800670457 -0.049958732 0.992468357 0.9514422219
-0.604146264 -0.794978756 -0.05491875 0.992468357 0.9514422219
-0.604248069 -0.794565998 -0.059574712 0.992468357 0.9514422219
-0.611294909 -0.788767866 -0.064527425 0.992468357 0.9514422219
-0.607734325 -0.79189138 -0.059724632 0.992468357 0.9514422219
-0.611209008 -0.789201349 -0.059873026 0.992468357 0.9514422219
-0.618205699 -0.783338973 -0.064821041 0.992468357 0.9514422219
0.358530616 -0.928824874 -0.093488774 0.992468357 0.9514422219
0.37353827 -0.923954542 -0.082323545 0.992468357 0.9514422219
0.385495682 -0.91968498 -0.07464996 0.992468357 0.9514422219
0.33416929 -0.936220994 -0.108725049 0.992468357 0.9514422219
0.349378457 -0.93188326 -0.097612925 0.992468357 0.9514422219
0.361497933 -0.928021142 -0.089977802 0.992468357 0.9514422219
0.388405655 -0.918739403 -0.07112635 0.992468357 0.9514422219
0.403128214 -0.913180847 -0.059903121 0.992468357 0.9514422219
0.414860956 -0.908386661 -0.052192535 0.992468357 0.9514422219
0.041576365 -0.984891214 -0.168109197 0.992468357 0.9514422219
0.032580645 -0.983785771 -0.176363428 0.992468357 0.9514422219
0.039533634 -0.98577444 -0.16335803 0.992468357 0.9514422219
0.027658558 -0.980599207 -0.194062359 0.992468357 0.9514422219
0.018652389 -0.979155536 -0.202253615 0.992468357 0.9514422219
0.025619857 -0.981579221 -0.189330017 0.992468357 0.9514422219
0.023579444 -0.982532455 -0.1845914 0.992468357 0.9514422219
0.01457629 -0.981131287 -0.192792453 0.992468357 0.9514422219
0.021539973 -0.983458457 -0.179848525 0.992468357 0.9514422219
-0.013852416 -0.970889887 -0.239125358 0.992468357 0.9514422219
-0.013830153 -0.971306275 -0.237429669 0.992468357 0.9514422219
-0.013896869 -0.970048228 -0.242514561 0.992468357 0.9514422219
-0.013874676 -0.970470535 -0.240820336 0.992468357 0.9514422219
-0.016108211 -0.971563192 -0.236231855 0.992468357 0.9514422219
-0.018363768 -0.972222978 -0.233335065 0.992468357 0.9514422219
-0.018341294 -0.972629387 -0.23163694 0.992468357 0.9514422219
-0.985220638 0.171140081 -0.007167059 0.9922126432 0.9506533159
-0.98683047 0.161682349 -0.004943842 0.9922126432 0.9506533159
-0.983967317 0.178120473 -0.009023042 0.9922126432 0.9506533159
-0.990407152 0.138176285 0.000993757 0.9922126432 0.9506533159
-0.991682528 0.128667828 0.003217633 0.9922126432 0.9506533159
-0.98940246 0.145196513 -0.000863212 0.9922126432 0.9506533159
-0.988344597 0.152208928 -0.002720174 0.9922126432 0.9506533159
-0.989762869 0.142720763 -0.000496174 0.9922126432 0.9506533159
-0.987233617 0.159213181 -0.004576921 0.9922126432 0.9506533159
-0.948402305 -0.317030705 0.004959795 0.992468357 0.9514422219
-0.93766147 -0.34736344 -0.01138457 0.992468357 0.9514422219
-0.936478384 -0.350414181 -0.014769516 0.992468357 0.9514422219
-0.924366729 -0.380235666 -0.031096441 0.992468357 0.9514422219
-0.931205849 -0.363873994 -0.02124577 0.992468357 0.9514422219
-0.925699372 -0.377243366 -0.027714907 0.992468357 0.9514422219
-0.912531657 -0.406631386 -0.044010128 0.992468357 0.9514422219
0.119454485 -0.747233818 0.653737139 0.992468357 0.9514422219
0.136336126 -0.755644505 0.640635499 0.992468357 0.9514422219
0.697145824 -0.686718523 0.205925641 0.992468357 0.9514422219
-0.877580021 0.115879094 0.465215373 0.992468357 0.9514422219
-0.910209432 0.042499013 0.411961919 0.992468357 0.9514422219
-0.520607424 -0.479844433 0.706199143 0.992468357 0.9514422219
0.118891108 -0.815210951 0.56682979 0.992468357 0.9514422219
0.134677464 -0.823396808 0.551252825 0.992468357 0.9514422219
0.717567561 -0.676132263 0.167158482 0.992468357 0.9514422219
0.7280471 -0.682488594 0.064472779 0.992468357 0.9514422219
0.723194513 -0.682186626 0.107754828 0.992468357 0.9514422219
0.708113205 -0.69944911 0.096677978 0.992468357 0.9514422219
0.757355681 -0.647243607 0.086533721 0.992468357 0.9514422219
0.75196054 -0.646304536 0.129791345 0.992468357 0.9514422219
0.737847145 -0.664428056 0.118814771 0.992468357 0.9514422219
0.717010031 -0.680536701 0.150885437 0.992468357 0.9514422219
0.70948482 -0.67758263 0.19368291 0.9922126432 0.9506533159
0.694960579 -0.695462991 0.182649997 0.992468357 0.9514422219
-0.007954592 -0.98120335 -0.19281263 0.992468357 0.9514422219
-0.011851911 -0.980568128 -0.195820525 0.992468357 0.9514422219
-0.005093594 -0.981605539 -0.190852354 0.992468357 0.9514422219
-0.021469588 -0.979000656 -0.202723387 0.992468357 0.9514422219
-0.025365509 -0.978283245 -0.205714568 0.992468357 0.9514422219
-0.018609378 -0.979460671 -0.200774714 0.992468357 0.9514422219
-0.015748935 -0.979908744 -0.198823602 0.992468357 0.9514422219
-0.01964558 -0.979225217 -0.201821766 0.992468357 0.9514422219
-0.012888309 -0.980344875 -0.196870053 0.992468357 0.9514422219
0.519194471 -0.854638888 -0.005428862 0.992468357 0.9514422219
0.508605527 -0.860979412 -0.005905128 0.992468357 0.9514422219
0.507591129 -0.861483691 -0.014039097 0.992468357 0.9514422219
0.521100601 -0.85342644 0.010838629 0.992468357 0.9514422219
0.510528457 -0.859798367 0.010366375 0.992468357 0.9514422219
0.509584139 -0.860417935 0.002231932 0.992468357 0.9514422219
0.49793751 -0.86718946 -0.006377801 0.992468357 0.9514422219
0.487194929 -0.873266387 -0.006849727 0.992468357 0.9514422219
0.486165014 -0.873738516 -0.01498613 0.992468357 0.9514422219
0.557585054 -0.830106712 -0.00466426 0.992468357 0.9514422219
0.563003776 -0.826376965 -0.01130754 0.992468357 0.9514422219
0.561273232 -0.827572694 -0.009787516 0.992468357 0.9514422219
0.561061627 -0.827738178 -0.007704568 0.992468357 0.9514422219
0.564730561 -0.825175648 -0.012827453 0.992468357 0.9514422219
0.568373321 -0.822574965 -0.017949797 0.992468357 0.9514422219
0.571989791 -0.819936213 -0.023071293 0.992468357 0.9514422219
0.128117634 -0.953346444 -0.273343063 0.992468357 0.9514422219
0.108494128 -0.956459726 -0.270949841 0.992468357 0.9514422219
0.10887687 -0.956761438 -0.26972834 0.992468357 0.9514422219
0.089210297 -0.95949522 -0.26722733 0.992468357 0.9514422219
0.098857134 -0.958024835 -0.269101621 0.992468357 0.9514422219
0.088827195 -0.959190013 -0.268447849 0.992468357 0.9514422219
0.069124743 -0.961536206 -0.265838099 0.992468357 0.9514422219
0.002423315 -0.971073889 -0.238766892 0.992468357 0.9514422219
-0.003174739 -0.972639129 -0.232299474 0.992468357 0.9514422219
-0.003186344 -0.969526803 -0.24496454 0.992468357 0.9514422219
-0.008785397 -0.971102717 -0.238500166 0.992468357 0.9514422219
-0.005980365 -0.971879656 -0.235402146 0.992468357 0.9514422219
-0.008773274 -0.97413077 -0.225814687 0.992468357 0.9514422219
-0.014370911 -0.975548704 -0.219313025 0.992468357 0.9514422219
-0.219833984 -0.931326909 -0.290350149 0.992468357 0.9514422219
-0.200026804 -0.943759583 -0.263262469 0.992468357 0.9514422219
-0.209963779 -0.937693518 -0.276850281 0.992468357 0.9514422219
-0.215673772 -0.931434696 -0.293111294 0.992468357 0.9514422219
-0.211510762 -0.931519263 -0.295863247 0.992468357 0.9514422219
0.219453671 -0.935866667 -0.275669491 0.992468357 0.9514422219
0.220247061 -0.936304861 -0.273540563 0.992468357 0.9514422219
0.226259936 -0.932742809 -0.280708558 0.992468357 0.9514422219
0.207367803 -0.94273154 -0.261258181 0.992468357 0.9514422219
0.208156218 -0.943147131 -0.259122516 0.992468357 0.9514422219
0.214212332 -0.939773103 -0.266344873 0.992468357 0.9514422219
0.221039492 -0.936738071 -0.271409891 0.992468357 0.9514422219
0.221830436 -0.937166264 -0.269278019 0.992468357 0.9514422219
0.227848338 -0.933626717 -0.276453049 0.992468357 0.9514422219
0.071500703 -0.955197258 -0.287203495 0.992468357 0.9514422219
0.088281671 -0.948977376 -0.30273468 0.992468357 0.9514422219
0.100842451 -0.943871233 -0.314543947 0.992468357 0.9514422219
0.046240293 -0.963672367 -0.263053995 0.992468357 0.9514422219
0.075692626 -0.953776771 -0.290827265 0.992468357 0.9514422219
0.105013345 -0.942224699 -0.318095606 0.992468357 0.9514422219
0.134151566 -0.929036223 -0.344811621 0.992468357 0.9514422219
0.254638635 -0.961883148 -0.099699426 0.9921640837 0.9506557947
0.252682556 -0.962403748 -0.099652152 0.9921640837 0.9506557947
0.265222545 -0.958702741 -0.102693988 0.9921640837 0.9506557947
0.229437112 -0.968815613 -0.093567729 0.9921640837 0.9506557947
0.240096998 -0.965931325 -0.096592481 0.9921640837 0.9506557947
0.250725405 -0.9629204 -0.099604592 0.9921640837 0.9506557947
0.26132098 -0.95978324 -0.102603499 0.9921640837 0.9506557947
0.161236745 -0.977587084 -0.135374314 0.9921640837 0.9506557947
0.172486606 -0.977352824 -0.122596196 0.9921640837 0.9506557947
0.138605156 -0.97720383 -0.160814445 0.9921640837 0.9506557947
0.149943425 -0.977536879 -0.148116914 0.9921640837 0.9506557947
0.17611976 -0.976432519 -0.124745201 0.9921640837 0.9506557947
0.190941833 -0.974950593 -0.114072603 0.9921640837 0.9506557947
0.202077202 -0.974125092 -0.101218126 0.9921640837 0.9506557947
-0.820848042 0.570540225 -0.026312435 0.9922126432 0.9506533159
-0.825349367 0.564221192 -0.02128074 0.9922126432 0.9506533159
-0.820188046 0.571341184 -0.029339757 0.9922126432 0.9506533159
-0.830998053 0.556181979 -0.010190351 0.9922126432 0.9506533159
-0.835319217 0.549741057 -0.005155129 0.9922126432 0.9506533159
-0.830393317 0.557020829 -0.013218733 0.9922126432 0.9506533159
-0.829780177 0.55785382 -0.016247264 0.9922126432 0.9506533159
-0.834139872 0.551438993 -0.011212077 0.9922126432 0.9506533159
-0.829158379 0.558681345 -0.019275307 0.9922126432 0.9506533159
-0.844180746 0.535871117 -0.014177952 0.9922126432 0.9506533159
-0.83763207 0.545871011 -0.019933756 0.9922126432 0.9506533159
-0.856831186 0.51559019 -0.002659756 0.9922126432 0.9506533159
-0.850580836 0.525776902 -0.008419646 0.9922126432 0.9506533159
-0.850204105 0.526386437 -0.008384473 0.9922126432 0.9506533159
-0.856091624 0.516817593 -0.002589763 0.9922126432 0.9506533159
-0.849826963 0.526995655 -0.008349405 0.9922126432 0.9506533159
-0.324332078 -0.935917993 -0.137354335 0.992468357 0.9514422219
-0.316245399 -0.939245705 -0.133440446 0.992468357 0.9514422219
-0.318757838 -0.938363941 -0.13366583 0.992468357 0.9514422219
-0.319315822 -0.937706696 -0.136907116 0.992468357 0.9514422219
-0.311213704 -0.940989118 -0.132986879 0.992468357 0.9514422219
-0.313730636 -0.94012077 -0.133214212 0.992468357 0.9514422219
-0.308129628 -0.942487215 -0.129514412 0.992468357 0.9514422219
-0.299985569 -0.945642212 -0.125576535 0.992468357 0.9514422219
-0.302513004 -0.944805909 -0.125808095 0.992468357 0.9514422219
-0.159589371 -0.928048615 -0.336536775 0.9921640837 0.9506557947
-0.158603426 -0.92891994 -0.334593334 0.9921640837 0.9506557947
-0.140372478 -0.938875139 -0.314339054 0.9921640837 0.9506557947
-0.195612849 -0.905680546 -0.376136095 0.9921640837 0.9506557947
-0.194651141 -0.906673129 -0.374238921 0.9921640837 0.9506557947
-0.176701684 -0.918182956 -0.354565331 0.9921640837 0.9506557947
-0.157617416 -0.929786244 -0.332647397 0.9921640837 0.9506557947
-0.156629799 -0.930647331 -0.330700245 0.9921640837 0.9506557947
-0.138378064 -0.940478951 -0.310404339 0.9921640837 0.9506557947
0.005438265 -0.966660251 -0.256004658 0.992468357 0.9514422219
0.000347912 -0.967479529 -0.252949084 0.992468357 0.9514422219
0.003607905 -0.966591931 -0.256294794 0.992468357 0.9514422219
-0.001081765 -0.968423108 -0.249310074 0.992468357 0.9514422219
-0.002912093 -0.96834526 -0.24959763 0.992468357 0.9514422219
-0.004742457 -0.968264063 -0.249884399 0.992468357 0.9514422219
-0.006572754 -0.968179549 -0.250170263 0.992468357 0.9514422219
0.143368424 -0.978744924 -0.146641971 0.992468357 0.9514422219
0.118905163 -0.978068943 -0.171004986 0.992468357 0.9514422219
0.191755036 -0.976595559 -0.097422384 0.992468357 0.9514422219
0.16766057 -0.978253853 -0.122103781 0.992468357 0.9514422219
0.171211016 -0.977867077 -0.120261243 0.992468357 0.9514422219
0.198799503 -0.975550513 -0.093701413 0.992468357 0.9514422219
0.174756601 -0.977465138 -0.118414675 0.992468357 0.9514422219
-0.1749226 -0.896659862 -0.406697893 0.992468357 0.9514422219
-0.152360259 -0.904077073 -0.399288114 0.992468357 0.9514422219
-0.15694138 -0.902096103 -0.401985104 0.992468357 0.9514422219
-0.165789241 -0.90078329 -0.401376871 0.992468357 0.9514422219
-0.143183643 -0.907951951 -0.39385492 0.992468357 0.9514422219
-0.147774613 -0.906029324 -0.396577265 0.992468357 0.9514422219
-0.129703989 -0.910935058 -0.391630177 0.992468357 0.9514422219
-0.106967625 -0.917229276 -0.383729569 0.992468357 0.9514422219
-0.111584905 -0.915499198 -0.386535934 0.992468357 0.9514422219
-0.909135683 -0.416271184 -0.013806178 0.992468357 0.9514422219
-0.916158163 -0.400639429 -0.011927604 0.992468357 0.9514422219
-0.894282093 -0.447159522 -0.017547084 0.992468357 0.9514422219
-0.901842845 -0.431779639 -0.015678856 0.992468357 0.9514422219
-0.910105542 -0.414234107 -0.010863096 0.992468357 0.9514422219
-0.911062945 -0.41219117 -0.007921448 0.992468357 0.9514422219
-0.918004886 -0.396523005 -0.006044581 0.992468357 0.9514422219
-0.890500157 -0.454921356 -0.007485305 0.992468357 0.9514422219
-0.881871438 -0.471485604 -0.002022937 0.992468357 0.9514422219
-0.882474922 -0.470359442 8.7687e-05 0.992468357 0.9514422219
-0.889298966 -0.457176471 -0.011705688 0.992468357 0.9514422219
-0.880647935 -0.4737301 -0.006245633 0.992468357 0.9514422219
-0.881262247 -0.472609513 -0.004135165 0.992468357 0.9514422219
-0.872908445 -0.487871933 0.003438582 0.992468357 0.9514422219
-0.863615003 -0.504073348 0.008898679 0.992468357 0.9514422219
-0.864240418 -0.502958506 0.011010971 0.992468357 0.9514422219
0.207464168 -0.894688186 -0.395590278 0.992468357 0.9514422219
0.197114563 -0.898223522 -0.39286175 0.992468357 0.9514422219
0.208302674 -0.894517093 -0.395536555 0.992468357 0.9514422219
0.185055295 -0.901952131 -0.390175461 0.992468357 0.9514422219
0.174653628 -0.905242283 -0.387340314 0.992468357 0.9514422219
0.18589766 -0.901798752 -0.390129556 0.992468357 0.9514422219
0.186739912 -0.901644733 -0.3900833 0.992468357 0.9514422219
0.176341511 -0.904951359 -0.387255355 0.992468357 0.9514422219
0.187582003 -0.901490026 -0.390036826 0.992468357 0.9514422219
0.087465083 -0.949763555 -0.300498003 0.9921671435 0.9506561059
0.108932563 -0.939297917 -0.325350765 0.9921671435 0.9506561059
0.106278768 -0.941035723 -0.32118 0.9921671435 0.9506561059
0.092800609 -0.946548021 -0.308925381 0.9921671435 0.9506561059
0.114230204 -0.935744803 -0.333666188 0.992468357 0.9514422219
0.111582237 -0.937534123 -0.32951354 0.9921671435 0.9506561059
0.130269498 -0.927716157 -0.349817939 0.9921671435 0.9506561059
0.151451441 -0.91503221 -0.373869651 0.9921671435 0.9506561059
0.148844777 -0.917102308 -0.369822375 0.9921671435 0.9506561059
0.554909868 -0.831899599 -0.004253846 0.992468357 0.9514422219
0.545580473 -0.838052972 0.003027351 0.992468357 0.9514422219
0.547515479 -0.836791029 0.002752204 0.992468357 0.9514422219
0.538104133 -0.842818651 0.010033137 0.992468357 0.9514422219
0.541850993 -0.840449198 0.006530425 0.992468357 0.9514422219
0.536154052 -0.844057211 0.010308103 0.992468357 0.9514422219
0.52663228 -0.849911252 0.017587081 0.992468357 0.9514422219
0.538869285 -0.842331545 0.009872297 0.992468357 0.9514422219
0.546882608 -0.837204295 0.002895135 0.992468357 0.9514422219
0.543945272 -0.839104005 0.005292524 0.992468357 0.9514422219
0.551909945 -0.833902017 -0.001685022 0.992468357 0.9514422219
0.549400197 -0.835559129 0.000605053 0.992468357 0.9514422219
0.554819808 -0.831960524 -0.004082441 0.992468357 0.9514422219
0.562679784 -0.826600961 -0.011059453 0.992468357 0.9514422219
-0.041611015 -0.957042737 -0.286945505 0.992468357 0.9514422219
-0.034884656 -0.958609133 -0.282580238 0.992468357 0.9514422219
-0.036373715 -0.956783239 -0.28851826 0.992468357 0.9514422219
-0.02964609 -0.958322795 -0.284145263 0.992468357 0.9514422219
-0.032265413 -0.958469524 -0.283363926 0.992468357 0.9514422219
-0.02815578 -0.960111504 -0.278196248 0.992468357 0.9514422219
-0.021425051 -0.961549758 -0.273793774 0.992468357 0.9514422219
0.639228605 -0.768391817 -0.030996873 0.992468357 0.9514422219
0.660083021 -0.751104829 -0.011486611 0.992468357 0.9514422219
0.657929174 -0.752960239 -0.013419379 0.992468357 0.9514422219
0.643662387 -0.764828352 -0.027135281 0.992468357 0.9514422219
0.662229149 -0.749240468 -0.009553861 0.992468357 0.9514422219
0.680201924 -0.732980737 0.008036298 0.992468357 0.9514422219
0.697564694 -0.716063652 0.025619232 0.992468357 0.9514422219
0.579294537 -0.814621254 -0.028461405 0.992468357 0.9514422219
0.578156724 -0.815498524 -0.026399996 0.992468357 0.9514422219
0.571482067 -0.820321416 -0.021932196 0.992468357 0.9514422219
0.592466466 -0.804727042 -0.037388161 0.992468357 0.9514422219
0.591353412 -0.805638308 -0.035327874 0.992468357 0.9514422219
0.58478075 -0.810603978 -0.030865274 0.992468357 0.9514422219
0.577015376 -0.81637057 -0.024338216 0.992468357 0.9514422219
0.575870306 -0.817237512 -0.022276456 0.992468357 0.9514422219
0.569171358 -0.822026058 -0.017808017 0.992468357 0.9514422219
0.315559189 -0.856372806 -0.40871508 0.992468357 0.9514422219
0.320315949 -0.850020214 -0.418166628 0.992468357 0.9514422219
0.30303991 -0.865802292 -0.398187399 0.992468357 0.9514422219
0.349429578 -0.82303146 -0.44779257 0.992468357 0.9514422219
0.353936406 -0.816057157 -0.456924213 0.992468357 0.9514422219
0.337286685 -0.833433111 -0.437752147 0.992468357 0.9514422219
0.325021861 -0.843537846 -0.427556655 0.992468357 0.9514422219
0.329682026 -0.836927126 -0.436878413 0.992468357 0.9514422219
0.31264494 -0.853342029 -0.417205613 0.992468357 0.9514422219
-0.258482466 -0.89453737 -0.364677541 0.992468357 0.9514422219
-0.256997731 -0.900128172 -0.351740586 0.992468357 0.9514422219
-0.257746575 -0.897355348 -0.358217926 0.992468357 0.9514422219
-0.254181926 -0.895678404 -0.364899638 0.992468357 0.9514422219
-0.249876767 -0.896801578 -0.365114408 0.992468357 0.9514422219
-0.269997324 -0.883991589 -0.381654707 0.992468357 0.9514422219
-0.286887103 -0.86890337 -0.403364257 0.992468357 0.9514422219
-0.280510324 -0.875812454 -0.392767749 0.992468357 0.9514422219
-0.282830977 -0.870420487 -0.402957585 0.992468357 0.9514422219
-0.299466579 -0.85456335 -0.424312678 0.992468357 0.9514422219
-0.293205106 -0.86181981 -0.413880878 0.992468357 0.9514422219
-0.303493319 -0.852959855 -0.424677868 0.992468357 0.9514422219
-0.319799718 -0.83617688 -0.445574198 0.992468357 0.9514422219
-0.313689095 -0.843843277 -0.435347764 0.992468357 0.9514422219
-0.375965395 -0.923672051 -0.074026777 0.9921671435 0.9506561059
-0.357709699 -0.930135639 -0.08301484 0.9921671435 0.9506561059
-0.336745336 -0.936091088 -0.101666387 0.9921671435 0.9506561059
-0.318126706 -0.941579536 -0.11055938 0.9921671435 0.9506561059
-0.338022665 -0.936144681 -0.09681846 0.9921671435 0.9506561059
-0.339290184 -0.936175536 -0.091964865 0.9921671435 0.9506561059
-0.320718079 -0.94178759 -0.1008764 0.9921671435 0.9506561059
-0.845978415 0.532199617 -0.032925516 0.992468357 0.9514422219
-0.854142653 0.519092001 -0.031365962 0.992468357 0.9514422219
-0.856846861 0.514534898 -0.032669496 0.992468357 0.9514422219
-0.840358631 0.541182613 -0.030310901 0.992468357 0.9514422219
-0.851413031 0.523633677 -0.030060314 0.992468357 0.9514422219
-0.862101153 0.505859368 -0.029797673 0.992468357 0.9514422219
-0.872418329 0.487867483 -0.029522513 0.992468357 0.9514422219
-0.893744865 0.447060284 -0.036840436 0.992468357 0.9514422219
-0.887633041 0.459506306 -0.031008693 0.992468357 0.9514422219
-0.881987256 0.470726342 -0.022697828 0.992468357 0.9514422219
-0.904031956 0.424113706 -0.053420851 0.992468357 0.9514422219
-0.898318377 0.43675773 -0.047610707 0.992468357 0.9514422219
-0.893076871 0.448183059 -0.03931474 0.992468357 0.9514422219
-0.881319765 0.471849377 -0.02517215 0.992468357 0.9514422219
-0.874807425 0.48408508 -0.019328857 0.992468357 0.9514422219
-0.868771293 0.495091215 -0.011005893 0.992468357 0.9514422219
-0.227061041 -0.892793554 -0.389053922 0.992468357 0.9514422219
-0.232508393 -0.893417842 -0.384375346 0.992468357 0.9514422219
-0.230010193 -0.893407454 -0.385899511 0.992468357 0.9514422219
-0.232061055 -0.892828456 -0.386011677 0.992468357 0.9514422219
-0.235004624 -0.893420565 -0.382847909 0.992468357 0.9514422219
-0.237943689 -0.893995701 -0.379676821 0.992468357 0.9514422219
-0.240878237 -0.894553819 -0.376498527 0.992468357 0.9514422219
-0.862891804 -0.505048092 0.018551507 0.992468357 0.9514422219
-0.839905218 -0.542584645 0.012693616 0.992468357 0.9514422219
-0.903715999 -0.427065516 0.03020658 0.992468357 0.9514422219
-0.884176682 -0.466514755 0.02440448 0.992468357 0.9514422219
-0.860633524 -0.508587782 0.025463823 0.992468357 0.9514422219
-0.858321725 -0.51209138 0.032345543 0.992468357 0.9514422219
-0.835091703 -0.549475236 0.026435052 0.992468357 0.9514422219
-0.975653735 -0.210345245 0.062085972 0.9922126432 0.9506533159
-0.98026903 -0.191159939 0.050304136 0.9922126432 0.9506533159
-0.982966545 -0.177286272 0.048439137 0.9922126432 0.9506533159
-0.983682681 -0.17458172 0.043469605 0.9922126432 0.9506533159
-0.984366656 -0.171873025 0.038496093 0.9922126432 0.9506533159
-0.932797213 -0.358855664 0.033346227 0.992468357 0.9514422219
-0.931276459 -0.36331671 0.026928164 0.992468357 0.9514422219
-0.924270387 -0.381396046 0.016165031 0.992468357 0.9514422219
-0.945131569 -0.322058966 0.054811849 0.992468357 0.9514422219
-0.94391304 -0.326627195 0.048402989 0.992468357 0.9514422219
-0.937825538 -0.345056362 0.037674492 0.992468357 0.9514422219
-0.929697659 -0.367752383 0.020504831 0.992468357 0.9514422219
-0.928059261 -0.372166194 0.014083064 0.992468357 0.9514422219
-0.920754763 -0.390127727 0.003320074 0.992468357 0.9514422219
0.279995781 -0.849107962 -0.447904043 0.992468357 0.9514422219
0.27490117 -0.855662769 -0.438486684 0.992468357 0.9514422219
0.27310945 -0.855776539 -0.439383367 0.992468357 0.9514422219
0.283574785 -0.848867709 -0.446104196 0.992468357 0.9514422219
0.278481761 -0.855424975 -0.436687555 0.992468357 0.9514422219
0.276692298 -0.855545586 -0.437587846 0.992468357 0.9514422219
0.269763748 -0.862082751 -0.428999827 0.992468357 0.9514422219
0.264583844 -0.86836681 -0.419445435 0.992468357 0.9514422219
0.26279086 -0.868478059 -0.42034132 0.992468357 0.9514422219
0.310092131 -0.860633046 -0.403922802 0.992468357 0.9514422219
0.313203494 -0.854956267 -0.413465057 0.992468357 0.9514422219
0.312175222 -0.863764775 -0.395546513 0.992468357 0.9514422219
0.311915489 -0.842374354 -0.439447579 0.992468357 0.9514422219
0.314887038 -0.836316732 -0.448798927 0.992468357 0.9514422219
0.314107479 -0.845805634 -0.431218414 0.992468357 0.9514422219
0.31627412 -0.849165432 -0.422952421 0.992468357 0.9514422219
0.319300656 -0.843262248 -0.43238394 0.992468357 0.9514422219
0.318412062 -0.852454204 -0.414651165 0.992468357 0.9514422219
-0.096051439 -0.918927473 -0.382552506 0.992468357 0.9514422219
-0.068527392 -0.921898935 -0.381321845 0.992468357 0.9514422219
-0.110539992 -0.913869434 -0.390670664 0.992468357 0.9514422219
-0.083052054 -0.917225886 -0.38961395 0.992468357 0.9514422219
-0.07579232 -0.919595877 -0.385485341 0.992468357 0.9514422219
-0.040949131 -0.924159491 -0.379805746 0.992468357 0.9514422219
-0.013340496 -0.925710935 -0.377996424 0.992468357 0.9514422219
-0.5960866 -0.802423072 -0.028248516 0.992468357 0.9514422219
-0.593549697 -0.804322156 -0.027651881 0.992468357 0.9514422219
-0.602651625 -0.797320059 -0.033041536 0.992468357 0.9514422219
-0.577643965 -0.816102102 -0.01745878 0.992468357 0.9514422219
-0.575060599 -0.817937058 -0.016860497 0.992468357 0.9514422219
-0.584352171 -0.811194874 -0.022257948 0.992468357 0.9514422219
-0.591006539 -0.806212931 -0.02705513 0.992468357 0.9514422219
-0.588457329 -0.808095262 -0.026457862 0.992468357 0.9514422219
-0.597606561 -0.801156665 -0.031849585 0.992468357 0.9514422219
-0.501072798 -0.864741843 -0.033876205 0.992468357 0.9514422219
-0.479670713 -0.876079554 -0.048996141 0.992468357 0.9514422219
-0.542633218 -0.839962197 -0.003563344 0.992468357 0.9514422219
-0.522066186 -0.852699336 -0.018728035 0.992468357 0.9514422219
-0.515201761 -0.856783156 -0.022130709 0.992468357 0.9514422219
-0.529125154 -0.848480327 -0.010378212 0.992468357 0.9514422219
-0.508299489 -0.860801758 -0.025533587 0.992468357 0.9514422219
-0.723635898 -0.689914386 -0.019215296 0.992468357 0.9514422219
-0.706133814 -0.70730024 -0.03318746 0.992468357 0.9514422219
-0.728832528 -0.684573058 -0.012762202 0.992468357 0.9514422219
-0.676691951 -0.733818434 -0.05998758 0.992468357 0.9514422219
-0.657699311 -0.749650812 -0.073859844 0.992468357 0.9514422219
-0.682411463 -0.729003096 -0.053563811 0.992468357 0.9514422219
-0.688063645 -0.724118072 -0.047132128 0.992468357 0.9514422219
-0.669441907 -0.740352182 -0.061042439 0.992468357 0.9514422219
-0.693650476 -0.719161022 -0.040699394 0.992468357 0.9514422219
-0.635767081 -0.770081716 -0.052672274 0.992468357 0.9514422219
-0.627801174 -0.776878895 -0.048216885 0.992468357 0.9514422219
-0.629514451 -0.775563832 -0.047035087 0.992468357 0.9514422219
-0.632350997 -0.772724534 -0.05503645 0.992468357 0.9514422219
-0.624362972 -0.779495065 -0.050579868 0.992468357 0.9514422219
-0.626083887 -0.778189392 -0.049398756 0.992468357 0.9514422219
-0.619753757 -0.783575604 -0.043755617 0.992468357 0.9514422219
-0.611626114 -0.790170797 -0.039288777 0.992468357 0.9514422219
-0.613361115 -0.788882698 -0.038108156 0.992468357 0.9514422219
-0.998677958 0.048116831 -0.018086104 0.9922126432 0.9506533159
-0.998963942 0.039623422 -0.022383616 0.9922126432 0.9506533159
-0.99940178 0.022408099 -0.026343114 0.9922126432 0.9506533159
-0.996540672 0.082485184 -0.010143111 0.9922126432 0.9506533159
-0.997152639 0.074012565 -0.014448357 0.9922126432 0.9506533159
-0.998214116 0.056827039 -0.018419205 0.9922126432 0.9506533159
-0.999159256 0.031127084 -0.026681174 0.9922126432 0.9506533159
-0.999264002 0.022627605 -0.030974922 0.9922126432 0.9506533159
-0.99937542 0.0054041 -0.034922285 0.9922126432 0.9506533159
-0.049953136 -0.9716822 -0.230951049 0.9921640837 0.9506557947
-0.050464965 -0.97205123 -0.229280817 0.9921640837 0.9506557947
-0.031131498 -0.971520008 -0.234903607 0.9921640837 0.9506557947
-0.041056283 -0.972023039 -0.231269525 0.9921640837 0.9506557947
-0.050976523 -0.972417236 -0.227609563 0.9921640837 0.9506557947
-0.990456995 0.135237326 -0.026567042 0.9922126432 0.9506533159
-0.989894348 0.138565956 -0.030143901 0.9922126432 0.9506533159
-0.987227792 0.155981275 -0.032421122 0.9922126432 0.9506533159
-0.994717909 0.100264795 -0.021983019 0.9922126432 0.9506533159
-0.994289503 0.103608725 -0.025565914 0.9922126432 0.9506533159
-0.992248519 0.121106253 -0.02785949 0.9922126432 0.9506533159
-0.989307771 0.14189058 -0.033722355 0.9922126432 0.9506533159
-0.988697285 0.145212031 -0.037298042 0.9922126432 0.9506533159
-0.985897128 0.162607768 -0.039567251 0.9922126432 0.9506533159
0.477768225 -0.878483404 -0.002105202 0.9921640837 0.9506557947
0.492787283 -0.870142999 -0.003443132 0.9921640837 0.9506557947
0.4754696 -0.8797305 -0.001704623 0.9921640837 0.9506557947
0.512157204 -0.858873599 -0.005580353 0.9921640837 0.9506557947
0.526832177 -0.849941196 -0.006915235 0.9921640837 0.9506557947
0.509910394 -0.860211925 -0.005180264 0.9921640837 0.9506557947
0.507660022 -0.861544226 -0.004780023 0.9921640837 0.9506557947
0.522382015 -0.852689644 -0.006115628 0.9921640837 0.9506557947
0.505406088 -0.862870502 -0.004379882 0.9921640837 0.9506557947
0.483935021 -0.875068329 -0.007893929 0.992468357 0.9514422219
0.48336813 -0.8753929 -0.00652081 0.992468357 0.9514422219
0.511888056 -0.859043826 -0.00378468 0.992468357 0.9514422219
0.497414114 -0.86750173 -0.004466398 0.992468357 0.9514422219
0.482800095 -0.875715466 -0.005146889 0.992468357 0.9514422219
0.245544698 -0.894488819 -0.373627561 0.992468357 0.9514422219
0.255065446 -0.889819348 -0.378369061 0.992468357 0.9514422219
0.260255657 -0.889966047 -0.374469529 0.992468357 0.9514422219
0.269734381 -0.885149647 -0.379148343 0.992468357 0.9514422219
0.262407914 -0.887510937 -0.378769617 0.992468357 0.9514422219
0.264552107 -0.885029791 -0.383059331 0.992468357 0.9514422219
0.274003156 -0.880121002 -0.387697423 0.992468357 0.9514422219
0.216752949 -0.902657119 -0.371790648 0.9921671435 0.9506561059
0.21979693 -0.903127847 -0.368848751 0.9921671435 0.9506561059
0.236790753 -0.898128322 -0.370534286 0.9921671435 0.9506561059
0.239820727 -0.898542771 -0.367568915 0.9921671435 0.9506561059
0.229821085 -0.900882959 -0.368228412 0.9921671435 0.9506561059
0.222837113 -0.903582317 -0.365899737 0.9921671435 0.9506561059
0.225873238 -0.904020158 -0.362944672 0.9921671435 0.9506561059
0.329498356 -0.829067587 -0.451749675 0.992468357 0.9514422219
0.329870672 -0.826105012 -0.456876185 0.992468357 0.9514422219
0.328721863 -0.834904919 -0.441447294 0.992468357 0.9514422219
0.329116662 -0.832001005 -0.446605587 0.992468357 0.9514422219
0.340260578 -0.819481877 -0.461163953 0.992468357 0.9514422219
0.350921271 -0.809653526 -0.470441738 0.992468357 0.9514422219
0.351236097 -0.806559063 -0.475495198 0.992468357 0.9514422219
-0.277431253 -0.865603172 -0.416848951 0.992468357 0.9514422219
-0.276801288 -0.863368291 -0.421872306 0.992468357 0.9514422219
-0.274960478 -0.874726174 -0.399062472 0.992468357 0.9514422219
-0.275594495 -0.868020907 -0.413022251 0.992468357 0.9514422219
-0.276162445 -0.861107064 -0.426882804 0.992468357 0.9514422219
-0.076123685 -0.971929961 -0.222614767 0.9921671435 0.9506561059
-0.088001739 -0.97282308 -0.214175042 0.9921671435 0.9506561059
-0.071111225 -0.96931212 -0.235323624 0.9921671435 0.9506561059
-0.109776877 -0.977519955 -0.180010487 0.9921671435 0.9506561059
-0.104829603 -0.975608888 -0.192867965 0.9921671435 0.9506561059
-0.09986394 -0.973508358 -0.205690714 0.9921671435 0.9506561059
-0.094874167 -0.971220742 -0.218470048 0.9921671435 0.9506561059
0.589841685 -0.807435804 -0.011584898 0.992468357 0.9514422219
0.573196882 -0.819297291 -0.014045772 0.992468357 0.9514422219
0.530716322 -0.847126897 -0.026762022 0.992468357 0.9514422219
0.543582335 -0.839076989 -0.021634491 0.992468357 0.9514422219
0.556308599 -0.830811975 -0.016498635 0.992468357 0.9514422219
-0.02082721 -0.964324295 -0.263903166 0.992468357 0.9514422219
-0.017161956 -0.964881104 -0.262125775 0.992468357 0.9514422219
-0.028156696 -0.963161821 -0.2674444 0.992468357 0.9514422219
-0.024492182 -0.963751208 -0.265676011 0.992468357 0.9514422219
-0.018257822 -0.965212598 -0.260828088 0.992468357 0.9514422219
-0.0156881 -0.966084628 -0.257748666 0.992468357 0.9514422219
-0.012022257 -0.966611715 -0.25596339 0.992468357 0.9514422219
-0.819730767 0.569476148 -0.06114235 0.992468357 0.9514422219
-0.821193491 0.567414987 -0.060675223 0.992468357 0.9514422219
-0.811683535 0.581031593 -0.059767267 0.992468357 0.9514422219
-0.83813548 0.541821874 -0.062912431 0.992468357 0.9514422219
-0.830476273 0.553641377 -0.061566108 0.992468357 0.9514422219
-0.82265082 0.565350065 -0.060207411 0.992468357 0.9514422219
-0.814660665 0.576945585 -0.058836996 0.992468357 0.9514422219
-0.230563164 -0.79842753 0.556196105 0.992468357 0.9514422219
-0.222672509 -0.786579358 0.57594259 0.992468357 0.9514422219
-0.538421151 -0.580916046 0.610441816 0.992468357 0.9514422219
0.449090334 -0.854388852 0.261414541 0.992468357 0.9514422219
0.46135343 -0.838946223 0.288655933 0.992468357 0.9514422219
0.128790319 -0.875565171 0.465616457 0.992468357 0.9514422219
-0.210598054 -0.769834063 0.602498112 0.992468357 0.9514422219
-0.202022185 -0.757032859 0.621360031 0.992468357 0.9514422219
-0.522811521 -0.556875663 0.645412743 0.992468357 0.9514422219
-0.772238917 -0.632072873 0.064272371 0.992468357 0.9514422219
-0.786380643 -0.614607291 0.062155943 0.992468357 0.9514422219
-0.785219667 -0.616417446 0.058818426 0.992468357 0.9514422219
-0.774587964 -0.628474267 0.070947739 0.992468357 0.9514422219
-0.788666094 -0.61095671 0.068830879 0.992468357 0.9514422219
-0.787529593 -0.612786628 0.065495716 0.992468357 0.9514422219
-0.800122067 -0.596827738 0.060011081 0.992468357 0.9514422219
-0.813455471 -0.578744499 0.057835983 0.992468357 0.9514422219
-0.812359491 -0.580604674 0.054500183 0.992468357 0.9514422219
-0.298025885 -0.82941231 -0.472499515 0.992468357 0.9514422219
-0.299876253 -0.828044169 -0.473726806 0.992468357 0.9514422219
-0.302833781 -0.825240405 -0.476728409 0.992468357 0.9514422219
-0.119487782 -0.954767731 -0.272288908 0.9921640837 0.9506557947
-0.131750594 -0.948714401 -0.287372173 0.9921640837 0.9506557947
-0.123653545 -0.950204161 -0.286045194 0.9921640837 0.9506557947
-0.135685994 -0.951833672 -0.274958127 0.9921640837 0.9506557947
-0.147919452 -0.945536401 -0.28996681 0.9921640837 0.9506557947
-0.13984167 -0.947158506 -0.288678146 0.9921640837 0.9506557947
-0.143961981 -0.942267646 -0.302335295 0.9921640837 0.9506557947
-0.156114068 -0.935430777 -0.31717134 0.9921640837 0.9506557947
-0.148049936 -0.937163026 -0.315921952 0.9921640837 0.9506557947
0.082144674 -0.957846719 -0.275285154 0.9921671435 0.9506561059
0.066875169 -0.961469794 -0.266652483 0.9921671435 0.9506561059
0.037233034 -0.964183067 -0.262611336 0.992468357 0.9514422219
0.021919503 -0.967018239 -0.253762213 0.9921671435 0.9506561059
0.0444087 -0.964511091 -0.260281046 0.9921671435 0.9506561059
0.051583732 -0.964784827 -0.257932853 0.9921671435 0.9506561059
0.036274326 -0.967789209 -0.249134944 0.9921671435 0.9506561059
-0.989638397 -0.138053433 0.03946001 0.992468357 0.9514422219
-0.983814112 -0.172229761 0.049464147 0.992468357 0.9514422219
-0.986886887 -0.155166812 0.044469462 0.992468357 0.9514422219
-0.985207067 -0.164802474 0.046980631 0.992468357 0.9514422219
-0.979995741 -0.191420986 0.054464241 0.992468357 0.9514422219
0.455729145 -0.889873263 -0.020893127 0.9921640837 0.9506557947
0.478541116 -0.87794792 -0.014347468 0.9921640837 0.9506557947
0.432594791 -0.90117133 -0.02742226 0.9921640837 0.9506557947
0.442127887 -0.896695338 -0.021456975 0.9921640837 0.9506557947
0.451597171 -0.89208742 -0.015492916 0.9921640837 0.9506557947
-0.205615869 -0.902986447 -0.377276544 0.9921640837 0.9506557947
-0.211092626 -0.900759214 -0.379569153 0.9921640837 0.9506557947
-0.201340456 -0.901976886 -0.381968215 0.9921640837 0.9506557947
-0.225076502 -0.900365465 -0.372401124 0.9921640837 0.9506557947
-0.230531654 -0.898046901 -0.374655736 0.9921640837 0.9506557947
-0.220823555 -0.899449147 -0.37713153 0.9921640837 0.9506557947
-0.216561257 -0.898495551 -0.381846784 0.9921640837 0.9506557947
-0.222021047 -0.89619609 -0.384108347 0.992468357 0.9514422219
-0.212289882 -0.897505176 -0.386545553 0.9921640837 0.9506557947
0.35426701 -0.932727042 -0.06719487 0.992468357 0.9514422219
0.376536912 -0.924577907 -0.058100319 0.992468357 0.9514422219
0.309056462 -0.947215232 -0.085249096 0.992468357 0.9514422219
0.331768695 -0.940274434 -0.076246452 0.992468357 0.9514422219
0.345404049 -0.935739741 -0.071324471 0.992468357 0.9514422219
0.336504721 -0.93865461 -0.075445984 0.992468357 0.9514422219
0.358959505 -0.930989286 -0.066385412 0.992468357 0.9514422219
-0.917903885 -0.396495869 0.015603975 0.992468357 0.9514422219
-0.919258353 -0.393172785 0.019474105 0.992468357 0.9514422219
-0.927200184 -0.373630878 0.026453447 0.992468357 0.9514422219
-0.900475718 -0.434903273 0.001619917 0.992468357 0.9514422219
-0.902016506 -0.431666567 0.005495212 0.992468357 0.9514422219
-0.910862173 -0.412521701 0.012487944 0.992468357 0.9514422219
-0.920586676 -0.389839856 0.023346487 0.992468357 0.9514422219
-0.921889709 -0.386495359 0.02721583 0.992468357 0.9514422219
-0.929642334 -0.366873917 0.034185671 0.992468357 0.9514422219
-0.844467705 0.533591635 -0.046414029 0.992468357 0.9514422219
-0.852933657 0.520059165 -0.045195599 0.992468357 0.9514422219
-0.848727904 0.526842286 -0.045805581 0.992468357 0.9514422219
-0.860495288 0.507295159 -0.046898628 0.992468357 0.9514422219
-0.875706586 0.480517485 -0.047338376 0.992468357 0.9514422219
-0.837082571 0.544958807 -0.048090213 0.992468357 0.9514422219
-0.84913149 0.526491976 -0.042212707 0.992468357 0.9514422219
-0.824597746 0.563141849 -0.053942698 0.992468357 0.9514422219
-0.826041128 0.5610673 -0.053474675 0.992468357 0.9514422219
-0.827479032 0.558989092 -0.053006102 0.992468357 0.9514422219
-0.815672031 0.575532245 -0.058666621 0.992468357 0.9514422219
-0.826438121 0.560582614 -0.052413405 0.992468357 0.9514422219
-0.826893785 0.559937918 -0.052117146 0.992468357 0.9514422219
-0.814732028 0.576801793 -0.059257185 0.992468357 0.9514422219
-0.825981873 0.561226906 -0.052709645 0.992468357 0.9514422219
-0.836891405 0.545420795 -0.04614037 0.992468357 0.9514422219
-0.847456132 0.529389967 -0.039552083 0.992468357 0.9514422219
-0.051186896 -0.961006988 -0.27174523 0.9921671435 0.9506561059
-0.043169473 -0.962257349 -0.268695351 0.9921671435 0.9506561059
-0.067209507 -0.958289637 -0.277783825 0.9921671435 0.9506561059
-0.059200466 -0.95968438 -0.274774807 0.9921671435 0.9506561059
-0.05460168 -0.959997921 -0.274631841 0.9921671435 0.9506561059
-0.058015405 -0.958968737 -0.277512475 0.9921671435 0.9506561059
-0.050001821 -0.960291099 -0.274482827 0.9921671435 0.9506561059
-0.96470436 0.250655582 -0.080729656 0.9922126432 0.9506533159
-0.960143016 0.266833255 -0.083219008 0.9922126432 0.9506533159
-0.967998558 0.239335352 -0.075481004 0.9922126432 0.9506533159
-0.961912023 0.261205594 -0.080603336 0.9922126432 0.9506533159
-0.955304485 0.282934207 -0.085683 0.9922126432 0.9506533159
-0.976641513 0.212117862 -0.034312791 0.992468357 0.9514422219
-0.967695726 0.249563958 -0.035816371 0.992468357 0.9514422219
-0.974814809 0.221588206 -0.025194332 0.992468357 0.9514422219
-0.965521809 0.258952648 -0.026667612 0.992468357 0.9514422219
-0.966630248 0.254264232 -0.031235622 0.992468357 0.9514422219
-0.957313207 0.286641814 -0.037254436 0.992468357 0.9514422219
-0.945510038 0.323292547 -0.038635433 0.992468357 0.9514422219
-0.993136203 0.114482848 -0.023961615 0.992468357 0.9514422219
-0.982493325 0.181035274 -0.043966977 0.992468357 0.9514422219
-0.988425617 0.147850699 -0.033984848 0.992468357 0.9514422219
-0.992221342 0.121305187 -0.027961746 0.992468357 0.9514422219
-0.991243564 0.128121162 -0.031955679 0.992468357 0.9514422219
-0.746563636 -0.663274567 0.052053678 0.992468357 0.9514422219
-0.768477128 -0.638273151 0.045280104 0.992468357 0.9514422219
-0.737552662 -0.67440042 0.034643106 0.992468357 0.9514422219
-0.759735824 -0.649635377 0.027845203 0.992468357 0.9514422219
-0.764153974 -0.643997306 0.036553718 0.992468357 0.9514422219
-0.78950758 -0.612536647 0.038427042 0.992468357 0.9514422219
-0.809625252 -0.586099412 0.031534597 0.992468357 0.9514422219
-0.627067436 -0.777579169 -0.046444223 0.992468357 0.9514422219
-0.627166714 -0.777619908 -0.044375569 0.992468357 0.9514422219
-0.605867867 -0.794735574 -0.036324856 0.992468357 0.9514422219
-0.605955209 -0.794760911 -0.034254632 0.992468357 0.9514422219
-0.61662614 -0.786273616 -0.039319258 0.992468357 0.9514422219
-0.627263453 -0.77765723 -0.042305944 0.992468357 0.9514422219
-0.627357256 -0.777691368 -0.040236914 0.992468357 0.9514422219
-0.967908111 0.240023517 -0.074448641 0.9922126432 0.9506533159
-0.972574753 0.222768238 -0.066877968 0.9922126432 0.9506533159
-0.962876729 0.257188266 -0.08199146 0.9922126432 0.9506533159
-0.966849345 0.243638964 -0.07643559 0.9922126432 0.9506533159
-0.970599352 0.230033677 -0.070861868 0.9922126432 0.9506533159
0.276677822 -0.897901418 -0.342377609 0.992468357 0.9514422219
0.272705963 -0.900339571 -0.339146155 0.992468357 0.9514422219
0.268871761 -0.900340457 -0.342191522 0.992468357 0.9514422219
0.284323267 -0.897825301 -0.336258841 0.992468357 0.9514422219
0.280354566 -0.900273297 -0.333030491 0.992468357 0.9514422219
0.276533682 -0.900317239 -0.336092236 0.992468357 0.9514422219
0.268725388 -0.902748907 -0.335903373 0.992468357 0.9514422219
0.264736319 -0.905129093 -0.332649977 0.992468357 0.9514422219
0.260899262 -0.905120051 -0.335692221 0.992468357 0.9514422219
0.29540276 -0.86199137 -0.411956414 0.992468357 0.9514422219
0.291091871 -0.869583933 -0.398860009 0.992468357 0.9514422219
0.30380415 -0.84616748 -0.437839736 0.992468357 0.9514422219
0.299640504 -0.854185245 -0.424950745 0.992468357 0.9514422219
0.299060052 -0.855889224 -0.421920279 0.992468357 0.9514422219
0.302672342 -0.849658813 -0.431820976 0.992468357 0.9514422219
0.298475708 -0.857582595 -0.418884644 0.992468357 0.9514422219
-0.000771173 -0.969862018 -0.24365359 0.9921640837 0.9506557947
0.011781208 -0.970663571 -0.240152941 0.9921640837 0.9506557947
-0.004107146 -0.969641536 -0.244496263 0.9921640837 0.9506557947
0.031000788 -0.971531288 -0.234874237 0.9921640837 0.9506557947
0.043543953 -0.971914367 -0.231271242 0.9921640837 0.9506557947
0.027666352 -0.971421249 -0.235744206 0.9921640837 0.9506557947
0.024331579 -0.971299668 -0.236611348 0.9921640837 0.9506557947
0.036877812 -0.971770189 -0.233029454 0.9921640837 0.9506557947
0.020996527 -0.971166532 -0.237475709 0.9921640837 0.9506557947
-0.001256855 -0.969494254 -0.245110814 0.9921640837 0.9506557947
0.011295707 -0.970306909 -0.241613139 0.9921640837 0.9506557947
0.0015936 -0.969338622 -0.245723618 0.9921640837 0.9506557947
0.641431271 -0.766987574 0.017204235 0.992468357 0.9514422219
0.649610799 -0.760071685 0.017229162 0.992468357 0.9514422219
0.666128636 -0.745402351 0.025455375 0.992468357 0.9514422219
0.607025483 -0.79468204 0.000720479 0.992468357 0.9514422219
0.61550383 -0.788133544 0.000742956 0.992468357 0.9514422219
0.632733131 -0.774317769 0.008987616 0.992468357 0.9514422219
0.657716952 -0.753067709 0.017246353 0.992468357 0.9514422219
0.665746498 -0.74597822 0.017265444 0.992468357 0.9514422219
0.681947246 -0.73095708 0.025489238 0.992468357 0.9514422219
-0.284042664 -0.953870551 -0.097214903 0.992468357 0.9514422219
-0.303798834 -0.948739292 -0.087178116 0.992468357 0.9514422219
-0.244101014 -0.962649418 -0.117135792 0.992468357 0.9514422219
-0.264139878 -0.958508062 -0.107202701 0.992468357 0.9514422219
-0.276704829 -0.955380562 -0.103355792 0.992468357 0.9514422219
-0.269340109 -0.95680142 -0.10948492 0.992468357 0.9514422219
-0.289218372 -0.95207924 -0.099487962 0.992468357 0.9514422219
-0.210877442 -0.968396782 -0.133185497 0.992468357 0.9514422219
-0.221986907 -0.96663068 -0.127855162 0.992468357 0.9514422219
-0.198079205 -0.970576729 -0.136913996 0.992468357 0.9514422219
-0.258384844 -0.959185459 -0.114893551 0.992468357 0.9514422219
-0.24574587 -0.962037883 -0.118710065 0.992468357 0.9514422219
-0.233061792 -0.964714929 -0.122504314 0.992468357 0.9514422219
-0.220335642 -0.967215691 -0.12627752 0.992468357 0.9514422219
0.194910527 -0.976341761 -0.093630404 0.992468357 0.9514422219
0.209472001 -0.973700403 -0.089604717 0.992468357 0.9514422219
0.202813825 -0.974572126 -0.095266595 0.992468357 0.9514422219
0.208229696 -0.974610504 -0.082308929 0.992468357 0.9514422219
0.222740175 -0.9717315 -0.078260499 0.992468357 0.9514422219
0.216114214 -0.972753597 -0.083935006 0.992468357 0.9514422219
0.223984401 -0.970830048 -0.085557033 0.992468357 0.9514422219
0.238443497 -0.967731538 -0.081488464 0.992468357 0.9514422219
0.23183868 -0.968840435 -0.08717246 0.992468357 0.9514422219
0.28611814 -0.95152205 -0.112881345 0.992468357 0.9514422219
0.278272848 -0.954414761 -0.107966135 0.992468357 0.9514422219
0.301727172 -0.94546837 -0.122679559 0.992468357 0.9514422219
0.293936488 -0.948539827 -0.117785985 0.992468357 0.9514422219
0.287961322 -0.950770897 -0.114511913 0.992468357 0.9514422219
0.289802637 -0.950013445 -0.116141659 0.992468357 0.9514422219
0.281971394 -0.952953094 -0.111231891 0.992468357 0.9514422219
0.216521612 -0.921014029 -0.323807891 0.992468357 0.9514422219
0.204479683 -0.923272884 -0.325200308 0.992468357 0.9514422219
0.210504306 -0.922160977 -0.324510507 0.992468357 0.9514422219
0.22123025 -0.917525096 -0.330461609 0.992468357 0.9514422219
0.225921471 -0.913964237 -0.337088805 0.992468357 0.9514422219
0.232171933 -0.908527943 -0.34738044 0.992468357 0.9514422219
0.237592433 -0.905596501 -0.351347139 0.992468357 0.9514422219
0.223318474 -0.90732881 -0.356206807 0.992468357 0.9514422219
0.228740903 -0.904405565 -0.360177974 0.9921671435 0.9506561059
0.233171054 -0.905018834 -0.355769828 0.992468357 0.9514422219
0.243000133 -0.90261609 -0.355295834 0.992468357 0.9514422219
0.248394396 -0.899587438 -0.359225091 0.992468357 0.9514422219
0.076177323 -0.980604911 -0.180585226 0.992468357 0.9514422219
0.079308268 -0.981571885 -0.173858661 0.992468357 0.9514422219
0.06990647 -0.978505436 -0.194010815 0.9921640837 0.9506557947
0.07304478 -0.979582318 -0.18730441 0.992468357 0.9514422219
0.092203871 -0.981289292 -0.169025951 0.992468357 0.9514422219
0.108193385 -0.98159023 -0.157400164 0.9921640837 0.9506557947
0.111297054 -0.982305531 -0.150628049 0.992468357 0.9514422219
0.066151159 -0.979641658 -0.189542203 0.992468357 0.9514422219
0.053099265 -0.98003173 -0.191620138 0.992468357 0.9514422219
0.092219225 -0.978346875 -0.185291678 0.992468357 0.9514422219
0.079192499 -0.979079704 -0.187433937 0.992468357 0.9514422219
0.055987415 -0.97904596 -0.195791772 0.992468357 0.9514422219
0.04581544 -0.978310876 -0.202011819 0.992468357 0.9514422219
0.032748031 -0.978416969 -0.204028922 0.992468357 0.9514422219
-0.082748124 -0.980582214 -0.177795585 0.992468357 0.9514422219
-0.095119354 -0.979487143 -0.177643591 0.992468357 0.9514422219
-0.105158777 -0.979543115 -0.1715719 0.992468357 0.9514422219
-0.062612547 -0.979820533 -0.189819367 0.992468357 0.9514422219
-0.075004386 -0.97896966 -0.189717547 0.992468357 0.9514422219
-0.085067722 -0.97929564 -0.183694128 0.992468357 0.9514422219
-0.107476795 -0.978240271 -0.177467491 0.992468357 0.9514422219
-0.119816764 -0.97684284 -0.177262542 0.992468357 0.9514422219
-0.129826721 -0.976655021 -0.171143191 0.992468357 0.9514422219
-0.98540124 -0.170230678 0.002431373 0.9922126432 0.9506533159
-0.987568542 -0.156909479 -0.009369672 0.9922126432 0.9506533159
-0.985249818 -0.171121194 -0.000576499 0.9922126432 0.9506533159
-0.989783936 -0.141767828 -0.015153948 0.9922126432 0.9506533159
-0.991361899 -0.128356686 -0.026947083 0.9922126432 0.9506533159
-0.989606177 -0.142652791 -0.018160271 0.9922126432 0.9506533159
-0.989418465 -0.143537541 -0.021167798 0.9922126432 0.9506533159
-0.990950528 -0.13011858 -0.032957645 0.9922126432 0.9506533159
-0.989221159 -0.144419988 -0.024173641 0.9922126432 0.9506533159
-0.911029992 -0.410111295 0.042814483 0.992468357 0.9514422219
-0.918969769 -0.391852293 0.044117392 0.992468357 0.9514422219
-0.936498693 -0.346499295 0.053929923 0.992468357 0.9514422219
-0.943159279 -0.327730738 0.055164637 0.992468357 0.9514422219
-0.93162576 -0.360008485 0.049672273 0.992468357 0.9514422219
-0.926543973 -0.373436785 0.045400817 0.992468357 0.9514422219
-0.933748813 -0.35487321 0.046670747 0.992468357 0.9514422219
-0.272082169 -0.897270642 -0.34767325 0.992468357 0.9514422219
-0.267626269 -0.899656843 -0.344954699 0.992468357 0.9514422219
-0.269210508 -0.901084396 -0.339959725 0.992468357 0.9514422219
-0.268884533 -0.894318296 -0.357625354 0.992468357 0.9514422219
-0.266033648 -0.898202815 -0.349939711 0.992468357 0.9514422219
-0.263161065 -0.902013472 -0.342224999 0.992468357 0.9514422219
-0.260267123 -0.905749795 -0.334482187 0.992468357 0.9514422219
-0.611074735 -0.789857661 -0.052082086 0.992468357 0.9514422219
-0.622258348 -0.780568703 -0.059220345 0.992468357 0.9514422219
-0.61905321 -0.783134752 -0.058932866 0.992468357 0.9514422219
-0.617529699 -0.784782668 -0.052661508 0.992468357 0.9514422219
-0.628637213 -0.775396785 -0.059791972 0.992468357 0.9514422219
-0.625453232 -0.777989238 -0.059506298 0.992468357 0.9514422219
-0.633279022 -0.7710748 -0.066342547 0.992468357 0.9514422219
-0.644133598 -0.761378635 -0.07344714 0.992468357 0.9514422219
-0.641006175 -0.764040241 -0.073168255 0.992468357 0.9514422219
-0.606540144 -0.793785578 -0.044872153 0.992468357 0.9514422219
-0.60978922 -0.791275792 -0.045163351 0.992468357 0.9514422219
-0.600010894 -0.798764995 -0.044287816 0.992468357 0.9514422219
-0.603280445 -0.796282149 -0.044580758 0.992468357 0.9514422219
-0.595391026 -0.802580354 -0.037071582 0.992468357 0.9514422219
-0.5840856 -0.811164457 -0.029261508 0.992468357 0.9514422219
-0.587407341 -0.808751516 -0.029556766 0.992468357 0.9514422219
-0.332694731 -0.831158832 -0.445521281 0.992468357 0.9514422219
-0.326448093 -0.840278282 -0.432855693 0.992468357 0.9514422219
-0.331507776 -0.817090329 -0.471663002 0.992468357 0.9514422219
-0.325959589 -0.833524218 -0.446080402 0.992468357 0.9514422219
-0.320103106 -0.849161516 -0.4200699 0.992468357 0.9514422219
-0.888472932 0.457166007 -0.040188191 0.9922126432 0.9506533159
-0.901126486 0.429714103 -0.05759207 0.9922126432 0.9506533159
-0.859940092 0.510367942 -0.005253809 0.9922126432 0.9506533159
-0.874738494 0.484061644 -0.022735241 0.9922126432 0.9506533159
-0.877268829 0.479332688 -0.025289843 0.9922126432 0.9506533159
-0.865328526 0.501097774 -0.01037128 0.9922126432 0.9506533159
-0.879767904 0.474587311 -0.027844552 0.9922126432 0.9506533159
-0.972732208 0.230844249 -0.022427311 0.992468357 0.9514422219
-0.974581537 0.223067511 -0.020777727 0.992468357 0.9514422219
-0.968371442 0.248176773 -0.025788351 0.992468357 0.9514422219
-0.970364961 0.240435017 -0.024142169 0.992468357 0.9514422219
-0.972513454 0.231760848 -0.022460867 0.992468357 0.9514422219
-0.976365939 0.21527592 -0.019126716 0.992468357 0.9514422219
-0.978085297 0.207469984 -0.017474453 0.992468357 0.9514422219
0.705889374 -0.707237911 0.039175619 0.992468357 0.9514422219
0.694065482 -0.719345415 0.028553124 0.992468357 0.9514422219
0.717022971 -0.695360587 0.048494468 0.992468357 0.9514422219
0.657933999 -0.753075186 -0.000785333 0.992468357 0.9514422219
0.670067121 -0.74225106 0.008568465 0.992468357 0.9514422219
0.681964705 -0.731165549 0.017918744 0.992468357 0.9514422219
0.693621879 -0.719823158 0.027263707 0.992468357 0.9514422219
-0.979607986 0.199775297 -0.021401494 0.9922126432 0.9506533159
-0.977749457 0.208424364 -0.0237757 0.9922126432 0.9506533159
-0.980464445 0.196224168 -0.013621571 0.9922126432 0.9506533159
-0.973680715 0.224069987 -0.041695406 0.9922126432 0.9506533159
-0.971559175 0.232661575 -0.044060886 0.9922126432 0.9506533159
-0.974780724 0.220571426 -0.033923223 0.9922126432 0.9506533159
-0.975808705 0.21705686 -0.026147472 0.9922126432 0.9506533159
-0.973786306 0.225669943 -0.028518553 0.9922126432 0.9506533159
-0.976764836 0.21352506 -0.018371292 0.9922126432 0.9506533159
-0.981506921 0.188793022 -0.031644265 0.9922126432 0.9506533159
-0.982995895 0.18137107 -0.028698542 0.9922126432 0.9506533159
-0.980184727 0.194317424 -0.038453083 0.9922126432 0.9506533159
-0.986584604 0.162800188 -0.012120975 0.9922126432 0.9506533159
-0.98781953 0.155333465 -0.009170117 0.9922126432 0.9506533159
-0.985541075 0.168375157 -0.018936628 0.9922126432 0.9506533159
-0.984420083 0.173936682 -0.02575132 0.9922126432 0.9506533159
-0.985779223 0.166491491 -0.022801477 0.9922126432 0.9506533159
-0.983221597 0.179485206 -0.032563065 0.9922126432 0.9506533159
-0.065711403 -0.980745146 -0.183904784 0.992468357 0.9514422219
-0.060332299 -0.978696631 -0.196247083 0.992468357 0.9514422219
-0.047102582 -0.978605237 -0.200282644 0.992468357 0.9514422219
-0.04170549 -0.976256655 -0.212564334 0.992468357 0.9514422219
-0.051021943 -0.977552429 -0.204421159 0.992468357 0.9514422219
-0.05494139 -0.976466519 -0.208553547 0.992468357 0.9514422219
-0.049539106 -0.974055642 -0.220820026 0.992468357 0.9514422219
-0.19369906 -0.963476215 -0.184916893 0.992468357 0.9514422219
-0.165159505 -0.964509594 -0.206018402 0.992468357 0.9514422219
-0.199169381 -0.963399708 -0.179422855 0.992468357 0.9514422219
-0.125261466 -0.963257033 -0.23758252 0.992468357 0.9514422219
-0.096277051 -0.961334665 -0.258004634 0.992468357 0.9514422219
-0.130841133 -0.963820615 -0.232229241 0.992468357 0.9514422219
-0.136411272 -0.964327037 -0.226859715 0.992468357 0.9514422219
-0.107493143 -0.96292767 -0.247417716 0.992468357 0.9514422219
-0.141975311 -0.964774554 -0.221479278 0.992468357 0.9514422219
-0.860288544 -0.508524916 -0.036139032 0.9922126432 0.9506533159
-0.866433014 -0.497385439 -0.043606844 0.9922126432 0.9506533159
-0.863384266 -0.502968858 -0.03987402 0.9922126432 0.9506533159
-0.857435276 -0.513554565 -0.032656656 0.9922126432 0.9506533159
-0.854542935 -0.518560816 -0.029172799 0.9922126432 0.9506533159
-0.862520041 -0.505064456 -0.03112994 0.992468357 0.9514422219
-0.866427772 -0.498269091 -0.03210652 0.992468357 0.9514422219
-0.858558129 -0.511828844 -0.030152503 0.992468357 0.9514422219
-0.864501344 -0.501239387 -0.037369816 0.992468357 0.9514422219
-0.87027212 -0.490549848 -0.044578973 0.992468357 0.9514422219
-0.6250002 -0.77626888 -0.082349109 0.992468357 0.9514422219
-0.620477188 -0.780492748 -0.076414198 0.992468357 0.9514422219
-0.621578486 -0.779026484 -0.082206586 0.992468357 0.9514422219
-0.622785205 -0.77918623 -0.070763033 0.992468357 0.9514422219
-0.619353 -0.781930208 -0.070618767 0.992468357 0.9514422219
-0.615908572 -0.78465924 -0.070473447 0.992468357 0.9514422219
-0.612452473 -0.787372927 -0.070326675 0.992468357 0.9514422219
0.233413119 -0.968897409 -0.082195659 0.992468357 0.9514422219
0.235719367 -0.968514648 -0.080098416 0.992468357 0.9514422219
0.251042384 -0.965300055 -0.071927226 0.992468357 0.9514422219
0.202527602 -0.974315174 -0.098450559 0.992468357 0.9514422219
0.204857095 -0.97403689 -0.096362378 0.992468357 0.9514422219
0.220322562 -0.971427271 -0.088244126 0.992468357 0.9514422219
0.238023022 -0.96812244 -0.077999886 0.992468357 0.9514422219
0.240324541 -0.967720595 -0.07590102 0.992468357 0.9514422219
0.255621541 -0.964402031 -0.067722603 0.992468357 0.9514422219
0.172338869 -0.97820876 -0.115788322 0.992468357 0.9514422219
0.162625914 -0.97891513 -0.123604131 0.992468357 0.9514422219
0.14144003 -0.980177988 -0.138729337 0.992468357 0.9514422219
0.214242824 -0.973054993 -0.085229066 0.992468357 0.9514422219
0.204653312 -0.974395607 -0.093114029 0.992468357 0.9514422219
0.183702134 -0.976987113 -0.108396063 0.992468357 0.9514422219
0.152888395 -0.979468589 -0.131401759 0.992468357 0.9514422219
0.143126513 -0.979869504 -0.139178149 0.992468357 0.9514422219
0.121847107 -0.980495828 -0.154211587 0.992468357 0.9514422219
-0.221542957 -0.96575728 -0.135024418 0.9921671435 0.9506561059
-0.2141185 -0.965801195 -0.146223529 0.9921671435 0.9506561059
-0.236273065 -0.965145927 -0.112553889 0.9921671435 0.9506561059
-0.228927201 -0.965539442 -0.123797908 0.9921671435 0.9506561059
-0.240614713 -0.962848603 -0.122585185 0.9921671435 0.9506561059
-0.259556954 -0.959433522 -0.110079541 0.9921671435 0.9506561059
-0.252264532 -0.9600188 -0.121352832 0.9921671435 0.9506561059
-0.021983937 -0.973008956 -0.229717823 0.992468357 0.9514422219
-0.0228781 -0.972788571 -0.23056233 0.992468357 0.9514422219
-0.019480874 -0.972362086 -0.232663855 0.992468357 0.9514422219
-0.028777304 -0.973817086 -0.225504213 0.992468357 0.9514422219
-0.02967144 -0.97359442 -0.226348206 0.992468357 0.9514422219
-0.026274986 -0.97319935 -0.228457108 0.992468357 0.9514422219
-0.023772256 -0.972566662 -0.231406501 0.992468357 0.9514422219
-0.024666355 -0.972343241 -0.232250278 0.992468357 0.9514422219
-0.02126914 -0.97191904 -0.234352307 0.992468357 0.9514422219
-0.985172621 0.171549869 0.00235587 0.9922126432 0.9506533159
-0.982616791 0.185589595 -0.004554489 0.9922126432 0.9506533159
-0.983233998 0.182224753 -0.006711568 0.9922126432 0.9506533159
-0.981565183 0.190911467 -0.009088646 0.9922126432 0.9506533159
-0.979813954 0.199582536 -0.011464184 0.9922126432 0.9506533159
0.352312421 -0.930927974 -0.096172059 0.992468357 0.9514422219
0.340133627 -0.934631745 -0.103791222 0.992468357 0.9514422219
0.315252046 -0.94180589 -0.11669539 0.992468357 0.9514422219
0.302860824 -0.944901567 -0.124243105 0.992468357 0.9514422219
0.321574023 -0.939991521 -0.114044235 0.992468357 0.9514422219
0.327880046 -0.938129759 -0.111387751 0.992468357 0.9514422219
0.31555401 -0.941421472 -0.118959147 0.992468357 0.9514422219
0.128073031 -0.942016873 -0.310163682 0.992468357 0.9514422219
0.124281201 -0.942005997 -0.311735281 0.992468357 0.9514422219
0.110376834 -0.948404496 -0.297230326 0.992468357 0.9514422219
0.155698792 -0.927910144 -0.338733895 0.992468357 0.9514422219
0.151913132 -0.927954324 -0.340328036 0.992468357 0.9514422219
0.138127997 -0.935187972 -0.326104453 0.992468357 0.9514422219
0.120484969 -0.941978601 -0.313304463 0.992468357 0.9514422219
0.116689254 -0.941935747 -0.314866108 0.992468357 0.9514422219
0.10278169 -0.948278681 -0.30033892 0.992468357 0.9514422219
0.340002713 -0.866987899 -0.364321476 0.992468357 0.9514422219
0.333394842 -0.871713115 -0.359115753 0.992468357 0.9514422219
0.33914492 -0.873215247 -0.349965505 0.992468357 0.9514422219
0.328371988 -0.863644609 -0.38247853 0.992468357 0.9514422219
0.321771455 -0.868399675 -0.377286543 0.992468357 0.9514422219
0.327602001 -0.87010812 -0.368223829 0.992468357 0.9514422219
0.326752861 -0.876358095 -0.353877179 0.992468357 0.9514422219
0.320082232 -0.88092043 -0.3486066 0.992468357 0.9514422219
0.325825252 -0.882391801 -0.339444567 0.992468357 0.9514422219
-0.318579879 -0.866910846 -0.383369854 0.992468357 0.9514422219
-0.310548301 -0.877343108 -0.365826219 0.992468357 0.9514422219
-0.312240026 -0.873003297 -0.374661727 0.992468357 0.9514422219
-0.853256888 -0.521039681 -0.021687178 0.9922126432 0.9506533159
-0.858179986 -0.512455719 -0.030269576 0.9922126432 0.9506533159
-0.84297264 -0.537937515 -0.004511983 0.9922126432 0.9506533159
-0.848187463 -0.529534132 -0.013100791 0.9922126432 0.9506533159
-0.851320071 -0.524400559 -0.016068343 0.9922126432 0.9506533159
-0.84934336 -0.527737313 -0.0104492 0.9922126432 0.9506533159
-0.854414186 -0.519243723 -0.019035614 0.9922126432 0.9506533159
-0.991091327 -0.133112064 -0.00437718 0.9922126432 0.9506533159
-0.991341717 -0.131281431 -0.002604944 0.9922126432 0.9506533159
-0.992692943 -0.120063955 -0.012056817 0.9922126432 0.9506533159
-0.987735812 -0.155457176 0.014526939 0.9922126432 0.9506533159
-0.987994422 -0.153627218 0.016300279 0.9922126432 0.9506533159
-0.98977545 -0.142469848 0.00684848 0.9922126432 0.9506533159
-0.991585685 -0.129449365 -0.000831706 0.9922126432 0.9506533159
-0.991823057 -0.127617154 0.000940691 0.9922126432 0.9506533159
-0.993165985 -0.11639958 -0.008512546 0.9922126432 0.9506533159
-0.986450684 -0.162379863 0.023405731 0.9922126432 0.9506533159
-0.988649132 -0.149417108 0.015729627 0.9922126432 0.9506533159
-0.987824631 -0.153969981 0.022265314 0.9922126432 0.9506533159
-0.989903775 -0.140988354 0.014587695 0.9922126432 0.9506533159
-0.989285618 -0.14520388 0.015159133 0.9922126432 0.9506533159
-0.990618468 -0.136419363 0.008050326 0.9922126432 0.9506533159
-0.992358191 -0.12338997 0.000369373 0.9922126432 0.9506533159
-0.992743158 -0.1135452 -0.039604416 0.992468357 0.9514422219
-0.991910454 -0.121085554 -0.038104337 0.992468357 0.9514422219
-0.992904763 -0.109708937 -0.045870254 0.992468357 0.9514422219
-0.990381876 -0.136252977 -0.024059641 0.992468357 0.9514422219
-0.990726882 -0.132439597 -0.030331472 0.992468357 0.9514422219
-0.991018353 -0.128619186 -0.036602299 0.992468357 0.9514422219
-0.991256428 -0.12479119 -0.042870196 0.992468357 0.9514422219
-0.993872981 -0.093697962 -0.058627545 0.9922126432 0.9506533159
-0.993280019 -0.105277289 -0.048078025 0.9922126432 0.9506533159
-0.991988954 -0.118588746 -0.043527282 0.9922126432 0.9506533159
-0.992220768 -0.117710922 -0.040522659 0.9922126432 0.9506533159
-0.992442955 -0.116831011 -0.037516611 0.9922126432 0.9506533159
0.307095505 -0.832380109 -0.461341203 0.992468357 0.9514422219
0.30823409 -0.84218365 -0.442400775 0.992468357 0.9514422219
0.306391512 -0.842081101 -0.443873474 0.992468357 0.9514422219
0.310793777 -0.832623397 -0.458416304 0.992468357 0.9514422219
0.310076461 -0.842281097 -0.440925324 0.992468357 0.9514422219
0.309233587 -0.851602626 -0.423258262 0.992468357 0.9514422219
0.308267208 -0.860583651 -0.405422136 0.992468357 0.9514422219
0.209840491 -0.973441313 -0.091536765 0.992468357 0.9514422219
0.213348844 -0.972852294 -0.089669862 0.992468357 0.9514422219
0.206328849 -0.97401456 -0.093402583 0.992468357 0.9514422219
0.220854079 -0.971204497 -0.089360515 0.992468357 0.9514422219
0.235327314 -0.968166009 -0.085297333 0.992468357 0.9514422219
-0.092647977 -0.959132573 -0.267359422 0.992468357 0.9514422219
-0.073387977 -0.965454173 -0.250024887 0.992468357 0.9514422219
-0.094796657 -0.958271346 -0.269684298 0.992468357 0.9514422219
-0.04975036 -0.972443625 -0.227768077 0.992468357 0.9514422219
-0.030392135 -0.977217747 -0.210051884 0.992468357 0.9514422219
-0.05191347 -0.971771545 -0.230141384 0.992468357 0.9514422219
-0.054075729 -0.971088947 -0.232512519 0.992468357 0.9514422219
-0.034725345 -0.976032955 -0.214834404 0.992468357 0.9514422219
-0.056237738 -0.970395961 -0.234880812 0.992468357 0.9514422219
-0.590813588 -0.806153009 -0.032505857 0.992468357 0.9514422219
-0.597578015 -0.800890659 -0.038401417 0.992468357 0.9514422219
-0.594203783 -0.803532738 -0.035454236 0.992468357 0.9514422219
-0.602033202 -0.797452838 -0.040311213 0.992468357 0.9514422219
-0.613094744 -0.788543367 -0.04810606 0.992468357 0.9514422219
-0.438744922 -0.891763553 -0.110727858 0.992468357 0.9514422219
-0.469843809 -0.878783484 -0.083584587 0.992468357 0.9514422219
-0.456846919 -0.884093214 -0.098336568 0.992468357 0.9514422219
-0.46497096 -0.881587224 -0.081277134 0.992468357 0.9514422219
-0.48264345 -0.87311097 -0.06879342 0.992468357 0.9514422219
-0.500060582 -0.864159674 -0.056280296 0.992468357 0.9514422219
-0.517204781 -0.854743582 -0.043733558 0.992468357 0.9514422219
0.465063042 -0.885070974 -0.019124277 0.992468357 0.9514422219
0.45069562 -0.892056178 -0.03330515 0.992468357 0.9514422219
0.493156525 -0.869891355 0.009255904 0.992468357 0.9514422219
0.479217933 -0.877682081 -0.004933293 0.992468357 0.9514422219
0.486509923 -0.873670746 -0.002742579 0.992468357 0.9514422219
0.507537185 -0.861521819 0.013644127 0.992468357 0.9514422219
0.493763829 -0.869595872 -0.000549006 0.992468357 0.9514422219
-0.25956463 -0.900734641 -0.348286245 0.992468357 0.9514422219
-0.256020291 -0.899128286 -0.354995685 0.992468357 0.9514422219
-0.257613871 -0.898749438 -0.354802115 0.992468357 0.9514422219
-0.254055784 -0.897094664 -0.361492494 0.992468357 0.9514422219
-0.255039674 -0.898117094 -0.358246353 0.992468357 0.9514422219
-0.252460587 -0.897467819 -0.361683793 0.992468357 0.9514422219
-0.248885731 -0.895753348 -0.368350149 0.992468357 0.9514422219
-0.296383302 -0.875168015 -0.382410622 0.992468357 0.9514422219
-0.28511914 -0.884873851 -0.368382062 0.992468357 0.9514422219
-0.277161757 -0.897170297 -0.343899432 0.992468357 0.9514422219
-0.265625268 -0.906011737 -0.329523822 0.992468357 0.9514422219
-0.275454163 -0.895704472 -0.349053725 0.992468357 0.9514422219
-0.273734875 -0.894210287 -0.354199351 0.992468357 0.9514422219
-0.262240152 -0.903172683 -0.339866456 0.992468357 0.9514422219
0.740718952 -0.667174381 0.078827528 0.992468357 0.9514422219
0.720867398 -0.690696855 0.057341516 0.992468357 0.9514422219
0.725787111 -0.684948995 0.063858779 0.992468357 0.9514422219
0.731204944 -0.678974602 0.06582416 0.992468357 0.9514422219
0.710813311 -0.701984967 0.044289309 0.992468357 0.9514422219
0.715876659 -0.696375088 0.050816787 0.992468357 0.9514422219
0.700000969 -0.713245357 0.035772961 0.992468357 0.9514422219
0.678148575 -0.734788534 0.01415343 0.992468357 0.9514422219
0.683591575 -0.729571118 0.020701271 0.992468357 0.9514422219
-0.834775409 -0.550134364 0.022409791 0.992468357 0.9514422219
-0.841654526 -0.539793531 0.015511375 0.992468357 0.9514422219
-0.840427952 -0.541677034 0.016335476 0.9922126432 0.9506533159
-0.837270468 -0.546394624 0.020762455 0.992468357 0.9514422219
-0.844093223 -0.536017208 0.013862994 0.992468357 0.9514422219
-0.842876309 -0.53790688 0.014687292 0.992468357 0.9514422219
-0.848363794 -0.52934369 0.008609936 0.992468357 0.9514422219
-0.85490183 -0.518786997 0.001706782 0.992468357 0.9514422219
-0.853732194 -0.520706186 0.002531394 0.9922126432 0.9506533159
-0.873619313 -0.486251871 0.018665853 0.992468357 0.9514422219
-0.870511337 -0.491794248 0.018666286 0.992468357 0.9514422219
-0.876692087 -0.480689708 0.018665203 0.992468357 0.9514422219
-0.882281587 -0.470481787 0.015036297 0.992468357 0.9514422219
-0.887739965 -0.460203944 0.01140545 0.992468357 0.9514422219
0.067899114 -0.974318294 -0.214694136 0.9921640837 0.9506557947
0.081604684 -0.975635266 -0.203657807 0.9921640837 0.9506557947
0.040428965 -0.970774653 -0.23656304 0.9921640837 0.9506557947
0.054172211 -0.972697995 -0.225663426 0.9921640837 0.9506557947
0.047729165 -0.971578238 -0.231856968 0.9921640837 0.9506557947
0.027525045 -0.968149546 -0.248855034 0.9921640837 0.9506557947
0.041281912 -0.970379774 -0.238031297 0.9921640837 0.9506557947
0.030656946 -0.966988278 -0.252970002 0.992468357 0.9514422219
0.046728582 -0.962474306 -0.26731938 0.992468357 0.9514422219
0.028880902 -0.967359841 -0.251755501 0.992468357 0.9514422219
0.066319799 -0.956553582 -0.283913594 0.992468357 0.9514422219
0.082331345 -0.951018255 -0.29796951 0.992468357 0.9514422219
0.064548927 -0.957026062 -0.282726993 0.992468357 0.9514422219
0.062777559 -0.957493934 -0.281539242 0.992468357 0.9514422219
0.07879632 -0.952049632 -0.295622458 0.992468357 0.9514422219
0.061006097 -0.957957292 -0.28034993 0.992468357 0.9514422219
0.000206345 -0.968306693 -0.249764101 0.992468357 0.9514422219
-0.004514044 -0.967278316 -0.253677519 0.992468357 0.9514422219
-0.006232666 -0.96774845 -0.2518414 0.992468357 0.9514422219
-0.010952924 -0.96668226 -0.255744876 0.992468357 0.9514422219
-0.00773356 -0.966985868 -0.254712628 0.992468357 0.9514422219
-0.009234305 -0.966212555 -0.257581107 0.992468357 0.9514422219
-0.013954226 -0.965109458 -0.26147469 0.992468357 0.9514422219
-0.278961442 -0.951326883 -0.13098731 0.992468357 0.9514422219
-0.277124448 -0.951783593 -0.131567596 0.992468357 0.9514422219
-0.294112995 -0.947894494 -0.12244825 0.992468357 0.9514422219
-0.244689162 -0.958072173 -0.149080265 0.992468357 0.9514422219
-0.260028573 -0.955304511 -0.140635817 0.992468357 0.9514422219
-0.275286258 -0.952236635 -0.132147145 0.992468357 0.9514422219
-0.290457547 -0.948869434 -0.123617191 0.992468357 0.9514422219
-0.308898835 -0.941145043 -0.137213401 0.992468357 0.9514422219
-0.303599586 -0.943331065 -0.133991769 0.992468357 0.9514422219
-0.30459873 -0.943022274 -0.133897737 0.992468357 0.9514422219
-0.306903015 -0.941770187 -0.137402529 0.992468357 0.9514422219
-0.301600266 -0.94394553 -0.134179417 0.992468357 0.9514422219
-0.302600079 -0.943638819 -0.134085689 0.992468357 0.9514422219
-0.298287182 -0.9454763 -0.130764379 0.992468357 0.9514422219
-0.29296188 -0.947580653 -0.127531343 0.992468357 0.9514422219
-0.293964439 -0.947282572 -0.12743876 0.992468357 0.9514422219
0.267221064 -0.890853051 -0.36738773 0.992468357 0.9514422219
0.288462766 -0.878029927 -0.381906638 0.992468357 0.9514422219
0.277870621 -0.88453287 -0.374685894 0.992468357 0.9514422219
0.268061247 -0.890402938 -0.367866518 0.992468357 0.9514422219
0.268901104 -0.889951808 -0.368344915 0.992468357 0.9514422219
0.259162841 -0.890242631 -0.374569994 0.992468357 0.9514422219
0.257029241 -0.892260473 -0.371223945 0.992468357 0.9514422219
0.242252262 -0.895268987 -0.373908122 0.992468357 0.9514422219
0.248577338 -0.894786962 -0.370898369 0.992468357 0.9514422219
0.254890391 -0.894260822 -0.367870182 0.992468357 0.9514422219
0.163633619 -0.912669086 -0.37451192 0.9921671435 0.9506561059
0.175078852 -0.907876092 -0.380930961 0.9921671435 0.9506561059
0.161621254 -0.912985908 -0.374613536 0.9921671435 0.9506561059
0.19049543 -0.902174043 -0.387031635 0.9921671435 0.9506561059
0.201860694 -0.896984546 -0.393282322 0.9921671435 0.9506561059
0.188493183 -0.90254189 -0.387154305 0.9921671435 0.9506561059
0.186489915 -0.902905883 -0.387275714 0.9921671435 0.9506561059
0.197864818 -0.897759578 -0.393544475 0.9921671435 0.9506561059
0.184486109 -0.903266245 -0.387395104 0.9921671435 0.9506561059
0.122634798 -0.932692907 -0.339182321 0.9921671435 0.9506561059
0.10124159 -0.943824515 -0.314555918 0.9921671435 0.9506561059
0.164960125 -0.907120186 -0.387196494 0.9921671435 0.9506561059
0.143882571 -0.920453254 -0.363405576 0.9921671435 0.9506561059
0.138910001 -0.923733422 -0.356960188 0.9921671435 0.9506561059
0.155092378 -0.914163004 -0.374502811 0.9921671435 0.9506561059
0.133925752 -0.926942283 -0.350488085 0.9921671435 0.9506561059
-0.154330923 -0.942024791 -0.29794506 0.9921640837 0.9506557947
-0.151524241 -0.943800055 -0.29373774 0.9921640837 0.9506557947
-0.159931232 -0.938393093 -0.306333812 0.9921640837 0.9506557947
-0.157133654 -0.940222442 -0.302143632 0.9921640837 0.9506557947
-0.162005768 -0.935072825 -0.315266462 0.9921640837 0.9506557947
-0.169614791 -0.927740046 -0.332459367 0.9921640837 0.9506557947
-0.166841998 -0.929715196 -0.328319056 0.9921640837 0.9506557947
0.257834655 -0.962159827 -0.088146228 0.992468357 0.9514422219
0.251669237 -0.964207277 -0.083468094 0.992468357 0.9514422219
0.253564332 -0.963671478 -0.083919076 0.992468357 0.9514422219
0.254048959 -0.963248312 -0.087245721 0.992468357 0.9514422219
0.247875928 -0.965267073 -0.082565142 0.992468357 0.9514422219
0.249773063 -0.964739148 -0.083016828 0.992468357 0.9514422219
0.245487637 -0.966192939 -0.078784668 0.992468357 0.9514422219
0.239290298 -0.968116679 -0.074096217 0.992468357 0.9514422219
0.241192781 -0.967609639 -0.074549507 0.992468357 0.9514422219
-0.936189574 0.338864866 -0.093379245 0.9922126432 0.9506533159
-0.942960608 0.319299321 -0.09419785 0.9922126432 0.9506533159
-0.939997114 0.329455013 -0.088683817 0.9922126432 0.9506533159
-0.942135277 0.318559975 -0.10440624 0.9922126432 0.9506533159
-0.948485236 0.298850984 -0.105184818 0.9922126432 0.9506533159
-0.945790004 0.309097163 -0.099700616 0.9922126432 0.9506533159
-0.949326911 0.299595671 -0.094978151 0.9922126432 0.9506533159
-0.955285066 0.279764439 -0.095719908 0.9922126432 0.9506533159
-0.952744535 0.290057759 -0.090246043 0.9922126432 0.9506533159
-0.947000784 0.30278958 -0.107275278 0.9922126432 0.9506533159
-0.95259791 0.287527682 -0.099423609 0.9922126432 0.9506533159
-0.950615363 0.293111778 -0.102058401 0.9922126432 0.9506533159
-0.951068356 0.291653168 -0.102016728 0.9922126432 0.9506533159
-0.956442741 0.276323429 -0.094141628 0.9922126432 0.9506533159
-0.9545404 0.281931454 -0.096784715 0.9922126432 0.9506533159
-0.957884586 0.272172038 -0.091539616 0.9922126432 0.9506533159
-0.962859087 0.256727672 -0.083625834 0.9922126432 0.9506533159
-0.961100474 0.262376147 -0.086282301 0.9922126432 0.9506533159
-0.997318778 0.070429647 -0.019872608 0.9922126432 0.9506533159
-0.998509072 0.05133732 -0.018550301 0.9922126432 0.9506533159
-0.996708313 0.078630058 -0.019744696 0.9922126432 0.9506533159
-0.998055389 0.05954797 -0.018424962 0.9922126432 0.9506533159
-0.998290672 0.055443123 -0.01848766 0.9922126432 0.9506533159
-0.999332236 0.032226135 -0.017220864 0.9922126432 0.9506533159
-0.999787963 0.013103102 -0.01588515 0.9922126432 0.9506533159
-0.995395042 -0.094634774 0.015263387 0.9922126432 0.9506533159
-0.996893993 -0.077785035 0.012322933 0.9922126432 0.9506533159
-0.997062914 -0.075929217 0.01001496 0.9922126432 0.9506533159
-0.994954583 -0.098337536 0.019877311 0.9922126432 0.9506533159
-0.99671631 -0.079639816 0.014632059 0.9922126432 0.9506533159
-0.998099063 -0.060912012 0.009380107 0.9922126432 0.9506533159
-0.999102308 -0.042161203 0.004124464 0.9922126432 0.9506533159
-0.394734681 -0.913254166 -0.100753956 0.9921671435 0.9506561059
-0.391205041 -0.914360595 -0.104418957 0.9921671435 0.9506561059
-0.436501761 -0.897020864 -0.069424644 0.9921671435 0.9506561059
-0.433089101 -0.898380748 -0.073115407 0.992468357 0.9514422219
-0.412301254 -0.90670952 -0.088800463 0.9921671435 0.9506561059
-0.387665625 -0.915441726 -0.108082419 0.9921671435 0.9506561059
-0.384115026 -0.916498449 -0.11174184 0.9921671435 0.9506561059
-0.119703557 -0.970328744 -0.210079 0.9921671435 0.9506561059
-0.09538164 -0.966839102 -0.236906086 0.9921671435 0.9506561059
-0.167846917 -0.973450633 -0.155631864 0.9921671435 0.9506561059
-0.143868874 -0.97253378 -0.182974846 0.9921671435 0.9506561059
-0.138393253 -0.971413248 -0.19288237 0.9921671435 0.9506561059
-0.156988574 -0.971871592 -0.175556818 0.9921671435 0.9506561059
-0.13289478 -0.970168591 -0.202760654 0.9921671435 0.9506561059
-0.203236143 -0.971472533 -0.122213701 0.9921671435 0.9506561059
-0.19954107 -0.971609554 -0.127115048 0.9921671435 0.9506561059
-0.184414754 -0.974079803 -0.130995178 0.9921671435 0.9506561059
-0.23330293 -0.965658076 -0.114342566 0.9921671435 0.9506561059
-0.229641726 -0.965940283 -0.119264613 0.9921671435 0.9506561059
-0.214618512 -0.968895924 -0.123205451 0.9921671435 0.9506561059
-0.195839479 -0.971709435 -0.132013911 0.9921671435 0.9506561059
-0.192130082 -0.971773017 -0.136905934 0.9921671435 0.9506561059
-0.176974216 -0.97409753 -0.140762667 0.9921671435 0.9506561059
-0.005954214 -0.968132325 -0.250368426 0.992468357 0.9514422219
-0.008524531 -0.967308174 -0.253460507 0.992468357 0.9514422219
0.001041797 -0.969436623 -0.245339661 0.992468357 0.9514422219
-0.00502659 -0.967986256 -0.250952866 0.992468357 0.9514422219
-0.011094652 -0.966467714 -0.256548371 0.992468357 0.9514422219
-0.888978079 0.454957797 -0.05226259 0.992468357 0.9514422219
-0.891015539 0.450709995 -0.054330555 0.992468357 0.9514422219
-0.866191938 0.497580334 -0.046101393 0.992468357 0.9514422219
-0.879989035 0.472218626 -0.051272491 0.992468357 0.9514422219
-0.893029146 0.446450537 -0.056399142 0.992468357 0.9514422219
-0.858895028 0.510891657 -0.035903269 0.992468357 0.9514422219
-0.873918431 0.484109 -0.0436469 0.992468357 0.9514422219
-0.874424887 0.483112917 -0.044531185 0.992468357 0.9514422219
-0.857805468 0.512839938 -0.034131763 0.992468357 0.9514422219
-0.872900413 0.486097931 -0.041876842 0.992468357 0.9514422219
-0.8734104 0.485103845 -0.042761344 0.992468357 0.9514422219
-0.888065513 0.456840537 -0.051345572 0.992468357 0.9514422219
-0.901321869 0.429113901 -0.058992787 0.992468357 0.9514422219
-0.901755038 0.428080546 -0.059874015 0.992468357 0.9514422219
-0.562534618 -0.826614291 -0.016236301 0.9921671435 0.9506561059
-0.575559269 -0.81760862 -0.01573759 0.992468357 0.9514422219
-0.581911283 -0.813104056 -0.01552589 0.992468357 0.9514422219
-0.549587322 -0.835270291 -0.016652825 0.9921671435 0.9506561059
-0.562750848 -0.826468632 -0.016158077 0.992468357 0.9514422219
-0.569172328 -0.82206357 -0.015948309 0.992468357 0.9514422219
-0.588439459 -0.808397737 -0.015234903 0.992468357 0.9514422219
-0.601171956 -0.798983951 -0.0147284 0.992468357 0.9514422219
-0.607377955 -0.794280424 -0.014512997 0.992468357 0.9514422219
-0.473475361 -0.880432222 -0.025694051 0.9921671435 0.9506561059
-0.471095248 -0.881576053 -0.029881921 0.9921671435 0.9506561059
-0.478200657 -0.878079897 -0.017315496 0.9921671435 0.9506561059
-0.475843483 -0.87926705 -0.021504283 0.9921671435 0.9506561059
-0.488127311 -0.872616196 -0.01651371 0.9921671435 0.9506561059
-0.502603184 -0.864486178 -0.007327184 0.9921671435 0.9506561059
-0.500303408 -0.865773531 -0.011519264 0.9921671435 0.9506561059
0.601097776 -0.798565686 -0.03121391 0.992468357 0.9514422219
0.598136532 -0.800908758 -0.027889956 0.992468357 0.9514422219
0.585849421 -0.809959881 -0.027302862 0.992468357 0.9514422219
0.625177724 -0.77981114 -0.032363561 0.992468357 0.9514422219
0.610284466 -0.791670641 -0.028468696 0.992468357 0.9514422219
0.595160483 -0.803231372 -0.024563446 0.992468357 0.9514422219
0.579811682 -0.814488781 -0.020650403 0.992468357 0.9514422219
-0.231985391 -0.800378799 0.552789794 0.992468357 0.9514422219
0.11638477 -0.891848561 0.437104942 0.992468357 0.9514422219
0.445662832 -0.858757288 0.252825158 0.992468357 0.9514422219
0.71335581 -0.699774966 0.03792736 0.992468357 0.9514422219
0.446663015 -0.85748056 0.255380579 0.992468357 0.9514422219
0.448105216 -0.855682318 0.258861903 0.992468357 0.9514422219
0.715275746 -0.697535759 0.042713843 0.992468357 0.9514422219
0.635922455 -0.771752933 -0.000205393 0.992468357 0.9514422219
0.629164383 -0.777272261 0.000108455 0.992468357 0.9514422219
0.672235692 -0.740143328 0.016941924 0.992468357 0.9514422219
0.647666948 -0.761874005 0.008690507 0.992468357 0.9514422219
0.622357278 -0.782733183 0.00042771 0.992468357 0.9514422219
0.561401583 -0.827452862 -0.012248416 0.992468357 0.9514422219
0.58880392 -0.808272262 -0.002427653 0.992468357 0.9514422219
0.580084343 -0.81450558 -0.009100266 0.992468357 0.9514422219
0.597954529 -0.801529568 -0.000855618 0.992468357 0.9514422219
0.615491504 -0.788108841 0.007393454 0.992468357 0.9514422219
0.739477021 -0.669664357 0.068726886 0.992468357 0.9514422219
0.735692809 -0.673962443 0.067310587 0.992468357 0.9514422219
0.724430339 -0.686932385 0.057659193 0.992468357 0.9514422219
0.760972743 -0.642797494 0.087931031 0.992468357 0.9514422219
0.74666914 -0.660731302 0.076937265 0.992468357 0.9514422219
0.731882461 -0.678237517 0.06589336 0.992468357 0.9514422219
0.716622654 -0.695304467 0.054805757 0.992468357 0.9514422219
-0.937203926 0.301939902 0.174588366 0.9922126432 0.9506533159
-0.93733444 0.299528314 0.178008248 0.9922126432 0.9506533159
-0.811211777 0.583044624 -0.044658913 0.9922126432 0.9506533159
-0.783387416 -0.348300457 0.514772715 0.9922126432 0.9506533159
-0.780623198 -0.350347004 0.517575502 0.9922126432 0.9506533159
-0.926558081 -0.027410747 0.375151666 0.9922126432 0.9506533159
-0.93726398 0.29740208 0.181901715 0.9922126432 0.9506533159
-0.937362834 0.294975598 0.185311395 0.9922126432 0.9506533159
-0.814149577 0.579423578 -0.037799264 0.9922126432 0.9506533159
-0.87229756 -0.488964298 -0.0032988 0.992468357 0.9514422219
-0.877044395 -0.480326149 -0.008939736 0.992468357 0.9514422219
-0.88335529 -0.468590552 -0.01031146 0.992468357 0.9514422219
-0.88786633 -0.459824955 -0.01594962 0.992468357 0.9514422219
-0.882520156 -0.47010987 -0.012445287 0.992468357 0.9514422219
-0.881678179 -0.471625936 -0.014579627 0.992468357 0.9514422219
-0.886198362 -0.46286471 -0.020216922 0.992468357 0.9514422219
-0.899360408 -0.437200274 -0.002603247 0.992468357 0.9514422219
-0.898794464 -0.438344943 -0.004714105 0.992468357 0.9514422219
-0.899920662 -0.436053393 -0.00049087 0.992468357 0.9514422219
-0.908897184 -0.416969578 0.006502215 0.992468357 0.9514422219
-0.917424948 -0.397680055 0.01349218 0.992468357 0.9514422219
0.563851268 -0.8257721 -0.013122018 0.992468357 0.9514422219
0.553102545 -0.833104752 -0.003747984 0.992468357 0.9514422219
0.558494849 -0.829465099 -0.008435282 0.992468357 0.9514422219
0.565019116 -0.824938074 -0.015184607 0.992468357 0.9514422219
0.566183449 -0.824098806 -0.017247013 0.992468357 0.9514422219
-0.032133781 -0.971465714 -0.234993163 0.9921640837 0.9506557947
-0.022718454 -0.971258836 -0.236939119 0.9921640837 0.9506557947
-0.041546148 -0.971582741 -0.233025523 0.9921640837 0.9506557947
-0.033136043 -0.971410422 -0.235082528 0.9921640837 0.9506557947
-0.024723442 -0.971165269 -0.237121851 0.9921640837 0.9506557947
-0.043646898 -0.969413539 -0.241520886 0.9921640837 0.9506557947
-0.055682388 -0.969505004 -0.238661935 0.9921640837 0.9506557947
-0.019557726 -0.968785581 -0.247127486 0.9921640837 0.9506557947
-0.031604729 -0.969173721 -0.244342874 0.9921640837 0.9506557947
-0.030638822 -0.969135214 -0.244618476 0.9921640837 0.9506557947
-0.017625262 -0.968683532 -0.247672294 0.9921640837 0.9506557947
-0.029672881 -0.969095733 -0.244893816 0.9921640837 0.9506557947
-0.098340602 -0.958901751 -0.26615138 0.9921640837 0.9506557947
-0.08555208 -0.960354705 -0.265329383 0.9921640837 0.9506557947
-0.107033173 -0.957078721 -0.269340347 0.9921640837 0.9506557947
-0.094255739 -0.958643102 -0.26855029 0.9921640837 0.9506557947
-0.08990489 -0.959509526 -0.266943028 0.9921640837 0.9506557947
-0.072749224 -0.961647766 -0.264463844 0.9921640837 0.9506557947
-0.059934329 -0.962780909 -0.263554164 0.9921640837 0.9506557947
-0.065377229 -0.965944188 -0.250355034 0.9921640837 0.9506557947
-0.075014511 -0.96364119 -0.256453662 0.9921640837 0.9506557947
-0.082547078 -0.96397015 -0.25287849 0.9921640837 0.9506557947
-0.050291808 -0.964988316 -0.257426269 0.9921640837 0.9506557947
-0.067476231 -0.963244417 -0.260013753 0.9921640837 0.9506557947
-0.084641148 -0.961207024 -0.262520348 0.9921640837 0.9506557947
-0.101779658 -0.95887679 -0.264945659 0.9921640837 0.9506557947
0.121939002 -0.979466904 -0.160547388 0.992468357 0.9514422219
0.146431301 -0.979493555 -0.13838443 0.992468357 0.9514422219
0.184193803 -0.977286047 -0.10480756 0.992468357 0.9514422219
0.177485903 -0.977906427 -0.110443535 0.992468357 0.9514422219
0.170763675 -0.97845156 -0.11607029 0.992468357 0.9514422219
-0.007802671 -0.974459619 -0.224427202 0.992468357 0.9514422219
-0.005546799 -0.973803174 -0.227324902 0.992468357 0.9514422219
-0.012314773 -0.97573203 -0.218621481 0.992468357 0.9514422219
-0.010059436 -0.97510267 -0.221525599 0.992468357 0.9514422219
-0.00177451 -0.977403292 -0.211375627 0.992468357 0.9514422219
0.004253747 -0.980136442 -0.198278747 0.992468357 0.9514422219
0.006510444 -0.979530916 -0.201188465 0.992468357 0.9514422219
-0.929256821 -0.367116524 0.041318494 0.992468357 0.9514422219
-0.921757854 -0.386386421 0.03268014 0.992468357 0.9514422219
-0.930304723 -0.364693285 0.039139886 0.992468357 0.9514422219
-0.922839223 -0.383975884 0.030500621 0.992468357 0.9514422219
-0.922300025 -0.385181455 0.031589725 0.992468357 0.9514422219
-0.913796236 -0.405461825 0.024023882 0.992468357 0.9514422219
-0.90537575 -0.424333543 0.015355649 0.992468357 0.9514422219
-0.006071545 -0.968008652 -0.250843348 0.9921671435 0.9506561059
0.0032593 -0.96776377 -0.251838563 0.9921671435 0.9506561059
-0.013251712 -0.967352607 -0.253087586 0.9921671435 0.9506561059
0.026947927 -0.968329823 -0.24821596 0.9921671435 0.9506561059
0.019769555 -0.967909327 -0.250520855 0.9921671435 0.9506561059
0.012589995 -0.967433506 -0.252811992 0.9921671435 0.9506561059
0.005409641 -0.966902766 -0.255087783 0.9921671435 0.9506561059
-0.982698077 -0.178717493 0.0486266 0.992468357 0.9514422219
-0.985733979 -0.162379785 0.044286877 0.992468357 0.9514422219
-0.97937227 -0.195002451 0.052952819 0.992468357 0.9514422219
-0.977257552 -0.205258731 0.053259095 0.992468357 0.9514422219
-0.975035577 -0.215492129 0.053560857 0.992468357 0.9514422219
-0.634670749 -0.770935843 -0.053394444 0.992468357 0.9514422219
-0.642446631 -0.763960162 -0.060226215 0.992468357 0.9514422219
-0.661912333 -0.747616857 -0.054231901 0.992468357 0.9514422219
-0.656050456 -0.752276707 -0.060642849 0.992468357 0.9514422219
-0.650123494 -0.756864381 -0.067050368 0.992468357 0.9514422219
-0.705429334 -0.708735177 0.007993922 0.992468357 0.9514422219
-0.72414727 -0.689172387 0.025537296 0.992468357 0.9514422219
-0.724031438 -0.689420376 0.021863706 0.992468357 0.9514422219
-0.70573542 -0.70830939 0.015340316 0.992468357 0.9514422219
-0.724251348 -0.688916854 0.029215638 0.992468357 0.9514422219
-0.742109563 -0.668894089 0.043059186 0.992468357 0.9514422219
-0.759290911 -0.648262177 0.056863537 0.992468357 0.9514422219
0.597151795 -0.801855864 -0.020902319 0.992468357 0.9514422219
0.582207067 -0.812872957 -0.016507161 0.992468357 0.9514422219
0.610527425 -0.7918913 -0.01282309 0.992468357 0.9514422219
0.595746751 -0.803128163 -0.008423864 0.992468357 0.9514422219
0.589002622 -0.808035 -0.012463972 0.992468357 0.9514422219
0.567050503 -0.823594146 -0.012099979 0.992468357 0.9514422219
0.551688225 -0.834014965 -0.007690257 0.992468357 0.9514422219
0.662604967 -0.748955848 -0.004449288 0.992468357 0.9514422219
0.673160524 -0.739486587 0.003807344 0.992468357 0.9514422219
0.68230753 -0.730985607 0.010792483 0.992468357 0.9514422219
0.643590219 -0.765148642 -0.018417 0.992468357 0.9514422219
0.654454839 -0.756032781 -0.010163526 0.992468357 0.9514422219
0.663875613 -0.747836258 -0.003178359 0.992468357 0.9514422219
0.683534736 -0.729818296 0.012063166 0.992468357 0.9514422219
0.693724942 -0.719953457 0.02031564 0.992468357 0.9514422219
0.702549032 -0.711111762 0.02729321 0.992468357 0.9514422219
-0.951357257 -0.30714862 0.024064382 0.992468357 0.9514422219
-0.966879743 -0.254773018 0.015305963 0.992468357 0.9514422219
-0.95948585 -0.281068593 0.019681182 0.992468357 0.9514422219
-0.966464788 -0.255737254 0.023329587 0.992468357 0.9514422219
-0.978796595 -0.203593349 0.022516059 0.992468357 0.9514422219
-0.894886612 -0.445146937 0.031971184 0.992468357 0.9514422219
-0.876136045 -0.480757849 0.03546154 0.992468357 0.9514422219
-0.885691959 -0.463046752 0.033726253 0.992468357 0.9514422219
-0.872351081 -0.487761665 0.033047683 0.992468357 0.9514422219
-0.847787352 -0.529242111 0.034049856 0.992468357 0.9514422219
-0.300753175 -0.830727859 -0.468442901 0.992468357 0.9514422219
-0.305515257 -0.825114835 -0.475232508 0.992468357 0.9514422219
-0.30519195 -0.826348038 -0.47329356 0.992468357 0.9514422219
-0.282442942 -0.856615948 -0.431781314 0.992468357 0.9514422219
-0.28830765 -0.845740114 -0.449001513 0.992468357 0.9514422219
-0.276451109 -0.867107013 -0.414367243 0.992468357 0.9514422219
-0.27918323 -0.861577343 -0.423958967 0.992468357 0.9514422219
-0.281879498 -0.855935577 -0.43349537 0.992468357 0.9514422219
-0.086721135 -0.962926009 -0.255446563 0.9921640837 0.9506557947
-0.0849131 -0.963950445 -0.252169198 0.9921640837 0.9506557947
-0.122603377 -0.947669247 -0.29477349 0.9921640837 0.9506557947
-0.102905259 -0.95678917 -0.271965058 0.9921640837 0.9506557947
-0.083104954 -0.96496051 -0.248887084 0.9921640837 0.9506557947
-0.040926979 -0.966114051 -0.254850196 0.9921640837 0.9506557947
-0.033376222 -0.965476321 -0.258343764 0.9921640837 0.9506557947
-0.048474804 -0.96668498 -0.251337109 0.9921640837 0.9506557947
-0.031558155 -0.967147888 -0.252247984 0.9921640837 0.9506557947
-0.014632827 -0.967332802 -0.2530872 0.9921640837 0.9506557947
-0.218980454 -0.900788192 -0.375004258 0.9921640837 0.9506557947
-0.228691743 -0.899399011 -0.372533899 0.9921640837 0.9506557947
-0.199491669 -0.903289731 -0.379829877 0.9921640837 0.9506557947
-0.209246744 -0.902085155 -0.377436318 0.9921640837 0.9506557947
-0.212874735 -0.901171149 -0.377590927 0.9921640837 0.9506557947
-0.206759586 -0.901514444 -0.380160731 0.9921640837 0.9506557947
-0.216499703 -0.900244603 -0.377740035 0.992468357 0.9514422219
-0.893589101 0.446629916 -0.044947038 0.992468357 0.9514422219
-0.903527679 0.425070872 -0.054336792 0.992468357 0.9514422219
-0.907578977 0.415575262 -0.059980018 0.992468357 0.9514422219
-0.884578855 0.465177854 -0.033612703 0.992468357 0.9514422219
-0.895051267 0.443882934 -0.043025235 0.992468357 0.9514422219
-0.899351913 0.434506678 -0.048683494 0.992468357 0.9514422219
-0.912877999 0.403233832 -0.063688583 0.992468357 0.9514422219
-0.921633146 0.381134356 -0.072999638 0.992468357 0.9514422219
-0.925138533 0.371402432 -0.078606166 0.992468357 0.9514422219
-0.963526352 0.266876262 -0.019850158 0.992468357 0.9514422219
-0.953855344 0.299151486 -0.025852884 0.992468357 0.9514422219
-0.937859873 0.346537608 -0.018180862 0.992468357 0.9514422219
-0.925528027 0.377910372 -0.024116846 0.992468357 0.9514422219
-0.940515647 0.338829527 -0.024997386 0.992468357 0.9514422219
-0.943065738 0.331079859 -0.031829875 0.992468357 0.9514422219
-0.93117228 0.362620194 -0.037746261 0.992468357 0.9514422219
0.311801841 -0.834001914 -0.455214696 0.992468357 0.9514422219
0.310413224 -0.83570532 -0.45303449 0.992468357 0.9514422219
0.313187462 -0.832290513 -0.457390551 0.992468357 0.9514422219
0.315020675 -0.831025583 -0.458430424 0.992468357 0.9514422219
0.31685197 -0.829755633 -0.459467538 0.992468357 0.9514422219
0.45474384 -0.890611944 -0.004290168 0.9921640837 0.9506557947
0.438158883 -0.898710478 -0.018337678 0.9921640837 0.9506557947
0.443583159 -0.896151026 -0.012137523 0.9921640837 0.9506557947
0.426847757 -0.90394449 -0.026179201 0.9921640837 0.9506557947
0.432514854 -0.901352011 -0.022258764 0.9921640837 0.9506557947
0.421337935 -0.906325663 -0.032374954 0.9921640837 0.9506557947
0.404290209 -0.913453319 -0.046394624 0.9921640837 0.9506557947
0.462088218 -0.886832877 -0.001387956 0.9921640837 0.9506557947
0.479549362 -0.877509333 -0.003127197 0.9921640837 0.9506557947
0.465682772 -0.884945071 -0.003431769 0.9921640837 0.9506557947
0.481328 -0.876530739 -0.004149769 0.9921640837 0.9506557947
0.496821137 -0.867839318 -0.004865796 0.9921640837 0.9506557947
-0.460135615 -0.887090129 -0.036692218 0.992468357 0.9514422219
-0.455796628 -0.88908392 -0.042180761 0.992468357 0.9514422219
-0.464448898 -0.885050293 -0.031196158 0.992468357 0.9514422219
-0.441125177 -0.896609741 -0.038724024 0.992468357 0.9514422219
-0.417478592 -0.907510288 -0.046224478 0.992468357 0.9514422219
-0.833089508 0.552355429 -0.029416852 0.992468357 0.9514422219
-0.83223448 0.553543486 -0.03123107 0.992468357 0.9514422219
-0.830745138 0.555768404 -0.031368723 0.992468357 0.9514422219
-0.836043282 0.54788909 -0.029140641 0.992468357 0.9514422219
-0.833717849 0.551314573 -0.031093231 0.992468357 0.9514422219
-0.831374938 0.554728519 -0.033045157 0.992468357 0.9514422219
-0.829014607 0.558130842 -0.034996365 0.992468357 0.9514422219
-0.879183947 0.475825041 -0.025022359 0.992468357 0.9514422219
-0.902112447 0.428198883 -0.053280858 0.992468357 0.9514422219
-0.891048477 0.452214992 -0.039169034 0.992468357 0.9514422219
-0.883454985 0.467508259 -0.030713478 0.992468357 0.9514422219
-0.887620451 0.459135033 -0.036399966 0.992468357 0.9514422219
0.343766287 -0.93452991 -0.092079241 0.9921640837 0.9506557947
0.322856047 -0.941524559 -0.096413056 0.9921640837 0.9506557947
0.333759297 -0.937831496 -0.09527233 0.9921640837 0.9506557947
0.321998625 -0.942024815 -0.094372313 0.9921640837 0.9506557947
0.300921301 -0.948532247 -0.098655699 0.9921640837 0.9506557947
0.31190946 -0.945091724 -0.097540361 0.9921640837 0.9506557947
0.30178265 -0.948043887 -0.100697669 0.9921640837 0.9506557947
0.280556833 -0.954084575 -0.104930869 0.9921640837 0.9506557947
0.291619217 -0.950881186 -0.103842203 0.9921640837 0.9506557947
-0.986929783 0.155801271 -0.041177273 0.992468357 0.9514422219
-0.982131104 0.182192609 -0.04716299 0.992468357 0.9514422219
-0.981757453 0.183346355 -0.050362861 0.992468357 0.9514422219
-0.991667201 0.124067579 -0.034690028 0.9922126432 0.9506533159
-0.99463153 0.099396326 -0.028783515 0.9922126432 0.9506533159
-0.992368344 0.118616146 -0.033693912 0.9922126432 0.9506533159
-0.996018331 0.085610958 -0.024864615 0.9922126432 0.9506533159
-0.99796767 0.060845436 -0.018930473 0.9922126432 0.9506533159
-0.99649822 0.0801369 -0.023861559 0.9922126432 0.9506533159
-0.996947016 0.074660249 -0.02285814 0.9922126432 0.9506533159
-0.99861215 0.049875543 -0.016917558 0.9922126432 0.9506533159
-0.997364706 0.069181345 -0.021853711 0.9922126432 0.9506533159
0.0803226 -0.954908044 -0.285830208 0.992468357 0.9514422219
0.070823845 -0.958294864 -0.276866279 0.992468357 0.9514422219
0.089511889 -0.951906571 -0.293021334 0.992468357 0.9514422219
0.042860123 -0.966471482 -0.253171652 0.992468357 0.9514422219
0.052089915 -0.964059328 -0.260530713 0.992468357 0.9514422219
0.06131242 -0.961507286 -0.267851687 0.992468357 0.9514422219
0.070525528 -0.958815552 -0.275134306 0.992468357 0.9514422219
0.305361221 -0.844852393 -0.439293704 0.992468357 0.9514422219
0.305919076 -0.843084578 -0.44229166 0.992468357 0.9514422219
0.30802374 -0.839973173 -0.446728601 0.992468357 0.9514422219
0.325186769 -0.824231385 -0.463568969 0.992468357 0.9514422219
0.326049159 -0.823524229 -0.46421955 0.992468357 0.9514422219
0.329444608 -0.8224026 -0.463810538 0.992468357 0.9514422219
-0.556233947 -0.830876818 -0.015732443 0.992468357 0.9514422219
-0.575712686 -0.817514009 -0.015024935 0.992468357 0.9514422219
-0.582155383 -0.812966026 -0.013466682 0.992468357 0.9514422219
-0.601202318 -0.798995158 -0.012747934 0.992468357 0.9514422219
-0.588530909 -0.808355428 -0.013887798 0.992468357 0.9514422219
-0.59486991 -0.803694624 -0.014308789 0.992468357 0.9514422219
-0.613694883 -0.789426413 -0.013584161 0.992468357 0.9514422219
-0.694743028 -0.718475285 0.033546835 0.992468357 0.9514422219
-0.700874175 -0.712528489 0.032841185 0.992468357 0.9514422219
-0.682326761 -0.730210976 0.03495885 0.992468357 0.9514422219
-0.68855947 -0.724370311 0.034256516 0.992468357 0.9514422219
-0.712078114 -0.700788694 0.042894826 0.992468357 0.9514422219
-0.728914211 -0.682611218 0.052211096 0.992468357 0.9514422219
-0.734753739 -0.676377617 0.051480691 0.992468357 0.9514422219
0.705603425 -0.707558972 0.03852411 0.992468357 0.9514422219
0.695686897 -0.717706656 0.030280311 0.992468357 0.9514422219
0.691825593 -0.720692516 0.044493214 0.992468357 0.9514422219
0.68175316 -0.730683927 0.036244002 0.992468357 0.9514422219
0.688753543 -0.724231981 0.033265526 0.992468357 0.9514422219
0.685581043 -0.727662927 0.022029485 0.992468357 0.9514422219
0.675291051 -0.737422704 0.013775027 0.992468357 0.9514422219
0.090792559 -0.975000522 -0.202807034 0.9921640837 0.9506557947
0.089313277 -0.975034637 -0.203299274 0.9921640837 0.9506557947
0.110689351 -0.976597926 -0.184402705 0.9921640837 0.9506557947
0.047844096 -0.969567364 -0.24010429 0.9921640837 0.9506557947
0.046358564 -0.969522167 -0.240577743 0.992468357 0.9514422219
0.067863633 -0.972675472 -0.222029173 0.9921640837 0.9506557947
0.087833128 -0.975066583 -0.203790336 0.9921640837 0.9506557947
0.086353431 -0.975095943 -0.204281638 0.9921640837 0.9506557947
0.107738542 -0.976738707 -0.18540201 0.9921640837 0.9506557947
0.016158565 -0.966057708 -0.257820489 0.992468357 0.9514422219
0.023403839 -0.965318724 -0.260023116 0.992468357 0.9514422219
0.001665404 -0.96736775 -0.253370998 0.992468357 0.9514422219
0.008912214 -0.966740726 -0.255603091 0.992468357 0.9514422219
0.013259189 -0.96568699 -0.259370065 0.992468357 0.9514422219
0.010359753 -0.965305771 -0.260916545 0.992468357 0.9514422219
0.017605796 -0.964600299 -0.263127912 0.992468357 0.9514422219
0.120273629 -0.98085994 -0.153127504 0.992468357 0.9514422219
0.129242098 -0.979325638 -0.15562061 0.992468357 0.9514422219
0.104311707 -0.980795729 -0.164799287 0.992468357 0.9514422219
0.139555033 -0.981041464 -0.134469469 0.9921640837 0.9506557947
0.16061415 -0.978492586 -0.129442476 0.9921640837 0.9506557947
0.164131982 -0.978423046 -0.125495162 0.9921640837 0.9506557947
0.1728711 -0.976989486 -0.12492849 0.9921640837 0.9506557947
0.181596911 -0.975478754 -0.12435338 0.9921640837 0.9506557947
-0.081910625 -0.969031607 -0.232955779 0.9921671435 0.9506561059
-0.08945999 -0.970932574 -0.22200641 0.9921671435 0.9506561059
-0.074346644 -0.966955232 -0.243865037 0.9921671435 0.9506561059
-0.064583 -0.967412627 -0.244830236 0.9921671435 0.9506561059
-0.054815389 -0.967776194 -0.245773292 0.9921671435 0.9506561059
0.550123671 -0.835075674 0.00354466 0.992468357 0.9514422219
0.546598043 -0.837355877 0.008106471 0.992468357 0.9514422219
0.552348198 -0.833612295 0.0014179 0.992468357 0.9514422219
0.538537756 -0.84243147 0.016920496 0.992468357 0.9514422219
0.534947755 -0.844612025 0.021480826 0.992468357 0.9514422219
0.540797714 -0.841022569 0.014794314 0.992468357 0.9514422219
0.543051416 -0.839603884 0.012667987 0.992468357 0.9514422219
0.539483878 -0.841819641 0.017228973 0.992468357 0.9514422219
0.545298775 -0.838175473 0.010541469 0.992468357 0.9514422219
-0.313796403 -0.945698721 -0.084768778 0.9921671435 0.9506561059
-0.30244757 -0.948435777 -0.094842203 0.9921671435 0.9506561059
-0.319273987 -0.943158891 -0.09227907 0.9921671435 0.9506561059
-0.305190336 -0.947173051 -0.09860056 0.9921671435 0.9506561059
-0.291027657 -0.950946839 -0.104895242 0.9921671435 0.9506561059
-0.923145421 0.379217173 -0.063220784 0.992468357 0.9514422219
-0.911102035 0.408025376 -0.058381282 0.992468357 0.9514422219
-0.944456502 0.320493682 -0.072702929 0.992468357 0.9514422219
-0.934267227 0.350030242 -0.067996891 0.992468357 0.9514422219
-0.933143993 0.353354608 -0.066202795 0.992468357 0.9514422219
-0.942416542 0.32721752 -0.069135778 0.992468357 0.9514422219
-0.932005982 0.356673779 -0.064410131 0.992468357 0.9514422219
-0.163513941 -0.975112432 -0.149729542 0.992468357 0.9514422219
-0.152311612 -0.975799644 -0.156895598 0.992468357 0.9514422219
-0.116447226 -0.979478181 -0.164506947 0.992468357 0.9514422219
-0.128774084 -0.977971511 -0.164283167 0.992468357 0.9514422219
-0.14108227 -0.976313473 -0.164035959 0.992468357 0.9514422219
0.161851651 -0.974401177 -0.156033296 0.992468357 0.9514422219
0.183241992 -0.970543233 -0.15642316 0.992468357 0.9514422219
0.172557554 -0.972529411 -0.156238395 0.992468357 0.9514422219
0.149969508 -0.975149743 -0.163070922 0.992468357 0.9514422219
0.138058761 -0.975712076 -0.17007564 0.992468357 0.9514422219
0.257909156 -0.959162795 -0.116144732 0.992468357 0.9514422219
0.247390515 -0.960928405 -0.124155279 0.992468357 0.9514422219
0.277396861 -0.954068358 -0.113157192 0.992468357 0.9514422219
0.266942274 -0.956060949 -0.121199357 0.992468357 0.9514422219
0.257180216 -0.958544147 -0.122684369 0.992468357 0.9514422219
0.236828981 -0.962522392 -0.132146426 0.992468357 0.9514422219
0.226225162 -0.963945327 -0.140112751 0.992468357 0.9514422219
0.374680458 -0.925189363 -0.060325764 0.992468357 0.9514422219
0.383420841 -0.92186377 -0.056175163 0.992468357 0.9514422219
0.422910985 -0.905296445 -0.039807608 0.992468357 0.9514422219
0.431420196 -0.901447267 -0.035629193 0.992468357 0.9514422219
0.40758072 -0.912013859 -0.045920341 0.992468357 0.9514422219
0.392120953 -0.918441756 -0.052018256 0.992468357 0.9514422219
0.400780244 -0.914923464 -0.047856568 0.992468357 0.9514422219
0.62244855 -0.782483626 -0.016648665 0.992468357 0.9514422219
0.604908592 -0.796173234 -0.013920383 0.992468357 0.9514422219
0.656582846 -0.753929734 -0.022111594 0.992468357 0.9514422219
0.639678459 -0.76839802 -0.019389503 0.992468357 0.9514422219
0.60908761 -0.792655939 -0.026624159 0.992468357 0.9514422219
0.595495743 -0.802525327 -0.036577575 0.992468357 0.9514422219
0.577537924 -0.81566364 -0.033804927 0.992468357 0.9514422219
-0.322750358 -0.935668379 -0.14267758 0.992468357 0.9514422219
-0.326938251 -0.933584493 -0.146735731 0.992468357 0.9514422219
-0.334564763 -0.929599238 -0.154634007 0.992468357 0.9514422219
-0.338716058 -0.927412272 -0.158675486 0.992468357 0.9514422219
-0.332840438 -0.930535532 -0.15271171 0.992468357 0.9514422219
-0.33111361 -0.931464804 -0.150788252 0.992468357 0.9514422219
-0.335276258 -0.929309395 -0.154835003 0.992468357 0.9514422219
0.303477124 -0.866786328 -0.39570582 0.992468357 0.9514422219
0.303533809 -0.872186703 -0.383611238 0.992468357 0.9514422219
0.303611049 -0.869298791 -0.390051205 0.992468357 0.9514422219
0.303334051 -0.872594747 -0.382840517 0.992468357 0.9514422219
0.303333972 -0.877832029 -0.370674292 0.992468357 0.9514422219
0.303441432 -0.875031168 -0.377152162 0.992468357 0.9514422219
0.303537224 -0.87743406 -0.371449355 0.992468357 0.9514422219
0.303487366 -0.882527481 -0.359222305 0.992468357 0.9514422219
0.303621371 -0.879803348 -0.365732323 0.992468357 0.9514422219
-0.272105871 -0.88264846 -0.38326243 0.992468357 0.9514422219
-0.272142989 -0.887668741 -0.371459823 0.992468357 0.9514422219
-0.268901072 -0.889472524 -0.369500801 0.992468357 0.9514422219
-0.27052182 -0.891021012 -0.364553838 0.992468357 0.9514422219
-0.272135122 -0.892543078 -0.359596064 0.992468357 0.9514422219
0.179006888 -0.90566713 -0.384348259 0.992468357 0.9514422219
0.168758365 -0.907903519 -0.38370798 0.992468357 0.9514422219
0.145174788 -0.914324195 -0.378068179 0.992468357 0.9514422219
0.151837139 -0.912207068 -0.380557155 0.992468357 0.9514422219
0.158491064 -0.910039539 -0.383025613 0.992468357 0.9514422219
-0.029656082 -0.96232083 -0.270294537 0.992468357 0.9514422219
-0.023423131 -0.963836858 -0.265461615 0.992468357 0.9514422219
-0.020189046 -0.963670768 -0.266328845 0.992468357 0.9514422219
-0.018688873 -0.964486062 -0.263471748 0.992468357 0.9514422219
-0.017188605 -0.965290705 -0.260611601 0.992468357 0.9514422219
-0.019713702 -0.962341816 -0.271126539 0.992468357 0.9514422219
-0.028990458 -0.964887085 -0.261060274 0.992468357 0.9514422219
-0.025664431 -0.966481818 -0.25544908 0.992468357 0.9514422219
-0.026360153 -0.958965163 -0.282295869 0.992468357 0.9514422219
-0.035642346 -0.961566907 -0.272247509 0.992468357 0.9514422219
-0.032318051 -0.963248472 -0.266660691 0.992468357 0.9514422219
-0.038264468 -0.967244924 -0.250944392 0.992468357 0.9514422219
-0.047530025 -0.969415121 -0.240780438 0.992468357 0.9514422219
-0.044198436 -0.970952719 -0.235153814 0.992468357 0.9514422219
-0.876698827 -0.47967289 0.036236505 0.992468357 0.9514422219
-0.864758437 -0.501363892 0.028759249 0.992468357 0.9514422219
-0.870801383 -0.490559847 0.032495958 0.992468357 0.9514422219
-0.861328034 -0.506552401 0.038970266 0.992468357 0.9514422219
-0.845125721 -0.53294159 0.041662669 0.992468357 0.9514422219
0.340870514 -0.932647224 -0.118222025 0.992468357 0.9514422219
0.370012855 -0.924237287 -0.094212129 0.992468357 0.9514422219
0.353679123 -0.929163269 -0.107548581 0.992468357 0.9514422219
0.373632503 -0.923045072 -0.091578095 0.992468357 0.9514422219
0.402152197 -0.913087678 -0.06741292 0.992468357 0.9514422219
0.386173198 -0.91887785 -0.080831659 0.992468357 0.9514422219
0.398601595 -0.914444185 -0.070061407 0.992468357 0.9514422219
0.426593982 -0.903282559 -0.045806046 0.992468357 0.9514422219
0.410914495 -0.909745141 -0.059271035 0.992468357 0.9514422219
0.271070019 -0.957217756 -0.101268022 0.992468357 0.9514422219
0.272301437 -0.956980126 -0.100204615 0.992468357 0.9514422219
0.27606423 -0.955449954 -0.104421863 0.992468357 0.9514422219
0.26351637 -0.960178617 -0.0928232 0.992468357 0.9514422219
0.264748115 -0.959941966 -0.091759779 0.992468357 0.9514422219
0.26852937 -0.958477481 -0.09598383 0.992468357 0.9514422219
0.273532181 -0.956739902 -0.099140836 0.992468357 0.9514422219
0.274762105 -0.956497106 -0.098076866 0.992468357 0.9514422219
0.278524514 -0.954965969 -0.10229415 0.992468357 0.9514422219
0.761799866 -0.642655357 0.081578524 0.992468357 0.9514422219
0.77214495 -0.628876986 0.091136779 0.9922126432 0.9506533159
0.740228966 -0.669456482 0.062362629 0.992468357 0.9514422219
0.751159754 -0.656183861 0.071984476 0.992468357 0.9514422219
0.762596432 -0.642486461 0.075218544 0.992468357 0.9514422219
0.763360002 -0.642292677 0.068859449 0.992468357 0.9514422219
0.773780668 -0.62857929 0.078431852 0.9922126432 0.9506533159
-0.755357872 -0.655049429 -0.018566936 0.992468357 0.9514422219
-0.734718048 -0.677319605 -0.037782835 0.992468357 0.9514422219
-0.747904318 -0.663321678 -0.025366978 0.992468357 0.9514422219
-0.729041187 -0.683092581 -0.043399005 0.992468357 0.9514422219
-0.707197647 -0.704243685 -0.062548538 0.992468357 0.9514422219
-0.721146872 -0.690962554 -0.050179065 0.992468357 0.9514422219
-0.713129612 -0.698715135 -0.056950119 0.992468357 0.9514422219
-0.690620494 -0.719208328 -0.076044161 0.992468357 0.9514422219
-0.70499108 -0.70634863 -0.063711772 0.992468357 0.9514422219
0.531742106 -0.846760995 0.015689169 0.992468357 0.9514422219
0.526797423 -0.849827658 0.016656167 0.992468357 0.9514422219
0.536835005 -0.843534176 0.01607081 0.992468357 0.9514422219
0.511518173 -0.859107127 0.016855336 0.992468357 0.9514422219
0.506501313 -0.862055024 0.017820055 0.992468357 0.9514422219
0.516685712 -0.856001567 0.017239277 0.992468357 0.9514422219
0.521834406 -0.852864757 0.017622682 0.992468357 0.9514422219
0.516853229 -0.855872193 0.018588393 0.992468357 0.9514422219
0.52696405 -0.849696829 0.018005253 0.992468357 0.9514422219
0.460010925 -0.887783791 -0.015162093 0.992468357 0.9514422219
0.46994101 -0.882657289 -0.008459191 0.992468357 0.9514422219
0.439917032 -0.897584237 -0.028557716 0.992468357 0.9514422219
0.450001085 -0.892760418 -0.021860018 0.992468357 0.9514422219
0.427473227 -0.903096708 -0.041024093 0.992468357 0.9514422219
0.394096249 -0.916638043 -0.06680452 0.992468357 0.9514422219
0.404525194 -0.912546836 -0.060146815 0.992468357 0.9514422219
-0.997883394 0.060488472 -0.023872081 0.9922126432 0.9506533159
-0.996416491 0.083268893 -0.01484819 0.9922126432 0.9506533159
-0.992717071 0.120091031 -0.009537375 0.9922126432 0.9506533159
-0.993559714 0.113049279 -0.007678248 0.9922126432 0.9506533159
-0.994349183 0.105999537 -0.005813841 0.9922126432 0.9506533159
-0.954598186 0.282047073 -0.095873628 0.9922126432 0.9506533159
-0.960394764 0.265160602 -0.085625648 0.9922126432 0.9506533159
-0.958946744 0.269211016 -0.089143547 0.9922126432 0.9506533159
-0.957621705 0.273982324 -0.088850189 0.9922126432 0.9506533159
-0.963201791 0.257035462 -0.078581681 0.9922126432 0.9506533159
-0.961813103 0.261102257 -0.082104599 0.9922126432 0.9506533159
-0.965784326 0.248162019 -0.075340875 0.9922126432 0.9506533159
-0.970764591 0.231058403 -0.065024015 0.9922126432 0.9506533159
-0.969534394 0.235165092 -0.068559741 0.9922126432 0.9506533159
-0.962351477 0.260036498 -0.079124301 0.9922126432 0.9506533159
-0.963851845 0.256098397 -0.073506681 0.9922126432 0.9506533159
-0.957059415 0.275994647 -0.088680497 0.9922126432 0.9506533159
-0.958679217 0.272090377 -0.083072176 0.9922126432 0.9506533159
-0.961310441 0.264106884 -0.078292976 0.9922126432 0.9506533159
-0.96530458 0.252148227 -0.067884754 0.9922126432 0.9506533159
-0.966709743 0.248185361 -0.062259934 0.9922126432 0.9506533159
-0.30515873 -0.94295632 -0.133084666 0.992468357 0.9514422219
-0.30689006 -0.942409416 -0.132977381 0.992468357 0.9514422219
-0.295644347 -0.947084736 -0.12499969 0.992468357 0.9514422219
-0.297381123 -0.946554705 -0.124894585 0.992468357 0.9514422219
-0.302142123 -0.94450248 -0.128938756 0.992468357 0.9514422219
-0.30862044 -0.941859389 -0.132869547 0.992468357 0.9514422219
-0.310349733 -0.941306255 -0.132761354 0.992468357 0.9514422219
-0.229499907 -0.96259074 -0.144044648 0.992468357 0.9514422219
-0.233125236 -0.962380262 -0.139559506 0.992468357 0.9514422219
-0.255157782 -0.95931277 -0.120886375 0.992468357 0.9514422219
-0.184793912 -0.965971929 -0.180968073 0.992468357 0.9514422219
-0.210894592 -0.964636553 -0.158113224 0.992468357 0.9514422219
-0.236741351 -0.962138328 -0.135068024 0.992468357 0.9514422219
-0.262303913 -0.958479874 -0.111861473 0.992468357 0.9514422219
-0.975582848 -0.219298826 0.012088492 0.992468357 0.9514422219
-0.972639061 -0.232207826 0.007265165 0.992468357 0.9514422219
-0.971820139 -0.235180945 0.015985619 0.992468357 0.9514422219
-0.976972821 -0.213296641 -0.005352608 0.992468357 0.9514422219
-0.974026401 -0.226205436 -0.010181919 0.992468357 0.9514422219
-0.973374528 -0.229215828 -0.001460165 0.992468357 0.9514422219
-0.969501895 -0.245071704 0.00243614 0.992468357 0.9514422219
-0.966172736 -0.257884704 -0.002392565 0.992468357 0.9514422219
-0.965356851 -0.260856375 0.006332564 0.992468357 0.9514422219
-0.901059395 0.430816148 -0.049894016 0.9922126432 0.9506533159
-0.91150798 0.406177655 -0.064598101 0.9922126432 0.9506533159
-0.897438539 0.438140705 -0.051349696 0.9922126432 0.9506533159
-0.927438909 0.366113307 -0.076276581 0.992468357 0.9514422219
-0.924305761 0.37364743 -0.077758977 0.9922126432 0.9506533159
-0.92110663 0.381159913 -0.079244544 0.9922126432 0.9506533159
-0.917846524 0.388642615 -0.080713546 0.9922126432 0.9506533159
-0.114828707 -0.965555875 -0.23348709 0.992468357 0.9514422219
-0.13061993 -0.965225248 -0.226447906 0.992468357 0.9514422219
-0.145651549 -0.964964761 -0.218239857 0.992468357 0.9514422219
-0.084591567 -0.964657176 -0.249561213 0.992468357 0.9514422219
-0.100447193 -0.964896038 -0.242664373 0.992468357 0.9514422219
-0.115550669 -0.965202128 -0.23459091 0.992468357 0.9514422219
-0.146372776 -0.964605578 -0.219342402 0.992468357 0.9514422219
-0.162081486 -0.963697678 -0.21217063 0.992468357 0.9514422219
-0.177021376 -0.962868231 -0.203833761 0.992468357 0.9514422219
0.039947026 -0.981922193 -0.185021732 0.992468357 0.9514422219
0.032984204 -0.979651775 -0.197975863 0.992468357 0.9514422219
0.053847955 -0.98581002 -0.158993716 0.992468357 0.9514422219
0.046901789 -0.983975313 -0.172025593 0.992468357 0.9514422219
0.052226914 -0.983015072 -0.175936684 0.992468357 0.9514422219
0.064491978 -0.983877799 -0.166809057 0.992468357 0.9514422219
0.057547135 -0.982011405 -0.179838616 0.992468357 0.9514422219
-0.558311009 -0.828432785 -0.044586306 0.992468357 0.9514422219
-0.53723141 -0.841370859 -0.058970238 0.992468357 0.9514422219
-0.547502626 -0.835233005 -0.051251358 0.992468357 0.9514422219
-0.53788098 -0.840880463 -0.060034139 0.992468357 0.9514422219
-0.516364273 -0.853133607 -0.074370596 0.992468357 0.9514422219
-0.526851468 -0.847337962 -0.066677646 0.992468357 0.9514422219
-0.51571221 -0.853619992 -0.073306379 0.992468357 0.9514422219
-0.49377106 -0.865170137 -0.087582963 0.992468357 0.9514422219
-0.504466182 -0.859724728 -0.079920356 0.992468357 0.9514422219
-0.181425877 -0.944436988 -0.274086531 0.992468357 0.9514422219
-0.187634193 -0.944260159 -0.270492442 0.992468357 0.9514422219
-0.17560101 -0.950144291 -0.257662786 0.992468357 0.9514422219
-0.205309253 -0.931752496 -0.299475202 0.992468357 0.9514422219
-0.199607246 -0.93805076 -0.283227327 0.992468357 0.9514422219
-0.193837268 -0.944034286 -0.266882708 0.992468357 0.9514422219
-0.187998569 -0.949700232 -0.250451607 0.992468357 0.9514422219
-0.039690691 -0.974554896 -0.220606897 0.992468357 0.9514422219
-0.060378 -0.969298953 -0.238356953 0.992468357 0.9514422219
-0.057353125 -0.969725759 -0.2373659 0.992468357 0.9514422219
-0.04574659 -0.973831279 -0.222620506 0.992468357 0.9514422219
-0.066426963 -0.96841552 -0.240330687 0.992468357 0.9514422219
-0.063403437 -0.968862364 -0.239344361 0.992468357 0.9514422219
-0.081019962 -0.963296231 -0.255922131 0.992468357 0.9514422219
-0.101599558 -0.956551185 -0.273289882 0.992468357 0.9514422219
-0.09858664 -0.957136615 -0.272342017 0.992468357 0.9514422219
-0.024982392 -0.974662539 -0.222280938 0.992468357 0.9514422219
-0.026545519 -0.974310799 -0.22363766 0.992468357 0.9514422219
-0.027484359 -0.975264773 -0.219324493 0.992468357 0.9514422219
-0.023103425 -0.972704185 -0.230895649 0.992468357 0.9514422219
-0.025606186 -0.973336943 -0.227946306 0.992468357 0.9514422219
-0.028108577 -0.973954753 -0.224993436 0.992468357 0.9514422219
-0.030610464 -0.974557606 -0.222037095 0.992468357 0.9514422219
0.2948202 -0.950705145 -0.096128961 0.992468357 0.9514422219
0.294840446 -0.951284519 -0.090149186 0.992468357 0.9514422219
0.299066571 -0.94932564 -0.096643754 0.992468357 0.9514422219
0.286335395 -0.954516373 -0.083129626 0.992468357 0.9514422219
0.286332338 -0.955019788 -0.077142706 0.992468357 0.9514422219
0.29059552 -0.953182644 -0.083648622 0.992468357 0.9514422219
0.294850083 -0.951829568 -0.08416592 0.992468357 0.9514422219
0.294848737 -0.952340344 -0.078179862 0.992468357 0.9514422219
0.299098351 -0.950457351 -0.084681764 0.992468357 0.9514422219
-0.931107389 -0.364358393 -0.016792634 0.9922126432 0.9506533159
-0.933991696 -0.357173431 -0.009308714 0.9922126432 0.9506533159
-0.942085458 -0.335349265 0.003982487 0.9922126432 0.9506533159
-0.912396009 -0.407008862 -0.043327933 0.9922126432 0.9506533159
-0.915795674 -0.400040988 -0.035853748 0.9922126432 0.9506533159
-0.925225867 -0.378743767 -0.022588792 0.9922126432 0.9506533159
-0.936766673 -0.34994984 -0.001819277 0.9922126432 0.9506533159
-0.93943368 -0.342683885 0.005667041 0.9922126432 0.9506533159
-0.94700262 -0.320666425 0.018949445 0.9922126432 0.9506533159
-0.858180968 -0.512912125 -0.02113242 0.9922126432 0.9506533159
-0.860049158 -0.509509493 -0.026749239 0.9922126432 0.9506533159
-0.869119991 -0.493248984 -0.036549694 0.9922126432 0.9506533159
-0.870837791 -0.489759085 -0.042161368 0.9922126432 0.9506533159
-0.86552407 -0.499680602 -0.03445838 0.9922126432 0.9506533159
-0.861877172 -0.506083223 -0.032365301 0.9922126432 0.9506533159
-0.863665286 -0.502632928 -0.037979107 0.9922126432 0.9506533159
0.147824709 -0.929240799 -0.338613929 0.992468357 0.9514422219
0.130233454 -0.936379397 -0.325933846 0.992468357 0.9514422219
0.104336789 -0.945157938 -0.309500091 0.992468357 0.9514422219
0.086598915 -0.951122301 -0.296423677 0.992468357 0.9514422219
0.108456431 -0.944103937 -0.311295614 0.992468357 0.9514422219
0.112574415 -0.943030007 -0.313083705 0.992468357 0.9514422219
0.094855957 -0.949188876 -0.300071368 0.992468357 0.9514422219
-0.845976926 -0.532580664 0.026093622 0.992468357 0.9514422219
-0.847734986 -0.529704032 0.027550559 0.992468357 0.9514422219
-0.856354145 -0.516077851 0.017922897 0.992468357 0.9514422219
-0.827777885 -0.559222957 0.045315083 0.992468357 0.9514422219
-0.838817297 -0.543142599 0.037170687 0.992468357 0.9514422219
-0.849482039 -0.526819443 0.029009307 0.992468357 0.9514422219
-0.859766722 -0.510261857 0.020833161 0.992468357 0.9514422219
-0.791357413 -0.610179402 0.03787534 0.992468357 0.9514422219
-0.775761882 -0.630575278 0.023839477 0.992468357 0.9514422219
-0.793872935 -0.606534175 0.043382684 0.992468357 0.9514422219
-0.753761456 -0.657146948 -0.001247502 0.992468357 0.9514422219
-0.736564395 -0.676194163 -0.015308359 0.992468357 0.9514422219
-0.756651134 -0.65380491 0.004266268 0.992468357 0.9514422219
-0.759501555 -0.650431905 0.009783903 0.992468357 0.9514422219
-0.742592979 -0.66972928 -0.004284825 0.992468357 0.9514422219
-0.762316111 -0.647024089 0.015296269 0.992468357 0.9514422219
-0.581296944 -0.813023771 -0.032957713 0.992468357 0.9514422219
-0.585885434 -0.809498359 -0.038087611 0.992468357 0.9514422219
-0.580236242 -0.813825287 -0.031848157 0.992468357 0.9514422219
-0.592523633 -0.804270901 -0.045431947 0.992468357 0.9514422219
-0.597025883 -0.800627388 -0.050555731 0.992468357 0.9514422219
-0.591482148 -0.805098927 -0.044323653 0.992468357 0.9514422219
-0.590438887 -0.80592454 -0.043215232 0.992468357 0.9514422219
-0.594957037 -0.802302526 -0.048340264 0.992468357 0.9514422219
-0.589393859 -0.806747734 -0.042106675 0.992468357 0.9514422219
0.313148064 -0.941234845 -0.126551399 0.992468357 0.9514422219
0.307220923 -0.943617113 -0.12329659 0.992468357 0.9514422219
0.324079419 -0.937362868 -0.127763002 0.992468357 0.9514422219
0.318177064 -0.939818463 -0.124517521 0.992468357 0.9514422219
0.312704359 -0.941733788 -0.123909066 0.992468357 0.9514422219
0.301278117 -0.945950885 -0.120035079 0.992468357 0.9514422219
0.295319801 -0.94823602 -0.116767573 0.992468357 0.9514422219
0.287310612 -0.950954166 -0.114624543 0.9921640837 0.9506557947
0.27637207 -0.95487461 -0.108779397 0.992468357 0.9514422219
0.285662168 -0.951669619 -0.112792116 0.992468357 0.9514422219
0.268713223 -0.957304199 -0.106592092 0.992468357 0.9514422219
0.25769955 -0.960961463 -0.100717467 0.992468357 0.9514422219
0.26705079 -0.957972013 -0.10475446 0.992468357 0.9514422219
0.26538673 -0.958633509 -0.102915886 0.992468357 0.9514422219
0.254356398 -0.962230221 -0.097035177 0.992468357 0.9514422219
0.26372083 -0.959288692 -0.101076848 0.992468357 0.9514422219
-0.091884258 -0.962527437 -0.25514352 0.9921671435 0.9506561059
-0.105041525 -0.964797657 -0.241105285 0.9921671435 0.9506561059
-0.085014211 -0.960761424 -0.264026648 0.9921671435 0.9506561059
-0.131765121 -0.969017461 -0.208909343 0.9921671435 0.9506561059
-0.144781689 -0.970137985 -0.194603576 0.9921671435 0.9506561059
-0.124970206 -0.96792419 -0.217956898 0.9921671435 0.9506561059
-0.118159763 -0.966705636 -0.226976837 0.9921671435 0.9506561059
-0.131232634 -0.96825109 -0.212762362 0.9921671435 0.9506561059
-0.111333034 -0.965362478 -0.235966611 0.9921671435 0.9506561059
-0.977794552 -0.201829685 0.056414462 0.9922126432 0.9506533159
-0.973832496 -0.218296329 0.06322169 0.9922126432 0.9506533159
-0.97194519 -0.226233195 0.064351299 0.9922126432 0.9506533159
-0.951941825 -0.301988704 0.051084082 0.9922126432 0.9506533159
-0.944130618 -0.327825264 0.033881728 0.9922126432 0.9506533159
-0.944224659 -0.327230004 0.036882491 0.992468357 0.9514422219
-0.951855071 -0.303214294 0.045088973 0.9922126432 0.9506533159
-0.943916626 -0.329005096 0.027875624 0.9922126432 0.9506533159
-0.944028506 -0.328415586 0.03087691 0.9922126432 0.9506533159
-0.935352955 -0.353324113 0.016640927 0.9922126432 0.9506533159
-0.925617199 -0.378460592 -0.000617005 0.9922126432 0.9506533159
-0.925837279 -0.377914832 0.002389912 0.9922126432 0.9506533159
-0.864291098 0.502910401 -0.00905682 0.992468357 0.9514422219
-0.865792664 0.500308749 -0.009706667 0.992468357 0.9514422219
-0.857269971 0.514857189 -0.003205007 0.992468357 0.9514422219
-0.880581481 0.473381511 -0.022049936 0.992468357 0.9514422219
-0.874032671 0.48559684 -0.016204919 0.992468357 0.9514422219
-0.867286103 0.497702285 -0.010356185 0.992468357 0.9514422219
-0.860343241 0.509695213 -0.004505396 0.992468357 0.9514422219
-0.923897122 0.370914106 -0.094004438 0.9922126432 0.9506533159
-0.930480834 0.349829036 -0.108743109 0.9922126432 0.9506533159
-0.908782736 0.412280805 -0.06433099 0.9922126432 0.9506533159
-0.916663234 0.391735449 -0.07919504 0.9922126432 0.9506533159
-0.926698538 0.363314474 -0.096085445 0.9922126432 0.9506533159
-0.929434064 0.355691368 -0.098162982 0.9922126432 0.9506533159
-0.935626518 0.334461726 -0.112864396 0.9922126432 0.9506533159
-0.815888989 0.576848553 -0.039634649 0.9922126432 0.9506533159
-0.821319606 0.569451581 -0.03404413 0.9922126432 0.9506533159
-0.815266612 0.577523906 -0.042502831 0.9922126432 0.9506533159
-0.827797745 0.560566828 -0.022709572 0.9922126432 0.9506533159
-0.827230291 0.56128044 -0.025579567 0.9922126432 0.9506533159
-0.82665546 0.561988758 -0.02844972 0.9922126432 0.9506533159
-0.82607294 0.562692284 -0.031319186 0.9922126432 0.9506533159
-0.999802222 0.002914021 -0.019672979 0.9922126432 0.9506533159
-0.999576681 0.021802014 -0.019264748 0.9922126432 0.9506533159
-0.999438393 0.026150905 -0.020953005 0.9922126432 0.9506533159
-0.999850523 -0.005786269 -0.016292687 0.9922126432 0.9506533159
-0.999693222 0.017452734 -0.017574503 0.9922126432 0.9506533159
-0.998994344 0.04068231 -0.018848072 0.9922126432 0.9506533159
-0.997754289 0.063889734 -0.020111724 0.9922126432 0.9506533159
-0.998655765 -0.042971839 -0.028984197 0.9922126432 0.9506533159
-0.998543518 -0.042689679 -0.032991433 0.9922126432 0.9506533159
-0.998832016 -0.043533205 -0.020963393 0.9922126432 0.9506533159
-0.998752011 -0.043253234 -0.024971556 0.9922126432 0.9506533159
-0.999508452 -0.018444925 -0.025350336 0.9922126432 0.9506533159
-0.999745943 0.006092545 -0.021700927 0.9922126432 0.9506533159
-0.999649031 0.006373953 -0.025713551 0.9922126432 0.9506533159
-0.534987037 -0.844812445 -0.008989091 0.992468357 0.9514422219
-0.56357841 -0.826012628 -0.009083736 0.992468357 0.9514422219
-0.549363257 -0.835534751 -0.009038313 0.992468357 0.9514422219
-0.54458117 -0.83868625 -0.006059932 0.992468357 0.9514422219
-0.554100057 -0.832444184 -0.003131669 0.992468357 0.9514422219
-0.56278376 -0.826367969 -0.019759023 0.992468357 0.9514422219
-0.556119766 -0.830978068 -0.014361649 0.992468357 0.9514422219
-0.535943941 -0.844106078 -0.015780396 0.992468357 0.9514422219
-0.54269343 -0.83983973 -0.012372129 0.992468357 0.9514422219
-0.549402658 -0.835509668 -0.008961783 0.992468357 0.9514422219
-0.225662769 -0.936376091 -0.268842204 0.992468357 0.9514422219
-0.231603625 -0.933108426 -0.275078945 0.992468357 0.9514422219
-0.225014434 -0.937724581 -0.26465282 0.992468357 0.9514422219
-0.238776248 -0.926880918 -0.289616413 0.992468357 0.9514422219
-0.238152838 -0.928330407 -0.285457321 0.992468357 0.9514422219
-0.237525015 -0.929761534 -0.281292298 0.992468357 0.9514422219
-0.236892002 -0.93117429 -0.277122032 0.992468357 0.9514422219
0.548822456 -0.835937655 0.001465874 0.992468357 0.9514422219
0.555435395 -0.831542901 -0.005284563 0.992468357 0.9514422219
0.553507232 -0.832842818 -0.001607422 0.992468357 0.9514422219
0.560084045 -0.828393635 -0.008357511 0.992468357 0.9514422219
0.557762615 -0.829972493 -0.006821018 0.992468357 0.9514422219
0.561988065 -0.827057791 -0.012034357 0.992468357 0.9514422219
0.568479712 -0.822482841 -0.018782805 0.992468357 0.9514422219
0.587441686 -0.808725821 -0.029577211 0.992468357 0.9514422219
0.59504859 -0.803086546 -0.031131583 0.992468357 0.9514422219
0.607501097 -0.793778376 -0.029296877 0.992468357 0.9514422219
0.614965904 -0.787950241 -0.030844034 0.992468357 0.9514422219
0.605054615 -0.795580625 -0.030990037 0.992468357 0.9514422219
0.602600753 -0.797373275 -0.032683215 0.992468357 0.9514422219
0.610097432 -0.791586597 -0.034231318 0.992468357 0.9514422219
-0.992861234 -0.115846942 0.028391128 0.9922126432 0.9506533159
-0.994242821 -0.1038117 0.026539493 0.9922126432 0.9506533159
-0.98828642 -0.147061267 0.040779099 0.9922126432 0.9506533159
-0.992298702 -0.119460924 0.032747121 0.9922126432 0.9506533159
-0.995475093 -0.091760121 0.024686441 0.9922126432 0.9506533159
-0.838266995 -0.545241777 -0.004455283 0.9922126432 0.9506533159
-0.836027188 -0.548687637 0.000646451 0.9922126432 0.9506533159
-0.842638233 -0.538280532 -0.014658726 0.9922126432 0.9506533159
-0.840470619 -0.541772827 -0.009557384 0.9922126432 0.9506533159
-0.834553733 -0.550921891 -0.002266417 0.9922126432 0.9506533159
-0.830798185 -0.556573777 -7.7225e-05 0.9922126432 0.9506533159
-0.828493556 -0.559976049 0.00502515 0.9922126432 0.9506533159
-0.801539445 -0.597917165 0.005438906 0.992468357 0.9514422219
-0.792848748 -0.609382748 0.006597648 0.992468357 0.9514422219
-0.818418359 -0.574614382 0.003114621 0.992468357 0.9514422219
-0.810063507 -0.586326545 0.004277453 0.992468357 0.9514422219
-0.803581202 -0.595195111 0.000175824 0.992468357 0.9514422219
-0.805591503 -0.592449552 -0.005085199 0.992468357 0.9514422219
-0.796988516 -0.603981713 -0.003923765 0.992468357 0.9514422219
-0.971311378 0.235497563 0.033092355 0.9922126432 0.9506533159
-0.971873147 0.232804626 0.035561104 0.9922126432 0.9506533159
-0.817260201 0.575377536 -0.032038319 0.9922126432 0.9506533159
-0.85574716 -0.496834778 0.144402223 0.9922126432 0.9506533159
-0.984704029 -0.143609228 0.09866289 0.9922126432 0.9506533159
-0.972364319 0.230226822 0.038771657 0.9922126432 0.9506533159
-0.820553434 0.570913802 -0.027376858 0.9922126432 0.9506533159
0.185039905 -0.976253131 -0.112650155 0.992468357 0.9514422219
0.182887835 -0.976545432 -0.113626839 0.992468357 0.9514422219
0.208731648 -0.973925217 -0.088886278 0.992468357 0.9514422219
0.132703837 -0.977879718 -0.161681627 0.992468357 0.9514422219
0.130525051 -0.978014887 -0.162634841 0.992468357 0.9514422219
0.156807364 -0.977909366 -0.138219836 0.992468357 0.9514422219
0.180733421 -0.976832595 -0.114601536 0.992468357 0.9514422219
0.178579341 -0.977113793 -0.115577048 0.992468357 0.9514422219
0.204456348 -0.974650175 -0.090855036 0.992468357 0.9514422219
-0.689650794 -0.724133892 0.003447862 0.992468357 0.9514422219
-0.671567237 -0.740884793 -0.009336432 0.992468357 0.9514422219
-0.688315332 -0.725384834 0.006232702 0.992468357 0.9514422219
-0.655638057 -0.754567836 -0.027678878 0.992468357 0.9514422219
-0.654306247 -0.755819679 -0.024898776 0.992468357 0.9514422219
-0.652965479 -0.757064767 -0.022113863 0.992468357 0.9514422219
-0.651619578 -0.758299521 -0.019332906 0.992468357 0.9514422219
0.450647964 -0.892366086 -0.024478162 0.992468357 0.9514422219
0.435648071 -0.899237008 -0.039793987 0.992468357 0.9514422219
0.423464762 -0.904516051 -0.050282288 0.992468357 0.9514422219
0.474291436 -0.88036112 -0.003454257 0.992468357 0.9514422219
0.447708016 -0.893699766 -0.029296079 0.992468357 0.9514422219
0.420428764 -0.905651472 -0.055091432 0.992468357 0.9514422219
0.392496286 -0.91619755 -0.080800465 0.992468357 0.9514422219
0.37829037 -0.921043668 -0.092601065 0.992468357 0.9514422219
0.365030701 -0.925154045 -0.104127712 0.992468357 0.9514422219
0.391425867 -0.916633984 -0.081042761 0.992468357 0.9514422219
0.366627738 -0.92489871 -0.100729724 0.992468357 0.9514422219
0.341437608 -0.932172707 -0.120309621 0.992468357 0.9514422219
-0.336718218 -0.924764306 -0.177290212 0.992468357 0.9514422219
-0.332458735 -0.927369312 -0.171631433 0.992468357 0.9514422219
-0.335378238 -0.926047057 -0.173084618 0.992468357 0.9514422219
-0.331107859 -0.92862161 -0.167420106 0.992468357 0.9514422219
-0.331784205 -0.927997905 -0.16952619 0.992468357 0.9514422219
-0.328180359 -0.929921496 -0.165962835 0.992468357 0.9514422219
-0.323883316 -0.932420714 -0.160284776 0.992468357 0.9514422219
-0.310508504 -0.939872151 -0.142213957 0.992468357 0.9514422219
-0.312502089 -0.939239961 -0.142023732 0.992468357 0.9514422219
-0.311505495 -0.939556568 -0.142118901 0.992468357 0.9514422219
-0.314101703 -0.93793674 -0.147019699 0.992468357 0.9514422219
-0.317682416 -0.935964046 -0.151819587 0.992468357 0.9514422219
-0.806894785 -0.587992285 0.056443587 0.992468357 0.9514422219
-0.808724289 -0.585535463 0.055796465 0.992468357 0.9514422219
-0.783293951 -0.618801437 0.059458961 0.992468357 0.9514422219
-0.797122975 -0.601090324 0.057318279 0.992468357 0.9514422219
-0.810545863 -0.583072941 0.055148441 0.992468357 0.9514422219
-0.010317737 -0.969981664 -0.242959083 0.9921640837 0.9506557947
-0.017115837 -0.970505252 -0.240471626 0.9921640837 0.9506557947
0.003279731 -0.968781232 -0.247895477 0.9921640837 0.9506557947
-0.003519094 -0.969406981 -0.245433739 0.9921640837 0.9506557947
-0.001705589 -0.969222349 -0.246181091 0.9921640837 0.9506557947
0.006906707 -0.968380529 -0.249382135 0.9921640837 0.9506557947
0.000107925 -0.969033956 -0.24692748 0.9921640837 0.9506557947
0.010671755 -0.967411498 -0.252984403 0.9921640837 0.9506557947
-2.524e-05 -0.968638662 -0.248473623 0.9921640837 0.9506557947
0.010373787 -0.968063429 -0.250490684 0.9921640837 0.9506557947
-0.010126118 -0.968469563 -0.248926029 0.9921640837 0.9506557947
-0.010424399 -0.969104881 -0.246428613 0.9921640837 0.9506557947
-0.010722366 -0.969733817 -0.243928996 0.9921640837 0.9506557947
-0.01102037 -0.970356092 -0.241428264 0.9921640837 0.9506557947
-0.999922194 -0.010975689 0.005927924 0.9922126432 0.9506533159
-0.999736964 -0.021175014 0.008810285 0.9922126432 0.9506533159
-0.997597412 -0.066357115 0.019903168 0.9922126432 0.9506533159
-0.996807095 -0.076529877 0.022777042 0.992468357 0.9514422219
-0.998680051 -0.048872437 0.015800032 0.9922126432 0.9506533159
-0.999439394 -0.031371889 0.011691955 0.9922126432 0.9506533159
-0.99902952 -0.041565358 0.014571839 0.992468357 0.9514422219
-0.015174624 -0.967293126 -0.253206911 0.9921671435 0.9506561059
-0.007627143 -0.968557795 -0.24867172 0.9921671435 0.9506561059
-0.020086936 -0.967219345 -0.253146706 0.9921671435 0.9506561059
0.231091712 -0.968406683 -0.093728959 0.9921640837 0.9506557947
0.218432888 -0.971633432 -0.090639656 0.9921640837 0.9506557947
0.256282197 -0.961430277 -0.099856187 0.9921640837 0.9506557947
0.243708912 -0.965005427 -0.0968013 0.9921640837 0.9506557947
0.232745654 -0.967994916 -0.093889842 0.9921640837 0.9506557947
0.234398893 -0.96758031 -0.094050533 0.9921640837 0.9506557947
0.221750348 -0.9708512 -0.090965547 0.9921640837 0.9506557947
0.215041476 -0.971945187 -0.095287548 0.9921640837 0.9506557947
0.198664353 -0.974334071 -0.105856476 0.9921640837 0.9506557947
0.207070001 -0.97302416 -0.101715287 0.9921640837 0.9506557947
0.198251218 -0.97466278 -0.103580496 0.9921640837 0.9506557947
0.181800363 -0.976692131 -0.114110077 0.9921640837 0.9506557947
0.190240658 -0.975556849 -0.109987848 0.9921640837 0.9506557947
0.182210358 -0.976347322 -0.116384242 0.9921640837 0.9506557947
0.165685932 -0.977984149 -0.126866766 0.9921640837 0.9506557947
0.174160573 -0.977034354 -0.122767935 0.9921640837 0.9506557947
0.040384815 -0.975166149 -0.217761448 0.992468357 0.9514422219
0.036542149 -0.974148719 -0.222932603 0.992468357 0.9514422219
0.012553904 -0.970412912 -0.241124823 0.992468357 0.9514422219
0.088216389 -0.979573342 -0.180704003 0.992468357 0.9514422219
0.084400361 -0.978926598 -0.185955086 0.992468357 0.9514422219
0.060499385 -0.976987185 -0.204538172 0.992468357 0.9514422219
0.032700552 -0.973089062 -0.228097241 0.992468357 0.9514422219
0.028855519 -0.971988671 -0.233249615 0.992468357 0.9514422219
0.004855759 -0.967884754 -0.251347419 0.992468357 0.9514422219
0.002929282 -0.966361855 -0.257169565 0.992468357 0.9514422219
-0.000238093 -0.966983072 -0.254840502 0.992468357 0.9514422219
0.006775208 -0.965955424 -0.258619827 0.992468357 0.9514422219
0.001684915 -0.966789565 -0.255568186 0.992468357 0.9514422219
-0.003405449 -0.967588976 -0.252507379 0.992468357 0.9514422219
-0.50904863 -0.860662527 -0.011380058 0.9921671435 0.9506561059
-0.506139474 -0.862375939 -0.011426858 0.9921671435 0.9506561059
-0.474071425 -0.879980641 -0.029838826 0.9921671435 0.9506561059
-0.488735731 -0.872187234 -0.020659495 0.9921671435 0.9506561059
-0.503224072 -0.864079808 -0.011472521 0.9921671435 0.9506561059
-0.982314636 0.183590047 -0.036778404 0.9922126432 0.9506533159
-0.97956174 0.196289639 -0.04392238 0.9922126432 0.9506533159
-0.982090391 0.184788281 -0.036766213 0.9922126432 0.9506533159
-0.977099255 0.206561197 -0.051083431 0.9922126432 0.9506533159
-0.97394692 0.219178485 -0.058208149 0.9922126432 0.9506533159
-0.976847082 0.207753723 -0.051070229 0.9922126432 0.9506533159
-0.976593443 0.208946067 -0.05105672 0.9922126432 0.9506533159
-0.973410414 0.221556423 -0.058180041 0.9922126432 0.9506533159
-0.976338368 0.210137974 -0.051043344 0.9922126432 0.9506533159
0.605491246 -0.794972439 -0.037405504 0.992468357 0.9514422219
0.596835163 -0.801624908 -0.03442811 0.992468357 0.9514422219
0.601152529 -0.798114129 -0.04036675 0.992468357 0.9514422219
0.594653536 -0.803179772 -0.035908567 0.992468357 0.9514422219
0.588102475 -0.808174847 -0.031446706 0.992468357 0.9514422219
0.725920589 -0.683529693 0.076331238 0.992468357 0.9514422219
0.72106568 -0.689339909 0.069819585 0.992468357 0.9514422219
0.735411957 -0.671705467 0.089336544 0.992468357 0.9514422219
0.730703563 -0.677650368 0.082838886 0.992468357 0.9514422219
0.720521222 -0.687975114 0.086829781 0.992468357 0.9514422219
0.715008463 -0.69231001 0.09731263 0.992468357 0.9514422219
0.710177161 -0.698143189 0.090799159 0.992468357 0.9514422219
-0.839086955 0.542476048 -0.040654881 0.992468357 0.9514422219
-0.83624292 0.546945799 -0.039345537 0.992468357 0.9514422219
-0.818873556 0.57147922 -0.053456526 0.992468357 0.9514422219
-0.826211416 0.561499431 -0.045750237 0.992468357 0.9514422219
-0.833373538 0.551400028 -0.038033607 0.992468357 0.9514422219
-0.854601659 0.519162018 -0.011260719 0.992468357 0.9514422219
-0.853044309 0.521730612 -0.010610132 0.992468357 0.9514422219
-0.839467849 0.542902642 -0.023461711 0.992468357 0.9514422219
-0.837845452 0.54543078 -0.022809292 0.992468357 0.9514422219
-0.845544388 0.533643518 -0.016711761 0.992468357 0.9514422219
-0.851478712 0.524294597 -0.009958835 0.992468357 0.9514422219
-0.84990524 0.526853339 -0.009308218 0.9922126432 0.9506533159
-0.989283694 0.141142263 -0.037371564 0.9922126432 0.9506533159
-0.990111696 0.135455248 -0.036478844 0.9922126432 0.9506533159
-0.995487102 0.091331967 -0.025766281 0.9922126432 0.9506533159
-0.993394656 0.110569804 -0.030681848 0.9922126432 0.9506533159
-0.990906206 0.129763545 -0.03558531 0.9922126432 0.9506533159
0.624636551 -0.780851603 -0.009997673 0.992468357 0.9514422219
0.611458023 -0.791070166 -0.018085316 0.992468357 0.9514422219
0.618073927 -0.785994539 -0.014042974 0.992468357 0.9514422219
0.638540724 -0.769554619 -0.007171536 0.992468357 0.9514422219
0.652234562 -0.758004764 -0.004342224 0.992468357 0.9514422219
-0.68639721 -0.727053845 -0.015861134 0.992468357 0.9514422219
-0.681022947 -0.731715812 -0.028279247 0.992468357 0.9514422219
-0.683728479 -0.729402604 -0.022072807 0.992468357 0.9514422219
-0.669567261 -0.742152341 -0.029825933 0.992468357 0.9514422219
-0.652265279 -0.756725951 -0.043770315 0.992468357 0.9514422219
0.145237318 -0.949645553 -0.277631853 0.992468357 0.9514422219
0.13564635 -0.951570495 -0.275887043 0.992468357 0.9514422219
0.160243532 -0.94575255 -0.282620106 0.992468357 0.9514422219
0.150676112 -0.947829294 -0.280920519 0.992468357 0.9514422219
0.143165952 -0.949731354 -0.278413121 0.992468357 0.9514422219
0.126041869 -0.953401386 -0.274115384 0.992468357 0.9514422219
0.116425012 -0.955138182 -0.272316488 0.992468357 0.9514422219
-0.509825965 -0.860207715 -0.010962311 0.9921671435 0.9506561059
-0.521811887 -0.853039736 -0.005963493 0.9921671435 0.9506561059
-0.485521212 -0.873973627 -0.020958353 0.9921671435 0.9506561059
-0.497728052 -0.867186239 -0.015962867 0.9921671435 0.9506561059
-0.517006266 -0.85585708 -0.01460067 0.9921671435 0.9506561059
-0.524142517 -0.851435317 -0.018235215 0.9921671435 0.9506561059
-0.536024253 -0.844098931 -0.013228555 0.9921671435 0.9506561059
-0.376238399 -0.920012416 -0.109644064 0.9921671435 0.9506561059
-0.397402375 -0.913179131 -0.090416959 0.9921671435 0.9506561059
-0.394638628 -0.913690851 -0.097105004 0.9921671435 0.9506561059
-0.38185432 -0.919192622 -0.096292272 0.9921671435 0.9506561059
-0.400143114 -0.912620608 -0.083720454 0.9921671435 0.9506561059
-0.418220789 -0.905557852 -0.071108008 0.9921671435 0.9506561059
-0.436073252 -0.898010526 -0.058456944 0.9921671435 0.9506561059
0.210531612 -0.970710012 -0.115751949 0.9921640837 0.9506557947
0.235396049 -0.965761167 -0.109059933 0.9921640837 0.9506557947
0.222982926 -0.968318949 -0.11241454 0.9921640837 0.9506557947
0.232039005 -0.966032059 -0.113753952 0.9921640837 0.9506557947
0.253432775 -0.960882471 -0.111699171 0.9921640837 0.9506557947
0.102873137 -0.981589613 -0.160931502 0.9921640837 0.9506557947
0.091905527 -0.980800286 -0.172000503 0.9921640837 0.9506557947
0.119124529 -0.98204509 -0.146276409 0.9921640837 0.9506557947
0.100055562 -0.981253993 -0.164710308 0.9921640837 0.9506557947
0.080915922 -0.979772095 -0.183028019 0.9921640837 0.9506557947
-0.875151794 -0.483797743 0.007005835 0.992468357 0.9514422219
-0.884055359 -0.467379653 0.001543296 0.992468357 0.9514422219
-0.865916768 -0.500032748 0.012466028 0.992468357 0.9514422219
-0.867581736 -0.497099689 0.013922313 0.992468357 0.9514422219
-0.869234772 -0.494160367 0.015376707 0.992468357 0.9514422219
-0.155627144 -0.938783654 -0.307352312 0.9921640837 0.9506557947
-0.170847669 -0.924134049 -0.341741617 0.9921640837 0.9506557947
-0.163271164 -0.931648534 -0.324612901 0.9921640837 0.9506557947
-0.159694374 -0.933553776 -0.320897265 0.9921640837 0.9506557947
-0.163726608 -0.928111626 -0.334368671 0.9921640837 0.9506557947
-0.132269241 -0.950474358 -0.281253164 0.992468357 0.9514422219
-0.147494925 -0.946103926 -0.288327261 0.992468357 0.9514422219
-0.101703505 -0.958356042 -0.266852194 0.992468357 0.9514422219
-0.117003863 -0.954558812 -0.27409409 0.992468357 0.9514422219
-0.124694075 -0.95293577 -0.276341827 0.992468357 0.9514422219
-0.117107641 -0.955313596 -0.271406953 0.992468357 0.9514422219
-0.132375606 -0.951248903 -0.278571757 0.992468357 0.9514422219
-0.848016281 0.52842511 -0.040438719 0.992468357 0.9514422219
-0.84857481 0.527458944 -0.041326185 0.992468357 0.9514422219
-0.83790622 0.543810035 -0.046731281 0.992468357 0.9514422219
0.656800309 -0.753898626 -0.015818201 0.992468357 0.9514422219
0.656021984 -0.754613135 -0.013934599 0.992468357 0.9514422219
0.694511712 -0.71924535 0.018428448 0.992468357 0.9514422219
0.675194001 -0.737633291 0.003192105 0.992468357 0.9514422219
0.655239097 -0.755325484 -0.012047389 0.992468357 0.9514422219
0.142163722 -0.930465527 -0.33767348 0.9921671435 0.9506561059
0.15320535 -0.925070557 -0.347523504 0.9921671435 0.9506561059
0.178100189 -0.909633399 -0.375296419 0.9921671435 0.9506561059
0.171167678 -0.914609867 -0.366320102 0.9921671435 0.9506561059
0.16420967 -0.919446195 -0.357286829 0.9921671435 0.9506561059
0.224330319 -0.897948731 -0.378634368 0.9921671435 0.9506561059
0.216857632 -0.897699164 -0.383547882 0.9921671435 0.9506561059
0.205377884 -0.89818068 -0.388704761 0.9921671435 0.9506561059
0.207373123 -0.897781107 -0.38856849 0.9921671435 0.9506561059
0.209367586 -0.897377725 -0.388430731 0.9921671435 0.9506561059
0.000820269 -0.982717395 -0.185110367 0.992468357 0.9514422219
0.004717891 -0.983271142 -0.182086799 0.992468357 0.9514422219
-0.006975051 -0.981537297 -0.191143622 0.992468357 0.9514422219
-0.003077456 -0.982139451 -0.188129285 0.992468357 0.9514422219
0.006733992 -0.983761284 -0.179355485 0.992468357 0.9514422219
0.012647279 -0.984737108 -0.17358823 0.992468357 0.9514422219
0.016544285 -0.985210091 -0.170550176 0.992468357 0.9514422219
0.002237483 -0.982186745 -0.187894098 0.992468357 0.9514422219
-0.002614337 -0.980165579 -0.198163073 0.992468357 0.9514422219
-0.006047978 -0.980162722 -0.198102147 0.992468357 0.9514422219
0.009104329 -0.982126291 -0.188002817 0.992468357 0.9514422219
0.000820089 -0.980156756 -0.198222251 0.992468357 0.9514422219
-0.007465054 -0.978013855 -0.208406266 0.992468357 0.9514422219
-0.015748872 -0.97569795 -0.218553161 0.992468357 0.9514422219
0.314557141 -0.834038782 -0.453247301 0.992468357 0.9514422219
0.312772085 -0.83583325 -0.451172252 0.992468357 0.9514422219
0.309757826 -0.83912607 -0.44712138 0.992468357 0.9514422219
0.320538972 -0.827329387 -0.46128175 0.992468357 0.9514422219
0.315774962 -0.832510056 -0.455206744 0.992468357 0.9514422219
0.310983662 -0.837618763 -0.449092384 0.992468357 0.9514422219
0.306165492 -0.842655066 -0.442939196 0.992468357 0.9514422219
-0.556847778 -0.830480237 -0.014937486 0.992468357 0.9514422219
-0.569872508 -0.821617137 -0.013805971 0.992468357 0.9514422219
-0.530384822 -0.847582726 -0.017189038 0.992468357 0.9514422219
-0.54368413 -0.839136141 -0.016065626 0.992468357 0.9514422219
-0.531011513 -0.847205993 -0.01639446 0.992468357 0.9514422219
-0.504671132 -0.863127405 -0.017836238 0.9921671435 0.9506561059
-0.518218999 -0.855084506 -0.01671996 0.992468357 0.9514422219
-0.013944755 -0.971114377 -0.238206657 0.992468357 0.9514422219
-0.016737645 -0.973371643 -0.228620857 0.992468357 0.9514422219
-0.029843776 -0.975405239 -0.218389489 0.992468357 0.9514422219
-0.032631444 -0.97742475 -0.208748767 0.992468357 0.9514422219
-0.024687086 -0.975479115 -0.218703097 0.992468357 0.9514422219
-0.019528752 -0.975527029 -0.219010599 0.992468357 0.9514422219
-0.022318827 -0.977579999 -0.209378163 0.992468357 0.9514422219
-0.2887617 -0.951143381 -0.109283803 0.9921671435 0.9506561059
-0.272654041 -0.955400902 -0.113441133 0.9921671435 0.9506561059
-0.304784911 -0.946605155 -0.10509443 0.9921671435 0.9506561059
-0.303480712 -0.946474267 -0.109935978 0.9921671435 0.9506561059
-0.302168355 -0.946320039 -0.114772247 0.9921671435 0.9506561059
-0.235700721 -0.96500457 -0.114940641 0.9921671435 0.9506561059
-0.250639874 -0.961700619 -0.110957529 0.9921671435 0.9506561059
-0.22070276 -0.968067201 -0.118895699 0.9921671435 0.9506561059
-0.238097079 -0.96434465 -0.115538642 0.9921671435 0.9506561059
-0.255413245 -0.960306196 -0.112143142 0.9921671435 0.9506561059
-0.239743785 -0.905009228 -0.351398939 0.992468357 0.9514422219
-0.232790045 -0.903701155 -0.359350828 0.992468357 0.9514422219
-0.231395433 -0.905110462 -0.356694835 0.992468357 0.9514422219
-0.242531188 -0.902184957 -0.356708461 0.992468357 0.9514422219
-0.235571702 -0.900852501 -0.364651539 0.992468357 0.9514422219
-0.23418241 -0.902281642 -0.362003367 0.992468357 0.9514422219
-0.22581024 -0.902290415 -0.367262497 0.992468357 0.9514422219
-0.218805042 -0.90077744 -0.375132453 0.992468357 0.9514422219
-0.217416189 -0.902210984 -0.372485625 0.992468357 0.9514422219
-0.962625995 0.260407152 -0.074426534 0.992468357 0.9514422219
-0.956194487 0.281754167 -0.07941468 0.992468357 0.9514422219
-0.973978615 0.217316608 -0.064336214 0.9922126432 0.9506533159
-0.968555069 0.238924216 -0.069399551 0.992468357 0.9514422219
-0.969037091 0.237120695 -0.068854136 0.992468357 0.9514422219
-0.974852797 0.213688519 -0.063239556 0.9922126432 0.9506533159
-0.969515447 0.235316247 -0.068308583 0.992468357 0.9514422219
-0.962496683 0.261759536 -0.071288712 0.992468357 0.9514422219
-0.946277714 0.314031316 -0.077089692 0.992468357 0.9514422219
-0.954748774 0.288004962 -0.074215363 0.992468357 0.9514422219
-0.95547968 0.284881719 -0.076817879 0.992468357 0.9514422219
-0.947875791 0.307829409 -0.082295443 0.992468357 0.9514422219
0.603404662 -0.796897194 -0.029286108 0.992468357 0.9514422219
0.615490417 -0.787578384 -0.02986363 0.992468357 0.9514422219
0.631920258 -0.774577711 -0.026573609 0.992468357 0.9514422219
0.629680225 -0.776331343 -0.02850368 0.992468357 0.9514422219
0.627432705 -0.7780758 -0.030434363 0.992468357 0.9514422219
-0.293185338 -0.853803448 -0.430188365 0.992468357 0.9514422219
-0.295100722 -0.853019625 -0.4304336 0.992468357 0.9514422219
-0.283393938 -0.865651601 -0.412716831 0.992468357 0.9514422219
-0.316075316 -0.827046862 -0.46485469 0.992468357 0.9514422219
-0.317969708 -0.826201313 -0.465066292 0.992468357 0.9514422219
-0.306628793 -0.839866811 -0.447886731 0.992468357 0.9514422219
-0.297016271 -0.852232026 -0.430676106 0.992468357 0.9514422219
-0.298929042 -0.85144074 -0.430917735 0.992468357 0.9514422219
-0.287241427 -0.864135772 -0.413233263 0.992468357 0.9514422219
-0.327908023 -0.816397344 -0.475364812 0.992468357 0.9514422219
-0.318596462 -0.829570857 -0.458594034 0.992468357 0.9514422219
-0.329202627 -0.823246418 -0.462483476 0.992468357 0.9514422219
-0.319208369 -0.832896113 -0.452095214 0.992468357 0.9514422219
-0.309114619 -0.842295359 -0.441572961 0.992468357 0.9514422219
-0.056743725 -0.968741678 -0.241494743 0.9921640837 0.9506557947
-0.043742915 -0.968628197 -0.244634368 0.9921640837 0.9506557947
-0.05780452 -0.967968636 -0.244326332 0.9921640837 0.9506557947
-0.937162398 0.334856261 -0.097968997 0.9922126432 0.9506533159
-0.932780759 0.347104302 -0.097152762 0.9922126432 0.9506533159
-0.940872003 0.320706973 -0.109118795 0.9922126432 0.9506533159
-0.919134867 0.38695785 -0.07385607 0.9922126432 0.9506533159
-0.914069264 0.398937907 -0.07297894 0.992468357 0.9514422219
-0.923843467 0.373190016 -0.085102644 0.9922126432 0.9506533159
-0.928239219 0.359296057 -0.096323908 0.9922126432 0.9506533159
-0.923541794 0.37142399 -0.095471328 0.992468357 0.9514422219
-0.932322835 0.345277797 -0.107505232 0.9922126432 0.9506533159
-0.030838545 -0.971851265 -0.233568197 0.992468357 0.9514422219
-0.042362964 -0.973025473 -0.226774798 0.992468357 0.9514422219
-0.03660158 -0.972460291 -0.230176684 0.992468357 0.9514422219
-0.030186775 -0.971934954 -0.23330496 0.992468357 0.9514422219
-0.029535017 -0.972018144 -0.233041648 0.992468357 0.9514422219
-0.016113199 -0.970545456 -0.240378623 0.9921640837 0.9506557947
0.001110724 -0.969058065 -0.246830371 0.9921640837 0.9506557947
-0.007501556 -0.96984304 -0.24361487 0.9921640837 0.9506557947
-0.015110516 -0.97058469 -0.240285313 0.9921640837 0.9506557947
-0.014107846 -0.97062292 -0.24019183 0.9921640837 0.9506557947
-0.929381776 0.363752391 -0.062719319 0.992468357 0.9514422219
-0.919089826 0.389496987 -0.059715904 0.992468357 0.9514422219
-0.901882365 0.428690274 -0.053224515 0.992468357 0.9514422219
-0.889783776 0.453623132 -0.050108738 0.992468357 0.9514422219
-0.905009841 0.421827071 -0.054946431 0.992468357 0.9514422219
-0.908083019 0.414938727 -0.056666414 0.992468357 0.9514422219
-0.896370156 0.440057585 -0.05357113 0.992468357 0.9514422219
-0.923130086 0.381778005 -0.045567514 0.992468357 0.9514422219
-0.925282382 0.375795789 -0.0512839 0.992468357 0.9514422219
-0.899406992 0.434526139 -0.047477328 0.992468357 0.9514422219
-0.91396463 0.402412413 -0.052277188 0.992468357 0.9514422219
-0.927365801 0.369787349 -0.057008668 0.992468357 0.9514422219
-0.027385207 -0.961962235 -0.271806382 0.992468357 0.9514422219
-0.036849772 -0.960523666 -0.275746953 0.992468357 0.9514422219
-0.032117989 -0.96125585 -0.273780251 0.992468357 0.9514422219
-0.034579137 -0.96017223 -0.277260838 0.992468357 0.9514422219
-0.041770188 -0.958300921 -0.282691697 0.992468357 0.9514422219
0.338658531 -0.837379875 -0.429074987 0.992468357 0.9514422219
0.355382884 -0.820179269 -0.448340243 0.992468357 0.9514422219
0.321613983 -0.853788296 -0.409401993 0.992468357 0.9514422219
0.327660243 -0.851165943 -0.410067436 0.992468357 0.9514422219
0.333686161 -0.848506135 -0.410719959 0.992468357 0.9514422219
0.364862571 -0.80302559 -0.471195507 0.992468357 0.9514422219
0.35294165 -0.813943544 -0.461441327 0.992468357 0.9514422219
0.362806424 -0.798646613 -0.480140694 0.992468357 0.9514422219
0.351934992 -0.811808871 -0.465948623 0.992468357 0.9514422219
0.340892147 -0.824571354 -0.45152478 0.992468357 0.9514422219
-0.854220625 0.518117055 -0.043149067 0.992468357 0.9514422219
-0.843768743 0.534601481 -0.047492783 0.992468357 0.9514422219
-0.854612977 0.517441128 -0.043489516 0.992468357 0.9514422219
-0.844172808 0.533932734 -0.047834156 0.992468357 0.9514422219
-0.84397086 0.534267135 -0.047663572 0.992468357 0.9514422219
-0.832979499 0.550872109 -0.051817709 0.992468357 0.9514422219
-0.821857191 0.566922471 -0.056121913 0.992468357 0.9514422219
-0.987814216 -0.134235353 -0.078765125 0.992468357 0.9514422219
-0.989702699 -0.114630478 -0.08572293 0.992468357 0.9514422219
-0.987865362 -0.153189172 -0.025595008 0.992468357 0.9514422219
-0.642577773 -0.76576873 -0.026307003 0.992468357 0.9514422219
0.020213989 -0.99971158 -0.012967285 0.992468357 0.9514422219
0.513129925 -0.858276135 -0.00773021 0.992468357 0.9514422219
0.492888536 -0.870031218 -0.010323316 0.9921640837 0.9506557947
0.500009842 -0.865979848 -0.008310248 0.9921640837 0.9506557947
0.498977822 -0.866534996 -0.011757317 0.9921640837 0.9506557947
0.485732168 -0.874020636 -0.012336437 0.9921640837 0.9506557947
0.472373803 -0.881303741 -0.012911484 0.9921640837 0.9506557947
0.458906022 -0.888382488 -0.013483963 0.9921640837 0.9506557947
-0.862738547 -0.503954636 0.041375415 0.992468357 0.9514422219
-0.873263767 -0.485705134 0.03874165 0.992468357 0.9514422219
-0.851824401 -0.521976959 0.043991414 0.992468357 0.9514422219
-0.845101892 -0.532798351 0.043917065 0.992468357 0.9514422219
-0.838242267 -0.543533085 0.043837051 0.992468357 0.9514422219
-0.260228555 -0.857233223 -0.444333546 0.992468357 0.9514422219
-0.260010703 -0.864301663 -0.430554376 0.992468357 0.9514422219
-0.25480662 -0.862872503 -0.436491271 0.992468357 0.9514422219
-0.035174691 -0.97394668 -0.224032601 0.992468357 0.9514422219
-0.025907333 -0.973783826 -0.225995288 0.992468357 0.9514422219
-0.042533583 -0.975648445 -0.215176687 0.992468357 0.9514422219
-0.001901178 -0.969400711 -0.245476368 0.9921671435 0.9506561059
0.007372176 -0.968896651 -0.247355879 0.992468357 0.9514422219
-0.009269553 -0.971532916 -0.236723191 0.992468357 0.9514422219
-0.016636403 -0.973533816 -0.2279367 0.992468357 0.9514422219
-0.007365496 -0.97319586 -0.229859887 0.992468357 0.9514422219
-0.024002516 -0.975402285 -0.219121567 0.992468357 0.9514422219
0.220436921 -0.96819248 -0.118367583 0.992468357 0.9514422219
0.208478372 -0.969881066 -0.125966208 0.992468357 0.9514422219
0.238916693 -0.963858433 -0.117880173 0.992468357 0.9514422219
0.217755276 -0.967869215 -0.125745066 0.992468357 0.9514422219
0.196478373 -0.971371575 -0.133542176 0.992468357 0.9514422219
-0.988156832 -0.153383704 -0.004417499 0.9922126432 0.9506533159
-0.983254365 -0.181762088 0.013168016 0.9922126432 0.9506533159
-0.985845831 -0.167597297 0.004375277 0.9922126432 0.9506533159
-0.98627984 -0.164960995 0.006320342 0.9922126432 0.9506533159
-0.984153325 -0.176497469 0.017055102 0.9922126432 0.9506533159
0.568513705 -0.822620752 -0.00934161 0.992468357 0.9514422219
0.572963592 -0.819550542 -0.007044929 0.992468357 0.9514422219
0.560405329 -0.82817697 -0.008292989 0.992468357 0.9514422219
0.5648839 -0.825148607 -0.005996329 0.992468357 0.9514422219
0.56893067 -0.822359638 -0.006520633 0.992468357 0.9514422219
0.577393671 -0.816452085 -0.004747714 0.992468357 0.9514422219
0.581803816 -0.813325467 -0.002450474 0.992468357 0.9514422219
0.543300771 -0.839449371 0.012207591 0.992468357 0.9514422219
0.54861115 -0.836055189 0.006125992 0.992468357 0.9514422219
0.547068829 -0.837039013 0.009021459 0.992468357 0.9514422219
0.546398067 -0.83750103 0.006416912 0.992468357 0.9514422219
0.551676464 -0.834058132 0.000334838 0.992468357 0.9514422219
0.550146998 -0.835061582 0.003230389 0.992468357 0.9514422219
0.553879409 -0.8325969 4.3859e-05 0.992468357 0.9514422219
0.559105147 -0.829074769 -0.006038304 0.992468357 0.9514422219
0.557595081 -0.830107131 -0.003142699 0.992468357 0.9514422219
-0.099391002 -0.958955438 -0.265567122 0.992468357 0.9514422219
-0.107099009 -0.95748694 -0.267859222 0.992468357 0.9514422219
-0.083955567 -0.961700094 -0.260929859 0.992468357 0.9514422219
-0.091676316 -0.960359834 -0.263257369 0.992468357 0.9514422219
-0.081638421 -0.96225084 -0.25963145 0.992468357 0.9514422219
-0.063856323 -0.965198614 -0.25360206 0.992468357 0.9514422219
-0.071590909 -0.96402878 -0.255975101 0.992468357 0.9514422219
0.516222443 -0.855668732 -0.036679832 0.992468357 0.9514422219
0.494298349 -0.867987208 -0.047616681 0.992468357 0.9514422219
0.477931332 -0.877232715 -0.045215106 0.992468357 0.9514422219
0.547948854 -0.835487019 -0.041394369 0.992468357 0.9514422219
0.526495949 -0.848561219 -0.052401069 0.992468357 0.9514422219
0.51049119 -0.858426636 -0.050024558 0.992468357 0.9514422219
0.472005863 -0.879649591 -0.058541121 0.992468357 0.9514422219
0.44935976 -0.890650238 -0.069411522 0.992468357 0.9514422219
0.432576085 -0.899109702 -0.066930372 0.992468357 0.9514422219
-0.516318889 -0.855375245 -0.041809042 0.992468357 0.9514422219
-0.48901651 -0.870245726 -0.059457794 0.992468357 0.9514422219
-0.502747494 -0.862948466 -0.050644861 0.992468357 0.9514422219
-0.530993453 -0.846209787 -0.044440407 0.992468357 0.9514422219
-0.545502662 -0.836787274 -0.047052144 0.992468357 0.9514422219
-0.223558433 -0.965665682 -0.132330713 0.992468357 0.9514422219
-0.23620316 -0.962770718 -0.131455742 0.992468357 0.9514422219
-0.247318043 -0.961071874 -0.123185384 0.992468357 0.9514422219
0.32244316 -0.849016837 -0.418569969 0.992468357 0.9514422219
0.319367761 -0.854788493 -0.409073179 0.992468357 0.9514422219
0.324358823 -0.853697917 -0.407420202 0.992468357 0.9514422219
0.321243157 -0.859361036 -0.397871139 0.992468357 0.9514422219
0.320311784 -0.85709077 -0.403479582 0.992468357 0.9514422219
0.316250192 -0.860446519 -0.399521718 0.992468357 0.9514422219
0.313090927 -0.865990008 -0.389917142 0.992468357 0.9514422219
-0.326260259 -0.855459086 -0.402174085 0.992468357 0.9514422219
-0.333069487 -0.840893591 -0.426570845 0.992468357 0.9514422219
-0.319174236 -0.869293969 -0.377433177 0.992468357 0.9514422219
-0.326079534 -0.858242199 -0.396348919 0.992468357 0.9514422219
-0.332810528 -0.846738041 -0.415056433 0.992468357 0.9514422219
0.33105871 -0.885916088 -0.324888929 0.992468357 0.9514422219
0.317569226 -0.894663498 -0.31420855 0.992468357 0.9514422219
0.324325329 -0.890332043 -0.319565228 0.992468357 0.9514422219
0.32268353 -0.89786069 -0.299535508 0.992468357 0.9514422219
0.314030539 -0.909037024 -0.273927928 0.992468357 0.9514422219
0.023162049 -0.969984463 -0.242061277 0.992468357 0.9514422219
0.032874659 -0.968476251 -0.24692713 0.992468357 0.9514422219
0.003729062 -0.972650465 -0.232243766 0.992468357 0.9514422219
0.013446253 -0.971375851 -0.237166934 0.992468357 0.9514422219
0.031902733 -0.96818864 -0.248179317 0.992468357 0.9514422219
0.04063986 -0.966279565 -0.254267978 0.992468357 0.9514422219
0.05034433 -0.964544452 -0.259074213 0.992468357 0.9514422219
-0.243468531 -0.894052119 -0.376023779 0.992468357 0.9514422219
-0.241262544 -0.893073639 -0.379752367 0.992468357 0.9514422219
-0.24758579 -0.893318198 -0.375078489 0.992468357 0.9514422219
-0.230792743 -0.893453558 -0.385325121 0.992468357 0.9514422219
-0.228571793 -0.892418567 -0.38902961 0.992468357 0.9514422219
-0.234924383 -0.892773755 -0.384402858 0.992468357 0.9514422219
-0.239051814 -0.892077488 -0.383473579 0.992468357 0.9514422219
-0.236836242 -0.891063845 -0.38718706 0.992468357 0.9514422219
-0.243174723 -0.891364927 -0.382537085 0.992468357 0.9514422219
-0.505034051 -0.86247578 -0.032804513 0.992468357 0.9514422219
-0.476310555 -0.878368787 -0.0399566 0.992468357 0.9514422219
-0.48484508 -0.873787435 -0.03769305 0.992468357 0.9514422219
-0.455739655 -0.888984288 -0.044814089 0.992468357 0.9514422219
-0.466057683 -0.883738352 -0.042388224 0.992468357 0.9514422219
-0.447049389 -0.893270325 -0.047063475 0.992468357 0.9514422219
-0.417283594 -0.907163566 -0.054117165 0.992468357 0.9514422219
-0.673192412 -0.736562444 -0.065480856 0.992468357 0.9514422219
-0.673616417 -0.735775176 -0.069827021 0.992468357 0.9514422219
-0.652127672 -0.753374041 -0.084599372 0.992468357 0.9514422219
-0.714094156 -0.699136405 -0.035746654 0.992468357 0.9514422219
-0.694441898 -0.71744425 -0.054992724 0.992468357 0.9514422219
-0.67403058 -0.734969562 -0.074178978 0.992468357 0.9514422219
-0.652880781 -0.751695493 -0.093276852 0.992468357 0.9514422219
-0.269833306 -0.885518015 -0.378216647 0.992468357 0.9514422219
-0.270399234 -0.882888803 -0.383916158 0.992468357 0.9514422219
-0.266575158 -0.876932792 -0.399908194 0.992468357 0.9514422219
-0.268769353 -0.878593607 -0.394761077 0.992468357 0.9514422219
-0.270954602 -0.880224447 -0.389600471 0.992468357 0.9514422219
-0.007073568 -0.969686959 -0.244248167 0.992468357 0.9514422219
-0.003096897 -0.968581304 -0.248677836 0.992468357 0.9514422219
-0.015025956 -0.971791593 -0.235362105 0.992468357 0.9514422219
-0.011049966 -0.970757069 -0.239809532 0.992468357 0.9514422219
-0.007488483 -0.969912369 -0.243339103 0.992468357 0.9514422219
-0.007903407 -0.970136758 -0.242429799 0.992468357 0.9514422219
-0.003926823 -0.969042588 -0.246862397 0.992468357 0.9514422219
-0.599310429 -0.798772158 -0.052820916 0.992468357 0.9514422219
-0.602787777 -0.795855259 -0.057107817 0.992468357 0.9514422219
-0.597430456 -0.800263908 -0.051522099 0.992468357 0.9514422219
-0.609948348 -0.789853732 -0.063985111 0.992468357 0.9514422219
-0.613358474 -0.786848925 -0.0682653 0.992468357 0.9514422219
-0.608097264 -0.791383475 -0.062689025 0.992468357 0.9514422219
-0.606241619 -0.792907345 -0.061392513 0.992468357 0.9514422219
-0.609671873 -0.789928499 -0.065674756 0.992468357 0.9514422219
-0.604381502 -0.794425285 -0.060095483 0.992468357 0.9514422219
-0.246458249 -0.847276573 -0.470511148 0.992468357 0.9514422219
-0.249212829 -0.845310901 -0.472591204 0.992468357 0.9514422219
-0.240937211 -0.851167789 -0.466328914 0.992468357 0.9514422219
-0.243699442 -0.849228861 -0.468423872 0.992468357 0.9514422219
-0.237829242 -0.855896979 -0.459214126 0.992468357 0.9514422219
-0.229134417 -0.864280796 -0.447790268 0.992468357 0.9514422219
-0.231920015 -0.862424926 -0.449929275 0.992468357 0.9514422219
0.307397699 -0.831562174 -0.462613236 0.992468357 0.9514422219
0.303691685 -0.831298029 -0.465526527 0.992468357 0.9514422219
0.30554553 -0.831432428 -0.464071166 0.992468357 0.9514422219
0.303992297 -0.830475786 -0.466796156 0.992468357 0.9514422219
0.300577684 -0.829364267 -0.470964935 0.992468357 0.9514422219
0.205688026 -0.898999794 -0.386641702 0.992468357 0.9514422219
0.201098034 -0.907185693 -0.369558789 0.992468357 0.9514422219
0.213127068 -0.899796818 -0.380713198 0.992468357 0.9514422219
0.18156334 -0.913452344 -0.364197156 0.992468357 0.9514422219
0.17685102 -0.921082131 -0.346888202 0.992468357 0.9514422219
0.189001954 -0.914282192 -0.358282479 0.992468357 0.9514422219
0.196429697 -0.915028242 -0.352333209 0.992468357 0.9514422219
0.191682344 -0.922522417 -0.334978013 0.992468357 0.9514422219
0.203835171 -0.915690268 -0.346356111 0.992468357 0.9514422219
-0.585912637 -0.810282758 -0.012175115 0.992468357 0.9514422219
-0.602242392 -0.798309296 -0.002523669 0.992468357 0.9514422219
-0.567721265 -0.82313536 -0.011863592 0.992468357 0.9514422219
-0.593312461 -0.804968782 -0.002362823 0.992468357 0.9514422219
-0.618267429 -0.785935407 0.007136001 0.992468357 0.9514422219
-0.624002619 -0.781413057 -0.003790389 0.992468357 0.9514422219
-0.646236755 -0.76311949 0.005167147 0.992468357 0.9514422219
-0.630132027 -0.776476586 -0.004211992 0.992468357 0.9514422219
0.534375588 -0.845127612 0.014214439 0.992468357 0.9514422219
0.525313293 -0.850600783 0.022896545 0.992468357 0.9514422219
0.529856858 -0.847884065 0.018555929 0.992468357 0.9514422219
0.536931372 -0.84354164 0.011924904 0.992468357 0.9514422219
0.539479476 -0.841943619 0.00963519 0.992468357 0.9514422219
0.485063949 -0.874450892 -0.006971605 0.9921640837 0.9506557947
0.464452259 -0.885546573 -0.009558517 0.9921640837 0.9506557947
0.469973503 -0.882662568 -0.005629947 0.9921640837 0.9506557947
0.266033362 -0.961536271 -0.068368494 0.992468357 0.9514422219
0.252245187 -0.964731418 -0.07527056 0.992468357 0.9514422219
0.254958066 -0.963945909 -0.076188381 0.992468357 0.9514422219
0.260618326 -0.963146413 -0.066536274 0.992468357 0.9514422219
0.246812239 -0.966277084 -0.073432383 0.992468357 0.9514422219
0.249529604 -0.965508599 -0.07435134 0.992468357 0.9514422219
0.238393986 -0.967687529 -0.082153227 0.992468357 0.9514422219
0.224483734 -0.97040369 -0.08901534 0.992468357 0.9514422219
0.227213226 -0.96968297 -0.089939354 0.992468357 0.9514422219
0.217702986 -0.972194101 -0.086278846 0.992468357 0.9514422219
0.238429972 -0.968568068 -0.070901659 0.992468357 0.9514422219
0.175823934 -0.977461551 -0.116854017 0.992468357 0.9514422219
0.19683022 -0.975158991 -0.10160121 0.992468357 0.9514422219
0.221162229 -0.971318963 -0.087331213 0.992468357 0.9514422219
0.224616157 -0.970431198 -0.088379141 0.992468357 0.9514422219
0.245312749 -0.966692569 -0.072987212 0.992468357 0.9514422219
-0.656214544 -0.749655056 -0.086021912 0.992468357 0.9514422219
-0.655793231 -0.750841743 -0.078561543 0.992468357 0.9514422219
-0.675812583 -0.733456782 -0.07292805 0.992468357 0.9514422219
-0.675345349 -0.734590854 -0.065459428 0.992468357 0.9514422219
-0.665637934 -0.742791752 -0.072017738 0.992468357 0.9514422219
-0.655334653 -0.751985476 -0.071093858 0.992468357 0.9514422219
-0.654839439 -0.753085126 -0.063624698 0.992468357 0.9514422219
-0.647419459 -0.756078698 -0.095880373 0.992468357 0.9514422219
-0.645102049 -0.758431621 -0.092869928 0.992468357 0.9514422219
-0.670743352 -0.736549879 -0.087164398 0.992468357 0.9514422219
-0.668474634 -0.738958095 -0.084158171 0.992468357 0.9514422219
-0.656870718 -0.748788485 -0.088524933 0.992468357 0.9514422219
-0.642771764 -0.760769654 -0.089855404 0.992468357 0.9514422219
-0.640428933 -0.763092025 -0.086840914 0.992468357 0.9514422219
-0.298440861 -0.946104356 -0.125775988 0.992468357 0.9514422219
-0.304540065 -0.944175769 -0.125648188 0.992468357 0.9514422219
-0.303423721 -0.943444201 -0.133592982 0.992468357 0.9514422219
-0.309512616 -0.94148292 -0.133461052 0.992468357 0.9514422219
-0.307029907 -0.942840286 -0.129556289 0.992468357 0.9514422219
-0.310626992 -0.942208443 -0.125515427 0.992468357 0.9514422219
-0.316701006 -0.940202591 -0.125377669 0.992468357 0.9514422219
-0.599487048 -0.798628693 -0.052985744 0.992468357 0.9514422219
-0.595032304 -0.802008767 -0.052139189 0.992468357 0.9514422219
-0.575829822 -0.815225405 -0.061867242 0.992468357 0.9514422219
-0.571284593 -0.818481225 -0.061011459 0.992468357 0.9514422219
-0.583225054 -0.810337593 -0.056581997 0.992468357 0.9514422219
-0.590558228 -0.805363448 -0.05129031 0.992468357 0.9514422219
-0.586065496 -0.808692126 -0.050440862 0.992468357 0.9514422219
0.540576608 -0.84129446 -0.000750016 0.992468357 0.9514422219
0.542692329 -0.839923968 -0.003572695 0.992468357 0.9514422219
0.550047317 -0.8351332 0.000698964 0.992468357 0.9514422219
0.525701772 -0.850618187 -0.00929231 0.992468357 0.9514422219
0.527828248 -0.849264707 -0.012116012 0.992468357 0.9514422219
0.535285708 -0.844634637 -0.007844817 0.992468357 0.9514422219
0.54480036 -0.838541387 -0.006396126 0.992468357 0.9514422219
0.546900335 -0.837146962 -0.009218841 0.992468357 0.9514422219
0.55424407 -0.832339503 -0.004945981 0.992468357 0.9514422219
-0.259351506 -0.948068064 0.184129691 0.9922126432 0.9506533159
0.121058844 -0.980240718 0.156438136 0.992468357 0.9514422219
0.482457447 -0.866182017 0.130244098 0.9922126432 0.9506533159
0.775064607 -0.62878296 0.062504758 0.992468357 0.9514422219
0.483313225 -0.867183249 0.120006415 0.992468357 0.9514422219
0.483808809 -0.868751417 0.105830105 0.992468357 0.9514422219
0.775878067 -0.629391838 0.043349047 0.992468357 0.9514422219
-0.881127049 -0.470148626 -0.050748324 0.9922126432 0.9506533159
-0.886761711 -0.459786741 -0.047432276 0.992468357 0.9514422219
-0.877949133 -0.47639106 -0.047506606 0.992468357 0.9514422219
-0.898205373 -0.436657728 -0.050568133 0.9922126432 0.9506533159
-0.903444096 -0.42609632 -0.047230196 0.992468357 0.9514422219
-0.895261146 -0.443019609 -0.047340325 0.992468357 0.9514422219
-0.89226347 -0.449355497 -0.044108247 0.992468357 0.9514422219
-0.897631195 -0.43885674 -0.040779907 0.992468357 0.9514422219
-0.889212557 -0.455664563 -0.040875853 0.992468357 0.9514422219
-0.973366776 -0.222137554 0.056674752 0.9922126432 0.9506533159
-0.968176969 -0.245469915 0.048763495 0.9922126432 0.9506533159
-0.972970145 -0.224635993 0.053551544 0.9922126432 0.9506533159
-0.967697994 -0.247947829 0.045634041 0.9922126432 0.9506533159
-0.967939521 -0.246709167 0.047198208 0.9922126432 0.9506533159
-0.962373557 -0.268646343 0.040820086 0.9922126432 0.9506533159
-0.955960101 -0.291652388 0.032850731 0.9922126432 0.9506533159
-0.065446765 -0.966190788 -0.249383404 0.992468357 0.9514422219
-0.055522106 -0.964802575 -0.257047245 0.992468357 0.9514422219
-0.057456382 -0.9707524 -0.23310629 0.992468357 0.9514422219
-0.051527426 -0.967151463 -0.248923628 0.992468357 0.9514422219
-0.045584882 -0.963261332 -0.264668897 0.992468357 0.9514422219
0.229964017 -0.970564944 -0.071555855 0.992468357 0.9514422219
0.199590177 -0.975283341 -0.094795387 0.992468357 0.9514422219
0.21990478 -0.972638124 -0.074946426 0.992468357 0.9514422219
0.189443941 -0.976973984 -0.09814697 0.992468357 0.9514422219
0.194518394 -0.97614345 -0.096470513 0.992468357 0.9514422219
0.168917156 -0.978554432 -0.1178907 0.992468357 0.9514422219
0.137993098 -0.98037257 -0.140810261 0.992468357 0.9514422219
0.251501598 -0.964735122 -0.077672975 0.992468357 0.9514422219
0.248068774 -0.965706631 -0.076632806 0.992468357 0.9514422219
0.256990082 -0.962672552 -0.084956784 0.992468357 0.9514422219
0.250819283 -0.964699598 -0.080276854 0.992468357 0.9514422219
0.244632431 -0.966664817 -0.075591708 0.992468357 0.9514422219
0.659139891 -0.751965034 0.009120959 0.992468357 0.9514422219
0.635083402 -0.772341387 -0.012564024 0.992468357 0.9514422219
0.637439146 -0.770424046 -0.01086851 0.992468357 0.9514422219
-0.803169545 0.593290801 -0.054080564 0.9922126432 0.9506533159
-0.810982907 0.583218816 -0.046503086 0.9922126432 0.9506533159
-0.80882073 0.586051684 -0.048502074 0.9922126432 0.9506533159
-0.807551277 0.587666842 -0.050086112 0.9922126432 0.9506533159
-0.813131554 0.580376196 -0.044503349 0.9922126432 0.9506533159
-0.818617934 0.573018559 -0.038915409 0.9922126432 0.9506533159
-0.824009799 0.565594757 -0.033322987 0.9922126432 0.9506533159
0.28890769 -0.950178067 -0.11702131 0.992468357 0.9514422219
0.29127533 -0.948988577 -0.120745031 0.992468357 0.9514422219
0.284154389 -0.952497478 -0.109566589 0.992468357 0.9514422219
0.286534036 -0.951347707 -0.11329513 0.992468357 0.9514422219
0.290652338 -0.949391479 -0.119067367 0.992468357 0.9514422219
0.292394693 -0.948597442 -0.121112498 0.992468357 0.9514422219
0.294754903 -0.947383886 -0.124833171 0.992468357 0.9514422219
0.340181053 -0.933420387 -0.114031716 0.992468357 0.9514422219
0.359464842 -0.927862244 -0.099280832 0.992468357 0.9514422219
0.332272361 -0.935189415 -0.122539116 0.992468357 0.9514422219
0.393778789 -0.916737911 -0.067304296 0.992468357 0.9514422219
0.386178582 -0.919296833 -0.07589094 0.992468357 0.9514422219
0.378526449 -0.921728096 -0.084469198 0.992468357 0.9514422219
0.37081987 -0.924033284 -0.093032866 0.992468357 0.9514422219
-0.93934025 0.327124188 -0.103100248 0.9922126432 0.9506533159
-0.934163107 0.342946554 -0.098625304 0.9922126432 0.9506533159
-0.942521715 0.315956465 -0.10873973 0.9922126432 0.9506533159
-0.921063311 0.380527682 -0.082710709 0.9922126432 0.9506533159
-0.914929377 0.395977246 -0.078142534 0.9922126432 0.9506533159
-0.9249629 0.369628193 -0.088423033 0.9922126432 0.9506533159
-0.928708093 0.358667424 -0.094122031 0.9922126432 0.9506533159
-0.922977612 0.374280973 -0.089588398 0.9922126432 0.9506533159
-0.932299052 0.347646154 -0.099802955 0.9922126432 0.9506533159
0.138446299 -0.929439763 -0.342015132 0.992468357 0.9514422219
0.15538198 -0.92071894 -0.357956804 0.992468357 0.9514422219
0.121428832 -0.937588305 -0.325857651 0.992468357 0.9514422219
0.143139278 -0.929352237 -0.340316863 0.992468357 0.9514422219
0.16473864 -0.920420029 -0.354525247 0.992468357 0.9514422219
0.155572322 -0.94023733 -0.302904302 0.992468357 0.9514422219
0.146420411 -0.940916051 -0.305349058 0.992468357 0.9514422219
0.141699358 -0.946936565 -0.28850032 0.992468357 0.9514422219
0.164853948 -0.927221509 -0.336278825 0.992468357 0.9514422219
0.151085836 -0.93457255 -0.322098153 0.992468357 0.9514422219
0.137249801 -0.941509102 -0.307771185 0.992468357 0.9514422219
0.123358951 -0.948026614 -0.293305485 0.992468357 0.9514422219
-0.9428604 -0.332390638 0.023037586 0.9922126432 0.9506533159
-0.933977978 -0.357222303 0.008795573 0.9922126432 0.9506533159
-0.921436027 -0.388235338 -0.015131775 0.9922126432 0.9506533159
-0.910585559 -0.412275911 -0.029368553 0.9922126432 0.9506533159
-0.922863137 -0.384990445 -0.010295005 0.9922126432 0.9506533159
-0.924256241 -0.381733751 -0.005453794 0.9922126432 0.9506533159
-0.913705294 -0.405899534 -0.019702877 0.9922126432 0.9506533159
-0.998545013 0.047878839 -0.02480873 0.9922126432 0.9506533159
-0.996816531 0.077749634 -0.017657808 0.9922126432 0.9506533159
-0.996521733 0.082407773 -0.012385288 0.9922126432 0.9506533159
-0.993673317 0.11218802 -0.005214055 0.9922126432 0.9506533159
-0.995413069 0.094984423 -0.011436002 0.9922126432 0.9506533159
-0.994144703 0.107546731 -0.010488605 0.9922126432 0.9506533159
-0.990532126 0.13724128 -0.003307324 0.9922126432 0.9506533159
-0.979577847 0.198193692 -0.033860048 0.9922126432 0.9506533159
-0.982395978 0.185248648 -0.024105628 0.9922126432 0.9506533159
-0.981388765 0.191110503 -0.018784775 0.9922126432 0.9506533159
-0.983216055 0.181691557 -0.016564065 0.9922126432 0.9506533159
-0.984948177 0.172253748 -0.01434345 0.9922126432 0.9506533159
-0.353431507 -0.927468444 -0.122018258 0.992468357 0.9514422219
-0.350659773 -0.927636206 -0.128564356 0.992468357 0.9514422219
-0.353357572 -0.926431219 -0.129860008 0.992468357 0.9514422219
-0.348024503 -0.929847894 -0.119422947 0.992468357 0.9514422219
-0.34525285 -0.930017329 -0.125969196 0.992468357 0.9514422219
-0.347957983 -0.928831662 -0.127267378 0.992468357 0.9514422219
-0.347869969 -0.92775719 -0.135103967 0.992468357 0.9514422219
-0.345062638 -0.927831259 -0.141636613 0.992468357 0.9514422219
-0.34776025 -0.92662466 -0.142931967 0.992468357 0.9514422219
-0.327938585 -0.934348321 -0.139461462 0.992468357 0.9514422219
-0.322428309 -0.937153386 -0.133354855 0.992468357 0.9514422219
-0.310663941 -0.941884749 -0.127832062 0.992468357 0.9514422219
-0.305094217 -0.944513838 -0.121700979 0.992468357 0.9514422219
-0.313780366 -0.940891324 -0.12753587 0.992468357 0.9514422219
-0.316893675 -0.939887696 -0.127238034 0.992468357 0.9514422219
-0.311334847 -0.942551056 -0.121112014 0.992468357 0.9514422219
-0.339624284 -0.929044736 -0.146735216 0.992468357 0.9514422219
-0.330260153 -0.932942327 -0.143341713 0.992468357 0.9514422219
-0.35823476 -0.920931002 -0.15347295 0.992468357 0.9514422219
-0.348949738 -0.925040713 -0.150112492 0.992468357 0.9514422219
-0.343011295 -0.926871859 -0.15248544 0.992468357 0.9514422219
-0.346381752 -0.924653353 -0.158227241 0.992468357 0.9514422219
-0.337058015 -0.928662019 -0.154850729 0.992468357 0.9514422219
-0.249613771 -0.960805039 -0.120609466 0.9921671435 0.9506561059
-0.267184574 -0.957606619 -0.107712426 0.992468357 0.9514422219
-0.231922401 -0.963536916 -0.133448912 0.9921671435 0.9506561059
-0.250939704 -0.960412771 -0.120981708 0.9921671435 0.9506561059
-0.269824209 -0.956782899 -0.108449895 0.9921671435 0.9506561059
-0.073910862 -0.96143188 -0.264926262 0.992468357 0.9514422219
-0.095944903 -0.963427193 -0.250205153 0.992468357 0.9514422219
-0.066331517 -0.960094369 -0.271696396 0.992468357 0.9514422219
-0.132934913 -0.966074563 -0.221423233 0.992468357 0.9514422219
-0.154745609 -0.966187432 -0.206241709 0.992468357 0.9514422219
-0.125429324 -0.965459245 -0.228376728 0.992468357 0.9514422219
-0.117911743 -0.964741934 -0.23530793 0.992468357 0.9514422219
-0.139793575 -0.965376147 -0.220242256 0.992468357 0.9514422219
-0.110380034 -0.963924028 -0.24221213 0.992468357 0.9514422219
-0.600509635 -0.797944678 -0.051695921 0.992468357 0.9514422219
-0.608159672 -0.791754838 -0.057149717 0.992468357 0.9514422219
-0.605725917 -0.793620541 -0.057118741 0.992468357 0.9514422219
-0.605396697 -0.794239107 -0.051759826 0.992468357 0.9514422219
-0.613010144 -0.788001007 -0.057209934 0.992468357 0.9514422219
-0.610587856 -0.789881589 -0.057179933 0.992468357 0.9514422219
-0.615732876 -0.785464678 -0.062596056 0.992468357 0.9514422219
-0.623228144 -0.779075096 -0.068034372 0.992468357 0.9514422219
-0.620831526 -0.780988613 -0.068007365 0.992468357 0.9514422219
-0.966968293 0.252712355 -0.03329844 0.992468357 0.9514422219
-0.964614504 0.26133445 -0.034973755 0.992468357 0.9514422219
-0.971436039 0.23540492 -0.029942364 0.9922126432 0.9506533159
-0.969242342 0.244068295 -0.03162199 0.992468357 0.9514422219
-0.965489026 0.257226919 -0.040807519 0.992468357 0.9514422219
-0.963933525 0.261721378 -0.048312319 0.9922126432 0.9506533159
-0.96147347 0.270315881 -0.049980907 0.992468357 0.9514422219
-0.956410214 0.286814735 -0.054925503 0.992468357 0.9514422219
-0.95813319 0.282367321 -0.047428745 0.992468357 0.9514422219
-0.949185741 0.310752554 -0.049792363 0.992468357 0.9514422219
-0.950985038 0.306330804 -0.042295352 0.992468357 0.9514422219
-0.954636671 0.294373811 -0.044865199 0.992468357 0.9514422219
-0.959780371 0.277898665 -0.039924585 0.992468357 0.9514422219
-0.961351503 0.273408553 -0.032419923 0.992468357 0.9514422219
-0.986339203 -0.164331333 -0.011410055 0.9922126432 0.9506533159
-0.986823103 -0.160925634 -0.016825689 0.9922126432 0.9506533159
-0.985814838 -0.167729511 -0.005993073 0.9922126432 0.9506533159
-0.98785031 -0.154386442 -0.017792999 0.9922126432 0.9506533159
-0.989568213 -0.140994099 -0.029587429 0.9922126432 0.9506533159
-0.989551941 0.142221 -0.023667334 0.9922126432 0.9506533159
-0.990822802 0.133019788 -0.023998168 0.9922126432 0.9506533159
-0.988024366 0.151196143 -0.030782772 0.9922126432 0.9506533159
-0.003507896 -0.972701895 -0.232031716 0.992468357 0.9514422219
0.003486699 -0.972958567 -0.230953392 0.992468357 0.9514422219
-0.004580137 -0.970945158 -0.239258276 0.992468357 0.9514422219
0.012625205 -0.976453556 -0.215357974 0.992468357 0.9514422219
0.01155381 -0.974837579 -0.222616719 0.992468357 0.9514422219
0.010481875 -0.973166409 -0.22986359 0.992468357 0.9514422219
0.009408481 -0.971440498 -0.237096688 0.992468357 0.9514422219
-0.864451669 -0.501951275 -0.027716949 0.9922126432 0.9506533159
-0.869834994 -0.492069431 -0.035422569 0.9922126432 0.9506533159
-0.853203833 -0.521432784 -0.012291088 0.9922126432 0.9506533159
-0.858907524 -0.511739798 -0.020006109 0.9922126432 0.9506533159
-0.859631574 -0.510565499 -0.018879274 0.9922126432 0.9506533159
-0.854660387 -0.519090402 -0.010038809 0.9922126432 0.9506533159
-0.860352706 -0.509389885 -0.017752904 0.9922126432 0.9506533159
0.536574948 -0.843808315 0.008651782 0.992468357 0.9514422219
0.52224973 -0.852746626 0.008855049 0.992468357 0.9514422219
0.529544177 -0.848257768 0.006459356 0.992468357 0.9514422219
0.522014079 -0.852830928 0.013442797 0.992468357 0.9514422219
0.514913825 -0.857168113 0.011250687 0.992468357 0.9514422219
0.507775445 -0.86144186 0.009056437 0.992468357 0.9514422219
0.50059963 -0.865651732 0.006862179 0.992468357 0.9514422219
-0.922596766 0.375703409 -0.087533743 0.9922126432 0.9506533159
-0.932024488 0.347041734 -0.104366608 0.9922126432 0.9506533159
-0.912067499 0.403916993 -0.07059703 0.9922126432 0.9506533159
-0.915242394 0.39550537 -0.07685611 0.9922126432 0.9506533159
-0.91830809 0.387045228 -0.08310381 0.9922126432 0.9506533159
-0.952692599 0.28828334 -0.096278387 0.9922126432 0.9506533159
-0.954247214 0.284263714 -0.092770666 0.9922126432 0.9506533159
-0.949495144 0.296295738 -0.103285078 0.9922126432 0.9506533159
-0.951108572 0.292293891 -0.099783592 0.9922126432 0.9506533159
-0.94749294 0.302502312 -0.1036797 0.9922126432 0.9506533159
-0.942024225 0.316635228 -0.11105175 0.9922126432 0.9506533159
-0.943751827 0.312670515 -0.107562255 0.9922126432 0.9506533159
-0.249830221 -0.962584106 -0.104960466 0.9921671435 0.9506561059
-0.24621862 -0.963219443 -0.107632225 0.9921671435 0.9506561059
-0.271216494 -0.956369514 -0.108623046 0.9921671435 0.9506561059
-0.267623489 -0.957073219 -0.11130374 0.9921671435 0.9506561059
-0.256937508 -0.960207437 -0.109475087 0.9921671435 0.9506561059
-0.24260198 -0.96383482 -0.110302848 0.9921671435 0.9506561059
-0.2389805 -0.964430408 -0.112970388 0.9921671435 0.9506561059
0.350397114 -0.829038113 -0.435795444 0.992468357 0.9514422219
0.345630901 -0.837541748 -0.423158482 0.992468357 0.9514422219
0.359668725 -0.811397538 -0.460730338 0.992468357 0.9514422219
0.355079365 -0.820321789 -0.448319982 0.992468357 0.9514422219
0.352539835 -0.834284471 -0.423892777 0.992468357 0.9514422219
0.354618448 -0.839386346 -0.411917855 0.992468357 0.9514422219
0.349716105 -0.847581822 -0.399128677 0.992468357 0.9514422219
0.324521744 -0.829251846 -0.455002212 0.992468357 0.9514422219
0.322653921 -0.829723738 -0.45547005 0.992468357 0.9514422219
0.31716893 -0.835976122 -0.447825629 0.992468357 0.9514422219
0.3353608 -0.81641442 -0.47010704 0.992468357 0.9514422219
0.333498944 -0.816902082 -0.47058415 0.992468357 0.9514422219
0.328097371 -0.823365426 -0.463056681 0.992468357 0.9514422219
0.320784464 -0.830192325 -0.455936432 0.992468357 0.9514422219
0.318914119 -0.830657651 -0.456400757 0.992468357 0.9514422219
0.313423561 -0.836894048 -0.448747171 0.992468357 0.9514422219
-0.123633895 -0.948828002 -0.290585758 0.992468357 0.9514422219
-0.112273745 -0.953356797 -0.280188193 0.992468357 0.9514422219
-0.102603133 -0.955560839 -0.276362225 0.992468357 0.9514422219
-0.142895063 -0.943794205 -0.298049491 0.992468357 0.9514422219
-0.131578191 -0.948626518 -0.287741044 0.992468357 0.9514422219
-0.121933533 -0.951045521 -0.283979981 0.992468357 0.9514422219
-0.10088653 -0.95764045 -0.269715917 0.992468357 0.9514422219
-0.089472804 -0.961677071 -0.259175286 0.992468357 0.9514422219
-0.079769408 -0.96357441 -0.255266914 0.992468357 0.9514422219
-0.201047568 -0.916175498 -0.34670208 0.992468357 0.9514422219
-0.209868022 -0.910551273 -0.356162591 0.992468357 0.9514422219
-0.211717058 -0.912220333 -0.350756256 0.992468357 0.9514422219
-0.197346811 -0.912821127 -0.357507799 0.992468357 0.9514422219
-0.206147763 -0.907115728 -0.366938899 0.992468357 0.9514422219
-0.20801082 -0.90884952 -0.361557808 0.992468357 0.9514422219
-0.218645996 -0.90474548 -0.365553752 0.992468357 0.9514422219
-0.227379687 -0.898759957 -0.374872001 0.992468357 0.9514422219
-0.229248485 -0.900509695 -0.369496172 0.992468357 0.9514422219
-0.120016775 -0.948585567 -0.292884611 0.9921640837 0.9506557947
-0.119011924 -0.949323847 -0.290895848 0.9921640837 0.9506557947
-0.099545621 -0.957377005 -0.271145606 0.9921640837 0.9506557947
-0.238792552 -0.902452052 -0.358550431 0.992468357 0.9514422219
-0.24682916 -0.894313943 -0.373199595 0.992468357 0.9514422219
-0.222470287 -0.917790748 -0.328887693 0.992468357 0.9514422219
-0.23067115 -0.910278709 -0.343778261 0.992468357 0.9514422219
-0.235832661 -0.902489741 -0.360409799 0.992468357 0.9514422219
-0.232871986 -0.902516337 -0.362263577 0.992468357 0.9514422219
-0.240910446 -0.894372277 -0.376908991 0.992468357 0.9514422219
-0.789722111 -0.612458836 0.035116403 0.992468357 0.9514422219
-0.786415376 -0.616988622 0.029595552 0.992468357 0.9514422219
-0.788075207 -0.614728068 0.032355375 0.992468357 0.9514422219
-0.771314254 -0.63626421 0.015562005 0.992468357 0.9514422219
-0.75191311 -0.659250009 -0.004012594 0.992468357 0.9514422219
-0.546343354 -0.837542622 -0.005594229 0.992468357 0.9514422219
-0.551860385 -0.833872714 -0.010315663 0.992468357 0.9514422219
-0.559738743 -0.828634439 -0.007583268 0.992468357 0.9514422219
-0.530373505 -0.847691997 -0.011055461 0.992468357 0.9514422219
-0.543928287 -0.839030238 -0.013049078 0.992468357 0.9514422219
-0.55734066 -0.830147719 -0.015038435 0.992468357 0.9514422219
-0.570606321 -0.821047292 -0.017022653 0.992468357 0.9514422219
-0.355825361 -0.918869778 -0.170489424 0.992468357 0.9514422219
-0.348754561 -0.922241996 -0.166853097 0.992468357 0.9514422219
-0.354880098 -0.920437452 -0.163874991 0.992468357 0.9514422219
-0.343549306 -0.922412759 -0.176432924 0.992468357 0.9514422219
-0.342611109 -0.924000952 -0.169823052 0.992468357 0.9514422219
-0.341657147 -0.925545622 -0.163204458 0.992468357 0.9514422219
-0.340687326 -0.927046512 -0.156578769 0.992468357 0.9514422219
0.297735019 -0.882276274 -0.364612719 0.992468357 0.9514422219
0.295855551 -0.886467677 -0.355871538 0.992468357 0.9514422219
0.293916929 -0.885614633 -0.359582481 0.992468357 0.9514422219
0.301614918 -0.883991254 -0.357194491 0.992468357 0.9514422219
0.299716664 -0.888125283 -0.348429911 0.992468357 0.9514422219
0.297789076 -0.887304528 -0.352153861 0.992468357 0.9514422219
0.293947539 -0.890572633 -0.347095419 0.992468357 0.9514422219
0.29201106 -0.894590653 -0.338285535 0.992468357 0.9514422219
0.290091199 -0.893795201 -0.342019348 0.992468357 0.9514422219
0.259377456 -0.959719546 -0.107989481 0.9921640837 0.9506557947
0.239346292 -0.964914652 -0.107949376 0.9921640837 0.9506557947
0.2503517 -0.962108361 -0.10803485 0.9921640837 0.9506557947
0.237387482 -0.965412039 -0.107827535 0.9921640837 0.9506557947
0.217244272 -0.97015346 -0.107736668 0.9921640837 0.9506557947
0.228310009 -0.967596469 -0.107849953 0.9921640837 0.9506557947
0.219212632 -0.969696546 -0.107863019 0.9921640837 0.9506557947
0.198985097 -0.974063182 -0.107730445 0.9921640837 0.9506557947
0.210096146 -0.971712094 -0.107866656 0.9921640837 0.9506557947
0.218482697 -0.97031363 -0.103714852 0.9921640837 0.9506557947
0.235197821 -0.967255937 -0.095383112 0.9921640837 0.9506557947
0.226850465 -0.968828333 -0.099551638 0.9921640837 0.9506557947
0.238621388 -0.965548983 -0.103802668 0.9921640837 0.9506557947
0.258657212 -0.960371155 -0.103844555 0.9921640837 0.9506557947
-0.088653902 -0.961059812 -0.261733687 0.992468357 0.9514422219
-0.110791732 -0.95273707 -0.282873235 0.992468357 0.9514422219
-0.106198395 -0.954666944 -0.278087983 0.992468357 0.9514422219
0.44507994 -0.894732261 -0.036851435 0.992468357 0.9514422219
0.472085481 -0.880677201 -0.039280604 0.992468357 0.9514422219
0.458636777 -0.887807863 -0.038072365 0.992468357 0.9514422219
0.429932963 -0.901836805 -0.042988659 0.992468357 0.9514422219
0.414649779 -0.908654989 -0.049108763 0.992468357 0.9514422219
0.399195116 -0.915762065 -0.044978876 0.992468357 0.9514422219
0.387232273 -0.920754929 -0.047555518 0.992468357 0.9514422219
0.411089403 -0.910608548 -0.042397809 0.992468357 0.9514422219
0.386982691 -0.920582098 -0.052659264 0.992468357 0.9514422219
0.362571574 -0.929832381 -0.06287763 0.9921640837 0.9506557947
0.698942563 -0.712447035 0.062438106 0.992468357 0.9514422219
0.693683097 -0.718090894 0.056117999 0.992468357 0.9514422219
0.70925541 -0.700944385 0.075058192 0.992468357 0.9514422219
0.704136634 -0.706728467 0.068749358 0.992468357 0.9514422219
0.710818317 -0.697194113 0.093046706 0.992468357 0.9514422219
0.721763653 -0.68102656 0.123531589 0.992468357 0.9514422219
0.71698517 -0.68715275 0.117274739 0.992468357 0.9514422219
-0.930375167 -0.362802365 0.052692438 0.992468357 0.9514422219
-0.941991175 -0.330555019 0.058189399 0.992468357 0.9514422219
-0.903794421 -0.425948021 0.041520204 0.992468357 0.9514422219
-0.917637759 -0.39461291 0.047133787 0.992468357 0.9514422219
-0.923967783 -0.378995237 0.051440699 0.992468357 0.9514422219
-0.917279154 -0.395072101 0.050169605 0.992468357 0.9514422219
-0.930018687 -0.363262427 0.055728375 0.992468357 0.9514422219
-0.06725377 -0.967083376 -0.245411235 0.992468357 0.9514422219
-0.046581504 -0.972610389 -0.227726139 0.992468357 0.9514422219
-0.108427416 -0.953798428 -0.280200026 0.992468357 0.9514422219
-0.08787438 -0.960811112 -0.26290702 0.992468357 0.9514422219
-0.077143173 -0.964276882 -0.253414732 0.992468357 0.9514422219
-0.087019163 -0.961306651 -0.261375569 0.992468357 0.9514422219
-0.066394885 -0.967533073 -0.243867736 0.992468357 0.9514422219
-0.085363319 -0.961576798 -0.260927509 0.992468357 0.9514422219
-0.104583774 -0.954828645 -0.278144735 0.992468357 0.9514422219
-0.046754263 -0.973016667 -0.225948234 0.992468357 0.9514422219
-0.066082242 -0.967640911 -0.243524548 0.992468357 0.9514422219
-0.075915011 -0.964712461 -0.25212453 0.992468357 0.9514422219
-0.066453084 -0.967677719 -0.243277248 0.992468357 0.9514422219
-0.085733962 -0.961611076 -0.260679548 0.992468357 0.9514422219
0.022760723 -0.977370879 -0.210304813 0.992468357 0.9514422219
0.002778026 -0.97486767 -0.222767388 0.992468357 0.9514422219
0.012770285 -0.976187713 -0.216551308 0.992468357 0.9514422219
0.03294411 -0.978386487 -0.204143496 0.992468357 0.9514422219
0.043122765 -0.979262496 -0.197953002 0.992468357 0.9514422219
-0.474261569 -0.879746453 -0.033498386 0.9921671435 0.9506561059
-0.45641071 -0.888743728 -0.042706555 0.9921671435 0.9506561059
-0.509268406 -0.860476248 -0.015043848 0.992468357 0.9514422219
-0.491884365 -0.870322009 -0.024276976 0.9921671435 0.9506561059
-0.474446985 -0.879499379 -0.03716048 0.9921671435 0.9506561059
-0.474624821 -0.879241198 -0.040819045 0.9921671435 0.9506561059
-0.456745462 -0.88819004 -0.050020361 0.9921671435 0.9506561059
-0.938598334 0.303246593 0.164543828 0.992468357 0.9514422219
-0.793857482 -0.324028825 0.514582955 0.992468357 0.9514422219
-0.930963983 -0.011167648 0.364940196 0.992468357 0.9514422219
-0.938363932 0.304074058 0.164353578 0.992468357 0.9514422219
-0.938157509 0.304853096 0.164088628 0.992468357 0.9514422219
-0.985413416 -0.147621708 -0.084665408 0.992468357 0.9514422219
-0.982819767 -0.164051682 -0.084571572 0.992468357 0.9514422219
-0.987656506 -0.131137823 -0.085659195 0.992468357 0.9514422219
-0.642393288 -0.763614416 -0.064991446 0.992468357 0.9514422219
0.036694847 -0.999271003 -0.010533308 0.992468357 0.9514422219
0.026817455 -0.967055863 -0.253147747 0.992468357 0.9514422219
0.010730103 -0.971043738 -0.238660687 0.992468357 0.9514422219
0.042890344 -0.962598907 -0.267514041 0.992468357 0.9514422219
0.024752371 -0.96674534 -0.254540306 0.992468357 0.9514422219
0.006603284 -0.970394795 -0.241433923 0.992468357 0.9514422219
-0.311567542 -0.829554695 -0.463427098 0.992468357 0.9514422219
-0.322762332 -0.815505086 -0.480391436 0.992468357 0.9514422219
-0.288608555 -0.856126558 -0.428663526 0.992468357 0.9514422219
-0.300179851 -0.843098105 -0.446181177 0.992468357 0.9514422219
-0.307048154 -0.832039011 -0.461987571 0.992468357 0.9514422219
-0.302523 -0.834499476 -0.460532799 0.992468357 0.9514422219
-0.313790741 -0.82063103 -0.477598244 0.992468357 0.9514422219
-0.859820235 -0.510570961 0.005143603 0.992468357 0.9514422219
-0.856814572 -0.515542425 0.009208486 0.992468357 0.9514422219
-0.863654918 -0.50406539 0.00427376 0.992468357 0.9514422219
-0.845786006 -0.533311112 0.01500965 0.992468357 0.9514422219
-0.842613996 -0.538180171 0.019072406 0.992468357 0.9514422219
-0.849800429 -0.526914834 0.014141732 0.992468357 0.9514422219
-0.853765854 -0.520487931 0.013273294 0.992468357 0.9514422219
-0.850674089 -0.525407491 0.017336749 0.992468357 0.9514422219
-0.857681822 -0.514031174 0.012403404 0.992468357 0.9514422219
0.299799192 -0.946379645 -0.120357849 0.9921640837 0.9506557947
0.290560569 -0.949754494 -0.116365614 0.9921640837 0.9506557947
0.30626147 -0.943859798 -0.123824854 0.9921640837 0.9506557947
0.29704728 -0.947312339 -0.119842591 0.9921640837 0.9506557947
0.293806119 -0.948540546 -0.118105022 0.9921640837 0.9506557947
0.281289167 -0.953022327 -0.112360353 0.9921640837 0.9506557947
0.271986081 -0.956182772 -0.108342409 0.9921640837 0.9506557947
-0.91006108 0.025492195 0.41368947 0.992468357 0.9514422219
-0.766151633 -0.280542836 0.578193214 0.992468357 0.9514422219
-0.809821315 0.583624902 -0.059761282 0.992468357 0.9514422219
-0.925262433 0.327921984 0.190674076 0.992468357 0.9514422219
-0.926380449 0.325078958 0.190112952 0.992468357 0.9514422219
-0.81278645 0.579502679 -0.059622415 0.992468357 0.9514422219
-0.927257957 0.322609173 0.190042109 0.992468357 0.9514422219
0.732063164 -0.668304093 0.132110418 0.992468357 0.9514422219
0.721535599 -0.684869161 0.101688797 0.992468357 0.9514422219
0.741130023 -0.663729338 0.100943818 0.992468357 0.9514422219
0.730054255 -0.679751979 0.070413293 0.992468357 0.9514422219
0.725902624 -0.682392914 0.086054002 0.992468357 0.9514422219
0.710072877 -0.700528043 0.071112382 0.992468357 0.9514422219
0.697688836 -0.715258224 0.040447028 0.992468357 0.9514422219
-0.997031452 -0.076849179 -0.004742054 0.9922126432 0.9506533159
-0.995531372 -0.094429784 0.000551514 0.9922126432 0.9506533159
-0.997347503 -0.071161314 -0.01529793 0.9922126432 0.9506533159
-0.996003016 -0.088756919 -0.010010095 0.9922126432 0.9506533159
-0.995785067 -0.091595411 -0.004730755 0.9922126432 0.9506533159
-0.993693291 -0.111979987 0.005841693 0.9922126432 0.9506533159
-0.991518079 -0.129491369 0.011130334 0.9922126432 0.9506533159
-0.989012411 -0.143763148 0.034447191 0.9922126432 0.9506533159
-0.992042449 -0.123558378 0.02418898 0.9922126432 0.9506533159
-0.993748158 -0.109815648 0.02012764 0.9922126432 0.9506533159
-0.994161276 -0.106553033 0.01702376 0.9922126432 0.9506533159
-0.994554018 -0.103288847 0.013918321 0.9922126432 0.9506533159
0.190848106 -0.923449196 -0.332894251 0.9921671435 0.9506561059
0.179887567 -0.92877636 -0.324060082 0.9921671435 0.9506561059
0.212639682 -0.912168737 -0.350332073 0.992468357 0.9514422219
0.201766837 -0.917912829 -0.341652136 0.9921671435 0.9506561059
0.195452988 -0.923074106 -0.331258696 0.9921671435 0.9506561059
0.200051923 -0.92267661 -0.329616597 0.992468357 0.9514422219
0.189103776 -0.928074049 -0.320808855 0.9921671435 0.9506561059
0.21189482 -0.901248635 -0.377956986 0.9921671435 0.9506561059
0.214587871 -0.902840636 -0.372600096 0.9921671435 0.9506561059
0.206485299 -0.897959951 -0.388628034 0.9921671435 0.9506561059
0.20919404 -0.899621464 -0.383300243 0.9921671435 0.9506561059
0.219773677 -0.899266133 -0.378179789 0.9921671435 0.9506561059
0.227637502 -0.897224442 -0.378377416 0.9921671435 0.9506561059
0.230322411 -0.89878667 -0.373006848 0.9921671435 0.9506561059
0.156085556 -0.978760999 -0.132906759 0.9921640837 0.9506557947
0.147338657 -0.979281756 -0.138919268 0.9921640837 0.9506557947
0.115248922 -0.980924345 -0.156541098 0.9921640837 0.9506557947
0.126922818 -0.980391557 -0.150741476 0.9921640837 0.9506557947
0.138575331 -0.979691828 -0.144916525 0.9921640837 0.9506557947
-0.397964883 -0.915990591 -0.050844756 0.992468357 0.9514422219
-0.417416259 -0.907401159 -0.048854925 0.992468357 0.9514422219
-0.397827234 -0.915743393 -0.05610285 0.992468357 0.9514422219
-0.417351451 -0.907285409 -0.051487413 0.992468357 0.9514422219
-0.436677674 -0.898397539 -0.046845191 0.992468357 0.9514422219
-0.188820684 -0.912530816 -0.36281436 0.9921640837 0.9506557947
-0.179797366 -0.917784782 -0.354039548 0.9921640837 0.9506557947
-0.197808845 -0.907107011 -0.371521911 0.9921640837 0.9506557947
-0.194167712 -0.907965697 -0.371345113 0.9921640837 0.9506557947
-0.190524512 -0.908811757 -0.371162498 0.9921640837 0.9506557947
-0.249299687 -0.890856183 -0.379769572 0.992468357 0.9514422219
-0.237511011 -0.898586978 -0.36895794 0.992468357 0.9514422219
-0.27263964 -0.87455378 -0.40102782 0.992468357 0.9514422219
-0.261010888 -0.882844249 -0.390460432 0.992468357 0.9514422219
-0.252031379 -0.890496953 -0.378807816 0.992468357 0.9514422219
-0.25475978 -0.890129984 -0.377843971 0.992468357 0.9514422219
-0.242981423 -0.897904633 -0.367052173 0.992468357 0.9514422219
0.406320301 -0.912624961 -0.044938768 0.9921640837 0.9506557947
0.364248422 -0.927655808 -0.082327325 0.9921640837 0.9506557947
0.385447956 -0.920530968 -0.063660112 0.9921640837 0.9506557947
0.394903725 -0.917072797 -0.055032109 0.9921640837 0.9506557947
0.383387778 -0.921289459 -0.065111775 0.9921640837 0.9506557947
0.284624934 -0.95314637 -0.102472651 0.992468357 0.9514422219
0.292799245 -0.951267418 -0.09674142 0.992468357 0.9514422219
0.270661963 -0.956675985 -0.107299397 0.992468357 0.9514422219
0.328486907 -0.94100967 -0.081222859 0.9921640837 0.9506557947
0.314751475 -0.945259036 -0.086121215 0.992468357 0.9514422219
0.300942981 -0.949290527 -0.090998999 0.992468357 0.9514422219
0.287065858 -0.953102563 -0.095857697 0.992468357 0.9514422219
0.27465076 -0.955385171 -0.108656041 0.9921640837 0.9506557947
0.296765084 -0.949899401 -0.098089817 0.9921640837 0.9506557947
0.298968781 -0.949018967 -0.09990329 0.9921640837 0.9506557947
0.320885659 -0.942901261 -0.089272646 0.9921640837 0.9506557947
0.308853043 -0.946483982 -0.093690284 0.9921640837 0.9506557947
0.31869259 -0.943814263 -0.087462396 0.9921640837 0.9506557947
0.340419326 -0.937133617 -0.076780639 0.9921640837 0.9506557947
0.355514778 -0.841268641 -0.407279164 0.992468357 0.9514422219
0.354154925 -0.845584769 -0.399450482 0.992468357 0.9514422219
0.350233071 -0.856517643 -0.379096719 0.992468357 0.9514422219
0.362621111 -0.81766344 -0.447138043 0.992468357 0.9514422219
0.361413362 -0.822332064 -0.439488746 0.992468357 0.9514422219
0.357882437 -0.834187472 -0.419584822 0.992468357 0.9514422219
0.352766269 -0.849831716 -0.391589088 0.992468357 0.9514422219
0.351348657 -0.854009205 -0.383695712 0.992468357 0.9514422219
0.347277935 -0.86457969 -0.363180391 0.992468357 0.9514422219
-0.997728606 0.064153719 -0.020540924 0.9922126432 0.9506533159
-0.995687588 0.088912266 -0.026473327 0.9922126432 0.9506533159
-0.994173581 0.103597068 -0.029774797 0.9922126432 0.9506533159
-0.993598789 0.108606432 -0.03108197 0.9922126432 0.9506533159
-0.992997038 0.113612818 -0.032388433 0.9922126432 0.9506533159
0.642682605 -0.766048801 -0.01132718 0.992468357 0.9514422219
0.62228694 -0.782577629 -0.018199414 0.992468357 0.9514422219
0.63299902 -0.773935975 -0.018312501 0.992468357 0.9514422219
-0.044442422 -0.968146815 -0.24640742 0.9921671435 0.9506561059
-0.035285408 -0.967989002 -0.248499963 0.9921671435 0.9506561059
-0.014889028 -0.96769003 -0.251702844 0.9921671435 0.9506561059
-0.005724938 -0.967259474 -0.253724921 0.9921671435 0.9506561059
-0.020507471 -0.967733329 -0.251140691 0.9921671435 0.9506561059
-0.026125287 -0.967745742 -0.250570646 0.9921671435 0.9506561059
-0.016962826 -0.967417122 -0.252619029 0.9921671435 0.9506561059
-0.011232266 -0.969592159 -0.24446857 0.9921671435 0.9506561059
-0.044499654 -0.973814316 -0.22294721 0.9921671435 0.9506561059
-0.027871404 -0.971896332 -0.233753514 0.9921671435 0.9506561059
-0.020564054 -0.969697828 -0.243440428 0.9921671435 0.9506561059
-0.029892165 -0.969718759 -0.24238809 0.9921671435 0.9506561059
-0.259061653 -0.892304355 -0.36970258 0.992468357 0.9514422219
-0.265574186 -0.885831536 -0.380490265 0.992468357 0.9514422219
-0.250169027 -0.895824545 -0.367306198 0.992468357 0.9514422219
-0.256707251 -0.889446573 -0.378135136 0.992468357 0.9514422219
-0.261143349 -0.887649859 -0.379317648 0.992468357 0.9514422219
-0.272032179 -0.879180851 -0.391202665 0.992468357 0.9514422219
-0.278435735 -0.872353852 -0.401836158 0.992468357 0.9514422219
-0.82083193 -0.568544833 0.054696576 0.992468357 0.9514422219
-0.805928748 -0.588975067 0.059893432 0.992468357 0.9514422219
-0.820449999 -0.569226137 0.053323588 0.992468357 0.9514422219
-0.791286289 -0.607675554 0.067796969 0.992468357 0.9514422219
-0.790888371 -0.608344751 0.066424761 0.992468357 0.9514422219
-0.790488341 -0.609012828 0.065050428 0.992468357 0.9514422219
-0.790086552 -0.60967891 0.063677832 0.992468357 0.9514422219
-0.73959914 -0.671467921 0.046086254 0.992468357 0.9514422219
-0.704195947 -0.709691618 0.021115781 0.992468357 0.9514422219
-0.722199602 -0.690867516 0.033612664 0.992468357 0.9514422219
-0.720537128 -0.692495635 0.035721743 0.992468357 0.9514422219
-0.70081888 -0.71288974 0.025320249 0.992468357 0.9514422219
-0.299848191 -0.94510737 -0.129858084 0.992468357 0.9514422219
-0.289188478 -0.949286781 -0.123388135 0.992468357 0.9514422219
-0.294524676 -0.947217558 -0.12662588 0.992468357 0.9514422219
-0.295084677 -0.947151609 -0.12581281 0.992468357 0.9514422219
-0.290308363 -0.949154902 -0.12176217 0.992468357 0.9514422219
-0.99510473 0.095425754 -0.025700214 0.9922126432 0.9506533159
-0.992230261 0.120358834 -0.03150969 0.9922126432 0.9506533159
-0.994705529 0.099518231 -0.025632638 0.9922126432 0.9506533159
0.020135393 -0.971432676 -0.236459559 0.9921671435 0.9506561059
0.039174814 -0.965884811 -0.255991924 0.9921671435 0.9506561059
0.038583371 -0.965968479 -0.255765948 0.9921671435 0.9506561059
0.021319053 -0.971295394 -0.236919301 0.9921671435 0.9506561059
0.040357948 -0.96571635 -0.256443302 0.9921671435 0.9506561059
0.03976654 -0.965800808 -0.256217526 0.9921671435 0.9506561059
0.058184182 -0.959588647 -0.27532568 0.9921671435 0.9506561059
0.077148472 -0.952549003 -0.294446107 0.9921671435 0.9506561059
0.0765586 -0.952663588 -0.294229279 0.9921671435 0.9506561059
0.153417553 -0.915954135 -0.370797892 0.992468357 0.9514422219
0.15439855 -0.916410072 -0.369260975 0.992468357 0.9514422219
0.152433684 -0.915494558 -0.372335448 0.992468357 0.9514422219
0.133879134 -0.926232352 -0.352377649 0.992468357 0.9514422219
0.115209898 -0.936175492 -0.332117642 0.992468357 0.9514422219
-0.985597259 0.166445745 -0.029897458 0.992468357 0.9514422219
-0.984905862 0.171225937 -0.025340111 0.992468357 0.9514422219
-0.996415523 0.083765913 -0.011805781 0.992468357 0.9514422219
-0.996042096 0.088588083 -0.007231434 0.992468357 0.9514422219
-0.991376818 0.130024349 -0.016299482 0.992468357 0.9514422219
-0.984171112 0.176000717 -0.020759822 0.992468357 0.9514422219
-0.983393196 0.180763492 -0.016198179 0.992468357 0.9514422219
-0.969613394 0.238523777 -0.054371634 0.992468357 0.9514422219
-0.962047672 0.266081899 -0.060536757 0.992468357 0.9514422219
-0.951789717 0.300193467 -0.063088961 0.992468357 0.9514422219
-0.952732049 0.29680592 -0.06486824 0.992468357 0.9514422219
-0.953659582 0.293412838 -0.066650648 0.992468357 0.9514422219
-0.869687498 0.492229743 -0.036790434 0.992468357 0.9514422219
-0.87723914 0.478761143 -0.035203129 0.992468357 0.9514422219
-0.881937916 0.469589173 -0.040884231 0.992468357 0.9514422219
0.324872047 -0.82388681 -0.464401419 0.992468357 0.9514422219
0.321898972 -0.827287271 -0.460409407 0.992468357 0.9514422219
0.329192186 -0.820411002 -0.467502184 0.992468357 0.9514422219
-0.263048826 -0.884670458 -0.384920117 0.992468357 0.9514422219
-0.261645956 -0.887138606 -0.380166395 0.992468357 0.9514422219
-0.264443094 -0.882175198 -0.389662379 0.992468357 0.9514422219
-0.257179881 -0.889349452 -0.378042406 0.992468357 0.9514422219
-0.249855351 -0.896310903 -0.36633191 0.992468357 0.9514422219
-0.098712621 -0.958233808 -0.268409737 0.9921640837 0.9506557947
-0.117894274 -0.952634993 -0.280334641 0.9921640837 0.9506557947
-0.108311664 -0.955499225 -0.274389896 0.9921640837 0.9506557947
-0.114826382 -0.951984463 -0.283796553 0.9921640837 0.9506557947
-0.130879356 -0.945225593 -0.299030389 0.9921640837 0.9506557947
-0.038166196 -0.962506007 -0.268561963 0.9921671435 0.9506561059
-0.041583536 -0.961549962 -0.27146359 0.9921671435 0.9506561059
-0.033161865 -0.962730432 -0.268422068 0.9921671435 0.9506561059
0.252711558 -0.914293236 -0.316551335 0.992468357 0.9514422219
0.244493994 -0.921004421 -0.3032714 0.992468357 0.9514422219
0.234604647 -0.92651969 -0.294146093 0.992468357 0.9514422219
0.235405348 -0.926987125 -0.292026012 0.992468357 0.9514422219
0.236205662 -0.927449551 -0.289903804 0.992468357 0.9514422219
-0.164231987 -0.974617826 -0.152144498 0.9921671435 0.9506561059
-0.160485243 -0.974470936 -0.157005994 0.9921671435 0.9506561059
-0.143909446 -0.974322413 -0.173164392 0.9921671435 0.9506561059
-0.145591385 -0.978039555 -0.149136775 0.9921671435 0.9506561059
-0.161016921 -0.976820791 -0.141048551 0.9921671435 0.9506561059
-0.183593055 -0.974339868 -0.130212948 0.9921671435 0.9506561059
-0.179994622 -0.974829351 -0.131566229 0.9921671435 0.9506561059
-0.176393349 -0.975304254 -0.132917264 0.9921671435 0.9506561059
-0.925857521 0.370110173 -0.076199148 0.992468357 0.9514422219
-0.933013472 0.35022916 -0.08261596 0.992468357 0.9514422219
-0.910194952 0.409321071 -0.063256705 0.992468357 0.9514422219
-0.918249984 0.389810869 -0.069745639 0.992468357 0.9514422219
-0.914485674 0.399273351 -0.065549544 0.992468357 0.9514422219
-0.902113915 0.42800028 -0.054829234 0.992468357 0.9514422219
-0.910610249 0.408687641 -0.061346452 0.992468357 0.9514422219
-0.977109177 0.203927094 -0.060592056 0.9922126432 0.9506533159
-0.976213566 0.207579968 -0.062590977 0.9922126432 0.9506533159
-0.981238049 0.185001054 -0.054281692 0.9922126432 0.9506533159
-0.584416858 -0.810964346 -0.028173852 0.992468357 0.9514422219
-0.588320394 -0.808136061 -0.028199675 0.992468357 0.9514422219
-0.593594433 -0.804064003 -0.033566756 0.992468357 0.9514422219
-0.573702725 -0.818878075 -0.0174322 0.992468357 0.9514422219
-0.583003521 -0.812148809 -0.022829939 0.992468357 0.9514422219
-0.592210492 -0.805288845 -0.028224252 0.992468357 0.9514422219
-0.601321934 -0.798299447 -0.033614365 0.992468357 0.9514422219
-0.569576386 -0.821795809 -0.015309779 0.992468357 0.9514422219
-0.558527017 -0.829396502 -0.012207081 0.992468357 0.9514422219
-0.564064984 -0.825615762 -0.013758916 0.992468357 0.9514422219
-0.576337732 -0.816964111 -0.020111191 0.992468357 0.9514422219
-0.583046042 -0.812057128 -0.024910492 0.992468357 0.9514422219
-0.485231071 -0.874175287 -0.019193134 0.9921671435 0.9506561059
-0.461589435 -0.886595454 -0.029727003 0.9921671435 0.9506561059
-0.472329889 -0.881165209 -0.021268517 0.9921671435 0.9506561059
-0.448493808 -0.89322046 -0.031788589 0.9921671435 0.9506561059
-0.455053668 -0.889932664 -0.030757314 0.9921671435 0.9506561059
-0.437566569 -0.898285415 -0.04023445 0.9921671435 0.9506561059
-0.413183 -0.909235121 -0.050708009 0.9921671435 0.9506561059
-0.924264558 -0.378586154 0.049066793 0.992468357 0.9514422219
-0.93179443 -0.359007233 0.053599878 0.992468357 0.9514422219
-0.916309756 -0.397990075 0.044500912 0.992468357 0.9514422219
-0.932427809 -0.358129744 0.048181613 0.992468357 0.9514422219
-0.946808925 -0.317603436 0.051777564 0.992468357 0.9514422219
-0.928847851 0.367644332 -0.045599503 0.992468357 0.9514422219
-0.917773833 0.39436047 -0.046594103 0.992468357 0.9514422219
-0.918346621 0.392896621 -0.047662661 0.992468357 0.9514422219
-0.91224496 0.406868762 -0.047612424 0.992468357 0.9514422219
-0.905931273 0.420746372 -0.047550181 0.992468357 0.9514422219
0.240359482 -0.880832717 -0.407873809 0.992468357 0.9514422219
0.247755922 -0.880951219 -0.40316492 0.992468357 0.9514422219
0.226000398 -0.889867733 -0.396307 0.992468357 0.9514422219
0.233408939 -0.890032392 -0.391615383 0.992468357 0.9514422219
0.240594749 -0.885538837 -0.397410537 0.992468357 0.9514422219
0.255133778 -0.881002937 -0.398422617 0.992468357 0.9514422219
0.262490819 -0.880986657 -0.393650963 0.992468357 0.9514422219
-0.89472764 -0.446589694 0.004482795 0.992468357 0.9514422219
-0.886527959 -0.462603787 0.008118772 0.992468357 0.9514422219
-0.89232039 -0.451397783 -0.002089112 0.992468357 0.9514422219
-0.885299533 -0.464996139 0.004829837 0.992468357 0.9514422219
-0.878029166 -0.478462876 0.011749904 0.992468357 0.9514422219
-0.021771637 -0.972093347 -0.233581936 0.992468357 0.9514422219
-0.01914704 -0.971427389 -0.236563349 0.992468357 0.9514422219
-0.020988273 -0.972881052 -0.2303518 0.992468357 0.9514422219
-0.018755414 -0.971826605 -0.234949535 0.992468357 0.9514422219
-0.016522079 -0.970745682 -0.2395409 0.992468357 0.9514422219
-0.028664037 -0.975576192 -0.217783073 0.992468357 0.9514422219
-0.029240259 -0.976130476 -0.215207577 0.992468357 0.9514422219
-0.026497391 -0.976168176 -0.215391689 0.992468357 0.9514422219
-0.034149197 -0.975482636 -0.217410807 0.992468357 0.9514422219
-0.031982942 -0.976085403 -0.215021807 0.992468357 0.9514422219
-0.029816304 -0.976677667 -0.212630484 0.992468357 0.9514422219
-0.027649348 -0.97725941 -0.210236912 0.992468357 0.9514422219
0.07077188 -0.959919243 -0.271194374 0.992468357 0.9514422219
0.04799599 -0.963630971 -0.262891111 0.992468357 0.9514422219
0.059388552 -0.961847547 -0.267062345 0.992468357 0.9514422219
0.048313812 -0.963077382 -0.264854171 0.992468357 0.9514422219
0.025829148 -0.965701583 -0.258366613 0.992468357 0.9514422219
-0.169282969 -0.916389256 -0.362731317 0.9921640837 0.9506557947
-0.164380481 -0.922113415 -0.35026548 0.9921640837 0.9506557947
-0.148068045 -0.933484219 -0.32662374 0.9921640837 0.9506557947
-0.143063619 -0.938603441 -0.313936907 0.9921640837 0.9506557947
-0.153760741 -0.930596483 -0.332186423 0.9921640837 0.9506557947
-0.159443695 -0.927642003 -0.337724773 0.9921640837 0.9506557947
-0.154471211 -0.932973676 -0.325113464 0.9921640837 0.9506557947
-0.619605638 -0.779074309 -0.095561889 0.992468357 0.9514422219
-0.97681415 -0.17124733 -0.128485287 0.992468357 0.9514422219
0.046336973 -0.998818868 -0.014620325 0.992468357 0.9514422219
0.05988032 -0.996554975 -0.057380563 0.992468357 0.9514422219
0.069512901 -0.995661699 -0.061852557 0.992468357 0.9514422219
-0.647139702 -0.75502084 0.105611258 0.992468357 0.9514422219
-0.992517848 -0.121970368 -0.005617009 0.992468357 0.9514422219
-0.880629877 -0.471668284 0.044944966 0.992468357 0.9514422219
-0.344079985 -0.935484848 0.080480204 0.992468357 0.9514422219
0.00181075 -0.998037854 0.062587238 0.992468357 0.9514422219
0.011584984 -0.983194578 -0.182192782 0.992468357 0.9514422219
0.015018228 -0.983138939 -0.182242363 0.992468357 0.9514422219
0.008151365 -0.983238668 -0.182140815 0.992468357 0.9514422219
0.014064924 -0.984222549 -0.17637503 0.992468357 0.9514422219
0.019977508 -0.985138316 -0.170597182 0.992468357 0.9514422219
0.296659737 -0.884589222 -0.359854009 0.992468357 0.9514422219
0.311757472 -0.872737564 -0.375681278 0.992468357 0.9514422219
0.281378448 -0.895893637 -0.343803374 0.992468357 0.9514422219
0.285608095 -0.894606547 -0.343667198 0.992468357 0.9514422219
0.28982929 -0.893301859 -0.343526958 0.992468357 0.9514422219
0.343084944 -0.861088032 -0.375260073 0.992468357 0.9514422219
0.341189415 -0.856431935 -0.38744564 0.992468357 0.9514422219
0.32562593 -0.877756171 -0.35144254 0.992468357 0.9514422219
0.332556997 -0.86503742 -0.375654237 0.992468357 0.9514422219
0.339226972 -0.851628639 -0.39956692 0.992468357 0.9514422219
0.112762111 -0.939212381 -0.324291243 0.9921671435 0.9506561059
0.070023681 -0.960117977 -0.270684604 0.9921671435 0.9506561059
0.091452665 -0.950275773 -0.297678291 0.9921671435 0.9506561059
0.096350721 -0.947099933 -0.306134374 0.9921671435 0.9506561059
0.079878607 -0.954361664 -0.287772868 0.9921671435 0.9506561059
0.051677122 -0.965876017 -0.253797154 0.992468357 0.9514422219
0.042944031 -0.967876412 -0.247731833 0.992468357 0.9514422219
0.060404059 -0.963762271 -0.259833861 0.992468357 0.9514422219
0.070458422 -0.962881908 -0.260564852 0.992468357 0.9514422219
0.080504857 -0.961902745 -0.261270123 0.992468357 0.9514422219
0.029554327 -0.967276731 -0.25199656 0.992468357 0.9514422219
0.011097235 -0.970465587 -0.240984224 0.992468357 0.9514422219
0.018463504 -0.968148803 -0.249693801 0.992468357 0.9514422219
-0.27882143 -0.848132432 -0.450477511 0.992468357 0.9514422219
-0.279009262 -0.839181693 -0.466827503 0.992468357 0.9514422219
-0.278927805 -0.843693568 -0.458672478 0.992468357 0.9514422219
-0.275597242 -0.843725834 -0.460622273 0.992468357 0.9514422219
-0.272337056 -0.839207106 -0.470705811 0.992468357 0.9514422219
0.28627294 -0.893848166 -0.345084423 0.992468357 0.9514422219
0.278615582 -0.89388957 -0.351190539 0.992468357 0.9514422219
0.282447237 -0.893879666 -0.348141782 0.992468357 0.9514422219
0.288194118 -0.889783839 -0.353876914 0.992468357 0.9514422219
0.290086954 -0.885632943 -0.362634594 0.992468357 0.9514422219
0.280103882 -0.880986438 -0.381319698 0.992468357 0.9514422219
0.278651859 -0.880660653 -0.383131773 0.992468357 0.9514422219
0.265527466 -0.891812325 -0.366286694 0.992468357 0.9514422219
0.264077441 -0.891495097 -0.3681027 0.992468357 0.9514422219
0.271383453 -0.886139456 -0.375643297 0.992468357 0.9514422219
0.277197736 -0.880330045 -0.384942108 0.992468357 0.9514422219
0.275742563 -0.879994635 -0.386749895 0.992468357 0.9514422219
0.464203921 -0.836019358 0.292551453 0.992468357 0.9514422219
0.470762612 -0.828976641 0.301960746 0.992468357 0.9514422219
0.467963231 -0.831963455 0.298072515 0.992468357 0.9514422219
0.143354176 -0.856603976 0.495660376 0.992468357 0.9514422219
-0.19820591 -0.75331762 0.627078129 0.992468357 0.9514422219
0.619682143 -0.784322583 -0.02884662 0.992468357 0.9514422219
0.633810994 -0.772999492 -0.02748472 0.992468357 0.9514422219
0.605348957 -0.79538711 -0.030199107 0.992468357 0.9514422219
0.607289138 -0.793871472 -0.03111252 0.992468357 0.9514422219
0.609225102 -0.792350411 -0.032024999 0.992468357 0.9514422219
0.306971195 -0.834425933 -0.457713937 0.992468357 0.9514422219
0.310268988 -0.832880485 -0.45830476 0.992468357 0.9514422219
0.307113171 -0.837244896 -0.452440587 0.992468357 0.9514422219
0.310342507 -0.834296647 -0.455671629 0.992468357 0.9514422219
0.313562643 -0.831323708 -0.458889268 0.992468357 0.9514422219
-0.647243976 -0.760812451 -0.047324944 0.992468357 0.9514422219
-0.658396639 -0.751206735 -0.046928745 0.992468357 0.9514422219
-0.641993075 -0.764674466 -0.055837735 0.992468357 0.9514422219
-0.679420157 -0.733157468 -0.029468254 0.992468357 0.9514422219
-0.674452874 -0.737339534 -0.037996486 0.992468357 0.9514422219
-0.669408063 -0.74143669 -0.046523967 0.992468357 0.9514422219
-0.664284852 -0.745450291 -0.055040892 0.992468357 0.9514422219
0.662868728 -0.748626848 0.012762905 0.992468357 0.9514422219
0.688867751 -0.724430863 0.025712787 0.992468357 0.9514422219
0.680602882 -0.732341999 0.021328683 0.992468357 0.9514422219
0.070198869 -0.975060533 -0.210544711 0.992468357 0.9514422219
0.029187672 -0.969894536 -0.241769868 0.992468357 0.9514422219
0.04970984 -0.972803923 -0.226233196 0.992468357 0.9514422219
0.070141952 -0.975542443 -0.208319581 0.992468357 0.9514422219
0.070086175 -0.976018787 -0.206095259 0.992468357 0.9514422219
0.094591221 -0.976393075 -0.194188215 0.992468357 0.9514422219
0.07566227 -0.974473399 -0.211368909 0.992468357 0.9514422219
0.102374539 -0.976690302 -0.188667716 0.992468357 0.9514422219
0.083468083 -0.975007239 -0.205897944 0.992468357 0.9514422219
0.079566348 -0.974751343 -0.208636086 0.992468357 0.9514422219
0.056684211 -0.971913135 -0.22841138 0.992468357 0.9514422219
0.037668817 -0.968714194 -0.24530363 0.992468357 0.9514422219
-0.34333635 -0.932573493 -0.111475696 0.9921671435 0.9506561059
-0.323830455 -0.938602457 -0.118992711 0.9921671435 0.9506561059
-0.362681152 -0.926102484 -0.103906552 0.9921671435 0.9506561059
-0.359844048 -0.926436428 -0.110579413 0.9921671435 0.9506561059
-0.35698654 -0.926722709 -0.117241768 0.9921671435 0.9506561059
-0.982025914 -0.182692763 0.04741791 0.992468357 0.9514422219
-0.987874744 -0.149681 0.041219991 0.992468357 0.9514422219
-0.986825974 -0.156033738 0.042754753 0.992468357 0.9514422219
0.183708006 -0.904136456 -0.385731301 0.992468357 0.9514422219
0.193095427 -0.901003476 -0.388467363 0.992468357 0.9514422219
0.188404153 -0.9025818 -0.387104597 0.992468357 0.9514422219
0.166833008 -0.908690217 -0.382686344 0.992468357 0.9514422219
0.149905532 -0.912957977 -0.379520834 0.992468357 0.9514422219
0.354497189 -0.928986871 -0.106372632 0.992468357 0.9514422219
0.338008317 -0.933504814 -0.119662608 0.992468357 0.9514422219
0.335142003 -0.934352353 -0.121101272 0.992468357 0.9514422219
0.170590157 -0.908959018 -0.380384677 0.992468357 0.9514422219
0.180760026 -0.905843799 -0.383109416 0.992468357 0.9514422219
0.187337152 -0.901600264 -0.389899673 0.992468357 0.9514422219
0.157345717 -0.916974036 -0.366607342 0.992468357 0.9514422219
0.167550435 -0.9140393 -0.369403586 0.992468357 0.9514422219
0.174164788 -0.909990598 -0.376276147 0.992468357 0.9514422219
0.1909094 -0.902619904 -0.385786093 0.992468357 0.9514422219
0.201034877 -0.899287047 -0.388417026 0.992468357 0.9514422219
0.207571967 -0.894865328 -0.395132792 0.992468357 0.9514422219
-0.988021181 -0.148781653 0.040965432 0.9922126432 0.9506533159
-0.992652684 -0.117575003 0.028579158 0.9922126432 0.9506533159
-0.990479166 -0.133197457 0.034777275 0.9922126432 0.9506533159
-0.987752909 -0.150501683 0.041151365 0.9922126432 0.9506533159
-0.987481614 -0.152221154 0.041337418 0.9922126432 0.9506533159
0.243350051 -0.895010075 -0.373815086 0.992468357 0.9514422219
0.234868479 -0.897427586 -0.373444139 0.992468357 0.9514422219
0.251812665 -0.892522833 -0.374156886 0.992468357 0.9514422219
0.244447533 -0.894750024 -0.373721552 0.992468357 0.9514422219
0.237067878 -0.896924063 -0.373264043 0.992468357 0.9514422219
-0.971554391 -0.231570749 0.049568671 0.9922126432 0.9506533159
-0.974811654 -0.219377555 0.040196104 0.9922126432 0.9506533159
-0.974415623 -0.221275117 0.03938928 0.9922126432 0.9506533159
-0.972366373 -0.227780492 0.051182856 0.9922126432 0.9506533159
-0.975590937 -0.215578923 0.041809711 0.9922126432 0.9506533159
-0.97520349 -0.217478456 0.041003355 0.9922126432 0.9506533159
-0.977828115 -0.207129577 0.030814208 0.9922126432 0.9506533159
-0.980602912 -0.194830455 0.021424808 0.9922126432 0.9506533159
-0.980239752 -0.196735629 0.02061846 0.9922126432 0.9506533159
-0.959616494 -0.280837158 0.016330159 0.9922126432 0.9506533159
-0.961586722 -0.274193383 0.012998657 0.992468357 0.9514422219
-0.955879244 -0.293534923 0.011494304 0.992468357 0.9514422219
-0.970109951 -0.241895237 0.019322994 0.9922126432 0.9506533159
-0.966901194 -0.254738999 0.014495639 0.992468357 0.9514422219
-0.963500319 -0.267532681 0.009664331 0.992468357 0.9514422219
-0.959908028 -0.280273453 0.004834233 0.992468357 0.9514422219
-0.72486387 -0.687210881 -0.048099631 0.992468357 0.9514422219
-0.717622218 -0.69458019 -0.050761321 0.992468357 0.9514422219
-0.707951119 -0.703839627 -0.058437934 0.992468357 0.9514422219
-0.743458698 -0.667982039 -0.032697994 0.992468357 0.9514422219
-0.736448355 -0.675568468 -0.035370399 0.992468357 0.9514422219
-0.727121821 -0.68515603 -0.043070537 0.992468357 0.9514422219
-0.710298317 -0.701871158 -0.053415153 0.992468357 0.9514422219
-0.702893988 -0.709081703 -0.056064078 0.992468357 0.9514422219
-0.692999745 -0.718115906 -0.063725185 0.992468357 0.9514422219
-0.834984747 0.5502084 -0.008437349 0.9922126432 0.9506533159
-0.834217541 0.551218302 -0.015475054 0.992468357 0.9514422219
-0.838380693 0.544994556 -0.009937178 0.992468357 0.9514422219
-0.826522663 0.562565202 -0.019511031 0.992468357 0.9514422219
-0.825674717 0.563521507 -0.026547551 0.992468357 0.9514422219
-0.829981947 0.557394346 -0.021012156 0.992468357 0.9514422219
-0.833407589 0.552200123 -0.022512536 0.992468357 0.9514422219
-0.832554748 0.553154134 -0.029548183 0.992468357 0.9514422219
-0.836798826 0.546983712 -0.02401131 0.992468357 0.9514422219
-0.150781455 -0.963568373 -0.220909354 0.992468357 0.9514422219
-0.116338336 -0.962027094 -0.246919545 0.992468357 0.9514422219
-0.218766834 -0.961256696 -0.16770998 0.992468357 0.9514422219
-0.184945092 -0.963311711 -0.194488715 0.992468357 0.9514422219
-0.176163075 -0.96298355 -0.204032483 0.992468357 0.9514422219
-0.201376139 -0.961505962 -0.186959718 0.992468357 0.9514422219
-0.167346576 -0.962495535 -0.213535639 0.992468357 0.9514422219
-0.507739056 -0.859008169 -0.065620246 0.992468357 0.9514422219
-0.47474594 -0.875164446 -0.093292468 0.992468357 0.9514422219
-0.4833404 -0.871412731 -0.083796839 0.992468357 0.9514422219
-0.49088068 -0.867103418 -0.084662977 0.992468357 0.9514422219
-0.457306127 -0.882198565 -0.112235458 0.992468357 0.9514422219
-0.466069609 -0.878758284 -0.102776448 0.992468357 0.9514422219
-0.440751265 -0.889467465 -0.120772308 0.992468357 0.9514422219
-0.405825708 -0.901888007 -0.147998371 0.992468357 0.9514422219
-0.41495857 -0.899215479 -0.138639488 0.992468357 0.9514422219
-0.276251018 -0.954608495 -0.111391185 0.992468357 0.9514422219
-0.278882721 -0.95375695 -0.112125413 0.992468357 0.9514422219
-0.27756716 -0.954183699 -0.111758398 0.992468357 0.9514422219
-0.285288543 -0.951510402 -0.115058253 0.992468357 0.9514422219
-0.294296194 -0.948312665 -0.118713267 0.992468357 0.9514422219
-0.177392564 -0.966005011 -0.188059022 0.992468357 0.9514422219
-0.222220721 -0.963195557 -0.151235811 0.992468357 0.9514422219
-0.199891123 -0.965007222 -0.16971918 0.992468357 0.9514422219
-0.169973819 -0.965936087 -0.195131692 0.992468357 0.9514422219
-0.162536324 -0.965766059 -0.202182746 0.992468357 0.9514422219
-0.457895221 -0.887066256 -0.058697741 0.992468357 0.9514422219
-0.444033597 -0.89334086 -0.069110583 0.992468357 0.9514422219
-0.48515241 -0.873611188 -0.037823688 0.992468357 0.9514422219
-0.471605176 -0.880487677 -0.048270169 0.992468357 0.9514422219
-0.445002434 -0.892455584 -0.074134101 0.992468357 0.9514422219
-0.431915137 -0.897459019 -0.089535597 0.992468357 0.9514422219
-0.417721763 -0.903068097 -0.099882636 0.992468357 0.9514422219
-0.541049901 -0.840967087 -0.006273979 0.992468357 0.9514422219
-0.545988669 -0.837761612 -0.007201 0.992468357 0.9514422219
-0.531167953 -0.847260996 -0.003067739 0.992468357 0.9514422219
-0.570271017 -0.821328027 -0.014534094 0.992468357 0.9514422219
-0.575089838 -0.817944196 -0.015458638 0.992468357 0.9514422219
-0.560630904 -0.827988274 -0.011331719 0.992468357 0.9514422219
-0.550908084 -0.834526348 -0.008127577 0.992468357 0.9514422219
-0.555807871 -0.831261471 -0.009054148 0.992468357 0.9514422219
-0.541103924 -0.840941325 -0.004922519 0.992468357 0.9514422219
-0.765227282 -0.643733264 0.005889926 0.992468357 0.9514422219
-0.742717611 -0.669367481 -0.017824859 0.992468357 0.9514422219
-0.747349506 -0.664341434 -0.01091673 0.992468357 0.9514422219
-0.828804654 -0.558681066 0.030956627 0.992468357 0.9514422219
-0.816412564 -0.575467999 0.04803236 0.992468357 0.9514422219
-0.822683372 -0.567126061 0.039498107 0.992468357 0.9514422219
-0.83008007 -0.556829427 0.030134135 0.992468357 0.9514422219
-0.831350633 -0.554974752 0.029311248 0.992468357 0.9514422219
0.528543699 -0.848771603 0.015110405 0.992468357 0.9514422219
0.533481323 -0.845693588 0.014143321 0.992468357 0.9514422219
0.541512236 -0.84066043 0.007385067 0.992468357 0.9514422219
0.539959504 -0.841628212 0.010280406 0.992468357 0.9514422219
0.538400461 -0.842586104 0.013175801 0.992468357 0.9514422219
0.28858661 -0.950627284 -0.114129465 0.992468357 0.9514422219
0.287098843 -0.951052788 -0.11433656 0.992468357 0.9514422219
0.291560089 -0.949769319 -0.113714356 0.992468357 0.9514422219
0.290073734 -0.950199453 -0.11392203 0.992468357 0.9514422219
0.286146694 -0.951878136 -0.109763762 0.992468357 0.9514422219
0.283699175 -0.953103687 -0.105395164 0.992468357 0.9514422219
0.282209488 -0.953522996 -0.105601616 0.992468357 0.9514422219
0.26141461 -0.960925341 -0.091021372 0.992468357 0.9514422219
0.266432243 -0.959241003 -0.094183639 0.992468357 0.9514422219
0.264784739 -0.959530116 -0.095869694 0.992468357 0.9514422219
0.26979315 -0.957812592 -0.099028761 0.992468357 0.9514422219
0.268113907 -0.958531211 -0.096606682 0.992468357 0.9514422219
0.271439736 -0.957520199 -0.097342375 0.992468357 0.9514422219
0.276436878 -0.955763003 -0.100497437 0.992468357 0.9514422219
-0.831402096 0.555030392 -0.026679911 0.9922126432 0.9506533159
-0.824074238 0.565443586 -0.034281211 0.9922126432 0.9506533159
-0.831537241 0.554732423 -0.028596424 0.9922126432 0.9506533159
-0.824200855 0.565139507 -0.036197912 0.9922126432 0.9506533159
-0.824137989 0.565291726 -0.035239749 0.9922126432 0.9506533159
-0.816565247 0.575732277 -0.041875319 0.9922126432 0.9506533159
-0.808876698 0.585894337 -0.049460213 0.9922126432 0.9506533159
-0.998897381 0.008374047 -0.046194136 0.992468357 0.9514422219
-0.999064077 0.002320401 -0.043192427 0.992468357 0.9514422219
-0.998812242 -0.00816946 -0.048035033 0.992468357 0.9514422219
-0.998903046 0.029349116 -0.036487459 0.992468357 0.9514422219
-0.99916758 0.023296978 -0.033487266 0.992468357 0.9514422219
-0.999182565 0.012809728 -0.038342038 0.992468357 0.9514422219
-0.999185212 -0.003733575 -0.04018673 0.992468357 0.9514422219
-0.999260642 -0.00978679 -0.037180475 0.992468357 0.9514422219
-0.998910958 -0.020275253 -0.042021564 0.992468357 0.9514422219
-0.735385532 -0.676530447 -0.038918799 0.992468357 0.9514422219
-0.744571133 -0.66681304 -0.031212141 0.992468357 0.9514422219
-0.773118987 -0.634240675 -0.005079238 0.992468357 0.9514422219
-0.781531379 -0.623860324 0.002645788 0.992468357 0.9514422219
-0.763467171 -0.645688509 -0.014290863 0.992468357 0.9514422219
-0.753579466 -0.656936694 -0.02349827 0.992468357 0.9514422219
-0.762408141 -0.646904065 -0.015778382 0.992468357 0.9514422219
-0.823704694 -0.566510985 0.023997495 0.9922126432 0.9506533159
-0.825339977 -0.56435941 0.017674217 0.9922126432 0.9506533159
-0.834523735 -0.550927877 0.006972089 0.9922126432 0.9506533159
-0.830751189 -0.556568535 0.009161178 0.9922126432 0.9506533159
-0.826936146 -0.562181285 0.0113496 0.9922126432 0.9506533159
-0.98689356 0.161356116 -0.002303326 0.992468357 0.9514422219
-0.9878854 0.155157073 0.002952933 0.992468357 0.9514422219
-0.984711607 0.173720246 -0.012818998 0.992468357 0.9514422219
-0.985835574 0.167544122 -0.007562351 0.992468357 0.9514422219
-0.988620891 0.150298891 -0.00624313 0.992468357 0.9514422219
-0.990208945 0.139221379 -0.010181007 0.992468357 0.9514422219
-0.991102693 0.133008405 -0.004920945 0.992468357 0.9514422219
-0.326826691 -0.934532461 -0.14083108 0.992468357 0.9514422219
-0.326753462 -0.935551553 -0.134072619 0.992468357 0.9514422219
-0.320542573 -0.936587134 -0.141622733 0.992468357 0.9514422219
-0.339185183 -0.932283034 -0.125705033 0.992468357 0.9514422219
-0.332932726 -0.934425644 -0.126508952 0.992468357 0.9514422219
-0.326664923 -0.936527031 -0.127307299 0.992468357 0.9514422219
-0.320383269 -0.938586601 -0.12810056 0.992468357 0.9514422219
-0.349295888 -0.929021239 -0.122114375 0.992468357 0.9514422219
-0.3465897 -0.930203812 -0.120815759 0.992468357 0.9514422219
-0.335570629 -0.934379752 -0.119694743 0.992468357 0.9514422219
-0.339728575 -0.932887339 -0.119606473 0.992468357 0.9514422219
-0.343879905 -0.931376711 -0.119515832 0.992468357 0.9514422219
-0.881605272 -0.469607002 -0.047343513 0.9922126432 0.9506533159
-0.88369187 -0.46507398 -0.052866545 0.9922126432 0.9506533159
-0.876516908 -0.478790613 -0.049776089 0.9922126432 0.9506533159
-0.895460026 -0.441915656 -0.05349668 0.9922126432 0.9506533159
-0.897379245 -0.437296485 -0.05901081 0.9922126432 0.9506533159
-0.890646719 -0.451241117 -0.055945298 0.9922126432 0.9506533159
-0.885729589 -0.460514846 -0.058388119 0.9922126432 0.9506533159
-0.887718536 -0.455929866 -0.063904288 0.9922126432 0.9506533159
-0.880709904 -0.469734766 -0.060821989 0.9922126432 0.9506533159
-0.902145148 -0.430094853 -0.03394922 0.9922126432 0.9506533159
-0.903805014 -0.426952677 -0.029118879 0.9922126432 0.9506533159
-0.887776614 -0.459059582 -0.033421313 0.9922126432 0.9506533159
-0.896787934 -0.441518505 -0.028858474 0.9922126432 0.9506533159
-0.90543214 -0.423795835 -0.024284373 0.9922126432 0.9506533159
-0.166089994 -0.927096262 -0.336015824 0.992468357 0.9514422219
-0.146981077 -0.936744303 -0.317658109 0.992468357 0.9514422219
-0.106434838 -0.953947227 -0.280457329 0.992468357 0.9514422219
-0.117107548 -0.94990048 -0.289784231 0.992468357 0.9514422219
-0.127755725 -0.945647495 -0.299047303 0.992468357 0.9514422219
-0.786050613 -0.311537179 0.533918552 0.992468357 0.9514422219
-0.774840191 -0.293779783 0.559746476 0.992468357 0.9514422219
-0.921171755 0.006157277 0.38910755 0.992468357 0.9514422219
0.068164094 -0.976304177 -0.205386975 0.992468357 0.9514422219
0.073582658 -0.977248409 -0.198924958 0.992468357 0.9514422219
0.095864564 -0.978704585 -0.181513969 0.992468357 0.9514422219
0.023416987 -0.970586348 -0.239611741 0.992468357 0.9514422219
0.051239292 -0.975009476 -0.216173674 0.992468357 0.9514422219
0.078993457 -0.978123017 -0.192445829 0.992468357 0.9514422219
0.106643326 -0.97992236 -0.168461774 0.992468357 0.9514422219
0.229251463 -0.970277505 -0.077494065 0.992468357 0.9514422219
0.224222085 -0.971315324 -0.079189632 0.992468357 0.9514422219
0.234274384 -0.969211269 -0.075795965 0.992468357 0.9514422219
0.238575602 -0.967820378 -0.080033733 0.992468357 0.9514422219
0.242867567 -0.966392378 -0.084268126 0.992468357 0.9514422219
-0.967039773 0.244728353 -0.070300151 0.9922126432 0.9506533159
-0.965684562 0.249230821 -0.073056991 0.9922126432 0.9506533159
-0.971178592 0.23008997 -0.062215338 0.9922126432 0.9506533159
-0.969914242 0.23461489 -0.064978583 0.9922126432 0.9506533159
-0.967835308 0.241931825 -0.069020357 0.9922126432 0.9506533159
-0.964300666 0.253725857 -0.07581171 0.9922126432 0.9506533159
-0.962888119 0.258213371 -0.078564147 0.9922126432 0.9506533159
-0.951275008 0.291770852 -0.099727773 0.9922126432 0.9506533159
-0.940450333 0.320072914 -0.114483631 0.9922126432 0.9506533159
-0.945996941 0.305965645 -0.107120547 0.9922126432 0.9506533159
-0.948194692 0.299244787 -0.106674195 0.9922126432 0.9506533159
-0.9450066 0.306685421 -0.113607124 0.9922126432 0.9506533159
-0.065272925 -0.967368934 -0.244819914 0.992468357 0.9514422219
-0.055370916 -0.969987027 -0.236768301 0.992468357 0.9514422219
-0.043214865 -0.972094214 -0.230576047 0.992468357 0.9514422219
-0.033295628 -0.974376794 -0.222443846 0.992468357 0.9514422219
-0.044337056 -0.972268383 -0.22962669 0.992468357 0.9514422219
-0.045459472 -0.972440494 -0.228676459 0.992468357 0.9514422219
-0.035540028 -0.97472882 -0.220546216 0.992468357 0.9514422219
0.063204128 -0.957885729 -0.280107422 0.992468357 0.9514422219
0.048612395 -0.962845103 -0.265642885 0.992468357 0.9514422219
0.067909905 -0.95751559 -0.280271545 0.992468357 0.9514422219
0.024572514 -0.967770014 -0.250633978 0.992468357 0.9514422219
0.029285033 -0.967582824 -0.250850286 0.992468357 0.9514422219
0.03399898 -0.967374499 -0.251059053 0.992468357 0.9514422219
0.038710054 -0.96714401 -0.251264793 0.992468357 0.9514422219
0.255718555 -0.962500462 -0.090558715 0.992468357 0.9514422219
0.257315848 -0.961785339 -0.093581601 0.992468357 0.9514422219
0.247878391 -0.964955731 -0.086120499 0.992468357 0.9514422219
0.274493438 -0.955790136 -0.105444623 0.992468357 0.9514422219
0.276069409 -0.954998507 -0.10845982 0.992468357 0.9514422219
0.266713322 -0.95846609 -0.101028499 0.992468357 0.9514422219
0.258909848 -0.961058495 -0.096603626 0.992468357 0.9514422219
0.260500946 -0.960319889 -0.099624133 0.992468357 0.9514422219
0.251084056 -0.963567066 -0.092169989 0.992468357 0.9514422219
0.287009595 -0.951083459 -0.114305499 0.992468357 0.9514422219
0.279270777 -0.953901791 -0.109905443 0.992468357 0.9514422219
0.293381335 -0.948786165 -0.117184493 0.992468357 0.9514422219
0.282468399 -0.952792155 -0.111349509 0.992468357 0.9514422219
0.271507645 -0.956636947 -0.105495735 0.992468357 0.9514422219
-0.347297562 -0.921491561 -0.173889927 0.992468357 0.9514422219
-0.368314855 -0.914575832 -0.16701861 0.992468357 0.9514422219
-0.357830272 -0.918095282 -0.170465684 0.992468357 0.9514422219
-0.346629066 -0.922137436 -0.171787192 0.992468357 0.9514422219
-0.345958876 -0.92277828 -0.169684127 0.992468357 0.9514422219
-0.365877673 -0.916265383 -0.163068319 0.992468357 0.9514422219
-0.378018769 -0.912377651 -0.157063146 0.992468357 0.9514422219
-0.371957642 -0.914344071 -0.160070084 0.992468357 0.9514422219
-0.387944747 -0.909462699 -0.149587674 0.992468357 0.9514422219
-0.409734537 -0.902009718 -0.136000288 0.992468357 0.9514422219
-0.120749172 -0.948401293 -0.293180192 0.9921640837 0.9506557947
-0.121676454 -0.948036053 -0.293977012 0.9921640837 0.9506557947
-0.103771389 -0.955997437 -0.274409183 0.9921640837 0.9506557947
-0.156444475 -0.928376239 -0.337109308 0.9921640837 0.9506557947
-0.174540071 -0.917623528 -0.357075377 0.9921640837 0.9506557947
-0.186231194 -0.906905522 -0.377942213 0.9921640837 0.9506557947
-0.204039104 -0.894706024 -0.397327542 0.992468357 0.9514422219
-0.189359223 -0.906506311 -0.377345191 0.9921640837 0.9506557947
-0.192488817 -0.906098234 -0.376741351 0.9921640837 0.9506557947
-0.210271964 -0.893809986 -0.396092679 0.9921640837 0.9506557947
0.371960532 -0.924304349 -0.085480016 0.992468357 0.9514422219
0.317598893 -0.938993388 -0.131993786 0.992468357 0.9514422219
0.345010364 -0.932270446 -0.108810219 0.992468357 0.9514422219
0.349820728 -0.931072667 -0.103581596 0.992468357 0.9514422219
0.327380146 -0.937036164 -0.121595509 0.992468357 0.9514422219
0.429540646 -0.902096364 -0.041436497 0.992468357 0.9514422219
0.482286084 -0.875948838 0.010666125 0.992468357 0.9514422219
0.456265771 -0.889710338 -0.015396781 0.992468357 0.9514422219
0.44154022 -0.896719176 -0.030609708 0.992468357 0.9514422219
0.453410628 -0.8910824 -0.019772674 0.992468357 0.9514422219
0.331238678 -0.935933793 -0.119619699 0.9921640837 0.9506557947
0.318103116 -0.941129777 -0.114390345 0.9921640837 0.9506557947
0.310198141 -0.942561089 -0.123918147 0.9921640837 0.9506557947
0.346854245 -0.932519239 -0.100498764 0.9921640837 0.9506557947
0.325957498 -0.939553572 -0.104836991 0.9921640837 0.9506557947
0.304894193 -0.94611351 -0.109127252 0.9921640837 0.9506557947
0.283680047 -0.952194287 -0.113365209 0.9921640837 0.9506557947
0.341076422 -0.933449127 -0.111083758 0.9921640837 0.9506557947
0.348854974 -0.931662599 -0.10151359 0.9921640837 0.9506557947
0.375839859 -0.923665838 -0.074738342 0.9921640837 0.9506557947
0.366241832 -0.926780082 -0.083340263 0.9921640837 0.9506557947
0.356578907 -0.929731626 -0.091927075 0.9921640837 0.9506557947
-0.360559525 -0.922280236 -0.139269508 0.992468357 0.9514422219
-0.377532694 -0.916573416 -0.131765844 0.992468357 0.9514422219
-0.367433166 -0.919342924 -0.140717645 0.992468357 0.9514422219
0.084135607 -0.979794723 -0.181448339 0.992468357 0.9514422219
0.113670168 -0.980514504 -0.160219847 0.992468357 0.9514422219
0.113218595 -0.980648968 -0.159715848 0.992468357 0.9514422219
0.142602788 -0.98007366 -0.138275325 0.992468357 0.9514422219
0.128157346 -0.980455819 -0.149271835 0.992468357 0.9514422219
0.143054036 -0.979936706 -0.138778944 0.992468357 0.9514422219
0.17224831 -0.978062092 -0.117154018 0.992468357 0.9514422219
0.069618152 -0.979917683 -0.186854617 0.992468357 0.9514422219
0.084198851 -0.980771002 -0.176064745 0.992468357 0.9514422219
0.069748005 -0.981899244 -0.176093979 0.992468357 0.9514422219
0.084317796 -0.982635818 -0.165279636 0.992468357 0.9514422219
0.084258733 -0.981718382 -0.170673617 0.992468357 0.9514422219
0.098750945 -0.981301382 -0.165214555 0.992468357 0.9514422219
0.113269612 -0.981508254 -0.154309888 0.992468357 0.9514422219
-0.986000366 0.164660871 -0.026269295 0.9922126432 0.9506533159
-0.983782872 0.176219329 -0.033436647 0.9922126432 0.9506533159
-0.988515355 0.14984752 -0.019573309 0.9922126432 0.9506533159
-0.985184589 0.168836385 -0.030093188 0.9922126432 0.9506533159
-0.981378606 0.187744021 -0.040598209 0.9922126432 0.9506533159
-0.854234379 0.519824325 -0.008142327 0.9922126432 0.9506533159
-0.842489858 0.538532379 -0.013918206 0.9922126432 0.9506533159
-0.848417342 0.52921293 -0.01103122 0.9922126432 0.9506533159
-0.856988362 0.515224601 -0.010703174 0.9922126432 0.9506533159
-0.859711976 0.510606913 -0.013262677 0.9922126432 0.9506533159
-0.244966672 -0.893905253 -0.375399425 0.992468357 0.9514422219
-0.239545227 -0.893379452 -0.380120032 0.992468357 0.9514422219
-0.242300822 -0.891557535 -0.382642749 0.992468357 0.9514422219
-0.236867448 -0.890987114 -0.387344516 0.992468357 0.9514422219
-0.238208342 -0.892190494 -0.383735467 0.992468357 0.9514422219
-0.23411136 -0.892807183 -0.384821005 0.992468357 0.9514422219
-0.228665439 -0.892188489 -0.389502012 0.992468357 0.9514422219
0.277910465 -0.955068422 -0.103005254 0.9921640837 0.9506557947
0.29007624 -0.951907468 -0.098630357 0.9921640837 0.9506557947
0.265695286 -0.958060127 -0.107362971 0.9921640837 0.9506557947
0.256715889 -0.960650137 -0.106057844 0.9921640837 0.9506557947
0.247714079 -0.963154339 -0.104744708 0.9921640837 0.9506557947
0.333529714 -0.939194992 -0.081674338 0.9921640837 0.9506557947
0.34325979 -0.936207591 -0.075419244 0.9921640837 0.9506557947
0.377736131 -0.924345882 -0.053852627 0.9921640837 0.9506557947
0.365380761 -0.928823668 -0.061510107 0.9921640837 0.9506557947
0.352940808 -0.933086605 -0.069153259 0.9921640837 0.9506557947
0.101446956 -0.942541318 -0.318314905 0.992468357 0.9514422219
0.106039671 -0.94046329 -0.322930935 0.992468357 0.9514422219
0.081643263 -0.950710733 -0.299137894 0.992468357 0.9514422219
0.149868241 -0.918940492 -0.36481212 0.992468357 0.9514422219
0.130301632 -0.929024899 -0.346315206 0.992468357 0.9514422219
0.110627263 -0.938341288 -0.327532038 0.992468357 0.9514422219
0.090861652 -0.94688201 -0.308477907 0.992468357 0.9514422219
0.104062491 -0.941873424 -0.319445536 0.992468357 0.9514422219
0.1023013 -0.942456048 -0.318293955 0.992468357 0.9514422219
0.107583997 -0.940694835 -0.32174355 0.992468357 0.9514422219
0.10582384 -0.941286448 -0.320594974 0.992468357 0.9514422219
0.129193049 -0.930463996 -0.342849689 0.992468357 0.9514422219
0.154154465 -0.917836161 -0.365804843 0.992468357 0.9514422219
0.152412619 -0.918563596 -0.36470716 0.992468357 0.9514422219
-0.968077776 0.239684256 -0.073327196 0.9922126432 0.9506533159
-0.972743579 0.222607965 -0.064927828 0.9922126432 0.9506533159
-0.970709793 0.229842383 -0.06996411 0.9922126432 0.9506533159
-0.972247437 0.225239399 -0.063262429 0.9922126432 0.9506533159
-0.974697752 0.215355509 -0.059885703 0.9922126432 0.9506533159
-0.977035921 0.205446391 -0.056503003 0.9922126432 0.9506533159
-0.979261602 0.195513888 -0.05311341 0.9922126432 0.9506533159
-0.968313464 0.238274843 -0.074793943 0.9922126432 0.9506533159
-0.966603307 0.244131801 -0.077959668 0.9922126432 0.9506533159
-0.964100268 0.252718379 -0.081511315 0.9922126432 0.9506533159
-0.972923108 0.221004015 -0.067659813 0.9922126432 0.9506533159
-0.969016838 0.235522524 -0.074401 0.9922126432 0.9506533159
-0.964847485 0.249977134 -0.081121908 0.9922126432 0.9506533159
-0.960416183 0.264363926 -0.087820674 0.9922126432 0.9506533159
0.588779147 -0.807722813 -0.030380462 0.992468357 0.9514422219
0.591448014 -0.80570844 -0.031986835 0.992468357 0.9514422219
0.590114594 -0.80671701 -0.03118383 0.992468357 0.9514422219
0.59884328 -0.800295033 -0.030242125 0.992468357 0.9514422219
0.608813693 -0.792742034 -0.030099091 0.992468357 0.9514422219
-0.331114254 -0.935105088 -0.126260939 0.9921671435 0.9506561059
-0.327476937 -0.936867813 -0.122627719 0.9921671435 0.9506561059
-0.344085954 -0.931009392 -0.121763579 0.9921671435 0.9506561059
-0.245963565 -0.963181451 -0.108551449 0.9921671435 0.9506561059
-0.227347329 -0.966705234 -0.117448637 0.9921671435 0.9506561059
-0.24138252 -0.964741109 -0.104924119 0.9921671435 0.9506561059
-0.222750981 -0.968209095 -0.113811901 0.9921671435 0.9506561059
-0.225049724 -0.967461826 -0.115629741 0.9921671435 0.9506561059
-0.208630354 -0.969805947 -0.126292522 0.9921671435 0.9506561059
-0.189822177 -0.972481731 -0.135080804 0.9921671435 0.9506561059
0.300560981 -0.850377659 -0.431880693 0.992468357 0.9514422219
0.289161345 -0.865276948 -0.409489341 0.992468357 0.9514422219
0.294892644 -0.857918819 -0.420729876 0.992468357 0.9514422219
0.302373388 -0.84865724 -0.433994497 0.992468357 0.9514422219
0.30418231 -0.846927747 -0.436103788 0.992468357 0.9514422219
-0.672676666 -0.739767912 -0.01579683 0.992468357 0.9514422219
-0.689468441 -0.72431569 -0.000226541 0.992468357 0.9514422219
-0.689278101 -0.724486338 -0.003904547 0.992468357 0.9514422219
-0.6008103 -0.798902525 -0.027959618 0.992468357 0.9514422219
-0.587240247 -0.809118863 -0.021807297 0.992468357 0.9514422219
-0.614184089 -0.788425546 -0.034103722 0.992468357 0.9514422219
-0.60338886 -0.796840119 -0.031108012 0.992468357 0.9514422219
-0.592475524 -0.805098043 -0.028105068 0.992468357 0.9514422219
-0.128608844 -0.979525642 -0.154884738 0.9921671435 0.9506561059
-0.147702871 -0.978269152 -0.145510576 0.9921671435 0.9506561059
-0.132845537 -0.980077682 -0.147647553 0.9921671435 0.9506561059
-0.149811203 -0.978481802 -0.14188011 0.9921671435 0.9506561059
-0.16672929 -0.976568823 -0.13606865 0.9921671435 0.9506561059
-0.097318955 -0.976061589 -0.194506544 0.9921671435 0.9506561059
-0.114087733 -0.978276372 -0.173087636 0.9921671435 0.9506561059
-0.080477358 -0.973119841 -0.215780373 0.9921671435 0.9506561059
-0.084824942 -0.974244628 -0.20893093 0.9921671435 0.9506561059
-0.089167856 -0.975303808 -0.202068243 0.9921671435 0.9506561059
0.187095823 -0.929315004 -0.318384635 0.992468357 0.9514422219
0.181628079 -0.936186211 -0.300942884 0.992468357 0.9514422219
0.162981591 -0.940890078 -0.296922318 0.992468357 0.9514422219
0.157407756 -0.947212643 -0.279304508 0.992468357 0.9514422219
0.169539859 -0.94183816 -0.290167395 0.992468357 0.9514422219
0.176088921 -0.942701417 -0.283384423 0.992468357 0.9514422219
0.170478789 -0.948856602 -0.265721906 0.992468357 0.9514422219
0.212665699 -0.909496893 -0.357195606 0.992468357 0.9514422219
0.230174244 -0.896472771 -0.378624338 0.992468357 0.9514422219
0.221447917 -0.903090195 -0.367952333 0.992468357 0.9514422219
0.217292744 -0.901470775 -0.374345168 0.992468357 0.9514422219
0.221839929 -0.893102389 -0.391350441 0.992468357 0.9514422219
-0.186288649 -0.927292853 -0.324691397 0.9921640837 0.9506557947
-0.182105496 -0.931592644 -0.314599323 0.992468357 0.9514422219
-0.165495122 -0.938267754 -0.30375152 0.992468357 0.9514422219
-0.161251299 -0.94224475 -0.293552126 0.992468357 0.9514422219
-0.171698968 -0.93703485 -0.304113718 0.992468357 0.9514422219
-0.177897335 -0.935764266 -0.304463095 0.992468357 0.9514422219
-0.173663146 -0.939806726 -0.294286304 0.992468357 0.9514422219
-0.207092877 -0.91788161 -0.338534918 0.992468357 0.9514422219
-0.210567836 -0.912810826 -0.34991082 0.992468357 0.9514422219
-0.227958623 -0.910354344 -0.345383606 0.992468357 0.9514422219
-0.220997944 -0.909021754 -0.353326138 0.992468357 0.9514422219
-0.214009385 -0.907586437 -0.361229626 0.992468357 0.9514422219
-0.519577007 -0.854079271 -0.024255581 0.992468357 0.9514422219
-0.51143335 -0.858899276 -0.026980781 0.992468357 0.9514422219
-0.527672689 -0.849174838 -0.021532023 0.992468357 0.9514422219
-0.508610626 -0.860181728 -0.037451653 0.992468357 0.9514422219
-0.48917285 -0.870554169 -0.053341928 0.992468357 0.9514422219
-0.131140723 -0.967000032 -0.218433167 0.9921671435 0.9506561059
-0.166493301 -0.968157294 -0.186953026 0.9921671435 0.9506561059
-0.148859302 -0.967849769 -0.202750418 0.9921671435 0.9506561059
-0.120076675 -0.965597684 -0.230657115 0.9921671435 0.9506561059
-0.108978321 -0.963931511 -0.242816326 0.9921671435 0.9506561059
-0.655954211 -0.749729446 -0.087348903 0.992468357 0.9514422219
-0.667568341 -0.739909378 -0.082985679 0.992468357 0.9514422219
-0.695179622 -0.716206152 -0.061433221 0.992468357 0.9514422219
-0.706182449 -0.705731328 -0.057005633 0.992468357 0.9514422219
-0.687161634 -0.723122111 -0.070023572 0.992468357 0.9514422219
-0.679016301 -0.72990298 -0.078603452 0.992468357 0.9514422219
-0.690292885 -0.719715572 -0.074197226 0.992468357 0.9514422219
-0.648839349 -0.754553787 -0.098265363 0.992468357 0.9514422219
-0.642673588 -0.760568133 -0.092232176 0.992468357 0.9514422219
-0.647101941 -0.756882722 -0.091583963 0.992468357 0.9514422219
-0.639976622 -0.76191709 -0.099560393 0.992468357 0.9514422219
-0.638223202 -0.764228311 -0.092877517 0.992468357 0.9514422219
-0.636436324 -0.766498701 -0.086189017 0.992468357 0.9514422219
-0.634615678 -0.768728341 -0.079496408 0.992468357 0.9514422219
0.546520135 -0.836939501 -0.029120697 0.992468357 0.9514422219
0.576096792 -0.817097865 -0.021530558 0.992468357 0.9514422219
0.562131271 -0.826448827 -0.031476526 0.992468357 0.9514422219
0.143697929 -0.978707737 -0.146567632 0.9921640837 0.9506557947
0.118813821 -0.977518666 -0.174185344 0.9921640837 0.9506557947
0.115734984 -0.978083485 -0.173084112 0.9921640837 0.9506557947
0.090680111 -0.975498062 -0.200451113 0.9921640837 0.9506557947
0.104764859 -0.976690171 -0.187351631 0.9921640837 0.9506557947
0.09376372 -0.974977731 -0.20156088 0.9921640837 0.9506557947
0.068582415 -0.971088501 -0.228656018 0.9921640837 0.9506557947
0.226535413 -0.897467006 -0.378463578 0.9921671435 0.9506561059
0.215971579 -0.897885913 -0.383610695 0.9921671435 0.9506561059
0.225432987 -0.897708471 -0.378549164 0.9921671435 0.9506561059
0.221056769 -0.896459932 -0.384048819 0.992468357 0.9514422219
0.228806773 -0.896392197 -0.379642582 0.992468357 0.9514422219
0.205504707 -0.896381601 -0.392769451 0.992468357 0.9514422219
0.213289197 -0.896456407 -0.388424546 0.992468357 0.9514422219
0.214932935 -0.896230976 -0.388038492 0.992468357 0.9514422219
0.208797573 -0.895954134 -0.392007351 0.992468357 0.9514422219
0.216576013 -0.896002981 -0.387651247 0.992468357 0.9514422219
-0.998560894 -0.049438846 -0.020783195 0.9922126432 0.9506533159
-0.999472469 -0.024636744 -0.021161648 0.9922126432 0.9506533159
-0.999707943 -0.011643286 -0.021176947 0.9922126432 0.9506533159
-0.999755585 -0.005731473 -0.021352311 0.9922126432 0.9506533159
-0.99976825 0.000180539 -0.021527037 0.9922126432 0.9506533159
-0.233281267 -0.900379175 -0.367283529 0.992468357 0.9514422219
-0.230987989 -0.899894624 -0.36991109 0.992468357 0.9514422219
-0.224901448 -0.900355908 -0.372529967 0.992468357 0.9514422219
-0.248473816 -0.89776765 -0.36369494 0.992468357 0.9514422219
-0.245702755 -0.900651545 -0.358408916 0.992468357 0.9514422219
-0.247089695 -0.899214539 -0.361053868 0.992468357 0.9514422219
-0.254390837 -0.893257303 -0.370643619 0.992468357 0.9514422219
-0.260281454 -0.888654383 -0.377553907 0.992468357 0.9514422219
0.407798756 -0.911439931 -0.054565805 0.9921640837 0.9506557947
0.426201203 -0.903877089 -0.036861138 0.9921640837 0.9506557947
0.447918739 -0.893823414 -0.021178 0.9921640837 0.9506557947
0.446112134 -0.894750094 -0.020155221 0.9921640837 0.9506557947
0.44430145 -0.895673077 -0.019130097 0.9921640837 0.9506557947
-0.831030219 -0.555866738 0.020023632 0.9922126432 0.9506533159
-0.837551834 -0.546201782 0.013059057 0.9922126432 0.9506533159
-0.8367245 -0.547492806 0.011989083 0.9922126432 0.9506533159
-0.832693449 -0.553290521 0.022163465 0.992468357 0.9514422219
-0.839197938 -0.543613653 0.015199262 0.9922126432 0.9506533159
-0.838376436 -0.544908533 0.014129455 0.9922126432 0.9506533159
-0.843919161 -0.536435765 0.006092543 0.9922126432 0.9506533159
-0.850130801 -0.526570845 -0.000875025 0.9922126432 0.9506533159
-0.84932084 -0.527873401 -0.001945316 0.9922126432 0.9506533159
-0.866671931 -0.498309818 -0.023813631 0.9922126432 0.9506533159
-0.878790409 -0.475854051 -0.035921284 0.9922126432 0.9506533159
-0.872818448 -0.48713011 -0.029869914 0.9922126432 0.9506533159
-0.87133353 -0.489603964 -0.032647178 0.9922126432 0.9506533159
-0.87584252 -0.480811624 -0.041473645 0.9922126432 0.9506533159
-0.99939245 0.032475759 -0.012651348 0.9922126432 0.9506533159
-0.999568048 0.026984534 -0.011642723 0.9922126432 0.9506533159
-0.99918567 0.037966032 -0.013659309 0.9922126432 0.9506533159
-0.999851384 0.015065593 -0.0083808 0.9922126432 0.9506533159
-0.999964444 -0.007843185 -0.003097723 0.9922126432 0.9506533159
-0.956110171 -0.285650617 0.065246192 0.992468357 0.9514422219
-0.956138082 -0.285717839 0.06453902 0.992468357 0.9514422219
-0.956052725 -0.285516054 0.066661611 0.992468357 0.9514422219
-0.956081611 -0.285583538 0.065954504 0.992468357 0.9514422219
-0.947827287 -0.313478501 0.05791945 0.992468357 0.9514422219
-0.938694517 -0.341025269 0.050540771 0.992468357 0.9514422219
-0.938709669 -0.341087913 0.04983164 0.992468357 0.9514422219
-0.95187485 -0.300042701 0.062519181 0.992468357 0.9514422219
-0.947698692 -0.313795983 0.058303255 0.992468357 0.9514422219
-0.959886938 -0.27183371 0.068727727 0.992468357 0.9514422219
-0.952025352 -0.299790519 0.061427794 0.992468357 0.9514422219
-0.943310035 -0.32747864 0.054073266 0.992468357 0.9514422219
-0.944400544 0.318563803 -0.081392355 0.9922126432 0.9506533159
-0.948352539 0.306321027 -0.082431122 0.9922126432 0.9506533159
-0.954948342 0.289460283 -0.065470666 0.9922126432 0.9506533159
-0.958537957 0.277101704 -0.066480308 0.9922126432 0.9506533159
-0.953589865 0.291755485 -0.074465474 0.9922126432 0.9506533159
-0.952147137 0.294025163 -0.083456772 0.9922126432 0.9506533159
-0.95578283 0.281682215 -0.08446486 0.9922126432 0.9506533159
-0.715770973 -0.698086588 -0.01862871 0.992468357 0.9514422219
-0.736875971 -0.67601907 0.003467049 0.992468357 0.9514422219
-0.732892774 -0.680328263 -0.004651418 0.992468357 0.9514422219
-0.65080637 -0.757275517 -0.054633876 0.992468357 0.9514422219
-0.623225726 -0.780191461 -0.053767817 0.992468357 0.9514422219
-0.637118522 -0.76885716 -0.054209371 0.992468357 0.9514422219
-0.639559296 -0.766770015 -0.055024092 0.992468357 0.9514422219
-0.628173595 -0.776098295 -0.055401905 0.992468357 0.9514422219
0.001250439 -0.96760521 -0.252465036 0.992468357 0.9514422219
0.000420532 -0.968077089 -0.250652295 0.992468357 0.9514422219
0.000835495 -0.96784166 -0.251558787 0.992468357 0.9514422219
0.005597755 -0.966596034 -0.256243582 0.992468357 0.9514422219
0.009944876 -0.965553804 -0.260013366 0.992468357 0.9514422219
-0.285091999 -0.849526024 -0.44387846 0.992468357 0.9514422219
-0.288259167 -0.842981201 -0.454190871 0.992468357 0.9514422219
-0.28828477 -0.844364288 -0.451598097 0.992468357 0.9514422219
-0.994815962 -0.097420815 0.029161376 0.992468357 0.9514422219
-0.99734052 -0.069522167 0.021875907 0.992468357 0.9514422219
-0.995871428 -0.086980672 0.025970407 0.992468357 0.9514422219
0.016202986 -0.966453989 -0.256328207 0.9921671435 0.9506561059
0.027092676 -0.966702813 -0.25446347 0.9921671435 0.9506561059
0.010786293 -0.967551044 -0.252445306 0.9921671435 0.9506561059
0.048802648 -0.964308628 -0.260244445 0.9921671435 0.9506561059
0.059679697 -0.964222189 -0.258290347 0.9921671435 0.9506561059
0.04339216 -0.965593037 -0.256412181 0.9921671435 0.9506561059
0.037979492 -0.966833712 -0.252567085 0.9921671435 0.9506561059
0.048861436 -0.966846093 -0.250641563 0.9921671435 0.9506561059
0.032564857 -0.968029846 -0.248712176 0.9921671435 0.9506561059
0.262629572 -0.959254634 -0.104193356 0.992468357 0.9514422219
0.274410842 -0.956675337 -0.09731901 0.992468357 0.9514422219
0.250797692 -0.96164894 -0.111048795 0.992468357 0.9514422219
0.241595102 -0.963972119 -0.111308404 0.992468357 0.9514422219
0.232371522 -0.966208032 -0.11155947 0.992468357 0.9514422219
0.245178482 -0.963199118 -0.110158844 0.992468357 0.9514422219
0.257943198 -0.960021312 -0.108739994 0.992468357 0.9514422219
0.266190691 -0.958397889 -0.10303399 0.992468357 0.9514422219
-0.003890721 -0.968497691 -0.24899214 0.992468357 0.9514422219
-0.000392705 -0.969148461 -0.246477397 0.992468357 0.9514422219
0.007232291 -0.970450963 -0.241190012 0.992468357 0.9514422219
0.005168822 -0.970118947 -0.242574756 0.992468357 0.9514422219
0.003105317 -0.969780833 -0.243957974 0.992468357 0.9514422219
0.766785478 -0.638508608 0.065930173 0.992468357 0.9514422219
0.767253775 -0.63886278 0.056355947 0.992468357 0.9514422219
0.750795214 -0.658356467 0.053603256 0.992468357 0.9514422219
0.751173043 -0.658635976 0.044019437 0.992468357 0.9514422219
0.759288746 -0.648815298 0.050192719 0.992468357 0.9514422219
0.767651052 -0.639158909 0.046773413 0.992468357 0.9514422219
0.767976596 -0.639397275 0.037189691 0.992468357 0.9514422219
-0.902150178 0.428342167 -0.051459147 0.992468357 0.9514422219
-0.915363035 0.396799714 -0.068267862 0.9922126432 0.9506533159
-0.908921351 0.412646233 -0.059875402 0.992468357 0.9514422219
-0.915429222 0.396955917 -0.066448025 0.992468357 0.9514422219
-0.927439129 0.365019887 -0.081345832 0.9922126432 0.9506533159
-0.979613948 0.200881665 0.001752048 0.992468357 0.9514422219
-0.844414694 0.533881273 -0.043984201 0.992468357 0.9514422219
-0.986235819 -0.158514374 0.047032988 0.992468357 0.9514422219
-0.980921714 0.194396421 0.001619175 0.992468357 0.9514422219
-0.85138099 0.522718486 -0.043769783 0.992468357 0.9514422219
-0.856761128 0.51357106 -0.046958872 0.992468357 0.9514422219
-0.8682236 0.493842627 -0.048033746 0.992468357 0.9514422219
-0.886127942 0.460449875 -0.052565983 0.992468357 0.9514422219
-0.882706911 0.467167151 -0.05082678 0.992468357 0.9514422219
-0.879233145 0.473856443 -0.049083076 0.992468357 0.9514422219
0.339607934 -0.850444073 -0.401760288 0.992468357 0.9514422219
0.345504314 -0.852276881 -0.392747867 0.992468357 0.9514422219
0.350630616 -0.83666795 -0.420767052 0.992468357 0.9514422219
-0.605671973 -0.79348587 -0.059511639 0.992468357 0.9514422219
-0.610957572 -0.788982938 -0.065090468 0.992468357 0.9514422219
-0.60033832 -0.79792585 -0.053928089 0.992468357 0.9514422219
-0.601364409 -0.797077151 -0.055035104 0.992468357 0.9514422219
-0.602388697 -0.79622606 -0.05614195 0.992468357 0.9514422219
-0.981291755 0.185903943 -0.050062109 0.9922126432 0.9506533159
-0.984412581 0.17096928 -0.041247726 0.9922126432 0.9506533159
-0.983677349 0.174270323 -0.044818833 0.9922126432 0.9506533159
-0.999768547 -0.014496059 -0.015897064 0.9922126432 0.9506533159
-0.999721485 -0.01884553 -0.014205582 0.9922126432 0.9506533159
-0.99830529 -0.057983572 -0.00494494 0.9922126432 0.9506533159
-0.999137519 -0.040595496 -0.00873058 0.9922126432 0.9506533159
-0.999652656 -0.023194492 -0.012513336 0.9922126432 0.9506533159
-0.999393864 -0.034607818 -0.00376885 0.9922126432 0.9506533159
-0.998465901 -0.055281888 0.003123587 0.9922126432 0.9506533159
-0.99926302 -0.038384701 0.000178961 0.9922126432 0.9506533159
-0.898079108 0.43600693 -0.057895356 0.992468357 0.9514422219
-0.886579773 0.459729886 -0.051232199 0.992468357 0.9514422219
-0.899926113 0.432048057 -0.0588852 0.992468357 0.9514422219
-0.844212248 0.534215355 -0.043813636 0.992468357 0.9514422219
-0.85993773 0.508260299 -0.046675148 0.992468357 0.9514422219
-0.850786167 0.523728535 -0.043258763 0.992468357 0.9514422219
-0.863081464 0.502929921 -0.046388364 0.992468357 0.9514422219
-0.874864339 0.481832884 -0.049492024 0.992468357 0.9514422219
-0.832360682 -0.553435785 0.029741009 0.992468357 0.9514422219
-0.836539642 -0.547144872 0.028877606 0.992468357 0.9514422219
-0.819528909 -0.570911063 0.049324682 0.992468357 0.9514422219
-0.823858048 -0.564719806 0.048471205 0.992468357 0.9514422219
-0.830287458 -0.55599161 0.038679021 0.992468357 0.9514422219
-0.840670955 -0.540821144 0.028014912 0.992468357 0.9514422219
-0.844753029 -0.534467249 0.027149199 0.992468357 0.9514422219
-0.142336521 -0.939917989 -0.310313531 0.9921640837 0.9506557947
-0.136612551 -0.942605548 -0.304683101 0.9921640837 0.9506557947
-0.130142479 -0.94647267 -0.295385205 0.9921640837 0.9506557947
-0.172706786 -0.921928184 -0.346728697 0.9921640837 0.9506557947
-0.176254899 -0.919870395 -0.350389307 0.9921640837 0.9506557947
-0.181640272 -0.91549431 -0.358994401 0.9921640837 0.9506557947
-0.940188534 -0.337359674 0.0472649 0.992468357 0.9514422219
-0.948688496 -0.311192733 0.056117912 0.992468357 0.9514422219
-0.940118994 -0.337598298 0.046943225 0.992468357 0.9514422219
-0.956497908 -0.284276283 0.065564825 0.992468357 0.9514422219
-0.963387925 -0.257606208 0.074315192 0.992468357 0.9514422219
-0.956446999 -0.284521137 0.065244622 0.992468357 0.9514422219
-0.956395988 -0.284765838 0.064924043 0.992468357 0.9514422219
-0.963304512 -0.258101178 0.073676309 0.9922126432 0.9506533159
-0.956344762 -0.285010602 0.064603821 0.992468357 0.9514422219
0.137113694 -0.97752186 -0.160158824 0.9921640837 0.9506557947
0.163387905 -0.977020526 -0.136876892 0.9921640837 0.9506557947
0.186494595 -0.976036218 -0.112129693 0.9921640837 0.9506557947
0.187976746 -0.975677285 -0.112776676 0.9921640837 0.9506557947
0.189460789 -0.975314889 -0.113426081 0.9921640837 0.9506557947
0.219230988 -0.971445456 -0.090727619 0.992468357 0.9514422219
0.221362246 -0.97105376 -0.089740464 0.992468357 0.9514422219
0.214964748 -0.972212279 -0.092700823 0.992468357 0.9514422219
0.217098454 -0.971831614 -0.091714639 0.992468357 0.9514422219
0.229704037 -0.96884931 -0.092558472 0.992468357 0.9514422219
0.240149545 -0.966137131 -0.094378175 0.992468357 0.9514422219
0.242270886 -0.96570376 -0.093386645 0.992468357 0.9514422219
-0.286206097 -0.878551527 -0.382404608 0.992468357 0.9514422219
-0.286811405 -0.870504501 -0.399951412 0.992468357 0.9514422219
-0.299025122 -0.855595486 -0.422540342 0.992468357 0.9514422219
-0.299369 -0.846773356 -0.439719326 0.992468357 0.9514422219
-0.293176742 -0.858885575 -0.41995591 0.992468357 0.9514422219
-0.287308887 -0.862132371 -0.417350426 0.992468357 0.9514422219
-0.287704348 -0.853437912 -0.434591693 0.992468357 0.9514422219
-0.191522542 -0.894794954 -0.403312666 0.992468357 0.9514422219
-0.193359885 -0.891399909 -0.40990018 0.992468357 0.9514422219
-0.203414225 -0.88849742 -0.411333183 0.992468357 0.9514422219
-0.171336661 -0.900233018 -0.400280229 0.992468357 0.9514422219
-0.173185868 -0.896905178 -0.406900179 0.992468357 0.9514422219
-0.183282583 -0.894202463 -0.408423127 0.992468357 0.9514422219
-0.195184566 -0.887952414 -0.416465479 0.992468357 0.9514422219
-0.19699822 -0.884453702 -0.423005142 0.992468357 0.9514422219
-0.207039007 -0.881485028 -0.424404282 0.992468357 0.9514422219
-0.721618148 -0.691072316 0.041064622 0.992468357 0.9514422219
-0.738221671 -0.672675129 0.050367991 0.992468357 0.9514422219
-0.741670675 -0.668953736 0.049249466 0.992468357 0.9514422219
-0.333105238 -0.940069417 -0.072872436 0.9921671435 0.9506561059
-0.335843112 -0.938795746 -0.076628654 0.9921671435 0.9506561059
-0.376609747 -0.924649265 -0.056469783 0.9921671435 0.9506561059
-0.357690713 -0.931328277 -0.068447024 0.9921671435 0.9506561059
-0.338575574 -0.937499024 -0.080387562 0.9921671435 0.9506561059
0.072529882 -0.954352822 -0.289741448 0.992468357 0.9514422219
0.05414421 -0.961114622 -0.27078975 0.992468357 0.9514422219
0.067907886 -0.956112052 -0.285023268 0.992468357 0.9514422219
0.012558892 -0.971117699 -0.238270202 0.9921671435 0.9506561059
0.013150796 -0.971053184 -0.238501092 0.9921671435 0.9506561059
-0.001412057 -0.970196988 -0.242313457 0.9921671435 0.9506561059
0.006165511 -0.970622122 -0.240530004 0.9921671435 0.9506561059
0.013742706 -0.970988262 -0.238731927 0.9921671435 0.9506561059
-0.994969929 0.096721661 -0.026072233 0.9922126432 0.9506533159
-0.995537821 0.091272601 -0.02395326 0.9922126432 0.9506533159
-0.999011626 0.043441409 -0.009413509 0.9922126432 0.9506533159
-0.997785842 0.064646777 -0.015627137 0.9922126432 0.9506533159
-0.996071362 0.085820529 -0.02183299 0.9922126432 0.9506533159
-0.197327197 -0.902765105 -0.382200395 0.9921640837 0.9506557947
-0.202810703 -0.900568177 -0.384505887 0.9921640837 0.9506557947
-0.193310556 -0.903538099 -0.382426376 0.9921640837 0.9506557947
0.537779697 -0.84306966 0.005152266 0.992468357 0.9514422219
0.552149048 -0.833745344 0.000359808 0.992468357 0.9514422219
0.54498611 -0.838440541 0.002756639 0.992468357 0.9514422219
0.553323705 -0.832960395 -0.003139859 0.992468357 0.9514422219
0.568639534 -0.822507404 -0.011430234 0.992468357 0.9514422219
-0.044394652 -0.972405432 -0.229034476 0.992468357 0.9514422219
-0.033353036 -0.974510034 -0.221850781 0.992468357 0.9514422219
-0.055428841 -0.970127885 -0.236176906 0.992468357 0.9514422219
-0.045574741 -0.972712987 -0.227491511 0.992468357 0.9514422219
-0.035712082 -0.975123645 -0.218765913 0.992468357 0.9514422219
-0.293547871 -0.847047114 -0.443103637 0.992468357 0.9514422219
-0.286513043 -0.857635158 -0.427050596 0.992468357 0.9514422219
-0.284413813 -0.859135869 -0.425434298 0.992468357 0.9514422219
-0.827013293 -0.559713532 0.052628658 0.992468357 0.9514422219
-0.830253381 -0.554929113 0.052278124 0.992468357 0.9514422219
-0.82374541 -0.564479412 0.052976345 0.992468357 0.9514422219
-0.808952698 -0.584987476 0.058182338 0.992468357 0.9514422219
-0.793620817 -0.605105663 0.063349304 0.992468357 0.9514422219
0.050386556 -0.967800751 -0.246622996 0.9921640837 0.9506557947
0.064111178 -0.9705753 -0.23210632 0.9921640837 0.9506557947
0.036153565 -0.966391125 -0.25452134 0.9921640837 0.9506557947
0.049891312 -0.969470587 -0.2400784 0.9921640837 0.9506557947
0.057002409 -0.970055521 -0.23609958 0.9921640837 0.9506557947
0.077807842 -0.972955621 -0.217493218 0.9921640837 0.9506557947
0.091473254 -0.974939955 -0.202792328 0.9921640837 0.9506557947
0.236579238 -0.895500867 -0.376972759 0.992468357 0.9514422219
0.229924537 -0.895719415 -0.380554117 0.992468357 0.9514422219
0.230483177 -0.895382191 -0.381009497 0.992468357 0.9514422219
0.235462538 -0.896177465 -0.376062952 0.992468357 0.9514422219
0.22936571 -0.896056109 -0.380098436 0.992468357 0.9514422219
0.223256653 -0.895886801 -0.384113663 0.992468357 0.9514422219
0.217135664 -0.895669591 -0.388108345 0.992468357 0.9514422219
-0.973941421 -0.22508959 0.027799009 0.9922126432 0.9506533159
-0.976137951 -0.215659879 0.025407039 0.9922126432 0.9506533159
-0.97213103 -0.230685972 0.041776103 0.9922126432 0.9506533159
-0.975304841 -0.218473633 0.032399679 0.9922126432 0.9506533159
-0.978237589 -0.206207594 0.023014072 0.9922126432 0.9506533159
-0.258172692 -0.916729595 -0.304883109 0.992468357 0.9514422219
-0.252033423 -0.921782171 -0.294612937 0.992468357 0.9514422219
-0.264268341 -0.911522332 -0.315102018 0.992468357 0.9514422219
-0.267290092 -0.910316039 -0.316039104 0.992468357 0.9514422219
-0.270308175 -0.909099356 -0.31697295 0.992468357 0.9514422219
0.218726008 -0.929563112 -0.296768181 0.992468357 0.9514422219
0.227046758 -0.923585673 -0.308932475 0.992468357 0.9514422219
0.224778477 -0.922584531 -0.313548113 0.992468357 0.9514422219
0.223224052 -0.931408835 -0.287486702 0.992468357 0.9514422219
0.231567721 -0.925511325 -0.299675121 0.992468357 0.9514422219
0.229311319 -0.924561176 -0.304307331 0.992468357 0.9514422219
0.235312593 -0.917374341 -0.321017604 0.992468357 0.9514422219
0.243518257 -0.910931223 -0.33302127 0.992468357 0.9514422219
0.241226883 -0.909851191 -0.337609836 0.992468357 0.9514422219
-0.201777744 -0.93012479 -0.306844614 0.992468357 0.9514422219
-0.213604103 -0.923243262 -0.31936682 0.992468357 0.9514422219
-0.189875975 -0.936686711 -0.294219509 0.992468357 0.9514422219
-0.198226231 -0.928432884 -0.314195386 0.992468357 0.9514422219
-0.206473978 -0.919680981 -0.333999087 0.992468357 0.9514422219
-0.874257683 -0.484196104 -0.035037647 0.992468357 0.9514422219
-0.872336884 -0.488056231 -0.028800624 0.992468357 0.9514422219
-0.876128424 -0.48030759 -0.041274728 0.992468357 0.9514422219
-0.881853542 -0.469992827 -0.037961457 0.992468357 0.9514422219
-0.887445724 -0.459608456 -0.034643245 0.992468357 0.9514422219
0.554100881 -0.83244952 -0.000102322 0.992468357 0.9514422219
0.550595441 -0.834760308 0.004459661 0.992468357 0.9514422219
0.555849865 -0.831281117 -0.001622502 0.992468357 0.9514422219
-0.551432525 -0.834110465 -0.013487116 0.992468357 0.9514422219
-0.560687321 -0.827915132 -0.013647807 0.992468357 0.9514422219
-0.534929644 -0.844761542 -0.015106708 0.992468357 0.9514422219
-0.547796457 -0.836451414 -0.016372954 0.992468357 0.9514422219
-0.564258391 -0.825476942 -0.014152235 0.992468357 0.9514422219
-0.526046389 -0.850067544 -0.025697612 0.992468357 0.9514422219
-0.553579493 -0.832583535 -0.018825569 0.992468357 0.9514422219
-0.580497362 -0.814174727 -0.01193008 0.992468357 0.9514422219
-0.184461046 -0.972069485 -0.145103545 0.9921671435 0.9506561059
-0.201007922 -0.970308817 -0.134523659 0.9921671435 0.9506561059
-0.179080514 -0.971529889 -0.155112362 0.9921671435 0.9506561059
-0.841460391 -0.538792959 0.0405778 0.992468357 0.9514422219
-0.844642202 -0.53402941 0.037311393 0.992468357 0.9514422219
-0.859292235 -0.510068284 0.038042084 0.992468357 0.9514422219
0.530865653 -0.847416432 -0.008188384 0.992468357 0.9514422219
0.565640481 -0.824601761 -0.009098459 0.992468357 0.9514422219
0.548371784 -0.836189954 -0.008645667 0.992468357 0.9514422219
0.523895535 -0.851721369 -0.010206744 0.992468357 0.9514422219
0.516888169 -0.855965672 -0.012222474 0.992468357 0.9514422219
0.556222884 -0.830964632 -0.010671659 0.992468357 0.9514422219
0.537169178 -0.843361398 -0.013813985 0.992468357 0.9514422219
0.546732052 -0.837218094 -0.012244434 0.992468357 0.9514422219
0.531892667 -0.846723387 -0.012235038 0.992468357 0.9514422219
0.507114272 -0.861768522 -0.013788737 0.992468357 0.9514422219
0.300691162 -0.863956554 -0.403935511 0.992468357 0.9514422219
0.301622599 -0.864907843 -0.401196001 0.992468357 0.9514422219
0.302420418 -0.871694878 -0.385603332 0.992468357 0.9514422219
0.302493391 -0.868794629 -0.392037806 0.992468357 0.9514422219
0.302551331 -0.86585108 -0.398452756 0.992468357 0.9514422219
0.301633766 -0.868335054 -0.393714751 0.992468357 0.9514422219
0.301323 -0.865357907 -0.400449924 0.992468357 0.9514422219
0.303194372 -0.860780089 -0.408816353 0.992468357 0.9514422219
0.297764041 -0.87712414 -0.376815364 0.992468357 0.9514422219
0.297494157 -0.874268106 -0.383604621 0.992468357 0.9514422219
0.299422595 -0.869854126 -0.392045799 0.992468357 0.9514422219
0.300995294 -0.862333891 -0.407163472 0.992468357 0.9514422219
0.300651559 -0.859262968 -0.413854795 0.992468357 0.9514422219
0.302481758 -0.854565612 -0.42216395 0.992468357 0.9514422219
-0.976696833 -0.213597195 -0.02096507 0.992468357 0.9514422219
-0.626658752 -0.778816427 0.027272348 0.992468357 0.9514422219
-0.985838107 -0.167583643 -0.006240992 0.992468357 0.9514422219
-0.54275055 -0.832587938 -0.110540335 0.992468357 0.9514422219
-0.796973241 -0.592300197 -0.118381295 0.992468357 0.9514422219
-0.223091989 -0.971747624 -0.077048819 0.992468357 0.9514422219
-0.798457278 -0.593426858 -0.10154082 0.992468357 0.9514422219
-0.99429666 0.066880972 -0.083072779 0.992468357 0.9514422219
0.613246989 -0.789464449 -0.02596178 0.992468357 0.9514422219
0.625561592 -0.779814917 -0.023693681 0.992468357 0.9514422219
0.645420697 -0.763770861 -0.009284187 0.992468357 0.9514422219
0.657302447 -0.753594341 -0.007004358 0.992468357 0.9514422219
0.641590181 -0.766893977 -0.015351498 0.992468357 0.9514422219
0.637720633 -0.769969842 -0.021420488 0.992468357 0.9514422219
0.649719265 -0.759933283 -0.019138496 0.992468357 0.9514422219
0.269202779 -0.892061555 -0.362982157 0.992468357 0.9514422219
0.283780404 -0.881234271 -0.378014341 0.992468357 0.9514422219
0.276510976 -0.886709376 -0.370524174 0.992468357 0.9514422219
0.272872864 -0.892288745 -0.359668174 0.992468357 0.9514422219
0.276535255 -0.892494011 -0.356346312 0.992468357 0.9514422219
0.245540535 -0.899253628 -0.362012096 0.9921671435 0.9506561059
0.255336798 -0.896731682 -0.36149054 0.9921671435 0.9506561059
0.235718903 -0.901683198 -0.362496908 0.9921671435 0.9506561059
0.242682563 -0.898905296 -0.364793699 0.9921671435 0.9506561059
0.249631328 -0.896072339 -0.367067519 0.9921671435 0.9506561059
-0.129557292 -0.965690552 -0.225070356 0.9921671435 0.9506561059
-0.100627105 -0.962295766 -0.252707427 0.9921671435 0.9506561059
-0.158279769 -0.967527986 -0.197071336 0.9921671435 0.9506561059
-0.15004137 -0.966733145 -0.207158425 0.9921671435 0.9506561059
-0.141774175 -0.965774926 -0.217206988 0.9921671435 0.9506561059
-0.071017171 -0.959042257 -0.274216174 0.992468357 0.9514422219
-0.059635402 -0.959661159 -0.274761859 0.992468357 0.9514422219
-0.068559529 -0.960203246 -0.270756934 0.992468357 0.9514422219
-0.053163916 -0.957880522 -0.282202947 0.992468357 0.9514422219
-0.050705243 -0.959026927 -0.278740619 0.992468357 0.9514422219
-0.048245559 -0.960155045 -0.275271967 0.992468357 0.9514422219
-0.045785281 -0.961264358 -0.271798715 0.992468357 0.9514422219
-0.371609585 -0.92414302 -0.088690443 0.992468357 0.9514422219
-0.385690323 -0.919213476 -0.079306744 0.992468357 0.9514422219
-0.430955853 -0.89938642 -0.073356123 0.992468357 0.9514422219
-0.415368085 -0.906828212 -0.071637609 0.992468357 0.9514422219
-0.399652046 -0.913998559 -0.069891887 0.992468357 0.9514422219
0.426634808 -0.902364502 -0.061000377 0.992468357 0.9514422219
0.420657303 -0.90554779 -0.055051184 0.992468357 0.9514422219
0.449530407 -0.891855708 -0.050157843 0.992468357 0.9514422219
0.229307105 -0.915216626 -0.331355969 0.992468357 0.9514422219
0.237494516 -0.908691894 -0.343329865 0.992468357 0.9514422219
0.233746988 -0.907489505 -0.349034588 0.992468357 0.9514422219
-0.213070279 -0.89368511 -0.394877171 0.992468357 0.9514422219
-0.216181448 -0.893214771 -0.394249862 0.992468357 0.9514422219
-0.20995691 -0.894146261 -0.395500391 0.992468357 0.9514422219
-0.215866601 -0.893551914 -0.393657957 0.992468357 0.9514422219
-0.221767945 -0.892923005 -0.391800313 0.992468357 0.9514422219
-0.200195595 -0.906594765 -0.371493817 0.992468357 0.9514422219
-0.221674359 -0.893153323 -0.391328022 0.992468357 0.9514422219
-0.178504994 -0.919096989 -0.351278653 0.992468357 0.9514422219
-0.19742215 -0.906637901 -0.372870235 0.992468357 0.9514422219
-0.2161503 -0.893291742 -0.394092517 0.992468357 0.9514422219
-0.549109507 -0.835652159 -0.012814734 0.9921671435 0.9506561059
-0.535533961 -0.844461486 -0.009390164 0.9921671435 0.9506561059
-0.542583254 -0.839901081 -0.013022525 0.9921671435 0.9506561059
-0.574438594 -0.818307434 -0.019830393 0.992468357 0.9514422219
-0.564332228 -0.825467923 -0.011482385 0.992468357 0.9514422219
-0.569029406 -0.822190074 -0.014457458 0.992468357 0.9514422219
-0.247392351 -0.894690143 -0.371922805 0.992468357 0.9514422219
-0.251843202 -0.892945021 -0.373127581 0.992468357 0.9514422219
-0.244608328 -0.893528433 -0.376528492 0.992468357 0.9514422219
-0.81592956 -0.575355358 0.056790532 0.992468357 0.9514422219
-0.827711337 -0.558809039 0.051248415 0.992468357 0.9514422219
-0.803786087 -0.591646594 0.06230757 0.992468357 0.9514422219
-0.818388402 -0.571955433 0.055744115 0.992468357 0.9514422219
-0.832463625 -0.551895926 0.049144679 0.992468357 0.9514422219
-0.824857824 -0.565156543 -0.014410129 0.992468357 0.9514422219
-0.822751644 -0.568336432 -0.008569249 0.992468357 0.9514422219
-0.831058562 -0.556089418 -0.010306556 0.992468357 0.9514422219
-0.807806926 -0.58934585 -0.010928827 0.992468357 0.9514422219
-0.814261695 -0.580457808 -0.006828287 0.992468357 0.9514422219
-0.820605056 -0.571489204 -0.002726199 0.992468357 0.9514422219
-0.826835429 -0.562442251 0.001373901 0.992468357 0.9514422219
-0.973549574 -0.220542318 0.059685112 0.9922126432 0.9506533159
-0.976993641 -0.207046656 0.05113813 0.9922126432 0.9506533159
-0.973523852 -0.219851516 0.062582905 0.9922126432 0.9506533159
-0.976983155 -0.206358513 0.054037754 0.9922126432 0.9506533159
-0.976989507 -0.206702617 0.052588321 0.9922126432 0.9506533159
-0.980176869 -0.193495243 0.042578118 0.9922126432 0.9506533159
-0.983098331 -0.179892224 0.034006752 0.9922126432 0.9506533159
-0.218821123 -0.959368921 -0.178125209 0.992468357 0.9514422219
-0.242674626 -0.956059434 -0.164497368 0.992468357 0.9514422219
-0.270502597 -0.95237209 -0.140768414 0.992468357 0.9514422219
-0.268425662 -0.952209442 -0.145756107 0.992468357 0.9514422219
-0.266343211 -0.952017625 -0.150743939 0.992468357 0.9514422219
-0.202767669 -0.963556089 -0.174484773 0.992468357 0.9514422219
-0.145641327 -0.965331499 -0.216618793 0.992468357 0.9514422219
-0.174314075 -0.965052294 -0.195674915 0.992468357 0.9514422219
-0.206355089 -0.963677903 -0.169536061 0.992468357 0.9514422219
-0.209937462 -0.963762495 -0.164584673 0.992468357 0.9514422219
-0.58920283 -0.806964889 -0.040591778 0.992468357 0.9514422219
-0.593502287 -0.803535576 -0.045668517 0.992468357 0.9514422219
-0.580505107 -0.813687733 -0.030431807 0.992468357 0.9514422219
-0.58487035 -0.810349009 -0.035512788 0.992468357 0.9514422219
-0.589344398 -0.806835102 -0.041113245 0.992468357 0.9514422219
-0.589485799 -0.806705055 -0.041634677 0.992468357 0.9514422219
-0.593780903 -0.803269765 -0.04671106 0.992468357 0.9514422219
0.653611985 -0.756826551 -0.002223535 0.992468357 0.9514422219
0.649979345 -0.759939602 -0.004318856 0.992468357 0.9514422219
0.628716083 -0.777298479 -0.022872727 0.992468357 0.9514422219
0.693745872 -0.719375034 0.034874422 0.992468357 0.9514422219
0.670528144 -0.741747383 0.014241777 0.992468357 0.9514422219
0.646327995 -0.76303277 -0.006412037 0.992468357 0.9514422219
0.621181668 -0.78319933 -0.027058176 0.992468357 0.9514422219
-0.892346116 -0.448044015 -0.054543295 0.9922126432 0.9506533159
-0.900627575 -0.43116863 -0.054438817 0.9922126432 0.9506533159
-0.883749018 -0.464761557 -0.054629379 0.9922126432 0.9506533159
-0.886326123 -0.459350235 -0.058509531 0.9922126432 0.9506533159
-0.888858191 -0.453915587 -0.062383941 0.9922126432 0.9506533159
-0.991127476 0.132799673 0.005529238 0.9922126432 0.9506533159
-0.992384886 0.123164562 0.001652175 0.9922126432 0.9506533159
-0.993709515 0.111981995 0.001197302 0.9922126432 0.9506533159
-0.987880096 0.155085405 0.006436895 0.9922126432 0.9506533159
-0.989357631 0.145481721 0.002558702 0.992468357 0.9514422219
-0.99093417 0.134331824 0.00210519 0.9922126432 0.9506533159
-0.993533638 0.113516308 -0.002226717 0.9922126432 0.9506533159
-0.994573653 0.103855594 -0.006104481 0.9922126432 0.9506533159
-0.995677273 0.092648675 -0.006556719 0.9922126432 0.9506533159
-0.819171156 -0.573273225 0.017788376 0.992468357 0.9514422219
-0.812283173 -0.58274238 0.024644799 0.992468357 0.9514422219
-0.823487814 -0.566746366 0.025814263 0.992468357 0.9514422219
-0.796188675 -0.60485144 0.015437935 0.992468357 0.9514422219
-0.800766139 -0.598517195 0.023468208 0.992468357 0.9514422219
-0.80524417 -0.592106106 0.031498992 0.992468357 0.9514422219
-0.809621409 -0.585620474 0.039520054 0.992468357 0.9514422219
-0.752285689 -0.658525042 -0.020273416 0.992468357 0.9514422219
-0.709801805 -0.70195632 -0.058640619 0.992468357 0.9514422219
-0.731515922 -0.68068025 -0.039482314 0.992468357 0.9514422219
-0.756614868 -0.653684651 -0.015176272 0.992468357 0.9514422219
-0.760893214 -0.648798823 -0.010079907 0.992468357 0.9514422219
-0.893415372 0.446926081 -0.045453829 0.9922126432 0.9506533159
-0.914449514 0.397716059 -0.074860016 0.9922126432 0.9506533159
-0.904354105 0.422517974 -0.060184834 0.9922126432 0.9506533159
-0.889278058 0.455653652 -0.039551032 0.9922126432 0.9506533159
-0.885026567 0.464323226 -0.03364398 0.9922126432 0.9506533159
0.305473585 -0.944056495 -0.124270763 0.992468357 0.9514422219
0.303740958 -0.944881668 -0.122229555 0.992468357 0.9514422219
0.323351515 -0.938763339 -0.119026012 0.992468357 0.9514422219
0.321626656 -0.939611777 -0.116987192 0.992468357 0.9514422219
0.31269852 -0.942290901 -0.119613937 0.992468357 0.9514422219
0.302005941 -0.945699494 -0.120186849 0.992468357 0.9514422219
0.300268657 -0.946509806 -0.118143646 0.992468357 0.9514422219
0.284777592 -0.952990062 -0.103497175 0.992468357 0.9514422219
0.288915125 -0.951097572 -0.109276982 0.992468357 0.9514422219
0.294289423 -0.950159094 -0.102914687 0.992468357 0.9514422219
0.29841542 -0.948227146 -0.108689999 0.992468357 0.9514422219
0.293669072 -0.949674055 -0.108984702 0.992468357 0.9514422219
0.293037376 -0.94915351 -0.115050904 0.992468357 0.9514422219
0.297143764 -0.947158129 -0.120818303 0.992468357 0.9514422219
0.280010443 -0.953835882 -0.10858758 0.992468357 0.9514422219
0.284678809 -0.952064841 -0.11193978 0.992468357 0.9514422219
0.279511922 -0.953953138 -0.108841611 0.992468357 0.9514422219
0.290331703 -0.950017513 -0.114779038 0.992468357 0.9514422219
0.294978316 -0.948174475 -0.118122644 0.992468357 0.9514422219
0.289834349 -0.950138593 -0.11503349 0.992468357 0.9514422219
0.28933688 -0.950259366 -0.115287933 0.992468357 0.9514422219
0.293984505 -0.94841952 -0.118631885 0.992468357 0.9514422219
0.288839335 -0.950379826 -0.115542307 0.992468357 0.9514422219
0.366716511 -0.925086823 -0.098657844 0.992468357 0.9514422219
0.395386017 -0.915486711 -0.074525025 0.992468357 0.9514422219
0.379658092 -0.920763788 -0.089742856 0.992468357 0.9514422219
-0.990442928 -0.131990798 -0.040015435 0.9922126432 0.9506533159
-0.991812929 -0.118937013 -0.046487652 0.9922126432 0.9506533159
-0.991709052 -0.119267102 -0.047838432 0.9922126432 0.9506533159
-0.990636368 -0.131328927 -0.037313521 0.9922126432 0.9506533159
-0.992014962 -0.118275782 -0.043785326 0.9922126432 0.9506533159
-0.991914937 -0.118606386 -0.045136271 0.9922126432 0.9506533159
-0.992970574 -0.105857449 -0.052949403 0.9922126432 0.9506533159
-0.993915552 -0.092755267 -0.0593998 0.9922126432 0.9506533159
-0.993803092 -0.09308478 -0.060750623 0.9922126432 0.9506533159
-0.996166466 -0.059679788 -0.063958535 0.9922126432 0.9506533159
-0.997391833 -0.040221812 -0.059931107 0.9922126432 0.9506533159
-0.996164498 -0.060528972 -0.063186523 0.9922126432 0.9506533159
-0.998168408 -0.01904736 -0.057419751 0.9922126432 0.9506533159
-0.99857607 0.000435005 -0.053344566 0.9922126432 0.9506533159
-0.998195792 -0.019897551 -0.05665022 0.9922126432 0.9506533159
-0.998221901 -0.020747867 -0.055879895 0.9922126432 0.9506533159
-0.998656299 -0.001265577 -0.051807287 0.9922126432 0.9506533159
-0.998246656 -0.021598034 -0.055110248 0.9922126432 0.9506533159
0.076832029 -0.979122016 -0.188193829 0.992468357 0.9514422219
0.117765836 -0.980439978 -0.157697994 0.992468357 0.9514422219
0.097330968 -0.980100383 -0.173002664 0.992468357 0.9514422219
0.063577475 -0.977881844 -0.199261147 0.992468357 0.9514422219
0.050303024 -0.976348877 -0.210267628 0.992468357 0.9514422219
0.0055597 -0.970206496 -0.242215697 0.992468357 0.9514422219
0.001710412 -0.968931172 -0.247324602 0.992468357 0.9514422219
-0.001435053 -0.969951374 -0.243294623 0.992468357 0.9514422219
0.225860487 -0.894329179 -0.386215432 0.992468357 0.9514422219
0.212491004 -0.89452859 -0.393276206 0.992468357 0.9514422219
0.219181907 -0.894454508 -0.389756879 0.992468357 0.9514422219
0.221226519 -0.893231808 -0.391402305 0.992468357 0.9514422219
0.216581455 -0.892090289 -0.396569527 0.992468357 0.9514422219
-0.308214328 -0.942949035 -0.125900935 0.992468357 0.9514422219
-0.306315129 -0.943571764 -0.125870437 0.992468357 0.9514422219
-0.320648601 -0.937715707 -0.133692661 0.992468357 0.9514422219
-0.312545965 -0.9409964 -0.129772086 0.992468357 0.9514422219
-0.304414644 -0.944190726 -0.125839569 0.992468357 0.9514422219
-0.281960202 -0.951598138 -0.122308741 0.992468357 0.9514422219
-0.291738444 -0.948791194 -0.121177351 0.992468357 0.9514422219
-0.262316129 -0.956912616 -0.124533103 0.992468357 0.9514422219
-0.272152422 -0.95430537 -0.123427391 0.992468357 0.9514422219
-0.28283312 -0.95130953 -0.122538173 0.992468357 0.9514422219
-0.28370578 -0.951020079 -0.122767426 0.992468357 0.9514422219
-0.293478787 -0.948195888 -0.12163371 0.992468357 0.9514422219
-0.461977988 -0.884706458 -0.062215934 0.992468357 0.9514422219
-0.447047638 -0.891284866 -0.075892676 0.992468357 0.9514422219
-0.473639252 -0.879296952 -0.050027295 0.992468357 0.9514422219
-0.055457651 -0.970765744 -0.233534409 0.992468357 0.9514422219
-0.045435094 -0.973459538 -0.224303769 0.992468357 0.9514422219
-0.058311379 -0.970136793 -0.235445081 0.992468357 0.9514422219
-0.029686271 -0.977001197 -0.211157255 0.992468357 0.9514422219
-0.032545164 -0.97648931 -0.213094907 0.992468357 0.9514422219
-0.035403802 -0.975965547 -0.215029816 0.992468357 0.9514422219
-0.038261837 -0.975429852 -0.216962291 0.992468357 0.9514422219
-0.948734711 -0.31092748 0.056802732 0.992468357 0.9514422219
-0.936869117 -0.347888512 0.035353104 0.992468357 0.9514422219
-0.943033912 -0.32948887 0.046088236 0.992468357 0.9514422219
-0.952205182 -0.299750192 0.058780214 0.992468357 0.9514422219
-0.955540768 -0.28853239 0.060752786 0.992468357 0.9514422219
-0.226112075 -0.893612026 -0.387725258 0.992468357 0.9514422219
-0.221908064 -0.894197667 -0.388802447 0.992468357 0.9514422219
-0.20916482 -0.894946151 -0.394108444 0.992468357 0.9514422219
-0.213434726 -0.894866316 -0.391994763 0.992468357 0.9514422219
-0.217699778 -0.894766181 -0.389872142 0.992468357 0.9514422219
-0.185871076 -0.907345478 -0.377062496 0.9921640837 0.9506557947
-0.18600038 -0.907174259 -0.377410548 0.9921640837 0.9506557947
-0.1859357 -0.907259885 -0.377236552 0.9921640837 0.9506557947
-0.170868909 -0.918573249 -0.356408478 0.9921640837 0.9506557947
-0.155733854 -0.929086629 -0.335477274 0.9921640837 0.9506557947
-0.942173207 0.324645052 -0.083157915 0.992468357 0.9514422219
-0.933947407 0.348607776 -0.078834381 0.992468357 0.9514422219
-0.943389526 0.320423622 -0.085702421 0.992468357 0.9514422219
-0.506160224 -0.861896294 -0.030604035 0.992468357 0.9514422219
-0.516139531 -0.85604169 -0.028153338 0.992468357 0.9514422219
-0.527148563 -0.849448255 -0.023495825 0.992468357 0.9514422219
-0.827573586 0.561131446 -0.015920422 0.9922126432 0.9506533159
-0.832554029 0.553888118 -0.007857523 0.9922126432 0.9506533159
-0.822475399 0.568294929 -0.023981066 0.9922126432 0.9506533159
-0.824091973 0.566042157 -0.021649404 0.9922126432 0.9506533159
-0.825697715 0.56378198 -0.019317426 0.9922126432 0.9506533159
-0.697346535 -0.715311531 -0.045135608 0.992468357 0.9514422219
-0.720490886 -0.693023464 -0.024725728 0.992468357 0.9514422219
-0.717311606 -0.696095984 -0.030239733 0.992468357 0.9514422219
-0.353667904 -0.920040551 -0.168654668 0.992468357 0.9514422219
-0.342448617 -0.92403458 -0.169967762 0.992468357 0.9514422219
-0.375952568 -0.911656884 -0.165955995 0.992468357 0.9514422219
-0.364836423 -0.915914455 -0.167317353 0.992468357 0.9514422219
-0.361352889 -0.917240277 -0.167613732 0.992468357 0.9514422219
-0.369013309 -0.914377639 -0.166561437 0.992468357 0.9514422219
-0.357864304 -0.91855327 -0.167907804 0.992468357 0.9514422219
-0.327593409 -0.930866071 -0.161774275 0.992468357 0.9514422219
-0.324062787 -0.933064685 -0.156120475 0.992468357 0.9514422219
-0.323973724 -0.932744785 -0.158203011 0.992468357 0.9514422219
0.031660111 -0.966579109 -0.2544061 0.992468357 0.9514422219
0.012319168 -0.970822517 -0.239482522 0.992468357 0.9514422219
0.050982365 -0.961741639 -0.269172469 0.992468357 0.9514422219
0.038746398 -0.965324707 -0.25816066 0.992468357 0.9514422219
0.026498392 -0.968633505 -0.247076845 0.992468357 0.9514422219
0.00879656 -0.973989907 -0.226420585 0.992468357 0.9514422219
-0.001515051 -0.975567702 -0.219693794 0.992468357 0.9514422219
0.003820907 -0.974829933 -0.222917032 0.992468357 0.9514422219
-0.285082436 -0.951754868 -0.113537109 0.9921671435 0.9506561059
-0.267904429 -0.956882287 -0.112265336 0.9921671435 0.9506561059
-0.270280105 -0.956144706 -0.112853735 0.9921671435 0.9506561059
-0.353732972 -0.93048621 -0.095228132 0.9921671435 0.9506561059
-0.39262045 -0.917219504 -0.067509732 0.9921671435 0.9506561059
-0.373290724 -0.924137109 -0.081391888 0.9921671435 0.9506561059
-0.370594305 -0.924544332 -0.088756064 0.9921671435 0.9506561059
-0.387318873 -0.918269832 -0.082247226 0.9921671435 0.9506561059
-0.972661458 0.224860572 -0.058029404 0.9922126432 0.9506533159
-0.974566172 0.21750242 -0.053976603 0.9922126432 0.9506533159
-0.970684554 0.232202202 -0.062077645 0.9922126432 0.9506533159
-0.974098521 0.219620752 -0.053840483 0.9922126432 0.9506533159
-0.977280858 0.206986996 -0.045590668 0.9922126432 0.9506533159
-0.958161309 0.272088303 -0.088853036 0.9922126432 0.9506533159
-0.949041965 0.295979289 -0.10823867 0.9922126432 0.9506533159
-0.953724418 0.284070263 -0.098558715 0.9922126432 0.9506533159
-0.955412654 0.280038745 -0.093621376 0.9922126432 0.9506533159
-0.952574734 0.287962599 -0.098381493 0.9922126432 0.9506533159
-0.093396536 -0.968232667 -0.231953853 0.992468357 0.9514422219
-0.078259996 -0.967625507 -0.239950517 0.992468357 0.9514422219
-0.1235838 -0.968596364 -0.215750153 0.992468357 0.9514422219
-0.108509714 -0.968555869 -0.223886513 0.992468357 0.9514422219
-0.102168158 -0.971420696 -0.21425102 0.992468357 0.9514422219
-0.11090208 -0.974218108 -0.196468337 0.992468357 0.9514422219
-0.095815388 -0.974146727 -0.204591217 0.992468357 0.9514422219
-0.825174618 -0.564185549 0.027955618 0.992468357 0.9514422219
-0.824332589 -0.565467061 0.026884682 0.992468357 0.9514422219
-0.817483337 -0.574963052 0.033741394 0.992468357 0.9514422219
-0.845953031 -0.533192839 0.00829858 0.9922126432 0.9506533159
-0.852537409 -0.522664345 0.001396084 0.9922126432 0.9506533159
-0.851336786 -0.52461949 0.000260159 0.9922126432 0.9506533159
-0.99907269 -0.019133191 -0.038570477 0.9922126432 0.9506533159
-0.999355399 -0.010631124 -0.034289449 0.9922126432 0.9506533159
-0.997993736 -0.051182623 -0.037267168 0.9922126432 0.9506533159
-0.999078122 -0.026664153 -0.033644143 0.9922126432 0.9506533159
-0.999547582 -0.002128635 -0.030001671 0.9922126432 0.9506533159
0.529053954 -0.848217296 0.025086514 0.992468357 0.9514422219
0.51175957 -0.858963548 0.016845363 0.992468357 0.9514422219
0.521789128 -0.852613378 0.028045208 0.992468357 0.9514422219
0.504416406 -0.86323339 0.019804149 0.992468357 0.9514422219
0.508092651 -0.86110743 0.018326268 0.992468357 0.9514422219
0.494217154 -0.869295966 0.008598183 0.992468357 0.9514422219
0.476436441 -0.879208847 0.000347409 0.992468357 0.9514422219
0.341915201 -0.933414231 -0.108774392 0.992468357 0.9514422219
0.37532687 -0.923242504 -0.082176757 0.992468357 0.9514422219
0.361091137 -0.927831384 -0.093499267 0.992468357 0.9514422219
0.384741923 -0.920013005 -0.074496463 0.992468357 0.9514422219
0.408015135 -0.911291501 -0.055420659 0.992468357 0.9514422219
0.122780972 -0.978073304 -0.168218442 0.992468357 0.9514422219
0.150791069 -0.978313569 -0.142002164 0.992468357 0.9514422219
0.126655053 -0.978055054 -0.165429164 0.992468357 0.9514422219
-0.977246599 0.20403131 -0.057968178 0.9922126432 0.9506533159
-0.975133705 0.212528206 -0.062817353 0.9922126432 0.9506533159
-0.972966796 0.221195595 -0.066393701 0.9922126432 0.9506533159
0.166651689 -0.914416902 -0.368875242 0.9921671435 0.9506561059
0.148683492 -0.924849291 -0.350067148 0.9921671435 0.9506561059
0.15516777 -0.919021832 -0.362383546 0.9921671435 0.9506561059
-0.244905309 -0.892298174 -0.379243139 0.992468357 0.9514422219
-0.247109095 -0.893268429 -0.375511131 0.992468357 0.9514422219
-0.252741409 -0.895987302 -0.365141802 0.992468357 0.9514422219
-0.251026555 -0.895110769 -0.368459469 0.992468357 0.9514422219
-0.249308013 -0.89422106 -0.371771717 0.992468357 0.9514422219
-0.256782947 -0.906983901 -0.333830379 0.992468357 0.9514422219
-0.255822075 -0.906042669 -0.337107918 0.992468357 0.9514422219
-0.249150464 -0.917075493 -0.311282165 0.992468357 0.9514422219
-0.248207941 -0.916203782 -0.314584563 0.992468357 0.9514422219
-0.252035986 -0.911199403 -0.325873457 0.992468357 0.9514422219
-0.254857216 -0.905090204 -0.340381435 0.992468357 0.9514422219
-0.253889766 -0.904126298 -0.343650438 0.992468357 0.9514422219
-0.61886068 -0.781662051 -0.077562214 0.992468357 0.9514422219
-0.614288834 -0.785824179 -0.071621141 0.992468357 0.9514422219
-0.616120669 -0.784269546 -0.072915027 0.992468357 0.9514422219
-0.631151111 -0.770508649 -0.089245145 0.992468357 0.9514422219
-0.630089772 -0.772024382 -0.083457973 0.992468357 0.9514422219
-0.6412214 -0.761887391 -0.091447911 0.992468357 0.9514422219
-0.635151318 -0.767744745 -0.084562458 0.992468357 0.9514422219
-0.629005594 -0.773511333 -0.077667109 0.992468357 0.9514422219
-0.11237456 -0.964444819 -0.239203153 0.992468357 0.9514422219
-0.08282384 -0.961812378 -0.260877676 0.992468357 0.9514422219
-0.091731474 -0.962099536 -0.25680697 0.992468357 0.9514422219
-0.052625055 -0.95932278 -0.277363311 0.992468357 0.9514422219
-0.03273646 -0.956786743 -0.288941955 0.992468357 0.9514422219
-0.092306051 -0.962851522 -0.253764732 0.992468357 0.9514422219
-0.072484988 -0.961344822 -0.265635199 0.992468357 0.9514422219
-0.051606921 -0.959481027 -0.277007011 0.992468357 0.9514422219
-0.050589192 -0.959637893 -0.276651129 0.992468357 0.9514422219
-0.030699971 -0.957071349 -0.288222041 0.992468357 0.9514422219
0.262059977 -0.960633846 -0.092234387 0.992468357 0.9514422219
0.261822568 -0.961040784 -0.088597711 0.992468357 0.9514422219
0.26623502 -0.959249057 -0.094658125 0.992468357 0.9514422219
0.253201176 -0.964091715 -0.080101997 0.992468357 0.9514422219
0.252951521 -0.964452807 -0.076461174 0.992468357 0.9514422219
0.257394637 -0.962775408 -0.082531899 0.992468357 0.9514422219
0.261581713 -0.96143479 -0.084959709 0.992468357 0.9514422219
0.261337158 -0.961815903 -0.081320708 0.992468357 0.9514422219
0.26576201 -0.960069958 -0.087385519 0.992468357 0.9514422219
0.241393653 -0.966841889 -0.083341862 0.992468357 0.9514422219
0.239918976 -0.967288278 -0.082415248 0.992468357 0.9514422219
0.232078446 -0.969334882 -0.080805205 0.992468357 0.9514422219
0.276023938 -0.955274425 -0.106120494 0.992468357 0.9514422219
0.280304408 -0.953672223 -0.109264491 0.992468357 0.9514422219
0.275230018 -0.955550402 -0.105697053 0.992468357 0.9514422219
0.279908195 -0.953812786 -0.109053064 0.992468357 0.9514422219
0.28457625 -0.952040674 -0.112405129 0.992468357 0.9514422219
0.462782228 -0.829835427 0.311778404 0.992468357 0.9514422219
0.455265673 -0.829887136 0.322522104 0.992468357 0.9514422219
0.137896634 -0.849386424 0.509438142 0.992468357 0.9514422219
0.068525873 -0.957119518 -0.281471903 0.9921671435 0.9506561059
0.071205939 -0.95566053 -0.285731808 0.9921671435 0.9506561059
0.035892369 -0.967206374 -0.25144297 0.9921671435 0.9506561059
0.054908715 -0.961063009 -0.270818991 0.9921671435 0.9506561059
0.073882795 -0.954175048 -0.289985018 0.9921671435 0.9506561059
-0.999894712 -0.014507851 0.00029357 0.9922126432 0.9506533159
-0.999769068 -0.021171237 0.003686321 0.9922126432 0.9506533159
-0.999987855 0.002907681 -0.003979267 0.9922126432 0.9506533159
-0.958000603 -0.281710156 0.053611876 0.9922126432 0.9506533159
-0.968810432 -0.240777494 0.058587936 0.9922126432 0.9506533159
-0.963624467 -0.261303004 0.056112615 0.9922126432 0.9506533159
-0.95798139 -0.282329695 0.050612243 0.9922126432 0.9506533159
-0.957952982 -0.28294685 0.047614758 0.9922126432 0.9506533159
-0.277570663 -0.95427291 -0.110985313 0.9921671435 0.9506561059
-0.256225785 -0.960638536 -0.10734035 0.9921671435 0.9506561059
-0.266915185 -0.957516695 -0.109169878 0.9921671435 0.9506561059
-0.283910725 -0.952128236 -0.113342497 0.9921671435 0.9506561059
-0.290236551 -0.949935641 -0.115693658 0.9921671435 0.9506561059
-0.664657087 -0.742178501 -0.086035044 0.992468357 0.9514422219
-0.68010637 -0.729394025 -0.073754192 0.992468357 0.9514422219
-0.660316285 -0.745967058 -0.08669228 0.992468357 0.9514422219
-0.646722871 -0.757718872 -0.087244707 0.992468357 0.9514422219
-0.634193622 -0.76951333 -0.075151083 0.992468357 0.9514422219
-0.640493553 -0.763658416 -0.081202412 0.992468357 0.9514422219
-0.64633119 -0.758540076 -0.082903233 0.992468357 0.9514422219
-0.645926464 -0.759346576 -0.078560683 0.992468357 0.9514422219
-0.030227164 -0.975225104 -0.219139945 0.992468357 0.9514422219
-0.031790171 -0.974869715 -0.22049586 0.992468357 0.9514422219
-0.032969754 -0.975178061 -0.21895375 0.992468357 0.9514422219
-0.884937722 -0.464075141 -0.038980654 0.9922126432 0.9506533159
-0.883497074 -0.46657167 -0.041758802 0.9922126432 0.9506533159
-0.886364247 -0.461571177 -0.036200402 0.9922126432 0.9506533159
-0.8937064 -0.447167395 -0.036471799 0.9922126432 0.9506533159
-0.900814791 -0.432646935 -0.036733396 0.9922126432 0.9506533159
-0.196337714 -0.971592219 -0.132136525 0.992468357 0.9514422219
-0.147987002 -0.978507592 -0.143606196 0.992468357 0.9514422219
-0.172216234 -0.975357004 -0.137914043 0.992468357 0.9514422219
-0.185164083 -0.973050847 -0.137427477 0.992468357 0.9514422219
-0.173961102 -0.974359252 -0.142694019 0.992468357 0.9514422219
0.534124115 -0.845400341 0.003113478 0.992468357 0.9514422219
0.527631485 -0.849444724 0.006976894 0.992468357 0.9514422219
0.526684172 -0.850060258 -0.001158256 0.992468357 0.9514422219
0.008548812 -0.978532124 -0.205916972 0.992468357 0.9514422219
0.010587909 -0.97750621 -0.210640702 0.992468357 0.9514422219
0.002520456 -0.975722044 -0.218998037 0.992468357 0.9514422219
-0.997682399 -0.064163326 0.022647261 0.992468357 0.9514422219
-0.9989482 -0.042626576 0.01689583 0.992468357 0.9514422219
-0.999606021 0.02805165 0.000952404 0.992468357 0.9514422219
-0.999975623 0.003492657 0.006045996 0.992468357 0.9514422219
-0.999716023 -0.021068901 0.011134409 0.992468357 0.9514422219
-0.99979519 0.020050216 0.002750768 0.992468357 0.9514422219
-0.997777809 0.066133332 -0.008113381 0.992468357 0.9514422219
-0.999567281 -0.026078 0.013608432 0.992468357 0.9514422219
-0.999917082 0.01204736 0.00454864 0.992468357 0.9514422219
-0.998731263 0.050154306 -0.004517767 0.992468357 0.9514422219
0.336010295 -0.934218745 -0.119718075 0.992468357 0.9514422219
0.330570868 -0.936233522 -0.119120502 0.992468357 0.9514422219
0.347867582 -0.930872435 -0.111645218 0.992468357 0.9514422219
0.321326247 -0.938556281 -0.125942651 0.992468357 0.9514422219
0.309937384 -0.942886255 -0.122083287 0.992468357 0.9514422219
0.304841862 -0.944676126 -0.121072108 0.992468357 0.9514422219
0.301671896 -0.945875571 -0.119638921 0.992468357 0.9514422219
0.298497881 -0.947062209 -0.118204009 0.992468357 0.9514422219
-0.927817649 0.364366102 -0.079948446 0.992468357 0.9514422219
-0.930442967 0.357307779 -0.08128368 0.992468357 0.9514422219
-0.919513628 0.38665283 -0.070670193 0.992468357 0.9514422219
-0.003765404 -0.969340355 -0.245693096 0.9921671435 0.9506561059
-0.010750862 -0.968779792 -0.247689592 0.9921671435 0.9506561059
0.00322047 -0.96984936 -0.243683908 0.9921671435 0.9506561059
-0.006118468 -0.968466482 -0.249068741 0.9921671435 0.9506561059
-0.015456764 -0.966969272 -0.254423889 0.9921671435 0.9506561059
0.565477798 -0.824627097 -0.015000353 0.992468357 0.9514422219
0.570822123 -0.820788482 -0.021641884 0.992468357 0.9514422219
0.569652094 -0.82163736 -0.020212388 0.992468357 0.9514422219
0.547773456 -0.836611273 0.005081246 0.992468357 0.9514422219
0.54305617 -0.839656778 0.008154225 0.992468357 0.9514422219
0.54541756 -0.838138348 0.006617713 0.992468357 0.9514422219
0.541989315 -0.840302959 0.011769381 0.992468357 0.9514422219
0.53615539 -0.843917507 0.018456389 0.992468357 0.9514422219
0.459621839 -0.887892191 -0.019880188 0.992468357 0.9514422219
0.471100676 -0.881977091 -0.013437446 0.992468357 0.9514422219
0.481144383 -0.876634379 -0.003499825 0.992468357 0.9514422219
0.439022885 -0.897596888 -0.039733288 0.992468357 0.9514422219
0.460951045 -0.887117669 -0.023374676 0.992468357 0.9514422219
0.482482972 -0.875877421 -0.006994581 0.992468357 0.9514422219
0.503599845 -0.863885972 0.00939277 0.992468357 0.9514422219
-0.020732502 -0.962217454 -0.271491684 0.992468357 0.9514422219
-0.024056109 -0.960545363 -0.277081052 0.992468357 0.9514422219
-0.029415541 -0.958556166 -0.283381019 0.992468357 0.9514422219
-0.028397129 -0.958693638 -0.283019631 0.992468357 0.9514422219
-0.027378628 -0.958829965 -0.282657937 0.992468357 0.9514422219
-0.011010088 -0.965450081 -0.26035537 0.992468357 0.9514422219
-0.005348521 -0.968212952 -0.250070138 0.992468357 0.9514422219
-0.008179483 -0.966849106 -0.255217363 0.992468357 0.9514422219
-0.007536712 -0.96632154 -0.257227292 0.992468357 0.9514422219
-0.004063264 -0.967171164 -0.254093348 0.992468357 0.9514422219
0.014415654 -0.975150912 -0.221072132 0.992468357 0.9514422219
5.0832e-05 -0.97259215 -0.232517757 0.9921640837 0.9506557947
0.028774109 -0.977374835 -0.209548281 0.992468357 0.9514422219
0.008596333 -0.975026341 -0.221922817 0.992468357 0.9514422219
-0.011584995 -0.972125829 -0.234173357 0.9921640837 0.9506557947
-0.045677845 -0.968129181 -0.246250735 0.992468357 0.9514422219
-0.054769749 -0.966711384 -0.24993874 0.992468357 0.9514422219
-0.064830675 -0.965122408 -0.25364487 0.992468357 0.9514422219
-0.017924508 -0.970433585 -0.240701827 0.9921640837 0.9506557947
-0.030597414 -0.966799538 -0.253697561 0.9921640837 0.9506557947
-0.024261971 -0.968658009 -0.247210475 0.9921640837 0.9506557947
-0.012106586 -0.970724834 -0.239888989 0.9921640837 0.9506557947
-0.006288701 -0.970982602 -0.239067434 0.9921640837 0.9506557947
-0.472152923 -0.878848071 -0.068539669 0.992468357 0.9514422219
-0.437284077 -0.893879946 -0.098799184 0.992468357 0.9514422219
-0.454851904 -0.886625719 -0.083693364 0.992468357 0.9514422219
-0.483576483 -0.873548054 -0.055385754 0.992468357 0.9514422219
-0.494841175 -0.867957401 -0.042215664 0.992468357 0.9514422219
-0.349505103 -0.922796968 -0.162147893 0.992468357 0.9514422219
-0.35658064 -0.91943739 -0.165786409 0.992468357 0.9514422219
-0.342403466 -0.926087722 -0.158497313 0.992468357 0.9514422219
-0.344116991 -0.92512194 -0.160414754 0.992468357 0.9514422219
-0.345827982 -0.924149175 -0.162330862 0.992468357 0.9514422219
-0.887349913 0.459678806 -0.036132071 0.992468357 0.9514422219
-0.87768022 0.478594914 -0.024986773 0.9922126432 0.9506533159
-0.866792595 0.498479007 -0.013757821 0.992468357 0.9514422219
-0.867149172 0.497857487 -0.01379261 0.9922126432 0.9506533159
-0.867505388 0.497235572 -0.013827084 0.9922126432 0.9506533159
-0.791292768 -0.608464162 0.060225574 0.992468357 0.9514422219
-0.788943818 -0.611807302 0.057091833 0.992468357 0.9514422219
-0.810101743 -0.583730294 0.054718458 0.992468357 0.9514422219
-0.684907166 -0.72855551 0.010442366 0.992468357 0.9514422219
-0.686615524 -0.726972927 0.008335751 0.992468357 0.9514422219
-0.668503893 -0.743695346 -0.004447061 0.992468357 0.9514422219
-0.999318736 -0.033398334 -0.015704007 0.9922126432 0.9506533159
-0.998511569 -0.052289714 -0.0155059 0.9922126432 0.9506533159
-0.998426421 -0.055137616 -0.010223727 0.9922126432 0.9506533159
0.211190249 -0.938504951 -0.273143067 0.992468357 0.9514422219
0.205141149 -0.941912007 -0.265930216 0.992468357 0.9514422219
0.217218616 -0.93500368 -0.280328721 0.992468357 0.9514422219
0.214976439 -0.934115166 -0.28498068 0.992468357 0.9514422219
0.212729087 -0.933201024 -0.289624212 0.992468357 0.9514422219
0.010451718 -0.970682175 -0.240139285 0.992468357 0.9514422219
0.015651059 -0.969762388 -0.24354867 0.992468357 0.9514422219
0.017992739 -0.970437566 -0.240680685 0.992468357 0.9514422219
0.005767909 -0.969287178 -0.245863983 0.992468357 0.9514422219
0.010967176 -0.968370717 -0.2492747 0.992468357 0.9514422219
0.013309128 -0.969073387 -0.246413549 0.992468357 0.9514422219
0.020849753 -0.968804206 -0.246948778 0.992468357 0.9514422219
0.026047485 -0.967807781 -0.250339024 0.992468357 0.9514422219
0.028389046 -0.96847962 -0.24746977 0.992468357 0.9514422219
-0.043735529 -0.978292022 -0.202563382 0.992468357 0.9514422219
-0.034287862 -0.977336541 -0.208896215 0.992468357 0.9514422219
-0.053177401 -0.979120092 -0.196203999 0.992468357 0.9514422219
-0.063258808 -0.979699287 -0.190230468 0.992468357 0.9514422219
-0.073331403 -0.980143658 -0.184230601 0.992468357 0.9514422219
-0.313052766 -0.82899679 -0.463424522 0.992468357 0.9514422219
-0.319442019 -0.82054805 -0.473980689 0.992468357 0.9514422219
-0.314367627 -0.822612938 -0.473794206 0.992468357 0.9514422219
0.013799209 -0.967572588 -0.252215917 0.9921640837 0.9506557947
0.025999429 -0.967796097 -0.250389187 0.9921640837 0.9506557947
0.023955892 -0.966280072 -0.256376556 0.9921640837 0.9506557947
0.031077037 -0.967108266 -0.252459541 0.9921640837 0.9506557947
0.038195978 -0.967872138 -0.248524832 0.9921640837 0.9506557947
0.004198467 -0.968737301 -0.24805325 0.9921640837 0.9506557947
0.007286171 -0.968405757 -0.249273348 0.9921640837 0.9506557947
-0.003411069 -0.969580406 -0.244749263 0.9921640837 0.9506557947
-0.948278397 -0.3121826 0.057533523 0.992468357 0.9514422219
-0.939693391 -0.33858236 0.04835614 0.992468357 0.9514422219
-0.939195144 -0.339804662 0.049449706 0.992468357 0.9514422219
-0.619008664 -0.784261306 -0.041981866 0.992468357 0.9514422219
-0.610869735 -0.790841871 -0.037514022 0.992468357 0.9514422219
-0.608371934 -0.792792864 -0.036919714 0.992468357 0.9514422219
0.255621123 -0.901551432 -0.349088609 0.992468357 0.9514422219
0.252454341 -0.904370096 -0.344066178 0.992468357 0.9514422219
0.254038957 -0.902965686 -0.346579253 0.992468357 0.9514422219
0.257125354 -0.904169844 -0.341120867 0.992468357 0.9514422219
0.258610817 -0.906722614 -0.333128423 0.992468357 0.9514422219
0.310935168 -0.879054025 -0.361363173 0.992468357 0.9514422219
0.28882272 -0.899080662 -0.328991487 0.992468357 0.9514422219
0.299949189 -0.889283445 -0.345261406 0.992468357 0.9514422219
0.310037459 -0.885155572 -0.346953005 0.992468357 0.9514422219
0.309057805 -0.891040078 -0.332461807 0.992468357 0.9514422219
-0.998370375 0.050627722 -0.026333031 0.992468357 0.9514422219
-0.99724953 0.07118282 -0.020649014 0.992468357 0.9514422219
-0.997836862 0.060400592 -0.025949303 0.992468357 0.9514422219
-0.997266281 0.072196684 -0.015735452 0.992468357 0.9514422219
-0.995642038 0.092715286 -0.010040336 0.992468357 0.9514422219
-0.996517919 0.081954713 -0.015344803 0.992468357 0.9514422219
-0.99567388 0.091705418 -0.014954646 0.992468357 0.9514422219
-0.993644184 0.112185688 -0.009252427 0.992468357 0.9514422219
-0.994734381 0.101446823 -0.014562023 0.992468357 0.9514422219
-0.947704162 0.313395775 -0.060331658 0.992468357 0.9514422219
-0.943850152 0.325287106 -0.057751098 0.992468357 0.9514422219
-0.951404191 0.301451177 -0.062906701 0.992468357 0.9514422219
-0.946109029 0.315999099 -0.070868011 0.992468357 0.9514422219
-0.940527636 0.330450659 -0.078804363 0.992468357 0.9514422219
-0.979616465 -0.200445053 -0.013166744 0.992468357 0.9514422219
-0.982678657 -0.184809001 -0.013721883 0.992468357 0.9514422219
-0.980760965 -0.194663516 -0.014630259 0.992468357 0.9514422219
-0.983465605 -0.18073895 -0.011350621 0.992468357 0.9514422219
-0.984496508 -0.17493565 -0.012811877 0.992468357 0.9514422219
-0.985491094 -0.16912592 -0.014273299 0.992468357 0.9514422219
-0.986449337 -0.163309989 -0.015733791 0.992468357 0.9514422219
0.057482231 -0.98101477 -0.185218287 0.992468357 0.9514422219
0.057416093 -0.979988427 -0.190594008 0.992468357 0.9514422219
0.045203466 -0.979899924 -0.194300759 0.992468357 0.9514422219
-0.033729556 -0.979202156 -0.200063625 0.992468357 0.9514422219
-0.039432414 -0.979932567 -0.195389994 0.992468357 0.9514422219
-0.02802486 -0.978417941 -0.204726502 0.992468357 0.9514422219
-0.033180939 -0.978323181 -0.204408361 0.992468357 0.9514422219
-0.038335917 -0.978202366 -0.204084511 0.992468357 0.9514422219
0.415719573 -0.908084567 -0.05059304 0.992468357 0.9514422219
0.427471753 -0.902945365 -0.044244414 0.992468357 0.9514422219
0.440958187 -0.896861529 -0.034572736 0.992468357 0.9514422219
0.388145695 -0.918946124 -0.069863737 0.992468357 0.9514422219
0.40010381 -0.914264114 -0.063545823 0.992468357 0.9514422219
0.413852599 -0.908746606 -0.053903923 0.992468357 0.9514422219
0.439137212 -0.897620732 -0.037888381 0.992468357 0.9514422219
0.450712215 -0.892112524 -0.0315237 0.992468357 0.9514422219
0.463973578 -0.885579937 -0.021833321 0.992468357 0.9514422219
-0.324342693 -0.933982793 -0.149926512 0.992468357 0.9514422219
-0.321014554 -0.934979489 -0.150874155 0.992468357 0.9514422219
-0.318431543 -0.936638356 -0.145979255 0.992468357 0.9514422219
-0.02422629 -0.967291009 -0.252509784 0.9921671435 0.9506561059
-0.053770657 -0.967485006 -0.247146678 0.9921671435 0.9506561059
-0.039002902 -0.967497145 -0.249856054 0.9921671435 0.9506561059
-0.033561682 -0.966806759 -0.253294897 0.9921671435 0.9506561059
-0.042893925 -0.966237719 -0.25405665 0.9921671435 0.9506561059
0.484847052 -0.87433036 -0.021673876 0.992468357 0.9514422219
0.496024827 -0.868127289 -0.01773077 0.992468357 0.9514422219
0.511248589 -0.859249502 -0.017753165 0.992468357 0.9514422219
-0.95917927 0.282373888 -0.01549567 0.992468357 0.9514422219
-0.949685517 0.313131862 -0.006771701 0.992468357 0.9514422219
-0.954565239 0.297794172 -0.011128141 0.992468357 0.9514422219
-0.946532349 0.322275553 -0.014662186 0.992468357 0.9514422219
-0.932226969 0.361610986 -0.013797554 0.992468357 0.9514422219
-0.991412363 0.130269548 -0.011461757 0.992468357 0.9514422219
-0.999291038 0.037568888 -0.002449649 0.992468357 0.9514422219
-0.996440495 0.084011055 -0.00696289 0.992468357 0.9514422219
-0.99681779 0.079432169 -0.006695041 0.992468357 0.9514422219
-0.999595227 0.02838545 -0.001909908 0.992468357 0.9514422219
-0.059768881 -0.969674092 -0.236980664 0.992468357 0.9514422219
-0.081222392 -0.963049109 -0.256786559 0.992468357 0.9514422219
-0.069775917 -0.966717505 -0.246147489 0.992468357 0.9514422219
0.668497978 -0.74351684 0.017121974 0.992468357 0.9514422219
0.688163144 -0.725376733 0.0161271 0.992468357 0.9514422219
0.65882921 -0.752229251 0.009758406 0.992468357 0.9514422219
-0.584806468 -0.810629091 -0.029696326 0.992468357 0.9514422219
-0.576711649 -0.816646742 -0.022175957 0.992468357 0.9514422219
-0.600717182 -0.798209771 -0.044721681 0.992468357 0.9514422219
-0.592808743 -0.804483104 -0.037211951 0.992468357 0.9514422219
-0.585526781 -0.8100929 -0.030131071 0.992468357 0.9514422219
-0.586246482 -0.809555923 -0.030565834 0.992468357 0.9514422219
-0.578165957 -0.815593649 -0.023046183 0.992468357 0.9514422219
-0.587757557 -0.808125879 -0.038387726 0.992468357 0.9514422219
-0.593343468 -0.80371159 -0.044622967 0.992468357 0.9514422219
-0.576428418 -0.816736855 -0.025907294 0.992468357 0.9514422219
-0.582118987 -0.812467799 -0.032149023 0.992468357 0.9514422219
-0.582940215 -0.811910402 -0.031340134 0.992468357 0.9514422219
-0.578071918 -0.815624211 -0.024289979 0.992468357 0.9514422219
-0.583760364 -0.811351757 -0.030531364 0.992468357 0.9514422219
0.575271288 -0.817708658 -0.020383721 0.992468357 0.9514422219
0.572943997 -0.819388239 -0.018387259 0.992468357 0.9514422219
0.589617828 -0.807137854 -0.029653021 0.992468357 0.9514422219
0.58016681 -0.814172203 -0.023023835 0.992468357 0.9514422219
0.570609752 -0.821057771 -0.016390467 0.992468357 0.9514422219
0.712345487 -0.687085501 0.143099338 0.992468357 0.9514422219
0.700304974 -0.707534538 0.094698582 0.992468357 0.9514422219
0.706575531 -0.697570823 0.118936812 0.992468357 0.9514422219
0.702534566 -0.692826158 0.162594889 0.992468357 0.9514422219
0.692384431 -0.698198439 0.181996538 0.992468357 0.9514422219
-0.970488962 -0.115287094 0.211801939 0.992468357 0.9514422219
-0.57212489 -0.66841058 0.475289813 0.992468357 0.9514422219
-0.925915047 -0.024260988 0.376951894 0.992468357 0.9514422219
0.105155209 -0.949603818 0.295287945 0.992468357 0.9514422219
0.098334559 -0.944389763 0.313780641 0.992468357 0.9514422219
0.133954175 -0.863347929 0.486504505 0.992468357 0.9514422219
0.125946536 -0.855828373 0.501692401 0.992468357 0.9514422219
-0.840921513 0.540654277 -0.023322985 0.992468357 0.9514422219
-0.848555658 0.52882571 -0.017223956 0.992468357 0.9514422219
-0.84236922 0.538401876 -0.023184419 0.992468357 0.9514422219
0.300542045 -0.83519499 -0.460569004 0.992468357 0.9514422219
0.29857574 -0.834051107 -0.463908696 0.992468357 0.9514422219
0.296138217 -0.838486261 -0.45743081 0.992468357 0.9514422219
0.063488782 -0.972493748 -0.224109536 0.992468357 0.9514422219
0.043462749 -0.969263349 -0.242156044 0.992468357 0.9514422219
0.040565619 -0.968994192 -0.243730765 0.992468357 0.9514422219
-0.762598776 -0.646532233 0.020956589 0.992468357 0.9514422219
-0.788064166 -0.615169695 0.022827981 0.992468357 0.9514422219
-0.817315905 -0.576086867 0.010891834 0.992468357 0.9514422219
-0.814806365 -0.579460883 0.017767154 0.992468357 0.9514422219
-0.812242841 -0.582797763 0.024664443 0.992468357 0.9514422219
-0.719634113 -0.69348271 0.034763104 0.992468357 0.9514422219
-0.714853518 -0.698789169 0.026041206 0.992468357 0.9514422219
-0.724320053 -0.688090524 0.043495871 0.992468357 0.9514422219
-0.701219253 -0.712092216 0.034874563 0.992468357 0.9514422219
-0.677291178 -0.735248098 0.026208695 0.992468357 0.9514422219
-0.944153796 -0.324952732 0.054583263 0.992468357 0.9514422219
-0.936710166 -0.345678864 0.055499439 0.992468357 0.9514422219
-0.951138878 -0.304068563 0.053639019 0.992468357 0.9514422219
-0.955273222 -0.290471259 0.055493407 0.992468357 0.9514422219
-0.959211439 -0.27681443 0.057333995 0.992468357 0.9514422219
0.016058517 -0.968091236 -0.250082952 0.9921671435 0.9506561059
-0.000452247 -0.967886991 -0.251385299 0.9921671435 0.9506561059
0.005167127 -0.967734377 -0.251919583 0.9921671435 0.9506561059
-0.577754088 -0.815998717 -0.018609343 0.992468357 0.9514422219
-0.580406032 -0.814036437 -0.021760453 0.992468357 0.9514422219
-0.568182401 -0.822758354 -0.015409436 0.992468357 0.9514422219
-0.56632942 -0.824062168 -0.01387556 0.992468357 0.9514422219
-0.580712834 -0.813909446 -0.018000529 0.992468357 0.9514422219
-0.551760781 -0.833945473 -0.009746264 0.992468357 0.9514422219
-0.562374496 -0.826777019 -0.013216911 0.992468357 0.9514422219
-0.572889244 -0.81946295 -0.016684942 0.992468357 0.9514422219
-0.236013735 -0.897408169 -0.372768153 0.992468357 0.9514422219
-0.229026727 -0.896838649 -0.378453691 0.992468357 0.9514422219
-0.233273633 -0.897731392 -0.373713472 0.992468357 0.9514422219
-0.26567649 -0.881756649 -0.389770721 0.992468357 0.9514422219
-0.274572651 -0.873824238 -0.401299216 0.992468357 0.9514422219
-0.276505094 -0.87309095 -0.401568334 0.992468357 0.9514422219
-0.307644145 -0.852978081 -0.421643775 0.992468357 0.9514422219
-0.301506653 -0.861850813 -0.407807447 0.992468357 0.9514422219
-0.291038058 -0.868925441 -0.400331645 0.992468357 0.9514422219
-0.328816395 -0.819399974 -0.469535367 0.992468357 0.9514422219
-0.329456577 -0.822806817 -0.463084556 0.992468357 0.9514422219
-0.331788589 -0.83190702 -0.444800002 0.992468357 0.9514422219
-0.332361278 -0.835145008 -0.438256542 0.992468357 0.9514422219
-0.330941093 -0.829056442 -0.450714331 0.992468357 0.9514422219
-0.33007906 -0.826169545 -0.456608911 0.992468357 0.9514422219
-0.330683906 -0.829487942 -0.450108774 0.992468357 0.9514422219
-0.283024042 -0.841263119 -0.460623226 0.992468357 0.9514422219
-0.285278665 -0.840206658 -0.461160337 0.992468357 0.9514422219
-0.281445446 -0.844405122 -0.455816248 0.992468357 0.9514422219
-0.942532511 -0.329264673 0.05672072 0.992468357 0.9514422219
-0.953808336 -0.294834421 0.057639594 0.992468357 0.9514422219
-0.948067505 -0.312750085 0.057925739 0.992468357 0.9514422219
-0.899932719 -0.433343745 0.04831458 0.992468357 0.9514422219
-0.892680349 -0.448542192 0.043951073 0.992468357 0.9514422219
-0.880994222 -0.470849582 0.04636649 0.992468357 0.9514422219
0.234635905 -0.898352611 -0.371360443 0.9921671435 0.9506561059
0.224623777 -0.900644322 -0.371999952 0.9921671435 0.9506561059
0.232479781 -0.898572027 -0.372184718 0.9921671435 0.9506561059
-0.415657373 -0.905865248 -0.081468408 0.9921671435 0.9506561059
-0.436221385 -0.897693128 -0.062112402 0.9921671435 0.9506561059
-0.43636597 -0.897362209 -0.065770866 0.9921671435 0.9506561059
-0.60780756 -0.793112861 -0.039267785 0.992468357 0.9514422219
-0.620593619 -0.782500422 -0.050563324 0.992468357 0.9514422219
-0.614231582 -0.787846395 -0.044917951 0.992468357 0.9514422219
-0.603974621 -0.796036659 -0.03924659 0.992468357 0.9514422219
-0.600127901 -0.798941786 -0.039224034 0.992468357 0.9514422219
0.24586723 -0.896707948 -0.368054562 0.992468357 0.9514422219
0.240670057 -0.896462071 -0.372066768 0.992468357 0.9514422219
0.241228296 -0.896123129 -0.372521473 0.992468357 0.9514422219
0.558958983 -0.829170045 -0.006472382 0.992468357 0.9514422219
0.555286955 -0.831653521 -0.002969409 0.992468357 0.9514422219
0.562613098 -0.826660145 -0.009975284 0.992468357 0.9514422219
0.570249193 -0.821321809 -0.015695328 0.992468357 0.9514422219
0.577817086 -0.815885332 -0.021413562 0.992468357 0.9514422219
0.45971528 -0.887820204 -0.020908066 0.992468357 0.9514422219
0.471523539 -0.881792214 -0.01039442 0.992468357 0.9514422219
0.500839615 -0.86550954 0.007274293 0.992468357 0.9514422219
0.512202347 -0.858680545 0.017789785 0.992468357 0.9514422219
0.492047009 -0.870560775 0.003698276 0.992468357 0.9514422219
0.483196425 -0.875511964 0.000123403 0.992468357 0.9514422219
0.494732427 -0.868980235 0.010638419 0.992468357 0.9514422219
0.205414927 -0.895890165 -0.393935934 0.992468357 0.9514422219
0.203364019 -0.897084734 -0.392278035 0.992468357 0.9514422219
0.194218449 -0.89955928 -0.391244547 0.992468357 0.9514422219
-0.964631953 -0.261166992 0.035735112 0.9922126432 0.9506533159
-0.965107956 -0.259289557 0.036545302 0.9922126432 0.9506533159
-0.948784645 -0.315777956 0.009590624 0.9922126432 0.9506533159
-0.949386404 -0.31393824 0.010403706 0.9922126432 0.9506533159
-0.957716221 -0.286754335 0.023486002 0.9922126432 0.9506533159
-0.965579726 -0.257410922 0.037355196 0.9922126432 0.9506533159
-0.96604722 -0.255531206 0.038165052 0.9922126432 0.9506533159
0.48331044 -0.875398855 0.009373513 0.992468357 0.9514422219
0.44515892 -0.895088884 -0.025483843 0.992468357 0.9514422219
0.464412323 -0.885582435 -0.008058822 0.992468357 0.9514422219
0.488843094 -0.872311134 0.010281765 0.992468357 0.9514422219
0.494352944 -0.869189204 0.0111935 0.992468357 0.9514422219
-0.996799927 0.077003237 -0.021457104 0.9922126432 0.9506533159
-0.998217792 0.057252669 -0.016833676 0.9922126432 0.9506533159
-0.998645474 0.050348782 -0.013123176 0.9922126432 0.9506533159
0.003066006 -0.97057392 -0.240783858 0.992468357 0.9514422219
0.000261146 -0.969804453 -0.243883692 0.992468357 0.9514422219
-0.001258419 -0.96798502 -0.251004817 0.992468357 0.9514422219
-0.001901065 -0.968503526 -0.248992584 0.992468357 0.9514422219
-0.002543752 -0.969017461 -0.24697913 0.992468357 0.9514422219
0.159912069 -0.978008852 -0.133891056 0.9921640837 0.9506557947
0.137883778 -0.978472798 -0.153554707 0.9921640837 0.9506557947
0.151812653 -0.978410287 -0.140236334 0.9921640837 0.9506557947
0.720671011 -0.691776976 0.045584091 0.992468357 0.9514422219
0.731903842 -0.679088809 0.056170776 0.992468357 0.9514422219
0.697349638 -0.716317282 0.024352286 0.992468357 0.9514422219
0.709151695 -0.704187935 0.034974641 0.992468357 0.9514422219
0.72429534 -0.688168395 0.042667569 0.992468357 0.9514422219
0.727892955 -0.684537464 0.039753078 0.992468357 0.9514422219
0.739042537 -0.671775213 0.050340746 0.992468357 0.9514422219
0.701866491 -0.711307918 0.037742217 0.992468357 0.9514422219
0.697817318 -0.7153548 0.036311164 0.992468357 0.9514422219
0.678247995 -0.734618134 0.017772289 0.992468357 0.9514422219
-0.300559091 -0.946418986 -0.118132702 0.992468357 0.9514422219
-0.297429203 -0.94737093 -0.118423773 0.992468357 0.9514422219
-0.289741179 -0.950154463 -0.115137072 0.992468357 0.9514422219
-0.316273824 -0.940501977 -0.124205073 0.9921671435 0.9506561059
-0.327477021 -0.936319342 -0.126747348 0.9921671435 0.9506561059
-0.319906053 -0.938352203 -0.130978092 0.9921671435 0.9506561059
-0.329284786 -0.935220458 -0.130131562 0.9921671435 0.9506561059
-0.338631297 -0.93199665 -0.129271374 0.9921671435 0.9506561059
-0.673316465 -0.734424926 -0.085234764 0.992468357 0.9514422219
-0.659486677 -0.746711179 -0.086601023 0.992468357 0.9514422219
-0.65534433 -0.749934779 -0.090120121 0.992468357 0.9514422219
-0.650401797 -0.754354617 -0.089031541 0.992468357 0.9514422219
-0.645429901 -0.758740518 -0.087937868 0.992468357 0.9514422219
-0.960228776 -0.277400239 0.031777426 0.9922126432 0.9506533159
-0.951688092 -0.306544975 0.017887225 0.9922126432 0.9506533159
-0.953878831 -0.299117589 0.025374084 0.9922126432 0.9506533159
-0.976478924 -0.210454613 0.046880347 0.9922126432 0.9506533159
-0.981993119 -0.186939833 0.027258272 0.9922126432 0.9506533159
-0.979354588 -0.198721231 0.037073758 0.9922126432 0.9506533159
-0.97628239 -0.211704953 0.045317847 0.9922126432 0.9506533159
-0.976082008 -0.212953831 0.04375592 0.9922126432 0.9506533159
-0.827217118 -0.561438006 0.022342896 0.9922126432 0.9506533159
-0.816113276 -0.577503842 0.021176215 0.992468357 0.9514422219
-0.821166889 -0.569944769 0.029118743 0.9922126432 0.9506533159
-0.813023367 -0.581712601 0.024565302 0.992468357 0.9514422219
-0.804696629 -0.593349135 0.020003497 0.992468357 0.9514422219
-0.875212121 -0.480802981 -0.053218764 0.9922126432 0.9506533159
-0.869530151 -0.491769867 -0.045603887 0.9922126432 0.9506533159
-0.873049269 -0.485294283 -0.047691012 0.9922126432 0.9506533159
-0.838822156 -0.544245276 -0.013208746 0.992468357 0.9514422219
-0.834962023 -0.550181935 -0.011758348 0.992468357 0.9514422219
-0.832900399 -0.553391278 -0.005917677 0.992468357 0.9514422219
-0.998706448 0.040150909 -0.031198337 0.992468357 0.9514422219
-0.99897845 0.01918251 -0.040915614 0.9922126432 0.9506533159
-0.998909151 0.029668675 -0.036059351 0.992468357 0.9514422219
-0.998365351 0.050946833 -0.025904575 0.992468357 0.9514422219
-0.997879795 0.061735414 -0.020607126 0.992468357 0.9514422219
-0.987042886 0.160445377 0.001903052 0.9922126432 0.9506533159
-0.988787853 0.149320074 0.001448206 0.9922126432 0.9506533159
-0.986156406 0.165796897 -0.002632672 0.9922126432 0.9506533159
-0.946233571 0.307995951 -0.098896533 0.9922126432 0.9506533159
-0.944397992 0.311982878 -0.103822519 0.9922126432 0.9506533159
-0.939473732 0.327893979 -0.099371254 0.9922126432 0.9506533159
-0.962574238 0.265153709 -0.05607447 0.9922126432 0.9506533159
-0.961360235 0.267490644 -0.065078822 0.9922126432 0.9506533159
-0.967848955 0.24583121 -0.053248624 0.9922126432 0.9506533159
-0.964084499 0.257850434 -0.063672858 0.9922126432 0.9506533159
-0.960061954 0.26980225 -0.074079626 0.9922126432 0.9506533159
-0.081068898 -0.961029057 -0.26429337 0.992468357 0.9514422219
-0.065837717 -0.960463673 -0.270508646 0.992468357 0.9514422219
-0.086689795 -0.961969412 -0.259036157 0.992468357 0.9514422219
0.18474733 -0.976527903 -0.110732462 0.992468357 0.9514422219
0.19364856 -0.975479208 -0.104597086 0.992468357 0.9514422219
0.20916512 -0.973106906 -0.096503379 0.992468357 0.9514422219
-0.597155926 -0.800535186 -0.050479866 0.992468357 0.9514422219
-0.597293277 -0.800399675 -0.051000997 0.992468357 0.9514422219
-0.600782382 -0.797498378 -0.055288932 0.992468357 0.9514422219
-0.567265782 -0.82234715 -0.044211951 0.992468357 0.9514422219
-0.557179869 -0.828765377 -0.051947511 0.992468357 0.9514422219
-0.564988328 -0.822991623 -0.058931983 0.992468357 0.9514422219
-0.554823774 -0.829292895 -0.066662389 0.992468357 0.9514422219
-0.556017755 -0.82905179 -0.059307546 0.992468357 0.9514422219
-0.546980975 -0.835015447 -0.059674254 0.992468357 0.9514422219
-0.536672142 -0.84109555 -0.067389076 0.992468357 0.9514422219
-0.997514775 -0.054656245 -0.04446312 0.9922126432 0.9506533159
-0.997762281 -0.052920033 -0.040864425 0.9922126432 0.9506533159
-0.998455878 -0.036900498 -0.041523644 0.9922126432 0.9506533159
-0.994522924 -0.080277088 -0.066930878 0.9922126432 0.9506533159
-0.996163984 -0.059994963 -0.063701819 0.9922126432 0.9506533159
-0.994506374 -0.080906602 -0.066416815 0.9922126432 0.9506533159
-0.996158539 -0.06062532 -0.063188095 0.9922126432 0.9506533159
-0.996161351 -0.060310168 -0.063444835 0.9922126432 0.9506533159
-0.997382201 -0.03968741 -0.060445462 0.9922126432 0.9506533159
-0.998177045 -0.019363012 -0.05716345 0.9922126432 0.9506533159
-0.926676654 -0.375821695 0.005332229 0.992468357 0.9514422219
-0.928316825 -0.371620801 0.011218417 0.992468357 0.9514422219
-0.927502845 -0.373724461 0.00827647 0.992468357 0.9514422219
-0.936245353 -0.350620013 0.022588595 0.992468357 0.9514422219
-0.944854816 -0.325059356 0.039822003 0.992468357 0.9514422219
-0.878018985 -0.47818406 -0.020558849 0.9922126432 0.9506533159
-0.87672799 -0.480423854 -0.023258352 0.9922126432 0.9506533159
-0.87177535 -0.489642362 -0.016065381 0.9922126432 0.9506533159
0.575234549 -0.817712771 -0.02123766 0.992468357 0.9514422219
0.5801692 -0.81404296 -0.027161728 0.992468357 0.9514422219
0.565239952 -0.824873153 -0.009385009 0.992468357 0.9514422219
0.570257961 -0.821322959 -0.015311946 0.992468357 0.9514422219
0.572687983 -0.819627414 -0.015471803 0.992468357 0.9514422219
0.570116402 -0.821506599 -0.009705478 0.992468357 0.9514422219
0.5751128 -0.817924762 -0.015631728 0.992468357 0.9514422219
-0.360414064 -0.918524982 -0.162522491 0.992468357 0.9514422219
-0.352727011 -0.921320225 -0.163562523 0.992468357 0.9514422219
-0.350113405 -0.923991254 -0.153820563 0.992468357 0.9514422219
-0.34757063 -0.924038607 -0.159208385 0.992468357 0.9514422219
-0.345015559 -0.924053023 -0.164591235 0.992468357 0.9514422219
-0.406550369 -0.902498271 -0.142174778 0.992468357 0.9514422219
-0.422524592 -0.896634652 -0.13236038 0.992468357 0.9514422219
-0.435841172 -0.891439631 -0.124007489 0.992468357 0.9514422219
-0.379312616 -0.911561438 -0.158674776 0.992468357 0.9514422219
-0.395547726 -0.906286028 -0.148955132 0.992468357 0.9514422219
-0.409092231 -0.901583892 -0.140677051 0.992468357 0.9514422219
-0.4383358 -0.890425017 -0.122494965 0.992468357 0.9514422219
-0.453977849 -0.883871794 -0.112582255 0.992468357 0.9514422219
-0.467005006 -0.878099432 -0.104152348 0.992468357 0.9514422219
-0.950587369 -0.310452892 0.00162985 0.992468357 0.9514422219
-0.954788948 -0.297241789 -0.005038187 0.992468357 0.9514422219
-0.95271672 -0.303855129 -0.00170648 0.992468357 0.9514422219
-0.944904795 -0.327241509 -0.008241563 0.992468357 0.9514422219
-0.938833626 -0.343894649 -0.018107816 0.992468357 0.9514422219
-0.955503305 -0.294383997 0.018748238 0.9922126432 0.9506533159
-0.958652547 -0.283621736 0.023323911 0.9922126432 0.9506533159
-0.952213764 -0.305103485 0.014170755 0.9922126432 0.9506533159
-0.960244695 -0.277826804 0.027246885 0.9922126432 0.9506533159
-0.96733512 -0.250277849 0.040295956 0.9922126432 0.9506533159
0.281348219 -0.9533675 -0.10924097 0.992468357 0.9514422219
0.278896322 -0.954577926 -0.104870516 0.992468357 0.9514422219
0.2755795 -0.955620826 -0.104138254 0.992468357 0.9514422219
0.306063827 -0.944061945 -0.122767986 0.992468357 0.9514422219
0.316742246 -0.940608404 -0.122189115 0.992468357 0.9514422219
0.311840872 -0.941556282 -0.127385391 0.992468357 0.9514422219
-0.155593303 -0.938534614 -0.308129034 0.992468357 0.9514422219
-0.136378266 -0.943894669 -0.300772043 0.992468357 0.9514422219
-0.145993443 -0.941267706 -0.304468423 0.992468357 0.9514422219
-0.168244702 -0.933001864 -0.318121428 0.992468357 0.9514422219
-0.180847682 -0.927198325 -0.328020399 0.992468357 0.9514422219
-0.448667841 -0.887125199 -0.108194505 0.992468357 0.9514422219
-0.437536873 -0.891375211 -0.118371105 0.992468357 0.9514422219
-0.494027337 -0.866331955 -0.073525059 0.992468357 0.9514422219
-0.460651697 -0.881800706 -0.101131245 0.992468357 0.9514422219
-0.426300772 -0.895404749 -0.128522322 0.992468357 0.9514422219
0.158510971 -0.979262158 -0.12617408 0.992468357 0.9514422219
0.127300221 -0.979839166 -0.153980073 0.992468357 0.9514422219
0.132649834 -0.98014165 -0.147398666 0.992468357 0.9514422219
0.047732274 -0.973579724 -0.223302824 0.992468357 0.9514422219
0.027264778 -0.970129072 -0.241052308 0.992468357 0.9514422219
0.02534003 -0.970360053 -0.240331545 0.992468357 0.9514422219
-0.988182182 -0.151303625 -0.024559888 0.9922126432 0.9506533159
-0.989479511 -0.141326184 -0.030938747 0.9922126432 0.9506533159
-0.989388842 -0.141658235 -0.032290311 0.9922126432 0.9506533159
0.480315609 -0.877094505 0.001464368 0.992468357 0.9514422219
0.455681606 -0.889982842 -0.016876453 0.992468357 0.9514422219
0.466107769 -0.884689348 -0.008264698 0.992468357 0.9514422219
0.528938009 -0.84839018 0.021416918 0.992468357 0.9514422219
0.53255217 -0.846162338 0.019936986 0.992468357 0.9514422219
0.536027323 -0.844071131 0.014786338 0.992468357 0.9514422219
-0.825169742 -0.562891016 0.047419412 0.992468357 0.9514422219
-0.826476388 -0.561058675 0.046367475 0.992468357 0.9514422219
-0.835762073 -0.547859568 0.036764809 0.992468357 0.9514422219
-0.811801435 -0.58097864 0.058670688 0.992468357 0.9514422219
-0.796070533 -0.603583989 0.044250135 0.992468357 0.9514422219
-0.809695621 -0.583995933 0.05780789 0.992468357 0.9514422219
-0.794973011 -0.605060321 0.04381689 0.992468357 0.9514422219
-0.779570021 -0.625606332 0.029787569 0.992468357 0.9514422219
-0.093604794 -0.963724958 -0.249944689 0.9921671435 0.9506561059
-0.075828565 -0.961593502 -0.263795312 0.9921671435 0.9506561059
-0.080423189 -0.961187294 -0.26391494 0.9921671435 0.9506561059
-0.156549812 -0.969992356 -0.18602953 0.9921671435 0.9506561059
-0.163269331 -0.970596064 -0.176879639 0.9921671435 0.9506561059
-0.18165253 -0.970416385 -0.159042125 0.9921671435 0.9506561059
-0.877540705 0.111741075 0.466300593 0.9922126432 0.9506533159
0.116277357 -0.757950154 0.64186536 0.9922126432 0.9506533159
-0.510312877 -0.433185872 0.742920432 0.9922126432 0.9506533159
-0.883326244 0.098809672 0.458226358 0.9922126432 0.9506533159
-0.883206006 0.094700573 0.459324452 0.9922126432 0.9506533159
-0.807942199 0.587026998 -0.051270915 0.992468357 0.9514422219
-0.90977597 0.029723156 0.414034079 0.992468357 0.9514422219
-0.821535263 0.568635367 -0.041636901 0.992468357 0.9514422219
-0.927126387 -0.011834447 0.37456189 0.992468357 0.9514422219
-0.536167629 -0.565122903 0.627025022 0.992468357 0.9514422219
-0.953962492 0.286618136 -0.088349347 0.9922126432 0.9506533159
-0.955164459 0.283173812 -0.086449111 0.9922126432 0.9506533159
-0.947862449 0.306405547 -0.08759234 0.9922126432 0.9506533159
-0.957268799 0.273981175 -0.092578405 0.9922126432 0.9506533159
-0.954001721 0.283564213 -0.09732447 0.9922126432 0.9506533159
-0.959207297 0.268185011 -0.089432438 0.9922126432 0.9506533159
-0.327759284 -0.933857673 -0.143121267 0.992468357 0.9514422219
-0.331170173 -0.931751395 -0.148881342 0.992468357 0.9514422219
-0.325255899 -0.934766384 -0.142899991 0.992468357 0.9514422219
-0.323082128 -0.936603413 -0.135617054 0.992468357 0.9514422219
-0.316882643 -0.939272578 -0.131728562 0.992468357 0.9514422219
-0.325512114 -0.935480949 -0.137540023 0.992468357 0.9514422219
0.226256902 -0.894695928 -0.385132458 0.992468357 0.9514422219
0.218381117 -0.89097902 -0.398077975 0.992468357 0.9514422219
0.22232579 -0.892864636 -0.391617141 0.992468357 0.9514422219
0.222082854 -0.89298356 -0.391483802 0.992468357 0.9514422219
0.217895358 -0.891216979 -0.397811399 0.992468357 0.9514422219
-0.271523397 -0.840435165 -0.468981639 0.992468357 0.9514422219
-0.26818135 -0.840429635 -0.4709106 0.992468357 0.9514422219
-0.274861407 -0.840428217 -0.467045628 0.992468357 0.9514422219
-0.270708348 -0.841658937 -0.467254988 0.992468357 0.9514422219
-0.266550226 -0.842873793 -0.467455609 0.992468357 0.9514422219
-0.188901681 -0.805817734 0.561225387 0.9922126432 0.9506533159
-0.218361604 -0.862004797 0.457455944 0.9922126432 0.9506533159
-0.554555998 -0.674037307 0.487997289 0.9922126432 0.9506533159
0.512293056 -0.809920431 0.285630392 0.9922126432 0.9506533159
0.149240758 -0.936554183 0.317164719 0.9922126432 0.9506533159
-0.248041808 -0.92048941 0.301951169 0.9922126432 0.9506533159
-0.593199288 -0.754286472 0.281365463 0.9922126432 0.9506533159
-0.214104134 -0.882446429 -0.418864798 0.992468357 0.9514422219
-0.215902904 -0.878886131 -0.425376428 0.992468357 0.9514422219
-0.224749343 -0.876211778 -0.426310513 0.992468357 0.9514422219
0.067530065 -0.977390191 -0.20036992 0.9921640837 0.9506557947
0.052216586 -0.974828676 -0.216754424 0.9921640837 0.9506557947
0.055548534 -0.974842241 -0.215863302 0.9921640837 0.9506557947
0.123365947 -0.981080893 -0.149201626 0.9921640837 0.9506557947
0.143789472 -0.980025182 -0.137387156 0.9921640837 0.9506557947
0.131467724 -0.981120189 -0.141842914 0.9921640837 0.9506557947
0.074483802 -0.959236945 -0.272610798 0.9921671435 0.9506561059
0.089253614 -0.953820733 -0.286809697 0.9921671435 0.9506561059
0.069084047 -0.960706813 -0.268830457 0.9921671435 0.9506561059
0.051922649 -0.96513669 -0.256544748 0.9921671435 0.9506561059
0.056868047 -0.962524751 -0.265164342 0.9921671435 0.9506561059
0.025568359 -0.969115051 -0.245279996 0.9921671435 0.9506561059
0.030520091 -0.966732053 -0.253963897 0.9921671435 0.9506561059
0.04369784 -0.964729306 -0.259591729 0.9921671435 0.9506561059
0.061804773 -0.959810463 -0.273759099 0.9921671435 0.9506561059
0.066736037 -0.956995409 -0.282322668 0.9921671435 0.9506561059
0.695535265 -0.7181901 0.020824856 0.992468357 0.9514422219
0.677053481 -0.735924494 0.00370455 0.992468357 0.9514422219
0.696552272 -0.717130129 0.023223066 0.992468357 0.9514422219
0.302864478 -0.847896104 -0.43513826 0.992468357 0.9514422219
0.304743815 -0.847454402 -0.434686375 0.992468357 0.9514422219
0.285149356 -0.868010012 -0.406507642 0.992468357 0.9514422219
0.287038488 -0.867593459 -0.406067108 0.992468357 0.9514422219
0.29594805 -0.857688883 -0.420457526 0.992468357 0.9514422219
0.306623129 -0.847009398 -0.434231893 0.992468357 0.9514422219
0.308500048 -0.846561101 -0.433776467 0.992468357 0.9514422219
0.295391743 -0.857179753 -0.421884569 0.992468357 0.9514422219
0.287825194 -0.866191092 -0.408496817 0.992468357 0.9514422219
0.286487608 -0.867102125 -0.407503074 0.992468357 0.9514422219
0.00672875 -0.96953073 -0.244877289 0.9921640837 0.9506557947
-0.003670458 -0.970057745 -0.242846659 0.9921640837 0.9506557947
0.017128192 -0.968894333 -0.246881343 0.9921640837 0.9506557947
0.023582579 -0.970299215 -0.240755676 0.9921640837 0.9506557947
0.030034723 -0.971624976 -0.234612067 0.9921640837 0.9506557947
0.269584497 -0.957661978 -0.101033335 0.992468357 0.9514422219
0.269186486 -0.957796282 -0.100821218 0.992468357 0.9514422219
0.269982455 -0.957527461 -0.101245421 0.992468357 0.9514422219
0.263923325 -0.959717932 -0.096363741 0.992468357 0.9514422219
0.257846949 -0.961845692 -0.091475764 0.992468357 0.9514422219
0.301212749 -0.945714454 -0.122045283 0.992468357 0.9514422219
0.304754325 -0.944349818 -0.123807197 0.992468357 0.9514422219
0.316592568 -0.939840124 -0.12833428 0.992468357 0.9514422219
0.312444941 -0.941414549 -0.126951984 0.992468357 0.9514422219
0.308290558 -0.942968647 -0.125566965 0.992468357 0.9514422219
0.048996256 -0.931429303 -0.360608959 0.992468357 0.9514422219
0.049347071 -0.933733733 -0.354550677 0.992468357 0.9514422219
0.04864279 -0.929082232 -0.366660722 0.992468357 0.9514422219
0.075338826 -0.926923293 -0.367610214 0.992468357 0.9514422219
0.101978508 -0.92409886 -0.368295644 0.992468357 0.9514422219
-0.977695342 0.206836485 -0.036475824 0.9922126432 0.9506533159
-0.975729456 0.215462826 -0.039087069 0.9922126432 0.9506533159
-0.978685995 0.203313176 -0.028939169 0.9922126432 0.9506533159
0.295772104 -0.859998093 -0.415839082 0.992468357 0.9514422219
0.284946749 -0.870241313 -0.401852469 0.992468357 0.9514422219
0.282847499 -0.8728638 -0.397625551 0.992468357 0.9514422219
0.335290132 -0.819686544 -0.464429215 0.992468357 0.9514422219
0.345958945 -0.809878213 -0.473718997 0.992468357 0.9514422219
0.340666583 -0.813163333 -0.471923376 0.992468357 0.9514422219
-0.23416986 -0.893777084 -0.382527124 0.992468357 0.9514422219
-0.227818261 -0.893425687 -0.387155502 0.992468357 0.9514422219
-0.240506958 -0.894073175 -0.377875059 0.992468357 0.9514422219
-0.237542439 -0.894083334 -0.379721716 0.992468357 0.9514422219
-0.234575043 -0.89408257 -0.381563767 0.992468357 0.9514422219
-0.234086152 -0.891179891 -0.388589855 0.992468357 0.9514422219
-0.229984277 -0.891777291 -0.38966716 0.992468357 0.9514422219
-0.220297378 -0.892673059 -0.393196992 0.992468357 0.9514422219
-0.22308882 -0.892519856 -0.391968985 0.992468357 0.9514422219
-0.225878179 -0.89235834 -0.390737305 0.992468357 0.9514422219
0.269628908 -0.958163732 -0.09603392 0.992468357 0.9514422219
0.269159387 -0.958996598 -0.088762319 0.992468357 0.9514422219
0.269395977 -0.95858661 -0.092398696 0.992468357 0.9514422219
0.273018987 -0.957064403 -0.097408217 0.992468357 0.9514422219
0.276404994 -0.955951135 -0.098781101 0.992468357 0.9514422219
-0.977666521 0.20487403 -0.046848752 0.9922126432 0.9506533159
-0.978948649 0.199600537 -0.042651716 0.9922126432 0.9506533159
-0.980551877 0.192200684 -0.03971036 0.9922126432 0.9506533159
-0.97019913 0.233429779 -0.06499374 0.9922126432 0.9506533159
-0.970482589 0.232244206 -0.06500903 0.9922126432 0.9506533159
-0.966796035 0.245256866 -0.071794818 0.9922126432 0.9506533159
-0.994138264 0.105968357 -0.021443401 0.9922126432 0.9506533159
-0.995897434 0.088441245 -0.019142807 0.9922126432 0.9506533159
-0.992065354 0.123462155 -0.023736689 0.9922126432 0.9506533159
-0.993525653 0.111668534 -0.020902533 0.9922126432 0.9506533159
-0.99483766 0.099858141 -0.018066056 0.9922126432 0.9506533159
0.475936665 -0.879380046 -0.013229739 0.992468357 0.9514422219
0.499493901 -0.866308227 0.003987303 0.992468357 0.9514422219
0.487777481 -0.872955767 -0.004621497 0.992468357 0.9514422219
0.464580281 -0.885313942 -0.019605762 0.992468357 0.9514422219
0.453129101 -0.891066293 -0.025978424 0.992468357 0.9514422219
0.389286869 -0.918488579 -0.069530301 0.992468357 0.9514422219
0.335091255 -0.936074278 -0.107139145 0.992468357 0.9514422219
0.362400319 -0.927822108 -0.088386335 0.992468357 0.9514422219
0.375323784 -0.923509404 -0.079135571 0.992468357 0.9514422219
0.361243663 -0.928241562 -0.088716507 0.992468357 0.9514422219
-0.943036434 0.315181193 -0.106503985 0.9922126432 0.9506533159
-0.934628094 0.339801871 -0.104904788 0.9922126432 0.9506533159
-0.938911998 0.327519454 -0.105713136 0.9922126432 0.9506533159
-0.945161306 0.309642342 -0.103883231 0.9922126432 0.9506533159
-0.947246306 0.304090493 -0.101259114 0.9922126432 0.9506533159
-0.962119423 0.259403065 -0.083882452 0.9922126432 0.9506533159
-0.9673884 0.242372652 -0.073587909 0.9922126432 0.9506533159
-0.965163252 0.249560249 -0.078610302 0.9922126432 0.9506533159
0.053692344 -0.960840024 -0.271852129 0.992468357 0.9514422219
0.035852746 -0.965921094 -0.256341609 0.992468357 0.9514422219
0.041047682 -0.964815874 -0.259702554 0.992468357 0.9514422219
0.358230992 -0.827718348 -0.431917691 0.992468357 0.9514422219
0.360661712 -0.813507324 -0.456211533 0.992468357 0.9514422219
0.361647191 -0.815595604 -0.451680328 0.992468357 0.9514422219
-0.242401917 -0.922562905 -0.300198263 0.992468357 0.9514422219
-0.245340101 -0.916882567 -0.314856463 0.992468357 0.9514422219
-0.236656531 -0.923880893 -0.300728751 0.992468357 0.9514422219
-0.242468695 -0.917553476 -0.315126245 0.992468357 0.9514422219
-0.248214119 -0.910967881 -0.329434775 0.992468357 0.9514422219
-0.254662817 -0.913461282 -0.317388304 0.992468357 0.9514422219
-0.258472799 -0.908392888 -0.328655098 0.992468357 0.9514422219
-0.260155049 -0.909773164 -0.323468918 0.992468357 0.9514422219
-0.314300053 -0.940955226 -0.12577257 0.992468357 0.9514422219
-0.318513516 -0.939726622 -0.124350378 0.992468357 0.9514422219
-0.316407651 -0.940343412 -0.125061851 0.992468357 0.9514422219
-0.306186543 -0.94292676 -0.130915723 0.992468357 0.9514422219
-0.298043581 -0.94480762 -0.136046262 0.992468357 0.9514422219
0.072048599 -0.956666671 -0.282130963 0.992468357 0.9514422219
0.057467266 -0.961783942 -0.267710969 0.992468357 0.9514422219
0.076186927 -0.955797644 -0.283983126 0.992468357 0.9514422219
-0.298249535 -0.946251391 -0.125122021 0.992468357 0.9514422219
-0.299117694 -0.945947225 -0.12534932 0.992468357 0.9514422219
-0.304741432 -0.943650643 -0.129058608 0.992468357 0.9514422219
0.032310511 -0.966893879 -0.253124984 0.9921671435 0.9506561059
0.034102139 -0.967052204 -0.252283726 0.9921671435 0.9506561059
0.050432165 -0.962272618 -0.267372409 0.9921671435 0.9506561059
0.002548406 -0.96903517 -0.24690959 0.992468357 0.9514422219
0.004890376 -0.96974994 -0.244051508 0.992468357 0.9514422219
-0.000671182 -0.968772015 -0.247952278 0.992468357 0.9514422219
0.018958749 -0.968944034 -0.246552274 0.992468357 0.9514422219
0.003876497 -0.969398857 -0.245460444 0.992468357 0.9514422219
0.011417848 -0.96919913 -0.246013574 0.992468357 0.9514422219
0.011868592 -0.970016461 -0.242749259 0.992468357 0.9514422219
0.004777622 -0.971024886 -0.238930627 0.992468357 0.9514422219
-0.363263936 -0.919555755 -0.149855019 0.992468357 0.9514422219
-0.357359838 -0.921475119 -0.152241754 0.992468357 0.9514422219
-0.375023724 -0.915595031 -0.145061869 0.992468357 0.9514422219
-0.369152066 -0.917595633 -0.147461882 0.992468357 0.9514422219
-0.380007788 -0.914107648 -0.141425917 0.992468357 0.9514422219
-0.396606862 -0.908311149 -0.132943045 0.992468357 0.9514422219
-0.390800298 -0.910467478 -0.135366537 0.992468357 0.9514422219
-0.368077995 -0.916668325 -0.155684846 0.992468357 0.9514422219
-0.362724998 -0.919089374 -0.153965253 0.992468357 0.9514422219
-0.379485202 -0.913678426 -0.145542828 0.992468357 0.9514422219
-0.991222004 -0.129027815 0.028822939 0.9922126432 0.9506533159
-0.993467831 -0.112038041 0.021659763 0.9922126432 0.9506533159
-0.988634195 -0.145973105 0.035976125 0.9922126432 0.9506533159
-0.98824871 -0.148181809 0.037505191 0.9922126432 0.9506533159
-0.987855938 -0.150389569 0.03903363 0.9922126432 0.9506533159
-0.218848375 -0.917251044 -0.332800107 0.992468357 0.9514422219
-0.223411705 -0.913835552 -0.339104401 0.992468357 0.9514422219
-0.212974811 -0.917585985 -0.335674977 0.992468357 0.9514422219
-0.850984596 0.523391947 -0.043429105 0.992468357 0.9514422219
-0.847715911 0.528646754 -0.043707492 0.992468357 0.9514422219
-0.85118287 0.523055263 -0.043599455 0.992468357 0.9514422219
-0.258506977 -0.959823091 -0.109150249 0.9921671435 0.9506561059
-0.260785682 -0.958998824 -0.110959829 0.9921671435 0.9506561059
-0.275544635 -0.954583205 -0.113340461 0.9921671435 0.9506561059
-0.480405653 -0.875386421 -0.053935361 0.992468357 0.9514422219
-0.422072128 -0.899816353 -0.110388631 0.992468357 0.9514422219
-0.451645699 -0.88839922 -0.082237392 0.992468357 0.9514422219
-0.465774904 -0.882466067 -0.065630634 0.992468357 0.9514422219
-0.450961837 -0.889189126 -0.077305369 0.992468357 0.9514422219
-0.937781678 0.339153571 -0.074433724 0.992468357 0.9514422219
-0.928618995 0.364035417 -0.071728492 0.992468357 0.9514422219
-0.938674603 0.336085546 -0.077048659 0.992468357 0.9514422219
-0.961363341 0.269527839 -0.055993484 0.992468357 0.9514422219
-0.96975869 0.238547149 -0.051607568 0.992468357 0.9514422219
-0.969896522 0.238570001 -0.048837402 0.992468357 0.9514422219
-0.994387552 -0.104584496 -0.01598373 0.9922126432 0.9506533159
-0.995413258 -0.092749211 -0.023452724 0.9922126432 0.9506533159
-0.994162847 -0.106418593 -0.017757145 0.9922126432 0.9506533159
-0.993718945 -0.11186195 -0.003092182 0.9922126432 0.9506533159
-0.9926828 -0.120684294 0.004019938 0.9922126432 0.9506533159
-0.994934016 -0.100316428 -0.006551159 0.9922126432 0.9506533159
0.514768154 -0.857034284 0.02249408 0.992468357 0.9514422219
0.518674325 -0.854733348 0.020195266 0.992468357 0.9514422219
0.502527116 -0.864207013 0.024753519 0.992468357 0.9514422219
0.512584715 -0.858371777 0.021326111 0.992468357 0.9514422219
0.522567032 -0.852410372 0.017895671 0.992468357 0.9514422219
-0.998174724 0.056748145 -0.020660815 0.9922126432 0.9506533159
-0.998859715 0.039464629 -0.026866576 0.9922126432 0.9506533159
-0.999099403 0.031047181 -0.028921547 0.9922126432 0.9506533159
-0.988775817 0.148442587 -0.016946422 0.9922126432 0.9506533159
-0.987781106 0.154025248 -0.023763603 0.9922126432 0.9506533159
-0.98969283 0.142848084 -0.010125597 0.9922126432 0.9506533159
-0.991407578 0.130338734 -0.011082802 0.9922126432 0.9506533159
-0.992963229 0.117809726 -0.012037194 0.9922126432 0.9506533159
-0.01974213 -0.977402192 -0.210464257 0.992468357 0.9514422219
-0.018411453 -0.976843267 -0.213162499 0.992468357 0.9514422219
-0.024590298 -0.975040282 -0.220662108 0.992468357 0.9514422219
-0.007378966 -0.980696198 -0.195398359 0.992468357 0.9514422219
-0.012230237 -0.978550792 -0.20564233 0.992468357 0.9514422219
-0.017080032 -0.976275147 -0.215859006 0.992468357 0.9514422219
-0.021927974 -0.973869646 -0.226046625 0.992468357 0.9514422219
-0.218901227 -0.915997768 -0.336199855 0.992468357 0.9514422219
-0.215314698 -0.914140985 -0.34349067 0.992468357 0.9514422219
-0.224116419 -0.908418721 -0.352912536 0.992468357 0.9514422219
-0.960301535 -0.271996215 0.061959835 0.992468357 0.9514422219
-0.974676449 -0.215226473 0.0606909 0.992468357 0.9514422219
-0.967904358 -0.243715618 0.06135023 0.992468357 0.9514422219
-0.964005062 -0.257803862 0.065049277 0.992468357 0.9514422219
-0.967492347 -0.243553805 0.068118297 0.992468357 0.9514422219
-0.937175171 0.343287293 -0.062100988 0.992468357 0.9514422219
-0.938763839 0.340680576 -0.051567421 0.992468357 0.9514422219
-0.933657274 0.348382355 -0.083149436 0.992468357 0.9514422219
-0.935472551 0.345854771 -0.072633213 0.992468357 0.9514422219
-0.930135817 0.361156512 -0.066432941 0.992468357 0.9514422219
-0.92273736 0.378882009 -0.070740285 0.992468357 0.9514422219
-0.924520492 0.376345793 -0.060213811 0.992468357 0.9514422219
-0.174109166 -0.963204383 -0.204751836 0.992468357 0.9514422219
-0.158439478 -0.964346092 -0.211975343 0.992468357 0.9514422219
-0.189726875 -0.961774603 -0.19746728 0.992468357 0.9514422219
-0.202393652 -0.960485697 -0.191060291 0.992468357 0.9514422219
-0.215019405 -0.959001599 -0.184614702 0.992468357 0.9514422219
0.033016493 -0.985610074 -0.16577905 0.992468357 0.9514422219
0.042008396 -0.986623635 -0.157509039 0.992468357 0.9514422219
0.024019244 -0.984448438 -0.174023991 0.992468357 0.9514422219
0.026497371 -0.98539808 -0.168191895 0.992468357 0.9514422219
0.028974951 -0.986307155 -0.16235347 0.992468357 0.9514422219
0.206703104 -0.973358984 -0.099227587 0.992468357 0.9514422219
0.185449429 -0.976213696 -0.112317981 0.992468357 0.9514422219
0.19203589 -0.975215952 -0.109891149 0.992468357 0.9514422219
0.193569327 -0.975547764 -0.104103198 0.992468357 0.9514422219
0.178852926 -0.977162623 -0.114738134 0.992468357 0.9514422219
0.164077973 -0.978452449 -0.125336444 0.992468357 0.9514422219
0.149248341 -0.979417236 -0.135892641 0.992468357 0.9514422219
0.167660142 -0.934607232 -0.313686786 0.992468357 0.9514422219
0.179700528 -0.928701161 -0.324379214 0.992468357 0.9514422219
0.172283155 -0.928003238 -0.330346037 0.992468357 0.9514422219
-0.664110278 -0.742965578 -0.083424751 0.992468357 0.9514422219
-0.673878495 -0.734832122 -0.076873447 0.992468357 0.9514422219
-0.69866747 -0.712484115 -0.065039622 0.992468357 0.9514422219
-0.691127623 -0.719557113 -0.067676956 0.992468357 0.9514422219
-0.683508812 -0.726548562 -0.070305706 0.992468357 0.9514422219
-0.834580176 0.549754542 -0.03529693 0.992468357 0.9514422219
-0.837941433 0.544518448 -0.036794208 0.992468357 0.9514422219
-0.831184479 0.554968469 -0.033798814 0.992468357 0.9514422219
-0.836564696 0.546328521 -0.041044566 0.992468357 0.9514422219
-0.841814391 0.537603228 -0.048283539 0.992468357 0.9514422219
-0.90697219 -0.419511812 -0.037567101 0.992468357 0.9514422219
-0.90411167 -0.425913909 -0.034342819 0.992468357 0.9514422219
-0.909779076 -0.413083602 -0.040791802 0.992468357 0.9514422219
-0.915885664 -0.399967833 -0.034339228 0.992468357 0.9514422219
-0.92176215 -0.386752224 -0.027879325 0.992468357 0.9514422219
-0.607901548 -0.79278804 -0.044077563 0.992468357 0.9514422219
-0.618100786 -0.784523345 -0.049744745 0.992468357 0.9514422219
-0.615601108 -0.786537695 -0.048925769 0.992468357 0.9514422219
-0.022711676 -0.97309551 -0.229279978 0.992468357 0.9514422219
-0.023651234 -0.974077829 -0.224973336 0.992468357 0.9514422219
-0.022319843 -0.973483999 -0.227663631 0.992468357 0.9514422219
-0.668817191 -0.74318527 0.01895308 0.992468357 0.9514422219
-0.660220012 -0.750981442 0.011679465 0.992468357 0.9514422219
-0.688046721 -0.72542095 0.018872076 0.992468357 0.9514422219
-0.332266663 -0.838155348 -0.432544191 0.992468357 0.9514422219
-0.332158038 -0.841130788 -0.426813818 0.992468357 0.9514422219
-0.331449124 -0.835380427 -0.438498597 0.992468357 0.9514422219
-0.329912885 -0.810567674 -0.483877602 0.992468357 0.9514422219
-0.324553196 -0.813958404 -0.481805915 0.992468357 0.9514422219
-0.328127803 -0.812128795 -0.482471726 0.992468357 0.9514422219
-0.32365808 -0.814732524 -0.481099119 0.992468357 0.9514422219
-0.319179071 -0.817312908 -0.479712759 0.992468357 0.9514422219
0.624566619 -0.780659145 -0.022087048 0.992468357 0.9514422219
0.643140073 -0.765718798 -0.006750548 0.992468357 0.9514422219
0.62245306 -0.782302139 -0.023570132 0.992468357 0.9514422219
-0.610608563 -0.791703638 -0.019040304 0.992468357 0.9514422219
-0.616999775 -0.786461622 -0.02809616 0.992468357 0.9514422219
-0.613815717 -0.789097414 -0.023569844 0.992468357 0.9514422219
-0.597987242 -0.801267102 -0.019552227 0.992468357 0.9514422219
-0.585216365 -0.81062905 -0.020058632 0.992468357 0.9514422219
-0.991619431 -0.127755433 0.01922116 0.992468357 0.9514422219
-0.997272853 -0.07281607 0.012028129 0.992468357 0.9514422219
-0.999625582 -0.026837413 0.005333729 0.992468357 0.9514422219
-0.999739732 -0.022244496 0.005064705 0.992468357 0.9514422219
-0.999832701 -0.017650839 0.004797617 0.992468357 0.9514422219
-0.90640451 -0.422405864 -0.002037283 0.992468357 0.9514422219
-0.89667668 -0.442545801 -0.011142044 0.992468357 0.9514422219
-0.915604302 -0.402018419 0.007067717 0.992468357 0.9514422219
-0.91372582 -0.406330797 0.00063924 0.992468357 0.9514422219
-0.911788631 -0.41061908 -0.005784762 0.992468357 0.9514422219
-0.904272082 -0.426786033 0.012069982 0.992468357 0.9514422219
-0.913327955 -0.406750537 0.01964808 0.992468357 0.9514422219
-0.903152616 -0.429229819 0.008781535 0.992468357 0.9514422219
-0.843656377 0.536826003 -0.007858733 0.9922126432 0.9506533159
-0.851788011 0.523780132 -0.010562042 0.9922126432 0.9506533159
-0.843077359 0.537682054 -0.010889285 0.9922126432 0.9506533159
0.04920909 -0.969503245 -0.240087325 0.9921640837 0.9506557947
0.048526364 -0.969535606 -0.240095607 0.9921640837 0.9506557947
0.070028397 -0.972634842 -0.221534396 0.9921640837 0.9506557947
-0.175178845 -0.927625639 -0.329883381 0.9921640837 0.9506557947
-0.170355719 -0.933050694 -0.316852223 0.9921640837 0.9506557947
-0.180738413 -0.927476623 -0.327293048 0.9921640837 0.9506557947
0.554145286 -0.832419949 0.00017448 0.992468357 0.9514422219
0.557860355 -0.829929365 -0.003012148 0.992468357 0.9514422219
0.566450695 -0.824069845 -0.006519256 0.992468357 0.9514422219
0.564007152 -0.825745418 -0.006358985 0.992468357 0.9514422219
0.561558597 -0.827413752 -0.006198737 0.992468357 0.9514422219
-0.565928405 -0.824355969 -0.012738768 0.992468357 0.9514422219
-0.560480418 -0.828128855 -0.008018745 0.992468357 0.9514422219
-0.571338931 -0.820528516 -0.017457951 0.992468357 0.9514422219
-0.572070984 -0.820008916 -0.017893211 0.992468357 0.9514422219
-0.572802456 -0.819488507 -0.018328471 0.992468357 0.9514422219
-0.840546509 -0.539967837 0.043775582 0.992468357 0.9514422219
-0.842844019 -0.536459679 0.042719692 0.992468357 0.9514422219
-0.852897923 -0.520815756 0.036277825 0.992468357 0.9514422219
-0.260975464 -0.885360966 -0.384743768 0.992468357 0.9514422219
-0.258143925 -0.889464671 -0.377113131 0.992468357 0.9514422219
-0.263786411 -0.881183361 -0.392342469 0.992468357 0.9514422219
-0.265408806 -0.885452847 -0.381485808 0.992468357 0.9514422219
-0.266993575 -0.889599592 -0.370576574 0.992468357 0.9514422219
-0.115149416 -0.955748206 -0.270713833 0.9921640837 0.9506557947
-0.110808536 -0.956707445 -0.269132556 0.9921640837 0.9506557947
-0.123257703 -0.954351281 -0.272068321 0.9921640837 0.9506557947
0.590198876 -0.806641321 -0.03154468 0.992468357 0.9514422219
0.597274092 -0.801220983 -0.0361745 0.992468357 0.9514422219
0.583063978 -0.811980385 -0.026911935 0.992468357 0.9514422219
0.590777322 -0.806141525 -0.033436465 0.992468357 0.9514422219
0.598410331 -0.800192838 -0.039956205 0.992468357 0.9514422219
0.188547328 -0.899994013 -0.393014862 0.992468357 0.9514422219
0.178391443 -0.901869789 -0.393455686 0.992468357 0.9514422219
0.198683067 -0.898022064 -0.392532052 0.992468357 0.9514422219
0.197033422 -0.898221552 -0.392906955 0.992468357 0.9514422219
0.195383207 -0.89841846 -0.393280654 0.9921671435 0.9506561059
-0.039334963 -0.973386699 -0.225767791 0.992468357 0.9514422219
-0.033277603 -0.974079039 -0.223746793 0.992468357 0.9514422219
-0.036306418 -0.973737916 -0.224758349 0.992468357 0.9514422219
-0.032921183 -0.972892299 -0.228903407 0.992468357 0.9514422219
-0.026505753 -0.972348097 -0.232027202 0.992468357 0.9514422219
-0.032144573 -0.974365523 -0.222662421 0.992468357 0.9514422219
-0.028759128 -0.97351521 -0.226806192 0.992468357 0.9514422219
-0.023106728 -0.973205356 -0.228773717 0.992468357 0.9514422219
-0.024239768 -0.972922079 -0.229858785 0.992468357 0.9514422219
-0.025372819 -0.972636315 -0.230943325 0.992468357 0.9514422219
-0.915391516 0.400487785 -0.040840015 0.992468357 0.9514422219
-0.995314982 0.061512327 -0.074594365 0.992468357 0.9514422219
-0.920248048 0.390526726 -0.025147681 0.992468357 0.9514422219
-0.997214401 0.050438471 -0.054949059 0.992468357 0.9514422219
-0.996422925 0.055868716 -0.063403794 0.992468357 0.9514422219
-0.953563375 -0.285254714 -0.096678012 0.992468357 0.9514422219
-0.795059254 -0.597039742 -0.106884651 0.992468357 0.9514422219
0.509140809 -0.860683024 0.000607363 0.992468357 0.9514422219
0.495207618 -0.868773459 -0.001446669 0.992468357 0.9514422219
0.506377665 -0.862297308 0.005001387 0.992468357 0.9514422219
0.630061799 -0.776299615 -0.019520179 0.992468357 0.9514422219
0.613819033 -0.788955251 -0.027853312 0.992468357 0.9514422219
0.61438922 -0.788442154 -0.029746527 0.992468357 0.9514422219
0.691295469 -0.722200769 0.02316517 0.992468357 0.9514422219
0.670922691 -0.741524572 0.002013054 0.992468357 0.9514422219
0.674555249 -0.738180089 0.008085343 0.992468357 0.9514422219
-0.103785956 -0.977426932 -0.184024641 0.9921671435 0.9506561059
-0.118347722 -0.97901854 -0.165881029 0.9921671435 0.9506561059
-0.116219006 -0.978656032 -0.169486026 0.9921671435 0.9506561059
-0.137494266 -0.978987401 -0.150595467 0.992468357 0.9514422219
-0.126980864 -0.979310555 -0.157564899 0.992468357 0.9514422219
-0.150517737 -0.977134306 -0.150176425 0.992468357 0.9514422219
0.236937725 -0.967501529 -0.088325 0.992468357 0.9514422219
0.238545163 -0.966825172 -0.09135257 0.992468357 0.9514422219
0.225965928 -0.969920474 -0.090518907 0.992468357 0.9514422219
0.134173767 -0.977762916 -0.161174068 0.9921640837 0.9506557947
0.1604374 -0.977528547 -0.13673983 0.9921640837 0.9506557947
0.135644442 -0.977643404 -0.160667231 0.9921640837 0.9506557947
-0.115828539 -0.950264095 -0.289105342 0.992468357 0.9514422219
-0.175323021 -0.922341895 -0.344306938 0.992468357 0.9514422219
-0.145709957 -0.937166332 -0.316998225 0.992468357 0.9514422219
-0.125202037 -0.946413195 -0.297702055 0.992468357 0.9514422219
-0.134553062 -0.942395099 -0.306246553 0.992468357 0.9514422219
-0.756789684 -0.651730136 0.050171744 0.992468357 0.9514422219
-0.740715583 -0.670851751 0.036032683 0.992468357 0.9514422219
-0.758045725 -0.650001809 0.0535194 0.992468357 0.9514422219
-0.768506108 -0.637549614 0.054118862 0.992468357 0.9514422219
-0.750650883 -0.659834285 0.033793015 0.992468357 0.9514422219
-0.76327287 -0.644806869 0.040479957 0.992468357 0.9514422219
-0.747860811 -0.663307995 0.026957598 0.992468357 0.9514422219
-0.731875417 -0.68130629 0.01342063 0.992468357 0.9514422219
0.319893183 -0.938732461 -0.128256453 0.9921640837 0.9506557947
0.336142611 -0.934904324 -0.113850997 0.9921640837 0.9506557947
0.339587038 -0.933549582 -0.11474241 0.9921640837 0.9506557947
0.31295943 -0.941310174 -0.126457705 0.9921640837 0.9506557947
0.329237664 -0.937574065 -0.112059957 0.9921640837 0.9506557947
0.332691653 -0.936246439 -0.112955163 0.9921640837 0.9506557947
0.352226943 -0.930622546 -0.099387415 0.9921640837 0.9506557947
0.368139881 -0.925888271 -0.084876014 0.9921640837 0.9506557947
0.371551705 -0.924442759 -0.085760806 0.9921640837 0.9506557947
-0.147751966 -0.933073096 -0.327938948 0.9921640837 0.9506557947
-0.147910244 -0.933278901 -0.327281306 0.9921640837 0.9506557947
-0.158556176 -0.924956943 -0.345419445 0.9921640837 0.9506557947
-0.274675506 -0.873840603 -0.401193179 0.992468357 0.9514422219
-0.2718318 -0.881797907 -0.385408776 0.992468357 0.9514422219
-0.273404655 -0.878289053 -0.392247669 0.992468357 0.9514422219
0.188982977 -0.975561478 -0.112094769 0.9921640837 0.9506557947
0.20374193 -0.973761024 -0.101383892 0.9921640837 0.9506557947
0.20540648 -0.973393942 -0.101550045 0.9921640837 0.9506557947
-0.17116853 -0.918240027 -0.35712265 0.9921640837 0.9506557947
-0.156207609 -0.92861341 -0.336565472 0.9921640837 0.9506557947
-0.155970843 -0.928850216 -0.336021387 0.9921640837 0.9506557947
-0.01185148 -0.968579406 -0.248421974 0.9921640837 0.9506557947
-0.009070336 -0.969796148 -0.243748148 0.9921640837 0.9506557947
-0.021225643 -0.967735754 -0.251071668 0.9921640837 0.9506557947
0.305326228 -0.842748031 -0.44334146 0.992468357 0.9514422219
0.305266109 -0.841368868 -0.44599443 0.992468357 0.9514422219
0.303503621 -0.848153214 -0.43419083 0.992468357 0.9514422219
-0.032447706 -0.974327453 -0.222785012 0.992468357 0.9514422219
-0.036365554 -0.973235408 -0.226914933 0.992468357 0.9514422219
-0.021747679 -0.967655196 -0.251337342 0.992468357 0.9514422219
-0.031018428 -0.969976688 -0.241211693 0.992468357 0.9514422219
-0.040283849 -0.972110255 -0.231038664 0.992468357 0.9514422219
-0.047650135 -0.979458919 -0.195932874 0.992468357 0.9514422219
-0.066254119 -0.98151734 -0.179538586 0.992468357 0.9514422219
-0.056956698 -0.980564005 -0.187750279 0.992468357 0.9514422219
-0.048196457 -0.980293199 -0.191578564 0.992468357 0.9514422219
-0.048742424 -0.98110776 -0.187221099 0.992468357 0.9514422219
-0.950957392 -0.302910664 0.062651159 0.9922126432 0.9506533159
-0.944234787 -0.326107921 0.045544379 0.992468357 0.9514422219
-0.951641811 -0.301887244 0.056938169 0.992468357 0.9514422219
-0.944549364 -0.325583772 0.042681461 0.992468357 0.9514422219
-0.936685978 -0.349017437 0.028393787 0.992468357 0.9514422219
-0.956744548 -0.283907455 0.063532883 0.9922126432 0.9506533159
-0.962153666 -0.264791619 0.064387278 0.9922126432 0.9506533159
-0.957082323 -0.283394035 0.060673281 0.9922126432 0.9506533159
-0.830542954 0.554968713 -0.046990735 0.992468357 0.9514422219
-0.82177536 0.567311972 -0.053314016 0.992468357 0.9514422219
-0.82032706 0.569397518 -0.053385216 0.992468357 0.9514422219
-0.883071374 0.466957082 -0.046217225 0.992468357 0.9514422219
-0.892811041 0.447587708 -0.050534045 0.992468357 0.9514422219
-0.897120732 0.438377558 -0.054767781 0.992468357 0.9514422219
0.26796053 -0.957792915 -0.104066738 0.9921640837 0.9506557947
0.257074565 -0.961079655 -0.101185788 0.9921640837 0.9506557947
0.269536162 -0.957058318 -0.106722222 0.9921640837 0.9506557947
0.257866174 -0.96072661 -0.102515444 0.9921640837 0.9506557947
0.246153113 -0.964234142 -0.098291224 0.9921640837 0.9506557947
0.355200167 -0.931415257 -0.079362841 0.9921640837 0.9506557947
0.366523417 -0.928020936 -0.066616269 0.9921640837 0.9506557947
0.344386441 -0.935368441 -0.080522411 0.9921640837 0.9506557947
0.688038568 -0.725280487 0.023898612 0.992468357 0.9514422219
0.691184966 -0.721823262 0.035135735 0.992468357 0.9514422219
0.700502472 -0.712838819 0.034016237 0.992468357 0.9514422219
0.263262559 -0.959898693 -0.096370763 0.992468357 0.9514422219
0.270780911 -0.95720337 -0.102173412 0.992468357 0.9514422219
0.272638067 -0.956499921 -0.103809374 0.992468357 0.9514422219
0.298246363 -0.866090795 -0.401168097 0.992468357 0.9514422219
0.283661921 -0.878296733 -0.384877594 0.992468357 0.9514422219
0.293378232 -0.872126848 -0.391566053 0.992468357 0.9514422219
-0.898808172 -0.435398578 -0.050714387 0.9922126432 0.9506533159
-0.904490501 -0.423925877 -0.046730975 0.9922126432 0.9506533159
-0.927192687 -0.374088558 -0.019273596 0.9922126432 0.9506533159
-0.918867217 -0.393345971 -0.031015885 0.9922126432 0.9506533159
-0.910010754 -0.412375501 -0.042741937 0.9922126432 0.9506533159
-0.897284583 -0.438844822 -0.047912411 0.9922126432 0.9506533159
-0.903843954 -0.42481565 -0.050968325 0.9922126432 0.9506533159
-0.890501552 -0.452765154 -0.044840846 0.9922126432 0.9506533159
-0.899069637 -0.435755216 -0.042322325 0.9922126432 0.9506533159
-0.907305524 -0.418584934 -0.039791201 0.9922126432 0.9506533159
-0.717520297 -0.694738952 -0.050024119 0.992468357 0.9514422219
-0.725104147 -0.687393939 -0.04139503 0.992468357 0.9514422219
-0.743347655 -0.668409448 -0.025750204 0.992468357 0.9514422219
-0.222958515 -0.779040229 0.585991316 0.9922126432 0.9506533159
0.137796357 -0.856961308 0.496618043 0.9922126432 0.9506533159
-0.19056491 -0.800843171 0.567745745 0.9922126432 0.9506533159
0.419782977 -0.816566058 0.396234937 0.9922126432 0.9506533159
0.450396724 -0.813384863 0.368168244 0.9922126432 0.9506533159
0.478907125 -0.811049757 0.335925971 0.9922126432 0.9506533159
0.507670559 -0.805259684 0.30631266 0.9922126432 0.9506533159
-0.817336082 0.575022629 -0.036203675 0.9922126432 0.9506533159
-0.818769037 0.573186942 -0.032771848 0.9922126432 0.9506533159
-0.82331862 0.566901081 -0.02774193 0.9922126432 0.9506533159
-0.580325988 -0.813779633 -0.03137606 0.992468357 0.9514422219
-0.57569392 -0.817244013 -0.026243747 0.992468357 0.9514422219
-0.584923384 -0.810266569 -0.036506461 0.992468357 0.9514422219
-0.580415629 -0.813733768 -0.030903919 0.992468357 0.9514422219
-0.575870857 -0.817149126 -0.025299445 0.992468357 0.9514422219
-0.554278692 -0.832134621 -0.018085995 0.992468357 0.9514422219
-0.561711369 -0.827074394 -0.020695038 0.992468357 0.9514422219
-0.570746193 -0.820840145 -0.02168501 0.992468357 0.9514422219
-0.569920996 -0.821391561 -0.022493577 0.992468357 0.9514422219
-0.569094821 -0.821941658 -0.023302286 0.992468357 0.9514422219
-0.990566649 -0.13308305 0.032659097 0.9922126432 0.9506533159
-0.992933152 -0.115730153 0.026273321 0.9922126432 0.9506533159
-0.993204853 -0.113884781 0.023966149 0.9922126432 0.9506533159
-0.974954465 -0.213900129 0.060914085 0.9922126432 0.9506533159
-0.969402453 -0.236067187 0.06731395 0.9922126432 0.9506533159
-0.969440688 -0.235818665 0.067633643 0.9922126432 0.9506533159
-0.428423116 -0.894101625 -0.130521717 0.992468357 0.9514422219
-0.398978752 -0.90483307 -0.148637379 0.992468357 0.9514422219
-0.402405901 -0.903366182 -0.148320704 0.992468357 0.9514422219
-0.531318619 -0.845794578 -0.048291379 0.992468357 0.9514422219
-0.523149363 -0.850275589 -0.057846061 0.992468357 0.9514422219
-0.561287113 -0.826976409 -0.032661846 0.992468357 0.9514422219
-0.553380908 -0.83185635 -0.042244321 0.992468357 0.9514422219
-0.538366619 -0.841222821 -0.050055456 0.992468357 0.9514422219
-0.514889627 -0.854603122 -0.067395666 0.992468357 0.9514422219
-0.506537002 -0.858779404 -0.076929842 0.992468357 0.9514422219
-0.005717629 -0.96949939 -0.24502702 0.992468357 0.9514422219
-0.011864226 -0.970133067 -0.242283041 0.992468357 0.9514422219
-0.006754707 -0.969338915 -0.245634773 0.992468357 0.9514422219
0.010172485 -0.968001888 -0.250736646 0.9921640837 0.9506557947
0.017064668 -0.967168152 -0.253563724 0.9921640837 0.9506557947
0.011985871 -0.967789116 -0.251476769 0.9921640837 0.9506557947
-0.905718411 0.419117756 -0.063359817 0.9922126432 0.9506533159
-0.895748276 0.441905701 -0.04852193 0.9922126432 0.9506533159
-0.910160008 0.408450583 -0.069114985 0.9922126432 0.9506533159
-0.928046481 0.360574884 -0.093356747 0.9922126432 0.9506533159
-0.936948946 0.333779684 -0.103526787 0.9922126432 0.9506533159
-0.934509652 0.340419977 -0.103951669 0.9922126432 0.9506533159
-0.624791974 -0.778459632 -0.060295865 0.992468357 0.9514422219
-0.636199476 -0.769253137 -0.059159434 0.992468357 0.9514422219
-0.63051287 -0.773877218 -0.05972915 0.992468357 0.9514422219
-0.622182854 -0.780853045 -0.056187348 0.992468357 0.9514422219
-0.619555444 -0.783223448 -0.05207765 0.992468357 0.9514422219
-0.360273454 -0.923683493 -0.130429457 0.992468357 0.9514422219
-0.36303956 -0.923501883 -0.123881193 0.992468357 0.9514422219
-0.35468786 -0.923905959 -0.143507147 0.992468357 0.9514422219
-0.35748965 -0.923818047 -0.136972139 0.992468357 0.9514422219
-0.367169786 -0.920883963 -0.130992653 0.992468357 0.9514422219
-0.374045055 -0.918033412 -0.131548286 0.992468357 0.9514422219
-0.376798621 -0.91782302 -0.124994817 0.992468357 0.9514422219
0.747299018 -0.662079464 0.056523987 0.992468357 0.9514422219
0.755405324 -0.652251265 0.062698351 0.992468357 0.9514422219
0.743776545 -0.665779782 0.059445212 0.992468357 0.9514422219
-0.598264978 -0.800051183 -0.044689153 0.992468357 0.9514422219
-0.595806898 -0.801885241 -0.044656466 0.992468357 0.9514422219
-0.591052462 -0.805755714 -0.037612725 0.992468357 0.9514422219
-0.624147091 -0.778652857 -0.0643439 0.992468357 0.9514422219
-0.635120214 -0.769100496 -0.071461458 0.992468357 0.9514422219
-0.629193863 -0.774112358 -0.069750559 0.992468357 0.9514422219
-0.253353211 -0.955703858 -0.149807498 0.992468357 0.9514422219
-0.227482501 -0.959097973 -0.168471929 0.992468357 0.9514422219
-0.236104057 -0.958666549 -0.158787035 0.992468357 0.9514422219
-0.283171498 -0.947553543 -0.1481762 0.992468357 0.9514422219
-0.272032128 -0.949657441 -0.15540034 0.992468357 0.9514422219
-0.273977322 -0.948203057 -0.160771235 0.992468357 0.9514422219
-0.262785078 -0.950121876 -0.16796554 0.992468357 0.9514422219
-0.267417001 -0.94991844 -0.161688298 0.992468357 0.9514422219
-0.260843649 -0.951589634 -0.16259692 0.992468357 0.9514422219
-0.249608498 -0.953349686 -0.169764467 0.992468357 0.9514422219
0.090182894 -0.950716848 0.296655558 0.992468357 0.9514422219
-0.975519905 -0.105841333 0.192765473 0.992468357 0.9514422219
-0.605229825 -0.722251511 0.334738128 0.992468357 0.9514422219
0.072865459 -0.955929778 0.284409711 0.992468357 0.9514422219
0.05789105 -0.956520194 0.285863156 0.992468357 0.9514422219
0.709703279 -0.702802734 0.048883266 0.992468357 0.9514422219
0.688351739 -0.724863715 0.027285128 0.992468357 0.9514422219
0.693049907 -0.720093532 0.03386933 0.992468357 0.9514422219
0.181997388 -0.903890648 -0.387115806 0.9921671435 0.9506561059
0.168565747 -0.909139361 -0.380855894 0.9921671435 0.9506561059
0.17348482 -0.90553921 -0.387171481 0.9921671435 0.9506561059
-0.085777181 -0.962364055 -0.257871482 0.992468357 0.9514422219
-0.061101197 -0.959983201 -0.273310989 0.992468357 0.9514422219
-0.063716922 -0.96004222 -0.272505209 0.992468357 0.9514422219
-0.159947758 -0.965542151 -0.205292643 0.992468357 0.9514422219
-0.155184643 -0.965507652 -0.209075823 0.992468357 0.9514422219
-0.214621178 -0.963382663 -0.160722103 0.992468357 0.9514422219
-0.182674809 -0.965236167 -0.186946665 0.992468357 0.9514422219
-0.150415755 -0.965437442 -0.21285123 0.992468357 0.9514422219
-0.376536635 -0.924514729 -0.059098878 0.992468357 0.9514422219
-0.333016837 -0.939893252 -0.075501399 0.992468357 0.9514422219
-0.354883046 -0.932483778 -0.067320332 0.992468357 0.9514422219
-0.376461479 -0.924373365 -0.061730353 0.992468357 0.9514422219
-0.376382847 -0.924226121 -0.064358607 0.992468357 0.9514422219
-0.313196521 -0.939873186 -0.136184922 0.992468357 0.9514422219
-0.316873381 -0.938241177 -0.138905559 0.992468357 0.9514422219
-0.316794667 -0.939243815 -0.132144597 0.992468357 0.9514422219
-0.299111471 -0.945283835 -0.130272022 0.992468357 0.9514422219
-0.296615712 -0.946600166 -0.126361563 0.992468357 0.9514422219
-0.294789339 -0.947092273 -0.126946727 0.992468357 0.9514422219
-0.225815794 -0.892511927 -0.390422447 0.992468357 0.9514422219
-0.223057653 -0.892596746 -0.391811603 0.992468357 0.9514422219
-0.229953091 -0.891854101 -0.38950974 0.992468357 0.9514422219
-0.220620192 -0.89809543 -0.380461995 0.992468357 0.9514422219
-0.224002477 -0.898436442 -0.377670293 0.992468357 0.9514422219
-0.213396487 -0.902659117 -0.373722434 0.992468357 0.9514422219
-0.984634033 -0.171508651 0.032872525 0.9922126432 0.9506533159
-0.98387523 -0.175702431 0.033439322 0.9922126432 0.9506533159
-0.981019658 -0.188974219 0.04346464 0.9922126432 0.9506533159
-0.875111652 -0.483913311 -0.002739502 0.992468357 0.9514422219
-0.869446934 -0.49402575 0.000766719 0.992468357 0.9514422219
-0.866552797 -0.499062011 0.004833131 0.992468357 0.9514422219
-0.895885193 -0.444087209 -0.013276697 0.992468357 0.9514422219
-0.903618283 -0.428207451 -0.010600822 0.992468357 0.9514422219
-0.895087059 -0.445624967 -0.015412533 0.992468357 0.9514422219
-0.981540495 -0.189571736 0.025314309 0.9922126432 0.9506533159
-0.981076996 -0.192202537 0.023369046 0.9922126432 0.9506533159
-0.978686062 -0.202600338 0.033566267 0.9922126432 0.9506533159
0.51937325 -0.854349406 0.018398909 0.992468357 0.9514422219
0.529465846 -0.848144177 0.017814977 0.992468357 0.9514422219
0.52718337 -0.84951754 0.019941012 0.992468357 0.9514422219
0.48374279 -0.875205614 0.002836611 0.992468357 0.9514422219
0.489010357 -0.872272027 0.003222028 0.992468357 0.9514422219
0.447739714 -0.893775419 -0.026356177 0.992468357 0.9514422219
0.471216641 -0.881944059 -0.01138223 0.992468357 0.9514422219
0.494262176 -0.869305423 0.003603104 0.992468357 0.9514422219
-0.252937222 -0.897257194 -0.361873305 0.992468357 0.9514422219
-0.260153132 -0.893794623 -0.36531017 0.992468357 0.9514422219
-0.260222815 -0.891244061 -0.371440587 0.992468357 0.9514422219
-0.277491519 -0.95231019 -0.126900588 0.992468357 0.9514422219
-0.265750574 -0.955182894 -0.130392755 0.992468357 0.9514422219
-0.278054259 -0.952253899 -0.12608862 0.992468357 0.9514422219
-0.996924481 -0.053313973 -0.057438662 0.9922126432 0.9506533159
-0.997982508 -0.032683223 -0.054430871 0.9922126432 0.9506533159
-0.999202027 0.002614368 -0.039855678 0.9922126432 0.9506533159
-0.998947378 -0.004711874 -0.045628215 0.9922126432 0.9506533159
-0.998605562 -0.01203711 -0.051400781 0.9922126432 0.9506533159
-0.997810666 0.062585467 -0.021376004 0.9922126432 0.9506533159
-0.997230288 0.072286765 -0.017503633 0.9922126432 0.9506533159
-0.998829061 0.021734012 -0.043221986 0.9922126432 0.9506533159
-0.998247846 0.051886852 -0.028442795 0.9922126432 0.9506533159
-0.996540676 0.081980956 -0.013630992 0.9922126432 0.9506533159
-0.934054069 0.344960385 -0.092440946 0.9922126432 0.9506533159
-0.930813003 0.355015127 -0.08689886 0.9922126432 0.9506533159
-0.925127309 0.37104816 -0.080391072 0.9922126432 0.9506533159
-0.979454315 0.193514585 -0.056756939 0.9922126432 0.9506533159
-0.984289486 0.169585999 -0.04914058 0.9922126432 0.9506533159
-0.979844662 0.191690763 -0.056205775 0.9922126432 0.9506533159
-0.22110418 -0.893545867 -0.390754047 0.992468357 0.9514422219
-0.215138681 -0.894263427 -0.392438875 0.992468357 0.9514422219
-0.223609078 -0.893582787 -0.38924129 0.992468357 0.9514422219
0.342712587 -0.933687429 -0.103806872 0.992468357 0.9514422219
0.333058777 -0.936299137 -0.111426107 0.992468357 0.9514422219
0.324170307 -0.939096714 -0.114065654 0.992468357 0.9514422219
0.419088404 -0.906627645 -0.048900135 0.992468357 0.9514422219
0.433495043 -0.900369724 -0.037635194 0.992468357 0.9514422219
0.451858873 -0.891791486 -0.023054375 0.992468357 0.9514422219
0.098081947 -0.980015067 -0.17306184 0.992468357 0.9514422219
0.074226664 -0.978632305 -0.191753 0.992468357 0.9514422219
0.107932358 -0.980303934 -0.165392877 0.992468357 0.9514422219
-0.937158986 0.332102899 -0.106961203 0.9922126432 0.9506533159
-0.93962438 0.324380274 -0.1090113 0.9922126432 0.9506533159
-0.943497914 0.314256108 -0.105141737 0.9922126432 0.9506533159
-0.300042597 -0.946469193 -0.119039939 0.9921671435 0.9506561059
-0.309997622 -0.94248173 -0.125018646 0.9921671435 0.9506561059
-0.308170907 -0.943523988 -0.121627202 0.9921671435 0.9506561059
-0.264936768 -0.957867658 -0.110896613 0.9921671435 0.9506561059
-0.262247908 -0.958654447 -0.110488395 0.9921671435 0.9506561059
-0.2506324 -0.961612253 -0.111737529 0.9921671435 0.9506561059
0.302204776 -0.945463624 -0.12153522 0.992468357 0.9514422219
0.30940969 -0.94268544 -0.124939201 0.992468357 0.9514422219
0.301708799 -0.945589194 -0.1217903 0.992468357 0.9514422219
0.286406136 -0.951700825 -0.11062127 0.992468357 0.9514422219
0.281240748 -0.953594403 -0.107523751 0.992468357 0.9514422219
0.282470374 -0.95335033 -0.106459548 0.992468357 0.9514422219
-0.419928247 -0.903231661 -0.088503299 0.992468357 0.9514422219
-0.406586158 -0.907690277 -0.103855942 0.992468357 0.9514422219
-0.395380699 -0.912168855 -0.107805765 0.992468357 0.9514422219
-0.497187565 -0.867162464 -0.028875365 0.992468357 0.9514422219
-0.514319345 -0.857449973 -0.015973565 0.992468357 0.9514422219
-0.519353898 -0.854391984 -0.016907543 0.992468357 0.9514422219
0.261627651 -0.960738228 -0.092374397 0.992468357 0.9514422219
0.265411615 -0.959283699 -0.096599476 0.992468357 0.9514422219
0.259737803 -0.961293927 -0.091925294 0.992468357 0.9514422219
0.258682436 -0.962001834 -0.087383461 0.992468357 0.9514422219
0.255944602 -0.9630573 -0.083743646 0.992468357 0.9514422219
0.260372403 -0.961322264 -0.089809339 0.992468357 0.9514422219
-0.969116426 0.242372791 -0.045483878 0.9922126432 0.9506533159
-0.96657429 0.252060528 -0.046900231 0.9922126432 0.9506533159
-0.970312073 0.238897786 -0.037713787 0.9922126432 0.9506533159
0.705524167 -0.702150968 0.096019103 0.992468357 0.9514422219
0.699617398 -0.700839114 0.139140335 0.992468357 0.9514422219
0.702914622 -0.70485296 0.095359001 0.992468357 0.9514422219
0.07055793 -0.973447299 -0.217765781 0.9921640837 0.9506557947
0.050386321 -0.970706015 -0.234927757 0.9921640837 0.9506557947
0.059488775 -0.970941692 -0.231804479 0.9921640837 0.9506557947
-0.823316784 0.566307898 -0.038011027 0.992468357 0.9514422219
-0.822428304 0.567473096 -0.039824248 0.992468357 0.9514422219
-0.815715284 0.576728135 -0.044645648 0.992468357 0.9514422219
-0.837775135 0.545578006 -0.021850889 0.9922126432 0.9506533159
-0.837703958 0.545724834 -0.020892203 0.9922126432 0.9506533159
-0.843872032 0.536331931 -0.015101415 0.9922126432 0.9506533159
-0.287244192 -0.889034675 -0.35652226 0.992468357 0.9514422219
-0.296815152 -0.877910898 -0.37573025 0.992468357 0.9514422219
-0.297233771 -0.880607829 -0.369028369 0.992468357 0.9514422219
-0.825009912 -0.563763509 0.039106906 0.992468357 0.9514422219
-0.817454183 -0.573951199 0.048463172 0.992468357 0.9514422219
-0.818493119 -0.572431972 0.048894302 0.992468357 0.9514422219
-0.851228288 -0.52471957 0.008931593 0.992468357 0.9514422219
-0.858190707 -0.513315425 0.003998182 0.992468357 0.9514422219
-0.856551116 -0.516054311 0.002852083 0.992468357 0.9514422219
0.293234964 -0.871174151 -0.393787828 0.992468357 0.9514422219
0.289461725 -0.87693406 -0.383664651 0.992468357 0.9514422219
0.296965754 -0.865283301 -0.403851644 0.992468357 0.9514422219
0.295369929 -0.872735394 -0.388702377 0.992468357 0.9514422219
0.29368813 -0.87993665 -0.373441794 0.992468357 0.9514422219
0.30378307 -0.851466998 -0.427457363 0.992468357 0.9514422219
0.30507276 -0.848334828 -0.432733903 0.992468357 0.9514422219
0.304161413 -0.854635484 -0.420813527 0.992468357 0.9514422219
0.258695433 -0.96025485 -0.104820306 0.9921640837 0.9506557947
0.26964361 -0.957231346 -0.104883141 0.9921640837 0.9506557947
0.279876904 -0.954627315 -0.101762509 0.9921640837 0.9506557947
0.174912435 -0.976424173 -0.126496937 0.9921640837 0.9506557947
0.186969894 -0.975358328 -0.117125533 0.9921640837 0.9506557947
0.196132684 -0.973554254 -0.117149836 0.9921640837 0.9506557947
-0.947697071 -0.314916787 0.051939188 0.992468357 0.9514422219
-0.937978686 -0.344467788 0.03921642 0.992468357 0.9514422219
-0.939061507 -0.341038654 0.043082737 0.992468357 0.9514422219
-0.055296672 -0.960043318 -0.274333929 0.992468357 0.9514422219
-0.061929586 -0.960145954 -0.272551781 0.992468357 0.9514422219
-0.050541567 -0.960665686 -0.273069569 0.992468357 0.9514422219
0.210795603 -0.918118249 -0.335595136 0.992468357 0.9514422219
0.217075416 -0.91280299 -0.345932025 0.992468357 0.9514422219
0.221503717 -0.913401619 -0.341516597 0.992468357 0.9514422219
-0.159936803 -0.943839597 -0.289114222 0.992468357 0.9514422219
-0.166148104 -0.942650596 -0.289490347 0.992468357 0.9514422219
-0.153718775 -0.944990635 -0.288726926 0.992468357 0.9514422219
-0.146173138 -0.947653956 -0.283875664 0.992468357 0.9514422219
-0.138614663 -0.9502342 -0.278999893 0.992468357 0.9514422219
-0.278243939 -0.944883505 0.172555709 0.992468357 0.9514422219
-0.555899692 -0.636030816 0.535201209 0.992468357 0.9514422219
-0.874196102 -0.468252013 0.128534926 0.992468357 0.9514422219
-0.60504921 -0.795803716 -0.024736607 0.992468357 0.9514422219
-0.592952606 -0.804953717 -0.021371023 0.992468357 0.9514422219
-0.589091373 -0.807800864 -0.020715165 0.992468357 0.9514422219
-0.332919139 -0.932337929 -0.141105751 0.992468357 0.9514422219
-0.338998362 -0.930103957 -0.141374465 0.992468357 0.9514422219
-0.339102411 -0.931222671 -0.1335436 0.992468357 0.9514422219
-0.02094424 -0.96633193 -0.256444807 0.9921671435 0.9506561059
-0.02643115 -0.965661205 -0.258456635 0.9921671435 0.9506561059
-0.018591899 -0.967265439 -0.253084792 0.9921671435 0.9506561059
-0.993945267 -0.096616607 -0.052326257 0.992468357 0.9514422219
-0.995710108 -0.077688687 -0.050257824 0.992468357 0.9514422219
-0.995499404 -0.083238756 -0.045301715 0.992468357 0.9514422219
-0.994390809 -0.085518584 -0.062237371 0.992468357 0.9514422219
-0.995966057 -0.066573401 -0.060163083 0.992468357 0.9514422219
-0.995865589 -0.072132815 -0.055213993 0.992468357 0.9514422219
-0.997110809 -0.05873086 -0.048173859 0.992468357 0.9514422219
-0.998146767 -0.0397526 -0.046073452 0.992468357 0.9514422219
-0.998125873 -0.0453164 -0.041123786 0.992468357 0.9514422219
-0.077579246 -0.969990005 -0.230436218 0.9921671435 0.9506561059
-0.060249922 -0.968328757 -0.242300157 0.9921671435 0.9506561059
-0.065681997 -0.968840717 -0.23881696 0.9921671435 0.9506561059
-0.083049049 -0.973263888 -0.214150087 0.992468357 0.9514422219
-0.070259053 -0.972132645 -0.223655507 0.992468357 0.9514422219
-0.074264163 -0.969920956 -0.231814955 0.992468357 0.9514422219
0.199078994 -0.942861646 -0.267169369 0.992468357 0.9514422219
0.195229207 -0.946960308 -0.255248371 0.992468357 0.9514422219
0.202892328 -0.938599082 -0.279045636 0.992468357 0.9514422219
0.19300717 -0.943774238 -0.268399738 0.992468357 0.9514422219
0.183078127 -0.948724739 -0.257689286 0.992468357 0.9514422219
0.093314404 -0.952014374 -0.291480795 0.992468357 0.9514422219
0.074332378 -0.958965675 -0.273604698 0.992468357 0.9514422219
0.083830946 -0.95557707 -0.282568284 0.992468357 0.9514422219
0.097116163 -0.95210646 -0.289934025 0.992468357 0.9514422219
0.100915318 -0.952182313 -0.288383324 0.992468357 0.9514422219
0.558326591 -0.829603212 -0.005470647 0.992468357 0.9514422219
0.562395542 -0.826846609 -0.005994993 0.992468357 0.9514422219
0.556239927 -0.831017528 -0.002648041 0.992468357 0.9514422219
0.32757462 -0.894692843 -0.303676777 0.992468357 0.9514422219
0.334323465 -0.88512904 -0.323688745 0.992468357 0.9514422219
0.343990203 -0.867388449 -0.359594243 0.992468357 0.9514422219
0.342455109 -0.871274644 -0.351575018 0.992468357 0.9514422219
0.340893017 -0.87508938 -0.343526604 0.992468357 0.9514422219
-0.572442731 -0.818187434 -0.05365299 0.992468357 0.9514422219
-0.573569282 -0.817848065 -0.046290619 0.992468357 0.9514422219
-0.579836387 -0.813295987 -0.048367362 0.992468357 0.9514422219
-0.875071543 0.483172064 -0.028187794 0.992468357 0.9514422219
-0.869057685 0.494155568 -0.023431077 0.992468357 0.9514422219
-0.880254546 0.47343214 -0.031842466 0.992468357 0.9514422219
-0.851630672 0.524019712 -0.011337562 0.9922126432 0.9506533159
-0.845040396 0.534662114 -0.006569134 0.992468357 0.9514422219
-0.857317184 0.51456982 -0.015004882 0.992468357 0.9514422219
-0.862887919 0.505050365 -0.018670008 0.992468357 0.9514422219
-0.856563262 0.515854634 -0.013905903 0.992468357 0.9514422219
-0.868342027 0.495462778 -0.022332925 0.992468357 0.9514422219
0.563537936 -0.826042623 -0.008864483 0.992468357 0.9514422219
0.574772405 -0.818113421 -0.018086261 0.992468357 0.9514422219
0.571713288 -0.820320736 -0.014758283 0.992468357 0.9514422219
0.523795011 -0.851782834 0.010236711 0.992468357 0.9514422219
0.509336139 -0.860504348 0.010438632 0.992468357 0.9514422219
0.518014159 -0.855257224 0.014014721 0.992468357 0.9514422219
0.172224944 -0.913866347 -0.36767767 0.992468357 0.9514422219
0.176897267 -0.913671069 -0.365940617 0.992468357 0.9514422219
0.188996783 -0.906625628 -0.377240225 0.992468357 0.9514422219
0.140834953 -0.925402176 -0.351847025 0.992468357 0.9514422219
0.147502323 -0.92166858 -0.358845501 0.992468357 0.9514422219
0.124244214 -0.93331051 -0.336889993 0.992468357 0.9514422219
-0.993511948 0.113584325 -0.005710472 0.992468357 0.9514422219
-0.990925997 0.134401518 -0.001378752 0.992468357 0.9514422219
-0.992354899 0.123302425 -0.005316679 0.992468357 0.9514422219
-0.026503475 -0.973611551 -0.226667408 0.992468357 0.9514422219
-0.031022216 -0.974184845 -0.223610174 0.992468357 0.9514422219
-0.029899795 -0.974002031 -0.224557443 0.992468357 0.9514422219
-0.78365008 -0.621196998 -0.002615634 0.992468357 0.9514422219
-0.787794865 -0.615797465 -0.013142761 0.992468357 0.9514422219
-0.785738526 -0.618508576 -0.007881002 0.992468357 0.9514422219
-0.774209718 -0.632818546 -0.011832157 0.992468357 0.9514422219
-0.764530788 -0.644243598 -0.021044272 0.992468357 0.9514422219
-0.785151756 -0.619259668 0.007360965 0.992468357 0.9514422219
-0.79229132 -0.61001433 0.012529243 0.992468357 0.9514422219
-0.77374806 -0.63349133 -0.001635061 0.992468357 0.9514422219
-0.786731818 -0.617242684 0.008032145 0.992468357 0.9514422219
-0.799301679 -0.60066938 0.017695252 0.992468357 0.9514422219
-0.778282689 -0.626239623 0.045825651 0.992468357 0.9514422219
-0.780813713 -0.622541725 0.052647377 0.992468357 0.9514422219
-0.792826653 -0.607297001 0.051149307 0.992468357 0.9514422219
-0.690334282 -0.719920586 -0.071783914 0.992468357 0.9514422219
-0.673046186 -0.735154176 -0.080976351 0.992468357 0.9514422219
-0.681883701 -0.727234256 -0.078517226 0.992468357 0.9514422219
-0.748567415 -0.662528827 -0.02650242 0.992468357 0.9514422219
-0.761356915 -0.648180249 -0.014071661 0.992468357 0.9514422219
-0.767277825 -0.641243348 -0.009576464 0.992468357 0.9514422219
-0.990119386 0.139184975 -0.017062925 0.9922126432 0.9506533159
-0.991188106 0.131750304 -0.013711186 0.9922126432 0.9506533159
-0.988983702 0.146610027 -0.020414141 0.9922126432 0.9506533159
-0.991602081 0.128505168 -0.014551081 0.9922126432 0.9506533159
-0.993854532 0.110353004 -0.008682391 0.9922126432 0.9506533159
-0.177745619 -0.894807239 -0.40954426 0.992468357 0.9514422219
-0.182299729 -0.892680526 -0.412175069 0.992468357 0.9514422219
-0.189658462 -0.88861165 -0.417611067 0.992468357 0.9514422219
-0.121436432 -0.91200915 -0.391781194 0.992468357 0.9514422219
-0.128657817 -0.909296243 -0.395761934 0.992468357 0.9514422219
-0.1142064 -0.914653836 -0.387769594 0.992468357 0.9514422219
-0.132318387 -0.910036804 -0.39284203 0.992468357 0.9514422219
-0.150380376 -0.905078246 -0.397767659 0.992468357 0.9514422219
0.002615455 -0.969759518 -0.244048431 0.992468357 0.9514422219
0.002164892 -0.968933937 -0.247310209 0.992468357 0.9514422219
0.000453222 -0.968462659 -0.249158329 0.992468357 0.9514422219
-0.246236129 -0.893464441 -0.375618239 0.992468357 0.9514422219
-0.247562906 -0.89461619 -0.371987204 0.992468357 0.9514422219
-0.25015454 -0.895310194 -0.368567989 0.992468357 0.9514422219
0.304143464 -0.946005409 -0.112118327 0.992468357 0.9514422219
0.309856632 -0.943736723 -0.115541614 0.992468357 0.9514422219
0.303507694 -0.945471215 -0.118183168 0.992468357 0.9514422219
0.308031207 -0.947031065 -0.090823662 0.992468357 0.9514422219
0.308042295 -0.948099131 -0.078854189 0.992468357 0.9514422219
0.308042012 -0.947582347 -0.084839938 0.992468357 0.9514422219
0.316959077 -0.944623397 -0.08499166 0.992468357 0.9514422219
0.325848424 -0.942103051 -0.079149519 0.992468357 0.9514422219
0.669513714 -0.741692852 0.040535173 0.992468357 0.9514422219
0.667841827 -0.743571504 0.032995653 0.992468357 0.9514422219
0.675772852 -0.736370236 0.033014051 0.992468357 0.9514422219
-0.993446263 -0.111383716 -0.025655233 0.9922126432 0.9506533159
-0.994428511 -0.099451179 -0.034948528 0.9922126432 0.9506533159
-0.993220276 -0.112779015 -0.028184702 0.9922126432 0.9506533159
-0.98925867 -0.146125323 0.003830729 0.9922126432 0.9506533159
-0.987188504 -0.159103577 0.012037835 0.9922126432 0.9506533159
-0.987464636 -0.157280509 0.013282834 0.9922126432 0.9506533159
-0.257088283 -0.843077426 -0.472362222 0.992468357 0.9514422219
-0.26263918 -0.841767403 -0.471644252 0.992468357 0.9514422219
-0.261822974 -0.842987618 -0.46991553 0.992468357 0.9514422219
-0.231497957 -0.859726643 -0.45527881 0.992468357 0.9514422219
-0.221992978 -0.868041002 -0.444099017 0.992468357 0.9514422219
-0.225566265 -0.866169472 -0.445948771 0.992468357 0.9514422219
-0.999555262 -0.028136459 0.00988017 0.9922126432 0.9506533159
-0.998878221 -0.045288564 0.01382913 0.9922126432 0.9506533159
-0.998298018 -0.055826165 0.016867347 0.9922126432 0.9506533159
0.549506702 -0.835457496 -0.007290895 0.992468357 0.9514422219
0.57178337 -0.820368876 -0.007660699 0.992468357 0.9514422219
0.547321347 -0.836894174 -0.006890905 0.992468357 0.9514422219
-0.113028545 -0.967541928 -0.226024703 0.9921671435 0.9506561059
-0.093054526 -0.964003251 -0.249075464 0.9921671435 0.9506561059
-0.09421771 -0.965441365 -0.242993816 0.9921671435 0.9506561059
0.282276425 -0.888381651 -0.362074663 0.992468357 0.9514422219
0.285891955 -0.882729425 -0.372900192 0.992468357 0.9514422219
0.287994728 -0.884195625 -0.367773209 0.992468357 0.9514422219
0.259829707 -0.90321413 -0.341603218 0.992468357 0.9514422219
0.255835902 -0.905578164 -0.338343287 0.992468357 0.9514422219
0.25076404 -0.90600633 -0.340983764 0.992468357 0.9514422219
0.02244701 -0.968251577 -0.248967902 0.9921671435 0.9506561059
0.035628817 -0.966381191 -0.254633031 0.9921671435 0.9506561059
0.019324823 -0.967364218 -0.252651975 0.9921671435 0.9506561059
0.170570894 -0.934793879 -0.311554126 0.9921671435 0.9506561059
0.179798946 -0.934138029 -0.308315554 0.9921671435 0.9506561059
0.175188083 -0.934477231 -0.3099378 0.9921671435 0.9506561059
0.161208459 -0.940550585 -0.298958911 0.9921671435 0.9506561059
0.151801201 -0.946044223 -0.286280846 0.9921671435 0.9506561059
0.15595952 -0.933475769 -0.322954511 0.9921671435 0.9506561059
0.13830908 -0.939967091 -0.311981515 0.9921671435 0.9506561059
0.154207064 -0.930921308 -0.331067515 0.9921671435 0.9506561059
-0.972543299 0.222537107 -0.068093818 0.9922126432 0.9506533159
-0.971034575 0.228230785 -0.070728806 0.9922126432 0.9506533159
-0.97674045 0.205659279 -0.060682401 0.9922126432 0.9506533159
0.285891254 -0.952086759 -0.108613973 0.992468357 0.9514422219
0.27618707 -0.954774119 -0.110123046 0.992468357 0.9514422219
0.294357649 -0.950013313 -0.104059023 0.992468357 0.9514422219
-0.847118719 -0.531377009 -0.005324457 0.9922126432 0.9506533159
-0.847855401 -0.530210895 -0.004198287 0.9922126432 0.9506533159
-0.835979139 -0.548653706 0.010862317 0.9922126432 0.9506533159
-0.842362024 -0.53889799 0.003895763 0.9922126432 0.9506533159
-0.848589564 -0.529042831 -0.003071573 0.9922126432 0.9506533159
-0.016545406 -0.969987781 -0.242590095 0.992468357 0.9514422219
-0.019147436 -0.968834557 -0.246967562 0.992468357 0.9514422219
-0.024498872 -0.972238342 -0.232706708 0.992468357 0.9514422219
0.233605468 -0.885107035 -0.402509653 0.992468357 0.9514422219
0.22535678 -0.88960845 -0.397254487 0.992468357 0.9514422219
0.250020951 -0.875796972 -0.412879145 0.992468357 0.9514422219
0.241827097 -0.880502967 -0.40771826 0.992468357 0.9514422219
0.244349862 -0.88013471 -0.407008646 0.992468357 0.9514422219
0.255054783 -0.875021116 -0.411442711 0.992468357 0.9514422219
0.246870638 -0.8797602 -0.406296541 0.992468357 0.9514422219
-0.882880279 0.468835947 -0.026744507 0.992468357 0.9514422219
-0.874979199 0.483736652 -0.020254706 0.992468357 0.9514422219
-0.885136174 0.46426877 -0.031439822 0.992468357 0.9514422219
-0.904691266 0.422310956 -0.056455031 0.992468357 0.9514422219
-0.914627295 0.397089426 -0.076005913 0.992468357 0.9514422219
-0.909483632 0.410670625 -0.064723722 0.992468357 0.9514422219
0.0141505 -0.97090881 -0.239031055 0.9921640837 0.9506557947
-0.001737581 -0.969928215 -0.243384959 0.9921640837 0.9506557947
-0.00270406 -0.969993504 -0.243115798 0.9921640837 0.9506557947
-0.97355109 -0.219913472 0.061938193 0.992468357 0.9514422219
-0.976884447 -0.205690609 0.058207827 0.992468357 0.9514422219
-0.978992828 -0.196133767 0.05571883 0.992468357 0.9514422219
0.245628467 -0.964491094 -0.097075159 0.992468357 0.9514422219
0.233515342 -0.967855394 -0.093415849 0.992468357 0.9514422219
0.243950545 -0.96510061 -0.095231006 0.992468357 0.9514422219
-0.751958968 -0.659123909 0.010648157 0.992468357 0.9514422219
-0.729841677 -0.683542165 -0.010061531 0.992468357 0.9514422219
-0.741038789 -0.671462167 0.000269004 0.992468357 0.9514422219
-0.780648667 -0.624945198 0.005581931 0.992468357 0.9514422219
-0.807757216 -0.589515061 0.000522438 0.992468357 0.9514422219
-0.025305461 -0.9601868 -0.278210251 0.992468357 0.9514422219
-0.020963372 -0.961995555 -0.27225923 0.992468357 0.9514422219
-0.021194206 -0.961772987 -0.273026605 0.992468357 0.9514422219
-0.996964212 0.076061677 -0.016642728 0.9922126432 0.9506533159
-0.994466901 0.103947179 -0.015184411 0.9922126432 0.9506533159
-0.995564851 0.093221772 -0.012662119 0.9922126432 0.9506533159
-0.411490856 -0.903935693 -0.116514113 0.992468357 0.9514422219
-0.400837455 -0.907906844 -0.12261524 0.992468357 0.9514422219
-0.426161115 -0.899100972 -0.10002073 0.992468357 0.9514422219
-0.665148529 -0.745782896 -0.037219702 0.992468357 0.9514422219
-0.648921698 -0.759454865 -0.046140412 0.992468357 0.9514422219
-0.650595424 -0.758092744 -0.044955374 0.992468357 0.9514422219
-0.177169853 -0.923992813 -0.338892498 0.992468357 0.9514422219
-0.179015225 -0.92561253 -0.333459132 0.992468357 0.9514422219
-0.156842078 -0.934354379 -0.319972589 0.992468357 0.9514422219
-0.491931638 -0.870405943 -0.019918791 0.9921671435 0.9506561059
-0.498315052 -0.866790482 -0.018877735 0.9921671435 0.9506561059
-0.511286526 -0.859209907 -0.018558668 0.9921671435 0.9506561059
-0.428428016 -0.90226517 -0.048651798 0.9921671435 0.9506561059
-0.408031261 -0.910616964 -0.065476979 0.9921671435 0.9506561059
-0.410618028 -0.90995505 -0.058091674 0.9921671435 0.9506561059
0.240642163 -0.919473207 -0.310902511 0.992468357 0.9514422219
0.249658663 -0.913209517 -0.322054234 0.992468357 0.9514422219
0.246592373 -0.912088955 -0.327545325 0.992468357 0.9514422219
0.494681744 -0.869033564 0.00840458 0.992468357 0.9514422219
0.474222941 -0.880386426 -0.005687066 0.992468357 0.9514422219
0.488494959 -0.872514579 0.009538559 0.992468357 0.9514422219
-0.235901917 -0.927534293 -0.289880011 0.992468357 0.9514422219
-0.229360253 -0.932344914 -0.279511781 0.992468357 0.9514422219
-0.233024769 -0.928179641 -0.290141366 0.992468357 0.9514422219
0.150716101 -0.918815449 -0.364777778 0.992468357 0.9514422219
0.126588851 -0.931225363 -0.34175223 0.992468357 0.9514422219
0.15156498 -0.918689978 -0.364742074 0.992468357 0.9514422219
-0.998510768 0.050755766 -0.020002484 0.9922126432 0.9506533159
-0.997382116 0.069610938 -0.019576328 0.9922126432 0.9506533159
-0.996976881 0.075329819 -0.019039906 0.9922126432 0.9506533159
-0.012359039 -0.970757501 -0.23974388 0.992468357 0.9514422219
-0.015920145 -0.971572361 -0.236206894 0.992468357 0.9514422219
-0.016814344 -0.971351598 -0.237051369 0.992468357 0.9514422219
0.003680557 -0.967197214 -0.254000005 0.992468357 0.9514422219
0.006940497 -0.966295471 -0.257341974 0.992468357 0.9514422219
0.008442707 -0.965926656 -0.258678208 0.992468357 0.9514422219
-0.105746055 -0.963970169 -0.244088684 0.992468357 0.9514422219
-0.111045783 -0.963012368 -0.245511736 0.992468357 0.9514422219
-0.136627328 -0.963803034 -0.228946904 0.992468357 0.9514422219
0.414927095 -0.907987551 -0.05825901 0.992468357 0.9514422219
0.427030481 -0.902908449 -0.049003068 0.992468357 0.9514422219
0.437486193 -0.898375168 -0.039088214 0.992468357 0.9514422219
0.325806134 -0.938643973 -0.113127607 0.992468357 0.9514422219
0.317578454 -0.941748517 -0.110696239 0.9921640837 0.9506557947
0.334009011 -0.93546007 -0.115552751 0.992468357 0.9514422219
0.346597114 -0.932104666 -0.105125322 0.992468357 0.9514422219
0.359088076 -0.928489739 -0.094670791 0.992468357 0.9514422219
-0.994898173 0.099702496 -0.015396023 0.992468357 0.9514422219
-0.995690349 0.091737307 -0.013601285 0.992468357 0.9514422219
-0.99083638 0.133153232 -0.022660185 0.992468357 0.9514422219
0.267077624 -0.885484664 -0.380245253 0.9921671435 0.9506561059
0.261227708 -0.891176878 -0.370896018 0.9921671435 0.9506561059
0.258373029 -0.890844229 -0.373684276 0.9921671435 0.9506561059
-0.42328801 -0.897826445 -0.121387542 0.992468357 0.9514422219
-0.407662267 -0.90354247 -0.131994251 0.992468357 0.9514422219
-0.436661891 -0.893273477 -0.106718733 0.992468357 0.9514422219
-0.479565284 -0.873758965 -0.081008702 0.992468357 0.9514422219
-0.509566409 -0.858755667 -0.053672885 0.992468357 0.9514422219
-0.501842535 -0.862617023 -0.063607716 0.992468357 0.9514422219
-0.907972317 -0.416519896 -0.045797904 0.9922126432 0.9506533159
-0.917912196 -0.395446483 -0.032546587 0.9922126432 0.9506533159
-0.903442331 -0.42598499 -0.048257049 0.9922126432 0.9506533159
-0.917379908 -0.396860939 -0.030257222 0.9922126432 0.9506533159
-0.920426704 -0.390450466 -0.019055623 0.9922126432 0.9506533159
-0.918922756 -0.3936663 -0.024653851 0.9922126432 0.9506533159
-0.929636295 -0.368355995 -0.009498439 0.9922126432 0.9506533159
-0.940596679 -0.339338735 0.011274293 0.9922126432 0.9506533159
-0.551429008 -0.832993869 -0.045246693 0.992468357 0.9514422219
-0.549470275 -0.83411888 -0.048250494 0.992468357 0.9514422219
-0.528219748 -0.846795827 -0.062615703 0.992468357 0.9514422219
-0.56119576 -0.827019627 -0.033133914 0.992468357 0.9514422219
-0.546310771 -0.836580616 -0.040956252 0.992468357 0.9514422219
-0.561104363 -0.827062582 -0.03360624 0.992468357 0.9514422219
-0.969241161 -0.244702129 0.026314243 0.9922126432 0.9506533159
-0.964143759 -0.264216947 0.024823726 0.9922126432 0.9506533159
-0.968315857 -0.247497297 0.033308991 0.9922126432 0.9506533159
-0.978438881 -0.206492279 0.00427724 0.992468357 0.9514422219
-0.981066787 -0.193637419 -0.003536825 0.992468357 0.9514422219
-0.979069411 -0.203478061 -0.004446128 0.992468357 0.9514422219
-0.843917749 -0.53646741 -0.002355849 0.9922126432 0.9506533159
-0.837402057 -0.546575673 0.003581616 0.9922126432 0.9506533159
-0.840678727 -0.541533842 0.000612711 0.9922126432 0.9506533159
-0.838347598 -0.545105846 0.005737751 0.9922126432 0.9506533159
-0.832633901 -0.553651075 0.01383015 0.9922126432 0.9506533159
-0.617551872 -0.783668181 -0.067036313 0.992468357 0.9514422219
-0.614260457 -0.786333021 -0.066064147 0.992468357 0.9514422219
-0.610008905 -0.789997115 -0.061592973 0.992468357 0.9514422219
0.510576333 -0.808733951 0.291995214 0.9922126432 0.9506533159
0.172717953 -0.868804263 0.464055666 0.9922126432 0.9506533159
0.509460063 -0.806510588 0.299985192 0.9922126432 0.9506533159
0.285829295 -0.954052132 -0.089922988 0.992468357 0.9514422219
0.281571499 -0.955907329 -0.083418637 0.992468357 0.9514422219
0.290068843 -0.952135955 -0.096421929 0.992468357 0.9514422219
0.28530988 -0.953543374 -0.096712491 0.992468357 0.9514422219
0.280544296 -0.954927133 -0.097000353 0.992468357 0.9514422219
-0.370134889 -0.915690628 -0.156559373 0.992468357 0.9514422219
-0.365005146 -0.918477595 -0.152217443 0.992468357 0.9514422219
-0.379190938 -0.915284588 -0.135898326 0.992468357 0.9514422219
-0.369548968 -0.918313879 -0.14189144 0.992468357 0.9514422219
-0.359855277 -0.921216513 -0.147865873 0.992468357 0.9514422219
0.220287445 -0.891630489 -0.39556101 0.992468357 0.9514422219
0.227490928 -0.887206762 -0.401387643 0.992468357 0.9514422219
0.214565973 -0.893360646 -0.394801469 0.992468357 0.9514422219
-0.219690773 -0.963273901 -0.154399985 0.992468357 0.9514422219
-0.217158478 -0.963335889 -0.157563196 0.992468357 0.9514422219
-0.189965611 -0.965152046 -0.179984983 0.992468357 0.9514422219
-0.265890854 -0.956502476 -0.12002111 0.992468357 0.9514422219
-0.26945708 -0.956060465 -0.115504412 0.992468357 0.9514422219
-0.276591353 -0.953573709 -0.119140273 0.992468357 0.9514422219
-0.556355401 -0.830813864 -0.014730609 0.992468357 0.9514422219
-0.558422804 -0.829478508 -0.011374397 0.992468357 0.9514422219
-0.564608091 -0.825193582 -0.016530484 0.992468357 0.9514422219
-0.923219164 0.382941856 -0.031967341 0.992468357 0.9514422219
-0.920825087 0.387937768 -0.039817666 0.992468357 0.9514422219
-0.926086058 0.375313529 -0.038786174 0.992468357 0.9514422219
-0.977554915 -0.097732457 0.186640711 0.992468357 0.9514422219
-0.984942643 -0.100935889 0.140356459 0.992468357 0.9514422219
-0.630876465 -0.719739906 0.289774659 0.992468357 0.9514422219
-0.942125697 -0.334714313 0.019118052 0.9922126432 0.9506533159
-0.941371706 -0.337028852 0.015194212 0.9922126432 0.9506533159
-0.931862728 -0.362811046 3.1407e-05 0.9922126432 0.9506533159
-0.963611452 -0.262266851 0.051663024 0.9922126432 0.9506533159
-0.968811827 -0.241120078 0.057138008 0.9922126432 0.9506533159
-0.968811199 -0.241461912 0.055686675 0.9922126432 0.9506533159
-0.627006108 -0.778861447 -0.01543331 0.992468357 0.9514422219
-0.602596247 -0.797301673 -0.034464545 0.992468357 0.9514422219
-0.614900254 -0.788209845 -0.024958331 0.992468357 0.9514422219
-0.643433029 -0.765276707 -0.018587602 0.992468357 0.9514422219
-0.659557694 -0.751339901 -0.02172558 0.992468357 0.9514422219
-0.288933618 -0.945732434 -0.148686001 0.992468357 0.9514422219
-0.284352133 -0.946108488 -0.154992235 0.992468357 0.9514422219
-0.293497084 -0.945299045 -0.142369859 0.992468357 0.9514422219
-0.303780896 -0.94290662 -0.136544031 0.992468357 0.9514422219
-0.314020051 -0.940377288 -0.130697983 0.992468357 0.9514422219
0.337463286 -0.835298235 -0.434045377 0.992468357 0.9514422219
0.328408194 -0.847263292 -0.417484098 0.992468357 0.9514422219
0.332956128 -0.841333454 -0.425791305 0.992468357 0.9514422219
0.335892104 -0.832160855 -0.441231011 0.992468357 0.9514422219
0.334300476 -0.828970183 -0.44838781 0.992468357 0.9514422219
0.335227869 -0.875647292 -0.34765514 0.992468357 0.9514422219
0.318465246 -0.902034843 -0.291398403 0.992468357 0.9514422219
0.327018171 -0.889301446 -0.319690559 0.992468357 0.9514422219
0.326363731 -0.883656197 -0.335616509 0.992468357 0.9514422219
0.317415674 -0.891408812 -0.323477386 0.992468357 0.9514422219
-0.463229265 -0.879684644 -0.10758055 0.992468357 0.9514422219
-0.447687326 -0.886434051 -0.117519071 0.992468357 0.9514422219
-0.478592273 -0.872595933 -0.097600074 0.992468357 0.9514422219
-0.490080697 -0.866911015 -0.091028577 0.992468357 0.9514422219
-0.501467159 -0.861046444 -0.084437608 0.992468357 0.9514422219
-0.31862493 -0.943799106 -0.087871507 0.992468357 0.9514422219
-0.347690176 -0.934511493 -0.076156491 0.992468357 0.9514422219
-0.325835125 -0.941891011 -0.081687182 0.992468357 0.9514422219
-0.826713139 -0.562246076 0.020609142 0.9922126432 0.9506533159
-0.82968964 -0.55795929 0.017220096 0.9922126432 0.9506533159
-0.832125162 -0.554455944 0.012096297 0.9922126432 0.9506533159
0.578917654 -0.815126589 -0.020566817 0.992468357 0.9514422219
0.586446067 -0.809416321 -0.03043403 0.992468357 0.9514422219
0.58269551 -0.812290369 -0.025500981 0.992468357 0.9514422219
0.581433195 -0.813167937 -0.026331449 0.992468357 0.9514422219
0.583923599 -0.811173935 -0.032094831 0.992468357 0.9514422219
0.595338512 -0.802918486 -0.029899164 0.992468357 0.9514422219
0.604024692 -0.796439415 -0.02895563 0.992468357 0.9514422219
0.62024063 -0.784049688 -0.023825371 0.992468357 0.9514422219
0.616448443 -0.786968622 -0.025917264 0.992468357 0.9514422219
0.612639462 -0.789866061 -0.028008843 0.992468357 0.9514422219
-0.014136964 -0.979620573 -0.200358874 0.992468357 0.9514422219
-0.020318065 -0.977942107 -0.207885572 0.992468357 0.9514422219
-0.020894062 -0.978474963 -0.2053051 0.992468357 0.9514422219
-0.998880154 0.020883694 -0.04245362 0.9922126432 0.9506533159
-0.998648039 0.041320665 -0.031538818 0.9922126432 0.9506533159
-0.998929987 0.020032842 -0.041684133 0.9922126432 0.9506533159
-0.149686157 -0.904886004 -0.398466278 0.992468357 0.9514422219
-0.13883253 -0.907045105 -0.39748548 0.992468357 0.9514422219
-0.160521354 -0.902615286 -0.399397722 0.992468357 0.9514422219
-0.170644346 -0.900051482 -0.400983586 0.992468357 0.9514422219
-0.180748333 -0.897387343 -0.40252453 0.992468357 0.9514422219
0.372987449 -0.924197951 -0.082088431 0.9921640837 0.9506557947
0.374416052 -0.923939375 -0.078413336 0.9921640837 0.9506557947
0.357118618 -0.929049457 -0.096609524 0.9921640837 0.9506557947
0.327222884 -0.937814744 -0.115882224 0.9921640837 0.9506557947
0.346809243 -0.932336902 -0.10232913 0.9921640837 0.9506557947
0.362266641 -0.927077055 -0.096389916 0.9921640837 0.9506557947
0.381496082 -0.9206602 -0.082737752 0.9921640837 0.9506557947
0.364231749 -0.926697855 -0.092554411 0.9921640837 0.9506557947
0.366188805 -0.926301996 -0.088715113 0.9921640837 0.9506557947
0.385350509 -0.919713264 -0.075049964 0.9921640837 0.9506557947
-0.050721187 -0.973317388 -0.223787005 0.9921671435 0.9506561059
-0.056941943 -0.972781371 -0.22461972 0.9921671435 0.9506561059
-0.043422726 -0.971378294 -0.233535173 0.9921671435 0.9506561059
-0.052812718 -0.977355809 -0.204905928 0.992468357 0.9514422219
-0.043551451 -0.977390244 -0.206909597 0.992468357 0.9514422219
-0.063078662 -0.978854656 -0.194588401 0.992468357 0.9514422219
-0.383856348 -0.911398209 -0.148349619 0.992468357 0.9514422219
-0.410978879 -0.902066426 -0.13180487 0.992468357 0.9514422219
-0.39747316 -0.906856074 -0.140096925 0.992468357 0.9514422219
-0.388351792 -0.911119078 -0.138003303 0.992468357 0.9514422219
-0.39279937 -0.910722794 -0.127642655 0.992468357 0.9514422219
-0.550703544 -0.583084555 0.597275489 0.9922126432 0.9506533159
-0.767686817 -0.249488693 0.590264639 0.9922126432 0.9506533159
-0.220859376 -0.698523862 0.680650828 0.9922126432 0.9506533159
-0.814393627 -0.405684267 0.414949751 0.9922126432 0.9506533159
-0.845760047 -0.4652022 0.261298404 0.9922126432 0.9506533159
-0.966916043 -0.086424109 0.240008831 0.9922126432 0.9506533159
0.282681937 -0.872197898 -0.39920139 0.992468357 0.9514422219
0.285831856 -0.864899415 -0.412612593 0.992468357 0.9514422219
0.294102226 -0.864098875 -0.408456869 0.992468357 0.9514422219
0.291522684 -0.86078492 -0.417209596 0.992468357 0.9514422219
0.288913578 -0.8573902 -0.425923689 0.992468357 0.9514422219
0.31860918 -0.83335366 -0.451674516 0.992468357 0.9514422219
0.318973731 -0.838357299 -0.442055198 0.992468357 0.9514422219
0.316749106 -0.834838492 -0.450238489 0.992468357 0.9514422219
-0.330611397 -0.817861717 -0.470954687 0.992468357 0.9514422219
-0.331236558 -0.824975404 -0.457927861 0.992468357 0.9514422219
-0.329714002 -0.818631691 -0.470245501 0.992468357 0.9514422219
0.595161396 -0.803368791 -0.019531971 0.992468357 0.9514422219
0.594514237 -0.803639571 -0.026763064 0.992468357 0.9514422219
0.59636254 -0.80269923 -0.00506625 0.992468357 0.9514422219
0.595777563 -0.803055311 -0.012298943 0.992468357 0.9514422219
0.601909347 -0.79839003 -0.016688239 0.992468357 0.9514422219
0.608609429 -0.793349186 -0.013843119 0.992468357 0.9514422219
0.60799313 -0.793662491 -0.021076143 0.992468357 0.9514422219
0.609098821 -0.792666939 -0.026033629 0.992468357 0.9514422219
0.621456588 -0.783111135 -0.02299261 0.992468357 0.9514422219
0.596586773 -0.80202199 -0.029068028 0.992468357 0.9514422219
0.597833187 -0.801123072 -0.028236569 0.992468357 0.9514422219
0.599077813 -0.800221672 -0.027405284 0.992468357 0.9514422219
0.159297831 -0.944055503 -0.288761855 0.992468357 0.9514422219
0.173303081 -0.938132416 -0.29978928 0.992468357 0.9514422219
0.166784839 -0.94200423 -0.291223021 0.992468357 0.9514422219
0.28881442 -0.843764077 -0.452380828 0.992468357 0.9514422219
0.293791595 -0.839659955 -0.456790606 0.992468357 0.9514422219
0.290359781 -0.844696835 -0.449642585 0.992468357 0.9514422219
0.295641345 -0.833584401 -0.466618946 0.992468357 0.9514422219
0.297197617 -0.834548908 -0.463898369 0.992468357 0.9514422219
0.298750963 -0.835504488 -0.461172541 0.992468357 0.9514422219
0.300300694 -0.836451109 -0.458441965 0.992468357 0.9514422219
0.299721674 -0.878033346 -0.373127809 0.992468357 0.9514422219
0.301680707 -0.873707282 -0.381607569 0.992468357 0.9514422219
0.301674523 -0.878926321 -0.369433356 0.992468357 0.9514422219
-0.993887336 -0.093383741 -0.058884966 0.9922126432 0.9506533159
-0.993901525 -0.093069518 -0.059142399 0.9922126432 0.9506533159
-0.993056806 -0.105841023 -0.051340609 0.9922126432 0.9506533159
-0.997229551 -0.051537084 -0.053639093 0.9922126432 0.9506533159
-0.997517175 -0.049760197 -0.049833814 0.9922126432 0.9506533159
-0.998714895 -0.023580958 -0.044860867 0.9922126432 0.9506533159
0.42619405 -0.90366798 -0.041747011 0.9921640837 0.9506557947
0.405925346 -0.912037163 -0.058419412 0.9921640837 0.9506557947
0.404046232 -0.912616316 -0.062274408 0.9921640837 0.9506557947
0.208059122 -0.894633251 -0.395402008 0.992468357 0.9514422219
0.197710697 -0.898173818 -0.392675787 0.992468357 0.9514422219
0.207815557 -0.894749333 -0.39526741 0.992468357 0.9514422219
-0.894235897 0.445467738 -0.043596504 0.992468357 0.9514422219
-0.908650073 0.413668044 -0.056866454 0.992468357 0.9514422219
-0.909681829 0.411298257 -0.057556175 0.992468357 0.9514422219
-0.915877062 0.396354298 -0.063815966 0.992468357 0.9514422219
-0.921796645 0.381291195 -0.070056908 0.992468357 0.9514422219
-0.997310118 -0.047121464 -0.056143535 0.992468357 0.9514422219
-0.998258971 -0.027650351 -0.052100728 0.992468357 0.9514422219
-0.998225747 -0.033702586 -0.049086589 0.992468357 0.9514422219
-0.993558693 -0.098631664 -0.05579354 0.992468357 0.9514422219
-0.993259282 -0.104172999 -0.05083292 0.992468357 0.9514422219
-0.992513819 -0.111723535 -0.049337314 0.992468357 0.9514422219
0.330400248 -0.835785694 -0.438517902 0.992468357 0.9514422219
0.327434172 -0.844881628 -0.423038883 0.992468357 0.9514422219
0.326447028 -0.842468419 -0.428578232 0.992468357 0.9514422219
0.324013151 -0.939139926 -0.11415637 0.9921640837 0.9506557947
0.320797653 -0.940451631 -0.112425954 0.9921640837 0.9506557947
0.34162433 -0.934016044 -0.104435854 0.9921640837 0.9506557947
0.309428332 -0.942986799 -0.122596922 0.9921640837 0.9506557947
0.305949048 -0.944238353 -0.121692696 0.9921640837 0.9506557947
0.281333854 -0.953354888 -0.109387931 0.9921640837 0.9506557947
0.277818426 -0.954490042 -0.108469731 0.9921640837 0.9506557947
0.291922842 -0.949491353 -0.115096587 0.9921640837 0.9506557947
0.302465205 -0.945476236 -0.120786949 0.9921640837 0.9506557947
0.298977127 -0.946700413 -0.119879129 0.9921640837 0.9506557947
0.351384588 -0.932022582 -0.088672301 0.992468357 0.9514422219
0.364368033 -0.927860918 -0.079435843 0.992468357 0.9514422219
0.338304144 -0.935932159 -0.09788411 0.992468357 0.9514422219
0.341484631 -0.935700362 -0.088617607 0.992468357 0.9514422219
0.344633957 -0.935377872 -0.079345268 0.992468357 0.9514422219
0.277440085 -0.956957521 -0.085201542 0.992468357 0.9514422219
0.277937914 -0.957393887 -0.078405746 0.992468357 0.9514422219
0.276929041 -0.9564766 -0.091993586 0.992468357 0.9514422219
0.273302468 -0.957987341 -0.086982849 0.992468357 0.9514422219
0.269665186 -0.959459137 -0.081968606 0.992468357 0.9514422219
0.278739909 -0.957450087 -0.074788995 0.992468357 0.9514422219
0.283011527 -0.956155168 -0.075311152 0.992468357 0.9514422219
0.272075833 -0.959644047 -0.071119925 0.992468357 0.9514422219
0.276356707 -0.958380954 -0.071644384 0.992468357 0.9514422219
0.279686312 -0.957275563 -0.073478315 0.992468357 0.9514422219
0.287277461 -0.954840938 -0.075831686 0.992468357 0.9514422219
0.291537569 -0.953507426 -0.076350733 0.992468357 0.9514422219
0.275875484 -0.955058201 -0.108427621 0.9921640837 0.9506557947
0.273931279 -0.95562245 -0.108385362 0.9921640837 0.9506557947
0.286484249 -0.951261199 -0.11414424 0.9921640837 0.9506557947
0.28211667 -0.952970424 -0.110713846 0.9921640837 0.9506557947
0.29619709 -0.947892693 -0.117331697 0.9921640837 0.9506557947
0.282898617 -0.95258356 -0.112039879 0.9921640837 0.9506557947
0.294995954 -0.868051698 -0.399328982 0.992468357 0.9514422219
0.283543838 -0.87605892 -0.390030332 0.992468357 0.9514422219
0.289279467 -0.872086216 -0.394693581 0.992468357 0.9514422219
0.295859755 -0.871918447 -0.390160516 0.992468357 0.9514422219
0.296693315 -0.87569811 -0.380953931 0.992468357 0.9514422219
-0.82997303 0.557633251 -0.013781385 0.9922126432 0.9506533159
-0.838307282 0.545191322 -0.002706026 0.9922126432 0.9506533159
-0.834176361 0.551436155 -0.008244121 0.9922126432 0.9506533159
-0.833366082 0.552662789 -0.008050759 0.9922126432 0.9506533159
-0.836701642 0.547654071 -0.002319721 0.9922126432 0.9506533159
-0.299584747 -0.86284021 -0.407131122 0.992468357 0.9514422219
-0.286537282 -0.885119915 -0.366686682 0.992468357 0.9514422219
-0.293143343 -0.874232296 -0.387020508 0.992468357 0.9514422219
-0.300058857 -0.869834836 -0.39160189 0.992468357 0.9514422219
-0.30044034 -0.876577855 -0.375961257 0.992468357 0.9514422219
-0.297802999 -0.843401118 -0.447200099 0.992468357 0.9514422219
-0.296214925 -0.839970138 -0.45465029 0.992468357 0.9514422219
-0.291983146 -0.846773642 -0.444657444 0.992468357 0.9514422219
0.263966027 -0.962105403 -0.068374926 0.992468357 0.9514422219
0.265872295 -0.961247289 -0.072907973 0.992468357 0.9514422219
0.259820306 -0.963105299 -0.070154052 0.992468357 0.9514422219
0.276045351 -0.958301234 -0.07387631 0.992468357 0.9514422219
0.271911686 -0.959343426 -0.075658615 0.992468357 0.9514422219
0.267772013 -0.960365185 -0.0774394 0.992468357 0.9514422219
0.26362675 -0.961366427 -0.07921824 0.992468357 0.9514422219
0.255248215 -0.86967351 -0.422511935 0.992468357 0.9514422219
0.257763997 -0.869281146 -0.421791431 0.992468357 0.9514422219
0.270601203 -0.856195912 -0.440117653 0.992468357 0.9514422219
0.265460874 -0.862607231 -0.430626625 0.992468357 0.9514422219
0.260278676 -0.868882676 -0.42106758 0.992468357 0.9514422219
-0.888753843 0.456734616 -0.038859972 0.992468357 0.9514422219
-0.877312358 0.47902048 -0.029366754 0.992468357 0.9514422219
-0.883112333 0.467919521 -0.034116405 0.992468357 0.9514422219
-0.896897393 0.439854245 -0.04586186 0.992468357 0.9514422219
-0.904681917 0.422797813 -0.052845415 0.992468357 0.9514422219
-0.288063999 -0.898356035 -0.331625642 0.992468357 0.9514422219
-0.281589502 -0.908375341 -0.309130381 0.992468357 0.9514422219
-0.294350135 -0.887753977 -0.353908003 0.992468357 0.9514422219
-0.28734783 -0.891895426 -0.349218805 0.992468357 0.9514422219
-0.280326892 -0.895957075 -0.344496375 0.992468357 0.9514422219
0.255243577 -0.964013162 -0.074359524 0.992468357 0.9514422219
0.257533248 -0.963563978 -0.072257079 0.992468357 0.9514422219
0.259438465 -0.962701925 -0.076789885 0.992468357 0.9514422219
0.285237427 -0.844011685 -0.454184858 0.992468357 0.9514422219
0.29045289 -0.838836985 -0.460423317 0.992468357 0.9514422219
0.287026645 -0.843889591 -0.453283645 0.992468357 0.9514422219
0.273373413 -0.855442331 -0.439869749 0.992468357 0.9514422219
0.265727799 -0.862280511 -0.43111606 0.992468357 0.9514422219
0.276143997 -0.854681772 -0.439617517 0.992468357 0.9514422219
-0.921815921 0.387376322 -0.01396398 0.992468357 0.9514422219
-0.997295527 0.052484921 -0.051448663 0.992468357 0.9514422219
-0.920307609 0.391127438 -0.00729601 0.992468357 0.9514422219
-0.997458895 0.056462449 -0.043448184 0.992468357 0.9514422219
-0.99741315 0.05442544 -0.046956149 0.992468357 0.9514422219
-0.953893337 -0.288765454 -0.081865832 0.992468357 0.9514422219
-0.79673352 -0.595570457 -0.102525751 0.992468357 0.9514422219
0.616989069 -0.786654157 -0.022354555 0.992468357 0.9514422219
0.605813213 -0.795227695 -0.024561429 0.992468357 0.9514422219
0.612501148 -0.790171365 -0.021715402 0.992468357 0.9514422219
0.315120911 -0.870356497 -0.37838919 0.992468357 0.9514422219
0.31100755 -0.87356951 -0.374366952 0.992468357 0.9514422219
0.31922268 -0.86710516 -0.382394458 0.992468357 0.9514422219
0.317103801 -0.874586609 -0.366801639 0.992468357 0.9514422219
0.314888054 -0.881802513 -0.351098052 0.992468357 0.9514422219
-0.266826267 -0.848996911 -0.456078927 0.992468357 0.9514422219
-0.267094833 -0.854080763 -0.446325442 0.992468357 0.9514422219
-0.266525568 -0.843810163 -0.465777341 0.992468357 0.9514422219
-0.263725596 -0.843143872 -0.468569335 0.992468357 0.9514422219
-0.260922041 -0.842463859 -0.471353726 0.992468357 0.9514422219
-0.987980145 -0.153786375 0.015651964 0.992468357 0.9514422219
-0.978619873 -0.205505366 0.00840761 0.992468357 0.9514422219
-0.983645953 -0.179711625 0.012015479 0.992468357 0.9514422219
-0.994583138 -0.103580171 0.00869076 0.992468357 0.9514422219
-0.998587393 -0.05310592 0.001726078 0.992468357 0.9514422219
-0.844303815 0.535691985 -0.013607549 0.992468357 0.9514422219
-0.842702023 0.537668009 -0.027684163 0.992468357 0.9514422219
-0.843524317 0.536693969 -0.020647291 0.992468357 0.9514422219
-0.850113139 0.526316556 -0.017278104 0.992468357 0.9514422219
-0.855807002 0.516871005 -0.020946117 0.992468357 0.9514422219
-0.850861221 0.525272289 -0.011144771 0.9922126432 0.9506533159
-0.8628828 0.505024768 -0.019576938 0.9922126432 0.9506533159
-0.850089824 0.526523825 -0.010952349 0.9922126432 0.9506533159
0.229160221 -0.969784037 -0.083692978 0.992468357 0.9514422219
0.211409963 -0.972874731 -0.093917971 0.992468357 0.9514422219
0.217952557 -0.97166354 -0.091469383 0.992468357 0.9514422219
0.266671654 -0.961293426 -0.06929054 0.992468357 0.9514422219
0.269374936 -0.960472971 -0.07020553 0.992468357 0.9514422219
0.272712279 -0.95939462 -0.07204149 0.992468357 0.9514422219
-0.930821529 0.365404622 -0.007123373 0.992468357 0.9514422219
-0.930097768 0.367292513 -0.003788306 0.992468357 0.9514422219
-0.931531323 0.363510547 -0.010463131 0.992468357 0.9514422219
-0.940616827 0.339399002 -0.006950032 0.992468357 0.9514422219
-0.949066037 0.315058525 -0.00343261 0.992468357 0.9514422219
