crown_height,max_stress,mean_stress,cable_tension,boundary_reaction_mean
0.15314713,5278.02035018,675.32714213,26586.99764525,42.29223764
