crown_height,max_stress,mean_stress,cable_tension,boundary_reaction_mean
0.05871277,6945.92306680,527.90913981,13862.93633574,37.81118418
