OFF
1599 3068 0
0.5000000000 0.0000000000 0.0000000000
0.4993977281 0.0245338372 0.0000000000
0.4975923633 0.0490085702 0.0000000000
0.4945882550 0.0733652372 0.0000000000
0.4903926402 0.0975451610 0.0000000000
0.4850156266 0.1214900900 0.0000000000
0.4784701679 0.1451423386 0.0000000000
0.4707720326 0.1684449267 0.0000000000
0.4619397663 0.1913417162 0.0000000000
0.4519946466 0.2137775467 0.0000000000
0.4409606322 0.2356983684 0.0000000000
0.4288643050 0.2570513721 0.0000000000
0.4157348062 0.2777851165 0.0000000000
0.4016037657 0.2978496522 0.0000000000
0.3865052267 0.3171966421 0.0000000000
0.3704755627 0.3357794774 0.0000000000
0.3535533906 0.3535533906 0.0000000000
0.3357794774 0.3704755627 0.0000000000
0.3171966421 0.3865052267 0.0000000000
0.2978496522 0.4016037657 0.0000000000
0.2777851165 0.4157348062 0.0000000000
0.2570513721 0.4288643050 0.0000000000
0.2356983684 0.4409606322 0.0000000000
0.2137775467 0.4519946466 0.0000000000
0.1913417162 0.4619397663 0.0000000000
0.1684449267 0.4707720326 0.0000000000
0.1451423386 0.4784701679 0.0000000000
0.1214900900 0.4850156266 0.0000000000
0.0975451610 0.4903926402 0.0000000000
0.0733652372 0.4945882550 0.0000000000
0.0490085702 0.4975923633 0.0000000000
0.0245338372 0.4993977281 0.0000000000
0.0000000000 0.5000000000 0.0000000000
-0.0245338372 0.4993977281 0.0000000000
-0.0490085702 0.4975923633 0.0000000000
-0.0733652372 0.4945882550 0.0000000000
-0.0975451610 0.4903926402 0.0000000000
-0.1214900900 0.4850156266 0.0000000000
-0.1451423386 0.4784701679 0.0000000000
-0.1684449267 0.4707720326 0.0000000000
-0.1913417162 0.4619397663 0.0000000000
-0.2137775467 0.4519946466 0.0000000000
-0.2356983684 0.4409606322 0.0000000000
-0.2570513721 0.4288643050 0.0000000000
-0.2777851165 0.4157348062 0.0000000000
-0.2978496522 0.4016037657 0.0000000000
-0.3171966421 0.3865052267 0.0000000000
-0.3357794774 0.3704755627 0.0000000000
-0.3535533906 0.3535533906 0.0000000000
-0.3704755627 0.3357794774 0.0000000000
-0.3865052267 0.3171966421 0.0000000000
-0.4016037657 0.2978496522 0.0000000000
-0.4157348062 0.2777851165 0.0000000000
-0.4288643050 0.2570513721 0.0000000000
-0.4409606322 0.2356983684 0.0000000000
-0.4519946466 0.2137775467 0.0000000000
-0.4619397663 0.1913417162 0.0000000000
-0.4707720326 0.1684449267 0.0000000000
-0.4784701679 0.1451423386 0.0000000000
-0.4850156266 0.1214900900 0.0000000000
-0.4903926402 0.0975451610 0.0000000000
-0.4945882550 0.0733652372 0.0000000000
-0.4975923633 0.0490085702 0.0000000000
-0.4993977281 0.0245338372 0.0000000000
-0.5000000000 0.0000000000 0.0000000000
-0.4993977281 -0.0245338372 0.0000000000
-0.4975923633 -0.0490085702 0.0000000000
-0.4945882550 -0.0733652372 0.0000000000
-0.4903926402 -0.0975451610 0.0000000000
-0.4850156266 -0.1214900900 0.0000000000
-0.4784701679 -0.1451423386 0.0000000000
-0.4707720326 -0.1684449267 0.0000000000
-0.4619397663 -0.1913417162 0.0000000000
-0.4519946466 -0.2137775467 0.0000000000
-0.4409606322 -0.2356983684 0.0000000000
-0.4288643050 -0.2570513721 0.0000000000
-0.4157348062 -0.2777851165 0.0000000000
-0.4016037657 -0.2978496522 0.0000000000
-0.3865052267 -0.3171966421 0.0000000000
-0.3704755627 -0.3357794774 0.0000000000
-0.3535533906 -0.3535533906 0.0000000000
-0.3357794774 -0.3704755627 0.0000000000
-0.3171966421 -0.3865052267 0.0000000000
-0.2978496522 -0.4016037657 0.0000000000
-0.2777851165 -0.4157348062 0.0000000000
-0.2570513721 -0.4288643050 0.0000000000
-0.2356983684 -0.4409606322 0.0000000000
-0.2137775467 -0.4519946466 0.0000000000
-0.1913417162 -0.4619397663 0.0000000000
-0.1684449267 -0.4707720326 0.0000000000
-0.1451423386 -0.4784701679 0.0000000000
-0.1214900900 -0.4850156266 0.0000000000
-0.0975451610 -0.4903926402 0.0000000000
-0.0733652372 -0.4945882550 0.0000000000
-0.0490085702 -0.4975923633 0.0000000000
-0.0245338372 -0.4993977281 0.0000000000
-0.0000000000 -0.5000000000 0.0000000000
0.0245338372 -0.4993977281 0.0000000000
0.0490085702 -0.4975923633 0.0000000000
0.0733652372 -0.4945882550 0.0000000000
0.0975451610 -0.4903926402 0.0000000000
0.1214900900 -0.4850156266 0.0000000000
0.1451423386 -0.4784701679 0.0000000000
0.1684449267 -0.4707720326 0.0000000000
0.1913417162 -0.4619397663 0.0000000000
0.2137775467 -0.4519946466 0.0000000000
0.2356983684 -0.4409606322 0.0000000000
0.2570513721 -0.4288643050 0.0000000000
0.2777851165 -0.4157348062 0.0000000000
0.2978496522 -0.4016037657 0.0000000000
0.3171966421 -0.3865052267 0.0000000000
0.3357794774 -0.3704755627 0.0000000000
0.3535533906 -0.3535533906 0.0000000000
0.3704755627 -0.3357794774 0.0000000000
0.3865052267 -0.3171966421 0.0000000000
0.4016037657 -0.2978496522 0.0000000000
0.4157348062 -0.2777851165 0.0000000000
0.4288643050 -0.2570513721 0.0000000000
0.4409606322 -0.2356983684 0.0000000000
0.4519946466 -0.2137775467 0.0000000000
0.4619397663 -0.1913417162 0.0000000000
0.4707720326 -0.1684449267 0.0000000000
0.4784701679 -0.1451423386 0.0000000000
0.4850156266 -0.1214900900 0.0000000000
0.4903926402 -0.0975451610 0.0000000000
0.4945882550 -0.0733652372 0.0000000000
0.4975923633 -0.0490085702 0.0000000000
0.4993977281 -0.0245338372 0.0000000000
-0.3970594836 -0.2249314191 0.0000000000
-0.3455481540 0.2980718875 0.0000000000
-0.4551080959 0.0335707900 0.0000000000
-0.4398139852 -0.1217129216 0.0000000000
-0.4175714667 -0.1850967011 0.0000000000
-0.4174916393 -0.2365060924 0.0000000000
-0.3734373731 -0.2630042718 0.0000000000
-0.3431775688 0.3267322068 0.0000000000
-0.3633296048 0.3134102725 0.0000000000
-0.3734373731 0.2630042718 0.0000000000
0.4562071388 -0.0111992567 0.0000000000
0.1642361498 0.4257662081 0.0000000000
-0.1217129216 0.4398139852 0.0000000000
-0.2441432648 0.3855443465 0.0000000000
-0.4785273563 0.0352982984 0.0000000000
-0.4566191724 -0.0112093715 0.0000000000
-0.4333120400 0.1431469625 0.0000000000
-0.4500322029 0.0780879948 0.0000000000
-0.4624462309 -0.1279761075 0.0000000000
-0.4500322029 -0.0780879948 0.0000000000
-0.4388664842 -0.1945361331 0.0000000000
-0.4053181481 -0.2566648866 0.0000000000
-0.4185577033 -0.2108029901 0.0000000000
-0.3924816709 -0.2764167796 0.0000000000
-0.3458465082 -0.2983292496 0.0000000000
-0.2980718875 0.3455481540 0.0000000000
-0.3782088723 0.2951571009 0.0000000000
-0.3924816709 0.2764167796 0.0000000000
-0.3974023139 0.2251256301 0.0000000000
0.4796829546 -0.0117755556 0.0000000000
0.4555191368 0.0336011102 0.0000000000
0.1642361498 -0.4257662081 0.0000000000
0.3855443465 -0.2441432648 0.0000000000
0.4398139852 -0.1217129216 0.0000000000
0.4533217157 -0.0559119008 0.0000000000
0.1726875247 0.4476755738 0.0000000000
0.1218228493 0.4402112129 0.0000000000
0.3597576204 0.2807576026 0.0000000000
0.2627669480 0.3731003992 0.0000000000
0.2053630047 0.4079862190 0.0000000000
-0.1279761075 0.4624462309 0.0000000000
-0.1643844833 0.4261507483 0.0000000000
-0.0111992567 0.4562071388 0.0000000000
-0.0780879948 0.4500322029 0.0000000000
-0.2567065542 0.4053839484 0.0000000000
-0.2053630047 0.4079862190 0.0000000000
-0.4796050944 0.0117736442 0.0000000000
-0.4761416458 0.0587264707 0.0000000000
-0.4799055174 -0.0117810192 0.0000000000
-0.4556097042 0.1505131158 0.0000000000
-0.4175714667 0.1850967011 0.0000000000
-0.4729826303 0.0820702717 0.0000000000
-0.4555357515 -0.1504886851 0.0000000000
-0.4680926929 -0.1051137293 0.0000000000
-0.4729826303 -0.0820702717 0.0000000000
-0.3952932367 -0.1988234815 0.0000000000
-0.3782022655 -0.2951519449 0.0000000000
-0.3634907579 -0.3135492841 0.0000000000
-0.3149403924 -0.3307922388 0.0000000000
-0.2915216180 0.3735504315 0.0000000000
-0.3134102725 0.3633296048 0.0000000000
-0.4053110678 0.2566604031 0.0000000000
-0.4176768157 0.2366109935 0.0000000000
0.4796050944 0.0117736442 0.0000000000
0.4784496837 -0.0352925689 0.0000000000
0.4787493830 0.0353146761 0.0000000000
0.4500143307 0.0780848937 0.0000000000
0.1726875247 -0.4476755738 0.0000000000
0.2053630047 -0.4079862190 0.0000000000
-0.0780175315 -0.4496261132 0.0000000000
0.0558614483 -0.4529126576 0.0000000000
0.1218228493 -0.4402112129 0.0000000000
0.4053839484 -0.2567065542 0.0000000000
0.4079862190 -0.2053630047 0.0000000000
0.3146680912 -0.3305062318 0.0000000000
0.3600825435 -0.2810111750 0.0000000000
0.4624462309 -0.1279761075 0.0000000000
0.4261507483 -0.1643844833 0.0000000000
0.4764398993 -0.0587632568 0.0000000000
0.1504886851 0.4555357515 0.0000000000
0.1944143526 0.4385917518 0.0000000000
0.1280354858 0.4626607963 0.0000000000
0.0780848937 0.4500143307 0.0000000000
0.3782702716 0.2952050173 0.0000000000
0.3308047358 0.3149522906 0.0000000000
0.4171946682 0.1849296778 0.0000000000
0.3858925594 0.2443637682 0.0000000000
0.2762885875 0.3922996521 0.0000000000
0.2983410977 0.3458602434 0.0000000000
0.2158359635 0.4287924147 0.0000000000
-0.1504886851 0.4555357515 0.0000000000
-0.1051137293 0.4680926929 0.0000000000
-0.1727676481 0.4478832859 0.0000000000
-0.0117755556 0.4796829546 0.0000000000
0.0336011102 0.4555191368 0.0000000000
-0.0820702717 0.4729826303 0.0000000000
-0.2762437414 0.3922359756 0.0000000000
-0.2364677037 0.4174238738 0.0000000000
-0.2158359635 0.4287924147 0.0000000000
-0.4784413259 -0.0352919524 0.0000000000
-0.4623711685 0.1279553350 0.0000000000
-0.4476029090 0.1726594948 0.0000000000
-0.4388664842 0.1945361331 0.0000000000
-0.4475958241 -0.1726617813 0.0000000000
-0.3820985568 -0.1524669352 0.0000000000
-0.3498941890 -0.2150085190 0.0000000000
-0.3474514758 -0.3308013046 0.0000000000
-0.3310075759 -0.3476681293 0.0000000000
-0.2810005327 -0.3600689066 0.0000000000
-0.3308067909 0.3474572382 0.0000000000
-0.4285168818 0.2156972720 0.0000000000
0.4761333283 0.0587254449 0.0000000000
0.4729729699 0.0820685955 0.0000000000
0.4401945828 0.1218182472 0.0000000000
0.1944143526 -0.4385917518 0.0000000000
0.1504886851 -0.4555357515 0.0000000000
0.2158359635 -0.4287924147 0.0000000000
0.2443540637 -0.3858772343 0.0000000000
-0.0820322105 -0.4727632780 0.0000000000
-0.0336011102 -0.4555191368 0.0000000000
-0.1849296778 -0.4171946682 0.0000000000
-0.1218228493 -0.4402112129 0.0000000000
0.0587360045 -0.4762189437 0.0000000000
0.0112093715 -0.4566191724 0.0000000000
0.1280354858 -0.4626607963 0.0000000000
0.4174238738 -0.2364677037 0.0000000000
0.3922359756 -0.2762437414 0.0000000000
0.4287924147 -0.2158359635 0.0000000000
0.3308604948 -0.3475136452 0.0000000000
0.2810111750 -0.3600825435 0.0000000000
0.3784457810 -0.2953419863 0.0000000000
0.4680926929 -0.1051137293 0.0000000000
0.4555357515 -0.1504886851 0.0000000000
0.4478832859 -0.1727676481 0.0000000000
0.1051118931 0.4680845160 0.0000000000
0.0820685955 0.4729729699 0.0000000000
0.3632706306 0.3133594010 0.0000000000
0.3922359756 0.2762437414 0.0000000000
0.3476748842 0.3310140071 0.0000000000
0.4386629538 0.1944459143 0.0000000000
0.4055720381 0.2568256607 0.0000000000
0.2566648866 0.4053181481 0.0000000000
0.2951571009 0.3782088723 0.0000000000
0.3135556883 0.3634981821 0.0000000000
-0.1944109565 0.4385840902 0.0000000000
-0.0352925689 0.4784496837 0.0000000000
0.0117736442 0.4796050944 0.0000000000
0.0353146761 0.4787493830 0.0000000000
-0.2647112471 0.3672180495 0.0000000000
-0.4761353728 -0.0587305192 0.0000000000
-0.4680880724 0.1051078920 0.0000000000
-0.4210494841 -0.1506477004 0.0000000000
-0.3952333700 -0.1737844168 0.0000000000
-0.3748762222 -0.2133184414 0.0000000000
-0.3133541906 -0.3632645904 0.0000000000
-0.2953362338 -0.3784384099 0.0000000000
-0.2443545149 -0.3858779468 0.0000000000
-0.3157282261 0.3244022617 0.0000000000
0.4680849298 0.1051119860 0.0000000000
0.4626518073 0.1280329982 0.0000000000
0.2364635729 -0.4174165820 0.0000000000
0.2568204152 -0.4055637545 0.0000000000
-0.0587264707 -0.4761416458 0.0000000000
-0.1051137293 -0.4680926929 0.0000000000
-0.0353146761 -0.4787493830 0.0000000000
-0.1944459143 -0.4386629538 0.0000000000
-0.1280354858 -0.4626607963 0.0000000000
0.0820188954 -0.4726865410 0.0000000000
0.0352925689 -0.4784496837 0.0000000000
0.0117810192 -0.4799055174 0.0000000000
0.4385840902 -0.1944109565 0.0000000000
0.3474572382 -0.3308067909 0.0000000000
0.3133594010 -0.3632706306 0.0000000000
0.2953419863 -0.3784457810 0.0000000000
0.4726816397 -0.0820132918 0.0000000000
0.0587254968 0.4761337492 0.0000000000
0.3308010121 0.3474511686 0.0000000000
0.4285239887 0.2157008493 0.0000000000
0.4397665638 0.1629822537 0.0000000000
0.2364607764 0.4174211467 0.0000000000
-0.0587304102 0.4761353289 0.0000000000
-0.4448488007 -0.0438197405 0.0000000000
-0.4337852294 0.1086635749 0.0000000000
-0.4017381404 -0.1550712254 0.0000000000
-0.3965350368 -0.1189535165 0.0000000000
-0.4074882270 -0.1358092371 0.0000000000
-0.4184043056 -0.1167290839 0.0000000000
-0.4035263658 -0.0790731196 0.0000000000
-0.4341917877 -0.0973868764 0.0000000000
-0.4056548698 -0.0999992764 0.0000000000
-0.3674943145 -0.0933094484 0.0000000000
-0.3759746897 -0.2382140008 0.0000000000
-0.3601222206 -0.1807129658 0.0000000000
-0.2762391488 -0.3922294546 0.0000000000
-0.2568206590 -0.4055641396 0.0000000000
0.2762391601 -0.3922294706 0.0000000000
-0.0115090585 -0.4688270676 0.0000000000
-0.1726594948 -0.4476029090 0.0000000000
-0.2163933384 -0.4160910582 0.0000000000
0.1051170306 -0.4680860203 0.0000000000
0.3632693074 -0.3133520749 0.0000000000
0.4385945850 -0.0872478525 0.0000000000
0.4174165301 0.2364689259 0.0000000000
0.4465683580 0.1424687495 0.0000000000
0.4111226213 0.1421001885 0.0000000000
0.2299057632 0.3835632122 0.0000000000
-0.0438262982 0.4450355641 0.0000000000
-0.4267053821 -0.0750917727 0.0000000000
-0.3443467723 -0.2475018265 0.0000000000
-0.3763841736 -0.1706931277 0.0000000000
-0.3773488792 -0.1904651171 0.0000000000
-0.3548368056 -0.1539285703 0.0000000000
-0.0108694977 -0.4427742500 0.0000000000
-0.1504824230 -0.4555317254 0.0000000000
-0.2352091491 -0.4054593315 0.0000000000
-0.2091930347 -0.3813823288 0.0000000000
0.0872363760 -0.4385968678 0.0000000000
0.3313407633 -0.3003176590 0.0000000000
0.3943876507 0.2107979571 0.0000000000
-0.4094662196 -0.0441907057 0.0000000000
0.0247131649 -0.4105569668 0.0000000000
-0.0448284723 -0.4088498155 0.0000000000
-0.1506587178 -0.4210455420 0.0000000000
0.0114653046 -0.4316836851 0.0000000000
-0.0326332086 -0.4306011274 0.0000000000
0.0326724915 -0.4443704087 0.0000000000
-0.0099069609 -0.4035648456 0.0000000000
-0.0590875739 -0.4311388396 0.0000000000
0.0542877552 -0.4214389126 0.0000000000
-0.0263706698 -0.4127955197 0.0000000000
-0.0097256389 -0.4231858135 0.0000000000
-0.0303708977 -0.3863632015 0.0000000000
-0.2219397870 0.3399198395 0.0000000000
-0.3670150185 -0.1261033523 0.0000000000
-0.3099981689 -0.1766903508 0.0000000000
-0.0914703142 -0.3947168740 0.0000000000
-0.0559095682 -0.4533282015 0.0000000000
0.0103548404 -0.3586871089 0.0000000000
-0.2394757627 0.3596008278 0.0000000000
-0.2694142233 0.3036753903 0.0000000000
-0.3844610852 -0.1336185448 0.0000000000
-0.3787100439 -0.1098738252 0.0000000000
-0.3356274876 -0.1716328692 0.0000000000
-0.3413457026 -0.1937861469 0.0000000000
-0.3138473087 -0.1287278982 0.0000000000
-0.3079985347 -0.2195514411 0.0000000000
-0.3307881099 -0.1471088146 0.0000000000
-0.3283056922 -0.2113716081 0.0000000000
-0.3256845309 -0.2341614156 0.0000000000
-0.3112087531 -0.1982240196 0.0000000000
-0.2717960092 -0.2031968987 0.0000000000
-0.2899764707 -0.1886167976 0.0000000000
-0.3067224176 -0.1522917821 0.0000000000
-0.3401388263 -0.1214934951 0.0000000000
-0.3113695881 -0.2739107031 0.0000000000
-0.2911199517 -0.2086676378 0.0000000000
-0.2802652624 -0.2440306109 0.0000000000
-0.2764785317 -0.2235208575 0.0000000000
-0.2420137622 -0.2404885631 0.0000000000
-0.2525185842 -0.2183396983 0.0000000000
-0.2550397429 -0.1636779053 0.0000000000
-0.3241334031 -0.2560550764 0.0000000000
-0.3432077903 -0.2729712713 0.0000000000
-0.3013231556 -0.2532393483 0.0000000000
-0.2746579588 -0.1297375153 0.0000000000
-0.2689910773 -0.1810743346 0.0000000000
-0.2080023461 -0.2107919792 0.0000000000
-0.3607693559 -0.2839601178 0.0000000000
-0.3277006055 -0.2874012085 0.0000000000
-0.3261441573 -0.3105152405 0.0000000000
-0.3056021552 -0.2975225672 0.0000000000
-0.2783000482 -0.2772057480 0.0000000000
-0.2944195757 -0.1357127343 0.0000000000
-0.2814047099 -0.1582250168 0.0000000000
-0.2935728703 -0.1028469759 0.0000000000
-0.2495926514 -0.1947729730 0.0000000000
-0.2291960414 -0.2208437809 0.0000000000
-0.2007801223 -0.2533884551 0.0000000000
-0.2103984402 -0.2331087377 0.0000000000
-0.1696389368 -0.2261979722 0.0000000000
-0.1909932854 -0.2239052097 0.0000000000
-0.1762516757 -0.1871962219 0.0000000000
-0.1887993982 -0.2034717672 0.0000000000
-0.2113775888 -0.1730903440 0.0000000000
-0.0860299549 -0.4224865719 0.0000000000
-0.0621089363 -0.3818484967 0.0000000000
-0.0061049830 -0.3782685387 0.0000000000
0.0101136746 -0.3936400342 0.0000000000
-0.0325875444 -0.3392990975 0.0000000000
0.0471698176 -0.3764184171 0.0000000000
-0.0248419639 -0.3625185449 0.0000000000
0.0310894293 -0.3902959608 0.0000000000
0.0523471514 -0.3986727942 0.0000000000
-0.0090142100 -0.3443370820 0.0000000000
-0.0507054533 -0.3582445139 0.0000000000
0.0824504600 -0.4075725305 0.0000000000
0.0261089542 -0.3171761123 0.0000000000
-0.0450223862 -0.3755466987 0.0000000000
-0.0752314958 -0.3166537515 0.0000000000
0.0736470253 -0.3819880945 0.0000000000
0.0123777720 -0.3357098727 0.0000000000
-0.0903986234 -0.3536246716 0.0000000000
-0.0571031002 -0.3339903257 0.0000000000
0.0374591938 -0.3494957265 0.0000000000
-0.0128880269 -0.3026376794 0.0000000000
-0.0713540544 -0.3628254248 0.0000000000
-0.0776012027 -0.3372781692 0.0000000000
-0.1129777524 -0.3227651238 0.0000000000
-0.0454142181 -0.3036210937 0.0000000000
-0.0170034853 -0.3240496372 0.0000000000
0.0045139792 -0.3155303742 0.0000000000
0.0181646305 -0.2789147230 0.0000000000
0.0060592212 -0.2952540849 0.0000000000
-0.0162151055 -0.2660976415 0.0000000000
-0.0417729471 -0.3224566868 0.0000000000
-0.2057228954 0.3720221343 0.0000000000
-0.2523221484 0.3305016906 0.0000000000
-0.2896481992 0.3205702995 0.0000000000
-0.3515026594 -0.1358917033 0.0000000000
-0.3560221722 -0.1095422330 0.0000000000
-0.3268942085 -0.0873610735 0.0000000000
-0.3470883387 -0.0910582274 0.0000000000
-0.3435453075 -0.0534110284 0.0000000000
-0.3596408763 -0.0708865710 0.0000000000
-0.3753165663 -0.0402986733 0.0000000000
-0.3814223195 -0.0758445316 0.0000000000
-0.1128525174 -0.4133236189 0.0000000000
-0.0990989137 -0.4410974555 0.0000000000
-0.0695342136 -0.4048371334 0.0000000000
0.1234028899 -0.3791742513 0.0000000000
0.0285919018 -0.3679066159 0.0000000000
0.0655920621 -0.3545611949 0.0000000000
-0.2261258544 0.3753942365 0.0000000000
-0.2253617412 0.3978169736 0.0000000000
-0.2562548587 0.3496230761 0.0000000000
-0.2774257062 0.3502776885 0.0000000000
-0.3080927169 0.2857036591 0.0000000000
-0.2703439152 0.3231258946 0.0000000000
-0.3224801747 -0.1087097856 0.0000000000
-0.3879878132 -0.0934905653 0.0000000000
-0.1290002590 -0.3731780114 0.0000000000
-0.1307095137 -0.4223062597 0.0000000000
-0.1319143213 -0.3976704843 0.0000000000
-0.1123212226 -0.3875820385 0.0000000000
-0.0960403780 -0.3740376100 0.0000000000
-0.1121290403 -0.3586048975 0.0000000000
-0.1681799722 -0.3809360834 0.0000000000
-0.1417405839 -0.3413761846 0.0000000000
-0.1473308310 -0.3834166699 0.0000000000
-0.1472485962 -0.3620356864 0.0000000000
-0.1600254022 -0.4012555603 0.0000000000
-0.1811181875 -0.3419417491 0.0000000000
-0.1613496264 -0.3472122285 0.0000000000
-0.1618908009 -0.3095327835 0.0000000000
-0.1758342957 -0.3618321677 0.0000000000
-0.2006229589 -0.3577702362 0.0000000000
-0.1887200022 -0.3780804334 0.0000000000
-0.1959263624 -0.3985195244 0.0000000000
-0.2189301143 -0.3152794135 0.0000000000
-0.2297221713 -0.3605699077 0.0000000000
-0.2037842305 -0.3339430420 0.0000000000
-0.1852634771 -0.3175744238 0.0000000000
-0.2269827061 -0.3372916408 0.0000000000
-0.1839871514 -0.2832973572 0.0000000000
-0.2593447456 -0.3129738161 0.0000000000
-0.2552191913 -0.3457690039 0.0000000000
-0.2394861086 -0.3202385738 0.0000000000
-0.2374060818 -0.2837779520 0.0000000000
0.0989217823 -0.3875980380 0.0000000000
0.1104403808 -0.4138749987 0.0000000000
0.1005703487 -0.3526038385 0.0000000000
0.0896510023 -0.3696253628 0.0000000000
0.0564510885 -0.3246731759 0.0000000000
-0.2906605554 0.2987939255 0.0000000000
-0.2761712050 0.2613463790 0.0000000000
-0.2758475351 0.2829985258 0.0000000000
-0.2376260868 0.2715986749 0.0000000000
-0.2537091549 0.2874497331 0.0000000000
-0.2216511286 0.3038922226 0.0000000000
-0.2273911267 -0.3788016563 0.0000000000
-0.2594937984 -0.3684528845 0.0000000000
-0.2796126427 -0.3321805541 0.0000000000
0.0939794622 -0.4216753430 0.0000000000
0.1378131122 -0.4176723983 0.0000000000
-0.2833665778 -0.3079220054 0.0000000000
-0.3010438202 -0.3167473940 0.0000000000
-0.2978175308 -0.3452532819 0.0000000000
0.1417507636 -0.4374075718 0.0000000000
0.1617287922 -0.3867745169 0.0000000000
0.1263105973 -0.4000318839 0.0000000000
0.1556117082 -0.4067443388 0.0000000000
0.1804982983 -0.4069269344 0.0000000000
0.1943025871 -0.3752529763 0.0000000000
0.1935143839 -0.3937545611 0.0000000000
0.2178708695 -0.3855246126 0.0000000000
0.2237070356 -0.4034878513 0.0000000000
0.2242955057 -0.3386087316 0.0000000000
0.2144668337 -0.3611606320 0.0000000000
0.2411204780 -0.3593592062 0.0000000000
0.1794028715 -0.3324611576 0.0000000000
0.1928874837 -0.3517558213 0.0000000000
0.1641015427 -0.3575142966 0.0000000000
0.2608720574 -0.3704068799 0.0000000000
0.2613064679 -0.3464499555 0.0000000000
0.2859974355 -0.3318183377 0.0000000000
0.1752318249 -0.3731431810 0.0000000000
0.1348561166 -0.3224532569 0.0000000000
0.1450015604 -0.3706917683 0.0000000000
0.1421365403 -0.3461081924 0.0000000000
0.1568667439 -0.3286267500 0.0000000000
0.1198923853 -0.3400065736 0.0000000000
0.1749321548 -0.2905936165 0.0000000000
0.0962570629 -0.3047033476 0.0000000000
0.1190449250 -0.3598236873 0.0000000000
0.1521598445 -0.3030839893 0.0000000000
0.0987059979 -0.3286272731 0.0000000000
0.1719104356 -0.3120887505 0.0000000000
0.2051503903 -0.3114279328 0.0000000000
0.1414040144 -0.2564697789 0.0000000000
0.1239596604 -0.2953049369 0.0000000000
0.1149597565 -0.3148761792 0.0000000000
0.0783294482 -0.3186257832 0.0000000000
0.0824304596 -0.3419535795 0.0000000000
0.1533557400 -0.2782600336 0.0000000000
0.0626126180 -0.2798838502 0.0000000000
0.1860079875 -0.2461777938 0.0000000000
0.1322200343 -0.2756799207 0.0000000000
0.1027577424 -0.2497941867 0.0000000000
0.1057554625 -0.2760916534 0.0000000000
0.1211394470 -0.2585821077 0.0000000000
0.1275271544 -0.2216024558 0.0000000000
0.0621349250 -0.3026366096 0.0000000000
0.1651574373 -0.2576141014 0.0000000000
0.0401401905 -0.2907934370 0.0000000000
0.1606453582 -0.2246623278 0.0000000000
0.0407369717 -0.2634227012 0.0000000000
0.2984748926 -0.3485914930 0.0000000000
0.2990053728 -0.3021576465 0.0000000000
0.2514558359 -0.3016780304 0.0000000000
0.0830738671 -0.2653575980 0.0000000000
0.0653261700 -0.2226818116 0.0000000000
0.0831930299 -0.2871991284 0.0000000000
0.0802184093 -0.2415168200 0.0000000000
0.1000231527 -0.2224144237 0.0000000000
0.0563706556 -0.2450675638 0.0000000000
0.0211646496 -0.2179990312 0.0000000000
0.0649465866 -0.2614977281 0.0000000000
0.0320881723 -0.2402207955 0.0000000000
0.0431782759 -0.2209735354 0.0000000000
0.0016343683 -0.2413952180 0.0000000000
0.0572805253 -0.1825655671 0.0000000000
0.0353057633 -0.1962900410 0.0000000000
0.0556459185 -0.2037583336 0.0000000000
0.0825159303 -0.2019507469 0.0000000000
0.0219634382 -0.1504726131 0.0000000000
-0.0074606119 -0.1838924815 0.0000000000
0.0350960443 -0.1714997138 0.0000000000
0.0120376315 -0.1965935272 0.0000000000
0.0658049901 -0.1377056756 0.0000000000
0.0119644799 -0.1713321002 0.0000000000
-0.0133818516 -0.2142996473 0.0000000000
0.0456846828 -0.1502719383 0.0000000000
-0.0200141571 -0.1431769620 0.0000000000
0.0334683194 -0.1083210528 0.0000000000
-0.0079954421 -0.1617643468 0.0000000000
0.0336603401 -0.1310193191 0.0000000000
-0.0469551053 -0.1737765206 0.0000000000
0.0029342327 -0.1199293076 0.0000000000
-0.0257812462 -0.1732647549 0.0000000000
-0.0357603019 -0.1986708881 0.0000000000
0.0238916330 -0.2990743722 0.0000000000
0.0440322403 -0.3097858568 0.0000000000
0.2998311927 -0.3202025305 0.0000000000
0.3166077178 -0.3118791438 0.0000000000
0.2811631951 -0.3120155284 0.0000000000
0.2754457144 -0.2805916505 0.0000000000
0.2659933741 -0.3262102380 0.0000000000
0.2450279815 -0.3320178189 0.0000000000
0.2283398701 -0.3154270929 0.0000000000
0.2226009944 -0.2794717721 0.0000000000
0.2193316677 -0.2984292487 0.0000000000
0.1987882926 -0.2851257792 0.0000000000
0.2057052559 -0.2612852191 0.0000000000
0.1845416563 -0.2682297956 0.0000000000
0.2463928665 -0.2404270124 0.0000000000
0.2148368819 -0.2289847827 0.0000000000
0.2289906084 -0.2565941223 0.0000000000
0.2491394645 -0.2745527165 0.0000000000
0.0047303708 -0.2624323740 0.0000000000
0.0229005942 -0.2568585065 0.0000000000
0.1129378077 -0.1936448045 0.0000000000
-0.0269601771 -0.2395334221 0.0000000000
0.0031757655 -0.2228322443 0.0000000000
-0.0854885496 -0.2060690025 0.0000000000
0.2672629697 -0.2559206694 0.0000000000
0.3150891856 -0.2537504109 0.0000000000
0.2914821403 -0.2615802749 0.0000000000
0.2842938979 -0.2111769053 0.0000000000
0.3103824550 -0.2790621760 0.0000000000
0.2694684046 -0.2311469855 0.0000000000
0.3356002879 -0.2706579483 0.0000000000
0.2958488231 -0.2352432654 0.0000000000
0.2434862541 -0.1963700659 0.0000000000
0.2507826865 -0.2180130448 0.0000000000
0.2296331929 -0.2130917084 0.0000000000
0.2069168644 -0.1801732312 0.0000000000
0.2054939336 -0.2054524267 0.0000000000
0.2229173862 -0.1934288793 0.0000000000
0.2384157326 -0.1584365441 0.0000000000
0.1727347048 -0.1909288102 0.0000000000
0.1924687120 -0.2242446464 0.0000000000
0.1918566088 -0.1920051555 0.0000000000
0.1837207823 -0.1661487958 0.0000000000
0.1813464464 -0.2083302590 0.0000000000
-0.0547537373 -0.2662310240 0.0000000000
-0.0616677515 -0.1953569748 0.0000000000
-0.0925676204 -0.1584852849 0.0000000000
-0.0603782320 -0.2300662172 0.0000000000
-0.0823175489 -0.1812788114 0.0000000000
-0.0506727836 -0.2123270646 0.0000000000
-0.0681034131 -0.1611853731 0.0000000000
-0.1278492192 -0.1880525974 0.0000000000
-0.0457428011 -0.1476842091 0.0000000000
-0.1041281049 -0.1910868488 0.0000000000
-0.0762133467 -0.1224863189 0.0000000000
-0.1134142509 -0.1694435395 0.0000000000
-0.1213675527 -0.2316207150 0.0000000000
-0.0784955069 -0.1431638805 0.0000000000
-0.1089224415 -0.1293409719 0.0000000000
-0.0392860744 -0.1088542163 0.0000000000
-0.1514701661 -0.1548268266 0.0000000000
-0.1070315042 -0.2137849904 0.0000000000
-0.0356859643 -0.1294046646 0.0000000000
-0.0185484413 -0.1158118795 0.0000000000
-0.0553194145 -0.1222535662 0.0000000000
-0.0005080400 -0.0797877388 0.0000000000
-0.0660927717 -0.0930701961 0.0000000000
-0.0219535455 -0.0915773849 0.0000000000
-0.1346472757 -0.1678762722 0.0000000000
-0.1225147579 -0.1481213665 0.0000000000
-0.1555107573 -0.1774042807 0.0000000000
-0.0905968359 -0.2416742907 0.0000000000
-0.0032281965 -0.1002393788 0.0000000000
0.0176891450 -0.0926147593 0.0000000000
-0.0321305830 -0.0476655968 0.0000000000
-0.1448212042 -0.1176681501 0.0000000000
-0.1753708275 -0.1621997173 0.0000000000
-0.1557404591 -0.2037800187 0.0000000000
0.0534216577 -0.0724957828 0.0000000000
-0.0208493652 -0.0681862651 0.0000000000
-0.1287549894 -0.1292960781 0.0000000000
-0.1187691469 -0.0985854756 0.0000000000
-0.1715827319 -0.1320537968 0.0000000000
-0.1914071993 -0.1741483863 0.0000000000
-0.1999278932 -0.1459771339 0.0000000000
0.0383926979 -0.0875944805 0.0000000000
0.0659284117 -0.1050848993 0.0000000000
0.0240417777 -0.0582807236 0.0000000000
-0.0491160740 -0.0703646078 0.0000000000
-0.0024866857 -0.0447301460 0.0000000000
-0.0418026811 -0.0889968778 0.0000000000
0.3578251748 -0.2522259855 0.0000000000
0.1414716662 -0.1622432065 0.0000000000
0.2093324968 -0.1499827314 0.0000000000
-0.0355111294 -0.2584475015 0.0000000000
-0.0372889750 -0.2817300452 0.0000000000
-0.0187162052 -0.2847468631 0.0000000000
-0.0323988338 -0.2203367300 0.0000000000
-0.1451603151 -0.2258567019 0.0000000000
-0.1569295618 -0.2597440840 0.0000000000
-0.1571955645 -0.2406642517 0.0000000000
-0.1790349742 -0.2468649150 0.0000000000
-0.1358069747 -0.2499078317 0.0000000000
-0.1753329106 -0.2659209179 0.0000000000
-0.1591667962 -0.2848156814 0.0000000000
-0.1116871532 -0.2541085217 0.0000000000
-0.1331183069 -0.3001950683 0.0000000000
-0.1373816431 -0.2741240367 0.0000000000
-0.0860548325 -0.2734814919 0.0000000000
-0.0919281006 -0.1006306343 0.0000000000
-0.1524999742 -0.1354683567 0.0000000000
-0.1837037511 -0.0774201675 0.0000000000
-0.1823166246 -0.1460159541 0.0000000000
-0.1910829629 -0.1281694227 0.0000000000
-0.1762152049 -0.1044201579 0.0000000000
-0.2270735875 -0.1213936569 0.0000000000
-0.0808624131 -0.0289045125 0.0000000000
0.0054860455 -0.0618647998 0.0000000000
0.0347989819 -0.0044777875 0.0000000000
0.3742013942 -0.2654228505 0.0000000000
0.3583740474 -0.2025363882 0.0000000000
0.1619379620 -0.1713168216 0.0000000000
0.1651636641 -0.1364224550 0.0000000000
0.1411410106 -0.1906075541 0.0000000000
0.2204287755 -0.1660624688 0.0000000000
0.2361207427 -0.1780489579 0.0000000000
0.2722817687 -0.1741524921 0.0000000000
0.2388603924 -0.1026530836 0.0000000000
-0.1426951915 -0.3196831133 0.0000000000
-0.1115994445 -0.2832920353 0.0000000000
-0.1062572994 -0.1115336849 0.0000000000
-0.1627659383 -0.1163706484 0.0000000000
-0.1518817242 -0.0905781342 0.0000000000
-0.2282625742 -0.1499857840 0.0000000000
-0.2049678965 -0.1029485688 0.0000000000
-0.1025045788 -0.0622822763 0.0000000000
-0.0591422967 -0.0451575044 0.0000000000
-0.0225123788 0.0063525808 0.0000000000
0.0218327728 -0.0298622113 0.0000000000
0.3214823532 -0.2081287989 0.0000000000
0.3656429171 -0.2274645104 0.0000000000
0.3887447491 -0.2201117066 0.0000000000
0.3422664014 -0.2207571049 0.0000000000
0.3837647340 -0.1936889069 0.0000000000
0.3215713263 -0.2314000252 0.0000000000
0.3362713484 -0.2477785594 0.0000000000
0.1872143610 -0.1433124250 0.0000000000
0.2075226756 -0.1159779082 0.0000000000
0.1827716451 -0.1188003475 0.0000000000
0.1901437542 -0.0735123788 0.0000000000
0.1427285192 -0.0963973083 0.0000000000
0.1928444758 -0.0971960214 0.0000000000
0.1595906736 -0.1132459454 0.0000000000
0.2165821476 -0.0937713453 0.0000000000
0.1679260273 -0.0880417446 0.0000000000
0.1269691889 -0.1290314418 0.0000000000
0.2434661418 -0.0587190322 0.0000000000
0.1468722927 -0.1285624806 0.0000000000
0.2349674284 -0.0800365280 0.0000000000
0.2770068244 -0.0844436545 0.0000000000
0.2150353730 -0.0597373001 0.0000000000
0.2566086453 -0.0763114480 0.0000000000
0.2812238936 -0.0442172069 0.0000000000
0.2643901506 -0.0567929401 0.0000000000
0.2505137163 -0.0206634909 0.0000000000
0.1282573764 -0.2034359400 0.0000000000
0.1450032882 -0.2132069932 0.0000000000
-0.1135285120 -0.3029852847 0.0000000000
-0.0952921044 -0.3123750885 0.0000000000
-0.0811406564 -0.2951923436 0.0000000000
-0.1369117329 -0.1011415843 0.0000000000
-0.1310661332 -0.0769684087 0.0000000000
-0.1575393618 -0.0592017631 0.0000000000
-0.2157641754 -0.1361847373 0.0000000000
-0.2492478742 -0.1347923376 0.0000000000
-0.2554357110 -0.0995035882 0.0000000000
-0.2591843863 -0.1183478029 0.0000000000
-0.2741179560 -0.1055821024 0.0000000000
-0.2789967882 -0.0697263429 0.0000000000
-0.2339605706 -0.1718720394 0.0000000000
-0.2237869886 -0.1932031988 0.0000000000
-0.2042492122 -0.1913731260 0.0000000000
-0.1041104360 -0.0833578472 0.0000000000
-0.0815916299 -0.0744747072 0.0000000000
-0.0823082540 -0.0516723079 0.0000000000
-0.1018498265 -0.0390015384 0.0000000000
-0.1092553614 0.0032518688 0.0000000000
-0.1269040744 -0.0499464836 0.0000000000
-0.0995937696 -0.0168304626 0.0000000000
-0.0688241318 0.0103380401 0.0000000000
-0.1303679665 -0.0192706441 0.0000000000
-0.0880404130 0.0010931043 0.0000000000
-0.0948209932 0.0397807376 0.0000000000
-0.0968866611 0.0194806836 0.0000000000
-0.1318402228 0.0332925698 0.0000000000
-0.0429860532 -0.0178673533 0.0000000000
0.0500658408 -0.0419627316 0.0000000000
0.0049745374 -0.0052473851 0.0000000000
0.3034719723 -0.2167760809 0.0000000000
0.3011908814 -0.1889456055 0.0000000000
0.4054250028 -0.1797125439 0.0000000000
0.4201732814 -0.1911930182 0.0000000000
0.3886154525 -0.1353074845 0.0000000000
0.4032824907 -0.1551394324 0.0000000000
0.4227924169 -0.1397859276 0.0000000000
0.3715333636 -0.1632804167 0.0000000000
0.4093090100 -0.1100347950 0.0000000000
0.3868939649 -0.1747660296 0.0000000000
0.2303846657 -0.1318117095 0.0000000000
0.2083820321 -0.0770918516 0.0000000000
0.1781701491 -0.0224988660 0.0000000000
0.2284279118 -0.0362537280 0.0000000000
-0.2298200303 -0.0956332248 0.0000000000
-0.2107009227 -0.0765528901 0.0000000000
-0.2470017353 -0.0686203452 0.0000000000
-0.0665821630 -0.0627142760 0.0000000000
-0.1476063884 -0.0367506831 0.0000000000
-0.1699744645 0.0025483030 0.0000000000
-0.1865920250 -0.0329252184 0.0000000000
-0.1532482519 -0.0139467122 0.0000000000
-0.1677303645 -0.0412701342 0.0000000000
-0.1851583790 -0.0551733740 0.0000000000
-0.1363463047 0.0068641325 0.0000000000
-0.1732805598 -0.0175319640 0.0000000000
-0.2072242860 -0.0016310356 0.0000000000
-0.2146368789 -0.0459026661 0.0000000000
-0.1191543870 -0.0335379052 0.0000000000
-0.0192974108 -0.0261140448 0.0000000000
0.0007625077 -0.0248977899 0.0000000000
-0.0613265800 -0.0254369068 0.0000000000
0.0411684829 -0.0237350320 0.0000000000
0.0779298448 -0.0170763207 0.0000000000
0.0572536664 -0.0077327116 0.0000000000
0.0841553970 0.0242486443 0.0000000000
0.0752147309 0.0044641258 0.0000000000
0.1147575573 -0.0014929494 0.0000000000
0.0487345042 0.0283430090 0.0000000000
0.0958262460 0.0070621505 0.0000000000
0.1204577338 0.0363445931 0.0000000000
0.0421702444 -0.0582814589 0.0000000000
0.2815978476 -0.1915908040 0.0000000000
0.2653377229 -0.2038076376 0.0000000000
0.3350893826 -0.1734121587 0.0000000000
0.3658795610 -0.1832187661 0.0000000000
0.2701817981 -0.1343310300 0.0000000000
0.2254204704 -0.1145575745 0.0000000000
0.1414364286 -0.0503295139 0.0000000000
0.1913511777 -0.0463170341 0.0000000000
0.2135861026 0.0082107929 0.0000000000
-0.2297294102 -0.0766048820 0.0000000000
-0.2310905370 -0.0568750967 0.0000000000
-0.2423148004 -0.0222210847 0.0000000000
-0.2524148726 -0.0446371960 0.0000000000
-0.2871024180 -0.0155244986 0.0000000000
-0.2656530012 -0.0251890053 0.0000000000
-0.2592452053 0.0176671468 0.0000000000
-0.2866542315 -0.0431644759 0.0000000000
-0.2684929303 -0.0028572641 0.0000000000
-0.3002531864 0.0237986066 0.0000000000
-0.2881322263 0.0059916528 0.0000000000
-0.3257595230 -0.0065919889 0.0000000000
-0.3051712554 -0.0056065911 0.0000000000
-0.3141595951 -0.0333817107 0.0000000000
-0.1556039388 0.0237459484 0.0000000000
-0.1922649831 0.0331296505 0.0000000000
-0.1756215442 0.0218465593 0.0000000000
-0.1682538829 0.0506311644 0.0000000000
-0.2028634598 -0.0599686099 0.0000000000
-0.2075966647 -0.0243250633 0.0000000000
-0.0128347199 -0.0090815928 0.0000000000
0.0854388613 -0.0535259056 0.0000000000
0.0068625387 0.0375924148 0.0000000000
0.3212764101 -0.1880231537 0.0000000000
0.3388011184 -0.1978975247 0.0000000000
0.3100914593 -0.1636143362 0.0000000000
0.2498145797 -0.1404745609 0.0000000000
0.2651738266 -0.1545612252 0.0000000000
0.2543461609 -0.1186650223 0.0000000000
0.2879783499 -0.1573725318 0.0000000000
0.2785241549 -0.1100617877 0.0000000000
0.2599429672 -0.0977577195 0.0000000000
0.2988186686 -0.1306062937 0.0000000000
0.3142229838 -0.0950933886 0.0000000000
0.2937440521 -0.0963063305 0.0000000000
0.3022664048 -0.0667086586 0.0000000000
0.1490101015 -0.0731691079 0.0000000000
0.1668953761 -0.0545627786 0.0000000000
0.1145783239 -0.0719112586 0.0000000000
0.1573664745 -0.0331978345 0.0000000000
0.1314890210 -0.0808943588 0.0000000000
0.1088774161 -0.1030519783 0.0000000000
0.1516163496 0.0035584313 0.0000000000
0.1307780927 -0.0244465768 0.0000000000
0.1605781977 -0.0138674890 0.0000000000
0.1824047451 0.0083749467 0.0000000000
0.2049851016 -0.0232156998 0.0000000000
0.2277021989 -0.0117866800 0.0000000000
0.2538462639 0.0216492292 0.0000000000
0.2357396596 0.0088678857 0.0000000000
0.2235718998 0.0453212321 0.0000000000
0.2241668609 0.0252624131 0.0000000000
0.1961482535 0.0344695911 0.0000000000
-0.2699140237 -0.0527231947 0.0000000000
-0.3083702485 -0.0638096277 0.0000000000
-0.3391458848 -0.0282945133 0.0000000000
-0.3706419451 0.0061123035 0.0000000000
-0.3559015506 -0.0383031418 0.0000000000
-0.3587050840 -0.0145798557 0.0000000000
-0.3463370998 0.0063441068 0.0000000000
-0.3848859797 -0.0158939121 0.0000000000
-0.3244984911 0.0182484736 0.0000000000
-0.4134137473 0.0181843477 0.0000000000
-0.3934091674 -0.0333144852 0.0000000000
-0.3910398586 -0.0541033856 0.0000000000
-0.4148735763 -0.0120174973 0.0000000000
-0.3222146935 0.0640037769 0.0000000000
-0.3938908308 0.0055476862 0.0000000000
-0.3588636933 0.0454604527 0.0000000000
-0.3169039099 0.0408040507 0.0000000000
-0.3586586573 0.0239621862 0.0000000000
-0.3392717129 0.0348971969 0.0000000000
-0.3865665727 0.0344461303 0.0000000000
-0.2784325871 0.0618184680 0.0000000000
-0.3006318254 0.0567367119 0.0000000000
-0.2985407579 0.0986307155 0.0000000000
-0.3054944308 0.0779786083 0.0000000000
-0.3386280831 0.1006316057 0.0000000000
-0.3252559161 0.0846324042 0.0000000000
-0.3533536857 0.0747360717 0.0000000000
0.0651328392 -0.0557576934 0.0000000000
0.0777487662 -0.0770507518 0.0000000000
0.0733488933 -0.0370183098 0.0000000000
0.0974401230 -0.0320552508 0.0000000000
0.0955158074 -0.0698393236 0.0000000000
0.1071539739 -0.0514910086 0.0000000000
0.0933531362 -0.0900034232 0.0000000000
0.0877960447 -0.1123740129 0.0000000000
-0.0020292198 0.0165227821 0.0000000000
0.0233437014 0.0182260158 0.0000000000
-0.0259755885 0.0390396304 0.0000000000
0.3350783023 -0.1366519741 0.0000000000
0.2824052351 -0.0652766553 0.0000000000
0.3585629902 -0.0597053075 0.0000000000
0.1340288145 -0.0051101304 0.0000000000
0.1337007913 0.0177312362 0.0000000000
0.1623789593 0.0355729817 0.0000000000
0.1979286329 -0.0043942064 0.0000000000
0.1980402442 0.0168065861 0.0000000000
-0.3055711185 -0.0850717966 0.0000000000
-0.3236964344 -0.0509609424 0.0000000000
-0.4354419386 0.0041128935 0.0000000000
-0.4341055468 0.0262986051 0.0000000000
-0.4567079361 0.0112091996 0.0000000000
-0.4134488231 0.0485346406 0.0000000000
-0.4375772560 0.0502365455 0.0000000000
-0.4238410527 0.0730898678 0.0000000000
-0.2112847891 0.0844454644 0.0000000000
-0.3419013492 0.0574242777 0.0000000000
-0.3857310493 0.1102822480 0.0000000000
-0.3827155290 0.0651059749 0.0000000000
0.1122904777 -0.0202824510 0.0000000000
0.1240058988 -0.0423712657 0.0000000000
0.3278734568 -0.1550342398 0.0000000000
0.3501295351 -0.1569011832 0.0000000000
0.3665168799 -0.1410148435 0.0000000000
0.3676736461 -0.0998578838 0.0000000000
0.3730315044 -0.1206032089 0.0000000000
0.3883349073 -0.1055862815 0.0000000000
0.3486461574 -0.1158366243 0.0000000000
0.4057328804 -0.0752265342 0.0000000000
0.3835596590 -0.0826848556 0.0000000000
0.3417641478 -0.0883231856 0.0000000000
0.3253850375 -0.1155041407 0.0000000000
0.3864172509 -0.0544912280 0.0000000000
0.3255203416 -0.0238636002 0.0000000000
0.1653208566 0.0167676233 0.0000000000
0.1906231107 0.0885099712 0.0000000000
-0.4042634009 0.0333700895 0.0000000000
-0.4559210806 0.0587439341 0.0000000000
-0.4343125851 0.0893394219 0.0000000000
-0.4078907544 0.0948673616 0.0000000000
-0.1945380278 0.0614698425 0.0000000000
-0.3637517070 0.0977836040 0.0000000000
-0.3555605351 0.1377631704 0.0000000000
-0.3840249855 0.0877073482 0.0000000000
-0.3661690043 0.1191077725 0.0000000000
-0.3894939761 0.1447155882 0.0000000000
-0.3949844460 0.0510752394 0.0000000000
-0.4030112175 0.0704736326 0.0000000000
-0.3761989498 0.0487156787 0.0000000000
0.0957707115 -0.0116001588 0.0000000000
0.3608611098 -0.0802937583 0.0000000000
0.3237331164 -0.0743767924 0.0000000000
0.3207017186 -0.0489813241 0.0000000000
0.3026642903 -0.0324999280 0.0000000000
0.3380912455 -0.0597842364 0.0000000000
0.3482358550 -0.0360740000 0.0000000000
0.2987824893 0.0123357096 0.0000000000
0.2792061788 -0.0150506039 0.0000000000
0.3070463756 -0.0095346747 0.0000000000
0.3585237687 0.0102995387 0.0000000000
0.3286465152 0.0111235749 0.0000000000
0.3468399423 -0.0114363684 0.0000000000
0.3785583250 -0.0219976367 0.0000000000
0.3657391001 -0.0075871502 0.0000000000
0.3976945297 0.0079325559 0.0000000000
0.3780277277 0.0077686177 0.0000000000
0.3875705115 0.0427144014 0.0000000000
0.3708039495 0.0285170782 0.0000000000
0.3540192931 0.0653382288 0.0000000000
0.3442053642 0.0331990850 0.0000000000
0.3676043569 0.0492947247 0.0000000000
0.3892525320 0.0813990472 0.0000000000
0.3689871709 -0.0410776403 0.0000000000
0.4201404418 -0.0424411803 0.0000000000
0.2010067749 0.0622689693 0.0000000000
-0.4101728045 0.1217832385 0.0000000000
-0.1621819691 0.1026450415 0.0000000000
-0.2341033988 0.0502220417 0.0000000000
0.2673380281 -0.0305247232 0.0000000000
0.2503034387 -0.0403048964 0.0000000000
0.2614125416 -0.0002342861 0.0000000000
0.2763535311 0.0171813837 0.0000000000
0.2961580536 0.0545189021 0.0000000000
0.2915213492 0.0330571925 0.0000000000
0.3144338723 0.0294531568 0.0000000000
0.2658781661 0.0498290094 0.0000000000
0.4058744990 -0.0557303820 0.0000000000
0.4278698856 -0.0656387453 0.0000000000
0.3986399918 -0.0336623093 0.0000000000
0.4198757700 -0.0123714367 0.0000000000
0.3972800975 -0.0128850422 0.0000000000
0.1703612149 0.0653173335 0.0000000000
-0.4113937905 0.1436737936 0.0000000000
-0.4014964979 0.1663219562 0.0000000000
-0.4237910138 0.1635024337 0.0000000000
-0.3662760628 0.1717502728 0.0000000000
-0.3877848295 0.1943309907 0.0000000000
-0.3828827766 0.1625251015 0.0000000000
-0.4278708411 0.1258273567 0.0000000000
-0.1841667675 0.0866204840 0.0000000000
-0.2163919599 0.0631317789 0.0000000000
-0.2427740994 0.0807221803 0.0000000000
-0.2135898141 0.0406829698 0.0000000000
-0.2338157473 0.0240140662 0.0000000000
-0.2090090779 0.0197362717 0.0000000000
-0.2417203338 0.0015683724 0.0000000000
-0.2254655049 -0.0107399699 0.0000000000
-0.2237980820 0.0080408177 0.0000000000
0.3261809986 0.0562709107 0.0000000000
0.2727042239 0.1058518432 0.0000000000
0.2453248060 0.0419461472 0.0000000000
0.2420747039 0.0811565981 0.0000000000
0.2371440712 0.0610079808 0.0000000000
0.2195760263 0.0759847175 0.0000000000
0.2216570475 0.1184546066 0.0000000000
0.2266058908 0.0969261842 0.0000000000
0.2492197820 0.1036370796 0.0000000000
0.2060829515 0.1035414947 0.0000000000
0.1874331661 0.1386066266 0.0000000000
0.2017031502 0.1237041633 0.0000000000
0.2209861146 0.1564521402 0.0000000000
0.1752766716 0.1126826633 0.0000000000
0.2574494152 0.1419904964 0.0000000000
0.2593802662 0.1215165469 0.0000000000
0.2908862717 0.1348158274 0.0000000000
0.2397066771 0.1299891979 0.0000000000
0.4385401798 -0.0272431905 0.0000000000
0.4276581460 0.0183984976 0.0000000000
0.1796511162 0.0468810332 0.0000000000
0.1418063194 0.0570371409 0.0000000000
-0.3383900732 0.2198466699 0.0000000000
-0.4074449965 0.2050900568 0.0000000000
-0.1595783297 0.0759797567 0.0000000000
-0.2015814880 0.1336057455 0.0000000000
0.3432771949 0.0510504588 0.0000000000
0.2771918650 0.0768777754 0.0000000000
0.2606813037 0.0876184921 0.0000000000
0.2571124388 0.0678756156 0.0000000000
0.1658270574 0.0897255990 0.0000000000
0.1298553226 0.1179556903 0.0000000000
0.1518223638 0.1089135906 0.0000000000
0.1595181703 0.1358845264 0.0000000000
0.1296641503 0.0862866386 0.0000000000
0.3261996122 0.1034817037 0.0000000000
0.4154912116 0.0051066442 0.0000000000
0.4339297414 0.0004431447 0.0000000000
0.4092196162 0.0230619971 0.0000000000
0.4474589038 0.0152416974 0.0000000000
0.4265600904 0.0528398595 0.0000000000
0.1418942879 0.0365303010 0.0000000000
-0.3593597288 0.1998724852 0.0000000000
-0.1432517253 0.0562330782 0.0000000000
-0.1165986297 0.0551828491 0.0000000000
-0.1287779463 0.0848228143 0.0000000000
-0.1995002661 0.1076571883 0.0000000000
-0.1785248192 0.1223972800 0.0000000000
-0.2358334900 0.1178007986 0.0000000000
-0.1353381242 0.1414925256 0.0000000000
-0.2202211786 0.1035797882 0.0000000000
-0.1717947635 0.1655604144 0.0000000000
-0.1542385477 0.1258544607 0.0000000000
-0.1817840406 0.1450117093 0.0000000000
-0.1381898210 0.1073977584 0.0000000000
-0.1569606393 0.1483851400 0.0000000000
-0.2102628755 0.1715584157 0.0000000000
-0.0934647355 0.1127949439 0.0000000000
-0.1339306779 0.1832695871 0.0000000000
-0.2000975829 0.1539144137 0.0000000000
-0.2304283917 0.1481901139 0.0000000000
-0.1150661354 0.1037889561 0.0000000000
-0.1503652689 0.1690751844 0.0000000000
-0.1673107337 0.2053063817 0.0000000000
-0.1639475382 0.1848010338 0.0000000000
-0.1907517220 0.1909332134 0.0000000000
-0.1007660256 0.0790108778 0.0000000000
-0.1129860726 0.1292089194 0.0000000000
-0.0741279536 0.1556078770 0.0000000000
-0.1097679150 0.1615433181 0.0000000000
-0.0898340765 0.1369283974 0.0000000000
-0.0488674506 0.1184255139 0.0000000000
-0.0667413780 0.1334543105 0.0000000000
-0.0311625038 0.1576254546 0.0000000000
-0.0523606980 0.1505574250 0.0000000000
-0.0542912676 0.1916699902 0.0000000000
-0.0591239189 0.1708414473 0.0000000000
-0.0885687503 0.1886481641 0.0000000000
0.1686501355 0.1867311632 0.0000000000
0.1151936297 0.0631345759 0.0000000000
0.2990278092 0.0950943976 0.0000000000
0.3338892055 0.0798732718 0.0000000000
0.3611363764 0.0964018770 0.0000000000
0.3107350472 0.0743752240 0.0000000000
0.4626799721 0.0056100347 0.0000000000
0.4081431528 0.0436267020 0.0000000000
0.4079047484 0.0671174118 0.0000000000
0.4284347984 0.0746158933 0.0000000000
0.4357675926 0.0978551007 0.0000000000
0.4110039221 0.0904859962 0.0000000000
0.3884862098 0.1138099673 0.0000000000
-0.3146948564 0.1739760721 0.0000000000
-0.3672957404 0.2291984725 0.0000000000
-0.2210835934 0.1308526933 0.0000000000
-0.2771562846 0.1408258831 0.0000000000
-0.1906055055 0.1712743345 0.0000000000
-0.2032521068 0.2376212719 0.0000000000
0.1712548452 0.1600200013 0.0000000000
0.0813866698 0.1003628484 0.0000000000
0.0971798906 0.0456827848 0.0000000000
0.0884003598 0.0727678030 0.0000000000
0.0689710759 0.0481496727 0.0000000000
0.3070147799 0.1174265376 0.0000000000
0.3413275396 0.1444635357 0.0000000000
0.3279840765 0.1261060492 0.0000000000
0.3463695974 0.1132733700 0.0000000000
0.3140791788 0.1502412785 0.0000000000
-0.3332439466 0.1934496096 0.0000000000
-0.3805014629 0.2135048011 0.0000000000
-0.3443312866 0.2508313022 0.0000000000
-0.3845622663 0.2435223817 0.0000000000
-0.2525215137 0.1364442984 0.0000000000
-0.2584912480 0.1743237611 0.0000000000
-0.2698262282 0.1105946173 0.0000000000
-0.2620431324 0.1543538496 0.0000000000
-0.2865612896 0.1690155212 0.0000000000
-0.1900755006 0.2161317391 0.0000000000
-0.1604508157 0.2490810032 0.0000000000
-0.2291374106 0.2069648613 0.0000000000
-0.1801513511 0.2370013457 0.0000000000
-0.2078350521 0.2039999937 0.0000000000
-0.1906570632 0.2762394417 0.0000000000
-0.1912253807 0.2550618172 0.0000000000
-0.2133841216 0.2662529016 0.0000000000
-0.2089253272 0.2869597531 0.0000000000
-0.1807870405 0.3139841899 0.0000000000
-0.2006070145 0.3064598307 0.0000000000
-0.1986704838 0.3312249543 0.0000000000
-0.2310232119 0.2439023228 0.0000000000
-0.2153925859 0.3219573317 0.0000000000
-0.2355692170 0.3188307270 0.0000000000
-0.1591656430 0.3543069836 0.0000000000
-0.2044531636 0.3512334785 0.0000000000
-0.1814211964 0.3470500754 0.0000000000
-0.1638273983 0.3308484752 0.0000000000
-0.1780933145 0.3745993190 0.0000000000
-0.1424114940 0.2923515655 0.0000000000
-0.1585485071 0.3085798234 0.0000000000
-0.1199110567 0.3343137233 0.0000000000
-0.1743218787 0.2921307397 0.0000000000
-0.1423579172 0.3387744404 0.0000000000
-0.1353055425 0.3155548329 0.0000000000
-0.1688275096 0.2701415143 0.0000000000
-0.1232268660 0.3763361732 0.0000000000
-0.0977255262 0.2913563076 0.0000000000
-0.1442480823 0.2677216906 0.0000000000
-0.1380895684 0.3602532804 0.0000000000
-0.1510289531 0.3871199586 0.0000000000
-0.1113018377 0.3115523780 0.0000000000
-0.1193046526 0.2296783704 0.0000000000
-0.1203698400 0.2783245620 0.0000000000
-0.0687116206 0.3255213978 0.0000000000
-0.1371414606 0.2451823611 0.0000000000
-0.1238834536 0.2971346959 0.0000000000
-0.0916550706 0.2546185607 0.0000000000
-0.0941148042 0.3310620192 0.0000000000
-0.1524310045 0.2253993997 0.0000000000
-0.1015719123 0.2718503331 0.0000000000
-0.1175212919 0.2560683112 0.0000000000
-0.0736153799 0.2764698022 0.0000000000
-0.0853487159 0.3102478265 0.0000000000
-0.0715912190 0.3733245451 0.0000000000
-0.1039845508 0.3567124578 0.0000000000
-0.1443178330 0.2038352100 0.0000000000
-0.0605513649 0.2999346894 0.0000000000
-0.0768929012 0.3490168735 0.0000000000
-0.1185652534 0.2039362096 0.0000000000
-0.0311512641 0.3517722893 0.0000000000
-0.1121889482 0.1831501613 0.0000000000
-0.0927276025 0.2175600510 0.0000000000
-0.0544106676 0.3568453365 0.0000000000
-0.0470851936 0.3345743679 0.0000000000
-0.0337878526 0.3955413189 0.0000000000
-0.0086310586 0.3149268671 0.0000000000
-0.0495563955 0.3791016786 0.0000000000
-0.0250873198 0.3301736461 0.0000000000
-0.0682290321 0.4127943033 0.0000000000
-0.0401721997 0.3119496167 0.0000000000
0.0101691440 0.3517226680 0.0000000000
-0.0536784901 0.3988377421 0.0000000000
-0.0399432391 0.4200580042 0.0000000000
-0.0290626306 0.2698155153 0.0000000000
-0.0104980579 0.3459202313 0.0000000000
-0.0081584185 0.3772944560 0.0000000000
0.0007112538 0.4172340417 0.0000000000
-0.0223631496 0.4355816523 0.0000000000
-0.0405594144 0.2893158291 0.0000000000
-0.0200766107 0.4120148475 0.0000000000
-0.0518829780 0.2695005737 0.0000000000
-0.0155916062 0.2908968474 0.0000000000
-0.0687985879 0.2541210933 0.0000000000
0.0150442679 0.2564757711 0.0000000000
-0.0806319831 0.2357547599 0.0000000000
-0.0673277192 0.2137923841 0.0000000000
-0.0582283641 0.2343154332 0.0000000000
-0.0051279321 0.2693658579 0.0000000000
-0.0410063438 0.2144009370 0.0000000000
-0.0401908406 0.2492272385 0.0000000000
0.0252099897 0.2946136811 0.0000000000
-0.0106825812 0.2384439955 0.0000000000
0.0043174761 0.2981530803 0.0000000000
0.0192889510 0.3230950272 0.0000000000
0.0140585270 0.2771623218 0.0000000000
0.0470523685 0.2683677598 0.0000000000
0.1964051063 0.1622033869 0.0000000000
0.2188909842 0.2029031102 0.0000000000
0.2133877600 0.1793821576 0.0000000000
0.2510881383 0.1791510412 0.0000000000
0.1932278105 0.1965032782 0.0000000000
0.2322875916 0.1873644165 0.0000000000
0.2531351053 0.2188822524 0.0000000000
0.1226009690 0.1687581506 0.0000000000
0.1050481659 0.0916879292 0.0000000000
0.1018458115 0.1195599832 0.0000000000
0.0551770106 0.0790124354 0.0000000000
0.3379457033 0.1956562339 0.0000000000
-0.3402830977 0.1681735880 0.0000000000
-0.3551203110 0.1565847238 0.0000000000
-0.3354622634 0.1467090097 0.0000000000
-0.3372540667 0.1236846601 0.0000000000
-0.3180184270 0.1109706961 0.0000000000
-0.2961551854 0.1239381093 0.0000000000
-0.3167359468 0.1337229901 0.0000000000
-0.3498714617 0.2337070683 0.0000000000
-0.3315156117 0.2372267493 0.0000000000
-0.3626871366 0.2473116212 0.0000000000
-0.3041427561 0.2163501858 0.0000000000
-0.3195462588 0.2613405904 0.0000000000
-0.2344294295 0.1720277801 0.0000000000
-0.2220310101 0.1880190955 0.0000000000
-0.2425520614 0.1911274774 0.0000000000
-0.2639200486 0.2228266445 0.0000000000
-0.2665949766 0.1979719894 0.0000000000
-0.2828567958 0.2122934014 0.0000000000
-0.2844776972 0.2374964087 0.0000000000
-0.2977069724 0.1922466209 0.0000000000
-0.2978579558 0.2555279809 0.0000000000
-0.3152170284 0.2004823173 0.0000000000
-0.2767038492 0.0866607927 0.0000000000
-0.2615879387 0.0731275881 0.0000000000
-0.2579652374 0.0495322673 0.0000000000
-0.2578976501 0.0942117340 0.0000000000
-0.2793614405 0.0370799225 0.0000000000
-0.2496249786 0.0332389859 0.0000000000
-0.2533710042 0.2532098035 0.0000000000
-0.2204937773 0.2259230219 0.0000000000
-0.2422688515 0.2252435131 0.0000000000
-0.2506721803 0.2082540789 0.0000000000
-0.1934539239 0.3898832024 0.0000000000
-0.1717298941 0.3963554861 0.0000000000
-0.1268678289 0.4081799699 0.0000000000
-0.1216661724 0.3524232870 0.0000000000
-0.0969403822 0.3828657398 0.0000000000
-0.1008426122 0.2016376812 0.0000000000
-0.0225409694 0.1883613854 0.0000000000
0.0017900198 0.3311075339 0.0000000000
0.0654779571 0.3535757496 0.0000000000
0.2846886790 0.1692827567 0.0000000000
0.1861348619 0.1785491318 0.0000000000
0.1947142608 0.2451969217 0.0000000000
0.1456956018 0.1575276197 0.0000000000
0.1436768312 0.1827375304 0.0000000000
0.1243997416 0.1430958329 0.0000000000
0.1490838741 0.2290051260 0.0000000000
0.1407240504 0.1334762981 0.0000000000
0.0899097391 0.1535724936 0.0000000000
0.1529052815 0.2051087951 0.0000000000
0.1091557113 0.1549215193 0.0000000000
0.0977669219 0.1794389659 0.0000000000
0.1774372275 0.2212855653 0.0000000000
0.1196437592 0.1960936452 0.0000000000
0.1326111816 0.2141171600 0.0000000000
0.1144552712 0.2507626824 0.0000000000
0.1025704922 0.2220539995 0.0000000000
0.1287011939 0.2350003746 0.0000000000
0.1495204559 0.2681356194 0.0000000000
0.1344378975 0.2545040520 0.0000000000
0.1178141682 0.2880570510 0.0000000000
0.0425828017 0.0548694730 0.0000000000
0.0281954339 0.0390510158 0.0000000000
0.0157148452 0.0648545936 0.0000000000
0.0732383923 0.0836030035 0.0000000000
0.0592642186 0.1007576286 0.0000000000
0.0708390220 0.1293397914 0.0000000000
0.0269652157 0.0955718111 0.0000000000
0.3324171256 0.1695829583 0.0000000000
-0.2990816909 0.1491745661 0.0000000000
-0.3303230029 0.2812807411 0.0000000000
-0.3230598877 0.3028531014 0.0000000000
-0.3533774617 0.2756745899 0.0000000000
-0.1840428686 0.4151940587 0.0000000000
-0.1334146469 0.3913013694 0.0000000000
-0.1140823314 0.3935117920 0.0000000000
-0.1462001444 0.4059695474 0.0000000000
-0.0931994374 0.4080130441 0.0000000000
-0.1387380308 0.4263512890 0.0000000000
-0.0775172878 0.3937074317 0.0000000000
-0.0841784349 0.4284956612 0.0000000000
-0.0998121942 0.4445462659 0.0000000000
-0.1069195078 0.4243947073 0.0000000000
-0.0393462738 0.1764981807 0.0000000000
0.0380848831 0.3448492342 0.0000000000
0.2952572201 0.1533924473 0.0000000000
0.3083032337 0.1735289544 0.0000000000
0.2752008932 0.1515128038 0.0000000000
0.2900054891 0.2075015597 0.0000000000
0.2935979665 0.1875225665 0.0000000000
0.3150781266 0.1953717523 0.0000000000
0.2703124494 0.1936480172 0.0000000000
0.3260076076 0.2360518983 0.0000000000
0.3262798209 0.2141704855 0.0000000000
0.3596370196 0.2222564724 0.0000000000
0.3055652739 0.2248551881 0.0000000000
0.2959377623 0.2666921613 0.0000000000
0.2779748880 0.2339410579 0.0000000000
0.3066516146 0.2471314031 0.0000000000
0.3310617245 0.2673287833 0.0000000000
0.0479842108 0.1804343473 0.0000000000
0.2023327144 0.2214948494 0.0000000000
0.2281251760 0.2277967884 0.0000000000
0.1688528795 0.2456855399 0.0000000000
0.1823775842 0.2768809598 0.0000000000
0.1820303368 0.2585019954 0.0000000000
0.2045473015 0.2672693283 0.0000000000
0.2175425416 0.2482536114 0.0000000000
0.2105012138 0.3113759369 0.0000000000
0.2504096840 0.2522906054 0.0000000000
0.2013040839 0.2901622884 0.0000000000
0.2313516684 0.2716389931 0.0000000000
0.1682967022 0.3170730869 0.0000000000
0.2237942604 0.2930122444 0.0000000000
0.1810052737 0.2989627923 0.0000000000
0.2654618430 0.2957228183 0.0000000000
0.1548855510 0.2941479019 0.0000000000
0.2450103128 0.2884913234 0.0000000000
0.2621530129 0.2725451536 0.0000000000
0.2438742500 0.3242396755 0.0000000000
0.2811316112 0.2816607955 0.0000000000
0.3087433566 0.2941657852 0.0000000000
0.2874448329 0.3044575002 0.0000000000
0.3071195478 0.3179896596 0.0000000000
0.2683944659 0.3203723063 0.0000000000
0.2598917927 0.3461291913 0.0000000000
0.0986973645 0.2009123326 0.0000000000
0.0631555851 0.2183491532 0.0000000000
0.0731020619 0.1912645375 0.0000000000
0.0833855179 0.2146430540 0.0000000000
0.0817165511 0.2475014471 0.0000000000
-0.0087016082 0.0577145578 0.0000000000
-0.0048317061 0.0897987624 0.0000000000
-0.0471295042 0.0759331595 0.0000000000
-0.0307707150 0.0608015664 0.0000000000
-0.0258650955 0.0825135924 0.0000000000
-0.0609297475 0.0446051417 0.0000000000
-0.0234036529 0.1094129105 0.0000000000
-0.0421282077 0.0974194320 0.0000000000
-0.0692340473 0.1003073384 0.0000000000
0.0894528646 0.1343115327 0.0000000000
0.0386898396 0.1257243343 0.0000000000
0.3759587032 0.1708880460 0.0000000000
-0.3177332517 0.1547481354 0.0000000000
0.0508712277 0.3148045831 0.0000000000
0.0384998283 0.3909042336 0.0000000000
0.2722447151 0.2153768388 0.0000000000
0.0618959704 0.1559983314 0.0000000000
0.2447924646 0.2350170130 0.0000000000
0.1643160802 0.2786434098 0.0000000000
0.1310286640 0.3234894256 0.0000000000
0.1374877497 0.2841768167 0.0000000000
0.1374755367 0.3043617304 0.0000000000
0.1176059077 0.3083150806 0.0000000000
0.0983920658 0.3388349011 0.0000000000
0.0829032618 0.2978282385 0.0000000000
0.3133495386 0.2752976327 0.0000000000
0.3303644887 0.2894477198 0.0000000000
0.3464376620 0.3019263578 0.0000000000
0.3151020513 0.3358216980 0.0000000000
0.2882606959 0.3273674260 0.0000000000
0.2410647699 0.3617750201 0.0000000000
0.1979581796 0.3534493015 0.0000000000
0.2183029986 0.3638690725 0.0000000000
0.2061875837 0.3842717890 0.0000000000
0.2192756773 0.3368981709 0.0000000000
0.1753731151 0.3950718841 0.0000000000
0.2791983917 0.3577099413 0.0000000000
0.0989594054 0.2403632752 0.0000000000
0.0970006599 0.2600266289 0.0000000000
0.0737032639 0.2728677883 0.0000000000
0.0063001709 0.1189387807 0.0000000000
-0.0293140626 0.1331923360 0.0000000000
-0.0029387678 0.1474741884 0.0000000000
-0.0757259526 0.1174627441 0.0000000000
-0.0878671510 0.0939042169 0.0000000000
-0.0744323629 0.0692361486 0.0000000000
0.0557444252 0.1188178074 0.0000000000
0.0535871313 0.1380007848 0.0000000000
0.0411929265 0.1073952386 0.0000000000
0.0356153050 0.1572144734 0.0000000000
0.3543975977 0.1632398457 0.0000000000
0.3706577487 0.1379841251 0.0000000000
0.3585557559 0.1857331938 0.0000000000
0.3799894948 0.1932366377 0.0000000000
0.3962870553 0.1787594174 0.0000000000
0.3933231798 0.1562284657 0.0000000000
0.4136687941 0.1635843805 0.0000000000
0.0563477804 0.3348784033 0.0000000000
0.0737876265 0.3193364848 0.0000000000
0.0962909311 0.3161880265 0.0000000000
0.0371125171 0.3266922971 0.0000000000
0.0289713482 0.3679607141 0.0000000000
0.0516478242 0.3719934938 0.0000000000
0.0141606924 0.3875619592 0.0000000000
0.0912124702 0.3873016321 0.0000000000
-0.0038353320 0.3972890659 0.0000000000
0.0652938404 0.3955071536 0.0000000000
0.0735889910 0.3740679235 0.0000000000
0.0955464292 0.3631785026 0.0000000000
0.1256156013 0.3543553071 0.0000000000
0.1166410290 0.3794192404 0.0000000000
0.0772660659 0.1705278839 0.0000000000
0.2377957925 0.3426575251 0.0000000000
0.0594560546 0.2922947742 0.0000000000
0.0095574664 0.1009981781 0.0000000000
0.0121364423 0.0828412552 0.0000000000
0.0299921378 0.0770443146 0.0000000000
-0.0101867868 0.1293641355 0.0000000000
0.0190393145 0.1388267008 0.0000000000
-0.0112697161 0.1686226096 0.0000000000
0.0129057648 0.1659308943 0.0000000000
0.0033548369 0.1900609833 0.0000000000
0.0255965256 0.1849092433 0.0000000000
-0.0110950768 0.2120964656 0.0000000000
0.0412756620 0.2051115000 0.0000000000
0.0377262907 0.2356790950 0.0000000000
-0.0927841564 0.0601549374 0.0000000000
-0.0634252166 0.0833650585 0.0000000000
0.3536118498 0.1304467397 0.0000000000
0.3656544947 0.1152544215 0.0000000000
0.3914387911 0.1346488297 0.0000000000
0.0870397679 0.4191585047 0.0000000000
0.0466046729 0.4240118422 0.0000000000
0.1487927741 0.3767930089 0.0000000000
0.0418449177 0.2862458076 0.0000000000
0.0158076623 0.2139825607 0.0000000000
0.0599061289 0.2409029837 0.0000000000
0.0340250215 0.2544097649 0.0000000000
0.1109730088 0.4060916352 0.0000000000
0.0497511841 0.4056957168 0.0000000000
0.0672870350 0.4154972175 0.0000000000
0.0271191456 0.4112361095 0.0000000000
0.0634834322 0.4356345676 0.0000000000
0.0582526893 0.4555491254 0.0000000000
0.0164556897 0.2352476650 0.0000000000
0.1342686641 0.3971036419 0.0000000000
0.1548395589 0.3964654612 0.0000000000
0.1451419436 0.4157325253 0.0000000000
0.1064760718 0.4263065208 0.0000000000
0.1016451323 0.4470600458 0.0000000000
0.0186522188 0.4350913780 0.0000000000
0.0112064648 0.4562237555 0.0000000000
-0.0018260225 0.4377996515 0.0000000000
0.1853186015 0.4180767675 0.0000000000
0.4538633089 0.0559787016 0.0000000000
0.3738874799 0.2633236031 0.0000000000
-0.4382496533 -0.1412503115 0.0000000000
-0.4284052491 -0.1687904213 0.0000000000
-0.4593805306 -0.0306354356 0.0000000000
-0.4396835416 -0.0235260134 0.0000000000
-0.4217396495 -0.0297124913 0.0000000000
-0.4565349269 -0.0595782486 0.0000000000
0.4485164387 -0.1041509160 0.0000000000
0.4285267704 -0.1045210381 0.0000000000
0.4542310576 -0.0754679407 0.0000000000
0.2491633142 0.3872106042 0.0000000000
0.2240822261 0.4022541730 0.0000000000
-0.0305312371 0.4594368865 0.0000000000
-0.0596379994 0.4565792076 0.0000000000
-0.0626633440 0.4358345749 0.0000000000
-0.3572619209 -0.2329865691 0.0000000000
0.0754169106 -0.4542319878 0.0000000000
0.0676195624 -0.4360524755 0.0000000000
0.1041034144 -0.4485351077 0.0000000000
0.3508086982 -0.2982524451 0.0000000000
0.4127805373 0.2040260697 0.0000000000
0.3990017105 0.2298236253 0.0000000000
0.3794475070 0.2253734483 0.0000000000
-0.4272677387 -0.0545187973 0.0000000000
-0.1688346695 -0.4283798122 0.0000000000
0.0359064271 -0.4257656829 0.0000000000
-0.2595477788 -0.2594491335 0.0000000000
-0.2577881061 -0.2800876589 0.0000000000
-0.2378417041 -0.2619344062 0.0000000000
-0.2159070551 -0.2724230837 0.0000000000
-0.2209539942 -0.2505358130 0.0000000000
-0.2183732724 -0.2937839055 0.0000000000
-0.1216459060 -0.3409003280 0.0000000000
0.0388242904 -0.3308634844 0.0000000000
0.2034691293 -0.3329450918 0.0000000000
0.1429280480 -0.2356681381 0.0000000000
0.0018468566 -0.1418062452 0.0000000000
0.2694155208 -0.2979209044 0.0000000000
0.0893137311 -0.1669832771 0.0000000000
-0.0796331731 -0.2250781593 0.0000000000
-0.0700265390 -0.2500865356 0.0000000000
0.0524405199 -0.1213444891 0.0000000000
-0.1290951641 -0.2103476237 0.0000000000
-0.0604733443 -0.2875211781 0.0000000000
-0.1647767215 -0.0767050340 0.0000000000
-0.0459235143 0.0053791550 0.0000000000
-0.0536851504 0.0248932495 0.0000000000
-0.0345406951 0.0216051638 0.0000000000
0.4068110481 -0.1290978378 0.0000000000
-0.2625919608 -0.0809560232 0.0000000000
0.1276755908 -0.1092503387 0.0000000000
0.4576324198 -0.0355442875 0.0000000000
0.1487847284 0.0770790480 0.0000000000
0.4361819028 0.0359084361 0.0000000000
-0.1306981390 0.1619051625 0.0000000000
-0.0903458426 0.1681955204 0.0000000000
0.3694571121 0.0781483570 0.0000000000
0.4147233181 0.1162846752 0.0000000000
0.3797235602 0.0973882641 0.0000000000
-0.0290831362 0.3730272960 0.0000000000
-0.0299211223 0.2315640609 0.0000000000
-0.2928338475 0.2740555344 0.0000000000
-0.3097765179 0.2373469325 0.0000000000
0.3506041247 0.2481240769 0.0000000000
0.3491058646 0.2661448407 0.0000000000
0.2766780545 0.2559538940 0.0000000000
-0.0761494663 0.0300685324 0.0000000000
0.1850767128 0.3733984120 0.0000000000
0.1675606002 0.3479545296 0.0000000000
0.1859694022 0.3329438346 0.0000000000
0.1662351701 0.3676181584 0.0000000000
0.1493055805 0.3566005319 0.0000000000
0.1500545563 0.3345872389 0.0000000000
0.2034353916 0.3280745777 0.0000000000
0.1903643555 0.3149486827 0.0000000000
0.0971916864 0.2816273529 0.0000000000
0.0785365187 0.3386169996 0.0000000000
0.1174637796 0.3370180972 0.0000000000
0.1423029789 0.4363746068 0.0000000000
-0.1977010614 -0.2999490077 0.0000000000
0.0771866165 -0.1827702160 0.0000000000
0.0674385399 -0.1627306619 0.0000000000
0.1156500013 -0.1674445018 0.0000000000
0.1254623789 -0.1494616739 0.0000000000
0.1003097692 -0.1373358873 0.0000000000
0.1100152059 -0.1215488094 0.0000000000
0.0829811238 -0.1304053844 0.0000000000
0.0808673537 -0.1492882630 0.0000000000
0.2429506289 0.1586332872 0.0000000000
3 128 150 133
3 294 341 90
3 74 75 133
3 187 153 463
3 77 151 76
3 90 91 294
3 185 79 234
3 185 184 78
3 70 180 146
3 234 79 80
3 77 184 151
3 152 390 395
3 185 152 395
3 79 185 78
3 146 181 69
3 54 55 238
3 69 181 68
3 193 191 1
3 70 146 69
3 189 190 156
3 74 133 150
3 47 48 237
3 72 73 148
3 190 189 53
3 148 231 72
3 187 188 153
3 189 156 1157
3 182 67 68
3 235 80 81
3 224 141 172
3 94 95 292
3 952 953 145
3 93 246 92
3 175 179 61
3 290 246 93
3 156 190 238
3 98 99 250
3 227 65 66
3 250 296 98
3 228 58 59
3 296 97 98
3 174 176 143
3 1033 229 144
3 154 136 50
3 128 133 149
3 181 182 68
3 83 283 82
3 281 319 1525
3 184 134 151
3 277 182 1516
3 291 92 246
3 71 72 231
3 185 234 152
3 131 181 146
3 91 92 291
3 1511 180 1512
3 182 181 147
3 86 87 326
3 282 235 81
3 145 977 278
3 1543 500 599
3 121 122 260
3 75 149 133
3 64 65 176
3 185 395 184
3 63 142 62
3 179 60 61
3 97 297 96
3 143 176 1513
3 175 62 142
3 132 183 280
3 61 62 175
3 179 278 60
3 136 154 129
3 174 142 63
3 48 49 135
3 132 150 183
3 57 58 177
3 149 75 76
3 229 56 57
3 58 228 177
3 1511 146 180
3 283 83 321
3 54 190 53
3 46 187 45
3 155 51 52
3 189 155 52
3 322 84 85
3 55 56 230
3 128 183 150
3 176 65 227
3 174 950 142
3 154 50 51
3 46 47 188
3 57 177 229
3 237 153 188
3 172 44 224
3 135 136 129
3 848 849 850
3 188 187 46
3 1100 1099 1102
3 172 43 44
3 172 225 43
3 336 376 1525
3 136 49 50
3 360 366 444
3 1169 1143 1166
3 226 41 42
3 367 445 501
3 39 40 220
3 168 38 218
3 207 1588 163
3 174 63 64
3 219 37 168
3 67 182 277
3 219 36 37
3 49 136 135
3 976 130 952
3 37 38 168
3 140 168 218
3 225 42 43
3 1377 1381 1383
3 35 36 223
3 237 188 47
3 99 295 250
3 158 1086 1131
3 102 252 101
3 976 142 130
3 243 102 103
3 176 174 64
3 950 143 948
3 195 243 103
3 195 104 242
3 141 276 366
3 244 105 106
3 224 44 45
3 460 461 141
3 195 103 104
3 169 220 272
3 106 288 244
3 109 110 301
3 1179 1180 1182
3 300 110 111
3 141 224 276
3 209 262 1504
3 112 256 111
3 328 114 258
3 272 220 40
3 115 258 114
3 218 38 39
3 1345 219 140
3 299 256 112
3 141 366 460
3 108 289 107
3 1522 221 273
3 115 116 254
3 117 200 116
3 1115 1121 1123
3 117 253 200
3 1217 1221 1208
3 211 264 1422
3 118 119 255
3 32 33 221
3 332 241 331
3 122 204 260
3 32 221 274
3 867 935 735
3 119 298 255
3 193 239 1509
3 123 204 122
3 206 302 125
3 207 25 26
3 126 206 125
3 761 939 760
3 1517 204 259
3 192 126 127
3 127 0 157
3 1133 1136 1010
3 0 191 157
3 204 1517 161
3 195 242 159
3 157 192 127
3 160 200 253
3 204 123 259
3 1508 208 163
3 116 200 254
3 1520 215 269
3 193 1 2
3 151 149 76
3 208 23 24
3 73 74 150
3 24 25 163
3 148 1512 231
3 208 24 163
3 184 77 78
3 20 269 215
3 132 148 150
3 217 22 23
3 73 150 148
3 307 22 217
3 25 207 163
3 149 134 319
3 1515 1533 347
3 31 32 274
3 335 147 316
3 273 221 33
3 137 155 189
3 19 20 215
3 146 1511 131
3 209 27 262
3 180 70 71
3 31 275 30
3 316 181 131
3 29 263 28
3 209 26 27
3 228 144 177
3 1513 176 227
3 308 35 223
3 191 0 1
3 8 306 7
3 238 190 54
3 191 1131 157
3 228 310 1037
3 19 270 18
3 777 411 731
3 240 3 4
3 305 267 9
3 286 240 4
3 330 11 268
3 6 287 5
3 11 12 268
3 1561 138 1065
3 1335 135 129
3 266 15 16
3 87 88 293
3 266 16 304
3 88 325 293
3 215 270 19
3 189 52 53
3 211 265 13
3 155 154 51
3 211 13 14
3 154 137 1336
3 14 264 211
3 265 12 13
3 381 447 446
3 154 155 137
3 9 267 8
3 193 2 239
3 149 151 134
3 280 338 337
3 252 327 101
3 175 976 179
3 314 1511 313
3 1561 157 138
3 192 1561 206
3 239 2 3
3 191 193 158
3 8 267 306
3 716 828 830
3 242 104 105
3 515 159 511
3 111 256 300
3 299 345 601
3 525 520 522
3 186 235 282
3 602 604 532
3 246 290 364
3 420 427 417
3 1526 250 295
3 253 117 118
3 717 160 689
3 121 261 120
3 584 589 582
3 537 527 544
3 244 288 523
3 560 546 551
3 299 202 256
3 259 123 124
3 802 260 161
3 872 797 870
3 255 298 799
3 192 206 126
3 206 1519 302
3 209 207 26
3 209 1588 207
3 1508 163 139
3 208 1508 217
3 262 27 28
3 209 164 1588
3 303 263 29
3 170 221 1522
3 264 14 15
3 1510 265 211
3 18 271 17
3 1305 1255 1125
3 312 467 317
3 286 194 240
3 1030 943 1067
3 1530 267 305
3 269 20 21
3 1431 270 166
3 215 1520 166
3 212 266 304
3 208 217 23
3 217 1521 307
3 220 218 39
3 218 169 1342
3 140 219 168
3 223 219 171
3 40 41 272
3 218 220 169
3 273 33 34
3 1506 170 1507
3 672 793 734
3 263 303 1498
3 219 223 36
3 223 1523 308
3 45 187 224
3 224 187 276
3 461 172 141
3 225 461 226
3 225 226 42
3 1337 272 173
3 66 67 277
3 1513 227 1516
3 59 60 278
3 228 278 310
3 144 229 177
3 230 229 178
3 229 230 56
3 1070 238 178
3 1512 148 132
3 71 231 180
3 281 183 128
3 460 443 461
3 484 483 343
3 340 247 324
3 235 234 80
3 234 186 397
3 282 81 82
3 234 235 186
3 87 293 326
3 384 386 385
3 48 135 237
3 237 135 285
3 55 230 238
3 178 238 230
3 240 239 3
3 239 240 1509
3 286 4 5
3 240 194 1509
3 331 6 7
3 637 640 719
3 244 242 105
3 242 196 519
3 515 195 159
3 243 515 252
3 288 106 107
3 242 244 196
3 323 289 108
3 340 251 351
3 290 93 94
3 455 291 197
3 95 96 324
3 250 1526 198
3 355 364 352
3 321 236 283
3 358 357 352
3 1534 293 325
3 295 99 100
3 353 296 198
3 1526 1527 198
3 247 292 324
3 243 252 102
3 252 1528 327
3 255 253 118
3 253 201 739
3 717 200 160
3 254 717 258
3 298 119 120
3 253 255 201
3 299 112 113
3 202 600 564
3 614 613 610
3 245 289 323
3 254 258 115
3 258 1529 328
3 124 125 302
3 1517 259 1519
3 161 260 204
3 261 260 205
3 260 261 121
3 799 205 798
3 263 262 28
3 1504 1503 164
3 29 30 303
3 263 210 1504
3 266 264 15
3 266 1422 264
3 1510 211 165
3 265 1510 268
3 16 17 304
3 266 212 1422
3 305 9 10
3 267 213 306
3 265 268 12
3 268 1531 330
3 21 22 307
3 1520 269 1521
3 166 270 215
3 271 270 216
3 270 271 18
3 304 271 1423
3 41 226 272
3 173 272 226
3 34 35 308
3 1522 273 1523
3 170 274 221
3 275 274 222
3 274 275 31
3 210 1498 1497
3 153 237 285
3 285 1335 501
3 1516 182 147
3 66 277 227
3 145 278 179
3 59 278 228
3 1512 280 311
3 279 311 313
3 338 320 337
3 311 280 232
3 319 281 128
3 320 338 233
3 283 282 82
3 282 236 514
3 321 83 84
3 282 283 236
3 342 85 86
3 507 342 343
3 1156 1334 1336
3 285 445 153
3 287 286 5
3 286 241 1135
3 331 7 306
3 286 287 241
3 289 288 107
3 245 522 523
3 108 109 323
3 288 289 245
3 292 290 94
3 247 352 364
3 197 291 246
3 294 291 249
3 96 297 324
3 290 292 247
3 325 88 89
3 293 248 326
3 291 294 91
3 249 469 341
3 100 101 327
3 1526 295 1528
3 198 296 250
3 297 296 251
3 296 297 97
3 251 340 324
3 120 261 298
3 298 261 205
3 113 114 328
3 328 1529 299
3 564 256 202
3 300 564 301
3 300 301 110
3 530 323 257
3 1519 206 162
3 124 302 259
3 30 275 303
3 222 303 275
3 17 271 304
3 1423 271 216
3 10 11 330
3 1530 305 1531
3 306 213 1451
3 287 331 241
3 1521 217 167
3 21 307 269
3 1523 223 171
3 34 308 273
3 1511 314 131
3 316 147 181
3 904 905 452
3 911 315 453
3 313 311 368
3 311 279 1512
3 280 337 232
3 910 1515 347
3 368 311 232
3 313 312 314
3 317 314 312
3 131 314 316
3 339 361 232
3 907 912 910
3 317 316 314
3 316 317 335
3 312 369 467
3 317 315 335
3 361 369 368
3 831 1146 1148
3 149 319 128
3 134 336 1525
3 371 370 320
3 337 339 232
3 322 321 84
3 321 284 508
3 342 86 326
3 321 322 284
3 109 301 323
3 257 323 301
3 95 324 292
3 297 251 324
3 89 90 341
3 341 350 1534
3 326 248 485
3 322 342 284
3 1528 252 199
3 100 327 295
3 1529 258 203
3 113 328 299
3 671 591 683
3 357 359 349
3 1531 268 214
3 10 330 305
3 6 331 287
3 332 331 306
3 1530 213 267
3 401 392 400
3 1416 1324 1415
3 677 663 715
3 1193 1178 1187
3 360 1177 1176
3 1533 315 347
3 1533 1516 147
3 389 376 336
3 375 377 371
3 338 280 183
3 339 337 320
3 183 281 338
3 233 338 281
3 375 376 373
3 352 247 340
3 1535 351 353
3 456 355 349
3 249 341 294
3 89 341 325
3 85 342 322
3 343 342 326
3 1534 248 293
3 376 375 233
3 519 518 159
3 415 419 458
3 603 624 622
3 359 354 414
3 1256 1252 1253
3 1447 1448 1358
3 449 451 318
3 449 381 466
3 356 420 1535
3 454 249 455
3 357 349 352
3 349 359 425
3 355 412 197
3 478 470 476
3 353 351 251
3 348 354 358
3 357 358 354
3 355 352 349
3 296 353 251
3 198 356 1535
3 419 348 420
3 387 378 385
3 363 456 413
3 355 197 364
3 423 420 356
3 427 423 496
3 358 352 340
3 359 357 354
3 340 351 358
3 348 358 351
3 354 415 414
3 370 339 320
3 445 465 463
3 380 400 372
3 339 370 374
3 369 361 447
3 377 373 383
3 374 381 446
3 418 422 425
3 454 471 470
3 246 364 197
3 290 247 364
3 693 436 694
3 439 561 563
3 462 463 465
3 1179 460 360
3 857 851 855
3 372 400 402
3 313 368 312
3 232 361 368
3 318 453 467
3 368 369 312
3 371 320 233
3 380 374 370
3 375 371 233
3 362 370 371
3 377 379 362
3 318 447 449
3 508 487 493
3 385 378 383
3 380 370 362
3 374 372 381
3 233 1525 376
3 377 375 373
3 390 396 389
3 396 382 389
3 377 383 379
3 371 377 362
3 389 391 376
3 378 403 393
3 401 379 393
3 374 380 372
3 379 401 362
3 393 379 378
3 402 946 466
3 369 447 318
3 396 398 382
3 385 373 384
3 376 391 373
3 378 379 383
3 391 399 384
3 404 406 394
3 373 385 383
3 382 398 399
3 433 413 422
3 385 386 387
3 393 403 388
3 505 506 1177
3 387 386 404
3 779 778 394
3 390 389 336
3 391 389 382
3 134 390 336
3 390 152 396
3 399 391 382
3 391 384 373
3 394 408 410
3 949 130 950
3 403 378 387
3 401 400 380
3 492 495 1537
3 406 408 394
3 390 134 395
3 134 184 395
3 152 397 396
3 396 397 398
3 234 397 152
3 186 513 397
3 493 509 236
3 399 1536 384
3 509 512 513
3 487 284 507
3 401 380 362
3 402 400 392
3 393 388 401
3 392 401 388
3 666 653 667
3 452 910 911
3 404 403 387
3 778 411 777
3 1538 1540 386
3 404 394 778
3 472 413 433
3 363 412 456
3 1540 404 386
3 405 699 408
3 438 437 428
3 575 563 572
3 405 408 406
3 407 675 410
3 416 442 430
3 503 505 367
3 407 410 408
3 409 681 779
3 583 596 597
3 682 771 731
3 454 412 363
3 455 412 454
3 359 414 418
3 425 422 413
3 415 354 348
3 421 418 414
3 419 415 348
3 365 414 415
3 418 421 416
3 478 350 470
3 419 420 417
3 499 427 496
3 421 414 365
3 418 416 422
3 348 1535 420
3 458 417 431
3 423 356 1527
3 199 497 510
3 431 428 365
3 428 421 365
3 437 416 421
3 433 430 434
3 199 511 497
3 420 423 427
3 561 559 552
3 430 442 426
3 349 425 413
3 418 425 359
3 491 481 702
3 422 416 430
3 497 496 423
3 517 516 535
3 365 458 431
3 428 424 438
3 429 434 435
3 469 454 470
3 432 442 437
3 434 430 426
3 459 417 427
3 428 431 1543
3 432 438 440
3 577 619 441
3 430 433 422
3 433 429 472
3 434 426 766
3 433 434 429
3 703 706 669
3 480 482 477
3 694 440 616
3 692 642 693
3 428 437 421
3 442 432 436
3 598 440 438
3 437 438 432
3 431 417 459
3 579 573 576
3 598 438 424
3 440 439 616
3 567 574 552
3 577 573 620
3 437 442 416
3 426 442 436
3 504 1170 1171
3 461 1295 173
3 276 462 366
3 367 505 1177
3 1335 1334 464
3 465 445 367
3 361 339 446
3 374 446 339
3 446 447 361
3 381 372 466
3 501 503 367
3 450 451 449
3 381 449 447
3 449 448 450
3 946 776 901
3 1270 1272 1139
3 450 904 451
3 467 315 317
3 854 776 900
3 452 905 907
3 318 451 453
3 911 451 452
3 473 471 472
3 341 469 350
3 291 455 249
3 197 412 455
3 355 456 412
3 349 413 456
3 519 521 516
3 499 550 459
3 415 458 365
3 419 417 458
3 459 427 499
3 431 459 500
3 360 460 366
3 443 1295 461
3 226 461 173
3 172 461 225
3 463 462 276
3 444 366 462
3 187 463 276
3 445 463 153
3 1139 1155 1089
3 983 984 956
3 367 444 465
3 465 444 462
3 402 466 372
3 449 466 448
3 318 467 369
3 315 467 453
3 468 471 473
3 476 468 477
3 249 454 469
3 363 471 454
3 470 468 476
3 350 469 470
3 472 471 363
3 468 470 471
3 472 363 413
3 472 429 473
3 435 1542 429
3 1542 475 477
3 473 1542 468
3 474 484 485
3 1589 489 491
3 482 474 477
3 468 1542 477
3 476 474 478
3 480 477 475
3 474 476 477
3 485 478 474
3 1534 478 248
3 479 480 481
3 479 488 483
3 480 475 726
3 480 479 482
3 704 726 435
3 703 669 654
3 483 482 479
3 484 482 483
3 479 489 488
3 343 483 487
3 485 484 343
3 474 482 484
3 326 485 343
3 485 248 478
3 1538 386 1536
3 486 494 490
3 490 483 488
3 483 490 487
3 489 479 481
3 488 486 490
3 491 489 481
3 486 488 489
3 495 492 494
3 487 490 493
3 704 702 481
3 1540 1539 405
3 512 399 398
3 493 236 508
3 494 493 490
3 509 493 492
3 494 486 1541
3 493 494 492
3 1539 1541 1589
3 1536 386 384
3 423 510 497
3 499 496 541
3 199 515 511
3 496 497 517
3 529 516 533
3 536 541 535
3 541 496 457
3 499 498 550
3 538 541 536
3 561 599 559
3 285 501 445
3 1571 503 501
3 771 711 732
3 621 646 651
3 1571 501 464
3 1291 505 502
3 824 814 785
3 1546 593 595
3 502 505 503
3 504 506 505
3 793 672 825
3 1173 1174 1176
3 342 507 284
3 343 487 507
3 321 508 236
3 487 508 284
3 512 509 492
3 514 509 513
3 1527 510 423
3 510 344 1528
3 518 511 159
3 496 517 457
3 512 492 1537
3 513 512 398
3 397 513 398
3 513 186 514
3 282 514 186
3 236 509 514
3 252 515 199
3 515 243 195
3 520 521 522
3 525 522 526
3 497 511 517
3 517 511 518
3 159 242 519
3 517 518 516
3 521 519 196
3 516 518 519
3 605 526 531
3 529 533 528
3 522 521 196
3 521 520 533
3 523 522 196
3 525 526 524
3 244 523 196
3 245 523 288
3 610 553 611
3 525 528 520
3 526 522 245
3 1544 528 525
3 245 530 526
3 526 530 531
3 544 545 539
3 538 543 498
3 1544 525 524
3 528 527 529
3 537 536 529
3 517 535 457
3 323 530 245
3 531 530 257
3 532 257 564
3 531 257 532
3 600 601 565
3 602 532 600
3 521 533 516
3 528 533 520
3 544 527 545
3 500 550 549
3 516 529 535
3 536 535 529
3 537 529 527
3 538 536 534
3 537 544 542
3 534 536 537
3 548 543 538
3 541 538 498
3 557 558 555
3 559 500 549
3 537 542 534
3 547 540 548
3 499 541 498
3 541 457 535
3 551 542 539
3 534 542 547
3 548 538 534
3 549 543 540
3 528 1544 527
3 539 542 544
3 531 604 605
3 564 600 532
3 545 608 609
3 588 620 585
3 554 542 551
3 542 554 547
3 547 548 534
3 540 543 548
3 559 549 569
3 550 500 459
3 498 543 550
3 549 550 543
3 609 611 539
3 551 546 554
3 554 557 556
3 556 567 569
3 627 612 622
3 613 632 634
3 557 554 546
3 556 547 554
3 562 1545 560
3 572 574 570
3 567 556 555
3 540 547 556
3 557 546 1545
3 556 557 555
3 562 764 1545
3 1052 1056 974
3 569 549 540
3 563 561 552
3 611 551 539
3 560 553 562
3 598 439 440
3 561 598 599
3 610 613 553
3 638 634 641
3 555 571 570
3 575 617 563
3 301 564 257
3 564 300 256
3 345 628 626
3 524 605 606
3 604 1547 566
3 545 606 608
3 567 555 570
3 569 567 552
3 1590 580 581
3 577 616 617
3 559 569 552
3 556 569 540
3 571 555 558
3 572 570 568
3 581 571 618
3 568 570 571
3 576 575 572
3 563 552 574
3 576 580 579
3 616 577 441
3 570 574 567
3 563 574 572
3 576 572 568
3 573 577 575
3 581 580 568
3 573 575 576
3 573 579 585
3 619 577 588
3 677 687 672
3 576 568 580
3 584 579 578
3 585 584 587
3 581 568 571
3 579 580 578
3 763 571 558
3 578 580 1590
3 1548 1590 618
3 666 668 649
3 583 587 592
3 706 767 1553
3 1591 589 584
3 587 584 582
3 584 585 579
3 585 583 588
3 613 634 638
3 715 671 685
3 1546 592 587
3 585 587 583
3 592 596 583
3 583 597 588
3 1591 584 578
3 1551 593 589
3 582 589 593
3 644 648 655
3 690 721 719
3 1546 595 590
3 1546 587 582
3 590 650 596
3 1551 589 586
3 593 591 595
3 646 648 644
3 675 696 1552
3 650 660 662
3 682 681 710
3 590 596 592
3 596 594 597
3 643 646 621
3 647 695 597
3 599 598 424
3 439 598 561
3 1543 599 424
3 559 599 500
3 601 600 202
3 602 600 565
3 299 601 202
3 601 345 626
3 1547 565 603
3 532 604 531
3 626 623 624
3 629 624 623
3 1547 604 602
3 605 524 526
3 604 566 605
3 606 545 1544
3 605 566 606
3 608 566 607
3 566 1547 615
3 553 560 611
3 566 608 606
3 609 608 607
3 609 607 610
3 545 609 539
3 614 615 612
3 610 607 614
3 611 560 551
3 610 611 609
3 612 615 622
3 743 740 742
3 627 631 612
3 631 632 612
3 615 614 607
3 613 614 612
3 566 615 607
3 615 603 622
3 616 441 694
3 439 563 617
3 577 617 575
3 439 617 616
3 721 764 637
3 635 634 632
3 647 597 643
3 441 619 692
3 585 620 573
3 588 577 620
3 706 642 1550
3 597 594 643
3 603 626 624
3 629 796 625
3 689 628 203
3 738 689 160
3 626 603 565
3 629 627 622
3 803 805 801
3 991 972 992
3 601 626 565
3 345 1529 628
3 629 622 624
3 839 625 838
3 203 717 689
3 623 626 628
3 718 740 738
3 625 627 629
3 723 724 636
3 635 630 723
3 839 627 625
3 632 631 630
3 632 630 635
3 612 632 613
3 724 723 630
3 684 676 683
3 639 634 633
3 613 638 553
3 635 723 722
3 634 635 633
3 761 754 759
3 896 1019 895
3 639 640 637
3 558 764 763
3 634 639 641
3 562 553 638
3 640 639 633
3 639 637 641
3 722 691 633
3 633 691 640
3 637 562 641
3 562 638 641
3 588 695 619
3 659 621 651
3 648 646 643
3 647 643 1549
3 655 650 662
3 644 656 667
3 659 669 1549
3 645 1550 692
3 648 643 594
3 653 651 646
3 1549 643 621
3 695 645 619
3 650 594 596
3 648 594 650
3 653 649 651
3 668 409 675
3 590 661 660
3 590 660 650
3 653 646 644
3 1552 659 651
3 661 670 665
3 678 679 768
3 644 655 656
3 649 653 666
3 698 696 407
3 1550 1549 669
3 650 655 648
3 656 655 652
3 652 662 664
3 658 680 710
3 595 670 661
3 661 665 657
3 667 678 708
3 409 668 674
3 1552 651 649
3 659 654 669
3 661 590 595
3 662 660 657
3 671 670 595
3 657 660 661
3 664 662 657
3 662 652 655
3 670 671 663
3 707 652 664
3 677 686 688
3 712 729 730
3 677 665 663
3 657 665 688
3 653 644 667
3 668 666 658
3 678 667 656
3 658 666 667
3 674 668 658
3 410 675 409
3 696 700 654
3 692 1550 642
3 671 595 591
3 663 665 670
3 591 684 683
3 929 830 828
3 683 685 671
3 392 772 774
3 652 707 728
3 664 657 688
3 680 658 708
3 674 710 681
3 696 675 407
3 649 668 675
3 887 844 885
3 807 758 747
3 663 671 715
3 677 672 686
3 678 656 728
3 678 673 708
3 730 768 769
3 402 775 776
3 771 732 713
3 682 411 681
3 681 411 779
3 409 674 681
3 710 711 682
3 731 411 682
3 593 1551 591
3 676 837 683
3 720 755 690
3 719 720 690
3 746 744 745
3 831 836 1146
3 734 686 672
3 781 733 780
3 736 685 794
3 937 1398 1400
3 677 688 665
3 664 688 686
3 738 739 718
3 628 689 743
3 691 744 640
3 1592 1593 1594
3 806 636 873
3 746 752 750
3 645 692 619
3 642 1553 693
3 694 436 432
3 441 692 693
3 440 694 432
3 441 693 694
3 597 695 588
3 645 695 647
3 697 698 699
3 654 659 1552
3 491 702 701
3 698 700 696
3 699 698 407
3 698 697 700
3 408 699 407
3 405 491 701
3 697 701 702
3 654 700 703
3 697 699 701
3 405 701 699
3 481 726 704
3 697 702 705
3 700 697 705
3 767 727 765
3 767 765 766
3 705 703 700
3 702 704 705
3 705 704 727
3 703 705 727
3 426 1553 767
3 782 734 714
3 728 707 679
3 708 658 667
3 729 708 673
3 781 780 707
3 848 850 812
3 658 710 674
3 711 710 680
3 712 711 680
3 388 731 772
3 680 729 712
3 730 673 768
3 732 711 712
3 810 713 732
3 795 826 736
3 770 819 1554
3 685 687 715
3 677 715 687
3 1126 836 1068
3 687 685 736
3 258 717 203
3 717 254 200
3 741 718 739
3 965 1558 804
3 720 719 640
3 690 1592 721
3 691 806 745
3 750 755 720
3 763 721 618
3 637 719 721
3 635 722 633
3 636 691 722
3 839 631 627
3 636 722 723
3 625 796 797
3 718 741 841
3 736 828 716
3 745 744 691
3 480 726 481
3 726 475 1542
3 765 727 704
3 703 727 706
3 678 728 679
3 652 728 656
3 708 729 680
3 730 729 673
3 780 679 707
3 712 730 1554
3 772 731 713
3 777 731 388
3 712 709 732
3 392 774 775
3 733 783 785
3 780 769 679
3 687 825 672
3 714 783 782
3 834 716 830
3 789 784 786
3 794 685 837
3 795 736 716
3 742 629 623
3 838 797 724
3 739 738 160
3 718 871 740
3 253 739 160
3 739 201 741
3 742 740 737
3 689 738 740
3 201 798 741
3 205 801 798
3 742 737 796
3 743 742 623
3 628 743 623
3 740 743 689
3 636 806 691
3 720 640 744
3 749 746 745
3 720 744 746
3 751 749 745
3 750 720 746
3 756 758 807
3 1144 1080 1057
3 884 845 808
3 934 1594 1595
3 745 843 751
3 752 749 747
3 752 746 749
3 755 750 1560
3 756 751 725
3 749 751 807
3 883 748 752
3 750 752 748
3 888 1560 887
3 1593 753 1594
3 759 754 756
3 754 1018 809
3 1560 750 748
3 755 753 1593
3 878 759 756
3 756 754 758
3 873 875 806
3 969 990 880
3 761 1017 1018
3 747 758 845
3 878 756 725
3 939 761 759
3 877 881 757
3 998 1008 999
3 939 759 757
3 761 760 1017
3 992 882 991
3 945 898 899
3 571 763 618
3 558 1545 764
3 637 764 562
3 721 763 764
3 704 435 765
3 766 765 435
3 434 766 435
3 767 766 426
3 1553 426 436
3 727 767 706
3 678 768 673
3 769 768 679
3 733 782 783
3 769 770 1554
3 785 783 824
3 792 820 784
3 711 771 682
3 713 731 771
3 774 713 773
3 388 772 392
3 810 773 713
3 901 776 854
3 713 774 772
3 775 774 773
3 775 773 1559
3 392 775 402
3 773 810 847
3 785 814 770
3 388 403 777
3 394 410 779
3 777 403 778
3 404 778 403
3 779 410 409
3 411 778 779
3 781 707 664
3 769 780 733
3 686 813 664
3 734 813 686
3 733 781 782
3 782 781 813
3 827 714 734
3 733 785 769
3 1559 812 900
3 783 714 786
3 786 788 824
3 770 769 785
3 714 827 789
3 786 784 788
3 795 936 935
3 784 789 791
3 791 792 784
3 788 817 814
3 714 789 786
3 787 1576 791
3 937 1557 935
3 979 862 864
3 787 791 789
3 792 791 790
3 954 979 1038
3 913 923 925
3 735 1555 793
3 787 789 827
3 888 1595 1560
3 884 747 845
3 935 936 869
3 793 825 867
3 742 796 629
3 797 796 737
3 870 871 840
3 805 741 798
3 799 798 201
3 1558 801 802
3 255 799 201
3 205 799 298
3 1517 1518 161
3 737 870 797
3 802 801 205
3 801 800 803
3 260 802 205
3 161 804 1558
3 880 881 879
3 840 871 841
3 968 963 965
3 757 881 882
3 801 805 798
3 841 805 803
3 876 724 797
3 843 806 875
3 749 807 747
3 756 807 751
3 754 809 758
3 831 835 836
3 894 809 762
3 893 845 758
3 709 811 732
3 810 732 811
3 814 818 770
3 810 811 847
3 819 770 818
3 848 865 823
3 782 813 734
3 664 813 781
3 820 815 817
3 818 817 821
3 979 1041 862
3 811 848 847
3 822 866 821
3 819 709 1554
3 820 817 788
3 821 817 815
3 817 818 814
3 818 816 819
3 865 816 823
3 709 819 865
3 784 820 788
3 820 792 861
3 822 821 815
3 818 821 816
3 820 861 815
3 851 857 859
3 816 866 823
3 812 847 848
3 786 824 783
3 814 824 788
3 687 826 825
3 867 795 935
3 736 826 687
3 867 826 795
3 734 793 827
3 827 793 1555
3 736 794 828
3 794 837 927
3 829 832 830
3 929 828 794
3 832 835 831
3 832 834 830
3 893 808 845
3 1056 1053 1058
3 958 988 930
3 832 831 834
3 929 794 927
3 891 941 890
3 1081 1068 1562
3 937 1400 1556
3 988 832 829
3 836 835 833
3 973 891 892
3 899 892 945
3 683 837 685
3 927 837 676
3 839 724 630
3 625 797 838
3 724 839 838
3 630 631 839
3 966 962 964
3 877 757 878
3 805 841 741
3 841 803 961
3 797 872 876
3 877 878 875
3 751 843 725
3 745 806 843
3 886 844 884
3 829 929 930
3 893 758 809
3 808 886 884
3 846 894 896
3 1377 1370 1375
3 811 865 848
3 773 847 812
3 849 823 866
3 823 849 848
3 852 855 851
3 900 852 854
3 850 849 852
3 812 850 900
3 1046 1043 1042
3 854 851 860
3 849 1044 855
3 852 851 854
3 863 815 861
3 977 978 310
3 851 859 860
3 448 946 901
3 849 855 852
3 853 1289 857
3 1041 979 1039
3 975 914 919
3 853 857 855
3 856 908 859
3 917 918 915
3 947 902 450
3 856 859 857
3 859 858 860
3 902 860 858
3 947 448 901
3 864 862 863
3 863 822 815
3 861 792 1090
3 921 913 916
3 864 863 861
3 863 862 1043
3 1092 1090 1091
3 1040 954 1097
3 709 865 811
3 816 865 819
3 821 866 816
3 866 822 1045
3 793 867 735
3 826 867 825
3 928 676 684
3 932 930 868
3 974 1060 1077
3 1099 1094 1015
3 871 870 737
3 872 870 840
3 740 871 737
3 871 718 841
3 840 961 960
3 876 874 724
3 874 636 724
3 875 873 842
3 842 873 874
3 636 874 873
3 875 842 877
3 875 725 843
3 876 872 879
3 842 874 876
3 879 842 876
3 842 879 877
3 759 878 757
3 725 875 878
3 960 872 840
3 872 960 879
3 967 968 965
3 967 965 804
3 879 881 877
3 881 880 882
3 962 966 938
3 762 1017 996
3 884 752 747
3 958 930 959
3 844 883 884
3 884 883 752
3 927 928 868
3 748 883 887
3 891 886 808
3 886 891 890
3 844 887 883
3 887 885 888
3 932 931 885
3 888 933 934
3 893 944 808
3 941 942 833
3 835 832 988
3 844 886 890
3 892 891 808
3 891 889 941
3 846 896 898
3 943 973 899
3 894 893 809
3 944 846 945
3 762 1019 896
3 894 846 944
3 760 882 992
3 897 1052 1013
3 762 896 894
3 895 1049 898
3 895 1019 1020
3 1054 1056 1052
3 895 898 896
3 898 897 899
3 973 1088 942
3 973 942 889
3 900 776 1559
3 852 900 850
3 854 860 901
3 947 901 860
3 858 906 905
3 451 904 452
3 906 903 905
3 912 1515 910
3 450 902 904
3 905 904 902
3 858 905 902
3 905 903 907
3 908 858 859
3 906 858 908
3 907 903 914
3 911 910 347
3 916 908 856
3 917 906 918
3 906 917 903
3 948 143 1514
3 452 907 910
3 907 914 912
3 315 911 347
3 451 911 453
3 948 912 909
3 1514 143 1513
3 1290 1289 853
3 1014 1031 1037
3 903 917 919
3 912 914 909
3 926 955 925
3 914 903 919
3 856 1289 921
3 955 918 916
3 918 906 908
3 915 987 917
3 908 916 918
3 955 916 913
3 926 957 987
3 975 949 909
3 1286 1287 1040
3 913 921 923
3 856 921 916
3 920 1285 923
3 1016 1040 1287
3 1033 1032 178
3 920 923 921
3 922 1267 925
3 1107 1158 1095
3 926 915 955
3 922 925 923
3 925 924 926
3 980 926 924
3 986 982 978
3 928 927 676
3 929 927 868
3 933 684 934
3 933 885 931
3 930 929 868
3 929 829 830
3 868 931 932
3 958 890 941
3 868 928 931
3 933 931 928
3 844 959 885
3 890 959 844
3 684 933 928
3 885 933 888
3 1596 684 1551
3 1594 1596 1597
3 936 795 716
3 937 935 869
3 716 834 936
3 1326 834 1325
3 1114 1101 1108
3 1564 1105 1109
3 961 803 962
3 879 938 970
3 757 882 939
3 760 939 882
3 940 968 971
3 999 995 997
3 942 941 889
3 958 941 833
3 891 973 889
3 833 942 836
3 897 1013 899
3 1030 1067 1013
3 808 944 892
3 894 944 893
3 944 945 892
3 898 945 846
3 466 946 448
3 776 946 402
3 902 947 860
3 448 947 450
3 949 948 909
3 948 949 950
3 949 975 951
3 949 951 952
3 142 950 130
3 174 143 950
3 987 919 917
3 949 952 130
3 953 952 951
3 976 952 145
3 951 975 985
3 278 977 310
3 1071 1015 1038
3 1095 1140 1107
3 918 955 915
3 925 955 913
3 980 983 956
3 978 1014 310
3 926 980 982
3 985 986 951
3 988 833 835
3 959 930 932
3 958 959 890
3 885 959 932
3 840 841 961
3 879 960 938
3 962 803 800
3 938 960 961
3 964 962 800
3 938 961 962
3 964 800 965
3 880 970 969
3 800 1558 965
3 964 963 966
3 1518 967 804
3 963 964 965
3 969 966 963
3 970 966 969
3 1012 1026 162
3 967 1025 971
3 971 968 967
3 989 968 940
3 963 989 969
3 880 990 882
3 879 970 880
3 938 966 970
3 1026 1025 967
3 1001 1029 1004
3 991 994 972
3 1003 1006 1004
3 899 973 892
3 973 943 1088
3 1051 897 1049
3 1222 1229 1214
3 914 975 909
3 985 975 919
3 179 976 145
3 976 175 142
3 145 953 977
3 978 977 953
3 953 951 986
3 978 956 1014
3 1071 1038 979
3 1039 979 954
3 924 1266 983
3 982 980 956
3 1269 1265 1266
3 1032 1035 178
3 978 982 956
3 926 982 957
3 924 983 980
3 984 983 981
3 1036 1032 984
3 1032 1033 1031
3 987 985 919
3 985 957 986
3 982 986 957
3 978 953 986
3 926 987 915
3 985 987 957
3 930 988 829
3 833 988 958
3 968 989 963
3 993 989 940
3 993 969 989
3 994 991 993
3 882 990 991
3 993 991 990
3 992 972 997
3 760 992 996
3 969 993 990
3 993 940 994
3 1001 994 1011
3 1002 998 1000
3 994 1000 972
3 1022 1024 1020
3 997 996 992
3 1020 1019 996
3 972 1000 999
3 996 997 995
3 1001 1002 994
3 1006 1003 1005
3 972 999 997
3 998 1004 1006
3 940 1011 994
3 999 1000 998
3 971 1025 1027
3 1066 1083 1084
3 994 1002 1000
3 1004 1029 1003
3 1563 1132 1085
3 998 1002 1004
3 1001 1004 1002
3 1085 1003 1083
3 1136 1133 1134
3 1023 1021 1022
3 1006 1005 1009
3 998 1006 1008
3 1566 1009 1010
3 1359 1356 1362
3 1009 1008 1006
3 1047 1023 1008
3 1010 1009 1005
3 1009 1007 1073
3 1133 1005 1132
3 1149 1151 1153
3 940 971 1011
3 1027 1011 971
3 1084 1065 138
3 1029 1028 1083
3 1049 1076 1051
3 1013 974 1030
3 956 984 1014
3 1031 1014 984
3 1101 1071 1092
3 954 1038 1093
3 1039 1040 1016
3 1042 1041 1016
3 1017 762 1018
3 760 996 1017
3 809 1018 762
3 761 1018 754
3 762 996 1019
3 1020 996 995
3 1022 995 1023
3 1020 995 1022
3 1128 1047 1073
3 1024 895 1020
3 1023 995 999
3 1022 1021 1024
3 999 1008 1023
3 1008 1073 1047
3 1024 1021 1074
3 898 1049 897
3 1026 967 329
3 1027 1025 1012
3 1026 329 1519
3 1012 1025 1026
3 1027 1012 1028
3 1027 1001 1011
3 1065 1028 1012
3 1086 1066 1084
3 1001 1027 1029
3 1028 1029 1027
3 1056 1060 974
3 943 1030 1068
3 1031 984 1032
3 1037 1031 144
3 1264 1036 984
3 1036 1035 1032
3 229 1033 178
3 1031 1033 144
3 1141 1160 1158
3 1155 1139 1157
3 1035 1034 1089
3 1070 1035 1155
3 1264 984 981
3 1035 1036 1034
3 228 1037 144
3 310 1014 1037
3 1071 979 864
3 1094 1093 1038
3 1040 1039 954
3 1039 1016 1041
3 1093 1097 954
3 1288 1285 1286
3 1287 1290 1016
3 863 1043 822
3 1044 1042 853
3 1045 1046 1044
3 862 1041 1043
3 1042 1043 1041
3 855 1044 853
3 1045 1044 849
3 866 1045 849
3 1046 822 1043
3 1044 1046 1042
3 822 1046 1045
3 1048 1127 1149
3 1021 1023 1047
3 1130 1047 1128
3 1349 1063 1153
3 895 1024 1049
3 1075 1076 1074
3 1055 1054 1050
3 1051 1052 897
3 1076 1049 1024
3 1051 1050 1052
3 1054 1052 1050
3 974 1013 1052
3 1059 1053 1064
3 1255 1305 1253
3 1050 1075 1055
3 1054 1053 1056
3 1055 1048 1062
3 1053 1054 1055
3 1059 1057 1058
3 1236 1220 1224
3 1191 1207 1195
3 1058 1060 1056
3 1059 1058 1053
3 1058 1057 1060
3 1062 1064 1055
3 1354 1359 1352
3 1060 1080 1079
3 836 942 1088
3 1061 1062 1063
3 1063 1149 1153
3 1063 1062 1048
3 1064 1062 1061
3 1074 1127 1048
3 1149 1082 1151
3 1064 1061 1598
3 1055 1064 1053
3 1012 162 1065
3 1561 1065 162
3 1087 1563 1509
3 1029 1083 1003
3 943 899 1067
3 1013 1067 899
3 974 1077 1030
3 1562 1079 1081
3 1263 1138 1154
3 1274 1156 1271
3 238 1070 156
3 178 1035 1070
3 1090 864 861
3 1071 864 1090
3 1072 1093 1094
3 1138 1282 1284
3 1009 1073 1008
3 1128 1073 1007
3 1082 1130 1128
3 1048 1055 1075
3 1076 1075 1050
3 1048 1075 1074
3 1051 1076 1050
3 1074 1076 1024
3 1077 1060 1079
3 1030 1077 1562
3 1079 1080 1311
3 1098 1109 1111
3 1080 1060 1057
3 1079 1078 1081
3 1251 1144 1057
3 1221 1569 1219
3 1259 1147 1126
3 1068 1081 1126
3 1128 1007 1129
3 1128 1129 1152
3 1084 1083 1028
3 1085 1083 1066
3 1065 1084 1028
3 1086 158 1563
3 1086 1563 1066
3 1005 1003 1085
3 1084 138 1086
3 1131 1086 138
3 1134 1133 1087
3 1005 1085 1132
3 943 1068 1088
3 836 1088 1068
3 1263 1154 1089
3 1089 1069 1139
3 790 1091 792
3 1090 792 1091
3 1398 937 1395
3 1092 1071 1090
3 1113 1439 1108
3 1119 1115 1117
3 1094 1038 1015
3 1097 1093 1140
3 1015 1101 1099
3 1100 1072 1094
3 1140 1106 1107
3 1095 1160 1288
3 1113 1108 1092
3 1169 1170 1143
3 1140 1093 1072
3 1040 1097 1095
3 1102 1109 1098
3 1072 1100 1106
3 1015 1071 1101
3 1102 1099 1096
3 1099 1100 1094
3 1142 1106 1100
3 1108 1101 1092
3 1096 1099 1101
3 1564 1109 1102
3 1100 1102 1098
3 1111 1112 1142
3 1294 1165 1293
3 834 1148 1325
3 1215 1565 1124
3 1096 1101 1114
3 1176 1174 360
3 1142 1100 1098
3 1106 1103 1107
3 1162 1141 1161
3 1089 1154 1069
3 1113 1092 1091
3 1108 1104 1114
3 1564 1102 1096
3 1105 1210 1111
3 1105 1215 1213
3 1112 1103 1142
3 1105 1111 1109
3 1111 1110 1112
3 1110 1163 1112
3 1163 1167 1112
3 790 1481 1091
3 1398 1397 1400
3 1117 1114 1104
3 1096 1114 1116
3 1482 1439 1440
3 1121 1115 1119
3 1117 1116 1114
3 1123 1124 1565
3 1403 1118 1438
3 1117 1115 1565
3 1327 1395 869
3 1261 1325 1148
3 1438 1117 1104
3 1118 1436 1121
3 1080 1144 1307
3 334 1523 1524
3 1118 1121 1119
3 1347 1123 1121
3 1260 1145 1259
3 1194 1182 1178
3 1347 1121 1120
3 1123 1122 1124
3 1188 1187 1181
3 1192 1164 1199
3 1452 1453 1586
3 1302 1225 1229
3 1260 1259 1078
3 836 1126 1146
3 1130 1074 1021
3 1149 1127 1082
3 1129 1007 1566
3 1130 1082 1127
3 1568 1136 1137
3 1484 1446 1483
3 1074 1130 1127
3 1021 1047 1130
3 157 1131 138
3 158 1131 191
3 1563 1085 1066
3 1133 1132 1087
3 1087 1509 1134
3 1005 1133 1010
3 194 1135 1134
3 1135 1136 1134
3 286 1135 194
3 241 332 1567
3 1567 1135 241
3 1568 1129 1566
3 1567 1137 1136
3 1449 1450 1451
3 1269 1266 1267
3 1141 1158 1161
3 1270 1139 1069
3 1157 1139 1272
3 1097 1140 1095
3 1106 1140 1072
3 1275 1107 1103
3 1407 1263 1265
3 1106 1142 1103
3 1111 1142 1098
3 1163 1166 1143
3 1291 1278 1293
3 1251 1057 1059
3 1308 1307 1144
3 1311 1307 1309
3 1470 1395 1327
3 1126 1081 1259
3 1146 1126 1147
3 1148 1147 1328
3 831 1148 834
3 1146 1147 1148
3 1328 1147 1145
3 1152 1151 1082
3 1048 1149 1063
3 1451 1450 332
3 1531 214 1532
3 1082 1128 1152
3 1151 1150 1153
3 1152 1484 1483
3 1151 1152 1483
3 1445 1447 1332
3 1256 1257 1252
3 1263 1089 1034
3 1282 1280 1273
3 1070 1155 156
3 1089 1155 1035
3 1156 1270 1271
3 1274 1334 1156
3 189 1157 137
3 1155 1157 156
3 1107 1275 1161
3 1141 1268 1160
3 1167 1276 1112
3 1069 1273 1271
3 1160 922 1285
3 1095 1158 1160
3 1107 1161 1158
3 1162 1161 1159
3 1277 1294 1279
3 1333 1138 1407
3 1110 1203 1166
3 1167 1163 1292
3 1210 1196 1203
3 1204 1191 1197
3 1143 1170 1175
3 1276 1277 1275
3 1110 1166 1163
3 1164 1189 1169
3 1292 1163 1143
3 1167 1165 1276
3 1187 1178 1181
3 1171 1173 506
3 1164 1169 1166
3 1170 1169 1168
3 1171 1170 1168
3 1170 504 1175
3 1186 1173 1168
3 504 1171 506
3 1189 1183 1186
3 443 1179 1182
3 1168 1173 1171
3 1173 1172 1174
3 1172 1181 1180
3 460 1179 443
3 1291 1175 504
3 1292 1175 1293
3 1177 360 444
3 1173 1176 506
3 1177 444 367
3 506 1176 1177
3 1180 1181 1178
3 1209 1299 1190
3 360 1174 1179
3 1180 1179 1174
3 1172 1180 1174
3 1180 1178 1182
3 1172 1186 1184
3 1181 1172 1184
3 1178 1193 1194
3 1337 1295 1296
3 1200 1191 1195
3 1185 1188 1195
3 1172 1173 1186
3 1188 1184 1183
3 1192 1183 1189
3 1339 1341 1346
3 1189 1186 1168
3 1183 1184 1186
3 1188 1181 1184
3 1298 1193 1187
3 1197 1191 1200
3 1187 1188 1185
3 1169 1189 1168
3 1189 1164 1192
3 1195 1202 1185
3 1340 1194 1338
3 1198 1207 1211
3 1193 1298 1190
3 1199 1203 1196
3 1183 1192 1197
3 1298 1187 1185
3 1193 1190 1194
3 1338 1194 1190
3 1182 1296 1295
3 1200 1188 1183
3 1207 1202 1195
3 1213 1196 1210
3 1244 1237 1241
3 1205 1192 1199
3 1204 1197 1205
3 1204 1206 1191
3 1458 1460 1230
3 1203 1199 1164
3 1201 1204 1205
3 1188 1200 1195
3 1183 1197 1200
3 1216 1196 1213
3 1211 1207 1206
3 1212 1202 1198
3 1185 1202 1209
3 1166 1203 1164
3 1203 1110 1210
3 1197 1192 1205
3 1206 1204 1201
3 1199 1196 1205
3 1201 1205 1196
3 1239 1241 1237
3 1330 1145 1404
3 1206 1207 1191
3 1198 1202 1207
3 1217 1208 1212
3 1219 1226 1221
3 1212 1209 1202
3 1299 1209 1208
3 1111 1210 1110
3 1210 1105 1213
3 1236 1224 1233
3 1225 1458 1230
3 1218 1217 1212
3 1209 1212 1208
3 1105 1564 1215
3 1216 1213 1300
3 1218 1214 1217
3 1222 1214 1218
3 1565 1215 1116
3 1300 1215 1124
3 1240 1124 1122
3 1196 1216 1239
3 1218 1212 1198
3 1569 1221 1217
3 1211 1224 1198
3 1218 1224 1222
3 1230 1569 1229
3 1227 1232 334
3 1233 1224 1211
3 1247 1248 1220
3 1569 1217 1214
3 1223 1226 1227
3 1218 1198 1224
3 1302 1229 1222
3 1346 1344 1345
3 1221 1226 1208
3 1235 1233 1211
3 1220 1222 1224
3 1236 1247 1220
3 1496 1409 1494
3 1227 1226 1219
3 1226 1223 1343
3 1227 1219 1234
3 1227 334 1524
3 1228 1233 1235
3 1243 1301 1478
3 1302 1222 1220
3 1229 1225 1230
3 1458 1225 1456
3 1522 1232 170
3 1456 1225 1348
3 1232 1507 170
3 1234 1232 1227
3 1507 1231 1505
3 1235 1211 1206
3 1233 1228 1236
3 1460 1219 1230
3 1232 1234 1231
3 1201 1237 1206
3 1235 1206 1237
3 1228 1242 1236
3 1247 1242 1249
3 1239 1201 1196
3 1237 1201 1239
3 1244 1246 1228
3 1324 1319 1323
3 1240 1216 1124
3 1240 1239 1216
3 1243 1241 1240
3 1239 1240 1241
3 1243 1240 1122
3 1244 1235 1237
3 1228 1235 1244
3 1242 1238 1249
3 1123 1347 1122
3 1242 1228 1246
3 1243 1570 1241
3 1246 1238 1242
3 1249 1250 1489
3 1409 1457 1461
3 1244 1570 1246
3 1243 1122 1301
3 1242 1247 1236
3 1248 1247 1245
3 1452 1303 1348
3 1225 1248 1348
3 1249 1238 1492
3 1247 1249 1245
3 1474 1476 1301
3 1316 1310 1313
3 1253 1251 1059
3 1144 1251 1305
3 1598 1256 1059
3 1578 1579 1426
3 1256 1598 1254
3 1253 1252 1255
3 1063 1349 1351
3 1332 1153 1150
3 1252 1366 1365
3 1316 1255 1365
3 1059 1256 1253
3 1257 1256 1254
3 1598 1351 1254
3 1429 1467 1427
3 1258 1307 1308
3 1476 1477 1490
3 1078 1259 1081
3 1145 1147 1259
3 1309 1078 1311
3 1404 1309 1314
3 1145 1260 1404
3 1326 1327 869
3 1356 1573 1363
3 1304 1353 1355
3 1034 1264 1263
3 1263 1264 1265
3 1036 1264 1034
3 1265 1264 981
3 1265 981 1266
3 1333 1407 1269
3 983 1266 981
3 1267 1266 924
3 925 1267 924
3 1268 1267 922
3 1160 1268 922
3 1162 1333 1141
3 1267 1268 1269
3 1141 1333 1268
3 1271 1270 1069
3 1272 1270 1156
3 1154 1284 1069
3 1274 464 1334
3 1336 1272 1156
3 1157 1272 137
3 1279 1159 1277
3 1271 1273 1572
3 1572 1281 1283
3 1274 1283 1571
3 1276 1275 1103
3 1161 1275 1159
3 1276 1103 1112
3 1277 1276 1165
3 1165 1292 1293
3 1159 1275 1277
3 1280 1278 1281
3 1279 1280 1282
3 1280 1279 1278
3 1162 1159 1279
3 1278 1291 1281
3 1284 1282 1273
3 1283 1281 502
3 1273 1280 1281
3 1138 1162 1282
3 1279 1282 1162
3 502 503 1571
3 1572 1274 1271
3 1069 1284 1273
3 1138 1284 1154
3 923 1285 922
3 1286 1285 920
3 1286 920 1287
3 1288 1286 1040
3 1289 1287 920
3 1042 1290 853
3 1095 1288 1040
3 1160 1285 1288
3 921 1289 920
3 1289 856 857
3 1016 1290 1042
3 1289 1290 1287
3 505 1291 504
3 1291 502 1281
3 1167 1292 1165
3 1143 1175 1292
3 1291 1293 1175
3 1279 1294 1278
3 1165 1294 1277
3 1278 1294 1293
3 443 1182 1295
3 1182 1194 1296
3 1340 1296 1194
3 1337 1296 169
3 1338 1339 1297
3 1297 1342 1340
3 1185 1209 1298
3 1190 1298 1209
3 1343 1208 1226
3 1341 1339 1299
3 1215 1300 1213
3 1124 1216 1300
3 1329 1261 1328
3 1437 1474 1120
3 1220 1248 1302
3 1225 1302 1248
3 1248 1455 1348
3 1308 1313 1318
3 1350 1153 1332
3 1350 1353 1304
3 1144 1305 1125
3 1253 1305 1251
3 1413 1380 1322
3 1320 1390 1317
3 1308 1144 1125
3 1307 1258 1309
3 1316 1313 1125
3 1308 1125 1313
3 1314 1309 1258
3 1260 1078 1309
3 1319 1321 1323
3 1318 1320 1317
3 1079 1311 1078
3 1307 1311 1080
3 1314 1315 1312
3 1469 1401 1396
3 1316 1125 1255
3 1315 1258 1317
3 1315 1314 1258
3 1314 1312 1404
3 1308 1317 1258
3 1411 1466 1364
3 1365 1255 1252
3 1367 1316 1306
3 1310 1318 1313
3 1308 1318 1317
3 1321 1318 1310
3 1321 1320 1318
3 1310 1316 1367
3 1433 1585 1434
3 1391 1393 1394
3 1478 1476 1490
3 1310 1367 1323
3 1321 1319 1432
3 1367 1369 1413
3 1368 1374 1378
3 1310 1323 1321
3 1323 1322 1415
3 1378 1380 1413
3 1417 1324 1416
3 1325 1261 1471
3 936 1326 869
3 834 1326 936
3 1327 1326 1325
3 1329 1443 1261
3 869 1395 937
3 1329 1328 1145
3 1148 1328 1261
3 1441 1145 1330
3 1331 1470 1471
3 1330 1312 1411
3 1329 1441 1443
3 1329 1145 1441
3 1118 1402 1401
3 1332 1150 1445
3 1350 1304 1349
3 1138 1333 1162
3 1268 1333 1269
3 464 501 1335
3 1334 129 1336
3 135 1335 285
3 129 1334 1335
3 154 1336 129
3 1336 137 1272
3 272 1337 169
3 1295 1337 173
3 1339 1338 1190
3 1340 1338 1297
3 1190 1299 1339
3 1208 1343 1299
3 1297 1346 1342
3 1296 1340 169
3 1344 1341 1223
3 1346 1297 1339
3 218 1342 140
3 169 1340 1342
3 1223 1341 1343
3 1299 1343 1341
3 1524 1344 1223
3 1345 1344 171
3 219 1345 171
3 1346 1345 140
3 1346 140 1342
3 1344 1346 1341
3 1474 1347 1120
3 1122 1347 1301
3 1455 1245 1408
3 1457 1456 1348
3 1350 1349 1153
3 1351 1349 1304
3 1262 1354 1332
3 1254 1304 1355
3 1254 1351 1304
3 1063 1351 1061
3 1354 1353 1350
3 1354 1262 1357
3 1350 1332 1354
3 1353 1352 1355
3 1356 1357 1358
3 1352 1353 1354
3 1410 1355 1352
3 1257 1254 1355
3 1385 1420 1421
3 1357 1359 1354
3 1358 1357 1262
3 1357 1356 1359
3 1332 1447 1262
3 1510 1573 214
3 1363 1362 1356
3 1352 1359 1361
3 1386 1384 1385
3 1410 1361 1257
3 1362 1361 1359
3 1369 1370 1368
3 1358 1573 1356
3 1362 1360 1575
3 1422 165 211
3 1362 1363 1420
3 1392 1466 1315
3 1315 1317 1390
3 1366 1252 1257
3 1306 1316 1365
3 1412 1361 1373
3 1365 1366 1371
3 1369 1367 1306
3 1323 1367 1322
3 1306 1365 1371
3 1577 1428 1430
3 1370 1369 1306
3 1369 1368 1413
3 1370 1306 1371
3 1377 1372 1374
3 1412 1366 1257
3 1366 1412 1371
3 1368 1370 1374
3 1375 1371 1373
3 1575 1361 1362
3 1377 1375 1381
3 1370 1371 1375
3 1584 1372 1583
3 1381 1382 1379
3 1370 1377 1374
3 1429 1427 1426
3 1493 1500 1502
3 1381 1375 1382
3 1372 1377 1383
3 1584 1374 1372
3 1378 1376 1380
3 1379 1382 1384
3 1425 166 1520
3 1376 1582 1416
3 1323 1415 1324
3 1382 1375 1373
3 1381 1379 1383
3 1575 1373 1361
3 1382 1575 1384
3 1379 1386 1388
3 1389 166 1425
3 1360 1385 1384
3 1386 1379 1384
3 1420 1385 1360
3 1385 1387 1386
3 1387 1385 212
3 1379 1388 1383
3 1423 212 304
3 1387 1423 1424
3 1424 1386 1387
3 1424 1431 1389
3 1383 1388 1389
3 1389 1388 1424
3 1393 1390 1320
3 1315 1390 1392
3 1432 1393 1320
3 1491 1492 1480
3 1393 1392 1390
3 1479 1392 1391
3 1320 1321 1432
3 1392 1393 1391
3 1394 1432 1433
3 1250 1492 1491
3 1331 1469 1470
3 1399 1398 1395
3 1435 1331 1443
3 1118 1119 1438
3 1402 1118 1403
3 1481 1400 1440
3 1399 1395 1396
3 1482 1440 1397
3 1399 1396 1401
3 1397 1398 1399
3 790 1576 1400
3 1576 1556 1400
3 1401 1469 1435
3 1121 1436 1120
3 1397 1399 1402
3 1401 1402 1399
3 1403 1438 1439
3 1402 1403 1482
3 1404 1260 1309
3 1312 1330 1404
3 1405 1441 1442
3 1437 1120 1436
3 1446 1406 1445
3 1449 346 1448
3 1263 1407 1138
3 1269 1407 1265
3 1489 1245 1249
3 1585 1417 1454
3 1462 1461 1457
3 1505 1496 1487
3 1355 1410 1257
3 1352 1361 1410
3 1466 1411 1312
3 1444 1442 1411
3 1361 1412 1257
3 1371 1412 1373
3 1413 1322 1367
3 1378 1413 1368
3 1578 1426 1577
3 1453 1452 1408
3 1322 1380 1415
3 1416 1415 1380
3 1376 1416 1380
3 1416 1414 1417
3 1414 1587 1417
3 1453 1419 1454
3 1463 1464 1465
3 1495 1486 1497
3 1434 1419 1468
3 1433 1434 1394
3 1362 1420 1360
3 1421 1420 1363
3 1421 1363 1574
3 212 1385 1421
3 212 1421 1422
3 165 1422 1421
3 1424 1423 216
3 212 1423 1387
3 1424 216 1431
3 1386 1424 1388
3 1425 333 1427
3 1389 1425 1467
3 1428 1427 333
3 167 1430 1428
3 333 1521 1428
3 1583 1426 1579
3 167 1508 1430
3 1426 1427 1428
3 1372 1383 1429
3 1467 1429 1383
3 1459 1493 1486
3 1577 1426 1428
3 270 1431 216
3 166 1389 1431
3 1433 1432 1319
3 1393 1432 1394
3 1319 1324 1433
3 1585 1433 1324
3 1419 1453 1468
3 1491 1434 1250
3 1442 1444 1405
3 1472 1437 1436
3 1118 1401 1436
3 1472 1401 1435
3 1473 1435 1405
3 1301 1347 1474
3 1117 1438 1119
3 1439 1438 1104
3 1108 1439 1104
3 1439 1113 1440
3 1481 1440 1113
3 1397 1440 1400
3 1442 1441 1330
3 1443 1441 1405
3 1330 1411 1442
3 1444 1411 1364
3 1435 1443 1405
3 1443 1331 1261
3 1476 1474 1475
3 1473 1437 1435
3 1446 1445 1150
3 1445 1406 1447
3 1483 1446 1150
3 1446 1137 1485
3 1448 1447 1406
3 1358 1262 1447
3 1449 1448 1406
3 1448 346 1532
3 1449 1406 1450
3 1449 213 1530
3 1406 1446 1450
3 1485 1450 1446
3 306 1451 332
3 1449 1451 213
3 1455 1452 1348
3 1468 1453 1408
3 1419 1585 1454
3 1453 1454 1586
3 1587 1454 1417
3 1586 1454 1418
3 1245 1455 1248
3 1452 1455 1408
3 1457 1348 1303
3 1456 1409 1458
3 1303 1462 1457
3 1409 1456 1457
3 1496 1458 1409
3 1460 1458 1231
3 1462 1303 1463
3 1462 1463 1459
3 1231 1234 1460
3 1219 1460 1234
3 1486 1461 1459
3 1498 1487 1497
3 1303 1586 1463
3 1461 1462 1459
3 1587 1464 1418
3 1463 1418 1464
3 1582 1578 1581
3 1463 1465 1459
3 1464 1488 1465
3 1500 1493 1465
3 1315 1466 1312
3 1364 1466 1392
3 1389 1467 1383
3 1427 1467 1425
3 1489 1408 1245
3 1250 1434 1468
3 1470 1469 1396
3 1331 1435 1469
3 1395 1470 1396
3 1470 1327 1471
3 1325 1471 1327
3 1261 1331 1471
3 1401 1472 1436
3 1435 1437 1472
3 1405 1444 1473
3 1475 1473 1444
3 1475 1437 1473
3 1474 1437 1475
3 1364 1477 1444
3 1364 1479 1477
3 1477 1476 1475
3 1479 1490 1477
3 1444 1477 1475
3 1364 1392 1479
3 1478 1246 1570
3 1301 1476 1478
3 1391 1480 1479
3 1490 1499 1478
3 1480 1391 1491
3 1246 1478 1499
3 1091 1481 1113
3 1400 1481 790
3 1402 1482 1397
3 1439 1482 1403
3 1151 1483 1150
3 1152 1129 1484
3 1568 1484 1129
3 1446 1484 1137
3 1567 1485 1137
3 1450 1485 332
3 1493 1459 1465
3 1486 1503 1504
3 1409 1461 1494
3 1461 1495 1494
3 1464 1582 1581
3 1488 1501 1500
3 1250 1468 1489
3 1408 1489 1468
3 1479 1480 1490
3 1480 1492 1499
3 1391 1394 1491
3 1491 1394 1434
3 1249 1492 1250
3 1499 1492 1238
3 1465 1488 1500
3 1503 1493 1502
3 1495 1461 1486
3 1496 1494 1487
3 1497 1486 210
3 1487 1494 1495
3 1505 1487 222
3 1458 1496 1231
3 263 1498 210
3 1487 1495 1497
3 303 222 1498
3 1487 1498 222
3 1246 1499 1238
3 1490 1480 1499
3 1488 1580 1501
3 1500 1501 1502
3 1430 139 1501
3 1502 1501 139
3 139 163 1588
3 1502 164 1503
3 209 1504 164
3 1486 1493 1503
3 263 1504 262
3 1486 1504 210
3 1505 222 1506
3 1231 1496 1505
3 222 274 1506
3 274 170 1506
3 1231 1507 1232
3 1506 1507 1505
3 1430 1508 139
3 217 1508 167
3 1509 194 1134
3 193 1509 158
3 1421 1574 165
3 268 1510 214
3 1512 180 231
3 1511 279 313
3 1512 132 280
3 1511 1512 279
3 1516 227 277
3 1514 1513 309
3 309 1533 1515
3 948 1514 912
3 912 1514 1515
3 309 1515 1514
3 1533 147 335
3 1513 1516 309
3 1519 259 302
3 1518 1517 329
3 967 1518 329
3 161 1518 804
3 1026 1519 162
3 1517 1519 329
3 1521 269 307
3 1425 1520 333
3 1428 1521 167
3 1520 1521 333
3 1523 273 308
3 1232 1522 334
3 1524 1523 171
3 1522 1523 334
3 1344 1524 171
3 1227 1524 1223
3 281 1525 233
3 134 1525 319
3 1528 295 327
3 1527 1526 344
3 1527 344 510
3 198 1527 356
3 510 1528 199
3 1526 1528 344
3 628 1529 203
3 299 1529 345
3 1531 305 330
3 1449 1530 346
3 214 1573 1532
3 1530 1531 346
3 1448 1532 1358
3 346 1531 1532
3 1516 1533 309
3 315 1533 335
3 341 1534 325
3 478 1534 350
3 351 1535 348
3 198 1535 353
3 399 1537 1536
3 1536 1537 1538
3 1537 399 512
3 1538 1537 495
3 1539 1538 495
3 406 1540 405
3 1541 1539 495
3 491 405 1539
3 1540 406 404
3 1539 1540 1538
3 494 1541 495
3 486 489 1589
3 429 1542 473
3 726 1542 435
3 428 1543 424
3 431 500 1543
3 606 1544 524
3 527 1544 545
3 557 1545 558
3 560 1545 546
3 592 1546 590
3 593 1546 582
3 565 1547 602
3 615 1547 603
3 1548 618 1592
3 578 1590 1591
3 647 1549 645
3 659 1549 621
3 1549 1550 645
3 706 1550 669
3 1596 1551 586
3 591 1551 684
3 675 1552 649
3 654 1552 696
3 693 1553 436
3 706 1553 642
3 712 1554 709
3 769 1554 730
3 735 935 1557
3 827 1555 787
3 787 1555 1556
3 1555 735 1557
3 937 1556 1557
3 1555 1557 1556
3 801 1558 800
3 161 1558 802
3 775 1559 776
3 773 812 1559
3 755 1560 753
3 887 1560 748
3 206 1561 162
3 1561 192 157
3 1030 1562 1068
3 1079 1562 1077
3 1509 1563 158
3 1132 1563 1087
3 1096 1116 1564
3 1564 1116 1215
3 1117 1565 1116
3 1123 1565 1115
3 1009 1566 1007
3 1568 1566 1010
3 1567 332 1485
3 1135 1567 1136
3 1136 1568 1010
3 1484 1568 1137
3 1229 1569 1214
3 1219 1569 1230
3 1241 1570 1244
3 1478 1570 1243
3 1274 1571 464
3 502 1571 1283
3 1281 1572 1273
3 1274 1572 1283
3 1573 1358 1532
3 1574 1510 165
3 1363 1573 1574
3 1510 1574 1573
3 1384 1575 1360
3 1373 1575 1382
3 791 1576 790
3 1556 1576 787
3 1580 1430 1501
3 1578 1376 1579
3 1577 1580 1578
3 1578 1580 1581
3 1584 1376 1378
3 1429 1583 1372
3 1430 1580 1577
3 1581 1580 1488
3 1488 1464 1581
3 1582 1464 1414
3 1416 1582 1414
3 1376 1578 1582
3 1426 1583 1429
3 1584 1583 1579
3 1376 1584 1579
3 1584 1378 1374
3 1417 1585 1324
3 1434 1585 1419
3 1463 1586 1418
3 1452 1586 1303
3 1587 1418 1454
3 1414 1464 1587
3 164 1502 1588
3 139 1588 1502
3 1539 1589 491
3 486 1589 1541
3 618 1590 581
3 1591 1590 1548
3 586 1597 1596
3 589 1591 586
3 721 1592 618
3 1593 1592 690
3 755 1593 690
3 1595 1594 753
3 1596 1594 934
3 1592 1594 1548
3 1560 1595 753
3 934 1595 888
3 684 1596 934
3 586 1591 1597
3 1591 1548 1597
3 1594 1597 1548
3 1064 1598 1059
3 1351 1598 1061
