# C5 directional field - full cross field
# segment length 0.032535 m (0.8 x mean edge length)
# OBJ 'l' polylines - Rhino imports these as curves
g d1_radial
v 0.12017979 0.55651424 0.03378760
v 0.12673125 0.57820259 0.01043754
v 0.25190772 0.48978315 0.09370614
v 0.25952916 0.50217707 0.06460569
v 0.18819655 0.53257836 0.05811082
v 0.19606081 0.54677259 0.02991137
v 0.28987727 0.50695447 0.02727205
v 0.29767746 0.51901781 -0.00191981
v 0.21957257 0.54137861 0.02825984
v 0.22543693 0.55449232 -0.00093213
v 0.21555999 0.49046905 0.11243912
v 0.22482002 0.50721495 0.08612641
v 0.34235967 0.43775554 0.08634500
v 0.34970473 0.44975562 0.05700936
v 0.31524316 0.41370343 0.14058306
v 0.32583366 0.43230646 0.11608203
v 0.42040653 0.40674850 0.02575265
v 0.43055705 0.41757242 -0.00320147
v 0.44459718 0.34653044 0.04942995
v 0.45816720 0.35901495 0.02262466
v 0.47980316 0.30776358 0.03158294
v 0.49914160 0.31960040 0.00824958
v 0.49566855 0.21674202 0.09104596
v 0.51443472 0.22133934 0.06486911
v 0.52504160 0.23678580 0.03704485
v 0.54113561 0.24237767 0.00932761
v 0.55157380 0.13083119 0.05921794
v 0.56660473 0.13302130 0.03044632
v 0.55676124 0.04716350 0.06934935
v 0.57270179 0.04957398 0.04108948
v 0.54287433 0.07890021 0.09159003
v 0.55819826 0.08385735 0.06332104
v 0.56785970 -0.06660085 0.03472924
v 0.58746345 -0.06646652 0.00876375
v 0.56159632 -0.12158547 0.02676219
v 0.58373407 -0.12661324 0.00345611
v 0.51592455 -0.23730333 0.05392729
v 0.53086963 -0.24324189 0.02564462
v 0.47171041 -0.22776098 0.11962503
v 0.49006422 -0.23681452 0.09433268
v 0.46073014 -0.30619255 0.08736041
v 0.47221023 -0.31421833 0.05799502
v 0.44617637 -0.36841265 0.03383634
v 0.45854016 -0.37794687 0.00529221
v 0.43658438 -0.38833467 0.02425638
v 0.44807070 -0.39894913 -0.00427307
v 0.38606312 -0.42768348 0.03449153
v 0.39958695 -0.43893688 0.00712369
v 0.41116005 -0.38779652 0.05717220
v 0.42340183 -0.39846862 0.02898041
v 0.34124859 -0.46880747 0.02289176
v 0.35298682 -0.48537392 -0.00253064
v 0.30595714 -0.47608327 0.03481684
v 0.31798084 -0.49597341 0.01204965
v 0.21143851 -0.50538113 0.08581527
v 0.21766036 -0.52118446 0.05806505
v 0.21480460 -0.51751338 0.06530237
v 0.22117906 -0.53388883 0.03792094
v 0.09872624 -0.54348358 0.09026561
v 0.10333930 -0.55621926 0.06068430
v -0.02090292 -0.58416907 0.02244144
v -0.02004295 -0.60124640 -0.00523810
v -0.08821934 -0.54994745 0.04931716
v -0.08893451 -0.57063013 0.02421244
v -0.11454744 -0.52700569 0.06062899
v -0.12170910 -0.55033551 0.03911244
v -0.25734492 -0.49090943 0.07454246
v -0.26532487 -0.50475677 0.04620339
v -0.21583548 -0.52628652 0.04899625
v -0.22203046 -0.54116960 0.02073589
v -0.27694611 -0.46584946 0.09700929
v -0.28675630 -0.47992951 0.06936795
v -0.32396735 -0.43869969 0.09406088
v -0.33158686 -0.45297761 0.06583649
v -0.33226748 -0.45959111 0.05588523
v -0.34011507 -0.47309786 0.02734552
v -0.31461166 -0.42855175 0.11120622
v -0.32499859 -0.44536773 0.08536311
v -0.37560439 -0.38622660 0.09319653
v -0.38777193 -0.40130823 0.06706174
v -0.46998849 -0.34176085 0.02040147
v -0.48734802 -0.35337310 -0.00454515
v -0.50566686 -0.21627281 0.07527823
v -0.52382707 -0.22177972 0.04885074
v -0.54842064 -0.19960319 0.02506831
v -0.56339140 -0.20590956 -0.00312101
v -0.52145701 -0.17131110 0.08505645
v -0.53691958 -0.17529131 0.05670863
v -0.51393862 -0.10129367 0.12557738
v -0.53338020 -0.10395417 0.09962591
v -0.58308600 0.01875819 0.02448727
v -0.60015624 0.01851424 -0.00320892
v -0.52977651 0.04018491 0.08911928
v -0.55249054 0.03845095 0.06589003
v -0.54222178 0.02116693 0.08412370
v -0.56252766 0.01989843 0.05873484
v -0.56908533 0.07202094 0.03167362
v -0.58857857 0.07337682 0.00566004
v -0.53037641 0.19315294 0.05599726
v -0.54489802 0.20130929 0.02804858
v -0.49521688 0.29944178 0.03636998
v -0.50736619 0.30919697 0.00780843
v -0.49144216 0.25833683 0.07716322
v -0.50468058 0.26723749 0.04880737
v -0.47840137 0.29294925 0.07101906
v -0.48996190 0.30276071 0.04223328
v -0.46630765 0.29610544 0.08987903
v -0.47703474 0.30657848 0.06100384
v -0.40061892 0.34014588 0.12001381
v -0.41649903 0.35253571 0.09446296
v -0.38088800 0.39363547 0.08737515
v -0.39353949 0.40378956 0.05917291
v -0.40323314 0.42218211 0.02577304
v -0.41424474 0.43327623 -0.00276110
v -0.34876614 0.44154236 0.04883361
v -0.36167084 0.45636220 0.02290346
v -0.24453614 0.52135934 0.03786687
v -0.24900683 0.53748034 0.00996243
v -0.31026768 0.48007371 0.02990940
v -0.32153371 0.49989092 0.00669547
v -0.26316391 0.49163833 0.06154025
v -0.26801539 0.50862612 0.03421975
v -0.23028842 0.48763177 0.09050174
v -0.23575609 0.50886963 0.06646864
v -0.20590160 0.54027987 0.03763629
v -0.21143607 0.55473692 0.00901994
v -0.18478153 0.47662369 0.13764209
v -0.19074024 0.49688004 0.11288920
v -0.08430454 0.53868042 0.10729590
v -0.08853123 0.55291996 0.07834935
v -0.00610277 0.57777090 0.03747903
v -0.00635825 0.59389942 0.00922416
v 0.01584759 0.58352913 0.02642090
v 0.01576948 0.59885409 -0.00227877
v 0.04008233 0.52937463 0.09572136
v 0.03738824 0.55205993 0.07255563
v 0.08286624 0.54890517 0.05485035
v 0.08423586 0.56892200 0.02923820
v 0.03444819 0.51743684 0.11343919
v 0.03037053 0.53934544 0.08973439
v 0.05830696 0.48806248 0.12258145
v 0.05631977 0.51343356 0.10231101
v 0.09787368 0.53496650 0.05922345
v 0.09919990 0.55932018 0.03769043
v -0.08923157 0.49439045 0.15903593
v -0.09365775 0.51624231 0.13534127
v 0.11350432 0.46890618 0.12112321
v 0.12410060 0.49307613 0.10209522
v 0.13380997 0.42204755 0.16902755
v 0.14685855 0.44689163 0.15256432
v 0.14337465 0.45432069 0.14504851
v 0.15634354 0.47795709 0.12683698
v 0.10646767 0.43861489 0.14496049
v 0.11707292 0.46363003 0.12706347
v 0.07643097 0.49330366 0.10625171
v 0.07656231 0.51858741 0.08577620
v 0.07423949 0.45188989 0.13717648
v 0.07439634 0.47847762 0.11842549
v -0.06262063 0.44569213 0.19621115
v -0.06796727 0.47296031 0.17928804
v -0.01088623 0.40458185 0.20528592
v -0.01265826 0.43509702 0.19414070
v -0.02687156 0.46705350 0.17904869
v -0.02957932 0.49318909 0.15986195
v 0.11892952 0.40472511 0.17563235
v 0.13104823 0.43096775 0.16069942
v 0.09854962 0.40526307 0.16758545
v 0.10883202 0.43160111 0.15148851
v 0.05935204 0.46505811 0.13789943
v 0.05851865 0.49187879 0.11950137
v -0.04791884 0.39752124 0.21502861
v -0.05191232 0.42788438 0.20404390
v -0.01789823 0.36707201 0.21623167
v -0.01904185 0.39889701 0.20956881
v 0.10896959 0.32879594 0.21280208
v 0.12023306 0.35764961 0.20284559
v 0.07790393 0.35264372 0.19633439
v 0.08703955 0.37963546 0.18063349
v 0.02472078 0.35181308 0.20936694
v 0.02560241 0.38244497 0.19843800
v -0.05327543 0.35683364 0.22252830
v -0.05731463 0.38880441 0.21804652
v -0.07416976 0.36181223 0.22327617
v -0.08000329 0.39317525 0.21688379
v -0.02675348 0.32819269 0.22288648
v -0.02859027 0.36046670 0.21920595
v -0.03904663 0.37356870 0.21835690
v -0.04193805 0.40534949 0.21202026
v 0.11265972 0.28689087 0.22326942
v 0.12442630 0.31669761 0.21764466
v 0.09438720 0.28364088 0.22422249
v 0.10470662 0.31335968 0.21592585
v 0.05101776 0.31956161 0.21520385
v 0.05448576 0.34830381 0.20035829
v -0.06290270 0.31857005 0.22430070
v -0.06852076 0.35061588 0.22448504
v -0.09552722 0.28848952 0.22364776
v -0.10550494 0.31937804 0.22143957
v -0.03731140 0.29031546 0.22511503
v -0.04063939 0.32266926 0.22428579
v -0.02113318 0.30552377 0.22431071
v -0.02242462 0.33791403 0.22152958
v 0.04081030 0.27111316 0.24203230
v 0.04451250 0.29918521 0.22600777
v -0.00501586 0.27439452 0.25043501
v -0.00612696 0.29655433 0.22663921
v -0.03052511 0.27766313 0.24595902
v -0.03127228 0.29932900 0.22169869
v 0.04145632 0.18860916 0.27817281
v 0.05238772 0.21849503 0.27139997
v 0.07350577 0.20528888 0.28694679
v 0.08812372 0.23176696 0.27495685
v 0.02404575 0.21640743 0.27699809
v 0.02213878 0.24670659 0.26529953
v -0.02911690 0.21356231 0.29821037
v -0.03398825 0.24254850 0.28426036
v 0.01637434 0.17677441 0.28876537
v 0.01632762 0.20880638 0.28306607
v 0.03523929 0.23200567 0.26306714
v 0.03676267 0.26255429 0.25197692
v -0.00571412 0.24678438 0.27808735
v -0.00973494 0.26929400 0.25494255
v 0.03888197 0.12777733 0.29571761
v 0.05008319 0.15832308 0.29557134
v 0.06982107 0.14358449 0.30574666
v 0.08521706 0.17224077 0.30630574
v 0.06304329 0.16611090 0.29982384
v 0.07801072 0.19465633 0.29538920
v 0.03295272 0.08858889 0.29593808
v 0.04375055 0.11889100 0.30080842
v 0.02666980 0.10967114 0.29262604
v 0.03662429 0.14062373 0.29145240
v 0.05126465 0.08468575 0.30319476
v 0.06841561 0.11227621 0.30496762
v 0.05683018 0.12482680 0.30545442
v 0.07207462 0.15356156 0.30478167
v 0.01999259 0.07280086 0.29321733
v 0.03041668 0.10361875 0.29357417
v 0.02483774 0.05474436 0.29351950
v 0.03774119 0.08394664 0.29978525
v 0.00008630 0.07704440 0.29323829
v 0.00173409 0.10953646 0.29352535
v 0.00266514 0.00461555 0.28919038
v 0.02132376 0.03125837 0.28993021
v 0.01682644 0.02474743 0.28787935
v 0.03505642 0.05005631 0.29713464
v -0.00247923 0.04245350 0.29157557
v -0.00079560 0.07493442 0.29240420
v 0.00170673 -0.01246238 0.28875029
v 0.02731659 -0.03252424 0.28831627
v 0.03450448 -0.04902787 0.29017864
v 0.05709806 -0.07243781 0.28998794
v 0.00321478 -0.04888576 0.28631853
v 0.00925419 -0.08007579 0.29333559
v -0.01376800 -0.01962527 0.28818983
v -0.03162716 -0.04678171 0.28673715
v -0.04667052 -0.04430663 0.28864152
v -0.07059046 -0.06633357 0.28755451
v -0.02034180 -0.00962774 0.28834247
v -0.05232769 -0.01547209 0.28721188
v -0.06247068 -0.00271765 0.28945543
v -0.09493097 -0.00062727 0.28875462
v -0.04083432 0.01700979 0.28723553
v -0.06729577 0.03435334 0.29482003
v -0.01795655 0.00155915 0.28868161
v -0.04494203 0.01972919 0.28827532
v -0.01291384 0.03021364 0.28745778
v -0.01962289 0.06082335 0.29620797
v -0.00810021 0.00639855 0.28902660
v -0.01458084 0.03827947 0.28940045
v 0.03782373 0.02974502 0.29192422
v 0.06241318 0.05103893 0.29260250
v 0.04182524 0.00229955 0.28846099
v 0.07267826 0.00751034 0.29737563
v 0.24629514 0.46569365 0.12812910
v 0.25832351 0.48253981 0.10302816
v 0.18211900 0.39882556 0.19652716
v 0.19576354 0.42394275 0.18098737
v 0.25208053 0.40982981 0.18174804
v 0.26755561 0.42951473 0.16097409
v 0.15224134 0.36755025 0.20778830
v 0.16572056 0.39515230 0.19706593
v 0.15396370 0.33075015 0.21889727
v 0.16755243 0.35983882 0.21363163
v 0.17376705 0.33931179 0.21887977
v 0.18844357 0.36721381 0.21084181
v 0.15575111 0.24705750 0.22682641
v 0.17307981 0.27458229 0.22762266
v 0.15209068 0.23399700 0.24827784
v 0.16323296 0.25055120 0.22258076
v 0.13112011 0.21992940 0.27623049
v 0.14324513 0.23580296 0.25054887
v 0.09580470 0.18088623 0.30489050
v 0.11273356 0.20526472 0.29156253
v 0.09023269 0.14080017 0.31144299
v 0.10811867 0.16773334 0.30780596
v 0.06462130 0.10260101 0.30372068
v 0.08158940 0.12946388 0.31072078
v 0.38217723 0.36133251 0.11527257
v 0.39500231 0.38079008 0.09256899
v 0.25868041 0.39034242 0.19062771
v 0.27433754 0.41285606 0.17311994
v 0.27321854 0.32592921 0.20732448
v 0.29055019 0.34943576 0.19298614
v 0.31838028 0.36327952 0.17306726
v 0.33134502 0.38315090 0.15080573
v 0.23211513 0.34164983 0.21838647
v 0.24857409 0.36689254 0.20612107
v 0.19613072 0.30888469 0.22456367
v 0.21335270 0.33635580 0.22186669
v 0.29253707 0.31756664 0.20016516
v 0.31159204 0.33984418 0.18605306
v 0.21900440 0.30368323 0.22453184
v 0.23784216 0.32970398 0.21937521
v 0.24899682 0.25605357 0.21729073
v 0.27184095 0.27887233 0.21329302
v 0.26118479 0.29049669 0.21661552
v 0.28089561 0.31393830 0.20563798
v 0.14606707 0.26800859 0.22622588
v 0.16115034 0.29681900 0.22523244
v 0.20463416 0.22593485 0.22573718
v 0.22666990 0.24974531 0.22328368
v 0.18435041 0.22690742 0.22670992
v 0.20501561 0.25202519 0.22594903
v 0.21738227 0.24397045 0.22453971
v 0.23908418 0.26797601 0.22117944
v 0.11255378 0.19357963 0.29834892
v 0.12871366 0.21566035 0.28074687
v 0.13317420 0.13848944 0.30335993
v 0.15037142 0.16400579 0.29279096
v 0.15227856 0.14023244 0.29241388
v 0.17079140 0.16417738 0.28047879
v 0.14727664 0.18084771 0.29026143
v 0.16134355 0.20341238 0.27151338
v 0.10235881 0.15873836 0.31006382
v 0.11974563 0.18481211 0.30132369
v 0.12336839 0.15741185 0.30720734
v 0.13951115 0.18251110 0.29424698
v 0.05733467 0.06282386 0.29533756
v 0.07955278 0.08542952 0.30267731
v 0.08543546 0.09990390 0.30594652
v 0.10588767 0.12519203 0.30681204
v 0.37833132 0.30176738 0.13194629
v 0.39612626 0.32208880 0.11381037
v 0.40177233 0.32003085 0.10589386
v 0.41749425 0.33851365 0.08422040
v 0.40110786 0.27816668 0.10990252
v 0.41992622 0.29648343 0.09069581
v 0.29747979 0.24957543 0.19541021
v 0.31909710 0.27083089 0.18360221
v 0.35895436 0.26151300 0.14917745
v 0.37852818 0.28087710 0.13184456
v 0.29452643 0.29496177 0.19923656
v 0.31580607 0.31767744 0.18976520
v 0.26679962 0.24717815 0.21124517
v 0.28959059 0.26910032 0.20359521
v 0.24218716 0.18532435 0.22193884
v 0.26634475 0.20422101 0.21108255
v 0.28062362 0.21240313 0.20239369
v 0.30398157 0.23202930 0.19109098
v 0.16645035 0.20115881 0.26705436
v 0.18026602 0.21830021 0.24309958
v 0.20041117 0.20110749 0.24290090
v 0.21631797 0.21563601 0.21852001
v 0.16102428 0.16123206 0.28764342
v 0.17555798 0.18430272 0.26989382
v 0.17828137 0.12531808 0.27008998
v 0.20100776 0.14643875 0.26029405
v 0.09257207 0.08104000 0.29631475
v 0.11685825 0.10258107 0.29848167
v 0.14743764 0.10374932 0.28205955
v 0.17149688 0.12504276 0.27693373
v 0.11397394 0.08227732 0.28981247
v 0.13850803 0.10345292 0.28694818
v 0.12757166 0.10129609 0.29202844
v 0.15122228 0.12349823 0.28952949
v 0.04253234 0.04812870 0.29575416
v 0.06354778 0.07291399 0.29735809
v 0.45393177 0.27580213 0.07541388
v 0.47532485 0.28548277 0.05289381
v 0.47885030 0.18304564 0.12910508
v 0.49869506 0.19044846 0.10440861
v 0.38404458 0.24545730 0.13411625
v 0.40806040 0.25691677 0.11539586
v 0.36706898 0.19449156 0.17636111
v 0.39366505 0.20491537 0.16078790
v 0.44422460 0.24444216 0.10723924
v 0.46724472 0.25249454 0.08570403
v 0.35702637 0.22646776 0.15818589
v 0.38148083 0.23832734 0.14030122
v 0.40829276 0.18289801 0.17086491
v 0.43459551 0.19116814 0.15359348
v 0.32105606 0.18406265 0.19389053
v 0.34725848 0.19754200 0.18009661
v 0.30028013 0.15053052 0.21247844
v 0.32784355 0.16361535 0.20118346
v 0.37378489 0.14508579 0.20122628
v 0.40190032 0.15488248 0.18810838
v 0.27991177 0.14111085 0.21979127
v 0.30765561 0.15455343 0.20939377
v 0.27410770 0.11971020 0.22353991
v 0.30324462 0.13295304 0.21769193
v 0.21922022 0.13154208 0.25215414
v 0.24493546 0.14517748 0.23761681
v 0.25310678 0.09929775 0.25252833
v 0.27499078 0.10709587 0.22975090
v 0.18953415 0.11217332 0.26947020
v 0.21744848 0.12532266 0.25915435
v 0.18283973 0.09539970 0.28383983
v 0.21208826 0.10395128 0.27244132
v 0.21392572 0.11624267 0.26595455
v 0.24007684 0.12439374 0.24839862
v 0.11012653 0.05023174 0.29513972
v 0.13936286 0.06445607 0.29633857
v 0.08641803 0.04499261 0.29266742
v 0.11525324 0.06003274 0.29174184
v 0.14733864 0.07315682 0.29259955
v 0.17718813 0.08554294 0.28884142
v 0.44882747 0.21181700 0.13186778
v 0.47324120 0.21804731 0.11128418
v 0.52306621 0.11014433 0.11204675
v 0.54168132 0.11358920 0.08558655
v 0.41720063 0.14763846 0.18409497
v 0.44374233 0.15597969 0.16722804
v 0.40695856 0.12888812 0.19431173
v 0.43435331 0.13693043 0.17871108
v 0.35241287 0.11766687 0.21277389
v 0.38208583 0.12768057 0.20395501
v 0.31402535 0.11411466 0.21901506
v 0.34382323 0.12539757 0.21243373
v 0.33896132 0.08324875 0.21966309
v 0.36987225 0.09134987 0.21354605
v 0.22757624 0.08117925 0.27943299
v 0.25193704 0.08562646 0.25833073
v 0.26792632 0.08057049 0.24580140
v 0.28883600 0.08832440 0.22211187
v 0.19897307 0.05708123 0.29856498
v 0.22799818 0.06337294 0.28528006
v 0.20788412 0.01229974 0.29638838
v 0.23705541 0.01873136 0.28349645
v 0.11284323 0.01661130 0.30048984
v 0.14405237 0.02265905 0.30741415
v 0.15735868 0.05780780 0.30133275
v 0.18803162 0.06821779 0.29827752
v 0.14332179 0.03973557 0.30463955
v 0.17460028 0.04868940 0.30451086
v 0.49741412 0.13867222 0.12927286
v 0.51819077 0.14282937 0.10458317
v 0.52913451 0.08675753 0.10979582
v 0.54716969 0.09142333 0.08312198
v 0.42250541 0.03113475 0.19446107
v 0.45107373 0.03522146 0.17943837
v 0.47323937 0.06152742 0.16658191
v 0.49801536 0.06679911 0.14616400
v 0.38283404 0.01621602 0.20793630
v 0.41322050 0.01892717 0.19662949
v 0.42784003 0.01190302 0.18878260
v 0.45652565 0.01431079 0.17362115
v 0.33531953 0.04621619 0.22057145
v 0.36715342 0.05097157 0.21582580
v 0.37219625 0.05877887 0.21512291
v 0.40329181 0.06440589 0.20738119
v 0.30036411 0.06505201 0.22413790
v 0.33182528 0.07250836 0.22051443
v 0.29777542 0.00226695 0.22289155
v 0.32991904 0.00312706 0.21793375
v 0.32597339 0.02686001 0.22061521
v 0.35790126 0.03000066 0.21520420
v 0.23821522 0.04041739 0.28318243
v 0.26195572 0.04603162 0.26165568
v 0.27700765 0.04157602 0.24695654
v 0.29752162 0.04561206 0.22202826
v 0.18764146 0.01061607 0.30208040
v 0.21842408 0.01621084 0.29315513
v 0.15566334 0.02484651 0.30799025
v 0.18722525 0.03147886 0.30370194
v 0.12582360 -0.01489081 0.29315487
v 0.15833330 -0.01617171 0.29305354
v 0.15093388 0.00684786 0.30302776
v 0.18321567 0.01086667 0.30251150
v 0.08937731 0.01209614 0.30031815
v 0.12123240 0.01856222 0.30172360
v 0.51273428 -0.00863318 0.12040854
v 0.53579717 -0.00496721 0.09775473
v 0.54334202 -0.05206022 0.07043064
v 0.56363353 -0.05048984 0.04504717
v 0.49017319 -0.08883801 0.09911247
v 0.51590416 -0.09004397 0.07923800
v 0.41726907 -0.02153055 0.18289637
v 0.44661995 -0.01950492 0.16900556
v 0.44652041 -0.07049456 0.14024796
v 0.47329199 -0.07083221 0.12176284
v 0.41711323 -0.05063620 0.16853139
v 0.44525400 -0.05003090 0.15221384
v 0.41119487 -0.06681704 0.16366762
v 0.43886722 -0.06770891 0.14658027
v 0.33723837 -0.00952280 0.21351600
v 0.36905505 -0.00980823 0.20672268
v 0.30407863 -0.03742857 0.21942191
v 0.33488447 -0.04031163 0.20936113
v 0.35633047 -0.06388435 0.19344367
v 0.38462429 -0.06596826 0.17751730
v 0.24159542 0.00078793 0.27760288
v 0.26661674 0.00658914 0.25763262
v 0.22506164 -0.04021632 0.26367480
v 0.25584428 -0.04141396 0.25320928
v 0.10217508 -0.01892281 0.29091368
v 0.13458849 -0.02130873 0.28942706
v 0.50998627 -0.16120607 0.08569242
v 0.52949263 -0.17094954 0.06154499
v 0.49923265 -0.12251303 0.09280927
v 0.52103998 -0.13167746 0.07047128
v 0.42156127 -0.14194011 0.16537270
v 0.44626918 -0.15435646 0.14822962
v 0.45272479 -0.17219237 0.14631140
v 0.47582464 -0.18460732 0.12705530
v 0.45404249 -0.10220232 0.12630621
v 0.47891598 -0.11106566 0.10729878
v 0.40458736 -0.10446180 0.16501206
v 0.43106436 -0.11386465 0.14860821
v 0.35249373 -0.08293531 0.19346956
v 0.37963209 -0.09108047 0.17747903
v 0.33187682 -0.11193627 0.20643241
v 0.36061819 -0.12229557 0.19524537
v 0.31475399 -0.07688728 0.21276439
v 0.34265584 -0.08412835 0.19767846
v 0.27254733 -0.12085504 0.22075711
v 0.30246965 -0.13302260 0.21686647
v 0.29260623 -0.11018517 0.21807795
v 0.32229573 -0.12069160 0.20991214
v 0.25946219 -0.11515000 0.24079863
v 0.28074845 -0.12182155 0.21711494
v 0.18431796 -0.04991751 0.27656478
v 0.21452118 -0.05982729 0.26962982
v 0.19063061 -0.09231561 0.29003352
v 0.21689535 -0.10725581 0.27797178
v 0.14351500 -0.04364526 0.28676369
v 0.17423365 -0.05358543 0.28275253
v 0.11687038 -0.06483980 0.30057448
v 0.14602788 -0.07926459 0.30111981
v 0.12922434 -0.08296816 0.30390280
v 0.15687004 -0.09964723 0.29989587
v 0.16502832 -0.05672536 0.28781264
v 0.19477363 -0.06876767 0.28245253
v 0.07605263 -0.03894840 0.29249916
v 0.10642990 -0.04985574 0.29659588
v 0.12113745 -0.04843517 0.29332280
v 0.15182973 -0.05922820 0.29316076
v 0.05624903 -0.02641127 0.29107649
v 0.08717080 -0.03652914 0.29114407
v 0.07446953 -0.05571506 0.29759591
v 0.10222247 -0.07264793 0.29885448
v 0.43158619 -0.20557012 0.16380544
v 0.45452614 -0.21768113 0.14416839
v 0.43988876 -0.27688973 0.13176893
v 0.45689552 -0.28884629 0.10674210
v 0.48562896 -0.29284617 0.05864780
v 0.49799711 -0.30148293 0.02982129
v 0.37654468 -0.21063689 0.19647527
v 0.40077229 -0.22520544 0.18037211
v 0.36540422 -0.16308145 0.20199311
v 0.39213112 -0.17614063 0.18881502
v 0.43840315 -0.24306966 0.14932908
v 0.45616758 -0.25441225 0.12454396
v 0.35403050 -0.18106871 0.20708915
v 0.38075621 -0.19485508 0.19467124
v 0.31500601 -0.20659265 0.21552289
v 0.34171266 -0.22332747 0.20744624
v 0.33144429 -0.17411163 0.21183335
v 0.35993440 -0.18828680 0.20505766
v 0.25312938 -0.17409479 0.22115317
v 0.28033247 -0.19178566 0.21879579
v 0.27320699 -0.18553083 0.21940443
v 0.30051010 -0.20314659 0.21774413
v 0.22803068 -0.11810999 0.26844342
v 0.24879230 -0.12718833 0.24509667
v 0.20781767 -0.08285166 0.28067643
v 0.23419369 -0.09616948 0.26705757
v 0.17364657 -0.12705562 0.29221528
v 0.19943237 -0.14297044 0.28036864
v 0.09353731 -0.06804403 0.29744687
v 0.12064836 -0.08468604 0.30427080
v 0.39488227 -0.31912864 0.13970663
v 0.41321164 -0.32995843 0.11510416
v 0.42366137 -0.36978073 0.06227329
v 0.43658416 -0.37991430 0.03418692
v 0.25271331 -0.21764618 0.21709115
v 0.27746213 -0.23810979 0.21186923
v 0.29431924 -0.21828959 0.21536633
v 0.32044486 -0.23686576 0.20980668
v 0.25317935 -0.15252671 0.22155094
v 0.28152739 -0.16840367 0.21986498
v 0.23203979 -0.20533095 0.21908814
v 0.25656441 -0.22639177 0.21541163
v 0.21060560 -0.15052236 0.27027947
v 0.22785936 -0.16066582 0.24462895
v 0.19189729 -0.16208327 0.27585607
v 0.21152852 -0.17245117 0.25207260
v 0.20099821 -0.18888619 0.24717521
v 0.21877881 -0.20298189 0.22385797
v 0.21999249 -0.17727309 0.24123803
v 0.23760328 -0.19006507 0.21705627
v 0.13465717 -0.14701168 0.28805582
v 0.15895993 -0.16613477 0.27794571
v 0.09229536 -0.08645168 0.29925049
v 0.11770541 -0.10672014 0.30068256
v 0.11228784 -0.09701367 0.30175748
v 0.13867322 -0.11602806 0.30086515
v 0.07591199 -0.09324654 0.29103820
v 0.09773065 -0.11732008 0.29275344
v 0.11416962 -0.11617558 0.29780631
v 0.13937321 -0.13627338 0.29340302
v 0.35409888 -0.35222788 0.13684797
v 0.37288707 -0.36682006 0.11465328
v 0.31936830 -0.44515082 0.05755208
v 0.33414041 -0.46095717 0.03325237
v 0.30635599 -0.35464100 0.14702065
v 0.32736006 -0.37138393 0.12866215
v 0.32303370 -0.33745777 0.15793350
v 0.34437914 -0.35470383 0.14045559
v 0.34003667 -0.38364956 0.11372303
v 0.35878712 -0.39724575 0.09087361
v 0.30032607 -0.41829463 0.08894159
v 0.31749203 -0.43508271 0.06698660
v 0.28157527 -0.30597116 0.18525782
v 0.30400715 -0.32514388 0.17155564
v 0.26491465 -0.36273970 0.14133033
v 0.28388396 -0.38216407 0.12340295
v 0.26464576 -0.38050659 0.12622846
v 0.28288863 -0.39992490 0.10755605
v 0.24331198 -0.33585472 0.16363771
v 0.26242284 -0.35620501 0.14692924
v 0.18743756 -0.24512411 0.21518784
v 0.20701937 -0.26911538 0.20521269
v 0.17098118 -0.21737864 0.24019539
v 0.18978558 -0.23481545 0.22017330
v 0.16769108 -0.18937405 0.26466754
v 0.18892389 -0.20396815 0.24480019
v 0.15818938 -0.20655607 0.25353093
v 0.17680406 -0.22372680 0.23310567
v 0.11571928 -0.15452403 0.27976680
v 0.13892001 -0.17566212 0.27119712
v 0.07750913 -0.11283325 0.28561306
v 0.09867007 -0.13735757 0.28256278
v 0.05651661 -0.08161258 0.28901408
v 0.07794749 -0.10603118 0.28728755
v 0.20422034 -0.47283565 0.12205156
v 0.21028089 -0.49487618 0.09889953
v 0.22328831 -0.47055371 0.10990333
v 0.22871415 -0.49187919 0.08593845
v 0.28622621 -0.44584619 0.07035900
v 0.29731604 -0.46781704 0.04907922
v 0.21866428 -0.42593984 0.13830617
v 0.22678362 -0.45107476 0.11931029
v 0.20141696 -0.39564963 0.16296550
v 0.21056448 -0.42200895 0.14623108
v 0.21262591 -0.35787163 0.16375202
v 0.22487019 -0.38323486 0.14746350
v 0.23198141 -0.38671592 0.14069798
v 0.24316744 -0.41145365 0.12276897
v 0.19873271 -0.37309826 0.17004812
v 0.20960019 -0.39981784 0.15499841
v 0.18884125 -0.30683493 0.19205076
v 0.20245919 -0.33185989 0.17633978
v 0.16605227 -0.27845308 0.21054221
v 0.18043545 -0.30349866 0.19556307
v 0.13907091 -0.27239416 0.21513742
v 0.15419812 -0.30018431 0.20756072
v 0.12440577 -0.22928062 0.25273961
v 0.13462076 -0.25202451 0.23183742
v 0.10363959 -0.23137661 0.26331501
v 0.11127196 -0.25560009 0.24298026
v 0.10376309 -0.17977946 0.26872288
v 0.11763885 -0.20771541 0.25947205
v 0.09380831 -0.21311248 0.27259193
v 0.10367649 -0.24077769 0.25859955
v 0.09042809 -0.24604946 0.26066987
v 0.09846524 -0.26615716 0.23638785
v 0.08222247 -0.15055485 0.28024234
v 0.09658771 -0.17912749 0.27426108
v 0.04807795 -0.11084167 0.28901787
v 0.06321321 -0.13963521 0.28964021
v 0.02518818 -0.08141849 0.29026004
v 0.03828297 -0.11100581 0.29367300
v 0.04322361 -0.09081389 0.28831100
v 0.05874064 -0.11933484 0.28623520
v 0.23803719 -0.45248647 0.11059970
v 0.24408824 -0.47443847 0.08736123
v 0.16896967 -0.44725177 0.16468049
v 0.17751083 -0.47171636 0.14500655
v 0.12745526 -0.49507843 0.14320182
v 0.13044316 -0.51540195 0.11797171
v 0.12043507 -0.55545902 0.05827007
v 0.12306405 -0.56917683 0.02888568
v 0.14944306 -0.41093392 0.19123940
v 0.15782635 -0.43789495 0.17507292
v 0.13725577 -0.39216645 0.19987009
v 0.14706101 -0.42095669 0.18831538
v 0.03990676 -0.45872468 0.18027625
v 0.04483222 -0.48541434 0.16233375
v 0.07240316 -0.38748911 0.21353658
v 0.07864638 -0.41773265 0.20329537
v 0.11722910 -0.39093401 0.20571108
v 0.12583957 -0.42029445 0.19464961
v 0.08943632 -0.32627207 0.21673548
v 0.09909005 -0.35716937 0.21346525
v 0.04624098 -0.32612351 0.21714203
v 0.05085417 -0.35825112 0.21489107
v 0.08248880 -0.27210618 0.23737878
v 0.09075781 -0.29226049 0.21321354
v 0.00127809 -0.17321927 0.29327802
v 0.00448099 -0.20520849 0.28828175
v 0.03802243 -0.12432786 0.29578273
v 0.04875714 -0.15503738 0.29531039
v 0.06820789 -0.50840794 0.13967038
v 0.07442046 -0.52831551 0.11469790
v 0.10304187 -0.44795163 0.18954842
v 0.10744555 -0.47470361 0.17156312
v 0.06024612 -0.49360187 0.15646283
v 0.06633562 -0.51439322 0.13219001
v 0.04469904 -0.42283914 0.19960743
v 0.04970613 -0.45180045 0.18565383
v 0.05475803 -0.34488733 0.21631966
v 0.05974122 -0.37701527 0.21509700
v 0.07722016 -0.30308668 0.21688716
v 0.08673168 -0.33420032 0.21682144
v -0.00084606 -0.30019274 0.21504737
v -0.00069496 -0.33259258 0.21208777
v 0.02003483 -0.30552793 0.21602660
v 0.02219552 -0.33791466 0.21379883
v 0.02978425 -0.20013666 0.29472076
v 0.03603173 -0.22909065 0.28126092
v -0.00430774 -0.28797930 0.23293917
v -0.00530262 -0.31093966 0.20990955
v 0.03644847 -0.22000106 0.28542143
v 0.04307956 -0.24895014 0.27213568
v 0.00756932 -0.19469095 0.29217931
v 0.01290818 -0.22511875 0.28197260
v -0.08253063 -0.51936839 0.07879088
v -0.08259661 -0.54333836 0.05679161
v -0.00743239 -0.46193511 0.16416815
v -0.00457419 -0.48989440 0.14777790
v -0.05550563 -0.49685424 0.11212679
v -0.05397568 -0.52246917 0.09212513
v -0.04435443 -0.43234159 0.16133561
v -0.04380146 -0.46110825 0.14614664
v -0.00029292 -0.41282321 0.19299046
v 0.00150566 -0.44281853 0.18051739
v -0.05483808 -0.38327375 0.17897510
v -0.05683810 -0.41262220 0.16507546
v -0.03330601 -0.38964762 0.18708137
v -0.03313373 -0.41957720 0.17432512
v -0.01183828 -0.33524981 0.20835261
v -0.01311226 -0.36734155 0.20315364
v -0.04020244 -0.30776668 0.21199023
v -0.04369269 -0.33859007 0.20217857
v -0.04517638 -0.24730824 0.24770285
v -0.04698654 -0.27712219 0.23480389
v -0.03339254 -0.23243909 0.26058865
v -0.03290992 -0.26228336 0.24764190
v -0.01094667 -0.13034353 0.28812083
v -0.01250884 -0.16284108 0.28811295
v -0.03765134 -0.21388223 0.26310068
v -0.03923848 -0.24467090 0.25270500
v -0.01842775 -0.16718883 0.28386601
v -0.01890835 -0.19941926 0.27945010
v -0.00857497 -0.06559697 0.28885057
v -0.01000003 -0.09808498 0.28783571
v -0.12201619 -0.51149705 0.07730082
v -0.13028387 -0.53400053 0.05530604
v -0.10297359 -0.46351501 0.11578097
v -0.11153764 -0.48830704 0.09653145
v -0.14885885 -0.46785887 0.12404355
v -0.16053402 -0.49033984 0.10362718
v -0.17434536 -0.44190272 0.15212452
v -0.18704808 -0.46407794 0.13198917
v -0.10458765 -0.41071707 0.15686458
v -0.11385623 -0.43727841 0.14052077
v -0.11727248 -0.37195369 0.18387812
v -0.12792499 -0.39981190 0.17087907
v -0.12875705 -0.38890676 0.17789324
v -0.14007304 -0.41593331 0.16374950
v -0.08297685 -0.35584600 0.18710026
v -0.09107592 -0.38305297 0.17120316
v -0.11610706 -0.33378366 0.20131895
v -0.12691829 -0.36251317 0.19053635
v -0.12749255 -0.35274559 0.19513828
v -0.13855877 -0.38155254 0.18483146
v -0.07839084 -0.31799500 0.20673042
v -0.08605796 -0.34581799 0.19170949
v -0.07171175 -0.23310794 0.25916561
v -0.08459303 -0.25874918 0.24383163
v -0.04913085 -0.20379987 0.26559360
v -0.05930159 -0.23303937 0.25558665
v -0.04543154 -0.18179627 0.27161477
v -0.05469707 -0.21219088 0.26462555
v -0.05254177 -0.16629373 0.28097650
v -0.06386664 -0.19628204 0.27541053
v -0.04147726 -0.14514152 0.28158357
v -0.05125900 -0.17583491 0.27702671
v -0.03202869 -0.10459569 0.28610387
v -0.04146887 -0.13560403 0.28329356
v -0.02395885 -0.06234860 0.28846573
v -0.03455950 -0.09308476 0.28726326
v -0.17794685 -0.41044095 0.17522319
v -0.19055358 -0.43428826 0.15703231
v -0.21976091 -0.36225607 0.19655004
v -0.23608497 -0.38763586 0.18438768
v -0.16047426 -0.37294204 0.19169159
v -0.17321812 -0.40077784 0.18067823
v -0.18247497 -0.37501350 0.19268737
v -0.19623873 -0.40163999 0.18003350
v -0.23559223 -0.34617556 0.19786511
v -0.25293073 -0.37203122 0.18841033
v -0.19135508 -0.39407377 0.18453092
v -0.20474392 -0.41833815 0.16748655
v -0.16332020 -0.33615136 0.20510589
v -0.17704911 -0.36444414 0.19676520
v -0.20227191 -0.32225163 0.20812675
v -0.21910143 -0.34917349 0.20101953
v -0.16763125 -0.29768118 0.21259291
v -0.18303695 -0.32589288 0.20756338
v -0.17333960 -0.25904360 0.21426017
v -0.19162157 -0.28595433 0.21392240
v -0.09782329 -0.23809755 0.26021619
v -0.10760985 -0.26058888 0.23884110
v -0.13959177 -0.24052170 0.24505707
v -0.15135613 -0.25879350 0.22084400
v -0.10350775 -0.25723601 0.24282064
v -0.11288139 -0.27949227 0.22101868
v -0.11029925 -0.22474246 0.26987929
v -0.12436960 -0.24453118 0.24822372
v -0.07258873 -0.17277056 0.28740671
v -0.08679176 -0.20089195 0.27928310
v -0.08058647 -0.13556106 0.29726013
v -0.09777403 -0.16283488 0.29287165
v -0.08648039 -0.15669888 0.29339717
v -0.10277001 -0.18426619 0.28763320
v -0.03670421 -0.08275471 0.28890322
v -0.04832265 -0.11305144 0.29128058
v -0.30119660 -0.36935505 0.16309318
v -0.31642862 -0.38995925 0.14304363
v -0.36136842 -0.33735964 0.13258093
v -0.37697249 -0.35658180 0.11147279
v -0.36650198 -0.40591321 0.08450700
v -0.37843951 -0.41866593 0.05705895
v -0.28230509 -0.38088704 0.16944444
v -0.29514028 -0.40305437 0.14938456
v -0.26034952 -0.35082545 0.19070820
v -0.27601879 -0.37511477 0.17577386
v -0.32997896 -0.33689529 0.15909644
v -0.34503865 -0.35719380 0.13860967
v -0.19255398 -0.30190068 0.21252205
v -0.20961011 -0.32891645 0.20637644
v -0.24569368 -0.27065535 0.20533340
v -0.26728201 -0.29412401 0.19887600
v -0.15730817 -0.27436840 0.21400737
v -0.17278422 -0.30291301 0.21195098
v -0.18861435 -0.22998801 0.21516305
v -0.20935021 -0.25495055 0.21283340
v -0.20674335 -0.22999512 0.21413673
v -0.22852200 -0.25377310 0.20979740
v -0.19885046 -0.26571010 0.21351020
v -0.21855851 -0.29136419 0.21004733
v -0.16486081 -0.20750617 0.25893549
v -0.17819521 -0.22538719 0.23525017
v -0.18648964 -0.21968201 0.23389719
v -0.20158247 -0.23586288 0.21004519
v -0.15933180 -0.23844810 0.23680406
v -0.17075737 -0.25557827 0.21161388
v -0.11798599 -0.18461478 0.28524836
v -0.13421555 -0.21010209 0.27318478
v -0.12432986 -0.14448131 0.29159906
v -0.14297156 -0.16957003 0.28256722
v -0.14578118 -0.14712729 0.28316416
v -0.16522265 -0.17062293 0.27182766
v -0.08486766 -0.10022565 0.29469638
v -0.10573069 -0.12519005 0.29490707
v -0.06631853 -0.10069707 0.29266264
v -0.08362051 -0.12768984 0.29819107
v -0.05361083 -0.08217177 0.29362418
v -0.07118383 -0.10955266 0.29371596
v -0.42314384 -0.30799947 0.08046468
v -0.44025719 -0.32434455 0.05813749
v -0.42618736 -0.35329405 0.06088206
v -0.43922048 -0.36813985 0.03503111
v -0.32895876 -0.31479743 0.16404260
v -0.34626193 -0.33584040 0.14625706
v -0.30012683 -0.29359858 0.18385672
v -0.31974983 -0.31532311 0.16966113
v -0.41435629 -0.34510283 0.07658986
v -0.42958739 -0.36102555 0.05265218
v -0.27813112 -0.29258730 0.19431531
v -0.29816702 -0.31523299 0.18230417
v -0.36868601 -0.27286326 0.13383038
v -0.38785429 -0.29124269 0.11503397
v -0.24823995 -0.23164859 0.20578011
v -0.27168972 -0.25306949 0.19872426
v -0.33013565 -0.23330066 0.16470590
v -0.35137991 -0.25145288 0.14804127
v -0.24706905 -0.19224019 0.21081994
v -0.27146096 -0.21099360 0.20024281
v -0.26838812 -0.19295588 0.20470204
v -0.29127788 -0.21041394 0.18954267
v -0.26951390 -0.23225908 0.19909585
v -0.29187562 -0.25291664 0.18761759
v -0.21057965 -0.19628552 0.23327969
v -0.22894723 -0.21172188 0.21130510
v -0.15472958 -0.16809680 0.27773060
v -0.17178671 -0.19135012 0.26266842
v -0.18757659 -0.15145097 0.25978875
v -0.20661599 -0.17259451 0.24400954
v -0.17419974 -0.12941467 0.26360491
v -0.19734868 -0.14986995 0.25339514
v -0.15553890 -0.12746335 0.27595174
v -0.17652917 -0.15007608 0.26562681
v -0.09149731 -0.08440461 0.28795728
v -0.11592896 -0.10588337 0.28849493
v -0.11070962 -0.08600412 0.28302956
v -0.13570682 -0.10649087 0.27929260
v -0.12322081 -0.10506013 0.28487525
v -0.14655415 -0.12727888 0.28035705
v -0.07911823 -0.06543572 0.28688232
v -0.10404083 -0.08621173 0.28448381
v -0.40913526 -0.22143600 0.13964615
v -0.43455450 -0.23058024 0.12151396
v -0.44878411 -0.27388153 0.07833481
v -0.47093221 -0.28348123 0.05652108
v -0.41643266 -0.18688827 0.16289639
v -0.44249910 -0.19441104 0.14493866
v -0.40209033 -0.20537996 0.15558810
v -0.42805816 -0.21368928 0.13783539
v -0.39880823 -0.25485113 0.11725735
v -0.42267529 -0.26598176 0.09815226
v -0.38590857 -0.17156497 0.18120544
v -0.41383850 -0.18137555 0.16770717
v -0.39322705 -0.23810654 0.13304195
v -0.41768917 -0.24852062 0.11428873
v -0.30177629 -0.13922888 0.20803471
v -0.33076400 -0.15267015 0.20190473
v -0.33572661 -0.15238316 0.19984923
v -0.36453923 -0.16452209 0.19084860
v -0.31192907 -0.19583566 0.18614982
v -0.33713426 -0.20881071 0.17018492
v -0.27661230 -0.11767473 0.21452554
v -0.30640894 -0.13013486 0.21059651
v -0.28278711 -0.13937930 0.21195828
v -0.31104348 -0.15255132 0.20265198
v -0.23320420 -0.10861522 0.26156511
v -0.25762600 -0.11432248 0.24083989
v -0.26327529 -0.09137169 0.24452197
v -0.28466973 -0.09752560 0.22079564
v -0.24940868 -0.15384110 0.22373185
v -0.27337932 -0.16868726 0.20749819
v -0.20118835 -0.11847976 0.26213822
v -0.22908908 -0.12937617 0.24943590
v -0.18440582 -0.08214298 0.28595165
v -0.21394713 -0.09068163 0.27532462
v -0.14981121 -0.09257284 0.27709021
v -0.17850542 -0.10661732 0.27093180
v -0.13988557 -0.07142897 0.28623677
v -0.16942016 -0.08498692 0.28468071
v -0.11845121 -0.06911552 0.28455909
v -0.14740145 -0.08353177 0.28101129
v -0.08600133 -0.05227733 0.28690544
v -0.11468813 -0.06744525 0.28455316
v -0.08474111 -0.00821934 0.29053149
v -0.11713097 -0.00800861 0.29359491
v -0.47834482 -0.14166289 0.14803068
v -0.49974914 -0.14502456 0.12375959
v -0.48588719 -0.08658200 0.15982221
v -0.50740616 -0.09136132 0.13589265
v -0.52794496 -0.14850137 0.08783297
v -0.54390927 -0.15095629 0.05959035
v -0.47358255 -0.12576981 0.16155495
v -0.49518955 -0.12763411 0.13730224
v -0.38924504 -0.09620059 0.20680636
v -0.41953154 -0.10252837 0.19674560
v -0.30689271 -0.11855235 0.21234451
v -0.33686722 -0.12985267 0.20665565
v -0.34798981 -0.08703800 0.21327004
v -0.37931578 -0.09487626 0.20929806
v -0.28799135 -0.08052011 0.21640457
v -0.31934052 -0.08887418 0.21396109
v -0.32704578 -0.09113214 0.21444729
v -0.35811048 -0.09970594 0.20997450
v -0.27641306 -0.07186633 0.23825595
v -0.29677372 -0.07664095 0.21333250
v -0.21333803 -0.10367451 0.26870598
v -0.24138042 -0.11286134 0.25500350
v -0.24288430 -0.07242076 0.27383384
v -0.26440893 -0.07506204 0.24958006
v -0.11023540 -0.03445895 0.29474399
v -0.14164642 -0.04272481 0.29662939
v -0.07604061 -0.03469298 0.28902407
v -0.10562331 -0.04771933 0.29272680
v -0.49491298 -0.13504555 0.13410198
v -0.51556802 -0.13769436 0.10910429
v -0.49522412 -0.04645224 0.15111161
v -0.51575134 -0.04973805 0.12608426
v -0.46736348 -0.08320785 0.17413402
v -0.49216149 -0.08869252 0.15379910
v -0.44894226 -0.02268813 0.18118263
v -0.47599629 -0.02480881 0.16323510
v -0.51870676 -0.02490921 0.12225835
v -0.53949312 -0.02627166 0.09726630
v -0.40471824 -0.04219375 0.20217010
v -0.43498375 -0.04553312 0.19070803
v -0.37091484 -0.06308288 0.21163522
v -0.40245801 -0.06789696 0.20528032
v -0.30610621 -0.07238277 0.21548741
v -0.33772669 -0.08004261 0.21542308
v -0.29921676 -0.02905992 0.21670573
v -0.33155754 -0.03141577 0.21404959
v -0.31815014 -0.01067727 0.21483274
v -0.35027900 -0.01085393 0.20971051
v -0.27386040 -0.04775526 0.24577516
v -0.29535253 -0.05102071 0.22156861
v -0.21320274 -0.05071717 0.28781835
v -0.24329809 -0.05647612 0.27688052
v -0.14834781 -0.03234356 0.29589089
v -0.18018784 -0.03797560 0.29949977
v -0.15411724 -0.05531759 0.29605682
v -0.18531787 -0.06408550 0.29319740
v -0.53770139 0.00154565 0.09446095
v -0.55826626 -0.00070150 0.06934982
v -0.53369858 0.05815113 0.07696175
v -0.55664175 0.05849271 0.05389607
v -0.52003386 0.07857737 0.07925935
v -0.54417858 0.07935861 0.05746591
v -0.54494158 0.09069206 0.05250905
v -0.56636215 0.09166251 0.02803970
v -0.43579954 -0.00523125 0.18279478
v -0.46500760 -0.00701809 0.16857408
v -0.51194077 0.01853675 0.11900706
v -0.53442036 0.01522908 0.09572060
v -0.41759876 -0.01095863 0.19184074
v -0.44762635 -0.01260335 0.17942420
v -0.44576157 0.06542246 0.14001324
v -0.47314708 0.06677003 0.12249898
v -0.36015956 0.01658314 0.20121000
v -0.39145934 0.01830865 0.19249919
v -0.38087128 0.03039407 0.19053140
v -0.41076346 0.03120776 0.17771240
v -0.35666462 0.05785834 0.19091491
v -0.38484738 0.06102403 0.17496994
v -0.34024465 0.04325346 0.20019227
v -0.37030924 0.04707016 0.18835652
v -0.25368323 0.02512440 0.25493555
v -0.28073392 0.02246229 0.23705525
v -0.29041915 0.02382700 0.23054819
v -0.31517934 0.02783012 0.20982527
v -0.23871840 -0.00480293 0.27237220
v -0.26791932 -0.00634335 0.25810808
v -0.19993855 0.01542878 0.27969044
v -0.23079083 0.01412745 0.26944473
v -0.25829619 0.03723065 0.24401906
v -0.28711702 0.04112907 0.22943502
v -0.17824718 0.02076141 0.27809834
v -0.21012500 0.02327005 0.27209477
v -0.10203245 0.00446951 0.28844156
v -0.13436379 0.00742064 0.28631862
v -0.13981863 0.01185893 0.28536113
v -0.17201643 0.01473748 0.28168054
v -0.12334699 -0.00225072 0.29040742
v -0.15580173 -0.00048915 0.29186290
v -0.08932418 -0.02434564 0.29464821
v -0.12118388 -0.03088150 0.29552792
v -0.48792446 0.14976206 0.10981137
v -0.50766384 0.16134679 0.08668817
v -0.49042886 0.10564199 0.09498903
v -0.51473219 0.11455094 0.07527836
v -0.45923578 0.09836789 0.12090616
v -0.48391547 0.10774485 0.10189257
v -0.41127162 0.19404721 0.17965543
v -0.43421568 0.20751804 0.16093008
v -0.42533403 0.13218149 0.15923631
v -0.45000663 0.14471267 0.14212597
v -0.46826897 0.20130105 0.13296142
v -0.48603000 0.21180807 0.10780828
v -0.39073074 0.14341440 0.18610216
v -0.41717128 0.15675181 0.17262836
v -0.40767620 0.09722295 0.16093474
v -0.43382923 0.10713109 0.14431009
v -0.33627220 0.10688185 0.20332213
v -0.36476667 0.11806066 0.19229348
v -0.28023673 0.11008571 0.21784178
v -0.31005162 0.12247300 0.21382195
v -0.29916463 0.10135986 0.21506378
v -0.32838374 0.11250079 0.20608296
v -0.21598298 0.04514536 0.26374865
v -0.24490959 0.05579412 0.25333776
v -0.21335450 0.08183515 0.27971947
v -0.23723059 0.09763411 0.26426447
v -0.23209428 0.08080715 0.26627416
v -0.25657522 0.09501896 0.25023546
v -0.13823469 0.02848278 0.28436905
v -0.16900228 0.03844515 0.28081400
v -0.17707954 0.07087739 0.29367787
v -0.20398956 0.08710387 0.28524675
v -0.09972620 0.02084033 0.28859237
v -0.13059611 0.03094235 0.28671361
v -0.07955573 0.02569719 0.29116921
v -0.10956195 0.03773888 0.29479640
v -0.43122061 0.25629822 0.15277458
v -0.44731776 0.27024100 0.12817758
v -0.47641024 0.26010031 0.09858936
v -0.49017230 0.26973733 0.07072782
v -0.46455331 0.27811729 0.10437109
v -0.47703040 0.29001817 0.07678082
v -0.37851893 0.17440671 0.19644563
v -0.40504241 0.18844608 0.18387849
v -0.43168994 0.19367215 0.16500398
v -0.45434108 0.20647890 0.14547337
v -0.40110619 0.17640244 0.18629557
v -0.42584223 0.19015600 0.17024877
v -0.35484497 0.14354742 0.20286898
v -0.38249639 0.15672427 0.19190078
v -0.33550269 0.21326536 0.21224667
v -0.36064777 0.23032316 0.20061532
v -0.36769758 0.19020257 0.20125280
v -0.39360380 0.20557945 0.18896658
v -0.33524582 0.15266315 0.20930197
v -0.36371389 0.16654567 0.20186046
v -0.30914626 0.18080149 0.21694109
v -0.33677485 0.19745305 0.21270813
v -0.29620719 0.14596239 0.21700540
v -0.32487047 0.16070945 0.21259263
v -0.25699810 0.16604613 0.22087689
v -0.28382991 0.18432704 0.21878072
v -0.25161067 0.13335610 0.23901428
v -0.27040854 0.14415782 0.21475536
v -0.15466384 0.11931216 0.29884476
v -0.17966220 0.13802285 0.28970561
v -0.17257298 0.13318346 0.29302579
v -0.19633929 0.15008092 0.27859767
v -0.20890851 0.09974337 0.28400017
v -0.23191902 0.11682058 0.26859181
v -0.13753207 0.08399906 0.30409543
v -0.16395830 0.10244880 0.29964647
v -0.39019440 0.32971306 0.13753717
v -0.40664273 0.34258032 0.11258887
v -0.39752806 0.27129243 0.17235094
v -0.41736459 0.28474981 0.15035225
v -0.39556715 0.37379672 0.09525662
v -0.40800054 0.38546791 0.06754875
v -0.36919612 0.34059898 0.14547657
v -0.38497825 0.35449936 0.12065248
v -0.27692345 0.26863827 0.20576409
v -0.29912538 0.28944633 0.19424757
v -0.31037404 0.21726916 0.21444742
v -0.33604489 0.23609642 0.20773375
v -0.27680744 0.19858639 0.21931298
v -0.30239879 0.21828378 0.21535980
v -0.25887675 0.14288181 0.22032034
v -0.28701650 0.15914073 0.21879281
v -0.23632207 0.19946814 0.22020386
v -0.26024768 0.22126043 0.21685823
v -0.20690023 0.13465544 0.28150592
v -0.22522080 0.14813795 0.25824414
v -0.22426379 0.15591761 0.25336380
v -0.24154858 0.16792569 0.22855303
v -0.19109602 0.10425810 0.29267095
v -0.21509960 0.12203821 0.27977802
v -0.15577537 0.09799838 0.30115671
v -0.18191170 0.11651007 0.29543468
v -0.11786743 0.11101955 0.29703454
v -0.14170843 0.13276940 0.29290146
v -0.09922769 0.05677348 0.29727210
v -0.12575340 0.07452396 0.30358388
v -0.09899207 0.07636306 0.29966633
v -0.12355474 0.09767125 0.30074727
v -0.37098235 0.36591942 0.11910392
v -0.38783840 0.38076413 0.09556587
v -0.33824178 0.42088010 0.07491774
v -0.35452751 0.43750635 0.05218287
v -0.32998785 0.45311564 0.04735177
v -0.34328042 0.46797850 0.02164312
v -0.26975666 0.32610293 0.17154417
v -0.29030259 0.34619658 0.15629158
v -0.30140115 0.37902003 0.12602531
v -0.32061220 0.39739637 0.10726959
v -0.29956970 0.41040330 0.09711489
v -0.31664384 0.42731582 0.07518383
v -0.27221628 0.30799300 0.18428140
v -0.29327652 0.32883500 0.17084232
v -0.25274177 0.29558521 0.19064030
v -0.27339707 0.31732234 0.17801542
v -0.24911225 0.33243549 0.16631705
v -0.26784742 0.35325157 0.14975758
v -0.28848077 0.33737633 0.16394753
v -0.30931002 0.35568871 0.14693781
v -0.25941014 0.23268761 0.21511811
v -0.28262071 0.25473168 0.20929919
v -0.21179275 0.29205356 0.19435042
v -0.22980108 0.31409016 0.17858272
v -0.19277073 0.23937104 0.21793076
v -0.21161321 0.26410177 0.20834518
v -0.19246261 0.26078813 0.21281064
v -0.20998739 0.28373476 0.19781511
v -0.18641991 0.18112185 0.26384754
v -0.20217791 0.19731924 0.24044110
v -0.15962996 0.19070491 0.26275730
v -0.18120515 0.20650608 0.24422716
v -0.17393315 0.23083582 0.22986063
v -0.18965337 0.25427303 0.21367102
v -0.19887890 0.20348153 0.23775424
v -0.21403710 0.22226520 0.21593832
v -0.13640653 0.14420138 0.28693976
v -0.15971182 0.16510866 0.27809213
v -0.17105481 0.15311469 0.28449931
v -0.19319569 0.17142902 0.26923829
v -0.08162197 0.08128590 0.29248791
v -0.10260486 0.10609120 0.29420456
v -0.08369232 0.10124078 0.28788592
v -0.10393556 0.12657653 0.28527002
v -0.06305874 0.06748592 0.29079765
v -0.08358804 0.09270730 0.28981687
v -0.06181053 0.04817980 0.29195734
v -0.08414652 0.07136622 0.29665043
v -0.23460539 0.42609098 0.12783289
v -0.24319233 0.45144067 0.10933453
v -0.28109917 0.43612352 0.08181395
v -0.29141246 0.45887020 0.06096315
v -0.21599850 0.40116094 0.15314198
v -0.22481272 0.42747915 0.13616572
v -0.19219728 0.38408875 0.17675570
v -0.20190894 0.41197322 0.16309292
v -0.21868003 0.42314283 0.14324993
v -0.22609183 0.44903624 0.12499813
v -0.16848676 0.36700289 0.19729270
v -0.17752014 0.39525183 0.18391634
v -0.19617907 0.32185633 0.18768389
v -0.20922933 0.34837736 0.17408767
v -0.14624563 0.34129580 0.21069582
v -0.15712437 0.37050525 0.20136884
v -0.17504303 0.29280678 0.20507851
v -0.18906316 0.31965977 0.19320905
v -0.13750774 0.21373762 0.25182105
v -0.14997523 0.24053506 0.23821992
v -0.15205209 0.24451219 0.23066544
v -0.16642261 0.26880045 0.21447594
v -0.09147543 0.20334560 0.28630217
v -0.09666020 0.23162331 0.27106992
v -0.07951630 0.16647959 0.29657170
v -0.08791269 0.19697562 0.28895431
v -0.10480230 0.21561520 0.27286586
v -0.11249852 0.24348200 0.25794134
v -0.09824929 0.14572244 0.27971652
v -0.11250512 0.17446782 0.27433075
v -0.04499863 0.09437093 0.29455627
v -0.05805660 0.12380754 0.29919387
v -0.02695908 0.10538532 0.30300744
v -0.03303441 0.13733975 0.30374001
v -0.08243730 0.14328964 0.28984461
v -0.09527535 0.17303370 0.28684330
v -0.02856756 0.04042130 0.29094361
v -0.04256886 0.06978850 0.29119382
v -0.04481312 0.07333219 0.29197462
v -0.05846457 0.10285655 0.29128073
v -0.15003577 0.48863870 0.14263911
v -0.15349573 0.50959962 0.11799768
v -0.13859714 0.39712884 0.20231587
v -0.14655790 0.42557971 0.18868847
v -0.08237837 0.43524807 0.20116656
v -0.08750396 0.46372975 0.18629868
v -0.14449085 0.43586150 0.18444193
v -0.15038743 0.46212724 0.16616973
v -0.11001191 0.35034802 0.21838129
v -0.11921655 0.38112598 0.21323116
v -0.13790024 0.29965136 0.21590770
v -0.15095049 0.32895371 0.21046755
v -0.10061419 0.38541409 0.21638546
v -0.10693549 0.41566776 0.20622239
v -0.07463217 0.28252566 0.22469189
v -0.08249075 0.31409629 0.22442717
v -0.10026073 0.30901277 0.22263262
v -0.10990338 0.33990413 0.21927484
v -0.09961465 0.23805714 0.26816595
v -0.10491807 0.25943478 0.24422014
v -0.07933297 0.27019621 0.24329595
v -0.08492657 0.29089358 0.21882428
v -0.11358177 0.24902141 0.24984764
v -0.12218011 0.27131412 0.22776517
v -0.07695586 0.24469769 0.27180360
v -0.08102130 0.26657419 0.24806707
v -0.01087850 0.06206043 0.29406267
v -0.01288109 0.09422096 0.29855953
v -0.04842857 0.13857733 0.30475171
v -0.05689893 0.16998946 0.30450033
v 0.33675864 0.46109985 0.05696344
v 0.34339366 0.47352491 0.02763554
v 0.28215743 0.46815244 0.10741837
v 0.29182147 0.47909950 0.07834433
v 0.40869949 0.34069802 0.09341193
v 0.42177161 0.35836733 0.06942346
v -0.11137318 0.57653065 0.02511619
v -0.11360329 0.58889716 -0.00489427
v -0.22757256 0.50769527 0.07488488
v -0.23016935 0.52403328 0.04686956
v 0.25466148 -0.45464766 0.09280995
v 0.26351430 -0.47635853 0.07025341
v -0.04711129 -0.51703292 0.10130417
v -0.04389006 -0.53942055 0.07791722
v -0.49222230 0.18560411 0.10683935
v -0.51023722 0.19812247 0.08281260
v -0.53725113 0.15169296 0.05233672
v -0.55572989 0.15912889 0.02661175
v 0.07758225 -0.56006444 0.06079091
v 0.08145631 -0.57475018 0.03201849
v -0.46699278 -0.26040004 0.07707359
v -0.48850174 -0.26932706 0.05435345
v -0.51471605 0.03930741 0.10661714
v -0.53683847 0.03711700 0.08286146
v -0.43192830 -0.22068008 0.13085908
v -0.45672170 -0.22820809 0.11118300
v 0.47203198 -0.33586202 0.03491723
v 0.48601200 -0.34338119 0.00651735
v -0.54735120 -0.11388383 0.07223122
v -0.56259795 -0.11697855 0.04365692
v -0.38916152 -0.43485349 0.02436340
v -0.40070500 -0.44642365 -0.00376863
v 0.44460023 0.37615746 0.02449226
v 0.45719436 0.38733417 -0.00334657
v 0.55443290 -0.17816397 0.02285597
v 0.57136179 -0.18338601 -0.00443276
v 0.18032799 0.55420167 0.02404700
v 0.18605611 0.56995222 -0.00383921
v -0.51415830 -0.27110666 0.02344560
v -0.53043388 -0.27934148 -0.00349554
v 0.33108334 0.24153676 0.17208836
v 0.35146381 0.26098477 0.15581130
v 0.35567904 0.32373677 0.15364149
v 0.37232228 0.34571437 0.13636377
v 0.12811170 0.43806938 0.15318654
v 0.14034406 0.46293281 0.13613629
v 0.24832914 -0.39223304 0.12548383
v 0.25985980 -0.41632553 0.10690622
v -0.04259439 -0.45421642 0.15142913
v -0.04027139 -0.48130417 0.13355766
v -0.02850795 -0.42724706 0.17408378
v -0.02655954 -0.45621547 0.15940159
v -0.37906694 -0.20436725 0.16242909
v -0.40569931 -0.21477925 0.14691011
v -0.21336240 -0.50526688 0.07977530
v -0.22039402 -0.52193382 0.05273272
v -0.29574155 -0.43846144 0.11508583
v -0.30725913 -0.45531207 0.08974943
v 0.43760820 -0.13366240 0.14925187
v 0.46249728 -0.14500688 0.13163459
v 0.31209398 -0.28502235 0.19292223
v 0.33501122 -0.30372750 0.17937789
v -0.45582747 0.21734094 0.14063901
v -0.47391971 0.22842296 0.11597341
v 0.46704204 0.08385762 0.17081959
v 0.49204249 0.08956738 0.15079690
v -0.21269073 -0.45629311 0.13685644
v -0.22238785 -0.47533404 0.11232197
v -0.22088124 -0.41026637 0.17075407
v -0.23493326 -0.43286202 0.15203218
v -0.08989430 0.52526634 0.12481300
v -0.09367313 0.54333427 0.09802117
v 0.08432735 0.38875192 0.17480050
v 0.09398272 0.41525716 0.15859010
v -0.55382719 -0.04786474 0.07373274
v -0.56954203 -0.04938961 0.04528541
v -0.57716594 0.00084368 0.03506864
v -0.59488990 0.00059614 0.00778620
v 0.18114011 -0.36595209 0.18341767
v 0.19260402 -0.39340027 0.17023783
v -0.16164253 0.32692510 0.20490116
v -0.17426594 0.35555174 0.19597385
v -0.00330449 0.43750291 0.19017741
v -0.00560701 0.46655446 0.17571237
v -0.04101387 0.43562553 0.20010712
v -0.04496134 0.46307227 0.18308873
v -0.31811921 0.27417300 0.19899263
v -0.34106586 0.29367934 0.18668469
v -0.43841317 -0.03866258 0.18926429
v -0.46564341 -0.04185649 0.17174731
v -0.33802825 0.37934522 0.12121961
v -0.35679546 0.39377140 0.09889902
v -0.36260374 0.35756895 0.13630900
v -0.37778608 0.36989207 0.11030575
v -0.39305585 -0.37724008 0.08244220
v -0.40560751 -0.39150574 0.05603239
v 0.46416900 0.24158012 0.09745494
v 0.48561716 0.24784038 0.07380505
v 0.43838901 0.23069331 0.12241948
v 0.46191183 0.23827287 0.10125917
v 0.36451425 0.07885247 0.21627477
v 0.39545747 0.08593517 0.20914148
v 0.31544790 -0.24942054 0.20688836
v 0.34028770 -0.26692736 0.19526823
v 0.25213562 -0.23904732 0.21287837
v 0.27575413 -0.26039664 0.20617732
v -0.38228392 -0.01124602 0.20264210
v -0.41365206 -0.01188638 0.19403040
v -0.25898978 0.21052531 0.21834816
v -0.28335177 0.23167599 0.21414406
v -0.32110427 0.25384270 0.20574090
v -0.34497264 0.27259598 0.19402992
v -0.07235033 0.21076224 0.29277174
v -0.07679050 0.23922385 0.27764713
v -0.30286532 -0.17620884 0.19588507
v -0.32951551 -0.19046483 0.18384074
v -0.02723141 -0.35126974 0.20220758
v -0.02799474 -0.38193604 0.19136660
v 0.08676279 0.33060864 0.20753383
v 0.09585423 0.35956274 0.19580617
v -0.23185728 0.11954870 0.26514449
v -0.25036550 0.13227462 0.24160668
v -0.22349122 0.17287118 0.24157866
v -0.23955743 0.18748221 0.21735208
v -0.15859350 0.30623133 0.20977609
v -0.17096522 0.33444094 0.19930278
v 0.15035107 -0.31574725 0.20594897
v 0.16347480 -0.34383616 0.19608423
v 0.06765700 -0.24476304 0.27129100
v 0.07242854 -0.26612075 0.24721587
v 0.33289691 -0.09114863 0.20292272
v 0.36187953 -0.09930990 0.19059660
v 0.22334524 -0.15785972 0.25081729
v 0.24242271 -0.16925821 0.22705480
v 0.26905081 0.02311150 0.25626231
v 0.29113213 0.02716307 0.23271381
v -0.35885046 -0.29557546 0.14057824
v -0.37715947 -0.31540098 0.12240517
v 0.43374607 0.20282736 0.14606963
v 0.45916920 0.21030114 0.12719268
v 0.39028348 0.19766484 0.16737172
v 0.41660336 0.20678551 0.15056074
v 0.20105827 0.18548224 0.25077686
v 0.21831018 0.20211250 0.22876917
v -0.20216799 0.18705641 0.24820241
v -0.21852653 0.20239726 0.22463149
v -0.28033783 -0.00176467 0.24063674
v -0.30444020 -0.00192887 0.21878313
v -0.24780211 -0.08914789 0.26108820
v -0.26893578 -0.09561422 0.23721172
v 0.07409928 -0.20816863 0.28202426
v 0.08244422 -0.23698669 0.26943803
v 0.10512152 -0.49562166 0.14985135
v 0.10971900 -0.51666542 0.12546785
v -0.34229331 -0.01759006 0.21160302
v -0.37437987 -0.01843462 0.20628599
v -0.04758604 0.33440001 0.22399404
v -0.05114928 0.36660219 0.22101828
v 0.23049330 0.43634996 0.16582502
v 0.24386463 0.45436451 0.14226202
v -0.14763338 -0.20797949 0.26978249
v -0.15951468 -0.22737909 0.24652261
v -0.01446170 -0.23969827 0.26586866
v -0.01269520 -0.26860984 0.25105203
v -0.44965849 -0.16418864 0.15905780
v -0.47457280 -0.17063113 0.13915043
v 0.58544636 -0.00305175 0.02377586
v 0.60030774 -0.00254466 -0.00516225
v 0.57873564 -0.04644408 0.02609208
v 0.59622326 -0.04707531 -0.00133631
v -0.12354968 -0.40829413 0.16403186
v -0.13451154 -0.43461598 0.14836249
v 0.06877892 0.26201409 0.24675588
v 0.07915712 0.28625347 0.22769604
v -0.24742138 -0.13486152 0.23587394
v -0.27089585 -0.14452920 0.21552654
v 0.25715188 0.11651826 0.24141224
v 0.27880119 0.12781552 0.21991315
v 0.20699508 0.14656962 0.25403272
v 0.22891678 0.16614502 0.24007657
v -0.15598950 0.20462172 0.24896161
v -0.17407728 0.22746583 0.23448711
v -0.13702532 0.23887580 0.24602644
v -0.14533002 0.26112385 0.22378711
v 0.24882524 -0.03311890 0.26075179
v 0.27511024 -0.03083480 0.24171462
v 0.14140779 -0.24033369 0.23539681
v 0.15554714 -0.26495737 0.21951332
v 0.07775483 -0.44636906 0.19187327
v 0.08457500 -0.47431170 0.17666716
v 0.35756129 -0.40333934 0.08414039
v 0.37536544 -0.41703326 0.06060276
v 0.02006865 0.15315738 0.28763612
v 0.02235705 0.18533653 0.28341741
v -0.10567608 0.13670197 0.28056466
v -0.12618369 0.16130815 0.27486328
v 0.05015083 0.01989611 0.29252800
v 0.07957320 0.03374977 0.29349357
v -0.16117119 0.00585724 0.28741931
v -0.19358980 0.00734634 0.28510671
v -0.19754968 0.04840143 0.27624385
v -0.22534086 0.06166368 0.26574172
v 0.09780374 -0.14254493 0.27904292
v 0.11923970 -0.16632527 0.27325265
v -0.03067019 -0.18110434 0.27437414
v -0.03285622 -0.21291889 0.26792529
v -0.04237649 0.03486919 0.29089579
v -0.06413576 0.05905645 0.29110158
v -0.02818293 0.06069173 0.29381283
v -0.03902921 0.09113397 0.29757581
v 0.05511314 -0.06169249 0.29142536
v 0.07821543 -0.08418938 0.29575041
v 0.05997811 -0.01011786 0.29179091
v 0.09248708 -0.01134748 0.29222270
v -0.43409019 0.36338045 0.05757913
v -0.44560451 0.37388307 0.02901959
v 0.37386157 0.44260811 0.03627699
v 0.38331099 0.45339307 0.00707211
v 0.18343140 -0.55431722 0.02490037
v 0.18924508 -0.56866874 -0.00371373
v -0.15278519 0.56300825 0.02761361
v -0.15553034 0.57753068 -0.00137078
v 0.57483204 0.06197798 0.03453613
v 0.59033068 0.06433600 0.00602713
v -0.57415688 0.03658680 0.03459697
v -0.59173016 0.03661896 0.00721612
v -0.06827640 -0.57791847 0.02033702
v -0.07057453 -0.59733496 -0.00566778
v -0.28458865 -0.50746980 0.02697718
v -0.29277045 -0.52139371 -0.00126665
v 0.23107396 0.49875623 0.09518463
v 0.23719100 0.51188449 0.06605111
v 0.17501788 0.48371986 0.12417164
v 0.18783599 0.50268730 0.10105316
v -0.01104167 -0.50136005 0.13543630
v -0.00715324 -0.52318487 0.11162267
v 0.53176820 -0.18832776 0.05529979
v 0.54712797 -0.19548545 0.02752612
v 0.51204555 -0.22523619 0.07049780
v 0.52687294 -0.22999384 0.04193130
v -0.46850896 0.17814422 0.13365711
v -0.48824034 0.19139155 0.11143747
v -0.13140659 0.48807250 0.15295451
v -0.13337675 0.50943149 0.12849141
v 0.29381367 0.42397258 0.14700636
v 0.30612065 0.44287263 0.12355730
v 0.28464503 0.36062195 0.19268081
v 0.29979318 0.38336604 0.17502376
v 0.14162557 -0.48054194 0.15258757
v 0.14566092 -0.50079248 0.12744471
v 0.07357135 -0.48139216 0.17128452
v 0.08061993 -0.50238946 0.14745255
v -0.46994551 -0.16066507 0.14775446
v -0.49065852 -0.16582945 0.12320182
v -0.47633725 -0.21147046 0.10939165
v -0.49755115 -0.21713519 0.08538305
v -0.41473608 0.29725732 0.14402747
v -0.43190838 0.30836193 0.11872270
v 0.48451880 -0.00441796 0.14862472
v 0.50851542 -0.00025391 0.12705264
v -0.26109897 -0.44345325 0.13073834
v -0.27357329 -0.46006583 0.10569947
v -0.52442973 -0.00068839 0.11357346
v -0.54386214 -0.00355553 0.08763714
v -0.24175949 -0.40511851 0.17063131
v -0.25720537 -0.42704492 0.15221423
v -0.37776894 0.24612571 0.19432384
v -0.39801374 0.26199218 0.17440061
v -0.39436548 0.24974677 0.18076230
v -0.41616032 0.26538285 0.16234955
v -0.44313498 -0.05805481 0.18782409
v -0.47047417 -0.06297832 0.17088715
v 0.28889217 -0.28718598 0.19394122
v 0.31174006 -0.30756292 0.18292823
v 0.24780485 -0.27973303 0.19857639
v 0.26957624 -0.30144101 0.18793204
v 0.39137809 -0.33784857 0.12591796
v 0.40887713 -0.35002714 0.10134159
v 0.52388398 0.14861724 0.09553911
v 0.53984567 0.15267472 0.06748036
v 0.37793657 0.41846388 0.06708260
v 0.38825481 0.42930926 0.03819586
v 0.02659034 0.49057883 0.14251067
v 0.02169367 0.51539498 0.12204819
v -0.03359068 0.52773787 0.12149962
v -0.03480766 0.54680652 0.09516641
v -0.26301229 0.47304367 0.07413812
v -0.27136466 0.49470431 0.05134368
v -0.31228794 0.44671213 0.05720288
v -0.32769142 0.46532884 0.03541567
v -0.17518990 -0.49746868 0.09668930
v -0.18568817 -0.51689366 0.07279395
v -0.36973145 0.22644453 0.19950355
v -0.39290032 0.24389765 0.18476842
v -0.10347992 0.40559979 0.21052235
v -0.10893976 0.43508600 0.19790153
v 0.18685168 0.37690596 0.20668487
v 0.20113190 0.40291447 0.19333705
v 0.22313000 0.51321512 0.07560673
v 0.22832005 0.52711092 0.04664983
v -0.52507625 -0.11285043 0.10800756
v -0.54269376 -0.11507685 0.08074590
v 0.14279359 -0.35420496 0.20508007
v 0.15394727 -0.38296528 0.19473737
v 0.11796608 -0.28968457 0.21526273
v 0.13105101 -0.31893469 0.20962831
v -0.49893721 0.22484014 0.08900445
v -0.51376097 0.23234571 0.06103206
v -0.34172720 -0.12988698 0.20664695
v -0.37150227 -0.14076924 0.19932894
v 0.22826885 -0.26809871 0.20409194
v 0.24964630 -0.29000974 0.19307184
v -0.34718126 -0.03602223 0.21247732
v -0.37927133 -0.03844467 0.20769294
v 0.31184787 -0.14254225 0.21530410
v 0.34101156 -0.15507312 0.20816350
v -0.12894706 -0.31345600 0.20696823
v -0.14055422 -0.34342582 0.20190706
v -0.15012590 -0.35407215 0.19931437
v -0.16278130 -0.38180549 0.18794624
v 0.37973547 0.16272457 0.19247915
v 0.40694545 0.17204406 0.17727075
v -0.26565293 0.35981797 0.14423915
v -0.28413593 0.37971673 0.12632407
v -0.45875434 0.01455636 0.16274293
v -0.48613119 0.01173555 0.14539120
v -0.42423674 0.04387349 0.16448530
v -0.45295157 0.04409182 0.14919012
v 0.02865607 0.47052971 0.15441107
v 0.02565249 0.49785857 0.13701442
v 0.43182142 0.18580933 0.15838573
v 0.45790498 0.19336971 0.14046868
v 0.43864987 0.04844604 0.18818046
v 0.46611842 0.05322693 0.17141283
v -0.15755024 -0.40727040 0.17374019
v -0.17034162 -0.43319535 0.15881339
v -0.21103796 -0.39482368 0.18180588
v -0.22532217 -0.41839181 0.16451320
v -0.13600585 -0.44958659 0.13637234
v -0.14708421 -0.47393198 0.11784928
v 0.48457334 -0.10807603 0.10125875
v 0.50906664 -0.11666268 0.08164041
v 0.45888272 -0.08245224 0.12549180
v 0.48520034 -0.08327707 0.10638070
v 0.41449523 0.21649160 0.14460547
v 0.43962640 0.22503019 0.12578930
v -0.34730469 -0.38283806 0.12192611
v -0.36068484 -0.39890521 0.09699922
v 0.21187490 0.20578044 0.22499521
v 0.23521786 0.22825141 0.22204673
v 0.02459834 -0.32468134 0.21510444
v 0.02713747 -0.35701611 0.21254577
v -0.27857149 0.13253790 0.21878572
v -0.30756757 0.14686262 0.21524155
v 0.11643194 0.53854712 0.05101801
v 0.12319151 0.56136854 0.02883642
v 0.09423463 0.51714879 0.07601574
v 0.09554900 0.54176769 0.05478572
v -0.29095951 -0.10427292 0.21464963
v -0.32146167 -0.11513065 0.21144655
v -0.21854628 -0.21174496 0.21341976
v -0.24194145 -0.23391331 0.20897432
v 0.09110351 -0.28427357 0.21739726
v 0.10183780 -0.31488990 0.21495861
v 0.21056010 -0.21475454 0.21841189
v 0.23363225 -0.23728468 0.21409906
v 0.27280240 -0.14209295 0.22048344
v 0.30205423 -0.15597921 0.21731576
v 0.34286972 0.01072665 0.21619859
v 0.37459340 0.01238792 0.20917152
v 0.03458259 0.30334313 0.22131956
v 0.03849415 0.33413769 0.21157655
v -0.21517280 0.20957738 0.21989259
v -0.23756164 0.23289000 0.21617862
v -0.11752346 -0.29402940 0.21200528
v -0.12898456 -0.32355927 0.20457819
v 0.11187479 0.36833583 0.19532501
v 0.12333914 0.39617079 0.18298341
v 0.14584069 0.38604904 0.19710928
v 0.15920560 0.41269148 0.18406738
v 0.32211764 -0.26824403 0.19837321
v 0.34618819 -0.28550253 0.18490901
v -0.04873885 0.16029389 0.30587082
v -0.05609975 0.19197761 0.30517016
v 0.09852465 0.11937565 0.30697378
v 0.11880580 0.14475200 0.30877595
v -0.06047606 -0.52682033 0.08270715
v -0.06004851 -0.55057285 0.06047729
v 0.00830473 -0.43374029 0.18677517
v 0.01125700 -0.46238094 0.17162495
v -0.18348341 0.42189829 0.17335408
v -0.18893979 0.44704141 0.15343968
v 0.36513938 0.34514366 0.14474130
v 0.37514250 0.36525841 0.12120693
v 0.42019154 -0.16594477 0.17193897
v 0.44409194 -0.17851301 0.15379119
v 0.20387524 -0.43903734 0.14547571
v 0.21071755 -0.46523281 0.12743377
v 0.25377795 -0.01148864 0.26409192
v 0.27963291 -0.00919166 0.24447619
v -0.21970001 0.11871003 0.27812643
v -0.23707658 0.13254407 0.25435237
v -0.24929529 0.38656518 0.13076606
v -0.26002831 0.41118977 0.11240949
v 0.17352684 -0.14960694 0.28502390
v 0.19802483 -0.16550505 0.27068409
v -0.14074336 -0.18748216 0.27942419
v -0.15626720 -0.21107861 0.26327646
v 0.05911735 -0.22465310 0.28188273
v 0.06604511 -0.25226591 0.26613248
v -0.22998258 0.32173400 0.17432675
v -0.24824083 0.34320027 0.15806737
v 0.54499596 -0.15255022 0.04349760
v 0.56377791 -0.15795647 0.01748716
v 0.52503993 -0.12795446 0.06684651
v 0.54621397 -0.13599153 0.04348849
v 0.25995353 -0.32791880 0.16937879
v 0.28055548 -0.34747645 0.15351721
v -0.41281058 0.06024957 0.16218803
v -0.44053354 0.06182314 0.14523241
v 0.38760033 -0.08969713 0.17289974
v 0.41425779 -0.09839606 0.15640003
v 0.37663904 -0.05815139 0.18470097
v 0.40567511 -0.05999587 0.17013950
v -0.30080971 -0.25307992 0.18319729
v -0.32210140 -0.27369866 0.16977852
v 0.08792580 0.23748862 0.26741536
v 0.09871594 0.26027179 0.24684763
v 0.05062797 0.22771913 0.26377258
v 0.06148505 0.25643770 0.25300694
v 0.23193453 0.16742985 0.23361468
v 0.25493351 0.18383526 0.21747649
v 0.18335328 0.18343868 0.26705969
v 0.19742783 0.20094020 0.24351960
v -0.04093715 0.23419710 0.28970587
v -0.04476385 0.25790473 0.26775511
v 0.21976125 -0.00522926 0.28645635
v 0.24858644 -0.00101897 0.27196796
v -0.17608981 -0.17117992 0.26502742
v -0.19413489 -0.19281707 0.24875656
v -0.25173823 0.05667119 0.24687891
v -0.27952169 0.06614210 0.23284633
v 0.24186516 -0.06755522 0.25862218
v 0.26658273 -0.07783091 0.24012939
v 0.24183586 -0.08648114 0.25940828
v 0.26582442 -0.09653367 0.23986276
v -0.13244441 -0.22613662 0.26360004
v -0.14435473 -0.24397272 0.23913476
v 0.15341944 -0.15823670 0.28252510
v 0.17786805 -0.17588515 0.27030504
v 0.12582746 -0.20898895 0.25330084
v 0.13945042 -0.23590555 0.24111712
v -0.06185008 -0.24794832 0.24554397
v -0.07064099 -0.27619530 0.23200293
v -0.03190902 -0.26447073 0.24786654
v -0.03218330 -0.28935462 0.22690828
v 0.12120721 0.30833343 0.21900040
v 0.13277076 0.33846606 0.21489668
v 0.18653042 -0.26629715 0.20961372
v 0.20477536 -0.28872682 0.19469515
v -0.33629636 0.08484240 0.19960796
v -0.36502284 0.09381130 0.18724350
v 0.32733166 0.29677160 0.18024481
v 0.34471762 0.31964770 0.16498230
v 0.31119165 0.26395016 0.18855595
v 0.33148234 0.28546950 0.17500097
v -0.05583838 -0.32296134 0.20630585
v -0.05919594 -0.35162442 0.19128297
v 0.12217772 -0.56540016 0.03647927
v 0.12523055 -0.58115129 0.00817531
v 0.15791829 0.09045375 0.28287403
v 0.18683618 0.10432093 0.27739787
v 0.00578508 0.13666088 0.29515716
v 0.00754178 0.16914841 0.29523692
v -0.12204550 0.15053569 0.28024155
v -0.14384453 0.17295920 0.27126823
v -0.06779147 0.10672928 0.28991675
v -0.08203389 0.13589389 0.28765603
v -0.21677597 0.02868540 0.26565467
v -0.24755384 0.03041512 0.25524974
v 0.06523736 -0.11970883 0.28421501
v 0.08109021 -0.14788729 0.28058271
v 0.57285755 -0.08937239 0.02183715
v 0.59346551 -0.09283445 -0.00309993
v -0.04939906 0.57585457 0.03791785
v -0.05007690 0.59054873 0.00889796
v 0.04072200 -0.57595331 0.03609649
v 0.04190306 -0.59164005 0.00761732
v -0.57503363 -0.03786715 0.03755951
v -0.59103055 -0.03807644 0.00922956
v 0.49472299 -0.30051507 0.03622756
v 0.50723460 -0.30930103 0.00750826
v 0.25597767 0.52645921 0.02478130
v 0.26152215 0.53972487 -0.00440453
v -0.28085180 0.50269463 0.03143231
v -0.28837369 0.51956564 0.00464944
v -0.29485922 -0.48147196 0.06038415
v -0.30453873 -0.49397496 0.03194977
v 0.57886812 0.08740951 0.02279372
v 0.59414159 0.09122193 -0.00567939
v 0.54564741 0.11882049 0.07638697
v 0.56105809 0.12047855 0.04778114
v -0.19612735 0.53209851 0.05783078
v -0.20129544 0.54674405 0.02924179
v 0.31635200 0.44222065 0.11485870
v 0.32241300 0.45527728 0.08568130
v 0.40596385 -0.41864524 0.02645476
v 0.41778521 -0.42929809 -0.00192312
v 0.44239635 -0.32619629 0.09149757
v 0.45656621 -0.33260701 0.06292049
v -0.46659185 -0.02391669 0.16967381
v -0.49287616 -0.02613934 0.15062844
v -0.40770016 0.39356718 0.05782088
v -0.41812545 0.40441814 0.02897471
v 0.38041597 0.39461270 0.09693699
v 0.39090847 0.40623457 0.06841733
v 0.06371487 -0.53504665 0.10643598
v 0.06776546 -0.55098896 0.07836523
v 0.04920574 -0.54451121 0.09124450
v 0.05233470 -0.56023866 0.06293569
v 0.13344731 -0.50841380 0.12504904
v 0.13593547 -0.52740736 0.09875102
v 0.19364772 0.43325695 0.17440934
v 0.20641929 0.45613201 0.15511814
v -0.40060247 -0.41574513 0.03435830
v -0.41269371 -0.42815756 0.00682169
v 0.52845691 0.20096767 0.05864466
v 0.54311023 0.20797774 0.03045476
v 0.02706469 -0.50246659 0.14421235
v 0.03036677 -0.52308874 0.11926531
v -0.45113590 0.31628792 0.09229056
v -0.46457049 0.32338988 0.06352243
v -0.22691994 -0.51259471 0.06222025
v -0.23388501 -0.52812735 0.03449379
v -0.17869744 -0.54675724 0.03304438
v -0.18479725 -0.56396192 0.00611256
v 0.10496537 -0.41006464 0.20325736
v 0.11227806 -0.43963587 0.19182937
v 0.13933712 -0.42883594 0.18686943
v 0.14663394 -0.45512920 0.16915072
v -0.24977524 0.45080202 0.10178307
v -0.25725979 0.47357300 0.07978316
v 0.08892215 0.47874625 0.10883184
v 0.08996187 0.50479858 0.08937094
v 0.37604402 -0.37243972 0.10687675
v 0.39244620 -0.38579619 0.08215621
v -0.01681056 -0.54307703 0.08697829
v -0.01244703 -0.56169649 0.06065706
v -0.13914431 -0.48143376 0.10839966
v -0.14941197 -0.50463680 0.08803484
v -0.28076524 0.40172051 0.10612515
v -0.29812153 0.42108416 0.08657164
v -0.40727511 0.15734078 0.17972371
v -0.43218048 0.17140689 0.16421891
v -0.06275063 0.54101050 0.10534283
v -0.06567104 0.55539210 0.07630540
v 0.01149130 0.52335575 0.11766743
v 0.00822130 0.54465676 0.09329314
v -0.39663379 -0.32576822 0.10329319
v -0.41116362 -0.34328436 0.08004236
v -0.41415877 -0.28802506 0.09119523
v -0.43354502 -0.30490943 0.07125474
v -0.52741751 -0.06380985 0.11160074
v -0.54619792 -0.06852652 0.08545536
v -0.55256589 -0.06768924 0.07363935
v -0.56816876 -0.07033090 0.04521219
v 0.43446892 0.27736285 0.08520574
v 0.45657288 0.28836387 0.06401790
v 0.40446926 0.24671226 0.12505624
v 0.42828036 0.25713102 0.10548554
v 0.53966762 -0.08925174 0.05841265
v 0.56123216 -0.08922050 0.03405077
v 0.39629886 0.40846719 0.05789399
v 0.40586374 0.41874032 0.02854254
v -0.41947287 0.33464851 0.10794392
v -0.43323895 0.34612410 0.08078996
v -0.43895546 0.21462118 0.15618057
v -0.45930253 0.22644652 0.13371527
v 0.42161260 -0.25288879 0.16309024
v 0.43895548 -0.26537233 0.13855624
v 0.31192483 0.38467794 0.16592500
v 0.32376182 0.40310447 0.14186506
v -0.16268982 0.42014542 0.18447561
v -0.16971858 0.44670039 0.16704111
v -0.18460097 0.43924927 0.16091943
v -0.19112714 0.46555959 0.14292753
v 0.13364375 -0.46419082 0.16780846
v 0.13944437 -0.48796605 0.14636964
v 0.16238317 -0.47955662 0.14323166
v 0.16811798 -0.49928759 0.11800603
v -0.09288039 -0.33488609 0.19764903
v -0.10143696 -0.36367684 0.18514265
v -0.29649991 0.28139583 0.19815090
v -0.31896661 0.30211186 0.18698734
v 0.29231940 -0.15293766 0.21866240
v 0.32127817 -0.16698263 0.21390206
v 0.20963136 0.26537627 0.22562260
v 0.23008372 0.29054286 0.22300048
v 0.06536737 0.24424694 0.26305309
v 0.07680787 0.26700691 0.24281377
v 0.22253225 -0.05638133 0.26244960
v 0.25173464 -0.06582938 0.25165672
v 0.43919324 0.10912257 0.18622858
v 0.46539931 0.11398107 0.16756930
v 0.45131374 -0.05112533 0.14787434
v 0.47850164 -0.04964617 0.13006530
v 0.10769944 -0.19947329 0.26670808
v 0.11927927 -0.22744441 0.25478938
v -0.43007028 -0.09766065 0.19380691
v -0.45718217 -0.10198572 0.17634921
v -0.02633012 -0.20144150 0.27522650
v -0.02473430 -0.23214367 0.26457935
v 0.28357345 -0.39003665 0.11649593
v 0.30210065 -0.40858876 0.09723213
v -0.48794779 0.08887989 0.09854569
v -0.51378969 0.09064081 0.07885744
v -0.50365377 0.14525193 0.09018143
v -0.52514763 0.15544059 0.06798375
v 0.35477052 -0.43671645 0.05077234
v 0.36787943 -0.44868990 0.02350836
v 0.18207985 0.46963029 0.14269623
v 0.19616272 0.48790804 0.11975874
v 0.07843651 0.06032928 0.29348045
v 0.10308858 0.08155218 0.29285136
v -0.27990684 -0.25264214 0.19391195
v -0.30223050 -0.27384523 0.18339457
v 0.31636609 0.13896819 0.21335914
v 0.34497089 0.15089156 0.20345306
v 0.29220125 0.10470721 0.22281360
v 0.32221896 0.11609010 0.21753168
v -0.17257989 0.38544486 0.18935116
v -0.18239286 0.41410200 0.17747657
v 0.03007108 -0.43929756 0.18888058
v 0.03429557 -0.46769823 0.17358068
v -0.33062234 0.17508994 0.21231194
v -0.35833364 0.19068379 0.20542371
v 0.53787458 -0.11892942 0.05124742
v 0.56083318 -0.12569828 0.02921070
v 0.51180523 -0.08146155 0.08708923
v 0.53564090 -0.08120564 0.06494590
v 0.44687345 0.31023676 0.05927096
v 0.46487300 0.32652091 0.03760590
v 0.43093373 0.35443269 0.06362094
v 0.44148529 0.36806322 0.03602738
v 0.19050857 0.49599077 0.10989348
v 0.20326238 0.51290250 0.08519802
v -0.24187061 -0.30915859 0.20515869
v -0.26048832 -0.33368114 0.19464409
v -0.28062625 0.45579884 0.07192509
v -0.28935667 0.47772710 0.04953173
v -0.29553241 0.47622713 0.04764269
v -0.30317014 0.49460971 0.02190793
v -0.02928729 0.12877696 0.30286925
v -0.03490469 0.16036827 0.30825117
v 0.06691456 0.39509709 0.17357948
v 0.06848513 0.42322450 0.15730329
v 0.01385648 0.44569834 0.17963710
v 0.01041723 0.47328989 0.16274304
v -0.27053134 -0.15524439 0.21148003
v -0.29743896 -0.17020459 0.20095844
v -0.26602662 -0.11429463 0.23318433
v -0.28666356 -0.12389569 0.20993636
v -0.36334703 -0.12344657 0.20453531
v -0.39324777 -0.13299334 0.19597161
v 0.38659301 0.12898231 0.20222665
v 0.41473420 0.13778676 0.18847577
v -0.48524523 -0.26558667 0.06057934
v -0.50380919 -0.27176565 0.03458451
v -0.45210238 -0.29175683 0.06171567
v -0.47389899 -0.30285305 0.04026076
v 0.21657166 0.16793808 0.24799218
v 0.23356526 0.18498978 0.22610638
v 0.23438936 0.20473040 0.22175443
v 0.25764864 0.22589157 0.21340326
v -0.34985687 -0.18390531 0.18153700
v -0.37724968 -0.19575656 0.16858658
v -0.01857834 -0.31463772 0.21279120
v -0.01974631 -0.34599207 0.20418465
v -0.03078815 -0.27953062 0.23529707
v -0.03103509 -0.30498730 0.21503804
v 0.29309003 -0.08741339 0.21882420
v 0.32293685 -0.09548596 0.20869835
v 0.25905614 -0.09506902 0.24565638
v 0.28159478 -0.10486092 0.22433362
v -0.39316539 0.06478691 0.17028153
v -0.42116223 0.06710120 0.15386955
v 0.32625778 0.20501293 0.18211822
v 0.35139474 0.21778475 0.16588414
v 0.31743757 0.22033193 0.18179544
v 0.33858424 0.23935590 0.16600182
v -0.15148582 0.26401648 0.21966873
v -0.16613493 0.29147183 0.21017457
v 0.10011541 0.25183117 0.25386048
v 0.11057763 0.27283411 0.23132273
v -0.26781072 0.09797140 0.23697970
v -0.29019088 0.10618732 0.21484017
v -0.29955093 0.07874036 0.21457666
v -0.32920995 0.08750268 0.20447240
v -0.07886424 -0.43276413 0.14141165
v -0.08016087 -0.46014808 0.12389108
v -0.06283454 -0.12259174 0.29456097
v -0.07773821 -0.15150876 0.29409381
v -0.38468051 -0.03244827 0.20582884
v -0.41601008 -0.03481651 0.19738011
v -0.23157710 0.30251642 0.18580908
v -0.25039193 0.32510984 0.17187815
v -0.21438446 0.33008698 0.17530318
v -0.22647095 0.35567153 0.15924455
v -0.17053804 -0.24227072 0.21570147
v -0.18915629 -0.26882831 0.21313507
v -0.31142881 -0.05201730 0.21615066
v -0.34366397 -0.05624679 0.21491079
v -0.28588342 -0.02704516 0.23600561
v -0.30762818 -0.02723348 0.21180515
v 0.38024284 -0.27386785 0.17868721
v 0.40305855 -0.28679498 0.15942937
v -0.18748696 -0.33882738 0.20444534
v -0.20277043 -0.36634917 0.19622963
v 0.27316926 0.00163706 0.25160949
v 0.29510080 0.00420729 0.22771528
v 0.29087034 0.04203006 0.22462808
v 0.32291224 0.04717147 0.22230126
v 0.53466835 -0.16435794 0.05770921
v 0.55059311 -0.17167626 0.03029797
v 0.51979264 -0.20000343 0.07141145
v 0.53420408 -0.20852618 0.04351513
v -0.23686546 0.17729162 0.22101934
v -0.26223999 0.19761602 0.21976093
v -0.18942108 0.12551817 0.29127767
v -0.21250129 0.14149340 0.27482690
v 0.23200069 0.09785058 0.26713946
v 0.25588789 0.10722933 0.24714015
v -0.05843094 0.29717786 0.22530203
v -0.06399396 0.32921218 0.22412433
v -0.36864411 -0.31407211 0.13050818
v -0.38552287 -0.33392028 0.11102256
v -0.52009729 -0.13630829 0.10511520
v -0.53748175 -0.13916082 0.07776240
v -0.04836798 -0.34468242 0.19721094
v -0.05137146 -0.37479080 0.18525285
v -0.06631400 -0.55484973 0.05166502
v -0.06660921 -0.57543077 0.02646848
v 0.45451043 0.32638511 0.04966437
v 0.46828652 0.34056878 0.02382691
v -0.34730908 0.22793282 0.20486072
v -0.37320383 0.24589430 0.19677500
v 0.38856375 -0.00347162 0.20165103
v 0.41847748 -0.00154540 0.18900231
v -0.26759400 0.00050771 0.25563743
v -0.28931135 0.00082616 0.23141374
v 0.27146008 -0.27289254 0.20236533
v 0.29421607 -0.29304933 0.19077220
v 0.09611258 -0.12469952 0.28834712
v 0.11900654 -0.14750373 0.28455683
v -0.12711300 0.17109485 0.26858220
v -0.14754767 0.19436381 0.25860666
v -0.12234177 0.20442058 0.26569265
v -0.13131584 0.23179326 0.25056869
v -0.03283024 0.17450033 0.30795437
v -0.03873684 0.20606569 0.30273214
v -0.06075833 0.19600894 0.30314741
v -0.06456089 0.22528285 0.28946859
v 0.34947588 -0.14583954 0.20560431
v 0.37791282 -0.15800427 0.19551017
v -0.19677743 0.06628236 0.28366791
v -0.22369831 0.08117797 0.27308874
v 0.14894563 -0.37434827 0.19830060
v 0.16043459 -0.40335344 0.18906830
v 0.01155949 0.03974293 0.29182283
v 0.02291532 0.07021586 0.29281163
v 0.48341350 0.01720119 0.15466311
v 0.50749810 0.02067587 0.13306704
v 0.46389489 0.02363425 0.16975664
v 0.48992417 0.02693692 0.15051865
v -0.21309952 0.27162925 0.20330997
v -0.23185064 0.29524242 0.19108928
v -0.24512539 -0.38685632 0.18295446
v -0.26144218 -0.40838609 0.16482263
v 0.00247830 0.41712367 0.19677566
v 0.00111357 0.44703751 0.18405437
v 0.49244605 -0.27060943 0.06607382
v 0.50552807 -0.27824677 0.03728036
v 0.17548803 -0.52088441 0.08713020
v 0.18084164 -0.53552352 0.05857207
v 0.24904272 -0.50068723 0.06110032
v 0.25453682 -0.51728870 0.03366425
v 0.37130248 0.38360135 0.11491493
v 0.38440016 0.39789537 0.08878710
v 0.19785031 0.52160887 0.07514516
v 0.20707183 0.53462148 0.04678731
v 0.16305762 0.53815326 0.05667026
v 0.17085234 0.55264933 0.02860537
v 0.18439488 -0.41124924 0.17053823
v 0.19261944 -0.43775680 0.15356066
v 0.54094407 -0.01564894 0.08827803
v 0.56031441 -0.01137188 0.06248989
v -0.31274482 -0.46506538 0.06737488
v -0.32175534 -0.47949302 0.03964069
v -0.50517600 -0.18170537 0.09955610
v -0.52348165 -0.18610881 0.07302226
v -0.12956499 0.52338853 0.11272490
v -0.12987284 0.54113433 0.08545727
v -0.14661622 0.45469650 0.17299009
v -0.15103061 0.47870482 0.15148090
v 0.48849333 0.25411926 0.06802701
v 0.50648381 0.26062093 0.04170967
v 0.02933527 -0.47345202 0.16849620
v 0.03389089 -0.49935660 0.14934599
v 0.41711640 0.11032163 0.19512993
v 0.44544358 0.11639828 0.18032531
v 0.54511143 -0.10070954 0.04581809
v 0.56850607 -0.10411097 0.02346518
v -0.52347353 0.24163249 0.03862057
v -0.53789061 0.24818315 0.01019930
v -0.45484566 0.16522234 0.14253901
v -0.47799896 0.17833642 0.12381796
v -0.16611346 0.52345817 0.09339008
v -0.16891599 0.53819513 0.06451969
v 0.39917085 0.38122207 0.08811237
v 0.40700530 0.39344992 0.05899824
v 0.30166554 0.48461863 0.05822348
v 0.31086698 0.49495868 0.02877949
v 0.26643810 0.49415598 0.07339073
v 0.27413558 0.50570987 0.04396645
v 0.28112927 -0.40856183 0.09957968
v 0.29877052 -0.42767595 0.08003567
v -0.06327758 0.55797384 0.07158748
v -0.06573403 0.57201980 0.04234353
v 0.40823720 -0.35783403 0.09392466
v 0.42281866 -0.36784611 0.06661769
v -0.38908793 0.36048904 0.11205021
v -0.40379819 0.37422004 0.08648461
v 0.26077441 0.47642747 0.11082225
v 0.26952646 0.48806094 0.08172593
v -0.24180958 -0.46939193 0.10998962
v -0.25117882 -0.48694268 0.08424628
v -0.46600582 0.32810220 0.05551601
v -0.47914492 0.33538493 0.02665674
v -0.50346187 0.27814738 0.04098651
v -0.51633049 0.28661418 0.01232917
v -0.00515942 0.56661684 0.06125975
v -0.00554929 0.58065619 0.03191224
v -0.46808869 -0.19823950 0.12789488
v -0.48926287 -0.20247492 0.10355875
v -0.40454316 -0.13073306 0.19255191
v -0.43292787 -0.13850396 0.17867916
v -0.55818014 -0.10304367 0.05658388
v -0.57321484 -0.10544320 0.02783094
v -0.35910349 0.39495253 0.09565029
v -0.37676133 0.40858553 0.07196752
v -0.23475970 0.26341200 0.20689018
v -0.25564902 0.28588877 0.19607522
v -0.02953921 0.50272519 0.15094617
v -0.03170369 0.52354820 0.12604137
v 0.17120759 0.43751392 0.16861099
v 0.18594097 0.46061705 0.15106948
v 0.57048632 0.10095724 0.03698397
v 0.58496637 0.10626208 0.00833578
v -0.15683235 -0.52504786 0.06586760
v -0.16481251 -0.54385193 0.04054457
v -0.26276210 -0.51234867 0.03712092
v -0.26994743 -0.52690488 0.00892483
v 0.47053986 0.12518779 0.16085328
v 0.49292140 0.13005587 0.13774701
v 0.50304018 0.07452068 0.14057416
v 0.52353896 0.08072416 0.11608235
v 0.51420613 -0.04658413 0.10335113
v 0.53670923 -0.04344612 0.08006389
v 0.03083050 0.42859817 0.17799662
v 0.02879023 0.45732508 0.16285945
v -0.43149378 0.29952422 0.12636945
v -0.44884288 0.31015000 0.10097981
v -0.49991615 -0.11308174 0.13742903
v -0.52069837 -0.11615676 0.11258601
v -0.30746556 -0.34894092 0.16870959
v -0.32380932 -0.36967408 0.14969515
v 0.19090588 -0.32846553 0.18378844
v 0.20485290 -0.35454209 0.17022286
v 0.20575077 -0.29635561 0.19148816
v 0.22430949 -0.31803258 0.17586080
v 0.31415440 -0.32239952 0.17317914
v 0.33567845 -0.33802352 0.15444048
v 0.27938639 -0.33468112 0.16396263
v 0.30050203 -0.35371905 0.14814432
v 0.46792281 -0.03873063 0.14406254
v 0.49438359 -0.03617591 0.12530533
v 0.43554686 -0.04297512 0.16198222
v 0.46352392 -0.04167382 0.14542556
v -0.54110236 -0.17166626 0.05255293
v -0.55623544 -0.17613097 0.02409967
v -0.53376344 -0.21474013 0.03787346
v -0.55014436 -0.22089755 0.01044567
v -0.36387906 0.45506963 0.02044551
v -0.37509378 0.47020337 -0.00608244
v 0.43522052 -0.18102403 0.16113106
v 0.45896365 -0.19402828 0.14308432
v 0.41226729 -0.21465705 0.17540134
v 0.43546788 -0.22769343 0.15668457
v -0.43900856 0.01225039 0.17485050
v -0.46756325 0.01029821 0.15937954
v -0.24742138 0.34985820 0.15291858
v -0.26549531 0.37031514 0.13521608
v -0.28586007 0.35330050 0.14937347
v -0.30570331 0.37251347 0.13217931
v 0.05451664 -0.51980099 0.12452561
v 0.05925487 -0.54008066 0.09952928
v -0.44100455 -0.34368990 0.04908896
v -0.45635581 -0.35714427 0.02375419
v -0.41959670 -0.37620829 0.05334296
v -0.43148668 -0.38899685 0.02589094
v -0.24998160 0.40836544 0.12218667
v -0.25966146 0.43296505 0.10322116
v -0.35917237 -0.25305646 0.14211930
v -0.37963769 -0.27111190 0.12440762
v -0.19912142 0.40090700 0.16854662
v -0.20615248 0.42787311 0.15175600
v 0.48230703 -0.17909233 0.11858208
v 0.50157862 -0.19033756 0.09490334
v -0.26470502 -0.37284276 0.18273590
v -0.27854968 -0.39606832 0.16464085
v -0.47976555 0.03488481 0.13666442
v -0.50629787 0.03277885 0.11795259
v 0.27979632 0.38210511 0.18699094
v 0.29381772 0.40443242 0.16792727
v 0.24903077 0.35609355 0.20946055
v 0.26486906 0.38039845 0.19473125
v 0.09694229 -0.52194892 0.12078543
v 0.10203376 -0.54054230 0.09457676
v 0.37436845 -0.42186310 0.05288796
v 0.38781129 -0.43331655 0.02556325
v 0.33875590 -0.41513890 0.08052003
v 0.35551195 -0.42961284 0.05668158
v -0.07758974 -0.48816825 0.10601034
v -0.07735290 -0.51348157 0.08557234
v -0.10874176 -0.49559123 0.08867062
v -0.11663700 -0.51986944 0.06850220
v 0.54864610 -0.13056493 0.04275032
v 0.56808034 -0.13666341 0.01738005
v -0.27792603 0.49051394 0.04770010
v -0.28583361 0.50784840 0.02132742
v -0.21111121 -0.42603026 0.16127742
v -0.22411303 -0.44902831 0.14228864
v -0.29756923 0.42477824 0.08176600
v -0.31382339 0.44354705 0.06074063
v -0.32024425 0.38791866 0.11714393
v -0.33867134 0.40277285 0.09482069
v 0.27992482 -0.50056926 0.03180144
v 0.28912881 -0.51832499 0.00613917
v 0.10217670 -0.57593982 0.02612344
v 0.10588184 -0.59005371 -0.00295579
v 0.09761169 -0.55217497 0.07042668
v 0.10165037 -0.56756699 0.04204876
v 0.37826985 0.22860218 0.14864600
v 0.40298468 0.23993862 0.13077998
v -0.47765131 -0.31003148 0.03064343
v -0.49755666 -0.32199553 0.00785812
v 0.45753945 0.29207753 0.05983804
v 0.47882228 0.30316257 0.03786772
v 0.30557448 0.02355381 0.22297019
v 0.33769593 0.02644946 0.21868538
v -0.29359757 0.16677043 0.21834961
v -0.32156325 0.18301324 0.21479667
v 0.23279516 -0.18383264 0.22081715
v 0.25869070 -0.20344833 0.21903456
v -0.08366410 0.32451372 0.22399685
v -0.09158935 0.35595347 0.22130171
v -0.52083426 0.11450059 0.06779833
v -0.54389599 0.12261102 0.04632954
v 0.33979372 0.17034693 0.19604842
v 0.36762782 0.18264281 0.18453294
v -0.32469019 0.35670605 0.14508629
v -0.34555416 0.37384355 0.12693326
v 0.36934161 -0.11910853 0.19077777
v 0.39705288 -0.12997048 0.17763870
v 0.23478339 -0.43147830 0.12154085
v 0.24437271 -0.45617025 0.10264947
v -0.14845335 -0.43700799 0.15083973
v -0.16096339 -0.46089226 0.13263060
v -0.18523298 -0.45667111 0.13917874
v -0.19812797 -0.47760438 0.11787031
v -0.05287661 -0.54512156 0.06936495
v -0.05168721 -0.56518538 0.04378057
v -0.09587607 -0.53072848 0.06116450
v -0.09752107 -0.55518911 0.03977517
v -0.21406935 -0.24886218 0.21201813
v -0.23537357 -0.27314288 0.20813105
v 0.42481168 -0.07889613 0.14944031
v 0.45195099 -0.08016693 0.13154130
v -0.22719812 -0.32639371 0.20578654
v -0.24441150 -0.35156199 0.19443802
v 0.09185575 0.36930908 0.18831145
v 0.10143829 0.39719668 0.17456414
v 0.05251276 0.38178732 0.18610768
v 0.05464590 0.41106882 0.17208717
v -0.00111875 0.29741565 0.22380268
v -0.00047052 0.32978944 0.22063264
v -0.23823881 -0.21180387 0.21092633
v -0.26130507 -0.23259120 0.20121211
v -0.23686224 -0.17323655 0.22344889
v -0.26006958 -0.18924638 0.20721202
v -0.17678392 0.21556203 0.24135426
v -0.19326706 0.23404868 0.22025730
v -0.21485833 0.23071377 0.21778970
v -0.23580849 0.25398156 0.20894480
v -0.09763639 -0.42909467 0.14201833
v -0.10648920 -0.45495765 0.12437560
v -0.09660948 -0.37309398 0.17821780
v -0.10529745 -0.40100636 0.16393669
v 0.16649819 -0.23451409 0.22834173
v 0.18339648 -0.25716643 0.21222184
v -0.31820423 0.00958766 0.21155911
v -0.35024769 0.01187917 0.20641153
v 0.04086072 -0.36387276 0.21365963
v 0.04453704 -0.39589258 0.20921580
v 0.07651984 -0.34628622 0.21740692
v 0.08438991 -0.37763263 0.21366577
v -0.09063699 -0.29608571 0.21192330
v -0.09952654 -0.32616804 0.20328842
v -0.33827451 0.28660526 0.19089242
v -0.35953052 0.30322804 0.17271559
v -0.34132528 0.24774182 0.20373667
v -0.36614871 0.26551555 0.19249285
v 0.32846281 0.31836880 0.18091849
v 0.34221280 0.34009422 0.16098170
v 0.30833663 0.33025333 0.19082661
v 0.32541290 0.35118629 0.17269531
v 0.16819252 -0.38014980 0.18927564
v 0.17849854 -0.40824882 0.17651779
v -0.38998591 0.08321289 0.16944843
v -0.41656668 0.09246114 0.15312471
v 0.05638801 -0.30414933 0.21720337
v 0.06254311 -0.33608711 0.21799362
v 0.03947358 -0.28155328 0.23721912
v 0.04292877 -0.30235625 0.21244353
v 0.03237548 0.39030451 0.19277917
v 0.03244457 0.42022594 0.18000284
v 0.27906986 0.19497009 0.20610971
v 0.30142041 0.21270980 0.19048003
v 0.51936511 0.01340075 0.11940413
v 0.54058743 0.01513007 0.09480425
v 0.52096255 0.04936374 0.11861869
v 0.54181426 0.05343378 0.09397781
v -0.13479007 0.37673910 0.20887017
v -0.14366184 0.40598762 0.19771904
v 0.25775835 0.44971979 0.14179963
v 0.27081199 0.46638564 0.11709369
v 0.42879057 0.38653220 0.03592392
v 0.43921085 0.39908098 0.00777294
v -0.44586215 -0.37304929 0.02333041
v -0.45982632 -0.38479033 -0.00360807
v 0.08475763 0.56490582 0.03413922
v 0.08609304 0.58464244 0.00830873
v -0.24863005 -0.05014657 0.27466780
v -0.26908408 -0.05497126 0.24983059
v -0.25828285 -0.01501697 0.26613267
v -0.28033559 -0.01699503 0.24229372
v -0.04750147 0.47636350 0.17390247
v -0.05081834 0.50180694 0.15389844
v -0.08736395 0.47745413 0.17621217
v -0.09190277 0.49984936 0.15305219
v 0.15808155 0.51237187 0.08809123
v 0.16872397 0.53115315 0.06374921
v 0.15126944 0.48562040 0.11902736
v 0.16381251 0.50507448 0.09616382
v -0.06532596 0.17313349 0.30304104
v -0.07180062 0.20429441 0.29628772
v -0.10552066 0.17026101 0.27979835
v -0.11542282 0.19953053 0.26961139
v -0.47492694 -0.04405159 0.16538865
v -0.50093168 -0.04742050 0.14612896
v -0.23231302 -0.12941269 0.24932147
v -0.25535136 -0.13886060 0.22838101
v 0.43623814 -0.02544008 0.17154200
v 0.46448144 -0.02257740 0.15564696
v -0.02412664 -0.52573392 0.10323052
v -0.02066015 -0.54750247 0.07930051
v -0.14592825 0.17629833 0.26986513
v -0.16747178 0.19732239 0.25752021
v 0.34239028 -0.04830380 0.20337852
v 0.37217303 -0.05066606 0.19049676
v -0.13816861 0.06379723 0.29982076
v -0.16638676 0.07997316 0.29904183
v 0.17783981 0.16329024 0.27409750
v 0.19586315 0.18459946 0.25737602
v -0.23588185 0.01977438 0.26570491
v -0.26508007 0.01856334 0.25140353
v -0.24263973 0.10131443 0.26170096
v -0.26171841 0.11217558 0.23768907
v -0.11044495 -0.16331810 0.29329081
v -0.12755991 -0.18858605 0.28201515
v -0.12689277 -0.02412419 0.29648491
v -0.15910555 -0.02869039 0.29634888
v 0.06867786 -0.18659929 0.28958112
v 0.07769851 -0.21578052 0.27837330
v -0.39052047 0.12446432 0.18051435
v -0.41729981 0.13649382 0.16648975
v -0.42396401 0.15322839 0.16629389
v -0.44829328 0.16693096 0.14959485
v 0.18656536 -0.03265556 0.27836523
v 0.21845745 -0.03379968 0.27203137
v 0.16911927 -0.02124235 0.28875769
v 0.20133762 -0.02085895 0.28424518
v 0.16805173 -0.07893304 0.29585077
v 0.19611982 -0.09321764 0.28768594
v 0.18882884 0.26812868 0.22695259
v 0.20780571 0.29454712 0.22626244
v -0.05912311 -0.06363262 0.28890048
v -0.08206364 -0.08648006 0.29210330
v 0.11742593 -0.17191528 0.26798698
v 0.13864115 -0.19488605 0.25899865
v 0.41167980 0.07196326 0.20422043
v 0.44019676 0.07856168 0.19001565
v 0.38028320 0.09485512 0.21108252
v 0.41014912 0.10185222 0.20023821
v 0.41703405 -0.39904367 0.03621427
v 0.42936973 -0.41032171 0.00830068
v 0.39355003 -0.37420190 0.09261020
v 0.40652433 -0.38584734 0.06514053
v 0.33602158 -0.21535651 0.20992600
v 0.36235124 -0.23160284 0.19985934
v 0.39593371 -0.19983360 0.18649410
v 0.42074574 -0.21310646 0.17016235
v 0.39165770 -0.28740402 0.16566104
v 0.41260555 -0.29824046 0.14324920
v 0.42887862 -0.31062623 0.11999948
v 0.44641996 -0.31858460 0.09377931
v 0.32756132 0.48730442 0.02612687
v 0.33434331 0.49754756 -0.00399977
v 0.03935100 0.56082640 0.05958068
v 0.03852115 0.57713217 0.03143881
v 0.07820126 0.51259974 0.08978886
v 0.07799578 0.53727274 0.06858197
v -0.09670600 0.56246797 0.05699001
v -0.10100456 0.57631290 0.02786318
v -0.17000851 0.55253097 0.03743706
v -0.17392063 0.56674790 0.00843523
v 0.29232153 0.47282127 0.08975697
v 0.30197992 0.48322507 0.06048227
v -0.14390748 -0.51075170 0.07948994
v -0.15246524 -0.53290107 0.05724804
v 0.46238909 -0.21280361 0.13646443
v 0.48145185 -0.22162707 0.11161912
v 0.54562584 0.05611056 0.08877960
v 0.56111519 0.05944967 0.06036373
v 0.16236136 -0.55471036 0.03566778
v 0.16686970 -0.56943101 0.00700580
v 0.14009196 -0.54443049 0.06719232
v 0.14270146 -0.55931048 0.03837725
v -0.43808142 0.34699617 0.07264532
v -0.45016515 0.35584220 0.04376171
v -0.48464294 0.33194002 0.02338277
v -0.49661750 0.33937946 -0.00593952
v -0.09684815 0.54547008 0.09213981
v -0.10149449 0.55917947 0.06300227
v 0.50833157 -0.28711608 0.02505239
v 0.52176301 -0.29465461 -0.00360591
v -0.55943469 -0.14560899 0.03540281
v -0.57505747 -0.14807563 0.00697086
v -0.21666789 0.48453814 0.10690979
v -0.21949639 0.50564486 0.08231228
v -0.32260608 -0.48812520 0.02578276
v -0.33068342 -0.50004188 -0.00339396
v -0.34548778 -0.44161282 0.06472455
v -0.35423318 -0.45491151 0.03634860
v -0.46361042 -0.23319350 0.10351463
v -0.48490694 -0.23840897 0.07947739
v -0.02573829 0.56149995 0.06892804
v -0.02531395 0.57677456 0.04020457
v 0.12097355 0.34882417 0.20711571
v 0.13247545 0.37773005 0.19759267
v -0.24329762 0.50770950 0.05883037
v -0.24799942 0.52391096 0.03101064
v 0.28837886 -0.46649842 0.05743628
v 0.29771348 -0.48565413 0.03285060
v 0.03755249 -0.56396106 0.05717869
v 0.03866258 -0.58015776 0.02898354
v 0.06140365 -0.57988448 0.02569879
v 0.06358795 -0.59531002 -0.00286366
v -0.37322922 -0.35260988 0.11694634
v -0.38660648 -0.37086394 0.09357178
v -0.34277673 -0.34683585 0.14448187
v -0.35823640 -0.36696347 0.12412481
v -0.10259217 -0.20271662 0.28069311
v -0.11761658 -0.22796235 0.26671269
v 0.21295136 0.44530870 0.16275575
v 0.22361249 0.46463649 0.13885369
v -0.56342324 -0.03530538 0.05777843
v -0.57979408 -0.03544703 0.02966247
v -0.51032880 0.20587193 0.08310813
v -0.52411176 0.21385607 0.05473887
v -0.51492413 0.23324441 0.05819301
v -0.52985724 0.23983446 0.03004864
v 0.37415737 -0.44633479 0.02206664
v 0.38628866 -0.45973918 -0.00498305
v 0.11583333 -0.42992356 0.19504497
v 0.12135987 -0.45680790 0.17757438
v -0.32741829 0.46909720 0.02946128
v -0.34069764 0.48760066 0.00622742
v -0.22660677 -0.53267344 0.03115192
v -0.23390011 -0.54846731 0.00365842
v -0.11224062 0.50124266 0.14774549
v -0.11453894 0.52100267 0.12200076
v -0.27409653 0.17632887 0.21916836
v -0.30106046 0.19453412 0.21895162
v 0.24384864 -0.35417169 0.14944708
v 0.26228229 -0.37429402 0.13173200
v 0.24996618 0.43864620 0.15743946
v 0.26314384 0.45552869 0.13294737
v 0.40989689 0.26252825 0.10981878
v 0.43319035 0.27362093 0.08999710
v 0.38791303 0.32171347 0.12305116
v 0.40126558 0.34128888 0.10075667
v -0.10528519 0.44542686 0.19381550
v -0.10910043 0.47179453 0.17514140
v -0.12423055 0.43178882 0.19484881
v -0.12901290 0.45860792 0.17706127
v -0.28218450 0.38590327 0.12094580
v -0.30026190 0.40489970 0.10168769
v -0.26613575 0.41205993 0.10651895
v -0.27656188 0.43607111 0.08719820
v 0.49141785 0.05675613 0.15204428
v 0.51303353 0.06253067 0.12842334
v 0.49671416 0.09854515 0.14368793
v 0.51841871 0.10238439 0.11975669
v -0.37828324 0.28532079 0.17540590
v -0.39908918 0.29887198 0.15438187
v -0.41520643 0.27569125 0.15742906
v -0.43365046 0.28802141 0.13363165
v -0.43983130 -0.14438445 0.17297473
v -0.46577896 -0.15061381 0.15436167
v 0.45215125 0.35639877 0.03222939
v 0.46544476 0.36882324 0.00525817
v 0.46973245 0.32427575 0.03109253
v 0.48774319 0.33817104 0.00783171
v -0.41886453 -0.14726357 0.18212752
v -0.44588091 -0.15456751 0.16553537
v -0.40717940 -0.16955395 0.17671083
v -0.43426438 -0.17744153 0.16050213
v 0.14840044 0.52704551 0.06898379
v 0.15785183 0.54640720 0.04460495
v -0.50326119 -0.14644673 0.11878817
v -0.52373314 -0.14984433 0.09373049
v -0.39615614 -0.28952558 0.10793938
v -0.41474846 -0.30724393 0.08796646
v -0.42741201 -0.27161093 0.09034021
v -0.45046471 -0.28284882 0.07031986
v 0.52909638 -0.23417116 0.03529316
v 0.54437850 -0.23968276 0.00710432
v 0.55537580 -0.15776412 0.02891802
v 0.57315895 -0.16286457 0.00215467
v 0.50624804 0.11607563 0.12883474
v 0.52681820 0.11994826 0.10392685
v 0.44967594 0.12760002 0.17297902
v 0.47545474 0.13346303 0.15401562
v -0.46257901 -0.06219306 0.17630237
v -0.48830273 -0.06723399 0.15703035
v -0.51627253 -0.25078992 0.03680881
v -0.53294366 -0.25675218 0.00951308
v -0.14202379 -0.10724291 0.27604544
v -0.16619830 -0.12802267 0.26953959
v -0.17127717 -0.09704491 0.27743700
v -0.20051034 -0.10809109 0.26838518
v 0.03291828 -0.51626680 0.12777104
v 0.03646721 -0.53673588 0.10273200
v 0.00888745 -0.54917132 0.08423319
v 0.00928894 -0.56562699 0.05616931
v -0.10109511 -0.56169680 0.02982567
v -0.10426894 -0.58464886 0.00698576
v -0.45673278 0.14129496 0.13560723
v -0.48044214 0.15362106 0.11704746
v -0.20466329 -0.00633764 0.28838053
v -0.23483516 -0.00926409 0.27656419
v -0.50388790 -0.02666061 0.14027147
v -0.52456668 -0.02823788 0.11520292
v -0.54757531 -0.01658450 0.08614088
v -0.56439738 -0.01601484 0.05829801
v 0.22190557 -0.54148104 0.02513723
v 0.22821446 -0.55495574 -0.00379652
v 0.25664414 -0.47159013 0.07959374
v 0.26454023 -0.49239594 0.05585976
v 0.42453863 0.29523727 0.08467769
v 0.44276257 0.31245575 0.06394261
v 0.43228167 0.31383263 0.07460790
v 0.44861907 0.33093614 0.05226755
v -0.33939534 -0.40211355 0.11249450
v -0.35187680 -0.41866061 0.08741584
v 0.13651670 0.46950376 0.12830085
v 0.14843350 0.49346354 0.10979543
v 0.11086937 0.51117597 0.07937314
v 0.11973000 0.53433428 0.05830862
v 0.01829303 0.37428524 0.20455173
v 0.01888140 0.40524092 0.19455516
v -0.01129737 0.34422772 0.21974874
v -0.01185652 0.37611835 0.21332950
v 0.45217694 -0.01302148 0.16908722
v 0.47857702 -0.00887949 0.15052889
v -0.08988182 -0.49922171 0.08946151
v -0.09118351 -0.52487174 0.06948870
v -0.00844426 -0.44388582 0.17668416
v -0.00491662 -0.47101982 0.15908207
v 0.25688678 0.31211399 0.21513434
v 0.27555919 0.33641858 0.20421832
v 0.22423289 0.28212756 0.22406046
v 0.24434134 0.30724718 0.21924521
v -0.50228349 0.07724781 0.09494867
v -0.52679265 0.07819390 0.07357257
v 0.46915720 -0.11659179 0.11751839
v 0.49354830 -0.12609175 0.09819595
v 0.26672340 -0.41869832 0.09985367
v 0.27806290 -0.44222402 0.08045034
v 0.28640526 -0.03367749 0.23609674
v 0.31100375 -0.03649547 0.21498975
v 0.31289635 -0.01487829 0.21929852
v 0.34423266 -0.01531591 0.21055918
v 0.23012283 -0.24754364 0.21031650
v 0.25226944 -0.27049277 0.20388248
v 0.31370325 -0.18510826 0.21597491
v 0.34154949 -0.20066576 0.20956533
v 0.08572665 -0.36784248 0.21467587
v 0.09354842 -0.39879047 0.20838513
v 0.08187013 -0.40810770 0.20619733
v 0.08855180 -0.43847654 0.19662548
v 0.11137586 0.21387975 0.28560336
v 0.12675904 0.23309470 0.26432719
v 0.11996825 0.25078727 0.24825963
v 0.12818403 0.27090530 0.22404605
v -0.27930978 -0.21313806 0.19499314
v -0.30282995 -0.23185067 0.18253634
v 0.33844329 0.32971836 0.16588288
v 0.35674179 0.35185902 0.15060258
v 0.29417109 0.39432943 0.17395738
v 0.30419723 0.41400765 0.15006647
v 0.33447324 0.35415106 0.16544921
v 0.35027992 0.37239779 0.14363781
v 0.36034192 -0.31692876 0.16127750
v 0.38066742 -0.33046776 0.13978095
v -0.13134563 -0.27237678 0.21441274
v -0.14507466 -0.30163842 0.21069770
v 0.26332956 0.06236849 0.25631704
v 0.28468311 0.06710422 0.23223114
v 0.28539796 0.08269764 0.22481788
v 0.31628776 0.09227147 0.22125500
v -0.33643896 0.30489578 0.18133840
v -0.35688844 0.32256023 0.16321886
v -0.32883857 0.34051455 0.15819629
v -0.35036439 0.35789836 0.14107981
v -0.11232129 0.27361976 0.22277463
v -0.12411071 0.30378665 0.21969242
v -0.38349503 0.42847845 0.03737889
v -0.39576346 0.44039250 0.00970087
v -0.41507694 0.40165473 0.03648940
v -0.42657599 0.41361684 0.00850349
v 0.24096415 -0.14605908 0.24268184
v 0.25993877 -0.15605158 0.21821461
v 0.51978246 -0.09437814 0.07267626
v 0.54405836 -0.09577585 0.05106009
v 0.09977640 -0.25866148 0.24285403
v 0.10892938 -0.28078396 0.22082337
v 0.12675746 -0.31071218 0.21102259
v 0.14024423 -0.34010791 0.20748282
v 0.32336855 0.39408547 0.14933084
v 0.33491865 0.41194181 0.12470813
v 0.32665464 0.42292865 0.12434793
v 0.33352653 0.43884240 0.09681502
v -0.06328374 -0.36032674 0.18728007
v -0.06560560 -0.38870977 0.17154655
v -0.08870168 -0.39280903 0.16532453
v -0.09722052 -0.41945116 0.14870652
v -0.30025569 -0.21359628 0.18549354
v -0.32215065 -0.23153490 0.16945145
v -0.42051226 0.02760044 0.17572524
v -0.44964448 0.02703974 0.16125006
v -0.31114800 -0.27344005 0.17727623
v -0.33180639 -0.29454354 0.16362321
v -0.40832102 0.23200448 0.17585071
v -0.42985271 0.24742702 0.15695459
v 0.13430610 -0.12698935 0.29680928
v 0.16013886 -0.14508686 0.28882928
v 0.15009105 -0.09087689 0.30081127
v 0.17778275 -0.10703521 0.29527863
v 0.52245770 -0.15184083 0.07027912
v 0.54330248 -0.16023331 0.04675056
v 0.26425474 -0.06410939 0.24138323
v 0.29176693 -0.07126751 0.22556008
v -0.35084555 -0.06874572 0.21489192
v -0.38257093 -0.07425355 0.21023405
v -0.38990917 -0.07466262 0.20879821
v -0.42062073 -0.08029285 0.19965313
v -0.53955814 0.22496748 0.02560641
v -0.55306788 0.23101368 -0.00336706
v -0.30245088 0.49793509 0.02067306
v -0.31282386 0.51441084 -0.00539383
v -0.48772368 -0.10754123 0.15514712
v -0.50761191 -0.10972049 0.12949091
v -0.11527692 0.37121980 0.21612105
v -0.12295290 0.40098569 0.20546258
v -0.08916839 0.34512565 0.22233762
v -0.09697989 0.37650723 0.21877266
v 0.32681286 0.26022808 0.17644878
v 0.34651876 0.28131726 0.16143360
v 0.29941773 0.22504832 0.19361502
v 0.32129145 0.24464997 0.17962047
v 0.54527804 0.00974866 0.08786192
v 0.56368986 0.01076509 0.06105700
v 0.56536487 -0.01758364 0.05505412
v 0.58195123 -0.01514165 0.02717114
v 0.15486808 0.42137561 0.17689607
v 0.16897281 0.44583361 0.16072836
v -0.26039351 -0.03968534 0.26236699
v -0.28179894 -0.04185139 0.23796110
v -0.00737088 0.20856987 0.29541452
v -0.01231393 0.23821837 0.28296202
v 0.46855008 0.20636559 0.12446268
v 0.49001761 0.21074659 0.10041099
v 0.46863804 0.25651180 0.07987141
v 0.49048921 0.26538186 0.05745757
v 0.24416316 0.37804032 0.20350262
v 0.25898258 0.40015441 0.18479745
v 0.22990010 -0.36449949 0.14943522
v 0.24192653 -0.38910496 0.13187199
v -0.25495021 0.27582125 0.20149122
v -0.27627199 0.29803286 0.19097656
v 0.40447141 -0.12715550 0.17217686
v 0.43083043 -0.13860064 0.15692095
v 0.16928813 -0.40312026 0.18419709
v 0.17702459 -0.43018955 0.16788967
v -0.04222401 0.26585514 0.25935584
v -0.04608912 0.28605428 0.23414498
v -0.41985477 -0.40559059 0.02434559
v -0.43130941 -0.41731141 -0.00376037
v -0.39302578 -0.40703699 0.05504991
v -0.40427426 -0.41849958 0.02675481
v -0.15270590 0.15849269 0.28138353
v -0.17615400 0.17822464 0.27045793
v 0.27022168 0.16987664 0.21639001
v 0.29490048 0.18472307 0.20125489
v -0.24092739 -0.48541574 0.09227722
v -0.24981604 -0.50083629 0.06504250
v -0.22132111 -0.46781031 0.12101537
v -0.23100706 -0.48636870 0.09610955
v -0.44148662 0.12647939 0.14388175
v -0.46622089 0.13816860 0.12627182
v 0.00741952 0.50033112 0.14515481
v 0.00381335 0.52242575 0.12154645
v -0.31723285 0.11557151 0.21007932
v -0.34693026 0.12703692 0.20336067
v 0.43806030 -0.11073649 0.14217404
v 0.46311238 -0.12040149 0.12380251
v -0.27449081 -0.33346555 0.18942366
v -0.29164126 -0.35613941 0.17360310
v 0.04572206 0.16813388 0.28933440
v 0.05802959 0.19786348 0.28451700
v 0.15651012 -0.33714831 0.20038259
v 0.16947391 -0.36541740 0.19082589
v -0.12578655 0.33535527 0.21612803
v -0.13657735 0.36554388 0.21058380
v -0.46124733 0.03263172 0.15104398
v -0.48823674 0.03066161 0.13298235
v -0.17684268 0.03621691 0.27642716
v -0.20712790 0.04648448 0.27043435
v -0.03462105 0.41302532 0.20762204
v -0.03768381 0.44316844 0.19576696
v 0.46414298 -0.24949918 0.11794183
v 0.48171923 -0.26034419 0.09280237
v 0.48673247 -0.25870298 0.08521768
v 0.50032239 -0.26607423 0.05659058
v 0.56459062 0.06317926 0.05412637
v 0.57944698 0.06582828 0.02530271
v 0.01008939 -0.34046639 0.21242695
v 0.01124917 -0.37253536 0.20706337
v 0.48905000 -0.32221599 0.02583445
v 0.50091019 -0.32961258 -0.00354511
v -0.37659364 0.30322977 0.16438675
v -0.39664061 0.31788919 0.14336885
v 0.28169587 0.25858977 0.20642736
v 0.30280766 0.28087773 0.19565375
v 0.31064010 0.28600420 0.19084106
v 0.33068649 0.30862008 0.17879133
v -0.17214030 0.54037825 0.05744597
v -0.17643768 0.55527505 0.02884265
v -0.19009781 0.55337261 0.02430210
v -0.19525746 0.56724252 -0.00467264
v -0.12193086 0.53932820 0.09382042
v -0.12170145 0.55408762 0.06482665
v -0.02342183 -0.56450382 0.05486445
v -0.02162916 -0.58111073 0.02694441
v -0.49652036 -0.20372367 0.09618738
v -0.51467087 -0.20823766 0.06956568
v -0.52312903 -0.20610528 0.06066327
v -0.53864157 -0.21135039 0.03254954
v -0.45963833 0.35864240 0.02690125
v -0.47166499 0.36804547 -0.00182981
v -0.41709352 0.37612643 0.06585958
v -0.42812699 0.38756535 0.03747040
v -0.25099530 -0.50440927 0.05768308
v -0.25811442 -0.51962380 0.02981970
v -0.32140303 -0.41073119 0.12064175
v -0.33259868 -0.42825936 0.09562271
v -0.36594407 -0.37475027 0.11229960
v -0.37861168 -0.39024302 0.08664735
v 0.06038735 0.57766927 0.02503005
v 0.06261598 0.59529507 -0.00222608
v 0.18856796 -0.49245263 0.11541633
v 0.19485867 -0.51130632 0.08965789
v -0.27613128 -0.48092119 0.07589450
v -0.28536764 -0.49412264 0.04762892
v -0.29285329 -0.45553633 0.09978165
v -0.30356370 -0.46911569 0.07222408
v 0.20676199 0.37032761 0.20930962
v 0.22303475 0.39566440 0.19698988
v 0.51767517 0.06963304 0.12286404
v 0.53839401 0.07515347 0.09839393
v 0.13885244 -0.53356644 0.08742868
v 0.14157695 -0.54861220 0.05871050
v -0.36975952 -0.44324246 0.03462448
v -0.38021680 -0.45563955 0.00642006
v -0.24714834 -0.43520138 0.14622025
v -0.25941233 -0.45231255 0.12141432
v -0.28360581 -0.43257365 0.13044574
v -0.29423430 -0.44936197 0.10468299
v 0.01905578 0.54453049 0.08896884
v 0.01744570 0.56349041 0.06257830
v -0.05330877 0.54923259 0.08995757
v -0.05535597 0.56375139 0.06091372
v 0.37064504 0.41140958 0.08744010
v 0.38067228 0.42197773 0.05834886
v 0.40287931 0.41610817 0.03638982
v 0.41356266 0.42745475 0.00783018
v 0.37733573 0.34450120 0.12803461
v 0.39031201 0.36361153 0.10512297
v -0.57340517 0.09134224 0.02081163
v -0.59396797 0.09575306 -0.00401270
v 0.53124536 0.16372296 0.07570678
v 0.54639374 0.16803264 0.04723777
v -0.35871096 0.27690547 0.18784365
v -0.38088946 0.29242987 0.16979818
v 0.26977651 -0.43950759 0.08924856
v 0.27900109 -0.46170751 0.06732592
v 0.24228764 -0.48648371 0.07838689
v 0.24998751 -0.50641211 0.05384912
v 0.23972940 -0.52600180 0.03360470
v 0.24511712 -0.54199824 0.00579071
v -0.31953517 0.40174313 0.10136283
v -0.33714025 0.41824941 0.07954230
v 0.50332518 0.27420068 0.03469194
v 0.52055451 0.28176497 0.00815021
v 0.11864483 -0.52172447 0.11582200
v 0.12108049 -0.53926296 0.08852730
v -0.11891528 0.03328156 0.29034091
v -0.14956143 0.04420261 0.29061659
v -0.26656927 0.43345111 0.09768146
v -0.27457415 0.45626281 0.07590809
v -0.10748101 0.46468894 0.18075597
v -0.11067707 0.48954898 0.16001240
v 0.10485297 0.48274998 0.10515948
v 0.11446014 0.50711135 0.08585255
v -0.52793696 0.16703316 0.06390143
v -0.54465157 0.17688619 0.03778494
v -0.51931715 0.20956754 0.06460495
v -0.53511369 0.21785978 0.03739761
v 0.54203165 0.22034506 0.02486721
v 0.55557759 0.22640376 -0.00408674
v 0.41824997 0.23209449 0.13025748
v 0.44283952 0.24148076 0.11113200
v 0.12462822 0.52772719 0.06641075
v 0.13384144 0.54755932 0.04232061
v -0.44974666 -0.32444938 0.05060876
v -0.46562488 -0.33834942 0.02584583
v -0.47103581 -0.29446987 0.04923111
v -0.49020667 -0.30359457 0.02457854
v -0.38687809 -0.27113826 0.11770789
v -0.40647680 -0.28865448 0.09853488
v 0.33382053 0.10421480 0.21734825
v 0.36414464 0.11415293 0.21100686
v 0.34753963 -0.33623941 0.15315791
v 0.36686070 -0.35061207 0.13127972
v 0.31357738 -0.36809502 0.13350887
v 0.33422438 -0.38496558 0.11486437
v -0.44873346 0.27901930 0.12302640
v -0.46370738 0.29175911 0.09710322
v 0.16568768 0.45395261 0.15214197
v 0.17955095 0.47718392 0.13406859
v 0.16069424 0.40303931 0.19076750
v 0.17467610 0.42882548 0.17669224
v 0.07660575 0.42898466 0.14922892
v 0.07782189 0.45644627 0.13182453
v 0.34831712 0.24118351 0.15809894
v 0.36833677 0.26007555 0.14075430
v -0.19351269 -0.04501622 0.29712454
v -0.22297954 -0.05009588 0.28430139
v -0.26511498 -0.31165454 0.19742669
v -0.28392105 -0.33510099 0.18497167
v 0.22394544 0.47256859 0.12986107
v 0.23392426 0.49017998 0.10438964
v -0.45305911 -0.12438668 0.17269567
v -0.47960203 -0.12900279 0.15445570
v 0.01522677 -0.15753887 0.29638375
v 0.01999781 -0.18972125 0.29613204
v 0.24473739 -0.29883914 0.18808734
v 0.26575914 -0.32015266 0.17534561
v 0.24534579 0.14902443 0.23310612
v 0.26903873 0.16441111 0.21696838
v 0.26446148 0.15316749 0.22165487
v 0.29019397 0.16849967 0.20895467
v -0.02786920 -0.48712072 0.13728667
v -0.02373347 -0.51304417 0.11806683
v -0.34084339 -0.21780950 0.16441056
v -0.36590190 -0.23025084 0.14780287
v -0.37223221 -0.18818082 0.17458609
v -0.39962060 -0.19914078 0.16086433
v 0.55103020 -0.06747204 0.05469248
v 0.57167836 -0.06759372 0.02954948
v 0.41399121 -0.30676640 0.13509733
v 0.43302385 -0.31650449 0.11057266
v 0.40906113 -0.34091789 0.10975840
v 0.42460814 -0.35138766 0.08316506
v -0.28408023 0.06430358 0.22642220
v -0.31146113 0.07107466 0.21020583
v 0.09795048 -0.48293063 0.16818694
v 0.10155233 -0.50273479 0.14262615
v -0.50669535 0.12241154 0.08456511
v -0.52832437 0.13196699 0.06221761
v -0.47483843 0.11304740 0.11153227
v -0.49863309 0.12305320 0.09172749
v 0.12543704 0.26625503 0.22614913
v 0.13932177 0.29555817 0.22348974
v -0.51428553 -0.07531803 0.12807167
v -0.53422797 -0.08019791 0.10283246
v 0.25918746 0.50561645 0.05770215
v 0.26588107 0.51905396 0.02883763
v -0.08501972 -0.46708798 0.11588902
v -0.08599601 -0.49345400 0.09685192
v -0.04597226 -0.48512327 0.12757893
v -0.04354303 -0.51076429 0.10770008
v -0.18774042 -0.42675783 0.16266861
v -0.20043089 -0.45070513 0.14466831
v 0.12033412 0.11856147 0.30281276
v 0.14141549 0.14315542 0.29977212
v 0.01216642 -0.39805905 0.20158387
v 0.01459223 -0.42854943 0.19049408
v -0.01923837 -0.37242332 0.19815894
v -0.01990123 -0.40367461 0.18913400
v 0.54214575 -0.19593630 0.03543599
v 0.55752275 -0.20327071 0.00771802
v -0.54926224 -0.18000552 0.03387498
v -0.56456356 -0.18496974 0.00559499
v -0.57252606 -0.07380665 0.03637393
v -0.58811100 -0.07622717 0.00791726
v 0.34226283 0.46897273 0.03652709
v 0.34909172 0.48148361 0.00728028
v -0.51843524 0.26497515 0.02758390
v -0.53219711 0.27218006 -0.00100338
v -0.25046433 -0.52715588 0.02419038
v -0.25658136 -0.54247129 -0.00385515
v -0.49882652 -0.28481758 0.03049479
v -0.51663193 -0.29331183 0.00462305
v -0.33524305 -0.05185768 0.21553613
v -0.36728398 -0.05590413 0.21159450
v 0.38773478 -0.24872752 0.18274949
v 0.41124445 -0.26420902 0.16643538
v 0.51316615 -0.26800807 0.03388065
v 0.52717717 -0.27445068 0.00523252
v 0.40240953 0.16532361 0.18255362
v 0.42954447 0.17404544 0.16686423
v 0.38698387 -0.13458911 0.18525712
v 0.41432892 -0.14617436 0.17196946
v 0.42172742 -0.09620196 0.15046032
v 0.44752012 -0.10513361 0.13275456
v -0.21201972 -0.13571315 0.24827002
v -0.23900402 -0.14861593 0.23546777
v -0.27798588 -0.40549885 0.16013362
v -0.28857876 -0.42329007 0.13503789
v -0.02365548 0.44723532 0.19066881
v -0.02606273 0.47484376 0.17362443
v -0.00800654 0.47647006 0.16971620
v -0.01087066 0.50146990 0.14909251
v -0.48356402 0.16942693 0.11636288
v -0.50298678 0.18187242 0.09341952
v -0.50508799 0.18496143 0.09007371
v -0.52357168 0.19689268 0.06610435
v -0.00966974 0.49259836 0.15712717
v -0.01299073 0.51580562 0.13456778
v -0.04784289 0.49649696 0.15889516
v -0.05148565 0.51724026 0.13409642
v -0.40266244 -0.38692669 0.06363505
v -0.41440091 -0.40050961 0.03650123
v -0.39873986 -0.35694104 0.08738296
v -0.41247936 -0.37426810 0.06351812
v -0.06366024 -0.42019381 0.15699680
v -0.06461585 -0.44831963 0.14067023
v -0.07261581 -0.45492073 0.13195757
v -0.07280139 -0.48157448 0.11330081
v 0.00396243 0.22409937 0.28415469
v 0.00133536 0.25381029 0.27115886
v -0.03062870 -0.55051897 0.06999649
v -0.02888270 -0.57038540 0.04429030
v -0.11452559 -0.12321379 0.29262401
v -0.13539295 -0.14770020 0.28777626
v -0.07951425 0.04290415 0.29686957
v -0.10645713 0.06108887 0.29825853
v -0.18863746 -0.50989658 0.08166117
v -0.19878568 -0.52652107 0.05560025
v -0.20825090 -0.48274419 0.11017600
v -0.21714497 -0.50092801 0.08470492
v -0.19433127 -0.19981932 0.24242162
v -0.21008078 -0.21690437 0.21964915
v -0.34030201 0.40724414 0.09030759
v -0.35720669 0.42135945 0.06635928
v -0.35463093 0.42735876 0.06394654
v -0.36817133 0.43949750 0.03696803
v -0.55725863 0.02152621 0.06581389
v -0.57450796 0.01954126 0.03829931
v -0.49758908 0.31062810 0.02313410
v -0.50915466 0.32031784 -0.00569085
v 0.58145575 0.04217388 0.02596597
v 0.59714849 0.04316774 -0.00251704
v 0.55807830 0.02288174 0.06936284
v 0.57411034 0.02377463 0.04106605
v 0.13033216 0.17834990 0.29986651
v 0.14410965 0.20221294 0.28256715
v -0.43758615 -0.18474692 0.15402819
v -0.46326830 -0.19120950 0.13512861
v 0.23647246 0.51635755 0.05867801
v 0.24264435 0.53009255 0.02983725
v -0.18830765 0.51545325 0.09325059
v -0.19295964 0.52954436 0.06429664
v -0.16731427 0.47382265 0.14971425
v -0.17205339 0.49446376 0.12501573
v 0.14352516 0.49882017 0.10081457
v 0.15415140 0.52013154 0.07864612
v -0.00079501 -0.22876651 0.27646066
v 0.00395950 -0.25733909 0.26164398
v 0.01009295 0.11394641 0.29259104
v 0.01293326 0.14633086 0.29128263
v -0.01168670 0.14358331 0.30420618
v -0.01436463 0.17599242 0.30320110
v 0.14499593 -0.02753969 0.28600611
v 0.17722400 -0.02958882 0.28204580
v -0.37228789 0.15423691 0.19604173
v -0.40033021 0.16742972 0.18613670
v 0.11200184 -0.32866097 0.21313569
v 0.12349859 -0.35885779 0.20932668
v -0.26586571 0.51785390 0.02419984
v -0.27302537 0.53352769 -0.00339732
v 0.01727921 -0.52610055 0.11475339
v 0.01939359 -0.54685121 0.08978398
v -0.14737134 -0.53832191 0.05021786
v -0.15425111 -0.55795756 0.02520503
v 0.53468255 0.02122679 0.10238461
v 0.55349898 0.02280237 0.07588949
v -0.40047555 0.02100140 0.18730412
v -0.43045552 0.02095711 0.17466566
v 0.44808281 0.16771789 0.15972190
v 0.47249555 0.17562483 0.13972116
v 0.04098258 0.49919496 0.12457259
v 0.03823679 0.52424367 0.10399216
v -0.11139357 0.51655420 0.12885679
v -0.11348625 0.53620262 0.10300932
v -0.10415134 0.26445876 0.24166545
v -0.11210119 0.28430570 0.21714136
v 0.35287292 0.42119274 0.09696757
v 0.36110998 0.43295910 0.06777450
v 0.20834020 0.46327295 0.14640609
v 0.21830915 0.48181606 0.12160075
v 0.31202043 -0.12103400 0.21293731
v 0.34198305 -0.13173237 0.20613154
v 0.46990552 0.34394213 0.02124005
v 0.48592553 0.35483634 -0.00489818
v 0.37330310 0.11231571 0.20935659
v 0.40252461 0.12118233 0.19813081
v 0.33639054 0.14888552 0.20557450
v 0.36511667 0.16139376 0.19680607
v 0.23610979 -0.51491287 0.05386751
v 0.24122300 -0.53042775 0.02573079
v 0.52369874 0.18639039 0.07543261
v 0.53829987 0.19230572 0.04696601
v 0.55140087 0.09353092 0.07480734
v 0.56588498 0.09880602 0.04615572
v -0.12475291 0.55664008 0.05806766
v -0.12491517 0.57079509 0.02877361
v -0.15002312 0.51622207 0.11260398
v -0.15362770 0.53273079 0.08480108
v -0.31061376 -0.45548558 0.08647475
v -0.31870195 -0.46754279 0.05735883
v 0.50601148 -0.25929384 0.05233754
v 0.52054291 -0.26573741 0.02395005
v -0.55965794 -0.01562234 0.06625180
v -0.57631099 -0.01501103 0.03830840
v -0.54355310 -0.03569410 0.09160801
v -0.56014078 -0.03706587 0.06365271
v -0.41180810 0.36679746 0.08490058
v -0.42263581 0.37776221 0.05624632
v 0.21725328 -0.40231042 0.14733634
v 0.22721357 -0.42810368 0.13018897
v 0.32410761 0.44777485 0.09532668
v 0.33054544 0.46066499 0.06615598
v 0.28268347 0.44371649 0.13742103
v 0.29457506 0.45940578 0.11151798
v 0.37349818 -0.23561405 0.19450296
v 0.39662389 -0.25065715 0.17725656
v 0.23276430 0.41716449 0.18110955
v 0.24657546 0.43760713 0.15989913
v -0.37020279 -0.23693626 0.14174674
v -0.39485458 -0.24871316 0.12407966
v -0.43969544 -0.23694780 0.11312749
v -0.46390366 -0.24505333 0.09295835
v -0.35973499 0.25978115 0.19703339
v -0.38264255 0.27439192 0.17913644
v -0.31552273 0.43166446 0.07205950
v -0.33159236 0.44871713 0.04948728
v -0.29560295 0.45831932 0.05695906
v -0.30612523 0.48019758 0.03529907
v 0.34372414 0.41264224 0.11543526
v 0.35426357 0.42671140 0.08805807
v 0.34888436 0.36347119 0.15062825
v 0.36264712 0.38007573 0.12626829
v -0.26407358 0.37632278 0.13000711
v -0.28186421 0.39623102 0.11141445
v -0.30363447 0.36326885 0.14072039
v -0.32364481 0.38117765 0.12235214
v 0.27310827 -0.47627168 0.06202010
v 0.28122800 -0.49641262 0.03779317
v 0.30054282 -0.43611424 0.07041613
v 0.31692643 -0.45439578 0.04906445
v 0.12977493 0.00186730 0.30193757
v 0.16215061 0.00508330 0.30186958
v -0.49972194 -0.06776716 0.14588481
v -0.52004500 -0.07242103 0.12090790
v -0.49153952 -0.00396035 0.14593799
v -0.51598054 -0.00722905 0.12471338
v -0.15904382 0.40133547 0.19371051
v -0.16708182 0.42883563 0.17829417
v -0.12165392 0.41137780 0.20248912
v -0.12814905 0.44041344 0.18932567
v -0.52611988 0.09408492 0.06584367
v -0.55037548 0.09633358 0.04427654
v 0.05812173 0.52999670 0.08613430
v 0.05743647 0.55263652 0.06277834
v -0.40069815 0.21192500 0.18449100
v -0.42296779 0.22681774 0.16603020
v -0.00130852 -0.56836347 0.05221478
v -0.00054637 -0.58405995 0.02372668
v -0.05521818 -0.46358207 0.13662240
v -0.05415989 -0.49058512 0.11850481
v 0.30352575 0.35133224 0.18542951
v 0.31970538 0.37310330 0.16746364
v -0.00682860 -0.20881482 0.28284991
v -0.00332708 -0.23873716 0.27056475
v 0.41031039 0.29804129 0.10082563
v 0.42649144 0.31627761 0.07928167
v 0.38515853 0.28031655 0.12567200
v 0.40361926 0.29941299 0.10688213
v 0.43876332 0.14752778 0.17307110
v 0.46396587 0.15495115 0.15388109
v 0.46970619 0.16574409 0.14615867
v 0.49011028 0.17252004 0.12173959
v 0.00761683 -0.13566669 0.29577496
v 0.01132322 -0.16798572 0.29525069
v 0.04678616 -0.18193140 0.29550800
v 0.05449712 -0.21248823 0.28742391
v -0.38718674 -0.30966062 0.11336686
v -0.40506031 -0.32843806 0.09370789
v -0.36300907 -0.43372609 0.05471957
v -0.37356209 -0.44613529 0.02655617
v -0.35714565 -0.46134317 0.02433842
v -0.36658818 -0.47448102 -0.00388865
v 0.03930074 0.57352725 0.03736100
v 0.03865284 0.59045685 0.00958510
v 0.19209847 0.33152956 0.22170517
v 0.20846949 0.35862937 0.21421371
v 0.14050049 0.34928322 0.21283073
v 0.15347623 0.37756503 0.20332805
v 0.45915988 0.04424569 0.17540713
v 0.48511454 0.04906733 0.15639032
v -0.49677692 -0.23506631 0.07284435
v -0.51458897 -0.24110619 0.04629662
v -0.19147910 -0.53244064 0.05088862
v -0.19898855 -0.54776814 0.02319011
v -0.18930377 -0.55254000 0.02092479
v -0.19541963 -0.56902538 -0.00644966
v 0.04519801 0.45710472 0.15293257
v 0.04328986 0.48418923 0.13500716
v -0.48165306 0.20537996 0.11478351
v -0.50117201 0.21596872 0.09100494
v -0.47355271 0.24125267 0.11131053
v -0.48905984 0.25255558 0.08503687
v 0.42284905 0.33758948 0.07700218
v 0.43875684 0.35432603 0.05408140
v -0.48498481 -0.27971491 0.04779554
v -0.50353252 -0.28872763 0.02263039
v 0.32602638 -0.30393528 0.18203954
v 0.34761927 -0.32041991 0.16413603
v 0.34803994 -0.30062048 0.17611256
v 0.36979471 -0.31601832 0.15745330
v 0.04933926 -0.38470840 0.21252027
v 0.05424347 -0.41566200 0.20378214
v 0.24441809 0.06158038 0.27479500
v 0.26655452 0.06711687 0.25160324
v 0.48440384 -0.15471099 0.11496389
v 0.50413657 -0.16601317 0.09169564
v -0.43291921 0.31770096 0.11014165
v -0.44892434 0.32632419 0.08316004
v -0.39559646 0.31158939 0.14863753
v -0.41294560 0.32328563 0.12372294
v 0.14607728 0.31071075 0.22184816
v 0.15968645 0.33993812 0.21747975
v 0.16772356 0.21694711 0.25360337
v 0.17990194 0.23348197 0.22836813
v 0.17616576 0.24781723 0.22724597
v 0.19528212 0.27413835 0.22670324
v 0.43992734 -0.36128341 0.05130885
v 0.45222153 -0.37058758 0.02265895
v -0.49582633 -0.16818931 0.11655295
v -0.51572426 -0.17330208 0.09132471
v -0.17306024 -0.46969059 0.12568325
v -0.18462681 -0.49118460 0.10417153
v 0.49407908 -0.19420318 0.10397308
v 0.51200856 -0.20557637 0.07932118
v 0.46782182 -0.18757160 0.13536940
v 0.48688708 -0.19981806 0.11202263
v -0.22449429 -0.44154545 0.14864055
v -0.23566972 -0.45938249 0.12383165
v -0.25578317 -0.41645458 0.16131415
v -0.26898808 -0.43422503 0.13747357
v 0.47685685 0.22140282 0.10375104
v 0.49825986 0.22729502 0.07996606
v 0.35757420 0.04349614 0.21698727
v 0.38897314 0.04799817 0.20975055
v 0.37429138 -0.02217488 0.20006573
v 0.40470487 -0.02182464 0.18851461
v 0.09164824 0.42282367 0.15218511
v 0.10150903 0.44852956 0.13485007
v 0.55360586 0.17987692 0.02766122
v 0.56823696 0.18540796 -0.00086720
v 0.20131802 -0.54239991 0.03546888
v 0.20802630 -0.55676580 0.00705847
v 0.08004534 -0.57206826 0.03730524
v 0.08388054 -0.58708234 0.00869754
v 0.56715222 -0.13839536 0.01941909
v 0.58616634 -0.14173413 -0.00676961
v -0.49191395 0.27422198 0.06453863
v -0.50423084 0.28267620 0.03563618
v 0.52715532 -0.25408676 0.02313338
v 0.54169711 -0.25948159 -0.00546669
v -0.56956553 -0.12897275 0.02674295
v -0.58488445 -0.13094880 -0.00189195
v 0.57789415 0.01872030 0.03514397
v 0.59407141 0.01911379 0.00691857
v -0.29901406 -0.49292902 0.03819549
v -0.30856553 -0.50584735 0.00990383
v 0.30459109 0.49322264 0.03832336
v 0.31375612 0.50434904 0.00915597
v -0.58383613 -0.01917629 0.02487868
v -0.60005445 -0.01802067 -0.00330220
v 0.12105218 -0.35051708 0.21072254
v 0.13202926 -0.38036952 0.20387658
v -0.44270794 0.10519174 0.13674670
v -0.46762148 0.11525490 0.11840058
v -0.47324130 0.13458475 0.11863245
v -0.49687579 0.14611778 0.09947699
v 0.23614366 0.31944047 0.22097410
v 0.25391917 0.34472371 0.21080942
v 0.26922458 0.34766096 0.20395395
v 0.28537162 0.37128526 0.18847179
v -0.37454276 -0.41583817 0.06468825
v -0.38592246 -0.42805222 0.03676244
v -0.17353267 0.27144869 0.21375622
v -0.18726597 0.29688589 0.19882716
v -0.04753484 0.56562945 0.05790892
v -0.04815727 0.58056183 0.02900964
v -0.11218421 -0.44715403 0.13244723
v -0.12182895 -0.47176135 0.11347381
v -0.11679227 -0.48040996 0.10497576
v -0.12595928 -0.50388713 0.08440101
v 0.44569817 -0.29185410 0.11807570
v 0.46065495 -0.30226044 0.09112140
v 0.21791517 0.40560519 0.19017119
v 0.23283505 0.42837891 0.17235865
v 0.22265988 0.38550722 0.20304603
v 0.23851451 0.40804605 0.18574968
v 0.55057434 -0.02890058 0.06950138
v 0.57075194 -0.02659419 0.04408334
v 0.52347823 -0.02459417 0.10384733
v 0.54557280 -0.02104245 0.08023066
v -0.08028692 0.38123611 0.21927307
v -0.08628616 0.41246885 0.21241327
v -0.26878125 -0.27210367 0.19952406
v -0.28982085 -0.29448731 0.18880774
v -0.23659518 -0.25061684 0.20910540
v -0.25845591 -0.27360127 0.20186964
v -0.21909657 0.46480273 0.12096339
v -0.22352935 0.48737400 0.09795426
v -0.38871021 -0.34553521 0.10401570
v -0.40250191 -0.36294348 0.08024024
v 0.27397209 -0.25191877 0.20867724
v 0.29773561 -0.27236508 0.19997235
v -0.22109924 -0.49261671 0.09357236
v -0.22903559 -0.50848083 0.06629827
v 0.18056608 0.29023293 0.22696402
v 0.19756450 0.31775175 0.22345692
v 0.24506412 0.27604116 0.21979531
v 0.26636082 0.30001298 0.21428766
v -0.54093063 -0.07793778 0.09385880
v -0.55614726 -0.08167092 0.06534478
v -0.53857041 -0.10160782 0.09261686
v -0.55385672 -0.10385989 0.06398491
v 0.15995076 -0.54379789 0.05646622
v 0.16450990 -0.55847283 0.02778884
v -0.31011051 -0.40162204 0.13857836
v -0.32096343 -0.41932670 0.11353259
v -0.08295768 0.41642823 0.21116515
v -0.08839919 0.44461948 0.19586236
v 0.22737507 -0.48756280 0.09138543
v 0.23176853 -0.50786109 0.06634130
v -0.55058020 0.05729099 0.06151227
v -0.56996212 0.05634327 0.03539762
v -0.56094319 0.03775574 0.05483980
v -0.57854301 0.03787265 0.02747624
v 0.19910397 -0.46140950 0.14081196
v 0.20230150 -0.48120396 0.11518996
v 0.16813912 -0.49336091 0.12477904
v 0.17390069 -0.51287374 0.09939035
v -0.08100054 -0.19655335 0.28008457
v -0.09514163 -0.22401034 0.26985349
v 0.08511845 -0.17122270 0.28139874
v 0.09662244 -0.20046913 0.27298233
v 0.03867837 -0.16129742 0.29813637
v 0.04673193 -0.19253697 0.29392179
v 0.19658018 -0.20762825 0.23664613
v 0.21267509 -0.22449913 0.21395563
v 0.18782862 -0.18048797 0.26369377
v 0.20508143 -0.19450614 0.23993745
v 0.51113492 0.03122362 0.12952338
v 0.53226410 0.03432461 0.10497804
v 0.07528951 0.02549445 0.29461190
v 0.10475958 0.03836497 0.29955114
v -0.43901741 0.17108417 0.15862599
v -0.46127644 0.18547175 0.13975631
v 0.17896238 0.05061821 0.30419631
v 0.20931933 0.05823025 0.29530564
v 0.20289226 0.07822611 0.29026456
v 0.23068035 0.08599109 0.27522931
v -0.22524298 -0.01554302 0.28276349
v -0.25353169 -0.01999841 0.26732231
v 0.09030351 -0.51009028 0.13746681
v 0.09527210 -0.52904137 0.11149180
v 0.28033952 0.28182620 0.20967696
v 0.29926704 0.30466958 0.19631804
v 0.11936373 0.49864142 0.09593809
v 0.12988929 0.52046173 0.07422131
v 0.53495759 0.04232516 0.10235470
v 0.55372268 0.04666936 0.07613388
v -0.15318092 -0.31528032 0.20851491
v -0.16680844 -0.34432067 0.20308529
v -0.37235426 0.11141925 0.18700330
v -0.39993982 0.12274237 0.17398963
v 0.09944213 -0.03376819 0.29044270
v 0.13060300 -0.04296201 0.28870889
v 0.08301706 -0.00517253 0.29376547
v 0.11522928 -0.00565788 0.29831177
v -0.09308505 0.18121552 0.28775463
v -0.10153138 0.21108640 0.27801184
v 0.12156795 0.03616838 0.30319996
v 0.15258514 0.04596550 0.30389437
v -0.00662574 0.09782576 0.29529403
v -0.00552773 0.12979779 0.30121985
v 0.32988910 -0.15359234 0.21088963
v 0.35920163 -0.16630263 0.20474506
v 0.33582181 -0.23531672 0.20739937
v 0.36088689 -0.25158574 0.19453108
v 0.39878913 0.35939390 0.09738519
v 0.41112579 0.37813915 0.07382773
v -0.31007549 -0.23340790 0.17712725
v -0.33235441 -0.25220147 0.16267100
v -0.36351588 -0.21963521 0.15603503
v -0.38893278 -0.23148054 0.13953652
v -0.23111755 0.36032556 0.15459195
v -0.24214210 0.38552906 0.13722029
v -0.23632884 0.24219246 0.21251245
v -0.25786259 0.26598205 0.20713802
v 0.44869048 -0.34316575 0.06130499
v 0.46193337 -0.35060354 0.03253283
v -0.13215848 0.56404333 0.03769094
v -0.13342381 0.57890033 0.00877381
v 0.15092343 0.20163043 0.28011378
v 0.16075271 0.22006470 0.25517195
v 0.30134566 0.17453229 0.20258823
v 0.32784125 0.18864801 0.19004782
v 0.15250634 -0.50765736 0.11582290
v 0.15780316 -0.52640828 0.08976760
v 0.35329773 -0.24537507 0.19895611
v 0.37815815 -0.26133554 0.18532693
v 0.35813973 -0.28067015 0.18395410
v 0.38096313 -0.29486711 0.16562188
v 0.49645476 -0.01560288 0.13330001
v 0.52044705 -0.01243079 0.11155515
v 0.49202281 -0.05298550 0.11719854
v 0.51775670 -0.05164838 0.09733624
v 0.43022619 0.26231135 0.10095314
v 0.45236939 0.27154033 0.07897506
v 0.03984096 -0.29147445 0.21692807
v 0.04470910 -0.32364237 0.21668781
v 0.36239869 0.02141268 0.21322444
v 0.39394402 0.02398099 0.20568601
v -0.56585222 0.00158025 0.05695508
v -0.58112882 0.00123198 0.02823164
v 0.40737667 -0.23862613 0.17404693
v 0.42985316 -0.25329195 0.15565527
v 0.44555766 -0.22108677 0.15134972
v 0.46405197 -0.23095287 0.12646695
v 0.26193419 0.18333545 0.21697775
v 0.28458092 0.20131289 0.20206234
v -0.44056129 -0.30772891 0.06271684
v -0.45929772 -0.32338750 0.04121598
v -0.41267116 -0.32519292 0.08528927
v -0.42948104 -0.34194003 0.06302957
v 0.38545499 -0.03948091 0.18869803
v 0.41514089 -0.03962636 0.17538421
v 0.35193306 -0.02604464 0.20684705
v 0.38239000 -0.02611211 0.19540582
v 0.43331072 0.06867555 0.19320041
v 0.46052610 0.07522521 0.17661859
v 0.44815467 0.08718240 0.18545903
v 0.47301809 0.09345688 0.16543471
v -0.44593022 0.25806969 0.13500055
v -0.46249990 0.27148031 0.11042143
v -0.42693896 0.23411231 0.16230917
v -0.44528311 0.24905835 0.13997893
v -0.23579822 0.06100924 0.26047767
v -0.26076397 0.07368230 0.24390550
v 0.16085460 0.12199470 0.28365806
v 0.18055995 0.14563452 0.27310394
v 0.13422523 -0.18344811 0.26597792
v 0.15639872 -0.20408406 0.25410250
v 0.19792073 -0.53111530 0.05623861
v 0.20480095 -0.54567527 0.02796846
v 0.02456773 -0.54127352 0.09786441
v 0.02655121 -0.55727148 0.06960379
v 0.01512583 -0.56049905 0.06453560
v 0.01599286 -0.57723898 0.03665094
v -0.44603578 -0.20189080 0.13767603
v -0.47099564 -0.20870748 0.11795117
v -0.06756535 0.12833351 0.29444441
v -0.08033379 0.15825781 0.29425729
v -0.21946722 -0.17427840 0.23731599
v -0.23751762 -0.19171493 0.21661133
v 0.06675746 -0.14053205 0.28773440
v 0.08027676 -0.16988864 0.28399929
v 0.04870259 -0.14444770 0.29462216
v 0.06006116 -0.17491914 0.29361912
v 0.29518991 -0.24123858 0.21007776
v 0.32025523 -0.26040144 0.20213761
v 0.29272285 -0.17498316 0.21871623
v 0.32098006 -0.19059232 0.21466455
v 0.03550120 -0.40219818 0.20538795
v 0.03964498 -0.43253357 0.19438227
v -0.25767116 -0.46018955 0.11310796
v -0.26944709 -0.47629437 0.08740789
v 0.34314034 0.38247849 0.14136180
v 0.35596383 0.39919486 0.11656961
v 0.35700857 -0.20065820 0.20455623
v 0.38330633 -0.21568042 0.19266959
v 0.38396955 -0.15890945 0.19194026
v 0.41074431 -0.17118296 0.17811982
v 0.46083842 -0.28823551 0.10157183
v 0.47398539 -0.29773263 0.07336733
v 0.44770072 -0.25671430 0.13286803
v 0.46518890 -0.26842652 0.10805837
v 0.06237526 0.41858060 0.16348247
v 0.06336638 0.44667378 0.14710192
v -0.34055514 0.36621085 0.13649630
v -0.36033138 0.37873376 0.11389965
v -0.35643375 0.38237442 0.11197466
v -0.37450589 0.39497771 0.08803543
v 0.02076640 -0.23532255 0.27842052
v 0.02674332 -0.26276465 0.26199679
v 0.06065316 0.54777447 0.06717332
v 0.05852016 0.56744325 0.04134463
v -0.03514790 -0.57402846 0.03569255
v -0.03486671 -0.59151378 0.00825688
v -0.05636522 -0.57167504 0.03443561
v -0.05646919 -0.58913058 0.00697973
v 0.09146643 0.22227324 0.28168352
v 0.10476775 0.24259204 0.26003282
v 0.05411281 0.20777935 0.27825958
v 0.06786202 0.23507459 0.26710337
v 0.00305248 -0.37742873 0.20515807
v 0.00434135 -0.40859471 0.19590862
v 0.33737516 -0.43251202 0.06233075
v 0.35340174 -0.44753206 0.03832910
v -0.40912929 -0.10966636 0.19781860
v -0.43811086 -0.11525556 0.18413061
v -0.47863675 -0.17592680 0.13124272
v -0.49891057 -0.18182051 0.10648856
v -0.56787777 -0.10960247 0.03596640
v -0.58411888 -0.11285498 0.00796319
v 0.39224605 0.43436207 0.02540639
v 0.40273329 0.44432095 -0.00373757
v 0.46346548 -0.35599306 0.02382956
v 0.47661097 -0.36451865 -0.00468433
v -0.56382506 0.13868506 0.02145138
v -0.58373863 0.14336809 -0.00384784
v -0.02868858 0.58399912 0.02574021
v -0.02789981 0.59888470 -0.00317915
v 0.20501888 -0.06159534 0.27537113
v 0.23267526 -0.07425682 0.26382369
v 0.22800491 -0.09471625 0.27157709
v 0.24979157 -0.10829213 0.25158788
v -0.31721576 -0.38161187 0.14818015
v -0.32908077 -0.39945890 0.12370084
v 0.26378582 0.42244712 0.16900566
v 0.27790445 0.43931665 0.14503453
v -0.03067321 0.55144171 0.08840667
v -0.03070013 0.56609833 0.05935991
v -0.35427608 0.12019943 0.19788993
v -0.38282301 0.13177531 0.18742076
v -0.20390644 0.52004742 0.07442532
v -0.20988295 0.53417564 0.04573374
v -0.15826908 0.53673672 0.07446107
v -0.16043765 0.55095275 0.04527660
v 0.31979727 -0.05542984 0.21285347
v 0.34857049 -0.05826029 0.19793295
v -0.15002307 0.36182532 0.20585358
v -0.16043358 0.39107182 0.19611728
v -0.18092468 0.33439959 0.19466001
v -0.19253845 0.36217832 0.18233140
v -0.54088036 0.19901266 0.03565078
v -0.55600648 0.20726665 0.00805361
v -0.51337731 0.16454795 0.08114469
v -0.53258673 0.17446260 0.05682947
v -0.53634863 0.12781629 0.05507077
v -0.55579979 0.13594712 0.03029026
v 0.23637757 0.24069845 0.22205377
v 0.25836086 0.26357539 0.21484875
v -0.31898515 0.07025901 0.20879008
v -0.34667078 0.07844302 0.19378809
v -0.54205753 -0.13780639 0.07058333
v -0.55750968 -0.13950412 0.04200221
v -0.47276959 -0.24270319 0.08577084
v -0.49492256 -0.25037494 0.06321155
v 0.18491475 -0.43083649 0.16149452
v 0.19372990 -0.45818061 0.14622612
v -0.34414730 0.47129173 0.02041428
v -0.35418574 0.48733351 -0.00605122
v -0.33958209 -0.43181199 0.08459446
v -0.34849498 -0.44523070 0.05632733
v -0.50180503 0.24116036 0.07347766
v -0.51576308 0.24863636 0.04505559
v -0.48492603 0.22426970 0.10533094
v -0.50235678 0.23266437 0.07917315
v 0.00893385 -0.47576348 0.16236448
v 0.01239770 -0.50161026 0.14290999
v 0.32115818 -0.39436676 0.10897910
v 0.33951486 -0.40848390 0.08612587
v -0.12021568 -0.55734035 0.03011816
v -0.12544191 -0.57988019 0.00724517
v 0.50111438 0.23302865 0.07105641
v 0.51950823 0.23862188 0.04480925
v -0.22555184 -0.38071025 0.18940118
v -0.24145227 -0.40324646 0.17214349
v -0.11901749 0.18065951 0.26815099
v -0.13180198 0.20891568 0.25831852
v 0.22458138 -0.30633235 0.18323815
v 0.24387164 -0.32846061 0.16921113
v 0.24989425 0.02292430 0.27473811
v 0.27297044 0.02738665 0.25224126
v 0.21776717 0.03732395 0.29614406
v 0.24434309 0.04347049 0.27841070
v -0.18945090 0.16462239 0.27519372
v -0.20710244 0.17805481 0.25139194
v 0.49732786 -0.14640890 0.09793305
v 0.51881270 -0.15598847 0.07545716
v 0.51297016 -0.11402883 0.07595992
v 0.53613453 -0.12179174 0.05447316
v -0.57869777 0.05385858 0.02378418
v -0.59668651 0.05588833 -0.00324945
v 0.18199846 0.50970438 0.09094657
v 0.19312953 0.52804992 0.06649105
v -0.32478097 -0.11316732 0.21077380
v -0.35521302 -0.12364113 0.20600713
v -0.00773332 -0.51751844 0.11772615
v -0.00406561 -0.54014949 0.09464120
v -0.29894171 0.20148433 0.21833403
v -0.32499550 0.21999400 0.21224107
v -0.06794155 0.50413414 0.15024555
v -0.07288960 0.52472349 0.12554480
v 0.04470266 0.34339532 0.20522102
v 0.04782598 0.37332794 0.19285917
v 0.00918685 0.33655953 0.21627781
v 0.01072191 0.36849098 0.21023147
v -0.00089081 0.18440884 0.29769523
v -0.00337008 0.21620340 0.29125389
v 0.02819825 0.19263160 0.27767972
v 0.02996654 0.22432955 0.27056320
v -0.17713686 -0.06145410 0.29494726
v -0.20787459 -0.06841186 0.28686558
v -0.18803113 -0.02166836 0.29637811
v -0.21896110 -0.02629900 0.28741007
v 0.20664078 -0.27625491 0.20070552
v 0.22599705 -0.29926652 0.18828246
v -0.12158461 0.31471585 0.21925577
v -0.13260977 0.34479188 0.21356278
v -0.29408795 0.30171187 0.18895037
v -0.31590590 0.32148578 0.17511199
v -0.44527376 0.04683339 0.15197185
v -0.47292814 0.04604177 0.13485050
v -0.49576769 0.01671762 0.13510632
v -0.51956693 0.01382035 0.11311238
v -0.06721898 0.26314691 0.25690311
v -0.06999435 0.28329391 0.23150768
v 0.24147704 0.13420324 0.24459093
v 0.26442017 0.14489997 0.22415263
v -0.22709124 0.53773412 0.02802286
v -0.23210121 0.55156643 -0.00099609
v -0.33739709 -0.46949529 0.03552586
v -0.34559317 -0.48347291 0.00731271
v 0.35039799 0.20862526 0.17223151
v 0.37563317 0.22054214 0.15550711
v -0.20737802 -0.28532581 0.21187139
v -0.22665806 -0.31127504 0.20820411
v 0.02003887 -0.11934827 0.29480041
v 0.02710272 -0.15087680 0.29861946
v 0.49774701 0.17690546 0.11161059
v 0.51675511 0.18363473 0.08607745
v 0.50607815 0.15542074 0.11212962
v 0.52600211 0.15981014 0.08678597
v 0.46739509 -0.01793532 0.15471054
v 0.49420110 -0.01473213 0.13655264
v 0.48542665 -0.03895671 0.13096025
v 0.51085889 -0.03571681 0.11092939
v 0.19299910 -0.50666206 0.09692519
v 0.19788403 -0.52295966 0.06919331
v -0.40785455 -0.06425716 0.20319104
v -0.43793504 -0.06919338 0.19181872
v 0.00508591 0.25846889 0.26338243
v 0.00483399 0.28252766 0.24148167
v -0.02990702 0.24940688 0.27735556
v -0.03312048 0.27154110 0.25372757
v 0.37743995 -0.40782906 0.07001052
v 0.39152562 -0.41760919 0.04236139
v 0.35782344 -0.38740961 0.10223387
v 0.37633468 -0.39993886 0.07859316
v -0.08959408 0.57286703 0.03677000
v -0.09318355 0.58704345 0.00770667
v -0.37561959 0.41802620 0.05920113
v -0.38789715 0.42968628 0.03141920
v -0.38642664 0.40279852 0.06794120
v -0.39948218 0.41421508 0.04041400
v -0.20656564 -0.08602933 0.27956036
v -0.23561414 -0.09329581 0.26683580
v 0.06791026 -0.42651895 0.20095496
v 0.07430386 -0.45512176 0.18682935
v 0.06407597 -0.46211023 0.18182089
v 0.07081726 -0.48871264 0.16434524
v 0.21014616 -0.02763055 0.27888080
v 0.24037068 -0.02435162 0.26729379
v -0.37370836 -0.15764346 0.19267748
v -0.40196297 -0.16671129 0.17933644
v -0.34133415 0.02328106 0.20553332
v -0.37189360 0.02502228 0.19450520
v -0.37742387 0.05035923 0.18282360
v -0.40677783 0.05321290 0.16908558
v 0.45359259 -0.14828491 0.14044788
v 0.47733117 -0.16029294 0.12171773
v 0.31833237 0.46898938 0.06554497
v 0.32655532 0.48203662 0.03689738
v 0.28550545 0.48510325 0.07270965
v 0.29425476 0.49608519 0.04336040
v 0.07691246 0.18539540 0.29946039
v 0.09388858 0.21068056 0.28801471
v 0.34605223 -0.26623004 0.19421142
v 0.37006227 -0.28202034 0.17895637
v -0.13627596 0.12533796 0.29520879
v -0.16064675 0.14586910 0.28864614
v -0.19504409 0.49861928 0.10865862
v -0.20029551 0.51756541 0.08273569
v 0.00069368 -0.57873543 0.03266196
v 0.00171304 -0.59649412 0.00542006
v -0.42366397 0.34929781 0.08991605
v -0.43569223 0.35879732 0.06121741
v 0.25030591 -0.41367525 0.11607591
v 0.26090925 -0.43776178 0.09694636
v -0.20381229 0.46177531 0.13659710
v -0.20763503 0.48494896 0.11408265
v -0.16603387 0.45715106 0.16181814
v -0.17244800 0.48097650 0.14061110
v 0.07203942 0.31279792 0.21673176
v 0.08032748 0.34055348 0.20191729
v 0.49667584 -0.23496656 0.08810340
v 0.51108361 -0.24067051 0.05949548
v -0.42698986 0.07508690 0.14619842
v -0.45408459 0.07719011 0.12831033
v -0.33409802 -0.19766797 0.17748177
v -0.36021861 -0.21076339 0.16317247
v 0.08508454 0.46008550 0.12411890
v 0.08619806 0.48649491 0.10514960
v -0.31649646 0.13760176 0.21320659
v -0.34534522 0.15097604 0.20632115
v -0.03954019 0.19691326 0.30551982
v -0.04579280 0.22629576 0.29302562
v -0.06402095 0.23220346 0.28677242
v -0.06772951 0.25569088 0.26456613
v 0.35419042 0.39194067 0.12462117
v 0.36550991 0.40729790 0.09826674
v 0.12120060 -0.53379649 0.09739791
v 0.12273797 -0.54923791 0.06880191
v 0.41315994 -0.27734982 0.15899486
v 0.43011940 -0.28691142 0.13292795
v 0.38173040 -0.30947263 0.15528095
v 0.40150901 -0.32180401 0.13258127
v -0.34527868 0.19153030 0.21000419
v -0.37142493 0.20769017 0.19933815
v -0.37930439 0.21061859 0.19580412
v -0.40356270 0.22604657 0.18057115
v -0.26965591 0.07229768 0.23995111
v -0.29238621 0.08229817 0.21893075
v -0.25500104 0.10780218 0.24604907
v -0.27497723 0.11868973 0.22279085
v -0.00302055 0.38257308 0.21049179
v -0.00400564 0.41336847 0.20004167
v 0.20931549 -0.23602480 0.21550155
v 0.23095060 -0.25864011 0.20661329
v 0.39485511 -0.39141619 0.07257766
v 0.40692599 -0.40281125 0.04459591
v 0.42274504 -0.35723633 0.07939259
v 0.43570120 -0.36605189 0.05088021
v -0.22925094 -0.03702377 0.28403487
v -0.25702612 -0.04296448 0.26816733
v 0.30372459 -0.38354623 0.12017950
v 0.32319238 -0.40138645 0.10117257
v 0.33735258 -0.36888049 0.13021983
v 0.35673158 -0.38251324 0.10792332
v -0.57786590 -0.09181564 0.02378329
v -0.59322435 -0.09514499 -0.00470469
v -0.54731692 -0.14961985 0.05398011
v -0.56292361 -0.15247994 0.02557619
v -0.56057760 -0.16463904 0.02294251
v -0.57600688 -0.16864475 -0.00541984
v 0.19792189 0.41296532 0.18782940
v 0.21134965 0.43640540 0.16969684
v -0.28992282 -0.41303645 0.14359584
v -0.30159908 -0.43100333 0.11911345
v 0.24305104 -0.12668709 0.25074557
v 0.26319546 -0.13565926 0.22682416
v 0.36207708 0.17702295 0.18916455
v 0.38938530 0.18739935 0.17484243
v 0.35279790 0.13800602 0.20772669
v 0.38175445 0.14890545 0.19766427
v -0.15825917 0.05772574 0.29439539
v -0.18701546 0.07236395 0.29023242
v -0.17555191 0.09104275 0.29800778
v -0.20099464 0.10867980 0.28800111
v -0.37214273 0.09070059 0.18163343
v -0.39983545 0.10009728 0.16737343
v 0.56147603 0.08642167 0.05645591
v 0.57605283 0.09098801 0.02772966
v 0.53120195 0.12654133 0.09538400
v 0.54773364 0.12873100 0.06744763
v 0.40084017 0.03441685 0.20407755
v 0.43057624 0.03839188 0.19148800
v 0.41149804 -0.00449765 0.19109175
v 0.44169159 -0.00299622 0.17906566
v -0.35588459 0.31409277 0.16880144
v -0.37510004 0.32979148 0.14775747
v 0.36657001 0.43524883 0.05693084
v 0.37609396 0.44619789 0.02781136
v 0.36157123 0.45962762 0.02545071
v 0.37001103 0.47117863 -0.00377044
v -0.45231378 -0.35350926 0.03067420
v -0.46722251 -0.36663106 0.00490446
v 0.51745090 0.22641570 0.05801659
v 0.53314800 0.23094456 0.02988080
v -0.13371717 0.27932023 0.22026612
v -0.14650314 0.30823285 0.21257774
v 0.33696844 0.28143345 0.17009136
v 0.35524996 0.30297898 0.15396350
v 0.36164239 0.30343535 0.14838522
v 0.37900375 0.32458029 0.13077822
v -0.23593879 0.44806961 0.11804641
v -0.24080512 0.47092368 0.09540701
v 0.27366866 -0.20755555 0.21814481
v 0.29964368 -0.22655563 0.21336710
v 0.04544154 0.43296450 0.16557194
v 0.04512548 0.46158352 0.15009990
v -0.42296318 -0.25498918 0.10699801
v -0.44624297 -0.26434575 0.08628478
v 0.49629520 0.03414012 0.14537004
v 0.51826842 0.03743905 0.12160397
v 0.17616352 -0.46557441 0.15096464
v 0.18262870 -0.48569574 0.12622873
v -0.47450138 -0.00386365 0.16106551
v -0.49914893 -0.00720148 0.14009198
v -0.42848279 -0.38467326 0.03376653
v -0.44070528 -0.39763146 0.00654104
v -0.18545108 -0.48431031 0.11170089
v -0.19702129 -0.50340975 0.08803925
v 0.44904720 0.00802830 0.17725702
v 0.47605226 0.01076042 0.15931841
v -0.01935211 0.54172079 0.10309485
v -0.02049755 0.55900534 0.07555463
v 0.00052684 0.51496062 0.13127858
v -0.00346474 0.53649130 0.10721556
v 0.12178471 0.06945101 0.28926629
v 0.15061013 0.08420207 0.28609878
v 0.28527245 0.41543570 0.16530139
v 0.29455392 0.43198155 0.13886995
v -0.18308615 0.35379954 0.19055210
v -0.19338875 0.38146015 0.17686713
v -0.19875051 0.36418243 0.17736805
v -0.20874888 0.39116711 0.16218942
v 0.17218158 0.36304479 0.21282643
v 0.18620540 0.38983413 0.20081828
v 0.40606882 0.38680098 0.06839019
v 0.41607143 0.39984542 0.04031311
v 0.42164598 0.37600205 0.05799500
v 0.43181149 0.38829204 0.02963746
v 0.32433163 0.06582100 0.22152203
v 0.35594389 0.07286821 0.21843437
v 0.14869859 -0.44625811 0.17390867
v 0.15529246 -0.47110651 0.15396852
v 0.11274542 -0.46525397 0.17619946
v 0.11561692 -0.48942719 0.15461379
v -0.12825509 0.46940245 0.16963945
v -0.13152938 0.49342341 0.14794143
v -0.06928122 0.51812878 0.13364132
v -0.07412778 0.53818521 0.10848615
v 0.18977661 0.14465607 0.26813326
v 0.20828864 0.16623626 0.25231771
v 0.39039255 -0.07245647 0.17235042
v 0.41836082 -0.07410874 0.15581024
v 0.02103836 -0.58403558 0.02461790
v 0.02075193 -0.59998312 -0.00373921
v 0.47039067 -0.30770566 0.06747635
v 0.48435305 -0.31638203 0.03939959
v 0.47218508 -0.26703817 0.10116878
v 0.48604249 -0.27525398 0.07290212
v 0.15385671 -0.11585435 0.30019238
v 0.17978591 -0.13211134 0.28915071
v 0.19292152 -0.11621078 0.28928673
v 0.21774300 -0.13118244 0.27451259
v 0.35034928 -0.12611991 0.20087685
v 0.37929964 -0.13690979 0.19067946
v 0.01792349 -0.36072066 0.21016796
v 0.01967291 -0.39282100 0.20516403
v -0.45131985 0.33163474 0.07267853
v -0.46414518 0.33953375 0.04384022
v 0.34913238 0.44420765 0.06656595
v 0.35673904 0.45621256 0.03729904
v -0.18028965 0.49252064 0.12305849
v -0.18558603 0.51243723 0.09788292
v -0.15838849 0.50027623 0.12578722
v -0.16203627 0.52079413 0.10080240
v 0.02892804 0.25484101 0.26057599
v 0.02755614 0.27943278 0.23931819
v 0.00625500 0.28291890 0.23913802
v 0.00841732 0.30778983 0.21827434
v -0.11878631 0.05057028 0.29845932
v -0.14749548 0.06587169 0.29888569
v -0.15784318 0.04024449 0.28571508
v -0.18791812 0.05196054 0.28162071
v -0.02592086 -0.46769085 0.15244158
v -0.02250222 -0.49476629 0.13472817
v -0.14892955 -0.38936218 0.18301384
v -0.16153956 -0.41585268 0.16895066
v -0.14182976 -0.41972405 0.16151595
v -0.15375627 -0.44539503 0.14547567
v 0.17654603 -0.34330074 0.18936684
v 0.18913044 -0.37075018 0.17725517
v 0.21003067 -0.33570547 0.17169943
v 0.22295900 -0.36079398 0.15551435
v -0.36735129 0.44371653 0.03309643
v -0.37857314 0.45643951 0.00533445
v -0.04739913 -0.28811390 0.22397819
v -0.05192525 -0.31599733 0.20783630
v 0.15669148 -0.52167897 0.09734731
v 0.16045138 -0.53669719 0.06873179
v 0.17797576 -0.53192340 0.06643914
v 0.18330767 -0.54681676 0.03800869
v -0.31060754 0.33108198 0.16855301
v -0.33185775 0.34847892 0.15110863
v -0.35259165 0.33170542 0.15892859
v -0.37103802 0.34873983 0.13823821
v 0.29301143 -0.32144554 0.17443012
v 0.31523114 -0.33973830 0.15925806
v 0.28357267 -0.35154217 0.15023093
v 0.30420923 -0.36996053 0.13310117
v 0.12531727 0.38684447 0.18961318
v 0.13750878 0.41399416 0.17646808
v 0.50748465 -0.18541330 0.08733539
v 0.52659609 -0.19541876 0.06298020
v -0.05264430 0.52768959 0.12115427
v -0.05703465 0.54708734 0.09540580
v -0.02361570 0.51635589 0.13445300
v -0.02524377 0.53723762 0.10955652
v 0.17654491 0.02917509 0.30528023
v 0.20800180 0.03580945 0.30028214
v 0.17119471 -0.00397957 0.29822304
v 0.20342315 -0.00129181 0.29466844
v -0.15236945 -0.49771072 0.09589837
v -0.16288671 -0.51767861 0.07246330
v -0.17925708 -0.52213772 0.06561641
v -0.18781630 -0.54055393 0.04019762
v -0.42786889 -0.07328075 0.19670867
v -0.45617967 -0.07866773 0.18160862
v -0.44889323 -0.10316845 0.18077923
v -0.47656304 -0.10803589 0.16437125
v -0.20724001 0.15205556 0.27131607
v -0.22417376 0.16512414 0.24680094
v 0.15803303 0.29094254 0.22561914
v 0.17329735 0.31950971 0.22254522
v -0.38068991 -0.13836154 0.19809294
v -0.40940371 -0.14745411 0.18578952
v -0.36751925 -0.10300358 0.20895436
v -0.39798938 -0.11066474 0.20050392
v 0.39973976 -0.17522462 0.18470239
v 0.42541618 -0.18802167 0.16935676
v -0.30805544 -0.31248688 0.17710067
v -0.32677944 -0.33437809 0.16197722
v -0.34073902 -0.29619702 0.15667623
v -0.35849831 -0.31690267 0.13894446
v 0.39555877 0.05450118 0.20903526
v 0.42508652 0.06024849 0.19664121
v 0.40394458 0.09241230 0.20488562
v 0.43323534 0.09846744 0.19208256
v -0.33608590 -0.37176989 0.13972400
v -0.34985579 -0.38831180 0.11532549
v 0.42069482 -0.28573309 0.14213606
v 0.44048183 -0.29834413 0.11959793
v -0.24852357 0.47118418 0.08925163
v -0.25427370 0.49269268 0.06552713
v 0.52262500 -0.05949563 0.08723481
v 0.54614708 -0.05897409 0.06476324
v 0.48031673 -0.07473784 0.11473400
v 0.50595072 -0.07455030 0.09469916
v -0.43392330 0.39102674 0.02527511
v -0.44438102 0.40255776 -0.00329416
v -0.06981698 0.57965678 0.02665940
v -0.07167864 0.59416014 -0.00240465
v -0.57946112 -0.05639316 0.02682167
v -0.59524101 -0.05749718 -0.00160908
v -0.20301287 0.44135584 0.14772732
v -0.20952660 0.46683242 0.12856885
v 0.18219054 0.21444283 0.24437914
v 0.19686039 0.23005487 0.21989259
v 0.28323331 -0.00629147 0.23870181
v 0.30810016 -0.00678563 0.21772736
v -0.21396884 -0.54438357 0.02104387
v -0.22036845 -0.56035606 -0.00656874
v -0.21999898 -0.07145031 0.28209394
v -0.24884789 -0.07699737 0.26811173
v -0.11787145 0.09054265 0.30106057
v -0.14291104 0.11131367 0.30072137
v -0.10152498 0.11622012 0.28935997
v -0.12321625 0.14018704 0.28567115
v 0.00304412 0.53896354 0.10251124
v -0.00070441 0.55737231 0.07594816
v 0.01773019 0.55770923 0.07130798
v 0.01555774 0.57425116 0.04337634
v -0.45811831 0.23948320 0.12913747
v -0.47548470 0.25139446 0.10433702
v -0.19634850 -0.35862492 0.19925966
v -0.21146810 -0.38476737 0.18715586
v -0.33097385 -0.27394622 0.16362283
v -0.35095540 -0.29444252 0.14815769
v -0.34004540 -0.25377778 0.15662060
v -0.36092623 -0.27255012 0.14018521
v 0.01202188 0.46333114 0.16844929
v 0.00901881 0.49137619 0.15223237
v 0.09876957 0.45389919 0.12918480
v 0.10868816 0.47863634 0.11052396
v 0.54177449 -0.21768748 0.02671706
v 0.55597788 -0.22342461 -0.00198626
v 0.47931709 0.10286720 0.15975569
v 0.50151781 0.10720277 0.13637060
v 0.47955591 0.14340746 0.14562024
v 0.50074197 0.14817347 0.12139282
v -0.23192974 -0.28864791 0.20804159
v -0.25206491 -0.31344496 0.20185992
v 0.08381858 -0.53520038 0.10463829
v 0.08991902 -0.55103662 0.07687987
v 0.05518235 -0.55606566 0.07031745
v 0.05851194 -0.57131832 0.04177272
v -0.09509244 -0.12013345 0.29632482
v -0.11463965 -0.14606423 0.29431653
v -0.55147223 0.15779168 0.03264183
v -0.56929576 0.16511447 0.00642676
v -0.32100447 0.04974685 0.20908214
v -0.34943765 0.05406493 0.19386898
v -0.35499723 0.07672386 0.19013903
v -0.38206627 0.08559834 0.17442145
v -0.16621039 -0.01533322 0.29698831
v -0.19840158 -0.01830406 0.29332322
v 0.26829408 -0.49479673 0.05100644
v 0.27516105 -0.51065648 0.02344116
v -0.36192484 -0.00320568 0.20704200
v -0.39316227 -0.00323253 0.19794508
v -0.36894646 -0.04295508 0.21015144
v -0.40067468 -0.04605773 0.20365334
v -0.16976389 -0.22236810 0.24377576
v -0.18208448 -0.23998719 0.21935646
v -0.18108833 -0.19172973 0.25875548
v -0.19553861 -0.20891588 0.23521068
v 0.13688995 -0.20195498 0.25306797
v 0.15736802 -0.22424753 0.24114225
v 0.15202519 -0.17642881 0.27206995
v 0.17484136 -0.19546360 0.25881738
v -0.06829003 0.40035487 0.21594104
v -0.07354655 0.43048810 0.20485551
v 0.21299373 -0.12824321 0.27886544
v 0.23118268 -0.14088967 0.25503771
v -0.13532620 0.54466169 0.07439043
v -0.13619639 0.55922031 0.04530742
v -0.18156980 -0.11484672 0.26432095
v -0.20960352 -0.12810989 0.25448576
v -0.08534942 0.55630867 0.07171473
v -0.08892598 0.57015275 0.04249005
v 0.04075978 -0.49144880 0.15798051
v 0.04501108 -0.51225714 0.13333357
v 0.00695812 -0.49503924 0.14773898
v 0.01136467 -0.51734215 0.12446465
v -0.56121762 -0.07924850 0.05672041
v -0.57631211 -0.08225514 0.02805600
v -0.52865388 -0.18254658 0.06598310
v -0.54453295 -0.18760613 0.03804051
v -0.34993428 -0.41357427 0.09452890
v -0.35946926 -0.42749421 0.06671072
v -0.46755490 0.08456994 0.11517383
v -0.49372535 0.08639416 0.09593035
v -0.48186473 0.05346074 0.12396006
v -0.50816218 0.05294449 0.10481041
v -0.12559200 -0.25802407 0.23491681
v -0.13418162 -0.27849726 0.21113449
v -0.27909744 -0.17567275 0.20509690
v -0.30415267 -0.18986682 0.18995439
v -0.10723034 -0.05290070 0.29038316
v -0.13716256 -0.06561471 0.28940974
v 0.24556357 0.22156478 0.21770848
v 0.26895772 0.24303287 0.21061151
v 0.26496838 0.22544773 0.21131128
v 0.28739120 0.24650369 0.20070959
v -0.23171456 0.38253995 0.14686840
v -0.24180306 0.40787717 0.12912638
v -0.21428209 0.35309183 0.16890246
v -0.22565253 0.37910074 0.15300336
v -0.35050625 -0.16513762 0.19267042
v -0.37870262 -0.17609043 0.18068991
v -0.31396027 -0.15715739 0.20194237
v -0.34185045 -0.16939410 0.19049980
v -0.01516110 0.16756033 0.30422300
v -0.01875423 0.19973148 0.30096139
v -0.27987931 0.24576779 0.21162965
v -0.30319546 0.26700826 0.20364646
v -0.30245607 0.23840307 0.21113627
v -0.32692823 0.25838240 0.20335992
v -0.06963705 -0.39792303 0.16588707
v -0.07121783 -0.42599523 0.14951684
v -0.06461600 -0.21241525 0.26846209
v -0.07685791 -0.23991380 0.25611313
v -0.52922692 -0.04257026 0.10961522
v -0.54836994 -0.04368319 0.08333143
v 0.39459361 0.21393292 0.15330298
v 0.42033770 0.22402362 0.13615796
v 0.02413402 0.41066448 0.18897666
v 0.02362177 0.44076367 0.17663533
v 0.46878320 -0.13981163 0.12412690
v 0.49295479 -0.15065048 0.10523815
v 0.35434227 -0.45089032 0.03156644
v 0.36784754 -0.46559601 0.00587827
v 0.03361422 0.14913253 0.28790035
v 0.04418193 0.17963491 0.28384328
v -0.23773560 0.13864127 0.25140169
v -0.25423022 0.15138494 0.22642054
v 0.16722931 -0.30012988 0.20189819
v 0.18183065 -0.32662595 0.18992778
v 0.50643610 0.19361926 0.09392405
v 0.52407492 0.19992252 0.06732194
v -0.42567668 0.09068350 0.14578400
v -0.45133410 0.10008893 0.12812709
v -0.40820278 0.11728743 0.16663851
v -0.43425443 0.12898697 0.15105121
v 0.05969134 0.35798141 0.19528915
v 0.06202714 0.38633564 0.17950582
v -0.50162323 -0.24881676 0.05647850
v -0.51899632 -0.25531639 0.02974908
v 0.40527061 -0.03726915 0.18150613
v 0.43406964 -0.03639722 0.16639363
v 0.43833339 -0.34067324 0.07849140
v 0.45189734 -0.34858684 0.04999709
v 0.42644012 -0.32523905 0.10744397
v 0.44335135 -0.33421780 0.08113952
v 0.01322696 -0.09588820 0.29509098
v 0.01993312 -0.12772408 0.29528069
v -0.00353293 -0.08948636 0.28982459
v -0.00357715 -0.12192515 0.29232549
v -0.06514431 0.46769531 0.18298863
v -0.07105550 0.49226627 0.16249821
v 0.21082449 0.34840680 0.21814322
v 0.22773300 0.37427703 0.20797637
v 0.56706442 0.01097881 0.05452625
v 0.58340460 0.01091247 0.02639218
v 0.37445544 -0.35329297 0.12532135
v 0.39160224 -0.36614400 0.10083932
v 0.10753149 -0.36957498 0.21060689
v 0.11694121 -0.39994840 0.20371891
v 0.31354633 0.46347492 0.08495696
v 0.31964913 0.47427522 0.05487970
v 0.29347417 0.45267789 0.12132941
v 0.30351069 0.46533594 0.09308806
v -0.02325178 -0.40909407 0.18458398
v -0.02220043 -0.43908953 0.17202617
v -0.40080292 -0.00033431 0.19565143
v -0.43096118 -0.00111141 0.18346916
v -0.41921828 -0.03154985 0.19543581
v -0.44919012 -0.03416091 0.18305021
v -0.02855163 -0.04253631 0.28579326
v -0.04580874 -0.06934284 0.29228431
v -0.05534955 -0.03059680 0.28889223
v -0.08485820 -0.04426791 0.28795842
v 0.28738806 0.18146986 0.20552144
v 0.31170927 0.19616140 0.18967312
v 0.03007179 0.28606196 0.23705354
v 0.03450187 0.31071906 0.21629459
v 0.01406554 0.31284226 0.22115867
v 0.01562188 0.34428886 0.21295982
v 0.57557525 -0.02503904 0.03543986
v 0.59288063 -0.02354345 0.00792952
v -0.20596409 -0.15261988 0.24572215
v -0.22859972 -0.17157075 0.23204647
v 0.31992812 -0.40867995 0.09292086
v 0.33742037 -0.42500301 0.07087295
v 0.13286240 0.23476523 0.25753508
v 0.14424120 0.25285013 0.23299957
v 0.14410279 -0.56624018 0.02507393
v 0.14737020 -0.58128703 -0.00358699
v -0.44278661 0.36977168 0.03786526
v -0.45416458 0.38009830 0.00918714
v 0.37536501 0.26051650 0.13444440
v 0.39482130 0.27924291 0.11629761
v 0.35173121 0.28283402 0.15634077
v 0.37053139 0.30368566 0.13990015
v -0.29532790 -0.33341955 0.17963894
v -0.31302450 -0.35519345 0.16316899
v 0.36933031 -0.09753367 0.18508204
v 0.39725965 -0.10630474 0.17088515
v 0.48845781 -0.21981000 0.10446799
v 0.50638676 -0.22807414 0.07860705
v -0.04670428 -0.01448857 0.28604259
v -0.07787718 -0.02030795 0.29331698
v -0.06009736 0.01258948 0.28995061
v -0.09062382 0.02383708 0.28955286
v -0.09174655 -0.57562042 0.02031907
v -0.09540339 -0.59487596 -0.00564982
v -0.12693748 -0.54147587 0.04889338
v -0.13336931 -0.56140019 0.02398987
v -0.15684788 -0.55136746 0.03317353
v -0.16323012 -0.56921425 0.00672943
v 0.56198499 -0.10366935 0.02981401
v 0.58444121 -0.10688416 0.00649203
v -0.53197799 -0.23588562 0.02711107
v -0.54778030 -0.24164569 -0.00073925
v -0.02391152 -0.14641829 0.28196696
v -0.02635463 -0.17855437 0.27751329
v -0.31370645 0.31349571 0.18071350
v -0.33552835 0.33166930 0.16483719
v 0.02739300 -0.25486074 0.26890998
v 0.03368806 -0.27557152 0.24462074
v 0.05172281 -0.25811513 0.26357545
v 0.05629963 -0.27714590 0.23758671
v 0.15816928 0.55048177 0.03569162
v 0.16505734 0.56791249 0.00909733
v 0.19775369 0.54186056 0.03785479
v 0.20585672 0.55597061 0.00968071
v -0.19483243 0.30120027 0.19525371
v -0.20756879 0.32672664 0.17961014
v 0.02001584 -0.05812107 0.28961717
v 0.03422913 -0.08738207 0.28906211
v 0.03439555 -0.03103965 0.28718027
v 0.06150772 -0.04704341 0.29538645
v 0.46405259 -0.33014806 0.05516403
v 0.47710644 -0.33684127 0.02612388
v 0.56833281 0.13895460 0.02399826
v 0.58356542 0.14179199 -0.00461028
v 0.54485956 0.15332886 0.05855048
v 0.55945851 0.15696055 0.02970238
v -0.49996816 0.05680471 0.10920088
v -0.52452334 0.05513340 0.08792221
v -0.46386876 0.07033879 0.12642468
v -0.49028556 0.07101345 0.10744498
v -0.46942718 0.33970165 0.03561689
v -0.48241034 0.34777528 0.00689781
v -0.47950032 0.30715384 0.05617904
v -0.49091265 0.31786865 0.02765742
v 0.10160802 0.56944171 0.02158907
v 0.10650171 0.59136721 -0.00194508
v 0.01110117 -0.26450457 0.25735063
v 0.01293945 -0.28663117 0.23356900
v 0.05789194 -0.27015176 0.24533279
v 0.06347913 -0.29135334 0.22129515
v 0.26991442 0.51195402 0.03747015
v 0.27656184 0.52464431 0.00825886
v 0.23515369 0.52875037 0.03826480
v 0.24095344 0.54267904 0.00943969
v 0.26122940 -0.31012180 0.18225330
v 0.28251238 -0.33000397 0.16775275
v 0.22411869 -0.32573269 0.17145575
v 0.24280539 -0.34685874 0.15523759
v 0.01487975 -0.27805601 0.24260477
v 0.01713353 -0.30031293 0.21898101
v -0.01151657 -0.25800633 0.25861145
v -0.00833554 -0.28298687 0.23801083
v -0.56418556 0.10422653 0.02720098
v -0.58662508 0.10826593 0.00399144
v -0.55453851 0.07264424 0.04935247
v -0.57468428 0.07421823 0.02385341
v -0.55277158 0.18075944 0.02441088
v -0.56921632 0.18706129 -0.00294583
v 0.48987725 0.27061362 0.05210804
v 0.50774887 0.27863120 0.02613006
v 0.56566663 0.12258373 0.03811956
v 0.58101607 0.12411632 0.00947384
v -0.49523763 -0.30469417 0.02005982
v -0.51273501 -0.31608614 -0.00489206
v -0.01647666 -0.10761782 0.28655275
v -0.01904746 -0.13993868 0.28385367
v -0.04641760 -0.12562963 0.28778059
v -0.05748145 -0.15620197 0.28657423
v 0.47552346 0.29085584 0.05051563
v 0.49335789 0.29949765 0.02471283
v 0.49833136 0.29911059 0.02146508
v 0.51500604 0.31011168 -0.00421492
v -0.46832073 -0.32334307 0.03099193
v -0.48715865 -0.33691177 0.00819818
v 0.54174252 0.19843248 0.03798807
v 0.55621687 0.20494180 0.00958642
v 0.55436468 0.15955944 0.03738901
v 0.56931734 0.16370875 0.00879298
v 0.52010180 0.25875639 0.02663181
v 0.53556246 0.26608988 -0.00103982
v 0.27343582 -0.51433324 0.02270420
v 0.28209561 -0.52967319 -0.00464951
v -0.08165026 -0.26737219 0.23861552
v -0.09070518 -0.28894460 0.21600643
v -0.13942483 -0.56444491 0.02018230
v -0.14356237 -0.58467407 -0.00496116
v 0.06168851 0.27508667 0.23609849
v 0.06779526 0.30264375 0.21991682
v -0.07484676 -0.28165236 0.22408914
v -0.08133153 -0.30912865 0.20791717
v 0.02278450 -0.00437055 0.28921430
v 0.05518871 -0.00145659 0.28930415
v -0.54646031 0.11750206 0.04111141
v -0.56933184 0.12350069 0.01876323
v 0.12984046 -0.25875815 0.23237573
v 0.14281196 -0.27944330 0.21087232
v 0.27558785 -0.08169943 0.23440441
v 0.30099433 -0.08715918 0.21482806
v 0.26822989 -0.04604722 0.24177396
v 0.29664033 -0.04847769 0.22610644
v -0.30538660 0.02743297 0.21509729
v -0.33602288 0.03091043 0.20471184
v -0.28032587 0.04181394 0.23273296
v -0.30839600 0.04564361 0.21673506
v 0.13828850 0.56256369 0.02538923
v 0.14232398 0.58143028 -0.00080807
v 0.30307424 -0.49469256 0.02265313
v 0.31470619 -0.51133693 -0.00276722
v 0.32149603 -0.46548159 0.03505984
v 0.33593132 -0.48368373 0.01228187
v -0.00244210 -0.02167836 0.28834264
v 0.00393293 -0.05356242 0.28720359
v 0.09092649 0.26757668 0.24173707
v 0.09838087 0.29062130 0.22001359
v 0.07765407 0.29312660 0.22202168
v 0.08611602 0.32339682 0.21361687
v 0.01957469 -0.01902229 0.28874815
v 0.04884366 -0.03322272 0.28829343
v 0.00374579 -0.00407759 0.28901922
v 0.03483240 0.00550883 0.28952420
v -0.54996232 0.10107467 0.04072085
v -0.57322001 0.10521235 0.01834918
v -0.56067963 0.12070625 0.02759857
v -0.58274082 0.12650194 0.00439846
v 0.25537789 -0.52398790 0.02270078
v 0.26294219 -0.53990840 -0.00464608
l 1 2
l 3 4
l 5 6
l 7 8
l 9 10
l 11 12
l 13 14
l 15 16
l 17 18
l 19 20
l 21 22
l 23 24
l 25 26
l 27 28
l 29 30
l 31 32
l 33 34
l 35 36
l 37 38
l 39 40
l 41 42
l 43 44
l 45 46
l 47 48
l 49 50
l 51 52
l 53 54
l 55 56
l 57 58
l 59 60
l 61 62
l 63 64
l 65 66
l 67 68
l 69 70
l 71 72
l 73 74
l 75 76
l 77 78
l 79 80
l 81 82
l 83 84
l 85 86
l 87 88
l 89 90
l 91 92
l 93 94
l 95 96
l 97 98
l 99 100
l 101 102
l 103 104
l 105 106
l 107 108
l 109 110
l 111 112
l 113 114
l 115 116
l 117 118
l 119 120
l 121 122
l 123 124
l 125 126
l 127 128
l 129 130
l 131 132
l 133 134
l 135 136
l 137 138
l 139 140
l 141 142
l 143 144
l 145 146
l 147 148
l 149 150
l 151 152
l 153 154
l 155 156
l 157 158
l 159 160
l 161 162
l 163 164
l 165 166
l 167 168
l 169 170
l 171 172
l 173 174
l 175 176
l 177 178
l 179 180
l 181 182
l 183 184
l 185 186
l 187 188
l 189 190
l 191 192
l 193 194
l 195 196
l 197 198
l 199 200
l 201 202
l 203 204
l 205 206
l 207 208
l 209 210
l 211 212
l 213 214
l 215 216
l 217 218
l 219 220
l 221 222
l 223 224
l 225 226
l 227 228
l 229 230
l 231 232
l 233 234
l 235 236
l 237 238
l 239 240
l 241 242
l 243 244
l 245 246
l 247 248
l 249 250
l 251 252
l 253 254
l 255 256
l 257 258
l 259 260
l 261 262
l 263 264
l 265 266
l 267 268
l 269 270
l 271 272
l 273 274
l 275 276
l 277 278
l 279 280
l 281 282
l 283 284
l 285 286
l 287 288
l 289 290
l 291 292
l 293 294
l 295 296
l 297 298
l 299 300
l 301 302
l 303 304
l 305 306
l 307 308
l 309 310
l 311 312
l 313 314
l 315 316
l 317 318
l 319 320
l 321 322
l 323 324
l 325 326
l 327 328
l 329 330
l 331 332
l 333 334
l 335 336
l 337 338
l 339 340
l 341 342
l 343 344
l 345 346
l 347 348
l 349 350
l 351 352
l 353 354
l 355 356
l 357 358
l 359 360
l 361 362
l 363 364
l 365 366
l 367 368
l 369 370
l 371 372
l 373 374
l 375 376
l 377 378
l 379 380
l 381 382
l 383 384
l 385 386
l 387 388
l 389 390
l 391 392
l 393 394
l 395 396
l 397 398
l 399 400
l 401 402
l 403 404
l 405 406
l 407 408
l 409 410
l 411 412
l 413 414
l 415 416
l 417 418
l 419 420
l 421 422
l 423 424
l 425 426
l 427 428
l 429 430
l 431 432
l 433 434
l 435 436
l 437 438
l 439 440
l 441 442
l 443 444
l 445 446
l 447 448
l 449 450
l 451 452
l 453 454
l 455 456
l 457 458
l 459 460
l 461 462
l 463 464
l 465 466
l 467 468
l 469 470
l 471 472
l 473 474
l 475 476
l 477 478
l 479 480
l 481 482
l 483 484
l 485 486
l 487 488
l 489 490
l 491 492
l 493 494
l 495 496
l 497 498
l 499 500
l 501 502
l 503 504
l 505 506
l 507 508
l 509 510
l 511 512
l 513 514
l 515 516
l 517 518
l 519 520
l 521 522
l 523 524
l 525 526
l 527 528
l 529 530
l 531 532
l 533 534
l 535 536
l 537 538
l 539 540
l 541 542
l 543 544
l 545 546
l 547 548
l 549 550
l 551 552
l 553 554
l 555 556
l 557 558
l 559 560
l 561 562
l 563 564
l 565 566
l 567 568
l 569 570
l 571 572
l 573 574
l 575 576
l 577 578
l 579 580
l 581 582
l 583 584
l 585 586
l 587 588
l 589 590
l 591 592
l 593 594
l 595 596
l 597 598
l 599 600
l 601 602
l 603 604
l 605 606
l 607 608
l 609 610
l 611 612
l 613 614
l 615 616
l 617 618
l 619 620
l 621 622
l 623 624
l 625 626
l 627 628
l 629 630
l 631 632
l 633 634
l 635 636
l 637 638
l 639 640
l 641 642
l 643 644
l 645 646
l 647 648
l 649 650
l 651 652
l 653 654
l 655 656
l 657 658
l 659 660
l 661 662
l 663 664
l 665 666
l 667 668
l 669 670
l 671 672
l 673 674
l 675 676
l 677 678
l 679 680
l 681 682
l 683 684
l 685 686
l 687 688
l 689 690
l 691 692
l 693 694
l 695 696
l 697 698
l 699 700
l 701 702
l 703 704
l 705 706
l 707 708
l 709 710
l 711 712
l 713 714
l 715 716
l 717 718
l 719 720
l 721 722
l 723 724
l 725 726
l 727 728
l 729 730
l 731 732
l 733 734
l 735 736
l 737 738
l 739 740
l 741 742
l 743 744
l 745 746
l 747 748
l 749 750
l 751 752
l 753 754
l 755 756
l 757 758
l 759 760
l 761 762
l 763 764
l 765 766
l 767 768
l 769 770
l 771 772
l 773 774
l 775 776
l 777 778
l 779 780
l 781 782
l 783 784
l 785 786
l 787 788
l 789 790
l 791 792
l 793 794
l 795 796
l 797 798
l 799 800
l 801 802
l 803 804
l 805 806
l 807 808
l 809 810
l 811 812
l 813 814
l 815 816
l 817 818
l 819 820
l 821 822
l 823 824
l 825 826
l 827 828
l 829 830
l 831 832
l 833 834
l 835 836
l 837 838
l 839 840
l 841 842
l 843 844
l 845 846
l 847 848
l 849 850
l 851 852
l 853 854
l 855 856
l 857 858
l 859 860
l 861 862
l 863 864
l 865 866
l 867 868
l 869 870
l 871 872
l 873 874
l 875 876
l 877 878
l 879 880
l 881 882
l 883 884
l 885 886
l 887 888
l 889 890
l 891 892
l 893 894
l 895 896
l 897 898
l 899 900
l 901 902
l 903 904
l 905 906
l 907 908
l 909 910
l 911 912
l 913 914
l 915 916
l 917 918
l 919 920
l 921 922
l 923 924
l 925 926
l 927 928
l 929 930
l 931 932
l 933 934
l 935 936
l 937 938
l 939 940
l 941 942
l 943 944
l 945 946
l 947 948
l 949 950
l 951 952
l 953 954
l 955 956
l 957 958
l 959 960
l 961 962
l 963 964
l 965 966
l 967 968
l 969 970
l 971 972
l 973 974
l 975 976
l 977 978
l 979 980
l 981 982
l 983 984
l 985 986
l 987 988
l 989 990
l 991 992
l 993 994
l 995 996
l 997 998
l 999 1000
l 1001 1002
l 1003 1004
l 1005 1006
l 1007 1008
l 1009 1010
l 1011 1012
l 1013 1014
l 1015 1016
l 1017 1018
l 1019 1020
l 1021 1022
l 1023 1024
l 1025 1026
l 1027 1028
l 1029 1030
l 1031 1032
l 1033 1034
l 1035 1036
l 1037 1038
l 1039 1040
l 1041 1042
l 1043 1044
l 1045 1046
l 1047 1048
l 1049 1050
l 1051 1052
l 1053 1054
l 1055 1056
l 1057 1058
l 1059 1060
l 1061 1062
l 1063 1064
l 1065 1066
l 1067 1068
l 1069 1070
l 1071 1072
l 1073 1074
l 1075 1076
l 1077 1078
l 1079 1080
l 1081 1082
l 1083 1084
l 1085 1086
l 1087 1088
l 1089 1090
l 1091 1092
l 1093 1094
l 1095 1096
l 1097 1098
l 1099 1100
l 1101 1102
l 1103 1104
l 1105 1106
l 1107 1108
l 1109 1110
l 1111 1112
l 1113 1114
l 1115 1116
l 1117 1118
l 1119 1120
l 1121 1122
l 1123 1124
l 1125 1126
l 1127 1128
l 1129 1130
l 1131 1132
l 1133 1134
l 1135 1136
l 1137 1138
l 1139 1140
l 1141 1142
l 1143 1144
l 1145 1146
l 1147 1148
l 1149 1150
l 1151 1152
l 1153 1154
l 1155 1156
l 1157 1158
l 1159 1160
l 1161 1162
l 1163 1164
l 1165 1166
l 1167 1168
l 1169 1170
l 1171 1172
l 1173 1174
l 1175 1176
l 1177 1178
l 1179 1180
l 1181 1182
l 1183 1184
l 1185 1186
l 1187 1188
l 1189 1190
l 1191 1192
l 1193 1194
l 1195 1196
l 1197 1198
l 1199 1200
l 1201 1202
l 1203 1204
l 1205 1206
l 1207 1208
l 1209 1210
l 1211 1212
l 1213 1214
l 1215 1216
l 1217 1218
l 1219 1220
l 1221 1222
l 1223 1224
l 1225 1226
l 1227 1228
l 1229 1230
l 1231 1232
l 1233 1234
l 1235 1236
l 1237 1238
l 1239 1240
l 1241 1242
l 1243 1244
l 1245 1246
l 1247 1248
l 1249 1250
l 1251 1252
l 1253 1254
l 1255 1256
l 1257 1258
l 1259 1260
l 1261 1262
l 1263 1264
l 1265 1266
l 1267 1268
l 1269 1270
l 1271 1272
l 1273 1274
l 1275 1276
l 1277 1278
l 1279 1280
l 1281 1282
l 1283 1284
l 1285 1286
l 1287 1288
l 1289 1290
l 1291 1292
l 1293 1294
l 1295 1296
l 1297 1298
l 1299 1300
l 1301 1302
l 1303 1304
l 1305 1306
l 1307 1308
l 1309 1310
l 1311 1312
l 1313 1314
l 1315 1316
l 1317 1318
l 1319 1320
l 1321 1322
l 1323 1324
l 1325 1326
l 1327 1328
l 1329 1330
l 1331 1332
l 1333 1334
l 1335 1336
l 1337 1338
l 1339 1340
l 1341 1342
l 1343 1344
l 1345 1346
l 1347 1348
l 1349 1350
l 1351 1352
l 1353 1354
l 1355 1356
l 1357 1358
l 1359 1360
l 1361 1362
l 1363 1364
l 1365 1366
l 1367 1368
l 1369 1370
l 1371 1372
l 1373 1374
l 1375 1376
l 1377 1378
l 1379 1380
l 1381 1382
l 1383 1384
l 1385 1386
l 1387 1388
l 1389 1390
l 1391 1392
l 1393 1394
l 1395 1396
l 1397 1398
l 1399 1400
l 1401 1402
l 1403 1404
l 1405 1406
l 1407 1408
l 1409 1410
l 1411 1412
l 1413 1414
l 1415 1416
l 1417 1418
l 1419 1420
l 1421 1422
l 1423 1424
l 1425 1426
l 1427 1428
l 1429 1430
l 1431 1432
l 1433 1434
l 1435 1436
l 1437 1438
l 1439 1440
l 1441 1442
l 1443 1444
l 1445 1446
l 1447 1448
l 1449 1450
l 1451 1452
l 1453 1454
l 1455 1456
l 1457 1458
l 1459 1460
l 1461 1462
l 1463 1464
l 1465 1466
l 1467 1468
l 1469 1470
l 1471 1472
l 1473 1474
l 1475 1476
l 1477 1478
l 1479 1480
l 1481 1482
l 1483 1484
l 1485 1486
l 1487 1488
l 1489 1490
l 1491 1492
l 1493 1494
l 1495 1496
l 1497 1498
l 1499 1500
l 1501 1502
l 1503 1504
l 1505 1506
l 1507 1508
l 1509 1510
l 1511 1512
l 1513 1514
l 1515 1516
l 1517 1518
l 1519 1520
l 1521 1522
l 1523 1524
l 1525 1526
l 1527 1528
l 1529 1530
l 1531 1532
l 1533 1534
l 1535 1536
l 1537 1538
l 1539 1540
l 1541 1542
l 1543 1544
l 1545 1546
l 1547 1548
l 1549 1550
l 1551 1552
l 1553 1554
l 1555 1556
l 1557 1558
l 1559 1560
l 1561 1562
l 1563 1564
l 1565 1566
l 1567 1568
l 1569 1570
l 1571 1572
l 1573 1574
l 1575 1576
l 1577 1578
l 1579 1580
l 1581 1582
l 1583 1584
l 1585 1586
l 1587 1588
l 1589 1590
l 1591 1592
l 1593 1594
l 1595 1596
l 1597 1598
l 1599 1600
l 1601 1602
l 1603 1604
l 1605 1606
l 1607 1608
l 1609 1610
l 1611 1612
l 1613 1614
l 1615 1616
l 1617 1618
l 1619 1620
l 1621 1622
l 1623 1624
l 1625 1626
l 1627 1628
l 1629 1630
l 1631 1632
l 1633 1634
l 1635 1636
l 1637 1638
l 1639 1640
l 1641 1642
l 1643 1644
l 1645 1646
l 1647 1648
l 1649 1650
l 1651 1652
l 1653 1654
l 1655 1656
l 1657 1658
l 1659 1660
l 1661 1662
l 1663 1664
l 1665 1666
l 1667 1668
l 1669 1670
l 1671 1672
l 1673 1674
l 1675 1676
l 1677 1678
l 1679 1680
l 1681 1682
l 1683 1684
l 1685 1686
l 1687 1688
l 1689 1690
l 1691 1692
l 1693 1694
l 1695 1696
l 1697 1698
l 1699 1700
l 1701 1702
l 1703 1704
l 1705 1706
l 1707 1708
l 1709 1710
l 1711 1712
l 1713 1714
l 1715 1716
l 1717 1718
l 1719 1720
l 1721 1722
l 1723 1724
l 1725 1726
l 1727 1728
l 1729 1730
l 1731 1732
l 1733 1734
l 1735 1736
l 1737 1738
l 1739 1740
l 1741 1742
l 1743 1744
l 1745 1746
l 1747 1748
l 1749 1750
l 1751 1752
l 1753 1754
l 1755 1756
l 1757 1758
l 1759 1760
l 1761 1762
l 1763 1764
l 1765 1766
l 1767 1768
l 1769 1770
l 1771 1772
l 1773 1774
l 1775 1776
l 1777 1778
l 1779 1780
l 1781 1782
l 1783 1784
l 1785 1786
l 1787 1788
l 1789 1790
l 1791 1792
l 1793 1794
l 1795 1796
l 1797 1798
l 1799 1800
l 1801 1802
l 1803 1804
l 1805 1806
l 1807 1808
l 1809 1810
l 1811 1812
l 1813 1814
l 1815 1816
l 1817 1818
l 1819 1820
l 1821 1822
l 1823 1824
l 1825 1826
l 1827 1828
l 1829 1830
l 1831 1832
l 1833 1834
l 1835 1836
l 1837 1838
l 1839 1840
l 1841 1842
l 1843 1844
l 1845 1846
l 1847 1848
l 1849 1850
l 1851 1852
l 1853 1854
l 1855 1856
l 1857 1858
l 1859 1860
l 1861 1862
l 1863 1864
l 1865 1866
l 1867 1868
l 1869 1870
l 1871 1872
l 1873 1874
l 1875 1876
l 1877 1878
l 1879 1880
l 1881 1882
l 1883 1884
l 1885 1886
l 1887 1888
l 1889 1890
l 1891 1892
l 1893 1894
l 1895 1896
l 1897 1898
l 1899 1900
l 1901 1902
l 1903 1904
l 1905 1906
l 1907 1908
l 1909 1910
l 1911 1912
l 1913 1914
l 1915 1916
l 1917 1918
l 1919 1920
l 1921 1922
l 1923 1924
l 1925 1926
l 1927 1928
l 1929 1930
l 1931 1932
l 1933 1934
l 1935 1936
l 1937 1938
l 1939 1940
l 1941 1942
l 1943 1944
l 1945 1946
l 1947 1948
l 1949 1950
l 1951 1952
l 1953 1954
l 1955 1956
l 1957 1958
l 1959 1960
l 1961 1962
l 1963 1964
l 1965 1966
l 1967 1968
l 1969 1970
l 1971 1972
l 1973 1974
l 1975 1976
l 1977 1978
l 1979 1980
l 1981 1982
l 1983 1984
l 1985 1986
l 1987 1988
l 1989 1990
l 1991 1992
l 1993 1994
l 1995 1996
l 1997 1998
l 1999 2000
l 2001 2002
l 2003 2004
l 2005 2006
l 2007 2008
l 2009 2010
l 2011 2012
l 2013 2014
l 2015 2016
l 2017 2018
l 2019 2020
l 2021 2022
l 2023 2024
l 2025 2026
l 2027 2028
l 2029 2030
l 2031 2032
l 2033 2034
l 2035 2036
l 2037 2038
l 2039 2040
l 2041 2042
l 2043 2044
l 2045 2046
l 2047 2048
l 2049 2050
l 2051 2052
l 2053 2054
l 2055 2056
l 2057 2058
l 2059 2060
l 2061 2062
l 2063 2064
l 2065 2066
l 2067 2068
l 2069 2070
l 2071 2072
l 2073 2074
l 2075 2076
l 2077 2078
l 2079 2080
l 2081 2082
l 2083 2084
l 2085 2086
l 2087 2088
l 2089 2090
l 2091 2092
l 2093 2094
l 2095 2096
l 2097 2098
l 2099 2100
l 2101 2102
l 2103 2104
l 2105 2106
l 2107 2108
l 2109 2110
l 2111 2112
l 2113 2114
l 2115 2116
l 2117 2118
l 2119 2120
l 2121 2122
l 2123 2124
l 2125 2126
l 2127 2128
l 2129 2130
l 2131 2132
l 2133 2134
l 2135 2136
l 2137 2138
l 2139 2140
l 2141 2142
l 2143 2144
l 2145 2146
l 2147 2148
l 2149 2150
l 2151 2152
l 2153 2154
l 2155 2156
l 2157 2158
l 2159 2160
l 2161 2162
l 2163 2164
l 2165 2166
l 2167 2168
l 2169 2170
l 2171 2172
l 2173 2174
l 2175 2176
l 2177 2178
l 2179 2180
l 2181 2182
l 2183 2184
l 2185 2186
l 2187 2188
l 2189 2190
l 2191 2192
l 2193 2194
l 2195 2196
l 2197 2198
l 2199 2200
l 2201 2202
l 2203 2204
l 2205 2206
l 2207 2208
l 2209 2210
l 2211 2212
l 2213 2214
l 2215 2216
l 2217 2218
l 2219 2220
l 2221 2222
l 2223 2224
l 2225 2226
l 2227 2228
l 2229 2230
l 2231 2232
l 2233 2234
l 2235 2236
l 2237 2238
l 2239 2240
l 2241 2242
l 2243 2244
l 2245 2246
l 2247 2248
l 2249 2250
l 2251 2252
l 2253 2254
l 2255 2256
l 2257 2258
l 2259 2260
l 2261 2262
l 2263 2264
l 2265 2266
l 2267 2268
l 2269 2270
l 2271 2272
l 2273 2274
l 2275 2276
l 2277 2278
l 2279 2280
l 2281 2282
l 2283 2284
l 2285 2286
l 2287 2288
l 2289 2290
l 2291 2292
l 2293 2294
l 2295 2296
l 2297 2298
l 2299 2300
l 2301 2302
l 2303 2304
l 2305 2306
l 2307 2308
l 2309 2310
l 2311 2312
l 2313 2314
l 2315 2316
l 2317 2318
l 2319 2320
l 2321 2322
l 2323 2324
l 2325 2326
l 2327 2328
l 2329 2330
l 2331 2332
l 2333 2334
l 2335 2336
l 2337 2338
l 2339 2340
l 2341 2342
l 2343 2344
l 2345 2346
l 2347 2348
l 2349 2350
l 2351 2352
l 2353 2354
l 2355 2356
l 2357 2358
l 2359 2360
l 2361 2362
l 2363 2364
l 2365 2366
l 2367 2368
l 2369 2370
l 2371 2372
l 2373 2374
l 2375 2376
l 2377 2378
l 2379 2380
l 2381 2382
l 2383 2384
l 2385 2386
l 2387 2388
l 2389 2390
l 2391 2392
l 2393 2394
l 2395 2396
l 2397 2398
l 2399 2400
l 2401 2402
l 2403 2404
l 2405 2406
l 2407 2408
l 2409 2410
l 2411 2412
l 2413 2414
l 2415 2416
l 2417 2418
l 2419 2420
l 2421 2422
l 2423 2424
l 2425 2426
l 2427 2428
l 2429 2430
l 2431 2432
l 2433 2434
l 2435 2436
l 2437 2438
l 2439 2440
l 2441 2442
l 2443 2444
l 2445 2446
l 2447 2448
l 2449 2450
l 2451 2452
l 2453 2454
l 2455 2456
l 2457 2458
l 2459 2460
l 2461 2462
l 2463 2464
l 2465 2466
l 2467 2468
l 2469 2470
l 2471 2472
l 2473 2474
l 2475 2476
l 2477 2478
l 2479 2480
l 2481 2482
l 2483 2484
l 2485 2486
l 2487 2488
l 2489 2490
l 2491 2492
l 2493 2494
l 2495 2496
l 2497 2498
l 2499 2500
l 2501 2502
l 2503 2504
l 2505 2506
l 2507 2508
l 2509 2510
l 2511 2512
l 2513 2514
l 2515 2516
l 2517 2518
l 2519 2520
l 2521 2522
l 2523 2524
l 2525 2526
l 2527 2528
l 2529 2530
l 2531 2532
l 2533 2534
l 2535 2536
l 2537 2538
l 2539 2540
l 2541 2542
l 2543 2544
l 2545 2546
l 2547 2548
l 2549 2550
l 2551 2552
l 2553 2554
l 2555 2556
l 2557 2558
l 2559 2560
l 2561 2562
l 2563 2564
l 2565 2566
l 2567 2568
l 2569 2570
l 2571 2572
l 2573 2574
l 2575 2576
l 2577 2578
l 2579 2580
l 2581 2582
l 2583 2584
l 2585 2586
l 2587 2588
l 2589 2590
l 2591 2592
l 2593 2594
l 2595 2596
l 2597 2598
l 2599 2600
l 2601 2602
l 2603 2604
l 2605 2606
l 2607 2608
l 2609 2610
l 2611 2612
l 2613 2614
l 2615 2616
l 2617 2618
l 2619 2620
l 2621 2622
l 2623 2624
l 2625 2626
l 2627 2628
l 2629 2630
l 2631 2632
l 2633 2634
l 2635 2636
l 2637 2638
l 2639 2640
l 2641 2642
l 2643 2644
l 2645 2646
l 2647 2648
l 2649 2650
l 2651 2652
l 2653 2654
l 2655 2656
l 2657 2658
l 2659 2660
l 2661 2662
l 2663 2664
l 2665 2666
l 2667 2668
l 2669 2670
l 2671 2672
l 2673 2674
l 2675 2676
l 2677 2678
l 2679 2680
l 2681 2682
l 2683 2684
l 2685 2686
l 2687 2688
l 2689 2690
l 2691 2692
l 2693 2694
l 2695 2696
l 2697 2698
l 2699 2700
l 2701 2702
l 2703 2704
l 2705 2706
l 2707 2708
l 2709 2710
l 2711 2712
l 2713 2714
l 2715 2716
l 2717 2718
l 2719 2720
l 2721 2722
l 2723 2724
l 2725 2726
l 2727 2728
l 2729 2730
l 2731 2732
l 2733 2734
l 2735 2736
l 2737 2738
l 2739 2740
l 2741 2742
l 2743 2744
l 2745 2746
l 2747 2748
l 2749 2750
l 2751 2752
l 2753 2754
l 2755 2756
l 2757 2758
l 2759 2760
l 2761 2762
l 2763 2764
l 2765 2766
l 2767 2768
l 2769 2770
l 2771 2772
l 2773 2774
l 2775 2776
l 2777 2778
l 2779 2780
l 2781 2782
l 2783 2784
l 2785 2786
l 2787 2788
l 2789 2790
l 2791 2792
l 2793 2794
l 2795 2796
l 2797 2798
l 2799 2800
l 2801 2802
l 2803 2804
l 2805 2806
l 2807 2808
l 2809 2810
l 2811 2812
l 2813 2814
l 2815 2816
l 2817 2818
l 2819 2820
l 2821 2822
l 2823 2824
l 2825 2826
l 2827 2828
l 2829 2830
l 2831 2832
l 2833 2834
l 2835 2836
l 2837 2838
l 2839 2840
l 2841 2842
l 2843 2844
l 2845 2846
l 2847 2848
l 2849 2850
l 2851 2852
l 2853 2854
l 2855 2856
l 2857 2858
l 2859 2860
l 2861 2862
l 2863 2864
l 2865 2866
l 2867 2868
l 2869 2870
l 2871 2872
l 2873 2874
l 2875 2876
l 2877 2878
l 2879 2880
l 2881 2882
l 2883 2884
l 2885 2886
l 2887 2888
l 2889 2890
l 2891 2892
l 2893 2894
l 2895 2896
l 2897 2898
l 2899 2900
l 2901 2902
l 2903 2904
l 2905 2906
l 2907 2908
l 2909 2910
l 2911 2912
l 2913 2914
l 2915 2916
l 2917 2918
l 2919 2920
l 2921 2922
l 2923 2924
l 2925 2926
l 2927 2928
l 2929 2930
l 2931 2932
l 2933 2934
l 2935 2936
l 2937 2938
l 2939 2940
l 2941 2942
l 2943 2944
l 2945 2946
l 2947 2948
l 2949 2950
l 2951 2952
l 2953 2954
l 2955 2956
l 2957 2958
l 2959 2960
l 2961 2962
l 2963 2964
l 2965 2966
l 2967 2968
l 2969 2970
l 2971 2972
l 2973 2974
l 2975 2976
l 2977 2978
l 2979 2980
l 2981 2982
l 2983 2984
l 2985 2986
l 2987 2988
l 2989 2990
l 2991 2992
l 2993 2994
l 2995 2996
l 2997 2998
l 2999 3000
l 3001 3002
l 3003 3004
l 3005 3006
l 3007 3008
l 3009 3010
l 3011 3012
l 3013 3014
l 3015 3016
l 3017 3018
l 3019 3020
l 3021 3022
l 3023 3024
l 3025 3026
l 3027 3028
l 3029 3030
l 3031 3032
l 3033 3034
l 3035 3036
l 3037 3038
l 3039 3040
l 3041 3042
l 3043 3044
l 3045 3046
l 3047 3048
l 3049 3050
l 3051 3052
l 3053 3054
l 3055 3056
l 3057 3058
l 3059 3060
l 3061 3062
l 3063 3064
l 3065 3066
l 3067 3068
l 3069 3070
l 3071 3072
l 3073 3074
l 3075 3076
l 3077 3078
l 3079 3080
l 3081 3082
l 3083 3084
l 3085 3086
l 3087 3088
l 3089 3090
l 3091 3092
l 3093 3094
l 3095 3096
l 3097 3098
l 3099 3100
l 3101 3102
l 3103 3104
l 3105 3106
l 3107 3108
l 3109 3110
l 3111 3112
l 3113 3114
l 3115 3116
l 3117 3118
l 3119 3120
l 3121 3122
l 3123 3124
l 3125 3126
l 3127 3128
l 3129 3130
l 3131 3132
l 3133 3134
l 3135 3136
l 3137 3138
l 3139 3140
l 3141 3142
l 3143 3144
l 3145 3146
l 3147 3148
l 3149 3150
l 3151 3152
l 3153 3154
l 3155 3156
l 3157 3158
l 3159 3160
l 3161 3162
l 3163 3164
l 3165 3166
l 3167 3168
l 3169 3170
l 3171 3172
l 3173 3174
l 3175 3176
l 3177 3178
l 3179 3180
l 3181 3182
l 3183 3184
l 3185 3186
l 3187 3188
l 3189 3190
l 3191 3192
l 3193 3194
l 3195 3196
l 3197 3198
l 3199 3200
l 3201 3202
l 3203 3204
l 3205 3206
l 3207 3208
l 3209 3210
l 3211 3212
l 3213 3214
l 3215 3216
l 3217 3218
l 3219 3220
l 3221 3222
l 3223 3224
l 3225 3226
l 3227 3228
l 3229 3230
l 3231 3232
l 3233 3234
l 3235 3236
l 3237 3238
l 3239 3240
l 3241 3242
l 3243 3244
l 3245 3246
l 3247 3248
l 3249 3250
l 3251 3252
l 3253 3254
l 3255 3256
l 3257 3258
l 3259 3260
l 3261 3262
l 3263 3264
l 3265 3266
l 3267 3268
l 3269 3270
l 3271 3272
l 3273 3274
l 3275 3276
l 3277 3278
l 3279 3280
l 3281 3282
l 3283 3284
l 3285 3286
l 3287 3288
l 3289 3290
l 3291 3292
l 3293 3294
l 3295 3296
l 3297 3298
l 3299 3300
l 3301 3302
l 3303 3304
l 3305 3306
l 3307 3308
l 3309 3310
l 3311 3312
l 3313 3314
l 3315 3316
l 3317 3318
l 3319 3320
l 3321 3322
l 3323 3324
l 3325 3326
l 3327 3328
l 3329 3330
l 3331 3332
l 3333 3334
l 3335 3336
l 3337 3338
l 3339 3340
l 3341 3342
l 3343 3344
l 3345 3346
l 3347 3348
l 3349 3350
l 3351 3352
l 3353 3354
l 3355 3356
l 3357 3358
l 3359 3360
l 3361 3362
l 3363 3364
l 3365 3366
l 3367 3368
l 3369 3370
l 3371 3372
l 3373 3374
l 3375 3376
l 3377 3378
l 3379 3380
l 3381 3382
l 3383 3384
l 3385 3386
l 3387 3388
l 3389 3390
l 3391 3392
l 3393 3394
l 3395 3396
l 3397 3398
l 3399 3400
l 3401 3402
l 3403 3404
l 3405 3406
l 3407 3408
l 3409 3410
l 3411 3412
l 3413 3414
l 3415 3416
l 3417 3418
l 3419 3420
l 3421 3422
l 3423 3424
l 3425 3426
l 3427 3428
l 3429 3430
l 3431 3432
l 3433 3434
l 3435 3436
l 3437 3438
l 3439 3440
l 3441 3442
l 3443 3444
l 3445 3446
l 3447 3448
l 3449 3450
l 3451 3452
l 3453 3454
l 3455 3456
l 3457 3458
l 3459 3460
l 3461 3462
l 3463 3464
l 3465 3466
l 3467 3468
l 3469 3470
l 3471 3472
l 3473 3474
l 3475 3476
l 3477 3478
l 3479 3480
l 3481 3482
l 3483 3484
l 3485 3486
l 3487 3488
l 3489 3490
l 3491 3492
l 3493 3494
l 3495 3496
l 3497 3498
l 3499 3500
l 3501 3502
l 3503 3504
l 3505 3506
l 3507 3508
l 3509 3510
l 3511 3512
l 3513 3514
l 3515 3516
l 3517 3518
l 3519 3520
l 3521 3522
l 3523 3524
l 3525 3526
l 3527 3528
l 3529 3530
l 3531 3532
l 3533 3534
l 3535 3536
l 3537 3538
l 3539 3540
l 3541 3542
l 3543 3544
l 3545 3546
l 3547 3548
l 3549 3550
l 3551 3552
l 3553 3554
l 3555 3556
l 3557 3558
l 3559 3560
l 3561 3562
l 3563 3564
l 3565 3566
l 3567 3568
l 3569 3570
l 3571 3572
l 3573 3574
l 3575 3576
l 3577 3578
l 3579 3580
l 3581 3582
l 3583 3584
l 3585 3586
l 3587 3588
l 3589 3590
l 3591 3592
l 3593 3594
l 3595 3596
l 3597 3598
l 3599 3600
l 3601 3602
l 3603 3604
l 3605 3606
l 3607 3608
l 3609 3610
l 3611 3612
l 3613 3614
l 3615 3616
l 3617 3618
l 3619 3620
l 3621 3622
l 3623 3624
l 3625 3626
l 3627 3628
l 3629 3630
l 3631 3632
l 3633 3634
l 3635 3636
l 3637 3638
l 3639 3640
l 3641 3642
l 3643 3644
l 3645 3646
l 3647 3648
l 3649 3650
l 3651 3652
l 3653 3654
l 3655 3656
l 3657 3658
l 3659 3660
l 3661 3662
l 3663 3664
l 3665 3666
l 3667 3668
l 3669 3670
l 3671 3672
l 3673 3674
l 3675 3676
l 3677 3678
l 3679 3680
l 3681 3682
l 3683 3684
l 3685 3686
l 3687 3688
l 3689 3690
l 3691 3692
l 3693 3694
l 3695 3696
l 3697 3698
l 3699 3700
l 3701 3702
l 3703 3704
l 3705 3706
l 3707 3708
l 3709 3710
l 3711 3712
l 3713 3714
l 3715 3716
l 3717 3718
l 3719 3720
l 3721 3722
l 3723 3724
l 3725 3726
l 3727 3728
l 3729 3730
l 3731 3732
l 3733 3734
l 3735 3736
l 3737 3738
l 3739 3740
l 3741 3742
l 3743 3744
l 3745 3746
l 3747 3748
l 3749 3750
l 3751 3752
l 3753 3754
l 3755 3756
l 3757 3758
l 3759 3760
l 3761 3762
l 3763 3764
l 3765 3766
l 3767 3768
l 3769 3770
l 3771 3772
l 3773 3774
l 3775 3776
l 3777 3778
l 3779 3780
l 3781 3782
l 3783 3784
l 3785 3786
l 3787 3788
l 3789 3790
l 3791 3792
l 3793 3794
l 3795 3796
l 3797 3798
l 3799 3800
l 3801 3802
l 3803 3804
l 3805 3806
l 3807 3808
l 3809 3810
l 3811 3812
l 3813 3814
l 3815 3816
l 3817 3818
l 3819 3820
l 3821 3822
l 3823 3824
l 3825 3826
l 3827 3828
l 3829 3830
l 3831 3832
l 3833 3834
l 3835 3836
l 3837 3838
l 3839 3840
l 3841 3842
l 3843 3844
l 3845 3846
l 3847 3848
l 3849 3850
l 3851 3852
l 3853 3854
l 3855 3856
l 3857 3858
l 3859 3860
l 3861 3862
l 3863 3864
l 3865 3866
l 3867 3868
l 3869 3870
l 3871 3872
l 3873 3874
l 3875 3876
l 3877 3878
l 3879 3880
l 3881 3882
l 3883 3884
l 3885 3886
l 3887 3888
l 3889 3890
l 3891 3892
l 3893 3894
l 3895 3896
l 3897 3898
l 3899 3900
l 3901 3902
l 3903 3904
l 3905 3906
l 3907 3908
l 3909 3910
l 3911 3912
l 3913 3914
l 3915 3916
l 3917 3918
l 3919 3920
l 3921 3922
l 3923 3924
l 3925 3926
l 3927 3928
l 3929 3930
l 3931 3932
l 3933 3934
l 3935 3936
l 3937 3938
l 3939 3940
l 3941 3942
l 3943 3944
l 3945 3946
l 3947 3948
l 3949 3950
l 3951 3952
l 3953 3954
l 3955 3956
l 3957 3958
l 3959 3960
l 3961 3962
l 3963 3964
l 3965 3966
l 3967 3968
l 3969 3970
l 3971 3972
l 3973 3974
l 3975 3976
l 3977 3978
l 3979 3980
l 3981 3982
l 3983 3984
l 3985 3986
l 3987 3988
l 3989 3990
l 3991 3992
l 3993 3994
l 3995 3996
l 3997 3998
l 3999 4000
l 4001 4002
l 4003 4004
l 4005 4006
l 4007 4008
l 4009 4010
l 4011 4012
l 4013 4014
l 4015 4016
l 4017 4018
l 4019 4020
l 4021 4022
l 4023 4024
l 4025 4026
l 4027 4028
l 4029 4030
l 4031 4032
l 4033 4034
l 4035 4036
l 4037 4038
l 4039 4040
l 4041 4042
l 4043 4044
l 4045 4046
l 4047 4048
l 4049 4050
l 4051 4052
l 4053 4054
l 4055 4056
l 4057 4058
l 4059 4060
l 4061 4062
l 4063 4064
l 4065 4066
l 4067 4068
l 4069 4070
l 4071 4072
l 4073 4074
l 4075 4076
l 4077 4078
l 4079 4080
l 4081 4082
l 4083 4084
l 4085 4086
l 4087 4088
l 4089 4090
l 4091 4092
l 4093 4094
l 4095 4096
l 4097 4098
l 4099 4100
l 4101 4102
l 4103 4104
l 4105 4106
l 4107 4108
l 4109 4110
l 4111 4112
l 4113 4114
l 4115 4116
l 4117 4118
l 4119 4120
l 4121 4122
l 4123 4124
l 4125 4126
l 4127 4128
l 4129 4130
l 4131 4132
l 4133 4134
l 4135 4136
l 4137 4138
l 4139 4140
l 4141 4142
l 4143 4144
l 4145 4146
l 4147 4148
l 4149 4150
l 4151 4152
l 4153 4154
l 4155 4156
l 4157 4158
l 4159 4160
l 4161 4162
l 4163 4164
l 4165 4166
l 4167 4168
l 4169 4170
l 4171 4172
l 4173 4174
l 4175 4176
l 4177 4178
l 4179 4180
l 4181 4182
l 4183 4184
l 4185 4186
l 4187 4188
l 4189 4190
l 4191 4192
l 4193 4194
l 4195 4196
l 4197 4198
l 4199 4200
l 4201 4202
l 4203 4204
l 4205 4206
l 4207 4208
l 4209 4210
l 4211 4212
l 4213 4214
l 4215 4216
l 4217 4218
l 4219 4220
l 4221 4222
l 4223 4224
l 4225 4226
l 4227 4228
l 4229 4230
l 4231 4232
l 4233 4234
l 4235 4236
l 4237 4238
l 4239 4240
l 4241 4242
l 4243 4244
l 4245 4246
l 4247 4248
l 4249 4250
l 4251 4252
l 4253 4254
l 4255 4256
l 4257 4258
l 4259 4260
l 4261 4262
l 4263 4264
l 4265 4266
l 4267 4268
l 4269 4270
l 4271 4272
l 4273 4274
g d2_circumferential
v 0.13938058 0.56472406 0.02413386
v 0.10753046 0.56999277 0.02009128
v 0.27026255 0.48872875 0.07987666
v 0.24117433 0.50323148 0.07843517
v 0.20757692 0.53495915 0.04594533
v 0.17668045 0.54439180 0.04207686
v 0.30799066 0.50509130 0.01321148
v 0.27956407 0.52088099 0.01214076
v 0.23760427 0.54189094 0.01398185
v 0.20740523 0.55397999 0.01334586
v 0.23517701 0.49265904 0.10062208
v 0.20520300 0.50502496 0.09794346
v 0.35857778 0.43345549 0.07060497
v 0.33348663 0.45405567 0.07274938
v 0.33289283 0.41271484 0.12585968
v 0.30818399 0.43329505 0.13080541
v 0.43665089 0.40034385 0.01077377
v 0.41431268 0.42397706 0.01177741
v 0.46099595 0.33970657 0.03480869
v 0.44176843 0.36583881 0.03724591
v 0.49858380 0.30022504 0.02064111
v 0.48036096 0.32713894 0.01919141
v 0.51250510 0.20486555 0.08081141
v 0.49759816 0.23321580 0.07510366
v 0.54036360 0.22508980 0.02448675
v 0.52581361 0.25407366 0.02188571
v 0.56339601 0.11627491 0.04589068
v 0.55478252 0.14757758 0.04377358
v 0.56603766 0.03216656 0.05457417
v 0.56342538 0.06457092 0.05586465
v 0.55239948 0.06531953 0.07564944
v 0.54867311 0.09743803 0.07926164
v 0.57511122 -0.08247410 0.01973854
v 0.58021192 -0.05059327 0.02375445
v 0.56974201 -0.14008796 0.01578169
v 0.57558838 -0.10811075 0.01443661
v 0.51665149 -0.25506857 0.03932819
v 0.53014268 -0.22547666 0.04024372
v 0.47418458 -0.24710373 0.10741838
v 0.48759005 -0.21747177 0.10653934
v 0.45779634 -0.32396267 0.07304672
v 0.47514402 -0.29644821 0.07230871
v 0.44211925 -0.38581899 0.01935100
v 0.46259728 -0.36054053 0.01977755
v 0.43184125 -0.40607205 0.01039442
v 0.45281382 -0.38121175 0.00958890
v 0.38045176 -0.44371004 0.01896968
v 0.40519831 -0.42291032 0.02264555
v 0.40621730 -0.40505498 0.04278539
v 0.42834459 -0.38121015 0.04336722
v 0.33427118 -0.48705486 0.01074209
v 0.35996422 -0.46712653 0.00961903
v 0.29878816 -0.49547454 0.02472475
v 0.32514982 -0.47658215 0.02214174
v 0.19970643 -0.51992446 0.07239455
v 0.22939243 -0.50664113 0.07148576
v 0.20314288 -0.53232580 0.05211669
v 0.23284078 -0.51907641 0.05110663
v 0.08503273 -0.55244616 0.07409694
v 0.11703281 -0.54725667 0.07685297
v -0.03667777 -0.59177432 0.00752232
v -0.00426810 -0.59364115 0.00968102
v -0.10429142 -0.55683409 0.03436629
v -0.07286244 -0.56374348 0.03916331
v -0.13396485 -0.53674319 0.05305200
v -0.10229168 -0.54059801 0.04668943
v -0.27584802 -0.49050182 0.06087737
v -0.24682177 -0.50516438 0.05986849
v -0.23402826 -0.52766574 0.03498245
v -0.20383769 -0.53979038 0.03474969
v -0.29600028 -0.46492012 0.08415081
v -0.26770212 -0.48085884 0.08222643
v -0.34042259 -0.43574596 0.07825687
v -0.31513163 -0.45593135 0.08164050
v -0.34906478 -0.45646444 0.04047936
v -0.32331777 -0.47622453 0.04275138
v -0.33260782 -0.42701178 0.09695726
v -0.30700243 -0.44690771 0.09961206
v -0.39286893 -0.38205384 0.07857499
v -0.37050739 -0.40548100 0.08168329
v -0.48846421 -0.33460317 0.00871040
v -0.46887229 -0.36053078 0.00714592
v -0.52158774 -0.20435886 0.06370890
v -0.50790619 -0.23369366 0.06042006
v -0.56102374 -0.18733221 0.01024095
v -0.55078830 -0.21818054 0.01170636
v -0.53435695 -0.15789055 0.07153807
v -0.52401964 -0.18871186 0.07022700
v -0.52686261 -0.08669329 0.11336815
v -0.52045621 -0.11855454 0.11183514
v -0.59052736 0.03484637 0.00982227
v -0.59271489 0.00242606 0.01145609
v -0.53821475 0.05481082 0.07349414
v -0.54405229 0.02382505 0.08151516
v -0.55072781 0.03657734 0.06931044
v -0.55402163 0.00448802 0.07354810
v -0.57601161 0.08866877 0.01738579
v -0.58165229 0.05672898 0.01994787
v -0.53261523 0.21259030 0.04389591
v -0.54265920 0.18187193 0.04014993
v -0.49320517 0.31836917 0.02344819
v -0.50937789 0.29026957 0.02073021
v -0.49064803 0.27722762 0.06405699
v -0.50547471 0.24834671 0.06191361
v -0.47599966 0.31183706 0.05810595
v -0.49236360 0.28387290 0.05514639
v -0.46339834 0.31521144 0.07739855
v -0.47994404 0.28747248 0.07348431
v -0.39760782 0.35832908 0.10624536
v -0.41951013 0.33435251 0.10823141
v -0.37500005 0.40932922 0.07161749
v -0.39942744 0.38809581 0.07493058
v -0.39669140 0.43865291 0.01110387
v -0.42078648 0.41680543 0.01190806
v -0.34204541 0.45842877 0.03472876
v -0.36839157 0.43947579 0.03700831
v -0.23244269 0.53685721 0.02591570
v -0.26110028 0.52198247 0.02191360
v -0.30244793 0.49904823 0.01951300
v -0.32935345 0.48091641 0.01709187
v -0.25189381 0.50846815 0.05063119
v -0.27928549 0.49179629 0.04512881
v -0.21922452 0.50602027 0.08221203
v -0.24681999 0.49048114 0.07475835
v -0.19337095 0.55303834 0.02316321
v -0.22396673 0.54197845 0.02349302
v -0.17268986 0.49274146 0.12653917
v -0.20283191 0.48076227 0.12399213
v -0.07032010 0.54764877 0.09138143
v -0.10251567 0.54395161 0.09426381
v 0.01003593 0.58577735 0.02317151
v -0.02249695 0.58589297 0.02353167
v 0.03205007 0.59039954 0.01160392
v -0.00043300 0.59198367 0.01253822
v 0.05401721 0.53772620 0.07943221
v 0.02345336 0.54370837 0.08884478
v 0.09940884 0.55569236 0.04037478
v 0.06769327 0.56213481 0.04371378
v 0.04751101 0.52547154 0.09629066
v 0.01730771 0.53131074 0.10688293
v 0.07170459 0.49673378 0.10601107
v 0.04292213 0.50476225 0.11888139
v 0.11346661 0.54242696 0.04404228
v 0.08360697 0.55185972 0.05287160
v -0.07538624 0.50782397 0.14650145
v -0.10750307 0.50280878 0.14787575
v 0.13366833 0.47954902 0.11805585
v 0.10393659 0.48243329 0.10516258
v 0.15456938 0.43193227 0.16824956
v 0.12609915 0.43700691 0.15334231
v 0.16428536 0.46370331 0.14305496
v 0.13543282 0.46857447 0.12883053
v 0.12658427 0.44951063 0.14253740
v 0.09695632 0.45273430 0.12948656
v 0.09126664 0.50160875 0.09075350
v 0.06172665 0.51028232 0.10127440
v 0.08856479 0.46060219 0.12142377
v 0.06007104 0.46976532 0.13417819
v -0.04931565 0.46079865 0.18507399
v -0.08127225 0.45785378 0.19042520
v 0.00389593 0.41917017 0.19538973
v -0.02744042 0.42050869 0.20403689
v -0.01206902 0.48041893 0.16758065
v -0.04438187 0.47982366 0.17132999
v 0.13915513 0.41568577 0.17586534
v 0.11082261 0.42000709 0.16046644
v 0.11850690 0.41659681 0.16599827
v 0.08887474 0.42026737 0.15307568
v 0.07324670 0.47440076 0.12212226
v 0.04462399 0.48253613 0.13527854
v -0.03386956 0.41395856 0.20717380
v -0.06596161 0.41144705 0.21189870
v -0.00242168 0.38300403 0.21023891
v -0.03451840 0.38296499 0.21556158
v 0.12923252 0.33962833 0.21395906
v 0.09997013 0.34681722 0.20168861
v 0.09777509 0.36389066 0.19352206
v 0.06716839 0.36838852 0.18344582
v 0.04002941 0.36453520 0.19783180
v 0.01029378 0.36972286 0.20997315
v -0.03924693 0.37456463 0.21827631
v -0.07134312 0.37107343 0.22229850
v -0.06110830 0.38053120 0.22040140
v -0.09306474 0.37445628 0.21975856
v -0.01147729 0.34509940 0.21971361
v -0.04386646 0.34355999 0.22237882
v -0.02450723 0.39033770 0.21230114
v -0.05647745 0.38858049 0.21807602
v 0.13359036 0.29643559 0.22353842
v 0.10349565 0.30715289 0.21737565
v 0.11497051 0.29343248 0.22110515
v 0.08412331 0.30356808 0.21904320
v 0.06842239 0.33059063 0.20497129
v 0.03708113 0.33727478 0.21059085
v -0.04968902 0.33740258 0.22428521
v -0.08173445 0.33178335 0.22450053
v -0.08517428 0.30902101 0.22438273
v -0.11585788 0.29884655 0.22070461
v -0.02279680 0.30814662 0.22431370
v -0.05515399 0.30483810 0.22508711
v -0.00558087 0.32224387 0.22151255
v -0.03797692 0.32119393 0.22432775
v 0.05861389 0.28226845 0.23265907
v 0.02670891 0.28802993 0.23538101
v 0.01067099 0.28533044 0.23764461
v -0.02181381 0.28561842 0.23942961
v -0.01473134 0.29005911 0.23472682
v -0.04706606 0.28693302 0.23293089
v 0.05987180 0.20096849 0.28428698
v 0.03397224 0.20613570 0.26528581
v 0.09507966 0.21327591 0.28674506
v 0.06654984 0.22377992 0.27515857
v 0.03699633 0.22929121 0.26301394
v 0.00918820 0.23382281 0.27928368
v -0.01549237 0.22986190 0.28938079
v -0.04761278 0.22624891 0.29308994
v 0.02975944 0.19119579 0.27684360
v 0.00294252 0.19438499 0.29498784
v 0.05042981 0.24409096 0.25071968
v 0.02157215 0.25046900 0.26432437
v 0.00828554 0.25793670 0.26363394
v -0.02373460 0.25814167 0.26939596
v 0.05735689 0.13837118 0.30441897
v 0.03160827 0.14772924 0.28686998
v 0.09098086 0.15057401 0.31146290
v 0.06405727 0.16525124 0.30058950
v 0.08366123 0.17469822 0.30533965
v 0.05739277 0.18606901 0.28987339
v 0.05178399 0.09782578 0.30538950
v 0.02491929 0.10965411 0.29135701
v 0.04480855 0.12124559 0.30076751
v 0.01848553 0.12904928 0.28331092
v 0.07363822 0.08987555 0.30451967
v 0.04604204 0.10708641 0.30364271
v 0.07808773 0.13208458 0.31042504
v 0.05081707 0.14630378 0.29981104
v 0.03932283 0.08335950 0.29985980
v 0.01108644 0.09306010 0.28693169
v 0.04509078 0.06221212 0.30147643
v 0.01748815 0.07647888 0.29182832
v 0.01630392 0.09255577 0.28817351
v -0.01448353 0.09402509 0.29859013
v 0.02531923 0.00860512 0.28956622
v -0.00133033 0.02726879 0.28955437
v 0.03923590 0.02804631 0.29190418
v 0.01264696 0.04675744 0.29310980
v 0.01413228 0.05797678 0.28806110
v -0.01740711 0.05941114 0.29591866
v 0.00447960 -0.03528822 0.28800303
v 0.02454372 -0.00969841 0.28906353
v 0.03467018 -0.07143405 0.28496314
v 0.05693236 -0.05003163 0.29520344
v -0.00969657 -0.06770951 0.28918718
v 0.02216555 -0.06125205 0.29046693
v -0.03628974 -0.02426559 0.28747932
v -0.00910542 -0.04214138 0.28744766
v -0.06916731 -0.04366916 0.28387144
v -0.04809366 -0.06697104 0.29232459
v -0.03927032 0.00344648 0.28813853
v -0.03339917 -0.02854631 0.28741582
v -0.07759999 0.01396697 0.28476576
v -0.07980166 -0.01731190 0.29344430
v -0.04500229 0.03916835 0.29180635
v -0.06312779 0.01219478 0.29024922
v -0.02237379 0.02413456 0.28900532
v -0.04052479 -0.00284622 0.28795161
v -0.00035080 0.04877353 0.29265066
v -0.03218593 0.04226345 0.29101508
v 0.00459660 0.02557371 0.28963495
v -0.02727766 0.01910432 0.28879211
v 0.06034563 0.02873884 0.28733971
v 0.03989129 0.05204511 0.29718701
v 0.06033865 -0.01100707 0.29153565
v 0.05416485 0.02081696 0.29430098
v 0.26683476 0.46716030 0.11787050
v 0.23778389 0.48107317 0.11328676
v 0.20369835 0.40525987 0.19181579
v 0.17418419 0.41750844 0.18569874
v 0.27375630 0.41181574 0.17429935
v 0.24587984 0.42752881 0.16842277
v 0.17343616 0.37649198 0.20808990
v 0.14452574 0.38621057 0.19676434
v 0.17547337 0.33891067 0.21897364
v 0.14604276 0.35167830 0.21355526
v 0.19561316 0.34604503 0.21629573
v 0.16659747 0.36048058 0.21342584
v 0.17817706 0.25214878 0.22747584
v 0.15065387 0.26949101 0.22697324
v 0.17129150 0.23339555 0.23561953
v 0.14403214 0.25115265 0.23523906
v 0.15110092 0.21956975 0.26483296
v 0.12326432 0.23616260 0.26194639
v 0.11814702 0.18530499 0.30164071
v 0.09039124 0.20084596 0.29481232
v 0.11276004 0.14535142 0.31040846
v 0.08559131 0.16318209 0.30884048
v 0.08673911 0.10719898 0.30807116
v 0.05947159 0.12486591 0.30637029
v 0.39788860 0.35879386 0.09866010
v 0.37929094 0.38332873 0.10918146
v 0.28012940 0.39273941 0.18266147
v 0.25288855 0.41045906 0.18108618
v 0.29371026 0.32699037 0.19692115
v 0.27005847 0.34837460 0.20338946
v 0.33636901 0.36216042 0.15876974
v 0.31335629 0.38427000 0.16510325
v 0.25360883 0.34495439 0.21087871
v 0.22708039 0.36358797 0.21362883
v 0.21853272 0.31411924 0.22468960
v 0.19095070 0.33112125 0.22174076
v 0.31367345 0.31749135 0.19108145
v 0.29045566 0.33991947 0.19513677
v 0.24130040 0.30696585 0.21990812
v 0.21554617 0.32642135 0.22399893
v 0.27126903 0.25594144 0.21152863
v 0.24956873 0.27898446 0.21905512
v 0.28261491 0.29114873 0.20827340
v 0.25946549 0.31328625 0.21398010
v 0.16793640 0.27498282 0.22776158
v 0.13928101 0.28984476 0.22369674
v 0.22744573 0.22675635 0.22286949
v 0.20385834 0.24892381 0.22615138
v 0.20722809 0.22912705 0.22573485
v 0.18213793 0.24980557 0.22692410
v 0.24012509 0.24499384 0.22122576
v 0.21634135 0.26695262 0.22449340
v 0.13445877 0.19637490 0.29189725
v 0.10680867 0.21286508 0.28719854
v 0.15298968 0.14116382 0.29198187
v 0.13055594 0.16133142 0.30416903
v 0.17193720 0.14120016 0.28050308
v 0.15113276 0.16320965 0.29238959
v 0.16675080 0.18203413 0.27807065
v 0.14186938 0.20222596 0.28370416
v 0.12465424 0.16286514 0.30617156
v 0.09745021 0.18068534 0.30521595
v 0.14419828 0.16028150 0.29787209
v 0.11868126 0.17964146 0.30358222
v 0.08031047 0.06384382 0.29475586
v 0.05657698 0.08440956 0.30325901
v 0.10797245 0.10273122 0.30229191
v 0.08335068 0.12236471 0.31046665
v 0.39457205 0.29922650 0.11585131
v 0.37988553 0.32462969 0.12990535
v 0.41777317 0.31619998 0.08981395
v 0.40149341 0.34234453 0.10030031
v 0.41716869 0.27388341 0.09399752
v 0.40386539 0.30076670 0.10660082
v 0.31645706 0.24800366 0.18250057
v 0.30011983 0.27240266 0.19651185
v 0.37584943 0.25812362 0.13393492
v 0.36163312 0.28426647 0.14708709
v 0.31543353 0.29467502 0.18964088
v 0.29489898 0.31796419 0.19936088
v 0.28727844 0.24638323 0.20079280
v 0.26911177 0.26989525 0.21404758
v 0.26416769 0.18187262 0.21609011
v 0.24436421 0.20767274 0.21693128
v 0.30064354 0.20927066 0.19150073
v 0.28396166 0.23516176 0.20198394
v 0.18588969 0.19935855 0.25488321
v 0.16082668 0.22010046 0.25527073
v 0.22000551 0.19703985 0.23155268
v 0.19672363 0.21970366 0.22986822
v 0.17923474 0.16189719 0.27360053
v 0.15734752 0.18363759 0.28393671
v 0.19750697 0.12386848 0.25753844
v 0.18178217 0.14788835 0.27284558
v 0.11445524 0.08164968 0.28924219
v 0.09497508 0.10197140 0.30555423
v 0.16665447 0.10384759 0.26941164
v 0.15228005 0.12494449 0.28958164
v 0.13410304 0.08244326 0.27867436
v 0.11837892 0.10328698 0.29808629
v 0.14778245 0.10237419 0.28109101
v 0.13101149 0.12242014 0.30046692
v 0.06508387 0.05060812 0.29194012
v 0.04099625 0.07043457 0.30117213
v 0.47410927 0.26790353 0.06768430
v 0.45514735 0.29338137 0.06062339
v 0.49480236 0.17164158 0.11707407
v 0.48274300 0.20185252 0.11643962
v 0.40584412 0.23932748 0.13005775
v 0.38626086 0.26304659 0.11945436
v 0.38893036 0.18745616 0.17500143
v 0.37180366 0.21195077 0.16214758
v 0.46477178 0.23588177 0.10142556
v 0.44669754 0.26105493 0.09151771
v 0.37887834 0.22034361 0.15441073
v 0.35962885 0.24445148 0.14407637
v 0.42907294 0.17364142 0.16743477
v 0.41381534 0.20042473 0.15702362
v 0.34296349 0.17769939 0.19091741
v 0.32535105 0.20390526 0.18306973
v 0.32201532 0.14331262 0.21029920
v 0.30610836 0.17083325 0.20336269
v 0.39441218 0.13545723 0.19789886
v 0.38127303 0.16451103 0.19143580
v 0.30176241 0.13410554 0.21813560
v 0.28580498 0.16155874 0.21104944
v 0.29551497 0.11158731 0.22130080
v 0.28183736 0.14107593 0.21993104
v 0.24081672 0.12494322 0.24775961
v 0.22333896 0.15177634 0.24201134
v 0.27032955 0.08821804 0.24204586
v 0.25776801 0.11817558 0.24023337
v 0.21173911 0.10629562 0.27075783
v 0.19524352 0.13120036 0.25786673
v 0.20428851 0.08753076 0.28654085
v 0.19063948 0.11182021 0.26974030
v 0.23490545 0.10730706 0.26290958
v 0.21909711 0.13332934 0.25144358
v 0.13072837 0.04438722 0.30354637
v 0.11876102 0.07030059 0.28793192
v 0.10769467 0.03982549 0.29972939
v 0.09397660 0.06519986 0.28467987
v 0.16843101 0.06717054 0.29956678
v 0.15609576 0.09152923 0.28187419
v 0.46921099 0.20213130 0.12739951
v 0.45285769 0.22773301 0.11575245
v 0.53605856 0.09603093 0.09934728
v 0.52868898 0.12770260 0.09828603
v 0.43644924 0.13681104 0.17765106
v 0.42449372 0.16680711 0.17367194
v 0.42604960 0.11764584 0.18811421
v 0.41526228 0.14817271 0.18490861
v 0.37292118 0.10754679 0.21027212
v 0.36157752 0.13780065 0.20645678
v 0.33492767 0.10469878 0.21709152
v 0.32292091 0.13481345 0.21435727
v 0.35880370 0.07170839 0.21812481
v 0.35002988 0.10289023 0.21508432
v 0.24549811 0.06859165 0.27238851
v 0.23401516 0.09821406 0.26537520
v 0.28321756 0.06893651 0.23314856
v 0.27354476 0.09995838 0.23476471
v 0.21814052 0.04491542 0.29484103
v 0.20883073 0.07553876 0.28900401
v 0.22402618 -0.00010406 0.28567177
v 0.22091336 0.03113515 0.29421306
v 0.13167882 0.00370496 0.30330274
v 0.12521677 0.03556539 0.30460126
v 0.17811699 0.04844874 0.30461398
v 0.16727331 0.07757684 0.29499629
v 0.16333045 0.02900296 0.30834500
v 0.15459162 0.05942201 0.30080541
v 0.51276625 0.12534009 0.11851032
v 0.50283864 0.15616150 0.11534571
v 0.54057085 0.07304639 0.09528788
v 0.53573335 0.10513447 0.09762992
v 0.43758502 0.01718004 0.18411036
v 0.43599412 0.04917617 0.18978908
v 0.48741811 0.04811511 0.15440247
v 0.48383661 0.08021142 0.15834345
v 0.39837472 0.00156901 0.19937954
v 0.39767983 0.03357418 0.20518626
v 0.44237486 -0.00301055 0.17900558
v 0.44199082 0.02922436 0.18339817
v 0.35332522 0.03258879 0.21617206
v 0.34914773 0.06459898 0.22022519
v 0.39011157 0.04563426 0.20916253
v 0.38537649 0.07755050 0.21334157
v 0.31987587 0.05296061 0.22260316
v 0.31231353 0.08459976 0.22204917
v 0.31414472 -0.01354352 0.21952389
v 0.31354974 0.01893753 0.22130140
v 0.34326232 0.01229104 0.21636034
v 0.34061233 0.04456962 0.21945906
v 0.25316641 0.02726963 0.27165576
v 0.24700453 0.05917938 0.27318235
v 0.28996146 0.02755604 0.23411501
v 0.28456782 0.05963205 0.23486978
v 0.20472797 -0.00226759 0.29363478
v 0.20133757 0.02909450 0.30160075
v 0.17467919 0.01224092 0.30503015
v 0.16820939 0.04408445 0.30666204
v 0.14150344 -0.02946201 0.28472348
v 0.14265345 -0.00160051 0.30148493
v 0.16889433 -0.00643275 0.29752199
v 0.16525522 0.02414727 0.30801727
v 0.10856187 -0.00059996 0.30048490
v 0.10204784 0.03125832 0.30155684
v 0.52294888 -0.02254131 0.10519369
v 0.52558257 0.00894092 0.11296957
v 0.55100923 -0.06707800 0.05477989
v 0.55596633 -0.03547206 0.06069792
v 0.49880377 -0.10446778 0.08460422
v 0.50727358 -0.07441421 0.09374625
v 0.42973279 -0.03512766 0.16914717
v 0.43415623 -0.00590782 0.18275475
v 0.45607278 -0.08556517 0.12572574
v 0.46373962 -0.05576161 0.13628506
v 0.42789454 -0.06500228 0.15415623
v 0.43447269 -0.03566482 0.16658900
v 0.42130224 -0.08219853 0.14986484
v 0.42875985 -0.05232742 0.16038305
v 0.35231061 -0.02558376 0.20687226
v 0.35398281 0.00625272 0.21336642
v 0.31770847 -0.05502088 0.21359065
v 0.32125463 -0.02271932 0.21519239
v 0.36693770 -0.08021409 0.18119246
v 0.37401706 -0.04963852 0.18976851
v 0.25440381 -0.01202675 0.26342562
v 0.25380835 0.01940382 0.27180988
v 0.23761805 -0.05537818 0.25177015
v 0.24328788 -0.02625211 0.26511393
v 0.11697665 -0.03408199 0.28194826
v 0.11978693 -0.00614955 0.29839249
v 0.51654374 -0.18159785 0.07729954
v 0.52293516 -0.15055776 0.06993788
v 0.50839665 -0.14258473 0.08629668
v 0.51187598 -0.11160575 0.07698386
v 0.43124559 -0.16272507 0.16351110
v 0.43658487 -0.13357150 0.15009122
v 0.46044647 -0.19337755 0.14174750
v 0.46810296 -0.16342213 0.13161920
v 0.46527386 -0.12188383 0.12233626
v 0.46768460 -0.09138416 0.11126873
v 0.41590919 -0.12431822 0.16240348
v 0.41974253 -0.09400824 0.15121679
v 0.36388447 -0.10256483 0.18970146
v 0.36824135 -0.07145095 0.18124713
v 0.34280282 -0.13217585 0.20593454
v 0.34969219 -0.10205600 0.19574324
v 0.32574806 -0.09636054 0.20736177
v 0.33166176 -0.06465509 0.20308108
v 0.28143223 -0.14202250 0.21925282
v 0.29358474 -0.11185513 0.21837076
v 0.30284858 -0.13075529 0.21696879
v 0.31205338 -0.10012148 0.21102130
v 0.26374150 -0.13337911 0.22743251
v 0.27646914 -0.10359245 0.23048106
v 0.19686263 -0.06855607 0.28151467
v 0.20197652 -0.04118873 0.26467993
v 0.19745641 -0.11420261 0.28812734
v 0.21006955 -0.08536881 0.27987797
v 0.15571169 -0.06193498 0.29354549
v 0.16203696 -0.03529572 0.27597073
v 0.12438040 -0.08619599 0.30467063
v 0.13851785 -0.05790840 0.29702365
v 0.13493449 -0.10525390 0.30397787
v 0.15115989 -0.07736148 0.29982080
v 0.17607215 -0.07602440 0.29371575
v 0.18372981 -0.04946863 0.27654942
v 0.08541567 -0.05859362 0.29996005
v 0.09706686 -0.03021053 0.28913498
v 0.13178286 -0.06731617 0.30103311
v 0.14118431 -0.04034720 0.28545045
v 0.06685709 -0.04626982 0.29580648
v 0.07656274 -0.01667059 0.28641407
v 0.07988213 -0.07807169 0.29798382
v 0.09680987 -0.05029130 0.29846657
v 0.43682824 -0.22653099 0.15590424
v 0.44928409 -0.19672027 0.15206959
v 0.44029707 -0.29692596 0.12047076
v 0.45648721 -0.26881006 0.11804027
v 0.48395068 -0.31137837 0.04511979
v 0.49967539 -0.28295073 0.04334930
v 0.38152026 -0.23235399 0.19074145
v 0.39579671 -0.20348833 0.18610593
v 0.37341365 -0.18447618 0.19927641
v 0.38412169 -0.15474590 0.19153173
v 0.44002412 -0.26322804 0.13836193
v 0.45454661 -0.23425388 0.13551110
v 0.36070942 -0.20266558 0.20281914
v 0.37407729 -0.17325821 0.19894125
v 0.31986585 -0.22881984 0.21211705
v 0.33685283 -0.20110028 0.21085208
v 0.33883542 -0.19584072 0.21025737
v 0.35254328 -0.16655771 0.20663364
v 0.25784648 -0.19656453 0.21969515
v 0.27561536 -0.16931592 0.22025381
v 0.27802809 -0.20799781 0.21828304
v 0.29568901 -0.18067961 0.21886552
v 0.23137922 -0.13730773 0.25621640
v 0.24544376 -0.10799059 0.25732370
v 0.21592545 -0.10426681 0.27845804
v 0.22608591 -0.07475433 0.26927596
v 0.17753346 -0.14847483 0.28477381
v 0.19554547 -0.12155123 0.28781010
v 0.09852023 -0.09018600 0.30121108
v 0.11566545 -0.06254406 0.30050659
v 0.39360604 -0.33678742 0.12501634
v 0.41448787 -0.31229965 0.12979445
v 0.41948083 -0.38714264 0.04776975
v 0.44076470 -0.36255238 0.04869047
v 0.25455676 -0.24013202 0.21259066
v 0.27561868 -0.21562395 0.21636972
v 0.29772915 -0.24047246 0.21031077
v 0.31703495 -0.21468289 0.21486224
v 0.25941494 -0.17466257 0.22092874
v 0.27529180 -0.14626781 0.22048718
v 0.23361306 -0.22797028 0.21531304
v 0.25499114 -0.20375244 0.21918673
v 0.21019036 -0.16909674 0.25671165
v 0.22827460 -0.14209144 0.25819676
v 0.19169348 -0.17976881 0.26114396
v 0.21173232 -0.15476564 0.26678471
v 0.19903910 -0.20801641 0.23454737
v 0.22073792 -0.18385166 0.23648580
v 0.21894610 -0.19660998 0.22881806
v 0.23864967 -0.17072818 0.22947624
v 0.13599309 -0.16735143 0.27738926
v 0.15762401 -0.14579502 0.28861227
v 0.09533526 -0.10899594 0.29581811
v 0.11466551 -0.08417588 0.30411494
v 0.11617356 -0.11924777 0.29730645
v 0.13478751 -0.09379395 0.30531618
v 0.07654992 -0.11515243 0.28403886
v 0.09709271 -0.09541419 0.29975278
v 0.11663701 -0.13775347 0.29021867
v 0.13690583 -0.11469549 0.30099066
v 0.35180382 -0.37051883 0.12308426
v 0.37518214 -0.34852911 0.12841698
v 0.31322703 -0.46170963 0.04280906
v 0.34028167 -0.44439835 0.04799538
v 0.30452118 -0.37145608 0.13142731
v 0.32919487 -0.35456885 0.14425549
v 0.32176825 -0.35607195 0.14447331
v 0.34564458 -0.33608965 0.15391577
v 0.33690704 -0.39970270 0.09754379
v 0.36191675 -0.38119261 0.10705286
v 0.29539757 -0.43449728 0.07337079
v 0.32242053 -0.41888006 0.08255740
v 0.28100988 -0.32452940 0.17167334
v 0.30457254 -0.30658564 0.18514012
v 0.26121179 -0.38013611 0.12673856
v 0.28758681 -0.36476765 0.13799471
v 0.26032695 -0.39752137 0.11135865
v 0.28720743 -0.38291012 0.12242585
v 0.23971657 -0.35389153 0.14981699
v 0.26601825 -0.33816820 0.16074997
v 0.18447852 -0.26719047 0.20939253
v 0.20997840 -0.24704902 0.21100800
v 0.16780651 -0.23587352 0.22688649
v 0.19296025 -0.21632057 0.23348221
v 0.16671401 -0.20703442 0.24995624
v 0.18990097 -0.18630778 0.25951150
v 0.15489333 -0.22488447 0.24002273
v 0.18010011 -0.20539840 0.24661388
v 0.11646029 -0.17346242 0.26672632
v 0.13817901 -0.15672373 0.28423760
v 0.07737822 -0.13319594 0.27490747
v 0.09880099 -0.11699488 0.29326836
v 0.05612134 -0.10304333 0.28065751
v 0.07834277 -0.08460043 0.29564413
v 0.19327955 -0.49140484 0.11400483
v 0.22122168 -0.47630698 0.10694626
v 0.21266034 -0.48946318 0.10223888
v 0.23934212 -0.47296972 0.09360291
v 0.27967665 -0.46690827 0.06382005
v 0.30386560 -0.44675496 0.05561817
v 0.21064210 -0.44728520 0.13525885
v 0.23480579 -0.42972940 0.12235761
v 0.19412265 -0.41742913 0.16165695
v 0.21785878 -0.40022945 0.14753963
v 0.20683633 -0.38001021 0.16137922
v 0.23065977 -0.36109629 0.14983630
v 0.22592371 -0.40871309 0.13774926
v 0.24922513 -0.38945649 0.12571769
v 0.19260368 -0.39527143 0.16982119
v 0.21572922 -0.37764467 0.15522534
v 0.18312968 -0.32882610 0.18844069
v 0.20817076 -0.30986873 0.17994985
v 0.15997285 -0.30006035 0.20549915
v 0.18651487 -0.28189139 0.20060613
v 0.13241706 -0.29417612 0.21189115
v 0.16085198 -0.27840235 0.21080699
v 0.11579843 -0.24905411 0.24472783
v 0.14322809 -0.23225102 0.23984920
v 0.09328582 -0.25075056 0.25648014
v 0.12162574 -0.23622615 0.24981514
v 0.09886961 -0.20208350 0.27152457
v 0.12253233 -0.18541136 0.25667036
v 0.08468420 -0.23403157 0.26969228
v 0.11280060 -0.21985860 0.26149921
v 0.07934678 -0.26215527 0.24854249
v 0.10954655 -0.25005135 0.24851523
v 0.07773112 -0.17246473 0.28563220
v 0.10107906 -0.15721761 0.26887122
v 0.04266510 -0.13190622 0.29651798
v 0.06862606 -0.11857066 0.28214011
v 0.01732279 -0.10203823 0.29675832
v 0.04614836 -0.09038607 0.28717471
v 0.03822312 -0.11251238 0.29409340
v 0.06374114 -0.09763634 0.28045280
v 0.22849004 -0.47239867 0.10414818
v 0.25363538 -0.45452627 0.09381276
v 0.15829966 -0.46577811 0.15618394
v 0.18818083 -0.45319001 0.15350309
v 0.11354187 -0.51004310 0.13263101
v 0.14435655 -0.50043728 0.12854252
v 0.10592979 -0.56609254 0.04392464
v 0.13756932 -0.55854332 0.04323111
v 0.13895142 -0.43075808 0.18612136
v 0.16831798 -0.41807080 0.18019097
v 0.12730162 -0.41266088 0.19668271
v 0.15701515 -0.40046227 0.19150277
v 0.02642491 -0.47292052 0.16819388
v 0.05831407 -0.47121851 0.17441612
v 0.05957959 -0.40582527 0.20818800
v 0.09146995 -0.39939649 0.20864395
v 0.10637860 -0.41098706 0.20264393
v 0.13669007 -0.40024139 0.19771676
v 0.07891273 -0.34672686 0.21708405
v 0.10961364 -0.33671458 0.21311668
v 0.03253525 -0.34435468 0.21413483
v 0.06455990 -0.34001995 0.21789827
v 0.07115571 -0.28707327 0.22408166
v 0.10209090 -0.27729341 0.22651065
v -0.01255946 -0.18996789 0.28571021
v 0.01831854 -0.18845987 0.29584957
v 0.02853412 -0.14493766 0.29958721
v 0.05824544 -0.13442758 0.29150591
v 0.05535438 -0.51988390 0.12442716
v 0.08727397 -0.51683956 0.12994112
v 0.08983979 -0.46574529 0.18335514
v 0.12064763 -0.45690996 0.17775641
v 0.04732916 -0.50538405 0.14150963
v 0.07925258 -0.50261104 0.14714322
v 0.03128659 -0.43856628 0.18950651
v 0.06311859 -0.43607331 0.19575476
v 0.04129286 -0.36334762 0.21364140
v 0.07320639 -0.35855499 0.21777526
v 0.06650715 -0.32337598 0.21857298
v 0.09744469 -0.31391102 0.21513562
v -0.01700089 -0.31636799 0.21246890
v 0.01545987 -0.31641733 0.21466624
v 0.00496535 -0.32268172 0.21321161
v 0.03726500 -0.32076087 0.21661382
v 0.01694512 -0.21755280 0.28690408
v 0.04887086 -0.21167451 0.28907760
v -0.02104280 -0.29971214 0.22237773
v 0.01143244 -0.29920682 0.22047100
v 0.02383949 -0.23758357 0.27760256
v 0.05568854 -0.23136763 0.27995455
v -0.00529739 -0.21106009 0.28239338
v 0.02577490 -0.20874961 0.29175853
v -0.09768438 -0.52727405 0.06339184
v -0.06744286 -0.53543270 0.07219065
v -0.02133054 -0.47441052 0.15073420
v 0.00932397 -0.47741899 0.16121186
v -0.06954805 -0.50608767 0.09641628
v -0.03993327 -0.51323573 0.10783564
v -0.05839052 -0.44333168 0.14679353
v -0.02976537 -0.45011816 0.16068871
v -0.01510492 -0.42703948 0.18260930
v 0.01631765 -0.42860226 0.19089854
v -0.07084280 -0.39445218 0.16680311
v -0.04083338 -0.40144377 0.17724745
v -0.04758524 -0.40168962 0.17365157
v -0.01885449 -0.40753521 0.18775493
v -0.02824264 -0.35005329 0.20194792
v 0.00329209 -0.35253807 0.20955833
v -0.05807615 -0.32115195 0.20645572
v -0.02581898 -0.32520479 0.20771308
v -0.06083753 -0.25876115 0.23534061
v -0.03132539 -0.26566928 0.24716614
v -0.04776141 -0.24471438 0.24746925
v -0.01854105 -0.25000808 0.26076130
v -0.02606036 -0.14590147 0.28045320
v 0.00260485 -0.14728314 0.29578058
v -0.05278813 -0.22616786 0.25088567
v -0.02410168 -0.23238528 0.26492001
v -0.03239751 -0.18191898 0.27304316
v -0.00493859 -0.18468910 0.29027295
v -0.02470460 -0.08100468 0.28322001
v 0.00612960 -0.08267727 0.29346627
v -0.14183110 -0.52073021 0.07013256
v -0.11046896 -0.52476737 0.06247430
v -0.12264306 -0.47455664 0.11125769
v -0.09186817 -0.47726540 0.10105473
v -0.16971097 -0.47645581 0.11951061
v -0.13968190 -0.48174289 0.10816012
v -0.19566555 -0.44863877 0.14670777
v -0.16572790 -0.45734190 0.13740592
v -0.12442565 -0.42204359 0.15413890
v -0.09401822 -0.42595189 0.14324646
v -0.13736351 -0.38315906 0.18364085
v -0.10783397 -0.38860653 0.17111634
v -0.14919999 -0.39941258 0.17690359
v -0.11963009 -0.40542749 0.16473915
v -0.10262229 -0.36715344 0.18316778
v -0.07143048 -0.37174553 0.17513564
v -0.13647187 -0.34448491 0.20116540
v -0.10655348 -0.35181193 0.19068991
v -0.14791254 -0.36334065 0.19532433
v -0.11813878 -0.37095748 0.18464541
v -0.09802317 -0.32881867 0.20156458
v -0.06642564 -0.33499433 0.19687534
v -0.09266864 -0.24252760 0.25800592
v -0.06363614 -0.24932952 0.24499132
v -0.06827305 -0.21623018 0.26847967
v -0.04015939 -0.22060906 0.25270058
v -0.06399248 -0.19460034 0.27617692
v -0.03613613 -0.19938681 0.26006340
v -0.07179473 -0.17767323 0.28637061
v -0.04461369 -0.18490254 0.27001642
v -0.06004001 -0.15735438 0.28754478
v -0.03269625 -0.16362205 0.27106550
v -0.05086530 -0.11645628 0.29191543
v -0.02263225 -0.12374344 0.27748200
v -0.04403288 -0.07280591 0.29258201
v -0.01448547 -0.08262745 0.28314699
v -0.19922662 -0.41684672 0.16927311
v -0.16927381 -0.42788248 0.16298239
v -0.24196438 -0.36714010 0.19302608
v -0.21388151 -0.38275184 0.18791163
v -0.18173243 -0.38159066 0.19009230
v -0.15195996 -0.39212922 0.18227753
v -0.20408910 -0.38188559 0.18883129
v -0.17462459 -0.39476790 0.18388957
v -0.25755776 -0.34979311 0.19206038
v -0.23096520 -0.36841367 0.19421506
v -0.21279448 -0.39978028 0.17844374
v -0.18330452 -0.41263164 0.17357373
v -0.18493261 -0.34374486 0.20298261
v -0.15543670 -0.35685063 0.19888849
v -0.22459515 -0.32740088 0.20602337
v -0.19677819 -0.34402424 0.20312291
v -0.18964994 -0.30432917 0.21209559
v -0.16101826 -0.31924489 0.20806070
v -0.19592285 -0.26335895 0.21346003
v -0.16903831 -0.28163898 0.21472254
v -0.11783736 -0.24337864 0.25017564
v -0.08759578 -0.25530779 0.24888166
v -0.15962958 -0.24168865 0.23381473
v -0.13131832 -0.25762654 0.23208633
v -0.12336618 -0.26252087 0.23247758
v -0.09302296 -0.27420742 0.23136174
v -0.13179766 -0.22795945 0.26234702
v -0.10287119 -0.24131418 0.25575598
v -0.09401850 -0.18107238 0.28846051
v -0.06536199 -0.19259013 0.27822930
v -0.10293793 -0.14097650 0.29785275
v -0.07542257 -0.15741944 0.29227903
v -0.10866348 -0.16279608 0.29342692
v -0.08058692 -0.17816899 0.28760345
v -0.05672316 -0.09203638 0.29541152
v -0.02830370 -0.10376977 0.28477228
v -0.32110137 -0.36910511 0.15156046
v -0.29652385 -0.39020919 0.15457635
v -0.37886888 -0.33457636 0.11790942
v -0.35947203 -0.35936508 0.12614430
v -0.38458952 -0.40143989 0.07101268
v -0.36035198 -0.42313925 0.07055326
v -0.30097695 -0.38181893 0.15603702
v -0.27646842 -0.40212248 0.16279198
v -0.28042802 -0.35287350 0.17966623
v -0.25594029 -0.37306672 0.18681583
v -0.34790461 -0.33521550 0.14477459
v -0.32711301 -0.35887360 0.15293152
v -0.21492734 -0.30697735 0.21081139
v -0.18723675 -0.32383978 0.20808710
v -0.26798416 -0.27114239 0.19966214
v -0.24499153 -0.29363697 0.20454727
v -0.17931529 -0.28103193 0.21474903
v -0.15077710 -0.29624949 0.21120931
v -0.21146709 -0.23205215 0.21350248
v -0.18649747 -0.25288642 0.21449397
v -0.22950864 -0.23081603 0.21092214
v -0.20575671 -0.25295220 0.21301199
v -0.22142392 -0.26853759 0.21008820
v -0.19598506 -0.28853670 0.21346933
v -0.18421702 -0.20628103 0.24656204
v -0.15883901 -0.22661232 0.24762361
v -0.20651429 -0.21736939 0.22280975
v -0.18155782 -0.23817549 0.22113263
v -0.17859413 -0.23801084 0.22423278
v -0.15149504 -0.25601552 0.22418516
v -0.13984337 -0.18865417 0.27931505
v -0.11235817 -0.20606270 0.27911808
v -0.14564823 -0.14673065 0.28324842
v -0.12165319 -0.16732069 0.29091786
v -0.16649713 -0.14769199 0.27317435
v -0.14450669 -0.17005823 0.28181747
v -0.10749240 -0.10254794 0.29123319
v -0.08310595 -0.12286775 0.29837025
v -0.08858641 -0.10532113 0.29613038
v -0.06135262 -0.12306578 0.29472333
v -0.07608508 -0.08707644 0.29396742
v -0.04870957 -0.10464799 0.29337272
v -0.43957071 -0.30250132 0.06532552
v -0.42383032 -0.32984271 0.07327665
v -0.44192603 -0.34762653 0.04508841
v -0.42348181 -0.37380737 0.05082476
v -0.34722658 -0.31318719 0.15015161
v -0.32799410 -0.33745064 0.16014804
v -0.32003106 -0.29247966 0.17237475
v -0.29984561 -0.31644203 0.18114310
v -0.43133878 -0.34004149 0.06191868
v -0.41260489 -0.36608689 0.06732336
v -0.29894832 -0.29234797 0.18452488
v -0.27734982 -0.31547232 0.19209461
v -0.38572776 -0.26867340 0.11895458
v -0.37081254 -0.29543254 0.12990978
v -0.27007144 -0.23012073 0.19868662
v -0.24985823 -0.25459735 0.20581775
v -0.34814869 -0.22888076 0.15109486
v -0.33336686 -0.25587278 0.16165231
v -0.26911820 -0.18867482 0.20530732
v -0.24941181 -0.21455897 0.20575543
v -0.28867411 -0.18820401 0.19494682
v -0.27099189 -0.21516582 0.19929789
v -0.28967760 -0.23002475 0.18824693
v -0.27171193 -0.25515096 0.19846651
v -0.23092695 -0.19221803 0.22334448
v -0.20859992 -0.21578937 0.22124032
v -0.17472539 -0.16883633 0.26637777
v -0.15179090 -0.19061059 0.27402125
v -0.20594944 -0.14968959 0.24605551
v -0.18824313 -0.17435589 0.25774277
v -0.19379677 -0.12719895 0.25175954
v -0.17775165 -0.15208568 0.26524051
v -0.17457751 -0.12729992 0.26303777
v -0.15749057 -0.15023951 0.27854078
v -0.11347709 -0.08421443 0.28116617
v -0.09394919 -0.10607356 0.29528605
v -0.13131540 -0.08484214 0.27286504
v -0.11510103 -0.10765285 0.28945712
v -0.14373046 -0.10522324 0.27445442
v -0.12604451 -0.12711578 0.29077788
v -0.10069127 -0.06412179 0.27899923
v -0.08246778 -0.08752566 0.29236690
v -0.43061910 -0.21375285 0.13670006
v -0.41307066 -0.23826338 0.12446005
v -0.46937033 -0.26615234 0.07157219
v -0.45034599 -0.29121041 0.06328370
v -0.43696378 -0.17720150 0.15916743
v -0.42196798 -0.20409781 0.14866763
v -0.42343209 -0.19714615 0.15313865
v -0.40671641 -0.22192309 0.14028483
v -0.42053352 -0.24856998 0.11303542
v -0.40094999 -0.27226292 0.10237419
v -0.40723521 -0.16303301 0.17992247
v -0.39251186 -0.18990751 0.16899013
v -0.41487746 -0.23129718 0.12927917
v -0.39603877 -0.25532998 0.11805151
v -0.32358674 -0.13196044 0.20889481
v -0.30895354 -0.15993858 0.20104464
v -0.35754661 -0.14522734 0.20124485
v -0.34271923 -0.17167791 0.18945298
v -0.33378404 -0.18965762 0.18248131
v -0.31527929 -0.21498875 0.17385343
v -0.29788860 -0.10897452 0.21358146
v -0.28513264 -0.13883506 0.21154059
v -0.30448799 -0.13190320 0.21039449
v -0.28934259 -0.16002742 0.20421576
v -0.25224030 -0.09729435 0.25534172
v -0.23858990 -0.12564335 0.24706329
v -0.27913436 -0.07903577 0.23331569
v -0.26881066 -0.10986152 0.23200193
v -0.26966584 -0.14726891 0.21503014
v -0.25312216 -0.17525945 0.21619990
v -0.22312617 -0.11157766 0.26273713
v -0.20715126 -0.13627826 0.24883699
v -0.20519791 -0.07229679 0.28603511
v -0.19315504 -0.10052782 0.27524117
v -0.17163965 -0.08820648 0.28289708
v -0.15667698 -0.11098368 0.26512493
v -0.16091138 -0.06549069 0.29344218
v -0.14839435 -0.09092521 0.27747531
v -0.14005765 -0.06389991 0.29049415
v -0.12579501 -0.08874737 0.27507622
v -0.10757752 -0.04733697 0.29317652
v -0.09311193 -0.07238560 0.27828207
v -0.10129672 0.00739995 0.28718250
v -0.10057536 -0.02362789 0.29694390
v -0.49409880 -0.12805825 0.13823314
v -0.48399516 -0.15862920 0.13355713
v -0.49902201 -0.07291415 0.14678641
v -0.49427133 -0.10502917 0.14892844
v -0.54063697 -0.13421353 0.07502530
v -0.53121726 -0.16524413 0.07239802
v -0.48908464 -0.11142166 0.15244003
v -0.47968745 -0.14198225 0.14641716
v -0.40863048 -0.08396589 0.20486145
v -0.40014610 -0.11476308 0.19869050
v -0.32785116 -0.10915167 0.21106532
v -0.31590877 -0.13925335 0.20793484
v -0.36786699 -0.07547631 0.21397060
v -0.35943860 -0.10643795 0.20859750
v -0.30789075 -0.06899654 0.21570698
v -0.29944112 -0.10039775 0.21465868
v -0.34718700 -0.08001754 0.21469789
v -0.33796926 -0.11082054 0.20972389
v -0.29039969 -0.05843787 0.22587385
v -0.28278708 -0.09006941 0.22571460
v -0.23429341 -0.09438645 0.26673886
v -0.22042504 -0.12214940 0.25697062
v -0.25806350 -0.05824491 0.26393924
v -0.24922973 -0.08923788 0.25947467
v -0.13001735 -0.02287467 0.29667917
v -0.12186448 -0.05430909 0.29469421
v -0.09643533 -0.02693515 0.29631359
v -0.08522858 -0.05547716 0.28543728
v -0.50999510 -0.12098344 0.12390137
v -0.50048590 -0.15175647 0.11930489
v -0.50640973 -0.03191151 0.13722942
v -0.50456573 -0.06427878 0.13996644
v -0.48202097 -0.06991690 0.16239628
v -0.47750400 -0.10198348 0.16553684
v -0.46264575 -0.00756539 0.17056267
v -0.46229281 -0.03993154 0.17385505
v -0.52948722 -0.00933728 0.10919837
v -0.52871267 -0.04184359 0.11032627
v -0.42079894 -0.02777124 0.19425379
v -0.41890305 -0.05995564 0.19862434
v -0.38877328 -0.04945616 0.20666992
v -0.38459957 -0.08152368 0.21024563
v -0.32573107 -0.06047896 0.21704631
v -0.31810183 -0.09194641 0.21386418
v -0.31654791 -0.01401380 0.21512108
v -0.31422639 -0.04646190 0.21563424
v -0.33408347 0.00544266 0.21089031
v -0.33434567 -0.02697386 0.21365294
v -0.28705475 -0.03330573 0.23367614
v -0.28215818 -0.06547024 0.23366763
v -0.23160639 -0.03770258 0.28321488
v -0.22489445 -0.06949071 0.28148399
v -0.16713167 -0.01914856 0.29741537
v -0.16140397 -0.05117061 0.29797529
v -0.17432865 -0.04483648 0.29936004
v -0.16510646 -0.07456661 0.28989418
v -0.54687160 0.01648081 0.07955745
v -0.54909605 -0.01563666 0.08425332
v -0.54210396 0.07404756 0.06261187
v -0.54823638 0.04259629 0.06824595
v -0.52791696 0.09414349 0.06426540
v -0.53629548 0.06379250 0.07245986
v -0.55155217 0.10663595 0.03729858
v -0.55975155 0.07571863 0.04325017
v -0.44929826 0.00954200 0.17144571
v -0.45150888 -0.02179133 0.17992316
v -0.52093683 0.03239136 0.10299498
v -0.52542430 0.00137448 0.11173269
v -0.43183243 0.00397447 0.18165884
v -0.43339269 -0.02753645 0.18960610
v -0.45515659 0.08075540 0.12566401
v -0.46375207 0.05143709 0.13684821
v -0.37347640 0.03262073 0.19147740
v -0.37814250 0.00227106 0.20223179
v -0.39270351 0.04545900 0.17779123
v -0.39893123 0.01614283 0.19045258
v -0.36685966 0.07475994 0.17909700
v -0.37465234 0.04412243 0.18678785
v -0.35218395 0.06088783 0.19148893
v -0.35836994 0.02943580 0.19705986
v -0.26444010 0.03850014 0.23961741
v -0.26997705 0.00908655 0.25237339
v -0.30134052 0.04197207 0.22156231
v -0.30425797 0.00968505 0.21881114
v -0.25300633 0.01051671 0.26286277
v -0.25363139 -0.02166299 0.26761752
v -0.21337416 0.02891971 0.26677746
v -0.21735522 0.00063652 0.28235771
v -0.26960423 0.05503632 0.23483471
v -0.27580897 0.02332340 0.23861937
v -0.19148714 0.03549466 0.26639787
v -0.19688505 0.00853680 0.28379524
v -0.11642261 0.02079835 0.28098784
v -0.11997362 -0.00890820 0.29377234
v -0.15375367 0.02731542 0.27555414
v -0.15808139 -0.00071901 0.29148754
v -0.13908392 0.01335838 0.28424537
v -0.14006480 -0.01609825 0.29802495
v -0.10848799 -0.01170622 0.29615139
v -0.10202007 -0.04352092 0.29402474
v -0.49471158 0.17073330 0.10322292
v -0.50087672 0.14037554 0.09327661
v -0.50102211 0.12548662 0.09016830
v -0.50413893 0.09470630 0.08009909
v -0.47013011 0.11825414 0.11701818
v -0.47302115 0.08785860 0.10578055
v -0.41614738 0.21544676 0.17275961
v -0.42933992 0.18611850 0.16782590
v -0.43491059 0.15301603 0.15737161
v -0.44043007 0.12387812 0.14399067
v -0.47108058 0.22151910 0.12235051
v -0.48321840 0.19159002 0.11841918
v -0.40016466 0.16439694 0.18610400
v -0.40773736 0.13576927 0.17262652
v -0.41866031 0.11726798 0.15832484
v -0.42284511 0.08708606 0.14691999
v -0.34686469 0.12730387 0.20339968
v -0.35417419 0.09763863 0.19221592
v -0.28906327 0.13131683 0.21706878
v -0.30122507 0.10124188 0.21459494
v -0.30904911 0.12210816 0.21402878
v -0.31849927 0.09175249 0.20711796
v -0.22776372 0.06480415 0.26575164
v -0.23312884 0.03613533 0.25133477
v -0.21949265 0.10389648 0.27750887
v -0.23109243 0.07557278 0.26647507
v -0.23920202 0.10248928 0.26333630
v -0.24946749 0.07333682 0.25317333
v -0.15045385 0.04651415 0.29177360
v -0.15678312 0.02041378 0.27340944
v -0.18415891 0.09269230 0.29548297
v -0.19691020 0.06528897 0.28344164
v -0.11116159 0.03957159 0.29549436
v -0.11916072 0.01221109 0.27981161
v -0.08830282 0.04553729 0.29885847
v -0.10081486 0.01789878 0.28710714
v -0.43152653 0.27728413 0.14335313
v -0.44701184 0.24925509 0.13759904
v -0.47565306 0.27923323 0.08583695
v -0.49092947 0.25060442 0.08348023
v -0.46308750 0.29815844 0.09316976
v -0.47849621 0.26997702 0.08798215
v -0.38534830 0.19610024 0.19297913
v -0.39821305 0.16675256 0.18734499
v -0.43676007 0.21488956 0.15769773
v -0.44927094 0.18526150 0.15277963
v -0.40755647 0.19801967 0.18178390
v -0.41939196 0.16853877 0.17476044
v -0.36343705 0.16486589 0.20188685
v -0.37390431 0.13540580 0.19288291
v -0.33916535 0.23538810 0.20710517
v -0.35698511 0.20820042 0.20575682
v -0.37359143 0.21222511 0.19816472
v -0.38770995 0.18355691 0.19205465
v -0.34306723 0.17428095 0.20842906
v -0.35589248 0.14492787 0.20273337
v -0.31495382 0.20305813 0.21736555
v -0.33096729 0.17519641 0.21228367
v -0.30335058 0.16782591 0.21653171
v -0.31772708 0.13884593 0.21306632
v -0.26128028 0.18864126 0.22025303
v -0.27954773 0.16173192 0.21940458
v -0.25296766 0.15289753 0.22694958
v -0.26905155 0.12461639 0.22682006
v -0.15692104 0.14099932 0.29150732
v -0.17740500 0.11633570 0.29704305
v -0.17416670 0.15398544 0.28333024
v -0.19474556 0.12927894 0.28829322
v -0.21327021 0.12212826 0.28097391
v -0.22755732 0.09443569 0.27161807
v -0.14149175 0.10659454 0.30235439
v -0.15999862 0.07985332 0.30138751
v -0.38750890 0.34817299 0.12407296
v -0.40932823 0.32412039 0.12605307
v -0.39793888 0.29121155 0.16084765
v -0.41695377 0.26483069 0.16185554
v -0.39036178 0.39121282 0.08115522
v -0.41320591 0.36805180 0.08165015
v -0.36571219 0.35915544 0.13233177
v -0.38846218 0.33594290 0.13379728
v -0.27620091 0.28953915 0.19617780
v -0.29984792 0.26854546 0.20383386
v -0.31341259 0.23961430 0.20989462
v -0.33300634 0.21375128 0.21228655
v -0.27957553 0.22114760 0.21576396
v -0.29963070 0.19572258 0.21890882
v -0.26485417 0.16509731 0.22041030
v -0.28103908 0.13692524 0.21870285
v -0.23726675 0.22226172 0.21723293
v -0.25930299 0.19846686 0.21982916
v -0.20672064 0.15471095 0.27023605
v -0.22540038 0.12808244 0.26951401
v -0.22314892 0.17492843 0.24045598
v -0.24266345 0.14891487 0.24146085
v -0.19488274 0.12675384 0.28969303
v -0.21131288 0.09954246 0.28275594
v -0.15951456 0.12057254 0.29877093
v -0.17817250 0.09393591 0.29782046
v -0.11902656 0.13256780 0.28905988
v -0.14054931 0.11122115 0.30087612
v -0.10331676 0.07905597 0.30127656
v -0.12166433 0.05224146 0.29957942
v -0.10099094 0.09905918 0.29647940
v -0.12155587 0.07497513 0.30393420
v -0.36748843 0.38428851 0.10570111
v -0.39133232 0.36239505 0.10896868
v -0.33306701 0.43800826 0.06045697
v -0.35970228 0.42037820 0.06664364
v -0.32294952 0.46907747 0.03235351
v -0.35031876 0.45201667 0.03664138
v -0.26744510 0.34364785 0.15684388
v -0.29261415 0.32865166 0.17099186
v -0.29790665 0.39568542 0.11055537
v -0.32410670 0.38073098 0.12273953
v -0.29446283 0.42619660 0.08118513
v -0.32175071 0.41152252 0.09111359
v -0.27036609 0.32675885 0.17110242
v -0.29512671 0.31006915 0.18402130
v -0.25055551 0.31458336 0.17785139
v -0.27558333 0.29832418 0.19080433
v -0.24518304 0.35038334 0.15247140
v -0.27177663 0.33530373 0.16360323
v -0.28639939 0.35428261 0.14848430
v -0.31139141 0.33878244 0.16240104
v -0.25964185 0.25518522 0.21031504
v -0.28238900 0.23223407 0.21410226
v -0.20728246 0.31104548 0.18217543
v -0.23431137 0.29509824 0.19075771
v -0.18922707 0.26156114 0.21300050
v -0.21515686 0.24191166 0.21327545
v -0.18772458 0.28102189 0.20294091
v -0.21472541 0.26350099 0.20768485
v -0.18257423 0.20049692 0.25205419
v -0.20602359 0.17794416 0.25223444
v -0.15834175 0.20713388 0.24670441
v -0.18249336 0.19007710 0.26028004
v -0.16868815 0.25212573 0.22289677
v -0.19489838 0.23298311 0.22063489
v -0.19470749 0.22403041 0.22828805
v -0.21820852 0.20171632 0.22540451
v -0.13684042 0.16429565 0.27574611
v -0.15927793 0.14501438 0.28928577
v -0.17091579 0.17381082 0.27445356
v -0.19333471 0.15073290 0.27928404
v -0.08120642 0.10340985 0.28619315
v -0.10302041 0.08396725 0.30049932
v -0.08271430 0.12186461 0.27773864
v -0.10491359 0.10595271 0.29541730
v -0.06177210 0.08923015 0.28339503
v -0.08487468 0.07096307 0.29721949
v -0.06218322 0.07108206 0.28980949
v -0.08377383 0.04846396 0.29879828
v -0.22681763 0.44755501 0.12502009
v -0.25098009 0.42997664 0.11214733
v -0.27405680 0.45723230 0.07597528
v -0.29845483 0.43776142 0.06680182
v -0.20841004 0.42282513 0.15161105
v -0.23240119 0.40581495 0.13769666
v -0.18506754 0.40594703 0.17756075
v -0.20903868 0.39011494 0.16228786
v -0.21027344 0.44444535 0.14105951
v -0.23449842 0.42773372 0.12718854
v -0.16003679 0.38840047 0.19720759
v -0.18597011 0.37385424 0.18400145
v -0.19020460 0.34402775 0.18626987
v -0.21520381 0.32620593 0.17550168
v -0.13765979 0.36263924 0.21077746
v -0.16571020 0.34916181 0.20128720
v -0.16870335 0.31479938 0.20275476
v -0.19540284 0.29766717 0.19553280
v -0.13086682 0.23569531 0.25008211
v -0.15661615 0.21857737 0.23995887
v -0.14516060 0.26480527 0.22230097
v -0.17331410 0.24850738 0.22284042
v -0.08009978 0.22327655 0.28468425
v -0.10803586 0.21169236 0.27268784
v -0.07011652 0.18722835 0.29979650
v -0.09731247 0.17622687 0.28572951
v -0.09469724 0.23615122 0.27053657
v -0.12260358 0.22294598 0.26027062
v -0.09445105 0.16732101 0.28666929
v -0.11630336 0.15286925 0.26737798
v -0.03777668 0.11406652 0.30400048
v -0.06527854 0.10411195 0.28974966
v -0.01401688 0.12439393 0.30366928
v -0.04597661 0.11833114 0.30307817
v -0.07683709 0.16426802 0.29744799
v -0.10087556 0.15205532 0.27923992
v -0.02160808 0.06171716 0.29617024
v -0.04952835 0.04849264 0.28596719
v -0.03808290 0.09451045 0.29792873
v -0.06519479 0.08167829 0.28532662
v -0.13647982 0.50423055 0.13251999
v -0.16705168 0.49400778 0.12811679
v -0.12755367 0.41691367 0.19833238
v -0.15760137 0.40579488 0.19267195
v -0.06890764 0.45222295 0.19344267
v -0.10097469 0.44675486 0.19402257
v -0.13238511 0.45441593 0.17824111
v -0.16249317 0.44357281 0.17237056
v -0.09947501 0.37079097 0.21895175
v -0.12975345 0.36068303 0.21266070
v -0.13018409 0.32130788 0.21675752
v -0.15866664 0.30729719 0.20961773
v -0.08847521 0.40488565 0.21472122
v -0.11907446 0.39619621 0.20788663
v -0.06279239 0.30224224 0.22527676
v -0.09433053 0.29437971 0.22384230
v -0.08970634 0.32945426 0.22275989
v -0.12045777 0.31946264 0.21914757
v -0.08725281 0.25468797 0.25817264
v -0.11727991 0.24280395 0.25421345
v -0.06641004 0.28473060 0.23100712
v -0.09784950 0.27635919 0.23111310
v -0.10294585 0.26658187 0.23946624
v -0.13281602 0.25375365 0.23814656
v -0.06343611 0.26016161 0.26144264
v -0.09454105 0.25111028 0.25842803
v 0.00376588 0.07969851 0.29213751
v -0.02752547 0.07658288 0.30048469
v -0.03731612 0.15844933 0.30805067
v -0.06801138 0.15011746 0.30120136
v 0.35283739 0.45731416 0.04095069
v 0.32731490 0.47731059 0.04364828
v 0.30111091 0.46573624 0.09460457
v 0.27286799 0.48151570 0.09115813
v 0.42380451 0.33658888 0.07655313
v 0.40666659 0.36247647 0.08628226
v -0.09648345 0.58562586 0.01012156
v -0.12849303 0.57980195 0.01010035
v -0.21467724 0.52323206 0.06385833
v -0.24306468 0.50849649 0.05789611
v 0.24615664 -0.47464394 0.08525466
v 0.27201914 -0.45636225 0.07780870
v -0.06065138 -0.52513098 0.08456042
v -0.03034996 -0.53132249 0.09466098
v -0.49704647 0.20687025 0.09950829
v -0.50541306 0.17685633 0.09014365
v -0.54257827 0.17110634 0.04120084
v -0.55040275 0.13971551 0.03774763
v 0.06340991 -0.56933526 0.04521970
v 0.09562864 -0.56547936 0.04758970
v -0.48648095 -0.25147268 0.06872019
v -0.46901357 -0.27825443 0.06270684
v -0.52290546 0.05369004 0.09063780
v -0.52864906 0.02273436 0.09884080
v -0.45280538 -0.21186557 0.12689448
v -0.43584462 -0.23702259 0.11514761
v 0.46935453 -0.35263893 0.01940490
v 0.48868944 -0.32660428 0.02202968
v -0.55810192 -0.09946720 0.05788379
v -0.55184723 -0.13139518 0.05800434
v -0.40724196 -0.43002447 0.01098267
v -0.38262456 -0.45125268 0.00961210
v 0.46134522 0.36928000 0.01029466
v 0.44044937 0.39421163 0.01085103
v 0.55815353 -0.19633545 0.00924641
v 0.56764116 -0.16521453 0.00917680
v 0.19868512 0.55713269 0.01049374
v 0.16769898 0.56702120 0.00971405
v -0.52986266 -0.26082438 0.01014471
v -0.51472952 -0.28962376 0.00980535
v 0.34873762 0.23822055 0.15771495
v 0.33380953 0.26430098 0.17018471
v 0.37223235 0.32274734 0.13769549
v 0.35576897 0.34670380 0.15230977
v 0.14863215 0.44839295 0.15192128
v 0.11982361 0.45260924 0.13740155
v 0.24270412 -0.41428201 0.12209742
v 0.26548482 -0.39427655 0.11029263
v -0.05579642 -0.46445114 0.13561069
v -0.02706937 -0.47106945 0.14937609
v -0.04173286 -0.43892301 0.15931761
v -0.01333463 -0.44453952 0.17416776
v -0.40101974 -0.19755959 0.16143082
v -0.38374652 -0.22158691 0.14790839
v -0.23189953 -0.50735619 0.06631145
v -0.20185689 -0.51984451 0.06619658
v -0.31502171 -0.43784308 0.10254953
v -0.28797897 -0.45593043 0.10228573
v 0.44783394 -0.15412843 0.14683491
v 0.45227153 -0.12454085 0.13405155
v 0.31254446 -0.30610333 0.18372140
v 0.33456074 -0.28264652 0.18857871
v -0.45809332 0.23757903 0.12993613
v -0.47165387 0.20818487 0.12667629
v 0.48235055 0.07072383 0.15975529
v 0.47673398 0.10270118 0.16186120
v -0.23239039 -0.45921699 0.12533949
v -0.20268819 -0.47241016 0.12383893
v -0.24238082 -0.41452591 0.16376193
v -0.21343367 -0.42860247 0.15902432
v -0.07570029 0.53664141 0.11072742
v -0.10786714 0.53195920 0.11210676
v 0.10405647 0.40045256 0.17303341
v 0.07425360 0.40355652 0.16035720
v -0.56279653 -0.03239969 0.05925348
v -0.56057269 -0.06485466 0.05976467
v -0.58562662 0.01697737 0.02101920
v -0.58642922 -0.01553756 0.02183563
v 0.17461263 -0.38801216 0.18352483
v 0.19913150 -0.37134021 0.17013067
v -0.15484187 0.34885658 0.20632498
v -0.18106660 0.33362026 0.19455003
v 0.01106959 0.45090597 0.17821875
v -0.01998108 0.45315139 0.18767104
v -0.02692218 0.45015534 0.18917211
v -0.05905303 0.44854246 0.19402375
v -0.31846808 0.29557455 0.19055951
v -0.34071699 0.27227779 0.19511781
v -0.45281845 -0.02410224 0.17878811
v -0.45123814 -0.05641683 0.18222349
v -0.33467706 0.39534200 0.10502891
v -0.36014664 0.37777463 0.11508972
v -0.35828112 0.37466421 0.12153291
v -0.38210870 0.35279681 0.12508184
v -0.41013351 -0.37228937 0.06784392
v -0.38852985 -0.39645645 0.07063067
v 0.48358880 0.23169928 0.09007209
v 0.46619737 0.25772121 0.08118790
v 0.45889212 0.22177336 0.11700443
v 0.44140872 0.24719282 0.10667422
v 0.38389594 0.06666007 0.21404734
v 0.37607578 0.09812756 0.21136891
v 0.31774678 -0.27055597 0.19809778
v 0.33798881 -0.24579192 0.20405881
v 0.25277999 -0.26127974 0.20699873
v 0.27510977 -0.23816423 0.21205696
v -0.39744363 0.00439524 0.19523937
v -0.39849236 -0.02752763 0.20143312
v -0.26041537 0.23324176 0.21500201
v -0.28192618 0.20895954 0.21749021
v -0.32243760 0.27537001 0.19773696
v -0.34363932 0.25106867 0.20203386
v -0.05951666 0.22954918 0.28936383
v -0.08962418 0.22043691 0.28105505
v -0.32483528 -0.16995463 0.19315164
v -0.30754555 -0.19671904 0.18657417
v -0.04266479 -0.36421649 0.19109641
v -0.01256136 -0.36898929 0.20247777
v 0.10676573 0.34179434 0.20552672
v 0.07585129 0.34837704 0.19781328
v -0.23334389 0.14011814 0.25494871
v -0.24887889 0.11170518 0.25180246
v -0.22129884 0.19280124 0.23029804
v -0.24174981 0.16755216 0.22863270
v -0.15166598 0.32816631 0.21013950
v -0.17789274 0.31250596 0.19893938
v 0.14401570 -0.33784729 0.20679603
v 0.16981018 -0.32173612 0.19523717
v 0.05456240 -0.26028723 0.26048375
v 0.08552314 -0.25059656 0.25802311
v 0.34424042 -0.11090867 0.19973971
v 0.35053602 -0.07954987 0.19377961
v 0.22384341 -0.17706045 0.23815437
v 0.24192454 -0.15005748 0.23971772
v 0.28170601 0.00899938 0.24322544
v 0.27847694 0.04127519 0.24575067
v -0.37599712 -0.29263727 0.12552417
v -0.36001281 -0.31833917 0.13745924
v 0.45449298 0.19361732 0.14232704
v 0.43842229 0.21951119 0.13093527
v 0.41181480 0.18981953 0.16534218
v 0.39507203 0.21463083 0.15259029
v 0.22073688 0.18186639 0.23942151
v 0.19863157 0.20572835 0.24012452
v -0.19888509 0.20626162 0.23596933
v -0.22180943 0.18319205 0.23686458
v -0.29198627 0.01440592 0.22914363
v -0.29279177 -0.01809946 0.23027624
v -0.26364537 -0.07700129 0.24965505
v -0.25309252 -0.10776082 0.24864488
v 0.06361339 -0.22849781 0.27956742
v 0.09293012 -0.21665750 0.27189488
v 0.09156250 -0.50976913 0.13779864
v 0.12327803 -0.50251795 0.13752056
v -0.35853455 -0.00180463 0.20756469
v -0.35813863 -0.03422005 0.21032432
v -0.03331760 0.35208029 0.22037666
v -0.06541771 0.34892191 0.22463566
v 0.25162687 0.43848589 0.15698897
v 0.22273106 0.45222858 0.15109808
v -0.16677159 -0.20823628 0.25701814
v -0.14037647 -0.22712229 0.25928697
v -0.02936084 -0.25316247 0.25464383
v 0.00220394 -0.25514564 0.26227686
v -0.46818354 -0.15257722 0.15189795
v -0.45604775 -0.18224255 0.14631027
v 0.59284844 -0.01906296 0.00900710
v 0.59290566 0.01346655 0.00960651
v 0.58617606 -0.06296847 0.01191990
v 0.58878284 -0.03055092 0.01283587
v -0.14381733 -0.41907776 0.16254810
v -0.11424389 -0.42383235 0.14984625
v 0.08937292 0.27046806 0.24095213
v 0.05856312 0.27779950 0.23349978
v -0.26709841 -0.12572266 0.22822139
v -0.25121882 -0.15366806 0.22317909
v 0.27474574 0.10740458 0.22972196
v 0.26120733 0.13692920 0.23160344
v 0.22656868 0.14337496 0.24237364
v 0.20934318 0.16933968 0.25173564
v -0.15171551 0.22507464 0.23933472
v -0.17835127 0.20701291 0.24411400
v -0.12724575 0.25793888 0.23764643
v -0.15510959 0.24206076 0.23216711
v 0.25985080 -0.04738413 0.24646172
v 0.26408468 -0.01656956 0.25600469
v 0.13497520 -0.26154343 0.22922961
v 0.16197973 -0.24374762 0.22568052
v 0.06530305 -0.46274778 0.18157975
v 0.09702678 -0.45793298 0.18696069
v 0.35385759 -0.41964513 0.06833945
v 0.37906914 -0.40072747 0.07640369
v 0.03433997 0.16708610 0.27616502
v 0.00808573 0.17140781 0.29488851
v -0.10451454 0.15646355 0.26884303
v -0.12734524 0.14154657 0.28658492
v 0.07133766 0.01272826 0.29791373
v 0.05838637 0.04091762 0.28810783
v -0.17615559 0.02063636 0.27812893
v -0.17860541 -0.00743278 0.29439709
v -0.20807234 0.06863787 0.27924820
v -0.21481819 0.04142725 0.26273737
v 0.09747247 -0.16218329 0.26706415
v 0.11957097 -0.14668690 0.28523142
v -0.04528330 -0.19433122 0.26250938
v -0.01824311 -0.19969201 0.27979005
v -0.04158169 0.05750072 0.28684018
v -0.06493056 0.03642492 0.29515719
v -0.01899674 0.08043228 0.30124187
v -0.04821540 0.07139343 0.29014677
v 0.05649160 -0.08442671 0.28818174
v 0.07683697 -0.06145516 0.29899403
v 0.07572874 -0.02600918 0.28643839
v 0.07673645 0.00454384 0.29757521
v -0.42931157 0.38102268 0.04360836
v -0.45038313 0.35624084 0.04299036
v 0.39107086 0.43757309 0.02186328
v 0.36610171 0.45842809 0.02148582
v 0.17088175 -0.56652802 0.00997830
v 0.20179473 -0.55645794 0.01120835
v -0.13850500 0.57464234 0.01382992
v -0.16981052 0.56589659 0.01241291
v 0.58433147 0.04698847 0.01989573
v 0.58083126 0.07932551 0.02066753
v -0.58122488 0.05274302 0.01982247
v -0.58466215 0.02046275 0.02199062
v -0.08560225 -0.58591754 0.00748806
v -0.05324869 -0.58933589 0.00718118
v -0.30294713 -0.50662221 0.01313833
v -0.27441197 -0.52224130 0.01257219
v 0.24886624 0.49842478 0.08060414
v 0.21939872 0.51221594 0.08063160
v 0.19637398 0.48945736 0.11782627
v 0.16647988 0.49694980 0.10739853
v -0.02484984 -0.51090585 0.11970487
v 0.00665493 -0.51363907 0.12735410
v 0.53483286 -0.20743816 0.04286329
v 0.54406331 -0.17637505 0.03996261
v 0.51279227 -0.24242025 0.05521983
v 0.52612622 -0.21280978 0.05720927
v -0.47414975 0.19962438 0.12765294
v -0.48259955 0.16991139 0.11744164
v -0.11707664 0.50343495 0.14357828
v -0.14770670 0.49406905 0.13786764
v 0.31322108 0.42401142 0.13465255
v 0.28671324 0.44283379 0.13591112
v 0.30440223 0.36161603 0.18093642
v 0.28003598 0.38237196 0.18676815
v 0.12835264 -0.49592615 0.14179769
v 0.15893385 -0.48540828 0.13823458
v 0.06122465 -0.49378180 0.15634058
v 0.09296664 -0.48999981 0.16239649
v -0.48577982 -0.14799504 0.13689117
v -0.47482422 -0.17849947 0.13406512
v -0.49429948 -0.20014083 0.10054498
v -0.47958892 -0.22846483 0.09422972
v -0.41339228 0.31564738 0.13027007
v -0.43325219 0.28997187 0.13248009
v 0.49536478 -0.01798196 0.13353669
v 0.49766944 0.01331009 0.14214066
v -0.28157416 -0.44416396 0.12027281
v -0.25309810 -0.45935512 0.11616500
v -0.53308803 0.01390729 0.09804072
v -0.53520383 -0.01815120 0.10316988
v -0.26361105 -0.40855246 0.16430811
v -0.23535380 -0.42361097 0.15853743
v -0.37915354 0.26764289 0.18630137
v -0.39662914 0.24047501 0.18242307
v -0.39660822 0.27126846 0.17294866
v -0.41391757 0.24386117 0.17016319
v -0.45807429 -0.04450904 0.17675182
v -0.45553486 -0.07652409 0.18195942
v 0.28878516 -0.30810120 0.18435957
v 0.31184707 -0.28664770 0.19250988
v 0.24662413 -0.29990911 0.18758560
v 0.27075696 -0.28126493 0.19892284
v 0.38936223 -0.35601757 0.11195051
v 0.41089299 -0.33185814 0.11530904
v 0.53659765 0.13508843 0.08195236
v 0.52713200 0.16620353 0.08106711
v 0.39525180 0.41308005 0.05292410
v 0.37093958 0.43469308 0.05235436
v 0.03848040 0.49998405 0.12520650
v 0.00980361 0.50598976 0.13935235
v -0.01795238 0.53807614 0.10816433
v -0.05044596 0.53646825 0.10850170
v -0.25383053 0.49253750 0.06607885
v -0.28054642 0.47521049 0.05940295
v -0.30606913 0.46381250 0.04312561
v -0.33391023 0.44822847 0.04949295
v -0.19581789 -0.50325491 0.08830651
v -0.16506018 -0.51110742 0.08117675
v -0.37350639 0.24888115 0.19609564
v -0.38912539 0.22146103 0.18817633
v -0.09088687 0.42462947 0.20759792
v -0.12153281 0.41605632 0.20082596
v 0.20858002 0.38310586 0.20235982
v 0.17940356 0.39671457 0.19766210
v 0.24051952 0.51342382 0.06054595
v 0.21093053 0.52690222 0.06171061
v -0.53746954 -0.09812897 0.09539999
v -0.53030047 -0.12979832 0.09335346
v 0.13444058 -0.37563245 0.20448337
v 0.16230028 -0.36153779 0.19533407
v 0.10999514 -0.31126095 0.21482734
v 0.13902195 -0.29735830 0.21006370
v -0.49955872 0.24337093 0.07538499
v -0.51313945 0.21381493 0.07465152
v -0.36263744 -0.12039156 0.20528132
v -0.35059204 -0.15026465 0.20069456
v 0.22671166 -0.28820285 0.19301655
v 0.25120349 -0.26990560 0.20414723
v -0.36412827 -0.02112789 0.20798032
v -0.36232432 -0.05333901 0.21218994
v 0.32058632 -0.16379338 0.21416621
v 0.33227311 -0.13382199 0.20930140
v -0.14988474 -0.32298846 0.20685896
v -0.11961655 -0.33389337 0.20201632
v -0.17136706 -0.36272056 0.19750219
v -0.14154014 -0.37315708 0.18975842
v 0.40056288 0.15349046 0.18928292
v 0.38611804 0.18127818 0.18046698
v -0.26151358 0.37697753 0.12948513
v -0.28827527 0.36255717 0.14107810
v -0.46999925 0.02795918 0.14780365
v -0.47488629 -0.00166727 0.16033048
v -0.43482540 0.05823771 0.14996583
v -0.44236290 0.02972760 0.16370959
v 0.04138357 0.48113295 0.13844711
v 0.01292499 0.48725533 0.15297837
v 0.45235590 0.17613009 0.15465561
v 0.43737051 0.20304895 0.14419880
v 0.45391696 0.03477400 0.17772784
v 0.45085133 0.06689897 0.18186544
v -0.17863791 -0.41631142 0.17205613
v -0.14925395 -0.42415433 0.16049744
v -0.23266034 -0.39959510 0.17556312
v -0.20369979 -0.41362040 0.17075596
v -0.15655776 -0.45931757 0.13288047
v -0.12653231 -0.46420101 0.12134115
v 0.49567635 -0.12771119 0.09673664
v 0.49796364 -0.09702752 0.08616252
v 0.46779948 -0.09768275 0.11073414
v 0.47628357 -0.06804656 0.12113837
v 0.43571169 0.20831453 0.14110358
v 0.41840994 0.23320727 0.12929119
v -0.36583132 -0.37974254 0.10864275
v -0.34215822 -0.40200073 0.11028258
v 0.23472593 0.20525337 0.22238399
v 0.21236683 0.22877849 0.22465795
v 0.00972656 -0.34198380 0.21215137
v 0.04200926 -0.33971365 0.21549884
v -0.28608307 0.15428283 0.21879436
v -0.30005599 0.12511770 0.21523291
v 0.13572212 0.54734710 0.04208968
v 0.10390133 0.55256856 0.03776475
v 0.10982242 0.52480187 0.06092544
v 0.07996121 0.53411462 0.06987602
v -0.31178044 -0.09448836 0.21451829
v -0.30064074 -0.12491521 0.21157789
v -0.24131449 -0.21094981 0.21021939
v -0.21917324 -0.23470846 0.21217468
v 0.08112667 -0.30497998 0.21641067
v 0.11181463 -0.29418350 0.21594520
v 0.21064940 -0.23752029 0.21509853
v 0.23354295 -0.21451893 0.21741243
v 0.28057767 -0.16374165 0.22010277
v 0.29427897 -0.13433051 0.21769644
v 0.35908545 -0.00455534 0.21047351
v 0.35837767 0.02766992 0.21489659
v 0.05266125 0.31659695 0.21614619
v 0.02041548 0.32088386 0.21674992
v -0.21459241 0.23243974 0.21739427
v -0.23814202 0.21002764 0.21867694
v -0.13845702 -0.30345689 0.21053070
v -0.10805100 -0.31413179 0.20605277
v 0.13189565 0.37961083 0.19646746
v 0.10331827 0.38489579 0.18184096
v 0.16687089 0.39537621 0.19713223
v 0.13817540 0.40336432 0.18404443
v 0.32366651 -0.28883021 0.18822057
v 0.34463932 -0.26491635 0.19506166
v -0.03693326 0.17980797 0.30888654
v -0.06790534 0.17246353 0.30215445
v 0.12110521 0.12241202 0.30378557
v 0.09622524 0.14171563 0.31196416
v -0.07583214 -0.53562855 0.06801457
v -0.04469243 -0.54176463 0.07516987
v -0.00601441 -0.44764230 0.17533131
v 0.02557614 -0.44847892 0.18306882
v -0.17252061 0.44155539 0.16859158
v -0.19990259 0.42738431 0.15820218
v 0.37901664 0.34320631 0.12649481
v 0.36126524 0.36719576 0.13945342
v 0.42783938 -0.18719667 0.16756487
v 0.43644410 -0.15726110 0.15816529
v 0.19539720 -0.46036524 0.14389158
v 0.21919559 -0.44390492 0.12901790
v 0.26617441 -0.02639306 0.25170435
v 0.26723646 0.00571277 0.25686376
v -0.22032264 0.13957828 0.26846234
v -0.23645396 0.11167583 0.26401647
v -0.24311280 0.40852148 0.12777216
v -0.26621080 0.38923346 0.11540338
v 0.17579693 -0.16997891 0.27457903
v 0.19575475 -0.14513307 0.28112896
v -0.16138946 -0.18952620 0.26948306
v -0.13562110 -0.20903457 0.27321759
v 0.04704597 -0.24310419 0.27531732
v 0.07811650 -0.23381482 0.27269790
v -0.22564723 0.33975013 0.16069261
v -0.25257618 0.32518415 0.17170151
v 0.55038898 -0.17101715 0.03088198
v 0.55838489 -0.13948954 0.03010278
v 0.53349045 -0.14771939 0.05864881
v 0.53776345 -0.11622661 0.05168620
v 0.25766393 -0.34568231 0.15493991
v 0.28284507 -0.32971294 0.16795609
v -0.42257473 0.07585177 0.14838591
v -0.43076939 0.04622094 0.15903453
v 0.39932334 -0.10929205 0.17009329
v 0.40253479 -0.07880114 0.15920648
v 0.38783490 -0.07428984 0.17272312
v 0.39447924 -0.04385741 0.18211735
v -0.31969982 -0.25082367 0.17026134
v -0.30321129 -0.27595491 0.18271447
v 0.10848355 0.24323989 0.25883820
v 0.07815819 0.25452053 0.25542479
v 0.07030345 0.23946854 0.26579558
v 0.04180957 0.24468829 0.25098395
v 0.25314690 0.16259626 0.22613552
v 0.23372115 0.18866885 0.22495565
v 0.20177574 0.18070027 0.25355489
v 0.17900536 0.20367861 0.25702441
v -0.02675878 0.24842383 0.27848804
v -0.05894222 0.24367800 0.27897294
v 0.23424251 -0.01878139 0.27479879
v 0.23410518 0.01253317 0.28362552
v -0.19584351 -0.17032245 0.25326639
v -0.17438119 -0.19367454 0.26051759
v -0.26229390 0.07686192 0.24368858
v -0.26896602 0.04595137 0.23603665
v 0.25096376 -0.08807070 0.25356293
v 0.25748414 -0.05731542 0.24518864
v 0.24912257 -0.10692921 0.25178949
v 0.25853771 -0.07608559 0.24748155
v -0.15249777 -0.22699909 0.25235795
v -0.12430137 -0.24311025 0.25037685
v 0.15497034 -0.17803058 0.27090345
v 0.17631715 -0.15609127 0.28192669
v 0.12056831 -0.23138499 0.25345795
v 0.14470957 -0.21350951 0.24096001
v -0.08174606 -0.25915786 0.24275787
v -0.05074501 -0.26498577 0.23478903
v -0.04804737 -0.27492297 0.23523442
v -0.01604495 -0.27890239 0.23954040
v 0.14202865 0.31805651 0.22009356
v 0.11194931 0.32874297 0.21380352
v 0.18237361 -0.28650748 0.19943878
v 0.20893217 -0.26851649 0.20487008
v -0.34726271 0.10487174 0.19680961
v -0.35405649 0.07378197 0.19004185
v 0.34379928 0.29667426 0.16418013
v 0.32825000 0.31974504 0.18104698
v 0.32948869 0.26255251 0.17468040
v 0.31318530 0.28686715 0.18887652
v -0.07326724 -0.33411492 0.19625107
v -0.04176708 -0.34047084 0.20133775
v 0.10789091 -0.57707170 0.02273415
v 0.13951736 -0.56947975 0.02192043
v 0.17960634 0.08580457 0.28897973
v 0.16514813 0.10897011 0.27129217
v 0.02074311 0.15216323 0.28708251
v -0.00741626 0.15364606 0.30331157
v -0.12127810 0.16996379 0.26794415
v -0.14461194 0.15353110 0.28356563
v -0.06273846 0.12791809 0.29731724
v -0.08708690 0.11470508 0.28025554
v -0.22898198 0.04386852 0.25341734
v -0.23534783 0.01523200 0.26748706
v 0.06153279 -0.14142864 0.29083254
v 0.08479478 -0.12616747 0.27396518
v 0.58111362 -0.10723227 0.00991542
v 0.58520944 -0.07497456 0.00882180
v -0.03353003 0.58455822 0.02371622
v -0.06594593 0.58184507 0.02309959
v 0.02510076 -0.58514079 0.02192494
v 0.05752431 -0.58245257 0.02178887
v -0.58413626 -0.02174959 0.02389818
v -0.58192793 -0.05419401 0.02289089
v 0.49310134 -0.31911172 0.02278134
v 0.50885626 -0.29070438 0.02095448
v 0.27322551 0.52569507 0.00957624
v 0.24427431 0.54048902 0.01080054
v -0.27060966 0.51931827 0.01926601
v -0.29861583 0.50294200 0.01681575
v -0.31381237 -0.47973764 0.04745991
v -0.28558558 -0.49570928 0.04487402
v 0.58864385 0.07322093 0.00754954
v 0.58436586 0.10541051 0.00956479
v 0.55742976 0.10395380 0.06337068
v 0.54927574 0.13534524 0.06079743
v -0.18337703 0.54485176 0.04354618
v -0.21404576 0.53399080 0.04352638
v 0.33220128 0.43888747 0.09851991
v 0.30656372 0.45861046 0.10202009
v 0.40017337 -0.43525474 0.01162705
v 0.42357569 -0.41268859 0.01290458
v 0.43951295 -0.34208494 0.07511152
v 0.45944961 -0.31671836 0.07930655
v -0.47990357 -0.00884572 0.15849663
v -0.47956443 -0.04121032 0.16180562
v -0.40150701 0.41058934 0.04363791
v -0.42431860 0.38739597 0.04315768
v 0.39730744 0.38907003 0.08233485
v 0.37401699 0.41177725 0.08301948
v 0.04961500 -0.54464298 0.09099674
v 0.08186533 -0.54139263 0.09380446
v 0.03458730 -0.55361412 0.07598985
v 0.06695314 -0.55113575 0.07819033
v 0.11933792 -0.52285261 0.11401672
v 0.15004486 -0.51296855 0.10978335
v 0.21490200 0.43867403 0.16746838
v 0.18516501 0.45071493 0.16205910
v -0.41836150 -0.41066304 0.02064499
v -0.39493468 -0.43323965 0.02053500
v 0.54133425 0.18920857 0.04363922
v 0.53023288 0.21973684 0.04546020
v 0.01254397 -0.51335035 0.13007168
v 0.04488748 -0.51220499 0.13340599
v -0.44792139 0.33263758 0.07642799
v -0.46778500 0.30704022 0.07938501
v -0.24532168 -0.51387745 0.04847266
v -0.21548327 -0.52684460 0.04824138
v -0.19729423 -0.55059524 0.02005612
v -0.16620045 -0.56012393 0.01910082
v 0.09322772 -0.42956079 0.19988190
v 0.12401571 -0.42013972 0.19520483
v 0.12792767 -0.44769955 0.18029261
v 0.15804339 -0.43626559 0.17572754
v -0.24067311 0.47097872 0.09551267
v -0.26636193 0.45339630 0.08605356
v 0.10377553 0.48680947 0.09322327
v 0.07510849 0.49673536 0.10497951
v 0.37265606 -0.39042407 0.09293577
v 0.39583416 -0.36781184 0.09609718
v -0.03032753 -0.55059553 0.06994804
v 0.00106994 -0.55417799 0.07768731
v -0.15958387 -0.49060175 0.10316150
v -0.12897242 -0.49546880 0.09327300
v -0.27571152 0.41822809 0.09091905
v -0.30317525 0.40457658 0.10177774
v -0.41558975 0.17874842 0.17836513
v -0.42386583 0.14999925 0.16557748
v -0.04802929 0.54957847 0.08987876
v -0.08039239 0.54682413 0.09176947
v 0.02564267 0.53235324 0.10191784
v -0.00593007 0.53565927 0.10904274
v -0.41241660 -0.32143227 0.08712630
v -0.39538081 -0.34762031 0.09620925
v -0.43110170 -0.28266345 0.07658509
v -0.41660209 -0.31027104 0.08586487
v -0.53782413 -0.05007844 0.09635553
v -0.53579130 -0.08225793 0.10070058
v -0.56190578 -0.05282886 0.05876651
v -0.55882887 -0.08519127 0.06008503
v 0.45529788 0.27040922 0.07834518
v 0.43574391 0.29531750 0.07087846
v 0.42593395 0.23982576 0.12046179
v 0.40681567 0.26401752 0.11007999
v 0.54670028 -0.10470949 0.04289281
v 0.55419949 -0.07376275 0.04957062
v 0.41272346 0.40224330 0.04303594
v 0.38943914 0.42496420 0.04340059
v -0.41602350 0.35295090 0.09443873
v -0.43668832 0.32782170 0.09429514
v -0.44206421 0.23513079 0.14623283
v -0.45619378 0.20593691 0.14366300
v 0.42262236 -0.27336417 0.15264969
v 0.43794573 -0.24489695 0.14899679
v 0.33005552 0.38334529 0.15182648
v 0.30563114 0.40443713 0.15596357
v -0.15164239 0.43968176 0.17942077
v -0.18076601 0.42716405 0.17209595
v -0.17417645 0.45942118 0.15721949
v -0.20155166 0.44538768 0.14662746
v 0.12115307 -0.48114237 0.15854059
v 0.15193505 -0.47101449 0.15563751
v 0.15005003 -0.49512833 0.13162644
v 0.18045113 -0.48371587 0.12961125
v -0.11278913 -0.34596018 0.19444396
v -0.08152823 -0.35260274 0.18834772
v -0.29602326 0.30234920 0.18866433
v -0.31944325 0.28115849 0.19647391
v 0.29986898 -0.17463385 0.21741934
v 0.31372859 -0.14528644 0.21514513
v 0.23225017 0.26765727 0.22209378
v 0.20746491 0.28826186 0.22652929
v 0.08630460 0.25177860 0.25720739
v 0.05587064 0.25947525 0.24865946
v 0.23463629 -0.07592823 0.26327247
v 0.23963060 -0.04628249 0.25083385
v 0.45687923 0.09613218 0.17932051
v 0.44771332 0.12697147 0.17447737
v 0.46152931 -0.06496857 0.13260108
v 0.46828606 -0.03580293 0.14533855
v 0.10113838 -0.22150435 0.26763032
v 0.12584033 -0.20541335 0.25386715
v -0.44743181 -0.08413707 0.18710197
v -0.43982064 -0.11550930 0.18305414
v -0.03950917 -0.21472327 0.26184095
v -0.01155525 -0.21886190 0.27796490
v 0.27952987 -0.40686235 0.10133641
v 0.30614424 -0.39176306 0.11239165
v -0.49592606 0.10436716 0.08352047
v -0.50581142 0.07515353 0.09388267
v -0.51132449 0.16578333 0.08318948
v -0.51747691 0.13490918 0.07497570
v 0.34843535 -0.45243960 0.03521874
v 0.37421460 -0.43296676 0.03906195
v 0.20377839 0.47479066 0.13705620
v 0.17446419 0.48274767 0.12539877
v 0.09990359 0.06008690 0.28521175
v 0.08162149 0.08179456 0.30112006
v -0.30023785 -0.25092618 0.18328314
v -0.28189949 -0.27556119 0.19402338
v 0.33798788 0.13112141 0.21292115
v 0.32334909 0.15873834 0.20389106
v 0.31316813 0.09532383 0.22154547
v 0.30125208 0.12547348 0.21879981
v -0.16455583 0.40699124 0.19014715
v -0.19041692 0.39255561 0.17668058
v 0.01629344 -0.45400397 0.17778265
v 0.04807320 -0.45299182 0.18467862
v -0.33732714 0.19709698 0.21226943
v -0.35162885 0.16867675 0.20546623
v 0.54725398 -0.13821816 0.04292653
v 0.55145377 -0.10640954 0.03753159
v 0.51983197 -0.09651412 0.07165363
v 0.52761416 -0.06615307 0.08038149
v 0.46349748 0.30458607 0.04440566
v 0.44824896 0.33217160 0.05247120
v 0.44551366 0.34821802 0.04694553
v 0.42690535 0.37427789 0.05270279
v 0.21184193 0.50037743 0.10248327
v 0.18192903 0.50851584 0.09260823
v -0.26364466 -0.31114161 0.19800158
v -0.23871427 -0.33169812 0.20180120
v -0.27254112 0.47624783 0.06516231
v -0.29744180 0.45727811 0.05629452
v -0.28622805 0.49464574 0.03747168
v -0.31247450 0.47619110 0.03207895
v -0.01607286 0.14735136 0.30597350
v -0.04811912 0.14179387 0.30514692
v 0.08212525 0.40480753 0.15931035
v 0.05327443 0.41351405 0.17157241
v 0.02682845 0.45727096 0.16456831
v -0.00255473 0.46171727 0.17781183
v -0.29203622 -0.14859794 0.20672288
v -0.27593407 -0.17685104 0.20571558
v -0.28237303 -0.10401122 0.22068183
v -0.27031716 -0.13417909 0.22243887
v -0.38370149 -0.11299369 0.20214806
v -0.37289330 -0.14344622 0.19835886
v 0.40632988 0.11825573 0.19726055
v 0.39499733 0.14851334 0.19344187
v -0.50319611 -0.25524117 0.05057924
v -0.48585831 -0.28211116 0.04458461
v -0.47274693 -0.28473143 0.05438682
v -0.45325444 -0.30987845 0.04758961
v 0.23472555 0.16361614 0.23453771
v 0.21541137 0.18931171 0.23956085
v 0.25572514 0.20296646 0.21333191
v 0.23631286 0.22765551 0.22182578
v -0.37191390 -0.17736961 0.18134258
v -0.35519265 -0.20229226 0.16878101
v -0.03503339 -0.32883234 0.20524070
v -0.00329127 -0.33179744 0.21173514
v -0.04691028 -0.29033134 0.22294040
v -0.01491296 -0.29418657 0.22739471
v 0.30380048 -0.10716184 0.21386931
v 0.31222640 -0.07573751 0.21365324
v 0.26551228 -0.11537626 0.23698458
v 0.27513864 -0.08455368 0.23300542
v -0.40280057 0.08066789 0.15670863
v -0.41152704 0.05122022 0.16744245
v 0.34827025 0.19911747 0.17896222
v 0.32938227 0.22368021 0.16904014
v 0.33522976 0.21665806 0.16768139
v 0.32079205 0.24302978 0.18011587
v -0.14460991 0.28562974 0.21581456
v -0.17301084 0.26985857 0.21402874
v 0.12041728 0.25638299 0.24404311
v 0.09027576 0.26828229 0.24114010
v -0.27286303 0.11713187 0.22529140
v -0.28513857 0.08702684 0.22652847
v -0.31001653 0.09877415 0.21028898
v -0.31874435 0.06746889 0.20876008
v -0.09386722 -0.44186058 0.12653109
v -0.06515789 -0.45105163 0.13877165
v -0.08431399 -0.12988618 0.29839371
v -0.05625875 -0.14421431 0.29026107
v -0.40085681 -0.01758246 0.19900236
v -0.39983378 -0.04968232 0.20420659
v -0.22771403 0.32192717 0.17408025
v -0.25425500 0.30569909 0.18360698
v -0.20857871 0.35225758 0.17329727
v -0.23227669 0.33350093 0.16125046
v -0.19316901 -0.24621356 0.21445301
v -0.16652531 -0.26488547 0.21438353
v -0.32960623 -0.03804875 0.21422015
v -0.32548655 -0.07021534 0.21684129
v -0.29812576 -0.01096728 0.22501048
v -0.29538584 -0.04331136 0.22280027
v 0.38198992 -0.29310013 0.16618390
v 0.40131147 -0.26756269 0.17193268
v -0.20948964 -0.34526796 0.20253045
v -0.18076775 -0.35990859 0.19814452
v 0.28443506 -0.01327630 0.23819534
v 0.28383500 0.01912065 0.24112942
v 0.30943033 0.02854107 0.22294286
v 0.30435226 0.06066046 0.22398648
v 0.53892438 -0.18372482 0.04604404
v 0.54633709 -0.15230938 0.04196314
v 0.52227318 -0.21966544 0.05972736
v 0.53172354 -0.18886417 0.05519922
v -0.23937610 0.20014220 0.22011743
v -0.25972934 0.17476544 0.22066284
v -0.19146859 0.14670712 0.28255404
v -0.21045377 0.12030444 0.28355054
v 0.25057358 0.08771592 0.25810606
v 0.23731500 0.11736398 0.25617356
v -0.04518450 0.31597584 0.22464335
v -0.07724040 0.31041420 0.22478302
v -0.38531071 -0.31124524 0.11490372
v -0.36885627 -0.33674715 0.12662702
v -0.53312271 -0.12209501 0.09256183
v -0.52445633 -0.15337409 0.09031577
v -0.06550593 -0.35682153 0.18781954
v -0.03423351 -0.36265169 0.19464425
v -0.08239860 -0.56252438 0.03711678
v -0.05052461 -0.56775611 0.04101672
v 0.46969437 0.31982487 0.03367446
v 0.45310258 0.34712901 0.03981681
v -0.35131274 0.25043111 0.20220305
v -0.36920016 0.22339600 0.19943267
v 0.40269825 -0.01816775 0.19099713
v 0.40434298 0.01315073 0.19965621
v -0.27796520 0.01692564 0.24330229
v -0.27894015 -0.01559177 0.24374888
v 0.27128338 -0.29367272 0.19249523
v 0.29439278 -0.27226915 0.20064229
v 0.09728941 -0.14491126 0.27742162
v 0.11782971 -0.12729199 0.29548233
v -0.12506024 0.19025616 0.25601652
v -0.14960042 0.17520251 0.27117234
v -0.11408960 0.22586855 0.26461933
v -0.13956800 0.21034529 0.25164201
v -0.01986915 0.19291178 0.30323268
v -0.05169794 0.18765424 0.30745382
v -0.04739198 0.21452589 0.30036730
v -0.07792724 0.20676590 0.29224870
v 0.35891734 -0.16681118 0.20504306
v 0.36847136 -0.13703263 0.19607141
v -0.20507171 0.08770503 0.28490878
v -0.21540402 0.05975530 0.27184787
v 0.14075764 -0.39584762 0.19832821
v 0.16862258 -0.38185410 0.18904069
v 0.03188891 0.04937949 0.29663085
v 0.00258589 0.06057929 0.28800362
v 0.49557459 0.00285772 0.14141023
v 0.49533702 0.03501935 0.14631991
v 0.47743729 0.00915697 0.15808284
v 0.47638177 0.04141420 0.16219245
v -0.20923065 0.29237669 0.19415347
v -0.23571951 0.27449498 0.20024578
v -0.26716422 -0.38973537 0.17701586
v -0.23940335 -0.40550704 0.17076123
v 0.01728872 0.43075463 0.18563501
v -0.01369685 0.43340654 0.19519502
v 0.49153145 -0.28887968 0.05212292
v 0.50644267 -0.25997652 0.05123125
v 0.16280373 -0.53355662 0.07271530
v 0.19352594 -0.52285130 0.07298697
v 0.23788184 -0.51714709 0.04953427
v 0.26569771 -0.50082884 0.04523031
v 0.38946474 0.37936433 0.10144476
v 0.36623789 0.40213239 0.10225727
v 0.21776500 0.52335981 0.06376073
v 0.18715714 0.53287053 0.05817175
v 0.18258864 0.54157800 0.04500509
v 0.15132132 0.54922459 0.04027054
v 0.17553710 -0.43232699 0.16798205
v 0.20147723 -0.41667905 0.15611683
v 0.54896032 -0.02922501 0.07152404
v 0.55229816 0.00220419 0.07924387
v -0.33065758 -0.46307671 0.05307649
v -0.30384258 -0.48148169 0.05393909
v -0.52019221 -0.16881132 0.08782909
v -0.50846545 -0.19900287 0.08474928
v -0.11433935 0.53678220 0.10185957
v -0.14509848 0.52774066 0.09632260
v -0.13372436 0.47203755 0.16509365
v -0.16392247 0.46136378 0.15937735
v 0.50579705 0.24356982 0.05713865
v 0.48918008 0.27117037 0.05259802
v 0.01569822 -0.48672379 0.15556729
v 0.04752794 -0.48608483 0.16227489
v 0.43619546 0.09818136 0.19090273
v 0.42636452 0.12853855 0.18455251
v 0.55374645 -0.11836807 0.03386491
v 0.55987105 -0.08645244 0.03541836
v -0.52354919 0.25952606 0.02416096
v -0.53781494 0.23028957 0.02465890
v -0.46258999 0.18655894 0.13879193
v -0.47025463 0.15699981 0.12756504
v -0.15209786 0.53590173 0.08004892
v -0.18293158 0.52575157 0.07786086
v 0.41363751 0.37516338 0.07128163
v 0.39253863 0.39950862 0.07582897
v 0.32031884 0.48174482 0.04506820
v 0.29221368 0.49783248 0.04193477
v 0.28471562 0.49246752 0.05952179
v 0.25585806 0.50739833 0.05783538
v 0.27634582 -0.42538559 0.08463493
v 0.30355396 -0.41085220 0.09498042
v -0.04831279 0.56639029 0.05627461
v -0.08069882 0.56360335 0.05765641
v 0.40466644 -0.37487052 0.07888228
v 0.42638942 -0.35080961 0.08166007
v -0.38514065 0.37905240 0.09904688
v -0.40774547 0.35565669 0.09948794
v 0.27955679 0.47481215 0.09763593
v 0.25074409 0.48967625 0.09491225
v -0.26102401 -0.47085810 0.09742293
v -0.23196439 -0.48547651 0.09681296
v -0.46260938 0.34453408 0.03977677
v -0.48254135 0.31895306 0.04239598
v -0.50208958 0.29663531 0.02736377
v -0.51770277 0.26812625 0.02595190
v 0.01091053 0.57352233 0.04631530
v -0.02161925 0.57375070 0.04685669
v -0.48582397 -0.18623687 0.11948877
v -0.47152760 -0.21447756 0.11196486
v -0.42400151 -0.11939151 0.18786067
v -0.41346952 -0.14984551 0.18337040
v -0.56854768 -0.08822826 0.04236123
v -0.56284730 -0.12025861 0.04205358
v -0.35518866 0.41096177 0.07959899
v -0.38067616 0.39257630 0.08801883
v -0.23277028 0.28348676 0.19583070
v -0.25763844 0.26581401 0.20713470
v -0.01439190 0.51363698 0.13750155
v -0.04685099 0.51263641 0.13948599
v 0.19277789 0.44531141 0.16682573
v 0.16437067 0.45281957 0.15285473
v 0.57991141 0.08759727 0.02079926
v 0.57554128 0.11962205 0.02452049
v -0.17652112 -0.53083603 0.05546974
v -0.14512374 -0.53806376 0.05094243
v -0.28081901 -0.51218405 0.02286656
v -0.25189052 -0.52706950 0.02317919
v 0.48637296 0.11207872 0.15052221
v 0.47708830 0.14316494 0.14807808
v 0.51511170 0.06165478 0.12580890
v 0.51146744 0.09359007 0.13084760
v 0.52255865 -0.06026769 0.08685078
v 0.52835671 -0.02976256 0.09656424
v 0.04369691 0.43980452 0.16256487
v 0.01592381 0.44611872 0.17829119
v -0.43038220 0.31776922 0.11239983
v -0.44995446 0.29190500 0.11494943
v -0.51405948 -0.09883479 0.12619264
v -0.50655504 -0.13040371 0.12382240
v -0.32739138 -0.34823517 0.15723224
v -0.30388350 -0.37037983 0.16117249
v 0.18539423 -0.35072011 0.18188555
v 0.21036456 -0.33228751 0.17212575
v 0.20170880 -0.31543475 0.17928511
v 0.22835146 -0.29895343 0.18806385
v 0.31317070 -0.34022107 0.15866397
v 0.33666215 -0.32020197 0.16895566
v 0.27756893 -0.35243244 0.14944183
v 0.30231949 -0.33596773 0.16266511
v 0.47830981 -0.05229113 0.12865185
v 0.48399659 -0.02261541 0.14071602
v 0.44654077 -0.05705543 0.14748586
v 0.45253001 -0.02759351 0.15992193
v -0.55350565 -0.15836734 0.03846169
v -0.54383215 -0.18942989 0.03819091
v -0.54799877 -0.20271772 0.02437965
v -0.53590903 -0.23291997 0.02393947
v -0.35674565 0.47274399 0.00756151
v -0.38222719 0.45252901 0.00680156
v 0.44261241 -0.20240166 0.15693311
v 0.45157177 -0.17265065 0.14728227
v 0.41705268 -0.23584043 0.16780989
v 0.43068249 -0.20651004 0.16427602
v -0.45104068 0.02621549 0.16108569
v -0.45553112 -0.00366688 0.17314435
v -0.24293336 0.36707911 0.13833900
v -0.26998332 0.35309423 0.14979566
v -0.28289120 0.37044445 0.13432233
v -0.30867218 0.35536952 0.14723045
v 0.04079541 -0.53116005 0.10996657
v 0.07297610 -0.52872160 0.11408832
v -0.45817068 -0.33726271 0.03518641
v -0.43918968 -0.36357147 0.03765675
v -0.43590833 -0.37013546 0.03829911
v -0.41517504 -0.39506968 0.04093479
v -0.24308723 0.43006804 0.11891090
v -0.26655583 0.41126245 0.10649693
v -0.37649646 -0.24855578 0.12766642
v -0.36231360 -0.27561259 0.13886050
v -0.19075436 0.42232827 0.16792444
v -0.21451955 0.40645184 0.15237818
v 0.48795214 -0.19997046 0.11073976
v 0.49593351 -0.16945942 0.10274566
v -0.28427622 -0.37464874 0.17077879
v -0.25897848 -0.39426234 0.17659796
v -0.48970528 0.04843052 0.12094878
v -0.49635814 0.01923314 0.13366823
v 0.29951203 0.38336311 0.17520222
v 0.27410201 0.40317442 0.17971599
v 0.27002782 0.35871539 0.20043195
v 0.24387201 0.37777661 0.20375986
v 0.08350415 -0.53405977 0.10657243
v 0.11547190 -0.52843145 0.10878976
v 0.36867240 -0.43794928 0.03745891
v 0.39350733 -0.41723037 0.04099230
v 0.33414713 -0.43148909 0.06500564
v 0.36012072 -0.41326265 0.07219597
v -0.09217484 -0.49653654 0.09030963
v -0.06276780 -0.50511328 0.10127306
v -0.12832027 -0.50615444 0.08280834
v -0.09705848 -0.50930623 0.07436448
v 0.55555104 -0.14954888 0.03174135
v 0.56117540 -0.11767946 0.02838901
v -0.26791443 0.50743186 0.03574946
v -0.29584521 0.49093049 0.03327806
v -0.23233702 -0.43094319 0.15388864
v -0.20288722 -0.44411538 0.14967741
v -0.29181624 0.44159002 0.06715323
v -0.31957638 0.42673527 0.07535340
v -0.31640328 0.40340016 0.10056574
v -0.34251232 0.38729136 0.11139887
v 0.27066949 -0.51792119 0.01986346
v 0.29838414 -0.50097307 0.01807715
v 0.08800254 -0.58568641 0.01084722
v 0.12005600 -0.58030712 0.01232043
v 0.08360984 -0.56257077 0.05542197
v 0.11565222 -0.55717119 0.05705347
v 0.40003235 0.22209460 0.14499760
v 0.38122218 0.24644620 0.13442838
v -0.49672983 -0.30257812 0.02016855
v -0.47847813 -0.32944889 0.01833301
v 0.47786660 0.28488977 0.05181253
v 0.45849513 0.31035032 0.04589323
v 0.32287709 0.00886049 0.21922956
v 0.32039333 0.04114277 0.22242600
v -0.29976293 0.18891949 0.21917023
v -0.31539790 0.16086418 0.21397606
v 0.23589633 -0.20656000 0.21905204
v 0.25558952 -0.18072096 0.22079967
v -0.07205148 0.34435290 0.22490229
v -0.10320197 0.33611429 0.22039627
v -0.53022398 0.13426674 0.06069916
v -0.53450627 0.10284487 0.05342871
v 0.36186689 0.16388141 0.19653659
v 0.34555465 0.18910833 0.18404477
v -0.32271200 0.37366411 0.12966628
v -0.34753235 0.35688548 0.14235327
v 0.38047148 -0.13924221 0.19061398
v 0.38592302 -0.10983680 0.17780249
v 0.22744325 -0.45297484 0.11789573
v 0.25171286 -0.43467371 0.10629460
v -0.16940612 -0.44610419 0.14809990
v -0.14001062 -0.45179606 0.13537043
v -0.20661502 -0.46273470 0.13323678
v -0.17674592 -0.47154079 0.12381227
v -0.06812915 -0.55265642 0.05387780
v -0.03643468 -0.55765052 0.05926773
v -0.11197308 -0.53872796 0.04680621
v -0.08142406 -0.54718964 0.05413346
v -0.23682664 -0.25019663 0.20892125
v -0.21261628 -0.27180842 0.21122792
v 0.43418344 -0.09432214 0.13517588
v 0.44257922 -0.06474092 0.14580573
v -0.24906731 -0.32958487 0.19939739
v -0.22254232 -0.34837084 0.20082717
v 0.11170504 0.38087818 0.18711670
v 0.08158901 0.38562757 0.17575889
v 0.06852274 0.39279876 0.17379126
v 0.03863591 0.40005737 0.18440359
v 0.01544634 0.31319553 0.22138210
v -0.01703560 0.31400956 0.22305323
v -0.25973733 -0.20970930 0.20300849
v -0.23980655 -0.23468576 0.20912996
v -0.25811198 -0.16817345 0.21623229
v -0.23881984 -0.19430948 0.21442861
v -0.17203592 0.23445021 0.22910848
v -0.19801506 0.21516050 0.23250308
v -0.21290549 0.25243721 0.21047232
v -0.23776133 0.23225811 0.21626219
v -0.11726409 -0.44066334 0.13882691
v -0.08686150 -0.44338898 0.12756702
v -0.11636953 -0.38459309 0.17565332
v -0.08553739 -0.38950725 0.16650117
v 0.16200182 -0.25568784 0.22054939
v 0.18789285 -0.23599267 0.22001418
v -0.33254298 0.02654415 0.20554713
v -0.33590895 -0.00507732 0.21242350
v 0.02682065 -0.38125309 0.20817631
v 0.05857711 -0.37851226 0.21469913
v 0.06480779 -0.36608650 0.21720036
v 0.09610196 -0.35783235 0.21387232
v -0.11071623 -0.30666811 0.20816793
v -0.07944730 -0.31558564 0.20704379
v -0.33789094 0.30670590 0.17970836
v -0.35991409 0.28312740 0.18389965
v -0.34362166 0.26909553 0.19548977
v -0.36385233 0.24416183 0.20073974
v 0.34471074 0.31752113 0.16465343
v 0.32596488 0.34094189 0.17724676
v 0.32832891 0.32939667 0.17947581
v 0.30542061 0.35204295 0.18404610
v 0.16065035 -0.40188224 0.18956289
v 0.18604071 -0.38651638 0.17623054
v -0.40148813 0.10298012 0.16695417
v -0.40506446 0.07269390 0.15561897
v 0.04352103 -0.32321353 0.21669078
v 0.07541009 -0.31702291 0.21850621
v 0.02514523 -0.29456967 0.22478779
v 0.05725711 -0.28933986 0.22487486
v 0.04668758 0.40217574 0.17923282
v 0.01813247 0.40835470 0.19354919
v 0.29897905 0.19039773 0.19552748
v 0.28151122 0.21728217 0.20106225
v 0.53033602 -0.00197689 0.10627274
v 0.52961652 0.03050771 0.10793564
v 0.53257636 0.03525984 0.10463780
v 0.53020044 0.06753767 0.10795870
v -0.12426149 0.39702404 0.20623647
v -0.15419041 0.38570269 0.20035274
v 0.27854706 0.45065259 0.13199019
v 0.25002327 0.46545284 0.12690313
v 0.44428636 0.38032641 0.02009248
v 0.42371506 0.40528677 0.02360439
v -0.46321109 -0.36638374 0.00977126
v -0.44247737 -0.39145588 0.00995108
v 0.10128171 0.57153759 0.01957076
v 0.06956896 0.57801066 0.02287719
v -0.26165593 -0.03655414 0.26144516
v -0.25605819 -0.06856369 0.26305323
v -0.26974567 0.00022830 0.25326988
v -0.26887278 -0.03224030 0.25515651
v -0.03298024 0.49019134 0.16262460
v -0.06533957 0.48797909 0.16517631
v -0.07358255 0.49121226 0.16396256
v -0.10568416 0.48609123 0.16530180
v 0.17877524 0.51856877 0.08017696
v 0.14803028 0.52495625 0.07166348
v 0.17246579 0.49262454 0.11346657
v 0.14261615 0.49807034 0.10172460
v -0.05412266 0.19303965 0.30577906
v -0.08300393 0.18438826 0.29354970
v -0.09882010 0.19193686 0.28360967
v -0.12212338 0.17785469 0.26580008
v -0.48875928 -0.02957946 0.15405332
v -0.48709935 -0.06189264 0.15746429
v -0.25180224 -0.12017164 0.24131903
v -0.23586214 -0.14810164 0.23638345
v 0.44789549 -0.03849122 0.15660749
v 0.45282409 -0.00952627 0.17058147
v -0.03800070 -0.53458365 0.08715387
v -0.00678609 -0.53865274 0.09537716
v -0.14454322 0.19546389 0.25721488
v -0.16885681 0.17815682 0.27017045
v 0.35459234 -0.06517710 0.19359753
v 0.35997097 -0.03379276 0.20027774
v -0.14468294 0.08537459 0.30443019
v -0.15987244 0.05839580 0.29443240
v 0.19750563 0.16216778 0.26221216
v 0.17619733 0.18572191 0.26926136
v -0.24814760 0.03409708 0.25252624
v -0.25281432 0.00424063 0.26458220
v -0.24559467 0.12154821 0.25115922
v -0.25876346 0.09194180 0.24823081
v -0.13250438 -0.16687995 0.28781716
v -0.10550049 -0.18502420 0.28748880
v -0.14528232 -0.01030077 0.29642667
v -0.14071600 -0.04251381 0.29640712
v 0.05857734 -0.20719733 0.28785884
v 0.08779903 -0.19518249 0.28009558
v -0.40076785 0.14505552 0.18000483
v -0.40705243 0.11590262 0.16699927
v -0.43255027 0.17450169 0.16456506
v -0.43970703 0.14565766 0.15132367
v 0.20022964 -0.04652632 0.26611143
v 0.20479317 -0.01992893 0.28428517
v 0.18411682 -0.03450265 0.27742175
v 0.18634007 -0.00759864 0.29558113
v 0.17590693 -0.10055621 0.29586212
v 0.18826463 -0.07159446 0.28767458
v 0.21150346 0.27184505 0.22580526
v 0.18513110 0.29083074 0.22740977
v -0.08191757 -0.06433533 0.28586988
v -0.05926918 -0.08577735 0.29513391
v 0.11620786 -0.19118912 0.25548493
v 0.13985922 -0.17561220 0.27150070
v 0.42848283 0.05935772 0.19483829
v 0.42339373 0.09116722 0.19939779
v 0.39983082 0.08300927 0.20846876
v 0.39060149 0.11369807 0.20285197
v 0.41210233 -0.41657481 0.02215714
v 0.43430145 -0.39279056 0.02235782
v 0.38897423 -0.39195003 0.07870582
v 0.41110012 -0.36809921 0.07904491
v 0.34081559 -0.23741548 0.20548918
v 0.35755723 -0.20954388 0.20429616
v 0.40175743 -0.22121376 0.18031033
v 0.41492202 -0.19172630 0.17634612
v 0.39228416 -0.30538685 0.15132608
v 0.41197909 -0.28025763 0.15758416
v 0.42774824 -0.32720564 0.10409001
v 0.44755034 -0.30200519 0.10968878
v 0.34442743 0.48331281 0.01099851
v 0.31747720 0.50153917 0.01112859
v 0.05501454 0.56707481 0.04393214
v 0.02285761 0.57088376 0.04708734
v 0.09285953 0.52055076 0.07394014
v 0.06333750 0.52932172 0.08443069
v -0.08277391 0.57138990 0.04100371
v -0.11493665 0.56739097 0.04384948
v -0.15638257 0.56430841 0.02312302
v -0.18754656 0.55497046 0.02274926
v 0.31121235 0.47004512 0.07692358
v 0.28308910 0.48600122 0.07331565
v -0.16388086 -0.51874700 0.07134101
v -0.13249186 -0.52490577 0.06539697
v 0.46546295 -0.23214227 0.12438828
v 0.47837799 -0.20228841 0.12369527
v 0.55481511 0.04161505 0.07345957
v 0.55192592 0.07394518 0.07568376
v 0.14906096 -0.56683390 0.02133652
v 0.18017011 -0.55730748 0.02133706
v 0.12582801 -0.55648576 0.05375819
v 0.15696542 -0.54725521 0.05181139
v -0.43366212 0.36386416 0.05763844
v -0.45458446 0.33897420 0.05876858
v -0.48102717 0.34877698 0.00812796
v -0.50023327 0.32254250 0.00931529
v -0.08311649 0.55442255 0.07599791
v -0.11522615 0.55022700 0.07914416
v 0.50731306 -0.30519601 0.01086280
v 0.52278153 -0.27657469 0.01058368
v -0.57164353 -0.13121636 0.02224750
v -0.56284863 -0.16246826 0.02012616
v -0.20462254 0.50273243 0.09961987
v -0.23154174 0.48745056 0.08960221
v -0.34026000 -0.48518186 0.01132795
v -0.31302950 -0.50298523 0.01106085
v -0.36240468 -0.43794998 0.04956975
v -0.33731628 -0.45857435 0.05150340
v -0.48261342 -0.22260135 0.09603410
v -0.46590394 -0.24900112 0.08695793
v -0.00929539 0.56998540 0.05525711
v -0.04175684 0.56828911 0.05387550
v 0.14127866 0.35953895 0.20858600
v 0.11217034 0.36701527 0.19612238
v -0.23133542 0.52329402 0.04685982
v -0.25996162 0.50832644 0.04298119
v 0.28011054 -0.48561333 0.04766278
v 0.30598179 -0.46653922 0.04262409
v 0.02189187 -0.57335324 0.04318592
v 0.05432321 -0.57076558 0.04297631
v 0.04632546 -0.58934900 0.01112700
v 0.07866614 -0.58584550 0.01170812
v -0.38963530 -0.34935452 0.10115049
v -0.37020040 -0.37411931 0.10936764
v -0.36083610 -0.34496972 0.13035238
v -0.34017702 -0.36882960 0.13825430
v -0.12450750 -0.20830656 0.27648157
v -0.09570125 -0.22237241 0.27092423
v 0.23301368 0.44815421 0.15186207
v 0.20355018 0.46179098 0.14974738
v -0.57265253 -0.01915072 0.04424651
v -0.57056479 -0.05160170 0.04319439
v -0.51143289 0.22499819 0.07037106
v -0.52300767 0.19472981 0.06747594
v -0.51534308 0.25119788 0.04381373
v -0.52943828 0.22188099 0.04442791
v 0.36780649 -0.46354083 0.00817836
v 0.39263954 -0.44253314 0.00890523
v 0.10338578 -0.44836336 0.18918848
v 0.13380742 -0.43836811 0.18343087
v -0.32040336 0.48715573 0.01705378
v -0.34771257 0.46954213 0.01863492
v -0.24532626 -0.53447135 0.01789998
v -0.21518062 -0.54666941 0.01691037
v -0.09761879 0.51484015 0.13631850
v -0.12916077 0.50740518 0.13342775
v -0.27847990 0.19891179 0.21942093
v -0.29667708 0.17195120 0.21869905
v 0.23967387 -0.37161734 0.13504268
v 0.26645706 -0.35684838 0.14613640
v 0.27080711 0.43967330 0.14775097
v 0.24230292 0.45450159 0.14263585
v 0.43141918 0.25611812 0.10482209
v 0.41166805 0.28003107 0.09499379
v 0.40249022 0.31880899 0.10549168
v 0.38668839 0.34419336 0.11831615
v -0.09159239 0.46255692 0.18686323
v -0.12279322 0.45466446 0.18209367
v -0.11139773 0.44999511 0.18909419
v -0.14184572 0.44040163 0.18281589
v -0.27772594 0.40248160 0.10563090
v -0.30472046 0.38832137 0.11700259
v -0.25976375 0.43384349 0.10275862
v -0.28293387 0.41428755 0.09095853
v 0.50352502 0.04365742 0.13751479
v 0.50092636 0.07562938 0.14295282
v 0.51108570 0.08459560 0.13236826
v 0.50404717 0.11633394 0.13107635
v -0.37832406 0.30442207 0.16258383
v -0.39904836 0.27977070 0.16720394
v -0.41513227 0.29520287 0.14524066
v -0.43372462 0.26850979 0.14582005
v -0.45826940 -0.13239242 0.16622984
v -0.44734086 -0.16260584 0.16110656
v 0.46844840 0.34957477 0.01749501
v 0.44914761 0.37564724 0.01999255
v 0.48750595 0.31758837 0.01810610
v 0.46996969 0.34485843 0.02081814
v -0.43818412 -0.13600011 0.17672810
v -0.42656132 -0.16583097 0.17093479
v -0.42770159 -0.15965411 0.17353299
v -0.41374219 -0.18734138 0.16367997
v 0.16869210 0.53375661 0.06047054
v 0.13756016 0.53969610 0.05311820
v -0.51848140 -0.13278875 0.10824917
v -0.50851293 -0.16350232 0.10426949
v -0.41289075 -0.28484226 0.09286340
v -0.39801385 -0.31192725 0.10304244
v -0.44867971 -0.26493741 0.08464680
v -0.42919701 -0.28952234 0.07601328
v 0.53009801 -0.25176146 0.02049978
v 0.54337687 -0.22209246 0.02189770
v 0.56015797 -0.17605199 0.01580503
v 0.56837678 -0.14457670 0.01526766
v 0.52059786 0.10228683 0.11729275
v 0.51246838 0.13373705 0.11546884
v 0.46764010 0.11522850 0.16566461
v 0.45749059 0.14583455 0.16133003
v -0.47679137 -0.04867949 0.16427498
v -0.47409037 -0.08074756 0.16905774
v -0.53218313 -0.23945307 0.02465997
v -0.51703306 -0.26808904 0.02166192
v -0.16187595 -0.10599884 0.26448646
v -0.14634615 -0.12926673 0.28109857
v -0.19301406 -0.09051742 0.28120071
v -0.17877346 -0.11461858 0.26462148
v 0.01853305 -0.52716378 0.11350265
v 0.05085243 -0.52583889 0.11700039
v -0.00717345 -0.55783651 0.07022505
v 0.02534984 -0.55696179 0.07017744
v -0.11859321 -0.56994714 0.01737520
v -0.08677084 -0.57639852 0.01943623
v -0.46591269 0.16218757 0.13269279
v -0.47126222 0.13272846 0.11996191
v -0.21969503 0.00795671 0.27843146
v -0.21980341 -0.02355843 0.28651327
v -0.51467741 -0.01120097 0.12708618
v -0.51377717 -0.04369752 0.12838821
v -0.55652188 -0.00005418 0.07287538
v -0.55545081 -0.03254516 0.07156351
v 0.21002532 -0.55441822 0.01027941
v 0.24009472 -0.54201856 0.01106129
v 0.24748105 -0.49096348 0.07122850
v 0.27370332 -0.47302260 0.06422499
v 0.44089265 0.29016387 0.06931303
v 0.42640855 0.31752914 0.07930726
v 0.44801266 0.30882329 0.05858578
v 0.43288808 0.33594548 0.06828967
v -0.35780557 -0.39964146 0.09892181
v -0.33346657 -0.42113270 0.10098853
v 0.15713968 0.47938022 0.12576817
v 0.12781053 0.48358708 0.11232811
v 0.13075682 0.52124335 0.07368076
v 0.09984255 0.52426690 0.06400099
v 0.03341153 0.38745102 0.19326639
v 0.00376290 0.39207513 0.20584050
v 0.00447185 0.35992164 0.21389223
v -0.02762573 0.36042444 0.21918602
v 0.46365032 -0.02604118 0.15398376
v 0.46710364 0.00414021 0.16563236
v -0.10540638 -0.50754570 0.07466405
v -0.07565895 -0.51654775 0.08428617
v -0.02197374 -0.45597417 0.16253881
v 0.00861286 -0.45893148 0.17322742
v 0.27823384 0.31370462 0.20670589
v 0.25421213 0.33482795 0.21264677
v 0.24664517 0.28435740 0.21937181
v 0.22192906 0.30501735 0.22393386
v -0.51036178 0.09289463 0.08014379
v -0.51871436 0.06254709 0.08837745
v 0.47985440 -0.13654712 0.11344155
v 0.48285109 -0.10613642 0.10227279
v 0.26095445 -0.44058651 0.09574365
v 0.28383185 -0.42033583 0.08456036
v 0.29731640 -0.05128553 0.22608824
v 0.30009261 -0.01888744 0.22499825
v 0.32752137 -0.03106257 0.21198799
v 0.32960764 0.00086837 0.21786971
v 0.22928638 -0.26952083 0.20356602
v 0.25310589 -0.24851557 0.21063295
v 0.32004961 -0.20717420 0.21453137
v 0.33520312 -0.17859982 0.21100887
v 0.07407006 -0.38763749 0.21343194
v 0.10520501 -0.37899546 0.20962905
v 0.06930364 -0.42667685 0.20104603
v 0.10111829 -0.41990739 0.20177678
v 0.13313247 0.21609971 0.27846281
v 0.10500243 0.23087474 0.27146774
v 0.13860384 0.25360741 0.23506768
v 0.10954844 0.26808516 0.23723800
v -0.30001000 -0.20924436 0.18574080
v -0.28212973 -0.23574437 0.19178869
v 0.35714494 0.32893579 0.15250747
v 0.33804014 0.35264160 0.16397800
v 0.31152550 0.39405060 0.15885730
v 0.28684283 0.41428647 0.16516656
v 0.35402191 0.35196203 0.15351927
v 0.33073125 0.37458682 0.15556776
v 0.35957082 -0.33536651 0.14753993
v 0.38143851 -0.31203001 0.15351852
v -0.15295471 -0.28015357 0.21305811
v -0.12346558 -0.29386163 0.21205232
v 0.27812804 0.04900967 0.24483607
v 0.26988463 0.08046304 0.24371211
v 0.30568660 0.07195724 0.22330762
v 0.29599912 0.10301187 0.22276525
v -0.33529173 0.32524947 0.17067645
v -0.35803568 0.30220654 0.17388081
v -0.32749039 0.35818155 0.14352232
v -0.35171256 0.34023136 0.15575378
v -0.10313646 0.29470768 0.22232278
v -0.13329555 0.28269873 0.22014427
v -0.37705181 0.44468682 0.02237757
v -0.40220668 0.42418413 0.02470218
v -0.40942619 0.41923714 0.02277102
v -0.43222674 0.39603444 0.02222187
v 0.24238473 -0.16517343 0.22995826
v 0.25851819 -0.13693723 0.23093819
v 0.52791864 -0.11045127 0.05836811
v 0.53592218 -0.07970272 0.06536823
v 0.08934743 -0.27600473 0.23191264
v 0.11935835 -0.26344071 0.23176476
v 0.11901469 -0.33236217 0.21179281
v 0.14798700 -0.31845792 0.20671260
v 0.34126997 0.39236281 0.13498380
v 0.31701724 0.41366446 0.13905517
v 0.34215003 0.42040204 0.10753203
v 0.31803113 0.44136901 0.11363093
v -0.07956241 -0.37070740 0.17476958
v -0.04932693 -0.37832911 0.18405704
v -0.10827524 -0.40450192 0.16225567
v -0.07764696 -0.40775827 0.15177538
v -0.31921575 -0.20904151 0.17328550
v -0.30319060 -0.23608966 0.18165950
v -0.43206115 0.04186303 0.16185197
v -0.43809559 0.01277715 0.17512332
v -0.32997868 -0.27161739 0.16418620
v -0.31297570 -0.29636620 0.17671325
v -0.41153747 0.25382747 0.16931794
v -0.42663626 0.22560403 0.16348737
v 0.13733317 -0.14788289 0.28766802
v 0.15711180 -0.12419332 0.29797054
v 0.15614690 -0.11306445 0.30025900
v 0.17172690 -0.08484766 0.29583090
v 0.52973181 -0.17174695 0.06132928
v 0.53602836 -0.14032720 0.05570040
v 0.27498028 -0.08355677 0.23538088
v 0.28104139 -0.05182013 0.23156243
v -0.36929791 -0.05549149 0.21127232
v -0.36411856 -0.08750778 0.21385366
v -0.40782335 -0.06146275 0.20295771
v -0.40270655 -0.09349272 0.20549363
v -0.53988638 0.24293436 0.01124154
v -0.55273963 0.21304680 0.01099780
v -0.29349816 0.51419847 0.00708567
v -0.32177659 0.49814746 0.00819356
v -0.50138432 -0.09286881 0.14386115
v -0.49395128 -0.12439291 0.14077687
v -0.10392532 0.39109391 0.21379143
v -0.13430450 0.38111158 0.20779220
v -0.07750363 0.36494913 0.22281634
v -0.10864465 0.35668375 0.21829394
v 0.34395051 0.25845644 0.16120319
v 0.32938111 0.28308889 0.17667919
v 0.31855827 0.22186566 0.18125475
v 0.30215091 0.24783263 0.19198073
v 0.55483954 -0.00600252 0.07408717
v 0.55412836 0.02651627 0.07483176
v 0.57249649 -0.03245219 0.03901254
v 0.57481961 -0.00027311 0.04321272
v 0.17610533 0.43017572 0.17600002
v 0.14773555 0.43703349 0.16162441
v -0.27321374 -0.02464486 0.25059025
v -0.26897872 -0.05689187 0.24973784
v 0.00550990 0.22369784 0.28381728
v -0.02519471 0.22309040 0.29455925
v 0.48694571 0.19488031 0.11678446
v 0.47162199 0.22223188 0.10808922
v 0.48840682 0.24771953 0.07205111
v 0.47072042 0.27417413 0.06527787
v 0.26526514 0.38032664 0.19462877
v 0.23788061 0.39786809 0.19367130
v 0.22445479 -0.38667613 0.14664036
v 0.24737184 -0.36692833 0.13466685
v -0.25336552 0.29595682 0.19047698
v -0.27785668 0.27789729 0.20199080
v 0.41536882 -0.14740544 0.17150450
v 0.41993302 -0.11835069 0.15759331
v 0.15998769 -0.42405559 0.18208066
v 0.18632504 -0.40925422 0.17000610
v -0.02804342 0.27804411 0.24595412
v -0.06026970 0.27386532 0.24754670
v -0.43672319 -0.39960411 0.00989277
v -0.41444099 -0.42329790 0.01069245
v -0.41035681 -0.40147325 0.04098058
v -0.38694323 -0.42406332 0.04082413
v -0.15317621 0.17808382 0.26933229
v -0.17568370 0.15863351 0.28250917
v 0.29158732 0.16385263 0.21034960
v 0.27353484 0.19074707 0.20729531
v -0.26008970 -0.48625743 0.07957433
v -0.23065373 -0.49999460 0.07774538
v -0.24098835 -0.47043988 0.10937274
v -0.21133982 -0.48373913 0.10775218
v -0.45149946 0.14706046 0.14155188
v -0.45620805 0.11758753 0.12860169
v 0.02136992 0.50990889 0.12956897
v -0.01013705 0.51284799 0.13713229
v -0.32713640 0.13633212 0.21050686
v -0.33702672 0.10627631 0.20293313
v 0.44892746 -0.13071282 0.13869313
v 0.45224522 -0.10042515 0.12728342
v -0.29519937 -0.33416934 0.17942735
v -0.27093270 -0.35543562 0.18359941
v 0.06459994 0.17925752 0.29634555
v 0.03915171 0.18673984 0.27750585
v 0.15004067 -0.35919971 0.20145395
v 0.17594336 -0.34336600 0.18975453
v -0.11629295 0.35631026 0.21628900
v -0.14607095 0.34458889 0.21042282
v -0.47154874 0.04627188 0.13564616
v -0.47793533 0.01702144 0.14838017
v -0.18934379 0.05450834 0.28262487
v -0.19462679 0.02819304 0.26423664
v -0.02010141 0.42871631 0.19912270
v -0.05220344 0.42747745 0.20426629
v 0.46588808 -0.26952103 0.10674605
v 0.47997413 -0.24032233 0.10399816
v 0.48620514 -0.27691264 0.07116790
v 0.50084972 -0.24786458 0.07064036
v 0.57376479 0.04834080 0.03912901
v 0.57027281 0.08066674 0.04030006
v -0.00537876 -0.35663638 0.20708525
v 0.02671731 -0.35636537 0.21240507
v 0.48619596 -0.33960596 0.01104563
v 0.50376424 -0.31222261 0.01124371
v -0.37590350 0.32267215 0.15210735
v -0.39733075 0.29844682 0.15564825
v 0.30113811 0.25798238 0.19414338
v 0.28336542 0.28148513 0.20793773
v 0.32888238 0.28576954 0.17682570
v 0.31244421 0.30885474 0.19280668
v -0.15874848 0.55263261 0.04331247
v -0.18982950 0.54302069 0.04297615
v -0.17717675 0.56522595 0.00940880
v -0.20817853 0.55538917 0.01022065
v -0.10623522 0.55082428 0.08154227
v -0.13739709 0.54259154 0.07710480
v -0.03864382 -0.57153415 0.03911226
v -0.00640718 -0.57408039 0.04269660
v -0.51229338 -0.19130223 0.08495414
v -0.49889785 -0.22065910 0.08079892
v -0.53692082 -0.19363010 0.04711993
v -0.52484978 -0.22382557 0.04609288
v -0.45539772 0.37597185 0.01237633
v -0.47590560 0.35071602 0.01269511
v -0.41172284 0.39391641 0.05229719
v -0.43349767 0.36977537 0.05103279
v -0.26908894 -0.50471458 0.04347769
v -0.24002078 -0.51931849 0.04402509
v -0.33937306 -0.40908067 0.10637221
v -0.31462866 -0.42990988 0.10989225
v -0.38346577 -0.37078881 0.09792731
v -0.36108999 -0.39420448 0.10101964
v 0.07767592 0.58475468 0.01160737
v 0.04532741 0.58820966 0.01119660
v 0.17675677 -0.50820268 0.10351265
v 0.20666987 -0.49555627 0.10156157
v -0.29504924 -0.47984277 0.06284791
v -0.26644968 -0.49520106 0.06067551
v -0.31210275 -0.45396258 0.08728176
v -0.28431424 -0.47068944 0.08472398
v 0.22897585 0.37593946 0.20723176
v 0.20082090 0.39005254 0.19906774
v 0.52967234 0.05636270 0.10839919
v 0.52639684 0.08842381 0.11285878
v 0.12464746 -0.54571511 0.07401622
v 0.15578193 -0.53646352 0.07212296
v -0.38749268 -0.43903591 0.02058504
v -0.36248364 -0.45984610 0.02045950
v -0.26761436 -0.43631740 0.13577217
v -0.23894631 -0.45119653 0.13186240
v -0.30249486 -0.43200675 0.11732521
v -0.27534525 -0.44992886 0.11780352
v 0.03432773 0.55256564 0.07375472
v 0.00217375 0.55545526 0.07779242
v -0.03811843 0.55769520 0.07489425
v -0.07054632 0.55528878 0.07597704
v 0.38781853 0.40589091 0.07316140
v 0.36349879 0.42749640 0.07262756
v 0.41988250 0.41044032 0.02196647
v 0.39655948 0.43312260 0.02225353
v 0.39305079 0.34166975 0.11147303
v 0.37459696 0.36644298 0.12168455
v -0.58133557 0.10961877 0.00930760
v -0.58603757 0.07747653 0.00749133
v 0.54387306 0.15041904 0.06182108
v 0.53376604 0.18133656 0.06112347
v -0.35931355 0.29687245 0.17643215
v -0.38028687 0.27246289 0.18120968
v 0.26247333 -0.46049184 0.08328278
v 0.28630427 -0.44072326 0.07329171
v 0.23225589 -0.50461730 0.06839676
v 0.26001926 -0.48827852 0.06383924
v 0.22808966 -0.54153384 0.02125407
v 0.25675687 -0.52646620 0.01814134
v -0.31501825 0.41812647 0.08585640
v -0.34165717 0.40186607 0.09504873
v 0.52034494 0.26413700 0.02293116
v 0.50353475 0.29182865 0.01991099
v 0.10420477 -0.53470658 0.10348442
v 0.13552054 -0.52628086 0.10086487
v -0.12943903 0.05200513 0.29858376
v -0.13903767 0.02547905 0.28237374
v -0.25860840 0.45437022 0.09236344
v -0.28253502 0.43534370 0.08122610
v -0.09345080 0.48102244 0.17265438
v -0.12470728 0.47321548 0.16811399
v 0.12469778 0.49383190 0.10160415
v 0.09461533 0.49602943 0.08940789
v -0.53265656 0.18742286 0.05434888
v -0.53993196 0.15649649 0.04733749
v -0.52137391 0.22884705 0.05222206
v -0.53305693 0.19858027 0.04978050
v 0.55491972 0.20830283 0.01009737
v 0.54268952 0.23844600 0.01068310
v 0.43958346 0.22446373 0.12626754
v 0.42150603 0.24911152 0.11512194
v 0.14479364 0.53565366 0.05867819
v 0.11367602 0.53963285 0.05005317
v -0.46628538 -0.31775804 0.03608422
v -0.44908616 -0.34504076 0.04037038
v -0.48995343 -0.28592678 0.03931118
v -0.47128905 -0.31213766 0.03449847
v -0.40381553 -0.26623035 0.10293286
v -0.38953936 -0.29356238 0.11330991
v 0.35432096 0.09389777 0.21574917
v 0.34364421 0.12446996 0.21260594
v 0.34570322 -0.35458280 0.13939515
v 0.36869711 -0.33226868 0.14504248
v 0.31141815 -0.38484351 0.11788544
v 0.33638361 -0.36821709 0.13048780
v -0.44804272 0.29929279 0.11217400
v -0.46439811 0.27148562 0.10795562
v 0.18703472 0.46222068 0.14985973
v 0.15820391 0.46891585 0.13635082
v 0.18201449 0.41165995 0.19013689
v 0.15335586 0.42020485 0.17732286
v 0.09135682 0.43797511 0.13403539
v 0.06307082 0.44745582 0.14701807
v 0.36522516 0.23738879 0.14296672
v 0.35142873 0.26387027 0.15588652
v -0.21142829 -0.03163450 0.29171839
v -0.20506394 -0.06347760 0.28970754
v -0.28635587 -0.31251919 0.18863222
v -0.26268015 -0.33423635 0.19376613
v 0.24371965 0.47469060 0.11829631
v 0.21415005 0.48805796 0.11595440
v -0.47114188 -0.11147766 0.16672605
v -0.46151926 -0.14191181 0.16042533
v 0.00181306 -0.17594801 0.29315238
v 0.03341153 -0.17131211 0.29936341
v 0.24286237 -0.31791584 0.17536612
v 0.26763416 -0.30107595 0.18806684
v 0.26563705 0.14283894 0.22420273
v 0.24874748 0.17059661 0.22587178
v 0.28559788 0.14682594 0.21515075
v 0.26905758 0.17484121 0.21545880
v -0.04020943 -0.49720418 0.12069425
v -0.01139324 -0.50296071 0.13465925
v -0.36292851 -0.21203985 0.16154276
v -0.34381678 -0.23602048 0.15067067
v -0.39410033 -0.18106181 0.17397703
v -0.37775248 -0.20625979 0.16147339
v 0.55875436 -0.08345889 0.04006293
v 0.56395420 -0.05160688 0.04417904
v 0.41352476 -0.32417824 0.12006816
v 0.43349031 -0.29909265 0.12560183
v 0.40632656 -0.35850487 0.09518151
v 0.42734270 -0.33380067 0.09774195
v -0.29367108 0.08342772 0.21796355
v -0.30187027 0.05195053 0.21866449
v 0.08389176 -0.49641245 0.15594525
v 0.11561105 -0.48925297 0.15486784
v -0.51537166 0.14266158 0.07793763
v -0.51964806 0.11171695 0.06884509
v -0.48493670 0.13324778 0.10714647
v -0.48853482 0.10285282 0.09611329
v 0.14709100 0.27398530 0.22536499
v 0.11766781 0.28782789 0.22427389
v -0.52582918 -0.06167463 0.11358486
v -0.52268432 -0.09384131 0.11731927
v 0.27696015 0.50481836 0.04311585
v 0.24810837 0.51985204 0.04342393
v -0.10001625 -0.47561815 0.10067041
v -0.07099948 -0.48492384 0.11207053
v -0.05949834 -0.49465473 0.11159574
v -0.03001696 -0.50123283 0.12368327
v -0.20904675 -0.43318744 0.15684055
v -0.17912456 -0.44427552 0.15049637
v 0.14171268 0.12074088 0.29459854
v 0.12003694 0.14097601 0.30798634
v -0.00241446 -0.41314446 0.19214489
v 0.02917311 -0.41346402 0.19993305
v -0.03449713 -0.38596475 0.18752569
v -0.00464248 -0.39013318 0.19976726
v 0.54518410 -0.21511744 0.02310238
v 0.55448440 -0.18408957 0.02005163
v -0.56181741 -0.16697718 0.01966597
v -0.55200839 -0.19799808 0.01980401
v -0.58203172 -0.05884574 0.02170835
v -0.57860534 -0.09118808 0.02258284
v 0.35843338 0.46521744 0.02059986
v 0.33292117 0.48523890 0.02320752
v -0.51767582 0.28293917 0.01323177
v -0.53295654 0.25421605 0.01334875
v -0.26806398 -0.52756323 0.00937984
v -0.23898170 -0.54206393 0.01095538
v -0.51619245 -0.27523137 0.01884169
v -0.49926599 -0.30289804 0.01627614
v -0.35309500 -0.03779841 0.21194302
v -0.34943203 -0.06996340 0.21518761
v 0.39128097 -0.27043995 0.17602188
v 0.40769825 -0.24249659 0.17316299
v 0.51269891 -0.28567326 0.01915012
v 0.52764442 -0.25678550 0.01996305
v 0.42303349 0.15571540 0.17914767
v 0.40892051 0.18365365 0.17027018
v 0.39760992 -0.15499309 0.18508322
v 0.40370287 -0.12577037 0.17214336
v 0.43331351 -0.11583215 0.14734837
v 0.43593403 -0.08550343 0.13586650
v -0.23431524 -0.13004115 0.24820585
v -0.21670851 -0.15428793 0.23553194
v -0.29651670 -0.40499631 0.14650930
v -0.27004793 -0.42379261 0.14866221
v -0.00870381 0.46127982 0.18025413
v -0.04101440 0.46079927 0.18403911
v 0.00653371 0.48831311 0.15638994
v -0.02541091 0.48962685 0.16241877
v -0.48953161 0.19067628 0.10987297
v -0.49701920 0.16062307 0.09990943
v -0.51027290 0.20605337 0.08249002
v -0.51838676 0.17580073 0.07368804
v 0.00463824 0.50353854 0.14281424
v -0.02729871 0.50486543 0.14888071
v -0.03350135 0.50782497 0.14492154
v -0.06582719 0.50591225 0.14807004
v -0.41931698 -0.38161954 0.04867757
v -0.39774637 -0.40581677 0.05145871
v -0.41496595 -0.35286908 0.07159059
v -0.39625327 -0.37834005 0.07931049
v -0.07873919 -0.43029148 0.14285720
v -0.04953690 -0.43822197 0.15480983
v -0.08723910 -0.46398569 0.11668498
v -0.05817810 -0.47250952 0.12857339
v 0.01817487 0.23822771 0.27285591
v -0.01287708 0.23968196 0.28245764
v -0.04575225 -0.55873931 0.05473314
v -0.01375915 -0.56216506 0.05955365
v -0.13647008 -0.12479631 0.28590083
v -0.11344847 -0.14611769 0.29449944
v -0.08386850 0.06544996 0.29828126
v -0.10210289 0.03854306 0.29684684
v -0.20907030 -0.51396129 0.07190192
v -0.17835284 -0.52245636 0.06535951
v -0.22776049 -0.48576153 0.09836341
v -0.19763537 -0.49791067 0.09651751
v -0.21374695 -0.19691323 0.23042780
v -0.19066510 -0.21981046 0.23164298
v -0.33561030 0.42291723 0.07413329
v -0.36189839 0.40568636 0.08253358
v -0.34827924 0.44273982 0.04806117
v -0.37452302 0.42411643 0.05285340
v -0.56415257 0.03655300 0.04981592
v -0.56761402 0.00451447 0.05429727
v -0.49511614 0.32942219 0.01009828
v -0.51162761 0.30152375 0.00734497
v 0.59076440 0.02647091 0.01196484
v 0.58783984 0.05887072 0.01148409
v 0.56693978 0.00708266 0.05518083
v 0.56524886 0.03957371 0.05524806
v 0.15024962 0.18088851 0.28863637
v 0.12419219 0.19967433 0.29379729
v -0.45764549 -0.17433767 0.14972283
v -0.44320895 -0.20161875 0.13943397
v 0.25430512 0.51635814 0.04414314
v 0.22481170 0.53009195 0.04437212
v -0.17530263 0.52793568 0.07895638
v -0.20596466 0.51706194 0.07859084
v -0.15452510 0.48976770 0.13915687
v -0.18484257 0.47851872 0.13557311
v 0.16416855 0.50670263 0.09441276
v 0.13350801 0.51224908 0.08504793
v -0.01393433 -0.24310142 0.26416698
v 0.01709882 -0.24300417 0.27393765
v 0.02558930 0.12858068 0.28393268
v -0.00256308 0.13169659 0.29994099
v 0.00248679 0.16092185 0.29893806
v -0.02853812 0.15865387 0.30846922
v 0.15912460 -0.04173235 0.27468291
v 0.16309533 -0.01539616 0.29336901
v -0.38101920 0.17551820 0.19567228
v -0.39159890 0.14614843 0.18650615
v 0.10277685 -0.34973447 0.21340593
v 0.13272359 -0.33778429 0.20905645
v -0.25497274 0.53310452 0.01085714
v -0.28391833 0.51827707 0.00994538
v 0.00210895 -0.53681960 0.10118022
v 0.03456385 -0.53613215 0.10335715
v -0.16661616 -0.54463345 0.03930607
v -0.13500629 -0.55164601 0.03611681
v 0.54476965 0.00576842 0.08865308
v 0.54341188 0.03826074 0.08962102
v -0.41277229 0.03567290 0.17454470
v -0.41815877 0.00628560 0.18742507
v 0.46652382 0.15674342 0.15142998
v 0.45405454 0.18659930 0.14801308
v 0.05437530 0.50842490 0.10830271
v 0.02484407 0.51501373 0.12026204
v -0.09665920 0.53003247 0.11743310
v -0.12822061 0.52272436 0.11443300
v -0.09281831 0.27986134 0.22887526
v -0.12343422 0.26890313 0.22993155
v 0.36926625 0.41643264 0.08154465
v 0.34471665 0.43771920 0.08319742
v 0.22822720 0.46613214 0.13519902
v 0.19842216 0.47895686 0.13280782
v 0.32228291 -0.14162279 0.21271560
v 0.33172058 -0.11114358 0.20635325
v 0.48782097 0.33650419 0.00887155
v 0.46801009 0.36227428 0.00747032
v 0.39298103 0.10132360 0.20475025
v 0.38284667 0.13217444 0.20273715
v 0.35813593 0.14137718 0.20574317
v 0.34337128 0.16890210 0.19663740
v 0.22433039 -0.53020140 0.04134663
v 0.25300240 -0.51513922 0.03825167
v 0.53643897 0.17402202 0.06080470
v 0.52555964 0.20467408 0.06159392
v 0.56082127 0.08015363 0.05863422
v 0.55646458 0.11218332 0.06232884
v -0.10920087 0.56780136 0.04530734
v -0.14046721 0.55963381 0.04153393
v -0.13621918 0.52901793 0.09937585
v -0.16743164 0.51993493 0.09802921
v -0.32809359 -0.45234305 0.07185127
v -0.30122212 -0.47068532 0.07198230
v 0.50590037 -0.27700625 0.03765680
v 0.52065402 -0.24802500 0.03863079
v -0.56850834 0.00092871 0.05294771
v -0.56746058 -0.03156208 0.05161249
v -0.55258451 -0.02013315 0.07727077
v -0.55110938 -0.05262682 0.07798996
v -0.40636061 0.38437892 0.07109902
v -0.42808329 0.36018074 0.07004787
v 0.21050707 -0.42423002 0.14552368
v 0.23395979 -0.40618408 0.13200163
v 0.34011301 0.44428609 0.07917362
v 0.31454004 0.46415375 0.08230904
v 0.30248212 0.44312496 0.12571935
v 0.27477640 0.45999731 0.12321965
v 0.37692479 -0.25716003 0.18720259
v 0.39319728 -0.22911118 0.18455692
v 0.25395712 0.41989003 0.17258302
v 0.22538264 0.43488159 0.16842565
v -0.39223529 -0.23109172 0.13863611
v -0.37282207 -0.25455770 0.12719030
v -0.46066239 -0.22858327 0.10869040
v -0.44293672 -0.25341785 0.09739544
v -0.36109896 0.27954926 0.18534462
v -0.38127858 0.25462381 0.19082521
v -0.30981803 0.44798009 0.05687653
v -0.33729706 0.43240149 0.06467025
v -0.28829608 0.47891943 0.04978194
v -0.31343210 0.45959746 0.04247619
v 0.36135042 0.40911746 0.10107712
v 0.33663730 0.43023618 0.10241621
v 0.36722879 0.36030873 0.13710987
v 0.34430269 0.38323819 0.13978667
v -0.25935433 0.39309106 0.11497983
v -0.28658346 0.37946274 0.12644173
v -0.30084226 0.37998158 0.12515910
v -0.32643702 0.36446491 0.13791343
v 0.26426663 -0.49564557 0.05331701
v 0.29006964 -0.47703873 0.04649627
v 0.29500396 -0.45309715 0.05591897
v 0.32246529 -0.43741287 0.06356161
v 0.14747054 -0.01181644 0.29656297
v 0.14445500 0.01876705 0.30724418
v -0.51134142 -0.05399384 0.13158274
v -0.50842552 -0.08619435 0.13520997
v -0.50253709 0.01016682 0.13149006
v -0.50498297 -0.02135621 0.13916131
v -0.14854865 0.42141688 0.18972874
v -0.17757699 0.40875423 0.18227594
v -0.10975063 0.43079434 0.19923712
v -0.14005234 0.42099690 0.19257767
v -0.53384271 0.11050448 0.05170076
v -0.54265266 0.07991403 0.05841945
v 0.07333733 0.53814131 0.07092191
v 0.04222088 0.54449191 0.07799073
v -0.40467920 0.23368696 0.17817957
v -0.41898673 0.20505578 0.17234162
v -0.01718764 -0.57612713 0.03748912
v 0.01533275 -0.57629629 0.03845234
v -0.06919137 -0.47337776 0.12119320
v -0.04018670 -0.48078943 0.13393401
v 0.32339314 0.35130565 0.17382985
v 0.29983799 0.37312990 0.17906330
v -0.02054250 -0.22351608 0.27166654
v 0.01038682 -0.22403590 0.28174813
v 0.42549658 0.29379835 0.08407323
v 0.41130525 0.32052055 0.09603408
v 0.40132980 0.27669725 0.10971404
v 0.38744798 0.30303228 0.12284009
v 0.45705308 0.13608400 0.16508420
v 0.44567612 0.16639493 0.16186799
v 0.48560189 0.15390273 0.13448071
v 0.47421459 0.18436140 0.13341755
v -0.00640217 -0.15359625 0.29241875
v 0.02534222 -0.15005615 0.29860690
v 0.03519008 -0.20172776 0.29380485
v 0.06609320 -0.19269187 0.28912707
v -0.40411646 -0.30590472 0.09824920
v -0.38813059 -0.33219396 0.10882555
v -0.38077945 -0.42951302 0.04072924
v -0.35579170 -0.45034835 0.04054650
v -0.37459859 -0.45779601 0.00977551
v -0.34913523 -0.47802819 0.01067426
v 0.05505939 0.58008813 0.02193746
v 0.02289419 0.58389597 0.02500865
v 0.21427647 0.33764499 0.22164344
v 0.18629149 0.35251393 0.21427544
v 0.16144576 0.35874119 0.21388342
v 0.13253096 0.36810705 0.20227536
v 0.47329567 0.03062160 0.16341423
v 0.47097875 0.06269141 0.16838322
v -0.51310947 -0.22371458 0.06128357
v -0.49825642 -0.25245792 0.05785740
v -0.21070689 -0.53532866 0.03859159
v -0.17976075 -0.54488012 0.03548714
v -0.20783680 -0.55578744 0.00768671
v -0.17688660 -0.56577794 0.00678842
v 0.05851099 0.46705733 0.13702735
v 0.02997688 0.47423662 0.15091238
v -0.48534930 0.22567344 0.10459635
v -0.49747576 0.19567524 0.10119211
v -0.47441808 0.26147573 0.10037687
v -0.48819447 0.23233252 0.09597053
v 0.43969624 0.33278044 0.06209208
v 0.42190964 0.35913507 0.06899151
v -0.50277836 -0.27042802 0.03655237
v -0.48573896 -0.29801452 0.03387357
v 0.32562671 -0.32359375 0.17009589
v 0.34801894 -0.30076145 0.17607968
v 0.34816179 -0.32021650 0.16406072
v 0.36967286 -0.29642230 0.16950514
v 0.03584612 -0.40195061 0.20545578
v 0.06773661 -0.39841978 0.21084663
v 0.25980552 0.04866956 0.26357878
v 0.25116709 0.08002769 0.26281946
v 0.49145392 -0.17558230 0.10833439
v 0.49708649 -0.14514186 0.09832515
v -0.43060943 0.33440780 0.09449517
v -0.45123411 0.30961735 0.09880652
v -0.39369089 0.32968828 0.13456398
v -0.41485116 0.30518674 0.13779649
v 0.16757562 0.31888545 0.22235948
v 0.13818811 0.33176342 0.21696843
v 0.18665150 0.21523056 0.24063986
v 0.16097400 0.23519851 0.24133164
v 0.19886260 0.25141904 0.22617534
v 0.17258528 0.27053654 0.22777387
v 0.43585686 -0.37859087 0.03670924
v 0.45629201 -0.35328011 0.03725856
v -0.51122245 -0.15546423 0.10513814
v -0.50032814 -0.18602716 0.10273952
v -0.19404828 -0.47638359 0.11905212
v -0.16363877 -0.48449160 0.11080266
v 0.49879473 -0.21509433 0.09557138
v 0.50729291 -0.18468522 0.08772288
v 0.47301824 -0.20875566 0.12805511
v 0.48169066 -0.17863400 0.11933691
v -0.24474210 -0.44361630 0.13791658
v -0.21542191 -0.45731164 0.13455563
v -0.27642294 -0.41731705 0.15118884
v -0.24834831 -0.43336257 0.14759888
v 0.49548111 0.21064034 0.09559187
v 0.47963560 0.23805751 0.08812523
v 0.37505240 0.02973368 0.21112441
v 0.37149494 0.06176062 0.21561342
v 0.38762195 -0.03722917 0.18888851
v 0.39137430 -0.00677035 0.19969182
v 0.11140838 0.43441632 0.15008440
v 0.08174888 0.43693691 0.13695077
v 0.56588132 0.16715626 0.01293832
v 0.55596151 0.19812862 0.01385570
v 0.18938855 -0.55509357 0.02044142
v 0.21995578 -0.54407215 0.02208593
v 0.06585057 -0.58149913 0.02185101
v 0.09807531 -0.57765147 0.02415176
v 0.57260594 -0.15579127 0.00538680
v 0.58071262 -0.12433822 0.00726268
v -0.49022885 0.29267725 0.05090671
v -0.50591594 0.26422093 0.04926810
v 0.52721141 -0.27133500 0.00790968
v 0.54164102 -0.24223336 0.00975701
v -0.58109329 -0.11419034 0.01340664
v -0.57335669 -0.14573121 0.01144435
v 0.58680196 0.00267196 0.02127430
v 0.58516360 0.03516213 0.02078824
v -0.31793352 -0.49143317 0.02519232
v -0.28964607 -0.50734321 0.02290700
v 0.32324744 0.49074042 0.02509290
v 0.29509977 0.50683127 0.02238642
v -0.59282297 -0.00239679 0.01195774
v -0.59106762 -0.03480018 0.00961874
v 0.11158609 -0.37145032 0.20951486
v 0.14149536 -0.35943628 0.20508426
v -0.45328927 0.12532897 0.13331255
v -0.45704015 0.09511767 0.12183474
v -0.48280861 0.15522935 0.11523642
v -0.48730848 0.12547319 0.10287302
v 0.25771526 0.32218930 0.21346570
v 0.23234758 0.34197489 0.21831782
v 0.28965947 0.34925040 0.19350622
v 0.26493674 0.36969581 0.19891952
v -0.39236214 -0.41110700 0.05092774
v -0.36810309 -0.43278339 0.05052295
v -0.16700391 0.29299037 0.20900260
v -0.19379473 0.27534421 0.20358077
v -0.03163643 0.57442488 0.04379698
v -0.06405568 0.57176640 0.04312157
v -0.13222707 -0.45770907 0.12842970
v -0.10178609 -0.46120630 0.11749135
v -0.13679097 -0.49042619 0.09959125
v -0.10596058 -0.49387091 0.08978552
v 0.44466431 -0.31090596 0.10522176
v 0.46168880 -0.28320858 0.10397533
v 0.23972452 0.40994339 0.18427221
v 0.21102570 0.42404070 0.17825762
v 0.24467629 0.38927495 0.19753714
v 0.21649810 0.40427832 0.19125858
v 0.55891543 -0.04367085 0.05396010
v 0.56241086 -0.01182392 0.05962462
v 0.53253120 -0.03840462 0.08782918
v 0.53651983 -0.00723200 0.09624880
v -0.06732870 0.39999298 0.21618596
v -0.09924438 0.39371199 0.21550038
v -0.28981585 -0.27152522 0.19022479
v -0.26878624 -0.29506577 0.19810702
v -0.25883791 -0.25063889 0.20322951
v -0.23621318 -0.27357922 0.20774554
v -0.20802450 0.48393844 0.11459946
v -0.23460142 0.46823829 0.10431819
v -0.40497314 -0.34151809 0.08824719
v -0.38623898 -0.36696060 0.09600875
v 0.27485720 -0.27387381 0.20186117
v 0.29685051 -0.25041004 0.20678842
v -0.24001699 -0.49416625 0.08057299
v -0.21011784 -0.50693129 0.07929764
v 0.20293317 0.29560448 0.22660994
v 0.17519740 0.31238020 0.22381099
v 0.26741738 0.27703202 0.21444591
v 0.24400756 0.29902212 0.21963706
v -0.55024063 -0.06367092 0.07839766
v -0.54683726 -0.09593777 0.08080591
v -0.54917303 -0.08674102 0.07862298
v -0.54325410 -0.11872669 0.07797878
v 0.14668002 -0.55591238 0.04209986
v 0.17778064 -0.54635834 0.04215520
v -0.32796479 -0.40015299 0.12414464
v -0.30310914 -0.42079575 0.12796632
v -0.06966899 0.43337684 0.20307683
v -0.10168788 0.42767086 0.20395068
v 0.21623515 -0.50595378 0.08320375
v 0.24290845 -0.48947011 0.07452298
v -0.55724364 0.07255010 0.04563700
v -0.56329869 0.04108416 0.05127289
v -0.56800352 0.05395435 0.04010810
v -0.57148268 0.02167404 0.04220793
v 0.18689371 -0.47885921 0.13211237
v 0.21451176 -0.46375425 0.12388955
v 0.15583140 -0.50886224 0.11305323
v 0.18620842 -0.49737241 0.11111616
v -0.10248775 -0.20477315 0.28011169
v -0.07365442 -0.21579055 0.26982637
v 0.07860584 -0.19296413 0.28516194
v 0.10313505 -0.17872770 0.26921913
v 0.02717236 -0.18121897 0.29823363
v 0.05823794 -0.17261542 0.29382453
v 0.19323844 -0.22766622 0.22584899
v 0.21601683 -0.20446116 0.22475278
v 0.18553794 -0.19952882 0.25098690
v 0.20737212 -0.17546529 0.25264432
v 0.52246725 0.01658379 0.11586616
v 0.52093177 0.04896444 0.11863526
v 0.09543357 0.01752166 0.30235252
v 0.08461552 0.04633776 0.29181052
v -0.44608225 0.19274316 0.15542568
v -0.45421159 0.16381276 0.14295662
v 0.19873735 0.03902241 0.30225878
v 0.18954437 0.06982605 0.29724317
v 0.22277859 0.06738910 0.28621994
v 0.21079402 0.09682810 0.27927392
v -0.23991030 -0.00191874 0.27142706
v -0.23886438 -0.03362269 0.27865874
v 0.07678537 -0.52228525 0.12340237
v 0.10879024 -0.51684639 0.12555624
v 0.29998963 0.28171752 0.19771339
v 0.27961693 0.30477825 0.20828162
v 0.13974714 0.50803548 0.09088496
v 0.10950588 0.51106767 0.07927445
v 0.54506547 0.02838871 0.08709456
v 0.54361479 0.06060582 0.09139402
v -0.17475040 -0.32324946 0.20779649
v -0.14523896 -0.33635153 0.20380371
v -0.38328081 0.13166437 0.18710987
v -0.38901328 0.10249724 0.17388305
v 0.11134706 -0.05225961 0.29719590
v 0.11869807 -0.02447058 0.28195569
v 0.09975370 -0.02049183 0.28996154
v 0.09849264 0.00966142 0.30211569
v -0.08423508 0.20228933 0.29036965
v -0.11038135 0.19001258 0.27539682
v 0.14175477 0.02598016 0.30743769
v 0.13239832 0.05615372 0.29965664
v 0.00916444 0.11433784 0.29259454
v -0.02131791 0.11328571 0.30391934
v 0.33860469 -0.17487667 0.21035915
v 0.35048603 -0.14501830 0.20527554
v 0.33915896 -0.25683385 0.19997356
v 0.35754973 -0.23006862 0.20195688
v 0.41379743 0.35620797 0.08024266
v 0.39611749 0.38132509 0.09097026
v -0.32935533 -0.22953140 0.16518880
v -0.31307458 -0.25607797 0.17460944
v -0.38550561 -0.21342100 0.15337030
v -0.36694304 -0.23769475 0.14220126
v -0.22502249 0.38238676 0.15226392
v -0.24823715 0.36346786 0.13954832
v -0.23492265 0.26435823 0.20651520
v -0.25926878 0.24381628 0.21313527
v 0.44523035 -0.35957910 0.04556029
v 0.46539349 -0.33419020 0.04827753
v -0.11711512 0.57557877 0.02465650
v -0.14846717 0.56736489 0.02180825
v 0.16870007 0.20111651 0.26551950
v 0.14297608 0.22057862 0.26976624
v 0.32343861 0.16853415 0.20031014
v 0.30574829 0.19464615 0.19232592
v 0.13969614 -0.52207543 0.10328160
v 0.17061336 -0.51199022 0.10230889
v 0.35656138 -0.26675488 0.19111278
v 0.37489450 -0.23995573 0.19317027
v 0.35938137 -0.30007255 0.17165486
v 0.37972149 -0.27546472 0.17792112
v 0.50695679 -0.02972900 0.11848698
v 0.50994502 0.00169534 0.12636818
v 0.50172202 -0.06742881 0.10214590
v 0.50805750 -0.03720507 0.11238889
v 0.45086625 0.25454186 0.09440420
v 0.43172933 0.27930983 0.08552400
v 0.02619769 -0.30998774 0.21630780
v 0.05835238 -0.30512907 0.21730809
v 0.37896881 0.00659171 0.20730531
v 0.37737390 0.03880195 0.21160513
v -0.57307065 0.01766280 0.04217294
v -0.57391039 -0.01485057 0.04301378
v 0.41125519 -0.26026445 0.16726414
v 0.42597463 -0.23165363 0.16243806
v 0.44804193 -0.24079164 0.13973884
v 0.46156770 -0.21124800 0.13807784
v 0.28203389 0.17892221 0.20669225
v 0.26448122 0.20572613 0.21234783
v -0.45784768 -0.30170947 0.04878080
v -0.44201134 -0.32940694 0.05515202
v -0.42975008 -0.32024883 0.07069021
v -0.41240212 -0.34688412 0.07762863
v 0.39750846 -0.05439133 0.17598351
v 0.40308742 -0.02471595 0.18809873
v 0.36511697 -0.04130332 0.19577352
v 0.36920609 -0.01085343 0.20647935
v 0.44904932 0.05606399 0.18213195
v 0.44478750 0.08783677 0.18768705
v 0.46360922 0.07438360 0.17420677
v 0.45756354 0.10625569 0.17668697
v -0.44661236 0.27892098 0.12530392
v -0.46181776 0.25062903 0.12011806
v -0.42912236 0.25578503 0.15490702
v -0.44309971 0.22738564 0.14738108
v -0.24464868 0.08209967 0.25800201
v -0.25191350 0.05259187 0.24638117
v 0.17879463 0.12301551 0.26929217
v 0.16261991 0.14461372 0.28746983
v 0.13353077 -0.20211103 0.25254367
v 0.15709317 -0.18542115 0.26753676
v 0.18608996 -0.54393493 0.04124007
v 0.21663172 -0.53285564 0.04296699
v 0.00932300 -0.54990327 0.08295161
v 0.04179593 -0.54864173 0.08451659
v -0.00069859 -0.56939479 0.05040339
v 0.03181728 -0.56834324 0.05078315
v -0.46619401 -0.19188811 0.13289503
v -0.45083742 -0.21871017 0.12273217
v -0.06136070 0.14872199 0.30310917
v -0.08653844 0.13786933 0.28559253
v -0.23798288 -0.17004885 0.22433341
v -0.21900196 -0.19594448 0.22959391
v 0.06120300 -0.16192928 0.29410405
v 0.08583122 -0.14849141 0.27762964
v 0.03966235 -0.16530353 0.29816821
v 0.06910140 -0.15406332 0.29007307
v 0.29739816 -0.26293762 0.20276058
v 0.31804697 -0.23870239 0.20945479
v 0.29922787 -0.19704866 0.21846240
v 0.31447504 -0.16852682 0.21491838
v 0.02170555 -0.41827516 0.19641705
v 0.05344063 -0.41645660 0.20335317
v -0.27798640 -0.46102149 0.10234392
v -0.24913184 -0.47546243 0.09817193
v 0.36136869 0.37974052 0.12759602
v 0.33773548 0.40193284 0.13033539
v 0.36301017 -0.22258353 0.20101695
v 0.37730473 -0.19375509 0.19620886
v 0.39244157 -0.18007459 0.18885364
v 0.40227228 -0.15001782 0.18120645
v 0.45930638 -0.30705573 0.08842961
v 0.47551743 -0.27891240 0.08650955
v 0.44905024 -0.27697302 0.12205004
v 0.46383938 -0.24816780 0.11887636
v 0.07732465 0.42849324 0.14907688
v 0.04841698 0.43676114 0.16150751
v -0.33806322 0.38112709 0.11915957
v -0.36282331 0.36381753 0.13123637
v -0.35290043 0.39790738 0.09537621
v -0.37803921 0.37944475 0.10463389
v 0.00785007 -0.25072941 0.26723737
v 0.03965965 -0.24735779 0.27317994
v 0.07502825 0.55423282 0.05041288
v 0.04414507 0.56098491 0.05810507
v -0.05119346 -0.58148089 0.02098653
v -0.01882115 -0.58406136 0.02296290
v -0.07251631 -0.57840532 0.01949869
v -0.04031809 -0.58240031 0.02191665
v 0.11282659 0.22631882 0.27415737
v 0.08340759 0.23854647 0.26755897
v 0.07445981 0.21811212 0.28117496
v 0.04751502 0.22474182 0.26418799
v -0.01203053 -0.39244014 0.19641588
v 0.01942437 -0.39358329 0.20465081
v 0.33217402 -0.44893751 0.04708551
v 0.35860288 -0.43110658 0.05357435
v -0.42831804 -0.09735159 0.19475201
v -0.41892211 -0.12757034 0.18719719
v -0.49456606 -0.16371472 0.12000046
v -0.48298127 -0.19403259 0.11773082
v -0.57882341 -0.09520991 0.02174272
v -0.57317324 -0.12724754 0.02218688
v 0.40979494 0.42873164 0.01163684
v 0.38518439 0.44995137 0.01003198
v 0.46005711 -0.37307854 0.00880507
v 0.48001934 -0.34743318 0.01034016
v -0.56945378 0.15669965 0.00829622
v -0.57810992 0.12535351 0.00930731
v -0.01209361 0.59252565 0.01228023
v -0.04449478 0.59035817 0.01028083
v 0.21572625 -0.08185645 0.27739729
v 0.22196789 -0.05399570 0.26179753
v 0.23365767 -0.11628433 0.26590877
v 0.24413881 -0.08672405 0.25725621
v -0.33517479 -0.37976903 0.13392031
v -0.31112173 -0.40130174 0.13796068
v 0.28476805 0.42286752 0.15958042
v 0.25692222 0.43889626 0.15445977
v -0.01444937 0.55966111 0.07431787
v -0.04692397 0.55787894 0.07344871
v -0.36467826 0.14071329 0.19838189
v -0.37242083 0.11126145 0.18692880
v -0.19161930 0.53268877 0.05964396
v -0.22217008 0.52153429 0.06051510
v -0.14386563 0.54867379 0.06107028
v -0.17484109 0.53901569 0.05866738
v 0.33117792 -0.07258337 0.20258201
v 0.33718984 -0.04110676 0.20820441
v -0.14113523 0.38304458 0.20572992
v -0.16932142 0.36985256 0.19624094
v -0.17454275 0.35648704 0.19548549
v -0.19892038 0.34009087 0.18150592
v -0.54340356 0.21849803 0.02368334
v -0.55348328 0.18778128 0.02002106
v -0.51908197 0.18496601 0.07221016
v -0.52688208 0.15404454 0.06576400
v -0.54344479 0.14763238 0.04578460
v -0.54870363 0.11613103 0.03957643
v 0.25818282 0.24057066 0.21472024
v 0.23655561 0.26370318 0.22218228
v -0.32965432 0.09007248 0.20400873
v -0.33600161 0.05862955 0.19856943
v -0.55417733 -0.12305947 0.05774181
v -0.54538988 -0.15425104 0.05484374
v -0.49222229 -0.23307936 0.07813929
v -0.47546987 -0.25999876 0.07084310
v 0.17644674 -0.45218650 0.16017706
v 0.20219792 -0.43683060 0.14754358
v -0.33618279 0.48906372 0.00816730
v -0.36215025 0.46956152 0.00619577
v -0.35658038 -0.42820410 0.06951774
v -0.33149670 -0.44883860 0.07140404
v -0.50162772 0.25950359 0.05959384
v -0.51594039 0.23029313 0.05893941
v -0.48657536 0.24311981 0.09224587
v -0.50070745 0.21381425 0.09225821
v -0.00523519 -0.48825376 0.14923067
v 0.02656674 -0.48911998 0.15604380
v 0.31743984 -0.40992181 0.09244186
v 0.34323320 -0.39292886 0.10266311
v -0.13880072 -0.56559946 0.01936412
v -0.10685688 -0.57162108 0.01799922
v 0.51803077 0.22170877 0.06033438
v 0.50259184 0.24994176 0.05553128
v -0.24759708 -0.38455246 0.18406161
v -0.21940703 -0.39940425 0.17748306
v -0.11353063 0.20283110 0.27090429
v -0.13728884 0.18674408 0.25556522
v 0.22113054 -0.32575047 0.17139357
v 0.24732248 -0.30904249 0.18105571
v 0.26324007 0.00904444 0.26214827
v 0.25962462 0.04126652 0.26483110
v 0.23423739 0.02446181 0.28652309
v 0.22787287 0.05633263 0.28803167
v -0.18717592 0.18312446 0.26171174
v -0.20937742 0.15955274 0.26487391
v 0.50525037 -0.16673176 0.09061998
v 0.51089019 -0.13566561 0.08277023
v 0.52290957 -0.13361686 0.06912010
v 0.52619512 -0.10220371 0.06131299
v -0.58602661 0.07105516 0.01037405
v -0.58935768 0.03869175 0.01016068
v 0.20282774 0.51484237 0.08263946
v 0.17230025 0.52291193 0.07479816
v -0.34552747 -0.10323350 0.21036426
v -0.33446652 -0.13357495 0.20641668
v -0.02165082 -0.52747739 0.10235122
v 0.00985188 -0.53019054 0.11001613
v -0.30239404 0.22384120 0.21414861
v -0.32154317 0.19763713 0.21642648
v -0.05433876 0.51584245 0.13585301
v -0.08649239 0.51301518 0.13993734
v 0.06186197 0.35530373 0.19557664
v 0.03066667 0.36141954 0.20250355
v 0.02564948 0.35101308 0.20925339
v -0.00574073 0.35403742 0.21725589
v 0.01293032 0.20023493 0.28832630
v -0.01719121 0.20037731 0.30062282
v 0.04241258 0.20573630 0.26521035
v 0.01575221 0.21122485 0.28303258
v -0.19708561 -0.05000708 0.29547535
v -0.18792583 -0.07985888 0.28633749
v -0.20491496 -0.00811748 0.28859507
v -0.20207726 -0.03984988 0.29519311
v 0.20329534 -0.29693078 0.19118804
v 0.22934249 -0.27859065 0.19779994
v -0.11225395 0.33574444 0.21931173
v -0.14194043 0.32376329 0.21350683
v -0.29295474 0.32112282 0.17665416
v -0.31703911 0.30207483 0.18740820
v -0.45520643 0.06062260 0.13646490
v -0.46299547 0.03225255 0.15035745
v -0.50556300 0.03080946 0.11978516
v -0.50977162 -0.00027148 0.12843354
v -0.05283001 0.27698127 0.24546483
v -0.08438331 0.26945955 0.24294596
v 0.26123208 0.12570192 0.23642198
v 0.24466514 0.15340129 0.23232159
v -0.21460447 0.55095167 0.01392879
v -0.24458799 0.53834888 0.01309798
v -0.35437341 -0.46661187 0.02026950
v -0.32861685 -0.48635633 0.02256906
v 0.37220043 0.20211171 0.16884132
v 0.35383074 0.22705570 0.15889730
v -0.22989272 -0.28849837 0.20836583
v -0.20414336 -0.30810248 0.21170968
v 0.00771726 -0.13872491 0.29621083
v 0.03942433 -0.13150015 0.29720904
v 0.51288660 0.16501089 0.09901782
v 0.50161553 0.19552930 0.09867022
v 0.52143631 0.14235247 0.10105654
v 0.51064394 0.17287840 0.09785905
v 0.47887989 -0.03151883 0.14012103
v 0.48271630 -0.00114863 0.15114215
v 0.49520931 -0.05212263 0.11482879
v 0.50107623 -0.02255089 0.12706084
v 0.18050622 -0.52116329 0.08416164
v 0.21037690 -0.50845843 0.08195686
v -0.42473335 -0.05069812 0.19541129
v -0.42105624 -0.08275242 0.19959847
v 0.02118029 0.26976186 0.25143649
v -0.01126039 0.27123469 0.25342760
v -0.01533560 0.26198583 0.26475756
v -0.04769191 0.25896215 0.26632557
v 0.37218120 -0.42303675 0.05356858
v 0.39678436 -0.40240149 0.05880334
v 0.35472710 -0.40319620 0.08578814
v 0.37943102 -0.38415227 0.09503889
v -0.07526542 0.58182812 0.02116056
v -0.10751220 0.57808236 0.02331611
v -0.36920315 0.43412590 0.04407186
v -0.39431359 0.41358658 0.04654846
v -0.38071775 0.41913454 0.05278175
v -0.40519106 0.39787906 0.05557345
v -0.22693920 -0.07540577 0.27840981
v -0.21524058 -0.10391937 0.26798635
v 0.05522199 -0.44302393 0.19116417
v 0.08699212 -0.43861679 0.19662014
v 0.05169372 -0.47693029 0.16931843
v 0.08319950 -0.47389258 0.17684770
v 0.22353927 -0.03981744 0.26469030
v 0.22697757 -0.01216474 0.28148429
v -0.39485613 -0.14864162 0.19167525
v -0.38081519 -0.17571312 0.18033868
v -0.35411239 0.03958442 0.19552418
v -0.35911536 0.00871892 0.20451433
v -0.38843385 0.06692490 0.17126399
v -0.39576785 0.03664723 0.18064519
v 0.46293735 -0.16908018 0.13736599
v 0.46798641 -0.13949767 0.12479962
v 0.33580536 0.46624192 0.05083402
v 0.30908233 0.48478408 0.05160832
v 0.30408285 0.48277066 0.05934158
v 0.27567737 0.49841777 0.05672847
v 0.09897467 0.19186936 0.30024321
v 0.07182638 0.20420660 0.28723189
v 0.34806454 -0.28666404 0.18383510
v 0.36804996 -0.26158634 0.18933269
v -0.13777937 0.14645071 0.28619450
v -0.15914334 0.12475635 0.29766043
v -0.18267659 0.51423471 0.09714909
v -0.21266300 0.50194998 0.09424522
v -0.01504852 -0.58747443 0.01834140
v 0.01745525 -0.58775512 0.01974063
v -0.41902487 0.36633510 0.07516900
v -0.44033133 0.34176003 0.07596446
v 0.24403062 -0.43550377 0.11241502
v 0.26718454 -0.41593326 0.10060726
v -0.19228668 0.48079525 0.13070915
v -0.21916065 0.46592902 0.11997060
v -0.15413855 0.47480793 0.15310024
v -0.18434332 0.46331962 0.14932900
v 0.09188154 0.32352159 0.21219757
v 0.06048536 0.32982981 0.20645147
v 0.49697638 -0.25253870 0.07325768
v 0.51078307 -0.22309837 0.07434121
v -0.43588734 0.09079136 0.13193410
v -0.44518711 0.06148565 0.14257465
v -0.35614498 -0.19153274 0.17512459
v -0.33817165 -0.21689863 0.16552965
v 0.09997678 0.46841476 0.10868808
v 0.07130582 0.47816565 0.12058042
v -0.32475242 0.15906723 0.21262475
v -0.33708925 0.12951057 0.20690299
v -0.02670365 0.21439511 0.29784689
v -0.05862934 0.20881391 0.30069855
v -0.05014292 0.24781733 0.27713535
v -0.08160753 0.24007701 0.27420321
v 0.37157459 0.38843966 0.10996514
v 0.34812575 0.41079890 0.11292278
v 0.10634728 -0.54580734 0.08457666
v 0.13759128 -0.53722706 0.08162316
v 0.41262710 -0.29564297 0.14505417
v 0.43065224 -0.26861827 0.14686863
v 0.38120387 -0.32789840 0.14151578
v 0.40203554 -0.30337825 0.14634644
v -0.35074824 0.21372642 0.20741923
v -0.36595538 0.18549404 0.20192312
v -0.38369733 0.23249850 0.19021509
v -0.39916976 0.20416666 0.18616018
v -0.27692840 0.09276650 0.23237456
v -0.28511372 0.06182935 0.22650731
v -0.25839884 0.12806392 0.23569616
v -0.27157944 0.09842798 0.23314375
v 0.01214123 0.39700627 0.20094876
v -0.01916742 0.39893528 0.20958469
v 0.20799607 -0.25766134 0.20779540
v 0.23227002 -0.23700356 0.21431944
v 0.38958999 -0.40881492 0.05847701
v 0.41219111 -0.38541252 0.05869656
v 0.41865219 -0.37396899 0.06414358
v 0.43979405 -0.34931923 0.06612923
v -0.24523754 -0.02402788 0.27379761
v -0.24103953 -0.05596037 0.27840459
v 0.30052459 -0.40054381 0.10501019
v 0.32639237 -0.38438886 0.11634188
v 0.33476206 -0.38519070 0.11420321
v 0.35932211 -0.36620303 0.12393994
v -0.58756947 -0.07735870 0.00874655
v -0.58352077 -0.10960193 0.01033204
v -0.55962127 -0.13544345 0.04067978
v -0.55061927 -0.16665633 0.03887652
v -0.57286227 -0.15103201 0.00904282
v -0.56372221 -0.18225178 0.00847985
v 0.21933367 0.41815594 0.18120678
v 0.18993787 0.43121477 0.17631945
v -0.30896031 -0.41253481 0.13068894
v -0.28256159 -0.43150496 0.13202035
v 0.24599715 -0.14578761 0.23826533
v 0.26024935 -0.11655874 0.23930440
v 0.38377124 0.16944276 0.18808286
v 0.36769114 0.19497954 0.17592411
v 0.37389409 0.12898140 0.20606147
v 0.36065826 0.15793006 0.19932948
v -0.16663311 0.07869098 0.29882277
v -0.17864152 0.05139871 0.28580504
v -0.18021420 0.11352713 0.29660009
v -0.19633235 0.08619542 0.28940880
v -0.38339665 0.11065442 0.17952161
v -0.38858153 0.08014344 0.16948525
v 0.57078227 0.07263564 0.04056235
v 0.56674658 0.10477403 0.04362322
v 0.54384144 0.11202714 0.08278053
v 0.53509414 0.14324519 0.08005110
v 0.41684145 0.02035348 0.19539154
v 0.41457496 0.05245524 0.20017401
v 0.42569718 -0.01943403 0.18086654
v 0.42749245 0.01194015 0.18929087
v -0.35427162 0.33362013 0.15674548
v -0.37671301 0.31026411 0.15981343
v 0.38382271 0.43030286 0.04253822
v 0.35884127 0.45114386 0.04220398
v 0.37847425 0.45522270 0.01047905
v 0.35310802 0.47558356 0.01120123
v -0.46927417 -0.34692326 0.01659459
v -0.45026212 -0.37321706 0.01898408
v 0.53250941 0.21419601 0.04563974
v 0.51808949 0.24316425 0.04225765
v -0.12588759 0.30094608 0.21973090
v -0.15433272 0.28660701 0.21311296
v 0.35370989 0.28002849 0.15437462
v 0.33850852 0.30438394 0.16968024
v 0.37798351 0.30164696 0.13229065
v 0.36266263 0.32636868 0.14687279
v -0.22589075 0.46805929 0.11268772
v -0.25085316 0.45093400 0.10076570
v 0.27687537 -0.22985105 0.21346576
v 0.29643698 -0.20426013 0.21804615
v 0.05955059 0.44367965 0.15089589
v 0.03101643 0.45086837 0.16477594
v -0.44408136 -0.24749193 0.10179421
v -0.42512479 -0.27184300 0.09148859
v 0.50820785 0.01960801 0.13209705
v 0.50635577 0.05197116 0.13487696
v 0.16443842 -0.48191676 0.13979703
v 0.19435380 -0.46935338 0.13739633
v -0.48567015 0.01022681 0.14671339
v -0.48798017 -0.02129194 0.15444411
v -0.44495722 -0.37867889 0.01886933
v -0.42423085 -0.40362583 0.02143823
v -0.20642247 -0.48961754 0.10387146
v -0.17604991 -0.49810251 0.09586868
v 0.46243349 -0.00666036 0.16566753
v 0.46266596 0.02544909 0.17090790
v -0.00366758 0.55059742 0.08879566
v -0.03618207 0.55012870 0.08985382
v 0.01429233 0.52439894 0.11544522
v -0.01723022 0.52705299 0.12304893
v 0.14312363 0.06524168 0.29676282
v 0.12927121 0.08841140 0.27860225
v 0.30309358 0.41426104 0.15079990
v 0.27673279 0.43315622 0.15337145
v -0.17576889 0.37561040 0.19045341
v -0.20070601 0.35964929 0.17696583
v -0.19166250 0.38605959 0.17672333
v -0.21583689 0.36928995 0.16283414
v 0.19387035 0.36993465 0.20945107
v 0.16451663 0.38294428 0.20419364
v 0.42171131 0.38116019 0.05249176
v 0.40042895 0.40548622 0.05621154
v 0.43699625 0.36964913 0.04208037
v 0.41646122 0.39464496 0.04555209
v 0.34370955 0.05347801 0.22033357
v 0.33656597 0.08521120 0.21962283
v 0.13701116 -0.46455661 0.16630377
v 0.16697990 -0.45280801 0.16157342
v 0.09896220 -0.48206666 0.16867468
v 0.12940014 -0.47261450 0.16213857
v -0.11457181 0.48607910 0.16164426
v -0.14521266 0.47674676 0.15593662
v -0.05561956 0.52951897 0.11905062
v -0.08778944 0.52679502 0.12307686
v 0.20779974 0.14329021 0.25390066
v 0.19026551 0.16760212 0.26655031
v 0.40035211 -0.08811832 0.15875705
v 0.40840126 -0.05844689 0.16940360
v 0.00468381 -0.59311040 0.01122231
v 0.03710649 -0.59090829 0.00965638
v 0.46864691 -0.32577334 0.05334184
v 0.48609681 -0.29831436 0.05353410
v 0.47146245 -0.28549577 0.08745526
v 0.48676512 -0.25679638 0.08661564
v 0.15775205 -0.13739914 0.29312737
v 0.17589057 -0.11056655 0.29621572
v 0.19750020 -0.13790099 0.28313561
v 0.21316431 -0.10949223 0.28066372
v 0.36114657 -0.14643307 0.20112162
v 0.36850236 -0.11659662 0.19043470
v 0.00277071 -0.37721585 0.20491744
v 0.03482568 -0.37632581 0.21041455
v -0.44760184 0.34827046 0.05722878
v -0.46786320 0.32289803 0.05928998
v 0.36546432 0.43988031 0.05095161
v 0.34040710 0.46053990 0.05291338
v -0.16778627 0.50823970 0.11184054
v -0.19808941 0.49671818 0.10910087
v -0.14496901 0.51581091 0.11540179
v -0.17545574 0.50525945 0.11118783
v 0.04385218 0.26467263 0.24608894
v 0.01263200 0.26960115 0.25380524
v 0.02355754 0.29489712 0.22984230
v -0.00888522 0.29581161 0.22757005
v -0.12581688 0.07182040 0.30377621
v -0.14046491 0.04462157 0.29356881
v -0.16905422 0.05908084 0.29269863
v -0.17670708 0.03312418 0.27463715
v -0.03869271 -0.47853887 0.13667877
v -0.00973037 -0.48391827 0.15049098
v -0.16991628 -0.39870865 0.18180286
v -0.14055283 -0.40650621 0.17016165
v -0.16252339 -0.42961784 0.15974044
v -0.13306264 -0.43550124 0.14725118
v 0.17078890 -0.36556123 0.19013650
v 0.19488756 -0.34848970 0.17648551
v 0.20475425 -0.35796839 0.16929364
v 0.22823542 -0.33853106 0.15792013
v -0.36011709 0.46004009 0.01858872
v -0.38580735 0.44011595 0.01984217
v -0.06575998 -0.29978965 0.21650678
v -0.03356440 -0.30432158 0.21530770
v 0.14313802 -0.53428917 0.08368889
v 0.17400484 -0.52408698 0.08239021
v 0.16527229 -0.54469976 0.05213346
v 0.19601114 -0.53404040 0.05231437
v -0.30901239 0.34867383 0.15381368
v -0.33345291 0.33088707 0.16584796
v -0.35031887 0.35170489 0.14778760
v -0.37331080 0.32874036 0.14937919
v 0.29224185 -0.33939266 0.16005742
v 0.31600072 -0.32179117 0.17363076
v 0.28131874 -0.36859054 0.13494895
v 0.30646317 -0.35291216 0.14838315
v 0.14570046 0.39749291 0.19024745
v 0.11712559 0.40334572 0.17583380
v 0.51287849 -0.20583953 0.07822818
v 0.52120225 -0.17499253 0.07208741
v -0.03873701 0.53812408 0.10608859
v -0.07094194 0.53665285 0.11047148
v -0.00818442 0.52713180 0.12122344
v -0.04067505 0.52646172 0.12278609
v 0.19550321 0.01656908 0.30197304
v 0.18904351 0.04841546 0.30358933
v 0.18788386 -0.01767975 0.29028306
v 0.18673400 0.01240837 0.30260841
v -0.17300633 -0.50485030 0.08865878
v -0.14224983 -0.51053902 0.07970289
v -0.19907534 -0.52700791 0.05499644
v -0.16799804 -0.53568374 0.05081759
v -0.44417618 -0.05993808 0.18747225
v -0.43987238 -0.09201040 0.19084504
v -0.46658590 -0.08990729 0.17442493
v -0.45887037 -0.12129705 0.17072555
v -0.20563475 0.17136338 0.25891054
v -0.22577902 0.14581632 0.25920647
v 0.17999464 0.29778123 0.22605025
v 0.15133574 0.31267102 0.22211411
v -0.40092664 -0.12798067 0.19463204
v -0.38916698 -0.15783499 0.18925042
v -0.38757836 -0.09175005 0.20844817
v -0.37793027 -0.12191827 0.20101011
v 0.40730194 -0.19657453 0.18066998
v 0.41785399 -0.16667176 0.17338917
v -0.32775211 -0.31162630 0.16524459
v -0.30708277 -0.33523867 0.17383330
v -0.35792926 -0.29405068 0.14153838
v -0.34130806 -0.31904902 0.15408231
v 0.41215999 0.04149010 0.19984955
v 0.40848531 0.07325957 0.20582693
v 0.42284680 0.07992375 0.20088458
v 0.41433312 0.11095599 0.19608359
v -0.35484037 -0.36894712 0.12670218
v -0.33110132 -0.39113457 0.12834730
v 0.42161194 -0.30560226 0.13057575
v 0.43956471 -0.27847496 0.13115824
v -0.23834675 0.49049351 0.08198196
v -0.26445053 0.47338336 0.07279679
v 0.53155435 -0.07490460 0.07267128
v 0.53721773 -0.04356513 0.07932677
v 0.48919421 -0.08955314 0.09953653
v 0.49707324 -0.05973501 0.10989663
v -0.42843950 0.40899330 0.01199367
v -0.44986482 0.38459121 0.00998728
v -0.05456951 0.58859918 0.01193479
v -0.08692611 0.58521774 0.01231996
v -0.58883705 -0.04074682 0.01280205
v -0.58586508 -0.07314352 0.01241054
v -0.19302799 0.46169817 0.14375770
v -0.21951147 0.44649010 0.13253846
v 0.20200195 0.21184388 0.23297655
v 0.17704898 0.23265382 0.23129518
v 0.29579357 -0.02279685 0.22874800
v 0.29553990 0.00971975 0.22768117
v -0.23235969 -0.54655254 0.00739330
v -0.20197759 -0.55818709 0.00708183
v -0.23909625 -0.05907049 0.27873238
v -0.22975062 -0.08937719 0.27147329
v -0.12024413 0.11310056 0.29721651
v -0.14053836 0.08875575 0.30456543
v -0.10148686 0.13673544 0.27894911
v -0.12325438 0.11967172 0.29608201
v 0.01707181 0.54684221 0.08606690
v -0.01473210 0.54949364 0.09239250
v 0.03270465 0.56450411 0.05521882
v 0.00058328 0.56745628 0.05946550
v -0.45960270 0.25990187 0.11864269
v -0.47400030 0.23097579 0.11483181
v -0.21829529 -0.36450975 0.19565786
v -0.18952130 -0.37888254 0.19075766
v -0.34875744 -0.27156678 0.14922325
v -0.33317181 -0.29682196 0.16255727
v -0.35812416 -0.24988201 0.14293677
v -0.34284747 -0.27644589 0.15386904
v 0.02522940 0.47512356 0.15376032
v -0.00418871 0.47958377 0.16692134
v 0.11864179 0.46511293 0.12625001
v 0.08881595 0.46742260 0.11345875
v 0.54310564 -0.23576459 0.01254977
v 0.55464673 -0.20534750 0.01218103
v 0.49416615 0.08921765 0.14868947
v 0.48666876 0.12085231 0.14743683
v 0.49535565 0.13045546 0.13504292
v 0.48494223 0.16112548 0.13197013
v -0.25414541 -0.29053915 0.20237123
v -0.22984923 -0.31155371 0.20753028
v 0.07089410 -0.54495784 0.08829769
v 0.10284351 -0.54127915 0.09322048
v 0.04067598 -0.56500423 0.05485999
v 0.07301830 -0.56237975 0.05723018
v -0.11744948 -0.12335277 0.29195854
v -0.09228260 -0.14284491 0.29868282
v -0.55645454 0.17714580 0.02124620
v -0.56431345 0.14576035 0.01782239
v -0.33198114 0.06777180 0.19992356
v -0.33846098 0.03603998 0.20302757
v -0.36613746 0.09658444 0.18686509
v -0.37092605 0.06573776 0.17769538
v -0.18332676 -0.00103998 0.29133152
v -0.18128522 -0.03259730 0.29898000
v 0.25789780 -0.51117454 0.03863911
v 0.28555732 -0.49427867 0.03580848
v -0.37671131 0.01276530 0.19958855
v -0.37837580 -0.01920351 0.20539853
v -0.38599356 -0.02839550 0.20498611
v -0.38362757 -0.06061731 0.20881867
v -0.18877602 -0.22122870 0.23087202
v -0.16307236 -0.24112660 0.23226021
v -0.19999237 -0.18904855 0.24592137
v -0.17663456 -0.21159706 0.24804479
v 0.13460600 -0.22099914 0.24036485
v 0.15965197 -0.20520337 0.25384538
v 0.15188873 -0.19614870 0.26022204
v 0.17497782 -0.17574370 0.27066528
v -0.05488614 0.41759306 0.20869905
v -0.08695044 0.41324991 0.21209750
v 0.21427876 -0.14875060 0.26851839
v 0.22989766 -0.12038228 0.26538475
v -0.12017450 0.55627503 0.06155212
v -0.15134809 0.54760696 0.05814573
v -0.20383350 -0.10977665 0.26712954
v -0.18733983 -0.13317996 0.25167717
v -0.07101458 0.56510019 0.05601481
v -0.10326083 0.56136124 0.05818997
v 0.02676392 -0.50286929 0.14373431
v 0.05900694 -0.50083665 0.14757977
v -0.00668549 -0.50554564 0.13248338
v 0.02500828 -0.50683575 0.13972025
v -0.57055300 -0.06460038 0.04163568
v -0.56697673 -0.09690327 0.04314073
v -0.54184522 -0.16968113 0.05220867
v -0.53134162 -0.20047157 0.05181494
v -0.36676635 -0.40969808 0.07933277
v -0.34263719 -0.43137040 0.08190685
v -0.47578556 0.10010608 0.10033637
v -0.48549469 0.07085802 0.11076781
v -0.49118608 0.06796798 0.10873119
v -0.49884083 0.03843725 0.12003928
v -0.14446040 -0.26109011 0.22211647
v -0.11531322 -0.27543122 0.22393483
v -0.30057499 -0.16937343 0.19977717
v -0.28267512 -0.19616614 0.19527412
v -0.12804321 -0.04606829 0.29741228
v -0.11634969 -0.07244712 0.28238061
v 0.26706740 0.22012463 0.20966004
v 0.24745389 0.24447302 0.21865994
v 0.28529895 0.22359325 0.20070493
v 0.26706063 0.24835818 0.21131594
v -0.22497428 0.40439976 0.14442232
v -0.24854333 0.38601736 0.13157245
v -0.20794177 0.37513643 0.16714122
v -0.23199285 0.35705615 0.15476461
v -0.37226690 -0.15767478 0.19288463
v -0.35694197 -0.18355327 0.18047570
v -0.33579834 -0.14995752 0.20121695
v -0.32001237 -0.17659396 0.19122521
v -0.00139952 0.18491946 0.29801452
v -0.03251581 0.18237235 0.30716988
v -0.28031488 0.26802312 0.20581790
v -0.30275988 0.24475293 0.20945821
v -0.30410238 0.26057316 0.20521658
v -0.32528191 0.23621231 0.20927962
v -0.08500056 -0.40772272 0.15184447
v -0.05585433 -0.41619554 0.16355944
v -0.08522404 -0.22263609 0.26879202
v -0.05624987 -0.22969296 0.25578319
v -0.53995706 -0.02690125 0.09663015
v -0.53763980 -0.05935219 0.09631651
v 0.41628204 0.20669965 0.15074212
v 0.39864928 0.23125689 0.13871882
v 0.03813766 0.42295299 0.17548012
v 0.00961813 0.42847516 0.19013187
v 0.47867846 -0.16026227 0.12050464
v 0.48305953 -0.13019984 0.10886041
v 0.34815704 -0.46803134 0.01752385
v 0.37403276 -0.44845499 0.01992086
v 0.05160638 0.16126640 0.29553692
v 0.02618977 0.16750104 0.27620671
v -0.23755749 0.15884826 0.24040570
v -0.25440833 0.13117795 0.23741654
v 0.16122633 -0.32216656 0.19913874
v 0.18783363 -0.30458927 0.19268723
v 0.52133871 0.18169058 0.08108331
v 0.50917231 0.21185120 0.08016268
v -0.43698572 0.11049347 0.14279458
v -0.44002507 0.08027896 0.13111651
v -0.41885539 0.13766019 0.16577909
v -0.42360183 0.10861421 0.15191063
v 0.07589790 0.36824226 0.18258764
v 0.04582058 0.37607479 0.19220733
v -0.51797422 -0.23779761 0.04462569
v -0.50264533 -0.26633554 0.04160189
v 0.41702193 -0.05175702 0.16804233
v 0.42231832 -0.02190935 0.17985743
v 0.43497549 -0.35728280 0.06293142
v 0.45525525 -0.33197729 0.06555706
v 0.42473037 -0.34222424 0.09202172
v 0.44506109 -0.31723261 0.09656177
v 0.00066570 -0.11516048 0.29484658
v 0.03249438 -0.10845180 0.29552508
v -0.01883047 -0.10611506 0.28549592
v 0.01172039 -0.10529645 0.29665417
v -0.05216594 0.48131928 0.16975175
v -0.08403387 0.47864229 0.17573509
v 0.23317634 0.35352689 0.21628707
v 0.20538115 0.36915694 0.20983253
v 0.57592068 -0.00530156 0.04089604
v 0.57454835 0.02719283 0.04002238
v 0.37170675 -0.37124741 0.11120226
v 0.39435092 -0.34818956 0.11495840
v 0.09698516 -0.38998230 0.20934906
v 0.12748754 -0.37954108 0.20497674
v 0.32992116 0.45956330 0.06927799
v 0.30327430 0.47818684 0.07055867
v 0.31227398 0.45042824 0.10826143
v 0.28471088 0.46758559 0.10615604
v -0.03711230 -0.42159366 0.17113363
v -0.00833991 -0.42658993 0.18547651
v -0.41468668 0.01500929 0.18559752
v -0.41707742 -0.01645501 0.19352307
v -0.43462892 -0.01676614 0.18687895
v -0.43377948 -0.04894462 0.19160708
v -0.05082971 -0.04709295 0.28928467
v -0.02353066 -0.06478621 0.28879290
v -0.07675453 -0.02341023 0.29330200
v -0.06345322 -0.05145447 0.28354865
v 0.30860361 0.17537800 0.19903640
v 0.29049372 0.20225326 0.19615816
v 0.04840286 0.29669046 0.22809403
v 0.01617080 0.30009056 0.22525410
v 0.03059836 0.32683091 0.21339663
v -0.00091095 0.33030021 0.22072186
v 0.58300600 -0.04042910 0.02003870
v 0.58544988 -0.00815339 0.02333068
v -0.22605074 -0.14891626 0.23513558
v -0.20851307 -0.17527437 0.24263304
v 0.31552248 -0.42554388 0.07790540
v 0.34182602 -0.40813908 0.08588840
v 0.15269684 0.23580032 0.24592521
v 0.12440675 0.25181504 0.24460945
v 0.13009572 -0.57820206 0.01129055
v 0.16137727 -0.56932515 0.01019639
v -0.43795979 0.38734317 0.02382210
v -0.45899141 0.36252681 0.02323029
v 0.39177212 0.25657846 0.11880585
v 0.37841418 0.28318095 0.13193616
v 0.36851349 0.28078390 0.14073891
v 0.35374911 0.30573577 0.15550201
v -0.31588696 -0.33320989 0.16931679
v -0.29246544 -0.35540311 0.17349114
v 0.38090683 -0.11728034 0.18277579
v 0.38568312 -0.08655807 0.17319140
v 0.49111600 -0.23893170 0.09195557
v 0.50372857 -0.20895244 0.09111946
v -0.06524119 -0.00140126 0.28983350
v -0.05934027 -0.03339526 0.28952607
v -0.07011393 0.03264300 0.29512655
v -0.08060725 0.00378356 0.28437692
v -0.10968910 -0.58313221 0.00803478
v -0.07746084 -0.58736418 0.00663446
v -0.14607117 -0.54867058 0.03833858
v -0.11423562 -0.55420549 0.03454468
v -0.17580685 -0.55648616 0.02118928
v -0.14427115 -0.56409555 0.01871368
v 0.57014818 -0.12123528 0.01740167
v 0.57627802 -0.08931822 0.01890438
v -0.54669918 -0.22401954 0.01400579
v -0.53305910 -0.25351176 0.01236604
v -0.03872972 -0.16025420 0.27109248
v -0.01153643 -0.16471846 0.28838777
v -0.31268121 0.33227590 0.16746514
v -0.33655359 0.31288910 0.17808555
v 0.01458132 -0.26712461 0.25425651
v 0.04649974 -0.26330766 0.25927421
v 0.03814579 -0.27122132 0.25041649
v 0.06987665 -0.26403971 0.25074567
v 0.17732740 0.55526328 0.02388615
v 0.14589922 0.56313097 0.02090280
v 0.21722206 0.54414315 0.02581162
v 0.18638835 0.55368802 0.02172389
v -0.18861961 0.32313292 0.19215125
v -0.21378161 0.30479398 0.18271259
v 0.01305616 -0.07966676 0.29369297
v 0.04118882 -0.06583638 0.28498631
v 0.03954117 -0.05295049 0.29194508
v 0.05636210 -0.02513257 0.29062163
v 0.46094134 -0.34653215 0.03931640
v 0.48021769 -0.32045717 0.04197151
v 0.58027779 0.12471025 0.01044533
v 0.57162044 0.15603634 0.00894264
v 0.55686878 0.13957963 0.04455037
v 0.54744928 0.17070978 0.04370249
v -0.50826628 0.07065851 0.09281555
v -0.51622522 0.04127959 0.10430755
v -0.47260007 0.08523426 0.11122090
v -0.48155425 0.05611797 0.12264875
v -0.46586851 0.35649419 0.02029983
v -0.48596901 0.33098274 0.02221486
v -0.47694752 0.32639539 0.04382948
v -0.49346545 0.29862710 0.04000698
v 0.12009563 0.57788427 0.01080959
v 0.08801410 0.58292465 0.00883440
v -0.00421323 -0.27656787 0.24513540
v 0.02825385 -0.27456787 0.24578423
v 0.04485883 -0.28449499 0.23293618
v 0.07651223 -0.27701011 0.23369175
v 0.28759714 0.51065398 0.02281078
v 0.25887912 0.52594435 0.02291823
v 0.25283758 0.52893423 0.02355044
v 0.22326955 0.54249518 0.02415405
v 0.25956683 -0.32869251 0.16877627
v 0.28417496 -0.31143326 0.18122979
v 0.22014692 -0.34385909 0.15785705
v 0.24677716 -0.32873234 0.16883628
v -0.00021439 -0.29031520 0.23031067
v 0.03222767 -0.28805374 0.23127511
v -0.02580950 -0.26969719 0.24488914
v 0.00595739 -0.27129601 0.25173314
v -0.57199592 0.12214367 0.01506672
v -0.57881472 0.09034879 0.01612570
v -0.56173969 0.08939177 0.03531932
v -0.56748310 0.05747071 0.03788656
v -0.55595034 0.19936725 0.01126132
v -0.56603756 0.16845348 0.01020373
v 0.50729525 0.26083139 0.04069807
v 0.49033088 0.28841343 0.03754002
v 0.57750448 0.10768600 0.02518941
v 0.56917822 0.13901404 0.02240399
v -0.51215092 -0.29633686 0.00689313
v -0.49582172 -0.32444345 0.00827464
v -0.03220694 -0.12202196 0.27793039
v -0.00331718 -0.12553454 0.29247603
v -0.06565129 -0.13625024 0.29460219
v -0.03824777 -0.14558136 0.27975264
v 0.49361063 0.28187254 0.03949653
v 0.47527072 0.30848095 0.03573193
v 0.51482218 0.29055327 0.00789708
v 0.49851521 0.31866900 0.00935308
v -0.48661717 -0.31651720 0.01882994
v -0.46886222 -0.34373763 0.02036017
v 0.55438304 0.18636196 0.02302860
v 0.54357636 0.21701233 0.02454589
v 0.56656462 0.14606889 0.02330242
v 0.55711740 0.17719931 0.02287958
v 0.53530802 0.24797937 0.01314506
v 0.52035624 0.27686689 0.01244693
v 0.26347195 -0.52976802 0.00885665
v 0.29205947 -0.51423841 0.00919805
v -0.10174634 -0.27404687 0.22962320
v -0.07060910 -0.28226992 0.22499875
v -0.15720948 -0.57042478 0.00687016
v -0.12577772 -0.57869420 0.00835098
v 0.08052782 0.28498922 0.22736434
v 0.04895595 0.29274119 0.22865097
v -0.09380139 -0.29124303 0.21525698
v -0.06237690 -0.29953799 0.21674933
v 0.04044427 -0.01910895 0.28879267
v 0.03752894 0.01328181 0.28972578
v -0.55469060 0.13641909 0.03092936
v -0.56110156 0.10458366 0.02894528
v 0.12191675 -0.27648059 0.22003085
v 0.15073566 -0.26172087 0.22321721
v 0.28387080 -0.10002316 0.22322858
v 0.29271137 -0.06883545 0.22600390
v 0.27975136 -0.06312571 0.23153449
v 0.28511886 -0.03139920 0.23634591
v -0.31881609 0.04532843 0.20974313
v -0.32259338 0.01301497 0.21006600
v -0.29119061 0.05958630 0.22296738
v -0.29753126 0.02787126 0.22650065
v 0.15599280 0.56773776 0.01163958
v 0.12461968 0.57625622 0.01294157
v 0.29493634 -0.51132313 0.00899794
v 0.32284408 -0.49470635 0.01088797
v 0.31513233 -0.48339985 0.02210974
v 0.34229502 -0.46576547 0.02523197
v -0.01520433 -0.04079522 0.28737457
v 0.01669517 -0.03444557 0.28817165
v 0.10996531 0.27363185 0.23032986
v 0.07934206 0.28456613 0.23142080
v 0.09758883 0.30408884 0.21860108
v 0.06618126 0.31243459 0.21703747
v 0.02710534 -0.04074796 0.28800630
v 0.04131300 -0.01149705 0.28903529
v 0.02408711 -0.01482392 0.28890467
v 0.01449108 0.01625516 0.28963875
v -0.55815006 0.11903008 0.02889587
v -0.56503228 0.08725694 0.03017416
v -0.56847658 0.13952150 0.01689999
v -0.57494387 0.10768669 0.01509704
v 0.24471168 -0.53941506 0.00937785
v 0.27360841 -0.52448123 0.00867684
l 4275 4276
l 4277 4278
l 4279 4280
l 4281 4282
l 4283 4284
l 4285 4286
l 4287 4288
l 4289 4290
l 4291 4292
l 4293 4294
l 4295 4296
l 4297 4298
l 4299 4300
l 4301 4302
l 4303 4304
l 4305 4306
l 4307 4308
l 4309 4310
l 4311 4312
l 4313 4314
l 4315 4316
l 4317 4318
l 4319 4320
l 4321 4322
l 4323 4324
l 4325 4326
l 4327 4328
l 4329 4330
l 4331 4332
l 4333 4334
l 4335 4336
l 4337 4338
l 4339 4340
l 4341 4342
l 4343 4344
l 4345 4346
l 4347 4348
l 4349 4350
l 4351 4352
l 4353 4354
l 4355 4356
l 4357 4358
l 4359 4360
l 4361 4362
l 4363 4364
l 4365 4366
l 4367 4368
l 4369 4370
l 4371 4372
l 4373 4374
l 4375 4376
l 4377 4378
l 4379 4380
l 4381 4382
l 4383 4384
l 4385 4386
l 4387 4388
l 4389 4390
l 4391 4392
l 4393 4394
l 4395 4396
l 4397 4398
l 4399 4400
l 4401 4402
l 4403 4404
l 4405 4406
l 4407 4408
l 4409 4410
l 4411 4412
l 4413 4414
l 4415 4416
l 4417 4418
l 4419 4420
l 4421 4422
l 4423 4424
l 4425 4426
l 4427 4428
l 4429 4430
l 4431 4432
l 4433 4434
l 4435 4436
l 4437 4438
l 4439 4440
l 4441 4442
l 4443 4444
l 4445 4446
l 4447 4448
l 4449 4450
l 4451 4452
l 4453 4454
l 4455 4456
l 4457 4458
l 4459 4460
l 4461 4462
l 4463 4464
l 4465 4466
l 4467 4468
l 4469 4470
l 4471 4472
l 4473 4474
l 4475 4476
l 4477 4478
l 4479 4480
l 4481 4482
l 4483 4484
l 4485 4486
l 4487 4488
l 4489 4490
l 4491 4492
l 4493 4494
l 4495 4496
l 4497 4498
l 4499 4500
l 4501 4502
l 4503 4504
l 4505 4506
l 4507 4508
l 4509 4510
l 4511 4512
l 4513 4514
l 4515 4516
l 4517 4518
l 4519 4520
l 4521 4522
l 4523 4524
l 4525 4526
l 4527 4528
l 4529 4530
l 4531 4532
l 4533 4534
l 4535 4536
l 4537 4538
l 4539 4540
l 4541 4542
l 4543 4544
l 4545 4546
l 4547 4548
l 4549 4550
l 4551 4552
l 4553 4554
l 4555 4556
l 4557 4558
l 4559 4560
l 4561 4562
l 4563 4564
l 4565 4566
l 4567 4568
l 4569 4570
l 4571 4572
l 4573 4574
l 4575 4576
l 4577 4578
l 4579 4580
l 4581 4582
l 4583 4584
l 4585 4586
l 4587 4588
l 4589 4590
l 4591 4592
l 4593 4594
l 4595 4596
l 4597 4598
l 4599 4600
l 4601 4602
l 4603 4604
l 4605 4606
l 4607 4608
l 4609 4610
l 4611 4612
l 4613 4614
l 4615 4616
l 4617 4618
l 4619 4620
l 4621 4622
l 4623 4624
l 4625 4626
l 4627 4628
l 4629 4630
l 4631 4632
l 4633 4634
l 4635 4636
l 4637 4638
l 4639 4640
l 4641 4642
l 4643 4644
l 4645 4646
l 4647 4648
l 4649 4650
l 4651 4652
l 4653 4654
l 4655 4656
l 4657 4658
l 4659 4660
l 4661 4662
l 4663 4664
l 4665 4666
l 4667 4668
l 4669 4670
l 4671 4672
l 4673 4674
l 4675 4676
l 4677 4678
l 4679 4680
l 4681 4682
l 4683 4684
l 4685 4686
l 4687 4688
l 4689 4690
l 4691 4692
l 4693 4694
l 4695 4696
l 4697 4698
l 4699 4700
l 4701 4702
l 4703 4704
l 4705 4706
l 4707 4708
l 4709 4710
l 4711 4712
l 4713 4714
l 4715 4716
l 4717 4718
l 4719 4720
l 4721 4722
l 4723 4724
l 4725 4726
l 4727 4728
l 4729 4730
l 4731 4732
l 4733 4734
l 4735 4736
l 4737 4738
l 4739 4740
l 4741 4742
l 4743 4744
l 4745 4746
l 4747 4748
l 4749 4750
l 4751 4752
l 4753 4754
l 4755 4756
l 4757 4758
l 4759 4760
l 4761 4762
l 4763 4764
l 4765 4766
l 4767 4768
l 4769 4770
l 4771 4772
l 4773 4774
l 4775 4776
l 4777 4778
l 4779 4780
l 4781 4782
l 4783 4784
l 4785 4786
l 4787 4788
l 4789 4790
l 4791 4792
l 4793 4794
l 4795 4796
l 4797 4798
l 4799 4800
l 4801 4802
l 4803 4804
l 4805 4806
l 4807 4808
l 4809 4810
l 4811 4812
l 4813 4814
l 4815 4816
l 4817 4818
l 4819 4820
l 4821 4822
l 4823 4824
l 4825 4826
l 4827 4828
l 4829 4830
l 4831 4832
l 4833 4834
l 4835 4836
l 4837 4838
l 4839 4840
l 4841 4842
l 4843 4844
l 4845 4846
l 4847 4848
l 4849 4850
l 4851 4852
l 4853 4854
l 4855 4856
l 4857 4858
l 4859 4860
l 4861 4862
l 4863 4864
l 4865 4866
l 4867 4868
l 4869 4870
l 4871 4872
l 4873 4874
l 4875 4876
l 4877 4878
l 4879 4880
l 4881 4882
l 4883 4884
l 4885 4886
l 4887 4888
l 4889 4890
l 4891 4892
l 4893 4894
l 4895 4896
l 4897 4898
l 4899 4900
l 4901 4902
l 4903 4904
l 4905 4906
l 4907 4908
l 4909 4910
l 4911 4912
l 4913 4914
l 4915 4916
l 4917 4918
l 4919 4920
l 4921 4922
l 4923 4924
l 4925 4926
l 4927 4928
l 4929 4930
l 4931 4932
l 4933 4934
l 4935 4936
l 4937 4938
l 4939 4940
l 4941 4942
l 4943 4944
l 4945 4946
l 4947 4948
l 4949 4950
l 4951 4952
l 4953 4954
l 4955 4956
l 4957 4958
l 4959 4960
l 4961 4962
l 4963 4964
l 4965 4966
l 4967 4968
l 4969 4970
l 4971 4972
l 4973 4974
l 4975 4976
l 4977 4978
l 4979 4980
l 4981 4982
l 4983 4984
l 4985 4986
l 4987 4988
l 4989 4990
l 4991 4992
l 4993 4994
l 4995 4996
l 4997 4998
l 4999 5000
l 5001 5002
l 5003 5004
l 5005 5006
l 5007 5008
l 5009 5010
l 5011 5012
l 5013 5014
l 5015 5016
l 5017 5018
l 5019 5020
l 5021 5022
l 5023 5024
l 5025 5026
l 5027 5028
l 5029 5030
l 5031 5032
l 5033 5034
l 5035 5036
l 5037 5038
l 5039 5040
l 5041 5042
l 5043 5044
l 5045 5046
l 5047 5048
l 5049 5050
l 5051 5052
l 5053 5054
l 5055 5056
l 5057 5058
l 5059 5060
l 5061 5062
l 5063 5064
l 5065 5066
l 5067 5068
l 5069 5070
l 5071 5072
l 5073 5074
l 5075 5076
l 5077 5078
l 5079 5080
l 5081 5082
l 5083 5084
l 5085 5086
l 5087 5088
l 5089 5090
l 5091 5092
l 5093 5094
l 5095 5096
l 5097 5098
l 5099 5100
l 5101 5102
l 5103 5104
l 5105 5106
l 5107 5108
l 5109 5110
l 5111 5112
l 5113 5114
l 5115 5116
l 5117 5118
l 5119 5120
l 5121 5122
l 5123 5124
l 5125 5126
l 5127 5128
l 5129 5130
l 5131 5132
l 5133 5134
l 5135 5136
l 5137 5138
l 5139 5140
l 5141 5142
l 5143 5144
l 5145 5146
l 5147 5148
l 5149 5150
l 5151 5152
l 5153 5154
l 5155 5156
l 5157 5158
l 5159 5160
l 5161 5162
l 5163 5164
l 5165 5166
l 5167 5168
l 5169 5170
l 5171 5172
l 5173 5174
l 5175 5176
l 5177 5178
l 5179 5180
l 5181 5182
l 5183 5184
l 5185 5186
l 5187 5188
l 5189 5190
l 5191 5192
l 5193 5194
l 5195 5196
l 5197 5198
l 5199 5200
l 5201 5202
l 5203 5204
l 5205 5206
l 5207 5208
l 5209 5210
l 5211 5212
l 5213 5214
l 5215 5216
l 5217 5218
l 5219 5220
l 5221 5222
l 5223 5224
l 5225 5226
l 5227 5228
l 5229 5230
l 5231 5232
l 5233 5234
l 5235 5236
l 5237 5238
l 5239 5240
l 5241 5242
l 5243 5244
l 5245 5246
l 5247 5248
l 5249 5250
l 5251 5252
l 5253 5254
l 5255 5256
l 5257 5258
l 5259 5260
l 5261 5262
l 5263 5264
l 5265 5266
l 5267 5268
l 5269 5270
l 5271 5272
l 5273 5274
l 5275 5276
l 5277 5278
l 5279 5280
l 5281 5282
l 5283 5284
l 5285 5286
l 5287 5288
l 5289 5290
l 5291 5292
l 5293 5294
l 5295 5296
l 5297 5298
l 5299 5300
l 5301 5302
l 5303 5304
l 5305 5306
l 5307 5308
l 5309 5310
l 5311 5312
l 5313 5314
l 5315 5316
l 5317 5318
l 5319 5320
l 5321 5322
l 5323 5324
l 5325 5326
l 5327 5328
l 5329 5330
l 5331 5332
l 5333 5334
l 5335 5336
l 5337 5338
l 5339 5340
l 5341 5342
l 5343 5344
l 5345 5346
l 5347 5348
l 5349 5350
l 5351 5352
l 5353 5354
l 5355 5356
l 5357 5358
l 5359 5360
l 5361 5362
l 5363 5364
l 5365 5366
l 5367 5368
l 5369 5370
l 5371 5372
l 5373 5374
l 5375 5376
l 5377 5378
l 5379 5380
l 5381 5382
l 5383 5384
l 5385 5386
l 5387 5388
l 5389 5390
l 5391 5392
l 5393 5394
l 5395 5396
l 5397 5398
l 5399 5400
l 5401 5402
l 5403 5404
l 5405 5406
l 5407 5408
l 5409 5410
l 5411 5412
l 5413 5414
l 5415 5416
l 5417 5418
l 5419 5420
l 5421 5422
l 5423 5424
l 5425 5426
l 5427 5428
l 5429 5430
l 5431 5432
l 5433 5434
l 5435 5436
l 5437 5438
l 5439 5440
l 5441 5442
l 5443 5444
l 5445 5446
l 5447 5448
l 5449 5450
l 5451 5452
l 5453 5454
l 5455 5456
l 5457 5458
l 5459 5460
l 5461 5462
l 5463 5464
l 5465 5466
l 5467 5468
l 5469 5470
l 5471 5472
l 5473 5474
l 5475 5476
l 5477 5478
l 5479 5480
l 5481 5482
l 5483 5484
l 5485 5486
l 5487 5488
l 5489 5490
l 5491 5492
l 5493 5494
l 5495 5496
l 5497 5498
l 5499 5500
l 5501 5502
l 5503 5504
l 5505 5506
l 5507 5508
l 5509 5510
l 5511 5512
l 5513 5514
l 5515 5516
l 5517 5518
l 5519 5520
l 5521 5522
l 5523 5524
l 5525 5526
l 5527 5528
l 5529 5530
l 5531 5532
l 5533 5534
l 5535 5536
l 5537 5538
l 5539 5540
l 5541 5542
l 5543 5544
l 5545 5546
l 5547 5548
l 5549 5550
l 5551 5552
l 5553 5554
l 5555 5556
l 5557 5558
l 5559 5560
l 5561 5562
l 5563 5564
l 5565 5566
l 5567 5568
l 5569 5570
l 5571 5572
l 5573 5574
l 5575 5576
l 5577 5578
l 5579 5580
l 5581 5582
l 5583 5584
l 5585 5586
l 5587 5588
l 5589 5590
l 5591 5592
l 5593 5594
l 5595 5596
l 5597 5598
l 5599 5600
l 5601 5602
l 5603 5604
l 5605 5606
l 5607 5608
l 5609 5610
l 5611 5612
l 5613 5614
l 5615 5616
l 5617 5618
l 5619 5620
l 5621 5622
l 5623 5624
l 5625 5626
l 5627 5628
l 5629 5630
l 5631 5632
l 5633 5634
l 5635 5636
l 5637 5638
l 5639 5640
l 5641 5642
l 5643 5644
l 5645 5646
l 5647 5648
l 5649 5650
l 5651 5652
l 5653 5654
l 5655 5656
l 5657 5658
l 5659 5660
l 5661 5662
l 5663 5664
l 5665 5666
l 5667 5668
l 5669 5670
l 5671 5672
l 5673 5674
l 5675 5676
l 5677 5678
l 5679 5680
l 5681 5682
l 5683 5684
l 5685 5686
l 5687 5688
l 5689 5690
l 5691 5692
l 5693 5694
l 5695 5696
l 5697 5698
l 5699 5700
l 5701 5702
l 5703 5704
l 5705 5706
l 5707 5708
l 5709 5710
l 5711 5712
l 5713 5714
l 5715 5716
l 5717 5718
l 5719 5720
l 5721 5722
l 5723 5724
l 5725 5726
l 5727 5728
l 5729 5730
l 5731 5732
l 5733 5734
l 5735 5736
l 5737 5738
l 5739 5740
l 5741 5742
l 5743 5744
l 5745 5746
l 5747 5748
l 5749 5750
l 5751 5752
l 5753 5754
l 5755 5756
l 5757 5758
l 5759 5760
l 5761 5762
l 5763 5764
l 5765 5766
l 5767 5768
l 5769 5770
l 5771 5772
l 5773 5774
l 5775 5776
l 5777 5778
l 5779 5780
l 5781 5782
l 5783 5784
l 5785 5786
l 5787 5788
l 5789 5790
l 5791 5792
l 5793 5794
l 5795 5796
l 5797 5798
l 5799 5800
l 5801 5802
l 5803 5804
l 5805 5806
l 5807 5808
l 5809 5810
l 5811 5812
l 5813 5814
l 5815 5816
l 5817 5818
l 5819 5820
l 5821 5822
l 5823 5824
l 5825 5826
l 5827 5828
l 5829 5830
l 5831 5832
l 5833 5834
l 5835 5836
l 5837 5838
l 5839 5840
l 5841 5842
l 5843 5844
l 5845 5846
l 5847 5848
l 5849 5850
l 5851 5852
l 5853 5854
l 5855 5856
l 5857 5858
l 5859 5860
l 5861 5862
l 5863 5864
l 5865 5866
l 5867 5868
l 5869 5870
l 5871 5872
l 5873 5874
l 5875 5876
l 5877 5878
l 5879 5880
l 5881 5882
l 5883 5884
l 5885 5886
l 5887 5888
l 5889 5890
l 5891 5892
l 5893 5894
l 5895 5896
l 5897 5898
l 5899 5900
l 5901 5902
l 5903 5904
l 5905 5906
l 5907 5908
l 5909 5910
l 5911 5912
l 5913 5914
l 5915 5916
l 5917 5918
l 5919 5920
l 5921 5922
l 5923 5924
l 5925 5926
l 5927 5928
l 5929 5930
l 5931 5932
l 5933 5934
l 5935 5936
l 5937 5938
l 5939 5940
l 5941 5942
l 5943 5944
l 5945 5946
l 5947 5948
l 5949 5950
l 5951 5952
l 5953 5954
l 5955 5956
l 5957 5958
l 5959 5960
l 5961 5962
l 5963 5964
l 5965 5966
l 5967 5968
l 5969 5970
l 5971 5972
l 5973 5974
l 5975 5976
l 5977 5978
l 5979 5980
l 5981 5982
l 5983 5984
l 5985 5986
l 5987 5988
l 5989 5990
l 5991 5992
l 5993 5994
l 5995 5996
l 5997 5998
l 5999 6000
l 6001 6002
l 6003 6004
l 6005 6006
l 6007 6008
l 6009 6010
l 6011 6012
l 6013 6014
l 6015 6016
l 6017 6018
l 6019 6020
l 6021 6022
l 6023 6024
l 6025 6026
l 6027 6028
l 6029 6030
l 6031 6032
l 6033 6034
l 6035 6036
l 6037 6038
l 6039 6040
l 6041 6042
l 6043 6044
l 6045 6046
l 6047 6048
l 6049 6050
l 6051 6052
l 6053 6054
l 6055 6056
l 6057 6058
l 6059 6060
l 6061 6062
l 6063 6064
l 6065 6066
l 6067 6068
l 6069 6070
l 6071 6072
l 6073 6074
l 6075 6076
l 6077 6078
l 6079 6080
l 6081 6082
l 6083 6084
l 6085 6086
l 6087 6088
l 6089 6090
l 6091 6092
l 6093 6094
l 6095 6096
l 6097 6098
l 6099 6100
l 6101 6102
l 6103 6104
l 6105 6106
l 6107 6108
l 6109 6110
l 6111 6112
l 6113 6114
l 6115 6116
l 6117 6118
l 6119 6120
l 6121 6122
l 6123 6124
l 6125 6126
l 6127 6128
l 6129 6130
l 6131 6132
l 6133 6134
l 6135 6136
l 6137 6138
l 6139 6140
l 6141 6142
l 6143 6144
l 6145 6146
l 6147 6148
l 6149 6150
l 6151 6152
l 6153 6154
l 6155 6156
l 6157 6158
l 6159 6160
l 6161 6162
l 6163 6164
l 6165 6166
l 6167 6168
l 6169 6170
l 6171 6172
l 6173 6174
l 6175 6176
l 6177 6178
l 6179 6180
l 6181 6182
l 6183 6184
l 6185 6186
l 6187 6188
l 6189 6190
l 6191 6192
l 6193 6194
l 6195 6196
l 6197 6198
l 6199 6200
l 6201 6202
l 6203 6204
l 6205 6206
l 6207 6208
l 6209 6210
l 6211 6212
l 6213 6214
l 6215 6216
l 6217 6218
l 6219 6220
l 6221 6222
l 6223 6224
l 6225 6226
l 6227 6228
l 6229 6230
l 6231 6232
l 6233 6234
l 6235 6236
l 6237 6238
l 6239 6240
l 6241 6242
l 6243 6244
l 6245 6246
l 6247 6248
l 6249 6250
l 6251 6252
l 6253 6254
l 6255 6256
l 6257 6258
l 6259 6260
l 6261 6262
l 6263 6264
l 6265 6266
l 6267 6268
l 6269 6270
l 6271 6272
l 6273 6274
l 6275 6276
l 6277 6278
l 6279 6280
l 6281 6282
l 6283 6284
l 6285 6286
l 6287 6288
l 6289 6290
l 6291 6292
l 6293 6294
l 6295 6296
l 6297 6298
l 6299 6300
l 6301 6302
l 6303 6304
l 6305 6306
l 6307 6308
l 6309 6310
l 6311 6312
l 6313 6314
l 6315 6316
l 6317 6318
l 6319 6320
l 6321 6322
l 6323 6324
l 6325 6326
l 6327 6328
l 6329 6330
l 6331 6332
l 6333 6334
l 6335 6336
l 6337 6338
l 6339 6340
l 6341 6342
l 6343 6344
l 6345 6346
l 6347 6348
l 6349 6350
l 6351 6352
l 6353 6354
l 6355 6356
l 6357 6358
l 6359 6360
l 6361 6362
l 6363 6364
l 6365 6366
l 6367 6368
l 6369 6370
l 6371 6372
l 6373 6374
l 6375 6376
l 6377 6378
l 6379 6380
l 6381 6382
l 6383 6384
l 6385 6386
l 6387 6388
l 6389 6390
l 6391 6392
l 6393 6394
l 6395 6396
l 6397 6398
l 6399 6400
l 6401 6402
l 6403 6404
l 6405 6406
l 6407 6408
l 6409 6410
l 6411 6412
l 6413 6414
l 6415 6416
l 6417 6418
l 6419 6420
l 6421 6422
l 6423 6424
l 6425 6426
l 6427 6428
l 6429 6430
l 6431 6432
l 6433 6434
l 6435 6436
l 6437 6438
l 6439 6440
l 6441 6442
l 6443 6444
l 6445 6446
l 6447 6448
l 6449 6450
l 6451 6452
l 6453 6454
l 6455 6456
l 6457 6458
l 6459 6460
l 6461 6462
l 6463 6464
l 6465 6466
l 6467 6468
l 6469 6470
l 6471 6472
l 6473 6474
l 6475 6476
l 6477 6478
l 6479 6480
l 6481 6482
l 6483 6484
l 6485 6486
l 6487 6488
l 6489 6490
l 6491 6492
l 6493 6494
l 6495 6496
l 6497 6498
l 6499 6500
l 6501 6502
l 6503 6504
l 6505 6506
l 6507 6508
l 6509 6510
l 6511 6512
l 6513 6514
l 6515 6516
l 6517 6518
l 6519 6520
l 6521 6522
l 6523 6524
l 6525 6526
l 6527 6528
l 6529 6530
l 6531 6532
l 6533 6534
l 6535 6536
l 6537 6538
l 6539 6540
l 6541 6542
l 6543 6544
l 6545 6546
l 6547 6548
l 6549 6550
l 6551 6552
l 6553 6554
l 6555 6556
l 6557 6558
l 6559 6560
l 6561 6562
l 6563 6564
l 6565 6566
l 6567 6568
l 6569 6570
l 6571 6572
l 6573 6574
l 6575 6576
l 6577 6578
l 6579 6580
l 6581 6582
l 6583 6584
l 6585 6586
l 6587 6588
l 6589 6590
l 6591 6592
l 6593 6594
l 6595 6596
l 6597 6598
l 6599 6600
l 6601 6602
l 6603 6604
l 6605 6606
l 6607 6608
l 6609 6610
l 6611 6612
l 6613 6614
l 6615 6616
l 6617 6618
l 6619 6620
l 6621 6622
l 6623 6624
l 6625 6626
l 6627 6628
l 6629 6630
l 6631 6632
l 6633 6634
l 6635 6636
l 6637 6638
l 6639 6640
l 6641 6642
l 6643 6644
l 6645 6646
l 6647 6648
l 6649 6650
l 6651 6652
l 6653 6654
l 6655 6656
l 6657 6658
l 6659 6660
l 6661 6662
l 6663 6664
l 6665 6666
l 6667 6668
l 6669 6670
l 6671 6672
l 6673 6674
l 6675 6676
l 6677 6678
l 6679 6680
l 6681 6682
l 6683 6684
l 6685 6686
l 6687 6688
l 6689 6690
l 6691 6692
l 6693 6694
l 6695 6696
l 6697 6698
l 6699 6700
l 6701 6702
l 6703 6704
l 6705 6706
l 6707 6708
l 6709 6710
l 6711 6712
l 6713 6714
l 6715 6716
l 6717 6718
l 6719 6720
l 6721 6722
l 6723 6724
l 6725 6726
l 6727 6728
l 6729 6730
l 6731 6732
l 6733 6734
l 6735 6736
l 6737 6738
l 6739 6740
l 6741 6742
l 6743 6744
l 6745 6746
l 6747 6748
l 6749 6750
l 6751 6752
l 6753 6754
l 6755 6756
l 6757 6758
l 6759 6760
l 6761 6762
l 6763 6764
l 6765 6766
l 6767 6768
l 6769 6770
l 6771 6772
l 6773 6774
l 6775 6776
l 6777 6778
l 6779 6780
l 6781 6782
l 6783 6784
l 6785 6786
l 6787 6788
l 6789 6790
l 6791 6792
l 6793 6794
l 6795 6796
l 6797 6798
l 6799 6800
l 6801 6802
l 6803 6804
l 6805 6806
l 6807 6808
l 6809 6810
l 6811 6812
l 6813 6814
l 6815 6816
l 6817 6818
l 6819 6820
l 6821 6822
l 6823 6824
l 6825 6826
l 6827 6828
l 6829 6830
l 6831 6832
l 6833 6834
l 6835 6836
l 6837 6838
l 6839 6840
l 6841 6842
l 6843 6844
l 6845 6846
l 6847 6848
l 6849 6850
l 6851 6852
l 6853 6854
l 6855 6856
l 6857 6858
l 6859 6860
l 6861 6862
l 6863 6864
l 6865 6866
l 6867 6868
l 6869 6870
l 6871 6872
l 6873 6874
l 6875 6876
l 6877 6878
l 6879 6880
l 6881 6882
l 6883 6884
l 6885 6886
l 6887 6888
l 6889 6890
l 6891 6892
l 6893 6894
l 6895 6896
l 6897 6898
l 6899 6900
l 6901 6902
l 6903 6904
l 6905 6906
l 6907 6908
l 6909 6910
l 6911 6912
l 6913 6914
l 6915 6916
l 6917 6918
l 6919 6920
l 6921 6922
l 6923 6924
l 6925 6926
l 6927 6928
l 6929 6930
l 6931 6932
l 6933 6934
l 6935 6936
l 6937 6938
l 6939 6940
l 6941 6942
l 6943 6944
l 6945 6946
l 6947 6948
l 6949 6950
l 6951 6952
l 6953 6954
l 6955 6956
l 6957 6958
l 6959 6960
l 6961 6962
l 6963 6964
l 6965 6966
l 6967 6968
l 6969 6970
l 6971 6972
l 6973 6974
l 6975 6976
l 6977 6978
l 6979 6980
l 6981 6982
l 6983 6984
l 6985 6986
l 6987 6988
l 6989 6990
l 6991 6992
l 6993 6994
l 6995 6996
l 6997 6998
l 6999 7000
l 7001 7002
l 7003 7004
l 7005 7006
l 7007 7008
l 7009 7010
l 7011 7012
l 7013 7014
l 7015 7016
l 7017 7018
l 7019 7020
l 7021 7022
l 7023 7024
l 7025 7026
l 7027 7028
l 7029 7030
l 7031 7032
l 7033 7034
l 7035 7036
l 7037 7038
l 7039 7040
l 7041 7042
l 7043 7044
l 7045 7046
l 7047 7048
l 7049 7050
l 7051 7052
l 7053 7054
l 7055 7056
l 7057 7058
l 7059 7060
l 7061 7062
l 7063 7064
l 7065 7066
l 7067 7068
l 7069 7070
l 7071 7072
l 7073 7074
l 7075 7076
l 7077 7078
l 7079 7080
l 7081 7082
l 7083 7084
l 7085 7086
l 7087 7088
l 7089 7090
l 7091 7092
l 7093 7094
l 7095 7096
l 7097 7098
l 7099 7100
l 7101 7102
l 7103 7104
l 7105 7106
l 7107 7108
l 7109 7110
l 7111 7112
l 7113 7114
l 7115 7116
l 7117 7118
l 7119 7120
l 7121 7122
l 7123 7124
l 7125 7126
l 7127 7128
l 7129 7130
l 7131 7132
l 7133 7134
l 7135 7136
l 7137 7138
l 7139 7140
l 7141 7142
l 7143 7144
l 7145 7146
l 7147 7148
l 7149 7150
l 7151 7152
l 7153 7154
l 7155 7156
l 7157 7158
l 7159 7160
l 7161 7162
l 7163 7164
l 7165 7166
l 7167 7168
l 7169 7170
l 7171 7172
l 7173 7174
l 7175 7176
l 7177 7178
l 7179 7180
l 7181 7182
l 7183 7184
l 7185 7186
l 7187 7188
l 7189 7190
l 7191 7192
l 7193 7194
l 7195 7196
l 7197 7198
l 7199 7200
l 7201 7202
l 7203 7204
l 7205 7206
l 7207 7208
l 7209 7210
l 7211 7212
l 7213 7214
l 7215 7216
l 7217 7218
l 7219 7220
l 7221 7222
l 7223 7224
l 7225 7226
l 7227 7228
l 7229 7230
l 7231 7232
l 7233 7234
l 7235 7236
l 7237 7238
l 7239 7240
l 7241 7242
l 7243 7244
l 7245 7246
l 7247 7248
l 7249 7250
l 7251 7252
l 7253 7254
l 7255 7256
l 7257 7258
l 7259 7260
l 7261 7262
l 7263 7264
l 7265 7266
l 7267 7268
l 7269 7270
l 7271 7272
l 7273 7274
l 7275 7276
l 7277 7278
l 7279 7280
l 7281 7282
l 7283 7284
l 7285 7286
l 7287 7288
l 7289 7290
l 7291 7292
l 7293 7294
l 7295 7296
l 7297 7298
l 7299 7300
l 7301 7302
l 7303 7304
l 7305 7306
l 7307 7308
l 7309 7310
l 7311 7312
l 7313 7314
l 7315 7316
l 7317 7318
l 7319 7320
l 7321 7322
l 7323 7324
l 7325 7326
l 7327 7328
l 7329 7330
l 7331 7332
l 7333 7334
l 7335 7336
l 7337 7338
l 7339 7340
l 7341 7342
l 7343 7344
l 7345 7346
l 7347 7348
l 7349 7350
l 7351 7352
l 7353 7354
l 7355 7356
l 7357 7358
l 7359 7360
l 7361 7362
l 7363 7364
l 7365 7366
l 7367 7368
l 7369 7370
l 7371 7372
l 7373 7374
l 7375 7376
l 7377 7378
l 7379 7380
l 7381 7382
l 7383 7384
l 7385 7386
l 7387 7388
l 7389 7390
l 7391 7392
l 7393 7394
l 7395 7396
l 7397 7398
l 7399 7400
l 7401 7402
l 7403 7404
l 7405 7406
l 7407 7408
l 7409 7410
l 7411 7412
l 7413 7414
l 7415 7416
l 7417 7418
l 7419 7420
l 7421 7422
l 7423 7424
l 7425 7426
l 7427 7428
l 7429 7430
l 7431 7432
l 7433 7434
l 7435 7436
l 7437 7438
l 7439 7440
l 7441 7442
l 7443 7444
l 7445 7446
l 7447 7448
l 7449 7450
l 7451 7452
l 7453 7454
l 7455 7456
l 7457 7458
l 7459 7460
l 7461 7462
l 7463 7464
l 7465 7466
l 7467 7468
l 7469 7470
l 7471 7472
l 7473 7474
l 7475 7476
l 7477 7478
l 7479 7480
l 7481 7482
l 7483 7484
l 7485 7486
l 7487 7488
l 7489 7490
l 7491 7492
l 7493 7494
l 7495 7496
l 7497 7498
l 7499 7500
l 7501 7502
l 7503 7504
l 7505 7506
l 7507 7508
l 7509 7510
l 7511 7512
l 7513 7514
l 7515 7516
l 7517 7518
l 7519 7520
l 7521 7522
l 7523 7524
l 7525 7526
l 7527 7528
l 7529 7530
l 7531 7532
l 7533 7534
l 7535 7536
l 7537 7538
l 7539 7540
l 7541 7542
l 7543 7544
l 7545 7546
l 7547 7548
l 7549 7550
l 7551 7552
l 7553 7554
l 7555 7556
l 7557 7558
l 7559 7560
l 7561 7562
l 7563 7564
l 7565 7566
l 7567 7568
l 7569 7570
l 7571 7572
l 7573 7574
l 7575 7576
l 7577 7578
l 7579 7580
l 7581 7582
l 7583 7584
l 7585 7586
l 7587 7588
l 7589 7590
l 7591 7592
l 7593 7594
l 7595 7596
l 7597 7598
l 7599 7600
l 7601 7602
l 7603 7604
l 7605 7606
l 7607 7608
l 7609 7610
l 7611 7612
l 7613 7614
l 7615 7616
l 7617 7618
l 7619 7620
l 7621 7622
l 7623 7624
l 7625 7626
l 7627 7628
l 7629 7630
l 7631 7632
l 7633 7634
l 7635 7636
l 7637 7638
l 7639 7640
l 7641 7642
l 7643 7644
l 7645 7646
l 7647 7648
l 7649 7650
l 7651 7652
l 7653 7654
l 7655 7656
l 7657 7658
l 7659 7660
l 7661 7662
l 7663 7664
l 7665 7666
l 7667 7668
l 7669 7670
l 7671 7672
l 7673 7674
l 7675 7676
l 7677 7678
l 7679 7680
l 7681 7682
l 7683 7684
l 7685 7686
l 7687 7688
l 7689 7690
l 7691 7692
l 7693 7694
l 7695 7696
l 7697 7698
l 7699 7700
l 7701 7702
l 7703 7704
l 7705 7706
l 7707 7708
l 7709 7710
l 7711 7712
l 7713 7714
l 7715 7716
l 7717 7718
l 7719 7720
l 7721 7722
l 7723 7724
l 7725 7726
l 7727 7728
l 7729 7730
l 7731 7732
l 7733 7734
l 7735 7736
l 7737 7738
l 7739 7740
l 7741 7742
l 7743 7744
l 7745 7746
l 7747 7748
l 7749 7750
l 7751 7752
l 7753 7754
l 7755 7756
l 7757 7758
l 7759 7760
l 7761 7762
l 7763 7764
l 7765 7766
l 7767 7768
l 7769 7770
l 7771 7772
l 7773 7774
l 7775 7776
l 7777 7778
l 7779 7780
l 7781 7782
l 7783 7784
l 7785 7786
l 7787 7788
l 7789 7790
l 7791 7792
l 7793 7794
l 7795 7796
l 7797 7798
l 7799 7800
l 7801 7802
l 7803 7804
l 7805 7806
l 7807 7808
l 7809 7810
l 7811 7812
l 7813 7814
l 7815 7816
l 7817 7818
l 7819 7820
l 7821 7822
l 7823 7824
l 7825 7826
l 7827 7828
l 7829 7830
l 7831 7832
l 7833 7834
l 7835 7836
l 7837 7838
l 7839 7840
l 7841 7842
l 7843 7844
l 7845 7846
l 7847 7848
l 7849 7850
l 7851 7852
l 7853 7854
l 7855 7856
l 7857 7858
l 7859 7860
l 7861 7862
l 7863 7864
l 7865 7866
l 7867 7868
l 7869 7870
l 7871 7872
l 7873 7874
l 7875 7876
l 7877 7878
l 7879 7880
l 7881 7882
l 7883 7884
l 7885 7886
l 7887 7888
l 7889 7890
l 7891 7892
l 7893 7894
l 7895 7896
l 7897 7898
l 7899 7900
l 7901 7902
l 7903 7904
l 7905 7906
l 7907 7908
l 7909 7910
l 7911 7912
l 7913 7914
l 7915 7916
l 7917 7918
l 7919 7920
l 7921 7922
l 7923 7924
l 7925 7926
l 7927 7928
l 7929 7930
l 7931 7932
l 7933 7934
l 7935 7936
l 7937 7938
l 7939 7940
l 7941 7942
l 7943 7944
l 7945 7946
l 7947 7948
l 7949 7950
l 7951 7952
l 7953 7954
l 7955 7956
l 7957 7958
l 7959 7960
l 7961 7962
l 7963 7964
l 7965 7966
l 7967 7968
l 7969 7970
l 7971 7972
l 7973 7974
l 7975 7976
l 7977 7978
l 7979 7980
l 7981 7982
l 7983 7984
l 7985 7986
l 7987 7988
l 7989 7990
l 7991 7992
l 7993 7994
l 7995 7996
l 7997 7998
l 7999 8000
l 8001 8002
l 8003 8004
l 8005 8006
l 8007 8008
l 8009 8010
l 8011 8012
l 8013 8014
l 8015 8016
l 8017 8018
l 8019 8020
l 8021 8022
l 8023 8024
l 8025 8026
l 8027 8028
l 8029 8030
l 8031 8032
l 8033 8034
l 8035 8036
l 8037 8038
l 8039 8040
l 8041 8042
l 8043 8044
l 8045 8046
l 8047 8048
l 8049 8050
l 8051 8052
l 8053 8054
l 8055 8056
l 8057 8058
l 8059 8060
l 8061 8062
l 8063 8064
l 8065 8066
l 8067 8068
l 8069 8070
l 8071 8072
l 8073 8074
l 8075 8076
l 8077 8078
l 8079 8080
l 8081 8082
l 8083 8084
l 8085 8086
l 8087 8088
l 8089 8090
l 8091 8092
l 8093 8094
l 8095 8096
l 8097 8098
l 8099 8100
l 8101 8102
l 8103 8104
l 8105 8106
l 8107 8108
l 8109 8110
l 8111 8112
l 8113 8114
l 8115 8116
l 8117 8118
l 8119 8120
l 8121 8122
l 8123 8124
l 8125 8126
l 8127 8128
l 8129 8130
l 8131 8132
l 8133 8134
l 8135 8136
l 8137 8138
l 8139 8140
l 8141 8142
l 8143 8144
l 8145 8146
l 8147 8148
l 8149 8150
l 8151 8152
l 8153 8154
l 8155 8156
l 8157 8158
l 8159 8160
l 8161 8162
l 8163 8164
l 8165 8166
l 8167 8168
l 8169 8170
l 8171 8172
l 8173 8174
l 8175 8176
l 8177 8178
l 8179 8180
l 8181 8182
l 8183 8184
l 8185 8186
l 8187 8188
l 8189 8190
l 8191 8192
l 8193 8194
l 8195 8196
l 8197 8198
l 8199 8200
l 8201 8202
l 8203 8204
l 8205 8206
l 8207 8208
l 8209 8210
l 8211 8212
l 8213 8214
l 8215 8216
l 8217 8218
l 8219 8220
l 8221 8222
l 8223 8224
l 8225 8226
l 8227 8228
l 8229 8230
l 8231 8232
l 8233 8234
l 8235 8236
l 8237 8238
l 8239 8240
l 8241 8242
l 8243 8244
l 8245 8246
l 8247 8248
l 8249 8250
l 8251 8252
l 8253 8254
l 8255 8256
l 8257 8258
l 8259 8260
l 8261 8262
l 8263 8264
l 8265 8266
l 8267 8268
l 8269 8270
l 8271 8272
l 8273 8274
l 8275 8276
l 8277 8278
l 8279 8280
l 8281 8282
l 8283 8284
l 8285 8286
l 8287 8288
l 8289 8290
l 8291 8292
l 8293 8294
l 8295 8296
l 8297 8298
l 8299 8300
l 8301 8302
l 8303 8304
l 8305 8306
l 8307 8308
l 8309 8310
l 8311 8312
l 8313 8314
l 8315 8316
l 8317 8318
l 8319 8320
l 8321 8322
l 8323 8324
l 8325 8326
l 8327 8328
l 8329 8330
l 8331 8332
l 8333 8334
l 8335 8336
l 8337 8338
l 8339 8340
l 8341 8342
l 8343 8344
l 8345 8346
l 8347 8348
l 8349 8350
l 8351 8352
l 8353 8354
l 8355 8356
l 8357 8358
l 8359 8360
l 8361 8362
l 8363 8364
l 8365 8366
l 8367 8368
l 8369 8370
l 8371 8372
l 8373 8374
l 8375 8376
l 8377 8378
l 8379 8380
l 8381 8382
l 8383 8384
l 8385 8386
l 8387 8388
l 8389 8390
l 8391 8392
l 8393 8394
l 8395 8396
l 8397 8398
l 8399 8400
l 8401 8402
l 8403 8404
l 8405 8406
l 8407 8408
l 8409 8410
l 8411 8412
l 8413 8414
l 8415 8416
l 8417 8418
l 8419 8420
l 8421 8422
l 8423 8424
l 8425 8426
l 8427 8428
l 8429 8430
l 8431 8432
l 8433 8434
l 8435 8436
l 8437 8438
l 8439 8440
l 8441 8442
l 8443 8444
l 8445 8446
l 8447 8448
l 8449 8450
l 8451 8452
l 8453 8454
l 8455 8456
l 8457 8458
l 8459 8460
l 8461 8462
l 8463 8464
l 8465 8466
l 8467 8468
l 8469 8470
l 8471 8472
l 8473 8474
l 8475 8476
l 8477 8478
l 8479 8480
l 8481 8482
l 8483 8484
l 8485 8486
l 8487 8488
l 8489 8490
l 8491 8492
l 8493 8494
l 8495 8496
l 8497 8498
l 8499 8500
l 8501 8502
l 8503 8504
l 8505 8506
l 8507 8508
l 8509 8510
l 8511 8512
l 8513 8514
l 8515 8516
l 8517 8518
l 8519 8520
l 8521 8522
l 8523 8524
l 8525 8526
l 8527 8528
l 8529 8530
l 8531 8532
l 8533 8534
l 8535 8536
l 8537 8538
l 8539 8540
l 8541 8542
l 8543 8544
l 8545 8546
l 8547 8548
