sample_id,group,motif,has_cable,sf_wale,sf_course,knit_dir,pressure,E1,r,r_binary,E2,nu,crown_height,max_stress,mean_stress,cable_wale_tension,cable_course_tension,boundary_reaction_mean,cable_wale_lrest,cable_course_lrest,verts_path,stress_path
3000,material_r_nocable,3,False,1.220804531558214,1.1649994612207701,84.08820210819118,1570.2224317213645,6930.742695338102,4.997626196004445,0.20009499726079766,34637.26125198815,0.4116728210667985,0.06494146,8665.02958331,8532.05143012,0.0,0.0,411.06348739,,,,
3001,material_r_nocable,3,False,1.1042980791835513,1.223479212170793,81.96144361276077,1011.7005766534978,4469.47932975974,1.6511719471959148,0.605630444302448,7379.878887871281,0.37015290844845605,0.1270483,2510.72354407,2390.56561046,0.0,0.0,129.32104028,,,,
3004,material_r_nocable,3,False,0.9055764827049381,1.3613156338676071,70.74858804276805,1810.711459643814,13241.437092501026,3.332502991696311,0.30007474936758566,44127.12872511817,0.2550196398929765,0.03179589,18987.48879716,18934.0196755,0.0,0.0,1160.2373825,,,,
3005,material_r_nocable,3,False,1.3109725455646735,1.3432756712749987,29.95364963457999,339.385747281669,11641.278704578814,2.2775644448057335,0.4390655124076174,26513.762469622856,0.389444632222843,0.00764189,13410.2036256,13408.07549117,0.0,0.0,753.31539377,,,,
3006,material_r_nocable,3,False,1.291975724171517,1.2676275308777778,50.14744855416651,1159.2955743004336,8042.06998367027,1.4745910535954587,0.6781541211454694,11858.764450308756,0.4370342822326886,0.0549698,5858.46988087,5804.67729114,0.0,0.0,345.14256713,,,,
3007,material_r_nocable,3,False,0.9495598491988121,1.1129074910302887,71.73922698037315,878.8263854108664,17498.754500060644,4.676452637472041,0.21383729880787844,81832.09663428435,0.4219871095223393,0.03315268,10598.24694544,10532.24852814,0.0,0.0,516.18808731,,,,
3008,material_r_nocable,3,False,0.8589908847972249,0.8956935190284252,69.47879094423244,974.1296614734702,3795.7183446680224,2.4520655390737134,0.4078194420438524,9307.350148990377,0.2970180423522553,0.37028203,1410.40303447,1045.83916411,0.0,0.0,32.00434962,,,,
3009,material_r_nocable,3,False,0.9945774173286868,1.002519560505269,72.96886420177263,1314.9987109246572,9013.232026274613,1.1464362904368617,0.8722682702402411,10333.096289048985,0.3654146222766905,0.24722417,1924.86955528,1507.40817299,0.0,0.0,61.62615031,,,,
3010,material_r_nocable,3,False,0.9005864219289931,1.1305081099821506,66.09771471195342,1305.7871261859812,2966.5827129018016,4.7988769147413874,0.208382089761077,14236.265296615333,0.3911949321372895,0.16912362,3188.98300009,2920.13245213,0.0,0.0,146.33601415,,,,
3011,material_r_nocable,3,False,1.3208637795089362,1.045725435342933,21.687500372928824,242.36029884549987,15190.339440171596,1.7210713447195753,0.5810334377294138,26143.65792704293,0.4597324191695882,0.00902797,6987.24313561,6985.12068595,0.0,0.0,457.109465,,,,
3012,material_r_nocable,3,False,1.2553512558758568,1.1951474565948963,70.2202777375042,1376.3995958999383,9691.4874532701,1.2271818771185306,0.814875136803713,11893.217764974688,0.3314946196278885,0.08722452,4378.51799489,4261.810112,0.0,0.0,252.73849447,,,,
3013,material_r_nocable,3,False,1.1952654501465534,1.132082966853086,56.008772305350504,1104.9994656712668,15084.342769336796,4.9068731129414385,0.2037957731905864,74016.95596125133,0.35549060071228034,0.02938297,13168.77830028,13117.20089022,0.0,0.0,644.66118334,,,,
3014,material_r_nocable,3,False,1.0493351382220457,0.9355894725166627,82.5067368957139,1665.9184828417647,15128.81144061831,1.5152362218554263,0.6599631038225097,22923.723088445637,0.314361140791386,0.22763306,2759.26344812,2231.43843521,0.0,0.0,96.78993582,,,,
3015,material_r_nocable,3,False,1.1611583985093774,0.9669263877702826,11.567195228785836,1638.4864457626488,7764.582621840795,3.8206977221247924,0.2617322993675284,29666.12313651687,0.46806130868617524,0.17464383,2981.5022915,2510.92520154,0.0,0.0,132.55623745,,,,
3016,material_r_nocable,3,False,1.387746225317089,1.0800884146133969,5.683905361738554,1292.8039779863295,10075.504004391823,3.2151004017824105,0.31103227738879097,32393.756972680436,0.24153518283792155,0.06236775,5479.30117585,5383.10837659,0.0,0.0,342.76311933,,,,
3018,material_r_nocable,3,False,1.2129206191938748,1.295206465567479,30.721462865924185,1326.5762163607774,8473.088833325774,3.1159528579497597,0.3209291172196943,26401.74536586364,0.2091978091013809,0.05073973,9188.83417742,9125.92297193,0.0,0.0,463.45939104,,,,
3019,material_r_nocable,3,False,1.0922083070082251,0.9607649048695113,46.38807691318543,1603.324853247819,13323.985449569018,1.0419285529975526,0.9597587062213362,13882.640879629893,0.21059221960856397,0.21861903,2783.0102194,2382.10860548,0.0,0.0,108.58002066,,,,
3020,material_r_nocable,3,False,0.8820941669916792,0.9995461938272405,27.837389487389817,1077.8111291602534,10281.380258835306,1.3395987423576758,0.7464921908182844,13772.924064436813,0.25852302860179965,0.26376149,2380.60558657,1651.93986243,0.0,0.0,70.00688774,,,,
3021,material_r_nocable,3,False,0.8548870630679897,1.314392170256735,25.73281140994451,1865.3181849535354,6692.399853824184,1.988366314533413,0.5029254381804685,13306.942432732345,0.24589121735839137,0.12119228,5539.3165191,5309.66833634,0.0,0.0,321.19726556,,,,
3022,material_r_nocable,3,False,1.2903205728751257,1.352204767938689,27.306324782324012,634.3548703787385,1381.3344900270577,4.179149720605189,0.23928312380614797,5772.803648058889,0.47934230679281986,0.06499161,3357.01877876,3322.91773815,0.0,0.0,169.72053694,,,,
3023,material_r_nocable,3,False,1.2944514010016919,1.085789817237994,79.58633384434444,664.6530138927085,12909.093186198665,3.8388164152376745,0.26049695839338194,49555.63882901225,0.36918725213190995,0.02437422,7863.27436479,7839.02997263,0.0,0.0,449.08638515,,,,
3024,material_r_nocable,3,False,1.3543114077275369,1.3549482258691512,8.182272460936908,228.47074411349263,19781.26854747772,3.0554392175491443,0.3272851884129866,60440.463692834826,0.2145331641260294,0.0029452,25912.33818421,25911.7523507,0.0,0.0,1340.26994304,,,,
3025,material_r_nocable,3,False,1.1850534731791291,1.0141077635425515,32.927988274067424,880.4978316202989,19468.336975079383,4.206348094848668,0.23773591187677898,81890.60214499704,0.20865883489967163,0.05785237,4136.59927143,4023.7904144,0.0,0.0,250.55494264,,,,
3026,material_r_nocable,3,False,0.9534181174335119,1.2080414283287384,19.482699154057954,302.40724862043004,13134.820896812733,1.4059897743386438,0.7112427261218061,18467.423868688238,0.4987735026165303,0.02066021,4623.20238911,4616.13143666,0.0,0.0,269.93158686,,,,
3027,material_r_nocable,3,False,1.0328673250669693,0.9043288058372894,84.20023523756169,508.7635998999096,1689.550476564069,3.4036223532251197,0.2938046281933849,5750.591768935619,0.47400153602492023,0.29251499,720.36428161,528.74132645,0.0,0.0,17.51984528,,,,
3028,material_r_nocable,3,False,0.8445428486054624,1.2769475722601802,31.11135530515589,1910.3498248782344,10634.458339426166,2.443600840337359,0.4092321395101263,25986.371334754414,0.17202521511498536,0.08248412,8926.60655731,8736.25543536,0.0,0.0,501.52330911,,,,
3029,material_r_nocable,3,False,1.028962477275691,0.9573625927064375,77.06647763439267,1516.5786129581725,1217.814289455773,2.867920261294874,0.3486847293126962,3492.5942752246315,0.2571363200249581,0.49434129,1887.12725448,1352.65234182,0.0,0.0,36.04597984,,,,
3031,material_r_nocable,3,False,1.190301977107501,1.0064433150582772,74.94792177283256,1741.3147121111977,15513.370829177917,2.5473279143301424,0.39256822585519574,39517.64255851985,0.3350213127769429,0.11614239,4268.55808599,3973.57536937,0.0,0.0,236.17145038,,,,
3032,material_r_nocable,3,False,1.054079022721738,1.1323144295267686,60.74490903892247,957.872957763333,14248.838456517764,1.7121957487735442,0.5840453702307729,24396.800630210706,0.4896620081504316,0.05984855,4818.4921135,4739.07593617,0.0,0.0,268.79988622,,,,
3033,material_r_nocable,3,False,0.9548255905975471,1.2285524422474159,40.041578736402855,1900.248242359156,18921.779045091287,3.6820032300939327,0.2715912880865367,69670.05156314981,0.3069744631053266,0.03830621,18363.68953502,18270.30556015,0.0,0.0,979.40916312,,,,
3034,material_r_nocable,3,False,1.0766927942408833,1.2292033329542211,36.61162728524853,621.0851675442,9404.877800370861,4.15882706264453,0.24045241240786683,39113.2603170471,0.4477941662935122,0.01799446,11993.24051955,11980.73852652,0.0,0.0,631.42292206,,,,
3035,material_r_nocable,3,False,0.9564718396215542,1.041971122551181,64.17051688246089,694.4443797281458,12519.933484907397,3.790530472178424,0.26381531749705167,47457.189384188496,0.20282819042961017,0.10861411,3279.73272495,2980.59356983,0.0,0.0,125.70325332,,,,
3036,material_r_nocable,3,False,1.211478931355162,1.0950319991212194,3.1782273332040685,347.0628946541548,6095.137359809484,4.2343182936234705,0.23616552433148835,25808.75162478916,0.12162460316236258,0.0408608,2671.56693395,2642.27648103,0.0,0.0,140.51199233,,,,
3037,material_r_nocable,3,False,0.8062587865413504,1.291111210378939,6.2275494374607945,768.4479758593483,9784.956590598544,4.6188964430004535,0.21650193121679862,45195.70119122946,0.12563960849553646,0.02068143,15492.33526218,15314.46149041,0.0,0.0,934.80134196,,,,
3038,material_r_nocable,3,False,1.3933971728894183,1.2057146018292004,60.76839914790031,1592.3761581777298,7427.264502998926,4.053247992647991,0.24671572077846116,30104.54493764608,0.18315305871966225,0.06798988,7691.05710216,7560.50884042,0.0,0.0,383.33918502,,,,
3039,material_r_nocable,3,False,1.0498795619770855,1.1390773596436248,33.979548076124836,511.18005281341914,7139.030827322623,4.691744491202108,0.21314033657953574,33494.50855661294,0.3046093079130799,0.03671189,5391.6964825,5358.94557826,0.0,0.0,257.83772282,,,,
3041,material_r_nocable,3,False,0.8111139729430344,1.1515826327785779,43.67518813061099,1570.8391706060984,1881.9763179671015,3.1913330508084834,0.3133486803411705,6006.013224367267,0.16055538205294537,0.31016657,2562.41728559,2178.53754232,0.0,0.0,126.76474965,,,,
3042,material_r_nocable,3,False,1.0880706508292808,0.8563121665085107,41.34112822446627,1521.1693549899016,8293.502695779829,1.3245889412805374,0.7549511919020377,10985.481955310286,0.32975666533584574,0.27815745,2632.66609982,2015.00344325,0.0,0.0,99.79247217,,,,
3044,material_r_nocable,3,False,0.8855468444464258,1.294892955269081,88.15823880825148,1823.8933546001633,16677.561893894203,4.595290156699591,0.21761411486542898,76638.23600876023,0.4345544343702775,0.02092171,28147.31247214,28109.40920585,0.0,0.0,1730.75259085,,,,
3045,material_r_nocable,3,False,1.176451504496566,1.259335083304829,35.23682340706308,238.3073276321044,1650.6874321201358,3.4262034196059217,0.29186825110197895,5655.590924630527,0.45544778981647216,0.03668698,2154.67863626,2146.11841673,0.0,0.0,113.71982173,,,,
3046,material_r_nocable,3,False,1.0367073962697786,0.8466106885422618,85.31617134443364,1907.1291069874999,2921.2262114889227,1.1881452581497147,0.8416479324735839,3470.841071163219,0.34563508833302725,0.4737633,2078.36175907,1524.69257849,0.0,0.0,59.39846509,,,,
3047,material_r_nocable,3,False,1.3882574832092722,1.35664555567688,61.23214581876618,1217.9726206544296,7585.589699186902,4.168385563801642,0.23990103235267474,31619.66259501312,0.41236557737708557,0.02434502,17199.50048885,17174.11659515,0.0,0.0,863.18441577,,,,
3048,material_r_nocable,3,False,1.037020028621515,1.3438817412752346,40.29711432358499,1199.322031406202,11847.235067870348,3.4571707298731895,0.2892538662783022,40957.91430656858,0.33757873741725186,0.02328254,17417.7304823,17393.93486793,0.0,0.0,985.90918344,,,,
3049,material_r_nocable,3,False,1.1786557913227798,1.3607113826414574,88.28391309625314,345.93728980549054,5140.696617085364,4.130963931597215,0.24207425108486857,21236.03230846346,0.2376602643232637,0.01369712,9215.15728835,9211.12486804,0.0,0.0,473.11933785,,,,
3050,material_r_nocable,3,False,1.2476896712839183,1.1728592221408534,28.365457537506934,1224.2802930063324,8853.582001783683,2.046473594701216,0.488645444822365,18118.621785172243,0.49182180915383367,0.05588686,6276.97652264,6209.02017798,0.0,0.0,358.41541828,,,,
3051,material_r_nocable,3,False,1.0139848458352523,0.992359952797881,28.57377911736449,1581.035028467742,2754.5523001761035,4.00580324845812,0.24963782242298385,11034.194552093222,0.30926007237032516,0.31420702,2411.76985518,1900.71182419,0.0,0.0,61.46955291,,,,
3052,material_r_nocable,3,False,0.8863765005534536,1.096338441934658,78.34040111124845,1317.4352884421244,18354.19080572503,4.7493147321377345,0.21055669215459336,87169.82879009684,0.43681168370028256,0.06033324,9562.52573326,9342.10392582,0.0,0.0,450.23219141,,,,
3054,material_r_nocable,3,False,0.9309220496651267,1.1238168702510452,23.697574849145568,1804.7897155518274,8328.058958382175,2.9850303342224533,0.3350049708156423,24859.50861596384,0.22651512445422178,0.16261233,4991.28229422,4510.98966421,0.0,0.0,215.35065649,,,,
3055,material_r_nocable,3,False,1.2620764945499472,1.2269076314428002,65.40274099187938,887.9979864262058,17903.868513322952,2.1165313036415667,0.47247115990180005,37894.098164730625,0.1927579892847815,0.02606629,10090.16501504,10064.28212753,0.0,0.0,568.31281632,,,,
3056,material_r_nocable,3,False,0.9268713712663375,1.3534756506040198,46.640849070734134,1837.7028715641793,18132.14281790713,4.698011339618963,0.21285602092248376,85185.01257011824,0.16642434428938618,0.01838898,35354.70858383,35321.2648239,0.0,0.0,2064.16606775,,,,
3057,material_r_nocable,3,False,1.3243193045100075,0.9451186968147941,19.768802487473234,1943.5700812644595,19533.815697270606,2.3529932926699226,0.42499058671999357,45962.93731592818,0.2389338928533925,0.08869081,7742.03474873,7482.19217272,0.0,0.0,432.11276494,,,,
3058,material_r_nocable,3,False,0.817608578189956,1.010480716489081,52.25175536784705,1981.280081994412,10537.507200305681,3.5263243277958662,0.2835814029122645,37158.66799476203,0.24726211568638884,0.23859215,5400.94498393,4170.8430495,0.0,0.0,201.24218559,,,,
3059,material_r_nocable,3,False,0.9815449685893807,1.1281316278112143,59.71231683102058,330.10010756094664,4163.822863332274,2.8791716751699106,0.34732211650456246,11988.360848531158,0.3908193822404499,0.06633784,1867.56466925,1831.16332041,0.0,0.0,91.78463376,,,,
3060,material_r_nocable,3,False,1.0251348699587293,1.0014630751074067,81.32055424400846,938.5613215606238,6986.698744919517,2.480014745747845,0.4032234089392285,17327.115911498364,0.21548677619385456,0.20737359,1680.33644251,1335.5299971,0.0,0.0,56.83066269,,,,
3061,material_r_nocable,3,False,1.2522470235349705,1.1442670062689357,6.791535413156682,1219.6712976460449,17927.959169549522,4.9786857667316085,0.20085621926215214,89257.67514398163,0.18439112196092985,0.02935677,14565.77465716,14507.67720748,0.0,0.0,705.93082612,,,,
3063,material_r_nocable,3,False,0.9580220045506522,1.3512414725143158,58.18396362173626,1860.7308469436514,7535.113921597578,1.7745491242170464,0.5635234248255667,13371.429810446656,0.10134408701084578,0.1162064,6111.3132785,5894.69296219,0.0,0.0,330.83550287,,,,
3064,material_r_nocable,3,False,1.2840291436679898,1.2377112684739513,83.24365237093218,851.0236646110842,4873.658608575679,4.877829506118304,0.20500921541962286,23772.875763657925,0.38684177330496905,0.03776816,8055.1173634,8019.87156175,0.0,0.0,389.53576908,,,,
3065,material_r_nocable,3,False,0.8539834712369618,1.1770489962933872,41.10219605844562,937.1332412075336,18157.77497045111,4.792371220258133,0.2086649706460212,87018.79819231338,0.46792468926214303,0.01908436,17677.11581347,17647.38456625,0.0,0.0,993.40541911,,,,
3066,material_r_nocable,3,False,1.0906224038650294,1.3079238538448252,4.119773596163762,1126.4828872089051,4529.508633010029,2.6744355139498706,0.3739106793878538,12113.878748864554,0.1652845396534841,0.09230436,4506.91446449,4412.39227859,0.0,0.0,227.76393726,,,,
3067,material_r_nocable,3,False,1.2292024303071358,1.3122511251301172,86.87258708020057,517.8382585045887,2759.542913663916,3.6281954323280647,0.27561911111230875,10012.160994668699,0.28135125970790154,0.04660201,3921.95702364,3899.9160302,0.0,0.0,197.62271216,,,,
3070,material_r_nocable,3,False,0.9829177068830601,0.827472701676935,87.15668267820989,566.1702721667087,2170.704448191959,1.2774973582893803,0.7827804836630267,2773.069198192234,0.41585670227017735,0.37219051,686.54453178,532.74043973,0.0,0.0,19.92302425,,,,
3072,material_r_nocable,3,False,1.0717276761215833,0.9876043043141225,22.335814771800475,1250.890097263372,2399.6643949256695,3.104925494067289,0.3220689198213425,7450.779157010266,0.3154397818255089,0.31198931,1759.67117801,1349.08280734,0.0,0.0,41.70115751,,,,
3073,material_r_nocable,3,False,1.213570407376979,1.0232635298077521,78.88851929266775,1450.8978905153062,2430.3760872606244,3.0388324860334657,0.3290737494073858,7385.505807246491,0.34407611452375414,0.26935861,2055.39700243,1653.82482928,0.0,0.0,64.12412027,,,,
3074,material_r_nocable,3,False,0.8648035617249769,1.1944592995450602,40.81181117847219,1525.9101068073319,12616.606009765483,4.0399824419309756,0.24752582823652908,50970.86675621338,0.14301254676016578,0.06033268,11600.62888097,11377.03429259,0.0,0.0,595.89953471,,,,
3076,material_r_nocable,3,False,0.8713762992376591,1.1955417388172171,23.22476562991036,550.6667897714734,5365.648312157682,4.945478580608934,0.2022048996270995,26535.698798856294,0.16654273199367176,0.03854158,5843.57981194,5805.39109308,0.0,0.0,306.37104562,,,,
3077,material_r_nocable,3,False,0.8596866179219745,1.0707153784520052,74.78024076896635,203.72035882375494,6139.196065830227,2.785522621343021,0.3589990590411564,17100.869518230174,0.10527729905268667,0.09465806,2261.28272833,1541.18468048,0.0,0.0,73.1355595,,,,
3078,material_r_nocable,3,False,0.8006183303926293,1.392082366785651,78.43612225519082,1469.652020875482,18473.97764359071,3.213054779988819,0.3112302990375657,59357.90217314571,0.4379745933746835,0.01388534,29354.97521955,29339.66613979,0.0,0.0,2137.69849258,,,,
3079,material_r_nocable,3,False,0.9448760859310525,0.9760843430090234,69.57175309069008,1370.6041409978832,9382.729234243998,2.1053288960996674,0.4749851682806426,19753.730981132994,0.3951345074160554,0.24927781,2239.58506295,1765.51666689,0.0,0.0,65.2780855,,,,
3080,material_r_nocable,3,False,1.3259774749669595,0.9328065882872234,59.62350557723635,1456.1069966078314,16436.457503431913,1.4470593895095996,0.691056640279909,23784.53016061666,0.2692031811464264,0.07791064,6430.37476557,6301.00587066,0.0,0.0,370.24902842,,,,
3082,material_r_nocable,3,False,1.0248512843901432,0.9730166449205997,20.58638163945204,1062.7059947401285,12209.631728449955,1.2549260853428639,0.7968596809642263,15322.185348461726,0.23462432840698216,0.21548183,1740.75365147,1388.61793562,0.0,0.0,60.26523884,,,,
3083,material_r_nocable,3,False,1.0379011722755602,1.3968988292162352,68.01769739912667,766.5156839765765,12461.31282333944,1.2626321748260656,0.7919962915072677,15734.054511321017,0.1797698026174644,0.03451312,7195.58014653,7173.68599095,0.0,0.0,424.43725092,,,,
3084,material_r_nocable,3,False,1.0737841841848097,0.9918483702087701,7.492736024436393,308.3616672580611,9654.950969753478,3.5737774607683206,0.27981596811151516,34504.64616052822,0.3783172298225954,0.08584573,1037.29794107,943.01474241,0.0,0.0,55.67370508,,,,
3085,material_r_nocable,3,False,1.307308091067838,0.9767880069101249,4.429898369007891,1495.3614330079156,1326.2589592223517,3.877377460830213,0.2579062807534562,5142.406595712883,0.2773308350656337,0.35743947,1878.58415294,1390.41953623,0.0,0.0,41.73155284,,,,
3086,material_r_nocable,3,False,1.254806041558191,1.2410676291114198,67.93167642766794,416.9966310325286,14031.44409770803,4.041941382393276,0.24740586401277537,56714.27455326397,0.3706687224054884,0.00770265,18601.8862109,18598.41956219,0.0,0.0,939.05897082,,,,
3087,material_r_nocable,3,False,0.8653032243595348,1.305218621685658,10.54979974080713,898.1994282717761,9285.146809190368,1.3155032855264106,0.7601653382415088,12214.641134084997,0.17648740583972042,0.07693181,4796.37840439,4579.04936567,0.0,0.0,261.29141041,,,,
3088,material_r_nocable,3,False,1.2585812519242086,0.9488791479105216,49.5473162224173,207.14665479099767,18544.13632469895,2.72841840451027,0.36651270140493436,50596.16284405605,0.38337069872684393,0.01332446,5221.71107411,5217.18147053,0.0,0.0,300.07067948,,,,
3089,material_r_nocable,3,False,1.2684466538737544,1.380949826859945,75.85872690219773,370.22762253140525,19500.237989617475,3.9814684814514845,0.25116361077796096,77639.58293646484,0.34779882038006316,0.00324019,39702.79187837,39701.80294647,0.0,0.0,2054.23563576,,,,
3090,material_r_nocable,3,False,0.934943006241336,1.0199297741682236,9.199006919770566,520.0721292609285,6067.496360813167,1.7506434129544062,0.5712185546183779,10622.022537182402,0.45597589475230604,0.19103021,1127.11356903,934.71572703,0.0,0.0,40.64411782,,,,
3091,material_r_nocable,3,False,0.9224722439330824,0.9022672545103324,54.8203923011016,457.35741816480055,3178.249632012015,1.537723579191097,0.6503119374198836,4887.2693997003025,0.1062671949641259,0.33509097,689.89063333,477.09113302,0.0,0.0,10.09572994,,,,
3092,material_r_nocable,3,False,0.9323618646710261,1.2130278122756548,24.837573815738526,1626.3531691504718,3714.1499465205,1.5336463264331515,0.6520408146027584,5696.192421303051,0.46916426282509505,0.22595552,2488.34961628,2240.64267042,0.0,0.0,119.09057369,,,,
3093,material_r_nocable,3,False,1.1422347649074962,0.9399398507483877,22.83706897897642,676.1005084103208,2474.9709459900387,4.579755961934035,0.2183522459082512,11334.762945511398,0.19920290131590446,0.24840814,1001.37900672,780.31595736,0.0,0.0,33.07329866,,,,
3094,material_r_nocable,3,False,1.3122370571697468,1.1625353211680214,23.566334010018288,585.5910317846358,16301.82856925877,4.812047257916689,0.20781175794872317,78445.1694657296,0.38298844124308384,0.01032409,19078.27777794,19070.38571211,0.0,0.0,954.4351744,,,,
3095,material_r_nocable,3,False,1.2671108418224892,0.8057506019002897,11.65769215193037,1978.8952755546813,18485.0505860593,1.4923742518635785,0.6700732063363235,27586.61353903065,0.494153499722755,0.12128546,6759.97099446,6352.92999112,0.0,0.0,368.38534874,,,,
3097,material_r_nocable,3,False,1.372467904756487,1.3403782794881642,75.56888729931316,543.6201316541574,14307.30956711366,2.6478777001733897,0.3776609470801908,37884.005952237654,0.4235318756856692,0.00811758,20544.04586841,20540.43037122,0.0,0.0,1128.69941036,,,,
3099,material_r_nocable,3,False,1.1604529437260047,1.160470878208235,9.074380985723634,1006.8927353309913,10003.278773066324,3.0686028224764565,0.32588120973993284,30696.089477050147,0.35880475947648993,0.04969722,6624.85229627,6559.34383765,0.0,0.0,343.69789124,,,,
3101,material_r_nocable,3,False,0.9180647560300297,1.1007669605791692,3.631319882175628,1992.1722108373306,16776.659247633306,3.693312589107197,0.27075964351063364,61961.44680244577,0.21162758969767498,0.11165268,8497.69576455,7995.77220758,0.0,0.0,369.15540459,,,,
3102,material_r_nocable,3,False,1.3144383415257126,1.1498886161504485,9.91243219924298,962.4649601719791,7687.539048078133,2.6995912664199864,0.3704264465657913,20753.213274454345,0.2720094956821509,0.05925544,4663.67872307,4595.01883713,0.0,0.0,264.28123693,,,,
3103,material_r_nocable,3,False,1.2748761337808414,1.127212397012682,66.9285426761628,659.9265767542213,14146.008496095734,2.883138931779489,0.3468441943527136,40784.90782437703,0.3810835857289807,0.02182204,8725.63024373,8707.36688273,0.0,0.0,499.01788269,,,,
3104,material_r_nocable,3,False,1.3610222888287469,1.0161123990070875,79.76706978387537,798.0327630574152,10817.09849802409,2.1760045379952144,0.459557865132632,23538.055419641638,0.31690531304127545,0.04615146,4629.77006186,4598.75088332,0.0,0.0,303.62511759,,,,
3105,material_r_nocable,3,False,1.2851191119020096,1.1295291913741266,88.53858752800637,1676.0855096801758,4760.43828649599,2.7984381709986113,0.35734218120786787,13321.792211613601,0.46615193432571367,0.12377675,4208.9251145,3994.32708295,0.0,0.0,210.54884973,,,,
3107,material_r_nocable,3,False,1.1926964271179434,1.2526955412490368,13.524566054696516,1634.3884504986488,7310.469731950439,1.2952883675137383,0.7720288586544367,9469.16640485668,0.18802587674021054,0.14435143,3459.39566986,3239.94605169,0.0,0.0,174.63138669,,,,
3108,material_r_nocable,3,False,1.3462918335208072,1.1520619031084969,4.331087955298213,983.396996049654,17331.21201094747,4.062215549256049,0.24617108271941388,70403.118918324,0.36632827442304994,0.01824414,16822.6547721,16800.20855202,0.0,0.0,893.55270789,,,,
3109,material_r_nocable,3,False,0.8071848044314772,1.3900833358893459,26.387192853091566,579.7998973678336,16880.5394375275,3.2798449907074567,0.3048924576720017,55365.552714614234,0.2203245430435891,0.00695759,25799.64139604,25796.08957583,0.0,0.0,1747.20977366,,,,
3111,material_r_nocable,3,False,1.2398762572022064,1.2388973211571266,12.456460935450858,1433.899261811354,13649.212290819745,1.2733565483093678,0.7853259963422636,17380.313849780032,0.11392750077558937,0.07852362,5127.84098712,5005.41071766,0.0,0.0,294.49327592,,,,
3112,material_r_nocable,3,False,1.1209472877875957,0.9205013867250956,72.88009504904302,673.9480208552955,6048.899774297967,3.004102388420076,0.33287813486474477,18171.514259282183,0.11911272552558741,0.20727221,2182.94462275,1351.07358157,0.0,0.0,63.17242303,,,,
3113,material_r_nocable,3,False,0.985680109945422,1.1837777537993726,16.098415802830807,409.37252634883316,3422.8708843901622,3.493081123825811,0.2862802106653469,11956.365675556235,0.2712891427230314,0.06252292,2553.79804889,2513.61245247,0.0,0.0,126.33487494,,,,
3115,material_r_nocable,3,False,0.8356692588394421,1.358745158018627,31.20153148177312,590.0049722320831,16987.660585666075,3.049355870067533,0.32793810975491466,51801.422525615715,0.2761813313779172,0.00855155,21930.32927608,21925.71127096,0.0,0.0,1426.887775,,,,
3116,material_r_nocable,3,False,1.11760035711212,1.21237178273287,58.668027123908885,1613.4088164838367,4456.77677204917,2.5558963190736765,0.3912521773819159,11391.059346613536,0.23360146006737897,0.16452549,3610.85147821,3371.35777052,0.0,0.0,160.66090295,,,,
3117,material_r_nocable,3,False,1.1329536624832475,1.3660490546657322,13.689544516676214,321.5725963915968,8890.188040718713,1.2188949934811852,0.8204152165265547,10836.205693938346,0.3821619516800395,0.01692439,5322.46518344,5318.20015349,0.0,0.0,329.42788027,,,,
3118,material_r_nocable,3,False,1.1834870055054436,1.1873816802158967,75.9656783636143,237.63169630994634,11459.490530117937,1.7440417280490872,0.5733807763410661,19985.829666709036,0.3258977386479068,0.01355404,5012.2135844,5008.44625403,0.0,0.0,292.63213617,,,,
3120,material_r_nocable,3,False,1.0174952642254218,0.9299403000795992,48.74236605701916,1446.3486002290329,13000.00743457576,2.159212829032053,0.4631317425287284,28069.78283024805,0.13089115265693405,0.01535221,5047.76061656,1576.64717016,0.0,0.0,79.19324834,,,,
3121,material_r_nocable,3,False,1.338778372437073,1.3308145346285696,86.6153367067477,1996.5892423329071,1987.1178602788973,1.4792570829647627,0.6760150155886196,2939.4581695033426,0.2136257391493562,0.30642099,2489.85215091,2086.90368406,0.0,0.0,75.83220599,,,,
3122,material_r_nocable,3,False,0.8630910214240215,1.1909809472398813,74.224213365391,1773.8972397828315,9794.095023331165,2.771586538663216,0.3608041769759487,27145.181925053053,0.2777442084279961,0.10916368,6626.36363209,6353.65087498,0.0,0.0,339.68151262,,,,
3123,material_r_nocable,3,False,1.247980044017579,1.0193783569136547,69.99546811508839,818.6495082842597,9540.330352008803,1.1679850559530491,0.8561753379490141,11142.963280001575,0.2932633743522707,0.08779385,2838.80211691,2773.51908704,0.0,0.0,161.6701709,,,,
3124,material_r_nocable,3,False,1.1647540830373702,1.3669278288111228,44.208615213941904,612.585888466062,3776.4637491103886,3.8324880415222737,0.2609271024894829,14473.252157707937,0.36473883795440554,0.02982379,7040.9605616,7026.22634018,0.0,0.0,377.73128632,,,,
3125,material_r_nocable,3,False,1.0871661501157242,1.3023766392734086,50.50756908392393,553.4405728714391,17022.15668547083,3.5203554200617795,0.28406222687095917,59924.04154883809,0.17713900530640872,0.01007413,20512.94258297,20507.13382191,0.0,0.0,1057.22865896,,,,
3126,material_r_nocable,3,False,1.1300583046665116,1.395601579193467,22.117710666398914,1120.982990337422,17975.88500352868,2.129451359627484,0.469604527700945,38278.77276127145,0.31286395124599853,0.0186971,18908.03724439,18892.91856276,0.0,0.0,1094.23007097,,,,
3127,material_r_nocable,3,False,1.1663554702159922,0.8236818145494286,59.8199914269601,486.45909151191466,1189.4051223640477,3.1652091164661766,0.3159348918836864,3764.715936478252,0.4280809721238722,0.31266291,657.2543471,491.51780865,0.0,0.0,26.01827123,,,,
3128,material_r_nocable,3,False,0.9468813195777112,0.929479467314695,27.954086524231947,1500.5835160638835,1933.4031256716794,3.6642799766501577,0.27290491075253165,7084.530360191563,0.24927896399996874,0.42475823,2036.40594835,1522.33898605,0.0,0.0,46.89754312,,,,
3129,material_r_nocable,3,False,1.258032576366367,1.0889562654134088,69.20690597973629,1748.377560739708,11828.753775578669,1.1165566808856155,0.8956106009834032,13207.474054673312,0.15947131425693553,0.13533191,3948.2642532,3732.31716359,0.0,0.0,207.77333209,,,,
3130,material_r_nocable,3,False,0.8890977847644841,0.9318605660172256,12.27241784451193,1352.3238255426868,2204.7062931620194,3.19728915169717,0.312764955734199,7049.083513805405,0.16909574378262537,0.42473979,1871.36096265,1429.75235724,0.0,0.0,54.14450432,,,,
3131,material_r_nocable,3,False,0.8766808728929943,1.0111604115487527,57.635454759668825,211.9319410197362,6471.224665091778,2.515350107971154,0.39755897074963686,16277.395660044198,0.35393331823473606,0.14475079,1393.54549714,781.22097758,0.0,0.0,34.29345106,,,,
3132,material_r_nocable,3,False,1.115183455262296,1.19907466570927,19.06527027001492,235.52689155551099,16604.36708434199,2.6397519706550128,0.37882346944583045,43831.410732371,0.3764347725900745,0.00695335,11020.66589419,11018.72791265,0.0,0.0,593.72911271,,,,
3133,material_r_nocable,3,False,1.0180890749041345,0.9596684788683257,34.70988262382436,734.0279358411659,6027.131996401911,2.904220330263544,0.34432649258028397,17504.119277132333,0.10853512529943797,0.23236727,1209.80283986,922.27448654,0.0,0.0,33.95651825,,,,
3134,material_r_nocable,3,False,1.0702949181651993,1.334841984307681,52.45160529587833,1595.3447745728065,10227.847928324632,1.940234830178897,0.5154015299827374,19844.426788308527,0.47102932436917366,0.05043947,9460.12031144,9396.4629495,0.0,0.0,563.6601138,,,,
3135,material_r_nocable,3,False,1.3101823379279987,1.0008293171262015,56.59155376744306,1215.8232075271196,16321.08065906499,2.4466261156787232,0.40872612026483995,39931.58217656731,0.4768183002938706,0.04464847,7056.04621706,6996.95214601,0.0,0.0,462.63249647,,,,
3136,material_r_nocable,3,False,1.1591016777023657,1.0496265218285803,15.852462748309021,447.8893970121902,8599.37191935748,2.7325399307171656,0.36595988543799474,23498.127148732226,0.13615319081571353,0.06902511,1794.19551042,1727.10063987,0.0,0.0,104.22330864,,,,
3138,material_r_nocable,3,False,1.113394047992852,1.083099788407974,46.702572935898495,1295.2104639809293,12992.128458679606,2.5018615734698786,0.39970236986896174,32504.50694835495,0.48888399968070906,0.07531139,5218.14333006,5065.4035136,0.0,0.0,279.63675135,,,,
3139,material_r_nocable,3,False,1.3758399735218947,1.0928216188639646,79.51339103856047,1080.091211289896,17290.869343788196,4.256752624586717,0.23492086296583625,73602.95346055641,0.1876530794918497,0.02983169,9871.70818274,9822.87292837,0.0,0.0,598.00595373,,,,
3140,material_r_nocable,3,False,1.1078678462671572,0.995099535922327,29.63508536423732,355.8045558501051,14354.00200555455,2.606238635623923,0.38369471863830457,37409.954602699545,0.33220108141215454,0.06069402,1731.69660905,1684.00010513,0.0,0.0,97.75434787,,,,
3141,material_r_nocable,3,False,0.8870238611105503,1.2068330776767398,80.4690386754276,1259.6801906456997,7885.4286726592545,4.192715465987672,0.23850891101775049,33061.3587518011,0.21923003468180483,0.06325469,7934.30209032,7815.52126106,0.0,0.0,416.47603048,,,,
3142,material_r_nocable,3,False,1.0556791799374068,1.2238106749387474,0.13550076377590015,837.5417954015446,5876.593831140289,1.365175377057089,0.7325066191537251,8022.581199238306,0.10207383824101501,0.13343194,2234.38890968,2128.42495798,0.0,0.0,108.54393273,,,,
3144,material_r_nocable,3,False,1.1349634616998447,1.2386279655782249,66.1964034202299,741.0684110683659,8214.299047288376,1.249986809704296,0.8000084418783312,10267.765460077037,0.4936735204774475,0.0499317,4121.9178653,4087.07485856,0.0,0.0,246.70197885,,,,
3145,material_r_nocable,3,False,0.9585718294879394,1.2891977118356845,46.52052919459592,787.1540862883464,12849.598000026705,4.115302134437035,0.2429955243460631,52879.97807616775,0.2936731693223005,0.01564995,17862.21912046,17848.9240215,0.0,0.0,1000.70454382,,,,
3146,material_r_nocable,3,False,1.1441896843000787,0.8923256023230149,58.9927427638386,396.97657916233106,10915.959067225665,2.463428426608707,0.4059383212430717,26890.68386990077,0.4096799540849938,0.11190468,3065.44693364,2002.80508245,0.0,0.0,95.7096025,,,,
3147,material_r_nocable,3,False,1.0276025378287261,1.0747999602797738,32.41567381806411,1308.3543940301283,2051.252304245245,4.027589897766972,0.24828744370285388,8261.60305834937,0.39697571907719176,0.25484752,2234.30945907,1910.55791344,0.0,0.0,76.28623993,,,,
3148,material_r_nocable,3,False,1.319036540703146,1.333952323435477,87.37601524190245,1706.5740666554789,14888.756792503284,4.408478417342659,0.22683563473194446,65636.76298081463,0.29040201962459966,0.02189581,28122.47476504,28088.09591667,0.0,0.0,1377.90976229,,,,
3149,material_r_nocable,3,False,1.1635263300824603,0.9772520368165063,1.2938013805752158,1532.100273293444,5673.023772947622,1.718758027880889,0.5818154642936747,9750.555152112855,0.428828806349975,0.21972367,2267.67666565,1928.63496386,0.0,0.0,95.62336841,,,,
3150,material_r_nocable,3,False,1.2091404283096323,1.2967260000185143,78.23982331485578,633.218280075966,8390.19922989971,3.112281256980272,0.32130772170965743,26112.65980554718,0.32437617000309493,0.02155939,9861.07374106,9848.32131735,0.0,0.0,518.46491853,,,,
3151,material_r_nocable,3,False,1.0686564446724791,1.1979942573855222,53.80325513958943,497.02764272947775,6623.633271040058,1.9979406224659764,0.5005153750594153,13233.625980528126,0.4266457745601523,0.04502666,3457.46933765,3432.05304489,0.0,0.0,192.06621493,,,,
3153,material_r_nocable,3,False,1.3922652338787236,1.1204382966210782,18.605512351783773,1356.0584540350271,7329.94806468481,1.091378453848785,0.916272441034056,7999.747385627601,0.4488472157013974,0.08053841,4573.97169033,4492.05698077,0.0,0.0,282.28225161,,,,
3154,material_r_nocable,3,False,1.1559823808454543,1.286947382038737,79.31751537073757,1853.9396211148294,7497.609760698073,1.0309068606408256,0.9700197352245639,7729.337340711262,0.1700747141754574,0.17291854,3341.85367859,3070.81369325,0.0,0.0,162.03163878,,,,
3155,material_r_nocable,3,False,0.9888244550616078,1.3700325690542687,57.26031739068265,982.5245630061669,4552.327108563968,2.0069999722106466,0.49825611053623076,9136.520380381657,0.4869329029035312,0.06078203,4749.4883134,4706.68956445,0.0,0.0,298.55363088,,,,
3156,material_r_nocable,3,False,0.8761031233113007,1.082071493535436,37.5344028306271,697.7920602202352,15755.389128249159,2.7392588086520764,0.36506225583411595,43158.08845329766,0.2855109345129977,0.09702605,5163.66093684,4277.9351308,0.0,0.0,198.76088829,,,,
3157,material_r_nocable,3,False,0.9071428546680068,1.3370403924995253,61.19046329105718,1643.2683377932683,11021.81648842942,2.7561133097683506,0.3628297851382784,30377.375121584588,0.33867203157156256,0.04325945,12366.41175418,12302.03387798,0.0,0.0,757.65877058,,,,
3158,material_r_nocable,3,False,1.35379485994713,1.2229008708491977,43.04892994399823,1127.4238539617531,18442.034524693852,1.4448043751453112,0.6921352241194764,26645.13216785856,0.20371397679220282,0.03310733,9124.70328298,9088.63230651,0.0,0.0,561.84100979,,,,
3159,material_r_nocable,3,False,1.2393939188316367,1.1888180579152836,3.322029445131872,1014.6974277958254,19445.2737590634,1.708704884063652,0.5852385683019727,33226.2342440664,0.29279852045375887,0.03178621,8884.3427793,8848.29524155,0.0,0.0,526.04413342,,,,
3160,material_r_nocable,3,False,1.1669246559843924,0.9850669953666361,62.482350810652385,570.2969609035794,2301.1220541924495,4.916233172665663,0.2034077646194685,11312.852577173475,0.24868870946637012,0.19607557,1011.39353937,808.86402875,0.0,0.0,38.47224697,,,,
3162,material_r_nocable,3,False,1.3592526566505034,1.3972905941854021,53.232441957466044,1303.9247395030839,16936.575509389368,3.903420244455235,0.2561855853006063,66110.57171509518,0.10753053129554659,0.01622635,29990.10807293,29972.57237457,0.0,0.0,1446.15641125,,,,
3163,material_r_nocable,3,False,1.1617033293577708,0.9412147675166844,1.8704779506408507,255.57254917171352,10688.627156961626,3.2929230288530165,0.3036815592827014,35196.82651198268,0.3795301984470959,0.06995326,2350.62218428,2024.38020617,0.0,0.0,93.74806386,,,,
3165,material_r_nocable,3,False,1.3832318020381402,1.2445530504624414,85.43708205280416,1710.2505693881876,9815.076397354023,2.2503428293378915,0.4443767353857926,22087.286790189213,0.224064931563009,0.0664146,7444.14969387,7332.18527465,0.0,0.0,418.37430367,,,,
3166,material_r_nocable,3,False,1.1164683692528152,1.0508658654256768,63.69035248130771,1210.6860412182218,3210.7302169439768,3.8447026785239204,0.26009813595883197,12344.303065102196,0.2282521416844745,0.2235754,2187.94202957,1830.90467911,0.0,0.0,72.6658502,,,,
3167,material_r_nocable,3,False,1.271145668579998,1.186713030109019,31.490080472939844,552.8548382871002,5389.486953341101,2.0525291715732115,0.48720379415291104,11062.079191545841,0.40349805349717416,0.04479416,3513.69285721,3488.29217002,0.0,0.0,202.68008072,,,,
3168,material_r_nocable,3,False,1.2592382127597466,1.0673656224942185,24.40912302723265,1109.5642868764105,2540.602641176565,3.6535873642804564,0.2737035960263514,9282.313707460253,0.1018337837507864,0.22426833,1802.61682186,1489.40501638,0.0,0.0,64.18567458,,,,
3169,material_r_nocable,3,False,1.0309294793770634,0.9625676686859184,1.1520310094008137,1782.9905591855343,12229.382579913992,3.967109783246156,0.25207268128126586,48515.303275836915,0.3665195416937329,0.20867509,3237.8453651,2475.55411073,0.0,0.0,101.71679743,,,,
3170,material_r_nocable,3,False,0.8687799373516885,1.210160542693869,7.030026157587766,1364.9735698269253,19076.931243539064,4.65869101202612,0.21465257030753113,88873.5281213157,0.17908479360850782,0.02599585,20897.51947542,20841.53273911,0.0,0.0,1120.00866373,,,,
3171,material_r_nocable,3,False,1.048453812315072,1.3215192819593757,24.529484245139905,1171.678039265983,18771.293188275704,2.983114668597535,0.33522010083177073,55996.92005849024,0.3226757846910682,0.01822864,21785.49291635,21766.05950749,0.0,0.0,1216.0968661,,,,
3172,material_r_nocable,3,False,0.8852413750313499,1.1080083413037072,65.06585304889562,491.89510621634633,16242.373793008179,3.030312431337752,0.3299989762304949,49219.4672193872,0.1440255897840051,0.05928532,6870.81229094,6004.69944242,0.0,0.0,286.63472218,,,,
3173,material_r_nocable,3,False,0.8755297197956708,1.1260073395719195,3.9268743343286365,1421.7701660309413,10365.963669059067,2.072228526828453,0.4825722583457051,21480.645623091536,0.2520944725439521,0.15661623,4356.12679383,3967.41340649,0.0,0.0,195.32898038,,,,
3174,material_r_nocable,3,False,1.0806619312545964,1.3637223252192097,18.81139819063572,1193.440709498915,5835.506225078608,3.0284285954347494,0.3302042523001748,17672.413920865543,0.37464996120680805,0.04657184,8412.37750333,8369.67389062,0.0,0.0,476.31085411,,,,
3175,material_r_nocable,3,False,1.1119583992033082,1.385775362149824,53.69763328334425,848.3848318794116,15871.901663534456,4.3943651944592315,0.2275641544905918,69746.93224011539,0.3901999794322658,0.00800422,35966.67458356,35961.34091091,0.0,0.0,1999.01809389,,,,
3176,material_r_nocable,3,False,1.189419093247469,1.2336677567816525,59.23511956176516,1337.4834496790345,2138.316522755623,3.9591799898615565,0.2525775545847229,8465.979988884406,0.39628340024873865,0.14843134,3355.08958166,3172.81825323,0.0,0.0,148.76156962,,,,
3178,material_r_nocable,3,False,1.0974899265992728,1.3981030771243166,5.533786336811351,1484.356852521284,1769.0782196933815,1.1417060613120067,0.875882185341853,2019.7673263589875,0.37664701892449515,0.27825451,1854.84956541,1622.48463234,0.0,0.0,78.76932454,,,,
3179,material_r_nocable,3,False,1.3280687854247604,1.2694520753374525,73.33436413504265,618.2110315129296,15015.281626437669,2.263369507533115,0.4418191535547888,33985.13058030126,0.14198981467831603,0.01789874,10343.69507808,10332.1467112,0.0,0.0,576.87615161,,,,
3180,material_r_nocable,3,False,1.112392523474258,0.9645970934767103,43.540253350137874,1144.9366869333878,5555.216011973044,1.6979875330982637,0.588932474772257,9432.687531998085,0.23064068505499447,0.24698386,1635.30750126,1347.95837934,0.0,0.0,59.69972761,,,,
3183,material_r_nocable,3,False,1.078427312243377,0.817061154839977,30.57594982894911,1847.7265839208453,4075.05431302761,3.479147256906285,0.28742675321228467,14177.714034914135,0.13264896930079717,0.00698029,2411.49411786,2381.73128848,0.0,0.0,94.59163719,,,,
3184,material_r_nocable,3,False,1.0408598678035126,1.3326113082671895,56.093067501192365,713.3565924898687,17944.453539386148,1.661237026859026,0.601961059037279,29809.99064637977,0.1620660407661993,0.02221338,11128.65126539,11113.47581699,0.0,0.0,617.43500524,,,,
3187,material_r_nocable,3,False,0.9638250773293493,1.1738172602037384,55.61359401654226,284.50435615072854,3609.4825002190796,1.0653024073515789,0.9387005915870166,3845.190396776781,0.241432356817946,0.12503311,871.56265772,820.71903887,0.0,0.0,41.78318036,,,,
3188,material_r_nocable,3,False,1.35000644748523,0.9169599099383628,41.43634228505822,316.4763432817325,6125.3089177829015,2.163668156391183,0.46217808264457527,13253.135853465803,0.19713057271384338,0.0502244,2724.9655791,2636.81011387,0.0,0.0,146.60702619,,,,
3191,material_r_nocable,3,False,1.3407734683796204,1.3575085975419336,33.83094277427119,1582.414048273644,16508.607376282387,3.9940000726110254,0.25037555879318324,65935.37905957876,0.31100838320748025,0.01779071,31151.97527439,31127.48230216,0.0,0.0,1560.38425827,,,,
3194,material_r_nocable,3,False,1.3641031254333396,0.8256862968937329,34.25325827934589,1331.0197510788241,7254.7947783213785,2.8037189944703607,0.3566691248203731,20340.40592096404,0.3885591326654375,0.13645827,4071.2496586,3647.04400438,0.0,0.0,221.87184831,,,,
3195,material_r_nocable,3,False,1.1809046886462085,1.0051432370801257,25.080238628251106,847.7895231168986,6857.758078536214,4.827632087270674,0.20714088851898305,33106.732946681106,0.27172923124248816,0.1194937,2107.43642153,1877.18320415,0.0,0.0,107.67573575,,,,
3196,material_r_nocable,3,False,1.3662796316179928,1.0571167566014765,3.938066358676395,814.6193147241486,8799.937554040836,4.785683394492407,0.2089565726706551,42113.71502494336,0.11982282089017049,0.05351812,3988.3098549,3921.25931822,0.0,0.0,253.41142362,,,,
3197,material_r_nocable,3,False,1.0638420423736847,1.0240580116142257,53.53972687944247,1397.5836447940799,10961.57352502518,2.165033268276811,0.46188666689446206,23732.17135434183,0.3740073252326871,0.16497163,2768.67905286,2366.06711669,0.0,0.0,119.45380365,,,,
3198,material_r_nocable,3,False,0.9200891932714327,1.0997343847464678,35.048974641365284,1800.0258525045808,11969.015034248465,3.5157087184229674,0.28443767106183004,42079.5705068429,0.4851862448898401,0.11562591,6197.98024968,5837.3703235,0.0,0.0,286.14547196,,,,
3199,material_r_nocable,3,False,1.0104312967273064,1.2307943204392153,42.68831674270838,1877.5901525350805,9990.749360818283,2.147732881475458,0.46560724968414885,21457.46091280934,0.4360928817485208,0.09106854,6759.90579202,6596.63481894,0.0,0.0,366.72921562,,,,
3200,material_r_nocable,3,False,0.8661743464013353,1.2408718736596462,50.05308076692759,1829.5939237018674,14507.574379306783,4.8476515882401205,0.20628545220244213,70327.66598135821,0.16276045116998566,0.03638584,19328.7795336,19237.359871,0.0,0.0,1069.11009295,,,,
3201,material_r_nocable,3,False,1.3562513745678033,0.8884359772970842,89.56003723368916,1417.2556085252493,14591.422841986107,2.949142078887798,0.3390816628194215,43032.1790941458,0.2703617451082907,0.095185,7263.90809231,6706.24439179,0.0,0.0,380.07236159,,,,
3202,material_r_nocable,3,False,1.064487430269252,1.1877833971754743,74.33044240456921,1575.9427815579993,18668.4227943508,1.0220990270044872,0.9783787809002678,19080.976773814342,0.17682837188784195,0.11128862,4393.72083288,4192.02750312,0.0,0.0,231.41839522,,,,
3203,material_r_nocable,3,False,1.3224510561239486,1.0298710380397684,7.261230241534672,1226.8263819823624,16061.358521920054,1.763182446292138,0.5671562815878398,28319.105409454078,0.4182921479989252,0.0469029,6913.17980136,6858.58833849,0.0,0.0,447.26264614,,,,
3205,material_r_nocable,3,False,0.902657384423519,1.0990357756341886,0.49621953451347295,1703.8233985821332,4966.656836745264,1.6149507077695384,0.6192139457811272,8020.90597375018,0.2643557386246283,0.29333591,2564.61510431,2153.92443962,0.0,0.0,102.14422076,,,,
3206,material_r_nocable,3,False,0.9597766380777867,1.2632607589704663,55.00126960320255,1202.6846300776367,17588.77243261131,3.4248817356389822,0.2919808849438795,60239.4654567609,0.26728515743975,0.0242331,18137.206312,18102.76942743,0.0,0.0,988.55622171,,,,
3207,material_r_nocable,3,False,0.9280153155326701,0.9911462357173215,63.84230646877677,1661.1661776351507,5249.356541620984,1.280438652235775,0.7809823596420643,6721.479015258221,0.28291521822630317,0.36076399,2056.71545761,1559.29346613,0.0,0.0,45.80943505,,,,
3208,material_r_nocable,3,False,1.2452728327103444,1.3713100673871126,18.412686933558714,716.1129568710448,19518.861779202776,1.08128424773792,0.9248261981916696,21105.437775625713,0.18069514685646232,0.02096321,9455.4515038,9442.47404239,0.0,0.0,574.39941344,,,,
3210,material_r_nocable,3,False,1.0812620068218406,1.2145632803906903,11.864507613814867,591.9970219126842,17434.28313022159,1.4319288079752746,0.6983587413217733,24964.652260561637,0.4445311193378604,0.02343382,7313.7094205,7298.86541552,0.0,0.0,432.5047803,,,,
3211,material_r_nocable,3,False,0.8994566259890133,1.3314729939858418,24.64920540161688,1923.9514272571753,18813.09312831696,4.735739941493915,0.2111602436692384,89093.91655081534,0.4807590867942444,0.0152115,39196.68648837,39169.61695006,0.0,0.0,2485.31136947,,,,
3213,material_r_nocable,3,False,0.8237497253403867,1.1576060385519247,73.71325112510891,906.0690803979859,11398.682569547305,2.814214354391739,0.3553389593224994,32078.336108374937,0.35212724588647604,0.08009659,6095.4529035,5718.69112514,0.0,0.0,302.78250625,,,,
3214,material_r_nocable,3,False,0.8057082051525127,1.3732720353778118,1.588903642102233,1385.9681080215375,7469.858885038182,2.0558917503223193,0.48640693258447176,15357.221257821877,0.4927723112738406,0.05195304,7368.48425439,7313.74017818,0.0,0.0,530.22462681,,,,
3215,material_r_nocable,3,False,1.2153439787687965,1.1988953581979174,64.81995696437889,1858.0145125856584,17668.256599355,1.9006003147601713,0.5261495498206238,33580.29405399759,0.19026534811525964,0.06786551,8132.58348054,7984.72129476,0.0,0.0,448.85244558,,,,
3216,material_r_nocable,3,False,1.3474392307464043,0.8308502769497675,39.73584256933455,1440.9859848856483,10783.703820707531,1.1802859041424236,0.8472523449533048,12727.853614027896,0.2753602855987512,0.10720283,5036.03358785,4833.36891868,0.0,0.0,294.75257011,,,,
3217,material_r_nocable,3,False,1.2921335259408298,1.1896475636245805,19.38611362769187,249.01350550769286,14984.055932515623,3.200679108687173,0.3124336948636414,47959.15478660285,0.25932624145745775,0.00679881,11418.37943784,11416.30435701,0.0,0.0,612.96169277,,,,
3218,material_r_nocable,3,False,0.873219780889926,1.0414762031544735,84.82815695580857,258.1796663302606,6356.496697220848,1.5797611449822169,0.6330070866575572,10041.746500477286,0.29537628158518514,0.1646238,1370.64626615,876.1319416,0.0,0.0,39.17434348,,,,
3220,material_r_nocable,3,False,1.1878917276092351,1.1803531993284166,35.63738920972648,1751.365128840657,11717.01401764833,2.9055275754700545,0.3441715743614034,34044.10733044639,0.4729370279648326,0.05517042,10029.85577453,9922.02789741,0.0,0.0,532.4985478,,,,
3221,material_r_nocable,3,False,1.1265891890088193,1.3411834385272572,71.2311431143614,1118.5026151825782,9960.254225876797,1.1399418317044288,0.8772377433546857,11354.110446487774,0.3994492426746208,0.05720496,5470.80259683,5418.81282576,0.0,0.0,332.64256505,,,,
3222,material_r_nocable,3,False,0.9707732285542172,0.8844626180521262,41.83561158733431,1702.921415334382,2684.015364039734,2.466990556457527,0.4053521799596789,6621.440556472936,0.18556008504704644,0.46194974,2094.22858246,1470.27883828,0.0,0.0,32.95276234,,,,
3223,material_r_nocable,3,False,0.9185082015994488,1.1619713349528242,2.4330007492501693,1678.7302782226818,14472.930542931646,1.010904756421092,0.9892128745543762,14630.754325201699,0.10969812317281256,0.19143572,4316.04623792,3716.43059491,0.0,0.0,183.82850377,,,,
3224,material_r_nocable,3,False,1.35747817783739,1.148336405398492,44.92940226958834,865.9566777005418,1744.876400431138,3.054365396053056,0.32740025187956573,5329.490097866484,0.4640541687770071,0.13641046,2016.95563121,1903.57505828,0.0,0.0,97.58798418,,,,
3225,material_r_nocable,3,False,1.2177848285617,1.3284003023253157,17.33848457536804,1014.2043913650458,5605.026073611453,4.35024384739164,0.22987217155644948,24383.23019119795,0.4687186014051965,0.02861402,12148.14940087,12122.63763491,0.0,0.0,632.68654904,,,,
3226,material_r_nocable,3,False,1.1473906520096662,1.179425703901657,79.71911118434468,1277.2894565023696,8437.090518152228,1.0887986490747867,0.9184434613780574,9186.29275828584,0.17889753027812516,0.14683437,2606.14411817,2396.43662868,0.0,0.0,130.7784785,,,,
3227,material_r_nocable,3,False,0.9041462902450859,1.3749490993858298,24.86897852844248,1752.7315980489302,11600.638803649925,4.399362934931786,0.22730563829135533,51035.420374308895,0.20091772047689982,0.02599037,22788.27838702,22744.20075941,0.0,0.0,1389.84201109,,,,
3228,material_r_nocable,3,False,1.3792914947818626,0.8605711706833804,63.46444872409476,1332.3749156883794,5904.75300497263,2.212794760636695,0.45191719439550126,13066.006512257218,0.4176766829968782,0.13565501,3050.05026476,2895.70654662,0.0,0.0,192.42807838,,,,
3229,material_r_nocable,3,False,1.1993079946306997,0.89969653743772,42.482237065075125,1172.6015178154248,2281.976905770095,4.335924341023333,0.23063133056514254,9894.479211381664,0.20470606155199306,0.31717235,1469.99129956,1124.86237472,0.0,0.0,45.6698797,,,,
3230,material_r_nocable,3,False,0.9175727808217302,1.3872037318509207,66.65433016335751,985.9112309276948,10065.167526900583,3.2268453549707825,0.3099001935309833,32478.739081181902,0.15826139042135334,0.02268107,14965.21248899,14944.06772931,0.0,0.0,901.8289321,,,,
3231,material_r_nocable,3,False,1.1744449785906748,1.3600993544441198,77.19417421930541,544.8935465396255,11988.727222920992,1.675781935564916,0.5967363526107555,20090.49251058634,0.1264396432317637,0.0220728,7992.47904757,7983.04893987,0.0,0.0,442.99726139,,,,
3232,material_r_nocable,3,False,1.0773877607548954,1.3828008961909597,47.303921360976815,738.0572190540745,3310.9887211305477,4.511454031584627,0.22165802710146526,14937.373414475638,0.22546523339790617,0.03856037,6935.33058838,6910.29187032,0.0,0.0,374.67228599,,,,
3233,material_r_nocable,3,False,0.8418925363684339,0.867549311203868,72.78446626164805,720.6111310804488,2420.5464349082213,3.8729748120465195,0.2581994586924746,9374.715373788542,0.32664898736650894,0.37895092,1146.93446106,824.28162064,0.0,0.0,26.3109681,,,,
3234,material_r_nocable,3,False,0.9328230989048332,1.0922017317937798,43.162071805298936,733.0846744301042,9214.867320826956,4.1078558360763715,0.2434360016283221,37853.346502528446,0.30799429128377565,0.07847895,4219.27521294,4070.59414201,0.0,0.0,187.64688715,,,,
3235,material_r_nocable,3,False,0.8029085454363472,1.0789487749717293,52.62339564581417,641.0581869596494,3886.2064722391938,1.2676069566098391,0.7888880656465135,4926.182359032584,0.2209988335111141,0.268246,1525.8181459,1150.70270495,0.0,0.0,61.2123903,,,,
3236,material_r_nocable,3,False,0.9314121957584143,1.2864981364647878,32.33234388558055,1719.717426941766,2082.3795234194413,3.2466616177297154,0.3080086925410069,6760.781672232197,0.41851710332687553,0.18750031,3269.08117341,3047.79600447,0.0,0.0,172.95976117,,,,
3237,material_r_nocable,3,False,1.3629942812610554,1.265771556577529,82.0806202394754,997.7152909595957,15806.425873965052,1.498626908480418,0.6672774887073013,23687.935141625137,0.32126231775450054,0.02598032,10415.72717873,10392.99573725,0.0,0.0,632.51928053,,,,
3239,material_r_nocable,3,False,1.082725661016475,0.8490780734636565,39.07307513942502,1694.8440440425031,8412.487496523396,2.0807241248433828,0.4806019154871242,17504.065683959543,0.20039133253664754,0.02752517,4086.48856788,2423.88808313,0.0,0.0,96.45380232,,,,
3240,material_r_nocable,3,False,0.8600032571184695,0.9983352534004464,30.305379843336716,217.28930280594687,4214.0993587731155,1.3724724788708718,0.7286120599100803,5783.735393143489,0.4466244943281126,0.21834314,789.20644935,494.28920892,0.0,0.0,22.03928619,,,,
3241,material_r_nocable,3,False,1.1737715458422198,1.0097604146028738,9.286707533272796,427.83168008354517,5319.568173691645,3.960193790087918,0.25251289532924587,21066.52084740298,0.18499984907572292,0.10126843,1199.0668343,1109.4815243,0.0,0.0,66.47894617,,,,
3242,material_r_nocable,3,False,1.0312801735992616,1.3246412386338182,83.97878181229692,358.2025218157777,1513.8404907855515,3.3453505129128773,0.29892233897167203,5064.327062317727,0.2744999348024931,0.06309756,2009.0230616,1988.69133871,0.0,0.0,109.17876485,,,,
3243,material_r_nocable,3,False,1.1766555826809895,1.2848077773526194,76.45380527921282,728.9550854781197,5074.066912550373,1.9689176681899203,0.5078932533117686,9990.419993698308,0.2878726763306469,0.06365146,3592.60464582,3550.24088217,0.0,0.0,196.08468937,,,,
3244,material_r_nocable,3,False,1.2908376432943334,1.2585058145984283,42.19158086825204,1808.1345210714715,8484.427284372776,1.7371421616909974,0.5756581251971707,14738.656353485403,0.42421534400387295,0.07641409,6798.97172503,6679.94075347,0.0,0.0,384.19980727,,,,
3245,material_r_nocable,3,False,0.9160257118128211,1.3359105624067542,40.58957469771556,749.8944641023434,14855.706388187393,2.5546130214606175,0.3914487210388692,37950.58098225919,0.3040417063469617,0.01657554,14984.13635613,14972.25490389,0.0,0.0,907.49786646,,,,
3246,material_r_nocable,3,False,1.3633943191886808,1.1111355534261242,55.1148408731954,555.755328921441,13740.043281694074,2.7761491892706553,0.36021118888885006,38144.410017018716,0.26260887424122104,0.01997672,7390.2739274,7376.95852053,0.0,0.0,461.90167015,,,,
3247,material_r_nocable,3,False,1.3018811350251012,1.0646007267148945,61.039483097224156,1959.221863937809,13794.779268079532,1.0956769293318276,0.9126777914451718,15114.621389259737,0.48290160889565037,0.08254804,6532.43380783,6394.41789202,0.0,0.0,396.7010012,,,,
3249,material_r_nocable,3,False,0.8976497850236671,1.3498862815680421,52.11483083134763,679.5530565175991,4119.339236400738,2.965474418622751,0.33721417177640933,12215.795127175365,0.40858168843775655,0.03927988,5356.81625457,5334.59283351,0.0,0.0,341.37294788,,,,
3250,material_r_nocable,3,False,0.9665669499193112,1.1726928166215655,52.339563230066645,501.21292184806464,5957.883419113439,4.1999429085990805,0.23809847461320774,25022.770216365534,0.14112916197640762,0.04481122,4802.46547705,4760.92391555,0.0,0.0,229.73313921,,,,
3251,material_r_nocable,3,False,1.2467214411484067,1.3059979849426797,45.68142851678926,1254.6342798903988,12552.869962230487,3.4998339303200816,0.2857278430661262,43932.96021671002,0.30268350237296376,0.02537143,17032.03469751,17002.52984131,0.0,0.0,872.07738367,,,,
3252,material_r_nocable,3,False,0.9629514983071702,1.0220551878257573,50.64436403535928,759.0861743059792,8992.603063164142,2.687321527114864,0.3721177350421519,24166.015796440068,0.12754052137271407,0.17544309,2125.0985972,1740.93463856,0.0,0.0,72.29338394,,,,
3253,material_r_nocable,3,False,0.9758964577205866,1.0982461110974446,2.1030223089545395,336.3023289382429,12139.120443699794,4.371154414121243,0.22877251756868797,53061.96991102777,0.4783259410501026,0.02060143,6255.44527798,6238.62664723,0.0,0.0,307.34184423,,,,
3254,material_r_nocable,3,False,1.2628924846638245,1.3813842380573376,37.38579060513893,306.1006873740585,15607.400564779326,4.570096265901798,0.2188137714868626,71327.3230415316,0.4751450252218469,0.00247373,42402.82859807,42402.20817613,0.0,0.0,2218.34669833,,,,
3255,material_r_nocable,3,False,1.3899470384213113,1.384384690664809,73.37762968772608,374.2451906723591,15364.154547866792,1.5011924452863048,0.6661371119605399,23064.55273546885,0.3503552694049271,0.0073983,14008.95797912,14006.83083432,0.0,0.0,839.32937196,,,,
3256,material_r_nocable,3,False,1.205888774972426,1.0873557258148718,36.821652478841294,478.91446738453965,3923.628294966743,1.6004184151159342,0.6248365993261581,6279.44697733471,0.12377646505666963,0.12546325,1104.835088,1028.07152173,0.0,0.0,59.02798882,,,,
3257,material_r_nocable,3,False,1.0008863298726718,1.0430219173053394,63.595913943652874,1424.7906092194175,5859.140311186121,2.8494687236835476,0.35094261315747527,16695.43706439834,0.32896199375220336,0.21605504,2652.13522476,2255.45881685,0.0,0.0,94.59176279,,,,
3258,material_r_nocable,3,False,0.8559075224035211,1.0693495549444705,5.26047140655911,464.30141740244176,3072.810779616582,3.4482527382110257,0.2900019447294939,10595.828184817236,0.1530560567093478,0.16813507,1680.49632184,1331.70672272,0.0,0.0,62.66183551,,,,
3259,material_r_nocable,3,False,1.1270238646225117,1.1240226381372431,52.83528756175329,1707.9057536924904,7042.332551676804,3.183858972935717,0.3140842633108016,22421.793685053475,0.42505370491120387,0.11901635,4906.48695484,4644.73226922,0.0,0.0,231.19955365,,,,
3260,material_r_nocable,3,False,1.3342430683126123,1.0472234429008866,83.40020315089706,871.0875279912138,5184.7272167486635,3.6098640059113745,0.27701874595897197,18716.16016021006,0.4168336939874493,0.07578207,3179.36372497,3092.95994485,0.0,0.0,186.43264563,,,,
3261,material_r_nocable,3,False,0.9394561726326889,1.2465328066272288,79.0751941480593,924.4427917137136,2788.1662175960264,2.5714697533753705,0.38888266085470263,7169.685095931194,0.3726721552410758,0.13284381,2465.31896789,2358.08385013,0.0,0.0,130.77610808,,,,
3262,material_r_nocable,3,False,1.3448248228183082,1.0617951581901712,43.32407820505895,1376.7615756860414,2034.3884643342474,4.283147803855446,0.23347314773957997,8713.586483202085,0.10442276086369094,0.2573347,2048.9801152,1640.79638793,0.0,0.0,65.57977877,,,,
3263,material_r_nocable,3,False,0.9900094293735268,1.0857166912111795,80.64848142260637,1442.8884161850415,11944.78050621299,4.287483406439498,0.23323705428178929,51213.048213950184,0.28689245347212056,0.10235428,5949.9818886,5640.25207714,0.0,0.0,256.79604317,,,,
3264,material_r_nocable,3,False,1.2309770423935156,0.8891554524320275,29.364009738271463,1540.0058472306837,4440.862682514808,4.764078657670559,0.2099041749426025,21156.619127414426,0.19348387569313683,0.26630302,2950.04541508,1901.77121493,0.0,0.0,99.83128427,,,,
3265,material_r_nocable,3,False,1.3769996676044796,1.15999675589405,76.72902726024701,1883.432554425678,14268.15310454057,2.843564528312526,0.35167128793572205,40572.41405260381,0.4818038232411609,0.03796135,14328.1359055,14257.69188558,0.0,0.0,814.81031842,,,,
3266,material_r_nocable,3,False,0.9505401882842598,1.0733020164077625,64.0433784565749,436.55329368780644,9486.346200702477,2.9338362060775123,0.34085065755493643,27831.38594700678,0.15472552218893657,0.08612596,2654.43612225,2499.28018943,0.0,0.0,108.04304337,,,,
3267,material_r_nocable,3,False,1.324068329036134,1.1477847908821817,45.78898274890273,1553.0945675914836,4747.62072531639,1.5109923078585301,0.6618167377815845,7173.618396582801,0.15065220152296488,0.18621042,2554.45056873,2300.75241924,0.0,0.0,121.60692551,,,,
3268,material_r_nocable,3,False,0.8584997470264716,1.2776770381089557,9.387560392972071,1874.0865450342822,5635.031109423546,1.5233849537767004,0.6564328980149434,8584.321606159458,0.24994882935370627,0.19178051,3774.11691401,3461.44780925,0.0,0.0,204.20750735,,,,
3270,material_r_nocable,3,False,0.9417274409342797,1.2538820181648194,45.043599821310664,532.709247725048,10892.751948552273,1.0189031306817369,0.9814475683580548,11098.659062119501,0.49983764989019763,0.04600434,3459.95730326,3437.27499915,0.0,0.0,212.14054399,,,,
3272,material_r_nocable,3,False,1.3317380263518488,0.9856324758322302,39.017306916931915,1542.4687958778243,12073.456778142321,1.647417379632865,0.60701071408076,19890.022528557874,0.17404373041149568,0.10550009,4859.93508435,4696.67481514,0.0,0.0,273.33018848,,,,
3274,material_r_nocable,3,False,0.8099574158664885,0.9746350915993118,72.39140700748388,1944.9479947490875,5761.268269227487,3.4837807697271828,0.2870444686673871,20070.995605574128,0.23213521275473611,0.32014771,3721.19881399,2870.53637546,0.0,0.0,140.14220906,,,,
3275,material_r_nocable,3,False,0.9568097607064234,1.1665410570112935,67.05942796612555,1652.2256113973867,14537.282089093387,2.2211676196078765,0.4502136584255354,32289.740253399777,0.12917191277302917,0.10721798,6823.24413355,6509.24731865,0.0,0.0,312.95001747,,,,
3276,material_r_nocable,3,False,0.9077569123262221,1.3947738340078009,38.10833691786495,800.072558532309,19607.75275090435,4.415272725028494,0.22648657563809865,86573.5759201704,0.4975327509500993,0.00494743,47597.9545696,47594.96459499,0.0,0.0,3169.02969706,,,,
3277,material_r_nocable,3,False,0.8813474068274525,0.9540707890772716,59.41852819193819,807.6472006409809,5022.352021307533,1.0393875857427408,0.9621050065605752,5220.170342177011,0.4056171802663746,0.32883733,1065.37642491,811.23945602,0.0,0.0,24.50588143,,,,
3278,material_r_nocable,3,False,1.1082712091857632,1.2727015945290565,2.2353230499742516,1590.2703754600268,17038.537887498118,1.842873861014212,0.5426307362402207,31399.87610277059,0.4141652136841282,0.04174623,11549.70180426,11489.26329353,0.0,0.0,662.83635713,,,,
3279,material_r_nocable,3,False,1.3056004632152334,0.9081039948458722,38.001983996589146,1871.5121673574647,16761.67453817938,3.8175102529181797,0.2619508354261997,63987.864405577384,0.4964602685778279,0.09381402,6290.22935446,6046.52324228,0.0,0.0,375.17457351,,,,
3281,material_r_nocable,3,False,0.9785158255635976,1.114575566241609,8.6919142720753,394.49280227399925,16155.860343652756,2.855507182621102,0.3502004849037322,46133.17525272387,0.22175043292289273,0.03005439,5649.14291815,5619.09871343,0.0,0.0,261.06675436,,,,
3282,material_r_nocable,3,False,1.022236494006757,1.3423625099657461,10.012886250218832,1206.762060860092,12718.051114521788,4.294506658469382,0.23285561754290374,54617.755194067766,0.17062636827629585,0.02057329,21747.69756617,21722.39685499,0.0,0.0,1174.68959443,,,,
3283,material_r_nocable,3,False,1.3958587421631083,1.101797451631604,87.92626933125298,1724.8155909132383,2227.7643800999676,4.5639598727287325,0.2191079737522129,10167.427236670652,0.10664319430928174,0.24548582,2732.50329909,2251.87138536,0.0,0.0,89.00598262,,,,
3284,material_r_nocable,3,False,1.1451392693486837,1.1643154954485373,18.94440521500642,1930.297547636806,18690.0052641488,1.0625305310385642,0.9411494265699414,19858.701218429585,0.3505234907492264,0.09523297,5698.25723249,5487.08192263,0.0,0.0,321.84204599,,,,
3285,material_r_nocable,3,False,1.2564643385602485,1.2222244791792258,12.060618723339964,350.23651682367216,1010.821093506583,1.4825259346392952,0.6745244562910828,1498.5684864039613,0.347418639123931,0.15839321,672.31717518,624.52109389,0.0,0.0,33.12307335,,,,
3286,material_r_nocable,3,False,0.9932244078758594,0.9860321587222252,48.917906808859634,1140.9311228834508,7980.823345250237,4.091226621758106,0.24442547246876148,32651.356933636354,0.279651357596872,0.20348752,2346.42971829,1874.04926099,0.0,0.0,72.78650154,,,,
3287,material_r_nocable,3,False,1.0601499345018506,1.1669505895221781,65.56441793706078,1427.0937579172946,6513.054890307696,2.174983502712896,0.45977360230672193,14165.786938682788,0.12852527057416338,0.16269677,3363.50488377,3127.42628176,0.0,0.0,146.92010742,,,,
3288,material_r_nocable,3,False,1.2198453623513936,1.3364983374513262,26.952022367420245,577.509138083733,17216.489991968156,4.6328386267673025,0.2158503847343759,79761.21985214276,0.20312782476572153,0.00692405,31569.52448753,31565.8480135,0.0,0.0,1549.00926544,,,,
3290,material_r_nocable,3,False,0.8575293187282914,1.3156301498515017,8.885868432716432,1759.673089069308,6724.762571976771,1.1256238624880366,0.8883962337024711,7569.553220583476,0.288638804761597,0.17636006,3595.40649707,3334.5877939,0.0,0.0,204.59723422,,,,
3292,material_r_nocable,3,False,1.3218898931850136,1.104034295883023,14.028570719986924,788.1204122696245,16144.50163086911,3.121138855907944,0.32039587027892696,50389.23134937475,0.14800775507269548,0.02993804,7068.52265084,7034.38766516,0.0,0.0,434.81245104,,,,
3293,material_r_nocable,3,False,1.222589869464422,1.0307249550973296,62.99488675808497,324.7533840142387,13802.29646759677,1.6171487517986582,0.6183723042717991,22320.36650452915,0.4649163526980391,0.02045874,4236.62959748,4228.60520924,0.0,0.0,267.92630675,,,,
3294,material_r_nocable,3,False,0.838265094309886,1.037727422285954,27.59627718645524,736.6989493564519,8347.2010007563,4.034956173329663,0.24783416647987921,33680.590208025176,0.4315803701757398,0.1490432,3163.11182385,2464.3759376,0.0,0.0,114.60713389,,,,
3295,material_r_nocable,3,False,1.196412261150436,0.9468895714338639,42.14471440492066,971.5860110149846,15376.895364743823,2.0883784938675474,0.4788404031819261,32112.777582182574,0.30517708038460883,0.10127025,3776.10895229,3549.5712918,0.0,0.0,184.121107,,,,
3296,material_r_nocable,3,False,1.1528187647074322,1.0288161773505367,11.442256137203898,772.6459857541494,16917.517863173594,3.933829378488128,0.25420522950701174,66550.62878125,0.22726444117318778,0.05808058,3696.36324321,3573.87775946,0.0,0.0,214.78933823,,,,
3297,material_r_nocable,3,False,1.2638721240874464,0.8671332601843039,67.67549808452576,1794.0691687936533,3488.749836117198,3.3620346210201872,0.297438935859785,11729.297733104524,0.4956327984451079,0.26523529,2216.15344598,1828.46745603,0.0,0.0,99.97167801,,,,
3298,material_r_nocable,3,False,1.3788599817921794,0.9888152880067843,1.7632791637324579,1606.4876528163238,1028.0981926237255,1.572212626403596,0.6360462848383805,1616.3889596257377,0.13359801182513265,0.49857795,1635.54885734,1230.63595338,0.0,0.0,64.37032047,,,,
3299,material_r_nocable,3,False,1.2365883411302745,1.0485221784918972,85.07679129659445,1029.1599354876316,3621.7689422975445,2.8504320879871576,0.35082400461824487,10323.60640840023,0.3928442200080734,0.156353,2033.0759822,1833.98999706,0.0,0.0,97.43550541,,,,
3300,material_r_nocable,3,False,1.1492249768985956,1.3040275609169099,22.54355260267,1645.763137054137,9903.631703072298,1.8831639371667883,0.5310212139599995,18650.162070207454,0.13332934921309633,0.08518111,6557.10284103,6440.50466209,0.0,0.0,340.22280838,,,,
3301,material_r_nocable,3,False,0.9540657629941974,1.2347909362358709,45.28748635107505,1901.690979988487,14461.018524854719,2.130485814008093,0.46937651188519075,30808.99482331122,0.29194393863704093,0.08024492,8666.01425477,8490.74566481,0.0,0.0,459.0333088,,,,
3302,material_r_nocable,3,False,1.3432847751065595,1.2707716579111572,50.55403318685036,979.9549914778917,13422.13210282894,1.4543827742276338,0.6875769004697275,19520.91772376214,0.44253633679912185,0.02563714,10408.1903004,10387.65824693,0.0,0.0,629.71978291,,,,
3303,material_r_nocable,3,False,1.3290464677387033,1.3495950730866846,72.13500605053275,291.3953743522634,17534.00727075314,4.831452104598217,0.20697711130123267,84714.71633032069,0.3681566479082675,0.00254113,41244.75894656,41244.09426963,0.0,0.0,2032.22793528,,,,
3304,material_r_nocable,3,False,1.1109450713299052,0.952830679166784,75.11386870983793,884.8897552082784,6328.18664527692,2.5133826538123247,0.3978701764664404,15905.154544325818,0.21989455085224197,0.20804799,1521.07525627,1245.36073916,0.0,0.0,59.30438382,,,,
3305,material_r_nocable,3,False,1.242955317663409,1.0276059349113578,82.32696533169144,407.61785717198336,17368.25042419051,2.3286964749722605,0.4294247922593313,40445.383539247916,0.4312594373049329,0.01842087,5812.49683571,5802.47031522,0.0,0.0,371.44238101,,,,
3306,material_r_nocable,3,False,1.0930911320654753,0.99764141351714,76.84156362639749,1615.8871084753557,11231.410047453044,3.657304295342742,0.2734254301107547,41076.68420930565,0.4840115483300651,0.14781408,3586.64136255,3076.06024181,0.0,0.0,157.73143258,,,,
3307,material_r_nocable,3,False,1.250233476436462,1.0837808996710845,68.40255142274906,440.1298338889825,9951.836307087155,2.322825017543964,0.4305102590367951,23116.374344604377,0.34333633009003073,0.030435,3887.87954368,3869.82862589,0.0,0.0,238.46141195,,,,
3308,material_r_nocable,3,False,0.944594137217718,1.3210103741553463,80.0335885226865,378.15700601550054,6964.941502354867,4.202205728732075,0.23797026241781086,29268.117081479406,0.48028397928832667,0.00958166,12530.26666634,12527.07473351,0.0,0.0,763.64149424,,,,
3309,material_r_nocable,3,False,1.3088792390229091,1.3109898050098137,55.74046113004424,1547.0249998925867,9560.869605412485,2.563614493602198,0.3900742496563418,24510.383891876176,0.3915638122070163,0.04215134,11384.87430092,11328.61289182,0.0,0.0,618.69676015,,,,
3310,material_r_nocable,3,False,1.1936454733367758,0.865376087612435,61.518918151136496,1186.504634880185,1280.3051124849446,1.6437926327983963,0.6083492406810449,2104.556111636874,0.3205362816314985,0.44147531,1235.32847184,936.6979117,0.0,0.0,44.61937189,,,,
3311,material_r_nocable,3,False,1.3270924211315958,0.9078689620116032,42.94799518901396,1393.7641877685342,1442.0938508543547,2.6624392226928926,0.37559542823612774,3839.4872313188685,0.3498776742836872,0.35052738,1521.32203189,1182.78923419,0.0,0.0,55.5173258,,,,
3312,material_r_nocable,3,False,1.0014988152792692,1.2648315831676242,62.04159842148467,1472.2109507380949,8537.990006961038,4.55177994613102,0.2196942760490855,38863.0516939523,0.2285683273596213,0.04682402,11969.59649438,11888.52607132,0.0,0.0,622.37202846,,,,
3314,material_r_nocable,3,False,0.8968507952313624,1.3344948344772707,74.61733253701873,1175.4930479111008,6255.805258190398,2.6814705324966646,0.372929699536515,16774.75745687524,0.23564724263073455,0.06046681,6735.21067927,6665.7238306,0.0,0.0,399.00801567,,,,
3315,material_r_nocable,3,False,1.0835395257177263,1.03456784026963,49.85608034301971,537.4088074730289,2458.5850259357394,2.7936631547595505,0.35795296161468315,6868.458399800229,0.47037236312600184,0.17181105,1070.31584468,931.95893413,0.0,0.0,44.81557119,,,,
3316,material_r_nocable,3,False,0.9611845654205012,1.2958558202031834,14.366129939917688,1402.9740808717368,10786.47739619208,4.780364920100881,0.2091890507762526,51563.298156217716,0.36387011647527145,0.0259714,18665.33533975,18626.07780313,0.0,0.0,1061.36671458,,,,
3317,material_r_nocable,3,False,0.9419751172402707,1.3235687447705604,72.26987368755485,1974.9884986097964,12509.252270527766,2.2018951860700158,0.45415422420029855,27544.062355810504,0.40486798826988224,0.05595017,11168.39223093,11076.78360142,0.0,0.0,677.22477686,,,,
3319,material_r_nocable,3,False,1.0545621464541206,1.3592318222422444,87.46291209709887,1130.6248763628582,1415.2428404238258,3.3405925905651705,0.2993480865713162,4727.749746570238,0.4758555016756346,0.13530111,2792.39919861,2684.33362073,0.0,0.0,150.73924075,,,,
3320,material_r_nocable,3,False,0.8471412179023705,1.1398137344746566,53.94084377062335,1757.1925807909593,3358.824910459469,4.708090546332112,0.2124003330350264,15813.651807719029,0.26763931949092995,0.19493136,3970.38724083,3580.12008263,0.0,0.0,187.99769618,,,,
3321,material_r_nocable,3,False,1.384853744041863,1.1557547122496923,49.032419695178305,251.53228448025095,8623.570324211414,3.5354503420905665,0.2828493977400018,30488.2046527753,0.28986392804827643,0.01050672,6994.64835799,6991.4102364,0.0,0.0,395.23161513,,,,
3322,material_r_nocable,3,False,1.1238350230577356,1.1459919506445888,81.73296759926541,422.4928787975375,12678.382525041607,1.1247392417692599,0.889094967849579,14259.874348075931,0.4517946027156433,0.03150514,3639.32026412,3622.88869733,0.0,0.0,220.91875657,,,,
3323,material_r_nocable,3,False,1.0998663584543924,1.1000269516686525,10.688567246969669,1682.9151052705606,15647.140986255505,2.285613259915598,0.43751933782398844,35763.31291795441,0.45678965801425697,0.08372232,6190.30706549,5982.0265639,0.0,0.0,326.98768156,,,,
3324,material_r_nocable,3,False,0.9138949425131428,1.3724836565433591,1.4062322937256038,631.6358333573414,5265.727196793564,3.308176468608369,0.3022813351975338,17419.95480254358,0.2647446453709293,0.02681646,7758.69692865,7743.49728106,0.0,0.0,477.11401164,,,,
3325,material_r_nocable,3,False,0.8681355809121721,1.3270522602591375,57.41621124867103,1237.5674688354043,17398.90399775248,2.8936529935385065,0.34558393913609836,50346.39063738556,0.12306535430353467,0.02323172,19487.33905773,19454.89433122,0.0,0.0,1142.81335827,,,,
3326,material_r_nocable,3,False,0.8882227982380555,1.3478564769159789,31.97690247508615,1462.4196204509878,15472.2945849885,2.4852125507110863,0.4023800699517122,38451.9406909126,0.19501363301662722,0.03221742,15786.53268993,15738.38573449,0.0,0.0,945.3661632,,,,
3327,material_r_nocable,3,False,0.9089073174015729,0.9804915612485378,62.55267414766693,1797.4771558286961,8162.098809393963,1.8192430669436814,0.5496791595198957,14848.841670699245,0.11489123984005904,0.32151815,2894.41721465,2140.89178367,0.0,0.0,79.35819231,,,,
3328,material_r_nocable,3,False,1.2523265410234585,1.168067240331402,9.579089509083865,1826.9317776316282,16461.490275644297,4.921178937080686,0.20320334065991397,81009.93921745925,0.38028499238610947,0.03299578,19390.45122896,19310.6768165,0.0,0.0,944.62398753,,,,
3329,material_r_nocable,3,False,1.0568740056508878,1.0809566619726172,72.65769056296533,1491.9518997666864,9882.258721579741,1.1638310924799842,0.8592312118669387,11501.279964106003,0.23921629255309912,0.20202593,2444.42061121,2067.89857493,0.0,0.0,99.24305324,,,,
3330,material_r_nocable,3,False,1.0604875885370342,1.3835896665670575,87.56061486531503,278.1076650248852,12857.101592172368,4.6428833644607055,0.215383398957332,59694.02309747834,0.24046622790553085,0.00359786,27594.30768562,27593.42566265,0.0,0.0,1519.48867305,,,,
3332,material_r_nocable,3,False,1.2409617892133056,1.2741643962083422,51.82644189236913,1778.7309008865502,11053.845958815167,1.9506495978097373,0.5126497353101437,21562.1801738136,0.4543798057177467,0.05358698,9751.21570438,9668.27024233,0.0,0.0,552.75793384,,,,
3333,material_r_nocable,3,False,1.2097255474838542,1.0744154708958036,48.20908765787548,1310.1127395818771,9292.229201064443,2.0939017793865022,0.4775773199318798,19457.015258576055,0.3137478541595429,0.10997879,3397.61249604,3206.91735291,0.0,0.0,186.20743698,,,,
3334,material_r_nocable,3,False,1.1975218952914446,0.855182616910208,23.427937451864114,1768.7078193024852,6213.831536690201,2.0215095989810368,0.49467981774811287,12561.320097870326,0.15977479912966167,0.27932225,3340.35426248,2494.82169764,0.0,0.0,139.28714138,,,,
3336,material_r_nocable,3,False,1.226551539511067,0.9531053281796382,7.3265384659153465,364.39668723509067,15995.425725014578,1.5277474407997884,0.6545584520675038,24436.970715894124,0.22265715596493105,0.03678536,4095.40703027,4064.73937734,0.0,0.0,206.1806263,,,,
3337,material_r_nocable,3,False,1.3375760811000108,1.3649295174047023,62.81579333428155,221.18672678632717,10244.957635586003,4.733304579213002,0.21126888905304042,48492.50489036244,0.27381585341975323,0.00361796,22504.02050326,22503.31349603,0.0,0.0,1093.24687674,,,,
3338,material_r_nocable,3,False,0.8295338138874002,1.2025338569831276,73.50942283461201,1982.5217709073981,18372.357433156478,3.6451310843168496,0.27433855652064004,66969.6511717784,0.4050641600233513,0.04628048,15501.56544866,15365.9712882,0.0,0.0,884.48727331,,,,
3339,material_r_nocable,3,False,0.9122543608988241,1.2756789252292569,0.890496180739973,1915.6694736437385,11309.334636646987,3.9065638051593585,0.25597943611705776,44180.637351960184,0.34109066783994835,0.04573055,14538.53286001,14442.67670449,0.0,0.0,835.82838427,,,,
3340,material_r_nocable,3,False,1.2157658681562742,1.0478229612802197,3.3934994836618304,496.94062422975776,3459.482760698731,2.273807959322198,0.43979087851292914,7866.199436414705,0.19150210335049642,0.13173711,1091.69257425,1003.62163883,0.0,0.0,58.00622234,,,,
3341,material_r_nocable,3,False,1.1654291724899792,0.8378347194456723,17.277012018210588,1468.2904658325028,4693.434815283046,3.9877410253268963,0.25076854129914933,18716.202562601768,0.3217143294194858,0.02288757,2813.61390118,2095.46796445,0.0,0.0,88.7324811,,,,
3344,material_r_nocable,3,False,0.9514084766627093,0.890652215785319,47.45198069746552,445.0618014209763,2549.9258720301177,3.4867329616939036,0.28680143016005044,8890.910587883482,0.45494031852915306,0.29530975,856.75191313,502.59257565,0.0,0.0,13.06043842,,,,
3345,material_r_nocable,3,False,0.9799715554929407,1.282018331204347,11.324950433072761,904.0093528679423,4295.748097915261,1.7843495505685887,0.5604283082770115,7665.1161878709645,0.28725754023880723,0.11323012,2772.4078596,2681.36279254,0.0,0.0,149.33776639,,,,
3346,material_r_nocable,3,False,1.3356803730233875,1.3743824042475206,67.74132149412553,1605.6965420545737,9150.36686470848,3.8647132051778437,0.25875141230666887,35363.54365426065,0.116227237378859,0.03942416,15200.82088282,15145.93164737,0.0,0.0,729.80727278,,,,
3347,material_r_nocable,3,False,1.3017408501847967,1.0942911593258628,17.473862660507777,812.1471313712543,17760.683045464888,1.775040994816956,0.5633672703447172,31525.94050165064,0.4388095070665875,0.024647,8700.65069629,8680.10098277,0.0,0.0,548.44766749,,,,
3348,material_r_nocable,3,False,1.118310148940506,1.3151630936685277,89.06518504202008,386.3686399344808,6427.176332328785,4.34301234149758,0.23025492938276448,27913.306132285066,0.21638921080956242,0.0141159,10247.63270268,10242.21883457,0.0,0.0,522.38043507,,,,
3350,material_r_nocable,3,False,0.9844037671317477,0.83197005605611,11.123012389956665,1022.2003521024724,6571.268936391199,1.4563082245958348,0.6866678242358532,9569.792998097626,0.1751766661377254,0.3393835,2266.22437052,1265.47685478,0.0,0.0,54.37969936,,,,
3351,material_r_nocable,3,False,1.189029210815872,1.3259008132781225,0.0481001361416741,863.3940497548796,10991.569062422486,3.752451206373691,0.2664924725207511,41245.326588227,0.16790964301734096,0.02087829,15384.96261155,15368.23908174,0.0,0.0,767.91919651,,,,
3353,material_r_nocable,3,False,0.9260081998019469,1.2620976913649433,28.063535907535282,1248.37330858006,6713.07628446422,4.7146816417987445,0.2121033986970285,31650.017518357985,0.4017959444861404,0.04209612,10229.62224681,10171.26958314,0.0,0.0,583.21069155,,,,
3354,material_r_nocable,3,False,1.3302006346555135,1.3251608286459433,34.91169033754736,681.5425224277387,6305.511059072298,4.114869973610062,0.24302104475069938,25946.35812524278,0.21758077358795547,0.02424118,10155.79686316,10140.26776044,0.0,0.0,494.43609271,,,,
3355,material_r_nocable,3,False,1.1246929467030116,1.1636392118345167,34.38181308506661,841.8193842074617,8718.10022631444,1.3827361218443288,0.7232037871883858,12054.832096784194,0.13908672805082284,0.10443495,2437.01368354,2322.58990147,0.0,0.0,128.7308917,,,,
3356,material_r_nocable,3,False,1.3707005383923487,1.2801224560194857,81.42075218988126,700.2230756293225,17689.076616978226,1.6239584964532399,0.6157792838819597,28726.326266554122,0.20635522978979975,0.01761579,10873.44211701,10861.88755996,0.0,0.0,655.69616537,,,,
3360,material_r_nocable,3,False,1.0108225214331625,1.2530356491309445,56.741320064190504,806.6637915237156,2592.213082528041,4.606756343401247,0.21707247474297348,11941.694061383752,0.15154554701960476,0.08942034,3657.85324437,3570.89184231,0.0,0.0,179.69247703,,,,
3361,material_r_nocable,3,False,1.1540578082684902,1.2011150061031848,49.69623116346924,1161.7874823396482,1084.0910066877043,1.5654983023029674,0.6387742474897122,1697.142630511516,0.3689370862576101,0.3576681,1375.71409848,1108.07199838,0.0,0.0,34.81851298,,,,
3364,material_r_nocable,3,False,1.1063858516020706,1.196314714830575,10.380733244873454,1648.849247613688,2339.703423929581,4.314171232414573,0.23179423025365545,10093.881203898876,0.3364685561200194,0.18914375,3535.8181547,3256.93816739,0.0,0.0,145.80048741,,,,
3366,material_r_nocable,3,False,1.3166987976464728,1.3025594548351862,64.53671580295737,1598.9065361572852,19265.53776575064,2.8266580927371545,0.35377465798548846,54457.08823649232,0.2614517826920057,0.02492422,20673.74344332,20636.33721414,0.0,0.0,1092.94451336,,,,
3367,material_r_nocable,3,False,0.9677302372298205,1.104787941338563,68.5950947137524,1103.744364145326,3805.866610022292,2.4164012641124932,0.4138385519208394,9196.500887501395,0.29646719182991743,0.21546663,2091.09427775,1855.28155705,0.0,0.0,84.75960259,,,,
3368,material_r_nocable,3,False,1.2654216611060982,1.2322314520853923,36.26252183038417,1948.6596994307001,12613.527339080998,2.299820747869481,0.43481649642755194,29008.851878237405,0.32828795260253696,0.06173258,9567.75380194,9446.80305401,0.0,0.0,521.37541139,,,,
3370,material_r_nocable,3,False,1.1433410069076784,1.122321698398933,26.052399324746847,1272.610343865658,1727.2992460434502,4.967533766492624,0.20130713690267674,8580.41732955809,0.30163707808029594,0.22512374,2469.55470136,2175.20138531,0.0,0.0,85.39642943,,,,
3371,material_r_nocable,3,False,1.355512277360064,1.3516090894031703,10.3068035965166,1298.411932396261,19189.748089958124,1.798172350526046,0.5561202182357298,34506.4744289227,0.47081442601047974,0.01673597,22004.00598086,21987.58125146,0.0,0.0,1291.55988615,,,,
3372,material_r_nocable,3,False,1.2253228898326403,1.0602025850248953,18.295191378371392,1289.0901980040649,12885.803964297489,3.9408008805998,0.25375552591933986,50780.38760973994,0.29599198986384667,0.06824109,5527.97885243,5364.23915966,0.0,0.0,304.51431715,,,,
3373,material_r_nocable,3,False,1.1682074932827629,1.2782166459627415,26.885308596282233,1138.5516639675834,13333.551060039066,3.7425059301986927,0.2672006454100419,49900.89391280327,0.3426179214810994,0.02253371,17638.69560975,17613.51962727,0.0,0.0,909.48497737,,,,
3374,material_r_nocable,3,False,1.2740785274217565,0.9090358117758095,24.205667791333703,771.324434892014,12103.807131905269,1.0725176628338768,0.932385577089457,12981.54693650305,0.18015638400179765,0.08371969,4171.70910915,4041.62883996,0.0,0.0,215.05711245,,,,
3375,material_r_nocable,3,False,0.8087907353718241,0.9947289300262192,83.07784705666253,1755.0347229344839,5813.769015608619,4.980834615190336,0.20076956519500624,28957.421957664454,0.13445773680730866,0.26527982,4332.24399507,3386.52443942,0.0,0.0,165.9136669,,,,
3376,material_r_nocable,3,False,1.2617723086445038,0.9383469536242639,32.74692199808624,1735.47807041801,13450.244704555467,4.308758588681655,0.23208540915400153,57953.857390623314,0.21001562298381982,0.14184596,5545.21366734,4621.81436745,0.0,0.0,244.97112128,,,,
3378,material_r_nocable,3,False,1.3512402214753712,1.2500071290291963,62.310970861335115,1939.94539764414,13280.938286076671,3.009615485498028,0.3322683594693563,39970.51752771999,0.3172650460625913,0.04338078,14015.24839407,13931.09029208,0.0,0.0,743.63029922,,,,
3379,material_r_nocable,3,False,1.1538120702338281,0.8580484721243375,52.92372203342538,503.56121206993004,4267.863766628445,4.9523047463285845,0.20192618411485175,21135.76198815784,0.43418972703603764,0.01861631,2709.36123209,2429.94806189,0.0,0.0,79.59938819,,,,
3381,material_r_nocable,3,False,1.3737202660409782,1.1421886203660632,8.929907974327298,505.21489794308997,19815.833776316766,4.8878422627448375,0.20458925354895469,96856.66980340771,0.1602682222466953,0.00988173,15932.58708937,15924.88192716,0.0,0.0,846.49386015,,,,
3382,material_r_nocable,3,False,0.8512655440876588,1.2789438032858875,20.838763965327512,298.6072679843897,3135.143948158259,3.7992371540529897,0.2632107340109605,11911.155371147237,0.29853321413061673,0.02682015,3832.08067863,3822.12970638,0.0,0.0,229.76285513,,,,
3383,material_r_nocable,3,False,1.0479625044476333,1.193363652048626,86.03179339529967,867.1570338746802,14393.788748033305,3.531214936997161,0.28318865258606146,50827.56182703687,0.2850585816180441,0.02871027,11212.38705133,11179.70379148,0.0,0.0,564.34997777,,,,
3384,material_r_nocable,3,False,1.3980078407680814,1.3696299351219783,82.98211793100687,1057.4210803087917,8233.251554428685,4.899165592263369,0.20411639108079407,40336.06272790591,0.13974279035300877,0.02347378,17347.9685078,17325.20560517,0.0,0.0,803.30469091,,,,
3385,material_r_nocable,3,False,1.2271306381589326,1.1488954456190763,58.73127180517314,201.82442481430112,3152.918274478417,1.400348824513249,0.7141077869277269,4415.1853994521925,0.3882805092110583,0.04301351,1270.25979631,1260.82587732,0.0,0.0,76.91061896,,,,
3386,material_r_nocable,3,False,1.2648683310189406,0.9369616062685898,54.26966589957228,402.98941542359205,5607.771235182094,1.3639024846077297,0.7331902473127386,7648.453120776615,0.2568197651626787,0.08456505,1788.45324951,1738.83395415,0.0,0.0,95.17057086,,,,
3387,material_r_nocable,3,False,1.1449966938201777,0.8006732415877008,58.94088043929078,1531.6422338453247,1822.0169941124955,4.859916159094921,0.20576486656638812,8854.849831832873,0.463136546219025,0.39915702,1864.12474172,1282.98138448,0.0,0.0,45.02219843,,,,
3388,material_r_nocable,3,False,1.1046806145942782,0.9173104474274492,78.81079358960962,581.3368611973306,2986.85556651197,3.8009762523079496,0.2630903046007722,11352.967077385807,0.46076235307489033,0.22537085,898.47243591,723.66056383,0.0,0.0,33.42315355,,,,
3389,material_r_nocable,3,False,1.168751449731009,1.150629182157201,58.11560718431167,964.867452897582,19332.0004168587,2.0282181466572813,0.4930436115306956,39209.51405665894,0.4671594982489381,0.02812112,9896.1563921,9864.01639872,0.0,0.0,570.37326674,,,,
3390,material_r_nocable,3,False,1.2439740205232943,1.0312150224346146,30.870758899707457,677.3810944835426,13992.80686886158,2.4041437637841114,0.4159485031901772,33640.71937160905,0.16308032520457033,0.05275494,3643.13564606,3600.99843232,0.0,0.0,220.3448039,,,,
3392,material_r_nocable,3,False,1.13827636609888,1.391424684245484,85.16335273864154,1074.9753410728952,8964.057348105176,3.704727474096653,0.2699253877625199,33209.38953690323,0.2548414381202837,0.02384684,15895.12459584,15874.69860617,0.0,0.0,854.0803168,,,,
3395,material_r_nocable,3,False,1.342679310609506,1.0961910610686054,13.202830995714969,384.37850376767324,8681.598650147858,4.680006452791998,0.2136749190598701,40629.93770324228,0.24664233780967373,0.01988876,5629.04432111,5616.62023941,0.0,0.0,318.54489312,,,,
3396,material_r_nocable,3,False,1.0257585786031789,0.9673270662296504,86.81422089267274,1055.7463218897979,1107.3086490862918,3.887470081778804,0.25723670638319773,4304.629244617864,0.36750565441722804,0.38741974,1448.4742494,1094.02739511,0.0,0.0,29.39340451,,,,
3397,material_r_nocable,3,False,0.8670835402349888,1.1652826560458354,89.93498199076049,685.8587545238292,11082.163321942651,2.180445415142837,0.4586218912223912,24164.052205193966,0.15005800393861665,0.08861103,5241.26662344,4734.32428337,0.0,0.0,238.64126003,,,,
3398,material_r_nocable,3,False,1.012643495008728,1.0756611105598264,56.184351864411994,1715.965399380557,3254.85091248168,4.272362819056466,0.23406251817837087,13905.904020058742,0.28486815113258546,0.24432813,3154.69467628,2734.89125917,0.0,0.0,112.17991478,,,,
3399,material_r_nocable,3,False,0.9804080069070752,1.3399328816785956,53.01780973338966,1511.660092540096,6636.3633427785535,1.2051240830120546,0.8297900723223678,7997.641288000818,0.11053907130792198,0.15245935,3735.84110904,3516.19507436,0.0,0.0,195.70505004,,,,
3400,material_r_nocable,3,False,0.879594619953547,1.3679526832412487,47.690151716577546,944.1826856865678,7017.099572760711,4.668748648629292,0.21419015570555336,32761.074147623756,0.4864902212347758,0.0171967,16297.63135415,16284.72881103,0.0,0.0,1084.85938979,,,,
3401,material_r_nocable,3,False,1.3026189915633948,1.2263547385035602,5.395089732542987,696.8329201588581,17122.840088405723,3.8089487341552406,0.2625396322698953,65220.02007987558,0.43311288629877154,0.00997764,22961.093233,22953.84776256,0.0,0.0,1184.11783265,,,,
3402,material_r_nocable,3,False,0.8785015122582596,1.0718465730836926,2.7559466622060604,1453.5119261670663,16011.676099412138,3.351972733841988,0.2983317823274215,53670.70170833892,0.4431189596612931,0.12103912,5802.11019706,5352.31102459,0.0,0.0,248.84291052,,,,
3404,material_r_nocable,3,False,0.9515947194556664,0.9990610908932032,19.88749270979876,513.0939702873475,19683.014027033776,3.5792831879528184,0.2793855494211267,70451.08119520149,0.4163433129686286,0.12587775,2414.26651655,1846.12724558,0.0,0.0,73.01033269,,,,
3405,material_r_nocable,3,False,1.181718466234915,0.9505345550479386,67.46187315668136,1413.350702755425,2097.7794751300735,1.1096021779392122,0.9012238979714614,2327.700674440507,0.40668468740862296,0.36603927,1578.24004117,1254.51005996,0.0,0.0,48.98552808,,,,
3406,material_r_nocable,3,False,1.3565081775933696,0.9716875930490076,38.30438786267326,1485.0051084504655,15221.97014932221,1.0077826514562425,0.9922774504552181,15340.437437471712,0.2054599518497402,0.0770846,6483.85715808,6375.70484495,0.0,0.0,375.29198055,,,,
3407,material_r_nocable,3,False,0.9081684063486238,0.9837127295156521,89.6861124476739,710.1568623835096,6196.0342638020575,2.99786623805041,0.3335705867418307,18574.881929255716,0.2453750225876518,0.22804109,1745.9228806,1311.31044678,0.0,0.0,53.27207448,,,,
3408,material_r_nocable,3,False,1.0386598740094146,1.3989487156238742,87.64429136562133,687.392930258811,5503.255695382892,2.5378397955041154,0.3940359047767869,13966.381308577376,0.3572475058284377,0.03066692,7083.49630558,7068.456738,0.0,0.0,424.51284073,,,,
3409,material_r_nocable,3,False,0.8343264925686291,0.8784679658529148,32.162965388801304,1833.4689024366419,2314.87098335035,3.273039598103648,0.3055263983299761,7576.664393006826,0.12476667529055953,0.51564571,2480.30125806,1843.75747181,0.0,0.0,81.20179886,,,,
3410,material_r_nocable,3,False,1.162848552561082,1.1215870749518198,17.987247862159307,1195.3016047502615,8774.030085980925,1.5552226639741238,0.6429947448455126,13645.570444108365,0.1056968081206854,0.13999741,2568.87564835,2344.63924427,0.0,0.0,127.97741006,,,,
3411,material_r_nocable,3,False,1.2067509789975213,1.1685218784998384,24.048851944163935,968.9557312967816,2697.5280237272564,2.479098410829071,0.4033724500938935,6687.437436789125,0.49217574385760265,0.12858229,2402.11793167,2280.46512449,0.0,0.0,118.29589354,,,,
3412,material_r_nocable,3,False,0.903148139703501,1.3902529572101945,47.09607405847601,708.3798776197216,19625.66025251502,2.9369269498602577,0.3404919553915296,57639.13050441263,0.22337823361768805,0.00871787,26735.6314911,26730.13999259,0.0,0.0,1666.26054601,,,,
3415,material_r_nocable,3,False,1.3176490870714233,1.1166335982914302,81.63070411703761,670.7389843824568,18857.633241397514,3.25638714427386,0.307088793713743,61407.75445871827,0.29768913608519965,0.01699823,11151.00471565,11135.55922845,0.0,0.0,650.74745274,,,,
3416,material_r_nocable,3,False,1.2863600465702536,1.057755027294117,49.06645300250035,1263.3117131272818,2890.507096217992,2.2697952573422873,0.44056837142699123,6560.859298309825,0.3733697567476162,0.2025244,1978.09179753,1733.08647327,0.0,0.0,87.7095173,,,,
3417,material_r_nocable,3,False,1.075999182249074,1.3782041634981255,12.243501150094858,1148.4203493771706,4231.539642651198,1.8907869189695388,0.5288803248887456,8000.939803425922,0.22927247699692546,0.10067385,3819.22913545,3737.17599054,0.0,0.0,210.26605717,,,,
3418,material_r_nocable,3,False,1.3094474995421734,0.86246224425407,21.392328127083516,1135.9499707767723,6449.360682580347,3.1472079279433807,0.3177419550583918,20297.4790703832,0.2069676355430936,0.16276643,3803.2286639,3000.45803975,0.0,0.0,167.45542883,,,,
3419,material_r_nocable,3,False,1.3418171911531642,0.9198398453914506,58.42576882851699,526.399540456434,18572.618371469936,1.6294199830238354,0.6137153161361295,30262.595511548716,0.4410057020108952,0.02069684,7383.62863066,7375.5152097,0.0,0.0,483.71896619,,,,
3420,material_r_nocable,3,False,0.8363547029424223,1.2160180774711185,43.83735199704215,1789.1615675875091,13163.770648915526,4.594556840834285,0.21764884724299524,60481.6924861484,0.3671193453028343,0.04251139,15004.04171246,14900.40355609,0.0,0.0,866.32148467,,,,
3421,material_r_nocable,3,False,1.1259895738865682,1.299459277660445,12.673098846931063,1903.2623228823497,10724.213998721123,4.431895385403334,0.2256370949760117,47528.59453300998,0.4946700904671141,0.03044231,21235.58007025,21182.16685474,0.0,0.0,1136.82516895,,,,
3422,material_r_nocable,3,False,0.9286594754114259,1.0366159849002412,27.461409635487048,243.43516489365135,10465.51188202661,4.927525029084704,0.20294163786028535,51569.07174086948,0.18272410621683083,0.07153772,2789.64146152,2275.86262953,0.0,0.0,96.32345899,,,,
3423,material_r_nocable,3,False,1.315671316650468,1.1542453236282169,88.86370576727164,1846.6873507488071,3955.0215254538284,3.0925745270639626,0.32335518230805027,12231.198823608165,0.2697828053423819,0.17045087,3664.70029675,3333.98972596,0.0,0.0,159.21707155,,,,
3424,material_r_nocable,3,False,1.0350981950823441,1.1153606732410348,30.132661586190476,1357.053274475666,1538.344425692523,3.604578334250933,0.2774249599455049,5545.082987466963,0.1996469816782816,0.31794768,2081.91353938,1768.56916218,0.0,0.0,71.33450616,,,,
3425,material_r_nocable,3,False,1.1753436856531514,1.1342145831165058,51.879915989567785,1593.1004096853153,15076.493290890849,4.5867069051117575,0.21802134313084792,69151.45588220014,0.44902822221542527,0.03866782,14191.64484112,14101.10558389,0.0,0.0,704.71384681,,,,
3426,material_r_nocable,3,False,0.8425720570145155,1.2580897726880427,38.867746829195006,663.1470030408638,4793.727144156976,1.1972035045259857,0.8352798803374156,5739.066936726076,0.32749884981343336,0.12802857,2003.38225704,1902.24979771,0.0,0.0,109.51127952,,,,
3427,material_r_nocable,3,False,1.3320528320277076,1.1583949576916073,6.350410041641932,1312.8251175458036,14426.425811783889,3.5120507599231003,0.2847339256628216,50666.339735249836,0.46678463775537116,0.02649949,15187.79581712,15149.25908057,0.0,0.0,819.76692894,,,,
3428,material_r_nocable,3,False,0.9852449008566849,1.0033885921979604,41.64984588253808,1072.4483609873457,1250.6379074202491,1.635577914385482,0.6114046852825835,2045.5157402698346,0.49817201692081736,0.41210628,1242.41283387,932.54123224,0.0,0.0,23.57455043,,,,
3429,material_r_nocable,3,False,1.3689952698513808,1.1470246525234078,67.31881299892132,352.4104980085307,12804.23691080626,4.769883213719236,0.20964873880429177,61074.71470533903,0.3374516115056657,0.00837966,13467.18141967,13463.21589575,0.0,0.0,698.37163007,,,,
3430,material_r_nocable,3,False,1.1598801018996545,1.0083019021585775,25.33020529505598,804.7147870109898,16085.094323073326,1.5979921984947962,0.6257852828955826,25703.855240324112,0.16876460725763917,0.09054498,2883.20064354,2795.46535203,0.0,0.0,151.95385151,,,,
3431,material_r_nocable,3,False,1.1199040915253813,1.0446678415744106,86.13195681516133,1319.0430518609714,19301.724215044174,4.455268402990871,0.22445336836018429,85994.36201853008,0.3873443267868899,0.06148662,6876.05656908,6663.68132283,0.0,0.0,351.26815406,,,,
3432,material_r_nocable,3,False,1.0958343380983022,1.362733129591867,10.186107493014743,929.8780231993444,19866.91882559988,1.9747785877120405,0.5063858835732011,39232.76590060788,0.3490595197194398,0.01615235,17858.33996664,17847.03415154,0.0,0.0,1047.6579541,,,,
3433,material_r_nocable,3,False,1.072717253003158,1.1247799257455595,78.57466945459285,206.12752134387637,11405.730713865401,4.2205928657380785,0.23693353796756808,48138.945679469995,0.28845056249194456,0.01137549,6781.58983855,6777.15631235,0.0,0.0,328.92449829,,,,
3435,material_r_nocable,3,False,1.2123842320758262,1.3769743442208788,81.07510566219649,529.8496903533994,15934.917039793698,1.8788651773757548,0.532236166831682,29939.560730439924,0.24791621126608068,0.01206143,13625.87323309,13620.86972754,0.0,0.0,772.81618296,,,,
3436,material_r_nocable,3,False,1.235566329045353,1.2606074082758574,78.65290570404179,1241.4222956957283,3522.09381432643,4.332032141669282,0.23083854581343555,15257.823609636658,0.3467664972182497,0.08124505,5548.57622944,5447.7511768,0.0,0.0,264.65797754,,,,
3437,material_r_nocable,3,False,1.0619185296337723,1.0205851213761385,51.295802596808365,219.81824149851838,5219.133870802369,2.237209039177716,0.44698549956134137,11676.293472437641,0.20749054116088428,0.10405649,628.02934066,558.67767375,0.0,0.0,31.87180609,,,,
3438,material_r_nocable,3,False,1.300433663980907,0.9443690669992835,54.62303709186385,723.9432652818385,14174.794386897316,1.8899649723621932,0.5291103351773442,26789.864881672158,0.4027150710912488,0.04473166,4865.36417683,4838.94355818,0.0,0.0,302.01298774,,,,
3439,material_r_nocable,3,False,1.218553301022284,0.9519173786184971,34.80535550563483,1864.7877554694242,13144.587072633221,4.174986631612393,0.2395217250345534,54878.47530630878,0.4135870152716108,0.13688292,3983.00316734,3682.12226453,0.0,0.0,218.93794199,,,,
3440,material_r_nocable,3,False,0.8989363254764209,1.3856284076815104,76.2765595862877,597.8259787864747,10126.836949998074,4.98674000535422,0.2005318101457683,50499.90294625471,0.24299614038165704,0.00838738,23357.50497249,23353.17484805,0.0,0.0,1459.83895204,,,,
3441,material_r_nocable,3,False,1.2992286419616437,1.0382358896697963,14.579737251142202,793.3310785790197,16458.465289236232,4.321311678408667,0.2314112182642314,71122.1582630602,0.3920435818825525,0.02617562,8232.91800979,8198.5574536,0.0,0.0,501.0155218,,,,
3442,material_r_nocable,3,False,1.0239717396708157,1.3645695380229377,44.09910251274004,827.0265988903602,17561.48687382201,3.418212599825481,0.2925505569931653,60028.89570376819,0.44724147406595505,0.00888002,29527.77065586,29522.02309298,0.0,0.0,1762.65853439,,,,
3443,material_r_nocable,3,False,1.3129591764806714,0.934794984811331,49.31872700002188,1136.9215866433988,10572.191764537421,2.240851958448954,0.446258841968377,23690.716620661584,0.17256700308104728,0.10571329,4398.6608474,4163.73683528,0.0,0.0,226.83291541,,,,
3444,material_r_nocable,3,False,1.3274189317628156,1.17757740310681,2.9875195530934753,1916.8212929194472,16050.49724160836,2.494546462243231,0.40087447363106876,40038.71111129887,0.19691633802888833,0.05832518,9403.13857109,9271.85541227,0.0,0.0,535.10200681,,,,
3445,material_r_nocable,3,False,1.0438163184107938,1.3926990768334657,11.017685022580427,303.78234115119074,10742.32296263704,3.5060766502453595,0.28521909238065823,37663.40770869628,0.25342710137345814,0.00585034,17821.19230798,17819.67925001,0.0,0.0,1014.35904209,,,,
3446,material_r_nocable,3,False,1.2323035831680136,1.2207948297097402,50.83447898501026,667.1672500534071,8937.194682172296,1.0547381313238677,0.9481026335369496,9426.400018352015,0.39327955650139146,0.04620809,3912.41511826,3882.96249765,0.0,0.0,236.38622904,,,,
3447,material_r_nocable,3,False,0.9747958496133218,1.1141906679677775,50.274641392816264,1893.175722034446,2511.3601424984963,2.5239993170606345,0.39619662067284817,6338.671284559502,0.4764299053847021,0.29209073,2671.99401028,2265.06846117,0.0,0.0,96.56075799,,,,
3448,material_r_nocable,3,False,0.8276281611953686,1.3119987320584743,89.42039296131209,1969.1942786755017,8512.455918463324,4.582188372744882,0.21823633570982306,39005.676533086,0.2529532401746837,0.0457135,14374.09591458,14283.89735945,0.0,0.0,897.79073229,,,,
3450,material_r_nocable,3,False,0.9097416478265767,1.2138481280154538,21.909408683438667,1019.5044231996227,11122.740792402796,4.253383046039195,0.2351069699521215,47309.27711189461,0.3839978077625056,0.03121914,11795.94757292,11748.89657575,0.0,0.0,649.66021101,,,,
3451,material_r_nocable,3,False,0.8163074008936533,1.0555158023469127,14.122847109914375,870.1549322630574,12735.044570079572,3.7200814232828483,0.2688113205644658,47375.40272983212,0.35336165595406355,0.12833653,5317.5685363,3756.64321921,0.0,0.0,183.38615013,,,,
3452,material_r_nocable,3,False,1.3856680802952832,0.9810403339120208,23.366665870275934,762.692659106511,14715.375294074598,3.6419339051414474,0.27457939271996795,53592.42421037108,0.3805370026376964,0.02877073,6765.80660276,6745.24175767,0.0,0.0,468.30652497,,,,
3453,material_r_nocable,3,False,1.2163070807798035,1.1743024012363488,46.85998856652997,1287.831235608509,4026.1396580159367,1.6688242144210115,0.599224286991152,6718.919351937725,0.1323172263526802,0.19978109,2126.34778499,1872.37682438,0.0,0.0,89.75801868,,,,
3454,material_r_nocable,3,False,1.15635286629245,0.9792037194379402,81.19424908158173,1088.6262370314166,9037.590922343767,3.9238979671251792,0.25484862460188895,35462.58464789368,0.2661631330072347,0.14932083,2215.82631962,1942.58736324,0.0,0.0,108.35070333,,,,
3455,material_r_nocable,3,False,1.272057356539261,0.8207187594289792,6.702115558435283,270.52831219327715,1372.5161867895695,3.7079105647346764,0.26969366777905446,5089.167269266397,0.273090562770836,0.20026683,968.7755021,623.30842971,0.0,0.0,34.85333258,,,,
3456,material_r_nocable,3,False,1.399090735579116,0.9724541793128711,42.33786532823103,1636.4807102575849,3672.145450694582,1.9620388951119403,0.5096738920371642,7204.892202771136,0.23848646850265895,0.21588757,2315.83730192,2133.87401935,0.0,0.0,128.50180176,,,,
3457,material_r_nocable,3,False,1.1322427397670594,1.2882710590344248,29.069368106870325,368.1102524099777,2570.808885500229,1.81230355055423,0.5517839435309746,4659.086070988427,0.47392466932955524,0.0534961,2035.79266638,2018.8084078,0.0,0.0,117.84925062,,,,
3458,material_r_nocable,3,False,1.032041703921025,1.3201729080095217,3.516462030091229,538.3310270494609,13536.298878046988,4.685915865628164,0.2134054534216325,63429.9576745251,0.377936947750822,0.00724637,25678.56239326,25674.92992106,0.0,0.0,1427.35739927,,,,
3459,material_r_nocable,3,False,0.9920270528202648,1.255475927844161,31.73694076011387,1117.7021900042996,4913.074143485809,4.6605487309313585,0.2145670086792894,22897.62146439446,0.352557382659091,0.056032,7228.26703246,7160.79004054,0.0,0.0,384.92910953,,,,
3460,material_r_nocable,3,False,1.289061196366704,1.1800030423361072,16.96696072246564,1563.195894454976,13495.166919714016,2.6775394472256018,0.3734772240372311,36133.84177442829,0.4779747199240548,0.03805679,12201.13589618,12140.40773835,0.0,0.0,678.34449309,,,,
3462,material_r_nocable,3,False,1.3352838124816953,1.309994036481393,75.43149389810463,1458.2948890270004,8368.279893555638,3.463207155437274,0.28874969215456514,28981.086806063755,0.3787680030328663,0.03710027,13040.91394158,12992.00797574,0.0,0.0,670.72788095,,,,
3463,material_r_nocable,3,False,0.9860642001118234,1.3175572558333846,68.19136380277584,1919.153036693082,18387.91463199893,1.3097695172032695,0.7634931084174905,24083.930069928174,0.3560173764498811,0.06400154,9304.68011035,9210.42991157,0.0,0.0,555.40004282,,,,
3464,material_r_nocable,3,False,1.2201800223391581,1.2807986691664826,36.67594291176422,726.9887457180726,16810.958955560054,4.861556585579274,0.20569543568952328,81727.42822030585,0.2941532761683051,0.00949589,28364.09882215,28357.02634327,0.0,0.0,1386.05160894,,,,
3465,material_r_nocable,3,False,0.8076743310009867,1.0533477039965589,76.08217854630541,959.8702851840951,9847.646686387734,2.8983780366841265,0.34502055540830845,28542.202868851426,0.1681573130040801,0.16866757,4530.16590577,2952.50137056,0.0,0.0,145.44452223,,,,
3466,material_r_nocable,3,False,1.0666005827269318,1.308721353641769,55.20407185492038,1878.5271725798887,12784.39269741475,1.6715238469371192,0.5982564962099634,21369.41726233752,0.13859407697137813,0.0858192,7709.21166829,7564.64440225,0.0,0.0,405.97910392,,,,
3467,material_r_nocable,3,False,1.0969043662292561,1.1122756192889165,35.14519376053592,1518.565087049345,4950.330277428764,2.308009909072136,0.4332737030587616,11425.411333485403,0.3659456819310444,0.18710419,2853.45664022,2541.10439338,0.0,0.0,118.80250355,,,,
3468,material_r_nocable,3,False,1.152104564065628,1.159200747658875,33.33116093705473,1208.5345470316634,11365.883564219881,1.544353528024118,0.647520131792248,17552.942381514313,0.46180272864259486,0.06876198,4988.78497068,4896.68598475,0.0,0.0,286.33008862,,,,
3469,material_r_nocable,3,False,1.053387313479428,1.2201063032987682,5.165871687193361,1395.140058558579,6960.831915204082,3.6669088757557224,0.27270925836516935,25524.736332505552,0.318420613857142,0.07340315,6986.28977481,6871.6746881,0.0,0.0,349.99212612,,,,
3470,material_r_nocable,3,False,1.1916814357130074,1.2928977661324483,36.90557087584066,1346.7244742815728,14651.256895623546,3.897763869092958,0.25655735790703715,57107.13976456051,0.33086048891846465,0.02228881,21265.43287983,21236.82603135,0.0,0.0,1087.28730874,,,,
3471,material_r_nocable,3,False,1.137128191635131,1.2844298153015048,4.628498528023659,900.4362587108086,2816.9264858225683,1.5889900713405396,0.629330552806008,4476.0682176682585,0.40365069328215786,0.13462891,2069.82707865,1972.66507447,0.0,0.0,108.2068873,,,,
3472,material_r_nocable,3,False,1.0048108513361753,1.077843901885822,59.94420042231255,451.0612262576651,6488.432828961272,3.5565224347843163,0.28117353913462506,23076.256922791832,0.39840236507612015,0.07279438,2363.81550581,2286.65545515,0.0,0.0,109.85229827,,,,
3474,material_r_nocable,3,False,1.3228357508718884,1.077162770870156,35.936289014534374,1182.1730797420341,9716.993793764848,3.287985846451189,0.3041375622341339,31949.338063952866,0.22483471705014244,0.07023794,4577.65903753,4462.34046319,0.0,0.0,273.9330032,,,,
3475,material_r_nocable,3,False,0.8480246091869736,1.1265055766288852,5.952945759341946,1108.8676435815396,3275.063024038832,4.229269072130141,0.236447476607662,13851.122756844445,0.26873208637980517,0.17012253,2910.90249924,2653.75540851,0.0,0.0,136.20759924,,,,
3476,material_r_nocable,3,False,1.3696351880901583,0.9222278321351222,22.49707211271058,1632.6273386172993,11585.056171442548,3.5007757364435337,0.2856509743225963,40556.68355032149,0.3101637766444892,0.10090681,5463.14771338,5206.36893454,0.0,0.0,319.0630299,,,,
3477,material_r_nocable,3,False,0.9982142902455928,1.3232555579680232,8.457627518582989,1772.3730956254717,16253.537254017294,4.358741373451244,0.22942402733296416,70844.9652940163,0.4770467633267802,0.01842069,31336.68015395,31308.04877055,0.0,0.0,1833.18031309,,,,
3478,material_r_nocable,3,False,0.9044404988716461,1.017274926295145,37.24833471189268,802.0674384459055,16670.632487295657,4.186426798295316,0.23886718869829351,69790.38258934703,0.4291640090223655,0.13014115,4027.44019632,3187.80698276,0.0,0.0,135.19160994,,,,
3479,material_r_nocable,3,False,1.2316241590437456,1.3449574521671772,85.58635004890087,1361.276961655284,10178.478789311966,3.6128706240926407,0.27678821193635916,36773.52701585523,0.26533596289626404,0.03071484,15655.96329815,15619.74436361,0.0,0.0,799.32776531,,,,
3480,material_r_nocable,3,False,1.3395680374613166,1.1375763917685504,86.33978014627264,990.7181808822427,19419.52055481478,2.1438910976983037,0.46644160287507463,41633.33723903663,0.46975208659725776,0.01958277,13744.76922824,13725.79450893,0.0,0.0,835.46493657,,,,
3481,material_r_nocable,3,False,1.3608248462096832,1.109416428709915,75.72086394020621,1731.9969770610783,17142.335048628665,2.5403839858849118,0.3936412784666733,43548.11343820991,0.46570340084222106,0.03736647,12636.7266048,12570.1953169,0.0,0.0,763.70589811,,,,
3482,material_r_nocable,3,False,1.178779447211237,0.9155989489302102,53.6130447831549,1438.9234302888424,7908.823112833793,1.9136403536511286,0.5225642310960107,15134.64305860748,0.18742702802259362,0.22218736,2880.76516062,2313.09426558,0.0,0.0,118.63511512,,,,
3483,material_r_nocable,3,False,1.2028962442195517,1.2073249820491676,85.74960661721171,627.8364526574327,8660.800047803874,3.1625301381677895,0.3162025202325343,27390.04117182478,0.336595788462116,0.02810273,7354.88758596,7334.44975538,0.0,0.0,383.52939991,,,,
3484,material_r_nocable,3,False,0.825378532089807,1.1862489242638612,51.17482220889028,712.2104263385468,10845.309760884977,4.3499458910079625,0.22988791701229222,47176.51063107015,0.35196244358886386,0.02781397,9687.09639111,9653.48411945,0.0,0.0,540.75972119,,,,
3485,material_r_nocable,3,False,1.1578190442036513,0.8973098041455245,42.023252266940816,1146.2773382288963,18873.259390113042,1.2885586926459636,0.7760608854739641,24319.302445692218,0.3232415831542914,0.13031279,4508.17064817,3949.26896854,0.0,0.0,193.04916352,,,,
3486,material_r_nocable,3,False,1.3252712991563382,1.0594891616731796,66.49441791377728,1515.7609228625124,18730.844091658215,1.5638688000129735,0.6394398302413248,29292.582672851626,0.1376423330712016,0.06662951,6727.9287809,6649.38675802,0.0,0.0,400.45428665,,,,
3487,material_r_nocable,3,False,0.9014666625386202,1.0128743215773286,59.09640990980335,1436.4643862090147,5965.579404210469,3.02089461193883,0.33102776775062454,18021.386679272662,0.3584756079363506,0.25006918,2709.61937676,2231.72818018,0.0,0.0,96.31582047,,,,
3488,material_r_nocable,3,False,1.1799066735360375,0.8875645014024902,55.34365585527861,1242.0579503998686,11150.034702891207,1.9557675142000497,0.5113082167176813,21806.875654117826,0.15693824603307208,0.18175946,4272.83415287,3184.32752858,0.0,0.0,160.73974059,,,,
3490,material_r_nocable,3,False,1.3441752643571547,1.0585374482670424,59.35211920211036,540.4653869108342,4997.119308822792,2.7183627491555455,0.3678684900720657,13583.982982189784,0.4337347329120981,0.04988011,2871.48326469,2841.12678067,0.0,0.0,179.33688903,,,,
3491,material_r_nocable,3,False,1.2794114230533744,1.0255607611109405,36.0602504454261,1184.7442409144448,18092.179867107072,3.547015694161193,0.28192714276571096,64173.24593021595,0.3985263117691885,0.04199881,7463.29559904,7387.66415446,0.0,0.0,467.54433161,,,,
3492,material_r_nocable,3,False,0.9487117959117366,1.0350181030557661,70.55369729176921,1280.0318698923822,10605.335944275195,3.2514189241999047,0.30755803029782625,34482.38998671384,0.2843008685573768,0.1713355,3480.09816612,2980.17966571,0.0,0.0,128.4114163,,,,
3493,material_r_nocable,3,False,1.3203566927843524,1.2899392807659822,37.60455041987344,756.0473818961882,18116.222908751013,2.8724876907874544,0.3481302994638293,52038.62730894898,0.39582398688065323,0.01058325,22404.11987558,22396.85189778,0.0,0.0,1209.13847232,,,,
3494,material_r_nocable,3,False,1.0651049274682598,0.9968579654485377,37.038383156942466,312.5425023530687,9465.835346866725,4.276660325494209,0.23382731474808918,40482.16247560563,0.4438504957138645,0.07795699,1170.3921669,1056.37599488,0.0,0.0,62.03229187,,,,
3496,material_r_nocable,3,False,1.2444470281001152,1.2183580715405662,32.5691955884158,1359.0475022709613,19065.010470766374,2.7019153871649273,0.3701078149043307,51512.04514742412,0.24243670343206394,0.03172249,13562.07155429,13512.98967525,0.0,0.0,723.66619664,,,,
3497,material_r_nocable,3,False,1.3765687035372058,1.210548095077668,11.72316026314264,1384.0699104053324,4418.51820910825,1.4659492554122426,0.6821518523291503,6477.323478667675,0.37192184585446075,0.12091136,3239.25593977,3103.42098777,0.0,0.0,179.71205728,,,,
3499,material_r_nocable,3,False,1.1104567346073568,1.0336630151586284,50.904358029387495,1690.397762418807,13707.624303921466,3.0718043638886665,0.32554156500190573,42107.1401553323,0.10341656852283364,0.15360845,3630.23722936,3091.42166615,0.0,0.0,156.53583856,,,,
3500,material_r_nocable,3,False,0.9164291462052342,1.196760351909684,40.891436564419514,1066.9624114144763,5440.901387697062,4.13562138933022,0.24180163169190733,22501.508156196447,0.4912004360795398,0.06487686,5753.98410075,5665.12593071,0.0,0.0,315.11102495,,,,
3501,material_r_nocable,3,False,0.81422439328753,1.0846408296734937,14.909113734287995,1668.893854483058,4195.827540627884,3.936690420523461,0.2540204824810761,16517.674085358307,0.1955538398970286,0.23239768,3721.59037694,3188.67806524,0.0,0.0,165.59093147,,,,
3502,material_r_nocable,3,False,1.298002201949658,0.8951532530990667,67.17616980811303,1693.033642994294,16365.953857640745,2.4212204833603885,0.41301484390719745,39625.582709850736,0.2908753139822804,0.11048411,6792.01966411,6317.00625139,0.0,0.0,343.38011623,,,,
3503,material_r_nocable,3,False,1.019948655659252,1.2429154781428242,74.87239150577446,1152.8613684643935,1920.7239210959776,2.386673603494465,0.4189931956074106,4584.141082080156,0.45386629211278473,0.19389681,2094.56728168,1928.64816102,0.0,0.0,99.05673852,,,,
3504,material_r_nocable,3,False,1.3869117905136237,1.248940240209048,80.86926955742905,1995.0020834632278,19100.282668395823,3.947392048918223,0.25333181695850265,75396.30393731622,0.3948300909667598,0.02270497,28929.77263683,28884.17243796,0.0,0.0,1475.16778916,,,,
3505,material_r_nocable,3,False,1.1972480021799383,1.2019984465153,55.39973238686817,1168.3581591892325,8721.16575108683,3.313063576438065,0.301835439293054,28893.776594004896,0.34059755617861553,0.05066949,7729.51518357,7660.8913591,0.0,0.0,394.36315575,,,,
3507,material_r_nocable,3,False,1.0674249045333288,1.185164065602059,69.12762445460834,1664.1873566707245,2646.8775632511165,3.302764842771352,0.3027766273425932,8742.014159026094,0.2789979400579552,0.22134084,3086.67843831,2783.30112971,0.0,0.0,124.29684174,,,,
3508,material_r_nocable,3,False,1.3806651137675727,0.9661615074335886,64.67258331206806,1507.8729027709821,8283.719401507351,1.2928594449211877,0.7734792857246441,10709.684867315667,0.33186656230599143,0.10990953,4031.94601727,3936.28201687,0.0,0.0,250.59755226,,,,
3510,material_r_nocable,3,False,0.8455012064357581,1.2722140943824751,68.3568869112695,1622.0434330110636,12952.312152350685,4.870499678354722,0.20531774274499176,63084.23217197397,0.4081904440070091,0.02575348,20593.96688493,20547.99939044,0.0,0.0,1273.48143063,,,,
3511,material_r_nocable,3,False,0.834729199597413,1.0812546600074149,41.51637484248142,999.8667903778716,12930.68232548829,2.3668242224042855,0.4225070837682117,30604.652140180657,0.2560542290140112,0.02350798,4272.70080842,3080.71360538,0.0,0.0,125.32974595,,,,
3512,material_r_nocable,3,False,1.0435489625375876,0.9631220831683776,60.36375967233855,1746.623298470508,8880.347829881433,3.3943147881838422,0.29461027111603244,30142.69596318284,0.2791048014472549,0.23839659,2833.90555056,2152.43866844,0.0,0.0,83.10466683,,,,
3513,material_r_nocable,3,False,1.1826434137140005,0.8219430633130623,0.7333233895873571,1500.322402053666,7565.810218620197,2.1992833217852703,0.4546935768094895,16639.360229603968,0.40111339984193817,0.23637711,3311.31058481,2553.37472668,0.0,0.0,142.66450576,,,,
3515,material_r_nocable,3,False,1.2004184805445424,1.3786843578060073,41.21992543798239,1886.6702921356236,2732.8925732444864,1.802964225587424,0.554642175262346,4927.307541933368,0.2214200394320749,0.21621446,3106.82342854,2852.27586906,0.0,0.0,137.640992,,,,
3516,material_r_nocable,3,False,1.27328935173789,1.3301340985721284,7.821978234841612,1368.221468116937,10660.36376593948,3.396539765015506,0.29441728028626063,36208.3494405439,0.1564568403650825,0.03583288,13708.06211581,13664.46746009,0.0,0.0,679.61964318,,,,
3517,material_r_nocable,3,False,1.2663760138419025,1.117799242412084,5.508156115568801,950.7188472201075,7527.945744499209,1.8974793635429161,0.5270149542669229,14284.121700057962,0.18197850483413563,0.09277773,2844.08309252,2737.16445338,0.0,0.0,163.61272646,,,,
3518,material_r_nocable,3,False,1.0873421172317912,1.1083149819678417,48.47039901195307,567.2833511164313,13480.165224228558,1.9756818674635064,0.5061543644594245,26632.518003920493,0.37932960880607347,0.04373371,3899.86308608,3858.53645819,0.0,0.0,216.98861791,,,,
3520,material_r_nocable,3,False,1.0629763274111215,1.2302911894436979,85.68952245234519,1477.583139251159,10317.0152577709,2.528927606432462,0.39542452597553474,26090.98470136175,0.25077963302327866,0.0739632,7131.58315301,7018.14039645,0.0,0.0,363.48680911,,,,
3521,material_r_nocable,3,False,1.330935221546449,0.9599514190041862,89.27888280701798,354.6309342007878,13545.13822756925,4.911430207568065,0.2036066802820676,66526.00105656858,0.4229953340538106,0.0189208,5009.89566841,5003.79137521,0.0,0.0,336.85107083,,,,
3522,material_r_nocable,3,False,0.8839128286549248,1.3001339772322273,19.621843307466097,1699.4932242915156,18417.66517321819,4.327146516225117,0.23109917731012547,79695.93569129174,0.23401644405259314,0.02161236,27643.84283224,27599.92278164,0.0,0.0,1623.03181067,,,,
3523,material_r_nocable,3,False,1.0035564725283312,0.8930687541140931,13.773487089366412,610.2149758836473,4714.88695110249,1.1730178942684244,0.8525019139828806,5530.646763095914,0.37137538366013445,0.28199686,941.4878104,709.97660618,0.0,0.0,27.00446135,,,,
3524,material_r_nocable,3,False,1.1225649816570753,1.2567514521483525,88.4715030575908,1503.842719085045,11236.326446475972,3.376294763247087,0.2961826706855029,37937.15013937157,0.4154617218319342,0.03865801,13138.54865047,13080.26770262,0.0,0.0,695.72579194,,,,
3525,material_r_nocable,3,False,1.2806297323789204,1.135576907567453,78.16548922789896,1461.2134928865066,17603.68356268972,4.3827009746065055,0.228169798896623,77151.68110686475,0.3481841167919185,0.03105233,15279.52670589,15214.63398848,0.0,0.0,784.36250685,,,,
3526,material_r_nocable,3,False,1.0206805032884791,1.1388797276849951,60.421744880502914,1005.1397295355032,3297.9896720964025,4.299580523099204,0.23258082843839487,14179.97215952802,0.3343646306358409,0.13556637,2955.77795268,2784.02266516,0.0,0.0,130.93315234,,,,
3527,material_r_nocable,3,False,1.233561446550182,0.8985455653658929,21.97402296071018,1388.6982692358365,12274.213500807848,2.123994406208795,0.4708110327771254,26070.360816328342,0.33347845168630086,0.14161144,4207.99631038,3790.28907932,0.0,0.0,202.92861258,,,,
3528,material_r_nocable,3,False,1.1718332433826428,1.3163457742477682,46.28268681653877,584.2165803252461,15981.990082713104,4.626927026283088,0.21612616631287612,73947.50184749355,0.4799582414713819,0.00575421,34862.17629612,34859.12152178,0.0,0.0,1840.29822605,,,,
3529,material_r_nocable,3,False,1.2567686215062377,1.2061192219309453,63.038995174005635,1487.3070774542248,15331.418008121518,4.935320757893557,0.2026210755198837,75665.46554342522,0.4074560068212477,0.02343764,22482.35674171,22440.96956935,0.0,0.0,1097.3228059,,,,
3531,material_r_nocable,3,False,1.2725739000771088,0.9256498216555406,5.050848935998362,1197.3481493172917,7374.5227579567245,2.1104554094555397,0.47383138043081535,15563.601446682755,0.4847601885317663,0.12685041,2727.36787518,2608.23204153,0.0,0.0,162.75234526,,,,
3532,material_r_nocable,3,False,1.2279309519641217,0.8712404517436954,8.620879271787247,1971.6128660994063,1555.6770793503395,1.68722448078549,0.5926893613672843,2624.776452476764,0.23653096996937098,0.5100054,2026.26853669,1487.1188113,0.0,0.0,79.38045042,,,,
3533,material_r_nocable,3,False,0.9432794905430953,1.2367525760575542,84.69309670563632,922.1685834029456,12007.341866123981,2.9557095708720222,0.3383282342266701,35490.21527443498,0.2157371754279964,0.03754496,9489.88072926,9442.47775978,0.0,0.0,499.59408368,,,,
3534,material_r_nocable,3,False,1.136185060038832,1.2980150190699196,25.46576901449152,522.0574941757525,14795.0093720956,1.8479568801328958,0.5411381676438711,27340.539360794737,0.1371679272198922,0.01977146,8840.0421272,8830.80311986,0.0,0.0,476.76534444,,,,
3535,material_r_nocable,3,False,1.2170158210697275,1.2827051505058094,33.47413282037868,1097.267153288023,4503.058292714202,4.601123818938732,0.21733820678415344,20719.1287686769,0.2981940920819318,0.05435851,7464.65265839,7405.6089244,0.0,0.0,361.7013147,,,,
3537,material_r_nocable,3,False,1.3482170527957038,1.0633503305774556,32.70504497742128,933.6386546241915,19136.643750480252,3.2058723678216654,0.31192757704184043,61349.6374125118,0.30989861874752556,0.02588082,9432.33321646,9401.34005664,0.0,0.0,602.58702474,,,,
3539,material_r_nocable,3,False,1.1070056584235521,1.231761132008097,49.39224749359959,752.5996103219946,13919.893473555232,2.7698992204671997,0.3610239652803432,38556.7020813871,0.2659619420787421,0.02537232,10286.94934665,10266.08296107,0.0,0.0,536.00384905,,,,
3540,material_r_nocable,3,False,1.0915755673119345,1.3889048025512416,84.39710820081278,1812.0659611381645,13629.552101128516,1.8557529549536036,0.5388648296804147,25293.08158636334,0.1008730325593034,0.05601357,11397.73902922,11309.15191578,0.0,0.0,619.86642073,,,,
3541,material_r_nocable,3,False,1.2786109813656246,1.2151992295577987,54.53629040790199,747.9513455605871,5109.9023922888355,2.7841094348794346,0.35918128341938,14226.527461684342,0.1250042213003987,0.06914575,3476.08855297,3415.21245109,0.0,0.0,178.82040045,,,,
3542,material_r_nocable,3,False,1.2609094904997493,1.3689660592026067,71.95581551091847,382.16706668703534,7088.016533204952,3.265170068497972,0.3062627609042169,23143.579429239573,0.173733292114035,0.01369302,9927.2546187,9922.85242647,0.0,0.0,504.88553695,,,,
3543,material_r_nocable,3,False,1.2967240412827972,1.3073467182805023,39.538378484671945,1611.487667790226,3645.953691436308,1.3921538539370963,0.7183114116101024,5075.728482809239,0.11737245116432006,0.20378666,2581.9203736,2318.09436755,0.0,0.0,111.83270309,,,,
3544,material_r_nocable,3,False,0.8381899679981741,1.3461142963735244,40.663650734275706,1573.1918049405438,14295.092009198226,3.7597637772465133,0.26597415668820457,53746.16912858957,0.1345851583153045,0.02446012,22092.78529681,22054.47320612,0.0,0.0,1369.30300116,,,,
3546,material_r_nocable,3,False,0.9339259232514405,1.254602135092263,34.47681092640112,1538.6674570045104,5042.194268718109,1.1551157511055332,0.8657141061776054,5824.318019930333,0.4208188248085344,0.19923722,2530.69047136,2333.13209821,0.0,0.0,131.49466847,,,,
3547,material_r_nocable,3,False,0.8255779643923408,1.2560246609489365,34.64972625970782,836.4155344016244,15036.794942622051,3.727318733087549,0.268289371424816,56046.927475231285,0.3237222945945102,0.01775297,16293.1610017,16274.56784324,0.0,0.0,980.78183125,,,,
3548,material_r_nocable,3,False,1.0465819164781447,1.0151195979517225,64.70823140709479,401.4388119919438,1804.5302539775294,1.8092752580547804,0.5527074974070764,3264.891940932853,0.4521929319367669,0.22331877,628.09679094,515.41562926,0.0,0.0,22.97504051,,,,
3549,material_r_nocable,3,False,1.1988055012939771,1.313209421766083,81.50984076146514,268.00761049498453,12570.49482770369,4.387035369872956,0.22794436691057698,55147.20542594114,0.15895031514298494,0.00523597,19620.91478411,19619.56245036,0.0,0.0,955.44382138,,,,
3550,material_r_nocable,3,False,1.0512443774770608,0.9547146558224037,69.79933144065203,1938.5555418911918,18631.273016841562,2.629803747478789,0.3802565119008241,48996.59159999038,0.4894430879115471,0.18591292,3474.78538723,2795.47680578,0.0,0.0,136.47255727,,,,
3551,material_r_nocable,3,False,1.3890003517504044,1.0329139709102098,83.52207258038253,456.14006522445356,6411.303992342754,3.237891603072943,0.3088429517068895,20759.10736155464,0.43813775433442437,0.03018636,3886.95338769,3871.3717953,0.0,0.0,254.2757537,,,,
3552,material_r_nocable,3,False,1.0981587629546237,1.011938535142971,43.497418788965035,753.7723663431073,18575.15549137145,2.395385661270754,0.41746931033623175,44494.661119905875,0.34199312324416764,0.07958383,2654.96835455,2502.85210299,0.0,0.0,150.17837702,,,,
3553,material_r_nocable,3,False,0.9687608542875088,0.9694500221602275,50.34757805346532,791.3816526660146,19259.20240828073,1.3121289613609703,0.7621202103204681,25270.55725261809,0.2831661732410006,0.19700387,1476.5500099,1142.06493184,0.0,0.0,43.70062594,,,,
3554,material_r_nocable,3,False,1.1505887025616774,1.3222523887926534,13.927861281644866,718.7239092762626,7643.686029210482,2.4250717826632164,0.4123589277434909,18536.487304975384,0.31492523978812065,0.03148582,7428.14343609,7409.04479785,0.0,0.0,408.16511469,,,,
3555,material_r_nocable,3,False,1.0136603533157762,1.3470140486200215,47.761357135754565,1009.0771707969748,17253.74698962162,2.7618137654790074,0.36208089498987656,47651.635942028974,0.1635646468187193,0.01913162,19059.22388466,19039.67975717,0.0,0.0,1051.11464501,,,,
3556,material_r_nocable,3,False,1.3902541592392075,1.3454634438946345,15.19167129847181,605.2799740110927,13225.509127505149,1.7306383870585909,0.5778214602645035,22888.573784454184,0.27066332689363,0.01546418,11035.65232298,11027.79776415,0.0,0.0,648.97436245,,,,
3558,material_r_nocable,3,False,0.9890431160061028,1.1819721858300083,76.5368218506525,876.0429929900847,16118.258147334302,2.7424591451606437,0.36463624326532074,44203.66446021701,0.1464514264751281,0.04114951,8831.23710499,8769.67609035,0.0,0.0,426.24274388,,,,
3559,material_r_nocable,3,False,1.3738610361584465,1.054173492463133,82.4040076208976,214.49528321806554,3549.0385938003915,2.6939657090237548,0.37119997357441575,9560.988271700142,0.31625645412704184,0.0318667,1734.65744089,1727.36099997,0.0,0.0,114.20496665,,,,
3560,material_r_nocable,3,False,1.1023383550980999,1.3550222635961138,23.13127341426585,896.2010563670317,5714.004841778411,1.2037117680554246,0.8307636649722904,6878.014870774347,0.19634425627875265,0.09453107,2953.28501383,2893.09884288,0.0,0.0,166.33586899,,,,
3561,material_r_nocable,3,False,1.2854636129934536,1.3557800323741078,21.001647525086366,1060.255081844577,9715.759079592082,3.1867525137011063,0.3137990778074562,30961.719669404414,0.4589284613764134,0.01984259,17219.79894499,17202.6925307,0.0,0.0,927.18004183,,,,
3564,material_r_nocable,3,False,1.2929009034442105,1.1034423134725455,63.17540079000009,1523.2675350522863,5734.564622253178,4.246501640860181,0.23548795798826955,24351.838078016866,0.48705125878822286,0.08440118,5821.56182491,5657.4965063,0.0,0.0,290.77251508,,,,
3565,material_r_nocable,3,False,1.057697468403099,1.1554402653111004,31.897203664827313,855.9510702994439,19392.63493117321,2.8207132825609,0.35452025775980645,54701.06293421475,0.47329339933045556,0.02451049,11486.25214455,11457.1569801,0.0,0.0,615.57941572,,,,
3566,material_r_nocable,3,False,1.0421512850766783,1.0685388569998735,27.05948322629425,1448.2611095270559,14227.126411445226,4.464117884247161,0.22400842135660634,63511.56945477776,0.4579269450993666,0.07796312,6814.95827292,6555.33393959,0.0,0.0,317.3529463,,,,
3567,material_r_nocable,3,False,1.340021650954541,1.2042713457697316,38.199278087604114,953.0833498688207,11028.290844569374,3.5887552887900305,0.2786481438630372,39577.83709476301,0.21314642689320853,0.03109195,9807.10593057,9771.18437793,0.0,0.0,510.99526197,,,,
3568,material_r_nocable,3,False,1.186181121227757,1.2919445458976775,30.946558120151074,1266.7168148128114,3408.8981535257153,1.5083822885308904,0.6629619080014283,5141.921598183845,0.3080441425890957,0.16376224,2458.15103272,2294.0364369,0.0,0.0,119.74321666,,,,
3569,material_r_nocable,3,False,1.2495465804642838,1.2185598556078705,77.32154033313385,411.86632451950766,1679.8931959921947,1.690742881543326,0.5914559871381452,2840.267462876871,0.47247996476378173,0.09526346,1251.29508455,1216.69990899,0.0,0.0,69.24103359,,,,
3570,material_r_nocable,3,False,1.16976878939195,1.2751138375761462,21.054774934977402,1003.0579054818247,13393.962062538394,3.3857219724469676,0.295357979225113,45348.231653257346,0.45345172979878756,0.01840022,17987.2388655,17969.64595327,0.0,0.0,962.86586497,,,,
3571,material_r_nocable,3,False,0.8935551357486352,1.0360749832310983,6.95872580683288,1189.9793431724504,2005.4711007275,1.584983030571152,0.6309215813115979,3178.6376629539373,0.4822175338822323,0.37144117,1426.19714181,1124.32803741,0.0,0.0,43.15766918,,,,
3573,material_r_nocable,3,False,1.186953598415358,1.0648567045711743,37.70253131891379,479.26204939001514,14805.842884346348,4.802004263508646,0.2082463790378514,71097.72065547032,0.1454165868041306,0.0280106,5206.70002794,5171.39941027,0.0,0.0,283.01555111,,,,
3574,material_r_nocable,3,False,1.138153478168289,1.0283739724453405,45.388935514752916,1324.0085695330115,10497.295429211019,2.57744555672186,0.3879810370356983,27056.207461616632,0.11430171279442256,0.15715564,2611.27331685,2246.56802338,0.0,0.0,120.40521043,,,,
3575,material_r_nocable,3,False,1.0585064573847442,1.2941151806593296,70.97906559593049,470.1543335083773,11747.414153045742,3.8476837328611704,0.25989662077979353,45200.33433985718,0.24840800391966875,0.01114943,15425.86433041,15420.39567502,0.0,0.0,812.16389932,,,,
3576,material_r_nocable,3,False,1.395480768013114,1.0021527396661731,69.07334737840186,857.6387235406023,4303.772362456437,2.580580886390406,0.3875096515183264,11106.232697930363,0.4090889728498297,0.09267329,2411.11656827,2340.20630235,0.0,0.0,156.35379851,,,,
3577,material_r_nocable,3,False,1.2819505291686644,1.0318528269219227,15.128222013357027,917.7440009954503,1628.8225944215974,1.0010952541889142,0.9989059440804147,1630.6065691911358,0.42225143966772516,0.27345931,1161.42316644,999.28782517,0.0,0.0,46.80771292,,,,
3578,material_r_nocable,3,False,1.2416099562404928,0.9209176043412103,54.36013385513338,1054.9571379045956,18242.13863779986,3.635182085356742,0.27508938383807646,66313.49557472409,0.40216429092625106,0.08387614,5788.9193668,5374.97488862,0.0,0.0,273.89095017,,,,
3579,material_r_nocable,3,False,1.139052220042753,1.2252917049455962,75.28540792829011,1889.9831785606825,14569.300011332145,3.1315791937672084,0.31932770596710536,45624.9167832401,0.26089227151311123,0.05437126,12246.50874413,12132.00264738,0.0,0.0,616.69149304,,,,
3580,material_r_nocable,3,False,0.8907176448393057,0.9901008998550098,40.12997235544151,1409.072232283466,7398.652059312101,1.6060035416160003,0.6226636331036826,11882.261410439749,0.3859401173106273,0.29247914,2112.37626771,1688.5682755,0.0,0.0,66.07875654,,,,
3581,material_r_nocable,3,False,0.995450676950995,0.9702206882976656,0.24347816115658458,515.1344627961298,3846.253272175834,1.1329091771524036,0.8826832902117765,4357.455629700464,0.42473328863129955,0.24962925,752.5172488,582.29466471,0.0,0.0,23.39018781,,,,
3582,material_r_nocable,3,False,1.1014647457135218,1.0062303989876835,45.660446745930166,1889.6713315857535,13367.764800225768,4.974174373658721,0.2010383884601248,66493.59310238011,0.4002831304899306,0.13653805,4761.92242606,4097.08558537,0.0,0.0,202.8344277,,,,
3583,material_r_nocable,3,False,1.3488624363459452,1.399377468360528,28.948975108841864,1266.4425359345926,15680.115512899753,4.779166231020037,0.20924151863756493,74937.87855774393,0.47856062268335553,0.00903256,48773.2796717,48764.00138121,0.0,0.0,2476.974636,,,,
3584,material_r_nocable,3,False,1.1691686234661363,1.1916587713778055,63.28707077801083,1566.2569238642286,14898.90526636242,4.821330148553665,0.20741164143260066,71832.54114115812,0.324543163959514,0.03348631,17210.07998702,17141.63868619,0.0,0.0,831.48954849,,,,
3586,material_r_nocable,3,False,1.0833500088695769,1.2733771616096567,53.15197334250538,1111.401424989696,17772.24054166488,3.4351890675252683,0.29110479229616504,61051.006414156545,0.3488770052809357,0.0187802,20531.56669392,20511.2044917,0.0,0.0,1095.74185813,,,,
3587,material_r_nocable,3,False,0.8699816501345061,1.0867721835350599,6.483838455449372,1334.5375700150782,12331.180748187295,2.656781844746032,0.3763952249137687,32761.257136065793,0.3023987460678449,0.14437334,4839.49866065,4238.93707099,0.0,0.0,200.73404967,,,,
3589,material_r_nocable,3,False,1.000169485542807,1.1351241935475906,28.280544638832943,1092.1160075146854,13775.520854231976,4.428287290810795,0.22582094031593544,61001.963923094525,0.429650960099731,0.04020659,10176.61187199,10099.63203977,0.0,0.0,505.62666942,,,,
3590,material_r_nocable,3,False,1.0230083421877951,1.1119479860271684,16.049258135999157,1082.0527867830965,3865.144033982241,4.317900717903811,0.2315940234229065,16689.30819913355,0.13190283241571377,0.16294692,3010.89843272,2724.1052846,0.0,0.0,119.16179679,,,,
3591,material_r_nocable,3,False,0.8721761662675386,1.249264757907374,75.61502919603312,1366.0562232949987,3736.001164739905,3.1512275811816273,0.31733664873072304,11772.989913655074,0.2805519781539896,0.13011303,3939.02472941,3756.72039617,0.0,0.0,214.00978224,,,,
3592,material_r_nocable,3,False,0.878861009095322,1.1763284251439763,58.341142868496085,913.9769134651614,15582.518438283054,4.6397667744968585,0.2155280747076864,72299.25131293038,0.17564763112569542,0.03642807,14378.76070503,14064.34161215,0.0,0.0,722.40354647,,,,
3593,material_r_nocable,3,False,1.3652725511496946,1.097707425753006,10.873433025183804,624.5208213550609,1964.0524646520894,4.884429766630678,0.20473218938099477,9593.276321571013,0.17770076821025274,0.12684521,1581.26649493,1464.75450404,0.0,0.0,75.57274688,,,,
3594,material_r_nocable,3,False,1.3517438757787743,0.9135923137083362,73.8559932224612,644.196466459013,7445.182705159111,1.0268605987539003,0.9738420202445242,7645.164770451868,0.2598780513559612,0.06955355,3163.07594314,3116.81761907,0.0,0.0,187.53785812,,,,
3596,material_r_nocable,3,False,1.125317495704887,1.1525444465066397,84.95267910647239,598.5193500063606,17837.671284398213,4.44255441845463,0.2250957232726158,79244.82537944456,0.4462540296445914,0.01245327,16817.0669755,16806.22009924,0.0,0.0,846.489399,,,,
3597,material_r_nocable,3,False,1.205742560799216,1.3620634573434485,17.592972832972926,1231.1437265457255,11799.030829270954,2.749722276428707,0.3636730911235091,32444.05791151542,0.11804354601382888,0.03319474,13265.09704499,13229.88088752,0.0,0.0,680.79767814,,,,
3598,material_r_nocable,3,False,1.3658603951922035,0.9262789574607286,48.604233009271894,1451.2091874294006,15168.578912494964,3.540296607887763,0.28246220889289475,53701.26847038377,0.37355520514482754,0.06839224,6567.76272294,6442.06115022,0.0,0.0,408.9404703,,,,
3600,material_r_nocable,3,False,1.021523980953282,1.3670491908152127,35.438282234483005,639.9439175558405,16589.22845311665,2.215860517781294,0.45129194368302755,36759.41634971524,0.35410763626584585,0.01213273,16637.65991424,16631.79639263,0.0,0.0,997.62881699,,,,
3601,material_r_nocable,3,False,0.9361824107464141,1.1828706516867613,0.6434115504406024,844.8396889824288,7810.686241058862,1.8697997032618918,0.534816642796277,14604.418815803601,0.10020782685631156,0.11090707,3501.09070916,3332.36227323,0.0,0.0,162.00129928,,,,
3602,material_r_nocable,3,False,1.2298380163746179,1.0630620643350916,7.7562839872394,1826.469062896142,10097.395289206775,1.3573748235902112,0.7367161837841026,13705.950149407678,0.3107584351835735,0.14691359,3671.76847715,3402.07397304,0.0,0.0,192.00134823,,,,
3603,material_r_nocable,3,False,0.8910452317048975,0.9357587496160759,34.165286949728525,1113.99367225776,1156.9458104772104,1.7572308546014428,0.5690771917539599,2033.0208752724275,0.3462189826193075,0.53204142,1290.66279607,919.28747975,0.0,0.0,32.44628775,,,,
3604,material_r_nocable,3,False,1.177950187445866,1.0426657237728882,4.924694480764201,620.7425425218196,13940.495867676553,3.2304472929756995,0.3095546558442247,45034.03713847465,0.281676055148392,0.04641165,3666.11403848,3605.1749701,0.0,0.0,218.291651,,,,
3606,material_r_nocable,3,False,1.0457035784992463,1.1158258882307148,43.93339891310252,295.8463139751053,8626.648604252929,4.648206685687878,0.2151367328563644,40098.445717368464,0.4931048367661979,0.01677017,6333.28541141,6324.12290128,0.0,0.0,317.63096845,,,,
3607,material_r_nocable,3,False,0.9647669285108299,1.3291010230629272,29.83214776616258,1908.1433203049066,2628.5229133197413,3.3172521909387536,0.30145431894854174,8719.473393142627,0.31960387250640504,0.16132863,4269.91044638,4041.43270494,0.0,0.0,228.86532755,,,,
3611,material_r_nocable,3,False,1.0404088452243478,1.388110613228199,77.78682600829343,1897.1911706343567,11920.913403173838,4.266119035918489,0.23440508611703598,50856.03559481577,0.18892210792816028,0.02904013,23550.75635818,23501.50666325,0.0,0.0,1301.9309662,,,,
3612,material_r_nocable,3,False,1.084707292616542,0.869952308349935,48.32160438678041,1478.904569756669,3016.732358574739,1.2227024960419548,0.817860438853383,3688.5661847198667,0.1166795360739504,0.43130592,1702.85514854,1323.533499,0.0,0.0,60.43633949,,,,
3613,material_r_nocable,3,False,1.293511672018601,1.0092199150212193,62.71910148164593,454.1303005743775,12658.522628846273,1.1914303370281283,0.8393272933559616,15081.747881964504,0.2260060616250071,0.03552862,4090.19541425,4076.24953122,0.0,0.0,237.45999441,,,,
3614,material_r_nocable,3,False,1.1335373695929316,0.8754473168589352,39.934688280644195,1506.9073911617713,12234.895533274785,1.0758328677833962,0.9295124084286073,13162.702748593276,0.12829266928416805,0.22134809,3964.78549838,3113.94684079,0.0,0.0,156.63517769,,,,
3615,material_r_nocable,3,False,0.9552928507330838,1.1440593653555342,46.17734962110959,1489.4554270577964,18217.33495804259,3.7374986831827988,0.26755862269586533,68087.26541678414,0.11794326999723115,0.0605823,11186.61207329,10991.01217331,0.0,0.0,513.93316389,,,,
3616,material_r_nocable,3,False,1.009199944078749,1.3759445174366247,6.0250274989242625,573.0316371991557,7923.800372324198,1.3480263364992113,0.7418252692280282,10681.491587055276,0.17845756145113353,0.04134918,4649.10063616,4627.41850498,0.0,0.0,269.65585024,,,,
3617,material_r_nocable,3,False,1.2534171268684564,1.061696574723772,17.050598908798776,433.0523433377891,10558.632286696402,2.373382741038222,0.42133954322199035,25059.67563821418,0.4421545269414655,0.0258087,4481.0612436,4466.63509296,0.0,0.0,277.58566404,,,,
3618,material_r_nocable,3,False,1.397350481199154,1.0130089526520494,38.72888068471872,1229.7351418670726,4395.587336647735,2.0196517217878274,0.4951348736082003,8877.55553272937,0.37500960561378605,0.13003886,2572.30845416,2448.79170928,0.0,0.0,157.13377785,,,,
3619,material_r_nocable,3,False,1.1016097924440875,0.9565723990190746,28.86649765075668,1921.6414042333124,7623.12484672949,2.1021387766637476,0.4757059862560907,16024.866339658949,0.3396297043191064,0.25489964,2691.48809309,2134.95043086,0.0,0.0,91.05311897,,,,
3620,material_r_nocable,3,False,1.367216910648879,1.044399683008116,9.732533111789289,784.0678243966211,4656.729606033165,3.129744402298379,0.3195149096730179,14574.373417499433,0.41941546527428886,0.07316156,2861.29237522,2795.70570412,0.0,0.0,175.98796889,,,,
3621,material_r_nocable,3,False,1.0611540517118725,1.118591196011914,35.37733193415711,910.7721103794589,1605.949648062644,2.586905401890043,0.3865622605563314,4154.439819736667,0.4395048036164846,0.24213137,1452.78022398,1257.61580602,0.0,0.0,53.12982126,,,,
3623,material_r_nocable,3,False,1.3776791441512763,1.2877833879767142,39.30494964724049,1232.9483856046163,12443.482219787502,4.744590758051275,0.2107663339146927,59039.230737979145,0.4967227425029844,0.01441617,29574.63931203,29557.98568953,0.0,0.0,1462.56501579,,,,
3624,material_r_nocable,3,False,0.8155987138033994,1.319006136358414,61.85432133066292,1475.3012760389606,17871.60504572415,2.9437875942778957,0.33969842183715626,52610.209223437,0.19437417449276279,0.02586052,19730.70996561,19689.5341568,0.0,0.0,1222.72444106,,,,
3625,material_r_nocable,3,False,1.372096732696555,1.2457716264347662,19.170473784963473,494.0150339890868,8931.23929521798,2.4379286212494775,0.41018428155927056,21773.723901039924,0.26158320117845757,0.01992421,7218.22577631,7208.34804885,0.0,0.0,410.23214709,,,,
3626,material_r_nocable,3,False,1.018816280550211,1.2713182157075462,55.80652126959145,258.68478605940766,4804.980745626344,1.3333151012644973,0.750010255678957,6406.553389428749,0.42581109805088657,0.03536397,2179.53908317,2171.19153133,0.0,0.0,130.81497562,,,,
3630,material_r_nocable,3,False,1.3914164032333103,1.0658967891904831,27.422415182632644,262.46228408791563,15232.084073104126,1.9332866106542994,0.5172538797346562,29447.98419089281,0.11876887582919837,0.01159221,6437.23445313,6435.12699015,0.0,0.0,407.259655,,,,
3631,material_r_nocable,3,False,0.9355284938408188,1.3797312750724844,35.758479526584274,972.0793292972083,7994.452730324679,3.733508565682649,0.26784457097319025,29847.35774661223,0.23262627155026744,0.02420392,13533.09750263,13511.73261503,0.0,0.0,815.05549115,,,,
3632,material_r_nocable,3,False,1.236134558809231,1.3318376951694129,5.81362305736531,600.7173386981206,7844.740647074778,3.6758764125096044,0.27204396660258695,28836.29710683751,0.1490413372689769,0.02043939,10870.33438244,10859.1570732,0.0,0.0,536.65542575,,,,
3634,material_r_nocable,3,False,1.2835911332938907,1.200221300387631,10.611010299890383,294.3535924972663,14038.80620044759,2.6320884194197984,0.3799264464756978,36951.379222676966,0.3073314675185176,0.0088033,10008.95965729,10006.0508637,0.0,0.0,557.35772145,,,,
3635,material_r_nocable,3,False,1.270740051229533,0.8798812060928815,73.22792399402859,794.1892721483271,19786.272141351998,1.46219918615707,0.6839013517906443,28931.4710221672,0.3609463903954234,0.05779388,6455.61657829,6305.15181676,0.0,0.0,344.50043696,,,,
3636,material_r_nocable,3,False,1.3816216017790572,1.0390667986723887,7.98067388174491,392.55914242694655,17519.927434503246,2.2584306308087054,0.44278535118960777,39567.540767627914,0.35663048250412055,0.01186622,8505.27240674,8500.9190011,0.0,0.0,571.75381536,,,,
3639,material_r_nocable,3,False,1.2514629688503063,0.9234011778138529,73.09944194703866,1223.4136625941353,4870.94138139036,2.4744099802258326,0.40413674693824697,12052.70596720731,0.31920319679397813,0.20251831,1987.77424408,1779.95976691,0.0,0.0,100.66765347,,,,
3640,material_r_nocable,3,False,1.1468448232448316,1.22492879827214,71.62784665870419,1027.5794135141564,17234.809125695025,4.481361800163228,0.22314645516092368,77235.41524899428,0.231057549940352,0.01958178,19858.59814093,19834.06105373,0.0,0.0,962.85635335,,,,
3642,material_r_nocable,3,False,1.3046078857032248,1.3105393354004944,70.10873276232378,431.433155532009,5925.591495357061,4.210233304908954,0.2375165287952196,24948.122665037547,0.2804255554318912,0.01580402,9752.03691092,9745.47732778,0.0,0.0,480.5754556,,,,
3644,material_r_nocable,3,False,0.8320167479153665,1.2166508055034355,2.915163939086612,1961.2669832634845,6653.3822893174565,1.853492490491357,0.5395220132426337,12331.9941096181,0.4394687858996822,0.17029821,4138.98504521,3839.29186417,0.0,0.0,225.99238713,,,,
3645,material_r_nocable,3,False,0.8545925623926033,1.1535105353745072,9.808159526215526,761.251349428211,12041.668194387204,2.151399115604119,0.46481380081779816,25906.43430380288,0.3976843429134569,0.07168584,4763.20964598,4523.73101944,0.0,0.0,232.10436033,,,,
3646,material_r_nocable,3,False,1.396333955903741,1.0907743184125178,29.73793929411157,398.37447954189645,13681.91332188562,4.49853594562104,0.22229454473369697,61548.578883373826,0.29677390365574774,0.01137488,9796.9535686,9790.43900657,0.0,0.0,579.23706777,,,,
3647,material_r_nocable,3,False,1.0079270324070069,1.3278977450827996,81.88220970566582,282.98095349037396,19704.386895110296,3.1595144083219164,0.3165043328702909,62256.29430225053,0.12101171406496641,0.00457856,23304.1672235,23302.72973729,0.0,0.0,1251.08403941,,,,
3649,material_r_nocable,3,False,0.9380898522096359,1.1103506146428894,47.87754855829585,651.318556432453,16847.429452290737,4.010241042772098,0.24936156937557682,67562.25305478375,0.15530896509296394,0.04181169,8260.39552354,8110.97382662,0.0,0.0,368.68077408,,,,
3652,material_r_nocable,3,False,1.148150657992068,0.9429363464564544,80.75827375519108,1101.4932710604317,10500.6537625826,2.2821172256507456,0.43818958498718225,23963.722832184067,0.2911715968276708,0.16725532,2557.92636614,2171.98240161,0.0,0.0,110.43934763,,,,
3653,material_r_nocable,3,False,0.9219188441745158,1.3800894012394784,88.67262583737124,946.5021006766307,9116.054458200624,2.247077001698094,0.4450225778842068,20484.476319250003,0.4591183587557309,0.02732041,10129.20506559,10110.29266376,0.0,0.0,667.83734889,,,,
3654,material_r_nocable,3,False,1.066209222438569,1.3065299437380136,56.52203399416665,1322.0249672982625,14198.164982313689,2.207304817275654,0.45304118949653766,31339.677961935504,0.2512367901115057,0.04020716,11179.95867248,11134.85787097,0.0,0.0,612.59270967,,,,
3656,material_r_nocable,3,False,0.9978728762479756,1.1453912135360969,18.098105448828807,387.13540823373694,1335.8009722527256,1.8702925927592045,0.5346756993378883,2498.3386638048164,0.40429734036713194,0.19441723,712.06150047,642.67459557,0.0,0.0,31.23084199,,,,
3657,material_r_nocable,3,False,0.8246934138952987,1.2363501981535963,44.77694107682274,375.96820197488125,6230.588311087861,4.021277097493039,0.24867721764894643,25054.92207928545,0.1497068161295948,0.03272384,6869.30818479,6761.51434201,0.0,0.0,383.50462241,,,,
3658,material_r_nocable,3,False,0.8842303085234999,1.0158236915274965,29.213370638745833,1407.0966354821956,9317.545557337075,4.654067026972563,0.2148658354519859,43364.48155071717,0.38154794201114983,0.18688519,4065.47075812,3327.16346951,0.0,0.0,147.15600041,,,,
3659,material_r_nocable,3,False,1.1286169859467592,1.0713312676101032,80.26935449147386,1051.8637730361415,18886.581479800618,2.6436149131987796,0.37826991934691345,49928.84845934479,0.2821455554733029,0.06063882,5123.320599,4993.33946209,0.0,0.0,282.25994412,,,,
3660,material_r_nocable,3,False,0.9458527570008894,1.184306488639748,70.47130133786875,608.9334766747883,5279.669517797655,1.7486176114592777,0.5718803204580948,9232.123101505693,0.19791453366539788,0.11588621,2193.36310891,2083.96275982,0.0,0.0,104.30429959,,,,
3661,material_r_nocable,3,False,1.1876456235439603,1.3827256195427047,89.78151898340676,1279.1346246765158,3113.6716699047884,1.4113135346848593,0.7085597745814122,4394.366970301436,0.46393543897666223,0.1252987,3002.65120935,2890.49012823,0.0,0.0,166.23364419,,,,
3662,material_r_nocable,3,False,1.089375806747273,1.091056331737808,69.97378730525281,1261.8453744282888,19595.692623086914,1.9932383675442522,0.5016961424598901,39058.8863749407,0.3644181915766027,0.07200496,5271.60009704,5114.17741017,0.0,0.0,285.94426462,,,,
3665,material_r_nocable,3,False,0.9991674217369544,1.24714572984397,12.014956866688845,688.7142792570558,3337.33968788793,3.1718940088860728,0.31526904656917804,10585.68776162944,0.23034659227947224,0.08297891,3152.00180101,3085.09931706,0.0,0.0,160.49400337,,,,
3667,material_r_nocable,3,False,1.2422277589719564,0.9752725735160587,9.53304834012493,1016.8983627829018,14616.547888272868,1.3898101010449475,0.7195227601584824,20314.225897528828,0.3632016018387212,0.07533822,4160.92674841,4092.58863421,0.0,0.0,241.44552944,,,,
3668,material_r_nocable,3,False,1.0521057103547355,1.2686595151455737,37.17145667138291,594.533728369569,11266.288406041947,1.550276946744086,0.6450460365163879,17465.867191257006,0.43262761768207103,0.02910832,6093.37407792,6077.30556103,0.0,0.0,361.19894147,,,,
3669,material_r_nocable,3,False,1.114442521979015,1.118884864587875,82.64551455784648,1681.0373564030995,6595.363275991378,2.650604595492669,0.3772724161500707,17481.70020828633,0.4973454753309714,0.12824327,4310.37901253,4052.46702409,0.0,0.0,207.17412128,,,,
3670,material_r_nocable,3,False,0.8498249376494481,1.1364665477259042,84.74996059670346,780.4253710584613,5461.680241783204,2.1926249043502546,0.4560743600129509,11975.416117731573,0.23960791267686093,0.14883795,2561.15255897,2317.60457806,0.0,0.0,116.70831424,,,,
3671,material_r_nocable,3,False,1.1724769937075055,1.303634759769543,44.46865507915967,441.1104034440409,18511.61645412335,3.8840639530440213,0.25746229003677434,71900.30218203708,0.30321563390751316,0.00583054,26870.37249702,26867.9700403,0.0,0.0,1381.81879529,,,,
3672,material_r_nocable,3,False,1.3039220439448012,0.8663133325057425,21.810173493504347,655.7629653928404,9612.00591423806,2.336633053093177,0.42796621346951536,22459.73072573575,0.29475095373103827,0.08614764,4238.69414687,3694.34705805,0.0,0.0,205.24252907,,,,
3674,material_r_nocable,3,False,0.8527873421423035,1.105290441118735,18.73573061817142,263.8052149948553,9589.616578899711,1.2441546188452925,0.8037586203940681,11930.96575959347,0.12430303845970495,0.00138862,2025.13431202,2024.40576318,0.0,0.0,75.81302604,,,,
3675,material_r_nocable,3,False,0.8302002080110548,1.089875735668957,71.00690414218155,1041.087364394251,12130.861360989114,1.3008660082837806,0.7687186794274761,15780.62519571386,0.4748245924735581,0.18535957,3129.40379269,2559.68680178,0.0,0.0,128.30661133,,,,
3676,material_r_nocable,3,False,1.0775396343159391,1.203179114014216,60.00575902285251,1123.8178896072952,18312.277479254586,4.163229278005371,0.2401981570611711,76238.20974859109,0.48785232899522146,0.01785156,21708.59695715,21684.43834548,0.0,0.0,1138.5457071,,,,
3678,material_r_nocable,3,False,1.1344453139670794,1.0790326300043627,76.65252062693037,1792.3487216244591,4631.107115064307,1.9240674609707051,0.5197322964421909,8910.562508365148,0.1671223254205757,0.26869575,2513.88604416,2035.89193638,0.0,0.0,78.72571343,,,,
3682,material_r_nocable,3,False,1.1914710639524801,1.007637743137173,71.44711899292412,1650.1931746020623,1866.720187466728,2.3185818981127557,0.43129811408170005,4328.143635502005,0.16442941663475813,0.39935388,1946.66417826,1430.37725568,0.0,0.0,35.83044623,,,,
3683,material_r_nocable,3,False,1.3825624779345047,1.2509637119568924,48.0990177920018,615.2963799696322,4139.3041013709335,2.0986031541451426,0.47650743211016755,8686.756643102966,0.3724950908258725,0.04742059,3689.7773164,3663.77843428,0.0,0.0,212.65342789,,,,
3684,material_r_nocable,3,False,1.3084824765207825,1.0669686125611282,17.86218253021339,1552.2014299186771,4594.727791503648,4.817929437461396,0.20755804188923688,22137.07428380742,0.4263119891356202,0.12005767,4234.08239024,3972.46419937,0.0,0.0,200.52443705,,,,
3686,material_r_nocable,3,False,1.1512062851023925,1.17094597096942,77.98074536835873,839.678376247399,15276.502630597835,4.301768796551395,0.23246251653544733,65715.98233674107,0.20132467365936318,0.02517449,12443.657437,12412.35600757,0.0,0.0,596.28191738,,,,
3687,material_r_nocable,3,False,0.8946359417820813,1.3764605249801178,51.6011339771801,873.9554904262593,10425.7254643379,4.672063142222803,0.21403820315755306,48709.64767286682,0.3158224495572833,0.01247603,22349.65603301,22340.37544853,0.0,0.0,1418.11732079,,,,
3689,material_r_nocable,3,False,1.2460895154975087,1.3168446128074147,52.009941894830355,1933.458504156885,16389.435745482187,3.298823127861278,0.3031384106514158,54065.84968979299,0.4416649482331293,0.02472605,25579.57013761,25537.78577792,0.0,0.0,1362.48769951,,,,
3690,material_r_nocable,3,False,0.843106718162336,1.171933047450867,57.09588199271623,831.4649556602265,12482.515898878404,4.488875488328185,0.2227729422658669,56032.45965114213,0.18218865163493714,0.04878763,11434.14087028,10710.87129824,0.0,0.0,565.31580671,,,,
3691,material_r_nocable,3,False,1.034299743847227,1.2354589158653009,67.5912962582872,1726.789619421257,9264.875973836884,2.4317511964900396,0.4112262806504991,22529.873234709663,0.41464752377975045,0.08090135,7099.25652379,6961.46789678,0.0,0.0,381.44331787,,,,
3692,material_r_nocable,3,False,1.1281132813774448,1.260023422288322,20.123646181352598,1640.588390005,17637.520700181736,2.835319187747756,0.3526939768620382,50008.000865523514,0.1524804862549432,0.0415043,14413.92951909,14340.19122519,0.0,0.0,724.97516116,,,,
3693,material_r_nocable,3,False,1.0863046837646724,1.0464697818493014,12.960176301510979,1762.0914654954838,3904.559869650967,3.324645887549693,0.30078391318150666,12981.278913326652,0.46006969022783484,0.22670637,3018.06320192,2556.40395479,0.0,0.0,104.793617,,,,
3694,material_r_nocable,3,False,1.3524417469865213,0.9458320110982614,69.67546234101928,1236.858459238692,15504.19098423508,4.751578187432937,0.21045639165631722,73669.3756944858,0.38458376377906245,0.05743198,6220.95195746,6149.55242102,0.0,0.0,399.90799034,,,,
3695,material_r_nocable,3,False,1.2812177011670185,1.217515729871303,52.69714864403578,1998.6743068432372,5788.323519702113,3.9112830100876104,0.2556705810908837,22639.771439501394,0.4483745278566901,0.08178255,8321.67746966,8154.33191857,0.0,0.0,406.33374896,,,,
3696,material_r_nocable,3,False,1.2141933409119425,1.263671558211877,33.927083710386796,1090.2715553364708,12307.359181664702,2.3561157075331858,0.4244273729013858,28997.56228617298,0.26820035703053613,0.03705976,9348.35956363,9308.2286884,0.0,0.0,504.25140177,,,,
3697,material_r_nocable,3,False,1.1414573387526636,1.0760824362783377,39.21339586419036,1565.2068045994624,2361.255947866248,4.101068497828319,0.24383889235928158,9683.672383104016,0.32758868069667374,0.25222508,2646.71239802,2231.12672513,0.0,0.0,82.71329472,,,,
3699,material_r_nocable,3,False,1.2219513488359923,1.24233919156277,16.407256582268158,1421.3528011611427,12180.267205470669,3.7788565948239743,0.2646303120816316,46027.48305611102,0.12951178109792158,0.04287607,12266.47337693,12197.73917269,0.0,0.0,587.99212076,,,,
3700,material_r_nocable,3,False,1.288403673125015,0.8198412159967496,71.88099181138958,1745.3031163569353,3046.9110801987076,2.711281371144999,0.36882929622966093,8261.03325127804,0.3879369362650795,0.30176791,2037.15462722,1719.68898959,0.0,0.0,109.29604663,,,,
3701,material_r_nocable,3,False,1.006489525334483,1.1070462978464366,70.83832028444432,1935.004414078994,11563.693801326119,4.086413787592663,0.24471334817737767,47254.03778523887,0.4213781325178394,0.10076825,7352.14716728,7020.73154279,0.0,0.0,338.21222436,,,,
3702,material_r_nocable,3,False,1.383870414410699,0.9283511156073568,25.56325748133044,1351.3849785283564,11428.378197662629,2.9936508864409213,0.33404028657091533,34212.574522014824,0.1936567302086127,0.08974854,5793.80908284,5561.6125167,0.0,0.0,319.98283082,,,,
3703,material_r_nocable,3,False,1.304960175797592,0.9325446218696222,87.00068131069213,1859.1403785898037,15906.771829173933,1.907097481460906,0.5243570450494034,30335.764493590897,0.4112297927354306,0.09369716,5930.62987734,5799.18686251,0.0,0.0,362.77432664,,,,
3704,material_r_nocable,3,False,1.1219599616183005,0.9681752616711754,54.087957978613716,705.8147242540444,2248.4141898108546,1.4262265419548374,0.701150883526094,3206.7479948161226,0.41035948946106793,0.26812383,935.49243065,761.97837105,0.0,0.0,32.56925611,,,,
3707,material_r_nocable,3,False,0.972132692659388,0.8367468444010093,65.32289859147346,1151.2124594396191,1057.2988074975465,4.14412057596472,0.24130572015685317,4381.573743093544,0.29921944028100833,0.51285204,1523.22325468,1036.07792836,0.0,0.0,26.82670466,,,,
3708,material_r_nocable,3,False,0.9775646112432139,1.2334826432325778,33.09537608480695,1179.4837095948656,19015.87355589313,4.85327490387111,0.206046436644743,92289.26190400241,0.3628651856061922,0.01674011,25616.42667246,25592.32538895,0.0,0.0,1372.36423311,,,,
3710,material_r_nocable,3,False,1.2343620204313175,1.3944945105256998,16.769586259669012,1868.8401248569044,14751.524780441563,1.1111043936687135,0.9000054411612377,16390.483996861523,0.412974017200053,0.04905383,10410.09388143,10340.72105864,0.0,0.0,635.30681689,,,,
3711,material_r_nocable,3,False,1.3678868011495986,1.209163426662109,14.221377321906118,1132.7686835720483,15270.266696176881,1.6330573004213276,0.6123483846782356,24937.22050757232,0.23704620813849372,0.03646597,8328.59013622,8288.79086342,0.0,0.0,512.04651031,,,,
3712,material_r_nocable,3,False,1.295276258888904,1.2617628838999795,26.62458360461769,1344.559592467253,9129.28134122751,1.8323501483923552,0.5457472202446502,16728.040020313787,0.11593924237785982,0.07698868,5161.73371461,5055.51110447,0.0,0.0,284.1335927,,,,
3714,material_r_nocable,3,False,1.0148123327388214,0.9929191696535574,56.89335337373914,828.6560282875562,4583.055068156469,1.9818389021534557,0.5045818804512341,9082.876824784047,0.10749352659782759,0.26242979,1243.57011458,958.35561102,0.0,0.0,34.34712061,,,,
3715,material_r_nocable,3,False,1.3330381957269801,0.8052479665124068,35.78577321713791,1283.4837947403828,7276.019948529786,3.6163591650884306,0.2765212066472239,26312.701426231943,0.31315523365684905,0.01611518,4842.47201223,4693.77351903,0.0,0.0,186.77336153,,,,
3716,material_r_nocable,3,False,1.1499560536189453,1.1695569129690455,54.743259344112516,252.56810596442165,14124.921603176745,3.329666523839854,0.3003303762824798,47031.27861395997,0.103550322868745,0.01120052,8163.62768044,8159.4143392,0.0,0.0,400.41240129,,,,
3717,material_r_nocable,3,False,1.0451487677460405,1.0264601546001735,82.83154331608006,955.4754059267506,7060.934000256717,3.381702341136289,0.295709053938789,23877.977039276964,0.21865344014071195,0.16799492,2148.67357268,1818.24407687,0.0,0.0,81.17573939,,,,
3718,material_r_nocable,3,False,1.2694119333268186,1.3722482152270388,3.723968759341084,941.1001205822898,6881.79688120772,3.086368598842165,0.32400537005694807,21239.76179776945,0.43543168842268576,0.02554,11881.25728155,11862.2967299,0.0,0.0,643.83391215,,,,
3719,material_r_nocable,3,False,1.1952050929993945,1.1332401125388616,57.76951885133026,424.479283608415,4372.3021266146925,2.301938125645134,0.43441654180854367,10064.76896209366,0.17170582726865874,0.07570839,1669.35970362,1622.29313261,0.0,0.0,90.66459076,,,,
3720,material_r_nocable,3,False,1.2772274432448127,1.2654408904454666,67.00783955610923,1401.1474105577627,18314.98085711253,4.0991509656218845,0.243952957182266,75075.87146577916,0.2275369594317247,0.0212889,23601.21125088,23569.27871234,0.0,0.0,1153.59375496,,,,
3721,material_r_nocable,3,False,1.0733413729205874,0.8067469120169547,61.604641823485274,1817.401091330683,4660.540597026385,3.082223444102343,0.3244411114688789,14364.827490345453,0.1539715772167505,0.02960778,2740.53012502,2446.06092594,0.0,0.0,96.72408881,,,,
3722,material_r_nocable,3,False,1.3799300479518748,1.251986262036186,73.64921779843017,948.225048706295,12355.785734269817,4.127501605397803,0.24227731339758532,50998.52545414994,0.2405688087811642,0.02022298,15940.45134634,15919.33675109,0.0,0.0,793.04879588,,,,
3723,material_r_nocable,3,False,0.9473707518966763,1.2401373475175586,27.179569007405934,782.0700573417953,3383.8964094246608,1.7688760948790063,0.5653307220867844,5985.693466178185,0.4991487243229513,0.11834342,2104.42290154,2024.99673159,0.0,0.0,117.5328875,,,,
3724,material_r_nocable,3,False,1.1194397784998815,1.1368052836674385,36.21962242585237,1191.1016018509088,9230.113550566932,2.3635867530213726,0.42308580326983986,21816.174117003065,0.11144666638936743,0.11234305,3656.77689325,3467.35440872,0.0,0.0,172.68201327,,,,
3725,material_r_nocable,3,False,1.2699841689021514,1.0726857999718518,38.689282442346865,1952.9162742056421,7356.802225529493,4.473597150325698,0.22353376184692791,32911.36947163849,0.2021000016977702,0.13766226,4652.32326267,4221.6494614,0.0,0.0,213.70951781,,,,
3726,material_r_nocable,3,False,1.2880585734294852,1.1310364095957677,72.00455887291189,460.7993736929261,19224.010535028265,1.2124560285746495,0.8247721784810534,23308.267466577592,0.33462299117620387,0.01654073,7489.7207027,7482.16451608,0.0,0.0,467.24452111,,,,
3727,material_r_nocable,3,False,0.8130482968540833,1.2666409656086035,31.71985246769297,1380.1460176034827,13112.266268131614,4.93029982191189,0.20282742147965682,64647.40404663058,0.13802082337752727,0.0251665,19885.71689417,19843.12663153,0.0,0.0,1179.5536541,,,,
3728,material_r_nocable,3,False,0.925387467793454,1.2434979395539063,47.00684569019479,1656.6155489941896,17806.716328699382,4.521046591236406,0.2211877227583541,80504.99415897999,0.26314296477221444,0.02770417,22318.95458058,22259.30360241,0.0,0.0,1214.10804402,,,,
3729,material_r_nocable,3,False,1.146137816816413,1.2279145805210088,4.786794264101158,1347.7399840625885,4341.568949907716,2.3147748279471596,0.43200746263810136,10049.754519043365,0.3759570030714049,0.12561002,3547.17302297,3390.68507725,0.0,0.0,175.71772939,,,,
3730,material_r_nocable,3,False,1.2289529668839358,1.3383729572884493,14.797086626753954,1164.6444096363848,1474.8932202551257,3.01581348149784,0.3315854929805997,4448.002857415171,0.32932305023533803,0.17178047,2473.43412375,2328.38225961,0.0,0.0,111.53182302,,,,
3731,material_r_nocable,3,False,1.3587273998933895,1.3003035074127312,36.381449040619714,967.0847964999713,7209.938956213562,2.3430066805497107,0.42680202677244705,16892.935140763984,0.4203074667573893,0.03446128,8345.44420254,8317.26346629,0.0,0.0,466.59604231,,,,
3732,material_r_nocable,3,False,1.1731772530753015,1.1698631619622029,33.21152086412285,560.3041669161596,3019.36088408984,2.9546589719835965,0.3384485348333296,8921.18172583237,0.11315668533727513,0.10910621,1826.17311673,1748.61388241,0.0,0.0,84.7877474,,,,
3733,material_r_nocable,3,False,1.2486429250553703,1.3415807244945814,74.57806172218032,484.5343242671105,3970.727078142502,2.0346157471164474,0.49149329617508697,8078.903840690415,0.34233754409075823,0.03919028,3753.84316173,3738.13712418,0.0,0.0,211.16554244,,,,
3734,material_r_nocable,3,False,0.9910632122417649,1.247922032640226,49.22819696745242,1297.1703282574583,2946.4951878373195,2.380485798631957,0.42008232125337214,7014.08995038414,0.1747464937026933,0.1941498,2714.82782376,2495.07735465,0.0,0.0,127.0127828,,,,
3735,material_r_nocable,3,False,1.1712275655025066,0.8586541519907669,41.01944099906674,1050.360211531471,10950.608242075632,1.3295736295381413,0.7521208136080237,14559.639946066784,0.14225025759351717,0.17743958,3968.1049159,2866.41891299,0.0,0.0,146.64339975,,,,
3736,material_r_nocable,3,False,0.9112702166548752,1.1066786648702598,28.13612898691515,233.34540150004239,14694.073003849651,1.3791418332621652,0.7250885847140474,20265.2107806173,0.49001603709388963,0.05570753,2467.23226683,2355.00244391,0.0,0.0,108.37091859,,,,
3737,material_r_nocable,3,False,1.3378282340065826,1.2834654599847997,88.031685331498,1618.6649761458298,13203.036082605477,1.7259672741298013,0.5793852612322445,22788.008197731986,0.1221972442856426,0.05976291,7725.62470026,7630.18241423,0.0,0.0,442.6254688,,,,
3738,material_r_nocable,3,False,1.0394836260071643,1.3539572606828931,63.94444177690766,726.0786022286792,16207.240804379095,3.8915880184773983,0.2569645078697859,63071.90412689967,0.4133600371059616,0.00814832,29350.21619647,29345.34326318,0.0,0.0,1694.54569495,,,,
3739,material_r_nocable,3,False,1.3941902082717266,1.2197396175134387,15.345704657864623,525.2266040277048,16735.025592067024,1.1528590837538182,0.8674087007615063,19293.12627066709,0.13521086938786492,0.01863231,7691.01289274,7682.54122264,0.0,0.0,476.04757976,,,,
3741,material_r_nocable,3,False,0.9376175578108255,0.9708821528532553,6.155206341117566,334.014510103186,5576.756646861792,1.0484892646843795,0.9537532082419785,5847.169475991846,0.1922808155244848,0.24185867,643.8292734,437.06854643,0.0,0.0,14.52108099,,,,
3743,material_r_nocable,3,False,1.0076475935996976,1.0518493319454487,62.38011236218526,911.3316848877306,18979.52070813192,3.998189617364595,0.25011320014860866,75883.72263780938,0.3850554535687032,0.06718467,5283.05091289,5080.46444101,0.0,0.0,238.49226488,,,,
3744,material_r_nocable,3,False,1.3365876450529877,1.1229960486076829,22.655529921003904,604.2818531567909,12694.996565944848,1.058908316145111,0.944368822827303,13442.837437112625,0.43233922075597575,0.02583417,6298.81340671,6285.6387035,0.0,0.0,396.66091935,,,,
3745,material_r_nocable,3,False,0.8506255417977192,1.1810882898109005,57.00521647156932,1788.1034446012713,18973.03309272993,3.3686271186722347,0.2968568395287859,63913.07379963578,0.48349983936860086,0.0477898,13490.84501306,13356.259653,0.0,0.0,753.70824679,,,,
3746,material_r_nocable,3,False,1.1405856893744495,1.0188874903480285,80.99990018588366,1985.9423718521043,3580.806856319787,2.5341233400349585,0.39461378386823304,9074.20623075718,0.19083680907810718,0.32098666,2608.22169109,1996.15591593,0.0,0.0,62.48384242,,,,
3748,material_r_nocable,3,False,1.3999642056392019,0.8645003299550621,8.251313593373846,1167.2800250223881,5528.570503362531,2.6025537416099813,0.3842379828749988,14388.401849280732,0.1025958345572778,0.15228396,3935.19677481,3286.54471414,0.0,0.0,192.64726568,,,,
3749,material_r_nocable,3,False,1.238304952516157,0.9111796099751226,57.99614097497814,587.2651480029124,7169.779171735299,1.1772427052165435,0.849442511360526,8440.570227938892,0.2861174780997153,0.10714184,2180.2980272,2085.36035573,0.0,0.0,111.96239789,,,,
3751,material_r_nocable,3,False,1.0803823632397063,1.054510659674904,31.316469549236817,547.8220389868267,11524.886507049277,1.7015050021069538,0.5877149927632959,19609.652040459285,0.45628221656158097,0.06914512,2238.22433297,2164.96462385,0.0,0.0,127.48226003,,,,
3752,material_r_nocable,3,False,1.0296457398460517,1.3012138415436607,60.2702930100796,773.8893666689195,13866.073012253017,3.7871745785965896,0.26404908969645896,52513.23921696886,0.48110636677573104,0.01164701,21739.98444499,21731.72319884,0.0,0.0,1243.05985358,,,,
3753,material_r_nocable,3,False,0.8283654920699243,0.9184444780044295,0.33992252788039945,994.089243697075,1498.5825929155503,4.516918684718151,0.22138986105356434,6768.975714533624,0.3382373229125755,0.40028891,1475.29328841,1149.86015238,0.0,0.0,50.24632249,,,,
3754,material_r_nocable,3,False,1.3927101102997756,0.9388153337251722,74.0223743466708,1820.3694847058275,1297.6681421714077,1.8265678903216618,0.5474748599811958,2370.2789607836585,0.3595802640304192,0.40312758,1845.66954459,1439.47049704,0.0,0.0,72.00209392,,,,
3755,material_r_nocable,3,False,1.299683769787983,1.140613812134683,68.68126859112317,1245.4812730389046,19977.36541525107,3.68940685840784,0.2710462788133779,73704.6289759469,0.35489530678993375,0.02418678,15820.40717696,15780.75622576,0.0,0.0,853.22303917,,,,
3756,material_r_nocable,3,False,1.3132451096722533,1.2453892754265674,20.675025622630653,418.46901777645985,14089.39029252957,2.0639648252764995,0.4845043809630015,29080.0059733732,0.26359416216510856,0.01275791,9431.05461231,9425.66424366,0.0,0.0,544.42235418,,,,
3757,material_r_nocable,3,False,0.8310988951077085,1.0178925396589018,68.11547563270094,1405.5736864321045,1854.9564269881657,3.9749066866374756,0.25157823285807446,7373.27870505642,0.3620553426852092,0.34531557,2113.5019116,1738.97366142,0.0,0.0,86.5581182,,,,
3758,material_r_nocable,3,False,1.2242654634549524,1.024798941264049,4.603982423324858,1035.8184276768498,13968.216667854174,1.4860106322210755,0.6729426952385552,20756.918481598947,0.27671530283511536,0.08210577,3703.1225921,3611.24007673,0.0,0.0,213.91137965,,,,
3759,material_r_nocable,3,False,1.333526783783937,1.1906188593913516,0.9447883824472164,744.8121356025084,17194.435547936326,4.500849999934156,0.22218025484400264,77389.57523479706,0.3039732311102106,0.01277404,19622.3213874,19610.51950477,0.0,0.0,982.30586527,,,,
3761,material_r_nocable,3,False,1.0157684854855888,1.175553166292873,15.878393877746594,463.0349449120574,16285.574990895511,4.154190092239807,0.2407208090616845,67653.37427360652,0.10924344488862359,0.01545283,12723.26790696,12709.19587162,0.0,0.0,599.90598274,,,,
3762,material_r_nocable,3,False,1.223414098946096,1.141252403169237,25.150803289320386,328.22707022169175,4092.3649626589763,2.9770235521030965,0.33590597538052974,12183.066877637282,0.3056904221867838,0.04286283,2344.53553738,2325.15826515,0.0,0.0,126.86410692,,,,
3763,material_r_nocable,3,False,1.3620796197987204,1.0684257100630188,27.745487974778307,1673.4059781084356,18604.168709270823,2.8051003660254668,0.3564934831251315,52186.56045597512,0.15254341693755738,0.05653442,7835.4597123,7733.782788,0.0,0.0,501.17187286,,,,
3764,material_r_nocable,3,False,1.2541911328330728,0.9423249962464884,45.222985309696085,371.6382195407464,6799.07642395375,3.355977576739063,0.29797576924565755,22817.548021324,0.16129975551395254,0.08177572,2498.62413205,2136.28604098,0.0,0.0,106.98051344,,,,
3765,material_r_nocable,3,False,0.9873471189808427,1.1614120339189575,89.52768319704654,427.0757021105371,14960.965949895392,4.559602310345848,0.21931737286187786,68216.05491014858,0.23339298176622947,0.01457149,11980.38223745,11968.81457984,0.0,0.0,581.14206577,,,,
3766,material_r_nocable,3,False,0.9293459213404769,1.192250100003403,79.19659944907079,267.11033367344146,7241.228066055167,2.566223260517444,0.3896777086333336,18582.607897822516,0.22960000581059592,0.02774581,3946.68139073,3933.95978783,0.0,0.0,199.77221125,,,,
3767,material_r_nocable,3,False,1.1638570769341545,1.0399734447723814,84.58351026831164,1548.5919272323956,4011.739592662354,2.077388947583941,0.48137350550701,8333.943490381676,0.20988253696029982,0.26503606,2132.07383186,1712.4626279,0.0,0.0,69.11700048,,,,
3768,material_r_nocable,3,False,0.8042362228403347,1.1292161564366787,49.75706300623229,1975.3065508122843,16977.88016836618,3.2846219779655783,0.3044490375782536,55765.91834028149,0.3390314123158853,0.00747629,7683.18304756,7636.26580984,0.0,0.0,380.18152804,,,,
3769,material_r_nocable,3,False,1.079664314168707,1.004313174917928,68.75001676188539,657.881411786118,4836.99288159211,4.412101433166605,0.2266493676874267,21341.303225089214,0.3439722121205908,0.1526434,1518.04658229,1268.14976125,0.0,0.0,61.01650632,,,,
3770,material_r_nocable,3,False,0.9246322366151971,1.3878457594096345,48.56986905260609,469.8997537709392,13683.9128528932,2.615961501798261,0.3822686225743694,35796.589217131026,0.1355143897054911,0.00997115,16479.67880564,16475.11571145,0.0,0.0,981.1065206,,,,
3771,material_r_nocable,3,False,0.9735365024554002,1.2041798177952998,41.9540285603015,1669.4718501401462,17351.850111405445,4.477022484592558,0.2233627379450178,77684.62309804207,0.4301040094573342,0.03059295,19570.16163588,19503.53712723,0.0,0.0,1044.36155689,,,,
3772,material_r_nocable,3,False,0.9936894198781273,0.9224625563715801,77.47598948901602,1481.7376840207228,6762.733379983346,2.0431122704656257,0.4894493633343506,13817.023550531449,0.2517150109870458,0.31174249,1997.35467705,1481.68646945,0.0,0.0,43.3688689,,,,
3773,material_r_nocable,3,False,1.3066918679834676,1.056447166283355,25.776307218514457,1372.6756934598272,6154.27406582636,2.7216444964252338,0.36742491582330394,16749.74614074886,0.18368463712899363,0.14097235,2791.83524473,2569.54529527,0.0,0.0,150.75096908,,,,
3774,material_r_nocable,3,False,1.0518507076239894,1.088223673172018,86.47813720646448,1629.4391701260215,11340.905959595231,3.8501495590890777,0.259730170127883,43664.18408000627,0.14476547826929848,0.12358768,5392.53226382,5026.43288025,0.0,0.0,224.29333982,,,,
3775,material_r_nocable,3,False,1.1293752542829363,1.0499089145865368,13.470048956186083,1555.4655496730286,12380.271207301595,2.9741096306898553,0.3362350834955759,36820.283828187996,0.16990130724851818,0.13515139,3684.47025116,3276.59803132,0.0,0.0,171.15826456,,,,
3776,material_r_nocable,3,False,0.9235064826528684,1.0268453227598886,66.72698256282531,988.3918199301548,13953.45290166428,1.2328423320030049,0.811133730600648,17202.407414781886,0.471748802226058,0.19709801,2093.05882948,1704.84673529,0.0,0.0,75.18987273,,,,
3777,material_r_nocable,3,False,1.3532448831709578,0.9104073561164686,15.444605609962016,1154.4641910414762,2863.143612087578,4.5081141195863985,0.22182224617058852,12907.378144055612,0.23638393122892734,0.22343537,1833.12212336,1498.89751174,0.0,0.0,91.20528134,,,,
3778,material_r_nocable,3,False,0.9403326967531304,1.3186931660738694,2.6673907003301873,1558.3691796732758,15823.996454768709,1.3421214790888891,0.7450890367084049,21237.725526971517,0.397424061041606,0.05845202,8246.16226527,8173.40681901,0.0,0.0,505.30300013,,,,
3779,material_r_nocable,3,False,1.0564072736399377,1.3484697532742247,71.13558951361654,1963.5706789626252,8114.236144162184,4.015822911099571,0.24901496458821448,32585.33541379874,0.357714638627627,0.04612135,14597.5930525,14522.71258373,0.0,0.0,810.08208812,,,,
3780,material_r_nocable,3,False,1.2250689760866722,1.1427563581251063,12.93629188089725,995.9811514122696,3504.2001467807154,4.531494851127007,0.2206777306061144,15879.264922455312,0.17133487170399436,0.12111332,3074.27717875,2906.52485693,0.0,0.0,132.73229957,,,,
3781,material_r_nocable,3,False,0.864210760889457,1.2925612911459285,85.8437271417646,906.8837754209438,18035.23756061517,1.397616682927607,0.7155037659576917,25206.34889527836,0.3604364274077456,0.03664565,8548.35293031,8509.81092624,0.0,0.0,509.659915,,,,
3783,material_r_nocable,3,False,1.3495426907710404,1.2697090662896593,24.480316463043263,1988.8774303676773,19910.701189906387,1.1029238367028866,0.9066809209504709,21959.986947816284,0.30047454831239995,0.04917575,10946.66730163,10862.92615597,0.0,0.0,663.43399509,,,,
3784,material_r_nocable,3,False,0.9971948323999686,1.2794096703356304,29.326038784524773,446.0381259209584,2142.100316586617,4.2382562036669675,0.23594609479596665,9078.769955650205,0.27848533123302555,0.05393453,3033.20144499,3007.46848057,0.0,0.0,161.77941052,,,,
3785,material_r_nocable,3,False,1.1096537867074812,1.3933536388475947,42.85634457640244,222.89408284453006,11493.158271406735,4.715959034668652,0.21204594710188382,54201.26358691734,0.3062433524743269,0.002924,26829.24511673,26828.71364577,0.0,0.0,1463.80312361,,,,
3787,material_r_nocable,3,False,0.8395091222124365,1.285262247727442,16.623285018944955,276.33913228559413,7776.17114208918,2.9110076989059124,0.3435236534674384,22636.494062631584,0.2995559864516806,0.01284224,7394.61135959,7390.17909157,0.0,0.0,448.15702521,,,,
3788,material_r_nocable,3,False,1.1352640997404275,1.0932603778964607,56.36910764865481,330.63187052992635,11204.795047802552,4.435746831950645,0.2254411800053621,49701.63413594645,0.24331389896595068,0.02142788,5331.73116244,5316.19943419,0.0,0.0,265.25840421,,,,
3789,material_r_nocable,3,False,0.9728231860494799,1.1569228601335095,20.014074191067344,1780.4226051779901,9181.684936319865,4.217724368008771,0.23709467778049942,38725.81629529535,0.1474334616977142,0.102853,7612.23558417,7275.8074366,0.0,0.0,344.61723794,,,,
3791,material_r_nocable,3,False,1.297514208804539,1.1782567405985898,47.15700637614926,1578.283027011677,18699.50579093157,4.9590310944142,0.20165229476507807,92731.43066740806,0.4574660417057118,0.02000741,27125.60922373,27087.3158774,0.0,0.0,1337.30209587,,,,
3792,material_r_nocable,3,False,1.0332643918090685,1.2116225288024518,2.257961440534473,1626.9267573462516,15423.049980686304,3.5675088888671698,0.28030764075195924,55021.86789954102,0.33279749157138727,0.04266516,13867.7583627,13783.40085023,0.0,0.0,713.12579349,,,,
3793,material_r_nocable,3,False,1.3148450168012056,1.339087610935385,83.83627824153909,435.4891092094646,1132.217213988175,1.6574481660832276,0.6033371181453802,1876.591344932562,0.2113301675543561,0.14422319,941.1456406,890.95354965,0.0,0.0,46.96075063,,,,
3794,material_r_nocable,3,False,1.1403235814029329,1.0606963677617065,4.181345721206375,406.3229037516222,7663.450338483766,1.4385971052455104,0.6951216545297721,11024.617473135473,0.26244042275720836,0.0774061,1460.21313371,1408.517216,0.0,0.0,84.43347235,,,,
3795,material_r_nocable,3,False,1.1031610994803391,0.8111719350947677,76.19455271341944,1070.023491740144,1588.8432162150852,3.780591675671841,0.2645088615189558,6006.767437170426,0.10845510604440566,0.44272307,1527.28989663,937.62182011,0.0,0.0,39.65265312,,,,
3796,material_r_nocable,3,False,1.2873599184854636,0.9377272312537746,62.19287691691356,1535.3658088714756,17100.880098087586,4.893500182071717,0.20435270517894188,83683.1598735782,0.4859972399370531,0.07733278,5703.40445837,5599.76543777,0.0,0.0,356.13054826,,,,
3797,material_r_nocable,3,False,1.002035984495278,1.0521227472462327,13.372440105089966,1512.6786780800321,14555.413340486943,3.8142143227737497,0.2621771917821299,55517.46603717741,0.11289361862954367,0.13552236,5094.16043363,4533.33448352,0.0,0.0,193.0898231,,,,
3798,material_r_nocable,3,False,0.9132092607712811,1.2978361626478538,77.9040017973479,1497.143112237777,6907.200261362575,4.403601617721931,0.2270868454529544,30416.558244865577,0.3177268828012778,0.04754179,10882.88745926,10810.61059978,0.0,0.0,632.63373346,,,,
3799,material_r_nocable,3,False,0.9660121779863963,0.9892951909261638,69.35506731632482,1432.6882402205624,15782.686628385369,3.855308623865281,0.2593826065726,60847.12786617737,0.4273552867139202,0.17579947,3453.81180696,2790.36942413,0.0,0.0,113.30330354,,,,
3800,material_r_cable,3,True,1.2755834021938894,1.3720163112418189,62.523922428547294,561.9331276284463,14024.58797669901,1.1732476088066623,0.8523349994440845,16454.314308160778,0.46029606783880883,0.01203393,13731.60973947,11027.42007249,1114.67683218,421.72533101,680.70281621,1.224894976421692,1.2591756413039694,/home/chaoyu/phd_simulation/sensitivity_analysis/data/03800_verts.csv,/home/chaoyu/phd_simulation/sensitivity_analysis/data/03800_stress.csv
3801,material_r_cable,3,True,1.0700327912140524,1.188659875460504,7.178190044420198,1455.0452407032215,18725.374603942215,4.003875352998781,0.24975802487233534,74974.06585239354,0.42274182163824425,0.02392266,27911.9860462,18342.80982281,2685.76868015,0.0,951.95386458,1.2099185012694533,1.333731337338877,/home/chaoyu/phd_simulation/sensitivity_analysis/data/03801_verts.csv,/home/chaoyu/phd_simulation/sensitivity_analysis/data/03801_stress.csv
3802,material_r_cable,3,True,1.0401941347087917,1.0880124290295168,83.68466189166583,1705.1083302308436,12514.426851977645,1.6659944648233074,0.6002420903037384,20848.965865830924,0.1792647284787006,0.17673368,3404.06480483,3000.10326649,0.0,0.0,141.92829721,1.382627424520998,1.3861352142425294,/home/chaoyu/phd_simulation/sensitivity_analysis/data/03802_verts.csv,/home/chaoyu/phd_simulation/sensitivity_analysis/data/03802_stress.csv
3803,material_r_cable,3,True,1.064828998211103,1.1315729669796655,78.31594335849793,1645.337595491772,15356.231331893094,2.103876877634992,0.47531298557932683,32307.620026783876,0.23814260203654594,0.10397816,5449.61804966,5207.05691488,0.0,0.0,264.21001777,1.3218637875676698,1.3410943181291086,/home/chaoyu/phd_simulation/sensitivity_analysis/data/03803_verts.csv,/home/chaoyu/phd_simulation/sensitivity_analysis/data/03803_stress.csv
3804,material_r_cable,3,True,1.2650453671449018,0.9578172679958347,28.245049983290958,1776.0130120908643,8995.926186744713,4.579471827331958,0.2183657936340246,41196.590532955226,0.2765930458966694,0.1376354,4624.32823748,3006.66243339,274.39818944,491.40961722,174.09213006,1.3072802292408976,1.2824647492708101,/home/chaoyu/phd_simulation/sensitivity_analysis/data/03804_verts.csv,/home/chaoyu/phd_simulation/sensitivity_analysis/data/03804_stress.csv
3805,material_r_cable,3,True,1.3357750008037381,1.1709191363259885,4.536065835731559,1499.2918484921206,8626.739270951854,1.3281571397211676,0.7529229562474357,11457.665355227684,0.45430949999909365,0.06069431,7667.60173651,5360.097267,0.0,1373.76484888,329.896049,1.3350717539023707,1.2100155285089251,/home/chaoyu/phd_simulation/sensitivity_analysis/data/03805_verts.csv,/home/chaoyu/phd_simulation/sensitivity_analysis/data/03805_stress.csv
3807,material_r_cable,3,True,1.3336722709596538,1.3638016479743758,15.571526835663667,279.04693726877224,7665.185608655075,2.645130672182877,0.37805315650994153,20275.417561428312,0.14095828664536825,0.00894973,10864.80663494,8443.49353301,243.30695387,1204.66979669,442.47942888,1.2686060470578426,1.2090562862520051,/home/chaoyu/phd_simulation/sensitivity_analysis/data/03807_verts.csv,/home/chaoyu/phd_simulation/sensitivity_analysis/data/03807_stress.csv
3808,material_r_cable,3,True,1.2258361425408904,1.2856899919157507,18.27404165609525,537.3600050602715,8735.375117981792,2.6545855975716615,0.37670663206896443,23188.80097758032,0.39828861482275246,0.01758772,10022.23520463,9302.69835008,0.0,220.58558031,508.71661523,1.2956668157075055,1.266072086271165,/home/chaoyu/phd_simulation/sensitivity_analysis/data/03808_verts.csv,/home/chaoyu/phd_simulation/sensitivity_analysis/data/03808_stress.csv
3809,material_r_cable,3,True,0.9093663463266849,1.3936280442441265,46.23074844582691,1094.8095394524198,5782.413920462912,4.524555239951557,0.2210161987127616,26162.851203399292,0.2624665518225775,0.02849188,12510.6320643,12484.43856057,0.0,0.0,782.39598228,1.3834233072693036,1.3050484562002775,/home/chaoyu/phd_simulation/sensitivity_analysis/data/03809_verts.csv,/home/chaoyu/phd_simulation/sensitivity_analysis/data/03809_stress.csv
3810,material_r_cable,3,True,1.26303973040234,0.8887442483346301,9.403663533582005,795.1302673900368,8319.158446071619,1.8937500557822542,0.5280527897262178,15754.40677130954,0.20063870450476753,0.12108443,3320.33775044,2944.21197042,30.60070786,98.39116374,153.41195216,1.3126553963068572,1.3024961459057987,/home/chaoyu/phd_simulation/sensitivity_analysis/data/03810_verts.csv,/home/chaoyu/phd_simulation/sensitivity_analysis/data/03810_stress.csv
3811,material_r_cable,3,True,1.3897084941702298,1.351682096727898,66.44987052080242,1183.0174466044857,10845.444114222242,4.453161063534971,0.22455958491790737,48296.50944619901,0.34233557219053157,0.01753814,24163.67847336,23557.17931886,112.50000499,101.34448274,1157.55501556,1.28369157727695,1.287039235015799,/home/chaoyu/phd_simulation/sensitivity_analysis/data/03811_verts.csv,/home/chaoyu/phd_simulation/sensitivity_analysis/data/03811_stress.csv
3812,material_r_cable,3,True,1.3483516916141518,1.1637005902927158,80.46700382088491,1550.0944705299196,15689.791855964726,2.883991566904996,0.3467416519089086,45249.227399096955,0.3908122887793909,0.0346541,12986.91651459,12928.6718446,0.0,0.0,735.57540221,1.398722152820455,1.3499881751202065,/home/chaoyu/phd_simulation/sensitivity_analysis/data/03812_verts.csv,/home/chaoyu/phd_simulation/sensitivity_analysis/data/03812_stress.csv
3813,material_r_cable,3,True,1.3325636900506945,0.9543284725315404,65.889515432693,1164.9446003845173,16051.989356256045,3.8251025828254828,0.2614308971712156,61400.50594610215,0.3124838226197395,0.05194254,10783.68813937,6057.30799966,0.0,729.48948803,367.96073183,1.3234468643222443,1.2479208410612002,/home/chaoyu/phd_simulation/sensitivity_analysis/data/03813_verts.csv,/home/chaoyu/phd_simulation/sensitivity_analysis/data/03813_stress.csv
3814,material_r_cable,3,True,1.1071934188448427,1.1103332837795523,84.46355470810646,1215.2392009366745,3694.277958201092,2.2770281249405286,0.43916892771191307,8411.974812171757,0.154613779066285,0.18720749,2552.43800474,1608.09598735,288.39263491,223.74862052,68.63471068,1.3019394852335144,1.327380753621744,/home/chaoyu/phd_simulation/sensitivity_analysis/data/03814_verts.csv,/home/chaoyu/phd_simulation/sensitivity_analysis/data/03814_stress.csv
3815,material_r_cable,3,True,1.3147870073749672,1.3665141860275158,57.56360110935515,1346.819891906939,18593.254436342384,1.8238176584954435,0.5483004264938135,33910.705769899985,0.32932286230911945,0.02264633,17372.87609178,17348.3622924,0.0,0.0,1002.20961134,1.2971706564643242,1.3957234139981212,/home/chaoyu/phd_simulation/sensitivity_analysis/data/03815_verts.csv,/home/chaoyu/phd_simulation/sensitivity_analysis/data/03815_stress.csv
3816,material_r_cable,3,True,1.1333821926593617,0.9850472182546128,54.317830451282674,1302.8814148255371,13768.372907565286,3.1969200798962554,0.31280106321345746,44016.38781569505,0.3585370183569728,0.10620647,6314.00307831,2584.00518163,998.04790077,0.0,142.49050668,1.2406577295454577,1.350664514706862,/home/chaoyu/phd_simulation/sensitivity_analysis/data/03816_verts.csv,/home/chaoyu/phd_simulation/sensitivity_analysis/data/03816_stress.csv
3817,material_r_cable,3,True,1.0563606544158117,1.1515086365914526,68.80476251151059,284.3359007736394,8253.153196953659,2.408752543598517,0.41515264930704177,19879.803755870358,0.4557338319356007,0.0206272,5314.9896276,3981.99147449,330.89673044,0.0,217.43582566,1.2410267506759758,1.3855630712290323,/home/chaoyu/phd_simulation/sensitivity_analysis/data/03817_verts.csv,/home/chaoyu/phd_simulation/sensitivity_analysis/data/03817_stress.csv
3818,material_r_cable,3,True,0.9879581237868391,1.3543956037103482,22.978124849164058,209.2974154929297,12289.62504981528,3.327016750598397,0.30056957177030746,40887.7883993091,0.13319446448579791,0.00351033,25397.84867321,16929.50789902,1989.54991578,1272.18451968,945.41794056,1.2116643362379844,1.212676219992314,/home/chaoyu/phd_simulation/sensitivity_analysis/data/03818_verts.csv,/home/chaoyu/phd_simulation/sensitivity_analysis/data/03818_stress.csv
3819,material_r_cable,3,True,1.0639447751109998,1.247258464706512,4.0600495738008275,999.0722439503505,2982.2188621859723,4.357701908953922,0.2294787529971394,12995.620828666206,0.11478303787378986,0.07592603,6733.70405335,3766.82005929,1303.04899874,0.0,184.10367473,1.2096232521683894,1.3488262414062917,/home/chaoyu/phd_simulation/sensitivity_analysis/data/03819_verts.csv,/home/chaoyu/phd_simulation/sensitivity_analysis/data/03819_stress.csv
3820,material_r_cable,3,True,0.8455862368779817,1.3496942790878828,73.02413205931755,1072.5294181979102,6925.788763401289,2.757212711748594,0.36268511157625233,19095.872817335607,0.3621891401072238,0.04024548,8807.49265056,8048.78418027,0.0,160.57209154,529.31626875,1.3172478053896806,1.2762150668868235,/home/chaoyu/phd_simulation/sensitivity_analysis/data/03820_verts.csv,/home/chaoyu/phd_simulation/sensitivity_analysis/data/03820_stress.csv
3821,material_r_cable,3,True,1.253836031130865,1.380176407932055,19.305541317314454,1487.095684239942,1501.6920895656635,2.949521828388738,0.3390380062202418,4429.273597692621,0.4713322098319469,0.11665647,4508.38798105,2934.65581183,779.6638555,319.28765387,152.06704494,1.2323185526450975,1.2487322234572178,/home/chaoyu/phd_simulation/sensitivity_analysis/data/03821_verts.csv,/home/chaoyu/phd_simulation/sensitivity_analysis/data/03821_stress.csv
3822,material_r_cable,3,True,1.3456736552583912,1.113900637631631,39.67150883042951,1739.9377623944838,5077.944000115464,2.160354913485053,0.4628869051830075,10970.161271051387,0.14539371530951023,0.1532325,3752.16288459,2590.19880877,564.15121224,0.0,141.45912889,1.2720307481355877,1.393594925165157,/home/chaoyu/phd_simulation/sensitivity_analysis/data/03822_verts.csv,/home/chaoyu/phd_simulation/sensitivity_analysis/data/03822_stress.csv
3824,material_r_cable,3,True,0.9769351768587539,0.9785933657479722,17.016913483643194,838.269287880825,11979.936423237801,1.807455480605471,0.5532639728780565,21653.20174548627,0.3284699863316092,0.18509386,1928.69268185,1082.80115467,112.4885799,184.91622694,42.45218623,1.3604035260868448,1.3351668053061394,/home/chaoyu/phd_simulation/sensitivity_analysis/data/03824_verts.csv,/home/chaoyu/phd_simulation/sensitivity_analysis/data/03824_stress.csv
3825,material_r_cable,3,True,0.8769491511680073,1.0966338108822287,70.33800908833005,1615.7058621297635,15116.742911834996,2.477729027599116,0.4035953846692371,37455.19271540675,0.2299538488888537,0.13304533,6366.77706004,5277.28973938,199.93560288,4.86878041,248.94063114,1.3016074105529432,1.3496145538789224,/home/chaoyu/phd_simulation/sensitivity_analysis/data/03825_verts.csv,/home/chaoyu/phd_simulation/sensitivity_analysis/data/03825_stress.csv
3826,material_r_cable,3,True,1.2241164216382292,0.8083914410734413,55.253048743522534,801.4553653329833,2162.2355533763243,2.7350094318983897,0.36562945207318454,5913.734632470281,0.24559793262538782,0.16898244,2282.90855385,942.76741347,1826.10430705,43.44906668,49.12713328,1.2020814881060364,1.384129806054624,/home/chaoyu/phd_simulation/sensitivity_analysis/data/03826_verts.csv,/home/chaoyu/phd_simulation/sensitivity_analysis/data/03826_stress.csv
3828,material_r_cable,3,True,1.2774191851419001,1.1470498425369868,18.54061275322188,902.5469782771912,5623.440743185669,1.5600157215935813,0.6410191808698465,8772.655968819536,0.16962193129719505,0.11181256,2296.90764042,2147.42684411,22.16712882,0.0,125.59426753,1.3139788479493864,1.327182410124748,/home/chaoyu/phd_simulation/sensitivity_analysis/data/03828_verts.csv,/home/chaoyu/phd_simulation/sensitivity_analysis/data/03828_stress.csv
3830,material_r_cable,3,True,1.1403805917069008,0.9784275075636777,12.103403725939017,1889.113510225319,8157.654482455434,1.403536111652222,0.7124861210894067,11449.562652507819,0.3034120483243539,0.19818191,3555.60073751,2133.69285169,788.10763247,39.37354436,97.3982089,1.283002837898996,1.398805525074561,/home/chaoyu/phd_simulation/sensitivity_analysis/data/03830_verts.csv,/home/chaoyu/phd_simulation/sensitivity_analysis/data/03830_stress.csv
3831,material_r_cable,3,True,1.1685913637606609,0.803973092212207,63.883083180723396,308.57675521825774,2196.414686670789,3.8043405036967703,0.26285764879044754,8355.909355416132,0.18915896055337733,0.20121155,1691.02496162,751.49809729,73.10014014,63.17809403,39.07277835,1.3316406833513155,1.3434471819073335,/home/chaoyu/phd_simulation/sensitivity_analysis/data/03831_verts.csv,/home/chaoyu/phd_simulation/sensitivity_analysis/data/03831_stress.csv
3832,material_r_cable,3,True,1.371525267527431,1.3791565613162735,71.87260233535338,1646.8366948166736,15497.266762486794,3.010083900031022,0.3322166534925136,46648.07317624738,0.31458106722510293,0.02015592,28414.15114042,24018.09267278,1864.73615332,0.0,1268.85945851,1.2190794369406357,1.3589457452430653,/home/chaoyu/phd_simulation/sensitivity_analysis/data/03832_verts.csv,/home/chaoyu/phd_simulation/sensitivity_analysis/data/03832_stress.csv
3833,material_r_cable,3,True,1.3946288935758844,1.3267872934146983,29.144086623076927,375.16886142976307,5992.75865509237,1.7645572723639156,0.5667143910043424,10574.56586636504,0.23112275807586524,0.02189024,5225.32302604,4637.01898142,160.09091236,0.0,273.41065465,1.2674272677291682,1.3235914680372192,/home/chaoyu/phd_simulation/sensitivity_analysis/data/03833_verts.csv,/home/chaoyu/phd_simulation/sensitivity_analysis/data/03833_stress.csv
3834,material_r_cable,3,True,0.8085157895189835,1.340929121146567,38.780097724570815,418.1003345172769,16723.302694453563,3.447534694692616,0.2900623455768182,57654.16624897517,0.36797644360502446,0.00498828,30144.03377029,23469.77186031,1402.11969495,99.58970109,1590.12636167,1.2314563055439445,1.284305563610345,/home/chaoyu/phd_simulation/sensitivity_analysis/data/03834_verts.csv,/home/chaoyu/phd_simulation/sensitivity_analysis/data/03834_stress.csv
3835,material_r_cable,3,True,1.3052929794107766,1.2377102186751694,55.154812512846426,1629.1696425075334,17599.096473971695,1.3305580683812048,0.7515643426345373,23416.61980966225,0.13719536054612821,0.04088416,11401.63092412,7626.91023858,1498.51567867,2004.09470456,458.69970219,1.2181998915824208,1.2053904517765326,/home/chaoyu/phd_simulation/sensitivity_analysis/data/03835_verts.csv,/home/chaoyu/phd_simulation/sensitivity_analysis/data/03835_stress.csv
3836,material_r_cable,3,True,1.0507533230056796,1.3179509464827164,12.801496489331347,1409.2337020453833,4814.194525093935,3.818196237571576,0.26190377282337207,18381.539422651345,0.10629766412836811,0.06625556,9040.53307945,6869.76639831,0.0,1187.10952497,352.68925628,1.3552863425058619,1.2011785598292244,/home/chaoyu/phd_simulation/sensitivity_analysis/data/03836_verts.csv,/home/chaoyu/phd_simulation/sensitivity_analysis/data/03836_stress.csv
3837,material_r_cable,3,True,0.9595216914120416,1.0696139507509097,76.92707309472753,1139.567942053237,1600.5324307447227,2.1203185789850347,0.4716272403172005,3393.638649176114,0.4942644403627585,0.19096847,1950.12510601,841.50871418,187.38209938,1528.96846751,34.11465699,1.3082054874689664,1.2305589102079706,/home/chaoyu/phd_simulation/sensitivity_analysis/data/03837_verts.csv,/home/chaoyu/phd_simulation/sensitivity_analysis/data/03837_stress.csv
3838,material_r_cable,3,True,1.2648710639615903,1.1194803299010725,63.42873278786941,1608.881919854761,11624.547004782773,2.6575033538200934,0.3762930340473608,30892.27265184954,0.35038310208560797,0.07139629,6521.33590361,6377.35913458,0.0,0.0,364.07359062,1.327720755528693,1.3259150721489363,/home/chaoyu/phd_simulation/sensitivity_analysis/data/03838_verts.csv,/home/chaoyu/phd_simulation/sensitivity_analysis/data/03838_stress.csv
3839,material_r_cable,3,True,1.0806378889934372,1.067723456790291,58.93504757299982,1342.1420333355554,10404.987030662862,2.265092346491386,0.4414831040107455,23568.25648849658,0.21193269709852258,0.11708313,5472.92212114,2547.86642121,919.26651824,82.06838305,126.38345109,1.2377762160176349,1.3177526698480335,/home/chaoyu/phd_simulation/sensitivity_analysis/data/03839_verts.csv,/home/chaoyu/phd_simulation/sensitivity_analysis/data/03839_stress.csv
3840,material_r_cable,3,True,0.9464266882920689,1.0941779488729266,84.21044480870461,1357.1486366149068,15220.244057214428,1.4140578215791284,0.7071846601599817,21522.30515544731,0.2423569883875648,0.16391711,3561.77600599,3131.02327569,0.0,55.13882902,145.82567339,1.3708042491892825,1.3512548748023734,/home/chaoyu/phd_simulation/sensitivity_analysis/data/03840_verts.csv,/home/chaoyu/phd_simulation/sensitivity_analysis/data/03840_stress.csv
3841,material_r_cable,3,True,1.1218127864844132,1.1255124769711042,50.235310514973065,1503.1147420741522,6111.640724684701,4.047918713930375,0.2470405338325181,24739.424862270203,0.38003570097403094,0.09848728,7339.23141163,4611.7338133,536.18017572,0.0,222.36501684,1.25034818517647,1.3622077961393169,/home/chaoyu/phd_simulation/sensitivity_analysis/data/03841_verts.csv,/home/chaoyu/phd_simulation/sensitivity_analysis/data/03841_stress.csv
3842,material_r_cable,3,True,0.8875466250948069,1.389533775687098,25.411243856862775,1428.3061755323345,15066.93070690826,1.3945681786857613,0.7170678460069254,21011.862114317624,0.38469080693214563,0.04243468,9985.26129154,9935.33343972,0.0,0.0,663.94548082,1.3488462470628206,1.3707874089188519,/home/chaoyu/phd_simulation/sensitivity_analysis/data/03842_verts.csv,/home/chaoyu/phd_simulation/sensitivity_analysis/data/03842_stress.csv
3844,material_r_cable,3,True,1.0830454418499382,1.362653259189198,42.341954390955124,357.00749976110694,8853.182311274319,2.2154666559871647,0.45137217357686715,19613.930210003633,0.44874879856412997,0.01104944,9785.73023485,9782.70379951,0.0,0.0,586.22288847,1.3042818772343883,1.3501831537664124,/home/chaoyu/phd_simulation/sensitivity_analysis/data/03844_verts.csv,/home/chaoyu/phd_simulation/sensitivity_analysis/data/03844_stress.csv
3845,material_r_cable,3,True,1.1285727059994153,0.9551015099167605,37.593648165952665,936.6172436500958,14236.842378512514,2.729604935474601,0.36635338213371466,38860.95522196172,0.41976928192317386,0.09728353,5132.47832486,2335.46985092,411.46347239,633.4774576,115.07133208,1.2699982271508354,1.248916893468424,/home/chaoyu/phd_simulation/sensitivity_analysis/data/03845_verts.csv,/home/chaoyu/phd_simulation/sensitivity_analysis/data/03845_stress.csv
3847,material_r_cable,3,True,0.836077808451117,1.3068792516341596,58.52707530015372,1366.491310473328,13933.115698664733,2.824533863275945,0.35404071907290996,39354.55711182022,0.23998249460449317,0.03121289,16027.16009415,14054.28923348,522.94432702,0.0,858.53905622,1.2471207006808005,1.391129367824333,/home/chaoyu/phd_simulation/sensitivity_analysis/data/03847_verts.csv,/home/chaoyu/phd_simulation/sensitivity_analysis/data/03847_stress.csv
3848,material_r_cable,3,True,1.354219138414153,1.149537025658661,61.83206458060527,1938.1044957213867,5298.7756032830475,4.780608695779704,0.2091783836821438,25331.372726040285,0.40625718803603306,0.09421224,7025.184166,6806.1444491,0.0,0.0,331.16609183,1.3237395110171222,1.350479002210282,/home/chaoyu/phd_simulation/sensitivity_analysis/data/03848_verts.csv,/home/chaoyu/phd_simulation/sensitivity_analysis/data/03848_stress.csv
3849,material_r_cable,3,True,1.1456757493158654,0.9044254586570523,10.161331150501681,870.0697409248493,2760.842373657355,3.9062637952282238,0.25599909591911596,10784.578608549677,0.3327219339522043,0.1705046,2081.42328736,794.61400063,98.87393246,1418.71969776,37.03100276,1.3459685178691043,1.2216654375067428,/home/chaoyu/phd_simulation/sensitivity_analysis/data/03849_verts.csv,/home/chaoyu/phd_simulation/sensitivity_analysis/data/03849_stress.csv
3851,material_r_cable,3,True,1.026404253587025,1.3343211216589288,15.089272828935776,1045.9507234172906,3176.494264916446,4.870757900912038,0.20530685785322084,15471.934538043553,0.49503369720162427,0.04200908,10090.90068938,7468.73059887,653.06053527,0.0,431.4978724,1.2331296180442903,1.3207924651568865,/home/chaoyu/phd_simulation/sensitivity_analysis/data/03851_verts.csv,/home/chaoyu/phd_simulation/sensitivity_analysis/data/03851_stress.csv
3852,material_r_cable,3,True,0.9737704409299838,1.1583138864630462,85.00939629392464,1521.6693370975192,3057.826492349802,1.8583934185526942,0.5380991936458719,5682.644628458942,0.17115675756768495,0.19302734,3152.73991774,1573.76582549,557.82738832,926.89213218,72.34197161,1.2649355636508792,1.2707817874971907,/home/chaoyu/phd_simulation/sensitivity_analysis/data/03852_verts.csv,/home/chaoyu/phd_simulation/sensitivity_analysis/data/03852_stress.csv
3853,material_r_cable,3,True,1.2101259964670676,0.9320513723358872,81.32830748934488,790.9523464894817,8543.07189426263,3.1509319750576203,0.3173664198135262,26918.638396848193,0.1788335661466588,0.12453239,5118.2906755,2466.80147927,56.87768829,312.93384215,119.02830516,1.3265076107287104,1.269576071197545,/home/chaoyu/phd_simulation/sensitivity_analysis/data/03853_verts.csv,/home/chaoyu/phd_simulation/sensitivity_analysis/data/03853_stress.csv
3854,material_r_cable,3,True,1.340560619061889,1.0712142567724139,28.406890234453986,446.49698317730133,11320.35939669561,3.685036891378475,0.27136770389995374,41715.9420004863,0.2303162974847317,0.02221887,5303.04046393,5288.56245715,0.0,0.0,334.42391266,1.377458325430439,1.3584776480190137,/home/chaoyu/phd_simulation/sensitivity_analysis/data/03854_verts.csv,/home/chaoyu/phd_simulation/sensitivity_analysis/data/03854_stress.csv
3855,material_r_cable,3,True,0.852653434970343,1.1287825695779972,40.80925229868046,1051.2138814340556,2803.0742125043735,4.272396238744763,0.23406068728629945,11975.843722426123,0.32655674491569897,0.14488451,4183.70755534,2247.73250501,514.10564683,0.0,115.98584324,1.2495782618376656,1.3618356352147147,/home/chaoyu/phd_simulation/sensitivity_analysis/data/03855_verts.csv,/home/chaoyu/phd_simulation/sensitivity_analysis/data/03855_stress.csv
3856,material_r_cable,3,True,0.9945171425687938,1.1028595922842706,67.51353139919858,1016.3098063796976,8378.730572968847,4.232981167276767,0.23624012498107494,35467.008721063205,0.11861502793070113,0.0859151,6216.52248049,4335.33936342,466.10325476,10.41499317,192.75461688,1.2436135165490216,1.3113909026117236,/home/chaoyu/phd_simulation/sensitivity_analysis/data/03856_verts.csv,/home/chaoyu/phd_simulation/sensitivity_analysis/data/03856_stress.csv
3857,material_r_cable,3,True,1.0910425148412297,1.2840008138738221,84.06668398903341,286.4229910927485,4012.939389715558,1.3523843370185604,0.7394347691164334,5427.036376056141,0.20564411599408366,0.05187162,1744.08959256,1725.13495101,3.48251552,0.0,97.57506385,1.2949675755556738,1.3460538392571262,/home/chaoyu/phd_simulation/sensitivity_analysis/data/03857_verts.csv,/home/chaoyu/phd_simulation/sensitivity_analysis/data/03857_stress.csv
3860,material_r_cable,3,True,0.8158278191989329,1.213496431065251,6.6635685223267025,1533.301199531105,16769.92171052925,2.099271395390735,0.4763557499976658,35204.61694985612,0.1362411782755964,0.08333071,10819.32636504,9268.86105582,377.06028797,264.57574885,505.69529011,1.2882250346992494,1.2627600622090773,/home/chaoyu/phd_simulation/sensitivity_analysis/data/03860_verts.csv,/home/chaoyu/phd_simulation/sensitivity_analysis/data/03860_stress.csv
3862,material_r_cable,3,True,1.270183832219934,0.9706027102114502,70.52788215253271,1279.9371734511349,2658.8515245018943,3.3140546497613173,0.30174517492402286,8811.57925780047,0.20806086149871672,0.18461205,2194.13456391,1152.61543092,1007.88521801,141.14904375,56.6319543,1.2545367367387679,1.3421488051827746,/home/chaoyu/phd_simulation/sensitivity_analysis/data/03862_verts.csv,/home/chaoyu/phd_simulation/sensitivity_analysis/data/03862_stress.csv
3863,material_r_cable,3,True,1.0051241397530963,1.3729854954116005,25.26375331929639,1167.516376172035,6579.449674145407,1.7851428132825822,0.5601792711257457,11745.2573011551,0.26047445908322353,0.06510524,7316.56497361,5273.42739676,490.58749232,0.0,312.73028415,1.243936046567731,1.3912830080685095,/home/chaoyu/phd_simulation/sensitivity_analysis/data/03863_verts.csv,/home/chaoyu/phd_simulation/sensitivity_analysis/data/03863_stress.csv
3864,material_r_cable,3,True,1.3161533006772,1.1613504519023967,56.53765387444519,1811.2926805460108,4592.502863780515,1.0564867645420881,0.9465333912000581,4851.918491705751,0.14951193582806102,0.13782348,3910.00324369,2051.33634714,390.87643819,1986.91953117,102.92519728,1.276603465203965,1.2122815424064117,/home/chaoyu/phd_simulation/sensitivity_analysis/data/03864_verts.csv,/home/chaoyu/phd_simulation/sensitivity_analysis/data/03864_stress.csv
3865,material_r_cable,3,True,0.889432087692859,1.0220278442475537,11.819414451960482,1383.3621340913444,3624.833104787559,4.83733673057338,0.20672532339535268,17534.538319987205,0.13009466174059453,0.16571212,4780.32870908,1816.49883764,2189.98342978,194.0048006,77.53247478,1.2160379834668933,1.2800928675351948,/home/chaoyu/phd_simulation/sensitivity_analysis/data/03865_verts.csv,/home/chaoyu/phd_simulation/sensitivity_analysis/data/03865_stress.csv
3866,material_r_cable,3,True,1.1992522098582368,0.8816811750881302,49.95570050588168,1259.6655053235954,13117.77887391313,1.4748741271530612,0.6780239625806527,19347.072666849494,0.49717108376871855,0.13048796,3611.99984945,3348.14878839,38.28890972,0.0,184.19868555,1.3244961589288873,1.395216895055333,/home/chaoyu/phd_simulation/sensitivity_analysis/data/03866_verts.csv,/home/chaoyu/phd_simulation/sensitivity_analysis/data/03866_stress.csv
3867,material_r_cable,3,True,0.9186384956866152,1.3622693544971356,25.009765183612124,1946.4423496654304,6379.296669596743,3.304858590404304,0.30258480738132393,21082.673399254363,0.3494708680007076,0.06504139,9655.42845789,9544.3053809,0.0,0.0,593.20530306,1.3857528794429903,1.3736978524939985,/home/chaoyu/phd_simulation/sensitivity_analysis/data/03867_verts.csv,/home/chaoyu/phd_simulation/sensitivity_analysis/data/03867_stress.csv
3868,material_r_cable,3,True,1.2084662350455895,1.3925378661012822,56.260556362938416,1613.99664612115,9970.248078510265,3.06600534585124,0.326157291719386,30568.83390817553,0.2012707296445227,0.03895613,14904.78929548,14328.75814793,117.51153317,0.0,751.90096089,1.2834667947871758,1.3195140620147605,/home/chaoyu/phd_simulation/sensitivity_analysis/data/03868_verts.csv,/home/chaoyu/phd_simulation/sensitivity_analysis/data/03868_stress.csv
3869,material_r_cable,3,True,0.9972802008209305,1.05428835339184,37.22623474193912,317.09302103962375,18702.551889997038,3.354356598213496,0.29811976476579505,62735.02833564186,0.3683483831804174,0.0328042,3851.90885313,3810.99948619,0.0,0.0,178.09488137,1.3391901056576536,1.3226861308924134,/home/chaoyu/phd_simulation/sensitivity_analysis/data/03869_verts.csv,/home/chaoyu/phd_simulation/sensitivity_analysis/data/03869_stress.csv
3870,material_r_cable,3,True,0.9542077572210415,1.016165421422683,65.76504970272454,675.2424443761054,9160.666858809644,3.5278292732126455,0.28346042922007453,32317.268706657593,0.47927649940104167,0.11452869,3851.05967797,1570.72581359,353.73119996,364.1731237,64.04983537,1.2593324337036396,1.271875576259532,/home/chaoyu/phd_simulation/sensitivity_analysis/data/03870_verts.csv,/home/chaoyu/phd_simulation/sensitivity_analysis/data/03870_stress.csv
3873,material_r_cable,3,True,1.390711220885919,1.185155488400087,17.383091560101718,643.3268212186723,19107.372270098,3.9611659341268735,0.25245092395262697,75687.47212699267,0.13455695908761106,0.01042752,27020.56706323,15942.73649273,2926.86320583,0.0,855.0553983,1.2057784563575247,1.3832572221926773,/home/chaoyu/phd_simulation/sensitivity_analysis/data/03873_verts.csv,/home/chaoyu/phd_simulation/sensitivity_analysis/data/03873_stress.csv
3874,material_r_cable,3,True,0.979205382285554,1.1720805623622508,53.84096634922399,1555.4717434619388,2108.621328754175,2.889330704259838,0.34610091483320554,6092.5043488266165,0.12361700211193667,0.2041523,3228.46004381,1833.66267603,1300.83392636,109.48457271,83.64026615,1.2431742902589293,1.3853677472722496,/home/chaoyu/phd_simulation/sensitivity_analysis/data/03874_verts.csv,/home/chaoyu/phd_simulation/sensitivity_analysis/data/03874_stress.csv
3876,material_r_cable,3,True,1.257176767488601,1.1396557882382126,28.65658501946619,1140.5073706491148,4267.335875768629,2.0339841236495326,0.491645922095853,8679.693421593465,0.2724453662464507,0.119065,3601.56132523,2139.05468461,607.88925393,1.01134012,115.98436276,1.2417016699770138,1.3315414006472082,/home/chaoyu/phd_simulation/sensitivity_analysis/data/03876_verts.csv,/home/chaoyu/phd_simulation/sensitivity_analysis/data/03876_stress.csv
3877,material_r_cable,3,True,1.3570493209208336,1.0505527993477008,28.151350483818167,727.3181301825124,7442.8035531810165,3.842141658238684,0.26027150713084857,28596.30558576368,0.18895804337335417,0.05784082,3290.51525545,3234.90775357,0.0,0.0,210.29866494,1.3981932853146553,1.3743445664188103,/home/chaoyu/phd_simulation/sensitivity_analysis/data/03877_verts.csv,/home/chaoyu/phd_simulation/sensitivity_analysis/data/03877_stress.csv
3878,material_r_cable,3,True,0.9305608007635148,1.107332430401495,5.234368526614392,1208.9383585713836,3920.296980674646,3.4375155283785785,0.29090777677786495,13476.081746924752,0.20904503563154342,0.17086573,4214.61437126,2338.52441461,547.95863193,0.0,109.94518858,1.282603482312912,1.3849410184113844,/home/chaoyu/phd_simulation/sensitivity_analysis/data/03878_verts.csv,/home/chaoyu/phd_simulation/sensitivity_analysis/data/03878_stress.csv
3880,material_r_cable,3,True,1.0223203338817293,1.187675060887147,40.564964473464876,1263.6107709721325,11826.027221007338,1.56824678447347,0.637654742799772,18546.129162440484,0.4384050757692203,0.07521804,6571.39565253,4597.87765775,0.0,475.26198546,258.24580337,1.362169036260837,1.2475697000651096,/home/chaoyu/phd_simulation/sensitivity_analysis/data/03880_verts.csv,/home/chaoyu/phd_simulation/sensitivity_analysis/data/03880_stress.csv
3881,material_r_cable,3,True,1.067765025969488,1.2966628931788753,22.630514641169434,596.604039654653,17182.721602491678,4.098677166275244,0.24398115768380224,70426.428686597,0.24661617842416217,0.00802388,28593.65336131,24384.78202386,0.0,1536.37489809,1274.66268776,1.3177643641983843,1.2178295358500955,/home/chaoyu/phd_simulation/sensitivity_analysis/data/03881_verts.csv,/home/chaoyu/phd_simulation/sensitivity_analysis/data/03881_stress.csv
3882,material_r_cable,3,True,1.1988137553079548,1.0186998507259293,64.99288326329192,604.8276504384962,1991.270878514942,2.18899104143948,0.4568314721573279,4358.874114148532,0.1811956187059841,0.14513982,1800.55169098,637.06020023,182.43878765,602.30283939,29.95888047,1.2759603101544332,1.2302338654872196,/home/chaoyu/phd_simulation/sensitivity_analysis/data/03882_verts.csv,/home/chaoyu/phd_simulation/sensitivity_analysis/data/03882_stress.csv
3883,material_r_cable,3,True,1.184622155901973,1.2535173609530506,85.23946855553721,1705.6836348222275,10057.682583878735,2.5300681847629267,0.39524626491190884,25446.622717915776,0.35748686715399103,0.04913224,14061.17919952,8673.71760709,212.91633192,1985.75084171,471.13259495,1.2723007103568533,1.2060511792017283,/home/chaoyu/phd_simulation/sensitivity_analysis/data/03883_verts.csv,/home/chaoyu/phd_simulation/sensitivity_analysis/data/03883_stress.csv
3884,material_r_cable,3,True,1.2609150172700536,1.0256417057456897,77.48386427414185,467.3961957505614,9594.901618509595,2.8669329185260635,0.34880481281512377,27507.939300124162,0.4772733033067521,0.02423877,7215.50655147,4102.38274567,0.0,1178.64880811,255.22578052,1.3203661903099462,1.2108884510446878,/home/chaoyu/phd_simulation/sensitivity_analysis/data/03884_verts.csv,/home/chaoyu/phd_simulation/sensitivity_analysis/data/03884_stress.csv
3885,material_r_cable,3,True,0.8609358748320634,1.2554124978356487,72.19290844247398,1131.120480623832,15909.432670983222,2.5979340764259926,0.3849212376380664,41331.65727255231,0.12715176064758613,0.03960776,14914.9784684,12395.08342642,639.71449467,0.0,678.81035124,1.2319773417703044,1.3454356779091854,/home/chaoyu/phd_simulation/sensitivity_analysis/data/03885_verts.csv,/home/chaoyu/phd_simulation/sensitivity_analysis/data/03885_stress.csv
3886,material_r_cable,3,True,1.315695220580964,1.310421715295824,49.118800594809954,484.0607982704234,1220.2615040141827,1.3464171705809593,0.7427118591844121,1642.9810416036419,0.48605315789541226,0.09388849,1483.97875888,1101.47807218,120.71154344,219.29871597,63.53784239,1.2524699299903808,1.2329966624577589,/home/chaoyu/phd_simulation/sensitivity_analysis/data/03886_verts.csv,/home/chaoyu/phd_simulation/sensitivity_analysis/data/03886_stress.csv
3887,material_r_cable,3,True,1.3583213811188424,1.3384443989603638,70.16825502108064,1285.7496931889127,8685.462949586723,3.428175879274334,0.2917003197081233,29775.294584104115,0.39233775263130233,0.02783131,15443.22630092,14916.42643605,115.89352877,103.06472826,775.49426953,1.2817912207552011,1.285774972870731,/home/chaoyu/phd_simulation/sensitivity_analysis/data/03887_verts.csv,/home/chaoyu/phd_simulation/sensitivity_analysis/data/03887_stress.csv
3890,material_r_cable,3,True,1.14483148992102,1.3712371619939836,9.72417489832733,1309.5048030372993,18299.137662186353,2.287552832908111,0.4371483734120903,41860.2441989099,0.21132414317148432,0.02328946,19006.34793356,18150.87705387,51.56969224,313.48909151,997.77602109,1.2889213456811364,1.2698997087509276,/home/chaoyu/phd_simulation/sensitivity_analysis/data/03890_verts.csv,/home/chaoyu/phd_simulation/sensitivity_analysis/data/03890_stress.csv
3891,material_r_cable,3,True,1.134892117397103,1.1388625763836207,20.317298428617544,1727.0687480486517,18663.82488864958,3.1788766730572338,0.31457653216797055,59329.99756855317,0.29598360583080957,0.0468508,15120.99976088,10213.66988224,0.0,1646.53979362,523.58315659,1.395412369517043,1.21315228758884,/home/chaoyu/phd_simulation/sensitivity_analysis/data/03891_verts.csv,/home/chaoyu/phd_simulation/sensitivity_analysis/data/03891_stress.csv
3892,material_r_cable,3,True,1.0851223329692226,1.2040686419745061,66.66844161755414,939.9150848189581,14359.043551674755,3.6042910914784447,0.27744706923485746,51754.172755452324,0.44186301098834846,0.02283335,14084.92739828,14059.28316207,0.0,0.0,739.94554729,1.3580286165737623,1.3408426472066515,/home/chaoyu/phd_simulation/sensitivity_analysis/data/03892_verts.csv,/home/chaoyu/phd_simulation/sensitivity_analysis/data/03892_stress.csv
3893,material_r_cable,3,True,1.1932573621627507,0.9468964048249986,69.88734336969627,1456.0701612036446,12896.480464014032,2.014830253829494,0.49631972623964055,25984.219006816504,0.2506508993664395,0.15338545,3618.89413101,3229.29832128,0.0,0.0,169.58715407,1.3984643494347597,1.375066213865549,/home/chaoyu/phd_simulation/sensitivity_analysis/data/03893_verts.csv,/home/chaoyu/phd_simulation/sensitivity_analysis/data/03893_stress.csv
3895,material_r_cable,3,True,1.1960860036508432,1.121033199484304,55.509509591992334,1483.19375646063,13474.20710924534,2.4686221000125568,0.4050842775793482,33262.72545002936,0.4905431346287449,0.04800618,11960.85654907,7829.29604021,1064.54951722,0.0,444.2076182,1.2280912619940811,1.390790098566634,/home/chaoyu/phd_simulation/sensitivity_analysis/data/03895_verts.csv,/home/chaoyu/phd_simulation/sensitivity_analysis/data/03895_stress.csv
3896,material_r_cable,3,True,0.9126169089870447,1.0605254791115388,23.460619783876126,1834.9511393176588,18033.4600134414,3.5599435595586435,0.28090332986177413,64198.09983140904,0.15813142624189033,0.0085017,6478.36130366,4413.2048676,0.0,295.04168848,189.4596115,1.3438947779700232,1.252733716712797,/home/chaoyu/phd_simulation/sensitivity_analysis/data/03896_verts.csv,/home/chaoyu/phd_simulation/sensitivity_analysis/data/03896_stress.csv
3897,material_r_cable,3,True,1.2560520757614022,1.2020914933509284,13.505464030139256,807.3366314016049,2121.6063955266995,2.8131254521999587,0.35547650362267574,5968.344950806371,0.19140605134013147,0.13149936,2632.5355813,1635.12991782,336.97029363,0.0,78.95973519,1.2585120644628698,1.3647855013867698,/home/chaoyu/phd_simulation/sensitivity_analysis/data/03897_verts.csv,/home/chaoyu/phd_simulation/sensitivity_analysis/data/03897_stress.csv
3898,material_r_cable,3,True,1.169910262483652,1.11258008819112,32.25616358952895,1515.1696086452932,14865.578045256092,1.7161774178294433,0.5826903381963634,25511.969344249665,0.2517830904572884,0.09473494,4574.81566417,4375.54741865,0.0,0.0,252.96934317,1.3426884677427144,1.3255812865688283,/home/chaoyu/phd_simulation/sensitivity_analysis/data/03898_verts.csv,/home/chaoyu/phd_simulation/sensitivity_analysis/data/03898_stress.csv
3899,material_r_cable,3,True,0.98141715297008,1.1686287448740194,37.82931911609483,370.8325299077462,1588.0086402807178,4.251247510923394,0.23522507156559197,6751.017779318245,0.3221072963293948,0.0961687,1624.77726625,1413.01648974,0.0,30.85921333,70.13494786,1.3306000396239352,1.290813812662437,/home/chaoyu/phd_simulation/sensitivity_analysis/data/03899_verts.csv,/home/chaoyu/phd_simulation/sensitivity_analysis/data/03899_stress.csv
3900,material_r_cable,3,True,0.9455752457506614,1.2465511170805779,45.882995333811266,956.7311972412601,16570.37160272922,3.0881129576654343,0.3238223516137132,51171.17925971946,0.2374500166520675,0.02365965,17638.48901814,14198.88653177,616.91443023,0.0,764.2468638,1.250855323731421,1.3117038361668327,/home/chaoyu/phd_simulation/sensitivity_analysis/data/03900_verts.csv,/home/chaoyu/phd_simulation/sensitivity_analysis/data/03900_stress.csv
3901,material_r_cable,3,True,1.1786146763857874,1.2359854091602354,57.86976210171206,401.1616080900727,16308.84963975563,4.586735607744003,0.2180199788083823,74804.3813640101,0.16088691682778689,0.00797662,19452.2379356,19448.47259389,0.0,0.0,924.43324754,1.3935541535206575,1.3781464565250463,/home/chaoyu/phd_simulation/sensitivity_analysis/data/03901_verts.csv,/home/chaoyu/phd_simulation/sensitivity_analysis/data/03901_stress.csv
3902,material_r_cable,3,True,0.9893143021884496,1.0524018217173068,79.47227700203278,1605.9378692766197,8115.398342689377,4.3005941748334955,0.2325260090458818,34901.03483902334,0.1141973197359541,0.12563221,7545.10971581,3219.6996073,1006.94584433,955.49617621,132.54386228,1.2268197881615517,1.2541139938314696,/home/chaoyu/phd_simulation/sensitivity_analysis/data/03902_verts.csv,/home/chaoyu/phd_simulation/sensitivity_analysis/data/03902_stress.csv
3903,material_r_cable,3,True,0.8693800254400716,1.1755418418452521,61.01302095252896,1060.6677933578765,16819.443977876603,4.190008014966343,0.23866302795318944,70473.60507458035,0.26836360959663075,0.03165747,13643.44038632,13581.56363754,0.0,0.0,712.34439196,1.3770029057258175,1.3297252090711822,/home/chaoyu/phd_simulation/sensitivity_analysis/data/03903_verts.csv,/home/chaoyu/phd_simulation/sensitivity_analysis/data/03903_stress.csv
3904,material_r_cable,3,True,1.3070742870602663,0.9218157308374898,60.97130268673572,1954.220153178542,11462.244317402989,3.2845533152455704,0.30445540200501653,37648.352572880685,0.3840699373886881,0.11723325,6068.25011283,4329.94182243,642.1542752,99.36581084,262.51941129,1.2669441528716483,1.3146716975652637,/home/chaoyu/phd_simulation/sensitivity_analysis/data/03904_verts.csv,/home/chaoyu/phd_simulation/sensitivity_analysis/data/03904_stress.csv
3906,material_r_cable,3,True,1.262300630613725,1.3305068760253151,43.12568142976101,358.4330247236128,14799.62963192844,4.290370147643505,0.23308012259717317,63495.889169006005,0.4397089789012242,0.00397009,31089.55620317,31088.29424506,0.0,0.0,1599.52502977,1.3508944251496242,1.376436218305513,/home/chaoyu/phd_simulation/sensitivity_analysis/data/03906_verts.csv,/home/chaoyu/phd_simulation/sensitivity_analysis/data/03906_stress.csv
3907,material_r_cable,3,True,1.2489092826529733,0.8896349968464963,15.05438048546409,851.7647682725029,2225.846929327233,2.560270684111942,0.390583701249097,5698.7706404771,0.32351336994784763,0.1516502,1782.88916335,857.00641722,187.59844397,1269.90945698,46.54781713,1.2731734386557576,1.2198174770269758,/home/chaoyu/phd_simulation/sensitivity_analysis/data/03907_verts.csv,/home/chaoyu/phd_simulation/sensitivity_analysis/data/03907_stress.csv
3908,material_r_cable,3,True,1.0717379523231003,1.066429803762458,46.35557241543946,1089.7681887459178,2349.018816024748,3.532913811712806,0.28305247546222645,8298.881019107095,0.21967901761579034,0.18474155,3034.58029157,1305.93305585,892.42163182,48.39050491,49.87557581,1.2480842868514717,1.375994366004322,/home/chaoyu/phd_simulation/sensitivity_analysis/data/03908_verts.csv,/home/chaoyu/phd_simulation/sensitivity_analysis/data/03908_stress.csv
3909,material_r_cable,3,True,1.3003640372960508,1.097799943977325,45.67517007014803,1876.6352263709152,6543.062806418897,4.988305829346516,0.20046886341990847,32638.79833903976,0.134014487500643,0.09386663,10326.18855484,4359.4448291,2181.57335272,0.0,215.93865302,1.2046082517642651,1.3400059338506058,/home/chaoyu/phd_simulation/sensitivity_analysis/data/03909_verts.csv,/home/chaoyu/phd_simulation/sensitivity_analysis/data/03909_stress.csv
3910,material_r_cable,3,True,0.9103998618571106,1.2601116262090986,40.46627679666967,1076.5073226957786,2586.302668355418,4.128870136141323,0.24219700959995802,10678.507850395303,0.42209752295158265,0.07626907,5717.98046545,3600.78614639,565.01887159,332.00610295,209.7203335,1.224294098964385,1.2348141071664605,/home/chaoyu/phd_simulation/sensitivity_analysis/data/03910_verts.csv,/home/chaoyu/phd_simulation/sensitivity_analysis/data/03910_stress.csv
3911,material_r_cable,3,True,1.302929857115901,0.9702367849140241,66.33523373159389,1795.8342113385852,11948.55784951285,1.4526279179437993,0.6884075320647176,17356.808711368893,0.11387879640569049,0.12709317,5868.20687962,4501.73070848,161.82495081,240.5843224,246.616961,1.3104558452994672,1.29514751032716,/home/chaoyu/phd_simulation/sensitivity_analysis/data/03911_verts.csv,/home/chaoyu/phd_simulation/sensitivity_analysis/data/03911_stress.csv
3912,material_r_cable,3,True,1.1492661143745053,1.291878596512162,14.46990348743379,1472.1914446647306,16356.404746812901,1.6175221968240696,0.6182295377234723,26456.847738208446,0.33872957500608447,0.04161475,12035.9571224,9911.58907205,547.1495406,0.0,575.49112056,1.2577223428273385,1.3426489741370202,/home/chaoyu/phd_simulation/sensitivity_analysis/data/03912_verts.csv,/home/chaoyu/phd_simulation/sensitivity_analysis/data/03912_stress.csv
3914,material_r_cable,3,True,1.331077641282031,1.2503222148965656,2.312210017589662,1213.5620368209661,5957.186919227588,2.0478826850709586,0.4883092216609812,12199.619943617385,0.37797230379740665,0.05299471,6998.29582529,5025.57435894,351.85570338,1155.53214901,288.23408677,1.2547660697999339,1.2087685832079405,/home/chaoyu/phd_simulation/sensitivity_analysis/data/03914_verts.csv,/home/chaoyu/phd_simulation/sensitivity_analysis/data/03914_stress.csv
3915,material_r_cable,3,True,0.9713268420958208,1.3820012317859505,42.110252949718095,1189.8480286669305,1782.5486016192108,1.9978810528789885,0.5005302986176174,3561.3200770109574,0.1760416396027135,0.10803215,2796.84358806,1751.4278322,3439.58493082,31.95024314,104.01646512,1.2000321687382731,1.3325229374788234,/home/chaoyu/phd_simulation/sensitivity_analysis/data/03915_verts.csv,/home/chaoyu/phd_simulation/sensitivity_analysis/data/03915_stress.csv
3917,material_r_cable,3,True,1.0135581736273533,0.9726649765630129,49.8982917787248,1506.4908838772765,12054.037099844643,4.765052483397941,0.20986127718091863,57438.119417585636,0.10308907915252977,0.00227972,7569.30664747,1745.46995093,978.25380962,0.0,75.3798665,1.2102513650387468,1.3249929339666326,/home/chaoyu/phd_simulation/sensitivity_analysis/data/03917_verts.csv,/home/chaoyu/phd_simulation/sensitivity_analysis/data/03917_stress.csv
3919,material_r_cable,3,True,1.185338130717769,1.0485839735188978,82.62899110311056,731.3459941795631,16849.490331551846,2.2005414890902806,0.45443360416413103,37078.002544605384,0.23088831677932342,0.05195194,3810.55879709,3746.36817703,0.0,0.0,231.56944644,1.310014279200326,1.375742067191119,/home/chaoyu/phd_simulation/sensitivity_analysis/data/03919_verts.csv,/home/chaoyu/phd_simulation/sensitivity_analysis/data/03919_stress.csv
3921,material_r_cable,3,True,1.1017150010594858,1.1829505701503265,27.622189187101437,803.9920719515106,16656.65415247603,3.6340519100648905,0.27517493551217426,60531.1458380958,0.1289523927666299,0.02416252,14394.38273113,11752.39031727,0.0,599.7542519,562.20069046,1.3057838869284182,1.248111514698139,/home/chaoyu/phd_simulation/sensitivity_analysis/data/03921_verts.csv,/home/chaoyu/phd_simulation/sensitivity_analysis/data/03921_stress.csv
3922,material_r_cable,3,True,1.3391946957395175,1.3119163715142483,89.53413222836585,1344.3690936278942,3844.894567699482,1.6385107713273064,0.6103102997546554,6299.901163793449,0.18700634460300944,0.13445776,3034.4353105,2740.73064122,119.703635,6.96557669,146.9914335,1.3030937806053053,1.3341675251467855,/home/chaoyu/phd_simulation/sensitivity_analysis/data/03922_verts.csv,/home/chaoyu/phd_simulation/sensitivity_analysis/data/03922_stress.csv
3923,material_r_cable,3,True,1.2472592724999831,1.0951135202097664,20.378153745181308,770.1773841829881,17509.91811950463,3.676518971856389,0.27199642043328526,64375.546162010716,0.3894886303302463,0.02200521,10437.58747022,10411.65569637,0.0,0.0,578.52135419,1.307612342827007,1.392755555504803,/home/chaoyu/phd_simulation/sensitivity_analysis/data/03923_verts.csv,/home/chaoyu/phd_simulation/sensitivity_analysis/data/03923_stress.csv
3924,material_r_cable,3,True,0.8308662868667581,1.2954569183979077,39.15958528834267,998.5182105523656,6044.392753035371,2.7930871690796275,0.358026778064903,16882.51584338098,0.3202341977776292,0.05109265,7383.8502448,5870.27708503,0.0,377.55508947,364.76160293,1.3142435990898682,1.2368180025531668,/home/chaoyu/phd_simulation/sensitivity_analysis/data/03924_verts.csv,/home/chaoyu/phd_simulation/sensitivity_analysis/data/03924_stress.csv
3926,material_r_cable,3,True,1.0821528543581618,1.061994282872458,15.71427236166533,1299.8045432490462,1040.6245415394962,2.2399713315194623,0.4464342850859881,2330.9691399240555,0.362867007690587,0.24190099,1309.33029326,744.64057192,265.07115748,1662.8339476,17.85031735,1.378234527956129,1.2343402018845329,/home/chaoyu/phd_simulation/sensitivity_analysis/data/03926_verts.csv,/home/chaoyu/phd_simulation/sensitivity_analysis/data/03926_stress.csv
3927,material_r_cable,3,True,0.9481276846054312,0.9931366613678512,39.296019614063894,1111.9567886663172,4206.697284545148,2.394772380952336,0.4175762205852429,10074.082472055912,0.3754431725834949,0.22996598,2433.14773035,1147.29061624,182.67079246,399.12901064,39.82053018,1.3795678207943265,1.3221891845911757,/home/chaoyu/phd_simulation/sensitivity_analysis/data/03927_verts.csv,/home/chaoyu/phd_simulation/sensitivity_analysis/data/03927_stress.csv
3928,material_r_cable,3,True,1.2128131705338614,1.1438524947752646,16.963399305266485,1223.310231200321,12745.835830955044,4.3400854311146535,0.23041021101355888,55318.01639730712,0.4335881373469933,0.03364089,12242.34061206,12185.68775786,0.0,0.0,616.46599917,1.316866505580525,1.3245315767204962,/home/chaoyu/phd_simulation/sensitivity_analysis/data/03928_verts.csv,/home/chaoyu/phd_simulation/sensitivity_analysis/data/03928_stress.csv
3929,material_r_cable,3,True,1.1252509231900385,1.3567716839244444,51.36168648559175,723.988471717996,12240.945962471897,2.8262080107385956,0.3538309976478561,34595.45953815634,0.3580966366307583,0.01366623,20121.04876982,15869.80845831,1025.55152412,0.0,891.75483741,1.2321109249725186,1.3240677238245304,/home/chaoyu/phd_simulation/sensitivity_analysis/data/03929_verts.csv,/home/chaoyu/phd_simulation/sensitivity_analysis/data/03929_stress.csv
3930,material_r_cable,3,True,1.1274308633423464,1.0123622110665442,58.61259520385436,661.0614286300467,10803.9012755511,3.7173671410668376,0.26900759651978107,40162.06759706375,0.19940159018158735,0.07612413,4745.85409178,1826.8770981,668.6021488,0.0,103.66918555,1.2375449607937146,1.31688700116827,/home/chaoyu/phd_simulation/sensitivity_analysis/data/03930_verts.csv,/home/chaoyu/phd_simulation/sensitivity_analysis/data/03930_stress.csv
3931,material_r_cable,3,True,1.3231908671253596,1.0089728186080387,86.81875097125258,1333.5131494910995,7558.775662974022,3.917094037616372,0.2552912925747679,29608.435081115284,0.17699285844122215,0.12114187,3070.39993768,2899.52617276,0.0,0.0,180.79729705,1.3449199963950413,1.3365932210882656,/home/chaoyu/phd_simulation/sensitivity_analysis/data/03931_verts.csv,/home/chaoyu/phd_simulation/sensitivity_analysis/data/03931_stress.csv
3932,material_r_cable,3,True,1.347981359223708,1.1232034237393829,24.118638659026534,532.717534949107,19939.992153556672,2.40277623843231,0.4161852377283577,47911.33934109268,0.4801808182150761,0.00966025,15638.75154695,14800.85908627,0.0,232.3570413,897.4929535,1.3596494836766277,1.2777985588193714,/home/chaoyu/phd_simulation/sensitivity_analysis/data/03932_verts.csv,/home/chaoyu/phd_simulation/sensitivity_analysis/data/03932_stress.csv
3933,material_r_cable,3,True,0.9495333460836924,1.103621832350891,47.25978910834492,1102.9930350105578,17533.98965848221,3.380855334458995,0.2957831380146942,59279.88247122843,0.3155711672929017,0.05359382,13173.04724746,6982.02301153,0.0,1117.08771888,325.24624731,1.3291322944478676,1.2237258158710032,/home/chaoyu/phd_simulation/sensitivity_analysis/data/03933_verts.csv,/home/chaoyu/phd_simulation/sensitivity_analysis/data/03933_stress.csv
3935,material_r_cable,3,True,1.1433977949537877,1.3858040099516593,80.25069127365452,203.88353445355992,7964.224445160721,2.335370431987144,0.428197593967613,18599.414282937567,0.26331900759064353,0.00637167,10409.76740266,8708.75972181,1367.60153456,0.0,489.4558867,1.2007797863527325,1.3238881632568897,/home/chaoyu/phd_simulation/sensitivity_analysis/data/03935_verts.csv,/home/chaoyu/phd_simulation/sensitivity_analysis/data/03935_stress.csv
3936,material_r_cable,3,True,1.280857784050774,1.0790842114952723,6.838215115995867,1135.3993016487377,13153.97961226703,3.364185333755259,0.2972487841161099,44252.42529210443,0.19048359506208853,0.05793082,5383.287226,5278.53162827,0.0,0.0,319.28915201,1.3408392943374294,1.304956690910328,/home/chaoyu/phd_simulation/sensitivity_analysis/data/03936_verts.csv,/home/chaoyu/phd_simulation/sensitivity_analysis/data/03936_stress.csv
3937,material_r_cable,3,True,1.3597460251103082,1.0462367609877892,45.623732819928364,1025.7014398617762,3878.1285349338777,2.7001197797935577,0.3703539404005465,10471.411565756775,0.15642455044759287,0.10439922,3543.37794457,1774.13536006,310.55237255,759.62849103,105.86673,1.2598967615336552,1.2265328704400629,/home/chaoyu/phd_simulation/sensitivity_analysis/data/03937_verts.csv,/home/chaoyu/phd_simulation/sensitivity_analysis/data/03937_stress.csv
3938,material_r_cable,3,True,1.1604240141444913,1.1762408276450211,52.50561892284341,1080.242570591146,14770.402886780059,1.5773298601393126,0.6339827992045228,23297.79751960609,0.13844374933536116,0.05599364,8025.89870113,4650.80722138,0.0,965.32835499,262.82666051,1.320165964600676,1.2272668700706346,/home/chaoyu/phd_simulation/sensitivity_analysis/data/03938_verts.csv,/home/chaoyu/phd_simulation/sensitivity_analysis/data/03938_stress.csv
3939,material_r_cable,3,True,0.9759164625797416,0.9835323841221003,52.85404729438653,572.5911744975058,14418.722425257676,1.4988381648023414,0.6671834381344797,21611.33145866758,0.20241609739384647,0.17201351,1521.66783608,862.88467671,0.0,143.42467292,33.7964259,1.3979360389775253,1.3358210342782466,/home/chaoyu/phd_simulation/sensitivity_analysis/data/03939_verts.csv,/home/chaoyu/phd_simulation/sensitivity_analysis/data/03939_stress.csv
3940,material_r_cable,3,True,0.9178038282226292,1.0530922394422233,45.09047898912284,244.14044594386127,13554.94087474521,2.78898086405692,0.35855391225071925,37804.47071308736,0.15236338436568314,0.04799138,6740.79528488,2689.6464459,769.6155815,901.28322262,107.21501663,1.2177872342909453,1.210734559332954,/home/chaoyu/phd_simulation/sensitivity_analysis/data/03940_verts.csv,/home/chaoyu/phd_simulation/sensitivity_analysis/data/03940_stress.csv
3941,material_r_cable,3,True,0.930301634274515,1.3599207800801383,53.47022891929951,1490.1739482622074,16245.260832864848,2.143818070544774,0.4664574917711586,34826.8837342089,0.39300052180086864,0.02965006,15456.46401339,15421.51922355,0.0,0.0,977.85276869,1.3643474258940076,1.3557522583412802,/home/chaoyu/phd_simulation/sensitivity_analysis/data/03941_verts.csv,/home/chaoyu/phd_simulation/sensitivity_analysis/data/03941_stress.csv
3942,material_r_cable,3,True,0.9602675001473601,1.1919546929273706,52.23742441729506,1370.8782657561576,9946.19877092331,4.778718745200303,0.20926111230220235,47530.08651009944,0.3309799327835232,0.04108586,16061.95282273,10627.11445624,1292.97005585,0.0,550.9548188,1.213307851788832,1.367170719951542,/home/chaoyu/phd_simulation/sensitivity_analysis/data/03942_verts.csv,/home/chaoyu/phd_simulation/sensitivity_analysis/data/03942_stress.csv
3943,material_r_cable,3,True,1.3857776788562357,1.039153646997355,51.625076130018385,1403.9139421630493,19314.21772723321,3.6475043764330293,0.2741600548750872,70448.69368746353,0.4332329477451796,0.028899,14008.52068342,12275.35372388,397.00240396,0.0,786.81067741,1.2707574933041748,1.380667715932787,/home/chaoyu/phd_simulation/sensitivity_analysis/data/03943_verts.csv,/home/chaoyu/phd_simulation/sensitivity_analysis/data/03943_stress.csv
3945,material_r_cable,3,True,0.8232203285381686,1.2569030372459324,57.07643905296304,1970.6647517199235,2921.167531443133,1.9466420157594235,0.5137051352556368,5686.46745177944,0.44497815107976135,0.22701339,3203.57547743,2514.55406731,59.19648583,186.59958063,155.97731145,1.3939662030451143,1.3633375960112586,/home/chaoyu/phd_simulation/sensitivity_analysis/data/03945_verts.csv,/home/chaoyu/phd_simulation/sensitivity_analysis/data/03945_stress.csv
3946,material_r_cable,3,True,0.8497374601009257,1.0999507945637028,89.032859957281,749.0342779319252,4103.498683392412,1.1446858234419701,0.8736021531157672,4697.216769392084,0.2645300650976209,0.21445041,2030.27735372,1039.38220426,27.95782489,436.80353775,51.86489659,1.3947091517424257,1.3020089017910634,/home/chaoyu/phd_simulation/sensitivity_analysis/data/03946_verts.csv,/home/chaoyu/phd_simulation/sensitivity_analysis/data/03946_stress.csv
3947,material_r_cable,3,True,1.099496391505257,1.2927768581539187,62.043767377697954,522.9054083123572,13620.940972928485,3.493178787029806,0.2862722067685187,47580.382066018916,0.32642730618785715,0.01071778,17005.91945135,17000.62325789,0.0,0.0,905.93990351,1.3828879973257038,1.3515353105331194,/home/chaoyu/phd_simulation/sensitivity_analysis/data/03947_verts.csv,/home/chaoyu/phd_simulation/sensitivity_analysis/data/03947_stress.csv
3948,material_r_cable,3,True,1.3174145617475888,1.1557760792543856,32.48222981379413,1120.8512515460477,19825.699161582128,2.856144650822719,0.3501223230104777,56625.064609173256,0.18572344627186818,0.02338972,16135.29930708,11142.50521489,1171.72833171,1321.84068237,644.49720378,1.2389142213951452,1.229499207351653,/home/chaoyu/phd_simulation/sensitivity_analysis/data/03948_verts.csv,/home/chaoyu/phd_simulation/sensitivity_analysis/data/03948_stress.csv
3949,material_r_cable,3,True,0.9918091094210689,0.901235935588226,3.6696079238256893,290.88874013858896,2629.477399198042,1.5410334406701924,0.6489151848418695,4052.1126036506676,0.33970938789902627,0.18294095,1341.76594977,288.24828377,421.27132002,67.88070293,8.75627931,1.2303730979265495,1.3464524537364644,/home/chaoyu/phd_simulation/sensitivity_analysis/data/03949_verts.csv,/home/chaoyu/phd_simulation/sensitivity_analysis/data/03949_stress.csv
3951,material_r_cable,3,True,1.3261058167456858,1.2081379557256737,12.961155568390986,216.91173244495903,14529.960744981785,4.263986754297623,0.2345223045057801,61955.56015706675,0.37405932787876695,0.00383659,19257.9459439,18675.61418116,0.0,175.55216016,942.98511048,1.3821853867687972,1.279993851495452,/home/chaoyu/phd_simulation/sensitivity_analysis/data/03951_verts.csv,/home/chaoyu/phd_simulation/sensitivity_analysis/data/03951_stress.csv
3952,material_r_cable,3,True,1.2093609184336096,1.1695297579845654,50.326843432961034,1199.0102193704001,8617.229563560562,3.279393782853915,0.3049344074592174,28259.28905616546,0.15943906292249077,0.07347483,5555.95050133,5436.6851853,0.0,0.0,272.91234117,1.3128935910933521,1.30934276257352,/home/chaoyu/phd_simulation/sensitivity_analysis/data/03952_verts.csv,/home/chaoyu/phd_simulation/sensitivity_analysis/data/03952_stress.csv
3953,material_r_cable,3,True,1.161287226486329,1.2863893317442139,4.878855821672071,691.2509770753187,5643.005658328898,4.4559282817308965,0.22442012904470535,25144.82850691521,0.2878452173070859,0.02895997,8782.05403531,8762.27885352,0.0,0.0,439.3725969,1.324109450392661,1.3275111052270196,/home/chaoyu/phd_simulation/sensitivity_analysis/data/03953_verts.csv,/home/chaoyu/phd_simulation/sensitivity_analysis/data/03953_stress.csv
3957,material_r_cable,3,True,1.2434649446834478,1.2419240325643486,79.68598431722374,866.2293248052573,2810.2729550089743,4.130708378630919,0.2420892274006135,11608.418041495443,0.46183710126215816,0.05748436,6180.64098919,4437.79413271,145.4749078,405.22310822,224.45823723,1.2625424986583362,1.2407310551911521,/home/chaoyu/phd_simulation/sensitivity_analysis/data/03957_verts.csv,/home/chaoyu/phd_simulation/sensitivity_analysis/data/03957_stress.csv
3959,material_r_cable,3,True,0.8835035351826587,1.2679367040066443,78.19206358828013,1443.6073070357656,18114.335966471324,3.9341981544677127,0.254181401326822,71265.3871286996,0.3449951308213953,0.02239115,22217.25056406,22180.55563251,0.0,0.0,1304.43295153,1.360500141111985,1.3919667584394457,/home/chaoyu/phd_simulation/sensitivity_analysis/data/03959_verts.csv,/home/chaoyu/phd_simulation/sensitivity_analysis/data/03959_stress.csv
3960,material_r_cable,3,True,0.9077469737491805,1.1786101558831557,86.25788514146416,766.8451970904829,17464.617792478755,2.8497523684128208,0.35090768274611644,49769.83591754102,0.26629015891601127,0.0283828,12824.46019129,9829.67280078,977.30300162,0.0,499.90447031,1.2141333546087816,1.2993438136000968,/home/chaoyu/phd_simulation/sensitivity_analysis/data/03960_verts.csv,/home/chaoyu/phd_simulation/sensitivity_analysis/data/03960_stress.csv
3962,material_r_cable,3,True,1.216122149408957,1.1973809409962781,5.53652431199907,1734.9133060251809,5107.500797050492,3.0327779690527072,0.3297306991162137,15489.915894213875,0.25392362990485245,0.09984848,7461.56151893,4131.74490953,1634.93596949,0.0,203.40318916,1.2152075214075926,1.3871725071507226,/home/chaoyu/phd_simulation/sensitivity_analysis/data/03962_verts.csv,/home/chaoyu/phd_simulation/sensitivity_analysis/data/03962_stress.csv
3963,material_r_cable,3,True,0.9152569408634667,0.8049731146131991,14.003938276045764,1817.283884147618,3573.988670036356,1.0004099020078652,0.9995902659429475,3575.4536551682913,0.2980712848412723,0.30165849,1824.66758487,850.72648366,1401.48895843,1220.27072867,35.96293177,1.2828529856595265,1.3150151880694496,/home/chaoyu/phd_simulation/sensitivity_analysis/data/03963_verts.csv,/home/chaoyu/phd_simulation/sensitivity_analysis/data/03963_stress.csv
3965,material_r_cable,3,True,1.1212531039561306,0.9555262011297369,87.84788996358601,913.0037667733748,4905.972033922413,4.207715930346851,0.2376586291835456,20642.93668097148,0.47506992926219593,0.13908691,4055.41509194,1213.63378664,152.30988017,772.04534045,55.77131767,1.3063581949055492,1.243860824156778,/home/chaoyu/phd_simulation/sensitivity_analysis/data/03965_verts.csv,/home/chaoyu/phd_simulation/sensitivity_analysis/data/03965_stress.csv
3966,material_r_cable,3,True,1.1151166245630657,1.2184794824209122,1.1243746164659854,1666.0369866223334,5904.28323050016,2.6314575081767706,0.38001753662853527,15536.870437301845,0.361903623562176,0.09543934,7263.14827611,4656.15650575,868.6821702,128.51932144,242.20534854,1.237395230445293,1.288195189926137,/home/chaoyu/phd_simulation/sensitivity_analysis/data/03966_verts.csv,/home/chaoyu/phd_simulation/sensitivity_analysis/data/03966_stress.csv
3967,material_r_cable,3,True,1.2496135389499976,1.3484915460368017,47.08097593787381,457.7390692940332,19363.086222640653,2.106627892031856,0.4746922813385394,40790.81751243255,0.24752144087124056,0.00829335,17247.49402619,17244.30661138,0.0,0.0,957.54711781,1.3271461585942683,1.3287539262144794,/home/chaoyu/phd_simulation/sensitivity_analysis/data/03967_verts.csv,/home/chaoyu/phd_simulation/sensitivity_analysis/data/03967_stress.csv
3968,material_r_cable,3,True,0.8622567184187594,1.2229860460867823,74.29902008589615,1656.6826735866732,6469.77756598498,3.2074756293840876,0.3117716595689377,20751.653870432725,0.312594459769996,0.09630466,6855.67171491,5620.58182662,168.2295012,233.25776666,316.75934522,1.2733049130383682,1.282624342439807,/home/chaoyu/phd_simulation/sensitivity_analysis/data/03968_verts.csv,/home/chaoyu/phd_simulation/sensitivity_analysis/data/03968_stress.csv
3970,material_r_cable,3,True,0.9085400987021233,1.0141171983059292,54.19560327104694,1078.2385789870905,10003.216871351447,3.41511842212731,0.29281561468579775,34162.17021788704,0.19623422879624522,0.14306466,6717.21451769,2269.68508069,1603.83350664,22.6440272,91.26677892,1.2107049795941032,1.3669526862606614,/home/chaoyu/phd_simulation/sensitivity_analysis/data/03970_verts.csv,/home/chaoyu/phd_simulation/sensitivity_analysis/data/03970_stress.csv
3971,material_r_cable,3,True,1.094648726532579,1.3991752878046615,19.537683410592706,924.3222282149253,7802.915205335045,2.6808030860957217,0.373022548797638,20918.079163005423,0.22794441160976614,0.03050958,11335.30301988,9985.40000174,259.62932616,0.0,560.53820644,1.2684600764567888,1.3624399905566589,/home/chaoyu/phd_simulation/sensitivity_analysis/data/03971_verts.csv,/home/chaoyu/phd_simulation/sensitivity_analysis/data/03971_stress.csv
3972,material_r_cable,3,True,1.1421055160358513,1.3880613490919251,67.07805574071274,1451.9422937456413,12688.895690588479,4.798357779661833,0.2084046346519987,60885.86135225274,0.46852626651084117,0.01405092,34785.25313167,34768.74982293,0.0,0.0,1920.69828197,1.36380263495952,1.2976705978688166,/home/chaoyu/phd_simulation/sensitivity_analysis/data/03972_verts.csv,/home/chaoyu/phd_simulation/sensitivity_analysis/data/03972_stress.csv
3973,material_r_cable,3,True,1.2186054421740031,1.2613520385024781,37.50048937405684,1683.6842453505803,7222.938651041654,4.486601588137287,0.22288584808689743,32406.44802278168,0.16265590610869324,0.06600122,9871.04122521,9753.12722922,0.0,0.0,458.46772537,1.3486628503038502,1.3954121075744623,/home/chaoyu/phd_simulation/sensitivity_analysis/data/03973_verts.csv,/home/chaoyu/phd_simulation/sensitivity_analysis/data/03973_stress.csv
3974,material_r_cable,3,True,1.010678092954659,0.9603518032317555,25.50014180975332,721.891056288932,8295.891646863425,4.43822362011576,0.22531537065135926,36819.02225703029,0.2813417694030861,0.15447077,4235.52959632,1014.63100845,672.12359419,30.23801101,33.18913637,1.2687945113240002,1.3594555964375088,/home/chaoyu/phd_simulation/sensitivity_analysis/data/03974_verts.csv,/home/chaoyu/phd_simulation/sensitivity_analysis/data/03974_stress.csv
3975,material_r_cable,3,True,1.2274530518548774,1.084964817656767,61.46300873164199,645.6191337294699,8790.348784592632,4.900608553349348,0.20405628997169026,43078.058440698696,0.132473587216881,0.04891603,4173.54675298,4104.62114086,0.0,0.0,216.89266652,1.3147230825858733,1.3873389029489906,/home/chaoyu/phd_simulation/sensitivity_analysis/data/03975_verts.csv,/home/chaoyu/phd_simulation/sensitivity_analysis/data/03975_stress.csv
3977,material_r_cable,3,True,1.073170733353462,1.2059051321075587,6.920593229646382,1003.7901192130767,6438.586285640893,1.9555008664117075,0.5113779375792217,12590.661060037304,0.24035400357515768,0.0999835,3954.49166942,3119.28137774,202.94328927,0.40252948,162.34292039,1.2799328283939138,1.3171055295651382,/home/chaoyu/phd_simulation/sensitivity_analysis/data/03977_verts.csv,/home/chaoyu/phd_simulation/sensitivity_analysis/data/03977_stress.csv
3978,material_r_cable,3,True,1.3130994011319994,1.085491991919746,3.502470872745033,415.9905003825231,1800.918456930146,4.019834661023048,0.24876645044537726,7239.3944348439445,0.1111472207078472,0.10249809,1569.22929214,904.58080717,0.0,259.60086138,50.19408359,1.3433935228069387,1.2372579803046921,/home/chaoyu/phd_simulation/sensitivity_analysis/data/03978_verts.csv,/home/chaoyu/phd_simulation/sensitivity_analysis/data/03978_stress.csv
3979,material_r_cable,3,True,1.3527020875215523,0.9378852622916473,63.92473528443832,1944.6246529486828,16427.801500748712,1.7224662637663237,0.5805628946330782,28296.33387288944,0.44645702764295025,0.0744394,7217.83689919,7118.97667054,0.0,0.0,474.95214876,1.347672542564364,1.3511331406928724,/home/chaoyu/phd_simulation/sensitivity_analysis/data/03979_verts.csv,/home/chaoyu/phd_simulation/sensitivity_analysis/data/03979_stress.csv
3980,material_r_cable,3,True,0.87396610586294,1.17188293815299,62.991834849838256,211.83771595537223,12493.106808608834,2.6400038343612673,0.3787873286335373,32981.84987781218,0.44219502200952265,0.0130626,6231.68975022,6226.63846556,0.0,0.0,334.04401104,1.3630449914242224,1.377508802488655,/home/chaoyu/phd_simulation/sensitivity_analysis/data/03980_verts.csv,/home/chaoyu/phd_simulation/sensitivity_analysis/data/03980_stress.csv
3981,material_r_cable,3,True,1.3276052912804268,1.0560216054477276,10.070183704579598,324.9456818937947,17008.161538785953,3.4438039084908803,0.2903765796694891,58572.77318351533,0.41823456810888315,0.00818807,11757.71734118,9622.53821488,445.08330449,584.37505252,596.80465258,1.2645503967320937,1.253575713971013,/home/chaoyu/phd_simulation/sensitivity_analysis/data/03981_verts.csv,/home/chaoyu/phd_simulation/sensitivity_analysis/data/03981_stress.csv
3982,material_r_cable,3,True,0.9004479813820802,1.3788426003747984,36.579141609815245,697.4937276326821,14070.60749101114,1.0940201893873738,0.914059913793709,15393.528672111408,0.10590379018354383,0.03292241,8773.00609995,7260.15096036,0.0,380.65534691,416.85830257,1.3664371284869468,1.2451051386983019,/home/chaoyu/phd_simulation/sensitivity_analysis/data/03982_verts.csv,/home/chaoyu/phd_simulation/sensitivity_analysis/data/03982_stress.csv
3983,material_r_cable,3,True,0.9553809588114408,1.0105183449575725,10.742740145143275,1062.8754415318153,12828.246880643212,3.8396558039033777,0.2604400110508354,49256.052589167106,0.4130309569525291,0.14404182,4243.48933018,2456.73398892,276.64253688,71.35748208,103.11336832,1.3163173386256917,1.3293240264749104,/home/chaoyu/phd_simulation/sensitivity_analysis/data/03983_verts.csv,/home/chaoyu/phd_simulation/sensitivity_analysis/data/03983_stress.csv
3984,material_r_cable,3,True,1.2988075412486955,1.17891001839363,55.45454646340397,1678.1248953268876,14844.836636138421,2.1531562693953292,0.46443447427103374,31963.25307125091,0.17074943341032134,0.0596459,9086.65185025,7289.44246464,504.24718972,0.0,426.0360073,1.2611635395474394,1.3479004097652116,/home/chaoyu/phd_simulation/sensitivity_analysis/data/03984_verts.csv,/home/chaoyu/phd_simulation/sensitivity_analysis/data/03984_stress.csv
3985,material_r_cable,3,True,1.29066182337433,1.2982501059224947,54.387394975312475,1520.383571424135,9841.192304560682,2.1683395353161776,0.4611823857439303,21339.046348628253,0.4694107549780687,0.0342804,15768.46100062,10880.07279231,2037.54423316,0.0,620.50736078,1.2010829014717523,1.3886394978882495,/home/chaoyu/phd_simulation/sensitivity_analysis/data/03985_verts.csv,/home/chaoyu/phd_simulation/sensitivity_analysis/data/03985_stress.csv
3986,material_r_cable,3,True,1.3530036779444492,0.9876806609337614,88.74489548064528,664.0818314837937,7263.351680773293,4.957692512050963,0.20170674110369682,36009.46424016253,0.2913102878895244,0.05175931,4293.60918047,2925.5388679,522.92395488,0.0,195.18792471,1.2391108733815785,1.3835989369379595,/home/chaoyu/phd_simulation/sensitivity_analysis/data/03986_verts.csv,/home/chaoyu/phd_simulation/sensitivity_analysis/data/03986_stress.csv
3987,material_r_cable,3,True,1.3396982416169276,1.3507478630449454,67.72352157578963,1497.9588443315954,18978.266241423007,2.806920272251401,0.35626234556277964,53270.480245234634,0.38121487137220245,0.01739853,27224.4371207,27202.80015507,0.0,0.0,1469.28603844,1.3364308626293018,1.3053966541464728,/home/chaoyu/phd_simulation/sensitivity_analysis/data/03987_verts.csv,/home/chaoyu/phd_simulation/sensitivity_analysis/data/03987_stress.csv
3988,material_r_cable,3,True,1.3513000426130668,1.290828078840717,6.981791699432671,1968.1639652587635,3540.150138650259,1.4418776060594696,0.6935401422405859,5104.463207008135,0.15290591081345936,0.1343829,3783.84832057,2334.15519872,1925.66782736,464.17493218,116.1989019,1.2156967292241034,1.263722979851217,/home/chaoyu/phd_simulation/sensitivity_analysis/data/03988_verts.csv,/home/chaoyu/phd_simulation/sensitivity_analysis/data/03988_stress.csv
3989,material_r_cable,3,True,0.9621559122493948,0.9631768071732675,48.310560238120544,1860.3589812765686,5599.1548667950365,1.5866639620047462,0.6302531751817835,8883.97724482717,0.16709099459058735,0.24298536,3015.31578495,1217.5730855,1110.37377879,915.03865053,25.36473238,1.2944567112700018,1.3055849642247552,/home/chaoyu/phd_simulation/sensitivity_analysis/data/03989_verts.csv,/home/chaoyu/phd_simulation/sensitivity_analysis/data/03989_stress.csv
3990,material_r_cable,3,True,1.2895955122526321,1.1728420058546014,14.623966132698875,1415.1917101082358,17797.555626979676,3.5628826189839313,0.28067160974424177,63410.60160376555,0.3394011347871387,0.02080218,25991.91585998,15786.24027966,3023.61167279,2168.89802745,838.67546658,1.2006929903552512,1.2067833800235084,/home/chaoyu/phd_simulation/sensitivity_analysis/data/03990_verts.csv,/home/chaoyu/phd_simulation/sensitivity_analysis/data/03990_stress.csv
3991,material_r_cable,3,True,0.807985959454302,1.0340483558727611,11.043587889295809,1260.4871028534972,8137.985327825484,3.497929041768241,0.285883443620254,28466.0952196846,0.3630690652494162,0.18356708,3789.24223773,2846.11792258,157.72645666,209.90372045,137.10831982,1.3628329773353913,1.2986226904946183,/home/chaoyu/phd_simulation/sensitivity_analysis/data/03991_verts.csv,/home/chaoyu/phd_simulation/sensitivity_analysis/data/03991_stress.csv
3992,material_r_cable,3,True,0.9253066676178503,1.1200111503141996,19.455626329839983,760.8432912900943,11194.439819450934,3.6634384022900357,0.27296760316070673,41010.140726701284,0.15172638360498608,0.05907108,6154.88369615,5577.19515694,85.00660929,96.96002698,257.49467796,1.2905319893981042,1.2816518373268935,/home/chaoyu/phd_simulation/sensitivity_analysis/data/03992_verts.csv,/home/chaoyu/phd_simulation/sensitivity_analysis/data/03992_stress.csv
3993,material_r_cable,3,True,0.9690345507490519,1.0337240936908725,16.872225549586563,304.192911774458,6071.802686157365,4.5443561923876565,0.22005317313707062,27592.43413579523,0.4211795043132458,0.06662154,3521.18424696,1324.60991007,362.85853704,176.18890415,55.83986492,1.2497544369583617,1.2491368812504227,/home/chaoyu/phd_simulation/sensitivity_analysis/data/03993_verts.csv,/home/chaoyu/phd_simulation/sensitivity_analysis/data/03993_stress.csv
3994,material_r_cable,3,True,1.1573432285304657,1.0894682235569255,17.9844317001328,547.6341902979307,3191.8103461184687,4.964189081638846,0.2014427701190355,15844.750070863209,0.36470008376255236,0.06830361,3489.3367496,2151.99610538,0.0,515.45395108,104.3537279,1.3056965711262456,1.2160133934291653,/home/chaoyu/phd_simulation/sensitivity_analysis/data/03994_verts.csv,/home/chaoyu/phd_simulation/sensitivity_analysis/data/03994_stress.csv
3996,material_r_cable,3,True,1.2302071447820553,1.1279132578361863,16.037061170672498,1314.4925486993052,1394.4360657812363,3.30598831324677,0.3024814080537122,4609.989337042572,0.47460969327451064,0.21891997,2449.46836652,1718.895964,203.96338656,86.52189517,68.8546375,1.3423722867632786,1.3652838711984234,/home/chaoyu/phd_simulation/sensitivity_analysis/data/03996_verts.csv,/home/chaoyu/phd_simulation/sensitivity_analysis/data/03996_stress.csv
3998,material_r_cable,3,True,1.0044720019047157,1.334978970042975,10.423881328826981,383.25628217897895,14665.371200875337,2.459879654074892,0.4065239526427477,36075.04823648911,0.1649344903181108,0.01002639,13805.71245099,13801.69261706,0.0,0.0,761.54782457,1.3401373080709318,1.3202147963340112,/home/chaoyu/phd_simulation/sensitivity_analysis/data/03998_verts.csv,/home/chaoyu/phd_simulation/sensitivity_analysis/data/03998_stress.csv
3999,material_r_cable,3,True,1.1858007899287357,1.1573544106370182,83.23424569195454,1129.0722407858198,7766.793491243189,4.720264569422727,0.2118525318427854,36661.32013473827,0.4490882623516973,0.04510761,8771.22275118,8702.50351927,0.0,0.0,430.32908606,1.3060618647783355,1.3107581822303913,/home/chaoyu/phd_simulation/sensitivity_analysis/data/03999_verts.csv,/home/chaoyu/phd_simulation/sensitivity_analysis/data/03999_stress.csv
4000,material_r_cable,3,True,1.0161776254241464,1.110948655105083,9.072678944711768,1852.9230570076152,14140.469675188016,4.970139006378274,0.2012016160346181,70280.09990116108,0.22030660579708428,0.05937699,18233.83082192,9076.12584692,2742.26225074,273.99059452,416.69649976,1.2053929230806038,1.271028152870978,/home/chaoyu/phd_simulation/sensitivity_analysis/data/04000_verts.csv,/home/chaoyu/phd_simulation/sensitivity_analysis/data/04000_stress.csv
4001,material_r_cable,3,True,0.9038120908689846,1.130306257431955,7.551007834999228,510.35793741190633,4131.771886035251,4.419541242493345,0.226267828521459,18260.536254907303,0.11208495427287657,0.08355058,3000.54169561,2814.29950553,0.0,0.0,134.13555787,1.3788523546951053,1.3600338169461832,/home/chaoyu/phd_simulation/sensitivity_analysis/data/04001_verts.csv,/home/chaoyu/phd_simulation/sensitivity_analysis/data/04001_stress.csv
4003,material_r_cable,3,True,0.9933170597967502,0.916905209409254,39.39586368409677,306.66523853012836,10627.498015299601,1.0235770840473266,0.9769659907252901,10878.063429219117,0.19349533753146778,0.14923048,2611.80046115,636.83960148,92.4716575,319.41124724,22.23694051,1.3213126556108077,1.2656083179875839,/home/chaoyu/phd_simulation/sensitivity_analysis/data/04003_verts.csv,/home/chaoyu/phd_simulation/sensitivity_analysis/data/04003_stress.csv
4004,material_r_cable,3,True,1.224563572894354,0.8788376563557125,43.246408007755676,829.2706459692963,10687.487068798086,1.4353619147806305,0.6966884029055712,15340.411903263248,0.19099003543556325,0.09263879,6438.30398143,3164.35762354,1235.79710009,0.0,159.85123154,1.2065494390631222,1.3983660319764564,/home/chaoyu/phd_simulation/sensitivity_analysis/data/04004_verts.csv,/home/chaoyu/phd_simulation/sensitivity_analysis/data/04004_stress.csv
4005,material_r_cable,3,True,1.3871388409803558,1.1531372192801805,38.41505211750687,1719.2976714384265,4644.974201251378,4.470555541614304,0.223685846354322,20765.615156059823,0.21415732166408902,0.08992225,8239.40220759,4493.90983379,113.01398836,1411.33054605,224.94198599,1.2964569577890455,1.2137674204610849,/home/chaoyu/phd_simulation/sensitivity_analysis/data/04005_verts.csv,/home/chaoyu/phd_simulation/sensitivity_analysis/data/04005_stress.csv
4006,material_r_cable,3,True,1.0452699414323834,1.303639630221429,29.833460775322795,1988.7316854072822,5716.17555839093,4.5829748503173375,0.21819888449328,26197.088824104296,0.32994669074189054,0.07075783,10163.0360682,10033.75225148,0.0,0.0,535.83816738,1.3791933374841847,1.3573237982359068,/home/chaoyu/phd_simulation/sensitivity_analysis/data/04006_verts.csv,/home/chaoyu/phd_simulation/sensitivity_analysis/data/04006_stress.csv
4007,material_r_cable,3,True,1.2200080512996363,0.9054001258284843,27.178271970314565,395.00899242661376,4182.452310149491,4.750002421309107,0.2105262084738893,19866.658600219947,0.2932265934930016,0.13242008,2068.99528255,1294.09380528,0.0,199.87647878,64.30221292,1.391682361032807,1.2642400839022183,/home/chaoyu/phd_simulation/sensitivity_analysis/data/04007_verts.csv,/home/chaoyu/phd_simulation/sensitivity_analysis/data/04007_stress.csv
4008,material_r_cable,3,True,0.9173009510810218,1.1642700685865228,38.124321119168556,992.4511577916442,19657.774741413643,1.2325887970284664,0.8113005751884221,24229.952920775613,0.29194922813863455,0.07546175,7129.34872956,4716.85094324,0.0,549.59333196,228.79160426,1.363669606737342,1.2441390267119672,/home/chaoyu/phd_simulation/sensitivity_analysis/data/04008_verts.csv,/home/chaoyu/phd_simulation/sensitivity_analysis/data/04008_stress.csv
4009,material_r_cable,3,True,0.888693707926588,1.345747709844948,31.661489842961736,1412.0256343841097,9712.344005044582,2.9424965030054944,0.3398474727084944,28578.53827083006,0.24954166363570673,0.03796525,13190.76301624,11675.56273191,256.51661428,241.64074097,714.15927832,1.2711323412723028,1.264450008871758,/home/chaoyu/phd_simulation/sensitivity_analysis/data/04009_verts.csv,/home/chaoyu/phd_simulation/sensitivity_analysis/data/04009_stress.csv
4010,material_r_cable,3,True,1.1356987364919982,1.3043580690769092,47.7418548656678,1941.5278432619834,16635.379511383457,2.687071740828651,0.3721523265663222,44700.458182998416,0.16668183007846618,0.04144168,19623.51569301,15385.76008548,870.12746426,0.0,798.7555294,1.2465381436492096,1.3441290010802247,/home/chaoyu/phd_simulation/sensitivity_analysis/data/04010_verts.csv,/home/chaoyu/phd_simulation/sensitivity_analysis/data/04010_stress.csv
4012,material_r_cable,3,True,0.9961943066442749,1.353998665555706,35.88918776106159,1671.1794383051308,11047.041624378078,1.256114746254292,0.7961056129481634,13876.351886866272,0.38346776462617693,0.0788874,6303.5221962,6212.1428637,0.0,0.0,386.05109626,1.3824191626158067,1.3884036454558248,/home/chaoyu/phd_simulation/sensitivity_analysis/data/04012_verts.csv,/home/chaoyu/phd_simulation/sensitivity_analysis/data/04012_stress.csv
4013,material_r_cable,3,True,0.9211846495342307,1.1205265726734095,65.28060593561733,983.4160368393924,15396.026702955634,3.450015614481342,0.2898537606040183,53116.53252616863,0.3808373609636203,0.05625454,7304.94324931,7179.88299934,0.0,0.0,350.69000569,1.3414470159044298,1.3320379527157435,/home/chaoyu/phd_simulation/sensitivity_analysis/data/04013_verts.csv,/home/chaoyu/phd_simulation/sensitivity_analysis/data/04013_stress.csv
4015,material_r_cable,3,True,1.0143840982702343,1.135356840312001,81.57592792455719,1006.4901626757571,6274.420833552089,4.162249028117692,0.24025472604944864,26115.702016453582,0.30085893843029426,0.05899839,9176.29611853,4281.143195,340.33796386,1628.71925767,206.51910255,1.2383785901950322,1.2050516437302692,/home/chaoyu/phd_simulation/sensitivity_analysis/data/04015_verts.csv,/home/chaoyu/phd_simulation/sensitivity_analysis/data/04015_stress.csv
4016,material_r_cable,3,True,1.1394268626589996,1.2259479694607176,51.1566114111585,610.624029103693,15194.362390241464,4.443790871794896,0.22503309198168658,67520.56889249869,0.4917973369517299,0.00933918,22563.89552938,22557.56475599,0.0,0.0,1167.43790533,1.3942488061343115,1.3398824730525491,/home/chaoyu/phd_simulation/sensitivity_analysis/data/04016_verts.csv,/home/chaoyu/phd_simulation/sensitivity_analysis/data/04016_stress.csv
4017,material_r_cable,3,True,1.0032188222170344,1.284946807749667,19.99224137390426,1271.9781776079892,17566.298267401125,4.0917703773328356,0.24439299075522325,71877.25888994503,0.30771745275184204,0.01682326,27954.33129129,24253.29603943,613.64424952,960.957516,1324.41940067,1.2652079120372945,1.2356138621412274,/home/chaoyu/phd_simulation/sensitivity_analysis/data/04017_verts.csv,/home/chaoyu/phd_simulation/sensitivity_analysis/data/04017_stress.csv
4018,material_r_cable,3,True,0.9144165178350998,1.3391320448060888,49.54869801309012,1265.320207054059,2523.617437980827,1.2691467434579413,0.7879309505813181,3202.84085314704,0.33745802835198824,0.12547203,2338.43954805,1489.56713122,479.06792815,4155.80554191,91.43596806,1.269683510711958,1.2096713589927321,/home/chaoyu/phd_simulation/sensitivity_analysis/data/04018_verts.csv,/home/chaoyu/phd_simulation/sensitivity_analysis/data/04018_stress.csv
4021,material_r_cable,3,True,0.9396277396479384,1.0009516397936937,42.55418700966569,1474.3323243589334,8388.465133957176,4.28774015722631,0.23322308799768515,35967.558812360956,0.4108061184031234,0.17480075,6284.22666993,2449.78125645,0.0,787.15463755,97.32118198,1.3924774038820227,1.2684483816173944,/home/chaoyu/phd_simulation/sensitivity_analysis/data/04021_verts.csv,/home/chaoyu/phd_simulation/sensitivity_analysis/data/04021_stress.csv
4023,material_r_cable,3,True,1.3780952798341075,0.8562704079497914,25.99546615428251,411.5240375971824,12673.452092812835,1.6925900971800323,0.5908104990488049,21450.95950938056,0.2993704926479255,0.03122607,7944.42432732,5926.9721423,462.66271245,0.0,353.93954781,1.2363640899531054,1.3771297072712227,/home/chaoyu/phd_simulation/sensitivity_analysis/data/04023_verts.csv,/home/chaoyu/phd_simulation/sensitivity_analysis/data/04023_stress.csv
4024,material_r_cable,3,True,0.8136481782656219,1.0280494103230684,44.329046772563714,1847.309209045585,2357.671888148191,2.63520211484664,0.3794775339493065,6212.941945762584,0.33016166690992577,0.28686107,2792.58670699,1483.04100114,519.74608071,830.48693898,69.00733211,1.387190242657723,1.344497701761608,/home/chaoyu/phd_simulation/sensitivity_analysis/data/04024_verts.csv,/home/chaoyu/phd_simulation/sensitivity_analysis/data/04024_stress.csv
4025,material_r_cable,3,True,0.999192430402525,1.1322899111604876,83.50392786808837,453.313990859657,3971.0266950700516,1.911641863129176,0.5231105361770509,7591.180869899408,0.1157249418450568,0.08898432,2426.88853228,1234.56229061,349.24866219,361.33667098,56.97769851,1.2221714394850736,1.2365655148581567,/home/chaoyu/phd_simulation/sensitivity_analysis/data/04025_verts.csv,/home/chaoyu/phd_simulation/sensitivity_analysis/data/04025_stress.csv
4026,material_r_cable,3,True,1.3914479139697271,1.2393263023671603,13.130223512924669,1254.1950395723475,1167.8039259013533,2.0592628675975577,0.4856106598797907,2404.8152612433064,0.12212174915391938,0.14637415,1807.99989033,982.71169043,2072.41164964,653.08480417,41.1850768,1.2024191411728433,1.233601907583713,/home/chaoyu/phd_simulation/sensitivity_analysis/data/04026_verts.csv,/home/chaoyu/phd_simulation/sensitivity_analysis/data/04026_stress.csv
4028,material_r_cable,3,True,0.8507756230860908,1.1334583060726842,21.110720805289933,555.8469011048187,12138.461515386412,3.7603469535426326,0.265932907881784,45644.82678007778,0.30554252863151066,0.04613398,7969.09151478,6625.8230606,0.0,359.02636681,332.20119974,1.3332964075294207,1.2390330292558631,/home/chaoyu/phd_simulation/sensitivity_analysis/data/04028_verts.csv,/home/chaoyu/phd_simulation/sensitivity_analysis/data/04028_stress.csv
4029,material_r_cable,3,True,1.0114600745370894,0.9457630687753745,66.12892315590791,1105.2722740057743,1164.194536664997,1.972195576933831,0.5070491039000798,2296.019315901238,0.3050383214418818,0.27248017,1090.0627572,525.7562137,906.8401262,553.58788038,9.95038019,1.2821053547512538,1.3134151922296669,/home/chaoyu/phd_simulation/sensitivity_analysis/data/04029_verts.csv,/home/chaoyu/phd_simulation/sensitivity_analysis/data/04029_stress.csv
4030,material_r_cable,3,True,1.0037838661768705,1.2893277064959499,36.08948490878135,1641.7464968029296,15233.333609442681,2.198931891994633,0.45476624521231,33497.06309519723,0.41292578896415433,0.03697955,17612.15222214,12181.268233,1202.37004456,379.67819702,713.67602372,1.228698514134423,1.2618455868564495,/home/chaoyu/phd_simulation/sensitivity_analysis/data/04030_verts.csv,/home/chaoyu/phd_simulation/sensitivity_analysis/data/04030_stress.csv
4031,material_r_cable,3,True,1.1673895913178867,0.912300623767295,50.52950297515849,321.9072181662084,12603.80960595332,2.4983705230611166,0.40026088635354007,31488.98639778832,0.2547568918048969,0.00802579,8628.17817472,3366.84634981,0.0,970.12683978,125.78344297,1.3648350708673243,1.2078056114758153,/home/chaoyu/phd_simulation/sensitivity_analysis/data/04031_verts.csv,/home/chaoyu/phd_simulation/sensitivity_analysis/data/04031_stress.csv
4033,material_r_cable,3,True,1.2550035518955391,1.1586380551234783,84.53307227573823,1926.0333442016288,11447.639190731506,1.2943858825302654,0.7725671405231955,14817.662556783054,0.19725196879302578,0.11641095,5160.98916243,4164.91779694,0.0,325.18131994,239.18192801,1.3545448284790422,1.2829877298229688,/home/chaoyu/phd_simulation/sensitivity_analysis/data/04033_verts.csv,/home/chaoyu/phd_simulation/sensitivity_analysis/data/04033_stress.csv
4034,material_r_cable,3,True,0.9196600047572865,1.057871346517913,35.74034685041125,1284.4406269131541,14792.961587496155,4.567341059208385,0.21894576889191647,67564.50084586363,0.3096943121252159,0.09666303,10179.94614538,5235.25371268,680.51195854,0.0,230.87305019,1.2607267444976922,1.336496704545816,/home/chaoyu/phd_simulation/sensitivity_analysis/data/04034_verts.csv,/home/chaoyu/phd_simulation/sensitivity_analysis/data/04034_stress.csv
4035,material_r_cable,3,True,1.3510217672980962,0.9663923107192525,25.59947347842896,1839.6157902348584,18524.232670976926,1.7948152857150905,0.5571603985986668,33247.57595401227,0.45189361841878284,0.04944417,13072.50634937,8201.6592061,113.94414749,1762.28353304,554.48602759,1.2873494545985977,1.2136172909785112,/home/chaoyu/phd_simulation/sensitivity_analysis/data/04035_verts.csv,/home/chaoyu/phd_simulation/sensitivity_analysis/data/04035_stress.csv
4036,material_r_cable,3,True,1.3196425922523392,1.0758653563029579,87.36500033113872,261.3121309024638,8053.732689916691,3.018726000064044,0.331265573615752,24312.012268617247,0.12627609535994389,0.02314916,2958.569519,2950.41305616,0.0,0.0,189.88975637,1.373241728346156,1.3228524087337465,/home/chaoyu/phd_simulation/sensitivity_analysis/data/04036_verts.csv,/home/chaoyu/phd_simulation/sensitivity_analysis/data/04036_stress.csv
4038,material_r_cable,3,True,1.312553134355794,1.0771852395593728,35.63235315141965,1082.876791192131,1363.9571747411248,3.2502915988162004,0.30766470318054334,4433.258546206158,0.23906858926384617,0.15576869,1908.83864533,951.72445369,248.86217324,1399.83843428,40.68392308,1.283878910948093,1.2188957043121584,/home/chaoyu/phd_simulation/sensitivity_analysis/data/04038_verts.csv,/home/chaoyu/phd_simulation/sensitivity_analysis/data/04038_stress.csv
4039,material_r_cable,3,True,1.0119355257405978,1.1524847452489693,75.59878196562845,649.9435160853841,2955.0926518119527,4.954454989571382,0.20183854775245655,14640.873533415457,0.48134819127684336,0.07490169,3252.7191792,3093.68522051,23.59571947,0.0,155.71532197,1.293899269773196,1.3803947285849645,/home/chaoyu/phd_simulation/sensitivity_analysis/data/04039_verts.csv,/home/chaoyu/phd_simulation/sensitivity_analysis/data/04039_stress.csv
4040,material_r_cable,3,True,0.8704961385536503,1.325159315624156,45.470900270604105,1114.1602578182387,13808.44210297568,1.7459683175751737,0.5727480790652688,24109.10242686664,0.49781617239709064,0.03225364,11056.66273419,9782.41371293,257.19617352,0.0,650.24618897,1.2679103214854959,1.300941222003668,/home/chaoyu/phd_simulation/sensitivity_analysis/data/04040_verts.csv,/home/chaoyu/phd_simulation/sensitivity_analysis/data/04040_stress.csv
4041,material_r_cable,3,True,1.002279838208627,1.3561632345588264,5.111331877861478,421.3970137078078,9655.588049007682,3.8513529519780705,0.2596490148965433,37187.07753562991,0.4152356210346112,0.00675887,22567.28884807,17305.04254228,1479.7372315,767.1979104,1030.43040288,1.2261090116074875,1.229249122727435,/home/chaoyu/phd_simulation/sensitivity_analysis/data/04041_verts.csv,/home/chaoyu/phd_simulation/sensitivity_analysis/data/04041_stress.csv
4042,material_r_cable,3,True,1.0895225262038852,1.072519512267562,28.530215282499032,507.03735138503157,12615.862820067401,2.52378905487949,0.39622962864768807,31839.776503147204,0.44328629674283715,0.0339423,5833.30906299,3648.85321877,374.97784803,400.1192103,203.81117106,1.2554378714160497,1.245672360854174,/home/chaoyu/phd_simulation/sensitivity_analysis/data/04042_verts.csv,/home/chaoyu/phd_simulation/sensitivity_analysis/data/04042_stress.csv
4044,material_r_cable,3,True,0.9831067452399442,1.1975078292541088,16.68932384554373,656.3541928451239,19174.578794457833,2.439818463734505,0.4098665596904088,46782.491377050326,0.20289874382296746,0.02520688,10336.60546961,10061.62380854,0.0,61.68135353,506.87218191,1.326382539477659,1.286436386661075,/home/chaoyu/phd_simulation/sensitivity_analysis/data/04044_verts.csv,/home/chaoyu/phd_simulation/sensitivity_analysis/data/04044_stress.csv
4045,material_r_cable,3,True,1.3856262888226571,1.1961438587492605,86.4244834655049,1766.8915707737176,4628.253225847552,4.667543521725488,0.21424545809705103,21602.573361209834,0.127567191274164,0.11406923,5886.3787041,5173.6102281,0.0,103.39560007,240.83033338,1.3721260074521742,1.308141854229774,/home/chaoyu/phd_simulation/sensitivity_analysis/data/04045_verts.csv,/home/chaoyu/phd_simulation/sensitivity_analysis/data/04045_stress.csv
4046,material_r_cable,3,True,1.1770625039299998,1.031921074231543,53.11918891547117,784.5493536864777,4309.591973953303,3.5060901062192875,0.2852179977423134,15109.817781719725,0.31837885061520255,0.0944091,3993.0490453,1471.69476903,1309.90482759,0.0,78.74045479,1.2044734699725559,1.3347395959621435,/home/chaoyu/phd_simulation/sensitivity_analysis/data/04046_verts.csv,/home/chaoyu/phd_simulation/sensitivity_analysis/data/04046_stress.csv
4047,material_r_cable,3,True,1.0722944910653656,1.30530523875365,36.77349638356728,1324.8807017347413,9867.504379109652,4.156555954026141,0.2405837936648912,41014.83407836724,0.23685817422988278,0.03153714,16333.58614047,14675.69562697,189.69184933,311.95138005,766.26976684,1.2780277024564626,1.2651357427599976,/home/chaoyu/phd_simulation/sensitivity_analysis/data/04047_verts.csv,/home/chaoyu/phd_simulation/sensitivity_analysis/data/04047_stress.csv
4049,material_r_cable,3,True,1.149979439027313,0.9910510672219572,56.975136077270214,1622.7341260356998,12279.867763506683,4.075280648102784,0.24538187338473055,50043.90745788,0.4032829009150053,0.12603252,4673.58715525,3164.1026565,0.0,294.25589431,177.49930598,1.3860059403513503,1.297859166339166,/home/chaoyu/phd_simulation/sensitivity_analysis/data/04049_verts.csv,/home/chaoyu/phd_simulation/sensitivity_analysis/data/04049_stress.csv
4050,material_r_cable,3,True,1.25006688476671,1.1224893498643311,30.037723389421636,297.27934761207644,5765.192654430832,3.987393041854538,0.2507904261012854,22988.089075228392,0.22180034429208362,0.02175179,6898.11841608,3480.66192295,770.77656842,0.0,184.16244638,1.2205060329769113,1.3576734224696938,/home/chaoyu/phd_simulation/sensitivity_analysis/data/04050_verts.csv,/home/chaoyu/phd_simulation/sensitivity_analysis/data/04050_stress.csv
4052,material_r_cable,3,True,1.3256868026981155,0.9966939714329716,77.17699324191082,1355.8646937635963,13024.81079791038,4.912730045949916,0.2035528088551102,63987.379349707226,0.4508369831523912,0.04279613,11397.27903901,6515.17206151,733.87378207,1252.91815193,413.23594051,1.2450149025357886,1.2288475083177142,/home/chaoyu/phd_simulation/sensitivity_analysis/data/04052_verts.csv,/home/chaoyu/phd_simulation/sensitivity_analysis/data/04052_stress.csv
4053,material_r_cable,3,True,1.2284671618463872,1.19429419657021,73.98265890495244,859.5658121226137,17238.689086858052,4.66460379499445,0.21438047987550243,80411.65453528748,0.2999548077296254,0.01556404,21223.83005895,19391.32871779,0.0,295.72240618,944.90100911,1.3535537437871772,1.2780157801131908,/home/chaoyu/phd_simulation/sensitivity_analysis/data/04053_verts.csv,/home/chaoyu/phd_simulation/sensitivity_analysis/data/04053_stress.csv
4054,material_r_cable,3,True,0.9101303254128142,1.2366781432579501,23.231179405604685,1056.4711098100142,15952.293396897332,4.08553793995142,0.24476580922704408,65173.69990226057,0.4967612937401783,0.01637158,22941.52456422,19564.60636146,47.35544813,925.44654394,1145.02143186,1.2891569230856998,1.2310836625921,/home/chaoyu/phd_simulation/sensitivity_analysis/data/04054_verts.csv,/home/chaoyu/phd_simulation/sensitivity_analysis/data/04054_stress.csv
4055,material_r_cable,3,True,1.2527240161736863,1.389310322963404,66.55473478903205,1955.0840762071246,13635.905734178219,4.139210455154149,0.24159196804182761,56441.8835804069,0.19827506913809026,0.02740612,26411.29076214,26367.30548595,0.0,0.0,1318.5031946,1.3967091838330297,1.3117589820064934,/home/chaoyu/phd_simulation/sensitivity_analysis/data/04055_verts.csv,/home/chaoyu/phd_simulation/sensitivity_analysis/data/04055_stress.csv
4056,material_r_cable,3,True,1.3137787001935237,0.9072179329203719,70.31109783308861,808.6302994824507,10971.195258195092,3.7793845238717183,0.2645933467959405,41464.36556719731,0.3153544707265992,0.08675828,5216.56019263,4386.35901871,267.76472222,0.0,234.29306683,1.2702009794910907,1.3416981728739819,/home/chaoyu/phd_simulation/sensitivity_analysis/data/04056_verts.csv,/home/chaoyu/phd_simulation/sensitivity_analysis/data/04056_stress.csv
4057,material_r_cable,3,True,1.301169979360105,0.9883015357421033,35.31613836147515,650.0223095528177,11247.232069254393,4.811347234552177,0.2078419933648951,54114.33891277368,0.4956983442295336,0.02549667,12095.99860097,5221.93601597,1728.98045801,12.78029552,330.69851451,1.2075724045303557,1.2933798907120844,/home/chaoyu/phd_simulation/sensitivity_analysis/data/04057_verts.csv,/home/chaoyu/phd_simulation/sensitivity_analysis/data/04057_stress.csv
4058,material_r_cable,3,True,1.0974258598560076,0.9525598482587994,10.632514656925334,256.50382509136296,4199.491623316577,2.4617725280846923,0.40621137354961867,10338.193110202537,0.4101067310944849,0.08802626,2739.48103093,610.14295726,603.98000512,91.04433261,25.81997181,1.2093536909894878,1.275964595826656,/home/chaoyu/phd_simulation/sensitivity_analysis/data/04058_verts.csv,/home/chaoyu/phd_simulation/sensitivity_analysis/data/04058_stress.csv
4059,material_r_cable,3,True,0.8918168802015143,1.3767652253840352,43.76626357082572,834.4891479582434,16179.314861314606,1.6241648800583166,0.6157010364391664,26277.874981152778,0.4553190323008749,0.01732921,16166.93659798,12419.19539557,0.0,1088.20775459,842.89258577,1.2978445351104912,1.2233921202923645,/home/chaoyu/phd_simulation/sensitivity_analysis/data/04059_verts.csv,/home/chaoyu/phd_simulation/sensitivity_analysis/data/04059_stress.csv
4060,material_r_cable,3,True,1.3283987693549493,1.0988719217988088,73.29165759773093,848.4361080734674,7534.2764386667095,3.8300365463557213,0.2610941143502925,28856.554110440327,0.19583766158342028,0.05248513,5823.41936226,4054.33876883,30.89345799,422.25542284,236.70440429,1.2927573691482173,1.2538314954507135,/home/chaoyu/phd_simulation/sensitivity_analysis/data/04060_verts.csv,/home/chaoyu/phd_simulation/sensitivity_analysis/data/04060_stress.csv
4062,material_r_cable,3,True,0.997232059955991,1.3296750813165756,76.4290254139941,1667.0202796250765,13068.142305499572,4.37676001179254,0.22847951391112287,57196.122671124904,0.161648917252449,0.02842811,21899.2790682,21849.48240565,0.0,0.0,1186.8838473,1.336099557914649,1.3827064107115776,/home/chaoyu/phd_simulation/sensitivity_analysis/data/04062_verts.csv,/home/chaoyu/phd_simulation/sensitivity_analysis/data/04062_stress.csv
4063,material_r_cable,3,True,1.3888894994461265,1.1993328261575238,50.50790230212265,1430.3119892345221,19955.00166252946,1.507087157977226,0.663531631005452,30073.926743012344,0.1226795570721349,0.03053352,14730.35960529,9582.02904901,736.61706924,2464.75926261,596.88955329,1.250655677865311,1.2002395489528865,/home/chaoyu/phd_simulation/sensitivity_analysis/data/04063_verts.csv,/home/chaoyu/phd_simulation/sensitivity_analysis/data/04063_stress.csv
4064,material_r_cable,3,True,0.9657894988516186,1.2744045187309136,64.52044732461445,1786.6724863635473,6495.56496197336,4.0627185307762765,0.24614060571135032,26389.65213887027,0.4005293215381289,0.05777131,11570.30710669,9186.27064047,864.66247183,0.0,519.00873137,1.2202827417749285,1.3430603045736214,/home/chaoyu/phd_simulation/sensitivity_analysis/data/04064_verts.csv,/home/chaoyu/phd_simulation/sensitivity_analysis/data/04064_stress.csv
4065,material_r_cable,3,True,1.2725482105306782,0.8908124413995763,56.457688812125994,490.3252472364912,10760.152447402455,3.5355831060858547,0.28283877651714207,38043.413211944484,0.40853578406729385,0.00329783,4055.56836409,4050.68437873,0.0,0.0,180.85725382,1.3437074089352383,1.382199323393747,/home/chaoyu/phd_simulation/sensitivity_analysis/data/04065_verts.csv,/home/chaoyu/phd_simulation/sensitivity_analysis/data/04065_stress.csv
4066,material_r_cable,3,True,0.9853318773022672,1.1946464687407725,53.22050392458015,1881.4030137430948,11265.914519274973,3.983554632188017,0.251032078716776,44878.38596909205,0.10678446007914291,0.07602397,11155.6121475,10003.86051285,180.73466127,0.0,484.31002535,1.2852623895753088,1.3722606489397864,/home/chaoyu/phd_simulation/sensitivity_analysis/data/04066_verts.csv,/home/chaoyu/phd_simulation/sensitivity_analysis/data/04066_stress.csv
4067,material_r_cable,3,True,1.2319605722242253,1.2992545408796325,66.01941687962871,1846.534675782754,12816.581424628239,1.7510443848119621,0.5710877512150476,22442.402936080576,0.11164149822021056,0.07597065,7621.47869707,7491.45475965,0.0,0.0,408.4272414,1.3680059309648493,1.3824349544262975,/home/chaoyu/phd_simulation/sensitivity_analysis/data/04067_verts.csv,/home/chaoyu/phd_simulation/sensitivity_analysis/data/04067_stress.csv
4068,material_r_cable,3,True,1.1367949810579048,1.2526523510550955,45.378702370652555,819.7568512220515,8562.414947776833,3.0611837121580368,0.3266710181516783,26211.12517487295,0.29005263170518736,0.0295007,11528.2183985,7960.25112266,769.66217221,445.85503073,416.16845327,1.2302344143981914,1.2473054991665333,/home/chaoyu/phd_simulation/sensitivity_analysis/data/04068_verts.csv,/home/chaoyu/phd_simulation/sensitivity_analysis/data/04068_stress.csv
4069,material_r_cable,3,True,1.107896415198943,1.071845148727335,33.6465860383407,1891.3555454819245,11661.010074084548,1.9401856478085002,0.5154145950566797,22624.524384689175,0.2818774316165421,0.10302641,6964.08303435,3104.08195391,1465.98448118,1233.47310288,158.23711539,1.2224861132262435,1.2250508969339295,/home/chaoyu/phd_simulation/sensitivity_analysis/data/04069_verts.csv,/home/chaoyu/phd_simulation/sensitivity_analysis/data/04069_stress.csv
4070,material_r_cable,3,True,1.0616720460681695,1.2455920645866247,19.78349135964355,955.6394619645755,13359.075113452269,2.7815078649870015,0.35951722897777,37158.372497019605,0.43585151987650994,0.02137377,20005.55971375,12009.91197867,2365.98134506,0.0,670.1770124,1.2014600963554516,1.396376405982543,/home/chaoyu/phd_simulation/sensitivity_analysis/data/04070_verts.csv,/home/chaoyu/phd_simulation/sensitivity_analysis/data/04070_stress.csv
4071,material_r_cable,3,True,0.9014348005750619,1.153440163276576,67.4334301031745,246.42468378290258,7089.583049029743,2.443582409989193,0.4092352260812119,17323.98043276663,0.24366454814811522,0.04704045,3032.28422188,2934.98465832,0.0,0.0,143.42615786,1.3926108871217728,1.3949899399459844,/home/chaoyu/phd_simulation/sensitivity_analysis/data/04071_verts.csv,/home/chaoyu/phd_simulation/sensitivity_analysis/data/04071_stress.csv
4072,material_r_cable,3,True,1.17778731848906,0.8513183534826643,14.135825501400772,1123.663073073551,3414.40144290521,3.247284050638187,0.3079496540511972,11087.531348022101,0.3029043362412899,0.24499879,2480.61600114,1255.66606741,262.48373865,224.64571111,64.8642168,1.355526293834004,1.3868712753204764,/home/chaoyu/phd_simulation/sensitivity_analysis/data/04072_verts.csv,/home/chaoyu/phd_simulation/sensitivity_analysis/data/04072_stress.csv
4074,material_r_cable,3,True,1.0169588126047546,1.2639264863369464,12.85238836807585,231.49331583155058,11187.119048258966,1.8034934634739204,0.5544794146765482,20175.89607863963,0.4646007016743584,0.00838466,9588.07630626,6933.33368586,733.30690215,556.76447618,413.1957792,1.2344264139173429,1.2296771432898244,/home/chaoyu/phd_simulation/sensitivity_analysis/data/04074_verts.csv,/home/chaoyu/phd_simulation/sensitivity_analysis/data/04074_stress.csv
4075,material_r_cable,3,True,1.244707207843839,1.3425944636950327,30.85506762496703,669.9676234108397,16093.370623873216,2.0945385909945866,0.47743212003802343,33708.18583088108,0.24714329517814979,0.01444928,16074.22494346,13991.0632756,413.02584456,0.0,777.66969662,1.2659278816332866,1.3532606450343632,/home/chaoyu/phd_simulation/sensitivity_analysis/data/04075_verts.csv,/home/chaoyu/phd_simulation/sensitivity_analysis/data/04075_stress.csv
4076,material_r_cable,3,True,1.3981274325094573,1.0555884983015593,6.207435170431733,693.2112933933284,19339.187017298507,2.4935542136493654,0.4010339917721221,48223.311275537795,0.417684354765933,0.01498978,12606.93389207,11482.32373135,0.0,354.53846341,762.75563099,1.3395253140554884,1.2700050436569583,/home/chaoyu/phd_simulation/sensitivity_analysis/data/04076_verts.csv,/home/chaoyu/phd_simulation/sensitivity_analysis/data/04076_stress.csv
4078,material_r_cable,3,True,0.9806550378680482,1.0440986093461757,38.65218112086445,747.5650567555857,18878.727642193877,2.3001929711307865,0.43474613328132855,43424.71662646684,0.2193139407047372,0.08253593,7095.27826177,2692.27446836,81.77295895,839.7764235,112.3371994,1.3024884040714493,1.2330674722455843,/home/chaoyu/phd_simulation/sensitivity_analysis/data/04078_verts.csv,/home/chaoyu/phd_simulation/sensitivity_analysis/data/04078_stress.csv
4079,material_r_cable,3,True,1.3884004764125133,1.3242291096652719,39.71815213851337,1566.3476530186254,1531.019142998764,4.1207774907098855,0.2426726515213347,6308.9892223152465,0.37991534158350737,0.12596719,4982.20289389,3372.18390962,470.37762866,363.28659967,154.64863635,1.252216107144855,1.2568708372878676,/home/chaoyu/phd_simulation/sensitivity_analysis/data/04079_verts.csv,/home/chaoyu/phd_simulation/sensitivity_analysis/data/04079_stress.csv
4080,material_r_cable,3,True,1.0125627344398174,1.1243349628697028,26.261999556662055,1578.3126940782504,4982.767793325195,1.90047552321945,0.526184098549176,9469.628229100725,0.1925146529622488,0.17221226,4493.95049928,1984.58404782,1409.94853278,43.68641074,87.2362398,1.2417632640696696,1.3680653527528,/home/chaoyu/phd_simulation/sensitivity_analysis/data/04080_verts.csv,/home/chaoyu/phd_simulation/sensitivity_analysis/data/04080_stress.csv
4082,material_r_cable,3,True,1.119871478415776,1.245070673590158,17.43937133519899,1358.77057428397,16155.300696542821,3.402561093978448,0.2938962658950376,54969.39761157952,0.3375740091786944,0.02347357,27239.95056188,16695.16799294,2920.52547652,0.0,876.25702944,1.2003353050973842,1.2974557562046467,/home/chaoyu/phd_simulation/sensitivity_analysis/data/04082_verts.csv,/home/chaoyu/phd_simulation/sensitivity_analysis/data/04082_stress.csv
4084,material_r_cable,3,True,1.293788488831022,1.3679647874865624,27.27290914131491,1930.1874181734574,12033.081710905817,1.1126950371913202,0.8987188462026517,13389.150301842543,0.11082000052648561,0.07078858,8803.66022669,6069.41575469,0.0,1606.34092749,355.43553603,1.307849528585963,1.2116607811237827,/home/chaoyu/phd_simulation/sensitivity_analysis/data/04084_verts.csv,/home/chaoyu/phd_simulation/sensitivity_analysis/data/04084_stress.csv
4086,material_r_cable,3,True,1.112201608444472,0.9033214962487071,18.215617509141122,893.3013645116839,5927.107914756543,2.760158403052551,0.3622980474215055,16359.756716714557,0.2743909719652643,0.20916598,2227.5638726,1308.18542058,161.13822458,120.66316669,60.65130983,1.3558038035748488,1.3741011058870254,/home/chaoyu/phd_simulation/sensitivity_analysis/data/04086_verts.csv,/home/chaoyu/phd_simulation/sensitivity_analysis/data/04086_stress.csv
4088,material_r_cable,3,True,1.3613125445139427,0.9183412581448834,62.78479944027847,1159.2484076730218,14952.589794706531,2.9115508514754502,0.34345956880445433,43535.225548540926,0.21073990318417601,0.06489777,10675.0675225,6913.19776276,0.0,508.12264169,378.29590507,1.3868416443476388,1.2547628382972935,/home/chaoyu/phd_simulation/sensitivity_analysis/data/04088_verts.csv,/home/chaoyu/phd_simulation/sensitivity_analysis/data/04088_stress.csv
4089,material_r_cable,3,True,1.2163215170510817,0.9477541785647345,30.652738767126735,1804.0449449562095,12989.22663997144,3.1843293416882514,0.31403786879337836,41361.975515499755,0.10850954858948064,0.12174879,10110.92311178,4029.48180498,1146.20935973,1297.99565321,187.24086195,1.240750551586643,1.2345992009931757,/home/chaoyu/phd_simulation/sensitivity_analysis/data/04089_verts.csv,/home/chaoyu/phd_simulation/sensitivity_analysis/data/04089_stress.csv
4090,material_r_cable,3,True,1.34416479322892,0.984395691606412,7.7818295423515895,1749.7867734797949,6025.688889427075,3.9420487806644653,0.25367519674158917,23753.559539229416,0.46207192348616066,0.12946831,3886.23501971,3439.88666946,0.0,53.66660132,210.94213565,1.3889149192776997,1.3211221553661139,/home/chaoyu/phd_simulation/sensitivity_analysis/data/04090_verts.csv,/home/chaoyu/phd_simulation/sensitivity_analysis/data/04090_stress.csv
4092,material_r_cable,3,True,1.1974621833234182,1.3000289560834002,50.07144222480811,206.43130896555226,1897.7385078218676,3.7507347121038683,0.26661443070685165,7117.913695783677,0.28478378740683286,0.02637701,3206.66011862,2620.04989007,0.0,105.1292059,133.51851627,1.2967791188514988,1.2564079870506146,/home/chaoyu/phd_simulation/sensitivity_analysis/data/04092_verts.csv,/home/chaoyu/phd_simulation/sensitivity_analysis/data/04092_stress.csv
4093,material_r_cable,3,True,1.28317847792689,1.0908197238860258,44.68139094086911,757.1602293606927,9026.408426171463,2.3664215918211466,0.4225789704827793,21360.287796288485,0.20177731855039807,0.05144937,4968.28500002,3351.95125849,526.14129105,56.68193127,207.24338049,1.2413928759543327,1.2900301845577995,/home/chaoyu/phd_simulation/sensitivity_analysis/data/04093_verts.csv,/home/chaoyu/phd_simulation/sensitivity_analysis/data/04093_stress.csv
4094,material_r_cable,3,True,1.1227217707535058,0.9258990054786556,54.65797217615936,1673.1626984685208,5224.573107080082,3.145176378006058,0.31794719272118155,16432.20392155399,0.4743084128990801,0.15067435,4784.98993077,1434.16934169,571.21929645,2555.42024037,59.60519622,1.2704335248706977,1.204772699538222,/home/chaoyu/phd_simulation/sensitivity_analysis/data/04094_verts.csv,/home/chaoyu/phd_simulation/sensitivity_analysis/data/04094_stress.csv
4095,material_r_cable,3,True,0.8831235802409888,1.2118569449897851,31.154427576022034,399.926671021874,1822.5136219495048,4.394991156613634,0.2275317433790938,8009.931251275958,0.2950445862801402,0.06981829,2322.01359185,1981.87209591,0.0,70.80539438,108.44372903,1.3566957396532286,1.259751447262735,/home/chaoyu/phd_simulation/sensitivity_analysis/data/04095_verts.csv,/home/chaoyu/phd_simulation/sensitivity_analysis/data/04095_stress.csv
4096,material_r_cable,3,True,1.283962839597018,1.2154179162021046,67.32306373764582,950.6353087133325,19406.256135429423,4.057437947263545,0.24646094727694584,78739.68005820733,0.25595450443875256,0.01352234,30434.32771951,20736.14830396,646.89312291,2043.54176749,1038.17879373,1.2588340111103273,1.2223555546897609,/home/chaoyu/phd_simulation/sensitivity_analysis/data/04096_verts.csv,/home/chaoyu/phd_simulation/sensitivity_analysis/data/04096_stress.csv
4097,material_r_cable,3,True,1.363819331317337,0.8505954724701437,47.6114764178419,1600.7874780464792,1555.344406893637,2.3595511219473795,0.4238094231985456,3669.9146403004625,0.4985842594974843,0.22697189,1840.58013978,1099.30506661,549.5814671,621.10830818,63.95332683,1.308939381398084,1.3016548514918664,/home/chaoyu/phd_simulation/sensitivity_analysis/data/04097_verts.csv,/home/chaoyu/phd_simulation/sensitivity_analysis/data/04097_stress.csv
4098,material_r_cable,3,True,0.9473294797652282,1.3700905836560457,89.59014393234224,1992.61751117107,6238.425911004484,4.388955312319581,0.22784465296173084,27380.17254261525,0.4170461003719116,0.04742797,13391.07738028,13315.55739472,0.0,0.0,822.49330298,1.3675382126092255,1.3385705308103022,/home/chaoyu/phd_simulation/sensitivity_analysis/data/04098_verts.csv,/home/chaoyu/phd_simulation/sensitivity_analysis/data/04098_stress.csv
4099,material_r_cable,3,True,0.9649135473272578,1.333054278611833,69.16641331372202,1957.317908442976,13322.76836754216,2.309640423804,0.4329678289718321,30770.804378652596,0.2610578931615486,0.05316837,12754.30874295,12098.00816876,202.95243261,0.0,701.23806476,1.27487815478664,1.3846305828159076,/home/chaoyu/phd_simulation/sensitivity_analysis/data/04099_verts.csv,/home/chaoyu/phd_simulation/sensitivity_analysis/data/04099_stress.csv
4100,material_r_cable,3,True,0.8751580835535319,1.3193691562602647,32.08751355954556,654.0617677970451,9234.390753837195,1.3169171559647985,0.7593492084681522,12160.927608610911,0.2883224950936977,0.04603252,5268.88040859,4565.31133364,0.0,191.94927044,272.01075996,1.3530377752478842,1.255477898370628,/home/chaoyu/phd_simulation/sensitivity_analysis/data/04100_verts.csv,/home/chaoyu/phd_simulation/sensitivity_analysis/data/04100_stress.csv
4102,material_r_cable,3,True,1.0864373972305503,1.2723362811606345,64.05619279498245,273.9014008226927,5021.032639767509,2.426946025696889,0.4120404777905407,12185.775209978116,0.1831433456560314,0.02614175,3799.59771834,3679.23723738,28.37849818,0.0,192.85524377,1.284072076599222,1.3402776281168356,/home/chaoyu/phd_simulation/sensitivity_analysis/data/04102_verts.csv,/home/chaoyu/phd_simulation/sensitivity_analysis/data/04102_stress.csv
4103,material_r_cable,3,True,1.2855449787649447,1.0248925342010313,41.270572450978186,1842.5502008443711,17757.159437604325,4.518528920778641,0.22131096592111182,80236.23846969253,0.45119469137739154,0.05382895,9854.02157572,9248.03464655,0.0,108.32274221,552.69268157,1.3814330718833365,1.291089090779399,/home/chaoyu/phd_simulation/sensitivity_analysis/data/04103_verts.csv,/home/chaoyu/phd_simulation/sensitivity_analysis/data/04103_stress.csv
4104,material_r_cable,3,True,1.0786558623974585,1.3003294244247035,34.25357725531282,1832.6255732768773,1278.4512272585168,3.3585474627614214,0.29774776479644954,4293.739125573317,0.4584132952521509,0.14055804,4100.49070077,2223.85155591,2568.3296229,196.33025749,111.9293089,1.203718583544877,1.2834895008416038,/home/chaoyu/phd_simulation/sensitivity_analysis/data/04104_verts.csv,/home/chaoyu/phd_simulation/sensitivity_analysis/data/04104_stress.csv
4105,material_r_cable,3,True,0.9051372511542134,1.1403859953977062,18.411790063936525,1799.356462179264,13875.57271317212,2.2954708809387334,0.4356404641434832,31850.973119434657,0.3557331284464037,0.10159229,8108.58763336,5623.3574419,132.78717645,946.02076093,280.82989577,1.3087218169374533,1.223872493459592,/home/chaoyu/phd_simulation/sensitivity_analysis/data/04105_verts.csv,/home/chaoyu/phd_simulation/sensitivity_analysis/data/04105_stress.csv
4106,material_r_cable,3,True,0.9528360660287475,1.2974359381171277,56.74448513047473,1985.8761698703893,11479.57561328975,3.8064565278414957,0.2627115251903491,43696.505530056806,0.2937832079041516,0.04158393,18555.27315873,15387.54679394,773.70469834,0.0,872.54425537,1.2392931952115187,1.3774092715067041,/home/chaoyu/phd_simulation/sensitivity_analysis/data/04106_verts.csv,/home/chaoyu/phd_simulation/sensitivity_analysis/data/04106_stress.csv
4108,material_r_cable,3,True,1.031341478396573,1.040608467932398,55.821329900376504,1925.5671391005706,7613.958768569228,2.0162461376040324,0.4959711918845042,15351.61495900406,0.22114699642385446,0.20746682,4525.08736439,2154.48847052,92.80047141,838.68391409,82.87824935,1.3913434057307754,1.2961848268539813,/home/chaoyu/phd_simulation/sensitivity_analysis/data/04108_verts.csv,/home/chaoyu/phd_simulation/sensitivity_analysis/data/04108_stress.csv
4109,material_r_cable,3,True,0.821630827743481,0.9738835798285159,16.614665032969125,977.0133700273464,5052.24015321592,1.0090214945966072,0.991059165097158,5097.818910458919,0.32193932629719146,0.21402845,2004.31720717,774.39541694,1465.9314149,410.85804801,32.59888654,1.2307397615285096,1.257912895157899,/home/chaoyu/phd_simulation/sensitivity_analysis/data/04109_verts.csv,/home/chaoyu/phd_simulation/sensitivity_analysis/data/04109_stress.csv
4110,material_r_cable,3,True,0.915855225826343,1.0238392159714207,84.31023494527898,1419.8274031082524,5801.087896437985,1.1599934089276722,0.862073863785507,6729.223724478158,0.47274854824598,0.18507972,3035.33651571,1090.77343506,153.34629156,2270.02361661,43.34263094,1.3529306223572546,1.2173728846337946,/home/chaoyu/phd_simulation/sensitivity_analysis/data/04110_verts.csv,/home/chaoyu/phd_simulation/sensitivity_analysis/data/04110_stress.csv
4111,material_r_cable,3,True,1.380086894668379,0.9636663123815995,77.11735666707906,1465.6254476233846,11900.091287053527,1.5570776497277787,0.6422287290391897,18529.366172791324,0.10206924202103519,0.08884391,6592.96395152,5555.1145054,0.0,166.84628347,317.84384499,1.319036095539348,1.2850778374774465,/home/chaoyu/phd_simulation/sensitivity_analysis/data/04111_verts.csv,/home/chaoyu/phd_simulation/sensitivity_analysis/data/04111_stress.csv
4114,material_r_cable,3,True,0.8711664135961872,1.353456032712863,12.355418462277717,1142.9562539908952,7168.82671031663,4.561404010293696,0.21923074512656746,32699.91490553884,0.3465784748384382,0.0255955,14116.09864545,14089.32644851,0.0,0.0,902.92862851,1.3065340802050682,1.3660371640342277,/home/chaoyu/phd_simulation/sensitivity_analysis/data/04114_verts.csv,/home/chaoyu/phd_simulation/sensitivity_analysis/data/04114_stress.csv
4115,material_r_cable,3,True,1.1907609401875021,1.0038897190377523,82.73106659087526,346.5489188257907,6192.114442327432,1.915875630699373,0.5219545486023845,11863.321162556764,0.1731823252655174,0.08038299,1574.00496054,1272.32555221,88.30190387,0.0,70.4499978,1.280943052725407,1.3380946972438617,/home/chaoyu/phd_simulation/sensitivity_analysis/data/04115_verts.csv,/home/chaoyu/phd_simulation/sensitivity_analysis/data/04115_stress.csv
4117,material_r_cable,3,True,1.2659419285915314,1.2284794093986544,71.12993265818837,1486.1276685850241,8490.83083488458,3.9223310488277274,0.2549504331866305,33303.849414011645,0.3668963330477949,0.04755452,10683.07174147,10606.36633498,0.0,0.0,533.16444717,1.325256142340276,1.3731801705481772,/home/chaoyu/phd_simulation/sensitivity_analysis/data/04117_verts.csv,/home/chaoyu/phd_simulation/sensitivity_analysis/data/04117_stress.csv
4118,material_r_cable,3,True,1.0949303771998218,1.22053964781982,55.75478783224186,1029.0849391410143,5431.793208527087,4.349399623606081,0.22991679002604537,23625.039336673777,0.25951970181670914,0.06294491,6236.53546986,6162.03237873,0.0,0.0,302.22373594,1.3156948014365482,1.3141313898066431,/home/chaoyu/phd_simulation/sensitivity_analysis/data/04118_verts.csv,/home/chaoyu/phd_simulation/sensitivity_analysis/data/04118_stress.csv
4119,material_r_cable,3,True,1.052702531025935,1.3870663876782796,17.83947473466688,1101.0107081364708,19712.936790426385,3.422419028931039,0.29219098875579264,67465.92998767002,0.3707264379933093,0.00966146,37302.64116003,33654.28905336,466.61837589,1618.85854313,1963.6690367,1.2738935797260018,1.2228800510578988,/home/chaoyu/phd_simulation/sensitivity_analysis/data/04119_verts.csv,/home/chaoyu/phd_simulation/sensitivity_analysis/data/04119_stress.csv
4121,material_r_cable,3,True,1.0655210985200105,1.3200550017636883,47.40685163411945,1612.5789405986495,7273.461761659183,3.950858847843945,0.2531095234003913,28736.42075550579,0.18990066002242809,0.04999142,14381.59911064,10784.93344038,785.38803794,0.0,564.21449888,1.2341246860009947,1.3567903769432021,/home/chaoyu/phd_simulation/sensitivity_analysis/data/04121_verts.csv,/home/chaoyu/phd_simulation/sensitivity_analysis/data/04121_stress.csv
4122,material_r_cable,3,True,1.066815196026826,1.0937048357636372,15.41752010697957,740.4792691344718,4019.774843003474,1.3824552249092639,0.7233507327990562,5557.1587346689685,0.1150543599029469,0.16384457,2219.09459935,909.11553814,0.0,609.65925571,40.43914327,1.3891802507888935,1.241323354052544,/home/chaoyu/phd_simulation/sensitivity_analysis/data/04122_verts.csv,/home/chaoyu/phd_simulation/sensitivity_analysis/data/04122_stress.csv
4123,material_r_cable,3,True,1.3320468052356633,1.1373237039147426,53.35267160042739,218.28735356181036,14614.460089202514,2.180703272817871,0.45856766138926164,31869.800946990075,0.31995410595460294,0.00705334,9304.09357114,7861.10520736,0.0,415.97440638,486.08763166,1.30109700134469,1.2584337419374945,/home/chaoyu/phd_simulation/sensitivity_analysis/data/04123_verts.csv,/home/chaoyu/phd_simulation/sensitivity_analysis/data/04123_stress.csv
4124,material_r_cable,3,True,1.0929582540632352,1.200412995403087,83.27828491389542,619.1358853098338,7953.877702422465,1.4654556224620676,0.6823816324918324,11656.054799390673,0.1463461626574759,0.0521199,5368.59555487,2611.62672229,0.0,1341.19713434,140.05832551,1.3321363056640716,1.2023594785966456,/home/chaoyu/phd_simulation/sensitivity_analysis/data/04124_verts.csv,/home/chaoyu/phd_simulation/sensitivity_analysis/data/04124_stress.csv
4125,material_r_cable,3,True,1.2984886679668317,1.2714233706513451,45.13842181899948,1731.4428489566606,13857.999430012449,4.463955177150712,0.2240165862593378,61861.48830055569,0.2967287739953859,0.02491343,31527.38745823,21548.72971623,0.0,2373.88022207,1053.01415903,1.374054170072542,1.207223944010277,/home/chaoyu/phd_simulation/sensitivity_analysis/data/04125_verts.csv,/home/chaoyu/phd_simulation/sensitivity_analysis/data/04125_stress.csv
4126,material_r_cable,3,True,1.1261150064144643,1.1065060772420057,4.229047825000171,786.4208508191421,11720.473023116756,4.407474244426409,0.2268873156240396,51657.682981881626,0.18806775478934454,0.04597459,6583.17099035,6067.18698067,80.15499957,0.0,292.18099829,1.2885132614369172,1.3086269175278047,/home/chaoyu/phd_simulation/sensitivity_analysis/data/04126_verts.csv,/home/chaoyu/phd_simulation/sensitivity_analysis/data/04126_stress.csv
4127,material_r_cable,3,True,1.3344807087877302,1.0353817270041703,11.43020143607187,1153.6424194297629,8696.748665301102,4.906531192110712,0.20380997508136003,42670.86859624706,0.2786868549107765,0.0494406,7887.63554384,4328.54317087,564.56830373,1620.52403325,266.4664565,1.251884040693369,1.2042693195352767,/home/chaoyu/phd_simulation/sensitivity_analysis/data/04127_verts.csv,/home/chaoyu/phd_simulation/sensitivity_analysis/data/04127_stress.csv
4128,material_r_cable,3,True,1.3033057385788442,1.3332923990487282,8.53916670478597,1478.618017981743,7530.97119963681,1.8747336101829584,0.5334091172038081,14118.564825279002,0.12420440351258825,0.07882294,5864.81174665,5446.65274855,101.57667621,117.67484114,296.94993306,1.2923213350836917,1.2883939234847679,/home/chaoyu/phd_simulation/sensitivity_analysis/data/04128_verts.csv,/home/chaoyu/phd_simulation/sensitivity_analysis/data/04128_stress.csv
4129,material_r_cable,3,True,1.0555542159002083,1.3973689445547712,21.003056698857407,702.4615990412836,1411.1555484131281,3.0936797166380816,0.32323966654399033,4365.663297146983,0.2940632620327597,0.1025301,2426.92500515,2261.64229357,33.98419611,0.0,128.10481265,1.3001280340937065,1.3427787098069166,/home/chaoyu/phd_simulation/sensitivity_analysis/data/04129_verts.csv,/home/chaoyu/phd_simulation/sensitivity_analysis/data/04129_stress.csv
4130,material_r_cable,3,True,1.3736383765242062,1.1548012996337491,54.83724978384264,1880.4813608084607,19390.01770381975,3.8896489576963957,0.2570926093526547,75420.36215137715,0.31151040644048084,0.03255949,17860.41976034,17401.84981515,83.65696546,0.0,946.16419479,1.2883137022726672,1.3075626025584355,/home/chaoyu/phd_simulation/sensitivity_analysis/data/04130_verts.csv,/home/chaoyu/phd_simulation/sensitivity_analysis/data/04130_stress.csv
4131,material_r_cable,3,True,1.2006155230230928,1.313524341757694,61.255633790488666,1295.379712888216,13989.573051947664,1.7565257193622315,0.5693056406615471,24573.044868642857,0.1919798746684503,0.03614432,14777.40626532,8955.56236136,0.0,2027.40139648,500.59178124,1.3151129274467597,1.2035512123475467,/home/chaoyu/phd_simulation/sensitivity_analysis/data/04131_verts.csv,/home/chaoyu/phd_simulation/sensitivity_analysis/data/04131_stress.csv
4132,material_r_cable,3,True,1.3795119321519786,0.9822841296258763,61.97624188915719,404.9585187760416,17159.744798440363,4.383330224112074,0.22813704395328072,75216.82801305359,0.1508251327259679,0.01830452,7340.8039104,7326.45300349,0.0,0.0,436.14826716,1.3359426857852326,1.3282759882915771,/home/chaoyu/phd_simulation/sensitivity_analysis/data/04132_verts.csv,/home/chaoyu/phd_simulation/sensitivity_analysis/data/04132_stress.csv
4133,material_r_cable,3,True,1.0533710443811164,1.31839263696036,76.2953535724303,503.741217781806,10453.385225790433,1.0821506358013082,0.9240857667283284,11312.13746836512,0.3489967792370138,0.03332069,4379.13923811,4365.15576847,0.0,0.0,268.08146696,1.3761207113763982,1.3628037478395423,/home/chaoyu/phd_simulation/sensitivity_analysis/data/04133_verts.csv,/home/chaoyu/phd_simulation/sensitivity_analysis/data/04133_stress.csv
4135,material_r_cable,3,True,1.2899883226764222,0.9356446464454372,2.3927569303075087,386.89411469306833,1843.3376163343792,4.673463165135588,0.21397408402832416,8614.770450847558,0.31876296433984863,0.16101096,779.09489883,686.50144107,0.0,0.0,40.93243914,1.3758618031586034,1.3683337657053034,/home/chaoyu/phd_simulation/sensitivity_analysis/data/04135_verts.csv,/home/chaoyu/phd_simulation/sensitivity_analysis/data/04135_stress.csv
4136,material_r_cable,3,True,1.1363867130853054,1.1856939078200301,56.68386903251489,1516.9999642143027,7068.245569806859,3.0954015113600697,0.32305986681534443,21879.058019444266,0.43485154741195664,0.07854869,7418.12897647,5986.79357904,0.0,266.15953922,310.98291158,1.3893137661769006,1.2714786232001638,/home/chaoyu/phd_simulation/sensitivity_analysis/data/04136_verts.csv,/home/chaoyu/phd_simulation/sensitivity_analysis/data/04136_stress.csv
4137,material_r_cable,3,True,1.0908214108063055,1.1935505996347067,58.37015452283024,1596.7570152156422,8784.510598194563,4.650448373270578,0.21503302901881646,40851.91302135206,0.22301364020650544,0.05455421,13069.04378783,9149.41490427,1000.23515281,434.45145896,438.39303112,1.2233542438145455,1.2600166199919385,/home/chaoyu/phd_simulation/sensitivity_analysis/data/04137_verts.csv,/home/chaoyu/phd_simulation/sensitivity_analysis/data/04137_stress.csv
4138,material_r_cable,3,True,1.0082036093794695,0.8452362479975652,42.85009851806756,1758.6300039312357,1328.1803825194525,2.9019506015666607,0.3445958037535633,3854.3138600413627,0.1160265924966639,0.317869,1612.18060683,762.54168874,737.62334103,2020.4291341,33.96671858,1.346489175325035,1.2671498051599035,/home/chaoyu/phd_simulation/sensitivity_analysis/data/04138_verts.csv,/home/chaoyu/phd_simulation/sensitivity_analysis/data/04138_stress.csv
4139,material_r_cable,3,True,1.3382266455847067,1.2693123941392663,5.904832094064398,1157.2602530020233,15592.593405365273,1.491215452425827,0.6705939094000503,23251.91622947374,0.26702091786096127,0.03413561,9267.18692545,9230.86509599,0.0,0.0,557.39819272,1.3911654468464354,1.3765825423513696,/home/chaoyu/phd_simulation/sensitivity_analysis/data/04139_verts.csv,/home/chaoyu/phd_simulation/sensitivity_analysis/data/04139_stress.csv
4141,material_r_cable,3,True,1.3620111941678048,1.2110334030029541,74.19277053157339,933.1403007318088,15847.33700309844,1.825211845015756,0.5478816076779118,28924.747210011767,0.4633598390616013,0.01795809,16106.51348015,13038.31305157,0.0,1122.00366409,788.82092777,1.3735068770330638,1.232576492229902,/home/chaoyu/phd_simulation/sensitivity_analysis/data/04141_verts.csv,/home/chaoyu/phd_simulation/sensitivity_analysis/data/04141_stress.csv
4142,material_r_cable,3,True,0.9338045563777192,1.3316924869033528,0.3511149250417675,985.6873026787454,17925.425935434596,2.89676229434904,0.3452129993374965,51925.697959913305,0.4922861247363738,0.01288449,24696.08606181,22823.88326569,389.02449003,0.0,1443.07228127,1.2727351198345933,1.3787582776209528,/home/chaoyu/phd_simulation/sensitivity_analysis/data/04142_verts.csv,/home/chaoyu/phd_simulation/sensitivity_analysis/data/04142_stress.csv
4143,material_r_cable,3,True,0.8558266529032419,1.0612498907811014,72.57134317846047,1500.8412356159479,3962.5703847429445,4.070603508937307,0.24566381810570032,16130.052912545683,0.36392395034207814,0.17121015,5182.17154756,2213.41113993,224.74393221,1133.58201818,104.29329467,1.2898185160576787,1.2529428273226177,/home/chaoyu/phd_simulation/sensitivity_analysis/data/04143_verts.csv,/home/chaoyu/phd_simulation/sensitivity_analysis/data/04143_stress.csv
4144,material_r_cable,3,True,1.0461132108323614,1.0654676518497175,7.972165544579051,295.4068599125615,17700.835399172847,2.8504282885909547,0.3508244722389868,50454.96195349444,0.20513590057559,0.02027116,8905.70215241,3706.10756261,1306.529539,96.29059262,179.43593546,1.2216230777762505,1.28126260640742,/home/chaoyu/phd_simulation/sensitivity_analysis/data/04144_verts.csv,/home/chaoyu/phd_simulation/sensitivity_analysis/data/04144_stress.csv
4145,material_r_cable,3,True,1.3365839418626,1.2385925633961303,75.77100908914157,288.4613240825743,10660.378274540624,4.33434262829851,0.2307154938493084,46205.73198912874,0.4589099255235414,0.00487672,24633.19125136,18064.36234185,0.0,1569.39727216,914.07577549,1.3679806443874352,1.2240330861699322,/home/chaoyu/phd_simulation/sensitivity_analysis/data/04145_verts.csv,/home/chaoyu/phd_simulation/sensitivity_analysis/data/04145_stress.csv
4146,material_r_cable,3,True,1.2591963921628242,1.2943715470244335,0.07988653342564994,632.269572480074,2455.294060038558,4.87856347080343,0.20497837242144443,11978.307911384753,0.4933165710268308,0.03425923,6764.09407125,5700.29091976,0.0,477.34444993,286.78759685,1.3950448394192951,1.219733769322897,/home/chaoyu/phd_simulation/sensitivity_analysis/data/04146_verts.csv,/home/chaoyu/phd_simulation/sensitivity_analysis/data/04146_stress.csv
4147,material_r_cable,3,True,1.1042214574443239,1.2778337072003993,1.7000717261323082,1508.4072496013475,11361.014451588679,1.0646329820179785,0.9392908325125634,12095.310694344204,0.4902390087823809,0.07529348,5558.90110444,5459.41669256,0.0,0.0,332.1104208,1.3848790038355876,1.3482430848308393,/home/chaoyu/phd_simulation/sensitivity_analysis/data/04147_verts.csv,/home/chaoyu/phd_simulation/sensitivity_analysis/data/04147_stress.csv
4148,material_r_cable,3,True,0.8686666171630733,1.1145990022108336,86.63156170839805,1850.1180296186606,18053.486972300077,3.935938175854033,0.2540690314026634,71057.40858155931,0.35299632626358,0.07713491,10839.4340893,9396.03536905,438.71842544,121.03495234,460.20251864,1.2531667844200562,1.299931813940745,/home/chaoyu/phd_simulation/sensitivity_analysis/data/04148_verts.csv,/home/chaoyu/phd_simulation/sensitivity_analysis/data/04148_stress.csv
4149,material_r_cable,3,True,1.3591087882267323,0.9536127596150392,57.702526562209336,1109.0257771040601,16394.207998778067,4.731880427707825,0.21133247453685364,77575.43195718901,0.4444227686812605,0.03459901,10867.92056811,6973.28391441,506.89191409,975.14762621,477.39909227,1.261421056548289,1.2394477644644077,/home/chaoyu/phd_simulation/sensitivity_analysis/data/04149_verts.csv,/home/chaoyu/phd_simulation/sensitivity_analysis/data/04149_stress.csv
4150,material_r_cable,3,True,1.2751109619911016,0.9822469253133626,3.3344818722498015,1321.9418808822556,16873.895929969112,3.7554059741245736,0.26628279522644976,63368.32958216233,0.3703227307943443,0.06137921,6864.41693413,5359.63335868,0.0,425.41627888,346.07553516,1.3451893931477783,1.265965038961757,/home/chaoyu/phd_simulation/sensitivity_analysis/data/04150_verts.csv,/home/chaoyu/phd_simulation/sensitivity_analysis/data/04150_stress.csv
4151,material_r_cable,3,True,0.9369741714886054,0.8151296153573471,83.72086717436034,810.1467827559007,3085.9135898048435,2.446384588145089,0.4087664731236005,7549.331446446055,0.11741427916838988,0.22531269,3727.6860683,595.0898257,324.02645901,1771.60313158,20.2697179,1.3256937677186855,1.2074212799528323,/home/chaoyu/phd_simulation/sensitivity_analysis/data/04151_verts.csv,/home/chaoyu/phd_simulation/sensitivity_analysis/data/04151_stress.csv
4152,material_r_cable,3,True,1.1012381789321868,1.2191442423795202,13.43685546779818,407.90614897685475,3286.0858998481995,1.7058262314819417,0.5862261826817184,5605.491526864,0.25738262458466904,0.08672585,1510.46430394,1473.84376199,0.0,0.0,79.96238284,1.3800370290927317,1.3217157784927362,/home/chaoyu/phd_simulation/sensitivity_analysis/data/04152_verts.csv,/home/chaoyu/phd_simulation/sensitivity_analysis/data/04152_stress.csv
4153,material_r_cable,3,True,0.8521883251867928,1.1348061162172058,72.68267320722943,671.7740876854023,4425.46940442384,4.548748983619707,0.21984066467528862,20130.349455413056,0.4778869116784302,0.0555141,6900.6929192,3192.62359078,0.0,1291.58820428,170.33602573,1.329477419997542,1.2029784742803642,/home/chaoyu/phd_simulation/sensitivity_analysis/data/04153_verts.csv,/home/chaoyu/phd_simulation/sensitivity_analysis/data/04153_stress.csv
4154,material_r_cable,3,True,1.239536268515974,0.8107947697685808,65.52127757120313,265.5608442791719,15052.674593903408,1.0273316741507443,0.973395472135775,15464.089391001164,0.2730929127230808,0.05625409,7992.71562216,4518.85742479,396.42564313,595.33473287,242.03428138,1.2447169747243576,1.2166674931384445,/home/chaoyu/phd_simulation/sensitivity_analysis/data/04154_verts.csv,/home/chaoyu/phd_simulation/sensitivity_analysis/data/04154_stress.csv
4155,material_r_cable,3,True,1.2672289633777338,1.025848705479166,70.78949387135201,344.7127474470034,15669.949065104403,3.519947132558383,0.2840951759616843,55157.39227905016,0.38729336336204356,0.01479178,6712.48295023,5878.56232802,0.0,208.0978385,374.99547953,1.3338441529785183,1.275548976006079,/home/chaoyu/phd_simulation/sensitivity_analysis/data/04155_verts.csv,/home/chaoyu/phd_simulation/sensitivity_analysis/data/04155_stress.csv
4157,material_r_cable,3,True,1.1137394313648983,1.2486579197037797,75.93992005697528,1963.8273133847222,1731.8877250305652,3.173400804592393,0.31511935036786026,5495.973900075685,0.4114395025966706,0.18491015,4187.5072881,2488.89131065,306.474005,870.75004855,113.90424518,1.2957591319964556,1.2726216825775363,/home/chaoyu/phd_simulation/sensitivity_analysis/data/04157_verts.csv,/home/chaoyu/phd_simulation/sensitivity_analysis/data/04157_stress.csv
4158,material_r_cable,3,True,1.2585772485485884,1.0212258052454883,23.801157411552364,1448.3839887191598,7138.959113711915,1.7009805870240067,0.5878961862519402,12143.230863982075,0.2245292756910227,0.1236672,4391.1454692,2371.07533962,307.1540742,813.86604043,133.32099203,1.27786183627697,1.241820984431573,/home/chaoyu/phd_simulation/sensitivity_analysis/data/04158_verts.csv,/home/chaoyu/phd_simulation/sensitivity_analysis/data/04158_stress.csv
4159,material_r_cable,3,True,0.97097069213129,0.9038144393679446,87.93596693357057,1525.5761178420305,7343.748798023031,2.3423266790267765,0.42692593178996463,17201.458733680167,0.11936365828307452,0.24644803,5092.88162237,1252.86055559,394.26134303,1020.09984396,24.44461793,1.37676699231733,1.3063738037923276,/home/chaoyu/phd_simulation/sensitivity_analysis/data/04159_verts.csv,/home/chaoyu/phd_simulation/sensitivity_analysis/data/04159_stress.csv
4160,material_r_cable,3,True,1.3874981917536333,1.347792596405462,17.613913498212746,1894.30810214608,4753.871350815165,3.293320001635506,0.3036449538773599,15656.019604841584,0.17160876461790048,0.09647188,6896.53476696,6731.05247785,0.0,10.31376869,327.38462377,1.3372432218136567,1.3124214283953548,/home/chaoyu/phd_simulation/sensitivity_analysis/data/04160_verts.csv,/home/chaoyu/phd_simulation/sensitivity_analysis/data/04160_stress.csv
4161,material_r_cable,3,True,1.2869988765797513,1.21436655517935,35.372798050306706,1256.4549911592683,15608.372118367788,3.021917533596839,0.33091571456940105,47167.21337539965,0.2929149017625733,0.02724821,17483.03216404,13222.26093219,0.0,1018.39596446,706.86365047,1.309060285265138,1.2361764504271804,/home/chaoyu/phd_simulation/sensitivity_analysis/data/04161_verts.csv,/home/chaoyu/phd_simulation/sensitivity_analysis/data/04161_stress.csv
4162,material_r_cable,3,True,1.2786023323988858,1.1626032213705886,30.229178586782112,641.2504783358605,11350.153870626198,3.5884283327067616,0.2786735326118934,40729.21372993637,0.4216642886495785,0.01650742,16754.94774141,10683.88846455,1338.27083822,0.0,569.79358582,1.222580197327979,1.3476357653442268,/home/chaoyu/phd_simulation/sensitivity_analysis/data/04162_verts.csv,/home/chaoyu/phd_simulation/sensitivity_analysis/data/04162_stress.csv
4163,material_r_cable,3,True,1.3996444287068113,0.8601459511001855,28.05464386939605,1814.3152666170135,6970.380127539736,2.4829774504518656,0.4027422801677134,17307.296677758965,0.36033658565822413,0.12229653,6337.20745978,3699.30794097,969.36646082,0.0,238.72228314,1.2296447254877783,1.3417679583758335,/home/chaoyu/phd_simulation/sensitivity_analysis/data/04163_verts.csv,/home/chaoyu/phd_simulation/sensitivity_analysis/data/04163_stress.csv
4164,material_r_cable,3,True,0.9514357504575925,1.0859424395327288,41.41759532519549,232.6629564355729,9209.96522006265,2.801878221160746,0.3569034487108172,25805.200967741475,0.43632712961323383,0.03116466,5217.81103891,2472.54071218,438.18705696,0.0,116.53059736,1.2337446889322943,1.3234153514354672,/home/chaoyu/phd_simulation/sensitivity_analysis/data/04164_verts.csv,/home/chaoyu/phd_simulation/sensitivity_analysis/data/04164_stress.csv
4165,material_r_cable,3,True,1.2413962909859566,0.9961752084791946,44.82052515298171,241.57700683722655,19131.392665823438,1.2133287391996057,0.8241789448255121,23212.668542356136,0.24838495450891795,0.01202693,8460.62706397,5063.24943587,1265.105778,161.51052264,283.58004301,1.210937383470519,1.2742067719986379,/home/chaoyu/phd_simulation/sensitivity_analysis/data/04165_verts.csv,/home/chaoyu/phd_simulation/sensitivity_analysis/data/04165_stress.csv
4166,material_r_cable,3,True,1.148014212849351,1.0458786816024352,77.04665013740195,403.7635035543868,19669.810424972275,3.86246498331314,0.25890202353167263,75973.95399486316,0.18632861924293284,0.02407963,5771.97883786,4461.77604507,0.0,238.52806885,261.51514838,1.3309789573941868,1.277231531397581,/home/chaoyu/phd_simulation/sensitivity_analysis/data/04166_verts.csv,/home/chaoyu/phd_simulation/sensitivity_analysis/data/04166_stress.csv
4168,material_r_cable,3,True,0.8059697770684846,0.9508083304418442,10.491071044182215,776.2839514198397,8188.184911796862,1.6436516323278054,0.6084014278522998,13458.52349607682,0.1326231968203599,0.25443305,2684.45030699,1227.64219557,322.68246528,227.33217359,53.94346891,1.385411193539707,1.3424359825091792,/home/chaoyu/phd_simulation/sensitivity_analysis/data/04168_verts.csv,/home/chaoyu/phd_simulation/sensitivity_analysis/data/04168_stress.csv
4169,material_r_cable,3,True,1.0300118341009654,1.1773891600754607,89.8381698940308,1718.2745683195778,13585.711867791895,3.13359438135036,0.31912234906710224,42572.11037555759,0.46772659177582543,0.05742995,10225.96885003,10101.11045982,0.0,0.0,536.17669956,1.3118250172931687,1.3264298625662279,/home/chaoyu/phd_simulation/sensitivity_analysis/data/04169_verts.csv,/home/chaoyu/phd_simulation/sensitivity_analysis/data/04169_stress.csv
4170,material_r_cable,3,True,1.2064108144880545,1.0825414256339108,28.7579301365058,1661.4023622368306,14460.51791712979,4.144098486203398,0.2413070064162849,59925.81041009467,0.19544570999741118,0.06568675,11445.248188,6465.00761386,0.0,1192.6913395,341.19908248,1.3700058466967646,1.2278972256152725,/home/chaoyu/phd_simulation/sensitivity_analysis/data/04170_verts.csv,/home/chaoyu/phd_simulation/sensitivity_analysis/data/04170_stress.csv
4172,material_r_cable,3,True,1.3820170063306332,0.8299934061652365,73.7642278843838,269.77143443599755,18905.377451528486,1.6573675315164733,0.6033664718199293,31333.15875922696,0.44544497960174445,0.01003396,8597.54642157,8594.63305204,0.0,0.0,563.38163208,1.3490188587436762,1.3880911717757554,/home/chaoyu/phd_simulation/sensitivity_analysis/data/04172_verts.csv,/home/chaoyu/phd_simulation/sensitivity_analysis/data/04172_stress.csv
4173,material_r_cable,3,True,1.3243046502001654,1.0831836531332006,49.226808535768825,1572.707019598411,6104.582062812491,1.5729390158936463,0.6357525561357267,9602.135302322285,0.47004761854583454,0.11846958,3684.49667486,3522.89514329,0.0,0.0,211.6856708,1.392170574616559,1.3894973045893433,/home/chaoyu/phd_simulation/sensitivity_analysis/data/04173_verts.csv,/home/chaoyu/phd_simulation/sensitivity_analysis/data/04173_stress.csv
4174,material_r_cable,3,True,0.8966524702836516,1.0233767444806523,47.98573897952234,772.6035576674666,5140.9880247103265,2.399207999672016,0.4168042121136246,12334.299595103052,0.3979983927016576,0.16774563,3173.21190364,1166.53305963,136.50313594,597.69752958,48.17666243,1.3274834944166771,1.253280765914954,/home/chaoyu/phd_simulation/sensitivity_analysis/data/04174_verts.csv,/home/chaoyu/phd_simulation/sensitivity_analysis/data/04174_stress.csv
4175,material_r_cable,3,True,1.3836498161042354,1.3811528502785992,79.21643467602699,1186.1495252275104,15017.244171453314,2.1742267626306497,0.4599336266057528,32650.894178532933,0.17951626688453157,0.02062916,21272.9580708,15050.85649592,145.68082236,2235.44921517,834.2992834,1.281401851836086,1.2098336019242328,/home/chaoyu/phd_simulation/sensitivity_analysis/data/04175_verts.csv,/home/chaoyu/phd_simulation/sensitivity_analysis/data/04175_stress.csv
4176,material_r_cable,3,True,0.9317410245418952,1.2828730439666818,76.81378617148096,1685.5947088328562,4572.222380944855,1.1995204651032196,0.8336664768065872,5484.474316946323,0.46133053627915854,0.16519944,3624.48119058,2377.69695526,180.89188747,488.63261249,139.79953562,1.3028115492168424,1.2793536392223759,/home/chaoyu/phd_simulation/sensitivity_analysis/data/04176_verts.csv,/home/chaoyu/phd_simulation/sensitivity_analysis/data/04176_stress.csv
4177,material_r_cable,3,True,0.8822544369775279,1.3221023543793662,26.163126027264475,472.45183033932534,4236.962024908096,1.9752275939980848,0.5062707725624096,8368.964306320473,0.48193634072838964,0.03988639,3676.25476827,3384.06938472,0.0,78.50551189,220.56149409,1.3054630209106222,1.2669333978210924,/home/chaoyu/phd_simulation/sensitivity_analysis/data/04177_verts.csv,/home/chaoyu/phd_simulation/sensitivity_analysis/data/04177_stress.csv
4178,material_r_cable,3,True,0.8594114211351006,1.3752747916120054,33.3995630811272,1687.7223889966933,3036.7493401298493,3.1241226870814782,0.3200898620707464,9487.17750847937,0.22827192428619492,0.08312602,6357.271845,4500.05236058,456.73989297,1362.45616558,288.90058412,1.2443073165486815,1.2030503157608623,/home/chaoyu/phd_simulation/sensitivity_analysis/data/04178_verts.csv,/home/chaoyu/phd_simulation/sensitivity_analysis/data/04178_stress.csv
4179,material_r_cable,3,True,1.152667510423191,1.0804416109398525,3.827671212882606,614.593353446924,1348.4203615385945,2.4340473211170988,0.4108383560682185,3282.118968742766,0.2320358072388428,0.21403255,1170.82136687,680.49494184,172.90723002,70.25895949,26.98959512,1.3252436784118928,1.3545435279310736,/home/chaoyu/phd_simulation/sensitivity_analysis/data/04179_verts.csv,/home/chaoyu/phd_simulation/sensitivity_analysis/data/04179_stress.csv
4180,material_r_cable,3,True,0.9502000320285616,1.0900613167746287,60.845622243099825,1246.7699101302258,2553.8919083369847,3.6138715776828505,0.2767115484057079,9229.437380013245,0.21487843280116073,0.21197659,2717.07737129,1792.43955252,307.80555385,194.87646026,79.08801303,1.3108393012115291,1.352700875770843,/home/chaoyu/phd_simulation/sensitivity_analysis/data/04180_verts.csv,/home/chaoyu/phd_simulation/sensitivity_analysis/data/04180_stress.csv
4181,material_r_cable,3,True,1.1030999621781814,1.1648404779202441,18.65157143827942,1864.9516793183407,2413.0652785166294,4.573414784395019,0.21865499788300574,11035.948420478237,0.27587884099152415,0.19958811,4889.5737539,3110.77677472,465.47412029,0.0,132.53048652,1.312011504934915,1.3960451620025633,/home/chaoyu/phd_simulation/sensitivity_analysis/data/04181_verts.csv,/home/chaoyu/phd_simulation/sensitivity_analysis/data/04181_stress.csv
4183,material_r_cable,3,True,0.9422814907522088,1.3022684099563921,12.007661383147177,1013.4843051094027,16800.69781016047,4.433820190478881,0.22553914165201938,74491.27316482381,0.11752789260538257,0.01492883,25849.99611789,25831.52848885,0.0,0.0,1412.51344482,1.3196916378334906,1.3892240705194236,/home/chaoyu/phd_simulation/sensitivity_analysis/data/04183_verts.csv,/home/chaoyu/phd_simulation/sensitivity_analysis/data/04183_stress.csv
4186,material_r_cable,3,True,1.2280124581848721,1.0582953856853203,75.47877597419948,705.4942377228526,3736.7582169594825,2.9780365229076198,0.3357917179013122,11128.202447380494,0.4658557770341576,0.07112869,3319.6320915,1906.21514712,674.34801003,290.21091254,108.55136129,1.2153238567908158,1.2458337619735829,/home/chaoyu/phd_simulation/sensitivity_analysis/data/04186_verts.csv,/home/chaoyu/phd_simulation/sensitivity_analysis/data/04186_stress.csv
4187,material_r_cable,3,True,1.1110882918813205,1.0314819920080682,7.401561381370118,1808.027847516515,10978.264511742353,3.111941072438664,0.32134284574236904,34163.71223818682,0.23351440374944127,0.13953246,4961.45459084,2921.0287464,385.45312503,541.35241016,143.5168867,1.3021351282060563,1.2750453333038279,/home/chaoyu/phd_simulation/sensitivity_analysis/data/04187_verts.csv,/home/chaoyu/phd_simulation/sensitivity_analysis/data/04187_stress.csv
4189,material_r_cable,3,True,0.8219879669249945,1.215955183550059,68.62407110716187,1318.76839565318,8345.496762149984,4.537413177368416,0.22038989197364092,37866.966980264784,0.4160685544105732,0.04522484,11803.00004235,9468.19283505,0.0,446.84614697,565.08687546,1.3855741073163121,1.2571411789292732,/home/chaoyu/phd_simulation/sensitivity_analysis/data/04189_verts.csv,/home/chaoyu/phd_simulation/sensitivity_analysis/data/04189_stress.csv
4191,material_r_cable,3,True,1.0358109985307045,1.129385344472191,0.7987187602299137,1855.293078302669,16581.159503557454,2.7654912912522507,0.36159940302946564,45855.052205952634,0.2888832126285156,0.06557881,11818.27710991,7154.61514815,1152.51011707,1331.80913768,353.6945295,1.2398357334053793,1.21485562549171,/home/chaoyu/phd_simulation/sensitivity_analysis/data/04191_verts.csv,/home/chaoyu/phd_simulation/sensitivity_analysis/data/04191_stress.csv
4192,material_r_cable,3,True,1.1807765353591213,1.327276522811216,11.190649497559516,1553.990561895954,4850.399894737566,3.003178846751718,0.33298050200427276,14566.618362162619,0.13529415531200167,0.09251738,7227.04855085,5635.63404734,410.7522279,0.0,281.12094736,1.2635262066516597,1.3749874960110609,/home/chaoyu/phd_simulation/sensitivity_analysis/data/04192_verts.csv,/home/chaoyu/phd_simulation/sensitivity_analysis/data/04192_stress.csv
4193,material_r_cable,3,True,1.117006322218406,1.2097081728043038,77.91965686491676,995.7054727754668,3149.158251493515,2.6901313350726372,0.3717290628016861,8471.649291445261,0.3437721746415523,0.10713133,3997.14289173,2460.01795788,84.87556697,483.65708045,125.22720246,1.2893564289072805,1.2427632562629054,/home/chaoyu/phd_simulation/sensitivity_analysis/data/04193_verts.csv,/home/chaoyu/phd_simulation/sensitivity_analysis/data/04193_stress.csv
4194,material_r_cable,3,True,1.1234259869547647,1.1408085720158794,25.803195476847698,1983.237808586806,18774.63102132748,4.594798495804531,0.21763740040245314,86265.6463760806,0.29483455529000924,0.04216194,21309.40365254,14697.11031655,0.0,1723.77554908,707.5734963,1.3934132886998922,1.2150962699993089,/home/chaoyu/phd_simulation/sensitivity_analysis/data/04194_verts.csv,/home/chaoyu/phd_simulation/sensitivity_analysis/data/04194_stress.csv
4195,material_r_cable,3,True,1.3655850199517614,1.0414487233660565,82.21852236601744,1871.1524374329538,11410.93722562427,2.0356957076208406,0.49123255320350434,23229.19593013419,0.1458861093946029,0.08227225,8016.39815381,4853.48847994,1078.26909332,664.9638812,296.23196283,1.233399968038444,1.2467820862580838,/home/chaoyu/phd_simulation/sensitivity_analysis/data/04195_verts.csv,/home/chaoyu/phd_simulation/sensitivity_analysis/data/04195_stress.csv
4196,material_r_cable,3,True,1.3844882088920487,1.1443094631171955,41.53021640445378,965.3098691594305,15341.051709413956,2.6166338416581674,0.3821703992662181,40141.915069480434,0.22521701414615466,0.02476823,13562.25108633,8996.99468319,1512.67901576,0.0,554.31368669,1.2202062524518842,1.397684527928148,/home/chaoyu/phd_simulation/sensitivity_analysis/data/04196_verts.csv,/home/chaoyu/phd_simulation/sensitivity_analysis/data/04196_stress.csv
4197,material_r_cable,3,True,1.0958631373949412,1.2321005209096016,70.97974397106698,1784.825707939617,18686.252469429448,1.9851281351143564,0.5037458198850189,37094.60551691452,0.4311972796449296,0.03792671,16177.57414221,11747.83533243,1875.08538361,367.20010585,668.56224889,1.2071546955329973,1.2706763340640745,/home/chaoyu/phd_simulation/sensitivity_analysis/data/04197_verts.csv,/home/chaoyu/phd_simulation/sensitivity_analysis/data/04197_stress.csv
4198,material_r_cable,3,True,0.9676626382167097,1.0024278637919113,24.938362605117995,1126.261450269853,2862.7290406090647,2.585273490697543,0.38680627159882647,7400.937499736625,0.41657146019744085,0.20350322,2742.5588066,984.27134312,1119.15285871,123.88251154,34.59228525,1.2534084112491148,1.3556528880095877,/home/chaoyu/phd_simulation/sensitivity_analysis/data/04198_verts.csv,/home/chaoyu/phd_simulation/sensitivity_analysis/data/04198_stress.csv
4200,material_r_cable,3,True,1.099006834666964,0.8763408305975907,86.31392064542646,1167.1927801317775,8001.642101382978,1.0891264010393304,0.9181670732118155,8714.799664284028,0.34756980053673314,0.19230768,3710.12525972,1586.10959618,182.94322415,684.23918189,75.05418131,1.3624368216668097,1.2522169964027468,/home/chaoyu/phd_simulation/sensitivity_analysis/data/04200_verts.csv,/home/chaoyu/phd_simulation/sensitivity_analysis/data/04200_stress.csv
4201,material_r_cable,3,True,1.3491962543546538,0.974551629646565,32.71351470367304,1659.6232200553363,9051.49152375268,2.938962585024013,0.34025611795661204,26601.994926971118,0.3250762217179948,0.0816588,7476.33929769,3873.32345773,0.0,2156.41760731,248.74781835,1.3207590916044634,1.2008691378210479,/home/chaoyu/phd_simulation/sensitivity_analysis/data/04201_verts.csv,/home/chaoyu/phd_simulation/sensitivity_analysis/data/04201_stress.csv
4202,material_r_cable,3,True,1.0317869135186337,1.0975667333694765,14.626553139994028,222.84154921384308,16373.68371222877,1.3082136838203717,0.7644011160926735,21420.27708688442,0.43760247650952366,0.0204618,4138.87815292,2716.38367009,41.09230963,402.90534212,155.81391157,1.2859861048534664,1.2401521021624708,/home/chaoyu/phd_simulation/sensitivity_analysis/data/04202_verts.csv,/home/chaoyu/phd_simulation/sensitivity_analysis/data/04202_stress.csv
4203,material_r_cable,3,True,1.2458899020192316,1.1262591290919184,1.9240844083421913,824.1105957568356,4140.853324067864,3.4874505567076515,0.28674241648433746,14441.021230265203,0.15036018975461587,0.09735919,3183.31624001,2294.3721787,0.0,282.54840662,117.44328738,1.3430567523022772,1.254526505489381,/home/chaoyu/phd_simulation/sensitivity_analysis/data/04203_verts.csv,/home/chaoyu/phd_simulation/sensitivity_analysis/data/04203_stress.csv
4204,material_r_cable,3,True,1.1129617089079333,1.2795678082898623,8.152233146329186,971.5423238666582,13699.959898687712,2.9509563075419956,0.33887319762892454,40427.9830761049,0.13953833322550202,0.02704453,15259.98508057,12487.33484325,672.08224424,0.0,634.80017479,1.2538661338534958,1.3690275550757915,/home/chaoyu/phd_simulation/sensitivity_analysis/data/04204_verts.csv,/home/chaoyu/phd_simulation/sensitivity_analysis/data/04204_stress.csv
4205,material_r_cable,3,True,1.134367543397665,1.36154405899634,48.44758306042602,294.37758515879545,9685.504182451048,1.9314683073288157,0.5177408276416304,18707.244368904892,0.19787217693930587,0.00978813,11965.14355926,7826.40813622,345.95817969,1291.46953275,437.57632298,1.254303948586937,1.208661346499043,/home/chaoyu/phd_simulation/sensitivity_analysis/data/04205_verts.csv,/home/chaoyu/phd_simulation/sensitivity_analysis/data/04205_stress.csv
4206,material_r_cable,3,True,1.0619062620575166,1.1464435802646047,65.14539009882222,834.6583612577214,14336.924015268403,1.4770226537534377,0.6770376862255845,21175.961555693128,0.2978818206440885,0.05800287,5750.71517917,3706.9512512,610.19541477,0.0,205.2150296,1.2358282614041676,1.392303164219167,/home/chaoyu/phd_simulation/sensitivity_analysis/data/04206_verts.csv,/home/chaoyu/phd_simulation/sensitivity_analysis/data/04206_stress.csv
4207,material_r_cable,3,True,1.2379573319537913,1.229451407616289,72.81623009121411,1999.361333692921,12899.711356221493,3.609294079105694,0.2770624886980056,46558.85182018272,0.15866343019727946,0.05888044,12159.14650547,12023.33898348,0.0,0.0,587.08730147,1.3008302479773028,1.3143951840100778,/home/chaoyu/phd_simulation/sensitivity_analysis/data/04207_verts.csv,/home/chaoyu/phd_simulation/sensitivity_analysis/data/04207_stress.csv
4208,material_r_cable,3,True,1.197508932489713,1.2405993267256232,81.75557303792436,1252.241257180003,13441.019789764838,4.7186938574135056,0.21192305121234073,63424.057519336704,0.13371382922817768,0.02811089,19816.78822017,16734.8517568,0.0,497.5048162,785.66999915,1.3328183929562132,1.2677591430762463,/home/chaoyu/phd_simulation/sensitivity_analysis/data/04208_verts.csv,/home/chaoyu/phd_simulation/sensitivity_analysis/data/04208_stress.csv
4209,material_r_cable,3,True,0.9864637417430712,1.1592952282869575,89.75767931209931,1579.4010032034357,15821.52476181611,1.482295566099672,0.6746292864055956,23452.17600337619,0.43710715341753104,0.09191808,6291.64755591,4834.34863762,240.12976676,300.21803564,263.54053723,1.2783207847815077,1.2807808464148223,/home/chaoyu/phd_simulation/sensitivity_analysis/data/04209_verts.csv,/home/chaoyu/phd_simulation/sensitivity_analysis/data/04209_stress.csv
4210,material_r_cable,3,True,0.8119163211793181,1.1418488629731731,39.5710195254563,1367.975931762239,1926.7234431735174,4.809699820184635,0.2079131832309676,9266.961398177187,0.24639666732657195,0.19403905,3483.88853992,2237.95358986,278.7289733,164.2072713,121.95584999,1.3116419712409753,1.3191451353727186,/home/chaoyu/phd_simulation/sensitivity_analysis/data/04210_verts.csv,/home/chaoyu/phd_simulation/sensitivity_analysis/data/04210_stress.csv
4211,material_r_cable,3,True,0.9611335475915413,1.2728947656234675,5.729815732823918,1027.4218430313185,18567.210661068024,3.4583371883960625,0.28915630417859534,64211.67511395539,0.34057470708774307,0.01506827,25636.61483408,20677.68082977,1155.5598652,883.5018191,1165.87214868,1.2454710008149517,1.2332964805580415,/home/chaoyu/phd_simulation/sensitivity_analysis/data/04211_verts.csv,/home/chaoyu/phd_simulation/sensitivity_analysis/data/04211_stress.csv
4212,material_r_cable,3,True,1.3681397282854495,1.0477707349516296,79.0209807789242,1290.1561357302483,5879.007874021559,2.7789180939637936,0.35985227566517436,16337.281355674124,0.4768459649329,0.07821877,5181.39125756,3921.51660749,445.76956046,0.0,244.13893336,1.249020074532255,1.3562917338355045,/home/chaoyu/phd_simulation/sensitivity_analysis/data/04212_verts.csv,/home/chaoyu/phd_simulation/sensitivity_analysis/data/04212_stress.csv
4213,material_r_cable,3,True,1.0409390012040998,1.1093709310395894,89.24693155707523,1339.964899116192,16966.51574621818,1.9907811723910993,0.5023153794441978,33776.620108648276,0.1643988903039373,0.08223555,7768.76168744,4291.70712193,993.91704729,195.01613878,209.6440795,1.2277492799685399,1.2921852984295101,/home/chaoyu/phd_simulation/sensitivity_analysis/data/04213_verts.csv,/home/chaoyu/phd_simulation/sensitivity_analysis/data/04213_stress.csv
4215,material_r_cable,3,True,1.2305496653502708,1.2594327017261846,51.05620528596977,899.2544812218547,2518.850679845188,1.0702840482626175,0.934331406343289,2695.885702593754,0.3972472623514569,0.10035859,2186.88798836,1384.06487172,1124.90487692,271.4088906,77.20652561,1.2077868049418097,1.2436736043665328,/home/chaoyu/phd_simulation/sensitivity_analysis/data/04215_verts.csv,/home/chaoyu/phd_simulation/sensitivity_analysis/data/04215_stress.csv
4217,material_r_cable,3,True,0.8004039228444162,1.3738956072937274,43.57882215781769,474.5124226743929,3128.3289363147815,3.5791817057028634,0.27939347097317163,11196.857698278764,0.40699528740208935,0.02523715,5840.59086527,5184.83790411,138.50575374,5.4176225,368.76622964,1.2630176786744556,1.2917215238930047,/home/chaoyu/phd_simulation/sensitivity_analysis/data/04217_verts.csv,/home/chaoyu/phd_simulation/sensitivity_analysis/data/04217_stress.csv
4218,material_r_cable,3,True,1.270581106275565,0.9677547825550005,45.25204875753006,1494.571654167554,16494.726034110154,3.6431613113064114,0.27448688502936675,60092.94772806875,0.17236452508160932,0.08988634,8390.31372579,5237.0794338,558.4916877,0.0,281.42291654,1.2694646827788942,1.3599604978066533,/home/chaoyu/phd_simulation/sensitivity_analysis/data/04218_verts.csv,/home/chaoyu/phd_simulation/sensitivity_analysis/data/04218_stress.csv
4220,material_r_cable,3,True,0.8027343572419552,1.3923519231878232,1.8334406454322933,1682.1841665076977,9509.70657019004,1.0302319902076438,0.9706551626284188,9797.20392609759,0.3769662541102804,0.10102432,5025.81252826,4862.90600817,0.0,35.79144969,336.34779978,1.3284019421207445,1.3060585526394177,/home/chaoyu/phd_simulation/sensitivity_analysis/data/04220_verts.csv,/home/chaoyu/phd_simulation/sensitivity_analysis/data/04220_stress.csv
4221,material_r_cable,3,True,0.8901917641262935,1.1157087278010438,6.473769924335581,578.0194756370213,18014.389497104312,1.3362462397425794,0.7483650619609187,24071.660226763852,0.20615684575548518,0.00436268,5893.31014464,3549.28089196,0.0,284.05728725,144.75305355,1.3199276490272775,1.242021349374571,/home/chaoyu/phd_simulation/sensitivity_analysis/data/04221_verts.csv,/home/chaoyu/phd_simulation/sensitivity_analysis/data/04221_stress.csv
4222,material_r_cable,3,True,1.0197222594178832,1.205619906429616,80.9016148216401,1395.8730445803674,12145.321088182201,4.25944388013983,0.23477243230333902,51732.3135813909,0.20955257412813647,0.04005794,14125.90479353,11933.27931398,732.37833715,201.49612418,591.06521567,1.231158606004849,1.2812054793097698,/home/chaoyu/phd_simulation/sensitivity_analysis/data/04222_verts.csv,/home/chaoyu/phd_simulation/sensitivity_analysis/data/04222_stress.csv
4223,material_r_cable,3,True,1.0775081056464537,1.384818487260505,50.68762786948193,711.9606326488816,11671.089396017587,4.8684577528173065,0.20540385698557503,56820.205653865676,0.27982337134888774,0.00937369,26930.59812747,26924.92729314,0.0,0.0,1478.75272473,1.328904986829433,1.394377912857766,/home/chaoyu/phd_simulation/sensitivity_analysis/data/04223_verts.csv,/home/chaoyu/phd_simulation/sensitivity_analysis/data/04223_stress.csv
4224,material_r_cable,3,True,1.247969123411837,1.0503630078371198,60.15867627355429,1462.224797482521,9273.642723621831,2.1465674029104607,0.46586005109559225,19906.499176764406,0.26782643644152626,0.10386399,4727.55317722,3144.98398344,76.080747,607.94650974,185.81066452,1.307128599548971,1.2507497284016194,/home/chaoyu/phd_simulation/sensitivity_analysis/data/04224_verts.csv,/home/chaoyu/phd_simulation/sensitivity_analysis/data/04224_stress.csv
4225,material_r_cable,3,True,0.8396916353221764,1.3993123677421293,44.109574585308245,391.441215870358,8012.2945272130055,4.044707583482143,0.247236661578162,32407.388435310917,0.2905116555330185,0.00697394,19738.46018129,15691.21075491,978.47643584,0.0,1064.00584796,1.2289241718781492,1.2954754229490073,/home/chaoyu/phd_simulation/sensitivity_analysis/data/04225_verts.csv,/home/chaoyu/phd_simulation/sensitivity_analysis/data/04225_stress.csv
4226,material_r_cable,3,True,0.9380744693512194,1.2606538619705325,25.896295793004622,1829.3975595639229,2044.828169833042,2.080014383267094,0.4807659062574811,4253.272004562456,0.2241753682121649,0.22568299,3051.0324775,1920.37603323,399.43312437,679.3875001,101.68790456,1.3472527507713372,1.2860207752270907,/home/chaoyu/phd_simulation/sensitivity_analysis/data/04226_verts.csv,/home/chaoyu/phd_simulation/sensitivity_analysis/data/04226_stress.csv
4227,material_r_cable,3,True,1.2419030384102459,1.1676554210112111,68.10487143256309,1975.6168144473227,6941.97046422423,1.1226596138034197,0.890741937898821,7793.469880400721,0.2429307167724729,0.1354574,4541.48214566,2769.84628516,547.00148588,943.47838237,146.01438955,1.2665454193097438,1.2424433085479127,/home/chaoyu/phd_simulation/sensitivity_analysis/data/04227_verts.csv,/home/chaoyu/phd_simulation/sensitivity_analysis/data/04227_stress.csv
4228,material_r_cable,3,True,0.8855940661778451,1.3087768190936626,72.93091625730084,1917.8832685848165,16447.171697947233,4.917924658297766,0.20333780394800285,80885.95125259183,0.36073968528236877,0.02101992,30112.45890472,30072.44606633,0.0,0.0,1837.45355102,1.3314573012557118,1.3176554597884822,/home/chaoyu/phd_simulation/sensitivity_analysis/data/04228_verts.csv,/home/chaoyu/phd_simulation/sensitivity_analysis/data/04228_stress.csv
4229,material_r_cable,3,True,1.1006676529863046,0.9388843703678842,34.1701486152868,758.9227918214175,7498.266790785165,3.029595145791364,0.33007710663557616,22716.712671211324,0.42051830638738064,0.13460124,3850.30779493,1248.33905873,0.0,946.39457517,56.46840541,1.3652032373011618,1.2281367370656298,/home/chaoyu/phd_simulation/sensitivity_analysis/data/04229_verts.csv,/home/chaoyu/phd_simulation/sensitivity_analysis/data/04229_stress.csv
4230,material_r_cable,3,True,1.2535733249540824,1.3056686452777801,22.45744826930681,688.7021003148702,1073.7402847070925,3.0414228869632467,0.3287934750167099,3265.698276562584,0.174862503120365,0.13588922,1815.97784701,1324.77026984,52.88443428,360.21142483,61.22948831,1.3165115840778692,1.2370035272898223,/home/chaoyu/phd_simulation/sensitivity_analysis/data/04230_verts.csv,/home/chaoyu/phd_simulation/sensitivity_analysis/data/04230_stress.csv
4231,material_r_cable,3,True,1.3469174718389123,0.865439345291145,12.582529699474886,274.7906952987284,14318.918120959735,3.9142434638948504,0.2554772101490474,56047.73166501218,0.4520941773275676,0.04178247,6918.37523432,6219.9971646,0.0,182.20564208,350.58348025,1.3725429586809774,1.2792052961802116,/home/chaoyu/phd_simulation/sensitivity_analysis/data/04231_verts.csv,/home/chaoyu/phd_simulation/sensitivity_analysis/data/04231_stress.csv
4232,material_r_cable,3,True,1.2944428682023639,0.8867821578409464,85.6953519574954,1565.4900234511222,9084.296033136223,3.3980234367922377,0.29428872949269835,30868.65082735564,0.46725097169427,0.1159346,8713.165835,3485.2714221,21.03149433,1092.60088107,201.7962635,1.3347816333983789,1.2253431536500978,/home/chaoyu/phd_simulation/sensitivity_analysis/data/04232_verts.csv,/home/chaoyu/phd_simulation/sensitivity_analysis/data/04232_stress.csv
4233,material_r_cable,3,True,1.0009160328348536,1.223580846134401,62.5997333080123,319.2508275996426,18930.10879025019,1.9543273861899955,0.5116849955981644,36995.63003234191,0.30443136191639864,0.01088229,13072.96418149,9280.35913342,0.0,750.13839083,504.22821177,1.3484921298704937,1.2411859570448338,/home/chaoyu/phd_simulation/sensitivity_analysis/data/04233_verts.csv,/home/chaoyu/phd_simulation/sensitivity_analysis/data/04233_stress.csv
4234,material_r_cable,3,True,1.3788532903386903,1.3114970047021282,69.7957337160219,544.3714533186567,13525.9953489647,4.63885980363083,0.21557021387395695,62745.19612840991,0.29240798998717576,0.00768255,25429.98794554,25425.89555245,0.0,0.0,1228.89936647,1.3326660185817938,1.2987659964563905,/home/chaoyu/phd_simulation/sensitivity_analysis/data/04234_verts.csv,/home/chaoyu/phd_simulation/sensitivity_analysis/data/04234_stress.csv
4235,material_r_cable,3,True,1.2407397808409937,0.8457509125665985,78.67136186340824,1240.8814248692804,3215.515400923512,1.5838700585515086,0.6313649245409226,5092.958566334001,0.18241539720828456,0.23302318,2261.98671031,1412.60417076,547.17684383,145.38566643,80.2325764,1.323043697211711,1.3553856478908557,/home/chaoyu/phd_simulation/sensitivity_analysis/data/04235_verts.csv,/home/chaoyu/phd_simulation/sensitivity_analysis/data/04235_stress.csv
4236,material_r_cable,3,True,0.9134460350869074,1.3465111515795063,2.7662742826508295,1277.5043576173623,6859.89275964733,2.503955226222005,0.3993681634271116,17176.864326841427,0.49371844788650066,0.04472494,8444.20213144,7933.62769283,0.0,258.59206313,515.40418822,1.3657937990552833,1.2510022407572046,/home/chaoyu/phd_simulation/sensitivity_analysis/data/04236_verts.csv,/home/chaoyu/phd_simulation/sensitivity_analysis/data/04236_stress.csv
4237,material_r_cable,3,True,1.2677408170286042,1.1621973359276625,60.64424395156214,494.6015854329777,9979.364885404153,2.578127882246349,0.38787835424544176,25728.07885817059,0.2566195505181025,0.02416574,7427.39585603,5480.58117405,0.0,432.45251931,312.44409407,1.371217767435088,1.2501472642719835,/home/chaoyu/phd_simulation/sensitivity_analysis/data/04237_verts.csv,/home/chaoyu/phd_simulation/sensitivity_analysis/data/04237_stress.csv
4238,material_r_cable,3,True,1.109903331021981,0.9920033963967886,57.948303889291736,1919.7186911550004,5405.994101037984,4.107414049142175,0.2434621852181783,22204.65612018314,0.22890719095042486,0.20955971,4156.06754027,2071.65815871,548.26318725,343.58039845,76.56230841,1.3188612260459536,1.3470611348766441,/home/chaoyu/phd_simulation/sensitivity_analysis/data/04238_verts.csv,/home/chaoyu/phd_simulation/sensitivity_analysis/data/04238_stress.csv
4239,material_r_cable,3,True,1.2056598440106154,1.0644229289944778,13.684660861020848,1034.2407462590645,11015.144714748003,4.493733704720144,0.22253210041120514,49499.12706703306,0.4538146931618524,0.04305452,9258.57353753,6516.82450053,0.0,759.89473824,348.30880415,1.314898872177709,1.232003042336718,/home/chaoyu/phd_simulation/sensitivity_analysis/data/04239_verts.csv,/home/chaoyu/phd_simulation/sensitivity_analysis/data/04239_stress.csv
4241,material_r_cable,3,True,1.375071397949998,1.0384858661016154,44.574185819599435,252.8783311233092,17110.75715786565,3.037057588264833,0.3292660645830333,51966.35486725268,0.4324144405208289,0.00557463,15463.96083361,9953.91665072,1866.87619221,0.0,651.48685235,1.2124731536120992,1.3131914941288347,/home/chaoyu/phd_simulation/sensitivity_analysis/data/04241_verts.csv,/home/chaoyu/phd_simulation/sensitivity_analysis/data/04241_stress.csv
4242,material_r_cable,3,True,1.1697326347882506,1.3401970744912042,88.28634761245748,1244.4683156710323,12319.55038647166,4.148020051393041,0.2410788731997974,51101.742027231325,0.3762927851224438,0.01807778,26999.25576764,23087.0754534,0.0,680.06178186,1220.76774161,1.3398087431558054,1.260697405056907,/home/chaoyu/phd_simulation/sensitivity_analysis/data/04242_verts.csv,/home/chaoyu/phd_simulation/sensitivity_analysis/data/04242_stress.csv
4243,material_r_cable,3,True,0.8713257411324591,1.3264638075705717,46.33528703415321,390.63491882753414,15745.448832193377,3.462770155108214,0.28878613226027106,54522.87029490271,0.463688294766753,0.00473645,30329.83594925,22589.69650513,1891.52662916,0.0,1471.94073682,1.2148396705161526,1.3035230539335754,/home/chaoyu/phd_simulation/sensitivity_analysis/data/04243_verts.csv,/home/chaoyu/phd_simulation/sensitivity_analysis/data/04243_stress.csv
4244,material_r_cable,3,True,0.8337965987890885,1.2817185650997183,73.56510517592676,247.96518660485373,17790.65661252564,4.202161682708498,0.23797275676347876,74759.21552737981,0.3161281476244971,0.0034356,24213.25598298,24212.30644541,0.0,0.0,1490.73645631,1.356855645792121,1.3154027794949725,/home/chaoyu/phd_simulation/sensitivity_analysis/data/04244_verts.csv,/home/chaoyu/phd_simulation/sensitivity_analysis/data/04244_stress.csv
4245,material_r_cable,3,True,0.8198649267260207,1.3369828423170973,50.84006672905976,1638.3395497597153,9753.150229793777,1.6311924732034997,0.6130484393641785,15909.265244862592,0.15795772234080313,0.06816571,9667.13075742,6801.24355322,1548.03188428,67.47334027,412.47650436,1.2019518906187063,1.2937839541173677,/home/chaoyu/phd_simulation/sensitivity_analysis/data/04245_verts.csv,/home/chaoyu/phd_simulation/sensitivity_analysis/data/04245_stress.csv
4246,material_r_cable,3,True,1.001064737653684,1.234739660405646,31.04680605999302,1633.5061135066578,18451.576156280866,4.013140793219149,0.24918138972090437,74048.77297196053,0.4698331149982461,0.02361807,24881.47146484,22721.85148876,307.18972301,291.3075109,1251.52401364,1.276923454695175,1.2739249166409201,/home/chaoyu/phd_simulation/sensitivity_analysis/data/04246_verts.csv,/home/chaoyu/phd_simulation/sensitivity_analysis/data/04246_stress.csv
4247,material_r_cable,3,True,0.8345951802871068,1.235012014366199,86.8563839511253,455.13987875780913,4698.862524874205,1.8456451270625642,0.5418159674018969,8672.432721770972,0.3169538788307079,0.06969564,2563.46586853,2390.15002361,43.88708483,0.0,134.15739151,1.2771665015608624,1.3666014274951497,/home/chaoyu/phd_simulation/sensitivity_analysis/data/04247_verts.csv,/home/chaoyu/phd_simulation/sensitivity_analysis/data/04247_stress.csv
4248,material_r_cable,3,True,0.8510756779827807,0.8611271323582523,52.713470803335476,1536.7621360277244,3352.87721071971,1.6874069191972054,0.5926252812070703,5657.668204587066,0.14143726009773552,0.29301511,2112.53632597,820.10998954,1857.00284076,569.75142121,29.07609445,1.2603646116674792,1.3561645992761282,/home/chaoyu/phd_simulation/sensitivity_analysis/data/04248_verts.csv,/home/chaoyu/phd_simulation/sensitivity_analysis/data/04248_stress.csv
4249,material_r_cable,3,True,1.3559325263211848,1.1338178165858808,20.028950536095127,1898.71430212936,6308.928999893601,2.2241155265201957,0.4496169322483796,14031.786944376889,0.4854217247954694,0.08843083,6794.70837506,5166.83584447,51.48603763,713.92621745,301.08556529,1.3025917626378616,1.238336371309839,/home/chaoyu/phd_simulation/sensitivity_analysis/data/04249_verts.csv,/home/chaoyu/phd_simulation/sensitivity_analysis/data/04249_stress.csv
4250,material_r_cable,3,True,1.3303798414837873,1.25608719434632,34.03123081473997,469.625052006248,5457.450464959786,3.295878946418707,0.3034092016900673,17987.09608858394,0.3792536163875806,0.01978337,9102.84292418,6777.34344713,0.0,651.80965553,357.42554399,1.2936014104429678,1.225882603421521,/home/chaoyu/phd_simulation/sensitivity_analysis/data/04250_verts.csv,/home/chaoyu/phd_simulation/sensitivity_analysis/data/04250_stress.csv
4252,material_r_cable,3,True,1.221316219557457,0.991264407721963,84.70770675656223,788.604409471187,1194.3931234431973,4.69843784579025,0.21283669866910965,5611.781853937144,0.3317299837881203,0.23808269,1489.31651519,834.46034687,112.63100317,123.895659,30.43977812,1.367272402111881,1.371309284860526,/home/chaoyu/phd_simulation/sensitivity_analysis/data/04252_verts.csv,/home/chaoyu/phd_simulation/sensitivity_analysis/data/04252_stress.csv
4253,material_r_cable,3,True,1.2353359993457642,1.2434463738938337,1.5036935692038988,1034.8870031599718,9775.747017868849,4.557276520875321,0.21942930068415703,44550.78235855065,0.22563445449889769,0.02524826,19642.21107104,12763.00128013,1981.62951406,0.0,616.90960415,1.2121484614316158,1.39724498278212,/home/chaoyu/phd_simulation/sensitivity_analysis/data/04253_verts.csv,/home/chaoyu/phd_simulation/sensitivity_analysis/data/04253_stress.csv
4255,material_r_cable,3,True,1.0350618754988403,0.9654694814929956,57.73034873532642,1593.5374363914987,15522.47236841309,2.54725789121808,0.39257901740047507,39539.74023165484,0.21215613656375482,0.13237097,7452.15080614,1919.38572443,2680.25494663,488.72341629,67.70607457,1.2041245035495305,1.2886396189176859,/home/chaoyu/phd_simulation/sensitivity_analysis/data/04255_verts.csv,/home/chaoyu/phd_simulation/sensitivity_analysis/data/04255_stress.csv
4256,material_r_cable,3,True,0.9549419581675669,1.1821576667831388,86.11134908582474,580.5745263971507,10557.797014542957,4.528003885186065,0.22084786704172804,47805.745900856346,0.45909777268748797,0.01526566,16848.30398094,10740.17933629,965.08924451,1109.14835359,578.22571997,1.212609771290965,1.2318174669175401,/home/chaoyu/phd_simulation/sensitivity_analysis/data/04256_verts.csv,/home/chaoyu/phd_simulation/sensitivity_analysis/data/04256_stress.csv
4257,material_r_cable,3,True,1.1879064156810362,1.0516723235138876,85.3126772323862,1823.4739964969062,13094.947195952449,3.8782831794906625,0.25784605035760455,50785.9134463808,0.43169957443289453,0.07005217,12361.64370696,6207.16439921,0.0,1635.75536471,334.12922463,1.3173360890898398,1.221791034741018,/home/chaoyu/phd_simulation/sensitivity_analysis/data/04257_verts.csv,/home/chaoyu/phd_simulation/sensitivity_analysis/data/04257_stress.csv
4258,material_r_cable,3,True,0.9408993648590456,1.0219085180476135,55.988959820135754,1023.4309138620919,3267.390330530586,1.0419384759480457,0.9597495659137778,3404.4197013204202,0.36993828398366957,0.23486952,1490.41260697,703.55991625,685.66133417,295.45827264,19.67615704,1.286700414324441,1.3379304473861968,/home/chaoyu/phd_simulation/sensitivity_analysis/data/04258_verts.csv,/home/chaoyu/phd_simulation/sensitivity_analysis/data/04258_stress.csv
4259,material_r_cable,3,True,1.310593925604996,0.9974420146580948,79.37638564765753,332.2593707351398,7424.263609766586,3.3228092639128124,0.3009501661321476,24669.41190026319,0.10766420033394393,0.03176543,4528.79370463,2599.74594659,938.87751191,0.0,146.62770671,1.211438654645373,1.3490397198588258,/home/chaoyu/phd_simulation/sensitivity_analysis/data/04259_verts.csv,/home/chaoyu/phd_simulation/sensitivity_analysis/data/04259_stress.csv
4260,material_r_cable,3,True,1.1920769274507437,0.8883163966372344,41.69279787401059,1773.9678171096234,10328.778954596586,1.9654625228755933,0.5087860940420976,20300.82794232574,0.30106480986303713,0.18920476,4282.42568303,3065.00919552,283.15712649,130.2527654,160.90548537,1.3342936663159342,1.3612930850984541,/home/chaoyu/phd_simulation/sensitivity_analysis/data/04260_verts.csv,/home/chaoyu/phd_simulation/sensitivity_analysis/data/04260_stress.csv
4261,material_r_cable,3,True,1.062892763256789,1.2312774954064223,62.736759539921614,1755.1159072426942,19836.998710367057,4.739167320775655,0.21100753198060349,94010.85603044037,0.2844630892786214,0.02180332,35702.749586,25451.12824688,1406.00021095,1849.78792764,1285.5688988,1.2292609228040998,1.2275701436240682,/home/chaoyu/phd_simulation/sensitivity_analysis/data/04261_verts.csv,/home/chaoyu/phd_simulation/sensitivity_analysis/data/04261_stress.csv
4262,material_r_cable,3,True,1.3971635942814153,1.2550220831818097,24.381906652532532,428.29369023720244,12939.772723514525,1.1484409881419395,0.8707456546094703,14860.565372925137,0.12318734125951424,0.0149772,8563.71767493,6246.48046298,1577.16365737,0.0,384.78961087,1.2048140599563846,1.3207366147244863,/home/chaoyu/phd_simulation/sensitivity_analysis/data/04262_verts.csv,/home/chaoyu/phd_simulation/sensitivity_analysis/data/04262_stress.csv
4263,material_r_cable,3,True,1.0252959941391042,1.0931962036526843,65.13056758849454,448.43637697923816,7729.630029846776,2.8634495428050326,0.349229132572876,22133.4055750168,0.25833174947459026,0.05935627,4352.98479918,2368.88354826,3.99076067,355.9525351,113.8171608,1.2982749289760958,1.2470320269116306,/home/chaoyu/phd_simulation/sensitivity_analysis/data/04263_verts.csv,/home/chaoyu/phd_simulation/sensitivity_analysis/data/04263_stress.csv
4264,material_r_cable,3,True,1.1160128167624097,1.288261133341226,62.358290905454105,1481.052888802775,10186.90519317797,2.573958687338229,0.388506624025934,26220.673119071358,0.15553477744003108,0.06172441,8766.4457322,8543.34230143,3.76468745,37.9159467,439.58138998,1.2988716513438356,1.296859976978097,/home/chaoyu/phd_simulation/sensitivity_analysis/data/04264_verts.csv,/home/chaoyu/phd_simulation/sensitivity_analysis/data/04264_stress.csv
4266,material_r_cable,3,True,1.1320534660324342,1.3145810361372408,81.04033542465255,1709.0592000946208,10143.792194234917,4.066075809167467,0.24593737228051116,41245.428054200376,0.36118480954065635,0.03146917,24211.96156119,16785.75291067,0.0,1871.68343008,891.32729331,1.3113062055239912,1.2171880809722408,/home/chaoyu/phd_simulation/sensitivity_analysis/data/04266_verts.csv,/home/chaoyu/phd_simulation/sensitivity_analysis/data/04266_stress.csv
4267,material_r_cable,3,True,1.0646857204161428,1.1000482504760511,41.98041059487542,1624.4395684669332,2830.845161433197,1.1037517469601128,0.9060008310330111,3124.5502923054737,0.2970064106932704,0.27470465,1920.18137067,1183.07118312,442.82320551,449.71597046,31.35072796,1.3738636233306416,1.369522392183088,/home/chaoyu/phd_simulation/sensitivity_analysis/data/04267_verts.csv,/home/chaoyu/phd_simulation/sensitivity_analysis/data/04267_stress.csv
4268,material_r_cable,3,True,0.9048229878368292,0.9189638254077875,10.905459356671066,1762.5747964971831,3773.1506968909785,1.2750852675055124,0.7842612768605899,4811.088865683844,0.28059242909857396,0.31436979,1985.74280284,967.0815972,866.41294997,761.98181099,17.45996773,1.3745087342023157,1.3729096047321327,/home/chaoyu/phd_simulation/sensitivity_analysis/data/04268_verts.csv,/home/chaoyu/phd_simulation/sensitivity_analysis/data/04268_stress.csv
4269,material_r_cable,3,True,1.1709027125014013,1.3672887609954643,26.782833199415183,774.9625707668737,13600.754079140184,4.514450823192496,0.22151088563477306,61399.9354486131,0.4821258068714228,0.00765166,34712.57608203,33977.50725406,112.46149571,0.0,1844.3809231,1.2855306513031264,1.3046936600603165,/home/chaoyu/phd_simulation/sensitivity_analysis/data/04269_verts.csv,/home/chaoyu/phd_simulation/sensitivity_analysis/data/04269_stress.csv
4270,material_r_cable,3,True,1.395618849837374,1.1186756359412753,42.9965487428432,666.3871261383297,19504.551680516375,4.2962512638087595,0.23276106042118894,83796.45480744174,0.14710077405382763,0.01310243,16900.79937027,12440.16543099,808.11476104,912.07454182,736.66669964,1.2551061200334832,1.2494811331328042,/home/chaoyu/phd_simulation/sensitivity_analysis/data/04270_verts.csv,/home/chaoyu/phd_simulation/sensitivity_analysis/data/04270_stress.csv
4273,material_r_cable,3,True,0.9793228998485203,1.0813456937992842,66.809354791361,627.1521713636321,9528.079482055788,3.4782564841246124,0.28750036248453203,33141.10423971522,0.15985669198333136,0.07784424,4221.81292867,3169.7299206,205.45698635,0.0,139.53024236,1.2680669293374816,1.3920172561299238,/home/chaoyu/phd_simulation/sensitivity_analysis/data/04273_verts.csv,/home/chaoyu/phd_simulation/sensitivity_analysis/data/04273_stress.csv
4274,material_r_cable,3,True,1.1890011757118073,1.3752009334033055,29.394847484262346,734.0846133923227,3388.2014686520465,1.7402387753615587,0.574633788281287,5896.279574485272,0.10509218127241848,0.06511191,4739.92699402,2557.14490421,1176.89864712,0.0,138.90936553,1.2026163151000389,1.3436704417948264,/home/chaoyu/phd_simulation/sensitivity_analysis/data/04274_verts.csv,/home/chaoyu/phd_simulation/sensitivity_analysis/data/04274_stress.csv
4277,material_r_cable,3,True,1.3578791247414252,1.049594378659335,51.75634604253456,1179.5043745263358,13279.361525624061,2.2818028837526163,0.43824995012514667,30300.885423562526,0.1356443661988615,0.06204666,5517.67381617,5200.04498913,79.64383731,0.0,327.97547091,1.2910780015590269,1.3567482326667086,/home/chaoyu/phd_simulation/sensitivity_analysis/data/04277_verts.csv,/home/chaoyu/phd_simulation/sensitivity_analysis/data/04277_stress.csv
4278,material_r_cable,3,True,1.0877418116519335,1.0743541998854986,3.1617815069567246,1107.414126174644,18178.166401048988,2.323953051282266,0.43030129177878157,42245.205274434564,0.20416009255402892,0.06544299,7297.69945812,3923.61326693,342.69257362,825.80894374,209.68877361,1.2747190645184765,1.2342193935240637,/home/chaoyu/phd_simulation/sensitivity_analysis/data/04278_verts.csv,/home/chaoyu/phd_simulation/sensitivity_analysis/data/04278_stress.csv
4279,material_r_cable,3,True,1.2154979219619402,0.8141729900019037,78.4602020313386,438.399603760367,13453.308651049889,1.1082917839700976,0.90228946425807,14910.19144517243,0.27525297374952507,0.0022359,6983.32646484,3936.23270606,0.0,494.0633773,176.9043068,1.3579506095081535,1.2129812271361375,/home/chaoyu/phd_simulation/sensitivity_analysis/data/04279_verts.csv,/home/chaoyu/phd_simulation/sensitivity_analysis/data/04279_stress.csv
4280,material_r_cable,3,True,0.8067815321041197,0.9808385223321933,23.862036385881478,1557.9251754932359,5170.436309734525,2.325700838783545,0.4299779160431695,12024.888062426482,0.4017246723135991,0.2738565,3575.09024731,1651.77068292,618.79449285,230.90452695,75.68147026,1.3804468899007123,1.3993994586046565,/home/chaoyu/phd_simulation/sensitivity_analysis/data/04280_verts.csv,/home/chaoyu/phd_simulation/sensitivity_analysis/data/04280_stress.csv
4281,material_r_cable,3,True,0.9205932875805902,1.3374115565092908,52.550995493859126,1586.0740939463492,14287.247140440804,2.3727534894447526,0.42145128200149007,33900.11550704048,0.218921008801031,0.04036341,14498.80923324,13386.71270573,0.0,191.91248525,787.13610036,1.319432117430404,1.278801822000767,/home/chaoyu/phd_simulation/sensitivity_analysis/data/04281_verts.csv,/home/chaoyu/phd_simulation/sensitivity_analysis/data/04281_stress.csv
4282,material_r_cable,3,True,1.2951628091152163,1.226917142071545,21.26270027189706,1336.7007194077366,14573.062055324555,1.835537923121051,0.5447994222313061,26749.408058544628,0.44750981027921144,0.03388686,11080.80865748,11039.72688966,0.0,0.0,650.11582378,1.3750145850494544,1.3704500206195884,/home/chaoyu/phd_simulation/sensitivity_analysis/data/04282_verts.csv,/home/chaoyu/phd_simulation/sensitivity_analysis/data/04282_stress.csv
4283,material_r_cable,3,True,1.0239548573461847,1.1011772358137617,23.574280698190872,1626.5505893239197,15719.096031245896,2.4207081225628695,0.41310226155695007,38051.343442182704,0.287130901802628,0.10002796,8360.20162573,4931.48835495,647.63498208,21.62718067,240.80690426,1.264441693247294,1.314874462465779,/home/chaoyu/phd_simulation/sensitivity_analysis/data/04283_verts.csv,/home/chaoyu/phd_simulation/sensitivity_analysis/data/04283_stress.csv
4284,material_r_cable,3,True,1.1593512817476999,0.9290567859154862,14.284775696311911,1325.3964175169756,7309.446074923003,4.863788748913044,0.20560103483595568,35551.601579997114,0.2715024178771007,0.15313981,5312.61388042,1950.34742048,589.93158286,899.56397423,86.57529784,1.2775768104571275,1.2530003478010807,/home/chaoyu/phd_simulation/sensitivity_analysis/data/04284_verts.csv,/home/chaoyu/phd_simulation/sensitivity_analysis/data/04284_stress.csv
4285,material_r_cable,3,True,0.8354672362708215,1.34323282988397,15.231472656509618,1362.5594688116437,3720.9103077490927,1.4560340849829785,0.6867971088820289,5417.772235247183,0.3084870234338909,0.12843309,4065.13211234,2461.14445079,1046.46337942,0.0,159.03849396,1.2291136118501822,1.3539468479014063,/home/chaoyu/phd_simulation/sensitivity_analysis/data/04285_verts.csv,/home/chaoyu/phd_simulation/sensitivity_analysis/data/04285_stress.csv
4286,material_r_cable,3,True,1.1510651761601511,1.381497200376895,8.713510682860472,877.9045766654117,14223.549842650293,1.8828988320200788,0.5310959797702696,26781.505385905613,0.32899612509547316,0.01982857,14898.52099315,12966.64489482,543.20251259,0.0,758.01752143,1.2577935085627052,1.321896703207456,/home/chaoyu/phd_simulation/sensitivity_analysis/data/04286_verts.csv,/home/chaoyu/phd_simulation/sensitivity_analysis/data/04286_stress.csv
4287,material_r_cable,3,True,1.2038454381525354,1.258910405532126,2.8678479896934714,1364.9334076714767,10776.840065876075,4.597523626769766,0.2175083982553893,49546.77682478429,0.3995079016751911,0.02582984,20200.94008046,17591.80626708,518.82878532,304.31290065,883.25735957,1.2642300903163626,1.2677270488076469,/home/chaoyu/phd_simulation/sensitivity_analysis/data/04287_verts.csv,/home/chaoyu/phd_simulation/sensitivity_analysis/data/04287_stress.csv
4288,material_r_cable,3,True,1.3923431326945839,1.00995622286902,74.45146644564676,224.94022879830584,17451.143811964495,3.262935081451179,0.30647253930508894,56941.94935550861,0.473809331036374,0.00480129,14073.31708665,10420.90388799,262.41249908,1211.01154485,701.38838239,1.2740526804020411,1.2309282014305403,/home/chaoyu/phd_simulation/sensitivity_analysis/data/04288_verts.csv,/home/chaoyu/phd_simulation/sensitivity_analysis/data/04288_stress.csv
4289,material_r_cable,3,True,0.9666935750722561,1.1738654342750545,1.4376037037914307,519.8206852407109,18645.624900590512,3.727532486161986,0.2682739865346256,69502.17254174198,0.27777239219228705,0.01544982,13286.15357477,13272.4686313,0.0,0.0,667.01110757,1.3641039020954928,1.3126103804677227,/home/chaoyu/phd_simulation/sensitivity_analysis/data/04289_verts.csv,/home/chaoyu/phd_simulation/sensitivity_analysis/data/04289_stress.csv
4291,material_r_cable,3,True,1.068572663286627,1.0837171341043281,14.372771319050937,382.17236995143037,11113.112611518607,2.294053099728788,0.4359097006595985,25494.070434089346,0.12476858719526651,0.05612598,2275.78886899,2225.18399384,0.0,0.0,115.20774448,1.3548592106579553,1.3837800003144511,/home/chaoyu/phd_simulation/sensitivity_analysis/data/04291_verts.csv,/home/chaoyu/phd_simulation/sensitivity_analysis/data/04291_stress.csv
4292,material_r_cable,3,True,0.8253259417292352,1.3832564919348473,80.18955785648987,1540.3547771008282,14681.922024833344,2.8345854293648745,0.35278527492609846,41617.16224666383,0.3755982888166428,0.02320929,19487.32329694,19458.63065555,0.0,0.0,1348.04691065,1.2981771041515526,1.3074878642035321,/home/chaoyu/phd_simulation/sensitivity_analysis/data/04292_verts.csv,/home/chaoyu/phd_simulation/sensitivity_analysis/data/04292_stress.csv
4293,material_r_cable,3,True,1.210738067662351,1.0366718316141268,61.627607703491854,512.7722021969669,5565.368530669071,2.9566451876788467,0.338221171808939,16454.820083862003,0.44394721214424393,0.0670499,2117.68857546,2063.23699339,0.0,0.0,123.77320123,1.3819493351911165,1.347399370352213,/home/chaoyu/phd_simulation/sensitivity_analysis/data/04293_verts.csv,/home/chaoyu/phd_simulation/sensitivity_analysis/data/04293_stress.csv
4295,material_r_cable,3,True,1.0894363816801511,1.2432169430470907,65.60802436857377,549.7704117930796,14976.125522431645,2.1268367294226636,0.47018183679358083,31851.773825551798,0.3747261929868637,0.01810343,9646.31842332,9636.13903707,0.0,0.0,538.8135891,1.3779561459873961,1.3334985099960568,/home/chaoyu/phd_simulation/sensitivity_analysis/data/04295_verts.csv,/home/chaoyu/phd_simulation/sensitivity_analysis/data/04295_stress.csv
4296,material_r_cable,3,True,1.081437394298078,1.2088116589313942,58.421559153584,1400.2575712929618,15988.945976067607,1.0548978884480373,0.9479590498291707,16866.70534866346,0.16625585451945896,0.08463771,6429.42461023,4042.15108044,855.4608989,0.0,225.01888012,1.2351532363842888,1.357849318527447,/home/chaoyu/phd_simulation/sensitivity_analysis/data/04296_verts.csv,/home/chaoyu/phd_simulation/sensitivity_analysis/data/04296_stress.csv
4297,material_r_cable,3,True,1.1950172418276643,1.029815065907931,31.4508812783809,946.3834060908287,9473.232528119763,1.9602776089888847,0.5101318279688978,18570.165609618336,0.41206123991858634,0.08412692,3760.48833363,2716.18786682,0.0,303.47841689,164.96633335,1.3831017216934611,1.2620521056518268,/home/chaoyu/phd_simulation/sensitivity_analysis/data/04297_verts.csv,/home/chaoyu/phd_simulation/sensitivity_analysis/data/04297_stress.csv
4298,material_r_cable,3,True,1.3676205343411338,1.0153036306960836,4.766294133528578,1436.7492099276178,4953.251700976458,4.827411013566475,0.2071503746396774,23911.38181426063,0.1571964686723261,0.09297265,7013.81076307,2476.28467273,1647.31665074,715.00395008,143.3450854,1.208784536215407,1.2353470418754235,/home/chaoyu/phd_simulation/sensitivity_analysis/data/04298_verts.csv,/home/chaoyu/phd_simulation/sensitivity_analysis/data/04298_stress.csv
4299,material_r_cable,3,True,1.1539119447191462,1.0428511592601526,2.060327599395055,1425.9855768932575,2006.3208610642396,2.026834802665971,0.49338012090805966,4066.480946519759,0.43907104067712166,0.23012569,2046.4507851,1192.04608416,427.76972764,443.14589017,41.4819316,1.324990322726084,1.3181457732841673,/home/chaoyu/phd_simulation/sensitivity_analysis/data/04299_verts.csv,/home/chaoyu/phd_simulation/sensitivity_analysis/data/04299_stress.csv
4300,material_r_cable,3,True,0.8792463647458617,1.2648928140718658,87.14679823158922,418.37772940370115,7706.063871732843,3.6987369981366656,0.27036255903130607,28502.703552382547,0.3191823391126074,0.01453387,13783.5465587,8682.64542792,0.0,1226.11131804,511.07996245,1.336754566996189,1.218674762194793,/home/chaoyu/phd_simulation/sensitivity_analysis/data/04300_verts.csv,/home/chaoyu/phd_simulation/sensitivity_analysis/data/04300_stress.csv
4302,material_r_cable,3,True,0.937991710236756,1.1807841673910708,15.358400066457056,535.1740170229032,17660.941155514814,2.178150308948009,0.4591051388381798,38468.1844341972,0.10049751456547591,0.03517343,7986.63478603,7818.8087836,0.0,0.0,376.2706093,1.3187211554834994,1.3717299177405529,/home/chaoyu/phd_simulation/sensitivity_analysis/data/04302_verts.csv,/home/chaoyu/phd_simulation/sensitivity_analysis/data/04302_stress.csv
4303,material_r_cable,3,True,0.9450459076737724,1.1746043873464938,60.30869229970129,953.2074776088942,1858.7192045666866,4.213722974854361,0.23731982523947553,7832.127816085671,0.3474318630237099,0.13368547,3030.69830904,1951.84562516,689.41059733,0.0,98.6425417,1.2228734981291793,1.3687806431142393,/home/chaoyu/phd_simulation/sensitivity_analysis/data/04303_verts.csv,/home/chaoyu/phd_simulation/sensitivity_analysis/data/04303_stress.csv
4304,material_r_cable,3,True,1.0540095602997006,1.2623373963495157,3.947430010445622,427.05790023713496,19581.71228917507,1.9252791842877328,0.5194051897309404,37700.263063060054,0.1514706904313073,0.01432829,10723.07083973,10716.20931246,0.0,0.0,564.29500813,1.3239997722897083,1.3395793135716838,/home/chaoyu/phd_simulation/sensitivity_analysis/data/04304_verts.csv,/home/chaoyu/phd_simulation/sensitivity_analysis/data/04304_stress.csv
4305,material_r_cable,3,True,1.364756911030323,0.989446380247196,30.395272463330755,1348.779918233209,9409.853143613318,4.689197163210922,0.2132561215052965,44124.65666726295,0.2793150293424086,0.08525153,4330.81225784,4014.13551801,0.0,69.96891789,267.3184823,1.3997874079012682,1.3002021624124545,/home/chaoyu/phd_simulation/sensitivity_analysis/data/04305_verts.csv,/home/chaoyu/phd_simulation/sensitivity_analysis/data/04305_stress.csv
4306,material_r_cable,3,True,1.0963307817431838,1.1043760320565417,37.37485216562482,1430.8920418096309,11153.051087026757,1.8176553398163375,0.5501593058346493,20272.402863578594,0.2985647964753016,0.11131651,4875.18690083,3182.70627901,159.55462362,419.92982154,169.57235771,1.2991359083374034,1.266278921310035,/home/chaoyu/phd_simulation/sensitivity_analysis/data/04306_verts.csv,/home/chaoyu/phd_simulation/sensitivity_analysis/data/04306_stress.csv
4307,material_r_cable,3,True,0.8681837108542206,0.951979644792375,2.6795316524039556,343.73355295610594,2235.7008356495694,3.4349820191964633,0.29112233904325574,7679.592170758779,0.4084091055222774,0.18123226,1707.71071105,434.95717369,614.90123672,31.55602639,15.73639432,1.2326600258180336,1.3639561301970833,/home/chaoyu/phd_simulation/sensitivity_analysis/data/04307_verts.csv,/home/chaoyu/phd_simulation/sensitivity_analysis/data/04307_stress.csv
4308,material_r_cable,3,True,1.2228019108595343,1.3320929055700832,8.26699391239416,1825.6728952349877,18149.283408859104,3.332828505868978,0.300045441353805,60488.44910614052,0.12185621714826196,0.0252735,32143.73195276,22596.57211241,2998.01954253,176.73247374,1131.94108748,1.207381587292184,1.2830395092805995,/home/chaoyu/phd_simulation/sensitivity_analysis/data/04308_verts.csv,/home/chaoyu/phd_simulation/sensitivity_analysis/data/04308_stress.csv
4309,material_r_cable,3,True,1.1186867493570583,0.9299344426967665,56.041572053585114,1691.7092114311188,8578.904355186209,2.453461034037182,0.4075874799423634,21048.00755018124,0.3837325784762865,0.13924303,6574.92656042,1886.88008296,1161.12664731,1743.95353702,80.24507878,1.2361640409327121,1.218196093181026,/home/chaoyu/phd_simulation/sensitivity_analysis/data/04309_verts.csv,/home/chaoyu/phd_simulation/sensitivity_analysis/data/04309_stress.csv
4310,material_r_cable,3,True,1.3058858124987966,1.2668019451276604,21.622978935365627,1398.415554606198,11864.599527572236,3.0700371074716575,0.32572896189634476,36424.760814937465,0.1468277679218333,0.04016597,13740.73729919,10898.24528157,560.11355714,0.0,558.58609822,1.259139478757691,1.3370044538475867,/home/chaoyu/phd_simulation/sensitivity_analysis/data/04310_verts.csv,/home/chaoyu/phd_simulation/sensitivity_analysis/data/04310_stress.csv
4311,material_r_cable,3,True,1.2170577417502528,1.231054736635256,33.87156560071739,1469.490765630239,19642.612195482674,3.1268359578601976,0.31981210830271206,61419.22611913847,0.10387795412454028,0.03394859,15951.27496566,15014.70782735,144.72732488,0.0,748.23084377,1.2850781509686535,1.2983158728541604,/home/chaoyu/phd_simulation/sensitivity_analysis/data/04311_verts.csv,/home/chaoyu/phd_simulation/sensitivity_analysis/data/04311_stress.csv
4314,material_r_cable,3,True,1.3547870821254928,1.2833797088910561,63.707288349333844,1770.3854038903446,19025.876272342884,2.740532547628912,0.364892582963553,52141.03317151631,0.4193895961678963,0.02289189,23679.20424948,23643.16461813,0.0,0.0,1293.71169801,1.359388704434035,1.3136759252116932,/home/chaoyu/phd_simulation/sensitivity_analysis/data/04314_verts.csv,/home/chaoyu/phd_simulation/sensitivity_analysis/data/04314_stress.csv
4316,material_r_cable,3,True,0.9654659792974586,1.007216708205487,82.91517962510457,599.4682351869133,16119.214236697444,4.746357772808068,0.21068786801724265,76507.55778390738,0.4806191761601992,0.10046471,5076.3662464,2066.13266694,0.0,381.75730967,83.52479268,1.3224883613744491,1.2852637157313658,/home/chaoyu/phd_simulation/sensitivity_analysis/data/04316_verts.csv,/home/chaoyu/phd_simulation/sensitivity_analysis/data/04316_stress.csv
4317,material_r_cable,3,True,1.0337559312145286,0.8359793861987227,73.66432819342866,1041.0599307458183,2600.12074202415,1.7702921650809555,0.5648785097313415,4602.973377869833,0.1743403251256388,0.26139894,1831.81370919,717.84547474,1017.16600643,257.17994896,30.61418209,1.2870346632648486,1.3485897085016978,/home/chaoyu/phd_simulation/sensitivity_analysis/data/04317_verts.csv,/home/chaoyu/phd_simulation/sensitivity_analysis/data/04317_stress.csv
4318,material_r_cable,3,True,1.0218069963341028,1.0014426848724025,20.59540473750799,1459.3664633179965,8820.038018286894,4.680818415682243,0.21363785372439983,41284.996383014804,0.17361889013681003,0.19303784,3370.9579186,2562.57445352,45.00214015,0.0,101.04521638,1.3793946970867255,1.3895220872321787,/home/chaoyu/phd_simulation/sensitivity_analysis/data/04318_verts.csv,/home/chaoyu/phd_simulation/sensitivity_analysis/data/04318_stress.csv
4319,material_r_cable,3,True,1.059981092096335,1.316655459410507,68.94565940334493,1534.4729873608012,18267.57467226993,1.6072867934373194,0.6221665007658124,29361.231518869525,0.22649526792837704,0.04733078,10677.51321127,10618.47584642,0.0,0.0,598.82160593,1.35902638875485,1.3783155967056793,/home/chaoyu/phd_simulation/sensitivity_analysis/data/04319_verts.csv,/home/chaoyu/phd_simulation/sensitivity_analysis/data/04319_stress.csv
4320,material_r_cable,3,True,0.9630163010159462,1.0117910308891045,57.42890003680114,397.7117802716228,16012.598960419804,1.285338176109032,0.7780053674490507,20581.60474255137,0.2527814416288004,0.11060074,3831.93689989,939.63256455,529.17069423,62.31001354,34.19762411,1.2441741049941355,1.319351312432233,/home/chaoyu/phd_simulation/sensitivity_analysis/data/04320_verts.csv,/home/chaoyu/phd_simulation/sensitivity_analysis/data/04320_stress.csv
4321,material_r_cable,3,True,1.130748587362957,1.3028967765572115,71.5305949348625,1065.9523971447302,10344.572832846246,1.3769950124328998,0.7262190428948482,14244.425196578155,0.26989119008582474,0.06019573,5442.55735187,5203.47950041,0.0,53.08176608,301.76064574,1.3033639805349408,1.2927535879518253,/home/chaoyu/phd_simulation/sensitivity_analysis/data/04321_verts.csv,/home/chaoyu/phd_simulation/sensitivity_analysis/data/04321_stress.csv
4322,material_r_cable,3,True,0.8568404208890329,1.251303179157348,60.2661188484811,1372.6115347452346,17201.568472477164,1.7146039038702559,0.5832250805814507,29493.876455600857,0.3942630621508256,0.05620149,8658.49705748,8562.75668461,3.4091924,0.0,500.43962909,1.2973372982808058,1.3999145234364399,/home/chaoyu/phd_simulation/sensitivity_analysis/data/04322_verts.csv,/home/chaoyu/phd_simulation/sensitivity_analysis/data/04322_stress.csv
4323,material_r_cable,3,True,0.9641417469607514,1.364660971290975,55.05521248622462,302.75263542359824,19459.60580421134,1.3950456545351102,0.716822418498729,27147.038516131237,0.4233310667186526,0.00718309,12282.15627935,12280.60865683,0.0,0.0,793.25075185,1.34116703140922,1.3934705829373397,/home/chaoyu/phd_simulation/sensitivity_analysis/data/04323_verts.csv,/home/chaoyu/phd_simulation/sensitivity_analysis/data/04323_stress.csv
4324,material_r_cable,3,True,1.1640752526983147,1.020056207435427,32.97600762277875,1378.1755147105723,9138.020324360063,1.2496305805619106,0.8002364983340425,11419.149643116603,0.2133416045228083,0.14081556,4624.38607573,2092.83897942,0.0,1025.82526576,106.95034667,1.3846810211391918,1.2388052764730946,/home/chaoyu/phd_simulation/sensitivity_analysis/data/04324_verts.csv,/home/chaoyu/phd_simulation/sensitivity_analysis/data/04324_stress.csv
4325,material_r_cable,3,True,1.074945368839935,1.3653014472788105,29.253145610939537,752.2029180722458,16949.087466953155,3.2725132214142,0.3055755415918091,55466.11282650991,0.22201148603878906,0.0098664,28809.29793227,23934.87821562,0.0,1605.97537064,1309.37563105,1.387431565259839,1.217690592406296,/home/chaoyu/phd_simulation/sensitivity_analysis/data/04325_verts.csv,/home/chaoyu/phd_simulation/sensitivity_analysis/data/04325_stress.csv
4327,material_r_cable,3,True,1.2578645306792728,1.2195169358683007,21.92305281754928,1914.72814574894,19608.692866064,2.255081815658894,0.44344289109875074,44219.20671110121,0.17034526009724155,0.05147335,11298.54803651,11186.28473999,0.0,0.0,617.00613795,1.3748123105133727,1.399172157612265,/home/chaoyu/phd_simulation/sensitivity_analysis/data/04327_verts.csv,/home/chaoyu/phd_simulation/sensitivity_analysis/data/04327_stress.csv
4329,material_r_cable,3,True,1.2638088775242957,1.0628903259274494,71.89963415133967,202.13816235415192,2381.4051732439316,4.991282756721008,0.20034929871553578,11886.26657797864,0.35324043142309425,0.03533293,2380.22673254,1392.24681947,301.91954765,0.0,76.62455507,1.2213008191907928,1.3663006977431023,/home/chaoyu/phd_simulation/sensitivity_analysis/data/04329_verts.csv,/home/chaoyu/phd_simulation/sensitivity_analysis/data/04329_stress.csv
4331,material_r_cable,3,True,1.179971416708419,0.9689173586816655,72.07658286754884,442.33889105959224,11072.90671525144,1.5140487835118523,0.6604806997569057,16764.920942166664,0.27145069162416946,0.05298494,6029.71024497,2273.13683485,0.0,884.46313257,114.51177746,1.380849242465735,1.2092957681358318,/home/chaoyu/phd_simulation/sensitivity_analysis/data/04331_verts.csv,/home/chaoyu/phd_simulation/sensitivity_analysis/data/04331_stress.csv
4332,material_r_cable,3,True,1.2260010268626995,0.8736174890753101,59.2656392430257,593.3443140801378,6778.849887974623,2.9215507907220637,0.3422839689029843,19804.754250398433,0.3429067305865011,0.13439811,2829.27475488,2089.18576759,11.7948357,28.18401286,107.61293657,1.3454336871777386,1.3324023330410812,/home/chaoyu/phd_simulation/sensitivity_analysis/data/04332_verts.csv,/home/chaoyu/phd_simulation/sensitivity_analysis/data/04332_stress.csv
4333,material_r_cable,3,True,1.2071107751483843,1.0107893125328693,73.12906136742089,885.7486141163031,9043.819064635203,1.5281210735907345,0.6543984094468569,13820.0504984107,0.4143993856980476,0.09298148,2988.83122191,2486.11758705,0.0,109.81543023,149.64807159,1.3468306696564336,1.289037110769415,/home/chaoyu/phd_simulation/sensitivity_analysis/data/04333_verts.csv,/home/chaoyu/phd_simulation/sensitivity_analysis/data/04333_stress.csv
4334,material_r_cable,3,True,1.020400723311802,1.210594915672696,79.77789884932432,1664.0234583169374,18605.92730261603,4.2479140004617575,0.23540966222275164,79036.3790803563,0.3770667199569182,0.02683105,29696.90784828,20175.89162282,0.0,1902.10062244,1057.15503461,1.3957531027394514,1.2263071881089465,/home/chaoyu/phd_simulation/sensitivity_analysis/data/04334_verts.csv,/home/chaoyu/phd_simulation/sensitivity_analysis/data/04334_stress.csv
4335,material_r_cable,3,True,1.0571759850457676,1.20138328509053,9.652270541007036,1435.1223773871657,6613.606964664076,2.1318451331833286,0.469077225373671,14099.185820406477,0.16598677988730243,0.09006882,6003.76858165,3413.56383895,639.73004759,1631.26790921,169.66154429,1.245712452927679,1.2003040271973813,/home/chaoyu/phd_simulation/sensitivity_analysis/data/04335_verts.csv,/home/chaoyu/phd_simulation/sensitivity_analysis/data/04335_stress.csv
4336,material_r_cable,3,True,1.3428199701677082,0.8404685017516716,14.741217033218575,594.4273950083716,3430.1057097174803,4.804630449973576,0.20813255263066063,16480.39033953683,0.47053498873422794,0.12768584,3473.58019597,1693.58156337,277.09638087,0.0,95.12010484,1.2475704826513754,1.3800731801275636,/home/chaoyu/phd_simulation/sensitivity_analysis/data/04336_verts.csv,/home/chaoyu/phd_simulation/sensitivity_analysis/data/04336_stress.csv
4337,material_r_cable,3,True,0.8180307443660504,1.2446598029852962,2.499517094889851,947.0507219273825,4047.091144737959,1.9231365582244013,0.5199838751561577,7783.108934911811,0.14009709912575272,0.13930217,3385.26775538,2597.80436061,208.72013491,0.0,146.73029858,1.2847098064709734,1.3676120295788223,/home/chaoyu/phd_simulation/sensitivity_analysis/data/04337_verts.csv,/home/chaoyu/phd_simulation/sensitivity_analysis/data/04337_stress.csv
4338,material_r_cable,3,True,1.3047415873426074,1.1079793591254992,71.09417842563921,1948.7634024646497,17686.43486755673,3.5015253009501675,0.28558982559076235,61929.499172357115,0.2171796907436846,0.05799707,9952.28755789,9376.82143549,0.0,111.8843469,539.33240985,1.3633258007370372,1.2926242782698896,/home/chaoyu/phd_simulation/sensitivity_analysis/data/04338_verts.csv,/home/chaoyu/phd_simulation/sensitivity_analysis/data/04338_stress.csv
4339,material_r_cable,3,True,1.2797515088545108,0.9769370824110402,13.92597665781935,1590.1261765163547,18950.417557739358,3.2898652951880645,0.3039638131879303,62344.321052529274,0.1204687120918183,0.07599008,13939.33982911,6259.62017232,1345.71144839,0.0,328.40154525,1.2328264678858054,1.3925143676323835,/home/chaoyu/phd_simulation/sensitivity_analysis/data/04339_verts.csv,/home/chaoyu/phd_simulation/sensitivity_analysis/data/04339_stress.csv
4340,material_r_cable,3,True,1.2825171162728815,1.039504102387696,74.65533373352382,1679.6823496832778,19271.65133592779,2.111812734648751,0.4735268348338309,40698.11870892292,0.32251310223296814,0.06324413,7528.28755252,6801.2561759,0.0,194.80845685,431.15582893,1.3949080787917763,1.2849942462785733,/home/chaoyu/phd_simulation/sensitivity_analysis/data/04340_verts.csv,/home/chaoyu/phd_simulation/sensitivity_analysis/data/04340_stress.csv
4341,material_r_cable,3,True,1.0866566902370094,0.8642534730841932,68.43567329236738,612.6454288887822,11130.823881657034,1.1327091875582564,0.8828391355734182,12607.986475845777,0.3240396950769966,0.17057035,2508.49779733,1737.14922018,15.34912856,100.82208568,81.51794192,1.3784682850521275,1.3199345389258608,/home/chaoyu/phd_simulation/sensitivity_analysis/data/04341_verts.csv,/home/chaoyu/phd_simulation/sensitivity_analysis/data/04341_stress.csv
4342,material_r_cable,3,True,1.0416024200229976,1.028813665283054,22.237985936692134,1412.7752481367781,1688.228582031635,3.947821765591585,0.25330424202931284,6664.825541438307,0.4782687734029841,0.18831936,3031.24318293,1221.84781089,1223.97695991,507.65024793,43.67127963,1.2478750606241176,1.2687262573361817,/home/chaoyu/phd_simulation/sensitivity_analysis/data/04342_verts.csv,/home/chaoyu/phd_simulation/sensitivity_analysis/data/04342_stress.csv
4343,material_r_cable,3,True,1.3271415270998195,1.3904779163190821,13.224680547269369,634.6208857696288,9818.141362699584,1.2079135164320354,0.8278738389763405,11859.46565824527,0.3482999814292007,0.02380248,7272.14518006,7260.45086549,0.0,0.0,442.30803533,1.3180111329142277,1.325411805025009,/home/chaoyu/phd_simulation/sensitivity_analysis/data/04343_verts.csv,/home/chaoyu/phd_simulation/sensitivity_analysis/data/04343_stress.csv
4344,material_r_cable,3,True,0.8661333404743238,1.3246668511354676,24.516580889160622,968.8828299546235,10830.840084383808,1.2252162944113096,0.8161824198399832,13270.121753550206,0.4261774887613432,0.04122517,7644.86003883,5185.73620013,676.79988146,1149.33213477,333.82814591,1.2309597109761712,1.2016902662175297,/home/chaoyu/phd_simulation/sensitivity_analysis/data/04344_verts.csv,/home/chaoyu/phd_simulation/sensitivity_analysis/data/04344_stress.csv
4345,material_r_cable,3,True,1.2821306814361755,1.3522262046324827,32.32614744021302,921.6685501575589,18528.725531877928,2.6058301034545623,0.38375487284236026,48282.71076961465,0.36566595926463485,0.01096936,33210.97634248,23674.57150153,2407.38318393,0.0,1302.94939387,1.2136574221513443,1.2931956545049847,/home/chaoyu/phd_simulation/sensitivity_analysis/data/04345_verts.csv,/home/chaoyu/phd_simulation/sensitivity_analysis/data/04345_stress.csv
4346,material_r_cable,3,True,1.0921925184240682,1.125297450758265,31.840995997216805,1965.00066503385,14492.531498107035,3.6590403808533942,0.273295699395034,53028.757972363375,0.35677633316423696,0.07554034,9702.54028348,8746.63130713,49.05452662,145.05216594,433.12356278,1.2999664621164617,1.2905114246883036,/home/chaoyu/phd_simulation/sensitivity_analysis/data/04346_verts.csv,/home/chaoyu/phd_simulation/sensitivity_analysis/data/04346_stress.csv
4347,material_r_cable,3,True,1.1264173013110765,1.3760130758594407,7.312233410930039,863.972542440043,12871.009732730237,4.400363925966753,0.22725393099851432,56637.12691867311,0.440100551808256,0.00858926,40353.57827951,30080.56193957,3328.45950275,0.0,1677.45538882,1.2015275302272197,1.2996637806008406,/home/chaoyu/phd_simulation/sensitivity_analysis/data/04347_verts.csv,/home/chaoyu/phd_simulation/sensitivity_analysis/data/04347_stress.csv
4348,material_r_cable,3,True,1.2685109724455688,0.9588199550748571,29.605783296114982,499.83355693011316,5858.740229089565,1.4872598926588019,0.6723774405106034,8713.46936423155,0.15448812678686602,0.09118986,2487.37943191,1873.29861923,117.14446717,0.0,99.34421398,1.2753966757543054,1.3551700648442842,/home/chaoyu/phd_simulation/sensitivity_analysis/data/04348_verts.csv,/home/chaoyu/phd_simulation/sensitivity_analysis/data/04348_stress.csv
4350,material_r_cable,3,True,1.3239276961896231,1.1233049913865003,58.12592134902985,1779.5562700312328,9787.993712322183,2.6693897647579337,0.37461745497127963,26127.970233187843,0.13144910063358323,0.10098484,5170.78903971,4609.83147097,153.43494295,0.0,269.71058387,1.296731683299021,1.3785391730508632,/home/chaoyu/phd_simulation/sensitivity_analysis/data/04350_verts.csv,/home/chaoyu/phd_simulation/sensitivity_analysis/data/04350_stress.csv
4351,material_r_cable,3,True,1.2879877226848364,0.980466297328815,70.68343800530434,313.7575839183541,11611.410222579085,1.1857255079921916,0.8433655118825236,13767.945284673311,0.19459110552378317,0.02983431,3707.67095249,3695.81942442,0.0,0.0,205.69071599,1.299387010250271,1.3183784402773964,/home/chaoyu/phd_simulation/sensitivity_analysis/data/04351_verts.csv,/home/chaoyu/phd_simulation/sensitivity_analysis/data/04351_stress.csv
4353,material_r_cable,3,True,1.2716947802226795,1.3841007971657662,49.02909096296654,1466.8314356764715,4725.175663350868,1.8431473214992873,0.5425502282620368,8709.19486751877,0.3089556344217931,0.09081924,5374.62943725,4637.39572879,0.0,185.24210585,257.73399906,1.379798070302177,1.2774519424873318,/home/chaoyu/phd_simulation/sensitivity_analysis/data/04353_verts.csv,/home/chaoyu/phd_simulation/sensitivity_analysis/data/04353_stress.csv
4354,material_r_cable,3,True,1.3768142224520914,1.2414956131028427,27.994461905745453,821.4875429931706,14651.025526655516,1.0692781939438072,0.9352103181976533,15666.022114566827,0.4090728829445759,0.02253186,10630.7812176,9292.0822943,0.0,443.83100515,578.4268211,1.368769321972783,1.2561779918477072,/home/chaoyu/phd_simulation/sensitivity_analysis/data/04354_verts.csv,/home/chaoyu/phd_simulation/sensitivity_analysis/data/04354_stress.csv
4356,material_r_cable,3,True,1.1066145328825656,1.1381140509279306,3.4064100484944446,843.2672387874713,6360.594196129409,4.968341130889218,0.2012744241297745,31601.601761524988,0.17732219653350798,0.04720991,9759.56278172,4949.61653289,1479.75306046,193.91486594,228.76385397,1.211039174890074,1.2615756872785453,/home/chaoyu/phd_simulation/sensitivity_analysis/data/04356_verts.csv,/home/chaoyu/phd_simulation/sensitivity_analysis/data/04356_stress.csv
4357,material_r_cable,3,True,1.0065374603191262,1.1867442207518324,36.21441436703754,587.3983014440576,17626.290247495548,3.9917462090705507,0.2505169285882137,70359.67727541758,0.26276629106553306,0.01127701,24514.45372627,14809.43818335,1787.91229666,1855.96625597,743.55535289,1.2165579104627167,1.2057249042193683,/home/chaoyu/phd_simulation/sensitivity_analysis/data/04357_verts.csv,/home/chaoyu/phd_simulation/sensitivity_analysis/data/04357_stress.csv
4358,material_r_cable,3,True,1.0188536528227337,1.1134772058669995,76.13417079159221,1714.2387818221553,4450.320309468955,1.6298723089740283,0.6135449964356287,7253.453838468178,0.21815479185029277,0.20638592,3755.06613559,1717.01802115,64.28958061,1249.38066834,69.97782744,1.3960419234455874,1.2690231571980857,/home/chaoyu/phd_simulation/sensitivity_analysis/data/04358_verts.csv,/home/chaoyu/phd_simulation/sensitivity_analysis/data/04358_stress.csv
4359,material_r_cable,3,True,1.2122905982442895,1.3699356068567916,37.79328641105089,327.31979345368563,2741.504499936918,2.02264585615158,0.49440192258998134,5545.092716418317,0.42677118925205215,0.02972567,3955.58385752,3014.05120837,236.40390709,0.0,175.48219637,1.240384847005397,1.3522712428004,/home/chaoyu/phd_simulation/sensitivity_analysis/data/04359_verts.csv,/home/chaoyu/phd_simulation/sensitivity_analysis/data/04359_stress.csv
4360,material_r_cable,3,True,1.2926367436673483,1.2243060348312365,26.929954904837896,1012.2023215016249,10282.310161627945,3.5713471762128344,0.28000638153035307,36721.699360674495,0.4138800153912502,0.02636787,12503.4479174,12475.41952123,0.0,0.0,648.75144619,1.3612179367416701,1.39744154758446,/home/chaoyu/phd_simulation/sensitivity_analysis/data/04360_verts.csv,/home/chaoyu/phd_simulation/sensitivity_analysis/data/04360_stress.csv
4362,material_r_cable,3,True,1.1472424550980604,0.9684711427445184,82.47454469484131,630.5765974665856,14254.355224379682,3.8745852417020474,0.25809214086633825,55229.71438235999,0.17793112048869977,0.08383078,5604.23503448,2687.77661847,709.2225165,314.25883223,118.11965367,1.2395722961834676,1.2734780235791163,/home/chaoyu/phd_simulation/sensitivity_analysis/data/04362_verts.csv,/home/chaoyu/phd_simulation/sensitivity_analysis/data/04362_stress.csv
4363,material_r_cable,3,True,1.1737312654242458,1.2575428529310826,0.2741239842934087,1981.6462316397597,19439.797899221296,4.891253697801185,0.20444656151234605,95084.98335907387,0.4576424599661312,0.01910111,40689.5643832,35386.93563352,1028.04375297,0.0,1800.46553231,1.2584672027807526,1.3685986654532454,/home/chaoyu/phd_simulation/sensitivity_analysis/data/04363_verts.csv,/home/chaoyu/phd_simulation/sensitivity_analysis/data/04363_stress.csv
4364,material_r_cable,3,True,0.8979704211672659,0.8149162442720594,23.700499503927766,1336.1955969560602,2073.908070257605,3.136372279382616,0.3188397010691749,6504.547781543846,0.22948052993056473,0.27886741,2022.47149077,683.71755524,1039.27448381,1362.35056201,25.87620948,1.2692287922813827,1.255659074329325,/home/chaoyu/phd_simulation/sensitivity_analysis/data/04364_verts.csv,/home/chaoyu/phd_simulation/sensitivity_analysis/data/04364_stress.csv
4365,material_r_cable,3,True,1.0265144732916527,1.073671057252136,89.17276185838178,606.0664348834332,16068.086791176433,1.500475558928175,0.6664553741310678,24109.771508896883,0.23558082936861433,0.08817804,2262.33949093,2143.578775,0.0,0.0,112.5081298,1.368640345320638,1.3389445763112424,/home/chaoyu/phd_simulation/sensitivity_analysis/data/04365_verts.csv,/home/chaoyu/phd_simulation/sensitivity_analysis/data/04365_stress.csv
4366,material_r_cable,3,True,0.9613755395830879,1.1841950494018358,27.42649612146172,1438.347410537994,5257.6544638143205,4.428388957862204,0.22581575591380484,23282.93897181026,0.18665323098525777,0.1092808,5547.73825841,5230.46208014,0.0,40.17175917,257.42555225,1.399365548693646,1.310261643004879,/home/chaoyu/phd_simulation/sensitivity_analysis/data/04366_verts.csv,/home/chaoyu/phd_simulation/sensitivity_analysis/data/04366_stress.csv
4367,material_r_cable,3,True,0.8415009430339302,1.147378525515149,77.62681998658842,981.9898933568358,17872.586667559972,3.9952145416740534,0.250299449396023,71404.81815156541,0.4327137811954974,0.03298262,13718.82529954,11400.20012712,0.0,338.12880404,606.21423379,1.3482397296633675,1.2727649175988205,/home/chaoyu/phd_simulation/sensitivity_analysis/data/04367_verts.csv,/home/chaoyu/phd_simulation/sensitivity_analysis/data/04367_stress.csv
4368,material_r_cable,3,True,1.3641461396689316,0.8599856447093414,22.120002970230946,1379.886250301753,5676.770304181894,3.2551525415128277,0.30720526526700076,18478.75328324224,0.39014112550332136,0.15582007,3121.36251227,2812.88300806,0.0,79.68893464,177.35075818,1.362620135543533,1.3331630296328374,/home/chaoyu/phd_simulation/sensitivity_analysis/data/04368_verts.csv,/home/chaoyu/phd_simulation/sensitivity_analysis/data/04368_stress.csv
4369,material_r_cable,3,True,1.1147560783469557,1.0145460341072858,73.84119550907448,228.85826322955205,17606.19092834545,3.5435697917866023,0.28220129946864075,62388.76632211226,0.3361868750730755,0.0157314,10147.43968394,3008.97308201,0.0,1475.85262656,168.49549331,1.2926353460211852,1.2144077746219148,/home/chaoyu/phd_simulation/sensitivity_analysis/data/04369_verts.csv,/home/chaoyu/phd_simulation/sensitivity_analysis/data/04369_stress.csv
4370,material_r_cable,3,True,1.337056970771163,1.0275758205871253,33.79135582878772,1450.3999951180956,10917.742333478596,1.6728229575669222,0.5977918915307536,18263.450020243257,0.4654866841843516,0.07095074,5406.8300387,5315.14340923,0.0,0.0,345.53486881,1.3282008765018276,1.3520588843864532,/home/chaoyu/phd_simulation/sensitivity_analysis/data/04370_verts.csv,/home/chaoyu/phd_simulation/sensitivity_analysis/data/04370_stress.csv
4372,material_r_cable,3,True,1.2968123199198553,1.1420785042909483,65.43065023801897,899.8854645333752,2286.642180231735,3.412349072546819,0.29305325414836486,7802.821322960197,0.36548658795869393,0.13078136,2455.1823489,2042.4528702,0.0,83.8924147,101.64449455,1.3733054884606517,1.303351333392743,/home/chaoyu/phd_simulation/sensitivity_analysis/data/04372_verts.csv,/home/chaoyu/phd_simulation/sensitivity_analysis/data/04372_stress.csv
4373,material_r_cable,3,True,1.3726181220479954,0.9154122289067842,56.86608012760636,624.2612351786825,19793.951807620855,4.027635632884765,0.24828462431785497,79722.82561597756,0.34957714874011847,0.0244681,10869.63379013,8882.92862465,0.0,279.47783397,514.10272769,1.3269256515784602,1.2736806933349842,/home/chaoyu/phd_simulation/sensitivity_analysis/data/04373_verts.csv,/home/chaoyu/phd_simulation/sensitivity_analysis/data/04373_stress.csv
4374,material_r_cable,3,True,1.3501739381501574,1.0656366573817202,42.88687757668916,1301.3771095074276,19716.8825187984,4.507685610885694,0.22184333299223027,88877.50762151123,0.42840492525049667,0.02423723,17826.37469946,14714.35317561,0.0,556.69906308,849.88559661,1.390387061735321,1.2645302846301525,/home/chaoyu/phd_simulation/sensitivity_analysis/data/04374_verts.csv,/home/chaoyu/phd_simulation/sensitivity_analysis/data/04374_stress.csv
4375,material_r_cable,3,True,1.0073910017133145,0.9939264972082661,32.85980768330567,839.211219174411,1660.3174621704527,1.3007696887167235,0.7687756016105755,2159.6906284384,0.272771812867583,0.23652392,955.27050887,473.27765375,263.38953408,815.22796173,10.26575171,1.3286036461800184,1.2632613544003235,/home/chaoyu/phd_simulation/sensitivity_analysis/data/04375_verts.csv,/home/chaoyu/phd_simulation/sensitivity_analysis/data/04375_stress.csv
4376,material_r_cable,3,True,1.3018141356998743,0.8172507367390701,0.9895521931609041,1171.043275777796,1096.9736328862139,3.3934234478529106,0.2946876555098718,3722.496047512469,0.42395185199623897,0.24640555,1302.26201701,681.80552489,257.72281204,862.37151965,40.37171746,1.329756021249178,1.2982029163714157,/home/chaoyu/phd_simulation/sensitivity_analysis/data/04376_verts.csv,/home/chaoyu/phd_simulation/sensitivity_analysis/data/04376_stress.csv
4377,material_r_cable,3,True,1.0698319034287915,1.3952940300232055,48.23082317063609,221.92570540591475,7035.942392995804,2.5275803102635477,0.39563530224514654,17783.90945668478,0.40485990237294356,0.00642211,12383.03671532,9331.08915624,818.64467566,264.93353509,561.20086801,1.224002884907394,1.2603868879549525,/home/chaoyu/phd_simulation/sensitivity_analysis/data/04377_verts.csv,/home/chaoyu/phd_simulation/sensitivity_analysis/data/04377_stress.csv
4378,material_r_cable,3,True,1.0447671721944465,1.2735130679038875,29.036979227020552,558.991161936586,19761.09899855477,3.3703549280197356,0.2967046561436049,66601.91739286494,0.18543474190003814,0.01030876,20412.78139755,20406.08186885,0.0,0.0,1055.1683721,1.3523011732422394,1.3483859451549978,/home/chaoyu/phd_simulation/sensitivity_analysis/data/04378_verts.csv,/home/chaoyu/phd_simulation/sensitivity_analysis/data/04378_stress.csv
4379,material_r_cable,3,True,0.8541902715753493,1.3230287236345286,15.86596625492974,259.0040184986948,7597.56844358771,3.714210941259436,0.2692361892781766,28218.971840140897,0.3694440590984125,0.00679286,11964.87018053,10910.55303301,129.73698068,495.40503266,696.99918839,1.2793859505124903,1.2283851799836305,/home/chaoyu/phd_simulation/sensitivity_analysis/data/04379_verts.csv,/home/chaoyu/phd_simulation/sensitivity_analysis/data/04379_stress.csv
4381,material_r_cable,3,True,0.8283116555588189,1.3594440498720528,87.63140900011169,1804.9208876666708,18369.790409263645,2.543577169039982,0.3931471048615475,46724.97948505264,0.13785773516663943,0.03012543,22274.5110545,20276.79910293,0.0,348.96768001,1267.34086286,1.3928681214255505,1.2753120800216944,/home/chaoyu/phd_simulation/sensitivity_analysis/data/04381_verts.csv,/home/chaoyu/phd_simulation/sensitivity_analysis/data/04381_stress.csv
4382,material_r_cable,3,True,0.9984692381533209,0.961714805732043,41.150203388153905,1116.440514390057,4404.127978509128,4.615069489898094,0.21668146106768182,20325.356663224047,0.2693511489573605,0.21530219,3612.22671642,1233.49565159,515.05956182,117.22118186,37.80381633,1.3131509317617729,1.3831980196890585,/home/chaoyu/phd_simulation/sensitivity_analysis/data/04382_verts.csv,/home/chaoyu/phd_simulation/sensitivity_analysis/data/04382_stress.csv
4384,material_r_cable,3,True,1.238806899979544,1.263336404335663,86.03186826569518,617.0329404218376,14893.709782951433,4.822053873546455,0.20738051175370514,71818.27095035769,0.3139732076318181,0.00890862,25192.9099818,23901.00048782,748.71552405,0.0,1165.1162944,1.2487198820704297,1.3693705264689413,/home/chaoyu/phd_simulation/sensitivity_analysis/data/04384_verts.csv,/home/chaoyu/phd_simulation/sensitivity_analysis/data/04384_stress.csv
4385,material_r_cable,3,True,1.0085965558694676,1.1835452683533925,41.838507690912266,564.915239375873,2876.452192417173,4.533725972731563,0.22056913144168294,13041.046014082387,0.45257741572946175,0.05188742,5094.93486938,3160.47455477,0.0,536.06068844,164.0280238,1.3540203873999774,1.2141609220473764,/home/chaoyu/phd_simulation/sensitivity_analysis/data/04385_verts.csv,/home/chaoyu/phd_simulation/sensitivity_analysis/data/04385_stress.csv
4386,material_r_cable,3,True,1.3446656280337121,0.8389882735674297,22.52982864772776,658.5916994232385,8755.42489105875,2.6610895791332103,0.37578592161701196,23298.969938479964,0.24194217323849185,0.01338106,5690.02089494,4666.434304,0.0,335.2061212,220.16153587,1.3990322300529092,1.2467351109618188,/home/chaoyu/phd_simulation/sensitivity_analysis/data/04386_verts.csv,/home/chaoyu/phd_simulation/sensitivity_analysis/data/04386_stress.csv
4387,material_r_cable,3,True,1.1632151032460845,1.2278303059287072,55.63826563499708,299.8080083363599,14894.285774585474,3.6923422763173313,0.27083079659597,54994.801041053775,0.35139900464138385,0.00642706,17340.36622863,15851.72931216,0.0,227.57129628,813.07328072,1.2996434632212335,1.2768779555707321,/home/chaoyu/phd_simulation/sensitivity_analysis/data/04387_verts.csv,/home/chaoyu/phd_simulation/sensitivity_analysis/data/04387_stress.csv
4388,material_r_cable,3,True,1.3931995214708524,1.1672662978094555,32.79092424289977,1523.2180436925921,12448.499721860124,3.6391564981240125,0.2747889519221008,45302.038654702235,0.3722495622881483,0.03599719,12994.47048464,12666.97489264,0.0,66.02863911,691.97573275,1.3669941887347752,1.289851664935806,/home/chaoyu/phd_simulation/sensitivity_analysis/data/04388_verts.csv,/home/chaoyu/phd_simulation/sensitivity_analysis/data/04388_stress.csv
4389,material_r_cable,3,True,1.2364939296874842,0.90799855374084,27.880768582929136,1327.641722105387,4086.556216648137,2.6749585758681693,0.37383756482114705,10931.368597490315,0.4296863329347177,0.15819679,3516.74510563,1495.81384405,1537.17776788,71.81965421,79.11278561,1.2164177900286912,1.3586822181111602,/home/chaoyu/phd_simulation/sensitivity_analysis/data/04389_verts.csv,/home/chaoyu/phd_simulation/sensitivity_analysis/data/04389_stress.csv
4390,material_r_cable,3,True,0.9296597619834978,1.28690319498771,29.753473522967102,462.33058029921256,13233.947173331799,3.26897215230905,0.30590655209272627,43261.40477475072,0.38666572522941256,0.01037437,14869.87051615,14865.04663228,0.0,0.0,875.17251715,1.3470606621267314,1.3025696701104132,/home/chaoyu/phd_simulation/sensitivity_analysis/data/04390_verts.csv,/home/chaoyu/phd_simulation/sensitivity_analysis/data/04390_stress.csv
4392,material_r_cable,3,True,1.296111157982389,1.366067296725729,64.68308451738442,1306.9914728808124,3492.9128138658916,2.0861535064899437,0.47935111049548285,7286.752314509986,0.41461736244958125,0.07216888,5670.45123697,4242.96959025,610.36944447,475.97408982,237.33457796,1.2259095807227307,1.2381706607866831,/home/chaoyu/phd_simulation/sensitivity_analysis/data/04392_verts.csv,/home/chaoyu/phd_simulation/sensitivity_analysis/data/04392_stress.csv
4395,material_r_cable,3,True,1.3754076067597425,1.0787050786434738,31.990898123613007,435.5172818623526,6711.615737480798,3.3174426804464816,0.30143700926444156,22265.40050227509,0.2576206480950266,0.03107811,4031.80962421,3509.97802523,138.30452934,0.0,224.52222683,1.272829149169485,1.375391103730377,/home/chaoyu/phd_simulation/sensitivity_analysis/data/04395_verts.csv,/home/chaoyu/phd_simulation/sensitivity_analysis/data/04395_stress.csv
4397,material_r_cable,3,True,1.3114203881768614,1.2214495680390287,1.662432385163447,1312.3248329068574,11228.84318662388,3.928485134534497,0.25455104595132805,44112.34353667089,0.39945465290494064,0.02975648,14654.59895255,14612.87046533,0.0,0.0,745.01125759,1.386519666463793,1.3281166258610388,/home/chaoyu/phd_simulation/sensitivity_analysis/data/04397_verts.csv,/home/chaoyu/phd_simulation/sensitivity_analysis/data/04397_stress.csv
4398,material_r_cable,3,True,1.195409770100067,1.0538171079216614,48.5014058184293,930.0400237414068,3596.658363368224,3.88010543706105,0.25772495521602135,13955.413670956143,0.19236074526663335,0.130945,3643.90423521,1539.17163901,24.24201921,649.76305824,74.69706256,1.3332456029144966,1.239536070851578,/home/chaoyu/phd_simulation/sensitivity_analysis/data/04398_verts.csv,/home/chaoyu/phd_simulation/sensitivity_analysis/data/04398_stress.csv
4399,material_r_cable,3,True,1.0207577780554358,1.0960435833623088,87.50853100082556,576.9666668349149,8099.796926866438,3.6717680567922346,0.2723483576665868,29740.575622572094,0.2376602729461634,0.06317889,3970.21421668,3248.32749619,186.7401925,0.0,151.19640239,1.2619533712907647,1.3105148600846908,/home/chaoyu/phd_simulation/sensitivity_analysis/data/04399_verts.csv,/home/chaoyu/phd_simulation/sensitivity_analysis/data/04399_stress.csv
4400,material_r_cable,3,True,0.9841437482977855,1.321811602778518,59.773259940746634,1527.5739338224548,9290.808948233955,3.824884909755361,0.26144577512633177,35536.274945520134,0.48692415991120896,0.03056582,16471.99791033,15677.00674247,160.41411586,2.02417793,934.35062346,1.2773836658885473,1.2940878684840438,/home/chaoyu/phd_simulation/sensitivity_analysis/data/04400_verts.csv,/home/chaoyu/phd_simulation/sensitivity_analysis/data/04400_stress.csv
4401,material_r_cable,3,True,1.0517599455548057,1.2768306643235494,36.462821583735746,1997.2913290281278,18817.39734136125,2.3804123865958373,0.4200952766130043,44793.1657148719,0.49131890435318304,0.03071264,24212.80952877,17439.69230553,0.0,2069.10742727,1013.25094608,1.30071484395292,1.207748988577865,/home/chaoyu/phd_simulation/sensitivity_analysis/data/04401_verts.csv,/home/chaoyu/phd_simulation/sensitivity_analysis/data/04401_stress.csv
4402,material_r_cable,3,True,1.1410478537840743,1.063359647414545,17.13310914666056,1099.433747817912,5334.878174772767,4.338520492885712,0.23049332177635115,23145.47828830037,0.4495187598364092,0.11082346,3552.90190979,3104.4334068,0.0,75.09962529,152.30177411,1.3838096946519838,1.301917247736355,/home/chaoyu/phd_simulation/sensitivity_analysis/data/04402_verts.csv,/home/chaoyu/phd_simulation/sensitivity_analysis/data/04402_stress.csv
4403,material_r_cable,3,True,0.9246693575473223,1.207702630610306,47.57387310067509,541.714246826394,7888.244315172929,2.559822150919603,0.3906521395014709,20192.5025298453,0.4644088748268943,0.03681147,5036.6773315,5012.21666957,0.0,0.0,282.83376683,1.3069401959960871,1.3307936915755867,/home/chaoyu/phd_simulation/sensitivity_analysis/data/04403_verts.csv,/home/chaoyu/phd_simulation/sensitivity_analysis/data/04403_stress.csv
4404,material_r_cable,3,True,1.0384914710988378,1.3736970702457931,46.88423846773665,553.4957418309102,7772.954331688202,1.2219594776777107,0.8183577428446837,9498.235215162415,0.48419442130514223,0.02598067,6960.25789142,5008.47020431,614.71561191,166.67653886,326.10963529,1.225005456331346,1.264819081502106,/home/chaoyu/phd_simulation/sensitivity_analysis/data/04404_verts.csv,/home/chaoyu/phd_simulation/sensitivity_analysis/data/04404_stress.csv
4406,material_r_cable,3,True,0.9122296862914663,1.3211057420977839,58.7272807183511,562.8219549674124,15169.146729704227,2.7069626064426577,0.3694177369203283,41062.31296895127,0.23879728532287114,0.0106329,23195.92166571,15333.09164719,265.1938301,2072.55465587,901.53891055,1.2663330733071794,1.204733246652265,/home/chaoyu/phd_simulation/sensitivity_analysis/data/04406_verts.csv,/home/chaoyu/phd_simulation/sensitivity_analysis/data/04406_stress.csv
4407,material_r_cable,3,True,0.8274583667393571,1.3556179275588098,89.35462260613242,1228.432373269705,13792.80551350042,4.268876428344527,0.23425367700039065,58879.782337322365,0.23180066662610704,0.0133771,35399.51255647,24762.47956757,1019.73137015,2480.74010234,1619.69178407,1.2194475334590147,1.214582114804656,/home/chaoyu/phd_simulation/sensitivity_analysis/data/04407_verts.csv,/home/chaoyu/phd_simulation/sensitivity_analysis/data/04407_stress.csv
4409,material_r_cable,3,True,1.278086663273765,1.2813578272086628,26.669199197631873,1018.1955551544748,12366.811037501637,4.677714460582834,0.21377961575606774,57848.41082141681,0.4625624645115488,0.0141071,25187.46743676,25173.48098056,0.0,0.0,1261.34906255,1.334623640159172,1.350849228612071,/home/chaoyu/phd_simulation/sensitivity_analysis/data/04409_verts.csv,/home/chaoyu/phd_simulation/sensitivity_analysis/data/04409_stress.csv
4410,material_r_cable,3,True,0.8372869435557097,1.117333729243903,51.259295242185935,1936.920650898172,4882.703884717224,2.716989198189961,0.3680544628834715,13266.25371273686,0.3021763858759448,0.19786946,5278.34900174,2938.3814268,30.67562428,859.30497775,151.45846831,1.3969487339209938,1.278697009770992,/home/chaoyu/phd_simulation/sensitivity_analysis/data/04410_verts.csv,/home/chaoyu/phd_simulation/sensitivity_analysis/data/04410_stress.csv
4411,material_r_cable,3,True,1.1654764735413639,1.1700298809273049,85.47120523570754,538.818070076276,19904.787999365206,2.838340339082671,0.35231856667449263,56496.562719486916,0.38235200506083666,0.01319642,12944.19076831,12935.13403477,0.0,0.0,696.67731119,1.3445901398609197,1.3121980053159445,/home/chaoyu/phd_simulation/sensitivity_analysis/data/04411_verts.csv,/home/chaoyu/phd_simulation/sensitivity_analysis/data/04411_stress.csv
4412,material_r_cable,3,True,1.104800495140961,0.8905358117710804,25.150463649033775,431.669138965457,5291.099363233981,2.2451821013293243,0.44539817033456724,11879.48158668792,0.18471440829556976,0.18307125,1752.88700786,1081.83002978,61.03661668,29.55159564,50.63298779,1.3479039477905466,1.3745735472439833,/home/chaoyu/phd_simulation/sensitivity_analysis/data/04412_verts.csv,/home/chaoyu/phd_simulation/sensitivity_analysis/data/04412_stress.csv
4414,material_r_cable,3,True,1.2720549770812415,0.9775183715098739,66.15362936259555,1201.4311359655446,17268.478041295355,3.6532012501605036,0.27373252430483125,63085.225568829395,0.18397076674143054,0.06159119,13722.49238076,5369.72989477,0.0,1217.3174841,291.55131918,1.3301005885180692,1.2304782464617392,/home/chaoyu/phd_simulation/sensitivity_analysis/data/04414_verts.csv,/home/chaoyu/phd_simulation/sensitivity_analysis/data/04414_stress.csv
4415,material_r_cable,3,True,1.3094311295940138,1.249368338834651,28.949542910524546,495.16760181964634,8448.930302009754,1.7264113028382297,0.5792362447789785,14586.328770282058,0.14165789874203927,0.02689894,6297.56642116,4362.32317616,0.0,767.93271506,257.35059639,1.2941908067747432,1.2213367870601768,/home/chaoyu/phd_simulation/sensitivity_analysis/data/04415_verts.csv,/home/chaoyu/phd_simulation/sensitivity_analysis/data/04415_stress.csv
4416,material_r_cable,3,True,0.8099334168258343,1.2791769567777036,18.924908547330148,1530.6599904714446,6836.038585243014,3.1636121020601125,0.316094378115702,21626.574398424687,0.4719194668303326,0.04981776,10694.39764514,7450.67284692,778.0974143,804.73255098,489.04818184,1.2356357449306095,1.2119890690549766,/home/chaoyu/phd_simulation/sensitivity_analysis/data/04416_verts.csv,/home/chaoyu/phd_simulation/sensitivity_analysis/data/04416_stress.csv
4417,material_r_cable,3,True,1.369559783758033,1.0270038104907315,12.661192054333096,465.2838252908204,3921.516549284117,1.462148197696541,0.6839252009990463,5733.83835477293,0.43086422674112257,0.05444585,2772.83599608,1960.13784542,0.0,331.76270033,129.9945629,1.3407202844053305,1.2313189128047883,/home/chaoyu/phd_simulation/sensitivity_analysis/data/04417_verts.csv,/home/chaoyu/phd_simulation/sensitivity_analysis/data/04417_stress.csv
4418,material_r_cable,3,True,1.3175117063984296,1.1545759880248232,27.498833200462933,377.8645601460465,11508.22068210906,2.8412814205873014,0.35195387290896973,32698.093608094994,0.1283520834326315,0.01828268,5825.01500897,5815.53794521,0.0,0.0,340.8148056,1.3520155880013986,1.3044361709314685,/home/chaoyu/phd_simulation/sensitivity_analysis/data/04418_verts.csv,/home/chaoyu/phd_simulation/sensitivity_analysis/data/04418_stress.csv
4419,material_r_cable,3,True,0.8728343333551006,1.0596445018544722,19.02247502084545,1576.7687842891419,3456.4655636629927,3.3866393558304306,0.2952779717386802,11705.802309973704,0.2353328504629838,0.19315621,4462.39353626,1885.75725576,1346.20300733,267.71939261,86.88756095,1.2581284349958168,1.2946247201601828,/home/chaoyu/phd_simulation/sensitivity_analysis/data/04419_verts.csv,/home/chaoyu/phd_simulation/sensitivity_analysis/data/04419_stress.csv
4420,material_r_cable,3,True,1.073846126222218,1.1879726323992956,66.88619340053548,1794.3156074605279,19148.46382760914,4.189825813644285,0.2386734065992605,80228.72803655063,0.17529943150418792,0.0427204,16680.00693476,16568.10885619,0.0,0.0,792.60765536,1.3324220592083966,1.2965955886594978,/home/chaoyu/phd_simulation/sensitivity_analysis/data/04420_verts.csv,/home/chaoyu/phd_simulation/sensitivity_analysis/data/04420_stress.csv
4421,material_r_cable,3,True,1.1590173276608882,1.1364058397936754,63.65889368959901,1154.3212630205949,5184.744260307962,3.144470299755524,0.31801858649380405,16303.27433836631,0.24340634987664314,0.10949065,4912.52121132,2996.81633676,0.0,439.18335136,146.60767012,1.3429083176283547,1.2567277225665727,/home/chaoyu/phd_simulation/sensitivity_analysis/data/04421_verts.csv,/home/chaoyu/phd_simulation/sensitivity_analysis/data/04421_stress.csv
4422,material_r_cable,3,True,1.1190092833239929,1.3955678044307342,49.6182873537189,339.07296123124456,4496.421346183124,2.9979521239489975,0.3335610305486694,13480.055924959308,0.37828584230406215,0.01526112,7601.26749475,7039.10893405,0.0,104.63225687,403.3437984,1.3718140759449886,1.2745142205577173,/home/chaoyu/phd_simulation/sensitivity_analysis/data/04422_verts.csv,/home/chaoyu/phd_simulation/sensitivity_analysis/data/04422_stress.csv
4424,material_r_cable,3,True,0.9388343952906293,0.9718266053470441,30.268838283169416,1542.2758794272982,8892.274708020634,1.6783380158589747,0.5958275332804156,14924.242689932295,0.2412767359804747,0.22706298,3760.15796653,1408.07897,830.38898219,392.18421905,40.38129642,1.3112321162159954,1.3449964864188118,/home/chaoyu/phd_simulation/sensitivity_analysis/data/04424_verts.csv,/home/chaoyu/phd_simulation/sensitivity_analysis/data/04424_stress.csv
4426,material_r_cable,3,True,0.8121541634205145,1.3143104369222902,69.04191020874256,875.8532522831022,11303.771046257112,3.472348534649247,0.2879895235231659,39250.632828481466,0.4388617607956501,0.01664535,18508.94924947,14972.78574099,0.0,803.93468666,1006.79563931,1.3456202359753808,1.2449933930627217,/home/chaoyu/phd_simulation/sensitivity_analysis/data/04426_verts.csv,/home/chaoyu/phd_simulation/sensitivity_analysis/data/04426_stress.csv
4427,material_r_cable,3,True,1.3962824412976074,1.3688203237824803,6.5801249686249745,1721.9904087656994,18145.44500967684,2.3616611835539123,0.42343076431275556,42853.393137665844,0.3673407416459764,0.01896505,30172.17075567,23824.48730329,2245.48731561,902.73520161,1333.6346928,1.2199306610860743,1.2502551104796866,/home/chaoyu/phd_simulation/sensitivity_analysis/data/04427_verts.csv,/home/chaoyu/phd_simulation/sensitivity_analysis/data/04427_stress.csv
4428,material_r_cable,3,True,1.2554655671299046,0.8972657574132956,82.30731099740134,585.2130944621078,9452.880719624723,2.41382133905212,0.4142808681908034,22817.565196544518,0.283133423639315,0.09506291,3447.31908274,3024.07861027,8.62578633,0.0,157.64233488,1.3302537134900814,1.365091336924263,/home/chaoyu/phd_simulation/sensitivity_analysis/data/04428_verts.csv,/home/chaoyu/phd_simulation/sensitivity_analysis/data/04428_stress.csv
4429,material_r_cable,3,True,0.9238870425701393,1.3777112637485258,1.315007122901708,639.6110810767532,8269.033460932427,1.8112418748461896,0.5521073766500235,14977.219668945125,0.16121781755953482,0.03328735,6731.17627364,6709.47706006,0.0,0.0,398.25333253,1.35180196841584,1.3307421431605033,/home/chaoyu/phd_simulation/sensitivity_analysis/data/04429_verts.csv,/home/chaoyu/phd_simulation/sensitivity_analysis/data/04429_stress.csv
4430,material_r_cable,3,True,1.3083684089259857,1.1910323133487268,78.8269205693105,1743.3073348996793,17493.40885032627,3.167503930213974,0.31570600132844895,55410.441286248366,0.391027542160595,0.03248758,16625.26055787,16462.70361772,37.95271522,0.0,888.93562761,1.290216910490846,1.3817763257427906,/home/chaoyu/phd_simulation/sensitivity_analysis/data/04430_verts.csv,/home/chaoyu/phd_simulation/sensitivity_analysis/data/04430_stress.csv
4431,material_r_cable,3,True,0.8877896562248797,0.9761286078190512,23.968016099787107,1653.2409439735095,7388.871187672908,1.602389839450859,0.6240678612532273,11839.852116138269,0.3464319160109901,0.21488118,3479.71770345,1324.6761118,791.540646,1351.24835426,44.69740841,1.3003197246887703,1.2514946807630785,/home/chaoyu/phd_simulation/sensitivity_analysis/data/04431_verts.csv,/home/chaoyu/phd_simulation/sensitivity_analysis/data/04431_stress.csv
4432,material_r_cable,3,True,1.3416654377980586,1.339756438260656,2.152739678219471,1904.701107416809,1008.6461540953077,2.746978039606511,0.36403640130419257,2770.728835033375,0.38546774044574494,0.24481743,2991.11189216,2044.71575402,410.68537686,293.62015267,76.67463944,1.3501338928244782,1.3468043050203296,/home/chaoyu/phd_simulation/sensitivity_analysis/data/04432_verts.csv,/home/chaoyu/phd_simulation/sensitivity_analysis/data/04432_stress.csv
4433,material_r_cable,3,True,1.2033567969511354,1.3582115051661334,5.7496899394816925,1883.1012748242465,13741.017757778014,1.1183585906803122,0.894167584827767,15367.385254101764,0.28958051486685843,0.07085171,7485.6327671,7376.50286286,0.0,0.0,442.16482075,1.3539751720399544,1.3459040543792515,/home/chaoyu/phd_simulation/sensitivity_analysis/data/04433_verts.csv,/home/chaoyu/phd_simulation/sensitivity_analysis/data/04433_stress.csv
4434,material_r_cable,3,True,1.0772883057378098,0.9798481283579097,30.036548714713184,1235.7183969516698,13836.67800553892,1.781927219704536,0.5611901479151384,24655.95316835687,0.2501066394937719,0.16091309,3288.55328928,1875.78735106,367.48842765,0.0,91.27705499,1.3048507745256526,1.37996709935038,/home/chaoyu/phd_simulation/sensitivity_analysis/data/04434_verts.csv,/home/chaoyu/phd_simulation/sensitivity_analysis/data/04434_stress.csv
4435,material_r_cable,3,True,1.1665273760839947,1.2684178138696296,74.50567861914419,385.8245310402178,14442.42376373826,4.119078963909512,0.24277271903786887,59489.48391308111,0.204731280906513,0.00788485,18871.49715755,18176.11283787,0.0,113.98254007,895.41021663,1.3754168418157993,1.2856062430475381,/home/chaoyu/phd_simulation/sensitivity_analysis/data/04435_verts.csv,/home/chaoyu/phd_simulation/sensitivity_analysis/data/04435_stress.csv
4436,material_r_cable,3,True,1.1892983089051015,1.1603579404147903,37.067568507120896,1176.8233103262037,1300.0554050325786,2.0702249006524487,0.48303930635016595,2691.407071726249,0.12554909884948987,0.25551545,1672.75616695,953.35906887,410.43459068,318.62984463,27.53734506,1.3421310158079303,1.3494683395516032,/home/chaoyu/phd_simulation/sensitivity_analysis/data/04436_verts.csv,/home/chaoyu/phd_simulation/sensitivity_analysis/data/04436_stress.csv
4437,material_r_cable,3,True,0.8398829147904383,1.166251519290654,20.210531901673644,1511.9506429477408,2934.9454089934156,4.325675492701489,0.23117776672967114,12695.621428099566,0.478590554207157,0.14337022,4884.86067629,3088.19169896,412.91474712,94.28904585,173.08496811,1.2755890151771465,1.3028193188251687,/home/chaoyu/phd_simulation/sensitivity_analysis/data/04437_verts.csv,/home/chaoyu/phd_simulation/sensitivity_analysis/data/04437_stress.csv
4438,material_r_cable,3,True,1.1296348474619338,1.3080570842156998,54.98966456701403,1275.3513361816917,14188.80810190781,1.1541520952200088,0.8664369316154785,16376.042599491537,0.313202451700492,0.05657952,6453.51220197,6389.89975444,0.0,0.0,383.25222872,1.3046304051128692,1.3003628838991335,/home/chaoyu/phd_simulation/sensitivity_analysis/data/04438_verts.csv,/home/chaoyu/phd_simulation/sensitivity_analysis/data/04438_stress.csv
4439,material_r_cable,3,True,1.3551246306443407,1.2959871977747595,7.671617589210976,1819.3124266002635,19235.623251232184,3.9769719997936344,0.2514475837526365,76499.53506872979,0.4568790409357235,0.01572031,39795.48549413,36735.92206732,0.0,1283.82215482,1875.84823074,1.30404610827262,1.2426738815954061,/home/chaoyu/phd_simulation/sensitivity_analysis/data/04439_verts.csv,/home/chaoyu/phd_simulation/sensitivity_analysis/data/04439_stress.csv
4440,material_r_cable,3,True,1.3691481997142705,1.396865269715843,70.5458267609045,516.0052691259731,2696.155613771535,1.6106026663341102,0.6208855982314361,4342.435420392114,0.3715211140531638,0.05293223,2806.12945951,2734.11351295,0.0,18.27300599,160.07515609,1.377734200549094,1.2923133326086274,/home/chaoyu/phd_simulation/sensitivity_analysis/data/04440_verts.csv,/home/chaoyu/phd_simulation/sensitivity_analysis/data/04440_stress.csv
4441,material_r_cable,3,True,1.0441531195281577,1.3603023334845366,39.005879990527966,729.3136441824205,5488.654561264812,3.2399102957703665,0.30865052075839217,17782.74842296885,0.1432083048609426,0.03350252,8613.21858523,7449.41281496,197.78419542,144.13580318,403.61078644,1.266167448039839,1.2694170069847415,/home/chaoyu/phd_simulation/sensitivity_analysis/data/04441_verts.csv,/home/chaoyu/phd_simulation/sensitivity_analysis/data/04441_stress.csv
4442,material_r_cable,3,True,1.1834635727283493,1.0866968425039623,53.55075955003005,1960.3638520280622,13202.070428964757,3.7658235889031335,0.2655461617869542,49716.668243755994,0.16782872670705143,0.08524691,11257.15521485,5633.40259771,1372.03963689,83.13715832,287.94186231,1.22848267588658,1.3038926289614319,/home/chaoyu/phd_simulation/sensitivity_analysis/data/04442_verts.csv,/home/chaoyu/phd_simulation/sensitivity_analysis/data/04442_stress.csv
4444,material_r_cable,3,True,1.2220773212988276,0.9127743050113053,52.052994333353,1031.6040147988015,7642.558674677952,2.061893122066852,0.48499119052184186,15758.139166310826,0.24945543489379907,0.13492922,3972.56415723,2323.31749658,488.63240315,159.92783024,118.55611174,1.262900811623511,1.3032256348428195,/home/chaoyu/phd_simulation/sensitivity_analysis/data/04444_verts.csv,/home/chaoyu/phd_simulation/sensitivity_analysis/data/04444_stress.csv
4445,material_r_cable,3,True,0.8322212715530966,1.3010171270744388,6.116654077169872,1632.538804167093,10693.99182413423,2.9881885024973114,0.3346509094604549,31955.663414678154,0.4761118520586113,0.03735401,13211.73154341,11949.09073133,0.0,831.98828247,785.34444066,1.3342303766465822,1.2168017050939566,/home/chaoyu/phd_simulation/sensitivity_analysis/data/04445_verts.csv,/home/chaoyu/phd_simulation/sensitivity_analysis/data/04445_stress.csv
4448,material_r_cable,3,True,1.2616219248890548,1.1164480512864865,38.180767982017166,1493.6102059775399,1701.5479741212237,1.662180549738474,0.601619360879502,2828.2799470312025,0.29645130692473287,0.25517876,1806.56453437,1200.17291498,375.92638933,367.18949734,39.76556466,1.3534144963521808,1.3536149923315304,/home/chaoyu/phd_simulation/sensitivity_analysis/data/04448_verts.csv,/home/chaoyu/phd_simulation/sensitivity_analysis/data/04448_stress.csv
4449,material_r_cable,3,True,0.9720898740874717,0.8715699699893247,39.98815257153535,743.9489432972355,7112.472191841922,1.5489581085072754,0.6455952517422797,11016.921473086059,0.10258316682183881,0.18104714,3734.31413475,816.39492657,1688.07987174,176.10891506,25.34710386,1.20648950053534,1.3445295673759667,/home/chaoyu/phd_simulation/sensitivity_analysis/data/04449_verts.csv,/home/chaoyu/phd_simulation/sensitivity_analysis/data/04449_stress.csv
4450,material_r_cable,3,True,1.1727144142450538,1.3075319769794609,67.82519151872867,1307.970909858949,8202.921206730705,3.3691121901185372,0.29681409925527485,27636.561832178282,0.38884134515026114,0.03764849,11985.4224572,11449.83315511,130.54517898,0.0,609.38618225,1.2787996128436292,1.3843147672398661,/home/chaoyu/phd_simulation/sensitivity_analysis/data/04450_verts.csv,/home/chaoyu/phd_simulation/sensitivity_analysis/data/04450_stress.csv
4452,material_r_cable,3,True,1.2134804525861518,1.2517348283633767,40.99197742415811,1792.5517506024908,12658.897252278508,4.1849073310557205,0.2389539172299262,52976.31191414144,0.45472592454478933,0.02906962,25228.15340914,19866.79367146,932.0244431,0.0,1017.5001957,1.2464370508997007,1.3941091732261666,/home/chaoyu/phd_simulation/sensitivity_analysis/data/04452_verts.csv,/home/chaoyu/phd_simulation/sensitivity_analysis/data/04452_stress.csv
4453,material_r_cable,3,True,1.042590128434138,1.0045219500991525,24.7894980399056,334.92258604119064,15635.641564641008,4.786364883192904,0.2089268211689111,74837.88571118908,0.4157126180030476,0.06138949,1681.89457655,1539.27561022,0.0,0.0,86.11033696,1.3694717091269786,1.3010208182784804,/home/chaoyu/phd_simulation/sensitivity_analysis/data/04453_verts.csv,/home/chaoyu/phd_simulation/sensitivity_analysis/data/04453_stress.csv
4455,material_r_cable,3,True,1.1758991011787376,1.3154134949669736,43.72540940506188,1387.888874891253,17415.5824599286,3.6842898894099094,0.2714227246000352,64164.05437529949,0.1493982696584989,0.02159235,27382.01718,22862.30140016,778.56076609,0.0,1140.07221374,1.2555725842560412,1.3338659756942572,/home/chaoyu/phd_simulation/sensitivity_analysis/data/04455_verts.csv,/home/chaoyu/phd_simulation/sensitivity_analysis/data/04455_stress.csv
4456,material_r_cable,3,True,1.376721849134925,1.2479445359099668,68.36546821739996,570.3416134024388,10719.504555151447,1.178364649112912,0.8486337406275831,12631.485223795296,0.44845501200118687,0.01658374,10349.16550183,7683.93330613,0.0,1536.15821571,478.438331,1.341842903487765,1.2040644096906699,/home/chaoyu/phd_simulation/sensitivity_analysis/data/04456_verts.csv,/home/chaoyu/phd_simulation/sensitivity_analysis/data/04456_stress.csv
4457,material_r_cable,3,True,0.9270683387294995,1.3291152431255562,51.960497630573784,438.65771248056046,8511.81896313576,4.9320807411501875,0.20275418276441165,41980.97838023884,0.3915054506407919,0.00714471,24948.86009593,17327.4593774,0.0,2102.14609576,1050.65106842,1.3493611001324506,1.2013659607062939,/home/chaoyu/phd_simulation/sensitivity_analysis/data/04457_verts.csv,/home/chaoyu/phd_simulation/sensitivity_analysis/data/04457_stress.csv
4459,material_r_cable,3,True,1.1474989266745155,1.1434011318584236,3.145957577540015,1172.9739331577393,8463.393404816965,4.279249162546687,0.2336858551617675,36216.96913986615,0.4607766725994419,0.0496527,8476.07279544,7833.29541084,0.0,149.25303316,393.72976824,1.3973582870972427,1.2765087602536915,/home/chaoyu/phd_simulation/sensitivity_analysis/data/04459_verts.csv,/home/chaoyu/phd_simulation/sensitivity_analysis/data/04459_stress.csv
4460,material_r_cable,3,True,0.8060564398921699,1.226363924516769,76.22677908835145,637.7945664193301,2426.0667827076422,4.790823219350255,0.20873239404054297,11622.857074290141,0.20389309023232924,0.06191309,4682.22607021,3066.03968618,132.78447058,405.31463414,179.58004721,1.237026165879909,1.2324476941182227,/home/chaoyu/phd_simulation/sensitivity_analysis/data/04460_verts.csv,/home/chaoyu/phd_simulation/sensitivity_analysis/data/04460_stress.csv
4462,material_r_cable,3,True,1.0390556166423992,1.1494695779451165,80.72469659967186,871.7801265633857,17052.16764514314,1.1939503164156942,0.8375557895926994,20359.440955492115,0.21788502741200033,0.05246461,6721.00163092,3487.50003739,1080.78391218,737.70967702,185.56219144,1.2139506768350194,1.2338359908878935,/home/chaoyu/phd_simulation/sensitivity_analysis/data/04462_verts.csv,/home/chaoyu/phd_simulation/sensitivity_analysis/data/04462_stress.csv
4463,material_r_cable,3,True,1.2348551935473542,1.1898860566442062,31.359920636477693,1866.812388710643,19307.29590810029,3.707078596563456,0.26975419429386316,71573.66341843577,0.4680452717155227,0.02801326,21822.43533568,21763.15971878,0.0,0.0,1131.09690182,1.3875404917653942,1.376863653523924,/home/chaoyu/phd_simulation/sensitivity_analysis/data/04463_verts.csv,/home/chaoyu/phd_simulation/sensitivity_analysis/data/04463_stress.csv
4464,material_r_cable,3,True,0.815224656787651,1.1567981036356332,71.42693156096276,1995.0123939124994,4776.309553224421,1.0148566448816523,0.9853608438624504,4847.2694881015195,0.18791647902375958,0.23906313,3394.57993495,1763.2740724,191.75705901,1775.3855465,95.72135992,1.3697401757353027,1.2764267585529077,/home/chaoyu/phd_simulation/sensitivity_analysis/data/04464_verts.csv,/home/chaoyu/phd_simulation/sensitivity_analysis/data/04464_stress.csv
4465,material_r_cable,3,True,0.803313808494193,1.2245226528013564,22.32813662995958,854.1191102811356,15977.213165161924,3.1090843998293636,0.32163810028923084,49674.50420455327,0.33484643537483644,0.02181271,15361.00637003,12508.66943278,0.0,1313.11348683,731.37488048,1.3382984127141233,1.203923811223696,/home/chaoyu/phd_simulation/sensitivity_analysis/data/04465_verts.csv,/home/chaoyu/phd_simulation/sensitivity_analysis/data/04465_stress.csv
4466,material_r_cable,3,True,0.9846446751283775,1.0567079424682788,75.21855257148339,1175.6968746933653,14554.579984974142,4.8983922808583005,0.20414861502778195,71294.04224953205,0.2523496872053964,0.0838053,7045.8779276,5181.72352145,453.74926698,0.0,225.85061951,1.257045876508176,1.3899429294996393,/home/chaoyu/phd_simulation/sensitivity_analysis/data/04466_verts.csv,/home/chaoyu/phd_simulation/sensitivity_analysis/data/04466_stress.csv
4467,material_r_cable,3,True,0.8425072416542253,1.2748703814054652,8.86098459192919,366.3540698383889,1638.6570825801705,1.3118026577106408,0.76230978350448,2149.5947160050328,0.3094721805098598,0.14811139,955.83556034,795.89409171,0.0,46.49171632,47.26071178,1.358365812006727,1.2807491878529254,/home/chaoyu/phd_simulation/sensitivity_analysis/data/04467_verts.csv,/home/chaoyu/phd_simulation/sensitivity_analysis/data/04467_stress.csv
4468,material_r_cable,3,True,1.2995081527162369,1.0449051259979607,41.95311063598228,376.7874993738708,7026.184467957676,1.374860494850148,0.7273465226077315,9660.023454524715,0.14868026955835908,0.04674794,2863.41139725,2269.17823943,167.11774087,0.0,132.91010705,1.2600966907309368,1.3968607101400448,/home/chaoyu/phd_simulation/sensitivity_analysis/data/04468_verts.csv,/home/chaoyu/phd_simulation/sensitivity_analysis/data/04468_stress.csv
4469,material_r_cable,3,True,0.9066611747557553,1.0761568225514468,33.42593847828468,1800.0483489636217,18391.236561071448,1.0772798840239246,0.9282638753679648,19812.509189567612,0.2341406633619525,0.18415129,5693.69797472,3091.90612845,670.72413177,272.52939382,139.27029782,1.3052311087322896,1.3354405619228502,/home/chaoyu/phd_simulation/sensitivity_analysis/data/04469_verts.csv,/home/chaoyu/phd_simulation/sensitivity_analysis/data/04469_stress.csv
4470,material_r_cable,3,True,1.15089824428749,0.8589182437378374,71.32028569761803,1745.1367183197904,5371.827571935404,2.620995888807218,0.3815343641973767,14079.537981423953,0.1267489551927939,0.21630031,3774.0945546,1901.58397227,1638.15040188,264.51902124,91.73295091,1.263967862755087,1.3451008440881949,/home/chaoyu/phd_simulation/sensitivity_analysis/data/04470_verts.csv,/home/chaoyu/phd_simulation/sensitivity_analysis/data/04470_stress.csv
4471,material_r_cable,3,True,0.9743779557064787,1.0910141583859536,44.256276569991776,1892.9029042901548,10529.010368403378,1.6985431299244524,0.5887398337918436,17883.978226154886,0.2866122133039357,0.1418035,6974.71124352,2758.17035752,2662.00528712,0.0,123.7739192,1.2039268751936762,1.379658232760042,/home/chaoyu/phd_simulation/sensitivity_analysis/data/04471_verts.csv,/home/chaoyu/phd_simulation/sensitivity_analysis/data/04471_stress.csv
4472,material_r_cable,3,True,0.9028727010165603,0.9359155887368957,59.09785684306561,1096.075803076786,5744.933676074917,1.449433481798431,0.6899247275281775,8326.899220814325,0.4467258599929843,0.22298832,2295.52738553,802.12960784,695.56131664,701.44614641,18.8055871,1.2800155232300852,1.2839257313141845,/home/chaoyu/phd_simulation/sensitivity_analysis/data/04472_verts.csv,/home/chaoyu/phd_simulation/sensitivity_analysis/data/04472_stress.csv
4474,material_r_cable,3,True,1.1551801413820233,0.9565750618853893,81.88059437013216,530.4833901344355,16270.278827574688,2.3507772121937944,0.4253912258519722,38247.80070390175,0.32794169178369226,0.06598849,5272.67728956,2885.49461035,0.0,310.08740771,137.46768025,1.349998441846696,1.2654695559630311,/home/chaoyu/phd_simulation/sensitivity_analysis/data/04474_verts.csv,/home/chaoyu/phd_simulation/sensitivity_analysis/data/04474_stress.csv
4475,material_r_cable,3,True,1.3461135840115328,1.2339736430166184,89.97736260570822,1042.635681631546,3090.879134681671,1.6817920120328826,0.5946038468759524,5198.215838866743,0.4893653750350475,0.07789753,4252.50052792,2797.05675027,0.0,1052.21947876,162.37156091,1.3900054985182348,1.208495816577989,/home/chaoyu/phd_simulation/sensitivity_analysis/data/04475_verts.csv,/home/chaoyu/phd_simulation/sensitivity_analysis/data/04475_stress.csv
4478,material_r_cable,3,True,0.9910942483354954,1.041986439207713,17.747484276867493,552.9968588871475,2681.873538006661,4.8172433043708285,0.20758760494672757,12919.237344131892,0.28387504612931935,0.11139241,2932.62015148,1059.34216965,472.72471775,437.03023294,44.22456846,1.2386617043499886,1.2210409347994389,/home/chaoyu/phd_simulation/sensitivity_analysis/data/04478_verts.csv,/home/chaoyu/phd_simulation/sensitivity_analysis/data/04478_stress.csv
4479,material_r_cable,3,True,1.276638842376845,1.3443647920272734,69.21628721269693,1237.5553709831106,12771.062036068824,4.762437303073348,0.20997651756059216,60821.38224043803,0.40993143044748437,0.01388429,35529.1656086,30082.69747617,60.86939766,1069.76472476,1519.45551976,1.2868422000388013,1.2495984674655762,/home/chaoyu/phd_simulation/sensitivity_analysis/data/04479_verts.csv,/home/chaoyu/phd_simulation/sensitivity_analysis/data/04479_stress.csv
4480,material_r_cable,3,True,0.8148770971430664,1.0360495639754157,43.448031635695486,856.3111598917393,8967.287323446586,4.710258885511074,0.2123025558268222,42238.244794195096,0.21003430651017432,0.12962539,5596.82198845,3014.58483248,394.77395414,127.95566683,140.08496771,1.2654274124567517,1.3189862782964141,/home/chaoyu/phd_simulation/sensitivity_analysis/data/04480_verts.csv,/home/chaoyu/phd_simulation/sensitivity_analysis/data/04480_stress.csv
4481,material_r_cable,3,True,0.9434667990049064,0.9021838234682584,77.28767719622199,443.31678748468266,1963.1341867407002,3.6170273912792967,0.2764701208542169,7100.710126197919,0.23338808688603818,0.20988972,1358.07521375,351.6712835,526.84160539,196.54568492,7.99319459,1.2469448921633897,1.307798718261699,/home/chaoyu/phd_simulation/sensitivity_analysis/data/04481_verts.csv,/home/chaoyu/phd_simulation/sensitivity_analysis/data/04481_stress.csv
4484,material_r_cable,3,True,1.0436195174453784,1.0130070255656265,44.059878005057016,1789.5008050895342,1757.8334669970282,2.9803959757666965,0.3355258858658046,5239.039791105963,0.13066041308892418,0.24635504,2478.79226966,1053.08956717,1071.94240957,1323.12222177,27.04958929,1.2812279309403454,1.2682462784394832,/home/chaoyu/phd_simulation/sensitivity_analysis/data/04484_verts.csv,/home/chaoyu/phd_simulation/sensitivity_analysis/data/04484_stress.csv
4485,material_r_cable,3,True,1.1438841598835618,1.131209005055917,9.497760992338225,1931.6755257412444,12008.84686439836,4.975031100026466,0.20100376859848781,59744.38662583715,0.4560948026471964,0.04979334,14898.40888708,11865.25327291,0.0,1236.48434595,581.23503897,1.314348794417656,1.2193686457768735,/home/chaoyu/phd_simulation/sensitivity_analysis/data/04485_verts.csv,/home/chaoyu/phd_simulation/sensitivity_analysis/data/04485_stress.csv
4486,material_r_cable,3,True,1.3708211499504448,0.8376789674855354,56.16917941845602,1906.316855423684,4477.175760672448,2.1934315123757293,0.4559066441590826,9820.378399903724,0.2700425244147022,0.18006022,4896.41020277,2535.69111161,151.48481501,1019.51838835,159.23270466,1.3515241546488777,1.2507849529224089,/home/chaoyu/phd_simulation/sensitivity_analysis/data/04486_verts.csv,/home/chaoyu/phd_simulation/sensitivity_analysis/data/04486_stress.csv
4487,material_r_cable,3,True,1.0363948821009388,1.394056069506384,79.13837019173495,1058.9156439219332,3661.5657514914915,1.0463500935766858,0.9557030731289471,3831.2796667103103,0.4413165999368184,0.12667573,2384.96948231,2241.90040438,37.7342639,0.0,139.69782877,1.3123034357757344,1.3391743445177298,/home/chaoyu/phd_simulation/sensitivity_analysis/data/04487_verts.csv,/home/chaoyu/phd_simulation/sensitivity_analysis/data/04487_stress.csv
4488,material_r_cable,3,True,0.8168641522541359,1.3360090242858664,64.17628042838568,1772.5204631283377,6460.258083531465,1.9802957608100336,0.5049750748297079,12793.221696556111,0.21553024776902577,0.10076804,6100.05187443,5433.30170926,221.88184724,119.84285608,341.4399016,1.2671035235522312,1.2959014439717589,/home/chaoyu/phd_simulation/sensitivity_analysis/data/04488_verts.csv,/home/chaoyu/phd_simulation/sensitivity_analysis/data/04488_stress.csv
4490,material_r_cable,3,True,1.2337885769756947,1.1047914826820289,78.87661528936061,1940.0546761287724,18495.050045275762,1.3893552765603272,0.7197583057918296,25696.1953706512,0.33568016232850306,0.07461673,8089.06454919,6320.50915876,688.77785902,0.0,382.87991409,1.2527068401179258,1.3642114908873397,/home/chaoyu/phd_simulation/sensitivity_analysis/data/04490_verts.csv,/home/chaoyu/phd_simulation/sensitivity_analysis/data/04490_stress.csv
4491,material_r_cable,3,True,1.1177704063915799,1.275990223605957,36.261248502408584,1591.6636019018706,8879.786113294433,4.17541207824606,0.23949731936879004,37076.76618969121,0.13185764462271682,0.05388384,11662.90086463,11564.44732144,0.0,0.0,563.39115659,1.350637074654542,1.3916001845879389,/home/chaoyu/phd_simulation/sensitivity_analysis/data/04491_verts.csv,/home/chaoyu/phd_simulation/sensitivity_analysis/data/04491_stress.csv
4492,material_r_cable,3,True,1.1580050214267392,0.9671324697543184,53.96236221908327,362.6263024409614,15549.680663408777,3.9723346431353908,0.2517411270291904,61768.53518895119,0.42451822331366085,0.04289738,3709.25690544,2621.25278206,238.45925201,83.1792609,136.90519542,1.2706177958310971,1.2873712053812953,/home/chaoyu/phd_simulation/sensitivity_analysis/data/04492_verts.csv,/home/chaoyu/phd_simulation/sensitivity_analysis/data/04492_stress.csv
4493,material_r_cable,3,True,1.3668683805837945,1.037718202321968,75.91140545597071,1054.2163356340247,13345.081122300533,1.9350176261414336,0.5167911581219408,25822.967193938835,0.2269787768485409,0.05099235,6066.42022093,5542.8138322,167.94267721,0.0,355.75599006,1.2791221686113057,1.309537308253465,/home/chaoyu/phd_simulation/sensitivity_analysis/data/04493_verts.csv,/home/chaoyu/phd_simulation/sensitivity_analysis/data/04493_stress.csv
4494,material_r_cable,3,True,0.9276713732222774,1.2177062062350936,34.389699798404486,1119.6628831392388,14126.978893979473,1.4347974244902715,0.696962500023487,20269.352932910173,0.2617047262719735,0.07866696,5999.17007754,5137.44654539,0.0,176.88549205,269.69347587,1.3227455005530973,1.2777240008183255,/home/chaoyu/phd_simulation/sensitivity_analysis/data/04494_verts.csv,/home/chaoyu/phd_simulation/sensitivity_analysis/data/04494_stress.csv
4497,material_r_cable,3,True,0.9776341686991303,1.1507937837692226,27.10847253757855,846.6319227118693,7388.092850308543,4.022618353007364,0.2485943015827953,29719.477893373634,0.34331601608650286,0.05747311,6298.47831003,5236.59045229,0.0,211.5653752,260.21162529,1.3843454184062574,1.2594887071683833,/home/chaoyu/phd_simulation/sensitivity_analysis/data/04497_verts.csv,/home/chaoyu/phd_simulation/sensitivity_analysis/data/04497_stress.csv
4498,material_r_cable,3,True,1.3989729109852114,1.192418627431039,78.08641921747885,350.96342989599543,11830.126676258957,4.601825609042581,0.21730506215511544,54440.17989702625,0.22387383161357766,0.00750107,20623.8697753,13105.99513668,0.0,1970.68438823,668.36212721,1.2953528669468302,1.2133143687869747,/home/chaoyu/phd_simulation/sensitivity_analysis/data/04498_verts.csv,/home/chaoyu/phd_simulation/sensitivity_analysis/data/04498_stress.csv
4499,material_r_cable,3,True,0.8807407570459292,1.0050015688001932,75.13142729623527,816.9949501192099,6530.741011372705,1.8659374996412477,0.535923630985638,12185.954553565338,0.31725222482117765,0.1560206,3034.95100207,1037.61463918,1333.56136565,437.81387898,40.28917806,1.2068269519896224,1.272480377637757,/home/chaoyu/phd_simulation/sensitivity_analysis/data/04499_verts.csv,/home/chaoyu/phd_simulation/sensitivity_analysis/data/04499_stress.csv
4502,material_r_cable,3,True,1.07921962079431,0.9233753743534776,76.5277282685393,1292.7765023891095,3659.0223661609048,1.0978485818106831,0.9108724250029987,4017.0525155033192,0.3575568309467215,0.21328061,2253.50427816,865.19210725,928.0026989,4283.25765305,31.30770112,1.3577453790539638,1.2005041333703752,/home/chaoyu/phd_simulation/sensitivity_analysis/data/04502_verts.csv,/home/chaoyu/phd_simulation/sensitivity_analysis/data/04502_stress.csv
4505,material_r_cable,3,True,1.1822519698956397,0.9273679075565238,26.46483631015645,1709.9568918368354,9899.696916378341,1.125612772271112,0.8884049867187743,11143.225290688404,0.331300772160977,0.1285452,5166.9364442,2532.29646083,1581.8610805,972.10043777,129.10530577,1.2127904011468005,1.2378949613887742,/home/chaoyu/phd_simulation/sensitivity_analysis/data/04505_verts.csv,/home/chaoyu/phd_simulation/sensitivity_analysis/data/04505_stress.csv
4506,material_r_cable,3,True,0.9997740952422451,1.290007125877652,71.64302600841394,1477.5798801658505,4283.181095628743,2.5160158828865153,0.39745377078174227,10776.551665881183,0.24513808605077228,0.11029763,4844.25337267,3937.70106245,595.44569121,0.0,212.35194403,1.2298590778405514,1.371905778592813,/home/chaoyu/phd_simulation/sensitivity_analysis/data/04506_verts.csv,/home/chaoyu/phd_simulation/sensitivity_analysis/data/04506_stress.csv
4507,material_r_cable,3,True,1.2800485247650188,1.2707963185109432,14.957713355889869,1620.545038541259,6400.354287677846,3.046660172509077,0.3282282707547426,19499.704498215797,0.26561695423307186,0.07349592,8621.26246552,6776.99429542,434.64123156,0.0,346.42792082,1.260896918366856,1.3262057360873245,/home/chaoyu/phd_simulation/sensitivity_analysis/data/04507_verts.csv,/home/chaoyu/phd_simulation/sensitivity_analysis/data/04507_stress.csv
4509,material_r_cable,3,True,1.3437018955215492,0.8621776587162292,51.47120775122546,763.0194440058254,7003.55571489758,1.8302484258859764,0.5463739161616411,12818.24682279603,0.11035163683890936,0.07895601,6263.4601231,3327.48228018,163.17578812,757.78616161,183.78279449,1.2764423206377469,1.2155557371421497,/home/chaoyu/phd_simulation/sensitivity_analysis/data/04509_verts.csv,/home/chaoyu/phd_simulation/sensitivity_analysis/data/04509_stress.csv
4510,material_r_cable,3,True,1.2425776597453817,1.2698134012395168,76.65725051116763,768.8629085365161,1239.220886876629,2.870360547081548,0.3483882890658996,3557.010742810082,0.4258089355376953,0.09315803,2227.14198991,1567.96719909,1032.33747592,196.16070093,80.05453338,1.2033210073797993,1.2519017410562387,/home/chaoyu/phd_simulation/sensitivity_analysis/data/04510_verts.csv,/home/chaoyu/phd_simulation/sensitivity_analysis/data/04510_stress.csv
4511,material_r_cable,3,True,1.2078201264486856,0.8698951452544835,21.536256707550898,988.9369785966405,6628.942082815805,1.7349443093310728,0.5763873771749833,11500.84534346655,0.2637794053759514,0.14838942,4605.69525915,2059.77157296,915.26773475,72.91753938,104.89373366,1.2173339460867436,1.3541871322798167,/home/chaoyu/phd_simulation/sensitivity_analysis/data/04511_verts.csv,/home/chaoyu/phd_simulation/sensitivity_analysis/data/04511_stress.csv
4514,material_r_cable,3,True,1.1307857105398138,1.1089488312288975,33.22283090314884,251.27086416106064,7860.260959053605,1.8520432613187792,0.5399441907679483,14557.543341422313,0.39627172113718345,0.02930742,2425.90861448,2414.81668503,0.0,0.0,141.86166406,1.338775460581004,1.3733608374095445,/home/chaoyu/phd_simulation/sensitivity_analysis/data/04514_verts.csv,/home/chaoyu/phd_simulation/sensitivity_analysis/data/04514_stress.csv
4515,material_r_cable,3,True,1.2928560555461601,0.8649031117917373,21.234926149090708,1008.8036220468155,19764.38617385606,1.2510407672792376,0.7993344630765303,24726.05284374404,0.20789613709609714,0.07566521,7758.0931021,7123.14767451,0.0,0.0,396.2984569,1.339349600321977,1.3979745170402906,/home/chaoyu/phd_simulation/sensitivity_analysis/data/04515_verts.csv,/home/chaoyu/phd_simulation/sensitivity_analysis/data/04515_stress.csv
4516,material_r_cable,3,True,1.1682472264066548,1.2539240375405856,12.191290631139976,825.6844961882618,4388.176215370354,4.352792737165354,0.22973756399235878,19100.821559665826,0.1435723697815986,0.04875829,8111.87960486,5470.76218561,661.54833401,142.26404318,261.60821399,1.2338128455351534,1.266550355734912,/home/chaoyu/phd_simulation/sensitivity_analysis/data/04516_verts.csv,/home/chaoyu/phd_simulation/sensitivity_analysis/data/04516_stress.csv
4517,material_r_cable,3,True,1.2334928500752955,1.317483440254249,82.87893698084594,1693.491071563345,16134.77016381099,2.5903644295526362,0.38604606695155363,41794.93471134315,0.13852317210416493,0.03772675,15695.32620586,14798.87783117,304.57665336,0.0,765.75229505,1.2716037538190206,1.3089164249141747,/home/chaoyu/phd_simulation/sensitivity_analysis/data/04517_verts.csv,/home/chaoyu/phd_simulation/sensitivity_analysis/data/04517_stress.csv
4518,material_r_cable,3,True,1.335278476103019,0.8482262666068937,60.06399817652694,695.196809198828,5544.932104742623,3.342941368031166,0.29913776220040394,18536.38291586824,0.4341400736986679,0.09735643,4308.9880412,2503.58822699,753.2152635,16.7368841,139.91610176,1.2209213693305891,1.3160185060671497,/home/chaoyu/phd_simulation/sensitivity_analysis/data/04518_verts.csv,/home/chaoyu/phd_simulation/sensitivity_analysis/data/04518_stress.csv
4520,material_r_cable,3,True,0.8047043187125797,1.1455292345454906,18.80566846233258,1828.2701109335735,11961.625284913547,1.3244668785686415,0.755020768115172,15842.776503717183,0.26520263170590685,0.02284706,3591.39446126,3050.40361229,0.0,0.0,144.10913492,1.3311175896920795,1.3792040915618409,/home/chaoyu/phd_simulation/sensitivity_analysis/data/04520_verts.csv,/home/chaoyu/phd_simulation/sensitivity_analysis/data/04520_stress.csv
4521,material_r_cable,3,True,1.211466473407106,0.9954182204958295,48.89281668022999,451.8506400093247,17375.38967118437,1.645240756478663,0.6078137780517406,28586.69924673092,0.3711053236790951,0.03221209,4113.41040476,4096.71143892,0.0,0.0,246.94861741,1.340402665452229,1.317345218865379,/home/chaoyu/phd_simulation/sensitivity_analysis/data/04521_verts.csv,/home/chaoyu/phd_simulation/sensitivity_analysis/data/04521_stress.csv
4522,material_r_cable,3,True,0.9059497738945548,1.3878950515426032,59.672581561260536,1073.0145108016904,16704.78436946215,1.167994638299268,0.8561683137998928,19511.098577477213,0.4013897041825085,0.03405424,9186.63459556,9159.88941708,0.0,0.0,612.64917275,1.3661690130524673,1.3165002167697692,/home/chaoyu/phd_simulation/sensitivity_analysis/data/04522_verts.csv,/home/chaoyu/phd_simulation/sensitivity_analysis/data/04522_stress.csv
4523,material_r_cable,3,True,1.363051912083106,1.1814470227793428,38.568328367997566,844.4666333102476,18219.725755061838,4.642989338861032,0.21537848291620443,84593.99243772388,0.2004415151536199,0.01280337,31502.00984642,18404.41909341,2857.84985794,60.97074255,931.43550892,1.20513660514538,1.2893491336842828,/home/chaoyu/phd_simulation/sensitivity_analysis/data/04523_verts.csv,/home/chaoyu/phd_simulation/sensitivity_analysis/data/04523_stress.csv
4524,material_r_cable,3,True,1.3744505392920385,0.9449087578074824,37.98459850502094,735.9350047455766,12714.692122503833,2.1185835274013396,0.4720134878168352,26937.137286716195,0.47990597159191384,0.02653344,8716.7890258,5969.88445135,1309.4104794,0.0,414.2546987,1.211780435140711,1.3673923286957963,/home/chaoyu/phd_simulation/sensitivity_analysis/data/04524_verts.csv,/home/chaoyu/phd_simulation/sensitivity_analysis/data/04524_stress.csv
4526,material_r_cable,3,True,1.2515974180960558,1.0078344321958372,28.876387559603398,1138.2184180612448,4671.160211925278,1.4229437822538284,0.702768452606104,6646.798379470551,0.30014347742223235,0.11150493,3218.88244661,1605.71191158,722.64938716,979.43502569,88.68713326,1.2256360731257854,1.2205316673898439,/home/chaoyu/phd_simulation/sensitivity_analysis/data/04526_verts.csv,/home/chaoyu/phd_simulation/sensitivity_analysis/data/04526_stress.csv
4527,material_r_cable,3,True,1.2194133614113745,1.2131246608414021,88.79919355810421,1549.3873505611716,13377.40285552822,3.219847589018716,0.31057370647309457,43073.198331704625,0.45308578762904084,0.02949396,17304.70294264,14187.47585279,1495.44511484,616.48081611,755.9804654,1.2158315070586911,1.2585493604805023,/home/chaoyu/phd_simulation/sensitivity_analysis/data/04527_verts.csv,/home/chaoyu/phd_simulation/sensitivity_analysis/data/04527_stress.csv
4528,material_r_cable,3,True,1.1627932220800667,1.2804478240895791,68.68354950488865,976.0058797042852,11568.775090348856,1.6512826421564402,0.6055898454150053,19103.31749770487,0.3882622071566717,0.03598849,8723.24761466,7369.6315428,431.74037111,0.0,430.45659126,1.2500536782522493,1.3657656004515086,/home/chaoyu/phd_simulation/sensitivity_analysis/data/04528_verts.csv,/home/chaoyu/phd_simulation/sensitivity_analysis/data/04528_stress.csv
4529,material_r_cable,3,True,1.1419166070716464,0.9155789343970129,39.113009456458755,1509.61794414251,4339.530791882109,3.592828193169046,0.2783322625616429,15591.188574199237,0.14201813109891387,0.18409838,4632.81989878,1337.22830601,238.29741389,2198.72840099,54.0907167,1.3467217386304058,1.2202041488375281,/home/chaoyu/phd_simulation/sensitivity_analysis/data/04529_verts.csv,/home/chaoyu/phd_simulation/sensitivity_analysis/data/04529_stress.csv
4530,material_r_cable,3,True,1.2449423452752197,1.350446377754237,77.56845631895786,315.6541339188783,4368.935254119979,2.377380880758836,0.420630959091759,10386.623142418084,0.18060873190188856,0.02331736,4545.78229311,4195.05246877,146.19914189,31.04116636,224.30445202,1.2595823310785752,1.2869136748450176,/home/chaoyu/phd_simulation/sensitivity_analysis/data/04530_verts.csv,/home/chaoyu/phd_simulation/sensitivity_analysis/data/04530_stress.csv
4532,material_r_cable,3,True,1.049750483569725,1.2067585179578462,54.01730827972506,1389.1628547475038,6672.624167892664,3.5671366436764944,0.28033689199226836,23802.1621787713,0.21257006250327393,0.07921006,7762.09505354,5768.87309742,423.55244691,166.87009314,283.66324336,1.2511848036034763,1.2821041334576027,/home/chaoyu/phd_simulation/sensitivity_analysis/data/04532_verts.csv,/home/chaoyu/phd_simulation/sensitivity_analysis/data/04532_stress.csv
4533,material_r_cable,3,True,1.2297242642086026,1.0309394371246872,49.82663507371711,1350.226980771288,2168.050091120241,2.795348984375379,0.35773708599159043,6060.456620287914,0.11331584461471104,0.19369568,2217.58279987,1030.03842689,1303.60619834,261.56708825,37.52967703,1.2434713070786318,1.3224549584018086,/home/chaoyu/phd_simulation/sensitivity_analysis/data/04533_verts.csv,/home/chaoyu/phd_simulation/sensitivity_analysis/data/04533_stress.csv
4534,material_r_cable,3,True,1.1462456952550926,1.0806078234136263,18.09285849832949,745.7130044691486,8950.212980130189,1.3614809056613209,0.7344943258783814,12185.54407404936,0.16381856087273783,0.10810688,1993.37058349,1744.64887763,67.367732,45.41243948,100.90903505,1.303723773399685,1.3092386005737686,/home/chaoyu/phd_simulation/sensitivity_analysis/data/04534_verts.csv,/home/chaoyu/phd_simulation/sensitivity_analysis/data/04534_stress.csv
4535,material_r_cable,3,True,0.8258951249188191,1.0069057941207398,11.564305637483226,683.4306044502077,14922.87508604373,3.008782872654318,0.33236030724869486,44899.69096964821,0.12050547777818559,0.1533554,4882.88678083,2387.17209977,126.11226638,236.09874383,105.78922131,1.3671427997959515,1.2866747872080722,/home/chaoyu/phd_simulation/sensitivity_analysis/data/04535_verts.csv,/home/chaoyu/phd_simulation/sensitivity_analysis/data/04535_stress.csv
4536,material_r_cable,3,True,1.3810016408087145,0.9201652381925666,42.4949698874741,1393.0812153307184,7471.676854208149,4.694170034010165,0.2130302040094005,35073.32159283123,0.1651034264644429,0.09644031,9225.14912305,4079.15591834,1227.00832554,1083.43718082,217.23515415,1.2195672296931843,1.2220934934558967,/home/chaoyu/phd_simulation/sensitivity_analysis/data/04536_verts.csv,/home/chaoyu/phd_simulation/sensitivity_analysis/data/04536_stress.csv
4537,material_r_cable,3,True,0.9902606551302111,1.0872563174070282,79.62611918735033,360.954440896298,5534.788091051163,3.622800801497514,0.2760295293041345,20051.43473237905,0.3732163531226729,0.05832059,3641.9053761,2083.21915862,0.0,258.22839541,99.46888375,1.3296845970373379,1.2544677839263383,/home/chaoyu/phd_simulation/sensitivity_analysis/data/04537_verts.csv,/home/chaoyu/phd_simulation/sensitivity_analysis/data/04537_stress.csv
4538,material_r_cable,3,True,1.0939580323219382,0.9901655783265412,39.84142628032896,1728.6846096068093,11379.75423352438,2.9604219002268364,0.3377896913691177,33688.87365212463,0.3039730140249329,0.16388262,3896.96371991,2333.34616717,302.80014605,376.19031416,113.87015125,1.321218002378753,1.3084163130360897,/home/chaoyu/phd_simulation/sensitivity_analysis/data/04538_verts.csv,/home/chaoyu/phd_simulation/sensitivity_analysis/data/04538_stress.csv
4539,material_r_cable,3,True,1.1868192879152633,1.3850190288551834,34.729395404104125,566.906631528054,1461.1091696778628,3.232374959869156,0.30937004908628524,4722.852693701938,0.1443702230522666,0.08644078,2615.40464529,2197.32695618,25.43661696,102.99795876,111.37471715,1.297660944733288,1.2626275554523563,/home/chaoyu/phd_simulation/sensitivity_analysis/data/04539_verts.csv,/home/chaoyu/phd_simulation/sensitivity_analysis/data/04539_stress.csv
4540,material_r_cable,3,True,1.0849469141827774,1.1907232919831596,11.016907154465391,891.5257588617263,1446.6034728652292,1.5398330500591957,0.6494210524716021,2227.527837848291,0.47348826600308713,0.17434728,1315.45362301,917.5637998,58.97856126,858.37819274,41.84712837,1.3589240841290053,1.2298866121251,/home/chaoyu/phd_simulation/sensitivity_analysis/data/04540_verts.csv,/home/chaoyu/phd_simulation/sensitivity_analysis/data/04540_stress.csv
4541,material_r_cable,3,True,0.9353053802572069,1.2921379874993053,57.1868478077014,505.3554524319626,10364.228151895739,2.2425667634583597,0.4459176049045945,23242.473582340845,0.3736886291910291,0.01838421,11510.36175719,8039.05833771,0.0,812.48688397,477.55813962,1.315930837831524,1.2261444523260887,/home/chaoyu/phd_simulation/sensitivity_analysis/data/04541_verts.csv,/home/chaoyu/phd_simulation/sensitivity_analysis/data/04541_stress.csv
4542,material_r_cable,3,True,1.190401697498667,0.9421258592861763,74.04896394538001,1694.7131338014647,17852.542621853943,2.2512587655336436,0.4441959384277878,40190.693064511666,0.3064576060396081,0.13317919,4924.81016473,4247.28944459,168.66517436,0.0,223.53482529,1.3153752478030072,1.3382997060559998,/home/chaoyu/phd_simulation/sensitivity_analysis/data/04542_verts.csv,/home/chaoyu/phd_simulation/sensitivity_analysis/data/04542_stress.csv
4543,material_r_cable,3,True,1.2745155144140208,0.931427698064348,27.765198254385673,372.9971343075873,4834.415267666441,1.2834895924048524,0.7791259126038702,6204.921681412995,0.22283228922680556,0.07352111,3187.87239603,1588.23212272,0.0,675.47965318,86.58093521,1.3805291301579776,1.2080910073188518,/home/chaoyu/phd_simulation/sensitivity_analysis/data/04543_verts.csv,/home/chaoyu/phd_simulation/sensitivity_analysis/data/04543_stress.csv
4544,material_r_cable,3,True,0.8851661782753525,0.9622266353221006,26.59737044354726,715.7027394815226,1907.7390724647203,3.2251067686793427,0.31006725411744823,6152.66219548002,0.2544590837984875,0.2636101,1578.59511818,677.58293692,241.63662928,251.65809427,24.60268317,1.3811405048254446,1.3394644090663057,/home/chaoyu/phd_simulation/sensitivity_analysis/data/04544_verts.csv,/home/chaoyu/phd_simulation/sensitivity_analysis/data/04544_stress.csv
4546,material_r_cable,3,True,1.199962116046323,0.9995109803161923,0.7586581557533391,1544.419163350795,7837.916517037024,2.2610400165358784,0.44227434839127355,17721.842891288226,0.3862464035844936,0.16183516,2847.02894285,2545.46098324,0.0,0.0,142.48704646,1.386318020580981,1.3604897358805177,/home/chaoyu/phd_simulation/sensitivity_analysis/data/04546_verts.csv,/home/chaoyu/phd_simulation/sensitivity_analysis/data/04546_stress.csv
4547,material_r_cable,3,True,0.8758450449739861,1.0751126497895158,46.54824684180529,739.7408444352765,1057.9475530185916,3.7373674598950535,0.26756801698810756,3953.938758927281,0.10439660192926935,0.2622017,1524.60134602,918.7405399,129.5088662,190.11470329,43.62332234,1.3897599058068393,1.360708136814756,/home/chaoyu/phd_simulation/sensitivity_analysis/data/04547_verts.csv,/home/chaoyu/phd_simulation/sensitivity_analysis/data/04547_stress.csv
4548,material_r_cable,3,True,0.8430180967491419,1.3092506996575624,24.629900788293302,709.6659370858906,6586.516396670991,3.7207458585779993,0.26876331735868186,24506.753605369675,0.4243325105448239,0.02013174,15005.04707253,9272.025815,1581.82235131,0.0,603.92976882,1.2057447999801798,1.3706006543564382,/home/chaoyu/phd_simulation/sensitivity_analysis/data/04548_verts.csv,/home/chaoyu/phd_simulation/sensitivity_analysis/data/04548_stress.csv
4549,material_r_cable,3,True,1.2047749869643583,0.9262837433938546,45.92191529150137,1086.950716623697,16900.85046161928,2.5364331541133813,0.3942544270793343,42867.877443563586,0.37895327479959107,0.087586,8730.93078587,4224.95516574,97.3446399,912.58286258,211.20126976,1.2987006870302493,1.2350723232513554,/home/chaoyu/phd_simulation/sensitivity_analysis/data/04549_verts.csv,/home/chaoyu/phd_simulation/sensitivity_analysis/data/04549_stress.csv
4550,material_r_cable,3,True,1.1242007979459896,1.2045871529769534,58.26514680917254,1989.0319559276318,17838.49096183601,4.8338109389437385,0.20687610927094208,86227.89274557192,0.4429624153310895,0.02921566,24371.62127608,24301.11301416,0.0,0.0,1224.0674967,1.3461469795429652,1.3813763286000438,/home/chaoyu/phd_simulation/sensitivity_analysis/data/04550_verts.csv,/home/chaoyu/phd_simulation/sensitivity_analysis/data/04550_stress.csv
4551,material_r_cable,3,True,1.3934256312108064,1.1116823631126311,19.634412881664673,1407.4679425754787,15104.784986555027,1.777905000504424,0.562459748814634,26854.87275914033,0.2894937030473168,0.04703166,7879.7374413,7820.3028774,0.0,0.0,504.93972213,1.3221544659485387,1.345568485691515,/home/chaoyu/phd_simulation/sensitivity_analysis/data/04551_verts.csv,/home/chaoyu/phd_simulation/sensitivity_analysis/data/04551_stress.csv
4552,material_r_cable,3,True,0.8291986490437806,1.165517222799242,34.92251198268005,861.6283481770773,11785.871869819162,4.983378150147629,0.20066709165355548,58733.45635649639,0.18289039098469198,0.03108343,14818.4189854,10788.86465944,580.34556851,0.0,568.84349699,1.2492575603230085,1.3362123287387082,/home/chaoyu/phd_simulation/sensitivity_analysis/data/04552_verts.csv,/home/chaoyu/phd_simulation/sensitivity_analysis/data/04552_stress.csv
4553,material_r_cable,3,True,1.076424571860458,1.0191022647037393,11.307080669054672,1197.2572891064374,19065.73748653695,2.932372853254746,0.34102075351368233,55907.851032802326,0.24893905359714175,0.08541886,8463.18272454,2926.66773026,1443.14257263,0.0,149.81877874,1.231630989904768,1.3518839910895166,/home/chaoyu/phd_simulation/sensitivity_analysis/data/04553_verts.csv,/home/chaoyu/phd_simulation/sensitivity_analysis/data/04553_stress.csv
4554,material_r_cable,3,True,1.0179167522461814,1.2936222395842327,5.445357031652047,236.04120075316203,6885.541091889612,4.858552162068884,0.2058226332953842,33453.76055901442,0.41894016818945523,0.00631674,12876.82254648,12659.40505781,0.0,87.39966454,702.80392226,1.2916232967951182,1.2783459582791141,/home/chaoyu/phd_simulation/sensitivity_analysis/data/04554_verts.csv,/home/chaoyu/phd_simulation/sensitivity_analysis/data/04554_stress.csv
4555,material_r_cable,3,True,0.9229160059717667,1.2401831917326211,72.29591910404115,282.19388890908124,18754.471637562317,4.648874244440319,0.21510584012805248,87187.1801639499,0.10179286386610027,0.00425373,34288.15625176,23629.65104853,0.0,2356.43159186,1241.80484326,1.3317743812256246,1.2152614868104232,/home/chaoyu/phd_simulation/sensitivity_analysis/data/04555_verts.csv,/home/chaoyu/phd_simulation/sensitivity_analysis/data/04555_stress.csv
4556,material_r_cable,3,True,1.0671977258724525,0.9485383387833156,59.03266292743286,424.28920686867355,5247.637746853392,4.411060096202212,0.22670287372891823,23147.645464469486,0.2825139336497174,0.12636644,3883.96594593,750.76048779,197.93627274,486.21741098,27.44328401,1.2816128796900168,1.240809113215086,/home/chaoyu/phd_simulation/sensitivity_analysis/data/04556_verts.csv,/home/chaoyu/phd_simulation/sensitivity_analysis/data/04556_stress.csv
4557,material_r_cable,3,True,1.0983578716832638,1.0169687285745934,8.049023851249254,1069.9431329667555,10939.545462801958,1.342913350081573,0.7446496826762923,14690.86164582105,0.2669385751205726,0.11078323,4569.25156432,1704.46821686,30.93646879,1506.008132,87.02305487,1.324737322501165,1.2121481399205143,/home/chaoyu/phd_simulation/sensitivity_analysis/data/04557_verts.csv,/home/chaoyu/phd_simulation/sensitivity_analysis/data/04557_stress.csv
4558,material_r_cable,3,True,1.1327557959556733,1.221869045714088,49.42486984529321,1316.1210447639914,3863.4020044289687,3.77356632254355,0.26500130500580577,14578.803694360402,0.4856980447296819,0.08779798,5171.50207364,5053.43538398,0.0,0.0,259.02085771,1.3692406892199904,1.3678477470055144,/home/chaoyu/phd_simulation/sensitivity_analysis/data/04558_verts.csv,/home/chaoyu/phd_simulation/sensitivity_analysis/data/04558_stress.csv
4559,material_r_cable,3,True,0.9924606520337371,1.0691905532329986,1.132456458597157,812.2654628072904,3313.097782211446,3.9046477347013266,0.25610504914766447,12936.479750155911,0.39356759485854687,0.15972578,2182.18806875,1728.57219251,0.0,90.54436398,77.17193836,1.388260732782672,1.3102442796520648,/home/chaoyu/phd_simulation/sensitivity_analysis/data/04559_verts.csv,/home/chaoyu/phd_simulation/sensitivity_analysis/data/04559_stress.csv
4560,material_r_cable,3,True,0.9445596056042106,1.398029213048685,64.27069945526101,1782.6271782823687,2308.905781229393,4.16565110984739,0.24005851033372674,9618.095930111278,0.1129789490804131,0.12852264,5172.82954289,4976.86673267,0.0,18.71586749,291.58307619,1.3615651716278292,1.3268849535530265,/home/chaoyu/phd_simulation/sensitivity_analysis/data/04560_verts.csv,/home/chaoyu/phd_simulation/sensitivity_analysis/data/04560_stress.csv
4561,material_r_cable,3,True,0.8817217535136411,1.1486198631015703,88.61239879532314,780.9217469276256,14470.837342124098,2.8779248761048066,0.34747258634265427,41645.9827649653,0.2591826637606924,0.0465796,9771.37475406,6889.74859601,0.0,487.72802409,340.62907296,1.3607623522797503,1.2576162796333628,/home/chaoyu/phd_simulation/sensitivity_analysis/data/04561_verts.csv,/home/chaoyu/phd_simulation/sensitivity_analysis/data/04561_stress.csv
4562,material_r_cable,3,True,0.9782970438306406,1.1270803846471145,83.42345519050997,340.1458799625117,8243.03338531256,4.886196241204722,0.20465817389140387,40277.07874343926,0.38570337038773883,0.02269569,5890.48313837,5860.28949317,5.62362275,0.0,287.72878715,1.2902670688708626,1.2963117319979571,/home/chaoyu/phd_simulation/sensitivity_analysis/data/04562_verts.csv,/home/chaoyu/phd_simulation/sensitivity_analysis/data/04562_stress.csv
4564,material_r_cable,3,True,1.108927981949184,1.3468891982125708,20.73475231753676,511.0064766402676,5510.225789899114,4.154382646381617,0.24070965173874384,22891.586399201315,0.3523633390626272,0.01667815,10908.75938328,10150.11475628,0.0,233.7449622,549.57478718,1.3816101774136063,1.2573238290019306,/home/chaoyu/phd_simulation/sensitivity_analysis/data/04564_verts.csv,/home/chaoyu/phd_simulation/sensitivity_analysis/data/04564_stress.csv
4565,material_r_cable,3,True,1.0469976787563875,1.0778478690080158,42.28909676970038,1019.1876543060957,9637.017766886438,4.927744982373367,0.20293257942061085,47488.765945817635,0.2168829975690283,0.06912984,10234.65582064,4474.73460744,1030.14147679,0.0,202.32860607,1.2254100367204637,1.386454406622851,/home/chaoyu/phd_simulation/sensitivity_analysis/data/04565_verts.csv,/home/chaoyu/phd_simulation/sensitivity_analysis/data/04565_stress.csv
4566,material_r_cable,3,True,1.2230166176516928,1.1802321323012097,31.20319402955907,1619.1687776900658,16287.338753145412,4.317879662532231,0.23159515274993733,70326.76875897964,0.2855828679620138,0.03618969,15744.8129513,15666.78582619,0.0,0.0,770.33958102,1.3336966437678965,1.3243277294528744,/home/chaoyu/phd_simulation/sensitivity_analysis/data/04566_verts.csv,/home/chaoyu/phd_simulation/sensitivity_analysis/data/04566_stress.csv
4567,material_r_cable,3,True,1.329829487264061,1.2007918528480794,77.97717961608684,263.8348965079909,19990.587863714867,1.8980116607137607,0.5268671529783663,37942.3688698538,0.4043618238017851,0.00515716,14397.47546519,13883.3232984,167.17904125,0.0,834.21043702,1.2795821962923275,1.3040613744282759,/home/chaoyu/phd_simulation/sensitivity_analysis/data/04567_verts.csv,/home/chaoyu/phd_simulation/sensitivity_analysis/data/04567_stress.csv
4568,material_r_cable,3,True,1.0155621493215574,1.357257443841522,24.6663633996628,1837.5321604342412,9386.002195507786,1.0170868709866867,0.9832001852800336,9546.379604103186,0.32479035749794793,0.11965487,4656.54352788,4393.08136906,0.0,61.17494395,265.71136692,1.3942798041269442,1.3127914244301466,/home/chaoyu/phd_simulation/sensitivity_analysis/data/04568_verts.csv,/home/chaoyu/phd_simulation/sensitivity_analysis/data/04568_stress.csv
4569,material_r_cable,3,True,0.8720549177174838,0.906463618505824,6.368859347747897,1270.3938593219173,1496.4660012365748,4.949807201200524,0.20202807086252986,7407.218189272549,0.2073296900231909,0.29100701,2457.79907087,868.73498837,999.38742128,436.9771204,32.71205166,1.3215795031482154,1.3311082017862912,/home/chaoyu/phd_simulation/sensitivity_analysis/data/04569_verts.csv,/home/chaoyu/phd_simulation/sensitivity_analysis/data/04569_stress.csv
4571,material_r_cable,3,True,1.1523284929903232,0.9862241703068763,36.81250746812694,1643.1748365587564,7177.906365483304,2.918274887596808,0.3426681990275075,20947.103891911203,0.20872516627070298,0.17058286,4550.09848292,1931.19000952,1102.93916653,5.17250588,88.82902691,1.2559475417867851,1.3807524496238672,/home/chaoyu/phd_simulation/sensitivity_analysis/data/04571_verts.csv,/home/chaoyu/phd_simulation/sensitivity_analysis/data/04571_stress.csv
4572,material_r_cable,3,True,1.3834318709220588,1.1956342711787746,48.09906972292758,1737.454974654438,7328.115736008645,3.8586163687217696,0.2591602544648061,28276.38733085054,0.4304752275654288,0.05613357,10209.85775546,9716.64220684,0.0,88.68816357,503.38199338,1.3744375134044753,1.2896830142978715,/home/chaoyu/phd_simulation/sensitivity_analysis/data/04572_verts.csv,/home/chaoyu/phd_simulation/sensitivity_analysis/data/04572_stress.csv
4573,material_r_cable,3,True,1.3816817073375938,1.1765606404513027,34.44720606369618,1858.1952725673668,12550.257907213158,4.035564168750494,0.24779682794874838,50647.37111892699,0.4660875846794079,0.03356363,19404.8095781,16866.08343378,0.0,512.80085468,882.21137663,1.309457295162312,1.262362180046963,/home/chaoyu/phd_simulation/sensitivity_analysis/data/04573_verts.csv,/home/chaoyu/phd_simulation/sensitivity_analysis/data/04573_stress.csv
4575,material_r_cable,3,True,1.1383995902412305,1.2333532134697964,38.89613287734428,1674.2775852214725,4992.118923412309,1.2952491262739563,0.7720522482626183,6466.037673805477,0.33378766945803273,0.15831404,3723.87929807,2491.20463636,7.4708716,621.28154847,127.62695939,1.3572827755933703,1.2610046148434426,/home/chaoyu/phd_simulation/sensitivity_analysis/data/04575_verts.csv,/home/chaoyu/phd_simulation/sensitivity_analysis/data/04575_stress.csv
4576,material_r_cable,3,True,0.8552607585406999,1.345031026360104,87.25721234336262,460.7943233632054,2479.5560294438965,4.771696210321782,0.20956908317777517,11831.688108977965,0.2608115074168621,0.03106786,4852.1585704,4838.92596499,0.0,0.0,305.85241828,1.3962844311239038,1.337359816175873,/home/chaoyu/phd_simulation/sensitivity_analysis/data/04576_verts.csv,/home/chaoyu/phd_simulation/sensitivity_analysis/data/04576_stress.csv
4577,material_r_cable,3,True,1.217958596594428,1.1167617522704796,69.53332068159796,1288.630951970371,18987.611464196634,3.376886559826405,0.2961307649171984,64119.00995665138,0.2273379175392775,0.03648959,14370.8625122,9288.66037803,312.53157128,1050.48077204,504.64336402,1.2719350598741308,1.241700600011682,/home/chaoyu/phd_simulation/sensitivity_analysis/data/04577_verts.csv,/home/chaoyu/phd_simulation/sensitivity_analysis/data/04577_stress.csv
4579,material_r_cable,3,True,1.1544032142127971,1.2033718880599515,68.23866677230022,481.3448998358921,6139.766576191721,2.272176601226099,0.4401066358400072,13950.633951412907,0.4074252532416994,0.0331157,5348.67835371,3957.54342455,105.92501414,326.984528,220.69589735,1.2713121060807078,1.2463446781129703,/home/chaoyu/phd_simulation/sensitivity_analysis/data/04579_verts.csv,/home/chaoyu/phd_simulation/sensitivity_analysis/data/04579_stress.csv
4580,material_r_cable,3,True,1.0479492508959671,0.9645104091290733,71.6694461085415,1873.318805170698,10901.498818717244,2.713390683823641,0.3685425788338101,29580.025334421796,0.4271886787753073,0.19939443,3741.54017569,2175.92206578,357.92678674,195.39510404,94.10501405,1.3366090715598489,1.364665620760873,/home/chaoyu/phd_simulation/sensitivity_analysis/data/04580_verts.csv,/home/chaoyu/phd_simulation/sensitivity_analysis/data/04580_stress.csv
4581,material_r_cable,3,True,1.3187956761517499,0.9107437840839041,13.825779678388631,1092.9679596124856,10618.735828977648,4.21978309417152,0.23697900524347504,44808.761932593276,0.4201768166680716,0.08010001,7219.28501434,4123.99355449,536.65016517,0.0,235.92001747,1.254111814645684,1.3710081850863316,/home/chaoyu/phd_simulation/sensitivity_analysis/data/04581_verts.csv,/home/chaoyu/phd_simulation/sensitivity_analysis/data/04581_stress.csv
4582,material_r_cable,3,True,1.3608573261183843,1.2654753144713844,16.231358494327218,526.2101321921898,1135.596628521763,1.864817974662685,0.5362453674229967,2117.6810048337275,0.18445679630073092,0.13524081,1253.99098993,837.69532652,201.05840685,107.91313599,43.28021352,1.2574860732127513,1.274899048532502,/home/chaoyu/phd_simulation/sensitivity_analysis/data/04582_verts.csv,/home/chaoyu/phd_simulation/sensitivity_analysis/data/04582_stress.csv
4583,material_r_cable,3,True,1.1560781628146024,1.342023027610511,62.10414831938689,1223.9432674227212,4937.816639211516,4.39720647705939,0.2274171124820013,21712.59930847251,0.13696830237255117,0.04623808,11977.70581384,8647.46552578,359.02531536,664.46252183,429.95084823,1.2483488777643743,1.23636363820729,/home/chaoyu/phd_simulation/sensitivity_analysis/data/04583_verts.csv,/home/chaoyu/phd_simulation/sensitivity_analysis/data/04583_stress.csv
4585,material_r_cable,3,True,1.0756552797528385,0.9284875452508445,44.93371132365296,1698.729234777784,6692.510237486517,1.8785633023982429,0.5323216943093497,12572.30413306672,0.4003658210470079,0.18681665,3561.11836685,1433.82716943,991.05529056,967.39635052,53.78155884,1.263473737168813,1.2638528753627418,/home/chaoyu/phd_simulation/sensitivity_analysis/data/04585_verts.csv,/home/chaoyu/phd_simulation/sensitivity_analysis/data/04585_stress.csv
4586,material_r_cable,3,True,1.1790713717652892,1.230181195312051,21.961320627907398,1820.9730147462976,2720.045301916376,3.7031459812851106,0.27004066408771926,10072.724828705073,0.350667731725986,0.15645697,4527.00486718,3657.20710981,69.36297688,284.09240112,167.83664743,1.3377059473838933,1.2841570848297186,/home/chaoyu/phd_simulation/sensitivity_analysis/data/04586_verts.csv,/home/chaoyu/phd_simulation/sensitivity_analysis/data/04586_stress.csv
4587,material_r_cable,3,True,0.8959760320817453,1.3914348216221453,17.281011759844226,678.2706807915238,5366.171782265537,2.3460090297111944,0.4262558188546721,12589.087456176365,0.17279361607607785,0.03720724,6188.2073515,5909.17178028,0.0,74.14915149,363.87622808,1.3586471189059812,1.273051822324459,/home/chaoyu/phd_simulation/sensitivity_analysis/data/04587_verts.csv,/home/chaoyu/phd_simulation/sensitivity_analysis/data/04587_stress.csv
4588,material_r_cable,3,True,1.1870886080829202,1.328209888337567,8.418549836960915,1419.251931401925,10044.758758139724,4.198399527699562,0.23818600240457158,42171.91042602985,0.4408039822867774,0.02276085,21257.19682561,19888.50743879,196.93237763,662.5573453,1050.19209588,1.2806295865971438,1.2444870763566953,/home/chaoyu/phd_simulation/sensitivity_analysis/data/04588_verts.csv,/home/chaoyu/phd_simulation/sensitivity_analysis/data/04588_stress.csv
4589,material_r_cable,3,True,1.232267638492085,0.9097968099392314,80.62804330554741,1607.6708635968205,17338.02209446029,1.0368402811760038,0.9644687018388032,17976.759703455977,0.48468588216988906,0.08144321,7465.15344496,4964.62870643,321.64866022,795.4624009,291.39902788,1.275032310131314,1.2286775820027025,/home/chaoyu/phd_simulation/sensitivity_analysis/data/04589_verts.csv,/home/chaoyu/phd_simulation/sensitivity_analysis/data/04589_stress.csv
4590,material_r_cable,3,True,1.3412320262517687,0.8130302439549669,0.5807710716576788,713.624208831222,2067.4967743903258,2.7336097069291365,0.3658166699749443,5651.729251518073,0.49999253752814476,0.17440412,1529.81882856,1011.87800226,0.0,290.29638543,67.38066897,1.372973700875109,1.2796074184161206,/home/chaoyu/phd_simulation/sensitivity_analysis/data/04590_verts.csv,/home/chaoyu/phd_simulation/sensitivity_analysis/data/04590_stress.csv
4591,material_r_cable,3,True,1.1283329104251525,1.2659308095994453,23.088694361067578,238.53304015513973,15458.055284209264,2.3890721279618785,0.41857254466950805,36930.409031998184,0.3342516640125255,0.00640985,12050.74720942,12049.25922597,0.0,0.0,660.97210381,1.3513485070250235,1.3875013503499158,/home/chaoyu/phd_simulation/sensitivity_analysis/data/04591_verts.csv,/home/chaoyu/phd_simulation/sensitivity_analysis/data/04591_stress.csv
4592,material_r_cable,3,True,1.2469772047486756,1.277487073024798,41.36982093016528,798.5814626473566,10423.98902954089,4.939978459038903,0.2024300324974605,51494.281263189834,0.23261625123360877,0.01763507,17789.90479928,16926.55131625,124.50367994,0.0,808.50235373,1.2823950816632186,1.358090712415303,/home/chaoyu/phd_simulation/sensitivity_analysis/data/04592_verts.csv,/home/chaoyu/phd_simulation/sensitivity_analysis/data/04592_stress.csv
4593,material_r_cable,3,True,0.8641474503717561,1.2881695414511196,46.10025398495216,277.63250609629074,6255.99042047474,4.368584086202465,0.228907119622203,27329.820194321015,0.18008916357620264,0.01016944,11403.71330518,9038.0691355,482.98216539,0.0,528.24311054,1.2380786466831293,1.3889824516615734,/home/chaoyu/phd_simulation/sensitivity_analysis/data/04593_verts.csv,/home/chaoyu/phd_simulation/sensitivity_analysis/data/04593_stress.csv
4594,material_r_cable,3,True,0.8405778824714674,1.1989195495949532,70.01695926307066,1867.572794273384,3780.329775193784,1.1847137049980108,0.8440857869553211,4478.608494084125,0.4945368766468822,0.19274287,3041.93777074,1633.80672562,475.15199274,1324.41944066,91.47067604,1.2786576105329661,1.2588153890450993,/home/chaoyu/phd_simulation/sensitivity_analysis/data/04594_verts.csv,/home/chaoyu/phd_simulation/sensitivity_analysis/data/04594_stress.csv
4595,material_r_cable,3,True,1.3700763054155498,1.0434152141208841,50.89129309143264,1572.1016146160155,10860.006876426543,4.501144472962759,0.22216571940908544,48882.45992816489,0.45039711545152117,0.04686883,13285.76632446,8014.1513333,1234.29637194,28.01897844,476.69248728,1.2264309815430827,1.2956356073240842,/home/chaoyu/phd_simulation/sensitivity_analysis/data/04595_verts.csv,/home/chaoyu/phd_simulation/sensitivity_analysis/data/04595_stress.csv
4596,material_r_cable,3,True,1.1927036230072754,1.3129428489448849,4.481457210834906,1084.6857237629238,5836.9497121056165,1.1615673241990372,0.860905759973537,6780.010058574861,0.2364600337859093,0.09488521,3446.80362851,2777.61502457,248.67295955,199.43910305,160.18701112,1.2676146127544012,1.268872797508822,/home/chaoyu/phd_simulation/sensitivity_analysis/data/04596_verts.csv,/home/chaoyu/phd_simulation/sensitivity_analysis/data/04596_stress.csv
4597,material_r_cable,3,True,0.8970839810765842,1.2165067599940815,20.545516921284072,1329.981894799138,10571.58331767693,3.1880505440508773,0.3136713129803005,33702.74194739912,0.35474403347591266,0.04720456,14518.27952803,8445.75922834,1522.49794813,0.0,471.11389663,1.2145758241300706,1.3304789741773164,/home/chaoyu/phd_simulation/sensitivity_analysis/data/04597_verts.csv,/home/chaoyu/phd_simulation/sensitivity_analysis/data/04597_stress.csv
4598,material_r_cable,3,True,1.3209533744801738,1.0679049099146602,42.67896843889934,1267.0905325228634,6799.664327467928,3.0832214676697194,0.32433609148284576,20964.8710273971,0.2554478203637188,0.10379417,3399.70957938,3231.92258239,0.0,0.0,194.22977982,1.3724022071002207,1.3699464340588383,/home/chaoyu/phd_simulation/sensitivity_analysis/data/04598_verts.csv,/home/chaoyu/phd_simulation/sensitivity_analysis/data/04598_stress.csv
4599,material_r_cable,3,True,1.2027382808200047,1.0474757118812361,81.54294270268387,906.3412127996505,10084.301202691844,3.581131493706257,0.27924135200214606,36113.20862897964,0.3457797069868076,0.05190438,6679.58067868,3699.8300161,1333.40060957,0.0,214.4101442,1.2081731503484388,1.3946053003026577,/home/chaoyu/phd_simulation/sensitivity_analysis/data/04599_verts.csv,/home/chaoyu/phd_simulation/sensitivity_analysis/data/04599_stress.csv
