sample_id,group,motif,has_cable,sf_wale,sf_course,knit_dir,pressure,E1,r,r_binary,E2,nu,crown_height,max_stress,mean_stress,cable_wale_tension,cable_course_tension,boundary_reaction_mean,cable_wale_lrest,cable_course_lrest,verts_path,stress_path,H_mean_x0,r_x0,H_mean_y0,r_y0,vm_x0,vm_y0,H_anisotropy
3800,material_r_cable,3,True,1.2755834021938894,1.3720163112418189,62.523922428547294,561.9331276284463,14024.58797669901,1.1732476088066623,0.8523349994440845,16454.314308160778,0.4602960678388088,0.01203393,13731.60973947,11027.42007249,1114.67683218,421.72533101,680.70281621,1.224894976421692,1.2591756413039694,/home/chaoyu/phd_simulation/sensitivity_analysis/data/03800_verts.csv,/home/chaoyu/phd_simulation/sensitivity_analysis/data/03800_stress.csv,,0.05491613888137349,,0.05624003816549003,10222.731326086956,10810.808260416667,
3801,material_r_cable,3,True,1.0700327912140524,1.188659875460504,7.178190044420198,1455.0452407032217,18725.37460394221,4.003875352998781,0.2497580248723353,74974.06585239354,0.4227418216382442,0.02392266,27911.9860462,18342.80982281,2685.76868015,0.0,951.95386458,1.209918501269453,1.333731337338877,/home/chaoyu/phd_simulation/sensitivity_analysis/data/03801_verts.csv,/home/chaoyu/phd_simulation/sensitivity_analysis/data/03801_stress.csv,0.8345477082026812,0.05536283554519915,0.6607360686480882,0.05745819255507493,15039.603297777776,18401.825702127655,0.11623990191390911
3802,material_r_cable,3,True,1.0401941347087915,1.0880124290295168,83.68466189166583,1705.1083302308436,12514.426851977643,1.6659944648233074,0.6002420903037384,20848.965865830924,0.1792647284787006,0.17673368,3404.06480483,3000.10326649,0.0,0.0,141.92829721,1.382627424520998,1.3861352142425294,/home/chaoyu/phd_simulation/sensitivity_analysis/data/03802_verts.csv,/home/chaoyu/phd_simulation/sensitivity_analysis/data/03802_stress.csv,1.5638591069478773,0.05292625268392983,1.4621823560274207,0.05618027352237131,3284.1294244444443,2954.215456521739,0.033600580879180955
3803,material_r_cable,3,True,1.064828998211103,1.1315729669796657,78.31594335849793,1645.337595491772,15356.231331893094,2.103876877634992,0.4753129855793268,32307.62002678388,0.2381426020365459,0.10397816,5449.61804966,5207.05691488,0.0,0.0,264.21001777,1.3218637875676698,1.3410943181291086,/home/chaoyu/phd_simulation/sensitivity_analysis/data/03803_verts.csv,/home/chaoyu/phd_simulation/sensitivity_analysis/data/03803_stress.csv,1.2697089647059865,0.05287621383913438,1.0900522210104953,0.05573294594161412,5389.199893333334,5182.658939583333,0.07613344298691946
3804,material_r_cable,3,True,1.2650453671449018,0.9578172679958348,28.24504998329096,1776.0130120908643,8995.926186744713,4.579471827331958,0.2183657936340246,41196.590532955226,0.2765930458966694,0.1376354,4624.32823748,3006.66243339,274.39818944,491.40961722,174.09213006,1.3072802292408976,1.28246474927081,/home/chaoyu/phd_simulation/sensitivity_analysis/data/03804_verts.csv,/home/chaoyu/phd_simulation/sensitivity_analysis/data/03804_stress.csv,1.1250217092020702,0.05437454275688362,1.208729838618405,0.05501407754379923,3093.658635555555,3086.9716391304346,-0.035868483727203575
3805,material_r_cable,3,True,1.335775000803738,1.1709191363259883,4.536065835731559,1499.2918484921206,8626.739270951854,1.3281571397211676,0.7529229562474357,11457.665355227684,0.4543094999990936,0.06069431,7667.60173651,5360.097267,0.0,1373.76484888,329.896049,1.3350717539023709,1.2100155285089251,/home/chaoyu/phd_simulation/sensitivity_analysis/data/03805_verts.csv,/home/chaoyu/phd_simulation/sensitivity_analysis/data/03805_stress.csv,1.1280745450924459,0.05581801966244131,0.9207553969518336,0.053851932539246576,5342.107944444444,5143.723237499999,0.10118904643386535
3807,material_r_cable,3,True,1.3336722709596538,1.3638016479743758,15.571526835663668,279.04693726877224,7665.185608655075,2.645130672182877,0.3780531565099415,20275.417561428312,0.1409582866453682,0.00894973,10864.80663494,8443.49353301,243.30695387,1204.66979669,442.47942888,1.2686060470578426,1.2090562862520051,/home/chaoyu/phd_simulation/sensitivity_analysis/data/03807_verts.csv,/home/chaoyu/phd_simulation/sensitivity_analysis/data/03807_stress.csv,,0.056495577726972356,,0.0546382169658041,8045.144717777778,8828.691497872342,
3808,material_r_cable,3,True,1.2258361425408904,1.2856899919157507,18.27404165609525,537.3600050602715,8735.375117981792,2.654585597571661,0.3767066320689644,23188.80097758032,0.3982886148227524,0.01758772,10022.23520463,9302.69835008,0.0,220.58558031,508.71661523,1.2956668157075055,1.266072086271165,/home/chaoyu/phd_simulation/sensitivity_analysis/data/03808_verts.csv,/home/chaoyu/phd_simulation/sensitivity_analysis/data/03808_stress.csv,,0.05346508468441398,,0.05467299623116891,9303.871246666668,9255.487529166667,
3809,material_r_cable,3,True,0.9093663463266848,1.3936280442441265,46.23074844582691,1094.8095394524198,5782.413920462912,4.524555239951557,0.2210161987127616,26162.85120339929,0.2624665518225775,0.02849188,12510.6320643,12484.43856057,0.0,0.0,782.39598228,1.3834233072693036,1.3050484562002775,/home/chaoyu/phd_simulation/sensitivity_analysis/data/03809_verts.csv,/home/chaoyu/phd_simulation/sensitivity_analysis/data/03809_stress.csv,0.9018709311920096,0.052847160857845285,0.6830396202263277,0.05533521501699273,12490.81831777778,12490.032027083333,0.13807171058950274
3810,material_r_cable,3,True,1.26303973040234,0.8887442483346301,9.403663533582003,795.1302673900368,8319.158446071619,1.8937500557822544,0.5280527897262178,15754.40677130954,0.2006387045047675,0.12108443,3320.33775044,2944.21197042,30.60070786,98.39116374,153.41195216,1.3126553963068572,1.3024961459057989,/home/chaoyu/phd_simulation/sensitivity_analysis/data/03810_verts.csv,/home/chaoyu/phd_simulation/sensitivity_analysis/data/03810_stress.csv,1.845083156647002,0.05377158940331955,3.016120087414666,0.07149578839073377,3006.064553333333,2781.9335416666668,-0.2408944600697729
3811,material_r_cable,3,True,1.3897084941702298,1.351682096727898,66.44987052080242,1183.0174466044857,10845.444114222242,4.453161063534971,0.2245595849179073,48296.50944619901,0.3423355721905315,0.01753814,24163.67847336,23557.17931886,112.50000499,101.34448274,1157.55501556,1.28369157727695,1.287039235015799,/home/chaoyu/phd_simulation/sensitivity_analysis/data/03811_verts.csv,/home/chaoyu/phd_simulation/sensitivity_analysis/data/03811_stress.csv,,0.05301178605397657,,0.055265228504568796,23458.93792,23470.256539583337,
3812,material_r_cable,3,True,1.3483516916141518,1.1637005902927158,80.46700382088491,1550.0944705299196,15689.791855964726,2.883991566904996,0.3467416519089086,45249.22739909696,0.3908122887793909,0.0346541,12986.91651459,12928.6718446,0.0,0.0,735.57540221,1.398722152820455,1.3499881751202063,/home/chaoyu/phd_simulation/sensitivity_analysis/data/03812_verts.csv,/home/chaoyu/phd_simulation/sensitivity_analysis/data/03812_stress.csv,0.9331211797824915,0.052835654825868605,0.7152730904244448,0.055285385566048416,12958.604711111113,12936.846552083332,0.13215775697321402
3813,material_r_cable,3,True,1.3325636900506943,0.9543284725315404,65.889515432693,1164.9446003845171,16051.989356256045,3.8251025828254823,0.2614308971712156,61400.50594610215,0.3124838226197395,0.05194254,10783.68813937,6057.30799966,0.0,729.48948803,367.96073183,1.3234468643222443,1.2479208410612002,/home/chaoyu/phd_simulation/sensitivity_analysis/data/03813_verts.csv,/home/chaoyu/phd_simulation/sensitivity_analysis/data/03813_stress.csv,1.0894597099416072,0.05617063318228889,0.783564020973226,0.05431932931649534,5916.046975555555,6606.656295833333,0.1633165047081245
3814,material_r_cable,3,True,1.107193418844843,1.1103332837795523,84.46355470810646,1215.2392009366745,3694.277958201092,2.2770281249405286,0.439168927711913,8411.974812171757,0.154613779066285,0.18720749,2552.43800474,1608.09598735,288.39263491,223.74862052,68.63471068,1.3019394852335144,1.327380753621744,/home/chaoyu/phd_simulation/sensitivity_analysis/data/03814_verts.csv,/home/chaoyu/phd_simulation/sensitivity_analysis/data/03814_stress.csv,1.5399392283287057,0.05625296738169277,1.3896373790183123,0.0566338822134585,1768.0882400000003,1535.676637777778,0.05130497319423387
3815,material_r_cable,3,True,1.3147870073749672,1.3665141860275158,57.56360110935515,1346.819891906939,18593.254436342384,1.8238176584954435,0.5483004264938135,33910.705769899985,0.3293228623091194,0.02264633,17372.87609178,17348.3622924,0.0,0.0,1002.20961134,1.2971706564643242,1.3957234139981212,/home/chaoyu/phd_simulation/sensitivity_analysis/data/03815_verts.csv,/home/chaoyu/phd_simulation/sensitivity_analysis/data/03815_stress.csv,0.8701106746225797,0.05283302920171148,0.6510825297413918,0.05527985122407493,17359.044326666663,17353.52019375,0.14398443554233872
3816,material_r_cable,3,True,1.1333821926593617,0.9850472182546128,54.317830451282674,1302.8814148255371,13768.372907565286,3.196920079896256,0.3128010632134574,44016.38781569505,0.3585370183569728,0.10620647,6314.00307831,2584.00518163,998.04790077,0.0,142.49050668,1.2406577295454575,1.350664514706862,/home/chaoyu/phd_simulation/sensitivity_analysis/data/03816_verts.csv,/home/chaoyu/phd_simulation/sensitivity_analysis/data/03816_stress.csv,1.72400913914672,0.056463362346102025,1.2104687825095612,0.060800056452742064,2941.444786666667,2836.3749085106388,0.17500229013388036
3817,material_r_cable,3,True,1.0563606544158115,1.1515086365914526,68.80476251151059,284.3359007736394,8253.153196953659,2.408752543598517,0.4151526493070417,19879.80375587036,0.4557338319356007,0.0206272,5314.9896276,3981.99147449,330.89673044,0.0,217.43582566,1.2410267506759758,1.3855630712290323,/home/chaoyu/phd_simulation/sensitivity_analysis/data/03817_verts.csv,/home/chaoyu/phd_simulation/sensitivity_analysis/data/03817_stress.csv,0.7941286536960439,0.053923686319285395,0.6468194923303598,0.05769170545900428,3788.4859130434784,3986.41225625,0.1022307164708929
3818,material_r_cable,3,True,0.9879581237868392,1.3543956037103482,22.978124849164058,209.2974154929297,12289.62504981528,3.327016750598397,0.3005695717703074,40887.7883993091,0.1331944644857979,0.00351033,25397.84867321,16929.50789902,1989.54991578,1272.18451968,945.41794056,1.2116643362379844,1.212676219992314,/home/chaoyu/phd_simulation/sensitivity_analysis/data/03818_verts.csv,/home/chaoyu/phd_simulation/sensitivity_analysis/data/03818_stress.csv,,0.05829011457348549,,0.056019892950310075,15307.342658695654,17295.46589361702,
3819,material_r_cable,3,True,1.0639447751109998,1.247258464706512,4.060049573800828,999.0722439503504,2982.2188621859723,4.357701908953922,0.2294787529971394,12995.620828666206,0.1147830378737898,0.07592603,6733.70405335,3766.82005929,1303.04899874,0.0,184.10367473,1.2096232521683894,1.3488262414062917,/home/chaoyu/phd_simulation/sensitivity_analysis/data/03819_verts.csv,/home/chaoyu/phd_simulation/sensitivity_analysis/data/03819_stress.csv,1.6898676784627575,0.05846832811178667,0.9895999839233778,0.060188003739319054,2976.324036956522,3904.801269565217,0.2613458278932067
3820,material_r_cable,3,True,0.8455862368779817,1.3496942790878828,73.02413205931755,1072.5294181979102,6925.788763401289,2.757212711748594,0.3626851115762523,19095.872817335607,0.3621891401072238,0.04024548,8807.49265056,8048.78418027,0.0,160.57209154,529.31626875,1.3172478053896806,1.2762150668868235,/home/chaoyu/phd_simulation/sensitivity_analysis/data/03820_verts.csv,/home/chaoyu/phd_simulation/sensitivity_analysis/data/03820_stress.csv,0.9617704745236172,0.0530249049423145,0.7442266172777134,0.0546871501005569,8096.637597777777,7957.430895833332,0.12751713252699817
3821,material_r_cable,3,True,1.253836031130865,1.380176407932055,19.305541317314454,1487.095684239942,1501.6920895656635,2.949521828388738,0.3390380062202418,4429.273597692621,0.4713322098319469,0.11665647,4508.38798105,2934.65581183,779.6638555,319.28765387,152.06704494,1.2323185526450977,1.2487322234572178,/home/chaoyu/phd_simulation/sensitivity_analysis/data/03821_verts.csv,/home/chaoyu/phd_simulation/sensitivity_analysis/data/03821_stress.csv,1.4698317504549354,0.05777612095098327,1.0609621365314705,0.057018752864908276,2458.7531043478257,2921.2816744680854,0.1615578479250772
3822,material_r_cable,3,True,1.3456736552583912,1.113900637631631,39.67150883042951,1739.9377623944838,5077.944000115464,2.160354913485053,0.4628869051830075,10970.161271051387,0.1453937153095102,0.1532325,3752.16288459,2590.19880877,564.15121224,0.0,141.45912889,1.2720307481355877,1.393594925165157,/home/chaoyu/phd_simulation/sensitivity_analysis/data/03822_verts.csv,/home/chaoyu/phd_simulation/sensitivity_analysis/data/03822_stress.csv,1.382689048575673,0.05556779919986945,1.3948004307424993,0.0585862927804775,2590.234593181818,2719.3499673913043,-0.004360550150418324
3824,material_r_cable,3,True,0.976935176858754,0.9785933657479722,17.016913483643194,838.269287880825,11979.9364232378,1.807455480605471,0.5532639728780565,21653.20174548627,0.3284699863316092,0.18509386,1928.69268185,1082.80115467,112.4885799,184.91622694,42.45218623,1.3604035260868448,1.3351668053061394,/home/chaoyu/phd_simulation/sensitivity_analysis/data/03824_verts.csv,/home/chaoyu/phd_simulation/sensitivity_analysis/data/03824_stress.csv,1.4434040515160802,0.05531302190359463,1.2857342920143235,0.05515814853598578,942.3896311111112,1281.8865326086957,0.05777272518101651
3825,material_r_cable,3,True,0.8769491511680073,1.0966338108822289,70.33800908833005,1615.7058621297635,15116.742911834996,2.477729027599116,0.4035953846692371,37455.19271540675,0.2299538488888537,0.13304533,6366.77706004,5277.28973938,199.93560288,4.86878041,248.94063114,1.3016074105529432,1.3496145538789224,/home/chaoyu/phd_simulation/sensitivity_analysis/data/03825_verts.csv,/home/chaoyu/phd_simulation/sensitivity_analysis/data/03825_stress.csv,2.1833100978371847,0.05399015137693171,2.2661544541420158,0.06572103168653418,5434.006113333333,5149.792395744681,-0.01861894961450597
3826,material_r_cable,3,True,1.2241164216382292,0.8083914410734413,55.25304874352253,801.4553653329833,2162.2355533763243,2.7350094318983897,0.3656294520731845,5913.734632470281,0.2455979326253878,0.16898244,2282.90855385,942.76741347,1826.10430705,43.44906668,49.12713328,1.2020814881060364,1.384129806054624,/home/chaoyu/phd_simulation/sensitivity_analysis/data/03826_verts.csv,/home/chaoyu/phd_simulation/sensitivity_analysis/data/03826_stress.csv,8.366139352290782,0.08342593791367751,3.3645657009437824,0.07807186765867735,1135.1302037735848,1088.5538760869565,0.42636598811832643
3828,material_r_cable,3,True,1.2774191851419,1.1470498425369868,18.54061275322188,902.5469782771912,5623.440743185669,1.5600157215935813,0.6410191808698465,8772.655968819536,0.169621931297195,0.11181256,2296.90764042,2147.42684411,22.16712882,0.0,125.59426753,1.3139788479493864,1.327182410124748,/home/chaoyu/phd_simulation/sensitivity_analysis/data/03828_verts.csv,/home/chaoyu/phd_simulation/sensitivity_analysis/data/03828_stress.csv,1.2845135389863782,0.05292074528153492,1.114380645814772,0.05553814211002977,2156.648262222222,2182.9390425531915,0.07092138296450491
3830,material_r_cable,3,True,1.1403805917069008,0.9784275075636776,12.103403725939016,1889.113510225319,8157.654482455434,1.403536111652222,0.7124861210894067,11449.56265250782,0.3034120483243539,0.19818191,3555.60073751,2133.69285169,788.10763247,39.37354436,97.3982089,1.283002837898996,1.398805525074561,/home/chaoyu/phd_simulation/sensitivity_analysis/data/03830_verts.csv,/home/chaoyu/phd_simulation/sensitivity_analysis/data/03830_stress.csv,2.6017335324523754,0.05746786038003088,1.7283629946923462,0.060992927209274864,2392.9140659090913,2226.803433333334,0.2016977063409559
3831,material_r_cable,3,True,1.1685913637606609,0.803973092212207,63.8830831807234,308.57675521825774,2196.414686670789,3.8043405036967695,0.2628576487904475,8355.909355416132,0.1891589605533773,0.20121155,1691.02496162,751.49809729,73.10014014,63.17809403,39.07277835,1.3316406833513157,1.3434471819073337,/home/chaoyu/phd_simulation/sensitivity_analysis/data/03831_verts.csv,/home/chaoyu/phd_simulation/sensitivity_analysis/data/03831_stress.csv,4.0393435825421795,0.06765926946373177,5.404054141913353,0.06517765883780051,725.595060869565,827.8896613636364,-0.1445147815639479
3832,material_r_cable,3,True,1.371525267527431,1.3791565613162735,71.87260233535338,1646.8366948166736,15497.266762486794,3.010083900031022,0.3322166534925136,46648.07317624738,0.3145810672251029,0.02015592,28414.15114042,24018.09267278,1864.73615332,0.0,1268.85945851,1.2190794369406357,1.358945745243065,/home/chaoyu/phd_simulation/sensitivity_analysis/data/03832_verts.csv,/home/chaoyu/phd_simulation/sensitivity_analysis/data/03832_stress.csv,0.7925062220475279,0.05454337314593085,0.6432579386685504,0.057621631645439035,23426.196621739135,24020.284120833338,0.10395041711066308
3833,material_r_cable,3,True,1.3946288935758844,1.3267872934146985,29.144086623076927,375.1688614297631,5992.75865509237,1.7645572723639156,0.5667143910043424,10574.56586636504,0.2311227580758652,0.02189024,5225.32302604,4637.01898142,160.09091236,0.0,273.41065465,1.2674272677291682,1.3235914680372192,/home/chaoyu/phd_simulation/sensitivity_analysis/data/03833_verts.csv,/home/chaoyu/phd_simulation/sensitivity_analysis/data/03833_stress.csv,0.8460278940697005,0.05341573903320582,0.6483850798963896,0.0559588779080857,4445.769668888889,4633.10088125,0.13225448227257935
3834,material_r_cable,3,True,0.8085157895189835,1.340929121146567,38.780097724570815,418.1003345172769,16723.302694453563,3.447534694692616,0.2900623455768182,57654.16624897517,0.3679764436050244,0.00498828,30144.03377029,23469.77186031,1402.11969495,99.58970109,1590.12636167,1.2314563055439445,1.284305563610345,/home/chaoyu/phd_simulation/sensitivity_analysis/data/03834_verts.csv,/home/chaoyu/phd_simulation/sensitivity_analysis/data/03834_stress.csv,,0.05412629637941726,,0.05634001963394442,22467.037589361702,23337.667772340425,
3835,material_r_cable,3,True,1.3052929794107766,1.2377102186751694,55.154812512846426,1629.1696425075334,17599.096473971695,1.3305580683812048,0.7515643426345373,23416.61980966225,0.1371953605461282,0.04088416,11401.63092412,7626.91023858,1498.51567867,2004.09470456,458.69970219,1.2181998915824208,1.2053904517765326,/home/chaoyu/phd_simulation/sensitivity_analysis/data/03835_verts.csv,/home/chaoyu/phd_simulation/sensitivity_analysis/data/03835_stress.csv,0.9344069216479378,0.05769240328900673,0.8218033468726097,0.05534165773702802,7338.34822173913,8049.134036170212,0.06411736498397012
3836,material_r_cable,3,True,1.0507533230056796,1.3179509464827164,12.801496489331347,1409.233702045383,4814.194525093935,3.818196237571576,0.261903772823372,18381.539422651345,0.1062976641283681,0.06625556,9040.53307945,6869.76639831,0.0,1187.10952497,352.68925628,1.355286342505862,1.2011785598292244,/home/chaoyu/phd_simulation/sensitivity_analysis/data/03836_verts.csv,/home/chaoyu/phd_simulation/sensitivity_analysis/data/03836_stress.csv,1.3613924650877123,0.06400910004743514,1.7799759787516636,0.05686559656460888,6857.976804347825,7368.215594339623,-0.13324878031574008
3837,material_r_cable,3,True,0.9595216914120416,1.0696139507509097,76.92707309472753,1139.567942053237,1600.532430744723,2.1203185789850347,0.4716272403172005,3393.638649176114,0.4942644403627585,0.19096847,1950.12510601,841.50871418,187.38209938,1528.96846751,34.11465699,1.3082054874689664,1.2305589102079706,/home/chaoyu/phd_simulation/sensitivity_analysis/data/03837_verts.csv,/home/chaoyu/phd_simulation/sensitivity_analysis/data/03837_stress.csv,3.017861035797468,0.06618514085928803,6.125978534219768,0.06283406193960508,767.9768533333335,816.5985372549019,-0.3399138266395067
3838,material_r_cable,3,True,1.2648710639615903,1.1194803299010725,63.42873278786941,1608.881919854761,11624.547004782771,2.6575033538200934,0.3762930340473608,30892.27265184954,0.3503831020856079,0.07139629,6521.33590361,6377.35913458,0.0,0.0,364.07359062,1.327720755528693,1.3259150721489363,/home/chaoyu/phd_simulation/sensitivity_analysis/data/03838_verts.csv,/home/chaoyu/phd_simulation/sensitivity_analysis/data/03838_stress.csv,1.1213855853829837,0.05285717224499872,0.9080205321855163,0.05533673787913104,6440.28775111111,6407.791208333333,0.10513669558319225
3839,material_r_cable,3,True,1.0806378889934372,1.067723456790291,58.93504757299982,1342.1420333355554,10404.987030662862,2.265092346491386,0.4414831040107455,23568.25648849658,0.2119326970985225,0.11708313,5472.92212114,2547.86642121,919.26651824,82.06838305,126.38345109,1.2377762160176349,1.3177526698480335,/home/chaoyu/phd_simulation/sensitivity_analysis/data/03839_verts.csv,/home/chaoyu/phd_simulation/sensitivity_analysis/data/03839_stress.csv,1.826346203082624,0.05763549137606719,1.2230685160197676,0.06079403749691887,2891.934643478261,2591.546995744681,0.1978339263871704
3840,material_r_cable,3,True,0.9464266882920688,1.0941779488729266,84.21044480870461,1357.1486366149068,15220.244057214428,1.4140578215791284,0.7071846601599817,21522.30515544731,0.2423569883875648,0.16391711,3561.77600599,3131.02327569,0.0,55.13882902,145.82567339,1.3708042491892825,1.3512548748023734,/home/chaoyu/phd_simulation/sensitivity_analysis/data/03840_verts.csv,/home/chaoyu/phd_simulation/sensitivity_analysis/data/03840_stress.csv,1.4951370728724567,0.053094560987838824,1.4647607980976298,0.05655571301344816,3374.8601222222223,2955.2256869565217,0.010262609082816506
3841,material_r_cable,3,True,1.1218127864844132,1.1255124769711042,50.235310514973065,1503.1147420741522,6111.640724684701,4.047918713930375,0.2470405338325181,24739.424862270203,0.3800357009740309,0.09848728,7339.23141163,4611.7338133,536.18017572,0.0,222.36501684,1.25034818517647,1.3622077961393169,/home/chaoyu/phd_simulation/sensitivity_analysis/data/03841_verts.csv,/home/chaoyu/phd_simulation/sensitivity_analysis/data/03841_stress.csv,1.0046556900924155,0.055115706989786344,1.0950653527795071,0.058187900581320826,4271.041811111111,4640.25495106383,-0.04305794000303609
3842,material_r_cable,3,True,0.8875466250948069,1.389533775687098,25.41124385686277,1428.3061755323345,15066.93070690826,1.394568178685761,0.7170678460069254,21011.862114317624,0.3846908069321456,0.04243468,9985.26129154,9935.33343972,0.0,0.0,663.94548082,1.3488462470628206,1.370787408918852,/home/chaoyu/phd_simulation/sensitivity_analysis/data/03842_verts.csv,/home/chaoyu/phd_simulation/sensitivity_analysis/data/03842_stress.csv,0.9761813547045737,0.05289636162130034,0.7551548081798581,0.05533331182416873,9929.425877777778,9961.938208333335,0.1276624096827516
3844,material_r_cable,3,True,1.0830454418499382,1.362653259189198,42.34195439095512,357.00749976110694,8853.182311274319,2.2154666559871647,0.4513721735768671,19613.930210003637,0.4487487985641299,0.01104944,9785.73023485,9782.70379951,0.0,0.0,586.22288847,1.3042818772343885,1.3501831537664124,/home/chaoyu/phd_simulation/sensitivity_analysis/data/03844_verts.csv,/home/chaoyu/phd_simulation/sensitivity_analysis/data/03844_stress.csv,,0.052825861445580526,,0.05527453470029236,9783.484717777777,9783.843266666667,
3845,material_r_cable,3,True,1.1285727059994153,0.9551015099167603,37.593648165952665,936.6172436500958,14236.842378512514,2.729604935474601,0.3663533821337146,38860.95522196172,0.4197692819231738,0.09728353,5132.47832486,2335.46985092,411.46347239,633.4774576,115.07133208,1.2699982271508354,1.248916893468424,/home/chaoyu/phd_simulation/sensitivity_analysis/data/03845_verts.csv,/home/chaoyu/phd_simulation/sensitivity_analysis/data/03845_stress.csv,1.432910469398424,0.055595811957094746,1.7008294479902475,0.0566195571996381,2454.0821155555554,2671.577855319149,-0.08549496309670743
3847,material_r_cable,3,True,0.836077808451117,1.3068792516341596,58.52707530015372,1366.491310473328,13933.115698664731,2.824533863275945,0.3540407190729099,39354.55711182022,0.2399824946044931,0.03121289,16027.16009415,14054.28923348,522.94432702,0.0,858.53905622,1.2471207006808005,1.391129367824333,/home/chaoyu/phd_simulation/sensitivity_analysis/data/03847_verts.csv,/home/chaoyu/phd_simulation/sensitivity_analysis/data/03847_stress.csv,0.8431683081949433,0.0536093810944516,0.7094258550217403,0.05768709555148582,13994.270867391302,14038.404095833333,0.08614128298415971
3848,material_r_cable,3,True,1.354219138414153,1.149537025658661,61.83206458060527,1938.104495721387,5298.775603283048,4.780608695779704,0.2091783836821438,25331.372726040285,0.406257188036033,0.09421224,7025.184166,6806.1444491,0.0,0.0,331.16609183,1.3237395110171222,1.350479002210282,/home/chaoyu/phd_simulation/sensitivity_analysis/data/03848_verts.csv,/home/chaoyu/phd_simulation/sensitivity_analysis/data/03848_stress.csv,1.230873152018906,0.05288162996758138,1.0253355090669916,0.05541982510636369,6915.398160000001,6839.400997916666,0.09109868537291697
3849,material_r_cable,3,True,1.1456757493158654,0.9044254586570524,10.16133115050168,870.0697409248493,2760.842373657355,3.906263795228224,0.2559990959191159,10784.578608549677,0.3327219339522043,0.1705046,2081.42328736,794.61400063,98.87393246,1418.71969776,37.03100276,1.3459685178691043,1.2216654375067428,/home/chaoyu/phd_simulation/sensitivity_analysis/data/03849_verts.csv,/home/chaoyu/phd_simulation/sensitivity_analysis/data/03849_stress.csv,2.215340895924964,0.06401893887417522,6.55505304173848,0.06788406124149218,842.3298837209302,910.9764367346938,-0.4948138221223021
3851,material_r_cable,3,True,1.026404253587025,1.3343211216589288,15.089272828935776,1045.9507234172906,3176.494264916446,4.870757900912038,0.2053068578532208,15471.934538043552,0.4950336972016242,0.04200908,10090.90068938,7468.73059887,653.06053527,0.0,431.4978724,1.2331296180442903,1.3207924651568863,/home/chaoyu/phd_simulation/sensitivity_analysis/data/03851_verts.csv,/home/chaoyu/phd_simulation/sensitivity_analysis/data/03851_stress.csv,0.9030607758533411,0.054943502228587474,0.7594602161416953,0.05655741988640994,6727.6108933333335,7451.840419148937,0.08637518587920151
3852,material_r_cable,3,True,0.9737704409299838,1.1583138864630462,85.00939629392464,1521.6693370975192,3057.826492349802,1.8583934185526945,0.5380991936458719,5682.644628458942,0.1711567575676849,0.19302734,3152.73991774,1573.76582549,557.82738832,926.89213218,72.34197161,1.2649355636508792,1.2707817874971907,/home/chaoyu/phd_simulation/sensitivity_analysis/data/03852_verts.csv,/home/chaoyu/phd_simulation/sensitivity_analysis/data/03852_stress.csv,4.192706987640747,0.055700542417042205,4.033182523634312,0.05954416608959279,1741.9940960784315,1532.0356021739128,0.019392974314544138
3853,material_r_cable,3,True,1.2101259964670676,0.9320513723358872,81.32830748934488,790.9523464894817,8543.07189426263,3.1509319750576203,0.3173664198135262,26918.638396848197,0.1788335661466588,0.12453239,5118.2906755,2466.80147927,56.87768829,312.93384215,119.02830516,1.3265076107287104,1.269576071197545,/home/chaoyu/phd_simulation/sensitivity_analysis/data/03853_verts.csv,/home/chaoyu/phd_simulation/sensitivity_analysis/data/03853_stress.csv,1.7791241013520798,0.06105018155350465,3.4033699247290214,0.0567435627390131,2258.239822222222,2821.3266212765957,-0.3134100715221015
3854,material_r_cable,3,True,1.340560619061889,1.071214256772414,28.406890234453986,446.4969831773013,11320.35939669561,3.685036891378475,0.2713677038999537,41715.9420004863,0.2303162974847317,0.02221887,5303.04046393,5288.56245715,0.0,0.0,334.42391266,1.377458325430439,1.3584776480190135,/home/chaoyu/phd_simulation/sensitivity_analysis/data/03854_verts.csv,/home/chaoyu/phd_simulation/sensitivity_analysis/data/03854_stress.csv,0.8674470800362937,0.05283765118261799,0.648645083280801,0.05528185813415352,5292.040333333333,5294.340195833333,0.1443197201658048
3855,material_r_cable,3,True,0.852653434970343,1.1287825695779972,40.80925229868046,1051.2138814340556,2803.074212504373,4.272396238744763,0.2340606872862994,11975.843722426123,0.3265567449156989,0.14488451,4183.70755534,2247.73250501,514.10564683,0.0,115.98584324,1.2495782618376656,1.3618356352147147,/home/chaoyu/phd_simulation/sensitivity_analysis/data/03855_verts.csv,/home/chaoyu/phd_simulation/sensitivity_analysis/data/03855_stress.csv,2.039782385874899,0.05592405644822968,1.4716239195449083,0.06150457307957583,2166.2051021739135,2278.194617391304,0.16180368117840588
3856,material_r_cable,3,True,0.9945171425687938,1.1028595922842706,67.51353139919858,1016.3098063796976,8378.730572968847,4.232981167276767,0.2362401249810749,35467.008721063205,0.1186150279307011,0.0859151,6216.52248049,4335.33936342,466.10325476,10.41499317,192.75461688,1.2436135165490216,1.3113909026117236,/home/chaoyu/phd_simulation/sensitivity_analysis/data/03856_verts.csv,/home/chaoyu/phd_simulation/sensitivity_analysis/data/03856_stress.csv,1.2819479475820463,0.054894629779128526,1.1241807260829508,0.06171621689518924,4696.488623913044,4319.345375,0.06556890461672012
3857,material_r_cable,3,True,1.0910425148412295,1.284000813873822,84.06668398903341,286.4229910927485,4012.939389715558,1.3523843370185604,0.7394347691164334,5427.036376056141,0.2056441159940836,0.05187162,1744.08959256,1725.13495101,3.48251552,0.0,97.57506385,1.2949675755556738,1.3460538392571262,/home/chaoyu/phd_simulation/sensitivity_analysis/data/03857_verts.csv,/home/chaoyu/phd_simulation/sensitivity_analysis/data/03857_stress.csv,1.015114397183968,0.052856787756569004,0.8098926434191067,0.05543244133622667,1734.6231755555555,1723.3839166666667,0.11244984221926378
3860,material_r_cable,3,True,0.8158278191989329,1.213496431065251,6.663568522326703,1533.301199531105,16769.92171052925,2.099271395390735,0.4763557499976658,35204.61694985612,0.1362411782755964,0.08333071,10819.32636504,9268.86105582,377.06028797,264.57574885,505.69529011,1.2882250346992494,1.262760062209077,/home/chaoyu/phd_simulation/sensitivity_analysis/data/03860_verts.csv,/home/chaoyu/phd_simulation/sensitivity_analysis/data/03860_stress.csv,,0.10251729160599544,,0.06544428847544655,8874.989417777777,9417.191667346939,
3862,material_r_cable,3,True,1.270183832219934,0.9706027102114502,70.52788215253271,1279.9371734511349,2658.8515245018943,3.3140546497613173,0.3017451749240228,8811.57925780047,0.2080608614987167,0.18461205,2194.13456391,1152.61543092,1007.88521801,141.14904375,56.6319543,1.254536736738768,1.3421488051827746,/home/chaoyu/phd_simulation/sensitivity_analysis/data/03862_verts.csv,/home/chaoyu/phd_simulation/sensitivity_analysis/data/03862_stress.csv,4.021835589970132,0.05725127464362859,1.491351369754911,0.06063326908440519,1226.677974468085,1278.5728777777776,0.4589875581403143
3863,material_r_cable,3,True,1.0051241397530963,1.3729854954116003,25.26375331929639,1167.516376172035,6579.449674145407,1.7851428132825822,0.5601792711257457,11745.2573011551,0.2604744590832235,0.06510524,7316.56497361,5273.42739676,490.58749232,0.0,312.73028415,1.243936046567731,1.3912830080685097,/home/chaoyu/phd_simulation/sensitivity_analysis/data/03863_verts.csv,/home/chaoyu/phd_simulation/sensitivity_analysis/data/03863_stress.csv,0.9774004028238683,0.054534162949901904,0.8874107917677229,0.056863685467588534,4819.037348888889,5246.892517021276,0.048256687495837294
3864,material_r_cable,3,True,1.3161533006772,1.1613504519023967,56.53765387444519,1811.2926805460108,4592.502863780515,1.056486764542088,0.946533391200058,4851.918491705751,0.149511935828061,0.13782348,3910.00324369,2051.33634714,390.87643819,1986.91953117,102.92519728,1.276603465203965,1.2122815424064115,/home/chaoyu/phd_simulation/sensitivity_analysis/data/03864_verts.csv,/home/chaoyu/phd_simulation/sensitivity_analysis/data/03864_stress.csv,1.7001755276653638,0.06170026858927265,3.244024032713308,0.05661122262860942,1886.7872840909092,2248.07688125,-0.3122544885566274
3865,material_r_cable,3,True,0.889432087692859,1.0220278442475537,11.819414451960482,1383.3621340913444,3624.833104787559,4.83733673057338,0.2067253233953526,17534.538319987205,0.1300946617405945,0.16571212,4780.32870908,1816.49883764,2189.98342978,194.0048006,77.53247478,1.2160379834668933,1.2800928675351948,/home/chaoyu/phd_simulation/sensitivity_analysis/data/03865_verts.csv,/home/chaoyu/phd_simulation/sensitivity_analysis/data/03865_stress.csv,7.397674842506223,0.07025040687220212,3.6132061850134884,0.06531463384505534,1920.6100580000002,1974.9398456521737,0.34370261998419
3866,material_r_cable,3,True,1.1992522098582368,0.8816811750881302,49.95570050588168,1259.6655053235954,13117.77887391313,1.4748741271530612,0.6780239625806527,19347.072666849494,0.4971710837687185,0.13048796,3611.99984945,3348.14878839,38.28890972,0.0,184.19868555,1.3244961589288873,1.395216895055333,/home/chaoyu/phd_simulation/sensitivity_analysis/data/03866_verts.csv,/home/chaoyu/phd_simulation/sensitivity_analysis/data/03866_stress.csv,1.3779265674321828,0.053134420543338064,1.1964511222255312,0.0557759362216349,3339.584161363636,3405.747217021277,0.07049293735558294
3867,material_r_cable,3,True,0.9186384956866152,1.3622693544971356,25.009765183612124,1946.4423496654304,6379.296669596743,3.304858590404304,0.3025848073813239,21082.673399254363,0.3494708680007076,0.06504139,9655.42845789,9544.3053809,0.0,0.0,593.20530306,1.3857528794429903,1.3736978524939985,/home/chaoyu/phd_simulation/sensitivity_analysis/data/03867_verts.csv,/home/chaoyu/phd_simulation/sensitivity_analysis/data/03867_stress.csv,1.0956230123535946,0.05300488699083126,0.8713103023247323,0.05546975627977486,9531.423675555556,9608.236245833332,0.11404184796450331
3868,material_r_cable,3,True,1.2084662350455897,1.3925378661012822,56.260556362938416,1613.99664612115,9970.248078510263,3.06600534585124,0.326157291719386,30568.83390817553,0.2012707296445227,0.03895613,14904.78929548,14328.75814793,117.51153317,0.0,751.90096089,1.2834667947871758,1.3195140620147603,/home/chaoyu/phd_simulation/sensitivity_analysis/data/03868_verts.csv,/home/chaoyu/phd_simulation/sensitivity_analysis/data/03868_stress.csv,0.941376269954697,0.053056168889958906,0.740896126754727,0.05562294684712497,14257.630508888888,14323.938460416668,0.11917222418445148
3869,material_r_cable,3,True,0.9972802008209304,1.05428835339184,37.22623474193912,317.0930210396237,18702.55188999704,3.354356598213496,0.298119764765795,62735.02833564186,0.3683483831804174,0.0328042,3851.90885313,3810.99948619,0.0,0.0,178.09488137,1.3391901056576536,1.3226861308924134,/home/chaoyu/phd_simulation/sensitivity_analysis/data/03869_verts.csv,/home/chaoyu/phd_simulation/sensitivity_analysis/data/03869_stress.csv,0.9256298211865183,0.05289483145869383,0.7053256277934061,0.055351659325615546,3816.8627177777776,3830.2416770833333,0.13507676958981352
3870,material_r_cable,3,True,0.9542077572210416,1.016165421422683,65.76504970272454,675.2424443761054,9160.666858809644,3.527829273212645,0.2834604292200745,32317.268706657596,0.4792764994010416,0.11452869,3851.05967797,1570.72581359,353.73119996,364.1731237,64.04983537,1.2593324337036396,1.271875576259532,/home/chaoyu/phd_simulation/sensitivity_analysis/data/03870_verts.csv,/home/chaoyu/phd_simulation/sensitivity_analysis/data/03870_stress.csv,1.8919631468811906,0.055973700248137144,1.847681372817646,0.05945255555350435,1713.3939260869563,1779.6821270833334,0.011841172023246407
3873,material_r_cable,3,True,1.390711220885919,1.185155488400087,17.383091560101718,643.3268212186723,19107.372270098,3.9611659341268735,0.2524509239526269,75687.47212699267,0.134556959087611,0.01042752,27020.56706323,15942.73649273,2926.86320583,0.0,855.0553983,1.205778456357525,1.383257222192677,/home/chaoyu/phd_simulation/sensitivity_analysis/data/03873_verts.csv,/home/chaoyu/phd_simulation/sensitivity_analysis/data/03873_stress.csv,,0.05536574581937557,,0.05860307820002012,13846.168428260871,15992.15529375,
3874,material_r_cable,3,True,0.979205382285554,1.1720805623622508,53.84096634922399,1555.4717434619388,2108.621328754175,2.889330704259838,0.3461009148332055,6092.5043488266165,0.1236170021119366,0.2041523,3228.46004381,1833.66267603,1300.83392636,109.48457271,83.64026615,1.2431742902589291,1.3853677472722496,/home/chaoyu/phd_simulation/sensitivity_analysis/data/03874_verts.csv,/home/chaoyu/phd_simulation/sensitivity_analysis/data/03874_stress.csv,4.8693642170643985,0.05384341304742598,1.7968663079874472,0.06751353402531315,1933.0288119999998,1846.6164674418599,0.4609048393286782
3876,material_r_cable,3,True,1.257176767488601,1.1396557882382126,28.65658501946619,1140.5073706491148,4267.335875768629,2.0339841236495326,0.491645922095853,8679.693421593465,0.2724453662464507,0.119065,3601.56132523,2139.05468461,607.88925393,1.01134012,115.98436276,1.2417016699770138,1.3315414006472082,/home/chaoyu/phd_simulation/sensitivity_analysis/data/03876_verts.csv,/home/chaoyu/phd_simulation/sensitivity_analysis/data/03876_stress.csv,1.4924054972683178,0.05769079038573229,1.2621236620551008,0.059835621980285254,1967.2620478260867,2233.7691276595747,0.08360116081318957
3877,material_r_cable,3,True,1.3570493209208336,1.0505527993477008,28.151350483818167,727.3181301825124,7442.803553181016,3.842141658238684,0.2602715071308485,28596.30558576368,0.1889580433733541,0.05784082,3290.51525545,3234.90775357,0.0,0.0,210.29866494,1.3981932853146553,1.3743445664188103,/home/chaoyu/phd_simulation/sensitivity_analysis/data/03877_verts.csv,/home/chaoyu/phd_simulation/sensitivity_analysis/data/03877_stress.csv,1.052845851755902,0.05284999698752172,0.8381480019927156,0.055317014121094264,3251.176106666667,3254.3597083333334,0.11353704261786973
3878,material_r_cable,3,True,0.9305608007635148,1.107332430401495,5.234368526614392,1208.9383585713836,3920.296980674646,3.4375155283785785,0.2909077767778649,13476.081746924752,0.2090450356315434,0.17086573,4214.61437126,2338.52441461,547.95863193,0.0,109.94518858,1.282603482312912,1.3849410184113844,/home/chaoyu/phd_simulation/sensitivity_analysis/data/03878_verts.csv,/home/chaoyu/phd_simulation/sensitivity_analysis/data/03878_stress.csv,2.4281780055880215,0.05892291918552052,1.336508482828338,0.05787083087878673,1806.16368372093,2573.467745652174,0.28997621079966784
3880,material_r_cable,3,True,1.0223203338817293,1.187675060887147,40.56496447346488,1263.6107709721325,11826.027221007338,1.56824678447347,0.637654742799772,18546.129162440484,0.4384050757692203,0.07521804,6571.39565253,4597.87765775,0.0,475.26198546,258.24580337,1.362169036260837,1.2475697000651096,/home/chaoyu/phd_simulation/sensitivity_analysis/data/03880_verts.csv,/home/chaoyu/phd_simulation/sensitivity_analysis/data/03880_stress.csv,1.1693103445019892,0.0547563981683039,0.7846983360550961,0.054297817309223693,4636.5843444444445,4654.784051063829,0.19683229264735955
3881,material_r_cable,3,True,1.067765025969488,1.2966628931788753,22.630514641169437,596.604039654653,17182.721602491678,4.098677166275244,0.2439811576838022,70426.428686597,0.2466161784241621,0.00802388,28593.65336131,24384.78202386,0.0,1536.37489809,1274.66268776,1.3177643641983845,1.2178295358500957,/home/chaoyu/phd_simulation/sensitivity_analysis/data/03881_verts.csv,/home/chaoyu/phd_simulation/sensitivity_analysis/data/03881_stress.csv,,0.05585843083065615,,0.05500287344550161,24415.145810869562,24960.422487234035,
3882,material_r_cable,3,True,1.1988137553079548,1.0186998507259293,64.99288326329192,604.8276504384962,1991.270878514942,2.18899104143948,0.4568314721573279,4358.874114148532,0.1811956187059841,0.14513982,1800.55169098,637.06020023,182.43878765,602.30283939,29.95888047,1.2759603101544332,1.2302338654872196,/home/chaoyu/phd_simulation/sensitivity_analysis/data/03882_verts.csv,/home/chaoyu/phd_simulation/sensitivity_analysis/data/03882_stress.csv,2.147368743617302,0.06094116937193303,3.2634188267027584,0.05687974664909912,605.8818818181818,837.3276291666666,-0.2062638883121851
3883,material_r_cable,3,True,1.184622155901973,1.2535173609530506,85.23946855553721,1705.6836348222275,10057.682583878735,2.5300681847629267,0.3952462649119088,25446.622717915776,0.357486867153991,0.04913224,14061.17919952,8673.71760709,212.91633192,1985.75084171,471.13259495,1.272300710356853,1.2060511792017283,/home/chaoyu/phd_simulation/sensitivity_analysis/data/03883_verts.csv,/home/chaoyu/phd_simulation/sensitivity_analysis/data/03883_stress.csv,0.9781768674486404,0.055714053230798206,0.8682123750242645,0.054055107670553174,8541.54136,8048.356253191487,0.05955650623110126
3884,material_r_cable,3,True,1.2609150172700536,1.0256417057456897,77.48386427414185,467.3961957505614,9594.901618509595,2.8669329185260635,0.3488048128151237,27507.93930012416,0.4772733033067521,0.02423877,7215.50655147,4102.38274567,0.0,1178.64880811,255.22578052,1.3203661903099462,1.2108884510446878,/home/chaoyu/phd_simulation/sensitivity_analysis/data/03884_verts.csv,/home/chaoyu/phd_simulation/sensitivity_analysis/data/03884_stress.csv,0.9171206197218076,0.05692048287146266,0.7267376603345339,0.05408538485410101,3993.892413333333,4292.806355319148,0.11581470355263745
3885,material_r_cable,3,True,0.8609358748320634,1.255412497835649,72.19290844247398,1131.120480623832,15909.432670983222,2.5979340764259926,0.3849212376380664,41331.65727255231,0.1271517606475861,0.03960776,14914.9784684,12395.08342642,639.71449467,0.0,678.81035124,1.2319773417703044,1.3454356779091854,/home/chaoyu/phd_simulation/sensitivity_analysis/data/03885_verts.csv,/home/chaoyu/phd_simulation/sensitivity_analysis/data/03885_stress.csv,1.2497368867717604,0.0532790987398667,1.5071541657717258,0.09202857792136074,12942.597666666668,12402.595352083334,-0.09337230746295692
3886,material_r_cable,3,True,1.315695220580964,1.310421715295824,49.118800594809954,484.0607982704234,1220.2615040141827,1.346417170580959,0.7427118591844121,1642.981041603642,0.4860531578954122,0.09388849,1483.97875888,1101.47807218,120.71154344,219.29871597,63.53784239,1.2524699299903808,1.2329966624577589,/home/chaoyu/phd_simulation/sensitivity_analysis/data/03886_verts.csv,/home/chaoyu/phd_simulation/sensitivity_analysis/data/03886_stress.csv,1.0052858117705004,0.056777322341160424,1.01650979876464,0.05478475349700784,1007.8577422222221,1059.4030425531914,-0.005551494392239235
3887,material_r_cable,3,True,1.3583213811188424,1.3384443989603638,70.16825502108064,1285.7496931889127,8685.462949586723,3.428175879274334,0.2917003197081233,29775.294584104115,0.3923377526313023,0.02783131,15443.22630092,14916.42643605,115.89352877,103.06472826,775.49426953,1.2817912207552011,1.285774972870731,/home/chaoyu/phd_simulation/sensitivity_analysis/data/03887_verts.csv,/home/chaoyu/phd_simulation/sensitivity_analysis/data/03887_stress.csv,0.8887015286634685,0.0531122792760895,0.6775220912118304,0.05526272737759523,14818.692511111112,14831.612841666667,0.13483351596271548
3890,material_r_cable,3,True,1.14483148992102,1.3712371619939836,9.72417489832733,1309.504803037299,18299.137662186356,2.287552832908111,0.4371483734120903,41860.2441989099,0.2113241431714843,0.02328946,19006.34793356,18150.87705387,51.56969224,313.48909151,997.77602109,1.2889213456811364,1.2698997087509276,/home/chaoyu/phd_simulation/sensitivity_analysis/data/03890_verts.csv,/home/chaoyu/phd_simulation/sensitivity_analysis/data/03890_stress.csv,0.875592819945839,0.05369031906579411,0.6298851972891127,0.054815656442291485,18056.622419999996,18233.898672916665,0.16320904048005108
3891,material_r_cable,3,True,1.134892117397103,1.1388625763836209,20.317298428617544,1727.0687480486515,18663.82488864958,3.1788766730572338,0.3145765321679705,59329.99756855317,0.2959836058308095,0.0468508,15120.99976088,10213.66988224,0.0,1646.53979362,523.58315659,1.395412369517043,1.21315228758884,/home/chaoyu/phd_simulation/sensitivity_analysis/data/03891_verts.csv,/home/chaoyu/phd_simulation/sensitivity_analysis/data/03891_stress.csv,1.0556617508063384,0.056489913425448686,0.8112641339309569,0.05439859775440298,10203.955280000002,10807.924804255319,0.13090911582158066
3892,material_r_cable,3,True,1.0851223329692226,1.204068641974506,66.66844161755414,939.915084818958,14359.043551674757,3.6042910914784447,0.2774470692348574,51754.17275545232,0.4418630109883484,0.02283335,14084.92739828,14059.28316207,0.0,0.0,739.94554729,1.3580286165737625,1.3408426472066517,/home/chaoyu/phd_simulation/sensitivity_analysis/data/03892_verts.csv,/home/chaoyu/phd_simulation/sensitivity_analysis/data/03892_stress.csv,0.8712758608671648,0.05283048637991285,0.6523699746703046,0.055288720883819656,14076.533577777782,14058.67719375,0.14367242116974036
3893,material_r_cable,3,True,1.1932573621627507,0.9468964048249986,69.88734336969627,1456.0701612036446,12896.480464014032,2.014830253829494,0.4963197262396405,25984.219006816504,0.2506508993664395,0.15338545,3618.89413101,3229.29832128,0.0,0.0,169.58715407,1.3984643494347595,1.375066213865549,/home/chaoyu/phd_simulation/sensitivity_analysis/data/03893_verts.csv,/home/chaoyu/phd_simulation/sensitivity_analysis/data/03893_stress.csv,1.567948623569661,0.05333776544839715,1.2693341076807503,0.055305658898382945,3158.2298136363634,3362.638973913044,0.10524665469532148
3895,material_r_cable,3,True,1.1960860036508432,1.121033199484304,55.509509591992334,1483.19375646063,13474.20710924534,2.4686221000125568,0.4050842775793482,33262.72545002936,0.4905431346287449,0.04800618,11960.85654907,7829.29604021,1064.54951722,0.0,444.2076182,1.2280912619940811,1.390790098566634,/home/chaoyu/phd_simulation/sensitivity_analysis/data/03895_verts.csv,/home/chaoyu/phd_simulation/sensitivity_analysis/data/03895_stress.csv,0.8732469423555643,0.05499161604006609,0.8054201912590383,0.05787038898041401,7004.951384782609,7853.6403104166675,0.04040512245597944
3896,material_r_cable,3,True,0.9126169089870448,1.0605254791115388,23.46061978387613,1834.9511393176588,18033.4600134414,3.5599435595586435,0.2809033298617741,64198.09983140904,0.1581314262418903,0.0085017,6478.36130366,4413.2048676,0.0,295.04168848,189.4596115,1.3438947779700232,1.252733716712797,/home/chaoyu/phd_simulation/sensitivity_analysis/data/03896_verts.csv,/home/chaoyu/phd_simulation/sensitivity_analysis/data/03896_stress.csv,,0.13541579133645357,,0.09589951406655588,4414.128140000001,4868.1481791666665,
3897,material_r_cable,3,True,1.2560520757614022,1.2020914933509284,13.505464030139256,807.3366314016049,2121.6063955266995,2.8131254521999587,0.3554765036226757,5968.344950806371,0.1914060513401314,0.13149936,2632.5355813,1635.12991782,336.97029363,0.0,78.95973519,1.2585120644628698,1.3647855013867698,/home/chaoyu/phd_simulation/sensitivity_analysis/data/03897_verts.csv,/home/chaoyu/phd_simulation/sensitivity_analysis/data/03897_stress.csv,1.31612994765746,0.05701724929510585,1.2629164957296908,0.05846737349429823,1365.0769755555552,1725.876056521739,0.02063299482807378
3898,material_r_cable,3,True,1.169910262483652,1.11258008819112,32.25616358952895,1515.1696086452932,14865.578045256092,1.716177417829443,0.5826903381963634,25511.969344249665,0.2517830904572884,0.09473494,4574.81566417,4375.54741865,0.0,0.0,252.96934317,1.3426884677427144,1.3255812865688283,/home/chaoyu/phd_simulation/sensitivity_analysis/data/03898_verts.csv,/home/chaoyu/phd_simulation/sensitivity_analysis/data/03898_stress.csv,1.238929589617876,0.05290711343182224,1.0246952142827275,0.055377720511596125,4424.208126666666,4454.454972916667,0.0946421752253231
3899,material_r_cable,3,True,0.98141715297008,1.1686287448740194,37.82931911609483,370.8325299077462,1588.0086402807178,4.251247510923394,0.2352250715655919,6751.017779318245,0.3221072963293948,0.0961687,1624.77726625,1413.01648974,0.0,30.85921333,70.13494786,1.3306000396239352,1.290813812662437,/home/chaoyu/phd_simulation/sensitivity_analysis/data/03899_verts.csv,/home/chaoyu/phd_simulation/sensitivity_analysis/data/03899_stress.csv,1.2643204167865116,0.053863454046785365,0.9581143428619816,0.055155427565411565,1422.3468622222222,1431.3681270833333,0.13777955577555873
3900,material_r_cable,3,True,0.9455752457506614,1.246551117080578,45.88299533381127,956.73119724126,16570.37160272922,3.0881129576654343,0.3238223516137132,51171.17925971946,0.2374500166520675,0.02365965,17638.48901814,14198.88653177,616.91443023,0.0,764.2468638,1.250855323731421,1.3117038361668327,/home/chaoyu/phd_simulation/sensitivity_analysis/data/03900_verts.csv,/home/chaoyu/phd_simulation/sensitivity_analysis/data/03900_stress.csv,0.8353716033139575,0.053615815834728756,0.6615192114829221,0.05670979240392138,13765.162968888886,14141.87545833333,0.11614233323666046
3901,material_r_cable,3,True,1.1786146763857874,1.2359854091602354,57.86976210171206,401.1616080900727,16308.84963975563,4.586735607744003,0.2180199788083823,74804.3813640101,0.1608869168277868,0.00797662,19452.2379356,19448.47259389,0.0,0.0,924.43324754,1.3935541535206577,1.3781464565250463,/home/chaoyu/phd_simulation/sensitivity_analysis/data/03901_verts.csv,/home/chaoyu/phd_simulation/sensitivity_analysis/data/03901_stress.csv,,0.05282170623733717,,0.0552675976735039,19450.53955111111,19448.75972083333,
3902,material_r_cable,3,True,0.9893143021884496,1.0524018217173068,79.47227700203278,1605.9378692766195,8115.398342689377,4.300594174833496,0.2325260090458818,34901.03483902334,0.1141973197359541,0.12563221,7545.10971581,3219.6996073,1006.94584433,955.49617621,132.54386228,1.2268197881615517,1.2541139938314696,/home/chaoyu/phd_simulation/sensitivity_analysis/data/03902_verts.csv,/home/chaoyu/phd_simulation/sensitivity_analysis/data/03902_stress.csv,3.1570931108033435,0.05538168315745619,2.693839830703929,0.06057841011208034,4039.4945207547175,3458.049465957447,0.0791759681286101
3903,material_r_cable,3,True,0.8693800254400716,1.175541841845252,61.01302095252896,1060.6677933578765,16819.443977876603,4.190008014966343,0.2386630279531894,70473.60507458035,0.2683636095966307,0.03165747,13643.44038632,13581.56363754,0.0,0.0,712.34439196,1.3770029057258175,1.3297252090711822,/home/chaoyu/phd_simulation/sensitivity_analysis/data/03903_verts.csv,/home/chaoyu/phd_simulation/sensitivity_analysis/data/03903_stress.csv,0.9193412058755653,0.052810505296164365,0.7013826883014068,0.0553628131990957,13611.677082222217,13578.67889375,0.13448220166140087
3904,material_r_cable,3,True,1.3070742870602663,0.9218157308374898,60.97130268673572,1954.220153178542,11462.244317402989,3.2845533152455704,0.3044554020050165,37648.352572880685,0.3840699373886881,0.11723325,6068.25011283,4329.94182243,642.1542752,99.36581084,262.51941129,1.2669441528716483,1.3146716975652637,/home/chaoyu/phd_simulation/sensitivity_analysis/data/03904_verts.csv,/home/chaoyu/phd_simulation/sensitivity_analysis/data/03904_stress.csv,1.2095055686279905,0.05438976530967334,1.0460129151281123,0.05675555093859422,4158.612656818183,4529.923195652174,0.07248561901723577
3906,material_r_cable,3,True,1.262300630613725,1.3305068760253151,43.12568142976101,358.4330247236128,14799.62963192844,4.290370147643505,0.2330801225971731,63495.889169006005,0.4397089789012242,0.00397009,31089.55620317,31088.29424506,0.0,0.0,1599.52502977,1.3508944251496242,1.376436218305513,/home/chaoyu/phd_simulation/sensitivity_analysis/data/03906_verts.csv,/home/chaoyu/phd_simulation/sensitivity_analysis/data/03906_stress.csv,,0.05282541215806359,,0.055271129159577034,31088.64060888889,31088.749747916667,
3907,material_r_cable,3,True,1.2489092826529733,0.8896349968464963,15.05438048546409,851.7647682725029,2225.846929327233,2.560270684111942,0.390583701249097,5698.7706404771,0.3235133699478476,0.1516502,1782.88916335,857.00641722,187.59844397,1269.90945698,46.54781713,1.2731734386557576,1.2198174770269758,/home/chaoyu/phd_simulation/sensitivity_analysis/data/03907_verts.csv,/home/chaoyu/phd_simulation/sensitivity_analysis/data/03907_stress.csv,3.1502833987390426,0.06057957544932125,5.822821065372899,0.06798463208670254,998.1660477272727,873.1444895833333,-0.2978386886414517
3908,material_r_cable,3,True,1.0717379523231003,1.066429803762458,46.35557241543946,1089.7681887459178,2349.018816024748,3.532913811712806,0.2830524754622264,8298.881019107095,0.2196790176157903,0.18474155,3034.58029157,1305.93305585,892.42163182,48.39050491,49.87557581,1.2480842868514717,1.375994366004322,/home/chaoyu/phd_simulation/sensitivity_analysis/data/03908_verts.csv,/home/chaoyu/phd_simulation/sensitivity_analysis/data/03908_stress.csv,3.922102027174972,0.055183690825121645,1.6803888832650378,0.06435793097771897,1365.8968791666666,1367.3974255319147,0.400127939472886
3909,material_r_cable,3,True,1.3003640372960508,1.097799943977325,45.67517007014803,1876.6352263709152,6543.062806418897,4.988305829346516,0.2004688634199084,32638.79833903976,0.134014487500643,0.09386663,10326.18855484,4359.4448291,2181.57335272,0.0,215.93865302,1.2046082517642651,1.3400059338506058,/home/chaoyu/phd_simulation/sensitivity_analysis/data/03909_verts.csv,/home/chaoyu/phd_simulation/sensitivity_analysis/data/03909_stress.csv,2.025060803727804,0.056680647742304184,1.2415995614624966,0.06344647081747593,4707.91674,4501.068189361703,0.23983553681120645
3910,material_r_cable,3,True,0.9103998618571106,1.2601116262090986,40.46627679666967,1076.5073226957786,2586.302668355418,4.128870136141323,0.242197009599958,10678.507850395305,0.4220975229515826,0.07626907,5717.98046545,3600.78614639,565.01887159,332.00610295,209.7203335,1.224294098964385,1.2348141071664605,/home/chaoyu/phd_simulation/sensitivity_analysis/data/03910_verts.csv,/home/chaoyu/phd_simulation/sensitivity_analysis/data/03910_stress.csv,1.1146205170713233,0.05898202518798462,0.8773948967732462,0.05707540140432032,3367.6088645833333,3584.9420553191494,0.11908824532649272
3911,material_r_cable,3,True,1.302929857115901,0.970236784914024,66.33523373159389,1795.8342113385852,11948.55784951285,1.4526279179437993,0.6884075320647176,17356.808711368893,0.1138787964056904,0.12709317,5868.20687962,4501.73070848,161.82495081,240.5843224,246.616961,1.3104558452994672,1.29514751032716,/home/chaoyu/phd_simulation/sensitivity_analysis/data/03911_verts.csv,/home/chaoyu/phd_simulation/sensitivity_analysis/data/03911_stress.csv,1.3537401095757688,0.05456669962448556,0.8774688095620509,0.05441840106248684,4278.670673333333,4676.698891304348,0.21345885449299745
3912,material_r_cable,3,True,1.149266114374505,1.291878596512162,14.46990348743379,1472.1914446647306,16356.4047468129,1.6175221968240696,0.6182295377234723,26456.84773820845,0.3387295750060844,0.04161475,12035.9571224,9911.58907205,547.1495406,0.0,575.49112056,1.2577223428273383,1.3426489741370202,/home/chaoyu/phd_simulation/sensitivity_analysis/data/03912_verts.csv,/home/chaoyu/phd_simulation/sensitivity_analysis/data/03912_stress.csv,0.9189489468727133,0.05362957263558214,0.755029803372448,0.05618540794610374,9184.24123111111,9918.4242875,0.09792187832507356
3914,material_r_cable,3,True,1.331077641282031,1.2503222148965656,2.312210017589662,1213.562036820966,5957.186919227588,2.0478826850709586,0.4883092216609812,12199.619943617385,0.3779723037974066,0.05299471,6998.29582529,5025.57435894,351.85570338,1155.53214901,288.23408677,1.254766069799934,1.2087685832079405,/home/chaoyu/phd_simulation/sensitivity_analysis/data/03914_verts.csv,/home/chaoyu/phd_simulation/sensitivity_analysis/data/03914_stress.csv,0.9621289387775153,0.0567531508164876,0.878746515406983,0.054419206585631826,4538.495933333334,5002.015331999999,0.04529498352590637
3915,material_r_cable,3,True,0.9713268420958208,1.3820012317859505,42.110252949718095,1189.8480286669303,1782.5486016192108,1.9978810528789883,0.5005302986176174,3561.320077010957,0.1760416396027135,0.10803215,2796.84358806,1751.4278322,3439.58493082,31.95024314,104.01646512,1.2000321687382731,1.3325229374788234,/home/chaoyu/phd_simulation/sensitivity_analysis/data/03915_verts.csv,/home/chaoyu/phd_simulation/sensitivity_analysis/data/03915_stress.csv,3.909930321427034,0.05871407455144537,1.5524626689491652,0.07022140732790134,1702.0427808510635,1736.090106382979,0.4315814802470864
3917,material_r_cable,3,True,1.0135581736273531,0.9726649765630128,49.8982917787248,1506.4908838772765,12054.037099844643,4.765052483397941,0.2098612771809186,57438.11941758564,0.1030890791525297,0.00227972,7569.30664747,1745.46995093,978.25380962,0.0,75.3798665,1.2102513650387468,1.3249929339666326,/home/chaoyu/phd_simulation/sensitivity_analysis/data/03917_verts.csv,/home/chaoyu/phd_simulation/sensitivity_analysis/data/03917_stress.csv,,0.4470592305710207,,0.3411337572533181,3331.296669387755,2037.7548021276596,
3919,material_r_cable,3,True,1.185338130717769,1.0485839735188978,82.62899110311056,731.3459941795631,16849.490331551846,2.2005414890902806,0.454433604164131,37078.00254460538,0.2308883167793234,0.05195194,3810.55879709,3746.36817703,0.0,0.0,231.56944644,1.310014279200326,1.375742067191119,/home/chaoyu/phd_simulation/sensitivity_analysis/data/03919_verts.csv,/home/chaoyu/phd_simulation/sensitivity_analysis/data/03919_stress.csv,1.0236995759597123,0.05286479665378387,0.8063373973145154,0.05532015871581781,3766.8620266666667,3767.412958333333,0.11877474707863489
3921,material_r_cable,3,True,1.1017150010594858,1.1829505701503265,27.62218918710144,803.9920719515106,16656.65415247603,3.6340519100648905,0.2751749355121742,60531.1458380958,0.1289523927666299,0.02416252,14394.38273113,11752.39031727,0.0,599.7542519,562.20069046,1.3057838869284182,1.248111514698139,/home/chaoyu/phd_simulation/sensitivity_analysis/data/03921_verts.csv,/home/chaoyu/phd_simulation/sensitivity_analysis/data/03921_stress.csv,0.8870725728801541,0.054789458612692334,0.6058887215675283,0.05455987966867568,11777.199506666666,12082.09933125,0.18833967923907172
3922,material_r_cable,3,True,1.3391946957395175,1.3119163715142483,89.53413222836585,1344.3690936278942,3844.894567699482,1.6385107713273064,0.6103102997546554,6299.901163793449,0.1870063446030094,0.13445776,3034.4353105,2740.73064122,119.703635,6.96557669,146.9914335,1.3030937806053051,1.3341675251467855,/home/chaoyu/phd_simulation/sensitivity_analysis/data/03922_verts.csv,/home/chaoyu/phd_simulation/sensitivity_analysis/data/03922_stress.csv,1.2341172784602956,0.053609894181478414,1.2335812841669411,0.056207240984250895,2757.2668355555556,2762.0658652173915,0.00021720411944635767
3923,material_r_cable,3,True,1.2472592724999831,1.0951135202097664,20.378153745181308,770.1773841829881,17509.91811950463,3.676518971856389,0.2719964204332852,64375.54616201072,0.3894886303302463,0.02200521,10437.58747022,10411.65569637,0.0,0.0,578.52135419,1.307612342827007,1.392755555504803,/home/chaoyu/phd_simulation/sensitivity_analysis/data/03923_verts.csv,/home/chaoyu/phd_simulation/sensitivity_analysis/data/03923_stress.csv,0.8666075288489092,0.052838436994124674,0.6473353764796287,0.05527940070768104,10413.56574888889,10426.091089583333,0.1448351530282423
3924,material_r_cable,3,True,0.8308662868667581,1.2954569183979077,39.15958528834267,998.5182105523656,6044.392753035371,2.7930871690796275,0.358026778064903,16882.51584338098,0.3202341977776292,0.05109265,7383.8502448,5870.27708503,0.0,377.55508947,364.76160293,1.3142435990898682,1.2368180025531668,/home/chaoyu/phd_simulation/sensitivity_analysis/data/03924_verts.csv,/home/chaoyu/phd_simulation/sensitivity_analysis/data/03924_stress.csv,1.0402593340249155,0.05500198485378047,0.7139719865407146,0.055151662958088175,5895.226604347826,5938.704182978723,0.18600018347579933
3926,material_r_cable,3,True,1.0821528543581618,1.061994282872458,15.71427236166533,1299.8045432490462,1040.6245415394962,2.2399713315194623,0.4464342850859881,2330.9691399240555,0.362867007690587,0.24190099,1309.33029326,744.64057192,265.07115748,1662.8339476,17.85031735,1.378234527956129,1.2343402018845329,/home/chaoyu/phd_simulation/sensitivity_analysis/data/03926_verts.csv,/home/chaoyu/phd_simulation/sensitivity_analysis/data/03926_stress.csv,3.863412414265558,0.07007900574003038,6.873042565645385,0.05995955271602433,611.7709071428571,683.453711111111,-0.28031879768612333
3927,material_r_cable,3,True,0.9481276846054312,0.9931366613678512,39.29601961406389,1111.9567886663172,4206.697284545148,2.394772380952336,0.4175762205852429,10074.082472055912,0.3754431725834949,0.22996598,2433.14773035,1147.29061624,182.67079246,399.12901064,39.82053018,1.3795678207943265,1.3221891845911755,/home/chaoyu/phd_simulation/sensitivity_analysis/data/03927_verts.csv,/home/chaoyu/phd_simulation/sensitivity_analysis/data/03927_stress.csv,1.6390131620785142,0.05955870037604181,2.414309630309342,0.054729869106173876,1049.407534883721,1309.8000822222223,-0.19127429714870847
3928,material_r_cable,3,True,1.2128131705338614,1.1438524947752646,16.963399305266485,1223.310231200321,12745.835830955044,4.3400854311146535,0.2304102110135588,55318.01639730712,0.4335881373469933,0.03364089,12242.34061206,12185.68775786,0.0,0.0,616.46599917,1.316866505580525,1.3245315767204962,/home/chaoyu/phd_simulation/sensitivity_analysis/data/03928_verts.csv,/home/chaoyu/phd_simulation/sensitivity_analysis/data/03928_stress.csv,0.9285808452839898,0.05285214936181061,0.7090829695590252,0.05528267389931532,12182.730855555556,12223.901222916667,0.1340310958424672
3929,material_r_cable,3,True,1.1252509231900385,1.3567716839244444,51.36168648559175,723.988471717996,12240.945962471897,2.826208010738596,0.3538309976478561,34595.45953815634,0.3580966366307583,0.01366623,20121.04876982,15869.80845831,1025.55152412,0.0,891.75483741,1.2321109249725186,1.3240677238245304,/home/chaoyu/phd_simulation/sensitivity_analysis/data/03929_verts.csv,/home/chaoyu/phd_simulation/sensitivity_analysis/data/03929_stress.csv,,0.05402410202794629,,0.05712012520562127,15185.244295652174,15816.793043749998,
3930,material_r_cable,3,True,1.1274308633423464,1.0123622110665442,58.61259520385436,661.0614286300467,10803.9012755511,3.7173671410668376,0.269007596519781,40162.06759706375,0.1994015901815873,0.07612413,4745.85409178,1826.8770981,668.6021488,0.0,103.66918555,1.2375449607937146,1.31688700116827,/home/chaoyu/phd_simulation/sensitivity_analysis/data/03930_verts.csv,/home/chaoyu/phd_simulation/sensitivity_analysis/data/03930_stress.csv,1.3793893130013168,0.055391242812013,1.029797696907427,0.06077154208150139,2318.25092826087,1964.7318063829787,0.14510771254205454
3931,material_r_cable,3,True,1.3231908671253596,1.008972818608039,86.81875097125258,1333.5131494910995,7558.775662974022,3.917094037616372,0.2552912925747679,29608.435081115284,0.1769928584412221,0.12114187,3070.39993768,2899.52617276,0.0,0.0,180.79729705,1.3449199963950411,1.3365932210882656,/home/chaoyu/phd_simulation/sensitivity_analysis/data/03931_verts.csv,/home/chaoyu/phd_simulation/sensitivity_analysis/data/03931_stress.csv,1.3751921461872734,0.05300950619832408,1.144743289604748,0.05536448869395239,2928.514611111111,2975.847342553192,0.09145030198366759
3932,material_r_cable,3,True,1.347981359223708,1.1232034237393829,24.118638659026534,532.717534949107,19939.992153556672,2.40277623843231,0.4161852377283577,47911.33934109268,0.4801808182150761,0.00966025,15638.75154695,14800.85908627,0.0,232.3570413,897.4929535,1.3596494836766275,1.2777985588193714,/home/chaoyu/phd_simulation/sensitivity_analysis/data/03932_verts.csv,/home/chaoyu/phd_simulation/sensitivity_analysis/data/03932_stress.csv,,0.05307284478550691,,0.05485996887862523,14801.273313333335,14660.93848125,
3933,material_r_cable,3,True,0.9495333460836924,1.103621832350891,47.25978910834492,1102.9930350105578,17533.98965848221,3.380855334458995,0.2957831380146942,59279.88247122843,0.3155711672929017,0.05359382,13173.04724746,6982.02301153,0.0,1117.08771888,325.24624731,1.3291322944478676,1.2237258158710032,/home/chaoyu/phd_simulation/sensitivity_analysis/data/03933_verts.csv,/home/chaoyu/phd_simulation/sensitivity_analysis/data/03933_stress.csv,1.0876543595911206,0.05664289289028138,0.9169619397481413,0.05461104666959544,7096.712132608696,7489.991982978723,0.08514967173480574
3935,material_r_cable,3,True,1.1433977949537877,1.3858040099516593,80.25069127365452,203.88353445355992,7964.224445160721,2.335370431987144,0.428197593967613,18599.414282937567,0.2633190075906435,0.00637167,10409.76740266,8708.75972181,1367.60153456,0.0,489.4558867,1.2007797863527323,1.3238881632568895,/home/chaoyu/phd_simulation/sensitivity_analysis/data/03935_verts.csv,/home/chaoyu/phd_simulation/sensitivity_analysis/data/03935_stress.csv,,0.05719931113766182,,0.06147877268406603,8996.662694339622,8733.14511875,
3936,material_r_cable,3,True,1.280857784050774,1.0790842114952723,6.838215115995867,1135.3993016487375,13153.97961226703,3.364185333755259,0.2972487841161099,44252.42529210443,0.1904835950620885,0.05793082,5383.287226,5278.53162827,0.0,0.0,319.28915201,1.3408392943374294,1.304956690910328,/home/chaoyu/phd_simulation/sensitivity_analysis/data/03936_verts.csv,/home/chaoyu/phd_simulation/sensitivity_analysis/data/03936_stress.csv,1.0547073323235088,0.052859428395757364,0.8378718387241063,0.05530808665444861,5292.905253333334,5330.877591666667,0.11457142555329704
3937,material_r_cable,3,True,1.3597460251103082,1.0462367609877892,45.62373281992837,1025.7014398617762,3878.1285349338777,2.7001197797935577,0.3703539404005465,10471.411565756776,0.1564245504475928,0.10439922,3543.37794457,1774.13536006,310.55237255,759.62849103,105.86673,1.2598967615336552,1.2265328704400629,/home/chaoyu/phd_simulation/sensitivity_analysis/data/03937_verts.csv,/home/chaoyu/phd_simulation/sensitivity_analysis/data/03937_stress.csv,1.2318653246207172,0.057758574208886304,1.6400536391002873,0.055072612356916614,1725.5927244444442,2033.4302723404253,-0.14213086080628842
3938,material_r_cable,3,True,1.1604240141444913,1.1762408276450211,52.50561892284341,1080.242570591146,14770.40288678006,1.5773298601393126,0.6339827992045228,23297.79751960609,0.1384437493353611,0.05599364,8025.89870113,4650.80722138,0.0,965.32835499,262.82666051,1.320165964600676,1.2272668700706346,/home/chaoyu/phd_simulation/sensitivity_analysis/data/03938_verts.csv,/home/chaoyu/phd_simulation/sensitivity_analysis/data/03938_stress.csv,1.0953907952922073,0.055778158917279025,0.8445476198553346,0.053894038721142005,4651.455813333334,4956.942906382978,0.12930471064350507
3939,material_r_cable,3,True,0.9759164625797416,0.9835323841221004,52.85404729438653,572.5911744975058,14418.722425257676,1.4988381648023414,0.6671834381344797,21611.33145866758,0.2024160973938464,0.17201351,1521.66783608,862.88467671,0.0,143.42467292,33.7964259,1.3979360389775253,1.3358210342782466,/home/chaoyu/phd_simulation/sensitivity_analysis/data/03939_verts.csv,/home/chaoyu/phd_simulation/sensitivity_analysis/data/03939_stress.csv,1.6553318499111656,0.05528829148541402,1.3243787323739382,0.055332807789761546,946.1541088888887,979.3600021739131,0.11106888014722002
3940,material_r_cable,3,True,0.9178038282226292,1.0530922394422233,45.09047898912284,244.14044594386127,13554.94087474521,2.78898086405692,0.3585539122507192,37804.47071308736,0.1523633843656831,0.04799138,6740.79528488,2689.6464459,769.6155815,901.28322262,107.21501663,1.2177872342909453,1.210734559332954,/home/chaoyu/phd_simulation/sensitivity_analysis/data/03940_verts.csv,/home/chaoyu/phd_simulation/sensitivity_analysis/data/03940_stress.csv,,0.12464894286905329,,0.16814079655362557,3315.3835354166663,3587.909052083333,
3941,material_r_cable,3,True,0.930301634274515,1.3599207800801385,53.47022891929951,1490.1739482622074,16245.260832864848,2.143818070544774,0.4664574917711586,34826.8837342089,0.3930005218008686,0.02965006,15456.46401339,15421.51922355,0.0,0.0,977.85276869,1.3643474258940076,1.3557522583412802,/home/chaoyu/phd_simulation/sensitivity_analysis/data/03941_verts.csv,/home/chaoyu/phd_simulation/sensitivity_analysis/data/03941_stress.csv,0.9079649487746413,0.05283832796484189,0.6892948793627989,0.055320695151729174,15436.791137777778,15425.675010416666,0.13690325491177782
3942,material_r_cable,3,True,0.96026750014736,1.1919546929273706,52.23742441729506,1370.8782657561576,9946.19877092331,4.778718745200303,0.2092611123022023,47530.08651009944,0.3309799327835232,0.04108586,16061.95282273,10627.11445624,1292.97005585,0.0,550.9548188,1.213307851788832,1.367170719951542,/home/chaoyu/phd_simulation/sensitivity_analysis/data/03942_verts.csv,/home/chaoyu/phd_simulation/sensitivity_analysis/data/03942_stress.csv,0.9559203006753895,0.056935975769578956,0.7948736499284874,0.05949788742744086,10369.250189999999,10588.800906382978,0.09198492529138251
3943,material_r_cable,3,True,1.3857776788562357,1.039153646997355,51.62507613001839,1403.9139421630491,19314.21772723321,3.647504376433029,0.2741600548750872,70448.69368746353,0.4332329477451796,0.028899,14008.52068342,12275.35372388,397.00240396,0.0,786.81067741,1.2707574933041748,1.380667715932787,/home/chaoyu/phd_simulation/sensitivity_analysis/data/03943_verts.csv,/home/chaoyu/phd_simulation/sensitivity_analysis/data/03943_stress.csv,0.8800985202633443,0.05321818178674516,0.6859992098046088,0.05585654885077587,11737.739382222222,12291.922497916667,0.12393818516697136
3945,material_r_cable,3,True,0.8232203285381686,1.2569030372459324,57.07643905296304,1970.6647517199235,2921.167531443133,1.9466420157594235,0.5137051352556368,5686.46745177944,0.4449781510797613,0.22701339,3203.57547743,2514.55406731,59.19648583,186.59958063,155.97731145,1.3939662030451143,1.3633375960112586,/home/chaoyu/phd_simulation/sensitivity_analysis/data/03945_verts.csv,/home/chaoyu/phd_simulation/sensitivity_analysis/data/03945_stress.csv,1.5142186057055735,0.05698920848816474,1.44467576095704,0.055700914949385,2614.2375585365853,2481.5937777777776,0.023502983253495494
3946,material_r_cable,3,True,0.8497374601009257,1.0999507945637028,89.032859957281,749.0342779319252,4103.498683392412,1.14468582344197,0.8736021531157672,4697.216769392084,0.2645300650976209,0.21445041,2030.27735372,1039.38220426,27.95782489,436.80353775,51.86489659,1.3947091517424255,1.3020089017910634,/home/chaoyu/phd_simulation/sensitivity_analysis/data/03946_verts.csv,/home/chaoyu/phd_simulation/sensitivity_analysis/data/03946_stress.csv,1.292215381733267,0.056089988967527725,4.542580731212669,0.0622946938299409,1102.582176190476,960.9328377777775,-0.5570657974265226
3947,material_r_cable,3,True,1.099496391505257,1.2927768581539187,62.043767377697954,522.9054083123572,13620.940972928483,3.493178787029806,0.2862722067685187,47580.38206601892,0.3264273061878571,0.01071778,17005.91945135,17000.62325789,0.0,0.0,905.93990351,1.3828879973257038,1.3515353105331194,/home/chaoyu/phd_simulation/sensitivity_analysis/data/03947_verts.csv,/home/chaoyu/phd_simulation/sensitivity_analysis/data/03947_stress.csv,,0.052822510731861394,,0.055267735277163346,17003.927435555554,17000.665395833334,
3948,material_r_cable,3,True,1.3174145617475888,1.1557760792543856,32.48222981379413,1120.8512515460477,19825.699161582128,2.856144650822719,0.3501223230104777,56625.064609173256,0.1857234462718681,0.02338972,16135.29930708,11142.50521489,1171.72833171,1321.84068237,644.49720378,1.2389142213951452,1.229499207351653,/home/chaoyu/phd_simulation/sensitivity_analysis/data/03948_verts.csv,/home/chaoyu/phd_simulation/sensitivity_analysis/data/03948_stress.csv,0.8174465940738376,0.05496160104508127,0.6230568473267971,0.05506081045031766,10215.816441304349,11331.93250425532,0.13494570103770862
3949,material_r_cable,3,True,0.9918091094210688,0.901235935588226,3.669607923825689,290.88874013858896,2629.477399198042,1.5410334406701924,0.6489151848418695,4052.112603650668,0.3397093878990262,0.18294095,1341.76594977,288.24828377,421.27132002,67.88070293,8.75627931,1.2303730979265497,1.3464524537364644,/home/chaoyu/phd_simulation/sensitivity_analysis/data/03949_verts.csv,/home/chaoyu/phd_simulation/sensitivity_analysis/data/03949_stress.csv,8.995655865623762,0.060421705251009004,3.468715810047691,0.06749871861749904,601.5750679245283,329.83971739130436,0.4434190667118675
3951,material_r_cable,3,True,1.3261058167456858,1.2081379557256735,12.961155568390986,216.91173244495903,14529.960744981783,4.263986754297623,0.2345223045057801,61955.56015706675,0.3740593278787669,0.00383659,19257.9459439,18675.61418116,0.0,175.55216016,942.98511048,1.3821853867687972,1.279993851495452,/home/chaoyu/phd_simulation/sensitivity_analysis/data/03951_verts.csv,/home/chaoyu/phd_simulation/sensitivity_analysis/data/03951_stress.csv,,0.053079869811188625,,0.05496141915835841,18675.38805333333,18615.696077083336,
3952,material_r_cable,3,True,1.2093609184336096,1.1695297579845654,50.32684343296104,1199.0102193704,8617.229563560562,3.279393782853915,0.3049344074592174,28259.28905616546,0.1594390629224907,0.07347483,5555.95050133,5436.6851853,0.0,0.0,272.91234117,1.312893591093352,1.30934276257352,/home/chaoyu/phd_simulation/sensitivity_analysis/data/03952_verts.csv,/home/chaoyu/phd_simulation/sensitivity_analysis/data/03952_stress.csv,1.1324932893210524,0.052903750278563734,0.9201478737522059,0.05542483471020308,5483.014795555555,5467.08563125,0.10344984763479967
3953,material_r_cable,3,True,1.161287226486329,1.286389331744214,4.878855821672071,691.2509770753187,5643.005658328898,4.4559282817308965,0.2244201290447053,25144.82850691521,0.2878452173070859,0.02895997,8782.05403531,8762.27885352,0.0,0.0,439.3725969,1.324109450392661,1.3275111052270196,/home/chaoyu/phd_simulation/sensitivity_analysis/data/03953_verts.csv,/home/chaoyu/phd_simulation/sensitivity_analysis/data/03953_stress.csv,0.9043239079123191,0.052855550974440495,0.6834471607047561,0.05527509075889748,8756.871646666666,8779.41873125,0.13911120537039595
3957,material_r_cable,3,True,1.2434649446834478,1.2419240325643486,79.68598431722374,866.2293248052573,2810.2729550089743,4.130708378630919,0.2420892274006135,11608.418041495444,0.4618371012621581,0.05748436,6180.64098919,4437.79413271,145.4749078,405.22310822,224.45823723,1.2625424986583362,1.240731055191152,/home/chaoyu/phd_simulation/sensitivity_analysis/data/03957_verts.csv,/home/chaoyu/phd_simulation/sensitivity_analysis/data/03957_stress.csv,0.9648595265020286,0.054549346784543096,0.778201325432086,0.05442317718499477,4347.068010869565,4205.80610425532,0.10708645132086186
3959,material_r_cable,3,True,0.8835035351826587,1.2679367040066445,78.19206358828013,1443.6073070357656,18114.335966471324,3.9341981544677127,0.254181401326822,71265.3871286996,0.3449951308213953,0.02239115,22217.25056406,22180.55563251,0.0,0.0,1304.43295153,1.360500141111985,1.3919667584394455,/home/chaoyu/phd_simulation/sensitivity_analysis/data/03959_verts.csv,/home/chaoyu/phd_simulation/sensitivity_analysis/data/03959_stress.csv,0.869245342148597,0.05283635062511282,0.6505224513622948,0.05528449890031861,22208.506573333332,22171.685733333336,0.14391862475320621
3960,material_r_cable,3,True,0.9077469737491805,1.1786101558831557,86.25788514146416,766.8451970904829,17464.617792478755,2.8497523684128208,0.3509076827461164,49769.83591754102,0.2662901589160112,0.0283828,12824.46019129,9829.67280078,977.30300162,0.0,499.90447031,1.2141333546087816,1.2993438136000968,/home/chaoyu/phd_simulation/sensitivity_analysis/data/03960_verts.csv,/home/chaoyu/phd_simulation/sensitivity_analysis/data/03960_stress.csv,1.2636042798650282,0.05706637844396446,0.7897043429044394,0.06627581764513107,10537.064354901962,9870.5689375,0.23079820135435888
3962,material_r_cable,3,True,1.216122149408957,1.197380940996278,5.53652431199907,1734.9133060251809,5107.500797050492,3.0327779690527072,0.3297306991162137,15489.915894213877,0.2539236299048524,0.09984848,7461.56151893,4131.74490953,1634.93596949,0.0,203.40318916,1.2152075214075926,1.3871725071507226,/home/chaoyu/phd_simulation/sensitivity_analysis/data/03962_verts.csv,/home/chaoyu/phd_simulation/sensitivity_analysis/data/03962_stress.csv,1.7750913881731107,0.05710643209079612,1.1820409123015583,0.06099442735690358,3346.004656521739,4351.814078723403,0.20054918603958236
3963,material_r_cable,3,True,0.9152569408634668,0.8049731146131991,14.003938276045764,1817.283884147618,3573.988670036356,1.0004099020078652,0.9995902659429476,3575.453655168292,0.2980712848412723,0.30165849,1824.66758487,850.72648366,1401.48895843,1220.27072867,35.96293177,1.2828529856595263,1.3150151880694496,/home/chaoyu/phd_simulation/sensitivity_analysis/data/03963_verts.csv,/home/chaoyu/phd_simulation/sensitivity_analysis/data/03963_stress.csv,9.495564581018025,0.06152377728686043,7.237757200738741,0.09049094344528567,909.6659859649124,906.8025833333335,0.1349288210509895
3965,material_r_cable,3,True,1.1212531039561306,0.9555262011297369,87.84788996358601,913.0037667733748,4905.972033922413,4.207715930346851,0.2376586291835456,20642.93668097148,0.4750699292621959,0.13908691,4055.41509194,1213.63378664,152.30988017,772.04534045,55.77131767,1.3063581949055492,1.243860824156778,/home/chaoyu/phd_simulation/sensitivity_analysis/data/03965_verts.csv,/home/chaoyu/phd_simulation/sensitivity_analysis/data/03965_stress.csv,1.3855249513317593,0.05894605297808034,2.515507945011425,0.05580958377189777,979.715159090909,1875.1453955555558,-0.28966251341764077
3966,material_r_cable,3,True,1.1151166245630657,1.2184794824209122,1.1243746164659854,1666.0369866223334,5904.28323050016,2.6314575081767706,0.3800175366285352,15536.870437301845,0.361903623562176,0.09543934,7263.14827611,4656.15650575,868.6821702,128.51932144,242.20534854,1.237395230445293,1.288195189926137,/home/chaoyu/phd_simulation/sensitivity_analysis/data/03966_verts.csv,/home/chaoyu/phd_simulation/sensitivity_analysis/data/03966_stress.csv,1.1359066502318718,0.057027848442682424,0.9270278665731142,0.056824985935580746,3788.3569477272717,4754.584347916666,0.10125323026843483
3967,material_r_cable,3,True,1.2496135389499976,1.3484915460368017,47.08097593787381,457.7390692940332,19363.086222640653,2.106627892031856,0.4746922813385394,40790.81751243255,0.2475214408712405,0.00829335,17247.49402619,17244.30661138,0.0,0.0,957.54711781,1.3271461585942683,1.3287539262144794,/home/chaoyu/phd_simulation/sensitivity_analysis/data/03967_verts.csv,/home/chaoyu/phd_simulation/sensitivity_analysis/data/03967_stress.csv,,0.052827477778336754,,0.055272403424168295,17245.378275555555,17245.26555,
3968,material_r_cable,3,True,0.8622567184187594,1.2229860460867823,74.29902008589615,1656.6826735866732,6469.77756598498,3.207475629384088,0.3117716595689377,20751.653870432725,0.312594459769996,0.09630466,6855.67171491,5620.58182662,168.2295012,233.25776666,316.75934522,1.2733049130383682,1.282624342439807,/home/chaoyu/phd_simulation/sensitivity_analysis/data/03968_verts.csv,/home/chaoyu/phd_simulation/sensitivity_analysis/data/03968_stress.csv,0.910756765793979,0.05351232759670484,1.0685963638812022,0.05671604344736679,5741.182653333333,5455.534308333333,-0.079743020950044
3970,material_r_cable,3,True,0.9085400987021232,1.0141171983059292,54.19560327104694,1078.2385789870905,10003.216871351447,3.41511842212731,0.2928156146857977,34162.17021788704,0.1962342287962452,0.14306466,6717.21451769,2269.68508069,1603.83350664,22.6440272,91.26677892,1.2107049795941032,1.3669526862606614,/home/chaoyu/phd_simulation/sensitivity_analysis/data/03970_verts.csv,/home/chaoyu/phd_simulation/sensitivity_analysis/data/03970_stress.csv,6.464120413691944,0.06329690117702719,1.8991080677055876,0.07310320943477097,3279.803819999999,2347.1398255319145,0.5458433135170694
3971,material_r_cable,3,True,1.094648726532579,1.3991752878046615,19.537683410592702,924.3222282149252,7802.915205335045,2.6808030860957217,0.373022548797638,20918.079163005423,0.2279444116097661,0.03050958,11335.30301988,9985.40000174,259.62932616,0.0,560.53820644,1.2684600764567888,1.3624399905566589,/home/chaoyu/phd_simulation/sensitivity_analysis/data/03971_verts.csv,/home/chaoyu/phd_simulation/sensitivity_analysis/data/03971_stress.csv,0.894955946445058,0.05342823851632044,0.6939643657228283,0.055738499720944,9623.614504444444,9954.65875625,0.12649569596602456
3972,material_r_cable,3,True,1.1421055160358513,1.3880613490919251,67.07805574071274,1451.942293745641,12688.89569058848,4.798357779661833,0.2084046346519987,60885.86135225274,0.4685262665108411,0.01405092,34785.25313167,34768.74982293,0.0,0.0,1920.69828197,1.36380263495952,1.2976705978688166,/home/chaoyu/phd_simulation/sensitivity_analysis/data/03972_verts.csv,/home/chaoyu/phd_simulation/sensitivity_analysis/data/03972_stress.csv,,0.05282613052653968,,0.05526908602938611,34780.251780000006,34767.8614625,
3973,material_r_cable,3,True,1.2186054421740031,1.261352038502478,37.50048937405684,1683.6842453505803,7222.938651041654,4.486601588137287,0.2228858480868974,32406.44802278168,0.1626559061086932,0.06600122,9871.04122521,9753.12722922,0.0,0.0,458.46772537,1.3486628503038502,1.3954121075744623,/home/chaoyu/phd_simulation/sensitivity_analysis/data/03973_verts.csv,/home/chaoyu/phd_simulation/sensitivity_analysis/data/03973_stress.csv,1.0970209719702197,0.052939077108757546,0.8796562452959277,0.05543000677433925,9770.799642222222,9807.36124375,0.1099647047963245
3974,material_r_cable,3,True,1.010678092954659,0.9603518032317556,25.50014180975332,721.891056288932,8295.891646863425,4.43822362011576,0.2253153706513592,36819.02225703029,0.2813417694030861,0.15447077,4235.52959632,1014.63100845,672.12359419,30.23801101,33.18913637,1.2687945113240002,1.3594555964375088,/home/chaoyu/phd_simulation/sensitivity_analysis/data/03974_verts.csv,/home/chaoyu/phd_simulation/sensitivity_analysis/data/03974_stress.csv,3.595154620130389,0.05965525020440915,1.4264175773550258,0.06346487515870392,1857.16376,1195.6892744680852,0.4318840708615864
3975,material_r_cable,3,True,1.2274530518548774,1.084964817656767,61.46300873164199,645.6191337294699,8790.348784592632,4.900608553349348,0.2040562899716902,43078.058440698696,0.132473587216881,0.04891603,4173.54675298,4104.62114086,0.0,0.0,216.89266652,1.3147230825858731,1.3873389029489906,/home/chaoyu/phd_simulation/sensitivity_analysis/data/03975_verts.csv,/home/chaoyu/phd_simulation/sensitivity_analysis/data/03975_stress.csv,1.0071405916510063,0.052857120322779276,0.7919839762173203,0.05535376794407517,4140.560811111111,4113.254904166667,0.11958961556987242
3977,material_r_cable,3,True,1.073170733353462,1.205905132107559,6.920593229646382,1003.7901192130768,6438.586285640893,1.9555008664117075,0.5113779375792217,12590.661060037304,0.2403540035751576,0.0999835,3954.49166942,3119.28137774,202.94328927,0.40252948,162.34292039,1.2799328283939138,1.3171055295651382,/home/chaoyu/phd_simulation/sensitivity_analysis/data/03977_verts.csv,/home/chaoyu/phd_simulation/sensitivity_analysis/data/03977_stress.csv,1.1306294468568785,0.053704626248675974,1.0452235374714796,0.05627054703221015,2807.3167955555555,3221.0456869565223,0.039251691176075486
3978,material_r_cable,3,True,1.3130994011319994,1.085491991919746,3.502470872745033,415.9905003825231,1800.918456930146,4.019834661023048,0.2487664504453772,7239.394434843944,0.1111472207078472,0.10249809,1569.22929214,904.58080717,0.0,259.60086138,50.19408359,1.3433935228069387,1.237257980304692,/home/chaoyu/phd_simulation/sensitivity_analysis/data/03978_verts.csv,/home/chaoyu/phd_simulation/sensitivity_analysis/data/03978_stress.csv,1.4063803853542058,0.05639337222101374,1.2481367536773937,0.05409259016858453,895.0556399999999,1021.9687531914896,0.05961296288127991
3979,material_r_cable,3,True,1.3527020875215523,0.9378852622916471,63.92473528443832,1944.6246529486828,16427.801500748712,1.7224662637663235,0.5805628946330782,28296.33387288944,0.4464570276429502,0.0744394,7217.83689919,7118.97667054,0.0,0.0,474.95214876,1.347672542564364,1.3511331406928724,/home/chaoyu/phd_simulation/sensitivity_analysis/data/03979_verts.csv,/home/chaoyu/phd_simulation/sensitivity_analysis/data/03979_stress.csv,1.1436041527944787,0.05289352122539575,0.918213661215046,0.05523347421893461,7117.979088888889,7182.977460416667,0.10931639548749747
3980,material_r_cable,3,True,0.87396610586294,1.17188293815299,62.991834849838256,211.83771595537223,12493.106808608834,2.6400038343612677,0.3787873286335373,32981.84987781218,0.4421950220095226,0.0130626,6231.68975022,6226.63846556,0.0,0.0,334.04401104,1.3630449914242224,1.377508802488655,/home/chaoyu/phd_simulation/sensitivity_analysis/data/03980_verts.csv,/home/chaoyu/phd_simulation/sensitivity_analysis/data/03980_stress.csv,,0.052807577562622436,,0.05527096715656402,6229.489728888888,6226.324889583334,
3981,material_r_cable,3,True,1.3276052912804268,1.0560216054477276,10.070183704579598,324.9456818937947,17008.161538785953,3.4438039084908803,0.2903765796694891,58572.77318351533,0.4182345681088831,0.00818807,11757.71734118,9622.53821488,445.08330449,584.37505252,596.80465258,1.2645503967320937,1.253575713971013,/home/chaoyu/phd_simulation/sensitivity_analysis/data/03981_verts.csv,/home/chaoyu/phd_simulation/sensitivity_analysis/data/03981_stress.csv,,0.0539785852860399,,0.054938964134691355,8891.234111111113,9421.186916666667,
3982,material_r_cable,3,True,0.9004479813820802,1.3788426003747984,36.579141609815245,697.4937276326821,14070.60749101114,1.0940201893873738,0.914059913793709,15393.528672111408,0.1059037901835438,0.03292241,8773.00609995,7260.15096036,0.0,380.65534691,416.85830257,1.3664371284869468,1.245105138698302,/home/chaoyu/phd_simulation/sensitivity_analysis/data/03982_verts.csv,/home/chaoyu/phd_simulation/sensitivity_analysis/data/03982_stress.csv,0.9396421908939344,0.05541038291184934,0.6559208675909759,0.05443353132935482,7284.315257777778,7488.093329787236,0.17781893469780513
3983,material_r_cable,3,True,0.9553809588114408,1.0105183449575723,10.742740145143276,1062.875441531815,12828.246880643212,3.8396558039033777,0.2604400110508354,49256.05258916711,0.4130309569525291,0.14404182,4243.48933018,2456.73398892,276.64253688,71.35748208,103.11336832,1.3163173386256917,1.3293240264749104,/home/chaoyu/phd_simulation/sensitivity_analysis/data/03983_verts.csv,/home/chaoyu/phd_simulation/sensitivity_analysis/data/03983_stress.csv,1.591475710601083,0.05523474738128917,1.002439155208351,0.05605049449999874,1879.809588888889,2770.0829978260867,0.22708399691788755
3984,material_r_cable,3,True,1.2988075412486957,1.17891001839363,55.45454646340397,1678.1248953268876,14844.83663613842,2.153156269395329,0.4644344742710337,31963.25307125091,0.1707494334103213,0.0596459,9086.65185025,7289.44246464,504.24718972,0.0,426.0360073,1.2611635395474394,1.3479004097652116,/home/chaoyu/phd_simulation/sensitivity_analysis/data/03984_verts.csv,/home/chaoyu/phd_simulation/sensitivity_analysis/data/03984_stress.csv,0.9460871397585788,0.05359172774524121,0.8579700035424837,0.05672503242643281,7013.664575555555,7322.2028854166665,0.048843872015527465
3985,material_r_cable,3,True,1.29066182337433,1.298250105922495,54.38739497531248,1520.383571424135,9841.192304560682,2.1683395353161776,0.4611823857439303,21339.046348628253,0.4694107549780687,0.0342804,15768.46100062,10880.07279231,2037.54423316,0.0,620.50736078,1.2010829014717523,1.3886394978882497,/home/chaoyu/phd_simulation/sensitivity_analysis/data/03985_verts.csv,/home/chaoyu/phd_simulation/sensitivity_analysis/data/03985_stress.csv,0.910175913383785,0.05751065593506522,0.7420482501188177,0.05898751015114486,9962.300430612244,10871.469320833332,0.10175838544120315
3986,material_r_cable,3,True,1.3530036779444492,0.9876806609337614,88.74489548064528,664.0818314837937,7263.351680773293,4.957692512050963,0.2017067411036968,36009.46424016253,0.2913102878895244,0.05175931,4293.60918047,2925.5388679,522.92395488,0.0,195.18792471,1.2391108733815783,1.3835989369379595,/home/chaoyu/phd_simulation/sensitivity_analysis/data/03986_verts.csv,/home/chaoyu/phd_simulation/sensitivity_analysis/data/03986_stress.csv,0.9208571194938884,0.054382283301421634,0.8132575867862663,0.057551170313829024,2743.888828888889,2980.32963125,0.062048682430260696
3987,material_r_cable,3,True,1.3396982416169276,1.3507478630449454,67.72352157578963,1497.9588443315954,18978.266241423007,2.806920272251401,0.3562623455627796,53270.48024523464,0.3812148713722024,0.01739853,27224.4371207,27202.80015507,0.0,0.0,1469.28603844,1.3364308626293018,1.3053966541464728,/home/chaoyu/phd_simulation/sensitivity_analysis/data/03987_verts.csv,/home/chaoyu/phd_simulation/sensitivity_analysis/data/03987_stress.csv,,0.052831223713828174,,0.055275768048897556,27215.344059999996,27204.368783333335,
3988,material_r_cable,3,True,1.3513000426130668,1.290828078840717,6.981791699432671,1968.1639652587637,3540.150138650259,1.4418776060594696,0.6935401422405859,5104.463207008135,0.1529059108134593,0.1343829,3783.84832057,2334.15519872,1925.66782736,464.17493218,116.1989019,1.2156967292241034,1.263722979851217,/home/chaoyu/phd_simulation/sensitivity_analysis/data/03988_verts.csv,/home/chaoyu/phd_simulation/sensitivity_analysis/data/03988_stress.csv,3.260032062796942,0.05635480902988202,1.581494017954977,0.06030686596793247,2226.290891666667,2468.6857957446805,0.34669606583659623
3989,material_r_cable,3,True,0.9621559122493948,0.9631768071732676,48.310560238120544,1860.3589812765688,5599.1548667950365,1.5866639620047462,0.6302531751817835,8883.97724482717,0.1670909945905873,0.24298536,3015.31578495,1217.5730855,1110.37377879,915.03865053,25.36473238,1.2944567112700018,1.3055849642247552,/home/chaoyu/phd_simulation/sensitivity_analysis/data/03989_verts.csv,/home/chaoyu/phd_simulation/sensitivity_analysis/data/03989_stress.csv,5.698409981771494,0.056996222918321335,4.548575611915384,0.05878893537799629,1446.6811847826086,1554.34548,0.1122119631518286
3990,material_r_cable,3,True,1.289595512252632,1.1728420058546014,14.623966132698875,1415.1917101082358,17797.555626979676,3.5628826189839318,0.2806716097442417,63410.60160376555,0.3394011347871387,0.02080218,25991.91585998,15786.24027966,3023.61167279,2168.89802745,838.67546658,1.2006929903552512,1.2067833800235084,/home/chaoyu/phd_simulation/sensitivity_analysis/data/03990_verts.csv,/home/chaoyu/phd_simulation/sensitivity_analysis/data/03990_stress.csv,0.8468506521767607,0.057832022499706995,0.637708093846355,0.055911300462336284,13049.442357446811,15960.401287234045,0.1408786003859151
3991,material_r_cable,3,True,0.807985959454302,1.0340483558727611,11.043587889295807,1260.4871028534972,8137.985327825484,3.497929041768241,0.285883443620254,28466.0952196846,0.3630690652494162,0.18356708,3789.24223773,2846.11792258,157.72645666,209.90372045,137.10831982,1.362832977335391,1.2986226904946183,/home/chaoyu/phd_simulation/sensitivity_analysis/data/03991_verts.csv,/home/chaoyu/phd_simulation/sensitivity_analysis/data/03991_stress.csv,2.935591329088786,0.06310094852122347,3.498292251503448,0.05463500148367269,2514.910084090909,2859.7725170212766,-0.08745898419922385
3992,material_r_cable,3,True,0.9253066676178504,1.1200111503141996,19.455626329839983,760.8432912900943,11194.439819450934,3.663438402290036,0.2729676031607067,41010.14072670128,0.151726383604986,0.05907108,6154.88369615,5577.19515694,85.00660929,96.96002698,257.49467796,1.2905319893981042,1.2816518373268937,/home/chaoyu/phd_simulation/sensitivity_analysis/data/03992_verts.csv,/home/chaoyu/phd_simulation/sensitivity_analysis/data/03992_stress.csv,1.189885885647217,0.05613675642148136,0.7094416773177544,0.055044799601775635,5415.598195555555,5689.105847916667,0.2529548971423647
3993,material_r_cable,3,True,0.969034550749052,1.0337240936908725,16.872225549586563,304.192911774458,6071.802686157365,4.5443561923876565,0.2200531731370706,27592.43413579523,0.4211795043132458,0.06662154,3521.18424696,1324.60991007,362.85853704,176.18890415,55.83986492,1.2497544369583615,1.2491368812504229,/home/chaoyu/phd_simulation/sensitivity_analysis/data/03993_verts.csv,/home/chaoyu/phd_simulation/sensitivity_analysis/data/03993_stress.csv,1.8431245124956084,0.05754278829408312,1.0768768082558917,0.05556910663012054,1184.2098644444445,1528.0750437499998,0.262413478649562
3994,material_r_cable,3,True,1.1573432285304657,1.0894682235569255,17.9844317001328,547.6341902979307,3191.8103461184687,4.964189081638846,0.2014427701190355,15844.750070863209,0.3647000837625523,0.06830361,3489.3367496,2151.99610538,0.0,515.45395108,104.3537279,1.3056965711262456,1.2160133934291653,/home/chaoyu/phd_simulation/sensitivity_analysis/data/03994_verts.csv,/home/chaoyu/phd_simulation/sensitivity_analysis/data/03994_stress.csv,1.2406558507697523,0.05804421767205985,1.1233781293200769,0.0548410799914202,2149.5460066666665,2282.2626659999996,0.04960915216845532
3996,material_r_cable,3,True,1.2302071447820553,1.1279132578361863,16.037061170672498,1314.4925486993052,1394.4360657812365,3.30598831324677,0.3024814080537122,4609.989337042572,0.4746096932745106,0.21891997,2449.46836652,1718.895964,203.96338656,86.52189517,68.8546375,1.3423722867632786,1.3652838711984234,/home/chaoyu/phd_simulation/sensitivity_analysis/data/03996_verts.csv,/home/chaoyu/phd_simulation/sensitivity_analysis/data/03996_stress.csv,1.3204968920349582,0.05610719592431336,1.3121563046979663,0.05567433959303394,1474.5210906976743,1831.7901844444445,0.003168129910670522
3998,material_r_cable,3,True,1.0044720019047155,1.334978970042975,10.42388132882698,383.25628217897895,14665.371200875335,2.459879654074892,0.4065239526427477,36075.04823648911,0.1649344903181108,0.01002639,13805.71245099,13801.69261706,0.0,0.0,761.54782457,1.3401373080709318,1.3202147963340112,/home/chaoyu/phd_simulation/sensitivity_analysis/data/03998_verts.csv,/home/chaoyu/phd_simulation/sensitivity_analysis/data/03998_stress.csv,,0.052852898553953094,,0.05527339725414163,13800.553113333332,13804.321658333334,
3999,material_r_cable,3,True,1.1858007899287355,1.1573544106370182,83.23424569195454,1129.0722407858198,7766.793491243189,4.720264569422727,0.2118525318427854,36661.32013473827,0.4490882623516973,0.04510761,8771.22275118,8702.50351927,0.0,0.0,430.32908606,1.3060618647783355,1.310758182230391,/home/chaoyu/phd_simulation/sensitivity_analysis/data/03999_verts.csv,/home/chaoyu/phd_simulation/sensitivity_analysis/data/03999_stress.csv,0.9865455363161464,0.05283301653681994,0.7724575632532134,0.05533630460848354,8755.390646666667,8694.9726125,0.12170983275432896
4000,material_r_cable,3,True,1.0161776254241464,1.110948655105083,9.072678944711768,1852.9230570076152,14140.469675188016,4.970139006378274,0.2012016160346181,70280.09990116108,0.2203066057970842,0.05937699,18233.83082192,9076.12584692,2742.26225074,273.99059452,416.69649976,1.2053929230806038,1.271028152870978,/home/chaoyu/phd_simulation/sensitivity_analysis/data/04000_verts.csv,/home/chaoyu/phd_simulation/sensitivity_analysis/data/04000_stress.csv,1.4744852423904111,0.05930443421533208,0.7769035775022897,0.05822648227822928,7298.829877777775,9398.494536170214,0.3098450426352244
4001,material_r_cable,3,True,0.9038120908689846,1.130306257431955,7.551007834999228,510.35793741190633,4131.771886035251,4.419541242493345,0.226267828521459,18260.536254907303,0.1120849542728765,0.08355058,3000.54169561,2814.29950553,0.0,0.0,134.13555787,1.3788523546951053,1.3600338169461832,/home/chaoyu/phd_simulation/sensitivity_analysis/data/04001_verts.csv,/home/chaoyu/phd_simulation/sensitivity_analysis/data/04001_stress.csv,2.64315683121115,0.09083469317379357,0.9832274890121573,0.05566587586351083,2769.669808888889,2878.505240425532,0.45773674150917815
4003,material_r_cable,3,True,0.9933170597967502,0.916905209409254,39.39586368409677,306.6652385301284,10627.4980152996,1.0235770840473266,0.97696599072529,10878.063429219115,0.1934953375314677,0.14923048,2611.80046115,636.83960148,92.4716575,319.41124724,22.23694051,1.3213126556108077,1.265608317987584,/home/chaoyu/phd_simulation/sensitivity_analysis/data/04003_verts.csv,/home/chaoyu/phd_simulation/sensitivity_analysis/data/04003_stress.csv,3.457387825203498,0.058816245488390824,5.246181167886349,0.07432185126115358,631.7445465116278,960.7791333333333,-0.20552411822127842
4004,material_r_cable,3,True,1.224563572894354,0.8788376563557125,43.24640800775568,829.2706459692963,10687.487068798086,1.4353619147806305,0.6966884029055712,15340.411903263248,0.1909900354355632,0.09263879,6438.30398143,3164.35762354,1235.79710009,0.0,159.85123154,1.2065494390631222,1.3983660319764564,/home/chaoyu/phd_simulation/sensitivity_analysis/data/04004_verts.csv,/home/chaoyu/phd_simulation/sensitivity_analysis/data/04004_stress.csv,4.5518011318218035,0.06560704256463117,3.262680172868823,0.08017233053900172,3876.891044897959,3392.228419148936,0.16496564630325347
4005,material_r_cable,3,True,1.3871388409803558,1.1531372192801803,38.41505211750687,1719.2976714384265,4644.974201251378,4.470555541614304,0.223685846354322,20765.615156059823,0.214157321664089,0.08992225,8239.40220759,4493.90983379,113.01398836,1411.33054605,224.94198599,1.2964569577890457,1.2137674204610849,/home/chaoyu/phd_simulation/sensitivity_analysis/data/04005_verts.csv,/home/chaoyu/phd_simulation/sensitivity_analysis/data/04005_stress.csv,1.2591084824121692,0.0572873360495545,1.3222848704570884,0.05458866777568984,4383.959126666667,4729.804176,-0.024473754832713773
4006,material_r_cable,3,True,1.0452699414323834,1.303639630221429,29.833460775322795,1988.7316854072824,5716.17555839093,4.5829748503173375,0.21819888449328,26197.088824104296,0.3299466907418905,0.07075783,10163.0360682,10033.75225148,0.0,0.0,535.83816738,1.3791933374841847,1.3573237982359068,/home/chaoyu/phd_simulation/sensitivity_analysis/data/04006_verts.csv,/home/chaoyu/phd_simulation/sensitivity_analysis/data/04006_stress.csv,1.1236053305581977,0.053019377604689145,0.9016780945043488,0.05550022706285503,10030.999586666667,10110.75594375,0.10957835990140252
4007,material_r_cable,3,True,1.2200080512996363,0.9054001258284844,27.178271970314565,395.00899242661376,4182.452310149491,4.750002421309107,0.2105262084738893,19866.658600219947,0.2932265934930016,0.13242008,2068.99528255,1294.09380528,0.0,199.87647878,64.30221292,1.391682361032807,1.2642400839022183,/home/chaoyu/phd_simulation/sensitivity_analysis/data/04007_verts.csv,/home/chaoyu/phd_simulation/sensitivity_analysis/data/04007_stress.csv,3.1690520478451347,0.057980617695592276,3.3986085177822978,0.06918575206266256,1244.307215909091,1218.6832888888891,-0.03495254781262172
4008,material_r_cable,3,True,0.9173009510810218,1.1642700685865228,38.12432111916856,992.4511577916442,19657.774741413643,1.2325887970284664,0.8113005751884221,24229.952920775613,0.2919492281386345,0.07546175,7129.34872956,4716.85094324,0.0,549.59333196,228.79160426,1.363669606737342,1.2441390267119672,/home/chaoyu/phd_simulation/sensitivity_analysis/data/04008_verts.csv,/home/chaoyu/phd_simulation/sensitivity_analysis/data/04008_stress.csv,1.2348507496206234,0.057502331217912914,1.0182708684135287,0.05461559824848326,4753.897122222223,5140.024787234042,0.0961243634047862
4009,material_r_cable,3,True,0.888693707926588,1.345747709844948,31.661489842961736,1412.0256343841097,9712.344005044582,2.9424965030054944,0.3398474727084944,28578.53827083006,0.2495416636357067,0.03796525,13190.76301624,11675.56273191,256.51661428,241.64074097,714.15927832,1.2711323412723028,1.264450008871758,/home/chaoyu/phd_simulation/sensitivity_analysis/data/04009_verts.csv,/home/chaoyu/phd_simulation/sensitivity_analysis/data/04009_stress.csv,0.93652204596599,0.05426571724108819,0.6979185470734685,0.05517800062806642,11400.869184444446,11696.847327083335,0.14598480967044924
4010,material_r_cable,3,True,1.1356987364919982,1.3043580690769092,47.7418548656678,1941.5278432619837,16635.379511383457,2.687071740828651,0.3721523265663222,44700.458182998416,0.1666818300784661,0.04144168,19623.51569301,15385.76008548,870.12746426,0.0,798.7555294,1.2465381436492096,1.3441290010802247,/home/chaoyu/phd_simulation/sensitivity_analysis/data/04010_verts.csv,/home/chaoyu/phd_simulation/sensitivity_analysis/data/04010_stress.csv,0.8780572087462102,0.05369608265659253,0.7621178985591264,0.0570255622501364,14847.883928888892,15323.327954166665,0.0706871538719801
4012,material_r_cable,3,True,0.9961943066442748,1.353998665555706,35.88918776106159,1671.1794383051308,11047.041624378078,1.256114746254292,0.7961056129481634,13876.351886866272,0.3834677646261769,0.0788874,6303.5221962,6212.1428637,0.0,0.0,386.05109626,1.3824191626158069,1.3884036454558248,/home/chaoyu/phd_simulation/sensitivity_analysis/data/04012_verts.csv,/home/chaoyu/phd_simulation/sensitivity_analysis/data/04012_stress.csv,1.1628268328865605,0.052991364601665585,0.9442708561027876,0.05548325515820052,6224.126935555556,6257.797972916666,0.10372370390126595
4013,material_r_cable,3,True,0.9211846495342308,1.1205265726734095,65.28060593561733,983.4160368393924,15396.026702955634,3.450015614481342,0.2898537606040183,53116.53252616863,0.3808373609636203,0.05625454,7304.94324931,7179.88299934,0.0,0.0,350.69000569,1.3414470159044298,1.3320379527157435,/home/chaoyu/phd_simulation/sensitivity_analysis/data/04013_verts.csv,/home/chaoyu/phd_simulation/sensitivity_analysis/data/04013_stress.csv,1.04478202734998,0.05288167373269635,0.838566365312537,0.055714992450560656,7256.664622222223,7169.417514583333,0.1094941662630528
4015,material_r_cable,3,True,1.0143840982702343,1.135356840312001,81.57592792455719,1006.4901626757572,6274.420833552089,4.162249028117692,0.2402547260494486,26115.702016453582,0.3008589384302942,0.05899839,9176.29611853,4281.143195,340.33796386,1628.71925767,206.51910255,1.2383785901950322,1.2050516437302692,/home/chaoyu/phd_simulation/sensitivity_analysis/data/04015_verts.csv,/home/chaoyu/phd_simulation/sensitivity_analysis/data/04015_stress.csv,1.049085584753641,0.05676561851876648,1.4707225686429237,0.05859753915699178,4366.208281632653,4254.097202083333,-0.16732900213888854
4016,material_r_cable,3,True,1.1394268626589996,1.2259479694607176,51.1566114111585,610.624029103693,15194.362390241464,4.443790871794896,0.2250330919816865,67520.56889249869,0.4917973369517299,0.00933918,22563.89552938,22557.56475599,0.0,0.0,1167.43790533,1.3942488061343117,1.3398824730525491,/home/chaoyu/phd_simulation/sensitivity_analysis/data/04016_verts.csv,/home/chaoyu/phd_simulation/sensitivity_analysis/data/04016_stress.csv,,0.052824871053159875,,0.05527174030386942,22560.217086666664,22558.9787625,
4017,material_r_cable,3,True,1.0032188222170344,1.284946807749667,19.99224137390426,1271.9781776079892,17566.298267401125,4.091770377332836,0.2443929907552232,71877.25888994503,0.307717452751842,0.01682326,27954.33129129,24253.29603943,613.64424952,960.957516,1324.41940067,1.2652079120372943,1.2356138621412274,/home/chaoyu/phd_simulation/sensitivity_analysis/data/04017_verts.csv,/home/chaoyu/phd_simulation/sensitivity_analysis/data/04017_stress.csv,,0.05520658492581995,,0.054904099683743705,23395.08570869565,24420.666891666668,
4018,material_r_cable,3,True,0.9144165178350998,1.3391320448060888,49.54869801309012,1265.320207054059,2523.617437980827,1.269146743457941,0.7879309505813181,3202.84085314704,0.3374580283519882,0.12547203,2338.43954805,1489.56713122,479.06792815,4155.80554191,91.43596806,1.269683510711958,1.209671358992732,/home/chaoyu/phd_simulation/sensitivity_analysis/data/04018_verts.csv,/home/chaoyu/phd_simulation/sensitivity_analysis/data/04018_stress.csv,1.842520184854609,0.06432148344238019,3.890594925936163,0.060910145150456244,1459.75005625,1533.6723539999998,-0.3572359357004192
4021,material_r_cable,3,True,0.9396277396479384,1.0009516397936935,42.55418700966569,1474.3323243589334,8388.465133957176,4.28774015722631,0.2332230879976851,35967.55881236096,0.4108061184031234,0.17480075,6284.22666993,2449.78125645,0.0,787.15463755,97.32118198,1.392477403882023,1.2684483816173944,/home/chaoyu/phd_simulation/sensitivity_analysis/data/04021_verts.csv,/home/chaoyu/phd_simulation/sensitivity_analysis/data/04021_stress.csv,1.8490142079704832,0.05901365533240169,2.2714162185684525,0.054744833469459915,2632.7066372093022,2918.4795693877545,-0.10251404995879934
4023,material_r_cable,3,True,1.3780952798341075,0.8562704079497914,25.99546615428251,411.5240375971824,12673.452092812837,1.6925900971800325,0.5908104990488049,21450.95950938056,0.2993704926479255,0.03122607,7944.42432732,5926.9721423,462.66271245,0.0,353.93954781,1.2363640899531054,1.3771297072712227,/home/chaoyu/phd_simulation/sensitivity_analysis/data/04023_verts.csv,/home/chaoyu/phd_simulation/sensitivity_analysis/data/04023_stress.csv,,0.05795524549458779,,0.1361174900193798,6439.347632608696,5985.203004166666,
4024,material_r_cable,3,True,0.8136481782656219,1.0280494103230684,44.329046772563714,1847.309209045585,2357.671888148191,2.63520211484664,0.3794775339493065,6212.941945762584,0.3301616669099257,0.28686107,2792.58670699,1483.04100114,519.74608071,830.48693898,69.00733211,1.387190242657723,1.344497701761608,/home/chaoyu/phd_simulation/sensitivity_analysis/data/04024_verts.csv,/home/chaoyu/phd_simulation/sensitivity_analysis/data/04024_stress.csv,3.2780830164696395,0.058304703303464385,4.476683493502598,0.055846745811198174,1469.0064238095238,1552.01271875,-0.15456306459925248
4025,material_r_cable,3,True,0.999192430402525,1.1322899111604876,83.50392786808837,453.313990859657,3971.026695070052,1.911641863129176,0.5231105361770509,7591.180869899408,0.1157249418450568,0.08898432,2426.88853228,1234.56229061,349.24866219,361.33667098,56.97769851,1.2221714394850736,1.2365655148581567,/home/chaoyu/phd_simulation/sensitivity_analysis/data/04025_verts.csv,/home/chaoyu/phd_simulation/sensitivity_analysis/data/04025_stress.csv,2.307712530849805,0.056810726973914046,1.950069265343611,0.05957915692571083,1563.8398173076919,1264.9056510638297,0.08399755615140679
4026,material_r_cable,3,True,1.3914479139697271,1.2393263023671603,13.130223512924667,1254.1950395723477,1167.8039259013533,2.0592628675975577,0.4856106598797907,2404.8152612433064,0.1221217491539193,0.14637415,1807.99989033,982.71169043,2072.41164964,653.08480417,41.1850768,1.202419141172843,1.233601907583713,/home/chaoyu/phd_simulation/sensitivity_analysis/data/04026_verts.csv,/home/chaoyu/phd_simulation/sensitivity_analysis/data/04026_stress.csv,6.087043152296027,0.05675653961607853,3.686675712518929,0.062268455077115044,983.4873351851851,1046.453081632653,0.24559407457670349
4028,material_r_cable,3,True,0.8507756230860908,1.1334583060726842,21.110720805289933,555.8469011048187,12138.461515386412,3.7603469535426326,0.265932907881784,45644.82678007778,0.3055425286315106,0.04613398,7969.09151478,6625.8230606,0.0,359.02636681,332.20119974,1.3332964075294207,1.2390330292558631,/home/chaoyu/phd_simulation/sensitivity_analysis/data/04028_verts.csv,/home/chaoyu/phd_simulation/sensitivity_analysis/data/04028_stress.csv,,0.14162257422159164,,0.06060149773710047,6615.605653333333,6954.922395652174,
4029,material_r_cable,3,True,1.0114600745370894,0.9457630687753744,66.12892315590791,1105.2722740057743,1164.194536664997,1.972195576933831,0.5070491039000798,2296.019315901238,0.3050383214418818,0.27248017,1090.0627572,525.7562137,906.8401262,553.58788038,9.95038019,1.2821053547512538,1.3134151922296669,/home/chaoyu/phd_simulation/sensitivity_analysis/data/04029_verts.csv,/home/chaoyu/phd_simulation/sensitivity_analysis/data/04029_stress.csv,7.983512672716293,0.05593038753648565,5.701011462823197,0.0605497820421647,479.8101867924528,547.0469957446809,0.1667943428127917
4030,material_r_cable,3,True,1.0037838661768703,1.28932770649595,36.08948490878135,1641.7464968029296,15233.33360944268,2.198931891994633,0.45476624521231,33497.06309519723,0.4129257889641543,0.03697955,17612.15222214,12181.268233,1202.37004456,379.67819702,713.67602372,1.228698514134423,1.2618455868564495,/home/chaoyu/phd_simulation/sensitivity_analysis/data/04030_verts.csv,/home/chaoyu/phd_simulation/sensitivity_analysis/data/04030_stress.csv,0.8654025207109827,0.05496823831617309,0.7034331631016818,0.056141933304822755,11256.524472340427,12055.359989583332,0.10324176029428059
4031,material_r_cable,3,True,1.1673895913178869,0.912300623767295,50.52950297515849,321.9072181662084,12603.80960595332,2.4983705230611166,0.40026088635354,31488.98639778832,0.2547568918048969,0.00802579,8628.17817472,3366.84634981,0.0,970.12683978,125.78344297,1.3648350708673245,1.207805611475815,/home/chaoyu/phd_simulation/sensitivity_analysis/data/04031_verts.csv,/home/chaoyu/phd_simulation/sensitivity_analysis/data/04031_stress.csv,,0.40505707568057014,,0.41041955491299587,3189.502357777778,4001.2080479166666,
4033,material_r_cable,3,True,1.2550035518955391,1.1586380551234785,84.53307227573823,1926.0333442016288,11447.639190731506,1.2943858825302654,0.7725671405231955,14817.662556783054,0.1972519687930257,0.11641095,5160.98916243,4164.91779694,0.0,325.18131994,239.18192801,1.3545448284790422,1.2829877298229688,/home/chaoyu/phd_simulation/sensitivity_analysis/data/04033_verts.csv,/home/chaoyu/phd_simulation/sensitivity_analysis/data/04033_stress.csv,1.3728150532417986,0.054060440293330486,0.9356424805676471,0.05422676984652844,4208.243044444444,4181.816985106383,0.1893786505800364
4034,material_r_cable,3,True,0.9196600047572864,1.057871346517913,35.74034685041125,1284.440626913154,14792.961587496156,4.567341059208385,0.2189457688919164,67564.50084586363,0.3096943121252159,0.09666303,10179.94614538,5235.25371268,680.51195854,0.0,230.87305019,1.2607267444976922,1.336496704545816,/home/chaoyu/phd_simulation/sensitivity_analysis/data/04034_verts.csv,/home/chaoyu/phd_simulation/sensitivity_analysis/data/04034_stress.csv,1.5458924557499514,0.055298692104122325,1.1143569570591216,0.05871732813744701,4762.508577777777,5287.549661702127,0.16221618041263006
4035,material_r_cable,3,True,1.3510217672980962,0.9663923107192524,25.59947347842896,1839.6157902348584,18524.23267097693,1.7948152857150903,0.5571603985986668,33247.57595401227,0.4518936184187828,0.04944417,13072.50634937,8201.6592061,113.94414749,1762.28353304,554.48602759,1.2873494545985975,1.2136172909785112,/home/chaoyu/phd_simulation/sensitivity_analysis/data/04035_verts.csv,/home/chaoyu/phd_simulation/sensitivity_analysis/data/04035_stress.csv,1.0161369619392562,0.05507288617499565,0.834368720170236,0.05368899325542942,7986.619333333333,7849.358228260868,0.09822625432947207
4036,material_r_cable,3,True,1.3196425922523392,1.075865356302958,87.36500033113872,261.3121309024638,8053.732689916691,3.018726000064044,0.331265573615752,24312.012268617247,0.1262760953599438,0.02314916,2958.569519,2950.41305616,0.0,0.0,189.88975637,1.373241728346156,1.3228524087337463,/home/chaoyu/phd_simulation/sensitivity_analysis/data/04036_verts.csv,/home/chaoyu/phd_simulation/sensitivity_analysis/data/04036_stress.csv,0.8726621078736607,0.05283941223051015,0.6534091463946623,0.055281320211694934,2953.025131111111,2953.077541666666,0.14367151000699477
4038,material_r_cable,3,True,1.312553134355794,1.0771852395593728,35.63235315141965,1082.876791192131,1363.9571747411248,3.2502915988162004,0.3076647031805433,4433.258546206158,0.2390685892638461,0.15576869,1908.83864533,951.72445369,248.86217324,1399.83843428,40.68392308,1.283878910948093,1.2188957043121584,/home/chaoyu/phd_simulation/sensitivity_analysis/data/04038_verts.csv,/home/chaoyu/phd_simulation/sensitivity_analysis/data/04038_stress.csv,2.369473829627501,0.06528351871016774,4.325701427936724,0.05825216307371362,871.9594681818184,1019.7302081632652,-0.2921846737468257
4039,material_r_cable,3,True,1.0119355257405978,1.1524847452489693,75.59878196562845,649.9435160853841,2955.0926518119527,4.954454989571382,0.2018385477524565,14640.873533415455,0.4813481912768433,0.07490169,3252.7191792,3093.68522051,23.59571947,0.0,155.71532197,1.293899269773196,1.3803947285849645,/home/chaoyu/phd_simulation/sensitivity_analysis/data/04039_verts.csv,/home/chaoyu/phd_simulation/sensitivity_analysis/data/04039_stress.csv,1.092612586581162,0.05306639912655826,0.9419796367837998,0.056028348734110334,3114.082593333333,3082.4123875,0.07403594099471886
4040,material_r_cable,3,True,0.8704961385536503,1.325159315624156,45.470900270604105,1114.1602578182387,13808.44210297568,1.7459683175751737,0.5727480790652688,24109.10242686664,0.4978161723970906,0.03225364,11056.66273419,9782.41371293,257.19617352,0.0,650.24618897,1.267910321485496,1.300941222003668,/home/chaoyu/phd_simulation/sensitivity_analysis/data/04040_verts.csv,/home/chaoyu/phd_simulation/sensitivity_analysis/data/04040_stress.csv,0.8955109198413443,0.05357798922679115,0.7058149293309356,0.055968117290236576,9552.184853333332,9771.700289583334,0.11846182999447738
4041,material_r_cable,3,True,1.002279838208627,1.3561632345588264,5.111331877861478,421.3970137078078,9655.588049007682,3.8513529519780714,0.2596490148965433,37187.07753562991,0.4152356210346112,0.00675887,22567.28884807,17305.04254228,1479.7372315,767.1979104,1030.43040288,1.2261090116074875,1.229249122727435,/home/chaoyu/phd_simulation/sensitivity_analysis/data/04041_verts.csv,/home/chaoyu/phd_simulation/sensitivity_analysis/data/04041_stress.csv,,0.056289310744539495,,0.0551746414154163,15633.919277777779,17175.411818750003,
4042,material_r_cable,3,True,1.0895225262038852,1.072519512267562,28.530215282499032,507.0373513850316,12615.8628200674,2.52378905487949,0.396229628647688,31839.776503147204,0.4432862967428371,0.0339423,5833.30906299,3648.85321877,374.97784803,400.1192103,203.81117106,1.2554378714160497,1.245672360854174,/home/chaoyu/phd_simulation/sensitivity_analysis/data/04042_verts.csv,/home/chaoyu/phd_simulation/sensitivity_analysis/data/04042_stress.csv,0.8572784742314111,0.05483766271893048,0.6595852030122257,0.05504566566895887,3150.534871111111,3665.7754625,0.13033028226928278
4044,material_r_cable,3,True,0.9831067452399442,1.1975078292541088,16.68932384554373,656.3541928451239,19174.578794457837,2.439818463734505,0.4098665596904088,46782.491377050326,0.2028987438229674,0.02520688,10336.60546961,10061.62380854,0.0,61.68135353,506.87218191,1.326382539477659,1.286436386661075,/home/chaoyu/phd_simulation/sensitivity_analysis/data/04044_verts.csv,/home/chaoyu/phd_simulation/sensitivity_analysis/data/04044_stress.csv,0.8863789160685442,0.053355783456617206,0.6494160936645192,0.05511119886018334,10057.352484444444,10109.340195833334,0.1542932623835075
4045,material_r_cable,3,True,1.3856262888226571,1.1961438587492603,86.4244834655049,1766.8915707737176,4628.253225847552,4.667543521725488,0.214245458097051,21602.573361209837,0.127567191274164,0.11406923,5886.3787041,5173.6102281,0.0,103.39560007,240.83033338,1.3721260074521742,1.308141854229774,/home/chaoyu/phd_simulation/sensitivity_analysis/data/04045_verts.csv,/home/chaoyu/phd_simulation/sensitivity_analysis/data/04045_stress.csv,1.328618623607725,0.05313671760973304,1.0898372772123026,0.05489492806487372,5346.355048888889,5048.38450212766,0.09873297516587286
4046,material_r_cable,3,True,1.1770625039299998,1.031921074231543,53.11918891547117,784.5493536864777,4309.591973953303,3.5060901062192875,0.2852179977423134,15109.817781719725,0.3183788506152025,0.0944091,3993.0490453,1471.69476903,1309.90482759,0.0,78.74045479,1.204473469972556,1.3347395959621435,/home/chaoyu/phd_simulation/sensitivity_analysis/data/04046_verts.csv,/home/chaoyu/phd_simulation/sensitivity_analysis/data/04046_stress.csv,2.789524890738511,0.057027894164225865,1.34649129139671,0.06717169402361066,1736.448423529412,1575.6954234042557,0.3488945728923222
4047,material_r_cable,3,True,1.0722944910653656,1.30530523875365,36.77349638356728,1324.8807017347413,9867.504379109652,4.156555954026141,0.2405837936648912,41014.83407836724,0.2368581742298827,0.03153714,16333.58614047,14675.69562697,189.69184933,311.95138005,766.26976684,1.2780277024564626,1.2651357427599976,/home/chaoyu/phd_simulation/sensitivity_analysis/data/04047_verts.csv,/home/chaoyu/phd_simulation/sensitivity_analysis/data/04047_stress.csv,0.9083422096963943,0.053752171561521934,0.6763496815703168,0.0549946825609591,14446.732762222222,14646.927795833333,0.1463959836007213
4049,material_r_cable,3,True,1.149979439027313,0.9910510672219572,56.97513607727021,1622.7341260356998,12279.867763506683,4.075280648102784,0.2453818733847305,50043.90745788,0.4032829009150053,0.12603252,4673.58715525,3164.1026565,0.0,294.25589431,177.49930598,1.3860059403513505,1.297859166339166,/home/chaoyu/phd_simulation/sensitivity_analysis/data/04049_verts.csv,/home/chaoyu/phd_simulation/sensitivity_analysis/data/04049_stress.csv,1.4114080870373464,0.05414599357378824,0.970048347279094,0.054698862819062444,3323.3065733333337,3216.257289361702,0.18533185549746906
4050,material_r_cable,3,True,1.25006688476671,1.1224893498643311,30.03772338942164,297.27934761207644,5765.192654430832,3.987393041854538,0.2507904261012854,22988.089075228392,0.2218003442920836,0.02175179,6898.11841608,3480.66192295,770.77656842,0.0,184.16244638,1.2205060329769113,1.3576734224696938,/home/chaoyu/phd_simulation/sensitivity_analysis/data/04050_verts.csv,/home/chaoyu/phd_simulation/sensitivity_analysis/data/04050_stress.csv,0.8704944045882181,0.05605825416040714,0.6649859900106688,0.0592594041973057,3097.6273489361697,3489.5791812499997,0.1338398167117166
4052,material_r_cable,3,True,1.3256868026981157,0.9966939714329716,77.17699324191082,1355.8646937635965,13024.81079791038,4.912730045949916,0.2035528088551102,63987.379349707226,0.4508369831523912,0.04279613,11397.27903901,6515.17206151,733.87378207,1252.91815193,413.23594051,1.2450149025357886,1.2288475083177142,/home/chaoyu/phd_simulation/sensitivity_analysis/data/04052_verts.csv,/home/chaoyu/phd_simulation/sensitivity_analysis/data/04052_stress.csv,0.9012265462204185,0.055930496925227745,0.7497598628598962,0.05442916056868673,5770.376913043478,6850.220553191489,0.09174314369122955
4053,material_r_cable,3,True,1.2284671618463872,1.19429419657021,73.98265890495244,859.5658121226137,17238.689086858052,4.66460379499445,0.2143804798755024,80411.65453528748,0.2999548077296254,0.01556404,21223.83005895,19391.32871779,0.0,295.72240618,944.90100911,1.3535537437871772,1.2780157801131908,/home/chaoyu/phd_simulation/sensitivity_analysis/data/04053_verts.csv,/home/chaoyu/phd_simulation/sensitivity_analysis/data/04053_stress.csv,,0.053070573242607715,,0.05483563688979566,19431.500799999998,19123.55338125,
4054,material_r_cable,3,True,0.9101303254128142,1.23667814325795,23.231179405604685,1056.4711098100142,15952.293396897332,4.08553793995142,0.244765809227044,65173.69990226057,0.4967612937401783,0.01637158,22941.52456422,19564.60636146,47.35544813,925.44654394,1145.02143186,1.2891569230856998,1.2310836625921,/home/chaoyu/phd_simulation/sensitivity_analysis/data/04054_verts.csv,/home/chaoyu/phd_simulation/sensitivity_analysis/data/04054_stress.csv,,0.05514463871073604,,0.05494237689227893,19506.65592391304,19650.579780851065,
4055,material_r_cable,3,True,1.2527240161736863,1.389310322963404,66.55473478903205,1955.0840762071248,13635.90573417822,4.139210455154149,0.2415919680418276,56441.8835804069,0.1982750691380902,0.02740612,26411.29076214,26367.30548595,0.0,0.0,1318.5031946,1.3967091838330297,1.3117589820064934,/home/chaoyu/phd_simulation/sensitivity_analysis/data/04055_verts.csv,/home/chaoyu/phd_simulation/sensitivity_analysis/data/04055_stress.csv,0.8955363355480825,0.05283398663185141,0.6773044419032471,0.055291031353322626,26397.46612666667,26364.514481249997,0.13875014990294426
4056,material_r_cable,3,True,1.3137787001935235,0.907217932920372,70.31109783308861,808.6302994824507,10971.195258195092,3.7793845238717183,0.2645933467959405,41464.36556719731,0.3153544707265992,0.08675828,5216.56019263,4386.35901871,267.76472222,0.0,234.29306683,1.270200979491091,1.341698172873982,/home/chaoyu/phd_simulation/sensitivity_analysis/data/04056_verts.csv,/home/chaoyu/phd_simulation/sensitivity_analysis/data/04056_stress.csv,2.07741241503706,0.06266466635277582,2.4500440801322347,0.06523791058743285,4198.513257777779,4474.395233333333,-0.0823048582560131
4057,material_r_cable,3,True,1.301169979360105,0.9883015357421032,35.31613836147515,650.0223095528177,11247.232069254393,4.811347234552177,0.2078419933648951,54114.33891277368,0.4956983442295336,0.02549667,12095.99860097,5221.93601597,1728.98045801,12.78029552,330.69851451,1.2075724045303555,1.2933798907120844,/home/chaoyu/phd_simulation/sensitivity_analysis/data/04057_verts.csv,/home/chaoyu/phd_simulation/sensitivity_analysis/data/04057_stress.csv,0.9652588400657802,0.05766618689880518,0.6983641369813587,0.06062573352497534,5153.633127083333,5417.9675354166675,0.1604298009625645
4058,material_r_cable,3,True,1.0974258598560076,0.9525598482587994,10.632514656925334,256.50382509136296,4199.491623316577,2.4617725280846923,0.4062113735496186,10338.193110202536,0.4101067310944849,0.08802626,2739.48103093,610.14295726,603.98000512,91.04433261,25.81997181,1.2093536909894878,1.275964595826656,/home/chaoyu/phd_simulation/sensitivity_analysis/data/04058_verts.csv,/home/chaoyu/phd_simulation/sensitivity_analysis/data/04058_stress.csv,4.852445277650823,0.06028706276485225,1.8939739628402248,0.06772219960826102,1261.657264,719.8616468085106,0.438524676476415
4059,material_r_cable,3,True,0.8918168802015143,1.3767652253840352,43.76626357082572,834.4891479582434,16179.314861314606,1.6241648800583166,0.6157010364391664,26277.874981152778,0.4553190323008749,0.01732921,16166.93659798,12419.19539557,0.0,1088.20775459,842.89258577,1.2978445351104912,1.2233921202923643,/home/chaoyu/phd_simulation/sensitivity_analysis/data/04059_verts.csv,/home/chaoyu/phd_simulation/sensitivity_analysis/data/04059_stress.csv,,0.054522699945962594,,0.054641061787617004,12469.124073913043,12417.575817021274,
4060,material_r_cable,3,True,1.3283987693549493,1.0988719217988088,73.29165759773093,848.4361080734674,7534.276438666709,3.830036546355721,0.2610941143502925,28856.554110440327,0.1958376615834202,0.05248513,5823.41936226,4054.33876883,30.89345799,422.25542284,236.70440429,1.2927573691482173,1.2538314954507137,/home/chaoyu/phd_simulation/sensitivity_analysis/data/04060_verts.csv,/home/chaoyu/phd_simulation/sensitivity_analysis/data/04060_stress.csv,1.031530212893887,0.05437162751527232,0.7113389830504674,0.054208850788883864,4034.6609266666655,3987.373975,0.18371500889940715
4062,material_r_cable,3,True,0.997232059955991,1.3296750813165756,76.4290254139941,1667.0202796250765,13068.142305499572,4.37676001179254,0.2284795139111228,57196.1226711249,0.161648917252449,0.02842811,21899.2790682,21849.48240565,0.0,0.0,1186.8838473,1.336099557914649,1.3827064107115776,/home/chaoyu/phd_simulation/sensitivity_analysis/data/04062_verts.csv,/home/chaoyu/phd_simulation/sensitivity_analysis/data/04062_stress.csv,0.901262234524996,0.052839852797364674,0.6834971244041944,0.055289819636118565,21883.290137777778,21838.155752083334,0.13741209912648428
4063,material_r_cable,3,True,1.3888894994461265,1.1993328261575238,50.50790230212265,1430.311989234522,19955.00166252946,1.507087157977226,0.663531631005452,30073.926743012344,0.1226795570721349,0.03053352,14730.35960529,9582.02904901,736.61706924,2464.75926261,596.88955329,1.250655677865311,1.2002395489528863,/home/chaoyu/phd_simulation/sensitivity_analysis/data/04063_verts.csv,/home/chaoyu/phd_simulation/sensitivity_analysis/data/04063_stress.csv,0.8659055341671714,0.056445889858463265,0.7416197108997037,0.05429461329780918,8986.698806666669,10047.642185106382,0.0773150055645299
4064,material_r_cable,3,True,0.9657894988516186,1.2744045187309136,64.52044732461445,1786.6724863635473,6495.56496197336,4.0627185307762765,0.2461406057113503,26389.65213887027,0.4005293215381289,0.05777131,11570.30710669,9186.27064047,864.66247183,0.0,519.00873137,1.2202827417749285,1.3430603045736214,/home/chaoyu/phd_simulation/sensitivity_analysis/data/04064_verts.csv,/home/chaoyu/phd_simulation/sensitivity_analysis/data/04064_stress.csv,0.9925429048901043,0.05647158153187264,0.8991598671017063,0.059616854927318046,9062.769214000002,9173.888850000001,0.04936454033424779
4065,material_r_cable,3,True,1.2725482105306782,0.8908124413995763,56.457688812126,490.3252472364912,10760.152447402455,3.5355831060858547,0.282838776517142,38043.41321194448,0.4085357840672938,0.00329783,4055.56836409,4050.68437873,0.0,0.0,180.85725382,1.3437074089352383,1.382199323393747,/home/chaoyu/phd_simulation/sensitivity_analysis/data/04065_verts.csv,/home/chaoyu/phd_simulation/sensitivity_analysis/data/04065_stress.csv,,0.1300141084074703,,0.11506270207819654,4052.730828888889,4052.6456875000003,
4066,material_r_cable,3,True,0.9853318773022672,1.1946464687407723,53.22050392458015,1881.4030137430948,11265.914519274971,3.983554632188017,0.251032078716776,44878.38596909205,0.1067844600791429,0.07602397,11155.6121475,10003.86051285,180.73466127,0.0,484.31002535,1.2852623895753088,1.3722606489397864,/home/chaoyu/phd_simulation/sensitivity_analysis/data/04066_verts.csv,/home/chaoyu/phd_simulation/sensitivity_analysis/data/04066_stress.csv,1.062994851598209,0.05360146725395119,0.9512546619143386,0.056659437457092635,9975.167584444443,10002.533922916666,0.05547485002938509
4067,material_r_cable,3,True,1.2319605722242253,1.2992545408796323,66.01941687962871,1846.534675782754,12816.58142462824,1.751044384811962,0.5710877512150476,22442.402936080576,0.1116414982202105,0.07597065,7621.47869707,7491.45475965,0.0,0.0,408.4272414,1.3680059309648491,1.3824349544262975,/home/chaoyu/phd_simulation/sensitivity_analysis/data/04067_verts.csv,/home/chaoyu/phd_simulation/sensitivity_analysis/data/04067_stress.csv,1.1433037063461537,0.05286837748708918,0.9348637665298078,0.055396506486742256,7565.006522222222,7502.200097916667,0.10029987599020944
4068,material_r_cable,3,True,1.1367949810579048,1.2526523510550955,45.37870237065256,819.7568512220515,8562.414947776833,3.0611837121580368,0.3266710181516783,26211.12517487295,0.2900526317051873,0.0295007,11528.2183985,7960.25112266,769.66217221,445.85503073,416.16845327,1.2302344143981914,1.247305499166533,/home/chaoyu/phd_simulation/sensitivity_analysis/data/04068_verts.csv,/home/chaoyu/phd_simulation/sensitivity_analysis/data/04068_stress.csv,0.8326044859921647,0.05503456841203798,0.6564021002568472,0.05600524501693328,7525.595910416666,7870.119140425533,0.11833553146275379
4069,material_r_cable,3,True,1.107896415198943,1.071845148727335,33.6465860383407,1891.3555454819243,11661.010074084548,1.9401856478085,0.5154145950566797,22624.52438468917,0.2818774316165421,0.10302641,6964.08303435,3104.08195391,1465.98448118,1233.47310288,158.23711539,1.2224861132262437,1.2250508969339295,/home/chaoyu/phd_simulation/sensitivity_analysis/data/04069_verts.csv,/home/chaoyu/phd_simulation/sensitivity_analysis/data/04069_stress.csv,2.064434154977361,0.05954500443549559,1.6679056693081524,0.05761920923933987,3220.431341666667,3675.5573291666674,0.10624125999703593
4070,material_r_cable,3,True,1.0616720460681697,1.2455920645866247,19.78349135964355,955.6394619645756,13359.075113452269,2.781507864987001,0.35951722897777,37158.372497019605,0.4358515198765099,0.02137377,20005.55971375,12009.91197867,2365.98134506,0.0,670.1770124,1.2014600963554516,1.396376405982543,/home/chaoyu/phd_simulation/sensitivity_analysis/data/04070_verts.csv,/home/chaoyu/phd_simulation/sensitivity_analysis/data/04070_stress.csv,0.8493408901387833,0.057770694599283225,0.6561551820310875,0.05829837660742045,9996.336471739129,11918.84764468085,0.12832030031752747
4071,material_r_cable,3,True,0.901434800575062,1.153440163276576,67.4334301031745,246.42468378290255,7089.583049029743,2.443582409989193,0.4092352260812119,17323.98043276663,0.2436645481481152,0.04704045,3032.28422188,2934.98465832,0.0,0.0,143.42615786,1.3926108871217728,1.3949899399459844,/home/chaoyu/phd_simulation/sensitivity_analysis/data/04071_verts.csv,/home/chaoyu/phd_simulation/sensitivity_analysis/data/04071_stress.csv,2.2157119738277595,0.06646782350143123,1.873123165728542,0.09755244383028154,2946.690471739131,2926.2296437499995,0.08378640771914157
4072,material_r_cable,3,True,1.17778731848906,0.8513183534826643,14.135825501400772,1123.663073073551,3414.40144290521,3.247284050638187,0.3079496540511972,11087.5313480221,0.3029043362412899,0.24499879,2480.61600114,1255.66606741,262.48373865,224.64571111,64.8642168,1.355526293834004,1.3868712753204764,/home/chaoyu/phd_simulation/sensitivity_analysis/data/04072_verts.csv,/home/chaoyu/phd_simulation/sensitivity_analysis/data/04072_stress.csv,2.9288668274066993,0.053910717977759266,2.3346328670004652,0.05752800155436441,1574.6295595238096,1159.2239863636364,0.11289712071944245
4074,material_r_cable,3,True,1.0169588126047546,1.2639264863369464,12.85238836807585,231.49331583155055,11187.119048258966,1.8034934634739204,0.5544794146765482,20175.89607863963,0.4646007016743584,0.00838466,9588.07630626,6933.33368586,733.30690215,556.76447618,413.1957792,1.2344264139173429,1.2296771432898244,/home/chaoyu/phd_simulation/sensitivity_analysis/data/04074_verts.csv,/home/chaoyu/phd_simulation/sensitivity_analysis/data/04074_stress.csv,,0.05588925620089306,,0.05503189823077018,6117.679669565217,6902.399,
4075,material_r_cable,3,True,1.244707207843839,1.3425944636950329,30.85506762496703,669.9676234108397,16093.370623873216,2.0945385909945866,0.4774321200380234,33708.18583088108,0.2471432951781497,0.01444928,16074.22494346,13991.0632756,413.02584456,0.0,777.66969662,1.2659278816332866,1.3532606450343632,/home/chaoyu/phd_simulation/sensitivity_analysis/data/04075_verts.csv,/home/chaoyu/phd_simulation/sensitivity_analysis/data/04075_stress.csv,,0.05337923091441204,,0.055857188431117595,13445.421557777778,13943.297447916666,
4076,material_r_cable,3,True,1.3981274325094573,1.055588498301559,6.207435170431733,693.2112933933284,19339.187017298507,2.4935542136493654,0.4010339917721221,48223.3112755378,0.417684354765933,0.01498978,12606.93389207,11482.32373135,0.0,354.53846341,762.75563099,1.3395253140554884,1.2700050436569583,/home/chaoyu/phd_simulation/sensitivity_analysis/data/04076_verts.csv,/home/chaoyu/phd_simulation/sensitivity_analysis/data/04076_stress.csv,,0.0531990323511289,,0.05459416392060115,11474.565908888888,11297.396610416667,
4078,material_r_cable,3,True,0.9806550378680482,1.0440986093461757,38.65218112086445,747.5650567555857,18878.72764219388,2.3001929711307865,0.4347461332813285,43424.71662646684,0.2193139407047372,0.08253593,7095.27826177,2692.27446836,81.77295895,839.7764235,112.3371994,1.3024884040714493,1.2330674722455843,/home/chaoyu/phd_simulation/sensitivity_analysis/data/04078_verts.csv,/home/chaoyu/phd_simulation/sensitivity_analysis/data/04078_stress.csv,1.2079996686302938,0.059594077626221716,1.4320972638989027,0.05484395912155984,2618.967526666667,3604.35115,-0.08488233613980405
4079,material_r_cable,3,True,1.3884004764125133,1.324229109665272,39.71815213851337,1566.3476530186254,1531.019142998764,4.1207774907098855,0.2426726515213347,6308.989222315247,0.3799153415835073,0.12596719,4982.20289389,3372.18390962,470.37762866,363.28659967,154.64863635,1.252216107144855,1.2568708372878676,/home/chaoyu/phd_simulation/sensitivity_analysis/data/04079_verts.csv,/home/chaoyu/phd_simulation/sensitivity_analysis/data/04079_stress.csv,1.1538291182134184,0.05892511433324674,1.0385182012202885,0.05602840465996971,3059.8660760869566,3338.0065127659573,0.0525970114182981
4080,material_r_cable,3,True,1.0125627344398174,1.1243349628697028,26.26199955666205,1578.3126940782504,4982.767793325195,1.90047552321945,0.526184098549176,9469.628229100725,0.1925146529622488,0.17221226,4493.95049928,1984.58404782,1409.94853278,43.68641074,87.2362398,1.2417632640696696,1.3680653527528,/home/chaoyu/phd_simulation/sensitivity_analysis/data/04080_verts.csv,/home/chaoyu/phd_simulation/sensitivity_analysis/data/04080_stress.csv,3.81116188544368,0.05633285808796723,1.5716290947347762,0.0635053213458783,1887.2353933333338,2128.701914893617,0.4160541991981001
4082,material_r_cable,3,True,1.119871478415776,1.245070673590158,17.43937133519899,1358.77057428397,16155.30069654282,3.402561093978448,0.2938962658950376,54969.39761157952,0.3375740091786944,0.02347357,27239.95056188,16695.16799294,2920.52547652,0.0,876.25702944,1.2003353050973842,1.2974557562046467,/home/chaoyu/phd_simulation/sensitivity_analysis/data/04082_verts.csv,/home/chaoyu/phd_simulation/sensitivity_analysis/data/04082_stress.csv,0.8497318759377336,0.05705170082746611,0.6663954068439679,0.05807965972583743,13884.127921276595,16558.46119787234,0.12092419361875122
4084,material_r_cable,3,True,1.293788488831022,1.3679647874865624,27.27290914131491,1930.1874181734572,12033.081710905815,1.1126950371913202,0.8987188462026517,13389.150301842545,0.1108200005264856,0.07078858,8803.66022669,6069.41575469,0.0,1606.34092749,355.43553603,1.307849528585963,1.2116607811237827,/home/chaoyu/phd_simulation/sensitivity_analysis/data/04084_verts.csv,/home/chaoyu/phd_simulation/sensitivity_analysis/data/04084_stress.csv,1.2191768340574074,0.05670863024391154,1.0398738493498052,0.054270810834665215,6039.541895555556,6459.521342553191,0.07937094374401928
4086,material_r_cable,3,True,1.112201608444472,0.9033214962487072,18.21561750914112,893.3013645116839,5927.107914756543,2.760158403052551,0.3622980474215055,16359.756716714555,0.2743909719652643,0.20916598,2227.5638726,1308.18542058,161.13822458,120.66316669,60.65130983,1.3558038035748488,1.3741011058870254,/home/chaoyu/phd_simulation/sensitivity_analysis/data/04086_verts.csv,/home/chaoyu/phd_simulation/sensitivity_analysis/data/04086_stress.csv,1.9606847008338009,0.05348693149464555,1.6473673560087179,0.057151976787682274,1499.9052837209301,1195.8365799999997,0.0868383659351283
4088,material_r_cable,3,True,1.361312544513943,0.9183412581448834,62.78479944027847,1159.2484076730218,14952.589794706531,2.9115508514754502,0.3434595688044543,43535.225548540926,0.210739903184176,0.06489777,10675.0675225,6913.19776276,0.0,508.12264169,378.29590507,1.3868416443476388,1.2547628382972935,/home/chaoyu/phd_simulation/sensitivity_analysis/data/04088_verts.csv,/home/chaoyu/phd_simulation/sensitivity_analysis/data/04088_stress.csv,1.3596862412464588,0.057736395673950607,1.4133816424291061,0.05429044100644491,6807.943364444443,7282.501970833332,-0.01936317588860348
4089,material_r_cable,3,True,1.2163215170510815,0.9477541785647344,30.65273876712673,1804.0449449562093,12989.22663997144,3.1843293416882514,0.3140378687933783,41361.97551549976,0.1085095485894806,0.12174879,10110.92311178,4029.48180498,1146.20935973,1297.99565321,187.24086195,1.240750551586643,1.2345992009931757,/home/chaoyu/phd_simulation/sensitivity_analysis/data/04089_verts.csv,/home/chaoyu/phd_simulation/sensitivity_analysis/data/04089_stress.csv,2.869796606299825,0.05693077104904158,3.1711826594809494,0.06124545637634439,5354.680584090908,4560.110330434783,-0.049890264462308376
4090,material_r_cable,3,True,1.34416479322892,0.984395691606412,7.781829542351589,1749.7867734797949,6025.688889427075,3.942048780664465,0.2536751967415891,23753.559539229416,0.4620719234861606,0.12946831,3886.23501971,3439.88666946,0.0,53.66660132,210.94213565,1.3889149192776995,1.321122155366114,/home/chaoyu/phd_simulation/sensitivity_analysis/data/04090_verts.csv,/home/chaoyu/phd_simulation/sensitivity_analysis/data/04090_stress.csv,1.3952907662506666,0.053040923297431965,1.1737138548581336,0.055117356859690984,3512.852866666667,3500.2075638297865,0.08625010230495375
4092,material_r_cable,3,True,1.1974621833234182,1.3000289560834002,50.07144222480811,206.43130896555223,1897.738507821868,3.750734712103868,0.2666144307068516,7117.913695783677,0.2847837874068328,0.02637701,3206.66011862,2620.04989007,0.0,105.1292059,133.51851627,1.2967791188514988,1.2564079870506146,/home/chaoyu/phd_simulation/sensitivity_analysis/data/04092_verts.csv,/home/chaoyu/phd_simulation/sensitivity_analysis/data/04092_stress.csv,0.8943314477128687,0.0536064329095969,0.6492915449313361,0.05445830124754,2631.780026666667,2584.3802666666666,0.15874336152623808
4093,material_r_cable,3,True,1.28317847792689,1.0908197238860258,44.68139094086911,757.1602293606927,9026.408426171463,2.366421591821146,0.4225789704827793,21360.287796288485,0.201777318550398,0.05144937,4968.28500002,3351.95125849,526.14129105,56.68193127,207.24338049,1.241392875954333,1.2900301845577995,/home/chaoyu/phd_simulation/sensitivity_analysis/data/04093_verts.csv,/home/chaoyu/phd_simulation/sensitivity_analysis/data/04093_stress.csv,0.8909199605787594,0.05425518225485581,0.804578257658519,0.05751858074102825,3256.0719826086947,3385.2843020833334,0.05092408944552325
4094,material_r_cable,3,True,1.1227217707535058,0.9258990054786556,54.65797217615936,1673.1626984685208,5224.573107080082,3.145176378006058,0.3179471927211815,16432.20392155399,0.4743084128990801,0.15067435,4784.98993077,1434.16934169,571.21929645,2555.42024037,59.60519622,1.2704335248706975,1.204772699538222,/home/chaoyu/phd_simulation/sensitivity_analysis/data/04094_verts.csv,/home/chaoyu/phd_simulation/sensitivity_analysis/data/04094_stress.csv,3.455821795912162,0.06410874391524572,5.167765292362985,0.05941903587561746,1334.7804795454545,2017.1955779999998,-0.19851872300082934
4095,material_r_cable,3,True,0.8831235802409888,1.2118569449897851,31.154427576022037,399.926671021874,1822.5136219495048,4.394991156613634,0.2275317433790938,8009.931251275958,0.2950445862801402,0.06981829,2322.01359185,1981.87209591,0.0,70.80539438,108.44372903,1.3566957396532286,1.259751447262735,/home/chaoyu/phd_simulation/sensitivity_analysis/data/04095_verts.csv,/home/chaoyu/phd_simulation/sensitivity_analysis/data/04095_stress.csv,1.1440701056846356,0.0549772233221422,0.7615087252996566,0.055070028354078954,1984.982077777778,2016.722345833333,0.20075862208616888
4096,material_r_cable,3,True,1.283962839597018,1.2154179162021046,67.32306373764582,950.6353087133324,19406.256135429423,4.057437947263545,0.2464609472769458,78739.68005820733,0.2559545044387525,0.01352234,30434.32771951,20736.14830396,646.89312291,2043.54176749,1038.17879373,1.2588340111103271,1.2223555546897609,/home/chaoyu/phd_simulation/sensitivity_analysis/data/04096_verts.csv,/home/chaoyu/phd_simulation/sensitivity_analysis/data/04096_stress.csv,,0.054699197859319745,,0.05439411536429219,20457.15484782609,19917.54939574468,
4097,material_r_cable,3,True,1.363819331317337,0.8505954724701437,47.6114764178419,1600.7874780464792,1555.344406893637,2.3595511219473795,0.4238094231985456,3669.9146403004634,0.4985842594974843,0.22697189,1840.58013978,1099.30506661,549.5814671,621.10830818,63.95332683,1.308939381398084,1.3016548514918664,/home/chaoyu/phd_simulation/sensitivity_analysis/data/04097_verts.csv,/home/chaoyu/phd_simulation/sensitivity_analysis/data/04097_stress.csv,3.295370831923419,0.057835502451504324,3.0059858082441813,0.05691569317374817,1004.4854688888889,1119.0939782608696,0.045924241429944036
4098,material_r_cable,3,True,0.9473294797652282,1.3700905836560455,89.59014393234224,1992.61751117107,6238.425911004484,4.388955312319581,0.2278446529617308,27380.17254261525,0.4170461003719116,0.04742797,13391.07738028,13315.55739472,0.0,0.0,822.49330298,1.3675382126092257,1.3385705308103022,/home/chaoyu/phd_simulation/sensitivity_analysis/data/04098_verts.csv,/home/chaoyu/phd_simulation/sensitivity_analysis/data/04098_stress.csv,0.9976183200435907,0.05282620139075098,0.7879994422660954,0.05530520006423112,13382.13559777778,13294.56009375,0.1173929170072516
4099,material_r_cable,3,True,0.9649135473272578,1.333054278611833,69.16641331372202,1957.317908442976,13322.76836754216,2.309640423804,0.4329678289718321,30770.8043786526,0.2610578931615486,0.05316837,12754.30874295,12098.00816876,202.95243261,0.0,701.23806476,1.27487815478664,1.3846305828159076,/home/chaoyu/phd_simulation/sensitivity_analysis/data/04099_verts.csv,/home/chaoyu/phd_simulation/sensitivity_analysis/data/04099_stress.csv,0.9549732984965873,0.05348105858838715,0.8263846698736271,0.056546132514457344,12113.42236888889,12082.468325,0.07218573184400855
4100,material_r_cable,3,True,0.8751580835535319,1.3193691562602647,32.08751355954556,654.0617677970451,9234.390753837197,1.3169171559647983,0.7593492084681522,12160.927608610911,0.2883224950936977,0.04603252,5268.88040859,4565.31133364,0.0,191.94927044,272.01075996,1.3530377752478842,1.255477898370628,/home/chaoyu/phd_simulation/sensitivity_analysis/data/04100_verts.csv,/home/chaoyu/phd_simulation/sensitivity_analysis/data/04100_stress.csv,1.0115379013471035,0.054945930306090726,0.6864742812586736,0.05483310891371603,4573.043904444444,4665.665514583334,0.19143774315540296
4102,material_r_cable,3,True,1.0864373972305503,1.2723362811606345,64.05619279498245,273.9014008226927,5021.032639767509,2.426946025696889,0.4120404777905407,12185.775209978116,0.1831433456560314,0.02614175,3799.59771834,3679.23723738,28.37849818,0.0,192.85524377,1.284072076599222,1.3402776281168356,/home/chaoyu/phd_simulation/sensitivity_analysis/data/04102_verts.csv,/home/chaoyu/phd_simulation/sensitivity_analysis/data/04102_stress.csv,0.8773216280279413,0.05297256886530168,0.6716489238348082,0.05563826144712196,3670.84172,3677.3901229166663,0.13278025456700696
4103,material_r_cable,3,True,1.285544978764945,1.024892534201031,41.270572450978186,1842.5502008443711,17757.159437604325,4.518528920778641,0.2213109659211118,80236.23846969253,0.4511946913773915,0.05382895,9854.02157572,9248.03464655,0.0,108.32274221,552.69268157,1.3814330718833363,1.291089090779399,/home/chaoyu/phd_simulation/sensitivity_analysis/data/04103_verts.csv,/home/chaoyu/phd_simulation/sensitivity_analysis/data/04103_stress.csv,1.0344556653496313,0.05303217394479682,0.8044768534963201,0.05507725727076019,9298.712762222223,9229.015558333334,0.12506103921509729
4104,material_r_cable,3,True,1.0786558623974585,1.3003294244247037,34.25357725531282,1832.6255732768773,1278.4512272585168,3.3585474627614214,0.2977477647964495,4293.739125573317,0.4584132952521509,0.14055804,4100.49070077,2223.85155591,2568.3296229,196.33025749,111.9293089,1.203718583544877,1.2834895008416038,/home/chaoyu/phd_simulation/sensitivity_analysis/data/04104_verts.csv,/home/chaoyu/phd_simulation/sensitivity_analysis/data/04104_stress.csv,4.307485462047797,0.05664461550804194,1.4964834245608019,0.06571557568181866,1974.339388,2226.439828888889,0.48432410517788493
4105,material_r_cable,3,True,0.9051372511542134,1.1403859953977062,18.411790063936525,1799.356462179264,13875.57271317212,2.2954708809387334,0.4356404641434832,31850.973119434657,0.3557331284464037,0.10159229,8108.58763336,5623.3574419,132.78717645,946.02076093,280.82989577,1.3087218169374533,1.223872493459592,/home/chaoyu/phd_simulation/sensitivity_analysis/data/04105_verts.csv,/home/chaoyu/phd_simulation/sensitivity_analysis/data/04105_stress.csv,1.4476657853663817,0.060453236549168614,1.8455247448456604,0.05569806728855584,5387.0569866666665,6128.23513125,-0.12081261494872006
4106,material_r_cable,3,True,0.9528360660287476,1.2974359381171277,56.74448513047473,1985.8761698703893,11479.57561328975,3.806456527841496,0.2627115251903491,43696.505530056806,0.2937832079041516,0.04158393,18555.27315873,15387.54679394,773.70469834,0.0,872.54425537,1.2392931952115187,1.377409271506704,/home/chaoyu/phd_simulation/sensitivity_analysis/data/04106_verts.csv,/home/chaoyu/phd_simulation/sensitivity_analysis/data/04106_stress.csv,0.8584157624777112,0.05388716344321855,0.7685081629139952,0.05755212852943822,15107.622106521741,15363.431856249998,0.05526232552150185
4108,material_r_cable,3,True,1.031341478396573,1.040608467932398,55.8213299003765,1925.5671391005703,7613.958768569228,2.0162461376040324,0.4959711918845042,15351.61495900406,0.2211469964238544,0.20746682,4525.08736439,2154.48847052,92.80047141,838.68391409,82.87824935,1.3913434057307754,1.2961848268539813,/home/chaoyu/phd_simulation/sensitivity_analysis/data/04108_verts.csv,/home/chaoyu/phd_simulation/sensitivity_analysis/data/04108_stress.csv,1.594306033765744,0.057236980732708796,2.3174268095175576,0.05473987393684123,2250.8968047619046,2412.556770212766,-0.18485944841388102
4109,material_r_cable,3,True,0.821630827743481,0.973883579828516,16.614665032969125,977.0133700273464,5052.24015321592,1.0090214945966072,0.991059165097158,5097.818910458919,0.3219393262971914,0.21402845,2004.31720717,774.39541694,1465.9314149,410.85804801,32.59888654,1.2307397615285096,1.257912895157899,/home/chaoyu/phd_simulation/sensitivity_analysis/data/04109_verts.csv,/home/chaoyu/phd_simulation/sensitivity_analysis/data/04109_stress.csv,8.838460832500703,0.07409226512821004,7.2335017809774556,0.07025577904083799,957.3933100000002,957.9977166666666,0.09986080045863892
4110,material_r_cable,3,True,0.915855225826343,1.0238392159714207,84.31023494527898,1419.8274031082524,5801.087896437985,1.1599934089276722,0.862073863785507,6729.223724478158,0.47274854824598,0.18507972,3035.33651571,1090.77343506,153.34629156,2270.02361661,43.34263094,1.3529306223572546,1.2173728846337946,/home/chaoyu/phd_simulation/sensitivity_analysis/data/04110_verts.csv,/home/chaoyu/phd_simulation/sensitivity_analysis/data/04110_stress.csv,2.1241813242209497,0.0666263211919556,7.143531545245465,0.06883788916934676,1033.2656209302324,1262.3054163265306,-0.5415953527823854
4111,material_r_cable,3,True,1.380086894668379,0.9636663123815996,77.11735666707906,1465.6254476233846,11900.091287053529,1.5570776497277787,0.6422287290391897,18529.366172791324,0.1020692420210351,0.08884391,6592.96395152,5555.1145054,0.0,166.84628347,317.84384499,1.319036095539348,1.2850778374774463,/home/chaoyu/phd_simulation/sensitivity_analysis/data/04111_verts.csv,/home/chaoyu/phd_simulation/sensitivity_analysis/data/04111_stress.csv,1.2839924284240471,0.054987634585321334,0.7517950277839753,0.05471631839260479,5496.479837777778,5710.64626875,0.26142090571251186
4114,material_r_cable,3,True,0.8711664135961872,1.353456032712863,12.355418462277717,1142.9562539908952,7168.82671031663,4.561404010293696,0.2192307451265674,32699.91490553884,0.3465784748384382,0.0255955,14116.09864545,14089.32644851,0.0,0.0,902.92862851,1.3065340802050682,1.3660371640342277,/home/chaoyu/phd_simulation/sensitivity_analysis/data/04114_verts.csv,/home/chaoyu/phd_simulation/sensitivity_analysis/data/04114_stress.csv,0.8866666414873771,0.05286873784970374,0.6650858422199759,0.05528522055314438,14082.16827111111,14108.505910416667,0.14279390662743696
4115,material_r_cable,3,True,1.190760940187502,1.0038897190377525,82.73106659087526,346.5489188257907,6192.114442327432,1.915875630699373,0.5219545486023845,11863.321162556764,0.1731823252655174,0.08038299,1574.00496054,1272.32555221,88.30190387,0.0,70.4499978,1.280943052725407,1.3380946972438617,/home/chaoyu/phd_simulation/sensitivity_analysis/data/04115_verts.csv,/home/chaoyu/phd_simulation/sensitivity_analysis/data/04115_stress.csv,1.058130473324815,0.05341603432001555,0.9537748483459537,0.05634402781140123,1170.7244177777777,1302.856775,0.05186905360546489
4117,material_r_cable,3,True,1.2659419285915314,1.2284794093986544,71.12993265818837,1486.127668585024,8490.83083488458,3.922331048827728,0.2549504331866305,33303.849414011645,0.3668963330477949,0.04755452,10683.07174147,10606.36633498,0.0,0.0,533.16444717,1.325256142340276,1.3731801705481772,/home/chaoyu/phd_simulation/sensitivity_analysis/data/04117_verts.csv,/home/chaoyu/phd_simulation/sensitivity_analysis/data/04117_stress.csv,0.9997251979443514,0.0528417060442727,0.7850678773186524,0.055327714808024314,10656.44680222222,10606.417697916668,0.12027014425415539
4118,material_r_cable,3,True,1.0949303771998218,1.22053964781982,55.75478783224186,1029.0849391410145,5431.793208527087,4.349399623606081,0.2299167900260453,23625.039336673777,0.2595197018167091,0.06294491,6236.53546986,6162.03237873,0.0,0.0,302.22373594,1.3156948014365482,1.3141313898066431,/home/chaoyu/phd_simulation/sensitivity_analysis/data/04118_verts.csv,/home/chaoyu/phd_simulation/sensitivity_analysis/data/04118_stress.csv,1.078813096297967,0.05291346042044328,0.8679308591572584,0.05548870583858266,6200.525786666666,6170.3115145833335,0.10832561547180762
4119,material_r_cable,3,True,1.052702531025935,1.3870663876782796,17.83947473466688,1101.0107081364708,19712.936790426385,3.422419028931039,0.2921909887557926,67465.92998767002,0.3707264379933093,0.00966146,37302.64116003,33654.28905336,466.61837589,1618.85854313,1963.6690367,1.2738935797260018,1.2228800510578988,/home/chaoyu/phd_simulation/sensitivity_analysis/data/04119_verts.csv,/home/chaoyu/phd_simulation/sensitivity_analysis/data/04119_stress.csv,,0.05527670935509636,,0.054882735379963826,33017.15327391305,33796.396210638304,
4121,material_r_cable,3,True,1.0655210985200103,1.3200550017636885,47.40685163411945,1612.5789405986495,7273.461761659183,3.950858847843945,0.2531095234003913,28736.42075550579,0.189900660022428,0.04999142,14381.59911064,10784.93344038,785.38803794,0.0,564.21449888,1.234124686000995,1.356790376943202,/home/chaoyu/phd_simulation/sensitivity_analysis/data/04121_verts.csv,/home/chaoyu/phd_simulation/sensitivity_analysis/data/04121_stress.csv,0.885069558688715,0.05455879591917634,0.8164627829200064,0.057603845921661526,10388.012452173914,10735.648508510638,0.04032058285994374
4122,material_r_cable,3,True,1.066815196026826,1.0937048357636372,15.41752010697957,740.4792691344718,4019.774843003474,1.382455224909264,0.7233507327990562,5557.1587346689685,0.1150543599029469,0.16384457,2219.09459935,909.11553814,0.0,609.65925571,40.43914327,1.3891802507888935,1.241323354052544,/home/chaoyu/phd_simulation/sensitivity_analysis/data/04122_verts.csv,/home/chaoyu/phd_simulation/sensitivity_analysis/data/04122_stress.csv,2.0655328101111077,0.06194144509486955,2.96135425968698,0.05560669042989698,906.823943181818,1166.97673125,-0.1782060024698057
4123,material_r_cable,3,True,1.332046805235663,1.1373237039147426,53.35267160042739,218.2873535618104,14614.460089202514,2.180703272817871,0.4585676613892616,31869.800946990075,0.3199541059546029,0.00705334,9304.09357114,7861.10520736,0.0,415.97440638,486.08763166,1.30109700134469,1.2584337419374945,/home/chaoyu/phd_simulation/sensitivity_analysis/data/04123_verts.csv,/home/chaoyu/phd_simulation/sensitivity_analysis/data/04123_stress.csv,,0.05365182060852165,,0.05438548011662307,7852.487366666665,7686.707379166667,
4124,material_r_cable,3,True,1.0929582540632352,1.200412995403087,83.27828491389542,619.1358853098338,7953.877702422465,1.4654556224620676,0.6823816324918324,11656.054799390671,0.1463461626574759,0.0521199,5368.59555487,2611.62672229,0.0,1341.19713434,140.05832551,1.3321363056640716,1.2023594785966456,/home/chaoyu/phd_simulation/sensitivity_analysis/data/04124_verts.csv,/home/chaoyu/phd_simulation/sensitivity_analysis/data/04124_stress.csv,1.139188219859198,0.05817275054758838,1.2985320796104998,0.05579289600560362,2567.1493533333332,2800.2544979591835,-0.06536593217276217
4125,material_r_cable,3,True,1.2984886679668315,1.2714233706513451,45.13842181899948,1731.4428489566606,13857.999430012447,4.463955177150712,0.2240165862593378,61861.48830055569,0.2967287739953859,0.02491343,31527.38745823,21548.72971623,0.0,2373.88022207,1053.01415903,1.374054170072542,1.207223944010277,/home/chaoyu/phd_simulation/sensitivity_analysis/data/04125_verts.csv,/home/chaoyu/phd_simulation/sensitivity_analysis/data/04125_stress.csv,0.8944097911000432,0.05507492081902048,0.6345962581613654,0.05424518116112539,21699.72324222222,21398.26784680851,0.16992315567631763
4126,material_r_cable,3,True,1.1261150064144645,1.1065060772420057,4.229047825000171,786.4208508191421,11720.473023116756,4.407474244426409,0.2268873156240396,51657.682981881626,0.1880677547893445,0.04597459,6583.17099035,6067.18698067,80.15499957,0.0,292.18099829,1.2885132614369172,1.3086269175278047,/home/chaoyu/phd_simulation/sensitivity_analysis/data/04126_verts.csv,/home/chaoyu/phd_simulation/sensitivity_analysis/data/04126_stress.csv,0.9789998588224856,0.05294866475021373,0.7736918267115014,0.05551123805381849,5872.938193333334,6121.851456250001,0.1171387037466511
4127,material_r_cable,3,True,1.3344807087877302,1.0353817270041703,11.43020143607187,1153.6424194297629,8696.748665301102,4.906531192110712,0.20380997508136,42670.86859624706,0.2786868549107765,0.0494406,7887.63554384,4328.54317087,564.56830373,1620.52403325,266.4664565,1.251884040693369,1.2042693195352767,/home/chaoyu/phd_simulation/sensitivity_analysis/data/04127_verts.csv,/home/chaoyu/phd_simulation/sensitivity_analysis/data/04127_stress.csv,0.9065304977756957,0.056535524307236816,0.9851693839553214,0.055032060551246244,3957.319422222222,4732.239836734694,-0.04157048744310669
4128,material_r_cable,3,True,1.3033057385788442,1.3332923990487282,8.53916670478597,1478.618017981743,7530.97119963681,1.8747336101829584,0.5334091172038081,14118.564825279002,0.1242044035125882,0.07882294,5864.81174665,5446.65274855,101.57667621,117.67484114,296.94993306,1.2923213350836915,1.288393923484768,/home/chaoyu/phd_simulation/sensitivity_analysis/data/04128_verts.csv,/home/chaoyu/phd_simulation/sensitivity_analysis/data/04128_stress.csv,1.134390321373498,0.05355686278969455,0.8921411838887734,0.05499707105035111,5282.929997777777,5506.76289375,0.11953879663636073
4129,material_r_cable,3,True,1.0555542159002085,1.3973689445547712,21.003056698857407,702.4615990412836,1411.155548413128,3.0936797166380816,0.3232396665439903,4365.663297146983,0.2940632620327597,0.1025301,2426.92500515,2261.64229357,33.98419611,0.0,128.10481265,1.3001280340937065,1.3427787098069166,/home/chaoyu/phd_simulation/sensitivity_analysis/data/04129_verts.csv,/home/chaoyu/phd_simulation/sensitivity_analysis/data/04129_stress.csv,1.2548630098428921,0.053600752825141956,1.055227586588051,0.05585102079453645,2206.40084,2295.982376086957,0.08641887186730904
4130,material_r_cable,3,True,1.3736383765242062,1.1548012996337491,54.83724978384264,1880.4813608084607,19390.01770381975,3.889648957696396,0.2570926093526547,75420.36215137715,0.3115104064404808,0.03255949,17860.41976034,17401.84981515,83.65696546,0.0,946.16419479,1.2883137022726672,1.3075626025584357,/home/chaoyu/phd_simulation/sensitivity_analysis/data/04130_verts.csv,/home/chaoyu/phd_simulation/sensitivity_analysis/data/04130_stress.csv,0.9173873295936834,0.05289327304263652,0.704506017559064,0.055391075603064735,17312.084724444445,17412.93476875,0.1312548154959357
4131,material_r_cable,3,True,1.2006155230230928,1.313524341757694,61.255633790488666,1295.379712888216,13989.573051947664,1.7565257193622317,0.5693056406615471,24573.044868642857,0.1919798746684503,0.03614432,14777.40626532,8955.56236136,0.0,2027.40139648,500.59178124,1.3151129274467597,1.2035512123475467,/home/chaoyu/phd_simulation/sensitivity_analysis/data/04131_verts.csv,/home/chaoyu/phd_simulation/sensitivity_analysis/data/04131_stress.csv,0.9741410193275183,0.05584404630439439,0.7692177927463749,0.05413810116172125,9017.335853333332,8923.183036170214,0.11754506597374952
4132,material_r_cable,3,True,1.3795119321519786,0.9822841296258764,61.97624188915719,404.9585187760416,17159.744798440363,4.383330224112074,0.2281370439532807,75216.82801305359,0.1508251327259679,0.01830452,7340.8039104,7326.45300349,0.0,0.0,436.14826716,1.3359426857852326,1.3282759882915771,/home/chaoyu/phd_simulation/sensitivity_analysis/data/04132_verts.csv,/home/chaoyu/phd_simulation/sensitivity_analysis/data/04132_stress.csv,,0.05283452591569317,,0.05528298401084618,7323.93270888889,7328.652508333334,
4133,material_r_cable,3,True,1.0533710443811164,1.31839263696036,76.2953535724303,503.741217781806,10453.385225790433,1.0821506358013082,0.9240857667283284,11312.13746836512,0.3489967792370138,0.03332069,4379.13923811,4365.15576847,0.0,0.0,268.08146696,1.3761207113763982,1.3628037478395425,/home/chaoyu/phd_simulation/sensitivity_analysis/data/04133_verts.csv,/home/chaoyu/phd_simulation/sensitivity_analysis/data/04133_stress.csv,0.926153796717846,0.05283400340861606,0.7089786151576045,0.055302341700256205,4375.03511111111,4364.459508333333,0.13281810083572848
4135,material_r_cable,3,True,1.2899883226764222,0.9356446464454372,2.3927569303075087,386.89411469306833,1843.3376163343792,4.673463165135588,0.2139740840283241,8614.770450847558,0.3187629643398486,0.16101096,779.09489883,686.50144107,0.0,0.0,40.93243914,1.3758618031586034,1.3683337657053034,/home/chaoyu/phd_simulation/sensitivity_analysis/data/04135_verts.csv,/home/chaoyu/phd_simulation/sensitivity_analysis/data/04135_stress.csv,1.5080830911410705,0.05294531341246469,1.3819918769865138,0.056098490313471805,719.2298622222222,671.2248065217392,0.04362904614763277
4136,material_r_cable,3,True,1.1363867130853054,1.18569390782003,56.68386903251489,1516.9999642143027,7068.245569806859,3.0954015113600697,0.3230598668153444,21879.058019444263,0.4348515474119566,0.07854869,7418.12897647,5986.79357904,0.0,266.15953922,310.98291158,1.3893137661769006,1.2714786232001638,/home/chaoyu/phd_simulation/sensitivity_analysis/data/04136_verts.csv,/home/chaoyu/phd_simulation/sensitivity_analysis/data/04136_stress.csv,1.1666674644865638,0.053571190545032454,0.882171692817663,0.05454363689124942,6073.462426666666,5867.807958333334,0.13885705505708315
4137,material_r_cable,3,True,1.0908214108063057,1.1935505996347069,58.37015452283024,1596.7570152156422,8784.510598194563,4.650448373270578,0.2150330290188164,40851.91302135206,0.2230136402065054,0.05455421,13069.04378783,9149.41490427,1000.23515281,434.45145896,438.39303112,1.2233542438145455,1.2600166199919385,/home/chaoyu/phd_simulation/sensitivity_analysis/data/04137_verts.csv,/home/chaoyu/phd_simulation/sensitivity_analysis/data/04137_stress.csv,0.9766276598210747,0.055659340309510016,0.7997389872217017,0.057480760802682766,9208.294757142856,8930.013904166666,0.09957892020425521
4138,material_r_cable,3,True,1.0082036093794695,0.8452362479975652,42.85009851806756,1758.6300039312357,1328.1803825194525,2.9019506015666607,0.3445958037535633,3854.313860041362,0.1160265924966639,0.317869,1612.18060683,762.54168874,737.62334103,2020.4291341,33.96671858,1.346489175325035,1.2671498051599035,/home/chaoyu/phd_simulation/sensitivity_analysis/data/04138_verts.csv,/home/chaoyu/phd_simulation/sensitivity_analysis/data/04138_stress.csv,8.17044859670972,0.059906878506419986,7.588107214386742,0.06123039830952821,737.2429862745098,836.1845583333335,0.036953981653123295
4139,material_r_cable,3,True,1.3382266455847067,1.2693123941392663,5.904832094064398,1157.260253002023,15592.593405365273,1.491215452425827,0.6705939094000503,23251.91622947374,0.2670209178609612,0.03413561,9267.18692545,9230.86509599,0.0,0.0,557.39819272,1.3911654468464354,1.3765825423513696,/home/chaoyu/phd_simulation/sensitivity_analysis/data/04139_verts.csv,/home/chaoyu/phd_simulation/sensitivity_analysis/data/04139_stress.csv,0.930742813690954,0.05283630797419359,0.7123319853054327,0.05527786909714331,9238.64938,9246.3740625,0.13292811046638273
4141,material_r_cable,3,True,1.3620111941678048,1.211033403002954,74.19277053157339,933.1403007318088,15847.33700309844,1.825211845015756,0.5478816076779118,28924.747210011767,0.4633598390616013,0.01795809,16106.51348015,13038.31305157,0.0,1122.00366409,788.82092777,1.3735068770330638,1.232576492229902,/home/chaoyu/phd_simulation/sensitivity_analysis/data/04141_verts.csv,/home/chaoyu/phd_simulation/sensitivity_analysis/data/04141_stress.csv,,0.05410984159772452,,0.053994700793016985,13015.548766666667,12519.378491489362,
4142,material_r_cable,3,True,0.9338045563777192,1.3316924869033528,0.3511149250417675,985.6873026787454,17925.425935434596,2.89676229434904,0.3452129993374965,51925.697959913305,0.4922861247363738,0.01288449,24696.08606181,22823.88326569,389.02449003,0.0,1443.07228127,1.2727351198345933,1.3787582776209528,/home/chaoyu/phd_simulation/sensitivity_analysis/data/04142_verts.csv,/home/chaoyu/phd_simulation/sensitivity_analysis/data/04142_stress.csv,,0.05313319917162495,,0.055497594891814245,22282.857942222217,22847.16504583333,
4143,material_r_cable,3,True,0.8558266529032419,1.0612498907811014,72.57134317846047,1500.841235615948,3962.570384742945,4.070603508937307,0.2456638181057003,16130.052912545683,0.3639239503420781,0.17121015,5182.17154756,2213.41113993,224.74393221,1133.58201818,104.29329467,1.2898185160576787,1.2529428273226175,/home/chaoyu/phd_simulation/sensitivity_analysis/data/04143_verts.csv,/home/chaoyu/phd_simulation/sensitivity_analysis/data/04143_stress.csv,2.0713457698051423,0.059056271550305364,3.9922249104443135,0.06157560079458458,2291.615857446808,2270.21965,-0.3167900964519055
4144,material_r_cable,3,True,1.0461132108323614,1.0654676518497177,7.972165544579051,295.4068599125615,17700.835399172847,2.8504282885909547,0.3508244722389868,50454.96195349444,0.20513590057559,0.02027116,8905.70215241,3706.10756261,1306.529539,96.29059262,179.43593546,1.2216230777762505,1.28126260640742,/home/chaoyu/phd_simulation/sensitivity_analysis/data/04144_verts.csv,/home/chaoyu/phd_simulation/sensitivity_analysis/data/04144_stress.csv,0.982467226744057,0.056168327256527,0.63400840852225,0.05996508667268508,3726.870191111111,3929.950120833333,0.21556700925120958
4145,material_r_cable,3,True,1.3365839418626,1.2385925633961303,75.77100908914157,288.4613240825743,10660.378274540624,4.33434262829851,0.2307154938493084,46205.73198912874,0.4589099255235414,0.00487672,24633.19125136,18064.36234185,0.0,1569.39727216,914.07577549,1.3679806443874352,1.2240330861699322,/home/chaoyu/phd_simulation/sensitivity_analysis/data/04145_verts.csv,/home/chaoyu/phd_simulation/sensitivity_analysis/data/04145_stress.csv,,0.0540760142936104,,0.05380376402766125,18111.75008,17148.903251063828,
4146,material_r_cable,3,True,1.2591963921628242,1.2943715470244337,0.0798865334256499,632.269572480074,2455.294060038558,4.87856347080343,0.2049783724214444,11978.307911384753,0.4933165710268308,0.03425923,6764.09407125,5700.29091976,0.0,477.34444993,286.78759685,1.3950448394192951,1.219733769322897,/home/chaoyu/phd_simulation/sensitivity_analysis/data/04146_verts.csv,/home/chaoyu/phd_simulation/sensitivity_analysis/data/04146_stress.csv,0.9594190432272245,0.05565228152327687,0.6762121728500271,0.054526488361536785,5685.092002222222,5588.856025531915,0.1731483647373855
4147,material_r_cable,3,True,1.104221457444324,1.2778337072003991,1.7000717261323082,1508.4072496013475,11361.01445158868,1.0646329820179783,0.9392908325125634,12095.310694344204,0.4902390087823809,0.07529348,5558.90110444,5459.41669256,0.0,0.0,332.1104208,1.3848790038355876,1.348243084830839,/home/chaoyu/phd_simulation/sensitivity_analysis/data/04147_verts.csv,/home/chaoyu/phd_simulation/sensitivity_analysis/data/04147_stress.csv,1.1448456538335465,0.05288501905137672,0.923250685037739,0.05527310500313765,5465.775233333333,5516.085577083334,0.10714924862579103
4148,material_r_cable,3,True,0.8686666171630733,1.1145990022108336,86.63156170839805,1850.1180296186608,18053.48697230008,3.935938175854033,0.2540690314026634,71057.40858155931,0.35299632626358,0.07713491,10839.4340893,9396.03536905,438.71842544,121.03495234,460.20251864,1.2531667844200562,1.299931813940745,/home/chaoyu/phd_simulation/sensitivity_analysis/data/04148_verts.csv,/home/chaoyu/phd_simulation/sensitivity_analysis/data/04148_stress.csv,1.4508829650532722,0.05348269332117226,1.1285009583273158,0.060438397393506524,9472.630719565219,9239.985356250001,0.12498411105216033
4149,material_r_cable,3,True,1.3591087882267323,0.9536127596150392,57.702526562209336,1109.02577710406,16394.207998778067,4.731880427707825,0.2113324745368536,77575.43195718901,0.4444227686812605,0.03459901,10867.92056811,6973.28391441,506.89191409,975.14762621,477.39909227,1.261421056548289,1.2394477644644075,/home/chaoyu/phd_simulation/sensitivity_analysis/data/04149_verts.csv,/home/chaoyu/phd_simulation/sensitivity_analysis/data/04149_stress.csv,0.8909749056685153,0.05516625886724277,0.6769946828259261,0.05444499993842699,6487.815682222221,7379.572108333334,0.13646962569475105
4150,material_r_cable,3,True,1.2751109619911016,0.9822469253133626,3.334481872249801,1321.9418808822556,16873.895929969112,3.7554059741245736,0.2662827952264497,63368.32958216233,0.3703227307943443,0.06137921,6864.41693413,5359.63335868,0.0,425.41627888,346.07553516,1.3451893931477783,1.265965038961757,/home/chaoyu/phd_simulation/sensitivity_analysis/data/04150_verts.csv,/home/chaoyu/phd_simulation/sensitivity_analysis/data/04150_stress.csv,1.0822913770868428,0.05365872995573808,0.8038468665003837,0.05424896411245326,5378.8818666666675,5220.24785625,0.1476267773760254
4151,material_r_cable,3,True,0.9369741714886054,0.8151296153573471,83.72086717436034,810.1467827559007,3085.9135898048435,2.446384588145089,0.4087664731236005,7549.331446446055,0.1174142791683898,0.22531269,3727.6860683,595.0898257,324.02645901,1771.60313158,20.2697179,1.3256937677186855,1.2074212799528323,/home/chaoyu/phd_simulation/sensitivity_analysis/data/04151_verts.csv,/home/chaoyu/phd_simulation/sensitivity_analysis/data/04151_stress.csv,,0.10467247782978718,,0.11764531912919547,740.6521826086956,981.8969507462688,
4152,material_r_cable,3,True,1.1012381789321868,1.2191442423795202,13.43685546779818,407.9061489768548,3286.0858998481995,1.7058262314819417,0.5862261826817184,5605.491526864,0.257382624584669,0.08672585,1510.46430394,1473.84376199,0.0,0.0,79.96238284,1.3800370290927315,1.3217157784927362,/home/chaoyu/phd_simulation/sensitivity_analysis/data/04152_verts.csv,/home/chaoyu/phd_simulation/sensitivity_analysis/data/04152_stress.csv,1.2070260228208982,0.05296899209125819,0.9782510004189803,0.055322083788930054,1470.2427177777777,1500.05618125,0.10468925448304832
4153,material_r_cable,3,True,0.8521883251867928,1.1348061162172058,72.68267320722943,671.7740876854023,4425.46940442384,4.548748983619707,0.2198406646752886,20130.349455413056,0.4778869116784302,0.0555141,6900.6929192,3192.62359078,0.0,1291.58820428,170.33602573,1.329477419997542,1.2029784742803642,/home/chaoyu/phd_simulation/sensitivity_analysis/data/04153_verts.csv,/home/chaoyu/phd_simulation/sensitivity_analysis/data/04153_stress.csv,1.047587252301158,0.056006897577799,1.5169413143896042,0.05915248563632909,3299.297151111111,3178.7109958333335,-0.18301767747282116
4154,material_r_cable,3,True,1.239536268515974,0.8107947697685808,65.52127757120313,265.5608442791719,15052.674593903408,1.0273316741507443,0.973395472135775,15464.089391001164,0.2730929127230808,0.05625409,7992.71562216,4518.85742479,396.42564313,595.33473287,242.03428138,1.2447169747243576,1.2166674931384445,/home/chaoyu/phd_simulation/sensitivity_analysis/data/04154_verts.csv,/home/chaoyu/phd_simulation/sensitivity_analysis/data/04154_stress.csv,,0.13716740646732153,,0.1746147046292604,4263.7298644444445,5086.241142,
4155,material_r_cable,3,True,1.2672289633777338,1.025848705479166,70.78949387135201,344.7127474470034,15669.949065104403,3.519947132558383,0.2840951759616843,55157.39227905016,0.3872933633620435,0.01479178,6712.48295023,5878.56232802,0.0,208.0978385,374.99547953,1.3338441529785183,1.275548976006079,/home/chaoyu/phd_simulation/sensitivity_analysis/data/04155_verts.csv,/home/chaoyu/phd_simulation/sensitivity_analysis/data/04155_stress.csv,,0.05343494969177844,,0.054764688062536815,5873.781506666666,5768.59131875,
4157,material_r_cable,3,True,1.1137394313648985,1.2486579197037797,75.93992005697528,1963.8273133847224,1731.8877250305652,3.173400804592393,0.3151193503678602,5495.973900075685,0.4114395025966706,0.18491015,4187.5072881,2488.89131065,306.474005,870.75004855,113.90424518,1.2957591319964556,1.2726216825775365,/home/chaoyu/phd_simulation/sensitivity_analysis/data/04157_verts.csv,/home/chaoyu/phd_simulation/sensitivity_analysis/data/04157_stress.csv,1.48139180540169,0.05963607929652964,2.2893084090203355,0.0555394158044005,2500.2841222222223,2312.5816191489357,-0.21426169084685068
4158,material_r_cable,3,True,1.2585772485485884,1.0212258052454883,23.801157411552364,1448.3839887191598,7138.959113711915,1.700980587024007,0.5878961862519402,12143.230863982077,0.2245292756910227,0.1236672,4391.1454692,2371.07533962,307.1540742,813.86604043,133.32099203,1.27786183627697,1.241820984431573,/home/chaoyu/phd_simulation/sensitivity_analysis/data/04158_verts.csv,/home/chaoyu/phd_simulation/sensitivity_analysis/data/04158_stress.csv,1.1649074826341548,0.05596617676654156,1.6650441901638775,0.055095390229211914,2392.565137777778,2438.165771739131,-0.17672976974734947
4159,material_r_cable,3,True,0.97097069213129,0.9038144393679446,87.93596693357057,1525.5761178420305,7343.748798023031,2.3423266790267765,0.4269259317899646,17201.458733680167,0.1193636582830745,0.24644803,5092.88162237,1252.86055559,394.26134303,1020.09984396,24.44461793,1.37676699231733,1.3063738037923276,/home/chaoyu/phd_simulation/sensitivity_analysis/data/04159_verts.csv,/home/chaoyu/phd_simulation/sensitivity_analysis/data/04159_stress.csv,3.286466666024594,0.05879602965003708,4.875781751633984,0.05800128301134483,1241.7206162790696,2134.0569454545457,-0.19471535345224167
4160,material_r_cable,3,True,1.387498191753633,1.347792596405462,17.613913498212746,1894.30810214608,4753.871350815165,3.293320001635506,0.3036449538773599,15656.019604841584,0.1716087646179004,0.09647188,6896.53476696,6731.05247785,0.0,10.31376869,327.38462377,1.3372432218136567,1.3124214283953548,/home/chaoyu/phd_simulation/sensitivity_analysis/data/04160_verts.csv,/home/chaoyu/phd_simulation/sensitivity_analysis/data/04160_stress.csv,1.2541505796449228,0.05298215835693892,1.0222598716134232,0.05528986227377769,6723.630886666667,6834.278208510636,0.10186682630248682
4161,material_r_cable,3,True,1.286998876579751,1.21436655517935,35.372798050306706,1256.4549911592685,15608.372118367788,3.021917533596839,0.330915714569401,47167.21337539965,0.2929149017625733,0.02724821,17483.03216404,13222.26093219,0.0,1018.39596446,706.86365047,1.309060285265138,1.2361764504271804,/home/chaoyu/phd_simulation/sensitivity_analysis/data/04161_verts.csv,/home/chaoyu/phd_simulation/sensitivity_analysis/data/04161_stress.csv,0.902035638639627,0.05427689412438827,0.626751234980318,0.054215960645016735,13259.42786222222,13224.153961702128,0.18006722088571803
4162,material_r_cable,3,True,1.2786023323988858,1.1626032213705886,30.229178586782112,641.2504783358605,11350.153870626198,3.5884283327067616,0.2786735326118934,40729.21372993637,0.4216642886495785,0.01650742,16754.94774141,10683.88846455,1338.27083822,0.0,569.79358582,1.222580197327979,1.3476357653442268,/home/chaoyu/phd_simulation/sensitivity_analysis/data/04162_verts.csv,/home/chaoyu/phd_simulation/sensitivity_analysis/data/04162_stress.csv,,0.054852504305213476,,0.05763192403141586,9211.253147826088,10623.66390625,
4163,material_r_cable,3,True,1.3996444287068113,0.8601459511001855,28.05464386939605,1814.315266617013,6970.380127539736,2.4829774504518656,0.4027422801677134,17307.296677758965,0.3603365856582241,0.12229653,6337.20745978,3699.30794097,969.36646082,0.0,238.72228314,1.2296447254877785,1.3417679583758335,/home/chaoyu/phd_simulation/sensitivity_analysis/data/04163_verts.csv,/home/chaoyu/phd_simulation/sensitivity_analysis/data/04163_stress.csv,2.434811763863332,0.05734907472428416,1.4891445035156707,0.06381506293384037,4409.461511538462,3753.53369787234,0.24099841993889431
4164,material_r_cable,3,True,0.9514357504575924,1.0859424395327288,41.41759532519549,232.6629564355729,9209.96522006265,2.801878221160746,0.3569034487108172,25805.200967741475,0.4363271296132338,0.03116466,5217.81103891,2472.54071218,438.18705696,0.0,116.53059736,1.2337446889322945,1.3234153514354672,/home/chaoyu/phd_simulation/sensitivity_analysis/data/04164_verts.csv,/home/chaoyu/phd_simulation/sensitivity_analysis/data/04164_stress.csv,0.9719474603403586,0.054821847453898225,0.7337639785106763,0.05979049709992775,2335.523747826087,2454.009614893617,0.13963879024585915
4165,material_r_cable,3,True,1.2413962909859566,0.9961752084791946,44.82052515298171,241.57700683722652,19131.39266582344,1.2133287391996057,0.8241789448255121,23212.668542356136,0.2483849545089179,0.01202693,8460.62706397,5063.24943587,1265.105778,161.51052264,283.58004301,1.210937383470519,1.274206771998638,/home/chaoyu/phd_simulation/sensitivity_analysis/data/04165_verts.csv,/home/chaoyu/phd_simulation/sensitivity_analysis/data/04165_stress.csv,,0.05753518341090552,,0.059557244906791144,5376.170580851063,5245.978239583334,
4166,material_r_cable,3,True,1.148014212849351,1.0458786816024352,77.04665013740195,403.7635035543868,19669.810424972275,3.86246498331314,0.2589020235316726,75973.95399486316,0.1863286192429328,0.02407963,5771.97883786,4461.77604507,0.0,238.52806885,261.51514838,1.3309789573941868,1.277231531397581,/home/chaoyu/phd_simulation/sensitivity_analysis/data/04166_verts.csv,/home/chaoyu/phd_simulation/sensitivity_analysis/data/04166_stress.csv,0.881786333438908,0.053619257321550325,0.6357904904945538,0.0547192011365668,4472.660026666666,4362.088683333333,0.16209778580220321
4168,material_r_cable,3,True,0.8059697770684846,0.9508083304418442,10.491071044182217,776.2839514198397,8188.184911796862,1.6436516323278054,0.6084014278522998,13458.52349607682,0.1326231968203599,0.25443305,2684.45030699,1227.64219557,322.68246528,227.33217359,53.94346891,1.385411193539707,1.3424359825091792,/home/chaoyu/phd_simulation/sensitivity_analysis/data/04168_verts.csv,/home/chaoyu/phd_simulation/sensitivity_analysis/data/04168_stress.csv,,0.10825770335912417,,0.057356404362737014,1123.6822952380953,1344.6920434782608,
4169,material_r_cable,3,True,1.0300118341009654,1.177389160075461,89.8381698940308,1718.2745683195778,13585.711867791895,3.13359438135036,0.3191223490671022,42572.11037555759,0.4677265917758254,0.05742995,10225.96885003,10101.11045982,0.0,0.0,536.17669956,1.3118250172931687,1.326429862566228,/home/chaoyu/phd_simulation/sensitivity_analysis/data/04169_verts.csv,/home/chaoyu/phd_simulation/sensitivity_analysis/data/04169_stress.csv,1.0475229119900544,0.052826102244402526,0.8405343587966637,0.05542784478787104,10207.776520000001,10076.63545625,0.10963044204010954
4170,material_r_cable,3,True,1.2064108144880543,1.0825414256339108,28.7579301365058,1661.4023622368306,14460.51791712979,4.144098486203398,0.2413070064162849,59925.81041009467,0.1954457099974111,0.06568675,11445.248188,6465.00761386,0.0,1192.6913395,341.19908248,1.3700058466967646,1.2278972256152725,/home/chaoyu/phd_simulation/sensitivity_analysis/data/04170_verts.csv,/home/chaoyu/phd_simulation/sensitivity_analysis/data/04170_stress.csv,1.1587101141103109,0.05593687234692779,0.8799625352805059,0.05411398980454452,6474.144662222221,7086.098823404258,0.13672993499623323
4172,material_r_cable,3,True,1.3820170063306332,0.8299934061652365,73.7642278843838,269.77143443599755,18905.37745152849,1.657367531516473,0.6033664718199293,31333.15875922696,0.4454449796017444,0.01003396,8597.54642157,8594.63305204,0.0,0.0,563.38163208,1.3490188587436762,1.3880911717757554,/home/chaoyu/phd_simulation/sensitivity_analysis/data/04172_verts.csv,/home/chaoyu/phd_simulation/sensitivity_analysis/data/04172_stress.csv,,0.052854056212101035,,0.05529075453552219,8593.867615555555,8595.852054166668,
4173,material_r_cable,3,True,1.3243046502001654,1.0831836531332006,49.226808535768825,1572.707019598411,6104.582062812491,1.5729390158936465,0.6357525561357267,9602.135302322284,0.4700476185458345,0.11846958,3684.49667486,3522.89514329,0.0,0.0,211.6856708,1.392170574616559,1.3894973045893433,/home/chaoyu/phd_simulation/sensitivity_analysis/data/04173_verts.csv,/home/chaoyu/phd_simulation/sensitivity_analysis/data/04173_stress.csv,1.351216393326303,0.052833004337729694,1.1376061906549333,0.05523715723027947,3570.8135133333335,3577.5622914893615,0.08582781434330644
4174,material_r_cable,3,True,0.8966524702836516,1.0233767444806523,47.98573897952234,772.6035576674666,5140.988024710327,2.399207999672016,0.4168042121136246,12334.299595103052,0.3979983927016576,0.16774563,3173.21190364,1166.53305963,136.50313594,597.69752958,48.17666243,1.3274834944166771,1.253280765914954,/home/chaoyu/phd_simulation/sensitivity_analysis/data/04174_verts.csv,/home/chaoyu/phd_simulation/sensitivity_analysis/data/04174_stress.csv,1.7366011609049976,0.06102656382545869,3.355260069534727,0.05614670394756697,1136.5735727272727,1445.8036280000001,-0.3178914026472683
4175,material_r_cable,3,True,1.3836498161042354,1.3811528502785992,79.21643467602699,1186.1495252275104,15017.244171453314,2.1742267626306497,0.4599336266057528,32650.894178532933,0.1795162668845315,0.02062916,21272.9580708,15050.85649592,145.68082236,2235.44921517,834.2992834,1.281401851836086,1.2098336019242328,/home/chaoyu/phd_simulation/sensitivity_analysis/data/04175_verts.csv,/home/chaoyu/phd_simulation/sensitivity_analysis/data/04175_stress.csv,0.8585938933164712,0.05477158756658928,0.6229544960184902,0.05374738260480401,14967.306042222222,14353.862565957448,0.1590494100592658
4176,material_r_cable,3,True,0.9317410245418952,1.2828730439666818,76.81378617148096,1685.5947088328562,4572.222380944855,1.1995204651032196,0.8336664768065872,5484.474316946323,0.4613305362791585,0.16519944,3624.48119058,2377.69695526,180.89188747,488.63261249,139.79953562,1.3028115492168424,1.279353639222376,/home/chaoyu/phd_simulation/sensitivity_analysis/data/04176_verts.csv,/home/chaoyu/phd_simulation/sensitivity_analysis/data/04176_stress.csv,1.0550701647126575,0.05545565075772917,1.4903657573603644,0.05541623482846475,2411.529971111111,2252.076922222222,-0.17101023399292603
4177,material_r_cable,3,True,0.8822544369775279,1.3221023543793662,26.163126027264475,472.4518303393253,4236.962024908096,1.9752275939980848,0.5062707725624096,8368.964306320473,0.4819363407283896,0.03988639,3676.25476827,3384.06938472,0.0,78.50551189,220.56149409,1.3054630209106222,1.2669333978210924,/home/chaoyu/phd_simulation/sensitivity_analysis/data/04177_verts.csv,/home/chaoyu/phd_simulation/sensitivity_analysis/data/04177_stress.csv,0.9690761301313725,0.05381379328063461,0.7006084288555239,0.05485296252707146,3384.897466666666,3393.9220687499997,0.16078947357502366
4178,material_r_cable,3,True,0.8594114211351006,1.3752747916120054,33.3995630811272,1687.722388996693,3036.7493401298493,3.1241226870814782,0.3200898620707464,9487.17750847937,0.2282719242861949,0.08312602,6357.271845,4500.05236058,456.73989297,1362.45616558,288.90058412,1.2443073165486815,1.2030503157608623,/home/chaoyu/phd_simulation/sensitivity_analysis/data/04178_verts.csv,/home/chaoyu/phd_simulation/sensitivity_analysis/data/04178_stress.csv,1.1632860270426852,0.06243771032652123,1.7191330309139097,0.05667444702131571,4278.2502,4609.793766666667,-0.19284045542818318
4179,material_r_cable,3,True,1.152667510423191,1.0804416109398525,3.827671212882606,614.593353446924,1348.4203615385943,2.4340473211170988,0.4108383560682185,3282.118968742766,0.2320358072388428,0.21403255,1170.82136687,680.49494184,172.90723002,70.25895949,26.98959512,1.3252436784118928,1.3545435279310736,/home/chaoyu/phd_simulation/sensitivity_analysis/data/04179_verts.csv,/home/chaoyu/phd_simulation/sensitivity_analysis/data/04179_stress.csv,1.787219447068971,0.057343592363341876,1.2195369701220249,0.05643433661445611,581.6066090909092,758.4190444444446,0.18880228331807888
4180,material_r_cable,3,True,0.9502000320285616,1.0900613167746287,60.84562224309983,1246.7699101302258,2553.8919083369847,3.6138715776828505,0.2767115484057079,9229.437380013243,0.2148784328011607,0.21197659,2717.07737129,1792.43955252,307.80555385,194.87646026,79.08801303,1.3108393012115291,1.352700875770843,/home/chaoyu/phd_simulation/sensitivity_analysis/data/04180_verts.csv,/home/chaoyu/phd_simulation/sensitivity_analysis/data/04180_stress.csv,1.9372025352985534,0.05562460616392609,1.5848140421076664,0.05842246743417282,1919.9826068181815,1741.1550755555554,0.10005304786225697
4181,material_r_cable,3,True,1.1030999621781814,1.164840477920244,18.65157143827942,1864.951679318341,2413.0652785166294,4.573414784395019,0.2186549978830057,11035.948420478237,0.2758788409915241,0.19958811,4889.5737539,3110.77677472,465.47412029,0.0,132.53048652,1.312011504934915,1.3960451620025631,/home/chaoyu/phd_simulation/sensitivity_analysis/data/04181_verts.csv,/home/chaoyu/phd_simulation/sensitivity_analysis/data/04181_stress.csv,1.4732275638138062,0.05728744978478632,1.4792653475582003,0.058091749357602834,2563.193823255814,3365.9606909090903,-0.0020449782355576925
4183,material_r_cable,3,True,0.9422814907522088,1.302268409956392,12.007661383147177,1013.4843051094028,16800.69781016047,4.433820190478881,0.2255391416520193,74491.27316482381,0.1175278926053825,0.01492883,25849.99611789,25831.52848885,0.0,0.0,1412.51344482,1.3196916378334906,1.3892240705194236,/home/chaoyu/phd_simulation/sensitivity_analysis/data/04183_verts.csv,/home/chaoyu/phd_simulation/sensitivity_analysis/data/04183_stress.csv,,0.052871076610289724,,0.05527552132171653,25826.557335555557,25842.729470833332,
4186,material_r_cable,3,True,1.228012458184872,1.0582953856853203,75.47877597419948,705.4942377228526,3736.7582169594825,2.97803652290762,0.3357917179013122,11128.202447380494,0.4658557770341576,0.07112869,3319.6320915,1906.21514712,674.34801003,290.21091254,108.55136129,1.2153238567908158,1.2458337619735829,/home/chaoyu/phd_simulation/sensitivity_analysis/data/04186_verts.csv,/home/chaoyu/phd_simulation/sensitivity_analysis/data/04186_stress.csv,1.376749974840854,0.05757481648782554,0.9125272441727089,0.05777224896818723,1750.6435020408164,1865.3885340425536,0.20278135247778167
4187,material_r_cable,3,True,1.1110882918813203,1.0314819920080682,7.401561381370118,1808.027847516515,10978.264511742353,3.111941072438664,0.321342845742369,34163.71223818682,0.2335144037494412,0.13953246,4961.45459084,2921.0287464,385.45312503,541.35241016,143.5168867,1.3021351282060565,1.275045333303828,/home/chaoyu/phd_simulation/sensitivity_analysis/data/04187_verts.csv,/home/chaoyu/phd_simulation/sensitivity_analysis/data/04187_stress.csv,1.1839352951999502,0.055393976521013195,1.1694605022855027,0.054735674505148865,2538.2196577777777,3338.4472608695655,0.0061505986073033285
4189,material_r_cable,3,True,0.8219879669249945,1.215955183550059,68.62407110716187,1318.76839565318,8345.496762149984,4.537413177368416,0.2203898919736409,37866.966980264784,0.4160685544105732,0.04522484,11803.00004235,9468.19283505,0.0,446.84614697,565.08687546,1.385574107316312,1.2571411789292732,/home/chaoyu/phd_simulation/sensitivity_analysis/data/04189_verts.csv,/home/chaoyu/phd_simulation/sensitivity_analysis/data/04189_stress.csv,0.9869333349278627,0.05324460364636877,0.7580748661476282,0.054346409615106325,9586.779026666667,9234.644610416666,0.1311503685995192
4191,material_r_cable,3,True,1.0358109985307045,1.129385344472191,0.7987187602299137,1855.293078302669,16581.159503557454,2.7654912912522507,0.3615994030294656,45855.05220595264,0.2888832126285156,0.06557881,11818.27710991,7154.61514815,1152.51011707,1331.80913768,353.6945295,1.2398357334053791,1.21485562549171,/home/chaoyu/phd_simulation/sensitivity_analysis/data/04191_verts.csv,/home/chaoyu/phd_simulation/sensitivity_analysis/data/04191_stress.csv,1.0945441524172266,0.05766392099122205,1.0796104518070733,0.054747060688710006,5724.249537777779,7760.677289361702,0.006868739040516116
4192,material_r_cable,3,True,1.1807765353591213,1.327276522811216,11.190649497559516,1553.990561895954,4850.399894737566,3.003178846751718,0.3329805020042727,14566.61836216262,0.1352941553120016,0.09251738,7227.04855085,5635.63404734,410.7522279,0.0,281.12094736,1.2635262066516595,1.3749874960110609,/home/chaoyu/phd_simulation/sensitivity_analysis/data/04192_verts.csv,/home/chaoyu/phd_simulation/sensitivity_analysis/data/04192_stress.csv,1.0859094682444352,0.05397113134691766,1.014053186186132,0.056498450658066024,5053.165206666666,5740.62992826087,0.03421788568796624
4193,material_r_cable,3,True,1.117006322218406,1.2097081728043038,77.91965686491676,995.7054727754668,3149.158251493515,2.690131335072637,0.3717290628016861,8471.649291445261,0.3437721746415523,0.10713133,3997.14289173,2460.01795788,84.87556697,483.65708045,125.22720246,1.2893564289072803,1.2427632562629054,/home/chaoyu/phd_simulation/sensitivity_analysis/data/04193_verts.csv,/home/chaoyu/phd_simulation/sensitivity_analysis/data/04193_stress.csv,1.1303844786724027,0.055310034452367283,1.1659043342875122,0.05429249306620192,2482.331104444444,2301.755867391304,-0.0154683746289407
4194,material_r_cable,3,True,1.1234259869547647,1.1408085720158794,25.803195476847694,1983.237808586806,18774.63102132748,4.594798495804531,0.2176374004024531,86265.6463760806,0.2948345552900092,0.04216194,21309.40365254,14697.11031655,0.0,1723.77554908,707.5734963,1.3934132886998922,1.2150962699993089,/home/chaoyu/phd_simulation/sensitivity_analysis/data/04194_verts.csv,/home/chaoyu/phd_simulation/sensitivity_analysis/data/04194_stress.csv,1.01541505000581,0.056155748299767216,0.7477950602936912,0.05453644987911403,14733.445804444447,15352.610855319153,0.1517799768438603
4195,material_r_cable,3,True,1.3655850199517614,1.0414487233660563,82.21852236601744,1871.1524374329535,11410.93722562427,2.0356957076208406,0.4912325532035043,23229.19593013419,0.1458861093946029,0.08227225,8016.39815381,4853.48847994,1078.26909332,664.9638812,296.23196283,1.233399968038444,1.2467820862580838,/home/chaoyu/phd_simulation/sensitivity_analysis/data/04195_verts.csv,/home/chaoyu/phd_simulation/sensitivity_analysis/data/04195_stress.csv,1.1483172589887594,0.05769164345179168,0.9150810842063358,0.05520528290956941,4363.409486666667,5363.037895744681,0.11303497240443938
4196,material_r_cable,3,True,1.3844882088920487,1.1443094631171955,41.53021640445378,965.3098691594304,15341.051709413956,2.616633841658168,0.3821703992662181,40141.915069480434,0.2252170141461546,0.02476823,13562.25108633,8996.99468319,1512.67901576,0.0,554.31368669,1.2202062524518842,1.397684527928148,/home/chaoyu/phd_simulation/sensitivity_analysis/data/04196_verts.csv,/home/chaoyu/phd_simulation/sensitivity_analysis/data/04196_stress.csv,0.830090735882901,0.055053195182113074,0.674103354154553,0.05823203855023628,8478.574830434782,9077.478345833333,0.10370163183161024
4197,material_r_cable,3,True,1.0958631373949412,1.2321005209096016,70.97974397106698,1784.825707939617,18686.252469429448,1.9851281351143564,0.5037458198850189,37094.60551691452,0.4311972796449296,0.03792671,16177.57414221,11747.83533243,1875.08538361,367.20010585,668.56224889,1.2071546955329973,1.2706763340640743,/home/chaoyu/phd_simulation/sensitivity_analysis/data/04197_verts.csv,/home/chaoyu/phd_simulation/sensitivity_analysis/data/04197_stress.csv,0.9390143905302201,0.0574156040987299,0.7464985110430729,0.058358813763741774,11398.1059,11533.40860625,0.1142179803592419
4198,material_r_cable,3,True,0.9676626382167096,1.0024278637919113,24.938362605117995,1126.261450269853,2862.7290406090647,2.585273490697543,0.3868062715988264,7400.937499736625,0.4165714601974408,0.20350322,2742.5588066,984.27134312,1119.15285871,123.88251154,34.59228525,1.2534084112491148,1.3556528880095875,/home/chaoyu/phd_simulation/sensitivity_analysis/data/04198_verts.csv,/home/chaoyu/phd_simulation/sensitivity_analysis/data/04198_stress.csv,5.742476647696406,0.05707815030419495,1.891982519714949,0.06307741300256099,1000.144997826087,1095.9824266666667,0.5043571579264938
4200,material_r_cable,3,True,1.099006834666964,0.8763408305975907,86.31392064542646,1167.1927801317777,8001.642101382978,1.0891264010393304,0.9181670732118156,8714.799664284028,0.3475698005367331,0.19230768,3710.12525972,1586.10959618,182.94322415,684.23918189,75.05418131,1.3624368216668097,1.2522169964027468,/home/chaoyu/phd_simulation/sensitivity_analysis/data/04200_verts.csv,/home/chaoyu/phd_simulation/sensitivity_analysis/data/04200_stress.csv,2.182098002754789,0.061145047879149796,4.527740193005663,0.057502267324470835,1286.7428860465116,1898.1509102040816,-0.3495825267042871
4201,material_r_cable,3,True,1.3491962543546538,0.974551629646565,32.71351470367304,1659.6232200553363,9051.49152375268,2.938962585024013,0.340256117956612,26601.99492697112,0.3250762217179948,0.0816588,7476.33929769,3873.32345773,0.0,2156.41760731,248.74781835,1.3207590916044634,1.200869137821048,/home/chaoyu/phd_simulation/sensitivity_analysis/data/04201_verts.csv,/home/chaoyu/phd_simulation/sensitivity_analysis/data/04201_stress.csv,1.378154430196286,0.05861796243158398,1.8170996136880693,0.05640392541745858,3729.583702222222,4095.7962062499996,-0.13737411093553406
4202,material_r_cable,3,True,1.0317869135186335,1.0975667333694763,14.626553139994028,222.84154921384308,16373.68371222877,1.3082136838203715,0.7644011160926735,21420.27708688442,0.4376024765095236,0.0204618,4138.87815292,2716.38367009,41.09230963,402.90534212,155.81391157,1.2859861048534664,1.2401521021624708,/home/chaoyu/phd_simulation/sensitivity_analysis/data/04202_verts.csv,/home/chaoyu/phd_simulation/sensitivity_analysis/data/04202_stress.csv,0.8658217437114498,0.055653179172248636,0.6257742976906785,0.054163369790927826,2610.0334022222223,2861.050670212766,0.1609332817718678
4203,material_r_cable,3,True,1.2458899020192316,1.1262591290919184,1.9240844083421915,824.1105957568356,4140.853324067864,3.4874505567076515,0.2867424164843374,14441.021230265203,0.1503601897546158,0.09735919,3183.31624001,2294.3721787,0.0,282.54840662,117.44328738,1.3430567523022772,1.254526505489381,/home/chaoyu/phd_simulation/sensitivity_analysis/data/04203_verts.csv,/home/chaoyu/phd_simulation/sensitivity_analysis/data/04203_stress.csv,1.3170397001789804,0.055227377588065285,0.8869382131395157,0.054019568297120985,2275.1310044444444,2440.9735148936165,0.19514782087442403
4204,material_r_cable,3,True,1.1129617089079331,1.2795678082898625,8.152233146329186,971.5423238666582,13699.959898687712,2.950956307541996,0.3388731976289245,40427.9830761049,0.139538333225502,0.02704453,15259.98508057,12487.33484325,672.08224424,0.0,634.80017479,1.2538661338534958,1.3690275550757915,/home/chaoyu/phd_simulation/sensitivity_analysis/data/04204_verts.csv,/home/chaoyu/phd_simulation/sensitivity_analysis/data/04204_stress.csv,0.860990381327847,0.053608223331540375,0.6746694965963548,0.05618581501949243,11456.257124444444,12436.553954166668,0.12132952576930502
4205,material_r_cable,3,True,1.134367543397665,1.36154405899634,48.44758306042602,294.37758515879545,9685.504182451048,1.931468307328816,0.5177408276416304,18707.24436890489,0.1978721769393058,0.00978813,11965.14355926,7826.40813622,345.95817969,1291.46953275,437.57632298,1.254303948586937,1.208661346499043,/home/chaoyu/phd_simulation/sensitivity_analysis/data/04205_verts.csv,/home/chaoyu/phd_simulation/sensitivity_analysis/data/04205_stress.csv,,0.05591797094857797,,0.05482783987283876,7697.772327083333,7884.316693617022,
4206,material_r_cable,3,True,1.0619062620575166,1.1464435802646047,65.14539009882222,834.6583612577214,14336.924015268403,1.4770226537534377,0.6770376862255845,21175.961555693128,0.2978818206440885,0.05800287,5750.71517917,3706.9512512,610.19541477,0.0,205.2150296,1.2358282614041676,1.392303164219167,/home/chaoyu/phd_simulation/sensitivity_analysis/data/04206_verts.csv,/home/chaoyu/phd_simulation/sensitivity_analysis/data/04206_stress.csv,0.9959760021675196,0.05468089758225587,0.8893824346036057,0.059182666720140366,3750.3471978260873,3741.021420833333,0.05653756096716899
4207,material_r_cable,3,True,1.237957331953791,1.229451407616289,72.81623009121411,1999.361333692921,12899.711356221493,3.609294079105694,0.2770624886980056,46558.85182018272,0.1586634301972794,0.05888044,12159.14650547,12023.33898348,0.0,0.0,587.08730147,1.3008302479773028,1.3143951840100778,/home/chaoyu/phd_simulation/sensitivity_analysis/data/04207_verts.csv,/home/chaoyu/phd_simulation/sensitivity_analysis/data/04207_stress.csv,1.0571126566665034,0.05285014931837662,0.8464207625347914,0.05537483457306786,12119.723866666665,12014.92160625,0.11068463101641601
4208,material_r_cable,3,True,1.197508932489713,1.2405993267256232,81.75557303792436,1252.241257180003,13441.019789764838,4.7186938574135056,0.2119230512123407,63424.057519336704,0.1337138292281776,0.02811089,19816.78822017,16734.8517568,0.0,497.5048162,785.66999915,1.3328183929562132,1.2677591430762465,/home/chaoyu/phd_simulation/sensitivity_analysis/data/04208_verts.csv,/home/chaoyu/phd_simulation/sensitivity_analysis/data/04208_stress.csv,0.9014851957643695,0.053258860769236915,0.6720824115485663,0.05445153660739065,16803.44218,16284.29569375,0.1457851465356085
4209,material_r_cable,3,True,0.9864637417430712,1.1592952282869575,89.75767931209931,1579.4010032034355,15821.52476181611,1.482295566099672,0.6746292864055956,23452.17600337619,0.437107153417531,0.09191808,6291.64755591,4834.34863762,240.12976676,300.21803564,263.54053723,1.2783207847815077,1.2807808464148225,/home/chaoyu/phd_simulation/sensitivity_analysis/data/04209_verts.csv,/home/chaoyu/phd_simulation/sensitivity_analysis/data/04209_stress.csv,0.9837995575643794,0.05391053019894965,0.9810583148202988,0.055772475906100225,4834.043995555556,4626.401595833334,0.001395135384908863
4210,material_r_cable,3,True,0.8119163211793181,1.1418488629731731,39.5710195254563,1367.975931762239,1926.7234431735171,4.809699820184635,0.2079131832309676,9266.961398177187,0.2463966673265719,0.19403905,3483.88853992,2237.95358986,278.7289733,164.2072713,121.95584999,1.3116419712409753,1.3191451353727186,/home/chaoyu/phd_simulation/sensitivity_analysis/data/04210_verts.csv,/home/chaoyu/phd_simulation/sensitivity_analysis/data/04210_stress.csv,1.6411921817253037,0.056440991316734405,1.2579298736828364,0.05591063511536928,2156.569697619048,2307.148765217392,0.13219943856020627
4211,material_r_cable,3,True,0.9611335475915412,1.2728947656234677,5.729815732823918,1027.4218430313183,18567.210661068024,3.4583371883960625,0.2891563041785953,64211.67511395539,0.340574707087743,0.01506827,25636.61483408,20677.68082977,1155.5598652,883.5018191,1165.87214868,1.2454710008149517,1.2332964805580415,/home/chaoyu/phd_simulation/sensitivity_analysis/data/04211_verts.csv,/home/chaoyu/phd_simulation/sensitivity_analysis/data/04211_stress.csv,,0.0558530765443433,,0.05479606964007488,19087.294375555557,20746.786010416665,
4212,material_r_cable,3,True,1.3681397282854495,1.0477707349516296,79.0209807789242,1290.1561357302485,5879.007874021559,2.7789180939637936,0.3598522756651743,16337.281355674124,0.4768459649329,0.07821877,5181.39125756,3921.51660749,445.76956046,0.0,244.13893336,1.249020074532255,1.3562917338355045,/home/chaoyu/phd_simulation/sensitivity_analysis/data/04212_verts.csv,/home/chaoyu/phd_simulation/sensitivity_analysis/data/04212_stress.csv,0.976490983458725,0.054319999550649485,0.9533764741383762,0.057052131189088126,3583.23374,3976.762070833333,0.011977252235305774
4213,material_r_cable,3,True,1.0409390012040998,1.1093709310395894,89.24693155707523,1339.964899116192,16966.51574621818,1.9907811723910995,0.5023153794441978,33776.62010864828,0.1643988903039373,0.08223555,7768.76168744,4291.70712193,993.91704729,195.01613878,209.6440795,1.22774927996854,1.29218529842951,/home/chaoyu/phd_simulation/sensitivity_analysis/data/04213_verts.csv,/home/chaoyu/phd_simulation/sensitivity_analysis/data/04213_stress.csv,1.5096391756705065,0.056278777749107875,1.038562140407142,0.06086151699660721,5179.257346808511,4214.418595833334,0.184866490842441
4215,material_r_cable,3,True,1.2305496653502708,1.2594327017261846,51.05620528596977,899.2544812218547,2518.850679845188,1.0702840482626177,0.934331406343289,2695.885702593754,0.3972472623514569,0.10035859,2186.88798836,1384.06487172,1124.90487692,271.4088906,77.20652561,1.2077868049418097,1.2436736043665328,/home/chaoyu/phd_simulation/sensitivity_analysis/data/04215_verts.csv,/home/chaoyu/phd_simulation/sensitivity_analysis/data/04215_stress.csv,2.6814410938684796,0.0561746631982349,1.3352135500778792,0.060508614271229166,1257.134314,1370.5137638297874,0.3351613875540799
4217,material_r_cable,3,True,0.8004039228444162,1.3738956072937274,43.57882215781769,474.5124226743929,3128.328936314781,3.5791817057028634,0.2793934709731716,11196.857698278764,0.4069952874020893,0.02523715,5840.59086527,5184.83790411,138.50575374,5.4176225,368.76622964,1.2630176786744556,1.2917215238930049,/home/chaoyu/phd_simulation/sensitivity_analysis/data/04217_verts.csv,/home/chaoyu/phd_simulation/sensitivity_analysis/data/04217_stress.csv,0.866348486869605,0.05363096203632184,0.6671160911230344,0.05596560825856015,5066.112197777778,5176.563322916666,0.12992305046091968
4218,material_r_cable,3,True,1.270581106275565,0.9677547825550004,45.25204875753006,1494.571654167554,16494.726034110154,3.6431613113064114,0.2744868850293667,60092.94772806875,0.1723645250816093,0.08988634,8390.31372579,5237.0794338,558.4916877,0.0,281.42291654,1.2694646827788942,1.3599604978066533,/home/chaoyu/phd_simulation/sensitivity_analysis/data/04218_verts.csv,/home/chaoyu/phd_simulation/sensitivity_analysis/data/04218_stress.csv,1.0879973573204735,0.053626336856380505,1.0353590182260552,0.05809996940971177,5513.410186666667,5389.003810416667,0.024790157554626106
4220,material_r_cable,3,True,0.8027343572419552,1.3923519231878232,1.8334406454322931,1682.1841665076977,9509.70657019004,1.0302319902076438,0.9706551626284188,9797.20392609759,0.3769662541102804,0.10102432,5025.81252826,4862.90600817,0.0,35.79144969,336.34779978,1.3284019421207445,1.3060585526394175,/home/chaoyu/phd_simulation/sensitivity_analysis/data/04220_verts.csv,/home/chaoyu/phd_simulation/sensitivity_analysis/data/04220_stress.csv,1.3233019090397113,0.054009046244676534,0.9015686002033485,0.05498928224439107,4816.246933333333,4941.889104255319,0.18955409183784092
4221,material_r_cable,3,True,0.8901917641262935,1.1157087278010438,6.473769924335581,578.0194756370213,18014.389497104312,1.3362462397425794,0.7483650619609187,24071.66022676385,0.2061568457554851,0.00436268,5893.31014464,3549.28089196,0.0,284.05728725,144.75305355,1.3199276490272775,1.242021349374571,/home/chaoyu/phd_simulation/sensitivity_analysis/data/04221_verts.csv,/home/chaoyu/phd_simulation/sensitivity_analysis/data/04221_stress.csv,,0.25268271722195806,,0.09972080680882457,3535.889944444444,4018.82434375,
4222,material_r_cable,3,True,1.0197222594178832,1.205619906429616,80.9016148216401,1395.8730445803674,12145.3210881822,4.25944388013983,0.234772432303339,51732.3135813909,0.2095525741281364,0.04005794,14125.90479353,11933.27931398,732.37833715,201.49612418,591.06521567,1.231158606004849,1.2812054793097698,/home/chaoyu/phd_simulation/sensitivity_analysis/data/04222_verts.csv,/home/chaoyu/phd_simulation/sensitivity_analysis/data/04222_stress.csv,0.9175964290655004,0.054084361964481555,0.7729267754544449,0.0588279325171114,12263.258797999997,11778.579735416666,0.08557685172510668
4223,material_r_cable,3,True,1.0775081056464535,1.384818487260505,50.68762786948193,711.9606326488816,11671.089396017587,4.8684577528173065,0.205403856985575,56820.20565386568,0.2798233713488877,0.00937369,26930.59812747,26924.92729314,0.0,0.0,1478.75272473,1.328904986829433,1.394377912857766,/home/chaoyu/phd_simulation/sensitivity_analysis/data/04223_verts.csv,/home/chaoyu/phd_simulation/sensitivity_analysis/data/04223_stress.csv,,0.05281568835269062,,0.055271189859466247,26927.073766666672,26925.901802083335,
4224,material_r_cable,3,True,1.247969123411837,1.0503630078371198,60.15867627355429,1462.224797482521,9273.642723621831,2.1465674029104607,0.4658600510955922,19906.49917676441,0.2678264364415262,0.10386399,4727.55317722,3144.98398344,76.080747,607.94650974,185.81066452,1.307128599548971,1.2507497284016194,/home/chaoyu/phd_simulation/sensitivity_analysis/data/04224_verts.csv,/home/chaoyu/phd_simulation/sensitivity_analysis/data/04224_stress.csv,1.2936504044644836,0.05553360978928557,1.031676722915982,0.05393265194648734,3044.1280511111104,3307.069293478261,0.11266100088189354
4225,material_r_cable,3,True,0.8396916353221764,1.3993123677421293,44.109574585308245,391.441215870358,8012.294527213005,4.044707583482143,0.247236661578162,32407.38843531092,0.2905116555330185,0.00697394,19738.46018129,15691.21075491,978.47643584,0.0,1064.00584796,1.2289241718781492,1.2954754229490073,/home/chaoyu/phd_simulation/sensitivity_analysis/data/04225_verts.csv,/home/chaoyu/phd_simulation/sensitivity_analysis/data/04225_stress.csv,,0.05433553795689061,,0.056893503045630435,15118.625125531913,15634.549323404255,
4226,material_r_cable,3,True,0.9380744693512194,1.2606538619705323,25.896295793004622,1829.3975595639229,2044.828169833042,2.080014383267094,0.4807659062574811,4253.272004562456,0.2241753682121649,0.22568299,3051.0324775,1920.37603323,399.43312437,679.3875001,101.68790456,1.3472527507713372,1.286020775227091,/home/chaoyu/phd_simulation/sensitivity_analysis/data/04226_verts.csv,/home/chaoyu/phd_simulation/sensitivity_analysis/data/04226_stress.csv,2.194132574526684,0.0596332526998071,3.4822561363096423,0.05474485455262318,1720.4588902439027,2016.3902142857141,-0.22692659495356748
4227,material_r_cable,3,True,1.241903038410246,1.1676554210112111,68.10487143256309,1975.616814447323,6941.97046422423,1.1226596138034195,0.890741937898821,7793.469880400721,0.2429307167724729,0.1354574,4541.48214566,2769.84628516,547.00148588,943.47838237,146.01438955,1.2665454193097438,1.2424433085479127,/home/chaoyu/phd_simulation/sensitivity_analysis/data/04227_verts.csv,/home/chaoyu/phd_simulation/sensitivity_analysis/data/04227_stress.csv,1.3263300445465327,0.05845544008604888,1.630116548178707,0.054904714761260257,2552.4172272727274,2914.5473086956517,-0.10275392911872128
4228,material_r_cable,3,True,0.8855940661778451,1.3087768190936626,72.93091625730084,1917.8832685848165,16447.171697947233,4.917924658297766,0.2033378039480028,80885.95125259183,0.3607396852823687,0.02101992,30112.45890472,30072.44606633,0.0,0.0,1837.45355102,1.3314573012557118,1.3176554597884822,/home/chaoyu/phd_simulation/sensitivity_analysis/data/04228_verts.csv,/home/chaoyu/phd_simulation/sensitivity_analysis/data/04228_stress.csv,0.8621094759908713,0.05283315954649371,0.6430415394288507,0.05527760701801866,30101.45335777777,30064.85936666666,0.1455454863450575
4229,material_r_cable,3,True,1.1006676529863046,0.9388843703678842,34.1701486152868,758.9227918214175,7498.266790785165,3.029595145791364,0.3300771066355761,22716.712671211324,0.4205183063873806,0.13460124,3850.30779493,1248.33905873,0.0,946.39457517,56.46840541,1.3652032373011618,1.2281367370656298,/home/chaoyu/phd_simulation/sensitivity_analysis/data/04229_verts.csv,/home/chaoyu/phd_simulation/sensitivity_analysis/data/04229_stress.csv,1.879109768362057,0.06185182420736939,4.090964483303516,0.06066525662522296,1144.3861727272729,1631.0679978723408,-0.3704903191655246
4230,material_r_cable,3,True,1.2535733249540824,1.30566864527778,22.45744826930681,688.7021003148702,1073.7402847070923,3.0414228869632467,0.3287934750167099,3265.698276562584,0.174862503120365,0.13588922,1815.97784701,1324.77026984,52.88443428,360.21142483,61.22948831,1.3165115840778692,1.2370035272898223,/home/chaoyu/phd_simulation/sensitivity_analysis/data/04230_verts.csv,/home/chaoyu/phd_simulation/sensitivity_analysis/data/04230_stress.csv,1.4836421293865316,0.059150171220663114,1.8532904213754622,0.05520291523713425,1254.200757777778,1402.503964,-0.11077487673657677
4231,material_r_cable,3,True,1.3469174718389123,0.865439345291145,12.582529699474886,274.7906952987284,14318.918120959735,3.9142434638948496,0.2554772101490474,56047.73166501218,0.4520941773275676,0.04178247,6918.37523432,6219.9971646,0.0,182.20564208,350.58348025,1.3725429586809774,1.2792052961802116,/home/chaoyu/phd_simulation/sensitivity_analysis/data/04231_verts.csv,/home/chaoyu/phd_simulation/sensitivity_analysis/data/04231_stress.csv,,0.08829457026498835,,0.1798463412426483,6213.6985934782615,5992.9508937499995,
4232,material_r_cable,3,True,1.294442868202364,0.8867821578409464,85.6953519574954,1565.4900234511222,9084.296033136225,3.3980234367922377,0.2942887294926983,30868.65082735564,0.46725097169427,0.1159346,8713.165835,3485.2714221,21.03149433,1092.60088107,201.7962635,1.3347816333983789,1.2253431536500978,/home/chaoyu/phd_simulation/sensitivity_analysis/data/04232_verts.csv,/home/chaoyu/phd_simulation/sensitivity_analysis/data/04232_stress.csv,1.8308332897722266,0.0646789923569185,2.7659522894395674,0.05616515625363804,3260.306004444445,4497.101893617021,-0.2034288925496683
4233,material_r_cable,3,True,1.0009160328348536,1.223580846134401,62.5997333080123,319.2508275996426,18930.10879025019,1.9543273861899957,0.5116849955981644,36995.63003234191,0.3044313619163986,0.01088229,13072.96418149,9280.35913342,0.0,750.13839083,504.22821177,1.3484921298704935,1.2411859570448338,/home/chaoyu/phd_simulation/sensitivity_analysis/data/04233_verts.csv,/home/chaoyu/phd_simulation/sensitivity_analysis/data/04233_stress.csv,,0.05391008263247455,,0.05404127961145596,9355.230595555557,9120.4099893617,
4234,material_r_cable,3,True,1.3788532903386903,1.3114970047021282,69.7957337160219,544.3714533186567,13525.9953489647,4.63885980363083,0.2155702138739569,62745.19612840991,0.2924079899871757,0.00768255,25429.98794554,25425.89555245,0.0,0.0,1228.89936647,1.3326660185817938,1.2987659964563905,/home/chaoyu/phd_simulation/sensitivity_analysis/data/04234_verts.csv,/home/chaoyu/phd_simulation/sensitivity_analysis/data/04234_stress.csv,,0.052829240057429214,,0.05526957688890918,25428.573124444447,25425.88052916667,
4235,material_r_cable,3,True,1.2407397808409937,0.8457509125665985,78.67136186340824,1240.8814248692804,3215.515400923512,1.5838700585515086,0.6313649245409226,5092.958566334001,0.1824153972082845,0.23302318,2261.98671031,1412.60417076,547.17684383,145.38566643,80.2325764,1.323043697211711,1.3553856478908557,/home/chaoyu/phd_simulation/sensitivity_analysis/data/04235_verts.csv,/home/chaoyu/phd_simulation/sensitivity_analysis/data/04235_stress.csv,3.6425212184786484,0.0597797553311279,1.9802453086234175,0.056395202419047115,1154.4905454545453,1602.670509090909,0.29563310193353454
4236,material_r_cable,3,True,0.9134460350869074,1.3465111515795063,2.766274282650829,1277.5043576173623,6859.89275964733,2.503955226222005,0.3993681634271116,17176.864326841427,0.4937184478865006,0.04472494,8444.20213144,7933.62769283,0.0,258.59206313,515.40418822,1.3657937990552833,1.2510022407572046,/home/chaoyu/phd_simulation/sensitivity_analysis/data/04236_verts.csv,/home/chaoyu/phd_simulation/sensitivity_analysis/data/04236_stress.csv,1.0033875120724005,0.05469888518079631,0.6480383996837721,0.05469815342065821,7914.0369511111085,7881.065735416666,0.21517714470807853
4237,material_r_cable,3,True,1.2677408170286042,1.1621973359276625,60.64424395156214,494.6015854329777,9979.364885404151,2.578127882246349,0.3878783542454417,25728.07885817059,0.2566195505181025,0.02416574,7427.39585603,5480.58117405,0.0,432.45251931,312.44409407,1.371217767435088,1.2501472642719835,/home/chaoyu/phd_simulation/sensitivity_analysis/data/04237_verts.csv,/home/chaoyu/phd_simulation/sensitivity_analysis/data/04237_stress.csv,0.8839176967956203,0.05400336052710759,0.624984318735809,0.05419222292078033,5491.668171111111,5339.883060416667,0.1716038386817424
4238,material_r_cable,3,True,1.109903331021981,0.9920033963967886,57.948303889291736,1919.7186911550004,5405.994101037984,4.107414049142175,0.2434621852181783,22204.65612018314,0.2289071909504248,0.20955971,4156.06754027,2071.65815871,548.26318725,343.58039845,76.56230841,1.3188612260459536,1.347061134876644,/home/chaoyu/phd_simulation/sensitivity_analysis/data/04238_verts.csv,/home/chaoyu/phd_simulation/sensitivity_analysis/data/04238_stress.csv,1.870086085467547,0.05835703890020024,1.459300510443749,0.0571260452950062,2182.760658139535,2196.083644444445,0.12338175912892464
4239,material_r_cable,3,True,1.2056598440106154,1.0644229289944778,13.684660861020848,1034.2407462590645,11015.144714748005,4.493733704720144,0.2225321004112051,49499.12706703306,0.4538146931618524,0.04305452,9258.57353753,6516.82450053,0.0,759.89473824,348.30880415,1.314898872177709,1.232003042336718,/home/chaoyu/phd_simulation/sensitivity_analysis/data/04239_verts.csv,/home/chaoyu/phd_simulation/sensitivity_analysis/data/04239_stress.csv,0.9998103578000294,0.05497450758421669,0.689756828640123,0.05408679698566703,6499.016866666664,6507.26774468085,0.18351062428785458
4241,material_r_cable,3,True,1.375071397949998,1.0384858661016154,44.57418581959944,252.8783311233092,17110.75715786565,3.037057588264833,0.3292660645830333,51966.35486725268,0.4324144405208289,0.00557463,15463.96083361,9953.91665072,1866.87619221,0.0,651.48685235,1.2124731536120992,1.3131914941288347,/home/chaoyu/phd_simulation/sensitivity_analysis/data/04241_verts.csv,/home/chaoyu/phd_simulation/sensitivity_analysis/data/04241_stress.csv,,0.05578044641098663,,0.058433262498431705,9048.129629787234,10077.672916666666,
4242,material_r_cable,3,True,1.1697326347882506,1.3401970744912042,88.28634761245748,1244.4683156710323,12319.55038647166,4.148020051393041,0.2410788731997974,51101.742027231325,0.3762927851224438,0.01807778,26999.25576764,23087.0754534,0.0,680.06178186,1220.76774161,1.3398087431558054,1.260697405056907,/home/chaoyu/phd_simulation/sensitivity_analysis/data/04242_verts.csv,/home/chaoyu/phd_simulation/sensitivity_analysis/data/04242_stress.csv,,0.053234221437310714,,0.054298723562443085,23103.349677777776,22580.17798333334,
4243,material_r_cable,3,True,0.8713257411324591,1.3264638075705717,46.33528703415321,390.6349188275341,15745.448832193377,3.462770155108214,0.288786132260271,54522.87029490271,0.463688294766753,0.00473645,30329.83594925,22589.69650513,1891.52662916,0.0,1471.94073682,1.2148396705161526,1.3035230539335754,/home/chaoyu/phd_simulation/sensitivity_analysis/data/04243_verts.csv,/home/chaoyu/phd_simulation/sensitivity_analysis/data/04243_stress.csv,,0.05488255048543594,,0.0573014034275376,21594.376391666665,22513.520606382972,
4244,material_r_cable,3,True,0.8337965987890885,1.2817185650997185,73.56510517592676,247.96518660485373,17790.65661252564,4.202161682708498,0.2379727567634787,74759.21552737981,0.3161281476244971,0.0034356,24213.25598298,24212.30644541,0.0,0.0,1490.73645631,1.356855645792121,1.3154027794949723,/home/chaoyu/phd_simulation/sensitivity_analysis/data/04244_verts.csv,/home/chaoyu/phd_simulation/sensitivity_analysis/data/04244_stress.csv,,0.052827534951651225,,0.05524810606468292,24212.953306666663,24212.11285,
4245,material_r_cable,3,True,0.8198649267260207,1.3369828423170973,50.84006672905976,1638.3395497597153,9753.150229793777,1.6311924732034997,0.6130484393641785,15909.265244862592,0.1579577223408031,0.06816571,9667.13075742,6801.24355322,1548.03188428,67.47334027,412.47650436,1.2019518906187063,1.2937839541173677,/home/chaoyu/phd_simulation/sensitivity_analysis/data/04245_verts.csv,/home/chaoyu/phd_simulation/sensitivity_analysis/data/04245_stress.csv,1.5656055461748848,0.05623756985882988,1.5353539124946172,0.06630025710271283,7113.084271698114,6744.148446808511,0.00975557213290605
4246,material_r_cable,3,True,1.001064737653684,1.234739660405646,31.04680605999302,1633.5061135066578,18451.576156280866,4.013140793219149,0.2491813897209043,74048.77297196053,0.4698331149982461,0.02361807,24881.47146484,22721.85148876,307.18972301,291.3075109,1251.52401364,1.276923454695175,1.27392491664092,/home/chaoyu/phd_simulation/sensitivity_analysis/data/04246_verts.csv,/home/chaoyu/phd_simulation/sensitivity_analysis/data/04246_stress.csv,0.8686178615042089,0.05346336761584651,0.6458947616959868,0.05512559323626731,22256.87296,22635.0310375,0.1470592561570096
4247,material_r_cable,3,True,0.8345951802871068,1.235012014366199,86.8563839511253,455.13987875780913,4698.862524874205,1.845645127062564,0.5418159674018969,8672.432721770972,0.3169538788307079,0.06969564,2563.46586853,2390.15002361,43.88708483,0.0,134.15739151,1.2771665015608624,1.3666014274951497,/home/chaoyu/phd_simulation/sensitivity_analysis/data/04247_verts.csv,/home/chaoyu/phd_simulation/sensitivity_analysis/data/04247_stress.csv,0.9978056048942384,0.05354980101925489,1.0101939611667532,0.05970904310255841,2420.338857777778,2379.8452875,-0.0061695014689751625
4248,material_r_cable,3,True,0.8510756779827807,0.8611271323582523,52.71347080333548,1536.7621360277244,3352.87721071971,1.6874069191972054,0.5926252812070703,5657.668204587066,0.1414372600977355,0.29301511,2112.53632597,820.10998954,1857.00284076,569.75142121,29.07609445,1.2603646116674792,1.3561645992761282,/home/chaoyu/phd_simulation/sensitivity_analysis/data/04248_verts.csv,/home/chaoyu/phd_simulation/sensitivity_analysis/data/04248_stress.csv,10.06142742626092,0.09315091160228005,6.126171198245436,0.06523291780735843,1051.633798275862,1004.3883244444446,0.24310315070809274
4249,material_r_cable,3,True,1.3559325263211848,1.1338178165858808,20.028950536095127,1898.71430212936,6308.928999893601,2.224115526520196,0.4496169322483796,14031.786944376889,0.4854217247954694,0.08843083,6794.70837506,5166.83584447,51.48603763,713.92621745,301.08556529,1.3025917626378616,1.238336371309839,/home/chaoyu/phd_simulation/sensitivity_analysis/data/04249_verts.csv,/home/chaoyu/phd_simulation/sensitivity_analysis/data/04249_stress.csv,1.2115415955437763,0.05466070091527742,0.8532349777509711,0.053824777244284534,5101.81607111111,5042.8865808510645,0.17353287635429637
4250,material_r_cable,3,True,1.3303798414837873,1.25608719434632,34.03123081473997,469.625052006248,5457.450464959786,3.295878946418707,0.3034092016900673,17987.09608858394,0.3792536163875806,0.01978337,9102.84292418,6777.34344713,0.0,651.80965553,357.42554399,1.2936014104429678,1.225882603421521,/home/chaoyu/phd_simulation/sensitivity_analysis/data/04250_verts.csv,/home/chaoyu/phd_simulation/sensitivity_analysis/data/04250_stress.csv,,0.05470941288163593,,0.054144388757687074,6796.435333333334,6730.085248936169,
4252,material_r_cable,3,True,1.221316219557457,0.991264407721963,84.70770675656223,788.604409471187,1194.3931234431973,4.69843784579025,0.2128366986691096,5611.781853937144,0.3317299837881203,0.23808269,1489.31651519,834.46034687,112.63100317,123.895659,30.43977812,1.367272402111881,1.371309284860526,/home/chaoyu/phd_simulation/sensitivity_analysis/data/04252_verts.csv,/home/chaoyu/phd_simulation/sensitivity_analysis/data/04252_stress.csv,1.301033204289304,0.055639976473201666,1.4086318132896214,0.0551089922868997,864.2228250000001,806.3929822222223,-0.03970919220725531
4253,material_r_cable,3,True,1.2353359993457642,1.2434463738938335,1.5036935692038988,1034.8870031599718,9775.747017868847,4.557276520875321,0.219429300684157,44550.78235855065,0.2256344544988976,0.02524826,19642.21107104,12763.00128013,1981.62951406,0.0,616.90960415,1.2121484614316158,1.39724498278212,/home/chaoyu/phd_simulation/sensitivity_analysis/data/04253_verts.csv,/home/chaoyu/phd_simulation/sensitivity_analysis/data/04253_stress.csv,0.8471001922780428,0.05598051167833728,0.6702976294866734,0.05788555426260518,10401.739326666666,12817.190206250001,0.11651694780064338
4255,material_r_cable,3,True,1.0350618754988403,0.9654694814929956,57.73034873532642,1593.5374363914989,15522.47236841309,2.54725789121808,0.392579017400475,39539.74023165484,0.2121561365637548,0.13237097,7452.15080614,1919.38572443,2680.25494663,488.72341629,67.70607457,1.2041245035495305,1.288639618917686,/home/chaoyu/phd_simulation/sensitivity_analysis/data/04255_verts.csv,/home/chaoyu/phd_simulation/sensitivity_analysis/data/04255_stress.csv,5.97308271965057,0.06049156982958397,2.44776515893958,0.06254427894928369,3729.588184313725,2658.698552173913,0.4186416393619988
4256,material_r_cable,3,True,0.9549419581675668,1.1821576667831388,86.11134908582474,580.5745263971507,10557.797014542955,4.528003885186065,0.220847867041728,47805.745900856346,0.4590977726874879,0.01526566,16848.30398094,10740.17933629,965.08924451,1109.14835359,578.22571997,1.212609771290965,1.23181746691754,/home/chaoyu/phd_simulation/sensitivity_analysis/data/04256_verts.csv,/home/chaoyu/phd_simulation/sensitivity_analysis/data/04256_stress.csv,,0.056411551380724914,,0.05708248536297307,10548.837196078432,10178.950191489363,
4257,material_r_cable,3,True,1.1879064156810362,1.0516723235138876,85.3126772323862,1823.4739964969065,13094.947195952447,3.8782831794906634,0.2578460503576045,50785.9134463808,0.4316995744328945,0.07005217,12361.64370696,6207.16439921,0.0,1635.75536471,334.12922463,1.3173360890898398,1.221791034741018,/home/chaoyu/phd_simulation/sensitivity_analysis/data/04257_verts.csv,/home/chaoyu/phd_simulation/sensitivity_analysis/data/04257_stress.csv,1.1985005759628093,0.05613349220923578,1.0463822746570834,0.05381517936581399,6182.432017777777,6295.624974468085,0.06776224481545688
4258,material_r_cable,3,True,0.9408993648590456,1.0219085180476135,55.98895982013576,1023.430913862092,3267.390330530586,1.0419384759480457,0.9597495659137778,3404.41970132042,0.3699382839836695,0.23486952,1490.41260697,703.55991625,685.66133417,295.45827264,19.67615704,1.286700414324441,1.3379304473861968,/home/chaoyu/phd_simulation/sensitivity_analysis/data/04258_verts.csv,/home/chaoyu/phd_simulation/sensitivity_analysis/data/04258_stress.csv,5.2912006019713,0.05603126212035489,3.3005456270208136,0.05971875067137168,733.5676782608696,770.1622522727273,0.23169387478335793
4259,material_r_cable,3,True,1.310593925604996,0.9974420146580948,79.37638564765753,332.2593707351398,7424.263609766586,3.3228092639128124,0.3009501661321476,24669.41190026319,0.1076642003339439,0.03176543,4528.79370463,2599.74594659,938.87751191,0.0,146.62770671,1.211438654645373,1.3490397198588258,/home/chaoyu/phd_simulation/sensitivity_analysis/data/04259_verts.csv,/home/chaoyu/phd_simulation/sensitivity_analysis/data/04259_stress.csv,1.1387245776166186,0.058493266754810126,0.7199587861448528,0.06063919751112091,2615.678470833333,2718.739227083333,0.2253023832011373
4260,material_r_cable,3,True,1.1920769274507437,0.8883163966372344,41.69279787401059,1773.9678171096234,10328.778954596586,1.9654625228755933,0.5087860940420976,20300.82794232574,0.3010648098630371,0.18920476,4282.42568303,3065.00919552,283.15712649,130.2527654,160.90548537,1.3342936663159342,1.361293085098454,/home/chaoyu/phd_simulation/sensitivity_analysis/data/04260_verts.csv,/home/chaoyu/phd_simulation/sensitivity_analysis/data/04260_stress.csv,1.4701856414652115,0.05352577038362465,1.3599799728909174,0.05636586441078566,3144.8469232558145,3079.360897777777,0.03893965357195754
4261,material_r_cable,3,True,1.062892763256789,1.2312774954064225,62.736759539921614,1755.1159072426942,19836.998710367057,4.739167320775655,0.2110075319806034,94010.85603044037,0.2844630892786214,0.02180332,35702.749586,25451.12824688,1406.00021095,1849.78792764,1285.5688988,1.2292609228040998,1.2275701436240682,/home/chaoyu/phd_simulation/sensitivity_analysis/data/04261_verts.csv,/home/chaoyu/phd_simulation/sensitivity_analysis/data/04261_stress.csv,0.8042712122077489,0.054333942527135894,0.6318924365337866,0.055677019535274194,25384.605748979593,24787.019668085108,0.12002725164713113
4262,material_r_cable,3,True,1.3971635942814151,1.2550220831818095,24.38190665253253,428.2936902372024,12939.772723514525,1.1484409881419395,0.8707456546094703,14860.565372925135,0.1231873412595142,0.0149772,8563.71767493,6246.48046298,1577.16365737,0.0,384.78961087,1.2048140599563846,1.3207366147244863,/home/chaoyu/phd_simulation/sensitivity_analysis/data/04262_verts.csv,/home/chaoyu/phd_simulation/sensitivity_analysis/data/04262_stress.csv,,0.05758895187070671,,0.060262757792705866,6433.183004081633,6394.54888125,
4263,material_r_cable,3,True,1.0252959941391042,1.0931962036526843,65.13056758849454,448.43637697923816,7729.630029846776,2.8634495428050326,0.349229132572876,22133.4055750168,0.2583317494745902,0.05935627,4352.98479918,2368.88354826,3.99076067,355.9525351,113.8171608,1.2982749289760958,1.2470320269116306,/home/chaoyu/phd_simulation/sensitivity_analysis/data/04263_verts.csv,/home/chaoyu/phd_simulation/sensitivity_analysis/data/04263_stress.csv,1.080745237259188,0.054855880750709594,0.8428469134596683,0.054079659680481326,2418.7647022222222,2401.773925531915,0.12367399384043845
4264,material_r_cable,3,True,1.1160128167624097,1.288261133341226,62.358290905454105,1481.052888802775,10186.90519317797,2.573958687338229,0.388506624025934,26220.67311907136,0.155534777440031,0.06172441,8766.4457322,8543.34230143,3.76468745,37.9159467,439.58138998,1.2988716513438356,1.296859976978097,/home/chaoyu/phd_simulation/sensitivity_analysis/data/04264_verts.csv,/home/chaoyu/phd_simulation/sensitivity_analysis/data/04264_stress.csv,1.0714826743826413,0.052956242561699354,0.8578204618317457,0.05530869336416321,8598.37209111111,8517.532420833333,0.1107457965211918
4266,material_r_cable,3,True,1.1320534660324342,1.3145810361372408,81.04033542465255,1709.0592000946208,10143.792194234917,4.066075809167467,0.2459373722805111,41245.428054200376,0.3611848095406563,0.03146917,24211.96156119,16785.75291067,0.0,1871.68343008,891.32729331,1.3113062055239912,1.2171880809722408,/home/chaoyu/phd_simulation/sensitivity_analysis/data/04266_verts.csv,/home/chaoyu/phd_simulation/sensitivity_analysis/data/04266_stress.csv,0.9235451319643904,0.054122011709686814,0.6790442768524613,0.05351343007990558,16896.817037777775,15889.35394893617,0.152566124402655
4267,material_r_cable,3,True,1.0646857204161428,1.1000482504760511,41.98041059487542,1624.4395684669332,2830.845161433197,1.1037517469601128,0.9060008310330112,3124.5502923054737,0.2970064106932704,0.27470465,1920.18137067,1183.07118312,442.82320551,449.71597046,31.35072796,1.3738636233306416,1.369522392183088,/home/chaoyu/phd_simulation/sensitivity_analysis/data/04267_verts.csv,/home/chaoyu/phd_simulation/sensitivity_analysis/data/04267_stress.csv,2.6335467745306023,0.05807167953962975,2.5287184213520137,0.05609178778631078,1096.4386619047618,1231.271209090909,0.020306657872245466
4268,material_r_cable,3,True,0.9048229878368292,0.9189638254077876,10.905459356671066,1762.5747964971831,3773.1506968909785,1.2750852675055124,0.7842612768605899,4811.088865683844,0.2805924290985739,0.31436979,1985.74280284,967.0815972,866.41294997,761.98181099,17.45996773,1.3745087342023157,1.3729096047321327,/home/chaoyu/phd_simulation/sensitivity_analysis/data/04268_verts.csv,/home/chaoyu/phd_simulation/sensitivity_analysis/data/04268_stress.csv,5.85592079856795,0.05711764768140324,4.840989508725373,0.05872195701131912,942.0325928571428,1054.8771045454546,0.09488078900227669
4269,material_r_cable,3,True,1.170902712501401,1.3672887609954645,26.782833199415183,774.9625707668737,13600.754079140184,4.514450823192496,0.221510885634773,61399.9354486131,0.4821258068714228,0.00765166,34712.57608203,33977.50725406,112.46149571,0.0,1844.3809231,1.2855306513031264,1.3046936600603165,/home/chaoyu/phd_simulation/sensitivity_analysis/data/04269_verts.csv,/home/chaoyu/phd_simulation/sensitivity_analysis/data/04269_stress.csv,,0.05289750278059711,,0.05533550942172473,33791.90426444444,33964.3105875,
4270,material_r_cable,3,True,1.395618849837374,1.1186756359412753,42.9965487428432,666.3871261383297,19504.55168051637,4.29625126380876,0.2327610604211889,83796.45480744174,0.1471007740538276,0.01310243,16900.79937027,12440.16543099,808.11476104,912.07454182,736.66669964,1.2551061200334832,1.2494811331328042,/home/chaoyu/phd_simulation/sensitivity_analysis/data/04270_verts.csv,/home/chaoyu/phd_simulation/sensitivity_analysis/data/04270_stress.csv,,0.05440182659091093,,0.05509645518073208,11715.849442222223,12361.233524999998,
4273,material_r_cable,3,True,0.9793228998485204,1.0813456937992842,66.809354791361,627.1521713636321,9528.079482055788,3.4782564841246124,0.287500362484532,33141.10423971522,0.1598566919833313,0.07784424,4221.81292867,3169.7299206,205.45698635,0.0,139.53024236,1.2680669293374816,1.3920172561299238,/home/chaoyu/phd_simulation/sensitivity_analysis/data/04273_verts.csv,/home/chaoyu/phd_simulation/sensitivity_analysis/data/04273_stress.csv,0.9921626509506404,0.05357848244082916,1.0249269089998856,0.05994346137129824,3307.777733333334,3158.3693083333333,-0.016243333315377844
4274,material_r_cable,3,True,1.1890011757118073,1.3752009334033055,29.394847484262343,734.0846133923227,3388.2014686520465,1.740238775361559,0.574633788281287,5896.279574485272,0.1050921812724184,0.06511191,4739.92699402,2557.14490421,1176.89864712,0.0,138.90936553,1.2026163151000389,1.3436704417948264,/home/chaoyu/phd_simulation/sensitivity_analysis/data/04274_verts.csv,/home/chaoyu/phd_simulation/sensitivity_analysis/data/04274_stress.csv,1.567616848113023,0.05664323479834649,1.0130281351516184,0.062272921095638444,2295.4765875,2553.205170212766,0.21490314109762704
4277,material_r_cable,3,True,1.3578791247414252,1.049594378659335,51.75634604253456,1179.5043745263358,13279.36152562406,2.2818028837526163,0.4382499501251466,30300.88542356253,0.1356443661988615,0.06204666,5517.67381617,5200.04498913,79.64383731,0.0,327.97547091,1.2910780015590269,1.3567482326667086,/home/chaoyu/phd_simulation/sensitivity_analysis/data/04277_verts.csv,/home/chaoyu/phd_simulation/sensitivity_analysis/data/04277_stress.csv,1.0511385379392164,0.0529308804727479,0.8609038799388923,0.0555573526498422,5150.581342222224,5236.529064583333,0.09949290675854214
4278,material_r_cable,3,True,1.0877418116519335,1.0743541998854986,3.161781506956725,1107.414126174644,18178.166401048988,2.323953051282266,0.4303012917787815,42245.20527443456,0.2041600925540289,0.06544299,7297.69945812,3923.61326693,342.69257362,825.80894374,209.68877361,1.2747190645184765,1.2342193935240635,/home/chaoyu/phd_simulation/sensitivity_analysis/data/04278_verts.csv,/home/chaoyu/phd_simulation/sensitivity_analysis/data/04278_stress.csv,1.0007651023122843,0.05632887919731661,0.923835471973769,0.054254839592320823,3379.8699888888896,4507.349263829786,0.03997173822264549
4279,material_r_cable,3,True,1.2154979219619402,0.8141729900019037,78.4602020313386,438.399603760367,13453.308651049889,1.1082917839700976,0.90228946425807,14910.19144517243,0.275252973749525,0.0022359,6983.32646484,3936.23270606,0.0,494.0633773,176.9043068,1.3579506095081535,1.2129812271361375,/home/chaoyu/phd_simulation/sensitivity_analysis/data/04279_verts.csv,/home/chaoyu/phd_simulation/sensitivity_analysis/data/04279_stress.csv,,0.1953218533650036,,0.0993017151413868,3913.7104955555556,4501.572037254902,
4280,material_r_cable,3,True,0.8067815321041197,0.9808385223321932,23.86203638588148,1557.925175493236,5170.436309734525,2.325700838783545,0.4299779160431695,12024.888062426482,0.4017246723135991,0.2738565,3575.09024731,1651.77068292,618.79449285,230.90452695,75.68147026,1.3804468899007123,1.3993994586046563,/home/chaoyu/phd_simulation/sensitivity_analysis/data/04280_verts.csv,/home/chaoyu/phd_simulation/sensitivity_analysis/data/04280_stress.csv,3.919851944984977,0.056210372503490695,2.121406714662873,0.056498932030961464,1454.7015292682927,1806.4453348837212,0.29769379721061917
4281,material_r_cable,3,True,0.9205932875805902,1.3374115565092908,52.550995493859126,1586.0740939463492,14287.247140440804,2.3727534894447526,0.42145128200149,33900.11550704048,0.218921008801031,0.04036341,14498.80923324,13386.71270573,0.0,191.91248525,787.13610036,1.319432117430404,1.278801822000767,/home/chaoyu/phd_simulation/sensitivity_analysis/data/04281_verts.csv,/home/chaoyu/phd_simulation/sensitivity_analysis/data/04281_stress.csv,0.9664532725986131,0.05310518362032938,0.7374678047423311,0.05493215717006755,13429.843944444445,13327.721722916669,0.1343873674088389
4282,material_r_cable,3,True,1.2951628091152163,1.226917142071545,21.26270027189706,1336.7007194077366,14573.062055324555,1.835537923121051,0.5447994222313061,26749.408058544628,0.4475098102792114,0.03388686,11080.80865748,11039.72688966,0.0,0.0,650.11582378,1.3750145850494544,1.3704500206195884,/home/chaoyu/phd_simulation/sensitivity_analysis/data/04282_verts.csv,/home/chaoyu/phd_simulation/sensitivity_analysis/data/04282_stress.csv,0.9293727440587396,0.052838792220270575,0.7108431439658425,0.05528034045467414,11047.189035555555,11058.467081250003,0.13323221759306725
4283,material_r_cable,3,True,1.0239548573461847,1.1011772358137617,23.574280698190872,1626.5505893239197,15719.096031245896,2.420708122562869,0.41310226155695,38051.343442182704,0.287130901802628,0.10002796,8360.20162573,4931.48835495,647.63498208,21.62718067,240.80690426,1.264441693247294,1.314874462465779,/home/chaoyu/phd_simulation/sensitivity_analysis/data/04283_verts.csv,/home/chaoyu/phd_simulation/sensitivity_analysis/data/04283_stress.csv,1.0743415726916856,0.05409128565539717,1.0502869437738591,0.0573878908283337,4179.895426666667,5046.915112765957,0.01132180460320796
4284,material_r_cable,3,True,1.1593512817477,0.9290567859154862,14.284775696311913,1325.3964175169756,7309.446074923003,4.863788748913044,0.2056010348359556,35551.601579997114,0.2715024178771007,0.15313981,5312.61388042,1950.34742048,589.93158286,899.56397423,86.57529784,1.2775768104571277,1.2530003478010807,/home/chaoyu/phd_simulation/sensitivity_analysis/data/04284_verts.csv,/home/chaoyu/phd_simulation/sensitivity_analysis/data/04284_stress.csv,3.177460466801266,0.0562451265732849,3.323884389565755,0.05943257477703081,2821.0094204545458,2282.8633733333336,-0.022522097504347905
4285,material_r_cable,3,True,0.8354672362708215,1.34323282988397,15.231472656509618,1362.5594688116437,3720.9103077490927,1.4560340849829785,0.6867971088820289,5417.772235247183,0.3084870234338909,0.12843309,4065.13211234,2461.14445079,1046.46337942,0.0,159.03849396,1.2291136118501822,1.3539468479014063,/home/chaoyu/phd_simulation/sensitivity_analysis/data/04285_verts.csv,/home/chaoyu/phd_simulation/sensitivity_analysis/data/04285_stress.csv,2.347916613805784,0.057462846831043086,1.3358959167725615,0.06045547154247339,2078.447988888889,2509.3365673913045,0.27472100945222067
4286,material_r_cable,3,True,1.1510651761601511,1.381497200376895,8.713510682860472,877.9045766654117,14223.549842650293,1.8828988320200788,0.5310959797702696,26781.505385905613,0.3289961250954731,0.01982857,14898.52099315,12966.64489482,543.20251259,0.0,758.01752143,1.2577935085627052,1.321896703207456,/home/chaoyu/phd_simulation/sensitivity_analysis/data/04286_verts.csv,/home/chaoyu/phd_simulation/sensitivity_analysis/data/04286_stress.csv,,0.05363020072202491,,0.055928696109623956,12228.502668888888,12947.990381250003,
4287,material_r_cable,3,True,1.2038454381525354,1.258910405532126,2.8678479896934714,1364.9334076714767,10776.840065876077,4.597523626769766,0.2175083982553893,49546.77682478429,0.3995079016751911,0.02582984,20200.94008046,17591.80626708,518.82878532,304.31290065,883.25735957,1.2642300903163626,1.2677270488076469,/home/chaoyu/phd_simulation/sensitivity_analysis/data/04287_verts.csv,/home/chaoyu/phd_simulation/sensitivity_analysis/data/04287_stress.csv,0.8717658935587694,0.05399457588215162,0.645944637458564,0.05508748637297591,16647.298586666664,17505.4294625,0.14879072885449088
4288,material_r_cable,3,True,1.392343132694584,1.00995622286902,74.45146644564676,224.94022879830584,17451.143811964495,3.262935081451179,0.3064725393050889,56941.94935550861,0.473809331036374,0.00480129,14073.31708665,10420.90388799,262.41249908,1211.01154485,701.38838239,1.2740526804020411,1.2309282014305405,/home/chaoyu/phd_simulation/sensitivity_analysis/data/04288_verts.csv,/home/chaoyu/phd_simulation/sensitivity_analysis/data/04288_stress.csv,,0.05489271055369746,,0.05417026334938531,9974.356348888889,10194.615044680853,
4289,material_r_cable,3,True,0.966693575072256,1.1738654342750543,1.4376037037914309,519.8206852407109,18645.624900590512,3.727532486161986,0.2682739865346256,69502.17254174198,0.277772392192287,0.01544982,13286.15357477,13272.4686313,0.0,0.0,667.01110757,1.3641039020954928,1.3126103804677227,/home/chaoyu/phd_simulation/sensitivity_analysis/data/04289_verts.csv,/home/chaoyu/phd_simulation/sensitivity_analysis/data/04289_stress.csv,,0.05286762191091123,,0.055275550636949534,13268.13432888889,13283.315670833334,
4291,material_r_cable,3,True,1.068572663286627,1.083717134104328,14.372771319050935,382.1723699514304,11113.112611518609,2.294053099728788,0.4359097006595985,25494.070434089343,0.1247685871952665,0.05612598,2275.78886899,2225.18399384,0.0,0.0,115.20774448,1.3548592106579551,1.3837800003144511,/home/chaoyu/phd_simulation/sensitivity_analysis/data/04291_verts.csv,/home/chaoyu/phd_simulation/sensitivity_analysis/data/04291_stress.csv,1.0492490071333684,0.05294417358480023,0.8259321520746304,0.05532373105603117,2219.6784688888893,2261.817035416667,0.11909081635240942
4292,material_r_cable,3,True,0.8253259417292352,1.3832564919348471,80.18955785648987,1540.3547771008282,14681.922024833344,2.8345854293648745,0.3527852749260984,41617.16224666383,0.3755982888166428,0.02320929,19487.32329694,19458.63065555,0.0,0.0,1348.04691065,1.2981771041515526,1.307487864203532,/home/chaoyu/phd_simulation/sensitivity_analysis/data/04292_verts.csv,/home/chaoyu/phd_simulation/sensitivity_analysis/data/04292_stress.csv,0.8734608765472215,0.05283846620442976,0.6550676571201911,0.05527246068485176,19480.242266666668,19451.281910416667,0.14287807824106333
4293,material_r_cable,3,True,1.210738067662351,1.0366718316141268,61.627607703491854,512.7722021969669,5565.368530669071,2.9566451876788467,0.338221171808939,16454.820083862003,0.4439472121442439,0.0670499,2117.68857546,2063.23699339,0.0,0.0,123.77320123,1.3819493351911163,1.347399370352213,/home/chaoyu/phd_simulation/sensitivity_analysis/data/04293_verts.csv,/home/chaoyu/phd_simulation/sensitivity_analysis/data/04293_stress.csv,1.099610103053276,0.05286651428913119,0.8849470951500338,0.05534458717526856,2085.0313822222224,2076.68839375,0.10816670242489568
4295,material_r_cable,3,True,1.0894363816801511,1.2432169430470907,65.60802436857377,549.7704117930796,14976.125522431645,2.126836729422664,0.4701818367935808,31851.7738255518,0.3747261929868637,0.01810343,9646.31842332,9636.13903707,0.0,0.0,538.8135891,1.377956145987396,1.3334985099960568,/home/chaoyu/phd_simulation/sensitivity_analysis/data/04295_verts.csv,/home/chaoyu/phd_simulation/sensitivity_analysis/data/04295_stress.csv,,0.05282901392529487,,0.055278356234379565,9642.559146666666,9636.332741666667,
4296,material_r_cable,3,True,1.081437394298078,1.2088116589313942,58.421559153584,1400.2575712929618,15988.945976067607,1.0548978884480371,0.9479590498291708,16866.70534866346,0.1662558545194589,0.08463771,6429.42461023,4042.15108044,855.4608989,0.0,225.01888012,1.2351532363842888,1.357849318527447,/home/chaoyu/phd_simulation/sensitivity_analysis/data/04296_verts.csv,/home/chaoyu/phd_simulation/sensitivity_analysis/data/04296_stress.csv,1.1997586485509093,0.05578853230287656,1.0668346498954968,0.059885529723898163,4257.574948888889,4103.088266666667,0.05864483881891063
4297,material_r_cable,3,True,1.1950172418276643,1.029815065907931,31.4508812783809,946.3834060908288,9473.232528119765,1.9602776089888847,0.5101318279688978,18570.165609618336,0.4120612399185863,0.08412692,3760.48833363,2716.18786682,0.0,303.47841689,164.96633335,1.3831017216934611,1.2620521056518268,/home/chaoyu/phd_simulation/sensitivity_analysis/data/04297_verts.csv,/home/chaoyu/phd_simulation/sensitivity_analysis/data/04297_stress.csv,1.2098213602156924,0.054200872952709915,0.8359332137170261,0.05409011976649786,2729.1864800000003,2671.844829787234,0.18276295273284468
4298,material_r_cable,3,True,1.3676205343411338,1.0153036306960836,4.766294133528578,1436.7492099276178,4953.251700976458,4.827411013566475,0.2071503746396774,23911.38181426063,0.1571964686723261,0.09297265,7013.81076307,2476.28467273,1647.31665074,715.00395008,143.3450854,1.208784536215407,1.2353470418754235,/home/chaoyu/phd_simulation/sensitivity_analysis/data/04298_verts.csv,/home/chaoyu/phd_simulation/sensitivity_analysis/data/04298_stress.csv,2.497694851303461,0.057045411419842304,1.5328069093102408,0.059442534232644985,3660.5945816326534,2899.03885106383,0.2393964819522377
4299,material_r_cable,3,True,1.1539119447191462,1.0428511592601526,2.060327599395055,1425.9855768932575,2006.32086106424,2.026834802665971,0.4933801209080596,4066.480946519759,0.4390710406771216,0.23012569,2046.4507851,1192.04608416,427.76972764,443.14589017,41.4819316,1.324990322726084,1.3181457732841673,/home/chaoyu/phd_simulation/sensitivity_analysis/data/04299_verts.csv,/home/chaoyu/phd_simulation/sensitivity_analysis/data/04299_stress.csv,2.472914915231366,0.05902706532089621,2.354418251490039,0.05604816641064361,988.4586477272728,1220.4170777777779,0.02454702413295557
4300,material_r_cable,3,True,0.8792463647458617,1.2648928140718658,87.14679823158922,418.3777294037012,7706.063871732843,3.6987369981366656,0.270362559031306,28502.703552382547,0.3191823391126074,0.01453387,13783.5465587,8682.64542792,0.0,1226.11131804,511.07996245,1.336754566996189,1.218674762194793,/home/chaoyu/phd_simulation/sensitivity_analysis/data/04300_verts.csv,/home/chaoyu/phd_simulation/sensitivity_analysis/data/04300_stress.csv,,0.05426096375768995,,0.05359089213506895,8697.95173111111,8192.347036170215,
4302,material_r_cable,3,True,0.937991710236756,1.1807841673910708,15.358400066457056,535.1740170229032,17660.941155514814,2.178150308948009,0.4591051388381798,38468.1844341972,0.1004975145654759,0.03517343,7986.63478603,7818.8087836,0.0,0.0,376.2706093,1.3187211554834994,1.3717299177405529,/home/chaoyu/phd_simulation/sensitivity_analysis/data/04302_verts.csv,/home/chaoyu/phd_simulation/sensitivity_analysis/data/04302_stress.csv,,0.13320872845170934,,0.054127026513514205,7784.06653777778,7840.445322916666,
4303,material_r_cable,3,True,0.9450459076737724,1.1746043873464938,60.30869229970129,953.2074776088942,1858.7192045666864,4.213722974854361,0.2373198252394755,7832.127816085671,0.3474318630237099,0.13368547,3030.69830904,1951.84562516,689.41059733,0.0,98.6425417,1.2228734981291791,1.3687806431142393,/home/chaoyu/phd_simulation/sensitivity_analysis/data/04303_verts.csv,/home/chaoyu/phd_simulation/sensitivity_analysis/data/04303_stress.csv,2.896828252274795,0.05520044924807511,1.6680856363036711,0.06712120856420559,1991.955663461539,1961.5960382978724,0.269171039358589
4304,material_r_cable,3,True,1.0540095602997006,1.2623373963495157,3.947430010445622,427.05790023713496,19581.71228917507,1.9252791842877328,0.5194051897309404,37700.26306306005,0.1514706904313073,0.01432829,10723.07083973,10716.20931246,0.0,0.0,564.29500813,1.3239997722897083,1.3395793135716838,/home/chaoyu/phd_simulation/sensitivity_analysis/data/04304_verts.csv,/home/chaoyu/phd_simulation/sensitivity_analysis/data/04304_stress.csv,,0.052850065947358305,,0.055276135161456345,10714.147480000001,10721.4849375,
4305,material_r_cable,3,True,1.364756911030323,0.989446380247196,30.395272463330755,1348.779918233209,9409.853143613318,4.689197163210922,0.2132561215052965,44124.65666726295,0.2793150293424086,0.08525153,4330.81225784,4014.13551801,0.0,69.96891789,267.3184823,1.3997874079012682,1.3002021624124545,/home/chaoyu/phd_simulation/sensitivity_analysis/data/04305_verts.csv,/home/chaoyu/phd_simulation/sensitivity_analysis/data/04305_stress.csv,1.1927823242567526,0.053077571716908085,0.9597524405375829,0.05507419505729182,4054.8736288888886,4006.2392,0.108258360111287
4306,material_r_cable,3,True,1.0963307817431838,1.1043760320565417,37.37485216562482,1430.8920418096309,11153.051087026755,1.817655339816337,0.5501593058346493,20272.402863578594,0.2985647964753016,0.11131651,4875.18690083,3182.70627901,159.55462362,419.92982154,169.57235771,1.2991359083374034,1.266278921310035,/home/chaoyu/phd_simulation/sensitivity_analysis/data/04306_verts.csv,/home/chaoyu/phd_simulation/sensitivity_analysis/data/04306_stress.csv,1.1962211139123067,0.05499623493757446,0.9368926128630338,0.05452223530950917,3026.761495555555,3310.5524723404246,0.12157274963548406
4307,material_r_cable,3,True,0.8681837108542206,0.951979644792375,2.679531652403956,343.73355295610594,2235.7008356495694,3.4349820191964637,0.2911223390432557,7679.592170758779,0.4084091055222774,0.18123226,1707.71071105,434.95717369,614.90123672,31.55602639,15.73639432,1.2326600258180336,1.3639561301970833,/home/chaoyu/phd_simulation/sensitivity_analysis/data/04307_verts.csv,/home/chaoyu/phd_simulation/sensitivity_analysis/data/04307_stress.csv,9.141849767153099,0.07676990821815394,3.5855023438835585,0.07158928637667526,679.3259788461539,469.6608659574468,0.4365674316852832
4308,material_r_cable,3,True,1.2228019108595345,1.3320929055700832,8.26699391239416,1825.672895234988,18149.283408859104,3.332828505868978,0.300045441353805,60488.44910614052,0.1218562171482619,0.0252735,32143.73195276,22596.57211241,2998.01954253,176.73247374,1131.94108748,1.207381587292184,1.2830395092805995,/home/chaoyu/phd_simulation/sensitivity_analysis/data/04308_verts.csv,/home/chaoyu/phd_simulation/sensitivity_analysis/data/04308_stress.csv,0.8349722167739954,0.055505319992011456,0.655880072282593,0.05699565612887584,19173.10881555555,22499.379925,0.12012735655034737
4309,material_r_cable,3,True,1.1186867493570585,0.9299344426967664,56.04157205358512,1691.7092114311188,8578.904355186209,2.453461034037182,0.4075874799423634,21048.00755018124,0.3837325784762865,0.13924303,6574.92656042,1886.88008296,1161.12664731,1743.95353702,80.24507878,1.236164040932712,1.218196093181026,/home/chaoyu/phd_simulation/sensitivity_analysis/data/04309_verts.csv,/home/chaoyu/phd_simulation/sensitivity_analysis/data/04309_stress.csv,4.18051941141324,0.0604311570528878,4.108865835573635,0.0576764229599752,2137.7943999999998,2748.6174872340425,0.008644015654315301
4310,material_r_cable,3,True,1.3058858124987966,1.2668019451276604,21.622978935365627,1398.415554606198,11864.599527572236,3.070037107471657,0.3257289618963447,36424.760814937465,0.1468277679218333,0.04016597,13740.73729919,10898.24528157,560.11355714,0.0,558.58609822,1.259139478757691,1.3370044538475867,/home/chaoyu/phd_simulation/sensitivity_analysis/data/04310_verts.csv,/home/chaoyu/phd_simulation/sensitivity_analysis/data/04310_stress.csv,0.9065516214515785,0.05358303653784583,0.7488699195928497,0.05630472386688771,10065.09719111111,10862.060520833335,0.09525169145693568
4311,material_r_cable,3,True,1.2170577417502528,1.231054736635256,33.87156560071739,1469.490765630239,19642.612195482678,3.1268359578601976,0.319812108302712,61419.22611913847,0.1038779541245402,0.03394859,15951.27496566,15014.70782735,144.72732488,0.0,748.23084377,1.2850781509686535,1.2983158728541604,/home/chaoyu/phd_simulation/sensitivity_analysis/data/04311_verts.csv,/home/chaoyu/phd_simulation/sensitivity_analysis/data/04311_stress.csv,0.9201455414489133,0.05295364322514965,0.7123170160958543,0.05551154038617648,14797.081622222218,15012.788506249999,0.12730982673540409
4314,material_r_cable,3,True,1.3547870821254928,1.283379708891056,63.70728834933384,1770.3854038903446,19025.876272342884,2.740532547628912,0.364892582963553,52141.03317151631,0.4193895961678963,0.02289189,23679.20424948,23643.16461813,0.0,0.0,1293.71169801,1.359388704434035,1.3136759252116932,/home/chaoyu/phd_simulation/sensitivity_analysis/data/04314_verts.csv,/home/chaoyu/phd_simulation/sensitivity_analysis/data/04314_stress.csv,0.8712915864351269,0.05283327136589804,0.6523898250478368,0.05527987209617522,23660.997368888893,23648.751895833335,0.14366635947487089
4316,material_r_cable,3,True,0.9654659792974586,1.007216708205487,82.91517962510457,599.4682351869133,16119.214236697444,4.746357772808068,0.2106878680172426,76507.55778390738,0.4806191761601992,0.10046471,5076.3662464,2066.13266694,0.0,381.75730967,83.52479268,1.3224883613744491,1.2852637157313658,/home/chaoyu/phd_simulation/sensitivity_analysis/data/04316_verts.csv,/home/chaoyu/phd_simulation/sensitivity_analysis/data/04316_stress.csv,1.2765653130676577,0.05468691412886036,1.9348853271019646,0.05853911014360028,2315.203908888889,2113.9758382978725,-0.20499147824346936
4317,material_r_cable,3,True,1.0337559312145286,0.8359793861987227,73.66432819342866,1041.0599307458183,2600.12074202415,1.7702921650809555,0.5648785097313415,4602.973377869833,0.1743403251256388,0.26139894,1831.81370919,717.84547474,1017.16600643,257.17994896,30.61418209,1.2870346632648486,1.3485897085016978,/home/chaoyu/phd_simulation/sensitivity_analysis/data/04317_verts.csv,/home/chaoyu/phd_simulation/sensitivity_analysis/data/04317_stress.csv,7.937653988538184,0.061197311685183324,5.0923818756504,0.06220250542827461,770.2495326530614,878.2401139534884,0.21836256956956326
4318,material_r_cable,3,True,1.0218069963341028,1.0014426848724025,20.59540473750799,1459.3664633179965,8820.038018286894,4.680818415682243,0.2136378537243998,41284.9963830148,0.17361889013681,0.19303784,3370.9579186,2562.57445352,45.00214015,0.0,101.04521638,1.3793946970867257,1.3895220872321787,/home/chaoyu/phd_simulation/sensitivity_analysis/data/04318_verts.csv,/home/chaoyu/phd_simulation/sensitivity_analysis/data/04318_stress.csv,1.6810403957766287,0.05430655344621308,1.4091172543365484,0.05630318186162102,2418.961429545454,2984.511908888889,0.08799652711249895
4319,material_r_cable,3,True,1.059981092096335,1.316655459410507,68.94565940334493,1534.4729873608012,18267.57467226993,1.6072867934373194,0.6221665007658124,29361.231518869525,0.226495267928377,0.04733078,10677.51321127,10618.47584642,0.0,0.0,598.82160593,1.35902638875485,1.3783155967056793,/home/chaoyu/phd_simulation/sensitivity_analysis/data/04319_verts.csv,/home/chaoyu/phd_simulation/sensitivity_analysis/data/04319_stress.csv,0.9991067361234138,0.05284772234266525,0.7849537291369285,0.05536215009054647,10660.912222222221,10612.252552083333,0.12003685477960223
4320,material_r_cable,3,True,0.9630163010159462,1.0117910308891045,57.42890003680114,397.7117802716228,16012.598960419804,1.285338176109032,0.7780053674490507,20581.60474255137,0.2527814416288004,0.11060074,3831.93689989,939.63256455,529.17069423,62.31001354,34.19762411,1.2441741049941355,1.319351312432233,/home/chaoyu/phd_simulation/sensitivity_analysis/data/04320_verts.csv,/home/chaoyu/phd_simulation/sensitivity_analysis/data/04320_stress.csv,3.6247960814729216,0.0630640731095878,1.3360366664966339,0.0651190986466399,1703.5462804347826,973.8661659574469,0.461365970443786
4321,material_r_cable,3,True,1.130748587362957,1.3028967765572117,71.5305949348625,1065.9523971447302,10344.572832846246,1.3769950124328998,0.7262190428948482,14244.425196578157,0.2698911900858247,0.06019573,5442.55735187,5203.47950041,0.0,53.08176608,301.76064574,1.3033639805349408,1.2927535879518253,/home/chaoyu/phd_simulation/sensitivity_analysis/data/04321_verts.csv,/home/chaoyu/phd_simulation/sensitivity_analysis/data/04321_stress.csv,1.0657982587774482,0.05297871545922112,0.8442459781218533,0.05508248630393698,5242.033366666666,5168.373608333333,0.11599327197534179
4322,material_r_cable,3,True,0.8568404208890329,1.251303179157348,60.2661188484811,1372.6115347452346,17201.568472477164,1.714603903870256,0.5832250805814507,29493.876455600857,0.3942630621508256,0.05620149,8658.49705748,8562.75668461,3.4091924,0.0,500.43962909,1.2973372982808058,1.39991452343644,/home/chaoyu/phd_simulation/sensitivity_analysis/data/04322_verts.csv,/home/chaoyu/phd_simulation/sensitivity_analysis/data/04322_stress.csv,1.0442063445155165,0.052897034482416845,0.8352812393627506,0.05559709240688422,8604.746513333335,8558.34766875,0.11116067323076174
4323,material_r_cable,3,True,0.9641417469607514,1.364660971290975,55.05521248622462,302.75263542359824,19459.60580421134,1.3950456545351102,0.716822418498729,27147.03851613124,0.4233310667186526,0.00718309,12282.15627935,12280.60865683,0.0,0.0,793.25075185,1.34116703140922,1.3934705829373395,/home/chaoyu/phd_simulation/sensitivity_analysis/data/04323_verts.csv,/home/chaoyu/phd_simulation/sensitivity_analysis/data/04323_stress.csv,,0.052818269936654366,,0.05526680834947701,12281.39512,12280.805202083333,
4324,material_r_cable,3,True,1.164075252698315,1.020056207435427,32.97600762277875,1378.1755147105723,9138.020324360064,1.2496305805619106,0.8002364983340425,11419.149643116603,0.2133416045228083,0.14081556,4624.38607573,2092.83897942,0.0,1025.82526576,106.95034667,1.3846810211391918,1.2388052764730946,/home/chaoyu/phd_simulation/sensitivity_analysis/data/04324_verts.csv,/home/chaoyu/phd_simulation/sensitivity_analysis/data/04324_stress.csv,1.7447125186184604,0.05805837094169762,2.332907413454478,0.05509126728488399,2061.3625727272724,2297.4213369565214,-0.14424956338120432
4325,material_r_cable,3,True,1.074945368839935,1.3653014472788103,29.253145610939537,752.2029180722458,16949.087466953155,3.2725132214142,0.3055755415918091,55466.11282650991,0.222011486038789,0.0098664,28809.29793227,23934.87821562,0.0,1605.97537064,1309.37563105,1.387431565259839,1.217690592406296,/home/chaoyu/phd_simulation/sensitivity_analysis/data/04325_verts.csv,/home/chaoyu/phd_simulation/sensitivity_analysis/data/04325_stress.csv,,0.05563150377213546,,0.054950982242323906,23987.46846304348,24398.181374468084,
4327,material_r_cable,3,True,1.2578645306792728,1.219516935868301,21.92305281754928,1914.72814574894,19608.692866064,2.255081815658894,0.4434428910987507,44219.20671110121,0.1703452600972415,0.05147335,11298.54803651,11186.28473999,0.0,0.0,617.00613795,1.3748123105133727,1.399172157612265,/home/chaoyu/phd_simulation/sensitivity_analysis/data/04327_verts.csv,/home/chaoyu/phd_simulation/sensitivity_analysis/data/04327_stress.csv,1.0220788487123735,0.05286016540387213,0.8034002659720457,0.055297138674747705,11194.574753333332,11248.539427083335,0.11979243201483133
4329,material_r_cable,3,True,1.2638088775242955,1.0628903259274494,71.89963415133967,202.13816235415192,2381.405173243932,4.991282756721008,0.2003492987155357,11886.26657797864,0.3532404314230942,0.03533293,2380.22673254,1392.24681947,301.91954765,0.0,76.62455507,1.2213008191907928,1.3663006977431025,/home/chaoyu/phd_simulation/sensitivity_analysis/data/04329_verts.csv,/home/chaoyu/phd_simulation/sensitivity_analysis/data/04329_stress.csv,0.9415104893473587,0.05718324658586142,0.7528155895273002,0.05946030843962537,1341.7445083333334,1404.8524604166666,0.11136870415486154
4331,material_r_cable,3,True,1.179971416708419,0.9689173586816656,72.07658286754884,442.3388910595922,11072.90671525144,1.5140487835118523,0.6604806997569057,16764.920942166664,0.2714506916241694,0.05298494,6029.71024497,2273.13683485,0.0,884.46313257,114.51177746,1.380849242465735,1.2092957681358318,/home/chaoyu/phd_simulation/sensitivity_analysis/data/04331_verts.csv,/home/chaoyu/phd_simulation/sensitivity_analysis/data/04331_stress.csv,1.3354927498697695,0.06753166789279269,1.7849994098470903,0.058076166056344226,2154.3829666666666,2910.4516285714285,-0.1440499244895097
4332,material_r_cable,3,True,1.2260010268626995,0.8736174890753101,59.2656392430257,593.3443140801378,6778.849887974623,2.921550790722064,0.3422839689029843,19804.754250398437,0.3429067305865011,0.13439811,2829.27475488,2089.18576759,11.7948357,28.18401286,107.61293657,1.3454336871777386,1.3324023330410812,/home/chaoyu/phd_simulation/sensitivity_analysis/data/04332_verts.csv,/home/chaoyu/phd_simulation/sensitivity_analysis/data/04332_stress.csv,3.103883076380398,0.06809087436074794,3.196085071795504,0.057751893344945,2022.2345199999997,2098.336254347826,-0.014635311361344248
4333,material_r_cable,3,True,1.2071107751483845,1.0107893125328693,73.12906136742089,885.7486141163031,9043.819064635203,1.5281210735907345,0.6543984094468569,13820.0504984107,0.4143993856980476,0.09298148,2988.83122191,2486.11758705,0.0,109.81543023,149.64807159,1.3468306696564336,1.289037110769415,/home/chaoyu/phd_simulation/sensitivity_analysis/data/04333_verts.csv,/home/chaoyu/phd_simulation/sensitivity_analysis/data/04333_stress.csv,1.2509595556133608,0.053792239148016764,0.8988396912168034,0.054597993600678206,2489.2646133333333,2492.476725,0.16379197495568532
4334,material_r_cable,3,True,1.020400723311802,1.210594915672696,79.77789884932432,1664.0234583169374,18605.92730261603,4.2479140004617575,0.2354096622227516,79036.3790803563,0.3770667199569182,0.02683105,29696.90784828,20175.89162282,0.0,1902.10062244,1057.15503461,1.3957531027394514,1.2263071881089465,/home/chaoyu/phd_simulation/sensitivity_analysis/data/04334_verts.csv,/home/chaoyu/phd_simulation/sensitivity_analysis/data/04334_stress.csv,0.896870493706558,0.05392556624142245,0.6609678114922239,0.05368470425730187,20333.997359999998,19198.649885106384,0.15142950422202683
4335,material_r_cable,3,True,1.0571759850457676,1.20138328509053,9.652270541007036,1435.1223773871657,6613.606964664076,2.131845133183329,0.469077225373671,14099.185820406476,0.1659867798873024,0.09006882,6003.76858165,3413.56383895,639.73004759,1631.26790921,169.66154429,1.245712452927679,1.2003040271973813,/home/chaoyu/phd_simulation/sensitivity_analysis/data/04335_verts.csv,/home/chaoyu/phd_simulation/sensitivity_analysis/data/04335_stress.csv,1.4821170031819726,0.06129036522291448,2.3406473096591864,0.055661875549264404,2807.4046909090907,3876.545805769231,-0.22458363535342726
4336,material_r_cable,3,True,1.3428199701677082,0.8404685017516716,14.741217033218575,594.4273950083716,3430.1057097174803,4.804630449973576,0.2081325526306606,16480.39033953683,0.4705349887342279,0.12768584,3473.58019597,1693.58156337,277.09638087,0.0,95.12010484,1.2475704826513754,1.3800731801275636,/home/chaoyu/phd_simulation/sensitivity_analysis/data/04336_verts.csv,/home/chaoyu/phd_simulation/sensitivity_analysis/data/04336_stress.csv,4.040474323622748,0.05705290277384632,2.583865306108567,0.08149829369041331,2211.5143108695656,1648.9583895833337,0.2198874301336602
4337,material_r_cable,3,True,0.8180307443660504,1.2446598029852962,2.499517094889851,947.0507219273824,4047.091144737959,1.923136558224401,0.5199838751561577,7783.108934911811,0.1400970991257527,0.13930217,3385.26775538,2597.80436061,208.72013491,0.0,146.73029858,1.2847098064709734,1.3676120295788223,/home/chaoyu/phd_simulation/sensitivity_analysis/data/04337_verts.csv,/home/chaoyu/phd_simulation/sensitivity_analysis/data/04337_stress.csv,2.5307369572220684,0.06207672079641179,1.3786535058708216,0.0564054968134262,2328.3645355555554,2664.624817021277,0.29469643982294447
4338,material_r_cable,3,True,1.3047415873426074,1.1079793591254992,71.09417842563921,1948.7634024646495,17686.43486755673,3.5015253009501675,0.2855898255907623,61929.49917235712,0.2171796907436846,0.05799707,9952.28755789,9376.82143549,0.0,111.8843469,539.33240985,1.3633258007370372,1.2926242782698896,/home/chaoyu/phd_simulation/sensitivity_analysis/data/04338_verts.csv,/home/chaoyu/phd_simulation/sensitivity_analysis/data/04338_stress.csv,1.0563054641000678,0.053043170959645745,0.8250936117992111,0.05508494297230341,9464.184962222222,9308.530429166667,0.12289357173748
4339,material_r_cable,3,True,1.2797515088545108,0.9769370824110402,13.92597665781935,1590.1261765163547,18950.41755773936,3.2898652951880645,0.3039638131879303,62344.32105252928,0.1204687120918183,0.07599008,13939.33982911,6259.62017232,1345.71144839,0.0,328.40154525,1.2328264678858054,1.3925143676323837,/home/chaoyu/phd_simulation/sensitivity_analysis/data/04339_verts.csv,/home/chaoyu/phd_simulation/sensitivity_analysis/data/04339_stress.csv,1.7083296521304598,0.05504644736550779,1.1986427710518088,0.06576011226871548,8528.752789130436,6489.1846187500005,0.1753325477097907
4340,material_r_cable,3,True,1.2825171162728817,1.039504102387696,74.65533373352382,1679.6823496832778,19271.65133592779,2.111812734648751,0.4735268348338309,40698.11870892292,0.3225131022329681,0.06324413,7528.28755252,6801.2561759,0.0,194.80845685,431.15582893,1.3949080787917765,1.2849942462785733,/home/chaoyu/phd_simulation/sensitivity_analysis/data/04340_verts.csv,/home/chaoyu/phd_simulation/sensitivity_analysis/data/04340_stress.csv,1.090151519432079,0.05343130655557662,0.8151262395803773,0.05479791421719259,6813.209546666665,6775.0142625,0.14434917877499015
4341,material_r_cable,3,True,1.0866566902370094,0.8642534730841932,68.43567329236738,612.6454288887822,11130.823881657034,1.1327091875582564,0.8828391355734182,12607.986475845775,0.3240396950769966,0.17057035,2508.49779733,1737.14922018,15.34912856,100.82208568,81.51794192,1.3784682850521277,1.3199345389258608,/home/chaoyu/phd_simulation/sensitivity_analysis/data/04341_verts.csv,/home/chaoyu/phd_simulation/sensitivity_analysis/data/04341_stress.csv,2.996806262494159,0.06352115919812025,3.669529454757484,0.05833562521866415,1641.6333651162788,1776.9892680851062,-0.10091348842849322
4342,material_r_cable,3,True,1.0416024200229976,1.028813665283054,22.237985936692134,1412.775248136778,1688.228582031635,3.947821765591585,0.2533042420293128,6664.825541438307,0.4782687734029841,0.18831936,3031.24318293,1221.84781089,1223.97695991,507.65024793,43.67127963,1.2478750606241176,1.2687262573361815,/home/chaoyu/phd_simulation/sensitivity_analysis/data/04342_verts.csv,/home/chaoyu/phd_simulation/sensitivity_analysis/data/04342_stress.csv,5.0567480760934425,0.05701803759819201,3.2058738702970886,0.06028477426712627,1046.355597826087,1233.1137574468087,0.22400567493044932
4343,material_r_cable,3,True,1.3271415270998197,1.390477916319082,13.224680547269369,634.6208857696288,9818.141362699584,1.2079135164320354,0.8278738389763405,11859.46565824527,0.3482999814292007,0.02380248,7272.14518006,7260.45086549,0.0,0.0,442.30803533,1.3180111329142277,1.325411805025009,/home/chaoyu/phd_simulation/sensitivity_analysis/data/04343_verts.csv,/home/chaoyu/phd_simulation/sensitivity_analysis/data/04343_stress.csv,0.8762114240220096,0.05283541228592595,0.6569756302315642,0.0552766237358732,7262.529875555557,7265.841433333332,0.14299350701025806
4344,material_r_cable,3,True,0.8661333404743238,1.3246668511354676,24.516580889160625,968.8828299546236,10830.840084383808,1.2252162944113096,0.8161824198399832,13270.121753550206,0.4261774887613432,0.04122517,7644.86003883,5185.73620013,676.79988146,1149.33213477,333.82814591,1.2309597109761712,1.2016902662175295,/home/chaoyu/phd_simulation/sensitivity_analysis/data/04344_verts.csv,/home/chaoyu/phd_simulation/sensitivity_analysis/data/04344_stress.csv,0.9474461602997577,0.059554097054303444,0.9939404850207683,0.05568806833952565,4757.4535638297875,5464.334109803922,-0.023949028820755214
4345,material_r_cable,3,True,1.2821306814361757,1.3522262046324829,32.32614744021302,921.6685501575588,18528.725531877928,2.6058301034545623,0.3837548728423602,48282.71076961465,0.3656659592646348,0.01096936,33210.97634248,23674.57150153,2407.38318393,0.0,1302.94939387,1.2136574221513443,1.2931956545049847,/home/chaoyu/phd_simulation/sensitivity_analysis/data/04345_verts.csv,/home/chaoyu/phd_simulation/sensitivity_analysis/data/04345_stress.csv,,0.054790940080771816,,0.057252027508827026,21421.90291304348,23509.60622708333,
4346,material_r_cable,3,True,1.0921925184240682,1.125297450758265,31.840995997216805,1965.00066503385,14492.531498107037,3.659040380853394,0.273295699395034,53028.757972363375,0.3567763331642369,0.07554034,9702.54028348,8746.63130713,49.05452662,145.05216594,433.12356278,1.2999664621164615,1.2905114246883036,/home/chaoyu/phd_simulation/sensitivity_analysis/data/04346_verts.csv,/home/chaoyu/phd_simulation/sensitivity_analysis/data/04346_stress.csv,1.1401435489938387,0.05342432164817961,0.8882962446136774,0.055090900269198946,8684.408986666667,8831.051829166667,0.12415813630448397
4347,material_r_cable,3,True,1.1264173013110763,1.3760130758594409,7.312233410930039,863.972542440043,12871.009732730236,4.400363925966753,0.2272539309985143,56637.12691867311,0.440100551808256,0.00858926,40353.57827951,30080.56193957,3328.45950275,0.0,1677.45538882,1.2015275302272197,1.2996637806008406,/home/chaoyu/phd_simulation/sensitivity_analysis/data/04347_verts.csv,/home/chaoyu/phd_simulation/sensitivity_analysis/data/04347_stress.csv,,0.05580633054579078,,0.056856386667802364,26565.928220454545,30053.542082978725,
4348,material_r_cable,3,True,1.2685109724455688,0.9588199550748572,29.605783296114986,499.8335569301132,5858.740229089565,1.487259892658802,0.6723774405106034,8713.46936423155,0.154488126786866,0.09118986,2487.37943191,1873.29861923,117.14446717,0.0,99.34421398,1.2753966757543054,1.3551700648442842,/home/chaoyu/phd_simulation/sensitivity_analysis/data/04348_verts.csv,/home/chaoyu/phd_simulation/sensitivity_analysis/data/04348_stress.csv,1.0124277021320156,0.05361128765679844,1.0695767728841303,0.058491272874640655,1974.211868888889,1894.1403895833337,-0.0274490624001524
4350,material_r_cable,3,True,1.3239276961896231,1.1233049913865003,58.12592134902985,1779.5562700312328,9787.993712322184,2.6693897647579337,0.3746174549712796,26127.970233187843,0.1314491006335832,0.10098484,5170.78903971,4609.83147097,153.43494295,0.0,269.71058387,1.296731683299021,1.3785391730508632,/home/chaoyu/phd_simulation/sensitivity_analysis/data/04350_verts.csv,/home/chaoyu/phd_simulation/sensitivity_analysis/data/04350_stress.csv,1.181424873593126,0.05317442737385164,1.0643694652819689,0.05592978735118618,4558.224384444445,4672.399566666667,0.052122051554279715
4351,material_r_cable,3,True,1.2879877226848364,0.980466297328815,70.68343800530434,313.7575839183541,11611.410222579085,1.1857255079921916,0.8433655118825236,13767.945284673311,0.1945911055237831,0.02983431,3707.67095249,3695.81942442,0.0,0.0,205.69071599,1.299387010250271,1.3183784402773964,/home/chaoyu/phd_simulation/sensitivity_analysis/data/04351_verts.csv,/home/chaoyu/phd_simulation/sensitivity_analysis/data/04351_stress.csv,0.9084404512888293,0.0528567124359338,0.6881159019864908,0.055273640889936096,3693.32462,3701.621766666667,0.13799985753734584
4353,material_r_cable,3,True,1.2716947802226797,1.3841007971657662,49.02909096296654,1466.8314356764715,4725.175663350868,1.8431473214992875,0.5425502282620368,8709.19486751877,0.3089556344217931,0.09081924,5374.62943725,4637.39572879,0.0,185.24210585,257.73399906,1.379798070302177,1.2774519424873318,/home/chaoyu/phd_simulation/sensitivity_analysis/data/04353_verts.csv,/home/chaoyu/phd_simulation/sensitivity_analysis/data/04353_stress.csv,1.2282792711054802,0.0535579789766052,0.9358306480747022,0.05455894906235956,4682.231317777777,4596.323839583333,0.13513575278170928
4354,material_r_cable,3,True,1.3768142224520914,1.2414956131028427,27.994461905745453,821.4875429931706,14651.025526655516,1.0692781939438072,0.9352103181976532,15666.022114566827,0.4090728829445759,0.02253186,10630.7812176,9292.0822943,0.0,443.83100515,578.4268211,1.368769321972783,1.2561779918477072,/home/chaoyu/phd_simulation/sensitivity_analysis/data/04354_verts.csv,/home/chaoyu/phd_simulation/sensitivity_analysis/data/04354_stress.csv,0.8723673267544628,0.05350367227750625,0.6353245264978176,0.054266688667189485,9276.395286666668,9059.620027083334,0.15722231286540034
4356,material_r_cable,3,True,1.1066145328825656,1.1381140509279306,3.4064100484944446,843.2672387874713,6360.594196129409,4.968341130889218,0.2012744241297745,31601.601761524988,0.1773221965335079,0.04720991,9759.56278172,4949.61653289,1479.75306046,193.91486594,228.76385397,1.211039174890074,1.2615756872785453,/home/chaoyu/phd_simulation/sensitivity_analysis/data/04356_verts.csv,/home/chaoyu/phd_simulation/sensitivity_analysis/data/04356_stress.csv,1.2324340562447558,0.05870670185741779,0.7222374175396863,0.05820447408467161,3979.9681760869557,5143.429002083333,0.26101400953955556
4357,material_r_cable,3,True,1.0065374603191262,1.1867442207518324,36.21441436703754,587.3983014440576,17626.290247495548,3.991746209070551,0.2505169285882137,70359.67727541758,0.262766291065533,0.01127701,24514.45372627,14809.43818335,1787.91229666,1855.96625597,743.55535289,1.2165579104627169,1.2057249042193685,/home/chaoyu/phd_simulation/sensitivity_analysis/data/04357_verts.csv,/home/chaoyu/phd_simulation/sensitivity_analysis/data/04357_stress.csv,,0.05698691119384329,,0.05579449914436154,13789.337872916667,15183.692200000001,
4358,material_r_cable,3,True,1.0188536528227337,1.1134772058669995,76.13417079159221,1714.2387818221553,4450.320309468955,1.6298723089740283,0.6135449964356287,7253.453838468178,0.2181547918502927,0.20638592,3755.06613559,1717.01802115,64.28958061,1249.38066834,69.97782744,1.3960419234455874,1.2690231571980857,/home/chaoyu/phd_simulation/sensitivity_analysis/data/04358_verts.csv,/home/chaoyu/phd_simulation/sensitivity_analysis/data/04358_stress.csv,1.6569776169950128,0.05909361862573695,3.841937467407492,0.05652618177367147,1831.800417073171,1794.9246604166667,-0.3973438063464641
4359,material_r_cable,3,True,1.2122905982442895,1.3699356068567916,37.79328641105089,327.31979345368563,2741.504499936918,2.02264585615158,0.4944019225899813,5545.092716418317,0.4267711892520521,0.02972567,3955.58385752,3014.05120837,236.40390709,0.0,175.48219637,1.240384847005397,1.3522712428004,/home/chaoyu/phd_simulation/sensitivity_analysis/data/04359_verts.csv,/home/chaoyu/phd_simulation/sensitivity_analysis/data/04359_stress.csv,0.8447476722551882,0.054155335698267304,0.6944584933208264,0.05688172098455872,2784.4287,3003.21665625,0.09764070746047154
4360,material_r_cable,3,True,1.2926367436673485,1.2243060348312365,26.929954904837896,1012.2023215016249,10282.310161627944,3.5713471762128344,0.280006381530353,36721.699360674495,0.4138800153912502,0.02636787,12503.4479174,12475.41952123,0.0,0.0,648.75144619,1.36121793674167,1.39744154758446,/home/chaoyu/phd_simulation/sensitivity_analysis/data/04360_verts.csv,/home/chaoyu/phd_simulation/sensitivity_analysis/data/04360_stress.csv,0.8899662244795252,0.0528398680177993,0.6706691643253037,0.05528204700339832,12477.666459999999,12490.78801875,0.14051780558568802
4362,material_r_cable,3,True,1.1472424550980604,0.9684711427445184,82.47454469484131,630.5765974665856,14254.355224379682,3.874585241702048,0.2580921408663382,55229.71438235999,0.1779311204886997,0.08383078,5604.23503448,2687.77661847,709.2225165,314.25883223,118.11965367,1.2395722961834676,1.2734780235791163,/home/chaoyu/phd_simulation/sensitivity_analysis/data/04362_verts.csv,/home/chaoyu/phd_simulation/sensitivity_analysis/data/04362_stress.csv,2.2666738052128657,0.06013176979480701,2.2336177010590617,0.05759717543062404,2711.701582608696,3271.778114893617,0.007345325098992955
4363,material_r_cable,3,True,1.1737312654242458,1.2575428529310826,0.2741239842934087,1981.64623163976,19439.797899221296,4.891253697801185,0.204446561512346,95084.98335907389,0.4576424599661312,0.01910111,40689.5643832,35386.93563352,1028.04375297,0.0,1800.46553231,1.2584672027807526,1.3685986654532454,/home/chaoyu/phd_simulation/sensitivity_analysis/data/04363_verts.csv,/home/chaoyu/phd_simulation/sensitivity_analysis/data/04363_stress.csv,,0.05345265836402661,,0.055778978762640465,33575.57882666667,35453.651852083334,
4364,material_r_cable,3,True,0.8979704211672659,0.8149162442720594,23.70049950392777,1336.1955969560602,2073.908070257605,3.136372279382616,0.3188397010691749,6504.547781543846,0.2294805299305647,0.27886741,2022.47149077,683.71755524,1039.27448381,1362.35056201,25.87620948,1.2692287922813827,1.255659074329325,/home/chaoyu/phd_simulation/sensitivity_analysis/data/04364_verts.csv,/home/chaoyu/phd_simulation/sensitivity_analysis/data/04364_stress.csv,9.685324857701865,0.09673189495998082,8.56324459460538,0.07885335703807958,952.2095303571429,787.562175862069,0.06148866989431964
4365,material_r_cable,3,True,1.026514473291653,1.073671057252136,89.17276185838178,606.0664348834332,16068.086791176433,1.500475558928175,0.6664553741310678,24109.771508896883,0.2355808293686143,0.08817804,2262.33949093,2143.578775,0.0,0.0,112.5081298,1.368640345320638,1.3389445763112424,/home/chaoyu/phd_simulation/sensitivity_analysis/data/04365_verts.csv,/home/chaoyu/phd_simulation/sensitivity_analysis/data/04365_stress.csv,1.1980447011634643,0.05288426081730595,1.007691308625946,0.055742621895785716,2231.5387399999995,2133.0828791666668,0.08629926323580854
4366,material_r_cable,3,True,0.961375539583088,1.1841950494018358,27.42649612146172,1438.347410537994,5257.6544638143205,4.428388957862204,0.2258157559138048,23282.93897181026,0.1866532309852577,0.1092808,5547.73825841,5230.46208014,0.0,40.17175917,257.42555225,1.399365548693646,1.310261643004879,/home/chaoyu/phd_simulation/sensitivity_analysis/data/04366_verts.csv,/home/chaoyu/phd_simulation/sensitivity_analysis/data/04366_stress.csv,1.3428763833597004,0.053940101770065856,1.030753507766336,0.05553956719345343,5214.458755555555,5354.198265957447,0.13149601661162735
4367,material_r_cable,3,True,0.8415009430339302,1.147378525515149,77.62681998658842,981.9898933568358,17872.586667559972,3.995214541674053,0.250299449396023,71404.81815156541,0.4327137811954974,0.03298262,13718.82529954,11400.20012712,0.0,338.12880404,606.21423379,1.3482397296633677,1.2727649175988205,/home/chaoyu/phd_simulation/sensitivity_analysis/data/04367_verts.csv,/home/chaoyu/phd_simulation/sensitivity_analysis/data/04367_stress.csv,0.9235838458665743,0.053098999549038156,0.707521953612433,0.05443028435570164,11496.764006666666,11171.480302083333,0.13246344432295795
4368,material_r_cable,3,True,1.3641461396689316,0.8599856447093414,22.120002970230946,1379.886250301753,5676.770304181894,3.255152541512828,0.3072052652670007,18478.75328324224,0.3901411255033213,0.15582007,3121.36251227,2812.88300806,0.0,79.68893464,177.35075818,1.362620135543533,1.3331630296328374,/home/chaoyu/phd_simulation/sensitivity_analysis/data/04368_verts.csv,/home/chaoyu/phd_simulation/sensitivity_analysis/data/04368_stress.csv,1.4915956692285854,0.053121103363428235,1.3732112394640776,0.055195331724468374,2862.7562116279073,2714.8715022222223,0.04132370297114782
4369,material_r_cable,3,True,1.1147560783469557,1.0145460341072858,73.84119550907448,228.85826322955205,17606.19092834545,3.5435697917866023,0.2822012994686407,62388.76632211226,0.3361868750730755,0.0157314,10147.43968394,3008.97308201,0.0,1475.85262656,168.49549331,1.2926353460211852,1.2144077746219148,/home/chaoyu/phd_simulation/sensitivity_analysis/data/04369_verts.csv,/home/chaoyu/phd_simulation/sensitivity_analysis/data/04369_stress.csv,,0.059749251030983754,,0.05584970249588486,2712.2868088888895,4546.61795106383,
4370,material_r_cable,3,True,1.337056970771163,1.0275758205871253,33.79135582878772,1450.3999951180956,10917.742333478596,1.6728229575669222,0.5977918915307536,18263.450020243257,0.4654866841843516,0.07095074,5406.8300387,5315.14340923,0.0,0.0,345.53486881,1.3282008765018276,1.3520588843864532,/home/chaoyu/phd_simulation/sensitivity_analysis/data/04370_verts.csv,/home/chaoyu/phd_simulation/sensitivity_analysis/data/04370_stress.csv,1.1185497344634676,0.05282750383213236,0.9063572437695361,0.05529710967930359,5351.670211111111,5338.681589583334,0.104791228918129
4372,material_r_cable,3,True,1.2968123199198551,1.1420785042909485,65.43065023801897,899.8854645333752,2286.642180231735,3.412349072546819,0.2930532541483648,7802.821322960197,0.3654865879586939,0.13078136,2455.1823489,2042.4528702,0.0,83.8924147,101.64449455,1.3733054884606517,1.303351333392743,/home/chaoyu/phd_simulation/sensitivity_analysis/data/04372_verts.csv,/home/chaoyu/phd_simulation/sensitivity_analysis/data/04372_stress.csv,1.4132347317528902,0.05349071695007736,1.1036513881494667,0.05462204621917879,2112.2651911111107,1998.4513893617025,0.12300252329868376
4373,material_r_cable,3,True,1.3726181220479954,0.9154122289067842,56.86608012760636,624.2612351786825,19793.95180762085,4.027635632884765,0.2482846243178549,79722.82561597756,0.3495771487401184,0.0244681,10869.63379013,8882.92862465,0.0,279.47783397,514.10272769,1.3269256515784602,1.2736806933349842,/home/chaoyu/phd_simulation/sensitivity_analysis/data/04373_verts.csv,/home/chaoyu/phd_simulation/sensitivity_analysis/data/04373_stress.csv,0.8847264212368652,0.0540236459376807,0.6211477393582289,0.05483331550238938,8834.175526666668,8965.403170833333,0.17503367065842662
4374,material_r_cable,3,True,1.3501739381501574,1.0656366573817202,42.88687757668916,1301.3771095074276,19716.8825187984,4.507685610885694,0.2218433329922302,88877.50762151123,0.4284049252504966,0.02423723,17826.37469946,14714.35317561,0.0,556.69906308,849.88559661,1.390387061735321,1.2645302846301525,/home/chaoyu/phd_simulation/sensitivity_analysis/data/04374_verts.csv,/home/chaoyu/phd_simulation/sensitivity_analysis/data/04374_stress.csv,0.8812772256765145,0.05343001434300205,0.6428810410618887,0.05456760655434542,14746.40751111111,14430.591120833335,0.15641169937343688
4375,material_r_cable,3,True,1.0073910017133143,0.993926497208266,32.85980768330567,839.211219174411,1660.3174621704527,1.3007696887167235,0.7687756016105755,2159.6906284384,0.272771812867583,0.23652392,955.27050887,473.27765375,263.38953408,815.22796173,10.26575171,1.3286036461800184,1.2632613544003235,/home/chaoyu/phd_simulation/sensitivity_analysis/data/04375_verts.csv,/home/chaoyu/phd_simulation/sensitivity_analysis/data/04375_stress.csv,4.711730322960144,0.06151492904854518,5.959226857134158,0.05984568084917727,447.5703761904763,523.42763125,-0.11690577640973994
4376,material_r_cable,3,True,1.3018141356998745,0.8172507367390701,0.989552193160904,1171.043275777796,1096.973632886214,3.3934234478529106,0.2946876555098718,3722.496047512469,0.4239518519962389,0.24640555,1302.26201701,681.80552489,257.72281204,862.37151965,40.37171746,1.329756021249178,1.2982029163714155,/home/chaoyu/phd_simulation/sensitivity_analysis/data/04376_verts.csv,/home/chaoyu/phd_simulation/sensitivity_analysis/data/04376_stress.csv,4.099270108534863,0.06010263975574621,5.450310768251855,0.06002162705121744,775.0501909090909,674.3515239130436,-0.14147643515969638
4377,material_r_cable,3,True,1.0698319034287915,1.3952940300232055,48.23082317063609,221.92570540591475,7035.942392995804,2.527580310263548,0.3956353022451465,17783.90945668478,0.4048599023729435,0.00642211,12383.03671532,9331.08915624,818.64467566,264.93353509,561.20086801,1.224002884907394,1.2603868879549525,/home/chaoyu/phd_simulation/sensitivity_analysis/data/04377_verts.csv,/home/chaoyu/phd_simulation/sensitivity_analysis/data/04377_stress.csv,,0.05495415416700649,,0.05649374584200129,8929.738334693879,9196.7936375,
4378,material_r_cable,3,True,1.0447671721944465,1.2735130679038875,29.036979227020552,558.991161936586,19761.09899855477,3.370354928019736,0.2967046561436049,66601.91739286494,0.1854347419000381,0.01030876,20412.78139755,20406.08186885,0.0,0.0,1055.1683721,1.3523011732422394,1.3483859451549978,/home/chaoyu/phd_simulation/sensitivity_analysis/data/04378_verts.csv,/home/chaoyu/phd_simulation/sensitivity_analysis/data/04378_stress.csv,,0.05282839684650083,,0.055273134580642466,20405.69343555556,20409.59865625,
4379,material_r_cable,3,True,0.8541902715753493,1.3230287236345286,15.86596625492974,259.0040184986948,7597.56844358771,3.714210941259436,0.2692361892781766,28218.971840140897,0.3694440590984125,0.00679286,11964.87018053,10910.55303301,129.73698068,495.40503266,696.99918839,1.2793859505124905,1.2283851799836305,/home/chaoyu/phd_simulation/sensitivity_analysis/data/04379_verts.csv,/home/chaoyu/phd_simulation/sensitivity_analysis/data/04379_stress.csv,,0.056027663525232176,,0.05538218021460539,10747.297104347826,11030.726478723403,
4381,material_r_cable,3,True,0.8283116555588189,1.3594440498720528,87.63140900011169,1804.9208876666708,18369.790409263645,2.543577169039982,0.3931471048615475,46724.97948505264,0.1378577351666394,0.03012543,22274.5110545,20276.79910293,0.0,348.96768001,1267.34086286,1.3928681214255505,1.2753120800216944,/home/chaoyu/phd_simulation/sensitivity_analysis/data/04381_verts.csv,/home/chaoyu/phd_simulation/sensitivity_analysis/data/04381_stress.csv,0.9091978656435111,0.05303047464996403,0.6980769264095924,0.05450069624938918,20326.138039999998,20069.295647916668,0.13135335679858245
4382,material_r_cable,3,True,0.9984692381533208,0.961714805732043,41.15020338815391,1116.440514390057,4404.127978509128,4.615069489898094,0.2166814610676818,20325.356663224047,0.2693511489573605,0.21530219,3612.22671642,1233.49565159,515.05956182,117.22118186,37.80381633,1.3131509317617729,1.3831980196890583,/home/chaoyu/phd_simulation/sensitivity_analysis/data/04382_verts.csv,/home/chaoyu/phd_simulation/sensitivity_analysis/data/04382_stress.csv,2.925205452660732,0.05669444696266896,1.4015446080422824,0.059994848401244555,1365.7908953488372,1355.1444195652173,0.35214903177718654
4384,material_r_cable,3,True,1.238806899979544,1.263336404335663,86.03186826569518,617.0329404218376,14893.709782951431,4.822053873546455,0.2073805117537051,71818.27095035769,0.3139732076318181,0.00890862,25192.9099818,23901.00048782,748.71552405,0.0,1165.1162944,1.2487198820704295,1.3693705264689413,/home/chaoyu/phd_simulation/sensitivity_analysis/data/04384_verts.csv,/home/chaoyu/phd_simulation/sensitivity_analysis/data/04384_stress.csv,,0.053576913570087474,,0.05694128289433969,23619.903786956525,23937.537383333332,
4385,material_r_cable,3,True,1.0085965558694676,1.1835452683533925,41.838507690912266,564.915239375873,2876.452192417173,4.533725972731563,0.2205691314416829,13041.046014082389,0.4525774157294617,0.05188742,5094.93486938,3160.47455477,0.0,536.06068844,164.0280238,1.3540203873999774,1.2141609220473764,/home/chaoyu/phd_simulation/sensitivity_analysis/data/04385_verts.csv,/home/chaoyu/phd_simulation/sensitivity_analysis/data/04385_stress.csv,1.0799391397007525,0.05666044783357538,0.8847879858609654,0.05529056083347056,3192.512486956522,3195.2434408163267,0.09932735762682217
4386,material_r_cable,3,True,1.344665628033712,0.8389882735674297,22.52982864772776,658.5916994232385,8755.42489105875,2.6610895791332103,0.3757859216170119,23298.969938479964,0.2419421732384918,0.01338106,5690.02089494,4666.434304,0.0,335.2061212,220.16153587,1.3990322300529092,1.2467351109618188,/home/chaoyu/phd_simulation/sensitivity_analysis/data/04386_verts.csv,/home/chaoyu/phd_simulation/sensitivity_analysis/data/04386_stress.csv,,0.11667586965861958,,0.2606590134732757,4650.839126666666,4585.974391666667,
4387,material_r_cable,3,True,1.1632151032460845,1.2278303059287072,55.63826563499708,299.8080083363599,14894.285774585474,3.6923422763173313,0.27083079659597,54994.801041053775,0.3513990046413838,0.00642706,17340.36622863,15851.72931216,0.0,227.57129628,813.07328072,1.2996434632212337,1.276877955570732,/home/chaoyu/phd_simulation/sensitivity_analysis/data/04387_verts.csv,/home/chaoyu/phd_simulation/sensitivity_analysis/data/04387_stress.csv,,0.053077415076093,,0.05485600009574325,15878.610195555553,15715.479385416666,
4388,material_r_cable,3,True,1.3931995214708524,1.1672662978094557,32.79092424289977,1523.218043692592,12448.499721860124,3.639156498124013,0.2747889519221008,45302.03865470224,0.3722495622881483,0.03599719,12994.47048464,12666.97489264,0.0,66.02863911,691.97573275,1.3669941887347752,1.289851664935806,/home/chaoyu/phd_simulation/sensitivity_analysis/data/04388_verts.csv,/home/chaoyu/phd_simulation/sensitivity_analysis/data/04388_stress.csv,0.9410914208839859,0.05293290130382314,0.7183751365390697,0.055125903675990115,12682.315311111113,12657.9424375,0.13420956472347764
4389,material_r_cable,3,True,1.2364939296874842,0.90799855374084,27.880768582929136,1327.641722105387,4086.556216648137,2.6749585758681693,0.373837564821147,10931.368597490316,0.4296863329347177,0.15819679,3516.74510563,1495.81384405,1537.17776788,71.81965421,79.11278561,1.2164177900286912,1.3586822181111602,/home/chaoyu/phd_simulation/sensitivity_analysis/data/04389_verts.csv,/home/chaoyu/phd_simulation/sensitivity_analysis/data/04389_stress.csv,5.3270813409710085,0.05675590481306359,1.7742398435992093,0.06842119736219829,1984.7770340000002,1623.5755638297876,0.5003071125822938
4390,material_r_cable,3,True,0.9296597619834978,1.28690319498771,29.753473522967106,462.33058029921256,13233.9471733318,3.26897215230905,0.3059065520927262,43261.40477475072,0.3866657252294125,0.01037437,14869.87051615,14865.04663228,0.0,0.0,875.17251715,1.3470606621267314,1.3025696701104132,/home/chaoyu/phd_simulation/sensitivity_analysis/data/04390_verts.csv,/home/chaoyu/phd_simulation/sensitivity_analysis/data/04390_stress.csv,,0.052827637221142636,,0.055273386836588334,14864.859493333332,14867.79399375,
4392,material_r_cable,3,True,1.296111157982389,1.366067296725729,64.68308451738442,1306.9914728808124,3492.912813865892,2.086153506489944,0.4793511104954828,7286.752314509986,0.4146173624495812,0.07216888,5670.45123697,4242.96959025,610.36944447,475.97408982,237.33457796,1.2259095807227307,1.2381706607866831,/home/chaoyu/phd_simulation/sensitivity_analysis/data/04392_verts.csv,/home/chaoyu/phd_simulation/sensitivity_analysis/data/04392_stress.csv,1.0020376930477164,0.058172037691887404,0.8358006639379948,0.05622766302477564,4057.440559183674,4086.9659127659575,0.09045247558243995
4395,material_r_cable,3,True,1.3754076067597425,1.0787050786434738,31.990898123613007,435.5172818623526,6711.615737480798,3.3174426804464816,0.3014370092644415,22265.40050227509,0.2576206480950266,0.03107811,4031.80962421,3509.97802523,138.30452934,0.0,224.52222683,1.272829149169485,1.375391103730377,/home/chaoyu/phd_simulation/sensitivity_analysis/data/04395_verts.csv,/home/chaoyu/phd_simulation/sensitivity_analysis/data/04395_stress.csv,0.8792753753451958,0.0532138682742539,0.699251954870632,0.05610235323489569,3356.791393333334,3518.5715333333333,0.1140451717424175
4397,material_r_cable,3,True,1.3114203881768614,1.2214495680390287,1.662432385163447,1312.3248329068574,11228.84318662388,3.928485134534497,0.254551045951328,44112.34353667089,0.3994546529049406,0.02975648,14654.59895255,14612.87046533,0.0,0.0,745.01125759,1.386519666463793,1.3281166258610388,/home/chaoyu/phd_simulation/sensitivity_analysis/data/04397_verts.csv,/home/chaoyu/phd_simulation/sensitivity_analysis/data/04397_stress.csv,0.9079580206514666,0.05284237533395607,0.6884226287190629,0.05527449536495796,14609.359782222222,14642.51055833333,0.13752070473854022
4398,material_r_cable,3,True,1.195409770100067,1.0538171079216614,48.5014058184293,930.0400237414068,3596.658363368224,3.88010543706105,0.2577249552160213,13955.413670956144,0.1923607452666333,0.130945,3643.90423521,1539.17163901,24.24201921,649.76305824,74.69706256,1.3332456029144966,1.239536070851578,/home/chaoyu/phd_simulation/sensitivity_analysis/data/04398_verts.csv,/home/chaoyu/phd_simulation/sensitivity_analysis/data/04398_stress.csv,1.5510732935632834,0.05785319011707211,1.845716183009263,0.054813697266019604,1560.7469822222224,1780.3201191489363,-0.08674158097760075
4399,material_r_cable,3,True,1.0207577780554358,1.0960435833623088,87.50853100082556,576.9666668349149,8099.796926866438,3.6717680567922346,0.2723483576665868,29740.57562257209,0.2376602729461634,0.06317889,3970.21421668,3248.32749619,186.7401925,0.0,151.19640239,1.261953371290765,1.3105148600846908,/home/chaoyu/phd_simulation/sensitivity_analysis/data/04399_verts.csv,/home/chaoyu/phd_simulation/sensitivity_analysis/data/04399_stress.csv,0.8977836342358526,0.0535305769063339,0.9123209738812873,0.05870241675653255,3346.9051622222223,3248.5944645833333,-0.00803121520173154
4400,material_r_cable,3,True,0.9841437482977856,1.321811602778518,59.77325994074664,1527.5739338224548,9290.808948233956,3.824884909755361,0.2614457751263317,35536.274945520134,0.4869241599112089,0.03056582,16471.99791033,15677.00674247,160.41411586,2.02417793,934.35062346,1.2773836658885471,1.2940878684840438,/home/chaoyu/phd_simulation/sensitivity_analysis/data/04400_verts.csv,/home/chaoyu/phd_simulation/sensitivity_analysis/data/04400_stress.csv,0.8973612315727394,0.053195009467954545,0.6960519122209298,0.055716646476772116,15520.78488,15671.139816666668,0.12633843277614956
4401,material_r_cable,3,True,1.0517599455548057,1.2768306643235494,36.46282158373575,1997.291329028128,18817.39734136125,2.3804123865958373,0.4200952766130043,44793.1657148719,0.491318904353183,0.03071264,24212.80952877,17439.69230553,0.0,2069.10742727,1013.25094608,1.30071484395292,1.207748988577865,/home/chaoyu/phd_simulation/sensitivity_analysis/data/04401_verts.csv,/home/chaoyu/phd_simulation/sensitivity_analysis/data/04401_stress.csv,0.9316049715013436,0.055492726570620744,0.6644673167107659,0.05456986000833117,17505.143993478257,17398.612957446807,0.16737190211467198
4402,material_r_cable,3,True,1.1410478537840745,1.063359647414545,17.13310914666056,1099.433747817912,5334.878174772767,4.338520492885712,0.2304933217763511,23145.47828830037,0.4495187598364092,0.11082346,3552.90190979,3104.4334068,0.0,75.09962529,152.30177411,1.3838096946519838,1.301917247736355,/home/chaoyu/phd_simulation/sensitivity_analysis/data/04402_verts.csv,/home/chaoyu/phd_simulation/sensitivity_analysis/data/04402_stress.csv,1.3383716079633867,0.05358899403557694,1.0177886182811158,0.05484197928101561,3097.568128888889,3198.8425510638303,0.13606162522879442
4403,material_r_cable,3,True,0.9246693575473224,1.207702630610306,47.57387310067509,541.714246826394,7888.244315172929,2.559822150919603,0.3906521395014709,20192.5025298453,0.4644088748268943,0.03681147,5036.6773315,5012.21666957,0.0,0.0,282.83376683,1.3069401959960871,1.3307936915755867,/home/chaoyu/phd_simulation/sensitivity_analysis/data/04403_verts.csv,/home/chaoyu/phd_simulation/sensitivity_analysis/data/04403_stress.csv,0.9460936622812666,0.05285892473887803,0.7274543626366881,0.055355729615736766,5020.599162222223,5018.49369375,0.13064417416721416
4404,material_r_cable,3,True,1.0384914710988378,1.3736970702457931,46.88423846773665,553.4957418309102,7772.954331688202,1.2219594776777107,0.8183577428446837,9498.235215162416,0.4841944213051422,0.02598067,6960.25789142,5008.47020431,614.71561191,166.67653886,326.10963529,1.225005456331346,1.264819081502106,/home/chaoyu/phd_simulation/sensitivity_analysis/data/04404_verts.csv,/home/chaoyu/phd_simulation/sensitivity_analysis/data/04404_stress.csv,0.8185229430527537,0.05543239358284678,0.6615746952193252,0.05666411039803445,4656.686172340425,4932.941816666666,0.10603911780891412
4406,material_r_cable,3,True,0.9122296862914664,1.321105742097784,58.7272807183511,562.8219549674124,15169.146729704227,2.7069626064426577,0.3694177369203283,41062.31296895127,0.2387972853228711,0.0106329,23195.92166571,15333.09164719,265.1938301,2072.55465587,901.53891055,1.2663330733071794,1.204733246652265,/home/chaoyu/phd_simulation/sensitivity_analysis/data/04406_verts.csv,/home/chaoyu/phd_simulation/sensitivity_analysis/data/04406_stress.csv,,0.05457499339964708,,0.054891247445879976,15464.059916666665,15104.357153191491,
4407,material_r_cable,3,True,0.8274583667393571,1.3556179275588098,89.35462260613242,1228.432373269705,13792.80551350042,4.268876428344527,0.2342536770003906,58879.782337322365,0.231800666626107,0.0133771,35399.51255647,24762.47956757,1019.73137015,2480.74010234,1619.69178407,1.219447533459015,1.214582114804656,/home/chaoyu/phd_simulation/sensitivity_analysis/data/04407_verts.csv,/home/chaoyu/phd_simulation/sensitivity_analysis/data/04407_stress.csv,,0.054191286991718164,,0.05660953168460233,25158.756025490202,23851.503219148937,
4409,material_r_cable,3,True,1.278086663273765,1.2813578272086628,26.669199197631876,1018.1955551544748,12366.811037501637,4.677714460582834,0.2137796157560677,57848.41082141681,0.4625624645115488,0.0141071,25187.46743676,25173.48098056,0.0,0.0,1261.34906255,1.334623640159172,1.350849228612071,/home/chaoyu/phd_simulation/sensitivity_analysis/data/04409_verts.csv,/home/chaoyu/phd_simulation/sensitivity_analysis/data/04409_stress.csv,,0.05283377885032821,,0.05527691988859496,25173.826435555548,25181.857270833338,
4410,material_r_cable,3,True,0.8372869435557097,1.117333729243903,51.259295242185935,1936.920650898172,4882.703884717224,2.716989198189961,0.3680544628834715,13266.25371273686,0.3021763858759448,0.19786946,5278.34900174,2938.3814268,30.67562428,859.30497775,151.45846831,1.3969487339209938,1.278697009770992,/home/chaoyu/phd_simulation/sensitivity_analysis/data/04410_verts.csv,/home/chaoyu/phd_simulation/sensitivity_analysis/data/04410_stress.csv,1.6884438544392657,0.059718143501020594,2.4868671076986453,0.05409912449648219,3066.924646511628,3066.819598039216,-0.19122485977680517
4411,material_r_cable,3,True,1.165476473541364,1.1700298809273049,85.47120523570754,538.818070076276,19904.78799936521,2.838340339082671,0.3523185666744926,56496.56271948692,0.3823520050608366,0.01319642,12944.19076831,12935.13403477,0.0,0.0,696.67731119,1.3445901398609197,1.3121980053159443,/home/chaoyu/phd_simulation/sensitivity_analysis/data/04411_verts.csv,/home/chaoyu/phd_simulation/sensitivity_analysis/data/04411_stress.csv,,0.05283305101124192,,0.05527645834819636,12941.63393111111,12934.61724375,
4412,material_r_cable,3,True,1.104800495140961,0.8905358117710804,25.15046364903377,431.669138965457,5291.099363233981,2.2451821013293243,0.4453981703345672,11879.48158668792,0.1847144082955697,0.18307125,1752.88700786,1081.83002978,61.03661668,29.55159564,50.63298779,1.3479039477905466,1.3745735472439833,/home/chaoyu/phd_simulation/sensitivity_analysis/data/04412_verts.csv,/home/chaoyu/phd_simulation/sensitivity_analysis/data/04412_stress.csv,2.7918709659284002,0.053418082958233123,2.1069654010843886,0.05923087156675535,1141.3969906976745,1016.7034688888889,0.13980984738660562
4414,material_r_cable,3,True,1.2720549770812415,0.977518371509874,66.15362936259555,1201.4311359655446,17268.478041295355,3.653201250160504,0.2737325243048312,63085.2255688294,0.1839707667414305,0.06159119,13722.49238076,5369.72989477,0.0,1217.3174841,291.55131918,1.3301005885180692,1.2304782464617392,/home/chaoyu/phd_simulation/sensitivity_analysis/data/04414_verts.csv,/home/chaoyu/phd_simulation/sensitivity_analysis/data/04414_stress.csv,1.2431137416932128,0.05928466041421851,1.137107157427945,0.05476624902732589,5086.701702222223,6579.324178723404,0.04453644798447417
4415,material_r_cable,3,True,1.3094311295940138,1.249368338834651,28.949542910524546,495.1676018196464,8448.930302009754,1.7264113028382295,0.5792362447789785,14586.328770282058,0.1416578987420392,0.02689894,6297.56642116,4362.32317616,0.0,767.93271506,257.35059639,1.2941908067747432,1.2213367870601768,/home/chaoyu/phd_simulation/sensitivity_analysis/data/04415_verts.csv,/home/chaoyu/phd_simulation/sensitivity_analysis/data/04415_stress.csv,0.914182189483406,0.05560024166654163,0.6655150638620696,0.05391412770297861,4339.357582222222,4538.74620212766,0.1574144191836191
4416,material_r_cable,3,True,0.8099334168258343,1.2791769567777036,18.924908547330148,1530.6599904714446,6836.038585243014,3.1636121020601125,0.316094378115702,21626.574398424687,0.4719194668303326,0.04981776,10694.39764514,7450.67284692,778.0974143,804.73255098,489.04818184,1.2356357449306097,1.2119890690549766,/home/chaoyu/phd_simulation/sensitivity_analysis/data/04416_verts.csv,/home/chaoyu/phd_simulation/sensitivity_analysis/data/04416_stress.csv,0.9761361229138875,0.05871149011463859,0.900946971580052,0.05521721651472249,6769.383528260869,7536.448239583333,0.04005637872632723
4417,material_r_cable,3,True,1.369559783758033,1.0270038104907315,12.661192054333096,465.2838252908204,3921.516549284117,1.462148197696541,0.6839252009990463,5733.83835477293,0.4308642267411225,0.05444585,2772.83599608,1960.13784542,0.0,331.76270033,129.9945629,1.3407202844053303,1.2313189128047883,/home/chaoyu/phd_simulation/sensitivity_analysis/data/04417_verts.csv,/home/chaoyu/phd_simulation/sensitivity_analysis/data/04417_stress.csv,1.0581172411483684,0.05448948233679486,0.7776842076470081,0.05341160741771086,1952.1446377777777,1865.5047425531916,0.15275782339390567
4418,material_r_cable,3,True,1.3175117063984296,1.1545759880248232,27.498833200462933,377.8645601460465,11508.22068210906,2.8412814205873014,0.3519538729089697,32698.093608094998,0.1283520834326315,0.01828268,5825.01500897,5815.53794521,0.0,0.0,340.8148056,1.3520155880013986,1.3044361709314685,/home/chaoyu/phd_simulation/sensitivity_analysis/data/04418_verts.csv,/home/chaoyu/phd_simulation/sensitivity_analysis/data/04418_stress.csv,,0.0528356192047666,,0.05527844747294249,5817.229804444444,5819.852714583333,
4419,material_r_cable,3,True,0.8728343333551006,1.0596445018544722,19.02247502084545,1576.768784289142,3456.4655636629927,3.38663935583043,0.2952779717386802,11705.802309973704,0.2353328504629838,0.19315621,4462.39353626,1885.75725576,1346.20300733,267.71939261,86.88756095,1.2581284349958168,1.2946247201601828,/home/chaoyu/phd_simulation/sensitivity_analysis/data/04419_verts.csv,/home/chaoyu/phd_simulation/sensitivity_analysis/data/04419_stress.csv,5.267340030897219,0.05918180852960493,2.747352268672333,0.061011482926590775,1731.6671936170212,2012.133488888889,0.31442102429312574
4420,material_r_cable,3,True,1.073846126222218,1.1879726323992956,66.88619340053548,1794.315607460528,19148.46382760914,4.189825813644285,0.2386734065992605,80228.72803655063,0.1752994315041879,0.0427204,16680.00693476,16568.10885619,0.0,0.0,792.60765536,1.3324220592083966,1.2965955886594978,/home/chaoyu/phd_simulation/sensitivity_analysis/data/04420_verts.csv,/home/chaoyu/phd_simulation/sensitivity_analysis/data/04420_stress.csv,0.9755417914902521,0.05284925528933334,0.7606899282773556,0.055381335770465015,16642.18094222222,16558.057827083332,0.12374607649816127
4421,material_r_cable,3,True,1.1590173276608882,1.1364058397936754,63.65889368959901,1154.3212630205949,5184.744260307962,3.144470299755524,0.318018586493804,16303.27433836631,0.2434063498766431,0.10949065,4912.52121132,2996.81633676,0.0,439.18335136,146.60767012,1.3429083176283547,1.2567277225665727,/home/chaoyu/phd_simulation/sensitivity_analysis/data/04421_verts.csv,/home/chaoyu/phd_simulation/sensitivity_analysis/data/04421_stress.csv,1.346356734628011,0.054834518546786996,0.9943743012938235,0.05407940687201012,3105.2694533333333,2961.2260531914894,0.15037286554179796
4422,material_r_cable,3,True,1.1190092833239929,1.3955678044307342,49.6182873537189,339.07296123124456,4496.421346183124,2.997952123948997,0.3335610305486694,13480.055924959308,0.3782858423040621,0.01526112,7601.26749475,7039.10893405,0.0,104.63225687,403.3437984,1.3718140759449886,1.2745142205577171,/home/chaoyu/phd_simulation/sensitivity_analysis/data/04422_verts.csv,/home/chaoyu/phd_simulation/sensitivity_analysis/data/04422_stress.csv,,0.05310049856794913,,0.054830565861324905,7049.607733333333,6993.983133333332,
4424,material_r_cable,3,True,0.9388343952906292,0.971826605347044,30.268838283169416,1542.2758794272982,8892.274708020634,1.678338015858975,0.5958275332804156,14924.242689932296,0.2412767359804747,0.22706298,3760.15796653,1408.07897,830.38898219,392.18421905,40.38129642,1.3112321162159954,1.3449964864188118,/home/chaoyu/phd_simulation/sensitivity_analysis/data/04424_verts.csv,/home/chaoyu/phd_simulation/sensitivity_analysis/data/04424_stress.csv,4.070418123893854,0.05806948233502214,2.4306965512716134,0.058808866319658884,1653.7841069767442,1727.2155931818181,0.25222160422520257
4426,material_r_cable,3,True,0.8121541634205145,1.3143104369222902,69.04191020874256,875.8532522831022,11303.771046257112,3.472348534649247,0.2879895235231659,39250.632828481466,0.4388617607956501,0.01664535,18508.94924947,14972.78574099,0.0,803.93468666,1006.79563931,1.3456202359753808,1.2449933930627215,/home/chaoyu/phd_simulation/sensitivity_analysis/data/04426_verts.csv,/home/chaoyu/phd_simulation/sensitivity_analysis/data/04426_stress.csv,,0.05325258915502847,,0.05417370698257627,15081.798548888892,14696.525606382975,
4427,material_r_cable,3,True,1.3962824412976074,1.3688203237824803,6.580124968624975,1721.9904087656994,18145.44500967684,2.3616611835539123,0.4234307643127555,42853.39313766584,0.3673407416459764,0.01896505,30172.17075567,23824.48730329,2245.48731561,902.73520161,1333.6346928,1.2199306610860745,1.2502551104796866,/home/chaoyu/phd_simulation/sensitivity_analysis/data/04427_verts.csv,/home/chaoyu/phd_simulation/sensitivity_analysis/data/04427_stress.csv,,0.05496054087126485,,0.055674086841917034,21255.189689130435,23614.506718749995,
4428,material_r_cable,3,True,1.2554655671299046,0.8972657574132956,82.30731099740134,585.2130944621078,9452.880719624723,2.41382133905212,0.4142808681908034,22817.56519654452,0.283133423639315,0.09506291,3447.31908274,3024.07861027,8.62578633,0.0,157.64233488,1.3302537134900814,1.365091336924263,/home/chaoyu/phd_simulation/sensitivity_analysis/data/04428_verts.csv,/home/chaoyu/phd_simulation/sensitivity_analysis/data/04428_stress.csv,2.865412585709971,0.09172557200138906,3.0409481683773043,0.05551498832287911,2936.7229622222226,3062.98555625,-0.029719752987634674
4429,material_r_cable,3,True,0.9238870425701392,1.3777112637485258,1.315007122901708,639.6110810767532,8269.033460932427,1.8112418748461896,0.5521073766500235,14977.219668945125,0.1612178175595348,0.03328735,6731.17627364,6709.47706006,0.0,0.0,398.25333253,1.35180196841584,1.330742143160503,/home/chaoyu/phd_simulation/sensitivity_analysis/data/04429_verts.csv,/home/chaoyu/phd_simulation/sensitivity_analysis/data/04429_stress.csv,0.9280526519646235,0.052904468246651355,0.7031228131100832,0.05526816123162985,6702.648351111112,6721.733864583332,0.137894324473694
4430,material_r_cable,3,True,1.3083684089259855,1.1910323133487268,78.8269205693105,1743.3073348996793,17493.40885032627,3.167503930213974,0.3157060013284489,55410.441286248366,0.391027542160595,0.03248758,16625.26055787,16462.70361772,37.95271522,0.0,888.93562761,1.290216910490846,1.3817763257427906,/home/chaoyu/phd_simulation/sensitivity_analysis/data/04430_verts.csv,/home/chaoyu/phd_simulation/sensitivity_analysis/data/04430_stress.csv,0.919036565108058,0.05286767992709625,0.7042028971083142,0.055346723394756686,16454.7564,16467.013535416667,0.13234872180005394
4431,material_r_cable,3,True,0.8877896562248797,0.9761286078190512,23.968016099787107,1653.2409439735095,7388.871187672908,1.602389839450859,0.6240678612532273,11839.852116138269,0.3464319160109901,0.21488118,3479.71770345,1324.6761118,791.540646,1351.24835426,44.69740841,1.3003197246887703,1.2514946807630785,/home/chaoyu/phd_simulation/sensitivity_analysis/data/04431_verts.csv,/home/chaoyu/phd_simulation/sensitivity_analysis/data/04431_stress.csv,5.170311530001119,0.060422765947924985,6.272741340177176,0.05835326447488435,1415.9247604651162,1759.617408,-0.09634053278291632
4432,material_r_cable,3,True,1.3416654377980586,1.339756438260656,2.152739678219471,1904.701107416809,1008.6461540953076,2.746978039606511,0.3640364013041925,2770.728835033375,0.3854677404457449,0.24481743,2991.11189216,2044.71575402,410.68537686,293.62015267,76.67463944,1.3501338928244782,1.3468043050203296,/home/chaoyu/phd_simulation/sensitivity_analysis/data/04432_verts.csv,/home/chaoyu/phd_simulation/sensitivity_analysis/data/04432_stress.csv,1.6612208304785538,0.05891300337342227,1.474080666836191,0.055269105682789144,1712.0173209302325,2151.460109090909,0.059688091815935596
4433,material_r_cable,3,True,1.2033567969511354,1.3582115051661334,5.7496899394816925,1883.1012748242465,13741.017757778014,1.1183585906803122,0.894167584827767,15367.385254101764,0.2895805148668584,0.07085171,7485.6327671,7376.50286286,0.0,0.0,442.16482075,1.3539751720399544,1.3459040543792515,/home/chaoyu/phd_simulation/sensitivity_analysis/data/04433_verts.csv,/home/chaoyu/phd_simulation/sensitivity_analysis/data/04433_stress.csv,1.1226857122286793,0.05286889383593546,0.9018107834499283,0.05527549386200933,7383.094971111112,7438.898652083334,0.10910116626539981
4434,material_r_cable,3,True,1.0772883057378098,0.9798481283579096,30.036548714713184,1235.7183969516698,13836.67800553892,1.781927219704536,0.5611901479151384,24655.95316835687,0.2501066394937719,0.16091309,3288.55328928,1875.78735106,367.48842765,0.0,91.27705499,1.3048507745256526,1.37996709935038,/home/chaoyu/phd_simulation/sensitivity_analysis/data/04434_verts.csv,/home/chaoyu/phd_simulation/sensitivity_analysis/data/04434_stress.csv,1.4225705881377284,0.053737540915325774,1.4257927079502422,0.05885501924112903,2074.075581818182,2005.9635891304342,-0.0011312179934838734
4435,material_r_cable,3,True,1.1665273760839947,1.2684178138696296,74.50567861914419,385.8245310402178,14442.42376373826,4.119078963909512,0.2427727190378688,59489.48391308111,0.204731280906513,0.00788485,18871.49715755,18176.11283787,0.0,113.98254007,895.41021663,1.3754168418157993,1.285606243047538,/home/chaoyu/phd_simulation/sensitivity_analysis/data/04435_verts.csv,/home/chaoyu/phd_simulation/sensitivity_analysis/data/04435_stress.csv,,0.052918239554044254,,0.05504074683692202,18192.85731777778,18078.699897916667,
4436,material_r_cable,3,True,1.1892983089051017,1.1603579404147903,37.067568507120896,1176.8233103262037,1300.0554050325786,2.0702249006524487,0.4830393063501659,2691.407071726249,0.1255490988494898,0.25551545,1672.75616695,953.35906887,410.43459068,318.62984463,27.53734506,1.3421310158079305,1.3494683395516032,/home/chaoyu/phd_simulation/sensitivity_analysis/data/04436_verts.csv,/home/chaoyu/phd_simulation/sensitivity_analysis/data/04436_stress.csv,3.0045172288585773,0.056796483600882214,2.4809542585789695,0.057137944423653705,901.9771238095238,1024.3285568181818,0.0954453908800066
4437,material_r_cable,3,True,0.8398829147904383,1.166251519290654,20.210531901673644,1511.9506429477408,2934.945408993416,4.325675492701489,0.2311777667296711,12695.621428099566,0.478590554207157,0.14337022,4884.86067629,3088.19169896,412.91474712,94.28904585,173.08496811,1.2755890151771463,1.3028193188251689,/home/chaoyu/phd_simulation/sensitivity_analysis/data/04437_verts.csv,/home/chaoyu/phd_simulation/sensitivity_analysis/data/04437_stress.csv,1.4245284110847254,0.05896887101213934,1.0004726938684485,0.05614049624215302,2626.2836886363634,3218.6994847826086,0.17486825731754263
4438,material_r_cable,3,True,1.1296348474619338,1.3080570842156998,54.98966456701403,1275.3513361816915,14188.80810190781,1.1541520952200088,0.8664369316154785,16376.042599491537,0.313202451700492,0.05657952,6453.51220197,6389.89975444,0.0,0.0,383.25222872,1.3046304051128692,1.3003628838991337,/home/chaoyu/phd_simulation/sensitivity_analysis/data/04438_verts.csv,/home/chaoyu/phd_simulation/sensitivity_analysis/data/04438_stress.csv,1.046995373575227,0.05285874857986988,0.8318764162139839,0.05534421003726195,6416.737768888889,6404.189354166666,0.11449368633363599
4439,material_r_cable,3,True,1.3551246306443407,1.2959871977747597,7.671617589210976,1819.3124266002635,19235.623251232184,3.9769719997936335,0.2514475837526365,76499.53506872979,0.4568790409357235,0.01572031,39795.48549413,36735.92206732,0.0,1283.82215482,1875.84823074,1.30404610827262,1.242673881595406,/home/chaoyu/phd_simulation/sensitivity_analysis/data/04439_verts.csv,/home/chaoyu/phd_simulation/sensitivity_analysis/data/04439_stress.csv,,0.05383998020600534,,0.0544537194148607,36710.989457777774,36336.574666666675,
4440,material_r_cable,3,True,1.3691481997142705,1.396865269715843,70.5458267609045,516.0052691259731,2696.155613771535,1.6106026663341102,0.6208855982314361,4342.435420392114,0.3715211140531638,0.05293223,2806.12945951,2734.11351295,0.0,18.27300599,160.07515609,1.377734200549094,1.2923133326086274,/home/chaoyu/phd_simulation/sensitivity_analysis/data/04440_verts.csv,/home/chaoyu/phd_simulation/sensitivity_analysis/data/04440_stress.csv,1.0288294078923679,0.05293468923008374,0.807076386693799,0.05508163992554335,2744.283813333333,2724.583958333333,0.12078671021818656
4441,material_r_cable,3,True,1.0441531195281577,1.3603023334845366,39.005879990527966,729.3136441824205,5488.654561264812,3.2399102957703665,0.3086505207583921,17782.74842296885,0.1432083048609426,0.03350252,8613.21858523,7449.41281496,197.78419542,144.13580318,403.61078644,1.266167448039839,1.2694170069847417,/home/chaoyu/phd_simulation/sensitivity_analysis/data/04441_verts.csv,/home/chaoyu/phd_simulation/sensitivity_analysis/data/04441_stress.csv,0.9020557848964041,0.05408245827275387,0.6907387762697447,0.05531620096262265,7259.82293777778,7425.64156875,0.13267059907082168
4442,material_r_cable,3,True,1.1834635727283491,1.0866968425039625,53.55075955003005,1960.3638520280624,13202.070428964757,3.7658235889031335,0.2655461617869542,49716.668243756,0.1678287267070514,0.08524691,11257.15521485,5633.40259771,1372.03963689,83.13715832,287.94186231,1.22848267588658,1.303892628961432,/home/chaoyu/phd_simulation/sensitivity_analysis/data/04442_verts.csv,/home/chaoyu/phd_simulation/sensitivity_analysis/data/04442_stress.csv,1.272088898643871,0.05655854348606274,1.0392463122735163,0.05959438492495886,5833.633008510637,5670.753576595745,0.10073942769986083
4444,material_r_cable,3,True,1.2220773212988276,0.9127743050113052,52.052994333353,1031.6040147988017,7642.558674677952,2.061893122066852,0.4849911905218418,15758.139166310826,0.249455434893799,0.13492922,3972.56415723,2323.31749658,488.63240315,159.92783024,118.55611174,1.262900811623511,1.3032256348428195,/home/chaoyu/phd_simulation/sensitivity_analysis/data/04444_verts.csv,/home/chaoyu/phd_simulation/sensitivity_analysis/data/04444_stress.csv,2.1893365559425133,0.05611077359976854,1.2419965651790823,0.05719784894761353,2397.8550636363634,2429.2354717391304,0.27608511249813456
4445,material_r_cable,3,True,0.8322212715530966,1.3010171270744388,6.116654077169872,1632.538804167093,10693.99182413423,2.9881885024973114,0.3346509094604549,31955.663414678154,0.4761118520586113,0.03735401,13211.73154341,11949.09073133,0.0,831.98828247,785.34444066,1.3342303766465822,1.2168017050939566,/home/chaoyu/phd_simulation/sensitivity_analysis/data/04445_verts.csv,/home/chaoyu/phd_simulation/sensitivity_analysis/data/04445_stress.csv,1.0129558925104754,0.05709983893343941,0.8105327568147692,0.05566134483983715,11920.295204444441,11927.48625098039,0.11100871714809406
4448,material_r_cable,3,True,1.2616219248890548,1.1164480512864865,38.180767982017166,1493.61020597754,1701.5479741212237,1.662180549738474,0.601619360879502,2828.2799470312025,0.2964513069247328,0.25517876,1806.56453437,1200.17291498,375.92638933,367.18949734,39.76556466,1.3534144963521808,1.3536149923315304,/home/chaoyu/phd_simulation/sensitivity_analysis/data/04448_verts.csv,/home/chaoyu/phd_simulation/sensitivity_analysis/data/04448_stress.csv,2.2411908569053622,0.05884969736083445,2.102219836081379,0.05559582474668554,1103.557734090909,1228.319565909091,0.03199582785214812
4449,material_r_cable,3,True,0.9720898740874716,0.8715699699893247,39.98815257153535,743.9489432972355,7112.472191841922,1.5489581085072754,0.6455952517422797,11016.92147308606,0.1025831668218388,0.18104714,3734.31413475,816.39492657,1688.07987174,176.10891506,25.34710386,1.20648950053534,1.3445295673759667,/home/chaoyu/phd_simulation/sensitivity_analysis/data/04449_verts.csv,/home/chaoyu/phd_simulation/sensitivity_analysis/data/04449_stress.csv,9.912027967380883,0.08256962809588553,4.886508647632196,0.07502051071215747,1761.7828018867924,1053.8749934782606,0.3395956945263297
4450,material_r_cable,3,True,1.1727144142450538,1.3075319769794609,67.82519151872867,1307.970909858949,8202.921206730705,3.369112190118537,0.2968140992552748,27636.56183217828,0.3888413451502611,0.03764849,11985.4224572,11449.83315511,130.54517898,0.0,609.38618225,1.2787996128436292,1.384314767239866,/home/chaoyu/phd_simulation/sensitivity_analysis/data/04450_verts.csv,/home/chaoyu/phd_simulation/sensitivity_analysis/data/04450_stress.csv,0.9266143125183878,0.05316000398150528,0.7346533716053483,0.05575786464429956,11350.796593333333,11445.75830625,0.11555087885447708
4452,material_r_cable,3,True,1.2134804525861518,1.251734828363377,40.99197742415811,1792.5517506024908,12658.897252278508,4.1849073310557205,0.2389539172299262,52976.31191414144,0.4547259245447893,0.02906962,25228.15340914,19866.79367146,932.0244431,0.0,1017.5001957,1.2464370508997007,1.3941091732261666,/home/chaoyu/phd_simulation/sensitivity_analysis/data/04452_verts.csv,/home/chaoyu/phd_simulation/sensitivity_analysis/data/04452_stress.csv,0.8597530588184038,0.05368757599843302,0.6896081433031744,0.05642929563858171,18638.991657777777,19799.708966666665,0.10981617151781377
4453,material_r_cable,3,True,1.042590128434138,1.0045219500991525,24.7894980399056,334.92258604119064,15635.641564641008,4.786364883192904,0.2089268211689111,74837.88571118908,0.4157126180030476,0.06138949,1681.89457655,1539.27561022,0.0,0.0,86.11033696,1.3694717091269786,1.3010208182784804,/home/chaoyu/phd_simulation/sensitivity_analysis/data/04453_verts.csv,/home/chaoyu/phd_simulation/sensitivity_analysis/data/04453_stress.csv,1.081170997752013,0.05313964993703155,0.8521250794873726,0.05545432011081906,1542.2196666666666,1626.1248104166668,0.11847430973516601
4455,material_r_cable,3,True,1.1758991011787376,1.3154134949669736,43.72540940506188,1387.888874891253,17415.5824599286,3.684289889409909,0.2714227246000352,64164.05437529949,0.1493982696584989,0.02159235,27382.01718,22862.30140016,778.56076609,0.0,1140.07221374,1.2555725842560412,1.3338659756942572,/home/chaoyu/phd_simulation/sensitivity_analysis/data/04455_verts.csv,/home/chaoyu/phd_simulation/sensitivity_analysis/data/04455_stress.csv,0.8381280043061256,0.05355210547574456,0.6483407325874075,0.056287992044789466,22107.00564222222,22765.381558333334,0.12767659824137378
4456,material_r_cable,3,True,1.376721849134925,1.2479445359099668,68.36546821739996,570.3416134024388,10719.504555151449,1.178364649112912,0.8486337406275831,12631.485223795296,0.4484550120011868,0.01658374,10349.16550183,7683.93330613,0.0,1536.15821571,478.438331,1.341842903487765,1.20406440969067,/home/chaoyu/phd_simulation/sensitivity_analysis/data/04456_verts.csv,/home/chaoyu/phd_simulation/sensitivity_analysis/data/04456_stress.csv,,0.05580799150242681,,0.05398080620865391,7626.043064444446,7378.3440458333325,
4457,material_r_cable,3,True,0.9270683387294996,1.3291152431255562,51.96049763057378,438.65771248056046,8511.81896313576,4.932080741150188,0.2027541827644116,41980.97838023884,0.3915054506407919,0.00714471,24948.86009593,17327.4593774,0.0,2102.14609576,1050.65106842,1.3493611001324506,1.201365960706294,/home/chaoyu/phd_simulation/sensitivity_analysis/data/04457_verts.csv,/home/chaoyu/phd_simulation/sensitivity_analysis/data/04457_stress.csv,,0.054852429559557124,,0.05522775994713417,17495.266283333334,17072.73946458333,
4459,material_r_cable,3,True,1.1474989266745157,1.1434011318584236,3.145957577540015,1172.973933157739,8463.393404816965,4.279249162546687,0.2336858551617675,36216.96913986615,0.4607766725994419,0.0496527,8476.07279544,7833.29541084,0.0,149.25303316,393.72976824,1.3973582870972427,1.2765087602536915,/home/chaoyu/phd_simulation/sensitivity_analysis/data/04459_verts.csv,/home/chaoyu/phd_simulation/sensitivity_analysis/data/04459_stress.csv,1.0192126385449425,0.05347527841730827,0.7535170088712434,0.05473739682128643,7815.131355555556,7812.831102083333,0.14987938519613497
4460,material_r_cable,3,True,0.8060564398921699,1.226363924516769,76.22677908835145,637.7945664193301,2426.0667827076422,4.790823219350255,0.2087323940405429,11622.85707429014,0.2038930902323292,0.06191309,4682.22607021,3066.03968618,132.78447058,405.31463414,179.58004721,1.237026165879909,1.2324476941182227,/home/chaoyu/phd_simulation/sensitivity_analysis/data/04460_verts.csv,/home/chaoyu/phd_simulation/sensitivity_analysis/data/04460_stress.csv,1.1640388515892575,0.05317333830805744,1.0692023839523437,0.05749185574905685,3198.8329519230765,2933.7441212765966,0.042465841185273585
4462,material_r_cable,3,True,1.0390556166423992,1.1494695779451165,80.72469659967186,871.7801265633857,17052.16764514314,1.1939503164156942,0.8375557895926994,20359.440955492115,0.2178850274120003,0.05246461,6721.00163092,3487.50003739,1080.78391218,737.70967702,185.56219144,1.2139506768350194,1.2338359908878935,/home/chaoyu/phd_simulation/sensitivity_analysis/data/04462_verts.csv,/home/chaoyu/phd_simulation/sensitivity_analysis/data/04462_stress.csv,1.330039281572263,0.05789458296960353,0.9714511342634738,0.05849510603176958,4208.879376,3608.081910638298,0.1558069261733491
4463,material_r_cable,3,True,1.2348551935473542,1.1898860566442062,31.359920636477693,1866.812388710643,19307.29590810029,3.707078596563456,0.2697541942938631,71573.66341843577,0.4680452717155227,0.02801326,21822.43533568,21763.15971878,0.0,0.0,1131.09690182,1.3875404917653942,1.376863653523924,/home/chaoyu/phd_simulation/sensitivity_analysis/data/04463_verts.csv,/home/chaoyu/phd_simulation/sensitivity_analysis/data/04463_stress.csv,0.898699884342175,0.05284135276922413,0.6794996780101538,0.05528487178099165,21770.30107111111,21793.377841666665,0.13889257832849744
4464,material_r_cable,3,True,0.815224656787651,1.1567981036356332,71.42693156096276,1995.0123939124996,4776.309553224421,1.0148566448816525,0.9853608438624504,4847.26948810152,0.1879164790237595,0.23906313,3394.57993495,1763.2740724,191.75705901,1775.3855465,95.72135992,1.3697401757353027,1.2764267585529077,/home/chaoyu/phd_simulation/sensitivity_analysis/data/04464_verts.csv,/home/chaoyu/phd_simulation/sensitivity_analysis/data/04464_stress.csv,2.635638623067574,0.06368876175940337,5.993758928769059,0.06184330021654154,1927.545326190476,1819.700036,-0.3891488699563692
4465,material_r_cable,3,True,0.803313808494193,1.2245226528013564,22.32813662995958,854.1191102811356,15977.213165161924,3.109084399829364,0.3216381002892308,49674.50420455327,0.3348464353748364,0.02181271,15361.00637003,12508.66943278,0.0,1313.11348683,731.37488048,1.3382984127141233,1.203923811223696,/home/chaoyu/phd_simulation/sensitivity_analysis/data/04465_verts.csv,/home/chaoyu/phd_simulation/sensitivity_analysis/data/04465_stress.csv,0.9129761226284354,0.06175994777309885,0.8118224433205571,0.05765983236298038,12523.957446808514,13268.474307999999,0.0586466624595221
4466,material_r_cable,3,True,0.9846446751283776,1.0567079424682788,75.21855257148339,1175.696874693365,14554.579984974142,4.8983922808583005,0.2041486150277819,71294.04224953205,0.2523496872053964,0.0838053,7045.8779276,5181.72352145,453.74926698,0.0,225.85061951,1.257045876508176,1.3899429294996393,/home/chaoyu/phd_simulation/sensitivity_analysis/data/04466_verts.csv,/home/chaoyu/phd_simulation/sensitivity_analysis/data/04466_stress.csv,1.1447664824815849,0.053831542717430875,1.1007488990873973,0.06106320496204747,5445.468440000001,5154.471008333334,0.01960244127271652
4467,material_r_cable,3,True,0.8425072416542253,1.2748703814054652,8.86098459192919,366.3540698383889,1638.6570825801705,1.3118026577106408,0.76230978350448,2149.5947160050328,0.3094721805098598,0.14811139,955.83556034,795.89409171,0.0,46.49171632,47.26071178,1.358365812006727,1.2807491878529254,/home/chaoyu/phd_simulation/sensitivity_analysis/data/04467_verts.csv,/home/chaoyu/phd_simulation/sensitivity_analysis/data/04467_stress.csv,1.8039403153360047,0.05721546797322407,1.4375505823178631,0.05493971889997286,779.4938244444446,831.30604375,0.1130312392002482
4468,material_r_cable,3,True,1.2995081527162369,1.0449051259979607,41.95311063598228,376.7874993738708,7026.184467957676,1.374860494850148,0.7273465226077315,9660.023454524717,0.148680269558359,0.04674794,2863.41139725,2269.17823943,167.11774087,0.0,132.91010705,1.2600966907309368,1.3968607101400448,/home/chaoyu/phd_simulation/sensitivity_analysis/data/04468_verts.csv,/home/chaoyu/phd_simulation/sensitivity_analysis/data/04468_stress.csv,0.8832290376071403,0.0536133569559814,0.7896585746379015,0.05719945162889017,2257.816222222222,2309.8217458333334,0.055933502217561305
4469,material_r_cable,3,True,0.9066611747557553,1.0761568225514468,33.42593847828468,1800.0483489636215,18391.236561071448,1.0772798840239246,0.9282638753679648,19812.50918956761,0.2341406633619525,0.18415129,5693.69797472,3091.90612845,670.72413177,272.52939382,139.27029782,1.3052311087322896,1.3354405619228502,/home/chaoyu/phd_simulation/sensitivity_analysis/data/04469_verts.csv,/home/chaoyu/phd_simulation/sensitivity_analysis/data/04469_stress.csv,2.421631744554642,0.058798928084690436,1.4389275160770993,0.057222112680123664,2859.457613636364,3304.517254347826,0.2545497069553423
4470,material_r_cable,3,True,1.15089824428749,0.8589182437378374,71.32028569761803,1745.1367183197904,5371.827571935404,2.620995888807218,0.3815343641973767,14079.537981423951,0.1267489551927939,0.21630031,3774.0945546,1901.58397227,1638.15040188,264.51902124,91.73295091,1.263967862755087,1.3451008440881949,/home/chaoyu/phd_simulation/sensitivity_analysis/data/04470_verts.csv,/home/chaoyu/phd_simulation/sensitivity_analysis/data/04470_stress.csv,6.283640941876615,0.06166429816632365,4.002443584520014,0.061943155790336844,1914.6099653061226,2215.503560465116,0.22177509347725913
4471,material_r_cable,3,True,0.9743779557064788,1.0910141583859536,44.256276569991776,1892.9029042901548,10529.010368403378,1.6985431299244524,0.5887398337918436,17883.978226154886,0.2866122133039357,0.1418035,6974.71124352,2758.17035752,2662.00528712,0.0,123.7739192,1.2039268751936762,1.379658232760042,/home/chaoyu/phd_simulation/sensitivity_analysis/data/04471_verts.csv,/home/chaoyu/phd_simulation/sensitivity_analysis/data/04471_stress.csv,4.395440059540982,0.056449344018306515,1.8151211926469413,0.06980983910485629,3258.304294,2913.998706382979,0.41547273460752326
4472,material_r_cable,3,True,0.9028727010165604,0.9359155887368956,59.09785684306561,1096.075803076786,5744.933676074917,1.449433481798431,0.6899247275281775,8326.899220814325,0.4467258599929843,0.22298832,2295.52738553,802.12960784,695.56131664,701.44614641,18.8055871,1.2800155232300852,1.2839257313141843,/home/chaoyu/phd_simulation/sensitivity_analysis/data/04472_verts.csv,/home/chaoyu/phd_simulation/sensitivity_analysis/data/04472_stress.csv,6.270076529496948,0.058229789111790296,5.416898163397229,0.060437219887397295,1032.6822782608695,1146.2869244444444,0.07300249966473035
4474,material_r_cable,3,True,1.1551801413820233,0.9565750618853892,81.88059437013216,530.4833901344355,16270.278827574688,2.3507772121937944,0.4253912258519722,38247.80070390175,0.3279416917836922,0.06598849,5272.67728956,2885.49461035,0.0,310.08740771,137.46768025,1.349998441846696,1.2654695559630311,/home/chaoyu/phd_simulation/sensitivity_analysis/data/04474_verts.csv,/home/chaoyu/phd_simulation/sensitivity_analysis/data/04474_stress.csv,1.2826346876488839,0.059720085157295794,1.228044211695488,0.054821022666883226,2795.6011577777776,3232.420322916667,0.02174331252301976
4475,material_r_cable,3,True,1.3461135840115328,1.2339736430166184,89.97736260570822,1042.635681631546,3090.879134681671,1.6817920120328826,0.5946038468759524,5198.215838866743,0.4893653750350475,0.07789753,4252.50052792,2797.05675027,0.0,1052.21947876,162.37156091,1.3900054985182348,1.208495816577989,/home/chaoyu/phd_simulation/sensitivity_analysis/data/04475_verts.csv,/home/chaoyu/phd_simulation/sensitivity_analysis/data/04475_stress.csv,1.2944376938808935,0.057422966435146945,1.281540511160973,0.05436060928901177,2794.6581,2630.432463265306,0.0050067126712009
4478,material_r_cable,3,True,0.9910942483354954,1.041986439207713,17.747484276867493,552.9968588871475,2681.873538006661,4.8172433043708285,0.2075876049467275,12919.237344131892,0.2838750461293193,0.11139241,2932.62015148,1059.34216965,472.72471775,437.03023294,44.22456846,1.2386617043499886,1.2210409347994389,/home/chaoyu/phd_simulation/sensitivity_analysis/data/04478_verts.csv,/home/chaoyu/phd_simulation/sensitivity_analysis/data/04478_stress.csv,3.067000181048928,0.06117987573226489,2.6115588017605376,0.05684037641211992,1015.9442955555554,1263.7017882352943,0.0802036891167521
4479,material_r_cable,3,True,1.276638842376845,1.3443647920272734,69.21628721269693,1237.5553709831106,12771.062036068824,4.762437303073348,0.2099765175605921,60821.38224043803,0.4099314304474843,0.01388429,35529.1656086,30082.69747617,60.86939766,1069.76472476,1519.45551976,1.2868422000388011,1.2495984674655762,/home/chaoyu/phd_simulation/sensitivity_analysis/data/04479_verts.csv,/home/chaoyu/phd_simulation/sensitivity_analysis/data/04479_stress.csv,,0.05338471607122152,,0.05436083148157252,30117.72737777777,29345.659372916667,
4480,material_r_cable,3,True,0.8148770971430664,1.0360495639754157,43.448031635695486,856.3111598917393,8967.287323446586,4.710258885511074,0.2123025558268222,42238.244794195096,0.2100343065101743,0.12962539,5596.82198845,3014.58483248,394.77395414,127.95566683,140.08496771,1.2654274124567515,1.318986278296414,/home/chaoyu/phd_simulation/sensitivity_analysis/data/04480_verts.csv,/home/chaoyu/phd_simulation/sensitivity_analysis/data/04480_stress.csv,4.034800316090377,0.06690651153974757,4.526804327023347,0.08263683715866632,3061.3398456521745,2934.2758249999993,-0.05746633153969561
4481,material_r_cable,3,True,0.9434667990049064,0.9021838234682584,77.28767719622199,443.31678748468266,1963.1341867407,3.6170273912792967,0.2764701208542169,7100.710126197919,0.2333880868860381,0.20988972,1358.07521375,351.6712835,526.84160539,196.54568492,7.99319459,1.2469448921633897,1.307798718261699,/home/chaoyu/phd_simulation/sensitivity_analysis/data/04481_verts.csv,/home/chaoyu/phd_simulation/sensitivity_analysis/data/04481_stress.csv,8.739931233528814,0.06571794442098004,5.4826798624732325,0.06396315310621949,547.9612545454546,568.3946444444446,0.22901922502621125
4484,material_r_cable,3,True,1.0436195174453784,1.0130070255656265,44.059878005057016,1789.5008050895342,1757.8334669970282,2.9803959757666965,0.3355258858658046,5239.039791105963,0.1306604130889241,0.24635504,2478.79226966,1053.08956717,1071.94240957,1323.12222177,27.04958929,1.2812279309403454,1.2682462784394832,/home/chaoyu/phd_simulation/sensitivity_analysis/data/04484_verts.csv,/home/chaoyu/phd_simulation/sensitivity_analysis/data/04484_stress.csv,6.447945132509995,0.05638658626858507,5.8853838649924475,0.0596539395197108,1082.75058627451,1141.544794117647,0.0456130917801243
4485,material_r_cable,3,True,1.1438841598835618,1.131209005055917,9.497760992338224,1931.6755257412444,12008.84686439836,4.975031100026466,0.2010037685984878,59744.38662583715,0.4560948026471964,0.04979334,14898.40888708,11865.25327291,0.0,1236.48434595,581.23503897,1.314348794417656,1.2193686457768735,/home/chaoyu/phd_simulation/sensitivity_analysis/data/04485_verts.csv,/home/chaoyu/phd_simulation/sensitivity_analysis/data/04485_stress.csv,1.0598729201449502,0.05589379545055196,0.7606044605989419,0.0544216744138505,11826.558346666665,11859.383734042556,0.16439010048217118
4486,material_r_cable,3,True,1.3708211499504448,0.8376789674855354,56.16917941845602,1906.316855423684,4477.175760672448,2.1934315123757293,0.4559066441590826,9820.378399903724,0.2700425244147022,0.18006022,4896.41020277,2535.69111161,151.48481501,1019.51838835,159.23270466,1.3515241546488777,1.2507849529224089,/home/chaoyu/phd_simulation/sensitivity_analysis/data/04486_verts.csv,/home/chaoyu/phd_simulation/sensitivity_analysis/data/04486_stress.csv,1.8117922173381689,0.059177761905103286,3.0393107021852557,0.056402289204914455,2399.8601071428575,2869.922260869566,-0.253039052193038
4487,material_r_cable,3,True,1.0363948821009388,1.394056069506384,79.13837019173495,1058.9156439219332,3661.565751491492,1.0463500935766858,0.9557030731289472,3831.2796667103103,0.4413165999368184,0.12667573,2384.96948231,2241.90040438,37.7342639,0.0,139.69782877,1.3123034357757344,1.3391743445177298,/home/chaoyu/phd_simulation/sensitivity_analysis/data/04487_verts.csv,/home/chaoyu/phd_simulation/sensitivity_analysis/data/04487_stress.csv,1.274306418646225,0.05329133964411445,1.212262246930054,0.056198310138290665,2266.0544822222223,2237.527402173913,0.024951722659061138
4488,material_r_cable,3,True,0.8168641522541359,1.3360090242858664,64.17628042838568,1772.5204631283375,6460.258083531465,1.9802957608100336,0.5049750748297079,12793.221696556113,0.2155302477690257,0.10076804,6100.05187443,5433.30170926,221.88184724,119.84285608,341.4399016,1.2671035235522312,1.2959014439717589,/home/chaoyu/phd_simulation/sensitivity_analysis/data/04488_verts.csv,/home/chaoyu/phd_simulation/sensitivity_analysis/data/04488_stress.csv,0.9788254973407879,0.053755482912605144,1.1025793608236285,0.0579324241531032,5550.8063,5362.469047916667,-0.05945689181872029
4490,material_r_cable,3,True,1.2337885769756949,1.1047914826820289,78.87661528936061,1940.0546761287724,18495.05004527576,1.3893552765603272,0.7197583057918296,25696.1953706512,0.335680162328503,0.07461673,8089.06454919,6320.50915876,688.77785902,0.0,382.87991409,1.2527068401179258,1.3642114908873395,/home/chaoyu/phd_simulation/sensitivity_analysis/data/04490_verts.csv,/home/chaoyu/phd_simulation/sensitivity_analysis/data/04490_stress.csv,0.9634910036726151,0.053890562222569945,0.9364018699698538,0.05708916984673347,5815.892239999999,6433.189158333334,0.01425824270335102
4491,material_r_cable,3,True,1.11777040639158,1.275990223605957,36.26124850240858,1591.6636019018706,8879.786113294433,4.17541207824606,0.23949731936879,37076.76618969121,0.1318576446227168,0.05388384,11662.90086463,11564.44732144,0.0,0.0,563.39115659,1.350637074654542,1.3916001845879389,/home/chaoyu/phd_simulation/sensitivity_analysis/data/04491_verts.csv,/home/chaoyu/phd_simulation/sensitivity_analysis/data/04491_stress.csv,1.0354394622204857,0.052922845670388595,0.8167995236059945,0.05540960052248162,11571.997346666667,11605.477714583334,0.11804089012678495
4492,material_r_cable,3,True,1.1580050214267392,0.9671324697543184,53.96236221908327,362.6263024409614,15549.680663408775,3.972334643135391,0.2517411270291904,61768.53518895119,0.4245182233136608,0.04289738,3709.25690544,2621.25278206,238.45925201,83.1792609,136.90519542,1.2706177958310971,1.2873712053812951,/home/chaoyu/phd_simulation/sensitivity_analysis/data/04492_verts.csv,/home/chaoyu/phd_simulation/sensitivity_analysis/data/04492_stress.csv,0.9097366252311261,0.05363860045886397,0.7192052761123849,0.056467285485259706,2583.146133333333,2682.81384375,0.11696632578583409
4493,material_r_cable,3,True,1.3668683805837945,1.037718202321968,75.91140545597071,1054.2163356340247,13345.081122300531,1.9350176261414336,0.5167911581219408,25822.967193938835,0.2269787768485409,0.05099235,6066.42022093,5542.8138322,167.94267721,0.0,355.75599006,1.2791221686113057,1.309537308253465,/home/chaoyu/phd_simulation/sensitivity_analysis/data/04493_verts.csv,/home/chaoyu/phd_simulation/sensitivity_analysis/data/04493_stress.csv,0.9892664579188704,0.053138463873811506,0.8008556492514071,0.05568818192721215,5354.240086666667,5584.727800000001,0.10525025522716566
4494,material_r_cable,3,True,0.9276713732222774,1.2177062062350936,34.389699798404486,1119.6628831392388,14126.978893979473,1.4347974244902717,0.696962500023487,20269.352932910173,0.2617047262719735,0.07866696,5999.17007754,5137.44654539,0.0,176.88549205,269.69347587,1.3227455005530973,1.2777240008183255,/home/chaoyu/phd_simulation/sensitivity_analysis/data/04494_verts.csv,/home/chaoyu/phd_simulation/sensitivity_analysis/data/04494_stress.csv,1.1883700283331118,0.05445590891782394,0.8292263695517,0.05484923461432667,5149.409853333334,5248.1609875,0.17800569983071307
4497,material_r_cable,3,True,0.9776341686991304,1.1507937837692226,27.10847253757855,846.6319227118693,7388.092850308543,4.022618353007364,0.2485943015827953,29719.477893373634,0.3433160160865028,0.05747311,6298.47831003,5236.59045229,0.0,211.5653752,260.21162529,1.3843454184062574,1.2594887071683831,/home/chaoyu/phd_simulation/sensitivity_analysis/data/04497_verts.csv,/home/chaoyu/phd_simulation/sensitivity_analysis/data/04497_stress.csv,1.075136600329884,0.05476332223033163,0.7120336449613849,0.054742247972151194,5241.3959888888885,5340.34813125,0.20317200128257581
4498,material_r_cable,3,True,1.3989729109852114,1.192418627431039,78.08641921747885,350.96342989599543,11830.126676258957,4.601825609042581,0.2173050621551154,54440.17989702625,0.2238738316135776,0.00750107,20623.8697753,13105.99513668,0.0,1970.68438823,668.36212721,1.2953528669468302,1.2133143687869747,/home/chaoyu/phd_simulation/sensitivity_analysis/data/04498_verts.csv,/home/chaoyu/phd_simulation/sensitivity_analysis/data/04498_stress.csv,,0.05504201206501285,,0.0536966229283412,13077.962046666666,12407.702912765959,
4499,material_r_cable,3,True,0.8807407570459292,1.0050015688001932,75.13142729623527,816.9949501192099,6530.741011372705,1.865937499641248,0.535923630985638,12185.954553565338,0.3172522248211776,0.1560206,3034.95100207,1037.61463918,1333.56136565,437.81387898,40.28917806,1.2068269519896224,1.272480377637757,/home/chaoyu/phd_simulation/sensitivity_analysis/data/04499_verts.csv,/home/chaoyu/phd_simulation/sensitivity_analysis/data/04499_stress.csv,9.2822654384688,0.06524300129345943,5.138060128930919,0.07442919898051123,1549.0265689655173,1255.1848063829789,0.28738639014550116
4502,material_r_cable,3,True,1.07921962079431,0.9233753743534776,76.5277282685393,1292.7765023891095,3659.0223661609048,1.0978485818106831,0.9108724250029988,4017.0525155033192,0.3575568309467215,0.21328061,2253.50427816,865.19210725,928.0026989,4283.25765305,31.30770112,1.3577453790539638,1.2005041333703752,/home/chaoyu/phd_simulation/sensitivity_analysis/data/04502_verts.csv,/home/chaoyu/phd_simulation/sensitivity_analysis/data/04502_stress.csv,4.431012359852967,0.07396443961771881,7.267805378188428,0.0676046049106262,800.0194465116278,895.4008370370369,-0.242485444414693
4505,material_r_cable,3,True,1.1822519698956395,0.9273679075565238,26.46483631015645,1709.9568918368354,9899.69691637834,1.125612772271112,0.8884049867187743,11143.225290688404,0.331300772160977,0.1285452,5166.9364442,2532.29646083,1581.8610805,972.10043777,129.10530577,1.2127904011468005,1.2378949613887742,/home/chaoyu/phd_simulation/sensitivity_analysis/data/04505_verts.csv,/home/chaoyu/phd_simulation/sensitivity_analysis/data/04505_stress.csv,3.9621378876627493,0.0573727897513801,2.9737763530147636,0.05953500321850538,3048.8061705882346,2579.533168085107,0.14249909966468108
4506,material_r_cable,3,True,0.9997740952422453,1.290007125877652,71.64302600841394,1477.5798801658505,4283.181095628743,2.516015882886516,0.3974537707817422,10776.551665881185,0.2451380860507722,0.11029763,4844.25337267,3937.70106245,595.44569121,0.0,212.35194403,1.2298590778405514,1.371905778592813,/home/chaoyu/phd_simulation/sensitivity_analysis/data/04506_verts.csv,/home/chaoyu/phd_simulation/sensitivity_analysis/data/04506_stress.csv,1.6835986102735754,0.05684931097442726,1.3303529312482236,0.06249330514479611,4112.532680392157,3925.053689583334,0.11720350316149794
4507,material_r_cable,3,True,1.2800485247650188,1.2707963185109432,14.957713355889869,1620.545038541259,6400.354287677846,3.046660172509077,0.3282282707547426,19499.7044982158,0.2656169542330718,0.07349592,8621.26246552,6776.99429542,434.64123156,0.0,346.42792082,1.260896918366856,1.3262057360873245,/home/chaoyu/phd_simulation/sensitivity_analysis/data/04507_verts.csv,/home/chaoyu/phd_simulation/sensitivity_analysis/data/04507_stress.csv,1.0144079115055753,0.05374877782754861,0.9242696667534006,0.0564763053977549,6133.901877777779,6834.485263829786,0.04649470637253828
4509,material_r_cable,3,True,1.3437018955215492,0.8621776587162292,51.47120775122546,763.0194440058254,7003.55571489758,1.8302484258859764,0.5463739161616411,12818.24682279603,0.1103516368389093,0.07895601,6263.4601231,3327.48228018,163.17578812,757.78616161,183.78279449,1.2764423206377469,1.2155557371421497,/home/chaoyu/phd_simulation/sensitivity_analysis/data/04509_verts.csv,/home/chaoyu/phd_simulation/sensitivity_analysis/data/04509_stress.csv,3.0280140394676542,0.08006892437263997,3.3556351811029104,0.082097496074839,3282.9257727272725,3642.0237369565216,-0.0513219211011055
4510,material_r_cable,3,True,1.2425776597453817,1.2698134012395168,76.65725051116763,768.8629085365161,1239.220886876629,2.870360547081548,0.3483882890658996,3557.010742810082,0.4258089355376953,0.09315803,2227.14198991,1567.96719909,1032.33747592,196.16070093,80.05453338,1.2033210073797993,1.2519017410562387,/home/chaoyu/phd_simulation/sensitivity_analysis/data/04510_verts.csv,/home/chaoyu/phd_simulation/sensitivity_analysis/data/04510_stress.csv,2.8511838959921616,0.05416051544640392,1.2114477372322106,0.06243071529089964,1530.6584134615389,1487.4707680851066,0.40361428423638507
4511,material_r_cable,3,True,1.2078201264486856,0.8698951452544835,21.536256707550898,988.9369785966404,6628.942082815805,1.7349443093310728,0.5763873771749833,11500.84534346655,0.2637794053759514,0.14838942,4605.69525915,2059.77157296,915.26773475,72.91753938,104.89373366,1.2173339460867436,1.354187132279817,/home/chaoyu/phd_simulation/sensitivity_analysis/data/04511_verts.csv,/home/chaoyu/phd_simulation/sensitivity_analysis/data/04511_stress.csv,5.681071203730542,0.05702805643570465,2.023053746380514,0.0697505574163197,2820.1990192307694,2051.1565130434783,0.47481284130747353
4514,material_r_cable,3,True,1.1307857105398138,1.1089488312288975,33.22283090314884,251.27086416106064,7860.260959053605,1.8520432613187792,0.5399441907679483,14557.543341422312,0.3962717211371834,0.02930742,2425.90861448,2414.81668503,0.0,0.0,141.86166406,1.338775460581004,1.3733608374095445,/home/chaoyu/phd_simulation/sensitivity_analysis/data/04514_verts.csv,/home/chaoyu/phd_simulation/sensitivity_analysis/data/04514_stress.csv,0.9053289461286573,0.052842412627245705,0.6864831615138205,0.05528723565476967,2417.1437533333333,2419.5558604166667,0.1374821711457856
4515,material_r_cable,3,True,1.29285605554616,0.8649031117917373,21.234926149090708,1008.8036220468156,19764.38617385606,1.2510407672792376,0.7993344630765303,24726.05284374404,0.2078961370960971,0.07566521,7758.0931021,7123.14767451,0.0,0.0,396.2984569,1.339349600321977,1.3979745170402906,/home/chaoyu/phd_simulation/sensitivity_analysis/data/04515_verts.csv,/home/chaoyu/phd_simulation/sensitivity_analysis/data/04515_stress.csv,,0.07351781486236583,,0.1331930858979015,7100.037717391306,6963.349831249999,
4516,material_r_cable,3,True,1.1682472264066548,1.2539240375405856,12.191290631139976,825.6844961882618,4388.176215370354,4.352792737165354,0.2297375639923587,19100.821559665823,0.1435723697815986,0.04875829,8111.87960486,5470.76218561,661.54833401,142.26404318,261.60821399,1.2338128455351534,1.266550355734912,/home/chaoyu/phd_simulation/sensitivity_analysis/data/04516_verts.csv,/home/chaoyu/phd_simulation/sensitivity_analysis/data/04516_stress.csv,0.9223431718058095,0.05558624634718664,0.7126271307687688,0.05612401415700403,4617.88614888889,5492.393749999999,0.12826902158822215
4517,material_r_cable,3,True,1.2334928500752955,1.317483440254249,82.87893698084594,1693.491071563345,16134.77016381099,2.590364429552636,0.3860460669515536,41794.93471134315,0.1385231721041649,0.03772675,15695.32620586,14798.87783117,304.57665336,0.0,765.75229505,1.2716037538190206,1.3089164249141747,/home/chaoyu/phd_simulation/sensitivity_analysis/data/04517_verts.csv,/home/chaoyu/phd_simulation/sensitivity_analysis/data/04517_stress.csv,0.8997848744990108,0.05330444352198041,0.7378888823730791,0.05625576416539243,14852.044973333333,14805.467527083334,0.09885729159826581
4518,material_r_cable,3,True,1.335278476103019,0.8482262666068937,60.06399817652694,695.196809198828,5544.932104742623,3.342941368031166,0.2991377622004039,18536.38291586824,0.4341400736986679,0.09735643,4308.9880412,2503.58822699,753.2152635,16.7368841,139.91610176,1.2209213693305891,1.3160185060671497,/home/chaoyu/phd_simulation/sensitivity_analysis/data/04518_verts.csv,/home/chaoyu/phd_simulation/sensitivity_analysis/data/04518_stress.csv,3.11621952887961,0.06466956882866018,3.074413796241209,0.06764133265712116,2651.8488510638294,2666.1461425531916,0.006753062318964797
4520,material_r_cable,3,True,0.8047043187125797,1.1455292345454906,18.80566846233258,1828.2701109335733,11961.625284913547,1.3244668785686415,0.755020768115172,15842.776503717185,0.2652026317059068,0.02284706,3591.39446126,3050.40361229,0.0,0.0,144.10913492,1.3311175896920795,1.3792040915618409,/home/chaoyu/phd_simulation/sensitivity_analysis/data/04520_verts.csv,/home/chaoyu/phd_simulation/sensitivity_analysis/data/04520_stress.csv,,0.39315516666920414,,0.11982737708697955,3013.105117777778,3140.0173625,
4521,material_r_cable,3,True,1.211466473407106,0.9954182204958296,48.89281668022999,451.8506400093247,17375.38967118437,1.645240756478663,0.6078137780517406,28586.69924673092,0.3711053236790951,0.03221209,4113.41040476,4096.71143892,0.0,0.0,246.94861741,1.340402665452229,1.317345218865379,/home/chaoyu/phd_simulation/sensitivity_analysis/data/04521_verts.csv,/home/chaoyu/phd_simulation/sensitivity_analysis/data/04521_stress.csv,0.919871785548671,0.05284651097868607,0.7019124212752551,0.055293965295340496,4101.075337777778,4103.215002083333,0.13439480009505317
4522,material_r_cable,3,True,0.9059497738945548,1.3878950515426032,59.672581561260536,1073.0145108016904,16704.78436946215,1.167994638299268,0.8561683137998928,19511.098577477213,0.4013897041825085,0.03405424,9186.63459556,9159.88941708,0.0,0.0,612.64917275,1.3661690130524673,1.3165002167697692,/home/chaoyu/phd_simulation/sensitivity_analysis/data/04522_verts.csv,/home/chaoyu/phd_simulation/sensitivity_analysis/data/04522_stress.csv,0.9311273451683437,0.05283860810787629,0.7132173261354192,0.055332262195143464,9173.918615555556,9159.734029166668,0.13252088983275548
4523,material_r_cable,3,True,1.363051912083106,1.1814470227793428,38.568328367997566,844.4666333102476,18219.72575506184,4.642989338861032,0.2153784829162044,84593.99243772388,0.2004415151536199,0.01280337,31502.00984642,18404.41909341,2857.84985794,60.97074255,931.43550892,1.20513660514538,1.2893491336842828,/home/chaoyu/phd_simulation/sensitivity_analysis/data/04523_verts.csv,/home/chaoyu/phd_simulation/sensitivity_analysis/data/04523_stress.csv,,0.05552995054688357,,0.0582432138029304,16518.137258695657,18242.7427,
4524,material_r_cable,3,True,1.3744505392920383,0.9449087578074824,37.98459850502094,735.9350047455766,12714.692122503831,2.11858352740134,0.4720134878168352,26937.137286716195,0.4799059715919138,0.02653344,8716.7890258,5969.88445135,1309.4104794,0.0,414.2546987,1.211780435140711,1.3673923286957963,/home/chaoyu/phd_simulation/sensitivity_analysis/data/04524_verts.csv,/home/chaoyu/phd_simulation/sensitivity_analysis/data/04524_stress.csv,0.9071575862922411,0.05730069096663937,0.6971182199824986,0.05982295723387133,5961.299768085106,6147.346154166667,0.13092472347225081
4526,material_r_cable,3,True,1.2515974180960558,1.0078344321958372,28.8763875596034,1138.2184180612448,4671.160211925278,1.4229437822538284,0.702768452606104,6646.798379470551,0.3001434774222323,0.11150493,3218.88244661,1605.71191158,722.64938716,979.43502569,88.68713326,1.2256360731257854,1.220531667389844,/home/chaoyu/phd_simulation/sensitivity_analysis/data/04526_verts.csv,/home/chaoyu/phd_simulation/sensitivity_analysis/data/04526_stress.csv,2.496860518673004,0.058916946882043714,2.475247971473087,0.057117130990933386,1735.2905893617024,1700.3302617021277,0.004346756962916169
4527,material_r_cable,3,True,1.2194133614113745,1.213124660841402,88.79919355810421,1549.3873505611716,13377.40285552822,3.219847589018716,0.3105737064730945,43073.19833170463,0.4530857876290408,0.02949396,17304.70294264,14187.47585279,1495.44511484,616.48081611,755.9804654,1.2158315070586911,1.2585493604805025,/home/chaoyu/phd_simulation/sensitivity_analysis/data/04527_verts.csv,/home/chaoyu/phd_simulation/sensitivity_analysis/data/04527_stress.csv,0.8346335759842359,0.05582785312749055,0.6815723165457918,0.056844092089760566,13631.039172000003,13743.827810416667,0.10095018110174828
4528,material_r_cable,3,True,1.1627932220800667,1.2804478240895791,68.68354950488865,976.0058797042852,11568.775090348856,1.6512826421564402,0.6055898454150053,19103.31749770487,0.3882622071566717,0.03598849,8723.24761466,7369.6315428,431.74037111,0.0,430.45659126,1.2500536782522491,1.3657656004515086,/home/chaoyu/phd_simulation/sensitivity_analysis/data/04528_verts.csv,/home/chaoyu/phd_simulation/sensitivity_analysis/data/04528_stress.csv,0.8598776696175949,0.05367869141888295,0.7305350202604197,0.05696212495141271,7089.587991111112,7374.590783333333,0.08132646965178318
4529,material_r_cable,3,True,1.1419166070716464,0.9155789343970128,39.11300945645876,1509.61794414251,4339.530791882109,3.592828193169046,0.2783322625616429,15591.188574199236,0.1420181310989138,0.18409838,4632.81989878,1337.22830601,238.29741389,2198.72840099,54.0907167,1.3467217386304058,1.220204148837528,/home/chaoyu/phd_simulation/sensitivity_analysis/data/04529_verts.csv,/home/chaoyu/phd_simulation/sensitivity_analysis/data/04529_stress.csv,2.780931391213587,0.06361706907653211,6.59136929730734,0.06266269061120373,1344.2857511627906,1817.5548749999998,-0.406563770490284
4530,material_r_cable,3,True,1.2449423452752195,1.350446377754237,77.56845631895786,315.6541339188783,4368.935254119979,2.377380880758836,0.420630959091759,10386.623142418084,0.1806087319018885,0.02331736,4545.78229311,4195.05246877,146.19914189,31.04116636,224.30445202,1.2595823310785752,1.2869136748450176,/home/chaoyu/phd_simulation/sensitivity_analysis/data/04530_verts.csv,/home/chaoyu/phd_simulation/sensitivity_analysis/data/04530_stress.csv,0.8283721743306457,0.05359066279024807,0.6573899566755594,0.0564307060910953,4191.900086956522,4172.584479166667,0.11508047895883015
4532,material_r_cable,3,True,1.049750483569725,1.2067585179578462,54.01730827972506,1389.1628547475038,6672.624167892664,3.5671366436764944,0.2803368919922683,23802.1621787713,0.2125700625032739,0.07921006,7762.09505354,5768.87309742,423.55244691,166.87009314,283.66324336,1.2511848036034765,1.2821041334576029,/home/chaoyu/phd_simulation/sensitivity_analysis/data/04532_verts.csv,/home/chaoyu/phd_simulation/sensitivity_analysis/data/04532_stress.csv,0.9408276178693823,0.05437790579342416,0.9324874020041377,0.05697090323542196,5690.426065217392,5695.575427083334,0.0044521160492311035
4533,material_r_cable,3,True,1.2297242642086026,1.0309394371246872,49.82663507371711,1350.226980771288,2168.050091120241,2.795348984375379,0.3577370859915904,6060.456620287914,0.113315844614711,0.19369568,2217.58279987,1030.03842689,1303.60619834,261.56708825,37.52967703,1.2434713070786318,1.3224549584018086,/home/chaoyu/phd_simulation/sensitivity_analysis/data/04533_verts.csv,/home/chaoyu/phd_simulation/sensitivity_analysis/data/04533_stress.csv,5.547138924737723,0.056029032122238774,2.3645195021507526,0.06141720982957327,1189.016392,1149.9440266666666,0.40226956863690616
4534,material_r_cable,3,True,1.1462456952550926,1.0806078234136265,18.09285849832949,745.7130044691486,8950.212980130189,1.3614809056613209,0.7344943258783814,12185.54407404936,0.1638185608727378,0.10810688,1993.37058349,1744.64887763,67.367732,45.41243948,100.90903505,1.303723773399685,1.3092386005737686,/home/chaoyu/phd_simulation/sensitivity_analysis/data/04534_verts.csv,/home/chaoyu/phd_simulation/sensitivity_analysis/data/04534_stress.csv,1.1907113327793508,0.05335632697336957,1.0559503779740869,0.05562004683174479,1725.3369666666663,1761.1497574468085,0.05998275314892453
4535,material_r_cable,3,True,0.8258951249188191,1.0069057941207398,11.564305637483226,683.4306044502077,14922.87508604373,3.008782872654318,0.3323603072486948,44899.69096964821,0.1205054777781855,0.1533554,4882.88678083,2387.17209977,126.11226638,236.09874383,105.78922131,1.3671427997959515,1.2866747872080722,/home/chaoyu/phd_simulation/sensitivity_analysis/data/04535_verts.csv,/home/chaoyu/phd_simulation/sensitivity_analysis/data/04535_stress.csv,4.8755453425257205,0.09117003555361328,4.2849300471784515,0.06956352666451575,2397.5760727272723,2419.9028808510634,0.0644743062146191
4536,material_r_cable,3,True,1.3810016408087145,0.9201652381925666,42.4949698874741,1393.0812153307184,7471.676854208149,4.694170034010165,0.2130302040094005,35073.32159283123,0.1651034264644429,0.09644031,9225.14912305,4079.15591834,1227.00832554,1083.43718082,217.23515415,1.2195672296931843,1.222093493455897,/home/chaoyu/phd_simulation/sensitivity_analysis/data/04536_verts.csv,/home/chaoyu/phd_simulation/sensitivity_analysis/data/04536_stress.csv,3.0633305858427495,0.058948406998543,3.0468879810593488,0.062115458390233184,4977.001806249999,4704.222863043478,0.0026910010834092337
4537,material_r_cable,3,True,0.9902606551302112,1.0872563174070282,79.62611918735033,360.954440896298,5534.788091051163,3.622800801497514,0.2760295293041345,20051.43473237905,0.3732163531226729,0.05832059,3641.9053761,2083.21915862,0.0,258.22839541,99.46888375,1.329684597037338,1.2544677839263385,/home/chaoyu/phd_simulation/sensitivity_analysis/data/04537_verts.csv,/home/chaoyu/phd_simulation/sensitivity_analysis/data/04537_stress.csv,1.0701364028243288,0.05425934503558546,0.8467684021450517,0.054057573947003106,2132.300635555556,1972.2583106382979,0.11652534862462564
4538,material_r_cable,3,True,1.0939580323219382,0.9901655783265412,39.84142628032896,1728.684609606809,11379.75423352438,2.9604219002268364,0.3377896913691177,33688.87365212463,0.3039730140249329,0.16388262,3896.96371991,2333.34616717,302.80014605,376.19031416,113.87015125,1.321218002378753,1.3084163130360895,/home/chaoyu/phd_simulation/sensitivity_analysis/data/04538_verts.csv,/home/chaoyu/phd_simulation/sensitivity_analysis/data/04538_stress.csv,1.2172775432126077,0.05490310446062728,1.1733569083940418,0.055324568832698956,2230.8406044444446,2567.1241333333332,0.01837195761528853
4539,material_r_cable,3,True,1.1868192879152633,1.3850190288551834,34.729395404104125,566.906631528054,1461.1091696778628,3.232374959869156,0.3093700490862852,4722.852693701938,0.1443702230522666,0.08644078,2615.40464529,2197.32695618,25.43661696,102.99795876,111.37471715,1.297660944733288,1.2626275554523565,/home/chaoyu/phd_simulation/sensitivity_analysis/data/04539_verts.csv,/home/chaoyu/phd_simulation/sensitivity_analysis/data/04539_stress.csv,1.1877927213009352,0.05462761496386688,0.837417368250485,0.054813187834528584,2172.4084155555556,2221.3998375,0.17300691659503714
4540,material_r_cable,3,True,1.0849469141827774,1.1907232919831596,11.016907154465391,891.5257588617263,1446.6034728652292,1.5398330500591957,0.6494210524716021,2227.527837848291,0.4734882660030871,0.17434728,1315.45362301,917.5637998,58.97856126,858.37819274,41.84712837,1.3589240841290051,1.2298866121251,/home/chaoyu/phd_simulation/sensitivity_analysis/data/04540_verts.csv,/home/chaoyu/phd_simulation/sensitivity_analysis/data/04540_stress.csv,1.8375490355396469,0.06481279595002329,4.0833204140951915,0.057154075708862925,851.0839418604653,881.5842979591836,-0.37929756730137826
4541,material_r_cable,3,True,0.9353053802572068,1.2921379874993053,57.1868478077014,505.3554524319626,10364.22815189574,2.24256676345836,0.4459176049045945,23242.473582340845,0.3736886291910291,0.01838421,11510.36175719,8039.05833771,0.0,812.48688397,477.55813962,1.315930837831524,1.2261444523260887,/home/chaoyu/phd_simulation/sensitivity_analysis/data/04541_verts.csv,/home/chaoyu/phd_simulation/sensitivity_analysis/data/04541_stress.csv,,0.054188705420941355,,0.05417188238040788,8111.372795555554,7934.4939319148925,
4542,material_r_cable,3,True,1.190401697498667,0.9421258592861764,74.04896394538001,1694.713133801465,17852.542621853943,2.251258765533644,0.4441959384277878,40190.69306451167,0.3064576060396081,0.13317919,4924.81016473,4247.28944459,168.66517436,0.0,223.53482529,1.3153752478030072,1.3382997060559998,/home/chaoyu/phd_simulation/sensitivity_analysis/data/04542_verts.csv,/home/chaoyu/phd_simulation/sensitivity_analysis/data/04542_stress.csv,1.3493212190798411,0.05339296284627115,1.1857091828504647,0.05589862929016948,3973.3636688888887,4445.080528260871,0.06454046314584379
4543,material_r_cable,3,True,1.2745155144140208,0.931427698064348,27.765198254385677,372.9971343075873,4834.415267666441,1.2834895924048524,0.7791259126038702,6204.921681412995,0.2228322892268055,0.07352111,3187.87239603,1588.23212272,0.0,675.47965318,86.58093521,1.3805291301579776,1.2080910073188518,/home/chaoyu/phd_simulation/sensitivity_analysis/data/04543_verts.csv,/home/chaoyu/phd_simulation/sensitivity_analysis/data/04543_stress.csv,1.2540050392473856,0.05931364941585268,2.4991345924692934,0.06622978429716435,1512.9719044444441,1546.1918458333337,-0.33175678908924255
4544,material_r_cable,3,True,0.8851661782753525,0.9622266353221006,26.59737044354726,715.7027394815226,1907.7390724647205,3.2251067686793427,0.3100672541174482,6152.66219548002,0.2544590837984875,0.2636101,1578.59511818,677.58293692,241.63662928,251.65809427,24.60268317,1.3811405048254446,1.3394644090663057,/home/chaoyu/phd_simulation/sensitivity_analysis/data/04544_verts.csv,/home/chaoyu/phd_simulation/sensitivity_analysis/data/04544_stress.csv,3.5272404915205136,0.05814634825281791,3.5108005147630017,0.05485556732022012,619.221831707317,767.3064586956522,0.002335873965899652
4546,material_r_cable,3,True,1.199962116046323,0.9995109803161925,0.7586581557533391,1544.419163350795,7837.916517037024,2.2610400165358784,0.4422743483912735,17721.842891288226,0.3862464035844936,0.16183516,2847.02894285,2545.46098324,0.0,0.0,142.48704646,1.386318020580981,1.3604897358805177,/home/chaoyu/phd_simulation/sensitivity_analysis/data/04546_verts.csv,/home/chaoyu/phd_simulation/sensitivity_analysis/data/04546_stress.csv,1.527287157587258,0.05293915034024809,1.350492166001114,0.05565275541151069,2649.675522222222,2626.0667760869565,0.06143452006100804
4547,material_r_cable,3,True,0.8758450449739861,1.0751126497895158,46.54824684180529,739.7408444352765,1057.9475530185916,3.7373674598950535,0.2675680169881075,3953.938758927281,0.1043966019292693,0.2622017,1524.60134602,918.7405399,129.5088662,190.11470329,43.62332234,1.3897599058068393,1.360708136814756,/home/chaoyu/phd_simulation/sensitivity_analysis/data/04547_verts.csv,/home/chaoyu/phd_simulation/sensitivity_analysis/data/04547_stress.csv,1.8811126719267197,0.05705985252488024,2.373528342563242,0.05513483938410299,934.7050564102564,960.831102173913,-0.11573612649328353
4548,material_r_cable,3,True,0.8430180967491419,1.3092506996575624,24.629900788293305,709.6659370858906,6586.516396670991,3.7207458585779993,0.2687633173586818,24506.753605369675,0.4243325105448239,0.02013174,15005.04707253,9272.025815,1581.82235131,0.0,603.92976882,1.2057447999801798,1.3706006543564382,/home/chaoyu/phd_simulation/sensitivity_analysis/data/04548_verts.csv,/home/chaoyu/phd_simulation/sensitivity_analysis/data/04548_stress.csv,0.8360721748603986,0.05829812318796267,0.6492958502860177,0.05764792949666239,8183.013843478262,9149.915074468086,0.12574413977705626
4549,material_r_cable,3,True,1.2047749869643585,0.9262837433938546,45.92191529150137,1086.950716623697,16900.85046161928,2.5364331541133813,0.3942544270793343,42867.87744356359,0.378953274799591,0.087586,8730.93078587,4224.95516574,97.3446399,912.58286258,211.20126976,1.298700687030249,1.2350723232513554,/home/chaoyu/phd_simulation/sensitivity_analysis/data/04549_verts.csv,/home/chaoyu/phd_simulation/sensitivity_analysis/data/04549_stress.csv,1.2368297583359815,0.05582506657922846,2.0895749189895296,0.05810041113977275,4018.642584444444,4516.996202127659,-0.25635640980975605
4550,material_r_cable,3,True,1.1242007979459896,1.2045871529769534,58.26514680917254,1989.031955927632,17838.49096183601,4.8338109389437385,0.206876109270942,86227.89274557192,0.4429624153310895,0.02921566,24371.62127608,24301.11301416,0.0,0.0,1224.0674967,1.3461469795429652,1.3813763286000438,/home/chaoyu/phd_simulation/sensitivity_analysis/data/04550_verts.csv,/home/chaoyu/phd_simulation/sensitivity_analysis/data/04550_stress.csv,0.9051500849260222,0.05283630107749281,0.6867414191089162,0.0553051783412755,24339.923173333336,24307.934087500005,0.13720072333039632
4551,material_r_cable,3,True,1.3934256312108064,1.1116823631126311,19.634412881664677,1407.467942575479,15104.784986555029,1.777905000504424,0.562459748814634,26854.87275914033,0.2894937030473168,0.04703166,7879.7374413,7820.3028774,0.0,0.0,504.93972213,1.3221544659485387,1.345568485691515,/home/chaoyu/phd_simulation/sensitivity_analysis/data/04551_verts.csv,/home/chaoyu/phd_simulation/sensitivity_analysis/data/04551_stress.csv,0.9970906030946503,0.05283031272528675,0.7816205032161849,0.05528791879863707,7845.789675555554,7833.681972916667,0.12113833388344024
4552,material_r_cable,3,True,0.8291986490437806,1.165517222799242,34.92251198268005,861.6283481770773,11785.871869819162,4.983378150147629,0.2006670916535554,58733.45635649639,0.1828903909846919,0.03108343,14818.4189854,10788.86465944,580.34556851,0.0,568.84349699,1.2492575603230085,1.3362123287387082,/home/chaoyu/phd_simulation/sensitivity_analysis/data/04552_verts.csv,/home/chaoyu/phd_simulation/sensitivity_analysis/data/04552_stress.csv,0.9102932382755968,0.05388907221630194,1.0244585630310894,0.0677516470204445,10220.090099999998,10700.426955319148,-0.05900773664011475
4553,material_r_cable,3,True,1.076424571860458,1.019102264703739,11.307080669054672,1197.2572891064374,19065.73748653695,2.932372853254746,0.3410207535136823,55907.851032802326,0.2489390535971417,0.08541886,8463.18272454,2926.66773026,1443.14257263,0.0,149.81877874,1.231630989904768,1.3518839910895166,/home/chaoyu/phd_simulation/sensitivity_analysis/data/04553_verts.csv,/home/chaoyu/phd_simulation/sensitivity_analysis/data/04553_stress.csv,1.8101341664456565,0.05634276791334007,1.1030736595186752,0.06223117588286372,3985.810268888889,3376.3107085106385,0.24270857047177188
4554,material_r_cable,3,True,1.0179167522461814,1.2936222395842327,5.445357031652047,236.04120075316203,6885.541091889612,4.858552162068884,0.2058226332953842,33453.76055901442,0.4189401681894552,0.00631674,12876.82254648,12659.40505781,0.0,87.39966454,702.80392226,1.2916232967951182,1.278345958279114,/home/chaoyu/phd_simulation/sensitivity_analysis/data/04554_verts.csv,/home/chaoyu/phd_simulation/sensitivity_analysis/data/04554_stress.csv,,0.05333707396306994,,0.05497023416789291,12657.200453333331,12624.983310416666,
4555,material_r_cable,3,True,0.9229160059717668,1.2401831917326211,72.29591910404115,282.19388890908124,18754.47163756232,4.648874244440319,0.2151058401280524,87187.1801639499,0.1017928638661002,0.00425373,34288.15625176,23629.65104853,0.0,2356.43159186,1241.80484326,1.3317743812256246,1.2152614868104232,/home/chaoyu/phd_simulation/sensitivity_analysis/data/04555_verts.csv,/home/chaoyu/phd_simulation/sensitivity_analysis/data/04555_stress.csv,,0.05360654860629043,,0.05387907019346751,23966.379731111105,22790.270172340424,
4556,material_r_cable,3,True,1.0671977258724523,0.9485383387833156,59.03266292743286,424.2892068686736,5247.637746853392,4.411060096202212,0.2267028737289182,23147.64546446949,0.2825139336497174,0.12636644,3883.96594593,750.76048779,197.93627274,486.21741098,27.44328401,1.2816128796900168,1.240809113215086,/home/chaoyu/phd_simulation/sensitivity_analysis/data/04556_verts.csv,/home/chaoyu/phd_simulation/sensitivity_analysis/data/04556_stress.csv,2.706922556676592,0.05855765133109351,3.8481208909425133,0.06384953650590643,793.6322622222222,1368.9390043478263,-0.17409470179490913
4557,material_r_cable,3,True,1.0983578716832638,1.0169687285745934,8.049023851249254,1069.9431329667557,10939.545462801958,1.342913350081573,0.7446496826762923,14690.86164582105,0.2669385751205726,0.11078323,4569.25156432,1704.46821686,30.93646879,1506.008132,87.02305487,1.324737322501165,1.2121481399205143,/home/chaoyu/phd_simulation/sensitivity_analysis/data/04557_verts.csv,/home/chaoyu/phd_simulation/sensitivity_analysis/data/04557_stress.csv,1.5678828096092152,0.06142372600995499,2.921465381626548,0.05778748102655593,1629.1081177777778,2173.2086104166665,-0.3015098215504506
4558,material_r_cable,3,True,1.132755795955673,1.221869045714088,49.42486984529321,1316.1210447639914,3863.4020044289687,3.77356632254355,0.2650013050058057,14578.803694360402,0.4856980447296819,0.08779798,5171.50207364,5053.43538398,0.0,0.0,259.02085771,1.3692406892199904,1.3678477470055144,/home/chaoyu/phd_simulation/sensitivity_analysis/data/04558_verts.csv,/home/chaoyu/phd_simulation/sensitivity_analysis/data/04558_stress.csv,1.2014429595048883,0.052968864874577415,0.9933121173732402,0.055542294850069354,5099.380084444444,5084.334175,0.09483101067828413
4559,material_r_cable,3,True,0.9924606520337372,1.0691905532329986,1.132456458597157,812.2654628072904,3313.097782211446,3.904647734701327,0.2561050491476644,12936.479750155911,0.3935675948585468,0.15972578,2182.18806875,1728.57219251,0.0,90.54436398,77.17193836,1.388260732782672,1.3102442796520648,/home/chaoyu/phd_simulation/sensitivity_analysis/data/04559_verts.csv,/home/chaoyu/phd_simulation/sensitivity_analysis/data/04559_stress.csv,1.690652672487028,0.055390515103477866,0.9065414776424054,0.05437850996095827,1672.438413333333,1825.1000723404252,0.3019070387192832
4560,material_r_cable,3,True,0.9445596056042106,1.398029213048685,64.27069945526101,1782.6271782823687,2308.905781229393,4.16565110984739,0.2400585103337267,9618.095930111278,0.1129789490804131,0.12852264,5172.82954289,4976.86673267,0.0,18.71586749,291.58307619,1.3615651716278292,1.3268849535530265,/home/chaoyu/phd_simulation/sensitivity_analysis/data/04560_verts.csv,/home/chaoyu/phd_simulation/sensitivity_analysis/data/04560_stress.csv,1.3641958635913034,0.053986211904962986,1.2213841141143944,0.056518885149848826,5074.763836363637,4938.095815217391,0.05523393231240611
4561,material_r_cable,3,True,0.8817217535136411,1.1486198631015705,88.61239879532314,780.9217469276256,14470.837342124098,2.877924876104806,0.3474725863426542,41645.9827649653,0.2591826637606924,0.0465796,9771.37475406,6889.74859601,0.0,487.72802409,340.62907296,1.3607623522797505,1.2576162796333628,/home/chaoyu/phd_simulation/sensitivity_analysis/data/04561_verts.csv,/home/chaoyu/phd_simulation/sensitivity_analysis/data/04561_stress.csv,1.0113655932680783,0.05375978343702643,1.3604764746023184,0.06594843394287686,6942.7723444444455,6555.334095833333,-0.14718976700151706
4562,material_r_cable,3,True,0.9782970438306406,1.1270803846471145,83.42345519050997,340.1458799625117,8243.03338531256,4.886196241204722,0.2046581738914038,40277.07874343926,0.3857033703877388,0.02269569,5890.48313837,5860.28949317,5.62362275,0.0,287.72878715,1.2902670688708626,1.2963117319979571,/home/chaoyu/phd_simulation/sensitivity_analysis/data/04562_verts.csv,/home/chaoyu/phd_simulation/sensitivity_analysis/data/04562_stress.csv,0.8677579480936105,0.052849413383794,0.6522613771062131,0.05538766298695409,5867.34098,5856.724558333332,0.14177225737512775
4564,material_r_cable,3,True,1.108927981949184,1.3468891982125708,20.73475231753676,511.0064766402676,5510.225789899114,4.154382646381617,0.2407096517387438,22891.586399201315,0.3523633390626272,0.01667815,10908.75938328,10150.11475628,0.0,233.7449622,549.57478718,1.3816101774136065,1.2573238290019306,/home/chaoyu/phd_simulation/sensitivity_analysis/data/04564_verts.csv,/home/chaoyu/phd_simulation/sensitivity_analysis/data/04564_stress.csv,,0.05395687944425396,,0.054754156773784084,10153.50268888889,10162.631758333335,
4565,material_r_cable,3,True,1.0469976787563875,1.0778478690080158,42.28909676970038,1019.1876543060956,9637.017766886438,4.927744982373367,0.2029325794206108,47488.76594581764,0.2168829975690283,0.06912984,10234.65582064,4474.73460744,1030.14147679,0.0,202.32860607,1.2254100367204637,1.386454406622851,/home/chaoyu/phd_simulation/sensitivity_analysis/data/04565_verts.csv,/home/chaoyu/phd_simulation/sensitivity_analysis/data/04565_stress.csv,1.3058186595790167,0.057108979892799804,0.9975870009497462,0.06066798907139724,4412.375075,4498.9526638297875,0.13381562089176846
4566,material_r_cable,3,True,1.2230166176516928,1.1802321323012095,31.20319402955907,1619.1687776900658,16287.338753145412,4.317879662532231,0.2315951527499373,70326.76875897964,0.2855828679620138,0.03618969,15744.8129513,15666.78582619,0.0,0.0,770.33958102,1.3336966437678963,1.3243277294528744,/home/chaoyu/phd_simulation/sensitivity_analysis/data/04566_verts.csv,/home/chaoyu/phd_simulation/sensitivity_analysis/data/04566_stress.csv,0.9421423134560446,0.05285448071367512,0.7230338274304703,0.055299502326568654,15673.39546,15708.882072916667,0.13158276812020872
4567,material_r_cable,3,True,1.329829487264061,1.2007918528480794,77.97717961608684,263.8348965079909,19990.587863714867,1.8980116607137607,0.5268671529783663,37942.3688698538,0.4043618238017851,0.00515716,14397.47546519,13883.3232984,167.17904125,0.0,834.21043702,1.2795821962923275,1.304061374428276,/home/chaoyu/phd_simulation/sensitivity_analysis/data/04567_verts.csv,/home/chaoyu/phd_simulation/sensitivity_analysis/data/04567_stress.csv,,0.05300207193924054,,0.05551197268658284,13684.497571111113,13888.398239583335,
4568,material_r_cable,3,True,1.0155621493215574,1.357257443841522,24.6663633996628,1837.5321604342407,9386.002195507786,1.0170868709866867,0.9832001852800336,9546.379604103186,0.3247903574979479,0.11965487,4656.54352788,4393.08136906,0.0,61.17494395,265.71136692,1.3942798041269442,1.3127914244301466,/home/chaoyu/phd_simulation/sensitivity_analysis/data/04568_verts.csv,/home/chaoyu/phd_simulation/sensitivity_analysis/data/04568_stress.csv,1.3784569945787244,0.053550020588370544,1.077983403418087,0.05517299394736636,4390.051595555556,4476.423736170212,0.12232073345059333
4569,material_r_cable,3,True,0.8720549177174838,0.906463618505824,6.368859347747897,1270.3938593219173,1496.4660012365748,4.949807201200524,0.2020280708625298,7407.218189272549,0.2073296900231909,0.29100701,2457.79907087,868.73498837,999.38742128,436.9771204,32.71205166,1.3215795031482154,1.3311082017862912,/home/chaoyu/phd_simulation/sensitivity_analysis/data/04569_verts.csv,/home/chaoyu/phd_simulation/sensitivity_analysis/data/04569_stress.csv,,0.10073057640791593,,0.059962907969155155,905.5244227272725,788.3686061224489,
4571,material_r_cable,3,True,1.1523284929903232,0.9862241703068764,36.81250746812694,1643.1748365587564,7177.906365483304,2.918274887596808,0.3426681990275075,20947.103891911203,0.2087251662707029,0.17058286,4550.09848292,1931.19000952,1102.93916653,5.17250588,88.82902691,1.2559475417867851,1.3807524496238672,/home/chaoyu/phd_simulation/sensitivity_analysis/data/04571_verts.csv,/home/chaoyu/phd_simulation/sensitivity_analysis/data/04571_stress.csv,3.0237869781989324,0.057949534111904503,1.660177044450515,0.06279361894352503,2467.5343,2139.7380173913043,0.29112305883534567
4572,material_r_cable,3,True,1.3834318709220588,1.1956342711787746,48.09906972292758,1737.454974654438,7328.115736008645,3.8586163687217696,0.2591602544648061,28276.38733085054,0.4304752275654288,0.05613357,10209.85775546,9716.64220684,0.0,88.68816357,503.38199338,1.3744375134044753,1.2896830142978717,/home/chaoyu/phd_simulation/sensitivity_analysis/data/04572_verts.csv,/home/chaoyu/phd_simulation/sensitivity_analysis/data/04572_stress.csv,1.0463668847637349,0.05301495832426326,0.8178109747942449,0.05502433391716992,9757.409295555555,9686.324602083332,0.12260413286084379
4573,material_r_cable,3,True,1.3816817073375938,1.1765606404513027,34.44720606369618,1858.1952725673668,12550.257907213158,4.035564168750494,0.2477968279487483,50647.37111892699,0.4660875846794079,0.03356363,19404.8095781,16866.08343378,0.0,512.80085468,882.21137663,1.309457295162312,1.262362180046963,/home/chaoyu/phd_simulation/sensitivity_analysis/data/04573_verts.csv,/home/chaoyu/phd_simulation/sensitivity_analysis/data/04573_stress.csv,0.9315228608892165,0.05341057336622699,0.6867217250932004,0.05454526792659554,16899.71837111111,16649.455845833334,0.15127573292476074
4575,material_r_cable,3,True,1.1383995902412305,1.2333532134697964,38.89613287734428,1674.2775852214725,4992.118923412309,1.2952491262739565,0.7720522482626183,6466.037673805477,0.3337876694580327,0.15831404,3723.87929807,2491.20463636,7.4708716,621.28154847,127.62695939,1.3572827755933703,1.2610046148434426,/home/chaoyu/phd_simulation/sensitivity_analysis/data/04575_verts.csv,/home/chaoyu/phd_simulation/sensitivity_analysis/data/04575_stress.csv,1.6596827284705225,0.05632567540193925,1.492182100503897,0.05437782049032404,2538.134222222222,2543.497697826087,0.05314334118228291
4576,material_r_cable,3,True,0.8552607585406999,1.345031026360104,87.25721234336262,460.7943233632054,2479.5560294438965,4.771696210321782,0.2095690831777751,11831.688108977964,0.2608115074168621,0.03106786,4852.1585704,4838.92596499,0.0,0.0,305.85241828,1.3962844311239038,1.337359816175873,/home/chaoyu/phd_simulation/sensitivity_analysis/data/04576_verts.csv,/home/chaoyu/phd_simulation/sensitivity_analysis/data/04576_stress.csv,0.9143380788641865,0.05283727187025914,0.6983525632221873,0.05527225361696507,4848.9570488888885,4835.1785666666665,0.13392867175230452
4577,material_r_cable,3,True,1.217958596594428,1.1167617522704796,69.53332068159796,1288.630951970371,18987.611464196634,3.376886559826405,0.2961307649171984,64119.00995665138,0.2273379175392775,0.03648959,14370.8625122,9288.66037803,312.53157128,1050.48077204,504.64336402,1.2719350598741308,1.241700600011682,/home/chaoyu/phd_simulation/sensitivity_analysis/data/04577_verts.csv,/home/chaoyu/phd_simulation/sensitivity_analysis/data/04577_stress.csv,0.909663581637704,0.05453486596069504,0.672191267599784,0.05441637349350907,9102.71098,9096.458676595745,0.15012269561419644
4579,material_r_cable,3,True,1.1544032142127971,1.2033718880599515,68.23866677230022,481.3448998358921,6139.766576191721,2.272176601226099,0.4401066358400072,13950.633951412909,0.4074252532416994,0.0331157,5348.67835371,3957.54342455,105.92501414,326.984528,220.69589735,1.2713121060807078,1.2463446781129703,/home/chaoyu/phd_simulation/sensitivity_analysis/data/04579_verts.csv,/home/chaoyu/phd_simulation/sensitivity_analysis/data/04579_stress.csv,0.8973443064353551,0.05428653530699929,0.6691218469328113,0.054447666693074666,3870.869415555555,3819.3638340425537,0.1456925571049378
4580,material_r_cable,3,True,1.0479492508959671,0.9645104091290732,71.6694461085415,1873.318805170698,10901.498818717244,2.713390683823641,0.3685425788338101,29580.0253344218,0.4271886787753073,0.19939443,3741.54017569,2175.92206578,357.92678674,195.39510404,94.10501405,1.3366090715598489,1.364665620760873,/home/chaoyu/phd_simulation/sensitivity_analysis/data/04580_verts.csv,/home/chaoyu/phd_simulation/sensitivity_analysis/data/04580_stress.csv,1.2951680080682169,0.05451495375255036,1.2881178691570851,0.0567675451097493,2094.8106045454547,2231.0777695652177,0.0027291361646370462
4581,material_r_cable,3,True,1.31879567615175,0.910743784083904,13.825779678388631,1092.9679596124856,10618.735828977648,4.21978309417152,0.236979005243475,44808.76193259328,0.4201768166680716,0.08010001,7219.28501434,4123.99355449,536.65016517,0.0,235.92001747,1.254111814645684,1.3710081850863316,/home/chaoyu/phd_simulation/sensitivity_analysis/data/04581_verts.csv,/home/chaoyu/phd_simulation/sensitivity_analysis/data/04581_stress.csv,1.4557374474259666,0.054126366033790806,1.1461640632045555,0.06247572157136247,4969.297733333334,4182.698789583333,0.118979670428183
4582,material_r_cable,3,True,1.3608573261183845,1.2654753144713844,16.231358494327218,526.2101321921898,1135.596628521763,1.864817974662685,0.5362453674229967,2117.6810048337275,0.1844567963007309,0.13524081,1253.99098993,837.69532652,201.05840685,107.91313599,43.28021352,1.2574860732127513,1.274899048532502,/home/chaoyu/phd_simulation/sensitivity_analysis/data/04582_verts.csv,/home/chaoyu/phd_simulation/sensitivity_analysis/data/04582_stress.csv,1.417931172125249,0.0583042886209566,1.0750838415013038,0.056483595960320446,750.8158644444445,873.1670586956519,0.13752317124043717
4583,material_r_cable,3,True,1.1560781628146024,1.342023027610511,62.10414831938689,1223.9432674227212,4937.816639211516,4.39720647705939,0.2274171124820013,21712.59930847251,0.1369683023725511,0.04623808,11977.70581384,8647.46552578,359.02531536,664.46252183,429.95084823,1.2483488777643743,1.23636363820729,/home/chaoyu/phd_simulation/sensitivity_analysis/data/04583_verts.csv,/home/chaoyu/phd_simulation/sensitivity_analysis/data/04583_stress.csv,0.869640786269525,0.05435171506169346,0.7418331139437059,0.05528933349165553,8708.89748125,8430.55404468085,0.07931104084832374
4585,material_r_cable,3,True,1.0756552797528385,0.9284875452508444,44.93371132365296,1698.729234777784,6692.510237486517,1.8785633023982429,0.5323216943093497,12572.30413306672,0.4003658210470079,0.18681665,3561.11836685,1433.82716943,991.05529056,967.39635052,53.78155884,1.263473737168813,1.2638528753627418,/home/chaoyu/phd_simulation/sensitivity_analysis/data/04585_verts.csv,/home/chaoyu/phd_simulation/sensitivity_analysis/data/04585_stress.csv,4.438681648349598,0.05948941072800058,3.753717254006768,0.05735469596601164,1615.1394844444442,1798.0977065217392,0.08360974636450072
4586,material_r_cable,3,True,1.1790713717652892,1.230181195312051,21.9613206279074,1820.9730147462976,2720.045301916376,3.703145981285111,0.2700406640877192,10072.724828705072,0.350667731725986,0.15645697,4527.00486718,3657.20710981,69.36297688,284.09240112,167.83664743,1.3377059473838933,1.2841570848297186,/home/chaoyu/phd_simulation/sensitivity_analysis/data/04586_verts.csv,/home/chaoyu/phd_simulation/sensitivity_analysis/data/04586_stress.csv,1.5070178451294651,0.05557126659199633,0.9690101876951934,0.054621856778318274,3541.172073333333,3784.268710869565,0.2172865776565992
4587,material_r_cable,3,True,0.8959760320817453,1.3914348216221453,17.281011759844226,678.2706807915238,5366.171782265537,2.3460090297111944,0.4262558188546721,12589.087456176365,0.1727936160760778,0.03720724,6188.2073515,5909.17178028,0.0,74.14915149,363.87622808,1.3586471189059812,1.273051822324459,/home/chaoyu/phd_simulation/sensitivity_analysis/data/04587_verts.csv,/home/chaoyu/phd_simulation/sensitivity_analysis/data/04587_stress.csv,0.9569343492742833,0.054420086452938214,0.6656978433434075,0.055044705521094354,5904.908891111112,5971.834629166667,0.17948399351121105
4588,material_r_cable,3,True,1.1870886080829202,1.328209888337567,8.418549836960915,1419.251931401925,10044.758758139724,4.198399527699562,0.2381860024045715,42171.91042602985,0.4408039822867774,0.02276085,21257.19682561,19888.50743879,196.93237763,662.5573453,1050.19209588,1.2806295865971438,1.2444870763566953,/home/chaoyu/phd_simulation/sensitivity_analysis/data/04588_verts.csv,/home/chaoyu/phd_simulation/sensitivity_analysis/data/04588_stress.csv,0.8704530804154833,0.0543193106755381,0.6107496625353065,0.05462644340539945,19527.253002222224,19737.36822291667,0.17533279567306673
4589,material_r_cable,3,True,1.232267638492085,0.9097968099392314,80.62804330554741,1607.6708635968205,17338.02209446029,1.0368402811760038,0.9644687018388032,17976.759703455977,0.484685882169889,0.08144321,7465.15344496,4964.62870643,321.64866022,795.4624009,291.39902788,1.275032310131314,1.2286775820027025,/home/chaoyu/phd_simulation/sensitivity_analysis/data/04589_verts.csv,/home/chaoyu/phd_simulation/sensitivity_analysis/data/04589_stress.csv,1.1694042565396352,0.05767890524998217,1.1123528682296357,0.05420455540839585,4505.3378977777775,5248.713874468085,0.025003269493797865
4590,material_r_cable,3,True,1.3412320262517687,0.8130302439549669,0.5807710716576788,713.624208831222,2067.4967743903258,2.7336097069291365,0.3658166699749443,5651.729251518073,0.4999925375281447,0.17440412,1529.81882856,1011.87800226,0.0,290.29638543,67.38066897,1.372973700875109,1.2796074184161206,/home/chaoyu/phd_simulation/sensitivity_analysis/data/04590_verts.csv,/home/chaoyu/phd_simulation/sensitivity_analysis/data/04590_stress.csv,1.6357384918871039,0.054820869844503455,2.488839978594751,0.05626173830018048,1045.9958093023258,949.647071111111,-0.2068336177413018
4591,material_r_cable,3,True,1.1283329104251525,1.2659308095994453,23.088694361067574,238.53304015513973,15458.055284209264,2.3890721279618785,0.418572544669508,36930.40903199818,0.3342516640125255,0.00640985,12050.74720942,12049.25922597,0.0,0.0,660.97210381,1.3513485070250235,1.3875013503499158,/home/chaoyu/phd_simulation/sensitivity_analysis/data/04591_verts.csv,/home/chaoyu/phd_simulation/sensitivity_analysis/data/04591_stress.csv,,0.05283222740136212,,0.05527425167178875,12049.195791111113,12050.242204166667,
4592,material_r_cable,3,True,1.2469772047486756,1.277487073024798,41.36982093016528,798.5814626473566,10423.98902954089,4.939978459038903,0.2024300324974605,51494.28126318984,0.2326162512336087,0.01763507,17789.90479928,16926.55131625,124.50367994,0.0,808.50235373,1.2823950816632186,1.358090712415303,/home/chaoyu/phd_simulation/sensitivity_analysis/data/04592_verts.csv,/home/chaoyu/phd_simulation/sensitivity_analysis/data/04592_stress.csv,,0.052970985825234226,,0.05547762451324229,16744.521575555555,16910.163079166665,
4593,material_r_cable,3,True,0.8641474503717561,1.2881695414511196,46.10025398495216,277.63250609629074,6255.99042047474,4.368584086202465,0.228907119622203,27329.82019432101,0.1800891635762026,0.01016944,11403.71330518,9038.0691355,482.98216539,0.0,528.24311054,1.2380786466831293,1.3889824516615734,/home/chaoyu/phd_simulation/sensitivity_analysis/data/04593_verts.csv,/home/chaoyu/phd_simulation/sensitivity_analysis/data/04593_stress.csv,,0.05404196477664686,,0.0570685203038397,8785.405119148938,9004.952335416667,
4594,material_r_cable,3,True,0.8405778824714674,1.1989195495949532,70.01695926307066,1867.572794273384,3780.329775193784,1.1847137049980108,0.8440857869553211,4478.608494084125,0.4945368766468822,0.19274287,3041.93777074,1633.80672562,475.15199274,1324.41944066,91.47067604,1.278657610532966,1.2588153890450993,/home/chaoyu/phd_simulation/sensitivity_analysis/data/04594_verts.csv,/home/chaoyu/phd_simulation/sensitivity_analysis/data/04594_stress.csv,3.115385691195581,0.05795810349543603,4.013059924908577,0.058902961857941014,1665.8055854166669,1614.2758416666666,-0.1259284677272454
4595,material_r_cable,3,True,1.3700763054155498,1.043415214120884,50.89129309143264,1572.1016146160157,10860.006876426543,4.501144472962759,0.2221657194090854,48882.45992816489,0.4503971154515211,0.04686883,13285.76632446,8014.1513333,1234.29637194,28.01897844,476.69248728,1.2264309815430827,1.2956356073240842,/home/chaoyu/phd_simulation/sensitivity_analysis/data/04595_verts.csv,/home/chaoyu/phd_simulation/sensitivity_analysis/data/04595_stress.csv,0.8812079791950148,0.05506969369417292,0.7943009736697166,0.0578082463425108,7097.712891304348,8033.355910416666,0.051869018889279805
4596,material_r_cable,3,True,1.1927036230072754,1.3129428489448849,4.481457210834906,1084.6857237629238,5836.9497121056165,1.1615673241990372,0.860905759973537,6780.010058574861,0.2364600337859093,0.09488521,3446.80362851,2777.61502457,248.67295955,199.43910305,160.18701112,1.2676146127544012,1.268872797508822,/home/chaoyu/phd_simulation/sensitivity_analysis/data/04596_verts.csv,/home/chaoyu/phd_simulation/sensitivity_analysis/data/04596_stress.csv,1.0716563405167914,0.05486187405099494,0.8546397798710225,0.0550056586732298,2531.0318266666663,2817.058127083333,0.11266002062137664
4597,material_r_cable,3,True,0.8970839810765842,1.2165067599940815,20.545516921284072,1329.981894799138,10571.58331767693,3.1880505440508773,0.3136713129803005,33702.74194739912,0.3547440334759126,0.04720456,14518.27952803,8445.75922834,1522.49794813,0.0,471.11389663,1.2145758241300706,1.3304789741773164,/home/chaoyu/phd_simulation/sensitivity_analysis/data/04597_verts.csv,/home/chaoyu/phd_simulation/sensitivity_analysis/data/04597_stress.csv,1.0168554829735243,0.057857704954235235,0.8129708050802504,0.057922352137356796,7173.015353333334,8334.045902127658,0.11142296906780594
4598,material_r_cable,3,True,1.3209533744801738,1.0679049099146602,42.67896843889934,1267.0905325228634,6799.664327467928,3.0832214676697194,0.3243360914828457,20964.8710273971,0.2554478203637188,0.10379417,3399.70957938,3231.92258239,0.0,0.0,194.22977982,1.3724022071002209,1.3699464340588383,/home/chaoyu/phd_simulation/sensitivity_analysis/data/04598_verts.csv,/home/chaoyu/phd_simulation/sensitivity_analysis/data/04598_stress.csv,1.2810563294916408,0.05287512971457964,1.0700625422118584,0.05534535530426683,3282.3145911111123,3286.5537872340424,0.08974186282929508
4599,material_r_cable,3,True,1.202738280820005,1.047475711881236,81.54294270268387,906.3412127996504,10084.301202691844,3.581131493706257,0.279241352002146,36113.20862897964,0.3457797069868076,0.05190438,6679.58067868,3699.8300161,1333.40060957,0.0,214.4101442,1.2081731503484388,1.3946053003026575,/home/chaoyu/phd_simulation/sensitivity_analysis/data/04599_verts.csv,/home/chaoyu/phd_simulation/sensitivity_analysis/data/04599_stress.csv,1.2144589491052733,0.05740880790466806,0.8865315069043664,0.06105578107274705,3784.074563265306,3804.167579166666,0.1560823093045989
